2026-07-30 16:43:18,074 - pyskl - INFO - Environment info:
------------------------------------------------------------
sys.platform: win32
Python: 3.10.20 | packaged by Anaconda, Inc. | (main, Jun 11 2026, 15:13:20) [MSC v.1942 64 bit (AMD64)]
CUDA available: True
GPU 0: NVIDIA GeForce GTX 1080 Ti
CUDA_HOME: C:\Program Files\NVIDIA GPU Computing Toolkit\CUDA\v12.1
NVCC: Cuda compilation tools, release 12.1, V12.1.66
MSVC: Microsoft (R) C/C++ Optimizing Compiler Version 19.51.36252 for x64
GCC: n/a
PyTorch: 1.12.1
PyTorch compiling details: PyTorch built with:
  - C++ Version: 199711
  - MSVC 192829337
  - Intel(R) Math Kernel Library Version 2020.0.2 Product Build 20200624 for Intel(R) 64 architecture applications
  - Intel(R) MKL-DNN v2.6.0 (Git Hash 52b5f107dd9cf10910aaa19cb47f3abf9b349815)
  - OpenMP 2019
  - LAPACK is enabled (usually provided by MKL)
  - CPU capability usage: AVX2
  - CUDA Runtime 11.3
  - NVCC architecture flags: -gencode;arch=compute_37,code=sm_37;-gencode;arch=compute_50,code=sm_50;-gencode;arch=compute_60,code=sm_60;-gencode;arch=compute_61,code=sm_61;-gencode;arch=compute_70,code=sm_70;-gencode;arch=compute_75,code=sm_75;-gencode;arch=compute_80,code=sm_80;-gencode;arch=compute_86,code=sm_86;-gencode;arch=compute_37,code=compute_37
  - CuDNN 8.3.2  (built against CUDA 11.5)
  - Magma 2.5.4
  - Build settings: BLAS_INFO=mkl, BUILD_TYPE=Release, CUDA_VERSION=11.3, CUDNN_VERSION=8.3.2, CXX_COMPILER=C:/cb/pytorch_1000000000000/work/tmp_bin/sccache-cl.exe, CXX_FLAGS=/DWIN32 /D_WINDOWS /GR /EHsc /w /bigobj -DUSE_PTHREADPOOL -openmp:experimental -IC:/cb/pytorch_1000000000000/work/mkl/include -DNDEBUG -DUSE_KINETO -DLIBKINETO_NOCUPTI -DUSE_FBGEMM -DUSE_XNNPACK -DSYMBOLICATE_MOBILE_DEBUG_HANDLE -DEDGE_PROFILER_USE_KINETO, LAPACK_INFO=mkl, PERF_WITH_AVX=1, PERF_WITH_AVX2=1, PERF_WITH_AVX512=1, TORCH_VERSION=1.12.1, USE_CUDA=ON, USE_CUDNN=ON, USE_EXCEPTION_PTR=1, USE_GFLAGS=OFF, USE_GLOG=OFF, USE_MKL=ON, USE_MKLDNN=OFF, USE_MPI=OFF, USE_NCCL=OFF, USE_NNPACK=OFF, USE_OPENMP=ON, USE_ROCM=OFF, 

TorchVision: 0.13.1
OpenCV: 4.7.0
MMCV: 1.7.0
MMCV Compiler: MSVC 192829924
MMCV CUDA Compiler: 11.3
pyskl: 0.1.0+86c55f6
------------------------------------------------------------

2026-07-30 16:43:18,279 - pyskl - INFO - Config: model = dict(
    type='RecognizerGCN',
    backbone=dict(
        type='STGCN',
        gcn_adaptive='init',
        gcn_with_res=True,
        tcn_type='mstcn',
        graph_cfg=dict(layout='nturgb+d', mode='spatial')),
    cls_head=dict(type='GCNHead', num_classes=60, in_channels=256))
dataset_type = 'PoseDataset'
ann_file = 'data/nturgbd/ntu60_3danno.pkl'
train_pipeline = [
    dict(type='PreNormalize3D'),
    dict(type='GenSkeFeat', dataset='nturgb+d', feats=['j']),
    dict(type='UniformSample', clip_len=100),
    dict(type='PoseDecode'),
    dict(type='FormatGCNInput', num_person=2),
    dict(type='Collect', keys=['keypoint', 'label'], meta_keys=[]),
    dict(type='ToTensor', keys=['keypoint'])
]
val_pipeline = [
    dict(type='PreNormalize3D'),
    dict(type='GenSkeFeat', dataset='nturgb+d', feats=['j']),
    dict(type='UniformSample', clip_len=100, num_clips=1),
    dict(type='PoseDecode'),
    dict(type='FormatGCNInput', num_person=2),
    dict(type='Collect', keys=['keypoint', 'label'], meta_keys=[]),
    dict(type='ToTensor', keys=['keypoint'])
]
test_pipeline = [
    dict(type='PreNormalize3D'),
    dict(type='GenSkeFeat', dataset='nturgb+d', feats=['j']),
    dict(type='UniformSample', clip_len=100, num_clips=10),
    dict(type='PoseDecode'),
    dict(type='FormatGCNInput', num_person=2),
    dict(type='Collect', keys=['keypoint', 'label'], meta_keys=[]),
    dict(type='ToTensor', keys=['keypoint'])
]
data = dict(
    videos_per_gpu=16,
    workers_per_gpu=2,
    test_dataloader=dict(videos_per_gpu=1),
    train=dict(
        type='RepeatDataset',
        times=5,
        dataset=dict(
            type='PoseDataset',
            ann_file='data/nturgbd/ntu60_3danno.pkl',
            pipeline=[
                dict(type='PreNormalize3D'),
                dict(type='GenSkeFeat', dataset='nturgb+d', feats=['j']),
                dict(type='UniformSample', clip_len=100),
                dict(type='PoseDecode'),
                dict(type='FormatGCNInput', num_person=2),
                dict(type='Collect', keys=['keypoint', 'label'], meta_keys=[]),
                dict(type='ToTensor', keys=['keypoint'])
            ],
            split='xsub_train')),
    val=dict(
        type='PoseDataset',
        ann_file='data/nturgbd/ntu60_3danno.pkl',
        pipeline=[
            dict(type='PreNormalize3D'),
            dict(type='GenSkeFeat', dataset='nturgb+d', feats=['j']),
            dict(type='UniformSample', clip_len=100, num_clips=1),
            dict(type='PoseDecode'),
            dict(type='FormatGCNInput', num_person=2),
            dict(type='Collect', keys=['keypoint', 'label'], meta_keys=[]),
            dict(type='ToTensor', keys=['keypoint'])
        ],
        split='xsub_val'),
    test=dict(
        type='PoseDataset',
        ann_file='data/nturgbd/ntu60_3danno.pkl',
        pipeline=[
            dict(type='PreNormalize3D'),
            dict(type='GenSkeFeat', dataset='nturgb+d', feats=['j']),
            dict(type='UniformSample', clip_len=100, num_clips=10),
            dict(type='PoseDecode'),
            dict(type='FormatGCNInput', num_person=2),
            dict(type='Collect', keys=['keypoint', 'label'], meta_keys=[]),
            dict(type='ToTensor', keys=['keypoint'])
        ],
        split='xsub_val'))
optimizer = dict(
    type='SGD', lr=0.0125, momentum=0.9, weight_decay=0.0005, nesterov=True)
optimizer_config = dict(grad_clip=None)
lr_config = dict(policy='CosineAnnealing', min_lr=0, by_epoch=False)
total_epochs = 16
checkpoint_config = dict(interval=1)
evaluation = dict(interval=1, metrics=['top_k_accuracy'])
log_config = dict(interval=100, hooks=[dict(type='TextLoggerHook')])
log_level = 'INFO'
work_dir = './work_dirs/stgcn++/ntu60_xsub_3dkp/j_single_gpu'
dist_params = dict(backend='gloo')
gpu_ids = range(0, 1)

2026-07-30 16:43:18,280 - pyskl - INFO - Set random seed to 0, deterministic: True
2026-07-30 16:43:30,903 - pyskl - INFO - 40091 videos remain after valid thresholding
2026-07-30 16:43:46,269 - pyskl - INFO - 16487 videos remain after valid thresholding
2026-07-30 16:43:46,269 - pyskl - INFO - Start running, host: Administrator@SERVER-1080TI, work_dir: D:\YXJProject\pythonProject\pyskl\work_dirs\stgcn++\ntu60_xsub_3dkp\j_single_gpu
2026-07-30 16:43:46,270 - pyskl - INFO - Hooks will be executed in the following order:
before_run:
(VERY_HIGH   ) CosineAnnealingLrUpdaterHook       
(NORMAL      ) CheckpointHook                     
(NORMAL      ) DistEvalHook                       
(VERY_LOW    ) TextLoggerHook                     
 -------------------- 
before_train_epoch:
(VERY_HIGH   ) CosineAnnealingLrUpdaterHook       
(NORMAL      ) DistSamplerSeedHook                
(NORMAL      ) DistEvalHook                       
(LOW         ) IterTimerHook                      
(VERY_LOW    ) TextLoggerHook                     
 -------------------- 
before_train_iter:
(VERY_HIGH   ) CosineAnnealingLrUpdaterHook       
(NORMAL      ) DistEvalHook                       
(LOW         ) IterTimerHook                      
 -------------------- 
after_train_iter:
(ABOVE_NORMAL) OptimizerHook                      
(NORMAL      ) CheckpointHook                     
(NORMAL      ) DistEvalHook                       
(LOW         ) IterTimerHook                      
(VERY_LOW    ) TextLoggerHook                     
 -------------------- 
after_train_epoch:
(NORMAL      ) CheckpointHook                     
(NORMAL      ) DistEvalHook                       
(VERY_LOW    ) TextLoggerHook                     
 -------------------- 
before_val_epoch:
(NORMAL      ) DistSamplerSeedHook                
(LOW         ) IterTimerHook                      
(VERY_LOW    ) TextLoggerHook                     
 -------------------- 
before_val_iter:
(LOW         ) IterTimerHook                      
 -------------------- 
after_val_iter:
(LOW         ) IterTimerHook                      
 -------------------- 
after_val_epoch:
(VERY_LOW    ) TextLoggerHook                     
 -------------------- 
after_run:
(VERY_LOW    ) TextLoggerHook                     
 -------------------- 
2026-07-30 16:43:46,270 - pyskl - INFO - workflow: [('train', 1)], max: 16 epochs
2026-07-30 16:43:46,270 - pyskl - INFO - Checkpoints will be saved to D:\YXJProject\pythonProject\pyskl\work_dirs\stgcn++\ntu60_xsub_3dkp\j_single_gpu by HardDiskBackend.
2026-07-30 16:47:20,201 - pyskl - INFO - Epoch [1][100/12529]	lr: 1.250e-02, eta: 4 days, 23:03:51, time: 2.139, data_time: 0.161, memory: 2640, top1_acc: 0.0462, top5_acc: 0.1950, loss_cls: 3.9189, loss: 3.9189
2026-07-30 16:50:35,558 - pyskl - INFO - Epoch [1][200/12529]	lr: 1.250e-02, eta: 4 days, 17:50:24, time: 1.954, data_time: 0.000, memory: 2640, top1_acc: 0.0981, top5_acc: 0.3275, loss_cls: 3.4377, loss: 3.4377
2026-07-30 16:53:55,057 - pyskl - INFO - Epoch [1][300/12529]	lr: 1.250e-02, eta: 4 days, 16:49:46, time: 1.995, data_time: 0.000, memory: 2640, top1_acc: 0.1263, top5_acc: 0.4056, loss_cls: 3.2043, loss: 3.2043
2026-07-30 16:57:09,569 - pyskl - INFO - Epoch [1][400/12529]	lr: 1.250e-02, eta: 4 days, 15:36:15, time: 1.945, data_time: 0.000, memory: 2640, top1_acc: 0.1550, top5_acc: 0.4756, loss_cls: 3.0362, loss: 3.0362
2026-07-30 17:00:24,053 - pyskl - INFO - Epoch [1][500/12529]	lr: 1.250e-02, eta: 4 days, 14:50:38, time: 1.945, data_time: 0.000, memory: 2640, top1_acc: 0.1881, top5_acc: 0.5487, loss_cls: 2.8276, loss: 2.8276
2026-07-30 17:03:39,053 - pyskl - INFO - Epoch [1][600/12529]	lr: 1.250e-02, eta: 4 days, 14:22:00, time: 1.950, data_time: 0.000, memory: 2640, top1_acc: 0.2150, top5_acc: 0.5600, loss_cls: 2.7573, loss: 2.7573
2026-07-30 17:06:52,050 - pyskl - INFO - Epoch [1][700/12529]	lr: 1.250e-02, eta: 4 days, 13:51:06, time: 1.930, data_time: 0.000, memory: 2640, top1_acc: 0.2475, top5_acc: 0.6200, loss_cls: 2.6096, loss: 2.6096
2026-07-30 17:10:01,789 - pyskl - INFO - Epoch [1][800/12529]	lr: 1.250e-02, eta: 4 days, 13:13:35, time: 1.897, data_time: 0.000, memory: 2640, top1_acc: 0.2544, top5_acc: 0.6281, loss_cls: 2.5680, loss: 2.5680
2026-07-30 17:13:11,531 - pyskl - INFO - Epoch [1][900/12529]	lr: 1.250e-02, eta: 4 days, 12:43:42, time: 1.897, data_time: 0.000, memory: 2640, top1_acc: 0.2844, top5_acc: 0.6775, loss_cls: 2.4063, loss: 2.4063
2026-07-30 17:16:21,028 - pyskl - INFO - Epoch [1][1000/12529]	lr: 1.250e-02, eta: 4 days, 12:18:21, time: 1.895, data_time: 0.000, memory: 2640, top1_acc: 0.3056, top5_acc: 0.7163, loss_cls: 2.3109, loss: 2.3109
2026-07-30 17:19:30,356 - pyskl - INFO - Epoch [1][1100/12529]	lr: 1.250e-02, eta: 4 days, 11:56:30, time: 1.893, data_time: 0.000, memory: 2640, top1_acc: 0.3262, top5_acc: 0.7338, loss_cls: 2.2497, loss: 2.2497
2026-07-30 17:22:39,822 - pyskl - INFO - Epoch [1][1200/12529]	lr: 1.250e-02, eta: 4 days, 11:38:11, time: 1.895, data_time: 0.000, memory: 2640, top1_acc: 0.3494, top5_acc: 0.7425, loss_cls: 2.1949, loss: 2.1949
2026-07-30 17:25:49,071 - pyskl - INFO - Epoch [1][1300/12529]	lr: 1.250e-02, eta: 4 days, 11:21:38, time: 1.892, data_time: 0.000, memory: 2640, top1_acc: 0.3575, top5_acc: 0.7538, loss_cls: 2.1340, loss: 2.1340
2026-07-30 17:28:58,768 - pyskl - INFO - Epoch [1][1400/12529]	lr: 1.250e-02, eta: 4 days, 11:08:03, time: 1.897, data_time: 0.000, memory: 2640, top1_acc: 0.3694, top5_acc: 0.7662, loss_cls: 2.0976, loss: 2.0976
2026-07-30 17:32:08,295 - pyskl - INFO - Epoch [1][1500/12529]	lr: 1.250e-02, eta: 4 days, 10:55:29, time: 1.895, data_time: 0.000, memory: 2640, top1_acc: 0.3806, top5_acc: 0.7937, loss_cls: 2.0179, loss: 2.0179
2026-07-30 17:35:17,426 - pyskl - INFO - Epoch [1][1600/12529]	lr: 1.250e-02, eta: 4 days, 10:43:17, time: 1.891, data_time: 0.000, memory: 2640, top1_acc: 0.3781, top5_acc: 0.7725, loss_cls: 2.0702, loss: 2.0702
2026-07-30 17:38:26,447 - pyskl - INFO - Epoch [1][1700/12529]	lr: 1.250e-02, eta: 4 days, 10:31:56, time: 1.890, data_time: 0.000, memory: 2640, top1_acc: 0.4119, top5_acc: 0.8044, loss_cls: 1.9427, loss: 1.9427
2026-07-30 17:41:35,194 - pyskl - INFO - Epoch [1][1800/12529]	lr: 1.250e-02, eta: 4 days, 10:20:59, time: 1.887, data_time: 0.000, memory: 2640, top1_acc: 0.4331, top5_acc: 0.8200, loss_cls: 1.8707, loss: 1.8707
2026-07-30 17:44:44,545 - pyskl - INFO - Epoch [1][1900/12529]	lr: 1.250e-02, eta: 4 days, 10:11:54, time: 1.893, data_time: 0.000, memory: 2640, top1_acc: 0.4706, top5_acc: 0.8244, loss_cls: 1.7755, loss: 1.7755
2026-07-30 17:47:53,989 - pyskl - INFO - Epoch [1][2000/12529]	lr: 1.250e-02, eta: 4 days, 10:03:34, time: 1.894, data_time: 0.000, memory: 2640, top1_acc: 0.4650, top5_acc: 0.8231, loss_cls: 1.8004, loss: 1.8004
2026-07-30 17:51:03,079 - pyskl - INFO - Epoch [1][2100/12529]	lr: 1.250e-02, eta: 4 days, 9:55:11, time: 1.891, data_time: 0.000, memory: 2640, top1_acc: 0.4519, top5_acc: 0.8356, loss_cls: 1.7710, loss: 1.7710
2026-07-30 17:54:12,626 - pyskl - INFO - Epoch [1][2200/12529]	lr: 1.250e-02, eta: 4 days, 9:47:57, time: 1.895, data_time: 0.000, memory: 2640, top1_acc: 0.4919, top5_acc: 0.8375, loss_cls: 1.6718, loss: 1.6718
2026-07-30 17:57:22,026 - pyskl - INFO - Epoch [1][2300/12529]	lr: 1.250e-02, eta: 4 days, 9:40:52, time: 1.894, data_time: 0.000, memory: 2640, top1_acc: 0.4925, top5_acc: 0.8644, loss_cls: 1.6636, loss: 1.6636
2026-07-30 18:00:31,017 - pyskl - INFO - Epoch [1][2400/12529]	lr: 1.250e-02, eta: 4 days, 9:33:32, time: 1.890, data_time: 0.000, memory: 2640, top1_acc: 0.4856, top5_acc: 0.8519, loss_cls: 1.7001, loss: 1.7001
2026-07-30 18:03:40,235 - pyskl - INFO - Epoch [1][2500/12529]	lr: 1.250e-02, eta: 4 days, 9:26:51, time: 1.892, data_time: 0.000, memory: 2640, top1_acc: 0.5406, top5_acc: 0.8719, loss_cls: 1.5754, loss: 1.5754
2026-07-30 18:06:48,844 - pyskl - INFO - Epoch [1][2600/12529]	lr: 1.249e-02, eta: 4 days, 9:19:39, time: 1.886, data_time: 0.000, memory: 2640, top1_acc: 0.5206, top5_acc: 0.8675, loss_cls: 1.5938, loss: 1.5938
2026-07-30 18:09:56,718 - pyskl - INFO - Epoch [1][2700/12529]	lr: 1.249e-02, eta: 4 days, 9:11:52, time: 1.879, data_time: 0.000, memory: 2640, top1_acc: 0.5456, top5_acc: 0.8719, loss_cls: 1.4968, loss: 1.4968
2026-07-30 18:13:06,883 - pyskl - INFO - Epoch [1][2800/12529]	lr: 1.249e-02, eta: 4 days, 9:07:07, time: 1.902, data_time: 0.000, memory: 2640, top1_acc: 0.5356, top5_acc: 0.8894, loss_cls: 1.5085, loss: 1.5085
2026-07-30 18:16:16,076 - pyskl - INFO - Epoch [1][2900/12529]	lr: 1.249e-02, eta: 4 days, 9:01:21, time: 1.892, data_time: 0.000, memory: 2640, top1_acc: 0.5537, top5_acc: 0.8819, loss_cls: 1.5007, loss: 1.5007
2026-07-30 18:19:25,279 - pyskl - INFO - Epoch [1][3000/12529]	lr: 1.249e-02, eta: 4 days, 8:55:47, time: 1.892, data_time: 0.000, memory: 2640, top1_acc: 0.5644, top5_acc: 0.8894, loss_cls: 1.4318, loss: 1.4318
2026-07-30 18:22:34,958 - pyskl - INFO - Epoch [1][3100/12529]	lr: 1.249e-02, eta: 4 days, 8:50:53, time: 1.897, data_time: 0.000, memory: 2640, top1_acc: 0.5456, top5_acc: 0.8906, loss_cls: 1.4553, loss: 1.4553
2026-07-30 18:25:43,393 - pyskl - INFO - Epoch [1][3200/12529]	lr: 1.249e-02, eta: 4 days, 8:44:48, time: 1.884, data_time: 0.000, memory: 2640, top1_acc: 0.5756, top5_acc: 0.8975, loss_cls: 1.3721, loss: 1.3721
2026-07-30 18:28:52,286 - pyskl - INFO - Epoch [1][3300/12529]	lr: 1.249e-02, eta: 4 days, 8:39:21, time: 1.889, data_time: 0.000, memory: 2640, top1_acc: 0.5544, top5_acc: 0.8938, loss_cls: 1.4185, loss: 1.4185
2026-07-30 18:32:01,211 - pyskl - INFO - Epoch [1][3400/12529]	lr: 1.249e-02, eta: 4 days, 8:34:05, time: 1.889, data_time: 0.000, memory: 2640, top1_acc: 0.5744, top5_acc: 0.8850, loss_cls: 1.4050, loss: 1.4050
2026-07-30 18:35:09,640 - pyskl - INFO - Epoch [1][3500/12529]	lr: 1.249e-02, eta: 4 days, 8:28:28, time: 1.884, data_time: 0.000, memory: 2640, top1_acc: 0.5687, top5_acc: 0.8956, loss_cls: 1.3892, loss: 1.3892
2026-07-30 18:38:18,144 - pyskl - INFO - Epoch [1][3600/12529]	lr: 1.249e-02, eta: 4 days, 8:23:03, time: 1.885, data_time: 0.000, memory: 2640, top1_acc: 0.6088, top5_acc: 0.9163, loss_cls: 1.2737, loss: 1.2737
2026-07-30 18:41:26,873 - pyskl - INFO - Epoch [1][3700/12529]	lr: 1.249e-02, eta: 4 days, 8:17:57, time: 1.887, data_time: 0.000, memory: 2640, top1_acc: 0.5869, top5_acc: 0.8912, loss_cls: 1.3403, loss: 1.3403
2026-07-30 18:44:36,112 - pyskl - INFO - Epoch [1][3800/12529]	lr: 1.249e-02, eta: 4 days, 8:13:24, time: 1.892, data_time: 0.000, memory: 2640, top1_acc: 0.5950, top5_acc: 0.9100, loss_cls: 1.3030, loss: 1.3030
2026-07-30 18:47:45,175 - pyskl - INFO - Epoch [1][3900/12529]	lr: 1.249e-02, eta: 4 days, 8:08:47, time: 1.891, data_time: 0.000, memory: 2640, top1_acc: 0.5969, top5_acc: 0.9025, loss_cls: 1.2979, loss: 1.2979
2026-07-30 18:50:54,210 - pyskl - INFO - Epoch [1][4000/12529]	lr: 1.249e-02, eta: 4 days, 8:04:12, time: 1.890, data_time: 0.000, memory: 2640, top1_acc: 0.6081, top5_acc: 0.9150, loss_cls: 1.2797, loss: 1.2797
2026-07-30 18:54:03,536 - pyskl - INFO - Epoch [1][4100/12529]	lr: 1.249e-02, eta: 4 days, 7:59:56, time: 1.893, data_time: 0.000, memory: 2640, top1_acc: 0.5962, top5_acc: 0.9038, loss_cls: 1.2762, loss: 1.2762
2026-07-30 18:57:12,784 - pyskl - INFO - Epoch [1][4200/12529]	lr: 1.249e-02, eta: 4 days, 7:55:39, time: 1.892, data_time: 0.000, memory: 2640, top1_acc: 0.6156, top5_acc: 0.9100, loss_cls: 1.2633, loss: 1.2633
2026-07-30 19:00:21,431 - pyskl - INFO - Epoch [1][4300/12529]	lr: 1.249e-02, eta: 4 days, 7:50:57, time: 1.886, data_time: 0.000, memory: 2640, top1_acc: 0.6100, top5_acc: 0.9038, loss_cls: 1.2434, loss: 1.2434
2026-07-30 19:03:30,574 - pyskl - INFO - Epoch [1][4400/12529]	lr: 1.249e-02, eta: 4 days, 7:46:43, time: 1.891, data_time: 0.000, memory: 2640, top1_acc: 0.6306, top5_acc: 0.9087, loss_cls: 1.2144, loss: 1.2144
2026-07-30 19:06:39,723 - pyskl - INFO - Epoch [1][4500/12529]	lr: 1.248e-02, eta: 4 days, 7:42:31, time: 1.891, data_time: 0.000, memory: 2640, top1_acc: 0.6400, top5_acc: 0.9119, loss_cls: 1.2255, loss: 1.2255
2026-07-30 19:09:48,503 - pyskl - INFO - Epoch [1][4600/12529]	lr: 1.248e-02, eta: 4 days, 7:38:06, time: 1.888, data_time: 0.000, memory: 2640, top1_acc: 0.6344, top5_acc: 0.9187, loss_cls: 1.1996, loss: 1.1996
2026-07-30 19:12:57,140 - pyskl - INFO - Epoch [1][4700/12529]	lr: 1.248e-02, eta: 4 days, 7:33:39, time: 1.886, data_time: 0.000, memory: 2640, top1_acc: 0.6294, top5_acc: 0.9300, loss_cls: 1.1875, loss: 1.1875
2026-07-30 19:16:07,672 - pyskl - INFO - Epoch [1][4800/12529]	lr: 1.248e-02, eta: 4 days, 7:30:32, time: 1.905, data_time: 0.000, memory: 2640, top1_acc: 0.6469, top5_acc: 0.9169, loss_cls: 1.1738, loss: 1.1738
2026-07-30 19:19:19,502 - pyskl - INFO - Epoch [1][4900/12529]	lr: 1.248e-02, eta: 4 days, 7:28:17, time: 1.918, data_time: 0.000, memory: 2640, top1_acc: 0.6156, top5_acc: 0.9163, loss_cls: 1.2374, loss: 1.2374
2026-07-30 19:22:28,335 - pyskl - INFO - Epoch [1][5000/12529]	lr: 1.248e-02, eta: 4 days, 7:24:02, time: 1.888, data_time: 0.000, memory: 2640, top1_acc: 0.6288, top5_acc: 0.9181, loss_cls: 1.1771, loss: 1.1771
2026-07-30 19:25:37,105 - pyskl - INFO - Epoch [1][5100/12529]	lr: 1.248e-02, eta: 4 days, 7:19:48, time: 1.888, data_time: 0.000, memory: 2640, top1_acc: 0.6656, top5_acc: 0.9344, loss_cls: 1.0654, loss: 1.0654
2026-07-30 19:28:46,047 - pyskl - INFO - Epoch [1][5200/12529]	lr: 1.248e-02, eta: 4 days, 7:15:42, time: 1.889, data_time: 0.000, memory: 2640, top1_acc: 0.6425, top5_acc: 0.9263, loss_cls: 1.1246, loss: 1.1246
2026-07-30 19:31:55,090 - pyskl - INFO - Epoch [1][5300/12529]	lr: 1.248e-02, eta: 4 days, 7:11:43, time: 1.890, data_time: 0.000, memory: 2640, top1_acc: 0.6556, top5_acc: 0.9200, loss_cls: 1.0970, loss: 1.0970
2026-07-30 19:35:03,936 - pyskl - INFO - Epoch [1][5400/12529]	lr: 1.248e-02, eta: 4 days, 7:07:38, time: 1.888, data_time: 0.000, memory: 2640, top1_acc: 0.6675, top5_acc: 0.9163, loss_cls: 1.0996, loss: 1.0996
2026-07-30 19:38:12,755 - pyskl - INFO - Epoch [1][5500/12529]	lr: 1.248e-02, eta: 4 days, 7:03:34, time: 1.888, data_time: 0.000, memory: 2640, top1_acc: 0.6694, top5_acc: 0.9344, loss_cls: 1.0686, loss: 1.0686
2026-07-30 19:41:20,765 - pyskl - INFO - Epoch [1][5600/12529]	lr: 1.248e-02, eta: 4 days, 6:59:04, time: 1.880, data_time: 0.000, memory: 2640, top1_acc: 0.6581, top5_acc: 0.9256, loss_cls: 1.1176, loss: 1.1176
2026-07-30 19:44:30,014 - pyskl - INFO - Epoch [1][5700/12529]	lr: 1.248e-02, eta: 4 days, 6:55:19, time: 1.892, data_time: 0.000, memory: 2640, top1_acc: 0.6619, top5_acc: 0.9194, loss_cls: 1.1043, loss: 1.1043
2026-07-30 19:47:38,992 - pyskl - INFO - Epoch [1][5800/12529]	lr: 1.247e-02, eta: 4 days, 6:51:27, time: 1.890, data_time: 0.000, memory: 2640, top1_acc: 0.6956, top5_acc: 0.9331, loss_cls: 1.0199, loss: 1.0199
2026-07-30 19:50:47,916 - pyskl - INFO - Epoch [1][5900/12529]	lr: 1.247e-02, eta: 4 days, 6:47:34, time: 1.889, data_time: 0.000, memory: 2640, top1_acc: 0.6600, top5_acc: 0.9419, loss_cls: 1.0827, loss: 1.0827
2026-07-30 19:53:57,041 - pyskl - INFO - Epoch [1][6000/12529]	lr: 1.247e-02, eta: 4 days, 6:43:49, time: 1.891, data_time: 0.000, memory: 2640, top1_acc: 0.6800, top5_acc: 0.9369, loss_cls: 1.0330, loss: 1.0330
2026-07-30 19:57:05,617 - pyskl - INFO - Epoch [1][6100/12529]	lr: 1.247e-02, eta: 4 days, 6:39:47, time: 1.886, data_time: 0.000, memory: 2640, top1_acc: 0.6813, top5_acc: 0.9313, loss_cls: 1.0242, loss: 1.0242
2026-07-30 20:00:14,543 - pyskl - INFO - Epoch [1][6200/12529]	lr: 1.247e-02, eta: 4 days, 6:35:59, time: 1.889, data_time: 0.000, memory: 2640, top1_acc: 0.6756, top5_acc: 0.9256, loss_cls: 1.0493, loss: 1.0493
2026-07-30 20:03:23,873 - pyskl - INFO - Epoch [1][6300/12529]	lr: 1.247e-02, eta: 4 days, 6:32:24, time: 1.893, data_time: 0.000, memory: 2640, top1_acc: 0.6931, top5_acc: 0.9400, loss_cls: 0.9708, loss: 0.9708
2026-07-30 20:06:33,429 - pyskl - INFO - Epoch [1][6400/12529]	lr: 1.247e-02, eta: 4 days, 6:28:57, time: 1.896, data_time: 0.000, memory: 2640, top1_acc: 0.6813, top5_acc: 0.9394, loss_cls: 0.9980, loss: 0.9980
2026-07-30 20:09:42,626 - pyskl - INFO - Epoch [1][6500/12529]	lr: 1.247e-02, eta: 4 days, 6:25:19, time: 1.892, data_time: 0.000, memory: 2640, top1_acc: 0.6850, top5_acc: 0.9400, loss_cls: 1.0190, loss: 1.0190
2026-07-30 20:12:51,430 - pyskl - INFO - Epoch [1][6600/12529]	lr: 1.247e-02, eta: 4 days, 6:21:31, time: 1.888, data_time: 0.000, memory: 2640, top1_acc: 0.6937, top5_acc: 0.9300, loss_cls: 1.0088, loss: 1.0088
2026-07-30 20:16:00,465 - pyskl - INFO - Epoch [1][6700/12529]	lr: 1.247e-02, eta: 4 days, 6:17:51, time: 1.890, data_time: 0.000, memory: 2640, top1_acc: 0.6844, top5_acc: 0.9337, loss_cls: 1.0164, loss: 1.0164
2026-07-30 20:19:09,758 - pyskl - INFO - Epoch [1][6800/12529]	lr: 1.246e-02, eta: 4 days, 6:14:19, time: 1.893, data_time: 0.000, memory: 2640, top1_acc: 0.6944, top5_acc: 0.9381, loss_cls: 0.9925, loss: 0.9925
2026-07-30 20:22:18,593 - pyskl - INFO - Epoch [1][6900/12529]	lr: 1.246e-02, eta: 4 days, 6:10:35, time: 1.888, data_time: 0.000, memory: 2640, top1_acc: 0.7081, top5_acc: 0.9494, loss_cls: 0.9543, loss: 0.9543
2026-07-30 20:25:27,687 - pyskl - INFO - Epoch [1][7000/12529]	lr: 1.246e-02, eta: 4 days, 6:06:59, time: 1.891, data_time: 0.000, memory: 2640, top1_acc: 0.6969, top5_acc: 0.9306, loss_cls: 1.0058, loss: 1.0058
2026-07-30 20:28:37,582 - pyskl - INFO - Epoch [1][7100/12529]	lr: 1.246e-02, eta: 4 days, 6:03:45, time: 1.899, data_time: 0.000, memory: 2640, top1_acc: 0.7069, top5_acc: 0.9387, loss_cls: 0.9744, loss: 0.9744
2026-07-30 20:31:47,141 - pyskl - INFO - Epoch [1][7200/12529]	lr: 1.246e-02, eta: 4 days, 6:00:23, time: 1.896, data_time: 0.000, memory: 2640, top1_acc: 0.6925, top5_acc: 0.9344, loss_cls: 1.0221, loss: 1.0221
2026-07-30 20:34:56,509 - pyskl - INFO - Epoch [1][7300/12529]	lr: 1.246e-02, eta: 4 days, 5:56:56, time: 1.894, data_time: 0.000, memory: 2640, top1_acc: 0.6881, top5_acc: 0.9444, loss_cls: 0.9631, loss: 0.9631
2026-07-30 20:38:06,017 - pyskl - INFO - Epoch [1][7400/12529]	lr: 1.246e-02, eta: 4 days, 5:53:33, time: 1.895, data_time: 0.000, memory: 2640, top1_acc: 0.7156, top5_acc: 0.9387, loss_cls: 0.9483, loss: 0.9483
2026-07-30 20:41:15,172 - pyskl - INFO - Epoch [1][7500/12529]	lr: 1.246e-02, eta: 4 days, 5:50:01, time: 1.892, data_time: 0.000, memory: 2640, top1_acc: 0.7181, top5_acc: 0.9463, loss_cls: 0.9315, loss: 0.9315
2026-07-30 20:44:25,194 - pyskl - INFO - Epoch [1][7600/12529]	lr: 1.246e-02, eta: 4 days, 5:46:52, time: 1.900, data_time: 0.000, memory: 2640, top1_acc: 0.7125, top5_acc: 0.9425, loss_cls: 0.9257, loss: 0.9257
2026-07-30 20:47:34,135 - pyskl - INFO - Epoch [1][7700/12529]	lr: 1.245e-02, eta: 4 days, 5:43:16, time: 1.889, data_time: 0.000, memory: 2640, top1_acc: 0.7031, top5_acc: 0.9456, loss_cls: 0.9581, loss: 0.9581
2026-07-30 20:50:43,106 - pyskl - INFO - Epoch [1][7800/12529]	lr: 1.245e-02, eta: 4 days, 5:39:41, time: 1.890, data_time: 0.000, memory: 2640, top1_acc: 0.7019, top5_acc: 0.9487, loss_cls: 0.9239, loss: 0.9239
2026-07-30 20:53:52,059 - pyskl - INFO - Epoch [1][7900/12529]	lr: 1.245e-02, eta: 4 days, 5:36:07, time: 1.890, data_time: 0.000, memory: 2640, top1_acc: 0.7175, top5_acc: 0.9537, loss_cls: 0.8828, loss: 0.8828
2026-07-30 20:57:00,253 - pyskl - INFO - Epoch [1][8000/12529]	lr: 1.245e-02, eta: 4 days, 5:32:15, time: 1.882, data_time: 0.000, memory: 2640, top1_acc: 0.7087, top5_acc: 0.9475, loss_cls: 0.9067, loss: 0.9067
2026-07-30 21:00:09,510 - pyskl - INFO - Epoch [1][8100/12529]	lr: 1.245e-02, eta: 4 days, 5:28:49, time: 1.893, data_time: 0.000, memory: 2640, top1_acc: 0.7188, top5_acc: 0.9494, loss_cls: 0.8981, loss: 0.8981
2026-07-30 21:03:19,336 - pyskl - INFO - Epoch [1][8200/12529]	lr: 1.245e-02, eta: 4 days, 5:25:37, time: 1.898, data_time: 0.000, memory: 2640, top1_acc: 0.7269, top5_acc: 0.9425, loss_cls: 0.8865, loss: 0.8865
2026-07-30 21:06:28,998 - pyskl - INFO - Epoch [1][8300/12529]	lr: 1.245e-02, eta: 4 days, 5:22:21, time: 1.897, data_time: 0.000, memory: 2640, top1_acc: 0.7312, top5_acc: 0.9544, loss_cls: 0.8706, loss: 0.8706
2026-07-30 21:09:38,294 - pyskl - INFO - Epoch [1][8400/12529]	lr: 1.245e-02, eta: 4 days, 5:18:57, time: 1.893, data_time: 0.000, memory: 2640, top1_acc: 0.6919, top5_acc: 0.9444, loss_cls: 0.9516, loss: 0.9516
2026-07-30 21:12:47,255 - pyskl - INFO - Epoch [1][8500/12529]	lr: 1.244e-02, eta: 4 days, 5:15:26, time: 1.890, data_time: 0.000, memory: 2640, top1_acc: 0.7294, top5_acc: 0.9387, loss_cls: 0.9176, loss: 0.9176
2026-07-30 21:15:56,575 - pyskl - INFO - Epoch [1][8600/12529]	lr: 1.244e-02, eta: 4 days, 5:12:03, time: 1.893, data_time: 0.000, memory: 2640, top1_acc: 0.7450, top5_acc: 0.9450, loss_cls: 0.8353, loss: 0.8353
2026-07-30 21:19:05,930 - pyskl - INFO - Epoch [1][8700/12529]	lr: 1.244e-02, eta: 4 days, 5:08:42, time: 1.893, data_time: 0.000, memory: 2640, top1_acc: 0.7188, top5_acc: 0.9525, loss_cls: 0.8634, loss: 0.8634
2026-07-30 21:22:15,051 - pyskl - INFO - Epoch [1][8800/12529]	lr: 1.244e-02, eta: 4 days, 5:05:15, time: 1.891, data_time: 0.000, memory: 2640, top1_acc: 0.7406, top5_acc: 0.9550, loss_cls: 0.8762, loss: 0.8762
2026-07-30 21:25:24,318 - pyskl - INFO - Epoch [1][8900/12529]	lr: 1.244e-02, eta: 4 days, 5:01:52, time: 1.893, data_time: 0.000, memory: 2640, top1_acc: 0.7219, top5_acc: 0.9425, loss_cls: 0.9199, loss: 0.9199
2026-07-30 21:28:32,854 - pyskl - INFO - Epoch [1][9000/12529]	lr: 1.244e-02, eta: 4 days, 4:58:14, time: 1.885, data_time: 0.000, memory: 2640, top1_acc: 0.7156, top5_acc: 0.9413, loss_cls: 0.8965, loss: 0.8965
2026-07-30 21:31:41,956 - pyskl - INFO - Epoch [1][9100/12529]	lr: 1.244e-02, eta: 4 days, 4:54:49, time: 1.891, data_time: 0.000, memory: 2640, top1_acc: 0.7469, top5_acc: 0.9556, loss_cls: 0.8005, loss: 0.8005
2026-07-30 21:34:50,992 - pyskl - INFO - Epoch [1][9200/12529]	lr: 1.244e-02, eta: 4 days, 4:51:22, time: 1.890, data_time: 0.000, memory: 2640, top1_acc: 0.7381, top5_acc: 0.9469, loss_cls: 0.8605, loss: 0.8605
2026-07-30 21:37:59,804 - pyskl - INFO - Epoch [1][9300/12529]	lr: 1.243e-02, eta: 4 days, 4:47:51, time: 1.888, data_time: 0.000, memory: 2640, top1_acc: 0.7469, top5_acc: 0.9487, loss_cls: 0.8288, loss: 0.8288
2026-07-30 21:41:09,233 - pyskl - INFO - Epoch [1][9400/12529]	lr: 1.243e-02, eta: 4 days, 4:44:33, time: 1.894, data_time: 0.000, memory: 2640, top1_acc: 0.7562, top5_acc: 0.9500, loss_cls: 0.7973, loss: 0.7973
2026-07-30 21:44:17,997 - pyskl - INFO - Epoch [1][9500/12529]	lr: 1.243e-02, eta: 4 days, 4:41:02, time: 1.888, data_time: 0.000, memory: 2640, top1_acc: 0.7431, top5_acc: 0.9475, loss_cls: 0.8449, loss: 0.8449
2026-07-30 21:47:27,083 - pyskl - INFO - Epoch [1][9600/12529]	lr: 1.243e-02, eta: 4 days, 4:37:38, time: 1.891, data_time: 0.000, memory: 2640, top1_acc: 0.7431, top5_acc: 0.9500, loss_cls: 0.8154, loss: 0.8154
2026-07-30 21:50:36,567 - pyskl - INFO - Epoch [1][9700/12529]	lr: 1.243e-02, eta: 4 days, 4:34:22, time: 1.895, data_time: 0.000, memory: 2640, top1_acc: 0.7544, top5_acc: 0.9575, loss_cls: 0.8073, loss: 0.8073
2026-07-30 21:53:45,820 - pyskl - INFO - Epoch [1][9800/12529]	lr: 1.243e-02, eta: 4 days, 4:31:02, time: 1.893, data_time: 0.000, memory: 2640, top1_acc: 0.7444, top5_acc: 0.9525, loss_cls: 0.8475, loss: 0.8475
2026-07-30 21:56:54,526 - pyskl - INFO - Epoch [1][9900/12529]	lr: 1.242e-02, eta: 4 days, 4:27:31, time: 1.887, data_time: 0.000, memory: 2640, top1_acc: 0.7562, top5_acc: 0.9494, loss_cls: 0.8231, loss: 0.8231
2026-07-30 22:00:03,216 - pyskl - INFO - Epoch [1][10000/12529]	lr: 1.242e-02, eta: 4 days, 4:24:01, time: 1.887, data_time: 0.000, memory: 2640, top1_acc: 0.7275, top5_acc: 0.9513, loss_cls: 0.8664, loss: 0.8664
2026-07-30 22:03:12,126 - pyskl - INFO - Epoch [1][10100/12529]	lr: 1.242e-02, eta: 4 days, 4:20:35, time: 1.889, data_time: 0.000, memory: 2640, top1_acc: 0.7400, top5_acc: 0.9563, loss_cls: 0.8379, loss: 0.8379
2026-07-30 22:06:21,452 - pyskl - INFO - Epoch [1][10200/12529]	lr: 1.242e-02, eta: 4 days, 4:17:17, time: 1.893, data_time: 0.000, memory: 2640, top1_acc: 0.7200, top5_acc: 0.9469, loss_cls: 0.8935, loss: 0.8935
2026-07-30 22:09:30,270 - pyskl - INFO - Epoch [1][10300/12529]	lr: 1.242e-02, eta: 4 days, 4:13:50, time: 1.888, data_time: 0.000, memory: 2640, top1_acc: 0.7500, top5_acc: 0.9563, loss_cls: 0.7893, loss: 0.7893
2026-07-30 22:12:39,474 - pyskl - INFO - Epoch [1][10400/12529]	lr: 1.242e-02, eta: 4 days, 4:10:30, time: 1.892, data_time: 0.000, memory: 2640, top1_acc: 0.7462, top5_acc: 0.9450, loss_cls: 0.8255, loss: 0.8255
2026-07-30 22:15:49,746 - pyskl - INFO - Epoch [1][10500/12529]	lr: 1.242e-02, eta: 4 days, 4:07:30, time: 1.903, data_time: 0.000, memory: 2640, top1_acc: 0.7394, top5_acc: 0.9481, loss_cls: 0.8443, loss: 0.8443
2026-07-30 22:19:01,228 - pyskl - INFO - Epoch [1][10600/12529]	lr: 1.241e-02, eta: 4 days, 4:04:51, time: 1.915, data_time: 0.000, memory: 2640, top1_acc: 0.7625, top5_acc: 0.9563, loss_cls: 0.7772, loss: 0.7772
2026-07-30 22:22:09,667 - pyskl - INFO - Epoch [1][10700/12529]	lr: 1.241e-02, eta: 4 days, 4:01:18, time: 1.884, data_time: 0.000, memory: 2640, top1_acc: 0.7281, top5_acc: 0.9481, loss_cls: 0.8623, loss: 0.8623
2026-07-30 22:25:17,853 - pyskl - INFO - Epoch [1][10800/12529]	lr: 1.241e-02, eta: 4 days, 3:57:41, time: 1.882, data_time: 0.000, memory: 2640, top1_acc: 0.7556, top5_acc: 0.9475, loss_cls: 0.7998, loss: 0.7998
2026-07-30 22:28:25,897 - pyskl - INFO - Epoch [1][10900/12529]	lr: 1.241e-02, eta: 4 days, 3:54:01, time: 1.880, data_time: 0.000, memory: 2640, top1_acc: 0.7625, top5_acc: 0.9613, loss_cls: 0.7541, loss: 0.7541
2026-07-30 22:31:35,326 - pyskl - INFO - Epoch [1][11000/12529]	lr: 1.241e-02, eta: 4 days, 3:50:47, time: 1.894, data_time: 0.000, memory: 2640, top1_acc: 0.7650, top5_acc: 0.9600, loss_cls: 0.7583, loss: 0.7583
2026-07-30 22:34:44,162 - pyskl - INFO - Epoch [1][11100/12529]	lr: 1.241e-02, eta: 4 days, 3:47:22, time: 1.888, data_time: 0.000, memory: 2640, top1_acc: 0.7612, top5_acc: 0.9519, loss_cls: 0.7743, loss: 0.7743
2026-07-30 22:37:53,393 - pyskl - INFO - Epoch [1][11200/12529]	lr: 1.240e-02, eta: 4 days, 3:44:04, time: 1.892, data_time: 0.000, memory: 2640, top1_acc: 0.7662, top5_acc: 0.9563, loss_cls: 0.7632, loss: 0.7632
2026-07-30 22:41:02,830 - pyskl - INFO - Epoch [1][11300/12529]	lr: 1.240e-02, eta: 4 days, 3:40:50, time: 1.894, data_time: 0.000, memory: 2640, top1_acc: 0.7462, top5_acc: 0.9500, loss_cls: 0.8289, loss: 0.8289
2026-07-30 22:44:11,432 - pyskl - INFO - Epoch [1][11400/12529]	lr: 1.240e-02, eta: 4 days, 3:37:22, time: 1.886, data_time: 0.000, memory: 2640, top1_acc: 0.7381, top5_acc: 0.9487, loss_cls: 0.8631, loss: 0.8631
2026-07-30 22:47:20,564 - pyskl - INFO - Epoch [1][11500/12529]	lr: 1.240e-02, eta: 4 days, 3:34:03, time: 1.891, data_time: 0.000, memory: 2640, top1_acc: 0.7619, top5_acc: 0.9600, loss_cls: 0.7839, loss: 0.7839
2026-07-30 22:50:29,621 - pyskl - INFO - Epoch [1][11600/12529]	lr: 1.240e-02, eta: 4 days, 3:30:43, time: 1.891, data_time: 0.000, memory: 2640, top1_acc: 0.7662, top5_acc: 0.9631, loss_cls: 0.7432, loss: 0.7432
2026-07-30 22:53:38,859 - pyskl - INFO - Epoch [1][11700/12529]	lr: 1.240e-02, eta: 4 days, 3:27:26, time: 1.892, data_time: 0.000, memory: 2640, top1_acc: 0.7412, top5_acc: 0.9525, loss_cls: 0.8166, loss: 0.8166
2026-07-30 22:56:46,939 - pyskl - INFO - Epoch [1][11800/12529]	lr: 1.239e-02, eta: 4 days, 3:23:51, time: 1.881, data_time: 0.000, memory: 2640, top1_acc: 0.7662, top5_acc: 0.9606, loss_cls: 0.7716, loss: 0.7716
2026-07-30 22:59:55,812 - pyskl - INFO - Epoch [1][11900/12529]	lr: 1.239e-02, eta: 4 days, 3:20:29, time: 1.889, data_time: 0.000, memory: 2640, top1_acc: 0.7662, top5_acc: 0.9625, loss_cls: 0.7409, loss: 0.7409
2026-07-30 23:03:04,803 - pyskl - INFO - Epoch [1][12000/12529]	lr: 1.239e-02, eta: 4 days, 3:17:09, time: 1.890, data_time: 0.000, memory: 2640, top1_acc: 0.7769, top5_acc: 0.9569, loss_cls: 0.7374, loss: 0.7374
2026-07-30 23:06:14,288 - pyskl - INFO - Epoch [1][12100/12529]	lr: 1.239e-02, eta: 4 days, 3:13:56, time: 1.895, data_time: 0.000, memory: 2640, top1_acc: 0.7481, top5_acc: 0.9587, loss_cls: 0.7878, loss: 0.7878
2026-07-30 23:09:24,035 - pyskl - INFO - Epoch [1][12200/12529]	lr: 1.239e-02, eta: 4 days, 3:10:48, time: 1.897, data_time: 0.000, memory: 2640, top1_acc: 0.7569, top5_acc: 0.9675, loss_cls: 0.7706, loss: 0.7706
2026-07-30 23:12:33,287 - pyskl - INFO - Epoch [1][12300/12529]	lr: 1.238e-02, eta: 4 days, 3:07:32, time: 1.893, data_time: 0.000, memory: 2640, top1_acc: 0.7650, top5_acc: 0.9631, loss_cls: 0.7481, loss: 0.7481
2026-07-30 23:15:42,194 - pyskl - INFO - Epoch [1][12400/12529]	lr: 1.238e-02, eta: 4 days, 3:04:11, time: 1.889, data_time: 0.000, memory: 2640, top1_acc: 0.7769, top5_acc: 0.9631, loss_cls: 0.7269, loss: 0.7269
2026-07-30 23:18:50,965 - pyskl - INFO - Epoch [1][12500/12529]	lr: 1.238e-02, eta: 4 days, 3:00:49, time: 1.888, data_time: 0.000, memory: 2640, top1_acc: 0.7775, top5_acc: 0.9581, loss_cls: 0.7235, loss: 0.7235
2026-07-30 23:19:45,712 - pyskl - INFO - Saving checkpoint at 1 epochs
2026-07-30 23:52:09,648 - pyskl - INFO - Evaluating top_k_accuracy ...
2026-07-30 23:52:09,709 - pyskl - INFO - 
top1_acc	0.7485
top5_acc	0.9472
2026-07-30 23:52:09,871 - pyskl - INFO - Now best checkpoint is saved as best_top1_acc_epoch_1.pth.
2026-07-30 23:52:09,871 - pyskl - INFO - Best top1_acc is 0.7485 at 1 epoch.
2026-07-30 23:52:09,874 - pyskl - INFO - Epoch(val) [1][1031]	top1_acc: 0.7485, top5_acc: 0.9472
2026-07-30 23:55:32,175 - pyskl - INFO - Epoch [2][100/12529]	lr: 1.238e-02, eta: 4 days, 2:46:14, time: 2.023, data_time: 0.121, memory: 2640, top1_acc: 0.7575, top5_acc: 0.9575, loss_cls: 0.7575, loss: 0.7575
2026-07-30 23:58:42,004 - pyskl - INFO - Epoch [2][200/12529]	lr: 1.238e-02, eta: 4 days, 2:43:13, time: 1.898, data_time: 0.000, memory: 2640, top1_acc: 0.7850, top5_acc: 0.9537, loss_cls: 0.7204, loss: 0.7204
2026-07-31 00:01:51,319 - pyskl - INFO - Epoch [2][300/12529]	lr: 1.237e-02, eta: 4 days, 2:40:03, time: 1.893, data_time: 0.000, memory: 2640, top1_acc: 0.7837, top5_acc: 0.9644, loss_cls: 0.7230, loss: 0.7230
2026-07-31 00:05:01,117 - pyskl - INFO - Epoch [2][400/12529]	lr: 1.237e-02, eta: 4 days, 2:37:01, time: 1.898, data_time: 0.000, memory: 2640, top1_acc: 0.7937, top5_acc: 0.9663, loss_cls: 0.7031, loss: 0.7031
2026-07-31 00:08:10,615 - pyskl - INFO - Epoch [2][500/12529]	lr: 1.237e-02, eta: 4 days, 2:33:55, time: 1.895, data_time: 0.000, memory: 2640, top1_acc: 0.7812, top5_acc: 0.9619, loss_cls: 0.7137, loss: 0.7137
2026-07-31 00:11:19,703 - pyskl - INFO - Epoch [2][600/12529]	lr: 1.237e-02, eta: 4 days, 2:30:42, time: 1.891, data_time: 0.000, memory: 2640, top1_acc: 0.7638, top5_acc: 0.9675, loss_cls: 0.7179, loss: 0.7179
2026-07-31 00:14:29,101 - pyskl - INFO - Epoch [2][700/12529]	lr: 1.237e-02, eta: 4 days, 2:27:34, time: 1.894, data_time: 0.000, memory: 2640, top1_acc: 0.7869, top5_acc: 0.9650, loss_cls: 0.6983, loss: 0.6983
2026-07-31 00:17:38,910 - pyskl - INFO - Epoch [2][800/12529]	lr: 1.236e-02, eta: 4 days, 2:24:32, time: 1.898, data_time: 0.000, memory: 2640, top1_acc: 0.7738, top5_acc: 0.9581, loss_cls: 0.7476, loss: 0.7476
2026-07-31 00:20:50,122 - pyskl - INFO - Epoch [2][900/12529]	lr: 1.236e-02, eta: 4 days, 2:21:49, time: 1.912, data_time: 0.000, memory: 2640, top1_acc: 0.7837, top5_acc: 0.9644, loss_cls: 0.7070, loss: 0.7070
2026-07-31 00:23:58,939 - pyskl - INFO - Epoch [2][1000/12529]	lr: 1.236e-02, eta: 4 days, 2:18:33, time: 1.888, data_time: 0.000, memory: 2640, top1_acc: 0.7906, top5_acc: 0.9637, loss_cls: 0.6804, loss: 0.6804
2026-07-31 00:27:07,827 - pyskl - INFO - Epoch [2][1100/12529]	lr: 1.236e-02, eta: 4 days, 2:15:17, time: 1.889, data_time: 0.000, memory: 2640, top1_acc: 0.7950, top5_acc: 0.9613, loss_cls: 0.6839, loss: 0.6839
2026-07-31 00:30:16,773 - pyskl - INFO - Epoch [2][1200/12529]	lr: 1.236e-02, eta: 4 days, 2:12:03, time: 1.889, data_time: 0.000, memory: 2640, top1_acc: 0.7913, top5_acc: 0.9619, loss_cls: 0.6620, loss: 0.6620
2026-07-31 00:33:25,944 - pyskl - INFO - Epoch [2][1300/12529]	lr: 1.235e-02, eta: 4 days, 2:08:51, time: 1.892, data_time: 0.000, memory: 2640, top1_acc: 0.7812, top5_acc: 0.9631, loss_cls: 0.6981, loss: 0.6981
2026-07-31 00:36:35,704 - pyskl - INFO - Epoch [2][1400/12529]	lr: 1.235e-02, eta: 4 days, 2:05:48, time: 1.898, data_time: 0.000, memory: 2640, top1_acc: 0.7775, top5_acc: 0.9587, loss_cls: 0.7061, loss: 0.7061
2026-07-31 00:39:44,539 - pyskl - INFO - Epoch [2][1500/12529]	lr: 1.235e-02, eta: 4 days, 2:02:32, time: 1.888, data_time: 0.000, memory: 2640, top1_acc: 0.7900, top5_acc: 0.9669, loss_cls: 0.6858, loss: 0.6858
2026-07-31 00:42:53,866 - pyskl - INFO - Epoch [2][1600/12529]	lr: 1.235e-02, eta: 4 days, 1:59:23, time: 1.893, data_time: 0.000, memory: 2640, top1_acc: 0.7788, top5_acc: 0.9606, loss_cls: 0.7210, loss: 0.7210
2026-07-31 00:46:03,378 - pyskl - INFO - Epoch [2][1700/12529]	lr: 1.235e-02, eta: 4 days, 1:56:16, time: 1.895, data_time: 0.000, memory: 2640, top1_acc: 0.7569, top5_acc: 0.9581, loss_cls: 0.7511, loss: 0.7511
2026-07-31 00:49:12,321 - pyskl - INFO - Epoch [2][1800/12529]	lr: 1.234e-02, eta: 4 days, 1:53:02, time: 1.889, data_time: 0.000, memory: 2640, top1_acc: 0.7875, top5_acc: 0.9631, loss_cls: 0.7075, loss: 0.7075
2026-07-31 00:52:21,327 - pyskl - INFO - Epoch [2][1900/12529]	lr: 1.234e-02, eta: 4 days, 1:49:49, time: 1.890, data_time: 0.000, memory: 2640, top1_acc: 0.7706, top5_acc: 0.9575, loss_cls: 0.7519, loss: 0.7519
2026-07-31 00:55:30,161 - pyskl - INFO - Epoch [2][2000/12529]	lr: 1.234e-02, eta: 4 days, 1:46:33, time: 1.888, data_time: 0.000, memory: 2640, top1_acc: 0.7819, top5_acc: 0.9606, loss_cls: 0.7231, loss: 0.7231
2026-07-31 00:58:39,208 - pyskl - INFO - Epoch [2][2100/12529]	lr: 1.234e-02, eta: 4 days, 1:43:21, time: 1.890, data_time: 0.000, memory: 2640, top1_acc: 0.7738, top5_acc: 0.9556, loss_cls: 0.7401, loss: 0.7401
2026-07-31 01:01:48,466 - pyskl - INFO - Epoch [2][2200/12529]	lr: 1.233e-02, eta: 4 days, 1:40:11, time: 1.893, data_time: 0.000, memory: 2640, top1_acc: 0.7756, top5_acc: 0.9563, loss_cls: 0.7107, loss: 0.7107
2026-07-31 01:04:57,906 - pyskl - INFO - Epoch [2][2300/12529]	lr: 1.233e-02, eta: 4 days, 1:37:03, time: 1.894, data_time: 0.000, memory: 2640, top1_acc: 0.7812, top5_acc: 0.9613, loss_cls: 0.7256, loss: 0.7256
2026-07-31 01:08:07,209 - pyskl - INFO - Epoch [2][2400/12529]	lr: 1.233e-02, eta: 4 days, 1:33:54, time: 1.893, data_time: 0.000, memory: 2640, top1_acc: 0.7944, top5_acc: 0.9606, loss_cls: 0.6753, loss: 0.6753
2026-07-31 01:11:15,227 - pyskl - INFO - Epoch [2][2500/12529]	lr: 1.233e-02, eta: 4 days, 1:30:28, time: 1.880, data_time: 0.000, memory: 2640, top1_acc: 0.7837, top5_acc: 0.9663, loss_cls: 0.6693, loss: 0.6693
2026-07-31 01:14:23,980 - pyskl - INFO - Epoch [2][2600/12529]	lr: 1.233e-02, eta: 4 days, 1:27:12, time: 1.888, data_time: 0.000, memory: 2640, top1_acc: 0.7681, top5_acc: 0.9600, loss_cls: 0.7207, loss: 0.7207
2026-07-31 01:17:32,961 - pyskl - INFO - Epoch [2][2700/12529]	lr: 1.232e-02, eta: 4 days, 1:23:59, time: 1.890, data_time: 0.000, memory: 2640, top1_acc: 0.7794, top5_acc: 0.9694, loss_cls: 0.6620, loss: 0.6620
2026-07-31 01:20:41,313 - pyskl - INFO - Epoch [2][2800/12529]	lr: 1.232e-02, eta: 4 days, 1:20:39, time: 1.883, data_time: 0.000, memory: 2640, top1_acc: 0.7769, top5_acc: 0.9575, loss_cls: 0.7018, loss: 0.7018
2026-07-31 01:23:50,294 - pyskl - INFO - Epoch [2][2900/12529]	lr: 1.232e-02, eta: 4 days, 1:17:26, time: 1.890, data_time: 0.000, memory: 2640, top1_acc: 0.7963, top5_acc: 0.9650, loss_cls: 0.6481, loss: 0.6481
2026-07-31 01:26:59,116 - pyskl - INFO - Epoch [2][3000/12529]	lr: 1.232e-02, eta: 4 days, 1:14:11, time: 1.888, data_time: 0.000, memory: 2640, top1_acc: 0.7919, top5_acc: 0.9719, loss_cls: 0.6507, loss: 0.6507
2026-07-31 01:30:07,713 - pyskl - INFO - Epoch [2][3100/12529]	lr: 1.231e-02, eta: 4 days, 1:10:53, time: 1.886, data_time: 0.000, memory: 2640, top1_acc: 0.7806, top5_acc: 0.9669, loss_cls: 0.6721, loss: 0.6721
2026-07-31 01:33:16,707 - pyskl - INFO - Epoch [2][3200/12529]	lr: 1.231e-02, eta: 4 days, 1:07:41, time: 1.890, data_time: 0.000, memory: 2640, top1_acc: 0.8094, top5_acc: 0.9644, loss_cls: 0.6442, loss: 0.6442
2026-07-31 01:36:25,459 - pyskl - INFO - Epoch [2][3300/12529]	lr: 1.231e-02, eta: 4 days, 1:04:25, time: 1.888, data_time: 0.000, memory: 2640, top1_acc: 0.8069, top5_acc: 0.9656, loss_cls: 0.6394, loss: 0.6394
2026-07-31 01:39:34,148 - pyskl - INFO - Epoch [2][3400/12529]	lr: 1.231e-02, eta: 4 days, 1:01:09, time: 1.887, data_time: 0.000, memory: 2640, top1_acc: 0.8063, top5_acc: 0.9706, loss_cls: 0.6228, loss: 0.6228
2026-07-31 01:42:43,456 - pyskl - INFO - Epoch [2][3500/12529]	lr: 1.230e-02, eta: 4 days, 0:58:00, time: 1.893, data_time: 0.000, memory: 2640, top1_acc: 0.7887, top5_acc: 0.9644, loss_cls: 0.6686, loss: 0.6686
2026-07-31 01:45:52,368 - pyskl - INFO - Epoch [2][3600/12529]	lr: 1.230e-02, eta: 4 days, 0:54:47, time: 1.889, data_time: 0.000, memory: 2640, top1_acc: 0.7887, top5_acc: 0.9675, loss_cls: 0.6695, loss: 0.6695
2026-07-31 01:49:00,759 - pyskl - INFO - Epoch [2][3700/12529]	lr: 1.230e-02, eta: 4 days, 0:51:28, time: 1.884, data_time: 0.000, memory: 2640, top1_acc: 0.7825, top5_acc: 0.9569, loss_cls: 0.7006, loss: 0.7006
2026-07-31 01:52:10,019 - pyskl - INFO - Epoch [2][3800/12529]	lr: 1.230e-02, eta: 4 days, 0:48:19, time: 1.893, data_time: 0.000, memory: 2640, top1_acc: 0.8044, top5_acc: 0.9700, loss_cls: 0.6134, loss: 0.6134
2026-07-31 01:55:19,159 - pyskl - INFO - Epoch [2][3900/12529]	lr: 1.229e-02, eta: 4 days, 0:45:08, time: 1.891, data_time: 0.000, memory: 2640, top1_acc: 0.8000, top5_acc: 0.9700, loss_cls: 0.6573, loss: 0.6573
2026-07-31 01:58:27,382 - pyskl - INFO - Epoch [2][4000/12529]	lr: 1.229e-02, eta: 4 days, 0:41:47, time: 1.882, data_time: 0.000, memory: 2640, top1_acc: 0.7987, top5_acc: 0.9750, loss_cls: 0.6181, loss: 0.6181
2026-07-31 02:01:36,337 - pyskl - INFO - Epoch [2][4100/12529]	lr: 1.229e-02, eta: 4 days, 0:38:34, time: 1.890, data_time: 0.000, memory: 2640, top1_acc: 0.7931, top5_acc: 0.9669, loss_cls: 0.6667, loss: 0.6667
2026-07-31 02:04:45,166 - pyskl - INFO - Epoch [2][4200/12529]	lr: 1.229e-02, eta: 4 days, 0:35:21, time: 1.888, data_time: 0.000, memory: 2640, top1_acc: 0.7856, top5_acc: 0.9688, loss_cls: 0.6695, loss: 0.6695
2026-07-31 02:07:53,866 - pyskl - INFO - Epoch [2][4300/12529]	lr: 1.228e-02, eta: 4 days, 0:32:05, time: 1.887, data_time: 0.000, memory: 2640, top1_acc: 0.8256, top5_acc: 0.9688, loss_cls: 0.5987, loss: 0.5987
2026-07-31 02:11:02,911 - pyskl - INFO - Epoch [2][4400/12529]	lr: 1.228e-02, eta: 4 days, 0:28:54, time: 1.890, data_time: 0.000, memory: 2640, top1_acc: 0.7819, top5_acc: 0.9631, loss_cls: 0.6723, loss: 0.6723
2026-07-31 02:14:11,866 - pyskl - INFO - Epoch [2][4500/12529]	lr: 1.228e-02, eta: 4 days, 0:25:41, time: 1.890, data_time: 0.000, memory: 2640, top1_acc: 0.7825, top5_acc: 0.9606, loss_cls: 0.6861, loss: 0.6861
2026-07-31 02:17:21,173 - pyskl - INFO - Epoch [2][4600/12529]	lr: 1.228e-02, eta: 4 days, 0:22:33, time: 1.893, data_time: 0.000, memory: 2640, top1_acc: 0.7906, top5_acc: 0.9681, loss_cls: 0.6556, loss: 0.6556
2026-07-31 02:20:29,776 - pyskl - INFO - Epoch [2][4700/12529]	lr: 1.227e-02, eta: 4 days, 0:19:17, time: 1.886, data_time: 0.000, memory: 2640, top1_acc: 0.7994, top5_acc: 0.9637, loss_cls: 0.6666, loss: 0.6666
2026-07-31 02:23:38,686 - pyskl - INFO - Epoch [2][4800/12529]	lr: 1.227e-02, eta: 4 days, 0:16:04, time: 1.889, data_time: 0.000, memory: 2640, top1_acc: 0.8031, top5_acc: 0.9675, loss_cls: 0.6130, loss: 0.6130
2026-07-31 02:26:47,138 - pyskl - INFO - Epoch [2][4900/12529]	lr: 1.227e-02, eta: 4 days, 0:12:46, time: 1.884, data_time: 0.000, memory: 2640, top1_acc: 0.7963, top5_acc: 0.9694, loss_cls: 0.6518, loss: 0.6518
2026-07-31 02:29:56,152 - pyskl - INFO - Epoch [2][5000/12529]	lr: 1.227e-02, eta: 4 days, 0:09:35, time: 1.890, data_time: 0.000, memory: 2640, top1_acc: 0.7937, top5_acc: 0.9688, loss_cls: 0.6373, loss: 0.6373
2026-07-31 02:33:04,771 - pyskl - INFO - Epoch [2][5100/12529]	lr: 1.226e-02, eta: 4 days, 0:06:19, time: 1.886, data_time: 0.000, memory: 2640, top1_acc: 0.7881, top5_acc: 0.9669, loss_cls: 0.6465, loss: 0.6465
2026-07-31 02:36:13,971 - pyskl - INFO - Epoch [2][5200/12529]	lr: 1.226e-02, eta: 4 days, 0:03:10, time: 1.892, data_time: 0.000, memory: 2640, top1_acc: 0.8037, top5_acc: 0.9700, loss_cls: 0.6181, loss: 0.6181
2026-07-31 02:39:22,675 - pyskl - INFO - Epoch [2][5300/12529]	lr: 1.226e-02, eta: 3 days, 23:59:55, time: 1.887, data_time: 0.000, memory: 2640, top1_acc: 0.8019, top5_acc: 0.9637, loss_cls: 0.6368, loss: 0.6368
2026-07-31 02:42:31,382 - pyskl - INFO - Epoch [2][5400/12529]	lr: 1.225e-02, eta: 3 days, 23:56:41, time: 1.887, data_time: 0.000, memory: 2640, top1_acc: 0.8137, top5_acc: 0.9706, loss_cls: 0.6121, loss: 0.6121
2026-07-31 02:45:40,395 - pyskl - INFO - Epoch [2][5500/12529]	lr: 1.225e-02, eta: 3 days, 23:53:29, time: 1.890, data_time: 0.000, memory: 2640, top1_acc: 0.7975, top5_acc: 0.9613, loss_cls: 0.6735, loss: 0.6735
2026-07-31 02:48:48,879 - pyskl - INFO - Epoch [2][5600/12529]	lr: 1.225e-02, eta: 3 days, 23:50:12, time: 1.885, data_time: 0.000, memory: 2640, top1_acc: 0.8037, top5_acc: 0.9625, loss_cls: 0.6514, loss: 0.6514
2026-07-31 02:51:57,111 - pyskl - INFO - Epoch [2][5700/12529]	lr: 1.225e-02, eta: 3 days, 23:46:53, time: 1.882, data_time: 0.000, memory: 2640, top1_acc: 0.7963, top5_acc: 0.9688, loss_cls: 0.6629, loss: 0.6629
2026-07-31 02:55:06,302 - pyskl - INFO - Epoch [2][5800/12529]	lr: 1.224e-02, eta: 3 days, 23:43:44, time: 1.892, data_time: 0.000, memory: 2640, top1_acc: 0.8150, top5_acc: 0.9719, loss_cls: 0.6240, loss: 0.6240
2026-07-31 02:58:15,184 - pyskl - INFO - Epoch [2][5900/12529]	lr: 1.224e-02, eta: 3 days, 23:40:31, time: 1.889, data_time: 0.000, memory: 2640, top1_acc: 0.8119, top5_acc: 0.9637, loss_cls: 0.6197, loss: 0.6197
2026-07-31 03:01:24,051 - pyskl - INFO - Epoch [2][6000/12529]	lr: 1.224e-02, eta: 3 days, 23:37:19, time: 1.889, data_time: 0.000, memory: 2640, top1_acc: 0.7913, top5_acc: 0.9688, loss_cls: 0.6500, loss: 0.6500
2026-07-31 03:04:32,918 - pyskl - INFO - Epoch [2][6100/12529]	lr: 1.224e-02, eta: 3 days, 23:34:06, time: 1.889, data_time: 0.000, memory: 2640, top1_acc: 0.8069, top5_acc: 0.9656, loss_cls: 0.6203, loss: 0.6203
2026-07-31 03:07:42,353 - pyskl - INFO - Epoch [2][6200/12529]	lr: 1.223e-02, eta: 3 days, 23:30:59, time: 1.894, data_time: 0.000, memory: 2640, top1_acc: 0.8231, top5_acc: 0.9712, loss_cls: 0.5743, loss: 0.5743
2026-07-31 03:10:51,121 - pyskl - INFO - Epoch [2][6300/12529]	lr: 1.223e-02, eta: 3 days, 23:27:46, time: 1.888, data_time: 0.000, memory: 2640, top1_acc: 0.7913, top5_acc: 0.9738, loss_cls: 0.6296, loss: 0.6296
2026-07-31 03:13:59,702 - pyskl - INFO - Epoch [2][6400/12529]	lr: 1.223e-02, eta: 3 days, 23:24:30, time: 1.886, data_time: 0.000, memory: 2640, top1_acc: 0.7937, top5_acc: 0.9738, loss_cls: 0.6621, loss: 0.6621
2026-07-31 03:17:08,960 - pyskl - INFO - Epoch [2][6500/12529]	lr: 1.222e-02, eta: 3 days, 23:21:22, time: 1.893, data_time: 0.000, memory: 2640, top1_acc: 0.8231, top5_acc: 0.9744, loss_cls: 0.5630, loss: 0.5630
2026-07-31 03:20:18,202 - pyskl - INFO - Epoch [2][6600/12529]	lr: 1.222e-02, eta: 3 days, 23:18:13, time: 1.892, data_time: 0.000, memory: 2640, top1_acc: 0.8113, top5_acc: 0.9681, loss_cls: 0.6312, loss: 0.6312
2026-07-31 03:23:27,282 - pyskl - INFO - Epoch [2][6700/12529]	lr: 1.222e-02, eta: 3 days, 23:15:03, time: 1.891, data_time: 0.000, memory: 2640, top1_acc: 0.8125, top5_acc: 0.9675, loss_cls: 0.6140, loss: 0.6140
2026-07-31 03:26:36,394 - pyskl - INFO - Epoch [2][6800/12529]	lr: 1.222e-02, eta: 3 days, 23:11:53, time: 1.891, data_time: 0.000, memory: 2640, top1_acc: 0.8044, top5_acc: 0.9675, loss_cls: 0.6092, loss: 0.6092
2026-07-31 03:29:45,306 - pyskl - INFO - Epoch [2][6900/12529]	lr: 1.221e-02, eta: 3 days, 23:08:41, time: 1.889, data_time: 0.000, memory: 2640, top1_acc: 0.8125, top5_acc: 0.9762, loss_cls: 0.5909, loss: 0.5909
2026-07-31 03:32:54,325 - pyskl - INFO - Epoch [2][7000/12529]	lr: 1.221e-02, eta: 3 days, 23:05:30, time: 1.890, data_time: 0.000, memory: 2640, top1_acc: 0.8256, top5_acc: 0.9675, loss_cls: 0.5819, loss: 0.5819
2026-07-31 03:36:02,751 - pyskl - INFO - Epoch [2][7100/12529]	lr: 1.221e-02, eta: 3 days, 23:02:13, time: 1.884, data_time: 0.000, memory: 2640, top1_acc: 0.8187, top5_acc: 0.9675, loss_cls: 0.6327, loss: 0.6327
2026-07-31 03:39:11,324 - pyskl - INFO - Epoch [2][7200/12529]	lr: 1.220e-02, eta: 3 days, 22:58:58, time: 1.886, data_time: 0.000, memory: 2640, top1_acc: 0.8075, top5_acc: 0.9675, loss_cls: 0.6005, loss: 0.6005
2026-07-31 03:42:19,849 - pyskl - INFO - Epoch [2][7300/12529]	lr: 1.220e-02, eta: 3 days, 22:55:43, time: 1.885, data_time: 0.000, memory: 2640, top1_acc: 0.8087, top5_acc: 0.9694, loss_cls: 0.6249, loss: 0.6249
2026-07-31 03:45:28,809 - pyskl - INFO - Epoch [2][7400/12529]	lr: 1.220e-02, eta: 3 days, 22:52:32, time: 1.890, data_time: 0.000, memory: 2640, top1_acc: 0.7981, top5_acc: 0.9775, loss_cls: 0.6003, loss: 0.6003
2026-07-31 03:48:37,662 - pyskl - INFO - Epoch [2][7500/12529]	lr: 1.219e-02, eta: 3 days, 22:49:20, time: 1.889, data_time: 0.000, memory: 2640, top1_acc: 0.8106, top5_acc: 0.9650, loss_cls: 0.6202, loss: 0.6202
2026-07-31 03:51:46,483 - pyskl - INFO - Epoch [2][7600/12529]	lr: 1.219e-02, eta: 3 days, 22:46:07, time: 1.888, data_time: 0.000, memory: 2640, top1_acc: 0.7925, top5_acc: 0.9650, loss_cls: 0.6754, loss: 0.6754
2026-07-31 03:54:55,980 - pyskl - INFO - Epoch [2][7700/12529]	lr: 1.219e-02, eta: 3 days, 22:43:01, time: 1.895, data_time: 0.000, memory: 2640, top1_acc: 0.8081, top5_acc: 0.9681, loss_cls: 0.6276, loss: 0.6276
2026-07-31 03:58:04,668 - pyskl - INFO - Epoch [2][7800/12529]	lr: 1.219e-02, eta: 3 days, 22:39:47, time: 1.887, data_time: 0.000, memory: 2640, top1_acc: 0.8063, top5_acc: 0.9688, loss_cls: 0.6252, loss: 0.6252
2026-07-31 04:01:13,261 - pyskl - INFO - Epoch [2][7900/12529]	lr: 1.218e-02, eta: 3 days, 22:36:33, time: 1.886, data_time: 0.000, memory: 2640, top1_acc: 0.8156, top5_acc: 0.9675, loss_cls: 0.5981, loss: 0.5981
2026-07-31 04:04:22,060 - pyskl - INFO - Epoch [2][8000/12529]	lr: 1.218e-02, eta: 3 days, 22:33:20, time: 1.888, data_time: 0.000, memory: 2640, top1_acc: 0.7994, top5_acc: 0.9600, loss_cls: 0.6336, loss: 0.6336
2026-07-31 04:07:30,850 - pyskl - INFO - Epoch [2][8100/12529]	lr: 1.218e-02, eta: 3 days, 22:30:08, time: 1.888, data_time: 0.000, memory: 2640, top1_acc: 0.8137, top5_acc: 0.9625, loss_cls: 0.6233, loss: 0.6233
2026-07-31 04:10:39,183 - pyskl - INFO - Epoch [2][8200/12529]	lr: 1.217e-02, eta: 3 days, 22:26:51, time: 1.883, data_time: 0.000, memory: 2640, top1_acc: 0.8075, top5_acc: 0.9725, loss_cls: 0.6212, loss: 0.6212
2026-07-31 04:13:47,685 - pyskl - INFO - Epoch [2][8300/12529]	lr: 1.217e-02, eta: 3 days, 22:23:36, time: 1.885, data_time: 0.000, memory: 2640, top1_acc: 0.7937, top5_acc: 0.9613, loss_cls: 0.6565, loss: 0.6565
2026-07-31 04:16:56,590 - pyskl - INFO - Epoch [2][8400/12529]	lr: 1.217e-02, eta: 3 days, 22:20:25, time: 1.889, data_time: 0.000, memory: 2640, top1_acc: 0.8050, top5_acc: 0.9681, loss_cls: 0.6222, loss: 0.6222
2026-07-31 04:20:05,827 - pyskl - INFO - Epoch [2][8500/12529]	lr: 1.216e-02, eta: 3 days, 22:17:16, time: 1.892, data_time: 0.000, memory: 2640, top1_acc: 0.8025, top5_acc: 0.9675, loss_cls: 0.6232, loss: 0.6232
2026-07-31 04:23:14,555 - pyskl - INFO - Epoch [2][8600/12529]	lr: 1.216e-02, eta: 3 days, 22:14:03, time: 1.887, data_time: 0.000, memory: 2640, top1_acc: 0.8200, top5_acc: 0.9738, loss_cls: 0.5969, loss: 0.5969
2026-07-31 04:26:24,033 - pyskl - INFO - Epoch [2][8700/12529]	lr: 1.216e-02, eta: 3 days, 22:10:57, time: 1.895, data_time: 0.000, memory: 2640, top1_acc: 0.8150, top5_acc: 0.9706, loss_cls: 0.5920, loss: 0.5920
2026-07-31 04:29:33,310 - pyskl - INFO - Epoch [2][8800/12529]	lr: 1.215e-02, eta: 3 days, 22:07:48, time: 1.893, data_time: 0.000, memory: 2640, top1_acc: 0.8081, top5_acc: 0.9694, loss_cls: 0.6054, loss: 0.6054
2026-07-31 04:32:42,857 - pyskl - INFO - Epoch [2][8900/12529]	lr: 1.215e-02, eta: 3 days, 22:04:42, time: 1.895, data_time: 0.000, memory: 2640, top1_acc: 0.8094, top5_acc: 0.9731, loss_cls: 0.5952, loss: 0.5952
2026-07-31 04:35:51,883 - pyskl - INFO - Epoch [2][9000/12529]	lr: 1.215e-02, eta: 3 days, 22:01:32, time: 1.890, data_time: 0.000, memory: 2640, top1_acc: 0.8069, top5_acc: 0.9663, loss_cls: 0.6442, loss: 0.6442
2026-07-31 04:39:00,884 - pyskl - INFO - Epoch [2][9100/12529]	lr: 1.214e-02, eta: 3 days, 21:58:21, time: 1.890, data_time: 0.000, memory: 2640, top1_acc: 0.8256, top5_acc: 0.9775, loss_cls: 0.5447, loss: 0.5447
2026-07-31 04:42:10,156 - pyskl - INFO - Epoch [2][9200/12529]	lr: 1.214e-02, eta: 3 days, 21:55:13, time: 1.893, data_time: 0.000, memory: 2640, top1_acc: 0.8269, top5_acc: 0.9775, loss_cls: 0.5538, loss: 0.5538
2026-07-31 04:45:20,198 - pyskl - INFO - Epoch [2][9300/12529]	lr: 1.214e-02, eta: 3 days, 21:52:11, time: 1.900, data_time: 0.000, memory: 2640, top1_acc: 0.8069, top5_acc: 0.9694, loss_cls: 0.6228, loss: 0.6228
2026-07-31 04:48:29,221 - pyskl - INFO - Epoch [2][9400/12529]	lr: 1.213e-02, eta: 3 days, 21:49:01, time: 1.890, data_time: 0.000, memory: 2640, top1_acc: 0.8063, top5_acc: 0.9675, loss_cls: 0.6110, loss: 0.6110
2026-07-31 04:51:38,243 - pyskl - INFO - Epoch [2][9500/12529]	lr: 1.213e-02, eta: 3 days, 21:45:50, time: 1.890, data_time: 0.000, memory: 2640, top1_acc: 0.8231, top5_acc: 0.9656, loss_cls: 0.5966, loss: 0.5966
2026-07-31 04:54:47,364 - pyskl - INFO - Epoch [2][9600/12529]	lr: 1.213e-02, eta: 3 days, 21:42:41, time: 1.891, data_time: 0.000, memory: 2640, top1_acc: 0.8244, top5_acc: 0.9744, loss_cls: 0.5579, loss: 0.5579
2026-07-31 04:57:55,520 - pyskl - INFO - Epoch [2][9700/12529]	lr: 1.212e-02, eta: 3 days, 21:39:23, time: 1.882, data_time: 0.000, memory: 2640, top1_acc: 0.8106, top5_acc: 0.9725, loss_cls: 0.6076, loss: 0.6076
2026-07-31 05:01:04,663 - pyskl - INFO - Epoch [2][9800/12529]	lr: 1.212e-02, eta: 3 days, 21:36:14, time: 1.891, data_time: 0.000, memory: 2640, top1_acc: 0.8119, top5_acc: 0.9700, loss_cls: 0.6012, loss: 0.6012
2026-07-31 05:04:13,914 - pyskl - INFO - Epoch [2][9900/12529]	lr: 1.212e-02, eta: 3 days, 21:33:05, time: 1.892, data_time: 0.000, memory: 2640, top1_acc: 0.8231, top5_acc: 0.9731, loss_cls: 0.5801, loss: 0.5801
2026-07-31 05:07:23,072 - pyskl - INFO - Epoch [2][10000/12529]	lr: 1.211e-02, eta: 3 days, 21:29:56, time: 1.892, data_time: 0.000, memory: 2640, top1_acc: 0.8044, top5_acc: 0.9625, loss_cls: 0.6341, loss: 0.6341
2026-07-31 05:10:32,171 - pyskl - INFO - Epoch [2][10100/12529]	lr: 1.211e-02, eta: 3 days, 21:26:46, time: 1.891, data_time: 0.000, memory: 2640, top1_acc: 0.7969, top5_acc: 0.9694, loss_cls: 0.6630, loss: 0.6630
2026-07-31 05:13:42,008 - pyskl - INFO - Epoch [2][10200/12529]	lr: 1.211e-02, eta: 3 days, 21:23:42, time: 1.898, data_time: 0.000, memory: 2640, top1_acc: 0.7987, top5_acc: 0.9688, loss_cls: 0.6481, loss: 0.6481
2026-07-31 05:16:51,064 - pyskl - INFO - Epoch [2][10300/12529]	lr: 1.210e-02, eta: 3 days, 21:20:32, time: 1.891, data_time: 0.000, memory: 2640, top1_acc: 0.8075, top5_acc: 0.9712, loss_cls: 0.6124, loss: 0.6124
2026-07-31 05:20:00,192 - pyskl - INFO - Epoch [2][10400/12529]	lr: 1.210e-02, eta: 3 days, 21:17:23, time: 1.891, data_time: 0.000, memory: 2640, top1_acc: 0.8144, top5_acc: 0.9738, loss_cls: 0.5892, loss: 0.5892
2026-07-31 05:23:09,687 - pyskl - INFO - Epoch [2][10500/12529]	lr: 1.210e-02, eta: 3 days, 21:14:16, time: 1.895, data_time: 0.000, memory: 2640, top1_acc: 0.8175, top5_acc: 0.9700, loss_cls: 0.5847, loss: 0.5847
2026-07-31 05:26:18,295 - pyskl - INFO - Epoch [2][10600/12529]	lr: 1.209e-02, eta: 3 days, 21:11:03, time: 1.886, data_time: 0.000, memory: 2640, top1_acc: 0.8231, top5_acc: 0.9738, loss_cls: 0.5627, loss: 0.5627
2026-07-31 05:29:27,240 - pyskl - INFO - Epoch [2][10700/12529]	lr: 1.209e-02, eta: 3 days, 21:07:52, time: 1.889, data_time: 0.000, memory: 2640, top1_acc: 0.8281, top5_acc: 0.9806, loss_cls: 0.5208, loss: 0.5208
2026-07-31 05:32:36,171 - pyskl - INFO - Epoch [2][10800/12529]	lr: 1.209e-02, eta: 3 days, 21:04:41, time: 1.889, data_time: 0.000, memory: 2640, top1_acc: 0.8144, top5_acc: 0.9750, loss_cls: 0.5866, loss: 0.5866
2026-07-31 05:35:45,115 - pyskl - INFO - Epoch [2][10900/12529]	lr: 1.208e-02, eta: 3 days, 21:01:30, time: 1.889, data_time: 0.000, memory: 2640, top1_acc: 0.8200, top5_acc: 0.9775, loss_cls: 0.5852, loss: 0.5852
2026-07-31 05:38:54,102 - pyskl - INFO - Epoch [2][11000/12529]	lr: 1.208e-02, eta: 3 days, 20:58:19, time: 1.890, data_time: 0.000, memory: 2640, top1_acc: 0.8281, top5_acc: 0.9719, loss_cls: 0.5689, loss: 0.5689
2026-07-31 05:42:02,940 - pyskl - INFO - Epoch [2][11100/12529]	lr: 1.208e-02, eta: 3 days, 20:55:08, time: 1.888, data_time: 0.000, memory: 2640, top1_acc: 0.8137, top5_acc: 0.9681, loss_cls: 0.6173, loss: 0.6173
2026-07-31 05:45:12,225 - pyskl - INFO - Epoch [2][11200/12529]	lr: 1.207e-02, eta: 3 days, 20:51:59, time: 1.893, data_time: 0.000, memory: 2640, top1_acc: 0.8206, top5_acc: 0.9706, loss_cls: 0.6098, loss: 0.6098
2026-07-31 05:48:21,198 - pyskl - INFO - Epoch [2][11300/12529]	lr: 1.207e-02, eta: 3 days, 20:48:49, time: 1.890, data_time: 0.000, memory: 2640, top1_acc: 0.8256, top5_acc: 0.9725, loss_cls: 0.5444, loss: 0.5444
2026-07-31 05:51:30,366 - pyskl - INFO - Epoch [2][11400/12529]	lr: 1.207e-02, eta: 3 days, 20:45:40, time: 1.892, data_time: 0.000, memory: 2640, top1_acc: 0.8281, top5_acc: 0.9775, loss_cls: 0.5351, loss: 0.5351
2026-07-31 05:54:40,018 - pyskl - INFO - Epoch [2][11500/12529]	lr: 1.206e-02, eta: 3 days, 20:42:34, time: 1.897, data_time: 0.000, memory: 2640, top1_acc: 0.8319, top5_acc: 0.9794, loss_cls: 0.5255, loss: 0.5255
2026-07-31 05:57:48,947 - pyskl - INFO - Epoch [2][11600/12529]	lr: 1.206e-02, eta: 3 days, 20:39:23, time: 1.889, data_time: 0.000, memory: 2640, top1_acc: 0.8075, top5_acc: 0.9656, loss_cls: 0.6542, loss: 0.6542
2026-07-31 06:00:57,355 - pyskl - INFO - Epoch [2][11700/12529]	lr: 1.205e-02, eta: 3 days, 20:36:09, time: 1.884, data_time: 0.000, memory: 2640, top1_acc: 0.8194, top5_acc: 0.9725, loss_cls: 0.5950, loss: 0.5950
2026-07-31 06:04:06,139 - pyskl - INFO - Epoch [2][11800/12529]	lr: 1.205e-02, eta: 3 days, 20:32:57, time: 1.888, data_time: 0.000, memory: 2640, top1_acc: 0.8175, top5_acc: 0.9719, loss_cls: 0.5893, loss: 0.5893
2026-07-31 06:07:14,586 - pyskl - INFO - Epoch [2][11900/12529]	lr: 1.205e-02, eta: 3 days, 20:29:42, time: 1.884, data_time: 0.000, memory: 2640, top1_acc: 0.8306, top5_acc: 0.9775, loss_cls: 0.5495, loss: 0.5495
2026-07-31 06:10:23,080 - pyskl - INFO - Epoch [2][12000/12529]	lr: 1.204e-02, eta: 3 days, 20:26:28, time: 1.885, data_time: 0.000, memory: 2640, top1_acc: 0.8169, top5_acc: 0.9775, loss_cls: 0.5532, loss: 0.5532
2026-07-31 06:13:31,374 - pyskl - INFO - Epoch [2][12100/12529]	lr: 1.204e-02, eta: 3 days, 20:23:13, time: 1.883, data_time: 0.000, memory: 2640, top1_acc: 0.8369, top5_acc: 0.9781, loss_cls: 0.5374, loss: 0.5374
2026-07-31 06:16:39,891 - pyskl - INFO - Epoch [2][12200/12529]	lr: 1.204e-02, eta: 3 days, 20:19:59, time: 1.885, data_time: 0.000, memory: 2640, top1_acc: 0.8175, top5_acc: 0.9712, loss_cls: 0.5828, loss: 0.5828
2026-07-31 06:19:49,149 - pyskl - INFO - Epoch [2][12300/12529]	lr: 1.203e-02, eta: 3 days, 20:16:51, time: 1.893, data_time: 0.000, memory: 2640, top1_acc: 0.8231, top5_acc: 0.9738, loss_cls: 0.5853, loss: 0.5853
2026-07-31 06:22:57,985 - pyskl - INFO - Epoch [2][12400/12529]	lr: 1.203e-02, eta: 3 days, 20:13:40, time: 1.888, data_time: 0.000, memory: 2640, top1_acc: 0.8250, top5_acc: 0.9731, loss_cls: 0.5742, loss: 0.5742
2026-07-31 06:26:08,089 - pyskl - INFO - Epoch [2][12500/12529]	lr: 1.203e-02, eta: 3 days, 20:10:37, time: 1.901, data_time: 0.000, memory: 2640, top1_acc: 0.8237, top5_acc: 0.9750, loss_cls: 0.5519, loss: 0.5519
2026-07-31 06:27:02,551 - pyskl - INFO - Saving checkpoint at 2 epochs
2026-07-31 06:59:26,821 - pyskl - INFO - Evaluating top_k_accuracy ...
2026-07-31 06:59:26,881 - pyskl - INFO - 
top1_acc	0.7747
top5_acc	0.9610
2026-07-31 06:59:26,884 - pyskl - INFO - The previous best checkpoint D:\YXJProject\pythonProject\pyskl\work_dirs\stgcn++\ntu60_xsub_3dkp\j_single_gpu\best_top1_acc_epoch_1.pth was removed
2026-07-31 06:59:27,035 - pyskl - INFO - Now best checkpoint is saved as best_top1_acc_epoch_2.pth.
2026-07-31 06:59:27,035 - pyskl - INFO - Best top1_acc is 0.7747 at 2 epoch.
2026-07-31 06:59:27,038 - pyskl - INFO - Epoch(val) [2][1031]	top1_acc: 0.7747, top5_acc: 0.9610
2026-07-31 07:02:49,423 - pyskl - INFO - Epoch [3][100/12529]	lr: 1.202e-02, eta: 3 days, 20:01:43, time: 2.024, data_time: 0.122, memory: 2640, top1_acc: 0.8475, top5_acc: 0.9762, loss_cls: 0.5036, loss: 0.5036
2026-07-31 07:05:58,662 - pyskl - INFO - Epoch [3][200/12529]	lr: 1.202e-02, eta: 3 days, 19:58:36, time: 1.892, data_time: 0.000, memory: 2640, top1_acc: 0.8425, top5_acc: 0.9719, loss_cls: 0.5228, loss: 0.5228
2026-07-31 07:09:07,882 - pyskl - INFO - Epoch [3][300/12529]	lr: 1.201e-02, eta: 3 days, 19:55:29, time: 1.892, data_time: 0.000, memory: 2640, top1_acc: 0.8325, top5_acc: 0.9738, loss_cls: 0.5413, loss: 0.5413
2026-07-31 07:12:17,106 - pyskl - INFO - Epoch [3][400/12529]	lr: 1.201e-02, eta: 3 days, 19:52:21, time: 1.892, data_time: 0.000, memory: 2640, top1_acc: 0.8256, top5_acc: 0.9744, loss_cls: 0.5470, loss: 0.5470
2026-07-31 07:15:26,671 - pyskl - INFO - Epoch [3][500/12529]	lr: 1.201e-02, eta: 3 days, 19:49:16, time: 1.896, data_time: 0.000, memory: 2640, top1_acc: 0.8144, top5_acc: 0.9706, loss_cls: 0.5774, loss: 0.5774
2026-07-31 07:18:36,186 - pyskl - INFO - Epoch [3][600/12529]	lr: 1.200e-02, eta: 3 days, 19:46:11, time: 1.895, data_time: 0.000, memory: 2640, top1_acc: 0.8306, top5_acc: 0.9769, loss_cls: 0.5465, loss: 0.5465
2026-07-31 07:21:45,937 - pyskl - INFO - Epoch [3][700/12529]	lr: 1.200e-02, eta: 3 days, 19:43:07, time: 1.898, data_time: 0.000, memory: 2640, top1_acc: 0.8425, top5_acc: 0.9762, loss_cls: 0.5134, loss: 0.5134
2026-07-31 07:24:55,535 - pyskl - INFO - Epoch [3][800/12529]	lr: 1.199e-02, eta: 3 days, 19:40:02, time: 1.896, data_time: 0.000, memory: 2640, top1_acc: 0.8213, top5_acc: 0.9769, loss_cls: 0.5647, loss: 0.5647
2026-07-31 07:28:04,936 - pyskl - INFO - Epoch [3][900/12529]	lr: 1.199e-02, eta: 3 days, 19:36:56, time: 1.894, data_time: 0.000, memory: 2640, top1_acc: 0.8319, top5_acc: 0.9762, loss_cls: 0.5593, loss: 0.5593
2026-07-31 07:31:14,854 - pyskl - INFO - Epoch [3][1000/12529]	lr: 1.199e-02, eta: 3 days, 19:33:53, time: 1.899, data_time: 0.000, memory: 2640, top1_acc: 0.8337, top5_acc: 0.9712, loss_cls: 0.5531, loss: 0.5531
2026-07-31 07:34:24,476 - pyskl - INFO - Epoch [3][1100/12529]	lr: 1.198e-02, eta: 3 days, 19:30:48, time: 1.896, data_time: 0.000, memory: 2640, top1_acc: 0.8175, top5_acc: 0.9775, loss_cls: 0.5676, loss: 0.5676
2026-07-31 07:37:33,874 - pyskl - INFO - Epoch [3][1200/12529]	lr: 1.198e-02, eta: 3 days, 19:27:41, time: 1.894, data_time: 0.000, memory: 2640, top1_acc: 0.8025, top5_acc: 0.9719, loss_cls: 0.6312, loss: 0.6312
2026-07-31 07:40:43,181 - pyskl - INFO - Epoch [3][1300/12529]	lr: 1.197e-02, eta: 3 days, 19:24:34, time: 1.893, data_time: 0.000, memory: 2640, top1_acc: 0.8200, top5_acc: 0.9769, loss_cls: 0.5538, loss: 0.5538
2026-07-31 07:43:52,527 - pyskl - INFO - Epoch [3][1400/12529]	lr: 1.197e-02, eta: 3 days, 19:21:28, time: 1.893, data_time: 0.000, memory: 2640, top1_acc: 0.8131, top5_acc: 0.9762, loss_cls: 0.5812, loss: 0.5812
2026-07-31 07:47:01,685 - pyskl - INFO - Epoch [3][1500/12529]	lr: 1.197e-02, eta: 3 days, 19:18:20, time: 1.892, data_time: 0.000, memory: 2640, top1_acc: 0.8281, top5_acc: 0.9694, loss_cls: 0.5596, loss: 0.5596
2026-07-31 07:50:11,053 - pyskl - INFO - Epoch [3][1600/12529]	lr: 1.196e-02, eta: 3 days, 19:15:13, time: 1.894, data_time: 0.000, memory: 2640, top1_acc: 0.8438, top5_acc: 0.9775, loss_cls: 0.5445, loss: 0.5445
2026-07-31 07:53:21,090 - pyskl - INFO - Epoch [3][1700/12529]	lr: 1.196e-02, eta: 3 days, 19:12:11, time: 1.900, data_time: 0.000, memory: 2640, top1_acc: 0.8156, top5_acc: 0.9688, loss_cls: 0.5836, loss: 0.5836
2026-07-31 07:56:30,571 - pyskl - INFO - Epoch [3][1800/12529]	lr: 1.195e-02, eta: 3 days, 19:09:05, time: 1.895, data_time: 0.000, memory: 2640, top1_acc: 0.8344, top5_acc: 0.9756, loss_cls: 0.5515, loss: 0.5515
2026-07-31 07:59:41,136 - pyskl - INFO - Epoch [3][1900/12529]	lr: 1.195e-02, eta: 3 days, 19:06:05, time: 1.906, data_time: 0.000, memory: 2640, top1_acc: 0.8225, top5_acc: 0.9625, loss_cls: 0.5796, loss: 0.5796
2026-07-31 08:02:51,088 - pyskl - INFO - Epoch [3][2000/12529]	lr: 1.195e-02, eta: 3 days, 19:03:02, time: 1.900, data_time: 0.000, memory: 2640, top1_acc: 0.8275, top5_acc: 0.9756, loss_cls: 0.5436, loss: 0.5436
2026-07-31 08:06:00,045 - pyskl - INFO - Epoch [3][2100/12529]	lr: 1.194e-02, eta: 3 days, 18:59:53, time: 1.890, data_time: 0.000, memory: 2640, top1_acc: 0.8381, top5_acc: 0.9738, loss_cls: 0.5023, loss: 0.5023
2026-07-31 08:09:09,212 - pyskl - INFO - Epoch [3][2200/12529]	lr: 1.194e-02, eta: 3 days, 18:56:45, time: 1.892, data_time: 0.000, memory: 2640, top1_acc: 0.8287, top5_acc: 0.9756, loss_cls: 0.5440, loss: 0.5440
2026-07-31 08:12:18,403 - pyskl - INFO - Epoch [3][2300/12529]	lr: 1.193e-02, eta: 3 days, 18:53:37, time: 1.892, data_time: 0.000, memory: 2640, top1_acc: 0.8462, top5_acc: 0.9725, loss_cls: 0.5156, loss: 0.5156
2026-07-31 08:15:30,658 - pyskl - INFO - Epoch [3][2400/12529]	lr: 1.193e-02, eta: 3 days, 18:50:48, time: 1.923, data_time: 0.000, memory: 2640, top1_acc: 0.8438, top5_acc: 0.9725, loss_cls: 0.5181, loss: 0.5181
2026-07-31 08:18:44,079 - pyskl - INFO - Epoch [3][2500/12529]	lr: 1.193e-02, eta: 3 days, 18:48:07, time: 1.934, data_time: 0.000, memory: 2640, top1_acc: 0.8387, top5_acc: 0.9788, loss_cls: 0.5028, loss: 0.5028
2026-07-31 08:21:53,214 - pyskl - INFO - Epoch [3][2600/12529]	lr: 1.192e-02, eta: 3 days, 18:44:58, time: 1.891, data_time: 0.000, memory: 2640, top1_acc: 0.8369, top5_acc: 0.9812, loss_cls: 0.5072, loss: 0.5072
2026-07-31 08:25:02,013 - pyskl - INFO - Epoch [3][2700/12529]	lr: 1.192e-02, eta: 3 days, 18:41:47, time: 1.888, data_time: 0.000, memory: 2640, top1_acc: 0.8319, top5_acc: 0.9694, loss_cls: 0.5443, loss: 0.5443
2026-07-31 08:28:11,333 - pyskl - INFO - Epoch [3][2800/12529]	lr: 1.191e-02, eta: 3 days, 18:38:40, time: 1.893, data_time: 0.000, memory: 2640, top1_acc: 0.8363, top5_acc: 0.9688, loss_cls: 0.5581, loss: 0.5581
2026-07-31 08:31:20,757 - pyskl - INFO - Epoch [3][2900/12529]	lr: 1.191e-02, eta: 3 days, 18:35:33, time: 1.894, data_time: 0.000, memory: 2640, top1_acc: 0.8300, top5_acc: 0.9800, loss_cls: 0.5342, loss: 0.5342
2026-07-31 08:34:30,338 - pyskl - INFO - Epoch [3][3000/12529]	lr: 1.191e-02, eta: 3 days, 18:32:27, time: 1.896, data_time: 0.000, memory: 2640, top1_acc: 0.8456, top5_acc: 0.9744, loss_cls: 0.5098, loss: 0.5098
2026-07-31 08:37:40,289 - pyskl - INFO - Epoch [3][3100/12529]	lr: 1.190e-02, eta: 3 days, 18:29:24, time: 1.900, data_time: 0.000, memory: 2640, top1_acc: 0.8250, top5_acc: 0.9756, loss_cls: 0.5433, loss: 0.5433
2026-07-31 08:40:50,081 - pyskl - INFO - Epoch [3][3200/12529]	lr: 1.190e-02, eta: 3 days, 18:26:19, time: 1.898, data_time: 0.000, memory: 2640, top1_acc: 0.8194, top5_acc: 0.9750, loss_cls: 0.5705, loss: 0.5705
2026-07-31 08:43:59,631 - pyskl - INFO - Epoch [3][3300/12529]	lr: 1.189e-02, eta: 3 days, 18:23:13, time: 1.896, data_time: 0.000, memory: 2640, top1_acc: 0.8281, top5_acc: 0.9712, loss_cls: 0.5710, loss: 0.5710
2026-07-31 08:47:08,990 - pyskl - INFO - Epoch [3][3400/12529]	lr: 1.189e-02, eta: 3 days, 18:20:06, time: 1.894, data_time: 0.000, memory: 2640, top1_acc: 0.8375, top5_acc: 0.9781, loss_cls: 0.5176, loss: 0.5176
2026-07-31 08:50:17,973 - pyskl - INFO - Epoch [3][3500/12529]	lr: 1.188e-02, eta: 3 days, 18:16:56, time: 1.890, data_time: 0.000, memory: 2640, top1_acc: 0.8356, top5_acc: 0.9694, loss_cls: 0.5367, loss: 0.5367
2026-07-31 08:53:27,635 - pyskl - INFO - Epoch [3][3600/12529]	lr: 1.188e-02, eta: 3 days, 18:13:51, time: 1.897, data_time: 0.000, memory: 2640, top1_acc: 0.8381, top5_acc: 0.9775, loss_cls: 0.5238, loss: 0.5238
2026-07-31 08:56:37,016 - pyskl - INFO - Epoch [3][3700/12529]	lr: 1.188e-02, eta: 3 days, 18:10:43, time: 1.894, data_time: 0.000, memory: 2640, top1_acc: 0.8250, top5_acc: 0.9688, loss_cls: 0.5483, loss: 0.5483
2026-07-31 08:59:45,874 - pyskl - INFO - Epoch [3][3800/12529]	lr: 1.187e-02, eta: 3 days, 18:07:33, time: 1.889, data_time: 0.000, memory: 2640, top1_acc: 0.8213, top5_acc: 0.9675, loss_cls: 0.6027, loss: 0.6027
2026-07-31 09:02:54,795 - pyskl - INFO - Epoch [3][3900/12529]	lr: 1.187e-02, eta: 3 days, 18:04:23, time: 1.889, data_time: 0.000, memory: 2640, top1_acc: 0.8337, top5_acc: 0.9769, loss_cls: 0.5255, loss: 0.5255
2026-07-31 09:06:04,185 - pyskl - INFO - Epoch [3][4000/12529]	lr: 1.186e-02, eta: 3 days, 18:01:16, time: 1.894, data_time: 0.000, memory: 2640, top1_acc: 0.8231, top5_acc: 0.9731, loss_cls: 0.5666, loss: 0.5666
2026-07-31 09:09:13,989 - pyskl - INFO - Epoch [3][4100/12529]	lr: 1.186e-02, eta: 3 days, 17:58:11, time: 1.898, data_time: 0.000, memory: 2640, top1_acc: 0.8306, top5_acc: 0.9731, loss_cls: 0.5545, loss: 0.5545
2026-07-31 09:12:23,895 - pyskl - INFO - Epoch [3][4200/12529]	lr: 1.185e-02, eta: 3 days, 17:55:07, time: 1.899, data_time: 0.000, memory: 2640, top1_acc: 0.8350, top5_acc: 0.9756, loss_cls: 0.5269, loss: 0.5269
2026-07-31 09:15:33,569 - pyskl - INFO - Epoch [3][4300/12529]	lr: 1.185e-02, eta: 3 days, 17:52:01, time: 1.897, data_time: 0.000, memory: 2640, top1_acc: 0.8413, top5_acc: 0.9781, loss_cls: 0.5121, loss: 0.5121
2026-07-31 09:18:42,659 - pyskl - INFO - Epoch [3][4400/12529]	lr: 1.185e-02, eta: 3 days, 17:48:52, time: 1.891, data_time: 0.000, memory: 2640, top1_acc: 0.8469, top5_acc: 0.9769, loss_cls: 0.5112, loss: 0.5112
2026-07-31 09:21:52,274 - pyskl - INFO - Epoch [3][4500/12529]	lr: 1.184e-02, eta: 3 days, 17:45:46, time: 1.896, data_time: 0.000, memory: 2640, top1_acc: 0.8356, top5_acc: 0.9719, loss_cls: 0.5266, loss: 0.5266
2026-07-31 09:25:00,821 - pyskl - INFO - Epoch [3][4600/12529]	lr: 1.184e-02, eta: 3 days, 17:42:34, time: 1.885, data_time: 0.000, memory: 2640, top1_acc: 0.8225, top5_acc: 0.9825, loss_cls: 0.5632, loss: 0.5632
2026-07-31 09:28:10,118 - pyskl - INFO - Epoch [3][4700/12529]	lr: 1.183e-02, eta: 3 days, 17:39:27, time: 1.893, data_time: 0.000, memory: 2640, top1_acc: 0.8225, top5_acc: 0.9706, loss_cls: 0.5638, loss: 0.5638
2026-07-31 09:31:19,590 - pyskl - INFO - Epoch [3][4800/12529]	lr: 1.183e-02, eta: 3 days, 17:36:20, time: 1.895, data_time: 0.000, memory: 2640, top1_acc: 0.8494, top5_acc: 0.9781, loss_cls: 0.5050, loss: 0.5050
2026-07-31 09:34:28,742 - pyskl - INFO - Epoch [3][4900/12529]	lr: 1.182e-02, eta: 3 days, 17:33:11, time: 1.892, data_time: 0.000, memory: 2640, top1_acc: 0.8350, top5_acc: 0.9850, loss_cls: 0.5187, loss: 0.5187
2026-07-31 09:37:38,255 - pyskl - INFO - Epoch [3][5000/12529]	lr: 1.182e-02, eta: 3 days, 17:30:04, time: 1.895, data_time: 0.000, memory: 2640, top1_acc: 0.8244, top5_acc: 0.9675, loss_cls: 0.5747, loss: 0.5747
2026-07-31 09:40:47,400 - pyskl - INFO - Epoch [3][5100/12529]	lr: 1.181e-02, eta: 3 days, 17:26:56, time: 1.891, data_time: 0.000, memory: 2640, top1_acc: 0.8225, top5_acc: 0.9750, loss_cls: 0.5454, loss: 0.5454
2026-07-31 09:43:57,440 - pyskl - INFO - Epoch [3][5200/12529]	lr: 1.181e-02, eta: 3 days, 17:23:52, time: 1.900, data_time: 0.000, memory: 2640, top1_acc: 0.8294, top5_acc: 0.9800, loss_cls: 0.5428, loss: 0.5428
2026-07-31 09:47:06,892 - pyskl - INFO - Epoch [3][5300/12529]	lr: 1.181e-02, eta: 3 days, 17:20:45, time: 1.895, data_time: 0.000, memory: 2640, top1_acc: 0.8337, top5_acc: 0.9762, loss_cls: 0.5325, loss: 0.5325
2026-07-31 09:50:16,241 - pyskl - INFO - Epoch [3][5400/12529]	lr: 1.180e-02, eta: 3 days, 17:17:37, time: 1.893, data_time: 0.000, memory: 2640, top1_acc: 0.8413, top5_acc: 0.9794, loss_cls: 0.4950, loss: 0.4950
2026-07-31 09:53:26,023 - pyskl - INFO - Epoch [3][5500/12529]	lr: 1.180e-02, eta: 3 days, 17:14:32, time: 1.898, data_time: 0.000, memory: 2640, top1_acc: 0.8425, top5_acc: 0.9750, loss_cls: 0.5176, loss: 0.5176
2026-07-31 09:56:35,479 - pyskl - INFO - Epoch [3][5600/12529]	lr: 1.179e-02, eta: 3 days, 17:11:25, time: 1.895, data_time: 0.000, memory: 2640, top1_acc: 0.8475, top5_acc: 0.9756, loss_cls: 0.4934, loss: 0.4934
2026-07-31 09:59:45,534 - pyskl - INFO - Epoch [3][5700/12529]	lr: 1.179e-02, eta: 3 days, 17:08:21, time: 1.901, data_time: 0.000, memory: 2640, top1_acc: 0.8281, top5_acc: 0.9719, loss_cls: 0.5590, loss: 0.5590
2026-07-31 10:02:54,910 - pyskl - INFO - Epoch [3][5800/12529]	lr: 1.178e-02, eta: 3 days, 17:05:14, time: 1.894, data_time: 0.000, memory: 2640, top1_acc: 0.8263, top5_acc: 0.9781, loss_cls: 0.5288, loss: 0.5288
2026-07-31 10:06:03,977 - pyskl - INFO - Epoch [3][5900/12529]	lr: 1.178e-02, eta: 3 days, 17:02:05, time: 1.891, data_time: 0.000, memory: 2640, top1_acc: 0.8394, top5_acc: 0.9812, loss_cls: 0.5152, loss: 0.5152
2026-07-31 10:09:13,197 - pyskl - INFO - Epoch [3][6000/12529]	lr: 1.177e-02, eta: 3 days, 16:58:56, time: 1.892, data_time: 0.000, memory: 2640, top1_acc: 0.8281, top5_acc: 0.9719, loss_cls: 0.5681, loss: 0.5681
2026-07-31 10:12:22,716 - pyskl - INFO - Epoch [3][6100/12529]	lr: 1.177e-02, eta: 3 days, 16:55:49, time: 1.895, data_time: 0.000, memory: 2640, top1_acc: 0.8306, top5_acc: 0.9731, loss_cls: 0.5316, loss: 0.5316
2026-07-31 10:15:32,792 - pyskl - INFO - Epoch [3][6200/12529]	lr: 1.177e-02, eta: 3 days, 16:52:46, time: 1.901, data_time: 0.000, memory: 2640, top1_acc: 0.8500, top5_acc: 0.9788, loss_cls: 0.4896, loss: 0.4896
2026-07-31 10:18:41,957 - pyskl - INFO - Epoch [3][6300/12529]	lr: 1.176e-02, eta: 3 days, 16:49:37, time: 1.892, data_time: 0.000, memory: 2640, top1_acc: 0.8331, top5_acc: 0.9712, loss_cls: 0.5381, loss: 0.5381
2026-07-31 10:21:50,553 - pyskl - INFO - Epoch [3][6400/12529]	lr: 1.176e-02, eta: 3 days, 16:46:25, time: 1.886, data_time: 0.000, memory: 2640, top1_acc: 0.8350, top5_acc: 0.9688, loss_cls: 0.5408, loss: 0.5408
2026-07-31 10:25:00,039 - pyskl - INFO - Epoch [3][6500/12529]	lr: 1.175e-02, eta: 3 days, 16:43:18, time: 1.895, data_time: 0.000, memory: 2640, top1_acc: 0.8363, top5_acc: 0.9744, loss_cls: 0.5029, loss: 0.5029
2026-07-31 10:28:09,356 - pyskl - INFO - Epoch [3][6600/12529]	lr: 1.175e-02, eta: 3 days, 16:40:10, time: 1.893, data_time: 0.000, memory: 2640, top1_acc: 0.8494, top5_acc: 0.9788, loss_cls: 0.4890, loss: 0.4890
2026-07-31 10:31:19,425 - pyskl - INFO - Epoch [3][6700/12529]	lr: 1.174e-02, eta: 3 days, 16:37:06, time: 1.901, data_time: 0.000, memory: 2640, top1_acc: 0.8406, top5_acc: 0.9744, loss_cls: 0.5249, loss: 0.5249
2026-07-31 10:34:28,718 - pyskl - INFO - Epoch [3][6800/12529]	lr: 1.174e-02, eta: 3 days, 16:33:58, time: 1.893, data_time: 0.000, memory: 2640, top1_acc: 0.8337, top5_acc: 0.9738, loss_cls: 0.5403, loss: 0.5403
2026-07-31 10:37:38,454 - pyskl - INFO - Epoch [3][6900/12529]	lr: 1.173e-02, eta: 3 days, 16:30:52, time: 1.897, data_time: 0.000, memory: 2640, top1_acc: 0.8237, top5_acc: 0.9731, loss_cls: 0.5666, loss: 0.5666
2026-07-31 10:40:47,676 - pyskl - INFO - Epoch [3][7000/12529]	lr: 1.173e-02, eta: 3 days, 16:27:44, time: 1.892, data_time: 0.000, memory: 2640, top1_acc: 0.8306, top5_acc: 0.9750, loss_cls: 0.5484, loss: 0.5484
2026-07-31 10:43:57,007 - pyskl - INFO - Epoch [3][7100/12529]	lr: 1.172e-02, eta: 3 days, 16:24:36, time: 1.893, data_time: 0.000, memory: 2640, top1_acc: 0.8413, top5_acc: 0.9756, loss_cls: 0.5007, loss: 0.5007
2026-07-31 10:47:05,640 - pyskl - INFO - Epoch [3][7200/12529]	lr: 1.172e-02, eta: 3 days, 16:21:24, time: 1.886, data_time: 0.000, memory: 2640, top1_acc: 0.8394, top5_acc: 0.9725, loss_cls: 0.5168, loss: 0.5168
2026-07-31 10:50:14,600 - pyskl - INFO - Epoch [3][7300/12529]	lr: 1.171e-02, eta: 3 days, 16:18:14, time: 1.890, data_time: 0.000, memory: 2640, top1_acc: 0.8275, top5_acc: 0.9800, loss_cls: 0.5372, loss: 0.5372
2026-07-31 10:53:24,215 - pyskl - INFO - Epoch [3][7400/12529]	lr: 1.171e-02, eta: 3 days, 16:15:08, time: 1.896, data_time: 0.000, memory: 2640, top1_acc: 0.8450, top5_acc: 0.9781, loss_cls: 0.5010, loss: 0.5010
2026-07-31 10:56:32,970 - pyskl - INFO - Epoch [3][7500/12529]	lr: 1.170e-02, eta: 3 days, 16:11:57, time: 1.888, data_time: 0.000, memory: 2640, top1_acc: 0.8450, top5_acc: 0.9825, loss_cls: 0.4888, loss: 0.4888
2026-07-31 10:59:42,778 - pyskl - INFO - Epoch [3][7600/12529]	lr: 1.170e-02, eta: 3 days, 16:08:51, time: 1.898, data_time: 0.000, memory: 2640, top1_acc: 0.8375, top5_acc: 0.9781, loss_cls: 0.5198, loss: 0.5198
2026-07-31 11:02:51,914 - pyskl - INFO - Epoch [3][7700/12529]	lr: 1.169e-02, eta: 3 days, 16:05:43, time: 1.891, data_time: 0.000, memory: 2640, top1_acc: 0.8425, top5_acc: 0.9762, loss_cls: 0.5098, loss: 0.5098
2026-07-31 11:06:01,014 - pyskl - INFO - Epoch [3][7800/12529]	lr: 1.169e-02, eta: 3 days, 16:02:33, time: 1.891, data_time: 0.000, memory: 2640, top1_acc: 0.8469, top5_acc: 0.9781, loss_cls: 0.5147, loss: 0.5147
2026-07-31 11:09:09,773 - pyskl - INFO - Epoch [3][7900/12529]	lr: 1.168e-02, eta: 3 days, 15:59:23, time: 1.888, data_time: 0.000, memory: 2640, top1_acc: 0.8344, top5_acc: 0.9831, loss_cls: 0.4918, loss: 0.4918
2026-07-31 11:12:18,366 - pyskl - INFO - Epoch [3][8000/12529]	lr: 1.168e-02, eta: 3 days, 15:56:11, time: 1.886, data_time: 0.000, memory: 2640, top1_acc: 0.8337, top5_acc: 0.9694, loss_cls: 0.5383, loss: 0.5383
2026-07-31 11:15:30,086 - pyskl - INFO - Epoch [3][8100/12529]	lr: 1.168e-02, eta: 3 days, 15:53:15, time: 1.917, data_time: 0.000, memory: 2640, top1_acc: 0.8406, top5_acc: 0.9738, loss_cls: 0.5139, loss: 0.5139
2026-07-31 11:19:12,136 - pyskl - INFO - Epoch [3][8200/12529]	lr: 1.167e-02, eta: 3 days, 15:52:51, time: 2.220, data_time: 0.000, memory: 2640, top1_acc: 0.8231, top5_acc: 0.9738, loss_cls: 0.5457, loss: 0.5457
2026-07-31 11:22:54,467 - pyskl - INFO - Epoch [3][8300/12529]	lr: 1.167e-02, eta: 3 days, 15:52:28, time: 2.223, data_time: 0.000, memory: 2640, top1_acc: 0.8419, top5_acc: 0.9788, loss_cls: 0.5181, loss: 0.5181
2026-07-31 11:26:36,756 - pyskl - INFO - Epoch [3][8400/12529]	lr: 1.166e-02, eta: 3 days, 15:52:03, time: 2.223, data_time: 0.000, memory: 2640, top1_acc: 0.8387, top5_acc: 0.9750, loss_cls: 0.5215, loss: 0.5215
2026-07-31 11:30:19,470 - pyskl - INFO - Epoch [3][8500/12529]	lr: 1.166e-02, eta: 3 days, 15:51:40, time: 2.227, data_time: 0.000, memory: 2640, top1_acc: 0.8413, top5_acc: 0.9756, loss_cls: 0.4888, loss: 0.4888
2026-07-31 11:34:01,393 - pyskl - INFO - Epoch [3][8600/12529]	lr: 1.165e-02, eta: 3 days, 15:51:11, time: 2.219, data_time: 0.000, memory: 2640, top1_acc: 0.8431, top5_acc: 0.9812, loss_cls: 0.4692, loss: 0.4692
2026-07-31 11:37:43,749 - pyskl - INFO - Epoch [3][8700/12529]	lr: 1.165e-02, eta: 3 days, 15:50:43, time: 2.224, data_time: 0.000, memory: 2640, top1_acc: 0.8419, top5_acc: 0.9744, loss_cls: 0.5302, loss: 0.5302
2026-07-31 11:41:24,858 - pyskl - INFO - Epoch [3][8800/12529]	lr: 1.164e-02, eta: 3 days, 15:50:08, time: 2.211, data_time: 0.000, memory: 2640, top1_acc: 0.8456, top5_acc: 0.9788, loss_cls: 0.4861, loss: 0.4861
2026-07-31 11:45:07,199 - pyskl - INFO - Epoch [3][8900/12529]	lr: 1.164e-02, eta: 3 days, 15:49:38, time: 2.223, data_time: 0.000, memory: 2640, top1_acc: 0.8512, top5_acc: 0.9744, loss_cls: 0.5053, loss: 0.5053
2026-07-31 11:48:48,790 - pyskl - INFO - Epoch [3][9000/12529]	lr: 1.163e-02, eta: 3 days, 15:49:03, time: 2.216, data_time: 0.000, memory: 2640, top1_acc: 0.8294, top5_acc: 0.9769, loss_cls: 0.5250, loss: 0.5250
2026-07-31 11:52:30,935 - pyskl - INFO - Epoch [3][9100/12529]	lr: 1.163e-02, eta: 3 days, 15:48:29, time: 2.221, data_time: 0.000, memory: 2640, top1_acc: 0.8450, top5_acc: 0.9725, loss_cls: 0.5016, loss: 0.5016
2026-07-31 11:56:12,779 - pyskl - INFO - Epoch [3][9200/12529]	lr: 1.162e-02, eta: 3 days, 15:47:53, time: 2.218, data_time: 0.000, memory: 2640, top1_acc: 0.8294, top5_acc: 0.9762, loss_cls: 0.5509, loss: 0.5509
2026-07-31 11:59:54,516 - pyskl - INFO - Epoch [3][9300/12529]	lr: 1.162e-02, eta: 3 days, 15:47:16, time: 2.217, data_time: 0.000, memory: 2640, top1_acc: 0.8381, top5_acc: 0.9750, loss_cls: 0.5308, loss: 0.5308
2026-07-31 12:03:36,610 - pyskl - INFO - Epoch [3][9400/12529]	lr: 1.161e-02, eta: 3 days, 15:46:39, time: 2.221, data_time: 0.000, memory: 2640, top1_acc: 0.8488, top5_acc: 0.9800, loss_cls: 0.4797, loss: 0.4797
2026-07-31 12:07:17,698 - pyskl - INFO - Epoch [3][9500/12529]	lr: 1.161e-02, eta: 3 days, 15:45:56, time: 2.211, data_time: 0.000, memory: 2640, top1_acc: 0.8444, top5_acc: 0.9838, loss_cls: 0.4882, loss: 0.4882
2026-07-31 12:10:58,574 - pyskl - INFO - Epoch [3][9600/12529]	lr: 1.160e-02, eta: 3 days, 15:45:11, time: 2.209, data_time: 0.000, memory: 2640, top1_acc: 0.8519, top5_acc: 0.9781, loss_cls: 0.4925, loss: 0.4925
2026-07-31 12:14:39,659 - pyskl - INFO - Epoch [3][9700/12529]	lr: 1.160e-02, eta: 3 days, 15:44:26, time: 2.211, data_time: 0.000, memory: 2640, top1_acc: 0.8425, top5_acc: 0.9775, loss_cls: 0.4955, loss: 0.4955
2026-07-31 12:18:21,193 - pyskl - INFO - Epoch [3][9800/12529]	lr: 1.159e-02, eta: 3 days, 15:43:42, time: 2.215, data_time: 0.000, memory: 2640, top1_acc: 0.8525, top5_acc: 0.9825, loss_cls: 0.4932, loss: 0.4932
2026-07-31 12:22:03,509 - pyskl - INFO - Epoch [3][9900/12529]	lr: 1.159e-02, eta: 3 days, 15:43:01, time: 2.223, data_time: 0.000, memory: 2640, top1_acc: 0.8444, top5_acc: 0.9806, loss_cls: 0.4836, loss: 0.4836
2026-07-31 12:25:45,297 - pyskl - INFO - Epoch [3][10000/12529]	lr: 1.158e-02, eta: 3 days, 15:42:17, time: 2.218, data_time: 0.000, memory: 2640, top1_acc: 0.8456, top5_acc: 0.9731, loss_cls: 0.5046, loss: 0.5046
2026-07-31 12:29:27,020 - pyskl - INFO - Epoch [3][10100/12529]	lr: 1.158e-02, eta: 3 days, 15:41:31, time: 2.217, data_time: 0.000, memory: 2640, top1_acc: 0.8413, top5_acc: 0.9769, loss_cls: 0.5396, loss: 0.5396
2026-07-31 12:33:08,665 - pyskl - INFO - Epoch [3][10200/12529]	lr: 1.157e-02, eta: 3 days, 15:40:44, time: 2.216, data_time: 0.000, memory: 2640, top1_acc: 0.8419, top5_acc: 0.9756, loss_cls: 0.5297, loss: 0.5297
2026-07-31 12:36:51,149 - pyskl - INFO - Epoch [3][10300/12529]	lr: 1.156e-02, eta: 3 days, 15:39:59, time: 2.225, data_time: 0.000, memory: 2640, top1_acc: 0.8488, top5_acc: 0.9769, loss_cls: 0.4915, loss: 0.4915
2026-07-31 12:40:33,456 - pyskl - INFO - Epoch [3][10400/12529]	lr: 1.156e-02, eta: 3 days, 15:39:13, time: 2.223, data_time: 0.000, memory: 2640, top1_acc: 0.8200, top5_acc: 0.9663, loss_cls: 0.5837, loss: 0.5837
2026-07-31 12:44:17,018 - pyskl - INFO - Epoch [3][10500/12529]	lr: 1.155e-02, eta: 3 days, 15:38:32, time: 2.236, data_time: 0.000, memory: 2640, top1_acc: 0.8625, top5_acc: 0.9812, loss_cls: 0.4670, loss: 0.4670
2026-07-31 12:47:58,347 - pyskl - INFO - Epoch [3][10600/12529]	lr: 1.155e-02, eta: 3 days, 15:37:39, time: 2.213, data_time: 0.000, memory: 2640, top1_acc: 0.8331, top5_acc: 0.9731, loss_cls: 0.5372, loss: 0.5372
2026-07-31 12:51:38,931 - pyskl - INFO - Epoch [3][10700/12529]	lr: 1.154e-02, eta: 3 days, 15:36:42, time: 2.206, data_time: 0.000, memory: 2640, top1_acc: 0.8319, top5_acc: 0.9731, loss_cls: 0.5292, loss: 0.5292
2026-07-31 12:55:06,366 - pyskl - INFO - Epoch [3][10800/12529]	lr: 1.154e-02, eta: 3 days, 15:34:44, time: 2.074, data_time: 0.000, memory: 2640, top1_acc: 0.8556, top5_acc: 0.9781, loss_cls: 0.4791, loss: 0.4791
2026-07-31 12:58:34,770 - pyskl - INFO - Epoch [3][10900/12529]	lr: 1.153e-02, eta: 3 days, 15:32:49, time: 2.084, data_time: 0.000, memory: 2640, top1_acc: 0.8419, top5_acc: 0.9781, loss_cls: 0.5137, loss: 0.5137
2026-07-31 13:02:02,454 - pyskl - INFO - Epoch [3][11000/12529]	lr: 1.153e-02, eta: 3 days, 15:30:51, time: 2.077, data_time: 0.000, memory: 2640, top1_acc: 0.8525, top5_acc: 0.9781, loss_cls: 0.4721, loss: 0.4721
2026-07-31 13:05:29,516 - pyskl - INFO - Epoch [3][11100/12529]	lr: 1.152e-02, eta: 3 days, 15:28:50, time: 2.071, data_time: 0.000, memory: 2640, top1_acc: 0.8550, top5_acc: 0.9812, loss_cls: 0.4866, loss: 0.4866
2026-07-31 13:08:56,169 - pyskl - INFO - Epoch [3][11200/12529]	lr: 1.152e-02, eta: 3 days, 15:26:46, time: 2.066, data_time: 0.000, memory: 2640, top1_acc: 0.8588, top5_acc: 0.9825, loss_cls: 0.4633, loss: 0.4633
2026-07-31 13:12:22,081 - pyskl - INFO - Epoch [3][11300/12529]	lr: 1.151e-02, eta: 3 days, 15:24:38, time: 2.059, data_time: 0.000, memory: 2640, top1_acc: 0.8619, top5_acc: 0.9800, loss_cls: 0.4726, loss: 0.4726
2026-07-31 13:15:48,461 - pyskl - INFO - Epoch [3][11400/12529]	lr: 1.151e-02, eta: 3 days, 15:22:32, time: 2.064, data_time: 0.000, memory: 2640, top1_acc: 0.8413, top5_acc: 0.9838, loss_cls: 0.4915, loss: 0.4915
2026-07-31 13:19:14,777 - pyskl - INFO - Epoch [3][11500/12529]	lr: 1.150e-02, eta: 3 days, 15:20:26, time: 2.063, data_time: 0.000, memory: 2640, top1_acc: 0.8438, top5_acc: 0.9831, loss_cls: 0.4783, loss: 0.4783
2026-07-31 13:22:39,639 - pyskl - INFO - Epoch [3][11600/12529]	lr: 1.150e-02, eta: 3 days, 15:18:12, time: 2.049, data_time: 0.000, memory: 2640, top1_acc: 0.8369, top5_acc: 0.9731, loss_cls: 0.5203, loss: 0.5203
2026-07-31 13:26:05,434 - pyskl - INFO - Epoch [3][11700/12529]	lr: 1.149e-02, eta: 3 days, 15:16:02, time: 2.058, data_time: 0.000, memory: 2640, top1_acc: 0.8438, top5_acc: 0.9744, loss_cls: 0.5167, loss: 0.5167
2026-07-31 13:29:31,537 - pyskl - INFO - Epoch [3][11800/12529]	lr: 1.149e-02, eta: 3 days, 15:13:53, time: 2.061, data_time: 0.000, memory: 2640, top1_acc: 0.8562, top5_acc: 0.9850, loss_cls: 0.4554, loss: 0.4554
2026-07-31 13:32:56,693 - pyskl - INFO - Epoch [3][11900/12529]	lr: 1.148e-02, eta: 3 days, 15:11:40, time: 2.052, data_time: 0.000, memory: 2640, top1_acc: 0.8306, top5_acc: 0.9825, loss_cls: 0.5231, loss: 0.5231
2026-07-31 13:36:23,177 - pyskl - INFO - Epoch [3][12000/12529]	lr: 1.148e-02, eta: 3 days, 15:09:32, time: 2.065, data_time: 0.000, memory: 2640, top1_acc: 0.8500, top5_acc: 0.9731, loss_cls: 0.4989, loss: 0.4989
2026-07-31 13:39:48,364 - pyskl - INFO - Epoch [3][12100/12529]	lr: 1.147e-02, eta: 3 days, 15:07:17, time: 2.052, data_time: 0.000, memory: 2640, top1_acc: 0.8538, top5_acc: 0.9762, loss_cls: 0.5090, loss: 0.5090
2026-07-31 13:43:13,841 - pyskl - INFO - Epoch [3][12200/12529]	lr: 1.146e-02, eta: 3 days, 15:05:04, time: 2.055, data_time: 0.000, memory: 2640, top1_acc: 0.8431, top5_acc: 0.9769, loss_cls: 0.5127, loss: 0.5127
2026-07-31 13:46:39,196 - pyskl - INFO - Epoch [3][12300/12529]	lr: 1.146e-02, eta: 3 days, 15:02:50, time: 2.054, data_time: 0.000, memory: 2640, top1_acc: 0.8500, top5_acc: 0.9712, loss_cls: 0.4995, loss: 0.4995
2026-07-31 13:50:04,157 - pyskl - INFO - Epoch [3][12400/12529]	lr: 1.145e-02, eta: 3 days, 15:00:34, time: 2.050, data_time: 0.000, memory: 2640, top1_acc: 0.8344, top5_acc: 0.9806, loss_cls: 0.5249, loss: 0.5249
2026-07-31 13:53:42,085 - pyskl - INFO - Epoch [3][12500/12529]	lr: 1.145e-02, eta: 3 days, 14:59:13, time: 2.179, data_time: 0.000, memory: 2640, top1_acc: 0.8569, top5_acc: 0.9781, loss_cls: 0.4956, loss: 0.4956
2026-07-31 13:54:49,197 - pyskl - INFO - Saving checkpoint at 3 epochs
2026-07-31 14:34:03,200 - pyskl - INFO - Evaluating top_k_accuracy ...
2026-07-31 14:34:03,261 - pyskl - INFO - 
top1_acc	0.7739
top5_acc	0.9585
2026-07-31 14:34:03,264 - pyskl - INFO - Epoch(val) [3][1031]	top1_acc: 0.7739, top5_acc: 0.9585
2026-07-31 14:38:11,276 - pyskl - INFO - Epoch [4][100/12529]	lr: 1.144e-02, eta: 3 days, 14:55:05, time: 2.480, data_time: 0.123, memory: 2640, top1_acc: 0.8506, top5_acc: 0.9850, loss_cls: 0.4781, loss: 0.4781
2026-07-31 14:42:06,344 - pyskl - INFO - Epoch [4][200/12529]	lr: 1.144e-02, eta: 3 days, 14:54:58, time: 2.351, data_time: 0.000, memory: 2640, top1_acc: 0.8381, top5_acc: 0.9756, loss_cls: 0.5100, loss: 0.5100
2026-07-31 14:46:01,711 - pyskl - INFO - Epoch [4][300/12529]	lr: 1.143e-02, eta: 3 days, 14:54:50, time: 2.354, data_time: 0.000, memory: 2640, top1_acc: 0.8550, top5_acc: 0.9775, loss_cls: 0.4741, loss: 0.4741
2026-07-31 14:49:57,906 - pyskl - INFO - Epoch [4][400/12529]	lr: 1.142e-02, eta: 3 days, 14:54:45, time: 2.362, data_time: 0.000, memory: 2640, top1_acc: 0.8481, top5_acc: 0.9812, loss_cls: 0.5032, loss: 0.5032
2026-07-31 14:53:53,245 - pyskl - INFO - Epoch [4][500/12529]	lr: 1.142e-02, eta: 3 days, 14:54:34, time: 2.353, data_time: 0.000, memory: 2640, top1_acc: 0.8631, top5_acc: 0.9781, loss_cls: 0.4664, loss: 0.4664
2026-07-31 14:57:47,741 - pyskl - INFO - Epoch [4][600/12529]	lr: 1.141e-02, eta: 3 days, 14:54:19, time: 2.345, data_time: 0.000, memory: 2640, top1_acc: 0.8531, top5_acc: 0.9831, loss_cls: 0.4584, loss: 0.4584
2026-07-31 15:01:42,808 - pyskl - INFO - Epoch [4][700/12529]	lr: 1.141e-02, eta: 3 days, 14:54:06, time: 2.351, data_time: 0.000, memory: 2640, top1_acc: 0.8475, top5_acc: 0.9719, loss_cls: 0.5082, loss: 0.5082
2026-07-31 15:05:38,453 - pyskl - INFO - Epoch [4][800/12529]	lr: 1.140e-02, eta: 3 days, 14:53:53, time: 2.356, data_time: 0.000, memory: 2640, top1_acc: 0.8544, top5_acc: 0.9831, loss_cls: 0.4647, loss: 0.4647
2026-07-31 15:09:33,147 - pyskl - INFO - Epoch [4][900/12529]	lr: 1.140e-02, eta: 3 days, 14:53:36, time: 2.347, data_time: 0.000, memory: 2640, top1_acc: 0.8531, top5_acc: 0.9775, loss_cls: 0.4888, loss: 0.4888
2026-07-31 15:13:28,006 - pyskl - INFO - Epoch [4][1000/12529]	lr: 1.139e-02, eta: 3 days, 14:53:17, time: 2.349, data_time: 0.000, memory: 2640, top1_acc: 0.8413, top5_acc: 0.9806, loss_cls: 0.4923, loss: 0.4923
2026-07-31 15:17:22,808 - pyskl - INFO - Epoch [4][1100/12529]	lr: 1.139e-02, eta: 3 days, 14:52:58, time: 2.348, data_time: 0.000, memory: 2640, top1_acc: 0.8519, top5_acc: 0.9725, loss_cls: 0.5074, loss: 0.5074
2026-07-31 15:21:17,947 - pyskl - INFO - Epoch [4][1200/12529]	lr: 1.138e-02, eta: 3 days, 14:52:39, time: 2.351, data_time: 0.000, memory: 2640, top1_acc: 0.8413, top5_acc: 0.9762, loss_cls: 0.4864, loss: 0.4864
2026-07-31 15:25:12,770 - pyskl - INFO - Epoch [4][1300/12529]	lr: 1.137e-02, eta: 3 days, 14:52:17, time: 2.348, data_time: 0.000, memory: 2640, top1_acc: 0.8444, top5_acc: 0.9744, loss_cls: 0.5138, loss: 0.5138
2026-07-31 15:29:08,181 - pyskl - INFO - Epoch [4][1400/12529]	lr: 1.137e-02, eta: 3 days, 14:51:57, time: 2.354, data_time: 0.000, memory: 2640, top1_acc: 0.8575, top5_acc: 0.9838, loss_cls: 0.4576, loss: 0.4576
2026-07-31 15:33:03,519 - pyskl - INFO - Epoch [4][1500/12529]	lr: 1.136e-02, eta: 3 days, 14:51:36, time: 2.353, data_time: 0.000, memory: 2640, top1_acc: 0.8656, top5_acc: 0.9825, loss_cls: 0.4269, loss: 0.4269
2026-07-31 15:36:59,462 - pyskl - INFO - Epoch [4][1600/12529]	lr: 1.136e-02, eta: 3 days, 14:51:15, time: 2.359, data_time: 0.000, memory: 2640, top1_acc: 0.8431, top5_acc: 0.9744, loss_cls: 0.5080, loss: 0.5080
2026-07-31 15:40:55,052 - pyskl - INFO - Epoch [4][1700/12529]	lr: 1.135e-02, eta: 3 days, 14:50:53, time: 2.356, data_time: 0.000, memory: 2640, top1_acc: 0.8550, top5_acc: 0.9819, loss_cls: 0.4669, loss: 0.4669
2026-07-31 15:44:49,724 - pyskl - INFO - Epoch [4][1800/12529]	lr: 1.135e-02, eta: 3 days, 14:50:25, time: 2.347, data_time: 0.000, memory: 2640, top1_acc: 0.8462, top5_acc: 0.9844, loss_cls: 0.4818, loss: 0.4818
2026-07-31 15:48:45,739 - pyskl - INFO - Epoch [4][1900/12529]	lr: 1.134e-02, eta: 3 days, 14:50:02, time: 2.360, data_time: 0.000, memory: 2640, top1_acc: 0.8550, top5_acc: 0.9794, loss_cls: 0.4782, loss: 0.4782
2026-07-31 15:52:40,641 - pyskl - INFO - Epoch [4][2000/12529]	lr: 1.134e-02, eta: 3 days, 14:49:33, time: 2.349, data_time: 0.000, memory: 2640, top1_acc: 0.8631, top5_acc: 0.9819, loss_cls: 0.4354, loss: 0.4354
2026-07-31 15:56:35,269 - pyskl - INFO - Epoch [4][2100/12529]	lr: 1.133e-02, eta: 3 days, 14:49:02, time: 2.346, data_time: 0.000, memory: 2640, top1_acc: 0.8475, top5_acc: 0.9781, loss_cls: 0.4664, loss: 0.4664
2026-07-31 16:00:29,639 - pyskl - INFO - Epoch [4][2200/12529]	lr: 1.132e-02, eta: 3 days, 14:48:29, time: 2.344, data_time: 0.000, memory: 2640, top1_acc: 0.8656, top5_acc: 0.9856, loss_cls: 0.4384, loss: 0.4384
2026-07-31 16:04:24,279 - pyskl - INFO - Epoch [4][2300/12529]	lr: 1.132e-02, eta: 3 days, 14:47:56, time: 2.346, data_time: 0.000, memory: 2640, top1_acc: 0.8681, top5_acc: 0.9800, loss_cls: 0.4389, loss: 0.4389
2026-07-31 16:08:19,513 - pyskl - INFO - Epoch [4][2400/12529]	lr: 1.131e-02, eta: 3 days, 14:47:25, time: 2.352, data_time: 0.000, memory: 2640, top1_acc: 0.8350, top5_acc: 0.9731, loss_cls: 0.5207, loss: 0.5207
2026-07-31 16:12:14,225 - pyskl - INFO - Epoch [4][2500/12529]	lr: 1.131e-02, eta: 3 days, 14:46:50, time: 2.347, data_time: 0.000, memory: 2640, top1_acc: 0.8550, top5_acc: 0.9781, loss_cls: 0.4374, loss: 0.4374
2026-07-31 16:16:08,156 - pyskl - INFO - Epoch [4][2600/12529]	lr: 1.130e-02, eta: 3 days, 14:46:12, time: 2.339, data_time: 0.000, memory: 2640, top1_acc: 0.8494, top5_acc: 0.9844, loss_cls: 0.4552, loss: 0.4552
2026-07-31 16:20:02,304 - pyskl - INFO - Epoch [4][2700/12529]	lr: 1.130e-02, eta: 3 days, 14:45:33, time: 2.341, data_time: 0.000, memory: 2640, top1_acc: 0.8450, top5_acc: 0.9831, loss_cls: 0.4791, loss: 0.4791
2026-07-31 16:23:56,847 - pyskl - INFO - Epoch [4][2800/12529]	lr: 1.129e-02, eta: 3 days, 14:44:55, time: 2.345, data_time: 0.000, memory: 2640, top1_acc: 0.8681, top5_acc: 0.9756, loss_cls: 0.4336, loss: 0.4336
2026-07-31 16:27:51,596 - pyskl - INFO - Epoch [4][2900/12529]	lr: 1.128e-02, eta: 3 days, 14:44:16, time: 2.347, data_time: 0.000, memory: 2640, top1_acc: 0.8531, top5_acc: 0.9794, loss_cls: 0.4634, loss: 0.4634
2026-07-31 16:31:45,875 - pyskl - INFO - Epoch [4][3000/12529]	lr: 1.128e-02, eta: 3 days, 14:43:35, time: 2.343, data_time: 0.000, memory: 2640, top1_acc: 0.8488, top5_acc: 0.9800, loss_cls: 0.4851, loss: 0.4851
2026-07-31 16:35:39,951 - pyskl - INFO - Epoch [4][3100/12529]	lr: 1.127e-02, eta: 3 days, 14:42:52, time: 2.341, data_time: 0.000, memory: 2640, top1_acc: 0.8531, top5_acc: 0.9781, loss_cls: 0.4649, loss: 0.4649
2026-07-31 16:39:34,350 - pyskl - INFO - Epoch [4][3200/12529]	lr: 1.127e-02, eta: 3 days, 14:42:09, time: 2.344, data_time: 0.000, memory: 2640, top1_acc: 0.8425, top5_acc: 0.9762, loss_cls: 0.5131, loss: 0.5131
2026-07-31 16:43:28,695 - pyskl - INFO - Epoch [4][3300/12529]	lr: 1.126e-02, eta: 3 days, 14:41:26, time: 2.343, data_time: 0.000, memory: 2640, top1_acc: 0.8581, top5_acc: 0.9781, loss_cls: 0.4694, loss: 0.4694
2026-07-31 16:47:23,427 - pyskl - INFO - Epoch [4][3400/12529]	lr: 1.125e-02, eta: 3 days, 14:40:42, time: 2.347, data_time: 0.000, memory: 2640, top1_acc: 0.8675, top5_acc: 0.9812, loss_cls: 0.4435, loss: 0.4435
2026-07-31 16:51:17,619 - pyskl - INFO - Epoch [4][3500/12529]	lr: 1.125e-02, eta: 3 days, 14:39:56, time: 2.342, data_time: 0.000, memory: 2640, top1_acc: 0.8481, top5_acc: 0.9850, loss_cls: 0.4652, loss: 0.4652
2026-07-31 16:55:13,032 - pyskl - INFO - Epoch [4][3600/12529]	lr: 1.124e-02, eta: 3 days, 14:39:14, time: 2.354, data_time: 0.000, memory: 2640, top1_acc: 0.8469, top5_acc: 0.9750, loss_cls: 0.5019, loss: 0.5019
2026-07-31 16:59:06,603 - pyskl - INFO - Epoch [4][3700/12529]	lr: 1.124e-02, eta: 3 days, 14:38:23, time: 2.336, data_time: 0.000, memory: 2640, top1_acc: 0.8438, top5_acc: 0.9769, loss_cls: 0.4846, loss: 0.4846
2026-07-31 17:03:00,371 - pyskl - INFO - Epoch [4][3800/12529]	lr: 1.123e-02, eta: 3 days, 14:37:33, time: 2.338, data_time: 0.000, memory: 2640, top1_acc: 0.8488, top5_acc: 0.9731, loss_cls: 0.4939, loss: 0.4939
2026-07-31 17:06:53,748 - pyskl - INFO - Epoch [4][3900/12529]	lr: 1.122e-02, eta: 3 days, 14:36:40, time: 2.334, data_time: 0.000, memory: 2640, top1_acc: 0.8481, top5_acc: 0.9794, loss_cls: 0.4791, loss: 0.4791
2026-07-31 17:10:47,507 - pyskl - INFO - Epoch [4][4000/12529]	lr: 1.122e-02, eta: 3 days, 14:35:47, time: 2.338, data_time: 0.000, memory: 2640, top1_acc: 0.8700, top5_acc: 0.9788, loss_cls: 0.4185, loss: 0.4185
2026-07-31 17:14:42,806 - pyskl - INFO - Epoch [4][4100/12529]	lr: 1.121e-02, eta: 3 days, 14:35:00, time: 2.353, data_time: 0.000, memory: 2640, top1_acc: 0.8556, top5_acc: 0.9769, loss_cls: 0.4781, loss: 0.4781
2026-07-31 17:18:38,062 - pyskl - INFO - Epoch [4][4200/12529]	lr: 1.121e-02, eta: 3 days, 14:34:12, time: 2.353, data_time: 0.000, memory: 2640, top1_acc: 0.8656, top5_acc: 0.9844, loss_cls: 0.4458, loss: 0.4458
2026-07-31 17:22:33,625 - pyskl - INFO - Epoch [4][4300/12529]	lr: 1.120e-02, eta: 3 days, 14:33:23, time: 2.356, data_time: 0.000, memory: 2640, top1_acc: 0.8669, top5_acc: 0.9794, loss_cls: 0.4369, loss: 0.4369
2026-07-31 17:26:28,937 - pyskl - INFO - Epoch [4][4400/12529]	lr: 1.120e-02, eta: 3 days, 14:32:33, time: 2.353, data_time: 0.000, memory: 2640, top1_acc: 0.8725, top5_acc: 0.9794, loss_cls: 0.4410, loss: 0.4410
2026-07-31 17:30:23,695 - pyskl - INFO - Epoch [4][4500/12529]	lr: 1.119e-02, eta: 3 days, 14:31:40, time: 2.348, data_time: 0.000, memory: 2640, top1_acc: 0.8400, top5_acc: 0.9762, loss_cls: 0.4974, loss: 0.4974
2026-07-31 17:34:18,251 - pyskl - INFO - Epoch [4][4600/12529]	lr: 1.118e-02, eta: 3 days, 14:30:46, time: 2.346, data_time: 0.000, memory: 2640, top1_acc: 0.8606, top5_acc: 0.9788, loss_cls: 0.4618, loss: 0.4618
2026-07-31 17:38:13,030 - pyskl - INFO - Epoch [4][4700/12529]	lr: 1.118e-02, eta: 3 days, 14:29:51, time: 2.348, data_time: 0.000, memory: 2640, top1_acc: 0.8406, top5_acc: 0.9781, loss_cls: 0.5283, loss: 0.5283
2026-07-31 17:42:07,838 - pyskl - INFO - Epoch [4][4800/12529]	lr: 1.117e-02, eta: 3 days, 14:28:56, time: 2.348, data_time: 0.000, memory: 2640, top1_acc: 0.8462, top5_acc: 0.9725, loss_cls: 0.5108, loss: 0.5108
2026-07-31 17:46:01,942 - pyskl - INFO - Epoch [4][4900/12529]	lr: 1.117e-02, eta: 3 days, 14:27:57, time: 2.341, data_time: 0.000, memory: 2640, top1_acc: 0.8506, top5_acc: 0.9762, loss_cls: 0.4891, loss: 0.4891
2026-07-31 17:49:56,732 - pyskl - INFO - Epoch [4][5000/12529]	lr: 1.116e-02, eta: 3 days, 14:27:00, time: 2.348, data_time: 0.000, memory: 2640, top1_acc: 0.8725, top5_acc: 0.9825, loss_cls: 0.4219, loss: 0.4219
2026-07-31 17:53:51,758 - pyskl - INFO - Epoch [4][5100/12529]	lr: 1.115e-02, eta: 3 days, 14:26:03, time: 2.350, data_time: 0.000, memory: 2640, top1_acc: 0.8662, top5_acc: 0.9800, loss_cls: 0.4419, loss: 0.4419
2026-07-31 17:57:46,585 - pyskl - INFO - Epoch [4][5200/12529]	lr: 1.115e-02, eta: 3 days, 14:25:04, time: 2.348, data_time: 0.000, memory: 2640, top1_acc: 0.8644, top5_acc: 0.9819, loss_cls: 0.4435, loss: 0.4435
2026-07-31 18:01:40,562 - pyskl - INFO - Epoch [4][5300/12529]	lr: 1.114e-02, eta: 3 days, 14:24:02, time: 2.340, data_time: 0.000, memory: 2640, top1_acc: 0.8569, top5_acc: 0.9812, loss_cls: 0.4707, loss: 0.4707
2026-07-31 18:05:35,412 - pyskl - INFO - Epoch [4][5400/12529]	lr: 1.113e-02, eta: 3 days, 14:23:02, time: 2.348, data_time: 0.000, memory: 2640, top1_acc: 0.8588, top5_acc: 0.9788, loss_cls: 0.4656, loss: 0.4656
2026-07-31 18:09:29,064 - pyskl - INFO - Epoch [4][5500/12529]	lr: 1.113e-02, eta: 3 days, 14:21:56, time: 2.337, data_time: 0.000, memory: 2640, top1_acc: 0.8575, top5_acc: 0.9788, loss_cls: 0.4476, loss: 0.4476
2026-07-31 18:13:23,288 - pyskl - INFO - Epoch [4][5600/12529]	lr: 1.112e-02, eta: 3 days, 14:20:52, time: 2.342, data_time: 0.000, memory: 2640, top1_acc: 0.8700, top5_acc: 0.9819, loss_cls: 0.4310, loss: 0.4310
2026-07-31 18:17:17,488 - pyskl - INFO - Epoch [4][5700/12529]	lr: 1.112e-02, eta: 3 days, 14:19:47, time: 2.342, data_time: 0.000, memory: 2640, top1_acc: 0.8456, top5_acc: 0.9856, loss_cls: 0.4716, loss: 0.4716
2026-07-31 18:21:12,891 - pyskl - INFO - Epoch [4][5800/12529]	lr: 1.111e-02, eta: 3 days, 14:18:46, time: 2.354, data_time: 0.000, memory: 2640, top1_acc: 0.8712, top5_acc: 0.9881, loss_cls: 0.4138, loss: 0.4138
2026-07-31 18:25:07,399 - pyskl - INFO - Epoch [4][5900/12529]	lr: 1.110e-02, eta: 3 days, 14:17:41, time: 2.345, data_time: 0.000, memory: 2640, top1_acc: 0.8531, top5_acc: 0.9762, loss_cls: 0.4793, loss: 0.4793
2026-07-31 18:29:01,836 - pyskl - INFO - Epoch [4][6000/12529]	lr: 1.110e-02, eta: 3 days, 14:16:34, time: 2.344, data_time: 0.000, memory: 2640, top1_acc: 0.8569, top5_acc: 0.9825, loss_cls: 0.4627, loss: 0.4627
2026-07-31 18:32:55,893 - pyskl - INFO - Epoch [4][6100/12529]	lr: 1.109e-02, eta: 3 days, 14:15:26, time: 2.341, data_time: 0.000, memory: 2640, top1_acc: 0.8313, top5_acc: 0.9719, loss_cls: 0.5447, loss: 0.5447
2026-07-31 18:36:50,408 - pyskl - INFO - Epoch [4][6200/12529]	lr: 1.109e-02, eta: 3 days, 14:14:18, time: 2.345, data_time: 0.000, memory: 2640, top1_acc: 0.8612, top5_acc: 0.9794, loss_cls: 0.4585, loss: 0.4585
2026-07-31 18:40:44,840 - pyskl - INFO - Epoch [4][6300/12529]	lr: 1.108e-02, eta: 3 days, 14:13:09, time: 2.344, data_time: 0.000, memory: 2640, top1_acc: 0.8569, top5_acc: 0.9844, loss_cls: 0.4637, loss: 0.4637
2026-07-31 18:44:39,792 - pyskl - INFO - Epoch [4][6400/12529]	lr: 1.107e-02, eta: 3 days, 14:12:02, time: 2.350, data_time: 0.000, memory: 2640, top1_acc: 0.8588, top5_acc: 0.9838, loss_cls: 0.4313, loss: 0.4313
2026-07-31 18:48:34,609 - pyskl - INFO - Epoch [4][6500/12529]	lr: 1.107e-02, eta: 3 days, 14:10:53, time: 2.348, data_time: 0.000, memory: 2640, top1_acc: 0.8600, top5_acc: 0.9769, loss_cls: 0.4801, loss: 0.4801
2026-07-31 18:52:29,820 - pyskl - INFO - Epoch [4][6600/12529]	lr: 1.106e-02, eta: 3 days, 14:09:45, time: 2.352, data_time: 0.000, memory: 2640, top1_acc: 0.8494, top5_acc: 0.9756, loss_cls: 0.4804, loss: 0.4804
2026-07-31 18:56:24,232 - pyskl - INFO - Epoch [4][6700/12529]	lr: 1.105e-02, eta: 3 days, 14:08:33, time: 2.344, data_time: 0.000, memory: 2640, top1_acc: 0.8644, top5_acc: 0.9844, loss_cls: 0.4433, loss: 0.4433
2026-07-31 19:00:18,312 - pyskl - INFO - Epoch [4][6800/12529]	lr: 1.105e-02, eta: 3 days, 14:07:19, time: 2.341, data_time: 0.000, memory: 2640, top1_acc: 0.8538, top5_acc: 0.9756, loss_cls: 0.4571, loss: 0.4571
2026-07-31 19:04:12,946 - pyskl - INFO - Epoch [4][6900/12529]	lr: 1.104e-02, eta: 3 days, 14:06:07, time: 2.346, data_time: 0.000, memory: 2640, top1_acc: 0.8556, top5_acc: 0.9800, loss_cls: 0.4519, loss: 0.4519
2026-07-31 19:08:07,790 - pyskl - INFO - Epoch [4][7000/12529]	lr: 1.104e-02, eta: 3 days, 14:04:54, time: 2.348, data_time: 0.000, memory: 2640, top1_acc: 0.8669, top5_acc: 0.9831, loss_cls: 0.4354, loss: 0.4354
2026-07-31 19:12:02,306 - pyskl - INFO - Epoch [4][7100/12529]	lr: 1.103e-02, eta: 3 days, 14:03:40, time: 2.345, data_time: 0.000, memory: 2640, top1_acc: 0.8544, top5_acc: 0.9738, loss_cls: 0.4680, loss: 0.4680
2026-07-31 19:15:57,207 - pyskl - INFO - Epoch [4][7200/12529]	lr: 1.102e-02, eta: 3 days, 14:02:26, time: 2.349, data_time: 0.000, memory: 2640, top1_acc: 0.8756, top5_acc: 0.9794, loss_cls: 0.4102, loss: 0.4102
2026-07-31 19:19:51,935 - pyskl - INFO - Epoch [4][7300/12529]	lr: 1.102e-02, eta: 3 days, 14:01:11, time: 2.347, data_time: 0.000, memory: 2640, top1_acc: 0.8481, top5_acc: 0.9819, loss_cls: 0.4848, loss: 0.4848
2026-07-31 19:23:46,381 - pyskl - INFO - Epoch [4][7400/12529]	lr: 1.101e-02, eta: 3 days, 13:59:54, time: 2.344, data_time: 0.000, memory: 2640, top1_acc: 0.8363, top5_acc: 0.9712, loss_cls: 0.5208, loss: 0.5208
2026-07-31 19:27:40,864 - pyskl - INFO - Epoch [4][7500/12529]	lr: 1.100e-02, eta: 3 days, 13:58:37, time: 2.345, data_time: 0.000, memory: 2640, top1_acc: 0.8356, top5_acc: 0.9850, loss_cls: 0.4889, loss: 0.4889
2026-07-31 19:31:35,118 - pyskl - INFO - Epoch [4][7600/12529]	lr: 1.100e-02, eta: 3 days, 13:57:18, time: 2.343, data_time: 0.000, memory: 2640, top1_acc: 0.8462, top5_acc: 0.9781, loss_cls: 0.4856, loss: 0.4856
2026-07-31 19:35:29,930 - pyskl - INFO - Epoch [4][7700/12529]	lr: 1.099e-02, eta: 3 days, 13:56:01, time: 2.348, data_time: 0.000, memory: 2640, top1_acc: 0.8500, top5_acc: 0.9794, loss_cls: 0.4787, loss: 0.4787
2026-07-31 19:39:24,692 - pyskl - INFO - Epoch [4][7800/12529]	lr: 1.098e-02, eta: 3 days, 13:54:42, time: 2.348, data_time: 0.000, memory: 2640, top1_acc: 0.8325, top5_acc: 0.9719, loss_cls: 0.5230, loss: 0.5230
2026-07-31 19:43:18,736 - pyskl - INFO - Epoch [4][7900/12529]	lr: 1.098e-02, eta: 3 days, 13:53:21, time: 2.340, data_time: 0.000, memory: 2640, top1_acc: 0.8356, top5_acc: 0.9762, loss_cls: 0.5069, loss: 0.5069
2026-07-31 19:47:14,219 - pyskl - INFO - Epoch [4][8000/12529]	lr: 1.097e-02, eta: 3 days, 13:52:03, time: 2.355, data_time: 0.000, memory: 2640, top1_acc: 0.8462, top5_acc: 0.9762, loss_cls: 0.4573, loss: 0.4573
2026-07-31 19:51:08,399 - pyskl - INFO - Epoch [4][8100/12529]	lr: 1.097e-02, eta: 3 days, 13:50:41, time: 2.342, data_time: 0.000, memory: 2640, top1_acc: 0.8575, top5_acc: 0.9825, loss_cls: 0.4329, loss: 0.4329
2026-07-31 19:55:03,583 - pyskl - INFO - Epoch [4][8200/12529]	lr: 1.096e-02, eta: 3 days, 13:49:21, time: 2.352, data_time: 0.000, memory: 2640, top1_acc: 0.8469, top5_acc: 0.9819, loss_cls: 0.4889, loss: 0.4889
2026-07-31 19:58:57,779 - pyskl - INFO - Epoch [4][8300/12529]	lr: 1.095e-02, eta: 3 days, 13:47:58, time: 2.342, data_time: 0.000, memory: 2640, top1_acc: 0.8669, top5_acc: 0.9812, loss_cls: 0.4427, loss: 0.4427
2026-07-31 20:02:52,178 - pyskl - INFO - Epoch [4][8400/12529]	lr: 1.095e-02, eta: 3 days, 13:46:34, time: 2.344, data_time: 0.000, memory: 2640, top1_acc: 0.8456, top5_acc: 0.9775, loss_cls: 0.4917, loss: 0.4917
2026-07-31 20:06:46,869 - pyskl - INFO - Epoch [4][8500/12529]	lr: 1.094e-02, eta: 3 days, 13:45:11, time: 2.347, data_time: 0.000, memory: 2640, top1_acc: 0.8631, top5_acc: 0.9825, loss_cls: 0.4592, loss: 0.4592
2026-07-31 20:10:40,854 - pyskl - INFO - Epoch [4][8600/12529]	lr: 1.093e-02, eta: 3 days, 13:43:44, time: 2.340, data_time: 0.000, memory: 2640, top1_acc: 0.8631, top5_acc: 0.9775, loss_cls: 0.4565, loss: 0.4565
2026-07-31 20:14:35,827 - pyskl - INFO - Epoch [4][8700/12529]	lr: 1.093e-02, eta: 3 days, 13:42:21, time: 2.350, data_time: 0.000, memory: 2640, top1_acc: 0.8619, top5_acc: 0.9831, loss_cls: 0.4326, loss: 0.4326
2026-07-31 20:18:30,355 - pyskl - INFO - Epoch [4][8800/12529]	lr: 1.092e-02, eta: 3 days, 13:40:55, time: 2.345, data_time: 0.000, memory: 2640, top1_acc: 0.8644, top5_acc: 0.9781, loss_cls: 0.4506, loss: 0.4506
2026-07-31 20:22:24,314 - pyskl - INFO - Epoch [4][8900/12529]	lr: 1.091e-02, eta: 3 days, 13:39:26, time: 2.340, data_time: 0.000, memory: 2640, top1_acc: 0.8656, top5_acc: 0.9838, loss_cls: 0.4273, loss: 0.4273
2026-07-31 20:26:18,422 - pyskl - INFO - Epoch [4][9000/12529]	lr: 1.091e-02, eta: 3 days, 13:37:58, time: 2.341, data_time: 0.000, memory: 2640, top1_acc: 0.8731, top5_acc: 0.9812, loss_cls: 0.4085, loss: 0.4085
2026-07-31 20:30:13,315 - pyskl - INFO - Epoch [4][9100/12529]	lr: 1.090e-02, eta: 3 days, 13:36:31, time: 2.349, data_time: 0.000, memory: 2640, top1_acc: 0.8512, top5_acc: 0.9806, loss_cls: 0.4708, loss: 0.4708
2026-07-31 20:34:07,596 - pyskl - INFO - Epoch [4][9200/12529]	lr: 1.089e-02, eta: 3 days, 13:35:02, time: 2.343, data_time: 0.000, memory: 2640, top1_acc: 0.8594, top5_acc: 0.9825, loss_cls: 0.4494, loss: 0.4494
2026-07-31 20:38:01,294 - pyskl - INFO - Epoch [4][9300/12529]	lr: 1.089e-02, eta: 3 days, 13:33:30, time: 2.337, data_time: 0.000, memory: 2640, top1_acc: 0.8612, top5_acc: 0.9825, loss_cls: 0.4560, loss: 0.4560
2026-07-31 20:41:55,310 - pyskl - INFO - Epoch [4][9400/12529]	lr: 1.088e-02, eta: 3 days, 13:31:59, time: 2.340, data_time: 0.000, memory: 2640, top1_acc: 0.8544, top5_acc: 0.9744, loss_cls: 0.4846, loss: 0.4846
2026-07-31 20:45:49,701 - pyskl - INFO - Epoch [4][9500/12529]	lr: 1.087e-02, eta: 3 days, 13:30:29, time: 2.344, data_time: 0.000, memory: 2640, top1_acc: 0.8669, top5_acc: 0.9819, loss_cls: 0.4426, loss: 0.4426
2026-07-31 20:49:44,394 - pyskl - INFO - Epoch [4][9600/12529]	lr: 1.087e-02, eta: 3 days, 13:28:58, time: 2.347, data_time: 0.000, memory: 2640, top1_acc: 0.8594, top5_acc: 0.9819, loss_cls: 0.4615, loss: 0.4615
2026-07-31 20:53:39,137 - pyskl - INFO - Epoch [4][9700/12529]	lr: 1.086e-02, eta: 3 days, 13:27:28, time: 2.347, data_time: 0.000, memory: 2640, top1_acc: 0.8712, top5_acc: 0.9850, loss_cls: 0.4125, loss: 0.4125
2026-07-31 20:57:33,899 - pyskl - INFO - Epoch [4][9800/12529]	lr: 1.085e-02, eta: 3 days, 13:25:56, time: 2.348, data_time: 0.000, memory: 2640, top1_acc: 0.8562, top5_acc: 0.9788, loss_cls: 0.4732, loss: 0.4732
2026-07-31 21:01:29,167 - pyskl - INFO - Epoch [4][9900/12529]	lr: 1.085e-02, eta: 3 days, 13:24:26, time: 2.353, data_time: 0.000, memory: 2640, top1_acc: 0.8619, top5_acc: 0.9800, loss_cls: 0.4670, loss: 0.4670
2026-07-31 21:05:23,944 - pyskl - INFO - Epoch [4][10000/12529]	lr: 1.084e-02, eta: 3 days, 13:22:54, time: 2.348, data_time: 0.000, memory: 2640, top1_acc: 0.8675, top5_acc: 0.9800, loss_cls: 0.4502, loss: 0.4502
2026-07-31 21:09:19,452 - pyskl - INFO - Epoch [4][10100/12529]	lr: 1.083e-02, eta: 3 days, 13:21:23, time: 2.355, data_time: 0.000, memory: 2640, top1_acc: 0.8481, top5_acc: 0.9762, loss_cls: 0.4914, loss: 0.4914
2026-07-31 21:13:15,553 - pyskl - INFO - Epoch [4][10200/12529]	lr: 1.083e-02, eta: 3 days, 13:19:53, time: 2.361, data_time: 0.000, memory: 2640, top1_acc: 0.8831, top5_acc: 0.9844, loss_cls: 0.3906, loss: 0.3906
2026-07-31 21:17:11,196 - pyskl - INFO - Epoch [4][10300/12529]	lr: 1.082e-02, eta: 3 days, 13:18:22, time: 2.356, data_time: 0.000, memory: 2640, top1_acc: 0.8688, top5_acc: 0.9862, loss_cls: 0.4252, loss: 0.4252
2026-07-31 21:21:06,490 - pyskl - INFO - Epoch [4][10400/12529]	lr: 1.081e-02, eta: 3 days, 13:16:49, time: 2.353, data_time: 0.000, memory: 2640, top1_acc: 0.8519, top5_acc: 0.9775, loss_cls: 0.4888, loss: 0.4888
2026-07-31 21:25:01,884 - pyskl - INFO - Epoch [4][10500/12529]	lr: 1.081e-02, eta: 3 days, 13:15:15, time: 2.354, data_time: 0.000, memory: 2640, top1_acc: 0.8506, top5_acc: 0.9831, loss_cls: 0.4764, loss: 0.4764
2026-07-31 21:28:57,188 - pyskl - INFO - Epoch [4][10600/12529]	lr: 1.080e-02, eta: 3 days, 13:13:41, time: 2.353, data_time: 0.000, memory: 2640, top1_acc: 0.8469, top5_acc: 0.9788, loss_cls: 0.4857, loss: 0.4857
2026-07-31 21:32:52,235 - pyskl - INFO - Epoch [4][10700/12529]	lr: 1.079e-02, eta: 3 days, 13:12:05, time: 2.350, data_time: 0.000, memory: 2640, top1_acc: 0.8669, top5_acc: 0.9806, loss_cls: 0.4378, loss: 0.4378
2026-07-31 21:36:43,944 - pyskl - INFO - Epoch [4][10800/12529]	lr: 1.079e-02, eta: 3 days, 13:10:18, time: 2.317, data_time: 0.000, memory: 2640, top1_acc: 0.8481, top5_acc: 0.9856, loss_cls: 0.4731, loss: 0.4731
2026-07-31 21:40:35,262 - pyskl - INFO - Epoch [4][10900/12529]	lr: 1.078e-02, eta: 3 days, 13:08:30, time: 2.313, data_time: 0.000, memory: 2640, top1_acc: 0.8706, top5_acc: 0.9812, loss_cls: 0.4418, loss: 0.4418
2026-07-31 21:44:27,909 - pyskl - INFO - Epoch [4][11000/12529]	lr: 1.077e-02, eta: 3 days, 13:06:45, time: 2.326, data_time: 0.000, memory: 2640, top1_acc: 0.8438, top5_acc: 0.9775, loss_cls: 0.5069, loss: 0.5069
2026-07-31 21:48:19,591 - pyskl - INFO - Epoch [4][11100/12529]	lr: 1.077e-02, eta: 3 days, 13:04:57, time: 2.317, data_time: 0.000, memory: 2640, top1_acc: 0.8650, top5_acc: 0.9775, loss_cls: 0.4561, loss: 0.4561
2026-07-31 21:52:11,013 - pyskl - INFO - Epoch [4][11200/12529]	lr: 1.076e-02, eta: 3 days, 13:03:07, time: 2.314, data_time: 0.000, memory: 2640, top1_acc: 0.8631, top5_acc: 0.9838, loss_cls: 0.4590, loss: 0.4590
2026-07-31 21:56:02,967 - pyskl - INFO - Epoch [4][11300/12529]	lr: 1.075e-02, eta: 3 days, 13:01:18, time: 2.320, data_time: 0.000, memory: 2640, top1_acc: 0.8525, top5_acc: 0.9788, loss_cls: 0.4854, loss: 0.4854
2026-07-31 21:59:53,621 - pyskl - INFO - Epoch [4][11400/12529]	lr: 1.075e-02, eta: 3 days, 12:59:25, time: 2.307, data_time: 0.000, memory: 2640, top1_acc: 0.8488, top5_acc: 0.9788, loss_cls: 0.4706, loss: 0.4706
2026-07-31 22:03:45,216 - pyskl - INFO - Epoch [4][11500/12529]	lr: 1.074e-02, eta: 3 days, 12:57:34, time: 2.316, data_time: 0.000, memory: 2640, top1_acc: 0.8575, top5_acc: 0.9700, loss_cls: 0.4986, loss: 0.4986
2026-07-31 22:07:37,902 - pyskl - INFO - Epoch [4][11600/12529]	lr: 1.073e-02, eta: 3 days, 12:55:47, time: 2.327, data_time: 0.000, memory: 2640, top1_acc: 0.8806, top5_acc: 0.9881, loss_cls: 0.3852, loss: 0.3852
2026-07-31 22:11:29,531 - pyskl - INFO - Epoch [4][11700/12529]	lr: 1.073e-02, eta: 3 days, 12:53:55, time: 2.316, data_time: 0.000, memory: 2640, top1_acc: 0.8606, top5_acc: 0.9831, loss_cls: 0.4241, loss: 0.4241
2026-07-31 22:15:22,109 - pyskl - INFO - Epoch [4][11800/12529]	lr: 1.072e-02, eta: 3 days, 12:52:06, time: 2.326, data_time: 0.000, memory: 2640, top1_acc: 0.8725, top5_acc: 0.9831, loss_cls: 0.4171, loss: 0.4171
2026-07-31 22:19:15,121 - pyskl - INFO - Epoch [4][11900/12529]	lr: 1.071e-02, eta: 3 days, 12:50:18, time: 2.330, data_time: 0.000, memory: 2640, top1_acc: 0.8812, top5_acc: 0.9819, loss_cls: 0.4047, loss: 0.4047
2026-07-31 22:23:07,232 - pyskl - INFO - Epoch [4][12000/12529]	lr: 1.071e-02, eta: 3 days, 12:48:26, time: 2.321, data_time: 0.000, memory: 2640, top1_acc: 0.8831, top5_acc: 0.9838, loss_cls: 0.3825, loss: 0.3825
2026-07-31 22:26:58,056 - pyskl - INFO - Epoch [4][12100/12529]	lr: 1.070e-02, eta: 3 days, 12:46:30, time: 2.308, data_time: 0.000, memory: 2640, top1_acc: 0.8662, top5_acc: 0.9806, loss_cls: 0.4457, loss: 0.4457
2026-07-31 22:30:50,666 - pyskl - INFO - Epoch [4][12200/12529]	lr: 1.069e-02, eta: 3 days, 12:44:39, time: 2.326, data_time: 0.000, memory: 2640, top1_acc: 0.8519, top5_acc: 0.9794, loss_cls: 0.4768, loss: 0.4768
2026-07-31 22:34:42,955 - pyskl - INFO - Epoch [4][12300/12529]	lr: 1.069e-02, eta: 3 days, 12:42:46, time: 2.323, data_time: 0.000, memory: 2640, top1_acc: 0.8600, top5_acc: 0.9788, loss_cls: 0.4561, loss: 0.4561
2026-07-31 22:38:32,543 - pyskl - INFO - Epoch [4][12400/12529]	lr: 1.068e-02, eta: 3 days, 12:40:45, time: 2.296, data_time: 0.000, memory: 2640, top1_acc: 0.8575, top5_acc: 0.9769, loss_cls: 0.4554, loss: 0.4554
2026-07-31 22:42:19,002 - pyskl - INFO - Epoch [4][12500/12529]	lr: 1.067e-02, eta: 3 days, 12:38:35, time: 2.265, data_time: 0.000, memory: 2640, top1_acc: 0.8531, top5_acc: 0.9844, loss_cls: 0.4666, loss: 0.4666
2026-07-31 22:43:23,820 - pyskl - INFO - Saving checkpoint at 4 epochs
2026-07-31 23:22:14,203 - pyskl - INFO - Evaluating top_k_accuracy ...
2026-07-31 23:22:14,264 - pyskl - INFO - 
top1_acc	0.8176
top5_acc	0.9672
2026-07-31 23:22:14,266 - pyskl - INFO - The previous best checkpoint D:\YXJProject\pythonProject\pyskl\work_dirs\stgcn++\ntu60_xsub_3dkp\j_single_gpu\best_top1_acc_epoch_2.pth was removed
2026-07-31 23:22:14,422 - pyskl - INFO - Now best checkpoint is saved as best_top1_acc_epoch_4.pth.
2026-07-31 23:22:14,422 - pyskl - INFO - Best top1_acc is 0.8176 at 4 epoch.
2026-07-31 23:22:14,426 - pyskl - INFO - Epoch(val) [4][1031]	top1_acc: 0.8176, top5_acc: 0.9672
2026-07-31 23:26:25,170 - pyskl - INFO - Epoch [5][100/12529]	lr: 1.066e-02, eta: 3 days, 12:33:41, time: 2.507, data_time: 0.121, memory: 2640, top1_acc: 0.8675, top5_acc: 0.9788, loss_cls: 0.4366, loss: 0.4366
2026-07-31 23:30:23,029 - pyskl - INFO - Epoch [5][200/12529]	lr: 1.066e-02, eta: 3 days, 12:32:04, time: 2.379, data_time: 0.000, memory: 2640, top1_acc: 0.8569, top5_acc: 0.9781, loss_cls: 0.4671, loss: 0.4671
2026-07-31 23:34:21,400 - pyskl - INFO - Epoch [5][300/12529]	lr: 1.065e-02, eta: 3 days, 12:30:27, time: 2.384, data_time: 0.000, memory: 2640, top1_acc: 0.8662, top5_acc: 0.9825, loss_cls: 0.4257, loss: 0.4257
2026-07-31 23:38:20,147 - pyskl - INFO - Epoch [5][400/12529]	lr: 1.064e-02, eta: 3 days, 12:28:51, time: 2.387, data_time: 0.000, memory: 2640, top1_acc: 0.8794, top5_acc: 0.9881, loss_cls: 0.3978, loss: 0.3978
2026-07-31 23:42:19,347 - pyskl - INFO - Epoch [5][500/12529]	lr: 1.063e-02, eta: 3 days, 12:27:16, time: 2.392, data_time: 0.000, memory: 2640, top1_acc: 0.8569, top5_acc: 0.9756, loss_cls: 0.4773, loss: 0.4773
2026-07-31 23:46:17,795 - pyskl - INFO - Epoch [5][600/12529]	lr: 1.063e-02, eta: 3 days, 12:25:38, time: 2.384, data_time: 0.000, memory: 2640, top1_acc: 0.8544, top5_acc: 0.9806, loss_cls: 0.4625, loss: 0.4625
2026-07-31 23:50:15,518 - pyskl - INFO - Epoch [5][700/12529]	lr: 1.062e-02, eta: 3 days, 12:23:58, time: 2.377, data_time: 0.000, memory: 2640, top1_acc: 0.8462, top5_acc: 0.9738, loss_cls: 0.5267, loss: 0.5267
2026-07-31 23:54:13,670 - pyskl - INFO - Epoch [5][800/12529]	lr: 1.061e-02, eta: 3 days, 12:22:18, time: 2.382, data_time: 0.000, memory: 2640, top1_acc: 0.8756, top5_acc: 0.9881, loss_cls: 0.4310, loss: 0.4310
2026-07-31 23:58:11,635 - pyskl - INFO - Epoch [5][900/12529]	lr: 1.061e-02, eta: 3 days, 12:20:37, time: 2.380, data_time: 0.000, memory: 2640, top1_acc: 0.8606, top5_acc: 0.9812, loss_cls: 0.4406, loss: 0.4406
2026-08-01 00:02:10,079 - pyskl - INFO - Epoch [5][1000/12529]	lr: 1.060e-02, eta: 3 days, 12:18:57, time: 2.384, data_time: 0.000, memory: 2640, top1_acc: 0.8619, top5_acc: 0.9812, loss_cls: 0.4562, loss: 0.4562
2026-08-01 00:06:08,272 - pyskl - INFO - Epoch [5][1100/12529]	lr: 1.059e-02, eta: 3 days, 12:17:15, time: 2.382, data_time: 0.000, memory: 2640, top1_acc: 0.8550, top5_acc: 0.9800, loss_cls: 0.4676, loss: 0.4676
2026-08-01 00:10:06,985 - pyskl - INFO - Epoch [5][1200/12529]	lr: 1.059e-02, eta: 3 days, 12:15:35, time: 2.387, data_time: 0.000, memory: 2640, top1_acc: 0.8650, top5_acc: 0.9788, loss_cls: 0.4394, loss: 0.4394
2026-08-01 00:14:05,634 - pyskl - INFO - Epoch [5][1300/12529]	lr: 1.058e-02, eta: 3 days, 12:13:54, time: 2.386, data_time: 0.000, memory: 2640, top1_acc: 0.8712, top5_acc: 0.9800, loss_cls: 0.4334, loss: 0.4334
2026-08-01 00:18:03,393 - pyskl - INFO - Epoch [5][1400/12529]	lr: 1.057e-02, eta: 3 days, 12:12:10, time: 2.378, data_time: 0.000, memory: 2640, top1_acc: 0.8694, top5_acc: 0.9825, loss_cls: 0.4129, loss: 0.4129
2026-08-01 00:22:02,281 - pyskl - INFO - Epoch [5][1500/12529]	lr: 1.056e-02, eta: 3 days, 12:10:28, time: 2.389, data_time: 0.000, memory: 2640, top1_acc: 0.8719, top5_acc: 0.9856, loss_cls: 0.4014, loss: 0.4014
2026-08-01 00:26:01,489 - pyskl - INFO - Epoch [5][1600/12529]	lr: 1.056e-02, eta: 3 days, 12:08:47, time: 2.392, data_time: 0.000, memory: 2640, top1_acc: 0.8825, top5_acc: 0.9819, loss_cls: 0.4065, loss: 0.4065
2026-08-01 00:30:00,371 - pyskl - INFO - Epoch [5][1700/12529]	lr: 1.055e-02, eta: 3 days, 12:07:04, time: 2.389, data_time: 0.000, memory: 2640, top1_acc: 0.8575, top5_acc: 0.9806, loss_cls: 0.4155, loss: 0.4155
2026-08-01 00:33:57,406 - pyskl - INFO - Epoch [5][1800/12529]	lr: 1.054e-02, eta: 3 days, 12:05:16, time: 2.370, data_time: 0.000, memory: 2640, top1_acc: 0.8712, top5_acc: 0.9812, loss_cls: 0.4392, loss: 0.4392
2026-08-01 00:37:55,374 - pyskl - INFO - Epoch [5][1900/12529]	lr: 1.054e-02, eta: 3 days, 12:03:30, time: 2.380, data_time: 0.000, memory: 2640, top1_acc: 0.8762, top5_acc: 0.9825, loss_cls: 0.4180, loss: 0.4180
2026-08-01 00:41:52,976 - pyskl - INFO - Epoch [5][2000/12529]	lr: 1.053e-02, eta: 3 days, 12:01:42, time: 2.376, data_time: 0.000, memory: 2640, top1_acc: 0.8669, top5_acc: 0.9838, loss_cls: 0.4350, loss: 0.4350
2026-08-01 00:45:50,094 - pyskl - INFO - Epoch [5][2100/12529]	lr: 1.052e-02, eta: 3 days, 11:59:52, time: 2.371, data_time: 0.000, memory: 2640, top1_acc: 0.8694, top5_acc: 0.9838, loss_cls: 0.4219, loss: 0.4219
2026-08-01 00:49:47,604 - pyskl - INFO - Epoch [5][2200/12529]	lr: 1.051e-02, eta: 3 days, 11:58:03, time: 2.375, data_time: 0.000, memory: 2640, top1_acc: 0.8800, top5_acc: 0.9850, loss_cls: 0.4080, loss: 0.4080
2026-08-01 00:53:44,980 - pyskl - INFO - Epoch [5][2300/12529]	lr: 1.051e-02, eta: 3 days, 11:56:13, time: 2.374, data_time: 0.000, memory: 2640, top1_acc: 0.8762, top5_acc: 0.9875, loss_cls: 0.3855, loss: 0.3855
2026-08-01 00:57:42,898 - pyskl - INFO - Epoch [5][2400/12529]	lr: 1.050e-02, eta: 3 days, 11:54:25, time: 2.379, data_time: 0.000, memory: 2640, top1_acc: 0.8719, top5_acc: 0.9850, loss_cls: 0.4050, loss: 0.4050
2026-08-01 01:01:41,632 - pyskl - INFO - Epoch [5][2500/12529]	lr: 1.049e-02, eta: 3 days, 11:52:37, time: 2.387, data_time: 0.000, memory: 2640, top1_acc: 0.8750, top5_acc: 0.9806, loss_cls: 0.4153, loss: 0.4153
2026-08-01 01:05:39,419 - pyskl - INFO - Epoch [5][2600/12529]	lr: 1.049e-02, eta: 3 days, 11:50:47, time: 2.378, data_time: 0.000, memory: 2640, top1_acc: 0.8706, top5_acc: 0.9850, loss_cls: 0.4283, loss: 0.4283
2026-08-01 01:09:36,178 - pyskl - INFO - Epoch [5][2700/12529]	lr: 1.048e-02, eta: 3 days, 11:48:54, time: 2.368, data_time: 0.000, memory: 2640, top1_acc: 0.8712, top5_acc: 0.9875, loss_cls: 0.4084, loss: 0.4084
2026-08-01 01:13:33,635 - pyskl - INFO - Epoch [5][2800/12529]	lr: 1.047e-02, eta: 3 days, 11:47:02, time: 2.375, data_time: 0.000, memory: 2640, top1_acc: 0.8600, top5_acc: 0.9812, loss_cls: 0.4415, loss: 0.4415
2026-08-01 01:17:30,433 - pyskl - INFO - Epoch [5][2900/12529]	lr: 1.046e-02, eta: 3 days, 11:45:07, time: 2.368, data_time: 0.000, memory: 2640, top1_acc: 0.8712, top5_acc: 0.9812, loss_cls: 0.4220, loss: 0.4220
2026-08-01 01:21:28,312 - pyskl - INFO - Epoch [5][3000/12529]	lr: 1.046e-02, eta: 3 days, 11:43:15, time: 2.379, data_time: 0.000, memory: 2640, top1_acc: 0.8575, top5_acc: 0.9812, loss_cls: 0.4481, loss: 0.4481
2026-08-01 01:25:26,254 - pyskl - INFO - Epoch [5][3100/12529]	lr: 1.045e-02, eta: 3 days, 11:41:23, time: 2.379, data_time: 0.000, memory: 2640, top1_acc: 0.8550, top5_acc: 0.9788, loss_cls: 0.4634, loss: 0.4634
2026-08-01 01:29:24,591 - pyskl - INFO - Epoch [5][3200/12529]	lr: 1.044e-02, eta: 3 days, 11:39:32, time: 2.383, data_time: 0.000, memory: 2640, top1_acc: 0.8650, top5_acc: 0.9850, loss_cls: 0.4529, loss: 0.4529
2026-08-01 01:33:22,477 - pyskl - INFO - Epoch [5][3300/12529]	lr: 1.044e-02, eta: 3 days, 11:37:38, time: 2.379, data_time: 0.000, memory: 2640, top1_acc: 0.8625, top5_acc: 0.9862, loss_cls: 0.4443, loss: 0.4443
2026-08-01 01:37:20,328 - pyskl - INFO - Epoch [5][3400/12529]	lr: 1.043e-02, eta: 3 days, 11:35:45, time: 2.379, data_time: 0.000, memory: 2640, top1_acc: 0.8600, top5_acc: 0.9825, loss_cls: 0.4361, loss: 0.4361
2026-08-01 01:41:17,668 - pyskl - INFO - Epoch [5][3500/12529]	lr: 1.042e-02, eta: 3 days, 11:33:49, time: 2.373, data_time: 0.000, memory: 2640, top1_acc: 0.8619, top5_acc: 0.9844, loss_cls: 0.4349, loss: 0.4349
2026-08-01 01:45:16,549 - pyskl - INFO - Epoch [5][3600/12529]	lr: 1.041e-02, eta: 3 days, 11:31:57, time: 2.389, data_time: 0.000, memory: 2640, top1_acc: 0.8750, top5_acc: 0.9819, loss_cls: 0.4096, loss: 0.4096
2026-08-01 01:49:14,381 - pyskl - INFO - Epoch [5][3700/12529]	lr: 1.041e-02, eta: 3 days, 11:30:02, time: 2.378, data_time: 0.000, memory: 2640, top1_acc: 0.8556, top5_acc: 0.9794, loss_cls: 0.4681, loss: 0.4681
2026-08-01 01:53:12,254 - pyskl - INFO - Epoch [5][3800/12529]	lr: 1.040e-02, eta: 3 days, 11:28:06, time: 2.379, data_time: 0.000, memory: 2640, top1_acc: 0.8719, top5_acc: 0.9769, loss_cls: 0.4380, loss: 0.4380
2026-08-01 01:57:09,769 - pyskl - INFO - Epoch [5][3900/12529]	lr: 1.039e-02, eta: 3 days, 11:26:09, time: 2.375, data_time: 0.000, memory: 2640, top1_acc: 0.8656, top5_acc: 0.9800, loss_cls: 0.4187, loss: 0.4187
2026-08-01 02:01:06,763 - pyskl - INFO - Epoch [5][4000/12529]	lr: 1.038e-02, eta: 3 days, 11:24:10, time: 2.370, data_time: 0.000, memory: 2640, top1_acc: 0.8775, top5_acc: 0.9862, loss_cls: 0.4045, loss: 0.4045
2026-08-01 02:05:04,022 - pyskl - INFO - Epoch [5][4100/12529]	lr: 1.038e-02, eta: 3 days, 11:22:12, time: 2.373, data_time: 0.000, memory: 2640, top1_acc: 0.8744, top5_acc: 0.9875, loss_cls: 0.4219, loss: 0.4219
2026-08-01 02:09:02,129 - pyskl - INFO - Epoch [5][4200/12529]	lr: 1.037e-02, eta: 3 days, 11:20:15, time: 2.381, data_time: 0.000, memory: 2640, top1_acc: 0.8694, top5_acc: 0.9844, loss_cls: 0.4083, loss: 0.4083
2026-08-01 02:13:00,500 - pyskl - INFO - Epoch [5][4300/12529]	lr: 1.036e-02, eta: 3 days, 11:18:19, time: 2.384, data_time: 0.000, memory: 2640, top1_acc: 0.8631, top5_acc: 0.9844, loss_cls: 0.4260, loss: 0.4260
2026-08-01 02:16:57,581 - pyskl - INFO - Epoch [5][4400/12529]	lr: 1.035e-02, eta: 3 days, 11:16:18, time: 2.371, data_time: 0.000, memory: 2640, top1_acc: 0.8688, top5_acc: 0.9806, loss_cls: 0.4205, loss: 0.4205
2026-08-01 02:20:55,026 - pyskl - INFO - Epoch [5][4500/12529]	lr: 1.035e-02, eta: 3 days, 11:14:18, time: 2.374, data_time: 0.000, memory: 2640, top1_acc: 0.8931, top5_acc: 0.9850, loss_cls: 0.3791, loss: 0.3791
2026-08-01 02:24:52,837 - pyskl - INFO - Epoch [5][4600/12529]	lr: 1.034e-02, eta: 3 days, 11:12:19, time: 2.378, data_time: 0.000, memory: 2640, top1_acc: 0.8744, top5_acc: 0.9862, loss_cls: 0.3823, loss: 0.3823
2026-08-01 02:28:50,379 - pyskl - INFO - Epoch [5][4700/12529]	lr: 1.033e-02, eta: 3 days, 11:10:19, time: 2.375, data_time: 0.000, memory: 2640, top1_acc: 0.8731, top5_acc: 0.9838, loss_cls: 0.4184, loss: 0.4184
2026-08-01 02:32:47,941 - pyskl - INFO - Epoch [5][4800/12529]	lr: 1.032e-02, eta: 3 days, 11:08:18, time: 2.376, data_time: 0.000, memory: 2640, top1_acc: 0.8919, top5_acc: 0.9819, loss_cls: 0.3911, loss: 0.3911
2026-08-01 02:36:47,199 - pyskl - INFO - Epoch [5][4900/12529]	lr: 1.032e-02, eta: 3 days, 11:06:21, time: 2.393, data_time: 0.000, memory: 2640, top1_acc: 0.8569, top5_acc: 0.9838, loss_cls: 0.4573, loss: 0.4573
2026-08-01 02:40:44,424 - pyskl - INFO - Epoch [5][5000/12529]	lr: 1.031e-02, eta: 3 days, 11:04:19, time: 2.372, data_time: 0.000, memory: 2640, top1_acc: 0.8962, top5_acc: 0.9888, loss_cls: 0.3403, loss: 0.3403
2026-08-01 02:44:42,457 - pyskl - INFO - Epoch [5][5100/12529]	lr: 1.030e-02, eta: 3 days, 11:02:18, time: 2.380, data_time: 0.000, memory: 2640, top1_acc: 0.8650, top5_acc: 0.9819, loss_cls: 0.4269, loss: 0.4269
2026-08-01 02:48:40,298 - pyskl - INFO - Epoch [5][5200/12529]	lr: 1.030e-02, eta: 3 days, 11:00:16, time: 2.378, data_time: 0.000, memory: 2640, top1_acc: 0.8725, top5_acc: 0.9825, loss_cls: 0.4018, loss: 0.4018
2026-08-01 02:52:38,148 - pyskl - INFO - Epoch [5][5300/12529]	lr: 1.029e-02, eta: 3 days, 10:58:14, time: 2.379, data_time: 0.000, memory: 2640, top1_acc: 0.8762, top5_acc: 0.9812, loss_cls: 0.4175, loss: 0.4175
2026-08-01 02:56:36,107 - pyskl - INFO - Epoch [5][5400/12529]	lr: 1.028e-02, eta: 3 days, 10:56:11, time: 2.380, data_time: 0.000, memory: 2640, top1_acc: 0.8556, top5_acc: 0.9875, loss_cls: 0.4440, loss: 0.4440
2026-08-01 03:00:34,335 - pyskl - INFO - Epoch [5][5500/12529]	lr: 1.027e-02, eta: 3 days, 10:54:09, time: 2.382, data_time: 0.000, memory: 2640, top1_acc: 0.8650, top5_acc: 0.9844, loss_cls: 0.4213, loss: 0.4213
2026-08-01 03:04:31,684 - pyskl - INFO - Epoch [5][5600/12529]	lr: 1.027e-02, eta: 3 days, 10:52:05, time: 2.373, data_time: 0.000, memory: 2640, top1_acc: 0.8694, top5_acc: 0.9800, loss_cls: 0.4212, loss: 0.4212
2026-08-01 03:08:29,012 - pyskl - INFO - Epoch [5][5700/12529]	lr: 1.026e-02, eta: 3 days, 10:50:00, time: 2.373, data_time: 0.000, memory: 2640, top1_acc: 0.8938, top5_acc: 0.9862, loss_cls: 0.3604, loss: 0.3604
2026-08-01 03:12:26,361 - pyskl - INFO - Epoch [5][5800/12529]	lr: 1.025e-02, eta: 3 days, 10:47:54, time: 2.374, data_time: 0.000, memory: 2640, top1_acc: 0.8781, top5_acc: 0.9850, loss_cls: 0.4081, loss: 0.4081
2026-08-01 03:16:23,809 - pyskl - INFO - Epoch [5][5900/12529]	lr: 1.024e-02, eta: 3 days, 10:45:48, time: 2.374, data_time: 0.000, memory: 2640, top1_acc: 0.8562, top5_acc: 0.9781, loss_cls: 0.4905, loss: 0.4905
2026-08-01 03:20:22,445 - pyskl - INFO - Epoch [5][6000/12529]	lr: 1.024e-02, eta: 3 days, 10:43:45, time: 2.386, data_time: 0.000, memory: 2640, top1_acc: 0.8706, top5_acc: 0.9819, loss_cls: 0.4172, loss: 0.4172
2026-08-01 03:24:20,876 - pyskl - INFO - Epoch [5][6100/12529]	lr: 1.023e-02, eta: 3 days, 10:41:41, time: 2.384, data_time: 0.000, memory: 2640, top1_acc: 0.8869, top5_acc: 0.9831, loss_cls: 0.3909, loss: 0.3909
2026-08-01 03:28:19,268 - pyskl - INFO - Epoch [5][6200/12529]	lr: 1.022e-02, eta: 3 days, 10:39:37, time: 2.384, data_time: 0.000, memory: 2640, top1_acc: 0.8719, top5_acc: 0.9888, loss_cls: 0.4079, loss: 0.4079
2026-08-01 03:32:18,273 - pyskl - INFO - Epoch [5][6300/12529]	lr: 1.021e-02, eta: 3 days, 10:37:34, time: 2.390, data_time: 0.000, memory: 2640, top1_acc: 0.8662, top5_acc: 0.9819, loss_cls: 0.4036, loss: 0.4036
2026-08-01 03:36:18,040 - pyskl - INFO - Epoch [5][6400/12529]	lr: 1.020e-02, eta: 3 days, 10:35:32, time: 2.398, data_time: 0.000, memory: 2640, top1_acc: 0.8656, top5_acc: 0.9762, loss_cls: 0.4577, loss: 0.4577
2026-08-01 03:40:16,044 - pyskl - INFO - Epoch [5][6500/12529]	lr: 1.020e-02, eta: 3 days, 10:33:25, time: 2.380, data_time: 0.000, memory: 2640, top1_acc: 0.8638, top5_acc: 0.9819, loss_cls: 0.4366, loss: 0.4366
2026-08-01 03:44:12,979 - pyskl - INFO - Epoch [5][6600/12529]	lr: 1.019e-02, eta: 3 days, 10:31:16, time: 2.369, data_time: 0.000, memory: 2640, top1_acc: 0.8700, top5_acc: 0.9875, loss_cls: 0.4041, loss: 0.4041
2026-08-01 03:48:11,376 - pyskl - INFO - Epoch [5][6700/12529]	lr: 1.018e-02, eta: 3 days, 10:29:09, time: 2.384, data_time: 0.000, memory: 2640, top1_acc: 0.8731, top5_acc: 0.9819, loss_cls: 0.4157, loss: 0.4157
2026-08-01 03:52:09,049 - pyskl - INFO - Epoch [5][6800/12529]	lr: 1.017e-02, eta: 3 days, 10:27:00, time: 2.377, data_time: 0.000, memory: 2640, top1_acc: 0.8750, top5_acc: 0.9819, loss_cls: 0.4099, loss: 0.4099
2026-08-01 03:56:06,978 - pyskl - INFO - Epoch [5][6900/12529]	lr: 1.017e-02, eta: 3 days, 10:24:52, time: 2.379, data_time: 0.000, memory: 2640, top1_acc: 0.8862, top5_acc: 0.9862, loss_cls: 0.3846, loss: 0.3846
2026-08-01 04:00:05,270 - pyskl - INFO - Epoch [5][7000/12529]	lr: 1.016e-02, eta: 3 days, 10:22:44, time: 2.383, data_time: 0.000, memory: 2640, top1_acc: 0.8706, top5_acc: 0.9838, loss_cls: 0.4248, loss: 0.4248
2026-08-01 04:04:03,113 - pyskl - INFO - Epoch [5][7100/12529]	lr: 1.015e-02, eta: 3 days, 10:20:35, time: 2.378, data_time: 0.000, memory: 2640, top1_acc: 0.8469, top5_acc: 0.9819, loss_cls: 0.4706, loss: 0.4706
2026-08-01 04:08:00,614 - pyskl - INFO - Epoch [5][7200/12529]	lr: 1.014e-02, eta: 3 days, 10:18:24, time: 2.375, data_time: 0.000, memory: 2640, top1_acc: 0.8612, top5_acc: 0.9819, loss_cls: 0.4388, loss: 0.4388
2026-08-01 04:11:58,308 - pyskl - INFO - Epoch [5][7300/12529]	lr: 1.014e-02, eta: 3 days, 10:16:14, time: 2.377, data_time: 0.000, memory: 2640, top1_acc: 0.8800, top5_acc: 0.9812, loss_cls: 0.4018, loss: 0.4018
2026-08-01 04:15:57,013 - pyskl - INFO - Epoch [5][7400/12529]	lr: 1.013e-02, eta: 3 days, 10:14:05, time: 2.387, data_time: 0.000, memory: 2640, top1_acc: 0.8731, top5_acc: 0.9906, loss_cls: 0.3974, loss: 0.3974
2026-08-01 04:19:55,266 - pyskl - INFO - Epoch [5][7500/12529]	lr: 1.012e-02, eta: 3 days, 10:11:55, time: 2.383, data_time: 0.000, memory: 2640, top1_acc: 0.8825, top5_acc: 0.9869, loss_cls: 0.3818, loss: 0.3818
2026-08-01 04:23:52,770 - pyskl - INFO - Epoch [5][7600/12529]	lr: 1.011e-02, eta: 3 days, 10:09:43, time: 2.375, data_time: 0.000, memory: 2640, top1_acc: 0.8800, top5_acc: 0.9788, loss_cls: 0.4167, loss: 0.4167
2026-08-01 04:27:50,003 - pyskl - INFO - Epoch [5][7700/12529]	lr: 1.011e-02, eta: 3 days, 10:07:30, time: 2.372, data_time: 0.000, memory: 2640, top1_acc: 0.8481, top5_acc: 0.9806, loss_cls: 0.4602, loss: 0.4602
2026-08-01 04:31:47,700 - pyskl - INFO - Epoch [5][7800/12529]	lr: 1.010e-02, eta: 3 days, 10:05:18, time: 2.377, data_time: 0.000, memory: 2640, top1_acc: 0.8781, top5_acc: 0.9825, loss_cls: 0.4111, loss: 0.4111
2026-08-01 04:35:45,429 - pyskl - INFO - Epoch [5][7900/12529]	lr: 1.009e-02, eta: 3 days, 10:03:05, time: 2.377, data_time: 0.000, memory: 2640, top1_acc: 0.8812, top5_acc: 0.9888, loss_cls: 0.3922, loss: 0.3922
2026-08-01 04:39:44,893 - pyskl - INFO - Epoch [5][8000/12529]	lr: 1.008e-02, eta: 3 days, 10:00:57, time: 2.395, data_time: 0.000, memory: 2640, top1_acc: 0.8562, top5_acc: 0.9844, loss_cls: 0.4295, loss: 0.4295
2026-08-01 04:43:42,539 - pyskl - INFO - Epoch [5][8100/12529]	lr: 1.007e-02, eta: 3 days, 9:58:43, time: 2.377, data_time: 0.000, memory: 2640, top1_acc: 0.8794, top5_acc: 0.9850, loss_cls: 0.4015, loss: 0.4015
2026-08-01 04:47:41,522 - pyskl - INFO - Epoch [5][8200/12529]	lr: 1.007e-02, eta: 3 days, 9:56:32, time: 2.390, data_time: 0.000, memory: 2640, top1_acc: 0.8694, top5_acc: 0.9812, loss_cls: 0.4212, loss: 0.4212
2026-08-01 04:51:39,093 - pyskl - INFO - Epoch [5][8300/12529]	lr: 1.006e-02, eta: 3 days, 9:54:18, time: 2.376, data_time: 0.000, memory: 2640, top1_acc: 0.8556, top5_acc: 0.9825, loss_cls: 0.4548, loss: 0.4548
2026-08-01 04:55:36,421 - pyskl - INFO - Epoch [5][8400/12529]	lr: 1.005e-02, eta: 3 days, 9:52:02, time: 2.373, data_time: 0.000, memory: 2640, top1_acc: 0.8725, top5_acc: 0.9881, loss_cls: 0.4150, loss: 0.4150
2026-08-01 04:59:33,489 - pyskl - INFO - Epoch [5][8500/12529]	lr: 1.004e-02, eta: 3 days, 9:49:46, time: 2.371, data_time: 0.000, memory: 2640, top1_acc: 0.8738, top5_acc: 0.9781, loss_cls: 0.4150, loss: 0.4150
2026-08-01 05:03:31,869 - pyskl - INFO - Epoch [5][8600/12529]	lr: 1.004e-02, eta: 3 days, 9:47:32, time: 2.384, data_time: 0.000, memory: 2640, top1_acc: 0.8719, top5_acc: 0.9881, loss_cls: 0.3979, loss: 0.3979
2026-08-01 05:07:28,978 - pyskl - INFO - Epoch [5][8700/12529]	lr: 1.003e-02, eta: 3 days, 9:45:16, time: 2.371, data_time: 0.000, memory: 2640, top1_acc: 0.8788, top5_acc: 0.9881, loss_cls: 0.3802, loss: 0.3802
2026-08-01 05:11:27,542 - pyskl - INFO - Epoch [5][8800/12529]	lr: 1.002e-02, eta: 3 days, 9:43:02, time: 2.386, data_time: 0.000, memory: 2640, top1_acc: 0.8900, top5_acc: 0.9844, loss_cls: 0.3588, loss: 0.3588
2026-08-01 05:15:23,901 - pyskl - INFO - Epoch [5][8900/12529]	lr: 1.001e-02, eta: 3 days, 9:40:42, time: 2.364, data_time: 0.000, memory: 2640, top1_acc: 0.8675, top5_acc: 0.9806, loss_cls: 0.4272, loss: 0.4272
2026-08-01 05:19:20,843 - pyskl - INFO - Epoch [5][9000/12529]	lr: 1.000e-02, eta: 3 days, 9:38:24, time: 2.369, data_time: 0.000, memory: 2640, top1_acc: 0.8662, top5_acc: 0.9794, loss_cls: 0.4305, loss: 0.4305
2026-08-01 05:23:18,545 - pyskl - INFO - Epoch [5][9100/12529]	lr: 9.997e-03, eta: 3 days, 9:36:07, time: 2.377, data_time: 0.000, memory: 2640, top1_acc: 0.8719, top5_acc: 0.9806, loss_cls: 0.4079, loss: 0.4079
2026-08-01 05:27:16,278 - pyskl - INFO - Epoch [5][9200/12529]	lr: 9.989e-03, eta: 3 days, 9:33:50, time: 2.377, data_time: 0.000, memory: 2640, top1_acc: 0.8706, top5_acc: 0.9819, loss_cls: 0.4085, loss: 0.4085
2026-08-01 05:31:14,379 - pyskl - INFO - Epoch [5][9300/12529]	lr: 9.981e-03, eta: 3 days, 9:31:33, time: 2.381, data_time: 0.000, memory: 2640, top1_acc: 0.8806, top5_acc: 0.9800, loss_cls: 0.4063, loss: 0.4063
2026-08-01 05:35:12,895 - pyskl - INFO - Epoch [5][9400/12529]	lr: 9.973e-03, eta: 3 days, 9:29:17, time: 2.385, data_time: 0.000, memory: 2640, top1_acc: 0.8719, top5_acc: 0.9806, loss_cls: 0.4216, loss: 0.4216
2026-08-01 05:39:10,760 - pyskl - INFO - Epoch [5][9500/12529]	lr: 9.965e-03, eta: 3 days, 9:26:59, time: 2.379, data_time: 0.000, memory: 2640, top1_acc: 0.8800, top5_acc: 0.9875, loss_cls: 0.3874, loss: 0.3874
2026-08-01 05:43:08,648 - pyskl - INFO - Epoch [5][9600/12529]	lr: 9.957e-03, eta: 3 days, 9:24:41, time: 2.379, data_time: 0.000, memory: 2640, top1_acc: 0.8894, top5_acc: 0.9806, loss_cls: 0.3783, loss: 0.3783
2026-08-01 05:47:06,308 - pyskl - INFO - Epoch [5][9700/12529]	lr: 9.949e-03, eta: 3 days, 9:22:22, time: 2.377, data_time: 0.000, memory: 2640, top1_acc: 0.8894, top5_acc: 0.9869, loss_cls: 0.3378, loss: 0.3378
2026-08-01 05:51:04,807 - pyskl - INFO - Epoch [5][9800/12529]	lr: 9.941e-03, eta: 3 days, 9:20:05, time: 2.385, data_time: 0.000, memory: 2640, top1_acc: 0.8775, top5_acc: 0.9919, loss_cls: 0.3805, loss: 0.3805
2026-08-01 05:55:03,134 - pyskl - INFO - Epoch [5][9900/12529]	lr: 9.933e-03, eta: 3 days, 9:17:46, time: 2.383, data_time: 0.000, memory: 2640, top1_acc: 0.8906, top5_acc: 0.9862, loss_cls: 0.3676, loss: 0.3676
2026-08-01 05:59:01,835 - pyskl - INFO - Epoch [5][10000/12529]	lr: 9.926e-03, eta: 3 days, 9:15:29, time: 2.387, data_time: 0.000, memory: 2640, top1_acc: 0.8700, top5_acc: 0.9819, loss_cls: 0.4224, loss: 0.4224
2026-08-01 06:02:59,995 - pyskl - INFO - Epoch [5][10100/12529]	lr: 9.918e-03, eta: 3 days, 9:13:10, time: 2.382, data_time: 0.000, memory: 2640, top1_acc: 0.8562, top5_acc: 0.9806, loss_cls: 0.4471, loss: 0.4471
2026-08-01 06:06:57,517 - pyskl - INFO - Epoch [5][10200/12529]	lr: 9.910e-03, eta: 3 days, 9:10:49, time: 2.375, data_time: 0.000, memory: 2640, top1_acc: 0.8688, top5_acc: 0.9806, loss_cls: 0.4327, loss: 0.4327
2026-08-01 06:10:56,414 - pyskl - INFO - Epoch [5][10300/12529]	lr: 9.902e-03, eta: 3 days, 9:08:31, time: 2.389, data_time: 0.000, memory: 2640, top1_acc: 0.8906, top5_acc: 0.9881, loss_cls: 0.3443, loss: 0.3443
2026-08-01 06:14:54,845 - pyskl - INFO - Epoch [5][10400/12529]	lr: 9.894e-03, eta: 3 days, 9:06:11, time: 2.384, data_time: 0.000, memory: 2640, top1_acc: 0.8888, top5_acc: 0.9800, loss_cls: 0.3752, loss: 0.3752
2026-08-01 06:18:53,318 - pyskl - INFO - Epoch [5][10500/12529]	lr: 9.886e-03, eta: 3 days, 9:03:51, time: 2.385, data_time: 0.000, memory: 2640, top1_acc: 0.8775, top5_acc: 0.9844, loss_cls: 0.3854, loss: 0.3854
2026-08-01 06:22:51,765 - pyskl - INFO - Epoch [5][10600/12529]	lr: 9.878e-03, eta: 3 days, 9:01:31, time: 2.384, data_time: 0.000, memory: 2640, top1_acc: 0.8812, top5_acc: 0.9800, loss_cls: 0.4009, loss: 0.4009
2026-08-01 06:26:50,506 - pyskl - INFO - Epoch [5][10700/12529]	lr: 9.870e-03, eta: 3 days, 8:59:11, time: 2.387, data_time: 0.000, memory: 2640, top1_acc: 0.8762, top5_acc: 0.9856, loss_cls: 0.4072, loss: 0.4072
2026-08-01 06:30:47,860 - pyskl - INFO - Epoch [5][10800/12529]	lr: 9.862e-03, eta: 3 days, 8:56:48, time: 2.374, data_time: 0.000, memory: 2640, top1_acc: 0.8781, top5_acc: 0.9812, loss_cls: 0.4069, loss: 0.4069
2026-08-01 06:34:45,806 - pyskl - INFO - Epoch [5][10900/12529]	lr: 9.854e-03, eta: 3 days, 8:54:26, time: 2.379, data_time: 0.000, memory: 2640, top1_acc: 0.8788, top5_acc: 0.9844, loss_cls: 0.4022, loss: 0.4022
2026-08-01 06:38:44,236 - pyskl - INFO - Epoch [5][11000/12529]	lr: 9.846e-03, eta: 3 days, 8:52:04, time: 2.384, data_time: 0.000, memory: 2640, top1_acc: 0.8756, top5_acc: 0.9888, loss_cls: 0.3799, loss: 0.3799
2026-08-01 06:42:41,968 - pyskl - INFO - Epoch [5][11100/12529]	lr: 9.838e-03, eta: 3 days, 8:49:41, time: 2.377, data_time: 0.000, memory: 2640, top1_acc: 0.8800, top5_acc: 0.9875, loss_cls: 0.3801, loss: 0.3801
2026-08-01 06:46:39,749 - pyskl - INFO - Epoch [5][11200/12529]	lr: 9.830e-03, eta: 3 days, 8:47:17, time: 2.378, data_time: 0.000, memory: 2640, top1_acc: 0.8788, top5_acc: 0.9844, loss_cls: 0.3772, loss: 0.3772
2026-08-01 06:50:38,082 - pyskl - INFO - Epoch [5][11300/12529]	lr: 9.822e-03, eta: 3 days, 8:44:55, time: 2.383, data_time: 0.000, memory: 2640, top1_acc: 0.8669, top5_acc: 0.9856, loss_cls: 0.4171, loss: 0.4171
2026-08-01 06:54:37,201 - pyskl - INFO - Epoch [5][11400/12529]	lr: 9.814e-03, eta: 3 days, 8:42:33, time: 2.391, data_time: 0.000, memory: 2640, top1_acc: 0.8881, top5_acc: 0.9881, loss_cls: 0.3745, loss: 0.3745
2026-08-01 06:58:34,577 - pyskl - INFO - Epoch [5][11500/12529]	lr: 9.806e-03, eta: 3 days, 8:40:08, time: 2.374, data_time: 0.000, memory: 2640, top1_acc: 0.8856, top5_acc: 0.9812, loss_cls: 0.3799, loss: 0.3799
2026-08-01 07:02:33,659 - pyskl - INFO - Epoch [5][11600/12529]	lr: 9.798e-03, eta: 3 days, 8:37:46, time: 2.391, data_time: 0.000, memory: 2640, top1_acc: 0.8700, top5_acc: 0.9806, loss_cls: 0.4202, loss: 0.4202
2026-08-01 07:06:32,194 - pyskl - INFO - Epoch [5][11700/12529]	lr: 9.790e-03, eta: 3 days, 8:35:23, time: 2.385, data_time: 0.000, memory: 2640, top1_acc: 0.8869, top5_acc: 0.9844, loss_cls: 0.3807, loss: 0.3807
2026-08-01 07:10:30,173 - pyskl - INFO - Epoch [5][11800/12529]	lr: 9.782e-03, eta: 3 days, 8:32:58, time: 2.380, data_time: 0.000, memory: 2640, top1_acc: 0.8644, top5_acc: 0.9831, loss_cls: 0.4182, loss: 0.4182
2026-08-01 07:14:27,774 - pyskl - INFO - Epoch [5][11900/12529]	lr: 9.773e-03, eta: 3 days, 8:30:32, time: 2.376, data_time: 0.000, memory: 2640, top1_acc: 0.8862, top5_acc: 0.9831, loss_cls: 0.3734, loss: 0.3734
2026-08-01 07:18:26,114 - pyskl - INFO - Epoch [5][12000/12529]	lr: 9.765e-03, eta: 3 days, 8:28:07, time: 2.383, data_time: 0.000, memory: 2640, top1_acc: 0.8706, top5_acc: 0.9812, loss_cls: 0.4178, loss: 0.4178
2026-08-01 07:22:24,624 - pyskl - INFO - Epoch [5][12100/12529]	lr: 9.757e-03, eta: 3 days, 8:25:42, time: 2.385, data_time: 0.000, memory: 2640, top1_acc: 0.8856, top5_acc: 0.9838, loss_cls: 0.3741, loss: 0.3741
2026-08-01 07:26:22,707 - pyskl - INFO - Epoch [5][12200/12529]	lr: 9.749e-03, eta: 3 days, 8:23:16, time: 2.381, data_time: 0.000, memory: 2640, top1_acc: 0.8688, top5_acc: 0.9819, loss_cls: 0.4009, loss: 0.4009
2026-08-01 07:30:20,729 - pyskl - INFO - Epoch [5][12300/12529]	lr: 9.741e-03, eta: 3 days, 8:20:50, time: 2.380, data_time: 0.000, memory: 2640, top1_acc: 0.8888, top5_acc: 0.9856, loss_cls: 0.3603, loss: 0.3603
2026-08-01 07:34:19,114 - pyskl - INFO - Epoch [5][12400/12529]	lr: 9.733e-03, eta: 3 days, 8:18:24, time: 2.384, data_time: 0.000, memory: 2640, top1_acc: 0.8688, top5_acc: 0.9781, loss_cls: 0.4222, loss: 0.4222
2026-08-01 07:38:16,668 - pyskl - INFO - Epoch [5][12500/12529]	lr: 9.725e-03, eta: 3 days, 8:15:56, time: 2.376, data_time: 0.000, memory: 2640, top1_acc: 0.8625, top5_acc: 0.9862, loss_cls: 0.4246, loss: 0.4246
2026-08-01 07:39:25,173 - pyskl - INFO - Saving checkpoint at 5 epochs
2026-08-01 08:18:46,506 - pyskl - INFO - Evaluating top_k_accuracy ...
2026-08-01 08:18:46,567 - pyskl - INFO - 
top1_acc	0.8093
top5_acc	0.9673
2026-08-01 08:18:46,570 - pyskl - INFO - Epoch(val) [5][1031]	top1_acc: 0.8093, top5_acc: 0.9673
2026-08-01 08:23:01,611 - pyskl - INFO - Epoch [6][100/12529]	lr: 9.714e-03, eta: 3 days, 8:10:52, time: 2.550, data_time: 0.213, memory: 2640, top1_acc: 0.8856, top5_acc: 0.9838, loss_cls: 0.3644, loss: 0.3644
2026-08-01 08:26:53,641 - pyskl - INFO - Epoch [6][200/12529]	lr: 9.706e-03, eta: 3 days, 8:08:11, time: 2.320, data_time: 0.000, memory: 2640, top1_acc: 0.8806, top5_acc: 0.9856, loss_cls: 0.3762, loss: 0.3762
2026-08-01 08:30:45,586 - pyskl - INFO - Epoch [6][300/12529]	lr: 9.698e-03, eta: 3 days, 8:05:31, time: 2.319, data_time: 0.000, memory: 2640, top1_acc: 0.8862, top5_acc: 0.9856, loss_cls: 0.3497, loss: 0.3497
2026-08-01 08:34:38,543 - pyskl - INFO - Epoch [6][400/12529]	lr: 9.690e-03, eta: 3 days, 8:02:52, time: 2.330, data_time: 0.000, memory: 2640, top1_acc: 0.8919, top5_acc: 0.9906, loss_cls: 0.3514, loss: 0.3514
2026-08-01 08:38:30,919 - pyskl - INFO - Epoch [6][500/12529]	lr: 9.682e-03, eta: 3 days, 8:00:11, time: 2.324, data_time: 0.000, memory: 2640, top1_acc: 0.8919, top5_acc: 0.9838, loss_cls: 0.3779, loss: 0.3779
2026-08-01 08:42:23,585 - pyskl - INFO - Epoch [6][600/12529]	lr: 9.673e-03, eta: 3 days, 7:57:31, time: 2.327, data_time: 0.000, memory: 2640, top1_acc: 0.8825, top5_acc: 0.9869, loss_cls: 0.3737, loss: 0.3737
2026-08-01 08:46:17,078 - pyskl - INFO - Epoch [6][700/12529]	lr: 9.665e-03, eta: 3 days, 7:54:53, time: 2.335, data_time: 0.000, memory: 2640, top1_acc: 0.8794, top5_acc: 0.9819, loss_cls: 0.3911, loss: 0.3911
2026-08-01 08:50:08,515 - pyskl - INFO - Epoch [6][800/12529]	lr: 9.657e-03, eta: 3 days, 7:52:10, time: 2.314, data_time: 0.000, memory: 2640, top1_acc: 0.8762, top5_acc: 0.9894, loss_cls: 0.3915, loss: 0.3915
2026-08-01 08:54:01,163 - pyskl - INFO - Epoch [6][900/12529]	lr: 9.649e-03, eta: 3 days, 7:49:29, time: 2.326, data_time: 0.000, memory: 2640, top1_acc: 0.8838, top5_acc: 0.9831, loss_cls: 0.3805, loss: 0.3805
2026-08-01 08:57:53,610 - pyskl - INFO - Epoch [6][1000/12529]	lr: 9.641e-03, eta: 3 days, 7:46:48, time: 2.324, data_time: 0.000, memory: 2640, top1_acc: 0.8788, top5_acc: 0.9819, loss_cls: 0.3929, loss: 0.3929
2026-08-01 09:01:45,705 - pyskl - INFO - Epoch [6][1100/12529]	lr: 9.632e-03, eta: 3 days, 7:44:05, time: 2.321, data_time: 0.000, memory: 2640, top1_acc: 0.8900, top5_acc: 0.9831, loss_cls: 0.3681, loss: 0.3681
2026-08-01 09:05:38,708 - pyskl - INFO - Epoch [6][1200/12529]	lr: 9.624e-03, eta: 3 days, 7:41:25, time: 2.330, data_time: 0.000, memory: 2640, top1_acc: 0.8750, top5_acc: 0.9756, loss_cls: 0.3985, loss: 0.3985
2026-08-01 09:09:30,680 - pyskl - INFO - Epoch [6][1300/12529]	lr: 9.616e-03, eta: 3 days, 7:38:42, time: 2.320, data_time: 0.000, memory: 2640, top1_acc: 0.8856, top5_acc: 0.9862, loss_cls: 0.3787, loss: 0.3787
2026-08-01 09:13:23,702 - pyskl - INFO - Epoch [6][1400/12529]	lr: 9.608e-03, eta: 3 days, 7:36:01, time: 2.330, data_time: 0.000, memory: 2640, top1_acc: 0.8788, top5_acc: 0.9838, loss_cls: 0.3799, loss: 0.3799
2026-08-01 09:17:15,553 - pyskl - INFO - Epoch [6][1500/12529]	lr: 9.599e-03, eta: 3 days, 7:33:17, time: 2.319, data_time: 0.000, memory: 2640, top1_acc: 0.8806, top5_acc: 0.9831, loss_cls: 0.3725, loss: 0.3725
2026-08-01 09:21:08,884 - pyskl - INFO - Epoch [6][1600/12529]	lr: 9.591e-03, eta: 3 days, 7:30:36, time: 2.333, data_time: 0.000, memory: 2640, top1_acc: 0.8806, top5_acc: 0.9869, loss_cls: 0.3788, loss: 0.3788
2026-08-01 09:25:01,247 - pyskl - INFO - Epoch [6][1700/12529]	lr: 9.583e-03, eta: 3 days, 7:27:53, time: 2.324, data_time: 0.000, memory: 2640, top1_acc: 0.8838, top5_acc: 0.9881, loss_cls: 0.3871, loss: 0.3871
2026-08-01 09:28:54,736 - pyskl - INFO - Epoch [6][1800/12529]	lr: 9.574e-03, eta: 3 days, 7:25:12, time: 2.335, data_time: 0.000, memory: 2640, top1_acc: 0.8994, top5_acc: 0.9869, loss_cls: 0.3495, loss: 0.3495
2026-08-01 09:32:47,740 - pyskl - INFO - Epoch [6][1900/12529]	lr: 9.566e-03, eta: 3 days, 7:22:30, time: 2.330, data_time: 0.000, memory: 2640, top1_acc: 0.8888, top5_acc: 0.9875, loss_cls: 0.3600, loss: 0.3600
2026-08-01 09:36:39,765 - pyskl - INFO - Epoch [6][2000/12529]	lr: 9.558e-03, eta: 3 days, 7:19:45, time: 2.320, data_time: 0.000, memory: 2640, top1_acc: 0.8938, top5_acc: 0.9856, loss_cls: 0.3704, loss: 0.3704
2026-08-01 09:40:33,024 - pyskl - INFO - Epoch [6][2100/12529]	lr: 9.550e-03, eta: 3 days, 7:17:03, time: 2.333, data_time: 0.000, memory: 2640, top1_acc: 0.8894, top5_acc: 0.9875, loss_cls: 0.3705, loss: 0.3705
2026-08-01 09:44:26,069 - pyskl - INFO - Epoch [6][2200/12529]	lr: 9.541e-03, eta: 3 days, 7:14:20, time: 2.330, data_time: 0.000, memory: 2640, top1_acc: 0.8844, top5_acc: 0.9838, loss_cls: 0.3751, loss: 0.3751
2026-08-01 09:48:18,506 - pyskl - INFO - Epoch [6][2300/12529]	lr: 9.533e-03, eta: 3 days, 7:11:36, time: 2.324, data_time: 0.000, memory: 2640, top1_acc: 0.8931, top5_acc: 0.9912, loss_cls: 0.3512, loss: 0.3512
2026-08-01 09:52:11,519 - pyskl - INFO - Epoch [6][2400/12529]	lr: 9.525e-03, eta: 3 days, 7:08:53, time: 2.330, data_time: 0.000, memory: 2640, top1_acc: 0.8825, top5_acc: 0.9850, loss_cls: 0.3907, loss: 0.3907
2026-08-01 09:56:03,683 - pyskl - INFO - Epoch [6][2500/12529]	lr: 9.516e-03, eta: 3 days, 7:06:08, time: 2.322, data_time: 0.000, memory: 2640, top1_acc: 0.8769, top5_acc: 0.9900, loss_cls: 0.3729, loss: 0.3729
2026-08-01 09:59:54,992 - pyskl - INFO - Epoch [6][2600/12529]	lr: 9.508e-03, eta: 3 days, 7:03:21, time: 2.313, data_time: 0.000, memory: 2640, top1_acc: 0.8862, top5_acc: 0.9844, loss_cls: 0.3691, loss: 0.3691
2026-08-01 10:03:47,399 - pyskl - INFO - Epoch [6][2700/12529]	lr: 9.499e-03, eta: 3 days, 7:00:35, time: 2.324, data_time: 0.000, memory: 2640, top1_acc: 0.8869, top5_acc: 0.9875, loss_cls: 0.3741, loss: 0.3741
2026-08-01 10:07:39,091 - pyskl - INFO - Epoch [6][2800/12529]	lr: 9.491e-03, eta: 3 days, 6:57:49, time: 2.317, data_time: 0.000, memory: 2640, top1_acc: 0.8806, top5_acc: 0.9850, loss_cls: 0.3676, loss: 0.3676
2026-08-01 10:11:31,523 - pyskl - INFO - Epoch [6][2900/12529]	lr: 9.483e-03, eta: 3 days, 6:55:03, time: 2.324, data_time: 0.000, memory: 2640, top1_acc: 0.8731, top5_acc: 0.9875, loss_cls: 0.3871, loss: 0.3871
2026-08-01 10:15:24,202 - pyskl - INFO - Epoch [6][3000/12529]	lr: 9.474e-03, eta: 3 days, 6:52:18, time: 2.327, data_time: 0.000, memory: 2640, top1_acc: 0.8919, top5_acc: 0.9862, loss_cls: 0.3678, loss: 0.3678
2026-08-01 10:19:17,193 - pyskl - INFO - Epoch [6][3100/12529]	lr: 9.466e-03, eta: 3 days, 6:49:33, time: 2.330, data_time: 0.000, memory: 2640, top1_acc: 0.8856, top5_acc: 0.9875, loss_cls: 0.3514, loss: 0.3514
2026-08-01 10:23:11,177 - pyskl - INFO - Epoch [6][3200/12529]	lr: 9.458e-03, eta: 3 days, 6:46:50, time: 2.340, data_time: 0.000, memory: 2640, top1_acc: 0.8838, top5_acc: 0.9856, loss_cls: 0.3887, loss: 0.3887
2026-08-01 10:27:03,850 - pyskl - INFO - Epoch [6][3300/12529]	lr: 9.449e-03, eta: 3 days, 6:44:04, time: 2.327, data_time: 0.000, memory: 2640, top1_acc: 0.8925, top5_acc: 0.9900, loss_cls: 0.3430, loss: 0.3430
2026-08-01 10:30:57,023 - pyskl - INFO - Epoch [6][3400/12529]	lr: 9.441e-03, eta: 3 days, 6:41:20, time: 2.332, data_time: 0.000, memory: 2640, top1_acc: 0.8788, top5_acc: 0.9850, loss_cls: 0.3993, loss: 0.3993
2026-08-01 10:34:50,240 - pyskl - INFO - Epoch [6][3500/12529]	lr: 9.432e-03, eta: 3 days, 6:38:34, time: 2.332, data_time: 0.000, memory: 2640, top1_acc: 0.8856, top5_acc: 0.9881, loss_cls: 0.3659, loss: 0.3659
2026-08-01 10:38:42,521 - pyskl - INFO - Epoch [6][3600/12529]	lr: 9.424e-03, eta: 3 days, 6:35:47, time: 2.323, data_time: 0.000, memory: 2640, top1_acc: 0.8831, top5_acc: 0.9850, loss_cls: 0.3817, loss: 0.3817
2026-08-01 10:42:35,131 - pyskl - INFO - Epoch [6][3700/12529]	lr: 9.415e-03, eta: 3 days, 6:33:00, time: 2.326, data_time: 0.000, memory: 2640, top1_acc: 0.8844, top5_acc: 0.9888, loss_cls: 0.3638, loss: 0.3638
2026-08-01 10:46:29,667 - pyskl - INFO - Epoch [6][3800/12529]	lr: 9.407e-03, eta: 3 days, 6:30:17, time: 2.345, data_time: 0.000, memory: 2640, top1_acc: 0.8731, top5_acc: 0.9831, loss_cls: 0.4057, loss: 0.4057
2026-08-01 10:50:29,314 - pyskl - INFO - Epoch [6][3900/12529]	lr: 9.398e-03, eta: 3 days, 6:27:44, time: 2.396, data_time: 0.000, memory: 2640, top1_acc: 0.8681, top5_acc: 0.9844, loss_cls: 0.4380, loss: 0.4380
2026-08-01 10:54:28,648 - pyskl - INFO - Epoch [6][4000/12529]	lr: 9.390e-03, eta: 3 days, 6:25:11, time: 2.393, data_time: 0.000, memory: 2640, top1_acc: 0.8844, top5_acc: 0.9869, loss_cls: 0.3717, loss: 0.3717
2026-08-01 10:58:28,023 - pyskl - INFO - Epoch [6][4100/12529]	lr: 9.382e-03, eta: 3 days, 6:22:36, time: 2.394, data_time: 0.000, memory: 2640, top1_acc: 0.8938, top5_acc: 0.9869, loss_cls: 0.3498, loss: 0.3498
2026-08-01 11:02:26,899 - pyskl - INFO - Epoch [6][4200/12529]	lr: 9.373e-03, eta: 3 days, 6:20:01, time: 2.389, data_time: 0.000, memory: 2640, top1_acc: 0.8838, top5_acc: 0.9862, loss_cls: 0.3517, loss: 0.3517
2026-08-01 11:06:26,084 - pyskl - INFO - Epoch [6][4300/12529]	lr: 9.365e-03, eta: 3 days, 6:17:26, time: 2.392, data_time: 0.000, memory: 2640, top1_acc: 0.8906, top5_acc: 0.9850, loss_cls: 0.3633, loss: 0.3633
2026-08-01 11:10:25,280 - pyskl - INFO - Epoch [6][4400/12529]	lr: 9.356e-03, eta: 3 days, 6:14:51, time: 2.392, data_time: 0.000, memory: 2640, top1_acc: 0.8675, top5_acc: 0.9850, loss_cls: 0.3964, loss: 0.3964
2026-08-01 11:14:24,913 - pyskl - INFO - Epoch [6][4500/12529]	lr: 9.348e-03, eta: 3 days, 6:12:17, time: 2.396, data_time: 0.000, memory: 2640, top1_acc: 0.8819, top5_acc: 0.9838, loss_cls: 0.3530, loss: 0.3530
2026-08-01 11:18:25,593 - pyskl - INFO - Epoch [6][4600/12529]	lr: 9.339e-03, eta: 3 days, 6:09:44, time: 2.407, data_time: 0.000, memory: 2640, top1_acc: 0.8819, top5_acc: 0.9906, loss_cls: 0.3693, loss: 0.3693
2026-08-01 11:22:25,513 - pyskl - INFO - Epoch [6][4700/12529]	lr: 9.331e-03, eta: 3 days, 6:07:09, time: 2.399, data_time: 0.000, memory: 2640, top1_acc: 0.8781, top5_acc: 0.9862, loss_cls: 0.4010, loss: 0.4010
2026-08-01 11:26:24,993 - pyskl - INFO - Epoch [6][4800/12529]	lr: 9.322e-03, eta: 3 days, 6:04:34, time: 2.395, data_time: 0.000, memory: 2640, top1_acc: 0.8794, top5_acc: 0.9856, loss_cls: 0.3611, loss: 0.3611
2026-08-01 11:30:23,896 - pyskl - INFO - Epoch [6][4900/12529]	lr: 9.314e-03, eta: 3 days, 6:01:57, time: 2.389, data_time: 0.000, memory: 2640, top1_acc: 0.8831, top5_acc: 0.9850, loss_cls: 0.3853, loss: 0.3853
2026-08-01 11:34:22,558 - pyskl - INFO - Epoch [6][5000/12529]	lr: 9.305e-03, eta: 3 days, 5:59:19, time: 2.387, data_time: 0.000, memory: 2640, top1_acc: 0.8875, top5_acc: 0.9819, loss_cls: 0.3639, loss: 0.3639
2026-08-01 11:38:21,590 - pyskl - INFO - Epoch [6][5100/12529]	lr: 9.296e-03, eta: 3 days, 5:56:42, time: 2.390, data_time: 0.000, memory: 2640, top1_acc: 0.8625, top5_acc: 0.9856, loss_cls: 0.4088, loss: 0.4088
2026-08-01 11:42:21,169 - pyskl - INFO - Epoch [6][5200/12529]	lr: 9.288e-03, eta: 3 days, 5:54:05, time: 2.396, data_time: 0.000, memory: 2640, top1_acc: 0.8850, top5_acc: 0.9869, loss_cls: 0.3721, loss: 0.3721
2026-08-01 11:46:21,136 - pyskl - INFO - Epoch [6][5300/12529]	lr: 9.279e-03, eta: 3 days, 5:51:30, time: 2.400, data_time: 0.000, memory: 2640, top1_acc: 0.8694, top5_acc: 0.9831, loss_cls: 0.4214, loss: 0.4214
2026-08-01 11:50:20,676 - pyskl - INFO - Epoch [6][5400/12529]	lr: 9.271e-03, eta: 3 days, 5:48:53, time: 2.395, data_time: 0.000, memory: 2640, top1_acc: 0.8875, top5_acc: 0.9788, loss_cls: 0.3965, loss: 0.3965
2026-08-01 11:54:20,831 - pyskl - INFO - Epoch [6][5500/12529]	lr: 9.262e-03, eta: 3 days, 5:46:17, time: 2.402, data_time: 0.000, memory: 2640, top1_acc: 0.9019, top5_acc: 0.9912, loss_cls: 0.3014, loss: 0.3014
2026-08-01 11:58:19,656 - pyskl - INFO - Epoch [6][5600/12529]	lr: 9.254e-03, eta: 3 days, 5:43:38, time: 2.388, data_time: 0.000, memory: 2640, top1_acc: 0.8844, top5_acc: 0.9869, loss_cls: 0.3652, loss: 0.3652
2026-08-01 12:02:19,489 - pyskl - INFO - Epoch [6][5700/12529]	lr: 9.245e-03, eta: 3 days, 5:41:01, time: 2.398, data_time: 0.000, memory: 2640, top1_acc: 0.8700, top5_acc: 0.9825, loss_cls: 0.4047, loss: 0.4047
2026-08-01 12:06:19,015 - pyskl - INFO - Epoch [6][5800/12529]	lr: 9.236e-03, eta: 3 days, 5:38:23, time: 2.395, data_time: 0.000, memory: 2640, top1_acc: 0.8731, top5_acc: 0.9806, loss_cls: 0.3799, loss: 0.3799
2026-08-01 12:10:18,135 - pyskl - INFO - Epoch [6][5900/12529]	lr: 9.228e-03, eta: 3 days, 5:35:44, time: 2.391, data_time: 0.000, memory: 2640, top1_acc: 0.8931, top5_acc: 0.9856, loss_cls: 0.3858, loss: 0.3858
2026-08-01 12:14:17,053 - pyskl - INFO - Epoch [6][6000/12529]	lr: 9.219e-03, eta: 3 days, 5:33:04, time: 2.389, data_time: 0.000, memory: 2640, top1_acc: 0.8838, top5_acc: 0.9888, loss_cls: 0.3782, loss: 0.3782
2026-08-01 12:18:16,461 - pyskl - INFO - Epoch [6][6100/12529]	lr: 9.211e-03, eta: 3 days, 5:30:25, time: 2.394, data_time: 0.000, memory: 2640, top1_acc: 0.8906, top5_acc: 0.9900, loss_cls: 0.3416, loss: 0.3416
2026-08-01 12:22:16,512 - pyskl - INFO - Epoch [6][6200/12529]	lr: 9.202e-03, eta: 3 days, 5:27:47, time: 2.400, data_time: 0.000, memory: 2640, top1_acc: 0.8875, top5_acc: 0.9844, loss_cls: 0.3573, loss: 0.3573
2026-08-01 12:26:16,534 - pyskl - INFO - Epoch [6][6300/12529]	lr: 9.193e-03, eta: 3 days, 5:25:09, time: 2.400, data_time: 0.000, memory: 2640, top1_acc: 0.9000, top5_acc: 0.9856, loss_cls: 0.3437, loss: 0.3437
2026-08-01 12:30:16,222 - pyskl - INFO - Epoch [6][6400/12529]	lr: 9.185e-03, eta: 3 days, 5:22:30, time: 2.397, data_time: 0.000, memory: 2640, top1_acc: 0.8700, top5_acc: 0.9806, loss_cls: 0.4366, loss: 0.4366
2026-08-01 12:34:15,448 - pyskl - INFO - Epoch [6][6500/12529]	lr: 9.176e-03, eta: 3 days, 5:19:50, time: 2.392, data_time: 0.000, memory: 2640, top1_acc: 0.8756, top5_acc: 0.9856, loss_cls: 0.3957, loss: 0.3957
2026-08-01 12:38:15,274 - pyskl - INFO - Epoch [6][6600/12529]	lr: 9.167e-03, eta: 3 days, 5:17:11, time: 2.398, data_time: 0.000, memory: 2640, top1_acc: 0.8594, top5_acc: 0.9812, loss_cls: 0.4304, loss: 0.4304
2026-08-01 12:42:15,245 - pyskl - INFO - Epoch [6][6700/12529]	lr: 9.159e-03, eta: 3 days, 5:14:31, time: 2.400, data_time: 0.000, memory: 2640, top1_acc: 0.8700, top5_acc: 0.9819, loss_cls: 0.4269, loss: 0.4269
2026-08-01 12:46:15,332 - pyskl - INFO - Epoch [6][6800/12529]	lr: 9.150e-03, eta: 3 days, 5:11:52, time: 2.401, data_time: 0.000, memory: 2640, top1_acc: 0.8906, top5_acc: 0.9844, loss_cls: 0.3630, loss: 0.3630
2026-08-01 12:50:15,085 - pyskl - INFO - Epoch [6][6900/12529]	lr: 9.141e-03, eta: 3 days, 5:09:12, time: 2.398, data_time: 0.000, memory: 2640, top1_acc: 0.8794, top5_acc: 0.9881, loss_cls: 0.3611, loss: 0.3611
2026-08-01 12:54:15,289 - pyskl - INFO - Epoch [6][7000/12529]	lr: 9.133e-03, eta: 3 days, 5:06:33, time: 2.402, data_time: 0.000, memory: 2640, top1_acc: 0.9019, top5_acc: 0.9844, loss_cls: 0.3353, loss: 0.3353
2026-08-01 12:58:15,018 - pyskl - INFO - Epoch [6][7100/12529]	lr: 9.124e-03, eta: 3 days, 5:03:52, time: 2.397, data_time: 0.000, memory: 2640, top1_acc: 0.8781, top5_acc: 0.9881, loss_cls: 0.3709, loss: 0.3709
2026-08-01 13:02:13,680 - pyskl - INFO - Epoch [6][7200/12529]	lr: 9.115e-03, eta: 3 days, 5:01:09, time: 2.387, data_time: 0.000, memory: 2640, top1_acc: 0.8881, top5_acc: 0.9856, loss_cls: 0.3609, loss: 0.3609
2026-08-01 13:06:13,140 - pyskl - INFO - Epoch [6][7300/12529]	lr: 9.106e-03, eta: 3 days, 4:58:28, time: 2.395, data_time: 0.000, memory: 2640, top1_acc: 0.8881, top5_acc: 0.9869, loss_cls: 0.3642, loss: 0.3642
2026-08-01 13:10:12,301 - pyskl - INFO - Epoch [6][7400/12529]	lr: 9.098e-03, eta: 3 days, 4:55:45, time: 2.392, data_time: 0.000, memory: 2640, top1_acc: 0.8869, top5_acc: 0.9856, loss_cls: 0.3619, loss: 0.3619
2026-08-01 13:14:11,180 - pyskl - INFO - Epoch [6][7500/12529]	lr: 9.089e-03, eta: 3 days, 4:53:02, time: 2.389, data_time: 0.000, memory: 2640, top1_acc: 0.8706, top5_acc: 0.9838, loss_cls: 0.3957, loss: 0.3957
2026-08-01 13:18:10,969 - pyskl - INFO - Epoch [6][7600/12529]	lr: 9.080e-03, eta: 3 days, 4:50:21, time: 2.398, data_time: 0.000, memory: 2640, top1_acc: 0.8750, top5_acc: 0.9838, loss_cls: 0.3921, loss: 0.3921
2026-08-01 13:22:09,953 - pyskl - INFO - Epoch [6][7700/12529]	lr: 9.072e-03, eta: 3 days, 4:47:37, time: 2.390, data_time: 0.000, memory: 2640, top1_acc: 0.8612, top5_acc: 0.9800, loss_cls: 0.4322, loss: 0.4322
2026-08-01 13:26:09,620 - pyskl - INFO - Epoch [6][7800/12529]	lr: 9.063e-03, eta: 3 days, 4:44:55, time: 2.397, data_time: 0.000, memory: 2640, top1_acc: 0.8919, top5_acc: 0.9838, loss_cls: 0.3659, loss: 0.3659
2026-08-01 13:30:08,741 - pyskl - INFO - Epoch [6][7900/12529]	lr: 9.054e-03, eta: 3 days, 4:42:12, time: 2.391, data_time: 0.000, memory: 2640, top1_acc: 0.8875, top5_acc: 0.9869, loss_cls: 0.3681, loss: 0.3681
2026-08-01 13:34:07,813 - pyskl - INFO - Epoch [6][8000/12529]	lr: 9.045e-03, eta: 3 days, 4:39:28, time: 2.391, data_time: 0.000, memory: 2640, top1_acc: 0.8775, top5_acc: 0.9881, loss_cls: 0.3983, loss: 0.3983
2026-08-01 13:38:07,460 - pyskl - INFO - Epoch [6][8100/12529]	lr: 9.037e-03, eta: 3 days, 4:36:45, time: 2.396, data_time: 0.000, memory: 2640, top1_acc: 0.8775, top5_acc: 0.9825, loss_cls: 0.3870, loss: 0.3870
2026-08-01 13:42:06,873 - pyskl - INFO - Epoch [6][8200/12529]	lr: 9.028e-03, eta: 3 days, 4:34:01, time: 2.394, data_time: 0.000, memory: 2640, top1_acc: 0.8825, top5_acc: 0.9869, loss_cls: 0.3705, loss: 0.3705
2026-08-01 13:46:06,531 - pyskl - INFO - Epoch [6][8300/12529]	lr: 9.019e-03, eta: 3 days, 4:31:18, time: 2.397, data_time: 0.000, memory: 2640, top1_acc: 0.8812, top5_acc: 0.9869, loss_cls: 0.3765, loss: 0.3765
2026-08-01 13:50:06,565 - pyskl - INFO - Epoch [6][8400/12529]	lr: 9.010e-03, eta: 3 days, 4:28:35, time: 2.400, data_time: 0.000, memory: 2640, top1_acc: 0.8900, top5_acc: 0.9844, loss_cls: 0.3579, loss: 0.3579
2026-08-01 13:54:06,516 - pyskl - INFO - Epoch [6][8500/12529]	lr: 9.001e-03, eta: 3 days, 4:25:52, time: 2.400, data_time: 0.000, memory: 2640, top1_acc: 0.8994, top5_acc: 0.9844, loss_cls: 0.3424, loss: 0.3424
2026-08-01 13:58:05,375 - pyskl - INFO - Epoch [6][8600/12529]	lr: 8.993e-03, eta: 3 days, 4:23:06, time: 2.389, data_time: 0.000, memory: 2640, top1_acc: 0.8869, top5_acc: 0.9862, loss_cls: 0.3526, loss: 0.3526
2026-08-01 14:02:04,809 - pyskl - INFO - Epoch [6][8700/12529]	lr: 8.984e-03, eta: 3 days, 4:20:22, time: 2.394, data_time: 0.000, memory: 2640, top1_acc: 0.8994, top5_acc: 0.9869, loss_cls: 0.3091, loss: 0.3091
2026-08-01 14:06:05,498 - pyskl - INFO - Epoch [6][8800/12529]	lr: 8.975e-03, eta: 3 days, 4:17:39, time: 2.407, data_time: 0.000, memory: 2640, top1_acc: 0.8638, top5_acc: 0.9869, loss_cls: 0.4128, loss: 0.4128
2026-08-01 14:10:05,246 - pyskl - INFO - Epoch [6][8900/12529]	lr: 8.966e-03, eta: 3 days, 4:14:55, time: 2.397, data_time: 0.000, memory: 2640, top1_acc: 0.8938, top5_acc: 0.9919, loss_cls: 0.3538, loss: 0.3538
2026-08-01 14:14:04,709 - pyskl - INFO - Epoch [6][9000/12529]	lr: 8.957e-03, eta: 3 days, 4:12:09, time: 2.395, data_time: 0.000, memory: 2640, top1_acc: 0.8875, top5_acc: 0.9881, loss_cls: 0.3754, loss: 0.3754
2026-08-01 14:18:03,723 - pyskl - INFO - Epoch [6][9100/12529]	lr: 8.949e-03, eta: 3 days, 4:09:23, time: 2.390, data_time: 0.000, memory: 2640, top1_acc: 0.8862, top5_acc: 0.9769, loss_cls: 0.4039, loss: 0.4039
2026-08-01 14:22:03,862 - pyskl - INFO - Epoch [6][9200/12529]	lr: 8.940e-03, eta: 3 days, 4:06:39, time: 2.401, data_time: 0.000, memory: 2640, top1_acc: 0.8781, top5_acc: 0.9869, loss_cls: 0.3877, loss: 0.3877
2026-08-01 14:26:03,493 - pyskl - INFO - Epoch [6][9300/12529]	lr: 8.931e-03, eta: 3 days, 4:03:53, time: 2.396, data_time: 0.000, memory: 2640, top1_acc: 0.8938, top5_acc: 0.9894, loss_cls: 0.3599, loss: 0.3599
2026-08-01 14:30:01,856 - pyskl - INFO - Epoch [6][9400/12529]	lr: 8.922e-03, eta: 3 days, 4:01:05, time: 2.384, data_time: 0.000, memory: 2640, top1_acc: 0.8894, top5_acc: 0.9894, loss_cls: 0.3467, loss: 0.3467
2026-08-01 14:34:01,142 - pyskl - INFO - Epoch [6][9500/12529]	lr: 8.913e-03, eta: 3 days, 3:58:19, time: 2.393, data_time: 0.000, memory: 2640, top1_acc: 0.9094, top5_acc: 0.9869, loss_cls: 0.3312, loss: 0.3312
2026-08-01 14:38:01,136 - pyskl - INFO - Epoch [6][9600/12529]	lr: 8.904e-03, eta: 3 days, 3:55:33, time: 2.400, data_time: 0.000, memory: 2640, top1_acc: 0.8706, top5_acc: 0.9812, loss_cls: 0.4031, loss: 0.4031
2026-08-01 14:42:01,747 - pyskl - INFO - Epoch [6][9700/12529]	lr: 8.895e-03, eta: 3 days, 3:52:49, time: 2.406, data_time: 0.000, memory: 2640, top1_acc: 0.8819, top5_acc: 0.9831, loss_cls: 0.3864, loss: 0.3864
2026-08-01 14:46:02,221 - pyskl - INFO - Epoch [6][9800/12529]	lr: 8.887e-03, eta: 3 days, 3:50:04, time: 2.405, data_time: 0.000, memory: 2640, top1_acc: 0.8981, top5_acc: 0.9862, loss_cls: 0.3491, loss: 0.3491
2026-08-01 14:50:01,911 - pyskl - INFO - Epoch [6][9900/12529]	lr: 8.878e-03, eta: 3 days, 3:47:17, time: 2.397, data_time: 0.000, memory: 2640, top1_acc: 0.8838, top5_acc: 0.9781, loss_cls: 0.3924, loss: 0.3924
2026-08-01 14:54:01,671 - pyskl - INFO - Epoch [6][10000/12529]	lr: 8.869e-03, eta: 3 days, 3:44:30, time: 2.398, data_time: 0.000, memory: 2640, top1_acc: 0.8906, top5_acc: 0.9838, loss_cls: 0.3672, loss: 0.3672
2026-08-01 14:58:01,019 - pyskl - INFO - Epoch [6][10100/12529]	lr: 8.860e-03, eta: 3 days, 3:41:43, time: 2.393, data_time: 0.000, memory: 2640, top1_acc: 0.8869, top5_acc: 0.9875, loss_cls: 0.3755, loss: 0.3755
2026-08-01 15:02:01,418 - pyskl - INFO - Epoch [6][10200/12529]	lr: 8.851e-03, eta: 3 days, 3:38:57, time: 2.404, data_time: 0.000, memory: 2640, top1_acc: 0.8825, top5_acc: 0.9850, loss_cls: 0.3944, loss: 0.3944
2026-08-01 15:06:01,064 - pyskl - INFO - Epoch [6][10300/12529]	lr: 8.842e-03, eta: 3 days, 3:36:09, time: 2.397, data_time: 0.000, memory: 2640, top1_acc: 0.8994, top5_acc: 0.9856, loss_cls: 0.3564, loss: 0.3564
2026-08-01 15:10:00,846 - pyskl - INFO - Epoch [6][10400/12529]	lr: 8.833e-03, eta: 3 days, 3:33:22, time: 2.398, data_time: 0.000, memory: 2640, top1_acc: 0.8875, top5_acc: 0.9862, loss_cls: 0.3854, loss: 0.3854
2026-08-01 15:13:59,801 - pyskl - INFO - Epoch [6][10500/12529]	lr: 8.824e-03, eta: 3 days, 3:30:33, time: 2.390, data_time: 0.000, memory: 2640, top1_acc: 0.8956, top5_acc: 0.9812, loss_cls: 0.3717, loss: 0.3717
2026-08-01 15:17:59,059 - pyskl - INFO - Epoch [6][10600/12529]	lr: 8.815e-03, eta: 3 days, 3:27:44, time: 2.393, data_time: 0.000, memory: 2640, top1_acc: 0.8912, top5_acc: 0.9850, loss_cls: 0.3565, loss: 0.3565
2026-08-01 15:21:58,940 - pyskl - INFO - Epoch [6][10700/12529]	lr: 8.806e-03, eta: 3 days, 3:24:56, time: 2.399, data_time: 0.000, memory: 2640, top1_acc: 0.8981, top5_acc: 0.9888, loss_cls: 0.3282, loss: 0.3282
2026-08-01 15:25:59,425 - pyskl - INFO - Epoch [6][10800/12529]	lr: 8.797e-03, eta: 3 days, 3:22:09, time: 2.405, data_time: 0.000, memory: 2640, top1_acc: 0.8838, top5_acc: 0.9856, loss_cls: 0.3773, loss: 0.3773
2026-08-01 15:29:59,127 - pyskl - INFO - Epoch [6][10900/12529]	lr: 8.788e-03, eta: 3 days, 3:19:20, time: 2.397, data_time: 0.000, memory: 2640, top1_acc: 0.8944, top5_acc: 0.9875, loss_cls: 0.3419, loss: 0.3419
2026-08-01 15:33:58,930 - pyskl - INFO - Epoch [6][11000/12529]	lr: 8.780e-03, eta: 3 days, 3:16:32, time: 2.398, data_time: 0.000, memory: 2640, top1_acc: 0.8912, top5_acc: 0.9825, loss_cls: 0.3694, loss: 0.3694
2026-08-01 15:37:58,749 - pyskl - INFO - Epoch [6][11100/12529]	lr: 8.771e-03, eta: 3 days, 3:13:43, time: 2.398, data_time: 0.000, memory: 2640, top1_acc: 0.8950, top5_acc: 0.9831, loss_cls: 0.3428, loss: 0.3428
2026-08-01 15:41:57,911 - pyskl - INFO - Epoch [6][11200/12529]	lr: 8.762e-03, eta: 3 days, 3:10:53, time: 2.392, data_time: 0.000, memory: 2640, top1_acc: 0.8812, top5_acc: 0.9825, loss_cls: 0.3887, loss: 0.3887
2026-08-01 15:45:58,220 - pyskl - INFO - Epoch [6][11300/12529]	lr: 8.753e-03, eta: 3 days, 3:08:05, time: 2.403, data_time: 0.000, memory: 2640, top1_acc: 0.8975, top5_acc: 0.9838, loss_cls: 0.3555, loss: 0.3555
2026-08-01 15:49:56,972 - pyskl - INFO - Epoch [6][11400/12529]	lr: 8.744e-03, eta: 3 days, 3:05:13, time: 2.387, data_time: 0.000, memory: 2640, top1_acc: 0.8919, top5_acc: 0.9869, loss_cls: 0.3518, loss: 0.3518
2026-08-01 15:53:57,127 - pyskl - INFO - Epoch [6][11500/12529]	lr: 8.735e-03, eta: 3 days, 3:02:24, time: 2.402, data_time: 0.000, memory: 2640, top1_acc: 0.8950, top5_acc: 0.9894, loss_cls: 0.3333, loss: 0.3333
2026-08-01 15:57:56,675 - pyskl - INFO - Epoch [6][11600/12529]	lr: 8.726e-03, eta: 3 days, 2:59:34, time: 2.395, data_time: 0.000, memory: 2640, top1_acc: 0.8856, top5_acc: 0.9831, loss_cls: 0.3861, loss: 0.3861
2026-08-01 16:01:56,005 - pyskl - INFO - Epoch [6][11700/12529]	lr: 8.717e-03, eta: 3 days, 2:56:43, time: 2.393, data_time: 0.000, memory: 2640, top1_acc: 0.8788, top5_acc: 0.9831, loss_cls: 0.3954, loss: 0.3954
2026-08-01 16:05:55,526 - pyskl - INFO - Epoch [6][11800/12529]	lr: 8.708e-03, eta: 3 days, 2:53:53, time: 2.395, data_time: 0.000, memory: 2640, top1_acc: 0.8888, top5_acc: 0.9888, loss_cls: 0.3660, loss: 0.3660
2026-08-01 16:09:55,900 - pyskl - INFO - Epoch [6][11900/12529]	lr: 8.699e-03, eta: 3 days, 2:51:03, time: 2.404, data_time: 0.000, memory: 2640, top1_acc: 0.9119, top5_acc: 0.9862, loss_cls: 0.3157, loss: 0.3157
2026-08-01 16:13:56,053 - pyskl - INFO - Epoch [6][12000/12529]	lr: 8.690e-03, eta: 3 days, 2:48:14, time: 2.401, data_time: 0.000, memory: 2640, top1_acc: 0.8981, top5_acc: 0.9906, loss_cls: 0.3321, loss: 0.3321
2026-08-01 16:17:55,986 - pyskl - INFO - Epoch [6][12100/12529]	lr: 8.681e-03, eta: 3 days, 2:45:23, time: 2.399, data_time: 0.000, memory: 2640, top1_acc: 0.9000, top5_acc: 0.9906, loss_cls: 0.3252, loss: 0.3252
2026-08-01 16:21:55,986 - pyskl - INFO - Epoch [6][12200/12529]	lr: 8.672e-03, eta: 3 days, 2:42:33, time: 2.400, data_time: 0.000, memory: 2640, top1_acc: 0.8875, top5_acc: 0.9875, loss_cls: 0.3480, loss: 0.3480
2026-08-01 16:25:55,847 - pyskl - INFO - Epoch [6][12300/12529]	lr: 8.663e-03, eta: 3 days, 2:39:42, time: 2.399, data_time: 0.000, memory: 2640, top1_acc: 0.8938, top5_acc: 0.9912, loss_cls: 0.3422, loss: 0.3422
2026-08-01 16:29:55,412 - pyskl - INFO - Epoch [6][12400/12529]	lr: 8.654e-03, eta: 3 days, 2:36:50, time: 2.396, data_time: 0.000, memory: 2640, top1_acc: 0.8900, top5_acc: 0.9844, loss_cls: 0.3589, loss: 0.3589
2026-08-01 16:33:55,882 - pyskl - INFO - Epoch [6][12500/12529]	lr: 8.644e-03, eta: 3 days, 2:34:00, time: 2.405, data_time: 0.000, memory: 2640, top1_acc: 0.8988, top5_acc: 0.9862, loss_cls: 0.3414, loss: 0.3414
2026-08-01 16:35:04,738 - pyskl - INFO - Saving checkpoint at 6 epochs
2026-08-01 17:15:47,387 - pyskl - INFO - Evaluating top_k_accuracy ...
2026-08-01 17:15:47,447 - pyskl - INFO - 
top1_acc	0.8109
top5_acc	0.9667
2026-08-01 17:15:47,450 - pyskl - INFO - Epoch(val) [6][1031]	top1_acc: 0.8109, top5_acc: 0.9667
2026-08-01 17:20:00,535 - pyskl - INFO - Epoch [7][100/12529]	lr: 8.633e-03, eta: 3 days, 2:28:45, time: 2.531, data_time: 0.121, memory: 2640, top1_acc: 0.8975, top5_acc: 0.9906, loss_cls: 0.3265, loss: 0.3265
2026-08-01 17:24:01,221 - pyskl - INFO - Epoch [7][200/12529]	lr: 8.624e-03, eta: 3 days, 2:25:54, time: 2.407, data_time: 0.000, memory: 2640, top1_acc: 0.8969, top5_acc: 0.9888, loss_cls: 0.3109, loss: 0.3109
2026-08-01 17:28:01,774 - pyskl - INFO - Epoch [7][300/12529]	lr: 8.615e-03, eta: 3 days, 2:23:04, time: 2.406, data_time: 0.000, memory: 2640, top1_acc: 0.9019, top5_acc: 0.9906, loss_cls: 0.3222, loss: 0.3222
2026-08-01 17:32:01,852 - pyskl - INFO - Epoch [7][400/12529]	lr: 8.606e-03, eta: 3 days, 2:20:12, time: 2.401, data_time: 0.000, memory: 2640, top1_acc: 0.8938, top5_acc: 0.9825, loss_cls: 0.3520, loss: 0.3520
2026-08-01 17:36:01,205 - pyskl - INFO - Epoch [7][500/12529]	lr: 8.597e-03, eta: 3 days, 2:17:19, time: 2.394, data_time: 0.000, memory: 2640, top1_acc: 0.9025, top5_acc: 0.9869, loss_cls: 0.3223, loss: 0.3223
2026-08-01 17:40:01,357 - pyskl - INFO - Epoch [7][600/12529]	lr: 8.587e-03, eta: 3 days, 2:14:28, time: 2.402, data_time: 0.000, memory: 2640, top1_acc: 0.8906, top5_acc: 0.9850, loss_cls: 0.3542, loss: 0.3542
2026-08-01 17:44:01,243 - pyskl - INFO - Epoch [7][700/12529]	lr: 8.578e-03, eta: 3 days, 2:11:35, time: 2.399, data_time: 0.000, memory: 2640, top1_acc: 0.8806, top5_acc: 0.9812, loss_cls: 0.3768, loss: 0.3768
2026-08-01 17:48:00,717 - pyskl - INFO - Epoch [7][800/12529]	lr: 8.569e-03, eta: 3 days, 2:08:42, time: 2.395, data_time: 0.000, memory: 2640, top1_acc: 0.8888, top5_acc: 0.9862, loss_cls: 0.3450, loss: 0.3450
2026-08-01 17:52:01,241 - pyskl - INFO - Epoch [7][900/12529]	lr: 8.560e-03, eta: 3 days, 2:05:50, time: 2.405, data_time: 0.000, memory: 2640, top1_acc: 0.9062, top5_acc: 0.9919, loss_cls: 0.3090, loss: 0.3090
2026-08-01 17:56:01,434 - pyskl - INFO - Epoch [7][1000/12529]	lr: 8.551e-03, eta: 3 days, 2:02:58, time: 2.402, data_time: 0.000, memory: 2640, top1_acc: 0.8831, top5_acc: 0.9862, loss_cls: 0.3587, loss: 0.3587
2026-08-01 17:59:54,572 - pyskl - INFO - Epoch [7][1100/12529]	lr: 8.542e-03, eta: 3 days, 1:59:54, time: 2.331, data_time: 0.000, memory: 2640, top1_acc: 0.8812, top5_acc: 0.9850, loss_cls: 0.3742, loss: 0.3742
2026-08-01 18:03:21,728 - pyskl - INFO - Epoch [7][1200/12529]	lr: 8.533e-03, eta: 3 days, 1:56:07, time: 2.072, data_time: 0.000, memory: 2640, top1_acc: 0.8831, top5_acc: 0.9806, loss_cls: 0.3903, loss: 0.3903
2026-08-01 18:06:48,777 - pyskl - INFO - Epoch [7][1300/12529]	lr: 8.524e-03, eta: 3 days, 1:52:21, time: 2.070, data_time: 0.000, memory: 2640, top1_acc: 0.8931, top5_acc: 0.9894, loss_cls: 0.3432, loss: 0.3432
2026-08-01 18:10:15,338 - pyskl - INFO - Epoch [7][1400/12529]	lr: 8.515e-03, eta: 3 days, 1:48:33, time: 2.066, data_time: 0.000, memory: 2640, top1_acc: 0.9038, top5_acc: 0.9875, loss_cls: 0.3207, loss: 0.3207
2026-08-01 18:13:40,396 - pyskl - INFO - Epoch [7][1500/12529]	lr: 8.505e-03, eta: 3 days, 1:44:44, time: 2.051, data_time: 0.000, memory: 2640, top1_acc: 0.8869, top5_acc: 0.9856, loss_cls: 0.3819, loss: 0.3819
2026-08-01 18:17:07,050 - pyskl - INFO - Epoch [7][1600/12529]	lr: 8.496e-03, eta: 3 days, 1:40:57, time: 2.067, data_time: 0.000, memory: 2640, top1_acc: 0.9025, top5_acc: 0.9838, loss_cls: 0.3400, loss: 0.3400
2026-08-01 18:20:33,474 - pyskl - INFO - Epoch [7][1700/12529]	lr: 8.487e-03, eta: 3 days, 1:37:09, time: 2.064, data_time: 0.000, memory: 2640, top1_acc: 0.8969, top5_acc: 0.9856, loss_cls: 0.3333, loss: 0.3333
2026-08-01 18:24:00,216 - pyskl - INFO - Epoch [7][1800/12529]	lr: 8.478e-03, eta: 3 days, 1:33:22, time: 2.067, data_time: 0.000, memory: 2640, top1_acc: 0.8900, top5_acc: 0.9894, loss_cls: 0.3400, loss: 0.3400
2026-08-01 18:27:26,688 - pyskl - INFO - Epoch [7][1900/12529]	lr: 8.469e-03, eta: 3 days, 1:29:35, time: 2.065, data_time: 0.000, memory: 2640, top1_acc: 0.8862, top5_acc: 0.9850, loss_cls: 0.3647, loss: 0.3647
2026-08-01 18:30:53,514 - pyskl - INFO - Epoch [7][2000/12529]	lr: 8.460e-03, eta: 3 days, 1:25:49, time: 2.068, data_time: 0.000, memory: 2640, top1_acc: 0.8975, top5_acc: 0.9875, loss_cls: 0.3275, loss: 0.3275
2026-08-01 18:34:20,462 - pyskl - INFO - Epoch [7][2100/12529]	lr: 8.451e-03, eta: 3 days, 1:22:02, time: 2.069, data_time: 0.000, memory: 2640, top1_acc: 0.8894, top5_acc: 0.9844, loss_cls: 0.3722, loss: 0.3722
2026-08-01 18:37:46,550 - pyskl - INFO - Epoch [7][2200/12529]	lr: 8.441e-03, eta: 3 days, 1:18:15, time: 2.061, data_time: 0.000, memory: 2640, top1_acc: 0.8838, top5_acc: 0.9894, loss_cls: 0.3828, loss: 0.3828
2026-08-01 18:41:12,355 - pyskl - INFO - Epoch [7][2300/12529]	lr: 8.432e-03, eta: 3 days, 1:14:27, time: 2.058, data_time: 0.000, memory: 2640, top1_acc: 0.8900, top5_acc: 0.9850, loss_cls: 0.3704, loss: 0.3704
2026-08-01 18:44:39,639 - pyskl - INFO - Epoch [7][2400/12529]	lr: 8.423e-03, eta: 3 days, 1:10:41, time: 2.073, data_time: 0.000, memory: 2640, top1_acc: 0.8931, top5_acc: 0.9925, loss_cls: 0.3325, loss: 0.3325
2026-08-01 18:48:05,944 - pyskl - INFO - Epoch [7][2500/12529]	lr: 8.414e-03, eta: 3 days, 1:06:54, time: 2.063, data_time: 0.000, memory: 2640, top1_acc: 0.8994, top5_acc: 0.9869, loss_cls: 0.3369, loss: 0.3369
2026-08-01 18:51:31,995 - pyskl - INFO - Epoch [7][2600/12529]	lr: 8.405e-03, eta: 3 days, 1:03:07, time: 2.060, data_time: 0.000, memory: 2640, top1_acc: 0.8881, top5_acc: 0.9762, loss_cls: 0.3636, loss: 0.3636
2026-08-01 18:54:58,447 - pyskl - INFO - Epoch [7][2700/12529]	lr: 8.395e-03, eta: 3 days, 0:59:20, time: 2.065, data_time: 0.000, memory: 2640, top1_acc: 0.8925, top5_acc: 0.9869, loss_cls: 0.3434, loss: 0.3434
2026-08-01 18:58:24,689 - pyskl - INFO - Epoch [7][2800/12529]	lr: 8.386e-03, eta: 3 days, 0:55:33, time: 2.062, data_time: 0.000, memory: 2640, top1_acc: 0.8944, top5_acc: 0.9875, loss_cls: 0.3390, loss: 0.3390
2026-08-01 19:01:50,158 - pyskl - INFO - Epoch [7][2900/12529]	lr: 8.377e-03, eta: 3 days, 0:51:44, time: 2.055, data_time: 0.000, memory: 2640, top1_acc: 0.9075, top5_acc: 0.9869, loss_cls: 0.3316, loss: 0.3316
2026-08-01 19:05:16,290 - pyskl - INFO - Epoch [7][3000/12529]	lr: 8.368e-03, eta: 3 days, 0:47:57, time: 2.061, data_time: 0.000, memory: 2640, top1_acc: 0.8988, top5_acc: 0.9919, loss_cls: 0.3297, loss: 0.3297
2026-08-01 19:08:42,686 - pyskl - INFO - Epoch [7][3100/12529]	lr: 8.359e-03, eta: 3 days, 0:44:11, time: 2.064, data_time: 0.000, memory: 2640, top1_acc: 0.8806, top5_acc: 0.9856, loss_cls: 0.3901, loss: 0.3901
2026-08-01 19:12:09,878 - pyskl - INFO - Epoch [7][3200/12529]	lr: 8.349e-03, eta: 3 days, 0:40:25, time: 2.072, data_time: 0.000, memory: 2640, top1_acc: 0.8950, top5_acc: 0.9881, loss_cls: 0.3432, loss: 0.3432
2026-08-01 19:15:36,021 - pyskl - INFO - Epoch [7][3300/12529]	lr: 8.340e-03, eta: 3 days, 0:36:38, time: 2.061, data_time: 0.000, memory: 2640, top1_acc: 0.9062, top5_acc: 0.9906, loss_cls: 0.3037, loss: 0.3037
2026-08-01 19:19:01,346 - pyskl - INFO - Epoch [7][3400/12529]	lr: 8.331e-03, eta: 3 days, 0:32:50, time: 2.053, data_time: 0.000, memory: 2640, top1_acc: 0.9075, top5_acc: 0.9894, loss_cls: 0.3130, loss: 0.3130
2026-08-01 19:22:26,847 - pyskl - INFO - Epoch [7][3500/12529]	lr: 8.322e-03, eta: 3 days, 0:29:02, time: 2.055, data_time: 0.000, memory: 2640, top1_acc: 0.8981, top5_acc: 0.9900, loss_cls: 0.3360, loss: 0.3360
2026-08-01 19:25:52,480 - pyskl - INFO - Epoch [7][3600/12529]	lr: 8.312e-03, eta: 3 days, 0:25:15, time: 2.056, data_time: 0.000, memory: 2640, top1_acc: 0.9031, top5_acc: 0.9850, loss_cls: 0.3400, loss: 0.3400
2026-08-01 19:29:18,785 - pyskl - INFO - Epoch [7][3700/12529]	lr: 8.303e-03, eta: 3 days, 0:21:28, time: 2.063, data_time: 0.000, memory: 2640, top1_acc: 0.9012, top5_acc: 0.9875, loss_cls: 0.3233, loss: 0.3233
2026-08-01 19:32:46,074 - pyskl - INFO - Epoch [7][3800/12529]	lr: 8.294e-03, eta: 3 days, 0:17:43, time: 2.073, data_time: 0.000, memory: 2640, top1_acc: 0.8919, top5_acc: 0.9869, loss_cls: 0.3403, loss: 0.3403
2026-08-01 19:36:13,048 - pyskl - INFO - Epoch [7][3900/12529]	lr: 8.285e-03, eta: 3 days, 0:13:58, time: 2.070, data_time: 0.000, memory: 2640, top1_acc: 0.8956, top5_acc: 0.9881, loss_cls: 0.3521, loss: 0.3521
2026-08-01 19:39:40,071 - pyskl - INFO - Epoch [7][4000/12529]	lr: 8.275e-03, eta: 3 days, 0:10:13, time: 2.070, data_time: 0.000, memory: 2640, top1_acc: 0.8962, top5_acc: 0.9881, loss_cls: 0.3408, loss: 0.3408
2026-08-01 19:43:06,802 - pyskl - INFO - Epoch [7][4100/12529]	lr: 8.266e-03, eta: 3 days, 0:06:27, time: 2.067, data_time: 0.000, memory: 2640, top1_acc: 0.9081, top5_acc: 0.9912, loss_cls: 0.3199, loss: 0.3199
2026-08-01 19:46:34,232 - pyskl - INFO - Epoch [7][4200/12529]	lr: 8.257e-03, eta: 3 days, 0:02:43, time: 2.074, data_time: 0.000, memory: 2640, top1_acc: 0.8962, top5_acc: 0.9906, loss_cls: 0.3374, loss: 0.3374
2026-08-01 19:50:00,449 - pyskl - INFO - Epoch [7][4300/12529]	lr: 8.248e-03, eta: 2 days, 23:58:56, time: 2.062, data_time: 0.000, memory: 2640, top1_acc: 0.8944, top5_acc: 0.9888, loss_cls: 0.3483, loss: 0.3483
2026-08-01 19:53:28,199 - pyskl - INFO - Epoch [7][4400/12529]	lr: 8.238e-03, eta: 2 days, 23:55:12, time: 2.078, data_time: 0.000, memory: 2640, top1_acc: 0.9194, top5_acc: 0.9938, loss_cls: 0.2768, loss: 0.2768
2026-08-01 19:56:55,058 - pyskl - INFO - Epoch [7][4500/12529]	lr: 8.229e-03, eta: 2 days, 23:51:27, time: 2.069, data_time: 0.000, memory: 2640, top1_acc: 0.8906, top5_acc: 0.9925, loss_cls: 0.3411, loss: 0.3411
2026-08-01 20:00:21,389 - pyskl - INFO - Epoch [7][4600/12529]	lr: 8.220e-03, eta: 2 days, 23:47:41, time: 2.063, data_time: 0.000, memory: 2640, top1_acc: 0.9038, top5_acc: 0.9894, loss_cls: 0.3293, loss: 0.3293
2026-08-01 20:03:47,811 - pyskl - INFO - Epoch [7][4700/12529]	lr: 8.210e-03, eta: 2 days, 23:43:55, time: 2.064, data_time: 0.000, memory: 2640, top1_acc: 0.8856, top5_acc: 0.9862, loss_cls: 0.3737, loss: 0.3737
2026-08-01 20:07:14,550 - pyskl - INFO - Epoch [7][4800/12529]	lr: 8.201e-03, eta: 2 days, 23:40:10, time: 2.067, data_time: 0.000, memory: 2640, top1_acc: 0.8831, top5_acc: 0.9881, loss_cls: 0.3597, loss: 0.3597
2026-08-01 20:10:41,538 - pyskl - INFO - Epoch [7][4900/12529]	lr: 8.192e-03, eta: 2 days, 23:36:25, time: 2.070, data_time: 0.000, memory: 2640, top1_acc: 0.9019, top5_acc: 0.9881, loss_cls: 0.3161, loss: 0.3161
2026-08-01 20:14:07,821 - pyskl - INFO - Epoch [7][5000/12529]	lr: 8.183e-03, eta: 2 days, 23:32:39, time: 2.063, data_time: 0.000, memory: 2640, top1_acc: 0.8831, top5_acc: 0.9850, loss_cls: 0.3683, loss: 0.3683
2026-08-01 20:17:35,855 - pyskl - INFO - Epoch [7][5100/12529]	lr: 8.173e-03, eta: 2 days, 23:28:56, time: 2.080, data_time: 0.000, memory: 2640, top1_acc: 0.9075, top5_acc: 0.9869, loss_cls: 0.3185, loss: 0.3185
2026-08-01 20:21:02,690 - pyskl - INFO - Epoch [7][5200/12529]	lr: 8.164e-03, eta: 2 days, 23:25:11, time: 2.068, data_time: 0.000, memory: 2640, top1_acc: 0.9031, top5_acc: 0.9825, loss_cls: 0.3323, loss: 0.3323
2026-08-01 20:24:29,388 - pyskl - INFO - Epoch [7][5300/12529]	lr: 8.155e-03, eta: 2 days, 23:21:26, time: 2.067, data_time: 0.000, memory: 2640, top1_acc: 0.8944, top5_acc: 0.9881, loss_cls: 0.3325, loss: 0.3325
2026-08-01 20:27:55,548 - pyskl - INFO - Epoch [7][5400/12529]	lr: 8.145e-03, eta: 2 days, 23:17:40, time: 2.062, data_time: 0.000, memory: 2640, top1_acc: 0.8900, top5_acc: 0.9900, loss_cls: 0.3627, loss: 0.3627
2026-08-01 20:31:22,089 - pyskl - INFO - Epoch [7][5500/12529]	lr: 8.136e-03, eta: 2 days, 23:13:55, time: 2.065, data_time: 0.000, memory: 2640, top1_acc: 0.8944, top5_acc: 0.9862, loss_cls: 0.3510, loss: 0.3510
2026-08-01 20:34:48,838 - pyskl - INFO - Epoch [7][5600/12529]	lr: 8.127e-03, eta: 2 days, 23:10:10, time: 2.068, data_time: 0.000, memory: 2640, top1_acc: 0.9113, top5_acc: 0.9894, loss_cls: 0.3083, loss: 0.3083
2026-08-01 20:38:14,985 - pyskl - INFO - Epoch [7][5700/12529]	lr: 8.117e-03, eta: 2 days, 23:06:24, time: 2.061, data_time: 0.000, memory: 2640, top1_acc: 0.9081, top5_acc: 0.9850, loss_cls: 0.3334, loss: 0.3334
2026-08-01 20:41:41,713 - pyskl - INFO - Epoch [7][5800/12529]	lr: 8.108e-03, eta: 2 days, 23:02:39, time: 2.067, data_time: 0.000, memory: 2640, top1_acc: 0.9038, top5_acc: 0.9900, loss_cls: 0.3058, loss: 0.3058
2026-08-01 20:45:09,359 - pyskl - INFO - Epoch [7][5900/12529]	lr: 8.099e-03, eta: 2 days, 22:58:56, time: 2.076, data_time: 0.000, memory: 2640, top1_acc: 0.9012, top5_acc: 0.9888, loss_cls: 0.3121, loss: 0.3121
2026-08-01 20:48:36,584 - pyskl - INFO - Epoch [7][6000/12529]	lr: 8.089e-03, eta: 2 days, 22:55:12, time: 2.072, data_time: 0.000, memory: 2640, top1_acc: 0.9150, top5_acc: 0.9856, loss_cls: 0.3013, loss: 0.3013
2026-08-01 20:52:03,094 - pyskl - INFO - Epoch [7][6100/12529]	lr: 8.080e-03, eta: 2 days, 22:51:27, time: 2.065, data_time: 0.000, memory: 2640, top1_acc: 0.8906, top5_acc: 0.9869, loss_cls: 0.3504, loss: 0.3504
2026-08-01 20:55:30,182 - pyskl - INFO - Epoch [7][6200/12529]	lr: 8.070e-03, eta: 2 days, 22:47:42, time: 2.071, data_time: 0.000, memory: 2640, top1_acc: 0.8956, top5_acc: 0.9875, loss_cls: 0.3441, loss: 0.3441
2026-08-01 20:58:57,711 - pyskl - INFO - Epoch [7][6300/12529]	lr: 8.061e-03, eta: 2 days, 22:43:59, time: 2.075, data_time: 0.000, memory: 2640, top1_acc: 0.8769, top5_acc: 0.9838, loss_cls: 0.3963, loss: 0.3963
2026-08-01 21:02:24,455 - pyskl - INFO - Epoch [7][6400/12529]	lr: 8.052e-03, eta: 2 days, 22:40:14, time: 2.067, data_time: 0.000, memory: 2640, top1_acc: 0.8831, top5_acc: 0.9894, loss_cls: 0.3589, loss: 0.3589
2026-08-01 21:05:51,211 - pyskl - INFO - Epoch [7][6500/12529]	lr: 8.042e-03, eta: 2 days, 22:36:30, time: 2.068, data_time: 0.000, memory: 2640, top1_acc: 0.9025, top5_acc: 0.9844, loss_cls: 0.3262, loss: 0.3262
2026-08-01 21:09:17,433 - pyskl - INFO - Epoch [7][6600/12529]	lr: 8.033e-03, eta: 2 days, 22:32:45, time: 2.062, data_time: 0.000, memory: 2640, top1_acc: 0.9062, top5_acc: 0.9888, loss_cls: 0.3334, loss: 0.3334
2026-08-01 21:12:44,214 - pyskl - INFO - Epoch [7][6700/12529]	lr: 8.024e-03, eta: 2 days, 22:29:00, time: 2.068, data_time: 0.000, memory: 2640, top1_acc: 0.9019, top5_acc: 0.9888, loss_cls: 0.3413, loss: 0.3413
2026-08-01 21:16:11,603 - pyskl - INFO - Epoch [7][6800/12529]	lr: 8.014e-03, eta: 2 days, 22:25:17, time: 2.074, data_time: 0.000, memory: 2640, top1_acc: 0.9044, top5_acc: 0.9881, loss_cls: 0.3292, loss: 0.3292
2026-08-01 21:19:38,830 - pyskl - INFO - Epoch [7][6900/12529]	lr: 8.005e-03, eta: 2 days, 22:21:33, time: 2.072, data_time: 0.000, memory: 2640, top1_acc: 0.9012, top5_acc: 0.9888, loss_cls: 0.3213, loss: 0.3213
2026-08-01 21:23:05,298 - pyskl - INFO - Epoch [7][7000/12529]	lr: 7.995e-03, eta: 2 days, 22:17:48, time: 2.065, data_time: 0.000, memory: 2640, top1_acc: 0.9000, top5_acc: 0.9938, loss_cls: 0.3110, loss: 0.3110
2026-08-01 21:26:32,483 - pyskl - INFO - Epoch [7][7100/12529]	lr: 7.986e-03, eta: 2 days, 22:14:05, time: 2.072, data_time: 0.000, memory: 2640, top1_acc: 0.9044, top5_acc: 0.9869, loss_cls: 0.3153, loss: 0.3153
2026-08-01 21:29:59,550 - pyskl - INFO - Epoch [7][7200/12529]	lr: 7.976e-03, eta: 2 days, 22:10:21, time: 2.071, data_time: 0.000, memory: 2640, top1_acc: 0.8981, top5_acc: 0.9925, loss_cls: 0.3120, loss: 0.3120
2026-08-01 21:33:25,951 - pyskl - INFO - Epoch [7][7300/12529]	lr: 7.967e-03, eta: 2 days, 22:06:36, time: 2.064, data_time: 0.000, memory: 2640, top1_acc: 0.9006, top5_acc: 0.9862, loss_cls: 0.3362, loss: 0.3362
2026-08-01 21:36:52,473 - pyskl - INFO - Epoch [7][7400/12529]	lr: 7.958e-03, eta: 2 days, 22:02:52, time: 2.065, data_time: 0.000, memory: 2640, top1_acc: 0.8825, top5_acc: 0.9894, loss_cls: 0.3466, loss: 0.3466
2026-08-01 21:40:19,982 - pyskl - INFO - Epoch [7][7500/12529]	lr: 7.948e-03, eta: 2 days, 21:59:09, time: 2.075, data_time: 0.000, memory: 2640, top1_acc: 0.9100, top5_acc: 0.9906, loss_cls: 0.3044, loss: 0.3044
2026-08-01 21:43:46,634 - pyskl - INFO - Epoch [7][7600/12529]	lr: 7.939e-03, eta: 2 days, 21:55:25, time: 2.066, data_time: 0.000, memory: 2640, top1_acc: 0.8950, top5_acc: 0.9875, loss_cls: 0.3413, loss: 0.3413
2026-08-01 21:47:13,179 - pyskl - INFO - Epoch [7][7700/12529]	lr: 7.929e-03, eta: 2 days, 21:51:40, time: 2.065, data_time: 0.000, memory: 2640, top1_acc: 0.8994, top5_acc: 0.9888, loss_cls: 0.3235, loss: 0.3235
2026-08-01 21:50:40,093 - pyskl - INFO - Epoch [7][7800/12529]	lr: 7.920e-03, eta: 2 days, 21:47:56, time: 2.069, data_time: 0.000, memory: 2640, top1_acc: 0.8856, top5_acc: 0.9850, loss_cls: 0.3668, loss: 0.3668
2026-08-01 21:54:07,525 - pyskl - INFO - Epoch [7][7900/12529]	lr: 7.910e-03, eta: 2 days, 21:44:13, time: 2.074, data_time: 0.000, memory: 2640, top1_acc: 0.9044, top5_acc: 0.9862, loss_cls: 0.3310, loss: 0.3310
2026-08-01 21:57:33,785 - pyskl - INFO - Epoch [7][8000/12529]	lr: 7.901e-03, eta: 2 days, 21:40:29, time: 2.063, data_time: 0.000, memory: 2640, top1_acc: 0.9100, top5_acc: 0.9856, loss_cls: 0.3156, loss: 0.3156
2026-08-01 22:01:00,645 - pyskl - INFO - Epoch [7][8100/12529]	lr: 7.892e-03, eta: 2 days, 21:36:45, time: 2.069, data_time: 0.000, memory: 2640, top1_acc: 0.9012, top5_acc: 0.9919, loss_cls: 0.3105, loss: 0.3105
2026-08-01 22:04:27,270 - pyskl - INFO - Epoch [7][8200/12529]	lr: 7.882e-03, eta: 2 days, 21:33:01, time: 2.066, data_time: 0.000, memory: 2640, top1_acc: 0.9087, top5_acc: 0.9875, loss_cls: 0.3114, loss: 0.3114
2026-08-01 22:07:53,963 - pyskl - INFO - Epoch [7][8300/12529]	lr: 7.873e-03, eta: 2 days, 21:29:17, time: 2.067, data_time: 0.000, memory: 2640, top1_acc: 0.9056, top5_acc: 0.9881, loss_cls: 0.3247, loss: 0.3247
2026-08-01 22:11:20,492 - pyskl - INFO - Epoch [7][8400/12529]	lr: 7.863e-03, eta: 2 days, 21:25:33, time: 2.065, data_time: 0.000, memory: 2640, top1_acc: 0.9113, top5_acc: 0.9888, loss_cls: 0.3279, loss: 0.3279
2026-08-01 22:14:47,078 - pyskl - INFO - Epoch [7][8500/12529]	lr: 7.854e-03, eta: 2 days, 21:21:49, time: 2.066, data_time: 0.000, memory: 2640, top1_acc: 0.9181, top5_acc: 0.9869, loss_cls: 0.3024, loss: 0.3024
2026-08-01 22:18:14,185 - pyskl - INFO - Epoch [7][8600/12529]	lr: 7.844e-03, eta: 2 days, 21:18:06, time: 2.071, data_time: 0.000, memory: 2640, top1_acc: 0.9062, top5_acc: 0.9912, loss_cls: 0.2845, loss: 0.2845
2026-08-01 22:21:39,694 - pyskl - INFO - Epoch [7][8700/12529]	lr: 7.835e-03, eta: 2 days, 21:14:21, time: 2.055, data_time: 0.000, memory: 2640, top1_acc: 0.9119, top5_acc: 0.9931, loss_cls: 0.2882, loss: 0.2882
2026-08-01 22:25:06,325 - pyskl - INFO - Epoch [7][8800/12529]	lr: 7.825e-03, eta: 2 days, 21:10:37, time: 2.066, data_time: 0.000, memory: 2640, top1_acc: 0.8962, top5_acc: 0.9881, loss_cls: 0.3364, loss: 0.3364
2026-08-01 22:28:32,086 - pyskl - INFO - Epoch [7][8900/12529]	lr: 7.816e-03, eta: 2 days, 21:06:52, time: 2.058, data_time: 0.000, memory: 2640, top1_acc: 0.9075, top5_acc: 0.9931, loss_cls: 0.3058, loss: 0.3058
2026-08-01 22:31:58,396 - pyskl - INFO - Epoch [7][9000/12529]	lr: 7.806e-03, eta: 2 days, 21:03:08, time: 2.063, data_time: 0.000, memory: 2640, top1_acc: 0.9019, top5_acc: 0.9912, loss_cls: 0.3012, loss: 0.3012
2026-08-01 22:35:24,811 - pyskl - INFO - Epoch [7][9100/12529]	lr: 7.797e-03, eta: 2 days, 20:59:24, time: 2.064, data_time: 0.000, memory: 2640, top1_acc: 0.9025, top5_acc: 0.9888, loss_cls: 0.3187, loss: 0.3187
2026-08-01 22:38:50,884 - pyskl - INFO - Epoch [7][9200/12529]	lr: 7.787e-03, eta: 2 days, 20:55:40, time: 2.061, data_time: 0.000, memory: 2640, top1_acc: 0.9113, top5_acc: 0.9900, loss_cls: 0.2928, loss: 0.2928
2026-08-01 22:42:18,006 - pyskl - INFO - Epoch [7][9300/12529]	lr: 7.778e-03, eta: 2 days, 20:51:57, time: 2.071, data_time: 0.000, memory: 2640, top1_acc: 0.9012, top5_acc: 0.9894, loss_cls: 0.3136, loss: 0.3136
2026-08-01 22:45:44,974 - pyskl - INFO - Epoch [7][9400/12529]	lr: 7.768e-03, eta: 2 days, 20:48:14, time: 2.070, data_time: 0.000, memory: 2640, top1_acc: 0.8969, top5_acc: 0.9944, loss_cls: 0.3136, loss: 0.3136
2026-08-01 22:49:10,900 - pyskl - INFO - Epoch [7][9500/12529]	lr: 7.759e-03, eta: 2 days, 20:44:30, time: 2.059, data_time: 0.000, memory: 2640, top1_acc: 0.8938, top5_acc: 0.9838, loss_cls: 0.3432, loss: 0.3432
2026-08-01 22:52:38,404 - pyskl - INFO - Epoch [7][9600/12529]	lr: 7.749e-03, eta: 2 days, 20:40:47, time: 2.075, data_time: 0.000, memory: 2640, top1_acc: 0.8969, top5_acc: 0.9869, loss_cls: 0.3227, loss: 0.3227
2026-08-01 22:56:04,505 - pyskl - INFO - Epoch [7][9700/12529]	lr: 7.740e-03, eta: 2 days, 20:37:03, time: 2.061, data_time: 0.000, memory: 2640, top1_acc: 0.8962, top5_acc: 0.9825, loss_cls: 0.3379, loss: 0.3379
2026-08-01 22:59:30,161 - pyskl - INFO - Epoch [7][9800/12529]	lr: 7.730e-03, eta: 2 days, 20:33:19, time: 2.057, data_time: 0.000, memory: 2640, top1_acc: 0.8944, top5_acc: 0.9856, loss_cls: 0.3418, loss: 0.3418
2026-08-01 23:02:56,584 - pyskl - INFO - Epoch [7][9900/12529]	lr: 7.721e-03, eta: 2 days, 20:29:35, time: 2.064, data_time: 0.000, memory: 2640, top1_acc: 0.9075, top5_acc: 0.9862, loss_cls: 0.3389, loss: 0.3389
2026-08-01 23:06:22,265 - pyskl - INFO - Epoch [7][10000/12529]	lr: 7.711e-03, eta: 2 days, 20:25:51, time: 2.057, data_time: 0.000, memory: 2640, top1_acc: 0.8888, top5_acc: 0.9875, loss_cls: 0.3612, loss: 0.3612
2026-08-01 23:09:48,841 - pyskl - INFO - Epoch [7][10100/12529]	lr: 7.702e-03, eta: 2 days, 20:22:07, time: 2.066, data_time: 0.000, memory: 2640, top1_acc: 0.8894, top5_acc: 0.9881, loss_cls: 0.3468, loss: 0.3468
2026-08-01 23:13:15,224 - pyskl - INFO - Epoch [7][10200/12529]	lr: 7.692e-03, eta: 2 days, 20:18:24, time: 2.064, data_time: 0.000, memory: 2640, top1_acc: 0.9044, top5_acc: 0.9888, loss_cls: 0.3105, loss: 0.3105
2026-08-01 23:16:41,472 - pyskl - INFO - Epoch [7][10300/12529]	lr: 7.683e-03, eta: 2 days, 20:14:40, time: 2.062, data_time: 0.000, memory: 2640, top1_acc: 0.9081, top5_acc: 0.9900, loss_cls: 0.3101, loss: 0.3101
2026-08-01 23:20:07,430 - pyskl - INFO - Epoch [7][10400/12529]	lr: 7.673e-03, eta: 2 days, 20:10:56, time: 2.060, data_time: 0.000, memory: 2640, top1_acc: 0.9069, top5_acc: 0.9875, loss_cls: 0.3144, loss: 0.3144
2026-08-01 23:23:34,231 - pyskl - INFO - Epoch [7][10500/12529]	lr: 7.664e-03, eta: 2 days, 20:07:13, time: 2.068, data_time: 0.000, memory: 2640, top1_acc: 0.9150, top5_acc: 0.9906, loss_cls: 0.2852, loss: 0.2852
2026-08-01 23:27:00,943 - pyskl - INFO - Epoch [7][10600/12529]	lr: 7.654e-03, eta: 2 days, 20:03:31, time: 2.067, data_time: 0.000, memory: 2640, top1_acc: 0.9062, top5_acc: 0.9894, loss_cls: 0.3163, loss: 0.3163
2026-08-01 23:30:27,011 - pyskl - INFO - Epoch [7][10700/12529]	lr: 7.645e-03, eta: 2 days, 19:59:47, time: 2.061, data_time: 0.000, memory: 2640, top1_acc: 0.8956, top5_acc: 0.9831, loss_cls: 0.3353, loss: 0.3353
2026-08-01 23:33:53,138 - pyskl - INFO - Epoch [7][10800/12529]	lr: 7.635e-03, eta: 2 days, 19:56:03, time: 2.061, data_time: 0.000, memory: 2640, top1_acc: 0.9144, top5_acc: 0.9869, loss_cls: 0.3146, loss: 0.3146
2026-08-01 23:37:19,823 - pyskl - INFO - Epoch [7][10900/12529]	lr: 7.625e-03, eta: 2 days, 19:52:20, time: 2.067, data_time: 0.000, memory: 2640, top1_acc: 0.9006, top5_acc: 0.9925, loss_cls: 0.3286, loss: 0.3286
2026-08-01 23:40:46,730 - pyskl - INFO - Epoch [7][11000/12529]	lr: 7.616e-03, eta: 2 days, 19:48:38, time: 2.069, data_time: 0.000, memory: 2640, top1_acc: 0.9106, top5_acc: 0.9844, loss_cls: 0.3001, loss: 0.3001
2026-08-01 23:44:13,902 - pyskl - INFO - Epoch [7][11100/12529]	lr: 7.606e-03, eta: 2 days, 19:44:56, time: 2.072, data_time: 0.000, memory: 2640, top1_acc: 0.9006, top5_acc: 0.9850, loss_cls: 0.3359, loss: 0.3359
2026-08-01 23:47:41,073 - pyskl - INFO - Epoch [7][11200/12529]	lr: 7.597e-03, eta: 2 days, 19:41:14, time: 2.072, data_time: 0.000, memory: 2640, top1_acc: 0.9050, top5_acc: 0.9925, loss_cls: 0.3055, loss: 0.3055
2026-08-01 23:51:08,027 - pyskl - INFO - Epoch [7][11300/12529]	lr: 7.587e-03, eta: 2 days, 19:37:31, time: 2.070, data_time: 0.000, memory: 2640, top1_acc: 0.9031, top5_acc: 0.9881, loss_cls: 0.3016, loss: 0.3016
2026-08-01 23:54:34,652 - pyskl - INFO - Epoch [7][11400/12529]	lr: 7.578e-03, eta: 2 days, 19:33:49, time: 2.066, data_time: 0.000, memory: 2640, top1_acc: 0.9094, top5_acc: 0.9875, loss_cls: 0.3021, loss: 0.3021
2026-08-01 23:58:01,441 - pyskl - INFO - Epoch [7][11500/12529]	lr: 7.568e-03, eta: 2 days, 19:30:06, time: 2.068, data_time: 0.000, memory: 2640, top1_acc: 0.9187, top5_acc: 0.9906, loss_cls: 0.2863, loss: 0.2863
2026-08-02 00:01:28,450 - pyskl - INFO - Epoch [7][11600/12529]	lr: 7.559e-03, eta: 2 days, 19:26:24, time: 2.070, data_time: 0.000, memory: 2640, top1_acc: 0.9025, top5_acc: 0.9900, loss_cls: 0.3069, loss: 0.3069
2026-08-02 00:04:55,443 - pyskl - INFO - Epoch [7][11700/12529]	lr: 7.549e-03, eta: 2 days, 19:22:42, time: 2.070, data_time: 0.000, memory: 2640, top1_acc: 0.8931, top5_acc: 0.9900, loss_cls: 0.3365, loss: 0.3365
2026-08-02 00:08:21,898 - pyskl - INFO - Epoch [7][11800/12529]	lr: 7.539e-03, eta: 2 days, 19:18:59, time: 2.065, data_time: 0.000, memory: 2640, top1_acc: 0.9000, top5_acc: 0.9888, loss_cls: 0.3056, loss: 0.3056
2026-08-02 00:11:49,108 - pyskl - INFO - Epoch [7][11900/12529]	lr: 7.530e-03, eta: 2 days, 19:15:17, time: 2.072, data_time: 0.000, memory: 2640, top1_acc: 0.9069, top5_acc: 0.9875, loss_cls: 0.3106, loss: 0.3106
2026-08-02 00:15:15,388 - pyskl - INFO - Epoch [7][12000/12529]	lr: 7.520e-03, eta: 2 days, 19:11:35, time: 2.063, data_time: 0.000, memory: 2640, top1_acc: 0.9244, top5_acc: 0.9969, loss_cls: 0.2451, loss: 0.2451
2026-08-02 00:18:42,420 - pyskl - INFO - Epoch [7][12100/12529]	lr: 7.511e-03, eta: 2 days, 19:07:53, time: 2.070, data_time: 0.000, memory: 2640, top1_acc: 0.8988, top5_acc: 0.9844, loss_cls: 0.3177, loss: 0.3177
2026-08-02 00:22:08,581 - pyskl - INFO - Epoch [7][12200/12529]	lr: 7.501e-03, eta: 2 days, 19:04:10, time: 2.062, data_time: 0.000, memory: 2640, top1_acc: 0.8962, top5_acc: 0.9906, loss_cls: 0.3138, loss: 0.3138
2026-08-02 00:25:35,547 - pyskl - INFO - Epoch [7][12300/12529]	lr: 7.491e-03, eta: 2 days, 19:00:28, time: 2.070, data_time: 0.000, memory: 2640, top1_acc: 0.9081, top5_acc: 0.9912, loss_cls: 0.2904, loss: 0.2904
2026-08-02 00:29:02,161 - pyskl - INFO - Epoch [7][12400/12529]	lr: 7.482e-03, eta: 2 days, 18:56:45, time: 2.066, data_time: 0.000, memory: 2640, top1_acc: 0.9081, top5_acc: 0.9938, loss_cls: 0.3006, loss: 0.3006
2026-08-02 00:32:28,753 - pyskl - INFO - Epoch [7][12500/12529]	lr: 7.472e-03, eta: 2 days, 18:53:03, time: 2.066, data_time: 0.000, memory: 2640, top1_acc: 0.9187, top5_acc: 0.9956, loss_cls: 0.2786, loss: 0.2786
2026-08-02 00:33:28,292 - pyskl - INFO - Saving checkpoint at 7 epochs
2026-08-02 01:07:09,096 - pyskl - INFO - Evaluating top_k_accuracy ...
2026-08-02 01:07:09,159 - pyskl - INFO - 
top1_acc	0.8222
top5_acc	0.9711
2026-08-02 01:07:09,161 - pyskl - INFO - The previous best checkpoint D:\YXJProject\pythonProject\pyskl\work_dirs\stgcn++\ntu60_xsub_3dkp\j_single_gpu\best_top1_acc_epoch_4.pth was removed
2026-08-02 01:07:09,317 - pyskl - INFO - Now best checkpoint is saved as best_top1_acc_epoch_7.pth.
2026-08-02 01:07:09,317 - pyskl - INFO - Best top1_acc is 0.8222 at 7 epoch.
2026-08-02 01:07:09,319 - pyskl - INFO - Epoch(val) [7][1031]	top1_acc: 0.8222, top5_acc: 0.9711
2026-08-02 01:10:52,781 - pyskl - INFO - Epoch [8][100/12529]	lr: 7.460e-03, eta: 2 days, 18:47:21, time: 2.235, data_time: 0.121, memory: 2640, top1_acc: 0.9106, top5_acc: 0.9869, loss_cls: 0.2845, loss: 0.2845
2026-08-02 01:14:24,548 - pyskl - INFO - Epoch [8][200/12529]	lr: 7.450e-03, eta: 2 days, 18:43:45, time: 2.118, data_time: 0.000, memory: 2640, top1_acc: 0.9019, top5_acc: 0.9888, loss_cls: 0.3152, loss: 0.3152
2026-08-02 01:17:56,404 - pyskl - INFO - Epoch [8][300/12529]	lr: 7.441e-03, eta: 2 days, 18:40:10, time: 2.119, data_time: 0.000, memory: 2640, top1_acc: 0.8956, top5_acc: 0.9894, loss_cls: 0.3249, loss: 0.3249
2026-08-02 01:21:27,770 - pyskl - INFO - Epoch [8][400/12529]	lr: 7.431e-03, eta: 2 days, 18:36:34, time: 2.114, data_time: 0.000, memory: 2640, top1_acc: 0.9081, top5_acc: 0.9919, loss_cls: 0.2901, loss: 0.2901
2026-08-02 01:24:58,833 - pyskl - INFO - Epoch [8][500/12529]	lr: 7.421e-03, eta: 2 days, 18:32:57, time: 2.111, data_time: 0.000, memory: 2640, top1_acc: 0.9125, top5_acc: 0.9925, loss_cls: 0.2790, loss: 0.2790
2026-08-02 01:28:29,897 - pyskl - INFO - Epoch [8][600/12529]	lr: 7.412e-03, eta: 2 days, 18:29:21, time: 2.111, data_time: 0.000, memory: 2640, top1_acc: 0.9031, top5_acc: 0.9875, loss_cls: 0.3068, loss: 0.3068
2026-08-02 01:32:01,725 - pyskl - INFO - Epoch [8][700/12529]	lr: 7.402e-03, eta: 2 days, 18:25:46, time: 2.118, data_time: 0.000, memory: 2640, top1_acc: 0.9144, top5_acc: 0.9912, loss_cls: 0.2726, loss: 0.2726
2026-08-02 01:35:32,719 - pyskl - INFO - Epoch [8][800/12529]	lr: 7.392e-03, eta: 2 days, 18:22:09, time: 2.110, data_time: 0.000, memory: 2640, top1_acc: 0.9106, top5_acc: 0.9925, loss_cls: 0.2935, loss: 0.2935
2026-08-02 01:39:04,528 - pyskl - INFO - Epoch [8][900/12529]	lr: 7.383e-03, eta: 2 days, 18:18:34, time: 2.118, data_time: 0.000, memory: 2640, top1_acc: 0.9012, top5_acc: 0.9894, loss_cls: 0.3348, loss: 0.3348
2026-08-02 01:42:36,615 - pyskl - INFO - Epoch [8][1000/12529]	lr: 7.373e-03, eta: 2 days, 18:14:59, time: 2.121, data_time: 0.000, memory: 2640, top1_acc: 0.9119, top5_acc: 0.9925, loss_cls: 0.2849, loss: 0.2849
2026-08-02 01:46:08,122 - pyskl - INFO - Epoch [8][1100/12529]	lr: 7.364e-03, eta: 2 days, 18:11:23, time: 2.115, data_time: 0.000, memory: 2640, top1_acc: 0.9069, top5_acc: 0.9894, loss_cls: 0.3066, loss: 0.3066
2026-08-02 01:49:38,671 - pyskl - INFO - Epoch [8][1200/12529]	lr: 7.354e-03, eta: 2 days, 18:07:46, time: 2.106, data_time: 0.000, memory: 2640, top1_acc: 0.9137, top5_acc: 0.9875, loss_cls: 0.2865, loss: 0.2865
2026-08-02 01:53:09,937 - pyskl - INFO - Epoch [8][1300/12529]	lr: 7.344e-03, eta: 2 days, 18:04:10, time: 2.113, data_time: 0.000, memory: 2640, top1_acc: 0.9044, top5_acc: 0.9875, loss_cls: 0.3099, loss: 0.3099
2026-08-02 01:56:41,563 - pyskl - INFO - Epoch [8][1400/12529]	lr: 7.335e-03, eta: 2 days, 18:00:34, time: 2.116, data_time: 0.000, memory: 2640, top1_acc: 0.9119, top5_acc: 0.9881, loss_cls: 0.2855, loss: 0.2855
2026-08-02 02:00:13,070 - pyskl - INFO - Epoch [8][1500/12529]	lr: 7.325e-03, eta: 2 days, 17:56:59, time: 2.115, data_time: 0.000, memory: 2640, top1_acc: 0.9150, top5_acc: 0.9938, loss_cls: 0.2750, loss: 0.2750
2026-08-02 02:03:43,513 - pyskl - INFO - Epoch [8][1600/12529]	lr: 7.315e-03, eta: 2 days, 17:53:21, time: 2.104, data_time: 0.000, memory: 2640, top1_acc: 0.9137, top5_acc: 0.9900, loss_cls: 0.2916, loss: 0.2916
2026-08-02 02:07:15,263 - pyskl - INFO - Epoch [8][1700/12529]	lr: 7.306e-03, eta: 2 days, 17:49:46, time: 2.117, data_time: 0.000, memory: 2640, top1_acc: 0.9075, top5_acc: 0.9919, loss_cls: 0.3026, loss: 0.3026
2026-08-02 02:10:46,183 - pyskl - INFO - Epoch [8][1800/12529]	lr: 7.296e-03, eta: 2 days, 17:46:10, time: 2.109, data_time: 0.000, memory: 2640, top1_acc: 0.9087, top5_acc: 0.9850, loss_cls: 0.3127, loss: 0.3127
2026-08-02 02:14:17,319 - pyskl - INFO - Epoch [8][1900/12529]	lr: 7.286e-03, eta: 2 days, 17:42:33, time: 2.111, data_time: 0.000, memory: 2640, top1_acc: 0.9200, top5_acc: 0.9894, loss_cls: 0.2546, loss: 0.2546
2026-08-02 02:17:48,638 - pyskl - INFO - Epoch [8][2000/12529]	lr: 7.277e-03, eta: 2 days, 17:38:58, time: 2.113, data_time: 0.000, memory: 2640, top1_acc: 0.9113, top5_acc: 0.9894, loss_cls: 0.2837, loss: 0.2837
2026-08-02 02:21:20,445 - pyskl - INFO - Epoch [8][2100/12529]	lr: 7.267e-03, eta: 2 days, 17:35:22, time: 2.118, data_time: 0.000, memory: 2640, top1_acc: 0.9231, top5_acc: 0.9912, loss_cls: 0.2696, loss: 0.2696
2026-08-02 02:24:51,530 - pyskl - INFO - Epoch [8][2200/12529]	lr: 7.257e-03, eta: 2 days, 17:31:46, time: 2.111, data_time: 0.000, memory: 2640, top1_acc: 0.9056, top5_acc: 0.9869, loss_cls: 0.3152, loss: 0.3152
2026-08-02 02:28:22,993 - pyskl - INFO - Epoch [8][2300/12529]	lr: 7.248e-03, eta: 2 days, 17:28:10, time: 2.115, data_time: 0.000, memory: 2640, top1_acc: 0.9038, top5_acc: 0.9906, loss_cls: 0.3193, loss: 0.3193
2026-08-02 02:31:54,117 - pyskl - INFO - Epoch [8][2400/12529]	lr: 7.238e-03, eta: 2 days, 17:24:34, time: 2.111, data_time: 0.000, memory: 2640, top1_acc: 0.9000, top5_acc: 0.9894, loss_cls: 0.3253, loss: 0.3253
2026-08-02 02:35:26,543 - pyskl - INFO - Epoch [8][2500/12529]	lr: 7.228e-03, eta: 2 days, 17:21:00, time: 2.124, data_time: 0.000, memory: 2640, top1_acc: 0.9169, top5_acc: 0.9912, loss_cls: 0.2931, loss: 0.2931
2026-08-02 02:38:58,051 - pyskl - INFO - Epoch [8][2600/12529]	lr: 7.219e-03, eta: 2 days, 17:17:24, time: 2.115, data_time: 0.000, memory: 2640, top1_acc: 0.9087, top5_acc: 0.9912, loss_cls: 0.2904, loss: 0.2904
2026-08-02 02:42:29,239 - pyskl - INFO - Epoch [8][2700/12529]	lr: 7.209e-03, eta: 2 days, 17:13:48, time: 2.112, data_time: 0.000, memory: 2640, top1_acc: 0.9087, top5_acc: 0.9881, loss_cls: 0.3100, loss: 0.3100
2026-08-02 02:46:01,073 - pyskl - INFO - Epoch [8][2800/12529]	lr: 7.199e-03, eta: 2 days, 17:10:13, time: 2.118, data_time: 0.000, memory: 2640, top1_acc: 0.9012, top5_acc: 0.9912, loss_cls: 0.3036, loss: 0.3036
2026-08-02 02:49:32,768 - pyskl - INFO - Epoch [8][2900/12529]	lr: 7.190e-03, eta: 2 days, 17:06:37, time: 2.117, data_time: 0.000, memory: 2640, top1_acc: 0.9194, top5_acc: 0.9912, loss_cls: 0.2769, loss: 0.2769
2026-08-02 02:53:04,152 - pyskl - INFO - Epoch [8][3000/12529]	lr: 7.180e-03, eta: 2 days, 17:03:02, time: 2.114, data_time: 0.000, memory: 2640, top1_acc: 0.9181, top5_acc: 0.9912, loss_cls: 0.2810, loss: 0.2810
2026-08-02 02:56:35,681 - pyskl - INFO - Epoch [8][3100/12529]	lr: 7.170e-03, eta: 2 days, 16:59:26, time: 2.115, data_time: 0.000, memory: 2640, top1_acc: 0.9019, top5_acc: 0.9906, loss_cls: 0.3258, loss: 0.3258
2026-08-02 03:00:07,250 - pyskl - INFO - Epoch [8][3200/12529]	lr: 7.161e-03, eta: 2 days, 16:55:51, time: 2.116, data_time: 0.000, memory: 2640, top1_acc: 0.9175, top5_acc: 0.9938, loss_cls: 0.2644, loss: 0.2644
2026-08-02 03:03:38,159 - pyskl - INFO - Epoch [8][3300/12529]	lr: 7.151e-03, eta: 2 days, 16:52:14, time: 2.109, data_time: 0.000, memory: 2640, top1_acc: 0.9044, top5_acc: 0.9925, loss_cls: 0.2955, loss: 0.2955
2026-08-02 03:07:09,006 - pyskl - INFO - Epoch [8][3400/12529]	lr: 7.141e-03, eta: 2 days, 16:48:38, time: 2.108, data_time: 0.000, memory: 2640, top1_acc: 0.9106, top5_acc: 0.9888, loss_cls: 0.3030, loss: 0.3030
2026-08-02 03:10:39,682 - pyskl - INFO - Epoch [8][3500/12529]	lr: 7.132e-03, eta: 2 days, 16:45:01, time: 2.107, data_time: 0.000, memory: 2640, top1_acc: 0.9131, top5_acc: 0.9888, loss_cls: 0.2793, loss: 0.2793
2026-08-02 03:14:10,037 - pyskl - INFO - Epoch [8][3600/12529]	lr: 7.122e-03, eta: 2 days, 16:41:24, time: 2.104, data_time: 0.000, memory: 2640, top1_acc: 0.9219, top5_acc: 0.9906, loss_cls: 0.2717, loss: 0.2717
2026-08-02 03:17:41,458 - pyskl - INFO - Epoch [8][3700/12529]	lr: 7.112e-03, eta: 2 days, 16:37:49, time: 2.114, data_time: 0.000, memory: 2640, top1_acc: 0.9100, top5_acc: 0.9938, loss_cls: 0.2767, loss: 0.2767
2026-08-02 03:21:12,280 - pyskl - INFO - Epoch [8][3800/12529]	lr: 7.102e-03, eta: 2 days, 16:34:13, time: 2.108, data_time: 0.000, memory: 2640, top1_acc: 0.9263, top5_acc: 0.9950, loss_cls: 0.2421, loss: 0.2421
2026-08-02 03:24:43,272 - pyskl - INFO - Epoch [8][3900/12529]	lr: 7.093e-03, eta: 2 days, 16:30:36, time: 2.110, data_time: 0.000, memory: 2640, top1_acc: 0.9031, top5_acc: 0.9938, loss_cls: 0.2877, loss: 0.2877
2026-08-02 03:28:14,755 - pyskl - INFO - Epoch [8][4000/12529]	lr: 7.083e-03, eta: 2 days, 16:27:01, time: 2.115, data_time: 0.000, memory: 2640, top1_acc: 0.9194, top5_acc: 0.9919, loss_cls: 0.2720, loss: 0.2720
2026-08-02 03:31:46,357 - pyskl - INFO - Epoch [8][4100/12529]	lr: 7.073e-03, eta: 2 days, 16:23:25, time: 2.116, data_time: 0.000, memory: 2640, top1_acc: 0.9150, top5_acc: 0.9931, loss_cls: 0.2798, loss: 0.2798
2026-08-02 03:35:17,463 - pyskl - INFO - Epoch [8][4200/12529]	lr: 7.064e-03, eta: 2 days, 16:19:50, time: 2.111, data_time: 0.000, memory: 2640, top1_acc: 0.9106, top5_acc: 0.9875, loss_cls: 0.2890, loss: 0.2890
2026-08-02 03:38:48,633 - pyskl - INFO - Epoch [8][4300/12529]	lr: 7.054e-03, eta: 2 days, 16:16:14, time: 2.112, data_time: 0.000, memory: 2640, top1_acc: 0.9231, top5_acc: 0.9894, loss_cls: 0.2629, loss: 0.2629
2026-08-02 03:42:20,365 - pyskl - INFO - Epoch [8][4400/12529]	lr: 7.044e-03, eta: 2 days, 16:12:38, time: 2.117, data_time: 0.000, memory: 2640, top1_acc: 0.9131, top5_acc: 0.9900, loss_cls: 0.2754, loss: 0.2754
2026-08-02 03:45:51,422 - pyskl - INFO - Epoch [8][4500/12529]	lr: 7.034e-03, eta: 2 days, 16:09:02, time: 2.111, data_time: 0.000, memory: 2640, top1_acc: 0.9094, top5_acc: 0.9962, loss_cls: 0.2776, loss: 0.2776
2026-08-02 03:49:21,952 - pyskl - INFO - Epoch [8][4600/12529]	lr: 7.025e-03, eta: 2 days, 16:05:26, time: 2.105, data_time: 0.000, memory: 2640, top1_acc: 0.9231, top5_acc: 0.9900, loss_cls: 0.2707, loss: 0.2707
2026-08-02 03:52:53,262 - pyskl - INFO - Epoch [8][4700/12529]	lr: 7.015e-03, eta: 2 days, 16:01:50, time: 2.113, data_time: 0.000, memory: 2640, top1_acc: 0.9213, top5_acc: 0.9894, loss_cls: 0.2705, loss: 0.2705
2026-08-02 03:56:24,475 - pyskl - INFO - Epoch [8][4800/12529]	lr: 7.005e-03, eta: 2 days, 15:58:14, time: 2.112, data_time: 0.000, memory: 2640, top1_acc: 0.9119, top5_acc: 0.9888, loss_cls: 0.2866, loss: 0.2866
2026-08-02 03:59:56,485 - pyskl - INFO - Epoch [8][4900/12529]	lr: 6.996e-03, eta: 2 days, 15:54:40, time: 2.120, data_time: 0.000, memory: 2640, top1_acc: 0.9187, top5_acc: 0.9950, loss_cls: 0.2555, loss: 0.2555
2026-08-02 04:03:27,929 - pyskl - INFO - Epoch [8][5000/12529]	lr: 6.986e-03, eta: 2 days, 15:51:04, time: 2.114, data_time: 0.000, memory: 2640, top1_acc: 0.8962, top5_acc: 0.9950, loss_cls: 0.2949, loss: 0.2949
2026-08-02 04:06:58,910 - pyskl - INFO - Epoch [8][5100/12529]	lr: 6.976e-03, eta: 2 days, 15:47:28, time: 2.110, data_time: 0.000, memory: 2640, top1_acc: 0.9119, top5_acc: 0.9875, loss_cls: 0.2906, loss: 0.2906
2026-08-02 04:10:30,613 - pyskl - INFO - Epoch [8][5200/12529]	lr: 6.966e-03, eta: 2 days, 15:43:53, time: 2.117, data_time: 0.000, memory: 2640, top1_acc: 0.9069, top5_acc: 0.9875, loss_cls: 0.3093, loss: 0.3093
2026-08-02 04:14:01,506 - pyskl - INFO - Epoch [8][5300/12529]	lr: 6.957e-03, eta: 2 days, 15:40:17, time: 2.109, data_time: 0.000, memory: 2640, top1_acc: 0.9187, top5_acc: 0.9912, loss_cls: 0.2708, loss: 0.2708
2026-08-02 04:17:32,399 - pyskl - INFO - Epoch [8][5400/12529]	lr: 6.947e-03, eta: 2 days, 15:36:41, time: 2.109, data_time: 0.000, memory: 2640, top1_acc: 0.8950, top5_acc: 0.9850, loss_cls: 0.3258, loss: 0.3258
2026-08-02 04:21:03,014 - pyskl - INFO - Epoch [8][5500/12529]	lr: 6.937e-03, eta: 2 days, 15:33:04, time: 2.106, data_time: 0.000, memory: 2640, top1_acc: 0.9087, top5_acc: 0.9875, loss_cls: 0.2993, loss: 0.2993
2026-08-02 04:24:33,670 - pyskl - INFO - Epoch [8][5600/12529]	lr: 6.927e-03, eta: 2 days, 15:29:28, time: 2.107, data_time: 0.000, memory: 2640, top1_acc: 0.9075, top5_acc: 0.9900, loss_cls: 0.2999, loss: 0.2999
2026-08-02 04:28:04,524 - pyskl - INFO - Epoch [8][5700/12529]	lr: 6.918e-03, eta: 2 days, 15:25:52, time: 2.109, data_time: 0.000, memory: 2640, top1_acc: 0.9044, top5_acc: 0.9938, loss_cls: 0.3121, loss: 0.3121
2026-08-02 04:31:37,004 - pyskl - INFO - Epoch [8][5800/12529]	lr: 6.908e-03, eta: 2 days, 15:22:18, time: 2.125, data_time: 0.000, memory: 2640, top1_acc: 0.9075, top5_acc: 0.9900, loss_cls: 0.3084, loss: 0.3084
2026-08-02 04:35:07,763 - pyskl - INFO - Epoch [8][5900/12529]	lr: 6.898e-03, eta: 2 days, 15:18:42, time: 2.108, data_time: 0.000, memory: 2640, top1_acc: 0.9131, top5_acc: 0.9906, loss_cls: 0.2773, loss: 0.2773
2026-08-02 04:38:38,807 - pyskl - INFO - Epoch [8][6000/12529]	lr: 6.888e-03, eta: 2 days, 15:15:06, time: 2.110, data_time: 0.000, memory: 2640, top1_acc: 0.9031, top5_acc: 0.9881, loss_cls: 0.3062, loss: 0.3062
2026-08-02 04:42:10,119 - pyskl - INFO - Epoch [8][6100/12529]	lr: 6.879e-03, eta: 2 days, 15:11:30, time: 2.113, data_time: 0.000, memory: 2640, top1_acc: 0.9056, top5_acc: 0.9894, loss_cls: 0.3168, loss: 0.3168
2026-08-02 04:45:41,381 - pyskl - INFO - Epoch [8][6200/12529]	lr: 6.869e-03, eta: 2 days, 15:07:55, time: 2.113, data_time: 0.000, memory: 2640, top1_acc: 0.9156, top5_acc: 0.9906, loss_cls: 0.2746, loss: 0.2746
2026-08-02 04:49:12,631 - pyskl - INFO - Epoch [8][6300/12529]	lr: 6.859e-03, eta: 2 days, 15:04:19, time: 2.112, data_time: 0.000, memory: 2640, top1_acc: 0.9113, top5_acc: 0.9938, loss_cls: 0.2918, loss: 0.2918
2026-08-02 04:52:43,588 - pyskl - INFO - Epoch [8][6400/12529]	lr: 6.849e-03, eta: 2 days, 15:00:43, time: 2.110, data_time: 0.000, memory: 2640, top1_acc: 0.9025, top5_acc: 0.9925, loss_cls: 0.3158, loss: 0.3158
2026-08-02 04:56:14,175 - pyskl - INFO - Epoch [8][6500/12529]	lr: 6.840e-03, eta: 2 days, 14:57:07, time: 2.106, data_time: 0.000, memory: 2640, top1_acc: 0.9156, top5_acc: 0.9938, loss_cls: 0.2849, loss: 0.2849
2026-08-02 04:59:45,396 - pyskl - INFO - Epoch [8][6600/12529]	lr: 6.830e-03, eta: 2 days, 14:53:31, time: 2.112, data_time: 0.000, memory: 2640, top1_acc: 0.9069, top5_acc: 0.9944, loss_cls: 0.2966, loss: 0.2966
2026-08-02 05:03:15,495 - pyskl - INFO - Epoch [8][6700/12529]	lr: 6.820e-03, eta: 2 days, 14:49:54, time: 2.101, data_time: 0.000, memory: 2640, top1_acc: 0.9256, top5_acc: 0.9912, loss_cls: 0.2570, loss: 0.2570
2026-08-02 05:06:46,430 - pyskl - INFO - Epoch [8][6800/12529]	lr: 6.810e-03, eta: 2 days, 14:46:18, time: 2.109, data_time: 0.000, memory: 2640, top1_acc: 0.9056, top5_acc: 0.9894, loss_cls: 0.2927, loss: 0.2927
2026-08-02 05:10:17,437 - pyskl - INFO - Epoch [8][6900/12529]	lr: 6.801e-03, eta: 2 days, 14:42:43, time: 2.110, data_time: 0.000, memory: 2640, top1_acc: 0.9187, top5_acc: 0.9912, loss_cls: 0.2886, loss: 0.2886
2026-08-02 05:13:48,116 - pyskl - INFO - Epoch [8][7000/12529]	lr: 6.791e-03, eta: 2 days, 14:39:07, time: 2.107, data_time: 0.000, memory: 2640, top1_acc: 0.9075, top5_acc: 0.9919, loss_cls: 0.2946, loss: 0.2946
2026-08-02 05:17:19,142 - pyskl - INFO - Epoch [8][7100/12529]	lr: 6.781e-03, eta: 2 days, 14:35:31, time: 2.110, data_time: 0.000, memory: 2640, top1_acc: 0.9237, top5_acc: 0.9912, loss_cls: 0.2673, loss: 0.2673
2026-08-02 05:20:50,341 - pyskl - INFO - Epoch [8][7200/12529]	lr: 6.771e-03, eta: 2 days, 14:31:55, time: 2.112, data_time: 0.000, memory: 2640, top1_acc: 0.9187, top5_acc: 0.9912, loss_cls: 0.2771, loss: 0.2771
2026-08-02 05:24:22,192 - pyskl - INFO - Epoch [8][7300/12529]	lr: 6.762e-03, eta: 2 days, 14:28:20, time: 2.119, data_time: 0.000, memory: 2640, top1_acc: 0.9069, top5_acc: 0.9888, loss_cls: 0.2866, loss: 0.2866
2026-08-02 05:27:53,221 - pyskl - INFO - Epoch [8][7400/12529]	lr: 6.752e-03, eta: 2 days, 14:24:45, time: 2.110, data_time: 0.000, memory: 2640, top1_acc: 0.9081, top5_acc: 0.9862, loss_cls: 0.3081, loss: 0.3081
2026-08-02 05:31:24,271 - pyskl - INFO - Epoch [8][7500/12529]	lr: 6.742e-03, eta: 2 days, 14:21:09, time: 2.110, data_time: 0.000, memory: 2640, top1_acc: 0.9250, top5_acc: 0.9944, loss_cls: 0.2408, loss: 0.2408
2026-08-02 05:34:55,071 - pyskl - INFO - Epoch [8][7600/12529]	lr: 6.732e-03, eta: 2 days, 14:17:33, time: 2.108, data_time: 0.000, memory: 2640, top1_acc: 0.9025, top5_acc: 0.9888, loss_cls: 0.2925, loss: 0.2925
2026-08-02 05:38:25,639 - pyskl - INFO - Epoch [8][7700/12529]	lr: 6.723e-03, eta: 2 days, 14:13:57, time: 2.106, data_time: 0.000, memory: 2640, top1_acc: 0.9144, top5_acc: 0.9900, loss_cls: 0.2750, loss: 0.2750
2026-08-02 05:41:56,830 - pyskl - INFO - Epoch [8][7800/12529]	lr: 6.713e-03, eta: 2 days, 14:10:21, time: 2.112, data_time: 0.000, memory: 2640, top1_acc: 0.9131, top5_acc: 0.9906, loss_cls: 0.2801, loss: 0.2801
2026-08-02 05:45:28,253 - pyskl - INFO - Epoch [8][7900/12529]	lr: 6.703e-03, eta: 2 days, 14:06:46, time: 2.114, data_time: 0.000, memory: 2640, top1_acc: 0.9200, top5_acc: 0.9900, loss_cls: 0.2895, loss: 0.2895
2026-08-02 05:48:58,798 - pyskl - INFO - Epoch [8][8000/12529]	lr: 6.693e-03, eta: 2 days, 14:03:10, time: 2.105, data_time: 0.000, memory: 2640, top1_acc: 0.9313, top5_acc: 0.9925, loss_cls: 0.2342, loss: 0.2342
2026-08-02 05:52:29,656 - pyskl - INFO - Epoch [8][8100/12529]	lr: 6.684e-03, eta: 2 days, 13:59:34, time: 2.109, data_time: 0.000, memory: 2640, top1_acc: 0.9131, top5_acc: 0.9894, loss_cls: 0.2864, loss: 0.2864
2026-08-02 05:56:00,955 - pyskl - INFO - Epoch [8][8200/12529]	lr: 6.674e-03, eta: 2 days, 13:55:59, time: 2.113, data_time: 0.000, memory: 2640, top1_acc: 0.9137, top5_acc: 0.9931, loss_cls: 0.2846, loss: 0.2846
2026-08-02 05:59:31,163 - pyskl - INFO - Epoch [8][8300/12529]	lr: 6.664e-03, eta: 2 days, 13:52:22, time: 2.102, data_time: 0.000, memory: 2640, top1_acc: 0.9231, top5_acc: 0.9900, loss_cls: 0.2605, loss: 0.2605
2026-08-02 06:03:02,266 - pyskl - INFO - Epoch [8][8400/12529]	lr: 6.654e-03, eta: 2 days, 13:48:47, time: 2.111, data_time: 0.000, memory: 2640, top1_acc: 0.9125, top5_acc: 0.9881, loss_cls: 0.2791, loss: 0.2791
2026-08-02 06:06:33,655 - pyskl - INFO - Epoch [8][8500/12529]	lr: 6.644e-03, eta: 2 days, 13:45:11, time: 2.114, data_time: 0.000, memory: 2640, top1_acc: 0.9125, top5_acc: 0.9894, loss_cls: 0.2945, loss: 0.2945
2026-08-02 06:10:05,007 - pyskl - INFO - Epoch [8][8600/12529]	lr: 6.635e-03, eta: 2 days, 13:41:36, time: 2.114, data_time: 0.000, memory: 2640, top1_acc: 0.9056, top5_acc: 0.9919, loss_cls: 0.2872, loss: 0.2872
2026-08-02 06:13:35,796 - pyskl - INFO - Epoch [8][8700/12529]	lr: 6.625e-03, eta: 2 days, 13:38:00, time: 2.108, data_time: 0.000, memory: 2640, top1_acc: 0.9237, top5_acc: 0.9919, loss_cls: 0.2567, loss: 0.2567
2026-08-02 06:17:05,927 - pyskl - INFO - Epoch [8][8800/12529]	lr: 6.615e-03, eta: 2 days, 13:34:24, time: 2.101, data_time: 0.000, memory: 2640, top1_acc: 0.9150, top5_acc: 0.9862, loss_cls: 0.2954, loss: 0.2954
2026-08-02 06:20:36,125 - pyskl - INFO - Epoch [8][8900/12529]	lr: 6.605e-03, eta: 2 days, 13:30:47, time: 2.102, data_time: 0.000, memory: 2640, top1_acc: 0.9194, top5_acc: 0.9900, loss_cls: 0.2706, loss: 0.2706
2026-08-02 06:24:07,378 - pyskl - INFO - Epoch [8][9000/12529]	lr: 6.596e-03, eta: 2 days, 13:27:12, time: 2.113, data_time: 0.000, memory: 2640, top1_acc: 0.9106, top5_acc: 0.9912, loss_cls: 0.3005, loss: 0.3005
2026-08-02 06:27:38,433 - pyskl - INFO - Epoch [8][9100/12529]	lr: 6.586e-03, eta: 2 days, 13:23:36, time: 2.111, data_time: 0.000, memory: 2640, top1_acc: 0.9131, top5_acc: 0.9894, loss_cls: 0.2824, loss: 0.2824
2026-08-02 06:31:09,236 - pyskl - INFO - Epoch [8][9200/12529]	lr: 6.576e-03, eta: 2 days, 13:20:01, time: 2.108, data_time: 0.000, memory: 2640, top1_acc: 0.9100, top5_acc: 0.9931, loss_cls: 0.2830, loss: 0.2830
2026-08-02 06:34:40,668 - pyskl - INFO - Epoch [8][9300/12529]	lr: 6.566e-03, eta: 2 days, 13:16:26, time: 2.114, data_time: 0.000, memory: 2640, top1_acc: 0.9056, top5_acc: 0.9900, loss_cls: 0.3011, loss: 0.3011
2026-08-02 06:38:11,884 - pyskl - INFO - Epoch [8][9400/12529]	lr: 6.556e-03, eta: 2 days, 13:12:50, time: 2.112, data_time: 0.000, memory: 2640, top1_acc: 0.9356, top5_acc: 0.9962, loss_cls: 0.2359, loss: 0.2359
2026-08-02 06:41:42,807 - pyskl - INFO - Epoch [8][9500/12529]	lr: 6.547e-03, eta: 2 days, 13:09:15, time: 2.109, data_time: 0.000, memory: 2640, top1_acc: 0.9131, top5_acc: 0.9925, loss_cls: 0.2699, loss: 0.2699
2026-08-02 06:45:14,197 - pyskl - INFO - Epoch [8][9600/12529]	lr: 6.537e-03, eta: 2 days, 13:05:39, time: 2.114, data_time: 0.000, memory: 2640, top1_acc: 0.9094, top5_acc: 0.9919, loss_cls: 0.2824, loss: 0.2824
2026-08-02 06:48:44,664 - pyskl - INFO - Epoch [8][9700/12529]	lr: 6.527e-03, eta: 2 days, 13:02:03, time: 2.105, data_time: 0.000, memory: 2640, top1_acc: 0.9113, top5_acc: 0.9900, loss_cls: 0.3035, loss: 0.3035
2026-08-02 06:52:15,293 - pyskl - INFO - Epoch [8][9800/12529]	lr: 6.517e-03, eta: 2 days, 12:58:27, time: 2.106, data_time: 0.000, memory: 2640, top1_acc: 0.9119, top5_acc: 0.9894, loss_cls: 0.2923, loss: 0.2923
2026-08-02 06:55:47,065 - pyskl - INFO - Epoch [8][9900/12529]	lr: 6.508e-03, eta: 2 days, 12:54:53, time: 2.118, data_time: 0.000, memory: 2640, top1_acc: 0.9194, top5_acc: 0.9931, loss_cls: 0.2681, loss: 0.2681
2026-08-02 06:59:17,792 - pyskl - INFO - Epoch [8][10000/12529]	lr: 6.498e-03, eta: 2 days, 12:51:17, time: 2.107, data_time: 0.000, memory: 2640, top1_acc: 0.9213, top5_acc: 0.9944, loss_cls: 0.2567, loss: 0.2567
2026-08-02 07:02:48,808 - pyskl - INFO - Epoch [8][10100/12529]	lr: 6.488e-03, eta: 2 days, 12:47:42, time: 2.110, data_time: 0.000, memory: 2640, top1_acc: 0.9144, top5_acc: 0.9900, loss_cls: 0.2775, loss: 0.2775
2026-08-02 07:06:19,739 - pyskl - INFO - Epoch [8][10200/12529]	lr: 6.478e-03, eta: 2 days, 12:44:06, time: 2.109, data_time: 0.000, memory: 2640, top1_acc: 0.9113, top5_acc: 0.9912, loss_cls: 0.2978, loss: 0.2978
2026-08-02 07:09:50,019 - pyskl - INFO - Epoch [8][10300/12529]	lr: 6.468e-03, eta: 2 days, 12:40:30, time: 2.103, data_time: 0.000, memory: 2640, top1_acc: 0.9087, top5_acc: 0.9875, loss_cls: 0.2997, loss: 0.2997
2026-08-02 07:13:20,401 - pyskl - INFO - Epoch [8][10400/12529]	lr: 6.459e-03, eta: 2 days, 12:36:54, time: 2.104, data_time: 0.000, memory: 2640, top1_acc: 0.9175, top5_acc: 0.9912, loss_cls: 0.2543, loss: 0.2543
2026-08-02 07:16:50,675 - pyskl - INFO - Epoch [8][10500/12529]	lr: 6.449e-03, eta: 2 days, 12:33:17, time: 2.103, data_time: 0.000, memory: 2640, top1_acc: 0.9237, top5_acc: 0.9925, loss_cls: 0.2641, loss: 0.2641
2026-08-02 07:20:21,260 - pyskl - INFO - Epoch [8][10600/12529]	lr: 6.439e-03, eta: 2 days, 12:29:42, time: 2.106, data_time: 0.000, memory: 2640, top1_acc: 0.9050, top5_acc: 0.9931, loss_cls: 0.2958, loss: 0.2958
2026-08-02 07:23:52,968 - pyskl - INFO - Epoch [8][10700/12529]	lr: 6.429e-03, eta: 2 days, 12:26:07, time: 2.117, data_time: 0.000, memory: 2640, top1_acc: 0.9094, top5_acc: 0.9931, loss_cls: 0.2774, loss: 0.2774
2026-08-02 07:27:24,224 - pyskl - INFO - Epoch [8][10800/12529]	lr: 6.419e-03, eta: 2 days, 12:22:32, time: 2.113, data_time: 0.000, memory: 2640, top1_acc: 0.9081, top5_acc: 0.9912, loss_cls: 0.2772, loss: 0.2772
2026-08-02 07:30:55,130 - pyskl - INFO - Epoch [8][10900/12529]	lr: 6.410e-03, eta: 2 days, 12:18:56, time: 2.109, data_time: 0.000, memory: 2640, top1_acc: 0.9144, top5_acc: 0.9912, loss_cls: 0.2896, loss: 0.2896
2026-08-02 07:34:26,200 - pyskl - INFO - Epoch [8][11000/12529]	lr: 6.400e-03, eta: 2 days, 12:15:21, time: 2.111, data_time: 0.000, memory: 2640, top1_acc: 0.9100, top5_acc: 0.9906, loss_cls: 0.3039, loss: 0.3039
2026-08-02 07:37:57,462 - pyskl - INFO - Epoch [8][11100/12529]	lr: 6.390e-03, eta: 2 days, 12:11:46, time: 2.113, data_time: 0.000, memory: 2640, top1_acc: 0.9200, top5_acc: 0.9912, loss_cls: 0.2713, loss: 0.2713
2026-08-02 07:41:28,207 - pyskl - INFO - Epoch [8][11200/12529]	lr: 6.380e-03, eta: 2 days, 12:08:10, time: 2.107, data_time: 0.000, memory: 2640, top1_acc: 0.9169, top5_acc: 0.9944, loss_cls: 0.2733, loss: 0.2733
2026-08-02 07:44:59,403 - pyskl - INFO - Epoch [8][11300/12529]	lr: 6.370e-03, eta: 2 days, 12:04:35, time: 2.112, data_time: 0.000, memory: 2640, top1_acc: 0.9125, top5_acc: 0.9925, loss_cls: 0.2884, loss: 0.2884
2026-08-02 07:48:30,610 - pyskl - INFO - Epoch [8][11400/12529]	lr: 6.361e-03, eta: 2 days, 12:01:00, time: 2.112, data_time: 0.000, memory: 2640, top1_acc: 0.9413, top5_acc: 0.9950, loss_cls: 0.2252, loss: 0.2252
2026-08-02 07:52:01,476 - pyskl - INFO - Epoch [8][11500/12529]	lr: 6.351e-03, eta: 2 days, 11:57:24, time: 2.109, data_time: 0.000, memory: 2640, top1_acc: 0.9131, top5_acc: 0.9938, loss_cls: 0.2685, loss: 0.2685
2026-08-02 07:55:32,704 - pyskl - INFO - Epoch [8][11600/12529]	lr: 6.341e-03, eta: 2 days, 11:53:49, time: 2.112, data_time: 0.000, memory: 2640, top1_acc: 0.9294, top5_acc: 0.9875, loss_cls: 0.2533, loss: 0.2533
2026-08-02 07:59:03,546 - pyskl - INFO - Epoch [8][11700/12529]	lr: 6.331e-03, eta: 2 days, 11:50:14, time: 2.108, data_time: 0.000, memory: 2640, top1_acc: 0.9413, top5_acc: 0.9969, loss_cls: 0.2071, loss: 0.2071
2026-08-02 08:02:35,060 - pyskl - INFO - Epoch [8][11800/12529]	lr: 6.322e-03, eta: 2 days, 11:46:39, time: 2.115, data_time: 0.000, memory: 2640, top1_acc: 0.9344, top5_acc: 0.9938, loss_cls: 0.2187, loss: 0.2187
2026-08-02 08:06:06,315 - pyskl - INFO - Epoch [8][11900/12529]	lr: 6.312e-03, eta: 2 days, 11:43:04, time: 2.113, data_time: 0.000, memory: 2640, top1_acc: 0.9275, top5_acc: 0.9950, loss_cls: 0.2344, loss: 0.2344
2026-08-02 08:09:37,205 - pyskl - INFO - Epoch [8][12000/12529]	lr: 6.302e-03, eta: 2 days, 11:39:28, time: 2.109, data_time: 0.000, memory: 2640, top1_acc: 0.9313, top5_acc: 0.9950, loss_cls: 0.2295, loss: 0.2295
2026-08-02 08:13:08,164 - pyskl - INFO - Epoch [8][12100/12529]	lr: 6.292e-03, eta: 2 days, 11:35:53, time: 2.110, data_time: 0.000, memory: 2640, top1_acc: 0.9269, top5_acc: 0.9938, loss_cls: 0.2539, loss: 0.2539
2026-08-02 08:16:43,032 - pyskl - INFO - Epoch [8][12200/12529]	lr: 6.282e-03, eta: 2 days, 11:32:22, time: 2.149, data_time: 0.000, memory: 2640, top1_acc: 0.9269, top5_acc: 0.9912, loss_cls: 0.2545, loss: 0.2545
2026-08-02 08:20:17,822 - pyskl - INFO - Epoch [8][12300/12529]	lr: 6.273e-03, eta: 2 days, 11:28:50, time: 2.148, data_time: 0.000, memory: 2640, top1_acc: 0.9269, top5_acc: 0.9900, loss_cls: 0.2670, loss: 0.2670
2026-08-02 08:23:49,495 - pyskl - INFO - Epoch [8][12400/12529]	lr: 6.263e-03, eta: 2 days, 11:25:15, time: 2.117, data_time: 0.000, memory: 2640, top1_acc: 0.9269, top5_acc: 0.9919, loss_cls: 0.2425, loss: 0.2425
2026-08-02 08:27:19,951 - pyskl - INFO - Epoch [8][12500/12529]	lr: 6.253e-03, eta: 2 days, 11:21:40, time: 2.104, data_time: 0.000, memory: 2640, top1_acc: 0.9369, top5_acc: 0.9938, loss_cls: 0.2196, loss: 0.2196
2026-08-02 08:28:20,692 - pyskl - INFO - Saving checkpoint at 8 epochs
2026-08-02 09:02:03,745 - pyskl - INFO - Evaluating top_k_accuracy ...
2026-08-02 09:02:03,806 - pyskl - INFO - 
top1_acc	0.8324
top5_acc	0.9693
2026-08-02 09:02:03,808 - pyskl - INFO - The previous best checkpoint D:\YXJProject\pythonProject\pyskl\work_dirs\stgcn++\ntu60_xsub_3dkp\j_single_gpu\best_top1_acc_epoch_7.pth was removed
2026-08-02 09:02:03,968 - pyskl - INFO - Now best checkpoint is saved as best_top1_acc_epoch_8.pth.
2026-08-02 09:02:03,968 - pyskl - INFO - Best top1_acc is 0.8324 at 8 epoch.
2026-08-02 09:02:03,971 - pyskl - INFO - Epoch(val) [8][1031]	top1_acc: 0.8324, top5_acc: 0.9693
2026-08-02 09:05:48,303 - pyskl - INFO - Epoch [9][100/12529]	lr: 6.240e-03, eta: 2 days, 11:16:14, time: 2.243, data_time: 0.120, memory: 2640, top1_acc: 0.9269, top5_acc: 0.9931, loss_cls: 0.2494, loss: 0.2494
2026-08-02 09:09:19,948 - pyskl - INFO - Epoch [9][200/12529]	lr: 6.231e-03, eta: 2 days, 11:12:40, time: 2.117, data_time: 0.000, memory: 2640, top1_acc: 0.9137, top5_acc: 0.9869, loss_cls: 0.2837, loss: 0.2837
2026-08-02 09:12:50,667 - pyskl - INFO - Epoch [9][300/12529]	lr: 6.221e-03, eta: 2 days, 11:09:04, time: 2.107, data_time: 0.000, memory: 2640, top1_acc: 0.9244, top5_acc: 0.9969, loss_cls: 0.2476, loss: 0.2476
2026-08-02 09:16:22,225 - pyskl - INFO - Epoch [9][400/12529]	lr: 6.211e-03, eta: 2 days, 11:05:29, time: 2.116, data_time: 0.000, memory: 2640, top1_acc: 0.9069, top5_acc: 0.9956, loss_cls: 0.2817, loss: 0.2817
2026-08-02 09:19:53,319 - pyskl - INFO - Epoch [9][500/12529]	lr: 6.201e-03, eta: 2 days, 11:01:54, time: 2.111, data_time: 0.000, memory: 2640, top1_acc: 0.9231, top5_acc: 0.9919, loss_cls: 0.2529, loss: 0.2529
2026-08-02 09:23:24,302 - pyskl - INFO - Epoch [9][600/12529]	lr: 6.191e-03, eta: 2 days, 10:58:19, time: 2.110, data_time: 0.000, memory: 2640, top1_acc: 0.9263, top5_acc: 0.9962, loss_cls: 0.2390, loss: 0.2390
2026-08-02 09:26:54,918 - pyskl - INFO - Epoch [9][700/12529]	lr: 6.182e-03, eta: 2 days, 10:54:44, time: 2.106, data_time: 0.000, memory: 2640, top1_acc: 0.9325, top5_acc: 0.9938, loss_cls: 0.2391, loss: 0.2391
2026-08-02 09:30:26,608 - pyskl - INFO - Epoch [9][800/12529]	lr: 6.172e-03, eta: 2 days, 10:51:09, time: 2.117, data_time: 0.000, memory: 2640, top1_acc: 0.9275, top5_acc: 0.9962, loss_cls: 0.2370, loss: 0.2370
2026-08-02 09:33:57,711 - pyskl - INFO - Epoch [9][900/12529]	lr: 6.162e-03, eta: 2 days, 10:47:34, time: 2.111, data_time: 0.000, memory: 2640, top1_acc: 0.9256, top5_acc: 0.9956, loss_cls: 0.2462, loss: 0.2462
2026-08-02 09:37:29,048 - pyskl - INFO - Epoch [9][1000/12529]	lr: 6.152e-03, eta: 2 days, 10:43:59, time: 2.113, data_time: 0.000, memory: 2640, top1_acc: 0.9344, top5_acc: 0.9950, loss_cls: 0.2290, loss: 0.2290
2026-08-02 09:41:00,710 - pyskl - INFO - Epoch [9][1100/12529]	lr: 6.142e-03, eta: 2 days, 10:40:25, time: 2.117, data_time: 0.000, memory: 2640, top1_acc: 0.9319, top5_acc: 0.9912, loss_cls: 0.2385, loss: 0.2385
2026-08-02 09:44:31,823 - pyskl - INFO - Epoch [9][1200/12529]	lr: 6.133e-03, eta: 2 days, 10:36:50, time: 2.111, data_time: 0.000, memory: 2640, top1_acc: 0.9175, top5_acc: 0.9938, loss_cls: 0.2565, loss: 0.2565
2026-08-02 09:48:02,843 - pyskl - INFO - Epoch [9][1300/12529]	lr: 6.123e-03, eta: 2 days, 10:33:15, time: 2.110, data_time: 0.000, memory: 2640, top1_acc: 0.9281, top5_acc: 0.9894, loss_cls: 0.2330, loss: 0.2330
2026-08-02 09:51:34,336 - pyskl - INFO - Epoch [9][1400/12529]	lr: 6.113e-03, eta: 2 days, 10:29:40, time: 2.115, data_time: 0.000, memory: 2640, top1_acc: 0.9200, top5_acc: 0.9912, loss_cls: 0.2713, loss: 0.2713
2026-08-02 09:55:05,683 - pyskl - INFO - Epoch [9][1500/12529]	lr: 6.103e-03, eta: 2 days, 10:26:06, time: 2.113, data_time: 0.000, memory: 2640, top1_acc: 0.9269, top5_acc: 0.9900, loss_cls: 0.2559, loss: 0.2559
2026-08-02 09:58:36,955 - pyskl - INFO - Epoch [9][1600/12529]	lr: 6.093e-03, eta: 2 days, 10:22:31, time: 2.113, data_time: 0.000, memory: 2640, top1_acc: 0.9169, top5_acc: 0.9894, loss_cls: 0.2830, loss: 0.2830
2026-08-02 10:02:08,183 - pyskl - INFO - Epoch [9][1700/12529]	lr: 6.084e-03, eta: 2 days, 10:18:56, time: 2.112, data_time: 0.000, memory: 2640, top1_acc: 0.9294, top5_acc: 0.9906, loss_cls: 0.2376, loss: 0.2376
2026-08-02 10:05:39,510 - pyskl - INFO - Epoch [9][1800/12529]	lr: 6.074e-03, eta: 2 days, 10:15:21, time: 2.113, data_time: 0.000, memory: 2640, top1_acc: 0.9337, top5_acc: 0.9938, loss_cls: 0.2301, loss: 0.2301
2026-08-02 10:09:11,183 - pyskl - INFO - Epoch [9][1900/12529]	lr: 6.064e-03, eta: 2 days, 10:11:47, time: 2.117, data_time: 0.000, memory: 2640, top1_acc: 0.9231, top5_acc: 0.9962, loss_cls: 0.2400, loss: 0.2400
2026-08-02 10:12:41,893 - pyskl - INFO - Epoch [9][2000/12529]	lr: 6.054e-03, eta: 2 days, 10:08:11, time: 2.107, data_time: 0.000, memory: 2640, top1_acc: 0.9194, top5_acc: 0.9931, loss_cls: 0.2645, loss: 0.2645
2026-08-02 10:16:13,236 - pyskl - INFO - Epoch [9][2100/12529]	lr: 6.044e-03, eta: 2 days, 10:04:37, time: 2.113, data_time: 0.000, memory: 2640, top1_acc: 0.9275, top5_acc: 0.9931, loss_cls: 0.2396, loss: 0.2396
2026-08-02 10:19:44,171 - pyskl - INFO - Epoch [9][2200/12529]	lr: 6.035e-03, eta: 2 days, 10:01:02, time: 2.109, data_time: 0.000, memory: 2640, top1_acc: 0.9413, top5_acc: 0.9975, loss_cls: 0.2018, loss: 0.2018
2026-08-02 10:23:14,361 - pyskl - INFO - Epoch [9][2300/12529]	lr: 6.025e-03, eta: 2 days, 9:57:26, time: 2.102, data_time: 0.000, memory: 2640, top1_acc: 0.9237, top5_acc: 0.9969, loss_cls: 0.2480, loss: 0.2480
2026-08-02 10:26:45,686 - pyskl - INFO - Epoch [9][2400/12529]	lr: 6.015e-03, eta: 2 days, 9:53:51, time: 2.113, data_time: 0.000, memory: 2640, top1_acc: 0.9194, top5_acc: 0.9919, loss_cls: 0.2567, loss: 0.2567
2026-08-02 10:30:16,690 - pyskl - INFO - Epoch [9][2500/12529]	lr: 6.005e-03, eta: 2 days, 9:50:16, time: 2.110, data_time: 0.000, memory: 2640, top1_acc: 0.9300, top5_acc: 0.9950, loss_cls: 0.2478, loss: 0.2478
2026-08-02 10:33:47,498 - pyskl - INFO - Epoch [9][2600/12529]	lr: 5.996e-03, eta: 2 days, 9:46:41, time: 2.108, data_time: 0.000, memory: 2640, top1_acc: 0.9231, top5_acc: 0.9900, loss_cls: 0.2537, loss: 0.2537
2026-08-02 10:37:18,232 - pyskl - INFO - Epoch [9][2700/12529]	lr: 5.986e-03, eta: 2 days, 9:43:06, time: 2.107, data_time: 0.000, memory: 2640, top1_acc: 0.9437, top5_acc: 0.9912, loss_cls: 0.2235, loss: 0.2235
2026-08-02 10:40:49,204 - pyskl - INFO - Epoch [9][2800/12529]	lr: 5.976e-03, eta: 2 days, 9:39:31, time: 2.110, data_time: 0.000, memory: 2640, top1_acc: 0.9287, top5_acc: 0.9938, loss_cls: 0.2497, loss: 0.2497
2026-08-02 10:44:20,316 - pyskl - INFO - Epoch [9][2900/12529]	lr: 5.966e-03, eta: 2 days, 9:35:56, time: 2.111, data_time: 0.000, memory: 2640, top1_acc: 0.9119, top5_acc: 0.9925, loss_cls: 0.2773, loss: 0.2773
2026-08-02 10:47:52,305 - pyskl - INFO - Epoch [9][3000/12529]	lr: 5.956e-03, eta: 2 days, 9:32:22, time: 2.120, data_time: 0.000, memory: 2640, top1_acc: 0.9250, top5_acc: 0.9925, loss_cls: 0.2518, loss: 0.2518
2026-08-02 10:51:22,728 - pyskl - INFO - Epoch [9][3100/12529]	lr: 5.947e-03, eta: 2 days, 9:28:46, time: 2.104, data_time: 0.000, memory: 2640, top1_acc: 0.9256, top5_acc: 0.9912, loss_cls: 0.2427, loss: 0.2427
2026-08-02 10:54:53,671 - pyskl - INFO - Epoch [9][3200/12529]	lr: 5.937e-03, eta: 2 days, 9:25:11, time: 2.109, data_time: 0.000, memory: 2640, top1_acc: 0.9313, top5_acc: 0.9912, loss_cls: 0.2484, loss: 0.2484
2026-08-02 10:58:24,823 - pyskl - INFO - Epoch [9][3300/12529]	lr: 5.927e-03, eta: 2 days, 9:21:37, time: 2.111, data_time: 0.000, memory: 2640, top1_acc: 0.9250, top5_acc: 0.9962, loss_cls: 0.2536, loss: 0.2536
2026-08-02 11:01:57,220 - pyskl - INFO - Epoch [9][3400/12529]	lr: 5.917e-03, eta: 2 days, 9:18:03, time: 2.124, data_time: 0.000, memory: 2640, top1_acc: 0.9263, top5_acc: 0.9912, loss_cls: 0.2462, loss: 0.2462
2026-08-02 11:05:29,867 - pyskl - INFO - Epoch [9][3500/12529]	lr: 5.907e-03, eta: 2 days, 9:14:30, time: 2.126, data_time: 0.000, memory: 2640, top1_acc: 0.9319, top5_acc: 0.9900, loss_cls: 0.2533, loss: 0.2533
2026-08-02 11:09:01,001 - pyskl - INFO - Epoch [9][3600/12529]	lr: 5.898e-03, eta: 2 days, 9:10:55, time: 2.111, data_time: 0.000, memory: 2640, top1_acc: 0.9313, top5_acc: 0.9944, loss_cls: 0.2247, loss: 0.2247
2026-08-02 11:12:31,468 - pyskl - INFO - Epoch [9][3700/12529]	lr: 5.888e-03, eta: 2 days, 9:07:19, time: 2.105, data_time: 0.000, memory: 2640, top1_acc: 0.9250, top5_acc: 0.9931, loss_cls: 0.2311, loss: 0.2311
2026-08-02 11:16:02,931 - pyskl - INFO - Epoch [9][3800/12529]	lr: 5.878e-03, eta: 2 days, 9:03:45, time: 2.115, data_time: 0.000, memory: 2640, top1_acc: 0.9237, top5_acc: 0.9912, loss_cls: 0.2555, loss: 0.2555
2026-08-02 11:19:33,321 - pyskl - INFO - Epoch [9][3900/12529]	lr: 5.868e-03, eta: 2 days, 9:00:09, time: 2.104, data_time: 0.000, memory: 2640, top1_acc: 0.9394, top5_acc: 0.9931, loss_cls: 0.2113, loss: 0.2113
2026-08-02 11:23:05,388 - pyskl - INFO - Epoch [9][4000/12529]	lr: 5.859e-03, eta: 2 days, 8:56:35, time: 2.121, data_time: 0.000, memory: 2640, top1_acc: 0.9281, top5_acc: 0.9938, loss_cls: 0.2433, loss: 0.2433
2026-08-02 11:26:36,660 - pyskl - INFO - Epoch [9][4100/12529]	lr: 5.849e-03, eta: 2 days, 8:53:01, time: 2.113, data_time: 0.000, memory: 2640, top1_acc: 0.9300, top5_acc: 0.9925, loss_cls: 0.2468, loss: 0.2468
2026-08-02 11:30:08,301 - pyskl - INFO - Epoch [9][4200/12529]	lr: 5.839e-03, eta: 2 days, 8:49:27, time: 2.116, data_time: 0.000, memory: 2640, top1_acc: 0.9325, top5_acc: 0.9938, loss_cls: 0.2184, loss: 0.2184
2026-08-02 11:33:40,083 - pyskl - INFO - Epoch [9][4300/12529]	lr: 5.829e-03, eta: 2 days, 8:45:52, time: 2.118, data_time: 0.000, memory: 2640, top1_acc: 0.9331, top5_acc: 0.9962, loss_cls: 0.2247, loss: 0.2247
2026-08-02 11:37:10,694 - pyskl - INFO - Epoch [9][4400/12529]	lr: 5.819e-03, eta: 2 days, 8:42:17, time: 2.106, data_time: 0.000, memory: 2640, top1_acc: 0.9194, top5_acc: 0.9931, loss_cls: 0.2653, loss: 0.2653
2026-08-02 11:40:41,947 - pyskl - INFO - Epoch [9][4500/12529]	lr: 5.810e-03, eta: 2 days, 8:38:43, time: 2.113, data_time: 0.000, memory: 2640, top1_acc: 0.9213, top5_acc: 0.9950, loss_cls: 0.2618, loss: 0.2618
2026-08-02 11:44:13,423 - pyskl - INFO - Epoch [9][4600/12529]	lr: 5.800e-03, eta: 2 days, 8:35:08, time: 2.115, data_time: 0.000, memory: 2640, top1_acc: 0.9300, top5_acc: 0.9950, loss_cls: 0.2362, loss: 0.2362
2026-08-02 11:47:44,598 - pyskl - INFO - Epoch [9][4700/12529]	lr: 5.790e-03, eta: 2 days, 8:31:33, time: 2.112, data_time: 0.000, memory: 2640, top1_acc: 0.9344, top5_acc: 0.9938, loss_cls: 0.2241, loss: 0.2241
2026-08-02 11:51:15,677 - pyskl - INFO - Epoch [9][4800/12529]	lr: 5.780e-03, eta: 2 days, 8:27:59, time: 2.111, data_time: 0.000, memory: 2640, top1_acc: 0.9244, top5_acc: 0.9925, loss_cls: 0.2553, loss: 0.2553
2026-08-02 11:54:47,018 - pyskl - INFO - Epoch [9][4900/12529]	lr: 5.771e-03, eta: 2 days, 8:24:24, time: 2.113, data_time: 0.000, memory: 2640, top1_acc: 0.9313, top5_acc: 0.9925, loss_cls: 0.2257, loss: 0.2257
2026-08-02 11:58:17,492 - pyskl - INFO - Epoch [9][5000/12529]	lr: 5.761e-03, eta: 2 days, 8:20:49, time: 2.105, data_time: 0.000, memory: 2640, top1_acc: 0.9350, top5_acc: 0.9931, loss_cls: 0.2316, loss: 0.2316
2026-08-02 12:01:48,947 - pyskl - INFO - Epoch [9][5100/12529]	lr: 5.751e-03, eta: 2 days, 8:17:14, time: 2.115, data_time: 0.000, memory: 2640, top1_acc: 0.9325, top5_acc: 0.9950, loss_cls: 0.2232, loss: 0.2232
2026-08-02 12:05:19,939 - pyskl - INFO - Epoch [9][5200/12529]	lr: 5.741e-03, eta: 2 days, 8:13:40, time: 2.110, data_time: 0.000, memory: 2640, top1_acc: 0.9331, top5_acc: 0.9950, loss_cls: 0.2198, loss: 0.2198
2026-08-02 12:08:51,628 - pyskl - INFO - Epoch [9][5300/12529]	lr: 5.732e-03, eta: 2 days, 8:10:05, time: 2.117, data_time: 0.000, memory: 2640, top1_acc: 0.9263, top5_acc: 0.9950, loss_cls: 0.2344, loss: 0.2344
2026-08-02 12:12:23,765 - pyskl - INFO - Epoch [9][5400/12529]	lr: 5.722e-03, eta: 2 days, 8:06:32, time: 2.121, data_time: 0.000, memory: 2640, top1_acc: 0.9181, top5_acc: 0.9931, loss_cls: 0.2429, loss: 0.2429
2026-08-02 12:15:54,373 - pyskl - INFO - Epoch [9][5500/12529]	lr: 5.712e-03, eta: 2 days, 8:02:57, time: 2.106, data_time: 0.000, memory: 2640, top1_acc: 0.9419, top5_acc: 0.9931, loss_cls: 0.2245, loss: 0.2245
2026-08-02 12:19:25,111 - pyskl - INFO - Epoch [9][5600/12529]	lr: 5.702e-03, eta: 2 days, 7:59:22, time: 2.107, data_time: 0.000, memory: 2640, top1_acc: 0.9225, top5_acc: 0.9925, loss_cls: 0.2465, loss: 0.2465
2026-08-02 12:22:55,682 - pyskl - INFO - Epoch [9][5700/12529]	lr: 5.693e-03, eta: 2 days, 7:55:46, time: 2.106, data_time: 0.000, memory: 2640, top1_acc: 0.9275, top5_acc: 0.9931, loss_cls: 0.2389, loss: 0.2389
2026-08-02 12:26:25,925 - pyskl - INFO - Epoch [9][5800/12529]	lr: 5.683e-03, eta: 2 days, 7:52:11, time: 2.102, data_time: 0.000, memory: 2640, top1_acc: 0.9394, top5_acc: 0.9938, loss_cls: 0.2077, loss: 0.2077
2026-08-02 12:29:56,375 - pyskl - INFO - Epoch [9][5900/12529]	lr: 5.673e-03, eta: 2 days, 7:48:36, time: 2.104, data_time: 0.000, memory: 2640, top1_acc: 0.9269, top5_acc: 0.9912, loss_cls: 0.2253, loss: 0.2253
2026-08-02 12:33:26,852 - pyskl - INFO - Epoch [9][6000/12529]	lr: 5.663e-03, eta: 2 days, 7:45:00, time: 2.105, data_time: 0.000, memory: 2640, top1_acc: 0.9113, top5_acc: 0.9938, loss_cls: 0.2795, loss: 0.2795
2026-08-02 12:36:57,923 - pyskl - INFO - Epoch [9][6100/12529]	lr: 5.654e-03, eta: 2 days, 7:41:26, time: 2.111, data_time: 0.000, memory: 2640, top1_acc: 0.9244, top5_acc: 0.9956, loss_cls: 0.2440, loss: 0.2440
2026-08-02 12:40:28,074 - pyskl - INFO - Epoch [9][6200/12529]	lr: 5.644e-03, eta: 2 days, 7:37:50, time: 2.102, data_time: 0.000, memory: 2640, top1_acc: 0.9287, top5_acc: 0.9956, loss_cls: 0.2119, loss: 0.2119
2026-08-02 12:43:59,148 - pyskl - INFO - Epoch [9][6300/12529]	lr: 5.634e-03, eta: 2 days, 7:34:16, time: 2.111, data_time: 0.000, memory: 2640, top1_acc: 0.9350, top5_acc: 0.9925, loss_cls: 0.2208, loss: 0.2208
2026-08-02 12:47:30,184 - pyskl - INFO - Epoch [9][6400/12529]	lr: 5.624e-03, eta: 2 days, 7:30:41, time: 2.110, data_time: 0.000, memory: 2640, top1_acc: 0.9169, top5_acc: 0.9931, loss_cls: 0.2436, loss: 0.2436
2026-08-02 12:51:01,055 - pyskl - INFO - Epoch [9][6500/12529]	lr: 5.615e-03, eta: 2 days, 7:27:06, time: 2.109, data_time: 0.000, memory: 2640, top1_acc: 0.9331, top5_acc: 0.9969, loss_cls: 0.2145, loss: 0.2145
2026-08-02 12:54:32,187 - pyskl - INFO - Epoch [9][6600/12529]	lr: 5.605e-03, eta: 2 days, 7:23:32, time: 2.111, data_time: 0.000, memory: 2640, top1_acc: 0.9300, top5_acc: 0.9944, loss_cls: 0.2260, loss: 0.2260
2026-08-02 12:58:02,867 - pyskl - INFO - Epoch [9][6700/12529]	lr: 5.595e-03, eta: 2 days, 7:19:57, time: 2.107, data_time: 0.000, memory: 2640, top1_acc: 0.9294, top5_acc: 0.9919, loss_cls: 0.2479, loss: 0.2479
2026-08-02 13:01:33,886 - pyskl - INFO - Epoch [9][6800/12529]	lr: 5.585e-03, eta: 2 days, 7:16:22, time: 2.110, data_time: 0.000, memory: 2640, top1_acc: 0.9281, top5_acc: 0.9944, loss_cls: 0.2254, loss: 0.2254
2026-08-02 13:05:05,736 - pyskl - INFO - Epoch [9][6900/12529]	lr: 5.576e-03, eta: 2 days, 7:12:48, time: 2.118, data_time: 0.000, memory: 2640, top1_acc: 0.9175, top5_acc: 0.9912, loss_cls: 0.2657, loss: 0.2657
2026-08-02 13:08:37,068 - pyskl - INFO - Epoch [9][7000/12529]	lr: 5.566e-03, eta: 2 days, 7:09:14, time: 2.113, data_time: 0.000, memory: 2640, top1_acc: 0.9263, top5_acc: 0.9925, loss_cls: 0.2312, loss: 0.2312
2026-08-02 13:12:08,184 - pyskl - INFO - Epoch [9][7100/12529]	lr: 5.556e-03, eta: 2 days, 7:05:39, time: 2.111, data_time: 0.000, memory: 2640, top1_acc: 0.9381, top5_acc: 0.9925, loss_cls: 0.2185, loss: 0.2185
2026-08-02 13:15:39,467 - pyskl - INFO - Epoch [9][7200/12529]	lr: 5.546e-03, eta: 2 days, 7:02:05, time: 2.113, data_time: 0.000, memory: 2640, top1_acc: 0.9231, top5_acc: 0.9938, loss_cls: 0.2213, loss: 0.2213
2026-08-02 13:19:11,188 - pyskl - INFO - Epoch [9][7300/12529]	lr: 5.537e-03, eta: 2 days, 6:58:30, time: 2.117, data_time: 0.000, memory: 2640, top1_acc: 0.9181, top5_acc: 0.9950, loss_cls: 0.2562, loss: 0.2562
2026-08-02 13:22:42,725 - pyskl - INFO - Epoch [9][7400/12529]	lr: 5.527e-03, eta: 2 days, 6:54:56, time: 2.115, data_time: 0.000, memory: 2640, top1_acc: 0.9331, top5_acc: 0.9950, loss_cls: 0.2208, loss: 0.2208
2026-08-02 13:26:14,220 - pyskl - INFO - Epoch [9][7500/12529]	lr: 5.517e-03, eta: 2 days, 6:51:22, time: 2.115, data_time: 0.000, memory: 2640, top1_acc: 0.9275, top5_acc: 0.9931, loss_cls: 0.2392, loss: 0.2392
2026-08-02 13:29:44,903 - pyskl - INFO - Epoch [9][7600/12529]	lr: 5.507e-03, eta: 2 days, 6:47:47, time: 2.107, data_time: 0.000, memory: 2640, top1_acc: 0.9387, top5_acc: 0.9975, loss_cls: 0.2159, loss: 0.2159
2026-08-02 13:33:15,752 - pyskl - INFO - Epoch [9][7700/12529]	lr: 5.498e-03, eta: 2 days, 6:44:12, time: 2.108, data_time: 0.000, memory: 2640, top1_acc: 0.9250, top5_acc: 0.9938, loss_cls: 0.2394, loss: 0.2394
2026-08-02 13:36:46,494 - pyskl - INFO - Epoch [9][7800/12529]	lr: 5.488e-03, eta: 2 days, 6:40:38, time: 2.107, data_time: 0.000, memory: 2640, top1_acc: 0.9156, top5_acc: 0.9906, loss_cls: 0.2489, loss: 0.2489
2026-08-02 13:40:17,437 - pyskl - INFO - Epoch [9][7900/12529]	lr: 5.478e-03, eta: 2 days, 6:37:03, time: 2.109, data_time: 0.000, memory: 2640, top1_acc: 0.9275, top5_acc: 0.9931, loss_cls: 0.2527, loss: 0.2527
2026-08-02 13:43:49,051 - pyskl - INFO - Epoch [9][8000/12529]	lr: 5.469e-03, eta: 2 days, 6:33:29, time: 2.116, data_time: 0.000, memory: 2640, top1_acc: 0.9363, top5_acc: 0.9950, loss_cls: 0.2279, loss: 0.2279
2026-08-02 13:47:20,922 - pyskl - INFO - Epoch [9][8100/12529]	lr: 5.459e-03, eta: 2 days, 6:29:55, time: 2.119, data_time: 0.000, memory: 2640, top1_acc: 0.9337, top5_acc: 0.9912, loss_cls: 0.2243, loss: 0.2243
2026-08-02 13:50:51,272 - pyskl - INFO - Epoch [9][8200/12529]	lr: 5.449e-03, eta: 2 days, 6:26:20, time: 2.103, data_time: 0.000, memory: 2640, top1_acc: 0.9250, top5_acc: 0.9938, loss_cls: 0.2367, loss: 0.2367
2026-08-02 13:54:22,387 - pyskl - INFO - Epoch [9][8300/12529]	lr: 5.439e-03, eta: 2 days, 6:22:45, time: 2.111, data_time: 0.000, memory: 2640, top1_acc: 0.9369, top5_acc: 0.9950, loss_cls: 0.2169, loss: 0.2169
2026-08-02 13:57:54,142 - pyskl - INFO - Epoch [9][8400/12529]	lr: 5.430e-03, eta: 2 days, 6:19:11, time: 2.117, data_time: 0.000, memory: 2640, top1_acc: 0.9394, top5_acc: 0.9962, loss_cls: 0.2038, loss: 0.2038
2026-08-02 14:01:25,956 - pyskl - INFO - Epoch [9][8500/12529]	lr: 5.420e-03, eta: 2 days, 6:15:37, time: 2.118, data_time: 0.000, memory: 2640, top1_acc: 0.9231, top5_acc: 0.9938, loss_cls: 0.2496, loss: 0.2496
2026-08-02 14:04:56,434 - pyskl - INFO - Epoch [9][8600/12529]	lr: 5.410e-03, eta: 2 days, 6:12:02, time: 2.105, data_time: 0.000, memory: 2640, top1_acc: 0.9194, top5_acc: 0.9938, loss_cls: 0.2606, loss: 0.2606
2026-08-02 14:08:27,020 - pyskl - INFO - Epoch [9][8700/12529]	lr: 5.401e-03, eta: 2 days, 6:08:27, time: 2.106, data_time: 0.000, memory: 2640, top1_acc: 0.9325, top5_acc: 0.9956, loss_cls: 0.2159, loss: 0.2159
2026-08-02 14:11:57,618 - pyskl - INFO - Epoch [9][8800/12529]	lr: 5.391e-03, eta: 2 days, 6:04:53, time: 2.106, data_time: 0.000, memory: 2640, top1_acc: 0.9350, top5_acc: 0.9925, loss_cls: 0.2302, loss: 0.2302
2026-08-02 14:15:28,291 - pyskl - INFO - Epoch [9][8900/12529]	lr: 5.381e-03, eta: 2 days, 6:01:18, time: 2.107, data_time: 0.000, memory: 2640, top1_acc: 0.9231, top5_acc: 0.9962, loss_cls: 0.2345, loss: 0.2345
2026-08-02 14:18:59,104 - pyskl - INFO - Epoch [9][9000/12529]	lr: 5.371e-03, eta: 2 days, 5:57:43, time: 2.108, data_time: 0.000, memory: 2640, top1_acc: 0.9281, top5_acc: 0.9925, loss_cls: 0.2419, loss: 0.2419
2026-08-02 14:22:30,548 - pyskl - INFO - Epoch [9][9100/12529]	lr: 5.362e-03, eta: 2 days, 5:54:09, time: 2.114, data_time: 0.000, memory: 2640, top1_acc: 0.9400, top5_acc: 0.9969, loss_cls: 0.2197, loss: 0.2197
2026-08-02 14:26:02,044 - pyskl - INFO - Epoch [9][9200/12529]	lr: 5.352e-03, eta: 2 days, 5:50:35, time: 2.115, data_time: 0.000, memory: 2640, top1_acc: 0.9294, top5_acc: 0.9950, loss_cls: 0.2431, loss: 0.2431
2026-08-02 14:29:32,719 - pyskl - INFO - Epoch [9][9300/12529]	lr: 5.342e-03, eta: 2 days, 5:47:00, time: 2.107, data_time: 0.000, memory: 2640, top1_acc: 0.9306, top5_acc: 0.9931, loss_cls: 0.2333, loss: 0.2333
2026-08-02 14:33:04,043 - pyskl - INFO - Epoch [9][9400/12529]	lr: 5.333e-03, eta: 2 days, 5:43:26, time: 2.113, data_time: 0.000, memory: 2640, top1_acc: 0.9275, top5_acc: 0.9931, loss_cls: 0.2338, loss: 0.2338
2026-08-02 14:36:35,852 - pyskl - INFO - Epoch [9][9500/12529]	lr: 5.323e-03, eta: 2 days, 5:39:52, time: 2.118, data_time: 0.000, memory: 2640, top1_acc: 0.9269, top5_acc: 0.9931, loss_cls: 0.2322, loss: 0.2322
2026-08-02 14:40:06,772 - pyskl - INFO - Epoch [9][9600/12529]	lr: 5.313e-03, eta: 2 days, 5:36:17, time: 2.109, data_time: 0.000, memory: 2640, top1_acc: 0.9381, top5_acc: 0.9956, loss_cls: 0.2259, loss: 0.2259
2026-08-02 14:43:38,327 - pyskl - INFO - Epoch [9][9700/12529]	lr: 5.304e-03, eta: 2 days, 5:32:43, time: 2.116, data_time: 0.000, memory: 2640, top1_acc: 0.9387, top5_acc: 0.9931, loss_cls: 0.2018, loss: 0.2018
2026-08-02 14:47:09,215 - pyskl - INFO - Epoch [9][9800/12529]	lr: 5.294e-03, eta: 2 days, 5:29:09, time: 2.109, data_time: 0.000, memory: 2640, top1_acc: 0.9331, top5_acc: 0.9956, loss_cls: 0.2277, loss: 0.2277
2026-08-02 14:50:40,190 - pyskl - INFO - Epoch [9][9900/12529]	lr: 5.284e-03, eta: 2 days, 5:25:34, time: 2.110, data_time: 0.000, memory: 2640, top1_acc: 0.9369, top5_acc: 0.9938, loss_cls: 0.2268, loss: 0.2268
2026-08-02 14:54:11,786 - pyskl - INFO - Epoch [9][10000/12529]	lr: 5.275e-03, eta: 2 days, 5:22:00, time: 2.116, data_time: 0.000, memory: 2640, top1_acc: 0.9294, top5_acc: 0.9912, loss_cls: 0.2536, loss: 0.2536
2026-08-02 14:57:43,327 - pyskl - INFO - Epoch [9][10100/12529]	lr: 5.265e-03, eta: 2 days, 5:18:26, time: 2.115, data_time: 0.000, memory: 2640, top1_acc: 0.9294, top5_acc: 0.9950, loss_cls: 0.2157, loss: 0.2157
2026-08-02 15:01:14,654 - pyskl - INFO - Epoch [9][10200/12529]	lr: 5.255e-03, eta: 2 days, 5:14:52, time: 2.113, data_time: 0.000, memory: 2640, top1_acc: 0.9331, top5_acc: 0.9944, loss_cls: 0.2274, loss: 0.2274
2026-08-02 15:04:45,708 - pyskl - INFO - Epoch [9][10300/12529]	lr: 5.246e-03, eta: 2 days, 5:11:17, time: 2.111, data_time: 0.000, memory: 2640, top1_acc: 0.9269, top5_acc: 0.9950, loss_cls: 0.2368, loss: 0.2368
2026-08-02 15:08:17,200 - pyskl - INFO - Epoch [9][10400/12529]	lr: 5.236e-03, eta: 2 days, 5:07:43, time: 2.115, data_time: 0.000, memory: 2640, top1_acc: 0.9219, top5_acc: 0.9931, loss_cls: 0.2474, loss: 0.2474
2026-08-02 15:11:48,587 - pyskl - INFO - Epoch [9][10500/12529]	lr: 5.226e-03, eta: 2 days, 5:04:09, time: 2.114, data_time: 0.000, memory: 2640, top1_acc: 0.9300, top5_acc: 0.9938, loss_cls: 0.2170, loss: 0.2170
2026-08-02 15:15:18,870 - pyskl - INFO - Epoch [9][10600/12529]	lr: 5.217e-03, eta: 2 days, 5:00:34, time: 2.103, data_time: 0.000, memory: 2640, top1_acc: 0.9313, top5_acc: 0.9931, loss_cls: 0.2208, loss: 0.2208
2026-08-02 15:18:49,838 - pyskl - INFO - Epoch [9][10700/12529]	lr: 5.207e-03, eta: 2 days, 4:57:00, time: 2.110, data_time: 0.000, memory: 2640, top1_acc: 0.9250, top5_acc: 0.9962, loss_cls: 0.2501, loss: 0.2501
2026-08-02 15:22:21,172 - pyskl - INFO - Epoch [9][10800/12529]	lr: 5.197e-03, eta: 2 days, 4:53:25, time: 2.113, data_time: 0.000, memory: 2640, top1_acc: 0.9325, top5_acc: 0.9962, loss_cls: 0.2279, loss: 0.2279
2026-08-02 15:25:52,385 - pyskl - INFO - Epoch [9][10900/12529]	lr: 5.188e-03, eta: 2 days, 4:49:51, time: 2.112, data_time: 0.000, memory: 2640, top1_acc: 0.9394, top5_acc: 0.9988, loss_cls: 0.2136, loss: 0.2136
2026-08-02 15:29:23,365 - pyskl - INFO - Epoch [9][11000/12529]	lr: 5.178e-03, eta: 2 days, 4:46:17, time: 2.110, data_time: 0.000, memory: 2640, top1_acc: 0.9337, top5_acc: 0.9956, loss_cls: 0.2225, loss: 0.2225
2026-08-02 15:32:54,256 - pyskl - INFO - Epoch [9][11100/12529]	lr: 5.168e-03, eta: 2 days, 4:42:42, time: 2.109, data_time: 0.000, memory: 2640, top1_acc: 0.9331, top5_acc: 0.9956, loss_cls: 0.2182, loss: 0.2182
2026-08-02 15:36:25,041 - pyskl - INFO - Epoch [9][11200/12529]	lr: 5.159e-03, eta: 2 days, 4:39:08, time: 2.108, data_time: 0.000, memory: 2640, top1_acc: 0.9381, top5_acc: 0.9944, loss_cls: 0.2137, loss: 0.2137
2026-08-02 15:39:56,286 - pyskl - INFO - Epoch [9][11300/12529]	lr: 5.149e-03, eta: 2 days, 4:35:33, time: 2.112, data_time: 0.000, memory: 2640, top1_acc: 0.9394, top5_acc: 0.9975, loss_cls: 0.1995, loss: 0.1995
2026-08-02 15:43:27,833 - pyskl - INFO - Epoch [9][11400/12529]	lr: 5.139e-03, eta: 2 days, 4:31:59, time: 2.115, data_time: 0.000, memory: 2640, top1_acc: 0.9387, top5_acc: 0.9931, loss_cls: 0.2206, loss: 0.2206
2026-08-02 15:46:59,227 - pyskl - INFO - Epoch [9][11500/12529]	lr: 5.130e-03, eta: 2 days, 4:28:25, time: 2.114, data_time: 0.000, memory: 2640, top1_acc: 0.9294, top5_acc: 0.9956, loss_cls: 0.2287, loss: 0.2287
2026-08-02 15:50:30,412 - pyskl - INFO - Epoch [9][11600/12529]	lr: 5.120e-03, eta: 2 days, 4:24:51, time: 2.112, data_time: 0.000, memory: 2640, top1_acc: 0.9394, top5_acc: 0.9956, loss_cls: 0.2088, loss: 0.2088
2026-08-02 15:54:02,295 - pyskl - INFO - Epoch [9][11700/12529]	lr: 5.111e-03, eta: 2 days, 4:21:17, time: 2.119, data_time: 0.000, memory: 2640, top1_acc: 0.9413, top5_acc: 0.9950, loss_cls: 0.1973, loss: 0.1973
2026-08-02 15:57:33,109 - pyskl - INFO - Epoch [9][11800/12529]	lr: 5.101e-03, eta: 2 days, 4:17:43, time: 2.108, data_time: 0.000, memory: 2640, top1_acc: 0.9319, top5_acc: 0.9938, loss_cls: 0.2326, loss: 0.2326
2026-08-02 16:01:04,257 - pyskl - INFO - Epoch [9][11900/12529]	lr: 5.091e-03, eta: 2 days, 4:14:09, time: 2.111, data_time: 0.000, memory: 2640, top1_acc: 0.9356, top5_acc: 0.9944, loss_cls: 0.2212, loss: 0.2212
2026-08-02 16:04:35,747 - pyskl - INFO - Epoch [9][12000/12529]	lr: 5.082e-03, eta: 2 days, 4:10:35, time: 2.115, data_time: 0.000, memory: 2640, top1_acc: 0.9456, top5_acc: 0.9950, loss_cls: 0.1840, loss: 0.1840
2026-08-02 16:08:06,979 - pyskl - INFO - Epoch [9][12100/12529]	lr: 5.072e-03, eta: 2 days, 4:07:00, time: 2.112, data_time: 0.000, memory: 2640, top1_acc: 0.9269, top5_acc: 0.9912, loss_cls: 0.2300, loss: 0.2300
2026-08-02 16:11:37,864 - pyskl - INFO - Epoch [9][12200/12529]	lr: 5.062e-03, eta: 2 days, 4:03:26, time: 2.109, data_time: 0.000, memory: 2640, top1_acc: 0.9431, top5_acc: 0.9975, loss_cls: 0.1839, loss: 0.1839
2026-08-02 16:15:09,494 - pyskl - INFO - Epoch [9][12300/12529]	lr: 5.053e-03, eta: 2 days, 3:59:52, time: 2.116, data_time: 0.000, memory: 2640, top1_acc: 0.9387, top5_acc: 0.9962, loss_cls: 0.2086, loss: 0.2086
2026-08-02 16:18:40,201 - pyskl - INFO - Epoch [9][12400/12529]	lr: 5.043e-03, eta: 2 days, 3:56:17, time: 2.107, data_time: 0.000, memory: 2640, top1_acc: 0.9437, top5_acc: 0.9938, loss_cls: 0.2020, loss: 0.2020
2026-08-02 16:22:11,226 - pyskl - INFO - Epoch [9][12500/12529]	lr: 5.034e-03, eta: 2 days, 3:52:43, time: 2.110, data_time: 0.000, memory: 2640, top1_acc: 0.9387, top5_acc: 0.9925, loss_cls: 0.2117, loss: 0.2117
2026-08-02 16:23:12,003 - pyskl - INFO - Saving checkpoint at 9 epochs
2026-08-02 16:57:00,016 - pyskl - INFO - Evaluating top_k_accuracy ...
2026-08-02 16:57:00,089 - pyskl - INFO - 
top1_acc	0.8394
top5_acc	0.9706
2026-08-02 16:57:00,091 - pyskl - INFO - The previous best checkpoint D:\YXJProject\pythonProject\pyskl\work_dirs\stgcn++\ntu60_xsub_3dkp\j_single_gpu\best_top1_acc_epoch_8.pth was removed
2026-08-02 16:57:00,251 - pyskl - INFO - Now best checkpoint is saved as best_top1_acc_epoch_9.pth.
2026-08-02 16:57:00,251 - pyskl - INFO - Best top1_acc is 0.8394 at 9 epoch.
2026-08-02 16:57:00,254 - pyskl - INFO - Epoch(val) [9][1031]	top1_acc: 0.8394, top5_acc: 0.9706
2026-08-02 17:00:43,727 - pyskl - INFO - Epoch [10][100/12529]	lr: 5.021e-03, eta: 2 days, 3:47:29, time: 2.235, data_time: 0.121, memory: 2640, top1_acc: 0.9419, top5_acc: 0.9956, loss_cls: 0.1888, loss: 0.1888
2026-08-02 17:04:15,102 - pyskl - INFO - Epoch [10][200/12529]	lr: 5.012e-03, eta: 2 days, 3:43:55, time: 2.114, data_time: 0.000, memory: 2640, top1_acc: 0.9344, top5_acc: 0.9956, loss_cls: 0.2107, loss: 0.2107
2026-08-02 17:07:46,577 - pyskl - INFO - Epoch [10][300/12529]	lr: 5.002e-03, eta: 2 days, 3:40:21, time: 2.115, data_time: 0.000, memory: 2640, top1_acc: 0.9400, top5_acc: 0.9975, loss_cls: 0.1940, loss: 0.1940
2026-08-02 17:11:17,918 - pyskl - INFO - Epoch [10][400/12529]	lr: 4.992e-03, eta: 2 days, 3:36:47, time: 2.113, data_time: 0.000, memory: 2640, top1_acc: 0.9375, top5_acc: 0.9925, loss_cls: 0.2194, loss: 0.2194
2026-08-02 17:14:49,014 - pyskl - INFO - Epoch [10][500/12529]	lr: 4.983e-03, eta: 2 days, 3:33:13, time: 2.111, data_time: 0.000, memory: 2640, top1_acc: 0.9375, top5_acc: 0.9950, loss_cls: 0.2077, loss: 0.2077
2026-08-02 17:18:20,520 - pyskl - INFO - Epoch [10][600/12529]	lr: 4.973e-03, eta: 2 days, 3:29:39, time: 2.115, data_time: 0.000, memory: 2640, top1_acc: 0.9394, top5_acc: 0.9938, loss_cls: 0.2020, loss: 0.2020
2026-08-02 17:21:51,290 - pyskl - INFO - Epoch [10][700/12529]	lr: 4.964e-03, eta: 2 days, 3:26:05, time: 2.108, data_time: 0.000, memory: 2640, top1_acc: 0.9419, top5_acc: 0.9931, loss_cls: 0.1992, loss: 0.1992
2026-08-02 17:25:22,421 - pyskl - INFO - Epoch [10][800/12529]	lr: 4.954e-03, eta: 2 days, 3:22:30, time: 2.111, data_time: 0.000, memory: 2640, top1_acc: 0.9463, top5_acc: 0.9944, loss_cls: 0.1915, loss: 0.1915
2026-08-02 17:28:53,797 - pyskl - INFO - Epoch [10][900/12529]	lr: 4.944e-03, eta: 2 days, 3:18:57, time: 2.114, data_time: 0.000, memory: 2640, top1_acc: 0.9494, top5_acc: 0.9969, loss_cls: 0.1789, loss: 0.1789
2026-08-02 17:32:25,798 - pyskl - INFO - Epoch [10][1000/12529]	lr: 4.935e-03, eta: 2 days, 3:15:23, time: 2.120, data_time: 0.000, memory: 2640, top1_acc: 0.9550, top5_acc: 0.9944, loss_cls: 0.1653, loss: 0.1653
2026-08-02 17:35:56,282 - pyskl - INFO - Epoch [10][1100/12529]	lr: 4.925e-03, eta: 2 days, 3:11:48, time: 2.105, data_time: 0.000, memory: 2640, top1_acc: 0.9537, top5_acc: 0.9969, loss_cls: 0.1576, loss: 0.1576
2026-08-02 17:39:28,326 - pyskl - INFO - Epoch [10][1200/12529]	lr: 4.916e-03, eta: 2 days, 3:08:15, time: 2.120, data_time: 0.000, memory: 2640, top1_acc: 0.9487, top5_acc: 0.9956, loss_cls: 0.1673, loss: 0.1673
2026-08-02 17:43:00,512 - pyskl - INFO - Epoch [10][1300/12529]	lr: 4.906e-03, eta: 2 days, 3:04:42, time: 2.122, data_time: 0.000, memory: 2640, top1_acc: 0.9544, top5_acc: 0.9994, loss_cls: 0.1659, loss: 0.1659
2026-08-02 17:46:31,464 - pyskl - INFO - Epoch [10][1400/12529]	lr: 4.897e-03, eta: 2 days, 3:01:08, time: 2.110, data_time: 0.000, memory: 2640, top1_acc: 0.9537, top5_acc: 0.9956, loss_cls: 0.1765, loss: 0.1765
2026-08-02 17:50:02,240 - pyskl - INFO - Epoch [10][1500/12529]	lr: 4.887e-03, eta: 2 days, 2:57:33, time: 2.108, data_time: 0.000, memory: 2640, top1_acc: 0.9481, top5_acc: 0.9975, loss_cls: 0.1689, loss: 0.1689
2026-08-02 17:53:33,621 - pyskl - INFO - Epoch [10][1600/12529]	lr: 4.877e-03, eta: 2 days, 2:53:59, time: 2.114, data_time: 0.000, memory: 2640, top1_acc: 0.9450, top5_acc: 0.9956, loss_cls: 0.1961, loss: 0.1961
2026-08-02 17:57:04,976 - pyskl - INFO - Epoch [10][1700/12529]	lr: 4.868e-03, eta: 2 days, 2:50:25, time: 2.114, data_time: 0.000, memory: 2640, top1_acc: 0.9481, top5_acc: 0.9969, loss_cls: 0.1820, loss: 0.1820
2026-08-02 18:00:35,900 - pyskl - INFO - Epoch [10][1800/12529]	lr: 4.858e-03, eta: 2 days, 2:46:51, time: 2.109, data_time: 0.000, memory: 2640, top1_acc: 0.9469, top5_acc: 0.9950, loss_cls: 0.1876, loss: 0.1876
2026-08-02 18:04:07,127 - pyskl - INFO - Epoch [10][1900/12529]	lr: 4.849e-03, eta: 2 days, 2:43:17, time: 2.112, data_time: 0.000, memory: 2640, top1_acc: 0.9463, top5_acc: 0.9956, loss_cls: 0.2024, loss: 0.2024
2026-08-02 18:07:38,016 - pyskl - INFO - Epoch [10][2000/12529]	lr: 4.839e-03, eta: 2 days, 2:39:43, time: 2.109, data_time: 0.000, memory: 2640, top1_acc: 0.9431, top5_acc: 0.9956, loss_cls: 0.1949, loss: 0.1949
2026-08-02 18:11:09,250 - pyskl - INFO - Epoch [10][2100/12529]	lr: 4.830e-03, eta: 2 days, 2:36:09, time: 2.112, data_time: 0.000, memory: 2640, top1_acc: 0.9506, top5_acc: 0.9962, loss_cls: 0.1844, loss: 0.1844
2026-08-02 18:14:40,233 - pyskl - INFO - Epoch [10][2200/12529]	lr: 4.820e-03, eta: 2 days, 2:32:35, time: 2.110, data_time: 0.000, memory: 2640, top1_acc: 0.9337, top5_acc: 0.9950, loss_cls: 0.2056, loss: 0.2056
2026-08-02 18:18:11,163 - pyskl - INFO - Epoch [10][2300/12529]	lr: 4.811e-03, eta: 2 days, 2:29:01, time: 2.109, data_time: 0.000, memory: 2640, top1_acc: 0.9337, top5_acc: 0.9931, loss_cls: 0.2112, loss: 0.2112
2026-08-02 18:21:42,103 - pyskl - INFO - Epoch [10][2400/12529]	lr: 4.801e-03, eta: 2 days, 2:25:26, time: 2.109, data_time: 0.000, memory: 2640, top1_acc: 0.9494, top5_acc: 0.9988, loss_cls: 0.1748, loss: 0.1748
2026-08-02 18:25:13,070 - pyskl - INFO - Epoch [10][2500/12529]	lr: 4.792e-03, eta: 2 days, 2:21:52, time: 2.110, data_time: 0.000, memory: 2640, top1_acc: 0.9406, top5_acc: 0.9931, loss_cls: 0.2033, loss: 0.2033
2026-08-02 18:28:43,352 - pyskl - INFO - Epoch [10][2600/12529]	lr: 4.782e-03, eta: 2 days, 2:18:18, time: 2.103, data_time: 0.000, memory: 2640, top1_acc: 0.9481, top5_acc: 0.9969, loss_cls: 0.1903, loss: 0.1903
2026-08-02 18:32:13,729 - pyskl - INFO - Epoch [10][2700/12529]	lr: 4.773e-03, eta: 2 days, 2:14:43, time: 2.104, data_time: 0.000, memory: 2640, top1_acc: 0.9556, top5_acc: 0.9969, loss_cls: 0.1665, loss: 0.1665
2026-08-02 18:35:44,253 - pyskl - INFO - Epoch [10][2800/12529]	lr: 4.763e-03, eta: 2 days, 2:11:08, time: 2.105, data_time: 0.000, memory: 2640, top1_acc: 0.9525, top5_acc: 0.9981, loss_cls: 0.1616, loss: 0.1616
2026-08-02 18:39:14,755 - pyskl - INFO - Epoch [10][2900/12529]	lr: 4.754e-03, eta: 2 days, 2:07:34, time: 2.105, data_time: 0.000, memory: 2640, top1_acc: 0.9513, top5_acc: 0.9988, loss_cls: 0.1646, loss: 0.1646
2026-08-02 18:42:45,468 - pyskl - INFO - Epoch [10][3000/12529]	lr: 4.744e-03, eta: 2 days, 2:04:00, time: 2.107, data_time: 0.000, memory: 2640, top1_acc: 0.9394, top5_acc: 0.9912, loss_cls: 0.2060, loss: 0.2060
2026-08-02 18:46:16,781 - pyskl - INFO - Epoch [10][3100/12529]	lr: 4.735e-03, eta: 2 days, 2:00:26, time: 2.113, data_time: 0.000, memory: 2640, top1_acc: 0.9656, top5_acc: 0.9975, loss_cls: 0.1560, loss: 0.1560
2026-08-02 18:49:47,912 - pyskl - INFO - Epoch [10][3200/12529]	lr: 4.725e-03, eta: 2 days, 1:56:52, time: 2.111, data_time: 0.000, memory: 2640, top1_acc: 0.9431, top5_acc: 0.9956, loss_cls: 0.1929, loss: 0.1929
2026-08-02 18:53:20,504 - pyskl - INFO - Epoch [10][3300/12529]	lr: 4.716e-03, eta: 2 days, 1:53:19, time: 2.126, data_time: 0.000, memory: 2640, top1_acc: 0.9344, top5_acc: 0.9950, loss_cls: 0.2254, loss: 0.2254
2026-08-02 18:56:51,594 - pyskl - INFO - Epoch [10][3400/12529]	lr: 4.706e-03, eta: 2 days, 1:49:45, time: 2.111, data_time: 0.000, memory: 2640, top1_acc: 0.9331, top5_acc: 0.9944, loss_cls: 0.2309, loss: 0.2309
2026-08-02 19:00:22,557 - pyskl - INFO - Epoch [10][3500/12529]	lr: 4.697e-03, eta: 2 days, 1:46:11, time: 2.110, data_time: 0.000, memory: 2640, top1_acc: 0.9356, top5_acc: 0.9938, loss_cls: 0.2066, loss: 0.2066
2026-08-02 19:03:53,532 - pyskl - INFO - Epoch [10][3600/12529]	lr: 4.687e-03, eta: 2 days, 1:42:37, time: 2.110, data_time: 0.000, memory: 2640, top1_acc: 0.9475, top5_acc: 0.9950, loss_cls: 0.1924, loss: 0.1924
2026-08-02 19:07:24,066 - pyskl - INFO - Epoch [10][3700/12529]	lr: 4.678e-03, eta: 2 days, 1:39:02, time: 2.105, data_time: 0.000, memory: 2640, top1_acc: 0.9444, top5_acc: 0.9944, loss_cls: 0.2107, loss: 0.2107
2026-08-02 19:10:54,722 - pyskl - INFO - Epoch [10][3800/12529]	lr: 4.668e-03, eta: 2 days, 1:35:28, time: 2.106, data_time: 0.000, memory: 2640, top1_acc: 0.9275, top5_acc: 0.9906, loss_cls: 0.2427, loss: 0.2427
2026-08-02 19:14:25,814 - pyskl - INFO - Epoch [10][3900/12529]	lr: 4.659e-03, eta: 2 days, 1:31:54, time: 2.111, data_time: 0.000, memory: 2640, top1_acc: 0.9456, top5_acc: 0.9950, loss_cls: 0.1876, loss: 0.1876
2026-08-02 19:17:56,908 - pyskl - INFO - Epoch [10][4000/12529]	lr: 4.649e-03, eta: 2 days, 1:28:20, time: 2.111, data_time: 0.000, memory: 2640, top1_acc: 0.9406, top5_acc: 0.9938, loss_cls: 0.2050, loss: 0.2050
2026-08-02 19:21:27,875 - pyskl - INFO - Epoch [10][4100/12529]	lr: 4.640e-03, eta: 2 days, 1:24:46, time: 2.110, data_time: 0.000, memory: 2640, top1_acc: 0.9431, top5_acc: 0.9950, loss_cls: 0.1959, loss: 0.1959
2026-08-02 19:24:58,174 - pyskl - INFO - Epoch [10][4200/12529]	lr: 4.630e-03, eta: 2 days, 1:21:11, time: 2.103, data_time: 0.000, memory: 2640, top1_acc: 0.9506, top5_acc: 0.9962, loss_cls: 0.1709, loss: 0.1709
2026-08-02 19:28:28,633 - pyskl - INFO - Epoch [10][4300/12529]	lr: 4.621e-03, eta: 2 days, 1:17:37, time: 2.105, data_time: 0.000, memory: 2640, top1_acc: 0.9469, top5_acc: 0.9931, loss_cls: 0.1957, loss: 0.1957
2026-08-02 19:31:59,380 - pyskl - INFO - Epoch [10][4400/12529]	lr: 4.611e-03, eta: 2 days, 1:14:03, time: 2.107, data_time: 0.000, memory: 2640, top1_acc: 0.9506, top5_acc: 0.9962, loss_cls: 0.1772, loss: 0.1772
2026-08-02 19:35:30,424 - pyskl - INFO - Epoch [10][4500/12529]	lr: 4.602e-03, eta: 2 days, 1:10:29, time: 2.110, data_time: 0.000, memory: 2640, top1_acc: 0.9281, top5_acc: 0.9969, loss_cls: 0.2155, loss: 0.2155
2026-08-02 19:39:01,891 - pyskl - INFO - Epoch [10][4600/12529]	lr: 4.592e-03, eta: 2 days, 1:06:55, time: 2.115, data_time: 0.000, memory: 2640, top1_acc: 0.9481, top5_acc: 0.9950, loss_cls: 0.1894, loss: 0.1894
2026-08-02 19:42:33,108 - pyskl - INFO - Epoch [10][4700/12529]	lr: 4.583e-03, eta: 2 days, 1:03:21, time: 2.112, data_time: 0.000, memory: 2640, top1_acc: 0.9500, top5_acc: 0.9944, loss_cls: 0.1914, loss: 0.1914
2026-08-02 19:46:04,090 - pyskl - INFO - Epoch [10][4800/12529]	lr: 4.574e-03, eta: 2 days, 0:59:47, time: 2.110, data_time: 0.000, memory: 2640, top1_acc: 0.9381, top5_acc: 0.9975, loss_cls: 0.1848, loss: 0.1848
2026-08-02 19:49:35,817 - pyskl - INFO - Epoch [10][4900/12529]	lr: 4.564e-03, eta: 2 days, 0:56:14, time: 2.117, data_time: 0.000, memory: 2640, top1_acc: 0.9437, top5_acc: 0.9950, loss_cls: 0.1870, loss: 0.1870
2026-08-02 19:53:06,786 - pyskl - INFO - Epoch [10][5000/12529]	lr: 4.555e-03, eta: 2 days, 0:52:40, time: 2.110, data_time: 0.000, memory: 2640, top1_acc: 0.9437, top5_acc: 0.9944, loss_cls: 0.1881, loss: 0.1881
2026-08-02 19:56:37,898 - pyskl - INFO - Epoch [10][5100/12529]	lr: 4.545e-03, eta: 2 days, 0:49:06, time: 2.111, data_time: 0.000, memory: 2640, top1_acc: 0.9506, top5_acc: 0.9969, loss_cls: 0.1707, loss: 0.1707
2026-08-02 20:00:08,158 - pyskl - INFO - Epoch [10][5200/12529]	lr: 4.536e-03, eta: 2 days, 0:45:31, time: 2.103, data_time: 0.000, memory: 2640, top1_acc: 0.9413, top5_acc: 0.9975, loss_cls: 0.1811, loss: 0.1811
2026-08-02 20:03:39,656 - pyskl - INFO - Epoch [10][5300/12529]	lr: 4.526e-03, eta: 2 days, 0:41:58, time: 2.115, data_time: 0.000, memory: 2640, top1_acc: 0.9431, top5_acc: 0.9962, loss_cls: 0.1919, loss: 0.1919
2026-08-02 20:07:10,895 - pyskl - INFO - Epoch [10][5400/12529]	lr: 4.517e-03, eta: 2 days, 0:38:24, time: 2.112, data_time: 0.000, memory: 2640, top1_acc: 0.9575, top5_acc: 0.9981, loss_cls: 0.1646, loss: 0.1646
2026-08-02 20:10:42,285 - pyskl - INFO - Epoch [10][5500/12529]	lr: 4.508e-03, eta: 2 days, 0:34:50, time: 2.114, data_time: 0.000, memory: 2640, top1_acc: 0.9456, top5_acc: 0.9975, loss_cls: 0.1891, loss: 0.1891
2026-08-02 20:14:13,252 - pyskl - INFO - Epoch [10][5600/12529]	lr: 4.498e-03, eta: 2 days, 0:31:16, time: 2.110, data_time: 0.000, memory: 2640, top1_acc: 0.9350, top5_acc: 0.9962, loss_cls: 0.2097, loss: 0.2097
2026-08-02 20:17:43,845 - pyskl - INFO - Epoch [10][5700/12529]	lr: 4.489e-03, eta: 2 days, 0:27:42, time: 2.106, data_time: 0.000, memory: 2640, top1_acc: 0.9450, top5_acc: 0.9981, loss_cls: 0.1932, loss: 0.1932
2026-08-02 20:21:15,181 - pyskl - INFO - Epoch [10][5800/12529]	lr: 4.479e-03, eta: 2 days, 0:24:08, time: 2.113, data_time: 0.000, memory: 2640, top1_acc: 0.9506, top5_acc: 0.9950, loss_cls: 0.1861, loss: 0.1861
2026-08-02 20:24:45,872 - pyskl - INFO - Epoch [10][5900/12529]	lr: 4.470e-03, eta: 2 days, 0:20:34, time: 2.107, data_time: 0.000, memory: 2640, top1_acc: 0.9450, top5_acc: 0.9981, loss_cls: 0.1894, loss: 0.1894
2026-08-02 20:28:16,318 - pyskl - INFO - Epoch [10][6000/12529]	lr: 4.461e-03, eta: 2 days, 0:17:00, time: 2.104, data_time: 0.000, memory: 2640, top1_acc: 0.9450, top5_acc: 0.9944, loss_cls: 0.1898, loss: 0.1898
2026-08-02 20:31:47,478 - pyskl - INFO - Epoch [10][6100/12529]	lr: 4.451e-03, eta: 2 days, 0:13:26, time: 2.112, data_time: 0.000, memory: 2640, top1_acc: 0.9487, top5_acc: 0.9981, loss_cls: 0.1739, loss: 0.1739
2026-08-02 20:35:18,662 - pyskl - INFO - Epoch [10][6200/12529]	lr: 4.442e-03, eta: 2 days, 0:09:52, time: 2.112, data_time: 0.000, memory: 2640, top1_acc: 0.9494, top5_acc: 0.9950, loss_cls: 0.1871, loss: 0.1871
2026-08-02 20:38:50,418 - pyskl - INFO - Epoch [10][6300/12529]	lr: 4.432e-03, eta: 2 days, 0:06:19, time: 2.118, data_time: 0.000, memory: 2640, top1_acc: 0.9456, top5_acc: 0.9956, loss_cls: 0.1951, loss: 0.1951
2026-08-02 20:42:22,078 - pyskl - INFO - Epoch [10][6400/12529]	lr: 4.423e-03, eta: 2 days, 0:02:45, time: 2.117, data_time: 0.000, memory: 2640, top1_acc: 0.9481, top5_acc: 0.9956, loss_cls: 0.1843, loss: 0.1843
2026-08-02 20:45:54,833 - pyskl - INFO - Epoch [10][6500/12529]	lr: 4.414e-03, eta: 1 day, 23:59:12, time: 2.128, data_time: 0.000, memory: 2640, top1_acc: 0.9544, top5_acc: 0.9975, loss_cls: 0.1675, loss: 0.1675
2026-08-02 20:49:26,523 - pyskl - INFO - Epoch [10][6600/12529]	lr: 4.404e-03, eta: 1 day, 23:55:39, time: 2.117, data_time: 0.000, memory: 2640, top1_acc: 0.9431, top5_acc: 0.9950, loss_cls: 0.1871, loss: 0.1871
2026-08-02 20:52:57,141 - pyskl - INFO - Epoch [10][6700/12529]	lr: 4.395e-03, eta: 1 day, 23:52:05, time: 2.106, data_time: 0.000, memory: 2640, top1_acc: 0.9537, top5_acc: 0.9962, loss_cls: 0.1756, loss: 0.1756
2026-08-02 20:56:28,121 - pyskl - INFO - Epoch [10][6800/12529]	lr: 4.386e-03, eta: 1 day, 23:48:31, time: 2.110, data_time: 0.000, memory: 2640, top1_acc: 0.9425, top5_acc: 0.9950, loss_cls: 0.1907, loss: 0.1907
2026-08-02 21:00:00,568 - pyskl - INFO - Epoch [10][6900/12529]	lr: 4.376e-03, eta: 1 day, 23:44:58, time: 2.124, data_time: 0.000, memory: 2640, top1_acc: 0.9525, top5_acc: 0.9975, loss_cls: 0.1724, loss: 0.1724
2026-08-02 21:03:32,620 - pyskl - INFO - Epoch [10][7000/12529]	lr: 4.367e-03, eta: 1 day, 23:41:25, time: 2.121, data_time: 0.000, memory: 2640, top1_acc: 0.9406, top5_acc: 0.9975, loss_cls: 0.1940, loss: 0.1940
2026-08-02 21:07:04,438 - pyskl - INFO - Epoch [10][7100/12529]	lr: 4.358e-03, eta: 1 day, 23:37:51, time: 2.118, data_time: 0.000, memory: 2640, top1_acc: 0.9525, top5_acc: 0.9931, loss_cls: 0.1841, loss: 0.1841
2026-08-02 21:10:35,554 - pyskl - INFO - Epoch [10][7200/12529]	lr: 4.348e-03, eta: 1 day, 23:34:17, time: 2.111, data_time: 0.000, memory: 2640, top1_acc: 0.9413, top5_acc: 0.9950, loss_cls: 0.2016, loss: 0.2016
2026-08-02 21:14:06,375 - pyskl - INFO - Epoch [10][7300/12529]	lr: 4.339e-03, eta: 1 day, 23:30:43, time: 2.108, data_time: 0.000, memory: 2640, top1_acc: 0.9406, top5_acc: 0.9962, loss_cls: 0.1857, loss: 0.1857
2026-08-02 21:17:37,644 - pyskl - INFO - Epoch [10][7400/12529]	lr: 4.330e-03, eta: 1 day, 23:27:10, time: 2.113, data_time: 0.000, memory: 2640, top1_acc: 0.9525, top5_acc: 0.9969, loss_cls: 0.1789, loss: 0.1789
2026-08-02 21:21:08,137 - pyskl - INFO - Epoch [10][7500/12529]	lr: 4.320e-03, eta: 1 day, 23:23:35, time: 2.105, data_time: 0.000, memory: 2640, top1_acc: 0.9563, top5_acc: 0.9962, loss_cls: 0.1648, loss: 0.1648
2026-08-02 21:24:39,549 - pyskl - INFO - Epoch [10][7600/12529]	lr: 4.311e-03, eta: 1 day, 23:20:02, time: 2.114, data_time: 0.000, memory: 2640, top1_acc: 0.9456, top5_acc: 0.9975, loss_cls: 0.1807, loss: 0.1807
2026-08-02 21:28:10,359 - pyskl - INFO - Epoch [10][7700/12529]	lr: 4.302e-03, eta: 1 day, 23:16:28, time: 2.108, data_time: 0.000, memory: 2640, top1_acc: 0.9481, top5_acc: 0.9988, loss_cls: 0.1745, loss: 0.1745
2026-08-02 21:31:41,106 - pyskl - INFO - Epoch [10][7800/12529]	lr: 4.292e-03, eta: 1 day, 23:12:54, time: 2.107, data_time: 0.000, memory: 2640, top1_acc: 0.9487, top5_acc: 0.9962, loss_cls: 0.2086, loss: 0.2086
2026-08-02 21:35:11,504 - pyskl - INFO - Epoch [10][7900/12529]	lr: 4.283e-03, eta: 1 day, 23:09:20, time: 2.104, data_time: 0.000, memory: 2640, top1_acc: 0.9544, top5_acc: 0.9975, loss_cls: 0.1522, loss: 0.1522
2026-08-02 21:38:42,322 - pyskl - INFO - Epoch [10][8000/12529]	lr: 4.274e-03, eta: 1 day, 23:05:46, time: 2.108, data_time: 0.000, memory: 2640, top1_acc: 0.9513, top5_acc: 0.9975, loss_cls: 0.1730, loss: 0.1730
2026-08-02 21:42:13,980 - pyskl - INFO - Epoch [10][8100/12529]	lr: 4.265e-03, eta: 1 day, 23:02:12, time: 2.117, data_time: 0.000, memory: 2640, top1_acc: 0.9519, top5_acc: 0.9950, loss_cls: 0.1617, loss: 0.1617
2026-08-02 21:45:44,820 - pyskl - INFO - Epoch [10][8200/12529]	lr: 4.255e-03, eta: 1 day, 22:58:38, time: 2.108, data_time: 0.000, memory: 2640, top1_acc: 0.9575, top5_acc: 0.9944, loss_cls: 0.1758, loss: 0.1758
2026-08-02 21:49:15,427 - pyskl - INFO - Epoch [10][8300/12529]	lr: 4.246e-03, eta: 1 day, 22:55:04, time: 2.106, data_time: 0.000, memory: 2640, top1_acc: 0.9556, top5_acc: 0.9988, loss_cls: 0.1546, loss: 0.1546
2026-08-02 21:52:46,850 - pyskl - INFO - Epoch [10][8400/12529]	lr: 4.237e-03, eta: 1 day, 22:51:31, time: 2.114, data_time: 0.000, memory: 2640, top1_acc: 0.9413, top5_acc: 0.9969, loss_cls: 0.1893, loss: 0.1893
2026-08-02 21:56:19,007 - pyskl - INFO - Epoch [10][8500/12529]	lr: 4.227e-03, eta: 1 day, 22:47:57, time: 2.122, data_time: 0.000, memory: 2640, top1_acc: 0.9469, top5_acc: 0.9975, loss_cls: 0.1742, loss: 0.1742
2026-08-02 21:59:51,044 - pyskl - INFO - Epoch [10][8600/12529]	lr: 4.218e-03, eta: 1 day, 22:44:24, time: 2.120, data_time: 0.000, memory: 2640, top1_acc: 0.9469, top5_acc: 0.9962, loss_cls: 0.1726, loss: 0.1726
2026-08-02 22:03:22,868 - pyskl - INFO - Epoch [10][8700/12529]	lr: 4.209e-03, eta: 1 day, 22:40:51, time: 2.118, data_time: 0.000, memory: 2640, top1_acc: 0.9469, top5_acc: 0.9956, loss_cls: 0.1929, loss: 0.1929
2026-08-02 22:06:54,005 - pyskl - INFO - Epoch [10][8800/12529]	lr: 4.200e-03, eta: 1 day, 22:37:17, time: 2.111, data_time: 0.000, memory: 2640, top1_acc: 0.9437, top5_acc: 0.9962, loss_cls: 0.1842, loss: 0.1842
2026-08-02 22:10:25,671 - pyskl - INFO - Epoch [10][8900/12529]	lr: 4.190e-03, eta: 1 day, 22:33:44, time: 2.117, data_time: 0.000, memory: 2640, top1_acc: 0.9381, top5_acc: 0.9969, loss_cls: 0.1871, loss: 0.1871
2026-08-02 22:13:57,013 - pyskl - INFO - Epoch [10][9000/12529]	lr: 4.181e-03, eta: 1 day, 22:30:10, time: 2.113, data_time: 0.000, memory: 2640, top1_acc: 0.9475, top5_acc: 0.9969, loss_cls: 0.1828, loss: 0.1828
2026-08-02 22:17:28,568 - pyskl - INFO - Epoch [10][9100/12529]	lr: 4.172e-03, eta: 1 day, 22:26:37, time: 2.116, data_time: 0.000, memory: 2640, top1_acc: 0.9481, top5_acc: 0.9975, loss_cls: 0.1701, loss: 0.1701
2026-08-02 22:20:59,675 - pyskl - INFO - Epoch [10][9200/12529]	lr: 4.163e-03, eta: 1 day, 22:23:03, time: 2.111, data_time: 0.000, memory: 2640, top1_acc: 0.9431, top5_acc: 0.9938, loss_cls: 0.1876, loss: 0.1876
2026-08-02 22:24:30,460 - pyskl - INFO - Epoch [10][9300/12529]	lr: 4.153e-03, eta: 1 day, 22:19:29, time: 2.108, data_time: 0.000, memory: 2640, top1_acc: 0.9513, top5_acc: 0.9962, loss_cls: 0.1723, loss: 0.1723
2026-08-02 22:28:01,648 - pyskl - INFO - Epoch [10][9400/12529]	lr: 4.144e-03, eta: 1 day, 22:15:55, time: 2.112, data_time: 0.000, memory: 2640, top1_acc: 0.9494, top5_acc: 0.9938, loss_cls: 0.1782, loss: 0.1782
2026-08-02 22:31:32,930 - pyskl - INFO - Epoch [10][9500/12529]	lr: 4.135e-03, eta: 1 day, 22:12:22, time: 2.113, data_time: 0.000, memory: 2640, top1_acc: 0.9563, top5_acc: 0.9962, loss_cls: 0.1719, loss: 0.1719
2026-08-02 22:35:04,934 - pyskl - INFO - Epoch [10][9600/12529]	lr: 4.126e-03, eta: 1 day, 22:08:49, time: 2.120, data_time: 0.000, memory: 2640, top1_acc: 0.9513, top5_acc: 0.9988, loss_cls: 0.1698, loss: 0.1698
2026-08-02 22:38:36,561 - pyskl - INFO - Epoch [10][9700/12529]	lr: 4.117e-03, eta: 1 day, 22:05:15, time: 2.116, data_time: 0.000, memory: 2640, top1_acc: 0.9456, top5_acc: 0.9975, loss_cls: 0.1810, loss: 0.1810
2026-08-02 22:42:07,847 - pyskl - INFO - Epoch [10][9800/12529]	lr: 4.107e-03, eta: 1 day, 22:01:42, time: 2.113, data_time: 0.000, memory: 2640, top1_acc: 0.9537, top5_acc: 0.9975, loss_cls: 0.1626, loss: 0.1626
2026-08-02 22:45:39,156 - pyskl - INFO - Epoch [10][9900/12529]	lr: 4.098e-03, eta: 1 day, 21:58:08, time: 2.113, data_time: 0.000, memory: 2640, top1_acc: 0.9481, top5_acc: 0.9981, loss_cls: 0.1642, loss: 0.1642
2026-08-02 22:49:11,094 - pyskl - INFO - Epoch [10][10000/12529]	lr: 4.089e-03, eta: 1 day, 21:54:35, time: 2.119, data_time: 0.000, memory: 2640, top1_acc: 0.9475, top5_acc: 0.9950, loss_cls: 0.1822, loss: 0.1822
2026-08-02 22:52:42,580 - pyskl - INFO - Epoch [10][10100/12529]	lr: 4.080e-03, eta: 1 day, 21:51:01, time: 2.115, data_time: 0.000, memory: 2640, top1_acc: 0.9431, top5_acc: 0.9962, loss_cls: 0.1792, loss: 0.1792
2026-08-02 22:56:13,594 - pyskl - INFO - Epoch [10][10200/12529]	lr: 4.071e-03, eta: 1 day, 21:47:28, time: 2.110, data_time: 0.000, memory: 2640, top1_acc: 0.9469, top5_acc: 0.9956, loss_cls: 0.1770, loss: 0.1770
2026-08-02 22:59:45,289 - pyskl - INFO - Epoch [10][10300/12529]	lr: 4.061e-03, eta: 1 day, 21:43:54, time: 2.117, data_time: 0.000, memory: 2640, top1_acc: 0.9525, top5_acc: 0.9975, loss_cls: 0.1528, loss: 0.1528
2026-08-02 23:03:16,537 - pyskl - INFO - Epoch [10][10400/12529]	lr: 4.052e-03, eta: 1 day, 21:40:21, time: 2.112, data_time: 0.000, memory: 2640, top1_acc: 0.9481, top5_acc: 0.9969, loss_cls: 0.1724, loss: 0.1724
2026-08-02 23:06:48,025 - pyskl - INFO - Epoch [10][10500/12529]	lr: 4.043e-03, eta: 1 day, 21:36:47, time: 2.115, data_time: 0.000, memory: 2640, top1_acc: 0.9563, top5_acc: 0.9981, loss_cls: 0.1577, loss: 0.1577
2026-08-02 23:10:18,830 - pyskl - INFO - Epoch [10][10600/12529]	lr: 4.034e-03, eta: 1 day, 21:33:13, time: 2.108, data_time: 0.000, memory: 2640, top1_acc: 0.9506, top5_acc: 0.9975, loss_cls: 0.1632, loss: 0.1632
2026-08-02 23:13:50,338 - pyskl - INFO - Epoch [10][10700/12529]	lr: 4.025e-03, eta: 1 day, 21:29:40, time: 2.115, data_time: 0.000, memory: 2640, top1_acc: 0.9569, top5_acc: 0.9969, loss_cls: 0.1605, loss: 0.1605
2026-08-02 23:17:21,849 - pyskl - INFO - Epoch [10][10800/12529]	lr: 4.016e-03, eta: 1 day, 21:26:06, time: 2.115, data_time: 0.000, memory: 2640, top1_acc: 0.9487, top5_acc: 0.9981, loss_cls: 0.1650, loss: 0.1650
2026-08-02 23:20:53,030 - pyskl - INFO - Epoch [10][10900/12529]	lr: 4.006e-03, eta: 1 day, 21:22:33, time: 2.112, data_time: 0.000, memory: 2640, top1_acc: 0.9569, top5_acc: 0.9981, loss_cls: 0.1560, loss: 0.1560
2026-08-02 23:24:23,950 - pyskl - INFO - Epoch [10][11000/12529]	lr: 3.997e-03, eta: 1 day, 21:18:59, time: 2.109, data_time: 0.000, memory: 2640, top1_acc: 0.9506, top5_acc: 0.9969, loss_cls: 0.1709, loss: 0.1709
2026-08-02 23:27:54,731 - pyskl - INFO - Epoch [10][11100/12529]	lr: 3.988e-03, eta: 1 day, 21:15:25, time: 2.108, data_time: 0.000, memory: 2640, top1_acc: 0.9581, top5_acc: 0.9975, loss_cls: 0.1582, loss: 0.1582
2026-08-02 23:31:26,150 - pyskl - INFO - Epoch [10][11200/12529]	lr: 3.979e-03, eta: 1 day, 21:11:52, time: 2.114, data_time: 0.000, memory: 2640, top1_acc: 0.9550, top5_acc: 0.9969, loss_cls: 0.1494, loss: 0.1494
2026-08-02 23:34:57,387 - pyskl - INFO - Epoch [10][11300/12529]	lr: 3.970e-03, eta: 1 day, 21:08:18, time: 2.112, data_time: 0.000, memory: 2640, top1_acc: 0.9500, top5_acc: 0.9981, loss_cls: 0.1690, loss: 0.1690
2026-08-02 23:38:29,144 - pyskl - INFO - Epoch [10][11400/12529]	lr: 3.961e-03, eta: 1 day, 21:04:45, time: 2.118, data_time: 0.000, memory: 2640, top1_acc: 0.9456, top5_acc: 0.9962, loss_cls: 0.1742, loss: 0.1742
2026-08-02 23:41:59,996 - pyskl - INFO - Epoch [10][11500/12529]	lr: 3.952e-03, eta: 1 day, 21:01:11, time: 2.109, data_time: 0.000, memory: 2640, top1_acc: 0.9581, top5_acc: 0.9975, loss_cls: 0.1586, loss: 0.1586
2026-08-02 23:45:31,169 - pyskl - INFO - Epoch [10][11600/12529]	lr: 3.943e-03, eta: 1 day, 20:57:37, time: 2.112, data_time: 0.000, memory: 2640, top1_acc: 0.9569, top5_acc: 0.9975, loss_cls: 0.1509, loss: 0.1509
2026-08-02 23:49:02,158 - pyskl - INFO - Epoch [10][11700/12529]	lr: 3.934e-03, eta: 1 day, 20:54:04, time: 2.110, data_time: 0.000, memory: 2640, top1_acc: 0.9525, top5_acc: 0.9962, loss_cls: 0.1655, loss: 0.1655
2026-08-02 23:52:33,818 - pyskl - INFO - Epoch [10][11800/12529]	lr: 3.924e-03, eta: 1 day, 20:50:30, time: 2.117, data_time: 0.000, memory: 2640, top1_acc: 0.9569, top5_acc: 0.9969, loss_cls: 0.1463, loss: 0.1463
2026-08-02 23:56:04,950 - pyskl - INFO - Epoch [10][11900/12529]	lr: 3.915e-03, eta: 1 day, 20:46:57, time: 2.111, data_time: 0.000, memory: 2640, top1_acc: 0.9613, top5_acc: 0.9975, loss_cls: 0.1445, loss: 0.1445
2026-08-02 23:59:36,105 - pyskl - INFO - Epoch [10][12000/12529]	lr: 3.906e-03, eta: 1 day, 20:43:23, time: 2.112, data_time: 0.000, memory: 2640, top1_acc: 0.9537, top5_acc: 0.9975, loss_cls: 0.1561, loss: 0.1561
2026-08-03 00:03:07,055 - pyskl - INFO - Epoch [10][12100/12529]	lr: 3.897e-03, eta: 1 day, 20:39:49, time: 2.109, data_time: 0.000, memory: 2640, top1_acc: 0.9450, top5_acc: 0.9938, loss_cls: 0.1938, loss: 0.1938
2026-08-03 00:06:38,389 - pyskl - INFO - Epoch [10][12200/12529]	lr: 3.888e-03, eta: 1 day, 20:36:16, time: 2.113, data_time: 0.000, memory: 2640, top1_acc: 0.9550, top5_acc: 0.9969, loss_cls: 0.1573, loss: 0.1573
2026-08-03 00:10:08,634 - pyskl - INFO - Epoch [10][12300/12529]	lr: 3.879e-03, eta: 1 day, 20:32:42, time: 2.103, data_time: 0.000, memory: 2640, top1_acc: 0.9556, top5_acc: 0.9988, loss_cls: 0.1477, loss: 0.1477
2026-08-03 00:13:39,802 - pyskl - INFO - Epoch [10][12400/12529]	lr: 3.870e-03, eta: 1 day, 20:29:08, time: 2.112, data_time: 0.000, memory: 2640, top1_acc: 0.9663, top5_acc: 0.9969, loss_cls: 0.1291, loss: 0.1291
2026-08-03 00:17:11,154 - pyskl - INFO - Epoch [10][12500/12529]	lr: 3.861e-03, eta: 1 day, 20:25:35, time: 2.113, data_time: 0.000, memory: 2640, top1_acc: 0.9537, top5_acc: 0.9956, loss_cls: 0.1635, loss: 0.1635
2026-08-03 00:18:11,829 - pyskl - INFO - Saving checkpoint at 10 epochs
2026-08-03 00:51:45,194 - pyskl - INFO - Evaluating top_k_accuracy ...
2026-08-03 00:51:45,256 - pyskl - INFO - 
top1_acc	0.7603
top5_acc	0.9190
2026-08-03 00:51:45,258 - pyskl - INFO - Epoch(val) [10][1031]	top1_acc: 0.7603, top5_acc: 0.9190
2026-08-03 00:55:28,709 - pyskl - INFO - Epoch [11][100/12529]	lr: 3.849e-03, eta: 1 day, 20:20:30, time: 2.234, data_time: 0.120, memory: 2640, top1_acc: 0.9587, top5_acc: 0.9981, loss_cls: 0.1410, loss: 0.1410
2026-08-03 00:59:00,045 - pyskl - INFO - Epoch [11][200/12529]	lr: 3.840e-03, eta: 1 day, 20:16:57, time: 2.113, data_time: 0.000, memory: 2640, top1_acc: 0.9550, top5_acc: 0.9969, loss_cls: 0.1546, loss: 0.1546
2026-08-03 01:02:31,661 - pyskl - INFO - Epoch [11][300/12529]	lr: 3.831e-03, eta: 1 day, 20:13:23, time: 2.116, data_time: 0.000, memory: 2640, top1_acc: 0.9619, top5_acc: 0.9981, loss_cls: 0.1338, loss: 0.1338
2026-08-03 01:06:03,169 - pyskl - INFO - Epoch [11][400/12529]	lr: 3.822e-03, eta: 1 day, 20:09:50, time: 2.115, data_time: 0.000, memory: 2640, top1_acc: 0.9531, top5_acc: 0.9969, loss_cls: 0.1604, loss: 0.1604
2026-08-03 01:09:34,111 - pyskl - INFO - Epoch [11][500/12529]	lr: 3.813e-03, eta: 1 day, 20:06:16, time: 2.109, data_time: 0.000, memory: 2640, top1_acc: 0.9600, top5_acc: 0.9975, loss_cls: 0.1369, loss: 0.1369
2026-08-03 01:13:05,461 - pyskl - INFO - Epoch [11][600/12529]	lr: 3.804e-03, eta: 1 day, 20:02:43, time: 2.114, data_time: 0.000, memory: 2640, top1_acc: 0.9569, top5_acc: 0.9988, loss_cls: 0.1459, loss: 0.1459
2026-08-03 01:16:37,029 - pyskl - INFO - Epoch [11][700/12529]	lr: 3.795e-03, eta: 1 day, 19:59:10, time: 2.116, data_time: 0.000, memory: 2640, top1_acc: 0.9600, top5_acc: 0.9994, loss_cls: 0.1414, loss: 0.1414
2026-08-03 01:20:08,421 - pyskl - INFO - Epoch [11][800/12529]	lr: 3.786e-03, eta: 1 day, 19:55:36, time: 2.114, data_time: 0.000, memory: 2640, top1_acc: 0.9631, top5_acc: 0.9988, loss_cls: 0.1243, loss: 0.1243
2026-08-03 01:23:40,328 - pyskl - INFO - Epoch [11][900/12529]	lr: 3.777e-03, eta: 1 day, 19:52:03, time: 2.119, data_time: 0.000, memory: 2640, top1_acc: 0.9556, top5_acc: 0.9988, loss_cls: 0.1545, loss: 0.1545
2026-08-03 01:27:11,274 - pyskl - INFO - Epoch [11][1000/12529]	lr: 3.768e-03, eta: 1 day, 19:48:30, time: 2.109, data_time: 0.000, memory: 2640, top1_acc: 0.9681, top5_acc: 0.9975, loss_cls: 0.1274, loss: 0.1274
2026-08-03 01:30:42,599 - pyskl - INFO - Epoch [11][1100/12529]	lr: 3.759e-03, eta: 1 day, 19:44:56, time: 2.113, data_time: 0.000, memory: 2640, top1_acc: 0.9581, top5_acc: 0.9975, loss_cls: 0.1407, loss: 0.1407
2026-08-03 01:34:14,059 - pyskl - INFO - Epoch [11][1200/12529]	lr: 3.750e-03, eta: 1 day, 19:41:23, time: 2.115, data_time: 0.000, memory: 2640, top1_acc: 0.9613, top5_acc: 0.9988, loss_cls: 0.1277, loss: 0.1277
2026-08-03 01:37:46,415 - pyskl - INFO - Epoch [11][1300/12529]	lr: 3.741e-03, eta: 1 day, 19:37:50, time: 2.124, data_time: 0.000, memory: 2640, top1_acc: 0.9650, top5_acc: 0.9988, loss_cls: 0.1408, loss: 0.1408
2026-08-03 01:41:18,653 - pyskl - INFO - Epoch [11][1400/12529]	lr: 3.732e-03, eta: 1 day, 19:34:17, time: 2.122, data_time: 0.000, memory: 2640, top1_acc: 0.9537, top5_acc: 0.9969, loss_cls: 0.1469, loss: 0.1469
2026-08-03 01:44:49,565 - pyskl - INFO - Epoch [11][1500/12529]	lr: 3.723e-03, eta: 1 day, 19:30:44, time: 2.109, data_time: 0.000, memory: 2640, top1_acc: 0.9575, top5_acc: 0.9981, loss_cls: 0.1525, loss: 0.1525
2026-08-03 01:48:21,404 - pyskl - INFO - Epoch [11][1600/12529]	lr: 3.714e-03, eta: 1 day, 19:27:11, time: 2.118, data_time: 0.000, memory: 2640, top1_acc: 0.9613, top5_acc: 0.9962, loss_cls: 0.1434, loss: 0.1434
2026-08-03 01:51:52,480 - pyskl - INFO - Epoch [11][1700/12529]	lr: 3.705e-03, eta: 1 day, 19:23:37, time: 2.111, data_time: 0.000, memory: 2640, top1_acc: 0.9519, top5_acc: 0.9962, loss_cls: 0.1844, loss: 0.1844
2026-08-03 01:55:24,402 - pyskl - INFO - Epoch [11][1800/12529]	lr: 3.696e-03, eta: 1 day, 19:20:04, time: 2.119, data_time: 0.000, memory: 2640, top1_acc: 0.9575, top5_acc: 0.9962, loss_cls: 0.1516, loss: 0.1516
2026-08-03 01:58:55,844 - pyskl - INFO - Epoch [11][1900/12529]	lr: 3.687e-03, eta: 1 day, 19:16:31, time: 2.114, data_time: 0.000, memory: 2640, top1_acc: 0.9631, top5_acc: 0.9962, loss_cls: 0.1336, loss: 0.1336
2026-08-03 02:02:26,863 - pyskl - INFO - Epoch [11][2000/12529]	lr: 3.679e-03, eta: 1 day, 19:12:57, time: 2.110, data_time: 0.000, memory: 2640, top1_acc: 0.9587, top5_acc: 0.9988, loss_cls: 0.1464, loss: 0.1464
2026-08-03 02:05:57,934 - pyskl - INFO - Epoch [11][2100/12529]	lr: 3.670e-03, eta: 1 day, 19:09:24, time: 2.111, data_time: 0.000, memory: 2640, top1_acc: 0.9700, top5_acc: 0.9988, loss_cls: 0.1143, loss: 0.1143
2026-08-03 02:09:28,342 - pyskl - INFO - Epoch [11][2200/12529]	lr: 3.661e-03, eta: 1 day, 19:05:50, time: 2.104, data_time: 0.000, memory: 2640, top1_acc: 0.9644, top5_acc: 0.9981, loss_cls: 0.1336, loss: 0.1336
2026-08-03 02:12:59,368 - pyskl - INFO - Epoch [11][2300/12529]	lr: 3.652e-03, eta: 1 day, 19:02:17, time: 2.110, data_time: 0.000, memory: 2640, top1_acc: 0.9663, top5_acc: 0.9988, loss_cls: 0.1260, loss: 0.1260
2026-08-03 02:16:31,109 - pyskl - INFO - Epoch [11][2400/12529]	lr: 3.643e-03, eta: 1 day, 18:58:43, time: 2.117, data_time: 0.000, memory: 2640, top1_acc: 0.9513, top5_acc: 0.9988, loss_cls: 0.1681, loss: 0.1681
2026-08-03 02:20:02,337 - pyskl - INFO - Epoch [11][2500/12529]	lr: 3.634e-03, eta: 1 day, 18:55:10, time: 2.112, data_time: 0.000, memory: 2640, top1_acc: 0.9619, top5_acc: 0.9988, loss_cls: 0.1348, loss: 0.1348
2026-08-03 02:23:33,046 - pyskl - INFO - Epoch [11][2600/12529]	lr: 3.625e-03, eta: 1 day, 18:51:36, time: 2.107, data_time: 0.000, memory: 2640, top1_acc: 0.9544, top5_acc: 0.9994, loss_cls: 0.1431, loss: 0.1431
2026-08-03 02:27:04,538 - pyskl - INFO - Epoch [11][2700/12529]	lr: 3.616e-03, eta: 1 day, 18:48:03, time: 2.115, data_time: 0.000, memory: 2640, top1_acc: 0.9656, top5_acc: 0.9975, loss_cls: 0.1291, loss: 0.1291
2026-08-03 02:30:35,502 - pyskl - INFO - Epoch [11][2800/12529]	lr: 3.607e-03, eta: 1 day, 18:44:30, time: 2.110, data_time: 0.000, memory: 2640, top1_acc: 0.9656, top5_acc: 0.9994, loss_cls: 0.1314, loss: 0.1314
2026-08-03 02:34:06,565 - pyskl - INFO - Epoch [11][2900/12529]	lr: 3.598e-03, eta: 1 day, 18:40:56, time: 2.111, data_time: 0.000, memory: 2640, top1_acc: 0.9594, top5_acc: 0.9962, loss_cls: 0.1380, loss: 0.1380
2026-08-03 02:37:38,205 - pyskl - INFO - Epoch [11][3000/12529]	lr: 3.590e-03, eta: 1 day, 18:37:23, time: 2.116, data_time: 0.000, memory: 2640, top1_acc: 0.9694, top5_acc: 0.9988, loss_cls: 0.1176, loss: 0.1176
2026-08-03 02:41:09,878 - pyskl - INFO - Epoch [11][3100/12529]	lr: 3.581e-03, eta: 1 day, 18:33:50, time: 2.117, data_time: 0.000, memory: 2640, top1_acc: 0.9594, top5_acc: 0.9994, loss_cls: 0.1410, loss: 0.1410
2026-08-03 02:44:41,365 - pyskl - INFO - Epoch [11][3200/12529]	lr: 3.572e-03, eta: 1 day, 18:30:17, time: 2.115, data_time: 0.000, memory: 2640, top1_acc: 0.9669, top5_acc: 0.9988, loss_cls: 0.1324, loss: 0.1324
2026-08-03 02:48:13,582 - pyskl - INFO - Epoch [11][3300/12529]	lr: 3.563e-03, eta: 1 day, 18:26:44, time: 2.122, data_time: 0.000, memory: 2640, top1_acc: 0.9569, top5_acc: 0.9981, loss_cls: 0.1446, loss: 0.1446
2026-08-03 02:51:45,511 - pyskl - INFO - Epoch [11][3400/12529]	lr: 3.554e-03, eta: 1 day, 18:23:11, time: 2.119, data_time: 0.000, memory: 2640, top1_acc: 0.9656, top5_acc: 0.9988, loss_cls: 0.1338, loss: 0.1338
2026-08-03 02:55:16,490 - pyskl - INFO - Epoch [11][3500/12529]	lr: 3.545e-03, eta: 1 day, 18:19:37, time: 2.110, data_time: 0.000, memory: 2640, top1_acc: 0.9563, top5_acc: 0.9975, loss_cls: 0.1424, loss: 0.1424
2026-08-03 02:58:47,790 - pyskl - INFO - Epoch [11][3600/12529]	lr: 3.537e-03, eta: 1 day, 18:16:04, time: 2.113, data_time: 0.000, memory: 2640, top1_acc: 0.9644, top5_acc: 0.9975, loss_cls: 0.1297, loss: 0.1297
2026-08-03 03:02:20,248 - pyskl - INFO - Epoch [11][3700/12529]	lr: 3.528e-03, eta: 1 day, 18:12:31, time: 2.125, data_time: 0.000, memory: 2640, top1_acc: 0.9625, top5_acc: 0.9981, loss_cls: 0.1367, loss: 0.1367
2026-08-03 03:05:51,179 - pyskl - INFO - Epoch [11][3800/12529]	lr: 3.519e-03, eta: 1 day, 18:08:58, time: 2.109, data_time: 0.000, memory: 2640, top1_acc: 0.9681, top5_acc: 0.9981, loss_cls: 0.1372, loss: 0.1372
2026-08-03 03:09:22,742 - pyskl - INFO - Epoch [11][3900/12529]	lr: 3.510e-03, eta: 1 day, 18:05:25, time: 2.116, data_time: 0.000, memory: 2640, top1_acc: 0.9712, top5_acc: 0.9994, loss_cls: 0.1079, loss: 0.1079
2026-08-03 03:12:54,072 - pyskl - INFO - Epoch [11][4000/12529]	lr: 3.501e-03, eta: 1 day, 18:01:51, time: 2.113, data_time: 0.000, memory: 2640, top1_acc: 0.9744, top5_acc: 0.9988, loss_cls: 0.1072, loss: 0.1072
2026-08-03 03:16:25,543 - pyskl - INFO - Epoch [11][4100/12529]	lr: 3.492e-03, eta: 1 day, 17:58:18, time: 2.115, data_time: 0.000, memory: 2640, top1_acc: 0.9731, top5_acc: 0.9975, loss_cls: 0.1113, loss: 0.1113
2026-08-03 03:19:56,596 - pyskl - INFO - Epoch [11][4200/12529]	lr: 3.484e-03, eta: 1 day, 17:54:45, time: 2.111, data_time: 0.000, memory: 2640, top1_acc: 0.9681, top5_acc: 0.9981, loss_cls: 0.1150, loss: 0.1150
2026-08-03 03:23:28,476 - pyskl - INFO - Epoch [11][4300/12529]	lr: 3.475e-03, eta: 1 day, 17:51:12, time: 2.119, data_time: 0.000, memory: 2640, top1_acc: 0.9637, top5_acc: 0.9969, loss_cls: 0.1422, loss: 0.1422
2026-08-03 03:26:59,312 - pyskl - INFO - Epoch [11][4400/12529]	lr: 3.466e-03, eta: 1 day, 17:47:38, time: 2.108, data_time: 0.000, memory: 2640, top1_acc: 0.9581, top5_acc: 0.9988, loss_cls: 0.1358, loss: 0.1358
2026-08-03 03:30:30,001 - pyskl - INFO - Epoch [11][4500/12529]	lr: 3.457e-03, eta: 1 day, 17:44:05, time: 2.107, data_time: 0.000, memory: 2640, top1_acc: 0.9613, top5_acc: 0.9994, loss_cls: 0.1274, loss: 0.1274
2026-08-03 03:34:00,888 - pyskl - INFO - Epoch [11][4600/12529]	lr: 3.449e-03, eta: 1 day, 17:40:31, time: 2.109, data_time: 0.000, memory: 2640, top1_acc: 0.9613, top5_acc: 0.9975, loss_cls: 0.1305, loss: 0.1305
2026-08-03 03:37:33,051 - pyskl - INFO - Epoch [11][4700/12529]	lr: 3.440e-03, eta: 1 day, 17:36:58, time: 2.122, data_time: 0.000, memory: 2640, top1_acc: 0.9681, top5_acc: 0.9981, loss_cls: 0.1298, loss: 0.1298
2026-08-03 03:41:04,424 - pyskl - INFO - Epoch [11][4800/12529]	lr: 3.431e-03, eta: 1 day, 17:33:25, time: 2.114, data_time: 0.000, memory: 2640, top1_acc: 0.9688, top5_acc: 0.9988, loss_cls: 0.1348, loss: 0.1348
2026-08-03 03:44:35,475 - pyskl - INFO - Epoch [11][4900/12529]	lr: 3.422e-03, eta: 1 day, 17:29:52, time: 2.111, data_time: 0.000, memory: 2640, top1_acc: 0.9681, top5_acc: 0.9994, loss_cls: 0.1272, loss: 0.1272
2026-08-03 03:48:07,089 - pyskl - INFO - Epoch [11][5000/12529]	lr: 3.414e-03, eta: 1 day, 17:26:18, time: 2.116, data_time: 0.000, memory: 2640, top1_acc: 0.9669, top5_acc: 0.9981, loss_cls: 0.1256, loss: 0.1256
2026-08-03 03:51:37,856 - pyskl - INFO - Epoch [11][5100/12529]	lr: 3.405e-03, eta: 1 day, 17:22:45, time: 2.108, data_time: 0.000, memory: 2640, top1_acc: 0.9650, top5_acc: 0.9994, loss_cls: 0.1227, loss: 0.1227
2026-08-03 03:55:09,888 - pyskl - INFO - Epoch [11][5200/12529]	lr: 3.396e-03, eta: 1 day, 17:19:12, time: 2.120, data_time: 0.000, memory: 2640, top1_acc: 0.9575, top5_acc: 0.9956, loss_cls: 0.1624, loss: 0.1624
2026-08-03 03:58:41,115 - pyskl - INFO - Epoch [11][5300/12529]	lr: 3.388e-03, eta: 1 day, 17:15:39, time: 2.112, data_time: 0.000, memory: 2640, top1_acc: 0.9625, top5_acc: 1.0000, loss_cls: 0.1307, loss: 0.1307
2026-08-03 04:02:12,504 - pyskl - INFO - Epoch [11][5400/12529]	lr: 3.379e-03, eta: 1 day, 17:12:06, time: 2.114, data_time: 0.000, memory: 2640, top1_acc: 0.9625, top5_acc: 0.9994, loss_cls: 0.1250, loss: 0.1250
2026-08-03 04:05:43,643 - pyskl - INFO - Epoch [11][5500/12529]	lr: 3.370e-03, eta: 1 day, 17:08:32, time: 2.111, data_time: 0.000, memory: 2640, top1_acc: 0.9625, top5_acc: 0.9988, loss_cls: 0.1307, loss: 0.1307
2026-08-03 04:09:15,177 - pyskl - INFO - Epoch [11][5600/12529]	lr: 3.361e-03, eta: 1 day, 17:04:59, time: 2.115, data_time: 0.000, memory: 2640, top1_acc: 0.9688, top5_acc: 0.9969, loss_cls: 0.1327, loss: 0.1327
2026-08-03 04:12:45,946 - pyskl - INFO - Epoch [11][5700/12529]	lr: 3.353e-03, eta: 1 day, 17:01:25, time: 2.108, data_time: 0.000, memory: 2640, top1_acc: 0.9606, top5_acc: 0.9981, loss_cls: 0.1334, loss: 0.1334
2026-08-03 04:16:17,338 - pyskl - INFO - Epoch [11][5800/12529]	lr: 3.344e-03, eta: 1 day, 16:57:52, time: 2.114, data_time: 0.000, memory: 2640, top1_acc: 0.9619, top5_acc: 0.9988, loss_cls: 0.1368, loss: 0.1368
2026-08-03 04:19:48,595 - pyskl - INFO - Epoch [11][5900/12529]	lr: 3.335e-03, eta: 1 day, 16:54:19, time: 2.113, data_time: 0.000, memory: 2640, top1_acc: 0.9594, top5_acc: 0.9981, loss_cls: 0.1399, loss: 0.1399
2026-08-03 04:23:20,039 - pyskl - INFO - Epoch [11][6000/12529]	lr: 3.327e-03, eta: 1 day, 16:50:46, time: 2.114, data_time: 0.000, memory: 2640, top1_acc: 0.9637, top5_acc: 0.9981, loss_cls: 0.1360, loss: 0.1360
2026-08-03 04:26:51,441 - pyskl - INFO - Epoch [11][6100/12529]	lr: 3.318e-03, eta: 1 day, 16:47:13, time: 2.114, data_time: 0.000, memory: 2640, top1_acc: 0.9613, top5_acc: 0.9969, loss_cls: 0.1375, loss: 0.1375
2026-08-03 04:30:22,577 - pyskl - INFO - Epoch [11][6200/12529]	lr: 3.309e-03, eta: 1 day, 16:43:39, time: 2.111, data_time: 0.000, memory: 2640, top1_acc: 0.9750, top5_acc: 0.9988, loss_cls: 0.1092, loss: 0.1092
2026-08-03 04:33:54,049 - pyskl - INFO - Epoch [11][6300/12529]	lr: 3.301e-03, eta: 1 day, 16:40:06, time: 2.115, data_time: 0.000, memory: 2640, top1_acc: 0.9644, top5_acc: 0.9988, loss_cls: 0.1258, loss: 0.1258
2026-08-03 04:37:25,120 - pyskl - INFO - Epoch [11][6400/12529]	lr: 3.292e-03, eta: 1 day, 16:36:33, time: 2.111, data_time: 0.000, memory: 2640, top1_acc: 0.9688, top5_acc: 0.9988, loss_cls: 0.1181, loss: 0.1181
2026-08-03 04:40:55,988 - pyskl - INFO - Epoch [11][6500/12529]	lr: 3.284e-03, eta: 1 day, 16:32:59, time: 2.109, data_time: 0.000, memory: 2640, top1_acc: 0.9656, top5_acc: 1.0000, loss_cls: 0.1163, loss: 0.1163
2026-08-03 04:44:27,203 - pyskl - INFO - Epoch [11][6600/12529]	lr: 3.275e-03, eta: 1 day, 16:29:26, time: 2.112, data_time: 0.000, memory: 2640, top1_acc: 0.9663, top5_acc: 0.9988, loss_cls: 0.1196, loss: 0.1196
2026-08-03 04:47:59,044 - pyskl - INFO - Epoch [11][6700/12529]	lr: 3.266e-03, eta: 1 day, 16:25:53, time: 2.118, data_time: 0.000, memory: 2640, top1_acc: 0.9606, top5_acc: 0.9988, loss_cls: 0.1421, loss: 0.1421
2026-08-03 04:51:30,488 - pyskl - INFO - Epoch [11][6800/12529]	lr: 3.258e-03, eta: 1 day, 16:22:20, time: 2.114, data_time: 0.000, memory: 2640, top1_acc: 0.9694, top5_acc: 0.9988, loss_cls: 0.1213, loss: 0.1213
2026-08-03 04:55:02,229 - pyskl - INFO - Epoch [11][6900/12529]	lr: 3.249e-03, eta: 1 day, 16:18:47, time: 2.117, data_time: 0.000, memory: 2640, top1_acc: 0.9669, top5_acc: 0.9981, loss_cls: 0.1146, loss: 0.1146
2026-08-03 04:58:34,046 - pyskl - INFO - Epoch [11][7000/12529]	lr: 3.241e-03, eta: 1 day, 16:15:14, time: 2.118, data_time: 0.000, memory: 2640, top1_acc: 0.9700, top5_acc: 0.9988, loss_cls: 0.1140, loss: 0.1140
2026-08-03 05:02:04,963 - pyskl - INFO - Epoch [11][7100/12529]	lr: 3.232e-03, eta: 1 day, 16:11:41, time: 2.109, data_time: 0.000, memory: 2640, top1_acc: 0.9650, top5_acc: 0.9981, loss_cls: 0.1228, loss: 0.1228
2026-08-03 05:05:36,453 - pyskl - INFO - Epoch [11][7200/12529]	lr: 3.223e-03, eta: 1 day, 16:08:07, time: 2.115, data_time: 0.000, memory: 2640, top1_acc: 0.9644, top5_acc: 0.9969, loss_cls: 0.1324, loss: 0.1324
2026-08-03 05:09:07,609 - pyskl - INFO - Epoch [11][7300/12529]	lr: 3.215e-03, eta: 1 day, 16:04:34, time: 2.112, data_time: 0.000, memory: 2640, top1_acc: 0.9669, top5_acc: 0.9988, loss_cls: 0.1257, loss: 0.1257
2026-08-03 05:12:38,558 - pyskl - INFO - Epoch [11][7400/12529]	lr: 3.206e-03, eta: 1 day, 16:01:01, time: 2.109, data_time: 0.000, memory: 2640, top1_acc: 0.9569, top5_acc: 0.9988, loss_cls: 0.1285, loss: 0.1285
2026-08-03 05:16:09,235 - pyskl - INFO - Epoch [11][7500/12529]	lr: 3.198e-03, eta: 1 day, 15:57:27, time: 2.107, data_time: 0.000, memory: 2640, top1_acc: 0.9587, top5_acc: 0.9975, loss_cls: 0.1402, loss: 0.1402
2026-08-03 05:19:40,511 - pyskl - INFO - Epoch [11][7600/12529]	lr: 3.189e-03, eta: 1 day, 15:53:54, time: 2.113, data_time: 0.000, memory: 2640, top1_acc: 0.9637, top5_acc: 0.9994, loss_cls: 0.1316, loss: 0.1316
2026-08-03 05:23:11,277 - pyskl - INFO - Epoch [11][7700/12529]	lr: 3.181e-03, eta: 1 day, 15:50:21, time: 2.108, data_time: 0.000, memory: 2640, top1_acc: 0.9675, top5_acc: 0.9988, loss_cls: 0.1192, loss: 0.1192
2026-08-03 05:26:41,936 - pyskl - INFO - Epoch [11][7800/12529]	lr: 3.172e-03, eta: 1 day, 15:46:47, time: 2.107, data_time: 0.000, memory: 2640, top1_acc: 0.9656, top5_acc: 0.9975, loss_cls: 0.1235, loss: 0.1235
2026-08-03 05:30:12,896 - pyskl - INFO - Epoch [11][7900/12529]	lr: 3.164e-03, eta: 1 day, 15:43:14, time: 2.110, data_time: 0.000, memory: 2640, top1_acc: 0.9681, top5_acc: 0.9981, loss_cls: 0.1184, loss: 0.1184
2026-08-03 05:33:43,835 - pyskl - INFO - Epoch [11][8000/12529]	lr: 3.155e-03, eta: 1 day, 15:39:40, time: 2.109, data_time: 0.000, memory: 2640, top1_acc: 0.9606, top5_acc: 0.9975, loss_cls: 0.1254, loss: 0.1254
2026-08-03 05:37:15,859 - pyskl - INFO - Epoch [11][8100/12529]	lr: 3.147e-03, eta: 1 day, 15:36:08, time: 2.120, data_time: 0.000, memory: 2640, top1_acc: 0.9631, top5_acc: 0.9988, loss_cls: 0.1351, loss: 0.1351
2026-08-03 05:40:46,555 - pyskl - INFO - Epoch [11][8200/12529]	lr: 3.138e-03, eta: 1 day, 15:32:34, time: 2.107, data_time: 0.000, memory: 2640, top1_acc: 0.9581, top5_acc: 0.9988, loss_cls: 0.1450, loss: 0.1450
2026-08-03 05:44:17,551 - pyskl - INFO - Epoch [11][8300/12529]	lr: 3.130e-03, eta: 1 day, 15:29:01, time: 2.110, data_time: 0.000, memory: 2640, top1_acc: 0.9719, top5_acc: 0.9988, loss_cls: 0.1182, loss: 0.1182
2026-08-03 05:47:48,524 - pyskl - INFO - Epoch [11][8400/12529]	lr: 3.121e-03, eta: 1 day, 15:25:27, time: 2.110, data_time: 0.000, memory: 2640, top1_acc: 0.9750, top5_acc: 1.0000, loss_cls: 0.1035, loss: 0.1035
2026-08-03 05:51:19,947 - pyskl - INFO - Epoch [11][8500/12529]	lr: 3.113e-03, eta: 1 day, 15:21:54, time: 2.114, data_time: 0.000, memory: 2640, top1_acc: 0.9706, top5_acc: 0.9981, loss_cls: 0.1088, loss: 0.1088
2026-08-03 05:54:51,476 - pyskl - INFO - Epoch [11][8600/12529]	lr: 3.104e-03, eta: 1 day, 15:18:21, time: 2.115, data_time: 0.000, memory: 2640, top1_acc: 0.9613, top5_acc: 0.9975, loss_cls: 0.1297, loss: 0.1297
2026-08-03 05:58:22,312 - pyskl - INFO - Epoch [11][8700/12529]	lr: 3.096e-03, eta: 1 day, 15:14:48, time: 2.108, data_time: 0.000, memory: 2640, top1_acc: 0.9706, top5_acc: 0.9975, loss_cls: 0.1053, loss: 0.1053
2026-08-03 06:01:53,300 - pyskl - INFO - Epoch [11][8800/12529]	lr: 3.087e-03, eta: 1 day, 15:11:15, time: 2.110, data_time: 0.000, memory: 2640, top1_acc: 0.9675, top5_acc: 0.9975, loss_cls: 0.1127, loss: 0.1127
2026-08-03 06:05:23,518 - pyskl - INFO - Epoch [11][8900/12529]	lr: 3.079e-03, eta: 1 day, 15:07:41, time: 2.102, data_time: 0.000, memory: 2640, top1_acc: 0.9719, top5_acc: 0.9994, loss_cls: 0.1127, loss: 0.1127
2026-08-03 06:08:54,206 - pyskl - INFO - Epoch [11][9000/12529]	lr: 3.070e-03, eta: 1 day, 15:04:07, time: 2.107, data_time: 0.000, memory: 2640, top1_acc: 0.9656, top5_acc: 0.9969, loss_cls: 0.1336, loss: 0.1336
2026-08-03 06:12:25,432 - pyskl - INFO - Epoch [11][9100/12529]	lr: 3.062e-03, eta: 1 day, 15:00:34, time: 2.112, data_time: 0.000, memory: 2640, top1_acc: 0.9675, top5_acc: 0.9994, loss_cls: 0.1071, loss: 0.1071
2026-08-03 06:15:56,745 - pyskl - INFO - Epoch [11][9200/12529]	lr: 3.053e-03, eta: 1 day, 14:57:01, time: 2.113, data_time: 0.000, memory: 2640, top1_acc: 0.9700, top5_acc: 0.9994, loss_cls: 0.1197, loss: 0.1197
2026-08-03 06:19:27,331 - pyskl - INFO - Epoch [11][9300/12529]	lr: 3.045e-03, eta: 1 day, 14:53:28, time: 2.106, data_time: 0.000, memory: 2640, top1_acc: 0.9644, top5_acc: 0.9994, loss_cls: 0.1225, loss: 0.1225
2026-08-03 06:22:57,923 - pyskl - INFO - Epoch [11][9400/12529]	lr: 3.037e-03, eta: 1 day, 14:49:54, time: 2.106, data_time: 0.000, memory: 2640, top1_acc: 0.9750, top5_acc: 0.9988, loss_cls: 0.1091, loss: 0.1091
2026-08-03 06:26:29,041 - pyskl - INFO - Epoch [11][9500/12529]	lr: 3.028e-03, eta: 1 day, 14:46:21, time: 2.111, data_time: 0.000, memory: 2640, top1_acc: 0.9681, top5_acc: 0.9975, loss_cls: 0.1188, loss: 0.1188
2026-08-03 06:29:59,940 - pyskl - INFO - Epoch [11][9600/12529]	lr: 3.020e-03, eta: 1 day, 14:42:47, time: 2.109, data_time: 0.000, memory: 2640, top1_acc: 0.9706, top5_acc: 0.9988, loss_cls: 0.1045, loss: 0.1045
2026-08-03 06:33:31,750 - pyskl - INFO - Epoch [11][9700/12529]	lr: 3.012e-03, eta: 1 day, 14:39:15, time: 2.118, data_time: 0.000, memory: 2640, top1_acc: 0.9675, top5_acc: 1.0000, loss_cls: 0.1134, loss: 0.1134
2026-08-03 06:37:03,324 - pyskl - INFO - Epoch [11][9800/12529]	lr: 3.003e-03, eta: 1 day, 14:35:42, time: 2.116, data_time: 0.000, memory: 2640, top1_acc: 0.9663, top5_acc: 0.9988, loss_cls: 0.1341, loss: 0.1341
2026-08-03 06:40:34,201 - pyskl - INFO - Epoch [11][9900/12529]	lr: 2.995e-03, eta: 1 day, 14:32:08, time: 2.109, data_time: 0.000, memory: 2640, top1_acc: 0.9619, top5_acc: 0.9994, loss_cls: 0.1320, loss: 0.1320
2026-08-03 06:44:05,871 - pyskl - INFO - Epoch [11][10000/12529]	lr: 2.986e-03, eta: 1 day, 14:28:35, time: 2.117, data_time: 0.000, memory: 2640, top1_acc: 0.9769, top5_acc: 0.9988, loss_cls: 0.1058, loss: 0.1058
2026-08-03 06:47:36,891 - pyskl - INFO - Epoch [11][10100/12529]	lr: 2.978e-03, eta: 1 day, 14:25:02, time: 2.110, data_time: 0.000, memory: 2640, top1_acc: 0.9775, top5_acc: 0.9988, loss_cls: 0.0896, loss: 0.0896
2026-08-03 06:51:07,982 - pyskl - INFO - Epoch [11][10200/12529]	lr: 2.970e-03, eta: 1 day, 14:21:29, time: 2.111, data_time: 0.000, memory: 2640, top1_acc: 0.9644, top5_acc: 0.9969, loss_cls: 0.1301, loss: 0.1301
2026-08-03 06:54:40,007 - pyskl - INFO - Epoch [11][10300/12529]	lr: 2.961e-03, eta: 1 day, 14:17:56, time: 2.120, data_time: 0.000, memory: 2640, top1_acc: 0.9700, top5_acc: 0.9994, loss_cls: 0.1209, loss: 0.1209
2026-08-03 06:58:10,898 - pyskl - INFO - Epoch [11][10400/12529]	lr: 2.953e-03, eta: 1 day, 14:14:23, time: 2.109, data_time: 0.000, memory: 2640, top1_acc: 0.9725, top5_acc: 0.9988, loss_cls: 0.1103, loss: 0.1103
2026-08-03 07:01:41,854 - pyskl - INFO - Epoch [11][10500/12529]	lr: 2.945e-03, eta: 1 day, 14:10:49, time: 2.110, data_time: 0.000, memory: 2640, top1_acc: 0.9744, top5_acc: 0.9962, loss_cls: 0.1069, loss: 0.1069
2026-08-03 07:05:13,582 - pyskl - INFO - Epoch [11][10600/12529]	lr: 2.936e-03, eta: 1 day, 14:07:17, time: 2.117, data_time: 0.000, memory: 2640, top1_acc: 0.9750, top5_acc: 0.9981, loss_cls: 0.1125, loss: 0.1125
2026-08-03 07:08:45,031 - pyskl - INFO - Epoch [11][10700/12529]	lr: 2.928e-03, eta: 1 day, 14:03:44, time: 2.114, data_time: 0.000, memory: 2640, top1_acc: 0.9706, top5_acc: 0.9994, loss_cls: 0.1038, loss: 0.1038
2026-08-03 07:12:16,902 - pyskl - INFO - Epoch [11][10800/12529]	lr: 2.920e-03, eta: 1 day, 14:00:11, time: 2.119, data_time: 0.000, memory: 2640, top1_acc: 0.9725, top5_acc: 0.9994, loss_cls: 0.1006, loss: 0.1006
2026-08-03 07:15:47,728 - pyskl - INFO - Epoch [11][10900/12529]	lr: 2.912e-03, eta: 1 day, 13:56:37, time: 2.108, data_time: 0.000, memory: 2640, top1_acc: 0.9756, top5_acc: 0.9988, loss_cls: 0.1060, loss: 0.1060
2026-08-03 07:19:19,095 - pyskl - INFO - Epoch [11][11000/12529]	lr: 2.903e-03, eta: 1 day, 13:53:04, time: 2.114, data_time: 0.000, memory: 2640, top1_acc: 0.9738, top5_acc: 0.9981, loss_cls: 0.1038, loss: 0.1038
2026-08-03 07:22:50,158 - pyskl - INFO - Epoch [11][11100/12529]	lr: 2.895e-03, eta: 1 day, 13:49:31, time: 2.111, data_time: 0.000, memory: 2640, top1_acc: 0.9738, top5_acc: 0.9988, loss_cls: 0.1043, loss: 0.1043
2026-08-03 07:26:21,444 - pyskl - INFO - Epoch [11][11200/12529]	lr: 2.887e-03, eta: 1 day, 13:45:58, time: 2.113, data_time: 0.000, memory: 2640, top1_acc: 0.9744, top5_acc: 0.9988, loss_cls: 0.0959, loss: 0.0959
2026-08-03 07:29:52,136 - pyskl - INFO - Epoch [11][11300/12529]	lr: 2.878e-03, eta: 1 day, 13:42:25, time: 2.107, data_time: 0.000, memory: 2640, top1_acc: 0.9800, top5_acc: 1.0000, loss_cls: 0.0910, loss: 0.0910
2026-08-03 07:33:24,501 - pyskl - INFO - Epoch [11][11400/12529]	lr: 2.870e-03, eta: 1 day, 13:38:52, time: 2.124, data_time: 0.000, memory: 2640, top1_acc: 0.9725, top5_acc: 0.9981, loss_cls: 0.1089, loss: 0.1089
2026-08-03 07:36:55,587 - pyskl - INFO - Epoch [11][11500/12529]	lr: 2.862e-03, eta: 1 day, 13:35:19, time: 2.111, data_time: 0.000, memory: 2640, top1_acc: 0.9819, top5_acc: 0.9994, loss_cls: 0.0845, loss: 0.0845
2026-08-03 07:40:25,530 - pyskl - INFO - Epoch [11][11600/12529]	lr: 2.854e-03, eta: 1 day, 13:31:45, time: 2.099, data_time: 0.000, memory: 2640, top1_acc: 0.9769, top5_acc: 0.9994, loss_cls: 0.0932, loss: 0.0932
2026-08-03 07:43:56,447 - pyskl - INFO - Epoch [11][11700/12529]	lr: 2.846e-03, eta: 1 day, 13:28:12, time: 2.109, data_time: 0.000, memory: 2640, top1_acc: 0.9819, top5_acc: 0.9994, loss_cls: 0.0880, loss: 0.0880
2026-08-03 07:47:27,878 - pyskl - INFO - Epoch [11][11800/12529]	lr: 2.837e-03, eta: 1 day, 13:24:39, time: 2.114, data_time: 0.000, memory: 2640, top1_acc: 0.9669, top5_acc: 0.9988, loss_cls: 0.1142, loss: 0.1142
2026-08-03 07:50:58,667 - pyskl - INFO - Epoch [11][11900/12529]	lr: 2.829e-03, eta: 1 day, 13:21:06, time: 2.108, data_time: 0.000, memory: 2640, top1_acc: 0.9694, top5_acc: 0.9988, loss_cls: 0.1082, loss: 0.1082
2026-08-03 07:54:30,252 - pyskl - INFO - Epoch [11][12000/12529]	lr: 2.821e-03, eta: 1 day, 13:17:33, time: 2.116, data_time: 0.000, memory: 2640, top1_acc: 0.9731, top5_acc: 0.9994, loss_cls: 0.1053, loss: 0.1053
2026-08-03 07:58:01,128 - pyskl - INFO - Epoch [11][12100/12529]	lr: 2.813e-03, eta: 1 day, 13:13:59, time: 2.109, data_time: 0.000, memory: 2640, top1_acc: 0.9762, top5_acc: 0.9994, loss_cls: 0.0999, loss: 0.0999
2026-08-03 08:01:33,447 - pyskl - INFO - Epoch [11][12200/12529]	lr: 2.805e-03, eta: 1 day, 13:10:27, time: 2.123, data_time: 0.000, memory: 2640, top1_acc: 0.9706, top5_acc: 0.9994, loss_cls: 0.1145, loss: 0.1145
2026-08-03 08:05:05,265 - pyskl - INFO - Epoch [11][12300/12529]	lr: 2.796e-03, eta: 1 day, 13:06:54, time: 2.118, data_time: 0.000, memory: 2640, top1_acc: 0.9756, top5_acc: 1.0000, loss_cls: 0.1078, loss: 0.1078
2026-08-03 08:08:35,540 - pyskl - INFO - Epoch [11][12400/12529]	lr: 2.788e-03, eta: 1 day, 13:03:20, time: 2.103, data_time: 0.000, memory: 2640, top1_acc: 0.9712, top5_acc: 0.9994, loss_cls: 0.1094, loss: 0.1094
2026-08-03 08:12:06,499 - pyskl - INFO - Epoch [11][12500/12529]	lr: 2.780e-03, eta: 1 day, 12:59:47, time: 2.110, data_time: 0.000, memory: 2640, top1_acc: 0.9669, top5_acc: 0.9994, loss_cls: 0.1092, loss: 0.1092
2026-08-03 08:13:07,125 - pyskl - INFO - Saving checkpoint at 11 epochs
2026-08-03 08:52:42,418 - pyskl - INFO - Evaluating top_k_accuracy ...
2026-08-03 08:52:42,478 - pyskl - INFO - 
top1_acc	0.8638
top5_acc	0.9760
2026-08-03 08:52:42,479 - pyskl - INFO - The previous best checkpoint D:\YXJProject\pythonProject\pyskl\work_dirs\stgcn++\ntu60_xsub_3dkp\j_single_gpu\best_top1_acc_epoch_9.pth was removed
2026-08-03 08:52:42,695 - pyskl - INFO - Now best checkpoint is saved as best_top1_acc_epoch_11.pth.
2026-08-03 08:52:42,695 - pyskl - INFO - Best top1_acc is 0.8638 at 11 epoch.
2026-08-03 08:52:42,698 - pyskl - INFO - Epoch(val) [11][1031]	top1_acc: 0.8638, top5_acc: 0.9760
2026-08-03 08:57:03,543 - pyskl - INFO - Epoch [12][100/12529]	lr: 2.770e-03, eta: 1 day, 12:55:07, time: 2.608, data_time: 0.218, memory: 2640, top1_acc: 0.9775, top5_acc: 0.9994, loss_cls: 0.0907, loss: 0.0907
2026-08-03 09:01:03,951 - pyskl - INFO - Epoch [12][200/12529]	lr: 2.761e-03, eta: 1 day, 12:51:47, time: 2.404, data_time: 0.000, memory: 2640, top1_acc: 0.9800, top5_acc: 0.9981, loss_cls: 0.0910, loss: 0.0910
2026-08-03 09:05:03,272 - pyskl - INFO - Epoch [12][300/12529]	lr: 2.753e-03, eta: 1 day, 12:48:27, time: 2.393, data_time: 0.000, memory: 2640, top1_acc: 0.9838, top5_acc: 0.9994, loss_cls: 0.0786, loss: 0.0786
2026-08-03 09:09:02,921 - pyskl - INFO - Epoch [12][400/12529]	lr: 2.745e-03, eta: 1 day, 12:45:06, time: 2.396, data_time: 0.000, memory: 2640, top1_acc: 0.9806, top5_acc: 0.9994, loss_cls: 0.0805, loss: 0.0805
2026-08-03 09:13:02,682 - pyskl - INFO - Epoch [12][500/12529]	lr: 2.737e-03, eta: 1 day, 12:41:46, time: 2.398, data_time: 0.000, memory: 2640, top1_acc: 0.9838, top5_acc: 1.0000, loss_cls: 0.0677, loss: 0.0677
2026-08-03 09:17:02,041 - pyskl - INFO - Epoch [12][600/12529]	lr: 2.729e-03, eta: 1 day, 12:38:25, time: 2.394, data_time: 0.000, memory: 2640, top1_acc: 0.9781, top5_acc: 0.9994, loss_cls: 0.0851, loss: 0.0851
2026-08-03 09:21:01,736 - pyskl - INFO - Epoch [12][700/12529]	lr: 2.721e-03, eta: 1 day, 12:35:05, time: 2.397, data_time: 0.000, memory: 2640, top1_acc: 0.9781, top5_acc: 0.9988, loss_cls: 0.0903, loss: 0.0903
2026-08-03 09:25:01,349 - pyskl - INFO - Epoch [12][800/12529]	lr: 2.713e-03, eta: 1 day, 12:31:44, time: 2.396, data_time: 0.000, memory: 2640, top1_acc: 0.9719, top5_acc: 1.0000, loss_cls: 0.0862, loss: 0.0862
2026-08-03 09:29:00,686 - pyskl - INFO - Epoch [12][900/12529]	lr: 2.705e-03, eta: 1 day, 12:28:24, time: 2.393, data_time: 0.000, memory: 2640, top1_acc: 0.9812, top5_acc: 1.0000, loss_cls: 0.0732, loss: 0.0732
2026-08-03 09:33:00,484 - pyskl - INFO - Epoch [12][1000/12529]	lr: 2.697e-03, eta: 1 day, 12:25:03, time: 2.398, data_time: 0.000, memory: 2640, top1_acc: 0.9844, top5_acc: 0.9994, loss_cls: 0.0671, loss: 0.0671
2026-08-03 09:37:00,032 - pyskl - INFO - Epoch [12][1100/12529]	lr: 2.689e-03, eta: 1 day, 12:21:42, time: 2.395, data_time: 0.000, memory: 2640, top1_acc: 0.9850, top5_acc: 0.9994, loss_cls: 0.0768, loss: 0.0768
2026-08-03 09:40:59,832 - pyskl - INFO - Epoch [12][1200/12529]	lr: 2.681e-03, eta: 1 day, 12:18:22, time: 2.398, data_time: 0.000, memory: 2640, top1_acc: 0.9806, top5_acc: 0.9994, loss_cls: 0.0764, loss: 0.0764
2026-08-03 09:44:58,433 - pyskl - INFO - Epoch [12][1300/12529]	lr: 2.673e-03, eta: 1 day, 12:15:00, time: 2.386, data_time: 0.000, memory: 2640, top1_acc: 0.9862, top5_acc: 0.9988, loss_cls: 0.0654, loss: 0.0654
2026-08-03 09:48:58,096 - pyskl - INFO - Epoch [12][1400/12529]	lr: 2.665e-03, eta: 1 day, 12:11:39, time: 2.397, data_time: 0.000, memory: 2640, top1_acc: 0.9744, top5_acc: 0.9994, loss_cls: 0.0938, loss: 0.0938
2026-08-03 09:52:58,451 - pyskl - INFO - Epoch [12][1500/12529]	lr: 2.657e-03, eta: 1 day, 12:08:19, time: 2.403, data_time: 0.000, memory: 2640, top1_acc: 0.9700, top5_acc: 1.0000, loss_cls: 0.1015, loss: 0.1015
2026-08-03 09:56:57,683 - pyskl - INFO - Epoch [12][1600/12529]	lr: 2.649e-03, eta: 1 day, 12:04:58, time: 2.392, data_time: 0.000, memory: 2640, top1_acc: 0.9831, top5_acc: 1.0000, loss_cls: 0.0840, loss: 0.0840
2026-08-03 10:00:57,670 - pyskl - INFO - Epoch [12][1700/12529]	lr: 2.641e-03, eta: 1 day, 12:01:37, time: 2.400, data_time: 0.000, memory: 2640, top1_acc: 0.9831, top5_acc: 0.9994, loss_cls: 0.0746, loss: 0.0746
2026-08-03 10:04:58,017 - pyskl - INFO - Epoch [12][1800/12529]	lr: 2.633e-03, eta: 1 day, 11:58:16, time: 2.403, data_time: 0.000, memory: 2640, top1_acc: 0.9781, top5_acc: 0.9988, loss_cls: 0.0873, loss: 0.0873
2026-08-03 10:08:57,450 - pyskl - INFO - Epoch [12][1900/12529]	lr: 2.625e-03, eta: 1 day, 11:54:55, time: 2.394, data_time: 0.000, memory: 2640, top1_acc: 0.9800, top5_acc: 0.9981, loss_cls: 0.0893, loss: 0.0893
2026-08-03 10:12:57,093 - pyskl - INFO - Epoch [12][2000/12529]	lr: 2.617e-03, eta: 1 day, 11:51:33, time: 2.396, data_time: 0.000, memory: 2640, top1_acc: 0.9838, top5_acc: 1.0000, loss_cls: 0.0825, loss: 0.0825
2026-08-03 10:16:56,861 - pyskl - INFO - Epoch [12][2100/12529]	lr: 2.609e-03, eta: 1 day, 11:48:12, time: 2.398, data_time: 0.000, memory: 2640, top1_acc: 0.9775, top5_acc: 0.9994, loss_cls: 0.0841, loss: 0.0841
2026-08-03 10:20:55,825 - pyskl - INFO - Epoch [12][2200/12529]	lr: 2.601e-03, eta: 1 day, 11:44:50, time: 2.390, data_time: 0.000, memory: 2640, top1_acc: 0.9819, top5_acc: 0.9981, loss_cls: 0.0827, loss: 0.0827
2026-08-03 10:24:55,491 - pyskl - INFO - Epoch [12][2300/12529]	lr: 2.593e-03, eta: 1 day, 11:41:29, time: 2.397, data_time: 0.000, memory: 2640, top1_acc: 0.9856, top5_acc: 0.9994, loss_cls: 0.0706, loss: 0.0706
2026-08-03 10:28:31,955 - pyskl - INFO - Epoch [12][2400/12529]	lr: 2.585e-03, eta: 1 day, 11:37:58, time: 2.165, data_time: 0.000, memory: 2640, top1_acc: 0.9838, top5_acc: 1.0000, loss_cls: 0.0758, loss: 0.0758
2026-08-03 10:32:07,745 - pyskl - INFO - Epoch [12][2500/12529]	lr: 2.577e-03, eta: 1 day, 11:34:26, time: 2.158, data_time: 0.000, memory: 2640, top1_acc: 0.9788, top5_acc: 1.0000, loss_cls: 0.0773, loss: 0.0773
2026-08-03 10:35:40,945 - pyskl - INFO - Epoch [12][2600/12529]	lr: 2.569e-03, eta: 1 day, 11:30:53, time: 2.132, data_time: 0.000, memory: 2640, top1_acc: 0.9831, top5_acc: 0.9994, loss_cls: 0.0755, loss: 0.0755
2026-08-03 10:39:13,882 - pyskl - INFO - Epoch [12][2700/12529]	lr: 2.561e-03, eta: 1 day, 11:27:20, time: 2.129, data_time: 0.000, memory: 2640, top1_acc: 0.9800, top5_acc: 0.9988, loss_cls: 0.0791, loss: 0.0791
2026-08-03 10:42:46,822 - pyskl - INFO - Epoch [12][2800/12529]	lr: 2.553e-03, eta: 1 day, 11:23:47, time: 2.129, data_time: 0.000, memory: 2640, top1_acc: 0.9831, top5_acc: 0.9994, loss_cls: 0.0751, loss: 0.0751
2026-08-03 10:46:20,262 - pyskl - INFO - Epoch [12][2900/12529]	lr: 2.545e-03, eta: 1 day, 11:20:15, time: 2.134, data_time: 0.000, memory: 2640, top1_acc: 0.9800, top5_acc: 0.9988, loss_cls: 0.0880, loss: 0.0880
2026-08-03 10:49:53,705 - pyskl - INFO - Epoch [12][3000/12529]	lr: 2.537e-03, eta: 1 day, 11:16:42, time: 2.134, data_time: 0.000, memory: 2640, top1_acc: 0.9825, top5_acc: 0.9994, loss_cls: 0.0822, loss: 0.0822
2026-08-03 10:53:27,025 - pyskl - INFO - Epoch [12][3100/12529]	lr: 2.529e-03, eta: 1 day, 11:13:09, time: 2.133, data_time: 0.000, memory: 2640, top1_acc: 0.9844, top5_acc: 0.9994, loss_cls: 0.0743, loss: 0.0743
2026-08-03 10:56:59,524 - pyskl - INFO - Epoch [12][3200/12529]	lr: 2.522e-03, eta: 1 day, 11:09:36, time: 2.125, data_time: 0.000, memory: 2640, top1_acc: 0.9762, top5_acc: 0.9994, loss_cls: 0.0821, loss: 0.0821
2026-08-03 11:00:32,657 - pyskl - INFO - Epoch [12][3300/12529]	lr: 2.514e-03, eta: 1 day, 11:06:03, time: 2.131, data_time: 0.000, memory: 2640, top1_acc: 0.9912, top5_acc: 0.9994, loss_cls: 0.0574, loss: 0.0574
2026-08-03 11:04:05,230 - pyskl - INFO - Epoch [12][3400/12529]	lr: 2.506e-03, eta: 1 day, 11:02:30, time: 2.126, data_time: 0.000, memory: 2640, top1_acc: 0.9788, top5_acc: 0.9994, loss_cls: 0.0874, loss: 0.0874
2026-08-03 11:07:37,735 - pyskl - INFO - Epoch [12][3500/12529]	lr: 2.498e-03, eta: 1 day, 10:58:57, time: 2.125, data_time: 0.000, memory: 2640, top1_acc: 0.9856, top5_acc: 1.0000, loss_cls: 0.0608, loss: 0.0608
2026-08-03 11:11:11,223 - pyskl - INFO - Epoch [12][3600/12529]	lr: 2.490e-03, eta: 1 day, 10:55:24, time: 2.135, data_time: 0.000, memory: 2640, top1_acc: 0.9781, top5_acc: 0.9994, loss_cls: 0.0831, loss: 0.0831
2026-08-03 11:14:45,708 - pyskl - INFO - Epoch [12][3700/12529]	lr: 2.482e-03, eta: 1 day, 10:51:52, time: 2.145, data_time: 0.000, memory: 2640, top1_acc: 0.9706, top5_acc: 1.0000, loss_cls: 0.0959, loss: 0.0959
2026-08-03 11:18:18,827 - pyskl - INFO - Epoch [12][3800/12529]	lr: 2.475e-03, eta: 1 day, 10:48:19, time: 2.131, data_time: 0.000, memory: 2640, top1_acc: 0.9775, top5_acc: 1.0000, loss_cls: 0.0956, loss: 0.0956
2026-08-03 11:21:51,552 - pyskl - INFO - Epoch [12][3900/12529]	lr: 2.467e-03, eta: 1 day, 10:44:46, time: 2.127, data_time: 0.000, memory: 2640, top1_acc: 0.9856, top5_acc: 0.9994, loss_cls: 0.0727, loss: 0.0727
2026-08-03 11:25:24,548 - pyskl - INFO - Epoch [12][4000/12529]	lr: 2.459e-03, eta: 1 day, 10:41:13, time: 2.130, data_time: 0.000, memory: 2640, top1_acc: 0.9850, top5_acc: 0.9994, loss_cls: 0.0711, loss: 0.0711
2026-08-03 11:28:57,954 - pyskl - INFO - Epoch [12][4100/12529]	lr: 2.451e-03, eta: 1 day, 10:37:40, time: 2.134, data_time: 0.000, memory: 2640, top1_acc: 0.9819, top5_acc: 0.9994, loss_cls: 0.0794, loss: 0.0794
2026-08-03 11:32:31,563 - pyskl - INFO - Epoch [12][4200/12529]	lr: 2.443e-03, eta: 1 day, 10:34:08, time: 2.136, data_time: 0.000, memory: 2640, top1_acc: 0.9825, top5_acc: 0.9988, loss_cls: 0.0858, loss: 0.0858
2026-08-03 11:36:03,932 - pyskl - INFO - Epoch [12][4300/12529]	lr: 2.436e-03, eta: 1 day, 10:30:35, time: 2.124, data_time: 0.000, memory: 2640, top1_acc: 0.9750, top5_acc: 0.9994, loss_cls: 0.0859, loss: 0.0859
2026-08-03 11:39:36,804 - pyskl - INFO - Epoch [12][4400/12529]	lr: 2.428e-03, eta: 1 day, 10:27:02, time: 2.129, data_time: 0.000, memory: 2640, top1_acc: 0.9800, top5_acc: 1.0000, loss_cls: 0.0869, loss: 0.0869
2026-08-03 11:43:09,462 - pyskl - INFO - Epoch [12][4500/12529]	lr: 2.420e-03, eta: 1 day, 10:23:29, time: 2.127, data_time: 0.000, memory: 2640, top1_acc: 0.9862, top5_acc: 1.0000, loss_cls: 0.0672, loss: 0.0672
2026-08-03 11:46:42,399 - pyskl - INFO - Epoch [12][4600/12529]	lr: 2.412e-03, eta: 1 day, 10:19:56, time: 2.129, data_time: 0.000, memory: 2640, top1_acc: 0.9838, top5_acc: 0.9981, loss_cls: 0.0783, loss: 0.0783
2026-08-03 11:50:15,027 - pyskl - INFO - Epoch [12][4700/12529]	lr: 2.405e-03, eta: 1 day, 10:16:23, time: 2.126, data_time: 0.000, memory: 2640, top1_acc: 0.9881, top5_acc: 1.0000, loss_cls: 0.0625, loss: 0.0625
2026-08-03 11:53:47,346 - pyskl - INFO - Epoch [12][4800/12529]	lr: 2.397e-03, eta: 1 day, 10:12:49, time: 2.123, data_time: 0.000, memory: 2640, top1_acc: 0.9831, top5_acc: 1.0000, loss_cls: 0.0789, loss: 0.0789
2026-08-03 11:57:20,618 - pyskl - INFO - Epoch [12][4900/12529]	lr: 2.389e-03, eta: 1 day, 10:09:17, time: 2.133, data_time: 0.000, memory: 2640, top1_acc: 0.9775, top5_acc: 1.0000, loss_cls: 0.0864, loss: 0.0864
2026-08-03 12:00:53,831 - pyskl - INFO - Epoch [12][5000/12529]	lr: 2.382e-03, eta: 1 day, 10:05:44, time: 2.132, data_time: 0.000, memory: 2640, top1_acc: 0.9844, top5_acc: 1.0000, loss_cls: 0.0694, loss: 0.0694
2026-08-03 12:04:26,893 - pyskl - INFO - Epoch [12][5100/12529]	lr: 2.374e-03, eta: 1 day, 10:02:11, time: 2.131, data_time: 0.000, memory: 2640, top1_acc: 0.9800, top5_acc: 0.9994, loss_cls: 0.0864, loss: 0.0864
2026-08-03 12:07:59,516 - pyskl - INFO - Epoch [12][5200/12529]	lr: 2.366e-03, eta: 1 day, 9:58:38, time: 2.126, data_time: 0.000, memory: 2640, top1_acc: 0.9794, top5_acc: 1.0000, loss_cls: 0.0792, loss: 0.0792
2026-08-03 12:11:32,614 - pyskl - INFO - Epoch [12][5300/12529]	lr: 2.359e-03, eta: 1 day, 9:55:05, time: 2.131, data_time: 0.000, memory: 2640, top1_acc: 0.9825, top5_acc: 0.9994, loss_cls: 0.0723, loss: 0.0723
2026-08-03 12:15:06,550 - pyskl - INFO - Epoch [12][5400/12529]	lr: 2.351e-03, eta: 1 day, 9:51:33, time: 2.139, data_time: 0.000, memory: 2640, top1_acc: 0.9800, top5_acc: 0.9988, loss_cls: 0.0794, loss: 0.0794
2026-08-03 12:18:39,865 - pyskl - INFO - Epoch [12][5500/12529]	lr: 2.343e-03, eta: 1 day, 9:48:00, time: 2.133, data_time: 0.000, memory: 2640, top1_acc: 0.9856, top5_acc: 1.0000, loss_cls: 0.0651, loss: 0.0651
2026-08-03 12:22:13,196 - pyskl - INFO - Epoch [12][5600/12529]	lr: 2.336e-03, eta: 1 day, 9:44:27, time: 2.133, data_time: 0.000, memory: 2640, top1_acc: 0.9825, top5_acc: 1.0000, loss_cls: 0.0715, loss: 0.0715
2026-08-03 12:25:45,941 - pyskl - INFO - Epoch [12][5700/12529]	lr: 2.328e-03, eta: 1 day, 9:40:54, time: 2.127, data_time: 0.000, memory: 2640, top1_acc: 0.9869, top5_acc: 0.9994, loss_cls: 0.0623, loss: 0.0623
2026-08-03 12:29:18,985 - pyskl - INFO - Epoch [12][5800/12529]	lr: 2.320e-03, eta: 1 day, 9:37:21, time: 2.130, data_time: 0.000, memory: 2640, top1_acc: 0.9850, top5_acc: 0.9988, loss_cls: 0.0707, loss: 0.0707
2026-08-03 12:32:51,907 - pyskl - INFO - Epoch [12][5900/12529]	lr: 2.313e-03, eta: 1 day, 9:33:48, time: 2.129, data_time: 0.000, memory: 2640, top1_acc: 0.9812, top5_acc: 0.9988, loss_cls: 0.0820, loss: 0.0820
2026-08-03 12:36:24,909 - pyskl - INFO - Epoch [12][6000/12529]	lr: 2.305e-03, eta: 1 day, 9:30:15, time: 2.130, data_time: 0.000, memory: 2640, top1_acc: 0.9894, top5_acc: 1.0000, loss_cls: 0.0585, loss: 0.0585
2026-08-03 12:39:57,586 - pyskl - INFO - Epoch [12][6100/12529]	lr: 2.298e-03, eta: 1 day, 9:26:42, time: 2.127, data_time: 0.000, memory: 2640, top1_acc: 0.9844, top5_acc: 0.9994, loss_cls: 0.0710, loss: 0.0710
2026-08-03 12:43:31,166 - pyskl - INFO - Epoch [12][6200/12529]	lr: 2.290e-03, eta: 1 day, 9:23:10, time: 2.136, data_time: 0.000, memory: 2640, top1_acc: 0.9875, top5_acc: 1.0000, loss_cls: 0.0641, loss: 0.0641
2026-08-03 12:47:04,387 - pyskl - INFO - Epoch [12][6300/12529]	lr: 2.282e-03, eta: 1 day, 9:19:37, time: 2.132, data_time: 0.000, memory: 2640, top1_acc: 0.9825, top5_acc: 1.0000, loss_cls: 0.0747, loss: 0.0747
2026-08-03 12:50:37,212 - pyskl - INFO - Epoch [12][6400/12529]	lr: 2.275e-03, eta: 1 day, 9:16:04, time: 2.128, data_time: 0.000, memory: 2640, top1_acc: 0.9881, top5_acc: 1.0000, loss_cls: 0.0626, loss: 0.0626
2026-08-03 12:54:10,263 - pyskl - INFO - Epoch [12][6500/12529]	lr: 2.267e-03, eta: 1 day, 9:12:31, time: 2.130, data_time: 0.000, memory: 2640, top1_acc: 0.9862, top5_acc: 1.0000, loss_cls: 0.0582, loss: 0.0582
2026-08-03 12:57:43,513 - pyskl - INFO - Epoch [12][6600/12529]	lr: 2.260e-03, eta: 1 day, 9:08:58, time: 2.132, data_time: 0.000, memory: 2640, top1_acc: 0.9875, top5_acc: 1.0000, loss_cls: 0.0579, loss: 0.0579
2026-08-03 13:01:16,487 - pyskl - INFO - Epoch [12][6700/12529]	lr: 2.252e-03, eta: 1 day, 9:05:25, time: 2.130, data_time: 0.000, memory: 2640, top1_acc: 0.9875, top5_acc: 1.0000, loss_cls: 0.0537, loss: 0.0537
2026-08-03 13:04:49,493 - pyskl - INFO - Epoch [12][6800/12529]	lr: 2.245e-03, eta: 1 day, 9:01:52, time: 2.130, data_time: 0.000, memory: 2640, top1_acc: 0.9769, top5_acc: 0.9994, loss_cls: 0.0743, loss: 0.0743
2026-08-03 13:08:22,492 - pyskl - INFO - Epoch [12][6900/12529]	lr: 2.237e-03, eta: 1 day, 8:58:19, time: 2.130, data_time: 0.000, memory: 2640, top1_acc: 0.9862, top5_acc: 0.9994, loss_cls: 0.0712, loss: 0.0712
2026-08-03 13:11:56,339 - pyskl - INFO - Epoch [12][7000/12529]	lr: 2.230e-03, eta: 1 day, 8:54:47, time: 2.138, data_time: 0.000, memory: 2640, top1_acc: 0.9812, top5_acc: 0.9994, loss_cls: 0.0752, loss: 0.0752
2026-08-03 13:15:28,909 - pyskl - INFO - Epoch [12][7100/12529]	lr: 2.222e-03, eta: 1 day, 8:51:14, time: 2.126, data_time: 0.000, memory: 2640, top1_acc: 0.9819, top5_acc: 0.9981, loss_cls: 0.0748, loss: 0.0748
2026-08-03 13:19:02,209 - pyskl - INFO - Epoch [12][7200/12529]	lr: 2.215e-03, eta: 1 day, 8:47:41, time: 2.133, data_time: 0.000, memory: 2640, top1_acc: 0.9862, top5_acc: 1.0000, loss_cls: 0.0661, loss: 0.0661
2026-08-03 13:22:35,049 - pyskl - INFO - Epoch [12][7300/12529]	lr: 2.207e-03, eta: 1 day, 8:44:08, time: 2.128, data_time: 0.000, memory: 2640, top1_acc: 0.9838, top5_acc: 1.0000, loss_cls: 0.0678, loss: 0.0678
2026-08-03 13:26:08,035 - pyskl - INFO - Epoch [12][7400/12529]	lr: 2.200e-03, eta: 1 day, 8:40:35, time: 2.130, data_time: 0.000, memory: 2640, top1_acc: 0.9856, top5_acc: 1.0000, loss_cls: 0.0690, loss: 0.0690
2026-08-03 13:29:42,178 - pyskl - INFO - Epoch [12][7500/12529]	lr: 2.192e-03, eta: 1 day, 8:37:02, time: 2.141, data_time: 0.000, memory: 2640, top1_acc: 0.9888, top5_acc: 1.0000, loss_cls: 0.0585, loss: 0.0585
2026-08-03 13:33:16,231 - pyskl - INFO - Epoch [12][7600/12529]	lr: 2.185e-03, eta: 1 day, 8:33:30, time: 2.141, data_time: 0.000, memory: 2640, top1_acc: 0.9881, top5_acc: 0.9994, loss_cls: 0.0604, loss: 0.0604
2026-08-03 13:36:49,774 - pyskl - INFO - Epoch [12][7700/12529]	lr: 2.177e-03, eta: 1 day, 8:29:57, time: 2.135, data_time: 0.000, memory: 2640, top1_acc: 0.9856, top5_acc: 0.9994, loss_cls: 0.0729, loss: 0.0729
2026-08-03 13:40:23,130 - pyskl - INFO - Epoch [12][7800/12529]	lr: 2.170e-03, eta: 1 day, 8:26:24, time: 2.134, data_time: 0.000, memory: 2640, top1_acc: 0.9806, top5_acc: 1.0000, loss_cls: 0.0737, loss: 0.0737
2026-08-03 13:43:56,074 - pyskl - INFO - Epoch [12][7900/12529]	lr: 2.163e-03, eta: 1 day, 8:22:52, time: 2.129, data_time: 0.000, memory: 2640, top1_acc: 0.9894, top5_acc: 1.0000, loss_cls: 0.0565, loss: 0.0565
2026-08-03 13:47:29,567 - pyskl - INFO - Epoch [12][8000/12529]	lr: 2.155e-03, eta: 1 day, 8:19:19, time: 2.135, data_time: 0.000, memory: 2640, top1_acc: 0.9812, top5_acc: 0.9994, loss_cls: 0.0687, loss: 0.0687
2026-08-03 13:51:00,341 - pyskl - INFO - Epoch [12][8100/12529]	lr: 2.148e-03, eta: 1 day, 8:15:45, time: 2.108, data_time: 0.000, memory: 2640, top1_acc: 0.9869, top5_acc: 0.9994, loss_cls: 0.0690, loss: 0.0690
2026-08-03 13:54:27,082 - pyskl - INFO - Epoch [12][8200/12529]	lr: 2.140e-03, eta: 1 day, 8:12:10, time: 2.067, data_time: 0.000, memory: 2640, top1_acc: 0.9825, top5_acc: 1.0000, loss_cls: 0.0740, loss: 0.0740
2026-08-03 13:57:54,690 - pyskl - INFO - Epoch [12][8300/12529]	lr: 2.133e-03, eta: 1 day, 8:08:35, time: 2.076, data_time: 0.000, memory: 2640, top1_acc: 0.9794, top5_acc: 1.0000, loss_cls: 0.0735, loss: 0.0735
2026-08-03 14:01:21,584 - pyskl - INFO - Epoch [12][8400/12529]	lr: 2.126e-03, eta: 1 day, 8:05:00, time: 2.069, data_time: 0.000, memory: 2640, top1_acc: 0.9888, top5_acc: 0.9988, loss_cls: 0.0586, loss: 0.0586
2026-08-03 14:04:50,010 - pyskl - INFO - Epoch [12][8500/12529]	lr: 2.118e-03, eta: 1 day, 8:01:25, time: 2.084, data_time: 0.000, memory: 2640, top1_acc: 0.9819, top5_acc: 1.0000, loss_cls: 0.0632, loss: 0.0632
2026-08-03 14:08:18,983 - pyskl - INFO - Epoch [12][8600/12529]	lr: 2.111e-03, eta: 1 day, 7:57:51, time: 2.090, data_time: 0.000, memory: 2640, top1_acc: 0.9888, top5_acc: 1.0000, loss_cls: 0.0580, loss: 0.0580
2026-08-03 14:11:48,358 - pyskl - INFO - Epoch [12][8700/12529]	lr: 2.104e-03, eta: 1 day, 7:54:17, time: 2.094, data_time: 0.000, memory: 2640, top1_acc: 0.9912, top5_acc: 1.0000, loss_cls: 0.0536, loss: 0.0536
2026-08-03 14:15:17,908 - pyskl - INFO - Epoch [12][8800/12529]	lr: 2.096e-03, eta: 1 day, 7:50:42, time: 2.095, data_time: 0.000, memory: 2640, top1_acc: 0.9894, top5_acc: 1.0000, loss_cls: 0.0545, loss: 0.0545
2026-08-03 14:18:47,197 - pyskl - INFO - Epoch [12][8900/12529]	lr: 2.089e-03, eta: 1 day, 7:47:08, time: 2.093, data_time: 0.000, memory: 2640, top1_acc: 0.9856, top5_acc: 1.0000, loss_cls: 0.0615, loss: 0.0615
2026-08-03 14:22:16,432 - pyskl - INFO - Epoch [12][9000/12529]	lr: 2.082e-03, eta: 1 day, 7:43:34, time: 2.092, data_time: 0.000, memory: 2640, top1_acc: 0.9881, top5_acc: 0.9994, loss_cls: 0.0559, loss: 0.0559
2026-08-03 14:25:46,077 - pyskl - INFO - Epoch [12][9100/12529]	lr: 2.074e-03, eta: 1 day, 7:40:00, time: 2.096, data_time: 0.000, memory: 2640, top1_acc: 0.9869, top5_acc: 1.0000, loss_cls: 0.0614, loss: 0.0614
2026-08-03 14:29:15,835 - pyskl - INFO - Epoch [12][9200/12529]	lr: 2.067e-03, eta: 1 day, 7:36:26, time: 2.098, data_time: 0.000, memory: 2640, top1_acc: 0.9906, top5_acc: 0.9994, loss_cls: 0.0537, loss: 0.0537
2026-08-03 14:32:45,956 - pyskl - INFO - Epoch [12][9300/12529]	lr: 2.060e-03, eta: 1 day, 7:32:52, time: 2.101, data_time: 0.000, memory: 2640, top1_acc: 0.9862, top5_acc: 1.0000, loss_cls: 0.0605, loss: 0.0605
2026-08-03 14:36:16,666 - pyskl - INFO - Epoch [12][9400/12529]	lr: 2.053e-03, eta: 1 day, 7:29:18, time: 2.107, data_time: 0.000, memory: 2640, top1_acc: 0.9894, top5_acc: 1.0000, loss_cls: 0.0540, loss: 0.0540
2026-08-03 14:39:47,178 - pyskl - INFO - Epoch [12][9500/12529]	lr: 2.045e-03, eta: 1 day, 7:25:44, time: 2.105, data_time: 0.000, memory: 2640, top1_acc: 0.9881, top5_acc: 1.0000, loss_cls: 0.0580, loss: 0.0580
2026-08-03 14:43:17,684 - pyskl - INFO - Epoch [12][9600/12529]	lr: 2.038e-03, eta: 1 day, 7:22:11, time: 2.105, data_time: 0.000, memory: 2640, top1_acc: 0.9900, top5_acc: 1.0000, loss_cls: 0.0568, loss: 0.0568
2026-08-03 14:46:47,524 - pyskl - INFO - Epoch [12][9700/12529]	lr: 2.031e-03, eta: 1 day, 7:18:37, time: 2.098, data_time: 0.000, memory: 2640, top1_acc: 0.9831, top5_acc: 0.9988, loss_cls: 0.0728, loss: 0.0728
2026-08-03 14:50:17,184 - pyskl - INFO - Epoch [12][9800/12529]	lr: 2.024e-03, eta: 1 day, 7:15:03, time: 2.097, data_time: 0.000, memory: 2640, top1_acc: 0.9888, top5_acc: 1.0000, loss_cls: 0.0524, loss: 0.0524
2026-08-03 14:53:46,976 - pyskl - INFO - Epoch [12][9900/12529]	lr: 2.016e-03, eta: 1 day, 7:11:29, time: 2.098, data_time: 0.000, memory: 2640, top1_acc: 0.9875, top5_acc: 1.0000, loss_cls: 0.0542, loss: 0.0542
2026-08-03 14:57:16,845 - pyskl - INFO - Epoch [12][10000/12529]	lr: 2.009e-03, eta: 1 day, 7:07:55, time: 2.099, data_time: 0.000, memory: 2640, top1_acc: 0.9825, top5_acc: 0.9994, loss_cls: 0.0737, loss: 0.0737
2026-08-03 15:00:46,981 - pyskl - INFO - Epoch [12][10100/12529]	lr: 2.002e-03, eta: 1 day, 7:04:21, time: 2.101, data_time: 0.000, memory: 2640, top1_acc: 0.9850, top5_acc: 0.9988, loss_cls: 0.0706, loss: 0.0706
2026-08-03 15:04:17,269 - pyskl - INFO - Epoch [12][10200/12529]	lr: 1.995e-03, eta: 1 day, 7:00:47, time: 2.103, data_time: 0.000, memory: 2640, top1_acc: 0.9919, top5_acc: 1.0000, loss_cls: 0.0465, loss: 0.0465
2026-08-03 15:07:46,521 - pyskl - INFO - Epoch [12][10300/12529]	lr: 1.988e-03, eta: 1 day, 6:57:13, time: 2.093, data_time: 0.000, memory: 2640, top1_acc: 0.9944, top5_acc: 1.0000, loss_cls: 0.0457, loss: 0.0457
2026-08-03 15:11:16,267 - pyskl - INFO - Epoch [12][10400/12529]	lr: 1.981e-03, eta: 1 day, 6:53:39, time: 2.097, data_time: 0.000, memory: 2640, top1_acc: 0.9906, top5_acc: 1.0000, loss_cls: 0.0498, loss: 0.0498
2026-08-03 15:14:44,967 - pyskl - INFO - Epoch [12][10500/12529]	lr: 1.973e-03, eta: 1 day, 6:50:04, time: 2.087, data_time: 0.000, memory: 2640, top1_acc: 0.9938, top5_acc: 0.9994, loss_cls: 0.0439, loss: 0.0439
2026-08-03 15:18:13,420 - pyskl - INFO - Epoch [12][10600/12529]	lr: 1.966e-03, eta: 1 day, 6:46:30, time: 2.085, data_time: 0.000, memory: 2640, top1_acc: 0.9900, top5_acc: 1.0000, loss_cls: 0.0558, loss: 0.0558
2026-08-03 15:21:42,172 - pyskl - INFO - Epoch [12][10700/12529]	lr: 1.959e-03, eta: 1 day, 6:42:56, time: 2.087, data_time: 0.000, memory: 2640, top1_acc: 0.9856, top5_acc: 1.0000, loss_cls: 0.0559, loss: 0.0559
2026-08-03 15:25:11,329 - pyskl - INFO - Epoch [12][10800/12529]	lr: 1.952e-03, eta: 1 day, 6:39:22, time: 2.092, data_time: 0.000, memory: 2640, top1_acc: 0.9912, top5_acc: 1.0000, loss_cls: 0.0496, loss: 0.0496
2026-08-03 15:28:40,492 - pyskl - INFO - Epoch [12][10900/12529]	lr: 1.945e-03, eta: 1 day, 6:35:47, time: 2.092, data_time: 0.000, memory: 2640, top1_acc: 0.9881, top5_acc: 0.9994, loss_cls: 0.0597, loss: 0.0597
2026-08-03 15:32:09,941 - pyskl - INFO - Epoch [12][11000/12529]	lr: 1.938e-03, eta: 1 day, 6:32:13, time: 2.094, data_time: 0.000, memory: 2640, top1_acc: 0.9900, top5_acc: 0.9994, loss_cls: 0.0471, loss: 0.0471
2026-08-03 15:35:39,762 - pyskl - INFO - Epoch [12][11100/12529]	lr: 1.931e-03, eta: 1 day, 6:28:39, time: 2.098, data_time: 0.000, memory: 2640, top1_acc: 0.9925, top5_acc: 1.0000, loss_cls: 0.0442, loss: 0.0442
2026-08-03 15:39:09,357 - pyskl - INFO - Epoch [12][11200/12529]	lr: 1.924e-03, eta: 1 day, 6:25:05, time: 2.096, data_time: 0.000, memory: 2640, top1_acc: 0.9906, top5_acc: 1.0000, loss_cls: 0.0497, loss: 0.0497
2026-08-03 15:42:38,488 - pyskl - INFO - Epoch [12][11300/12529]	lr: 1.917e-03, eta: 1 day, 6:21:31, time: 2.091, data_time: 0.000, memory: 2640, top1_acc: 0.9919, top5_acc: 1.0000, loss_cls: 0.0531, loss: 0.0531
2026-08-03 15:46:08,270 - pyskl - INFO - Epoch [12][11400/12529]	lr: 1.910e-03, eta: 1 day, 6:17:57, time: 2.098, data_time: 0.000, memory: 2640, top1_acc: 0.9881, top5_acc: 1.0000, loss_cls: 0.0533, loss: 0.0533
2026-08-03 15:49:37,978 - pyskl - INFO - Epoch [12][11500/12529]	lr: 1.902e-03, eta: 1 day, 6:14:23, time: 2.097, data_time: 0.000, memory: 2640, top1_acc: 0.9925, top5_acc: 1.0000, loss_cls: 0.0471, loss: 0.0471
2026-08-03 15:53:06,698 - pyskl - INFO - Epoch [12][11600/12529]	lr: 1.895e-03, eta: 1 day, 6:10:49, time: 2.087, data_time: 0.000, memory: 2640, top1_acc: 0.9919, top5_acc: 0.9994, loss_cls: 0.0490, loss: 0.0490
2026-08-03 15:56:36,182 - pyskl - INFO - Epoch [12][11700/12529]	lr: 1.888e-03, eta: 1 day, 6:07:15, time: 2.095, data_time: 0.000, memory: 2640, top1_acc: 0.9906, top5_acc: 1.0000, loss_cls: 0.0508, loss: 0.0508
2026-08-03 16:00:05,206 - pyskl - INFO - Epoch [12][11800/12529]	lr: 1.881e-03, eta: 1 day, 6:03:41, time: 2.090, data_time: 0.000, memory: 2640, top1_acc: 0.9900, top5_acc: 1.0000, loss_cls: 0.0456, loss: 0.0456
2026-08-03 16:03:35,008 - pyskl - INFO - Epoch [12][11900/12529]	lr: 1.874e-03, eta: 1 day, 6:00:07, time: 2.098, data_time: 0.000, memory: 2640, top1_acc: 0.9875, top5_acc: 0.9994, loss_cls: 0.0579, loss: 0.0579
2026-08-03 16:07:04,605 - pyskl - INFO - Epoch [12][12000/12529]	lr: 1.867e-03, eta: 1 day, 5:56:33, time: 2.096, data_time: 0.000, memory: 2640, top1_acc: 0.9944, top5_acc: 1.0000, loss_cls: 0.0459, loss: 0.0459
2026-08-03 16:10:34,136 - pyskl - INFO - Epoch [12][12100/12529]	lr: 1.860e-03, eta: 1 day, 5:52:59, time: 2.095, data_time: 0.000, memory: 2640, top1_acc: 0.9881, top5_acc: 0.9994, loss_cls: 0.0537, loss: 0.0537
2026-08-03 16:14:03,632 - pyskl - INFO - Epoch [12][12200/12529]	lr: 1.853e-03, eta: 1 day, 5:49:25, time: 2.095, data_time: 0.000, memory: 2640, top1_acc: 0.9912, top5_acc: 0.9994, loss_cls: 0.0477, loss: 0.0477
2026-08-03 16:17:32,781 - pyskl - INFO - Epoch [12][12300/12529]	lr: 1.847e-03, eta: 1 day, 5:45:51, time: 2.091, data_time: 0.000, memory: 2640, top1_acc: 0.9938, top5_acc: 1.0000, loss_cls: 0.0471, loss: 0.0471
2026-08-03 16:21:02,077 - pyskl - INFO - Epoch [12][12400/12529]	lr: 1.840e-03, eta: 1 day, 5:42:17, time: 2.093, data_time: 0.000, memory: 2640, top1_acc: 0.9919, top5_acc: 1.0000, loss_cls: 0.0456, loss: 0.0456
2026-08-03 16:24:31,547 - pyskl - INFO - Epoch [12][12500/12529]	lr: 1.833e-03, eta: 1 day, 5:38:43, time: 2.095, data_time: 0.000, memory: 2640, top1_acc: 0.9906, top5_acc: 0.9988, loss_cls: 0.0480, loss: 0.0480
2026-08-03 16:25:32,072 - pyskl - INFO - Saving checkpoint at 12 epochs
2026-08-03 16:59:16,469 - pyskl - INFO - Evaluating top_k_accuracy ...
2026-08-03 16:59:16,532 - pyskl - INFO - 
top1_acc	0.8768
top5_acc	0.9776
2026-08-03 16:59:16,533 - pyskl - INFO - The previous best checkpoint D:\YXJProject\pythonProject\pyskl\work_dirs\stgcn++\ntu60_xsub_3dkp\j_single_gpu\best_top1_acc_epoch_11.pth was removed
2026-08-03 16:59:16,700 - pyskl - INFO - Now best checkpoint is saved as best_top1_acc_epoch_12.pth.
2026-08-03 16:59:16,700 - pyskl - INFO - Best top1_acc is 0.8768 at 12 epoch.
2026-08-03 16:59:16,703 - pyskl - INFO - Epoch(val) [12][1031]	top1_acc: 0.8768, top5_acc: 0.9776
2026-08-03 17:02:53,317 - pyskl - INFO - Epoch [13][100/12529]	lr: 1.824e-03, eta: 1 day, 5:33:49, time: 2.166, data_time: 0.122, memory: 2640, top1_acc: 0.9950, top5_acc: 1.0000, loss_cls: 0.0358, loss: 0.0358
2026-08-03 17:06:17,070 - pyskl - INFO - Epoch [13][200/12529]	lr: 1.817e-03, eta: 1 day, 5:30:14, time: 2.038, data_time: 0.000, memory: 2640, top1_acc: 0.9956, top5_acc: 0.9994, loss_cls: 0.0397, loss: 0.0397
2026-08-03 17:09:40,366 - pyskl - INFO - Epoch [13][300/12529]	lr: 1.810e-03, eta: 1 day, 5:26:38, time: 2.033, data_time: 0.000, memory: 2640, top1_acc: 0.9900, top5_acc: 1.0000, loss_cls: 0.0409, loss: 0.0409
2026-08-03 17:13:03,784 - pyskl - INFO - Epoch [13][400/12529]	lr: 1.803e-03, eta: 1 day, 5:23:02, time: 2.034, data_time: 0.000, memory: 2640, top1_acc: 0.9956, top5_acc: 1.0000, loss_cls: 0.0376, loss: 0.0376
2026-08-03 17:16:28,633 - pyskl - INFO - Epoch [13][500/12529]	lr: 1.796e-03, eta: 1 day, 5:19:26, time: 2.048, data_time: 0.000, memory: 2640, top1_acc: 0.9925, top5_acc: 1.0000, loss_cls: 0.0413, loss: 0.0413
2026-08-03 17:19:52,156 - pyskl - INFO - Epoch [13][600/12529]	lr: 1.789e-03, eta: 1 day, 5:15:51, time: 2.035, data_time: 0.000, memory: 2640, top1_acc: 0.9925, top5_acc: 1.0000, loss_cls: 0.0423, loss: 0.0423
2026-08-03 17:23:16,164 - pyskl - INFO - Epoch [13][700/12529]	lr: 1.782e-03, eta: 1 day, 5:12:15, time: 2.040, data_time: 0.000, memory: 2640, top1_acc: 0.9862, top5_acc: 1.0000, loss_cls: 0.0519, loss: 0.0519
2026-08-03 17:26:40,129 - pyskl - INFO - Epoch [13][800/12529]	lr: 1.776e-03, eta: 1 day, 5:08:39, time: 2.040, data_time: 0.000, memory: 2640, top1_acc: 0.9944, top5_acc: 1.0000, loss_cls: 0.0375, loss: 0.0375
2026-08-03 17:30:03,636 - pyskl - INFO - Epoch [13][900/12529]	lr: 1.769e-03, eta: 1 day, 5:05:04, time: 2.035, data_time: 0.000, memory: 2640, top1_acc: 0.9912, top5_acc: 1.0000, loss_cls: 0.0495, loss: 0.0495
2026-08-03 17:33:27,090 - pyskl - INFO - Epoch [13][1000/12529]	lr: 1.762e-03, eta: 1 day, 5:01:28, time: 2.035, data_time: 0.000, memory: 2640, top1_acc: 0.9925, top5_acc: 0.9994, loss_cls: 0.0464, loss: 0.0464
2026-08-03 17:36:50,578 - pyskl - INFO - Epoch [13][1100/12529]	lr: 1.755e-03, eta: 1 day, 4:57:52, time: 2.035, data_time: 0.000, memory: 2640, top1_acc: 0.9925, top5_acc: 1.0000, loss_cls: 0.0439, loss: 0.0439
2026-08-03 17:40:14,527 - pyskl - INFO - Epoch [13][1200/12529]	lr: 1.748e-03, eta: 1 day, 4:54:17, time: 2.039, data_time: 0.000, memory: 2640, top1_acc: 0.9956, top5_acc: 1.0000, loss_cls: 0.0374, loss: 0.0374
2026-08-03 17:43:37,269 - pyskl - INFO - Epoch [13][1300/12529]	lr: 1.742e-03, eta: 1 day, 4:50:41, time: 2.027, data_time: 0.000, memory: 2640, top1_acc: 0.9931, top5_acc: 1.0000, loss_cls: 0.0412, loss: 0.0412
2026-08-03 17:47:00,596 - pyskl - INFO - Epoch [13][1400/12529]	lr: 1.735e-03, eta: 1 day, 4:47:05, time: 2.033, data_time: 0.000, memory: 2640, top1_acc: 0.9925, top5_acc: 1.0000, loss_cls: 0.0405, loss: 0.0405
2026-08-03 17:50:24,153 - pyskl - INFO - Epoch [13][1500/12529]	lr: 1.728e-03, eta: 1 day, 4:43:29, time: 2.036, data_time: 0.000, memory: 2640, top1_acc: 0.9950, top5_acc: 1.0000, loss_cls: 0.0394, loss: 0.0394
2026-08-03 17:53:47,561 - pyskl - INFO - Epoch [13][1600/12529]	lr: 1.721e-03, eta: 1 day, 4:39:54, time: 2.034, data_time: 0.000, memory: 2640, top1_acc: 0.9944, top5_acc: 1.0000, loss_cls: 0.0345, loss: 0.0345
2026-08-03 17:57:11,265 - pyskl - INFO - Epoch [13][1700/12529]	lr: 1.714e-03, eta: 1 day, 4:36:18, time: 2.037, data_time: 0.000, memory: 2640, top1_acc: 0.9925, top5_acc: 1.0000, loss_cls: 0.0399, loss: 0.0399
2026-08-03 18:00:34,611 - pyskl - INFO - Epoch [13][1800/12529]	lr: 1.708e-03, eta: 1 day, 4:32:42, time: 2.033, data_time: 0.000, memory: 2640, top1_acc: 0.9925, top5_acc: 1.0000, loss_cls: 0.0376, loss: 0.0376
2026-08-03 18:03:58,275 - pyskl - INFO - Epoch [13][1900/12529]	lr: 1.701e-03, eta: 1 day, 4:29:07, time: 2.037, data_time: 0.000, memory: 2640, top1_acc: 0.9956, top5_acc: 1.0000, loss_cls: 0.0346, loss: 0.0346
2026-08-03 18:07:22,163 - pyskl - INFO - Epoch [13][2000/12529]	lr: 1.694e-03, eta: 1 day, 4:25:31, time: 2.039, data_time: 0.000, memory: 2640, top1_acc: 0.9950, top5_acc: 1.0000, loss_cls: 0.0316, loss: 0.0316
2026-08-03 18:10:46,212 - pyskl - INFO - Epoch [13][2100/12529]	lr: 1.688e-03, eta: 1 day, 4:21:56, time: 2.040, data_time: 0.000, memory: 2640, top1_acc: 0.9956, top5_acc: 1.0000, loss_cls: 0.0333, loss: 0.0333
2026-08-03 18:14:09,862 - pyskl - INFO - Epoch [13][2200/12529]	lr: 1.681e-03, eta: 1 day, 4:18:20, time: 2.036, data_time: 0.000, memory: 2640, top1_acc: 0.9962, top5_acc: 1.0000, loss_cls: 0.0299, loss: 0.0299
2026-08-03 18:17:33,395 - pyskl - INFO - Epoch [13][2300/12529]	lr: 1.674e-03, eta: 1 day, 4:14:45, time: 2.035, data_time: 0.000, memory: 2640, top1_acc: 0.9944, top5_acc: 1.0000, loss_cls: 0.0339, loss: 0.0339
2026-08-03 18:20:57,407 - pyskl - INFO - Epoch [13][2400/12529]	lr: 1.668e-03, eta: 1 day, 4:11:10, time: 2.040, data_time: 0.000, memory: 2640, top1_acc: 0.9919, top5_acc: 1.0000, loss_cls: 0.0369, loss: 0.0369
2026-08-03 18:24:22,002 - pyskl - INFO - Epoch [13][2500/12529]	lr: 1.661e-03, eta: 1 day, 4:07:34, time: 2.046, data_time: 0.000, memory: 2640, top1_acc: 0.9944, top5_acc: 1.0000, loss_cls: 0.0391, loss: 0.0391
2026-08-03 18:27:45,518 - pyskl - INFO - Epoch [13][2600/12529]	lr: 1.654e-03, eta: 1 day, 4:03:59, time: 2.035, data_time: 0.000, memory: 2640, top1_acc: 0.9925, top5_acc: 0.9994, loss_cls: 0.0357, loss: 0.0357
2026-08-03 18:31:09,304 - pyskl - INFO - Epoch [13][2700/12529]	lr: 1.648e-03, eta: 1 day, 4:00:24, time: 2.038, data_time: 0.000, memory: 2640, top1_acc: 0.9931, top5_acc: 1.0000, loss_cls: 0.0380, loss: 0.0380
2026-08-03 18:34:32,755 - pyskl - INFO - Epoch [13][2800/12529]	lr: 1.641e-03, eta: 1 day, 3:56:48, time: 2.035, data_time: 0.000, memory: 2640, top1_acc: 0.9975, top5_acc: 1.0000, loss_cls: 0.0315, loss: 0.0315
2026-08-03 18:37:57,203 - pyskl - INFO - Epoch [13][2900/12529]	lr: 1.634e-03, eta: 1 day, 3:53:13, time: 2.044, data_time: 0.000, memory: 2640, top1_acc: 0.9950, top5_acc: 0.9994, loss_cls: 0.0342, loss: 0.0342
2026-08-03 18:41:21,294 - pyskl - INFO - Epoch [13][3000/12529]	lr: 1.628e-03, eta: 1 day, 3:49:38, time: 2.041, data_time: 0.000, memory: 2640, top1_acc: 0.9950, top5_acc: 1.0000, loss_cls: 0.0358, loss: 0.0358
2026-08-03 18:44:45,474 - pyskl - INFO - Epoch [13][3100/12529]	lr: 1.621e-03, eta: 1 day, 3:46:02, time: 2.042, data_time: 0.000, memory: 2640, top1_acc: 0.9938, top5_acc: 1.0000, loss_cls: 0.0389, loss: 0.0389
2026-08-03 18:48:09,514 - pyskl - INFO - Epoch [13][3200/12529]	lr: 1.615e-03, eta: 1 day, 3:42:27, time: 2.040, data_time: 0.000, memory: 2640, top1_acc: 0.9950, top5_acc: 0.9994, loss_cls: 0.0390, loss: 0.0390
2026-08-03 18:51:33,374 - pyskl - INFO - Epoch [13][3300/12529]	lr: 1.608e-03, eta: 1 day, 3:38:52, time: 2.039, data_time: 0.000, memory: 2640, top1_acc: 0.9956, top5_acc: 1.0000, loss_cls: 0.0307, loss: 0.0307
2026-08-03 18:54:56,556 - pyskl - INFO - Epoch [13][3400/12529]	lr: 1.602e-03, eta: 1 day, 3:35:16, time: 2.032, data_time: 0.000, memory: 2640, top1_acc: 0.9912, top5_acc: 1.0000, loss_cls: 0.0390, loss: 0.0390
2026-08-03 18:58:19,741 - pyskl - INFO - Epoch [13][3500/12529]	lr: 1.595e-03, eta: 1 day, 3:31:41, time: 2.032, data_time: 0.000, memory: 2640, top1_acc: 0.9944, top5_acc: 1.0000, loss_cls: 0.0338, loss: 0.0338
2026-08-03 19:01:43,526 - pyskl - INFO - Epoch [13][3600/12529]	lr: 1.588e-03, eta: 1 day, 3:28:06, time: 2.038, data_time: 0.000, memory: 2640, top1_acc: 0.9944, top5_acc: 1.0000, loss_cls: 0.0383, loss: 0.0383
2026-08-03 19:05:06,786 - pyskl - INFO - Epoch [13][3700/12529]	lr: 1.582e-03, eta: 1 day, 3:24:30, time: 2.033, data_time: 0.000, memory: 2640, top1_acc: 0.9950, top5_acc: 1.0000, loss_cls: 0.0337, loss: 0.0337
2026-08-03 19:08:29,569 - pyskl - INFO - Epoch [13][3800/12529]	lr: 1.575e-03, eta: 1 day, 3:20:55, time: 2.028, data_time: 0.000, memory: 2640, top1_acc: 0.9975, top5_acc: 1.0000, loss_cls: 0.0313, loss: 0.0313
2026-08-03 19:11:52,554 - pyskl - INFO - Epoch [13][3900/12529]	lr: 1.569e-03, eta: 1 day, 3:17:19, time: 2.030, data_time: 0.000, memory: 2640, top1_acc: 0.9969, top5_acc: 1.0000, loss_cls: 0.0284, loss: 0.0284
2026-08-03 19:15:16,227 - pyskl - INFO - Epoch [13][4000/12529]	lr: 1.562e-03, eta: 1 day, 3:13:44, time: 2.037, data_time: 0.000, memory: 2640, top1_acc: 0.9919, top5_acc: 1.0000, loss_cls: 0.0355, loss: 0.0355
2026-08-03 19:18:39,222 - pyskl - INFO - Epoch [13][4100/12529]	lr: 1.556e-03, eta: 1 day, 3:10:09, time: 2.030, data_time: 0.000, memory: 2640, top1_acc: 0.9994, top5_acc: 1.0000, loss_cls: 0.0274, loss: 0.0274
2026-08-03 19:22:01,989 - pyskl - INFO - Epoch [13][4200/12529]	lr: 1.550e-03, eta: 1 day, 3:06:33, time: 2.028, data_time: 0.000, memory: 2640, top1_acc: 0.9950, top5_acc: 1.0000, loss_cls: 0.0341, loss: 0.0341
2026-08-03 19:25:24,901 - pyskl - INFO - Epoch [13][4300/12529]	lr: 1.543e-03, eta: 1 day, 3:02:58, time: 2.029, data_time: 0.000, memory: 2640, top1_acc: 0.9969, top5_acc: 1.0000, loss_cls: 0.0316, loss: 0.0316
2026-08-03 19:28:47,995 - pyskl - INFO - Epoch [13][4400/12529]	lr: 1.537e-03, eta: 1 day, 2:59:23, time: 2.031, data_time: 0.000, memory: 2640, top1_acc: 0.9956, top5_acc: 1.0000, loss_cls: 0.0353, loss: 0.0353
2026-08-03 19:32:11,340 - pyskl - INFO - Epoch [13][4500/12529]	lr: 1.530e-03, eta: 1 day, 2:55:47, time: 2.033, data_time: 0.000, memory: 2640, top1_acc: 0.9950, top5_acc: 0.9994, loss_cls: 0.0306, loss: 0.0306
2026-08-03 19:35:34,588 - pyskl - INFO - Epoch [13][4600/12529]	lr: 1.524e-03, eta: 1 day, 2:52:12, time: 2.032, data_time: 0.000, memory: 2640, top1_acc: 0.9962, top5_acc: 1.0000, loss_cls: 0.0305, loss: 0.0305
2026-08-03 19:38:57,813 - pyskl - INFO - Epoch [13][4700/12529]	lr: 1.517e-03, eta: 1 day, 2:48:37, time: 2.032, data_time: 0.000, memory: 2640, top1_acc: 0.9956, top5_acc: 0.9988, loss_cls: 0.0394, loss: 0.0394
2026-08-03 19:42:21,527 - pyskl - INFO - Epoch [13][4800/12529]	lr: 1.511e-03, eta: 1 day, 2:45:02, time: 2.037, data_time: 0.000, memory: 2640, top1_acc: 0.9962, top5_acc: 1.0000, loss_cls: 0.0298, loss: 0.0298
2026-08-03 19:45:45,368 - pyskl - INFO - Epoch [13][4900/12529]	lr: 1.505e-03, eta: 1 day, 2:41:27, time: 2.038, data_time: 0.000, memory: 2640, top1_acc: 0.9956, top5_acc: 1.0000, loss_cls: 0.0351, loss: 0.0351
2026-08-03 19:49:08,997 - pyskl - INFO - Epoch [13][5000/12529]	lr: 1.498e-03, eta: 1 day, 2:37:52, time: 2.036, data_time: 0.000, memory: 2640, top1_acc: 0.9981, top5_acc: 1.0000, loss_cls: 0.0281, loss: 0.0281
2026-08-03 19:52:32,837 - pyskl - INFO - Epoch [13][5100/12529]	lr: 1.492e-03, eta: 1 day, 2:34:17, time: 2.038, data_time: 0.000, memory: 2640, top1_acc: 0.9969, top5_acc: 1.0000, loss_cls: 0.0335, loss: 0.0335
2026-08-03 19:55:56,197 - pyskl - INFO - Epoch [13][5200/12529]	lr: 1.486e-03, eta: 1 day, 2:30:41, time: 2.034, data_time: 0.000, memory: 2640, top1_acc: 0.9925, top5_acc: 1.0000, loss_cls: 0.0348, loss: 0.0348
2026-08-03 19:59:19,963 - pyskl - INFO - Epoch [13][5300/12529]	lr: 1.479e-03, eta: 1 day, 2:27:06, time: 2.038, data_time: 0.000, memory: 2640, top1_acc: 0.9969, top5_acc: 1.0000, loss_cls: 0.0293, loss: 0.0293
2026-08-03 20:02:42,914 - pyskl - INFO - Epoch [13][5400/12529]	lr: 1.473e-03, eta: 1 day, 2:23:31, time: 2.030, data_time: 0.000, memory: 2640, top1_acc: 0.9962, top5_acc: 1.0000, loss_cls: 0.0282, loss: 0.0282
2026-08-03 20:06:06,312 - pyskl - INFO - Epoch [13][5500/12529]	lr: 1.467e-03, eta: 1 day, 2:19:56, time: 2.034, data_time: 0.000, memory: 2640, top1_acc: 0.9944, top5_acc: 1.0000, loss_cls: 0.0327, loss: 0.0327
2026-08-03 20:09:29,426 - pyskl - INFO - Epoch [13][5600/12529]	lr: 1.460e-03, eta: 1 day, 2:16:21, time: 2.031, data_time: 0.000, memory: 2640, top1_acc: 0.9950, top5_acc: 1.0000, loss_cls: 0.0347, loss: 0.0347
2026-08-03 20:12:52,798 - pyskl - INFO - Epoch [13][5700/12529]	lr: 1.454e-03, eta: 1 day, 2:12:46, time: 2.034, data_time: 0.000, memory: 2640, top1_acc: 0.9956, top5_acc: 0.9994, loss_cls: 0.0360, loss: 0.0360
2026-08-03 20:16:15,583 - pyskl - INFO - Epoch [13][5800/12529]	lr: 1.448e-03, eta: 1 day, 2:09:11, time: 2.028, data_time: 0.000, memory: 2640, top1_acc: 0.9962, top5_acc: 1.0000, loss_cls: 0.0276, loss: 0.0276
2026-08-03 20:19:38,051 - pyskl - INFO - Epoch [13][5900/12529]	lr: 1.441e-03, eta: 1 day, 2:05:35, time: 2.025, data_time: 0.000, memory: 2640, top1_acc: 0.9962, top5_acc: 1.0000, loss_cls: 0.0283, loss: 0.0283
2026-08-03 20:23:01,006 - pyskl - INFO - Epoch [13][6000/12529]	lr: 1.435e-03, eta: 1 day, 2:02:00, time: 2.030, data_time: 0.000, memory: 2640, top1_acc: 0.9938, top5_acc: 1.0000, loss_cls: 0.0363, loss: 0.0363
2026-08-03 20:26:23,857 - pyskl - INFO - Epoch [13][6100/12529]	lr: 1.429e-03, eta: 1 day, 1:58:25, time: 2.029, data_time: 0.000, memory: 2640, top1_acc: 0.9975, top5_acc: 1.0000, loss_cls: 0.0265, loss: 0.0265
2026-08-03 20:29:46,592 - pyskl - INFO - Epoch [13][6200/12529]	lr: 1.423e-03, eta: 1 day, 1:54:50, time: 2.027, data_time: 0.000, memory: 2640, top1_acc: 0.9950, top5_acc: 1.0000, loss_cls: 0.0310, loss: 0.0310
2026-08-03 20:33:09,044 - pyskl - INFO - Epoch [13][6300/12529]	lr: 1.417e-03, eta: 1 day, 1:51:15, time: 2.024, data_time: 0.000, memory: 2640, top1_acc: 0.9975, top5_acc: 1.0000, loss_cls: 0.0244, loss: 0.0244
2026-08-03 20:36:32,328 - pyskl - INFO - Epoch [13][6400/12529]	lr: 1.410e-03, eta: 1 day, 1:47:40, time: 2.033, data_time: 0.000, memory: 2640, top1_acc: 0.9969, top5_acc: 1.0000, loss_cls: 0.0286, loss: 0.0286
2026-08-03 20:39:55,947 - pyskl - INFO - Epoch [13][6500/12529]	lr: 1.404e-03, eta: 1 day, 1:44:05, time: 2.036, data_time: 0.000, memory: 2640, top1_acc: 0.9956, top5_acc: 1.0000, loss_cls: 0.0285, loss: 0.0285
2026-08-03 20:43:19,336 - pyskl - INFO - Epoch [13][6600/12529]	lr: 1.398e-03, eta: 1 day, 1:40:30, time: 2.034, data_time: 0.000, memory: 2640, top1_acc: 0.9962, top5_acc: 1.0000, loss_cls: 0.0293, loss: 0.0293
2026-08-03 20:46:42,956 - pyskl - INFO - Epoch [13][6700/12529]	lr: 1.392e-03, eta: 1 day, 1:36:55, time: 2.036, data_time: 0.000, memory: 2640, top1_acc: 0.9981, top5_acc: 1.0000, loss_cls: 0.0230, loss: 0.0230
2026-08-03 20:50:06,689 - pyskl - INFO - Epoch [13][6800/12529]	lr: 1.386e-03, eta: 1 day, 1:33:20, time: 2.037, data_time: 0.000, memory: 2640, top1_acc: 0.9981, top5_acc: 1.0000, loss_cls: 0.0264, loss: 0.0264
2026-08-03 20:53:30,203 - pyskl - INFO - Epoch [13][6900/12529]	lr: 1.379e-03, eta: 1 day, 1:29:46, time: 2.035, data_time: 0.000, memory: 2640, top1_acc: 0.9969, top5_acc: 1.0000, loss_cls: 0.0267, loss: 0.0267
2026-08-03 20:56:53,366 - pyskl - INFO - Epoch [13][7000/12529]	lr: 1.373e-03, eta: 1 day, 1:26:11, time: 2.032, data_time: 0.000, memory: 2640, top1_acc: 0.9975, top5_acc: 1.0000, loss_cls: 0.0242, loss: 0.0242
2026-08-03 21:00:16,796 - pyskl - INFO - Epoch [13][7100/12529]	lr: 1.367e-03, eta: 1 day, 1:22:36, time: 2.034, data_time: 0.000, memory: 2640, top1_acc: 0.9962, top5_acc: 0.9994, loss_cls: 0.0331, loss: 0.0331
2026-08-03 21:03:40,146 - pyskl - INFO - Epoch [13][7200/12529]	lr: 1.361e-03, eta: 1 day, 1:19:01, time: 2.034, data_time: 0.000, memory: 2640, top1_acc: 0.9969, top5_acc: 1.0000, loss_cls: 0.0268, loss: 0.0268
2026-08-03 21:07:03,483 - pyskl - INFO - Epoch [13][7300/12529]	lr: 1.355e-03, eta: 1 day, 1:15:26, time: 2.033, data_time: 0.000, memory: 2640, top1_acc: 0.9950, top5_acc: 1.0000, loss_cls: 0.0292, loss: 0.0292
2026-08-03 21:10:26,605 - pyskl - INFO - Epoch [13][7400/12529]	lr: 1.349e-03, eta: 1 day, 1:11:51, time: 2.031, data_time: 0.000, memory: 2640, top1_acc: 0.9975, top5_acc: 1.0000, loss_cls: 0.0229, loss: 0.0229
2026-08-03 21:13:49,794 - pyskl - INFO - Epoch [13][7500/12529]	lr: 1.343e-03, eta: 1 day, 1:08:17, time: 2.032, data_time: 0.000, memory: 2640, top1_acc: 0.9975, top5_acc: 1.0000, loss_cls: 0.0238, loss: 0.0238
2026-08-03 21:17:14,745 - pyskl - INFO - Epoch [13][7600/12529]	lr: 1.337e-03, eta: 1 day, 1:04:42, time: 2.050, data_time: 0.000, memory: 2640, top1_acc: 0.9962, top5_acc: 1.0000, loss_cls: 0.0259, loss: 0.0259
2026-08-03 21:20:38,243 - pyskl - INFO - Epoch [13][7700/12529]	lr: 1.331e-03, eta: 1 day, 1:01:07, time: 2.035, data_time: 0.000, memory: 2640, top1_acc: 0.9950, top5_acc: 1.0000, loss_cls: 0.0290, loss: 0.0290
2026-08-03 21:24:02,213 - pyskl - INFO - Epoch [13][7800/12529]	lr: 1.325e-03, eta: 1 day, 0:57:33, time: 2.040, data_time: 0.000, memory: 2640, top1_acc: 0.9969, top5_acc: 1.0000, loss_cls: 0.0305, loss: 0.0305
2026-08-03 21:27:24,927 - pyskl - INFO - Epoch [13][7900/12529]	lr: 1.319e-03, eta: 1 day, 0:53:58, time: 2.027, data_time: 0.000, memory: 2640, top1_acc: 0.9944, top5_acc: 1.0000, loss_cls: 0.0315, loss: 0.0315
2026-08-03 21:30:48,560 - pyskl - INFO - Epoch [13][8000/12529]	lr: 1.313e-03, eta: 1 day, 0:50:23, time: 2.036, data_time: 0.000, memory: 2640, top1_acc: 0.9981, top5_acc: 1.0000, loss_cls: 0.0235, loss: 0.0235
2026-08-03 21:34:12,475 - pyskl - INFO - Epoch [13][8100/12529]	lr: 1.307e-03, eta: 1 day, 0:46:49, time: 2.039, data_time: 0.000, memory: 2640, top1_acc: 0.9956, top5_acc: 1.0000, loss_cls: 0.0296, loss: 0.0296
2026-08-03 21:37:36,608 - pyskl - INFO - Epoch [13][8200/12529]	lr: 1.301e-03, eta: 1 day, 0:43:14, time: 2.041, data_time: 0.000, memory: 2640, top1_acc: 0.9975, top5_acc: 1.0000, loss_cls: 0.0271, loss: 0.0271
2026-08-03 21:41:00,632 - pyskl - INFO - Epoch [13][8300/12529]	lr: 1.295e-03, eta: 1 day, 0:39:40, time: 2.040, data_time: 0.000, memory: 2640, top1_acc: 0.9975, top5_acc: 1.0000, loss_cls: 0.0249, loss: 0.0249
2026-08-03 21:44:24,309 - pyskl - INFO - Epoch [13][8400/12529]	lr: 1.289e-03, eta: 1 day, 0:36:05, time: 2.037, data_time: 0.000, memory: 2640, top1_acc: 0.9994, top5_acc: 1.0000, loss_cls: 0.0229, loss: 0.0229
2026-08-03 21:47:48,216 - pyskl - INFO - Epoch [13][8500/12529]	lr: 1.283e-03, eta: 1 day, 0:32:31, time: 2.039, data_time: 0.000, memory: 2640, top1_acc: 0.9994, top5_acc: 1.0000, loss_cls: 0.0223, loss: 0.0223
2026-08-03 21:51:11,948 - pyskl - INFO - Epoch [13][8600/12529]	lr: 1.277e-03, eta: 1 day, 0:28:56, time: 2.037, data_time: 0.000, memory: 2640, top1_acc: 0.9944, top5_acc: 1.0000, loss_cls: 0.0281, loss: 0.0281
2026-08-03 21:54:35,676 - pyskl - INFO - Epoch [13][8700/12529]	lr: 1.271e-03, eta: 1 day, 0:25:22, time: 2.037, data_time: 0.000, memory: 2640, top1_acc: 0.9956, top5_acc: 1.0000, loss_cls: 0.0273, loss: 0.0273
2026-08-03 21:57:59,692 - pyskl - INFO - Epoch [13][8800/12529]	lr: 1.265e-03, eta: 1 day, 0:21:47, time: 2.040, data_time: 0.000, memory: 2640, top1_acc: 1.0000, top5_acc: 1.0000, loss_cls: 0.0215, loss: 0.0215
2026-08-03 22:01:23,740 - pyskl - INFO - Epoch [13][8900/12529]	lr: 1.259e-03, eta: 1 day, 0:18:13, time: 2.040, data_time: 0.000, memory: 2640, top1_acc: 0.9981, top5_acc: 1.0000, loss_cls: 0.0241, loss: 0.0241
2026-08-03 22:04:47,047 - pyskl - INFO - Epoch [13][9000/12529]	lr: 1.253e-03, eta: 1 day, 0:14:38, time: 2.033, data_time: 0.000, memory: 2640, top1_acc: 0.9981, top5_acc: 1.0000, loss_cls: 0.0249, loss: 0.0249
2026-08-03 22:08:11,099 - pyskl - INFO - Epoch [13][9100/12529]	lr: 1.247e-03, eta: 1 day, 0:11:04, time: 2.041, data_time: 0.000, memory: 2640, top1_acc: 0.9981, top5_acc: 1.0000, loss_cls: 0.0218, loss: 0.0218
2026-08-03 22:11:34,885 - pyskl - INFO - Epoch [13][9200/12529]	lr: 1.242e-03, eta: 1 day, 0:07:29, time: 2.038, data_time: 0.000, memory: 2640, top1_acc: 0.9975, top5_acc: 1.0000, loss_cls: 0.0245, loss: 0.0245
2026-08-03 22:14:58,364 - pyskl - INFO - Epoch [13][9300/12529]	lr: 1.236e-03, eta: 1 day, 0:03:55, time: 2.035, data_time: 0.000, memory: 2640, top1_acc: 0.9988, top5_acc: 1.0000, loss_cls: 0.0206, loss: 0.0206
2026-08-03 22:18:22,410 - pyskl - INFO - Epoch [13][9400/12529]	lr: 1.230e-03, eta: 1 day, 0:00:20, time: 2.040, data_time: 0.000, memory: 2640, top1_acc: 0.9981, top5_acc: 1.0000, loss_cls: 0.0246, loss: 0.0246
2026-08-03 22:21:45,363 - pyskl - INFO - Epoch [13][9500/12529]	lr: 1.224e-03, eta: 23:56:46, time: 2.030, data_time: 0.000, memory: 2640, top1_acc: 0.9975, top5_acc: 1.0000, loss_cls: 0.0254, loss: 0.0254
2026-08-03 22:25:08,434 - pyskl - INFO - Epoch [13][9600/12529]	lr: 1.218e-03, eta: 23:53:11, time: 2.031, data_time: 0.000, memory: 2640, top1_acc: 0.9975, top5_acc: 1.0000, loss_cls: 0.0249, loss: 0.0249
2026-08-03 22:28:31,290 - pyskl - INFO - Epoch [13][9700/12529]	lr: 1.212e-03, eta: 23:49:37, time: 2.029, data_time: 0.000, memory: 2640, top1_acc: 0.9994, top5_acc: 1.0000, loss_cls: 0.0223, loss: 0.0223
2026-08-03 22:31:55,075 - pyskl - INFO - Epoch [13][9800/12529]	lr: 1.207e-03, eta: 23:46:02, time: 2.038, data_time: 0.000, memory: 2640, top1_acc: 0.9994, top5_acc: 1.0000, loss_cls: 0.0212, loss: 0.0212
2026-08-03 22:35:19,385 - pyskl - INFO - Epoch [13][9900/12529]	lr: 1.201e-03, eta: 23:42:28, time: 2.043, data_time: 0.000, memory: 2640, top1_acc: 0.9988, top5_acc: 0.9994, loss_cls: 0.0229, loss: 0.0229
2026-08-03 22:38:43,728 - pyskl - INFO - Epoch [13][10000/12529]	lr: 1.195e-03, eta: 23:38:54, time: 2.043, data_time: 0.000, memory: 2640, top1_acc: 0.9981, top5_acc: 1.0000, loss_cls: 0.0231, loss: 0.0231
2026-08-03 22:42:07,601 - pyskl - INFO - Epoch [13][10100/12529]	lr: 1.189e-03, eta: 23:35:20, time: 2.039, data_time: 0.000, memory: 2640, top1_acc: 0.9981, top5_acc: 1.0000, loss_cls: 0.0206, loss: 0.0206
2026-08-03 22:45:32,269 - pyskl - INFO - Epoch [13][10200/12529]	lr: 1.184e-03, eta: 23:31:45, time: 2.047, data_time: 0.000, memory: 2640, top1_acc: 0.9975, top5_acc: 1.0000, loss_cls: 0.0258, loss: 0.0258
2026-08-03 22:48:55,731 - pyskl - INFO - Epoch [13][10300/12529]	lr: 1.178e-03, eta: 23:28:11, time: 2.035, data_time: 0.000, memory: 2640, top1_acc: 0.9969, top5_acc: 1.0000, loss_cls: 0.0278, loss: 0.0278
2026-08-03 22:52:18,957 - pyskl - INFO - Epoch [13][10400/12529]	lr: 1.172e-03, eta: 23:24:37, time: 2.032, data_time: 0.000, memory: 2640, top1_acc: 0.9962, top5_acc: 1.0000, loss_cls: 0.0254, loss: 0.0254
2026-08-03 22:55:42,795 - pyskl - INFO - Epoch [13][10500/12529]	lr: 1.166e-03, eta: 23:21:02, time: 2.038, data_time: 0.000, memory: 2640, top1_acc: 0.9981, top5_acc: 1.0000, loss_cls: 0.0229, loss: 0.0229
2026-08-03 22:59:06,677 - pyskl - INFO - Epoch [13][10600/12529]	lr: 1.161e-03, eta: 23:17:28, time: 2.039, data_time: 0.000, memory: 2640, top1_acc: 0.9988, top5_acc: 1.0000, loss_cls: 0.0201, loss: 0.0201
2026-08-03 23:02:30,856 - pyskl - INFO - Epoch [13][10700/12529]	lr: 1.155e-03, eta: 23:13:54, time: 2.042, data_time: 0.000, memory: 2640, top1_acc: 0.9969, top5_acc: 0.9994, loss_cls: 0.0255, loss: 0.0255
2026-08-03 23:05:54,900 - pyskl - INFO - Epoch [13][10800/12529]	lr: 1.149e-03, eta: 23:10:20, time: 2.040, data_time: 0.000, memory: 2640, top1_acc: 0.9981, top5_acc: 1.0000, loss_cls: 0.0234, loss: 0.0234
2026-08-03 23:09:18,584 - pyskl - INFO - Epoch [13][10900/12529]	lr: 1.144e-03, eta: 23:06:46, time: 2.037, data_time: 0.000, memory: 2640, top1_acc: 0.9956, top5_acc: 1.0000, loss_cls: 0.0271, loss: 0.0271
2026-08-03 23:12:41,954 - pyskl - INFO - Epoch [13][11000/12529]	lr: 1.138e-03, eta: 23:03:11, time: 2.034, data_time: 0.000, memory: 2640, top1_acc: 0.9988, top5_acc: 1.0000, loss_cls: 0.0196, loss: 0.0196
2026-08-03 23:16:06,043 - pyskl - INFO - Epoch [13][11100/12529]	lr: 1.132e-03, eta: 22:59:37, time: 2.041, data_time: 0.000, memory: 2640, top1_acc: 0.9988, top5_acc: 1.0000, loss_cls: 0.0210, loss: 0.0210
2026-08-03 23:19:29,170 - pyskl - INFO - Epoch [13][11200/12529]	lr: 1.127e-03, eta: 22:56:03, time: 2.031, data_time: 0.000, memory: 2640, top1_acc: 0.9981, top5_acc: 1.0000, loss_cls: 0.0236, loss: 0.0236
2026-08-03 23:22:55,153 - pyskl - INFO - Epoch [13][11300/12529]	lr: 1.121e-03, eta: 22:52:29, time: 2.060, data_time: 0.000, memory: 2640, top1_acc: 0.9981, top5_acc: 1.0000, loss_cls: 0.0224, loss: 0.0224
2026-08-03 23:26:19,023 - pyskl - INFO - Epoch [13][11400/12529]	lr: 1.116e-03, eta: 22:48:55, time: 2.039, data_time: 0.000, memory: 2640, top1_acc: 0.9994, top5_acc: 1.0000, loss_cls: 0.0191, loss: 0.0191
2026-08-03 23:29:42,815 - pyskl - INFO - Epoch [13][11500/12529]	lr: 1.110e-03, eta: 22:45:21, time: 2.038, data_time: 0.000, memory: 2640, top1_acc: 1.0000, top5_acc: 1.0000, loss_cls: 0.0163, loss: 0.0163
2026-08-03 23:33:06,774 - pyskl - INFO - Epoch [13][11600/12529]	lr: 1.104e-03, eta: 22:41:47, time: 2.040, data_time: 0.000, memory: 2640, top1_acc: 1.0000, top5_acc: 1.0000, loss_cls: 0.0170, loss: 0.0170
2026-08-03 23:36:30,067 - pyskl - INFO - Epoch [13][11700/12529]	lr: 1.099e-03, eta: 22:38:13, time: 2.033, data_time: 0.000, memory: 2640, top1_acc: 0.9988, top5_acc: 1.0000, loss_cls: 0.0173, loss: 0.0173
2026-08-03 23:39:50,783 - pyskl - INFO - Epoch [13][11800/12529]	lr: 1.093e-03, eta: 22:34:38, time: 2.007, data_time: 0.000, memory: 2640, top1_acc: 0.9975, top5_acc: 1.0000, loss_cls: 0.0218, loss: 0.0218
2026-08-03 23:43:10,630 - pyskl - INFO - Epoch [13][11900/12529]	lr: 1.088e-03, eta: 22:31:03, time: 1.998, data_time: 0.000, memory: 2640, top1_acc: 1.0000, top5_acc: 1.0000, loss_cls: 0.0177, loss: 0.0177
2026-08-03 23:46:30,235 - pyskl - INFO - Epoch [13][12000/12529]	lr: 1.082e-03, eta: 22:27:28, time: 1.996, data_time: 0.000, memory: 2640, top1_acc: 0.9988, top5_acc: 1.0000, loss_cls: 0.0192, loss: 0.0192
2026-08-03 23:49:49,690 - pyskl - INFO - Epoch [13][12100/12529]	lr: 1.077e-03, eta: 22:23:53, time: 1.995, data_time: 0.000, memory: 2640, top1_acc: 0.9969, top5_acc: 1.0000, loss_cls: 0.0209, loss: 0.0209
2026-08-03 23:53:08,959 - pyskl - INFO - Epoch [13][12200/12529]	lr: 1.071e-03, eta: 22:20:18, time: 1.993, data_time: 0.000, memory: 2640, top1_acc: 0.9994, top5_acc: 1.0000, loss_cls: 0.0179, loss: 0.0179
2026-08-03 23:56:28,468 - pyskl - INFO - Epoch [13][12300/12529]	lr: 1.066e-03, eta: 22:16:42, time: 1.995, data_time: 0.000, memory: 2640, top1_acc: 0.9988, top5_acc: 1.0000, loss_cls: 0.0187, loss: 0.0187
2026-08-03 23:59:47,499 - pyskl - INFO - Epoch [13][12400/12529]	lr: 1.060e-03, eta: 22:13:07, time: 1.990, data_time: 0.000, memory: 2640, top1_acc: 0.9988, top5_acc: 1.0000, loss_cls: 0.0170, loss: 0.0170
2026-08-04 00:03:07,029 - pyskl - INFO - Epoch [13][12500/12529]	lr: 1.055e-03, eta: 22:09:32, time: 1.995, data_time: 0.000, memory: 2640, top1_acc: 0.9994, top5_acc: 1.0000, loss_cls: 0.0207, loss: 0.0207
2026-08-04 00:04:04,593 - pyskl - INFO - Saving checkpoint at 13 epochs
2026-08-04 00:36:55,135 - pyskl - INFO - Evaluating top_k_accuracy ...
2026-08-04 00:36:55,196 - pyskl - INFO - 
top1_acc	0.8791
top5_acc	0.9764
2026-08-04 00:36:55,198 - pyskl - INFO - The previous best checkpoint D:\YXJProject\pythonProject\pyskl\work_dirs\stgcn++\ntu60_xsub_3dkp\j_single_gpu\best_top1_acc_epoch_12.pth was removed
2026-08-04 00:36:55,349 - pyskl - INFO - Now best checkpoint is saved as best_top1_acc_epoch_13.pth.
2026-08-04 00:36:55,350 - pyskl - INFO - Best top1_acc is 0.8791 at 13 epoch.
2026-08-04 00:36:55,352 - pyskl - INFO - Epoch(val) [13][1031]	top1_acc: 0.8791, top5_acc: 0.9764
2026-08-04 00:40:38,237 - pyskl - INFO - Epoch [14][100/12529]	lr: 1.048e-03, eta: 22:04:47, time: 2.229, data_time: 0.123, memory: 2640, top1_acc: 0.9988, top5_acc: 1.0000, loss_cls: 0.0196, loss: 0.0196
2026-08-04 00:44:08,819 - pyskl - INFO - Epoch [14][200/12529]	lr: 1.043e-03, eta: 22:01:15, time: 2.106, data_time: 0.000, memory: 2640, top1_acc: 0.9988, top5_acc: 1.0000, loss_cls: 0.0198, loss: 0.0198
2026-08-04 00:47:38,929 - pyskl - INFO - Epoch [14][300/12529]	lr: 1.037e-03, eta: 21:57:42, time: 2.101, data_time: 0.000, memory: 2640, top1_acc: 1.0000, top5_acc: 1.0000, loss_cls: 0.0156, loss: 0.0156
2026-08-04 00:51:06,427 - pyskl - INFO - Epoch [14][400/12529]	lr: 1.032e-03, eta: 21:54:09, time: 2.075, data_time: 0.000, memory: 2640, top1_acc: 1.0000, top5_acc: 1.0000, loss_cls: 0.0163, loss: 0.0163
2026-08-04 00:54:35,480 - pyskl - INFO - Epoch [14][500/12529]	lr: 1.026e-03, eta: 21:50:37, time: 2.091, data_time: 0.000, memory: 2640, top1_acc: 0.9994, top5_acc: 1.0000, loss_cls: 0.0177, loss: 0.0177
2026-08-04 00:58:03,767 - pyskl - INFO - Epoch [14][600/12529]	lr: 1.021e-03, eta: 21:47:04, time: 2.083, data_time: 0.000, memory: 2640, top1_acc: 0.9981, top5_acc: 1.0000, loss_cls: 0.0172, loss: 0.0172
2026-08-04 01:01:33,464 - pyskl - INFO - Epoch [14][700/12529]	lr: 1.016e-03, eta: 21:43:31, time: 2.097, data_time: 0.000, memory: 2640, top1_acc: 0.9981, top5_acc: 1.0000, loss_cls: 0.0192, loss: 0.0192
2026-08-04 01:05:03,246 - pyskl - INFO - Epoch [14][800/12529]	lr: 1.010e-03, eta: 21:39:59, time: 2.098, data_time: 0.000, memory: 2640, top1_acc: 0.9994, top5_acc: 1.0000, loss_cls: 0.0188, loss: 0.0188
2026-08-04 01:08:33,184 - pyskl - INFO - Epoch [14][900/12529]	lr: 1.005e-03, eta: 21:36:26, time: 2.099, data_time: 0.000, memory: 2640, top1_acc: 1.0000, top5_acc: 1.0000, loss_cls: 0.0146, loss: 0.0146
2026-08-04 01:12:02,807 - pyskl - INFO - Epoch [14][1000/12529]	lr: 9.996e-04, eta: 21:32:53, time: 2.096, data_time: 0.000, memory: 2640, top1_acc: 0.9969, top5_acc: 1.0000, loss_cls: 0.0199, loss: 0.0199
2026-08-04 01:15:33,921 - pyskl - INFO - Epoch [14][1100/12529]	lr: 9.943e-04, eta: 21:29:21, time: 2.111, data_time: 0.000, memory: 2640, top1_acc: 0.9981, top5_acc: 1.0000, loss_cls: 0.0175, loss: 0.0175
2026-08-04 01:19:05,390 - pyskl - INFO - Epoch [14][1200/12529]	lr: 9.890e-04, eta: 21:25:49, time: 2.115, data_time: 0.000, memory: 2640, top1_acc: 0.9975, top5_acc: 1.0000, loss_cls: 0.0208, loss: 0.0208
2026-08-04 01:22:36,053 - pyskl - INFO - Epoch [14][1300/12529]	lr: 9.837e-04, eta: 21:22:17, time: 2.107, data_time: 0.000, memory: 2640, top1_acc: 0.9988, top5_acc: 1.0000, loss_cls: 0.0175, loss: 0.0175
2026-08-04 01:26:07,368 - pyskl - INFO - Epoch [14][1400/12529]	lr: 9.784e-04, eta: 21:18:45, time: 2.113, data_time: 0.000, memory: 2640, top1_acc: 0.9988, top5_acc: 1.0000, loss_cls: 0.0219, loss: 0.0219
2026-08-04 01:29:37,714 - pyskl - INFO - Epoch [14][1500/12529]	lr: 9.732e-04, eta: 21:15:12, time: 2.103, data_time: 0.000, memory: 2640, top1_acc: 0.9994, top5_acc: 1.0000, loss_cls: 0.0184, loss: 0.0184
2026-08-04 01:33:08,341 - pyskl - INFO - Epoch [14][1600/12529]	lr: 9.679e-04, eta: 21:11:40, time: 2.106, data_time: 0.000, memory: 2640, top1_acc: 0.9988, top5_acc: 1.0000, loss_cls: 0.0167, loss: 0.0167
2026-08-04 01:36:39,180 - pyskl - INFO - Epoch [14][1700/12529]	lr: 9.627e-04, eta: 21:08:08, time: 2.108, data_time: 0.000, memory: 2640, top1_acc: 0.9969, top5_acc: 1.0000, loss_cls: 0.0198, loss: 0.0198
2026-08-04 01:40:10,510 - pyskl - INFO - Epoch [14][1800/12529]	lr: 9.575e-04, eta: 21:04:35, time: 2.113, data_time: 0.000, memory: 2640, top1_acc: 0.9988, top5_acc: 1.0000, loss_cls: 0.0185, loss: 0.0185
2026-08-04 01:43:40,839 - pyskl - INFO - Epoch [14][1900/12529]	lr: 9.523e-04, eta: 21:01:03, time: 2.103, data_time: 0.000, memory: 2640, top1_acc: 0.9981, top5_acc: 1.0000, loss_cls: 0.0187, loss: 0.0187
2026-08-04 01:47:10,463 - pyskl - INFO - Epoch [14][2000/12529]	lr: 9.471e-04, eta: 20:57:31, time: 2.096, data_time: 0.000, memory: 2640, top1_acc: 1.0000, top5_acc: 1.0000, loss_cls: 0.0144, loss: 0.0144
2026-08-04 01:50:39,545 - pyskl - INFO - Epoch [14][2100/12529]	lr: 9.419e-04, eta: 20:53:58, time: 2.091, data_time: 0.000, memory: 2640, top1_acc: 0.9988, top5_acc: 1.0000, loss_cls: 0.0189, loss: 0.0189
2026-08-04 01:54:09,179 - pyskl - INFO - Epoch [14][2200/12529]	lr: 9.368e-04, eta: 20:50:25, time: 2.096, data_time: 0.000, memory: 2640, top1_acc: 0.9975, top5_acc: 1.0000, loss_cls: 0.0238, loss: 0.0238
2026-08-04 01:57:38,324 - pyskl - INFO - Epoch [14][2300/12529]	lr: 9.316e-04, eta: 20:46:53, time: 2.091, data_time: 0.000, memory: 2640, top1_acc: 0.9994, top5_acc: 1.0000, loss_cls: 0.0178, loss: 0.0178
2026-08-04 02:01:08,073 - pyskl - INFO - Epoch [14][2400/12529]	lr: 9.265e-04, eta: 20:43:20, time: 2.097, data_time: 0.000, memory: 2640, top1_acc: 0.9988, top5_acc: 1.0000, loss_cls: 0.0172, loss: 0.0172
2026-08-04 02:04:37,895 - pyskl - INFO - Epoch [14][2500/12529]	lr: 9.213e-04, eta: 20:39:48, time: 2.098, data_time: 0.000, memory: 2640, top1_acc: 1.0000, top5_acc: 1.0000, loss_cls: 0.0146, loss: 0.0146
2026-08-04 02:08:07,119 - pyskl - INFO - Epoch [14][2600/12529]	lr: 9.162e-04, eta: 20:36:15, time: 2.092, data_time: 0.000, memory: 2640, top1_acc: 0.9988, top5_acc: 1.0000, loss_cls: 0.0137, loss: 0.0137
2026-08-04 02:11:36,998 - pyskl - INFO - Epoch [14][2700/12529]	lr: 9.111e-04, eta: 20:32:43, time: 2.099, data_time: 0.000, memory: 2640, top1_acc: 1.0000, top5_acc: 1.0000, loss_cls: 0.0156, loss: 0.0156
2026-08-04 02:15:06,140 - pyskl - INFO - Epoch [14][2800/12529]	lr: 9.061e-04, eta: 20:29:10, time: 2.091, data_time: 0.000, memory: 2640, top1_acc: 1.0000, top5_acc: 1.0000, loss_cls: 0.0151, loss: 0.0151
2026-08-04 02:18:35,380 - pyskl - INFO - Epoch [14][2900/12529]	lr: 9.010e-04, eta: 20:25:37, time: 2.092, data_time: 0.000, memory: 2640, top1_acc: 0.9988, top5_acc: 1.0000, loss_cls: 0.0180, loss: 0.0180
2026-08-04 02:22:04,858 - pyskl - INFO - Epoch [14][3000/12529]	lr: 8.959e-04, eta: 20:22:05, time: 2.095, data_time: 0.000, memory: 2640, top1_acc: 0.9988, top5_acc: 1.0000, loss_cls: 0.0186, loss: 0.0186
2026-08-04 02:25:34,649 - pyskl - INFO - Epoch [14][3100/12529]	lr: 8.909e-04, eta: 20:18:32, time: 2.098, data_time: 0.000, memory: 2640, top1_acc: 0.9975, top5_acc: 1.0000, loss_cls: 0.0181, loss: 0.0181
2026-08-04 02:29:04,340 - pyskl - INFO - Epoch [14][3200/12529]	lr: 8.858e-04, eta: 20:15:00, time: 2.097, data_time: 0.000, memory: 2640, top1_acc: 0.9988, top5_acc: 1.0000, loss_cls: 0.0180, loss: 0.0180
2026-08-04 02:32:33,647 - pyskl - INFO - Epoch [14][3300/12529]	lr: 8.808e-04, eta: 20:11:27, time: 2.093, data_time: 0.000, memory: 2640, top1_acc: 1.0000, top5_acc: 1.0000, loss_cls: 0.0184, loss: 0.0184
2026-08-04 02:36:03,525 - pyskl - INFO - Epoch [14][3400/12529]	lr: 8.758e-04, eta: 20:07:55, time: 2.099, data_time: 0.000, memory: 2640, top1_acc: 0.9994, top5_acc: 1.0000, loss_cls: 0.0183, loss: 0.0183
2026-08-04 02:39:32,838 - pyskl - INFO - Epoch [14][3500/12529]	lr: 8.708e-04, eta: 20:04:22, time: 2.093, data_time: 0.000, memory: 2640, top1_acc: 0.9988, top5_acc: 0.9994, loss_cls: 0.0184, loss: 0.0184
2026-08-04 02:43:02,591 - pyskl - INFO - Epoch [14][3600/12529]	lr: 8.658e-04, eta: 20:00:50, time: 2.098, data_time: 0.000, memory: 2640, top1_acc: 0.9994, top5_acc: 1.0000, loss_cls: 0.0153, loss: 0.0153
2026-08-04 02:46:31,806 - pyskl - INFO - Epoch [14][3700/12529]	lr: 8.609e-04, eta: 19:57:17, time: 2.092, data_time: 0.000, memory: 2640, top1_acc: 1.0000, top5_acc: 1.0000, loss_cls: 0.0144, loss: 0.0144
2026-08-04 02:50:00,202 - pyskl - INFO - Epoch [14][3800/12529]	lr: 8.559e-04, eta: 19:53:45, time: 2.084, data_time: 0.000, memory: 2640, top1_acc: 0.9988, top5_acc: 1.0000, loss_cls: 0.0161, loss: 0.0161
2026-08-04 02:53:29,441 - pyskl - INFO - Epoch [14][3900/12529]	lr: 8.510e-04, eta: 19:50:12, time: 2.092, data_time: 0.000, memory: 2640, top1_acc: 0.9994, top5_acc: 1.0000, loss_cls: 0.0174, loss: 0.0174
2026-08-04 02:56:58,943 - pyskl - INFO - Epoch [14][4000/12529]	lr: 8.460e-04, eta: 19:46:40, time: 2.095, data_time: 0.000, memory: 2640, top1_acc: 0.9994, top5_acc: 1.0000, loss_cls: 0.0176, loss: 0.0176
2026-08-04 03:00:28,188 - pyskl - INFO - Epoch [14][4100/12529]	lr: 8.411e-04, eta: 19:43:07, time: 2.092, data_time: 0.000, memory: 2640, top1_acc: 0.9981, top5_acc: 1.0000, loss_cls: 0.0162, loss: 0.0162
2026-08-04 03:03:55,768 - pyskl - INFO - Epoch [14][4200/12529]	lr: 8.362e-04, eta: 19:39:34, time: 2.076, data_time: 0.000, memory: 2640, top1_acc: 0.9988, top5_acc: 1.0000, loss_cls: 0.0172, loss: 0.0172
2026-08-04 03:07:25,446 - pyskl - INFO - Epoch [14][4300/12529]	lr: 8.313e-04, eta: 19:36:02, time: 2.097, data_time: 0.000, memory: 2640, top1_acc: 0.9988, top5_acc: 1.0000, loss_cls: 0.0170, loss: 0.0170
2026-08-04 03:10:55,318 - pyskl - INFO - Epoch [14][4400/12529]	lr: 8.265e-04, eta: 19:32:29, time: 2.099, data_time: 0.000, memory: 2640, top1_acc: 0.9988, top5_acc: 1.0000, loss_cls: 0.0169, loss: 0.0169
2026-08-04 03:14:25,226 - pyskl - INFO - Epoch [14][4500/12529]	lr: 8.216e-04, eta: 19:28:57, time: 2.099, data_time: 0.000, memory: 2640, top1_acc: 0.9981, top5_acc: 1.0000, loss_cls: 0.0181, loss: 0.0181
2026-08-04 03:17:54,967 - pyskl - INFO - Epoch [14][4600/12529]	lr: 8.168e-04, eta: 19:25:25, time: 2.097, data_time: 0.000, memory: 2640, top1_acc: 0.9988, top5_acc: 1.0000, loss_cls: 0.0204, loss: 0.0204
2026-08-04 03:21:25,080 - pyskl - INFO - Epoch [14][4700/12529]	lr: 8.119e-04, eta: 19:21:52, time: 2.101, data_time: 0.000, memory: 2640, top1_acc: 0.9994, top5_acc: 1.0000, loss_cls: 0.0166, loss: 0.0166
2026-08-04 03:24:54,764 - pyskl - INFO - Epoch [14][4800/12529]	lr: 8.071e-04, eta: 19:18:20, time: 2.097, data_time: 0.000, memory: 2640, top1_acc: 0.9988, top5_acc: 1.0000, loss_cls: 0.0196, loss: 0.0196
2026-08-04 03:28:25,264 - pyskl - INFO - Epoch [14][4900/12529]	lr: 8.023e-04, eta: 19:14:48, time: 2.105, data_time: 0.000, memory: 2640, top1_acc: 1.0000, top5_acc: 1.0000, loss_cls: 0.0153, loss: 0.0153
2026-08-04 03:31:55,297 - pyskl - INFO - Epoch [14][5000/12529]	lr: 7.975e-04, eta: 19:11:15, time: 2.100, data_time: 0.000, memory: 2640, top1_acc: 1.0000, top5_acc: 1.0000, loss_cls: 0.0143, loss: 0.0143
2026-08-04 03:35:25,557 - pyskl - INFO - Epoch [14][5100/12529]	lr: 7.927e-04, eta: 19:07:43, time: 2.103, data_time: 0.000, memory: 2640, top1_acc: 1.0000, top5_acc: 1.0000, loss_cls: 0.0159, loss: 0.0159
2026-08-04 03:38:55,526 - pyskl - INFO - Epoch [14][5200/12529]	lr: 7.880e-04, eta: 19:04:11, time: 2.100, data_time: 0.000, memory: 2640, top1_acc: 0.9994, top5_acc: 1.0000, loss_cls: 0.0164, loss: 0.0164
2026-08-04 03:42:24,983 - pyskl - INFO - Epoch [14][5300/12529]	lr: 7.832e-04, eta: 19:00:38, time: 2.095, data_time: 0.000, memory: 2640, top1_acc: 0.9994, top5_acc: 1.0000, loss_cls: 0.0153, loss: 0.0153
2026-08-04 03:45:54,482 - pyskl - INFO - Epoch [14][5400/12529]	lr: 7.785e-04, eta: 18:57:06, time: 2.095, data_time: 0.000, memory: 2640, top1_acc: 0.9981, top5_acc: 1.0000, loss_cls: 0.0209, loss: 0.0209
2026-08-04 03:49:23,525 - pyskl - INFO - Epoch [14][5500/12529]	lr: 7.737e-04, eta: 18:53:33, time: 2.090, data_time: 0.000, memory: 2640, top1_acc: 0.9994, top5_acc: 1.0000, loss_cls: 0.0163, loss: 0.0163
2026-08-04 03:52:51,940 - pyskl - INFO - Epoch [14][5600/12529]	lr: 7.690e-04, eta: 18:50:01, time: 2.084, data_time: 0.000, memory: 2640, top1_acc: 0.9994, top5_acc: 1.0000, loss_cls: 0.0188, loss: 0.0188
2026-08-04 03:56:20,646 - pyskl - INFO - Epoch [14][5700/12529]	lr: 7.643e-04, eta: 18:46:28, time: 2.087, data_time: 0.000, memory: 2640, top1_acc: 0.9988, top5_acc: 1.0000, loss_cls: 0.0166, loss: 0.0166
2026-08-04 03:59:49,285 - pyskl - INFO - Epoch [14][5800/12529]	lr: 7.596e-04, eta: 18:42:55, time: 2.086, data_time: 0.000, memory: 2640, top1_acc: 1.0000, top5_acc: 1.0000, loss_cls: 0.0143, loss: 0.0143
2026-08-04 04:03:18,266 - pyskl - INFO - Epoch [14][5900/12529]	lr: 7.550e-04, eta: 18:39:23, time: 2.090, data_time: 0.000, memory: 2640, top1_acc: 0.9988, top5_acc: 1.0000, loss_cls: 0.0165, loss: 0.0165
2026-08-04 04:06:47,175 - pyskl - INFO - Epoch [14][6000/12529]	lr: 7.503e-04, eta: 18:35:50, time: 2.089, data_time: 0.000, memory: 2640, top1_acc: 0.9994, top5_acc: 1.0000, loss_cls: 0.0159, loss: 0.0159
2026-08-04 04:10:17,178 - pyskl - INFO - Epoch [14][6100/12529]	lr: 7.457e-04, eta: 18:32:18, time: 2.100, data_time: 0.000, memory: 2640, top1_acc: 0.9988, top5_acc: 1.0000, loss_cls: 0.0151, loss: 0.0151
2026-08-04 04:13:47,157 - pyskl - INFO - Epoch [14][6200/12529]	lr: 7.410e-04, eta: 18:28:46, time: 2.100, data_time: 0.000, memory: 2640, top1_acc: 0.9994, top5_acc: 1.0000, loss_cls: 0.0155, loss: 0.0155
2026-08-04 04:17:16,800 - pyskl - INFO - Epoch [14][6300/12529]	lr: 7.364e-04, eta: 18:25:13, time: 2.096, data_time: 0.000, memory: 2640, top1_acc: 0.9988, top5_acc: 1.0000, loss_cls: 0.0159, loss: 0.0159
2026-08-04 04:20:46,493 - pyskl - INFO - Epoch [14][6400/12529]	lr: 7.318e-04, eta: 18:21:41, time: 2.097, data_time: 0.000, memory: 2640, top1_acc: 0.9994, top5_acc: 1.0000, loss_cls: 0.0163, loss: 0.0163
2026-08-04 04:24:16,215 - pyskl - INFO - Epoch [14][6500/12529]	lr: 7.272e-04, eta: 18:18:09, time: 2.097, data_time: 0.000, memory: 2640, top1_acc: 0.9994, top5_acc: 1.0000, loss_cls: 0.0178, loss: 0.0178
2026-08-04 04:27:45,171 - pyskl - INFO - Epoch [14][6600/12529]	lr: 7.226e-04, eta: 18:14:36, time: 2.090, data_time: 0.000, memory: 2640, top1_acc: 0.9988, top5_acc: 1.0000, loss_cls: 0.0172, loss: 0.0172
2026-08-04 04:31:14,862 - pyskl - INFO - Epoch [14][6700/12529]	lr: 7.181e-04, eta: 18:11:04, time: 2.097, data_time: 0.000, memory: 2640, top1_acc: 1.0000, top5_acc: 1.0000, loss_cls: 0.0141, loss: 0.0141
2026-08-04 04:34:44,007 - pyskl - INFO - Epoch [14][6800/12529]	lr: 7.135e-04, eta: 18:07:31, time: 2.091, data_time: 0.000, memory: 2640, top1_acc: 1.0000, top5_acc: 1.0000, loss_cls: 0.0152, loss: 0.0152
2026-08-04 04:38:13,794 - pyskl - INFO - Epoch [14][6900/12529]	lr: 7.090e-04, eta: 18:03:59, time: 2.098, data_time: 0.000, memory: 2640, top1_acc: 0.9994, top5_acc: 1.0000, loss_cls: 0.0155, loss: 0.0155
2026-08-04 04:41:43,930 - pyskl - INFO - Epoch [14][7000/12529]	lr: 7.044e-04, eta: 18:00:27, time: 2.101, data_time: 0.000, memory: 2640, top1_acc: 0.9994, top5_acc: 1.0000, loss_cls: 0.0136, loss: 0.0136
2026-08-04 04:45:13,578 - pyskl - INFO - Epoch [14][7100/12529]	lr: 6.999e-04, eta: 17:56:54, time: 2.096, data_time: 0.000, memory: 2640, top1_acc: 0.9994, top5_acc: 1.0000, loss_cls: 0.0146, loss: 0.0146
2026-08-04 04:48:42,816 - pyskl - INFO - Epoch [14][7200/12529]	lr: 6.954e-04, eta: 17:53:22, time: 2.092, data_time: 0.000, memory: 2640, top1_acc: 0.9981, top5_acc: 1.0000, loss_cls: 0.0182, loss: 0.0182
2026-08-04 04:52:12,027 - pyskl - INFO - Epoch [14][7300/12529]	lr: 6.910e-04, eta: 17:49:49, time: 2.092, data_time: 0.000, memory: 2640, top1_acc: 1.0000, top5_acc: 1.0000, loss_cls: 0.0153, loss: 0.0153
2026-08-04 04:55:42,189 - pyskl - INFO - Epoch [14][7400/12529]	lr: 6.865e-04, eta: 17:46:17, time: 2.102, data_time: 0.000, memory: 2640, top1_acc: 0.9994, top5_acc: 1.0000, loss_cls: 0.0167, loss: 0.0167
2026-08-04 04:59:11,719 - pyskl - INFO - Epoch [14][7500/12529]	lr: 6.820e-04, eta: 17:42:45, time: 2.095, data_time: 0.000, memory: 2640, top1_acc: 0.9981, top5_acc: 1.0000, loss_cls: 0.0163, loss: 0.0163
2026-08-04 05:02:41,545 - pyskl - INFO - Epoch [14][7600/12529]	lr: 6.776e-04, eta: 17:39:12, time: 2.098, data_time: 0.000, memory: 2640, top1_acc: 1.0000, top5_acc: 1.0000, loss_cls: 0.0120, loss: 0.0120
2026-08-04 05:06:11,370 - pyskl - INFO - Epoch [14][7700/12529]	lr: 6.732e-04, eta: 17:35:40, time: 2.098, data_time: 0.000, memory: 2640, top1_acc: 0.9994, top5_acc: 1.0000, loss_cls: 0.0176, loss: 0.0176
2026-08-04 05:09:41,150 - pyskl - INFO - Epoch [14][7800/12529]	lr: 6.687e-04, eta: 17:32:08, time: 2.098, data_time: 0.000, memory: 2640, top1_acc: 0.9994, top5_acc: 1.0000, loss_cls: 0.0170, loss: 0.0170
2026-08-04 05:13:10,599 - pyskl - INFO - Epoch [14][7900/12529]	lr: 6.643e-04, eta: 17:28:36, time: 2.094, data_time: 0.000, memory: 2640, top1_acc: 1.0000, top5_acc: 1.0000, loss_cls: 0.0140, loss: 0.0140
2026-08-04 05:16:40,301 - pyskl - INFO - Epoch [14][8000/12529]	lr: 6.600e-04, eta: 17:25:03, time: 2.097, data_time: 0.000, memory: 2640, top1_acc: 1.0000, top5_acc: 1.0000, loss_cls: 0.0157, loss: 0.0157
2026-08-04 05:20:10,174 - pyskl - INFO - Epoch [14][8100/12529]	lr: 6.556e-04, eta: 17:21:31, time: 2.099, data_time: 0.000, memory: 2640, top1_acc: 1.0000, top5_acc: 1.0000, loss_cls: 0.0134, loss: 0.0134
2026-08-04 05:23:39,750 - pyskl - INFO - Epoch [14][8200/12529]	lr: 6.512e-04, eta: 17:17:59, time: 2.096, data_time: 0.000, memory: 2640, top1_acc: 0.9988, top5_acc: 1.0000, loss_cls: 0.0156, loss: 0.0156
2026-08-04 05:27:09,618 - pyskl - INFO - Epoch [14][8300/12529]	lr: 6.469e-04, eta: 17:14:26, time: 2.099, data_time: 0.000, memory: 2640, top1_acc: 0.9994, top5_acc: 1.0000, loss_cls: 0.0147, loss: 0.0147
2026-08-04 05:30:39,218 - pyskl - INFO - Epoch [14][8400/12529]	lr: 6.425e-04, eta: 17:10:54, time: 2.096, data_time: 0.000, memory: 2640, top1_acc: 0.9994, top5_acc: 1.0000, loss_cls: 0.0149, loss: 0.0149
2026-08-04 05:34:08,919 - pyskl - INFO - Epoch [14][8500/12529]	lr: 6.382e-04, eta: 17:07:22, time: 2.097, data_time: 0.000, memory: 2640, top1_acc: 0.9988, top5_acc: 1.0000, loss_cls: 0.0142, loss: 0.0142
2026-08-04 05:37:38,303 - pyskl - INFO - Epoch [14][8600/12529]	lr: 6.339e-04, eta: 17:03:49, time: 2.094, data_time: 0.000, memory: 2640, top1_acc: 0.9994, top5_acc: 1.0000, loss_cls: 0.0147, loss: 0.0147
2026-08-04 05:41:07,968 - pyskl - INFO - Epoch [14][8700/12529]	lr: 6.296e-04, eta: 17:00:17, time: 2.097, data_time: 0.000, memory: 2640, top1_acc: 0.9988, top5_acc: 1.0000, loss_cls: 0.0154, loss: 0.0154
2026-08-04 05:44:37,491 - pyskl - INFO - Epoch [14][8800/12529]	lr: 6.253e-04, eta: 16:56:45, time: 2.095, data_time: 0.000, memory: 2640, top1_acc: 1.0000, top5_acc: 1.0000, loss_cls: 0.0125, loss: 0.0125
2026-08-04 05:48:08,084 - pyskl - INFO - Epoch [14][8900/12529]	lr: 6.211e-04, eta: 16:53:13, time: 2.106, data_time: 0.000, memory: 2640, top1_acc: 0.9981, top5_acc: 1.0000, loss_cls: 0.0186, loss: 0.0186
2026-08-04 05:51:37,276 - pyskl - INFO - Epoch [14][9000/12529]	lr: 6.168e-04, eta: 16:49:40, time: 2.092, data_time: 0.000, memory: 2640, top1_acc: 0.9988, top5_acc: 1.0000, loss_cls: 0.0156, loss: 0.0156
2026-08-04 05:55:05,791 - pyskl - INFO - Epoch [14][9100/12529]	lr: 6.126e-04, eta: 16:46:08, time: 2.085, data_time: 0.000, memory: 2640, top1_acc: 1.0000, top5_acc: 1.0000, loss_cls: 0.0127, loss: 0.0127
2026-08-04 05:58:35,190 - pyskl - INFO - Epoch [14][9200/12529]	lr: 6.084e-04, eta: 16:42:35, time: 2.094, data_time: 0.000, memory: 2640, top1_acc: 0.9988, top5_acc: 1.0000, loss_cls: 0.0154, loss: 0.0154
2026-08-04 06:02:06,223 - pyskl - INFO - Epoch [14][9300/12529]	lr: 6.042e-04, eta: 16:39:03, time: 2.110, data_time: 0.000, memory: 2640, top1_acc: 0.9988, top5_acc: 1.0000, loss_cls: 0.0165, loss: 0.0165
2026-08-04 06:05:37,319 - pyskl - INFO - Epoch [14][9400/12529]	lr: 6.000e-04, eta: 16:35:31, time: 2.111, data_time: 0.000, memory: 2640, top1_acc: 0.9994, top5_acc: 1.0000, loss_cls: 0.0161, loss: 0.0161
2026-08-04 06:09:07,563 - pyskl - INFO - Epoch [14][9500/12529]	lr: 5.958e-04, eta: 16:31:59, time: 2.102, data_time: 0.000, memory: 2640, top1_acc: 0.9994, top5_acc: 1.0000, loss_cls: 0.0170, loss: 0.0170
2026-08-04 06:12:37,822 - pyskl - INFO - Epoch [14][9600/12529]	lr: 5.916e-04, eta: 16:28:27, time: 2.103, data_time: 0.000, memory: 2640, top1_acc: 0.9994, top5_acc: 1.0000, loss_cls: 0.0140, loss: 0.0140
2026-08-04 06:16:07,831 - pyskl - INFO - Epoch [14][9700/12529]	lr: 5.875e-04, eta: 16:24:55, time: 2.100, data_time: 0.000, memory: 2640, top1_acc: 0.9994, top5_acc: 1.0000, loss_cls: 0.0164, loss: 0.0164
2026-08-04 06:19:37,560 - pyskl - INFO - Epoch [14][9800/12529]	lr: 5.833e-04, eta: 16:21:22, time: 2.097, data_time: 0.000, memory: 2640, top1_acc: 0.9981, top5_acc: 1.0000, loss_cls: 0.0194, loss: 0.0194
2026-08-04 06:23:07,087 - pyskl - INFO - Epoch [14][9900/12529]	lr: 5.792e-04, eta: 16:17:50, time: 2.095, data_time: 0.000, memory: 2640, top1_acc: 0.9994, top5_acc: 1.0000, loss_cls: 0.0144, loss: 0.0144
2026-08-04 06:26:36,505 - pyskl - INFO - Epoch [14][10000/12529]	lr: 5.751e-04, eta: 16:14:18, time: 2.094, data_time: 0.000, memory: 2640, top1_acc: 1.0000, top5_acc: 1.0000, loss_cls: 0.0140, loss: 0.0140
2026-08-04 06:30:06,080 - pyskl - INFO - Epoch [14][10100/12529]	lr: 5.710e-04, eta: 16:10:46, time: 2.096, data_time: 0.000, memory: 2640, top1_acc: 0.9994, top5_acc: 1.0000, loss_cls: 0.0148, loss: 0.0148
2026-08-04 06:33:35,541 - pyskl - INFO - Epoch [14][10200/12529]	lr: 5.669e-04, eta: 16:07:13, time: 2.095, data_time: 0.000, memory: 2640, top1_acc: 0.9994, top5_acc: 1.0000, loss_cls: 0.0141, loss: 0.0141
2026-08-04 06:37:04,337 - pyskl - INFO - Epoch [14][10300/12529]	lr: 5.628e-04, eta: 16:03:41, time: 2.088, data_time: 0.000, memory: 2640, top1_acc: 1.0000, top5_acc: 1.0000, loss_cls: 0.0139, loss: 0.0139
2026-08-04 06:40:33,326 - pyskl - INFO - Epoch [14][10400/12529]	lr: 5.588e-04, eta: 16:00:09, time: 2.090, data_time: 0.000, memory: 2640, top1_acc: 0.9994, top5_acc: 1.0000, loss_cls: 0.0152, loss: 0.0152
2026-08-04 06:44:02,861 - pyskl - INFO - Epoch [14][10500/12529]	lr: 5.548e-04, eta: 15:56:36, time: 2.095, data_time: 0.000, memory: 2640, top1_acc: 0.9994, top5_acc: 1.0000, loss_cls: 0.0128, loss: 0.0128
2026-08-04 06:47:32,553 - pyskl - INFO - Epoch [14][10600/12529]	lr: 5.507e-04, eta: 15:53:04, time: 2.097, data_time: 0.000, memory: 2640, top1_acc: 0.9994, top5_acc: 1.0000, loss_cls: 0.0144, loss: 0.0144
2026-08-04 06:51:01,625 - pyskl - INFO - Epoch [14][10700/12529]	lr: 5.467e-04, eta: 15:49:32, time: 2.091, data_time: 0.000, memory: 2640, top1_acc: 1.0000, top5_acc: 1.0000, loss_cls: 0.0127, loss: 0.0127
2026-08-04 06:54:31,044 - pyskl - INFO - Epoch [14][10800/12529]	lr: 5.427e-04, eta: 15:45:59, time: 2.094, data_time: 0.000, memory: 2640, top1_acc: 0.9988, top5_acc: 1.0000, loss_cls: 0.0145, loss: 0.0145
2026-08-04 06:58:00,724 - pyskl - INFO - Epoch [14][10900/12529]	lr: 5.387e-04, eta: 15:42:27, time: 2.097, data_time: 0.000, memory: 2640, top1_acc: 0.9994, top5_acc: 1.0000, loss_cls: 0.0151, loss: 0.0151
2026-08-04 07:01:29,740 - pyskl - INFO - Epoch [14][11000/12529]	lr: 5.348e-04, eta: 15:38:55, time: 2.090, data_time: 0.000, memory: 2640, top1_acc: 1.0000, top5_acc: 1.0000, loss_cls: 0.0138, loss: 0.0138
2026-08-04 07:05:00,148 - pyskl - INFO - Epoch [14][11100/12529]	lr: 5.308e-04, eta: 15:35:23, time: 2.104, data_time: 0.000, memory: 2640, top1_acc: 0.9981, top5_acc: 1.0000, loss_cls: 0.0149, loss: 0.0149
2026-08-04 07:08:29,639 - pyskl - INFO - Epoch [14][11200/12529]	lr: 5.269e-04, eta: 15:31:50, time: 2.095, data_time: 0.000, memory: 2640, top1_acc: 1.0000, top5_acc: 1.0000, loss_cls: 0.0143, loss: 0.0143
2026-08-04 07:11:59,025 - pyskl - INFO - Epoch [14][11300/12529]	lr: 5.229e-04, eta: 15:28:18, time: 2.094, data_time: 0.000, memory: 2640, top1_acc: 0.9994, top5_acc: 1.0000, loss_cls: 0.0134, loss: 0.0134
2026-08-04 07:15:29,492 - pyskl - INFO - Epoch [14][11400/12529]	lr: 5.190e-04, eta: 15:24:46, time: 2.105, data_time: 0.000, memory: 2640, top1_acc: 0.9988, top5_acc: 1.0000, loss_cls: 0.0131, loss: 0.0131
2026-08-04 07:19:00,361 - pyskl - INFO - Epoch [14][11500/12529]	lr: 5.151e-04, eta: 15:21:14, time: 2.109, data_time: 0.000, memory: 2640, top1_acc: 0.9988, top5_acc: 1.0000, loss_cls: 0.0154, loss: 0.0154
2026-08-04 07:22:30,670 - pyskl - INFO - Epoch [14][11600/12529]	lr: 5.112e-04, eta: 15:17:42, time: 2.103, data_time: 0.000, memory: 2640, top1_acc: 0.9988, top5_acc: 1.0000, loss_cls: 0.0162, loss: 0.0162
2026-08-04 07:26:00,585 - pyskl - INFO - Epoch [14][11700/12529]	lr: 5.074e-04, eta: 15:14:10, time: 2.099, data_time: 0.000, memory: 2640, top1_acc: 0.9988, top5_acc: 1.0000, loss_cls: 0.0159, loss: 0.0159
2026-08-04 07:29:29,753 - pyskl - INFO - Epoch [14][11800/12529]	lr: 5.035e-04, eta: 15:10:37, time: 2.092, data_time: 0.000, memory: 2640, top1_acc: 1.0000, top5_acc: 1.0000, loss_cls: 0.0133, loss: 0.0133
2026-08-04 07:32:58,961 - pyskl - INFO - Epoch [14][11900/12529]	lr: 4.996e-04, eta: 15:07:05, time: 2.092, data_time: 0.000, memory: 2640, top1_acc: 1.0000, top5_acc: 1.0000, loss_cls: 0.0134, loss: 0.0134
2026-08-04 07:36:28,904 - pyskl - INFO - Epoch [14][12000/12529]	lr: 4.958e-04, eta: 15:03:33, time: 2.099, data_time: 0.000, memory: 2640, top1_acc: 1.0000, top5_acc: 1.0000, loss_cls: 0.0141, loss: 0.0141
2026-08-04 07:39:58,358 - pyskl - INFO - Epoch [14][12100/12529]	lr: 4.920e-04, eta: 15:00:01, time: 2.095, data_time: 0.000, memory: 2640, top1_acc: 0.9994, top5_acc: 1.0000, loss_cls: 0.0159, loss: 0.0159
2026-08-04 07:43:27,345 - pyskl - INFO - Epoch [14][12200/12529]	lr: 4.882e-04, eta: 14:56:29, time: 2.090, data_time: 0.000, memory: 2640, top1_acc: 0.9994, top5_acc: 1.0000, loss_cls: 0.0148, loss: 0.0148
2026-08-04 07:46:57,213 - pyskl - INFO - Epoch [14][12300/12529]	lr: 4.844e-04, eta: 14:52:56, time: 2.099, data_time: 0.000, memory: 2640, top1_acc: 1.0000, top5_acc: 1.0000, loss_cls: 0.0138, loss: 0.0138
2026-08-04 07:50:26,429 - pyskl - INFO - Epoch [14][12400/12529]	lr: 4.806e-04, eta: 14:49:24, time: 2.092, data_time: 0.000, memory: 2640, top1_acc: 1.0000, top5_acc: 1.0000, loss_cls: 0.0116, loss: 0.0116
2026-08-04 07:53:56,132 - pyskl - INFO - Epoch [14][12500/12529]	lr: 4.769e-04, eta: 14:45:52, time: 2.097, data_time: 0.000, memory: 2640, top1_acc: 1.0000, top5_acc: 1.0000, loss_cls: 0.0133, loss: 0.0133
2026-08-04 07:54:56,653 - pyskl - INFO - Saving checkpoint at 14 epochs
2026-08-04 08:28:19,831 - pyskl - INFO - Evaluating top_k_accuracy ...
2026-08-04 08:28:19,893 - pyskl - INFO - 
top1_acc	0.8875
top5_acc	0.9770
2026-08-04 08:28:19,895 - pyskl - INFO - The previous best checkpoint D:\YXJProject\pythonProject\pyskl\work_dirs\stgcn++\ntu60_xsub_3dkp\j_single_gpu\best_top1_acc_epoch_13.pth was removed
2026-08-04 08:28:20,053 - pyskl - INFO - Now best checkpoint is saved as best_top1_acc_epoch_14.pth.
2026-08-04 08:28:20,053 - pyskl - INFO - Best top1_acc is 0.8875 at 14 epoch.
2026-08-04 08:28:20,056 - pyskl - INFO - Epoch(val) [14][1031]	top1_acc: 0.8875, top5_acc: 0.9770
2026-08-04 08:32:12,723 - pyskl - INFO - Epoch [15][100/12529]	lr: 4.720e-04, eta: 14:41:13, time: 2.327, data_time: 0.217, memory: 2640, top1_acc: 1.0000, top5_acc: 1.0000, loss_cls: 0.0134, loss: 0.0134
2026-08-04 08:35:42,952 - pyskl - INFO - Epoch [15][200/12529]	lr: 4.683e-04, eta: 14:37:41, time: 2.102, data_time: 0.000, memory: 2640, top1_acc: 0.9994, top5_acc: 1.0000, loss_cls: 0.0117, loss: 0.0117
2026-08-04 08:39:12,529 - pyskl - INFO - Epoch [15][300/12529]	lr: 4.646e-04, eta: 14:34:09, time: 2.096, data_time: 0.000, memory: 2640, top1_acc: 1.0000, top5_acc: 1.0000, loss_cls: 0.0120, loss: 0.0120
2026-08-04 08:42:42,401 - pyskl - INFO - Epoch [15][400/12529]	lr: 4.609e-04, eta: 14:30:36, time: 2.099, data_time: 0.000, memory: 2640, top1_acc: 1.0000, top5_acc: 1.0000, loss_cls: 0.0147, loss: 0.0147
2026-08-04 08:46:12,484 - pyskl - INFO - Epoch [15][500/12529]	lr: 4.572e-04, eta: 14:27:04, time: 2.101, data_time: 0.000, memory: 2640, top1_acc: 1.0000, top5_acc: 1.0000, loss_cls: 0.0120, loss: 0.0120
2026-08-04 08:49:42,075 - pyskl - INFO - Epoch [15][600/12529]	lr: 4.536e-04, eta: 14:23:32, time: 2.096, data_time: 0.000, memory: 2640, top1_acc: 1.0000, top5_acc: 1.0000, loss_cls: 0.0126, loss: 0.0126
2026-08-04 08:53:11,901 - pyskl - INFO - Epoch [15][700/12529]	lr: 4.499e-04, eta: 14:20:00, time: 2.098, data_time: 0.000, memory: 2640, top1_acc: 1.0000, top5_acc: 1.0000, loss_cls: 0.0128, loss: 0.0128
2026-08-04 08:56:42,155 - pyskl - INFO - Epoch [15][800/12529]	lr: 4.463e-04, eta: 14:16:28, time: 2.103, data_time: 0.000, memory: 2640, top1_acc: 0.9994, top5_acc: 1.0000, loss_cls: 0.0124, loss: 0.0124
2026-08-04 09:00:12,230 - pyskl - INFO - Epoch [15][900/12529]	lr: 4.426e-04, eta: 14:12:56, time: 2.101, data_time: 0.000, memory: 2640, top1_acc: 1.0000, top5_acc: 1.0000, loss_cls: 0.0118, loss: 0.0118
2026-08-04 09:03:41,431 - pyskl - INFO - Epoch [15][1000/12529]	lr: 4.390e-04, eta: 14:09:24, time: 2.092, data_time: 0.000, memory: 2640, top1_acc: 0.9994, top5_acc: 1.0000, loss_cls: 0.0134, loss: 0.0134
2026-08-04 09:07:11,371 - pyskl - INFO - Epoch [15][1100/12529]	lr: 4.354e-04, eta: 14:05:52, time: 2.099, data_time: 0.000, memory: 2640, top1_acc: 1.0000, top5_acc: 1.0000, loss_cls: 0.0126, loss: 0.0126
2026-08-04 09:10:40,908 - pyskl - INFO - Epoch [15][1200/12529]	lr: 4.318e-04, eta: 14:02:19, time: 2.095, data_time: 0.000, memory: 2640, top1_acc: 0.9994, top5_acc: 1.0000, loss_cls: 0.0124, loss: 0.0124
2026-08-04 09:14:10,606 - pyskl - INFO - Epoch [15][1300/12529]	lr: 4.283e-04, eta: 13:58:47, time: 2.097, data_time: 0.000, memory: 2640, top1_acc: 1.0000, top5_acc: 1.0000, loss_cls: 0.0123, loss: 0.0123
2026-08-04 09:17:40,608 - pyskl - INFO - Epoch [15][1400/12529]	lr: 4.247e-04, eta: 13:55:15, time: 2.100, data_time: 0.000, memory: 2640, top1_acc: 0.9994, top5_acc: 1.0000, loss_cls: 0.0157, loss: 0.0157
2026-08-04 09:21:10,767 - pyskl - INFO - Epoch [15][1500/12529]	lr: 4.212e-04, eta: 13:51:43, time: 2.102, data_time: 0.000, memory: 2640, top1_acc: 0.9988, top5_acc: 1.0000, loss_cls: 0.0138, loss: 0.0138
2026-08-04 09:24:40,774 - pyskl - INFO - Epoch [15][1600/12529]	lr: 4.176e-04, eta: 13:48:11, time: 2.100, data_time: 0.000, memory: 2640, top1_acc: 1.0000, top5_acc: 1.0000, loss_cls: 0.0111, loss: 0.0111
2026-08-04 09:28:10,051 - pyskl - INFO - Epoch [15][1700/12529]	lr: 4.141e-04, eta: 13:44:39, time: 2.093, data_time: 0.000, memory: 2640, top1_acc: 1.0000, top5_acc: 1.0000, loss_cls: 0.0117, loss: 0.0117
2026-08-04 09:31:39,632 - pyskl - INFO - Epoch [15][1800/12529]	lr: 4.106e-04, eta: 13:41:07, time: 2.096, data_time: 0.000, memory: 2640, top1_acc: 1.0000, top5_acc: 1.0000, loss_cls: 0.0152, loss: 0.0152
2026-08-04 09:35:08,671 - pyskl - INFO - Epoch [15][1900/12529]	lr: 4.071e-04, eta: 13:37:35, time: 2.090, data_time: 0.000, memory: 2640, top1_acc: 1.0000, top5_acc: 1.0000, loss_cls: 0.0114, loss: 0.0114
2026-08-04 09:38:39,201 - pyskl - INFO - Epoch [15][2000/12529]	lr: 4.037e-04, eta: 13:34:03, time: 2.105, data_time: 0.000, memory: 2640, top1_acc: 1.0000, top5_acc: 1.0000, loss_cls: 0.0120, loss: 0.0120
2026-08-04 09:42:08,817 - pyskl - INFO - Epoch [15][2100/12529]	lr: 4.002e-04, eta: 13:30:31, time: 2.096, data_time: 0.000, memory: 2640, top1_acc: 0.9994, top5_acc: 1.0000, loss_cls: 0.0128, loss: 0.0128
2026-08-04 09:45:38,616 - pyskl - INFO - Epoch [15][2200/12529]	lr: 3.968e-04, eta: 13:26:58, time: 2.098, data_time: 0.000, memory: 2640, top1_acc: 1.0000, top5_acc: 1.0000, loss_cls: 0.0129, loss: 0.0129
2026-08-04 09:49:07,794 - pyskl - INFO - Epoch [15][2300/12529]	lr: 3.933e-04, eta: 13:23:26, time: 2.092, data_time: 0.000, memory: 2640, top1_acc: 0.9988, top5_acc: 1.0000, loss_cls: 0.0135, loss: 0.0135
2026-08-04 09:52:37,687 - pyskl - INFO - Epoch [15][2400/12529]	lr: 3.899e-04, eta: 13:19:54, time: 2.099, data_time: 0.000, memory: 2640, top1_acc: 1.0000, top5_acc: 1.0000, loss_cls: 0.0122, loss: 0.0122
2026-08-04 09:56:07,962 - pyskl - INFO - Epoch [15][2500/12529]	lr: 3.865e-04, eta: 13:16:22, time: 2.103, data_time: 0.000, memory: 2640, top1_acc: 0.9994, top5_acc: 1.0000, loss_cls: 0.0129, loss: 0.0129
2026-08-04 09:59:38,306 - pyskl - INFO - Epoch [15][2600/12529]	lr: 3.832e-04, eta: 13:12:50, time: 2.103, data_time: 0.000, memory: 2640, top1_acc: 0.9994, top5_acc: 1.0000, loss_cls: 0.0142, loss: 0.0142
2026-08-04 10:03:08,251 - pyskl - INFO - Epoch [15][2700/12529]	lr: 3.798e-04, eta: 13:09:18, time: 2.099, data_time: 0.000, memory: 2640, top1_acc: 0.9994, top5_acc: 1.0000, loss_cls: 0.0142, loss: 0.0142
2026-08-04 10:06:38,244 - pyskl - INFO - Epoch [15][2800/12529]	lr: 3.764e-04, eta: 13:05:46, time: 2.100, data_time: 0.000, memory: 2640, top1_acc: 1.0000, top5_acc: 1.0000, loss_cls: 0.0122, loss: 0.0122
2026-08-04 10:10:08,187 - pyskl - INFO - Epoch [15][2900/12529]	lr: 3.731e-04, eta: 13:02:14, time: 2.099, data_time: 0.000, memory: 2640, top1_acc: 0.9994, top5_acc: 1.0000, loss_cls: 0.0121, loss: 0.0121
2026-08-04 10:13:38,269 - pyskl - INFO - Epoch [15][3000/12529]	lr: 3.698e-04, eta: 12:58:42, time: 2.101, data_time: 0.000, memory: 2640, top1_acc: 1.0000, top5_acc: 1.0000, loss_cls: 0.0128, loss: 0.0128
2026-08-04 10:17:08,092 - pyskl - INFO - Epoch [15][3100/12529]	lr: 3.664e-04, eta: 12:55:10, time: 2.098, data_time: 0.000, memory: 2640, top1_acc: 1.0000, top5_acc: 1.0000, loss_cls: 0.0128, loss: 0.0128
2026-08-04 10:20:38,271 - pyskl - INFO - Epoch [15][3200/12529]	lr: 3.632e-04, eta: 12:51:38, time: 2.102, data_time: 0.000, memory: 2640, top1_acc: 0.9994, top5_acc: 1.0000, loss_cls: 0.0146, loss: 0.0146
2026-08-04 10:24:08,204 - pyskl - INFO - Epoch [15][3300/12529]	lr: 3.599e-04, eta: 12:48:06, time: 2.099, data_time: 0.000, memory: 2640, top1_acc: 0.9994, top5_acc: 1.0000, loss_cls: 0.0144, loss: 0.0144
2026-08-04 10:27:38,497 - pyskl - INFO - Epoch [15][3400/12529]	lr: 3.566e-04, eta: 12:44:34, time: 2.103, data_time: 0.000, memory: 2640, top1_acc: 0.9988, top5_acc: 1.0000, loss_cls: 0.0150, loss: 0.0150
2026-08-04 10:31:07,610 - pyskl - INFO - Epoch [15][3500/12529]	lr: 3.533e-04, eta: 12:41:02, time: 2.091, data_time: 0.000, memory: 2640, top1_acc: 1.0000, top5_acc: 1.0000, loss_cls: 0.0116, loss: 0.0116
2026-08-04 10:34:37,307 - pyskl - INFO - Epoch [15][3600/12529]	lr: 3.501e-04, eta: 12:37:30, time: 2.097, data_time: 0.000, memory: 2640, top1_acc: 0.9994, top5_acc: 1.0000, loss_cls: 0.0122, loss: 0.0122
2026-08-04 10:38:07,196 - pyskl - INFO - Epoch [15][3700/12529]	lr: 3.469e-04, eta: 12:33:58, time: 2.099, data_time: 0.000, memory: 2640, top1_acc: 1.0000, top5_acc: 1.0000, loss_cls: 0.0124, loss: 0.0124
2026-08-04 10:41:36,497 - pyskl - INFO - Epoch [15][3800/12529]	lr: 3.437e-04, eta: 12:30:26, time: 2.093, data_time: 0.000, memory: 2640, top1_acc: 1.0000, top5_acc: 1.0000, loss_cls: 0.0112, loss: 0.0112
2026-08-04 10:45:06,881 - pyskl - INFO - Epoch [15][3900/12529]	lr: 3.405e-04, eta: 12:26:54, time: 2.104, data_time: 0.000, memory: 2640, top1_acc: 1.0000, top5_acc: 1.0000, loss_cls: 0.0115, loss: 0.0115
2026-08-04 10:48:36,021 - pyskl - INFO - Epoch [15][4000/12529]	lr: 3.373e-04, eta: 12:23:21, time: 2.091, data_time: 0.000, memory: 2640, top1_acc: 0.9988, top5_acc: 1.0000, loss_cls: 0.0140, loss: 0.0140
2026-08-04 10:52:05,840 - pyskl - INFO - Epoch [15][4100/12529]	lr: 3.341e-04, eta: 12:19:49, time: 2.098, data_time: 0.000, memory: 2640, top1_acc: 1.0000, top5_acc: 1.0000, loss_cls: 0.0125, loss: 0.0125
2026-08-04 10:55:36,337 - pyskl - INFO - Epoch [15][4200/12529]	lr: 3.310e-04, eta: 12:16:17, time: 2.105, data_time: 0.000, memory: 2640, top1_acc: 1.0000, top5_acc: 1.0000, loss_cls: 0.0120, loss: 0.0120
2026-08-04 10:59:06,231 - pyskl - INFO - Epoch [15][4300/12529]	lr: 3.278e-04, eta: 12:12:45, time: 2.099, data_time: 0.000, memory: 2640, top1_acc: 0.9994, top5_acc: 1.0000, loss_cls: 0.0149, loss: 0.0149
2026-08-04 11:02:36,300 - pyskl - INFO - Epoch [15][4400/12529]	lr: 3.247e-04, eta: 12:09:13, time: 2.101, data_time: 0.000, memory: 2640, top1_acc: 0.9994, top5_acc: 1.0000, loss_cls: 0.0134, loss: 0.0134
2026-08-04 11:06:06,525 - pyskl - INFO - Epoch [15][4500/12529]	lr: 3.216e-04, eta: 12:05:41, time: 2.102, data_time: 0.000, memory: 2640, top1_acc: 1.0000, top5_acc: 1.0000, loss_cls: 0.0122, loss: 0.0122
2026-08-04 11:09:36,427 - pyskl - INFO - Epoch [15][4600/12529]	lr: 3.185e-04, eta: 12:02:09, time: 2.099, data_time: 0.000, memory: 2640, top1_acc: 0.9994, top5_acc: 1.0000, loss_cls: 0.0131, loss: 0.0131
2026-08-04 11:13:06,506 - pyskl - INFO - Epoch [15][4700/12529]	lr: 3.154e-04, eta: 11:58:37, time: 2.101, data_time: 0.000, memory: 2640, top1_acc: 1.0000, top5_acc: 1.0000, loss_cls: 0.0113, loss: 0.0113
2026-08-04 11:16:36,699 - pyskl - INFO - Epoch [15][4800/12529]	lr: 3.124e-04, eta: 11:55:05, time: 2.102, data_time: 0.000, memory: 2640, top1_acc: 1.0000, top5_acc: 1.0000, loss_cls: 0.0115, loss: 0.0115
2026-08-04 11:20:05,981 - pyskl - INFO - Epoch [15][4900/12529]	lr: 3.093e-04, eta: 11:51:33, time: 2.093, data_time: 0.000, memory: 2640, top1_acc: 1.0000, top5_acc: 1.0000, loss_cls: 0.0125, loss: 0.0125
2026-08-04 11:23:35,822 - pyskl - INFO - Epoch [15][5000/12529]	lr: 3.063e-04, eta: 11:48:01, time: 2.098, data_time: 0.000, memory: 2640, top1_acc: 1.0000, top5_acc: 1.0000, loss_cls: 0.0130, loss: 0.0130
2026-08-04 11:27:05,686 - pyskl - INFO - Epoch [15][5100/12529]	lr: 3.033e-04, eta: 11:44:29, time: 2.099, data_time: 0.000, memory: 2640, top1_acc: 0.9994, top5_acc: 1.0000, loss_cls: 0.0130, loss: 0.0130
2026-08-04 11:30:35,664 - pyskl - INFO - Epoch [15][5200/12529]	lr: 3.003e-04, eta: 11:40:57, time: 2.100, data_time: 0.000, memory: 2640, top1_acc: 0.9994, top5_acc: 1.0000, loss_cls: 0.0132, loss: 0.0132
2026-08-04 11:34:05,224 - pyskl - INFO - Epoch [15][5300/12529]	lr: 2.973e-04, eta: 11:37:25, time: 2.096, data_time: 0.000, memory: 2640, top1_acc: 0.9994, top5_acc: 1.0000, loss_cls: 0.0140, loss: 0.0140
2026-08-04 11:37:34,995 - pyskl - INFO - Epoch [15][5400/12529]	lr: 2.943e-04, eta: 11:33:53, time: 2.098, data_time: 0.000, memory: 2640, top1_acc: 1.0000, top5_acc: 1.0000, loss_cls: 0.0111, loss: 0.0111
2026-08-04 11:41:04,585 - pyskl - INFO - Epoch [15][5500/12529]	lr: 2.913e-04, eta: 11:30:21, time: 2.096, data_time: 0.000, memory: 2640, top1_acc: 0.9994, top5_acc: 1.0000, loss_cls: 0.0115, loss: 0.0115
2026-08-04 11:44:34,999 - pyskl - INFO - Epoch [15][5600/12529]	lr: 2.884e-04, eta: 11:26:49, time: 2.104, data_time: 0.000, memory: 2640, top1_acc: 0.9981, top5_acc: 1.0000, loss_cls: 0.0140, loss: 0.0140
2026-08-04 11:48:05,341 - pyskl - INFO - Epoch [15][5700/12529]	lr: 2.854e-04, eta: 11:23:17, time: 2.103, data_time: 0.000, memory: 2640, top1_acc: 0.9994, top5_acc: 1.0000, loss_cls: 0.0131, loss: 0.0131
2026-08-04 11:51:35,260 - pyskl - INFO - Epoch [15][5800/12529]	lr: 2.825e-04, eta: 11:19:45, time: 2.099, data_time: 0.000, memory: 2640, top1_acc: 1.0000, top5_acc: 1.0000, loss_cls: 0.0129, loss: 0.0129
2026-08-04 11:55:05,460 - pyskl - INFO - Epoch [15][5900/12529]	lr: 2.796e-04, eta: 11:16:13, time: 2.102, data_time: 0.000, memory: 2640, top1_acc: 0.9994, top5_acc: 1.0000, loss_cls: 0.0131, loss: 0.0131
2026-08-04 11:58:35,589 - pyskl - INFO - Epoch [15][6000/12529]	lr: 2.767e-04, eta: 11:12:41, time: 2.101, data_time: 0.000, memory: 2640, top1_acc: 1.0000, top5_acc: 1.0000, loss_cls: 0.0135, loss: 0.0135
2026-08-04 12:02:05,431 - pyskl - INFO - Epoch [15][6100/12529]	lr: 2.738e-04, eta: 11:09:10, time: 2.098, data_time: 0.000, memory: 2640, top1_acc: 1.0000, top5_acc: 1.0000, loss_cls: 0.0118, loss: 0.0118
2026-08-04 12:05:34,725 - pyskl - INFO - Epoch [15][6200/12529]	lr: 2.710e-04, eta: 11:05:37, time: 2.093, data_time: 0.000, memory: 2640, top1_acc: 0.9994, top5_acc: 1.0000, loss_cls: 0.0127, loss: 0.0127
2026-08-04 12:09:04,597 - pyskl - INFO - Epoch [15][6300/12529]	lr: 2.681e-04, eta: 11:02:05, time: 2.099, data_time: 0.000, memory: 2640, top1_acc: 1.0000, top5_acc: 1.0000, loss_cls: 0.0105, loss: 0.0105
2026-08-04 12:12:34,108 - pyskl - INFO - Epoch [15][6400/12529]	lr: 2.653e-04, eta: 10:58:33, time: 2.095, data_time: 0.000, memory: 2640, top1_acc: 0.9994, top5_acc: 1.0000, loss_cls: 0.0154, loss: 0.0154
2026-08-04 12:16:06,953 - pyskl - INFO - Epoch [15][6500/12529]	lr: 2.625e-04, eta: 10:55:02, time: 2.128, data_time: 0.000, memory: 2640, top1_acc: 1.0000, top5_acc: 1.0000, loss_cls: 0.0123, loss: 0.0123
2026-08-04 12:19:41,097 - pyskl - INFO - Epoch [15][6600/12529]	lr: 2.597e-04, eta: 10:51:30, time: 2.141, data_time: 0.000, memory: 2640, top1_acc: 1.0000, top5_acc: 1.0000, loss_cls: 0.0118, loss: 0.0118
2026-08-04 12:23:14,439 - pyskl - INFO - Epoch [15][6700/12529]	lr: 2.569e-04, eta: 10:47:59, time: 2.133, data_time: 0.000, memory: 2640, top1_acc: 1.0000, top5_acc: 1.0000, loss_cls: 0.0116, loss: 0.0116
2026-08-04 12:26:48,214 - pyskl - INFO - Epoch [15][6800/12529]	lr: 2.541e-04, eta: 10:44:27, time: 2.138, data_time: 0.000, memory: 2640, top1_acc: 0.9994, top5_acc: 1.0000, loss_cls: 0.0141, loss: 0.0141
2026-08-04 12:30:22,132 - pyskl - INFO - Epoch [15][6900/12529]	lr: 2.514e-04, eta: 10:40:55, time: 2.139, data_time: 0.000, memory: 2640, top1_acc: 0.9994, top5_acc: 1.0000, loss_cls: 0.0134, loss: 0.0134
2026-08-04 12:33:55,942 - pyskl - INFO - Epoch [15][7000/12529]	lr: 2.486e-04, eta: 10:37:24, time: 2.138, data_time: 0.000, memory: 2640, top1_acc: 1.0000, top5_acc: 1.0000, loss_cls: 0.0115, loss: 0.0115
2026-08-04 12:37:30,241 - pyskl - INFO - Epoch [15][7100/12529]	lr: 2.459e-04, eta: 10:33:52, time: 2.143, data_time: 0.000, memory: 2640, top1_acc: 1.0000, top5_acc: 1.0000, loss_cls: 0.0117, loss: 0.0117
2026-08-04 12:41:04,951 - pyskl - INFO - Epoch [15][7200/12529]	lr: 2.432e-04, eta: 10:30:21, time: 2.147, data_time: 0.000, memory: 2640, top1_acc: 1.0000, top5_acc: 1.0000, loss_cls: 0.0117, loss: 0.0117
2026-08-04 12:44:38,978 - pyskl - INFO - Epoch [15][7300/12529]	lr: 2.405e-04, eta: 10:26:49, time: 2.140, data_time: 0.000, memory: 2640, top1_acc: 0.9981, top5_acc: 1.0000, loss_cls: 0.0148, loss: 0.0148
2026-08-04 12:48:12,596 - pyskl - INFO - Epoch [15][7400/12529]	lr: 2.378e-04, eta: 10:23:18, time: 2.136, data_time: 0.000, memory: 2640, top1_acc: 1.0000, top5_acc: 1.0000, loss_cls: 0.0121, loss: 0.0121
2026-08-04 12:51:45,946 - pyskl - INFO - Epoch [15][7500/12529]	lr: 2.351e-04, eta: 10:19:46, time: 2.134, data_time: 0.000, memory: 2640, top1_acc: 0.9994, top5_acc: 1.0000, loss_cls: 0.0121, loss: 0.0121
2026-08-04 12:55:19,927 - pyskl - INFO - Epoch [15][7600/12529]	lr: 2.325e-04, eta: 10:16:14, time: 2.140, data_time: 0.000, memory: 2640, top1_acc: 0.9994, top5_acc: 1.0000, loss_cls: 0.0126, loss: 0.0126
2026-08-04 12:58:53,590 - pyskl - INFO - Epoch [15][7700/12529]	lr: 2.299e-04, eta: 10:12:43, time: 2.137, data_time: 0.000, memory: 2640, top1_acc: 0.9981, top5_acc: 1.0000, loss_cls: 0.0141, loss: 0.0141
2026-08-04 13:02:27,603 - pyskl - INFO - Epoch [15][7800/12529]	lr: 2.272e-04, eta: 10:09:11, time: 2.140, data_time: 0.000, memory: 2640, top1_acc: 1.0000, top5_acc: 1.0000, loss_cls: 0.0145, loss: 0.0145
2026-08-04 13:06:01,170 - pyskl - INFO - Epoch [15][7900/12529]	lr: 2.246e-04, eta: 10:05:40, time: 2.136, data_time: 0.000, memory: 2640, top1_acc: 1.0000, top5_acc: 1.0000, loss_cls: 0.0111, loss: 0.0111
2026-08-04 13:09:35,254 - pyskl - INFO - Epoch [15][8000/12529]	lr: 2.220e-04, eta: 10:02:08, time: 2.141, data_time: 0.000, memory: 2640, top1_acc: 0.9981, top5_acc: 1.0000, loss_cls: 0.0135, loss: 0.0135
2026-08-04 13:13:08,991 - pyskl - INFO - Epoch [15][8100/12529]	lr: 2.194e-04, eta: 9:58:36, time: 2.137, data_time: 0.000, memory: 2640, top1_acc: 1.0000, top5_acc: 1.0000, loss_cls: 0.0100, loss: 0.0100
2026-08-04 13:16:43,146 - pyskl - INFO - Epoch [15][8200/12529]	lr: 2.169e-04, eta: 9:55:05, time: 2.142, data_time: 0.000, memory: 2640, top1_acc: 1.0000, top5_acc: 1.0000, loss_cls: 0.0116, loss: 0.0116
2026-08-04 13:20:17,354 - pyskl - INFO - Epoch [15][8300/12529]	lr: 2.143e-04, eta: 9:51:33, time: 2.142, data_time: 0.000, memory: 2640, top1_acc: 0.9988, top5_acc: 1.0000, loss_cls: 0.0145, loss: 0.0145
2026-08-04 13:23:50,703 - pyskl - INFO - Epoch [15][8400/12529]	lr: 2.118e-04, eta: 9:48:02, time: 2.133, data_time: 0.000, memory: 2640, top1_acc: 0.9988, top5_acc: 1.0000, loss_cls: 0.0156, loss: 0.0156
2026-08-04 13:27:24,356 - pyskl - INFO - Epoch [15][8500/12529]	lr: 2.093e-04, eta: 9:44:30, time: 2.137, data_time: 0.000, memory: 2640, top1_acc: 1.0000, top5_acc: 1.0000, loss_cls: 0.0116, loss: 0.0116
2026-08-04 13:30:58,041 - pyskl - INFO - Epoch [15][8600/12529]	lr: 2.068e-04, eta: 9:40:58, time: 2.137, data_time: 0.000, memory: 2640, top1_acc: 1.0000, top5_acc: 1.0000, loss_cls: 0.0119, loss: 0.0119
2026-08-04 13:34:31,866 - pyskl - INFO - Epoch [15][8700/12529]	lr: 2.043e-04, eta: 9:37:27, time: 2.138, data_time: 0.000, memory: 2640, top1_acc: 1.0000, top5_acc: 1.0000, loss_cls: 0.0114, loss: 0.0114
2026-08-04 13:38:05,432 - pyskl - INFO - Epoch [15][8800/12529]	lr: 2.018e-04, eta: 9:33:55, time: 2.136, data_time: 0.000, memory: 2640, top1_acc: 0.9988, top5_acc: 1.0000, loss_cls: 0.0137, loss: 0.0137
2026-08-04 13:41:39,422 - pyskl - INFO - Epoch [15][8900/12529]	lr: 1.993e-04, eta: 9:30:23, time: 2.140, data_time: 0.000, memory: 2640, top1_acc: 1.0000, top5_acc: 1.0000, loss_cls: 0.0105, loss: 0.0105
2026-08-04 13:45:13,347 - pyskl - INFO - Epoch [15][9000/12529]	lr: 1.969e-04, eta: 9:26:52, time: 2.139, data_time: 0.000, memory: 2640, top1_acc: 1.0000, top5_acc: 1.0000, loss_cls: 0.0122, loss: 0.0122
2026-08-04 13:48:47,047 - pyskl - INFO - Epoch [15][9100/12529]	lr: 1.945e-04, eta: 9:23:20, time: 2.137, data_time: 0.000, memory: 2640, top1_acc: 0.9994, top5_acc: 1.0000, loss_cls: 0.0142, loss: 0.0142
2026-08-04 13:52:20,831 - pyskl - INFO - Epoch [15][9200/12529]	lr: 1.920e-04, eta: 9:19:49, time: 2.138, data_time: 0.000, memory: 2640, top1_acc: 0.9994, top5_acc: 1.0000, loss_cls: 0.0132, loss: 0.0132
2026-08-04 13:55:54,456 - pyskl - INFO - Epoch [15][9300/12529]	lr: 1.896e-04, eta: 9:16:17, time: 2.136, data_time: 0.000, memory: 2640, top1_acc: 1.0000, top5_acc: 1.0000, loss_cls: 0.0111, loss: 0.0111
2026-08-04 13:59:28,334 - pyskl - INFO - Epoch [15][9400/12529]	lr: 1.873e-04, eta: 9:12:45, time: 2.139, data_time: 0.000, memory: 2640, top1_acc: 0.9994, top5_acc: 1.0000, loss_cls: 0.0145, loss: 0.0145
2026-08-04 14:03:02,507 - pyskl - INFO - Epoch [15][9500/12529]	lr: 1.849e-04, eta: 9:09:14, time: 2.142, data_time: 0.000, memory: 2640, top1_acc: 1.0000, top5_acc: 1.0000, loss_cls: 0.0111, loss: 0.0111
2026-08-04 14:06:36,393 - pyskl - INFO - Epoch [15][9600/12529]	lr: 1.825e-04, eta: 9:05:42, time: 2.139, data_time: 0.000, memory: 2640, top1_acc: 1.0000, top5_acc: 1.0000, loss_cls: 0.0117, loss: 0.0117
2026-08-04 14:10:09,605 - pyskl - INFO - Epoch [15][9700/12529]	lr: 1.802e-04, eta: 9:02:10, time: 2.132, data_time: 0.000, memory: 2640, top1_acc: 0.9994, top5_acc: 1.0000, loss_cls: 0.0134, loss: 0.0134
2026-08-04 14:13:43,463 - pyskl - INFO - Epoch [15][9800/12529]	lr: 1.779e-04, eta: 8:58:39, time: 2.139, data_time: 0.000, memory: 2640, top1_acc: 1.0000, top5_acc: 1.0000, loss_cls: 0.0116, loss: 0.0116
2026-08-04 14:17:17,844 - pyskl - INFO - Epoch [15][9900/12529]	lr: 1.755e-04, eta: 8:55:07, time: 2.144, data_time: 0.000, memory: 2640, top1_acc: 1.0000, top5_acc: 1.0000, loss_cls: 0.0106, loss: 0.0106
2026-08-04 14:20:53,036 - pyskl - INFO - Epoch [15][10000/12529]	lr: 1.732e-04, eta: 8:51:35, time: 2.152, data_time: 0.000, memory: 2640, top1_acc: 1.0000, top5_acc: 1.0000, loss_cls: 0.0113, loss: 0.0113
2026-08-04 14:24:27,616 - pyskl - INFO - Epoch [15][10100/12529]	lr: 1.710e-04, eta: 8:48:04, time: 2.146, data_time: 0.000, memory: 2640, top1_acc: 0.9988, top5_acc: 1.0000, loss_cls: 0.0131, loss: 0.0131
2026-08-04 14:28:01,255 - pyskl - INFO - Epoch [15][10200/12529]	lr: 1.687e-04, eta: 8:44:32, time: 2.136, data_time: 0.000, memory: 2640, top1_acc: 0.9994, top5_acc: 1.0000, loss_cls: 0.0121, loss: 0.0121
2026-08-04 14:31:35,534 - pyskl - INFO - Epoch [15][10300/12529]	lr: 1.664e-04, eta: 8:41:01, time: 2.143, data_time: 0.000, memory: 2640, top1_acc: 0.9988, top5_acc: 1.0000, loss_cls: 0.0145, loss: 0.0145
2026-08-04 14:35:09,539 - pyskl - INFO - Epoch [15][10400/12529]	lr: 1.642e-04, eta: 8:37:29, time: 2.140, data_time: 0.000, memory: 2640, top1_acc: 0.9981, top5_acc: 1.0000, loss_cls: 0.0144, loss: 0.0144
2026-08-04 14:38:43,555 - pyskl - INFO - Epoch [15][10500/12529]	lr: 1.620e-04, eta: 8:33:57, time: 2.140, data_time: 0.000, memory: 2640, top1_acc: 0.9994, top5_acc: 1.0000, loss_cls: 0.0131, loss: 0.0131
2026-08-04 14:42:17,383 - pyskl - INFO - Epoch [15][10600/12529]	lr: 1.598e-04, eta: 8:30:26, time: 2.138, data_time: 0.000, memory: 2640, top1_acc: 0.9994, top5_acc: 1.0000, loss_cls: 0.0111, loss: 0.0111
2026-08-04 14:45:51,745 - pyskl - INFO - Epoch [15][10700/12529]	lr: 1.576e-04, eta: 8:26:54, time: 2.144, data_time: 0.000, memory: 2640, top1_acc: 0.9994, top5_acc: 1.0000, loss_cls: 0.0130, loss: 0.0130
2026-08-04 14:49:25,760 - pyskl - INFO - Epoch [15][10800/12529]	lr: 1.554e-04, eta: 8:23:22, time: 2.140, data_time: 0.000, memory: 2640, top1_acc: 0.9988, top5_acc: 1.0000, loss_cls: 0.0144, loss: 0.0144
2026-08-04 14:52:59,865 - pyskl - INFO - Epoch [15][10900/12529]	lr: 1.532e-04, eta: 8:19:51, time: 2.141, data_time: 0.000, memory: 2640, top1_acc: 1.0000, top5_acc: 1.0000, loss_cls: 0.0124, loss: 0.0124
2026-08-04 14:56:33,983 - pyskl - INFO - Epoch [15][11000/12529]	lr: 1.511e-04, eta: 8:16:19, time: 2.141, data_time: 0.000, memory: 2640, top1_acc: 1.0000, top5_acc: 1.0000, loss_cls: 0.0121, loss: 0.0121
2026-08-04 15:00:07,692 - pyskl - INFO - Epoch [15][11100/12529]	lr: 1.490e-04, eta: 8:12:47, time: 2.137, data_time: 0.000, memory: 2640, top1_acc: 0.9994, top5_acc: 1.0000, loss_cls: 0.0108, loss: 0.0108
2026-08-04 15:03:41,672 - pyskl - INFO - Epoch [15][11200/12529]	lr: 1.468e-04, eta: 8:09:16, time: 2.140, data_time: 0.000, memory: 2640, top1_acc: 0.9994, top5_acc: 1.0000, loss_cls: 0.0119, loss: 0.0119
2026-08-04 15:07:15,403 - pyskl - INFO - Epoch [15][11300/12529]	lr: 1.447e-04, eta: 8:05:44, time: 2.137, data_time: 0.000, memory: 2640, top1_acc: 1.0000, top5_acc: 1.0000, loss_cls: 0.0119, loss: 0.0119
2026-08-04 15:10:49,384 - pyskl - INFO - Epoch [15][11400/12529]	lr: 1.426e-04, eta: 8:02:12, time: 2.140, data_time: 0.000, memory: 2640, top1_acc: 0.9988, top5_acc: 1.0000, loss_cls: 0.0142, loss: 0.0142
2026-08-04 15:14:23,229 - pyskl - INFO - Epoch [15][11500/12529]	lr: 1.406e-04, eta: 7:58:41, time: 2.138, data_time: 0.000, memory: 2640, top1_acc: 0.9994, top5_acc: 1.0000, loss_cls: 0.0129, loss: 0.0129
2026-08-04 15:17:56,908 - pyskl - INFO - Epoch [15][11600/12529]	lr: 1.385e-04, eta: 7:55:09, time: 2.137, data_time: 0.000, memory: 2640, top1_acc: 0.9994, top5_acc: 1.0000, loss_cls: 0.0125, loss: 0.0125
2026-08-04 15:21:31,296 - pyskl - INFO - Epoch [15][11700/12529]	lr: 1.365e-04, eta: 7:51:37, time: 2.144, data_time: 0.000, memory: 2640, top1_acc: 0.9988, top5_acc: 1.0000, loss_cls: 0.0148, loss: 0.0148
2026-08-04 15:25:05,169 - pyskl - INFO - Epoch [15][11800/12529]	lr: 1.344e-04, eta: 7:48:05, time: 2.139, data_time: 0.000, memory: 2640, top1_acc: 0.9994, top5_acc: 1.0000, loss_cls: 0.0126, loss: 0.0126
2026-08-04 15:28:39,483 - pyskl - INFO - Epoch [15][11900/12529]	lr: 1.324e-04, eta: 7:44:34, time: 2.143, data_time: 0.000, memory: 2640, top1_acc: 1.0000, top5_acc: 1.0000, loss_cls: 0.0127, loss: 0.0127
2026-08-04 15:32:13,202 - pyskl - INFO - Epoch [15][12000/12529]	lr: 1.304e-04, eta: 7:41:02, time: 2.137, data_time: 0.000, memory: 2640, top1_acc: 0.9981, top5_acc: 1.0000, loss_cls: 0.0159, loss: 0.0159
2026-08-04 15:35:47,574 - pyskl - INFO - Epoch [15][12100/12529]	lr: 1.284e-04, eta: 7:37:30, time: 2.144, data_time: 0.000, memory: 2640, top1_acc: 1.0000, top5_acc: 1.0000, loss_cls: 0.0127, loss: 0.0127
2026-08-04 15:39:21,416 - pyskl - INFO - Epoch [15][12200/12529]	lr: 1.265e-04, eta: 7:33:59, time: 2.138, data_time: 0.000, memory: 2640, top1_acc: 1.0000, top5_acc: 1.0000, loss_cls: 0.0114, loss: 0.0114
2026-08-04 15:42:55,488 - pyskl - INFO - Epoch [15][12300/12529]	lr: 1.245e-04, eta: 7:30:27, time: 2.141, data_time: 0.000, memory: 2640, top1_acc: 0.9994, top5_acc: 1.0000, loss_cls: 0.0130, loss: 0.0130
2026-08-04 15:46:29,163 - pyskl - INFO - Epoch [15][12400/12529]	lr: 1.226e-04, eta: 7:26:55, time: 2.137, data_time: 0.000, memory: 2640, top1_acc: 1.0000, top5_acc: 1.0000, loss_cls: 0.0121, loss: 0.0121
2026-08-04 15:50:02,603 - pyskl - INFO - Epoch [15][12500/12529]	lr: 1.207e-04, eta: 7:23:24, time: 2.134, data_time: 0.000, memory: 2640, top1_acc: 1.0000, top5_acc: 1.0000, loss_cls: 0.0118, loss: 0.0118
2026-08-04 15:51:04,292 - pyskl - INFO - Saving checkpoint at 15 epochs
2026-08-04 16:24:53,136 - pyskl - INFO - Evaluating top_k_accuracy ...
2026-08-04 16:24:53,199 - pyskl - INFO - 
top1_acc	0.8894
top5_acc	0.9779
2026-08-04 16:24:53,201 - pyskl - INFO - The previous best checkpoint D:\YXJProject\pythonProject\pyskl\work_dirs\stgcn++\ntu60_xsub_3dkp\j_single_gpu\best_top1_acc_epoch_14.pth was removed
2026-08-04 16:24:53,363 - pyskl - INFO - Now best checkpoint is saved as best_top1_acc_epoch_15.pth.
2026-08-04 16:24:53,363 - pyskl - INFO - Best top1_acc is 0.8894 at 15 epoch.
2026-08-04 16:24:53,367 - pyskl - INFO - Epoch(val) [15][1031]	top1_acc: 0.8894, top5_acc: 0.9779
2026-08-04 16:28:39,654 - pyskl - INFO - Epoch [16][100/12529]	lr: 1.182e-04, eta: 7:18:47, time: 2.263, data_time: 0.124, memory: 2640, top1_acc: 1.0000, top5_acc: 1.0000, loss_cls: 0.0114, loss: 0.0114
2026-08-04 16:32:13,779 - pyskl - INFO - Epoch [16][200/12529]	lr: 1.163e-04, eta: 7:15:15, time: 2.141, data_time: 0.000, memory: 2640, top1_acc: 0.9994, top5_acc: 1.0000, loss_cls: 0.0144, loss: 0.0144
2026-08-04 16:35:47,875 - pyskl - INFO - Epoch [16][300/12529]	lr: 1.144e-04, eta: 7:11:44, time: 2.141, data_time: 0.000, memory: 2640, top1_acc: 0.9994, top5_acc: 1.0000, loss_cls: 0.0119, loss: 0.0119
2026-08-04 16:39:22,022 - pyskl - INFO - Epoch [16][400/12529]	lr: 1.126e-04, eta: 7:08:12, time: 2.141, data_time: 0.000, memory: 2640, top1_acc: 0.9988, top5_acc: 1.0000, loss_cls: 0.0130, loss: 0.0130
2026-08-04 16:42:56,234 - pyskl - INFO - Epoch [16][500/12529]	lr: 1.107e-04, eta: 7:04:40, time: 2.142, data_time: 0.000, memory: 2640, top1_acc: 0.9981, top5_acc: 1.0000, loss_cls: 0.0162, loss: 0.0162
2026-08-04 16:46:30,297 - pyskl - INFO - Epoch [16][600/12529]	lr: 1.089e-04, eta: 7:01:09, time: 2.141, data_time: 0.000, memory: 2640, top1_acc: 0.9994, top5_acc: 1.0000, loss_cls: 0.0110, loss: 0.0110
2026-08-04 16:50:04,979 - pyskl - INFO - Epoch [16][700/12529]	lr: 1.071e-04, eta: 6:57:37, time: 2.147, data_time: 0.000, memory: 2640, top1_acc: 1.0000, top5_acc: 1.0000, loss_cls: 0.0123, loss: 0.0123
2026-08-04 16:53:39,521 - pyskl - INFO - Epoch [16][800/12529]	lr: 1.053e-04, eta: 6:54:05, time: 2.145, data_time: 0.000, memory: 2640, top1_acc: 1.0000, top5_acc: 1.0000, loss_cls: 0.0111, loss: 0.0111
2026-08-04 16:57:13,902 - pyskl - INFO - Epoch [16][900/12529]	lr: 1.035e-04, eta: 6:50:34, time: 2.144, data_time: 0.000, memory: 2640, top1_acc: 0.9994, top5_acc: 1.0000, loss_cls: 0.0140, loss: 0.0140
2026-08-04 17:00:48,015 - pyskl - INFO - Epoch [16][1000/12529]	lr: 1.018e-04, eta: 6:47:02, time: 2.141, data_time: 0.000, memory: 2640, top1_acc: 1.0000, top5_acc: 1.0000, loss_cls: 0.0094, loss: 0.0094
2026-08-04 17:04:19,639 - pyskl - INFO - Epoch [16][1100/12529]	lr: 1.000e-04, eta: 6:43:30, time: 2.116, data_time: 0.000, memory: 2640, top1_acc: 1.0000, top5_acc: 1.0000, loss_cls: 0.0111, loss: 0.0111
2026-08-04 17:07:49,870 - pyskl - INFO - Epoch [16][1200/12529]	lr: 9.826e-05, eta: 6:39:58, time: 2.102, data_time: 0.000, memory: 2640, top1_acc: 1.0000, top5_acc: 1.0000, loss_cls: 0.0119, loss: 0.0119
2026-08-04 17:11:21,113 - pyskl - INFO - Epoch [16][1300/12529]	lr: 9.654e-05, eta: 6:36:26, time: 2.112, data_time: 0.000, memory: 2640, top1_acc: 0.9994, top5_acc: 1.0000, loss_cls: 0.0133, loss: 0.0133
2026-08-04 17:14:52,205 - pyskl - INFO - Epoch [16][1400/12529]	lr: 9.483e-05, eta: 6:32:55, time: 2.111, data_time: 0.000, memory: 2640, top1_acc: 1.0000, top5_acc: 1.0000, loss_cls: 0.0119, loss: 0.0119
2026-08-04 17:18:23,259 - pyskl - INFO - Epoch [16][1500/12529]	lr: 9.314e-05, eta: 6:29:23, time: 2.111, data_time: 0.000, memory: 2640, top1_acc: 1.0000, top5_acc: 1.0000, loss_cls: 0.0135, loss: 0.0135
2026-08-04 17:21:54,582 - pyskl - INFO - Epoch [16][1600/12529]	lr: 9.147e-05, eta: 6:25:51, time: 2.113, data_time: 0.000, memory: 2640, top1_acc: 1.0000, top5_acc: 1.0000, loss_cls: 0.0115, loss: 0.0115
2026-08-04 17:25:24,655 - pyskl - INFO - Epoch [16][1700/12529]	lr: 8.980e-05, eta: 6:22:19, time: 2.101, data_time: 0.000, memory: 2640, top1_acc: 1.0000, top5_acc: 1.0000, loss_cls: 0.0146, loss: 0.0146
2026-08-04 17:28:55,294 - pyskl - INFO - Epoch [16][1800/12529]	lr: 8.816e-05, eta: 6:18:47, time: 2.106, data_time: 0.000, memory: 2640, top1_acc: 1.0000, top5_acc: 1.0000, loss_cls: 0.0108, loss: 0.0108
2026-08-04 17:32:25,767 - pyskl - INFO - Epoch [16][1900/12529]	lr: 8.652e-05, eta: 6:15:15, time: 2.105, data_time: 0.000, memory: 2640, top1_acc: 1.0000, top5_acc: 1.0000, loss_cls: 0.0128, loss: 0.0128
2026-08-04 17:35:56,694 - pyskl - INFO - Epoch [16][2000/12529]	lr: 8.491e-05, eta: 6:11:43, time: 2.109, data_time: 0.000, memory: 2640, top1_acc: 0.9994, top5_acc: 1.0000, loss_cls: 0.0123, loss: 0.0123
2026-08-04 17:39:27,355 - pyskl - INFO - Epoch [16][2100/12529]	lr: 8.331e-05, eta: 6:08:11, time: 2.107, data_time: 0.000, memory: 2640, top1_acc: 0.9994, top5_acc: 1.0000, loss_cls: 0.0118, loss: 0.0118
2026-08-04 17:42:57,901 - pyskl - INFO - Epoch [16][2200/12529]	lr: 8.172e-05, eta: 6:04:39, time: 2.105, data_time: 0.000, memory: 2640, top1_acc: 1.0000, top5_acc: 1.0000, loss_cls: 0.0108, loss: 0.0108
2026-08-04 17:46:28,527 - pyskl - INFO - Epoch [16][2300/12529]	lr: 8.015e-05, eta: 6:01:07, time: 2.106, data_time: 0.000, memory: 2640, top1_acc: 1.0000, top5_acc: 1.0000, loss_cls: 0.0123, loss: 0.0123
2026-08-04 17:49:58,612 - pyskl - INFO - Epoch [16][2400/12529]	lr: 7.859e-05, eta: 5:57:36, time: 2.101, data_time: 0.000, memory: 2640, top1_acc: 1.0000, top5_acc: 1.0000, loss_cls: 0.0121, loss: 0.0121
2026-08-04 17:53:29,316 - pyskl - INFO - Epoch [16][2500/12529]	lr: 7.705e-05, eta: 5:54:04, time: 2.107, data_time: 0.000, memory: 2640, top1_acc: 0.9994, top5_acc: 1.0000, loss_cls: 0.0130, loss: 0.0130
2026-08-04 17:57:03,257 - pyskl - INFO - Epoch [16][2600/12529]	lr: 7.553e-05, eta: 5:50:32, time: 2.139, data_time: 0.000, memory: 2640, top1_acc: 0.9994, top5_acc: 1.0000, loss_cls: 0.0114, loss: 0.0114
2026-08-04 18:00:37,882 - pyskl - INFO - Epoch [16][2700/12529]	lr: 7.402e-05, eta: 5:47:00, time: 2.146, data_time: 0.000, memory: 2640, top1_acc: 0.9994, top5_acc: 1.0000, loss_cls: 0.0132, loss: 0.0132
2026-08-04 18:04:11,943 - pyskl - INFO - Epoch [16][2800/12529]	lr: 7.252e-05, eta: 5:43:29, time: 2.141, data_time: 0.000, memory: 2640, top1_acc: 1.0000, top5_acc: 1.0000, loss_cls: 0.0121, loss: 0.0121
2026-08-04 18:07:45,974 - pyskl - INFO - Epoch [16][2900/12529]	lr: 7.104e-05, eta: 5:39:57, time: 2.140, data_time: 0.000, memory: 2640, top1_acc: 1.0000, top5_acc: 1.0000, loss_cls: 0.0110, loss: 0.0110
2026-08-04 18:11:20,213 - pyskl - INFO - Epoch [16][3000/12529]	lr: 6.958e-05, eta: 5:36:25, time: 2.142, data_time: 0.000, memory: 2640, top1_acc: 1.0000, top5_acc: 1.0000, loss_cls: 0.0113, loss: 0.0113
2026-08-04 18:14:54,854 - pyskl - INFO - Epoch [16][3100/12529]	lr: 6.813e-05, eta: 5:32:53, time: 2.146, data_time: 0.000, memory: 2640, top1_acc: 0.9994, top5_acc: 1.0000, loss_cls: 0.0135, loss: 0.0135
2026-08-04 18:18:29,104 - pyskl - INFO - Epoch [16][3200/12529]	lr: 6.669e-05, eta: 5:29:22, time: 2.142, data_time: 0.000, memory: 2640, top1_acc: 1.0000, top5_acc: 1.0000, loss_cls: 0.0122, loss: 0.0122
2026-08-04 18:22:04,205 - pyskl - INFO - Epoch [16][3300/12529]	lr: 6.527e-05, eta: 5:25:50, time: 2.151, data_time: 0.000, memory: 2640, top1_acc: 1.0000, top5_acc: 1.0000, loss_cls: 0.0133, loss: 0.0133
2026-08-04 18:25:40,147 - pyskl - INFO - Epoch [16][3400/12529]	lr: 6.387e-05, eta: 5:22:18, time: 2.159, data_time: 0.000, memory: 2640, top1_acc: 1.0000, top5_acc: 1.0000, loss_cls: 0.0127, loss: 0.0127
2026-08-04 18:29:14,480 - pyskl - INFO - Epoch [16][3500/12529]	lr: 6.248e-05, eta: 5:18:47, time: 2.143, data_time: 0.000, memory: 2640, top1_acc: 1.0000, top5_acc: 1.0000, loss_cls: 0.0102, loss: 0.0102
2026-08-04 18:32:49,677 - pyskl - INFO - Epoch [16][3600/12529]	lr: 6.110e-05, eta: 5:15:15, time: 2.152, data_time: 0.000, memory: 2640, top1_acc: 1.0000, top5_acc: 1.0000, loss_cls: 0.0112, loss: 0.0112
2026-08-04 18:36:24,002 - pyskl - INFO - Epoch [16][3700/12529]	lr: 5.975e-05, eta: 5:11:43, time: 2.143, data_time: 0.000, memory: 2640, top1_acc: 1.0000, top5_acc: 1.0000, loss_cls: 0.0111, loss: 0.0111
2026-08-04 18:39:58,148 - pyskl - INFO - Epoch [16][3800/12529]	lr: 5.840e-05, eta: 5:08:12, time: 2.141, data_time: 0.000, memory: 2640, top1_acc: 1.0000, top5_acc: 1.0000, loss_cls: 0.0110, loss: 0.0110
2026-08-04 18:43:31,928 - pyskl - INFO - Epoch [16][3900/12529]	lr: 5.707e-05, eta: 5:04:40, time: 2.138, data_time: 0.000, memory: 2640, top1_acc: 1.0000, top5_acc: 1.0000, loss_cls: 0.0118, loss: 0.0118
2026-08-04 18:47:06,054 - pyskl - INFO - Epoch [16][4000/12529]	lr: 5.576e-05, eta: 5:01:08, time: 2.141, data_time: 0.000, memory: 2640, top1_acc: 0.9994, top5_acc: 1.0000, loss_cls: 0.0125, loss: 0.0125
2026-08-04 18:50:40,126 - pyskl - INFO - Epoch [16][4100/12529]	lr: 5.446e-05, eta: 4:57:36, time: 2.141, data_time: 0.000, memory: 2640, top1_acc: 1.0000, top5_acc: 1.0000, loss_cls: 0.0126, loss: 0.0126
2026-08-04 18:54:14,354 - pyskl - INFO - Epoch [16][4200/12529]	lr: 5.318e-05, eta: 4:54:05, time: 2.142, data_time: 0.000, memory: 2640, top1_acc: 1.0000, top5_acc: 1.0000, loss_cls: 0.0119, loss: 0.0119
2026-08-04 18:57:48,771 - pyskl - INFO - Epoch [16][4300/12529]	lr: 5.191e-05, eta: 4:50:33, time: 2.144, data_time: 0.000, memory: 2640, top1_acc: 1.0000, top5_acc: 1.0000, loss_cls: 0.0127, loss: 0.0127
2026-08-04 19:01:23,232 - pyskl - INFO - Epoch [16][4400/12529]	lr: 5.066e-05, eta: 4:47:01, time: 2.145, data_time: 0.000, memory: 2640, top1_acc: 1.0000, top5_acc: 1.0000, loss_cls: 0.0112, loss: 0.0112
2026-08-04 19:04:57,189 - pyskl - INFO - Epoch [16][4500/12529]	lr: 4.942e-05, eta: 4:43:29, time: 2.140, data_time: 0.000, memory: 2640, top1_acc: 0.9994, top5_acc: 1.0000, loss_cls: 0.0110, loss: 0.0110
2026-08-04 19:08:31,601 - pyskl - INFO - Epoch [16][4600/12529]	lr: 4.820e-05, eta: 4:39:58, time: 2.144, data_time: 0.000, memory: 2640, top1_acc: 0.9994, top5_acc: 1.0000, loss_cls: 0.0123, loss: 0.0123
2026-08-04 19:12:05,923 - pyskl - INFO - Epoch [16][4700/12529]	lr: 4.700e-05, eta: 4:36:26, time: 2.143, data_time: 0.000, memory: 2640, top1_acc: 1.0000, top5_acc: 1.0000, loss_cls: 0.0107, loss: 0.0107
2026-08-04 19:15:40,094 - pyskl - INFO - Epoch [16][4800/12529]	lr: 4.580e-05, eta: 4:32:54, time: 2.142, data_time: 0.000, memory: 2640, top1_acc: 0.9994, top5_acc: 1.0000, loss_cls: 0.0120, loss: 0.0120
2026-08-04 19:19:14,475 - pyskl - INFO - Epoch [16][4900/12529]	lr: 4.463e-05, eta: 4:29:22, time: 2.144, data_time: 0.000, memory: 2640, top1_acc: 0.9994, top5_acc: 1.0000, loss_cls: 0.0128, loss: 0.0128
2026-08-04 19:22:48,775 - pyskl - INFO - Epoch [16][5000/12529]	lr: 4.347e-05, eta: 4:25:50, time: 2.143, data_time: 0.000, memory: 2640, top1_acc: 1.0000, top5_acc: 1.0000, loss_cls: 0.0118, loss: 0.0118
2026-08-04 19:26:22,888 - pyskl - INFO - Epoch [16][5100/12529]	lr: 4.232e-05, eta: 4:22:19, time: 2.141, data_time: 0.000, memory: 2640, top1_acc: 0.9988, top5_acc: 1.0000, loss_cls: 0.0148, loss: 0.0148
2026-08-04 19:29:57,341 - pyskl - INFO - Epoch [16][5200/12529]	lr: 4.119e-05, eta: 4:18:47, time: 2.145, data_time: 0.000, memory: 2640, top1_acc: 0.9981, top5_acc: 1.0000, loss_cls: 0.0137, loss: 0.0137
2026-08-04 19:33:31,487 - pyskl - INFO - Epoch [16][5300/12529]	lr: 4.008e-05, eta: 4:15:15, time: 2.141, data_time: 0.000, memory: 2640, top1_acc: 1.0000, top5_acc: 1.0000, loss_cls: 0.0110, loss: 0.0110
2026-08-04 19:37:06,566 - pyskl - INFO - Epoch [16][5400/12529]	lr: 3.898e-05, eta: 4:11:43, time: 2.151, data_time: 0.000, memory: 2640, top1_acc: 1.0000, top5_acc: 1.0000, loss_cls: 0.0115, loss: 0.0115
2026-08-04 19:40:40,687 - pyskl - INFO - Epoch [16][5500/12529]	lr: 3.789e-05, eta: 4:08:12, time: 2.141, data_time: 0.000, memory: 2640, top1_acc: 0.9994, top5_acc: 1.0000, loss_cls: 0.0136, loss: 0.0136
2026-08-04 19:44:14,454 - pyskl - INFO - Epoch [16][5600/12529]	lr: 3.682e-05, eta: 4:04:40, time: 2.138, data_time: 0.000, memory: 2640, top1_acc: 0.9994, top5_acc: 1.0000, loss_cls: 0.0160, loss: 0.0160
2026-08-04 19:47:49,019 - pyskl - INFO - Epoch [16][5700/12529]	lr: 3.577e-05, eta: 4:01:08, time: 2.146, data_time: 0.000, memory: 2640, top1_acc: 1.0000, top5_acc: 1.0000, loss_cls: 0.0119, loss: 0.0119
2026-08-04 19:51:23,363 - pyskl - INFO - Epoch [16][5800/12529]	lr: 3.473e-05, eta: 3:57:36, time: 2.143, data_time: 0.000, memory: 2640, top1_acc: 0.9994, top5_acc: 1.0000, loss_cls: 0.0124, loss: 0.0124
2026-08-04 19:54:57,416 - pyskl - INFO - Epoch [16][5900/12529]	lr: 3.371e-05, eta: 3:54:04, time: 2.141, data_time: 0.000, memory: 2640, top1_acc: 0.9994, top5_acc: 1.0000, loss_cls: 0.0110, loss: 0.0110
2026-08-04 19:58:32,039 - pyskl - INFO - Epoch [16][6000/12529]	lr: 3.270e-05, eta: 3:50:33, time: 2.146, data_time: 0.000, memory: 2640, top1_acc: 1.0000, top5_acc: 1.0000, loss_cls: 0.0121, loss: 0.0121
2026-08-04 20:02:06,298 - pyskl - INFO - Epoch [16][6100/12529]	lr: 3.171e-05, eta: 3:47:01, time: 2.143, data_time: 0.000, memory: 2640, top1_acc: 1.0000, top5_acc: 1.0000, loss_cls: 0.0122, loss: 0.0122
2026-08-04 20:05:41,109 - pyskl - INFO - Epoch [16][6200/12529]	lr: 3.073e-05, eta: 3:43:29, time: 2.148, data_time: 0.000, memory: 2640, top1_acc: 1.0000, top5_acc: 1.0000, loss_cls: 0.0128, loss: 0.0128
2026-08-04 20:09:14,944 - pyskl - INFO - Epoch [16][6300/12529]	lr: 2.977e-05, eta: 3:39:57, time: 2.138, data_time: 0.000, memory: 2640, top1_acc: 1.0000, top5_acc: 1.0000, loss_cls: 0.0113, loss: 0.0113
2026-08-04 20:12:49,368 - pyskl - INFO - Epoch [16][6400/12529]	lr: 2.882e-05, eta: 3:36:26, time: 2.144, data_time: 0.000, memory: 2640, top1_acc: 1.0000, top5_acc: 1.0000, loss_cls: 0.0108, loss: 0.0108
2026-08-04 20:16:24,078 - pyskl - INFO - Epoch [16][6500/12529]	lr: 2.789e-05, eta: 3:32:54, time: 2.147, data_time: 0.000, memory: 2640, top1_acc: 1.0000, top5_acc: 1.0000, loss_cls: 0.0102, loss: 0.0102
2026-08-04 20:19:58,487 - pyskl - INFO - Epoch [16][6600/12529]	lr: 2.697e-05, eta: 3:29:22, time: 2.144, data_time: 0.000, memory: 2640, top1_acc: 0.9994, top5_acc: 1.0000, loss_cls: 0.0126, loss: 0.0126
2026-08-04 20:23:33,379 - pyskl - INFO - Epoch [16][6700/12529]	lr: 2.607e-05, eta: 3:25:50, time: 2.149, data_time: 0.000, memory: 2640, top1_acc: 0.9994, top5_acc: 1.0000, loss_cls: 0.0123, loss: 0.0123
2026-08-04 20:27:08,321 - pyskl - INFO - Epoch [16][6800/12529]	lr: 2.518e-05, eta: 3:22:18, time: 2.149, data_time: 0.000, memory: 2640, top1_acc: 1.0000, top5_acc: 1.0000, loss_cls: 0.0119, loss: 0.0119
2026-08-04 20:30:43,430 - pyskl - INFO - Epoch [16][6900/12529]	lr: 2.431e-05, eta: 3:18:47, time: 2.151, data_time: 0.000, memory: 2640, top1_acc: 1.0000, top5_acc: 1.0000, loss_cls: 0.0107, loss: 0.0107
2026-08-04 20:34:17,902 - pyskl - INFO - Epoch [16][7000/12529]	lr: 2.346e-05, eta: 3:15:15, time: 2.145, data_time: 0.000, memory: 2640, top1_acc: 1.0000, top5_acc: 1.0000, loss_cls: 0.0124, loss: 0.0124
2026-08-04 20:37:51,947 - pyskl - INFO - Epoch [16][7100/12529]	lr: 2.262e-05, eta: 3:11:43, time: 2.140, data_time: 0.000, memory: 2640, top1_acc: 0.9981, top5_acc: 1.0000, loss_cls: 0.0156, loss: 0.0156
2026-08-04 20:41:25,181 - pyskl - INFO - Epoch [16][7200/12529]	lr: 2.179e-05, eta: 3:08:11, time: 2.132, data_time: 0.000, memory: 2640, top1_acc: 1.0000, top5_acc: 1.0000, loss_cls: 0.0113, loss: 0.0113
2026-08-04 20:44:59,338 - pyskl - INFO - Epoch [16][7300/12529]	lr: 2.098e-05, eta: 3:04:39, time: 2.142, data_time: 0.000, memory: 2640, top1_acc: 1.0000, top5_acc: 1.0000, loss_cls: 0.0101, loss: 0.0101
2026-08-04 20:49:04,446 - pyskl - INFO - Epoch [16][7400/12529]	lr: 2.019e-05, eta: 3:01:08, time: 2.451, data_time: 0.000, memory: 2640, top1_acc: 1.0000, top5_acc: 1.0000, loss_cls: 0.0113, loss: 0.0113
2026-08-04 20:53:10,863 - pyskl - INFO - Epoch [16][7500/12529]	lr: 1.941e-05, eta: 2:57:37, time: 2.464, data_time: 0.000, memory: 2640, top1_acc: 1.0000, top5_acc: 1.0000, loss_cls: 0.0121, loss: 0.0121
2026-08-04 20:57:17,072 - pyskl - INFO - Epoch [16][7600/12529]	lr: 1.864e-05, eta: 2:54:06, time: 2.462, data_time: 0.000, memory: 2640, top1_acc: 1.0000, top5_acc: 1.0000, loss_cls: 0.0113, loss: 0.0113
2026-08-04 21:01:23,327 - pyskl - INFO - Epoch [16][7700/12529]	lr: 1.790e-05, eta: 2:50:35, time: 2.463, data_time: 0.000, memory: 2640, top1_acc: 1.0000, top5_acc: 1.0000, loss_cls: 0.0122, loss: 0.0122
2026-08-04 21:05:29,182 - pyskl - INFO - Epoch [16][7800/12529]	lr: 1.716e-05, eta: 2:47:04, time: 2.459, data_time: 0.000, memory: 2640, top1_acc: 1.0000, top5_acc: 1.0000, loss_cls: 0.0107, loss: 0.0107
2026-08-04 21:09:35,715 - pyskl - INFO - Epoch [16][7900/12529]	lr: 1.645e-05, eta: 2:43:33, time: 2.465, data_time: 0.000, memory: 2640, top1_acc: 1.0000, top5_acc: 1.0000, loss_cls: 0.0111, loss: 0.0111
2026-08-04 21:13:41,856 - pyskl - INFO - Epoch [16][8000/12529]	lr: 1.574e-05, eta: 2:40:02, time: 2.461, data_time: 0.000, memory: 2640, top1_acc: 1.0000, top5_acc: 1.0000, loss_cls: 0.0110, loss: 0.0110
2026-08-04 21:17:48,231 - pyskl - INFO - Epoch [16][8100/12529]	lr: 1.506e-05, eta: 2:36:30, time: 2.464, data_time: 0.000, memory: 2640, top1_acc: 0.9988, top5_acc: 1.0000, loss_cls: 0.0134, loss: 0.0134
2026-08-04 21:21:55,347 - pyskl - INFO - Epoch [16][8200/12529]	lr: 1.438e-05, eta: 2:32:59, time: 2.471, data_time: 0.000, memory: 2640, top1_acc: 1.0000, top5_acc: 1.0000, loss_cls: 0.0119, loss: 0.0119
2026-08-04 21:26:01,809 - pyskl - INFO - Epoch [16][8300/12529]	lr: 1.373e-05, eta: 2:29:28, time: 2.465, data_time: 0.000, memory: 2640, top1_acc: 0.9988, top5_acc: 1.0000, loss_cls: 0.0122, loss: 0.0122
2026-08-04 21:30:08,540 - pyskl - INFO - Epoch [16][8400/12529]	lr: 1.309e-05, eta: 2:25:56, time: 2.467, data_time: 0.000, memory: 2640, top1_acc: 0.9994, top5_acc: 1.0000, loss_cls: 0.0146, loss: 0.0146
2026-08-04 21:34:15,195 - pyskl - INFO - Epoch [16][8500/12529]	lr: 1.246e-05, eta: 2:22:25, time: 2.467, data_time: 0.000, memory: 2640, top1_acc: 1.0000, top5_acc: 1.0000, loss_cls: 0.0114, loss: 0.0114
2026-08-04 21:38:21,602 - pyskl - INFO - Epoch [16][8600/12529]	lr: 1.185e-05, eta: 2:18:54, time: 2.464, data_time: 0.000, memory: 2640, top1_acc: 1.0000, top5_acc: 1.0000, loss_cls: 0.0107, loss: 0.0107
2026-08-04 21:42:27,913 - pyskl - INFO - Epoch [16][8700/12529]	lr: 1.125e-05, eta: 2:15:22, time: 2.463, data_time: 0.000, memory: 2640, top1_acc: 0.9994, top5_acc: 1.0000, loss_cls: 0.0125, loss: 0.0125
2026-08-04 21:46:33,300 - pyskl - INFO - Epoch [16][8800/12529]	lr: 1.068e-05, eta: 2:11:51, time: 2.454, data_time: 0.000, memory: 2640, top1_acc: 1.0000, top5_acc: 1.0000, loss_cls: 0.0114, loss: 0.0114
2026-08-04 21:50:39,178 - pyskl - INFO - Epoch [16][8900/12529]	lr: 1.011e-05, eta: 2:08:19, time: 2.459, data_time: 0.000, memory: 2640, top1_acc: 1.0000, top5_acc: 1.0000, loss_cls: 0.0121, loss: 0.0121
2026-08-04 21:54:45,523 - pyskl - INFO - Epoch [16][9000/12529]	lr: 9.561e-06, eta: 2:04:48, time: 2.463, data_time: 0.000, memory: 2640, top1_acc: 1.0000, top5_acc: 1.0000, loss_cls: 0.0115, loss: 0.0115
2026-08-04 21:58:51,657 - pyskl - INFO - Epoch [16][9100/12529]	lr: 9.027e-06, eta: 2:01:16, time: 2.461, data_time: 0.000, memory: 2640, top1_acc: 1.0000, top5_acc: 1.0000, loss_cls: 0.0110, loss: 0.0110
2026-08-04 22:02:26,367 - pyskl - INFO - Epoch [16][9200/12529]	lr: 8.509e-06, eta: 1:57:44, time: 2.147, data_time: 0.000, memory: 2640, top1_acc: 1.0000, top5_acc: 1.0000, loss_cls: 0.0114, loss: 0.0114
2026-08-04 22:05:57,751 - pyskl - INFO - Epoch [16][9300/12529]	lr: 8.006e-06, eta: 1:54:12, time: 2.114, data_time: 0.000, memory: 2640, top1_acc: 1.0000, top5_acc: 1.0000, loss_cls: 0.0105, loss: 0.0105
2026-08-04 22:09:28,963 - pyskl - INFO - Epoch [16][9400/12529]	lr: 7.518e-06, eta: 1:50:39, time: 2.112, data_time: 0.000, memory: 2640, top1_acc: 1.0000, top5_acc: 1.0000, loss_cls: 0.0119, loss: 0.0119
2026-08-04 22:13:00,229 - pyskl - INFO - Epoch [16][9500/12529]	lr: 7.045e-06, eta: 1:47:07, time: 2.113, data_time: 0.000, memory: 2640, top1_acc: 0.9994, top5_acc: 1.0000, loss_cls: 0.0115, loss: 0.0115
2026-08-04 22:16:32,071 - pyskl - INFO - Epoch [16][9600/12529]	lr: 6.588e-06, eta: 1:43:35, time: 2.118, data_time: 0.000, memory: 2640, top1_acc: 0.9994, top5_acc: 1.0000, loss_cls: 0.0121, loss: 0.0121
2026-08-04 22:20:03,471 - pyskl - INFO - Epoch [16][9700/12529]	lr: 6.146e-06, eta: 1:40:03, time: 2.114, data_time: 0.000, memory: 2640, top1_acc: 0.9994, top5_acc: 1.0000, loss_cls: 0.0106, loss: 0.0106
2026-08-04 22:23:34,734 - pyskl - INFO - Epoch [16][9800/12529]	lr: 5.719e-06, eta: 1:36:31, time: 2.113, data_time: 0.000, memory: 2640, top1_acc: 1.0000, top5_acc: 1.0000, loss_cls: 0.0108, loss: 0.0108
2026-08-04 22:27:05,847 - pyskl - INFO - Epoch [16][9900/12529]	lr: 5.308e-06, eta: 1:32:58, time: 2.111, data_time: 0.000, memory: 2640, top1_acc: 0.9994, top5_acc: 1.0000, loss_cls: 0.0118, loss: 0.0118
2026-08-04 22:30:37,090 - pyskl - INFO - Epoch [16][10000/12529]	lr: 4.912e-06, eta: 1:29:26, time: 2.112, data_time: 0.000, memory: 2640, top1_acc: 1.0000, top5_acc: 1.0000, loss_cls: 0.0105, loss: 0.0105
2026-08-04 22:34:07,674 - pyskl - INFO - Epoch [16][10100/12529]	lr: 4.531e-06, eta: 1:25:54, time: 2.106, data_time: 0.000, memory: 2640, top1_acc: 1.0000, top5_acc: 1.0000, loss_cls: 0.0103, loss: 0.0103
2026-08-04 22:37:38,387 - pyskl - INFO - Epoch [16][10200/12529]	lr: 4.166e-06, eta: 1:22:22, time: 2.107, data_time: 0.000, memory: 2640, top1_acc: 1.0000, top5_acc: 1.0000, loss_cls: 0.0129, loss: 0.0129
2026-08-04 22:41:09,204 - pyskl - INFO - Epoch [16][10300/12529]	lr: 3.816e-06, eta: 1:18:49, time: 2.108, data_time: 0.000, memory: 2640, top1_acc: 1.0000, top5_acc: 1.0000, loss_cls: 0.0113, loss: 0.0113
2026-08-04 22:44:40,160 - pyskl - INFO - Epoch [16][10400/12529]	lr: 3.482e-06, eta: 1:15:17, time: 2.110, data_time: 0.000, memory: 2640, top1_acc: 1.0000, top5_acc: 1.0000, loss_cls: 0.0113, loss: 0.0113
2026-08-04 22:48:10,721 - pyskl - INFO - Epoch [16][10500/12529]	lr: 3.163e-06, eta: 1:11:45, time: 2.106, data_time: 0.000, memory: 2640, top1_acc: 1.0000, top5_acc: 1.0000, loss_cls: 0.0115, loss: 0.0115
2026-08-04 22:51:41,125 - pyskl - INFO - Epoch [16][10600/12529]	lr: 2.859e-06, eta: 1:08:13, time: 2.104, data_time: 0.000, memory: 2640, top1_acc: 1.0000, top5_acc: 1.0000, loss_cls: 0.0097, loss: 0.0097
2026-08-04 22:55:11,758 - pyskl - INFO - Epoch [16][10700/12529]	lr: 2.570e-06, eta: 1:04:41, time: 2.106, data_time: 0.000, memory: 2640, top1_acc: 1.0000, top5_acc: 1.0000, loss_cls: 0.0116, loss: 0.0116
2026-08-04 22:58:42,565 - pyskl - INFO - Epoch [16][10800/12529]	lr: 2.297e-06, eta: 1:01:08, time: 2.108, data_time: 0.000, memory: 2640, top1_acc: 1.0000, top5_acc: 1.0000, loss_cls: 0.0128, loss: 0.0128
2026-08-04 23:02:14,113 - pyskl - INFO - Epoch [16][10900/12529]	lr: 2.039e-06, eta: 0:57:36, time: 2.115, data_time: 0.000, memory: 2640, top1_acc: 1.0000, top5_acc: 1.0000, loss_cls: 0.0152, loss: 0.0152
2026-08-04 23:05:44,490 - pyskl - INFO - Epoch [16][11000/12529]	lr: 1.797e-06, eta: 0:54:04, time: 2.104, data_time: 0.000, memory: 2640, top1_acc: 1.0000, top5_acc: 1.0000, loss_cls: 0.0124, loss: 0.0124
2026-08-04 23:09:14,870 - pyskl - INFO - Epoch [16][11100/12529]	lr: 1.569e-06, eta: 0:50:32, time: 2.104, data_time: 0.000, memory: 2640, top1_acc: 1.0000, top5_acc: 1.0000, loss_cls: 0.0114, loss: 0.0114
2026-08-04 23:12:44,573 - pyskl - INFO - Epoch [16][11200/12529]	lr: 1.358e-06, eta: 0:47:00, time: 2.097, data_time: 0.000, memory: 2640, top1_acc: 1.0000, top5_acc: 1.0000, loss_cls: 0.0097, loss: 0.0097
2026-08-04 23:16:14,942 - pyskl - INFO - Epoch [16][11300/12529]	lr: 1.161e-06, eta: 0:43:27, time: 2.104, data_time: 0.000, memory: 2640, top1_acc: 1.0000, top5_acc: 1.0000, loss_cls: 0.0107, loss: 0.0107
2026-08-04 23:19:45,399 - pyskl - INFO - Epoch [16][11400/12529]	lr: 9.800e-07, eta: 0:39:55, time: 2.105, data_time: 0.000, memory: 2640, top1_acc: 1.0000, top5_acc: 1.0000, loss_cls: 0.0099, loss: 0.0099
2026-08-04 23:23:16,847 - pyskl - INFO - Epoch [16][11500/12529]	lr: 8.142e-07, eta: 0:36:23, time: 2.114, data_time: 0.000, memory: 2640, top1_acc: 0.9994, top5_acc: 1.0000, loss_cls: 0.0132, loss: 0.0132
2026-08-04 23:26:47,463 - pyskl - INFO - Epoch [16][11600/12529]	lr: 6.638e-07, eta: 0:32:51, time: 2.106, data_time: 0.000, memory: 2640, top1_acc: 0.9994, top5_acc: 1.0000, loss_cls: 0.0174, loss: 0.0174
2026-08-04 23:30:17,552 - pyskl - INFO - Epoch [16][11700/12529]	lr: 5.287e-07, eta: 0:29:19, time: 2.101, data_time: 0.000, memory: 2640, top1_acc: 1.0000, top5_acc: 1.0000, loss_cls: 0.0119, loss: 0.0119
2026-08-04 23:33:47,707 - pyskl - INFO - Epoch [16][11800/12529]	lr: 4.090e-07, eta: 0:25:46, time: 2.102, data_time: 0.000, memory: 2640, top1_acc: 1.0000, top5_acc: 1.0000, loss_cls: 0.0123, loss: 0.0123
2026-08-04 23:37:18,371 - pyskl - INFO - Epoch [16][11900/12529]	lr: 3.046e-07, eta: 0:22:14, time: 2.107, data_time: 0.000, memory: 2640, top1_acc: 0.9988, top5_acc: 1.0000, loss_cls: 0.0137, loss: 0.0137
2026-08-04 23:40:48,818 - pyskl - INFO - Epoch [16][12000/12529]	lr: 2.156e-07, eta: 0:18:42, time: 2.104, data_time: 0.000, memory: 2640, top1_acc: 0.9994, top5_acc: 1.0000, loss_cls: 0.0140, loss: 0.0140
2026-08-04 23:44:19,552 - pyskl - INFO - Epoch [16][12100/12529]	lr: 1.419e-07, eta: 0:15:10, time: 2.107, data_time: 0.000, memory: 2640, top1_acc: 1.0000, top5_acc: 1.0000, loss_cls: 0.0120, loss: 0.0120
2026-08-04 23:47:49,314 - pyskl - INFO - Epoch [16][12200/12529]	lr: 8.358e-08, eta: 0:11:38, time: 2.098, data_time: 0.000, memory: 2640, top1_acc: 0.9994, top5_acc: 1.0000, loss_cls: 0.0131, loss: 0.0131
2026-08-04 23:51:19,976 - pyskl - INFO - Epoch [16][12300/12529]	lr: 4.060e-08, eta: 0:08:05, time: 2.107, data_time: 0.000, memory: 2640, top1_acc: 1.0000, top5_acc: 1.0000, loss_cls: 0.0117, loss: 0.0117
2026-08-04 23:54:50,095 - pyskl - INFO - Epoch [16][12400/12529]	lr: 1.297e-08, eta: 0:04:33, time: 2.101, data_time: 0.000, memory: 2640, top1_acc: 1.0000, top5_acc: 1.0000, loss_cls: 0.0108, loss: 0.0108
2026-08-04 23:58:20,581 - pyskl - INFO - Epoch [16][12500/12529]	lr: 6.907e-10, eta: 0:01:01, time: 2.105, data_time: 0.000, memory: 2640, top1_acc: 1.0000, top5_acc: 1.0000, loss_cls: 0.0121, loss: 0.0121
2026-08-04 23:59:21,234 - pyskl - INFO - Saving checkpoint at 16 epochs
2026-08-05 00:32:57,016 - pyskl - INFO - Evaluating top_k_accuracy ...
2026-08-05 00:32:57,078 - pyskl - INFO - 
top1_acc	0.8880
top5_acc	0.9769
2026-08-05 00:32:57,081 - pyskl - INFO - Epoch(val) [16][1031]	top1_acc: 0.8880, top5_acc: 0.9769
2026-08-05 00:33:11,809 - pyskl - INFO - 16487 videos remain after valid thresholding
2026-08-05 07:33:35,508 - pyskl - INFO - Testing results of the last checkpoint
2026-08-05 07:33:35,509 - pyskl - INFO - top1_acc: 0.8922
2026-08-05 07:33:35,509 - pyskl - INFO - top5_acc: 0.9784
2026-08-05 07:33:35,510 - pyskl - INFO - load checkpoint from local path: ./work_dirs/stgcn++/ntu60_xsub_3dkp/j_single_gpu\best_top1_acc_epoch_15.pth
2026-08-05 14:36:50,836 - pyskl - INFO - Testing results of the best checkpoint
2026-08-05 14:36:50,836 - pyskl - INFO - top1_acc: 0.8924
2026-08-05 14:36:50,836 - pyskl - INFO - top5_acc: 0.9786
