2026-08-10 21:13:14,127 - pyskl - INFO - Environment info:
------------------------------------------------------------
sys.platform: win32
Python: 3.10.20 | packaged by Anaconda, Inc. | (main, Jun 11 2026, 15:13:20) [MSC v.1942 64 bit (AMD64)]
CUDA available: True
GPU 0: NVIDIA GeForce RTX 4090
CUDA_HOME: C:\Program Files\NVIDIA GPU Computing Toolkit\CUDA\v12.6
NVCC: Cuda compilation tools, release 12.6, V12.6.20
MSVC: 用于 x64 的 Microsoft (R) C/C++ 优化编译器 19.41.34120 版
GCC: n/a
PyTorch: 1.12.1
PyTorch compiling details: PyTorch built with:
  - C++ Version: 199711
  - MSVC 192829337
  - Intel(R) Math Kernel Library Version 2020.0.2 Product Build 20200624 for Intel(R) 64 architecture applications
  - Intel(R) MKL-DNN v2.6.0 (Git Hash 52b5f107dd9cf10910aaa19cb47f3abf9b349815)
  - OpenMP 2019
  - LAPACK is enabled (usually provided by MKL)
  - CPU capability usage: AVX2
  - CUDA Runtime 11.3
  - NVCC architecture flags: -gencode;arch=compute_37,code=sm_37;-gencode;arch=compute_50,code=sm_50;-gencode;arch=compute_60,code=sm_60;-gencode;arch=compute_61,code=sm_61;-gencode;arch=compute_70,code=sm_70;-gencode;arch=compute_75,code=sm_75;-gencode;arch=compute_80,code=sm_80;-gencode;arch=compute_86,code=sm_86;-gencode;arch=compute_37,code=compute_37
  - CuDNN 8.3.2  (built against CUDA 11.5)
  - Magma 2.5.4
  - Build settings: BLAS_INFO=mkl, BUILD_TYPE=Release, CUDA_VERSION=11.3, CUDNN_VERSION=8.3.2, CXX_COMPILER=C:/cb/pytorch_1000000000000/work/tmp_bin/sccache-cl.exe, CXX_FLAGS=/DWIN32 /D_WINDOWS /GR /EHsc /w /bigobj -DUSE_PTHREADPOOL -openmp:experimental -IC:/cb/pytorch_1000000000000/work/mkl/include -DNDEBUG -DUSE_KINETO -DLIBKINETO_NOCUPTI -DUSE_FBGEMM -DUSE_XNNPACK -DSYMBOLICATE_MOBILE_DEBUG_HANDLE -DEDGE_PROFILER_USE_KINETO, LAPACK_INFO=mkl, PERF_WITH_AVX=1, PERF_WITH_AVX2=1, PERF_WITH_AVX512=1, TORCH_VERSION=1.12.1, USE_CUDA=ON, USE_CUDNN=ON, USE_EXCEPTION_PTR=1, USE_GFLAGS=OFF, USE_GLOG=OFF, USE_MKL=ON, USE_MKLDNN=OFF, USE_MPI=OFF, USE_NCCL=OFF, USE_NNPACK=OFF, USE_OPENMP=ON, USE_ROCM=OFF, 

TorchVision: 0.13.1
OpenCV: 5.0.0
MMCV: 1.7.0
MMCV Compiler: MSVC 192829924
MMCV CUDA Compiler: 11.3
pyskl: 0.1.0+unknown
------------------------------------------------------------

2026-08-10 21:13:14,237 - pyskl - INFO - Config: model = dict(
    type='RecognizerGCN',
    backbone=dict(
        type='STGCN',
        gcn_adaptive='init',
        gcn_with_res=True,
        tcn_type='mstcn',
        graph_cfg=dict(layout='nturgb+d', mode='spatial')),
    cls_head=dict(type='GCNHead', num_classes=60, in_channels=256))
dataset_type = 'PoseDataset'
ann_file = 'data/nturgbd/ntu60_3danno.pkl'
train_pipeline = [
    dict(type='PreNormalize3D'),
    dict(type='GenSkeFeat', dataset='nturgb+d', feats=['j']),
    dict(type='UniformSample', clip_len=100),
    dict(type='PoseDecode'),
    dict(type='FormatGCNInput', num_person=2),
    dict(type='Collect', keys=['keypoint', 'label'], meta_keys=[]),
    dict(type='ToTensor', keys=['keypoint'])
]
val_pipeline = [
    dict(type='PreNormalize3D'),
    dict(type='GenSkeFeat', dataset='nturgb+d', feats=['j']),
    dict(type='UniformSample', clip_len=100, num_clips=1),
    dict(type='PoseDecode'),
    dict(type='FormatGCNInput', num_person=2),
    dict(type='Collect', keys=['keypoint', 'label'], meta_keys=[]),
    dict(type='ToTensor', keys=['keypoint'])
]
test_pipeline = [
    dict(type='PreNormalize3D'),
    dict(type='GenSkeFeat', dataset='nturgb+d', feats=['j']),
    dict(type='UniformSample', clip_len=100, num_clips=10),
    dict(type='PoseDecode'),
    dict(type='FormatGCNInput', num_person=2),
    dict(type='Collect', keys=['keypoint', 'label'], meta_keys=[]),
    dict(type='ToTensor', keys=['keypoint'])
]
data = dict(
    videos_per_gpu=32,
    workers_per_gpu=2,
    test_dataloader=dict(videos_per_gpu=1),
    train=dict(
        type='RepeatDataset',
        times=5,
        dataset=dict(
            type='PoseDataset',
            ann_file='data/nturgbd/ntu60_3danno.pkl',
            pipeline=[
                dict(type='PreNormalize3D'),
                dict(type='GenSkeFeat', dataset='nturgb+d', feats=['j']),
                dict(type='UniformSample', clip_len=100),
                dict(type='PoseDecode'),
                dict(type='FormatGCNInput', num_person=2),
                dict(type='Collect', keys=['keypoint', 'label'], meta_keys=[]),
                dict(type='ToTensor', keys=['keypoint'])
            ],
            split='xsub_train')),
    val=dict(
        type='PoseDataset',
        ann_file='data/nturgbd/ntu60_3danno.pkl',
        pipeline=[
            dict(type='PreNormalize3D'),
            dict(type='GenSkeFeat', dataset='nturgb+d', feats=['j']),
            dict(type='UniformSample', clip_len=100, num_clips=1),
            dict(type='PoseDecode'),
            dict(type='FormatGCNInput', num_person=2),
            dict(type='Collect', keys=['keypoint', 'label'], meta_keys=[]),
            dict(type='ToTensor', keys=['keypoint'])
        ],
        split='xsub_val'),
    test=dict(
        type='PoseDataset',
        ann_file='data/nturgbd/ntu60_3danno.pkl',
        pipeline=[
            dict(type='PreNormalize3D'),
            dict(type='GenSkeFeat', dataset='nturgb+d', feats=['j']),
            dict(type='UniformSample', clip_len=100, num_clips=10),
            dict(type='PoseDecode'),
            dict(type='FormatGCNInput', num_person=2),
            dict(type='Collect', keys=['keypoint', 'label'], meta_keys=[]),
            dict(type='ToTensor', keys=['keypoint'])
        ],
        split='xsub_val'))
optimizer = dict(
    type='SGD', lr=0.025, momentum=0.9, weight_decay=0.0005, nesterov=True)
optimizer_config = dict(grad_clip=None)
lr_config = dict(policy='CosineAnnealing', min_lr=0, by_epoch=False)
total_epochs = 16
checkpoint_config = dict(interval=1)
evaluation = dict(interval=1, metrics=['top_k_accuracy'])
log_config = dict(interval=100, hooks=[dict(type='TextLoggerHook')])
log_level = 'INFO'
work_dir = './work_dirs/stgcn++/ntu60_xsub_3dkp/j_single_gpu'
dist_params = dict(backend='gloo')
gpu_ids = range(0, 1)

2026-08-10 21:13:14,238 - pyskl - INFO - Set random seed to 255, deterministic: True
2026-08-10 21:13:21,669 - pyskl - INFO - 40091 videos remain after valid thresholding
2026-08-10 21:13:33,764 - pyskl - INFO - 16487 videos remain after valid thresholding
2026-08-10 21:13:33,766 - pyskl - INFO - Start running, host: Administrator@D412-ASUS4090, work_dir: D:\YxjProject\pythonProject\pyskl\work_dirs\stgcn++\ntu60_xsub_3dkp\j_single_gpu
2026-08-10 21:13:33,766 - pyskl - INFO - Hooks will be executed in the following order:
before_run:
(VERY_HIGH   ) CosineAnnealingLrUpdaterHook       
(NORMAL      ) CheckpointHook                     
(NORMAL      ) DistEvalHook                       
(VERY_LOW    ) TextLoggerHook                     
 -------------------- 
before_train_epoch:
(VERY_HIGH   ) CosineAnnealingLrUpdaterHook       
(NORMAL      ) DistSamplerSeedHook                
(NORMAL      ) DistEvalHook                       
(LOW         ) IterTimerHook                      
(VERY_LOW    ) TextLoggerHook                     
 -------------------- 
before_train_iter:
(VERY_HIGH   ) CosineAnnealingLrUpdaterHook       
(NORMAL      ) DistEvalHook                       
(LOW         ) IterTimerHook                      
 -------------------- 
after_train_iter:
(ABOVE_NORMAL) OptimizerHook                      
(NORMAL      ) CheckpointHook                     
(NORMAL      ) DistEvalHook                       
(LOW         ) IterTimerHook                      
(VERY_LOW    ) TextLoggerHook                     
 -------------------- 
after_train_epoch:
(NORMAL      ) CheckpointHook                     
(NORMAL      ) DistEvalHook                       
(VERY_LOW    ) TextLoggerHook                     
 -------------------- 
before_val_epoch:
(NORMAL      ) DistSamplerSeedHook                
(LOW         ) IterTimerHook                      
(VERY_LOW    ) TextLoggerHook                     
 -------------------- 
before_val_iter:
(LOW         ) IterTimerHook                      
 -------------------- 
after_val_iter:
(LOW         ) IterTimerHook                      
 -------------------- 
after_val_epoch:
(VERY_LOW    ) TextLoggerHook                     
 -------------------- 
after_run:
(VERY_LOW    ) TextLoggerHook                     
 -------------------- 
2026-08-10 21:13:33,766 - pyskl - INFO - workflow: [('train', 1)], max: 16 epochs
2026-08-10 21:13:33,767 - pyskl - INFO - Checkpoints will be saved to D:\YxjProject\pythonProject\pyskl\work_dirs\stgcn++\ntu60_xsub_3dkp\j_single_gpu by HardDiskBackend.
2026-08-10 21:18:09,502 - pyskl - INFO - Epoch [1][100/6265]	lr: 2.500e-02, eta: 3 days, 4:42:00, time: 2.757, data_time: 0.095, memory: 5243, top1_acc: 0.0581, top5_acc: 0.2275, loss_cls: 3.7380, loss: 3.7380
2026-08-10 21:22:30,538 - pyskl - INFO - Epoch [1][200/6265]	lr: 2.500e-02, eta: 3 days, 2:34:52, time: 2.610, data_time: 0.000, memory: 5243, top1_acc: 0.1263, top5_acc: 0.3778, loss_cls: 3.2426, loss: 3.2426
2026-08-10 21:26:51,733 - pyskl - INFO - Epoch [1][300/6265]	lr: 2.500e-02, eta: 3 days, 1:50:28, time: 2.612, data_time: 0.000, memory: 5243, top1_acc: 0.1897, top5_acc: 0.5256, loss_cls: 2.8058, loss: 2.8058
2026-08-10 21:31:14,225 - pyskl - INFO - Epoch [1][400/6265]	lr: 2.500e-02, eta: 3 days, 1:31:29, time: 2.625, data_time: 0.000, memory: 5243, top1_acc: 0.2537, top5_acc: 0.6144, loss_cls: 2.5630, loss: 2.5630
2026-08-10 21:35:35,708 - pyskl - INFO - Epoch [1][500/6265]	lr: 2.500e-02, eta: 3 days, 1:15:00, time: 2.615, data_time: 0.000, memory: 5243, top1_acc: 0.3047, top5_acc: 0.6850, loss_cls: 2.3391, loss: 2.3391
2026-08-10 21:39:59,394 - pyskl - INFO - Epoch [1][600/6265]	lr: 2.500e-02, eta: 3 days, 1:08:39, time: 2.637, data_time: 0.001, memory: 5243, top1_acc: 0.3366, top5_acc: 0.7322, loss_cls: 2.1946, loss: 2.1946
2026-08-10 21:44:26,172 - pyskl - INFO - Epoch [1][700/6265]	lr: 2.500e-02, eta: 3 days, 1:10:11, time: 2.668, data_time: 0.000, memory: 5243, top1_acc: 0.3781, top5_acc: 0.7638, loss_cls: 2.0611, loss: 2.0611
2026-08-10 21:48:43,553 - pyskl - INFO - Epoch [1][800/6265]	lr: 2.500e-02, eta: 3 days, 0:50:45, time: 2.574, data_time: 0.000, memory: 5243, top1_acc: 0.4109, top5_acc: 0.8028, loss_cls: 1.9040, loss: 1.9040
2026-08-10 21:53:04,503 - pyskl - INFO - Epoch [1][900/6265]	lr: 2.500e-02, eta: 3 days, 0:41:16, time: 2.610, data_time: 0.000, memory: 5243, top1_acc: 0.4403, top5_acc: 0.8231, loss_cls: 1.8284, loss: 1.8284
2026-08-10 21:57:23,447 - pyskl - INFO - Epoch [1][1000/6265]	lr: 2.499e-02, eta: 3 days, 0:29:28, time: 2.589, data_time: 0.000, memory: 5243, top1_acc: 0.4850, top5_acc: 0.8391, loss_cls: 1.7096, loss: 1.7096
2026-08-10 22:01:40,317 - pyskl - INFO - Epoch [1][1100/6265]	lr: 2.499e-02, eta: 3 days, 0:15:56, time: 2.569, data_time: 0.000, memory: 5243, top1_acc: 0.4888, top5_acc: 0.8600, loss_cls: 1.6518, loss: 1.6518
2026-08-10 22:05:57,266 - pyskl - INFO - Epoch [1][1200/6265]	lr: 2.499e-02, eta: 3 days, 0:04:03, time: 2.569, data_time: 0.000, memory: 5243, top1_acc: 0.5144, top5_acc: 0.8772, loss_cls: 1.5631, loss: 1.5631
2026-08-10 22:10:16,981 - pyskl - INFO - Epoch [1][1300/6265]	lr: 2.499e-02, eta: 2 days, 23:56:50, time: 2.597, data_time: 0.000, memory: 5243, top1_acc: 0.5197, top5_acc: 0.8744, loss_cls: 1.5617, loss: 1.5617
2026-08-10 22:14:33,154 - pyskl - INFO - Epoch [1][1400/6265]	lr: 2.499e-02, eta: 2 days, 23:45:52, time: 2.562, data_time: 0.000, memory: 5243, top1_acc: 0.5506, top5_acc: 0.8897, loss_cls: 1.4313, loss: 1.4313
2026-08-10 22:18:49,523 - pyskl - INFO - Epoch [1][1500/6265]	lr: 2.499e-02, eta: 2 days, 23:36:00, time: 2.564, data_time: 0.000, memory: 5243, top1_acc: 0.5869, top5_acc: 0.8950, loss_cls: 1.3486, loss: 1.3486
2026-08-10 22:23:06,363 - pyskl - INFO - Epoch [1][1600/6265]	lr: 2.498e-02, eta: 2 days, 23:27:19, time: 2.568, data_time: 0.000, memory: 5243, top1_acc: 0.5997, top5_acc: 0.8941, loss_cls: 1.3190, loss: 1.3190
2026-08-10 22:27:24,534 - pyskl - INFO - Epoch [1][1700/6265]	lr: 2.498e-02, eta: 2 days, 23:20:27, time: 2.582, data_time: 0.000, memory: 5243, top1_acc: 0.6072, top5_acc: 0.9150, loss_cls: 1.2710, loss: 1.2710
2026-08-10 22:31:41,354 - pyskl - INFO - Epoch [1][1800/6265]	lr: 2.498e-02, eta: 2 days, 23:12:38, time: 2.568, data_time: 0.000, memory: 5243, top1_acc: 0.6188, top5_acc: 0.9084, loss_cls: 1.2499, loss: 1.2499
2026-08-10 22:35:56,529 - pyskl - INFO - Epoch [1][1900/6265]	lr: 2.498e-02, eta: 2 days, 23:03:46, time: 2.552, data_time: 0.000, memory: 5243, top1_acc: 0.6316, top5_acc: 0.9106, loss_cls: 1.2142, loss: 1.2142
2026-08-10 22:40:15,995 - pyskl - INFO - Epoch [1][2000/6265]	lr: 2.498e-02, eta: 2 days, 22:58:52, time: 2.595, data_time: 0.000, memory: 5243, top1_acc: 0.6425, top5_acc: 0.9153, loss_cls: 1.1463, loss: 1.1463
2026-08-10 22:44:32,763 - pyskl - INFO - Epoch [1][2100/6265]	lr: 2.497e-02, eta: 2 days, 22:51:56, time: 2.568, data_time: 0.000, memory: 5243, top1_acc: 0.6528, top5_acc: 0.9156, loss_cls: 1.1321, loss: 1.1321
2026-08-10 22:48:49,631 - pyskl - INFO - Epoch [1][2200/6265]	lr: 2.497e-02, eta: 2 days, 22:45:19, time: 2.569, data_time: 0.000, memory: 5243, top1_acc: 0.6438, top5_acc: 0.9253, loss_cls: 1.1418, loss: 1.1418
2026-08-10 22:53:06,832 - pyskl - INFO - Epoch [1][2300/6265]	lr: 2.497e-02, eta: 2 days, 22:39:08, time: 2.572, data_time: 0.000, memory: 5243, top1_acc: 0.6516, top5_acc: 0.9300, loss_cls: 1.1111, loss: 1.1111
2026-08-10 22:57:25,044 - pyskl - INFO - Epoch [1][2400/6265]	lr: 2.496e-02, eta: 2 days, 22:33:47, time: 2.582, data_time: 0.000, memory: 5243, top1_acc: 0.6694, top5_acc: 0.9284, loss_cls: 1.0819, loss: 1.0819
2026-08-10 23:01:41,400 - pyskl - INFO - Epoch [1][2500/6265]	lr: 2.496e-02, eta: 2 days, 22:27:20, time: 2.564, data_time: 0.000, memory: 5243, top1_acc: 0.6822, top5_acc: 0.9316, loss_cls: 1.0225, loss: 1.0225
2026-08-10 23:05:56,988 - pyskl - INFO - Epoch [1][2600/6265]	lr: 2.496e-02, eta: 2 days, 22:20:33, time: 2.556, data_time: 0.000, memory: 5243, top1_acc: 0.6884, top5_acc: 0.9459, loss_cls: 0.9853, loss: 0.9853
2026-08-10 23:10:13,858 - pyskl - INFO - Epoch [1][2700/6265]	lr: 2.496e-02, eta: 2 days, 22:14:44, time: 2.569, data_time: 0.000, memory: 5243, top1_acc: 0.6956, top5_acc: 0.9387, loss_cls: 0.9890, loss: 0.9890
2026-08-10 23:14:30,295 - pyskl - INFO - Epoch [1][2800/6265]	lr: 2.495e-02, eta: 2 days, 22:08:46, time: 2.564, data_time: 0.000, memory: 5243, top1_acc: 0.6991, top5_acc: 0.9384, loss_cls: 0.9725, loss: 0.9725
2026-08-10 23:18:45,605 - pyskl - INFO - Epoch [1][2900/6265]	lr: 2.495e-02, eta: 2 days, 22:02:18, time: 2.553, data_time: 0.000, memory: 5243, top1_acc: 0.6994, top5_acc: 0.9416, loss_cls: 0.9838, loss: 0.9838
2026-08-10 23:23:04,306 - pyskl - INFO - Epoch [1][3000/6265]	lr: 2.494e-02, eta: 2 days, 21:57:48, time: 2.587, data_time: 0.000, memory: 5243, top1_acc: 0.7056, top5_acc: 0.9416, loss_cls: 0.9542, loss: 0.9542
2026-08-10 23:27:22,146 - pyskl - INFO - Epoch [1][3100/6265]	lr: 2.494e-02, eta: 2 days, 21:52:52, time: 2.578, data_time: 0.000, memory: 5243, top1_acc: 0.6991, top5_acc: 0.9366, loss_cls: 0.9784, loss: 0.9784
2026-08-10 23:31:37,668 - pyskl - INFO - Epoch [1][3200/6265]	lr: 2.494e-02, eta: 2 days, 21:46:48, time: 2.555, data_time: 0.000, memory: 5243, top1_acc: 0.7212, top5_acc: 0.9413, loss_cls: 0.9092, loss: 0.9092
2026-08-10 23:35:52,427 - pyskl - INFO - Epoch [1][3300/6265]	lr: 2.493e-02, eta: 2 days, 21:40:29, time: 2.548, data_time: 0.000, memory: 5243, top1_acc: 0.7116, top5_acc: 0.9431, loss_cls: 0.9305, loss: 0.9305
2026-08-10 23:40:12,201 - pyskl - INFO - Epoch [1][3400/6265]	lr: 2.493e-02, eta: 2 days, 21:36:39, time: 2.598, data_time: 0.000, memory: 5243, top1_acc: 0.7334, top5_acc: 0.9441, loss_cls: 0.8900, loss: 0.8900
2026-08-10 23:44:27,928 - pyskl - INFO - Epoch [1][3500/6265]	lr: 2.492e-02, eta: 2 days, 21:30:56, time: 2.557, data_time: 0.000, memory: 5243, top1_acc: 0.7291, top5_acc: 0.9581, loss_cls: 0.8433, loss: 0.8433
2026-08-10 23:48:43,439 - pyskl - INFO - Epoch [1][3600/6265]	lr: 2.492e-02, eta: 2 days, 21:25:12, time: 2.555, data_time: 0.000, memory: 5243, top1_acc: 0.7334, top5_acc: 0.9503, loss_cls: 0.8623, loss: 0.8623
2026-08-10 23:53:01,265 - pyskl - INFO - Epoch [1][3700/6265]	lr: 2.492e-02, eta: 2 days, 21:20:33, time: 2.578, data_time: 0.000, memory: 5243, top1_acc: 0.7378, top5_acc: 0.9541, loss_cls: 0.8390, loss: 0.8390
2026-08-10 23:57:19,464 - pyskl - INFO - Epoch [1][3800/6265]	lr: 2.491e-02, eta: 2 days, 21:16:05, time: 2.582, data_time: 0.000, memory: 5243, top1_acc: 0.7262, top5_acc: 0.9472, loss_cls: 0.8743, loss: 0.8743
2026-08-11 00:01:34,263 - pyskl - INFO - Epoch [1][3900/6265]	lr: 2.491e-02, eta: 2 days, 21:10:13, time: 2.548, data_time: 0.000, memory: 5243, top1_acc: 0.7409, top5_acc: 0.9566, loss_cls: 0.8103, loss: 0.8103
2026-08-11 00:05:49,893 - pyskl - INFO - Epoch [1][4000/6265]	lr: 2.490e-02, eta: 2 days, 21:04:46, time: 2.556, data_time: 0.000, memory: 5243, top1_acc: 0.7453, top5_acc: 0.9497, loss_cls: 0.8204, loss: 0.8204
2026-08-11 00:10:07,273 - pyskl - INFO - Epoch [1][4100/6265]	lr: 2.490e-02, eta: 2 days, 21:00:04, time: 2.574, data_time: 0.000, memory: 5243, top1_acc: 0.7506, top5_acc: 0.9578, loss_cls: 0.7918, loss: 0.7918
2026-08-11 00:14:23,382 - pyskl - INFO - Epoch [1][4200/6265]	lr: 2.489e-02, eta: 2 days, 20:54:54, time: 2.561, data_time: 0.000, memory: 5243, top1_acc: 0.7400, top5_acc: 0.9544, loss_cls: 0.8033, loss: 0.8033
2026-08-11 00:18:39,045 - pyskl - INFO - Epoch [1][4300/6265]	lr: 2.489e-02, eta: 2 days, 20:49:36, time: 2.557, data_time: 0.000, memory: 5243, top1_acc: 0.7625, top5_acc: 0.9591, loss_cls: 0.7779, loss: 0.7779
2026-08-11 00:22:57,835 - pyskl - INFO - Epoch [1][4400/6265]	lr: 2.488e-02, eta: 2 days, 20:45:29, time: 2.588, data_time: 0.000, memory: 5243, top1_acc: 0.7697, top5_acc: 0.9572, loss_cls: 0.7570, loss: 0.7570
2026-08-11 00:27:14,765 - pyskl - INFO - Epoch [1][4500/6265]	lr: 2.488e-02, eta: 2 days, 20:40:42, time: 2.569, data_time: 0.000, memory: 5243, top1_acc: 0.7456, top5_acc: 0.9594, loss_cls: 0.8113, loss: 0.8113
2026-08-11 00:31:31,196 - pyskl - INFO - Epoch [1][4600/6265]	lr: 2.487e-02, eta: 2 days, 20:35:46, time: 2.564, data_time: 0.000, memory: 5243, top1_acc: 0.7775, top5_acc: 0.9631, loss_cls: 0.7427, loss: 0.7427
2026-08-11 00:35:47,332 - pyskl - INFO - Epoch [1][4700/6265]	lr: 2.486e-02, eta: 2 days, 20:30:46, time: 2.561, data_time: 0.000, memory: 5243, top1_acc: 0.7725, top5_acc: 0.9581, loss_cls: 0.7407, loss: 0.7407
2026-08-11 00:40:05,244 - pyskl - INFO - Epoch [1][4800/6265]	lr: 2.486e-02, eta: 2 days, 20:26:23, time: 2.579, data_time: 0.000, memory: 5243, top1_acc: 0.7734, top5_acc: 0.9603, loss_cls: 0.7319, loss: 0.7319
2026-08-11 00:44:21,053 - pyskl - INFO - Epoch [1][4900/6265]	lr: 2.485e-02, eta: 2 days, 20:21:19, time: 2.558, data_time: 0.000, memory: 5243, top1_acc: 0.7844, top5_acc: 0.9581, loss_cls: 0.6963, loss: 0.6963
2026-08-11 00:48:36,471 - pyskl - INFO - Epoch [1][5000/6265]	lr: 2.485e-02, eta: 2 days, 20:16:10, time: 2.554, data_time: 0.000, memory: 5243, top1_acc: 0.7700, top5_acc: 0.9616, loss_cls: 0.7513, loss: 0.7513
2026-08-11 00:52:55,000 - pyskl - INFO - Epoch [1][5100/6265]	lr: 2.484e-02, eta: 2 days, 20:12:01, time: 2.585, data_time: 0.000, memory: 5243, top1_acc: 0.7672, top5_acc: 0.9625, loss_cls: 0.7199, loss: 0.7199
2026-08-11 00:57:11,812 - pyskl - INFO - Epoch [1][5200/6265]	lr: 2.483e-02, eta: 2 days, 20:07:20, time: 2.568, data_time: 0.000, memory: 5243, top1_acc: 0.7622, top5_acc: 0.9559, loss_cls: 0.7648, loss: 0.7648
2026-08-11 01:01:26,317 - pyskl - INFO - Epoch [1][5300/6265]	lr: 2.483e-02, eta: 2 days, 20:01:58, time: 2.545, data_time: 0.000, memory: 5243, top1_acc: 0.7700, top5_acc: 0.9587, loss_cls: 0.7381, loss: 0.7381
2026-08-11 01:05:43,079 - pyskl - INFO - Epoch [1][5400/6265]	lr: 2.482e-02, eta: 2 days, 19:57:19, time: 2.568, data_time: 0.000, memory: 5243, top1_acc: 0.7762, top5_acc: 0.9584, loss_cls: 0.7229, loss: 0.7229
2026-08-11 01:10:00,061 - pyskl - INFO - Epoch [1][5500/6265]	lr: 2.481e-02, eta: 2 days, 19:52:44, time: 2.570, data_time: 0.000, memory: 5243, top1_acc: 0.7766, top5_acc: 0.9628, loss_cls: 0.7124, loss: 0.7124
2026-08-11 01:14:15,929 - pyskl - INFO - Epoch [1][5600/6265]	lr: 2.481e-02, eta: 2 days, 19:47:52, time: 2.559, data_time: 0.000, memory: 5243, top1_acc: 0.7825, top5_acc: 0.9631, loss_cls: 0.6722, loss: 0.6722
2026-08-11 01:18:31,777 - pyskl - INFO - Epoch [1][5700/6265]	lr: 2.480e-02, eta: 2 days, 19:43:00, time: 2.558, data_time: 0.000, memory: 5243, top1_acc: 0.7709, top5_acc: 0.9613, loss_cls: 0.7233, loss: 0.7233
2026-08-11 01:22:49,858 - pyskl - INFO - Epoch [1][5800/6265]	lr: 2.479e-02, eta: 2 days, 19:38:45, time: 2.581, data_time: 0.000, memory: 5243, top1_acc: 0.8059, top5_acc: 0.9672, loss_cls: 0.6375, loss: 0.6375
2026-08-11 01:27:06,596 - pyskl - INFO - Epoch [1][5900/6265]	lr: 2.479e-02, eta: 2 days, 19:34:10, time: 2.567, data_time: 0.000, memory: 5243, top1_acc: 0.7947, top5_acc: 0.9625, loss_cls: 0.6536, loss: 0.6536
2026-08-11 01:31:22,485 - pyskl - INFO - Epoch [1][6000/6265]	lr: 2.478e-02, eta: 2 days, 19:29:21, time: 2.559, data_time: 0.000, memory: 5243, top1_acc: 0.7681, top5_acc: 0.9591, loss_cls: 0.7148, loss: 0.7148
2026-08-11 01:35:40,495 - pyskl - INFO - Epoch [1][6100/6265]	lr: 2.477e-02, eta: 2 days, 19:25:06, time: 2.580, data_time: 0.000, memory: 5243, top1_acc: 0.7878, top5_acc: 0.9631, loss_cls: 0.6764, loss: 0.6764
2026-08-11 01:39:58,127 - pyskl - INFO - Epoch [1][6200/6265]	lr: 2.476e-02, eta: 2 days, 19:20:46, time: 2.576, data_time: 0.000, memory: 5243, top1_acc: 0.8000, top5_acc: 0.9675, loss_cls: 0.6418, loss: 0.6418
2026-08-11 01:42:41,994 - pyskl - INFO - Saving checkpoint at 1 epochs
2026-08-11 02:03:58,516 - pyskl - INFO - Evaluating top_k_accuracy ...
2026-08-11 02:03:58,555 - pyskl - INFO - 
top1_acc	0.7694
top5_acc	0.9543
2026-08-11 02:03:58,629 - pyskl - INFO - Now best checkpoint is saved as best_top1_acc_epoch_1.pth.
2026-08-11 02:03:58,629 - pyskl - INFO - Best top1_acc is 0.7694 at 1 epoch.
2026-08-11 02:03:58,630 - pyskl - INFO - Epoch(val) [1][516]	top1_acc: 0.7694, top5_acc: 0.9543
2026-08-11 02:08:23,653 - pyskl - INFO - Epoch [2][100/6265]	lr: 2.475e-02, eta: 2 days, 18:34:15, time: 2.650, data_time: 0.070, memory: 5243, top1_acc: 0.7900, top5_acc: 0.9613, loss_cls: 0.6882, loss: 0.6882
2026-08-11 02:12:41,968 - pyskl - INFO - Epoch [2][200/6265]	lr: 2.474e-02, eta: 2 days, 18:30:43, time: 2.583, data_time: 0.000, memory: 5243, top1_acc: 0.7953, top5_acc: 0.9669, loss_cls: 0.6474, loss: 0.6474
2026-08-11 02:17:02,696 - pyskl - INFO - Epoch [2][300/6265]	lr: 2.474e-02, eta: 2 days, 18:27:45, time: 2.607, data_time: 0.000, memory: 5243, top1_acc: 0.8191, top5_acc: 0.9731, loss_cls: 0.5788, loss: 0.5788
2026-08-11 02:21:23,880 - pyskl - INFO - Epoch [2][400/6265]	lr: 2.473e-02, eta: 2 days, 18:24:51, time: 2.612, data_time: 0.000, memory: 5243, top1_acc: 0.8053, top5_acc: 0.9681, loss_cls: 0.6377, loss: 0.6377
2026-08-11 02:25:43,169 - pyskl - INFO - Epoch [2][500/6265]	lr: 2.472e-02, eta: 2 days, 18:21:27, time: 2.593, data_time: 0.000, memory: 5243, top1_acc: 0.7937, top5_acc: 0.9644, loss_cls: 0.6706, loss: 0.6706
2026-08-11 02:30:00,378 - pyskl - INFO - Epoch [2][600/6265]	lr: 2.471e-02, eta: 2 days, 18:17:34, time: 2.572, data_time: 0.000, memory: 5243, top1_acc: 0.8103, top5_acc: 0.9709, loss_cls: 0.6003, loss: 0.6003
2026-08-11 02:34:21,032 - pyskl - INFO - Epoch [2][700/6265]	lr: 2.470e-02, eta: 2 days, 18:14:26, time: 2.607, data_time: 0.000, memory: 5243, top1_acc: 0.8144, top5_acc: 0.9678, loss_cls: 0.6036, loss: 0.6036
2026-08-11 02:38:40,129 - pyskl - INFO - Epoch [2][800/6265]	lr: 2.469e-02, eta: 2 days, 18:10:56, time: 2.591, data_time: 0.000, memory: 5243, top1_acc: 0.8119, top5_acc: 0.9709, loss_cls: 0.6088, loss: 0.6088
2026-08-11 02:42:58,524 - pyskl - INFO - Epoch [2][900/6265]	lr: 2.469e-02, eta: 2 days, 18:07:15, time: 2.584, data_time: 0.000, memory: 5243, top1_acc: 0.8056, top5_acc: 0.9691, loss_cls: 0.6143, loss: 0.6143
2026-08-11 02:47:16,045 - pyskl - INFO - Epoch [2][1000/6265]	lr: 2.468e-02, eta: 2 days, 18:03:22, time: 2.575, data_time: 0.000, memory: 5243, top1_acc: 0.8034, top5_acc: 0.9666, loss_cls: 0.6283, loss: 0.6283
2026-08-11 02:51:36,875 - pyskl - INFO - Epoch [2][1100/6265]	lr: 2.467e-02, eta: 2 days, 18:00:10, time: 2.608, data_time: 0.000, memory: 5243, top1_acc: 0.8166, top5_acc: 0.9709, loss_cls: 0.5789, loss: 0.5789
2026-08-11 02:55:55,679 - pyskl - INFO - Epoch [2][1200/6265]	lr: 2.466e-02, eta: 2 days, 17:56:31, time: 2.588, data_time: 0.000, memory: 5243, top1_acc: 0.8100, top5_acc: 0.9672, loss_cls: 0.6301, loss: 0.6301
2026-08-11 03:00:13,571 - pyskl - INFO - Epoch [2][1300/6265]	lr: 2.465e-02, eta: 2 days, 17:52:40, time: 2.579, data_time: 0.000, memory: 5243, top1_acc: 0.8056, top5_acc: 0.9656, loss_cls: 0.6190, loss: 0.6190
2026-08-11 03:04:32,351 - pyskl - INFO - Epoch [2][1400/6265]	lr: 2.464e-02, eta: 2 days, 17:48:59, time: 2.588, data_time: 0.000, memory: 5243, top1_acc: 0.8166, top5_acc: 0.9719, loss_cls: 0.6052, loss: 0.6052
2026-08-11 03:08:51,607 - pyskl - INFO - Epoch [2][1500/6265]	lr: 2.463e-02, eta: 2 days, 17:45:22, time: 2.593, data_time: 0.000, memory: 5243, top1_acc: 0.7978, top5_acc: 0.9681, loss_cls: 0.6353, loss: 0.6353
2026-08-11 03:13:11,324 - pyskl - INFO - Epoch [2][1600/6265]	lr: 2.462e-02, eta: 2 days, 17:41:50, time: 2.597, data_time: 0.000, memory: 5243, top1_acc: 0.8194, top5_acc: 0.9719, loss_cls: 0.5822, loss: 0.5822
2026-08-11 03:17:30,109 - pyskl - INFO - Epoch [2][1700/6265]	lr: 2.461e-02, eta: 2 days, 17:38:06, time: 2.588, data_time: 0.000, memory: 5243, top1_acc: 0.8109, top5_acc: 0.9684, loss_cls: 0.6073, loss: 0.6073
2026-08-11 03:21:49,397 - pyskl - INFO - Epoch [2][1800/6265]	lr: 2.460e-02, eta: 2 days, 17:34:27, time: 2.593, data_time: 0.000, memory: 5243, top1_acc: 0.8225, top5_acc: 0.9728, loss_cls: 0.5744, loss: 0.5744
2026-08-11 03:26:07,063 - pyskl - INFO - Epoch [2][1900/6265]	lr: 2.459e-02, eta: 2 days, 17:30:28, time: 2.577, data_time: 0.000, memory: 5243, top1_acc: 0.8097, top5_acc: 0.9663, loss_cls: 0.6201, loss: 0.6201
2026-08-11 03:30:24,699 - pyskl - INFO - Epoch [2][2000/6265]	lr: 2.458e-02, eta: 2 days, 17:26:29, time: 2.576, data_time: 0.000, memory: 5243, top1_acc: 0.8297, top5_acc: 0.9759, loss_cls: 0.5572, loss: 0.5572
2026-08-11 03:34:44,497 - pyskl - INFO - Epoch [2][2100/6265]	lr: 2.457e-02, eta: 2 days, 17:22:53, time: 2.598, data_time: 0.000, memory: 5243, top1_acc: 0.8322, top5_acc: 0.9703, loss_cls: 0.5707, loss: 0.5707
2026-08-11 03:39:03,270 - pyskl - INFO - Epoch [2][2200/6265]	lr: 2.456e-02, eta: 2 days, 17:19:05, time: 2.588, data_time: 0.000, memory: 5243, top1_acc: 0.8172, top5_acc: 0.9725, loss_cls: 0.5715, loss: 0.5715
2026-08-11 03:43:21,601 - pyskl - INFO - Epoch [2][2300/6265]	lr: 2.455e-02, eta: 2 days, 17:15:11, time: 2.583, data_time: 0.000, memory: 5243, top1_acc: 0.8156, top5_acc: 0.9681, loss_cls: 0.5942, loss: 0.5942
2026-08-11 03:47:40,855 - pyskl - INFO - Epoch [2][2400/6265]	lr: 2.454e-02, eta: 2 days, 17:11:27, time: 2.593, data_time: 0.000, memory: 5243, top1_acc: 0.8181, top5_acc: 0.9753, loss_cls: 0.5768, loss: 0.5768
2026-08-11 03:51:59,972 - pyskl - INFO - Epoch [2][2500/6265]	lr: 2.453e-02, eta: 2 days, 17:07:40, time: 2.591, data_time: 0.000, memory: 5243, top1_acc: 0.8263, top5_acc: 0.9719, loss_cls: 0.5537, loss: 0.5537
2026-08-11 03:56:17,733 - pyskl - INFO - Epoch [2][2600/6265]	lr: 2.452e-02, eta: 2 days, 17:03:39, time: 2.578, data_time: 0.000, memory: 5243, top1_acc: 0.8225, top5_acc: 0.9697, loss_cls: 0.5692, loss: 0.5692
2026-08-11 04:00:35,866 - pyskl - INFO - Epoch [2][2700/6265]	lr: 2.451e-02, eta: 2 days, 16:59:41, time: 2.581, data_time: 0.000, memory: 5243, top1_acc: 0.8313, top5_acc: 0.9731, loss_cls: 0.5442, loss: 0.5442
2026-08-11 04:04:55,582 - pyskl - INFO - Epoch [2][2800/6265]	lr: 2.450e-02, eta: 2 days, 16:55:58, time: 2.597, data_time: 0.000, memory: 5243, top1_acc: 0.8178, top5_acc: 0.9725, loss_cls: 0.5804, loss: 0.5804
2026-08-11 04:09:14,934 - pyskl - INFO - Epoch [2][2900/6265]	lr: 2.449e-02, eta: 2 days, 16:52:11, time: 2.594, data_time: 0.000, memory: 5243, top1_acc: 0.8300, top5_acc: 0.9766, loss_cls: 0.5439, loss: 0.5439
2026-08-11 04:13:32,730 - pyskl - INFO - Epoch [2][3000/6265]	lr: 2.448e-02, eta: 2 days, 16:48:08, time: 2.578, data_time: 0.000, memory: 5243, top1_acc: 0.8281, top5_acc: 0.9738, loss_cls: 0.5581, loss: 0.5581
2026-08-11 04:17:51,132 - pyskl - INFO - Epoch [2][3100/6265]	lr: 2.447e-02, eta: 2 days, 16:44:11, time: 2.584, data_time: 0.000, memory: 5243, top1_acc: 0.8287, top5_acc: 0.9731, loss_cls: 0.5568, loss: 0.5568
2026-08-11 04:22:11,839 - pyskl - INFO - Epoch [2][3200/6265]	lr: 2.445e-02, eta: 2 days, 16:40:35, time: 2.607, data_time: 0.000, memory: 5243, top1_acc: 0.8194, top5_acc: 0.9706, loss_cls: 0.6022, loss: 0.6022
2026-08-11 04:26:30,017 - pyskl - INFO - Epoch [2][3300/6265]	lr: 2.444e-02, eta: 2 days, 16:36:35, time: 2.582, data_time: 0.000, memory: 5243, top1_acc: 0.8309, top5_acc: 0.9738, loss_cls: 0.5566, loss: 0.5566
2026-08-11 04:30:47,890 - pyskl - INFO - Epoch [2][3400/6265]	lr: 2.443e-02, eta: 2 days, 16:32:31, time: 2.579, data_time: 0.000, memory: 5243, top1_acc: 0.8097, top5_acc: 0.9703, loss_cls: 0.6029, loss: 0.6029
2026-08-11 04:35:07,058 - pyskl - INFO - Epoch [2][3500/6265]	lr: 2.442e-02, eta: 2 days, 16:28:39, time: 2.592, data_time: 0.000, memory: 5243, top1_acc: 0.8272, top5_acc: 0.9725, loss_cls: 0.5610, loss: 0.5610
2026-08-11 04:39:27,214 - pyskl - INFO - Epoch [2][3600/6265]	lr: 2.441e-02, eta: 2 days, 16:24:55, time: 2.602, data_time: 0.000, memory: 5243, top1_acc: 0.8216, top5_acc: 0.9725, loss_cls: 0.5556, loss: 0.5556
2026-08-11 04:43:45,671 - pyskl - INFO - Epoch [2][3700/6265]	lr: 2.440e-02, eta: 2 days, 16:20:56, time: 2.585, data_time: 0.000, memory: 5243, top1_acc: 0.8275, top5_acc: 0.9725, loss_cls: 0.5556, loss: 0.5556
2026-08-11 04:48:02,894 - pyskl - INFO - Epoch [2][3800/6265]	lr: 2.438e-02, eta: 2 days, 16:16:44, time: 2.572, data_time: 0.000, memory: 5243, top1_acc: 0.8344, top5_acc: 0.9769, loss_cls: 0.5199, loss: 0.5199
2026-08-11 04:52:22,463 - pyskl - INFO - Epoch [2][3900/6265]	lr: 2.437e-02, eta: 2 days, 16:12:54, time: 2.596, data_time: 0.000, memory: 5243, top1_acc: 0.8291, top5_acc: 0.9734, loss_cls: 0.5456, loss: 0.5456
2026-08-11 04:56:40,879 - pyskl - INFO - Epoch [2][4000/6265]	lr: 2.436e-02, eta: 2 days, 16:08:53, time: 2.584, data_time: 0.000, memory: 5243, top1_acc: 0.8384, top5_acc: 0.9716, loss_cls: 0.5083, loss: 0.5083
2026-08-11 05:01:00,088 - pyskl - INFO - Epoch [2][4100/6265]	lr: 2.435e-02, eta: 2 days, 16:04:58, time: 2.592, data_time: 0.000, memory: 5243, top1_acc: 0.8297, top5_acc: 0.9759, loss_cls: 0.5354, loss: 0.5354
2026-08-11 05:05:17,724 - pyskl - INFO - Epoch [2][4200/6265]	lr: 2.433e-02, eta: 2 days, 16:00:50, time: 2.576, data_time: 0.000, memory: 5243, top1_acc: 0.8106, top5_acc: 0.9709, loss_cls: 0.5860, loss: 0.5860
2026-08-11 05:09:37,831 - pyskl - INFO - Epoch [2][4300/6265]	lr: 2.432e-02, eta: 2 days, 15:57:02, time: 2.601, data_time: 0.000, memory: 5243, top1_acc: 0.8356, top5_acc: 0.9753, loss_cls: 0.5417, loss: 0.5417
2026-08-11 05:13:55,929 - pyskl - INFO - Epoch [2][4400/6265]	lr: 2.431e-02, eta: 2 days, 15:52:57, time: 2.581, data_time: 0.000, memory: 5243, top1_acc: 0.8359, top5_acc: 0.9712, loss_cls: 0.5347, loss: 0.5347
2026-08-11 05:18:12,534 - pyskl - INFO - Epoch [2][4500/6265]	lr: 2.430e-02, eta: 2 days, 15:48:39, time: 2.566, data_time: 0.000, memory: 5243, top1_acc: 0.8250, top5_acc: 0.9728, loss_cls: 0.5518, loss: 0.5518
2026-08-11 05:22:32,089 - pyskl - INFO - Epoch [2][4600/6265]	lr: 2.428e-02, eta: 2 days, 15:44:45, time: 2.596, data_time: 0.000, memory: 5243, top1_acc: 0.8394, top5_acc: 0.9706, loss_cls: 0.5402, loss: 0.5402
2026-08-11 05:26:51,224 - pyskl - INFO - Epoch [2][4700/6265]	lr: 2.427e-02, eta: 2 days, 15:40:48, time: 2.591, data_time: 0.000, memory: 5243, top1_acc: 0.8337, top5_acc: 0.9706, loss_cls: 0.5390, loss: 0.5390
2026-08-11 05:31:10,470 - pyskl - INFO - Epoch [2][4800/6265]	lr: 2.426e-02, eta: 2 days, 15:36:51, time: 2.592, data_time: 0.000, memory: 5243, top1_acc: 0.8319, top5_acc: 0.9741, loss_cls: 0.5487, loss: 0.5487
2026-08-11 05:35:27,191 - pyskl - INFO - Epoch [2][4900/6265]	lr: 2.424e-02, eta: 2 days, 15:32:33, time: 2.567, data_time: 0.000, memory: 5243, top1_acc: 0.8403, top5_acc: 0.9803, loss_cls: 0.5114, loss: 0.5114
2026-08-11 05:39:47,767 - pyskl - INFO - Epoch [2][5000/6265]	lr: 2.423e-02, eta: 2 days, 15:28:46, time: 2.606, data_time: 0.000, memory: 5243, top1_acc: 0.8438, top5_acc: 0.9766, loss_cls: 0.5183, loss: 0.5183
2026-08-11 05:44:05,715 - pyskl - INFO - Epoch [2][5100/6265]	lr: 2.422e-02, eta: 2 days, 15:24:38, time: 2.579, data_time: 0.000, memory: 5243, top1_acc: 0.8397, top5_acc: 0.9812, loss_cls: 0.4992, loss: 0.4992
2026-08-11 05:48:24,616 - pyskl - INFO - Epoch [2][5200/6265]	lr: 2.420e-02, eta: 2 days, 15:20:37, time: 2.589, data_time: 0.000, memory: 5243, top1_acc: 0.8306, top5_acc: 0.9747, loss_cls: 0.5428, loss: 0.5428
2026-08-11 05:52:43,705 - pyskl - INFO - Epoch [2][5300/6265]	lr: 2.419e-02, eta: 2 days, 15:16:37, time: 2.591, data_time: 0.000, memory: 5243, top1_acc: 0.8387, top5_acc: 0.9744, loss_cls: 0.5171, loss: 0.5171
2026-08-11 05:57:02,869 - pyskl - INFO - Epoch [2][5400/6265]	lr: 2.417e-02, eta: 2 days, 15:12:37, time: 2.592, data_time: 0.000, memory: 5243, top1_acc: 0.8425, top5_acc: 0.9806, loss_cls: 0.5073, loss: 0.5073
2026-08-11 06:01:22,223 - pyskl - INFO - Epoch [2][5500/6265]	lr: 2.416e-02, eta: 2 days, 15:08:39, time: 2.594, data_time: 0.000, memory: 5243, top1_acc: 0.8409, top5_acc: 0.9747, loss_cls: 0.5198, loss: 0.5198
2026-08-11 06:05:40,050 - pyskl - INFO - Epoch [2][5600/6265]	lr: 2.415e-02, eta: 2 days, 15:04:29, time: 2.578, data_time: 0.000, memory: 5243, top1_acc: 0.8309, top5_acc: 0.9772, loss_cls: 0.5279, loss: 0.5279
2026-08-11 06:09:58,779 - pyskl - INFO - Epoch [2][5700/6265]	lr: 2.413e-02, eta: 2 days, 15:00:25, time: 2.587, data_time: 0.000, memory: 5243, top1_acc: 0.8459, top5_acc: 0.9759, loss_cls: 0.5068, loss: 0.5068
2026-08-11 06:14:16,223 - pyskl - INFO - Epoch [2][5800/6265]	lr: 2.412e-02, eta: 2 days, 14:56:12, time: 2.574, data_time: 0.000, memory: 5243, top1_acc: 0.8366, top5_acc: 0.9734, loss_cls: 0.5191, loss: 0.5191
2026-08-11 06:18:35,096 - pyskl - INFO - Epoch [2][5900/6265]	lr: 2.410e-02, eta: 2 days, 14:52:08, time: 2.589, data_time: 0.000, memory: 5243, top1_acc: 0.8409, top5_acc: 0.9778, loss_cls: 0.5105, loss: 0.5105
2026-08-11 06:22:54,433 - pyskl - INFO - Epoch [2][6000/6265]	lr: 2.409e-02, eta: 2 days, 14:48:08, time: 2.593, data_time: 0.000, memory: 5243, top1_acc: 0.8347, top5_acc: 0.9741, loss_cls: 0.5266, loss: 0.5266
2026-08-11 06:27:13,825 - pyskl - INFO - Epoch [2][6100/6265]	lr: 2.407e-02, eta: 2 days, 14:44:08, time: 2.594, data_time: 0.000, memory: 5243, top1_acc: 0.8609, top5_acc: 0.9791, loss_cls: 0.4554, loss: 0.4554
2026-08-11 06:31:32,127 - pyskl - INFO - Epoch [2][6200/6265]	lr: 2.406e-02, eta: 2 days, 14:40:01, time: 2.583, data_time: 0.000, memory: 5243, top1_acc: 0.8225, top5_acc: 0.9744, loss_cls: 0.5386, loss: 0.5386
2026-08-11 06:34:19,457 - pyskl - INFO - Saving checkpoint at 2 epochs
2026-08-11 06:55:17,664 - pyskl - INFO - Evaluating top_k_accuracy ...
2026-08-11 06:55:17,704 - pyskl - INFO - 
top1_acc	0.7305
top5_acc	0.9327
2026-08-11 06:55:17,705 - pyskl - INFO - Epoch(val) [2][516]	top1_acc: 0.7305, top5_acc: 0.9327
2026-08-11 06:59:43,262 - pyskl - INFO - Epoch [3][100/6265]	lr: 2.403e-02, eta: 2 days, 14:14:37, time: 2.655, data_time: 0.070, memory: 5243, top1_acc: 0.8459, top5_acc: 0.9762, loss_cls: 0.4946, loss: 0.4946
2026-08-11 07:04:02,845 - pyskl - INFO - Epoch [3][200/6265]	lr: 2.402e-02, eta: 2 days, 14:10:47, time: 2.596, data_time: 0.000, memory: 5243, top1_acc: 0.8409, top5_acc: 0.9791, loss_cls: 0.5098, loss: 0.5098
2026-08-11 07:08:19,926 - pyskl - INFO - Epoch [3][300/6265]	lr: 2.400e-02, eta: 2 days, 14:06:40, time: 2.571, data_time: 0.000, memory: 5243, top1_acc: 0.8503, top5_acc: 0.9809, loss_cls: 0.4829, loss: 0.4829
2026-08-11 07:12:37,177 - pyskl - INFO - Epoch [3][400/6265]	lr: 2.399e-02, eta: 2 days, 14:02:34, time: 2.573, data_time: 0.000, memory: 5243, top1_acc: 0.8366, top5_acc: 0.9772, loss_cls: 0.5113, loss: 0.5113
2026-08-11 07:16:56,640 - pyskl - INFO - Epoch [3][500/6265]	lr: 2.397e-02, eta: 2 days, 13:58:43, time: 2.595, data_time: 0.000, memory: 5243, top1_acc: 0.8512, top5_acc: 0.9800, loss_cls: 0.4810, loss: 0.4810
2026-08-11 07:21:16,008 - pyskl - INFO - Epoch [3][600/6265]	lr: 2.396e-02, eta: 2 days, 13:54:50, time: 2.594, data_time: 0.000, memory: 5243, top1_acc: 0.8466, top5_acc: 0.9756, loss_cls: 0.4941, loss: 0.4941
2026-08-11 07:25:34,479 - pyskl - INFO - Epoch [3][700/6265]	lr: 2.394e-02, eta: 2 days, 13:50:51, time: 2.585, data_time: 0.000, memory: 5243, top1_acc: 0.8306, top5_acc: 0.9734, loss_cls: 0.5323, loss: 0.5323
2026-08-11 07:29:51,931 - pyskl - INFO - Epoch [3][800/6265]	lr: 2.393e-02, eta: 2 days, 13:46:46, time: 2.575, data_time: 0.000, memory: 5243, top1_acc: 0.8441, top5_acc: 0.9759, loss_cls: 0.5130, loss: 0.5130
2026-08-11 07:34:13,257 - pyskl - INFO - Epoch [3][900/6265]	lr: 2.391e-02, eta: 2 days, 13:43:05, time: 2.613, data_time: 0.000, memory: 5243, top1_acc: 0.8453, top5_acc: 0.9753, loss_cls: 0.5105, loss: 0.5105
2026-08-11 07:38:30,980 - pyskl - INFO - Epoch [3][1000/6265]	lr: 2.389e-02, eta: 2 days, 13:39:00, time: 2.577, data_time: 0.000, memory: 5243, top1_acc: 0.8541, top5_acc: 0.9794, loss_cls: 0.4765, loss: 0.4765
2026-08-11 07:42:47,520 - pyskl - INFO - Epoch [3][1100/6265]	lr: 2.388e-02, eta: 2 days, 13:34:48, time: 2.565, data_time: 0.000, memory: 5243, top1_acc: 0.8666, top5_acc: 0.9772, loss_cls: 0.4544, loss: 0.4544
2026-08-11 07:47:07,032 - pyskl - INFO - Epoch [3][1200/6265]	lr: 2.386e-02, eta: 2 days, 13:30:54, time: 2.595, data_time: 0.000, memory: 5243, top1_acc: 0.8400, top5_acc: 0.9731, loss_cls: 0.5182, loss: 0.5182
2026-08-11 07:51:27,239 - pyskl - INFO - Epoch [3][1300/6265]	lr: 2.384e-02, eta: 2 days, 13:27:05, time: 2.602, data_time: 0.000, memory: 5243, top1_acc: 0.8547, top5_acc: 0.9806, loss_cls: 0.4668, loss: 0.4668
2026-08-11 07:55:45,301 - pyskl - INFO - Epoch [3][1400/6265]	lr: 2.383e-02, eta: 2 days, 13:23:01, time: 2.581, data_time: 0.000, memory: 5243, top1_acc: 0.8638, top5_acc: 0.9784, loss_cls: 0.4656, loss: 0.4656
2026-08-11 08:00:01,550 - pyskl - INFO - Epoch [3][1500/6265]	lr: 2.381e-02, eta: 2 days, 13:18:47, time: 2.562, data_time: 0.000, memory: 5243, top1_acc: 0.8413, top5_acc: 0.9784, loss_cls: 0.5062, loss: 0.5062
2026-08-11 08:04:21,745 - pyskl - INFO - Epoch [3][1600/6265]	lr: 2.379e-02, eta: 2 days, 13:14:56, time: 2.602, data_time: 0.000, memory: 5243, top1_acc: 0.8416, top5_acc: 0.9725, loss_cls: 0.5056, loss: 0.5056
2026-08-11 08:08:40,524 - pyskl - INFO - Epoch [3][1700/6265]	lr: 2.378e-02, eta: 2 days, 13:10:56, time: 2.588, data_time: 0.000, memory: 5243, top1_acc: 0.8413, top5_acc: 0.9784, loss_cls: 0.4922, loss: 0.4922
2026-08-11 08:12:58,581 - pyskl - INFO - Epoch [3][1800/6265]	lr: 2.376e-02, eta: 2 days, 13:06:52, time: 2.581, data_time: 0.000, memory: 5243, top1_acc: 0.8475, top5_acc: 0.9809, loss_cls: 0.4710, loss: 0.4710
2026-08-11 08:17:16,407 - pyskl - INFO - Epoch [3][1900/6265]	lr: 2.374e-02, eta: 2 days, 13:02:46, time: 2.578, data_time: 0.000, memory: 5243, top1_acc: 0.8553, top5_acc: 0.9825, loss_cls: 0.4713, loss: 0.4713
2026-08-11 08:21:36,800 - pyskl - INFO - Epoch [3][2000/6265]	lr: 2.373e-02, eta: 2 days, 12:58:55, time: 2.604, data_time: 0.000, memory: 5243, top1_acc: 0.8528, top5_acc: 0.9806, loss_cls: 0.4706, loss: 0.4706
2026-08-11 08:25:55,423 - pyskl - INFO - Epoch [3][2100/6265]	lr: 2.371e-02, eta: 2 days, 12:54:54, time: 2.586, data_time: 0.000, memory: 5243, top1_acc: 0.8628, top5_acc: 0.9794, loss_cls: 0.4542, loss: 0.4542
2026-08-11 08:30:11,850 - pyskl - INFO - Epoch [3][2200/6265]	lr: 2.369e-02, eta: 2 days, 12:50:39, time: 2.564, data_time: 0.000, memory: 5243, top1_acc: 0.8534, top5_acc: 0.9744, loss_cls: 0.4840, loss: 0.4840
2026-08-11 08:34:30,239 - pyskl - INFO - Epoch [3][2300/6265]	lr: 2.367e-02, eta: 2 days, 12:46:36, time: 2.584, data_time: 0.000, memory: 5243, top1_acc: 0.8422, top5_acc: 0.9788, loss_cls: 0.4893, loss: 0.4893
2026-08-11 08:38:49,542 - pyskl - INFO - Epoch [3][2400/6265]	lr: 2.366e-02, eta: 2 days, 12:42:38, time: 2.593, data_time: 0.000, memory: 5243, top1_acc: 0.8444, top5_acc: 0.9753, loss_cls: 0.4793, loss: 0.4793
2026-08-11 08:43:07,553 - pyskl - INFO - Epoch [3][2500/6265]	lr: 2.364e-02, eta: 2 days, 12:38:32, time: 2.580, data_time: 0.000, memory: 5243, top1_acc: 0.8450, top5_acc: 0.9769, loss_cls: 0.5012, loss: 0.5012
2026-08-11 08:47:24,792 - pyskl - INFO - Epoch [3][2600/6265]	lr: 2.362e-02, eta: 2 days, 12:34:21, time: 2.572, data_time: 0.000, memory: 5243, top1_acc: 0.8647, top5_acc: 0.9788, loss_cls: 0.4505, loss: 0.4505
2026-08-11 08:51:45,474 - pyskl - INFO - Epoch [3][2700/6265]	lr: 2.360e-02, eta: 2 days, 12:30:30, time: 2.607, data_time: 0.000, memory: 5243, top1_acc: 0.8534, top5_acc: 0.9822, loss_cls: 0.4613, loss: 0.4613
2026-08-11 08:56:04,046 - pyskl - INFO - Epoch [3][2800/6265]	lr: 2.359e-02, eta: 2 days, 12:26:27, time: 2.586, data_time: 0.000, memory: 5243, top1_acc: 0.8538, top5_acc: 0.9781, loss_cls: 0.4575, loss: 0.4575
2026-08-11 09:00:20,750 - pyskl - INFO - Epoch [3][2900/6265]	lr: 2.357e-02, eta: 2 days, 12:22:13, time: 2.567, data_time: 0.000, memory: 5243, top1_acc: 0.8522, top5_acc: 0.9803, loss_cls: 0.4749, loss: 0.4749
2026-08-11 09:04:39,683 - pyskl - INFO - Epoch [3][3000/6265]	lr: 2.355e-02, eta: 2 days, 12:18:11, time: 2.589, data_time: 0.000, memory: 5243, top1_acc: 0.8494, top5_acc: 0.9788, loss_cls: 0.4808, loss: 0.4808
2026-08-11 09:08:58,073 - pyskl - INFO - Epoch [3][3100/6265]	lr: 2.353e-02, eta: 2 days, 12:14:07, time: 2.584, data_time: 0.000, memory: 5243, top1_acc: 0.8488, top5_acc: 0.9728, loss_cls: 0.5018, loss: 0.5018
2026-08-11 09:13:17,270 - pyskl - INFO - Epoch [3][3200/6265]	lr: 2.351e-02, eta: 2 days, 12:10:06, time: 2.592, data_time: 0.000, memory: 5243, top1_acc: 0.8506, top5_acc: 0.9800, loss_cls: 0.4735, loss: 0.4735
2026-08-11 09:17:34,498 - pyskl - INFO - Epoch [3][3300/6265]	lr: 2.349e-02, eta: 2 days, 12:05:54, time: 2.572, data_time: 0.000, memory: 5243, top1_acc: 0.8566, top5_acc: 0.9762, loss_cls: 0.4807, loss: 0.4807
2026-08-11 09:21:54,110 - pyskl - INFO - Epoch [3][3400/6265]	lr: 2.347e-02, eta: 2 days, 12:01:56, time: 2.596, data_time: 0.000, memory: 5243, top1_acc: 0.8409, top5_acc: 0.9797, loss_cls: 0.4943, loss: 0.4943
2026-08-11 09:26:12,327 - pyskl - INFO - Epoch [3][3500/6265]	lr: 2.346e-02, eta: 2 days, 11:57:49, time: 2.582, data_time: 0.000, memory: 5243, top1_acc: 0.8578, top5_acc: 0.9806, loss_cls: 0.4484, loss: 0.4484
2026-08-11 09:30:30,781 - pyskl - INFO - Epoch [3][3600/6265]	lr: 2.344e-02, eta: 2 days, 11:53:44, time: 2.585, data_time: 0.000, memory: 5243, top1_acc: 0.8456, top5_acc: 0.9791, loss_cls: 0.4740, loss: 0.4740
2026-08-11 09:34:49,581 - pyskl - INFO - Epoch [3][3700/6265]	lr: 2.342e-02, eta: 2 days, 11:49:40, time: 2.588, data_time: 0.000, memory: 5243, top1_acc: 0.8584, top5_acc: 0.9806, loss_cls: 0.4705, loss: 0.4705
2026-08-11 09:39:08,971 - pyskl - INFO - Epoch [3][3800/6265]	lr: 2.340e-02, eta: 2 days, 11:45:39, time: 2.594, data_time: 0.000, memory: 5243, top1_acc: 0.8503, top5_acc: 0.9812, loss_cls: 0.4690, loss: 0.4690
2026-08-11 09:43:27,288 - pyskl - INFO - Epoch [3][3900/6265]	lr: 2.338e-02, eta: 2 days, 11:41:33, time: 2.583, data_time: 0.000, memory: 5243, top1_acc: 0.8484, top5_acc: 0.9753, loss_cls: 0.4787, loss: 0.4787
2026-08-11 09:47:45,972 - pyskl - INFO - Epoch [3][4000/6265]	lr: 2.336e-02, eta: 2 days, 11:37:28, time: 2.587, data_time: 0.000, memory: 5243, top1_acc: 0.8606, top5_acc: 0.9806, loss_cls: 0.4557, loss: 0.4557
2026-08-11 09:52:06,215 - pyskl - INFO - Epoch [3][4100/6265]	lr: 2.334e-02, eta: 2 days, 11:33:31, time: 2.602, data_time: 0.000, memory: 5243, top1_acc: 0.8609, top5_acc: 0.9762, loss_cls: 0.4524, loss: 0.4524
2026-08-11 09:56:23,859 - pyskl - INFO - Epoch [3][4200/6265]	lr: 2.332e-02, eta: 2 days, 11:29:20, time: 2.576, data_time: 0.000, memory: 5243, top1_acc: 0.8544, top5_acc: 0.9809, loss_cls: 0.4627, loss: 0.4627
2026-08-11 10:00:42,292 - pyskl - INFO - Epoch [3][4300/6265]	lr: 2.330e-02, eta: 2 days, 11:25:13, time: 2.584, data_time: 0.000, memory: 5243, top1_acc: 0.8428, top5_acc: 0.9797, loss_cls: 0.5003, loss: 0.5003
2026-08-11 10:05:02,431 - pyskl - INFO - Epoch [3][4400/6265]	lr: 2.328e-02, eta: 2 days, 11:21:15, time: 2.601, data_time: 0.000, memory: 5243, top1_acc: 0.8447, top5_acc: 0.9816, loss_cls: 0.4799, loss: 0.4799
2026-08-11 10:09:20,783 - pyskl - INFO - Epoch [3][4500/6265]	lr: 2.326e-02, eta: 2 days, 11:17:08, time: 2.583, data_time: 0.000, memory: 5243, top1_acc: 0.8559, top5_acc: 0.9784, loss_cls: 0.4635, loss: 0.4635
2026-08-11 10:13:38,588 - pyskl - INFO - Epoch [3][4600/6265]	lr: 2.324e-02, eta: 2 days, 11:12:58, time: 2.578, data_time: 0.000, memory: 5243, top1_acc: 0.8544, top5_acc: 0.9788, loss_cls: 0.4580, loss: 0.4580
2026-08-11 10:17:57,811 - pyskl - INFO - Epoch [3][4700/6265]	lr: 2.322e-02, eta: 2 days, 11:08:54, time: 2.592, data_time: 0.000, memory: 5243, top1_acc: 0.8466, top5_acc: 0.9766, loss_cls: 0.4833, loss: 0.4833
2026-08-11 10:22:18,217 - pyskl - INFO - Epoch [3][4800/6265]	lr: 2.320e-02, eta: 2 days, 11:04:56, time: 2.604, data_time: 0.000, memory: 5243, top1_acc: 0.8612, top5_acc: 0.9794, loss_cls: 0.4455, loss: 0.4455
2026-08-11 10:26:35,677 - pyskl - INFO - Epoch [3][4900/6265]	lr: 2.318e-02, eta: 2 days, 11:00:44, time: 2.575, data_time: 0.000, memory: 5243, top1_acc: 0.8538, top5_acc: 0.9809, loss_cls: 0.4864, loss: 0.4864
2026-08-11 10:30:53,934 - pyskl - INFO - Epoch [3][5000/6265]	lr: 2.316e-02, eta: 2 days, 10:56:36, time: 2.583, data_time: 0.000, memory: 5243, top1_acc: 0.8581, top5_acc: 0.9800, loss_cls: 0.4699, loss: 0.4699
2026-08-11 10:35:13,319 - pyskl - INFO - Epoch [3][5100/6265]	lr: 2.314e-02, eta: 2 days, 10:52:32, time: 2.594, data_time: 0.000, memory: 5243, top1_acc: 0.8578, top5_acc: 0.9797, loss_cls: 0.4350, loss: 0.4350
2026-08-11 10:39:32,531 - pyskl - INFO - Epoch [3][5200/6265]	lr: 2.312e-02, eta: 2 days, 10:48:28, time: 2.592, data_time: 0.000, memory: 5243, top1_acc: 0.8712, top5_acc: 0.9809, loss_cls: 0.4078, loss: 0.4078
2026-08-11 10:43:50,215 - pyskl - INFO - Epoch [3][5300/6265]	lr: 2.310e-02, eta: 2 days, 10:44:17, time: 2.577, data_time: 0.000, memory: 5243, top1_acc: 0.8525, top5_acc: 0.9841, loss_cls: 0.4632, loss: 0.4632
2026-08-11 10:48:08,468 - pyskl - INFO - Epoch [3][5400/6265]	lr: 2.308e-02, eta: 2 days, 10:40:08, time: 2.583, data_time: 0.000, memory: 5243, top1_acc: 0.8556, top5_acc: 0.9766, loss_cls: 0.4836, loss: 0.4836
2026-08-11 10:52:28,686 - pyskl - INFO - Epoch [3][5500/6265]	lr: 2.306e-02, eta: 2 days, 10:36:08, time: 2.602, data_time: 0.000, memory: 5243, top1_acc: 0.8522, top5_acc: 0.9828, loss_cls: 0.4497, loss: 0.4497
2026-08-11 10:56:47,036 - pyskl - INFO - Epoch [3][5600/6265]	lr: 2.304e-02, eta: 2 days, 10:31:59, time: 2.583, data_time: 0.000, memory: 5243, top1_acc: 0.8675, top5_acc: 0.9788, loss_cls: 0.4343, loss: 0.4343
2026-08-11 11:01:04,330 - pyskl - INFO - Epoch [3][5700/6265]	lr: 2.301e-02, eta: 2 days, 10:27:45, time: 2.573, data_time: 0.000, memory: 5243, top1_acc: 0.8534, top5_acc: 0.9781, loss_cls: 0.4664, loss: 0.4664
2026-08-11 11:05:23,779 - pyskl - INFO - Epoch [3][5800/6265]	lr: 2.299e-02, eta: 2 days, 10:23:41, time: 2.594, data_time: 0.000, memory: 5243, top1_acc: 0.8644, top5_acc: 0.9800, loss_cls: 0.4450, loss: 0.4450
2026-08-11 11:09:43,107 - pyskl - INFO - Epoch [3][5900/6265]	lr: 2.297e-02, eta: 2 days, 10:19:36, time: 2.593, data_time: 0.000, memory: 5243, top1_acc: 0.8488, top5_acc: 0.9816, loss_cls: 0.4704, loss: 0.4704
2026-08-11 11:14:00,859 - pyskl - INFO - Epoch [3][6000/6265]	lr: 2.295e-02, eta: 2 days, 10:15:24, time: 2.578, data_time: 0.000, memory: 5243, top1_acc: 0.8528, top5_acc: 0.9788, loss_cls: 0.4690, loss: 0.4690
2026-08-11 11:18:17,562 - pyskl - INFO - Epoch [3][6100/6265]	lr: 2.293e-02, eta: 2 days, 10:11:08, time: 2.567, data_time: 0.000, memory: 5243, top1_acc: 0.8631, top5_acc: 0.9812, loss_cls: 0.4345, loss: 0.4345
2026-08-11 11:22:37,221 - pyskl - INFO - Epoch [3][6200/6265]	lr: 2.291e-02, eta: 2 days, 10:07:04, time: 2.597, data_time: 0.000, memory: 5243, top1_acc: 0.8697, top5_acc: 0.9828, loss_cls: 0.4262, loss: 0.4262
2026-08-11 11:25:23,506 - pyskl - INFO - Saving checkpoint at 3 epochs
2026-08-11 11:46:24,006 - pyskl - INFO - Evaluating top_k_accuracy ...
2026-08-11 11:46:24,046 - pyskl - INFO - 
top1_acc	0.7950
top5_acc	0.9584
2026-08-11 11:46:24,048 - pyskl - INFO - The previous best checkpoint D:\YxjProject\pythonProject\pyskl\work_dirs\stgcn++\ntu60_xsub_3dkp\j_single_gpu\best_top1_acc_epoch_1.pth was removed
2026-08-11 11:46:24,121 - pyskl - INFO - Now best checkpoint is saved as best_top1_acc_epoch_3.pth.
2026-08-11 11:46:24,121 - pyskl - INFO - Best top1_acc is 0.7950 at 3 epoch.
2026-08-11 11:46:24,122 - pyskl - INFO - Epoch(val) [3][516]	top1_acc: 0.7950, top5_acc: 0.9584
2026-08-11 11:50:49,011 - pyskl - INFO - Epoch [4][100/6265]	lr: 2.287e-02, eta: 2 days, 9:48:38, time: 2.649, data_time: 0.070, memory: 5243, top1_acc: 0.8550, top5_acc: 0.9841, loss_cls: 0.4448, loss: 0.4448
2026-08-11 11:55:07,006 - pyskl - INFO - Epoch [4][200/6265]	lr: 2.285e-02, eta: 2 days, 9:44:31, time: 2.580, data_time: 0.000, memory: 5243, top1_acc: 0.8638, top5_acc: 0.9856, loss_cls: 0.4293, loss: 0.4293
2026-08-11 11:59:24,418 - pyskl - INFO - Epoch [4][300/6265]	lr: 2.283e-02, eta: 2 days, 9:40:22, time: 2.574, data_time: 0.000, memory: 5243, top1_acc: 0.8803, top5_acc: 0.9834, loss_cls: 0.3990, loss: 0.3990
2026-08-11 12:03:44,057 - pyskl - INFO - Epoch [4][400/6265]	lr: 2.281e-02, eta: 2 days, 9:36:22, time: 2.596, data_time: 0.000, memory: 5243, top1_acc: 0.8550, top5_acc: 0.9744, loss_cls: 0.4727, loss: 0.4727
2026-08-11 12:08:01,753 - pyskl - INFO - Epoch [4][500/6265]	lr: 2.278e-02, eta: 2 days, 9:32:13, time: 2.577, data_time: 0.000, memory: 5243, top1_acc: 0.8659, top5_acc: 0.9831, loss_cls: 0.4201, loss: 0.4201
2026-08-11 12:12:18,806 - pyskl - INFO - Epoch [4][600/6265]	lr: 2.276e-02, eta: 2 days, 9:28:02, time: 2.571, data_time: 0.000, memory: 5243, top1_acc: 0.8681, top5_acc: 0.9809, loss_cls: 0.4322, loss: 0.4322
2026-08-11 12:16:38,861 - pyskl - INFO - Epoch [4][700/6265]	lr: 2.274e-02, eta: 2 days, 9:24:04, time: 2.601, data_time: 0.000, memory: 5243, top1_acc: 0.8725, top5_acc: 0.9847, loss_cls: 0.3958, loss: 0.3958
2026-08-11 12:20:56,875 - pyskl - INFO - Epoch [4][800/6265]	lr: 2.272e-02, eta: 2 days, 9:19:56, time: 2.580, data_time: 0.000, memory: 5243, top1_acc: 0.8644, top5_acc: 0.9791, loss_cls: 0.4367, loss: 0.4367
2026-08-11 12:25:15,484 - pyskl - INFO - Epoch [4][900/6265]	lr: 2.269e-02, eta: 2 days, 9:15:51, time: 2.586, data_time: 0.000, memory: 5243, top1_acc: 0.8562, top5_acc: 0.9781, loss_cls: 0.4521, loss: 0.4521
2026-08-11 12:29:32,380 - pyskl - INFO - Epoch [4][1000/6265]	lr: 2.267e-02, eta: 2 days, 9:11:39, time: 2.569, data_time: 0.000, memory: 5243, top1_acc: 0.8528, top5_acc: 0.9828, loss_cls: 0.4732, loss: 0.4732
2026-08-11 12:33:51,801 - pyskl - INFO - Epoch [4][1100/6265]	lr: 2.265e-02, eta: 2 days, 9:07:37, time: 2.594, data_time: 0.000, memory: 5243, top1_acc: 0.8600, top5_acc: 0.9788, loss_cls: 0.4457, loss: 0.4457
2026-08-11 12:38:09,520 - pyskl - INFO - Epoch [4][1200/6265]	lr: 2.263e-02, eta: 2 days, 9:03:28, time: 2.577, data_time: 0.000, memory: 5243, top1_acc: 0.8656, top5_acc: 0.9806, loss_cls: 0.4359, loss: 0.4359
2026-08-11 12:42:26,238 - pyskl - INFO - Epoch [4][1300/6265]	lr: 2.260e-02, eta: 2 days, 8:59:15, time: 2.567, data_time: 0.000, memory: 5243, top1_acc: 0.8575, top5_acc: 0.9809, loss_cls: 0.4572, loss: 0.4572
2026-08-11 12:46:44,521 - pyskl - INFO - Epoch [4][1400/6265]	lr: 2.258e-02, eta: 2 days, 8:55:09, time: 2.583, data_time: 0.000, memory: 5243, top1_acc: 0.8772, top5_acc: 0.9834, loss_cls: 0.4117, loss: 0.4117
2026-08-11 12:51:03,183 - pyskl - INFO - Epoch [4][1500/6265]	lr: 2.256e-02, eta: 2 days, 8:51:03, time: 2.587, data_time: 0.000, memory: 5243, top1_acc: 0.8691, top5_acc: 0.9816, loss_cls: 0.4228, loss: 0.4228
2026-08-11 12:55:21,756 - pyskl - INFO - Epoch [4][1600/6265]	lr: 2.253e-02, eta: 2 days, 8:46:57, time: 2.586, data_time: 0.000, memory: 5243, top1_acc: 0.8625, top5_acc: 0.9816, loss_cls: 0.4438, loss: 0.4438
2026-08-11 12:59:38,345 - pyskl - INFO - Epoch [4][1700/6265]	lr: 2.251e-02, eta: 2 days, 8:42:43, time: 2.566, data_time: 0.000, memory: 5243, top1_acc: 0.8578, top5_acc: 0.9797, loss_cls: 0.4562, loss: 0.4562
2026-08-11 13:03:58,087 - pyskl - INFO - Epoch [4][1800/6265]	lr: 2.249e-02, eta: 2 days, 8:38:42, time: 2.597, data_time: 0.000, memory: 5243, top1_acc: 0.8609, top5_acc: 0.9822, loss_cls: 0.4334, loss: 0.4334
2026-08-11 13:08:16,544 - pyskl - INFO - Epoch [4][1900/6265]	lr: 2.246e-02, eta: 2 days, 8:34:35, time: 2.585, data_time: 0.000, memory: 5243, top1_acc: 0.8509, top5_acc: 0.9841, loss_cls: 0.4481, loss: 0.4481
2026-08-11 13:12:35,241 - pyskl - INFO - Epoch [4][2000/6265]	lr: 2.244e-02, eta: 2 days, 8:30:29, time: 2.587, data_time: 0.000, memory: 5243, top1_acc: 0.8722, top5_acc: 0.9831, loss_cls: 0.4172, loss: 0.4172
2026-08-11 13:16:53,954 - pyskl - INFO - Epoch [4][2100/6265]	lr: 2.241e-02, eta: 2 days, 8:26:23, time: 2.587, data_time: 0.000, memory: 5243, top1_acc: 0.8653, top5_acc: 0.9791, loss_cls: 0.4348, loss: 0.4348
2026-08-11 13:21:12,144 - pyskl - INFO - Epoch [4][2200/6265]	lr: 2.239e-02, eta: 2 days, 8:22:15, time: 2.582, data_time: 0.000, memory: 5243, top1_acc: 0.8719, top5_acc: 0.9809, loss_cls: 0.4223, loss: 0.4223
2026-08-11 13:25:29,503 - pyskl - INFO - Epoch [4][2300/6265]	lr: 2.237e-02, eta: 2 days, 8:18:04, time: 2.574, data_time: 0.000, memory: 5243, top1_acc: 0.8581, top5_acc: 0.9794, loss_cls: 0.4397, loss: 0.4397
2026-08-11 13:29:47,180 - pyskl - INFO - Epoch [4][2400/6265]	lr: 2.234e-02, eta: 2 days, 8:13:53, time: 2.577, data_time: 0.000, memory: 5243, top1_acc: 0.8797, top5_acc: 0.9866, loss_cls: 0.4001, loss: 0.4001
2026-08-11 13:34:05,573 - pyskl - INFO - Epoch [4][2500/6265]	lr: 2.232e-02, eta: 2 days, 8:09:46, time: 2.584, data_time: 0.000, memory: 5243, top1_acc: 0.8566, top5_acc: 0.9831, loss_cls: 0.4491, loss: 0.4491
2026-08-11 13:38:23,002 - pyskl - INFO - Epoch [4][2600/6265]	lr: 2.229e-02, eta: 2 days, 8:05:35, time: 2.574, data_time: 0.000, memory: 5243, top1_acc: 0.8731, top5_acc: 0.9803, loss_cls: 0.4010, loss: 0.4010
2026-08-11 13:42:40,586 - pyskl - INFO - Epoch [4][2700/6265]	lr: 2.227e-02, eta: 2 days, 8:01:24, time: 2.576, data_time: 0.000, memory: 5243, top1_acc: 0.8806, top5_acc: 0.9828, loss_cls: 0.3784, loss: 0.3784
2026-08-11 13:46:59,432 - pyskl - INFO - Epoch [4][2800/6265]	lr: 2.224e-02, eta: 2 days, 7:57:18, time: 2.588, data_time: 0.000, memory: 5243, top1_acc: 0.8659, top5_acc: 0.9831, loss_cls: 0.4208, loss: 0.4208
2026-08-11 13:51:17,485 - pyskl - INFO - Epoch [4][2900/6265]	lr: 2.222e-02, eta: 2 days, 7:53:08, time: 2.581, data_time: 0.000, memory: 5243, top1_acc: 0.8750, top5_acc: 0.9856, loss_cls: 0.4039, loss: 0.4039
2026-08-11 13:55:35,320 - pyskl - INFO - Epoch [4][3000/6265]	lr: 2.220e-02, eta: 2 days, 7:48:58, time: 2.578, data_time: 0.000, memory: 5243, top1_acc: 0.8647, top5_acc: 0.9850, loss_cls: 0.4247, loss: 0.4247
2026-08-11 13:59:52,798 - pyskl - INFO - Epoch [4][3100/6265]	lr: 2.217e-02, eta: 2 days, 7:44:47, time: 2.575, data_time: 0.000, memory: 5243, top1_acc: 0.8781, top5_acc: 0.9872, loss_cls: 0.3976, loss: 0.3976
2026-08-11 14:04:11,772 - pyskl - INFO - Epoch [4][3200/6265]	lr: 2.215e-02, eta: 2 days, 7:40:41, time: 2.590, data_time: 0.000, memory: 5243, top1_acc: 0.8688, top5_acc: 0.9844, loss_cls: 0.4191, loss: 0.4191
2026-08-11 14:08:29,199 - pyskl - INFO - Epoch [4][3300/6265]	lr: 2.212e-02, eta: 2 days, 7:36:29, time: 2.574, data_time: 0.000, memory: 5243, top1_acc: 0.8650, top5_acc: 0.9828, loss_cls: 0.4232, loss: 0.4232
2026-08-11 14:12:45,498 - pyskl - INFO - Epoch [4][3400/6265]	lr: 2.210e-02, eta: 2 days, 7:32:13, time: 2.563, data_time: 0.000, memory: 5243, top1_acc: 0.8741, top5_acc: 0.9816, loss_cls: 0.4204, loss: 0.4204
2026-08-11 14:17:04,376 - pyskl - INFO - Epoch [4][3500/6265]	lr: 2.207e-02, eta: 2 days, 7:28:07, time: 2.589, data_time: 0.000, memory: 5243, top1_acc: 0.8722, top5_acc: 0.9828, loss_cls: 0.4093, loss: 0.4093
2026-08-11 14:21:22,106 - pyskl - INFO - Epoch [4][3600/6265]	lr: 2.205e-02, eta: 2 days, 7:23:56, time: 2.577, data_time: 0.000, memory: 5243, top1_acc: 0.8678, top5_acc: 0.9822, loss_cls: 0.4330, loss: 0.4330
2026-08-11 14:25:39,256 - pyskl - INFO - Epoch [4][3700/6265]	lr: 2.202e-02, eta: 2 days, 7:19:43, time: 2.571, data_time: 0.000, memory: 5243, top1_acc: 0.8797, top5_acc: 0.9809, loss_cls: 0.3915, loss: 0.3915
2026-08-11 14:29:57,292 - pyskl - INFO - Epoch [4][3800/6265]	lr: 2.199e-02, eta: 2 days, 7:15:33, time: 2.580, data_time: 0.000, memory: 5243, top1_acc: 0.8709, top5_acc: 0.9828, loss_cls: 0.4174, loss: 0.4174
2026-08-11 14:34:16,589 - pyskl - INFO - Epoch [4][3900/6265]	lr: 2.197e-02, eta: 2 days, 7:11:27, time: 2.593, data_time: 0.000, memory: 5243, top1_acc: 0.8700, top5_acc: 0.9825, loss_cls: 0.4076, loss: 0.4076
2026-08-11 14:38:35,015 - pyskl - INFO - Epoch [4][4000/6265]	lr: 2.194e-02, eta: 2 days, 7:07:19, time: 2.584, data_time: 0.000, memory: 5243, top1_acc: 0.8644, top5_acc: 0.9841, loss_cls: 0.4111, loss: 0.4111
2026-08-11 14:42:51,805 - pyskl - INFO - Epoch [4][4100/6265]	lr: 2.192e-02, eta: 2 days, 7:03:04, time: 2.568, data_time: 0.000, memory: 5243, top1_acc: 0.8850, top5_acc: 0.9816, loss_cls: 0.3855, loss: 0.3855
2026-08-11 14:47:11,601 - pyskl - INFO - Epoch [4][4200/6265]	lr: 2.189e-02, eta: 2 days, 6:59:00, time: 2.598, data_time: 0.000, memory: 5243, top1_acc: 0.8728, top5_acc: 0.9847, loss_cls: 0.4041, loss: 0.4041
2026-08-11 14:51:30,892 - pyskl - INFO - Epoch [4][4300/6265]	lr: 2.187e-02, eta: 2 days, 6:54:54, time: 2.593, data_time: 0.000, memory: 5243, top1_acc: 0.8728, top5_acc: 0.9812, loss_cls: 0.4004, loss: 0.4004
2026-08-11 14:55:48,239 - pyskl - INFO - Epoch [4][4400/6265]	lr: 2.184e-02, eta: 2 days, 6:50:41, time: 2.573, data_time: 0.000, memory: 5243, top1_acc: 0.8766, top5_acc: 0.9844, loss_cls: 0.3842, loss: 0.3842
2026-08-11 15:00:05,675 - pyskl - INFO - Epoch [4][4500/6265]	lr: 2.181e-02, eta: 2 days, 6:46:29, time: 2.574, data_time: 0.000, memory: 5243, top1_acc: 0.8762, top5_acc: 0.9844, loss_cls: 0.4055, loss: 0.4055
2026-08-11 15:04:24,039 - pyskl - INFO - Epoch [4][4600/6265]	lr: 2.179e-02, eta: 2 days, 6:42:19, time: 2.584, data_time: 0.000, memory: 5243, top1_acc: 0.8928, top5_acc: 0.9825, loss_cls: 0.3683, loss: 0.3683
2026-08-11 15:08:42,637 - pyskl - INFO - Epoch [4][4700/6265]	lr: 2.176e-02, eta: 2 days, 6:38:11, time: 2.586, data_time: 0.000, memory: 5243, top1_acc: 0.8703, top5_acc: 0.9847, loss_cls: 0.4265, loss: 0.4265
2026-08-11 15:13:01,608 - pyskl - INFO - Epoch [4][4800/6265]	lr: 2.174e-02, eta: 2 days, 6:34:03, time: 2.590, data_time: 0.000, memory: 5243, top1_acc: 0.8706, top5_acc: 0.9850, loss_cls: 0.4169, loss: 0.4169
2026-08-11 15:17:20,850 - pyskl - INFO - Epoch [4][4900/6265]	lr: 2.171e-02, eta: 2 days, 6:29:56, time: 2.592, data_time: 0.000, memory: 5243, top1_acc: 0.8659, top5_acc: 0.9797, loss_cls: 0.4306, loss: 0.4306
2026-08-11 15:21:38,269 - pyskl - INFO - Epoch [4][5000/6265]	lr: 2.168e-02, eta: 2 days, 6:25:43, time: 2.574, data_time: 0.000, memory: 5243, top1_acc: 0.8706, top5_acc: 0.9816, loss_cls: 0.4462, loss: 0.4462
2026-08-11 15:25:54,931 - pyskl - INFO - Epoch [4][5100/6265]	lr: 2.166e-02, eta: 2 days, 6:21:28, time: 2.567, data_time: 0.000, memory: 5243, top1_acc: 0.8644, top5_acc: 0.9844, loss_cls: 0.4219, loss: 0.4219
2026-08-11 15:30:12,978 - pyskl - INFO - Epoch [4][5200/6265]	lr: 2.163e-02, eta: 2 days, 6:17:17, time: 2.580, data_time: 0.000, memory: 5243, top1_acc: 0.8731, top5_acc: 0.9828, loss_cls: 0.4106, loss: 0.4106
2026-08-11 15:34:32,809 - pyskl - INFO - Epoch [4][5300/6265]	lr: 2.160e-02, eta: 2 days, 6:13:12, time: 2.598, data_time: 0.000, memory: 5243, top1_acc: 0.8631, top5_acc: 0.9825, loss_cls: 0.4379, loss: 0.4379
2026-08-11 15:38:51,596 - pyskl - INFO - Epoch [4][5400/6265]	lr: 2.158e-02, eta: 2 days, 6:09:03, time: 2.588, data_time: 0.000, memory: 5243, top1_acc: 0.8731, top5_acc: 0.9806, loss_cls: 0.4204, loss: 0.4204
2026-08-11 15:43:09,305 - pyskl - INFO - Epoch [4][5500/6265]	lr: 2.155e-02, eta: 2 days, 6:04:51, time: 2.577, data_time: 0.000, memory: 5243, top1_acc: 0.8722, top5_acc: 0.9788, loss_cls: 0.4216, loss: 0.4216
2026-08-11 15:47:28,448 - pyskl - INFO - Epoch [4][5600/6265]	lr: 2.152e-02, eta: 2 days, 6:00:44, time: 2.591, data_time: 0.000, memory: 5243, top1_acc: 0.8688, top5_acc: 0.9875, loss_cls: 0.3991, loss: 0.3991
2026-08-11 15:51:48,227 - pyskl - INFO - Epoch [4][5700/6265]	lr: 2.149e-02, eta: 2 days, 5:56:38, time: 2.598, data_time: 0.000, memory: 5243, top1_acc: 0.8822, top5_acc: 0.9856, loss_cls: 0.3941, loss: 0.3941
2026-08-11 15:56:05,410 - pyskl - INFO - Epoch [4][5800/6265]	lr: 2.147e-02, eta: 2 days, 5:52:24, time: 2.572, data_time: 0.000, memory: 5243, top1_acc: 0.8775, top5_acc: 0.9844, loss_cls: 0.4069, loss: 0.4069
2026-08-11 16:00:21,850 - pyskl - INFO - Epoch [4][5900/6265]	lr: 2.144e-02, eta: 2 days, 5:48:08, time: 2.564, data_time: 0.000, memory: 5243, top1_acc: 0.8628, top5_acc: 0.9822, loss_cls: 0.4258, loss: 0.4258
2026-08-11 16:04:42,569 - pyskl - INFO - Epoch [4][6000/6265]	lr: 2.141e-02, eta: 2 days, 5:44:04, time: 2.607, data_time: 0.000, memory: 5243, top1_acc: 0.8709, top5_acc: 0.9812, loss_cls: 0.4069, loss: 0.4069
2026-08-11 16:09:01,733 - pyskl - INFO - Epoch [4][6100/6265]	lr: 2.138e-02, eta: 2 days, 5:39:56, time: 2.592, data_time: 0.000, memory: 5243, top1_acc: 0.8803, top5_acc: 0.9869, loss_cls: 0.3777, loss: 0.3777
2026-08-11 16:13:19,781 - pyskl - INFO - Epoch [4][6200/6265]	lr: 2.136e-02, eta: 2 days, 5:35:45, time: 2.580, data_time: 0.000, memory: 5243, top1_acc: 0.8775, top5_acc: 0.9847, loss_cls: 0.3911, loss: 0.3911
2026-08-11 16:16:06,510 - pyskl - INFO - Saving checkpoint at 4 epochs
2026-08-11 16:37:19,470 - pyskl - INFO - Evaluating top_k_accuracy ...
2026-08-11 16:37:19,510 - pyskl - INFO - 
top1_acc	0.8040
top5_acc	0.9692
2026-08-11 16:37:19,513 - pyskl - INFO - The previous best checkpoint D:\YxjProject\pythonProject\pyskl\work_dirs\stgcn++\ntu60_xsub_3dkp\j_single_gpu\best_top1_acc_epoch_3.pth was removed
2026-08-11 16:37:19,592 - pyskl - INFO - Now best checkpoint is saved as best_top1_acc_epoch_4.pth.
2026-08-11 16:37:19,592 - pyskl - INFO - Best top1_acc is 0.8040 at 4 epoch.
2026-08-11 16:37:19,593 - pyskl - INFO - Epoch(val) [4][516]	top1_acc: 0.8040, top5_acc: 0.9692
2026-08-11 16:41:43,102 - pyskl - INFO - Epoch [5][100/6265]	lr: 2.131e-02, eta: 2 days, 5:20:45, time: 2.635, data_time: 0.069, memory: 5243, top1_acc: 0.8744, top5_acc: 0.9816, loss_cls: 0.3982, loss: 0.3982
2026-08-11 16:46:03,252 - pyskl - INFO - Epoch [5][200/6265]	lr: 2.128e-02, eta: 2 days, 5:16:43, time: 2.601, data_time: 0.000, memory: 5243, top1_acc: 0.8822, top5_acc: 0.9875, loss_cls: 0.3679, loss: 0.3679
2026-08-11 16:50:21,544 - pyskl - INFO - Epoch [5][300/6265]	lr: 2.126e-02, eta: 2 days, 5:12:34, time: 2.583, data_time: 0.000, memory: 5243, top1_acc: 0.8806, top5_acc: 0.9847, loss_cls: 0.3944, loss: 0.3944
2026-08-11 16:54:39,009 - pyskl - INFO - Epoch [5][400/6265]	lr: 2.123e-02, eta: 2 days, 5:08:23, time: 2.575, data_time: 0.000, memory: 5243, top1_acc: 0.8838, top5_acc: 0.9875, loss_cls: 0.3693, loss: 0.3693
2026-08-11 16:58:57,059 - pyskl - INFO - Epoch [5][500/6265]	lr: 2.120e-02, eta: 2 days, 5:04:14, time: 2.581, data_time: 0.000, memory: 5243, top1_acc: 0.8762, top5_acc: 0.9856, loss_cls: 0.4070, loss: 0.4070
2026-08-11 17:03:20,101 - pyskl - INFO - Epoch [5][600/6265]	lr: 2.117e-02, eta: 2 days, 5:00:19, time: 2.630, data_time: 0.000, memory: 5243, top1_acc: 0.8794, top5_acc: 0.9844, loss_cls: 0.3899, loss: 0.3899
2026-08-11 17:07:38,061 - pyskl - INFO - Epoch [5][700/6265]	lr: 2.114e-02, eta: 2 days, 4:56:09, time: 2.580, data_time: 0.000, memory: 5243, top1_acc: 0.8806, top5_acc: 0.9850, loss_cls: 0.3711, loss: 0.3711
2026-08-11 17:11:55,365 - pyskl - INFO - Epoch [5][800/6265]	lr: 2.111e-02, eta: 2 days, 4:51:58, time: 2.573, data_time: 0.000, memory: 5243, top1_acc: 0.8766, top5_acc: 0.9847, loss_cls: 0.3936, loss: 0.3936
2026-08-11 17:16:15,036 - pyskl - INFO - Epoch [5][900/6265]	lr: 2.109e-02, eta: 2 days, 4:47:52, time: 2.597, data_time: 0.000, memory: 5243, top1_acc: 0.8903, top5_acc: 0.9850, loss_cls: 0.3724, loss: 0.3724
2026-08-11 17:20:33,505 - pyskl - INFO - Epoch [5][1000/6265]	lr: 2.106e-02, eta: 2 days, 4:43:44, time: 2.585, data_time: 0.000, memory: 5243, top1_acc: 0.8797, top5_acc: 0.9844, loss_cls: 0.3887, loss: 0.3887
2026-08-11 17:24:52,847 - pyskl - INFO - Epoch [5][1100/6265]	lr: 2.103e-02, eta: 2 days, 4:39:38, time: 2.593, data_time: 0.000, memory: 5243, top1_acc: 0.8816, top5_acc: 0.9866, loss_cls: 0.3772, loss: 0.3772
2026-08-11 17:29:11,025 - pyskl - INFO - Epoch [5][1200/6265]	lr: 2.100e-02, eta: 2 days, 4:35:28, time: 2.582, data_time: 0.000, memory: 5243, top1_acc: 0.8853, top5_acc: 0.9838, loss_cls: 0.3899, loss: 0.3899
2026-08-11 17:33:31,583 - pyskl - INFO - Epoch [5][1300/6265]	lr: 2.097e-02, eta: 2 days, 4:31:25, time: 2.606, data_time: 0.000, memory: 5243, top1_acc: 0.8781, top5_acc: 0.9859, loss_cls: 0.3834, loss: 0.3834
2026-08-11 17:37:49,477 - pyskl - INFO - Epoch [5][1400/6265]	lr: 2.094e-02, eta: 2 days, 4:27:15, time: 2.579, data_time: 0.000, memory: 5243, top1_acc: 0.8862, top5_acc: 0.9869, loss_cls: 0.3734, loss: 0.3734
2026-08-11 17:42:07,959 - pyskl - INFO - Epoch [5][1500/6265]	lr: 2.091e-02, eta: 2 days, 4:23:06, time: 2.585, data_time: 0.000, memory: 5243, top1_acc: 0.8800, top5_acc: 0.9812, loss_cls: 0.3856, loss: 0.3856
2026-08-11 17:46:26,634 - pyskl - INFO - Epoch [5][1600/6265]	lr: 2.088e-02, eta: 2 days, 4:18:58, time: 2.587, data_time: 0.000, memory: 5243, top1_acc: 0.8788, top5_acc: 0.9875, loss_cls: 0.3822, loss: 0.3822
2026-08-11 17:50:44,933 - pyskl - INFO - Epoch [5][1700/6265]	lr: 2.086e-02, eta: 2 days, 4:14:48, time: 2.583, data_time: 0.000, memory: 5243, top1_acc: 0.8912, top5_acc: 0.9881, loss_cls: 0.3476, loss: 0.3476
2026-08-11 17:55:03,101 - pyskl - INFO - Epoch [5][1800/6265]	lr: 2.083e-02, eta: 2 days, 4:10:38, time: 2.582, data_time: 0.000, memory: 5243, top1_acc: 0.8725, top5_acc: 0.9803, loss_cls: 0.4098, loss: 0.4098
2026-08-11 17:59:23,137 - pyskl - INFO - Epoch [5][1900/6265]	lr: 2.080e-02, eta: 2 days, 4:06:33, time: 2.600, data_time: 0.000, memory: 5243, top1_acc: 0.8725, top5_acc: 0.9844, loss_cls: 0.4028, loss: 0.4028
2026-08-11 18:03:41,844 - pyskl - INFO - Epoch [5][2000/6265]	lr: 2.077e-02, eta: 2 days, 4:02:24, time: 2.587, data_time: 0.000, memory: 5243, top1_acc: 0.8819, top5_acc: 0.9866, loss_cls: 0.3843, loss: 0.3843
2026-08-11 18:07:59,193 - pyskl - INFO - Epoch [5][2100/6265]	lr: 2.074e-02, eta: 2 days, 3:58:12, time: 2.573, data_time: 0.000, memory: 5243, top1_acc: 0.8738, top5_acc: 0.9850, loss_cls: 0.4021, loss: 0.4021
2026-08-11 18:12:16,490 - pyskl - INFO - Epoch [5][2200/6265]	lr: 2.071e-02, eta: 2 days, 3:53:59, time: 2.573, data_time: 0.000, memory: 5243, top1_acc: 0.8766, top5_acc: 0.9806, loss_cls: 0.4005, loss: 0.4005
2026-08-11 18:16:35,137 - pyskl - INFO - Epoch [5][2300/6265]	lr: 2.068e-02, eta: 2 days, 3:49:50, time: 2.586, data_time: 0.000, memory: 5243, top1_acc: 0.8850, top5_acc: 0.9862, loss_cls: 0.3824, loss: 0.3824
2026-08-11 18:20:53,203 - pyskl - INFO - Epoch [5][2400/6265]	lr: 2.065e-02, eta: 2 days, 3:45:40, time: 2.581, data_time: 0.000, memory: 5243, top1_acc: 0.8759, top5_acc: 0.9831, loss_cls: 0.3944, loss: 0.3944
2026-08-11 18:25:09,466 - pyskl - INFO - Epoch [5][2500/6265]	lr: 2.062e-02, eta: 2 days, 3:41:24, time: 2.563, data_time: 0.000, memory: 5243, top1_acc: 0.8819, top5_acc: 0.9828, loss_cls: 0.3855, loss: 0.3855
2026-08-11 18:29:28,132 - pyskl - INFO - Epoch [5][2600/6265]	lr: 2.059e-02, eta: 2 days, 3:37:15, time: 2.587, data_time: 0.000, memory: 5243, top1_acc: 0.8775, top5_acc: 0.9834, loss_cls: 0.3971, loss: 0.3971
2026-08-11 18:33:47,800 - pyskl - INFO - Epoch [5][2700/6265]	lr: 2.056e-02, eta: 2 days, 3:33:09, time: 2.597, data_time: 0.000, memory: 5243, top1_acc: 0.8762, top5_acc: 0.9881, loss_cls: 0.3841, loss: 0.3841
2026-08-11 18:38:04,945 - pyskl - INFO - Epoch [5][2800/6265]	lr: 2.053e-02, eta: 2 days, 3:28:55, time: 2.571, data_time: 0.000, memory: 5243, top1_acc: 0.8891, top5_acc: 0.9831, loss_cls: 0.3583, loss: 0.3583
2026-08-11 18:42:21,821 - pyskl - INFO - Epoch [5][2900/6265]	lr: 2.050e-02, eta: 2 days, 3:24:42, time: 2.569, data_time: 0.000, memory: 5243, top1_acc: 0.8812, top5_acc: 0.9831, loss_cls: 0.3746, loss: 0.3746
2026-08-11 18:46:41,819 - pyskl - INFO - Epoch [5][3000/6265]	lr: 2.047e-02, eta: 2 days, 3:20:36, time: 2.600, data_time: 0.000, memory: 5243, top1_acc: 0.8875, top5_acc: 0.9875, loss_cls: 0.3559, loss: 0.3559
2026-08-11 18:51:00,862 - pyskl - INFO - Epoch [5][3100/6265]	lr: 2.044e-02, eta: 2 days, 3:16:27, time: 2.590, data_time: 0.000, memory: 5243, top1_acc: 0.8841, top5_acc: 0.9847, loss_cls: 0.3804, loss: 0.3804
2026-08-11 18:55:18,487 - pyskl - INFO - Epoch [5][3200/6265]	lr: 2.041e-02, eta: 2 days, 3:12:15, time: 2.576, data_time: 0.000, memory: 5243, top1_acc: 0.8884, top5_acc: 0.9875, loss_cls: 0.3696, loss: 0.3696
2026-08-11 18:59:36,315 - pyskl - INFO - Epoch [5][3300/6265]	lr: 2.038e-02, eta: 2 days, 3:08:03, time: 2.578, data_time: 0.000, memory: 5243, top1_acc: 0.8766, top5_acc: 0.9869, loss_cls: 0.3931, loss: 0.3931
2026-08-11 19:03:56,059 - pyskl - INFO - Epoch [5][3400/6265]	lr: 2.035e-02, eta: 2 days, 3:03:56, time: 2.597, data_time: 0.000, memory: 5243, top1_acc: 0.8738, top5_acc: 0.9862, loss_cls: 0.3866, loss: 0.3866
2026-08-11 19:08:13,152 - pyskl - INFO - Epoch [5][3500/6265]	lr: 2.032e-02, eta: 2 days, 2:59:43, time: 2.571, data_time: 0.000, memory: 5243, top1_acc: 0.8728, top5_acc: 0.9888, loss_cls: 0.3912, loss: 0.3912
2026-08-11 19:12:29,733 - pyskl - INFO - Epoch [5][3600/6265]	lr: 2.029e-02, eta: 2 days, 2:55:28, time: 2.566, data_time: 0.000, memory: 5243, top1_acc: 0.8778, top5_acc: 0.9844, loss_cls: 0.3788, loss: 0.3788
2026-08-11 19:16:50,446 - pyskl - INFO - Epoch [5][3700/6265]	lr: 2.026e-02, eta: 2 days, 2:51:23, time: 2.607, data_time: 0.000, memory: 5243, top1_acc: 0.8991, top5_acc: 0.9881, loss_cls: 0.3340, loss: 0.3340
2026-08-11 19:21:09,303 - pyskl - INFO - Epoch [5][3800/6265]	lr: 2.023e-02, eta: 2 days, 2:47:14, time: 2.589, data_time: 0.000, memory: 5243, top1_acc: 0.8744, top5_acc: 0.9822, loss_cls: 0.3830, loss: 0.3830
2026-08-11 19:25:26,753 - pyskl - INFO - Epoch [5][3900/6265]	lr: 2.020e-02, eta: 2 days, 2:43:01, time: 2.574, data_time: 0.000, memory: 5243, top1_acc: 0.8975, top5_acc: 0.9872, loss_cls: 0.3438, loss: 0.3438
2026-08-11 19:29:44,236 - pyskl - INFO - Epoch [5][4000/6265]	lr: 2.016e-02, eta: 2 days, 2:38:48, time: 2.575, data_time: 0.000, memory: 5243, top1_acc: 0.8934, top5_acc: 0.9903, loss_cls: 0.3586, loss: 0.3586
2026-08-11 19:34:04,219 - pyskl - INFO - Epoch [5][4100/6265]	lr: 2.013e-02, eta: 2 days, 2:34:41, time: 2.600, data_time: 0.000, memory: 5243, top1_acc: 0.8800, top5_acc: 0.9841, loss_cls: 0.3773, loss: 0.3773
2026-08-11 19:38:23,395 - pyskl - INFO - Epoch [5][4200/6265]	lr: 2.010e-02, eta: 2 days, 2:30:32, time: 2.592, data_time: 0.000, memory: 5243, top1_acc: 0.8934, top5_acc: 0.9875, loss_cls: 0.3447, loss: 0.3447
2026-08-11 19:42:40,751 - pyskl - INFO - Epoch [5][4300/6265]	lr: 2.007e-02, eta: 2 days, 2:26:19, time: 2.574, data_time: 0.000, memory: 5243, top1_acc: 0.8747, top5_acc: 0.9853, loss_cls: 0.3736, loss: 0.3736
2026-08-11 19:47:00,838 - pyskl - INFO - Epoch [5][4400/6265]	lr: 2.004e-02, eta: 2 days, 2:22:12, time: 2.601, data_time: 0.000, memory: 5243, top1_acc: 0.8875, top5_acc: 0.9853, loss_cls: 0.3621, loss: 0.3621
2026-08-11 19:51:19,351 - pyskl - INFO - Epoch [5][4500/6265]	lr: 2.001e-02, eta: 2 days, 2:18:01, time: 2.585, data_time: 0.000, memory: 5243, top1_acc: 0.8775, top5_acc: 0.9825, loss_cls: 0.3874, loss: 0.3874
2026-08-11 19:55:37,900 - pyskl - INFO - Epoch [5][4600/6265]	lr: 1.998e-02, eta: 2 days, 2:13:51, time: 2.585, data_time: 0.000, memory: 5243, top1_acc: 0.8962, top5_acc: 0.9866, loss_cls: 0.3452, loss: 0.3452
2026-08-11 19:59:54,644 - pyskl - INFO - Epoch [5][4700/6265]	lr: 1.995e-02, eta: 2 days, 2:09:36, time: 2.567, data_time: 0.000, memory: 5243, top1_acc: 0.8809, top5_acc: 0.9812, loss_cls: 0.3954, loss: 0.3954
2026-08-11 20:04:14,009 - pyskl - INFO - Epoch [5][4800/6265]	lr: 1.991e-02, eta: 2 days, 2:05:27, time: 2.594, data_time: 0.000, memory: 5243, top1_acc: 0.8825, top5_acc: 0.9838, loss_cls: 0.3758, loss: 0.3758
2026-08-11 20:08:33,200 - pyskl - INFO - Epoch [5][4900/6265]	lr: 1.988e-02, eta: 2 days, 2:01:18, time: 2.592, data_time: 0.000, memory: 5243, top1_acc: 0.8909, top5_acc: 0.9819, loss_cls: 0.3628, loss: 0.3628
2026-08-11 20:12:52,274 - pyskl - INFO - Epoch [5][5000/6265]	lr: 1.985e-02, eta: 2 days, 1:57:08, time: 2.591, data_time: 0.000, memory: 5243, top1_acc: 0.8975, top5_acc: 0.9856, loss_cls: 0.3377, loss: 0.3377
2026-08-11 20:17:11,680 - pyskl - INFO - Epoch [5][5100/6265]	lr: 1.982e-02, eta: 2 days, 1:52:59, time: 2.594, data_time: 0.000, memory: 5243, top1_acc: 0.8869, top5_acc: 0.9828, loss_cls: 0.3636, loss: 0.3636
2026-08-11 20:21:30,974 - pyskl - INFO - Epoch [5][5200/6265]	lr: 1.979e-02, eta: 2 days, 1:48:50, time: 2.593, data_time: 0.000, memory: 5243, top1_acc: 0.8853, top5_acc: 0.9862, loss_cls: 0.3774, loss: 0.3774
2026-08-11 20:25:48,814 - pyskl - INFO - Epoch [5][5300/6265]	lr: 1.976e-02, eta: 2 days, 1:44:38, time: 2.578, data_time: 0.000, memory: 5243, top1_acc: 0.8903, top5_acc: 0.9866, loss_cls: 0.3690, loss: 0.3690
2026-08-11 20:30:06,417 - pyskl - INFO - Epoch [5][5400/6265]	lr: 1.972e-02, eta: 2 days, 1:40:24, time: 2.576, data_time: 0.000, memory: 5243, top1_acc: 0.8906, top5_acc: 0.9856, loss_cls: 0.3611, loss: 0.3611
2026-08-11 20:34:25,372 - pyskl - INFO - Epoch [5][5500/6265]	lr: 1.969e-02, eta: 2 days, 1:36:14, time: 2.590, data_time: 0.000, memory: 5243, top1_acc: 0.8934, top5_acc: 0.9856, loss_cls: 0.3455, loss: 0.3455
2026-08-11 20:38:44,252 - pyskl - INFO - Epoch [5][5600/6265]	lr: 1.966e-02, eta: 2 days, 1:32:04, time: 2.589, data_time: 0.000, memory: 5243, top1_acc: 0.8878, top5_acc: 0.9875, loss_cls: 0.3434, loss: 0.3434
2026-08-11 20:43:03,152 - pyskl - INFO - Epoch [5][5700/6265]	lr: 1.963e-02, eta: 2 days, 1:27:53, time: 2.589, data_time: 0.000, memory: 5243, top1_acc: 0.8878, top5_acc: 0.9834, loss_cls: 0.3600, loss: 0.3600
2026-08-11 20:47:20,851 - pyskl - INFO - Epoch [5][5800/6265]	lr: 1.960e-02, eta: 2 days, 1:23:40, time: 2.577, data_time: 0.000, memory: 5243, top1_acc: 0.8844, top5_acc: 0.9869, loss_cls: 0.3669, loss: 0.3669
2026-08-11 20:51:40,465 - pyskl - INFO - Epoch [5][5900/6265]	lr: 1.956e-02, eta: 2 days, 1:19:31, time: 2.596, data_time: 0.000, memory: 5243, top1_acc: 0.8822, top5_acc: 0.9853, loss_cls: 0.3763, loss: 0.3763
2026-08-11 20:55:58,375 - pyskl - INFO - Epoch [5][6000/6265]	lr: 1.953e-02, eta: 2 days, 1:15:19, time: 2.579, data_time: 0.000, memory: 5243, top1_acc: 0.8797, top5_acc: 0.9822, loss_cls: 0.3753, loss: 0.3753
2026-08-11 21:00:16,213 - pyskl - INFO - Epoch [5][6100/6265]	lr: 1.950e-02, eta: 2 days, 1:11:06, time: 2.578, data_time: 0.000, memory: 5243, top1_acc: 0.8978, top5_acc: 0.9866, loss_cls: 0.3318, loss: 0.3318
2026-08-11 21:04:34,329 - pyskl - INFO - Epoch [5][6200/6265]	lr: 1.947e-02, eta: 2 days, 1:06:53, time: 2.581, data_time: 0.000, memory: 5243, top1_acc: 0.8947, top5_acc: 0.9844, loss_cls: 0.3553, loss: 0.3553
2026-08-11 21:07:21,049 - pyskl - INFO - Saving checkpoint at 5 epochs
2026-08-11 21:28:18,380 - pyskl - INFO - Evaluating top_k_accuracy ...
2026-08-11 21:28:18,421 - pyskl - INFO - 
top1_acc	0.8139
top5_acc	0.9663
2026-08-11 21:28:18,423 - pyskl - INFO - The previous best checkpoint D:\YxjProject\pythonProject\pyskl\work_dirs\stgcn++\ntu60_xsub_3dkp\j_single_gpu\best_top1_acc_epoch_4.pth was removed
2026-08-11 21:28:18,500 - pyskl - INFO - Now best checkpoint is saved as best_top1_acc_epoch_5.pth.
2026-08-11 21:28:18,500 - pyskl - INFO - Best top1_acc is 0.8139 at 5 epoch.
2026-08-11 21:28:18,502 - pyskl - INFO - Epoch(val) [5][516]	top1_acc: 0.8139, top5_acc: 0.9663
2026-08-11 21:32:43,288 - pyskl - INFO - Epoch [6][100/6265]	lr: 1.941e-02, eta: 2 days, 0:54:04, time: 2.648, data_time: 0.070, memory: 5243, top1_acc: 0.9059, top5_acc: 0.9878, loss_cls: 0.3199, loss: 0.3199
2026-08-11 21:37:00,543 - pyskl - INFO - Epoch [6][200/6265]	lr: 1.938e-02, eta: 2 days, 0:49:51, time: 2.573, data_time: 0.000, memory: 5243, top1_acc: 0.8888, top5_acc: 0.9866, loss_cls: 0.3498, loss: 0.3498
2026-08-11 21:41:18,350 - pyskl - INFO - Epoch [6][300/6265]	lr: 1.935e-02, eta: 2 days, 0:45:40, time: 2.578, data_time: 0.000, memory: 5243, top1_acc: 0.8919, top5_acc: 0.9866, loss_cls: 0.3502, loss: 0.3502
2026-08-11 21:45:36,460 - pyskl - INFO - Epoch [6][400/6265]	lr: 1.931e-02, eta: 2 days, 0:41:29, time: 2.581, data_time: 0.000, memory: 5243, top1_acc: 0.8912, top5_acc: 0.9875, loss_cls: 0.3567, loss: 0.3567
2026-08-11 21:49:53,094 - pyskl - INFO - Epoch [6][500/6265]	lr: 1.928e-02, eta: 2 days, 0:37:15, time: 2.566, data_time: 0.000, memory: 5243, top1_acc: 0.9022, top5_acc: 0.9862, loss_cls: 0.3350, loss: 0.3350
2026-08-11 21:54:10,777 - pyskl - INFO - Epoch [6][600/6265]	lr: 1.925e-02, eta: 2 days, 0:33:03, time: 2.577, data_time: 0.000, memory: 5243, top1_acc: 0.8981, top5_acc: 0.9897, loss_cls: 0.3285, loss: 0.3285
2026-08-11 21:58:28,382 - pyskl - INFO - Epoch [6][700/6265]	lr: 1.922e-02, eta: 2 days, 0:28:51, time: 2.576, data_time: 0.000, memory: 5243, top1_acc: 0.8972, top5_acc: 0.9888, loss_cls: 0.3329, loss: 0.3329
2026-08-11 22:02:46,368 - pyskl - INFO - Epoch [6][800/6265]	lr: 1.918e-02, eta: 2 days, 0:24:39, time: 2.580, data_time: 0.000, memory: 5243, top1_acc: 0.8938, top5_acc: 0.9900, loss_cls: 0.3222, loss: 0.3222
2026-08-11 22:07:04,285 - pyskl - INFO - Epoch [6][900/6265]	lr: 1.915e-02, eta: 2 days, 0:20:28, time: 2.579, data_time: 0.000, memory: 5243, top1_acc: 0.8891, top5_acc: 0.9909, loss_cls: 0.3477, loss: 0.3477
2026-08-11 22:11:22,359 - pyskl - INFO - Epoch [6][1000/6265]	lr: 1.912e-02, eta: 2 days, 0:16:17, time: 2.581, data_time: 0.000, memory: 5243, top1_acc: 0.8922, top5_acc: 0.9875, loss_cls: 0.3495, loss: 0.3495
2026-08-11 22:15:40,984 - pyskl - INFO - Epoch [6][1100/6265]	lr: 1.908e-02, eta: 2 days, 0:12:07, time: 2.586, data_time: 0.000, memory: 5243, top1_acc: 0.8931, top5_acc: 0.9900, loss_cls: 0.3407, loss: 0.3407
2026-08-11 22:19:57,976 - pyskl - INFO - Epoch [6][1200/6265]	lr: 1.905e-02, eta: 2 days, 0:07:53, time: 2.570, data_time: 0.000, memory: 5243, top1_acc: 0.9022, top5_acc: 0.9891, loss_cls: 0.3115, loss: 0.3115
2026-08-11 22:24:15,177 - pyskl - INFO - Epoch [6][1300/6265]	lr: 1.902e-02, eta: 2 days, 0:03:40, time: 2.572, data_time: 0.000, memory: 5243, top1_acc: 0.8834, top5_acc: 0.9862, loss_cls: 0.3651, loss: 0.3651
2026-08-11 22:28:31,692 - pyskl - INFO - Epoch [6][1400/6265]	lr: 1.898e-02, eta: 1 day, 23:59:25, time: 2.565, data_time: 0.000, memory: 5243, top1_acc: 0.8972, top5_acc: 0.9878, loss_cls: 0.3541, loss: 0.3541
2026-08-11 22:32:49,462 - pyskl - INFO - Epoch [6][1500/6265]	lr: 1.895e-02, eta: 1 day, 23:55:13, time: 2.578, data_time: 0.000, memory: 5243, top1_acc: 0.8997, top5_acc: 0.9888, loss_cls: 0.3365, loss: 0.3365
2026-08-11 22:37:06,786 - pyskl - INFO - Epoch [6][1600/6265]	lr: 1.892e-02, eta: 1 day, 23:51:00, time: 2.573, data_time: 0.000, memory: 5243, top1_acc: 0.8919, top5_acc: 0.9884, loss_cls: 0.3408, loss: 0.3408
2026-08-11 22:41:24,554 - pyskl - INFO - Epoch [6][1700/6265]	lr: 1.888e-02, eta: 1 day, 23:46:48, time: 2.578, data_time: 0.000, memory: 5243, top1_acc: 0.9084, top5_acc: 0.9912, loss_cls: 0.2997, loss: 0.2997
2026-08-11 22:45:43,375 - pyskl - INFO - Epoch [6][1800/6265]	lr: 1.885e-02, eta: 1 day, 23:42:38, time: 2.588, data_time: 0.000, memory: 5243, top1_acc: 0.8875, top5_acc: 0.9856, loss_cls: 0.3665, loss: 0.3665
2026-08-11 22:49:59,722 - pyskl - INFO - Epoch [6][1900/6265]	lr: 1.881e-02, eta: 1 day, 23:38:23, time: 2.563, data_time: 0.000, memory: 5243, top1_acc: 0.8928, top5_acc: 0.9900, loss_cls: 0.3258, loss: 0.3258
2026-08-11 22:54:17,624 - pyskl - INFO - Epoch [6][2000/6265]	lr: 1.878e-02, eta: 1 day, 23:34:11, time: 2.579, data_time: 0.000, memory: 5243, top1_acc: 0.9025, top5_acc: 0.9850, loss_cls: 0.3392, loss: 0.3392
2026-08-11 22:58:34,997 - pyskl - INFO - Epoch [6][2100/6265]	lr: 1.875e-02, eta: 1 day, 23:29:58, time: 2.574, data_time: 0.000, memory: 5243, top1_acc: 0.8916, top5_acc: 0.9847, loss_cls: 0.3555, loss: 0.3555
2026-08-11 23:02:52,427 - pyskl - INFO - Epoch [6][2200/6265]	lr: 1.871e-02, eta: 1 day, 23:25:45, time: 2.574, data_time: 0.000, memory: 5243, top1_acc: 0.8947, top5_acc: 0.9884, loss_cls: 0.3193, loss: 0.3193
2026-08-11 23:07:10,604 - pyskl - INFO - Epoch [6][2300/6265]	lr: 1.868e-02, eta: 1 day, 23:21:34, time: 2.582, data_time: 0.000, memory: 5243, top1_acc: 0.8806, top5_acc: 0.9862, loss_cls: 0.3691, loss: 0.3691
2026-08-11 23:11:29,198 - pyskl - INFO - Epoch [6][2400/6265]	lr: 1.864e-02, eta: 1 day, 23:17:23, time: 2.586, data_time: 0.000, memory: 5243, top1_acc: 0.8978, top5_acc: 0.9884, loss_cls: 0.3293, loss: 0.3293
2026-08-11 23:15:48,275 - pyskl - INFO - Epoch [6][2500/6265]	lr: 1.861e-02, eta: 1 day, 23:13:13, time: 2.591, data_time: 0.000, memory: 5243, top1_acc: 0.8997, top5_acc: 0.9881, loss_cls: 0.3271, loss: 0.3271
2026-08-11 23:20:05,213 - pyskl - INFO - Epoch [6][2600/6265]	lr: 1.858e-02, eta: 1 day, 23:08:59, time: 2.569, data_time: 0.000, memory: 5243, top1_acc: 0.9109, top5_acc: 0.9919, loss_cls: 0.2937, loss: 0.2937
2026-08-11 23:24:21,949 - pyskl - INFO - Epoch [6][2700/6265]	lr: 1.854e-02, eta: 1 day, 23:04:45, time: 2.567, data_time: 0.000, memory: 5243, top1_acc: 0.9000, top5_acc: 0.9878, loss_cls: 0.3358, loss: 0.3358
2026-08-11 23:28:40,680 - pyskl - INFO - Epoch [6][2800/6265]	lr: 1.851e-02, eta: 1 day, 23:00:34, time: 2.587, data_time: 0.000, memory: 5243, top1_acc: 0.8981, top5_acc: 0.9897, loss_cls: 0.3233, loss: 0.3233
2026-08-11 23:32:58,038 - pyskl - INFO - Epoch [6][2900/6265]	lr: 1.847e-02, eta: 1 day, 22:56:21, time: 2.574, data_time: 0.000, memory: 5243, top1_acc: 0.8994, top5_acc: 0.9897, loss_cls: 0.3285, loss: 0.3285
2026-08-11 23:37:15,277 - pyskl - INFO - Epoch [6][3000/6265]	lr: 1.844e-02, eta: 1 day, 22:52:07, time: 2.572, data_time: 0.000, memory: 5243, top1_acc: 0.8984, top5_acc: 0.9862, loss_cls: 0.3266, loss: 0.3266
2026-08-11 23:41:33,718 - pyskl - INFO - Epoch [6][3100/6265]	lr: 1.840e-02, eta: 1 day, 22:47:56, time: 2.584, data_time: 0.000, memory: 5243, top1_acc: 0.9053, top5_acc: 0.9888, loss_cls: 0.3219, loss: 0.3219
2026-08-11 23:45:52,265 - pyskl - INFO - Epoch [6][3200/6265]	lr: 1.837e-02, eta: 1 day, 22:43:45, time: 2.585, data_time: 0.000, memory: 5243, top1_acc: 0.9041, top5_acc: 0.9884, loss_cls: 0.3267, loss: 0.3267
2026-08-11 23:50:09,421 - pyskl - INFO - Epoch [6][3300/6265]	lr: 1.833e-02, eta: 1 day, 22:39:31, time: 2.572, data_time: 0.000, memory: 5243, top1_acc: 0.9081, top5_acc: 0.9906, loss_cls: 0.2994, loss: 0.2994
2026-08-11 23:54:26,207 - pyskl - INFO - Epoch [6][3400/6265]	lr: 1.830e-02, eta: 1 day, 22:35:17, time: 2.568, data_time: 0.000, memory: 5243, top1_acc: 0.8928, top5_acc: 0.9884, loss_cls: 0.3323, loss: 0.3323
2026-08-11 23:58:45,575 - pyskl - INFO - Epoch [6][3500/6265]	lr: 1.827e-02, eta: 1 day, 22:31:07, time: 2.594, data_time: 0.000, memory: 5243, top1_acc: 0.9006, top5_acc: 0.9888, loss_cls: 0.3091, loss: 0.3091
2026-08-12 00:03:03,999 - pyskl - INFO - Epoch [6][3600/6265]	lr: 1.823e-02, eta: 1 day, 22:26:55, time: 2.584, data_time: 0.000, memory: 5243, top1_acc: 0.8991, top5_acc: 0.9878, loss_cls: 0.3106, loss: 0.3106
2026-08-12 00:07:20,338 - pyskl - INFO - Epoch [6][3700/6265]	lr: 1.820e-02, eta: 1 day, 22:22:40, time: 2.563, data_time: 0.000, memory: 5243, top1_acc: 0.8912, top5_acc: 0.9869, loss_cls: 0.3415, loss: 0.3415
2026-08-12 00:11:38,686 - pyskl - INFO - Epoch [6][3800/6265]	lr: 1.816e-02, eta: 1 day, 22:18:28, time: 2.583, data_time: 0.000, memory: 5243, top1_acc: 0.8962, top5_acc: 0.9903, loss_cls: 0.3361, loss: 0.3361
2026-08-12 00:15:57,317 - pyskl - INFO - Epoch [6][3900/6265]	lr: 1.813e-02, eta: 1 day, 22:14:17, time: 2.586, data_time: 0.000, memory: 5243, top1_acc: 0.8950, top5_acc: 0.9888, loss_cls: 0.3413, loss: 0.3413
2026-08-12 00:20:14,747 - pyskl - INFO - Epoch [6][4000/6265]	lr: 1.809e-02, eta: 1 day, 22:10:04, time: 2.574, data_time: 0.000, memory: 5243, top1_acc: 0.8838, top5_acc: 0.9875, loss_cls: 0.3691, loss: 0.3691
2026-08-12 00:24:30,822 - pyskl - INFO - Epoch [6][4100/6265]	lr: 1.806e-02, eta: 1 day, 22:05:48, time: 2.561, data_time: 0.000, memory: 5243, top1_acc: 0.9012, top5_acc: 0.9881, loss_cls: 0.3314, loss: 0.3314
2026-08-12 00:28:51,054 - pyskl - INFO - Epoch [6][4200/6265]	lr: 1.802e-02, eta: 1 day, 22:01:39, time: 2.602, data_time: 0.000, memory: 5243, top1_acc: 0.9087, top5_acc: 0.9891, loss_cls: 0.3103, loss: 0.3103
2026-08-12 00:33:09,781 - pyskl - INFO - Epoch [6][4300/6265]	lr: 1.799e-02, eta: 1 day, 21:57:28, time: 2.587, data_time: 0.000, memory: 5243, top1_acc: 0.8944, top5_acc: 0.9881, loss_cls: 0.3508, loss: 0.3508
2026-08-12 00:37:26,066 - pyskl - INFO - Epoch [6][4400/6265]	lr: 1.795e-02, eta: 1 day, 21:53:12, time: 2.563, data_time: 0.000, memory: 5243, top1_acc: 0.8925, top5_acc: 0.9866, loss_cls: 0.3531, loss: 0.3531
2026-08-12 00:41:43,880 - pyskl - INFO - Epoch [6][4500/6265]	lr: 1.792e-02, eta: 1 day, 21:49:00, time: 2.578, data_time: 0.000, memory: 5243, top1_acc: 0.9012, top5_acc: 0.9900, loss_cls: 0.3251, loss: 0.3251
2026-08-12 00:46:02,503 - pyskl - INFO - Epoch [6][4600/6265]	lr: 1.788e-02, eta: 1 day, 21:44:48, time: 2.586, data_time: 0.000, memory: 5243, top1_acc: 0.8938, top5_acc: 0.9897, loss_cls: 0.3467, loss: 0.3467
2026-08-12 00:50:19,258 - pyskl - INFO - Epoch [6][4700/6265]	lr: 1.784e-02, eta: 1 day, 21:40:33, time: 2.568, data_time: 0.000, memory: 5243, top1_acc: 0.8900, top5_acc: 0.9891, loss_cls: 0.3375, loss: 0.3375
2026-08-12 00:54:35,596 - pyskl - INFO - Epoch [6][4800/6265]	lr: 1.781e-02, eta: 1 day, 21:36:18, time: 2.563, data_time: 0.000, memory: 5243, top1_acc: 0.9022, top5_acc: 0.9856, loss_cls: 0.3313, loss: 0.3313
2026-08-12 00:58:55,138 - pyskl - INFO - Epoch [6][4900/6265]	lr: 1.777e-02, eta: 1 day, 21:32:08, time: 2.595, data_time: 0.000, memory: 5243, top1_acc: 0.9025, top5_acc: 0.9912, loss_cls: 0.3107, loss: 0.3107
2026-08-12 01:03:13,444 - pyskl - INFO - Epoch [6][5000/6265]	lr: 1.774e-02, eta: 1 day, 21:27:56, time: 2.583, data_time: 0.000, memory: 5243, top1_acc: 0.8941, top5_acc: 0.9881, loss_cls: 0.3386, loss: 0.3386
2026-08-12 01:07:30,783 - pyskl - INFO - Epoch [6][5100/6265]	lr: 1.770e-02, eta: 1 day, 21:23:42, time: 2.573, data_time: 0.000, memory: 5243, top1_acc: 0.9113, top5_acc: 0.9881, loss_cls: 0.2999, loss: 0.2999
2026-08-12 01:11:48,372 - pyskl - INFO - Epoch [6][5200/6265]	lr: 1.767e-02, eta: 1 day, 21:19:28, time: 2.576, data_time: 0.000, memory: 5243, top1_acc: 0.9047, top5_acc: 0.9878, loss_cls: 0.2963, loss: 0.2963
2026-08-12 01:16:07,537 - pyskl - INFO - Epoch [6][5300/6265]	lr: 1.763e-02, eta: 1 day, 21:15:17, time: 2.592, data_time: 0.000, memory: 5243, top1_acc: 0.8953, top5_acc: 0.9888, loss_cls: 0.3228, loss: 0.3228
2026-08-12 01:20:23,905 - pyskl - INFO - Epoch [6][5400/6265]	lr: 1.760e-02, eta: 1 day, 21:11:02, time: 2.564, data_time: 0.000, memory: 5243, top1_acc: 0.8962, top5_acc: 0.9872, loss_cls: 0.3342, loss: 0.3342
2026-08-12 01:24:40,093 - pyskl - INFO - Epoch [6][5500/6265]	lr: 1.756e-02, eta: 1 day, 21:06:46, time: 2.562, data_time: 0.000, memory: 5243, top1_acc: 0.8975, top5_acc: 0.9891, loss_cls: 0.3112, loss: 0.3112
2026-08-12 01:28:57,914 - pyskl - INFO - Epoch [6][5600/6265]	lr: 1.752e-02, eta: 1 day, 21:02:33, time: 2.578, data_time: 0.000, memory: 5243, top1_acc: 0.9034, top5_acc: 0.9891, loss_cls: 0.3235, loss: 0.3235
2026-08-12 01:33:15,736 - pyskl - INFO - Epoch [6][5700/6265]	lr: 1.749e-02, eta: 1 day, 20:58:20, time: 2.578, data_time: 0.000, memory: 5243, top1_acc: 0.9019, top5_acc: 0.9856, loss_cls: 0.3217, loss: 0.3217
2026-08-12 01:37:32,741 - pyskl - INFO - Epoch [6][5800/6265]	lr: 1.745e-02, eta: 1 day, 20:54:05, time: 2.570, data_time: 0.000, memory: 5243, top1_acc: 0.8981, top5_acc: 0.9862, loss_cls: 0.3419, loss: 0.3419
2026-08-12 01:41:49,551 - pyskl - INFO - Epoch [6][5900/6265]	lr: 1.742e-02, eta: 1 day, 20:49:50, time: 2.568, data_time: 0.000, memory: 5243, top1_acc: 0.9091, top5_acc: 0.9906, loss_cls: 0.2997, loss: 0.2997
2026-08-12 01:46:08,890 - pyskl - INFO - Epoch [6][6000/6265]	lr: 1.738e-02, eta: 1 day, 20:45:39, time: 2.593, data_time: 0.000, memory: 5243, top1_acc: 0.9125, top5_acc: 0.9891, loss_cls: 0.2963, loss: 0.2963
2026-08-12 01:50:26,187 - pyskl - INFO - Epoch [6][6100/6265]	lr: 1.734e-02, eta: 1 day, 20:41:25, time: 2.573, data_time: 0.000, memory: 5243, top1_acc: 0.8947, top5_acc: 0.9875, loss_cls: 0.3332, loss: 0.3332
2026-08-12 01:54:42,736 - pyskl - INFO - Epoch [6][6200/6265]	lr: 1.731e-02, eta: 1 day, 20:37:10, time: 2.565, data_time: 0.000, memory: 5243, top1_acc: 0.8969, top5_acc: 0.9912, loss_cls: 0.3252, loss: 0.3252
2026-08-12 01:57:30,553 - pyskl - INFO - Saving checkpoint at 6 epochs
2026-08-12 02:18:36,566 - pyskl - INFO - Evaluating top_k_accuracy ...
2026-08-12 02:18:36,606 - pyskl - INFO - 
top1_acc	0.8031
top5_acc	0.9589
2026-08-12 02:18:36,607 - pyskl - INFO - Epoch(val) [6][516]	top1_acc: 0.8031, top5_acc: 0.9589
2026-08-12 02:23:01,712 - pyskl - INFO - Epoch [7][100/6265]	lr: 1.725e-02, eta: 1 day, 20:25:46, time: 2.651, data_time: 0.069, memory: 5243, top1_acc: 0.8962, top5_acc: 0.9866, loss_cls: 0.3366, loss: 0.3366
2026-08-12 02:27:20,049 - pyskl - INFO - Epoch [7][200/6265]	lr: 1.721e-02, eta: 1 day, 20:21:34, time: 2.583, data_time: 0.000, memory: 5243, top1_acc: 0.9025, top5_acc: 0.9875, loss_cls: 0.3123, loss: 0.3123
2026-08-12 02:31:37,525 - pyskl - INFO - Epoch [7][300/6265]	lr: 1.718e-02, eta: 1 day, 20:17:22, time: 2.575, data_time: 0.000, memory: 5243, top1_acc: 0.9050, top5_acc: 0.9884, loss_cls: 0.3098, loss: 0.3098
2026-08-12 02:35:53,794 - pyskl - INFO - Epoch [7][400/6265]	lr: 1.714e-02, eta: 1 day, 20:13:07, time: 2.563, data_time: 0.000, memory: 5243, top1_acc: 0.8966, top5_acc: 0.9897, loss_cls: 0.3262, loss: 0.3262
2026-08-12 02:40:11,546 - pyskl - INFO - Epoch [7][500/6265]	lr: 1.710e-02, eta: 1 day, 20:08:54, time: 2.578, data_time: 0.000, memory: 5243, top1_acc: 0.9134, top5_acc: 0.9881, loss_cls: 0.2928, loss: 0.2928
2026-08-12 02:44:29,579 - pyskl - INFO - Epoch [7][600/6265]	lr: 1.707e-02, eta: 1 day, 20:04:42, time: 2.580, data_time: 0.000, memory: 5243, top1_acc: 0.8909, top5_acc: 0.9866, loss_cls: 0.3447, loss: 0.3447
2026-08-12 02:48:47,080 - pyskl - INFO - Epoch [7][700/6265]	lr: 1.703e-02, eta: 1 day, 20:00:29, time: 2.575, data_time: 0.000, memory: 5243, top1_acc: 0.9100, top5_acc: 0.9891, loss_cls: 0.3005, loss: 0.3005
2026-08-12 02:53:03,675 - pyskl - INFO - Epoch [7][800/6265]	lr: 1.699e-02, eta: 1 day, 19:56:15, time: 2.566, data_time: 0.000, memory: 5243, top1_acc: 0.9084, top5_acc: 0.9888, loss_cls: 0.3005, loss: 0.3005
2026-08-12 02:57:22,005 - pyskl - INFO - Epoch [7][900/6265]	lr: 1.696e-02, eta: 1 day, 19:52:03, time: 2.583, data_time: 0.000, memory: 5243, top1_acc: 0.9097, top5_acc: 0.9919, loss_cls: 0.2970, loss: 0.2970
2026-08-12 03:01:40,104 - pyskl - INFO - Epoch [7][1000/6265]	lr: 1.692e-02, eta: 1 day, 19:47:52, time: 2.581, data_time: 0.000, memory: 5243, top1_acc: 0.9006, top5_acc: 0.9859, loss_cls: 0.3254, loss: 0.3254
2026-08-12 03:05:57,221 - pyskl - INFO - Epoch [7][1100/6265]	lr: 1.688e-02, eta: 1 day, 19:43:38, time: 2.571, data_time: 0.000, memory: 5243, top1_acc: 0.9128, top5_acc: 0.9938, loss_cls: 0.2848, loss: 0.2848
2026-08-12 03:10:16,292 - pyskl - INFO - Epoch [7][1200/6265]	lr: 1.685e-02, eta: 1 day, 19:39:27, time: 2.591, data_time: 0.000, memory: 5243, top1_acc: 0.9147, top5_acc: 0.9931, loss_cls: 0.2724, loss: 0.2724
2026-08-12 03:14:33,677 - pyskl - INFO - Epoch [7][1300/6265]	lr: 1.681e-02, eta: 1 day, 19:35:14, time: 2.574, data_time: 0.000, memory: 5243, top1_acc: 0.9034, top5_acc: 0.9934, loss_cls: 0.3096, loss: 0.3096
2026-08-12 03:18:50,523 - pyskl - INFO - Epoch [7][1400/6265]	lr: 1.677e-02, eta: 1 day, 19:31:00, time: 2.568, data_time: 0.000, memory: 5243, top1_acc: 0.9106, top5_acc: 0.9888, loss_cls: 0.3072, loss: 0.3072
2026-08-12 03:23:07,855 - pyskl - INFO - Epoch [7][1500/6265]	lr: 1.674e-02, eta: 1 day, 19:26:47, time: 2.573, data_time: 0.000, memory: 5243, top1_acc: 0.9034, top5_acc: 0.9900, loss_cls: 0.3077, loss: 0.3077
2026-08-12 03:27:26,045 - pyskl - INFO - Epoch [7][1600/6265]	lr: 1.670e-02, eta: 1 day, 19:22:35, time: 2.582, data_time: 0.000, memory: 5243, top1_acc: 0.9113, top5_acc: 0.9875, loss_cls: 0.3023, loss: 0.3023
2026-08-12 03:31:43,734 - pyskl - INFO - Epoch [7][1700/6265]	lr: 1.666e-02, eta: 1 day, 19:18:22, time: 2.577, data_time: 0.000, memory: 5243, top1_acc: 0.9081, top5_acc: 0.9875, loss_cls: 0.2995, loss: 0.2995
2026-08-12 03:36:00,195 - pyskl - INFO - Epoch [7][1800/6265]	lr: 1.663e-02, eta: 1 day, 19:14:07, time: 2.565, data_time: 0.000, memory: 5243, top1_acc: 0.9259, top5_acc: 0.9916, loss_cls: 0.2603, loss: 0.2603
2026-08-12 03:40:18,503 - pyskl - INFO - Epoch [7][1900/6265]	lr: 1.659e-02, eta: 1 day, 19:09:55, time: 2.583, data_time: 0.000, memory: 5243, top1_acc: 0.9019, top5_acc: 0.9912, loss_cls: 0.3086, loss: 0.3086
2026-08-12 03:44:36,778 - pyskl - INFO - Epoch [7][2000/6265]	lr: 1.655e-02, eta: 1 day, 19:05:43, time: 2.583, data_time: 0.000, memory: 5243, top1_acc: 0.9216, top5_acc: 0.9909, loss_cls: 0.2768, loss: 0.2768
2026-08-12 03:48:54,638 - pyskl - INFO - Epoch [7][2100/6265]	lr: 1.651e-02, eta: 1 day, 19:01:31, time: 2.579, data_time: 0.000, memory: 5243, top1_acc: 0.9056, top5_acc: 0.9909, loss_cls: 0.3009, loss: 0.3009
2026-08-12 03:53:11,608 - pyskl - INFO - Epoch [7][2200/6265]	lr: 1.648e-02, eta: 1 day, 18:57:17, time: 2.570, data_time: 0.000, memory: 5243, top1_acc: 0.9091, top5_acc: 0.9897, loss_cls: 0.2970, loss: 0.2970
2026-08-12 03:57:30,988 - pyskl - INFO - Epoch [7][2300/6265]	lr: 1.644e-02, eta: 1 day, 18:53:06, time: 2.594, data_time: 0.000, memory: 5243, top1_acc: 0.8997, top5_acc: 0.9897, loss_cls: 0.3249, loss: 0.3249
2026-08-12 04:01:48,594 - pyskl - INFO - Epoch [7][2400/6265]	lr: 1.640e-02, eta: 1 day, 18:48:53, time: 2.576, data_time: 0.000, memory: 5243, top1_acc: 0.9081, top5_acc: 0.9928, loss_cls: 0.2918, loss: 0.2918
2026-08-12 04:06:04,664 - pyskl - INFO - Epoch [7][2500/6265]	lr: 1.637e-02, eta: 1 day, 18:44:38, time: 2.561, data_time: 0.000, memory: 5243, top1_acc: 0.9150, top5_acc: 0.9912, loss_cls: 0.2799, loss: 0.2799
2026-08-12 04:10:21,998 - pyskl - INFO - Epoch [7][2600/6265]	lr: 1.633e-02, eta: 1 day, 18:40:24, time: 2.573, data_time: 0.000, memory: 5243, top1_acc: 0.8941, top5_acc: 0.9878, loss_cls: 0.3382, loss: 0.3382
2026-08-12 04:14:39,214 - pyskl - INFO - Epoch [7][2700/6265]	lr: 1.629e-02, eta: 1 day, 18:36:10, time: 2.572, data_time: 0.000, memory: 5243, top1_acc: 0.9031, top5_acc: 0.9912, loss_cls: 0.3051, loss: 0.3051
2026-08-12 04:18:56,534 - pyskl - INFO - Epoch [7][2800/6265]	lr: 1.625e-02, eta: 1 day, 18:31:57, time: 2.573, data_time: 0.000, memory: 5243, top1_acc: 0.9103, top5_acc: 0.9888, loss_cls: 0.2863, loss: 0.2863
2026-08-12 04:23:14,712 - pyskl - INFO - Epoch [7][2900/6265]	lr: 1.622e-02, eta: 1 day, 18:27:44, time: 2.582, data_time: 0.000, memory: 5243, top1_acc: 0.9159, top5_acc: 0.9919, loss_cls: 0.2812, loss: 0.2812
2026-08-12 04:27:34,543 - pyskl - INFO - Epoch [7][3000/6265]	lr: 1.618e-02, eta: 1 day, 18:23:34, time: 2.598, data_time: 0.000, memory: 5243, top1_acc: 0.9128, top5_acc: 0.9909, loss_cls: 0.2759, loss: 0.2759
2026-08-12 04:31:51,140 - pyskl - INFO - Epoch [7][3100/6265]	lr: 1.614e-02, eta: 1 day, 18:19:20, time: 2.566, data_time: 0.000, memory: 5243, top1_acc: 0.9047, top5_acc: 0.9906, loss_cls: 0.2949, loss: 0.2949
2026-08-12 04:36:08,960 - pyskl - INFO - Epoch [7][3200/6265]	lr: 1.610e-02, eta: 1 day, 18:15:07, time: 2.578, data_time: 0.000, memory: 5243, top1_acc: 0.9166, top5_acc: 0.9919, loss_cls: 0.2743, loss: 0.2743
2026-08-12 04:40:26,224 - pyskl - INFO - Epoch [7][3300/6265]	lr: 1.607e-02, eta: 1 day, 18:10:53, time: 2.573, data_time: 0.000, memory: 5243, top1_acc: 0.9012, top5_acc: 0.9909, loss_cls: 0.3033, loss: 0.3033
2026-08-12 04:44:44,665 - pyskl - INFO - Epoch [7][3400/6265]	lr: 1.603e-02, eta: 1 day, 18:06:41, time: 2.584, data_time: 0.000, memory: 5243, top1_acc: 0.9166, top5_acc: 0.9919, loss_cls: 0.2730, loss: 0.2730
2026-08-12 04:49:02,930 - pyskl - INFO - Epoch [7][3500/6265]	lr: 1.599e-02, eta: 1 day, 18:02:28, time: 2.583, data_time: 0.000, memory: 5243, top1_acc: 0.9134, top5_acc: 0.9891, loss_cls: 0.2893, loss: 0.2893
2026-08-12 04:53:22,231 - pyskl - INFO - Epoch [7][3600/6265]	lr: 1.595e-02, eta: 1 day, 17:58:17, time: 2.593, data_time: 0.000, memory: 5243, top1_acc: 0.9203, top5_acc: 0.9922, loss_cls: 0.2594, loss: 0.2594
2026-08-12 04:57:40,101 - pyskl - INFO - Epoch [7][3700/6265]	lr: 1.592e-02, eta: 1 day, 17:54:04, time: 2.579, data_time: 0.000, memory: 5243, top1_acc: 0.8994, top5_acc: 0.9903, loss_cls: 0.3097, loss: 0.3097
2026-08-12 05:01:56,821 - pyskl - INFO - Epoch [7][3800/6265]	lr: 1.588e-02, eta: 1 day, 17:49:49, time: 2.567, data_time: 0.000, memory: 5243, top1_acc: 0.9153, top5_acc: 0.9912, loss_cls: 0.2633, loss: 0.2633
2026-08-12 05:06:13,495 - pyskl - INFO - Epoch [7][3900/6265]	lr: 1.584e-02, eta: 1 day, 17:45:35, time: 2.567, data_time: 0.000, memory: 5243, top1_acc: 0.9166, top5_acc: 0.9884, loss_cls: 0.2731, loss: 0.2731
2026-08-12 05:10:32,290 - pyskl - INFO - Epoch [7][4000/6265]	lr: 1.580e-02, eta: 1 day, 17:41:23, time: 2.588, data_time: 0.000, memory: 5243, top1_acc: 0.9216, top5_acc: 0.9922, loss_cls: 0.2758, loss: 0.2758
2026-08-12 05:14:50,168 - pyskl - INFO - Epoch [7][4100/6265]	lr: 1.576e-02, eta: 1 day, 17:37:10, time: 2.579, data_time: 0.000, memory: 5243, top1_acc: 0.9094, top5_acc: 0.9928, loss_cls: 0.2830, loss: 0.2830
2026-08-12 05:19:07,323 - pyskl - INFO - Epoch [7][4200/6265]	lr: 1.573e-02, eta: 1 day, 17:32:56, time: 2.572, data_time: 0.000, memory: 5243, top1_acc: 0.9044, top5_acc: 0.9916, loss_cls: 0.3149, loss: 0.3149
2026-08-12 05:23:25,732 - pyskl - INFO - Epoch [7][4300/6265]	lr: 1.569e-02, eta: 1 day, 17:28:43, time: 2.584, data_time: 0.000, memory: 5243, top1_acc: 0.9038, top5_acc: 0.9866, loss_cls: 0.3129, loss: 0.3129
2026-08-12 05:27:43,909 - pyskl - INFO - Epoch [7][4400/6265]	lr: 1.565e-02, eta: 1 day, 17:24:30, time: 2.582, data_time: 0.000, memory: 5243, top1_acc: 0.9109, top5_acc: 0.9903, loss_cls: 0.2888, loss: 0.2888
2026-08-12 05:32:00,946 - pyskl - INFO - Epoch [7][4500/6265]	lr: 1.561e-02, eta: 1 day, 17:20:16, time: 2.570, data_time: 0.000, memory: 5243, top1_acc: 0.9197, top5_acc: 0.9894, loss_cls: 0.2719, loss: 0.2719
2026-08-12 05:36:18,999 - pyskl - INFO - Epoch [7][4600/6265]	lr: 1.558e-02, eta: 1 day, 17:16:03, time: 2.581, data_time: 0.000, memory: 5243, top1_acc: 0.9103, top5_acc: 0.9906, loss_cls: 0.2931, loss: 0.2931
2026-08-12 05:40:38,687 - pyskl - INFO - Epoch [7][4700/6265]	lr: 1.554e-02, eta: 1 day, 17:11:52, time: 2.597, data_time: 0.000, memory: 5243, top1_acc: 0.9166, top5_acc: 0.9900, loss_cls: 0.2819, loss: 0.2819
2026-08-12 05:44:56,571 - pyskl - INFO - Epoch [7][4800/6265]	lr: 1.550e-02, eta: 1 day, 17:07:39, time: 2.579, data_time: 0.000, memory: 5243, top1_acc: 0.9228, top5_acc: 0.9909, loss_cls: 0.2602, loss: 0.2602
2026-08-12 05:49:14,000 - pyskl - INFO - Epoch [7][4900/6265]	lr: 1.546e-02, eta: 1 day, 17:03:25, time: 2.574, data_time: 0.000, memory: 5243, top1_acc: 0.9103, top5_acc: 0.9903, loss_cls: 0.2844, loss: 0.2844
2026-08-12 05:53:32,157 - pyskl - INFO - Epoch [7][5000/6265]	lr: 1.542e-02, eta: 1 day, 16:59:12, time: 2.582, data_time: 0.000, memory: 5243, top1_acc: 0.9219, top5_acc: 0.9900, loss_cls: 0.2748, loss: 0.2748
2026-08-12 05:57:50,707 - pyskl - INFO - Epoch [7][5100/6265]	lr: 1.538e-02, eta: 1 day, 16:55:00, time: 2.585, data_time: 0.000, memory: 5243, top1_acc: 0.9144, top5_acc: 0.9909, loss_cls: 0.2765, loss: 0.2765
2026-08-12 06:02:08,236 - pyskl - INFO - Epoch [7][5200/6265]	lr: 1.535e-02, eta: 1 day, 16:50:46, time: 2.575, data_time: 0.000, memory: 5243, top1_acc: 0.9153, top5_acc: 0.9906, loss_cls: 0.2729, loss: 0.2729
2026-08-12 06:06:24,421 - pyskl - INFO - Epoch [7][5300/6265]	lr: 1.531e-02, eta: 1 day, 16:46:30, time: 2.562, data_time: 0.000, memory: 5243, top1_acc: 0.9191, top5_acc: 0.9900, loss_cls: 0.2668, loss: 0.2668
2026-08-12 06:10:43,397 - pyskl - INFO - Epoch [7][5400/6265]	lr: 1.527e-02, eta: 1 day, 16:42:18, time: 2.590, data_time: 0.000, memory: 5243, top1_acc: 0.9197, top5_acc: 0.9912, loss_cls: 0.2640, loss: 0.2640
2026-08-12 06:15:01,344 - pyskl - INFO - Epoch [7][5500/6265]	lr: 1.523e-02, eta: 1 day, 16:38:05, time: 2.579, data_time: 0.000, memory: 5243, top1_acc: 0.9134, top5_acc: 0.9919, loss_cls: 0.2677, loss: 0.2677
2026-08-12 06:19:17,666 - pyskl - INFO - Epoch [7][5600/6265]	lr: 1.519e-02, eta: 1 day, 16:33:50, time: 2.563, data_time: 0.000, memory: 5243, top1_acc: 0.9075, top5_acc: 0.9884, loss_cls: 0.2989, loss: 0.2989
2026-08-12 06:23:36,689 - pyskl - INFO - Epoch [7][5700/6265]	lr: 1.516e-02, eta: 1 day, 16:29:38, time: 2.590, data_time: 0.000, memory: 5243, top1_acc: 0.9147, top5_acc: 0.9909, loss_cls: 0.2721, loss: 0.2721
2026-08-12 06:27:55,609 - pyskl - INFO - Epoch [7][5800/6265]	lr: 1.512e-02, eta: 1 day, 16:25:25, time: 2.589, data_time: 0.000, memory: 5243, top1_acc: 0.9144, top5_acc: 0.9916, loss_cls: 0.2728, loss: 0.2728
2026-08-12 06:32:12,084 - pyskl - INFO - Epoch [7][5900/6265]	lr: 1.508e-02, eta: 1 day, 16:21:10, time: 2.565, data_time: 0.000, memory: 5243, top1_acc: 0.9213, top5_acc: 0.9938, loss_cls: 0.2504, loss: 0.2504
2026-08-12 06:36:30,224 - pyskl - INFO - Epoch [7][6000/6265]	lr: 1.504e-02, eta: 1 day, 16:16:57, time: 2.581, data_time: 0.000, memory: 5243, top1_acc: 0.9137, top5_acc: 0.9938, loss_cls: 0.2753, loss: 0.2753
2026-08-12 06:40:49,182 - pyskl - INFO - Epoch [7][6100/6265]	lr: 1.500e-02, eta: 1 day, 16:12:45, time: 2.590, data_time: 0.000, memory: 5243, top1_acc: 0.9178, top5_acc: 0.9947, loss_cls: 0.2716, loss: 0.2716
2026-08-12 06:45:07,443 - pyskl - INFO - Epoch [7][6200/6265]	lr: 1.496e-02, eta: 1 day, 16:08:32, time: 2.583, data_time: 0.000, memory: 5243, top1_acc: 0.9134, top5_acc: 0.9894, loss_cls: 0.2860, loss: 0.2860
2026-08-12 06:47:51,577 - pyskl - INFO - Saving checkpoint at 7 epochs
2026-08-12 07:08:48,980 - pyskl - INFO - Evaluating top_k_accuracy ...
2026-08-12 07:08:49,020 - pyskl - INFO - 
top1_acc	0.8401
top5_acc	0.9722
2026-08-12 07:08:49,021 - pyskl - INFO - The previous best checkpoint D:\YxjProject\pythonProject\pyskl\work_dirs\stgcn++\ntu60_xsub_3dkp\j_single_gpu\best_top1_acc_epoch_5.pth was removed
2026-08-12 07:08:49,090 - pyskl - INFO - Now best checkpoint is saved as best_top1_acc_epoch_7.pth.
2026-08-12 07:08:49,090 - pyskl - INFO - Best top1_acc is 0.8401 at 7 epoch.
2026-08-12 07:08:49,091 - pyskl - INFO - Epoch(val) [7][516]	top1_acc: 0.8401, top5_acc: 0.9722
2026-08-12 07:13:12,056 - pyskl - INFO - Epoch [8][100/6265]	lr: 1.490e-02, eta: 1 day, 15:58:05, time: 2.630, data_time: 0.069, memory: 5243, top1_acc: 0.9172, top5_acc: 0.9906, loss_cls: 0.2633, loss: 0.2633
2026-08-12 07:17:30,096 - pyskl - INFO - Epoch [8][200/6265]	lr: 1.486e-02, eta: 1 day, 15:53:53, time: 2.580, data_time: 0.000, memory: 5243, top1_acc: 0.9181, top5_acc: 0.9909, loss_cls: 0.2589, loss: 0.2589
2026-08-12 07:21:49,402 - pyskl - INFO - Epoch [8][300/6265]	lr: 1.482e-02, eta: 1 day, 15:49:42, time: 2.593, data_time: 0.000, memory: 5243, top1_acc: 0.9287, top5_acc: 0.9938, loss_cls: 0.2387, loss: 0.2387
2026-08-12 07:26:07,257 - pyskl - INFO - Epoch [8][400/6265]	lr: 1.479e-02, eta: 1 day, 15:45:29, time: 2.579, data_time: 0.000, memory: 5243, top1_acc: 0.9131, top5_acc: 0.9928, loss_cls: 0.2783, loss: 0.2783
2026-08-12 07:30:23,263 - pyskl - INFO - Epoch [8][500/6265]	lr: 1.475e-02, eta: 1 day, 15:41:14, time: 2.560, data_time: 0.000, memory: 5243, top1_acc: 0.9200, top5_acc: 0.9909, loss_cls: 0.2678, loss: 0.2678
2026-08-12 07:34:43,355 - pyskl - INFO - Epoch [8][600/6265]	lr: 1.471e-02, eta: 1 day, 15:37:03, time: 2.601, data_time: 0.000, memory: 5243, top1_acc: 0.9241, top5_acc: 0.9928, loss_cls: 0.2526, loss: 0.2526
2026-08-12 07:39:02,192 - pyskl - INFO - Epoch [8][700/6265]	lr: 1.467e-02, eta: 1 day, 15:32:52, time: 2.588, data_time: 0.000, memory: 5243, top1_acc: 0.9094, top5_acc: 0.9919, loss_cls: 0.2818, loss: 0.2818
2026-08-12 07:43:19,511 - pyskl - INFO - Epoch [8][800/6265]	lr: 1.463e-02, eta: 1 day, 15:28:38, time: 2.573, data_time: 0.000, memory: 5243, top1_acc: 0.9163, top5_acc: 0.9916, loss_cls: 0.2728, loss: 0.2728
2026-08-12 07:47:37,447 - pyskl - INFO - Epoch [8][900/6265]	lr: 1.459e-02, eta: 1 day, 15:24:25, time: 2.579, data_time: 0.000, memory: 5243, top1_acc: 0.9269, top5_acc: 0.9922, loss_cls: 0.2435, loss: 0.2435
2026-08-12 07:51:58,064 - pyskl - INFO - Epoch [8][1000/6265]	lr: 1.455e-02, eta: 1 day, 15:20:16, time: 2.606, data_time: 0.000, memory: 5243, top1_acc: 0.9256, top5_acc: 0.9903, loss_cls: 0.2473, loss: 0.2473
2026-08-12 07:56:16,147 - pyskl - INFO - Epoch [8][1100/6265]	lr: 1.451e-02, eta: 1 day, 15:16:03, time: 2.581, data_time: 0.000, memory: 5243, top1_acc: 0.9278, top5_acc: 0.9912, loss_cls: 0.2434, loss: 0.2434
2026-08-12 08:00:32,343 - pyskl - INFO - Epoch [8][1200/6265]	lr: 1.448e-02, eta: 1 day, 15:11:48, time: 2.562, data_time: 0.000, memory: 5243, top1_acc: 0.9278, top5_acc: 0.9912, loss_cls: 0.2381, loss: 0.2381
2026-08-12 08:04:50,765 - pyskl - INFO - Epoch [8][1300/6265]	lr: 1.444e-02, eta: 1 day, 15:07:35, time: 2.584, data_time: 0.000, memory: 5243, top1_acc: 0.9225, top5_acc: 0.9922, loss_cls: 0.2499, loss: 0.2499
2026-08-12 08:09:09,874 - pyskl - INFO - Epoch [8][1400/6265]	lr: 1.440e-02, eta: 1 day, 15:03:24, time: 2.591, data_time: 0.000, memory: 5243, top1_acc: 0.9122, top5_acc: 0.9894, loss_cls: 0.2861, loss: 0.2861
2026-08-12 08:13:27,532 - pyskl - INFO - Epoch [8][1500/6265]	lr: 1.436e-02, eta: 1 day, 14:59:10, time: 2.577, data_time: 0.000, memory: 5243, top1_acc: 0.9259, top5_acc: 0.9947, loss_cls: 0.2471, loss: 0.2471
2026-08-12 08:17:43,919 - pyskl - INFO - Epoch [8][1600/6265]	lr: 1.432e-02, eta: 1 day, 14:54:56, time: 2.564, data_time: 0.000, memory: 5243, top1_acc: 0.9166, top5_acc: 0.9938, loss_cls: 0.2753, loss: 0.2753
2026-08-12 08:22:03,113 - pyskl - INFO - Epoch [8][1700/6265]	lr: 1.428e-02, eta: 1 day, 14:50:44, time: 2.592, data_time: 0.000, memory: 5243, top1_acc: 0.9222, top5_acc: 0.9944, loss_cls: 0.2585, loss: 0.2585
2026-08-12 08:26:21,046 - pyskl - INFO - Epoch [8][1800/6265]	lr: 1.424e-02, eta: 1 day, 14:46:31, time: 2.579, data_time: 0.000, memory: 5243, top1_acc: 0.9197, top5_acc: 0.9931, loss_cls: 0.2645, loss: 0.2645
2026-08-12 08:30:37,636 - pyskl - INFO - Epoch [8][1900/6265]	lr: 1.421e-02, eta: 1 day, 14:42:16, time: 2.566, data_time: 0.000, memory: 5243, top1_acc: 0.9116, top5_acc: 0.9903, loss_cls: 0.2853, loss: 0.2853
2026-08-12 08:34:55,346 - pyskl - INFO - Epoch [8][2000/6265]	lr: 1.417e-02, eta: 1 day, 14:38:03, time: 2.577, data_time: 0.000, memory: 5243, top1_acc: 0.9263, top5_acc: 0.9944, loss_cls: 0.2448, loss: 0.2448
2026-08-12 08:39:14,427 - pyskl - INFO - Epoch [8][2100/6265]	lr: 1.413e-02, eta: 1 day, 14:33:51, time: 2.591, data_time: 0.000, memory: 5243, top1_acc: 0.9269, top5_acc: 0.9912, loss_cls: 0.2501, loss: 0.2501
2026-08-12 08:43:31,983 - pyskl - INFO - Epoch [8][2200/6265]	lr: 1.409e-02, eta: 1 day, 14:29:37, time: 2.576, data_time: 0.000, memory: 5243, top1_acc: 0.9259, top5_acc: 0.9934, loss_cls: 0.2490, loss: 0.2490
2026-08-12 08:47:48,013 - pyskl - INFO - Epoch [8][2300/6265]	lr: 1.405e-02, eta: 1 day, 14:25:22, time: 2.560, data_time: 0.000, memory: 5243, top1_acc: 0.9144, top5_acc: 0.9916, loss_cls: 0.2766, loss: 0.2766
2026-08-12 08:52:07,491 - pyskl - INFO - Epoch [8][2400/6265]	lr: 1.401e-02, eta: 1 day, 14:21:11, time: 2.595, data_time: 0.000, memory: 5243, top1_acc: 0.9169, top5_acc: 0.9931, loss_cls: 0.2744, loss: 0.2744
2026-08-12 08:56:24,708 - pyskl - INFO - Epoch [8][2500/6265]	lr: 1.397e-02, eta: 1 day, 14:16:57, time: 2.572, data_time: 0.000, memory: 5243, top1_acc: 0.9141, top5_acc: 0.9888, loss_cls: 0.2718, loss: 0.2718
2026-08-12 09:00:41,474 - pyskl - INFO - Epoch [8][2600/6265]	lr: 1.393e-02, eta: 1 day, 14:12:42, time: 2.568, data_time: 0.000, memory: 5243, top1_acc: 0.9337, top5_acc: 0.9966, loss_cls: 0.2218, loss: 0.2218
2026-08-12 09:04:59,000 - pyskl - INFO - Epoch [8][2700/6265]	lr: 1.389e-02, eta: 1 day, 14:08:28, time: 2.575, data_time: 0.000, memory: 5243, top1_acc: 0.9325, top5_acc: 0.9912, loss_cls: 0.2348, loss: 0.2348
2026-08-12 09:09:16,999 - pyskl - INFO - Epoch [8][2800/6265]	lr: 1.386e-02, eta: 1 day, 14:04:15, time: 2.580, data_time: 0.000, memory: 5243, top1_acc: 0.9272, top5_acc: 0.9934, loss_cls: 0.2458, loss: 0.2458
2026-08-12 09:13:34,876 - pyskl - INFO - Epoch [8][2900/6265]	lr: 1.382e-02, eta: 1 day, 14:00:02, time: 2.579, data_time: 0.000, memory: 5243, top1_acc: 0.9372, top5_acc: 0.9956, loss_cls: 0.2132, loss: 0.2132
2026-08-12 09:17:50,242 - pyskl - INFO - Epoch [8][3000/6265]	lr: 1.378e-02, eta: 1 day, 13:55:45, time: 2.554, data_time: 0.000, memory: 5243, top1_acc: 0.9316, top5_acc: 0.9950, loss_cls: 0.2321, loss: 0.2321
2026-08-12 09:22:07,647 - pyskl - INFO - Epoch [8][3100/6265]	lr: 1.374e-02, eta: 1 day, 13:51:31, time: 2.574, data_time: 0.000, memory: 5243, top1_acc: 0.9200, top5_acc: 0.9906, loss_cls: 0.2670, loss: 0.2670
2026-08-12 09:26:25,115 - pyskl - INFO - Epoch [8][3200/6265]	lr: 1.370e-02, eta: 1 day, 13:47:18, time: 2.575, data_time: 0.000, memory: 5243, top1_acc: 0.9269, top5_acc: 0.9947, loss_cls: 0.2361, loss: 0.2361
2026-08-12 09:30:43,144 - pyskl - INFO - Epoch [8][3300/6265]	lr: 1.366e-02, eta: 1 day, 13:43:04, time: 2.580, data_time: 0.000, memory: 5243, top1_acc: 0.9256, top5_acc: 0.9925, loss_cls: 0.2468, loss: 0.2468
2026-08-12 09:35:00,315 - pyskl - INFO - Epoch [8][3400/6265]	lr: 1.362e-02, eta: 1 day, 13:38:50, time: 2.572, data_time: 0.000, memory: 5243, top1_acc: 0.9266, top5_acc: 0.9925, loss_cls: 0.2424, loss: 0.2424
2026-08-12 09:39:17,940 - pyskl - INFO - Epoch [8][3500/6265]	lr: 1.358e-02, eta: 1 day, 13:34:36, time: 2.576, data_time: 0.000, memory: 5243, top1_acc: 0.9213, top5_acc: 0.9934, loss_cls: 0.2503, loss: 0.2503
2026-08-12 09:43:35,147 - pyskl - INFO - Epoch [8][3600/6265]	lr: 1.354e-02, eta: 1 day, 13:30:22, time: 2.572, data_time: 0.000, memory: 5243, top1_acc: 0.9250, top5_acc: 0.9912, loss_cls: 0.2506, loss: 0.2506
2026-08-12 09:47:52,279 - pyskl - INFO - Epoch [8][3700/6265]	lr: 1.350e-02, eta: 1 day, 13:26:08, time: 2.571, data_time: 0.000, memory: 5243, top1_acc: 0.9244, top5_acc: 0.9922, loss_cls: 0.2547, loss: 0.2547
2026-08-12 09:52:10,811 - pyskl - INFO - Epoch [8][3800/6265]	lr: 1.347e-02, eta: 1 day, 13:21:55, time: 2.585, data_time: 0.000, memory: 5243, top1_acc: 0.9297, top5_acc: 0.9938, loss_cls: 0.2357, loss: 0.2357
2026-08-12 09:56:28,433 - pyskl - INFO - Epoch [8][3900/6265]	lr: 1.343e-02, eta: 1 day, 13:17:41, time: 2.576, data_time: 0.000, memory: 5243, top1_acc: 0.9200, top5_acc: 0.9922, loss_cls: 0.2542, loss: 0.2542
2026-08-12 10:00:47,063 - pyskl - INFO - Epoch [8][4000/6265]	lr: 1.339e-02, eta: 1 day, 13:13:28, time: 2.586, data_time: 0.000, memory: 5243, top1_acc: 0.9163, top5_acc: 0.9903, loss_cls: 0.2808, loss: 0.2808
2026-08-12 10:05:03,727 - pyskl - INFO - Epoch [8][4100/6265]	lr: 1.335e-02, eta: 1 day, 13:09:14, time: 2.567, data_time: 0.000, memory: 5243, top1_acc: 0.9316, top5_acc: 0.9953, loss_cls: 0.2277, loss: 0.2277
2026-08-12 10:09:22,963 - pyskl - INFO - Epoch [8][4200/6265]	lr: 1.331e-02, eta: 1 day, 13:05:01, time: 2.592, data_time: 0.000, memory: 5243, top1_acc: 0.9216, top5_acc: 0.9922, loss_cls: 0.2610, loss: 0.2610
2026-08-12 10:13:40,513 - pyskl - INFO - Epoch [8][4300/6265]	lr: 1.327e-02, eta: 1 day, 13:00:48, time: 2.576, data_time: 0.000, memory: 5243, top1_acc: 0.9259, top5_acc: 0.9919, loss_cls: 0.2491, loss: 0.2491
2026-08-12 10:17:57,198 - pyskl - INFO - Epoch [8][4400/6265]	lr: 1.323e-02, eta: 1 day, 12:56:33, time: 2.567, data_time: 0.000, memory: 5243, top1_acc: 0.9259, top5_acc: 0.9941, loss_cls: 0.2445, loss: 0.2445
2026-08-12 10:22:15,276 - pyskl - INFO - Epoch [8][4500/6265]	lr: 1.319e-02, eta: 1 day, 12:52:19, time: 2.581, data_time: 0.000, memory: 5243, top1_acc: 0.9169, top5_acc: 0.9934, loss_cls: 0.2688, loss: 0.2688
2026-08-12 10:26:33,031 - pyskl - INFO - Epoch [8][4600/6265]	lr: 1.315e-02, eta: 1 day, 12:48:05, time: 2.578, data_time: 0.000, memory: 5243, top1_acc: 0.9325, top5_acc: 0.9947, loss_cls: 0.2276, loss: 0.2276
2026-08-12 10:30:51,710 - pyskl - INFO - Epoch [8][4700/6265]	lr: 1.311e-02, eta: 1 day, 12:43:53, time: 2.587, data_time: 0.000, memory: 5243, top1_acc: 0.9341, top5_acc: 0.9938, loss_cls: 0.2174, loss: 0.2174
2026-08-12 10:35:09,390 - pyskl - INFO - Epoch [8][4800/6265]	lr: 1.307e-02, eta: 1 day, 12:39:39, time: 2.577, data_time: 0.000, memory: 5243, top1_acc: 0.9309, top5_acc: 0.9925, loss_cls: 0.2439, loss: 0.2439
2026-08-12 10:39:27,858 - pyskl - INFO - Epoch [8][4900/6265]	lr: 1.303e-02, eta: 1 day, 12:35:26, time: 2.585, data_time: 0.000, memory: 5243, top1_acc: 0.9334, top5_acc: 0.9950, loss_cls: 0.2154, loss: 0.2154
2026-08-12 10:43:45,243 - pyskl - INFO - Epoch [8][5000/6265]	lr: 1.300e-02, eta: 1 day, 12:31:11, time: 2.574, data_time: 0.000, memory: 5243, top1_acc: 0.9337, top5_acc: 0.9944, loss_cls: 0.2215, loss: 0.2215
2026-08-12 10:48:02,211 - pyskl - INFO - Epoch [8][5100/6265]	lr: 1.296e-02, eta: 1 day, 12:26:57, time: 2.570, data_time: 0.000, memory: 5243, top1_acc: 0.9363, top5_acc: 0.9947, loss_cls: 0.2134, loss: 0.2134
2026-08-12 10:52:20,010 - pyskl - INFO - Epoch [8][5200/6265]	lr: 1.292e-02, eta: 1 day, 12:22:43, time: 2.578, data_time: 0.000, memory: 5243, top1_acc: 0.9325, top5_acc: 0.9944, loss_cls: 0.2249, loss: 0.2249
2026-08-12 10:56:37,713 - pyskl - INFO - Epoch [8][5300/6265]	lr: 1.288e-02, eta: 1 day, 12:18:29, time: 2.577, data_time: 0.000, memory: 5243, top1_acc: 0.9316, top5_acc: 0.9919, loss_cls: 0.2247, loss: 0.2247
2026-08-12 11:00:55,466 - pyskl - INFO - Epoch [8][5400/6265]	lr: 1.284e-02, eta: 1 day, 12:14:15, time: 2.578, data_time: 0.000, memory: 5243, top1_acc: 0.9344, top5_acc: 0.9944, loss_cls: 0.2188, loss: 0.2188
2026-08-12 11:05:12,713 - pyskl - INFO - Epoch [8][5500/6265]	lr: 1.280e-02, eta: 1 day, 12:10:01, time: 2.572, data_time: 0.000, memory: 5243, top1_acc: 0.9309, top5_acc: 0.9934, loss_cls: 0.2356, loss: 0.2356
2026-08-12 11:09:31,172 - pyskl - INFO - Epoch [8][5600/6265]	lr: 1.276e-02, eta: 1 day, 12:05:47, time: 2.585, data_time: 0.000, memory: 5243, top1_acc: 0.9275, top5_acc: 0.9947, loss_cls: 0.2476, loss: 0.2476
2026-08-12 11:13:50,816 - pyskl - INFO - Epoch [8][5700/6265]	lr: 1.272e-02, eta: 1 day, 12:01:35, time: 2.596, data_time: 0.000, memory: 5243, top1_acc: 0.9313, top5_acc: 0.9925, loss_cls: 0.2397, loss: 0.2397
2026-08-12 11:18:08,709 - pyskl - INFO - Epoch [8][5800/6265]	lr: 1.268e-02, eta: 1 day, 11:57:21, time: 2.579, data_time: 0.000, memory: 5243, top1_acc: 0.9306, top5_acc: 0.9909, loss_cls: 0.2296, loss: 0.2296
2026-08-12 11:22:26,663 - pyskl - INFO - Epoch [8][5900/6265]	lr: 1.264e-02, eta: 1 day, 11:53:08, time: 2.580, data_time: 0.000, memory: 5243, top1_acc: 0.9263, top5_acc: 0.9938, loss_cls: 0.2329, loss: 0.2329
2026-08-12 11:26:44,499 - pyskl - INFO - Epoch [8][6000/6265]	lr: 1.260e-02, eta: 1 day, 11:48:54, time: 2.578, data_time: 0.000, memory: 5243, top1_acc: 0.9284, top5_acc: 0.9925, loss_cls: 0.2326, loss: 0.2326
2026-08-12 11:31:01,753 - pyskl - INFO - Epoch [8][6100/6265]	lr: 1.257e-02, eta: 1 day, 11:44:39, time: 2.573, data_time: 0.000, memory: 5243, top1_acc: 0.9294, top5_acc: 0.9953, loss_cls: 0.2210, loss: 0.2210
2026-08-12 11:35:18,850 - pyskl - INFO - Epoch [8][6200/6265]	lr: 1.253e-02, eta: 1 day, 11:40:24, time: 2.571, data_time: 0.000, memory: 5243, top1_acc: 0.9297, top5_acc: 0.9941, loss_cls: 0.2281, loss: 0.2281
2026-08-12 11:38:04,620 - pyskl - INFO - Saving checkpoint at 8 epochs
2026-08-12 11:59:15,057 - pyskl - INFO - Evaluating top_k_accuracy ...
2026-08-12 11:59:15,097 - pyskl - INFO - 
top1_acc	0.8355
top5_acc	0.9722
2026-08-12 11:59:15,098 - pyskl - INFO - Epoch(val) [8][516]	top1_acc: 0.8355, top5_acc: 0.9722
2026-08-12 12:03:40,106 - pyskl - INFO - Epoch [9][100/6265]	lr: 1.246e-02, eta: 1 day, 11:30:46, time: 2.650, data_time: 0.068, memory: 5243, top1_acc: 0.9347, top5_acc: 0.9956, loss_cls: 0.2131, loss: 0.2131
2026-08-12 12:07:57,288 - pyskl - INFO - Epoch [9][200/6265]	lr: 1.242e-02, eta: 1 day, 11:26:32, time: 2.572, data_time: 0.000, memory: 5243, top1_acc: 0.9397, top5_acc: 0.9938, loss_cls: 0.2147, loss: 0.2147
2026-08-12 12:12:13,449 - pyskl - INFO - Epoch [9][300/6265]	lr: 1.238e-02, eta: 1 day, 11:22:17, time: 2.562, data_time: 0.000, memory: 5243, top1_acc: 0.9387, top5_acc: 0.9941, loss_cls: 0.2016, loss: 0.2016
2026-08-12 12:16:33,281 - pyskl - INFO - Epoch [9][400/6265]	lr: 1.234e-02, eta: 1 day, 11:18:05, time: 2.598, data_time: 0.000, memory: 5243, top1_acc: 0.9416, top5_acc: 0.9922, loss_cls: 0.2019, loss: 0.2019
2026-08-12 12:20:51,627 - pyskl - INFO - Epoch [9][500/6265]	lr: 1.230e-02, eta: 1 day, 11:13:52, time: 2.583, data_time: 0.000, memory: 5243, top1_acc: 0.9297, top5_acc: 0.9931, loss_cls: 0.2390, loss: 0.2390
2026-08-12 12:25:09,148 - pyskl - INFO - Epoch [9][600/6265]	lr: 1.227e-02, eta: 1 day, 11:09:38, time: 2.575, data_time: 0.000, memory: 5243, top1_acc: 0.9369, top5_acc: 0.9944, loss_cls: 0.2203, loss: 0.2203
2026-08-12 12:29:27,481 - pyskl - INFO - Epoch [9][700/6265]	lr: 1.223e-02, eta: 1 day, 11:05:26, time: 2.583, data_time: 0.000, memory: 5243, top1_acc: 0.9381, top5_acc: 0.9950, loss_cls: 0.2140, loss: 0.2140
2026-08-12 12:33:49,492 - pyskl - INFO - Epoch [9][800/6265]	lr: 1.219e-02, eta: 1 day, 11:01:16, time: 2.620, data_time: 0.000, memory: 5243, top1_acc: 0.9306, top5_acc: 0.9938, loss_cls: 0.2291, loss: 0.2291
2026-08-12 12:38:09,372 - pyskl - INFO - Epoch [9][900/6265]	lr: 1.215e-02, eta: 1 day, 10:57:05, time: 2.599, data_time: 0.000, memory: 5243, top1_acc: 0.9409, top5_acc: 0.9953, loss_cls: 0.2048, loss: 0.2048
2026-08-12 12:42:30,634 - pyskl - INFO - Epoch [9][1000/6265]	lr: 1.211e-02, eta: 1 day, 10:52:54, time: 2.613, data_time: 0.000, memory: 5243, top1_acc: 0.9369, top5_acc: 0.9922, loss_cls: 0.2003, loss: 0.2003
2026-08-12 12:46:51,853 - pyskl - INFO - Epoch [9][1100/6265]	lr: 1.207e-02, eta: 1 day, 10:48:44, time: 2.612, data_time: 0.000, memory: 5243, top1_acc: 0.9444, top5_acc: 0.9959, loss_cls: 0.1952, loss: 0.1952
2026-08-12 12:51:12,915 - pyskl - INFO - Epoch [9][1200/6265]	lr: 1.203e-02, eta: 1 day, 10:44:34, time: 2.611, data_time: 0.000, memory: 5243, top1_acc: 0.9319, top5_acc: 0.9941, loss_cls: 0.2108, loss: 0.2108
2026-08-12 12:55:32,780 - pyskl - INFO - Epoch [9][1300/6265]	lr: 1.199e-02, eta: 1 day, 10:40:22, time: 2.599, data_time: 0.000, memory: 5243, top1_acc: 0.9309, top5_acc: 0.9938, loss_cls: 0.2206, loss: 0.2206
2026-08-12 12:59:53,696 - pyskl - INFO - Epoch [9][1400/6265]	lr: 1.195e-02, eta: 1 day, 10:36:11, time: 2.609, data_time: 0.000, memory: 5243, top1_acc: 0.9381, top5_acc: 0.9950, loss_cls: 0.2122, loss: 0.2122
2026-08-12 13:04:14,872 - pyskl - INFO - Epoch [9][1500/6265]	lr: 1.191e-02, eta: 1 day, 10:32:01, time: 2.612, data_time: 0.000, memory: 5243, top1_acc: 0.9359, top5_acc: 0.9959, loss_cls: 0.2109, loss: 0.2109
2026-08-12 13:08:35,166 - pyskl - INFO - Epoch [9][1600/6265]	lr: 1.187e-02, eta: 1 day, 10:27:49, time: 2.603, data_time: 0.000, memory: 5243, top1_acc: 0.9387, top5_acc: 0.9950, loss_cls: 0.2067, loss: 0.2067
2026-08-12 13:12:56,643 - pyskl - INFO - Epoch [9][1700/6265]	lr: 1.183e-02, eta: 1 day, 10:23:39, time: 2.615, data_time: 0.000, memory: 5243, top1_acc: 0.9313, top5_acc: 0.9941, loss_cls: 0.2238, loss: 0.2238
2026-08-12 13:17:16,884 - pyskl - INFO - Epoch [9][1800/6265]	lr: 1.180e-02, eta: 1 day, 10:19:27, time: 2.602, data_time: 0.000, memory: 5243, top1_acc: 0.9384, top5_acc: 0.9953, loss_cls: 0.2059, loss: 0.2059
2026-08-12 13:21:38,459 - pyskl - INFO - Epoch [9][1900/6265]	lr: 1.176e-02, eta: 1 day, 10:15:17, time: 2.616, data_time: 0.000, memory: 5243, top1_acc: 0.9350, top5_acc: 0.9919, loss_cls: 0.2313, loss: 0.2313
2026-08-12 13:25:58,812 - pyskl - INFO - Epoch [9][2000/6265]	lr: 1.172e-02, eta: 1 day, 10:11:06, time: 2.604, data_time: 0.000, memory: 5243, top1_acc: 0.9303, top5_acc: 0.9931, loss_cls: 0.2243, loss: 0.2243
2026-08-12 13:30:19,689 - pyskl - INFO - Epoch [9][2100/6265]	lr: 1.168e-02, eta: 1 day, 10:06:55, time: 2.609, data_time: 0.000, memory: 5243, top1_acc: 0.9347, top5_acc: 0.9931, loss_cls: 0.2213, loss: 0.2213
2026-08-12 13:34:40,467 - pyskl - INFO - Epoch [9][2200/6265]	lr: 1.164e-02, eta: 1 day, 10:02:43, time: 2.608, data_time: 0.000, memory: 5243, top1_acc: 0.9384, top5_acc: 0.9953, loss_cls: 0.2123, loss: 0.2123
2026-08-12 13:39:00,444 - pyskl - INFO - Epoch [9][2300/6265]	lr: 1.160e-02, eta: 1 day, 9:58:31, time: 2.600, data_time: 0.000, memory: 5243, top1_acc: 0.9375, top5_acc: 0.9947, loss_cls: 0.2047, loss: 0.2047
2026-08-12 13:43:21,444 - pyskl - INFO - Epoch [9][2400/6265]	lr: 1.156e-02, eta: 1 day, 9:54:20, time: 2.610, data_time: 0.000, memory: 5243, top1_acc: 0.9472, top5_acc: 0.9938, loss_cls: 0.1951, loss: 0.1951
2026-08-12 13:47:42,195 - pyskl - INFO - Epoch [9][2500/6265]	lr: 1.152e-02, eta: 1 day, 9:50:09, time: 2.608, data_time: 0.000, memory: 5243, top1_acc: 0.9416, top5_acc: 0.9947, loss_cls: 0.2027, loss: 0.2027
2026-08-12 13:52:02,727 - pyskl - INFO - Epoch [9][2600/6265]	lr: 1.148e-02, eta: 1 day, 9:45:58, time: 2.605, data_time: 0.000, memory: 5243, top1_acc: 0.9419, top5_acc: 0.9962, loss_cls: 0.1928, loss: 0.1928
2026-08-12 13:56:22,457 - pyskl - INFO - Epoch [9][2700/6265]	lr: 1.144e-02, eta: 1 day, 9:41:45, time: 2.597, data_time: 0.000, memory: 5243, top1_acc: 0.9328, top5_acc: 0.9950, loss_cls: 0.2073, loss: 0.2073
2026-08-12 14:00:43,208 - pyskl - INFO - Epoch [9][2800/6265]	lr: 1.140e-02, eta: 1 day, 9:37:34, time: 2.608, data_time: 0.000, memory: 5243, top1_acc: 0.9419, top5_acc: 0.9950, loss_cls: 0.2030, loss: 0.2030
2026-08-12 14:05:04,572 - pyskl - INFO - Epoch [9][2900/6265]	lr: 1.137e-02, eta: 1 day, 9:33:23, time: 2.614, data_time: 0.000, memory: 5243, top1_acc: 0.9328, top5_acc: 0.9956, loss_cls: 0.2161, loss: 0.2161
2026-08-12 14:09:24,781 - pyskl - INFO - Epoch [9][3000/6265]	lr: 1.133e-02, eta: 1 day, 9:29:11, time: 2.602, data_time: 0.000, memory: 5243, top1_acc: 0.9359, top5_acc: 0.9947, loss_cls: 0.2058, loss: 0.2058
2026-08-12 14:13:44,442 - pyskl - INFO - Epoch [9][3100/6265]	lr: 1.129e-02, eta: 1 day, 9:24:59, time: 2.597, data_time: 0.000, memory: 5243, top1_acc: 0.9316, top5_acc: 0.9928, loss_cls: 0.2256, loss: 0.2256
2026-08-12 14:18:06,255 - pyskl - INFO - Epoch [9][3200/6265]	lr: 1.125e-02, eta: 1 day, 9:20:48, time: 2.618, data_time: 0.000, memory: 5243, top1_acc: 0.9350, top5_acc: 0.9988, loss_cls: 0.1982, loss: 0.1982
2026-08-12 14:22:27,070 - pyskl - INFO - Epoch [9][3300/6265]	lr: 1.121e-02, eta: 1 day, 9:16:37, time: 2.608, data_time: 0.000, memory: 5243, top1_acc: 0.9387, top5_acc: 0.9959, loss_cls: 0.1997, loss: 0.1997
2026-08-12 14:26:46,539 - pyskl - INFO - Epoch [9][3400/6265]	lr: 1.117e-02, eta: 1 day, 9:12:24, time: 2.595, data_time: 0.000, memory: 5243, top1_acc: 0.9422, top5_acc: 0.9950, loss_cls: 0.1949, loss: 0.1949
2026-08-12 14:31:06,984 - pyskl - INFO - Epoch [9][3500/6265]	lr: 1.113e-02, eta: 1 day, 9:08:12, time: 2.604, data_time: 0.000, memory: 5243, top1_acc: 0.9403, top5_acc: 0.9947, loss_cls: 0.2078, loss: 0.2078
2026-08-12 14:35:27,415 - pyskl - INFO - Epoch [9][3600/6265]	lr: 1.109e-02, eta: 1 day, 9:04:00, time: 2.604, data_time: 0.000, memory: 5243, top1_acc: 0.9387, top5_acc: 0.9953, loss_cls: 0.2106, loss: 0.2106
2026-08-12 14:39:48,940 - pyskl - INFO - Epoch [9][3700/6265]	lr: 1.105e-02, eta: 1 day, 8:59:49, time: 2.615, data_time: 0.000, memory: 5243, top1_acc: 0.9325, top5_acc: 0.9966, loss_cls: 0.2088, loss: 0.2088
2026-08-12 14:44:09,047 - pyskl - INFO - Epoch [9][3800/6265]	lr: 1.102e-02, eta: 1 day, 8:55:37, time: 2.601, data_time: 0.000, memory: 5243, top1_acc: 0.9434, top5_acc: 0.9950, loss_cls: 0.1889, loss: 0.1889
2026-08-12 14:48:30,085 - pyskl - INFO - Epoch [9][3900/6265]	lr: 1.098e-02, eta: 1 day, 8:51:25, time: 2.610, data_time: 0.000, memory: 5243, top1_acc: 0.9481, top5_acc: 0.9962, loss_cls: 0.1739, loss: 0.1739
2026-08-12 14:52:51,002 - pyskl - INFO - Epoch [9][4000/6265]	lr: 1.094e-02, eta: 1 day, 8:47:13, time: 2.609, data_time: 0.000, memory: 5243, top1_acc: 0.9466, top5_acc: 0.9944, loss_cls: 0.1901, loss: 0.1901
2026-08-12 14:57:12,281 - pyskl - INFO - Epoch [9][4100/6265]	lr: 1.090e-02, eta: 1 day, 8:43:02, time: 2.613, data_time: 0.000, memory: 5243, top1_acc: 0.9356, top5_acc: 0.9947, loss_cls: 0.2091, loss: 0.2091
2026-08-12 15:01:32,973 - pyskl - INFO - Epoch [9][4200/6265]	lr: 1.086e-02, eta: 1 day, 8:38:50, time: 2.607, data_time: 0.000, memory: 5243, top1_acc: 0.9369, top5_acc: 0.9950, loss_cls: 0.2060, loss: 0.2060
2026-08-12 15:05:53,706 - pyskl - INFO - Epoch [9][4300/6265]	lr: 1.082e-02, eta: 1 day, 8:34:38, time: 2.607, data_time: 0.000, memory: 5243, top1_acc: 0.9475, top5_acc: 0.9969, loss_cls: 0.1744, loss: 0.1744
2026-08-12 15:10:14,999 - pyskl - INFO - Epoch [9][4400/6265]	lr: 1.078e-02, eta: 1 day, 8:30:27, time: 2.613, data_time: 0.000, memory: 5243, top1_acc: 0.9491, top5_acc: 0.9966, loss_cls: 0.1760, loss: 0.1760
2026-08-12 15:14:35,246 - pyskl - INFO - Epoch [9][4500/6265]	lr: 1.074e-02, eta: 1 day, 8:26:14, time: 2.602, data_time: 0.000, memory: 5243, top1_acc: 0.9419, top5_acc: 0.9941, loss_cls: 0.2065, loss: 0.2065
2026-08-12 15:18:55,682 - pyskl - INFO - Epoch [9][4600/6265]	lr: 1.070e-02, eta: 1 day, 8:22:02, time: 2.604, data_time: 0.000, memory: 5243, top1_acc: 0.9447, top5_acc: 0.9959, loss_cls: 0.1904, loss: 0.1904
2026-08-12 15:23:16,366 - pyskl - INFO - Epoch [9][4700/6265]	lr: 1.067e-02, eta: 1 day, 8:17:50, time: 2.607, data_time: 0.000, memory: 5243, top1_acc: 0.9519, top5_acc: 0.9953, loss_cls: 0.1753, loss: 0.1753
2026-08-12 15:27:36,798 - pyskl - INFO - Epoch [9][4800/6265]	lr: 1.063e-02, eta: 1 day, 8:13:38, time: 2.604, data_time: 0.000, memory: 5243, top1_acc: 0.9459, top5_acc: 0.9956, loss_cls: 0.1914, loss: 0.1914
2026-08-12 15:31:56,932 - pyskl - INFO - Epoch [9][4900/6265]	lr: 1.059e-02, eta: 1 day, 8:09:25, time: 2.601, data_time: 0.000, memory: 5243, top1_acc: 0.9466, top5_acc: 0.9953, loss_cls: 0.1836, loss: 0.1836
2026-08-12 15:36:18,126 - pyskl - INFO - Epoch [9][5000/6265]	lr: 1.055e-02, eta: 1 day, 8:05:13, time: 2.612, data_time: 0.000, memory: 5243, top1_acc: 0.9472, top5_acc: 0.9962, loss_cls: 0.1792, loss: 0.1792
2026-08-12 15:40:38,094 - pyskl - INFO - Epoch [9][5100/6265]	lr: 1.051e-02, eta: 1 day, 8:01:01, time: 2.600, data_time: 0.000, memory: 5243, top1_acc: 0.9487, top5_acc: 0.9959, loss_cls: 0.1793, loss: 0.1793
2026-08-12 15:44:57,505 - pyskl - INFO - Epoch [9][5200/6265]	lr: 1.047e-02, eta: 1 day, 7:56:47, time: 2.594, data_time: 0.000, memory: 5243, top1_acc: 0.9350, top5_acc: 0.9931, loss_cls: 0.2100, loss: 0.2100
2026-08-12 15:49:19,195 - pyskl - INFO - Epoch [9][5300/6265]	lr: 1.043e-02, eta: 1 day, 7:52:36, time: 2.617, data_time: 0.000, memory: 5243, top1_acc: 0.9356, top5_acc: 0.9956, loss_cls: 0.2017, loss: 0.2017
2026-08-12 15:53:39,771 - pyskl - INFO - Epoch [9][5400/6265]	lr: 1.039e-02, eta: 1 day, 7:48:23, time: 2.606, data_time: 0.000, memory: 5243, top1_acc: 0.9434, top5_acc: 0.9969, loss_cls: 0.1900, loss: 0.1900
2026-08-12 15:58:00,125 - pyskl - INFO - Epoch [9][5500/6265]	lr: 1.036e-02, eta: 1 day, 7:44:11, time: 2.604, data_time: 0.000, memory: 5243, top1_acc: 0.9422, top5_acc: 0.9959, loss_cls: 0.1878, loss: 0.1878
2026-08-12 16:02:19,910 - pyskl - INFO - Epoch [9][5600/6265]	lr: 1.032e-02, eta: 1 day, 7:39:58, time: 2.598, data_time: 0.000, memory: 5243, top1_acc: 0.9444, top5_acc: 0.9944, loss_cls: 0.1951, loss: 0.1951
2026-08-12 16:06:40,476 - pyskl - INFO - Epoch [9][5700/6265]	lr: 1.028e-02, eta: 1 day, 7:35:45, time: 2.606, data_time: 0.000, memory: 5243, top1_acc: 0.9378, top5_acc: 0.9956, loss_cls: 0.2037, loss: 0.2037
2026-08-12 16:11:01,530 - pyskl - INFO - Epoch [9][5800/6265]	lr: 1.024e-02, eta: 1 day, 7:31:33, time: 2.611, data_time: 0.000, memory: 5243, top1_acc: 0.9481, top5_acc: 0.9962, loss_cls: 0.1768, loss: 0.1768
2026-08-12 16:15:21,955 - pyskl - INFO - Epoch [9][5900/6265]	lr: 1.020e-02, eta: 1 day, 7:27:21, time: 2.604, data_time: 0.000, memory: 5243, top1_acc: 0.9531, top5_acc: 0.9969, loss_cls: 0.1650, loss: 0.1650
2026-08-12 16:19:41,960 - pyskl - INFO - Epoch [9][6000/6265]	lr: 1.016e-02, eta: 1 day, 7:23:08, time: 2.600, data_time: 0.000, memory: 5243, top1_acc: 0.9394, top5_acc: 0.9962, loss_cls: 0.1957, loss: 0.1957
2026-08-12 16:24:02,418 - pyskl - INFO - Epoch [9][6100/6265]	lr: 1.013e-02, eta: 1 day, 7:18:55, time: 2.605, data_time: 0.000, memory: 5243, top1_acc: 0.9497, top5_acc: 0.9966, loss_cls: 0.1826, loss: 0.1826
2026-08-12 16:28:24,307 - pyskl - INFO - Epoch [9][6200/6265]	lr: 1.009e-02, eta: 1 day, 7:14:43, time: 2.619, data_time: 0.000, memory: 5243, top1_acc: 0.9441, top5_acc: 0.9953, loss_cls: 0.1862, loss: 0.1862
2026-08-12 16:31:11,568 - pyskl - INFO - Saving checkpoint at 9 epochs
2026-08-12 16:52:35,771 - pyskl - INFO - Evaluating top_k_accuracy ...
2026-08-12 16:52:35,810 - pyskl - INFO - 
top1_acc	0.8422
top5_acc	0.9733
2026-08-12 16:52:35,812 - pyskl - INFO - The previous best checkpoint D:\YxjProject\pythonProject\pyskl\work_dirs\stgcn++\ntu60_xsub_3dkp\j_single_gpu\best_top1_acc_epoch_7.pth was removed
2026-08-12 16:52:35,885 - pyskl - INFO - Now best checkpoint is saved as best_top1_acc_epoch_9.pth.
2026-08-12 16:52:35,885 - pyskl - INFO - Best top1_acc is 0.8422 at 9 epoch.
2026-08-12 16:52:35,886 - pyskl - INFO - Epoch(val) [9][516]	top1_acc: 0.8422, top5_acc: 0.9733
2026-08-12 16:57:00,253 - pyskl - INFO - Epoch [10][100/6265]	lr: 1.002e-02, eta: 1 day, 7:05:38, time: 2.644, data_time: 0.070, memory: 5243, top1_acc: 0.9550, top5_acc: 0.9975, loss_cls: 0.1558, loss: 0.1558
2026-08-12 17:01:17,368 - pyskl - INFO - Epoch [10][200/6265]	lr: 9.985e-03, eta: 1 day, 7:01:23, time: 2.571, data_time: 0.000, memory: 5243, top1_acc: 0.9472, top5_acc: 0.9956, loss_cls: 0.1756, loss: 0.1756
2026-08-12 17:05:34,470 - pyskl - INFO - Epoch [10][300/6265]	lr: 9.947e-03, eta: 1 day, 6:57:08, time: 2.571, data_time: 0.000, memory: 5243, top1_acc: 0.9531, top5_acc: 0.9972, loss_cls: 0.1520, loss: 0.1520
2026-08-12 17:09:52,511 - pyskl - INFO - Epoch [10][400/6265]	lr: 9.908e-03, eta: 1 day, 6:52:54, time: 2.580, data_time: 0.000, memory: 5243, top1_acc: 0.9547, top5_acc: 0.9975, loss_cls: 0.1585, loss: 0.1585
2026-08-12 17:14:08,754 - pyskl - INFO - Epoch [10][500/6265]	lr: 9.870e-03, eta: 1 day, 6:48:39, time: 2.562, data_time: 0.000, memory: 5243, top1_acc: 0.9500, top5_acc: 0.9969, loss_cls: 0.1733, loss: 0.1733
2026-08-12 17:18:25,276 - pyskl - INFO - Epoch [10][600/6265]	lr: 9.832e-03, eta: 1 day, 6:44:23, time: 2.565, data_time: 0.000, memory: 5243, top1_acc: 0.9531, top5_acc: 0.9969, loss_cls: 0.1533, loss: 0.1533
2026-08-12 17:22:42,888 - pyskl - INFO - Epoch [10][700/6265]	lr: 9.793e-03, eta: 1 day, 6:40:09, time: 2.576, data_time: 0.000, memory: 5243, top1_acc: 0.9556, top5_acc: 0.9962, loss_cls: 0.1486, loss: 0.1486
2026-08-12 17:26:59,881 - pyskl - INFO - Epoch [10][800/6265]	lr: 9.755e-03, eta: 1 day, 6:35:54, time: 2.570, data_time: 0.000, memory: 5243, top1_acc: 0.9522, top5_acc: 0.9956, loss_cls: 0.1618, loss: 0.1618
2026-08-12 17:31:17,099 - pyskl - INFO - Epoch [10][900/6265]	lr: 9.717e-03, eta: 1 day, 6:31:39, time: 2.572, data_time: 0.000, memory: 5243, top1_acc: 0.9513, top5_acc: 0.9969, loss_cls: 0.1628, loss: 0.1628
2026-08-12 17:35:34,626 - pyskl - INFO - Epoch [10][1000/6265]	lr: 9.679e-03, eta: 1 day, 6:27:25, time: 2.575, data_time: 0.000, memory: 5243, top1_acc: 0.9503, top5_acc: 0.9969, loss_cls: 0.1552, loss: 0.1552
2026-08-12 17:39:52,698 - pyskl - INFO - Epoch [10][1100/6265]	lr: 9.641e-03, eta: 1 day, 6:23:10, time: 2.581, data_time: 0.000, memory: 5243, top1_acc: 0.9578, top5_acc: 0.9981, loss_cls: 0.1428, loss: 0.1428
2026-08-12 17:44:08,910 - pyskl - INFO - Epoch [10][1200/6265]	lr: 9.603e-03, eta: 1 day, 6:18:55, time: 2.562, data_time: 0.000, memory: 5243, top1_acc: 0.9509, top5_acc: 0.9956, loss_cls: 0.1714, loss: 0.1714
2026-08-12 17:48:25,743 - pyskl - INFO - Epoch [10][1300/6265]	lr: 9.564e-03, eta: 1 day, 6:14:40, time: 2.568, data_time: 0.000, memory: 5243, top1_acc: 0.9550, top5_acc: 0.9959, loss_cls: 0.1640, loss: 0.1640
2026-08-12 17:52:44,017 - pyskl - INFO - Epoch [10][1400/6265]	lr: 9.526e-03, eta: 1 day, 6:10:26, time: 2.583, data_time: 0.000, memory: 5243, top1_acc: 0.9556, top5_acc: 0.9984, loss_cls: 0.1551, loss: 0.1551
2026-08-12 17:57:01,692 - pyskl - INFO - Epoch [10][1500/6265]	lr: 9.488e-03, eta: 1 day, 6:06:11, time: 2.577, data_time: 0.000, memory: 5243, top1_acc: 0.9534, top5_acc: 0.9956, loss_cls: 0.1621, loss: 0.1621
2026-08-12 18:01:19,174 - pyskl - INFO - Epoch [10][1600/6265]	lr: 9.450e-03, eta: 1 day, 6:01:56, time: 2.575, data_time: 0.000, memory: 5243, top1_acc: 0.9547, top5_acc: 0.9984, loss_cls: 0.1534, loss: 0.1534
2026-08-12 18:05:36,326 - pyskl - INFO - Epoch [10][1700/6265]	lr: 9.412e-03, eta: 1 day, 5:57:41, time: 2.572, data_time: 0.000, memory: 5243, top1_acc: 0.9494, top5_acc: 0.9991, loss_cls: 0.1647, loss: 0.1647
2026-08-12 18:09:54,399 - pyskl - INFO - Epoch [10][1800/6265]	lr: 9.374e-03, eta: 1 day, 5:53:27, time: 2.581, data_time: 0.000, memory: 5243, top1_acc: 0.9522, top5_acc: 0.9969, loss_cls: 0.1703, loss: 0.1703
2026-08-12 18:14:10,956 - pyskl - INFO - Epoch [10][1900/6265]	lr: 9.336e-03, eta: 1 day, 5:49:12, time: 2.566, data_time: 0.000, memory: 5243, top1_acc: 0.9616, top5_acc: 0.9978, loss_cls: 0.1333, loss: 0.1333
2026-08-12 18:18:27,699 - pyskl - INFO - Epoch [10][2000/6265]	lr: 9.299e-03, eta: 1 day, 5:44:56, time: 2.567, data_time: 0.000, memory: 5243, top1_acc: 0.9497, top5_acc: 0.9972, loss_cls: 0.1723, loss: 0.1723
2026-08-12 18:22:45,884 - pyskl - INFO - Epoch [10][2100/6265]	lr: 9.261e-03, eta: 1 day, 5:40:42, time: 2.582, data_time: 0.000, memory: 5243, top1_acc: 0.9600, top5_acc: 0.9975, loss_cls: 0.1406, loss: 0.1406
2026-08-12 18:27:03,056 - pyskl - INFO - Epoch [10][2200/6265]	lr: 9.223e-03, eta: 1 day, 5:36:27, time: 2.572, data_time: 0.000, memory: 5243, top1_acc: 0.9522, top5_acc: 0.9988, loss_cls: 0.1501, loss: 0.1501
2026-08-12 18:31:20,227 - pyskl - INFO - Epoch [10][2300/6265]	lr: 9.185e-03, eta: 1 day, 5:32:12, time: 2.572, data_time: 0.000, memory: 5243, top1_acc: 0.9581, top5_acc: 0.9975, loss_cls: 0.1452, loss: 0.1452
2026-08-12 18:35:37,003 - pyskl - INFO - Epoch [10][2400/6265]	lr: 9.147e-03, eta: 1 day, 5:27:57, time: 2.568, data_time: 0.000, memory: 5243, top1_acc: 0.9516, top5_acc: 0.9956, loss_cls: 0.1676, loss: 0.1676
2026-08-12 18:39:54,996 - pyskl - INFO - Epoch [10][2500/6265]	lr: 9.110e-03, eta: 1 day, 5:23:43, time: 2.580, data_time: 0.000, memory: 5243, top1_acc: 0.9572, top5_acc: 0.9962, loss_cls: 0.1484, loss: 0.1484
2026-08-12 18:44:11,619 - pyskl - INFO - Epoch [10][2600/6265]	lr: 9.072e-03, eta: 1 day, 5:19:27, time: 2.566, data_time: 0.000, memory: 5243, top1_acc: 0.9634, top5_acc: 0.9984, loss_cls: 0.1395, loss: 0.1395
2026-08-12 18:48:28,231 - pyskl - INFO - Epoch [10][2700/6265]	lr: 9.034e-03, eta: 1 day, 5:15:12, time: 2.566, data_time: 0.000, memory: 5243, top1_acc: 0.9553, top5_acc: 0.9962, loss_cls: 0.1612, loss: 0.1612
2026-08-12 18:52:46,083 - pyskl - INFO - Epoch [10][2800/6265]	lr: 8.997e-03, eta: 1 day, 5:10:57, time: 2.579, data_time: 0.000, memory: 5243, top1_acc: 0.9569, top5_acc: 0.9981, loss_cls: 0.1501, loss: 0.1501
2026-08-12 18:57:03,137 - pyskl - INFO - Epoch [10][2900/6265]	lr: 8.959e-03, eta: 1 day, 5:06:42, time: 2.571, data_time: 0.000, memory: 5243, top1_acc: 0.9566, top5_acc: 0.9969, loss_cls: 0.1409, loss: 0.1409
2026-08-12 19:01:20,263 - pyskl - INFO - Epoch [10][3000/6265]	lr: 8.922e-03, eta: 1 day, 5:02:27, time: 2.571, data_time: 0.000, memory: 5243, top1_acc: 0.9516, top5_acc: 0.9966, loss_cls: 0.1690, loss: 0.1690
2026-08-12 19:05:37,074 - pyskl - INFO - Epoch [10][3100/6265]	lr: 8.884e-03, eta: 1 day, 4:58:12, time: 2.568, data_time: 0.000, memory: 5243, top1_acc: 0.9569, top5_acc: 0.9988, loss_cls: 0.1478, loss: 0.1478
2026-08-12 19:09:55,013 - pyskl - INFO - Epoch [10][3200/6265]	lr: 8.847e-03, eta: 1 day, 4:53:57, time: 2.579, data_time: 0.000, memory: 5243, top1_acc: 0.9572, top5_acc: 0.9953, loss_cls: 0.1571, loss: 0.1571
2026-08-12 19:14:11,116 - pyskl - INFO - Epoch [10][3300/6265]	lr: 8.809e-03, eta: 1 day, 4:49:42, time: 2.561, data_time: 0.000, memory: 5243, top1_acc: 0.9494, top5_acc: 0.9969, loss_cls: 0.1705, loss: 0.1705
2026-08-12 19:18:27,482 - pyskl - INFO - Epoch [10][3400/6265]	lr: 8.772e-03, eta: 1 day, 4:45:26, time: 2.564, data_time: 0.000, memory: 5243, top1_acc: 0.9541, top5_acc: 0.9966, loss_cls: 0.1691, loss: 0.1691
2026-08-12 19:22:45,166 - pyskl - INFO - Epoch [10][3500/6265]	lr: 8.734e-03, eta: 1 day, 4:41:11, time: 2.577, data_time: 0.000, memory: 5243, top1_acc: 0.9575, top5_acc: 0.9984, loss_cls: 0.1443, loss: 0.1443
2026-08-12 19:27:02,077 - pyskl - INFO - Epoch [10][3600/6265]	lr: 8.697e-03, eta: 1 day, 4:36:56, time: 2.569, data_time: 0.000, memory: 5243, top1_acc: 0.9644, top5_acc: 0.9981, loss_cls: 0.1362, loss: 0.1362
2026-08-12 19:31:19,425 - pyskl - INFO - Epoch [10][3700/6265]	lr: 8.660e-03, eta: 1 day, 4:32:41, time: 2.573, data_time: 0.000, memory: 5243, top1_acc: 0.9578, top5_acc: 0.9966, loss_cls: 0.1425, loss: 0.1425
2026-08-12 19:35:36,144 - pyskl - INFO - Epoch [10][3800/6265]	lr: 8.622e-03, eta: 1 day, 4:28:26, time: 2.567, data_time: 0.000, memory: 5243, top1_acc: 0.9478, top5_acc: 0.9978, loss_cls: 0.1668, loss: 0.1668
2026-08-12 19:39:53,955 - pyskl - INFO - Epoch [10][3900/6265]	lr: 8.585e-03, eta: 1 day, 4:24:11, time: 2.578, data_time: 0.000, memory: 5243, top1_acc: 0.9494, top5_acc: 0.9972, loss_cls: 0.1627, loss: 0.1627
2026-08-12 19:44:10,029 - pyskl - INFO - Epoch [10][4000/6265]	lr: 8.548e-03, eta: 1 day, 4:19:55, time: 2.561, data_time: 0.000, memory: 5243, top1_acc: 0.9609, top5_acc: 0.9978, loss_cls: 0.1335, loss: 0.1335
2026-08-12 19:48:26,284 - pyskl - INFO - Epoch [10][4100/6265]	lr: 8.511e-03, eta: 1 day, 4:15:40, time: 2.563, data_time: 0.000, memory: 5243, top1_acc: 0.9647, top5_acc: 0.9984, loss_cls: 0.1365, loss: 0.1365
2026-08-12 19:52:43,944 - pyskl - INFO - Epoch [10][4200/6265]	lr: 8.474e-03, eta: 1 day, 4:11:25, time: 2.577, data_time: 0.000, memory: 5243, top1_acc: 0.9591, top5_acc: 0.9975, loss_cls: 0.1473, loss: 0.1473
2026-08-12 19:57:00,941 - pyskl - INFO - Epoch [10][4300/6265]	lr: 8.437e-03, eta: 1 day, 4:07:10, time: 2.570, data_time: 0.000, memory: 5243, top1_acc: 0.9556, top5_acc: 0.9975, loss_cls: 0.1500, loss: 0.1500
2026-08-12 20:01:18,072 - pyskl - INFO - Epoch [10][4400/6265]	lr: 8.400e-03, eta: 1 day, 4:02:54, time: 2.571, data_time: 0.000, memory: 5243, top1_acc: 0.9541, top5_acc: 0.9962, loss_cls: 0.1635, loss: 0.1635
2026-08-12 20:05:34,802 - pyskl - INFO - Epoch [10][4500/6265]	lr: 8.363e-03, eta: 1 day, 3:58:39, time: 2.567, data_time: 0.000, memory: 5243, top1_acc: 0.9531, top5_acc: 0.9975, loss_cls: 0.1622, loss: 0.1622
2026-08-12 20:09:52,658 - pyskl - INFO - Epoch [10][4600/6265]	lr: 8.326e-03, eta: 1 day, 3:54:24, time: 2.579, data_time: 0.000, memory: 5243, top1_acc: 0.9622, top5_acc: 0.9969, loss_cls: 0.1415, loss: 0.1415
2026-08-12 20:14:08,903 - pyskl - INFO - Epoch [10][4700/6265]	lr: 8.289e-03, eta: 1 day, 3:50:09, time: 2.562, data_time: 0.000, memory: 5243, top1_acc: 0.9641, top5_acc: 0.9978, loss_cls: 0.1342, loss: 0.1342
2026-08-12 20:18:25,484 - pyskl - INFO - Epoch [10][4800/6265]	lr: 8.252e-03, eta: 1 day, 3:45:53, time: 2.566, data_time: 0.000, memory: 5243, top1_acc: 0.9616, top5_acc: 0.9966, loss_cls: 0.1356, loss: 0.1356
2026-08-12 20:22:43,386 - pyskl - INFO - Epoch [10][4900/6265]	lr: 8.215e-03, eta: 1 day, 3:41:38, time: 2.579, data_time: 0.000, memory: 5243, top1_acc: 0.9587, top5_acc: 0.9988, loss_cls: 0.1421, loss: 0.1421
2026-08-12 20:27:06,708 - pyskl - INFO - Epoch [10][5000/6265]	lr: 8.178e-03, eta: 1 day, 3:37:27, time: 2.633, data_time: 0.000, memory: 5243, top1_acc: 0.9531, top5_acc: 0.9962, loss_cls: 0.1554, loss: 0.1554
2026-08-12 20:31:29,989 - pyskl - INFO - Epoch [10][5100/6265]	lr: 8.142e-03, eta: 1 day, 3:33:16, time: 2.633, data_time: 0.000, memory: 5243, top1_acc: 0.9613, top5_acc: 0.9956, loss_cls: 0.1476, loss: 0.1476
2026-08-12 20:35:52,167 - pyskl - INFO - Epoch [10][5200/6265]	lr: 8.105e-03, eta: 1 day, 3:29:04, time: 2.622, data_time: 0.000, memory: 5243, top1_acc: 0.9541, top5_acc: 0.9984, loss_cls: 0.1500, loss: 0.1500
2026-08-12 20:40:15,344 - pyskl - INFO - Epoch [10][5300/6265]	lr: 8.068e-03, eta: 1 day, 3:24:52, time: 2.632, data_time: 0.000, memory: 5243, top1_acc: 0.9631, top5_acc: 0.9978, loss_cls: 0.1333, loss: 0.1333
2026-08-12 20:44:37,908 - pyskl - INFO - Epoch [10][5400/6265]	lr: 8.032e-03, eta: 1 day, 3:20:40, time: 2.626, data_time: 0.000, memory: 5243, top1_acc: 0.9575, top5_acc: 0.9994, loss_cls: 0.1444, loss: 0.1444
2026-08-12 20:49:00,717 - pyskl - INFO - Epoch [10][5500/6265]	lr: 7.995e-03, eta: 1 day, 3:16:29, time: 2.628, data_time: 0.000, memory: 5243, top1_acc: 0.9584, top5_acc: 0.9978, loss_cls: 0.1538, loss: 0.1538
2026-08-12 20:53:22,903 - pyskl - INFO - Epoch [10][5600/6265]	lr: 7.959e-03, eta: 1 day, 3:12:17, time: 2.622, data_time: 0.000, memory: 5243, top1_acc: 0.9650, top5_acc: 0.9981, loss_cls: 0.1277, loss: 0.1277
2026-08-12 20:57:46,370 - pyskl - INFO - Epoch [10][5700/6265]	lr: 7.922e-03, eta: 1 day, 3:08:05, time: 2.635, data_time: 0.000, memory: 5243, top1_acc: 0.9584, top5_acc: 0.9984, loss_cls: 0.1383, loss: 0.1383
2026-08-12 21:02:09,453 - pyskl - INFO - Epoch [10][5800/6265]	lr: 7.886e-03, eta: 1 day, 3:03:53, time: 2.631, data_time: 0.000, memory: 5243, top1_acc: 0.9691, top5_acc: 0.9984, loss_cls: 0.1114, loss: 0.1114
2026-08-12 21:06:32,425 - pyskl - INFO - Epoch [10][5900/6265]	lr: 7.849e-03, eta: 1 day, 2:59:42, time: 2.630, data_time: 0.000, memory: 5243, top1_acc: 0.9681, top5_acc: 0.9994, loss_cls: 0.1190, loss: 0.1190
2026-08-12 21:10:52,824 - pyskl - INFO - Epoch [10][6000/6265]	lr: 7.813e-03, eta: 1 day, 2:55:28, time: 2.604, data_time: 0.000, memory: 5243, top1_acc: 0.9653, top5_acc: 0.9988, loss_cls: 0.1207, loss: 0.1207
2026-08-12 21:15:10,135 - pyskl - INFO - Epoch [10][6100/6265]	lr: 7.777e-03, eta: 1 day, 2:51:13, time: 2.573, data_time: 0.000, memory: 5243, top1_acc: 0.9591, top5_acc: 0.9981, loss_cls: 0.1412, loss: 0.1412
2026-08-12 21:19:27,245 - pyskl - INFO - Epoch [10][6200/6265]	lr: 7.740e-03, eta: 1 day, 2:46:57, time: 2.571, data_time: 0.000, memory: 5243, top1_acc: 0.9712, top5_acc: 0.9984, loss_cls: 0.1030, loss: 0.1030
2026-08-12 21:22:12,715 - pyskl - INFO - Saving checkpoint at 10 epochs
2026-08-12 21:43:22,247 - pyskl - INFO - Evaluating top_k_accuracy ...
2026-08-12 21:43:22,286 - pyskl - INFO - 
top1_acc	0.8527
top5_acc	0.9732
2026-08-12 21:43:22,287 - pyskl - INFO - The previous best checkpoint D:\YxjProject\pythonProject\pyskl\work_dirs\stgcn++\ntu60_xsub_3dkp\j_single_gpu\best_top1_acc_epoch_9.pth was removed
2026-08-12 21:43:22,360 - pyskl - INFO - Now best checkpoint is saved as best_top1_acc_epoch_10.pth.
2026-08-12 21:43:22,360 - pyskl - INFO - Best top1_acc is 0.8527 at 10 epoch.
2026-08-12 21:43:22,361 - pyskl - INFO - Epoch(val) [10][516]	top1_acc: 0.8527, top5_acc: 0.9732
2026-08-12 21:47:45,808 - pyskl - INFO - Epoch [11][100/6265]	lr: 7.681e-03, eta: 1 day, 2:38:20, time: 2.634, data_time: 0.069, memory: 5243, top1_acc: 0.9597, top5_acc: 0.9972, loss_cls: 0.1408, loss: 0.1408
2026-08-12 21:52:03,856 - pyskl - INFO - Epoch [11][200/6265]	lr: 7.645e-03, eta: 1 day, 2:34:05, time: 2.580, data_time: 0.000, memory: 5243, top1_acc: 0.9622, top5_acc: 0.9991, loss_cls: 0.1307, loss: 0.1307
2026-08-12 21:56:20,438 - pyskl - INFO - Epoch [11][300/6265]	lr: 7.608e-03, eta: 1 day, 2:29:50, time: 2.566, data_time: 0.000, memory: 5243, top1_acc: 0.9641, top5_acc: 0.9988, loss_cls: 0.1241, loss: 0.1241
2026-08-12 22:00:37,186 - pyskl - INFO - Epoch [11][400/6265]	lr: 7.572e-03, eta: 1 day, 2:25:35, time: 2.567, data_time: 0.000, memory: 5243, top1_acc: 0.9691, top5_acc: 0.9991, loss_cls: 0.1100, loss: 0.1100
2026-08-12 22:04:54,942 - pyskl - INFO - Epoch [11][500/6265]	lr: 7.536e-03, eta: 1 day, 2:21:20, time: 2.578, data_time: 0.000, memory: 5243, top1_acc: 0.9650, top5_acc: 0.9994, loss_cls: 0.1148, loss: 0.1148
2026-08-12 22:09:12,181 - pyskl - INFO - Epoch [11][600/6265]	lr: 7.501e-03, eta: 1 day, 2:17:05, time: 2.572, data_time: 0.000, memory: 5243, top1_acc: 0.9697, top5_acc: 0.9988, loss_cls: 0.1091, loss: 0.1091
2026-08-12 22:13:29,626 - pyskl - INFO - Epoch [11][700/6265]	lr: 7.465e-03, eta: 1 day, 2:12:50, time: 2.574, data_time: 0.000, memory: 5243, top1_acc: 0.9716, top5_acc: 0.9991, loss_cls: 0.1021, loss: 0.1021
2026-08-12 22:17:46,451 - pyskl - INFO - Epoch [11][800/6265]	lr: 7.429e-03, eta: 1 day, 2:08:35, time: 2.568, data_time: 0.000, memory: 5243, top1_acc: 0.9709, top5_acc: 0.9978, loss_cls: 0.1075, loss: 0.1075
2026-08-12 22:22:04,372 - pyskl - INFO - Epoch [11][900/6265]	lr: 7.393e-03, eta: 1 day, 2:04:21, time: 2.579, data_time: 0.000, memory: 5243, top1_acc: 0.9753, top5_acc: 0.9997, loss_cls: 0.0979, loss: 0.0979
2026-08-12 22:26:20,965 - pyskl - INFO - Epoch [11][1000/6265]	lr: 7.357e-03, eta: 1 day, 2:00:05, time: 2.566, data_time: 0.000, memory: 5243, top1_acc: 0.9706, top5_acc: 0.9988, loss_cls: 0.1145, loss: 0.1145
2026-08-12 22:30:38,095 - pyskl - INFO - Epoch [11][1100/6265]	lr: 7.322e-03, eta: 1 day, 1:55:50, time: 2.571, data_time: 0.000, memory: 5243, top1_acc: 0.9681, top5_acc: 0.9984, loss_cls: 0.1181, loss: 0.1181
2026-08-12 22:34:55,776 - pyskl - INFO - Epoch [11][1200/6265]	lr: 7.286e-03, eta: 1 day, 1:51:35, time: 2.577, data_time: 0.000, memory: 5243, top1_acc: 0.9744, top5_acc: 0.9991, loss_cls: 0.1019, loss: 0.1019
2026-08-12 22:39:13,136 - pyskl - INFO - Epoch [11][1300/6265]	lr: 7.250e-03, eta: 1 day, 1:47:20, time: 2.574, data_time: 0.000, memory: 5243, top1_acc: 0.9716, top5_acc: 0.9988, loss_cls: 0.1042, loss: 0.1042
2026-08-12 22:43:30,092 - pyskl - INFO - Epoch [11][1400/6265]	lr: 7.215e-03, eta: 1 day, 1:43:05, time: 2.570, data_time: 0.000, memory: 5243, top1_acc: 0.9734, top5_acc: 0.9988, loss_cls: 0.0942, loss: 0.0942
2026-08-12 22:47:46,731 - pyskl - INFO - Epoch [11][1500/6265]	lr: 7.179e-03, eta: 1 day, 1:38:50, time: 2.566, data_time: 0.000, memory: 5243, top1_acc: 0.9731, top5_acc: 0.9988, loss_cls: 0.1027, loss: 0.1027
2026-08-12 22:52:04,907 - pyskl - INFO - Epoch [11][1600/6265]	lr: 7.144e-03, eta: 1 day, 1:34:35, time: 2.582, data_time: 0.000, memory: 5243, top1_acc: 0.9772, top5_acc: 0.9988, loss_cls: 0.0933, loss: 0.0933
2026-08-12 22:56:21,625 - pyskl - INFO - Epoch [11][1700/6265]	lr: 7.109e-03, eta: 1 day, 1:30:20, time: 2.567, data_time: 0.000, memory: 5243, top1_acc: 0.9744, top5_acc: 0.9991, loss_cls: 0.0961, loss: 0.0961
2026-08-12 23:00:38,614 - pyskl - INFO - Epoch [11][1800/6265]	lr: 7.073e-03, eta: 1 day, 1:26:05, time: 2.570, data_time: 0.000, memory: 5243, top1_acc: 0.9741, top5_acc: 0.9997, loss_cls: 0.1014, loss: 0.1014
2026-08-12 23:04:55,738 - pyskl - INFO - Epoch [11][1900/6265]	lr: 7.038e-03, eta: 1 day, 1:21:50, time: 2.571, data_time: 0.000, memory: 5243, top1_acc: 0.9725, top5_acc: 0.9984, loss_cls: 0.1020, loss: 0.1020
2026-08-12 23:09:13,047 - pyskl - INFO - Epoch [11][2000/6265]	lr: 7.003e-03, eta: 1 day, 1:17:35, time: 2.573, data_time: 0.000, memory: 5243, top1_acc: 0.9706, top5_acc: 0.9978, loss_cls: 0.1075, loss: 0.1075
2026-08-12 23:13:29,915 - pyskl - INFO - Epoch [11][2100/6265]	lr: 6.968e-03, eta: 1 day, 1:13:19, time: 2.569, data_time: 0.000, memory: 5243, top1_acc: 0.9691, top5_acc: 0.9997, loss_cls: 0.1065, loss: 0.1065
2026-08-12 23:17:46,837 - pyskl - INFO - Epoch [11][2200/6265]	lr: 6.933e-03, eta: 1 day, 1:09:04, time: 2.569, data_time: 0.000, memory: 5243, top1_acc: 0.9691, top5_acc: 0.9994, loss_cls: 0.1019, loss: 0.1019
2026-08-12 23:22:05,043 - pyskl - INFO - Epoch [11][2300/6265]	lr: 6.897e-03, eta: 1 day, 1:04:49, time: 2.582, data_time: 0.000, memory: 5243, top1_acc: 0.9747, top5_acc: 0.9988, loss_cls: 0.1042, loss: 0.1042
2026-08-12 23:26:21,589 - pyskl - INFO - Epoch [11][2400/6265]	lr: 6.862e-03, eta: 1 day, 1:00:34, time: 2.565, data_time: 0.000, memory: 5243, top1_acc: 0.9772, top5_acc: 0.9994, loss_cls: 0.0895, loss: 0.0895
2026-08-12 23:30:38,453 - pyskl - INFO - Epoch [11][2500/6265]	lr: 6.828e-03, eta: 1 day, 0:56:19, time: 2.569, data_time: 0.000, memory: 5243, top1_acc: 0.9753, top5_acc: 0.9981, loss_cls: 0.0940, loss: 0.0940
2026-08-12 23:34:55,722 - pyskl - INFO - Epoch [11][2600/6265]	lr: 6.793e-03, eta: 1 day, 0:52:04, time: 2.573, data_time: 0.000, memory: 5243, top1_acc: 0.9716, top5_acc: 0.9988, loss_cls: 0.0991, loss: 0.0991
2026-08-12 23:39:13,039 - pyskl - INFO - Epoch [11][2700/6265]	lr: 6.758e-03, eta: 1 day, 0:47:48, time: 2.573, data_time: 0.000, memory: 5243, top1_acc: 0.9694, top5_acc: 0.9984, loss_cls: 0.1060, loss: 0.1060
2026-08-12 23:43:30,007 - pyskl - INFO - Epoch [11][2800/6265]	lr: 6.723e-03, eta: 1 day, 0:43:33, time: 2.570, data_time: 0.000, memory: 5243, top1_acc: 0.9747, top5_acc: 0.9991, loss_cls: 0.1014, loss: 0.1014
2026-08-12 23:47:46,823 - pyskl - INFO - Epoch [11][2900/6265]	lr: 6.688e-03, eta: 1 day, 0:39:18, time: 2.568, data_time: 0.000, memory: 5243, top1_acc: 0.9728, top5_acc: 0.9988, loss_cls: 0.1026, loss: 0.1026
2026-08-12 23:52:04,870 - pyskl - INFO - Epoch [11][3000/6265]	lr: 6.654e-03, eta: 1 day, 0:35:03, time: 2.580, data_time: 0.000, memory: 5243, top1_acc: 0.9650, top5_acc: 0.9978, loss_cls: 0.1320, loss: 0.1320
2026-08-12 23:56:21,228 - pyskl - INFO - Epoch [11][3100/6265]	lr: 6.619e-03, eta: 1 day, 0:30:48, time: 2.564, data_time: 0.000, memory: 5243, top1_acc: 0.9688, top5_acc: 0.9988, loss_cls: 0.1088, loss: 0.1088
2026-08-13 00:00:38,487 - pyskl - INFO - Epoch [11][3200/6265]	lr: 6.585e-03, eta: 1 day, 0:26:32, time: 2.573, data_time: 0.000, memory: 5243, top1_acc: 0.9703, top5_acc: 0.9991, loss_cls: 0.1043, loss: 0.1043
2026-08-13 00:04:56,009 - pyskl - INFO - Epoch [11][3300/6265]	lr: 6.550e-03, eta: 1 day, 0:22:17, time: 2.575, data_time: 0.000, memory: 5243, top1_acc: 0.9778, top5_acc: 0.9994, loss_cls: 0.0923, loss: 0.0923
2026-08-13 00:09:13,706 - pyskl - INFO - Epoch [11][3400/6265]	lr: 6.516e-03, eta: 1 day, 0:18:02, time: 2.577, data_time: 0.000, memory: 5243, top1_acc: 0.9775, top5_acc: 0.9997, loss_cls: 0.0976, loss: 0.0976
2026-08-13 00:13:30,143 - pyskl - INFO - Epoch [11][3500/6265]	lr: 6.481e-03, eta: 1 day, 0:13:47, time: 2.564, data_time: 0.000, memory: 5243, top1_acc: 0.9772, top5_acc: 0.9997, loss_cls: 0.0906, loss: 0.0906
2026-08-13 00:17:46,999 - pyskl - INFO - Epoch [11][3600/6265]	lr: 6.447e-03, eta: 1 day, 0:09:32, time: 2.569, data_time: 0.000, memory: 5243, top1_acc: 0.9747, top5_acc: 0.9997, loss_cls: 0.0941, loss: 0.0941
2026-08-13 00:22:04,949 - pyskl - INFO - Epoch [11][3700/6265]	lr: 6.413e-03, eta: 1 day, 0:05:17, time: 2.579, data_time: 0.000, memory: 5243, top1_acc: 0.9709, top5_acc: 0.9988, loss_cls: 0.1066, loss: 0.1066
2026-08-13 00:26:21,116 - pyskl - INFO - Epoch [11][3800/6265]	lr: 6.379e-03, eta: 1 day, 0:01:01, time: 2.562, data_time: 0.000, memory: 5243, top1_acc: 0.9766, top5_acc: 0.9994, loss_cls: 0.0904, loss: 0.0904
2026-08-13 00:30:38,090 - pyskl - INFO - Epoch [11][3900/6265]	lr: 6.344e-03, eta: 23:56:46, time: 2.570, data_time: 0.000, memory: 5243, top1_acc: 0.9831, top5_acc: 0.9997, loss_cls: 0.0781, loss: 0.0781
2026-08-13 00:34:55,730 - pyskl - INFO - Epoch [11][4000/6265]	lr: 6.310e-03, eta: 23:52:31, time: 2.576, data_time: 0.000, memory: 5243, top1_acc: 0.9741, top5_acc: 0.9988, loss_cls: 0.0981, loss: 0.0981
2026-08-13 00:39:13,186 - pyskl - INFO - Epoch [11][4100/6265]	lr: 6.276e-03, eta: 23:48:16, time: 2.575, data_time: 0.000, memory: 5243, top1_acc: 0.9794, top5_acc: 0.9988, loss_cls: 0.0870, loss: 0.0870
2026-08-13 00:43:30,474 - pyskl - INFO - Epoch [11][4200/6265]	lr: 6.242e-03, eta: 23:44:00, time: 2.573, data_time: 0.000, memory: 5243, top1_acc: 0.9759, top5_acc: 0.9981, loss_cls: 0.0961, loss: 0.0961
2026-08-13 00:47:47,699 - pyskl - INFO - Epoch [11][4300/6265]	lr: 6.209e-03, eta: 23:39:45, time: 2.572, data_time: 0.000, memory: 5243, top1_acc: 0.9766, top5_acc: 0.9991, loss_cls: 0.0886, loss: 0.0886
2026-08-13 00:52:05,503 - pyskl - INFO - Epoch [11][4400/6265]	lr: 6.175e-03, eta: 23:35:30, time: 2.578, data_time: 0.000, memory: 5243, top1_acc: 0.9728, top5_acc: 0.9984, loss_cls: 0.1025, loss: 0.1025
2026-08-13 00:56:21,945 - pyskl - INFO - Epoch [11][4500/6265]	lr: 6.141e-03, eta: 23:31:15, time: 2.564, data_time: 0.000, memory: 5243, top1_acc: 0.9788, top5_acc: 0.9991, loss_cls: 0.0852, loss: 0.0852
2026-08-13 01:00:39,078 - pyskl - INFO - Epoch [11][4600/6265]	lr: 6.107e-03, eta: 23:26:59, time: 2.571, data_time: 0.000, memory: 5243, top1_acc: 0.9769, top5_acc: 0.9994, loss_cls: 0.0958, loss: 0.0958
2026-08-13 01:04:56,723 - pyskl - INFO - Epoch [11][4700/6265]	lr: 6.074e-03, eta: 23:22:44, time: 2.576, data_time: 0.000, memory: 5243, top1_acc: 0.9781, top5_acc: 0.9991, loss_cls: 0.0958, loss: 0.0958
2026-08-13 01:09:14,330 - pyskl - INFO - Epoch [11][4800/6265]	lr: 6.040e-03, eta: 23:18:29, time: 2.576, data_time: 0.000, memory: 5243, top1_acc: 0.9759, top5_acc: 0.9997, loss_cls: 0.0957, loss: 0.0957
2026-08-13 01:13:31,493 - pyskl - INFO - Epoch [11][4900/6265]	lr: 6.007e-03, eta: 23:14:14, time: 2.572, data_time: 0.000, memory: 5243, top1_acc: 0.9719, top5_acc: 0.9997, loss_cls: 0.1012, loss: 0.1012
2026-08-13 01:17:48,555 - pyskl - INFO - Epoch [11][5000/6265]	lr: 5.973e-03, eta: 23:09:59, time: 2.571, data_time: 0.000, memory: 5243, top1_acc: 0.9778, top5_acc: 0.9991, loss_cls: 0.0829, loss: 0.0829
2026-08-13 01:22:06,461 - pyskl - INFO - Epoch [11][5100/6265]	lr: 5.940e-03, eta: 23:05:44, time: 2.579, data_time: 0.000, memory: 5243, top1_acc: 0.9797, top5_acc: 0.9994, loss_cls: 0.0744, loss: 0.0744
2026-08-13 01:26:22,599 - pyskl - INFO - Epoch [11][5200/6265]	lr: 5.906e-03, eta: 23:01:28, time: 2.561, data_time: 0.000, memory: 5243, top1_acc: 0.9762, top5_acc: 0.9997, loss_cls: 0.0882, loss: 0.0882
2026-08-13 01:30:39,313 - pyskl - INFO - Epoch [11][5300/6265]	lr: 5.873e-03, eta: 22:57:12, time: 2.567, data_time: 0.000, memory: 5243, top1_acc: 0.9847, top5_acc: 0.9975, loss_cls: 0.0800, loss: 0.0800
2026-08-13 01:34:56,801 - pyskl - INFO - Epoch [11][5400/6265]	lr: 5.840e-03, eta: 22:52:57, time: 2.575, data_time: 0.000, memory: 5243, top1_acc: 0.9809, top5_acc: 0.9994, loss_cls: 0.0802, loss: 0.0802
2026-08-13 01:39:13,932 - pyskl - INFO - Epoch [11][5500/6265]	lr: 5.807e-03, eta: 22:48:42, time: 2.571, data_time: 0.000, memory: 5243, top1_acc: 0.9822, top5_acc: 0.9997, loss_cls: 0.0756, loss: 0.0756
2026-08-13 01:43:30,942 - pyskl - INFO - Epoch [11][5600/6265]	lr: 5.774e-03, eta: 22:44:26, time: 2.570, data_time: 0.000, memory: 5243, top1_acc: 0.9797, top5_acc: 0.9994, loss_cls: 0.0853, loss: 0.0853
2026-08-13 01:47:47,961 - pyskl - INFO - Epoch [11][5700/6265]	lr: 5.741e-03, eta: 22:40:11, time: 2.570, data_time: 0.000, memory: 5243, top1_acc: 0.9812, top5_acc: 0.9994, loss_cls: 0.0820, loss: 0.0820
2026-08-13 01:52:05,640 - pyskl - INFO - Epoch [11][5800/6265]	lr: 5.708e-03, eta: 22:35:56, time: 2.577, data_time: 0.000, memory: 5243, top1_acc: 0.9744, top5_acc: 0.9988, loss_cls: 0.0951, loss: 0.0951
2026-08-13 01:56:21,555 - pyskl - INFO - Epoch [11][5900/6265]	lr: 5.675e-03, eta: 22:31:40, time: 2.559, data_time: 0.000, memory: 5243, top1_acc: 0.9747, top5_acc: 1.0000, loss_cls: 0.0894, loss: 0.0894
2026-08-13 02:00:37,985 - pyskl - INFO - Epoch [11][6000/6265]	lr: 5.642e-03, eta: 22:27:24, time: 2.564, data_time: 0.000, memory: 5243, top1_acc: 0.9778, top5_acc: 0.9994, loss_cls: 0.0878, loss: 0.0878
2026-08-13 02:04:55,208 - pyskl - INFO - Epoch [11][6100/6265]	lr: 5.610e-03, eta: 22:23:09, time: 2.572, data_time: 0.000, memory: 5243, top1_acc: 0.9759, top5_acc: 0.9994, loss_cls: 0.0836, loss: 0.0836
2026-08-13 02:09:12,185 - pyskl - INFO - Epoch [11][6200/6265]	lr: 5.577e-03, eta: 22:18:54, time: 2.570, data_time: 0.000, memory: 5243, top1_acc: 0.9809, top5_acc: 0.9997, loss_cls: 0.0754, loss: 0.0754
2026-08-13 02:11:56,925 - pyskl - INFO - Saving checkpoint at 11 epochs
2026-08-13 02:32:49,893 - pyskl - INFO - Evaluating top_k_accuracy ...
2026-08-13 02:32:49,932 - pyskl - INFO - 
top1_acc	0.8660
top5_acc	0.9754
2026-08-13 02:32:49,934 - pyskl - INFO - The previous best checkpoint D:\YxjProject\pythonProject\pyskl\work_dirs\stgcn++\ntu60_xsub_3dkp\j_single_gpu\best_top1_acc_epoch_10.pth was removed
2026-08-13 02:32:50,003 - pyskl - INFO - Now best checkpoint is saved as best_top1_acc_epoch_11.pth.
2026-08-13 02:32:50,004 - pyskl - INFO - Best top1_acc is 0.8660 at 11 epoch.
2026-08-13 02:32:50,004 - pyskl - INFO - Epoch(val) [11][516]	top1_acc: 0.8660, top5_acc: 0.9754
2026-08-13 02:37:27,689 - pyskl - INFO - Epoch [12][100/6265]	lr: 5.523e-03, eta: 22:10:46, time: 2.777, data_time: 0.207, memory: 5243, top1_acc: 0.9853, top5_acc: 0.9997, loss_cls: 0.0746, loss: 0.0746
2026-08-13 02:41:44,208 - pyskl - INFO - Epoch [12][200/6265]	lr: 5.491e-03, eta: 22:06:31, time: 2.565, data_time: 0.000, memory: 5243, top1_acc: 0.9872, top5_acc: 1.0000, loss_cls: 0.0599, loss: 0.0599
2026-08-13 02:46:02,329 - pyskl - INFO - Epoch [12][300/6265]	lr: 5.458e-03, eta: 22:02:16, time: 2.581, data_time: 0.000, memory: 5243, top1_acc: 0.9869, top5_acc: 1.0000, loss_cls: 0.0573, loss: 0.0573
2026-08-13 02:50:18,127 - pyskl - INFO - Epoch [12][400/6265]	lr: 5.426e-03, eta: 21:58:00, time: 2.558, data_time: 0.000, memory: 5243, top1_acc: 0.9750, top5_acc: 0.9997, loss_cls: 0.0908, loss: 0.0908
2026-08-13 02:54:34,482 - pyskl - INFO - Epoch [12][500/6265]	lr: 5.394e-03, eta: 21:53:45, time: 2.564, data_time: 0.000, memory: 5243, top1_acc: 0.9784, top5_acc: 0.9994, loss_cls: 0.0769, loss: 0.0769
2026-08-13 02:58:52,409 - pyskl - INFO - Epoch [12][600/6265]	lr: 5.361e-03, eta: 21:49:30, time: 2.579, data_time: 0.000, memory: 5243, top1_acc: 0.9806, top5_acc: 0.9991, loss_cls: 0.0765, loss: 0.0765
2026-08-13 03:03:09,678 - pyskl - INFO - Epoch [12][700/6265]	lr: 5.329e-03, eta: 21:45:15, time: 2.573, data_time: 0.000, memory: 5243, top1_acc: 0.9853, top5_acc: 0.9997, loss_cls: 0.0710, loss: 0.0710
2026-08-13 03:07:26,248 - pyskl - INFO - Epoch [12][800/6265]	lr: 5.297e-03, eta: 21:41:00, time: 2.566, data_time: 0.000, memory: 5243, top1_acc: 0.9791, top5_acc: 0.9997, loss_cls: 0.0797, loss: 0.0797
2026-08-13 03:11:42,900 - pyskl - INFO - Epoch [12][900/6265]	lr: 5.265e-03, eta: 21:36:44, time: 2.567, data_time: 0.000, memory: 5243, top1_acc: 0.9822, top5_acc: 0.9994, loss_cls: 0.0726, loss: 0.0726
2026-08-13 03:16:00,453 - pyskl - INFO - Epoch [12][1000/6265]	lr: 5.233e-03, eta: 21:32:29, time: 2.576, data_time: 0.000, memory: 5243, top1_acc: 0.9884, top5_acc: 0.9997, loss_cls: 0.0576, loss: 0.0576
2026-08-13 03:20:16,545 - pyskl - INFO - Epoch [12][1100/6265]	lr: 5.202e-03, eta: 21:28:14, time: 2.561, data_time: 0.000, memory: 5243, top1_acc: 0.9869, top5_acc: 1.0000, loss_cls: 0.0620, loss: 0.0620
2026-08-13 03:24:32,665 - pyskl - INFO - Epoch [12][1200/6265]	lr: 5.170e-03, eta: 21:23:58, time: 2.561, data_time: 0.000, memory: 5243, top1_acc: 0.9828, top5_acc: 0.9994, loss_cls: 0.0720, loss: 0.0720
2026-08-13 03:28:50,784 - pyskl - INFO - Epoch [12][1300/6265]	lr: 5.138e-03, eta: 21:19:44, time: 2.581, data_time: 0.000, memory: 5243, top1_acc: 0.9834, top5_acc: 1.0000, loss_cls: 0.0638, loss: 0.0638
2026-08-13 03:33:08,177 - pyskl - INFO - Epoch [12][1400/6265]	lr: 5.106e-03, eta: 21:15:28, time: 2.574, data_time: 0.000, memory: 5243, top1_acc: 0.9825, top5_acc: 0.9997, loss_cls: 0.0711, loss: 0.0711
2026-08-13 03:37:24,963 - pyskl - INFO - Epoch [12][1500/6265]	lr: 5.075e-03, eta: 21:11:13, time: 2.568, data_time: 0.000, memory: 5243, top1_acc: 0.9872, top5_acc: 0.9991, loss_cls: 0.0625, loss: 0.0625
2026-08-13 03:41:41,390 - pyskl - INFO - Epoch [12][1600/6265]	lr: 5.043e-03, eta: 21:06:58, time: 2.564, data_time: 0.000, memory: 5243, top1_acc: 0.9875, top5_acc: 0.9997, loss_cls: 0.0580, loss: 0.0580
2026-08-13 03:45:59,005 - pyskl - INFO - Epoch [12][1700/6265]	lr: 5.012e-03, eta: 21:02:43, time: 2.576, data_time: 0.000, memory: 5243, top1_acc: 0.9825, top5_acc: 1.0000, loss_cls: 0.0680, loss: 0.0680
2026-08-13 03:50:15,225 - pyskl - INFO - Epoch [12][1800/6265]	lr: 4.981e-03, eta: 20:58:27, time: 2.562, data_time: 0.000, memory: 5243, top1_acc: 0.9894, top5_acc: 1.0000, loss_cls: 0.0522, loss: 0.0522
2026-08-13 03:54:31,356 - pyskl - INFO - Epoch [12][1900/6265]	lr: 4.949e-03, eta: 20:54:12, time: 2.561, data_time: 0.000, memory: 5243, top1_acc: 0.9872, top5_acc: 1.0000, loss_cls: 0.0567, loss: 0.0567
2026-08-13 03:58:49,219 - pyskl - INFO - Epoch [12][2000/6265]	lr: 4.918e-03, eta: 20:49:57, time: 2.579, data_time: 0.000, memory: 5243, top1_acc: 0.9884, top5_acc: 0.9994, loss_cls: 0.0510, loss: 0.0510
2026-08-13 04:03:06,305 - pyskl - INFO - Epoch [12][2100/6265]	lr: 4.887e-03, eta: 20:45:42, time: 2.571, data_time: 0.000, memory: 5243, top1_acc: 0.9859, top5_acc: 0.9997, loss_cls: 0.0612, loss: 0.0612
2026-08-13 04:07:23,176 - pyskl - INFO - Epoch [12][2200/6265]	lr: 4.856e-03, eta: 20:41:26, time: 2.569, data_time: 0.000, memory: 5243, top1_acc: 0.9838, top5_acc: 1.0000, loss_cls: 0.0649, loss: 0.0649
2026-08-13 04:11:39,795 - pyskl - INFO - Epoch [12][2300/6265]	lr: 4.825e-03, eta: 20:37:11, time: 2.566, data_time: 0.000, memory: 5243, top1_acc: 0.9888, top5_acc: 0.9997, loss_cls: 0.0557, loss: 0.0557
2026-08-13 04:15:56,803 - pyskl - INFO - Epoch [12][2400/6265]	lr: 4.794e-03, eta: 20:32:56, time: 2.570, data_time: 0.000, memory: 5243, top1_acc: 0.9872, top5_acc: 0.9997, loss_cls: 0.0581, loss: 0.0581
2026-08-13 04:20:12,913 - pyskl - INFO - Epoch [12][2500/6265]	lr: 4.763e-03, eta: 20:28:40, time: 2.561, data_time: 0.000, memory: 5243, top1_acc: 0.9862, top5_acc: 1.0000, loss_cls: 0.0663, loss: 0.0663
2026-08-13 04:24:29,160 - pyskl - INFO - Epoch [12][2600/6265]	lr: 4.733e-03, eta: 20:24:25, time: 2.562, data_time: 0.000, memory: 5243, top1_acc: 0.9862, top5_acc: 0.9991, loss_cls: 0.0654, loss: 0.0654
2026-08-13 04:28:46,778 - pyskl - INFO - Epoch [12][2700/6265]	lr: 4.702e-03, eta: 20:20:10, time: 2.576, data_time: 0.000, memory: 5243, top1_acc: 0.9866, top5_acc: 0.9997, loss_cls: 0.0563, loss: 0.0563
2026-08-13 04:33:03,761 - pyskl - INFO - Epoch [12][2800/6265]	lr: 4.672e-03, eta: 20:15:54, time: 2.570, data_time: 0.000, memory: 5243, top1_acc: 0.9912, top5_acc: 0.9994, loss_cls: 0.0470, loss: 0.0470
2026-08-13 04:37:20,585 - pyskl - INFO - Epoch [12][2900/6265]	lr: 4.641e-03, eta: 20:11:39, time: 2.568, data_time: 0.000, memory: 5243, top1_acc: 0.9906, top5_acc: 0.9997, loss_cls: 0.0465, loss: 0.0465
2026-08-13 04:41:37,424 - pyskl - INFO - Epoch [12][3000/6265]	lr: 4.611e-03, eta: 20:07:24, time: 2.568, data_time: 0.000, memory: 5243, top1_acc: 0.9875, top5_acc: 0.9997, loss_cls: 0.0534, loss: 0.0534
2026-08-13 04:45:54,855 - pyskl - INFO - Epoch [12][3100/6265]	lr: 4.580e-03, eta: 20:03:08, time: 2.574, data_time: 0.000, memory: 5243, top1_acc: 0.9916, top5_acc: 1.0000, loss_cls: 0.0426, loss: 0.0426
2026-08-13 04:50:10,937 - pyskl - INFO - Epoch [12][3200/6265]	lr: 4.550e-03, eta: 19:58:53, time: 2.561, data_time: 0.000, memory: 5243, top1_acc: 0.9903, top5_acc: 0.9997, loss_cls: 0.0456, loss: 0.0456
2026-08-13 04:54:27,500 - pyskl - INFO - Epoch [12][3300/6265]	lr: 4.520e-03, eta: 19:54:37, time: 2.566, data_time: 0.000, memory: 5243, top1_acc: 0.9900, top5_acc: 1.0000, loss_cls: 0.0455, loss: 0.0455
2026-08-13 04:58:45,612 - pyskl - INFO - Epoch [12][3400/6265]	lr: 4.490e-03, eta: 19:50:23, time: 2.581, data_time: 0.000, memory: 5243, top1_acc: 0.9928, top5_acc: 0.9997, loss_cls: 0.0434, loss: 0.0434
2026-08-13 05:03:02,436 - pyskl - INFO - Epoch [12][3500/6265]	lr: 4.460e-03, eta: 19:46:07, time: 2.568, data_time: 0.000, memory: 5243, top1_acc: 0.9891, top5_acc: 1.0000, loss_cls: 0.0480, loss: 0.0480
2026-08-13 05:07:18,921 - pyskl - INFO - Epoch [12][3600/6265]	lr: 4.430e-03, eta: 19:41:52, time: 2.565, data_time: 0.000, memory: 5243, top1_acc: 0.9894, top5_acc: 1.0000, loss_cls: 0.0489, loss: 0.0489
2026-08-13 05:11:35,922 - pyskl - INFO - Epoch [12][3700/6265]	lr: 4.400e-03, eta: 19:37:36, time: 2.570, data_time: 0.000, memory: 5243, top1_acc: 0.9922, top5_acc: 0.9997, loss_cls: 0.0470, loss: 0.0470
2026-08-13 05:15:53,429 - pyskl - INFO - Epoch [12][3800/6265]	lr: 4.370e-03, eta: 19:33:21, time: 2.575, data_time: 0.000, memory: 5243, top1_acc: 0.9947, top5_acc: 1.0000, loss_cls: 0.0396, loss: 0.0396
2026-08-13 05:20:09,096 - pyskl - INFO - Epoch [12][3900/6265]	lr: 4.340e-03, eta: 19:29:05, time: 2.557, data_time: 0.000, memory: 5243, top1_acc: 0.9947, top5_acc: 1.0000, loss_cls: 0.0391, loss: 0.0391
2026-08-13 05:24:25,339 - pyskl - INFO - Epoch [12][4000/6265]	lr: 4.311e-03, eta: 19:24:50, time: 2.562, data_time: 0.000, memory: 5243, top1_acc: 0.9881, top5_acc: 1.0000, loss_cls: 0.0532, loss: 0.0532
2026-08-13 05:28:42,896 - pyskl - INFO - Epoch [12][4100/6265]	lr: 4.281e-03, eta: 19:20:35, time: 2.576, data_time: 0.000, memory: 5243, top1_acc: 0.9888, top5_acc: 0.9997, loss_cls: 0.0504, loss: 0.0504
2026-08-13 05:32:59,993 - pyskl - INFO - Epoch [12][4200/6265]	lr: 4.252e-03, eta: 19:16:19, time: 2.571, data_time: 0.000, memory: 5243, top1_acc: 0.9934, top5_acc: 1.0000, loss_cls: 0.0437, loss: 0.0437
2026-08-13 05:37:16,662 - pyskl - INFO - Epoch [12][4300/6265]	lr: 4.222e-03, eta: 19:12:04, time: 2.567, data_time: 0.000, memory: 5243, top1_acc: 0.9872, top5_acc: 0.9997, loss_cls: 0.0543, loss: 0.0543
2026-08-13 05:41:33,446 - pyskl - INFO - Epoch [12][4400/6265]	lr: 4.193e-03, eta: 19:07:49, time: 2.568, data_time: 0.000, memory: 5243, top1_acc: 0.9947, top5_acc: 1.0000, loss_cls: 0.0353, loss: 0.0353
2026-08-13 05:45:50,604 - pyskl - INFO - Epoch [12][4500/6265]	lr: 4.164e-03, eta: 19:03:33, time: 2.572, data_time: 0.000, memory: 5243, top1_acc: 0.9941, top5_acc: 1.0000, loss_cls: 0.0379, loss: 0.0379
2026-08-13 05:50:06,758 - pyskl - INFO - Epoch [12][4600/6265]	lr: 4.135e-03, eta: 18:59:18, time: 2.562, data_time: 0.000, memory: 5243, top1_acc: 0.9922, top5_acc: 1.0000, loss_cls: 0.0381, loss: 0.0381
2026-08-13 05:54:23,282 - pyskl - INFO - Epoch [12][4700/6265]	lr: 4.105e-03, eta: 18:55:02, time: 2.565, data_time: 0.000, memory: 5243, top1_acc: 0.9944, top5_acc: 1.0000, loss_cls: 0.0384, loss: 0.0384
2026-08-13 05:58:40,477 - pyskl - INFO - Epoch [12][4800/6265]	lr: 4.076e-03, eta: 18:50:47, time: 2.572, data_time: 0.000, memory: 5243, top1_acc: 0.9922, top5_acc: 1.0000, loss_cls: 0.0375, loss: 0.0375
2026-08-13 06:02:57,520 - pyskl - INFO - Epoch [12][4900/6265]	lr: 4.048e-03, eta: 18:46:32, time: 2.570, data_time: 0.000, memory: 5243, top1_acc: 0.9931, top5_acc: 1.0000, loss_cls: 0.0393, loss: 0.0393
2026-08-13 06:07:13,674 - pyskl - INFO - Epoch [12][5000/6265]	lr: 4.019e-03, eta: 18:42:16, time: 2.562, data_time: 0.000, memory: 5243, top1_acc: 0.9916, top5_acc: 1.0000, loss_cls: 0.0420, loss: 0.0420
2026-08-13 06:11:30,697 - pyskl - INFO - Epoch [12][5100/6265]	lr: 3.990e-03, eta: 18:38:01, time: 2.570, data_time: 0.000, memory: 5243, top1_acc: 0.9934, top5_acc: 0.9997, loss_cls: 0.0397, loss: 0.0397
2026-08-13 06:15:48,076 - pyskl - INFO - Epoch [12][5200/6265]	lr: 3.961e-03, eta: 18:33:45, time: 2.574, data_time: 0.000, memory: 5243, top1_acc: 0.9956, top5_acc: 1.0000, loss_cls: 0.0320, loss: 0.0320
2026-08-13 06:20:03,713 - pyskl - INFO - Epoch [12][5300/6265]	lr: 3.933e-03, eta: 18:29:29, time: 2.556, data_time: 0.000, memory: 5243, top1_acc: 0.9947, top5_acc: 1.0000, loss_cls: 0.0335, loss: 0.0335
2026-08-13 06:24:19,890 - pyskl - INFO - Epoch [12][5400/6265]	lr: 3.904e-03, eta: 18:25:14, time: 2.562, data_time: 0.000, memory: 5243, top1_acc: 0.9931, top5_acc: 1.0000, loss_cls: 0.0305, loss: 0.0305
2026-08-13 06:28:37,632 - pyskl - INFO - Epoch [12][5500/6265]	lr: 3.876e-03, eta: 18:20:59, time: 2.577, data_time: 0.000, memory: 5243, top1_acc: 0.9900, top5_acc: 1.0000, loss_cls: 0.0442, loss: 0.0442
2026-08-13 06:32:54,339 - pyskl - INFO - Epoch [12][5600/6265]	lr: 3.848e-03, eta: 18:16:43, time: 2.567, data_time: 0.000, memory: 5243, top1_acc: 0.9959, top5_acc: 0.9997, loss_cls: 0.0322, loss: 0.0322
2026-08-13 06:37:11,054 - pyskl - INFO - Epoch [12][5700/6265]	lr: 3.819e-03, eta: 18:12:28, time: 2.567, data_time: 0.000, memory: 5243, top1_acc: 0.9938, top5_acc: 1.0000, loss_cls: 0.0333, loss: 0.0333
2026-08-13 06:41:27,888 - pyskl - INFO - Epoch [12][5800/6265]	lr: 3.791e-03, eta: 18:08:12, time: 2.568, data_time: 0.000, memory: 5243, top1_acc: 0.9950, top5_acc: 1.0000, loss_cls: 0.0334, loss: 0.0334
2026-08-13 06:45:45,382 - pyskl - INFO - Epoch [12][5900/6265]	lr: 3.763e-03, eta: 18:03:57, time: 2.575, data_time: 0.000, memory: 5243, top1_acc: 0.9931, top5_acc: 1.0000, loss_cls: 0.0345, loss: 0.0345
2026-08-13 06:50:01,814 - pyskl - INFO - Epoch [12][6000/6265]	lr: 3.735e-03, eta: 17:59:41, time: 2.564, data_time: 0.000, memory: 5243, top1_acc: 0.9953, top5_acc: 1.0000, loss_cls: 0.0352, loss: 0.0352
2026-08-13 06:54:18,228 - pyskl - INFO - Epoch [12][6100/6265]	lr: 3.707e-03, eta: 17:55:26, time: 2.564, data_time: 0.000, memory: 5243, top1_acc: 0.9972, top5_acc: 1.0000, loss_cls: 0.0288, loss: 0.0288
2026-08-13 06:58:36,108 - pyskl - INFO - Epoch [12][6200/6265]	lr: 3.679e-03, eta: 17:51:11, time: 2.579, data_time: 0.000, memory: 5243, top1_acc: 0.9962, top5_acc: 1.0000, loss_cls: 0.0250, loss: 0.0250
2026-08-13 07:01:21,197 - pyskl - INFO - Saving checkpoint at 12 epochs
2026-08-13 07:22:13,240 - pyskl - INFO - Evaluating top_k_accuracy ...
2026-08-13 07:22:13,280 - pyskl - INFO - 
top1_acc	0.8857
top5_acc	0.9769
2026-08-13 07:22:13,281 - pyskl - INFO - The previous best checkpoint D:\YxjProject\pythonProject\pyskl\work_dirs\stgcn++\ntu60_xsub_3dkp\j_single_gpu\best_top1_acc_epoch_11.pth was removed
2026-08-13 07:22:13,361 - pyskl - INFO - Now best checkpoint is saved as best_top1_acc_epoch_12.pth.
2026-08-13 07:22:13,361 - pyskl - INFO - Best top1_acc is 0.8857 at 12 epoch.
2026-08-13 07:22:13,361 - pyskl - INFO - Epoch(val) [12][516]	top1_acc: 0.8857, top5_acc: 0.9769
2026-08-13 07:26:36,748 - pyskl - INFO - Epoch [13][100/6265]	lr: 3.634e-03, eta: 17:43:16, time: 2.634, data_time: 0.069, memory: 5243, top1_acc: 0.9962, top5_acc: 1.0000, loss_cls: 0.0259, loss: 0.0259
2026-08-13 07:30:53,598 - pyskl - INFO - Epoch [13][200/6265]	lr: 3.606e-03, eta: 17:39:01, time: 2.569, data_time: 0.000, memory: 5243, top1_acc: 0.9981, top5_acc: 1.0000, loss_cls: 0.0205, loss: 0.0205
2026-08-13 07:35:11,186 - pyskl - INFO - Epoch [13][300/6265]	lr: 3.579e-03, eta: 17:34:46, time: 2.576, data_time: 0.000, memory: 5243, top1_acc: 0.9972, top5_acc: 1.0000, loss_cls: 0.0222, loss: 0.0222
2026-08-13 07:39:28,867 - pyskl - INFO - Epoch [13][400/6265]	lr: 3.551e-03, eta: 17:30:31, time: 2.577, data_time: 0.000, memory: 5243, top1_acc: 0.9975, top5_acc: 1.0000, loss_cls: 0.0243, loss: 0.0243
2026-08-13 07:43:44,994 - pyskl - INFO - Epoch [13][500/6265]	lr: 3.524e-03, eta: 17:26:16, time: 2.561, data_time: 0.000, memory: 5243, top1_acc: 0.9972, top5_acc: 1.0000, loss_cls: 0.0217, loss: 0.0217
2026-08-13 07:48:01,191 - pyskl - INFO - Epoch [13][600/6265]	lr: 3.497e-03, eta: 17:22:00, time: 2.562, data_time: 0.000, memory: 5243, top1_acc: 0.9978, top5_acc: 1.0000, loss_cls: 0.0243, loss: 0.0243
2026-08-13 07:52:18,668 - pyskl - INFO - Epoch [13][700/6265]	lr: 3.470e-03, eta: 17:17:45, time: 2.575, data_time: 0.000, memory: 5243, top1_acc: 0.9972, top5_acc: 1.0000, loss_cls: 0.0246, loss: 0.0246
2026-08-13 07:56:34,832 - pyskl - INFO - Epoch [13][800/6265]	lr: 3.443e-03, eta: 17:13:30, time: 2.562, data_time: 0.000, memory: 5243, top1_acc: 0.9975, top5_acc: 1.0000, loss_cls: 0.0233, loss: 0.0233
2026-08-13 08:00:51,218 - pyskl - INFO - Epoch [13][900/6265]	lr: 3.416e-03, eta: 17:09:14, time: 2.564, data_time: 0.000, memory: 5243, top1_acc: 0.9972, top5_acc: 1.0000, loss_cls: 0.0230, loss: 0.0230
2026-08-13 08:05:08,344 - pyskl - INFO - Epoch [13][1000/6265]	lr: 3.389e-03, eta: 17:04:59, time: 2.571, data_time: 0.000, memory: 5243, top1_acc: 0.9978, top5_acc: 1.0000, loss_cls: 0.0240, loss: 0.0240
2026-08-13 08:09:25,479 - pyskl - INFO - Epoch [13][1100/6265]	lr: 3.362e-03, eta: 17:00:44, time: 2.571, data_time: 0.000, memory: 5243, top1_acc: 0.9959, top5_acc: 0.9997, loss_cls: 0.0266, loss: 0.0266
2026-08-13 08:13:41,695 - pyskl - INFO - Epoch [13][1200/6265]	lr: 3.335e-03, eta: 16:56:29, time: 2.562, data_time: 0.000, memory: 5243, top1_acc: 0.9981, top5_acc: 1.0000, loss_cls: 0.0206, loss: 0.0206
2026-08-13 08:17:58,226 - pyskl - INFO - Epoch [13][1300/6265]	lr: 3.309e-03, eta: 16:52:13, time: 2.565, data_time: 0.000, memory: 5243, top1_acc: 0.9972, top5_acc: 1.0000, loss_cls: 0.0238, loss: 0.0238
2026-08-13 08:22:15,949 - pyskl - INFO - Epoch [13][1400/6265]	lr: 3.282e-03, eta: 16:47:58, time: 2.577, data_time: 0.000, memory: 5243, top1_acc: 0.9972, top5_acc: 1.0000, loss_cls: 0.0240, loss: 0.0240
2026-08-13 08:26:32,194 - pyskl - INFO - Epoch [13][1500/6265]	lr: 3.256e-03, eta: 16:43:43, time: 2.562, data_time: 0.000, memory: 5243, top1_acc: 0.9962, top5_acc: 1.0000, loss_cls: 0.0251, loss: 0.0251
2026-08-13 08:30:48,663 - pyskl - INFO - Epoch [13][1600/6265]	lr: 3.229e-03, eta: 16:39:28, time: 2.565, data_time: 0.000, memory: 5243, top1_acc: 0.9981, top5_acc: 1.0000, loss_cls: 0.0197, loss: 0.0197
2026-08-13 08:35:05,411 - pyskl - INFO - Epoch [13][1700/6265]	lr: 3.203e-03, eta: 16:35:12, time: 2.567, data_time: 0.000, memory: 5243, top1_acc: 0.9969, top5_acc: 1.0000, loss_cls: 0.0212, loss: 0.0212
2026-08-13 08:39:23,189 - pyskl - INFO - Epoch [13][1800/6265]	lr: 3.177e-03, eta: 16:30:57, time: 2.578, data_time: 0.000, memory: 5243, top1_acc: 0.9972, top5_acc: 1.0000, loss_cls: 0.0252, loss: 0.0252
2026-08-13 08:43:39,472 - pyskl - INFO - Epoch [13][1900/6265]	lr: 3.151e-03, eta: 16:26:42, time: 2.563, data_time: 0.000, memory: 5243, top1_acc: 0.9959, top5_acc: 1.0000, loss_cls: 0.0230, loss: 0.0230
2026-08-13 08:47:55,825 - pyskl - INFO - Epoch [13][2000/6265]	lr: 3.125e-03, eta: 16:22:27, time: 2.564, data_time: 0.000, memory: 5243, top1_acc: 0.9962, top5_acc: 1.0000, loss_cls: 0.0234, loss: 0.0234
2026-08-13 08:52:12,927 - pyskl - INFO - Epoch [13][2100/6265]	lr: 3.099e-03, eta: 16:18:11, time: 2.571, data_time: 0.000, memory: 5243, top1_acc: 0.9981, top5_acc: 1.0000, loss_cls: 0.0238, loss: 0.0238
2026-08-13 08:56:28,910 - pyskl - INFO - Epoch [13][2200/6265]	lr: 3.073e-03, eta: 16:13:56, time: 2.560, data_time: 0.000, memory: 5243, top1_acc: 0.9975, top5_acc: 1.0000, loss_cls: 0.0222, loss: 0.0222
2026-08-13 09:00:45,445 - pyskl - INFO - Epoch [13][2300/6265]	lr: 3.048e-03, eta: 16:09:40, time: 2.565, data_time: 0.000, memory: 5243, top1_acc: 0.9972, top5_acc: 1.0000, loss_cls: 0.0227, loss: 0.0227
2026-08-13 09:05:03,166 - pyskl - INFO - Epoch [13][2400/6265]	lr: 3.022e-03, eta: 16:05:25, time: 2.577, data_time: 0.000, memory: 5243, top1_acc: 0.9978, top5_acc: 1.0000, loss_cls: 0.0215, loss: 0.0215
2026-08-13 09:09:20,559 - pyskl - INFO - Epoch [13][2500/6265]	lr: 2.997e-03, eta: 16:01:10, time: 2.574, data_time: 0.000, memory: 5243, top1_acc: 0.9988, top5_acc: 1.0000, loss_cls: 0.0186, loss: 0.0186
2026-08-13 09:13:37,185 - pyskl - INFO - Epoch [13][2600/6265]	lr: 2.971e-03, eta: 15:56:55, time: 2.566, data_time: 0.000, memory: 5243, top1_acc: 0.9972, top5_acc: 1.0000, loss_cls: 0.0221, loss: 0.0221
2026-08-13 09:17:53,581 - pyskl - INFO - Epoch [13][2700/6265]	lr: 2.946e-03, eta: 15:52:40, time: 2.564, data_time: 0.000, memory: 5243, top1_acc: 0.9972, top5_acc: 1.0000, loss_cls: 0.0218, loss: 0.0218
2026-08-13 09:22:11,272 - pyskl - INFO - Epoch [13][2800/6265]	lr: 2.921e-03, eta: 15:48:25, time: 2.577, data_time: 0.000, memory: 5243, top1_acc: 0.9981, top5_acc: 1.0000, loss_cls: 0.0175, loss: 0.0175
2026-08-13 09:26:27,653 - pyskl - INFO - Epoch [13][2900/6265]	lr: 2.896e-03, eta: 15:44:09, time: 2.564, data_time: 0.000, memory: 5243, top1_acc: 0.9959, top5_acc: 1.0000, loss_cls: 0.0257, loss: 0.0257
2026-08-13 09:30:44,027 - pyskl - INFO - Epoch [13][3000/6265]	lr: 2.871e-03, eta: 15:39:54, time: 2.564, data_time: 0.000, memory: 5243, top1_acc: 0.9991, top5_acc: 1.0000, loss_cls: 0.0186, loss: 0.0186
2026-08-13 09:35:01,380 - pyskl - INFO - Epoch [13][3100/6265]	lr: 2.846e-03, eta: 15:35:39, time: 2.574, data_time: 0.000, memory: 5243, top1_acc: 0.9975, top5_acc: 1.0000, loss_cls: 0.0190, loss: 0.0190
2026-08-13 09:39:18,396 - pyskl - INFO - Epoch [13][3200/6265]	lr: 2.821e-03, eta: 15:31:23, time: 2.570, data_time: 0.000, memory: 5243, top1_acc: 0.9988, top5_acc: 1.0000, loss_cls: 0.0165, loss: 0.0165
2026-08-13 09:43:34,598 - pyskl - INFO - Epoch [13][3300/6265]	lr: 2.796e-03, eta: 15:27:08, time: 2.562, data_time: 0.000, memory: 5243, top1_acc: 0.9991, top5_acc: 1.0000, loss_cls: 0.0158, loss: 0.0158
2026-08-13 09:47:51,315 - pyskl - INFO - Epoch [13][3400/6265]	lr: 2.771e-03, eta: 15:22:52, time: 2.567, data_time: 0.000, memory: 5243, top1_acc: 0.9981, top5_acc: 1.0000, loss_cls: 0.0190, loss: 0.0190
2026-08-13 09:52:09,408 - pyskl - INFO - Epoch [13][3500/6265]	lr: 2.747e-03, eta: 15:18:37, time: 2.581, data_time: 0.000, memory: 5243, top1_acc: 0.9988, top5_acc: 1.0000, loss_cls: 0.0168, loss: 0.0168
2026-08-13 09:56:25,596 - pyskl - INFO - Epoch [13][3600/6265]	lr: 2.722e-03, eta: 15:14:22, time: 2.562, data_time: 0.000, memory: 5243, top1_acc: 0.9978, top5_acc: 1.0000, loss_cls: 0.0189, loss: 0.0189
2026-08-13 10:00:42,074 - pyskl - INFO - Epoch [13][3700/6265]	lr: 2.698e-03, eta: 15:10:07, time: 2.565, data_time: 0.000, memory: 5243, top1_acc: 0.9984, top5_acc: 1.0000, loss_cls: 0.0176, loss: 0.0176
2026-08-13 10:04:59,649 - pyskl - INFO - Epoch [13][3800/6265]	lr: 2.674e-03, eta: 15:05:51, time: 2.576, data_time: 0.000, memory: 5243, top1_acc: 0.9997, top5_acc: 1.0000, loss_cls: 0.0138, loss: 0.0138
2026-08-13 10:09:17,063 - pyskl - INFO - Epoch [13][3900/6265]	lr: 2.650e-03, eta: 15:01:36, time: 2.574, data_time: 0.000, memory: 5243, top1_acc: 0.9988, top5_acc: 1.0000, loss_cls: 0.0159, loss: 0.0159
2026-08-13 10:13:33,300 - pyskl - INFO - Epoch [13][4000/6265]	lr: 2.626e-03, eta: 14:57:21, time: 2.562, data_time: 0.000, memory: 5243, top1_acc: 0.9994, top5_acc: 1.0000, loss_cls: 0.0150, loss: 0.0150
2026-08-13 10:17:49,935 - pyskl - INFO - Epoch [13][4100/6265]	lr: 2.602e-03, eta: 14:53:05, time: 2.566, data_time: 0.000, memory: 5243, top1_acc: 0.9984, top5_acc: 1.0000, loss_cls: 0.0174, loss: 0.0174
2026-08-13 10:22:07,815 - pyskl - INFO - Epoch [13][4200/6265]	lr: 2.578e-03, eta: 14:48:50, time: 2.579, data_time: 0.000, memory: 5243, top1_acc: 0.9981, top5_acc: 1.0000, loss_cls: 0.0192, loss: 0.0192
2026-08-13 10:26:23,840 - pyskl - INFO - Epoch [13][4300/6265]	lr: 2.554e-03, eta: 14:44:35, time: 2.560, data_time: 0.000, memory: 5243, top1_acc: 0.9997, top5_acc: 1.0000, loss_cls: 0.0162, loss: 0.0162
2026-08-13 10:30:40,297 - pyskl - INFO - Epoch [13][4400/6265]	lr: 2.530e-03, eta: 14:40:19, time: 2.565, data_time: 0.000, memory: 5243, top1_acc: 0.9994, top5_acc: 1.0000, loss_cls: 0.0161, loss: 0.0161
2026-08-13 10:34:57,481 - pyskl - INFO - Epoch [13][4500/6265]	lr: 2.507e-03, eta: 14:36:04, time: 2.572, data_time: 0.000, memory: 5243, top1_acc: 0.9988, top5_acc: 1.0000, loss_cls: 0.0177, loss: 0.0177
2026-08-13 10:39:14,552 - pyskl - INFO - Epoch [13][4600/6265]	lr: 2.483e-03, eta: 14:31:49, time: 2.571, data_time: 0.000, memory: 5243, top1_acc: 0.9975, top5_acc: 1.0000, loss_cls: 0.0167, loss: 0.0167
2026-08-13 10:43:31,320 - pyskl - INFO - Epoch [13][4700/6265]	lr: 2.460e-03, eta: 14:27:33, time: 2.568, data_time: 0.000, memory: 5243, top1_acc: 0.9975, top5_acc: 1.0000, loss_cls: 0.0189, loss: 0.0189
2026-08-13 10:47:48,218 - pyskl - INFO - Epoch [13][4800/6265]	lr: 2.437e-03, eta: 14:23:18, time: 2.569, data_time: 0.000, memory: 5243, top1_acc: 0.9991, top5_acc: 1.0000, loss_cls: 0.0166, loss: 0.0166
2026-08-13 10:52:06,237 - pyskl - INFO - Epoch [13][4900/6265]	lr: 2.413e-03, eta: 14:19:03, time: 2.580, data_time: 0.000, memory: 5243, top1_acc: 0.9991, top5_acc: 1.0000, loss_cls: 0.0154, loss: 0.0154
2026-08-13 10:56:23,963 - pyskl - INFO - Epoch [13][5000/6265]	lr: 2.390e-03, eta: 14:14:48, time: 2.577, data_time: 0.000, memory: 5243, top1_acc: 0.9991, top5_acc: 1.0000, loss_cls: 0.0156, loss: 0.0156
2026-08-13 11:00:40,199 - pyskl - INFO - Epoch [13][5100/6265]	lr: 2.367e-03, eta: 14:10:32, time: 2.562, data_time: 0.000, memory: 5243, top1_acc: 0.9988, top5_acc: 1.0000, loss_cls: 0.0153, loss: 0.0153
2026-08-13 11:04:57,679 - pyskl - INFO - Epoch [13][5200/6265]	lr: 2.344e-03, eta: 14:06:17, time: 2.575, data_time: 0.000, memory: 5243, top1_acc: 0.9984, top5_acc: 1.0000, loss_cls: 0.0162, loss: 0.0162
2026-08-13 11:09:14,782 - pyskl - INFO - Epoch [13][5300/6265]	lr: 2.322e-03, eta: 14:02:02, time: 2.571, data_time: 0.000, memory: 5243, top1_acc: 0.9991, top5_acc: 1.0000, loss_cls: 0.0150, loss: 0.0150
2026-08-13 11:13:31,668 - pyskl - INFO - Epoch [13][5400/6265]	lr: 2.299e-03, eta: 13:57:46, time: 2.569, data_time: 0.000, memory: 5243, top1_acc: 1.0000, top5_acc: 1.0000, loss_cls: 0.0130, loss: 0.0130
2026-08-13 11:17:47,744 - pyskl - INFO - Epoch [13][5500/6265]	lr: 2.276e-03, eta: 13:53:31, time: 2.561, data_time: 0.000, memory: 5243, top1_acc: 0.9994, top5_acc: 1.0000, loss_cls: 0.0140, loss: 0.0140
2026-08-13 11:22:05,238 - pyskl - INFO - Epoch [13][5600/6265]	lr: 2.254e-03, eta: 13:49:15, time: 2.575, data_time: 0.000, memory: 5243, top1_acc: 1.0000, top5_acc: 1.0000, loss_cls: 0.0132, loss: 0.0132
2026-08-13 11:26:21,286 - pyskl - INFO - Epoch [13][5700/6265]	lr: 2.231e-03, eta: 13:45:00, time: 2.560, data_time: 0.000, memory: 5243, top1_acc: 1.0000, top5_acc: 1.0000, loss_cls: 0.0110, loss: 0.0110
2026-08-13 11:30:37,238 - pyskl - INFO - Epoch [13][5800/6265]	lr: 2.209e-03, eta: 13:40:44, time: 2.560, data_time: 0.000, memory: 5243, top1_acc: 1.0000, top5_acc: 1.0000, loss_cls: 0.0118, loss: 0.0118
2026-08-13 11:34:54,856 - pyskl - INFO - Epoch [13][5900/6265]	lr: 2.187e-03, eta: 13:36:29, time: 2.576, data_time: 0.000, memory: 5243, top1_acc: 0.9997, top5_acc: 1.0000, loss_cls: 0.0129, loss: 0.0129
2026-08-13 11:39:12,285 - pyskl - INFO - Epoch [13][6000/6265]	lr: 2.165e-03, eta: 13:32:14, time: 2.574, data_time: 0.000, memory: 5243, top1_acc: 0.9997, top5_acc: 1.0000, loss_cls: 0.0134, loss: 0.0134
2026-08-13 11:43:33,572 - pyskl - INFO - Epoch [13][6100/6265]	lr: 2.143e-03, eta: 13:27:59, time: 2.613, data_time: 0.000, memory: 5243, top1_acc: 0.9994, top5_acc: 1.0000, loss_cls: 0.0129, loss: 0.0129
2026-08-13 11:47:54,744 - pyskl - INFO - Epoch [13][6200/6265]	lr: 2.121e-03, eta: 13:23:45, time: 2.612, data_time: 0.000, memory: 5243, top1_acc: 0.9991, top5_acc: 1.0000, loss_cls: 0.0124, loss: 0.0124
2026-08-13 11:50:42,408 - pyskl - INFO - Saving checkpoint at 13 epochs
2026-08-13 12:12:25,347 - pyskl - INFO - Evaluating top_k_accuracy ...
2026-08-13 12:12:25,387 - pyskl - INFO - 
top1_acc	0.8905
top5_acc	0.9786
2026-08-13 12:12:25,389 - pyskl - INFO - The previous best checkpoint D:\YxjProject\pythonProject\pyskl\work_dirs\stgcn++\ntu60_xsub_3dkp\j_single_gpu\best_top1_acc_epoch_12.pth was removed
2026-08-13 12:12:25,463 - pyskl - INFO - Now best checkpoint is saved as best_top1_acc_epoch_13.pth.
2026-08-13 12:12:25,463 - pyskl - INFO - Best top1_acc is 0.8905 at 13 epoch.
2026-08-13 12:12:25,464 - pyskl - INFO - Epoch(val) [13][516]	top1_acc: 0.8905, top5_acc: 0.9786
2026-08-13 12:16:54,409 - pyskl - INFO - Epoch [14][100/6265]	lr: 2.085e-03, eta: 13:16:08, time: 2.689, data_time: 0.070, memory: 5243, top1_acc: 0.9997, top5_acc: 1.0000, loss_cls: 0.0125, loss: 0.0125
2026-08-13 12:21:16,116 - pyskl - INFO - Epoch [14][200/6265]	lr: 2.064e-03, eta: 13:11:54, time: 2.617, data_time: 0.000, memory: 5243, top1_acc: 1.0000, top5_acc: 1.0000, loss_cls: 0.0114, loss: 0.0114
2026-08-13 12:25:37,715 - pyskl - INFO - Epoch [14][300/6265]	lr: 2.042e-03, eta: 13:07:40, time: 2.616, data_time: 0.000, memory: 5243, top1_acc: 0.9997, top5_acc: 1.0000, loss_cls: 0.0112, loss: 0.0112
2026-08-13 12:29:58,625 - pyskl - INFO - Epoch [14][400/6265]	lr: 2.021e-03, eta: 13:03:25, time: 2.609, data_time: 0.000, memory: 5243, top1_acc: 0.9997, top5_acc: 1.0000, loss_cls: 0.0114, loss: 0.0114
2026-08-13 12:34:20,491 - pyskl - INFO - Epoch [14][500/6265]	lr: 1.999e-03, eta: 12:59:11, time: 2.619, data_time: 0.000, memory: 5243, top1_acc: 0.9997, top5_acc: 1.0000, loss_cls: 0.0114, loss: 0.0114
2026-08-13 12:38:41,499 - pyskl - INFO - Epoch [14][600/6265]	lr: 1.978e-03, eta: 12:54:57, time: 2.610, data_time: 0.000, memory: 5243, top1_acc: 1.0000, top5_acc: 1.0000, loss_cls: 0.0110, loss: 0.0110
2026-08-13 12:43:02,585 - pyskl - INFO - Epoch [14][700/6265]	lr: 1.957e-03, eta: 12:50:42, time: 2.611, data_time: 0.000, memory: 5243, top1_acc: 0.9997, top5_acc: 1.0000, loss_cls: 0.0120, loss: 0.0120
2026-08-13 12:47:23,941 - pyskl - INFO - Epoch [14][800/6265]	lr: 1.936e-03, eta: 12:46:28, time: 2.614, data_time: 0.000, memory: 5243, top1_acc: 0.9997, top5_acc: 1.0000, loss_cls: 0.0111, loss: 0.0111
2026-08-13 12:51:45,237 - pyskl - INFO - Epoch [14][900/6265]	lr: 1.915e-03, eta: 12:42:14, time: 2.613, data_time: 0.000, memory: 5243, top1_acc: 0.9991, top5_acc: 1.0000, loss_cls: 0.0129, loss: 0.0129
2026-08-13 12:56:06,158 - pyskl - INFO - Epoch [14][1000/6265]	lr: 1.894e-03, eta: 12:37:59, time: 2.609, data_time: 0.000, memory: 5243, top1_acc: 1.0000, top5_acc: 1.0000, loss_cls: 0.0104, loss: 0.0104
2026-08-13 13:00:27,136 - pyskl - INFO - Epoch [14][1100/6265]	lr: 1.874e-03, eta: 12:33:45, time: 2.610, data_time: 0.000, memory: 5243, top1_acc: 0.9997, top5_acc: 1.0000, loss_cls: 0.0119, loss: 0.0119
2026-08-13 13:04:49,045 - pyskl - INFO - Epoch [14][1200/6265]	lr: 1.853e-03, eta: 12:29:31, time: 2.619, data_time: 0.000, memory: 5243, top1_acc: 1.0000, top5_acc: 1.0000, loss_cls: 0.0111, loss: 0.0111
2026-08-13 13:09:09,957 - pyskl - INFO - Epoch [14][1300/6265]	lr: 1.833e-03, eta: 12:25:16, time: 2.609, data_time: 0.000, memory: 5243, top1_acc: 0.9988, top5_acc: 1.0000, loss_cls: 0.0129, loss: 0.0129
2026-08-13 13:13:31,134 - pyskl - INFO - Epoch [14][1400/6265]	lr: 1.812e-03, eta: 12:21:02, time: 2.612, data_time: 0.000, memory: 5243, top1_acc: 0.9997, top5_acc: 1.0000, loss_cls: 0.0121, loss: 0.0121
2026-08-13 13:17:52,339 - pyskl - INFO - Epoch [14][1500/6265]	lr: 1.792e-03, eta: 12:16:47, time: 2.612, data_time: 0.000, memory: 5243, top1_acc: 1.0000, top5_acc: 1.0000, loss_cls: 0.0105, loss: 0.0105
2026-08-13 13:22:13,819 - pyskl - INFO - Epoch [14][1600/6265]	lr: 1.772e-03, eta: 12:12:33, time: 2.615, data_time: 0.000, memory: 5243, top1_acc: 0.9997, top5_acc: 1.0000, loss_cls: 0.0122, loss: 0.0122
2026-08-13 13:26:34,249 - pyskl - INFO - Epoch [14][1700/6265]	lr: 1.752e-03, eta: 12:08:18, time: 2.604, data_time: 0.000, memory: 5243, top1_acc: 0.9994, top5_acc: 1.0000, loss_cls: 0.0131, loss: 0.0131
2026-08-13 13:30:55,918 - pyskl - INFO - Epoch [14][1800/6265]	lr: 1.732e-03, eta: 12:04:04, time: 2.617, data_time: 0.000, memory: 5243, top1_acc: 1.0000, top5_acc: 1.0000, loss_cls: 0.0117, loss: 0.0117
2026-08-13 13:35:18,388 - pyskl - INFO - Epoch [14][1900/6265]	lr: 1.712e-03, eta: 11:59:50, time: 2.625, data_time: 0.000, memory: 5243, top1_acc: 0.9997, top5_acc: 1.0000, loss_cls: 0.0114, loss: 0.0114
2026-08-13 13:39:39,384 - pyskl - INFO - Epoch [14][2000/6265]	lr: 1.692e-03, eta: 11:55:35, time: 2.610, data_time: 0.000, memory: 5243, top1_acc: 0.9997, top5_acc: 1.0000, loss_cls: 0.0126, loss: 0.0126
2026-08-13 13:43:59,822 - pyskl - INFO - Epoch [14][2100/6265]	lr: 1.673e-03, eta: 11:51:21, time: 2.604, data_time: 0.000, memory: 5243, top1_acc: 1.0000, top5_acc: 1.0000, loss_cls: 0.0102, loss: 0.0102
2026-08-13 13:48:21,453 - pyskl - INFO - Epoch [14][2200/6265]	lr: 1.653e-03, eta: 11:47:06, time: 2.616, data_time: 0.000, memory: 5243, top1_acc: 0.9984, top5_acc: 1.0000, loss_cls: 0.0136, loss: 0.0136
2026-08-13 13:52:43,330 - pyskl - INFO - Epoch [14][2300/6265]	lr: 1.634e-03, eta: 11:42:52, time: 2.619, data_time: 0.000, memory: 5243, top1_acc: 1.0000, top5_acc: 1.0000, loss_cls: 0.0099, loss: 0.0099
2026-08-13 13:57:04,308 - pyskl - INFO - Epoch [14][2400/6265]	lr: 1.614e-03, eta: 11:38:37, time: 2.610, data_time: 0.000, memory: 5243, top1_acc: 1.0000, top5_acc: 1.0000, loss_cls: 0.0111, loss: 0.0111
2026-08-13 14:01:25,547 - pyskl - INFO - Epoch [14][2500/6265]	lr: 1.595e-03, eta: 11:34:22, time: 2.612, data_time: 0.000, memory: 5243, top1_acc: 1.0000, top5_acc: 1.0000, loss_cls: 0.0112, loss: 0.0112
2026-08-13 14:05:47,424 - pyskl - INFO - Epoch [14][2600/6265]	lr: 1.576e-03, eta: 11:30:08, time: 2.619, data_time: 0.000, memory: 5243, top1_acc: 0.9997, top5_acc: 1.0000, loss_cls: 0.0114, loss: 0.0114
2026-08-13 14:10:09,616 - pyskl - INFO - Epoch [14][2700/6265]	lr: 1.557e-03, eta: 11:25:54, time: 2.622, data_time: 0.000, memory: 5243, top1_acc: 0.9994, top5_acc: 1.0000, loss_cls: 0.0113, loss: 0.0113
2026-08-13 14:14:30,130 - pyskl - INFO - Epoch [14][2800/6265]	lr: 1.538e-03, eta: 11:21:39, time: 2.605, data_time: 0.000, memory: 5243, top1_acc: 0.9997, top5_acc: 1.0000, loss_cls: 0.0118, loss: 0.0118
2026-08-13 14:18:51,588 - pyskl - INFO - Epoch [14][2900/6265]	lr: 1.519e-03, eta: 11:17:24, time: 2.615, data_time: 0.000, memory: 5243, top1_acc: 0.9988, top5_acc: 1.0000, loss_cls: 0.0130, loss: 0.0130
2026-08-13 14:23:13,386 - pyskl - INFO - Epoch [14][3000/6265]	lr: 1.501e-03, eta: 11:13:10, time: 2.618, data_time: 0.000, memory: 5243, top1_acc: 0.9997, top5_acc: 1.0000, loss_cls: 0.0114, loss: 0.0114
2026-08-13 14:27:35,203 - pyskl - INFO - Epoch [14][3100/6265]	lr: 1.482e-03, eta: 11:08:55, time: 2.618, data_time: 0.000, memory: 5243, top1_acc: 0.9994, top5_acc: 1.0000, loss_cls: 0.0114, loss: 0.0114
2026-08-13 14:31:55,702 - pyskl - INFO - Epoch [14][3200/6265]	lr: 1.464e-03, eta: 11:04:40, time: 2.605, data_time: 0.000, memory: 5243, top1_acc: 1.0000, top5_acc: 1.0000, loss_cls: 0.0124, loss: 0.0124
2026-08-13 14:36:16,919 - pyskl - INFO - Epoch [14][3300/6265]	lr: 1.445e-03, eta: 11:00:25, time: 2.612, data_time: 0.000, memory: 5243, top1_acc: 1.0000, top5_acc: 1.0000, loss_cls: 0.0103, loss: 0.0103
2026-08-13 14:40:37,738 - pyskl - INFO - Epoch [14][3400/6265]	lr: 1.427e-03, eta: 10:56:11, time: 2.608, data_time: 0.000, memory: 5243, top1_acc: 0.9991, top5_acc: 1.0000, loss_cls: 0.0115, loss: 0.0115
2026-08-13 14:44:58,882 - pyskl - INFO - Epoch [14][3500/6265]	lr: 1.409e-03, eta: 10:51:56, time: 2.611, data_time: 0.000, memory: 5243, top1_acc: 0.9997, top5_acc: 1.0000, loss_cls: 0.0108, loss: 0.0108
2026-08-13 14:49:20,166 - pyskl - INFO - Epoch [14][3600/6265]	lr: 1.391e-03, eta: 10:47:41, time: 2.613, data_time: 0.000, memory: 5243, top1_acc: 0.9991, top5_acc: 1.0000, loss_cls: 0.0115, loss: 0.0115
2026-08-13 14:53:40,740 - pyskl - INFO - Epoch [14][3700/6265]	lr: 1.373e-03, eta: 10:43:26, time: 2.606, data_time: 0.000, memory: 5243, top1_acc: 1.0000, top5_acc: 1.0000, loss_cls: 0.0102, loss: 0.0102
2026-08-13 14:58:02,290 - pyskl - INFO - Epoch [14][3800/6265]	lr: 1.355e-03, eta: 10:39:11, time: 2.615, data_time: 0.000, memory: 5243, top1_acc: 1.0000, top5_acc: 1.0000, loss_cls: 0.0104, loss: 0.0104
2026-08-13 15:02:23,358 - pyskl - INFO - Epoch [14][3900/6265]	lr: 1.338e-03, eta: 10:34:57, time: 2.611, data_time: 0.000, memory: 5243, top1_acc: 1.0000, top5_acc: 1.0000, loss_cls: 0.0109, loss: 0.0109
2026-08-13 15:06:44,377 - pyskl - INFO - Epoch [14][4000/6265]	lr: 1.320e-03, eta: 10:30:42, time: 2.610, data_time: 0.000, memory: 5243, top1_acc: 0.9997, top5_acc: 1.0000, loss_cls: 0.0122, loss: 0.0122
2026-08-13 15:11:04,712 - pyskl - INFO - Epoch [14][4100/6265]	lr: 1.303e-03, eta: 10:26:27, time: 2.603, data_time: 0.000, memory: 5243, top1_acc: 0.9997, top5_acc: 1.0000, loss_cls: 0.0106, loss: 0.0106
2026-08-13 15:15:26,433 - pyskl - INFO - Epoch [14][4200/6265]	lr: 1.285e-03, eta: 10:22:12, time: 2.617, data_time: 0.000, memory: 5243, top1_acc: 0.9994, top5_acc: 1.0000, loss_cls: 0.0110, loss: 0.0110
2026-08-13 15:19:47,846 - pyskl - INFO - Epoch [14][4300/6265]	lr: 1.268e-03, eta: 10:17:57, time: 2.614, data_time: 0.000, memory: 5243, top1_acc: 0.9991, top5_acc: 1.0000, loss_cls: 0.0120, loss: 0.0120
2026-08-13 15:24:08,665 - pyskl - INFO - Epoch [14][4400/6265]	lr: 1.251e-03, eta: 10:13:42, time: 2.608, data_time: 0.000, memory: 5243, top1_acc: 1.0000, top5_acc: 1.0000, loss_cls: 0.0111, loss: 0.0111
2026-08-13 15:28:29,916 - pyskl - INFO - Epoch [14][4500/6265]	lr: 1.234e-03, eta: 10:09:27, time: 2.612, data_time: 0.000, memory: 5243, top1_acc: 0.9994, top5_acc: 1.0000, loss_cls: 0.0102, loss: 0.0102
2026-08-13 15:32:50,861 - pyskl - INFO - Epoch [14][4600/6265]	lr: 1.217e-03, eta: 10:05:12, time: 2.609, data_time: 0.000, memory: 5243, top1_acc: 1.0000, top5_acc: 1.0000, loss_cls: 0.0116, loss: 0.0116
2026-08-13 15:37:12,032 - pyskl - INFO - Epoch [14][4700/6265]	lr: 1.200e-03, eta: 10:00:57, time: 2.612, data_time: 0.000, memory: 5243, top1_acc: 1.0000, top5_acc: 1.0000, loss_cls: 0.0113, loss: 0.0113
2026-08-13 15:41:32,874 - pyskl - INFO - Epoch [14][4800/6265]	lr: 1.183e-03, eta: 9:56:42, time: 2.608, data_time: 0.000, memory: 5243, top1_acc: 0.9997, top5_acc: 1.0000, loss_cls: 0.0113, loss: 0.0113
2026-08-13 15:45:54,206 - pyskl - INFO - Epoch [14][4900/6265]	lr: 1.167e-03, eta: 9:52:27, time: 2.613, data_time: 0.000, memory: 5243, top1_acc: 1.0000, top5_acc: 1.0000, loss_cls: 0.0112, loss: 0.0112
2026-08-13 15:50:14,161 - pyskl - INFO - Epoch [14][5000/6265]	lr: 1.150e-03, eta: 9:48:12, time: 2.600, data_time: 0.000, memory: 5243, top1_acc: 1.0000, top5_acc: 1.0000, loss_cls: 0.0106, loss: 0.0106
2026-08-13 15:54:35,190 - pyskl - INFO - Epoch [14][5100/6265]	lr: 1.134e-03, eta: 9:43:57, time: 2.610, data_time: 0.000, memory: 5243, top1_acc: 0.9997, top5_acc: 1.0000, loss_cls: 0.0115, loss: 0.0115
2026-08-13 15:58:57,136 - pyskl - INFO - Epoch [14][5200/6265]	lr: 1.118e-03, eta: 9:39:42, time: 2.619, data_time: 0.000, memory: 5243, top1_acc: 1.0000, top5_acc: 1.0000, loss_cls: 0.0099, loss: 0.0099
2026-08-13 16:03:18,246 - pyskl - INFO - Epoch [14][5300/6265]	lr: 1.102e-03, eta: 9:35:27, time: 2.611, data_time: 0.000, memory: 5243, top1_acc: 1.0000, top5_acc: 1.0000, loss_cls: 0.0107, loss: 0.0107
2026-08-13 16:07:38,829 - pyskl - INFO - Epoch [14][5400/6265]	lr: 1.086e-03, eta: 9:31:12, time: 2.606, data_time: 0.000, memory: 5243, top1_acc: 0.9994, top5_acc: 1.0000, loss_cls: 0.0106, loss: 0.0106
2026-08-13 16:11:59,472 - pyskl - INFO - Epoch [14][5500/6265]	lr: 1.070e-03, eta: 9:26:57, time: 2.606, data_time: 0.000, memory: 5243, top1_acc: 0.9997, top5_acc: 1.0000, loss_cls: 0.0119, loss: 0.0119
2026-08-13 16:16:21,920 - pyskl - INFO - Epoch [14][5600/6265]	lr: 1.054e-03, eta: 9:22:42, time: 2.624, data_time: 0.000, memory: 5243, top1_acc: 0.9997, top5_acc: 1.0000, loss_cls: 0.0121, loss: 0.0121
2026-08-13 16:20:42,204 - pyskl - INFO - Epoch [14][5700/6265]	lr: 1.038e-03, eta: 9:18:27, time: 2.603, data_time: 0.000, memory: 5243, top1_acc: 0.9994, top5_acc: 1.0000, loss_cls: 0.0111, loss: 0.0111
2026-08-13 16:25:02,806 - pyskl - INFO - Epoch [14][5800/6265]	lr: 1.023e-03, eta: 9:14:12, time: 2.606, data_time: 0.000, memory: 5243, top1_acc: 0.9997, top5_acc: 1.0000, loss_cls: 0.0115, loss: 0.0115
2026-08-13 16:29:24,698 - pyskl - INFO - Epoch [14][5900/6265]	lr: 1.007e-03, eta: 9:09:57, time: 2.619, data_time: 0.000, memory: 5243, top1_acc: 1.0000, top5_acc: 1.0000, loss_cls: 0.0101, loss: 0.0101
2026-08-13 16:33:47,001 - pyskl - INFO - Epoch [14][6000/6265]	lr: 9.918e-04, eta: 9:05:42, time: 2.623, data_time: 0.000, memory: 5243, top1_acc: 1.0000, top5_acc: 1.0000, loss_cls: 0.0111, loss: 0.0111
2026-08-13 16:38:07,465 - pyskl - INFO - Epoch [14][6100/6265]	lr: 9.765e-04, eta: 9:01:27, time: 2.605, data_time: 0.000, memory: 5243, top1_acc: 0.9997, top5_acc: 1.0000, loss_cls: 0.0110, loss: 0.0110
2026-08-13 16:42:28,676 - pyskl - INFO - Epoch [14][6200/6265]	lr: 9.614e-04, eta: 8:57:11, time: 2.612, data_time: 0.000, memory: 5243, top1_acc: 0.9997, top5_acc: 1.0000, loss_cls: 0.0107, loss: 0.0107
2026-08-13 16:45:17,712 - pyskl - INFO - Saving checkpoint at 14 epochs
2026-08-13 17:06:42,220 - pyskl - INFO - Evaluating top_k_accuracy ...
2026-08-13 17:06:42,260 - pyskl - INFO - 
top1_acc	0.8906
top5_acc	0.9780
2026-08-13 17:06:42,261 - pyskl - INFO - The previous best checkpoint D:\YxjProject\pythonProject\pyskl\work_dirs\stgcn++\ntu60_xsub_3dkp\j_single_gpu\best_top1_acc_epoch_13.pth was removed
2026-08-13 17:06:42,333 - pyskl - INFO - Now best checkpoint is saved as best_top1_acc_epoch_14.pth.
2026-08-13 17:06:42,335 - pyskl - INFO - Best top1_acc is 0.8906 at 14 epoch.
2026-08-13 17:06:42,336 - pyskl - INFO - Epoch(val) [14][516]	top1_acc: 0.8906, top5_acc: 0.9780
2026-08-13 17:11:11,057 - pyskl - INFO - Epoch [15][100/6265]	lr: 9.367e-04, eta: 8:49:47, time: 2.687, data_time: 0.070, memory: 5243, top1_acc: 0.9997, top5_acc: 1.0000, loss_cls: 0.0127, loss: 0.0127
2026-08-13 17:15:31,713 - pyskl - INFO - Epoch [15][200/6265]	lr: 9.219e-04, eta: 8:45:32, time: 2.607, data_time: 0.000, memory: 5243, top1_acc: 1.0000, top5_acc: 1.0000, loss_cls: 0.0111, loss: 0.0111
2026-08-13 17:19:52,128 - pyskl - INFO - Epoch [15][300/6265]	lr: 9.072e-04, eta: 8:41:17, time: 2.604, data_time: 0.000, memory: 5243, top1_acc: 1.0000, top5_acc: 1.0000, loss_cls: 0.0106, loss: 0.0106
2026-08-13 17:24:13,663 - pyskl - INFO - Epoch [15][400/6265]	lr: 8.926e-04, eta: 8:37:02, time: 2.615, data_time: 0.000, memory: 5243, top1_acc: 0.9997, top5_acc: 1.0000, loss_cls: 0.0109, loss: 0.0109
2026-08-13 17:28:34,807 - pyskl - INFO - Epoch [15][500/6265]	lr: 8.781e-04, eta: 8:32:47, time: 2.611, data_time: 0.000, memory: 5243, top1_acc: 1.0000, top5_acc: 1.0000, loss_cls: 0.0102, loss: 0.0102
2026-08-13 17:32:55,311 - pyskl - INFO - Epoch [15][600/6265]	lr: 8.637e-04, eta: 8:28:32, time: 2.605, data_time: 0.000, memory: 5243, top1_acc: 1.0000, top5_acc: 1.0000, loss_cls: 0.0101, loss: 0.0101
2026-08-13 17:37:16,846 - pyskl - INFO - Epoch [15][700/6265]	lr: 8.495e-04, eta: 8:24:17, time: 2.615, data_time: 0.000, memory: 5243, top1_acc: 1.0000, top5_acc: 1.0000, loss_cls: 0.0098, loss: 0.0098
2026-08-13 17:41:38,070 - pyskl - INFO - Epoch [15][800/6265]	lr: 8.354e-04, eta: 8:20:02, time: 2.612, data_time: 0.000, memory: 5243, top1_acc: 1.0000, top5_acc: 1.0000, loss_cls: 0.0112, loss: 0.0112
2026-08-13 17:45:59,730 - pyskl - INFO - Epoch [15][900/6265]	lr: 8.213e-04, eta: 8:15:47, time: 2.617, data_time: 0.000, memory: 5243, top1_acc: 1.0000, top5_acc: 1.0000, loss_cls: 0.0102, loss: 0.0102
2026-08-13 17:50:19,556 - pyskl - INFO - Epoch [15][1000/6265]	lr: 8.074e-04, eta: 8:11:32, time: 2.598, data_time: 0.000, memory: 5243, top1_acc: 0.9997, top5_acc: 1.0000, loss_cls: 0.0108, loss: 0.0108
2026-08-13 17:54:40,982 - pyskl - INFO - Epoch [15][1100/6265]	lr: 7.936e-04, eta: 8:07:17, time: 2.614, data_time: 0.000, memory: 5243, top1_acc: 1.0000, top5_acc: 1.0000, loss_cls: 0.0104, loss: 0.0104
2026-08-13 17:59:01,808 - pyskl - INFO - Epoch [15][1200/6265]	lr: 7.799e-04, eta: 8:03:02, time: 2.608, data_time: 0.000, memory: 5243, top1_acc: 0.9997, top5_acc: 1.0000, loss_cls: 0.0106, loss: 0.0106
2026-08-13 18:03:23,416 - pyskl - INFO - Epoch [15][1300/6265]	lr: 7.664e-04, eta: 7:58:47, time: 2.616, data_time: 0.000, memory: 5243, top1_acc: 0.9997, top5_acc: 1.0000, loss_cls: 0.0104, loss: 0.0104
2026-08-13 18:07:44,346 - pyskl - INFO - Epoch [15][1400/6265]	lr: 7.529e-04, eta: 7:54:32, time: 2.609, data_time: 0.000, memory: 5243, top1_acc: 1.0000, top5_acc: 1.0000, loss_cls: 0.0101, loss: 0.0101
2026-08-13 18:12:05,247 - pyskl - INFO - Epoch [15][1500/6265]	lr: 7.396e-04, eta: 7:50:16, time: 2.609, data_time: 0.000, memory: 5243, top1_acc: 1.0000, top5_acc: 1.0000, loss_cls: 0.0107, loss: 0.0107
2026-08-13 18:16:27,159 - pyskl - INFO - Epoch [15][1600/6265]	lr: 7.264e-04, eta: 7:46:01, time: 2.619, data_time: 0.000, memory: 5243, top1_acc: 1.0000, top5_acc: 1.0000, loss_cls: 0.0104, loss: 0.0104
2026-08-13 18:20:48,344 - pyskl - INFO - Epoch [15][1700/6265]	lr: 7.133e-04, eta: 7:41:46, time: 2.612, data_time: 0.000, memory: 5243, top1_acc: 0.9997, top5_acc: 1.0000, loss_cls: 0.0096, loss: 0.0096
2026-08-13 18:25:09,539 - pyskl - INFO - Epoch [15][1800/6265]	lr: 7.003e-04, eta: 7:37:31, time: 2.612, data_time: 0.000, memory: 5243, top1_acc: 0.9997, top5_acc: 1.0000, loss_cls: 0.0099, loss: 0.0099
2026-08-13 18:29:29,997 - pyskl - INFO - Epoch [15][1900/6265]	lr: 6.874e-04, eta: 7:33:16, time: 2.605, data_time: 0.001, memory: 5243, top1_acc: 0.9997, top5_acc: 1.0000, loss_cls: 0.0113, loss: 0.0113
2026-08-13 18:33:51,821 - pyskl - INFO - Epoch [15][2000/6265]	lr: 6.747e-04, eta: 7:29:00, time: 2.618, data_time: 0.000, memory: 5243, top1_acc: 1.0000, top5_acc: 1.0000, loss_cls: 0.0105, loss: 0.0105
2026-08-13 18:38:12,847 - pyskl - INFO - Epoch [15][2100/6265]	lr: 6.620e-04, eta: 7:24:45, time: 2.610, data_time: 0.000, memory: 5243, top1_acc: 1.0000, top5_acc: 1.0000, loss_cls: 0.0103, loss: 0.0103
2026-08-13 18:42:33,321 - pyskl - INFO - Epoch [15][2200/6265]	lr: 6.495e-04, eta: 7:20:30, time: 2.605, data_time: 0.000, memory: 5243, top1_acc: 1.0000, top5_acc: 1.0000, loss_cls: 0.0088, loss: 0.0088
2026-08-13 18:46:53,961 - pyskl - INFO - Epoch [15][2300/6265]	lr: 6.371e-04, eta: 7:16:15, time: 2.606, data_time: 0.000, memory: 5243, top1_acc: 0.9997, top5_acc: 1.0000, loss_cls: 0.0106, loss: 0.0106
2026-08-13 18:51:15,361 - pyskl - INFO - Epoch [15][2400/6265]	lr: 6.248e-04, eta: 7:11:59, time: 2.614, data_time: 0.000, memory: 5243, top1_acc: 0.9997, top5_acc: 1.0000, loss_cls: 0.0097, loss: 0.0097
2026-08-13 18:55:36,551 - pyskl - INFO - Epoch [15][2500/6265]	lr: 6.126e-04, eta: 7:07:44, time: 2.612, data_time: 0.000, memory: 5243, top1_acc: 0.9994, top5_acc: 1.0000, loss_cls: 0.0105, loss: 0.0105
2026-08-13 18:59:56,735 - pyskl - INFO - Epoch [15][2600/6265]	lr: 6.006e-04, eta: 7:03:29, time: 2.602, data_time: 0.000, memory: 5243, top1_acc: 1.0000, top5_acc: 1.0000, loss_cls: 0.0105, loss: 0.0105
2026-08-13 19:04:18,457 - pyskl - INFO - Epoch [15][2700/6265]	lr: 5.886e-04, eta: 6:59:13, time: 2.617, data_time: 0.000, memory: 5243, top1_acc: 0.9997, top5_acc: 1.0000, loss_cls: 0.0101, loss: 0.0101
2026-08-13 19:08:40,010 - pyskl - INFO - Epoch [15][2800/6265]	lr: 5.768e-04, eta: 6:54:58, time: 2.616, data_time: 0.000, memory: 5243, top1_acc: 1.0000, top5_acc: 1.0000, loss_cls: 0.0088, loss: 0.0088
2026-08-13 19:13:01,465 - pyskl - INFO - Epoch [15][2900/6265]	lr: 5.651e-04, eta: 6:50:43, time: 2.615, data_time: 0.000, memory: 5243, top1_acc: 0.9997, top5_acc: 1.0000, loss_cls: 0.0096, loss: 0.0096
2026-08-13 19:17:22,832 - pyskl - INFO - Epoch [15][3000/6265]	lr: 5.535e-04, eta: 6:46:27, time: 2.614, data_time: 0.000, memory: 5243, top1_acc: 1.0000, top5_acc: 1.0000, loss_cls: 0.0102, loss: 0.0102
2026-08-13 19:21:44,029 - pyskl - INFO - Epoch [15][3100/6265]	lr: 5.421e-04, eta: 6:42:12, time: 2.612, data_time: 0.000, memory: 5243, top1_acc: 0.9997, top5_acc: 1.0000, loss_cls: 0.0112, loss: 0.0112
2026-08-13 19:26:04,937 - pyskl - INFO - Epoch [15][3200/6265]	lr: 5.307e-04, eta: 6:37:57, time: 2.609, data_time: 0.000, memory: 5243, top1_acc: 1.0000, top5_acc: 1.0000, loss_cls: 0.0100, loss: 0.0100
2026-08-13 19:30:25,844 - pyskl - INFO - Epoch [15][3300/6265]	lr: 5.195e-04, eta: 6:33:41, time: 2.609, data_time: 0.000, memory: 5243, top1_acc: 1.0000, top5_acc: 1.0000, loss_cls: 0.0101, loss: 0.0101
2026-08-13 19:34:48,104 - pyskl - INFO - Epoch [15][3400/6265]	lr: 5.084e-04, eta: 6:29:26, time: 2.623, data_time: 0.000, memory: 5243, top1_acc: 1.0000, top5_acc: 1.0000, loss_cls: 0.0102, loss: 0.0102
2026-08-13 19:39:08,815 - pyskl - INFO - Epoch [15][3500/6265]	lr: 4.974e-04, eta: 6:25:11, time: 2.607, data_time: 0.000, memory: 5243, top1_acc: 0.9994, top5_acc: 1.0000, loss_cls: 0.0105, loss: 0.0105
2026-08-13 19:43:30,192 - pyskl - INFO - Epoch [15][3600/6265]	lr: 4.865e-04, eta: 6:20:55, time: 2.614, data_time: 0.000, memory: 5243, top1_acc: 1.0000, top5_acc: 1.0000, loss_cls: 0.0101, loss: 0.0101
2026-08-13 19:47:51,544 - pyskl - INFO - Epoch [15][3700/6265]	lr: 4.757e-04, eta: 6:16:40, time: 2.614, data_time: 0.000, memory: 5243, top1_acc: 1.0000, top5_acc: 1.0000, loss_cls: 0.0097, loss: 0.0097
2026-08-13 19:52:10,079 - pyskl - INFO - Epoch [15][3800/6265]	lr: 4.651e-04, eta: 6:12:24, time: 2.585, data_time: 0.000, memory: 5243, top1_acc: 1.0000, top5_acc: 1.0000, loss_cls: 0.0096, loss: 0.0096
2026-08-13 19:56:29,750 - pyskl - INFO - Epoch [15][3900/6265]	lr: 4.545e-04, eta: 6:08:08, time: 2.597, data_time: 0.000, memory: 5243, top1_acc: 1.0000, top5_acc: 1.0000, loss_cls: 0.0094, loss: 0.0094
2026-08-13 20:00:46,895 - pyskl - INFO - Epoch [15][4000/6265]	lr: 4.441e-04, eta: 6:03:53, time: 2.571, data_time: 0.000, memory: 5243, top1_acc: 1.0000, top5_acc: 1.0000, loss_cls: 0.0090, loss: 0.0090
2026-08-13 20:05:04,771 - pyskl - INFO - Epoch [15][4100/6265]	lr: 4.338e-04, eta: 5:59:37, time: 2.579, data_time: 0.000, memory: 5243, top1_acc: 1.0000, top5_acc: 1.0000, loss_cls: 0.0094, loss: 0.0094
2026-08-13 20:09:22,538 - pyskl - INFO - Epoch [15][4200/6265]	lr: 4.237e-04, eta: 5:55:21, time: 2.578, data_time: 0.000, memory: 5243, top1_acc: 0.9997, top5_acc: 1.0000, loss_cls: 0.0113, loss: 0.0113
2026-08-13 20:13:39,334 - pyskl - INFO - Epoch [15][4300/6265]	lr: 4.136e-04, eta: 5:51:05, time: 2.568, data_time: 0.000, memory: 5243, top1_acc: 1.0000, top5_acc: 1.0000, loss_cls: 0.0101, loss: 0.0101
2026-08-13 20:17:56,163 - pyskl - INFO - Epoch [15][4400/6265]	lr: 4.037e-04, eta: 5:46:49, time: 2.568, data_time: 0.000, memory: 5243, top1_acc: 1.0000, top5_acc: 1.0000, loss_cls: 0.0094, loss: 0.0094
2026-08-13 20:22:13,763 - pyskl - INFO - Epoch [15][4500/6265]	lr: 3.939e-04, eta: 5:42:33, time: 2.576, data_time: 0.000, memory: 5243, top1_acc: 1.0000, top5_acc: 1.0000, loss_cls: 0.0100, loss: 0.0100
2026-08-13 20:26:29,858 - pyskl - INFO - Epoch [15][4600/6265]	lr: 3.842e-04, eta: 5:38:17, time: 2.561, data_time: 0.000, memory: 5243, top1_acc: 0.9997, top5_acc: 1.0000, loss_cls: 0.0097, loss: 0.0097
2026-08-13 20:30:46,776 - pyskl - INFO - Epoch [15][4700/6265]	lr: 3.746e-04, eta: 5:34:02, time: 2.569, data_time: 0.000, memory: 5243, top1_acc: 1.0000, top5_acc: 1.0000, loss_cls: 0.0094, loss: 0.0094
2026-08-13 20:35:04,392 - pyskl - INFO - Epoch [15][4800/6265]	lr: 3.651e-04, eta: 5:29:46, time: 2.576, data_time: 0.000, memory: 5243, top1_acc: 0.9994, top5_acc: 1.0000, loss_cls: 0.0100, loss: 0.0100
2026-08-13 20:39:22,310 - pyskl - INFO - Epoch [15][4900/6265]	lr: 3.558e-04, eta: 5:25:30, time: 2.579, data_time: 0.000, memory: 5243, top1_acc: 1.0000, top5_acc: 1.0000, loss_cls: 0.0095, loss: 0.0095
2026-08-13 20:43:39,456 - pyskl - INFO - Epoch [15][5000/6265]	lr: 3.466e-04, eta: 5:21:14, time: 2.571, data_time: 0.000, memory: 5243, top1_acc: 0.9994, top5_acc: 1.0000, loss_cls: 0.0108, loss: 0.0108
2026-08-13 20:47:56,353 - pyskl - INFO - Epoch [15][5100/6265]	lr: 3.375e-04, eta: 5:16:58, time: 2.569, data_time: 0.000, memory: 5243, top1_acc: 1.0000, top5_acc: 1.0000, loss_cls: 0.0099, loss: 0.0099
2026-08-13 20:52:14,350 - pyskl - INFO - Epoch [15][5200/6265]	lr: 3.285e-04, eta: 5:12:42, time: 2.580, data_time: 0.000, memory: 5243, top1_acc: 1.0000, top5_acc: 1.0000, loss_cls: 0.0101, loss: 0.0101
2026-08-13 20:56:31,011 - pyskl - INFO - Epoch [15][5300/6265]	lr: 3.196e-04, eta: 5:08:26, time: 2.567, data_time: 0.000, memory: 5243, top1_acc: 1.0000, top5_acc: 1.0000, loss_cls: 0.0094, loss: 0.0094
2026-08-13 21:00:47,746 - pyskl - INFO - Epoch [15][5400/6265]	lr: 3.109e-04, eta: 5:04:11, time: 2.567, data_time: 0.000, memory: 5243, top1_acc: 1.0000, top5_acc: 1.0000, loss_cls: 0.0093, loss: 0.0093
2026-08-13 21:05:05,493 - pyskl - INFO - Epoch [15][5500/6265]	lr: 3.023e-04, eta: 4:59:55, time: 2.577, data_time: 0.000, memory: 5243, top1_acc: 1.0000, top5_acc: 1.0000, loss_cls: 0.0092, loss: 0.0092
2026-08-13 21:09:23,079 - pyskl - INFO - Epoch [15][5600/6265]	lr: 2.938e-04, eta: 4:55:39, time: 2.576, data_time: 0.000, memory: 5243, top1_acc: 1.0000, top5_acc: 1.0000, loss_cls: 0.0098, loss: 0.0098
2026-08-13 21:13:40,216 - pyskl - INFO - Epoch [15][5700/6265]	lr: 2.854e-04, eta: 4:51:23, time: 2.571, data_time: 0.000, memory: 5243, top1_acc: 1.0000, top5_acc: 1.0000, loss_cls: 0.0100, loss: 0.0100
2026-08-13 21:17:57,253 - pyskl - INFO - Epoch [15][5800/6265]	lr: 2.771e-04, eta: 4:47:07, time: 2.570, data_time: 0.000, memory: 5243, top1_acc: 0.9997, top5_acc: 1.0000, loss_cls: 0.0111, loss: 0.0111
2026-08-13 21:22:14,778 - pyskl - INFO - Epoch [15][5900/6265]	lr: 2.690e-04, eta: 4:42:51, time: 2.575, data_time: 0.000, memory: 5243, top1_acc: 1.0000, top5_acc: 1.0000, loss_cls: 0.0100, loss: 0.0100
2026-08-13 21:26:31,306 - pyskl - INFO - Epoch [15][6000/6265]	lr: 2.609e-04, eta: 4:38:35, time: 2.565, data_time: 0.000, memory: 5243, top1_acc: 0.9997, top5_acc: 1.0000, loss_cls: 0.0102, loss: 0.0102
2026-08-13 21:30:47,927 - pyskl - INFO - Epoch [15][6100/6265]	lr: 2.530e-04, eta: 4:34:19, time: 2.566, data_time: 0.000, memory: 5243, top1_acc: 1.0000, top5_acc: 1.0000, loss_cls: 0.0100, loss: 0.0100
2026-08-13 21:35:05,490 - pyskl - INFO - Epoch [15][6200/6265]	lr: 2.453e-04, eta: 4:30:03, time: 2.576, data_time: 0.000, memory: 5243, top1_acc: 1.0000, top5_acc: 1.0000, loss_cls: 0.0094, loss: 0.0094
2026-08-13 21:37:51,186 - pyskl - INFO - Saving checkpoint at 15 epochs
2026-08-13 21:58:57,560 - pyskl - INFO - Evaluating top_k_accuracy ...
2026-08-13 21:58:57,604 - pyskl - INFO - 
top1_acc	0.8902
top5_acc	0.9782
2026-08-13 21:58:57,605 - pyskl - INFO - Epoch(val) [15][516]	top1_acc: 0.8902, top5_acc: 0.9782
2026-08-13 22:03:22,066 - pyskl - INFO - Epoch [16][100/6265]	lr: 2.327e-04, eta: 4:22:51, time: 2.644, data_time: 0.069, memory: 5243, top1_acc: 1.0000, top5_acc: 1.0000, loss_cls: 0.0091, loss: 0.0091
2026-08-13 22:07:38,084 - pyskl - INFO - Epoch [16][200/6265]	lr: 2.252e-04, eta: 4:18:35, time: 2.560, data_time: 0.000, memory: 5243, top1_acc: 0.9997, top5_acc: 1.0000, loss_cls: 0.0098, loss: 0.0098
2026-08-13 22:11:54,401 - pyskl - INFO - Epoch [16][300/6265]	lr: 2.179e-04, eta: 4:14:19, time: 2.563, data_time: 0.000, memory: 5243, top1_acc: 0.9997, top5_acc: 1.0000, loss_cls: 0.0116, loss: 0.0116
2026-08-13 22:16:12,288 - pyskl - INFO - Epoch [16][400/6265]	lr: 2.106e-04, eta: 4:10:03, time: 2.579, data_time: 0.000, memory: 5243, top1_acc: 1.0000, top5_acc: 1.0000, loss_cls: 0.0089, loss: 0.0089
2026-08-13 22:20:28,671 - pyskl - INFO - Epoch [16][500/6265]	lr: 2.035e-04, eta: 4:05:48, time: 2.564, data_time: 0.000, memory: 5243, top1_acc: 1.0000, top5_acc: 1.0000, loss_cls: 0.0097, loss: 0.0097
2026-08-13 22:24:45,156 - pyskl - INFO - Epoch [16][600/6265]	lr: 1.966e-04, eta: 4:01:32, time: 2.565, data_time: 0.000, memory: 5243, top1_acc: 0.9997, top5_acc: 1.0000, loss_cls: 0.0093, loss: 0.0093
2026-08-13 22:29:02,891 - pyskl - INFO - Epoch [16][700/6265]	lr: 1.897e-04, eta: 3:57:16, time: 2.577, data_time: 0.000, memory: 5243, top1_acc: 0.9994, top5_acc: 1.0000, loss_cls: 0.0106, loss: 0.0106
2026-08-13 22:33:20,219 - pyskl - INFO - Epoch [16][800/6265]	lr: 1.830e-04, eta: 3:53:00, time: 2.573, data_time: 0.000, memory: 5243, top1_acc: 0.9997, top5_acc: 1.0000, loss_cls: 0.0102, loss: 0.0102
2026-08-13 22:37:36,729 - pyskl - INFO - Epoch [16][900/6265]	lr: 1.763e-04, eta: 3:48:45, time: 2.565, data_time: 0.000, memory: 5243, top1_acc: 1.0000, top5_acc: 1.0000, loss_cls: 0.0094, loss: 0.0094
2026-08-13 22:41:52,898 - pyskl - INFO - Epoch [16][1000/6265]	lr: 1.699e-04, eta: 3:44:29, time: 2.562, data_time: 0.000, memory: 5243, top1_acc: 0.9997, top5_acc: 1.0000, loss_cls: 0.0094, loss: 0.0094
2026-08-13 22:46:10,487 - pyskl - INFO - Epoch [16][1100/6265]	lr: 1.635e-04, eta: 3:40:13, time: 2.576, data_time: 0.000, memory: 5243, top1_acc: 0.9997, top5_acc: 1.0000, loss_cls: 0.0096, loss: 0.0096
2026-08-13 22:50:26,688 - pyskl - INFO - Epoch [16][1200/6265]	lr: 1.572e-04, eta: 3:35:57, time: 2.562, data_time: 0.000, memory: 5243, top1_acc: 1.0000, top5_acc: 1.0000, loss_cls: 0.0082, loss: 0.0082
2026-08-13 22:54:43,498 - pyskl - INFO - Epoch [16][1300/6265]	lr: 1.511e-04, eta: 3:31:41, time: 2.568, data_time: 0.000, memory: 5243, top1_acc: 1.0000, top5_acc: 1.0000, loss_cls: 0.0103, loss: 0.0103
2026-08-13 22:59:00,833 - pyskl - INFO - Epoch [16][1400/6265]	lr: 1.451e-04, eta: 3:27:26, time: 2.573, data_time: 0.000, memory: 5243, top1_acc: 0.9997, top5_acc: 1.0000, loss_cls: 0.0103, loss: 0.0103
2026-08-13 23:03:18,394 - pyskl - INFO - Epoch [16][1500/6265]	lr: 1.392e-04, eta: 3:23:10, time: 2.576, data_time: 0.000, memory: 5243, top1_acc: 1.0000, top5_acc: 1.0000, loss_cls: 0.0103, loss: 0.0103
2026-08-13 23:07:35,014 - pyskl - INFO - Epoch [16][1600/6265]	lr: 1.334e-04, eta: 3:18:54, time: 2.566, data_time: 0.000, memory: 5243, top1_acc: 0.9997, top5_acc: 1.0000, loss_cls: 0.0101, loss: 0.0101
2026-08-13 23:11:51,151 - pyskl - INFO - Epoch [16][1700/6265]	lr: 1.278e-04, eta: 3:14:38, time: 2.561, data_time: 0.000, memory: 5243, top1_acc: 1.0000, top5_acc: 1.0000, loss_cls: 0.0089, loss: 0.0089
2026-08-13 23:16:09,182 - pyskl - INFO - Epoch [16][1800/6265]	lr: 1.222e-04, eta: 3:10:23, time: 2.580, data_time: 0.000, memory: 5243, top1_acc: 1.0000, top5_acc: 1.0000, loss_cls: 0.0090, loss: 0.0090
2026-08-13 23:20:25,582 - pyskl - INFO - Epoch [16][1900/6265]	lr: 1.168e-04, eta: 3:06:07, time: 2.564, data_time: 0.000, memory: 5243, top1_acc: 1.0000, top5_acc: 1.0000, loss_cls: 0.0094, loss: 0.0094
2026-08-13 23:24:42,429 - pyskl - INFO - Epoch [16][2000/6265]	lr: 1.116e-04, eta: 3:01:51, time: 2.568, data_time: 0.000, memory: 5243, top1_acc: 0.9997, top5_acc: 1.0000, loss_cls: 0.0100, loss: 0.0100
2026-08-13 23:28:59,663 - pyskl - INFO - Epoch [16][2100/6265]	lr: 1.064e-04, eta: 2:57:35, time: 2.572, data_time: 0.000, memory: 5243, top1_acc: 1.0000, top5_acc: 1.0000, loss_cls: 0.0108, loss: 0.0108
2026-08-13 23:33:16,891 - pyskl - INFO - Epoch [16][2200/6265]	lr: 1.014e-04, eta: 2:53:19, time: 2.572, data_time: 0.000, memory: 5243, top1_acc: 1.0000, top5_acc: 1.0000, loss_cls: 0.0094, loss: 0.0094
2026-08-13 23:37:33,919 - pyskl - INFO - Epoch [16][2300/6265]	lr: 9.644e-05, eta: 2:49:04, time: 2.570, data_time: 0.000, memory: 5243, top1_acc: 0.9997, top5_acc: 1.0000, loss_cls: 0.0100, loss: 0.0100
2026-08-13 23:41:50,281 - pyskl - INFO - Epoch [16][2400/6265]	lr: 9.164e-05, eta: 2:44:48, time: 2.564, data_time: 0.000, memory: 5243, top1_acc: 1.0000, top5_acc: 1.0000, loss_cls: 0.0088, loss: 0.0088
2026-08-13 23:46:08,016 - pyskl - INFO - Epoch [16][2500/6265]	lr: 8.697e-05, eta: 2:40:32, time: 2.577, data_time: 0.000, memory: 5243, top1_acc: 1.0000, top5_acc: 1.0000, loss_cls: 0.0097, loss: 0.0097
2026-08-13 23:50:24,100 - pyskl - INFO - Epoch [16][2600/6265]	lr: 8.241e-05, eta: 2:36:16, time: 2.561, data_time: 0.000, memory: 5243, top1_acc: 1.0000, top5_acc: 1.0000, loss_cls: 0.0100, loss: 0.0100
2026-08-13 23:54:40,586 - pyskl - INFO - Epoch [16][2700/6265]	lr: 7.798e-05, eta: 2:32:00, time: 2.565, data_time: 0.000, memory: 5243, top1_acc: 1.0000, top5_acc: 1.0000, loss_cls: 0.0089, loss: 0.0089
2026-08-13 23:58:58,198 - pyskl - INFO - Epoch [16][2800/6265]	lr: 7.368e-05, eta: 2:27:45, time: 2.576, data_time: 0.000, memory: 5243, top1_acc: 1.0000, top5_acc: 1.0000, loss_cls: 0.0095, loss: 0.0095
2026-08-14 00:03:15,549 - pyskl - INFO - Epoch [16][2900/6265]	lr: 6.949e-05, eta: 2:23:29, time: 2.574, data_time: 0.000, memory: 5243, top1_acc: 0.9997, top5_acc: 1.0000, loss_cls: 0.0095, loss: 0.0095
2026-08-14 00:07:31,959 - pyskl - INFO - Epoch [16][3000/6265]	lr: 6.543e-05, eta: 2:19:13, time: 2.564, data_time: 0.000, memory: 5243, top1_acc: 1.0000, top5_acc: 1.0000, loss_cls: 0.0088, loss: 0.0088
2026-08-14 00:11:48,386 - pyskl - INFO - Epoch [16][3100/6265]	lr: 6.148e-05, eta: 2:14:57, time: 2.564, data_time: 0.000, memory: 5243, top1_acc: 0.9997, top5_acc: 1.0000, loss_cls: 0.0099, loss: 0.0099
2026-08-14 00:16:06,158 - pyskl - INFO - Epoch [16][3200/6265]	lr: 5.766e-05, eta: 2:10:41, time: 2.578, data_time: 0.000, memory: 5243, top1_acc: 1.0000, top5_acc: 1.0000, loss_cls: 0.0088, loss: 0.0088
2026-08-14 00:20:22,323 - pyskl - INFO - Epoch [16][3300/6265]	lr: 5.397e-05, eta: 2:06:26, time: 2.562, data_time: 0.000, memory: 5243, top1_acc: 0.9997, top5_acc: 1.0000, loss_cls: 0.0100, loss: 0.0100
2026-08-14 00:24:39,075 - pyskl - INFO - Epoch [16][3400/6265]	lr: 5.039e-05, eta: 2:02:10, time: 2.568, data_time: 0.000, memory: 5243, top1_acc: 0.9997, top5_acc: 1.0000, loss_cls: 0.0103, loss: 0.0103
2026-08-14 00:28:56,731 - pyskl - INFO - Epoch [16][3500/6265]	lr: 4.694e-05, eta: 1:57:54, time: 2.577, data_time: 0.000, memory: 5243, top1_acc: 1.0000, top5_acc: 1.0000, loss_cls: 0.0095, loss: 0.0095
2026-08-14 00:33:13,789 - pyskl - INFO - Epoch [16][3600/6265]	lr: 4.361e-05, eta: 1:53:38, time: 2.571, data_time: 0.000, memory: 5243, top1_acc: 0.9997, top5_acc: 1.0000, loss_cls: 0.0095, loss: 0.0095
2026-08-14 00:37:30,834 - pyskl - INFO - Epoch [16][3700/6265]	lr: 4.040e-05, eta: 1:49:22, time: 2.570, data_time: 0.000, memory: 5243, top1_acc: 1.0000, top5_acc: 1.0000, loss_cls: 0.0102, loss: 0.0102
2026-08-14 00:41:46,987 - pyskl - INFO - Epoch [16][3800/6265]	lr: 3.731e-05, eta: 1:45:06, time: 2.562, data_time: 0.000, memory: 5243, top1_acc: 1.0000, top5_acc: 1.0000, loss_cls: 0.0084, loss: 0.0084
2026-08-14 00:46:04,519 - pyskl - INFO - Epoch [16][3900/6265]	lr: 3.435e-05, eta: 1:40:51, time: 2.575, data_time: 0.000, memory: 5243, top1_acc: 1.0000, top5_acc: 1.0000, loss_cls: 0.0091, loss: 0.0091
2026-08-14 00:50:20,578 - pyskl - INFO - Epoch [16][4000/6265]	lr: 3.151e-05, eta: 1:36:35, time: 2.561, data_time: 0.000, memory: 5243, top1_acc: 1.0000, top5_acc: 1.0000, loss_cls: 0.0098, loss: 0.0098
2026-08-14 00:54:36,911 - pyskl - INFO - Epoch [16][4100/6265]	lr: 2.879e-05, eta: 1:32:19, time: 2.563, data_time: 0.000, memory: 5243, top1_acc: 1.0000, top5_acc: 1.0000, loss_cls: 0.0096, loss: 0.0096
2026-08-14 00:58:54,241 - pyskl - INFO - Epoch [16][4200/6265]	lr: 2.619e-05, eta: 1:28:03, time: 2.573, data_time: 0.000, memory: 5243, top1_acc: 1.0000, top5_acc: 1.0000, loss_cls: 0.0092, loss: 0.0092
2026-08-14 01:03:11,477 - pyskl - INFO - Epoch [16][4300/6265]	lr: 2.372e-05, eta: 1:23:47, time: 2.572, data_time: 0.000, memory: 5243, top1_acc: 0.9997, top5_acc: 1.0000, loss_cls: 0.0100, loss: 0.0100
2026-08-14 01:07:28,206 - pyskl - INFO - Epoch [16][4400/6265]	lr: 2.137e-05, eta: 1:19:31, time: 2.567, data_time: 0.000, memory: 5243, top1_acc: 1.0000, top5_acc: 1.0000, loss_cls: 0.0090, loss: 0.0090
2026-08-14 01:11:44,271 - pyskl - INFO - Epoch [16][4500/6265]	lr: 1.914e-05, eta: 1:15:16, time: 2.561, data_time: 0.000, memory: 5243, top1_acc: 1.0000, top5_acc: 1.0000, loss_cls: 0.0104, loss: 0.0104
2026-08-14 01:16:01,980 - pyskl - INFO - Epoch [16][4600/6265]	lr: 1.704e-05, eta: 1:11:00, time: 2.577, data_time: 0.000, memory: 5243, top1_acc: 0.9997, top5_acc: 1.0000, loss_cls: 0.0107, loss: 0.0107
2026-08-14 01:20:17,793 - pyskl - INFO - Epoch [16][4700/6265]	lr: 1.505e-05, eta: 1:06:44, time: 2.558, data_time: 0.000, memory: 5243, top1_acc: 0.9991, top5_acc: 1.0000, loss_cls: 0.0096, loss: 0.0096
2026-08-14 01:24:34,087 - pyskl - INFO - Epoch [16][4800/6265]	lr: 1.319e-05, eta: 1:02:28, time: 2.563, data_time: 0.000, memory: 5243, top1_acc: 1.0000, top5_acc: 1.0000, loss_cls: 0.0097, loss: 0.0097
2026-08-14 01:28:51,130 - pyskl - INFO - Epoch [16][4900/6265]	lr: 1.145e-05, eta: 0:58:12, time: 2.570, data_time: 0.000, memory: 5243, top1_acc: 1.0000, top5_acc: 1.0000, loss_cls: 0.0102, loss: 0.0102
2026-08-14 01:33:07,877 - pyskl - INFO - Epoch [16][5000/6265]	lr: 9.838e-06, eta: 0:53:56, time: 2.567, data_time: 0.000, memory: 5243, top1_acc: 0.9997, top5_acc: 1.0000, loss_cls: 0.0107, loss: 0.0107
2026-08-14 01:37:24,430 - pyskl - INFO - Epoch [16][5100/6265]	lr: 8.345e-06, eta: 0:49:40, time: 2.566, data_time: 0.000, memory: 5243, top1_acc: 1.0000, top5_acc: 1.0000, loss_cls: 0.0102, loss: 0.0102
2026-08-14 01:41:40,806 - pyskl - INFO - Epoch [16][5200/6265]	lr: 6.975e-06, eta: 0:45:25, time: 2.564, data_time: 0.000, memory: 5243, top1_acc: 1.0000, top5_acc: 1.0000, loss_cls: 0.0092, loss: 0.0092
2026-08-14 01:45:58,380 - pyskl - INFO - Epoch [16][5300/6265]	lr: 5.728e-06, eta: 0:41:09, time: 2.576, data_time: 0.000, memory: 5243, top1_acc: 1.0000, top5_acc: 1.0000, loss_cls: 0.0093, loss: 0.0093
2026-08-14 01:50:14,184 - pyskl - INFO - Epoch [16][5400/6265]	lr: 4.604e-06, eta: 0:36:53, time: 2.558, data_time: 0.000, memory: 5243, top1_acc: 0.9997, top5_acc: 1.0000, loss_cls: 0.0095, loss: 0.0095
2026-08-14 01:54:30,365 - pyskl - INFO - Epoch [16][5500/6265]	lr: 3.602e-06, eta: 0:32:37, time: 2.562, data_time: 0.000, memory: 5243, top1_acc: 0.9997, top5_acc: 1.0000, loss_cls: 0.0107, loss: 0.0107
2026-08-14 01:58:47,564 - pyskl - INFO - Epoch [16][5600/6265]	lr: 2.723e-06, eta: 0:28:21, time: 2.572, data_time: 0.000, memory: 5243, top1_acc: 1.0000, top5_acc: 1.0000, loss_cls: 0.0095, loss: 0.0095
2026-08-14 02:03:03,682 - pyskl - INFO - Epoch [16][5700/6265]	lr: 1.967e-06, eta: 0:24:05, time: 2.561, data_time: 0.000, memory: 5243, top1_acc: 1.0000, top5_acc: 1.0000, loss_cls: 0.0092, loss: 0.0092
2026-08-14 02:07:20,516 - pyskl - INFO - Epoch [16][5800/6265]	lr: 1.333e-06, eta: 0:19:49, time: 2.568, data_time: 0.000, memory: 5243, top1_acc: 1.0000, top5_acc: 1.0000, loss_cls: 0.0093, loss: 0.0093
2026-08-14 02:11:36,571 - pyskl - INFO - Epoch [16][5900/6265]	lr: 8.223e-07, eta: 0:15:33, time: 2.561, data_time: 0.000, memory: 5243, top1_acc: 1.0000, top5_acc: 1.0000, loss_cls: 0.0093, loss: 0.0093
2026-08-14 02:15:54,084 - pyskl - INFO - Epoch [16][6000/6265]	lr: 4.344e-07, eta: 0:11:18, time: 2.575, data_time: 0.000, memory: 5243, top1_acc: 1.0000, top5_acc: 1.0000, loss_cls: 0.0092, loss: 0.0092
2026-08-14 02:20:10,049 - pyskl - INFO - Epoch [16][6100/6265]	lr: 1.692e-07, eta: 0:07:02, time: 2.560, data_time: 0.000, memory: 5243, top1_acc: 1.0000, top5_acc: 1.0000, loss_cls: 0.0093, loss: 0.0093
2026-08-14 02:24:26,622 - pyskl - INFO - Epoch [16][6200/6265]	lr: 2.674e-08, eta: 0:02:46, time: 2.566, data_time: 0.000, memory: 5243, top1_acc: 0.9997, top5_acc: 1.0000, loss_cls: 0.0093, loss: 0.0093
2026-08-14 02:27:12,880 - pyskl - INFO - Saving checkpoint at 16 epochs
2026-08-14 02:48:03,619 - pyskl - INFO - Evaluating top_k_accuracy ...
2026-08-14 02:48:03,659 - pyskl - INFO - 
top1_acc	0.8919
top5_acc	0.9791
2026-08-14 02:48:03,660 - pyskl - INFO - The previous best checkpoint D:\YxjProject\pythonProject\pyskl\work_dirs\stgcn++\ntu60_xsub_3dkp\j_single_gpu\best_top1_acc_epoch_14.pth was removed
2026-08-14 02:48:03,731 - pyskl - INFO - Now best checkpoint is saved as best_top1_acc_epoch_16.pth.
2026-08-14 02:48:03,731 - pyskl - INFO - Best top1_acc is 0.8919 at 16 epoch.
2026-08-14 02:48:03,733 - pyskl - INFO - Epoch(val) [16][516]	top1_acc: 0.8919, top5_acc: 0.9791
2026-08-14 02:48:14,399 - pyskl - INFO - 16487 videos remain after valid thresholding
2026-08-14 02:48:14,399 - pyskl - INFO - load checkpoint from local path: ./work_dirs/stgcn++/ntu60_xsub_3dkp/j_single_gpu\best_top1_acc_epoch_16.pth
2026-08-14 07:54:02,408 - pyskl - INFO - Testing results of the best checkpoint
2026-08-14 07:54:02,408 - pyskl - INFO - top1_acc: 0.8954
2026-08-14 07:54:02,408 - pyskl - INFO - top5_acc: 0.9803
