2026-09-13 20:27:34,820 - pyskl - INFO - Environment info:
------------------------------------------------------------
sys.platform: win32
Python: 3.10.20 | packaged by conda-forge | (main, Jun 11 2026, 03:28:51) [MSC v.1944 64 bit (AMD64)]
CUDA available: True
GPU 0: NVIDIA GeForce GTX 1080 Ti
CUDA_HOME: C:\Program Files\NVIDIA GPU Computing Toolkit\CUDA\v11.6
NVCC: Cuda compilation tools, release 11.6, V11.6.55
MSVC: Microsoft (R) C/C++ Optimizing Compiler Version 19.51.36252 for x64
GCC: n/a
PyTorch: 1.12.1+cu113
PyTorch compiling details: PyTorch built with:
  - C++ Version: 199711
  - MSVC 192829337
  - Intel(R) Math Kernel Library Version 2020.0.2 Product Build 20200624 for Intel(R) 64 architecture applications
  - Intel(R) MKL-DNN v2.6.0 (Git Hash 52b5f107dd9cf10910aaa19cb47f3abf9b349815)
  - OpenMP 2019
  - LAPACK is enabled (usually provided by MKL)
  - CPU capability usage: AVX2
  - CUDA Runtime 11.3
  - NVCC architecture flags: -gencode;arch=compute_37,code=sm_37;-gencode;arch=compute_50,code=sm_50;-gencode;arch=compute_60,code=sm_60;-gencode;arch=compute_61,code=sm_61;-gencode;arch=compute_70,code=sm_70;-gencode;arch=compute_75,code=sm_75;-gencode;arch=compute_80,code=sm_80;-gencode;arch=compute_86,code=sm_86;-gencode;arch=compute_37,code=compute_37
  - CuDNN 8.3.2  (built against CUDA 11.5)
  - Magma 2.5.4
  - Build settings: BLAS_INFO=mkl, BUILD_TYPE=Release, CUDA_VERSION=11.3, CUDNN_VERSION=8.3.2, CXX_COMPILER=C:/actions-runner/_work/pytorch/pytorch/builder/windows/tmp_bin/sccache-cl.exe, CXX_FLAGS=/DWIN32 /D_WINDOWS /GR /EHsc /w /bigobj -DUSE_PTHREADPOOL -openmp:experimental -IC:/actions-runner/_work/pytorch/pytorch/builder/windows/mkl/include -DNDEBUG -DUSE_KINETO -DLIBKINETO_NOCUPTI -DUSE_FBGEMM -DUSE_XNNPACK -DSYMBOLICATE_MOBILE_DEBUG_HANDLE -DEDGE_PROFILER_USE_KINETO, LAPACK_INFO=mkl, PERF_WITH_AVX=1, PERF_WITH_AVX2=1, PERF_WITH_AVX512=1, TORCH_VERSION=1.12.1, USE_CUDA=ON, USE_CUDNN=ON, USE_EXCEPTION_PTR=1, USE_GFLAGS=OFF, USE_GLOG=OFF, USE_MKL=ON, USE_MKLDNN=OFF, USE_MPI=OFF, USE_NCCL=OFF, USE_NNPACK=OFF, USE_OPENMP=ON, USE_ROCM=OFF, 

TorchVision: 0.13.1+cu113
OpenCV: 4.7.0
MMCV: 1.7.0
MMCV Compiler: MSVC 192829924
MMCV CUDA Compiler: 11.3
pyskl: 0.1.0+86375ac
------------------------------------------------------------

2026-09-13 20:27:34,935 - pyskl - INFO - Config: model = dict(
    type='RecognizerGCN',
    backbone=dict(
        type='STGCN',
        gcn_adaptive='init',
        gcn_with_res=True,
        tcn_type='mstcn',
        graph_cfg=dict(layout='nturgb+d', mode='spatial')),
    cls_head=dict(type='GCNHead', num_classes=60, in_channels=256))
dataset_type = 'PoseDataset'
ann_file = 'data/nturgbd/ntu60_3danno.pkl'
train_pipeline = [
    dict(type='PreNormalize3D'),
    dict(
        type='RandomSkeletonDegrade',
        degrade_type='mixed',
        prob=0.3,
        dataset='nturgb+d',
        severity_sampling='S3',
        mixed_apply_prob=0.5),
    dict(type='GenSkeFeat', dataset='nturgb+d', feats=['j']),
    dict(type='UniformSample', clip_len=100),
    dict(type='PoseDecode'),
    dict(type='FormatGCNInput', num_person=2),
    dict(type='Collect', keys=['keypoint', 'label'], meta_keys=[]),
    dict(type='ToTensor', keys=['keypoint'])
]
val_pipeline = [
    dict(type='PreNormalize3D'),
    dict(type='GenSkeFeat', dataset='nturgb+d', feats=['j']),
    dict(type='UniformSample', clip_len=100, num_clips=1),
    dict(type='PoseDecode'),
    dict(type='FormatGCNInput', num_person=2),
    dict(type='Collect', keys=['keypoint', 'label'], meta_keys=[]),
    dict(type='ToTensor', keys=['keypoint'])
]
test_pipeline = [
    dict(type='PreNormalize3D'),
    dict(type='GenSkeFeat', dataset='nturgb+d', feats=['j']),
    dict(type='UniformSample', clip_len=100, num_clips=10, seed=255),
    dict(type='PoseDecode'),
    dict(type='FormatGCNInput', num_person=2),
    dict(type='Collect', keys=['keypoint', 'label'], meta_keys=[]),
    dict(type='ToTensor', keys=['keypoint'])
]
data = dict(
    videos_per_gpu=32,
    workers_per_gpu=2,
    test_dataloader=dict(videos_per_gpu=1),
    train=dict(
        type='RepeatDataset',
        times=5,
        dataset=dict(
            type='PoseDataset',
            ann_file='data/nturgbd/ntu60_3danno.pkl',
            pipeline=[
                dict(type='PreNormalize3D'),
                dict(
                    type='RandomSkeletonDegrade',
                    degrade_type='mixed',
                    prob=0.3,
                    dataset='nturgb+d',
                    severity_sampling='S3',
                    mixed_apply_prob=0.5),
                dict(type='GenSkeFeat', dataset='nturgb+d', feats=['j']),
                dict(type='UniformSample', clip_len=100),
                dict(type='PoseDecode'),
                dict(type='FormatGCNInput', num_person=2),
                dict(type='Collect', keys=['keypoint', 'label'], meta_keys=[]),
                dict(type='ToTensor', keys=['keypoint'])
            ],
            split='xsub_train')),
    val=dict(
        type='PoseDataset',
        ann_file='data/nturgbd/ntu60_3danno.pkl',
        pipeline=[
            dict(type='PreNormalize3D'),
            dict(type='GenSkeFeat', dataset='nturgb+d', feats=['j']),
            dict(type='UniformSample', clip_len=100, num_clips=1),
            dict(type='PoseDecode'),
            dict(type='FormatGCNInput', num_person=2),
            dict(type='Collect', keys=['keypoint', 'label'], meta_keys=[]),
            dict(type='ToTensor', keys=['keypoint'])
        ],
        split='xsub_val'),
    test=dict(
        type='PoseDataset',
        ann_file='data/nturgbd/ntu60_3danno.pkl',
        pipeline=[
            dict(type='PreNormalize3D'),
            dict(type='GenSkeFeat', dataset='nturgb+d', feats=['j']),
            dict(type='UniformSample', clip_len=100, num_clips=10, seed=255),
            dict(type='PoseDecode'),
            dict(type='FormatGCNInput', num_person=2),
            dict(type='Collect', keys=['keypoint', 'label'], meta_keys=[]),
            dict(type='ToTensor', keys=['keypoint'])
        ],
        split='xsub_val'))
optimizer = dict(
    type='SGD', lr=0.025, momentum=0.9, weight_decay=0.0005, nesterov=True)
optimizer_config = dict(grad_clip=None)
lr_config = dict(policy='CosineAnnealing', min_lr=0, by_epoch=False)
total_epochs = 16
checkpoint_config = dict(interval=1)
evaluation = dict(interval=1, metrics=['top_k_accuracy'])
log_config = dict(interval=100, hooks=[dict(type='TextLoggerHook')])
log_level = 'INFO'
work_dir = './work_dirs/aug_baseline/b_aug/stgcnpp_j/seed255'
dist_params = dict(backend='gloo')
gpu_ids = range(0, 1)

2026-09-13 20:27:34,941 - pyskl - INFO - Set random seed to 255, deterministic: True
2026-09-13 20:27:42,986 - pyskl - INFO - 40091 videos remain after valid thresholding
2026-09-13 20:27:53,438 - pyskl - INFO - 16487 videos remain after valid thresholding
2026-09-13 20:27:53,439 - pyskl - INFO - Start running, host: iot@SERVER-ASUS1080Ti, work_dir: D:\YxjProject\pythonProject\pyskl\work_dirs\aug_baseline\b_aug\stgcnpp_j\seed255
2026-09-13 20:27:53,439 - pyskl - INFO - Hooks will be executed in the following order:
before_run:
(VERY_HIGH   ) CosineAnnealingLrUpdaterHook       
(NORMAL      ) CheckpointHook                     
(NORMAL      ) DistEvalHook                       
(VERY_LOW    ) TextLoggerHook                     
 -------------------- 
before_train_epoch:
(VERY_HIGH   ) CosineAnnealingLrUpdaterHook       
(NORMAL      ) DistSamplerSeedHook                
(NORMAL      ) DistEvalHook                       
(LOW         ) IterTimerHook                      
(VERY_LOW    ) TextLoggerHook                     
 -------------------- 
before_train_iter:
(VERY_HIGH   ) CosineAnnealingLrUpdaterHook       
(NORMAL      ) DistEvalHook                       
(LOW         ) IterTimerHook                      
 -------------------- 
after_train_iter:
(ABOVE_NORMAL) OptimizerHook                      
(NORMAL      ) CheckpointHook                     
(NORMAL      ) DistEvalHook                       
(LOW         ) IterTimerHook                      
(VERY_LOW    ) TextLoggerHook                     
 -------------------- 
after_train_epoch:
(NORMAL      ) CheckpointHook                     
(NORMAL      ) DistEvalHook                       
(VERY_LOW    ) TextLoggerHook                     
 -------------------- 
before_val_epoch:
(NORMAL      ) DistSamplerSeedHook                
(LOW         ) IterTimerHook                      
(VERY_LOW    ) TextLoggerHook                     
 -------------------- 
before_val_iter:
(LOW         ) IterTimerHook                      
 -------------------- 
after_val_iter:
(LOW         ) IterTimerHook                      
 -------------------- 
after_val_epoch:
(VERY_LOW    ) TextLoggerHook                     
 -------------------- 
after_run:
(VERY_LOW    ) TextLoggerHook                     
 -------------------- 
2026-09-13 20:27:53,442 - pyskl - INFO - workflow: [('train', 1)], max: 16 epochs
2026-09-13 20:27:53,442 - pyskl - INFO - Checkpoints will be saved to D:\YxjProject\pythonProject\pyskl\work_dirs\aug_baseline\b_aug\stgcnpp_j\seed255 by HardDiskBackend.
2026-09-13 20:33:00,545 - pyskl - INFO - Epoch [1][100/6265]	lr: 2.500e-02, eta: 3 days, 13:25:29, time: 3.071, data_time: 0.112, memory: 5243, top1_acc: 0.0437, top5_acc: 0.1903, loss_cls: 3.8396, loss: 3.8396
2026-09-13 20:37:52,939 - pyskl - INFO - Epoch [1][200/6265]	lr: 2.500e-02, eta: 3 days, 11:17:46, time: 2.924, data_time: 0.000, memory: 5243, top1_acc: 0.0900, top5_acc: 0.3088, loss_cls: 3.4497, loss: 3.4497
2026-09-13 20:42:48,654 - pyskl - INFO - Epoch [1][300/6265]	lr: 2.500e-02, eta: 3 days, 10:50:23, time: 2.957, data_time: 0.000, memory: 5243, top1_acc: 0.1650, top5_acc: 0.4291, loss_cls: 3.0841, loss: 3.0841
2026-09-13 20:47:34,803 - pyskl - INFO - Epoch [1][400/6265]	lr: 2.500e-02, eta: 3 days, 9:54:26, time: 2.861, data_time: 0.000, memory: 5243, top1_acc: 0.1975, top5_acc: 0.5128, loss_cls: 2.8583, loss: 2.8583
2026-09-13 20:52:20,576 - pyskl - INFO - Epoch [1][500/6265]	lr: 2.500e-02, eta: 3 days, 9:17:43, time: 2.858, data_time: 0.000, memory: 5243, top1_acc: 0.2403, top5_acc: 0.5891, loss_cls: 2.6627, loss: 2.6627
2026-09-13 20:57:06,397 - pyskl - INFO - Epoch [1][600/6265]	lr: 2.500e-02, eta: 3 days, 8:51:46, time: 2.858, data_time: 0.000, memory: 5243, top1_acc: 0.2794, top5_acc: 0.6441, loss_cls: 2.4946, loss: 2.4946
2026-09-13 21:01:50,992 - pyskl - INFO - Epoch [1][700/6265]	lr: 2.500e-02, eta: 3 days, 8:28:58, time: 2.846, data_time: 0.000, memory: 5243, top1_acc: 0.3050, top5_acc: 0.6809, loss_cls: 2.3699, loss: 2.3699
2026-09-13 21:06:35,007 - pyskl - INFO - Epoch [1][800/6265]	lr: 2.500e-02, eta: 3 days, 8:09:29, time: 2.840, data_time: 0.000, memory: 5243, top1_acc: 0.3403, top5_acc: 0.7256, loss_cls: 2.2650, loss: 2.2650
2026-09-13 21:11:19,747 - pyskl - INFO - Epoch [1][900/6265]	lr: 2.500e-02, eta: 3 days, 7:54:37, time: 2.847, data_time: 0.000, memory: 5243, top1_acc: 0.3513, top5_acc: 0.7366, loss_cls: 2.1856, loss: 2.1856
2026-09-13 21:16:04,231 - pyskl - INFO - Epoch [1][1000/6265]	lr: 2.499e-02, eta: 3 days, 7:41:21, time: 2.845, data_time: 0.000, memory: 5243, top1_acc: 0.3831, top5_acc: 0.7606, loss_cls: 2.0854, loss: 2.0854
2026-09-13 21:20:48,698 - pyskl - INFO - Epoch [1][1100/6265]	lr: 2.499e-02, eta: 3 days, 7:29:36, time: 2.845, data_time: 0.000, memory: 5243, top1_acc: 0.3844, top5_acc: 0.7641, loss_cls: 2.0591, loss: 2.0591
2026-09-13 21:25:33,940 - pyskl - INFO - Epoch [1][1200/6265]	lr: 2.499e-02, eta: 3 days, 7:20:05, time: 2.852, data_time: 0.000, memory: 5243, top1_acc: 0.4278, top5_acc: 0.7984, loss_cls: 1.9129, loss: 1.9129
2026-09-13 21:30:18,234 - pyskl - INFO - Epoch [1][1300/6265]	lr: 2.499e-02, eta: 3 days, 7:10:06, time: 2.843, data_time: 0.000, memory: 5243, top1_acc: 0.4056, top5_acc: 0.7831, loss_cls: 1.9594, loss: 1.9594
2026-09-13 21:35:02,700 - pyskl - INFO - Epoch [1][1400/6265]	lr: 2.499e-02, eta: 3 days, 7:01:04, time: 2.845, data_time: 0.000, memory: 5243, top1_acc: 0.4469, top5_acc: 0.8078, loss_cls: 1.8529, loss: 1.8529
2026-09-13 21:39:47,489 - pyskl - INFO - Epoch [1][1500/6265]	lr: 2.499e-02, eta: 3 days, 6:52:58, time: 2.848, data_time: 0.000, memory: 5243, top1_acc: 0.4628, top5_acc: 0.8250, loss_cls: 1.7796, loss: 1.7796
2026-09-13 21:44:32,462 - pyskl - INFO - Epoch [1][1600/6265]	lr: 2.498e-02, eta: 3 days, 6:45:28, time: 2.850, data_time: 0.000, memory: 5243, top1_acc: 0.4816, top5_acc: 0.8275, loss_cls: 1.7292, loss: 1.7292
2026-09-13 21:49:17,042 - pyskl - INFO - Epoch [1][1700/6265]	lr: 2.498e-02, eta: 3 days, 6:37:55, time: 2.846, data_time: 0.000, memory: 5243, top1_acc: 0.4831, top5_acc: 0.8403, loss_cls: 1.6884, loss: 1.6884
2026-09-13 21:54:01,552 - pyskl - INFO - Epoch [1][1800/6265]	lr: 2.498e-02, eta: 3 days, 6:30:37, time: 2.845, data_time: 0.000, memory: 5243, top1_acc: 0.5066, top5_acc: 0.8441, loss_cls: 1.6349, loss: 1.6349
2026-09-13 21:58:45,850 - pyskl - INFO - Epoch [1][1900/6265]	lr: 2.498e-02, eta: 3 days, 6:23:24, time: 2.843, data_time: 0.000, memory: 5243, top1_acc: 0.5159, top5_acc: 0.8569, loss_cls: 1.5933, loss: 1.5933
2026-09-13 22:03:29,956 - pyskl - INFO - Epoch [1][2000/6265]	lr: 2.498e-02, eta: 3 days, 6:16:16, time: 2.841, data_time: 0.000, memory: 5243, top1_acc: 0.5387, top5_acc: 0.8600, loss_cls: 1.5373, loss: 1.5373
2026-09-13 22:08:13,746 - pyskl - INFO - Epoch [1][2100/6265]	lr: 2.497e-02, eta: 3 days, 6:09:08, time: 2.838, data_time: 0.000, memory: 5243, top1_acc: 0.5537, top5_acc: 0.8553, loss_cls: 1.5248, loss: 1.5248
2026-09-13 22:12:58,135 - pyskl - INFO - Epoch [1][2200/6265]	lr: 2.497e-02, eta: 3 days, 6:02:39, time: 2.844, data_time: 0.000, memory: 5243, top1_acc: 0.5350, top5_acc: 0.8672, loss_cls: 1.5164, loss: 1.5164
2026-09-13 22:17:41,957 - pyskl - INFO - Epoch [1][2300/6265]	lr: 2.497e-02, eta: 3 days, 5:55:55, time: 2.838, data_time: 0.000, memory: 5243, top1_acc: 0.5400, top5_acc: 0.8675, loss_cls: 1.4723, loss: 1.4723
2026-09-13 22:22:26,021 - pyskl - INFO - Epoch [1][2400/6265]	lr: 2.496e-02, eta: 3 days, 5:49:31, time: 2.841, data_time: 0.000, memory: 5243, top1_acc: 0.5616, top5_acc: 0.8694, loss_cls: 1.4571, loss: 1.4571
2026-09-13 22:27:10,435 - pyskl - INFO - Epoch [1][2500/6265]	lr: 2.496e-02, eta: 3 days, 5:43:29, time: 2.844, data_time: 0.000, memory: 5243, top1_acc: 0.5866, top5_acc: 0.8759, loss_cls: 1.3664, loss: 1.3664
2026-09-13 22:31:55,244 - pyskl - INFO - Epoch [1][2600/6265]	lr: 2.496e-02, eta: 3 days, 5:37:47, time: 2.848, data_time: 0.000, memory: 5243, top1_acc: 0.5894, top5_acc: 0.8841, loss_cls: 1.3601, loss: 1.3601
2026-09-13 22:36:39,733 - pyskl - INFO - Epoch [1][2700/6265]	lr: 2.496e-02, eta: 3 days, 5:31:58, time: 2.845, data_time: 0.000, memory: 5243, top1_acc: 0.5881, top5_acc: 0.8781, loss_cls: 1.3815, loss: 1.3815
2026-09-13 22:41:24,529 - pyskl - INFO - Epoch [1][2800/6265]	lr: 2.495e-02, eta: 3 days, 5:26:25, time: 2.848, data_time: 0.000, memory: 5243, top1_acc: 0.5947, top5_acc: 0.8841, loss_cls: 1.3517, loss: 1.3517
2026-09-13 22:46:09,293 - pyskl - INFO - Epoch [1][2900/6265]	lr: 2.495e-02, eta: 3 days, 5:20:53, time: 2.848, data_time: 0.000, memory: 5243, top1_acc: 0.5916, top5_acc: 0.8791, loss_cls: 1.3497, loss: 1.3497
2026-09-13 22:50:57,282 - pyskl - INFO - Epoch [1][3000/6265]	lr: 2.494e-02, eta: 3 days, 5:17:10, time: 2.880, data_time: 0.000, memory: 5243, top1_acc: 0.5991, top5_acc: 0.8900, loss_cls: 1.3137, loss: 1.3137
2026-09-13 22:55:41,790 - pyskl - INFO - Epoch [1][3100/6265]	lr: 2.494e-02, eta: 3 days, 5:11:33, time: 2.845, data_time: 0.000, memory: 5243, top1_acc: 0.5903, top5_acc: 0.8819, loss_cls: 1.3580, loss: 1.3580
2026-09-13 23:00:26,770 - pyskl - INFO - Epoch [1][3200/6265]	lr: 2.494e-02, eta: 3 days, 5:06:14, time: 2.850, data_time: 0.000, memory: 5243, top1_acc: 0.6128, top5_acc: 0.8866, loss_cls: 1.2904, loss: 1.2904
2026-09-13 23:05:11,246 - pyskl - INFO - Epoch [1][3300/6265]	lr: 2.493e-02, eta: 3 days, 5:00:42, time: 2.845, data_time: 0.000, memory: 5243, top1_acc: 0.6141, top5_acc: 0.8850, loss_cls: 1.2785, loss: 1.2785
2026-09-13 23:09:56,523 - pyskl - INFO - Epoch [1][3400/6265]	lr: 2.493e-02, eta: 3 days, 4:55:35, time: 2.853, data_time: 0.000, memory: 5243, top1_acc: 0.6234, top5_acc: 0.8931, loss_cls: 1.2563, loss: 1.2563
2026-09-13 23:14:41,022 - pyskl - INFO - Epoch [1][3500/6265]	lr: 2.492e-02, eta: 3 days, 4:50:08, time: 2.845, data_time: 0.000, memory: 5243, top1_acc: 0.6350, top5_acc: 0.9034, loss_cls: 1.1858, loss: 1.1858
2026-09-13 23:19:25,835 - pyskl - INFO - Epoch [1][3600/6265]	lr: 2.492e-02, eta: 3 days, 4:44:53, time: 2.848, data_time: 0.000, memory: 5243, top1_acc: 0.6222, top5_acc: 0.8950, loss_cls: 1.2468, loss: 1.2468
2026-09-13 23:24:10,746 - pyskl - INFO - Epoch [1][3700/6265]	lr: 2.492e-02, eta: 3 days, 4:39:41, time: 2.849, data_time: 0.000, memory: 5243, top1_acc: 0.6350, top5_acc: 0.9000, loss_cls: 1.2064, loss: 1.2064
2026-09-13 23:28:55,581 - pyskl - INFO - Epoch [1][3800/6265]	lr: 2.491e-02, eta: 3 days, 4:34:29, time: 2.848, data_time: 0.000, memory: 5243, top1_acc: 0.6228, top5_acc: 0.8909, loss_cls: 1.2530, loss: 1.2530
2026-09-13 23:33:40,449 - pyskl - INFO - Epoch [1][3900/6265]	lr: 2.491e-02, eta: 3 days, 4:29:19, time: 2.849, data_time: 0.000, memory: 5243, top1_acc: 0.6503, top5_acc: 0.8984, loss_cls: 1.1728, loss: 1.1728
2026-09-13 23:38:25,148 - pyskl - INFO - Epoch [1][4000/6265]	lr: 2.490e-02, eta: 3 days, 4:24:06, time: 2.847, data_time: 0.000, memory: 5243, top1_acc: 0.6394, top5_acc: 0.8956, loss_cls: 1.1968, loss: 1.1968
2026-09-13 23:43:10,075 - pyskl - INFO - Epoch [1][4100/6265]	lr: 2.490e-02, eta: 3 days, 4:19:00, time: 2.849, data_time: 0.000, memory: 5243, top1_acc: 0.6394, top5_acc: 0.8941, loss_cls: 1.2001, loss: 1.2001
2026-09-13 23:47:54,465 - pyskl - INFO - Epoch [1][4200/6265]	lr: 2.489e-02, eta: 3 days, 4:13:42, time: 2.844, data_time: 0.000, memory: 5243, top1_acc: 0.6394, top5_acc: 0.9056, loss_cls: 1.1714, loss: 1.1714
2026-09-13 23:52:39,217 - pyskl - INFO - Epoch [1][4300/6265]	lr: 2.489e-02, eta: 3 days, 4:08:35, time: 2.848, data_time: 0.000, memory: 5243, top1_acc: 0.6472, top5_acc: 0.9028, loss_cls: 1.1603, loss: 1.1603
2026-09-13 23:57:24,158 - pyskl - INFO - Epoch [1][4400/6265]	lr: 2.488e-02, eta: 3 days, 4:03:32, time: 2.849, data_time: 0.000, memory: 5243, top1_acc: 0.6634, top5_acc: 0.9094, loss_cls: 1.1134, loss: 1.1134
2026-09-14 00:02:08,697 - pyskl - INFO - Epoch [1][4500/6265]	lr: 2.488e-02, eta: 3 days, 3:58:22, time: 2.845, data_time: 0.000, memory: 5243, top1_acc: 0.6506, top5_acc: 0.9119, loss_cls: 1.1388, loss: 1.1388
2026-09-14 00:06:52,456 - pyskl - INFO - Epoch [1][4600/6265]	lr: 2.487e-02, eta: 3 days, 3:52:56, time: 2.838, data_time: 0.000, memory: 5243, top1_acc: 0.6656, top5_acc: 0.9056, loss_cls: 1.1246, loss: 1.1246
2026-09-14 00:11:36,538 - pyskl - INFO - Epoch [1][4700/6265]	lr: 2.486e-02, eta: 3 days, 3:47:39, time: 2.841, data_time: 0.000, memory: 5243, top1_acc: 0.6647, top5_acc: 0.9053, loss_cls: 1.1156, loss: 1.1156
2026-09-14 00:16:20,221 - pyskl - INFO - Epoch [1][4800/6265]	lr: 2.486e-02, eta: 3 days, 3:42:15, time: 2.837, data_time: 0.000, memory: 5243, top1_acc: 0.6813, top5_acc: 0.9219, loss_cls: 1.0611, loss: 1.0611
2026-09-14 00:21:04,127 - pyskl - INFO - Epoch [1][4900/6265]	lr: 2.485e-02, eta: 3 days, 3:36:58, time: 2.839, data_time: 0.000, memory: 5243, top1_acc: 0.6716, top5_acc: 0.9103, loss_cls: 1.0794, loss: 1.0794
2026-09-14 00:25:48,382 - pyskl - INFO - Epoch [1][5000/6265]	lr: 2.485e-02, eta: 3 days, 3:31:48, time: 2.843, data_time: 0.000, memory: 5243, top1_acc: 0.6803, top5_acc: 0.9156, loss_cls: 1.0728, loss: 1.0728
2026-09-14 00:30:32,951 - pyskl - INFO - Epoch [1][5100/6265]	lr: 2.484e-02, eta: 3 days, 3:26:45, time: 2.846, data_time: 0.000, memory: 5243, top1_acc: 0.6684, top5_acc: 0.9100, loss_cls: 1.1073, loss: 1.1073
2026-09-14 00:35:17,498 - pyskl - INFO - Epoch [1][5200/6265]	lr: 2.483e-02, eta: 3 days, 3:21:43, time: 2.845, data_time: 0.000, memory: 5243, top1_acc: 0.6628, top5_acc: 0.9131, loss_cls: 1.0985, loss: 1.0985
2026-09-14 00:40:02,361 - pyskl - INFO - Epoch [1][5300/6265]	lr: 2.483e-02, eta: 3 days, 3:16:46, time: 2.849, data_time: 0.000, memory: 5243, top1_acc: 0.6878, top5_acc: 0.9113, loss_cls: 1.0662, loss: 1.0662
2026-09-14 00:44:47,280 - pyskl - INFO - Epoch [1][5400/6265]	lr: 2.482e-02, eta: 3 days, 3:11:52, time: 2.849, data_time: 0.000, memory: 5243, top1_acc: 0.6844, top5_acc: 0.9134, loss_cls: 1.0616, loss: 1.0616
2026-09-14 00:49:32,261 - pyskl - INFO - Epoch [1][5500/6265]	lr: 2.481e-02, eta: 3 days, 3:06:58, time: 2.850, data_time: 0.000, memory: 5243, top1_acc: 0.6756, top5_acc: 0.9097, loss_cls: 1.0775, loss: 1.0775
2026-09-14 00:54:17,233 - pyskl - INFO - Epoch [1][5600/6265]	lr: 2.481e-02, eta: 3 days, 3:02:05, time: 2.850, data_time: 0.000, memory: 5243, top1_acc: 0.6828, top5_acc: 0.9038, loss_cls: 1.0733, loss: 1.0733
2026-09-14 00:59:02,638 - pyskl - INFO - Epoch [1][5700/6265]	lr: 2.480e-02, eta: 3 days, 2:57:19, time: 2.854, data_time: 0.000, memory: 5243, top1_acc: 0.6719, top5_acc: 0.9175, loss_cls: 1.0515, loss: 1.0515
2026-09-14 01:03:47,678 - pyskl - INFO - Epoch [1][5800/6265]	lr: 2.479e-02, eta: 3 days, 2:52:28, time: 2.850, data_time: 0.000, memory: 5243, top1_acc: 0.7056, top5_acc: 0.9237, loss_cls: 0.9855, loss: 0.9855
2026-09-14 01:08:33,044 - pyskl - INFO - Epoch [1][5900/6265]	lr: 2.479e-02, eta: 3 days, 2:47:41, time: 2.854, data_time: 0.000, memory: 5243, top1_acc: 0.6991, top5_acc: 0.9172, loss_cls: 1.0105, loss: 1.0105
2026-09-14 01:13:17,688 - pyskl - INFO - Epoch [1][6000/6265]	lr: 2.478e-02, eta: 3 days, 2:42:44, time: 2.846, data_time: 0.000, memory: 5243, top1_acc: 0.6800, top5_acc: 0.9084, loss_cls: 1.0922, loss: 1.0922
2026-09-14 01:18:02,547 - pyskl - INFO - Epoch [1][6100/6265]	lr: 2.477e-02, eta: 3 days, 2:37:50, time: 2.849, data_time: 0.000, memory: 5243, top1_acc: 0.6947, top5_acc: 0.9191, loss_cls: 1.0199, loss: 1.0199
2026-09-14 01:22:47,453 - pyskl - INFO - Epoch [1][6200/6265]	lr: 2.476e-02, eta: 3 days, 2:32:57, time: 2.849, data_time: 0.000, memory: 5243, top1_acc: 0.6931, top5_acc: 0.9166, loss_cls: 1.0123, loss: 1.0123
2026-09-14 01:25:50,936 - pyskl - INFO - Saving checkpoint at 1 epochs
2026-09-14 01:46:27,963 - pyskl - INFO - Evaluating top_k_accuracy ...
2026-09-14 01:46:28,004 - pyskl - INFO - 
top1_acc	0.7157
top5_acc	0.9395
2026-09-14 01:46:28,099 - pyskl - INFO - Now best checkpoint is saved as best_top1_acc_epoch_1.pth.
2026-09-14 01:46:28,099 - pyskl - INFO - Best top1_acc is 0.7157 at 1 epoch.
2026-09-14 01:46:28,101 - pyskl - INFO - Epoch(val) [1][516]	top1_acc: 0.7157, top5_acc: 0.9395
2026-09-14 01:51:26,889 - pyskl - INFO - Epoch [2][100/6265]	lr: 2.475e-02, eta: 3 days, 1:42:48, time: 2.988, data_time: 0.087, memory: 5243, top1_acc: 0.6872, top5_acc: 0.9122, loss_cls: 1.0430, loss: 1.0430
2026-09-14 01:56:12,186 - pyskl - INFO - Epoch [2][200/6265]	lr: 2.474e-02, eta: 3 days, 1:38:43, time: 2.853, data_time: 0.000, memory: 5243, top1_acc: 0.7047, top5_acc: 0.9144, loss_cls: 0.9976, loss: 0.9976
2026-09-14 02:00:57,067 - pyskl - INFO - Epoch [2][300/6265]	lr: 2.474e-02, eta: 3 days, 1:34:31, time: 2.849, data_time: 0.000, memory: 5243, top1_acc: 0.7172, top5_acc: 0.9237, loss_cls: 0.9500, loss: 0.9500
2026-09-14 02:05:41,689 - pyskl - INFO - Epoch [2][400/6265]	lr: 2.473e-02, eta: 3 days, 1:30:15, time: 2.846, data_time: 0.000, memory: 5243, top1_acc: 0.7181, top5_acc: 0.9222, loss_cls: 0.9600, loss: 0.9600
2026-09-14 02:10:26,713 - pyskl - INFO - Epoch [2][500/6265]	lr: 2.472e-02, eta: 3 days, 1:26:03, time: 2.850, data_time: 0.000, memory: 5243, top1_acc: 0.7147, top5_acc: 0.9241, loss_cls: 0.9682, loss: 0.9682
2026-09-14 02:15:11,473 - pyskl - INFO - Epoch [2][600/6265]	lr: 2.471e-02, eta: 3 days, 1:21:47, time: 2.848, data_time: 0.000, memory: 5243, top1_acc: 0.7063, top5_acc: 0.9309, loss_cls: 0.9490, loss: 0.9490
2026-09-14 02:19:56,204 - pyskl - INFO - Epoch [2][700/6265]	lr: 2.470e-02, eta: 3 days, 1:17:29, time: 2.847, data_time: 0.000, memory: 5243, top1_acc: 0.7172, top5_acc: 0.9216, loss_cls: 0.9468, loss: 0.9468
2026-09-14 02:24:40,822 - pyskl - INFO - Epoch [2][800/6265]	lr: 2.469e-02, eta: 3 days, 1:13:09, time: 2.846, data_time: 0.000, memory: 5243, top1_acc: 0.7047, top5_acc: 0.9237, loss_cls: 0.9828, loss: 0.9828
2026-09-14 02:29:25,766 - pyskl - INFO - Epoch [2][900/6265]	lr: 2.469e-02, eta: 3 days, 1:08:53, time: 2.849, data_time: 0.000, memory: 5243, top1_acc: 0.6981, top5_acc: 0.9234, loss_cls: 0.9838, loss: 0.9838
2026-09-14 02:34:10,463 - pyskl - INFO - Epoch [2][1000/6265]	lr: 2.468e-02, eta: 3 days, 1:04:32, time: 2.847, data_time: 0.000, memory: 5243, top1_acc: 0.7109, top5_acc: 0.9181, loss_cls: 0.9805, loss: 0.9805
2026-09-14 02:38:55,255 - pyskl - INFO - Epoch [2][1100/6265]	lr: 2.467e-02, eta: 3 days, 1:00:13, time: 2.848, data_time: 0.000, memory: 5243, top1_acc: 0.7141, top5_acc: 0.9237, loss_cls: 0.9585, loss: 0.9585
2026-09-14 02:43:39,706 - pyskl - INFO - Epoch [2][1200/6265]	lr: 2.466e-02, eta: 3 days, 0:55:48, time: 2.845, data_time: 0.000, memory: 5243, top1_acc: 0.7025, top5_acc: 0.9187, loss_cls: 1.0103, loss: 1.0103
2026-09-14 02:48:24,393 - pyskl - INFO - Epoch [2][1300/6265]	lr: 2.465e-02, eta: 3 days, 0:51:26, time: 2.847, data_time: 0.000, memory: 5243, top1_acc: 0.7284, top5_acc: 0.9244, loss_cls: 0.9336, loss: 0.9336
2026-09-14 02:53:09,416 - pyskl - INFO - Epoch [2][1400/6265]	lr: 2.464e-02, eta: 3 days, 0:47:07, time: 2.850, data_time: 0.000, memory: 5243, top1_acc: 0.7259, top5_acc: 0.9284, loss_cls: 0.9320, loss: 0.9320
2026-09-14 02:57:54,263 - pyskl - INFO - Epoch [2][1500/6265]	lr: 2.463e-02, eta: 3 days, 0:42:45, time: 2.848, data_time: 0.000, memory: 5243, top1_acc: 0.6928, top5_acc: 0.9191, loss_cls: 0.9937, loss: 0.9937
2026-09-14 03:02:38,951 - pyskl - INFO - Epoch [2][1600/6265]	lr: 2.462e-02, eta: 3 days, 0:38:21, time: 2.847, data_time: 0.000, memory: 5243, top1_acc: 0.7169, top5_acc: 0.9231, loss_cls: 0.9695, loss: 0.9695
2026-09-14 03:07:24,066 - pyskl - INFO - Epoch [2][1700/6265]	lr: 2.461e-02, eta: 3 days, 0:34:02, time: 2.851, data_time: 0.000, memory: 5243, top1_acc: 0.7169, top5_acc: 0.9203, loss_cls: 0.9605, loss: 0.9605
2026-09-14 03:12:09,266 - pyskl - INFO - Epoch [2][1800/6265]	lr: 2.460e-02, eta: 3 days, 0:29:43, time: 2.852, data_time: 0.000, memory: 5243, top1_acc: 0.7306, top5_acc: 0.9303, loss_cls: 0.9065, loss: 0.9065
2026-09-14 03:16:55,440 - pyskl - INFO - Epoch [2][1900/6265]	lr: 2.459e-02, eta: 3 days, 0:25:34, time: 2.862, data_time: 0.000, memory: 5243, top1_acc: 0.7150, top5_acc: 0.9250, loss_cls: 0.9582, loss: 0.9582
2026-09-14 03:21:39,906 - pyskl - INFO - Epoch [2][2000/6265]	lr: 2.458e-02, eta: 3 days, 0:21:05, time: 2.845, data_time: 0.000, memory: 5243, top1_acc: 0.7206, top5_acc: 0.9337, loss_cls: 0.9184, loss: 0.9184
2026-09-14 03:26:24,826 - pyskl - INFO - Epoch [2][2100/6265]	lr: 2.457e-02, eta: 3 days, 0:16:41, time: 2.849, data_time: 0.000, memory: 5243, top1_acc: 0.7269, top5_acc: 0.9244, loss_cls: 0.9221, loss: 0.9221
2026-09-14 03:31:09,227 - pyskl - INFO - Epoch [2][2200/6265]	lr: 2.456e-02, eta: 3 days, 0:12:10, time: 2.844, data_time: 0.000, memory: 5243, top1_acc: 0.7228, top5_acc: 0.9259, loss_cls: 0.9143, loss: 0.9143
2026-09-14 03:35:53,219 - pyskl - INFO - Epoch [2][2300/6265]	lr: 2.455e-02, eta: 3 days, 0:07:35, time: 2.840, data_time: 0.000, memory: 5243, top1_acc: 0.7228, top5_acc: 0.9237, loss_cls: 0.9232, loss: 0.9232
2026-09-14 03:40:37,713 - pyskl - INFO - Epoch [2][2400/6265]	lr: 2.454e-02, eta: 3 days, 0:03:05, time: 2.845, data_time: 0.000, memory: 5243, top1_acc: 0.7144, top5_acc: 0.9313, loss_cls: 0.9292, loss: 0.9292
2026-09-14 03:45:21,668 - pyskl - INFO - Epoch [2][2500/6265]	lr: 2.453e-02, eta: 2 days, 23:58:29, time: 2.840, data_time: 0.000, memory: 5243, top1_acc: 0.7156, top5_acc: 0.9278, loss_cls: 0.9364, loss: 0.9364
2026-09-14 03:50:06,283 - pyskl - INFO - Epoch [2][2600/6265]	lr: 2.452e-02, eta: 2 days, 23:54:00, time: 2.846, data_time: 0.000, memory: 5243, top1_acc: 0.7322, top5_acc: 0.9247, loss_cls: 0.9095, loss: 0.9095
2026-09-14 03:54:50,440 - pyskl - INFO - Epoch [2][2700/6265]	lr: 2.451e-02, eta: 2 days, 23:49:26, time: 2.842, data_time: 0.000, memory: 5243, top1_acc: 0.7325, top5_acc: 0.9325, loss_cls: 0.8931, loss: 0.8931
2026-09-14 03:59:35,602 - pyskl - INFO - Epoch [2][2800/6265]	lr: 2.450e-02, eta: 2 days, 23:45:02, time: 2.852, data_time: 0.000, memory: 5243, top1_acc: 0.7216, top5_acc: 0.9284, loss_cls: 0.9411, loss: 0.9411
2026-09-14 04:04:19,352 - pyskl - INFO - Epoch [2][2900/6265]	lr: 2.449e-02, eta: 2 days, 23:40:23, time: 2.837, data_time: 0.000, memory: 5243, top1_acc: 0.7269, top5_acc: 0.9228, loss_cls: 0.9216, loss: 0.9216
2026-09-14 04:09:03,536 - pyskl - INFO - Epoch [2][3000/6265]	lr: 2.448e-02, eta: 2 days, 23:35:48, time: 2.842, data_time: 0.000, memory: 5243, top1_acc: 0.7353, top5_acc: 0.9284, loss_cls: 0.8748, loss: 0.8748
2026-09-14 04:13:47,612 - pyskl - INFO - Epoch [2][3100/6265]	lr: 2.447e-02, eta: 2 days, 23:31:12, time: 2.841, data_time: 0.000, memory: 5243, top1_acc: 0.7312, top5_acc: 0.9287, loss_cls: 0.9067, loss: 0.9067
2026-09-14 04:18:31,773 - pyskl - INFO - Epoch [2][3200/6265]	lr: 2.445e-02, eta: 2 days, 23:26:37, time: 2.842, data_time: 0.000, memory: 5243, top1_acc: 0.7347, top5_acc: 0.9222, loss_cls: 0.9019, loss: 0.9019
2026-09-14 04:23:15,824 - pyskl - INFO - Epoch [2][3300/6265]	lr: 2.444e-02, eta: 2 days, 23:22:00, time: 2.841, data_time: 0.000, memory: 5243, top1_acc: 0.7316, top5_acc: 0.9278, loss_cls: 0.8930, loss: 0.8930
2026-09-14 04:28:00,250 - pyskl - INFO - Epoch [2][3400/6265]	lr: 2.443e-02, eta: 2 days, 23:17:27, time: 2.844, data_time: 0.000, memory: 5243, top1_acc: 0.7081, top5_acc: 0.9266, loss_cls: 0.9559, loss: 0.9559
2026-09-14 04:32:45,443 - pyskl - INFO - Epoch [2][3500/6265]	lr: 2.442e-02, eta: 2 days, 23:13:01, time: 2.852, data_time: 0.000, memory: 5243, top1_acc: 0.7275, top5_acc: 0.9287, loss_cls: 0.8988, loss: 0.8988
2026-09-14 04:37:29,933 - pyskl - INFO - Epoch [2][3600/6265]	lr: 2.441e-02, eta: 2 days, 23:08:27, time: 2.845, data_time: 0.000, memory: 5243, top1_acc: 0.7144, top5_acc: 0.9231, loss_cls: 0.9490, loss: 0.9490
2026-09-14 04:42:14,388 - pyskl - INFO - Epoch [2][3700/6265]	lr: 2.440e-02, eta: 2 days, 23:03:54, time: 2.845, data_time: 0.000, memory: 5243, top1_acc: 0.7369, top5_acc: 0.9313, loss_cls: 0.8781, loss: 0.8781
2026-09-14 04:46:59,096 - pyskl - INFO - Epoch [2][3800/6265]	lr: 2.438e-02, eta: 2 days, 22:59:22, time: 2.847, data_time: 0.000, memory: 5243, top1_acc: 0.7225, top5_acc: 0.9253, loss_cls: 0.9185, loss: 0.9185
2026-09-14 04:51:48,819 - pyskl - INFO - Epoch [2][3900/6265]	lr: 2.437e-02, eta: 2 days, 22:55:35, time: 2.897, data_time: 0.000, memory: 5243, top1_acc: 0.7341, top5_acc: 0.9300, loss_cls: 0.8865, loss: 0.8865
2026-09-14 04:56:33,535 - pyskl - INFO - Epoch [2][4000/6265]	lr: 2.436e-02, eta: 2 days, 22:51:02, time: 2.847, data_time: 0.000, memory: 5243, top1_acc: 0.7484, top5_acc: 0.9400, loss_cls: 0.8362, loss: 0.8362
2026-09-14 05:01:18,476 - pyskl - INFO - Epoch [2][4100/6265]	lr: 2.435e-02, eta: 2 days, 22:46:31, time: 2.849, data_time: 0.000, memory: 5243, top1_acc: 0.7366, top5_acc: 0.9325, loss_cls: 0.8664, loss: 0.8664
2026-09-14 05:06:03,319 - pyskl - INFO - Epoch [2][4200/6265]	lr: 2.433e-02, eta: 2 days, 22:41:59, time: 2.848, data_time: 0.000, memory: 5243, top1_acc: 0.7241, top5_acc: 0.9275, loss_cls: 0.9184, loss: 0.9184
2026-09-14 05:10:47,917 - pyskl - INFO - Epoch [2][4300/6265]	lr: 2.432e-02, eta: 2 days, 22:37:25, time: 2.846, data_time: 0.000, memory: 5243, top1_acc: 0.7503, top5_acc: 0.9325, loss_cls: 0.8636, loss: 0.8636
2026-09-14 05:15:32,433 - pyskl - INFO - Epoch [2][4400/6265]	lr: 2.431e-02, eta: 2 days, 22:32:50, time: 2.845, data_time: 0.000, memory: 5243, top1_acc: 0.7412, top5_acc: 0.9353, loss_cls: 0.8748, loss: 0.8748
2026-09-14 05:20:17,325 - pyskl - INFO - Epoch [2][4500/6265]	lr: 2.430e-02, eta: 2 days, 22:28:18, time: 2.849, data_time: 0.000, memory: 5243, top1_acc: 0.7412, top5_acc: 0.9372, loss_cls: 0.8665, loss: 0.8665
2026-09-14 05:25:02,296 - pyskl - INFO - Epoch [2][4600/6265]	lr: 2.428e-02, eta: 2 days, 22:23:46, time: 2.850, data_time: 0.000, memory: 5243, top1_acc: 0.7353, top5_acc: 0.9213, loss_cls: 0.9232, loss: 0.9232
2026-09-14 05:29:46,994 - pyskl - INFO - Epoch [2][4700/6265]	lr: 2.427e-02, eta: 2 days, 22:19:12, time: 2.847, data_time: 0.000, memory: 5243, top1_acc: 0.7425, top5_acc: 0.9334, loss_cls: 0.8578, loss: 0.8578
2026-09-14 05:34:31,501 - pyskl - INFO - Epoch [2][4800/6265]	lr: 2.426e-02, eta: 2 days, 22:14:36, time: 2.845, data_time: 0.000, memory: 5243, top1_acc: 0.7388, top5_acc: 0.9366, loss_cls: 0.8710, loss: 0.8710
2026-09-14 05:39:16,014 - pyskl - INFO - Epoch [2][4900/6265]	lr: 2.424e-02, eta: 2 days, 22:10:00, time: 2.845, data_time: 0.000, memory: 5243, top1_acc: 0.7500, top5_acc: 0.9397, loss_cls: 0.8377, loss: 0.8377
2026-09-14 05:44:00,341 - pyskl - INFO - Epoch [2][5000/6265]	lr: 2.423e-02, eta: 2 days, 22:05:22, time: 2.843, data_time: 0.000, memory: 5243, top1_acc: 0.7541, top5_acc: 0.9428, loss_cls: 0.8128, loss: 0.8128
2026-09-14 05:48:44,878 - pyskl - INFO - Epoch [2][5100/6265]	lr: 2.422e-02, eta: 2 days, 22:00:46, time: 2.845, data_time: 0.000, memory: 5243, top1_acc: 0.7403, top5_acc: 0.9397, loss_cls: 0.8558, loss: 0.8558
2026-09-14 05:53:29,731 - pyskl - INFO - Epoch [2][5200/6265]	lr: 2.420e-02, eta: 2 days, 21:56:12, time: 2.849, data_time: 0.000, memory: 5243, top1_acc: 0.7303, top5_acc: 0.9337, loss_cls: 0.8982, loss: 0.8982
2026-09-14 05:58:14,884 - pyskl - INFO - Epoch [2][5300/6265]	lr: 2.419e-02, eta: 2 days, 21:51:40, time: 2.852, data_time: 0.000, memory: 5243, top1_acc: 0.7347, top5_acc: 0.9259, loss_cls: 0.8934, loss: 0.8934
2026-09-14 06:02:58,966 - pyskl - INFO - Epoch [2][5400/6265]	lr: 2.417e-02, eta: 2 days, 21:47:00, time: 2.841, data_time: 0.000, memory: 5243, top1_acc: 0.7475, top5_acc: 0.9387, loss_cls: 0.8455, loss: 0.8455
2026-09-14 06:07:42,814 - pyskl - INFO - Epoch [2][5500/6265]	lr: 2.416e-02, eta: 2 days, 21:42:18, time: 2.838, data_time: 0.000, memory: 5243, top1_acc: 0.7544, top5_acc: 0.9356, loss_cls: 0.8520, loss: 0.8520
2026-09-14 06:12:27,267 - pyskl - INFO - Epoch [2][5600/6265]	lr: 2.415e-02, eta: 2 days, 21:37:41, time: 2.845, data_time: 0.000, memory: 5243, top1_acc: 0.7234, top5_acc: 0.9256, loss_cls: 0.9170, loss: 0.9170
2026-09-14 06:17:11,321 - pyskl - INFO - Epoch [2][5700/6265]	lr: 2.413e-02, eta: 2 days, 21:33:00, time: 2.841, data_time: 0.000, memory: 5243, top1_acc: 0.7453, top5_acc: 0.9378, loss_cls: 0.8421, loss: 0.8421
2026-09-14 06:21:55,306 - pyskl - INFO - Epoch [2][5800/6265]	lr: 2.412e-02, eta: 2 days, 21:28:19, time: 2.840, data_time: 0.000, memory: 5243, top1_acc: 0.7512, top5_acc: 0.9341, loss_cls: 0.8407, loss: 0.8407
2026-09-14 06:26:39,815 - pyskl - INFO - Epoch [2][5900/6265]	lr: 2.410e-02, eta: 2 days, 21:23:42, time: 2.845, data_time: 0.000, memory: 5243, top1_acc: 0.7553, top5_acc: 0.9409, loss_cls: 0.7951, loss: 0.7951
2026-09-14 06:31:24,566 - pyskl - INFO - Epoch [2][6000/6265]	lr: 2.409e-02, eta: 2 days, 21:19:06, time: 2.848, data_time: 0.000, memory: 5243, top1_acc: 0.7350, top5_acc: 0.9356, loss_cls: 0.8514, loss: 0.8514
2026-09-14 06:36:09,165 - pyskl - INFO - Epoch [2][6100/6265]	lr: 2.407e-02, eta: 2 days, 21:14:29, time: 2.846, data_time: 0.000, memory: 5243, top1_acc: 0.7500, top5_acc: 0.9416, loss_cls: 0.8157, loss: 0.8157
2026-09-14 06:40:53,348 - pyskl - INFO - Epoch [2][6200/6265]	lr: 2.406e-02, eta: 2 days, 21:09:49, time: 2.842, data_time: 0.000, memory: 5243, top1_acc: 0.7269, top5_acc: 0.9263, loss_cls: 0.8875, loss: 0.8875
2026-09-14 06:43:56,533 - pyskl - INFO - Saving checkpoint at 2 epochs
2026-09-14 07:04:42,222 - pyskl - INFO - Evaluating top_k_accuracy ...
2026-09-14 07:04:42,263 - pyskl - INFO - 
top1_acc	0.7670
top5_acc	0.9484
2026-09-14 07:04:42,264 - pyskl - INFO - The previous best checkpoint D:\YxjProject\pythonProject\pyskl\work_dirs\aug_baseline\b_aug\stgcnpp_j\seed255\best_top1_acc_epoch_1.pth was removed
2026-09-14 07:04:42,352 - pyskl - INFO - Now best checkpoint is saved as best_top1_acc_epoch_2.pth.
2026-09-14 07:04:42,352 - pyskl - INFO - Best top1_acc is 0.7670 at 2 epoch.
2026-09-14 07:04:42,354 - pyskl - INFO - Epoch(val) [2][516]	top1_acc: 0.7670, top5_acc: 0.9484
2026-09-14 07:09:36,078 - pyskl - INFO - Epoch [3][100/6265]	lr: 2.403e-02, eta: 2 days, 20:41:52, time: 2.937, data_time: 0.086, memory: 5243, top1_acc: 0.7650, top5_acc: 0.9428, loss_cls: 0.8037, loss: 0.8037
2026-09-14 07:14:20,332 - pyskl - INFO - Epoch [3][200/6265]	lr: 2.402e-02, eta: 2 days, 20:37:23, time: 2.843, data_time: 0.000, memory: 5243, top1_acc: 0.7544, top5_acc: 0.9328, loss_cls: 0.8415, loss: 0.8415
2026-09-14 07:19:05,245 - pyskl - INFO - Epoch [3][300/6265]	lr: 2.400e-02, eta: 2 days, 20:32:58, time: 2.849, data_time: 0.000, memory: 5243, top1_acc: 0.7547, top5_acc: 0.9413, loss_cls: 0.8087, loss: 0.8087
2026-09-14 07:23:50,017 - pyskl - INFO - Epoch [3][400/6265]	lr: 2.399e-02, eta: 2 days, 20:28:33, time: 2.848, data_time: 0.000, memory: 5243, top1_acc: 0.7412, top5_acc: 0.9309, loss_cls: 0.8488, loss: 0.8488
2026-09-14 07:28:34,718 - pyskl - INFO - Epoch [3][500/6265]	lr: 2.397e-02, eta: 2 days, 20:24:06, time: 2.847, data_time: 0.000, memory: 5243, top1_acc: 0.7547, top5_acc: 0.9425, loss_cls: 0.8014, loss: 0.8014
2026-09-14 07:33:19,304 - pyskl - INFO - Epoch [3][600/6265]	lr: 2.396e-02, eta: 2 days, 20:19:38, time: 2.846, data_time: 0.000, memory: 5243, top1_acc: 0.7559, top5_acc: 0.9350, loss_cls: 0.8145, loss: 0.8145
2026-09-14 07:38:04,106 - pyskl - INFO - Epoch [3][700/6265]	lr: 2.394e-02, eta: 2 days, 20:15:12, time: 2.848, data_time: 0.000, memory: 5243, top1_acc: 0.7525, top5_acc: 0.9341, loss_cls: 0.8448, loss: 0.8448
2026-09-14 07:42:49,183 - pyskl - INFO - Epoch [3][800/6265]	lr: 2.393e-02, eta: 2 days, 20:10:47, time: 2.851, data_time: 0.000, memory: 5243, top1_acc: 0.7434, top5_acc: 0.9353, loss_cls: 0.8354, loss: 0.8354
2026-09-14 07:47:33,912 - pyskl - INFO - Epoch [3][900/6265]	lr: 2.391e-02, eta: 2 days, 20:06:20, time: 2.847, data_time: 0.000, memory: 5243, top1_acc: 0.7366, top5_acc: 0.9309, loss_cls: 0.8769, loss: 0.8769
2026-09-14 07:52:25,719 - pyskl - INFO - Epoch [3][1000/6265]	lr: 2.389e-02, eta: 2 days, 20:02:37, time: 2.918, data_time: 0.000, memory: 5243, top1_acc: 0.7688, top5_acc: 0.9425, loss_cls: 0.7826, loss: 0.7826
2026-09-14 07:57:11,816 - pyskl - INFO - Epoch [3][1100/6265]	lr: 2.388e-02, eta: 2 days, 19:58:18, time: 2.861, data_time: 0.000, memory: 5243, top1_acc: 0.7662, top5_acc: 0.9391, loss_cls: 0.7863, loss: 0.7863
2026-09-14 08:01:56,370 - pyskl - INFO - Epoch [3][1200/6265]	lr: 2.386e-02, eta: 2 days, 19:53:48, time: 2.846, data_time: 0.000, memory: 5243, top1_acc: 0.7547, top5_acc: 0.9291, loss_cls: 0.8372, loss: 0.8372
2026-09-14 08:06:40,334 - pyskl - INFO - Epoch [3][1300/6265]	lr: 2.384e-02, eta: 2 days, 19:49:14, time: 2.840, data_time: 0.000, memory: 5243, top1_acc: 0.7547, top5_acc: 0.9413, loss_cls: 0.7981, loss: 0.7981
2026-09-14 08:11:24,587 - pyskl - INFO - Epoch [3][1400/6265]	lr: 2.383e-02, eta: 2 days, 19:44:42, time: 2.843, data_time: 0.000, memory: 5243, top1_acc: 0.7500, top5_acc: 0.9387, loss_cls: 0.8315, loss: 0.8315
2026-09-14 08:16:08,470 - pyskl - INFO - Epoch [3][1500/6265]	lr: 2.381e-02, eta: 2 days, 19:40:08, time: 2.839, data_time: 0.000, memory: 5243, top1_acc: 0.7444, top5_acc: 0.9325, loss_cls: 0.8653, loss: 0.8653
2026-09-14 08:20:52,309 - pyskl - INFO - Epoch [3][1600/6265]	lr: 2.379e-02, eta: 2 days, 19:35:33, time: 2.838, data_time: 0.000, memory: 5243, top1_acc: 0.7600, top5_acc: 0.9397, loss_cls: 0.8209, loss: 0.8209
2026-09-14 08:25:36,729 - pyskl - INFO - Epoch [3][1700/6265]	lr: 2.378e-02, eta: 2 days, 19:31:01, time: 2.844, data_time: 0.000, memory: 5243, top1_acc: 0.7416, top5_acc: 0.9359, loss_cls: 0.8418, loss: 0.8418
2026-09-14 08:30:21,199 - pyskl - INFO - Epoch [3][1800/6265]	lr: 2.376e-02, eta: 2 days, 19:26:30, time: 2.845, data_time: 0.000, memory: 5243, top1_acc: 0.7556, top5_acc: 0.9359, loss_cls: 0.8228, loss: 0.8228
2026-09-14 08:35:05,072 - pyskl - INFO - Epoch [3][1900/6265]	lr: 2.374e-02, eta: 2 days, 19:21:55, time: 2.839, data_time: 0.000, memory: 5243, top1_acc: 0.7497, top5_acc: 0.9369, loss_cls: 0.8264, loss: 0.8264
2026-09-14 08:39:48,828 - pyskl - INFO - Epoch [3][2000/6265]	lr: 2.373e-02, eta: 2 days, 19:17:19, time: 2.838, data_time: 0.000, memory: 5243, top1_acc: 0.7622, top5_acc: 0.9406, loss_cls: 0.8062, loss: 0.8062
2026-09-14 08:44:32,824 - pyskl - INFO - Epoch [3][2100/6265]	lr: 2.371e-02, eta: 2 days, 19:12:44, time: 2.840, data_time: 0.000, memory: 5243, top1_acc: 0.7541, top5_acc: 0.9387, loss_cls: 0.8204, loss: 0.8204
2026-09-14 08:49:17,207 - pyskl - INFO - Epoch [3][2200/6265]	lr: 2.369e-02, eta: 2 days, 19:08:12, time: 2.844, data_time: 0.000, memory: 5243, top1_acc: 0.7603, top5_acc: 0.9375, loss_cls: 0.7984, loss: 0.7984
2026-09-14 08:54:01,434 - pyskl - INFO - Epoch [3][2300/6265]	lr: 2.367e-02, eta: 2 days, 19:03:38, time: 2.842, data_time: 0.000, memory: 5243, top1_acc: 0.7562, top5_acc: 0.9375, loss_cls: 0.8176, loss: 0.8176
2026-09-14 08:58:45,960 - pyskl - INFO - Epoch [3][2400/6265]	lr: 2.366e-02, eta: 2 days, 18:59:06, time: 2.845, data_time: 0.000, memory: 5243, top1_acc: 0.7759, top5_acc: 0.9359, loss_cls: 0.7679, loss: 0.7679
2026-09-14 09:03:30,585 - pyskl - INFO - Epoch [3][2500/6265]	lr: 2.364e-02, eta: 2 days, 18:54:35, time: 2.846, data_time: 0.000, memory: 5243, top1_acc: 0.7531, top5_acc: 0.9344, loss_cls: 0.8272, loss: 0.8272
2026-09-14 09:08:14,930 - pyskl - INFO - Epoch [3][2600/6265]	lr: 2.362e-02, eta: 2 days, 18:50:01, time: 2.843, data_time: 0.000, memory: 5243, top1_acc: 0.7588, top5_acc: 0.9384, loss_cls: 0.7966, loss: 0.7966
2026-09-14 09:12:59,416 - pyskl - INFO - Epoch [3][2700/6265]	lr: 2.360e-02, eta: 2 days, 18:45:29, time: 2.845, data_time: 0.000, memory: 5243, top1_acc: 0.7700, top5_acc: 0.9459, loss_cls: 0.7549, loss: 0.7549
2026-09-14 09:18:24,245 - pyskl - INFO - Epoch [3][2800/6265]	lr: 2.359e-02, eta: 2 days, 18:44:39, time: 3.248, data_time: 0.000, memory: 5243, top1_acc: 0.7634, top5_acc: 0.9409, loss_cls: 0.7782, loss: 0.7782
2026-09-14 09:24:34,593 - pyskl - INFO - Epoch [3][2900/6265]	lr: 2.357e-02, eta: 2 days, 18:47:56, time: 3.703, data_time: 0.000, memory: 5243, top1_acc: 0.7522, top5_acc: 0.9394, loss_cls: 0.7940, loss: 0.7940
2026-09-14 09:30:43,706 - pyskl - INFO - Epoch [3][3000/6265]	lr: 2.355e-02, eta: 2 days, 18:51:00, time: 3.691, data_time: 0.000, memory: 5243, top1_acc: 0.7578, top5_acc: 0.9344, loss_cls: 0.8054, loss: 0.8054
2026-09-14 09:36:52,855 - pyskl - INFO - Epoch [3][3100/6265]	lr: 2.353e-02, eta: 2 days, 18:53:56, time: 3.691, data_time: 0.000, memory: 5243, top1_acc: 0.7456, top5_acc: 0.9328, loss_cls: 0.8413, loss: 0.8413
2026-09-14 09:43:02,297 - pyskl - INFO - Epoch [3][3200/6265]	lr: 2.351e-02, eta: 2 days, 18:56:47, time: 3.694, data_time: 0.000, memory: 5243, top1_acc: 0.7531, top5_acc: 0.9363, loss_cls: 0.8010, loss: 0.8010
2026-09-14 09:49:13,927 - pyskl - INFO - Epoch [3][3300/6265]	lr: 2.349e-02, eta: 2 days, 18:59:43, time: 3.716, data_time: 0.000, memory: 5243, top1_acc: 0.7550, top5_acc: 0.9400, loss_cls: 0.8207, loss: 0.8207
2026-09-14 09:55:25,433 - pyskl - INFO - Epoch [3][3400/6265]	lr: 2.347e-02, eta: 2 days, 19:02:31, time: 3.715, data_time: 0.000, memory: 5243, top1_acc: 0.7522, top5_acc: 0.9356, loss_cls: 0.8207, loss: 0.8207
2026-09-14 10:01:36,048 - pyskl - INFO - Epoch [3][3500/6265]	lr: 2.346e-02, eta: 2 days, 19:05:08, time: 3.706, data_time: 0.000, memory: 5243, top1_acc: 0.7644, top5_acc: 0.9397, loss_cls: 0.7801, loss: 0.7801
2026-09-14 10:07:44,999 - pyskl - INFO - Epoch [3][3600/6265]	lr: 2.344e-02, eta: 2 days, 19:07:29, time: 3.689, data_time: 0.000, memory: 5243, top1_acc: 0.7759, top5_acc: 0.9400, loss_cls: 0.7613, loss: 0.7613
2026-09-14 10:13:54,372 - pyskl - INFO - Epoch [3][3700/6265]	lr: 2.342e-02, eta: 2 days, 19:09:47, time: 3.694, data_time: 0.000, memory: 5243, top1_acc: 0.7722, top5_acc: 0.9353, loss_cls: 0.7817, loss: 0.7817
2026-09-14 10:20:03,976 - pyskl - INFO - Epoch [3][3800/6265]	lr: 2.340e-02, eta: 2 days, 19:11:59, time: 3.696, data_time: 0.000, memory: 5243, top1_acc: 0.7556, top5_acc: 0.9375, loss_cls: 0.8133, loss: 0.8133
2026-09-14 10:26:13,697 - pyskl - INFO - Epoch [3][3900/6265]	lr: 2.338e-02, eta: 2 days, 19:14:06, time: 3.697, data_time: 0.000, memory: 5243, top1_acc: 0.7697, top5_acc: 0.9384, loss_cls: 0.7875, loss: 0.7875
2026-09-14 10:32:24,104 - pyskl - INFO - Epoch [3][4000/6265]	lr: 2.336e-02, eta: 2 days, 19:16:11, time: 3.704, data_time: 0.000, memory: 5243, top1_acc: 0.7572, top5_acc: 0.9422, loss_cls: 0.7907, loss: 0.7907
2026-09-14 10:38:35,636 - pyskl - INFO - Epoch [3][4100/6265]	lr: 2.334e-02, eta: 2 days, 19:18:15, time: 3.715, data_time: 0.000, memory: 5243, top1_acc: 0.7556, top5_acc: 0.9325, loss_cls: 0.8240, loss: 0.8240
2026-09-14 10:44:47,878 - pyskl - INFO - Epoch [3][4200/6265]	lr: 2.332e-02, eta: 2 days, 19:20:17, time: 3.722, data_time: 0.000, memory: 5243, top1_acc: 0.7550, top5_acc: 0.9356, loss_cls: 0.7856, loss: 0.7856
2026-09-14 10:51:02,965 - pyskl - INFO - Epoch [3][4300/6265]	lr: 2.330e-02, eta: 2 days, 19:22:27, time: 3.751, data_time: 0.000, memory: 5243, top1_acc: 0.7497, top5_acc: 0.9366, loss_cls: 0.8136, loss: 0.8136
2026-09-14 10:57:13,011 - pyskl - INFO - Epoch [3][4400/6265]	lr: 2.328e-02, eta: 2 days, 19:24:06, time: 3.700, data_time: 0.000, memory: 5243, top1_acc: 0.7606, top5_acc: 0.9444, loss_cls: 0.7664, loss: 0.7664
2026-09-14 11:03:23,698 - pyskl - INFO - Epoch [3][4500/6265]	lr: 2.326e-02, eta: 2 days, 19:25:43, time: 3.707, data_time: 0.000, memory: 5243, top1_acc: 0.7738, top5_acc: 0.9416, loss_cls: 0.7594, loss: 0.7594
2026-09-14 11:09:33,588 - pyskl - INFO - Epoch [3][4600/6265]	lr: 2.324e-02, eta: 2 days, 19:27:10, time: 3.699, data_time: 0.000, memory: 5243, top1_acc: 0.7666, top5_acc: 0.9313, loss_cls: 0.7876, loss: 0.7876
2026-09-14 11:15:43,317 - pyskl - INFO - Epoch [3][4700/6265]	lr: 2.322e-02, eta: 2 days, 19:28:32, time: 3.697, data_time: 0.000, memory: 5243, top1_acc: 0.7575, top5_acc: 0.9350, loss_cls: 0.8072, loss: 0.8072
2026-09-14 11:21:53,732 - pyskl - INFO - Epoch [3][4800/6265]	lr: 2.320e-02, eta: 2 days, 19:29:51, time: 3.704, data_time: 0.000, memory: 5243, top1_acc: 0.7703, top5_acc: 0.9434, loss_cls: 0.7744, loss: 0.7744
2026-09-14 11:28:03,782 - pyskl - INFO - Epoch [3][4900/6265]	lr: 2.318e-02, eta: 2 days, 19:31:04, time: 3.700, data_time: 0.000, memory: 5243, top1_acc: 0.7638, top5_acc: 0.9391, loss_cls: 0.7897, loss: 0.7897
2026-09-14 11:34:12,784 - pyskl - INFO - Epoch [3][5000/6265]	lr: 2.316e-02, eta: 2 days, 19:32:06, time: 3.690, data_time: 0.000, memory: 5243, top1_acc: 0.7731, top5_acc: 0.9359, loss_cls: 0.7763, loss: 0.7763
2026-09-14 11:40:23,974 - pyskl - INFO - Epoch [3][5100/6265]	lr: 2.314e-02, eta: 2 days, 19:33:14, time: 3.712, data_time: 0.000, memory: 5243, top1_acc: 0.7691, top5_acc: 0.9353, loss_cls: 0.7720, loss: 0.7720
2026-09-14 11:46:35,808 - pyskl - INFO - Epoch [3][5200/6265]	lr: 2.312e-02, eta: 2 days, 19:34:20, time: 3.718, data_time: 0.000, memory: 5243, top1_acc: 0.7794, top5_acc: 0.9519, loss_cls: 0.7177, loss: 0.7177
2026-09-14 11:52:48,176 - pyskl - INFO - Epoch [3][5300/6265]	lr: 2.310e-02, eta: 2 days, 19:35:24, time: 3.724, data_time: 0.000, memory: 5243, top1_acc: 0.7500, top5_acc: 0.9419, loss_cls: 0.8133, loss: 0.8133
2026-09-14 11:59:00,042 - pyskl - INFO - Epoch [3][5400/6265]	lr: 2.308e-02, eta: 2 days, 19:36:20, time: 3.719, data_time: 0.000, memory: 5243, top1_acc: 0.7631, top5_acc: 0.9406, loss_cls: 0.7939, loss: 0.7939
2026-09-14 12:05:12,347 - pyskl - INFO - Epoch [3][5500/6265]	lr: 2.306e-02, eta: 2 days, 19:37:14, time: 3.723, data_time: 0.000, memory: 5243, top1_acc: 0.7694, top5_acc: 0.9397, loss_cls: 0.7588, loss: 0.7588
2026-09-14 12:11:23,664 - pyskl - INFO - Epoch [3][5600/6265]	lr: 2.304e-02, eta: 2 days, 19:37:58, time: 3.713, data_time: 0.000, memory: 5243, top1_acc: 0.7725, top5_acc: 0.9356, loss_cls: 0.7684, loss: 0.7684
2026-09-14 12:17:36,822 - pyskl - INFO - Epoch [3][5700/6265]	lr: 2.301e-02, eta: 2 days, 19:38:47, time: 3.732, data_time: 0.000, memory: 5243, top1_acc: 0.7628, top5_acc: 0.9350, loss_cls: 0.7960, loss: 0.7960
2026-09-14 12:23:49,675 - pyskl - INFO - Epoch [3][5800/6265]	lr: 2.299e-02, eta: 2 days, 19:39:29, time: 3.729, data_time: 0.000, memory: 5243, top1_acc: 0.7744, top5_acc: 0.9450, loss_cls: 0.7462, loss: 0.7462
2026-09-14 12:30:02,519 - pyskl - INFO - Epoch [3][5900/6265]	lr: 2.297e-02, eta: 2 days, 19:40:07, time: 3.728, data_time: 0.000, memory: 5243, top1_acc: 0.7666, top5_acc: 0.9403, loss_cls: 0.7832, loss: 0.7832
2026-09-14 12:36:13,409 - pyskl - INFO - Epoch [3][6000/6265]	lr: 2.295e-02, eta: 2 days, 19:40:31, time: 3.709, data_time: 0.000, memory: 5243, top1_acc: 0.7703, top5_acc: 0.9419, loss_cls: 0.7662, loss: 0.7662
2026-09-14 12:42:26,439 - pyskl - INFO - Epoch [3][6100/6265]	lr: 2.293e-02, eta: 2 days, 19:41:01, time: 3.730, data_time: 0.000, memory: 5243, top1_acc: 0.7684, top5_acc: 0.9384, loss_cls: 0.7726, loss: 0.7726
2026-09-14 12:48:39,408 - pyskl - INFO - Epoch [3][6200/6265]	lr: 2.291e-02, eta: 2 days, 19:41:26, time: 3.730, data_time: 0.000, memory: 5243, top1_acc: 0.7753, top5_acc: 0.9459, loss_cls: 0.7293, loss: 0.7293
2026-09-14 12:52:40,142 - pyskl - INFO - Saving checkpoint at 3 epochs
2026-09-14 13:21:07,827 - pyskl - INFO - Evaluating top_k_accuracy ...
2026-09-14 13:21:07,883 - pyskl - INFO - 
top1_acc	0.7988
top5_acc	0.9588
2026-09-14 13:21:07,885 - pyskl - INFO - The previous best checkpoint D:\YxjProject\pythonProject\pyskl\work_dirs\aug_baseline\b_aug\stgcnpp_j\seed255\best_top1_acc_epoch_2.pth was removed
2026-09-14 13:21:08,019 - pyskl - INFO - Now best checkpoint is saved as best_top1_acc_epoch_3.pth.
2026-09-14 13:21:08,020 - pyskl - INFO - Best top1_acc is 0.7988 at 3 epoch.
2026-09-14 13:21:08,022 - pyskl - INFO - Epoch(val) [3][516]	top1_acc: 0.7988, top5_acc: 0.9588
2026-09-14 13:27:31,512 - pyskl - INFO - Epoch [4][100/6265]	lr: 2.287e-02, eta: 2 days, 19:25:20, time: 3.835, data_time: 0.096, memory: 5243, top1_acc: 0.7709, top5_acc: 0.9456, loss_cls: 0.7603, loss: 0.7603
2026-09-14 13:33:45,138 - pyskl - INFO - Epoch [4][200/6265]	lr: 2.285e-02, eta: 2 days, 19:25:44, time: 3.736, data_time: 0.000, memory: 5243, top1_acc: 0.7716, top5_acc: 0.9434, loss_cls: 0.7718, loss: 0.7718
2026-09-14 13:39:56,687 - pyskl - INFO - Epoch [4][300/6265]	lr: 2.283e-02, eta: 2 days, 19:25:54, time: 3.715, data_time: 0.000, memory: 5243, top1_acc: 0.7834, top5_acc: 0.9444, loss_cls: 0.7336, loss: 0.7336
2026-09-14 13:46:10,852 - pyskl - INFO - Epoch [4][400/6265]	lr: 2.281e-02, eta: 2 days, 19:26:12, time: 3.742, data_time: 0.000, memory: 5243, top1_acc: 0.7544, top5_acc: 0.9328, loss_cls: 0.8201, loss: 0.8201
2026-09-14 13:52:26,915 - pyskl - INFO - Epoch [4][500/6265]	lr: 2.278e-02, eta: 2 days, 19:26:33, time: 3.761, data_time: 0.000, memory: 5243, top1_acc: 0.7759, top5_acc: 0.9450, loss_cls: 0.7506, loss: 0.7506
2026-09-14 13:58:38,620 - pyskl - INFO - Epoch [4][600/6265]	lr: 2.276e-02, eta: 2 days, 19:26:32, time: 3.717, data_time: 0.000, memory: 5243, top1_acc: 0.7894, top5_acc: 0.9481, loss_cls: 0.7173, loss: 0.7173
2026-09-14 14:04:51,791 - pyskl - INFO - Epoch [4][700/6265]	lr: 2.274e-02, eta: 2 days, 19:26:34, time: 3.732, data_time: 0.000, memory: 5243, top1_acc: 0.7803, top5_acc: 0.9416, loss_cls: 0.7412, loss: 0.7412
2026-09-14 14:11:05,702 - pyskl - INFO - Epoch [4][800/6265]	lr: 2.272e-02, eta: 2 days, 19:26:34, time: 3.739, data_time: 0.000, memory: 5243, top1_acc: 0.7778, top5_acc: 0.9372, loss_cls: 0.7552, loss: 0.7552
2026-09-14 14:17:19,843 - pyskl - INFO - Epoch [4][900/6265]	lr: 2.269e-02, eta: 2 days, 19:26:32, time: 3.741, data_time: 0.000, memory: 5243, top1_acc: 0.7722, top5_acc: 0.9387, loss_cls: 0.7529, loss: 0.7529
2026-09-14 14:23:34,296 - pyskl - INFO - Epoch [4][1000/6265]	lr: 2.267e-02, eta: 2 days, 19:26:27, time: 3.745, data_time: 0.000, memory: 5243, top1_acc: 0.7628, top5_acc: 0.9400, loss_cls: 0.7750, loss: 0.7750
2026-09-14 14:29:48,555 - pyskl - INFO - Epoch [4][1100/6265]	lr: 2.265e-02, eta: 2 days, 19:26:18, time: 3.743, data_time: 0.000, memory: 5243, top1_acc: 0.7650, top5_acc: 0.9425, loss_cls: 0.7555, loss: 0.7555
2026-09-14 14:36:01,874 - pyskl - INFO - Epoch [4][1200/6265]	lr: 2.263e-02, eta: 2 days, 19:26:01, time: 3.733, data_time: 0.000, memory: 5243, top1_acc: 0.7759, top5_acc: 0.9378, loss_cls: 0.7584, loss: 0.7584
2026-09-14 14:42:13,331 - pyskl - INFO - Epoch [4][1300/6265]	lr: 2.260e-02, eta: 2 days, 19:25:34, time: 3.715, data_time: 0.000, memory: 5243, top1_acc: 0.7619, top5_acc: 0.9366, loss_cls: 0.7832, loss: 0.7832
2026-09-14 14:48:26,610 - pyskl - INFO - Epoch [4][1400/6265]	lr: 2.258e-02, eta: 2 days, 19:25:10, time: 3.733, data_time: 0.000, memory: 5243, top1_acc: 0.7872, top5_acc: 0.9453, loss_cls: 0.7178, loss: 0.7178
2026-09-14 14:54:40,655 - pyskl - INFO - Epoch [4][1500/6265]	lr: 2.256e-02, eta: 2 days, 19:24:46, time: 3.740, data_time: 0.000, memory: 5243, top1_acc: 0.7859, top5_acc: 0.9500, loss_cls: 0.7096, loss: 0.7096
2026-09-14 15:00:52,882 - pyskl - INFO - Epoch [4][1600/6265]	lr: 2.253e-02, eta: 2 days, 19:24:11, time: 3.722, data_time: 0.000, memory: 5243, top1_acc: 0.7669, top5_acc: 0.9459, loss_cls: 0.7579, loss: 0.7579
2026-09-14 15:07:01,864 - pyskl - INFO - Epoch [4][1700/6265]	lr: 2.251e-02, eta: 2 days, 19:23:20, time: 3.690, data_time: 0.000, memory: 5243, top1_acc: 0.7694, top5_acc: 0.9381, loss_cls: 0.7833, loss: 0.7833
2026-09-14 15:13:13,375 - pyskl - INFO - Epoch [4][1800/6265]	lr: 2.249e-02, eta: 2 days, 19:22:36, time: 3.715, data_time: 0.000, memory: 5243, top1_acc: 0.7703, top5_acc: 0.9403, loss_cls: 0.7569, loss: 0.7569
2026-09-14 15:19:26,776 - pyskl - INFO - Epoch [4][1900/6265]	lr: 2.246e-02, eta: 2 days, 19:21:57, time: 3.734, data_time: 0.000, memory: 5243, top1_acc: 0.7672, top5_acc: 0.9453, loss_cls: 0.7700, loss: 0.7700
2026-09-14 15:25:38,877 - pyskl - INFO - Epoch [4][2000/6265]	lr: 2.244e-02, eta: 2 days, 19:21:08, time: 3.721, data_time: 0.000, memory: 5243, top1_acc: 0.7816, top5_acc: 0.9463, loss_cls: 0.7419, loss: 0.7419
2026-09-14 15:31:52,565 - pyskl - INFO - Epoch [4][2100/6265]	lr: 2.241e-02, eta: 2 days, 19:20:23, time: 3.737, data_time: 0.000, memory: 5243, top1_acc: 0.7769, top5_acc: 0.9447, loss_cls: 0.7491, loss: 0.7491
2026-09-14 15:38:04,672 - pyskl - INFO - Epoch [4][2200/6265]	lr: 2.239e-02, eta: 2 days, 19:19:29, time: 3.721, data_time: 0.000, memory: 5243, top1_acc: 0.7666, top5_acc: 0.9422, loss_cls: 0.7588, loss: 0.7588
2026-09-14 15:44:16,598 - pyskl - INFO - Epoch [4][2300/6265]	lr: 2.237e-02, eta: 2 days, 19:18:31, time: 3.719, data_time: 0.000, memory: 5243, top1_acc: 0.7678, top5_acc: 0.9444, loss_cls: 0.7681, loss: 0.7681
2026-09-14 15:50:28,854 - pyskl - INFO - Epoch [4][2400/6265]	lr: 2.234e-02, eta: 2 days, 19:17:31, time: 3.723, data_time: 0.000, memory: 5243, top1_acc: 0.7919, top5_acc: 0.9491, loss_cls: 0.7047, loss: 0.7047
2026-09-14 15:56:40,256 - pyskl - INFO - Epoch [4][2500/6265]	lr: 2.232e-02, eta: 2 days, 19:16:26, time: 3.714, data_time: 0.000, memory: 5243, top1_acc: 0.7684, top5_acc: 0.9422, loss_cls: 0.7722, loss: 0.7722
2026-09-14 16:02:51,363 - pyskl - INFO - Epoch [4][2600/6265]	lr: 2.229e-02, eta: 2 days, 19:15:16, time: 3.711, data_time: 0.000, memory: 5243, top1_acc: 0.7828, top5_acc: 0.9481, loss_cls: 0.7042, loss: 0.7042
2026-09-14 16:09:02,951 - pyskl - INFO - Epoch [4][2700/6265]	lr: 2.227e-02, eta: 2 days, 19:14:05, time: 3.716, data_time: 0.000, memory: 5243, top1_acc: 0.7866, top5_acc: 0.9453, loss_cls: 0.7038, loss: 0.7038
2026-09-14 16:15:14,145 - pyskl - INFO - Epoch [4][2800/6265]	lr: 2.224e-02, eta: 2 days, 19:12:50, time: 3.712, data_time: 0.000, memory: 5243, top1_acc: 0.7772, top5_acc: 0.9431, loss_cls: 0.7499, loss: 0.7499
2026-09-14 16:21:24,770 - pyskl - INFO - Epoch [4][2900/6265]	lr: 2.222e-02, eta: 2 days, 19:11:30, time: 3.706, data_time: 0.000, memory: 5243, top1_acc: 0.7850, top5_acc: 0.9509, loss_cls: 0.7025, loss: 0.7025
2026-09-14 16:27:36,165 - pyskl - INFO - Epoch [4][3000/6265]	lr: 2.220e-02, eta: 2 days, 19:10:11, time: 3.714, data_time: 0.000, memory: 5243, top1_acc: 0.7812, top5_acc: 0.9509, loss_cls: 0.6894, loss: 0.6894
2026-09-14 16:33:47,966 - pyskl - INFO - Epoch [4][3100/6265]	lr: 2.217e-02, eta: 2 days, 19:08:50, time: 3.718, data_time: 0.000, memory: 5243, top1_acc: 0.7853, top5_acc: 0.9522, loss_cls: 0.6879, loss: 0.6879
2026-09-14 16:40:00,834 - pyskl - INFO - Epoch [4][3200/6265]	lr: 2.215e-02, eta: 2 days, 19:07:30, time: 3.729, data_time: 0.000, memory: 5243, top1_acc: 0.7872, top5_acc: 0.9500, loss_cls: 0.7291, loss: 0.7291
2026-09-14 16:46:13,404 - pyskl - INFO - Epoch [4][3300/6265]	lr: 2.212e-02, eta: 2 days, 19:06:07, time: 3.726, data_time: 0.000, memory: 5243, top1_acc: 0.7841, top5_acc: 0.9428, loss_cls: 0.7202, loss: 0.7202
2026-09-14 16:52:30,779 - pyskl - INFO - Epoch [4][3400/6265]	lr: 2.210e-02, eta: 2 days, 19:04:58, time: 3.774, data_time: 0.000, memory: 5243, top1_acc: 0.7812, top5_acc: 0.9434, loss_cls: 0.7340, loss: 0.7340
2026-09-14 16:58:44,079 - pyskl - INFO - Epoch [4][3500/6265]	lr: 2.207e-02, eta: 2 days, 19:03:31, time: 3.733, data_time: 0.000, memory: 5243, top1_acc: 0.7778, top5_acc: 0.9475, loss_cls: 0.7168, loss: 0.7168
2026-09-14 17:04:54,561 - pyskl - INFO - Epoch [4][3600/6265]	lr: 2.205e-02, eta: 2 days, 19:01:53, time: 3.705, data_time: 0.000, memory: 5243, top1_acc: 0.7797, top5_acc: 0.9434, loss_cls: 0.7401, loss: 0.7401
2026-09-14 17:11:04,553 - pyskl - INFO - Epoch [4][3700/6265]	lr: 2.202e-02, eta: 2 days, 19:00:10, time: 3.700, data_time: 0.000, memory: 5243, top1_acc: 0.7844, top5_acc: 0.9425, loss_cls: 0.7240, loss: 0.7240
2026-09-14 17:17:11,085 - pyskl - INFO - Epoch [4][3800/6265]	lr: 2.199e-02, eta: 2 days, 18:58:13, time: 3.665, data_time: 0.000, memory: 5243, top1_acc: 0.7875, top5_acc: 0.9472, loss_cls: 0.7110, loss: 0.7110
2026-09-14 17:23:21,726 - pyskl - INFO - Epoch [4][3900/6265]	lr: 2.197e-02, eta: 2 days, 18:56:28, time: 3.706, data_time: 0.000, memory: 5243, top1_acc: 0.7678, top5_acc: 0.9487, loss_cls: 0.7492, loss: 0.7492
2026-09-14 17:29:34,565 - pyskl - INFO - Epoch [4][4000/6265]	lr: 2.194e-02, eta: 2 days, 18:54:48, time: 3.728, data_time: 0.000, memory: 5243, top1_acc: 0.7762, top5_acc: 0.9413, loss_cls: 0.7390, loss: 0.7390
2026-09-14 17:35:45,992 - pyskl - INFO - Epoch [4][4100/6265]	lr: 2.192e-02, eta: 2 days, 18:53:01, time: 3.714, data_time: 0.000, memory: 5243, top1_acc: 0.7828, top5_acc: 0.9450, loss_cls: 0.7184, loss: 0.7184
2026-09-14 17:41:56,373 - pyskl - INFO - Epoch [4][4200/6265]	lr: 2.189e-02, eta: 2 days, 18:51:08, time: 3.704, data_time: 0.000, memory: 5243, top1_acc: 0.7859, top5_acc: 0.9459, loss_cls: 0.7236, loss: 0.7236
2026-09-14 17:48:05,545 - pyskl - INFO - Epoch [4][4300/6265]	lr: 2.187e-02, eta: 2 days, 18:49:09, time: 3.692, data_time: 0.000, memory: 5243, top1_acc: 0.7919, top5_acc: 0.9431, loss_cls: 0.7163, loss: 0.7163
2026-09-14 17:54:15,557 - pyskl - INFO - Epoch [4][4400/6265]	lr: 2.184e-02, eta: 2 days, 18:47:11, time: 3.700, data_time: 0.000, memory: 5243, top1_acc: 0.7934, top5_acc: 0.9491, loss_cls: 0.7006, loss: 0.7006
2026-09-14 18:00:26,164 - pyskl - INFO - Epoch [4][4500/6265]	lr: 2.181e-02, eta: 2 days, 18:45:12, time: 3.706, data_time: 0.000, memory: 5243, top1_acc: 0.8037, top5_acc: 0.9481, loss_cls: 0.6789, loss: 0.6789
2026-09-14 18:06:36,610 - pyskl - INFO - Epoch [4][4600/6265]	lr: 2.179e-02, eta: 2 days, 18:43:11, time: 3.704, data_time: 0.000, memory: 5243, top1_acc: 0.8028, top5_acc: 0.9425, loss_cls: 0.6860, loss: 0.6860
2026-09-14 18:12:47,457 - pyskl - INFO - Epoch [4][4700/6265]	lr: 2.176e-02, eta: 2 days, 18:41:09, time: 3.708, data_time: 0.000, memory: 5243, top1_acc: 0.7834, top5_acc: 0.9450, loss_cls: 0.7184, loss: 0.7184
2026-09-14 18:18:58,753 - pyskl - INFO - Epoch [4][4800/6265]	lr: 2.174e-02, eta: 2 days, 18:39:06, time: 3.713, data_time: 0.000, memory: 5243, top1_acc: 0.7691, top5_acc: 0.9472, loss_cls: 0.7402, loss: 0.7402
2026-09-14 18:25:09,264 - pyskl - INFO - Epoch [4][4900/6265]	lr: 2.171e-02, eta: 2 days, 18:36:58, time: 3.705, data_time: 0.000, memory: 5243, top1_acc: 0.7834, top5_acc: 0.9522, loss_cls: 0.7154, loss: 0.7154
2026-09-14 18:31:19,968 - pyskl - INFO - Epoch [4][5000/6265]	lr: 2.168e-02, eta: 2 days, 18:34:49, time: 3.707, data_time: 0.000, memory: 5243, top1_acc: 0.7675, top5_acc: 0.9356, loss_cls: 0.7694, loss: 0.7694
2026-09-14 18:37:30,487 - pyskl - INFO - Epoch [4][5100/6265]	lr: 2.166e-02, eta: 2 days, 18:32:38, time: 3.705, data_time: 0.000, memory: 5243, top1_acc: 0.7747, top5_acc: 0.9428, loss_cls: 0.7245, loss: 0.7245
2026-09-14 18:43:39,904 - pyskl - INFO - Epoch [4][5200/6265]	lr: 2.163e-02, eta: 2 days, 18:30:21, time: 3.694, data_time: 0.000, memory: 5243, top1_acc: 0.7725, top5_acc: 0.9503, loss_cls: 0.7466, loss: 0.7466
2026-09-14 18:49:50,393 - pyskl - INFO - Epoch [4][5300/6265]	lr: 2.160e-02, eta: 2 days, 18:28:05, time: 3.705, data_time: 0.000, memory: 5243, top1_acc: 0.7825, top5_acc: 0.9409, loss_cls: 0.7220, loss: 0.7220
2026-09-14 18:56:01,275 - pyskl - INFO - Epoch [4][5400/6265]	lr: 2.158e-02, eta: 2 days, 18:25:49, time: 3.709, data_time: 0.000, memory: 5243, top1_acc: 0.7769, top5_acc: 0.9413, loss_cls: 0.7577, loss: 0.7577
2026-09-14 19:02:12,494 - pyskl - INFO - Epoch [4][5500/6265]	lr: 2.155e-02, eta: 2 days, 18:23:32, time: 3.712, data_time: 0.000, memory: 5243, top1_acc: 0.7734, top5_acc: 0.9419, loss_cls: 0.7490, loss: 0.7490
2026-09-14 19:08:24,692 - pyskl - INFO - Epoch [4][5600/6265]	lr: 2.152e-02, eta: 2 days, 18:21:16, time: 3.722, data_time: 0.000, memory: 5243, top1_acc: 0.7903, top5_acc: 0.9453, loss_cls: 0.6975, loss: 0.6975
2026-09-14 19:14:37,929 - pyskl - INFO - Epoch [4][5700/6265]	lr: 2.149e-02, eta: 2 days, 18:19:01, time: 3.732, data_time: 0.000, memory: 5243, top1_acc: 0.7894, top5_acc: 0.9478, loss_cls: 0.6967, loss: 0.6967
2026-09-14 19:20:48,942 - pyskl - INFO - Epoch [4][5800/6265]	lr: 2.147e-02, eta: 2 days, 18:16:38, time: 3.710, data_time: 0.000, memory: 5243, top1_acc: 0.7781, top5_acc: 0.9416, loss_cls: 0.7326, loss: 0.7326
2026-09-14 19:26:58,930 - pyskl - INFO - Epoch [4][5900/6265]	lr: 2.144e-02, eta: 2 days, 18:14:09, time: 3.700, data_time: 0.000, memory: 5243, top1_acc: 0.7812, top5_acc: 0.9375, loss_cls: 0.7363, loss: 0.7363
2026-09-14 19:33:09,311 - pyskl - INFO - Epoch [4][6000/6265]	lr: 2.141e-02, eta: 2 days, 18:11:40, time: 3.704, data_time: 0.000, memory: 5243, top1_acc: 0.7872, top5_acc: 0.9434, loss_cls: 0.7322, loss: 0.7322
2026-09-14 19:39:19,823 - pyskl - INFO - Epoch [4][6100/6265]	lr: 2.138e-02, eta: 2 days, 18:09:10, time: 3.705, data_time: 0.000, memory: 5243, top1_acc: 0.7931, top5_acc: 0.9513, loss_cls: 0.6855, loss: 0.6855
2026-09-14 19:45:31,259 - pyskl - INFO - Epoch [4][6200/6265]	lr: 2.136e-02, eta: 2 days, 18:06:40, time: 3.714, data_time: 0.000, memory: 5243, top1_acc: 0.7881, top5_acc: 0.9416, loss_cls: 0.7184, loss: 0.7184
2026-09-14 19:49:31,014 - pyskl - INFO - Saving checkpoint at 4 epochs
2026-09-14 20:17:46,205 - pyskl - INFO - Evaluating top_k_accuracy ...
2026-09-14 20:17:46,261 - pyskl - INFO - 
top1_acc	0.8028
top5_acc	0.9651
2026-09-14 20:17:46,264 - pyskl - INFO - The previous best checkpoint D:\YxjProject\pythonProject\pyskl\work_dirs\aug_baseline\b_aug\stgcnpp_j\seed255\best_top1_acc_epoch_3.pth was removed
2026-09-14 20:17:46,398 - pyskl - INFO - Now best checkpoint is saved as best_top1_acc_epoch_4.pth.
2026-09-14 20:17:46,399 - pyskl - INFO - Best top1_acc is 0.8028 at 4 epoch.
2026-09-14 20:17:46,402 - pyskl - INFO - Epoch(val) [4][516]	top1_acc: 0.8028, top5_acc: 0.9651
2026-09-14 20:24:07,077 - pyskl - INFO - Epoch [5][100/6265]	lr: 2.131e-02, eta: 2 days, 17:50:57, time: 3.807, data_time: 0.096, memory: 5243, top1_acc: 0.7878, top5_acc: 0.9447, loss_cls: 0.7219, loss: 0.7219
2026-09-14 20:30:19,251 - pyskl - INFO - Epoch [5][200/6265]	lr: 2.128e-02, eta: 2 days, 17:48:29, time: 3.722, data_time: 0.000, memory: 5243, top1_acc: 0.7931, top5_acc: 0.9534, loss_cls: 0.6745, loss: 0.6745
2026-09-14 20:36:30,935 - pyskl - INFO - Epoch [5][300/6265]	lr: 2.126e-02, eta: 2 days, 17:45:57, time: 3.717, data_time: 0.000, memory: 5243, top1_acc: 0.7997, top5_acc: 0.9475, loss_cls: 0.6931, loss: 0.6931
2026-09-14 20:42:43,481 - pyskl - INFO - Epoch [5][400/6265]	lr: 2.123e-02, eta: 2 days, 17:43:27, time: 3.725, data_time: 0.000, memory: 5243, top1_acc: 0.8000, top5_acc: 0.9509, loss_cls: 0.6738, loss: 0.6738
2026-09-14 20:48:56,477 - pyskl - INFO - Epoch [5][500/6265]	lr: 2.120e-02, eta: 2 days, 17:40:55, time: 3.730, data_time: 0.000, memory: 5243, top1_acc: 0.7781, top5_acc: 0.9413, loss_cls: 0.7307, loss: 0.7307
2026-09-14 20:55:08,821 - pyskl - INFO - Epoch [5][600/6265]	lr: 2.117e-02, eta: 2 days, 17:38:21, time: 3.723, data_time: 0.000, memory: 5243, top1_acc: 0.7956, top5_acc: 0.9544, loss_cls: 0.6708, loss: 0.6708
2026-09-14 21:01:19,950 - pyskl - INFO - Epoch [5][700/6265]	lr: 2.114e-02, eta: 2 days, 17:35:41, time: 3.711, data_time: 0.000, memory: 5243, top1_acc: 0.7856, top5_acc: 0.9463, loss_cls: 0.7069, loss: 0.7069
2026-09-14 21:07:33,256 - pyskl - INFO - Epoch [5][800/6265]	lr: 2.111e-02, eta: 2 days, 17:33:06, time: 3.733, data_time: 0.000, memory: 5243, top1_acc: 0.8034, top5_acc: 0.9472, loss_cls: 0.6890, loss: 0.6890
2026-09-14 21:13:46,663 - pyskl - INFO - Epoch [5][900/6265]	lr: 2.109e-02, eta: 2 days, 17:30:29, time: 3.734, data_time: 0.000, memory: 5243, top1_acc: 0.7928, top5_acc: 0.9563, loss_cls: 0.6829, loss: 0.6829
2026-09-14 21:19:59,786 - pyskl - INFO - Epoch [5][1000/6265]	lr: 2.106e-02, eta: 2 days, 17:27:50, time: 3.731, data_time: 0.000, memory: 5243, top1_acc: 0.7922, top5_acc: 0.9428, loss_cls: 0.7126, loss: 0.7126
2026-09-14 21:26:13,858 - pyskl - INFO - Epoch [5][1100/6265]	lr: 2.103e-02, eta: 2 days, 17:25:12, time: 3.741, data_time: 0.000, memory: 5243, top1_acc: 0.7909, top5_acc: 0.9431, loss_cls: 0.7098, loss: 0.7098
2026-09-14 21:32:25,934 - pyskl - INFO - Epoch [5][1200/6265]	lr: 2.100e-02, eta: 2 days, 17:22:26, time: 3.721, data_time: 0.000, memory: 5243, top1_acc: 0.7869, top5_acc: 0.9444, loss_cls: 0.7049, loss: 0.7049
2026-09-14 21:38:37,129 - pyskl - INFO - Epoch [5][1300/6265]	lr: 2.097e-02, eta: 2 days, 17:19:37, time: 3.712, data_time: 0.000, memory: 5243, top1_acc: 0.7844, top5_acc: 0.9475, loss_cls: 0.7109, loss: 0.7109
2026-09-14 21:44:48,847 - pyskl - INFO - Epoch [5][1400/6265]	lr: 2.094e-02, eta: 2 days, 17:16:48, time: 3.717, data_time: 0.000, memory: 5243, top1_acc: 0.7913, top5_acc: 0.9466, loss_cls: 0.6956, loss: 0.6956
2026-09-14 21:51:01,707 - pyskl - INFO - Epoch [5][1500/6265]	lr: 2.091e-02, eta: 2 days, 17:14:00, time: 3.729, data_time: 0.000, memory: 5243, top1_acc: 0.8003, top5_acc: 0.9475, loss_cls: 0.6817, loss: 0.6817
2026-09-14 21:57:14,550 - pyskl - INFO - Epoch [5][1600/6265]	lr: 2.088e-02, eta: 2 days, 17:11:10, time: 3.728, data_time: 0.000, memory: 5243, top1_acc: 0.7966, top5_acc: 0.9487, loss_cls: 0.6862, loss: 0.6862
2026-09-14 22:03:27,220 - pyskl - INFO - Epoch [5][1700/6265]	lr: 2.086e-02, eta: 2 days, 17:08:19, time: 3.727, data_time: 0.000, memory: 5243, top1_acc: 0.7919, top5_acc: 0.9472, loss_cls: 0.6848, loss: 0.6848
2026-09-14 22:09:39,922 - pyskl - INFO - Epoch [5][1800/6265]	lr: 2.083e-02, eta: 2 days, 17:05:26, time: 3.727, data_time: 0.000, memory: 5243, top1_acc: 0.7897, top5_acc: 0.9459, loss_cls: 0.7051, loss: 0.7051
2026-09-14 22:15:52,262 - pyskl - INFO - Epoch [5][1900/6265]	lr: 2.080e-02, eta: 2 days, 17:02:31, time: 3.723, data_time: 0.000, memory: 5243, top1_acc: 0.7791, top5_acc: 0.9478, loss_cls: 0.7247, loss: 0.7247
2026-09-14 22:22:03,381 - pyskl - INFO - Epoch [5][2000/6265]	lr: 2.077e-02, eta: 2 days, 16:59:31, time: 3.711, data_time: 0.000, memory: 5243, top1_acc: 0.7891, top5_acc: 0.9453, loss_cls: 0.7039, loss: 0.7039
2026-09-14 22:28:15,496 - pyskl - INFO - Epoch [5][2100/6265]	lr: 2.074e-02, eta: 2 days, 16:56:32, time: 3.721, data_time: 0.000, memory: 5243, top1_acc: 0.7969, top5_acc: 0.9481, loss_cls: 0.7071, loss: 0.7071
2026-09-14 22:34:27,981 - pyskl - INFO - Epoch [5][2200/6265]	lr: 2.071e-02, eta: 2 days, 16:53:33, time: 3.725, data_time: 0.000, memory: 5243, top1_acc: 0.7825, top5_acc: 0.9422, loss_cls: 0.7414, loss: 0.7414
2026-09-14 22:40:38,809 - pyskl - INFO - Epoch [5][2300/6265]	lr: 2.068e-02, eta: 2 days, 16:50:28, time: 3.708, data_time: 0.000, memory: 5243, top1_acc: 0.7869, top5_acc: 0.9441, loss_cls: 0.7098, loss: 0.7098
2026-09-14 22:46:50,049 - pyskl - INFO - Epoch [5][2400/6265]	lr: 2.065e-02, eta: 2 days, 16:47:23, time: 3.712, data_time: 0.000, memory: 5243, top1_acc: 0.8000, top5_acc: 0.9491, loss_cls: 0.6882, loss: 0.6882
2026-09-14 22:53:04,131 - pyskl - INFO - Epoch [5][2500/6265]	lr: 2.062e-02, eta: 2 days, 16:44:24, time: 3.741, data_time: 0.000, memory: 5243, top1_acc: 0.8013, top5_acc: 0.9497, loss_cls: 0.6679, loss: 0.6679
2026-09-14 22:59:15,938 - pyskl - INFO - Epoch [5][2600/6265]	lr: 2.059e-02, eta: 2 days, 16:41:17, time: 3.718, data_time: 0.000, memory: 5243, top1_acc: 0.7844, top5_acc: 0.9437, loss_cls: 0.7147, loss: 0.7147
2026-09-14 23:05:26,907 - pyskl - INFO - Epoch [5][2700/6265]	lr: 2.056e-02, eta: 2 days, 16:38:07, time: 3.710, data_time: 0.000, memory: 5243, top1_acc: 0.7847, top5_acc: 0.9456, loss_cls: 0.7057, loss: 0.7057
2026-09-14 23:11:39,341 - pyskl - INFO - Epoch [5][2800/6265]	lr: 2.053e-02, eta: 2 days, 16:35:00, time: 3.724, data_time: 0.000, memory: 5243, top1_acc: 0.7956, top5_acc: 0.9469, loss_cls: 0.6882, loss: 0.6882
2026-09-14 23:17:52,302 - pyskl - INFO - Epoch [5][2900/6265]	lr: 2.050e-02, eta: 2 days, 16:31:52, time: 3.730, data_time: 0.000, memory: 5243, top1_acc: 0.7994, top5_acc: 0.9475, loss_cls: 0.6934, loss: 0.6934
2026-09-14 23:24:07,314 - pyskl - INFO - Epoch [5][3000/6265]	lr: 2.047e-02, eta: 2 days, 16:28:49, time: 3.750, data_time: 0.000, memory: 5243, top1_acc: 0.8034, top5_acc: 0.9487, loss_cls: 0.6561, loss: 0.6561
2026-09-14 23:30:23,870 - pyskl - INFO - Epoch [5][3100/6265]	lr: 2.044e-02, eta: 2 days, 16:25:48, time: 3.766, data_time: 0.000, memory: 5243, top1_acc: 0.7991, top5_acc: 0.9484, loss_cls: 0.6744, loss: 0.6744
2026-09-14 23:36:39,523 - pyskl - INFO - Epoch [5][3200/6265]	lr: 2.041e-02, eta: 2 days, 16:22:43, time: 3.757, data_time: 0.000, memory: 5243, top1_acc: 0.7928, top5_acc: 0.9413, loss_cls: 0.7046, loss: 0.7046
2026-09-14 23:42:55,686 - pyskl - INFO - Epoch [5][3300/6265]	lr: 2.038e-02, eta: 2 days, 16:19:39, time: 3.762, data_time: 0.000, memory: 5243, top1_acc: 0.7866, top5_acc: 0.9475, loss_cls: 0.6950, loss: 0.6950
2026-09-14 23:49:10,393 - pyskl - INFO - Epoch [5][3400/6265]	lr: 2.035e-02, eta: 2 days, 16:16:29, time: 3.747, data_time: 0.000, memory: 5243, top1_acc: 0.7913, top5_acc: 0.9513, loss_cls: 0.6704, loss: 0.6704
2026-09-14 23:55:25,687 - pyskl - INFO - Epoch [5][3500/6265]	lr: 2.032e-02, eta: 2 days, 16:13:19, time: 3.753, data_time: 0.000, memory: 5243, top1_acc: 0.7931, top5_acc: 0.9541, loss_cls: 0.6752, loss: 0.6752
2026-09-15 00:01:39,205 - pyskl - INFO - Epoch [5][3600/6265]	lr: 2.029e-02, eta: 2 days, 16:10:04, time: 3.735, data_time: 0.000, memory: 5243, top1_acc: 0.8053, top5_acc: 0.9491, loss_cls: 0.6517, loss: 0.6517
2026-09-15 00:07:53,512 - pyskl - INFO - Epoch [5][3700/6265]	lr: 2.026e-02, eta: 2 days, 16:06:50, time: 3.743, data_time: 0.000, memory: 5243, top1_acc: 0.7981, top5_acc: 0.9537, loss_cls: 0.6649, loss: 0.6649
2026-09-15 00:14:05,950 - pyskl - INFO - Epoch [5][3800/6265]	lr: 2.023e-02, eta: 2 days, 16:03:29, time: 3.724, data_time: 0.000, memory: 5243, top1_acc: 0.7906, top5_acc: 0.9456, loss_cls: 0.6878, loss: 0.6878
2026-09-15 00:20:19,263 - pyskl - INFO - Epoch [5][3900/6265]	lr: 2.020e-02, eta: 2 days, 16:00:10, time: 3.733, data_time: 0.000, memory: 5243, top1_acc: 0.7969, top5_acc: 0.9506, loss_cls: 0.6635, loss: 0.6635
2026-09-15 00:26:34,282 - pyskl - INFO - Epoch [5][4000/6265]	lr: 2.016e-02, eta: 2 days, 15:56:53, time: 3.750, data_time: 0.000, memory: 5243, top1_acc: 0.8016, top5_acc: 0.9525, loss_cls: 0.6624, loss: 0.6624
2026-09-15 00:32:47,320 - pyskl - INFO - Epoch [5][4100/6265]	lr: 2.013e-02, eta: 2 days, 15:53:31, time: 3.730, data_time: 0.000, memory: 5243, top1_acc: 0.8053, top5_acc: 0.9513, loss_cls: 0.6503, loss: 0.6503
2026-09-15 00:39:00,985 - pyskl - INFO - Epoch [5][4200/6265]	lr: 2.010e-02, eta: 2 days, 15:50:09, time: 3.737, data_time: 0.000, memory: 5243, top1_acc: 0.8037, top5_acc: 0.9497, loss_cls: 0.6689, loss: 0.6689
2026-09-15 00:45:15,912 - pyskl - INFO - Epoch [5][4300/6265]	lr: 2.007e-02, eta: 2 days, 15:46:49, time: 3.749, data_time: 0.000, memory: 5243, top1_acc: 0.8000, top5_acc: 0.9506, loss_cls: 0.6498, loss: 0.6498
2026-09-15 00:51:30,904 - pyskl - INFO - Epoch [5][4400/6265]	lr: 2.004e-02, eta: 2 days, 15:43:27, time: 3.750, data_time: 0.000, memory: 5243, top1_acc: 0.8059, top5_acc: 0.9475, loss_cls: 0.6494, loss: 0.6494
2026-09-15 00:57:46,563 - pyskl - INFO - Epoch [5][4500/6265]	lr: 2.001e-02, eta: 2 days, 15:40:06, time: 3.757, data_time: 0.000, memory: 5243, top1_acc: 0.7887, top5_acc: 0.9481, loss_cls: 0.7100, loss: 0.7100
2026-09-15 01:03:58,300 - pyskl - INFO - Epoch [5][4600/6265]	lr: 1.998e-02, eta: 2 days, 15:36:35, time: 3.717, data_time: 0.000, memory: 5243, top1_acc: 0.8066, top5_acc: 0.9528, loss_cls: 0.6499, loss: 0.6499
2026-09-15 01:10:09,781 - pyskl - INFO - Epoch [5][4700/6265]	lr: 1.995e-02, eta: 2 days, 15:33:02, time: 3.715, data_time: 0.000, memory: 5243, top1_acc: 0.7869, top5_acc: 0.9431, loss_cls: 0.7148, loss: 0.7148
2026-09-15 01:16:21,920 - pyskl - INFO - Epoch [5][4800/6265]	lr: 1.991e-02, eta: 2 days, 15:29:29, time: 3.721, data_time: 0.000, memory: 5243, top1_acc: 0.7903, top5_acc: 0.9503, loss_cls: 0.6722, loss: 0.6722
2026-09-15 01:22:36,503 - pyskl - INFO - Epoch [5][4900/6265]	lr: 1.988e-02, eta: 2 days, 15:26:01, time: 3.746, data_time: 0.000, memory: 5243, top1_acc: 0.8041, top5_acc: 0.9425, loss_cls: 0.6743, loss: 0.6743
2026-09-15 01:28:51,967 - pyskl - INFO - Epoch [5][5000/6265]	lr: 1.985e-02, eta: 2 days, 15:22:34, time: 3.755, data_time: 0.000, memory: 5243, top1_acc: 0.8091, top5_acc: 0.9497, loss_cls: 0.6436, loss: 0.6436
2026-09-15 01:35:05,377 - pyskl - INFO - Epoch [5][5100/6265]	lr: 1.982e-02, eta: 2 days, 15:19:02, time: 3.734, data_time: 0.000, memory: 5243, top1_acc: 0.8006, top5_acc: 0.9497, loss_cls: 0.6685, loss: 0.6685
2026-09-15 01:41:18,222 - pyskl - INFO - Epoch [5][5200/6265]	lr: 1.979e-02, eta: 2 days, 15:15:26, time: 3.728, data_time: 0.000, memory: 5243, top1_acc: 0.8000, top5_acc: 0.9459, loss_cls: 0.6917, loss: 0.6917
2026-09-15 01:47:31,726 - pyskl - INFO - Epoch [5][5300/6265]	lr: 1.976e-02, eta: 2 days, 15:11:52, time: 3.735, data_time: 0.000, memory: 5243, top1_acc: 0.8087, top5_acc: 0.9513, loss_cls: 0.6467, loss: 0.6467
2026-09-15 01:53:47,362 - pyskl - INFO - Epoch [5][5400/6265]	lr: 1.972e-02, eta: 2 days, 15:08:21, time: 3.756, data_time: 0.000, memory: 5243, top1_acc: 0.7847, top5_acc: 0.9519, loss_cls: 0.7095, loss: 0.7095
2026-09-15 01:59:59,637 - pyskl - INFO - Epoch [5][5500/6265]	lr: 1.969e-02, eta: 2 days, 15:04:41, time: 3.723, data_time: 0.000, memory: 5243, top1_acc: 0.7994, top5_acc: 0.9481, loss_cls: 0.6669, loss: 0.6669
2026-09-15 02:06:11,787 - pyskl - INFO - Epoch [5][5600/6265]	lr: 1.966e-02, eta: 2 days, 15:01:00, time: 3.721, data_time: 0.000, memory: 5243, top1_acc: 0.8013, top5_acc: 0.9516, loss_cls: 0.6660, loss: 0.6660
2026-09-15 02:12:25,375 - pyskl - INFO - Epoch [5][5700/6265]	lr: 1.963e-02, eta: 2 days, 14:57:22, time: 3.736, data_time: 0.000, memory: 5243, top1_acc: 0.7944, top5_acc: 0.9463, loss_cls: 0.6804, loss: 0.6804
2026-09-15 02:18:38,851 - pyskl - INFO - Epoch [5][5800/6265]	lr: 1.960e-02, eta: 2 days, 14:53:42, time: 3.735, data_time: 0.000, memory: 5243, top1_acc: 0.7972, top5_acc: 0.9519, loss_cls: 0.6741, loss: 0.6741
2026-09-15 02:24:53,401 - pyskl - INFO - Epoch [5][5900/6265]	lr: 1.956e-02, eta: 2 days, 14:50:03, time: 3.745, data_time: 0.000, memory: 5243, top1_acc: 0.7922, top5_acc: 0.9550, loss_cls: 0.6843, loss: 0.6843
2026-09-15 02:31:05,872 - pyskl - INFO - Epoch [5][6000/6265]	lr: 1.953e-02, eta: 2 days, 14:46:19, time: 3.725, data_time: 0.000, memory: 5243, top1_acc: 0.8006, top5_acc: 0.9556, loss_cls: 0.6635, loss: 0.6635
2026-09-15 02:37:17,962 - pyskl - INFO - Epoch [5][6100/6265]	lr: 1.950e-02, eta: 2 days, 14:42:33, time: 3.721, data_time: 0.000, memory: 5243, top1_acc: 0.8044, top5_acc: 0.9544, loss_cls: 0.6431, loss: 0.6431
2026-09-15 02:43:31,964 - pyskl - INFO - Epoch [5][6200/6265]	lr: 1.947e-02, eta: 2 days, 14:38:50, time: 3.740, data_time: 0.000, memory: 5243, top1_acc: 0.7941, top5_acc: 0.9491, loss_cls: 0.6772, loss: 0.6772
2026-09-15 02:47:33,221 - pyskl - INFO - Saving checkpoint at 5 epochs
2026-09-15 03:15:55,271 - pyskl - INFO - Evaluating top_k_accuracy ...
2026-09-15 03:15:55,329 - pyskl - INFO - 
top1_acc	0.8081
top5_acc	0.9639
2026-09-15 03:15:55,332 - pyskl - INFO - The previous best checkpoint D:\YxjProject\pythonProject\pyskl\work_dirs\aug_baseline\b_aug\stgcnpp_j\seed255\best_top1_acc_epoch_4.pth was removed
2026-09-15 03:15:55,471 - pyskl - INFO - Now best checkpoint is saved as best_top1_acc_epoch_5.pth.
2026-09-15 03:15:55,471 - pyskl - INFO - Best top1_acc is 0.8081 at 5 epoch.
2026-09-15 03:15:55,473 - pyskl - INFO - Epoch(val) [5][516]	top1_acc: 0.8081, top5_acc: 0.9639
2026-09-15 03:22:17,230 - pyskl - INFO - Epoch [6][100/6265]	lr: 1.941e-02, eta: 2 days, 14:24:06, time: 3.818, data_time: 0.094, memory: 5243, top1_acc: 0.8006, top5_acc: 0.9503, loss_cls: 0.6530, loss: 0.6530
2026-09-15 03:28:29,894 - pyskl - INFO - Epoch [6][200/6265]	lr: 1.938e-02, eta: 2 days, 14:20:20, time: 3.727, data_time: 0.000, memory: 5243, top1_acc: 0.8094, top5_acc: 0.9566, loss_cls: 0.6293, loss: 0.6293
2026-09-15 03:34:41,559 - pyskl - INFO - Epoch [6][300/6265]	lr: 1.935e-02, eta: 2 days, 14:16:31, time: 3.717, data_time: 0.000, memory: 5243, top1_acc: 0.8063, top5_acc: 0.9484, loss_cls: 0.6751, loss: 0.6751
2026-09-15 03:40:53,871 - pyskl - INFO - Epoch [6][400/6265]	lr: 1.931e-02, eta: 2 days, 14:12:43, time: 3.723, data_time: 0.000, memory: 5243, top1_acc: 0.8069, top5_acc: 0.9553, loss_cls: 0.6463, loss: 0.6463
2026-09-15 03:47:06,131 - pyskl - INFO - Epoch [6][500/6265]	lr: 1.928e-02, eta: 2 days, 14:08:53, time: 3.723, data_time: 0.000, memory: 5243, top1_acc: 0.8063, top5_acc: 0.9519, loss_cls: 0.6541, loss: 0.6541
2026-09-15 03:53:18,167 - pyskl - INFO - Epoch [6][600/6265]	lr: 1.925e-02, eta: 2 days, 14:05:03, time: 3.720, data_time: 0.000, memory: 5243, top1_acc: 0.8025, top5_acc: 0.9506, loss_cls: 0.6617, loss: 0.6617
2026-09-15 03:59:31,813 - pyskl - INFO - Epoch [6][700/6265]	lr: 1.922e-02, eta: 2 days, 14:01:15, time: 3.736, data_time: 0.000, memory: 5243, top1_acc: 0.8113, top5_acc: 0.9481, loss_cls: 0.6446, loss: 0.6446
2026-09-15 04:05:45,798 - pyskl - INFO - Epoch [6][800/6265]	lr: 1.918e-02, eta: 2 days, 13:57:26, time: 3.740, data_time: 0.000, memory: 5243, top1_acc: 0.8047, top5_acc: 0.9481, loss_cls: 0.6556, loss: 0.6556
2026-09-15 04:11:59,890 - pyskl - INFO - Epoch [6][900/6265]	lr: 1.915e-02, eta: 2 days, 13:53:37, time: 3.741, data_time: 0.000, memory: 5243, top1_acc: 0.8025, top5_acc: 0.9525, loss_cls: 0.6571, loss: 0.6571
2026-09-15 04:18:14,378 - pyskl - INFO - Epoch [6][1000/6265]	lr: 1.912e-02, eta: 2 days, 13:49:48, time: 3.745, data_time: 0.000, memory: 5243, top1_acc: 0.8106, top5_acc: 0.9569, loss_cls: 0.6446, loss: 0.6446
2026-09-15 04:24:28,596 - pyskl - INFO - Epoch [6][1100/6265]	lr: 1.908e-02, eta: 2 days, 13:45:58, time: 3.742, data_time: 0.000, memory: 5243, top1_acc: 0.8141, top5_acc: 0.9581, loss_cls: 0.6239, loss: 0.6239
2026-09-15 04:30:42,996 - pyskl - INFO - Epoch [6][1200/6265]	lr: 1.905e-02, eta: 2 days, 13:42:07, time: 3.744, data_time: 0.000, memory: 5243, top1_acc: 0.8116, top5_acc: 0.9603, loss_cls: 0.6083, loss: 0.6083
2026-09-15 04:36:57,019 - pyskl - INFO - Epoch [6][1300/6265]	lr: 1.902e-02, eta: 2 days, 13:38:14, time: 3.740, data_time: 0.000, memory: 5243, top1_acc: 0.7816, top5_acc: 0.9431, loss_cls: 0.7309, loss: 0.7309
2026-09-15 04:43:10,966 - pyskl - INFO - Epoch [6][1400/6265]	lr: 1.898e-02, eta: 2 days, 13:34:20, time: 3.739, data_time: 0.000, memory: 5243, top1_acc: 0.8116, top5_acc: 0.9531, loss_cls: 0.6493, loss: 0.6493
2026-09-15 04:49:27,412 - pyskl - INFO - Epoch [6][1500/6265]	lr: 1.895e-02, eta: 2 days, 13:30:31, time: 3.764, data_time: 0.000, memory: 5243, top1_acc: 0.8028, top5_acc: 0.9519, loss_cls: 0.6539, loss: 0.6539
2026-09-15 04:55:40,975 - pyskl - INFO - Epoch [6][1600/6265]	lr: 1.892e-02, eta: 2 days, 13:26:34, time: 3.736, data_time: 0.000, memory: 5243, top1_acc: 0.8006, top5_acc: 0.9550, loss_cls: 0.6494, loss: 0.6494
2026-09-15 05:01:53,921 - pyskl - INFO - Epoch [6][1700/6265]	lr: 1.888e-02, eta: 2 days, 13:22:36, time: 3.729, data_time: 0.000, memory: 5243, top1_acc: 0.7991, top5_acc: 0.9522, loss_cls: 0.6554, loss: 0.6554
2026-09-15 05:08:09,398 - pyskl - INFO - Epoch [6][1800/6265]	lr: 1.885e-02, eta: 2 days, 13:18:42, time: 3.755, data_time: 0.000, memory: 5243, top1_acc: 0.7981, top5_acc: 0.9437, loss_cls: 0.6843, loss: 0.6843
2026-09-15 05:14:24,554 - pyskl - INFO - Epoch [6][1900/6265]	lr: 1.881e-02, eta: 2 days, 13:14:46, time: 3.752, data_time: 0.000, memory: 5243, top1_acc: 0.8137, top5_acc: 0.9537, loss_cls: 0.6444, loss: 0.6444
2026-09-15 05:20:39,877 - pyskl - INFO - Epoch [6][2000/6265]	lr: 1.878e-02, eta: 2 days, 13:10:50, time: 3.753, data_time: 0.000, memory: 5243, top1_acc: 0.8119, top5_acc: 0.9519, loss_cls: 0.6444, loss: 0.6444
2026-09-15 05:26:54,961 - pyskl - INFO - Epoch [6][2100/6265]	lr: 1.875e-02, eta: 2 days, 13:06:53, time: 3.751, data_time: 0.000, memory: 5243, top1_acc: 0.8119, top5_acc: 0.9459, loss_cls: 0.6479, loss: 0.6479
2026-09-15 05:33:08,764 - pyskl - INFO - Epoch [6][2200/6265]	lr: 1.871e-02, eta: 2 days, 13:02:52, time: 3.738, data_time: 0.000, memory: 5243, top1_acc: 0.8069, top5_acc: 0.9522, loss_cls: 0.6493, loss: 0.6493
2026-09-15 05:39:23,265 - pyskl - INFO - Epoch [6][2300/6265]	lr: 1.868e-02, eta: 2 days, 12:58:52, time: 3.745, data_time: 0.000, memory: 5243, top1_acc: 0.8066, top5_acc: 0.9519, loss_cls: 0.6330, loss: 0.6330
2026-09-15 05:45:36,244 - pyskl - INFO - Epoch [6][2400/6265]	lr: 1.864e-02, eta: 2 days, 12:54:48, time: 3.730, data_time: 0.000, memory: 5243, top1_acc: 0.8122, top5_acc: 0.9575, loss_cls: 0.6218, loss: 0.6218
2026-09-15 05:51:50,344 - pyskl - INFO - Epoch [6][2500/6265]	lr: 1.861e-02, eta: 2 days, 12:50:46, time: 3.741, data_time: 0.000, memory: 5243, top1_acc: 0.8069, top5_acc: 0.9522, loss_cls: 0.6455, loss: 0.6455
2026-09-15 05:58:04,213 - pyskl - INFO - Epoch [6][2600/6265]	lr: 1.858e-02, eta: 2 days, 12:46:42, time: 3.739, data_time: 0.000, memory: 5243, top1_acc: 0.8200, top5_acc: 0.9569, loss_cls: 0.6066, loss: 0.6066
2026-09-15 06:04:17,960 - pyskl - INFO - Epoch [6][2700/6265]	lr: 1.854e-02, eta: 2 days, 12:42:38, time: 3.737, data_time: 0.000, memory: 5243, top1_acc: 0.8013, top5_acc: 0.9537, loss_cls: 0.6660, loss: 0.6660
2026-09-15 06:10:30,791 - pyskl - INFO - Epoch [6][2800/6265]	lr: 1.851e-02, eta: 2 days, 12:38:30, time: 3.728, data_time: 0.000, memory: 5243, top1_acc: 0.8113, top5_acc: 0.9553, loss_cls: 0.6285, loss: 0.6285
2026-09-15 06:16:43,536 - pyskl - INFO - Epoch [6][2900/6265]	lr: 1.847e-02, eta: 2 days, 12:34:22, time: 3.727, data_time: 0.000, memory: 5243, top1_acc: 0.8144, top5_acc: 0.9519, loss_cls: 0.6151, loss: 0.6151
2026-09-15 06:22:57,170 - pyskl - INFO - Epoch [6][3000/6265]	lr: 1.844e-02, eta: 2 days, 12:30:15, time: 3.736, data_time: 0.000, memory: 5243, top1_acc: 0.8009, top5_acc: 0.9525, loss_cls: 0.6576, loss: 0.6576
2026-09-15 06:29:10,840 - pyskl - INFO - Epoch [6][3100/6265]	lr: 1.840e-02, eta: 2 days, 12:26:07, time: 3.737, data_time: 0.000, memory: 5243, top1_acc: 0.8059, top5_acc: 0.9531, loss_cls: 0.6531, loss: 0.6531
2026-09-15 06:35:25,629 - pyskl - INFO - Epoch [6][3200/6265]	lr: 1.837e-02, eta: 2 days, 12:22:01, time: 3.748, data_time: 0.000, memory: 5243, top1_acc: 0.8019, top5_acc: 0.9519, loss_cls: 0.6679, loss: 0.6679
2026-09-15 06:41:39,936 - pyskl - INFO - Epoch [6][3300/6265]	lr: 1.833e-02, eta: 2 days, 12:17:53, time: 3.743, data_time: 0.000, memory: 5243, top1_acc: 0.8072, top5_acc: 0.9550, loss_cls: 0.6425, loss: 0.6425
2026-09-15 06:47:53,315 - pyskl - INFO - Epoch [6][3400/6265]	lr: 1.830e-02, eta: 2 days, 12:13:42, time: 3.734, data_time: 0.000, memory: 5243, top1_acc: 0.8075, top5_acc: 0.9503, loss_cls: 0.6450, loss: 0.6450
2026-09-15 06:54:06,265 - pyskl - INFO - Epoch [6][3500/6265]	lr: 1.827e-02, eta: 2 days, 12:09:30, time: 3.729, data_time: 0.000, memory: 5243, top1_acc: 0.8244, top5_acc: 0.9603, loss_cls: 0.5764, loss: 0.5764
2026-09-15 07:00:17,594 - pyskl - INFO - Epoch [6][3600/6265]	lr: 1.823e-02, eta: 2 days, 12:05:14, time: 3.713, data_time: 0.000, memory: 5243, top1_acc: 0.8225, top5_acc: 0.9513, loss_cls: 0.6054, loss: 0.6054
2026-09-15 07:06:30,369 - pyskl - INFO - Epoch [6][3700/6265]	lr: 1.820e-02, eta: 2 days, 12:01:01, time: 3.728, data_time: 0.000, memory: 5243, top1_acc: 0.7994, top5_acc: 0.9459, loss_cls: 0.6812, loss: 0.6812
2026-09-15 07:12:45,746 - pyskl - INFO - Epoch [6][3800/6265]	lr: 1.816e-02, eta: 2 days, 11:56:51, time: 3.754, data_time: 0.000, memory: 5243, top1_acc: 0.8137, top5_acc: 0.9516, loss_cls: 0.6437, loss: 0.6437
2026-09-15 07:18:59,047 - pyskl - INFO - Epoch [6][3900/6265]	lr: 1.813e-02, eta: 2 days, 11:52:37, time: 3.733, data_time: 0.000, memory: 5243, top1_acc: 0.8097, top5_acc: 0.9537, loss_cls: 0.6289, loss: 0.6289
2026-09-15 07:25:11,678 - pyskl - INFO - Epoch [6][4000/6265]	lr: 1.809e-02, eta: 2 days, 11:48:21, time: 3.726, data_time: 0.000, memory: 5243, top1_acc: 0.8063, top5_acc: 0.9556, loss_cls: 0.6501, loss: 0.6501
2026-09-15 07:31:25,719 - pyskl - INFO - Epoch [6][4100/6265]	lr: 1.806e-02, eta: 2 days, 11:44:07, time: 3.740, data_time: 0.000, memory: 5243, top1_acc: 0.8137, top5_acc: 0.9572, loss_cls: 0.6287, loss: 0.6287
2026-09-15 07:37:37,933 - pyskl - INFO - Epoch [6][4200/6265]	lr: 1.802e-02, eta: 2 days, 11:39:48, time: 3.722, data_time: 0.000, memory: 5243, top1_acc: 0.8181, top5_acc: 0.9541, loss_cls: 0.6140, loss: 0.6140
2026-09-15 07:43:50,610 - pyskl - INFO - Epoch [6][4300/6265]	lr: 1.799e-02, eta: 2 days, 11:35:31, time: 3.727, data_time: 0.000, memory: 5243, top1_acc: 0.8166, top5_acc: 0.9559, loss_cls: 0.6346, loss: 0.6346
2026-09-15 07:50:07,060 - pyskl - INFO - Epoch [6][4400/6265]	lr: 1.795e-02, eta: 2 days, 11:31:19, time: 3.764, data_time: 0.000, memory: 5243, top1_acc: 0.8219, top5_acc: 0.9534, loss_cls: 0.6093, loss: 0.6093
2026-09-15 07:56:20,806 - pyskl - INFO - Epoch [6][4500/6265]	lr: 1.792e-02, eta: 2 days, 11:27:01, time: 3.737, data_time: 0.000, memory: 5243, top1_acc: 0.8053, top5_acc: 0.9516, loss_cls: 0.6440, loss: 0.6440
2026-09-15 08:02:34,583 - pyskl - INFO - Epoch [6][4600/6265]	lr: 1.788e-02, eta: 2 days, 11:22:43, time: 3.738, data_time: 0.000, memory: 5243, top1_acc: 0.8028, top5_acc: 0.9516, loss_cls: 0.6668, loss: 0.6668
2026-09-15 08:08:48,818 - pyskl - INFO - Epoch [6][4700/6265]	lr: 1.784e-02, eta: 2 days, 11:18:26, time: 3.742, data_time: 0.000, memory: 5243, top1_acc: 0.8034, top5_acc: 0.9522, loss_cls: 0.6446, loss: 0.6446
2026-09-15 08:15:04,097 - pyskl - INFO - Epoch [6][4800/6265]	lr: 1.781e-02, eta: 2 days, 11:14:09, time: 3.753, data_time: 0.000, memory: 5243, top1_acc: 0.8256, top5_acc: 0.9550, loss_cls: 0.6111, loss: 0.6111
2026-09-15 08:21:19,238 - pyskl - INFO - Epoch [6][4900/6265]	lr: 1.777e-02, eta: 2 days, 11:09:52, time: 3.751, data_time: 0.000, memory: 5243, top1_acc: 0.8113, top5_acc: 0.9581, loss_cls: 0.6182, loss: 0.6182
2026-09-15 08:27:34,372 - pyskl - INFO - Epoch [6][5000/6265]	lr: 1.774e-02, eta: 2 days, 11:05:34, time: 3.751, data_time: 0.000, memory: 5243, top1_acc: 0.8119, top5_acc: 0.9503, loss_cls: 0.6280, loss: 0.6280
2026-09-15 08:33:47,738 - pyskl - INFO - Epoch [6][5100/6265]	lr: 1.770e-02, eta: 2 days, 11:01:12, time: 3.734, data_time: 0.000, memory: 5243, top1_acc: 0.8178, top5_acc: 0.9591, loss_cls: 0.5964, loss: 0.5964
2026-09-15 08:40:00,781 - pyskl - INFO - Epoch [6][5200/6265]	lr: 1.767e-02, eta: 2 days, 10:56:49, time: 3.730, data_time: 0.000, memory: 5243, top1_acc: 0.8194, top5_acc: 0.9594, loss_cls: 0.6101, loss: 0.6101
2026-09-15 08:46:14,639 - pyskl - INFO - Epoch [6][5300/6265]	lr: 1.763e-02, eta: 2 days, 10:52:27, time: 3.739, data_time: 0.000, memory: 5243, top1_acc: 0.8006, top5_acc: 0.9550, loss_cls: 0.6477, loss: 0.6477
2026-09-15 08:52:26,435 - pyskl - INFO - Epoch [6][5400/6265]	lr: 1.760e-02, eta: 2 days, 10:48:00, time: 3.718, data_time: 0.000, memory: 5243, top1_acc: 0.8122, top5_acc: 0.9594, loss_cls: 0.6182, loss: 0.6182
2026-09-15 08:58:40,026 - pyskl - INFO - Epoch [6][5500/6265]	lr: 1.756e-02, eta: 2 days, 10:43:36, time: 3.736, data_time: 0.000, memory: 5243, top1_acc: 0.8159, top5_acc: 0.9613, loss_cls: 0.5985, loss: 0.5985
2026-09-15 09:04:49,483 - pyskl - INFO - Epoch [6][5600/6265]	lr: 1.752e-02, eta: 2 days, 10:39:05, time: 3.695, data_time: 0.000, memory: 5243, top1_acc: 0.8197, top5_acc: 0.9556, loss_cls: 0.6132, loss: 0.6132
2026-09-15 09:10:59,483 - pyskl - INFO - Epoch [6][5700/6265]	lr: 1.749e-02, eta: 2 days, 10:34:34, time: 3.700, data_time: 0.000, memory: 5243, top1_acc: 0.8056, top5_acc: 0.9525, loss_cls: 0.6573, loss: 0.6573
2026-09-15 09:17:07,921 - pyskl - INFO - Epoch [6][5800/6265]	lr: 1.745e-02, eta: 2 days, 10:29:59, time: 3.684, data_time: 0.000, memory: 5243, top1_acc: 0.8006, top5_acc: 0.9556, loss_cls: 0.6589, loss: 0.6589
2026-09-15 09:23:18,296 - pyskl - INFO - Epoch [6][5900/6265]	lr: 1.742e-02, eta: 2 days, 10:25:28, time: 3.704, data_time: 0.000, memory: 5243, top1_acc: 0.8047, top5_acc: 0.9472, loss_cls: 0.6409, loss: 0.6409
2026-09-15 09:29:29,120 - pyskl - INFO - Epoch [6][6000/6265]	lr: 1.738e-02, eta: 2 days, 10:20:57, time: 3.708, data_time: 0.000, memory: 5243, top1_acc: 0.8184, top5_acc: 0.9487, loss_cls: 0.6300, loss: 0.6300
2026-09-15 09:35:39,469 - pyskl - INFO - Epoch [6][6100/6265]	lr: 1.734e-02, eta: 2 days, 10:16:24, time: 3.703, data_time: 0.000, memory: 5243, top1_acc: 0.8178, top5_acc: 0.9522, loss_cls: 0.6135, loss: 0.6135
2026-09-15 09:41:49,636 - pyskl - INFO - Epoch [6][6200/6265]	lr: 1.731e-02, eta: 2 days, 10:11:50, time: 3.702, data_time: 0.000, memory: 5243, top1_acc: 0.8163, top5_acc: 0.9578, loss_cls: 0.6060, loss: 0.6060
2026-09-15 09:45:47,335 - pyskl - INFO - Saving checkpoint at 6 epochs
2026-09-15 10:14:07,733 - pyskl - INFO - Evaluating top_k_accuracy ...
2026-09-15 10:14:07,788 - pyskl - INFO - 
top1_acc	0.8197
top5_acc	0.9694
2026-09-15 10:14:07,791 - pyskl - INFO - The previous best checkpoint D:\YxjProject\pythonProject\pyskl\work_dirs\aug_baseline\b_aug\stgcnpp_j\seed255\best_top1_acc_epoch_5.pth was removed
2026-09-15 10:14:07,924 - pyskl - INFO - Now best checkpoint is saved as best_top1_acc_epoch_6.pth.
2026-09-15 10:14:07,925 - pyskl - INFO - Best top1_acc is 0.8197 at 6 epoch.
2026-09-15 10:14:07,927 - pyskl - INFO - Epoch(val) [6][516]	top1_acc: 0.8197, top5_acc: 0.9694
2026-09-15 10:20:29,011 - pyskl - INFO - Epoch [7][100/6265]	lr: 1.725e-02, eta: 2 days, 9:57:57, time: 3.811, data_time: 0.095, memory: 5243, top1_acc: 0.8113, top5_acc: 0.9509, loss_cls: 0.6434, loss: 0.6434
2026-09-15 10:26:38,518 - pyskl - INFO - Epoch [7][200/6265]	lr: 1.721e-02, eta: 2 days, 9:53:23, time: 3.695, data_time: 0.000, memory: 5243, top1_acc: 0.8084, top5_acc: 0.9503, loss_cls: 0.6345, loss: 0.6345
2026-09-15 10:32:48,638 - pyskl - INFO - Epoch [7][300/6265]	lr: 1.718e-02, eta: 2 days, 9:48:49, time: 3.701, data_time: 0.000, memory: 5243, top1_acc: 0.8294, top5_acc: 0.9622, loss_cls: 0.5749, loss: 0.5749
2026-09-15 10:39:00,618 - pyskl - INFO - Epoch [7][400/6265]	lr: 1.714e-02, eta: 2 days, 9:44:17, time: 3.720, data_time: 0.000, memory: 5243, top1_acc: 0.8119, top5_acc: 0.9519, loss_cls: 0.6373, loss: 0.6373
2026-09-15 10:45:12,881 - pyskl - INFO - Epoch [7][500/6265]	lr: 1.710e-02, eta: 2 days, 9:39:46, time: 3.723, data_time: 0.000, memory: 5243, top1_acc: 0.8313, top5_acc: 0.9563, loss_cls: 0.5772, loss: 0.5772
2026-09-15 10:51:29,074 - pyskl - INFO - Epoch [7][600/6265]	lr: 1.707e-02, eta: 2 days, 9:35:21, time: 3.762, data_time: 0.000, memory: 5243, top1_acc: 0.8009, top5_acc: 0.9472, loss_cls: 0.6735, loss: 0.6735
2026-09-15 10:57:42,006 - pyskl - INFO - Epoch [7][700/6265]	lr: 1.703e-02, eta: 2 days, 9:30:49, time: 3.729, data_time: 0.000, memory: 5243, top1_acc: 0.8153, top5_acc: 0.9513, loss_cls: 0.6221, loss: 0.6221
2026-09-15 11:03:53,177 - pyskl - INFO - Epoch [7][800/6265]	lr: 1.699e-02, eta: 2 days, 9:26:15, time: 3.712, data_time: 0.000, memory: 5243, top1_acc: 0.8072, top5_acc: 0.9537, loss_cls: 0.6304, loss: 0.6304
2026-09-15 11:10:04,484 - pyskl - INFO - Epoch [7][900/6265]	lr: 1.696e-02, eta: 2 days, 9:21:40, time: 3.713, data_time: 0.000, memory: 5243, top1_acc: 0.8419, top5_acc: 0.9591, loss_cls: 0.5549, loss: 0.5549
2026-09-15 11:16:16,113 - pyskl - INFO - Epoch [7][1000/6265]	lr: 1.692e-02, eta: 2 days, 9:17:05, time: 3.716, data_time: 0.000, memory: 5243, top1_acc: 0.8113, top5_acc: 0.9559, loss_cls: 0.6310, loss: 0.6310
2026-09-15 11:22:29,446 - pyskl - INFO - Epoch [7][1100/6265]	lr: 1.688e-02, eta: 2 days, 9:12:32, time: 3.733, data_time: 0.000, memory: 5243, top1_acc: 0.8216, top5_acc: 0.9587, loss_cls: 0.5918, loss: 0.5918
2026-09-15 11:28:41,196 - pyskl - INFO - Epoch [7][1200/6265]	lr: 1.685e-02, eta: 2 days, 9:07:56, time: 3.718, data_time: 0.000, memory: 5243, top1_acc: 0.8294, top5_acc: 0.9556, loss_cls: 0.5783, loss: 0.5783
2026-09-15 11:34:52,277 - pyskl - INFO - Epoch [7][1300/6265]	lr: 1.681e-02, eta: 2 days, 9:03:19, time: 3.711, data_time: 0.000, memory: 5243, top1_acc: 0.8087, top5_acc: 0.9528, loss_cls: 0.6291, loss: 0.6291
2026-09-15 11:41:06,820 - pyskl - INFO - Epoch [7][1400/6265]	lr: 1.677e-02, eta: 2 days, 8:58:46, time: 3.745, data_time: 0.000, memory: 5243, top1_acc: 0.8259, top5_acc: 0.9513, loss_cls: 0.6228, loss: 0.6228
2026-09-15 11:47:20,497 - pyskl - INFO - Epoch [7][1500/6265]	lr: 1.674e-02, eta: 2 days, 8:54:12, time: 3.737, data_time: 0.000, memory: 5243, top1_acc: 0.8084, top5_acc: 0.9581, loss_cls: 0.6241, loss: 0.6241
2026-09-15 11:53:33,219 - pyskl - INFO - Epoch [7][1600/6265]	lr: 1.670e-02, eta: 2 days, 8:49:36, time: 3.727, data_time: 0.000, memory: 5243, top1_acc: 0.8247, top5_acc: 0.9519, loss_cls: 0.5990, loss: 0.5990
2026-09-15 11:59:47,014 - pyskl - INFO - Epoch [7][1700/6265]	lr: 1.666e-02, eta: 2 days, 8:45:01, time: 3.738, data_time: 0.000, memory: 5243, top1_acc: 0.8275, top5_acc: 0.9569, loss_cls: 0.5824, loss: 0.5824
2026-09-15 12:06:00,908 - pyskl - INFO - Epoch [7][1800/6265]	lr: 1.663e-02, eta: 2 days, 8:40:26, time: 3.739, data_time: 0.000, memory: 5243, top1_acc: 0.8322, top5_acc: 0.9550, loss_cls: 0.5917, loss: 0.5917
2026-09-15 12:12:15,077 - pyskl - INFO - Epoch [7][1900/6265]	lr: 1.659e-02, eta: 2 days, 8:35:50, time: 3.742, data_time: 0.000, memory: 5243, top1_acc: 0.8378, top5_acc: 0.9663, loss_cls: 0.5545, loss: 0.5545
2026-09-15 12:18:28,800 - pyskl - INFO - Epoch [7][2000/6265]	lr: 1.655e-02, eta: 2 days, 8:31:13, time: 3.737, data_time: 0.000, memory: 5243, top1_acc: 0.8213, top5_acc: 0.9481, loss_cls: 0.6316, loss: 0.6316
2026-09-15 12:24:42,773 - pyskl - INFO - Epoch [7][2100/6265]	lr: 1.651e-02, eta: 2 days, 8:26:37, time: 3.740, data_time: 0.000, memory: 5243, top1_acc: 0.8150, top5_acc: 0.9544, loss_cls: 0.6132, loss: 0.6132
2026-09-15 12:30:55,640 - pyskl - INFO - Epoch [7][2200/6265]	lr: 1.648e-02, eta: 2 days, 8:21:58, time: 3.729, data_time: 0.000, memory: 5243, top1_acc: 0.8259, top5_acc: 0.9578, loss_cls: 0.5838, loss: 0.5838
2026-09-15 12:37:08,591 - pyskl - INFO - Epoch [7][2300/6265]	lr: 1.644e-02, eta: 2 days, 8:17:18, time: 3.730, data_time: 0.000, memory: 5243, top1_acc: 0.8144, top5_acc: 0.9578, loss_cls: 0.6179, loss: 0.6179
2026-09-15 12:43:21,955 - pyskl - INFO - Epoch [7][2400/6265]	lr: 1.640e-02, eta: 2 days, 8:12:39, time: 3.734, data_time: 0.000, memory: 5243, top1_acc: 0.8197, top5_acc: 0.9556, loss_cls: 0.5946, loss: 0.5946
2026-09-15 12:49:36,151 - pyskl - INFO - Epoch [7][2500/6265]	lr: 1.637e-02, eta: 2 days, 8:08:01, time: 3.742, data_time: 0.000, memory: 5243, top1_acc: 0.8259, top5_acc: 0.9606, loss_cls: 0.5712, loss: 0.5712
2026-09-15 12:55:49,157 - pyskl - INFO - Epoch [7][2600/6265]	lr: 1.633e-02, eta: 2 days, 8:03:20, time: 3.730, data_time: 0.000, memory: 5243, top1_acc: 0.8175, top5_acc: 0.9506, loss_cls: 0.6213, loss: 0.6213
2026-09-15 13:02:00,114 - pyskl - INFO - Epoch [7][2700/6265]	lr: 1.629e-02, eta: 2 days, 7:58:36, time: 3.710, data_time: 0.000, memory: 5243, top1_acc: 0.8322, top5_acc: 0.9603, loss_cls: 0.5859, loss: 0.5859
2026-09-15 13:08:11,614 - pyskl - INFO - Epoch [7][2800/6265]	lr: 1.625e-02, eta: 2 days, 7:53:52, time: 3.715, data_time: 0.000, memory: 5243, top1_acc: 0.8209, top5_acc: 0.9597, loss_cls: 0.5875, loss: 0.5875
2026-09-15 13:14:24,066 - pyskl - INFO - Epoch [7][2900/6265]	lr: 1.622e-02, eta: 2 days, 7:49:10, time: 3.725, data_time: 0.000, memory: 5243, top1_acc: 0.8300, top5_acc: 0.9578, loss_cls: 0.5696, loss: 0.5696
2026-09-15 13:20:36,723 - pyskl - INFO - Epoch [7][3000/6265]	lr: 1.618e-02, eta: 2 days, 7:44:27, time: 3.727, data_time: 0.000, memory: 5243, top1_acc: 0.8144, top5_acc: 0.9531, loss_cls: 0.6090, loss: 0.6090
2026-09-15 13:26:49,040 - pyskl - INFO - Epoch [7][3100/6265]	lr: 1.614e-02, eta: 2 days, 7:39:43, time: 3.723, data_time: 0.000, memory: 5243, top1_acc: 0.8247, top5_acc: 0.9516, loss_cls: 0.5923, loss: 0.5923
2026-09-15 13:32:59,970 - pyskl - INFO - Epoch [7][3200/6265]	lr: 1.610e-02, eta: 2 days, 7:34:57, time: 3.709, data_time: 0.000, memory: 5243, top1_acc: 0.8250, top5_acc: 0.9572, loss_cls: 0.5955, loss: 0.5955
2026-09-15 13:39:11,779 - pyskl - INFO - Epoch [7][3300/6265]	lr: 1.607e-02, eta: 2 days, 7:30:11, time: 3.718, data_time: 0.000, memory: 5243, top1_acc: 0.8147, top5_acc: 0.9484, loss_cls: 0.6210, loss: 0.6210
2026-09-15 13:45:20,535 - pyskl - INFO - Epoch [7][3400/6265]	lr: 1.603e-02, eta: 2 days, 7:25:21, time: 3.688, data_time: 0.000, memory: 5243, top1_acc: 0.8316, top5_acc: 0.9591, loss_cls: 0.5688, loss: 0.5688
2026-09-15 13:51:30,214 - pyskl - INFO - Epoch [7][3500/6265]	lr: 1.599e-02, eta: 2 days, 7:20:31, time: 3.697, data_time: 0.000, memory: 5243, top1_acc: 0.8253, top5_acc: 0.9563, loss_cls: 0.5779, loss: 0.5779
2026-09-15 13:57:37,607 - pyskl - INFO - Epoch [7][3600/6265]	lr: 1.595e-02, eta: 2 days, 7:15:38, time: 3.674, data_time: 0.000, memory: 5243, top1_acc: 0.8306, top5_acc: 0.9575, loss_cls: 0.5805, loss: 0.5805
2026-09-15 14:03:47,483 - pyskl - INFO - Epoch [7][3700/6265]	lr: 1.592e-02, eta: 2 days, 7:10:49, time: 3.699, data_time: 0.000, memory: 5243, top1_acc: 0.8200, top5_acc: 0.9625, loss_cls: 0.5839, loss: 0.5839
2026-09-15 14:09:57,471 - pyskl - INFO - Epoch [7][3800/6265]	lr: 1.588e-02, eta: 2 days, 7:05:59, time: 3.700, data_time: 0.000, memory: 5243, top1_acc: 0.8234, top5_acc: 0.9591, loss_cls: 0.5881, loss: 0.5881
2026-09-15 14:16:07,479 - pyskl - INFO - Epoch [7][3900/6265]	lr: 1.584e-02, eta: 2 days, 7:01:08, time: 3.700, data_time: 0.000, memory: 5243, top1_acc: 0.8291, top5_acc: 0.9553, loss_cls: 0.5802, loss: 0.5802
2026-09-15 14:22:18,369 - pyskl - INFO - Epoch [7][4000/6265]	lr: 1.580e-02, eta: 2 days, 6:56:19, time: 3.709, data_time: 0.000, memory: 5243, top1_acc: 0.8213, top5_acc: 0.9572, loss_cls: 0.5896, loss: 0.5896
2026-09-15 14:28:29,905 - pyskl - INFO - Epoch [7][4100/6265]	lr: 1.576e-02, eta: 2 days, 6:51:30, time: 3.715, data_time: 0.000, memory: 5243, top1_acc: 0.8284, top5_acc: 0.9578, loss_cls: 0.5647, loss: 0.5647
2026-09-15 14:34:40,496 - pyskl - INFO - Epoch [7][4200/6265]	lr: 1.573e-02, eta: 2 days, 6:46:39, time: 3.706, data_time: 0.000, memory: 5243, top1_acc: 0.8256, top5_acc: 0.9563, loss_cls: 0.5925, loss: 0.5925
2026-09-15 14:40:51,299 - pyskl - INFO - Epoch [7][4300/6265]	lr: 1.569e-02, eta: 2 days, 6:41:48, time: 3.708, data_time: 0.000, memory: 5243, top1_acc: 0.8178, top5_acc: 0.9534, loss_cls: 0.6065, loss: 0.6065
2026-09-15 14:47:01,963 - pyskl - INFO - Epoch [7][4400/6265]	lr: 1.565e-02, eta: 2 days, 6:36:57, time: 3.707, data_time: 0.000, memory: 5243, top1_acc: 0.8263, top5_acc: 0.9616, loss_cls: 0.5829, loss: 0.5829
2026-09-15 14:53:13,455 - pyskl - INFO - Epoch [7][4500/6265]	lr: 1.561e-02, eta: 2 days, 6:32:06, time: 3.715, data_time: 0.000, memory: 5243, top1_acc: 0.8219, top5_acc: 0.9547, loss_cls: 0.5900, loss: 0.5900
2026-09-15 14:59:24,256 - pyskl - INFO - Epoch [7][4600/6265]	lr: 1.558e-02, eta: 2 days, 6:27:14, time: 3.708, data_time: 0.000, memory: 5243, top1_acc: 0.8181, top5_acc: 0.9591, loss_cls: 0.5905, loss: 0.5905
2026-09-15 15:05:33,942 - pyskl - INFO - Epoch [7][4700/6265]	lr: 1.554e-02, eta: 2 days, 6:22:20, time: 3.697, data_time: 0.000, memory: 5243, top1_acc: 0.8244, top5_acc: 0.9544, loss_cls: 0.5890, loss: 0.5890
2026-09-15 15:11:44,124 - pyskl - INFO - Epoch [7][4800/6265]	lr: 1.550e-02, eta: 2 days, 6:17:27, time: 3.702, data_time: 0.000, memory: 5243, top1_acc: 0.8331, top5_acc: 0.9587, loss_cls: 0.5574, loss: 0.5574
2026-09-15 15:17:53,570 - pyskl - INFO - Epoch [7][4900/6265]	lr: 1.546e-02, eta: 2 days, 6:12:32, time: 3.694, data_time: 0.000, memory: 5243, top1_acc: 0.8213, top5_acc: 0.9547, loss_cls: 0.5892, loss: 0.5892
2026-09-15 15:24:04,364 - pyskl - INFO - Epoch [7][5000/6265]	lr: 1.542e-02, eta: 2 days, 6:07:38, time: 3.708, data_time: 0.000, memory: 5243, top1_acc: 0.8378, top5_acc: 0.9644, loss_cls: 0.5393, loss: 0.5393
2026-09-15 15:30:15,815 - pyskl - INFO - Epoch [7][5100/6265]	lr: 1.538e-02, eta: 2 days, 6:02:45, time: 3.714, data_time: 0.000, memory: 5243, top1_acc: 0.8266, top5_acc: 0.9591, loss_cls: 0.5727, loss: 0.5727
2026-09-15 15:36:26,553 - pyskl - INFO - Epoch [7][5200/6265]	lr: 1.535e-02, eta: 2 days, 5:57:51, time: 3.707, data_time: 0.000, memory: 5243, top1_acc: 0.8244, top5_acc: 0.9578, loss_cls: 0.5791, loss: 0.5791
2026-09-15 15:42:36,803 - pyskl - INFO - Epoch [7][5300/6265]	lr: 1.531e-02, eta: 2 days, 5:52:56, time: 3.702, data_time: 0.000, memory: 5243, top1_acc: 0.8272, top5_acc: 0.9594, loss_cls: 0.5684, loss: 0.5684
2026-09-15 15:48:45,974 - pyskl - INFO - Epoch [7][5400/6265]	lr: 1.527e-02, eta: 2 days, 5:47:59, time: 3.692, data_time: 0.000, memory: 5243, top1_acc: 0.8278, top5_acc: 0.9603, loss_cls: 0.5616, loss: 0.5616
2026-09-15 15:54:55,677 - pyskl - INFO - Epoch [7][5500/6265]	lr: 1.523e-02, eta: 2 days, 5:43:02, time: 3.697, data_time: 0.000, memory: 5243, top1_acc: 0.8347, top5_acc: 0.9556, loss_cls: 0.5593, loss: 0.5593
2026-09-15 16:01:05,862 - pyskl - INFO - Epoch [7][5600/6265]	lr: 1.519e-02, eta: 2 days, 5:38:06, time: 3.702, data_time: 0.000, memory: 5243, top1_acc: 0.8103, top5_acc: 0.9531, loss_cls: 0.6109, loss: 0.6109
2026-09-15 16:07:17,220 - pyskl - INFO - Epoch [7][5700/6265]	lr: 1.516e-02, eta: 2 days, 5:33:11, time: 3.714, data_time: 0.000, memory: 5243, top1_acc: 0.8309, top5_acc: 0.9594, loss_cls: 0.5722, loss: 0.5722
2026-09-15 16:13:26,477 - pyskl - INFO - Epoch [7][5800/6265]	lr: 1.512e-02, eta: 2 days, 5:28:12, time: 3.693, data_time: 0.000, memory: 5243, top1_acc: 0.8306, top5_acc: 0.9566, loss_cls: 0.5675, loss: 0.5675
2026-09-15 16:19:34,577 - pyskl - INFO - Epoch [7][5900/6265]	lr: 1.508e-02, eta: 2 days, 5:23:12, time: 3.681, data_time: 0.000, memory: 5243, top1_acc: 0.8228, top5_acc: 0.9594, loss_cls: 0.5964, loss: 0.5964
2026-09-15 16:25:43,334 - pyskl - INFO - Epoch [7][6000/6265]	lr: 1.504e-02, eta: 2 days, 5:18:13, time: 3.688, data_time: 0.000, memory: 5243, top1_acc: 0.8172, top5_acc: 0.9578, loss_cls: 0.5876, loss: 0.5876
2026-09-15 16:31:51,981 - pyskl - INFO - Epoch [7][6100/6265]	lr: 1.500e-02, eta: 2 days, 5:13:13, time: 3.686, data_time: 0.000, memory: 5243, top1_acc: 0.8297, top5_acc: 0.9594, loss_cls: 0.5633, loss: 0.5633
2026-09-15 16:38:00,934 - pyskl - INFO - Epoch [7][6200/6265]	lr: 1.496e-02, eta: 2 days, 5:08:13, time: 3.690, data_time: 0.000, memory: 5243, top1_acc: 0.8337, top5_acc: 0.9644, loss_cls: 0.5559, loss: 0.5559
2026-09-15 16:41:59,840 - pyskl - INFO - Saving checkpoint at 7 epochs
2026-09-15 17:10:30,816 - pyskl - INFO - Evaluating top_k_accuracy ...
2026-09-15 17:10:30,873 - pyskl - INFO - 
top1_acc	0.8311
top5_acc	0.9699
2026-09-15 17:10:30,875 - pyskl - INFO - The previous best checkpoint D:\YxjProject\pythonProject\pyskl\work_dirs\aug_baseline\b_aug\stgcnpp_j\seed255\best_top1_acc_epoch_6.pth was removed
2026-09-15 17:10:31,009 - pyskl - INFO - Now best checkpoint is saved as best_top1_acc_epoch_7.pth.
2026-09-15 17:10:31,010 - pyskl - INFO - Best top1_acc is 0.8311 at 7 epoch.
2026-09-15 17:10:31,013 - pyskl - INFO - Epoch(val) [7][516]	top1_acc: 0.8311, top5_acc: 0.9699
2026-09-15 17:16:53,181 - pyskl - INFO - Epoch [8][100/6265]	lr: 1.490e-02, eta: 2 days, 4:55:07, time: 3.822, data_time: 0.094, memory: 5243, top1_acc: 0.8413, top5_acc: 0.9587, loss_cls: 0.5584, loss: 0.5584
2026-09-15 17:23:06,227 - pyskl - INFO - Epoch [8][200/6265]	lr: 1.486e-02, eta: 2 days, 4:50:13, time: 3.730, data_time: 0.000, memory: 5243, top1_acc: 0.8347, top5_acc: 0.9566, loss_cls: 0.5808, loss: 0.5808
2026-09-15 17:29:17,785 - pyskl - INFO - Epoch [8][300/6265]	lr: 1.482e-02, eta: 2 days, 4:45:16, time: 3.716, data_time: 0.000, memory: 5243, top1_acc: 0.8387, top5_acc: 0.9628, loss_cls: 0.5399, loss: 0.5399
2026-09-15 17:35:30,209 - pyskl - INFO - Epoch [8][400/6265]	lr: 1.479e-02, eta: 2 days, 4:40:20, time: 3.724, data_time: 0.000, memory: 5243, top1_acc: 0.8281, top5_acc: 0.9616, loss_cls: 0.5585, loss: 0.5585
2026-09-15 17:41:42,648 - pyskl - INFO - Epoch [8][500/6265]	lr: 1.475e-02, eta: 2 days, 4:35:24, time: 3.724, data_time: 0.000, memory: 5243, top1_acc: 0.8309, top5_acc: 0.9575, loss_cls: 0.5596, loss: 0.5596
2026-09-15 17:47:56,016 - pyskl - INFO - Epoch [8][600/6265]	lr: 1.471e-02, eta: 2 days, 4:30:29, time: 3.734, data_time: 0.000, memory: 5243, top1_acc: 0.8297, top5_acc: 0.9603, loss_cls: 0.5549, loss: 0.5549
2026-09-15 17:54:10,005 - pyskl - INFO - Epoch [8][700/6265]	lr: 1.467e-02, eta: 2 days, 4:25:34, time: 3.740, data_time: 0.000, memory: 5243, top1_acc: 0.8350, top5_acc: 0.9603, loss_cls: 0.5712, loss: 0.5712
2026-09-15 18:00:23,728 - pyskl - INFO - Epoch [8][800/6265]	lr: 1.463e-02, eta: 2 days, 4:20:38, time: 3.737, data_time: 0.000, memory: 5243, top1_acc: 0.8431, top5_acc: 0.9581, loss_cls: 0.5324, loss: 0.5324
2026-09-15 18:06:38,338 - pyskl - INFO - Epoch [8][900/6265]	lr: 1.459e-02, eta: 2 days, 4:15:43, time: 3.746, data_time: 0.000, memory: 5243, top1_acc: 0.8344, top5_acc: 0.9587, loss_cls: 0.5613, loss: 0.5613
2026-09-15 18:12:51,899 - pyskl - INFO - Epoch [8][1000/6265]	lr: 1.455e-02, eta: 2 days, 4:10:47, time: 3.736, data_time: 0.000, memory: 5243, top1_acc: 0.8353, top5_acc: 0.9606, loss_cls: 0.5479, loss: 0.5479
2026-09-15 18:19:05,368 - pyskl - INFO - Epoch [8][1100/6265]	lr: 1.451e-02, eta: 2 days, 4:05:50, time: 3.735, data_time: 0.000, memory: 5243, top1_acc: 0.8372, top5_acc: 0.9597, loss_cls: 0.5547, loss: 0.5547
2026-09-15 18:25:19,226 - pyskl - INFO - Epoch [8][1200/6265]	lr: 1.448e-02, eta: 2 days, 4:00:53, time: 3.739, data_time: 0.000, memory: 5243, top1_acc: 0.8350, top5_acc: 0.9609, loss_cls: 0.5585, loss: 0.5585
2026-09-15 18:31:32,377 - pyskl - INFO - Epoch [8][1300/6265]	lr: 1.444e-02, eta: 2 days, 3:55:55, time: 3.732, data_time: 0.000, memory: 5243, top1_acc: 0.8431, top5_acc: 0.9616, loss_cls: 0.5364, loss: 0.5364
2026-09-15 18:37:46,204 - pyskl - INFO - Epoch [8][1400/6265]	lr: 1.440e-02, eta: 2 days, 3:50:57, time: 3.738, data_time: 0.000, memory: 5243, top1_acc: 0.8263, top5_acc: 0.9587, loss_cls: 0.5730, loss: 0.5730
2026-09-15 18:43:59,396 - pyskl - INFO - Epoch [8][1500/6265]	lr: 1.436e-02, eta: 2 days, 3:45:59, time: 3.732, data_time: 0.000, memory: 5243, top1_acc: 0.8391, top5_acc: 0.9678, loss_cls: 0.5094, loss: 0.5094
2026-09-15 18:50:11,176 - pyskl - INFO - Epoch [8][1600/6265]	lr: 1.432e-02, eta: 2 days, 3:40:58, time: 3.718, data_time: 0.000, memory: 5243, top1_acc: 0.8256, top5_acc: 0.9575, loss_cls: 0.5776, loss: 0.5776
2026-09-15 18:56:22,879 - pyskl - INFO - Epoch [8][1700/6265]	lr: 1.428e-02, eta: 2 days, 3:35:57, time: 3.717, data_time: 0.000, memory: 5243, top1_acc: 0.8341, top5_acc: 0.9625, loss_cls: 0.5716, loss: 0.5716
2026-09-15 19:02:34,750 - pyskl - INFO - Epoch [8][1800/6265]	lr: 1.424e-02, eta: 2 days, 3:30:56, time: 3.719, data_time: 0.000, memory: 5243, top1_acc: 0.8303, top5_acc: 0.9613, loss_cls: 0.5757, loss: 0.5757
2026-09-15 19:08:46,188 - pyskl - INFO - Epoch [8][1900/6265]	lr: 1.421e-02, eta: 2 days, 3:25:54, time: 3.714, data_time: 0.000, memory: 5243, top1_acc: 0.8209, top5_acc: 0.9569, loss_cls: 0.5847, loss: 0.5847
2026-09-15 19:14:57,787 - pyskl - INFO - Epoch [8][2000/6265]	lr: 1.417e-02, eta: 2 days, 3:20:51, time: 3.716, data_time: 0.000, memory: 5243, top1_acc: 0.8363, top5_acc: 0.9613, loss_cls: 0.5504, loss: 0.5504
2026-09-15 19:21:09,955 - pyskl - INFO - Epoch [8][2100/6265]	lr: 1.413e-02, eta: 2 days, 3:15:50, time: 3.722, data_time: 0.000, memory: 5243, top1_acc: 0.8287, top5_acc: 0.9578, loss_cls: 0.5820, loss: 0.5820
2026-09-15 19:27:23,098 - pyskl - INFO - Epoch [8][2200/6265]	lr: 1.409e-02, eta: 2 days, 3:10:49, time: 3.731, data_time: 0.000, memory: 5243, top1_acc: 0.8488, top5_acc: 0.9637, loss_cls: 0.5113, loss: 0.5113
2026-09-15 19:33:33,335 - pyskl - INFO - Epoch [8][2300/6265]	lr: 1.405e-02, eta: 2 days, 3:05:44, time: 3.702, data_time: 0.000, memory: 5243, top1_acc: 0.8303, top5_acc: 0.9666, loss_cls: 0.5520, loss: 0.5520
2026-09-15 19:39:44,057 - pyskl - INFO - Epoch [8][2400/6265]	lr: 1.401e-02, eta: 2 days, 3:00:40, time: 3.707, data_time: 0.000, memory: 5243, top1_acc: 0.8359, top5_acc: 0.9587, loss_cls: 0.5572, loss: 0.5572
2026-09-15 19:45:57,717 - pyskl - INFO - Epoch [8][2500/6265]	lr: 1.397e-02, eta: 2 days, 2:55:38, time: 3.737, data_time: 0.000, memory: 5243, top1_acc: 0.8434, top5_acc: 0.9663, loss_cls: 0.5017, loss: 0.5017
2026-09-15 19:52:11,461 - pyskl - INFO - Epoch [8][2600/6265]	lr: 1.393e-02, eta: 2 days, 2:50:37, time: 3.737, data_time: 0.000, memory: 5243, top1_acc: 0.8550, top5_acc: 0.9666, loss_cls: 0.4968, loss: 0.4968
2026-09-15 19:58:23,576 - pyskl - INFO - Epoch [8][2700/6265]	lr: 1.389e-02, eta: 2 days, 2:45:33, time: 3.721, data_time: 0.000, memory: 5243, top1_acc: 0.8325, top5_acc: 0.9566, loss_cls: 0.5791, loss: 0.5791
2026-09-15 20:04:33,917 - pyskl - INFO - Epoch [8][2800/6265]	lr: 1.386e-02, eta: 2 days, 2:40:27, time: 3.703, data_time: 0.000, memory: 5243, top1_acc: 0.8216, top5_acc: 0.9566, loss_cls: 0.5814, loss: 0.5814
2026-09-15 20:10:46,060 - pyskl - INFO - Epoch [8][2900/6265]	lr: 1.382e-02, eta: 2 days, 2:35:23, time: 3.721, data_time: 0.000, memory: 5243, top1_acc: 0.8428, top5_acc: 0.9600, loss_cls: 0.5370, loss: 0.5370
2026-09-15 20:16:59,421 - pyskl - INFO - Epoch [8][3000/6265]	lr: 1.378e-02, eta: 2 days, 2:30:20, time: 3.734, data_time: 0.000, memory: 5243, top1_acc: 0.8416, top5_acc: 0.9659, loss_cls: 0.5247, loss: 0.5247
2026-09-15 20:23:12,808 - pyskl - INFO - Epoch [8][3100/6265]	lr: 1.374e-02, eta: 2 days, 2:25:17, time: 3.734, data_time: 0.000, memory: 5243, top1_acc: 0.8313, top5_acc: 0.9553, loss_cls: 0.5726, loss: 0.5726
2026-09-15 20:29:24,893 - pyskl - INFO - Epoch [8][3200/6265]	lr: 1.370e-02, eta: 2 days, 2:20:12, time: 3.721, data_time: 0.000, memory: 5243, top1_acc: 0.8316, top5_acc: 0.9613, loss_cls: 0.5432, loss: 0.5432
2026-09-15 20:35:38,523 - pyskl - INFO - Epoch [8][3300/6265]	lr: 1.366e-02, eta: 2 days, 2:15:08, time: 3.736, data_time: 0.000, memory: 5243, top1_acc: 0.8438, top5_acc: 0.9581, loss_cls: 0.5387, loss: 0.5387
2026-09-15 20:41:51,708 - pyskl - INFO - Epoch [8][3400/6265]	lr: 1.362e-02, eta: 2 days, 2:10:03, time: 3.732, data_time: 0.000, memory: 5243, top1_acc: 0.8403, top5_acc: 0.9622, loss_cls: 0.5376, loss: 0.5376
2026-09-15 20:48:04,234 - pyskl - INFO - Epoch [8][3500/6265]	lr: 1.358e-02, eta: 2 days, 2:04:58, time: 3.725, data_time: 0.000, memory: 5243, top1_acc: 0.8291, top5_acc: 0.9616, loss_cls: 0.5697, loss: 0.5697
2026-09-15 20:54:17,305 - pyskl - INFO - Epoch [8][3600/6265]	lr: 1.354e-02, eta: 2 days, 1:59:53, time: 3.731, data_time: 0.000, memory: 5243, top1_acc: 0.8441, top5_acc: 0.9575, loss_cls: 0.5419, loss: 0.5419
2026-09-15 21:00:30,320 - pyskl - INFO - Epoch [8][3700/6265]	lr: 1.350e-02, eta: 2 days, 1:54:47, time: 3.730, data_time: 0.000, memory: 5243, top1_acc: 0.8325, top5_acc: 0.9584, loss_cls: 0.5705, loss: 0.5705
2026-09-15 21:06:43,689 - pyskl - INFO - Epoch [8][3800/6265]	lr: 1.347e-02, eta: 2 days, 1:49:42, time: 3.734, data_time: 0.000, memory: 5243, top1_acc: 0.8444, top5_acc: 0.9653, loss_cls: 0.5228, loss: 0.5228
2026-09-15 21:12:56,585 - pyskl - INFO - Epoch [8][3900/6265]	lr: 1.343e-02, eta: 2 days, 1:44:36, time: 3.729, data_time: 0.000, memory: 5243, top1_acc: 0.8344, top5_acc: 0.9578, loss_cls: 0.5700, loss: 0.5700
2026-09-15 21:19:09,341 - pyskl - INFO - Epoch [8][4000/6265]	lr: 1.339e-02, eta: 2 days, 1:39:29, time: 3.728, data_time: 0.000, memory: 5243, top1_acc: 0.8331, top5_acc: 0.9581, loss_cls: 0.5672, loss: 0.5672
2026-09-15 21:25:23,517 - pyskl - INFO - Epoch [8][4100/6265]	lr: 1.335e-02, eta: 2 days, 1:34:24, time: 3.742, data_time: 0.000, memory: 5243, top1_acc: 0.8425, top5_acc: 0.9625, loss_cls: 0.5271, loss: 0.5271
2026-09-15 21:31:35,813 - pyskl - INFO - Epoch [8][4200/6265]	lr: 1.331e-02, eta: 2 days, 1:29:16, time: 3.723, data_time: 0.000, memory: 5243, top1_acc: 0.8337, top5_acc: 0.9597, loss_cls: 0.5679, loss: 0.5679
2026-09-15 21:37:48,028 - pyskl - INFO - Epoch [8][4300/6265]	lr: 1.327e-02, eta: 2 days, 1:24:08, time: 3.722, data_time: 0.000, memory: 5243, top1_acc: 0.8428, top5_acc: 0.9616, loss_cls: 0.5385, loss: 0.5385
2026-09-15 21:44:00,160 - pyskl - INFO - Epoch [8][4400/6265]	lr: 1.323e-02, eta: 2 days, 1:18:59, time: 3.721, data_time: 0.000, memory: 5243, top1_acc: 0.8347, top5_acc: 0.9637, loss_cls: 0.5360, loss: 0.5360
2026-09-15 21:50:12,039 - pyskl - INFO - Epoch [8][4500/6265]	lr: 1.319e-02, eta: 2 days, 1:13:50, time: 3.719, data_time: 0.000, memory: 5243, top1_acc: 0.8197, top5_acc: 0.9516, loss_cls: 0.5966, loss: 0.5966
2026-09-15 21:56:24,794 - pyskl - INFO - Epoch [8][4600/6265]	lr: 1.315e-02, eta: 2 days, 1:08:42, time: 3.728, data_time: 0.000, memory: 5243, top1_acc: 0.8334, top5_acc: 0.9641, loss_cls: 0.5430, loss: 0.5430
2026-09-15 22:02:36,381 - pyskl - INFO - Epoch [8][4700/6265]	lr: 1.311e-02, eta: 2 days, 1:03:32, time: 3.716, data_time: 0.000, memory: 5243, top1_acc: 0.8500, top5_acc: 0.9634, loss_cls: 0.5161, loss: 0.5161
2026-09-15 22:08:49,271 - pyskl - INFO - Epoch [8][4800/6265]	lr: 1.307e-02, eta: 2 days, 0:58:24, time: 3.729, data_time: 0.000, memory: 5243, top1_acc: 0.8516, top5_acc: 0.9619, loss_cls: 0.5186, loss: 0.5186
2026-09-15 22:15:02,242 - pyskl - INFO - Epoch [8][4900/6265]	lr: 1.303e-02, eta: 2 days, 0:53:15, time: 3.730, data_time: 0.000, memory: 5243, top1_acc: 0.8413, top5_acc: 0.9656, loss_cls: 0.5314, loss: 0.5314
2026-09-15 22:21:13,595 - pyskl - INFO - Epoch [8][5000/6265]	lr: 1.300e-02, eta: 2 days, 0:48:04, time: 3.713, data_time: 0.000, memory: 5243, top1_acc: 0.8434, top5_acc: 0.9619, loss_cls: 0.5173, loss: 0.5173
2026-09-15 22:27:25,606 - pyskl - INFO - Epoch [8][5100/6265]	lr: 1.296e-02, eta: 2 days, 0:42:54, time: 3.720, data_time: 0.000, memory: 5243, top1_acc: 0.8303, top5_acc: 0.9597, loss_cls: 0.5713, loss: 0.5713
2026-09-15 22:33:38,650 - pyskl - INFO - Epoch [8][5200/6265]	lr: 1.292e-02, eta: 2 days, 0:37:44, time: 3.730, data_time: 0.000, memory: 5243, top1_acc: 0.8347, top5_acc: 0.9613, loss_cls: 0.5442, loss: 0.5442
2026-09-15 22:39:51,752 - pyskl - INFO - Epoch [8][5300/6265]	lr: 1.288e-02, eta: 2 days, 0:32:35, time: 3.731, data_time: 0.000, memory: 5243, top1_acc: 0.8450, top5_acc: 0.9647, loss_cls: 0.5285, loss: 0.5285
2026-09-15 22:46:05,248 - pyskl - INFO - Epoch [8][5400/6265]	lr: 1.284e-02, eta: 2 days, 0:27:25, time: 3.735, data_time: 0.000, memory: 5243, top1_acc: 0.8600, top5_acc: 0.9688, loss_cls: 0.4804, loss: 0.4804
2026-09-15 22:52:22,298 - pyskl - INFO - Epoch [8][5500/6265]	lr: 1.280e-02, eta: 2 days, 0:22:19, time: 3.770, data_time: 0.000, memory: 5243, top1_acc: 0.8387, top5_acc: 0.9613, loss_cls: 0.5295, loss: 0.5295
2026-09-15 22:58:35,916 - pyskl - INFO - Epoch [8][5600/6265]	lr: 1.276e-02, eta: 2 days, 0:17:09, time: 3.736, data_time: 0.000, memory: 5243, top1_acc: 0.8369, top5_acc: 0.9591, loss_cls: 0.5495, loss: 0.5495
2026-09-15 23:04:46,770 - pyskl - INFO - Epoch [8][5700/6265]	lr: 1.272e-02, eta: 2 days, 0:11:56, time: 3.709, data_time: 0.000, memory: 5243, top1_acc: 0.8438, top5_acc: 0.9606, loss_cls: 0.5431, loss: 0.5431
2026-09-15 23:10:59,214 - pyskl - INFO - Epoch [8][5800/6265]	lr: 1.268e-02, eta: 2 days, 0:06:44, time: 3.724, data_time: 0.000, memory: 5243, top1_acc: 0.8472, top5_acc: 0.9675, loss_cls: 0.5182, loss: 0.5182
2026-09-15 23:17:12,760 - pyskl - INFO - Epoch [8][5900/6265]	lr: 1.264e-02, eta: 2 days, 0:01:33, time: 3.735, data_time: 0.000, memory: 5243, top1_acc: 0.8459, top5_acc: 0.9678, loss_cls: 0.5082, loss: 0.5082
2026-09-15 23:23:26,099 - pyskl - INFO - Epoch [8][6000/6265]	lr: 1.260e-02, eta: 1 day, 23:56:22, time: 3.733, data_time: 0.000, memory: 5243, top1_acc: 0.8525, top5_acc: 0.9672, loss_cls: 0.4968, loss: 0.4968
2026-09-15 23:29:39,304 - pyskl - INFO - Epoch [8][6100/6265]	lr: 1.257e-02, eta: 1 day, 23:51:10, time: 3.732, data_time: 0.000, memory: 5243, top1_acc: 0.8544, top5_acc: 0.9675, loss_cls: 0.4871, loss: 0.4871
2026-09-15 23:35:52,379 - pyskl - INFO - Epoch [8][6200/6265]	lr: 1.253e-02, eta: 1 day, 23:45:58, time: 3.731, data_time: 0.000, memory: 5243, top1_acc: 0.8534, top5_acc: 0.9622, loss_cls: 0.5103, loss: 0.5103
2026-09-15 23:39:52,946 - pyskl - INFO - Saving checkpoint at 8 epochs
2026-09-16 00:08:08,754 - pyskl - INFO - Evaluating top_k_accuracy ...
2026-09-16 00:08:08,810 - pyskl - INFO - 
top1_acc	0.8173
top5_acc	0.9697
2026-09-16 00:08:08,812 - pyskl - INFO - Epoch(val) [8][516]	top1_acc: 0.8173, top5_acc: 0.9697
2026-09-16 00:14:30,738 - pyskl - INFO - Epoch [9][100/6265]	lr: 1.246e-02, eta: 1 day, 23:33:30, time: 3.819, data_time: 0.095, memory: 5243, top1_acc: 0.8438, top5_acc: 0.9581, loss_cls: 0.5297, loss: 0.5297
2026-09-16 00:20:43,967 - pyskl - INFO - Epoch [9][200/6265]	lr: 1.242e-02, eta: 1 day, 23:28:19, time: 3.732, data_time: 0.000, memory: 5243, top1_acc: 0.8475, top5_acc: 0.9656, loss_cls: 0.5067, loss: 0.5067
2026-09-16 00:26:54,359 - pyskl - INFO - Epoch [9][300/6265]	lr: 1.238e-02, eta: 1 day, 23:23:04, time: 3.704, data_time: 0.000, memory: 5243, top1_acc: 0.8491, top5_acc: 0.9672, loss_cls: 0.5059, loss: 0.5059
2026-09-16 00:33:07,084 - pyskl - INFO - Epoch [9][400/6265]	lr: 1.234e-02, eta: 1 day, 23:17:51, time: 3.727, data_time: 0.000, memory: 5243, top1_acc: 0.8466, top5_acc: 0.9600, loss_cls: 0.5281, loss: 0.5281
2026-09-16 00:39:20,438 - pyskl - INFO - Epoch [9][500/6265]	lr: 1.230e-02, eta: 1 day, 23:12:39, time: 3.734, data_time: 0.000, memory: 5243, top1_acc: 0.8441, top5_acc: 0.9584, loss_cls: 0.5442, loss: 0.5442
2026-09-16 00:45:33,068 - pyskl - INFO - Epoch [9][600/6265]	lr: 1.227e-02, eta: 1 day, 23:07:26, time: 3.726, data_time: 0.000, memory: 5243, top1_acc: 0.8422, top5_acc: 0.9628, loss_cls: 0.5388, loss: 0.5388
2026-09-16 00:51:46,310 - pyskl - INFO - Epoch [9][700/6265]	lr: 1.223e-02, eta: 1 day, 23:02:13, time: 3.732, data_time: 0.000, memory: 5243, top1_acc: 0.8553, top5_acc: 0.9644, loss_cls: 0.5053, loss: 0.5053
2026-09-16 00:58:00,301 - pyskl - INFO - Epoch [9][800/6265]	lr: 1.219e-02, eta: 1 day, 22:57:01, time: 3.740, data_time: 0.000, memory: 5243, top1_acc: 0.8341, top5_acc: 0.9556, loss_cls: 0.5615, loss: 0.5615
2026-09-16 01:04:13,142 - pyskl - INFO - Epoch [9][900/6265]	lr: 1.215e-02, eta: 1 day, 22:51:47, time: 3.728, data_time: 0.000, memory: 5243, top1_acc: 0.8475, top5_acc: 0.9675, loss_cls: 0.5029, loss: 0.5029
2026-09-16 01:10:26,231 - pyskl - INFO - Epoch [9][1000/6265]	lr: 1.211e-02, eta: 1 day, 22:46:34, time: 3.731, data_time: 0.000, memory: 5243, top1_acc: 0.8553, top5_acc: 0.9656, loss_cls: 0.4932, loss: 0.4932
2026-09-16 01:16:36,171 - pyskl - INFO - Epoch [9][1100/6265]	lr: 1.207e-02, eta: 1 day, 22:41:17, time: 3.699, data_time: 0.000, memory: 5243, top1_acc: 0.8469, top5_acc: 0.9613, loss_cls: 0.5235, loss: 0.5235
2026-09-16 01:22:47,673 - pyskl - INFO - Epoch [9][1200/6265]	lr: 1.203e-02, eta: 1 day, 22:36:01, time: 3.715, data_time: 0.000, memory: 5243, top1_acc: 0.8469, top5_acc: 0.9666, loss_cls: 0.4993, loss: 0.4993
2026-09-16 01:29:01,917 - pyskl - INFO - Epoch [9][1300/6265]	lr: 1.199e-02, eta: 1 day, 22:30:48, time: 3.742, data_time: 0.000, memory: 5243, top1_acc: 0.8459, top5_acc: 0.9650, loss_cls: 0.5141, loss: 0.5141
2026-09-16 01:35:14,352 - pyskl - INFO - Epoch [9][1400/6265]	lr: 1.195e-02, eta: 1 day, 22:25:33, time: 3.724, data_time: 0.000, memory: 5243, top1_acc: 0.8444, top5_acc: 0.9647, loss_cls: 0.5132, loss: 0.5132
2026-09-16 01:41:27,193 - pyskl - INFO - Epoch [9][1500/6265]	lr: 1.191e-02, eta: 1 day, 22:20:18, time: 3.728, data_time: 0.000, memory: 5243, top1_acc: 0.8428, top5_acc: 0.9644, loss_cls: 0.5194, loss: 0.5194
2026-09-16 01:47:40,303 - pyskl - INFO - Epoch [9][1600/6265]	lr: 1.187e-02, eta: 1 day, 22:15:03, time: 3.731, data_time: 0.000, memory: 5243, top1_acc: 0.8541, top5_acc: 0.9663, loss_cls: 0.4978, loss: 0.4978
2026-09-16 01:53:51,408 - pyskl - INFO - Epoch [9][1700/6265]	lr: 1.183e-02, eta: 1 day, 22:09:46, time: 3.711, data_time: 0.000, memory: 5243, top1_acc: 0.8394, top5_acc: 0.9581, loss_cls: 0.5396, loss: 0.5396
2026-09-16 02:00:01,234 - pyskl - INFO - Epoch [9][1800/6265]	lr: 1.180e-02, eta: 1 day, 22:04:28, time: 3.698, data_time: 0.000, memory: 5243, top1_acc: 0.8475, top5_acc: 0.9581, loss_cls: 0.5091, loss: 0.5091
2026-09-16 02:06:14,140 - pyskl - INFO - Epoch [9][1900/6265]	lr: 1.176e-02, eta: 1 day, 21:59:12, time: 3.729, data_time: 0.000, memory: 5243, top1_acc: 0.8488, top5_acc: 0.9584, loss_cls: 0.5173, loss: 0.5173
2026-09-16 02:12:27,680 - pyskl - INFO - Epoch [9][2000/6265]	lr: 1.172e-02, eta: 1 day, 21:53:56, time: 3.735, data_time: 0.000, memory: 5243, top1_acc: 0.8431, top5_acc: 0.9628, loss_cls: 0.5126, loss: 0.5126
2026-09-16 02:18:41,972 - pyskl - INFO - Epoch [9][2100/6265]	lr: 1.168e-02, eta: 1 day, 21:48:41, time: 3.743, data_time: 0.000, memory: 5243, top1_acc: 0.8381, top5_acc: 0.9584, loss_cls: 0.5500, loss: 0.5500
2026-09-16 02:24:54,643 - pyskl - INFO - Epoch [9][2200/6265]	lr: 1.164e-02, eta: 1 day, 21:43:25, time: 3.727, data_time: 0.000, memory: 5243, top1_acc: 0.8566, top5_acc: 0.9675, loss_cls: 0.4848, loss: 0.4848
2026-09-16 02:31:09,171 - pyskl - INFO - Epoch [9][2300/6265]	lr: 1.160e-02, eta: 1 day, 21:38:10, time: 3.745, data_time: 0.000, memory: 5243, top1_acc: 0.8478, top5_acc: 0.9619, loss_cls: 0.5152, loss: 0.5152
2026-09-16 02:37:21,811 - pyskl - INFO - Epoch [9][2400/6265]	lr: 1.156e-02, eta: 1 day, 21:32:52, time: 3.726, data_time: 0.000, memory: 5243, top1_acc: 0.8447, top5_acc: 0.9581, loss_cls: 0.5236, loss: 0.5236
2026-09-16 02:43:33,856 - pyskl - INFO - Epoch [9][2500/6265]	lr: 1.152e-02, eta: 1 day, 21:27:34, time: 3.720, data_time: 0.000, memory: 5243, top1_acc: 0.8578, top5_acc: 0.9678, loss_cls: 0.4780, loss: 0.4780
2026-09-16 02:49:45,831 - pyskl - INFO - Epoch [9][2600/6265]	lr: 1.148e-02, eta: 1 day, 21:22:16, time: 3.720, data_time: 0.000, memory: 5243, top1_acc: 0.8406, top5_acc: 0.9591, loss_cls: 0.5366, loss: 0.5366
2026-09-16 02:55:57,333 - pyskl - INFO - Epoch [9][2700/6265]	lr: 1.144e-02, eta: 1 day, 21:16:58, time: 3.715, data_time: 0.000, memory: 5243, top1_acc: 0.8559, top5_acc: 0.9675, loss_cls: 0.4799, loss: 0.4799
2026-09-16 03:02:09,133 - pyskl - INFO - Epoch [9][2800/6265]	lr: 1.140e-02, eta: 1 day, 21:11:39, time: 3.718, data_time: 0.000, memory: 5243, top1_acc: 0.8544, top5_acc: 0.9688, loss_cls: 0.4832, loss: 0.4832
2026-09-16 03:08:22,582 - pyskl - INFO - Epoch [9][2900/6265]	lr: 1.137e-02, eta: 1 day, 21:06:21, time: 3.734, data_time: 0.000, memory: 5243, top1_acc: 0.8547, top5_acc: 0.9694, loss_cls: 0.4756, loss: 0.4756
2026-09-16 03:14:36,067 - pyskl - INFO - Epoch [9][3000/6265]	lr: 1.133e-02, eta: 1 day, 21:01:04, time: 3.735, data_time: 0.000, memory: 5243, top1_acc: 0.8566, top5_acc: 0.9653, loss_cls: 0.4747, loss: 0.4747
2026-09-16 03:20:49,457 - pyskl - INFO - Epoch [9][3100/6265]	lr: 1.129e-02, eta: 1 day, 20:55:46, time: 3.734, data_time: 0.000, memory: 5243, top1_acc: 0.8441, top5_acc: 0.9641, loss_cls: 0.5226, loss: 0.5226
2026-09-16 03:27:02,730 - pyskl - INFO - Epoch [9][3200/6265]	lr: 1.125e-02, eta: 1 day, 20:50:28, time: 3.733, data_time: 0.000, memory: 5243, top1_acc: 0.8531, top5_acc: 0.9647, loss_cls: 0.4785, loss: 0.4785
2026-09-16 03:33:15,165 - pyskl - INFO - Epoch [9][3300/6265]	lr: 1.121e-02, eta: 1 day, 20:45:08, time: 3.724, data_time: 0.000, memory: 5243, top1_acc: 0.8556, top5_acc: 0.9712, loss_cls: 0.4797, loss: 0.4797
2026-09-16 03:39:26,573 - pyskl - INFO - Epoch [9][3400/6265]	lr: 1.117e-02, eta: 1 day, 20:39:48, time: 3.714, data_time: 0.000, memory: 5243, top1_acc: 0.8525, top5_acc: 0.9644, loss_cls: 0.5136, loss: 0.5136
2026-09-16 03:45:37,919 - pyskl - INFO - Epoch [9][3500/6265]	lr: 1.113e-02, eta: 1 day, 20:34:28, time: 3.713, data_time: 0.000, memory: 5243, top1_acc: 0.8594, top5_acc: 0.9672, loss_cls: 0.4832, loss: 0.4832
2026-09-16 03:51:50,809 - pyskl - INFO - Epoch [9][3600/6265]	lr: 1.109e-02, eta: 1 day, 20:29:08, time: 3.729, data_time: 0.000, memory: 5243, top1_acc: 0.8481, top5_acc: 0.9625, loss_cls: 0.5075, loss: 0.5075
2026-09-16 03:58:03,452 - pyskl - INFO - Epoch [9][3700/6265]	lr: 1.105e-02, eta: 1 day, 20:23:49, time: 3.726, data_time: 0.000, memory: 5243, top1_acc: 0.8531, top5_acc: 0.9641, loss_cls: 0.5116, loss: 0.5116
2026-09-16 04:04:16,767 - pyskl - INFO - Epoch [9][3800/6265]	lr: 1.102e-02, eta: 1 day, 20:18:29, time: 3.733, data_time: 0.000, memory: 5243, top1_acc: 0.8675, top5_acc: 0.9669, loss_cls: 0.4677, loss: 0.4677
2026-09-16 04:10:29,322 - pyskl - INFO - Epoch [9][3900/6265]	lr: 1.098e-02, eta: 1 day, 20:13:09, time: 3.726, data_time: 0.000, memory: 5243, top1_acc: 0.8531, top5_acc: 0.9666, loss_cls: 0.4919, loss: 0.4919
2026-09-16 04:16:37,933 - pyskl - INFO - Epoch [9][4000/6265]	lr: 1.094e-02, eta: 1 day, 20:07:45, time: 3.686, data_time: 0.000, memory: 5243, top1_acc: 0.8528, top5_acc: 0.9678, loss_cls: 0.4815, loss: 0.4815
2026-09-16 04:22:49,057 - pyskl - INFO - Epoch [9][4100/6265]	lr: 1.090e-02, eta: 1 day, 20:02:23, time: 3.711, data_time: 0.000, memory: 5243, top1_acc: 0.8528, top5_acc: 0.9650, loss_cls: 0.5061, loss: 0.5061
2026-09-16 04:29:00,850 - pyskl - INFO - Epoch [9][4200/6265]	lr: 1.086e-02, eta: 1 day, 19:57:02, time: 3.718, data_time: 0.000, memory: 5243, top1_acc: 0.8531, top5_acc: 0.9669, loss_cls: 0.4980, loss: 0.4980
2026-09-16 04:35:11,555 - pyskl - INFO - Epoch [9][4300/6265]	lr: 1.082e-02, eta: 1 day, 19:51:39, time: 3.707, data_time: 0.000, memory: 5243, top1_acc: 0.8519, top5_acc: 0.9625, loss_cls: 0.5040, loss: 0.5040
2026-09-16 04:41:26,121 - pyskl - INFO - Epoch [9][4400/6265]	lr: 1.078e-02, eta: 1 day, 19:46:20, time: 3.746, data_time: 0.000, memory: 5243, top1_acc: 0.8556, top5_acc: 0.9622, loss_cls: 0.4848, loss: 0.4848
2026-09-16 04:47:39,654 - pyskl - INFO - Epoch [9][4500/6265]	lr: 1.074e-02, eta: 1 day, 19:40:59, time: 3.735, data_time: 0.000, memory: 5243, top1_acc: 0.8572, top5_acc: 0.9597, loss_cls: 0.5049, loss: 0.5049
2026-09-16 04:53:54,087 - pyskl - INFO - Epoch [9][4600/6265]	lr: 1.070e-02, eta: 1 day, 19:35:39, time: 3.744, data_time: 0.000, memory: 5243, top1_acc: 0.8688, top5_acc: 0.9688, loss_cls: 0.4518, loss: 0.4518
2026-09-16 05:00:05,262 - pyskl - INFO - Epoch [9][4700/6265]	lr: 1.067e-02, eta: 1 day, 19:30:16, time: 3.712, data_time: 0.000, memory: 5243, top1_acc: 0.8550, top5_acc: 0.9625, loss_cls: 0.4869, loss: 0.4869
2026-09-16 05:06:18,777 - pyskl - INFO - Epoch [9][4800/6265]	lr: 1.063e-02, eta: 1 day, 19:24:55, time: 3.735, data_time: 0.000, memory: 5243, top1_acc: 0.8497, top5_acc: 0.9606, loss_cls: 0.5126, loss: 0.5126
2026-09-16 05:12:32,851 - pyskl - INFO - Epoch [9][4900/6265]	lr: 1.059e-02, eta: 1 day, 19:19:34, time: 3.741, data_time: 0.000, memory: 5243, top1_acc: 0.8581, top5_acc: 0.9663, loss_cls: 0.4777, loss: 0.4777
2026-09-16 05:18:47,128 - pyskl - INFO - Epoch [9][5000/6265]	lr: 1.055e-02, eta: 1 day, 19:14:13, time: 3.743, data_time: 0.000, memory: 5243, top1_acc: 0.8538, top5_acc: 0.9672, loss_cls: 0.4918, loss: 0.4918
2026-09-16 05:25:01,072 - pyskl - INFO - Epoch [9][5100/6265]	lr: 1.051e-02, eta: 1 day, 19:08:52, time: 3.739, data_time: 0.000, memory: 5243, top1_acc: 0.8566, top5_acc: 0.9691, loss_cls: 0.4807, loss: 0.4807
2026-09-16 05:31:13,621 - pyskl - INFO - Epoch [9][5200/6265]	lr: 1.047e-02, eta: 1 day, 19:03:29, time: 3.725, data_time: 0.000, memory: 5243, top1_acc: 0.8441, top5_acc: 0.9622, loss_cls: 0.5113, loss: 0.5113
2026-09-16 05:37:25,532 - pyskl - INFO - Epoch [9][5300/6265]	lr: 1.043e-02, eta: 1 day, 18:58:06, time: 3.719, data_time: 0.000, memory: 5243, top1_acc: 0.8644, top5_acc: 0.9688, loss_cls: 0.4634, loss: 0.4634
2026-09-16 05:43:38,450 - pyskl - INFO - Epoch [9][5400/6265]	lr: 1.039e-02, eta: 1 day, 18:52:43, time: 3.729, data_time: 0.000, memory: 5243, top1_acc: 0.8628, top5_acc: 0.9688, loss_cls: 0.4651, loss: 0.4651
2026-09-16 05:49:51,782 - pyskl - INFO - Epoch [9][5500/6265]	lr: 1.036e-02, eta: 1 day, 18:47:21, time: 3.733, data_time: 0.000, memory: 5243, top1_acc: 0.8525, top5_acc: 0.9591, loss_cls: 0.5048, loss: 0.5048
2026-09-16 05:56:03,403 - pyskl - INFO - Epoch [9][5600/6265]	lr: 1.032e-02, eta: 1 day, 18:41:57, time: 3.716, data_time: 0.000, memory: 5243, top1_acc: 0.8512, top5_acc: 0.9644, loss_cls: 0.4948, loss: 0.4948
2026-09-16 06:02:16,804 - pyskl - INFO - Epoch [9][5700/6265]	lr: 1.028e-02, eta: 1 day, 18:36:34, time: 3.734, data_time: 0.000, memory: 5243, top1_acc: 0.8722, top5_acc: 0.9675, loss_cls: 0.4472, loss: 0.4472
2026-09-16 06:08:29,875 - pyskl - INFO - Epoch [9][5800/6265]	lr: 1.024e-02, eta: 1 day, 18:31:10, time: 3.731, data_time: 0.000, memory: 5243, top1_acc: 0.8509, top5_acc: 0.9669, loss_cls: 0.4801, loss: 0.4801
2026-09-16 06:14:42,290 - pyskl - INFO - Epoch [9][5900/6265]	lr: 1.020e-02, eta: 1 day, 18:25:46, time: 3.724, data_time: 0.000, memory: 5243, top1_acc: 0.8634, top5_acc: 0.9738, loss_cls: 0.4342, loss: 0.4342
2026-09-16 06:20:54,390 - pyskl - INFO - Epoch [9][6000/6265]	lr: 1.016e-02, eta: 1 day, 18:20:22, time: 3.721, data_time: 0.000, memory: 5243, top1_acc: 0.8641, top5_acc: 0.9656, loss_cls: 0.4493, loss: 0.4493
2026-09-16 06:27:08,282 - pyskl - INFO - Epoch [9][6100/6265]	lr: 1.013e-02, eta: 1 day, 18:14:59, time: 3.739, data_time: 0.000, memory: 5243, top1_acc: 0.8641, top5_acc: 0.9700, loss_cls: 0.4591, loss: 0.4591
2026-09-16 06:33:22,166 - pyskl - INFO - Epoch [9][6200/6265]	lr: 1.009e-02, eta: 1 day, 18:09:35, time: 3.739, data_time: 0.000, memory: 5243, top1_acc: 0.8631, top5_acc: 0.9672, loss_cls: 0.4628, loss: 0.4628
2026-09-16 06:37:22,387 - pyskl - INFO - Saving checkpoint at 9 epochs
2026-09-16 07:05:38,609 - pyskl - INFO - Evaluating top_k_accuracy ...
2026-09-16 07:05:38,665 - pyskl - INFO - 
top1_acc	0.8219
top5_acc	0.9706
2026-09-16 07:05:38,669 - pyskl - INFO - Epoch(val) [9][516]	top1_acc: 0.8219, top5_acc: 0.9706
2026-09-16 07:12:01,264 - pyskl - INFO - Epoch [10][100/6265]	lr: 1.002e-02, eta: 1 day, 17:57:40, time: 3.826, data_time: 0.095, memory: 5243, top1_acc: 0.8619, top5_acc: 0.9631, loss_cls: 0.4734, loss: 0.4734
2026-09-16 07:18:13,756 - pyskl - INFO - Epoch [10][200/6265]	lr: 9.985e-03, eta: 1 day, 17:52:15, time: 3.725, data_time: 0.000, memory: 5243, top1_acc: 0.8650, top5_acc: 0.9678, loss_cls: 0.4626, loss: 0.4626
2026-09-16 07:24:26,302 - pyskl - INFO - Epoch [10][300/6265]	lr: 9.947e-03, eta: 1 day, 17:46:51, time: 3.725, data_time: 0.000, memory: 5243, top1_acc: 0.8534, top5_acc: 0.9684, loss_cls: 0.4701, loss: 0.4701
2026-09-16 07:30:39,393 - pyskl - INFO - Epoch [10][400/6265]	lr: 9.908e-03, eta: 1 day, 17:41:27, time: 3.731, data_time: 0.000, memory: 5243, top1_acc: 0.8656, top5_acc: 0.9666, loss_cls: 0.4725, loss: 0.4725
2026-09-16 07:36:52,242 - pyskl - INFO - Epoch [10][500/6265]	lr: 9.870e-03, eta: 1 day, 17:36:03, time: 3.728, data_time: 0.000, memory: 5243, top1_acc: 0.8644, top5_acc: 0.9628, loss_cls: 0.4781, loss: 0.4781
2026-09-16 07:43:05,518 - pyskl - INFO - Epoch [10][600/6265]	lr: 9.832e-03, eta: 1 day, 17:30:38, time: 3.733, data_time: 0.000, memory: 5243, top1_acc: 0.8694, top5_acc: 0.9666, loss_cls: 0.4412, loss: 0.4412
2026-09-16 07:49:22,000 - pyskl - INFO - Epoch [10][700/6265]	lr: 9.793e-03, eta: 1 day, 17:25:16, time: 3.765, data_time: 0.000, memory: 5243, top1_acc: 0.8638, top5_acc: 0.9675, loss_cls: 0.4569, loss: 0.4569
2026-09-16 07:55:35,874 - pyskl - INFO - Epoch [10][800/6265]	lr: 9.755e-03, eta: 1 day, 17:19:52, time: 3.739, data_time: 0.000, memory: 5243, top1_acc: 0.8622, top5_acc: 0.9656, loss_cls: 0.4645, loss: 0.4645
2026-09-16 08:01:47,677 - pyskl - INFO - Epoch [10][900/6265]	lr: 9.717e-03, eta: 1 day, 17:14:26, time: 3.718, data_time: 0.000, memory: 5243, top1_acc: 0.8656, top5_acc: 0.9728, loss_cls: 0.4336, loss: 0.4336
2026-09-16 08:08:00,350 - pyskl - INFO - Epoch [10][1000/6265]	lr: 9.679e-03, eta: 1 day, 17:09:01, time: 3.727, data_time: 0.000, memory: 5243, top1_acc: 0.8672, top5_acc: 0.9675, loss_cls: 0.4542, loss: 0.4542
2026-09-16 08:14:12,082 - pyskl - INFO - Epoch [10][1100/6265]	lr: 9.641e-03, eta: 1 day, 17:03:34, time: 3.717, data_time: 0.000, memory: 5243, top1_acc: 0.8756, top5_acc: 0.9709, loss_cls: 0.4350, loss: 0.4350
2026-09-16 08:20:24,336 - pyskl - INFO - Epoch [10][1200/6265]	lr: 9.603e-03, eta: 1 day, 16:58:08, time: 3.723, data_time: 0.000, memory: 5243, top1_acc: 0.8653, top5_acc: 0.9644, loss_cls: 0.4576, loss: 0.4576
2026-09-16 08:26:37,187 - pyskl - INFO - Epoch [10][1300/6265]	lr: 9.564e-03, eta: 1 day, 16:52:42, time: 3.729, data_time: 0.000, memory: 5243, top1_acc: 0.8578, top5_acc: 0.9672, loss_cls: 0.4798, loss: 0.4798
2026-09-16 08:32:49,544 - pyskl - INFO - Epoch [10][1400/6265]	lr: 9.526e-03, eta: 1 day, 16:47:16, time: 3.724, data_time: 0.000, memory: 5243, top1_acc: 0.8712, top5_acc: 0.9678, loss_cls: 0.4508, loss: 0.4508
2026-09-16 08:39:01,645 - pyskl - INFO - Epoch [10][1500/6265]	lr: 9.488e-03, eta: 1 day, 16:41:49, time: 3.721, data_time: 0.000, memory: 5243, top1_acc: 0.8697, top5_acc: 0.9700, loss_cls: 0.4319, loss: 0.4319
2026-09-16 08:45:14,296 - pyskl - INFO - Epoch [10][1600/6265]	lr: 9.450e-03, eta: 1 day, 16:36:23, time: 3.727, data_time: 0.000, memory: 5243, top1_acc: 0.8719, top5_acc: 0.9675, loss_cls: 0.4340, loss: 0.4340
2026-09-16 08:51:27,137 - pyskl - INFO - Epoch [10][1700/6265]	lr: 9.412e-03, eta: 1 day, 16:30:57, time: 3.728, data_time: 0.000, memory: 5243, top1_acc: 0.8547, top5_acc: 0.9659, loss_cls: 0.4865, loss: 0.4865
2026-09-16 08:57:40,196 - pyskl - INFO - Epoch [10][1800/6265]	lr: 9.374e-03, eta: 1 day, 16:25:30, time: 3.731, data_time: 0.000, memory: 5243, top1_acc: 0.8569, top5_acc: 0.9678, loss_cls: 0.4781, loss: 0.4781
2026-09-16 09:03:51,041 - pyskl - INFO - Epoch [10][1900/6265]	lr: 9.336e-03, eta: 1 day, 16:20:02, time: 3.708, data_time: 0.000, memory: 5243, top1_acc: 0.8762, top5_acc: 0.9753, loss_cls: 0.4181, loss: 0.4181
2026-09-16 09:10:01,499 - pyskl - INFO - Epoch [10][2000/6265]	lr: 9.299e-03, eta: 1 day, 16:14:33, time: 3.705, data_time: 0.000, memory: 5243, top1_acc: 0.8659, top5_acc: 0.9706, loss_cls: 0.4473, loss: 0.4473
2026-09-16 09:16:10,283 - pyskl - INFO - Epoch [10][2100/6265]	lr: 9.261e-03, eta: 1 day, 16:09:03, time: 3.688, data_time: 0.000, memory: 5243, top1_acc: 0.8762, top5_acc: 0.9744, loss_cls: 0.4046, loss: 0.4046
2026-09-16 09:22:20,197 - pyskl - INFO - Epoch [10][2200/6265]	lr: 9.223e-03, eta: 1 day, 16:03:34, time: 3.699, data_time: 0.000, memory: 5243, top1_acc: 0.8750, top5_acc: 0.9738, loss_cls: 0.4239, loss: 0.4239
2026-09-16 09:28:32,552 - pyskl - INFO - Epoch [10][2300/6265]	lr: 9.185e-03, eta: 1 day, 15:58:06, time: 3.724, data_time: 0.000, memory: 5243, top1_acc: 0.8731, top5_acc: 0.9700, loss_cls: 0.4269, loss: 0.4269
2026-09-16 09:34:43,189 - pyskl - INFO - Epoch [10][2400/6265]	lr: 9.147e-03, eta: 1 day, 15:52:37, time: 3.706, data_time: 0.000, memory: 5243, top1_acc: 0.8800, top5_acc: 0.9694, loss_cls: 0.4095, loss: 0.4095
2026-09-16 09:40:56,232 - pyskl - INFO - Epoch [10][2500/6265]	lr: 9.110e-03, eta: 1 day, 15:47:10, time: 3.730, data_time: 0.000, memory: 5243, top1_acc: 0.8722, top5_acc: 0.9734, loss_cls: 0.4346, loss: 0.4346
2026-09-16 09:47:08,213 - pyskl - INFO - Epoch [10][2600/6265]	lr: 9.072e-03, eta: 1 day, 15:41:41, time: 3.720, data_time: 0.000, memory: 5243, top1_acc: 0.8703, top5_acc: 0.9675, loss_cls: 0.4354, loss: 0.4354
2026-09-16 09:53:21,239 - pyskl - INFO - Epoch [10][2700/6265]	lr: 9.034e-03, eta: 1 day, 15:36:14, time: 3.730, data_time: 0.000, memory: 5243, top1_acc: 0.8728, top5_acc: 0.9669, loss_cls: 0.4424, loss: 0.4424
2026-09-16 09:59:33,927 - pyskl - INFO - Epoch [10][2800/6265]	lr: 8.997e-03, eta: 1 day, 15:30:45, time: 3.727, data_time: 0.000, memory: 5243, top1_acc: 0.8622, top5_acc: 0.9678, loss_cls: 0.4513, loss: 0.4513
2026-09-16 10:05:46,099 - pyskl - INFO - Epoch [10][2900/6265]	lr: 8.959e-03, eta: 1 day, 15:25:17, time: 3.722, data_time: 0.000, memory: 5243, top1_acc: 0.8834, top5_acc: 0.9725, loss_cls: 0.3861, loss: 0.3861
2026-09-16 10:11:58,743 - pyskl - INFO - Epoch [10][3000/6265]	lr: 8.922e-03, eta: 1 day, 15:19:48, time: 3.726, data_time: 0.000, memory: 5243, top1_acc: 0.8531, top5_acc: 0.9603, loss_cls: 0.5017, loss: 0.5017
2026-09-16 10:18:10,799 - pyskl - INFO - Epoch [10][3100/6265]	lr: 8.884e-03, eta: 1 day, 15:14:19, time: 3.721, data_time: 0.000, memory: 5243, top1_acc: 0.8741, top5_acc: 0.9684, loss_cls: 0.4432, loss: 0.4432
2026-09-16 10:24:24,564 - pyskl - INFO - Epoch [10][3200/6265]	lr: 8.847e-03, eta: 1 day, 15:08:51, time: 3.738, data_time: 0.000, memory: 5243, top1_acc: 0.8634, top5_acc: 0.9628, loss_cls: 0.4661, loss: 0.4661
2026-09-16 10:30:38,466 - pyskl - INFO - Epoch [10][3300/6265]	lr: 8.809e-03, eta: 1 day, 15:03:23, time: 3.739, data_time: 0.000, memory: 5243, top1_acc: 0.8566, top5_acc: 0.9659, loss_cls: 0.4854, loss: 0.4854
2026-09-16 10:36:52,344 - pyskl - INFO - Epoch [10][3400/6265]	lr: 8.772e-03, eta: 1 day, 14:57:54, time: 3.739, data_time: 0.000, memory: 5243, top1_acc: 0.8728, top5_acc: 0.9675, loss_cls: 0.4431, loss: 0.4431
2026-09-16 10:43:05,062 - pyskl - INFO - Epoch [10][3500/6265]	lr: 8.734e-03, eta: 1 day, 14:52:25, time: 3.727, data_time: 0.000, memory: 5243, top1_acc: 0.8706, top5_acc: 0.9706, loss_cls: 0.4301, loss: 0.4301
2026-09-16 10:49:19,249 - pyskl - INFO - Epoch [10][3600/6265]	lr: 8.697e-03, eta: 1 day, 14:46:57, time: 3.742, data_time: 0.000, memory: 5243, top1_acc: 0.8556, top5_acc: 0.9684, loss_cls: 0.4668, loss: 0.4668
2026-09-16 10:55:31,094 - pyskl - INFO - Epoch [10][3700/6265]	lr: 8.660e-03, eta: 1 day, 14:41:27, time: 3.718, data_time: 0.000, memory: 5243, top1_acc: 0.8688, top5_acc: 0.9663, loss_cls: 0.4477, loss: 0.4477
2026-09-16 11:01:43,861 - pyskl - INFO - Epoch [10][3800/6265]	lr: 8.622e-03, eta: 1 day, 14:35:57, time: 3.728, data_time: 0.000, memory: 5243, top1_acc: 0.8566, top5_acc: 0.9675, loss_cls: 0.4798, loss: 0.4798
2026-09-16 11:07:56,197 - pyskl - INFO - Epoch [10][3900/6265]	lr: 8.585e-03, eta: 1 day, 14:30:27, time: 3.723, data_time: 0.000, memory: 5243, top1_acc: 0.8697, top5_acc: 0.9709, loss_cls: 0.4402, loss: 0.4402
2026-09-16 11:14:10,521 - pyskl - INFO - Epoch [10][4000/6265]	lr: 8.548e-03, eta: 1 day, 14:24:58, time: 3.743, data_time: 0.000, memory: 5243, top1_acc: 0.8684, top5_acc: 0.9666, loss_cls: 0.4508, loss: 0.4508
2026-09-16 11:20:25,307 - pyskl - INFO - Epoch [10][4100/6265]	lr: 8.511e-03, eta: 1 day, 14:19:29, time: 3.748, data_time: 0.000, memory: 5243, top1_acc: 0.8691, top5_acc: 0.9669, loss_cls: 0.4546, loss: 0.4546
2026-09-16 11:26:39,701 - pyskl - INFO - Epoch [10][4200/6265]	lr: 8.474e-03, eta: 1 day, 14:14:00, time: 3.744, data_time: 0.000, memory: 5243, top1_acc: 0.8744, top5_acc: 0.9728, loss_cls: 0.4198, loss: 0.4198
2026-09-16 11:32:53,732 - pyskl - INFO - Epoch [10][4300/6265]	lr: 8.437e-03, eta: 1 day, 14:08:31, time: 3.740, data_time: 0.000, memory: 5243, top1_acc: 0.8706, top5_acc: 0.9659, loss_cls: 0.4449, loss: 0.4449
2026-09-16 11:39:07,661 - pyskl - INFO - Epoch [10][4400/6265]	lr: 8.400e-03, eta: 1 day, 14:03:01, time: 3.739, data_time: 0.000, memory: 5243, top1_acc: 0.8600, top5_acc: 0.9681, loss_cls: 0.4661, loss: 0.4661
2026-09-16 11:45:20,912 - pyskl - INFO - Epoch [10][4500/6265]	lr: 8.363e-03, eta: 1 day, 13:57:31, time: 3.733, data_time: 0.000, memory: 5243, top1_acc: 0.8806, top5_acc: 0.9700, loss_cls: 0.4051, loss: 0.4051
2026-09-16 11:51:35,192 - pyskl - INFO - Epoch [10][4600/6265]	lr: 8.326e-03, eta: 1 day, 13:52:01, time: 3.743, data_time: 0.000, memory: 5243, top1_acc: 0.8694, top5_acc: 0.9703, loss_cls: 0.4315, loss: 0.4315
2026-09-16 11:57:47,669 - pyskl - INFO - Epoch [10][4700/6265]	lr: 8.289e-03, eta: 1 day, 13:46:30, time: 3.725, data_time: 0.000, memory: 5243, top1_acc: 0.8634, top5_acc: 0.9684, loss_cls: 0.4445, loss: 0.4445
2026-09-16 12:03:59,305 - pyskl - INFO - Epoch [10][4800/6265]	lr: 8.252e-03, eta: 1 day, 13:40:58, time: 3.716, data_time: 0.000, memory: 5243, top1_acc: 0.8816, top5_acc: 0.9731, loss_cls: 0.4058, loss: 0.4058
2026-09-16 12:10:10,662 - pyskl - INFO - Epoch [10][4900/6265]	lr: 8.215e-03, eta: 1 day, 13:35:26, time: 3.714, data_time: 0.000, memory: 5243, top1_acc: 0.8741, top5_acc: 0.9697, loss_cls: 0.4065, loss: 0.4065
2026-09-16 12:16:21,149 - pyskl - INFO - Epoch [10][5000/6265]	lr: 8.178e-03, eta: 1 day, 13:29:53, time: 3.705, data_time: 0.000, memory: 5243, top1_acc: 0.8803, top5_acc: 0.9725, loss_cls: 0.4089, loss: 0.4089
2026-09-16 12:22:32,376 - pyskl - INFO - Epoch [10][5100/6265]	lr: 8.142e-03, eta: 1 day, 13:24:21, time: 3.712, data_time: 0.000, memory: 5243, top1_acc: 0.8644, top5_acc: 0.9684, loss_cls: 0.4481, loss: 0.4481
2026-09-16 12:28:42,759 - pyskl - INFO - Epoch [10][5200/6265]	lr: 8.105e-03, eta: 1 day, 13:18:47, time: 3.704, data_time: 0.000, memory: 5243, top1_acc: 0.8691, top5_acc: 0.9731, loss_cls: 0.4316, loss: 0.4316
2026-09-16 12:34:51,413 - pyskl - INFO - Epoch [10][5300/6265]	lr: 8.068e-03, eta: 1 day, 13:13:13, time: 3.687, data_time: 0.000, memory: 5243, top1_acc: 0.8791, top5_acc: 0.9731, loss_cls: 0.4003, loss: 0.4003
2026-09-16 12:40:59,908 - pyskl - INFO - Epoch [10][5400/6265]	lr: 8.032e-03, eta: 1 day, 13:07:39, time: 3.685, data_time: 0.000, memory: 5243, top1_acc: 0.8744, top5_acc: 0.9719, loss_cls: 0.4244, loss: 0.4244
2026-09-16 12:47:10,410 - pyskl - INFO - Epoch [10][5500/6265]	lr: 7.995e-03, eta: 1 day, 13:02:05, time: 3.705, data_time: 0.000, memory: 5243, top1_acc: 0.8712, top5_acc: 0.9716, loss_cls: 0.4340, loss: 0.4340
2026-09-16 12:53:21,240 - pyskl - INFO - Epoch [10][5600/6265]	lr: 7.959e-03, eta: 1 day, 12:56:32, time: 3.708, data_time: 0.000, memory: 5243, top1_acc: 0.8747, top5_acc: 0.9675, loss_cls: 0.4233, loss: 0.4233
2026-09-16 12:59:32,185 - pyskl - INFO - Epoch [10][5700/6265]	lr: 7.922e-03, eta: 1 day, 12:50:59, time: 3.709, data_time: 0.000, memory: 5243, top1_acc: 0.8722, top5_acc: 0.9728, loss_cls: 0.4250, loss: 0.4250
2026-09-16 13:05:41,003 - pyskl - INFO - Epoch [10][5800/6265]	lr: 7.886e-03, eta: 1 day, 12:45:24, time: 3.688, data_time: 0.000, memory: 5243, top1_acc: 0.8759, top5_acc: 0.9719, loss_cls: 0.4252, loss: 0.4252
2026-09-16 13:11:47,133 - pyskl - INFO - Epoch [10][5900/6265]	lr: 7.849e-03, eta: 1 day, 12:39:47, time: 3.661, data_time: 0.000, memory: 5243, top1_acc: 0.8747, top5_acc: 0.9712, loss_cls: 0.4367, loss: 0.4367
2026-09-16 13:16:31,841 - pyskl - INFO - Epoch [10][6000/6265]	lr: 7.813e-03, eta: 1 day, 12:33:21, time: 2.847, data_time: 0.000, memory: 5243, top1_acc: 0.8794, top5_acc: 0.9688, loss_cls: 0.4299, loss: 0.4299
2026-09-16 13:21:15,039 - pyskl - INFO - Epoch [10][6100/6265]	lr: 7.777e-03, eta: 1 day, 12:26:55, time: 2.832, data_time: 0.000, memory: 5243, top1_acc: 0.8803, top5_acc: 0.9728, loss_cls: 0.4013, loss: 0.4013
2026-09-16 13:25:58,617 - pyskl - INFO - Epoch [10][6200/6265]	lr: 7.740e-03, eta: 1 day, 12:20:29, time: 2.836, data_time: 0.000, memory: 5243, top1_acc: 0.8731, top5_acc: 0.9709, loss_cls: 0.4157, loss: 0.4157
2026-09-16 13:29:01,055 - pyskl - INFO - Saving checkpoint at 10 epochs
2026-09-16 13:49:48,068 - pyskl - INFO - Evaluating top_k_accuracy ...
2026-09-16 13:49:48,109 - pyskl - INFO - 
top1_acc	0.8536
top5_acc	0.9757
2026-09-16 13:49:48,111 - pyskl - INFO - The previous best checkpoint D:\YxjProject\pythonProject\pyskl\work_dirs\aug_baseline\b_aug\stgcnpp_j\seed255\best_top1_acc_epoch_7.pth was removed
2026-09-16 13:49:48,206 - pyskl - INFO - Now best checkpoint is saved as best_top1_acc_epoch_10.pth.
2026-09-16 13:49:48,206 - pyskl - INFO - Best top1_acc is 0.8536 at 10 epoch.
2026-09-16 13:49:48,207 - pyskl - INFO - Epoch(val) [10][516]	top1_acc: 0.8536, top5_acc: 0.9757
2026-09-16 13:54:41,381 - pyskl - INFO - Epoch [11][100/6265]	lr: 7.681e-03, eta: 1 day, 12:08:08, time: 2.932, data_time: 0.085, memory: 5243, top1_acc: 0.8862, top5_acc: 0.9741, loss_cls: 0.3991, loss: 0.3991
2026-09-16 13:59:25,767 - pyskl - INFO - Epoch [11][200/6265]	lr: 7.645e-03, eta: 1 day, 12:01:44, time: 2.844, data_time: 0.000, memory: 5243, top1_acc: 0.8694, top5_acc: 0.9691, loss_cls: 0.4388, loss: 0.4388
2026-09-16 14:04:10,014 - pyskl - INFO - Epoch [11][300/6265]	lr: 7.608e-03, eta: 1 day, 11:55:20, time: 2.842, data_time: 0.000, memory: 5243, top1_acc: 0.8847, top5_acc: 0.9712, loss_cls: 0.4032, loss: 0.4032
2026-09-16 14:08:54,403 - pyskl - INFO - Epoch [11][400/6265]	lr: 7.572e-03, eta: 1 day, 11:48:56, time: 2.844, data_time: 0.000, memory: 5243, top1_acc: 0.8884, top5_acc: 0.9759, loss_cls: 0.3783, loss: 0.3783
2026-09-16 14:13:38,080 - pyskl - INFO - Epoch [11][500/6265]	lr: 7.536e-03, eta: 1 day, 11:42:33, time: 2.837, data_time: 0.000, memory: 5243, top1_acc: 0.8841, top5_acc: 0.9675, loss_cls: 0.4123, loss: 0.4123
2026-09-16 14:18:21,721 - pyskl - INFO - Epoch [11][600/6265]	lr: 7.501e-03, eta: 1 day, 11:36:09, time: 2.836, data_time: 0.000, memory: 5243, top1_acc: 0.8806, top5_acc: 0.9734, loss_cls: 0.4191, loss: 0.4191
2026-09-16 14:23:05,345 - pyskl - INFO - Epoch [11][700/6265]	lr: 7.465e-03, eta: 1 day, 11:29:46, time: 2.836, data_time: 0.000, memory: 5243, top1_acc: 0.8859, top5_acc: 0.9747, loss_cls: 0.3909, loss: 0.3909
2026-09-16 14:27:49,339 - pyskl - INFO - Epoch [11][800/6265]	lr: 7.429e-03, eta: 1 day, 11:23:24, time: 2.840, data_time: 0.000, memory: 5243, top1_acc: 0.8838, top5_acc: 0.9725, loss_cls: 0.3959, loss: 0.3959
2026-09-16 14:32:33,365 - pyskl - INFO - Epoch [11][900/6265]	lr: 7.393e-03, eta: 1 day, 11:17:01, time: 2.840, data_time: 0.000, memory: 5243, top1_acc: 0.8800, top5_acc: 0.9694, loss_cls: 0.4203, loss: 0.4203
2026-09-16 14:37:17,477 - pyskl - INFO - Epoch [11][1000/6265]	lr: 7.357e-03, eta: 1 day, 11:10:39, time: 2.841, data_time: 0.000, memory: 5243, top1_acc: 0.8750, top5_acc: 0.9628, loss_cls: 0.4329, loss: 0.4329
2026-09-16 14:42:01,868 - pyskl - INFO - Epoch [11][1100/6265]	lr: 7.322e-03, eta: 1 day, 11:04:18, time: 2.844, data_time: 0.000, memory: 5243, top1_acc: 0.8859, top5_acc: 0.9728, loss_cls: 0.3915, loss: 0.3915
2026-09-16 14:46:46,060 - pyskl - INFO - Epoch [11][1200/6265]	lr: 7.286e-03, eta: 1 day, 10:57:57, time: 2.842, data_time: 0.000, memory: 5243, top1_acc: 0.8775, top5_acc: 0.9659, loss_cls: 0.4264, loss: 0.4264
2026-09-16 14:51:30,174 - pyskl - INFO - Epoch [11][1300/6265]	lr: 7.250e-03, eta: 1 day, 10:51:36, time: 2.841, data_time: 0.000, memory: 5243, top1_acc: 0.8878, top5_acc: 0.9728, loss_cls: 0.3889, loss: 0.3889
2026-09-16 14:56:14,417 - pyskl - INFO - Epoch [11][1400/6265]	lr: 7.215e-03, eta: 1 day, 10:45:15, time: 2.842, data_time: 0.000, memory: 5243, top1_acc: 0.8925, top5_acc: 0.9712, loss_cls: 0.3858, loss: 0.3858
2026-09-16 15:00:58,597 - pyskl - INFO - Epoch [11][1500/6265]	lr: 7.179e-03, eta: 1 day, 10:38:55, time: 2.842, data_time: 0.000, memory: 5243, top1_acc: 0.8781, top5_acc: 0.9688, loss_cls: 0.4104, loss: 0.4104
2026-09-16 15:05:41,651 - pyskl - INFO - Epoch [11][1600/6265]	lr: 7.144e-03, eta: 1 day, 10:32:34, time: 2.831, data_time: 0.000, memory: 5243, top1_acc: 0.8794, top5_acc: 0.9684, loss_cls: 0.4080, loss: 0.4080
2026-09-16 15:10:25,103 - pyskl - INFO - Epoch [11][1700/6265]	lr: 7.109e-03, eta: 1 day, 10:26:14, time: 2.834, data_time: 0.000, memory: 5243, top1_acc: 0.8812, top5_acc: 0.9678, loss_cls: 0.4040, loss: 0.4040
2026-09-16 15:15:08,392 - pyskl - INFO - Epoch [11][1800/6265]	lr: 7.073e-03, eta: 1 day, 10:19:54, time: 2.833, data_time: 0.000, memory: 5243, top1_acc: 0.8788, top5_acc: 0.9738, loss_cls: 0.4218, loss: 0.4218
2026-09-16 15:19:51,913 - pyskl - INFO - Epoch [11][1900/6265]	lr: 7.038e-03, eta: 1 day, 10:13:35, time: 2.835, data_time: 0.000, memory: 5243, top1_acc: 0.8916, top5_acc: 0.9731, loss_cls: 0.3831, loss: 0.3831
2026-09-16 15:24:36,240 - pyskl - INFO - Epoch [11][2000/6265]	lr: 7.003e-03, eta: 1 day, 10:07:16, time: 2.843, data_time: 0.000, memory: 5243, top1_acc: 0.8912, top5_acc: 0.9678, loss_cls: 0.3893, loss: 0.3893
2026-09-16 15:29:20,066 - pyskl - INFO - Epoch [11][2100/6265]	lr: 6.968e-03, eta: 1 day, 10:00:57, time: 2.838, data_time: 0.000, memory: 5243, top1_acc: 0.8862, top5_acc: 0.9719, loss_cls: 0.3933, loss: 0.3933
2026-09-16 15:34:04,330 - pyskl - INFO - Epoch [11][2200/6265]	lr: 6.933e-03, eta: 1 day, 9:54:39, time: 2.843, data_time: 0.000, memory: 5243, top1_acc: 0.8831, top5_acc: 0.9734, loss_cls: 0.3919, loss: 0.3919
2026-09-16 15:38:48,492 - pyskl - INFO - Epoch [11][2300/6265]	lr: 6.897e-03, eta: 1 day, 9:48:21, time: 2.842, data_time: 0.000, memory: 5243, top1_acc: 0.8891, top5_acc: 0.9719, loss_cls: 0.3800, loss: 0.3800
2026-09-16 15:43:32,539 - pyskl - INFO - Epoch [11][2400/6265]	lr: 6.862e-03, eta: 1 day, 9:42:03, time: 2.840, data_time: 0.000, memory: 5243, top1_acc: 0.8891, top5_acc: 0.9762, loss_cls: 0.3702, loss: 0.3702
2026-09-16 15:48:16,095 - pyskl - INFO - Epoch [11][2500/6265]	lr: 6.828e-03, eta: 1 day, 9:35:45, time: 2.836, data_time: 0.000, memory: 5243, top1_acc: 0.8859, top5_acc: 0.9734, loss_cls: 0.3806, loss: 0.3806
2026-09-16 15:52:59,961 - pyskl - INFO - Epoch [11][2600/6265]	lr: 6.793e-03, eta: 1 day, 9:29:28, time: 2.839, data_time: 0.000, memory: 5243, top1_acc: 0.8816, top5_acc: 0.9684, loss_cls: 0.3972, loss: 0.3972
2026-09-16 15:57:44,319 - pyskl - INFO - Epoch [11][2700/6265]	lr: 6.758e-03, eta: 1 day, 9:23:11, time: 2.844, data_time: 0.000, memory: 5243, top1_acc: 0.8894, top5_acc: 0.9725, loss_cls: 0.3813, loss: 0.3813
2026-09-16 16:02:29,212 - pyskl - INFO - Epoch [11][2800/6265]	lr: 6.723e-03, eta: 1 day, 9:16:55, time: 2.849, data_time: 0.000, memory: 5243, top1_acc: 0.8859, top5_acc: 0.9738, loss_cls: 0.3883, loss: 0.3883
2026-09-16 16:07:13,208 - pyskl - INFO - Epoch [11][2900/6265]	lr: 6.688e-03, eta: 1 day, 9:10:39, time: 2.840, data_time: 0.000, memory: 5243, top1_acc: 0.8881, top5_acc: 0.9712, loss_cls: 0.3874, loss: 0.3874
2026-09-16 16:11:57,378 - pyskl - INFO - Epoch [11][3000/6265]	lr: 6.654e-03, eta: 1 day, 9:04:23, time: 2.842, data_time: 0.000, memory: 5243, top1_acc: 0.8894, top5_acc: 0.9738, loss_cls: 0.3934, loss: 0.3934
2026-09-16 16:16:41,282 - pyskl - INFO - Epoch [11][3100/6265]	lr: 6.619e-03, eta: 1 day, 8:58:07, time: 2.839, data_time: 0.000, memory: 5243, top1_acc: 0.8856, top5_acc: 0.9731, loss_cls: 0.4059, loss: 0.4059
2026-09-16 16:21:24,977 - pyskl - INFO - Epoch [11][3200/6265]	lr: 6.585e-03, eta: 1 day, 8:51:51, time: 2.837, data_time: 0.000, memory: 5243, top1_acc: 0.8966, top5_acc: 0.9734, loss_cls: 0.3697, loss: 0.3697
2026-09-16 16:26:08,431 - pyskl - INFO - Epoch [11][3300/6265]	lr: 6.550e-03, eta: 1 day, 8:45:36, time: 2.835, data_time: 0.000, memory: 5243, top1_acc: 0.8825, top5_acc: 0.9722, loss_cls: 0.3938, loss: 0.3938
2026-09-16 16:30:52,542 - pyskl - INFO - Epoch [11][3400/6265]	lr: 6.516e-03, eta: 1 day, 8:39:21, time: 2.841, data_time: 0.000, memory: 5243, top1_acc: 0.8878, top5_acc: 0.9747, loss_cls: 0.3872, loss: 0.3872
2026-09-16 16:35:36,514 - pyskl - INFO - Epoch [11][3500/6265]	lr: 6.481e-03, eta: 1 day, 8:33:06, time: 2.840, data_time: 0.000, memory: 5243, top1_acc: 0.8931, top5_acc: 0.9756, loss_cls: 0.3697, loss: 0.3697
2026-09-16 16:40:20,960 - pyskl - INFO - Epoch [11][3600/6265]	lr: 6.447e-03, eta: 1 day, 8:26:52, time: 2.844, data_time: 0.000, memory: 5243, top1_acc: 0.8825, top5_acc: 0.9716, loss_cls: 0.4082, loss: 0.4082
2026-09-16 16:45:04,850 - pyskl - INFO - Epoch [11][3700/6265]	lr: 6.413e-03, eta: 1 day, 8:20:38, time: 2.839, data_time: 0.000, memory: 5243, top1_acc: 0.8906, top5_acc: 0.9781, loss_cls: 0.3701, loss: 0.3701
2026-09-16 16:49:49,633 - pyskl - INFO - Epoch [11][3800/6265]	lr: 6.379e-03, eta: 1 day, 8:14:24, time: 2.848, data_time: 0.000, memory: 5243, top1_acc: 0.8956, top5_acc: 0.9728, loss_cls: 0.3657, loss: 0.3657
2026-09-16 16:54:36,354 - pyskl - INFO - Epoch [11][3900/6265]	lr: 6.344e-03, eta: 1 day, 8:08:12, time: 2.867, data_time: 0.000, memory: 5243, top1_acc: 0.8931, top5_acc: 0.9725, loss_cls: 0.3827, loss: 0.3827
2026-09-16 16:59:20,196 - pyskl - INFO - Epoch [11][4000/6265]	lr: 6.310e-03, eta: 1 day, 8:01:59, time: 2.838, data_time: 0.000, memory: 5243, top1_acc: 0.8844, top5_acc: 0.9712, loss_cls: 0.3987, loss: 0.3987
2026-09-16 17:04:03,406 - pyskl - INFO - Epoch [11][4100/6265]	lr: 6.276e-03, eta: 1 day, 7:55:45, time: 2.832, data_time: 0.000, memory: 5243, top1_acc: 0.8922, top5_acc: 0.9738, loss_cls: 0.3772, loss: 0.3772
2026-09-16 17:08:46,638 - pyskl - INFO - Epoch [11][4200/6265]	lr: 6.242e-03, eta: 1 day, 7:49:32, time: 2.832, data_time: 0.000, memory: 5243, top1_acc: 0.8778, top5_acc: 0.9734, loss_cls: 0.3889, loss: 0.3889
2026-09-16 17:13:29,910 - pyskl - INFO - Epoch [11][4300/6265]	lr: 6.209e-03, eta: 1 day, 7:43:19, time: 2.833, data_time: 0.000, memory: 5243, top1_acc: 0.8941, top5_acc: 0.9750, loss_cls: 0.3757, loss: 0.3757
2026-09-16 17:18:11,997 - pyskl - INFO - Epoch [11][4400/6265]	lr: 6.175e-03, eta: 1 day, 7:37:06, time: 2.821, data_time: 0.000, memory: 5243, top1_acc: 0.8881, top5_acc: 0.9744, loss_cls: 0.3861, loss: 0.3861
2026-09-16 17:22:54,506 - pyskl - INFO - Epoch [11][4500/6265]	lr: 6.141e-03, eta: 1 day, 7:30:53, time: 2.825, data_time: 0.000, memory: 5243, top1_acc: 0.8841, top5_acc: 0.9728, loss_cls: 0.3914, loss: 0.3914
2026-09-16 17:27:37,180 - pyskl - INFO - Epoch [11][4600/6265]	lr: 6.107e-03, eta: 1 day, 7:24:41, time: 2.827, data_time: 0.000, memory: 5243, top1_acc: 0.8825, top5_acc: 0.9741, loss_cls: 0.3994, loss: 0.3994
2026-09-16 17:32:20,103 - pyskl - INFO - Epoch [11][4700/6265]	lr: 6.074e-03, eta: 1 day, 7:18:29, time: 2.829, data_time: 0.000, memory: 5243, top1_acc: 0.8934, top5_acc: 0.9719, loss_cls: 0.3794, loss: 0.3794
2026-09-16 17:37:03,257 - pyskl - INFO - Epoch [11][4800/6265]	lr: 6.040e-03, eta: 1 day, 7:12:17, time: 2.832, data_time: 0.000, memory: 5243, top1_acc: 0.8950, top5_acc: 0.9731, loss_cls: 0.3705, loss: 0.3705
2026-09-16 17:41:46,540 - pyskl - INFO - Epoch [11][4900/6265]	lr: 6.007e-03, eta: 1 day, 7:06:06, time: 2.833, data_time: 0.000, memory: 5243, top1_acc: 0.8844, top5_acc: 0.9688, loss_cls: 0.4108, loss: 0.4108
2026-09-16 17:46:29,484 - pyskl - INFO - Epoch [11][5000/6265]	lr: 5.973e-03, eta: 1 day, 6:59:55, time: 2.829, data_time: 0.000, memory: 5243, top1_acc: 0.9009, top5_acc: 0.9772, loss_cls: 0.3400, loss: 0.3400
2026-09-16 17:51:12,202 - pyskl - INFO - Epoch [11][5100/6265]	lr: 5.940e-03, eta: 1 day, 6:53:43, time: 2.827, data_time: 0.000, memory: 5243, top1_acc: 0.8941, top5_acc: 0.9712, loss_cls: 0.3759, loss: 0.3759
2026-09-16 17:55:55,206 - pyskl - INFO - Epoch [11][5200/6265]	lr: 5.906e-03, eta: 1 day, 6:47:33, time: 2.830, data_time: 0.000, memory: 5243, top1_acc: 0.8850, top5_acc: 0.9744, loss_cls: 0.3816, loss: 0.3816
2026-09-16 18:00:38,529 - pyskl - INFO - Epoch [11][5300/6265]	lr: 5.873e-03, eta: 1 day, 6:41:23, time: 2.833, data_time: 0.000, memory: 5243, top1_acc: 0.8953, top5_acc: 0.9722, loss_cls: 0.3690, loss: 0.3690
2026-09-16 18:05:21,650 - pyskl - INFO - Epoch [11][5400/6265]	lr: 5.840e-03, eta: 1 day, 6:35:13, time: 2.831, data_time: 0.000, memory: 5243, top1_acc: 0.8856, top5_acc: 0.9716, loss_cls: 0.3867, loss: 0.3867
2026-09-16 18:10:04,350 - pyskl - INFO - Epoch [11][5500/6265]	lr: 5.807e-03, eta: 1 day, 6:29:02, time: 2.827, data_time: 0.000, memory: 5243, top1_acc: 0.8931, top5_acc: 0.9688, loss_cls: 0.3885, loss: 0.3885
2026-09-16 18:14:47,581 - pyskl - INFO - Epoch [11][5600/6265]	lr: 5.774e-03, eta: 1 day, 6:22:53, time: 2.832, data_time: 0.000, memory: 5243, top1_acc: 0.8938, top5_acc: 0.9697, loss_cls: 0.3785, loss: 0.3785
2026-09-16 18:19:31,012 - pyskl - INFO - Epoch [11][5700/6265]	lr: 5.741e-03, eta: 1 day, 6:16:44, time: 2.834, data_time: 0.000, memory: 5243, top1_acc: 0.8928, top5_acc: 0.9738, loss_cls: 0.3702, loss: 0.3702
2026-09-16 18:24:14,606 - pyskl - INFO - Epoch [11][5800/6265]	lr: 5.708e-03, eta: 1 day, 6:10:35, time: 2.836, data_time: 0.000, memory: 5243, top1_acc: 0.8978, top5_acc: 0.9722, loss_cls: 0.3589, loss: 0.3589
2026-09-16 18:28:57,616 - pyskl - INFO - Epoch [11][5900/6265]	lr: 5.675e-03, eta: 1 day, 6:04:26, time: 2.830, data_time: 0.000, memory: 5243, top1_acc: 0.9003, top5_acc: 0.9775, loss_cls: 0.3483, loss: 0.3483
2026-09-16 18:33:40,060 - pyskl - INFO - Epoch [11][6000/6265]	lr: 5.642e-03, eta: 1 day, 5:58:17, time: 2.824, data_time: 0.000, memory: 5243, top1_acc: 0.8922, top5_acc: 0.9694, loss_cls: 0.3792, loss: 0.3792
2026-09-16 18:38:22,222 - pyskl - INFO - Epoch [11][6100/6265]	lr: 5.610e-03, eta: 1 day, 5:52:08, time: 2.822, data_time: 0.000, memory: 5243, top1_acc: 0.8944, top5_acc: 0.9747, loss_cls: 0.3663, loss: 0.3663
2026-09-16 18:43:05,357 - pyskl - INFO - Epoch [11][6200/6265]	lr: 5.577e-03, eta: 1 day, 5:46:00, time: 2.831, data_time: 0.000, memory: 5243, top1_acc: 0.8950, top5_acc: 0.9734, loss_cls: 0.3629, loss: 0.3629
2026-09-16 18:46:07,514 - pyskl - INFO - Saving checkpoint at 11 epochs
2026-09-16 19:06:41,727 - pyskl - INFO - Evaluating top_k_accuracy ...
2026-09-16 19:06:41,769 - pyskl - INFO - 
top1_acc	0.8626
top5_acc	0.9776
2026-09-16 19:06:41,771 - pyskl - INFO - The previous best checkpoint D:\YxjProject\pythonProject\pyskl\work_dirs\aug_baseline\b_aug\stgcnpp_j\seed255\best_top1_acc_epoch_10.pth was removed
2026-09-16 19:06:41,858 - pyskl - INFO - Now best checkpoint is saved as best_top1_acc_epoch_11.pth.
2026-09-16 19:06:41,859 - pyskl - INFO - Best top1_acc is 0.8626 at 11 epoch.
2026-09-16 19:06:41,860 - pyskl - INFO - Epoch(val) [11][516]	top1_acc: 0.8626, top5_acc: 0.9776
2026-09-16 19:11:33,203 - pyskl - INFO - Epoch [12][100/6265]	lr: 5.523e-03, eta: 1 day, 5:34:34, time: 2.913, data_time: 0.085, memory: 5243, top1_acc: 0.9053, top5_acc: 0.9731, loss_cls: 0.3435, loss: 0.3435
2026-09-16 19:16:16,051 - pyskl - INFO - Epoch [12][200/6265]	lr: 5.491e-03, eta: 1 day, 5:28:27, time: 2.828, data_time: 0.000, memory: 5243, top1_acc: 0.8950, top5_acc: 0.9744, loss_cls: 0.3503, loss: 0.3503
2026-09-16 19:20:58,897 - pyskl - INFO - Epoch [12][300/6265]	lr: 5.458e-03, eta: 1 day, 5:22:20, time: 2.828, data_time: 0.000, memory: 5243, top1_acc: 0.8950, top5_acc: 0.9697, loss_cls: 0.3634, loss: 0.3634
2026-09-16 19:25:51,758 - pyskl - INFO - Epoch [12][400/6265]	lr: 5.426e-03, eta: 1 day, 5:16:18, time: 2.929, data_time: 0.000, memory: 5243, top1_acc: 0.8997, top5_acc: 0.9762, loss_cls: 0.3472, loss: 0.3472
2026-09-16 19:30:34,580 - pyskl - INFO - Epoch [12][500/6265]	lr: 5.394e-03, eta: 1 day, 5:10:11, time: 2.828, data_time: 0.000, memory: 5243, top1_acc: 0.9081, top5_acc: 0.9775, loss_cls: 0.3317, loss: 0.3317
2026-09-16 19:35:17,867 - pyskl - INFO - Epoch [12][600/6265]	lr: 5.361e-03, eta: 1 day, 5:04:05, time: 2.833, data_time: 0.000, memory: 5243, top1_acc: 0.8969, top5_acc: 0.9712, loss_cls: 0.3611, loss: 0.3611
2026-09-16 19:40:00,827 - pyskl - INFO - Epoch [12][700/6265]	lr: 5.329e-03, eta: 1 day, 4:57:59, time: 2.830, data_time: 0.000, memory: 5243, top1_acc: 0.8941, top5_acc: 0.9725, loss_cls: 0.3721, loss: 0.3721
2026-09-16 19:44:43,181 - pyskl - INFO - Epoch [12][800/6265]	lr: 5.297e-03, eta: 1 day, 4:51:53, time: 2.824, data_time: 0.000, memory: 5243, top1_acc: 0.8919, top5_acc: 0.9709, loss_cls: 0.3775, loss: 0.3775
2026-09-16 19:49:29,227 - pyskl - INFO - Epoch [12][900/6265]	lr: 5.265e-03, eta: 1 day, 4:45:49, time: 2.860, data_time: 0.000, memory: 5243, top1_acc: 0.9019, top5_acc: 0.9731, loss_cls: 0.3468, loss: 0.3468
2026-09-16 19:54:11,991 - pyskl - INFO - Epoch [12][1000/6265]	lr: 5.233e-03, eta: 1 day, 4:39:44, time: 2.828, data_time: 0.000, memory: 5243, top1_acc: 0.9084, top5_acc: 0.9759, loss_cls: 0.3224, loss: 0.3224
2026-09-16 19:58:54,949 - pyskl - INFO - Epoch [12][1100/6265]	lr: 5.202e-03, eta: 1 day, 4:33:39, time: 2.830, data_time: 0.000, memory: 5243, top1_acc: 0.9056, top5_acc: 0.9769, loss_cls: 0.3203, loss: 0.3203
2026-09-16 20:03:37,945 - pyskl - INFO - Epoch [12][1200/6265]	lr: 5.170e-03, eta: 1 day, 4:27:34, time: 2.830, data_time: 0.000, memory: 5243, top1_acc: 0.8978, top5_acc: 0.9781, loss_cls: 0.3551, loss: 0.3551
2026-09-16 20:08:20,763 - pyskl - INFO - Epoch [12][1300/6265]	lr: 5.138e-03, eta: 1 day, 4:21:29, time: 2.828, data_time: 0.000, memory: 5243, top1_acc: 0.9087, top5_acc: 0.9806, loss_cls: 0.3059, loss: 0.3059
2026-09-16 20:13:04,089 - pyskl - INFO - Epoch [12][1400/6265]	lr: 5.106e-03, eta: 1 day, 4:15:25, time: 2.833, data_time: 0.000, memory: 5243, top1_acc: 0.9041, top5_acc: 0.9769, loss_cls: 0.3317, loss: 0.3317
2026-09-16 20:17:47,473 - pyskl - INFO - Epoch [12][1500/6265]	lr: 5.075e-03, eta: 1 day, 4:09:21, time: 2.834, data_time: 0.000, memory: 5243, top1_acc: 0.8931, top5_acc: 0.9750, loss_cls: 0.3520, loss: 0.3520
2026-09-16 20:22:30,543 - pyskl - INFO - Epoch [12][1600/6265]	lr: 5.043e-03, eta: 1 day, 4:03:18, time: 2.831, data_time: 0.000, memory: 5243, top1_acc: 0.9025, top5_acc: 0.9791, loss_cls: 0.3372, loss: 0.3372
2026-09-16 20:27:13,610 - pyskl - INFO - Epoch [12][1700/6265]	lr: 5.012e-03, eta: 1 day, 3:57:14, time: 2.831, data_time: 0.000, memory: 5243, top1_acc: 0.9078, top5_acc: 0.9769, loss_cls: 0.3305, loss: 0.3305
2026-09-16 20:31:56,558 - pyskl - INFO - Epoch [12][1800/6265]	lr: 4.981e-03, eta: 1 day, 3:51:11, time: 2.829, data_time: 0.000, memory: 5243, top1_acc: 0.9078, top5_acc: 0.9766, loss_cls: 0.3235, loss: 0.3235
2026-09-16 20:36:39,467 - pyskl - INFO - Epoch [12][1900/6265]	lr: 4.949e-03, eta: 1 day, 3:45:08, time: 2.829, data_time: 0.000, memory: 5243, top1_acc: 0.9116, top5_acc: 0.9797, loss_cls: 0.3092, loss: 0.3092
2026-09-16 20:41:22,452 - pyskl - INFO - Epoch [12][2000/6265]	lr: 4.918e-03, eta: 1 day, 3:39:05, time: 2.830, data_time: 0.000, memory: 5243, top1_acc: 0.9109, top5_acc: 0.9794, loss_cls: 0.3059, loss: 0.3059
2026-09-16 20:46:05,712 - pyskl - INFO - Epoch [12][2100/6265]	lr: 4.887e-03, eta: 1 day, 3:33:02, time: 2.833, data_time: 0.000, memory: 5243, top1_acc: 0.8916, top5_acc: 0.9741, loss_cls: 0.3733, loss: 0.3733
2026-09-16 20:50:48,402 - pyskl - INFO - Epoch [12][2200/6265]	lr: 4.856e-03, eta: 1 day, 3:26:59, time: 2.827, data_time: 0.000, memory: 5243, top1_acc: 0.9019, top5_acc: 0.9753, loss_cls: 0.3422, loss: 0.3422
2026-09-16 20:55:31,226 - pyskl - INFO - Epoch [12][2300/6265]	lr: 4.825e-03, eta: 1 day, 3:20:57, time: 2.828, data_time: 0.000, memory: 5243, top1_acc: 0.8947, top5_acc: 0.9734, loss_cls: 0.3579, loss: 0.3579
2026-09-16 21:00:14,381 - pyskl - INFO - Epoch [12][2400/6265]	lr: 4.794e-03, eta: 1 day, 3:14:55, time: 2.832, data_time: 0.000, memory: 5243, top1_acc: 0.9053, top5_acc: 0.9769, loss_cls: 0.3371, loss: 0.3371
2026-09-16 21:04:56,807 - pyskl - INFO - Epoch [12][2500/6265]	lr: 4.763e-03, eta: 1 day, 3:08:53, time: 2.824, data_time: 0.000, memory: 5243, top1_acc: 0.9053, top5_acc: 0.9725, loss_cls: 0.3504, loss: 0.3504
2026-09-16 21:09:39,428 - pyskl - INFO - Epoch [12][2600/6265]	lr: 4.733e-03, eta: 1 day, 3:02:51, time: 2.826, data_time: 0.000, memory: 5243, top1_acc: 0.9100, top5_acc: 0.9756, loss_cls: 0.3195, loss: 0.3195
2026-09-16 21:14:22,063 - pyskl - INFO - Epoch [12][2700/6265]	lr: 4.702e-03, eta: 1 day, 2:56:50, time: 2.826, data_time: 0.000, memory: 5243, top1_acc: 0.9025, top5_acc: 0.9750, loss_cls: 0.3277, loss: 0.3277
2026-09-16 21:19:04,362 - pyskl - INFO - Epoch [12][2800/6265]	lr: 4.672e-03, eta: 1 day, 2:50:48, time: 2.823, data_time: 0.000, memory: 5243, top1_acc: 0.9034, top5_acc: 0.9784, loss_cls: 0.3258, loss: 0.3258
2026-09-16 21:23:46,714 - pyskl - INFO - Epoch [12][2900/6265]	lr: 4.641e-03, eta: 1 day, 2:44:47, time: 2.823, data_time: 0.000, memory: 5243, top1_acc: 0.9100, top5_acc: 0.9753, loss_cls: 0.3295, loss: 0.3295
2026-09-16 21:28:29,609 - pyskl - INFO - Epoch [12][3000/6265]	lr: 4.611e-03, eta: 1 day, 2:38:47, time: 2.829, data_time: 0.000, memory: 5243, top1_acc: 0.9059, top5_acc: 0.9775, loss_cls: 0.3184, loss: 0.3184
2026-09-16 21:33:12,413 - pyskl - INFO - Epoch [12][3100/6265]	lr: 4.580e-03, eta: 1 day, 2:32:46, time: 2.828, data_time: 0.000, memory: 5243, top1_acc: 0.9069, top5_acc: 0.9822, loss_cls: 0.3152, loss: 0.3152
2026-09-16 21:37:55,413 - pyskl - INFO - Epoch [12][3200/6265]	lr: 4.550e-03, eta: 1 day, 2:26:46, time: 2.830, data_time: 0.000, memory: 5243, top1_acc: 0.9047, top5_acc: 0.9794, loss_cls: 0.3162, loss: 0.3162
2026-09-16 21:42:38,042 - pyskl - INFO - Epoch [12][3300/6265]	lr: 4.520e-03, eta: 1 day, 2:20:46, time: 2.826, data_time: 0.000, memory: 5243, top1_acc: 0.9122, top5_acc: 0.9816, loss_cls: 0.3066, loss: 0.3066
2026-09-16 21:47:20,895 - pyskl - INFO - Epoch [12][3400/6265]	lr: 4.490e-03, eta: 1 day, 2:14:46, time: 2.829, data_time: 0.000, memory: 5243, top1_acc: 0.9084, top5_acc: 0.9778, loss_cls: 0.3285, loss: 0.3285
2026-09-16 21:52:03,940 - pyskl - INFO - Epoch [12][3500/6265]	lr: 4.460e-03, eta: 1 day, 2:08:46, time: 2.830, data_time: 0.000, memory: 5243, top1_acc: 0.9038, top5_acc: 0.9744, loss_cls: 0.3272, loss: 0.3272
2026-09-16 21:56:46,908 - pyskl - INFO - Epoch [12][3600/6265]	lr: 4.430e-03, eta: 1 day, 2:02:47, time: 2.830, data_time: 0.000, memory: 5243, top1_acc: 0.9125, top5_acc: 0.9769, loss_cls: 0.3165, loss: 0.3165
2026-09-16 22:01:30,017 - pyskl - INFO - Epoch [12][3700/6265]	lr: 4.400e-03, eta: 1 day, 1:56:47, time: 2.831, data_time: 0.000, memory: 5243, top1_acc: 0.9009, top5_acc: 0.9794, loss_cls: 0.3417, loss: 0.3417
2026-09-16 22:06:12,906 - pyskl - INFO - Epoch [12][3800/6265]	lr: 4.370e-03, eta: 1 day, 1:50:48, time: 2.829, data_time: 0.000, memory: 5243, top1_acc: 0.9041, top5_acc: 0.9753, loss_cls: 0.3390, loss: 0.3390
2026-09-16 22:10:56,291 - pyskl - INFO - Epoch [12][3900/6265]	lr: 4.340e-03, eta: 1 day, 1:44:50, time: 2.834, data_time: 0.000, memory: 5243, top1_acc: 0.9141, top5_acc: 0.9797, loss_cls: 0.3128, loss: 0.3128
2026-09-16 22:15:39,286 - pyskl - INFO - Epoch [12][4000/6265]	lr: 4.311e-03, eta: 1 day, 1:38:51, time: 2.830, data_time: 0.000, memory: 5243, top1_acc: 0.9047, top5_acc: 0.9759, loss_cls: 0.3386, loss: 0.3386
2026-09-16 22:20:22,193 - pyskl - INFO - Epoch [12][4100/6265]	lr: 4.281e-03, eta: 1 day, 1:32:53, time: 2.829, data_time: 0.000, memory: 5243, top1_acc: 0.8966, top5_acc: 0.9781, loss_cls: 0.3312, loss: 0.3312
2026-09-16 22:25:04,996 - pyskl - INFO - Epoch [12][4200/6265]	lr: 4.252e-03, eta: 1 day, 1:26:55, time: 2.828, data_time: 0.000, memory: 5243, top1_acc: 0.9106, top5_acc: 0.9781, loss_cls: 0.3233, loss: 0.3233
2026-09-16 22:29:47,988 - pyskl - INFO - Epoch [12][4300/6265]	lr: 4.222e-03, eta: 1 day, 1:20:57, time: 2.830, data_time: 0.000, memory: 5243, top1_acc: 0.9091, top5_acc: 0.9759, loss_cls: 0.3253, loss: 0.3253
2026-09-16 22:34:31,149 - pyskl - INFO - Epoch [12][4400/6265]	lr: 4.193e-03, eta: 1 day, 1:14:59, time: 2.832, data_time: 0.000, memory: 5243, top1_acc: 0.9128, top5_acc: 0.9766, loss_cls: 0.3095, loss: 0.3095
2026-09-16 22:39:14,497 - pyskl - INFO - Epoch [12][4500/6265]	lr: 4.164e-03, eta: 1 day, 1:09:01, time: 2.833, data_time: 0.000, memory: 5243, top1_acc: 0.9156, top5_acc: 0.9788, loss_cls: 0.3043, loss: 0.3043
2026-09-16 22:43:57,799 - pyskl - INFO - Epoch [12][4600/6265]	lr: 4.135e-03, eta: 1 day, 1:03:04, time: 2.833, data_time: 0.000, memory: 5243, top1_acc: 0.9034, top5_acc: 0.9797, loss_cls: 0.3215, loss: 0.3215
2026-09-16 22:48:44,509 - pyskl - INFO - Epoch [12][4700/6265]	lr: 4.105e-03, eta: 1 day, 0:57:08, time: 2.867, data_time: 0.000, memory: 5243, top1_acc: 0.9091, top5_acc: 0.9819, loss_cls: 0.3090, loss: 0.3090
2026-09-16 22:53:27,741 - pyskl - INFO - Epoch [12][4800/6265]	lr: 4.076e-03, eta: 1 day, 0:51:12, time: 2.832, data_time: 0.000, memory: 5243, top1_acc: 0.9156, top5_acc: 0.9781, loss_cls: 0.3046, loss: 0.3046
2026-09-16 22:58:11,319 - pyskl - INFO - Epoch [12][4900/6265]	lr: 4.048e-03, eta: 1 day, 0:45:15, time: 2.836, data_time: 0.000, memory: 5243, top1_acc: 0.9078, top5_acc: 0.9772, loss_cls: 0.3326, loss: 0.3326
2026-09-16 23:02:54,792 - pyskl - INFO - Epoch [12][5000/6265]	lr: 4.019e-03, eta: 1 day, 0:39:19, time: 2.835, data_time: 0.000, memory: 5243, top1_acc: 0.9106, top5_acc: 0.9762, loss_cls: 0.3157, loss: 0.3157
2026-09-16 23:07:37,818 - pyskl - INFO - Epoch [12][5100/6265]	lr: 3.990e-03, eta: 1 day, 0:33:22, time: 2.830, data_time: 0.000, memory: 5243, top1_acc: 0.9062, top5_acc: 0.9778, loss_cls: 0.3241, loss: 0.3241
2026-09-16 23:12:20,683 - pyskl - INFO - Epoch [12][5200/6265]	lr: 3.961e-03, eta: 1 day, 0:27:26, time: 2.829, data_time: 0.000, memory: 5243, top1_acc: 0.9109, top5_acc: 0.9762, loss_cls: 0.3129, loss: 0.3129
2026-09-16 23:17:03,166 - pyskl - INFO - Epoch [12][5300/6265]	lr: 3.933e-03, eta: 1 day, 0:21:30, time: 2.825, data_time: 0.000, memory: 5243, top1_acc: 0.9109, top5_acc: 0.9772, loss_cls: 0.3111, loss: 0.3111
2026-09-16 23:21:46,020 - pyskl - INFO - Epoch [12][5400/6265]	lr: 3.904e-03, eta: 1 day, 0:15:34, time: 2.829, data_time: 0.000, memory: 5243, top1_acc: 0.8994, top5_acc: 0.9728, loss_cls: 0.3430, loss: 0.3430
2026-09-16 23:26:28,874 - pyskl - INFO - Epoch [12][5500/6265]	lr: 3.876e-03, eta: 1 day, 0:09:38, time: 2.829, data_time: 0.000, memory: 5243, top1_acc: 0.9050, top5_acc: 0.9756, loss_cls: 0.3439, loss: 0.3439
2026-09-16 23:31:12,614 - pyskl - INFO - Epoch [12][5600/6265]	lr: 3.848e-03, eta: 1 day, 0:03:43, time: 2.837, data_time: 0.000, memory: 5243, top1_acc: 0.9119, top5_acc: 0.9791, loss_cls: 0.3178, loss: 0.3178
2026-09-16 23:35:56,092 - pyskl - INFO - Epoch [12][5700/6265]	lr: 3.819e-03, eta: 23:57:48, time: 2.835, data_time: 0.000, memory: 5243, top1_acc: 0.9034, top5_acc: 0.9734, loss_cls: 0.3274, loss: 0.3274
2026-09-16 23:40:39,431 - pyskl - INFO - Epoch [12][5800/6265]	lr: 3.791e-03, eta: 23:51:53, time: 2.833, data_time: 0.000, memory: 5243, top1_acc: 0.9131, top5_acc: 0.9775, loss_cls: 0.2998, loss: 0.2998
2026-09-16 23:45:22,441 - pyskl - INFO - Epoch [12][5900/6265]	lr: 3.763e-03, eta: 23:45:59, time: 2.830, data_time: 0.000, memory: 5243, top1_acc: 0.9156, top5_acc: 0.9759, loss_cls: 0.2996, loss: 0.2996
2026-09-16 23:50:05,718 - pyskl - INFO - Epoch [12][6000/6265]	lr: 3.735e-03, eta: 23:40:04, time: 2.833, data_time: 0.000, memory: 5243, top1_acc: 0.9163, top5_acc: 0.9775, loss_cls: 0.3029, loss: 0.3029
2026-09-16 23:54:48,868 - pyskl - INFO - Epoch [12][6100/6265]	lr: 3.707e-03, eta: 23:34:10, time: 2.832, data_time: 0.000, memory: 5243, top1_acc: 0.9159, top5_acc: 0.9800, loss_cls: 0.2940, loss: 0.2940
2026-09-16 23:59:32,570 - pyskl - INFO - Epoch [12][6200/6265]	lr: 3.679e-03, eta: 23:28:16, time: 2.837, data_time: 0.000, memory: 5243, top1_acc: 0.9056, top5_acc: 0.9756, loss_cls: 0.3291, loss: 0.3291
2026-09-17 00:02:35,192 - pyskl - INFO - Saving checkpoint at 12 epochs
2026-09-17 00:23:13,235 - pyskl - INFO - Evaluating top_k_accuracy ...
2026-09-17 00:23:13,278 - pyskl - INFO - 
top1_acc	0.8739
top5_acc	0.9779
2026-09-17 00:23:13,280 - pyskl - INFO - The previous best checkpoint D:\YxjProject\pythonProject\pyskl\work_dirs\aug_baseline\b_aug\stgcnpp_j\seed255\best_top1_acc_epoch_11.pth was removed
2026-09-17 00:23:13,405 - pyskl - INFO - Now best checkpoint is saved as best_top1_acc_epoch_12.pth.
2026-09-17 00:23:13,406 - pyskl - INFO - Best top1_acc is 0.8739 at 12 epoch.
2026-09-17 00:23:13,407 - pyskl - INFO - Epoch(val) [12][516]	top1_acc: 0.8739, top5_acc: 0.9779
2026-09-17 00:28:08,561 - pyskl - INFO - Epoch [13][100/6265]	lr: 3.634e-03, eta: 23:17:35, time: 2.952, data_time: 0.085, memory: 5243, top1_acc: 0.9172, top5_acc: 0.9778, loss_cls: 0.2939, loss: 0.2939
2026-09-17 00:32:51,557 - pyskl - INFO - Epoch [13][200/6265]	lr: 3.606e-03, eta: 23:11:41, time: 2.830, data_time: 0.000, memory: 5243, top1_acc: 0.9194, top5_acc: 0.9819, loss_cls: 0.2843, loss: 0.2843
2026-09-17 00:37:34,038 - pyskl - INFO - Epoch [13][300/6265]	lr: 3.579e-03, eta: 23:05:48, time: 2.825, data_time: 0.000, memory: 5243, top1_acc: 0.9241, top5_acc: 0.9834, loss_cls: 0.2826, loss: 0.2826
2026-09-17 00:42:16,778 - pyskl - INFO - Epoch [13][400/6265]	lr: 3.551e-03, eta: 22:59:55, time: 2.827, data_time: 0.000, memory: 5243, top1_acc: 0.9203, top5_acc: 0.9762, loss_cls: 0.3022, loss: 0.3022
2026-09-17 00:46:58,998 - pyskl - INFO - Epoch [13][500/6265]	lr: 3.524e-03, eta: 22:54:02, time: 2.822, data_time: 0.000, memory: 5243, top1_acc: 0.9234, top5_acc: 0.9834, loss_cls: 0.2689, loss: 0.2689
2026-09-17 00:51:41,568 - pyskl - INFO - Epoch [13][600/6265]	lr: 3.497e-03, eta: 22:48:09, time: 2.826, data_time: 0.000, memory: 5243, top1_acc: 0.9197, top5_acc: 0.9784, loss_cls: 0.2950, loss: 0.2950
2026-09-17 00:56:24,458 - pyskl - INFO - Epoch [13][700/6265]	lr: 3.470e-03, eta: 22:42:16, time: 2.829, data_time: 0.000, memory: 5243, top1_acc: 0.9141, top5_acc: 0.9781, loss_cls: 0.3052, loss: 0.3052
2026-09-17 01:01:08,280 - pyskl - INFO - Epoch [13][800/6265]	lr: 3.443e-03, eta: 22:36:24, time: 2.838, data_time: 0.000, memory: 5243, top1_acc: 0.9106, top5_acc: 0.9788, loss_cls: 0.3075, loss: 0.3075
2026-09-17 01:05:50,869 - pyskl - INFO - Epoch [13][900/6265]	lr: 3.416e-03, eta: 22:30:32, time: 2.826, data_time: 0.000, memory: 5243, top1_acc: 0.9119, top5_acc: 0.9753, loss_cls: 0.3076, loss: 0.3076
2026-09-17 01:10:33,156 - pyskl - INFO - Epoch [13][1000/6265]	lr: 3.389e-03, eta: 22:24:40, time: 2.823, data_time: 0.000, memory: 5243, top1_acc: 0.9194, top5_acc: 0.9766, loss_cls: 0.2982, loss: 0.2982
2026-09-17 01:15:15,431 - pyskl - INFO - Epoch [13][1100/6265]	lr: 3.362e-03, eta: 22:18:48, time: 2.823, data_time: 0.000, memory: 5243, top1_acc: 0.9278, top5_acc: 0.9838, loss_cls: 0.2662, loss: 0.2662
2026-09-17 01:19:57,143 - pyskl - INFO - Epoch [13][1200/6265]	lr: 3.335e-03, eta: 22:12:56, time: 2.817, data_time: 0.000, memory: 5243, top1_acc: 0.9194, top5_acc: 0.9788, loss_cls: 0.2950, loss: 0.2950
2026-09-17 01:24:39,353 - pyskl - INFO - Epoch [13][1300/6265]	lr: 3.309e-03, eta: 22:07:04, time: 2.822, data_time: 0.000, memory: 5243, top1_acc: 0.9134, top5_acc: 0.9788, loss_cls: 0.2974, loss: 0.2974
2026-09-17 01:29:21,970 - pyskl - INFO - Epoch [13][1400/6265]	lr: 3.282e-03, eta: 22:01:13, time: 2.826, data_time: 0.000, memory: 5243, top1_acc: 0.9209, top5_acc: 0.9825, loss_cls: 0.2705, loss: 0.2705
2026-09-17 01:34:04,841 - pyskl - INFO - Epoch [13][1500/6265]	lr: 3.256e-03, eta: 21:55:22, time: 2.829, data_time: 0.000, memory: 5243, top1_acc: 0.9141, top5_acc: 0.9794, loss_cls: 0.2949, loss: 0.2949
2026-09-17 01:38:47,758 - pyskl - INFO - Epoch [13][1600/6265]	lr: 3.229e-03, eta: 21:49:31, time: 2.829, data_time: 0.000, memory: 5243, top1_acc: 0.9306, top5_acc: 0.9841, loss_cls: 0.2562, loss: 0.2562
2026-09-17 01:43:31,145 - pyskl - INFO - Epoch [13][1700/6265]	lr: 3.203e-03, eta: 21:43:40, time: 2.834, data_time: 0.000, memory: 5243, top1_acc: 0.9231, top5_acc: 0.9797, loss_cls: 0.2694, loss: 0.2694
2026-09-17 01:48:17,585 - pyskl - INFO - Epoch [13][1800/6265]	lr: 3.177e-03, eta: 21:37:51, time: 2.864, data_time: 0.000, memory: 5243, top1_acc: 0.9144, top5_acc: 0.9772, loss_cls: 0.3023, loss: 0.3023
2026-09-17 01:53:01,203 - pyskl - INFO - Epoch [13][1900/6265]	lr: 3.151e-03, eta: 21:32:01, time: 2.836, data_time: 0.000, memory: 5243, top1_acc: 0.9144, top5_acc: 0.9816, loss_cls: 0.2925, loss: 0.2925
2026-09-17 01:57:44,055 - pyskl - INFO - Epoch [13][2000/6265]	lr: 3.125e-03, eta: 21:26:10, time: 2.829, data_time: 0.000, memory: 5243, top1_acc: 0.9263, top5_acc: 0.9784, loss_cls: 0.2717, loss: 0.2717
2026-09-17 02:02:26,897 - pyskl - INFO - Epoch [13][2100/6265]	lr: 3.099e-03, eta: 21:20:20, time: 2.828, data_time: 0.000, memory: 5243, top1_acc: 0.9159, top5_acc: 0.9762, loss_cls: 0.2896, loss: 0.2896
2026-09-17 02:07:09,706 - pyskl - INFO - Epoch [13][2200/6265]	lr: 3.073e-03, eta: 21:14:31, time: 2.828, data_time: 0.000, memory: 5243, top1_acc: 0.9228, top5_acc: 0.9812, loss_cls: 0.2720, loss: 0.2720
2026-09-17 02:11:52,954 - pyskl - INFO - Epoch [13][2300/6265]	lr: 3.048e-03, eta: 21:08:41, time: 2.832, data_time: 0.000, memory: 5243, top1_acc: 0.9228, top5_acc: 0.9778, loss_cls: 0.2873, loss: 0.2873
2026-09-17 02:16:36,015 - pyskl - INFO - Epoch [13][2400/6265]	lr: 3.022e-03, eta: 21:02:51, time: 2.831, data_time: 0.000, memory: 5243, top1_acc: 0.9078, top5_acc: 0.9769, loss_cls: 0.3117, loss: 0.3117
2026-09-17 02:21:19,120 - pyskl - INFO - Epoch [13][2500/6265]	lr: 2.997e-03, eta: 20:57:02, time: 2.831, data_time: 0.000, memory: 5243, top1_acc: 0.9144, top5_acc: 0.9781, loss_cls: 0.2986, loss: 0.2986
2026-09-17 02:26:01,978 - pyskl - INFO - Epoch [13][2600/6265]	lr: 2.971e-03, eta: 20:51:13, time: 2.829, data_time: 0.000, memory: 5243, top1_acc: 0.9281, top5_acc: 0.9816, loss_cls: 0.2654, loss: 0.2654
2026-09-17 02:30:45,483 - pyskl - INFO - Epoch [13][2700/6265]	lr: 2.946e-03, eta: 20:45:24, time: 2.835, data_time: 0.000, memory: 5243, top1_acc: 0.9194, top5_acc: 0.9816, loss_cls: 0.2718, loss: 0.2718
2026-09-17 02:35:28,421 - pyskl - INFO - Epoch [13][2800/6265]	lr: 2.921e-03, eta: 20:39:35, time: 2.829, data_time: 0.000, memory: 5243, top1_acc: 0.9172, top5_acc: 0.9778, loss_cls: 0.2940, loss: 0.2940
2026-09-17 02:40:11,112 - pyskl - INFO - Epoch [13][2900/6265]	lr: 2.896e-03, eta: 20:33:47, time: 2.827, data_time: 0.000, memory: 5243, top1_acc: 0.9237, top5_acc: 0.9800, loss_cls: 0.2791, loss: 0.2791
2026-09-17 02:44:53,860 - pyskl - INFO - Epoch [13][3000/6265]	lr: 2.871e-03, eta: 20:27:58, time: 2.827, data_time: 0.000, memory: 5243, top1_acc: 0.9178, top5_acc: 0.9791, loss_cls: 0.2751, loss: 0.2751
2026-09-17 02:49:36,522 - pyskl - INFO - Epoch [13][3100/6265]	lr: 2.846e-03, eta: 20:22:10, time: 2.827, data_time: 0.000, memory: 5243, top1_acc: 0.9347, top5_acc: 0.9831, loss_cls: 0.2479, loss: 0.2479
2026-09-17 02:54:19,608 - pyskl - INFO - Epoch [13][3200/6265]	lr: 2.821e-03, eta: 20:16:22, time: 2.831, data_time: 0.000, memory: 5243, top1_acc: 0.9219, top5_acc: 0.9816, loss_cls: 0.2683, loss: 0.2683
2026-09-17 02:59:02,981 - pyskl - INFO - Epoch [13][3300/6265]	lr: 2.796e-03, eta: 20:10:34, time: 2.834, data_time: 0.000, memory: 5243, top1_acc: 0.9275, top5_acc: 0.9797, loss_cls: 0.2692, loss: 0.2692
2026-09-17 03:03:45,690 - pyskl - INFO - Epoch [13][3400/6265]	lr: 2.771e-03, eta: 20:04:46, time: 2.827, data_time: 0.000, memory: 5243, top1_acc: 0.9319, top5_acc: 0.9806, loss_cls: 0.2612, loss: 0.2612
2026-09-17 03:08:27,597 - pyskl - INFO - Epoch [13][3500/6265]	lr: 2.747e-03, eta: 19:58:58, time: 2.819, data_time: 0.000, memory: 5243, top1_acc: 0.9287, top5_acc: 0.9791, loss_cls: 0.2656, loss: 0.2656
2026-09-17 03:13:09,934 - pyskl - INFO - Epoch [13][3600/6265]	lr: 2.722e-03, eta: 19:53:10, time: 2.823, data_time: 0.000, memory: 5243, top1_acc: 0.9187, top5_acc: 0.9766, loss_cls: 0.2939, loss: 0.2939
2026-09-17 03:17:51,738 - pyskl - INFO - Epoch [13][3700/6265]	lr: 2.698e-03, eta: 19:47:23, time: 2.818, data_time: 0.000, memory: 5243, top1_acc: 0.9203, top5_acc: 0.9797, loss_cls: 0.2924, loss: 0.2924
2026-09-17 03:22:33,743 - pyskl - INFO - Epoch [13][3800/6265]	lr: 2.674e-03, eta: 19:41:35, time: 2.820, data_time: 0.000, memory: 5243, top1_acc: 0.9322, top5_acc: 0.9791, loss_cls: 0.2496, loss: 0.2496
2026-09-17 03:27:16,499 - pyskl - INFO - Epoch [13][3900/6265]	lr: 2.650e-03, eta: 19:35:48, time: 2.828, data_time: 0.000, memory: 5243, top1_acc: 0.9147, top5_acc: 0.9766, loss_cls: 0.2972, loss: 0.2972
2026-09-17 03:31:59,533 - pyskl - INFO - Epoch [13][4000/6265]	lr: 2.626e-03, eta: 19:30:01, time: 2.830, data_time: 0.000, memory: 5243, top1_acc: 0.9300, top5_acc: 0.9809, loss_cls: 0.2609, loss: 0.2609
2026-09-17 03:36:42,998 - pyskl - INFO - Epoch [13][4100/6265]	lr: 2.602e-03, eta: 19:24:15, time: 2.835, data_time: 0.000, memory: 5243, top1_acc: 0.9263, top5_acc: 0.9766, loss_cls: 0.2897, loss: 0.2897
2026-09-17 03:41:26,546 - pyskl - INFO - Epoch [13][4200/6265]	lr: 2.578e-03, eta: 19:18:29, time: 2.835, data_time: 0.000, memory: 5243, top1_acc: 0.9306, top5_acc: 0.9844, loss_cls: 0.2454, loss: 0.2454
2026-09-17 03:46:09,559 - pyskl - INFO - Epoch [13][4300/6265]	lr: 2.554e-03, eta: 19:12:42, time: 2.830, data_time: 0.000, memory: 5243, top1_acc: 0.9137, top5_acc: 0.9775, loss_cls: 0.3098, loss: 0.3098
2026-09-17 03:50:52,719 - pyskl - INFO - Epoch [13][4400/6265]	lr: 2.530e-03, eta: 19:06:56, time: 2.832, data_time: 0.000, memory: 5243, top1_acc: 0.9250, top5_acc: 0.9809, loss_cls: 0.2577, loss: 0.2577
2026-09-17 03:55:35,386 - pyskl - INFO - Epoch [13][4500/6265]	lr: 2.507e-03, eta: 19:01:10, time: 2.827, data_time: 0.000, memory: 5243, top1_acc: 0.9272, top5_acc: 0.9769, loss_cls: 0.2664, loss: 0.2664
2026-09-17 04:00:18,694 - pyskl - INFO - Epoch [13][4600/6265]	lr: 2.483e-03, eta: 18:55:24, time: 2.833, data_time: 0.000, memory: 5243, top1_acc: 0.9263, top5_acc: 0.9816, loss_cls: 0.2560, loss: 0.2560
2026-09-17 04:05:02,799 - pyskl - INFO - Epoch [13][4700/6265]	lr: 2.460e-03, eta: 18:49:39, time: 2.841, data_time: 0.000, memory: 5243, top1_acc: 0.9363, top5_acc: 0.9847, loss_cls: 0.2399, loss: 0.2399
2026-09-17 04:09:46,072 - pyskl - INFO - Epoch [13][4800/6265]	lr: 2.437e-03, eta: 18:43:53, time: 2.833, data_time: 0.000, memory: 5243, top1_acc: 0.9203, top5_acc: 0.9772, loss_cls: 0.2793, loss: 0.2793
2026-09-17 04:14:29,062 - pyskl - INFO - Epoch [13][4900/6265]	lr: 2.413e-03, eta: 18:38:08, time: 2.830, data_time: 0.000, memory: 5243, top1_acc: 0.9297, top5_acc: 0.9788, loss_cls: 0.2666, loss: 0.2666
2026-09-17 04:19:12,296 - pyskl - INFO - Epoch [13][5000/6265]	lr: 2.390e-03, eta: 18:32:23, time: 2.832, data_time: 0.000, memory: 5243, top1_acc: 0.9206, top5_acc: 0.9769, loss_cls: 0.2725, loss: 0.2725
2026-09-17 04:23:55,822 - pyskl - INFO - Epoch [13][5100/6265]	lr: 2.367e-03, eta: 18:26:38, time: 2.835, data_time: 0.000, memory: 5243, top1_acc: 0.9316, top5_acc: 0.9853, loss_cls: 0.2387, loss: 0.2387
2026-09-17 04:28:39,662 - pyskl - INFO - Epoch [13][5200/6265]	lr: 2.344e-03, eta: 18:20:53, time: 2.838, data_time: 0.000, memory: 5243, top1_acc: 0.9266, top5_acc: 0.9822, loss_cls: 0.2465, loss: 0.2465
2026-09-17 04:33:23,796 - pyskl - INFO - Epoch [13][5300/6265]	lr: 2.322e-03, eta: 18:15:09, time: 2.841, data_time: 0.000, memory: 5243, top1_acc: 0.9275, top5_acc: 0.9803, loss_cls: 0.2489, loss: 0.2489
2026-09-17 04:38:07,724 - pyskl - INFO - Epoch [13][5400/6265]	lr: 2.299e-03, eta: 18:09:24, time: 2.839, data_time: 0.000, memory: 5243, top1_acc: 0.9369, top5_acc: 0.9853, loss_cls: 0.2311, loss: 0.2311
2026-09-17 04:42:51,435 - pyskl - INFO - Epoch [13][5500/6265]	lr: 2.276e-03, eta: 18:03:40, time: 2.837, data_time: 0.000, memory: 5243, top1_acc: 0.9237, top5_acc: 0.9825, loss_cls: 0.2449, loss: 0.2449
2026-09-17 04:47:35,179 - pyskl - INFO - Epoch [13][5600/6265]	lr: 2.254e-03, eta: 17:57:56, time: 2.837, data_time: 0.000, memory: 5243, top1_acc: 0.9269, top5_acc: 0.9828, loss_cls: 0.2451, loss: 0.2451
2026-09-17 04:52:21,962 - pyskl - INFO - Epoch [13][5700/6265]	lr: 2.231e-03, eta: 17:52:12, time: 2.868, data_time: 0.000, memory: 5243, top1_acc: 0.9281, top5_acc: 0.9834, loss_cls: 0.2496, loss: 0.2496
2026-09-17 04:57:04,991 - pyskl - INFO - Epoch [13][5800/6265]	lr: 2.209e-03, eta: 17:46:28, time: 2.830, data_time: 0.000, memory: 5243, top1_acc: 0.9291, top5_acc: 0.9766, loss_cls: 0.2616, loss: 0.2616
2026-09-17 05:01:47,836 - pyskl - INFO - Epoch [13][5900/6265]	lr: 2.187e-03, eta: 17:40:45, time: 2.828, data_time: 0.000, memory: 5243, top1_acc: 0.9437, top5_acc: 0.9856, loss_cls: 0.2094, loss: 0.2094
2026-09-17 05:06:30,653 - pyskl - INFO - Epoch [13][6000/6265]	lr: 2.165e-03, eta: 17:35:01, time: 2.828, data_time: 0.000, memory: 5243, top1_acc: 0.9325, top5_acc: 0.9816, loss_cls: 0.2455, loss: 0.2455
2026-09-17 05:11:13,755 - pyskl - INFO - Epoch [13][6100/6265]	lr: 2.143e-03, eta: 17:29:17, time: 2.831, data_time: 0.000, memory: 5243, top1_acc: 0.9281, top5_acc: 0.9803, loss_cls: 0.2591, loss: 0.2591
2026-09-17 05:15:56,326 - pyskl - INFO - Epoch [13][6200/6265]	lr: 2.121e-03, eta: 17:23:34, time: 2.826, data_time: 0.000, memory: 5243, top1_acc: 0.9297, top5_acc: 0.9809, loss_cls: 0.2583, loss: 0.2583
2026-09-17 05:18:58,141 - pyskl - INFO - Saving checkpoint at 13 epochs
2026-09-17 05:39:36,825 - pyskl - INFO - Evaluating top_k_accuracy ...
2026-09-17 05:39:36,867 - pyskl - INFO - 
top1_acc	0.8783
top5_acc	0.9776
2026-09-17 05:39:36,868 - pyskl - INFO - The previous best checkpoint D:\YxjProject\pythonProject\pyskl\work_dirs\aug_baseline\b_aug\stgcnpp_j\seed255\best_top1_acc_epoch_12.pth was removed
2026-09-17 05:39:36,958 - pyskl - INFO - Now best checkpoint is saved as best_top1_acc_epoch_13.pth.
2026-09-17 05:39:36,958 - pyskl - INFO - Best top1_acc is 0.8783 at 13 epoch.
2026-09-17 05:39:36,959 - pyskl - INFO - Epoch(val) [13][516]	top1_acc: 0.8783, top5_acc: 0.9776
2026-09-17 05:44:29,021 - pyskl - INFO - Epoch [14][100/6265]	lr: 2.085e-03, eta: 17:13:27, time: 2.921, data_time: 0.085, memory: 5243, top1_acc: 0.9325, top5_acc: 0.9784, loss_cls: 0.2589, loss: 0.2589
2026-09-17 05:49:12,708 - pyskl - INFO - Epoch [14][200/6265]	lr: 2.064e-03, eta: 17:07:45, time: 2.837, data_time: 0.000, memory: 5243, top1_acc: 0.9353, top5_acc: 0.9772, loss_cls: 0.2385, loss: 0.2385
2026-09-17 05:53:56,426 - pyskl - INFO - Epoch [14][300/6265]	lr: 2.042e-03, eta: 17:02:02, time: 2.837, data_time: 0.000, memory: 5243, top1_acc: 0.9363, top5_acc: 0.9806, loss_cls: 0.2390, loss: 0.2390
2026-09-17 05:58:39,788 - pyskl - INFO - Epoch [14][400/6265]	lr: 2.021e-03, eta: 16:56:20, time: 2.834, data_time: 0.000, memory: 5243, top1_acc: 0.9375, top5_acc: 0.9797, loss_cls: 0.2429, loss: 0.2429
2026-09-17 06:03:23,039 - pyskl - INFO - Epoch [14][500/6265]	lr: 1.999e-03, eta: 16:50:38, time: 2.833, data_time: 0.000, memory: 5243, top1_acc: 0.9278, top5_acc: 0.9781, loss_cls: 0.2587, loss: 0.2587
2026-09-17 06:08:06,463 - pyskl - INFO - Epoch [14][600/6265]	lr: 1.978e-03, eta: 16:44:55, time: 2.834, data_time: 0.000, memory: 5243, top1_acc: 0.9325, top5_acc: 0.9828, loss_cls: 0.2430, loss: 0.2430
2026-09-17 06:12:50,079 - pyskl - INFO - Epoch [14][700/6265]	lr: 1.957e-03, eta: 16:39:14, time: 2.836, data_time: 0.000, memory: 5243, top1_acc: 0.9281, top5_acc: 0.9819, loss_cls: 0.2518, loss: 0.2518
2026-09-17 06:17:33,253 - pyskl - INFO - Epoch [14][800/6265]	lr: 1.936e-03, eta: 16:33:32, time: 2.832, data_time: 0.000, memory: 5243, top1_acc: 0.9381, top5_acc: 0.9816, loss_cls: 0.2390, loss: 0.2390
2026-09-17 06:22:16,449 - pyskl - INFO - Epoch [14][900/6265]	lr: 1.915e-03, eta: 16:27:50, time: 2.832, data_time: 0.000, memory: 5243, top1_acc: 0.9384, top5_acc: 0.9819, loss_cls: 0.2217, loss: 0.2217
2026-09-17 06:26:59,679 - pyskl - INFO - Epoch [14][1000/6265]	lr: 1.894e-03, eta: 16:22:08, time: 2.832, data_time: 0.000, memory: 5243, top1_acc: 0.9403, top5_acc: 0.9825, loss_cls: 0.2229, loss: 0.2229
2026-09-17 06:31:43,196 - pyskl - INFO - Epoch [14][1100/6265]	lr: 1.874e-03, eta: 16:16:27, time: 2.835, data_time: 0.000, memory: 5243, top1_acc: 0.9366, top5_acc: 0.9844, loss_cls: 0.2375, loss: 0.2375
2026-09-17 06:36:26,177 - pyskl - INFO - Epoch [14][1200/6265]	lr: 1.853e-03, eta: 16:10:46, time: 2.830, data_time: 0.000, memory: 5243, top1_acc: 0.9369, top5_acc: 0.9800, loss_cls: 0.2465, loss: 0.2465
2026-09-17 06:41:09,849 - pyskl - INFO - Epoch [14][1300/6265]	lr: 1.833e-03, eta: 16:05:05, time: 2.837, data_time: 0.000, memory: 5243, top1_acc: 0.9263, top5_acc: 0.9834, loss_cls: 0.2476, loss: 0.2476
2026-09-17 06:45:53,402 - pyskl - INFO - Epoch [14][1400/6265]	lr: 1.812e-03, eta: 15:59:24, time: 2.836, data_time: 0.000, memory: 5243, top1_acc: 0.9322, top5_acc: 0.9806, loss_cls: 0.2399, loss: 0.2399
2026-09-17 06:50:37,009 - pyskl - INFO - Epoch [14][1500/6265]	lr: 1.792e-03, eta: 15:53:43, time: 2.836, data_time: 0.000, memory: 5243, top1_acc: 0.9369, top5_acc: 0.9794, loss_cls: 0.2385, loss: 0.2385
2026-09-17 06:55:20,764 - pyskl - INFO - Epoch [14][1600/6265]	lr: 1.772e-03, eta: 15:48:02, time: 2.838, data_time: 0.000, memory: 5243, top1_acc: 0.9359, top5_acc: 0.9816, loss_cls: 0.2315, loss: 0.2315
2026-09-17 07:00:04,646 - pyskl - INFO - Epoch [14][1700/6265]	lr: 1.752e-03, eta: 15:42:22, time: 2.839, data_time: 0.000, memory: 5243, top1_acc: 0.9334, top5_acc: 0.9784, loss_cls: 0.2461, loss: 0.2461
2026-09-17 07:04:48,133 - pyskl - INFO - Epoch [14][1800/6265]	lr: 1.732e-03, eta: 15:36:41, time: 2.835, data_time: 0.000, memory: 5243, top1_acc: 0.9328, top5_acc: 0.9769, loss_cls: 0.2481, loss: 0.2481
2026-09-17 07:09:31,225 - pyskl - INFO - Epoch [14][1900/6265]	lr: 1.712e-03, eta: 15:31:01, time: 2.831, data_time: 0.000, memory: 5243, top1_acc: 0.9372, top5_acc: 0.9856, loss_cls: 0.2220, loss: 0.2220
2026-09-17 07:14:14,215 - pyskl - INFO - Epoch [14][2000/6265]	lr: 1.692e-03, eta: 15:25:21, time: 2.830, data_time: 0.000, memory: 5243, top1_acc: 0.9369, top5_acc: 0.9812, loss_cls: 0.2337, loss: 0.2337
2026-09-17 07:18:57,268 - pyskl - INFO - Epoch [14][2100/6265]	lr: 1.673e-03, eta: 15:19:41, time: 2.831, data_time: 0.000, memory: 5243, top1_acc: 0.9413, top5_acc: 0.9828, loss_cls: 0.2139, loss: 0.2139
2026-09-17 07:23:39,990 - pyskl - INFO - Epoch [14][2200/6265]	lr: 1.653e-03, eta: 15:14:01, time: 2.827, data_time: 0.000, memory: 5243, top1_acc: 0.9353, top5_acc: 0.9844, loss_cls: 0.2308, loss: 0.2308
2026-09-17 07:28:23,767 - pyskl - INFO - Epoch [14][2300/6265]	lr: 1.634e-03, eta: 15:08:21, time: 2.838, data_time: 0.000, memory: 5243, top1_acc: 0.9384, top5_acc: 0.9838, loss_cls: 0.2211, loss: 0.2211
2026-09-17 07:33:07,875 - pyskl - INFO - Epoch [14][2400/6265]	lr: 1.614e-03, eta: 15:02:42, time: 2.841, data_time: 0.000, memory: 5243, top1_acc: 0.9378, top5_acc: 0.9816, loss_cls: 0.2291, loss: 0.2291
2026-09-17 07:37:51,330 - pyskl - INFO - Epoch [14][2500/6265]	lr: 1.595e-03, eta: 14:57:02, time: 2.835, data_time: 0.000, memory: 5243, top1_acc: 0.9391, top5_acc: 0.9788, loss_cls: 0.2276, loss: 0.2276
2026-09-17 07:42:34,861 - pyskl - INFO - Epoch [14][2600/6265]	lr: 1.576e-03, eta: 14:51:23, time: 2.835, data_time: 0.000, memory: 5243, top1_acc: 0.9456, top5_acc: 0.9800, loss_cls: 0.2157, loss: 0.2157
2026-09-17 07:47:18,100 - pyskl - INFO - Epoch [14][2700/6265]	lr: 1.557e-03, eta: 14:45:44, time: 2.832, data_time: 0.000, memory: 5243, top1_acc: 0.9363, top5_acc: 0.9825, loss_cls: 0.2312, loss: 0.2312
2026-09-17 07:52:04,619 - pyskl - INFO - Epoch [14][2800/6265]	lr: 1.538e-03, eta: 14:40:05, time: 2.865, data_time: 0.000, memory: 5243, top1_acc: 0.9363, top5_acc: 0.9856, loss_cls: 0.2247, loss: 0.2247
2026-09-17 07:56:48,480 - pyskl - INFO - Epoch [14][2900/6265]	lr: 1.519e-03, eta: 14:34:26, time: 2.839, data_time: 0.000, memory: 5243, top1_acc: 0.9413, top5_acc: 0.9838, loss_cls: 0.2157, loss: 0.2157
2026-09-17 08:01:32,202 - pyskl - INFO - Epoch [14][3000/6265]	lr: 1.501e-03, eta: 14:28:48, time: 2.837, data_time: 0.000, memory: 5243, top1_acc: 0.9337, top5_acc: 0.9803, loss_cls: 0.2390, loss: 0.2390
2026-09-17 08:06:16,334 - pyskl - INFO - Epoch [14][3100/6265]	lr: 1.482e-03, eta: 14:23:09, time: 2.841, data_time: 0.000, memory: 5243, top1_acc: 0.9297, top5_acc: 0.9794, loss_cls: 0.2368, loss: 0.2368
2026-09-17 08:11:00,153 - pyskl - INFO - Epoch [14][3200/6265]	lr: 1.464e-03, eta: 14:17:30, time: 2.838, data_time: 0.000, memory: 5243, top1_acc: 0.9322, top5_acc: 0.9831, loss_cls: 0.2387, loss: 0.2387
2026-09-17 08:15:43,651 - pyskl - INFO - Epoch [14][3300/6265]	lr: 1.445e-03, eta: 14:11:52, time: 2.835, data_time: 0.000, memory: 5243, top1_acc: 0.9409, top5_acc: 0.9841, loss_cls: 0.2197, loss: 0.2197
2026-09-17 08:20:26,890 - pyskl - INFO - Epoch [14][3400/6265]	lr: 1.427e-03, eta: 14:06:14, time: 2.832, data_time: 0.000, memory: 5243, top1_acc: 0.9391, top5_acc: 0.9844, loss_cls: 0.2145, loss: 0.2145
2026-09-17 08:25:10,684 - pyskl - INFO - Epoch [14][3500/6265]	lr: 1.409e-03, eta: 14:00:36, time: 2.838, data_time: 0.000, memory: 5243, top1_acc: 0.9391, top5_acc: 0.9812, loss_cls: 0.2269, loss: 0.2269
2026-09-17 08:29:54,634 - pyskl - INFO - Epoch [14][3600/6265]	lr: 1.391e-03, eta: 13:54:58, time: 2.839, data_time: 0.000, memory: 5243, top1_acc: 0.9416, top5_acc: 0.9844, loss_cls: 0.2229, loss: 0.2229
2026-09-17 08:34:38,014 - pyskl - INFO - Epoch [14][3700/6265]	lr: 1.373e-03, eta: 13:49:20, time: 2.834, data_time: 0.000, memory: 5243, top1_acc: 0.9416, top5_acc: 0.9856, loss_cls: 0.2016, loss: 0.2016
2026-09-17 08:39:21,180 - pyskl - INFO - Epoch [14][3800/6265]	lr: 1.355e-03, eta: 13:43:42, time: 2.832, data_time: 0.000, memory: 5243, top1_acc: 0.9397, top5_acc: 0.9856, loss_cls: 0.2147, loss: 0.2147
2026-09-17 08:44:03,914 - pyskl - INFO - Epoch [14][3900/6265]	lr: 1.338e-03, eta: 13:38:04, time: 2.827, data_time: 0.000, memory: 5243, top1_acc: 0.9456, top5_acc: 0.9844, loss_cls: 0.2010, loss: 0.2010
2026-09-17 08:48:47,204 - pyskl - INFO - Epoch [14][4000/6265]	lr: 1.320e-03, eta: 13:32:27, time: 2.833, data_time: 0.000, memory: 5243, top1_acc: 0.9397, top5_acc: 0.9822, loss_cls: 0.2304, loss: 0.2304
2026-09-17 08:53:30,187 - pyskl - INFO - Epoch [14][4100/6265]	lr: 1.303e-03, eta: 13:26:49, time: 2.830, data_time: 0.000, memory: 5243, top1_acc: 0.9475, top5_acc: 0.9850, loss_cls: 0.2078, loss: 0.2078
2026-09-17 08:58:13,352 - pyskl - INFO - Epoch [14][4200/6265]	lr: 1.285e-03, eta: 13:21:12, time: 2.832, data_time: 0.000, memory: 5243, top1_acc: 0.9416, top5_acc: 0.9834, loss_cls: 0.2148, loss: 0.2148
2026-09-17 09:02:55,896 - pyskl - INFO - Epoch [14][4300/6265]	lr: 1.268e-03, eta: 13:15:35, time: 2.825, data_time: 0.000, memory: 5243, top1_acc: 0.9378, top5_acc: 0.9844, loss_cls: 0.2211, loss: 0.2211
2026-09-17 09:07:38,478 - pyskl - INFO - Epoch [14][4400/6265]	lr: 1.251e-03, eta: 13:09:57, time: 2.826, data_time: 0.000, memory: 5243, top1_acc: 0.9381, top5_acc: 0.9844, loss_cls: 0.2260, loss: 0.2260
2026-09-17 09:12:21,069 - pyskl - INFO - Epoch [14][4500/6265]	lr: 1.234e-03, eta: 13:04:20, time: 2.826, data_time: 0.000, memory: 5243, top1_acc: 0.9463, top5_acc: 0.9844, loss_cls: 0.2016, loss: 0.2016
2026-09-17 09:17:03,682 - pyskl - INFO - Epoch [14][4600/6265]	lr: 1.217e-03, eta: 12:58:43, time: 2.826, data_time: 0.000, memory: 5243, top1_acc: 0.9403, top5_acc: 0.9816, loss_cls: 0.2217, loss: 0.2217
2026-09-17 09:21:46,350 - pyskl - INFO - Epoch [14][4700/6265]	lr: 1.200e-03, eta: 12:53:07, time: 2.827, data_time: 0.000, memory: 5243, top1_acc: 0.9406, top5_acc: 0.9862, loss_cls: 0.2121, loss: 0.2121
2026-09-17 09:26:29,945 - pyskl - INFO - Epoch [14][4800/6265]	lr: 1.183e-03, eta: 12:47:30, time: 2.836, data_time: 0.000, memory: 5243, top1_acc: 0.9413, top5_acc: 0.9831, loss_cls: 0.2177, loss: 0.2177
2026-09-17 09:31:13,437 - pyskl - INFO - Epoch [14][4900/6265]	lr: 1.167e-03, eta: 12:41:54, time: 2.835, data_time: 0.000, memory: 5243, top1_acc: 0.9369, top5_acc: 0.9828, loss_cls: 0.2259, loss: 0.2259
2026-09-17 09:35:56,510 - pyskl - INFO - Epoch [14][5000/6265]	lr: 1.150e-03, eta: 12:36:18, time: 2.831, data_time: 0.000, memory: 5243, top1_acc: 0.9428, top5_acc: 0.9859, loss_cls: 0.2106, loss: 0.2106
2026-09-17 09:40:39,715 - pyskl - INFO - Epoch [14][5100/6265]	lr: 1.134e-03, eta: 12:30:41, time: 2.832, data_time: 0.000, memory: 5243, top1_acc: 0.9425, top5_acc: 0.9872, loss_cls: 0.2091, loss: 0.2091
2026-09-17 09:45:22,935 - pyskl - INFO - Epoch [14][5200/6265]	lr: 1.118e-03, eta: 12:25:05, time: 2.832, data_time: 0.000, memory: 5243, top1_acc: 0.9422, top5_acc: 0.9816, loss_cls: 0.2189, loss: 0.2189
2026-09-17 09:50:05,787 - pyskl - INFO - Epoch [14][5300/6265]	lr: 1.102e-03, eta: 12:19:29, time: 2.829, data_time: 0.000, memory: 5243, top1_acc: 0.9425, top5_acc: 0.9806, loss_cls: 0.2231, loss: 0.2231
2026-09-17 09:54:49,106 - pyskl - INFO - Epoch [14][5400/6265]	lr: 1.086e-03, eta: 12:13:53, time: 2.833, data_time: 0.000, memory: 5243, top1_acc: 0.9456, top5_acc: 0.9853, loss_cls: 0.1921, loss: 0.1921
2026-09-17 09:59:32,297 - pyskl - INFO - Epoch [14][5500/6265]	lr: 1.070e-03, eta: 12:08:18, time: 2.832, data_time: 0.000, memory: 5243, top1_acc: 0.9425, top5_acc: 0.9825, loss_cls: 0.2046, loss: 0.2046
2026-09-17 10:04:15,719 - pyskl - INFO - Epoch [14][5600/6265]	lr: 1.054e-03, eta: 12:02:42, time: 2.834, data_time: 0.000, memory: 5243, top1_acc: 0.9403, top5_acc: 0.9800, loss_cls: 0.2116, loss: 0.2116
2026-09-17 10:08:59,368 - pyskl - INFO - Epoch [14][5700/6265]	lr: 1.038e-03, eta: 11:57:07, time: 2.836, data_time: 0.000, memory: 5243, top1_acc: 0.9403, top5_acc: 0.9819, loss_cls: 0.2132, loss: 0.2132
2026-09-17 10:13:42,843 - pyskl - INFO - Epoch [14][5800/6265]	lr: 1.023e-03, eta: 11:51:32, time: 2.835, data_time: 0.000, memory: 5243, top1_acc: 0.9519, top5_acc: 0.9838, loss_cls: 0.1921, loss: 0.1921
2026-09-17 10:18:26,851 - pyskl - INFO - Epoch [14][5900/6265]	lr: 1.007e-03, eta: 11:45:56, time: 2.840, data_time: 0.000, memory: 5243, top1_acc: 0.9456, top5_acc: 0.9847, loss_cls: 0.1977, loss: 0.1977
2026-09-17 10:23:10,632 - pyskl - INFO - Epoch [14][6000/6265]	lr: 9.918e-04, eta: 11:40:21, time: 2.838, data_time: 0.000, memory: 5243, top1_acc: 0.9419, top5_acc: 0.9834, loss_cls: 0.2151, loss: 0.2151
2026-09-17 10:27:54,228 - pyskl - INFO - Epoch [14][6100/6265]	lr: 9.765e-04, eta: 11:34:47, time: 2.836, data_time: 0.000, memory: 5243, top1_acc: 0.9431, top5_acc: 0.9841, loss_cls: 0.2104, loss: 0.2104
2026-09-17 10:32:37,776 - pyskl - INFO - Epoch [14][6200/6265]	lr: 9.614e-04, eta: 11:29:12, time: 2.835, data_time: 0.000, memory: 5243, top1_acc: 0.9413, top5_acc: 0.9822, loss_cls: 0.2202, loss: 0.2202
2026-09-17 10:35:40,430 - pyskl - INFO - Saving checkpoint at 14 epochs
2026-09-17 10:56:13,974 - pyskl - INFO - Evaluating top_k_accuracy ...
2026-09-17 10:56:14,015 - pyskl - INFO - 
top1_acc	0.8874
top5_acc	0.9807
2026-09-17 10:56:14,017 - pyskl - INFO - The previous best checkpoint D:\YxjProject\pythonProject\pyskl\work_dirs\aug_baseline\b_aug\stgcnpp_j\seed255\best_top1_acc_epoch_13.pth was removed
2026-09-17 10:56:14,103 - pyskl - INFO - Now best checkpoint is saved as best_top1_acc_epoch_14.pth.
2026-09-17 10:56:14,103 - pyskl - INFO - Best top1_acc is 0.8874 at 14 epoch.
2026-09-17 10:56:14,105 - pyskl - INFO - Epoch(val) [14][516]	top1_acc: 0.8874, top5_acc: 0.9807
2026-09-17 11:01:06,461 - pyskl - INFO - Epoch [15][100/6265]	lr: 9.367e-04, eta: 11:19:35, time: 2.924, data_time: 0.085, memory: 5243, top1_acc: 0.9431, top5_acc: 0.9825, loss_cls: 0.2065, loss: 0.2065
2026-09-17 11:05:49,428 - pyskl - INFO - Epoch [15][200/6265]	lr: 9.219e-04, eta: 11:14:00, time: 2.830, data_time: 0.000, memory: 5243, top1_acc: 0.9391, top5_acc: 0.9828, loss_cls: 0.2145, loss: 0.2145
2026-09-17 11:10:32,548 - pyskl - INFO - Epoch [15][300/6265]	lr: 9.072e-04, eta: 11:08:26, time: 2.831, data_time: 0.000, memory: 5243, top1_acc: 0.9422, top5_acc: 0.9834, loss_cls: 0.2091, loss: 0.2091
2026-09-17 11:15:15,606 - pyskl - INFO - Epoch [15][400/6265]	lr: 8.926e-04, eta: 11:02:52, time: 2.831, data_time: 0.000, memory: 5243, top1_acc: 0.9422, top5_acc: 0.9841, loss_cls: 0.2115, loss: 0.2115
2026-09-17 11:19:58,634 - pyskl - INFO - Epoch [15][500/6265]	lr: 8.781e-04, eta: 10:57:18, time: 2.830, data_time: 0.000, memory: 5243, top1_acc: 0.9413, top5_acc: 0.9838, loss_cls: 0.2053, loss: 0.2053
2026-09-17 11:24:41,844 - pyskl - INFO - Epoch [15][600/6265]	lr: 8.637e-04, eta: 10:51:44, time: 2.832, data_time: 0.000, memory: 5243, top1_acc: 0.9463, top5_acc: 0.9828, loss_cls: 0.2070, loss: 0.2070
2026-09-17 11:29:25,930 - pyskl - INFO - Epoch [15][700/6265]	lr: 8.495e-04, eta: 10:46:10, time: 2.841, data_time: 0.000, memory: 5243, top1_acc: 0.9494, top5_acc: 0.9850, loss_cls: 0.1946, loss: 0.1946
2026-09-17 11:34:09,910 - pyskl - INFO - Epoch [15][800/6265]	lr: 8.354e-04, eta: 10:40:37, time: 2.840, data_time: 0.000, memory: 5243, top1_acc: 0.9475, top5_acc: 0.9838, loss_cls: 0.2023, loss: 0.2023
2026-09-17 11:38:53,904 - pyskl - INFO - Epoch [15][900/6265]	lr: 8.213e-04, eta: 10:35:04, time: 2.840, data_time: 0.000, memory: 5243, top1_acc: 0.9478, top5_acc: 0.9850, loss_cls: 0.1872, loss: 0.1872
2026-09-17 11:43:38,240 - pyskl - INFO - Epoch [15][1000/6265]	lr: 8.074e-04, eta: 10:29:30, time: 2.843, data_time: 0.000, memory: 5243, top1_acc: 0.9497, top5_acc: 0.9872, loss_cls: 0.1930, loss: 0.1930
2026-09-17 11:48:22,652 - pyskl - INFO - Epoch [15][1100/6265]	lr: 7.936e-04, eta: 10:23:57, time: 2.844, data_time: 0.000, memory: 5243, top1_acc: 0.9513, top5_acc: 0.9859, loss_cls: 0.1874, loss: 0.1874
2026-09-17 11:53:06,902 - pyskl - INFO - Epoch [15][1200/6265]	lr: 7.799e-04, eta: 10:18:24, time: 2.842, data_time: 0.000, memory: 5243, top1_acc: 0.9537, top5_acc: 0.9856, loss_cls: 0.1789, loss: 0.1789
2026-09-17 11:57:51,047 - pyskl - INFO - Epoch [15][1300/6265]	lr: 7.664e-04, eta: 10:12:51, time: 2.841, data_time: 0.000, memory: 5243, top1_acc: 0.9459, top5_acc: 0.9806, loss_cls: 0.2009, loss: 0.2009
2026-09-17 12:02:35,188 - pyskl - INFO - Epoch [15][1400/6265]	lr: 7.529e-04, eta: 10:07:18, time: 2.841, data_time: 0.000, memory: 5243, top1_acc: 0.9475, top5_acc: 0.9822, loss_cls: 0.1998, loss: 0.1998
2026-09-17 12:07:18,741 - pyskl - INFO - Epoch [15][1500/6265]	lr: 7.396e-04, eta: 10:01:45, time: 2.836, data_time: 0.000, memory: 5243, top1_acc: 0.9491, top5_acc: 0.9844, loss_cls: 0.1886, loss: 0.1886
2026-09-17 12:12:02,823 - pyskl - INFO - Epoch [15][1600/6265]	lr: 7.264e-04, eta: 9:56:13, time: 2.841, data_time: 0.000, memory: 5243, top1_acc: 0.9456, top5_acc: 0.9850, loss_cls: 0.1958, loss: 0.1958
2026-09-17 12:16:46,011 - pyskl - INFO - Epoch [15][1700/6265]	lr: 7.133e-04, eta: 9:50:40, time: 2.832, data_time: 0.000, memory: 5243, top1_acc: 0.9481, top5_acc: 0.9866, loss_cls: 0.1820, loss: 0.1820
2026-09-17 12:21:29,460 - pyskl - INFO - Epoch [15][1800/6265]	lr: 7.003e-04, eta: 9:45:08, time: 2.834, data_time: 0.000, memory: 5243, top1_acc: 0.9463, top5_acc: 0.9856, loss_cls: 0.1958, loss: 0.1958
2026-09-17 12:26:13,859 - pyskl - INFO - Epoch [15][1900/6265]	lr: 6.874e-04, eta: 9:39:35, time: 2.844, data_time: 0.000, memory: 5243, top1_acc: 0.9556, top5_acc: 0.9878, loss_cls: 0.1684, loss: 0.1684
2026-09-17 12:30:57,601 - pyskl - INFO - Epoch [15][2000/6265]	lr: 6.747e-04, eta: 9:34:03, time: 2.837, data_time: 0.000, memory: 5243, top1_acc: 0.9487, top5_acc: 0.9856, loss_cls: 0.1897, loss: 0.1897
2026-09-17 12:35:41,085 - pyskl - INFO - Epoch [15][2100/6265]	lr: 6.620e-04, eta: 9:28:31, time: 2.835, data_time: 0.000, memory: 5243, top1_acc: 0.9516, top5_acc: 0.9856, loss_cls: 0.1905, loss: 0.1905
2026-09-17 12:40:24,620 - pyskl - INFO - Epoch [15][2200/6265]	lr: 6.495e-04, eta: 9:22:59, time: 2.835, data_time: 0.000, memory: 5243, top1_acc: 0.9463, top5_acc: 0.9816, loss_cls: 0.1934, loss: 0.1934
2026-09-17 12:45:07,782 - pyskl - INFO - Epoch [15][2300/6265]	lr: 6.371e-04, eta: 9:17:27, time: 2.832, data_time: 0.000, memory: 5243, top1_acc: 0.9525, top5_acc: 0.9841, loss_cls: 0.1797, loss: 0.1797
2026-09-17 12:49:50,958 - pyskl - INFO - Epoch [15][2400/6265]	lr: 6.248e-04, eta: 9:11:55, time: 2.832, data_time: 0.000, memory: 5243, top1_acc: 0.9522, top5_acc: 0.9856, loss_cls: 0.1759, loss: 0.1759
2026-09-17 12:54:34,649 - pyskl - INFO - Epoch [15][2500/6265]	lr: 6.126e-04, eta: 9:06:23, time: 2.837, data_time: 0.000, memory: 5243, top1_acc: 0.9506, top5_acc: 0.9850, loss_cls: 0.1951, loss: 0.1951
2026-09-17 12:59:18,272 - pyskl - INFO - Epoch [15][2600/6265]	lr: 6.006e-04, eta: 9:00:52, time: 2.836, data_time: 0.000, memory: 5243, top1_acc: 0.9475, top5_acc: 0.9859, loss_cls: 0.1883, loss: 0.1883
2026-09-17 13:04:01,182 - pyskl - INFO - Epoch [15][2700/6265]	lr: 5.886e-04, eta: 8:55:20, time: 2.829, data_time: 0.000, memory: 5243, top1_acc: 0.9497, top5_acc: 0.9834, loss_cls: 0.1888, loss: 0.1888
2026-09-17 13:08:44,482 - pyskl - INFO - Epoch [15][2800/6265]	lr: 5.768e-04, eta: 8:49:49, time: 2.833, data_time: 0.000, memory: 5243, top1_acc: 0.9444, top5_acc: 0.9828, loss_cls: 0.2124, loss: 0.2124
2026-09-17 13:13:27,922 - pyskl - INFO - Epoch [15][2900/6265]	lr: 5.651e-04, eta: 8:44:17, time: 2.834, data_time: 0.000, memory: 5243, top1_acc: 0.9503, top5_acc: 0.9875, loss_cls: 0.1894, loss: 0.1894
2026-09-17 13:18:11,366 - pyskl - INFO - Epoch [15][3000/6265]	lr: 5.535e-04, eta: 8:38:46, time: 2.834, data_time: 0.000, memory: 5243, top1_acc: 0.9509, top5_acc: 0.9844, loss_cls: 0.1864, loss: 0.1864
2026-09-17 13:22:54,847 - pyskl - INFO - Epoch [15][3100/6265]	lr: 5.421e-04, eta: 8:33:15, time: 2.835, data_time: 0.000, memory: 5243, top1_acc: 0.9481, top5_acc: 0.9834, loss_cls: 0.1968, loss: 0.1968
2026-09-17 13:27:38,327 - pyskl - INFO - Epoch [15][3200/6265]	lr: 5.307e-04, eta: 8:27:44, time: 2.835, data_time: 0.000, memory: 5243, top1_acc: 0.9519, top5_acc: 0.9869, loss_cls: 0.1724, loss: 0.1724
2026-09-17 13:32:22,505 - pyskl - INFO - Epoch [15][3300/6265]	lr: 5.195e-04, eta: 8:22:13, time: 2.842, data_time: 0.000, memory: 5243, top1_acc: 0.9481, top5_acc: 0.9828, loss_cls: 0.1931, loss: 0.1931
2026-09-17 13:37:05,790 - pyskl - INFO - Epoch [15][3400/6265]	lr: 5.084e-04, eta: 8:16:42, time: 2.833, data_time: 0.000, memory: 5243, top1_acc: 0.9547, top5_acc: 0.9859, loss_cls: 0.1824, loss: 0.1824
2026-09-17 13:41:49,494 - pyskl - INFO - Epoch [15][3500/6265]	lr: 4.974e-04, eta: 8:11:12, time: 2.837, data_time: 0.000, memory: 5243, top1_acc: 0.9506, top5_acc: 0.9844, loss_cls: 0.1798, loss: 0.1798
2026-09-17 13:46:33,307 - pyskl - INFO - Epoch [15][3600/6265]	lr: 4.865e-04, eta: 8:05:41, time: 2.838, data_time: 0.000, memory: 5243, top1_acc: 0.9503, top5_acc: 0.9859, loss_cls: 0.1862, loss: 0.1862
2026-09-17 13:51:21,068 - pyskl - INFO - Epoch [15][3700/6265]	lr: 4.757e-04, eta: 8:00:11, time: 2.878, data_time: 0.000, memory: 5243, top1_acc: 0.9478, top5_acc: 0.9859, loss_cls: 0.1909, loss: 0.1909
2026-09-17 13:56:05,110 - pyskl - INFO - Epoch [15][3800/6265]	lr: 4.651e-04, eta: 7:54:41, time: 2.840, data_time: 0.000, memory: 5243, top1_acc: 0.9550, top5_acc: 0.9844, loss_cls: 0.1725, loss: 0.1725
2026-09-17 14:00:49,351 - pyskl - INFO - Epoch [15][3900/6265]	lr: 4.545e-04, eta: 7:49:11, time: 2.842, data_time: 0.000, memory: 5243, top1_acc: 0.9375, top5_acc: 0.9812, loss_cls: 0.2139, loss: 0.2139
2026-09-17 14:05:33,257 - pyskl - INFO - Epoch [15][4000/6265]	lr: 4.441e-04, eta: 7:43:41, time: 2.839, data_time: 0.000, memory: 5243, top1_acc: 0.9403, top5_acc: 0.9812, loss_cls: 0.2167, loss: 0.2167
2026-09-17 14:10:17,800 - pyskl - INFO - Epoch [15][4100/6265]	lr: 4.338e-04, eta: 7:38:11, time: 2.845, data_time: 0.000, memory: 5243, top1_acc: 0.9481, top5_acc: 0.9853, loss_cls: 0.1902, loss: 0.1902
2026-09-17 14:15:01,532 - pyskl - INFO - Epoch [15][4200/6265]	lr: 4.237e-04, eta: 7:32:41, time: 2.837, data_time: 0.000, memory: 5243, top1_acc: 0.9403, top5_acc: 0.9834, loss_cls: 0.2166, loss: 0.2166
2026-09-17 14:19:45,396 - pyskl - INFO - Epoch [15][4300/6265]	lr: 4.136e-04, eta: 7:27:11, time: 2.839, data_time: 0.000, memory: 5243, top1_acc: 0.9450, top5_acc: 0.9838, loss_cls: 0.2013, loss: 0.2013
2026-09-17 14:24:29,089 - pyskl - INFO - Epoch [15][4400/6265]	lr: 4.037e-04, eta: 7:21:41, time: 2.837, data_time: 0.000, memory: 5243, top1_acc: 0.9531, top5_acc: 0.9850, loss_cls: 0.1809, loss: 0.1809
2026-09-17 14:29:12,818 - pyskl - INFO - Epoch [15][4500/6265]	lr: 3.939e-04, eta: 7:16:11, time: 2.837, data_time: 0.000, memory: 5243, top1_acc: 0.9537, top5_acc: 0.9834, loss_cls: 0.1758, loss: 0.1758
2026-09-17 14:33:55,713 - pyskl - INFO - Epoch [15][4600/6265]	lr: 3.842e-04, eta: 7:10:42, time: 2.829, data_time: 0.000, memory: 5243, top1_acc: 0.9478, top5_acc: 0.9838, loss_cls: 0.1995, loss: 0.1995
2026-09-17 14:38:38,766 - pyskl - INFO - Epoch [15][4700/6265]	lr: 3.746e-04, eta: 7:05:12, time: 2.831, data_time: 0.000, memory: 5243, top1_acc: 0.9475, top5_acc: 0.9838, loss_cls: 0.1895, loss: 0.1895
2026-09-17 14:43:21,853 - pyskl - INFO - Epoch [15][4800/6265]	lr: 3.651e-04, eta: 6:59:43, time: 2.831, data_time: 0.000, memory: 5243, top1_acc: 0.9525, top5_acc: 0.9891, loss_cls: 0.1723, loss: 0.1723
2026-09-17 14:48:04,723 - pyskl - INFO - Epoch [15][4900/6265]	lr: 3.558e-04, eta: 6:54:14, time: 2.829, data_time: 0.000, memory: 5243, top1_acc: 0.9494, top5_acc: 0.9844, loss_cls: 0.1880, loss: 0.1880
2026-09-17 14:52:47,497 - pyskl - INFO - Epoch [15][5000/6265]	lr: 3.466e-04, eta: 6:48:44, time: 2.828, data_time: 0.000, memory: 5243, top1_acc: 0.9475, top5_acc: 0.9828, loss_cls: 0.1971, loss: 0.1971
2026-09-17 14:57:30,057 - pyskl - INFO - Epoch [15][5100/6265]	lr: 3.375e-04, eta: 6:43:15, time: 2.826, data_time: 0.000, memory: 5243, top1_acc: 0.9497, top5_acc: 0.9869, loss_cls: 0.1874, loss: 0.1874
2026-09-17 15:02:12,106 - pyskl - INFO - Epoch [15][5200/6265]	lr: 3.285e-04, eta: 6:37:46, time: 2.820, data_time: 0.000, memory: 5243, top1_acc: 0.9503, top5_acc: 0.9872, loss_cls: 0.1851, loss: 0.1851
2026-09-17 15:06:54,878 - pyskl - INFO - Epoch [15][5300/6265]	lr: 3.196e-04, eta: 6:32:17, time: 2.828, data_time: 0.000, memory: 5243, top1_acc: 0.9506, top5_acc: 0.9866, loss_cls: 0.1819, loss: 0.1819
2026-09-17 15:11:37,632 - pyskl - INFO - Epoch [15][5400/6265]	lr: 3.109e-04, eta: 6:26:48, time: 2.828, data_time: 0.000, memory: 5243, top1_acc: 0.9491, top5_acc: 0.9862, loss_cls: 0.1741, loss: 0.1741
2026-09-17 15:16:20,033 - pyskl - INFO - Epoch [15][5500/6265]	lr: 3.023e-04, eta: 6:21:20, time: 2.824, data_time: 0.000, memory: 5243, top1_acc: 0.9491, top5_acc: 0.9850, loss_cls: 0.1892, loss: 0.1892
2026-09-17 15:21:02,142 - pyskl - INFO - Epoch [15][5600/6265]	lr: 2.938e-04, eta: 6:15:51, time: 2.821, data_time: 0.000, memory: 5243, top1_acc: 0.9403, top5_acc: 0.9812, loss_cls: 0.2093, loss: 0.2093
2026-09-17 15:25:44,354 - pyskl - INFO - Epoch [15][5700/6265]	lr: 2.854e-04, eta: 6:10:22, time: 2.822, data_time: 0.000, memory: 5243, top1_acc: 0.9525, top5_acc: 0.9856, loss_cls: 0.1819, loss: 0.1819
2026-09-17 15:30:27,141 - pyskl - INFO - Epoch [15][5800/6265]	lr: 2.771e-04, eta: 6:04:54, time: 2.828, data_time: 0.000, memory: 5243, top1_acc: 0.9544, top5_acc: 0.9838, loss_cls: 0.1859, loss: 0.1859
2026-09-17 15:35:10,194 - pyskl - INFO - Epoch [15][5900/6265]	lr: 2.690e-04, eta: 5:59:26, time: 2.831, data_time: 0.000, memory: 5243, top1_acc: 0.9569, top5_acc: 0.9856, loss_cls: 0.1699, loss: 0.1699
2026-09-17 15:39:52,672 - pyskl - INFO - Epoch [15][6000/6265]	lr: 2.609e-04, eta: 5:53:57, time: 2.825, data_time: 0.000, memory: 5243, top1_acc: 0.9591, top5_acc: 0.9894, loss_cls: 0.1587, loss: 0.1587
2026-09-17 15:44:35,239 - pyskl - INFO - Epoch [15][6100/6265]	lr: 2.530e-04, eta: 5:48:29, time: 2.826, data_time: 0.000, memory: 5243, top1_acc: 0.9500, top5_acc: 0.9853, loss_cls: 0.1859, loss: 0.1859
2026-09-17 15:49:17,371 - pyskl - INFO - Epoch [15][6200/6265]	lr: 2.453e-04, eta: 5:43:01, time: 2.821, data_time: 0.000, memory: 5243, top1_acc: 0.9441, top5_acc: 0.9831, loss_cls: 0.1918, loss: 0.1918
2026-09-17 15:52:19,111 - pyskl - INFO - Saving checkpoint at 15 epochs
2026-09-17 16:12:55,606 - pyskl - INFO - Evaluating top_k_accuracy ...
2026-09-17 16:12:55,647 - pyskl - INFO - 
top1_acc	0.8892
top5_acc	0.9802
2026-09-17 16:12:55,649 - pyskl - INFO - The previous best checkpoint D:\YxjProject\pythonProject\pyskl\work_dirs\aug_baseline\b_aug\stgcnpp_j\seed255\best_top1_acc_epoch_14.pth was removed
2026-09-17 16:12:55,771 - pyskl - INFO - Now best checkpoint is saved as best_top1_acc_epoch_15.pth.
2026-09-17 16:12:55,772 - pyskl - INFO - Best top1_acc is 0.8892 at 15 epoch.
2026-09-17 16:12:55,773 - pyskl - INFO - Epoch(val) [15][516]	top1_acc: 0.8892, top5_acc: 0.9802
2026-09-17 16:17:47,186 - pyskl - INFO - Epoch [16][100/6265]	lr: 2.327e-04, eta: 5:33:48, time: 2.914, data_time: 0.085, memory: 5243, top1_acc: 0.9519, top5_acc: 0.9841, loss_cls: 0.1880, loss: 0.1880
2026-09-17 16:22:29,888 - pyskl - INFO - Epoch [16][200/6265]	lr: 2.252e-04, eta: 5:28:21, time: 2.827, data_time: 0.000, memory: 5243, top1_acc: 0.9531, top5_acc: 0.9881, loss_cls: 0.1710, loss: 0.1710
2026-09-17 16:27:12,722 - pyskl - INFO - Epoch [16][300/6265]	lr: 2.179e-04, eta: 5:22:53, time: 2.828, data_time: 0.000, memory: 5243, top1_acc: 0.9513, top5_acc: 0.9828, loss_cls: 0.1916, loss: 0.1916
2026-09-17 16:31:55,080 - pyskl - INFO - Epoch [16][400/6265]	lr: 2.106e-04, eta: 5:17:26, time: 2.824, data_time: 0.000, memory: 5243, top1_acc: 0.9537, top5_acc: 0.9841, loss_cls: 0.1825, loss: 0.1825
2026-09-17 16:36:37,730 - pyskl - INFO - Epoch [16][500/6265]	lr: 2.035e-04, eta: 5:11:59, time: 2.827, data_time: 0.000, memory: 5243, top1_acc: 0.9559, top5_acc: 0.9884, loss_cls: 0.1656, loss: 0.1656
2026-09-17 16:41:20,456 - pyskl - INFO - Epoch [16][600/6265]	lr: 1.966e-04, eta: 5:06:31, time: 2.827, data_time: 0.000, memory: 5243, top1_acc: 0.9491, top5_acc: 0.9872, loss_cls: 0.1777, loss: 0.1777
2026-09-17 16:46:03,640 - pyskl - INFO - Epoch [16][700/6265]	lr: 1.897e-04, eta: 5:01:04, time: 2.832, data_time: 0.000, memory: 5243, top1_acc: 0.9522, top5_acc: 0.9872, loss_cls: 0.1791, loss: 0.1791
2026-09-17 16:50:49,735 - pyskl - INFO - Epoch [16][800/6265]	lr: 1.830e-04, eta: 4:55:37, time: 2.861, data_time: 0.000, memory: 5243, top1_acc: 0.9513, top5_acc: 0.9878, loss_cls: 0.1747, loss: 0.1747
2026-09-17 16:55:32,825 - pyskl - INFO - Epoch [16][900/6265]	lr: 1.763e-04, eta: 4:50:11, time: 2.831, data_time: 0.000, memory: 5243, top1_acc: 0.9519, top5_acc: 0.9850, loss_cls: 0.1836, loss: 0.1836
2026-09-17 17:00:15,471 - pyskl - INFO - Epoch [16][1000/6265]	lr: 1.699e-04, eta: 4:44:44, time: 2.826, data_time: 0.000, memory: 5243, top1_acc: 0.9525, top5_acc: 0.9847, loss_cls: 0.1745, loss: 0.1745
2026-09-17 17:04:57,740 - pyskl - INFO - Epoch [16][1100/6265]	lr: 1.635e-04, eta: 4:39:17, time: 2.823, data_time: 0.000, memory: 5243, top1_acc: 0.9516, top5_acc: 0.9847, loss_cls: 0.1808, loss: 0.1808
2026-09-17 17:09:39,915 - pyskl - INFO - Epoch [16][1200/6265]	lr: 1.572e-04, eta: 4:33:50, time: 2.822, data_time: 0.000, memory: 5243, top1_acc: 0.9537, top5_acc: 0.9875, loss_cls: 0.1734, loss: 0.1734
2026-09-17 17:14:22,249 - pyskl - INFO - Epoch [16][1300/6265]	lr: 1.511e-04, eta: 4:28:24, time: 2.823, data_time: 0.000, memory: 5243, top1_acc: 0.9491, top5_acc: 0.9781, loss_cls: 0.2001, loss: 0.2001
2026-09-17 17:19:04,593 - pyskl - INFO - Epoch [16][1400/6265]	lr: 1.451e-04, eta: 4:22:57, time: 2.823, data_time: 0.000, memory: 5243, top1_acc: 0.9550, top5_acc: 0.9847, loss_cls: 0.1786, loss: 0.1786
2026-09-17 17:23:46,793 - pyskl - INFO - Epoch [16][1500/6265]	lr: 1.392e-04, eta: 4:17:31, time: 2.822, data_time: 0.000, memory: 5243, top1_acc: 0.9519, top5_acc: 0.9875, loss_cls: 0.1834, loss: 0.1834
2026-09-17 17:28:28,976 - pyskl - INFO - Epoch [16][1600/6265]	lr: 1.334e-04, eta: 4:12:04, time: 2.822, data_time: 0.000, memory: 5243, top1_acc: 0.9487, top5_acc: 0.9881, loss_cls: 0.1776, loss: 0.1776
2026-09-17 17:33:11,382 - pyskl - INFO - Epoch [16][1700/6265]	lr: 1.278e-04, eta: 4:06:38, time: 2.824, data_time: 0.000, memory: 5243, top1_acc: 0.9506, top5_acc: 0.9819, loss_cls: 0.1854, loss: 0.1854
2026-09-17 17:37:53,730 - pyskl - INFO - Epoch [16][1800/6265]	lr: 1.222e-04, eta: 4:01:12, time: 2.823, data_time: 0.000, memory: 5243, top1_acc: 0.9444, top5_acc: 0.9844, loss_cls: 0.1987, loss: 0.1987
2026-09-17 17:42:36,331 - pyskl - INFO - Epoch [16][1900/6265]	lr: 1.168e-04, eta: 3:55:46, time: 2.826, data_time: 0.000, memory: 5243, top1_acc: 0.9550, top5_acc: 0.9853, loss_cls: 0.1781, loss: 0.1781
2026-09-17 17:47:18,908 - pyskl - INFO - Epoch [16][2000/6265]	lr: 1.116e-04, eta: 3:50:20, time: 2.826, data_time: 0.000, memory: 5243, top1_acc: 0.9569, top5_acc: 0.9834, loss_cls: 0.1745, loss: 0.1745
2026-09-17 17:52:01,680 - pyskl - INFO - Epoch [16][2100/6265]	lr: 1.064e-04, eta: 3:44:54, time: 2.828, data_time: 0.000, memory: 5243, top1_acc: 0.9519, top5_acc: 0.9850, loss_cls: 0.1806, loss: 0.1806
2026-09-17 17:56:44,208 - pyskl - INFO - Epoch [16][2200/6265]	lr: 1.014e-04, eta: 3:39:29, time: 2.825, data_time: 0.000, memory: 5243, top1_acc: 0.9513, top5_acc: 0.9894, loss_cls: 0.1704, loss: 0.1704
2026-09-17 18:01:26,652 - pyskl - INFO - Epoch [16][2300/6265]	lr: 9.644e-05, eta: 3:34:03, time: 2.824, data_time: 0.000, memory: 5243, top1_acc: 0.9513, top5_acc: 0.9869, loss_cls: 0.1731, loss: 0.1731
2026-09-17 18:06:09,924 - pyskl - INFO - Epoch [16][2400/6265]	lr: 9.164e-05, eta: 3:28:37, time: 2.833, data_time: 0.000, memory: 5243, top1_acc: 0.9572, top5_acc: 0.9878, loss_cls: 0.1548, loss: 0.1548
2026-09-17 18:10:52,234 - pyskl - INFO - Epoch [16][2500/6265]	lr: 8.697e-05, eta: 3:23:12, time: 2.823, data_time: 0.000, memory: 5243, top1_acc: 0.9572, top5_acc: 0.9862, loss_cls: 0.1612, loss: 0.1612
2026-09-17 18:15:34,553 - pyskl - INFO - Epoch [16][2600/6265]	lr: 8.241e-05, eta: 3:17:46, time: 2.823, data_time: 0.000, memory: 5243, top1_acc: 0.9472, top5_acc: 0.9834, loss_cls: 0.1894, loss: 0.1894
2026-09-17 18:20:17,639 - pyskl - INFO - Epoch [16][2700/6265]	lr: 7.798e-05, eta: 3:12:21, time: 2.831, data_time: 0.000, memory: 5243, top1_acc: 0.9513, top5_acc: 0.9881, loss_cls: 0.1763, loss: 0.1763
2026-09-17 18:25:01,501 - pyskl - INFO - Epoch [16][2800/6265]	lr: 7.368e-05, eta: 3:06:56, time: 2.839, data_time: 0.000, memory: 5243, top1_acc: 0.9556, top5_acc: 0.9872, loss_cls: 0.1659, loss: 0.1659
2026-09-17 18:29:44,637 - pyskl - INFO - Epoch [16][2900/6265]	lr: 6.949e-05, eta: 3:01:31, time: 2.831, data_time: 0.000, memory: 5243, top1_acc: 0.9491, top5_acc: 0.9834, loss_cls: 0.1831, loss: 0.1831
2026-09-17 18:34:27,791 - pyskl - INFO - Epoch [16][3000/6265]	lr: 6.543e-05, eta: 2:56:06, time: 2.832, data_time: 0.000, memory: 5243, top1_acc: 0.9569, top5_acc: 0.9859, loss_cls: 0.1735, loss: 0.1735
2026-09-17 18:39:10,858 - pyskl - INFO - Epoch [16][3100/6265]	lr: 6.148e-05, eta: 2:50:41, time: 2.831, data_time: 0.000, memory: 5243, top1_acc: 0.9544, top5_acc: 0.9866, loss_cls: 0.1687, loss: 0.1687
2026-09-17 18:43:54,424 - pyskl - INFO - Epoch [16][3200/6265]	lr: 5.766e-05, eta: 2:45:16, time: 2.836, data_time: 0.000, memory: 5243, top1_acc: 0.9506, top5_acc: 0.9841, loss_cls: 0.1861, loss: 0.1861
2026-09-17 18:48:38,053 - pyskl - INFO - Epoch [16][3300/6265]	lr: 5.397e-05, eta: 2:39:51, time: 2.836, data_time: 0.000, memory: 5243, top1_acc: 0.9537, top5_acc: 0.9869, loss_cls: 0.1696, loss: 0.1696
2026-09-17 18:53:21,457 - pyskl - INFO - Epoch [16][3400/6265]	lr: 5.039e-05, eta: 2:34:27, time: 2.834, data_time: 0.000, memory: 5243, top1_acc: 0.9541, top5_acc: 0.9856, loss_cls: 0.1763, loss: 0.1763
2026-09-17 18:58:04,754 - pyskl - INFO - Epoch [16][3500/6265]	lr: 4.694e-05, eta: 2:29:02, time: 2.833, data_time: 0.000, memory: 5243, top1_acc: 0.9506, top5_acc: 0.9828, loss_cls: 0.1897, loss: 0.1897
2026-09-17 19:02:48,103 - pyskl - INFO - Epoch [16][3600/6265]	lr: 4.361e-05, eta: 2:23:37, time: 2.833, data_time: 0.000, memory: 5243, top1_acc: 0.9578, top5_acc: 0.9872, loss_cls: 0.1626, loss: 0.1626
2026-09-17 19:07:30,882 - pyskl - INFO - Epoch [16][3700/6265]	lr: 4.040e-05, eta: 2:18:13, time: 2.828, data_time: 0.000, memory: 5243, top1_acc: 0.9525, top5_acc: 0.9875, loss_cls: 0.1706, loss: 0.1706
2026-09-17 19:12:14,349 - pyskl - INFO - Epoch [16][3800/6265]	lr: 3.731e-05, eta: 2:12:49, time: 2.835, data_time: 0.000, memory: 5243, top1_acc: 0.9534, top5_acc: 0.9872, loss_cls: 0.1632, loss: 0.1632
2026-09-17 19:16:57,427 - pyskl - INFO - Epoch [16][3900/6265]	lr: 3.435e-05, eta: 2:07:24, time: 2.831, data_time: 0.000, memory: 5243, top1_acc: 0.9603, top5_acc: 0.9894, loss_cls: 0.1485, loss: 0.1485
2026-09-17 19:21:40,254 - pyskl - INFO - Epoch [16][4000/6265]	lr: 3.151e-05, eta: 2:02:00, time: 2.828, data_time: 0.000, memory: 5243, top1_acc: 0.9578, top5_acc: 0.9850, loss_cls: 0.1690, loss: 0.1690
2026-09-17 19:26:31,901 - pyskl - INFO - Epoch [16][4100/6265]	lr: 2.879e-05, eta: 1:56:36, time: 2.916, data_time: 0.000, memory: 5243, top1_acc: 0.9528, top5_acc: 0.9859, loss_cls: 0.1641, loss: 0.1641
2026-09-17 19:31:14,929 - pyskl - INFO - Epoch [16][4200/6265]	lr: 2.619e-05, eta: 1:51:12, time: 2.830, data_time: 0.000, memory: 5243, top1_acc: 0.9569, top5_acc: 0.9894, loss_cls: 0.1603, loss: 0.1603
2026-09-17 19:35:57,539 - pyskl - INFO - Epoch [16][4300/6265]	lr: 2.372e-05, eta: 1:45:48, time: 2.826, data_time: 0.000, memory: 5243, top1_acc: 0.9513, top5_acc: 0.9856, loss_cls: 0.1757, loss: 0.1757
2026-09-17 19:40:40,246 - pyskl - INFO - Epoch [16][4400/6265]	lr: 2.137e-05, eta: 1:40:24, time: 2.827, data_time: 0.000, memory: 5243, top1_acc: 0.9425, top5_acc: 0.9844, loss_cls: 0.2017, loss: 0.2017
2026-09-17 19:45:22,949 - pyskl - INFO - Epoch [16][4500/6265]	lr: 1.914e-05, eta: 1:35:01, time: 2.827, data_time: 0.000, memory: 5243, top1_acc: 0.9484, top5_acc: 0.9850, loss_cls: 0.1885, loss: 0.1885
2026-09-17 19:50:06,607 - pyskl - INFO - Epoch [16][4600/6265]	lr: 1.704e-05, eta: 1:29:37, time: 2.837, data_time: 0.000, memory: 5243, top1_acc: 0.9494, top5_acc: 0.9838, loss_cls: 0.1801, loss: 0.1801
2026-09-17 19:54:51,497 - pyskl - INFO - Epoch [16][4700/6265]	lr: 1.505e-05, eta: 1:24:13, time: 2.849, data_time: 0.000, memory: 5243, top1_acc: 0.9509, top5_acc: 0.9866, loss_cls: 0.1713, loss: 0.1713
2026-09-17 19:59:34,511 - pyskl - INFO - Epoch [16][4800/6265]	lr: 1.319e-05, eta: 1:18:50, time: 2.830, data_time: 0.000, memory: 5243, top1_acc: 0.9531, top5_acc: 0.9853, loss_cls: 0.1724, loss: 0.1724
2026-09-17 20:04:17,195 - pyskl - INFO - Epoch [16][4900/6265]	lr: 1.145e-05, eta: 1:13:26, time: 2.827, data_time: 0.000, memory: 5243, top1_acc: 0.9541, top5_acc: 0.9841, loss_cls: 0.1722, loss: 0.1722
2026-09-17 20:09:00,043 - pyskl - INFO - Epoch [16][5000/6265]	lr: 9.838e-06, eta: 1:08:03, time: 2.828, data_time: 0.000, memory: 5243, top1_acc: 0.9459, top5_acc: 0.9809, loss_cls: 0.1963, loss: 0.1963
2026-09-17 20:13:43,369 - pyskl - INFO - Epoch [16][5100/6265]	lr: 8.345e-06, eta: 1:02:40, time: 2.833, data_time: 0.000, memory: 5243, top1_acc: 0.9544, top5_acc: 0.9844, loss_cls: 0.1709, loss: 0.1709
2026-09-17 20:18:26,335 - pyskl - INFO - Epoch [16][5200/6265]	lr: 6.975e-06, eta: 0:57:17, time: 2.830, data_time: 0.000, memory: 5243, top1_acc: 0.9472, top5_acc: 0.9822, loss_cls: 0.1940, loss: 0.1940
2026-09-17 20:23:09,695 - pyskl - INFO - Epoch [16][5300/6265]	lr: 5.728e-06, eta: 0:51:54, time: 2.834, data_time: 0.000, memory: 5243, top1_acc: 0.9469, top5_acc: 0.9869, loss_cls: 0.1858, loss: 0.1858
2026-09-17 20:27:52,724 - pyskl - INFO - Epoch [16][5400/6265]	lr: 4.604e-06, eta: 0:46:30, time: 2.830, data_time: 0.000, memory: 5243, top1_acc: 0.9528, top5_acc: 0.9841, loss_cls: 0.1823, loss: 0.1823
2026-09-17 20:32:35,023 - pyskl - INFO - Epoch [16][5500/6265]	lr: 3.602e-06, eta: 0:41:07, time: 2.823, data_time: 0.000, memory: 5243, top1_acc: 0.9472, top5_acc: 0.9856, loss_cls: 0.1869, loss: 0.1869
2026-09-17 20:37:17,427 - pyskl - INFO - Epoch [16][5600/6265]	lr: 2.723e-06, eta: 0:35:45, time: 2.824, data_time: 0.000, memory: 5243, top1_acc: 0.9534, top5_acc: 0.9841, loss_cls: 0.1759, loss: 0.1759
2026-09-17 20:42:00,096 - pyskl - INFO - Epoch [16][5700/6265]	lr: 1.967e-06, eta: 0:30:22, time: 2.827, data_time: 0.000, memory: 5243, top1_acc: 0.9534, top5_acc: 0.9866, loss_cls: 0.1697, loss: 0.1697
2026-09-17 20:46:42,863 - pyskl - INFO - Epoch [16][5800/6265]	lr: 1.333e-06, eta: 0:24:59, time: 2.828, data_time: 0.000, memory: 5243, top1_acc: 0.9519, top5_acc: 0.9884, loss_cls: 0.1686, loss: 0.1686
2026-09-17 20:51:25,223 - pyskl - INFO - Epoch [16][5900/6265]	lr: 8.223e-07, eta: 0:19:36, time: 2.824, data_time: 0.000, memory: 5243, top1_acc: 0.9475, top5_acc: 0.9834, loss_cls: 0.1857, loss: 0.1857
2026-09-17 20:56:07,695 - pyskl - INFO - Epoch [16][6000/6265]	lr: 4.344e-07, eta: 0:14:14, time: 2.825, data_time: 0.000, memory: 5243, top1_acc: 0.9487, top5_acc: 0.9869, loss_cls: 0.1794, loss: 0.1794
2026-09-17 21:00:49,883 - pyskl - INFO - Epoch [16][6100/6265]	lr: 1.692e-07, eta: 0:08:51, time: 2.822, data_time: 0.000, memory: 5243, top1_acc: 0.9509, top5_acc: 0.9844, loss_cls: 0.1773, loss: 0.1773
2026-09-17 21:05:32,106 - pyskl - INFO - Epoch [16][6200/6265]	lr: 2.674e-08, eta: 0:03:29, time: 2.822, data_time: 0.000, memory: 5243, top1_acc: 0.9556, top5_acc: 0.9884, loss_cls: 0.1694, loss: 0.1694
2026-09-17 21:08:34,043 - pyskl - INFO - Saving checkpoint at 16 epochs
2026-09-17 21:29:14,361 - pyskl - INFO - Evaluating top_k_accuracy ...
2026-09-17 21:29:14,403 - pyskl - INFO - 
top1_acc	0.8915
top5_acc	0.9813
2026-09-17 21:29:14,405 - pyskl - INFO - The previous best checkpoint D:\YxjProject\pythonProject\pyskl\work_dirs\aug_baseline\b_aug\stgcnpp_j\seed255\best_top1_acc_epoch_15.pth was removed
2026-09-17 21:29:14,492 - pyskl - INFO - Now best checkpoint is saved as best_top1_acc_epoch_16.pth.
2026-09-17 21:29:14,493 - pyskl - INFO - Best top1_acc is 0.8915 at 16 epoch.
2026-09-17 21:29:14,494 - pyskl - INFO - Epoch(val) [16][516]	top1_acc: 0.8915, top5_acc: 0.9813
2026-09-17 21:29:25,243 - pyskl - INFO - 16487 videos remain after valid thresholding
2026-09-17 21:29:25,244 - pyskl - INFO - load checkpoint from local path: ./work_dirs/aug_baseline/b_aug/stgcnpp_j/seed255\best_top1_acc_epoch_16.pth
2026-09-18 01:56:22,086 - pyskl - INFO - Testing results of the best checkpoint
2026-09-18 01:56:22,086 - pyskl - INFO - top1_acc: 0.8954
2026-09-18 01:56:22,086 - pyskl - INFO - top5_acc: 0.9823
