2026-08-24 14:07:23,638 - pyskl - INFO - Environment info:
------------------------------------------------------------
sys.platform: win32
Python: 3.10.20 | packaged by Anaconda, Inc. | (main, Jun 11 2026, 15:13:20) [MSC v.1942 64 bit (AMD64)]
CUDA available: True
GPU 0: NVIDIA GeForce RTX 4090
CUDA_HOME: C:\Program Files\NVIDIA GPU Computing Toolkit\CUDA\v12.6
NVCC: Cuda compilation tools, release 12.6, V12.6.20
MSVC: 用于 x64 的 Microsoft (R) C/C++ 优化编译器 19.41.34120 版
GCC: n/a
PyTorch: 1.12.1
PyTorch compiling details: PyTorch built with:
  - C++ Version: 199711
  - MSVC 192829337
  - Intel(R) Math Kernel Library Version 2020.0.2 Product Build 20200624 for Intel(R) 64 architecture applications
  - Intel(R) MKL-DNN v2.6.0 (Git Hash 52b5f107dd9cf10910aaa19cb47f3abf9b349815)
  - OpenMP 2019
  - LAPACK is enabled (usually provided by MKL)
  - CPU capability usage: AVX2
  - CUDA Runtime 11.3
  - NVCC architecture flags: -gencode;arch=compute_37,code=sm_37;-gencode;arch=compute_50,code=sm_50;-gencode;arch=compute_60,code=sm_60;-gencode;arch=compute_61,code=sm_61;-gencode;arch=compute_70,code=sm_70;-gencode;arch=compute_75,code=sm_75;-gencode;arch=compute_80,code=sm_80;-gencode;arch=compute_86,code=sm_86;-gencode;arch=compute_37,code=compute_37
  - CuDNN 8.3.2  (built against CUDA 11.5)
  - Magma 2.5.4
  - Build settings: BLAS_INFO=mkl, BUILD_TYPE=Release, CUDA_VERSION=11.3, CUDNN_VERSION=8.3.2, CXX_COMPILER=C:/cb/pytorch_1000000000000/work/tmp_bin/sccache-cl.exe, CXX_FLAGS=/DWIN32 /D_WINDOWS /GR /EHsc /w /bigobj -DUSE_PTHREADPOOL -openmp:experimental -IC:/cb/pytorch_1000000000000/work/mkl/include -DNDEBUG -DUSE_KINETO -DLIBKINETO_NOCUPTI -DUSE_FBGEMM -DUSE_XNNPACK -DSYMBOLICATE_MOBILE_DEBUG_HANDLE -DEDGE_PROFILER_USE_KINETO, LAPACK_INFO=mkl, PERF_WITH_AVX=1, PERF_WITH_AVX2=1, PERF_WITH_AVX512=1, TORCH_VERSION=1.12.1, USE_CUDA=ON, USE_CUDNN=ON, USE_EXCEPTION_PTR=1, USE_GFLAGS=OFF, USE_GLOG=OFF, USE_MKL=ON, USE_MKLDNN=OFF, USE_MPI=OFF, USE_NCCL=OFF, USE_NNPACK=OFF, USE_OPENMP=ON, USE_ROCM=OFF, 

TorchVision: 0.13.1
OpenCV: 5.0.0
MMCV: 1.7.0
MMCV Compiler: MSVC 192829924
MMCV CUDA Compiler: 11.3
pyskl: 0.1.0+unknown
------------------------------------------------------------

2026-08-24 14:07:23,751 - pyskl - INFO - Config: model = dict(
    type='RecognizerGCN',
    backbone=dict(
        type='STGCN',
        gcn_adaptive='init',
        gcn_with_res=True,
        tcn_type='mstcn',
        graph_cfg=dict(layout='nturgb+d', mode='spatial')),
    cls_head=dict(type='GCNHead', num_classes=60, in_channels=256))
dataset_type = 'PoseDataset'
ann_file = 'data/nturgbd/ntu60_inner_split.pkl'
train_pipeline = [
    dict(type='PreNormalize3D'),
    dict(
        type='RandomSkeletonDegrade',
        degrade_type='random_single',
        prob=1.0,
        dataset='nturgb+d',
        severity_sampling='S3'),
    dict(type='GenSkeFeat', dataset='nturgb+d', feats=['j']),
    dict(type='UniformSample', clip_len=100),
    dict(type='PoseDecode'),
    dict(type='FormatGCNInput', num_person=2),
    dict(type='Collect', keys=['keypoint', 'label'], meta_keys=[]),
    dict(type='ToTensor', keys=['keypoint'])
]
val_pipeline = [
    dict(type='PreNormalize3D'),
    dict(type='GenSkeFeat', dataset='nturgb+d', feats=['j']),
    dict(type='UniformSample', clip_len=100, num_clips=1),
    dict(type='PoseDecode'),
    dict(type='FormatGCNInput', num_person=2),
    dict(type='Collect', keys=['keypoint', 'label'], meta_keys=[]),
    dict(type='ToTensor', keys=['keypoint'])
]
test_pipeline = [
    dict(type='PreNormalize3D'),
    dict(type='GenSkeFeat', dataset='nturgb+d', feats=['j']),
    dict(type='UniformSample', clip_len=100, num_clips=10, seed=255),
    dict(type='PoseDecode'),
    dict(type='FormatGCNInput', num_person=2),
    dict(type='Collect', keys=['keypoint', 'label'], meta_keys=[]),
    dict(type='ToTensor', keys=['keypoint'])
]
data = dict(
    videos_per_gpu=32,
    workers_per_gpu=2,
    test_dataloader=dict(videos_per_gpu=1),
    train=dict(
        type='RepeatDataset',
        times=5,
        dataset=dict(
            type='PoseDataset',
            ann_file='data/nturgbd/ntu60_inner_split.pkl',
            pipeline=[
                dict(type='PreNormalize3D'),
                dict(
                    type='RandomSkeletonDegrade',
                    degrade_type='random_single',
                    prob=1.0,
                    dataset='nturgb+d',
                    severity_sampling='S3'),
                dict(type='GenSkeFeat', dataset='nturgb+d', feats=['j']),
                dict(type='UniformSample', clip_len=100),
                dict(type='PoseDecode'),
                dict(type='FormatGCNInput', num_person=2),
                dict(type='Collect', keys=['keypoint', 'label'], meta_keys=[]),
                dict(type='ToTensor', keys=['keypoint'])
            ],
            split='inner_train')),
    val=dict(
        type='PoseDataset',
        ann_file='data/nturgbd/ntu60_inner_split.pkl',
        pipeline=[
            dict(type='PreNormalize3D'),
            dict(type='GenSkeFeat', dataset='nturgb+d', feats=['j']),
            dict(type='UniformSample', clip_len=100, num_clips=1),
            dict(type='PoseDecode'),
            dict(type='FormatGCNInput', num_person=2),
            dict(type='Collect', keys=['keypoint', 'label'], meta_keys=[]),
            dict(type='ToTensor', keys=['keypoint'])
        ],
        split='inner_val'),
    test=dict(
        type='PoseDataset',
        ann_file='data/nturgbd/ntu60_inner_split.pkl',
        pipeline=[
            dict(type='PreNormalize3D'),
            dict(type='GenSkeFeat', dataset='nturgb+d', feats=['j']),
            dict(type='UniformSample', clip_len=100, num_clips=10, seed=255),
            dict(type='PoseDecode'),
            dict(type='FormatGCNInput', num_person=2),
            dict(type='Collect', keys=['keypoint', 'label'], meta_keys=[]),
            dict(type='ToTensor', keys=['keypoint'])
        ],
        split='inner_val'))
optimizer = dict(
    type='SGD', lr=0.025, momentum=0.9, weight_decay=0.0005, nesterov=True)
optimizer_config = dict(grad_clip=None)
lr_config = dict(policy='CosineAnnealing', min_lr=0, by_epoch=False)
total_epochs = 16
checkpoint_config = dict(interval=1)
evaluation = dict(interval=1, metrics=['top_k_accuracy'])
log_config = dict(interval=100, hooks=[dict(type='TextLoggerHook')])
log_level = 'INFO'
work_dir = './work_dirs/aug_baseline/stgcnpp_j/train/A5_random_single'
dist_params = dict(backend='gloo')
gpu_ids = range(0, 1)

2026-08-24 14:07:23,752 - pyskl - INFO - Set random seed to 255, deterministic: True
2026-08-24 14:07:31,478 - pyskl - INFO - 35436 videos remain after valid thresholding
2026-08-24 14:07:42,795 - pyskl - INFO - 4655 videos remain after valid thresholding
2026-08-24 14:07:42,795 - pyskl - INFO - Start running, host: Administrator@D412-ASUS4090, work_dir: D:\YxjProject\pythonProject\pyskl\work_dirs\aug_baseline\stgcnpp_j\train\A5_random_single
2026-08-24 14:07:42,795 - pyskl - INFO - Hooks will be executed in the following order:
before_run:
(VERY_HIGH   ) CosineAnnealingLrUpdaterHook       
(NORMAL      ) CheckpointHook                     
(NORMAL      ) DistEvalHook                       
(VERY_LOW    ) TextLoggerHook                     
 -------------------- 
before_train_epoch:
(VERY_HIGH   ) CosineAnnealingLrUpdaterHook       
(NORMAL      ) DistSamplerSeedHook                
(NORMAL      ) DistEvalHook                       
(LOW         ) IterTimerHook                      
(VERY_LOW    ) TextLoggerHook                     
 -------------------- 
before_train_iter:
(VERY_HIGH   ) CosineAnnealingLrUpdaterHook       
(NORMAL      ) DistEvalHook                       
(LOW         ) IterTimerHook                      
 -------------------- 
after_train_iter:
(ABOVE_NORMAL) OptimizerHook                      
(NORMAL      ) CheckpointHook                     
(NORMAL      ) DistEvalHook                       
(LOW         ) IterTimerHook                      
(VERY_LOW    ) TextLoggerHook                     
 -------------------- 
after_train_epoch:
(NORMAL      ) CheckpointHook                     
(NORMAL      ) DistEvalHook                       
(VERY_LOW    ) TextLoggerHook                     
 -------------------- 
before_val_epoch:
(NORMAL      ) DistSamplerSeedHook                
(LOW         ) IterTimerHook                      
(VERY_LOW    ) TextLoggerHook                     
 -------------------- 
before_val_iter:
(LOW         ) IterTimerHook                      
 -------------------- 
after_val_iter:
(LOW         ) IterTimerHook                      
 -------------------- 
after_val_epoch:
(VERY_LOW    ) TextLoggerHook                     
 -------------------- 
after_run:
(VERY_LOW    ) TextLoggerHook                     
 -------------------- 
2026-08-24 14:07:42,796 - pyskl - INFO - workflow: [('train', 1)], max: 16 epochs
2026-08-24 14:07:42,797 - pyskl - INFO - Checkpoints will be saved to D:\YxjProject\pythonProject\pyskl\work_dirs\aug_baseline\stgcnpp_j\train\A5_random_single by HardDiskBackend.
2026-08-24 14:12:13,429 - pyskl - INFO - Epoch [1][100/5537]	lr: 2.500e-02, eta: 2 days, 18:31:26, time: 2.706, data_time: 0.077, memory: 5243, top1_acc: 0.0425, top5_acc: 0.1772, loss_cls: 3.8495, loss: 3.8495
2026-08-24 14:16:31,728 - pyskl - INFO - Epoch [1][200/5537]	lr: 2.500e-02, eta: 2 days, 16:56:05, time: 2.583, data_time: 0.000, memory: 5243, top1_acc: 0.0931, top5_acc: 0.3116, loss_cls: 3.4650, loss: 3.4650
2026-08-24 14:20:45,440 - pyskl - INFO - Epoch [1][300/5537]	lr: 2.500e-02, eta: 2 days, 15:58:56, time: 2.537, data_time: 0.000, memory: 5243, top1_acc: 0.1356, top5_acc: 0.3706, loss_cls: 3.2351, loss: 3.2351
2026-08-24 14:25:00,916 - pyskl - INFO - Epoch [1][400/5537]	lr: 2.500e-02, eta: 2 days, 15:34:43, time: 2.555, data_time: 0.000, memory: 5243, top1_acc: 0.1625, top5_acc: 0.4609, loss_cls: 3.0043, loss: 3.0043
2026-08-24 14:29:15,534 - pyskl - INFO - Epoch [1][500/5537]	lr: 2.500e-02, eta: 2 days, 15:15:58, time: 2.546, data_time: 0.000, memory: 5243, top1_acc: 0.2075, top5_acc: 0.5603, loss_cls: 2.7730, loss: 2.7730
2026-08-24 14:33:30,414 - pyskl - INFO - Epoch [1][600/5537]	lr: 2.500e-02, eta: 2 days, 15:02:42, time: 2.549, data_time: 0.000, memory: 5243, top1_acc: 0.2512, top5_acc: 0.5828, loss_cls: 2.6353, loss: 2.6353
2026-08-24 14:37:45,282 - pyskl - INFO - Epoch [1][700/5537]	lr: 2.500e-02, eta: 2 days, 14:51:59, time: 2.549, data_time: 0.000, memory: 5243, top1_acc: 0.2812, top5_acc: 0.6525, loss_cls: 2.4670, loss: 2.4670
2026-08-24 14:42:00,023 - pyskl - INFO - Epoch [1][800/5537]	lr: 2.499e-02, eta: 2 days, 14:42:39, time: 2.547, data_time: 0.000, memory: 5243, top1_acc: 0.3050, top5_acc: 0.6828, loss_cls: 2.3831, loss: 2.3831
2026-08-24 14:46:14,453 - pyskl - INFO - Epoch [1][900/5537]	lr: 2.499e-02, eta: 2 days, 14:33:56, time: 2.544, data_time: 0.000, memory: 5243, top1_acc: 0.3303, top5_acc: 0.7078, loss_cls: 2.2836, loss: 2.2836
2026-08-24 14:50:27,930 - pyskl - INFO - Epoch [1][1000/5537]	lr: 2.499e-02, eta: 2 days, 14:24:44, time: 2.535, data_time: 0.000, memory: 5243, top1_acc: 0.3447, top5_acc: 0.7272, loss_cls: 2.2373, loss: 2.2373
2026-08-24 14:54:42,816 - pyskl - INFO - Epoch [1][1100/5537]	lr: 2.499e-02, eta: 2 days, 14:18:18, time: 2.549, data_time: 0.000, memory: 5243, top1_acc: 0.3803, top5_acc: 0.7497, loss_cls: 2.1051, loss: 2.1051
2026-08-24 14:58:57,517 - pyskl - INFO - Epoch [1][1200/5537]	lr: 2.499e-02, eta: 2 days, 14:12:01, time: 2.547, data_time: 0.000, memory: 5243, top1_acc: 0.3862, top5_acc: 0.7622, loss_cls: 2.0603, loss: 2.0603
2026-08-24 15:03:11,407 - pyskl - INFO - Epoch [1][1300/5537]	lr: 2.499e-02, eta: 2 days, 14:05:07, time: 2.539, data_time: 0.000, memory: 5243, top1_acc: 0.3966, top5_acc: 0.7850, loss_cls: 1.9909, loss: 1.9909
2026-08-24 15:07:26,809 - pyskl - INFO - Epoch [1][1400/5537]	lr: 2.498e-02, eta: 2 days, 14:00:11, time: 2.554, data_time: 0.000, memory: 5243, top1_acc: 0.4281, top5_acc: 0.7906, loss_cls: 1.9302, loss: 1.9302
2026-08-24 15:11:41,378 - pyskl - INFO - Epoch [1][1500/5537]	lr: 2.498e-02, eta: 2 days, 13:54:32, time: 2.546, data_time: 0.000, memory: 5243, top1_acc: 0.4353, top5_acc: 0.8016, loss_cls: 1.8948, loss: 1.8948
2026-08-24 15:15:56,181 - pyskl - INFO - Epoch [1][1600/5537]	lr: 2.498e-02, eta: 2 days, 13:49:16, time: 2.548, data_time: 0.000, memory: 5243, top1_acc: 0.4519, top5_acc: 0.8103, loss_cls: 1.8383, loss: 1.8383
2026-08-24 15:20:09,808 - pyskl - INFO - Epoch [1][1700/5537]	lr: 2.498e-02, eta: 2 days, 13:43:07, time: 2.536, data_time: 0.000, memory: 5243, top1_acc: 0.4706, top5_acc: 0.8147, loss_cls: 1.7745, loss: 1.7745
2026-08-24 15:24:24,382 - pyskl - INFO - Epoch [1][1800/5537]	lr: 2.497e-02, eta: 2 days, 13:37:57, time: 2.546, data_time: 0.000, memory: 5243, top1_acc: 0.4637, top5_acc: 0.8219, loss_cls: 1.7600, loss: 1.7600
2026-08-24 15:28:39,116 - pyskl - INFO - Epoch [1][1900/5537]	lr: 2.497e-02, eta: 2 days, 13:33:00, time: 2.547, data_time: 0.000, memory: 5243, top1_acc: 0.4753, top5_acc: 0.8291, loss_cls: 1.7367, loss: 1.7367
2026-08-24 15:32:52,709 - pyskl - INFO - Epoch [1][2000/5537]	lr: 2.497e-02, eta: 2 days, 13:27:18, time: 2.536, data_time: 0.000, memory: 5243, top1_acc: 0.5000, top5_acc: 0.8269, loss_cls: 1.6573, loss: 1.6573
2026-08-24 15:37:07,630 - pyskl - INFO - Epoch [1][2100/5537]	lr: 2.497e-02, eta: 2 days, 13:22:39, time: 2.549, data_time: 0.000, memory: 5243, top1_acc: 0.4950, top5_acc: 0.8428, loss_cls: 1.6630, loss: 1.6630
2026-08-24 15:41:22,050 - pyskl - INFO - Epoch [1][2200/5537]	lr: 2.496e-02, eta: 2 days, 13:17:42, time: 2.544, data_time: 0.000, memory: 5243, top1_acc: 0.5003, top5_acc: 0.8322, loss_cls: 1.6676, loss: 1.6676
2026-08-24 15:45:36,820 - pyskl - INFO - Epoch [1][2300/5537]	lr: 2.496e-02, eta: 2 days, 13:13:02, time: 2.548, data_time: 0.000, memory: 5243, top1_acc: 0.5150, top5_acc: 0.8591, loss_cls: 1.5813, loss: 1.5813
2026-08-24 15:49:51,911 - pyskl - INFO - Epoch [1][2400/5537]	lr: 2.495e-02, eta: 2 days, 13:08:36, time: 2.551, data_time: 0.000, memory: 5243, top1_acc: 0.5197, top5_acc: 0.8506, loss_cls: 1.5674, loss: 1.5674
2026-08-24 15:54:06,920 - pyskl - INFO - Epoch [1][2500/5537]	lr: 2.495e-02, eta: 2 days, 13:04:08, time: 2.550, data_time: 0.000, memory: 5243, top1_acc: 0.5312, top5_acc: 0.8581, loss_cls: 1.5461, loss: 1.5461
2026-08-24 15:58:24,663 - pyskl - INFO - Epoch [1][2600/5537]	lr: 2.495e-02, eta: 2 days, 13:01:11, time: 2.577, data_time: 0.000, memory: 5243, top1_acc: 0.5297, top5_acc: 0.8553, loss_cls: 1.5305, loss: 1.5305
2026-08-24 16:02:38,675 - pyskl - INFO - Epoch [1][2700/5537]	lr: 2.494e-02, eta: 2 days, 12:56:10, time: 2.540, data_time: 0.000, memory: 5243, top1_acc: 0.5525, top5_acc: 0.8588, loss_cls: 1.5045, loss: 1.5045
2026-08-24 16:06:53,803 - pyskl - INFO - Epoch [1][2800/5537]	lr: 2.494e-02, eta: 2 days, 12:51:46, time: 2.551, data_time: 0.000, memory: 5243, top1_acc: 0.5475, top5_acc: 0.8556, loss_cls: 1.5131, loss: 1.5131
2026-08-24 16:11:09,472 - pyskl - INFO - Epoch [1][2900/5537]	lr: 2.493e-02, eta: 2 days, 12:47:39, time: 2.557, data_time: 0.000, memory: 5243, top1_acc: 0.5563, top5_acc: 0.8731, loss_cls: 1.4597, loss: 1.4597
2026-08-24 16:15:23,934 - pyskl - INFO - Epoch [1][3000/5537]	lr: 2.493e-02, eta: 2 days, 12:42:56, time: 2.545, data_time: 0.000, memory: 5243, top1_acc: 0.5459, top5_acc: 0.8681, loss_cls: 1.4787, loss: 1.4787
2026-08-24 16:19:38,562 - pyskl - INFO - Epoch [1][3100/5537]	lr: 2.492e-02, eta: 2 days, 12:38:21, time: 2.546, data_time: 0.000, memory: 5243, top1_acc: 0.5556, top5_acc: 0.8709, loss_cls: 1.4481, loss: 1.4481
2026-08-24 16:23:53,801 - pyskl - INFO - Epoch [1][3200/5537]	lr: 2.492e-02, eta: 2 days, 12:34:02, time: 2.552, data_time: 0.000, memory: 5243, top1_acc: 0.5769, top5_acc: 0.8759, loss_cls: 1.4138, loss: 1.4138
2026-08-24 16:28:08,482 - pyskl - INFO - Epoch [1][3300/5537]	lr: 2.491e-02, eta: 2 days, 12:29:30, time: 2.547, data_time: 0.000, memory: 5243, top1_acc: 0.5750, top5_acc: 0.8728, loss_cls: 1.4051, loss: 1.4051
2026-08-24 16:32:22,924 - pyskl - INFO - Epoch [1][3400/5537]	lr: 2.491e-02, eta: 2 days, 12:24:52, time: 2.544, data_time: 0.000, memory: 5243, top1_acc: 0.5759, top5_acc: 0.8775, loss_cls: 1.3800, loss: 1.3800
2026-08-24 16:36:37,563 - pyskl - INFO - Epoch [1][3500/5537]	lr: 2.490e-02, eta: 2 days, 12:20:21, time: 2.546, data_time: 0.000, memory: 5243, top1_acc: 0.5722, top5_acc: 0.8788, loss_cls: 1.3994, loss: 1.3994
2026-08-24 16:40:52,840 - pyskl - INFO - Epoch [1][3600/5537]	lr: 2.490e-02, eta: 2 days, 12:16:06, time: 2.553, data_time: 0.000, memory: 5243, top1_acc: 0.5759, top5_acc: 0.8809, loss_cls: 1.3971, loss: 1.3971
2026-08-24 16:45:06,795 - pyskl - INFO - Epoch [1][3700/5537]	lr: 2.489e-02, eta: 2 days, 12:11:20, time: 2.540, data_time: 0.000, memory: 5243, top1_acc: 0.5866, top5_acc: 0.8844, loss_cls: 1.3556, loss: 1.3556
2026-08-24 16:49:22,305 - pyskl - INFO - Epoch [1][3800/5537]	lr: 2.489e-02, eta: 2 days, 12:07:11, time: 2.555, data_time: 0.000, memory: 5243, top1_acc: 0.6009, top5_acc: 0.8897, loss_cls: 1.3005, loss: 1.3005
2026-08-24 16:53:37,213 - pyskl - INFO - Epoch [1][3900/5537]	lr: 2.488e-02, eta: 2 days, 12:02:48, time: 2.549, data_time: 0.000, memory: 5243, top1_acc: 0.5966, top5_acc: 0.8831, loss_cls: 1.3391, loss: 1.3391
2026-08-24 16:57:52,540 - pyskl - INFO - Epoch [1][4000/5537]	lr: 2.487e-02, eta: 2 days, 11:58:35, time: 2.553, data_time: 0.000, memory: 5243, top1_acc: 0.5953, top5_acc: 0.8888, loss_cls: 1.3106, loss: 1.3106
2026-08-24 17:02:06,269 - pyskl - INFO - Epoch [1][4100/5537]	lr: 2.487e-02, eta: 2 days, 11:53:48, time: 2.537, data_time: 0.000, memory: 5243, top1_acc: 0.6038, top5_acc: 0.8809, loss_cls: 1.3326, loss: 1.3326
2026-08-24 17:06:20,931 - pyskl - INFO - Epoch [1][4200/5537]	lr: 2.486e-02, eta: 2 days, 11:49:22, time: 2.547, data_time: 0.000, memory: 5243, top1_acc: 0.6106, top5_acc: 0.8903, loss_cls: 1.2712, loss: 1.2712
2026-08-24 17:10:36,388 - pyskl - INFO - Epoch [1][4300/5537]	lr: 2.486e-02, eta: 2 days, 11:45:12, time: 2.555, data_time: 0.000, memory: 5243, top1_acc: 0.5953, top5_acc: 0.8947, loss_cls: 1.2659, loss: 1.2659
2026-08-24 17:14:50,109 - pyskl - INFO - Epoch [1][4400/5537]	lr: 2.485e-02, eta: 2 days, 11:40:29, time: 2.537, data_time: 0.000, memory: 5243, top1_acc: 0.6216, top5_acc: 0.8953, loss_cls: 1.2570, loss: 1.2570
2026-08-24 17:19:05,576 - pyskl - INFO - Epoch [1][4500/5537]	lr: 2.484e-02, eta: 2 days, 11:36:19, time: 2.555, data_time: 0.000, memory: 5243, top1_acc: 0.6022, top5_acc: 0.8856, loss_cls: 1.3253, loss: 1.3253
2026-08-24 17:23:20,222 - pyskl - INFO - Epoch [1][4600/5537]	lr: 2.483e-02, eta: 2 days, 11:31:54, time: 2.546, data_time: 0.000, memory: 5243, top1_acc: 0.6216, top5_acc: 0.8912, loss_cls: 1.2858, loss: 1.2858
2026-08-24 17:27:35,354 - pyskl - INFO - Epoch [1][4700/5537]	lr: 2.483e-02, eta: 2 days, 11:27:39, time: 2.551, data_time: 0.000, memory: 5243, top1_acc: 0.6100, top5_acc: 0.8916, loss_cls: 1.2917, loss: 1.2917
2026-08-24 17:31:50,275 - pyskl - INFO - Epoch [1][4800/5537]	lr: 2.482e-02, eta: 2 days, 11:23:19, time: 2.549, data_time: 0.000, memory: 5243, top1_acc: 0.6238, top5_acc: 0.8997, loss_cls: 1.2420, loss: 1.2420
2026-08-24 17:36:05,380 - pyskl - INFO - Epoch [1][4900/5537]	lr: 2.481e-02, eta: 2 days, 11:19:03, time: 2.551, data_time: 0.000, memory: 5243, top1_acc: 0.6288, top5_acc: 0.9016, loss_cls: 1.2031, loss: 1.2031
2026-08-24 17:40:20,279 - pyskl - INFO - Epoch [1][5000/5537]	lr: 2.480e-02, eta: 2 days, 11:14:44, time: 2.549, data_time: 0.000, memory: 5243, top1_acc: 0.6397, top5_acc: 0.9025, loss_cls: 1.2071, loss: 1.2071
2026-08-24 17:44:34,133 - pyskl - INFO - Epoch [1][5100/5537]	lr: 2.480e-02, eta: 2 days, 11:10:07, time: 2.539, data_time: 0.000, memory: 5243, top1_acc: 0.6175, top5_acc: 0.8953, loss_cls: 1.2496, loss: 1.2496
2026-08-24 17:48:49,326 - pyskl - INFO - Epoch [1][5200/5537]	lr: 2.479e-02, eta: 2 days, 11:05:53, time: 2.552, data_time: 0.000, memory: 5243, top1_acc: 0.6400, top5_acc: 0.9109, loss_cls: 1.1728, loss: 1.1728
2026-08-24 17:53:04,585 - pyskl - INFO - Epoch [1][5300/5537]	lr: 2.478e-02, eta: 2 days, 11:01:40, time: 2.553, data_time: 0.000, memory: 5243, top1_acc: 0.6284, top5_acc: 0.8944, loss_cls: 1.2150, loss: 1.2150
2026-08-24 17:57:19,390 - pyskl - INFO - Epoch [1][5400/5537]	lr: 2.477e-02, eta: 2 days, 10:57:20, time: 2.548, data_time: 0.000, memory: 5243, top1_acc: 0.6366, top5_acc: 0.9062, loss_cls: 1.1997, loss: 1.1997
2026-08-24 18:01:33,880 - pyskl - INFO - Epoch [1][5500/5537]	lr: 2.476e-02, eta: 2 days, 10:52:56, time: 2.545, data_time: 0.000, memory: 5243, top1_acc: 0.6419, top5_acc: 0.9003, loss_cls: 1.1966, loss: 1.1966
2026-08-24 18:03:07,743 - pyskl - INFO - Saving checkpoint at 1 epochs
2026-08-24 18:09:18,075 - pyskl - INFO - Evaluating top_k_accuracy ...
2026-08-24 18:09:18,086 - pyskl - INFO - 
top1_acc	0.6872
top5_acc	0.9313
2026-08-24 18:09:18,155 - pyskl - INFO - Now best checkpoint is saved as best_top1_acc_epoch_1.pth.
2026-08-24 18:09:18,156 - pyskl - INFO - Best top1_acc is 0.6872 at 1 epoch.
2026-08-24 18:09:18,156 - pyskl - INFO - Epoch(val) [1][146]	top1_acc: 0.6872, top5_acc: 0.9313
2026-08-24 18:13:39,705 - pyskl - INFO - Epoch [2][100/5537]	lr: 2.475e-02, eta: 2 days, 10:25:32, time: 2.615, data_time: 0.067, memory: 5243, top1_acc: 0.6394, top5_acc: 0.9053, loss_cls: 1.1607, loss: 1.1607
2026-08-24 18:17:54,766 - pyskl - INFO - Epoch [2][200/5537]	lr: 2.474e-02, eta: 2 days, 10:21:40, time: 2.551, data_time: 0.000, memory: 5243, top1_acc: 0.6375, top5_acc: 0.9062, loss_cls: 1.1826, loss: 1.1826
2026-08-24 18:22:09,886 - pyskl - INFO - Epoch [2][300/5537]	lr: 2.473e-02, eta: 2 days, 10:17:48, time: 2.551, data_time: 0.000, memory: 5243, top1_acc: 0.6516, top5_acc: 0.9053, loss_cls: 1.1509, loss: 1.1509
2026-08-24 18:26:23,933 - pyskl - INFO - Epoch [2][400/5537]	lr: 2.472e-02, eta: 2 days, 10:13:41, time: 2.540, data_time: 0.000, memory: 5243, top1_acc: 0.6497, top5_acc: 0.9069, loss_cls: 1.1582, loss: 1.1582
2026-08-24 18:30:38,898 - pyskl - INFO - Epoch [2][500/5537]	lr: 2.471e-02, eta: 2 days, 10:09:46, time: 2.550, data_time: 0.000, memory: 5243, top1_acc: 0.6419, top5_acc: 0.8972, loss_cls: 1.1648, loss: 1.1648
2026-08-24 18:34:53,719 - pyskl - INFO - Epoch [2][600/5537]	lr: 2.471e-02, eta: 2 days, 10:05:48, time: 2.548, data_time: 0.000, memory: 5243, top1_acc: 0.6512, top5_acc: 0.9044, loss_cls: 1.1561, loss: 1.1561
2026-08-24 18:39:07,795 - pyskl - INFO - Epoch [2][700/5537]	lr: 2.470e-02, eta: 2 days, 10:01:40, time: 2.541, data_time: 0.000, memory: 5243, top1_acc: 0.6594, top5_acc: 0.9078, loss_cls: 1.1250, loss: 1.1250
2026-08-24 18:43:23,194 - pyskl - INFO - Epoch [2][800/5537]	lr: 2.469e-02, eta: 2 days, 9:57:49, time: 2.554, data_time: 0.000, memory: 5243, top1_acc: 0.6500, top5_acc: 0.9062, loss_cls: 1.1489, loss: 1.1489
2026-08-24 18:47:38,022 - pyskl - INFO - Epoch [2][900/5537]	lr: 2.468e-02, eta: 2 days, 9:53:50, time: 2.548, data_time: 0.000, memory: 5243, top1_acc: 0.6569, top5_acc: 0.9028, loss_cls: 1.1370, loss: 1.1370
2026-08-24 18:51:53,637 - pyskl - INFO - Epoch [2][1000/5537]	lr: 2.467e-02, eta: 2 days, 9:50:00, time: 2.556, data_time: 0.000, memory: 5243, top1_acc: 0.6528, top5_acc: 0.8994, loss_cls: 1.1358, loss: 1.1358
2026-08-24 18:56:15,897 - pyskl - INFO - Epoch [2][1100/5537]	lr: 2.466e-02, eta: 2 days, 9:47:32, time: 2.623, data_time: 0.000, memory: 5243, top1_acc: 0.6578, top5_acc: 0.9072, loss_cls: 1.1166, loss: 1.1166
2026-08-24 19:00:48,745 - pyskl - INFO - Epoch [2][1200/5537]	lr: 2.465e-02, eta: 2 days, 9:47:08, time: 2.728, data_time: 0.000, memory: 5243, top1_acc: 0.6600, top5_acc: 0.9025, loss_cls: 1.1509, loss: 1.1509
2026-08-24 19:05:54,852 - pyskl - INFO - Epoch [2][1300/5537]	lr: 2.463e-02, eta: 2 days, 9:53:16, time: 3.061, data_time: 0.000, memory: 5243, top1_acc: 0.6575, top5_acc: 0.9119, loss_cls: 1.1433, loss: 1.1433
2026-08-24 19:10:10,329 - pyskl - INFO - Epoch [2][1400/5537]	lr: 2.462e-02, eta: 2 days, 9:49:07, time: 2.555, data_time: 0.000, memory: 5243, top1_acc: 0.6516, top5_acc: 0.9113, loss_cls: 1.1137, loss: 1.1137
2026-08-24 19:14:24,607 - pyskl - INFO - Epoch [2][1500/5537]	lr: 2.461e-02, eta: 2 days, 9:44:45, time: 2.543, data_time: 0.000, memory: 5243, top1_acc: 0.6719, top5_acc: 0.9184, loss_cls: 1.1001, loss: 1.1001
2026-08-24 19:18:40,404 - pyskl - INFO - Epoch [2][1600/5537]	lr: 2.460e-02, eta: 2 days, 9:40:40, time: 2.558, data_time: 0.000, memory: 5243, top1_acc: 0.6700, top5_acc: 0.9109, loss_cls: 1.0908, loss: 1.0908
2026-08-24 19:22:55,533 - pyskl - INFO - Epoch [2][1700/5537]	lr: 2.459e-02, eta: 2 days, 9:36:28, time: 2.551, data_time: 0.000, memory: 5243, top1_acc: 0.6397, top5_acc: 0.9000, loss_cls: 1.1747, loss: 1.1747
2026-08-24 19:27:09,839 - pyskl - INFO - Epoch [2][1800/5537]	lr: 2.458e-02, eta: 2 days, 9:32:06, time: 2.543, data_time: 0.000, memory: 5243, top1_acc: 0.6781, top5_acc: 0.9109, loss_cls: 1.1049, loss: 1.1049
2026-08-24 19:31:25,549 - pyskl - INFO - Epoch [2][1900/5537]	lr: 2.457e-02, eta: 2 days, 9:28:00, time: 2.557, data_time: 0.000, memory: 5243, top1_acc: 0.6666, top5_acc: 0.9156, loss_cls: 1.0747, loss: 1.0747
2026-08-24 19:35:40,686 - pyskl - INFO - Epoch [2][2000/5537]	lr: 2.456e-02, eta: 2 days, 9:23:48, time: 2.551, data_time: 0.000, memory: 5243, top1_acc: 0.6700, top5_acc: 0.9147, loss_cls: 1.0782, loss: 1.0782
2026-08-24 19:39:56,286 - pyskl - INFO - Epoch [2][2100/5537]	lr: 2.454e-02, eta: 2 days, 9:19:40, time: 2.556, data_time: 0.000, memory: 5243, top1_acc: 0.6747, top5_acc: 0.9153, loss_cls: 1.0744, loss: 1.0744
2026-08-24 19:44:09,824 - pyskl - INFO - Epoch [2][2200/5537]	lr: 2.453e-02, eta: 2 days, 9:15:10, time: 2.535, data_time: 0.000, memory: 5243, top1_acc: 0.6834, top5_acc: 0.9153, loss_cls: 1.0472, loss: 1.0472
2026-08-24 19:48:25,290 - pyskl - INFO - Epoch [2][2300/5537]	lr: 2.452e-02, eta: 2 days, 9:11:01, time: 2.555, data_time: 0.000, memory: 5243, top1_acc: 0.6700, top5_acc: 0.9153, loss_cls: 1.0741, loss: 1.0741
2026-08-24 19:52:40,891 - pyskl - INFO - Epoch [2][2400/5537]	lr: 2.451e-02, eta: 2 days, 9:06:53, time: 2.556, data_time: 0.000, memory: 5243, top1_acc: 0.6741, top5_acc: 0.9216, loss_cls: 1.0481, loss: 1.0481
2026-08-24 19:56:54,526 - pyskl - INFO - Epoch [2][2500/5537]	lr: 2.450e-02, eta: 2 days, 9:02:25, time: 2.536, data_time: 0.000, memory: 5243, top1_acc: 0.6856, top5_acc: 0.9134, loss_cls: 1.0735, loss: 1.0735
2026-08-24 20:01:10,621 - pyskl - INFO - Epoch [2][2600/5537]	lr: 2.448e-02, eta: 2 days, 8:58:22, time: 2.561, data_time: 0.000, memory: 5243, top1_acc: 0.6913, top5_acc: 0.9259, loss_cls: 1.0201, loss: 1.0201
2026-08-24 20:05:26,103 - pyskl - INFO - Epoch [2][2700/5537]	lr: 2.447e-02, eta: 2 days, 8:54:12, time: 2.555, data_time: 0.000, memory: 5243, top1_acc: 0.6713, top5_acc: 0.9131, loss_cls: 1.0617, loss: 1.0617
2026-08-24 20:09:41,167 - pyskl - INFO - Epoch [2][2800/5537]	lr: 2.446e-02, eta: 2 days, 8:49:59, time: 2.551, data_time: 0.000, memory: 5243, top1_acc: 0.6703, top5_acc: 0.9206, loss_cls: 1.0809, loss: 1.0809
2026-08-24 20:13:55,721 - pyskl - INFO - Epoch [2][2900/5537]	lr: 2.444e-02, eta: 2 days, 8:45:40, time: 2.546, data_time: 0.000, memory: 5243, top1_acc: 0.6913, top5_acc: 0.9169, loss_cls: 1.0408, loss: 1.0408
2026-08-24 20:18:10,472 - pyskl - INFO - Epoch [2][3000/5537]	lr: 2.443e-02, eta: 2 days, 8:41:23, time: 2.548, data_time: 0.000, memory: 5243, top1_acc: 0.6897, top5_acc: 0.9163, loss_cls: 1.0219, loss: 1.0219
2026-08-24 20:22:25,762 - pyskl - INFO - Epoch [2][3100/5537]	lr: 2.442e-02, eta: 2 days, 8:37:12, time: 2.553, data_time: 0.000, memory: 5243, top1_acc: 0.6678, top5_acc: 0.9050, loss_cls: 1.0793, loss: 1.0793
2026-08-24 20:26:39,612 - pyskl - INFO - Epoch [2][3200/5537]	lr: 2.440e-02, eta: 2 days, 8:32:47, time: 2.538, data_time: 0.000, memory: 5243, top1_acc: 0.6825, top5_acc: 0.9116, loss_cls: 1.0435, loss: 1.0435
2026-08-24 20:30:55,423 - pyskl - INFO - Epoch [2][3300/5537]	lr: 2.439e-02, eta: 2 days, 8:28:40, time: 2.558, data_time: 0.000, memory: 5243, top1_acc: 0.6819, top5_acc: 0.9266, loss_cls: 1.0271, loss: 1.0271
2026-08-24 20:35:11,316 - pyskl - INFO - Epoch [2][3400/5537]	lr: 2.438e-02, eta: 2 days, 8:24:34, time: 2.559, data_time: 0.000, memory: 5243, top1_acc: 0.6797, top5_acc: 0.9150, loss_cls: 1.0457, loss: 1.0457
2026-08-24 20:39:26,263 - pyskl - INFO - Epoch [2][3500/5537]	lr: 2.436e-02, eta: 2 days, 8:20:19, time: 2.549, data_time: 0.000, memory: 5243, top1_acc: 0.6869, top5_acc: 0.9128, loss_cls: 1.0406, loss: 1.0406
2026-08-24 20:43:41,346 - pyskl - INFO - Epoch [2][3600/5537]	lr: 2.435e-02, eta: 2 days, 8:16:05, time: 2.551, data_time: 0.000, memory: 5243, top1_acc: 0.6753, top5_acc: 0.9213, loss_cls: 1.0399, loss: 1.0399
2026-08-24 20:47:56,717 - pyskl - INFO - Epoch [2][3700/5537]	lr: 2.434e-02, eta: 2 days, 8:11:54, time: 2.554, data_time: 0.000, memory: 5243, top1_acc: 0.6834, top5_acc: 0.9163, loss_cls: 1.0345, loss: 1.0345
2026-08-24 20:52:12,585 - pyskl - INFO - Epoch [2][3800/5537]	lr: 2.432e-02, eta: 2 days, 8:07:47, time: 2.559, data_time: 0.000, memory: 5243, top1_acc: 0.6997, top5_acc: 0.9213, loss_cls: 0.9944, loss: 0.9944
2026-08-24 20:56:27,454 - pyskl - INFO - Epoch [2][3900/5537]	lr: 2.431e-02, eta: 2 days, 8:03:31, time: 2.549, data_time: 0.000, memory: 5243, top1_acc: 0.7031, top5_acc: 0.9219, loss_cls: 0.9826, loss: 0.9826
2026-08-24 21:00:42,392 - pyskl - INFO - Epoch [2][4000/5537]	lr: 2.429e-02, eta: 2 days, 7:59:16, time: 2.549, data_time: 0.000, memory: 5243, top1_acc: 0.6978, top5_acc: 0.9175, loss_cls: 1.0154, loss: 1.0154
2026-08-24 21:04:58,226 - pyskl - INFO - Epoch [2][4100/5537]	lr: 2.428e-02, eta: 2 days, 7:55:08, time: 2.558, data_time: 0.000, memory: 5243, top1_acc: 0.6906, top5_acc: 0.9272, loss_cls: 0.9874, loss: 0.9874
2026-08-24 21:09:12,569 - pyskl - INFO - Epoch [2][4200/5537]	lr: 2.426e-02, eta: 2 days, 7:50:48, time: 2.543, data_time: 0.000, memory: 5243, top1_acc: 0.6681, top5_acc: 0.9128, loss_cls: 1.0726, loss: 1.0726
2026-08-24 21:13:27,832 - pyskl - INFO - Epoch [2][4300/5537]	lr: 2.425e-02, eta: 2 days, 7:46:36, time: 2.553, data_time: 0.000, memory: 5243, top1_acc: 0.6887, top5_acc: 0.9113, loss_cls: 1.0422, loss: 1.0422
2026-08-24 21:17:43,415 - pyskl - INFO - Epoch [2][4400/5537]	lr: 2.423e-02, eta: 2 days, 7:42:25, time: 2.556, data_time: 0.000, memory: 5243, top1_acc: 0.6916, top5_acc: 0.9241, loss_cls: 1.0059, loss: 1.0059
2026-08-24 21:21:59,040 - pyskl - INFO - Epoch [2][4500/5537]	lr: 2.422e-02, eta: 2 days, 7:38:16, time: 2.556, data_time: 0.000, memory: 5243, top1_acc: 0.6791, top5_acc: 0.9231, loss_cls: 1.0459, loss: 1.0459
2026-08-24 21:26:13,135 - pyskl - INFO - Epoch [2][4600/5537]	lr: 2.420e-02, eta: 2 days, 7:33:54, time: 2.541, data_time: 0.000, memory: 5243, top1_acc: 0.6837, top5_acc: 0.9269, loss_cls: 1.0248, loss: 1.0248
2026-08-24 21:30:28,524 - pyskl - INFO - Epoch [2][4700/5537]	lr: 2.419e-02, eta: 2 days, 7:29:42, time: 2.554, data_time: 0.001, memory: 5243, top1_acc: 0.7066, top5_acc: 0.9231, loss_cls: 0.9929, loss: 0.9929
2026-08-24 21:34:43,923 - pyskl - INFO - Epoch [2][4800/5537]	lr: 2.417e-02, eta: 2 days, 7:25:30, time: 2.554, data_time: 0.000, memory: 5243, top1_acc: 0.7084, top5_acc: 0.9216, loss_cls: 0.9923, loss: 0.9923
2026-08-24 21:38:58,152 - pyskl - INFO - Epoch [2][4900/5537]	lr: 2.415e-02, eta: 2 days, 7:21:10, time: 2.542, data_time: 0.000, memory: 5243, top1_acc: 0.6953, top5_acc: 0.9184, loss_cls: 1.0107, loss: 1.0107
2026-08-24 21:43:13,865 - pyskl - INFO - Epoch [2][5000/5537]	lr: 2.414e-02, eta: 2 days, 7:17:00, time: 2.557, data_time: 0.000, memory: 5243, top1_acc: 0.7184, top5_acc: 0.9316, loss_cls: 0.9512, loss: 0.9512
2026-08-24 21:47:29,780 - pyskl - INFO - Epoch [2][5100/5537]	lr: 2.412e-02, eta: 2 days, 7:12:52, time: 2.559, data_time: 0.000, memory: 5243, top1_acc: 0.6866, top5_acc: 0.9181, loss_cls: 1.0127, loss: 1.0127
2026-08-24 21:51:45,518 - pyskl - INFO - Epoch [2][5200/5537]	lr: 2.410e-02, eta: 2 days, 7:08:43, time: 2.557, data_time: 0.000, memory: 5243, top1_acc: 0.7013, top5_acc: 0.9256, loss_cls: 0.9782, loss: 0.9782
2026-08-24 21:56:00,227 - pyskl - INFO - Epoch [2][5300/5537]	lr: 2.409e-02, eta: 2 days, 7:04:26, time: 2.547, data_time: 0.000, memory: 5243, top1_acc: 0.7013, top5_acc: 0.9231, loss_cls: 1.0077, loss: 1.0077
2026-08-24 22:00:15,388 - pyskl - INFO - Epoch [2][5400/5537]	lr: 2.407e-02, eta: 2 days, 7:00:12, time: 2.552, data_time: 0.000, memory: 5243, top1_acc: 0.6797, top5_acc: 0.9237, loss_cls: 1.0256, loss: 1.0256
2026-08-24 22:04:31,450 - pyskl - INFO - Epoch [2][5500/5537]	lr: 2.405e-02, eta: 2 days, 6:56:04, time: 2.561, data_time: 0.000, memory: 5243, top1_acc: 0.6953, top5_acc: 0.9291, loss_cls: 0.9944, loss: 0.9944
2026-08-24 22:06:05,709 - pyskl - INFO - Saving checkpoint at 2 epochs
2026-08-24 22:12:01,555 - pyskl - INFO - Evaluating top_k_accuracy ...
2026-08-24 22:12:01,565 - pyskl - INFO - 
top1_acc	0.7573
top5_acc	0.9577
2026-08-24 22:12:01,568 - pyskl - INFO - The previous best checkpoint D:\YxjProject\pythonProject\pyskl\work_dirs\aug_baseline\stgcnpp_j\train\A5_random_single\best_top1_acc_epoch_1.pth was removed
2026-08-24 22:12:01,636 - pyskl - INFO - Now best checkpoint is saved as best_top1_acc_epoch_2.pth.
2026-08-24 22:12:01,636 - pyskl - INFO - Best top1_acc is 0.7573 at 2 epoch.
2026-08-24 22:12:01,636 - pyskl - INFO - Epoch(val) [2][146]	top1_acc: 0.7573, top5_acc: 0.9577
2026-08-24 22:16:23,478 - pyskl - INFO - Epoch [3][100/5537]	lr: 2.403e-02, eta: 2 days, 6:40:09, time: 2.618, data_time: 0.067, memory: 5243, top1_acc: 0.6978, top5_acc: 0.9250, loss_cls: 0.9849, loss: 0.9849
2026-08-24 22:20:37,210 - pyskl - INFO - Epoch [3][200/5537]	lr: 2.401e-02, eta: 2 days, 6:35:51, time: 2.537, data_time: 0.000, memory: 5243, top1_acc: 0.6956, top5_acc: 0.9266, loss_cls: 0.9933, loss: 0.9933
2026-08-24 22:24:52,112 - pyskl - INFO - Epoch [3][300/5537]	lr: 2.400e-02, eta: 2 days, 6:31:42, time: 2.549, data_time: 0.000, memory: 5243, top1_acc: 0.7034, top5_acc: 0.9281, loss_cls: 0.9715, loss: 0.9715
2026-08-24 22:29:07,089 - pyskl - INFO - Epoch [3][400/5537]	lr: 2.398e-02, eta: 2 days, 6:27:33, time: 2.550, data_time: 0.000, memory: 5243, top1_acc: 0.7081, top5_acc: 0.9253, loss_cls: 0.9670, loss: 0.9670
2026-08-24 22:33:21,413 - pyskl - INFO - Epoch [3][500/5537]	lr: 2.396e-02, eta: 2 days, 6:23:19, time: 2.543, data_time: 0.000, memory: 5243, top1_acc: 0.7075, top5_acc: 0.9297, loss_cls: 0.9784, loss: 0.9784
2026-08-24 22:37:36,497 - pyskl - INFO - Epoch [3][600/5537]	lr: 2.394e-02, eta: 2 days, 6:19:10, time: 2.551, data_time: 0.000, memory: 5243, top1_acc: 0.7156, top5_acc: 0.9234, loss_cls: 0.9470, loss: 0.9470
2026-08-24 22:41:51,475 - pyskl - INFO - Epoch [3][700/5537]	lr: 2.393e-02, eta: 2 days, 6:15:01, time: 2.550, data_time: 0.000, memory: 5243, top1_acc: 0.7103, top5_acc: 0.9231, loss_cls: 0.9686, loss: 0.9686
2026-08-24 22:46:06,761 - pyskl - INFO - Epoch [3][800/5537]	lr: 2.391e-02, eta: 2 days, 6:10:54, time: 2.553, data_time: 0.000, memory: 5243, top1_acc: 0.6913, top5_acc: 0.9225, loss_cls: 1.0103, loss: 1.0103
2026-08-24 22:50:20,346 - pyskl - INFO - Epoch [3][900/5537]	lr: 2.389e-02, eta: 2 days, 6:06:35, time: 2.536, data_time: 0.000, memory: 5243, top1_acc: 0.7300, top5_acc: 0.9366, loss_cls: 0.8948, loss: 0.8948
2026-08-24 22:54:35,346 - pyskl - INFO - Epoch [3][1000/5537]	lr: 2.387e-02, eta: 2 days, 6:02:26, time: 2.550, data_time: 0.000, memory: 5243, top1_acc: 0.7259, top5_acc: 0.9316, loss_cls: 0.9202, loss: 0.9202
2026-08-24 22:58:49,981 - pyskl - INFO - Epoch [3][1100/5537]	lr: 2.385e-02, eta: 2 days, 5:58:14, time: 2.546, data_time: 0.000, memory: 5243, top1_acc: 0.7087, top5_acc: 0.9256, loss_cls: 0.9780, loss: 0.9780
2026-08-24 23:03:03,448 - pyskl - INFO - Epoch [3][1200/5537]	lr: 2.383e-02, eta: 2 days, 5:53:55, time: 2.535, data_time: 0.000, memory: 5243, top1_acc: 0.7109, top5_acc: 0.9287, loss_cls: 0.9273, loss: 0.9273
2026-08-24 23:07:18,898 - pyskl - INFO - Epoch [3][1300/5537]	lr: 2.382e-02, eta: 2 days, 5:49:48, time: 2.554, data_time: 0.001, memory: 5243, top1_acc: 0.7034, top5_acc: 0.9228, loss_cls: 0.9754, loss: 0.9754
2026-08-24 23:11:33,515 - pyskl - INFO - Epoch [3][1400/5537]	lr: 2.380e-02, eta: 2 days, 5:45:36, time: 2.546, data_time: 0.000, memory: 5243, top1_acc: 0.7184, top5_acc: 0.9303, loss_cls: 0.9330, loss: 0.9330
2026-08-24 23:15:48,817 - pyskl - INFO - Epoch [3][1500/5537]	lr: 2.378e-02, eta: 2 days, 5:41:28, time: 2.553, data_time: 0.000, memory: 5243, top1_acc: 0.7072, top5_acc: 0.9259, loss_cls: 0.9709, loss: 0.9709
2026-08-24 23:20:02,457 - pyskl - INFO - Epoch [3][1600/5537]	lr: 2.376e-02, eta: 2 days, 5:37:10, time: 2.536, data_time: 0.000, memory: 5243, top1_acc: 0.6994, top5_acc: 0.9231, loss_cls: 0.9990, loss: 0.9990
2026-08-24 23:24:17,153 - pyskl - INFO - Epoch [3][1700/5537]	lr: 2.374e-02, eta: 2 days, 5:32:58, time: 2.547, data_time: 0.000, memory: 5243, top1_acc: 0.7069, top5_acc: 0.9275, loss_cls: 0.9535, loss: 0.9535
2026-08-24 23:28:32,607 - pyskl - INFO - Epoch [3][1800/5537]	lr: 2.372e-02, eta: 2 days, 5:28:51, time: 2.555, data_time: 0.000, memory: 5243, top1_acc: 0.7228, top5_acc: 0.9222, loss_cls: 0.9411, loss: 0.9411
2026-08-24 23:32:46,149 - pyskl - INFO - Epoch [3][1900/5537]	lr: 2.370e-02, eta: 2 days, 5:24:32, time: 2.535, data_time: 0.000, memory: 5243, top1_acc: 0.7113, top5_acc: 0.9231, loss_cls: 0.9841, loss: 0.9841
2026-08-24 23:37:01,262 - pyskl - INFO - Epoch [3][2000/5537]	lr: 2.368e-02, eta: 2 days, 5:20:23, time: 2.551, data_time: 0.000, memory: 5243, top1_acc: 0.7056, top5_acc: 0.9228, loss_cls: 0.9712, loss: 0.9712
2026-08-24 23:41:16,962 - pyskl - INFO - Epoch [3][2100/5537]	lr: 2.366e-02, eta: 2 days, 5:16:17, time: 2.557, data_time: 0.000, memory: 5243, top1_acc: 0.7238, top5_acc: 0.9347, loss_cls: 0.9131, loss: 0.9131
2026-08-24 23:45:31,965 - pyskl - INFO - Epoch [3][2200/5537]	lr: 2.364e-02, eta: 2 days, 5:12:07, time: 2.550, data_time: 0.000, memory: 5243, top1_acc: 0.7106, top5_acc: 0.9275, loss_cls: 0.9438, loss: 0.9438
2026-08-24 23:49:46,757 - pyskl - INFO - Epoch [3][2300/5537]	lr: 2.362e-02, eta: 2 days, 5:07:55, time: 2.548, data_time: 0.000, memory: 5243, top1_acc: 0.7084, top5_acc: 0.9284, loss_cls: 0.9420, loss: 0.9420
2026-08-24 23:54:01,548 - pyskl - INFO - Epoch [3][2400/5537]	lr: 2.360e-02, eta: 2 days, 5:03:44, time: 2.548, data_time: 0.000, memory: 5243, top1_acc: 0.7106, top5_acc: 0.9231, loss_cls: 0.9629, loss: 0.9629
2026-08-24 23:58:16,510 - pyskl - INFO - Epoch [3][2500/5537]	lr: 2.358e-02, eta: 2 days, 4:59:33, time: 2.550, data_time: 0.000, memory: 5243, top1_acc: 0.7150, top5_acc: 0.9222, loss_cls: 0.9453, loss: 0.9453
2026-08-25 00:02:30,452 - pyskl - INFO - Epoch [3][2600/5537]	lr: 2.356e-02, eta: 2 days, 4:55:17, time: 2.539, data_time: 0.000, memory: 5243, top1_acc: 0.7269, top5_acc: 0.9350, loss_cls: 0.9089, loss: 0.9089
2026-08-25 00:06:45,288 - pyskl - INFO - Epoch [3][2700/5537]	lr: 2.354e-02, eta: 2 days, 4:51:05, time: 2.548, data_time: 0.000, memory: 5243, top1_acc: 0.7094, top5_acc: 0.9272, loss_cls: 0.9499, loss: 0.9499
2026-08-25 00:11:00,167 - pyskl - INFO - Epoch [3][2800/5537]	lr: 2.352e-02, eta: 2 days, 4:46:54, time: 2.549, data_time: 0.000, memory: 5243, top1_acc: 0.7297, top5_acc: 0.9322, loss_cls: 0.8759, loss: 0.8759
2026-08-25 00:15:14,123 - pyskl - INFO - Epoch [3][2900/5537]	lr: 2.350e-02, eta: 2 days, 4:42:38, time: 2.540, data_time: 0.000, memory: 5243, top1_acc: 0.7125, top5_acc: 0.9278, loss_cls: 0.9452, loss: 0.9452
2026-08-25 00:19:29,774 - pyskl - INFO - Epoch [3][3000/5537]	lr: 2.348e-02, eta: 2 days, 4:38:31, time: 2.556, data_time: 0.000, memory: 5243, top1_acc: 0.7134, top5_acc: 0.9275, loss_cls: 0.9383, loss: 0.9383
2026-08-25 00:23:44,721 - pyskl - INFO - Epoch [3][3100/5537]	lr: 2.345e-02, eta: 2 days, 4:34:20, time: 2.549, data_time: 0.000, memory: 5243, top1_acc: 0.7241, top5_acc: 0.9253, loss_cls: 0.9200, loss: 0.9200
2026-08-25 00:28:00,291 - pyskl - INFO - Epoch [3][3200/5537]	lr: 2.343e-02, eta: 2 days, 4:30:12, time: 2.556, data_time: 0.000, memory: 5243, top1_acc: 0.7219, top5_acc: 0.9341, loss_cls: 0.9053, loss: 0.9053
2026-08-25 00:32:14,360 - pyskl - INFO - Epoch [3][3300/5537]	lr: 2.341e-02, eta: 2 days, 4:25:56, time: 2.541, data_time: 0.000, memory: 5243, top1_acc: 0.7084, top5_acc: 0.9225, loss_cls: 0.9641, loss: 0.9641
2026-08-25 00:36:29,653 - pyskl - INFO - Epoch [3][3400/5537]	lr: 2.339e-02, eta: 2 days, 4:21:47, time: 2.553, data_time: 0.000, memory: 5243, top1_acc: 0.7238, top5_acc: 0.9306, loss_cls: 0.9120, loss: 0.9120
2026-08-25 00:40:45,588 - pyskl - INFO - Epoch [3][3500/5537]	lr: 2.337e-02, eta: 2 days, 4:17:41, time: 2.559, data_time: 0.000, memory: 5243, top1_acc: 0.7166, top5_acc: 0.9337, loss_cls: 0.9195, loss: 0.9195
2026-08-25 00:44:59,695 - pyskl - INFO - Epoch [3][3600/5537]	lr: 2.335e-02, eta: 2 days, 4:13:25, time: 2.541, data_time: 0.000, memory: 5243, top1_acc: 0.7091, top5_acc: 0.9222, loss_cls: 0.9663, loss: 0.9663
2026-08-25 00:49:14,832 - pyskl - INFO - Epoch [3][3700/5537]	lr: 2.332e-02, eta: 2 days, 4:09:15, time: 2.551, data_time: 0.000, memory: 5243, top1_acc: 0.7238, top5_acc: 0.9269, loss_cls: 0.9283, loss: 0.9283
2026-08-25 00:53:29,934 - pyskl - INFO - Epoch [3][3800/5537]	lr: 2.330e-02, eta: 2 days, 4:05:04, time: 2.551, data_time: 0.000, memory: 5243, top1_acc: 0.7203, top5_acc: 0.9344, loss_cls: 0.9092, loss: 0.9092
2026-08-25 00:57:44,336 - pyskl - INFO - Epoch [3][3900/5537]	lr: 2.328e-02, eta: 2 days, 4:00:50, time: 2.544, data_time: 0.000, memory: 5243, top1_acc: 0.7294, top5_acc: 0.9291, loss_cls: 0.9052, loss: 0.9052
2026-08-25 01:02:00,488 - pyskl - INFO - Epoch [3][4000/5537]	lr: 2.326e-02, eta: 2 days, 3:56:44, time: 2.562, data_time: 0.000, memory: 5243, top1_acc: 0.7056, top5_acc: 0.9247, loss_cls: 0.9675, loss: 0.9675
2026-08-25 01:06:15,769 - pyskl - INFO - Epoch [3][4100/5537]	lr: 2.323e-02, eta: 2 days, 3:52:34, time: 2.553, data_time: 0.000, memory: 5243, top1_acc: 0.7175, top5_acc: 0.9275, loss_cls: 0.9236, loss: 0.9236
2026-08-25 01:10:30,604 - pyskl - INFO - Epoch [3][4200/5537]	lr: 2.321e-02, eta: 2 days, 3:48:22, time: 2.548, data_time: 0.000, memory: 5243, top1_acc: 0.7225, top5_acc: 0.9322, loss_cls: 0.9011, loss: 0.9011
2026-08-25 01:14:43,984 - pyskl - INFO - Epoch [3][4300/5537]	lr: 2.319e-02, eta: 2 days, 3:44:03, time: 2.534, data_time: 0.000, memory: 5243, top1_acc: 0.7228, top5_acc: 0.9291, loss_cls: 0.9046, loss: 0.9046
2026-08-25 01:19:00,177 - pyskl - INFO - Epoch [3][4400/5537]	lr: 2.317e-02, eta: 2 days, 3:39:57, time: 2.562, data_time: 0.000, memory: 5243, top1_acc: 0.7238, top5_acc: 0.9269, loss_cls: 0.9066, loss: 0.9066
2026-08-25 01:23:15,152 - pyskl - INFO - Epoch [3][4500/5537]	lr: 2.314e-02, eta: 2 days, 3:35:46, time: 2.550, data_time: 0.000, memory: 5243, top1_acc: 0.7269, top5_acc: 0.9369, loss_cls: 0.8885, loss: 0.8885
2026-08-25 01:27:30,307 - pyskl - INFO - Epoch [3][4600/5537]	lr: 2.312e-02, eta: 2 days, 3:31:35, time: 2.552, data_time: 0.000, memory: 5243, top1_acc: 0.7169, top5_acc: 0.9297, loss_cls: 0.9276, loss: 0.9276
2026-08-25 01:31:44,875 - pyskl - INFO - Epoch [3][4700/5537]	lr: 2.310e-02, eta: 2 days, 3:27:21, time: 2.546, data_time: 0.000, memory: 5243, top1_acc: 0.7228, top5_acc: 0.9284, loss_cls: 0.9290, loss: 0.9290
2026-08-25 01:35:59,191 - pyskl - INFO - Epoch [3][4800/5537]	lr: 2.307e-02, eta: 2 days, 3:23:07, time: 2.543, data_time: 0.000, memory: 5243, top1_acc: 0.7316, top5_acc: 0.9313, loss_cls: 0.8946, loss: 0.8946
2026-08-25 01:40:14,650 - pyskl - INFO - Epoch [3][4900/5537]	lr: 2.305e-02, eta: 2 days, 3:18:57, time: 2.555, data_time: 0.000, memory: 5243, top1_acc: 0.7253, top5_acc: 0.9263, loss_cls: 0.9297, loss: 0.9297
2026-08-25 01:44:28,555 - pyskl - INFO - Epoch [3][5000/5537]	lr: 2.302e-02, eta: 2 days, 3:14:41, time: 2.539, data_time: 0.000, memory: 5243, top1_acc: 0.7175, top5_acc: 0.9353, loss_cls: 0.9163, loss: 0.9163
2026-08-25 01:48:43,470 - pyskl - INFO - Epoch [3][5100/5537]	lr: 2.300e-02, eta: 2 days, 3:10:28, time: 2.549, data_time: 0.000, memory: 5243, top1_acc: 0.7347, top5_acc: 0.9328, loss_cls: 0.8790, loss: 0.8790
2026-08-25 01:52:59,467 - pyskl - INFO - Epoch [3][5200/5537]	lr: 2.298e-02, eta: 2 days, 3:06:21, time: 2.560, data_time: 0.000, memory: 5243, top1_acc: 0.7087, top5_acc: 0.9287, loss_cls: 0.9355, loss: 0.9355
2026-08-25 01:57:13,614 - pyskl - INFO - Epoch [3][5300/5537]	lr: 2.295e-02, eta: 2 days, 3:02:06, time: 2.541, data_time: 0.000, memory: 5243, top1_acc: 0.7275, top5_acc: 0.9325, loss_cls: 0.8909, loss: 0.8909
2026-08-25 02:01:28,504 - pyskl - INFO - Epoch [3][5400/5537]	lr: 2.293e-02, eta: 2 days, 2:57:53, time: 2.549, data_time: 0.000, memory: 5243, top1_acc: 0.7203, top5_acc: 0.9278, loss_cls: 0.9085, loss: 0.9085
2026-08-25 02:05:43,915 - pyskl - INFO - Epoch [3][5500/5537]	lr: 2.290e-02, eta: 2 days, 2:53:43, time: 2.554, data_time: 0.000, memory: 5243, top1_acc: 0.7188, top5_acc: 0.9350, loss_cls: 0.9015, loss: 0.9015
2026-08-25 02:07:17,981 - pyskl - INFO - Saving checkpoint at 3 epochs
2026-08-25 02:13:29,534 - pyskl - INFO - Evaluating top_k_accuracy ...
2026-08-25 02:13:29,545 - pyskl - INFO - 
top1_acc	0.8114
top5_acc	0.9643
2026-08-25 02:13:29,546 - pyskl - INFO - The previous best checkpoint D:\YxjProject\pythonProject\pyskl\work_dirs\aug_baseline\stgcnpp_j\train\A5_random_single\best_top1_acc_epoch_2.pth was removed
2026-08-25 02:13:29,615 - pyskl - INFO - Now best checkpoint is saved as best_top1_acc_epoch_3.pth.
2026-08-25 02:13:29,615 - pyskl - INFO - Best top1_acc is 0.8114 at 3 epoch.
2026-08-25 02:13:29,615 - pyskl - INFO - Epoch(val) [3][146]	top1_acc: 0.8114, top5_acc: 0.9643
2026-08-25 02:17:51,713 - pyskl - INFO - Epoch [4][100/5537]	lr: 2.287e-02, eta: 2 days, 2:41:43, time: 2.621, data_time: 0.067, memory: 5243, top1_acc: 0.7459, top5_acc: 0.9375, loss_cls: 0.8501, loss: 0.8501
2026-08-25 02:22:07,723 - pyskl - INFO - Epoch [4][200/5537]	lr: 2.284e-02, eta: 2 days, 2:37:38, time: 2.560, data_time: 0.000, memory: 5243, top1_acc: 0.7338, top5_acc: 0.9363, loss_cls: 0.8692, loss: 0.8692
2026-08-25 02:26:21,878 - pyskl - INFO - Epoch [4][300/5537]	lr: 2.282e-02, eta: 2 days, 2:33:25, time: 2.542, data_time: 0.000, memory: 5243, top1_acc: 0.7278, top5_acc: 0.9306, loss_cls: 0.9168, loss: 0.9168
2026-08-25 02:30:37,004 - pyskl - INFO - Epoch [4][400/5537]	lr: 2.279e-02, eta: 2 days, 2:29:16, time: 2.551, data_time: 0.000, memory: 5243, top1_acc: 0.7281, top5_acc: 0.9369, loss_cls: 0.8723, loss: 0.8723
2026-08-25 02:34:52,286 - pyskl - INFO - Epoch [4][500/5537]	lr: 2.277e-02, eta: 2 days, 2:25:08, time: 2.553, data_time: 0.000, memory: 5243, top1_acc: 0.7416, top5_acc: 0.9331, loss_cls: 0.8829, loss: 0.8829
2026-08-25 02:39:06,620 - pyskl - INFO - Epoch [4][600/5537]	lr: 2.274e-02, eta: 2 days, 2:20:56, time: 2.543, data_time: 0.000, memory: 5243, top1_acc: 0.7366, top5_acc: 0.9359, loss_cls: 0.8739, loss: 0.8739
2026-08-25 02:43:21,802 - pyskl - INFO - Epoch [4][700/5537]	lr: 2.272e-02, eta: 2 days, 2:16:47, time: 2.552, data_time: 0.000, memory: 5243, top1_acc: 0.7278, top5_acc: 0.9297, loss_cls: 0.9125, loss: 0.9125
2026-08-25 02:47:37,402 - pyskl - INFO - Epoch [4][800/5537]	lr: 2.269e-02, eta: 2 days, 2:12:40, time: 2.556, data_time: 0.000, memory: 5243, top1_acc: 0.7297, top5_acc: 0.9256, loss_cls: 0.9173, loss: 0.9173
2026-08-25 02:51:53,030 - pyskl - INFO - Epoch [4][900/5537]	lr: 2.267e-02, eta: 2 days, 2:08:33, time: 2.556, data_time: 0.000, memory: 5243, top1_acc: 0.7278, top5_acc: 0.9297, loss_cls: 0.9133, loss: 0.9133
2026-08-25 02:56:07,306 - pyskl - INFO - Epoch [4][1000/5537]	lr: 2.264e-02, eta: 2 days, 2:04:20, time: 2.543, data_time: 0.000, memory: 5243, top1_acc: 0.7319, top5_acc: 0.9366, loss_cls: 0.8863, loss: 0.8863
2026-08-25 03:00:22,558 - pyskl - INFO - Epoch [4][1100/5537]	lr: 2.261e-02, eta: 2 days, 2:00:11, time: 2.553, data_time: 0.000, memory: 5243, top1_acc: 0.7353, top5_acc: 0.9322, loss_cls: 0.8774, loss: 0.8774
2026-08-25 03:04:37,842 - pyskl - INFO - Epoch [4][1200/5537]	lr: 2.259e-02, eta: 2 days, 1:56:03, time: 2.553, data_time: 0.000, memory: 5243, top1_acc: 0.7325, top5_acc: 0.9378, loss_cls: 0.8629, loss: 0.8629
2026-08-25 03:08:51,689 - pyskl - INFO - Epoch [4][1300/5537]	lr: 2.256e-02, eta: 2 days, 1:51:48, time: 2.538, data_time: 0.000, memory: 5243, top1_acc: 0.7444, top5_acc: 0.9322, loss_cls: 0.8598, loss: 0.8598
2026-08-25 03:13:07,226 - pyskl - INFO - Epoch [4][1400/5537]	lr: 2.254e-02, eta: 2 days, 1:47:40, time: 2.555, data_time: 0.000, memory: 5243, top1_acc: 0.7300, top5_acc: 0.9334, loss_cls: 0.8772, loss: 0.8772
2026-08-25 03:17:22,490 - pyskl - INFO - Epoch [4][1500/5537]	lr: 2.251e-02, eta: 2 days, 1:43:31, time: 2.553, data_time: 0.000, memory: 5243, top1_acc: 0.7172, top5_acc: 0.9325, loss_cls: 0.9116, loss: 0.9116
2026-08-25 03:21:37,896 - pyskl - INFO - Epoch [4][1600/5537]	lr: 2.248e-02, eta: 2 days, 1:39:23, time: 2.554, data_time: 0.000, memory: 5243, top1_acc: 0.7384, top5_acc: 0.9350, loss_cls: 0.8718, loss: 0.8718
2026-08-25 03:25:51,841 - pyskl - INFO - Epoch [4][1700/5537]	lr: 2.246e-02, eta: 2 days, 1:35:09, time: 2.539, data_time: 0.000, memory: 5243, top1_acc: 0.7328, top5_acc: 0.9378, loss_cls: 0.8849, loss: 0.8849
2026-08-25 03:30:06,745 - pyskl - INFO - Epoch [4][1800/5537]	lr: 2.243e-02, eta: 2 days, 1:30:58, time: 2.549, data_time: 0.001, memory: 5243, top1_acc: 0.7372, top5_acc: 0.9375, loss_cls: 0.8696, loss: 0.8696
2026-08-25 03:34:22,524 - pyskl - INFO - Epoch [4][1900/5537]	lr: 2.240e-02, eta: 2 days, 1:26:51, time: 2.558, data_time: 0.000, memory: 5243, top1_acc: 0.7344, top5_acc: 0.9353, loss_cls: 0.8767, loss: 0.8767
2026-08-25 03:38:36,905 - pyskl - INFO - Epoch [4][2000/5537]	lr: 2.238e-02, eta: 2 days, 1:22:38, time: 2.544, data_time: 0.000, memory: 5243, top1_acc: 0.7428, top5_acc: 0.9284, loss_cls: 0.8673, loss: 0.8673
2026-08-25 03:42:52,491 - pyskl - INFO - Epoch [4][2100/5537]	lr: 2.235e-02, eta: 2 days, 1:18:30, time: 2.556, data_time: 0.000, memory: 5243, top1_acc: 0.7334, top5_acc: 0.9334, loss_cls: 0.8635, loss: 0.8635
2026-08-25 03:47:07,133 - pyskl - INFO - Epoch [4][2200/5537]	lr: 2.232e-02, eta: 2 days, 1:14:18, time: 2.546, data_time: 0.000, memory: 5243, top1_acc: 0.7394, top5_acc: 0.9397, loss_cls: 0.8650, loss: 0.8650
2026-08-25 03:51:21,518 - pyskl - INFO - Epoch [4][2300/5537]	lr: 2.229e-02, eta: 2 days, 1:10:06, time: 2.544, data_time: 0.000, memory: 5243, top1_acc: 0.7509, top5_acc: 0.9450, loss_cls: 0.8258, loss: 0.8258
2026-08-25 03:55:37,031 - pyskl - INFO - Epoch [4][2400/5537]	lr: 2.227e-02, eta: 2 days, 1:05:57, time: 2.555, data_time: 0.000, memory: 5243, top1_acc: 0.7244, top5_acc: 0.9344, loss_cls: 0.9089, loss: 0.9089
2026-08-25 03:59:52,690 - pyskl - INFO - Epoch [4][2500/5537]	lr: 2.224e-02, eta: 2 days, 1:01:49, time: 2.557, data_time: 0.000, memory: 5243, top1_acc: 0.7288, top5_acc: 0.9431, loss_cls: 0.8616, loss: 0.8616
2026-08-25 04:04:07,509 - pyskl - INFO - Epoch [4][2600/5537]	lr: 2.221e-02, eta: 2 days, 0:57:38, time: 2.548, data_time: 0.000, memory: 5243, top1_acc: 0.7462, top5_acc: 0.9372, loss_cls: 0.8363, loss: 0.8363
2026-08-25 04:08:21,476 - pyskl - INFO - Epoch [4][2700/5537]	lr: 2.218e-02, eta: 2 days, 0:53:24, time: 2.540, data_time: 0.000, memory: 5243, top1_acc: 0.7306, top5_acc: 0.9328, loss_cls: 0.9023, loss: 0.9023
2026-08-25 04:12:36,806 - pyskl - INFO - Epoch [4][2800/5537]	lr: 2.215e-02, eta: 2 days, 0:49:14, time: 2.553, data_time: 0.000, memory: 5243, top1_acc: 0.7519, top5_acc: 0.9413, loss_cls: 0.8177, loss: 0.8177
2026-08-25 04:16:51,568 - pyskl - INFO - Epoch [4][2900/5537]	lr: 2.213e-02, eta: 2 days, 0:45:03, time: 2.548, data_time: 0.000, memory: 5243, top1_acc: 0.7453, top5_acc: 0.9372, loss_cls: 0.8452, loss: 0.8452
2026-08-25 04:21:05,722 - pyskl - INFO - Epoch [4][3000/5537]	lr: 2.210e-02, eta: 2 days, 0:40:49, time: 2.542, data_time: 0.000, memory: 5243, top1_acc: 0.7512, top5_acc: 0.9422, loss_cls: 0.8234, loss: 0.8234
2026-08-25 04:25:21,364 - pyskl - INFO - Epoch [4][3100/5537]	lr: 2.207e-02, eta: 2 days, 0:36:40, time: 2.556, data_time: 0.000, memory: 5243, top1_acc: 0.7500, top5_acc: 0.9381, loss_cls: 0.8240, loss: 0.8240
2026-08-25 04:29:36,497 - pyskl - INFO - Epoch [4][3200/5537]	lr: 2.204e-02, eta: 2 days, 0:32:30, time: 2.551, data_time: 0.000, memory: 5243, top1_acc: 0.7609, top5_acc: 0.9384, loss_cls: 0.8110, loss: 0.8110
2026-08-25 04:33:52,117 - pyskl - INFO - Epoch [4][3300/5537]	lr: 2.201e-02, eta: 2 days, 0:28:21, time: 2.556, data_time: 0.000, memory: 5243, top1_acc: 0.7328, top5_acc: 0.9331, loss_cls: 0.8619, loss: 0.8619
2026-08-25 04:38:05,985 - pyskl - INFO - Epoch [4][3400/5537]	lr: 2.198e-02, eta: 2 days, 0:24:06, time: 2.539, data_time: 0.000, memory: 5243, top1_acc: 0.7341, top5_acc: 0.9394, loss_cls: 0.8442, loss: 0.8442
2026-08-25 04:42:20,902 - pyskl - INFO - Epoch [4][3500/5537]	lr: 2.195e-02, eta: 2 days, 0:19:55, time: 2.549, data_time: 0.000, memory: 5243, top1_acc: 0.7428, top5_acc: 0.9387, loss_cls: 0.8544, loss: 0.8544
2026-08-25 04:46:36,721 - pyskl - INFO - Epoch [4][3600/5537]	lr: 2.192e-02, eta: 2 days, 0:15:47, time: 2.558, data_time: 0.000, memory: 5243, top1_acc: 0.7288, top5_acc: 0.9331, loss_cls: 0.8709, loss: 0.8709
2026-08-25 04:50:50,867 - pyskl - INFO - Epoch [4][3700/5537]	lr: 2.190e-02, eta: 2 days, 0:11:33, time: 2.541, data_time: 0.000, memory: 5243, top1_acc: 0.7250, top5_acc: 0.9422, loss_cls: 0.8584, loss: 0.8584
2026-08-25 04:55:06,196 - pyskl - INFO - Epoch [4][3800/5537]	lr: 2.187e-02, eta: 2 days, 0:07:23, time: 2.553, data_time: 0.000, memory: 5243, top1_acc: 0.7431, top5_acc: 0.9419, loss_cls: 0.8300, loss: 0.8300
2026-08-25 04:59:21,742 - pyskl - INFO - Epoch [4][3900/5537]	lr: 2.184e-02, eta: 2 days, 0:03:14, time: 2.555, data_time: 0.001, memory: 5243, top1_acc: 0.7444, top5_acc: 0.9369, loss_cls: 0.8467, loss: 0.8467
2026-08-25 05:03:36,904 - pyskl - INFO - Epoch [4][4000/5537]	lr: 2.181e-02, eta: 1 day, 23:59:03, time: 2.552, data_time: 0.000, memory: 5243, top1_acc: 0.7256, top5_acc: 0.9303, loss_cls: 0.9023, loss: 0.9023
2026-08-25 05:07:51,313 - pyskl - INFO - Epoch [4][4100/5537]	lr: 2.178e-02, eta: 1 day, 23:54:50, time: 2.544, data_time: 0.000, memory: 5243, top1_acc: 0.7559, top5_acc: 0.9400, loss_cls: 0.8265, loss: 0.8265
2026-08-25 05:12:06,426 - pyskl - INFO - Epoch [4][4200/5537]	lr: 2.175e-02, eta: 1 day, 23:50:39, time: 2.551, data_time: 0.000, memory: 5243, top1_acc: 0.7606, top5_acc: 0.9406, loss_cls: 0.7981, loss: 0.7981
2026-08-25 05:16:21,741 - pyskl - INFO - Epoch [4][4300/5537]	lr: 2.172e-02, eta: 1 day, 23:46:29, time: 2.553, data_time: 0.000, memory: 5243, top1_acc: 0.7444, top5_acc: 0.9372, loss_cls: 0.8608, loss: 0.8608
2026-08-25 05:20:36,136 - pyskl - INFO - Epoch [4][4400/5537]	lr: 2.169e-02, eta: 1 day, 23:42:16, time: 2.544, data_time: 0.000, memory: 5243, top1_acc: 0.7500, top5_acc: 0.9353, loss_cls: 0.8433, loss: 0.8433
2026-08-25 05:24:51,817 - pyskl - INFO - Epoch [4][4500/5537]	lr: 2.166e-02, eta: 1 day, 23:38:07, time: 2.557, data_time: 0.000, memory: 5243, top1_acc: 0.7500, top5_acc: 0.9363, loss_cls: 0.8438, loss: 0.8438
2026-08-25 05:29:07,711 - pyskl - INFO - Epoch [4][4600/5537]	lr: 2.163e-02, eta: 1 day, 23:33:58, time: 2.559, data_time: 0.000, memory: 5243, top1_acc: 0.7434, top5_acc: 0.9403, loss_cls: 0.8181, loss: 0.8181
2026-08-25 05:33:22,177 - pyskl - INFO - Epoch [4][4700/5537]	lr: 2.160e-02, eta: 1 day, 23:29:45, time: 2.545, data_time: 0.000, memory: 5243, top1_acc: 0.7475, top5_acc: 0.9416, loss_cls: 0.8455, loss: 0.8455
2026-08-25 05:37:37,659 - pyskl - INFO - Epoch [4][4800/5537]	lr: 2.157e-02, eta: 1 day, 23:25:35, time: 2.555, data_time: 0.000, memory: 5243, top1_acc: 0.7528, top5_acc: 0.9391, loss_cls: 0.8297, loss: 0.8297
2026-08-25 05:41:52,588 - pyskl - INFO - Epoch [4][4900/5537]	lr: 2.154e-02, eta: 1 day, 23:21:24, time: 2.549, data_time: 0.000, memory: 5243, top1_acc: 0.7553, top5_acc: 0.9366, loss_cls: 0.8278, loss: 0.8278
2026-08-25 05:46:08,576 - pyskl - INFO - Epoch [4][5000/5537]	lr: 2.151e-02, eta: 1 day, 23:17:15, time: 2.560, data_time: 0.000, memory: 5243, top1_acc: 0.7478, top5_acc: 0.9391, loss_cls: 0.8185, loss: 0.8185
2026-08-25 05:50:22,661 - pyskl - INFO - Epoch [4][5100/5537]	lr: 2.148e-02, eta: 1 day, 23:13:01, time: 2.541, data_time: 0.000, memory: 5243, top1_acc: 0.7584, top5_acc: 0.9437, loss_cls: 0.7957, loss: 0.7957
2026-08-25 05:54:37,897 - pyskl - INFO - Epoch [4][5200/5537]	lr: 2.144e-02, eta: 1 day, 23:08:50, time: 2.552, data_time: 0.000, memory: 5243, top1_acc: 0.7453, top5_acc: 0.9416, loss_cls: 0.8278, loss: 0.8278
2026-08-25 05:58:52,723 - pyskl - INFO - Epoch [4][5300/5537]	lr: 2.141e-02, eta: 1 day, 23:04:38, time: 2.548, data_time: 0.000, memory: 5243, top1_acc: 0.7425, top5_acc: 0.9394, loss_cls: 0.8446, loss: 0.8446
2026-08-25 06:03:06,764 - pyskl - INFO - Epoch [4][5400/5537]	lr: 2.138e-02, eta: 1 day, 23:00:23, time: 2.540, data_time: 0.000, memory: 5243, top1_acc: 0.7375, top5_acc: 0.9337, loss_cls: 0.8477, loss: 0.8477
2026-08-25 06:07:22,126 - pyskl - INFO - Epoch [4][5500/5537]	lr: 2.135e-02, eta: 1 day, 22:56:13, time: 2.554, data_time: 0.000, memory: 5243, top1_acc: 0.7625, top5_acc: 0.9487, loss_cls: 0.7725, loss: 0.7725
2026-08-25 06:08:55,529 - pyskl - INFO - Saving checkpoint at 4 epochs
2026-08-25 06:14:51,457 - pyskl - INFO - Evaluating top_k_accuracy ...
2026-08-25 06:14:51,469 - pyskl - INFO - 
top1_acc	0.7815
top5_acc	0.9631
2026-08-25 06:14:51,469 - pyskl - INFO - Epoch(val) [4][146]	top1_acc: 0.7815, top5_acc: 0.9631
2026-08-25 06:19:13,780 - pyskl - INFO - Epoch [5][100/5537]	lr: 2.131e-02, eta: 1 day, 22:46:08, time: 2.623, data_time: 0.067, memory: 5243, top1_acc: 0.7500, top5_acc: 0.9416, loss_cls: 0.8324, loss: 0.8324
2026-08-25 06:23:28,990 - pyskl - INFO - Epoch [5][200/5537]	lr: 2.128e-02, eta: 1 day, 22:41:59, time: 2.552, data_time: 0.000, memory: 5243, top1_acc: 0.7653, top5_acc: 0.9381, loss_cls: 0.7990, loss: 0.7990
2026-08-25 06:27:44,799 - pyskl - INFO - Epoch [5][300/5537]	lr: 2.124e-02, eta: 1 day, 22:37:51, time: 2.558, data_time: 0.000, memory: 5243, top1_acc: 0.7516, top5_acc: 0.9394, loss_cls: 0.8074, loss: 0.8074
2026-08-25 06:31:58,938 - pyskl - INFO - Epoch [5][400/5537]	lr: 2.121e-02, eta: 1 day, 22:33:38, time: 2.541, data_time: 0.000, memory: 5243, top1_acc: 0.7481, top5_acc: 0.9384, loss_cls: 0.8027, loss: 0.8027
2026-08-25 06:36:14,754 - pyskl - INFO - Epoch [5][500/5537]	lr: 2.118e-02, eta: 1 day, 22:29:30, time: 2.558, data_time: 0.000, memory: 5243, top1_acc: 0.7528, top5_acc: 0.9413, loss_cls: 0.8235, loss: 0.8235
2026-08-25 06:40:30,336 - pyskl - INFO - Epoch [5][600/5537]	lr: 2.115e-02, eta: 1 day, 22:25:22, time: 2.556, data_time: 0.000, memory: 5243, top1_acc: 0.7359, top5_acc: 0.9369, loss_cls: 0.8550, loss: 0.8550
2026-08-25 06:44:44,253 - pyskl - INFO - Epoch [5][700/5537]	lr: 2.112e-02, eta: 1 day, 22:21:08, time: 2.539, data_time: 0.000, memory: 5243, top1_acc: 0.7469, top5_acc: 0.9350, loss_cls: 0.8432, loss: 0.8432
2026-08-25 06:49:00,089 - pyskl - INFO - Epoch [5][800/5537]	lr: 2.108e-02, eta: 1 day, 22:17:00, time: 2.558, data_time: 0.000, memory: 5243, top1_acc: 0.7631, top5_acc: 0.9406, loss_cls: 0.7942, loss: 0.7942
2026-08-25 06:53:15,924 - pyskl - INFO - Epoch [5][900/5537]	lr: 2.105e-02, eta: 1 day, 22:12:52, time: 2.558, data_time: 0.000, memory: 5243, top1_acc: 0.7606, top5_acc: 0.9403, loss_cls: 0.8012, loss: 0.8012
2026-08-25 06:57:31,207 - pyskl - INFO - Epoch [5][1000/5537]	lr: 2.102e-02, eta: 1 day, 22:08:42, time: 2.553, data_time: 0.000, memory: 5243, top1_acc: 0.7506, top5_acc: 0.9444, loss_cls: 0.7956, loss: 0.7956
2026-08-25 07:01:46,627 - pyskl - INFO - Epoch [5][1100/5537]	lr: 2.099e-02, eta: 1 day, 22:04:33, time: 2.554, data_time: 0.000, memory: 5243, top1_acc: 0.7694, top5_acc: 0.9472, loss_cls: 0.7643, loss: 0.7643
2026-08-25 07:06:02,455 - pyskl - INFO - Epoch [5][1200/5537]	lr: 2.096e-02, eta: 1 day, 22:00:24, time: 2.558, data_time: 0.000, memory: 5243, top1_acc: 0.7581, top5_acc: 0.9447, loss_cls: 0.7919, loss: 0.7919
2026-08-25 07:10:17,941 - pyskl - INFO - Epoch [5][1300/5537]	lr: 2.092e-02, eta: 1 day, 21:56:15, time: 2.555, data_time: 0.000, memory: 5243, top1_acc: 0.7459, top5_acc: 0.9363, loss_cls: 0.8487, loss: 0.8487
2026-08-25 07:14:32,123 - pyskl - INFO - Epoch [5][1400/5537]	lr: 2.089e-02, eta: 1 day, 21:52:02, time: 2.542, data_time: 0.000, memory: 5243, top1_acc: 0.7425, top5_acc: 0.9369, loss_cls: 0.8325, loss: 0.8325
2026-08-25 07:18:47,785 - pyskl - INFO - Epoch [5][1500/5537]	lr: 2.086e-02, eta: 1 day, 21:47:53, time: 2.557, data_time: 0.000, memory: 5243, top1_acc: 0.7606, top5_acc: 0.9456, loss_cls: 0.7746, loss: 0.7746
2026-08-25 07:23:03,626 - pyskl - INFO - Epoch [5][1600/5537]	lr: 2.082e-02, eta: 1 day, 21:43:45, time: 2.558, data_time: 0.000, memory: 5243, top1_acc: 0.7731, top5_acc: 0.9403, loss_cls: 0.7729, loss: 0.7729
2026-08-25 07:27:18,140 - pyskl - INFO - Epoch [5][1700/5537]	lr: 2.079e-02, eta: 1 day, 21:39:33, time: 2.545, data_time: 0.000, memory: 5243, top1_acc: 0.7541, top5_acc: 0.9375, loss_cls: 0.8203, loss: 0.8203
2026-08-25 07:31:34,150 - pyskl - INFO - Epoch [5][1800/5537]	lr: 2.076e-02, eta: 1 day, 21:35:24, time: 2.560, data_time: 0.000, memory: 5243, top1_acc: 0.7597, top5_acc: 0.9456, loss_cls: 0.7811, loss: 0.7811
2026-08-25 07:35:49,405 - pyskl - INFO - Epoch [5][1900/5537]	lr: 2.072e-02, eta: 1 day, 21:31:14, time: 2.553, data_time: 0.000, memory: 5243, top1_acc: 0.7397, top5_acc: 0.9359, loss_cls: 0.8316, loss: 0.8316
2026-08-25 07:40:04,690 - pyskl - INFO - Epoch [5][2000/5537]	lr: 2.069e-02, eta: 1 day, 21:27:04, time: 2.553, data_time: 0.000, memory: 5243, top1_acc: 0.7616, top5_acc: 0.9469, loss_cls: 0.7822, loss: 0.7822
2026-08-25 07:44:19,048 - pyskl - INFO - Epoch [5][2100/5537]	lr: 2.066e-02, eta: 1 day, 21:22:51, time: 2.544, data_time: 0.000, memory: 5243, top1_acc: 0.7597, top5_acc: 0.9363, loss_cls: 0.7989, loss: 0.7989
2026-08-25 07:48:34,790 - pyskl - INFO - Epoch [5][2200/5537]	lr: 2.062e-02, eta: 1 day, 21:18:42, time: 2.557, data_time: 0.000, memory: 5243, top1_acc: 0.7622, top5_acc: 0.9431, loss_cls: 0.7853, loss: 0.7853
2026-08-25 07:52:50,805 - pyskl - INFO - Epoch [5][2300/5537]	lr: 2.059e-02, eta: 1 day, 21:14:34, time: 2.560, data_time: 0.000, memory: 5243, top1_acc: 0.7462, top5_acc: 0.9337, loss_cls: 0.8513, loss: 0.8513
2026-08-25 07:57:04,835 - pyskl - INFO - Epoch [5][2400/5537]	lr: 2.056e-02, eta: 1 day, 21:10:20, time: 2.540, data_time: 0.000, memory: 5243, top1_acc: 0.7519, top5_acc: 0.9456, loss_cls: 0.8102, loss: 0.8102
2026-08-25 08:01:20,625 - pyskl - INFO - Epoch [5][2500/5537]	lr: 2.052e-02, eta: 1 day, 21:06:11, time: 2.558, data_time: 0.000, memory: 5243, top1_acc: 0.7644, top5_acc: 0.9406, loss_cls: 0.7758, loss: 0.7758
2026-08-25 08:05:36,294 - pyskl - INFO - Epoch [5][2600/5537]	lr: 2.049e-02, eta: 1 day, 21:02:02, time: 2.557, data_time: 0.000, memory: 5243, top1_acc: 0.7541, top5_acc: 0.9416, loss_cls: 0.7985, loss: 0.7985
2026-08-25 08:09:51,377 - pyskl - INFO - Epoch [5][2700/5537]	lr: 2.045e-02, eta: 1 day, 20:57:51, time: 2.551, data_time: 0.000, memory: 5243, top1_acc: 0.7659, top5_acc: 0.9437, loss_cls: 0.7760, loss: 0.7760
2026-08-25 08:14:04,700 - pyskl - INFO - Epoch [5][2800/5537]	lr: 2.042e-02, eta: 1 day, 20:53:35, time: 2.533, data_time: 0.000, memory: 5243, top1_acc: 0.7522, top5_acc: 0.9419, loss_cls: 0.8062, loss: 0.8062
2026-08-25 08:18:20,055 - pyskl - INFO - Epoch [5][2900/5537]	lr: 2.039e-02, eta: 1 day, 20:49:25, time: 2.554, data_time: 0.000, memory: 5243, top1_acc: 0.7688, top5_acc: 0.9409, loss_cls: 0.7726, loss: 0.7726
2026-08-25 08:22:34,669 - pyskl - INFO - Epoch [5][3000/5537]	lr: 2.035e-02, eta: 1 day, 20:45:13, time: 2.546, data_time: 0.000, memory: 5243, top1_acc: 0.7559, top5_acc: 0.9419, loss_cls: 0.7962, loss: 0.7962
2026-08-25 08:26:48,382 - pyskl - INFO - Epoch [5][3100/5537]	lr: 2.032e-02, eta: 1 day, 20:40:58, time: 2.537, data_time: 0.000, memory: 5243, top1_acc: 0.7684, top5_acc: 0.9487, loss_cls: 0.7492, loss: 0.7492
2026-08-25 08:31:03,278 - pyskl - INFO - Epoch [5][3200/5537]	lr: 2.028e-02, eta: 1 day, 20:36:47, time: 2.549, data_time: 0.000, memory: 5243, top1_acc: 0.7456, top5_acc: 0.9403, loss_cls: 0.8253, loss: 0.8253
2026-08-25 08:35:18,139 - pyskl - INFO - Epoch [5][3300/5537]	lr: 2.025e-02, eta: 1 day, 20:32:35, time: 2.549, data_time: 0.000, memory: 5243, top1_acc: 0.7600, top5_acc: 0.9400, loss_cls: 0.7981, loss: 0.7981
2026-08-25 08:39:33,591 - pyskl - INFO - Epoch [5][3400/5537]	lr: 2.021e-02, eta: 1 day, 20:28:25, time: 2.555, data_time: 0.000, memory: 5243, top1_acc: 0.7512, top5_acc: 0.9384, loss_cls: 0.8067, loss: 0.8067
2026-08-25 08:43:48,027 - pyskl - INFO - Epoch [5][3500/5537]	lr: 2.018e-02, eta: 1 day, 20:24:12, time: 2.544, data_time: 0.000, memory: 5243, top1_acc: 0.7703, top5_acc: 0.9519, loss_cls: 0.7407, loss: 0.7407
2026-08-25 08:48:03,443 - pyskl - INFO - Epoch [5][3600/5537]	lr: 2.014e-02, eta: 1 day, 20:20:01, time: 2.554, data_time: 0.000, memory: 5243, top1_acc: 0.7562, top5_acc: 0.9397, loss_cls: 0.8069, loss: 0.8069
2026-08-25 08:52:18,869 - pyskl - INFO - Epoch [5][3700/5537]	lr: 2.011e-02, eta: 1 day, 20:15:51, time: 2.554, data_time: 0.000, memory: 5243, top1_acc: 0.7416, top5_acc: 0.9459, loss_cls: 0.8169, loss: 0.8169
2026-08-25 08:56:33,386 - pyskl - INFO - Epoch [5][3800/5537]	lr: 2.007e-02, eta: 1 day, 20:11:38, time: 2.545, data_time: 0.000, memory: 5243, top1_acc: 0.7628, top5_acc: 0.9381, loss_cls: 0.7837, loss: 0.7837
2026-08-25 09:00:48,904 - pyskl - INFO - Epoch [5][3900/5537]	lr: 2.004e-02, eta: 1 day, 20:07:28, time: 2.555, data_time: 0.000, memory: 5243, top1_acc: 0.7578, top5_acc: 0.9425, loss_cls: 0.7904, loss: 0.7904
2026-08-25 09:05:04,749 - pyskl - INFO - Epoch [5][4000/5537]	lr: 2.000e-02, eta: 1 day, 20:03:19, time: 2.558, data_time: 0.000, memory: 5243, top1_acc: 0.7684, top5_acc: 0.9409, loss_cls: 0.7959, loss: 0.7959
2026-08-25 09:09:19,229 - pyskl - INFO - Epoch [5][4100/5537]	lr: 1.997e-02, eta: 1 day, 19:59:06, time: 2.545, data_time: 0.000, memory: 5243, top1_acc: 0.7641, top5_acc: 0.9416, loss_cls: 0.7718, loss: 0.7718
2026-08-25 09:13:35,016 - pyskl - INFO - Epoch [5][4200/5537]	lr: 1.993e-02, eta: 1 day, 19:54:56, time: 2.558, data_time: 0.000, memory: 5243, top1_acc: 0.7581, top5_acc: 0.9441, loss_cls: 0.8000, loss: 0.8000
2026-08-25 09:17:50,171 - pyskl - INFO - Epoch [5][4300/5537]	lr: 1.989e-02, eta: 1 day, 19:50:45, time: 2.552, data_time: 0.000, memory: 5243, top1_acc: 0.7519, top5_acc: 0.9409, loss_cls: 0.8120, loss: 0.8120
2026-08-25 09:22:05,401 - pyskl - INFO - Epoch [5][4400/5537]	lr: 1.986e-02, eta: 1 day, 19:46:34, time: 2.552, data_time: 0.000, memory: 5243, top1_acc: 0.7634, top5_acc: 0.9387, loss_cls: 0.7782, loss: 0.7782
2026-08-25 09:26:19,083 - pyskl - INFO - Epoch [5][4500/5537]	lr: 1.982e-02, eta: 1 day, 19:42:19, time: 2.537, data_time: 0.000, memory: 5243, top1_acc: 0.7681, top5_acc: 0.9403, loss_cls: 0.7755, loss: 0.7755
2026-08-25 09:30:34,016 - pyskl - INFO - Epoch [5][4600/5537]	lr: 1.979e-02, eta: 1 day, 19:38:07, time: 2.549, data_time: 0.000, memory: 5243, top1_acc: 0.7744, top5_acc: 0.9519, loss_cls: 0.7247, loss: 0.7247
2026-08-25 09:34:49,714 - pyskl - INFO - Epoch [5][4700/5537]	lr: 1.975e-02, eta: 1 day, 19:33:57, time: 2.557, data_time: 0.000, memory: 5243, top1_acc: 0.7453, top5_acc: 0.9400, loss_cls: 0.8187, loss: 0.8187
2026-08-25 09:39:03,729 - pyskl - INFO - Epoch [5][4800/5537]	lr: 1.971e-02, eta: 1 day, 19:29:43, time: 2.540, data_time: 0.000, memory: 5243, top1_acc: 0.7597, top5_acc: 0.9394, loss_cls: 0.7851, loss: 0.7851
2026-08-25 09:43:19,052 - pyskl - INFO - Epoch [5][4900/5537]	lr: 1.968e-02, eta: 1 day, 19:25:32, time: 2.553, data_time: 0.000, memory: 5243, top1_acc: 0.7738, top5_acc: 0.9434, loss_cls: 0.7627, loss: 0.7627
2026-08-25 09:47:33,895 - pyskl - INFO - Epoch [5][5000/5537]	lr: 1.964e-02, eta: 1 day, 19:21:20, time: 2.548, data_time: 0.000, memory: 5243, top1_acc: 0.7612, top5_acc: 0.9428, loss_cls: 0.7927, loss: 0.7927
2026-08-25 09:51:49,856 - pyskl - INFO - Epoch [5][5100/5537]	lr: 1.961e-02, eta: 1 day, 19:17:10, time: 2.560, data_time: 0.000, memory: 5243, top1_acc: 0.7653, top5_acc: 0.9447, loss_cls: 0.7878, loss: 0.7878
2026-08-25 09:56:03,581 - pyskl - INFO - Epoch [5][5200/5537]	lr: 1.957e-02, eta: 1 day, 19:12:55, time: 2.537, data_time: 0.000, memory: 5243, top1_acc: 0.7444, top5_acc: 0.9403, loss_cls: 0.8420, loss: 0.8420
2026-08-25 10:00:18,943 - pyskl - INFO - Epoch [5][5300/5537]	lr: 1.953e-02, eta: 1 day, 19:08:44, time: 2.554, data_time: 0.000, memory: 5243, top1_acc: 0.7738, top5_acc: 0.9519, loss_cls: 0.7330, loss: 0.7330
2026-08-25 10:04:34,412 - pyskl - INFO - Epoch [5][5400/5537]	lr: 1.950e-02, eta: 1 day, 19:04:33, time: 2.555, data_time: 0.000, memory: 5243, top1_acc: 0.7706, top5_acc: 0.9484, loss_cls: 0.7601, loss: 0.7601
2026-08-25 10:08:48,296 - pyskl - INFO - Epoch [5][5500/5537]	lr: 1.946e-02, eta: 1 day, 19:00:19, time: 2.539, data_time: 0.000, memory: 5243, top1_acc: 0.7734, top5_acc: 0.9478, loss_cls: 0.7552, loss: 0.7552
2026-08-25 10:10:23,682 - pyskl - INFO - Saving checkpoint at 5 epochs
2026-08-25 10:16:35,375 - pyskl - INFO - Evaluating top_k_accuracy ...
2026-08-25 10:16:35,386 - pyskl - INFO - 
top1_acc	0.8071
top5_acc	0.9714
2026-08-25 10:16:35,386 - pyskl - INFO - Epoch(val) [5][146]	top1_acc: 0.8071, top5_acc: 0.9714
2026-08-25 10:20:56,156 - pyskl - INFO - Epoch [6][100/5537]	lr: 1.941e-02, eta: 1 day, 18:51:20, time: 2.608, data_time: 0.066, memory: 5243, top1_acc: 0.7622, top5_acc: 0.9513, loss_cls: 0.7592, loss: 0.7592
2026-08-25 10:25:11,729 - pyskl - INFO - Epoch [6][200/5537]	lr: 1.937e-02, eta: 1 day, 18:47:10, time: 2.556, data_time: 0.000, memory: 5243, top1_acc: 0.7747, top5_acc: 0.9400, loss_cls: 0.7565, loss: 0.7565
2026-08-25 10:29:26,357 - pyskl - INFO - Epoch [6][300/5537]	lr: 1.933e-02, eta: 1 day, 18:42:59, time: 2.546, data_time: 0.000, memory: 5243, top1_acc: 0.7684, top5_acc: 0.9431, loss_cls: 0.7654, loss: 0.7654
2026-08-25 10:33:42,154 - pyskl - INFO - Epoch [6][400/5537]	lr: 1.930e-02, eta: 1 day, 18:38:49, time: 2.558, data_time: 0.000, memory: 5243, top1_acc: 0.7675, top5_acc: 0.9441, loss_cls: 0.7580, loss: 0.7580
2026-08-25 10:37:56,541 - pyskl - INFO - Epoch [6][500/5537]	lr: 1.926e-02, eta: 1 day, 18:34:37, time: 2.544, data_time: 0.000, memory: 5243, top1_acc: 0.7675, top5_acc: 0.9447, loss_cls: 0.7678, loss: 0.7678
2026-08-25 10:42:11,772 - pyskl - INFO - Epoch [6][600/5537]	lr: 1.922e-02, eta: 1 day, 18:30:26, time: 2.552, data_time: 0.000, memory: 5243, top1_acc: 0.7641, top5_acc: 0.9472, loss_cls: 0.7808, loss: 0.7808
2026-08-25 10:46:27,640 - pyskl - INFO - Epoch [6][700/5537]	lr: 1.918e-02, eta: 1 day, 18:26:17, time: 2.559, data_time: 0.000, memory: 5243, top1_acc: 0.7631, top5_acc: 0.9384, loss_cls: 0.7927, loss: 0.7927
2026-08-25 10:50:42,217 - pyskl - INFO - Epoch [6][800/5537]	lr: 1.915e-02, eta: 1 day, 18:22:05, time: 2.546, data_time: 0.000, memory: 5243, top1_acc: 0.7697, top5_acc: 0.9472, loss_cls: 0.7489, loss: 0.7489
2026-08-25 10:54:57,654 - pyskl - INFO - Epoch [6][900/5537]	lr: 1.911e-02, eta: 1 day, 18:17:55, time: 2.554, data_time: 0.000, memory: 5243, top1_acc: 0.7725, top5_acc: 0.9437, loss_cls: 0.7504, loss: 0.7504
2026-08-25 10:59:13,458 - pyskl - INFO - Epoch [6][1000/5537]	lr: 1.907e-02, eta: 1 day, 18:13:45, time: 2.558, data_time: 0.000, memory: 5243, top1_acc: 0.7569, top5_acc: 0.9400, loss_cls: 0.7958, loss: 0.7958
2026-08-25 11:03:28,051 - pyskl - INFO - Epoch [6][1100/5537]	lr: 1.903e-02, eta: 1 day, 18:09:33, time: 2.546, data_time: 0.000, memory: 5243, top1_acc: 0.7675, top5_acc: 0.9459, loss_cls: 0.7862, loss: 0.7862
2026-08-25 11:07:42,510 - pyskl - INFO - Epoch [6][1200/5537]	lr: 1.900e-02, eta: 1 day, 18:05:21, time: 2.545, data_time: 0.000, memory: 5243, top1_acc: 0.7675, top5_acc: 0.9481, loss_cls: 0.7651, loss: 0.7651
2026-08-25 11:11:58,404 - pyskl - INFO - Epoch [6][1300/5537]	lr: 1.896e-02, eta: 1 day, 18:01:12, time: 2.559, data_time: 0.000, memory: 5243, top1_acc: 0.7559, top5_acc: 0.9394, loss_cls: 0.8080, loss: 0.8080
2026-08-25 11:16:13,741 - pyskl - INFO - Epoch [6][1400/5537]	lr: 1.892e-02, eta: 1 day, 17:57:01, time: 2.553, data_time: 0.000, memory: 5243, top1_acc: 0.7847, top5_acc: 0.9478, loss_cls: 0.7287, loss: 0.7287
2026-08-25 11:20:27,491 - pyskl - INFO - Epoch [6][1500/5537]	lr: 1.888e-02, eta: 1 day, 17:52:47, time: 2.538, data_time: 0.000, memory: 5243, top1_acc: 0.7716, top5_acc: 0.9453, loss_cls: 0.7500, loss: 0.7500
2026-08-25 11:24:42,797 - pyskl - INFO - Epoch [6][1600/5537]	lr: 1.884e-02, eta: 1 day, 17:48:36, time: 2.553, data_time: 0.000, memory: 5243, top1_acc: 0.7772, top5_acc: 0.9441, loss_cls: 0.7573, loss: 0.7573
2026-08-25 11:28:58,268 - pyskl - INFO - Epoch [6][1700/5537]	lr: 1.881e-02, eta: 1 day, 17:44:26, time: 2.555, data_time: 0.000, memory: 5243, top1_acc: 0.7809, top5_acc: 0.9503, loss_cls: 0.7302, loss: 0.7302
2026-08-25 11:33:12,216 - pyskl - INFO - Epoch [6][1800/5537]	lr: 1.877e-02, eta: 1 day, 17:40:12, time: 2.539, data_time: 0.000, memory: 5243, top1_acc: 0.7788, top5_acc: 0.9469, loss_cls: 0.7463, loss: 0.7463
2026-08-25 11:37:27,758 - pyskl - INFO - Epoch [6][1900/5537]	lr: 1.873e-02, eta: 1 day, 17:36:02, time: 2.555, data_time: 0.000, memory: 5243, top1_acc: 0.7681, top5_acc: 0.9484, loss_cls: 0.7615, loss: 0.7615
2026-08-25 11:41:42,916 - pyskl - INFO - Epoch [6][2000/5537]	lr: 1.869e-02, eta: 1 day, 17:31:51, time: 2.552, data_time: 0.000, memory: 5243, top1_acc: 0.7788, top5_acc: 0.9497, loss_cls: 0.7399, loss: 0.7399
2026-08-25 11:45:58,418 - pyskl - INFO - Epoch [6][2100/5537]	lr: 1.865e-02, eta: 1 day, 17:27:41, time: 2.555, data_time: 0.000, memory: 5243, top1_acc: 0.7684, top5_acc: 0.9409, loss_cls: 0.7574, loss: 0.7574
2026-08-25 11:50:12,711 - pyskl - INFO - Epoch [6][2200/5537]	lr: 1.861e-02, eta: 1 day, 17:23:28, time: 2.543, data_time: 0.000, memory: 5243, top1_acc: 0.7734, top5_acc: 0.9469, loss_cls: 0.7551, loss: 0.7551
2026-08-25 11:54:27,442 - pyskl - INFO - Epoch [6][2300/5537]	lr: 1.858e-02, eta: 1 day, 17:19:16, time: 2.547, data_time: 0.000, memory: 5243, top1_acc: 0.7791, top5_acc: 0.9466, loss_cls: 0.7184, loss: 0.7184
2026-08-25 11:58:42,721 - pyskl - INFO - Epoch [6][2400/5537]	lr: 1.854e-02, eta: 1 day, 17:15:05, time: 2.553, data_time: 0.000, memory: 5243, top1_acc: 0.7956, top5_acc: 0.9581, loss_cls: 0.6818, loss: 0.6818
2026-08-25 12:02:56,582 - pyskl - INFO - Epoch [6][2500/5537]	lr: 1.850e-02, eta: 1 day, 17:10:51, time: 2.539, data_time: 0.000, memory: 5243, top1_acc: 0.7744, top5_acc: 0.9428, loss_cls: 0.7601, loss: 0.7601
2026-08-25 12:07:12,444 - pyskl - INFO - Epoch [6][2600/5537]	lr: 1.846e-02, eta: 1 day, 17:06:41, time: 2.559, data_time: 0.000, memory: 5243, top1_acc: 0.7872, top5_acc: 0.9494, loss_cls: 0.7175, loss: 0.7175
2026-08-25 12:11:27,866 - pyskl - INFO - Epoch [6][2700/5537]	lr: 1.842e-02, eta: 1 day, 17:02:30, time: 2.554, data_time: 0.000, memory: 5243, top1_acc: 0.7669, top5_acc: 0.9444, loss_cls: 0.7772, loss: 0.7772
2026-08-25 12:15:43,388 - pyskl - INFO - Epoch [6][2800/5537]	lr: 1.838e-02, eta: 1 day, 16:58:20, time: 2.555, data_time: 0.000, memory: 5243, top1_acc: 0.7650, top5_acc: 0.9369, loss_cls: 0.7829, loss: 0.7829
2026-08-25 12:19:57,861 - pyskl - INFO - Epoch [6][2900/5537]	lr: 1.834e-02, eta: 1 day, 16:54:07, time: 2.545, data_time: 0.000, memory: 5243, top1_acc: 0.7794, top5_acc: 0.9503, loss_cls: 0.7182, loss: 0.7182
2026-08-25 12:24:13,314 - pyskl - INFO - Epoch [6][3000/5537]	lr: 1.830e-02, eta: 1 day, 16:49:56, time: 2.555, data_time: 0.000, memory: 5243, top1_acc: 0.7612, top5_acc: 0.9528, loss_cls: 0.7752, loss: 0.7752
2026-08-25 12:28:28,052 - pyskl - INFO - Epoch [6][3100/5537]	lr: 1.826e-02, eta: 1 day, 16:45:44, time: 2.547, data_time: 0.000, memory: 5243, top1_acc: 0.7819, top5_acc: 0.9441, loss_cls: 0.7346, loss: 0.7346
2026-08-25 12:32:41,568 - pyskl - INFO - Epoch [6][3200/5537]	lr: 1.822e-02, eta: 1 day, 16:41:30, time: 2.535, data_time: 0.000, memory: 5243, top1_acc: 0.7738, top5_acc: 0.9413, loss_cls: 0.7722, loss: 0.7722
2026-08-25 12:36:57,091 - pyskl - INFO - Epoch [6][3300/5537]	lr: 1.818e-02, eta: 1 day, 16:37:19, time: 2.555, data_time: 0.000, memory: 5243, top1_acc: 0.7688, top5_acc: 0.9450, loss_cls: 0.7604, loss: 0.7604
2026-08-25 12:41:12,110 - pyskl - INFO - Epoch [6][3400/5537]	lr: 1.814e-02, eta: 1 day, 16:33:07, time: 2.550, data_time: 0.000, memory: 5243, top1_acc: 0.7828, top5_acc: 0.9478, loss_cls: 0.7231, loss: 0.7231
2026-08-25 12:45:26,354 - pyskl - INFO - Epoch [6][3500/5537]	lr: 1.810e-02, eta: 1 day, 16:28:54, time: 2.542, data_time: 0.000, memory: 5243, top1_acc: 0.7612, top5_acc: 0.9469, loss_cls: 0.7807, loss: 0.7807
2026-08-25 12:49:41,727 - pyskl - INFO - Epoch [6][3600/5537]	lr: 1.807e-02, eta: 1 day, 16:24:43, time: 2.554, data_time: 0.000, memory: 5243, top1_acc: 0.7600, top5_acc: 0.9487, loss_cls: 0.7812, loss: 0.7812
2026-08-25 12:53:57,047 - pyskl - INFO - Epoch [6][3700/5537]	lr: 1.803e-02, eta: 1 day, 16:20:32, time: 2.553, data_time: 0.000, memory: 5243, top1_acc: 0.7628, top5_acc: 0.9434, loss_cls: 0.7786, loss: 0.7786
2026-08-25 12:58:13,154 - pyskl - INFO - Epoch [6][3800/5537]	lr: 1.799e-02, eta: 1 day, 16:16:22, time: 2.561, data_time: 0.000, memory: 5243, top1_acc: 0.7819, top5_acc: 0.9466, loss_cls: 0.7292, loss: 0.7292
2026-08-25 13:02:27,639 - pyskl - INFO - Epoch [6][3900/5537]	lr: 1.795e-02, eta: 1 day, 16:12:09, time: 2.545, data_time: 0.000, memory: 5243, top1_acc: 0.7809, top5_acc: 0.9516, loss_cls: 0.7274, loss: 0.7274
2026-08-25 13:06:43,487 - pyskl - INFO - Epoch [6][4000/5537]	lr: 1.791e-02, eta: 1 day, 16:07:59, time: 2.558, data_time: 0.000, memory: 5243, top1_acc: 0.7875, top5_acc: 0.9450, loss_cls: 0.7204, loss: 0.7204
2026-08-25 13:10:59,582 - pyskl - INFO - Epoch [6][4100/5537]	lr: 1.787e-02, eta: 1 day, 16:03:49, time: 2.561, data_time: 0.000, memory: 5243, top1_acc: 0.7797, top5_acc: 0.9487, loss_cls: 0.7385, loss: 0.7385
2026-08-25 13:15:14,977 - pyskl - INFO - Epoch [6][4200/5537]	lr: 1.783e-02, eta: 1 day, 15:59:37, time: 2.554, data_time: 0.000, memory: 5243, top1_acc: 0.7856, top5_acc: 0.9509, loss_cls: 0.6982, loss: 0.6982
2026-08-25 13:19:31,301 - pyskl - INFO - Epoch [6][4300/5537]	lr: 1.779e-02, eta: 1 day, 15:55:28, time: 2.563, data_time: 0.000, memory: 5243, top1_acc: 0.7806, top5_acc: 0.9575, loss_cls: 0.7175, loss: 0.7175
2026-08-25 13:23:47,329 - pyskl - INFO - Epoch [6][4400/5537]	lr: 1.775e-02, eta: 1 day, 15:51:18, time: 2.560, data_time: 0.000, memory: 5243, top1_acc: 0.7741, top5_acc: 0.9447, loss_cls: 0.7475, loss: 0.7475
2026-08-25 13:28:02,552 - pyskl - INFO - Epoch [6][4500/5537]	lr: 1.771e-02, eta: 1 day, 15:47:06, time: 2.552, data_time: 0.000, memory: 5243, top1_acc: 0.7856, top5_acc: 0.9513, loss_cls: 0.7152, loss: 0.7152
2026-08-25 13:32:16,855 - pyskl - INFO - Epoch [6][4600/5537]	lr: 1.766e-02, eta: 1 day, 15:42:53, time: 2.543, data_time: 0.000, memory: 5243, top1_acc: 0.7806, top5_acc: 0.9525, loss_cls: 0.7130, loss: 0.7130
2026-08-25 13:36:33,152 - pyskl - INFO - Epoch [6][4700/5537]	lr: 1.762e-02, eta: 1 day, 15:38:43, time: 2.563, data_time: 0.000, memory: 5243, top1_acc: 0.7759, top5_acc: 0.9503, loss_cls: 0.7271, loss: 0.7271
2026-08-25 13:40:48,669 - pyskl - INFO - Epoch [6][4800/5537]	lr: 1.758e-02, eta: 1 day, 15:34:32, time: 2.555, data_time: 0.000, memory: 5243, top1_acc: 0.7903, top5_acc: 0.9534, loss_cls: 0.6747, loss: 0.6747
2026-08-25 13:45:03,058 - pyskl - INFO - Epoch [6][4900/5537]	lr: 1.754e-02, eta: 1 day, 15:30:19, time: 2.544, data_time: 0.000, memory: 5243, top1_acc: 0.7756, top5_acc: 0.9500, loss_cls: 0.7242, loss: 0.7242
2026-08-25 13:49:19,390 - pyskl - INFO - Epoch [6][5000/5537]	lr: 1.750e-02, eta: 1 day, 15:26:09, time: 2.563, data_time: 0.000, memory: 5243, top1_acc: 0.7750, top5_acc: 0.9516, loss_cls: 0.7315, loss: 0.7315
2026-08-25 13:53:35,114 - pyskl - INFO - Epoch [6][5100/5537]	lr: 1.746e-02, eta: 1 day, 15:21:58, time: 2.557, data_time: 0.000, memory: 5243, top1_acc: 0.7734, top5_acc: 0.9513, loss_cls: 0.7259, loss: 0.7259
2026-08-25 13:57:50,945 - pyskl - INFO - Epoch [6][5200/5537]	lr: 1.742e-02, eta: 1 day, 15:17:47, time: 2.558, data_time: 0.000, memory: 5243, top1_acc: 0.7791, top5_acc: 0.9475, loss_cls: 0.7431, loss: 0.7431
2026-08-25 14:02:05,713 - pyskl - INFO - Epoch [6][5300/5537]	lr: 1.738e-02, eta: 1 day, 15:13:35, time: 2.548, data_time: 0.000, memory: 5243, top1_acc: 0.7856, top5_acc: 0.9553, loss_cls: 0.7078, loss: 0.7078
2026-08-25 14:06:21,640 - pyskl - INFO - Epoch [6][5400/5537]	lr: 1.734e-02, eta: 1 day, 15:09:24, time: 2.559, data_time: 0.000, memory: 5243, top1_acc: 0.7891, top5_acc: 0.9503, loss_cls: 0.7016, loss: 0.7016
2026-08-25 14:10:37,709 - pyskl - INFO - Epoch [6][5500/5537]	lr: 1.730e-02, eta: 1 day, 15:05:14, time: 2.561, data_time: 0.000, memory: 5243, top1_acc: 0.7781, top5_acc: 0.9447, loss_cls: 0.7381, loss: 0.7381
2026-08-25 14:12:11,766 - pyskl - INFO - Saving checkpoint at 6 epochs
2026-08-25 14:18:21,292 - pyskl - INFO - Evaluating top_k_accuracy ...
2026-08-25 14:18:21,303 - pyskl - INFO - 
top1_acc	0.8135
top5_acc	0.9725
2026-08-25 14:18:21,304 - pyskl - INFO - The previous best checkpoint D:\YxjProject\pythonProject\pyskl\work_dirs\aug_baseline\stgcnpp_j\train\A5_random_single\best_top1_acc_epoch_3.pth was removed
2026-08-25 14:18:21,373 - pyskl - INFO - Now best checkpoint is saved as best_top1_acc_epoch_6.pth.
2026-08-25 14:18:21,373 - pyskl - INFO - Best top1_acc is 0.8135 at 6 epoch.
2026-08-25 14:18:21,373 - pyskl - INFO - Epoch(val) [6][146]	top1_acc: 0.8135, top5_acc: 0.9725
2026-08-25 14:22:43,669 - pyskl - INFO - Epoch [7][100/5537]	lr: 1.724e-02, eta: 1 day, 14:57:04, time: 2.623, data_time: 0.067, memory: 5243, top1_acc: 0.7819, top5_acc: 0.9534, loss_cls: 0.7187, loss: 0.7187
2026-08-25 14:26:58,712 - pyskl - INFO - Epoch [7][200/5537]	lr: 1.720e-02, eta: 1 day, 14:52:52, time: 2.550, data_time: 0.000, memory: 5243, top1_acc: 0.7928, top5_acc: 0.9487, loss_cls: 0.7117, loss: 0.7117
2026-08-25 14:31:15,014 - pyskl - INFO - Epoch [7][300/5537]	lr: 1.716e-02, eta: 1 day, 14:48:43, time: 2.563, data_time: 0.000, memory: 5243, top1_acc: 0.7750, top5_acc: 0.9469, loss_cls: 0.7333, loss: 0.7333
2026-08-25 14:35:30,722 - pyskl - INFO - Epoch [7][400/5537]	lr: 1.712e-02, eta: 1 day, 14:44:32, time: 2.557, data_time: 0.000, memory: 5243, top1_acc: 0.7784, top5_acc: 0.9531, loss_cls: 0.7301, loss: 0.7301
2026-08-25 14:39:46,801 - pyskl - INFO - Epoch [7][500/5537]	lr: 1.708e-02, eta: 1 day, 14:40:22, time: 2.561, data_time: 0.000, memory: 5243, top1_acc: 0.7900, top5_acc: 0.9525, loss_cls: 0.6987, loss: 0.6987
2026-08-25 14:44:02,694 - pyskl - INFO - Epoch [7][600/5537]	lr: 1.704e-02, eta: 1 day, 14:36:12, time: 2.559, data_time: 0.000, memory: 5243, top1_acc: 0.7825, top5_acc: 0.9494, loss_cls: 0.7247, loss: 0.7247
2026-08-25 14:48:18,479 - pyskl - INFO - Epoch [7][700/5537]	lr: 1.700e-02, eta: 1 day, 14:32:02, time: 2.558, data_time: 0.000, memory: 5243, top1_acc: 0.7837, top5_acc: 0.9481, loss_cls: 0.7182, loss: 0.7182
2026-08-25 14:52:34,970 - pyskl - INFO - Epoch [7][800/5537]	lr: 1.695e-02, eta: 1 day, 14:27:52, time: 2.565, data_time: 0.000, memory: 5243, top1_acc: 0.7819, top5_acc: 0.9553, loss_cls: 0.7309, loss: 0.7309
2026-08-25 14:56:49,218 - pyskl - INFO - Epoch [7][900/5537]	lr: 1.691e-02, eta: 1 day, 14:23:39, time: 2.542, data_time: 0.000, memory: 5243, top1_acc: 0.7822, top5_acc: 0.9450, loss_cls: 0.7269, loss: 0.7269
2026-08-25 15:01:05,685 - pyskl - INFO - Epoch [7][1000/5537]	lr: 1.687e-02, eta: 1 day, 14:19:30, time: 2.565, data_time: 0.000, memory: 5243, top1_acc: 0.7909, top5_acc: 0.9553, loss_cls: 0.6883, loss: 0.6883
2026-08-25 15:05:21,674 - pyskl - INFO - Epoch [7][1100/5537]	lr: 1.683e-02, eta: 1 day, 14:15:20, time: 2.560, data_time: 0.000, memory: 5243, top1_acc: 0.7944, top5_acc: 0.9516, loss_cls: 0.6855, loss: 0.6855
2026-08-25 15:09:37,662 - pyskl - INFO - Epoch [7][1200/5537]	lr: 1.679e-02, eta: 1 day, 14:11:09, time: 2.560, data_time: 0.000, memory: 5243, top1_acc: 0.7841, top5_acc: 0.9437, loss_cls: 0.7328, loss: 0.7328
2026-08-25 15:13:52,729 - pyskl - INFO - Epoch [7][1300/5537]	lr: 1.675e-02, eta: 1 day, 14:06:58, time: 2.551, data_time: 0.000, memory: 5243, top1_acc: 0.7794, top5_acc: 0.9494, loss_cls: 0.7247, loss: 0.7247
2026-08-25 15:18:09,117 - pyskl - INFO - Epoch [7][1400/5537]	lr: 1.670e-02, eta: 1 day, 14:02:48, time: 2.564, data_time: 0.000, memory: 5243, top1_acc: 0.7925, top5_acc: 0.9487, loss_cls: 0.6971, loss: 0.6971
2026-08-25 15:22:24,672 - pyskl - INFO - Epoch [7][1500/5537]	lr: 1.666e-02, eta: 1 day, 13:58:37, time: 2.556, data_time: 0.000, memory: 5243, top1_acc: 0.7919, top5_acc: 0.9466, loss_cls: 0.7056, loss: 0.7056
2026-08-25 15:26:39,253 - pyskl - INFO - Epoch [7][1600/5537]	lr: 1.662e-02, eta: 1 day, 13:54:24, time: 2.546, data_time: 0.000, memory: 5243, top1_acc: 0.7712, top5_acc: 0.9450, loss_cls: 0.7422, loss: 0.7422
2026-08-25 15:30:55,834 - pyskl - INFO - Epoch [7][1700/5537]	lr: 1.658e-02, eta: 1 day, 13:50:15, time: 2.566, data_time: 0.000, memory: 5243, top1_acc: 0.7856, top5_acc: 0.9566, loss_cls: 0.7022, loss: 0.7022
2026-08-25 15:35:11,736 - pyskl - INFO - Epoch [7][1800/5537]	lr: 1.654e-02, eta: 1 day, 13:46:04, time: 2.559, data_time: 0.000, memory: 5243, top1_acc: 0.7903, top5_acc: 0.9522, loss_cls: 0.7098, loss: 0.7098
2026-08-25 15:39:26,900 - pyskl - INFO - Epoch [7][1900/5537]	lr: 1.650e-02, eta: 1 day, 13:41:52, time: 2.552, data_time: 0.000, memory: 5243, top1_acc: 0.7922, top5_acc: 0.9472, loss_cls: 0.7014, loss: 0.7014
2026-08-25 15:43:42,237 - pyskl - INFO - Epoch [7][2000/5537]	lr: 1.645e-02, eta: 1 day, 13:37:41, time: 2.553, data_time: 0.000, memory: 5243, top1_acc: 0.7916, top5_acc: 0.9500, loss_cls: 0.7023, loss: 0.7023
2026-08-25 15:47:57,598 - pyskl - INFO - Epoch [7][2100/5537]	lr: 1.641e-02, eta: 1 day, 13:33:29, time: 2.554, data_time: 0.000, memory: 5243, top1_acc: 0.8000, top5_acc: 0.9594, loss_cls: 0.6494, loss: 0.6494
2026-08-25 15:52:12,958 - pyskl - INFO - Epoch [7][2200/5537]	lr: 1.637e-02, eta: 1 day, 13:29:18, time: 2.554, data_time: 0.000, memory: 5243, top1_acc: 0.7866, top5_acc: 0.9513, loss_cls: 0.6976, loss: 0.6976
2026-08-25 15:56:27,908 - pyskl - INFO - Epoch [7][2300/5537]	lr: 1.633e-02, eta: 1 day, 13:25:06, time: 2.549, data_time: 0.000, memory: 5243, top1_acc: 0.7834, top5_acc: 0.9556, loss_cls: 0.7045, loss: 0.7045
2026-08-25 16:00:44,315 - pyskl - INFO - Epoch [7][2400/5537]	lr: 1.628e-02, eta: 1 day, 13:20:56, time: 2.564, data_time: 0.000, memory: 5243, top1_acc: 0.7984, top5_acc: 0.9516, loss_cls: 0.6766, loss: 0.6766
2026-08-25 16:05:00,587 - pyskl - INFO - Epoch [7][2500/5537]	lr: 1.624e-02, eta: 1 day, 13:16:46, time: 2.563, data_time: 0.000, memory: 5243, top1_acc: 0.7925, top5_acc: 0.9566, loss_cls: 0.6728, loss: 0.6728
2026-08-25 16:09:15,218 - pyskl - INFO - Epoch [7][2600/5537]	lr: 1.620e-02, eta: 1 day, 13:12:33, time: 2.546, data_time: 0.000, memory: 5243, top1_acc: 0.7897, top5_acc: 0.9513, loss_cls: 0.6899, loss: 0.6899
2026-08-25 16:13:30,730 - pyskl - INFO - Epoch [7][2700/5537]	lr: 1.616e-02, eta: 1 day, 13:08:22, time: 2.555, data_time: 0.000, memory: 5243, top1_acc: 0.7906, top5_acc: 0.9491, loss_cls: 0.6952, loss: 0.6952
2026-08-25 16:17:47,057 - pyskl - INFO - Epoch [7][2800/5537]	lr: 1.612e-02, eta: 1 day, 13:04:11, time: 2.563, data_time: 0.000, memory: 5243, top1_acc: 0.7978, top5_acc: 0.9484, loss_cls: 0.6778, loss: 0.6778
2026-08-25 16:22:03,218 - pyskl - INFO - Epoch [7][2900/5537]	lr: 1.607e-02, eta: 1 day, 13:00:01, time: 2.562, data_time: 0.000, memory: 5243, top1_acc: 0.7847, top5_acc: 0.9441, loss_cls: 0.7138, loss: 0.7138
2026-08-25 16:26:20,968 - pyskl - INFO - Epoch [7][3000/5537]	lr: 1.603e-02, eta: 1 day, 12:55:53, time: 2.578, data_time: 0.000, memory: 5243, top1_acc: 0.7947, top5_acc: 0.9522, loss_cls: 0.6703, loss: 0.6703
2026-08-25 16:30:36,219 - pyskl - INFO - Epoch [7][3100/5537]	lr: 1.599e-02, eta: 1 day, 12:51:41, time: 2.553, data_time: 0.000, memory: 5243, top1_acc: 0.7947, top5_acc: 0.9575, loss_cls: 0.6779, loss: 0.6779
2026-08-25 16:34:52,151 - pyskl - INFO - Epoch [7][3200/5537]	lr: 1.595e-02, eta: 1 day, 12:47:30, time: 2.559, data_time: 0.000, memory: 5243, top1_acc: 0.7863, top5_acc: 0.9525, loss_cls: 0.6920, loss: 0.6920
2026-08-25 16:39:06,460 - pyskl - INFO - Epoch [7][3300/5537]	lr: 1.590e-02, eta: 1 day, 12:43:16, time: 2.543, data_time: 0.000, memory: 5243, top1_acc: 0.7909, top5_acc: 0.9528, loss_cls: 0.6819, loss: 0.6819
2026-08-25 16:43:22,430 - pyskl - INFO - Epoch [7][3400/5537]	lr: 1.586e-02, eta: 1 day, 12:39:06, time: 2.560, data_time: 0.000, memory: 5243, top1_acc: 0.7994, top5_acc: 0.9487, loss_cls: 0.6712, loss: 0.6712
2026-08-25 16:47:37,738 - pyskl - INFO - Epoch [7][3500/5537]	lr: 1.582e-02, eta: 1 day, 12:34:54, time: 2.553, data_time: 0.000, memory: 5243, top1_acc: 0.7847, top5_acc: 0.9534, loss_cls: 0.6945, loss: 0.6945
2026-08-25 16:51:53,312 - pyskl - INFO - Epoch [7][3600/5537]	lr: 1.577e-02, eta: 1 day, 12:30:42, time: 2.556, data_time: 0.000, memory: 5243, top1_acc: 0.7794, top5_acc: 0.9500, loss_cls: 0.7094, loss: 0.7094
2026-08-25 16:56:07,836 - pyskl - INFO - Epoch [7][3700/5537]	lr: 1.573e-02, eta: 1 day, 12:26:29, time: 2.545, data_time: 0.000, memory: 5243, top1_acc: 0.8100, top5_acc: 0.9600, loss_cls: 0.6371, loss: 0.6371
2026-08-25 17:00:23,870 - pyskl - INFO - Epoch [7][3800/5537]	lr: 1.569e-02, eta: 1 day, 12:22:18, time: 2.560, data_time: 0.000, memory: 5243, top1_acc: 0.7897, top5_acc: 0.9491, loss_cls: 0.6799, loss: 0.6799
2026-08-25 17:04:39,513 - pyskl - INFO - Epoch [7][3900/5537]	lr: 1.565e-02, eta: 1 day, 12:18:07, time: 2.556, data_time: 0.000, memory: 5243, top1_acc: 0.7863, top5_acc: 0.9547, loss_cls: 0.6899, loss: 0.6899
2026-08-25 17:08:53,941 - pyskl - INFO - Epoch [7][4000/5537]	lr: 1.560e-02, eta: 1 day, 12:13:53, time: 2.544, data_time: 0.000, memory: 5243, top1_acc: 0.7994, top5_acc: 0.9609, loss_cls: 0.6495, loss: 0.6495
2026-08-25 17:13:10,310 - pyskl - INFO - Epoch [7][4100/5537]	lr: 1.556e-02, eta: 1 day, 12:09:43, time: 2.564, data_time: 0.000, memory: 5243, top1_acc: 0.7859, top5_acc: 0.9537, loss_cls: 0.6998, loss: 0.6998
2026-08-25 17:17:25,884 - pyskl - INFO - Epoch [7][4200/5537]	lr: 1.552e-02, eta: 1 day, 12:05:31, time: 2.556, data_time: 0.000, memory: 5243, top1_acc: 0.8109, top5_acc: 0.9631, loss_cls: 0.6217, loss: 0.6217
2026-08-25 17:21:42,119 - pyskl - INFO - Epoch [7][4300/5537]	lr: 1.547e-02, eta: 1 day, 12:01:21, time: 2.562, data_time: 0.000, memory: 5243, top1_acc: 0.7937, top5_acc: 0.9528, loss_cls: 0.6663, loss: 0.6663
2026-08-25 17:25:56,606 - pyskl - INFO - Epoch [7][4400/5537]	lr: 1.543e-02, eta: 1 day, 11:57:07, time: 2.545, data_time: 0.000, memory: 5243, top1_acc: 0.7991, top5_acc: 0.9513, loss_cls: 0.6707, loss: 0.6707
2026-08-25 17:30:12,013 - pyskl - INFO - Epoch [7][4500/5537]	lr: 1.539e-02, eta: 1 day, 11:52:55, time: 2.554, data_time: 0.000, memory: 5243, top1_acc: 0.8087, top5_acc: 0.9566, loss_cls: 0.6422, loss: 0.6422
2026-08-25 17:34:27,291 - pyskl - INFO - Epoch [7][4600/5537]	lr: 1.535e-02, eta: 1 day, 11:48:43, time: 2.553, data_time: 0.000, memory: 5243, top1_acc: 0.8097, top5_acc: 0.9525, loss_cls: 0.6535, loss: 0.6535
2026-08-25 17:38:41,781 - pyskl - INFO - Epoch [7][4700/5537]	lr: 1.530e-02, eta: 1 day, 11:44:30, time: 2.545, data_time: 0.000, memory: 5243, top1_acc: 0.7975, top5_acc: 0.9528, loss_cls: 0.6831, loss: 0.6831
2026-08-25 17:42:58,275 - pyskl - INFO - Epoch [7][4800/5537]	lr: 1.526e-02, eta: 1 day, 11:40:20, time: 2.565, data_time: 0.000, memory: 5243, top1_acc: 0.7941, top5_acc: 0.9503, loss_cls: 0.6852, loss: 0.6852
2026-08-25 17:47:14,191 - pyskl - INFO - Epoch [7][4900/5537]	lr: 1.522e-02, eta: 1 day, 11:36:08, time: 2.559, data_time: 0.000, memory: 5243, top1_acc: 0.7931, top5_acc: 0.9525, loss_cls: 0.6708, loss: 0.6708
2026-08-25 17:51:28,787 - pyskl - INFO - Epoch [7][5000/5537]	lr: 1.517e-02, eta: 1 day, 11:31:55, time: 2.546, data_time: 0.000, memory: 5243, top1_acc: 0.7881, top5_acc: 0.9509, loss_cls: 0.6963, loss: 0.6963
2026-08-25 17:55:43,971 - pyskl - INFO - Epoch [7][5100/5537]	lr: 1.513e-02, eta: 1 day, 11:27:43, time: 2.552, data_time: 0.000, memory: 5243, top1_acc: 0.7791, top5_acc: 0.9469, loss_cls: 0.7157, loss: 0.7157
2026-08-25 17:59:59,776 - pyskl - INFO - Epoch [7][5200/5537]	lr: 1.509e-02, eta: 1 day, 11:23:31, time: 2.558, data_time: 0.000, memory: 5243, top1_acc: 0.7953, top5_acc: 0.9587, loss_cls: 0.6616, loss: 0.6616
2026-08-25 18:04:14,690 - pyskl - INFO - Epoch [7][5300/5537]	lr: 1.504e-02, eta: 1 day, 11:19:18, time: 2.549, data_time: 0.000, memory: 5243, top1_acc: 0.8016, top5_acc: 0.9566, loss_cls: 0.6430, loss: 0.6430
2026-08-25 18:08:29,261 - pyskl - INFO - Epoch [7][5400/5537]	lr: 1.500e-02, eta: 1 day, 11:15:05, time: 2.546, data_time: 0.000, memory: 5243, top1_acc: 0.7991, top5_acc: 0.9600, loss_cls: 0.6517, loss: 0.6517
2026-08-25 18:12:45,138 - pyskl - INFO - Epoch [7][5500/5537]	lr: 1.496e-02, eta: 1 day, 11:10:54, time: 2.559, data_time: 0.000, memory: 5243, top1_acc: 0.8016, top5_acc: 0.9534, loss_cls: 0.6652, loss: 0.6652
2026-08-25 18:14:19,665 - pyskl - INFO - Saving checkpoint at 7 epochs
2026-08-25 18:20:29,780 - pyskl - INFO - Evaluating top_k_accuracy ...
2026-08-25 18:20:29,791 - pyskl - INFO - 
top1_acc	0.8393
top5_acc	0.9734
2026-08-25 18:20:29,792 - pyskl - INFO - The previous best checkpoint D:\YxjProject\pythonProject\pyskl\work_dirs\aug_baseline\stgcnpp_j\train\A5_random_single\best_top1_acc_epoch_6.pth was removed
2026-08-25 18:20:29,859 - pyskl - INFO - Now best checkpoint is saved as best_top1_acc_epoch_7.pth.
2026-08-25 18:20:29,860 - pyskl - INFO - Best top1_acc is 0.8393 at 7 epoch.
2026-08-25 18:20:29,860 - pyskl - INFO - Epoch(val) [7][146]	top1_acc: 0.8393, top5_acc: 0.9734
2026-08-25 18:24:51,439 - pyskl - INFO - Epoch [8][100/5537]	lr: 1.490e-02, eta: 1 day, 11:03:15, time: 2.616, data_time: 0.067, memory: 5243, top1_acc: 0.8047, top5_acc: 0.9594, loss_cls: 0.6488, loss: 0.6488
2026-08-25 18:29:06,962 - pyskl - INFO - Epoch [8][200/5537]	lr: 1.485e-02, eta: 1 day, 10:59:04, time: 2.555, data_time: 0.000, memory: 5243, top1_acc: 0.8041, top5_acc: 0.9609, loss_cls: 0.6425, loss: 0.6425
2026-08-25 18:33:21,368 - pyskl - INFO - Epoch [8][300/5537]	lr: 1.481e-02, eta: 1 day, 10:54:51, time: 2.544, data_time: 0.000, memory: 5243, top1_acc: 0.8113, top5_acc: 0.9597, loss_cls: 0.6301, loss: 0.6301
2026-08-25 18:37:36,102 - pyskl - INFO - Epoch [8][400/5537]	lr: 1.476e-02, eta: 1 day, 10:50:38, time: 2.547, data_time: 0.000, memory: 5243, top1_acc: 0.7881, top5_acc: 0.9550, loss_cls: 0.6893, loss: 0.6893
2026-08-25 18:41:50,640 - pyskl - INFO - Epoch [8][500/5537]	lr: 1.472e-02, eta: 1 day, 10:46:26, time: 2.545, data_time: 0.000, memory: 5243, top1_acc: 0.7997, top5_acc: 0.9513, loss_cls: 0.6536, loss: 0.6536
2026-08-25 18:46:06,115 - pyskl - INFO - Epoch [8][600/5537]	lr: 1.468e-02, eta: 1 day, 10:42:14, time: 2.555, data_time: 0.000, memory: 5243, top1_acc: 0.7963, top5_acc: 0.9569, loss_cls: 0.6673, loss: 0.6673
2026-08-25 18:50:20,470 - pyskl - INFO - Epoch [8][700/5537]	lr: 1.463e-02, eta: 1 day, 10:38:01, time: 2.544, data_time: 0.000, memory: 5243, top1_acc: 0.8047, top5_acc: 0.9491, loss_cls: 0.6597, loss: 0.6597
2026-08-25 18:54:36,130 - pyskl - INFO - Epoch [8][800/5537]	lr: 1.459e-02, eta: 1 day, 10:33:50, time: 2.557, data_time: 0.000, memory: 5243, top1_acc: 0.8025, top5_acc: 0.9497, loss_cls: 0.6528, loss: 0.6528
2026-08-25 18:58:51,332 - pyskl - INFO - Epoch [8][900/5537]	lr: 1.455e-02, eta: 1 day, 10:29:38, time: 2.552, data_time: 0.000, memory: 5243, top1_acc: 0.8022, top5_acc: 0.9575, loss_cls: 0.6422, loss: 0.6422
2026-08-25 19:03:05,538 - pyskl - INFO - Epoch [8][1000/5537]	lr: 1.450e-02, eta: 1 day, 10:25:24, time: 2.542, data_time: 0.000, memory: 5243, top1_acc: 0.8000, top5_acc: 0.9553, loss_cls: 0.6502, loss: 0.6502
2026-08-25 19:07:21,359 - pyskl - INFO - Epoch [8][1100/5537]	lr: 1.446e-02, eta: 1 day, 10:21:13, time: 2.558, data_time: 0.000, memory: 5243, top1_acc: 0.8037, top5_acc: 0.9519, loss_cls: 0.6526, loss: 0.6526
2026-08-25 19:11:36,583 - pyskl - INFO - Epoch [8][1200/5537]	lr: 1.442e-02, eta: 1 day, 10:17:01, time: 2.552, data_time: 0.000, memory: 5243, top1_acc: 0.8034, top5_acc: 0.9634, loss_cls: 0.6166, loss: 0.6166
2026-08-25 19:15:52,385 - pyskl - INFO - Epoch [8][1300/5537]	lr: 1.437e-02, eta: 1 day, 10:12:50, time: 2.558, data_time: 0.000, memory: 5243, top1_acc: 0.7931, top5_acc: 0.9550, loss_cls: 0.6830, loss: 0.6830
2026-08-25 19:20:06,969 - pyskl - INFO - Epoch [8][1400/5537]	lr: 1.433e-02, eta: 1 day, 10:08:37, time: 2.546, data_time: 0.000, memory: 5243, top1_acc: 0.8009, top5_acc: 0.9634, loss_cls: 0.6599, loss: 0.6599
2026-08-25 19:24:21,904 - pyskl - INFO - Epoch [8][1500/5537]	lr: 1.428e-02, eta: 1 day, 10:04:25, time: 2.549, data_time: 0.000, memory: 5243, top1_acc: 0.8113, top5_acc: 0.9584, loss_cls: 0.6232, loss: 0.6232
2026-08-25 19:28:37,832 - pyskl - INFO - Epoch [8][1600/5537]	lr: 1.424e-02, eta: 1 day, 10:00:13, time: 2.559, data_time: 0.000, memory: 5243, top1_acc: 0.7972, top5_acc: 0.9578, loss_cls: 0.6680, loss: 0.6680
2026-08-25 19:32:51,849 - pyskl - INFO - Epoch [8][1700/5537]	lr: 1.420e-02, eta: 1 day, 9:56:00, time: 2.540, data_time: 0.000, memory: 5243, top1_acc: 0.7934, top5_acc: 0.9569, loss_cls: 0.6691, loss: 0.6691
2026-08-25 19:37:07,753 - pyskl - INFO - Epoch [8][1800/5537]	lr: 1.415e-02, eta: 1 day, 9:51:48, time: 2.559, data_time: 0.000, memory: 5243, top1_acc: 0.7941, top5_acc: 0.9491, loss_cls: 0.7018, loss: 0.7018
2026-08-25 19:41:23,142 - pyskl - INFO - Epoch [8][1900/5537]	lr: 1.411e-02, eta: 1 day, 9:47:36, time: 2.554, data_time: 0.000, memory: 5243, top1_acc: 0.7972, top5_acc: 0.9584, loss_cls: 0.6672, loss: 0.6672
2026-08-25 19:45:38,150 - pyskl - INFO - Epoch [8][2000/5537]	lr: 1.406e-02, eta: 1 day, 9:43:24, time: 2.550, data_time: 0.000, memory: 5243, top1_acc: 0.7909, top5_acc: 0.9550, loss_cls: 0.6727, loss: 0.6727
2026-08-25 19:49:52,545 - pyskl - INFO - Epoch [8][2100/5537]	lr: 1.402e-02, eta: 1 day, 9:39:11, time: 2.544, data_time: 0.000, memory: 5243, top1_acc: 0.8069, top5_acc: 0.9522, loss_cls: 0.6500, loss: 0.6500
2026-08-25 19:54:08,032 - pyskl - INFO - Epoch [8][2200/5537]	lr: 1.398e-02, eta: 1 day, 9:34:59, time: 2.555, data_time: 0.000, memory: 5243, top1_acc: 0.8016, top5_acc: 0.9559, loss_cls: 0.6373, loss: 0.6373
2026-08-25 19:58:23,222 - pyskl - INFO - Epoch [8][2300/5537]	lr: 1.393e-02, eta: 1 day, 9:30:47, time: 2.552, data_time: 0.000, memory: 5243, top1_acc: 0.8063, top5_acc: 0.9522, loss_cls: 0.6379, loss: 0.6379
2026-08-25 20:02:37,435 - pyskl - INFO - Epoch [8][2400/5537]	lr: 1.389e-02, eta: 1 day, 9:26:34, time: 2.542, data_time: 0.000, memory: 5243, top1_acc: 0.7978, top5_acc: 0.9537, loss_cls: 0.6764, loss: 0.6764
2026-08-25 20:06:52,928 - pyskl - INFO - Epoch [8][2500/5537]	lr: 1.384e-02, eta: 1 day, 9:22:22, time: 2.555, data_time: 0.000, memory: 5243, top1_acc: 0.8075, top5_acc: 0.9556, loss_cls: 0.6441, loss: 0.6441
2026-08-25 20:11:07,797 - pyskl - INFO - Epoch [8][2600/5537]	lr: 1.380e-02, eta: 1 day, 9:18:09, time: 2.549, data_time: 0.001, memory: 5243, top1_acc: 0.7947, top5_acc: 0.9534, loss_cls: 0.6593, loss: 0.6593
2026-08-25 20:15:22,646 - pyskl - INFO - Epoch [8][2700/5537]	lr: 1.376e-02, eta: 1 day, 9:13:56, time: 2.549, data_time: 0.000, memory: 5243, top1_acc: 0.7931, top5_acc: 0.9572, loss_cls: 0.6560, loss: 0.6560
2026-08-25 20:19:38,132 - pyskl - INFO - Epoch [8][2800/5537]	lr: 1.371e-02, eta: 1 day, 9:09:44, time: 2.555, data_time: 0.000, memory: 5243, top1_acc: 0.8297, top5_acc: 0.9628, loss_cls: 0.5701, loss: 0.5701
2026-08-25 20:23:53,147 - pyskl - INFO - Epoch [8][2900/5537]	lr: 1.367e-02, eta: 1 day, 9:05:32, time: 2.550, data_time: 0.000, memory: 5243, top1_acc: 0.8078, top5_acc: 0.9584, loss_cls: 0.6247, loss: 0.6247
2026-08-25 20:28:08,585 - pyskl - INFO - Epoch [8][3000/5537]	lr: 1.362e-02, eta: 1 day, 9:01:20, time: 2.554, data_time: 0.000, memory: 5243, top1_acc: 0.8081, top5_acc: 0.9584, loss_cls: 0.6301, loss: 0.6301
2026-08-25 20:32:23,402 - pyskl - INFO - Epoch [8][3100/5537]	lr: 1.358e-02, eta: 1 day, 8:57:07, time: 2.548, data_time: 0.000, memory: 5243, top1_acc: 0.8084, top5_acc: 0.9509, loss_cls: 0.6442, loss: 0.6442
2026-08-25 20:36:38,563 - pyskl - INFO - Epoch [8][3200/5537]	lr: 1.354e-02, eta: 1 day, 8:52:55, time: 2.552, data_time: 0.000, memory: 5243, top1_acc: 0.7981, top5_acc: 0.9559, loss_cls: 0.6606, loss: 0.6606
2026-08-25 20:40:54,309 - pyskl - INFO - Epoch [8][3300/5537]	lr: 1.349e-02, eta: 1 day, 8:48:43, time: 2.557, data_time: 0.000, memory: 5243, top1_acc: 0.8181, top5_acc: 0.9613, loss_cls: 0.5970, loss: 0.5970
2026-08-25 20:45:08,566 - pyskl - INFO - Epoch [8][3400/5537]	lr: 1.345e-02, eta: 1 day, 8:44:30, time: 2.543, data_time: 0.000, memory: 5243, top1_acc: 0.8094, top5_acc: 0.9647, loss_cls: 0.6304, loss: 0.6304
2026-08-25 20:49:24,209 - pyskl - INFO - Epoch [8][3500/5537]	lr: 1.340e-02, eta: 1 day, 8:40:18, time: 2.556, data_time: 0.000, memory: 5243, top1_acc: 0.8028, top5_acc: 0.9584, loss_cls: 0.6529, loss: 0.6529
2026-08-25 20:53:39,912 - pyskl - INFO - Epoch [8][3600/5537]	lr: 1.336e-02, eta: 1 day, 8:36:06, time: 2.557, data_time: 0.000, memory: 5243, top1_acc: 0.8175, top5_acc: 0.9603, loss_cls: 0.6070, loss: 0.6070
2026-08-25 20:57:55,263 - pyskl - INFO - Epoch [8][3700/5537]	lr: 1.331e-02, eta: 1 day, 8:31:54, time: 2.554, data_time: 0.000, memory: 5243, top1_acc: 0.8081, top5_acc: 0.9572, loss_cls: 0.6214, loss: 0.6214
2026-08-25 21:02:09,630 - pyskl - INFO - Epoch [8][3800/5537]	lr: 1.327e-02, eta: 1 day, 8:27:40, time: 2.544, data_time: 0.000, memory: 5243, top1_acc: 0.8266, top5_acc: 0.9637, loss_cls: 0.5801, loss: 0.5801
2026-08-25 21:06:25,223 - pyskl - INFO - Epoch [8][3900/5537]	lr: 1.323e-02, eta: 1 day, 8:23:28, time: 2.556, data_time: 0.000, memory: 5243, top1_acc: 0.8066, top5_acc: 0.9606, loss_cls: 0.6286, loss: 0.6286
2026-08-25 21:10:40,530 - pyskl - INFO - Epoch [8][4000/5537]	lr: 1.318e-02, eta: 1 day, 8:19:16, time: 2.553, data_time: 0.000, memory: 5243, top1_acc: 0.8128, top5_acc: 0.9547, loss_cls: 0.6189, loss: 0.6189
2026-08-25 21:14:54,661 - pyskl - INFO - Epoch [8][4100/5537]	lr: 1.314e-02, eta: 1 day, 8:15:02, time: 2.541, data_time: 0.000, memory: 5243, top1_acc: 0.8066, top5_acc: 0.9644, loss_cls: 0.6245, loss: 0.6245
2026-08-25 21:19:10,487 - pyskl - INFO - Epoch [8][4200/5537]	lr: 1.309e-02, eta: 1 day, 8:10:51, time: 2.558, data_time: 0.000, memory: 5243, top1_acc: 0.8166, top5_acc: 0.9603, loss_cls: 0.6103, loss: 0.6103
2026-08-25 21:23:25,982 - pyskl - INFO - Epoch [8][4300/5537]	lr: 1.305e-02, eta: 1 day, 8:06:38, time: 2.555, data_time: 0.000, memory: 5243, top1_acc: 0.8084, top5_acc: 0.9594, loss_cls: 0.6411, loss: 0.6411
2026-08-25 21:27:42,075 - pyskl - INFO - Epoch [8][4400/5537]	lr: 1.300e-02, eta: 1 day, 8:02:27, time: 2.561, data_time: 0.000, memory: 5243, top1_acc: 0.8047, top5_acc: 0.9584, loss_cls: 0.6490, loss: 0.6490
2026-08-25 21:31:56,563 - pyskl - INFO - Epoch [8][4500/5537]	lr: 1.296e-02, eta: 1 day, 7:58:14, time: 2.545, data_time: 0.000, memory: 5243, top1_acc: 0.8172, top5_acc: 0.9591, loss_cls: 0.6254, loss: 0.6254
2026-08-25 21:36:11,660 - pyskl - INFO - Epoch [8][4600/5537]	lr: 1.292e-02, eta: 1 day, 7:54:01, time: 2.551, data_time: 0.000, memory: 5243, top1_acc: 0.8134, top5_acc: 0.9569, loss_cls: 0.6330, loss: 0.6330
2026-08-25 21:40:26,963 - pyskl - INFO - Epoch [8][4700/5537]	lr: 1.287e-02, eta: 1 day, 7:49:49, time: 2.553, data_time: 0.000, memory: 5243, top1_acc: 0.8216, top5_acc: 0.9569, loss_cls: 0.6207, loss: 0.6207
2026-08-25 21:44:40,785 - pyskl - INFO - Epoch [8][4800/5537]	lr: 1.283e-02, eta: 1 day, 7:45:35, time: 2.538, data_time: 0.000, memory: 5243, top1_acc: 0.8234, top5_acc: 0.9606, loss_cls: 0.5879, loss: 0.5879
2026-08-25 21:48:56,710 - pyskl - INFO - Epoch [8][4900/5537]	lr: 1.278e-02, eta: 1 day, 7:41:23, time: 2.559, data_time: 0.000, memory: 5243, top1_acc: 0.8203, top5_acc: 0.9606, loss_cls: 0.6038, loss: 0.6038
2026-08-25 21:53:12,799 - pyskl - INFO - Epoch [8][5000/5537]	lr: 1.274e-02, eta: 1 day, 7:37:11, time: 2.561, data_time: 0.000, memory: 5243, top1_acc: 0.8097, top5_acc: 0.9634, loss_cls: 0.6123, loss: 0.6123
2026-08-25 21:57:27,678 - pyskl - INFO - Epoch [8][5100/5537]	lr: 1.269e-02, eta: 1 day, 7:32:58, time: 2.549, data_time: 0.000, memory: 5243, top1_acc: 0.8097, top5_acc: 0.9587, loss_cls: 0.6224, loss: 0.6224
2026-08-25 22:01:42,123 - pyskl - INFO - Epoch [8][5200/5537]	lr: 1.265e-02, eta: 1 day, 7:28:45, time: 2.544, data_time: 0.000, memory: 5243, top1_acc: 0.8094, top5_acc: 0.9584, loss_cls: 0.6397, loss: 0.6397
2026-08-25 22:05:57,563 - pyskl - INFO - Epoch [8][5300/5537]	lr: 1.261e-02, eta: 1 day, 7:24:33, time: 2.554, data_time: 0.000, memory: 5243, top1_acc: 0.8147, top5_acc: 0.9572, loss_cls: 0.6191, loss: 0.6191
2026-08-25 22:10:13,082 - pyskl - INFO - Epoch [8][5400/5537]	lr: 1.256e-02, eta: 1 day, 7:20:20, time: 2.555, data_time: 0.000, memory: 5243, top1_acc: 0.8094, top5_acc: 0.9587, loss_cls: 0.6327, loss: 0.6327
2026-08-25 22:14:27,187 - pyskl - INFO - Epoch [8][5500/5537]	lr: 1.252e-02, eta: 1 day, 7:16:07, time: 2.541, data_time: 0.000, memory: 5243, top1_acc: 0.8159, top5_acc: 0.9591, loss_cls: 0.6202, loss: 0.6202
2026-08-25 22:16:02,287 - pyskl - INFO - Saving checkpoint at 8 epochs
2026-08-25 22:21:58,205 - pyskl - INFO - Evaluating top_k_accuracy ...
2026-08-25 22:21:58,217 - pyskl - INFO - 
top1_acc	0.8496
top5_acc	0.9789
2026-08-25 22:21:58,219 - pyskl - INFO - The previous best checkpoint D:\YxjProject\pythonProject\pyskl\work_dirs\aug_baseline\stgcnpp_j\train\A5_random_single\best_top1_acc_epoch_7.pth was removed
2026-08-25 22:21:58,286 - pyskl - INFO - Now best checkpoint is saved as best_top1_acc_epoch_8.pth.
2026-08-25 22:21:58,287 - pyskl - INFO - Best top1_acc is 0.8496 at 8 epoch.
2026-08-25 22:21:58,287 - pyskl - INFO - Epoch(val) [8][146]	top1_acc: 0.8496, top5_acc: 0.9789
2026-08-25 22:26:18,697 - pyskl - INFO - Epoch [9][100/5537]	lr: 1.246e-02, eta: 1 day, 7:08:52, time: 2.604, data_time: 0.066, memory: 5243, top1_acc: 0.8225, top5_acc: 0.9575, loss_cls: 0.6048, loss: 0.6048
2026-08-25 22:30:34,074 - pyskl - INFO - Epoch [9][200/5537]	lr: 1.241e-02, eta: 1 day, 7:04:40, time: 2.554, data_time: 0.000, memory: 5243, top1_acc: 0.8119, top5_acc: 0.9625, loss_cls: 0.6059, loss: 0.6059
2026-08-25 22:34:49,717 - pyskl - INFO - Epoch [9][300/5537]	lr: 1.237e-02, eta: 1 day, 7:00:28, time: 2.556, data_time: 0.000, memory: 5243, top1_acc: 0.8172, top5_acc: 0.9569, loss_cls: 0.6193, loss: 0.6193
2026-08-25 22:39:04,170 - pyskl - INFO - Epoch [9][400/5537]	lr: 1.232e-02, eta: 1 day, 6:56:15, time: 2.545, data_time: 0.000, memory: 5243, top1_acc: 0.8247, top5_acc: 0.9650, loss_cls: 0.5818, loss: 0.5818
2026-08-25 22:43:19,993 - pyskl - INFO - Epoch [9][500/5537]	lr: 1.228e-02, eta: 1 day, 6:52:03, time: 2.558, data_time: 0.000, memory: 5243, top1_acc: 0.8059, top5_acc: 0.9569, loss_cls: 0.6467, loss: 0.6467
2026-08-25 22:47:34,776 - pyskl - INFO - Epoch [9][600/5537]	lr: 1.223e-02, eta: 1 day, 6:47:50, time: 2.548, data_time: 0.000, memory: 5243, top1_acc: 0.8141, top5_acc: 0.9569, loss_cls: 0.6175, loss: 0.6175
2026-08-25 22:51:49,976 - pyskl - INFO - Epoch [9][700/5537]	lr: 1.219e-02, eta: 1 day, 6:43:38, time: 2.552, data_time: 0.000, memory: 5243, top1_acc: 0.8222, top5_acc: 0.9631, loss_cls: 0.6077, loss: 0.6077
2026-08-25 22:56:03,641 - pyskl - INFO - Epoch [9][800/5537]	lr: 1.215e-02, eta: 1 day, 6:39:24, time: 2.537, data_time: 0.000, memory: 5243, top1_acc: 0.8250, top5_acc: 0.9628, loss_cls: 0.5847, loss: 0.5847
2026-08-25 23:00:19,097 - pyskl - INFO - Epoch [9][900/5537]	lr: 1.210e-02, eta: 1 day, 6:35:12, time: 2.555, data_time: 0.000, memory: 5243, top1_acc: 0.8113, top5_acc: 0.9606, loss_cls: 0.5968, loss: 0.5968
2026-08-25 23:04:33,963 - pyskl - INFO - Epoch [9][1000/5537]	lr: 1.206e-02, eta: 1 day, 6:30:59, time: 2.549, data_time: 0.000, memory: 5243, top1_acc: 0.8209, top5_acc: 0.9581, loss_cls: 0.5948, loss: 0.5948
2026-08-25 23:08:48,118 - pyskl - INFO - Epoch [9][1100/5537]	lr: 1.201e-02, eta: 1 day, 6:26:46, time: 2.542, data_time: 0.000, memory: 5243, top1_acc: 0.8256, top5_acc: 0.9603, loss_cls: 0.5966, loss: 0.5966
2026-08-25 23:13:03,963 - pyskl - INFO - Epoch [9][1200/5537]	lr: 1.197e-02, eta: 1 day, 6:22:34, time: 2.558, data_time: 0.000, memory: 5243, top1_acc: 0.8234, top5_acc: 0.9591, loss_cls: 0.5871, loss: 0.5871
2026-08-25 23:17:19,012 - pyskl - INFO - Epoch [9][1300/5537]	lr: 1.192e-02, eta: 1 day, 6:18:22, time: 2.550, data_time: 0.000, memory: 5243, top1_acc: 0.8131, top5_acc: 0.9578, loss_cls: 0.6023, loss: 0.6023
2026-08-25 23:21:34,184 - pyskl - INFO - Epoch [9][1400/5537]	lr: 1.188e-02, eta: 1 day, 6:14:09, time: 2.552, data_time: 0.000, memory: 5243, top1_acc: 0.8272, top5_acc: 0.9625, loss_cls: 0.5666, loss: 0.5666
2026-08-25 23:25:48,317 - pyskl - INFO - Epoch [9][1500/5537]	lr: 1.184e-02, eta: 1 day, 6:09:56, time: 2.541, data_time: 0.000, memory: 5243, top1_acc: 0.8091, top5_acc: 0.9572, loss_cls: 0.6136, loss: 0.6136
2026-08-25 23:30:03,435 - pyskl - INFO - Epoch [9][1600/5537]	lr: 1.179e-02, eta: 1 day, 6:05:44, time: 2.551, data_time: 0.000, memory: 5243, top1_acc: 0.8209, top5_acc: 0.9609, loss_cls: 0.6000, loss: 0.6000
2026-08-25 23:34:18,526 - pyskl - INFO - Epoch [9][1700/5537]	lr: 1.175e-02, eta: 1 day, 6:01:31, time: 2.551, data_time: 0.000, memory: 5243, top1_acc: 0.8191, top5_acc: 0.9597, loss_cls: 0.6068, loss: 0.6068
2026-08-25 23:38:32,849 - pyskl - INFO - Epoch [9][1800/5537]	lr: 1.170e-02, eta: 1 day, 5:57:18, time: 2.543, data_time: 0.000, memory: 5243, top1_acc: 0.8313, top5_acc: 0.9644, loss_cls: 0.5506, loss: 0.5506
2026-08-25 23:42:48,059 - pyskl - INFO - Epoch [9][1900/5537]	lr: 1.166e-02, eta: 1 day, 5:53:05, time: 2.552, data_time: 0.000, memory: 5243, top1_acc: 0.8156, top5_acc: 0.9606, loss_cls: 0.6185, loss: 0.6185
2026-08-25 23:47:03,703 - pyskl - INFO - Epoch [9][2000/5537]	lr: 1.161e-02, eta: 1 day, 5:48:53, time: 2.556, data_time: 0.000, memory: 5243, top1_acc: 0.8225, top5_acc: 0.9609, loss_cls: 0.5914, loss: 0.5914
2026-08-25 23:51:17,923 - pyskl - INFO - Epoch [9][2100/5537]	lr: 1.157e-02, eta: 1 day, 5:44:40, time: 2.542, data_time: 0.000, memory: 5243, top1_acc: 0.8159, top5_acc: 0.9641, loss_cls: 0.6072, loss: 0.6072
2026-08-25 23:55:33,384 - pyskl - INFO - Epoch [9][2200/5537]	lr: 1.153e-02, eta: 1 day, 5:40:28, time: 2.555, data_time: 0.000, memory: 5243, top1_acc: 0.8116, top5_acc: 0.9619, loss_cls: 0.6245, loss: 0.6245
2026-08-25 23:59:48,994 - pyskl - INFO - Epoch [9][2300/5537]	lr: 1.148e-02, eta: 1 day, 5:36:16, time: 2.556, data_time: 0.000, memory: 5243, top1_acc: 0.8303, top5_acc: 0.9616, loss_cls: 0.5781, loss: 0.5781
2026-08-26 00:04:04,375 - pyskl - INFO - Epoch [9][2400/5537]	lr: 1.144e-02, eta: 1 day, 5:32:03, time: 2.554, data_time: 0.000, memory: 5243, top1_acc: 0.8300, top5_acc: 0.9616, loss_cls: 0.5742, loss: 0.5742
2026-08-26 00:08:18,048 - pyskl - INFO - Epoch [9][2500/5537]	lr: 1.139e-02, eta: 1 day, 5:27:49, time: 2.537, data_time: 0.000, memory: 5243, top1_acc: 0.8200, top5_acc: 0.9622, loss_cls: 0.5787, loss: 0.5787
2026-08-26 00:12:33,605 - pyskl - INFO - Epoch [9][2600/5537]	lr: 1.135e-02, eta: 1 day, 5:23:37, time: 2.556, data_time: 0.000, memory: 5243, top1_acc: 0.8250, top5_acc: 0.9622, loss_cls: 0.5963, loss: 0.5963
2026-08-26 00:16:48,609 - pyskl - INFO - Epoch [9][2700/5537]	lr: 1.131e-02, eta: 1 day, 5:19:24, time: 2.550, data_time: 0.000, memory: 5243, top1_acc: 0.8300, top5_acc: 0.9656, loss_cls: 0.5738, loss: 0.5738
2026-08-26 00:21:02,738 - pyskl - INFO - Epoch [9][2800/5537]	lr: 1.126e-02, eta: 1 day, 5:15:11, time: 2.541, data_time: 0.000, memory: 5243, top1_acc: 0.8375, top5_acc: 0.9650, loss_cls: 0.5671, loss: 0.5671
2026-08-26 00:25:18,456 - pyskl - INFO - Epoch [9][2900/5537]	lr: 1.122e-02, eta: 1 day, 5:10:59, time: 2.557, data_time: 0.000, memory: 5243, top1_acc: 0.8097, top5_acc: 0.9587, loss_cls: 0.6203, loss: 0.6203
2026-08-26 00:29:33,624 - pyskl - INFO - Epoch [9][3000/5537]	lr: 1.117e-02, eta: 1 day, 5:06:46, time: 2.552, data_time: 0.000, memory: 5243, top1_acc: 0.8191, top5_acc: 0.9613, loss_cls: 0.6087, loss: 0.6087
2026-08-26 00:33:49,001 - pyskl - INFO - Epoch [9][3100/5537]	lr: 1.113e-02, eta: 1 day, 5:02:34, time: 2.554, data_time: 0.000, memory: 5243, top1_acc: 0.8181, top5_acc: 0.9609, loss_cls: 0.5987, loss: 0.5987
2026-08-26 00:38:03,441 - pyskl - INFO - Epoch [9][3200/5537]	lr: 1.109e-02, eta: 1 day, 4:58:21, time: 2.544, data_time: 0.000, memory: 5243, top1_acc: 0.8191, top5_acc: 0.9563, loss_cls: 0.6036, loss: 0.6036
2026-08-26 00:42:18,750 - pyskl - INFO - Epoch [9][3300/5537]	lr: 1.104e-02, eta: 1 day, 4:54:08, time: 2.553, data_time: 0.000, memory: 5243, top1_acc: 0.8219, top5_acc: 0.9625, loss_cls: 0.5983, loss: 0.5983
2026-08-26 00:46:34,178 - pyskl - INFO - Epoch [9][3400/5537]	lr: 1.100e-02, eta: 1 day, 4:49:56, time: 2.554, data_time: 0.000, memory: 5243, top1_acc: 0.8209, top5_acc: 0.9622, loss_cls: 0.6021, loss: 0.6021
2026-08-26 00:50:47,873 - pyskl - INFO - Epoch [9][3500/5537]	lr: 1.095e-02, eta: 1 day, 4:45:42, time: 2.537, data_time: 0.000, memory: 5243, top1_acc: 0.8319, top5_acc: 0.9656, loss_cls: 0.5664, loss: 0.5664
2026-08-26 00:55:02,696 - pyskl - INFO - Epoch [9][3600/5537]	lr: 1.091e-02, eta: 1 day, 4:41:29, time: 2.548, data_time: 0.000, memory: 5243, top1_acc: 0.8263, top5_acc: 0.9613, loss_cls: 0.5727, loss: 0.5727
2026-08-26 00:59:18,587 - pyskl - INFO - Epoch [9][3700/5537]	lr: 1.087e-02, eta: 1 day, 4:37:17, time: 2.559, data_time: 0.000, memory: 5243, top1_acc: 0.8284, top5_acc: 0.9678, loss_cls: 0.5483, loss: 0.5483
2026-08-26 01:03:33,772 - pyskl - INFO - Epoch [9][3800/5537]	lr: 1.082e-02, eta: 1 day, 4:33:04, time: 2.552, data_time: 0.000, memory: 5243, top1_acc: 0.8166, top5_acc: 0.9587, loss_cls: 0.6041, loss: 0.6041
2026-08-26 01:07:48,601 - pyskl - INFO - Epoch [9][3900/5537]	lr: 1.078e-02, eta: 1 day, 4:28:51, time: 2.548, data_time: 0.000, memory: 5243, top1_acc: 0.8244, top5_acc: 0.9641, loss_cls: 0.5798, loss: 0.5798
2026-08-26 01:12:03,482 - pyskl - INFO - Epoch [9][4000/5537]	lr: 1.073e-02, eta: 1 day, 4:24:38, time: 2.549, data_time: 0.000, memory: 5243, top1_acc: 0.8313, top5_acc: 0.9575, loss_cls: 0.5706, loss: 0.5706
2026-08-26 01:16:18,349 - pyskl - INFO - Epoch [9][4100/5537]	lr: 1.069e-02, eta: 1 day, 4:20:25, time: 2.549, data_time: 0.000, memory: 5243, top1_acc: 0.8334, top5_acc: 0.9672, loss_cls: 0.5472, loss: 0.5472
2026-08-26 01:20:32,300 - pyskl - INFO - Epoch [9][4200/5537]	lr: 1.065e-02, eta: 1 day, 4:16:12, time: 2.540, data_time: 0.001, memory: 5243, top1_acc: 0.8309, top5_acc: 0.9666, loss_cls: 0.5465, loss: 0.5465
2026-08-26 01:24:48,435 - pyskl - INFO - Epoch [9][4300/5537]	lr: 1.060e-02, eta: 1 day, 4:12:00, time: 2.561, data_time: 0.000, memory: 5243, top1_acc: 0.8203, top5_acc: 0.9641, loss_cls: 0.5775, loss: 0.5775
2026-08-26 01:29:05,207 - pyskl - INFO - Epoch [9][4400/5537]	lr: 1.056e-02, eta: 1 day, 4:07:48, time: 2.568, data_time: 0.000, memory: 5243, top1_acc: 0.8200, top5_acc: 0.9566, loss_cls: 0.5879, loss: 0.5879
2026-08-26 01:33:19,540 - pyskl - INFO - Epoch [9][4500/5537]	lr: 1.051e-02, eta: 1 day, 4:03:35, time: 2.543, data_time: 0.000, memory: 5243, top1_acc: 0.8375, top5_acc: 0.9697, loss_cls: 0.5438, loss: 0.5438
2026-08-26 01:37:35,258 - pyskl - INFO - Epoch [9][4600/5537]	lr: 1.047e-02, eta: 1 day, 3:59:23, time: 2.557, data_time: 0.000, memory: 5243, top1_acc: 0.8337, top5_acc: 0.9688, loss_cls: 0.5554, loss: 0.5554
2026-08-26 01:41:50,231 - pyskl - INFO - Epoch [9][4700/5537]	lr: 1.043e-02, eta: 1 day, 3:55:10, time: 2.550, data_time: 0.000, memory: 5243, top1_acc: 0.8303, top5_acc: 0.9703, loss_cls: 0.5384, loss: 0.5384
2026-08-26 01:46:05,309 - pyskl - INFO - Epoch [9][4800/5537]	lr: 1.038e-02, eta: 1 day, 3:50:57, time: 2.551, data_time: 0.000, memory: 5243, top1_acc: 0.8309, top5_acc: 0.9659, loss_cls: 0.5558, loss: 0.5558
2026-08-26 01:50:19,710 - pyskl - INFO - Epoch [9][4900/5537]	lr: 1.034e-02, eta: 1 day, 3:46:43, time: 2.544, data_time: 0.000, memory: 5243, top1_acc: 0.8216, top5_acc: 0.9669, loss_cls: 0.5783, loss: 0.5783
2026-08-26 01:54:34,725 - pyskl - INFO - Epoch [9][5000/5537]	lr: 1.030e-02, eta: 1 day, 3:42:31, time: 2.550, data_time: 0.000, memory: 5243, top1_acc: 0.8219, top5_acc: 0.9584, loss_cls: 0.5946, loss: 0.5946
2026-08-26 01:58:50,669 - pyskl - INFO - Epoch [9][5100/5537]	lr: 1.025e-02, eta: 1 day, 3:38:18, time: 2.559, data_time: 0.000, memory: 5243, top1_acc: 0.8253, top5_acc: 0.9587, loss_cls: 0.5736, loss: 0.5736
2026-08-26 02:03:04,677 - pyskl - INFO - Epoch [9][5200/5537]	lr: 1.021e-02, eta: 1 day, 3:34:05, time: 2.540, data_time: 0.000, memory: 5243, top1_acc: 0.8178, top5_acc: 0.9578, loss_cls: 0.5954, loss: 0.5954
2026-08-26 02:07:20,036 - pyskl - INFO - Epoch [9][5300/5537]	lr: 1.016e-02, eta: 1 day, 3:29:52, time: 2.554, data_time: 0.000, memory: 5243, top1_acc: 0.8250, top5_acc: 0.9650, loss_cls: 0.5598, loss: 0.5598
2026-08-26 02:11:36,325 - pyskl - INFO - Epoch [9][5400/5537]	lr: 1.012e-02, eta: 1 day, 3:25:40, time: 2.563, data_time: 0.000, memory: 5243, top1_acc: 0.8287, top5_acc: 0.9675, loss_cls: 0.5448, loss: 0.5448
2026-08-26 02:15:51,380 - pyskl - INFO - Epoch [9][5500/5537]	lr: 1.008e-02, eta: 1 day, 3:21:27, time: 2.551, data_time: 0.000, memory: 5243, top1_acc: 0.8328, top5_acc: 0.9666, loss_cls: 0.5428, loss: 0.5428
2026-08-26 02:17:25,108 - pyskl - INFO - Saving checkpoint at 9 epochs
2026-08-26 02:23:36,660 - pyskl - INFO - Evaluating top_k_accuracy ...
2026-08-26 02:23:36,672 - pyskl - INFO - 
top1_acc	0.8337
top5_acc	0.9764
2026-08-26 02:23:36,672 - pyskl - INFO - Epoch(val) [9][146]	top1_acc: 0.8337, top5_acc: 0.9764
2026-08-26 02:27:58,158 - pyskl - INFO - Epoch [10][100/5537]	lr: 1.002e-02, eta: 1 day, 3:14:32, time: 2.615, data_time: 0.067, memory: 5243, top1_acc: 0.8391, top5_acc: 0.9684, loss_cls: 0.5424, loss: 0.5424
2026-08-26 02:32:12,653 - pyskl - INFO - Epoch [10][200/5537]	lr: 9.975e-03, eta: 1 day, 3:10:19, time: 2.545, data_time: 0.000, memory: 5243, top1_acc: 0.8275, top5_acc: 0.9578, loss_cls: 0.5752, loss: 0.5752
2026-08-26 02:36:27,566 - pyskl - INFO - Epoch [10][300/5537]	lr: 9.932e-03, eta: 1 day, 3:06:07, time: 2.549, data_time: 0.000, memory: 5243, top1_acc: 0.8406, top5_acc: 0.9697, loss_cls: 0.5307, loss: 0.5307
2026-08-26 02:40:42,605 - pyskl - INFO - Epoch [10][400/5537]	lr: 9.888e-03, eta: 1 day, 3:01:54, time: 2.550, data_time: 0.000, memory: 5243, top1_acc: 0.8428, top5_acc: 0.9675, loss_cls: 0.5386, loss: 0.5386
2026-08-26 02:44:56,305 - pyskl - INFO - Epoch [10][500/5537]	lr: 9.845e-03, eta: 1 day, 2:57:40, time: 2.537, data_time: 0.000, memory: 5243, top1_acc: 0.8334, top5_acc: 0.9650, loss_cls: 0.5518, loss: 0.5518
2026-08-26 02:49:11,078 - pyskl - INFO - Epoch [10][600/5537]	lr: 9.802e-03, eta: 1 day, 2:53:27, time: 2.548, data_time: 0.000, memory: 5243, top1_acc: 0.8478, top5_acc: 0.9684, loss_cls: 0.5155, loss: 0.5155
2026-08-26 02:53:25,893 - pyskl - INFO - Epoch [10][700/5537]	lr: 9.758e-03, eta: 1 day, 2:49:15, time: 2.548, data_time: 0.000, memory: 5243, top1_acc: 0.8356, top5_acc: 0.9672, loss_cls: 0.5453, loss: 0.5453
2026-08-26 02:57:40,856 - pyskl - INFO - Epoch [10][800/5537]	lr: 9.715e-03, eta: 1 day, 2:45:02, time: 2.550, data_time: 0.000, memory: 5243, top1_acc: 0.8422, top5_acc: 0.9647, loss_cls: 0.5454, loss: 0.5454
2026-08-26 03:01:54,786 - pyskl - INFO - Epoch [10][900/5537]	lr: 9.672e-03, eta: 1 day, 2:40:48, time: 2.539, data_time: 0.000, memory: 5243, top1_acc: 0.8469, top5_acc: 0.9672, loss_cls: 0.5225, loss: 0.5225
2026-08-26 03:06:09,919 - pyskl - INFO - Epoch [10][1000/5537]	lr: 9.629e-03, eta: 1 day, 2:36:36, time: 2.551, data_time: 0.000, memory: 5243, top1_acc: 0.8187, top5_acc: 0.9587, loss_cls: 0.5849, loss: 0.5849
2026-08-26 03:10:24,912 - pyskl - INFO - Epoch [10][1100/5537]	lr: 9.586e-03, eta: 1 day, 2:32:23, time: 2.550, data_time: 0.000, memory: 5243, top1_acc: 0.8359, top5_acc: 0.9631, loss_cls: 0.5468, loss: 0.5468
2026-08-26 03:14:38,733 - pyskl - INFO - Epoch [10][1200/5537]	lr: 9.542e-03, eta: 1 day, 2:28:09, time: 2.538, data_time: 0.000, memory: 5243, top1_acc: 0.8403, top5_acc: 0.9663, loss_cls: 0.5299, loss: 0.5299
2026-08-26 03:18:53,959 - pyskl - INFO - Epoch [10][1300/5537]	lr: 9.499e-03, eta: 1 day, 2:23:57, time: 2.552, data_time: 0.000, memory: 5243, top1_acc: 0.8369, top5_acc: 0.9700, loss_cls: 0.5303, loss: 0.5303
2026-08-26 03:23:09,624 - pyskl - INFO - Epoch [10][1400/5537]	lr: 9.456e-03, eta: 1 day, 2:19:44, time: 2.557, data_time: 0.000, memory: 5243, top1_acc: 0.8294, top5_acc: 0.9675, loss_cls: 0.5539, loss: 0.5539
2026-08-26 03:27:23,336 - pyskl - INFO - Epoch [10][1500/5537]	lr: 9.413e-03, eta: 1 day, 2:15:31, time: 2.537, data_time: 0.000, memory: 5243, top1_acc: 0.8309, top5_acc: 0.9647, loss_cls: 0.5517, loss: 0.5517
2026-08-26 03:31:38,538 - pyskl - INFO - Epoch [10][1600/5537]	lr: 9.370e-03, eta: 1 day, 2:11:18, time: 2.552, data_time: 0.000, memory: 5243, top1_acc: 0.8431, top5_acc: 0.9697, loss_cls: 0.5325, loss: 0.5325
2026-08-26 03:35:52,875 - pyskl - INFO - Epoch [10][1700/5537]	lr: 9.328e-03, eta: 1 day, 2:07:05, time: 2.543, data_time: 0.000, memory: 5243, top1_acc: 0.8337, top5_acc: 0.9669, loss_cls: 0.5445, loss: 0.5445
2026-08-26 03:40:07,577 - pyskl - INFO - Epoch [10][1800/5537]	lr: 9.285e-03, eta: 1 day, 2:02:52, time: 2.547, data_time: 0.000, memory: 5243, top1_acc: 0.8422, top5_acc: 0.9666, loss_cls: 0.5246, loss: 0.5246
2026-08-26 03:44:21,930 - pyskl - INFO - Epoch [10][1900/5537]	lr: 9.242e-03, eta: 1 day, 1:58:38, time: 2.544, data_time: 0.000, memory: 5243, top1_acc: 0.8419, top5_acc: 0.9609, loss_cls: 0.5406, loss: 0.5406
2026-08-26 03:48:37,276 - pyskl - INFO - Epoch [10][2000/5537]	lr: 9.199e-03, eta: 1 day, 1:54:26, time: 2.553, data_time: 0.000, memory: 5243, top1_acc: 0.8350, top5_acc: 0.9641, loss_cls: 0.5357, loss: 0.5357
2026-08-26 03:52:52,671 - pyskl - INFO - Epoch [10][2100/5537]	lr: 9.156e-03, eta: 1 day, 1:50:13, time: 2.554, data_time: 0.000, memory: 5243, top1_acc: 0.8509, top5_acc: 0.9691, loss_cls: 0.5081, loss: 0.5081
2026-08-26 03:57:06,651 - pyskl - INFO - Epoch [10][2200/5537]	lr: 9.114e-03, eta: 1 day, 1:46:00, time: 2.540, data_time: 0.000, memory: 5243, top1_acc: 0.8322, top5_acc: 0.9675, loss_cls: 0.5659, loss: 0.5659
2026-08-26 04:01:21,882 - pyskl - INFO - Epoch [10][2300/5537]	lr: 9.071e-03, eta: 1 day, 1:41:47, time: 2.552, data_time: 0.000, memory: 5243, top1_acc: 0.8431, top5_acc: 0.9712, loss_cls: 0.5104, loss: 0.5104
2026-08-26 04:05:37,110 - pyskl - INFO - Epoch [10][2400/5537]	lr: 9.028e-03, eta: 1 day, 1:37:34, time: 2.552, data_time: 0.000, memory: 5243, top1_acc: 0.8337, top5_acc: 0.9647, loss_cls: 0.5486, loss: 0.5486
2026-08-26 04:09:52,321 - pyskl - INFO - Epoch [10][2500/5537]	lr: 8.986e-03, eta: 1 day, 1:33:22, time: 2.552, data_time: 0.000, memory: 5243, top1_acc: 0.8356, top5_acc: 0.9634, loss_cls: 0.5521, loss: 0.5521
2026-08-26 04:14:05,655 - pyskl - INFO - Epoch [10][2600/5537]	lr: 8.943e-03, eta: 1 day, 1:29:08, time: 2.533, data_time: 0.000, memory: 5243, top1_acc: 0.8259, top5_acc: 0.9669, loss_cls: 0.5478, loss: 0.5478
2026-08-26 04:18:20,871 - pyskl - INFO - Epoch [10][2700/5537]	lr: 8.901e-03, eta: 1 day, 1:24:55, time: 2.552, data_time: 0.000, memory: 5243, top1_acc: 0.8506, top5_acc: 0.9659, loss_cls: 0.5093, loss: 0.5093
2026-08-26 04:22:35,800 - pyskl - INFO - Epoch [10][2800/5537]	lr: 8.859e-03, eta: 1 day, 1:20:42, time: 2.549, data_time: 0.000, memory: 5243, top1_acc: 0.8447, top5_acc: 0.9672, loss_cls: 0.5168, loss: 0.5168
2026-08-26 04:26:49,898 - pyskl - INFO - Epoch [10][2900/5537]	lr: 8.816e-03, eta: 1 day, 1:16:29, time: 2.541, data_time: 0.000, memory: 5243, top1_acc: 0.8522, top5_acc: 0.9688, loss_cls: 0.4908, loss: 0.4908
2026-08-26 04:31:04,804 - pyskl - INFO - Epoch [10][3000/5537]	lr: 8.774e-03, eta: 1 day, 1:12:16, time: 2.549, data_time: 0.000, memory: 5243, top1_acc: 0.8469, top5_acc: 0.9669, loss_cls: 0.5320, loss: 0.5320
2026-08-26 04:35:18,931 - pyskl - INFO - Epoch [10][3100/5537]	lr: 8.732e-03, eta: 1 day, 1:08:02, time: 2.541, data_time: 0.000, memory: 5243, top1_acc: 0.8500, top5_acc: 0.9653, loss_cls: 0.5130, loss: 0.5130
2026-08-26 04:39:33,841 - pyskl - INFO - Epoch [10][3200/5537]	lr: 8.689e-03, eta: 1 day, 1:03:49, time: 2.549, data_time: 0.000, memory: 5243, top1_acc: 0.8306, top5_acc: 0.9669, loss_cls: 0.5456, loss: 0.5456
2026-08-26 04:43:48,409 - pyskl - INFO - Epoch [10][3300/5537]	lr: 8.647e-03, eta: 1 day, 0:59:36, time: 2.546, data_time: 0.000, memory: 5243, top1_acc: 0.8394, top5_acc: 0.9681, loss_cls: 0.5186, loss: 0.5186
2026-08-26 04:48:03,007 - pyskl - INFO - Epoch [10][3400/5537]	lr: 8.605e-03, eta: 1 day, 0:55:23, time: 2.546, data_time: 0.000, memory: 5243, top1_acc: 0.8294, top5_acc: 0.9691, loss_cls: 0.5542, loss: 0.5542
2026-08-26 04:52:18,182 - pyskl - INFO - Epoch [10][3500/5537]	lr: 8.563e-03, eta: 1 day, 0:51:10, time: 2.552, data_time: 0.000, memory: 5243, top1_acc: 0.8438, top5_acc: 0.9631, loss_cls: 0.5228, loss: 0.5228
2026-08-26 04:56:32,374 - pyskl - INFO - Epoch [10][3600/5537]	lr: 8.521e-03, eta: 1 day, 0:46:57, time: 2.542, data_time: 0.000, memory: 5243, top1_acc: 0.8500, top5_acc: 0.9675, loss_cls: 0.5087, loss: 0.5087
2026-08-26 05:00:47,520 - pyskl - INFO - Epoch [10][3700/5537]	lr: 8.479e-03, eta: 1 day, 0:42:44, time: 2.551, data_time: 0.000, memory: 5243, top1_acc: 0.8472, top5_acc: 0.9712, loss_cls: 0.5178, loss: 0.5178
2026-08-26 05:05:02,425 - pyskl - INFO - Epoch [10][3800/5537]	lr: 8.437e-03, eta: 1 day, 0:38:31, time: 2.549, data_time: 0.000, memory: 5243, top1_acc: 0.8375, top5_acc: 0.9722, loss_cls: 0.5209, loss: 0.5209
2026-08-26 05:09:16,571 - pyskl - INFO - Epoch [10][3900/5537]	lr: 8.395e-03, eta: 1 day, 0:34:17, time: 2.541, data_time: 0.000, memory: 5243, top1_acc: 0.8481, top5_acc: 0.9684, loss_cls: 0.5002, loss: 0.5002
2026-08-26 05:13:31,393 - pyskl - INFO - Epoch [10][4000/5537]	lr: 8.353e-03, eta: 1 day, 0:30:04, time: 2.548, data_time: 0.000, memory: 5243, top1_acc: 0.8484, top5_acc: 0.9709, loss_cls: 0.5057, loss: 0.5057
2026-08-26 05:17:46,355 - pyskl - INFO - Epoch [10][4100/5537]	lr: 8.311e-03, eta: 1 day, 0:25:51, time: 2.550, data_time: 0.000, memory: 5243, top1_acc: 0.8369, top5_acc: 0.9659, loss_cls: 0.5357, loss: 0.5357
2026-08-26 05:22:01,683 - pyskl - INFO - Epoch [10][4200/5537]	lr: 8.270e-03, eta: 1 day, 0:21:38, time: 2.553, data_time: 0.000, memory: 5243, top1_acc: 0.8425, top5_acc: 0.9716, loss_cls: 0.5043, loss: 0.5043
2026-08-26 05:26:15,502 - pyskl - INFO - Epoch [10][4300/5537]	lr: 8.228e-03, eta: 1 day, 0:17:25, time: 2.538, data_time: 0.000, memory: 5243, top1_acc: 0.8344, top5_acc: 0.9631, loss_cls: 0.5572, loss: 0.5572
2026-08-26 05:30:30,493 - pyskl - INFO - Epoch [10][4400/5537]	lr: 8.186e-03, eta: 1 day, 0:13:12, time: 2.550, data_time: 0.000, memory: 5243, top1_acc: 0.8538, top5_acc: 0.9703, loss_cls: 0.4793, loss: 0.4793
2026-08-26 05:34:45,571 - pyskl - INFO - Epoch [10][4500/5537]	lr: 8.145e-03, eta: 1 day, 0:08:59, time: 2.551, data_time: 0.000, memory: 5243, top1_acc: 0.8397, top5_acc: 0.9719, loss_cls: 0.5003, loss: 0.5003
2026-08-26 05:38:59,236 - pyskl - INFO - Epoch [10][4600/5537]	lr: 8.103e-03, eta: 1 day, 0:04:45, time: 2.537, data_time: 0.000, memory: 5243, top1_acc: 0.8503, top5_acc: 0.9684, loss_cls: 0.4981, loss: 0.4981
2026-08-26 05:43:14,569 - pyskl - INFO - Epoch [10][4700/5537]	lr: 8.062e-03, eta: 1 day, 0:00:32, time: 2.553, data_time: 0.000, memory: 5243, top1_acc: 0.8534, top5_acc: 0.9691, loss_cls: 0.4973, loss: 0.4973
2026-08-26 05:47:28,596 - pyskl - INFO - Epoch [10][4800/5537]	lr: 8.020e-03, eta: 23:56:18, time: 2.540, data_time: 0.000, memory: 5243, top1_acc: 0.8456, top5_acc: 0.9716, loss_cls: 0.4938, loss: 0.4938
2026-08-26 05:51:44,342 - pyskl - INFO - Epoch [10][4900/5537]	lr: 7.979e-03, eta: 23:52:06, time: 2.557, data_time: 0.000, memory: 5243, top1_acc: 0.8556, top5_acc: 0.9694, loss_cls: 0.4935, loss: 0.4935
2026-08-26 05:55:58,515 - pyskl - INFO - Epoch [10][5000/5537]	lr: 7.938e-03, eta: 23:47:52, time: 2.542, data_time: 0.000, memory: 5243, top1_acc: 0.8531, top5_acc: 0.9709, loss_cls: 0.4775, loss: 0.4775
2026-08-26 06:00:13,287 - pyskl - INFO - Epoch [10][5100/5537]	lr: 7.896e-03, eta: 23:43:39, time: 2.548, data_time: 0.000, memory: 5243, top1_acc: 0.8488, top5_acc: 0.9669, loss_cls: 0.5001, loss: 0.5001
2026-08-26 06:04:28,131 - pyskl - INFO - Epoch [10][5200/5537]	lr: 7.855e-03, eta: 23:39:26, time: 2.548, data_time: 0.000, memory: 5243, top1_acc: 0.8500, top5_acc: 0.9678, loss_cls: 0.4949, loss: 0.4949
2026-08-26 06:08:41,851 - pyskl - INFO - Epoch [10][5300/5537]	lr: 7.814e-03, eta: 23:35:12, time: 2.537, data_time: 0.000, memory: 5243, top1_acc: 0.8584, top5_acc: 0.9688, loss_cls: 0.4886, loss: 0.4886
2026-08-26 06:12:56,867 - pyskl - INFO - Epoch [10][5400/5537]	lr: 7.773e-03, eta: 23:30:59, time: 2.550, data_time: 0.000, memory: 5243, top1_acc: 0.8466, top5_acc: 0.9706, loss_cls: 0.4977, loss: 0.4977
2026-08-26 06:17:12,367 - pyskl - INFO - Epoch [10][5500/5537]	lr: 7.732e-03, eta: 23:26:46, time: 2.555, data_time: 0.000, memory: 5243, top1_acc: 0.8447, top5_acc: 0.9684, loss_cls: 0.4976, loss: 0.4976
2026-08-26 06:18:46,156 - pyskl - INFO - Saving checkpoint at 10 epochs
2026-08-26 06:24:41,837 - pyskl - INFO - Evaluating top_k_accuracy ...
2026-08-26 06:24:41,848 - pyskl - INFO - 
top1_acc	0.8563
top5_acc	0.9774
2026-08-26 06:24:41,850 - pyskl - INFO - The previous best checkpoint D:\YxjProject\pythonProject\pyskl\work_dirs\aug_baseline\stgcnpp_j\train\A5_random_single\best_top1_acc_epoch_8.pth was removed
2026-08-26 06:24:41,918 - pyskl - INFO - Now best checkpoint is saved as best_top1_acc_epoch_10.pth.
2026-08-26 06:24:41,919 - pyskl - INFO - Best top1_acc is 0.8563 at 10 epoch.
2026-08-26 06:24:41,919 - pyskl - INFO - Epoch(val) [10][146]	top1_acc: 0.8563, top5_acc: 0.9774
2026-08-26 06:29:03,601 - pyskl - INFO - Epoch [11][100/5537]	lr: 7.676e-03, eta: 23:20:07, time: 2.617, data_time: 0.066, memory: 5243, top1_acc: 0.8531, top5_acc: 0.9725, loss_cls: 0.4771, loss: 0.4771
2026-08-26 06:33:18,083 - pyskl - INFO - Epoch [11][200/5537]	lr: 7.635e-03, eta: 23:15:54, time: 2.545, data_time: 0.000, memory: 5243, top1_acc: 0.8569, top5_acc: 0.9712, loss_cls: 0.4787, loss: 0.4787
2026-08-26 06:37:33,376 - pyskl - INFO - Epoch [11][300/5537]	lr: 7.594e-03, eta: 23:11:42, time: 2.553, data_time: 0.000, memory: 5243, top1_acc: 0.8503, top5_acc: 0.9706, loss_cls: 0.4921, loss: 0.4921
2026-08-26 06:41:48,605 - pyskl - INFO - Epoch [11][400/5537]	lr: 7.554e-03, eta: 23:07:29, time: 2.552, data_time: 0.000, memory: 5243, top1_acc: 0.8572, top5_acc: 0.9766, loss_cls: 0.4687, loss: 0.4687
2026-08-26 06:46:04,387 - pyskl - INFO - Epoch [11][500/5537]	lr: 7.513e-03, eta: 23:03:17, time: 2.558, data_time: 0.000, memory: 5243, top1_acc: 0.8512, top5_acc: 0.9678, loss_cls: 0.4980, loss: 0.4980
2026-08-26 06:50:18,606 - pyskl - INFO - Epoch [11][600/5537]	lr: 7.472e-03, eta: 22:59:03, time: 2.542, data_time: 0.000, memory: 5243, top1_acc: 0.8394, top5_acc: 0.9716, loss_cls: 0.4963, loss: 0.4963
2026-08-26 06:54:34,196 - pyskl - INFO - Epoch [11][700/5537]	lr: 7.432e-03, eta: 22:54:51, time: 2.556, data_time: 0.000, memory: 5243, top1_acc: 0.8472, top5_acc: 0.9728, loss_cls: 0.4947, loss: 0.4947
2026-08-26 06:58:48,569 - pyskl - INFO - Epoch [11][800/5537]	lr: 7.391e-03, eta: 22:50:37, time: 2.544, data_time: 0.000, memory: 5243, top1_acc: 0.8466, top5_acc: 0.9731, loss_cls: 0.4940, loss: 0.4940
2026-08-26 07:03:02,944 - pyskl - INFO - Epoch [11][900/5537]	lr: 7.351e-03, eta: 22:46:24, time: 2.544, data_time: 0.000, memory: 5243, top1_acc: 0.8603, top5_acc: 0.9719, loss_cls: 0.4597, loss: 0.4597
2026-08-26 07:07:18,530 - pyskl - INFO - Epoch [11][1000/5537]	lr: 7.310e-03, eta: 22:42:12, time: 2.556, data_time: 0.000, memory: 5243, top1_acc: 0.8569, top5_acc: 0.9728, loss_cls: 0.4724, loss: 0.4724
2026-08-26 07:11:33,774 - pyskl - INFO - Epoch [11][1100/5537]	lr: 7.270e-03, eta: 22:37:59, time: 2.552, data_time: 0.000, memory: 5243, top1_acc: 0.8559, top5_acc: 0.9716, loss_cls: 0.4895, loss: 0.4895
2026-08-26 07:15:49,389 - pyskl - INFO - Epoch [11][1200/5537]	lr: 7.230e-03, eta: 22:33:46, time: 2.556, data_time: 0.000, memory: 5243, top1_acc: 0.8544, top5_acc: 0.9691, loss_cls: 0.4947, loss: 0.4947
2026-08-26 07:20:03,573 - pyskl - INFO - Epoch [11][1300/5537]	lr: 7.190e-03, eta: 22:29:33, time: 2.542, data_time: 0.000, memory: 5243, top1_acc: 0.8588, top5_acc: 0.9703, loss_cls: 0.4812, loss: 0.4812
2026-08-26 07:24:19,091 - pyskl - INFO - Epoch [11][1400/5537]	lr: 7.150e-03, eta: 22:25:20, time: 2.555, data_time: 0.000, memory: 5243, top1_acc: 0.8491, top5_acc: 0.9706, loss_cls: 0.4951, loss: 0.4951
2026-08-26 07:28:34,156 - pyskl - INFO - Epoch [11][1500/5537]	lr: 7.110e-03, eta: 22:21:08, time: 2.551, data_time: 0.000, memory: 5243, top1_acc: 0.8606, top5_acc: 0.9691, loss_cls: 0.4791, loss: 0.4791
2026-08-26 07:32:48,097 - pyskl - INFO - Epoch [11][1600/5537]	lr: 7.070e-03, eta: 22:16:54, time: 2.539, data_time: 0.000, memory: 5243, top1_acc: 0.8603, top5_acc: 0.9741, loss_cls: 0.4593, loss: 0.4593
2026-08-26 07:37:03,702 - pyskl - INFO - Epoch [11][1700/5537]	lr: 7.030e-03, eta: 22:12:41, time: 2.556, data_time: 0.000, memory: 5243, top1_acc: 0.8650, top5_acc: 0.9728, loss_cls: 0.4611, loss: 0.4611
2026-08-26 07:41:18,996 - pyskl - INFO - Epoch [11][1800/5537]	lr: 6.990e-03, eta: 22:08:29, time: 2.553, data_time: 0.000, memory: 5243, top1_acc: 0.8731, top5_acc: 0.9716, loss_cls: 0.4392, loss: 0.4392
2026-08-26 07:45:33,975 - pyskl - INFO - Epoch [11][1900/5537]	lr: 6.950e-03, eta: 22:04:16, time: 2.550, data_time: 0.000, memory: 5243, top1_acc: 0.8659, top5_acc: 0.9747, loss_cls: 0.4507, loss: 0.4507
2026-08-26 07:49:49,182 - pyskl - INFO - Epoch [11][2000/5537]	lr: 6.911e-03, eta: 22:00:03, time: 2.552, data_time: 0.000, memory: 5243, top1_acc: 0.8503, top5_acc: 0.9719, loss_cls: 0.4899, loss: 0.4899
2026-08-26 07:54:05,164 - pyskl - INFO - Epoch [11][2100/5537]	lr: 6.871e-03, eta: 21:55:50, time: 2.560, data_time: 0.000, memory: 5243, top1_acc: 0.8578, top5_acc: 0.9706, loss_cls: 0.4475, loss: 0.4475
2026-08-26 07:58:19,582 - pyskl - INFO - Epoch [11][2200/5537]	lr: 6.831e-03, eta: 21:51:37, time: 2.544, data_time: 0.000, memory: 5243, top1_acc: 0.8512, top5_acc: 0.9694, loss_cls: 0.4859, loss: 0.4859
2026-08-26 08:02:33,665 - pyskl - INFO - Epoch [11][2300/5537]	lr: 6.792e-03, eta: 21:47:24, time: 2.541, data_time: 0.000, memory: 5243, top1_acc: 0.8438, top5_acc: 0.9697, loss_cls: 0.4951, loss: 0.4951
2026-08-26 08:06:49,201 - pyskl - INFO - Epoch [11][2400/5537]	lr: 6.752e-03, eta: 21:43:11, time: 2.555, data_time: 0.000, memory: 5243, top1_acc: 0.8647, top5_acc: 0.9775, loss_cls: 0.4583, loss: 0.4583
2026-08-26 08:11:04,768 - pyskl - INFO - Epoch [11][2500/5537]	lr: 6.713e-03, eta: 21:38:58, time: 2.556, data_time: 0.000, memory: 5243, top1_acc: 0.8550, top5_acc: 0.9659, loss_cls: 0.4865, loss: 0.4865
2026-08-26 08:15:19,118 - pyskl - INFO - Epoch [11][2600/5537]	lr: 6.674e-03, eta: 21:34:45, time: 2.543, data_time: 0.000, memory: 5243, top1_acc: 0.8619, top5_acc: 0.9722, loss_cls: 0.4661, loss: 0.4661
2026-08-26 08:19:35,014 - pyskl - INFO - Epoch [11][2700/5537]	lr: 6.635e-03, eta: 21:30:32, time: 2.559, data_time: 0.001, memory: 5243, top1_acc: 0.8591, top5_acc: 0.9666, loss_cls: 0.4802, loss: 0.4802
2026-08-26 08:23:50,143 - pyskl - INFO - Epoch [11][2800/5537]	lr: 6.596e-03, eta: 21:26:19, time: 2.551, data_time: 0.000, memory: 5243, top1_acc: 0.8641, top5_acc: 0.9728, loss_cls: 0.4450, loss: 0.4450
2026-08-26 08:28:06,128 - pyskl - INFO - Epoch [11][2900/5537]	lr: 6.557e-03, eta: 21:22:07, time: 2.560, data_time: 0.000, memory: 5243, top1_acc: 0.8575, top5_acc: 0.9706, loss_cls: 0.4743, loss: 0.4743
2026-08-26 08:32:20,598 - pyskl - INFO - Epoch [11][3000/5537]	lr: 6.518e-03, eta: 21:17:54, time: 2.545, data_time: 0.000, memory: 5243, top1_acc: 0.8578, top5_acc: 0.9719, loss_cls: 0.4689, loss: 0.4689
2026-08-26 08:36:35,393 - pyskl - INFO - Epoch [11][3100/5537]	lr: 6.479e-03, eta: 21:13:41, time: 2.548, data_time: 0.000, memory: 5243, top1_acc: 0.8594, top5_acc: 0.9734, loss_cls: 0.4478, loss: 0.4478
2026-08-26 08:40:50,996 - pyskl - INFO - Epoch [11][3200/5537]	lr: 6.440e-03, eta: 21:09:28, time: 2.556, data_time: 0.000, memory: 5243, top1_acc: 0.8612, top5_acc: 0.9719, loss_cls: 0.4649, loss: 0.4649
2026-08-26 08:45:04,574 - pyskl - INFO - Epoch [11][3300/5537]	lr: 6.401e-03, eta: 21:05:14, time: 2.536, data_time: 0.000, memory: 5243, top1_acc: 0.8672, top5_acc: 0.9762, loss_cls: 0.4259, loss: 0.4259
2026-08-26 08:49:20,042 - pyskl - INFO - Epoch [11][3400/5537]	lr: 6.363e-03, eta: 21:01:01, time: 2.555, data_time: 0.000, memory: 5243, top1_acc: 0.8650, top5_acc: 0.9694, loss_cls: 0.4682, loss: 0.4682
2026-08-26 08:53:36,264 - pyskl - INFO - Epoch [11][3500/5537]	lr: 6.324e-03, eta: 20:56:49, time: 2.562, data_time: 0.000, memory: 5243, top1_acc: 0.8644, top5_acc: 0.9750, loss_cls: 0.4469, loss: 0.4469
2026-08-26 08:57:51,934 - pyskl - INFO - Epoch [11][3600/5537]	lr: 6.285e-03, eta: 20:52:36, time: 2.557, data_time: 0.000, memory: 5243, top1_acc: 0.8547, top5_acc: 0.9712, loss_cls: 0.4724, loss: 0.4724
2026-08-26 09:02:06,077 - pyskl - INFO - Epoch [11][3700/5537]	lr: 6.247e-03, eta: 20:48:23, time: 2.541, data_time: 0.000, memory: 5243, top1_acc: 0.8684, top5_acc: 0.9753, loss_cls: 0.4409, loss: 0.4409
2026-08-26 09:06:21,152 - pyskl - INFO - Epoch [11][3800/5537]	lr: 6.209e-03, eta: 20:44:09, time: 2.551, data_time: 0.000, memory: 5243, top1_acc: 0.8666, top5_acc: 0.9756, loss_cls: 0.4405, loss: 0.4405
2026-08-26 09:10:36,783 - pyskl - INFO - Epoch [11][3900/5537]	lr: 6.170e-03, eta: 20:39:57, time: 2.556, data_time: 0.000, memory: 5243, top1_acc: 0.8653, top5_acc: 0.9744, loss_cls: 0.4419, loss: 0.4419
2026-08-26 09:14:50,932 - pyskl - INFO - Epoch [11][4000/5537]	lr: 6.132e-03, eta: 20:35:43, time: 2.541, data_time: 0.000, memory: 5243, top1_acc: 0.8550, top5_acc: 0.9734, loss_cls: 0.4847, loss: 0.4847
2026-08-26 09:19:07,729 - pyskl - INFO - Epoch [11][4100/5537]	lr: 6.094e-03, eta: 20:31:31, time: 2.568, data_time: 0.000, memory: 5243, top1_acc: 0.8678, top5_acc: 0.9756, loss_cls: 0.4380, loss: 0.4380
2026-08-26 09:23:23,685 - pyskl - INFO - Epoch [11][4200/5537]	lr: 6.056e-03, eta: 20:27:18, time: 2.560, data_time: 0.000, memory: 5243, top1_acc: 0.8709, top5_acc: 0.9719, loss_cls: 0.4522, loss: 0.4522
2026-08-26 09:27:39,593 - pyskl - INFO - Epoch [11][4300/5537]	lr: 6.018e-03, eta: 20:23:06, time: 2.559, data_time: 0.000, memory: 5243, top1_acc: 0.8688, top5_acc: 0.9769, loss_cls: 0.4341, loss: 0.4341
2026-08-26 09:31:54,726 - pyskl - INFO - Epoch [11][4400/5537]	lr: 5.980e-03, eta: 20:18:53, time: 2.551, data_time: 0.000, memory: 5243, top1_acc: 0.8616, top5_acc: 0.9719, loss_cls: 0.4537, loss: 0.4537
2026-08-26 09:36:10,111 - pyskl - INFO - Epoch [11][4500/5537]	lr: 5.943e-03, eta: 20:14:40, time: 2.554, data_time: 0.000, memory: 5243, top1_acc: 0.8703, top5_acc: 0.9769, loss_cls: 0.4225, loss: 0.4225
2026-08-26 09:40:24,822 - pyskl - INFO - Epoch [11][4600/5537]	lr: 5.905e-03, eta: 20:10:26, time: 2.547, data_time: 0.000, memory: 5243, top1_acc: 0.8634, top5_acc: 0.9769, loss_cls: 0.4520, loss: 0.4520
2026-08-26 09:44:39,018 - pyskl - INFO - Epoch [11][4700/5537]	lr: 5.867e-03, eta: 20:06:13, time: 2.542, data_time: 0.000, memory: 5243, top1_acc: 0.8744, top5_acc: 0.9759, loss_cls: 0.4298, loss: 0.4298
2026-08-26 09:48:54,688 - pyskl - INFO - Epoch [11][4800/5537]	lr: 5.830e-03, eta: 20:02:00, time: 2.557, data_time: 0.001, memory: 5243, top1_acc: 0.8659, top5_acc: 0.9741, loss_cls: 0.4468, loss: 0.4468
2026-08-26 09:53:10,365 - pyskl - INFO - Epoch [11][4900/5537]	lr: 5.792e-03, eta: 19:57:47, time: 2.557, data_time: 0.000, memory: 5243, top1_acc: 0.8638, top5_acc: 0.9788, loss_cls: 0.4346, loss: 0.4346
2026-08-26 09:57:25,109 - pyskl - INFO - Epoch [11][5000/5537]	lr: 5.755e-03, eta: 19:53:34, time: 2.547, data_time: 0.000, memory: 5243, top1_acc: 0.8666, top5_acc: 0.9794, loss_cls: 0.4312, loss: 0.4312
2026-08-26 10:01:40,647 - pyskl - INFO - Epoch [11][5100/5537]	lr: 5.718e-03, eta: 19:49:21, time: 2.555, data_time: 0.000, memory: 5243, top1_acc: 0.8628, top5_acc: 0.9753, loss_cls: 0.4499, loss: 0.4499
2026-08-26 10:05:55,654 - pyskl - INFO - Epoch [11][5200/5537]	lr: 5.680e-03, eta: 19:45:08, time: 2.550, data_time: 0.000, memory: 5243, top1_acc: 0.8616, top5_acc: 0.9716, loss_cls: 0.4455, loss: 0.4455
2026-08-26 10:10:11,408 - pyskl - INFO - Epoch [11][5300/5537]	lr: 5.643e-03, eta: 19:40:55, time: 2.558, data_time: 0.000, memory: 5243, top1_acc: 0.8688, top5_acc: 0.9741, loss_cls: 0.4342, loss: 0.4342
2026-08-26 10:14:25,329 - pyskl - INFO - Epoch [11][5400/5537]	lr: 5.606e-03, eta: 19:36:41, time: 2.539, data_time: 0.000, memory: 5243, top1_acc: 0.8634, top5_acc: 0.9781, loss_cls: 0.4406, loss: 0.4406
2026-08-26 10:18:41,542 - pyskl - INFO - Epoch [11][5500/5537]	lr: 5.569e-03, eta: 19:32:29, time: 2.562, data_time: 0.000, memory: 5243, top1_acc: 0.8600, top5_acc: 0.9719, loss_cls: 0.4529, loss: 0.4529
2026-08-26 10:20:15,752 - pyskl - INFO - Saving checkpoint at 11 epochs
2026-08-26 10:26:27,007 - pyskl - INFO - Evaluating top_k_accuracy ...
2026-08-26 10:26:27,020 - pyskl - INFO - 
top1_acc	0.8780
top5_acc	0.9800
2026-08-26 10:26:27,020 - pyskl - INFO - The previous best checkpoint D:\YxjProject\pythonProject\pyskl\work_dirs\aug_baseline\stgcnpp_j\train\A5_random_single\best_top1_acc_epoch_10.pth was removed
2026-08-26 10:26:27,089 - pyskl - INFO - Now best checkpoint is saved as best_top1_acc_epoch_11.pth.
2026-08-26 10:26:27,090 - pyskl - INFO - Best top1_acc is 0.8780 at 11 epoch.
2026-08-26 10:26:27,090 - pyskl - INFO - Epoch(val) [11][146]	top1_acc: 0.8780, top5_acc: 0.9800
2026-08-26 10:30:49,137 - pyskl - INFO - Epoch [12][100/5537]	lr: 5.519e-03, eta: 19:26:02, time: 2.620, data_time: 0.067, memory: 5243, top1_acc: 0.8847, top5_acc: 0.9800, loss_cls: 0.4023, loss: 0.4023
2026-08-26 10:35:05,213 - pyskl - INFO - Epoch [12][200/5537]	lr: 5.482e-03, eta: 19:21:50, time: 2.561, data_time: 0.000, memory: 5243, top1_acc: 0.8722, top5_acc: 0.9738, loss_cls: 0.4230, loss: 0.4230
2026-08-26 10:39:19,590 - pyskl - INFO - Epoch [12][300/5537]	lr: 5.446e-03, eta: 19:17:36, time: 2.544, data_time: 0.000, memory: 5243, top1_acc: 0.8691, top5_acc: 0.9734, loss_cls: 0.4372, loss: 0.4372
2026-08-26 10:43:35,390 - pyskl - INFO - Epoch [12][400/5537]	lr: 5.409e-03, eta: 19:13:24, time: 2.558, data_time: 0.000, memory: 5243, top1_acc: 0.8706, top5_acc: 0.9700, loss_cls: 0.4371, loss: 0.4371
2026-08-26 10:47:51,428 - pyskl - INFO - Epoch [12][500/5537]	lr: 5.373e-03, eta: 19:09:11, time: 2.560, data_time: 0.000, memory: 5243, top1_acc: 0.8716, top5_acc: 0.9766, loss_cls: 0.4310, loss: 0.4310
2026-08-26 10:52:06,441 - pyskl - INFO - Epoch [12][600/5537]	lr: 5.336e-03, eta: 19:04:58, time: 2.550, data_time: 0.000, memory: 5243, top1_acc: 0.8722, top5_acc: 0.9731, loss_cls: 0.4291, loss: 0.4291
2026-08-26 10:56:20,695 - pyskl - INFO - Epoch [12][700/5537]	lr: 5.300e-03, eta: 19:00:45, time: 2.543, data_time: 0.000, memory: 5243, top1_acc: 0.8806, top5_acc: 0.9794, loss_cls: 0.4068, loss: 0.4068
2026-08-26 11:00:35,895 - pyskl - INFO - Epoch [12][800/5537]	lr: 5.264e-03, eta: 18:56:32, time: 2.552, data_time: 0.000, memory: 5243, top1_acc: 0.8656, top5_acc: 0.9706, loss_cls: 0.4483, loss: 0.4483
2026-08-26 11:04:51,220 - pyskl - INFO - Epoch [12][900/5537]	lr: 5.228e-03, eta: 18:52:19, time: 2.553, data_time: 0.000, memory: 5243, top1_acc: 0.8831, top5_acc: 0.9794, loss_cls: 0.3888, loss: 0.3888
2026-08-26 11:09:04,741 - pyskl - INFO - Epoch [12][1000/5537]	lr: 5.192e-03, eta: 18:48:05, time: 2.535, data_time: 0.000, memory: 5243, top1_acc: 0.8816, top5_acc: 0.9759, loss_cls: 0.3907, loss: 0.3907
2026-08-26 11:13:20,400 - pyskl - INFO - Epoch [12][1100/5537]	lr: 5.156e-03, eta: 18:43:52, time: 2.557, data_time: 0.000, memory: 5243, top1_acc: 0.8791, top5_acc: 0.9747, loss_cls: 0.4206, loss: 0.4206
2026-08-26 11:17:35,828 - pyskl - INFO - Epoch [12][1200/5537]	lr: 5.120e-03, eta: 18:39:39, time: 2.554, data_time: 0.000, memory: 5243, top1_acc: 0.8688, top5_acc: 0.9734, loss_cls: 0.4442, loss: 0.4442
2026-08-26 11:21:51,845 - pyskl - INFO - Epoch [12][1300/5537]	lr: 5.084e-03, eta: 18:35:27, time: 2.560, data_time: 0.000, memory: 5243, top1_acc: 0.8694, top5_acc: 0.9762, loss_cls: 0.4192, loss: 0.4192
2026-08-26 11:26:05,668 - pyskl - INFO - Epoch [12][1400/5537]	lr: 5.049e-03, eta: 18:31:13, time: 2.538, data_time: 0.000, memory: 5243, top1_acc: 0.8706, top5_acc: 0.9772, loss_cls: 0.4125, loss: 0.4125
2026-08-26 11:30:21,400 - pyskl - INFO - Epoch [12][1500/5537]	lr: 5.013e-03, eta: 18:27:00, time: 2.557, data_time: 0.000, memory: 5243, top1_acc: 0.8722, top5_acc: 0.9766, loss_cls: 0.4187, loss: 0.4187
2026-08-26 11:34:37,802 - pyskl - INFO - Epoch [12][1600/5537]	lr: 4.978e-03, eta: 18:22:48, time: 2.564, data_time: 0.000, memory: 5243, top1_acc: 0.8734, top5_acc: 0.9731, loss_cls: 0.4401, loss: 0.4401
2026-08-26 11:38:51,878 - pyskl - INFO - Epoch [12][1700/5537]	lr: 4.942e-03, eta: 18:18:34, time: 2.541, data_time: 0.000, memory: 5243, top1_acc: 0.8778, top5_acc: 0.9734, loss_cls: 0.4128, loss: 0.4128
2026-08-26 11:43:07,716 - pyskl - INFO - Epoch [12][1800/5537]	lr: 4.907e-03, eta: 18:14:22, time: 2.558, data_time: 0.000, memory: 5243, top1_acc: 0.8859, top5_acc: 0.9775, loss_cls: 0.3879, loss: 0.3879
2026-08-26 11:47:23,703 - pyskl - INFO - Epoch [12][1900/5537]	lr: 4.872e-03, eta: 18:10:09, time: 2.560, data_time: 0.000, memory: 5243, top1_acc: 0.8806, top5_acc: 0.9747, loss_cls: 0.4179, loss: 0.4179
2026-08-26 11:51:38,945 - pyskl - INFO - Epoch [12][2000/5537]	lr: 4.837e-03, eta: 18:05:56, time: 2.552, data_time: 0.000, memory: 5243, top1_acc: 0.8747, top5_acc: 0.9747, loss_cls: 0.4304, loss: 0.4304
2026-08-26 11:55:53,429 - pyskl - INFO - Epoch [12][2100/5537]	lr: 4.802e-03, eta: 18:01:43, time: 2.545, data_time: 0.000, memory: 5243, top1_acc: 0.8781, top5_acc: 0.9784, loss_cls: 0.4044, loss: 0.4044
2026-08-26 12:00:08,819 - pyskl - INFO - Epoch [12][2200/5537]	lr: 4.767e-03, eta: 17:57:30, time: 2.554, data_time: 0.000, memory: 5243, top1_acc: 0.8762, top5_acc: 0.9750, loss_cls: 0.4261, loss: 0.4261
2026-08-26 12:04:23,951 - pyskl - INFO - Epoch [12][2300/5537]	lr: 4.732e-03, eta: 17:53:16, time: 2.551, data_time: 0.000, memory: 5243, top1_acc: 0.8850, top5_acc: 0.9788, loss_cls: 0.3986, loss: 0.3986
2026-08-26 12:08:37,868 - pyskl - INFO - Epoch [12][2400/5537]	lr: 4.697e-03, eta: 17:49:03, time: 2.539, data_time: 0.000, memory: 5243, top1_acc: 0.8916, top5_acc: 0.9781, loss_cls: 0.3776, loss: 0.3776
2026-08-26 12:12:53,110 - pyskl - INFO - Epoch [12][2500/5537]	lr: 4.663e-03, eta: 17:44:50, time: 2.552, data_time: 0.000, memory: 5243, top1_acc: 0.8662, top5_acc: 0.9812, loss_cls: 0.4176, loss: 0.4176
2026-08-26 12:17:08,683 - pyskl - INFO - Epoch [12][2600/5537]	lr: 4.628e-03, eta: 17:40:37, time: 2.556, data_time: 0.000, memory: 5243, top1_acc: 0.8878, top5_acc: 0.9778, loss_cls: 0.3802, loss: 0.3802
2026-08-26 12:21:23,648 - pyskl - INFO - Epoch [12][2700/5537]	lr: 4.594e-03, eta: 17:36:24, time: 2.550, data_time: 0.000, memory: 5243, top1_acc: 0.8900, top5_acc: 0.9781, loss_cls: 0.3813, loss: 0.3813
2026-08-26 12:25:38,544 - pyskl - INFO - Epoch [12][2800/5537]	lr: 4.560e-03, eta: 17:32:10, time: 2.549, data_time: 0.000, memory: 5243, top1_acc: 0.8831, top5_acc: 0.9803, loss_cls: 0.3799, loss: 0.3799
2026-08-26 12:29:53,627 - pyskl - INFO - Epoch [12][2900/5537]	lr: 4.525e-03, eta: 17:27:57, time: 2.551, data_time: 0.000, memory: 5243, top1_acc: 0.8819, top5_acc: 0.9788, loss_cls: 0.3784, loss: 0.3784
2026-08-26 12:34:50,736 - pyskl - INFO - Epoch [12][3000/5537]	lr: 4.491e-03, eta: 17:24:00, time: 2.971, data_time: 0.000, memory: 5243, top1_acc: 0.8912, top5_acc: 0.9794, loss_cls: 0.3922, loss: 0.3922
2026-08-26 12:40:08,075 - pyskl - INFO - Epoch [12][3100/5537]	lr: 4.457e-03, eta: 17:20:11, time: 3.173, data_time: 0.001, memory: 5243, top1_acc: 0.8747, top5_acc: 0.9788, loss_cls: 0.4002, loss: 0.4002
2026-08-26 12:45:26,596 - pyskl - INFO - Epoch [12][3200/5537]	lr: 4.424e-03, eta: 17:16:22, time: 3.185, data_time: 0.000, memory: 5243, top1_acc: 0.8838, top5_acc: 0.9762, loss_cls: 0.4008, loss: 0.4008
2026-08-26 12:50:44,243 - pyskl - INFO - Epoch [12][3300/5537]	lr: 4.390e-03, eta: 17:12:32, time: 3.176, data_time: 0.000, memory: 5243, top1_acc: 0.8875, top5_acc: 0.9800, loss_cls: 0.3875, loss: 0.3875
2026-08-26 12:55:58,305 - pyskl - INFO - Epoch [12][3400/5537]	lr: 4.356e-03, eta: 17:08:41, time: 3.141, data_time: 0.001, memory: 5243, top1_acc: 0.8834, top5_acc: 0.9819, loss_cls: 0.3815, loss: 0.3815
2026-08-26 13:01:10,249 - pyskl - INFO - Epoch [12][3500/5537]	lr: 4.322e-03, eta: 17:04:48, time: 3.119, data_time: 0.001, memory: 5243, top1_acc: 0.8862, top5_acc: 0.9838, loss_cls: 0.3659, loss: 0.3659
2026-08-26 13:06:22,608 - pyskl - INFO - Epoch [12][3600/5537]	lr: 4.289e-03, eta: 17:00:56, time: 3.124, data_time: 0.001, memory: 5243, top1_acc: 0.8797, top5_acc: 0.9788, loss_cls: 0.3954, loss: 0.3954
2026-08-26 13:11:40,540 - pyskl - INFO - Epoch [12][3700/5537]	lr: 4.256e-03, eta: 16:57:05, time: 3.179, data_time: 0.000, memory: 5243, top1_acc: 0.8672, top5_acc: 0.9766, loss_cls: 0.4221, loss: 0.4221
2026-08-26 13:16:55,874 - pyskl - INFO - Epoch [12][3800/5537]	lr: 4.222e-03, eta: 16:53:13, time: 3.153, data_time: 0.001, memory: 5243, top1_acc: 0.8822, top5_acc: 0.9819, loss_cls: 0.3797, loss: 0.3797
2026-08-26 13:22:11,548 - pyskl - INFO - Epoch [12][3900/5537]	lr: 4.189e-03, eta: 16:49:21, time: 3.157, data_time: 0.001, memory: 5243, top1_acc: 0.8872, top5_acc: 0.9788, loss_cls: 0.3746, loss: 0.3746
2026-08-26 13:27:27,764 - pyskl - INFO - Epoch [12][4000/5537]	lr: 4.156e-03, eta: 16:45:29, time: 3.162, data_time: 0.000, memory: 5243, top1_acc: 0.8788, top5_acc: 0.9769, loss_cls: 0.4006, loss: 0.4006
2026-08-26 13:32:44,291 - pyskl - INFO - Epoch [12][4100/5537]	lr: 4.123e-03, eta: 16:41:37, time: 3.165, data_time: 0.001, memory: 5243, top1_acc: 0.8888, top5_acc: 0.9819, loss_cls: 0.3708, loss: 0.3708
2026-08-26 13:37:57,177 - pyskl - INFO - Epoch [12][4200/5537]	lr: 4.090e-03, eta: 16:37:43, time: 3.129, data_time: 0.000, memory: 5243, top1_acc: 0.8859, top5_acc: 0.9756, loss_cls: 0.3727, loss: 0.3727
2026-08-26 13:43:08,758 - pyskl - INFO - Epoch [12][4300/5537]	lr: 4.058e-03, eta: 16:33:48, time: 3.116, data_time: 0.001, memory: 5243, top1_acc: 0.8925, top5_acc: 0.9812, loss_cls: 0.3704, loss: 0.3704
2026-08-26 13:48:22,234 - pyskl - INFO - Epoch [12][4400/5537]	lr: 4.025e-03, eta: 16:29:54, time: 3.135, data_time: 0.001, memory: 5243, top1_acc: 0.8834, top5_acc: 0.9781, loss_cls: 0.3874, loss: 0.3874
2026-08-26 13:53:42,803 - pyskl - INFO - Epoch [12][4500/5537]	lr: 3.992e-03, eta: 16:26:02, time: 3.206, data_time: 0.001, memory: 5243, top1_acc: 0.8803, top5_acc: 0.9803, loss_cls: 0.3890, loss: 0.3890
2026-08-26 13:58:58,897 - pyskl - INFO - Epoch [12][4600/5537]	lr: 3.960e-03, eta: 16:22:08, time: 3.161, data_time: 0.000, memory: 5243, top1_acc: 0.8884, top5_acc: 0.9784, loss_cls: 0.3692, loss: 0.3692
2026-08-26 14:04:14,046 - pyskl - INFO - Epoch [12][4700/5537]	lr: 3.928e-03, eta: 16:18:14, time: 3.151, data_time: 0.001, memory: 5243, top1_acc: 0.8856, top5_acc: 0.9803, loss_cls: 0.3714, loss: 0.3714
2026-08-26 14:09:31,490 - pyskl - INFO - Epoch [12][4800/5537]	lr: 3.895e-03, eta: 16:14:20, time: 3.174, data_time: 0.000, memory: 5243, top1_acc: 0.8891, top5_acc: 0.9831, loss_cls: 0.3642, loss: 0.3642
2026-08-26 14:14:48,849 - pyskl - INFO - Epoch [12][4900/5537]	lr: 3.863e-03, eta: 16:10:26, time: 3.174, data_time: 0.001, memory: 5243, top1_acc: 0.8778, top5_acc: 0.9781, loss_cls: 0.4146, loss: 0.4146
2026-08-26 14:20:02,889 - pyskl - INFO - Epoch [12][5000/5537]	lr: 3.831e-03, eta: 16:06:31, time: 3.140, data_time: 0.001, memory: 5243, top1_acc: 0.8875, top5_acc: 0.9809, loss_cls: 0.3844, loss: 0.3844
2026-08-26 14:25:17,505 - pyskl - INFO - Epoch [12][5100/5537]	lr: 3.800e-03, eta: 16:02:35, time: 3.146, data_time: 0.001, memory: 5243, top1_acc: 0.8953, top5_acc: 0.9809, loss_cls: 0.3556, loss: 0.3556
2026-08-26 14:30:31,817 - pyskl - INFO - Epoch [12][5200/5537]	lr: 3.768e-03, eta: 15:58:40, time: 3.143, data_time: 0.000, memory: 5243, top1_acc: 0.8931, top5_acc: 0.9791, loss_cls: 0.3609, loss: 0.3609
2026-08-26 14:35:50,205 - pyskl - INFO - Epoch [12][5300/5537]	lr: 3.736e-03, eta: 15:54:45, time: 3.184, data_time: 0.001, memory: 5243, top1_acc: 0.8828, top5_acc: 0.9794, loss_cls: 0.3829, loss: 0.3829
2026-08-26 14:41:04,295 - pyskl - INFO - Epoch [12][5400/5537]	lr: 3.705e-03, eta: 15:50:49, time: 3.141, data_time: 0.001, memory: 5243, top1_acc: 0.8831, top5_acc: 0.9809, loss_cls: 0.3752, loss: 0.3752
2026-08-26 14:46:17,712 - pyskl - INFO - Epoch [12][5500/5537]	lr: 3.673e-03, eta: 15:46:52, time: 3.134, data_time: 0.001, memory: 5243, top1_acc: 0.8991, top5_acc: 0.9794, loss_cls: 0.3536, loss: 0.3536
2026-08-26 14:48:08,754 - pyskl - INFO - Saving checkpoint at 12 epochs
2026-08-26 14:55:39,252 - pyskl - INFO - Evaluating top_k_accuracy ...
2026-08-26 14:55:39,273 - pyskl - INFO - 
top1_acc	0.8889
top5_acc	0.9839
2026-08-26 14:55:39,275 - pyskl - INFO - The previous best checkpoint D:\YxjProject\pythonProject\pyskl\work_dirs\aug_baseline\stgcnpp_j\train\A5_random_single\best_top1_acc_epoch_11.pth was removed
2026-08-26 14:55:39,432 - pyskl - INFO - Now best checkpoint is saved as best_top1_acc_epoch_12.pth.
2026-08-26 14:55:39,432 - pyskl - INFO - Best top1_acc is 0.8889 at 12 epoch.
2026-08-26 14:55:39,434 - pyskl - INFO - Epoch(val) [12][146]	top1_acc: 0.8889, top5_acc: 0.9839
2026-08-26 15:01:09,416 - pyskl - INFO - Epoch [13][100/5537]	lr: 3.630e-03, eta: 15:40:54, time: 3.300, data_time: 0.072, memory: 5243, top1_acc: 0.8928, top5_acc: 0.9828, loss_cls: 0.3577, loss: 0.3577
2026-08-26 15:06:53,159 - pyskl - INFO - Epoch [13][200/5537]	lr: 3.599e-03, eta: 15:37:07, time: 3.437, data_time: 0.000, memory: 5243, top1_acc: 0.8966, top5_acc: 0.9791, loss_cls: 0.3627, loss: 0.3627
2026-08-26 15:12:05,772 - pyskl - INFO - Epoch [13][300/5537]	lr: 3.568e-03, eta: 15:33:09, time: 3.126, data_time: 0.000, memory: 5243, top1_acc: 0.8962, top5_acc: 0.9800, loss_cls: 0.3622, loss: 0.3622
2026-08-26 15:17:22,616 - pyskl - INFO - Epoch [13][400/5537]	lr: 3.537e-03, eta: 15:29:13, time: 3.168, data_time: 0.001, memory: 5243, top1_acc: 0.9016, top5_acc: 0.9825, loss_cls: 0.3503, loss: 0.3503
2026-08-26 15:22:39,906 - pyskl - INFO - Epoch [13][500/5537]	lr: 3.506e-03, eta: 15:25:16, time: 3.173, data_time: 0.001, memory: 5243, top1_acc: 0.8950, top5_acc: 0.9778, loss_cls: 0.3628, loss: 0.3628
2026-08-26 15:27:56,064 - pyskl - INFO - Epoch [13][600/5537]	lr: 3.475e-03, eta: 15:21:19, time: 3.162, data_time: 0.001, memory: 5243, top1_acc: 0.8978, top5_acc: 0.9775, loss_cls: 0.3460, loss: 0.3460
2026-08-26 15:33:06,956 - pyskl - INFO - Epoch [13][700/5537]	lr: 3.445e-03, eta: 15:17:20, time: 3.109, data_time: 0.001, memory: 5243, top1_acc: 0.8966, top5_acc: 0.9816, loss_cls: 0.3445, loss: 0.3445
2026-08-26 15:37:21,608 - pyskl - INFO - Epoch [13][800/5537]	lr: 3.414e-03, eta: 15:13:02, time: 2.547, data_time: 0.000, memory: 5243, top1_acc: 0.9072, top5_acc: 0.9816, loss_cls: 0.3237, loss: 0.3237
2026-08-26 15:41:37,473 - pyskl - INFO - Epoch [13][900/5537]	lr: 3.384e-03, eta: 15:08:45, time: 2.559, data_time: 0.000, memory: 5243, top1_acc: 0.9006, top5_acc: 0.9812, loss_cls: 0.3324, loss: 0.3324
2026-08-26 15:45:52,979 - pyskl - INFO - Epoch [13][1000/5537]	lr: 3.354e-03, eta: 15:04:28, time: 2.555, data_time: 0.000, memory: 5243, top1_acc: 0.8984, top5_acc: 0.9853, loss_cls: 0.3350, loss: 0.3350
2026-08-26 15:50:06,745 - pyskl - INFO - Epoch [13][1100/5537]	lr: 3.323e-03, eta: 15:00:11, time: 2.538, data_time: 0.000, memory: 5243, top1_acc: 0.8922, top5_acc: 0.9847, loss_cls: 0.3527, loss: 0.3527
2026-08-26 15:54:20,792 - pyskl - INFO - Epoch [13][1200/5537]	lr: 3.293e-03, eta: 14:55:54, time: 2.540, data_time: 0.000, memory: 5243, top1_acc: 0.9034, top5_acc: 0.9834, loss_cls: 0.3234, loss: 0.3234
2026-08-26 15:58:36,228 - pyskl - INFO - Epoch [13][1300/5537]	lr: 3.264e-03, eta: 14:51:37, time: 2.554, data_time: 0.000, memory: 5243, top1_acc: 0.8922, top5_acc: 0.9850, loss_cls: 0.3541, loss: 0.3541
2026-08-26 16:02:50,020 - pyskl - INFO - Epoch [13][1400/5537]	lr: 3.234e-03, eta: 14:47:19, time: 2.538, data_time: 0.000, memory: 5243, top1_acc: 0.9038, top5_acc: 0.9884, loss_cls: 0.3228, loss: 0.3228
2026-08-26 16:07:03,745 - pyskl - INFO - Epoch [13][1500/5537]	lr: 3.204e-03, eta: 14:43:02, time: 2.537, data_time: 0.000, memory: 5243, top1_acc: 0.8978, top5_acc: 0.9791, loss_cls: 0.3438, loss: 0.3438
2026-08-26 16:11:18,865 - pyskl - INFO - Epoch [13][1600/5537]	lr: 3.174e-03, eta: 14:38:45, time: 2.551, data_time: 0.000, memory: 5243, top1_acc: 0.8981, top5_acc: 0.9803, loss_cls: 0.3420, loss: 0.3420
2026-08-26 16:15:33,500 - pyskl - INFO - Epoch [13][1700/5537]	lr: 3.145e-03, eta: 14:34:27, time: 2.546, data_time: 0.000, memory: 5243, top1_acc: 0.9022, top5_acc: 0.9825, loss_cls: 0.3330, loss: 0.3330
2026-08-26 16:19:47,295 - pyskl - INFO - Epoch [13][1800/5537]	lr: 3.116e-03, eta: 14:30:10, time: 2.538, data_time: 0.000, memory: 5243, top1_acc: 0.9159, top5_acc: 0.9862, loss_cls: 0.2959, loss: 0.2959
2026-08-26 16:24:01,462 - pyskl - INFO - Epoch [13][1900/5537]	lr: 3.086e-03, eta: 14:25:53, time: 2.542, data_time: 0.000, memory: 5243, top1_acc: 0.9034, top5_acc: 0.9812, loss_cls: 0.3304, loss: 0.3304
2026-08-26 16:28:16,905 - pyskl - INFO - Epoch [13][2000/5537]	lr: 3.057e-03, eta: 14:21:36, time: 2.554, data_time: 0.000, memory: 5243, top1_acc: 0.8991, top5_acc: 0.9822, loss_cls: 0.3307, loss: 0.3307
2026-08-26 16:32:35,893 - pyskl - INFO - Epoch [13][2100/5537]	lr: 3.028e-03, eta: 14:17:20, time: 2.590, data_time: 0.000, memory: 5243, top1_acc: 0.8956, top5_acc: 0.9850, loss_cls: 0.3418, loss: 0.3418
2026-08-26 16:36:49,693 - pyskl - INFO - Epoch [13][2200/5537]	lr: 2.999e-03, eta: 14:13:03, time: 2.538, data_time: 0.000, memory: 5243, top1_acc: 0.9022, top5_acc: 0.9803, loss_cls: 0.3396, loss: 0.3396
2026-08-26 16:41:05,920 - pyskl - INFO - Epoch [13][2300/5537]	lr: 2.971e-03, eta: 14:08:46, time: 2.562, data_time: 0.000, memory: 5243, top1_acc: 0.9009, top5_acc: 0.9834, loss_cls: 0.3348, loss: 0.3348
2026-08-26 16:45:20,896 - pyskl - INFO - Epoch [13][2400/5537]	lr: 2.942e-03, eta: 14:04:29, time: 2.550, data_time: 0.000, memory: 5243, top1_acc: 0.8969, top5_acc: 0.9806, loss_cls: 0.3324, loss: 0.3324
2026-08-26 16:49:35,476 - pyskl - INFO - Epoch [13][2500/5537]	lr: 2.914e-03, eta: 14:00:12, time: 2.546, data_time: 0.000, memory: 5243, top1_acc: 0.9137, top5_acc: 0.9844, loss_cls: 0.3094, loss: 0.3094
2026-08-26 16:53:50,068 - pyskl - INFO - Epoch [13][2600/5537]	lr: 2.885e-03, eta: 13:55:55, time: 2.546, data_time: 0.000, memory: 5243, top1_acc: 0.9003, top5_acc: 0.9850, loss_cls: 0.3182, loss: 0.3182
2026-08-26 16:58:05,111 - pyskl - INFO - Epoch [13][2700/5537]	lr: 2.857e-03, eta: 13:51:37, time: 2.550, data_time: 0.000, memory: 5243, top1_acc: 0.9019, top5_acc: 0.9844, loss_cls: 0.3317, loss: 0.3317
2026-08-26 17:02:19,296 - pyskl - INFO - Epoch [13][2800/5537]	lr: 2.829e-03, eta: 13:47:20, time: 2.542, data_time: 0.000, memory: 5243, top1_acc: 0.9163, top5_acc: 0.9872, loss_cls: 0.2951, loss: 0.2951
2026-08-26 17:06:34,194 - pyskl - INFO - Epoch [13][2900/5537]	lr: 2.801e-03, eta: 13:43:03, time: 2.549, data_time: 0.000, memory: 5243, top1_acc: 0.9012, top5_acc: 0.9819, loss_cls: 0.3404, loss: 0.3404
2026-08-26 17:10:49,940 - pyskl - INFO - Epoch [13][3000/5537]	lr: 2.773e-03, eta: 13:38:46, time: 2.557, data_time: 0.000, memory: 5243, top1_acc: 0.8981, top5_acc: 0.9800, loss_cls: 0.3424, loss: 0.3424
2026-08-26 17:15:04,278 - pyskl - INFO - Epoch [13][3100/5537]	lr: 2.745e-03, eta: 13:34:29, time: 2.543, data_time: 0.000, memory: 5243, top1_acc: 0.9116, top5_acc: 0.9862, loss_cls: 0.3008, loss: 0.3008
2026-08-26 17:19:18,710 - pyskl - INFO - Epoch [13][3200/5537]	lr: 2.717e-03, eta: 13:30:12, time: 2.544, data_time: 0.000, memory: 5243, top1_acc: 0.9059, top5_acc: 0.9888, loss_cls: 0.2837, loss: 0.2837
2026-08-26 17:23:33,638 - pyskl - INFO - Epoch [13][3300/5537]	lr: 2.690e-03, eta: 13:25:55, time: 2.549, data_time: 0.000, memory: 5243, top1_acc: 0.9034, top5_acc: 0.9822, loss_cls: 0.3219, loss: 0.3219
2026-08-26 17:27:48,893 - pyskl - INFO - Epoch [13][3400/5537]	lr: 2.662e-03, eta: 13:21:38, time: 2.553, data_time: 0.000, memory: 5243, top1_acc: 0.9125, top5_acc: 0.9844, loss_cls: 0.3059, loss: 0.3059
2026-08-26 17:32:02,769 - pyskl - INFO - Epoch [13][3500/5537]	lr: 2.635e-03, eta: 13:17:21, time: 2.539, data_time: 0.000, memory: 5243, top1_acc: 0.9012, top5_acc: 0.9822, loss_cls: 0.3305, loss: 0.3305
2026-08-26 17:36:16,420 - pyskl - INFO - Epoch [13][3600/5537]	lr: 2.608e-03, eta: 13:13:04, time: 2.537, data_time: 0.000, memory: 5243, top1_acc: 0.9147, top5_acc: 0.9816, loss_cls: 0.2971, loss: 0.2971
2026-08-26 17:40:32,043 - pyskl - INFO - Epoch [13][3700/5537]	lr: 2.581e-03, eta: 13:08:47, time: 2.556, data_time: 0.000, memory: 5243, top1_acc: 0.9066, top5_acc: 0.9800, loss_cls: 0.3158, loss: 0.3158
2026-08-26 17:44:46,588 - pyskl - INFO - Epoch [13][3800/5537]	lr: 2.554e-03, eta: 13:04:30, time: 2.545, data_time: 0.000, memory: 5243, top1_acc: 0.9097, top5_acc: 0.9856, loss_cls: 0.3095, loss: 0.3095
2026-08-26 17:49:00,600 - pyskl - INFO - Epoch [13][3900/5537]	lr: 2.527e-03, eta: 13:00:13, time: 2.540, data_time: 0.000, memory: 5243, top1_acc: 0.9116, top5_acc: 0.9875, loss_cls: 0.3053, loss: 0.3053
2026-08-26 17:53:15,470 - pyskl - INFO - Epoch [13][4000/5537]	lr: 2.501e-03, eta: 12:55:56, time: 2.549, data_time: 0.000, memory: 5243, top1_acc: 0.9197, top5_acc: 0.9862, loss_cls: 0.2896, loss: 0.2896
2026-08-26 17:57:30,760 - pyskl - INFO - Epoch [13][4100/5537]	lr: 2.474e-03, eta: 12:51:39, time: 2.553, data_time: 0.000, memory: 5243, top1_acc: 0.9069, top5_acc: 0.9841, loss_cls: 0.3221, loss: 0.3221
2026-08-26 18:01:45,312 - pyskl - INFO - Epoch [13][4200/5537]	lr: 2.448e-03, eta: 12:47:22, time: 2.546, data_time: 0.000, memory: 5243, top1_acc: 0.9141, top5_acc: 0.9831, loss_cls: 0.2898, loss: 0.2898
2026-08-26 18:05:59,221 - pyskl - INFO - Epoch [13][4300/5537]	lr: 2.421e-03, eta: 12:43:05, time: 2.539, data_time: 0.000, memory: 5243, top1_acc: 0.9163, top5_acc: 0.9866, loss_cls: 0.2803, loss: 0.2803
2026-08-26 18:10:14,753 - pyskl - INFO - Epoch [13][4400/5537]	lr: 2.395e-03, eta: 12:38:48, time: 2.555, data_time: 0.000, memory: 5243, top1_acc: 0.9041, top5_acc: 0.9809, loss_cls: 0.3255, loss: 0.3255
2026-08-26 18:14:28,932 - pyskl - INFO - Epoch [13][4500/5537]	lr: 2.369e-03, eta: 12:34:31, time: 2.542, data_time: 0.000, memory: 5243, top1_acc: 0.9094, top5_acc: 0.9847, loss_cls: 0.3047, loss: 0.3047
2026-08-26 18:18:43,402 - pyskl - INFO - Epoch [13][4600/5537]	lr: 2.343e-03, eta: 12:30:14, time: 2.545, data_time: 0.000, memory: 5243, top1_acc: 0.9178, top5_acc: 0.9884, loss_cls: 0.2832, loss: 0.2832
2026-08-26 18:22:58,247 - pyskl - INFO - Epoch [13][4700/5537]	lr: 2.318e-03, eta: 12:25:57, time: 2.548, data_time: 0.000, memory: 5243, top1_acc: 0.9059, top5_acc: 0.9841, loss_cls: 0.3094, loss: 0.3094
2026-08-26 18:27:12,236 - pyskl - INFO - Epoch [13][4800/5537]	lr: 2.292e-03, eta: 12:21:40, time: 2.540, data_time: 0.000, memory: 5243, top1_acc: 0.9091, top5_acc: 0.9828, loss_cls: 0.3144, loss: 0.3144
2026-08-26 18:31:26,867 - pyskl - INFO - Epoch [13][4900/5537]	lr: 2.266e-03, eta: 12:17:23, time: 2.546, data_time: 0.000, memory: 5243, top1_acc: 0.9194, top5_acc: 0.9894, loss_cls: 0.2745, loss: 0.2745
2026-08-26 18:35:41,336 - pyskl - INFO - Epoch [13][5000/5537]	lr: 2.241e-03, eta: 12:13:06, time: 2.545, data_time: 0.000, memory: 5243, top1_acc: 0.9159, top5_acc: 0.9853, loss_cls: 0.2879, loss: 0.2879
2026-08-26 18:39:56,573 - pyskl - INFO - Epoch [13][5100/5537]	lr: 2.216e-03, eta: 12:08:49, time: 2.552, data_time: 0.000, memory: 5243, top1_acc: 0.9125, top5_acc: 0.9809, loss_cls: 0.3046, loss: 0.3046
2026-08-26 18:44:11,079 - pyskl - INFO - Epoch [13][5200/5537]	lr: 2.191e-03, eta: 12:04:32, time: 2.545, data_time: 0.000, memory: 5243, top1_acc: 0.9197, top5_acc: 0.9900, loss_cls: 0.2850, loss: 0.2850
2026-08-26 18:48:26,035 - pyskl - INFO - Epoch [13][5300/5537]	lr: 2.166e-03, eta: 12:00:15, time: 2.550, data_time: 0.000, memory: 5243, top1_acc: 0.9069, top5_acc: 0.9862, loss_cls: 0.3053, loss: 0.3053
2026-08-26 18:52:41,237 - pyskl - INFO - Epoch [13][5400/5537]	lr: 2.141e-03, eta: 11:55:58, time: 2.552, data_time: 0.000, memory: 5243, top1_acc: 0.9091, top5_acc: 0.9841, loss_cls: 0.3011, loss: 0.3011
2026-08-26 18:56:55,837 - pyskl - INFO - Epoch [13][5500/5537]	lr: 2.116e-03, eta: 11:51:41, time: 2.546, data_time: 0.000, memory: 5243, top1_acc: 0.9175, top5_acc: 0.9869, loss_cls: 0.2932, loss: 0.2932
2026-08-26 18:58:30,405 - pyskl - INFO - Saving checkpoint at 13 epochs
2026-08-26 19:04:38,943 - pyskl - INFO - Evaluating top_k_accuracy ...
2026-08-26 19:04:38,954 - pyskl - INFO - 
top1_acc	0.8853
top5_acc	0.9854
2026-08-26 19:04:38,954 - pyskl - INFO - Epoch(val) [13][146]	top1_acc: 0.8853, top5_acc: 0.9854
2026-08-26 19:08:59,830 - pyskl - INFO - Epoch [14][100/5537]	lr: 2.082e-03, eta: 11:45:29, time: 2.609, data_time: 0.067, memory: 5243, top1_acc: 0.9091, top5_acc: 0.9859, loss_cls: 0.2959, loss: 0.2959
2026-08-26 19:13:13,833 - pyskl - INFO - Epoch [14][200/5537]	lr: 2.058e-03, eta: 11:41:12, time: 2.540, data_time: 0.000, memory: 5243, top1_acc: 0.9097, top5_acc: 0.9869, loss_cls: 0.2938, loss: 0.2938
2026-08-26 19:17:28,478 - pyskl - INFO - Epoch [14][300/5537]	lr: 2.034e-03, eta: 11:36:55, time: 2.546, data_time: 0.000, memory: 5243, top1_acc: 0.9122, top5_acc: 0.9900, loss_cls: 0.2943, loss: 0.2943
2026-08-26 19:21:43,908 - pyskl - INFO - Epoch [14][400/5537]	lr: 2.009e-03, eta: 11:32:39, time: 2.554, data_time: 0.000, memory: 5243, top1_acc: 0.9184, top5_acc: 0.9838, loss_cls: 0.2850, loss: 0.2850
2026-08-26 19:25:57,471 - pyskl - INFO - Epoch [14][500/5537]	lr: 1.985e-03, eta: 11:28:22, time: 2.536, data_time: 0.000, memory: 5243, top1_acc: 0.9200, top5_acc: 0.9862, loss_cls: 0.2728, loss: 0.2728
2026-08-26 19:30:11,417 - pyskl - INFO - Epoch [14][600/5537]	lr: 1.961e-03, eta: 11:24:05, time: 2.539, data_time: 0.000, memory: 5243, top1_acc: 0.9187, top5_acc: 0.9866, loss_cls: 0.2712, loss: 0.2712
2026-08-26 19:34:27,424 - pyskl - INFO - Epoch [14][700/5537]	lr: 1.938e-03, eta: 11:19:48, time: 2.560, data_time: 0.000, memory: 5243, top1_acc: 0.9213, top5_acc: 0.9859, loss_cls: 0.2808, loss: 0.2808
2026-08-26 19:38:41,884 - pyskl - INFO - Epoch [14][800/5537]	lr: 1.914e-03, eta: 11:15:32, time: 2.545, data_time: 0.000, memory: 5243, top1_acc: 0.9200, top5_acc: 0.9844, loss_cls: 0.2860, loss: 0.2860
2026-08-26 19:42:56,467 - pyskl - INFO - Epoch [14][900/5537]	lr: 1.891e-03, eta: 11:11:15, time: 2.546, data_time: 0.000, memory: 5243, top1_acc: 0.9034, top5_acc: 0.9862, loss_cls: 0.3015, loss: 0.3015
2026-08-26 19:47:11,942 - pyskl - INFO - Epoch [14][1000/5537]	lr: 1.867e-03, eta: 11:06:58, time: 2.555, data_time: 0.000, memory: 5243, top1_acc: 0.9216, top5_acc: 0.9875, loss_cls: 0.2682, loss: 0.2682
2026-08-26 19:51:27,305 - pyskl - INFO - Epoch [14][1100/5537]	lr: 1.844e-03, eta: 11:02:42, time: 2.554, data_time: 0.000, memory: 5243, top1_acc: 0.9244, top5_acc: 0.9869, loss_cls: 0.2596, loss: 0.2596
2026-08-26 19:55:42,048 - pyskl - INFO - Epoch [14][1200/5537]	lr: 1.821e-03, eta: 10:58:25, time: 2.547, data_time: 0.000, memory: 5243, top1_acc: 0.9234, top5_acc: 0.9900, loss_cls: 0.2658, loss: 0.2658
2026-08-26 19:59:56,306 - pyskl - INFO - Epoch [14][1300/5537]	lr: 1.798e-03, eta: 10:54:08, time: 2.543, data_time: 0.000, memory: 5243, top1_acc: 0.9231, top5_acc: 0.9819, loss_cls: 0.2822, loss: 0.2822
2026-08-26 20:04:11,859 - pyskl - INFO - Epoch [14][1400/5537]	lr: 1.775e-03, eta: 10:49:52, time: 2.556, data_time: 0.000, memory: 5243, top1_acc: 0.9263, top5_acc: 0.9856, loss_cls: 0.2663, loss: 0.2663
2026-08-26 20:08:26,499 - pyskl - INFO - Epoch [14][1500/5537]	lr: 1.752e-03, eta: 10:45:35, time: 2.546, data_time: 0.000, memory: 5243, top1_acc: 0.9169, top5_acc: 0.9866, loss_cls: 0.2884, loss: 0.2884
2026-08-26 20:12:40,472 - pyskl - INFO - Epoch [14][1600/5537]	lr: 1.730e-03, eta: 10:41:18, time: 2.540, data_time: 0.000, memory: 5243, top1_acc: 0.9203, top5_acc: 0.9847, loss_cls: 0.2698, loss: 0.2698
2026-08-26 20:16:56,708 - pyskl - INFO - Epoch [14][1700/5537]	lr: 1.707e-03, eta: 10:37:02, time: 2.562, data_time: 0.000, memory: 5243, top1_acc: 0.9197, top5_acc: 0.9853, loss_cls: 0.2743, loss: 0.2743
2026-08-26 20:21:11,631 - pyskl - INFO - Epoch [14][1800/5537]	lr: 1.685e-03, eta: 10:32:45, time: 2.549, data_time: 0.000, memory: 5243, top1_acc: 0.9319, top5_acc: 0.9884, loss_cls: 0.2412, loss: 0.2412
2026-08-26 20:25:26,682 - pyskl - INFO - Epoch [14][1900/5537]	lr: 1.663e-03, eta: 10:28:29, time: 2.551, data_time: 0.000, memory: 5243, top1_acc: 0.9175, top5_acc: 0.9834, loss_cls: 0.2900, loss: 0.2900
2026-08-26 20:29:40,855 - pyskl - INFO - Epoch [14][2000/5537]	lr: 1.641e-03, eta: 10:24:12, time: 2.542, data_time: 0.000, memory: 5243, top1_acc: 0.9213, top5_acc: 0.9850, loss_cls: 0.2769, loss: 0.2769
2026-08-26 20:33:56,345 - pyskl - INFO - Epoch [14][2100/5537]	lr: 1.619e-03, eta: 10:19:56, time: 2.555, data_time: 0.000, memory: 5243, top1_acc: 0.9341, top5_acc: 0.9906, loss_cls: 0.2493, loss: 0.2493
2026-08-26 20:38:09,946 - pyskl - INFO - Epoch [14][2200/5537]	lr: 1.597e-03, eta: 10:15:39, time: 2.536, data_time: 0.000, memory: 5243, top1_acc: 0.9244, top5_acc: 0.9844, loss_cls: 0.2749, loss: 0.2749
2026-08-26 20:42:23,734 - pyskl - INFO - Epoch [14][2300/5537]	lr: 1.576e-03, eta: 10:11:22, time: 2.538, data_time: 0.000, memory: 5243, top1_acc: 0.9281, top5_acc: 0.9872, loss_cls: 0.2460, loss: 0.2460
2026-08-26 20:46:39,072 - pyskl - INFO - Epoch [14][2400/5537]	lr: 1.554e-03, eta: 10:07:05, time: 2.553, data_time: 0.000, memory: 5243, top1_acc: 0.9263, top5_acc: 0.9853, loss_cls: 0.2553, loss: 0.2553
2026-08-26 20:50:52,736 - pyskl - INFO - Epoch [14][2500/5537]	lr: 1.533e-03, eta: 10:02:49, time: 2.537, data_time: 0.000, memory: 5243, top1_acc: 0.9328, top5_acc: 0.9894, loss_cls: 0.2352, loss: 0.2352
2026-08-26 20:55:07,154 - pyskl - INFO - Epoch [14][2600/5537]	lr: 1.512e-03, eta: 9:58:32, time: 2.544, data_time: 0.000, memory: 5243, top1_acc: 0.9319, top5_acc: 0.9919, loss_cls: 0.2282, loss: 0.2282
2026-08-26 20:59:21,866 - pyskl - INFO - Epoch [14][2700/5537]	lr: 1.491e-03, eta: 9:54:15, time: 2.547, data_time: 0.000, memory: 5243, top1_acc: 0.9247, top5_acc: 0.9856, loss_cls: 0.2605, loss: 0.2605
2026-08-26 21:03:36,865 - pyskl - INFO - Epoch [14][2800/5537]	lr: 1.470e-03, eta: 9:49:59, time: 2.550, data_time: 0.000, memory: 5243, top1_acc: 0.9241, top5_acc: 0.9884, loss_cls: 0.2627, loss: 0.2627
2026-08-26 21:07:51,397 - pyskl - INFO - Epoch [14][2900/5537]	lr: 1.449e-03, eta: 9:45:42, time: 2.545, data_time: 0.000, memory: 5243, top1_acc: 0.9266, top5_acc: 0.9900, loss_cls: 0.2473, loss: 0.2473
2026-08-26 21:12:05,011 - pyskl - INFO - Epoch [14][3000/5537]	lr: 1.428e-03, eta: 9:41:25, time: 2.536, data_time: 0.000, memory: 5243, top1_acc: 0.9225, top5_acc: 0.9872, loss_cls: 0.2578, loss: 0.2578
2026-08-26 21:16:19,731 - pyskl - INFO - Epoch [14][3100/5537]	lr: 1.408e-03, eta: 9:37:09, time: 2.547, data_time: 0.000, memory: 5243, top1_acc: 0.9269, top5_acc: 0.9875, loss_cls: 0.2482, loss: 0.2482
2026-08-26 21:20:33,619 - pyskl - INFO - Epoch [14][3200/5537]	lr: 1.387e-03, eta: 9:32:52, time: 2.539, data_time: 0.000, memory: 5243, top1_acc: 0.9259, top5_acc: 0.9850, loss_cls: 0.2646, loss: 0.2646
2026-08-26 21:24:47,722 - pyskl - INFO - Epoch [14][3300/5537]	lr: 1.367e-03, eta: 9:28:35, time: 2.541, data_time: 0.000, memory: 5243, top1_acc: 0.9303, top5_acc: 0.9894, loss_cls: 0.2450, loss: 0.2450
2026-08-26 21:29:02,582 - pyskl - INFO - Epoch [14][3400/5537]	lr: 1.347e-03, eta: 9:24:19, time: 2.549, data_time: 0.000, memory: 5243, top1_acc: 0.9297, top5_acc: 0.9888, loss_cls: 0.2450, loss: 0.2450
2026-08-26 21:33:16,603 - pyskl - INFO - Epoch [14][3500/5537]	lr: 1.327e-03, eta: 9:20:02, time: 2.540, data_time: 0.000, memory: 5243, top1_acc: 0.9325, top5_acc: 0.9866, loss_cls: 0.2433, loss: 0.2433
2026-08-26 21:37:30,909 - pyskl - INFO - Epoch [14][3600/5537]	lr: 1.307e-03, eta: 9:15:45, time: 2.543, data_time: 0.000, memory: 5243, top1_acc: 0.9369, top5_acc: 0.9881, loss_cls: 0.2322, loss: 0.2322
2026-08-26 21:41:44,633 - pyskl - INFO - Epoch [14][3700/5537]	lr: 1.288e-03, eta: 9:11:29, time: 2.537, data_time: 0.000, memory: 5243, top1_acc: 0.9219, top5_acc: 0.9859, loss_cls: 0.2715, loss: 0.2715
2026-08-26 21:45:59,589 - pyskl - INFO - Epoch [14][3800/5537]	lr: 1.268e-03, eta: 9:07:12, time: 2.550, data_time: 0.000, memory: 5243, top1_acc: 0.9241, top5_acc: 0.9897, loss_cls: 0.2460, loss: 0.2460
2026-08-26 21:50:13,141 - pyskl - INFO - Epoch [14][3900/5537]	lr: 1.249e-03, eta: 9:02:55, time: 2.536, data_time: 0.000, memory: 5243, top1_acc: 0.9272, top5_acc: 0.9872, loss_cls: 0.2614, loss: 0.2614
2026-08-26 21:54:26,652 - pyskl - INFO - Epoch [14][4000/5537]	lr: 1.229e-03, eta: 8:58:39, time: 2.535, data_time: 0.000, memory: 5243, top1_acc: 0.9331, top5_acc: 0.9862, loss_cls: 0.2435, loss: 0.2435
2026-08-26 21:58:41,007 - pyskl - INFO - Epoch [14][4100/5537]	lr: 1.210e-03, eta: 8:54:22, time: 2.544, data_time: 0.000, memory: 5243, top1_acc: 0.9334, top5_acc: 0.9866, loss_cls: 0.2419, loss: 0.2419
2026-08-26 22:02:55,269 - pyskl - INFO - Epoch [14][4200/5537]	lr: 1.191e-03, eta: 8:50:05, time: 2.543, data_time: 0.000, memory: 5243, top1_acc: 0.9281, top5_acc: 0.9844, loss_cls: 0.2451, loss: 0.2451
2026-08-26 22:07:09,195 - pyskl - INFO - Epoch [14][4300/5537]	lr: 1.173e-03, eta: 8:45:49, time: 2.539, data_time: 0.000, memory: 5243, top1_acc: 0.9328, top5_acc: 0.9875, loss_cls: 0.2454, loss: 0.2454
2026-08-26 22:11:23,347 - pyskl - INFO - Epoch [14][4400/5537]	lr: 1.154e-03, eta: 8:41:32, time: 2.542, data_time: 0.000, memory: 5243, top1_acc: 0.9309, top5_acc: 0.9919, loss_cls: 0.2321, loss: 0.2321
2026-08-26 22:15:37,719 - pyskl - INFO - Epoch [14][4500/5537]	lr: 1.135e-03, eta: 8:37:16, time: 2.544, data_time: 0.000, memory: 5243, top1_acc: 0.9337, top5_acc: 0.9884, loss_cls: 0.2277, loss: 0.2277
2026-08-26 22:19:51,422 - pyskl - INFO - Epoch [14][4600/5537]	lr: 1.117e-03, eta: 8:32:59, time: 2.537, data_time: 0.000, memory: 5243, top1_acc: 0.9419, top5_acc: 0.9909, loss_cls: 0.2167, loss: 0.2167
2026-08-26 22:24:05,706 - pyskl - INFO - Epoch [14][4700/5537]	lr: 1.099e-03, eta: 8:28:42, time: 2.543, data_time: 0.000, memory: 5243, top1_acc: 0.9316, top5_acc: 0.9900, loss_cls: 0.2353, loss: 0.2353
2026-08-26 22:28:20,296 - pyskl - INFO - Epoch [14][4800/5537]	lr: 1.081e-03, eta: 8:24:26, time: 2.546, data_time: 0.000, memory: 5243, top1_acc: 0.9422, top5_acc: 0.9897, loss_cls: 0.2106, loss: 0.2106
2026-08-26 22:32:33,898 - pyskl - INFO - Epoch [14][4900/5537]	lr: 1.063e-03, eta: 8:20:09, time: 2.536, data_time: 0.000, memory: 5243, top1_acc: 0.9281, top5_acc: 0.9875, loss_cls: 0.2386, loss: 0.2386
2026-08-26 22:36:47,725 - pyskl - INFO - Epoch [14][5000/5537]	lr: 1.045e-03, eta: 8:15:53, time: 2.538, data_time: 0.000, memory: 5243, top1_acc: 0.9303, top5_acc: 0.9891, loss_cls: 0.2473, loss: 0.2473
2026-08-26 22:41:02,845 - pyskl - INFO - Epoch [14][5100/5537]	lr: 1.027e-03, eta: 8:11:36, time: 2.551, data_time: 0.000, memory: 5243, top1_acc: 0.9250, top5_acc: 0.9859, loss_cls: 0.2679, loss: 0.2679
2026-08-26 22:45:17,062 - pyskl - INFO - Epoch [14][5200/5537]	lr: 1.010e-03, eta: 8:07:20, time: 2.542, data_time: 0.000, memory: 5243, top1_acc: 0.9287, top5_acc: 0.9894, loss_cls: 0.2462, loss: 0.2462
2026-08-26 22:49:30,777 - pyskl - INFO - Epoch [14][5300/5537]	lr: 9.923e-04, eta: 8:03:03, time: 2.537, data_time: 0.000, memory: 5243, top1_acc: 0.9378, top5_acc: 0.9919, loss_cls: 0.2178, loss: 0.2178
2026-08-26 22:53:45,091 - pyskl - INFO - Epoch [14][5400/5537]	lr: 9.751e-04, eta: 7:58:46, time: 2.543, data_time: 0.000, memory: 5243, top1_acc: 0.9328, top5_acc: 0.9853, loss_cls: 0.2401, loss: 0.2401
2026-08-26 22:58:00,232 - pyskl - INFO - Epoch [14][5500/5537]	lr: 9.580e-04, eta: 7:54:30, time: 2.551, data_time: 0.000, memory: 5243, top1_acc: 0.9287, top5_acc: 0.9866, loss_cls: 0.2495, loss: 0.2495
2026-08-26 22:59:33,570 - pyskl - INFO - Saving checkpoint at 14 epochs
2026-08-26 23:05:28,434 - pyskl - INFO - Evaluating top_k_accuracy ...
2026-08-26 23:05:28,446 - pyskl - INFO - 
top1_acc	0.8934
top5_acc	0.9845
2026-08-26 23:05:28,447 - pyskl - INFO - The previous best checkpoint D:\YxjProject\pythonProject\pyskl\work_dirs\aug_baseline\stgcnpp_j\train\A5_random_single\best_top1_acc_epoch_12.pth was removed
2026-08-26 23:05:28,526 - pyskl - INFO - Now best checkpoint is saved as best_top1_acc_epoch_14.pth.
2026-08-26 23:05:28,528 - pyskl - INFO - Best top1_acc is 0.8934 at 14 epoch.
2026-08-26 23:05:28,528 - pyskl - INFO - Epoch(val) [14][146]	top1_acc: 0.8934, top5_acc: 0.9845
2026-08-26 23:09:50,822 - pyskl - INFO - Epoch [15][100/5537]	lr: 9.348e-04, eta: 7:48:26, time: 2.623, data_time: 0.067, memory: 5243, top1_acc: 0.9366, top5_acc: 0.9888, loss_cls: 0.2276, loss: 0.2276
2026-08-26 23:14:04,656 - pyskl - INFO - Epoch [15][200/5537]	lr: 9.180e-04, eta: 7:44:10, time: 2.538, data_time: 0.000, memory: 5243, top1_acc: 0.9356, top5_acc: 0.9875, loss_cls: 0.2259, loss: 0.2259
2026-08-26 23:18:18,241 - pyskl - INFO - Epoch [15][300/5537]	lr: 9.014e-04, eta: 7:39:54, time: 2.536, data_time: 0.000, memory: 5243, top1_acc: 0.9456, top5_acc: 0.9906, loss_cls: 0.2040, loss: 0.2040
2026-08-26 23:22:33,228 - pyskl - INFO - Epoch [15][400/5537]	lr: 8.850e-04, eta: 7:35:37, time: 2.550, data_time: 0.000, memory: 5243, top1_acc: 0.9334, top5_acc: 0.9856, loss_cls: 0.2422, loss: 0.2422
2026-08-26 23:26:46,922 - pyskl - INFO - Epoch [15][500/5537]	lr: 8.687e-04, eta: 7:31:21, time: 2.537, data_time: 0.000, memory: 5243, top1_acc: 0.9328, top5_acc: 0.9919, loss_cls: 0.2294, loss: 0.2294
2026-08-26 23:31:00,716 - pyskl - INFO - Epoch [15][600/5537]	lr: 8.525e-04, eta: 7:27:04, time: 2.538, data_time: 0.000, memory: 5243, top1_acc: 0.9303, top5_acc: 0.9881, loss_cls: 0.2399, loss: 0.2399
2026-08-26 23:35:15,593 - pyskl - INFO - Epoch [15][700/5537]	lr: 8.365e-04, eta: 7:22:48, time: 2.549, data_time: 0.000, memory: 5243, top1_acc: 0.9391, top5_acc: 0.9881, loss_cls: 0.2258, loss: 0.2258
2026-08-26 23:39:30,134 - pyskl - INFO - Epoch [15][800/5537]	lr: 8.206e-04, eta: 7:18:32, time: 2.545, data_time: 0.000, memory: 5243, top1_acc: 0.9363, top5_acc: 0.9928, loss_cls: 0.2093, loss: 0.2093
2026-08-26 23:43:44,089 - pyskl - INFO - Epoch [15][900/5537]	lr: 8.049e-04, eta: 7:14:15, time: 2.540, data_time: 0.000, memory: 5243, top1_acc: 0.9428, top5_acc: 0.9894, loss_cls: 0.2083, loss: 0.2083
2026-08-26 23:47:57,523 - pyskl - INFO - Epoch [15][1000/5537]	lr: 7.893e-04, eta: 7:09:59, time: 2.534, data_time: 0.000, memory: 5243, top1_acc: 0.9387, top5_acc: 0.9897, loss_cls: 0.2093, loss: 0.2093
2026-08-26 23:52:13,059 - pyskl - INFO - Epoch [15][1100/5537]	lr: 7.739e-04, eta: 7:05:43, time: 2.555, data_time: 0.000, memory: 5243, top1_acc: 0.9394, top5_acc: 0.9900, loss_cls: 0.2192, loss: 0.2192
2026-08-26 23:56:27,223 - pyskl - INFO - Epoch [15][1200/5537]	lr: 7.586e-04, eta: 7:01:27, time: 2.542, data_time: 0.000, memory: 5243, top1_acc: 0.9419, top5_acc: 0.9900, loss_cls: 0.2069, loss: 0.2069
2026-08-27 00:00:40,883 - pyskl - INFO - Epoch [15][1300/5537]	lr: 7.435e-04, eta: 6:57:10, time: 2.537, data_time: 0.000, memory: 5243, top1_acc: 0.9384, top5_acc: 0.9906, loss_cls: 0.2177, loss: 0.2177
2026-08-27 00:04:55,663 - pyskl - INFO - Epoch [15][1400/5537]	lr: 7.285e-04, eta: 6:52:54, time: 2.548, data_time: 0.000, memory: 5243, top1_acc: 0.9413, top5_acc: 0.9909, loss_cls: 0.2107, loss: 0.2107
2026-08-27 00:09:09,920 - pyskl - INFO - Epoch [15][1500/5537]	lr: 7.137e-04, eta: 6:48:38, time: 2.543, data_time: 0.000, memory: 5243, top1_acc: 0.9387, top5_acc: 0.9884, loss_cls: 0.2077, loss: 0.2077
2026-08-27 00:13:24,310 - pyskl - INFO - Epoch [15][1600/5537]	lr: 6.990e-04, eta: 6:44:21, time: 2.544, data_time: 0.000, memory: 5243, top1_acc: 0.9447, top5_acc: 0.9884, loss_cls: 0.2055, loss: 0.2055
2026-08-27 00:17:38,041 - pyskl - INFO - Epoch [15][1700/5537]	lr: 6.844e-04, eta: 6:40:05, time: 2.537, data_time: 0.000, memory: 5243, top1_acc: 0.9375, top5_acc: 0.9884, loss_cls: 0.2053, loss: 0.2053
2026-08-27 00:21:53,289 - pyskl - INFO - Epoch [15][1800/5537]	lr: 6.700e-04, eta: 6:35:49, time: 2.552, data_time: 0.000, memory: 5243, top1_acc: 0.9444, top5_acc: 0.9906, loss_cls: 0.2047, loss: 0.2047
2026-08-27 00:26:08,228 - pyskl - INFO - Epoch [15][1900/5537]	lr: 6.558e-04, eta: 6:31:32, time: 2.549, data_time: 0.000, memory: 5243, top1_acc: 0.9397, top5_acc: 0.9894, loss_cls: 0.2171, loss: 0.2171
2026-08-27 00:30:22,689 - pyskl - INFO - Epoch [15][2000/5537]	lr: 6.417e-04, eta: 6:27:16, time: 2.545, data_time: 0.000, memory: 5243, top1_acc: 0.9391, top5_acc: 0.9881, loss_cls: 0.2246, loss: 0.2246
2026-08-27 00:34:37,551 - pyskl - INFO - Epoch [15][2100/5537]	lr: 6.278e-04, eta: 6:23:00, time: 2.549, data_time: 0.000, memory: 5243, top1_acc: 0.9259, top5_acc: 0.9828, loss_cls: 0.2493, loss: 0.2493
2026-08-27 00:38:52,255 - pyskl - INFO - Epoch [15][2200/5537]	lr: 6.140e-04, eta: 6:18:44, time: 2.547, data_time: 0.000, memory: 5243, top1_acc: 0.9444, top5_acc: 0.9897, loss_cls: 0.2086, loss: 0.2086
2026-08-27 00:43:06,588 - pyskl - INFO - Epoch [15][2300/5537]	lr: 6.003e-04, eta: 6:14:27, time: 2.543, data_time: 0.000, memory: 5243, top1_acc: 0.9425, top5_acc: 0.9897, loss_cls: 0.2090, loss: 0.2090
2026-08-27 00:47:21,359 - pyskl - INFO - Epoch [15][2400/5537]	lr: 5.868e-04, eta: 6:10:11, time: 2.548, data_time: 0.000, memory: 5243, top1_acc: 0.9409, top5_acc: 0.9891, loss_cls: 0.2072, loss: 0.2072
2026-08-27 00:51:36,061 - pyskl - INFO - Epoch [15][2500/5537]	lr: 5.735e-04, eta: 6:05:55, time: 2.547, data_time: 0.000, memory: 5243, top1_acc: 0.9391, top5_acc: 0.9834, loss_cls: 0.2209, loss: 0.2209
2026-08-27 00:55:50,229 - pyskl - INFO - Epoch [15][2600/5537]	lr: 5.603e-04, eta: 6:01:39, time: 2.542, data_time: 0.000, memory: 5243, top1_acc: 0.9447, top5_acc: 0.9906, loss_cls: 0.1908, loss: 0.1908
2026-08-27 01:00:04,653 - pyskl - INFO - Epoch [15][2700/5537]	lr: 5.472e-04, eta: 5:57:23, time: 2.544, data_time: 0.000, memory: 5243, top1_acc: 0.9375, top5_acc: 0.9862, loss_cls: 0.2262, loss: 0.2262
2026-08-27 01:04:19,865 - pyskl - INFO - Epoch [15][2800/5537]	lr: 5.343e-04, eta: 5:53:06, time: 2.552, data_time: 0.000, memory: 5243, top1_acc: 0.9375, top5_acc: 0.9938, loss_cls: 0.2095, loss: 0.2095
2026-08-27 01:08:33,914 - pyskl - INFO - Epoch [15][2900/5537]	lr: 5.216e-04, eta: 5:48:50, time: 2.540, data_time: 0.000, memory: 5243, top1_acc: 0.9447, top5_acc: 0.9878, loss_cls: 0.2120, loss: 0.2120
2026-08-27 01:12:48,357 - pyskl - INFO - Epoch [15][3000/5537]	lr: 5.090e-04, eta: 5:44:34, time: 2.544, data_time: 0.000, memory: 5243, top1_acc: 0.9363, top5_acc: 0.9866, loss_cls: 0.2203, loss: 0.2203
2026-08-27 01:17:03,817 - pyskl - INFO - Epoch [15][3100/5537]	lr: 4.965e-04, eta: 5:40:18, time: 2.555, data_time: 0.000, memory: 5243, top1_acc: 0.9450, top5_acc: 0.9891, loss_cls: 0.2002, loss: 0.2002
2026-08-27 01:21:18,360 - pyskl - INFO - Epoch [15][3200/5537]	lr: 4.842e-04, eta: 5:36:02, time: 2.545, data_time: 0.000, memory: 5243, top1_acc: 0.9441, top5_acc: 0.9912, loss_cls: 0.1982, loss: 0.1982
2026-08-27 01:25:32,473 - pyskl - INFO - Epoch [15][3300/5537]	lr: 4.721e-04, eta: 5:31:45, time: 2.541, data_time: 0.000, memory: 5243, top1_acc: 0.9425, top5_acc: 0.9888, loss_cls: 0.2125, loss: 0.2125
2026-08-27 01:29:47,050 - pyskl - INFO - Epoch [15][3400/5537]	lr: 4.601e-04, eta: 5:27:29, time: 2.546, data_time: 0.000, memory: 5243, top1_acc: 0.9422, top5_acc: 0.9859, loss_cls: 0.2162, loss: 0.2162
2026-08-27 01:34:02,624 - pyskl - INFO - Epoch [15][3500/5537]	lr: 4.483e-04, eta: 5:23:13, time: 2.556, data_time: 0.000, memory: 5243, top1_acc: 0.9431, top5_acc: 0.9881, loss_cls: 0.2181, loss: 0.2181
2026-08-27 01:38:17,802 - pyskl - INFO - Epoch [15][3600/5537]	lr: 4.366e-04, eta: 5:18:57, time: 2.552, data_time: 0.000, memory: 5243, top1_acc: 0.9409, top5_acc: 0.9912, loss_cls: 0.1977, loss: 0.1977
2026-08-27 01:42:31,723 - pyskl - INFO - Epoch [15][3700/5537]	lr: 4.250e-04, eta: 5:14:41, time: 2.539, data_time: 0.000, memory: 5243, top1_acc: 0.9413, top5_acc: 0.9891, loss_cls: 0.2045, loss: 0.2045
2026-08-27 01:46:47,229 - pyskl - INFO - Epoch [15][3800/5537]	lr: 4.137e-04, eta: 5:10:25, time: 2.555, data_time: 0.000, memory: 5243, top1_acc: 0.9400, top5_acc: 0.9884, loss_cls: 0.2246, loss: 0.2246
2026-08-27 01:51:01,870 - pyskl - INFO - Epoch [15][3900/5537]	lr: 4.024e-04, eta: 5:06:08, time: 2.546, data_time: 0.000, memory: 5243, top1_acc: 0.9459, top5_acc: 0.9922, loss_cls: 0.1901, loss: 0.1901
2026-08-27 01:55:16,419 - pyskl - INFO - Epoch [15][4000/5537]	lr: 3.913e-04, eta: 5:01:52, time: 2.545, data_time: 0.000, memory: 5243, top1_acc: 0.9481, top5_acc: 0.9938, loss_cls: 0.1938, loss: 0.1938
2026-08-27 01:59:31,340 - pyskl - INFO - Epoch [15][4100/5537]	lr: 3.804e-04, eta: 4:57:36, time: 2.549, data_time: 0.000, memory: 5243, top1_acc: 0.9463, top5_acc: 0.9906, loss_cls: 0.1906, loss: 0.1906
2026-08-27 02:03:46,485 - pyskl - INFO - Epoch [15][4200/5537]	lr: 3.696e-04, eta: 4:53:20, time: 2.551, data_time: 0.000, memory: 5243, top1_acc: 0.9497, top5_acc: 0.9894, loss_cls: 0.1946, loss: 0.1946
2026-08-27 02:08:00,587 - pyskl - INFO - Epoch [15][4300/5537]	lr: 3.590e-04, eta: 4:49:04, time: 2.541, data_time: 0.000, memory: 5243, top1_acc: 0.9416, top5_acc: 0.9884, loss_cls: 0.2092, loss: 0.2092
2026-08-27 02:12:14,471 - pyskl - INFO - Epoch [15][4400/5537]	lr: 3.485e-04, eta: 4:44:48, time: 2.539, data_time: 0.000, memory: 5243, top1_acc: 0.9422, top5_acc: 0.9897, loss_cls: 0.2061, loss: 0.2061
2026-08-27 02:16:30,274 - pyskl - INFO - Epoch [15][4500/5537]	lr: 3.382e-04, eta: 4:40:31, time: 2.558, data_time: 0.000, memory: 5243, top1_acc: 0.9441, top5_acc: 0.9888, loss_cls: 0.2091, loss: 0.2091
2026-08-27 02:20:44,615 - pyskl - INFO - Epoch [15][4600/5537]	lr: 3.281e-04, eta: 4:36:15, time: 2.543, data_time: 0.000, memory: 5243, top1_acc: 0.9509, top5_acc: 0.9891, loss_cls: 0.1983, loss: 0.1983
2026-08-27 02:24:58,916 - pyskl - INFO - Epoch [15][4700/5537]	lr: 3.181e-04, eta: 4:31:59, time: 2.543, data_time: 0.000, memory: 5243, top1_acc: 0.9434, top5_acc: 0.9906, loss_cls: 0.2037, loss: 0.2037
2026-08-27 02:29:14,415 - pyskl - INFO - Epoch [15][4800/5537]	lr: 3.082e-04, eta: 4:27:43, time: 2.555, data_time: 0.000, memory: 5243, top1_acc: 0.9466, top5_acc: 0.9897, loss_cls: 0.1905, loss: 0.1905
2026-08-27 02:33:29,491 - pyskl - INFO - Epoch [15][4900/5537]	lr: 2.985e-04, eta: 4:23:27, time: 2.551, data_time: 0.000, memory: 5243, top1_acc: 0.9300, top5_acc: 0.9919, loss_cls: 0.2280, loss: 0.2280
2026-08-27 02:37:43,812 - pyskl - INFO - Epoch [15][5000/5537]	lr: 2.889e-04, eta: 4:19:11, time: 2.543, data_time: 0.000, memory: 5243, top1_acc: 0.9441, top5_acc: 0.9919, loss_cls: 0.1946, loss: 0.1946
2026-08-27 02:41:57,915 - pyskl - INFO - Epoch [15][5100/5537]	lr: 2.795e-04, eta: 4:14:55, time: 2.541, data_time: 0.000, memory: 5243, top1_acc: 0.9500, top5_acc: 0.9938, loss_cls: 0.1762, loss: 0.1762
2026-08-27 02:46:13,394 - pyskl - INFO - Epoch [15][5200/5537]	lr: 2.703e-04, eta: 4:10:39, time: 2.555, data_time: 0.000, memory: 5243, top1_acc: 0.9437, top5_acc: 0.9909, loss_cls: 0.1966, loss: 0.1966
2026-08-27 02:50:28,020 - pyskl - INFO - Epoch [15][5300/5537]	lr: 2.612e-04, eta: 4:06:22, time: 2.546, data_time: 0.000, memory: 5243, top1_acc: 0.9494, top5_acc: 0.9912, loss_cls: 0.1808, loss: 0.1808
2026-08-27 02:54:41,561 - pyskl - INFO - Epoch [15][5400/5537]	lr: 2.523e-04, eta: 4:02:06, time: 2.535, data_time: 0.000, memory: 5243, top1_acc: 0.9434, top5_acc: 0.9903, loss_cls: 0.1962, loss: 0.1962
2026-08-27 02:58:56,745 - pyskl - INFO - Epoch [15][5500/5537]	lr: 2.435e-04, eta: 3:57:50, time: 2.552, data_time: 0.000, memory: 5243, top1_acc: 0.9431, top5_acc: 0.9884, loss_cls: 0.2059, loss: 0.2059
2026-08-27 03:00:30,372 - pyskl - INFO - Saving checkpoint at 15 epochs
2026-08-27 03:06:38,620 - pyskl - INFO - Evaluating top_k_accuracy ...
2026-08-27 03:06:38,631 - pyskl - INFO - 
top1_acc	0.8992
top5_acc	0.9845
2026-08-27 03:06:38,633 - pyskl - INFO - The previous best checkpoint D:\YxjProject\pythonProject\pyskl\work_dirs\aug_baseline\stgcnpp_j\train\A5_random_single\best_top1_acc_epoch_14.pth was removed
2026-08-27 03:06:38,702 - pyskl - INFO - Now best checkpoint is saved as best_top1_acc_epoch_15.pth.
2026-08-27 03:06:38,702 - pyskl - INFO - Best top1_acc is 0.8992 at 15 epoch.
2026-08-27 03:06:38,702 - pyskl - INFO - Epoch(val) [15][146]	top1_acc: 0.8992, top5_acc: 0.9845
2026-08-27 03:11:00,508 - pyskl - INFO - Epoch [16][100/5537]	lr: 2.317e-04, eta: 3:51:54, time: 2.618, data_time: 0.067, memory: 5243, top1_acc: 0.9487, top5_acc: 0.9934, loss_cls: 0.1844, loss: 0.1844
2026-08-27 03:15:14,669 - pyskl - INFO - Epoch [16][200/5537]	lr: 2.233e-04, eta: 3:47:38, time: 2.542, data_time: 0.000, memory: 5243, top1_acc: 0.9447, top5_acc: 0.9903, loss_cls: 0.1960, loss: 0.1960
2026-08-27 03:19:28,926 - pyskl - INFO - Epoch [16][300/5537]	lr: 2.150e-04, eta: 3:43:22, time: 2.543, data_time: 0.000, memory: 5243, top1_acc: 0.9434, top5_acc: 0.9906, loss_cls: 0.2031, loss: 0.2031
2026-08-27 03:23:43,450 - pyskl - INFO - Epoch [16][400/5537]	lr: 2.069e-04, eta: 3:39:06, time: 2.545, data_time: 0.000, memory: 5243, top1_acc: 0.9506, top5_acc: 0.9944, loss_cls: 0.1818, loss: 0.1818
2026-08-27 03:27:58,413 - pyskl - INFO - Epoch [16][500/5537]	lr: 1.990e-04, eta: 3:34:50, time: 2.550, data_time: 0.000, memory: 5243, top1_acc: 0.9522, top5_acc: 0.9922, loss_cls: 0.1739, loss: 0.1739
2026-08-27 03:32:11,940 - pyskl - INFO - Epoch [16][600/5537]	lr: 1.912e-04, eta: 3:30:34, time: 2.535, data_time: 0.000, memory: 5243, top1_acc: 0.9506, top5_acc: 0.9881, loss_cls: 0.1837, loss: 0.1837
2026-08-27 03:36:25,865 - pyskl - INFO - Epoch [16][700/5537]	lr: 1.835e-04, eta: 3:26:17, time: 2.539, data_time: 0.000, memory: 5243, top1_acc: 0.9484, top5_acc: 0.9928, loss_cls: 0.1842, loss: 0.1842
2026-08-27 03:40:40,740 - pyskl - INFO - Epoch [16][800/5537]	lr: 1.760e-04, eta: 3:22:02, time: 2.549, data_time: 0.000, memory: 5243, top1_acc: 0.9522, top5_acc: 0.9919, loss_cls: 0.1864, loss: 0.1864
2026-08-27 03:44:53,914 - pyskl - INFO - Epoch [16][900/5537]	lr: 1.687e-04, eta: 3:17:45, time: 2.532, data_time: 0.000, memory: 5243, top1_acc: 0.9487, top5_acc: 0.9928, loss_cls: 0.1783, loss: 0.1783
2026-08-27 03:49:08,496 - pyskl - INFO - Epoch [16][1000/5537]	lr: 1.615e-04, eta: 3:13:30, time: 2.546, data_time: 0.000, memory: 5243, top1_acc: 0.9466, top5_acc: 0.9900, loss_cls: 0.1903, loss: 0.1903
2026-08-27 03:53:23,411 - pyskl - INFO - Epoch [16][1100/5537]	lr: 1.545e-04, eta: 3:09:14, time: 2.549, data_time: 0.000, memory: 5243, top1_acc: 0.9450, top5_acc: 0.9881, loss_cls: 0.2053, loss: 0.2053
2026-08-27 03:57:38,520 - pyskl - INFO - Epoch [16][1200/5537]	lr: 1.476e-04, eta: 3:04:58, time: 2.551, data_time: 0.000, memory: 5243, top1_acc: 0.9422, top5_acc: 0.9891, loss_cls: 0.2038, loss: 0.2038
2026-08-27 04:01:52,229 - pyskl - INFO - Epoch [16][1300/5537]	lr: 1.409e-04, eta: 3:00:42, time: 2.537, data_time: 0.000, memory: 5243, top1_acc: 0.9487, top5_acc: 0.9906, loss_cls: 0.1911, loss: 0.1911
2026-08-27 04:06:05,996 - pyskl - INFO - Epoch [16][1400/5537]	lr: 1.343e-04, eta: 2:56:26, time: 2.538, data_time: 0.000, memory: 5243, top1_acc: 0.9441, top5_acc: 0.9891, loss_cls: 0.2019, loss: 0.2019
2026-08-27 04:10:21,288 - pyskl - INFO - Epoch [16][1500/5537]	lr: 1.279e-04, eta: 2:52:10, time: 2.553, data_time: 0.000, memory: 5243, top1_acc: 0.9491, top5_acc: 0.9912, loss_cls: 0.1849, loss: 0.1849
2026-08-27 04:14:34,907 - pyskl - INFO - Epoch [16][1600/5537]	lr: 1.217e-04, eta: 2:47:54, time: 2.536, data_time: 0.000, memory: 5243, top1_acc: 0.9400, top5_acc: 0.9884, loss_cls: 0.2082, loss: 0.2082
2026-08-27 04:18:48,648 - pyskl - INFO - Epoch [16][1700/5537]	lr: 1.156e-04, eta: 2:43:38, time: 2.537, data_time: 0.000, memory: 5243, top1_acc: 0.9559, top5_acc: 0.9903, loss_cls: 0.1706, loss: 0.1706
2026-08-27 04:23:03,424 - pyskl - INFO - Epoch [16][1800/5537]	lr: 1.097e-04, eta: 2:39:22, time: 2.548, data_time: 0.000, memory: 5243, top1_acc: 0.9413, top5_acc: 0.9891, loss_cls: 0.2081, loss: 0.2081
2026-08-27 04:27:18,053 - pyskl - INFO - Epoch [16][1900/5537]	lr: 1.039e-04, eta: 2:35:06, time: 2.546, data_time: 0.000, memory: 5243, top1_acc: 0.9500, top5_acc: 0.9922, loss_cls: 0.1813, loss: 0.1813
2026-08-27 04:31:32,304 - pyskl - INFO - Epoch [16][2000/5537]	lr: 9.825e-05, eta: 2:30:50, time: 2.543, data_time: 0.000, memory: 5243, top1_acc: 0.9466, top5_acc: 0.9894, loss_cls: 0.1912, loss: 0.1912
2026-08-27 04:35:46,736 - pyskl - INFO - Epoch [16][2100/5537]	lr: 9.278e-05, eta: 2:26:34, time: 2.544, data_time: 0.000, memory: 5243, top1_acc: 0.9481, top5_acc: 0.9947, loss_cls: 0.1732, loss: 0.1732
2026-08-27 04:40:02,182 - pyskl - INFO - Epoch [16][2200/5537]	lr: 8.747e-05, eta: 2:22:18, time: 2.554, data_time: 0.000, memory: 5243, top1_acc: 0.9456, top5_acc: 0.9878, loss_cls: 0.2031, loss: 0.2031
2026-08-27 04:44:15,998 - pyskl - INFO - Epoch [16][2300/5537]	lr: 8.231e-05, eta: 2:18:02, time: 2.538, data_time: 0.000, memory: 5243, top1_acc: 0.9406, top5_acc: 0.9903, loss_cls: 0.1983, loss: 0.1983
2026-08-27 04:48:29,899 - pyskl - INFO - Epoch [16][2400/5537]	lr: 7.731e-05, eta: 2:13:46, time: 2.539, data_time: 0.000, memory: 5243, top1_acc: 0.9519, top5_acc: 0.9931, loss_cls: 0.1675, loss: 0.1675
2026-08-27 04:52:45,005 - pyskl - INFO - Epoch [16][2500/5537]	lr: 7.247e-05, eta: 2:09:30, time: 2.551, data_time: 0.000, memory: 5243, top1_acc: 0.9506, top5_acc: 0.9906, loss_cls: 0.1848, loss: 0.1848
2026-08-27 04:56:59,206 - pyskl - INFO - Epoch [16][2600/5537]	lr: 6.778e-05, eta: 2:05:14, time: 2.542, data_time: 0.000, memory: 5243, top1_acc: 0.9531, top5_acc: 0.9928, loss_cls: 0.1741, loss: 0.1741
2026-08-27 05:01:13,011 - pyskl - INFO - Epoch [16][2700/5537]	lr: 6.325e-05, eta: 2:00:58, time: 2.538, data_time: 0.000, memory: 5243, top1_acc: 0.9572, top5_acc: 0.9916, loss_cls: 0.1607, loss: 0.1607
2026-08-27 05:05:27,302 - pyskl - INFO - Epoch [16][2800/5537]	lr: 5.887e-05, eta: 1:56:43, time: 2.543, data_time: 0.000, memory: 5243, top1_acc: 0.9403, top5_acc: 0.9912, loss_cls: 0.2045, loss: 0.2045
2026-08-27 05:09:42,799 - pyskl - INFO - Epoch [16][2900/5537]	lr: 5.465e-05, eta: 1:52:27, time: 2.555, data_time: 0.000, memory: 5243, top1_acc: 0.9434, top5_acc: 0.9894, loss_cls: 0.1901, loss: 0.1901
2026-08-27 05:13:56,823 - pyskl - INFO - Epoch [16][3000/5537]	lr: 5.059e-05, eta: 1:48:11, time: 2.540, data_time: 0.000, memory: 5243, top1_acc: 0.9428, top5_acc: 0.9881, loss_cls: 0.1971, loss: 0.1971
2026-08-27 05:18:09,964 - pyskl - INFO - Epoch [16][3100/5537]	lr: 4.669e-05, eta: 1:43:55, time: 2.531, data_time: 0.000, memory: 5243, top1_acc: 0.9372, top5_acc: 0.9881, loss_cls: 0.2138, loss: 0.2138
2026-08-27 05:22:24,958 - pyskl - INFO - Epoch [16][3200/5537]	lr: 4.294e-05, eta: 1:39:39, time: 2.550, data_time: 0.000, memory: 5243, top1_acc: 0.9544, top5_acc: 0.9928, loss_cls: 0.1698, loss: 0.1698
2026-08-27 05:26:38,778 - pyskl - INFO - Epoch [16][3300/5537]	lr: 3.934e-05, eta: 1:35:23, time: 2.538, data_time: 0.000, memory: 5243, top1_acc: 0.9544, top5_acc: 0.9906, loss_cls: 0.1787, loss: 0.1787
2026-08-27 05:30:52,646 - pyskl - INFO - Epoch [16][3400/5537]	lr: 3.591e-05, eta: 1:31:07, time: 2.539, data_time: 0.000, memory: 5243, top1_acc: 0.9478, top5_acc: 0.9862, loss_cls: 0.2060, loss: 0.2060
2026-08-27 05:35:06,483 - pyskl - INFO - Epoch [16][3500/5537]	lr: 3.263e-05, eta: 1:26:51, time: 2.538, data_time: 0.000, memory: 5243, top1_acc: 0.9466, top5_acc: 0.9906, loss_cls: 0.1926, loss: 0.1926
2026-08-27 05:39:20,470 - pyskl - INFO - Epoch [16][3600/5537]	lr: 2.951e-05, eta: 1:22:35, time: 2.540, data_time: 0.000, memory: 5243, top1_acc: 0.9481, top5_acc: 0.9900, loss_cls: 0.1831, loss: 0.1831
2026-08-27 05:43:34,809 - pyskl - INFO - Epoch [16][3700/5537]	lr: 2.654e-05, eta: 1:18:19, time: 2.543, data_time: 0.000, memory: 5243, top1_acc: 0.9575, top5_acc: 0.9931, loss_cls: 0.1665, loss: 0.1665
2026-08-27 05:47:48,357 - pyskl - INFO - Epoch [16][3800/5537]	lr: 2.373e-05, eta: 1:14:04, time: 2.535, data_time: 0.000, memory: 5243, top1_acc: 0.9559, top5_acc: 0.9938, loss_cls: 0.1719, loss: 0.1719
2026-08-27 05:52:03,287 - pyskl - INFO - Epoch [16][3900/5537]	lr: 2.108e-05, eta: 1:09:48, time: 2.549, data_time: 0.000, memory: 5243, top1_acc: 0.9478, top5_acc: 0.9888, loss_cls: 0.1878, loss: 0.1878
2026-08-27 05:56:16,526 - pyskl - INFO - Epoch [16][4000/5537]	lr: 1.859e-05, eta: 1:05:32, time: 2.532, data_time: 0.000, memory: 5243, top1_acc: 0.9472, top5_acc: 0.9912, loss_cls: 0.1860, loss: 0.1860
2026-08-27 06:00:29,931 - pyskl - INFO - Epoch [16][4100/5537]	lr: 1.625e-05, eta: 1:01:16, time: 2.534, data_time: 0.000, memory: 5243, top1_acc: 0.9428, top5_acc: 0.9900, loss_cls: 0.1918, loss: 0.1918
2026-08-27 06:04:44,348 - pyskl - INFO - Epoch [16][4200/5537]	lr: 1.407e-05, eta: 0:57:00, time: 2.544, data_time: 0.000, memory: 5243, top1_acc: 0.9478, top5_acc: 0.9916, loss_cls: 0.1802, loss: 0.1802
2026-08-27 06:08:57,825 - pyskl - INFO - Epoch [16][4300/5537]	lr: 1.204e-05, eta: 0:52:44, time: 2.535, data_time: 0.000, memory: 5243, top1_acc: 0.9494, top5_acc: 0.9922, loss_cls: 0.1814, loss: 0.1814
2026-08-27 06:13:11,885 - pyskl - INFO - Epoch [16][4400/5537]	lr: 1.018e-05, eta: 0:48:28, time: 2.541, data_time: 0.000, memory: 5243, top1_acc: 0.9522, top5_acc: 0.9925, loss_cls: 0.1762, loss: 0.1762
2026-08-27 06:17:26,197 - pyskl - INFO - Epoch [16][4500/5537]	lr: 8.467e-06, eta: 0:44:12, time: 2.543, data_time: 0.000, memory: 5243, top1_acc: 0.9509, top5_acc: 0.9884, loss_cls: 0.1864, loss: 0.1864
2026-08-27 06:21:40,338 - pyskl - INFO - Epoch [16][4600/5537]	lr: 6.914e-06, eta: 0:39:57, time: 2.541, data_time: 0.000, memory: 5243, top1_acc: 0.9537, top5_acc: 0.9916, loss_cls: 0.1771, loss: 0.1771
2026-08-27 06:25:54,011 - pyskl - INFO - Epoch [16][4700/5537]	lr: 5.519e-06, eta: 0:35:41, time: 2.537, data_time: 0.000, memory: 5243, top1_acc: 0.9528, top5_acc: 0.9903, loss_cls: 0.1808, loss: 0.1808
2026-08-27 06:30:07,705 - pyskl - INFO - Epoch [16][4800/5537]	lr: 4.280e-06, eta: 0:31:25, time: 2.537, data_time: 0.000, memory: 5243, top1_acc: 0.9444, top5_acc: 0.9922, loss_cls: 0.1901, loss: 0.1901
2026-08-27 06:34:22,221 - pyskl - INFO - Epoch [16][4900/5537]	lr: 3.199e-06, eta: 0:27:09, time: 2.545, data_time: 0.000, memory: 5243, top1_acc: 0.9516, top5_acc: 0.9925, loss_cls: 0.1726, loss: 0.1726
2026-08-27 06:38:35,344 - pyskl - INFO - Epoch [16][5000/5537]	lr: 2.275e-06, eta: 0:22:53, time: 2.531, data_time: 0.000, memory: 5243, top1_acc: 0.9516, top5_acc: 0.9903, loss_cls: 0.1800, loss: 0.1800
2026-08-27 06:42:49,067 - pyskl - INFO - Epoch [16][5100/5537]	lr: 1.508e-06, eta: 0:18:37, time: 2.537, data_time: 0.000, memory: 5243, top1_acc: 0.9541, top5_acc: 0.9922, loss_cls: 0.1767, loss: 0.1767
2026-08-27 06:47:03,950 - pyskl - INFO - Epoch [16][5200/5537]	lr: 8.979e-07, eta: 0:14:22, time: 2.549, data_time: 0.000, memory: 5243, top1_acc: 0.9484, top5_acc: 0.9912, loss_cls: 0.1896, loss: 0.1896
2026-08-27 06:51:17,463 - pyskl - INFO - Epoch [16][5300/5537]	lr: 4.452e-07, eta: 0:10:06, time: 2.535, data_time: 0.000, memory: 5243, top1_acc: 0.9525, top5_acc: 0.9931, loss_cls: 0.1750, loss: 0.1750
2026-08-27 06:55:31,061 - pyskl - INFO - Epoch [16][5400/5537]	lr: 1.497e-07, eta: 0:05:50, time: 2.536, data_time: 0.000, memory: 5243, top1_acc: 0.9478, top5_acc: 0.9891, loss_cls: 0.1936, loss: 0.1936
2026-08-27 06:59:45,603 - pyskl - INFO - Epoch [16][5500/5537]	lr: 1.135e-08, eta: 0:01:34, time: 2.545, data_time: 0.000, memory: 5243, top1_acc: 0.9494, top5_acc: 0.9900, loss_cls: 0.1852, loss: 0.1852
2026-08-27 07:01:19,182 - pyskl - INFO - Saving checkpoint at 16 epochs
2026-08-27 07:07:12,646 - pyskl - INFO - Evaluating top_k_accuracy ...
2026-08-27 07:07:12,657 - pyskl - INFO - 
top1_acc	0.8965
top5_acc	0.9854
2026-08-27 07:07:12,657 - pyskl - INFO - Epoch(val) [16][146]	top1_acc: 0.8965, top5_acc: 0.9854
2026-08-27 07:07:23,261 - pyskl - INFO - 4655 videos remain after valid thresholding
2026-08-27 07:07:23,262 - pyskl - INFO - load checkpoint from local path: ./work_dirs/aug_baseline/stgcnpp_j/train/A5_random_single\best_top1_acc_epoch_15.pth
2026-08-27 08:09:54,651 - pyskl - INFO - Testing results of the best checkpoint
2026-08-27 08:09:54,651 - pyskl - INFO - top1_acc: 0.9023
2026-08-27 08:09:54,651 - pyskl - INFO - top5_acc: 0.9852
