2026-08-21 16:17:21,848 - pyskl - INFO - Environment info:
------------------------------------------------------------
sys.platform: win32
Python: 3.10.20 | packaged by Anaconda, Inc. | (main, Jun 11 2026, 15:13:20) [MSC v.1942 64 bit (AMD64)]
CUDA available: True
GPU 0: NVIDIA GeForce RTX 4090
CUDA_HOME: C:\Program Files\NVIDIA GPU Computing Toolkit\CUDA\v12.6
NVCC: Cuda compilation tools, release 12.6, V12.6.20
MSVC: 用于 x64 的 Microsoft (R) C/C++ 优化编译器 19.41.34120 版
GCC: n/a
PyTorch: 1.12.1
PyTorch compiling details: PyTorch built with:
  - C++ Version: 199711
  - MSVC 192829337
  - Intel(R) Math Kernel Library Version 2020.0.2 Product Build 20200624 for Intel(R) 64 architecture applications
  - Intel(R) MKL-DNN v2.6.0 (Git Hash 52b5f107dd9cf10910aaa19cb47f3abf9b349815)
  - OpenMP 2019
  - LAPACK is enabled (usually provided by MKL)
  - CPU capability usage: AVX2
  - CUDA Runtime 11.3
  - NVCC architecture flags: -gencode;arch=compute_37,code=sm_37;-gencode;arch=compute_50,code=sm_50;-gencode;arch=compute_60,code=sm_60;-gencode;arch=compute_61,code=sm_61;-gencode;arch=compute_70,code=sm_70;-gencode;arch=compute_75,code=sm_75;-gencode;arch=compute_80,code=sm_80;-gencode;arch=compute_86,code=sm_86;-gencode;arch=compute_37,code=compute_37
  - CuDNN 8.3.2  (built against CUDA 11.5)
  - Magma 2.5.4
  - Build settings: BLAS_INFO=mkl, BUILD_TYPE=Release, CUDA_VERSION=11.3, CUDNN_VERSION=8.3.2, CXX_COMPILER=C:/cb/pytorch_1000000000000/work/tmp_bin/sccache-cl.exe, CXX_FLAGS=/DWIN32 /D_WINDOWS /GR /EHsc /w /bigobj -DUSE_PTHREADPOOL -openmp:experimental -IC:/cb/pytorch_1000000000000/work/mkl/include -DNDEBUG -DUSE_KINETO -DLIBKINETO_NOCUPTI -DUSE_FBGEMM -DUSE_XNNPACK -DSYMBOLICATE_MOBILE_DEBUG_HANDLE -DEDGE_PROFILER_USE_KINETO, LAPACK_INFO=mkl, PERF_WITH_AVX=1, PERF_WITH_AVX2=1, PERF_WITH_AVX512=1, TORCH_VERSION=1.12.1, USE_CUDA=ON, USE_CUDNN=ON, USE_EXCEPTION_PTR=1, USE_GFLAGS=OFF, USE_GLOG=OFF, USE_MKL=ON, USE_MKLDNN=OFF, USE_MPI=OFF, USE_NCCL=OFF, USE_NNPACK=OFF, USE_OPENMP=ON, USE_ROCM=OFF, 

TorchVision: 0.13.1
OpenCV: 5.0.0
MMCV: 1.7.0
MMCV Compiler: MSVC 192829924
MMCV CUDA Compiler: 11.3
pyskl: 0.1.0+unknown
------------------------------------------------------------

2026-08-21 16:17:21,956 - pyskl - INFO - Config: model = dict(
    type='RecognizerGCN',
    backbone=dict(
        type='STGCN',
        gcn_adaptive='init',
        gcn_with_res=True,
        tcn_type='mstcn',
        graph_cfg=dict(layout='nturgb+d', mode='spatial')),
    cls_head=dict(type='GCNHead', num_classes=60, in_channels=256))
dataset_type = 'PoseDataset'
ann_file = 'data/nturgbd/ntu60_inner_split.pkl'
train_pipeline = [
    dict(type='PreNormalize3D'),
    dict(type='GenSkeFeat', dataset='nturgb+d', feats=['j']),
    dict(type='UniformSample', clip_len=100),
    dict(type='PoseDecode'),
    dict(type='FormatGCNInput', num_person=2),
    dict(type='Collect', keys=['keypoint', 'label'], meta_keys=[]),
    dict(type='ToTensor', keys=['keypoint'])
]
val_pipeline = [
    dict(type='PreNormalize3D'),
    dict(type='GenSkeFeat', dataset='nturgb+d', feats=['j']),
    dict(type='UniformSample', clip_len=100, num_clips=1),
    dict(type='PoseDecode'),
    dict(type='FormatGCNInput', num_person=2),
    dict(type='Collect', keys=['keypoint', 'label'], meta_keys=[]),
    dict(type='ToTensor', keys=['keypoint'])
]
test_pipeline = [
    dict(type='PreNormalize3D'),
    dict(type='GenSkeFeat', dataset='nturgb+d', feats=['j']),
    dict(type='UniformSample', clip_len=100, num_clips=10, seed=255),
    dict(type='PoseDecode'),
    dict(type='FormatGCNInput', num_person=2),
    dict(type='Collect', keys=['keypoint', 'label'], meta_keys=[]),
    dict(type='ToTensor', keys=['keypoint'])
]
data = dict(
    videos_per_gpu=32,
    workers_per_gpu=2,
    test_dataloader=dict(videos_per_gpu=1),
    train=dict(
        type='RepeatDataset',
        times=5,
        dataset=dict(
            type='PoseDataset',
            ann_file='data/nturgbd/ntu60_inner_split.pkl',
            pipeline=[
                dict(type='PreNormalize3D'),
                dict(type='GenSkeFeat', dataset='nturgb+d', feats=['j']),
                dict(type='UniformSample', clip_len=100),
                dict(type='PoseDecode'),
                dict(type='FormatGCNInput', num_person=2),
                dict(type='Collect', keys=['keypoint', 'label'], meta_keys=[]),
                dict(type='ToTensor', keys=['keypoint'])
            ],
            split='inner_train')),
    val=dict(
        type='PoseDataset',
        ann_file='data/nturgbd/ntu60_inner_split.pkl',
        pipeline=[
            dict(type='PreNormalize3D'),
            dict(type='GenSkeFeat', dataset='nturgb+d', feats=['j']),
            dict(type='UniformSample', clip_len=100, num_clips=1),
            dict(type='PoseDecode'),
            dict(type='FormatGCNInput', num_person=2),
            dict(type='Collect', keys=['keypoint', 'label'], meta_keys=[]),
            dict(type='ToTensor', keys=['keypoint'])
        ],
        split='inner_val'),
    test=dict(
        type='PoseDataset',
        ann_file='data/nturgbd/ntu60_inner_split.pkl',
        pipeline=[
            dict(type='PreNormalize3D'),
            dict(type='GenSkeFeat', dataset='nturgb+d', feats=['j']),
            dict(type='UniformSample', clip_len=100, num_clips=10, seed=255),
            dict(type='PoseDecode'),
            dict(type='FormatGCNInput', num_person=2),
            dict(type='Collect', keys=['keypoint', 'label'], meta_keys=[]),
            dict(type='ToTensor', keys=['keypoint'])
        ],
        split='inner_val'))
optimizer = dict(
    type='SGD', lr=0.025, momentum=0.9, weight_decay=0.0005, nesterov=True)
optimizer_config = dict(grad_clip=None)
lr_config = dict(policy='CosineAnnealing', min_lr=0, by_epoch=False)
total_epochs = 16
checkpoint_config = dict(interval=1)
evaluation = dict(interval=1, metrics=['top_k_accuracy'])
log_config = dict(interval=100, hooks=[dict(type='TextLoggerHook')])
log_level = 'INFO'
work_dir = './work_dirs/aug_baseline/stgcnpp_j/train/A0_clean'
dist_params = dict(backend='gloo')
gpu_ids = range(0, 1)

2026-08-21 16:17:21,956 - pyskl - INFO - Set random seed to 255, deterministic: True
2026-08-21 16:17:29,743 - pyskl - INFO - 35436 videos remain after valid thresholding
2026-08-21 16:17:41,636 - pyskl - INFO - 4655 videos remain after valid thresholding
2026-08-21 16:17:41,636 - pyskl - INFO - Start running, host: Administrator@D412-ASUS4090, work_dir: D:\YxjProject\pythonProject\pyskl\work_dirs\aug_baseline\stgcnpp_j\train\A0_clean
2026-08-21 16:17:41,636 - pyskl - INFO - Hooks will be executed in the following order:
before_run:
(VERY_HIGH   ) CosineAnnealingLrUpdaterHook       
(NORMAL      ) CheckpointHook                     
(NORMAL      ) DistEvalHook                       
(VERY_LOW    ) TextLoggerHook                     
 -------------------- 
before_train_epoch:
(VERY_HIGH   ) CosineAnnealingLrUpdaterHook       
(NORMAL      ) DistSamplerSeedHook                
(NORMAL      ) DistEvalHook                       
(LOW         ) IterTimerHook                      
(VERY_LOW    ) TextLoggerHook                     
 -------------------- 
before_train_iter:
(VERY_HIGH   ) CosineAnnealingLrUpdaterHook       
(NORMAL      ) DistEvalHook                       
(LOW         ) IterTimerHook                      
 -------------------- 
after_train_iter:
(ABOVE_NORMAL) OptimizerHook                      
(NORMAL      ) CheckpointHook                     
(NORMAL      ) DistEvalHook                       
(LOW         ) IterTimerHook                      
(VERY_LOW    ) TextLoggerHook                     
 -------------------- 
after_train_epoch:
(NORMAL      ) CheckpointHook                     
(NORMAL      ) DistEvalHook                       
(VERY_LOW    ) TextLoggerHook                     
 -------------------- 
before_val_epoch:
(NORMAL      ) DistSamplerSeedHook                
(LOW         ) IterTimerHook                      
(VERY_LOW    ) TextLoggerHook                     
 -------------------- 
before_val_iter:
(LOW         ) IterTimerHook                      
 -------------------- 
after_val_iter:
(LOW         ) IterTimerHook                      
 -------------------- 
after_val_epoch:
(VERY_LOW    ) TextLoggerHook                     
 -------------------- 
after_run:
(VERY_LOW    ) TextLoggerHook                     
 -------------------- 
2026-08-21 16:17:41,637 - pyskl - INFO - workflow: [('train', 1)], max: 16 epochs
2026-08-21 16:17:41,637 - pyskl - INFO - Checkpoints will be saved to D:\YxjProject\pythonProject\pyskl\work_dirs\aug_baseline\stgcnpp_j\train\A0_clean by HardDiskBackend.
2026-08-21 16:22:14,325 - pyskl - INFO - Epoch [1][100/5537]	lr: 2.500e-02, eta: 2 days, 19:01:43, time: 2.727, data_time: 0.078, memory: 5243, top1_acc: 0.0575, top5_acc: 0.2194, loss_cls: 3.7238, loss: 3.7238
2026-08-21 16:26:36,838 - pyskl - INFO - Epoch [1][200/5537]	lr: 2.500e-02, eta: 2 days, 17:42:15, time: 2.625, data_time: 0.000, memory: 5243, top1_acc: 0.1372, top5_acc: 0.3944, loss_cls: 3.2113, loss: 3.2113
2026-08-21 16:30:59,737 - pyskl - INFO - Epoch [1][300/5537]	lr: 2.500e-02, eta: 2 days, 17:14:44, time: 2.629, data_time: 0.000, memory: 5243, top1_acc: 0.2178, top5_acc: 0.5356, loss_cls: 2.7741, loss: 2.7741
2026-08-21 16:35:20,808 - pyskl - INFO - Epoch [1][400/5537]	lr: 2.500e-02, eta: 2 days, 16:52:04, time: 2.611, data_time: 0.000, memory: 5243, top1_acc: 0.2522, top5_acc: 0.6206, loss_cls: 2.5444, loss: 2.5444
2026-08-21 16:39:42,872 - pyskl - INFO - Epoch [1][500/5537]	lr: 2.500e-02, eta: 2 days, 16:39:39, time: 2.621, data_time: 0.000, memory: 5243, top1_acc: 0.3028, top5_acc: 0.6784, loss_cls: 2.3528, loss: 2.3528
2026-08-21 16:44:03,879 - pyskl - INFO - Epoch [1][600/5537]	lr: 2.500e-02, eta: 2 days, 16:27:19, time: 2.610, data_time: 0.000, memory: 5243, top1_acc: 0.3550, top5_acc: 0.7334, loss_cls: 2.1850, loss: 2.1850
2026-08-21 16:48:25,029 - pyskl - INFO - Epoch [1][700/5537]	lr: 2.500e-02, eta: 2 days, 16:17:35, time: 2.611, data_time: 0.000, memory: 5243, top1_acc: 0.3862, top5_acc: 0.7784, loss_cls: 2.0023, loss: 2.0023
2026-08-21 16:52:47,102 - pyskl - INFO - Epoch [1][800/5537]	lr: 2.499e-02, eta: 2 days, 16:10:52, time: 2.621, data_time: 0.000, memory: 5243, top1_acc: 0.4100, top5_acc: 0.8106, loss_cls: 1.9471, loss: 1.9471
2026-08-21 16:57:07,987 - pyskl - INFO - Epoch [1][900/5537]	lr: 2.499e-02, eta: 2 days, 16:02:45, time: 2.609, data_time: 0.000, memory: 5243, top1_acc: 0.4456, top5_acc: 0.8197, loss_cls: 1.8282, loss: 1.8282
2026-08-21 17:01:29,329 - pyskl - INFO - Epoch [1][1000/5537]	lr: 2.499e-02, eta: 2 days, 15:56:03, time: 2.613, data_time: 0.000, memory: 5243, top1_acc: 0.4681, top5_acc: 0.8481, loss_cls: 1.7297, loss: 1.7297
2026-08-21 17:05:51,425 - pyskl - INFO - Epoch [1][1100/5537]	lr: 2.499e-02, eta: 2 days, 15:50:47, time: 2.621, data_time: 0.000, memory: 5243, top1_acc: 0.5122, top5_acc: 0.8650, loss_cls: 1.5743, loss: 1.5743
2026-08-21 17:10:12,732 - pyskl - INFO - Epoch [1][1200/5537]	lr: 2.499e-02, eta: 2 days, 15:44:42, time: 2.613, data_time: 0.000, memory: 5243, top1_acc: 0.5309, top5_acc: 0.8812, loss_cls: 1.5206, loss: 1.5206
2026-08-21 17:14:34,138 - pyskl - INFO - Epoch [1][1300/5537]	lr: 2.499e-02, eta: 2 days, 15:39:00, time: 2.614, data_time: 0.000, memory: 5243, top1_acc: 0.5381, top5_acc: 0.8869, loss_cls: 1.4779, loss: 1.4779
2026-08-21 17:18:55,711 - pyskl - INFO - Epoch [1][1400/5537]	lr: 2.498e-02, eta: 2 days, 15:33:40, time: 2.616, data_time: 0.000, memory: 5243, top1_acc: 0.5422, top5_acc: 0.8784, loss_cls: 1.4604, loss: 1.4604
2026-08-21 17:23:17,420 - pyskl - INFO - Epoch [1][1500/5537]	lr: 2.498e-02, eta: 2 days, 15:28:36, time: 2.617, data_time: 0.000, memory: 5243, top1_acc: 0.5687, top5_acc: 0.8953, loss_cls: 1.4098, loss: 1.4098
2026-08-21 17:27:39,228 - pyskl - INFO - Epoch [1][1600/5537]	lr: 2.498e-02, eta: 2 days, 15:23:42, time: 2.618, data_time: 0.000, memory: 5243, top1_acc: 0.5966, top5_acc: 0.9028, loss_cls: 1.3276, loss: 1.3276
2026-08-21 17:32:00,200 - pyskl - INFO - Epoch [1][1700/5537]	lr: 2.498e-02, eta: 2 days, 15:18:09, time: 2.610, data_time: 0.000, memory: 5243, top1_acc: 0.6109, top5_acc: 0.9041, loss_cls: 1.2707, loss: 1.2707
2026-08-21 17:36:21,758 - pyskl - INFO - Epoch [1][1800/5537]	lr: 2.497e-02, eta: 2 days, 15:13:13, time: 2.616, data_time: 0.000, memory: 5243, top1_acc: 0.5966, top5_acc: 0.9094, loss_cls: 1.3052, loss: 1.3052
2026-08-21 17:40:44,844 - pyskl - INFO - Epoch [1][1900/5537]	lr: 2.497e-02, eta: 2 days, 15:09:30, time: 2.631, data_time: 0.000, memory: 5243, top1_acc: 0.6259, top5_acc: 0.9122, loss_cls: 1.2447, loss: 1.2447
2026-08-21 17:45:03,756 - pyskl - INFO - Epoch [1][2000/5537]	lr: 2.497e-02, eta: 2 days, 15:02:42, time: 2.589, data_time: 0.000, memory: 5243, top1_acc: 0.6391, top5_acc: 0.9156, loss_cls: 1.1829, loss: 1.1829
2026-08-21 17:49:23,530 - pyskl - INFO - Epoch [1][2100/5537]	lr: 2.497e-02, eta: 2 days, 14:56:43, time: 2.598, data_time: 0.000, memory: 5243, top1_acc: 0.6456, top5_acc: 0.9300, loss_cls: 1.1330, loss: 1.1330
2026-08-21 17:53:39,800 - pyskl - INFO - Epoch [1][2200/5537]	lr: 2.496e-02, eta: 2 days, 14:48:37, time: 2.563, data_time: 0.000, memory: 5243, top1_acc: 0.6500, top5_acc: 0.9197, loss_cls: 1.1333, loss: 1.1333
2026-08-21 17:57:56,675 - pyskl - INFO - Epoch [1][2300/5537]	lr: 2.496e-02, eta: 2 days, 14:41:13, time: 2.569, data_time: 0.000, memory: 5243, top1_acc: 0.6562, top5_acc: 0.9287, loss_cls: 1.0955, loss: 1.0955
2026-08-21 18:02:11,649 - pyskl - INFO - Epoch [1][2400/5537]	lr: 2.495e-02, eta: 2 days, 14:32:56, time: 2.550, data_time: 0.000, memory: 5243, top1_acc: 0.6587, top5_acc: 0.9284, loss_cls: 1.0935, loss: 1.0935
2026-08-21 18:06:27,416 - pyskl - INFO - Epoch [1][2500/5537]	lr: 2.495e-02, eta: 2 days, 14:25:26, time: 2.558, data_time: 0.000, memory: 5243, top1_acc: 0.6741, top5_acc: 0.9406, loss_cls: 1.0180, loss: 1.0180
2026-08-21 18:10:43,860 - pyskl - INFO - Epoch [1][2600/5537]	lr: 2.495e-02, eta: 2 days, 14:18:33, time: 2.564, data_time: 0.000, memory: 5243, top1_acc: 0.6828, top5_acc: 0.9328, loss_cls: 1.0257, loss: 1.0257
2026-08-21 18:14:59,510 - pyskl - INFO - Epoch [1][2700/5537]	lr: 2.494e-02, eta: 2 days, 14:11:27, time: 2.556, data_time: 0.000, memory: 5243, top1_acc: 0.6847, top5_acc: 0.9319, loss_cls: 1.0161, loss: 1.0161
2026-08-21 18:19:15,310 - pyskl - INFO - Epoch [1][2800/5537]	lr: 2.494e-02, eta: 2 days, 14:04:37, time: 2.558, data_time: 0.000, memory: 5243, top1_acc: 0.6841, top5_acc: 0.9403, loss_cls: 1.0060, loss: 1.0060
2026-08-21 18:23:31,348 - pyskl - INFO - Epoch [1][2900/5537]	lr: 2.493e-02, eta: 2 days, 13:58:05, time: 2.560, data_time: 0.000, memory: 5243, top1_acc: 0.6934, top5_acc: 0.9409, loss_cls: 0.9739, loss: 0.9739
2026-08-21 18:27:48,132 - pyskl - INFO - Epoch [1][3000/5537]	lr: 2.493e-02, eta: 2 days, 13:52:03, time: 2.568, data_time: 0.000, memory: 5243, top1_acc: 0.6963, top5_acc: 0.9397, loss_cls: 0.9695, loss: 0.9695
2026-08-21 18:32:03,207 - pyskl - INFO - Epoch [1][3100/5537]	lr: 2.492e-02, eta: 2 days, 13:45:21, time: 2.551, data_time: 0.000, memory: 5243, top1_acc: 0.7031, top5_acc: 0.9413, loss_cls: 0.9433, loss: 0.9433
2026-08-21 18:36:18,516 - pyskl - INFO - Epoch [1][3200/5537]	lr: 2.492e-02, eta: 2 days, 13:38:55, time: 2.553, data_time: 0.000, memory: 5243, top1_acc: 0.7156, top5_acc: 0.9478, loss_cls: 0.9233, loss: 0.9233
2026-08-21 18:40:35,090 - pyskl - INFO - Epoch [1][3300/5537]	lr: 2.491e-02, eta: 2 days, 13:33:09, time: 2.566, data_time: 0.000, memory: 5243, top1_acc: 0.7128, top5_acc: 0.9413, loss_cls: 0.9251, loss: 0.9251
2026-08-21 18:44:50,984 - pyskl - INFO - Epoch [1][3400/5537]	lr: 2.491e-02, eta: 2 days, 13:27:11, time: 2.559, data_time: 0.000, memory: 5243, top1_acc: 0.7338, top5_acc: 0.9509, loss_cls: 0.8511, loss: 0.8511
2026-08-21 18:49:06,674 - pyskl - INFO - Epoch [1][3500/5537]	lr: 2.490e-02, eta: 2 days, 13:21:14, time: 2.557, data_time: 0.000, memory: 5243, top1_acc: 0.7181, top5_acc: 0.9409, loss_cls: 0.9166, loss: 0.9166
2026-08-21 18:53:22,707 - pyskl - INFO - Epoch [1][3600/5537]	lr: 2.490e-02, eta: 2 days, 13:15:31, time: 2.560, data_time: 0.000, memory: 5243, top1_acc: 0.7284, top5_acc: 0.9481, loss_cls: 0.8772, loss: 0.8772
2026-08-21 18:57:39,118 - pyskl - INFO - Epoch [1][3700/5537]	lr: 2.489e-02, eta: 2 days, 13:10:02, time: 2.564, data_time: 0.000, memory: 5243, top1_acc: 0.7481, top5_acc: 0.9534, loss_cls: 0.8189, loss: 0.8189
2026-08-21 19:01:54,575 - pyskl - INFO - Epoch [1][3800/5537]	lr: 2.489e-02, eta: 2 days, 13:04:14, time: 2.555, data_time: 0.000, memory: 5243, top1_acc: 0.7381, top5_acc: 0.9531, loss_cls: 0.8298, loss: 0.8298
2026-08-21 19:06:09,313 - pyskl - INFO - Epoch [1][3900/5537]	lr: 2.488e-02, eta: 2 days, 12:58:16, time: 2.547, data_time: 0.000, memory: 5243, top1_acc: 0.7488, top5_acc: 0.9500, loss_cls: 0.8481, loss: 0.8481
2026-08-21 19:10:25,854 - pyskl - INFO - Epoch [1][4000/5537]	lr: 2.487e-02, eta: 2 days, 12:53:02, time: 2.565, data_time: 0.000, memory: 5243, top1_acc: 0.7350, top5_acc: 0.9534, loss_cls: 0.8388, loss: 0.8388
2026-08-21 19:14:41,134 - pyskl - INFO - Epoch [1][4100/5537]	lr: 2.487e-02, eta: 2 days, 12:47:24, time: 2.553, data_time: 0.000, memory: 5243, top1_acc: 0.7409, top5_acc: 0.9519, loss_cls: 0.8185, loss: 0.8185
2026-08-21 19:18:56,699 - pyskl - INFO - Epoch [1][4200/5537]	lr: 2.486e-02, eta: 2 days, 12:41:55, time: 2.556, data_time: 0.000, memory: 5243, top1_acc: 0.7531, top5_acc: 0.9525, loss_cls: 0.8055, loss: 0.8055
2026-08-21 19:23:13,168 - pyskl - INFO - Epoch [1][4300/5537]	lr: 2.486e-02, eta: 2 days, 12:36:48, time: 2.565, data_time: 0.000, memory: 5243, top1_acc: 0.7550, top5_acc: 0.9597, loss_cls: 0.7789, loss: 0.7789
2026-08-21 19:27:29,153 - pyskl - INFO - Epoch [1][4400/5537]	lr: 2.485e-02, eta: 2 days, 12:31:34, time: 2.560, data_time: 0.000, memory: 5243, top1_acc: 0.7778, top5_acc: 0.9619, loss_cls: 0.7408, loss: 0.7408
2026-08-21 19:31:44,746 - pyskl - INFO - Epoch [1][4500/5537]	lr: 2.484e-02, eta: 2 days, 12:26:15, time: 2.556, data_time: 0.000, memory: 5243, top1_acc: 0.7409, top5_acc: 0.9481, loss_cls: 0.8392, loss: 0.8392
2026-08-21 19:35:59,888 - pyskl - INFO - Epoch [1][4600/5537]	lr: 2.483e-02, eta: 2 days, 12:20:51, time: 2.551, data_time: 0.000, memory: 5243, top1_acc: 0.7500, top5_acc: 0.9534, loss_cls: 0.8217, loss: 0.8217
2026-08-21 19:40:16,809 - pyskl - INFO - Epoch [1][4700/5537]	lr: 2.483e-02, eta: 2 days, 12:16:01, time: 2.569, data_time: 0.000, memory: 5243, top1_acc: 0.7500, top5_acc: 0.9553, loss_cls: 0.8049, loss: 0.8049
2026-08-21 19:44:32,096 - pyskl - INFO - Epoch [1][4800/5537]	lr: 2.482e-02, eta: 2 days, 12:10:44, time: 2.553, data_time: 0.000, memory: 5243, top1_acc: 0.7678, top5_acc: 0.9650, loss_cls: 0.7437, loss: 0.7437
2026-08-21 19:48:47,315 - pyskl - INFO - Epoch [1][4900/5537]	lr: 2.481e-02, eta: 2 days, 12:05:29, time: 2.552, data_time: 0.000, memory: 5243, top1_acc: 0.7666, top5_acc: 0.9600, loss_cls: 0.7502, loss: 0.7502
2026-08-21 19:53:03,344 - pyskl - INFO - Epoch [1][5000/5537]	lr: 2.480e-02, eta: 2 days, 12:00:29, time: 2.560, data_time: 0.000, memory: 5243, top1_acc: 0.7672, top5_acc: 0.9631, loss_cls: 0.7347, loss: 0.7347
2026-08-21 19:57:19,682 - pyskl - INFO - Epoch [1][5100/5537]	lr: 2.480e-02, eta: 2 days, 11:55:37, time: 2.563, data_time: 0.000, memory: 5243, top1_acc: 0.7566, top5_acc: 0.9569, loss_cls: 0.7550, loss: 0.7550
2026-08-21 20:01:34,657 - pyskl - INFO - Epoch [1][5200/5537]	lr: 2.479e-02, eta: 2 days, 11:50:23, time: 2.550, data_time: 0.000, memory: 5243, top1_acc: 0.7712, top5_acc: 0.9634, loss_cls: 0.7200, loss: 0.7200
2026-08-21 20:05:49,902 - pyskl - INFO - Epoch [1][5300/5537]	lr: 2.478e-02, eta: 2 days, 11:45:17, time: 2.552, data_time: 0.000, memory: 5243, top1_acc: 0.7812, top5_acc: 0.9609, loss_cls: 0.6988, loss: 0.6988
2026-08-21 20:10:06,620 - pyskl - INFO - Epoch [1][5400/5537]	lr: 2.477e-02, eta: 2 days, 11:40:34, time: 2.567, data_time: 0.000, memory: 5243, top1_acc: 0.7672, top5_acc: 0.9616, loss_cls: 0.7434, loss: 0.7434
2026-08-21 20:14:21,500 - pyskl - INFO - Epoch [1][5500/5537]	lr: 2.476e-02, eta: 2 days, 11:35:25, time: 2.549, data_time: 0.000, memory: 5243, top1_acc: 0.7928, top5_acc: 0.9616, loss_cls: 0.7054, loss: 0.7054
2026-08-21 20:15:56,664 - pyskl - INFO - Saving checkpoint at 1 epochs
2026-08-21 20:22:07,011 - pyskl - INFO - Evaluating top_k_accuracy ...
2026-08-21 20:22:07,023 - pyskl - INFO - 
top1_acc	0.7551
top5_acc	0.9624
2026-08-21 20:22:07,090 - pyskl - INFO - Now best checkpoint is saved as best_top1_acc_epoch_1.pth.
2026-08-21 20:22:07,091 - pyskl - INFO - Best top1_acc is 0.7551 at 1 epoch.
2026-08-21 20:22:07,091 - pyskl - INFO - Epoch(val) [1][146]	top1_acc: 0.7551, top5_acc: 0.9624
2026-08-21 20:26:29,161 - pyskl - INFO - Epoch [2][100/5537]	lr: 2.475e-02, eta: 2 days, 11:07:03, time: 2.621, data_time: 0.068, memory: 5243, top1_acc: 0.7825, top5_acc: 0.9622, loss_cls: 0.6951, loss: 0.6951
2026-08-21 20:30:44,735 - pyskl - INFO - Epoch [2][200/5537]	lr: 2.474e-02, eta: 2 days, 11:02:32, time: 2.556, data_time: 0.000, memory: 5243, top1_acc: 0.7841, top5_acc: 0.9625, loss_cls: 0.6951, loss: 0.6951
2026-08-21 20:35:01,056 - pyskl - INFO - Epoch [2][300/5537]	lr: 2.473e-02, eta: 2 days, 10:58:13, time: 2.563, data_time: 0.000, memory: 5243, top1_acc: 0.7922, top5_acc: 0.9666, loss_cls: 0.6549, loss: 0.6549
2026-08-21 20:39:17,121 - pyskl - INFO - Epoch [2][400/5537]	lr: 2.472e-02, eta: 2 days, 10:53:50, time: 2.561, data_time: 0.000, memory: 5243, top1_acc: 0.7866, top5_acc: 0.9666, loss_cls: 0.6800, loss: 0.6800
2026-08-21 20:43:32,811 - pyskl - INFO - Epoch [2][500/5537]	lr: 2.471e-02, eta: 2 days, 10:49:22, time: 2.557, data_time: 0.000, memory: 5243, top1_acc: 0.7853, top5_acc: 0.9666, loss_cls: 0.6881, loss: 0.6881
2026-08-21 20:47:48,209 - pyskl - INFO - Epoch [2][600/5537]	lr: 2.471e-02, eta: 2 days, 10:44:50, time: 2.554, data_time: 0.000, memory: 5243, top1_acc: 0.7906, top5_acc: 0.9681, loss_cls: 0.6791, loss: 0.6791
2026-08-21 20:52:05,209 - pyskl - INFO - Epoch [2][700/5537]	lr: 2.470e-02, eta: 2 days, 10:40:41, time: 2.570, data_time: 0.000, memory: 5243, top1_acc: 0.7944, top5_acc: 0.9647, loss_cls: 0.6612, loss: 0.6612
2026-08-21 20:56:20,232 - pyskl - INFO - Epoch [2][800/5537]	lr: 2.469e-02, eta: 2 days, 10:36:05, time: 2.550, data_time: 0.000, memory: 5243, top1_acc: 0.7922, top5_acc: 0.9653, loss_cls: 0.6710, loss: 0.6710
2026-08-21 21:00:35,028 - pyskl - INFO - Epoch [2][900/5537]	lr: 2.468e-02, eta: 2 days, 10:31:27, time: 2.548, data_time: 0.000, memory: 5243, top1_acc: 0.7934, top5_acc: 0.9684, loss_cls: 0.6531, loss: 0.6531
2026-08-21 21:04:50,990 - pyskl - INFO - Epoch [2][1000/5537]	lr: 2.467e-02, eta: 2 days, 10:27:04, time: 2.560, data_time: 0.000, memory: 5243, top1_acc: 0.7897, top5_acc: 0.9675, loss_cls: 0.6563, loss: 0.6563
2026-08-21 21:09:06,564 - pyskl - INFO - Epoch [2][1100/5537]	lr: 2.466e-02, eta: 2 days, 10:22:37, time: 2.556, data_time: 0.000, memory: 5243, top1_acc: 0.8000, top5_acc: 0.9637, loss_cls: 0.6456, loss: 0.6456
2026-08-21 21:13:22,375 - pyskl - INFO - Epoch [2][1200/5537]	lr: 2.465e-02, eta: 2 days, 10:18:13, time: 2.558, data_time: 0.000, memory: 5243, top1_acc: 0.8034, top5_acc: 0.9647, loss_cls: 0.6478, loss: 0.6478
2026-08-21 21:17:38,346 - pyskl - INFO - Epoch [2][1300/5537]	lr: 2.463e-02, eta: 2 days, 10:13:51, time: 2.560, data_time: 0.000, memory: 5243, top1_acc: 0.8078, top5_acc: 0.9672, loss_cls: 0.6402, loss: 0.6402
2026-08-21 21:21:55,095 - pyskl - INFO - Epoch [2][1400/5537]	lr: 2.462e-02, eta: 2 days, 10:09:39, time: 2.567, data_time: 0.000, memory: 5243, top1_acc: 0.8028, top5_acc: 0.9684, loss_cls: 0.6403, loss: 0.6403
2026-08-21 21:26:10,339 - pyskl - INFO - Epoch [2][1500/5537]	lr: 2.461e-02, eta: 2 days, 10:05:09, time: 2.552, data_time: 0.000, memory: 5243, top1_acc: 0.8050, top5_acc: 0.9688, loss_cls: 0.6365, loss: 0.6365
2026-08-21 21:30:25,909 - pyskl - INFO - Epoch [2][1600/5537]	lr: 2.460e-02, eta: 2 days, 10:00:43, time: 2.556, data_time: 0.000, memory: 5243, top1_acc: 0.7975, top5_acc: 0.9684, loss_cls: 0.6287, loss: 0.6287
2026-08-21 21:34:42,496 - pyskl - INFO - Epoch [2][1700/5537]	lr: 2.459e-02, eta: 2 days, 9:56:29, time: 2.566, data_time: 0.000, memory: 5243, top1_acc: 0.7931, top5_acc: 0.9644, loss_cls: 0.6575, loss: 0.6575
2026-08-21 21:38:58,561 - pyskl - INFO - Epoch [2][1800/5537]	lr: 2.458e-02, eta: 2 days, 9:52:09, time: 2.561, data_time: 0.000, memory: 5243, top1_acc: 0.8003, top5_acc: 0.9722, loss_cls: 0.6212, loss: 0.6212
2026-08-21 21:43:13,916 - pyskl - INFO - Epoch [2][1900/5537]	lr: 2.457e-02, eta: 2 days, 9:47:41, time: 2.554, data_time: 0.000, memory: 5243, top1_acc: 0.8256, top5_acc: 0.9744, loss_cls: 0.5648, loss: 0.5648
2026-08-21 21:47:29,132 - pyskl - INFO - Epoch [2][2000/5537]	lr: 2.456e-02, eta: 2 days, 9:43:12, time: 2.552, data_time: 0.000, memory: 5243, top1_acc: 0.8087, top5_acc: 0.9738, loss_cls: 0.6037, loss: 0.6037
2026-08-21 21:51:46,305 - pyskl - INFO - Epoch [2][2100/5537]	lr: 2.454e-02, eta: 2 days, 9:39:04, time: 2.572, data_time: 0.000, memory: 5243, top1_acc: 0.8034, top5_acc: 0.9741, loss_cls: 0.6109, loss: 0.6109
2026-08-21 21:56:01,703 - pyskl - INFO - Epoch [2][2200/5537]	lr: 2.453e-02, eta: 2 days, 9:34:38, time: 2.554, data_time: 0.000, memory: 5243, top1_acc: 0.8187, top5_acc: 0.9712, loss_cls: 0.5945, loss: 0.5945
2026-08-21 22:00:16,783 - pyskl - INFO - Epoch [2][2300/5537]	lr: 2.452e-02, eta: 2 days, 9:30:08, time: 2.551, data_time: 0.000, memory: 5243, top1_acc: 0.8159, top5_acc: 0.9744, loss_cls: 0.5754, loss: 0.5754
2026-08-21 22:04:33,340 - pyskl - INFO - Epoch [2][2400/5537]	lr: 2.451e-02, eta: 2 days, 9:25:54, time: 2.566, data_time: 0.000, memory: 5243, top1_acc: 0.8175, top5_acc: 0.9744, loss_cls: 0.5789, loss: 0.5789
2026-08-21 22:08:48,748 - pyskl - INFO - Epoch [2][2500/5537]	lr: 2.450e-02, eta: 2 days, 9:21:28, time: 2.554, data_time: 0.000, memory: 5243, top1_acc: 0.8184, top5_acc: 0.9700, loss_cls: 0.5899, loss: 0.5899
2026-08-21 22:13:04,387 - pyskl - INFO - Epoch [2][2600/5537]	lr: 2.448e-02, eta: 2 days, 9:17:05, time: 2.556, data_time: 0.000, memory: 5243, top1_acc: 0.8219, top5_acc: 0.9709, loss_cls: 0.5825, loss: 0.5825
2026-08-21 22:17:20,267 - pyskl - INFO - Epoch [2][2700/5537]	lr: 2.447e-02, eta: 2 days, 9:12:45, time: 2.559, data_time: 0.000, memory: 5243, top1_acc: 0.8216, top5_acc: 0.9703, loss_cls: 0.5884, loss: 0.5884
2026-08-21 22:21:36,882 - pyskl - INFO - Epoch [2][2800/5537]	lr: 2.446e-02, eta: 2 days, 9:08:31, time: 2.566, data_time: 0.000, memory: 5243, top1_acc: 0.8119, top5_acc: 0.9709, loss_cls: 0.5935, loss: 0.5935
2026-08-21 22:25:52,309 - pyskl - INFO - Epoch [2][2900/5537]	lr: 2.444e-02, eta: 2 days, 9:04:06, time: 2.554, data_time: 0.000, memory: 5243, top1_acc: 0.8191, top5_acc: 0.9712, loss_cls: 0.5995, loss: 0.5995
2026-08-21 22:30:07,871 - pyskl - INFO - Epoch [2][3000/5537]	lr: 2.443e-02, eta: 2 days, 8:59:43, time: 2.556, data_time: 0.000, memory: 5243, top1_acc: 0.8206, top5_acc: 0.9716, loss_cls: 0.5818, loss: 0.5818
2026-08-21 22:34:24,654 - pyskl - INFO - Epoch [2][3100/5537]	lr: 2.442e-02, eta: 2 days, 8:55:31, time: 2.568, data_time: 0.000, memory: 5243, top1_acc: 0.8128, top5_acc: 0.9712, loss_cls: 0.5920, loss: 0.5920
2026-08-21 22:38:39,683 - pyskl - INFO - Epoch [2][3200/5537]	lr: 2.440e-02, eta: 2 days, 8:51:03, time: 2.550, data_time: 0.000, memory: 5243, top1_acc: 0.8091, top5_acc: 0.9738, loss_cls: 0.6008, loss: 0.6008
2026-08-21 22:42:55,670 - pyskl - INFO - Epoch [2][3300/5537]	lr: 2.439e-02, eta: 2 days, 8:46:44, time: 2.560, data_time: 0.000, memory: 5243, top1_acc: 0.8156, top5_acc: 0.9728, loss_cls: 0.5743, loss: 0.5743
2026-08-21 22:47:11,951 - pyskl - INFO - Epoch [2][3400/5537]	lr: 2.438e-02, eta: 2 days, 8:42:28, time: 2.563, data_time: 0.000, memory: 5243, top1_acc: 0.8241, top5_acc: 0.9709, loss_cls: 0.5672, loss: 0.5672
2026-08-21 22:51:28,709 - pyskl - INFO - Epoch [2][3500/5537]	lr: 2.436e-02, eta: 2 days, 8:38:15, time: 2.568, data_time: 0.000, memory: 5243, top1_acc: 0.8150, top5_acc: 0.9725, loss_cls: 0.5905, loss: 0.5905
2026-08-21 22:55:44,067 - pyskl - INFO - Epoch [2][3600/5537]	lr: 2.435e-02, eta: 2 days, 8:33:51, time: 2.554, data_time: 0.000, memory: 5243, top1_acc: 0.8225, top5_acc: 0.9762, loss_cls: 0.5609, loss: 0.5609
2026-08-21 22:59:59,601 - pyskl - INFO - Epoch [2][3700/5537]	lr: 2.434e-02, eta: 2 days, 8:29:28, time: 2.555, data_time: 0.000, memory: 5243, top1_acc: 0.8259, top5_acc: 0.9738, loss_cls: 0.5619, loss: 0.5619
2026-08-21 23:04:16,028 - pyskl - INFO - Epoch [2][3800/5537]	lr: 2.432e-02, eta: 2 days, 8:25:13, time: 2.564, data_time: 0.000, memory: 5243, top1_acc: 0.8322, top5_acc: 0.9775, loss_cls: 0.5448, loss: 0.5448
2026-08-21 23:08:31,104 - pyskl - INFO - Epoch [2][3900/5537]	lr: 2.431e-02, eta: 2 days, 8:20:47, time: 2.551, data_time: 0.000, memory: 5243, top1_acc: 0.8234, top5_acc: 0.9744, loss_cls: 0.5614, loss: 0.5614
2026-08-21 23:12:45,955 - pyskl - INFO - Epoch [2][4000/5537]	lr: 2.429e-02, eta: 2 days, 8:16:19, time: 2.548, data_time: 0.000, memory: 5243, top1_acc: 0.8259, top5_acc: 0.9694, loss_cls: 0.5670, loss: 0.5670
2026-08-21 23:17:02,357 - pyskl - INFO - Epoch [2][4100/5537]	lr: 2.428e-02, eta: 2 days, 8:12:04, time: 2.564, data_time: 0.000, memory: 5243, top1_acc: 0.8316, top5_acc: 0.9753, loss_cls: 0.5380, loss: 0.5380
2026-08-21 23:21:18,292 - pyskl - INFO - Epoch [2][4200/5537]	lr: 2.426e-02, eta: 2 days, 8:07:45, time: 2.559, data_time: 0.000, memory: 5243, top1_acc: 0.8244, top5_acc: 0.9738, loss_cls: 0.5572, loss: 0.5572
2026-08-21 23:25:33,614 - pyskl - INFO - Epoch [2][4300/5537]	lr: 2.425e-02, eta: 2 days, 8:03:21, time: 2.553, data_time: 0.000, memory: 5243, top1_acc: 0.8325, top5_acc: 0.9688, loss_cls: 0.5600, loss: 0.5600
2026-08-21 23:29:49,044 - pyskl - INFO - Epoch [2][4400/5537]	lr: 2.423e-02, eta: 2 days, 7:58:59, time: 2.554, data_time: 0.000, memory: 5243, top1_acc: 0.8287, top5_acc: 0.9728, loss_cls: 0.5433, loss: 0.5433
2026-08-21 23:34:05,584 - pyskl - INFO - Epoch [2][4500/5537]	lr: 2.422e-02, eta: 2 days, 7:54:45, time: 2.565, data_time: 0.000, memory: 5243, top1_acc: 0.8269, top5_acc: 0.9719, loss_cls: 0.5465, loss: 0.5465
2026-08-21 23:38:20,757 - pyskl - INFO - Epoch [2][4600/5537]	lr: 2.420e-02, eta: 2 days, 7:50:20, time: 2.552, data_time: 0.000, memory: 5243, top1_acc: 0.8284, top5_acc: 0.9778, loss_cls: 0.5354, loss: 0.5354
2026-08-21 23:42:36,153 - pyskl - INFO - Epoch [2][4700/5537]	lr: 2.419e-02, eta: 2 days, 7:45:58, time: 2.554, data_time: 0.000, memory: 5243, top1_acc: 0.8359, top5_acc: 0.9772, loss_cls: 0.5242, loss: 0.5242
2026-08-21 23:46:52,146 - pyskl - INFO - Epoch [2][4800/5537]	lr: 2.417e-02, eta: 2 days, 7:41:40, time: 2.560, data_time: 0.000, memory: 5243, top1_acc: 0.8316, top5_acc: 0.9672, loss_cls: 0.5677, loss: 0.5677
2026-08-21 23:51:08,125 - pyskl - INFO - Epoch [2][4900/5537]	lr: 2.415e-02, eta: 2 days, 7:37:22, time: 2.560, data_time: 0.000, memory: 5243, top1_acc: 0.8322, top5_acc: 0.9722, loss_cls: 0.5412, loss: 0.5412
2026-08-21 23:55:24,268 - pyskl - INFO - Epoch [2][5000/5537]	lr: 2.414e-02, eta: 2 days, 7:33:05, time: 2.561, data_time: 0.000, memory: 5243, top1_acc: 0.8325, top5_acc: 0.9734, loss_cls: 0.5504, loss: 0.5504
2026-08-21 23:59:40,200 - pyskl - INFO - Epoch [2][5100/5537]	lr: 2.412e-02, eta: 2 days, 7:28:47, time: 2.559, data_time: 0.000, memory: 5243, top1_acc: 0.8256, top5_acc: 0.9725, loss_cls: 0.5642, loss: 0.5642
2026-08-22 00:03:56,918 - pyskl - INFO - Epoch [2][5200/5537]	lr: 2.410e-02, eta: 2 days, 7:24:34, time: 2.567, data_time: 0.000, memory: 5243, top1_acc: 0.8500, top5_acc: 0.9800, loss_cls: 0.4939, loss: 0.4939
2026-08-22 00:08:11,419 - pyskl - INFO - Epoch [2][5300/5537]	lr: 2.409e-02, eta: 2 days, 7:20:06, time: 2.545, data_time: 0.000, memory: 5243, top1_acc: 0.8353, top5_acc: 0.9716, loss_cls: 0.5356, loss: 0.5356
2026-08-22 00:12:26,352 - pyskl - INFO - Epoch [2][5400/5537]	lr: 2.407e-02, eta: 2 days, 7:15:41, time: 2.549, data_time: 0.000, memory: 5243, top1_acc: 0.8281, top5_acc: 0.9747, loss_cls: 0.5609, loss: 0.5609
2026-08-22 00:16:42,464 - pyskl - INFO - Epoch [2][5500/5537]	lr: 2.405e-02, eta: 2 days, 7:11:24, time: 2.561, data_time: 0.000, memory: 5243, top1_acc: 0.8287, top5_acc: 0.9788, loss_cls: 0.5461, loss: 0.5461
2026-08-22 00:18:16,431 - pyskl - INFO - Saving checkpoint at 2 epochs
2026-08-22 00:24:27,481 - pyskl - INFO - Evaluating top_k_accuracy ...
2026-08-22 00:24:27,492 - pyskl - INFO - 
top1_acc	0.8067
top5_acc	0.9639
2026-08-22 00:24:27,493 - pyskl - INFO - The previous best checkpoint D:\YxjProject\pythonProject\pyskl\work_dirs\aug_baseline\stgcnpp_j\train\A0_clean\best_top1_acc_epoch_1.pth was removed
2026-08-22 00:24:27,563 - pyskl - INFO - Now best checkpoint is saved as best_top1_acc_epoch_2.pth.
2026-08-22 00:24:27,563 - pyskl - INFO - Best top1_acc is 0.8067 at 2 epoch.
2026-08-22 00:24:27,564 - pyskl - INFO - Epoch(val) [2][146]	top1_acc: 0.8067, top5_acc: 0.9639
2026-08-22 00:28:50,722 - pyskl - INFO - Epoch [3][100/5537]	lr: 2.403e-02, eta: 2 days, 6:55:25, time: 2.632, data_time: 0.067, memory: 5243, top1_acc: 0.8384, top5_acc: 0.9741, loss_cls: 0.5450, loss: 0.5450
2026-08-22 00:33:06,365 - pyskl - INFO - Epoch [3][200/5537]	lr: 2.401e-02, eta: 2 days, 6:51:11, time: 2.556, data_time: 0.000, memory: 5243, top1_acc: 0.8444, top5_acc: 0.9775, loss_cls: 0.4946, loss: 0.4946
2026-08-22 00:37:22,072 - pyskl - INFO - Epoch [3][300/5537]	lr: 2.400e-02, eta: 2 days, 6:46:58, time: 2.557, data_time: 0.000, memory: 5243, top1_acc: 0.8450, top5_acc: 0.9812, loss_cls: 0.4974, loss: 0.4974
2026-08-22 00:41:37,708 - pyskl - INFO - Epoch [3][400/5537]	lr: 2.398e-02, eta: 2 days, 6:42:44, time: 2.556, data_time: 0.000, memory: 5243, top1_acc: 0.8575, top5_acc: 0.9769, loss_cls: 0.4866, loss: 0.4866
2026-08-22 00:45:54,514 - pyskl - INFO - Epoch [3][500/5537]	lr: 2.396e-02, eta: 2 days, 6:38:38, time: 2.568, data_time: 0.000, memory: 5243, top1_acc: 0.8456, top5_acc: 0.9756, loss_cls: 0.4885, loss: 0.4885
2026-08-22 00:50:09,362 - pyskl - INFO - Epoch [3][600/5537]	lr: 2.394e-02, eta: 2 days, 6:34:18, time: 2.548, data_time: 0.000, memory: 5243, top1_acc: 0.8413, top5_acc: 0.9762, loss_cls: 0.5107, loss: 0.5107
2026-08-22 00:54:24,857 - pyskl - INFO - Epoch [3][700/5537]	lr: 2.393e-02, eta: 2 days, 6:30:03, time: 2.555, data_time: 0.000, memory: 5243, top1_acc: 0.8506, top5_acc: 0.9772, loss_cls: 0.4817, loss: 0.4817
2026-08-22 00:58:40,923 - pyskl - INFO - Epoch [3][800/5537]	lr: 2.391e-02, eta: 2 days, 6:25:52, time: 2.561, data_time: 0.000, memory: 5243, top1_acc: 0.8297, top5_acc: 0.9738, loss_cls: 0.5459, loss: 0.5459
2026-08-22 01:02:56,921 - pyskl - INFO - Epoch [3][900/5537]	lr: 2.389e-02, eta: 2 days, 6:21:41, time: 2.560, data_time: 0.000, memory: 5243, top1_acc: 0.8472, top5_acc: 0.9762, loss_cls: 0.5065, loss: 0.5065
2026-08-22 01:07:12,946 - pyskl - INFO - Epoch [3][1000/5537]	lr: 2.387e-02, eta: 2 days, 6:17:29, time: 2.560, data_time: 0.000, memory: 5243, top1_acc: 0.8431, top5_acc: 0.9794, loss_cls: 0.4994, loss: 0.4994
2026-08-22 01:11:29,012 - pyskl - INFO - Epoch [3][1100/5537]	lr: 2.385e-02, eta: 2 days, 6:13:18, time: 2.561, data_time: 0.000, memory: 5243, top1_acc: 0.8356, top5_acc: 0.9772, loss_cls: 0.5189, loss: 0.5189
2026-08-22 01:15:45,682 - pyskl - INFO - Epoch [3][1200/5537]	lr: 2.383e-02, eta: 2 days, 6:09:10, time: 2.567, data_time: 0.000, memory: 5243, top1_acc: 0.8534, top5_acc: 0.9728, loss_cls: 0.4802, loss: 0.4802
2026-08-22 01:20:00,714 - pyskl - INFO - Epoch [3][1300/5537]	lr: 2.382e-02, eta: 2 days, 6:04:52, time: 2.550, data_time: 0.000, memory: 5243, top1_acc: 0.8359, top5_acc: 0.9759, loss_cls: 0.5205, loss: 0.5205
2026-08-22 01:24:16,115 - pyskl - INFO - Epoch [3][1400/5537]	lr: 2.380e-02, eta: 2 days, 6:00:36, time: 2.554, data_time: 0.000, memory: 5243, top1_acc: 0.8416, top5_acc: 0.9747, loss_cls: 0.5056, loss: 0.5056
2026-08-22 01:28:32,680 - pyskl - INFO - Epoch [3][1500/5537]	lr: 2.378e-02, eta: 2 days, 5:56:27, time: 2.566, data_time: 0.000, memory: 5243, top1_acc: 0.8375, top5_acc: 0.9731, loss_cls: 0.5149, loss: 0.5149
2026-08-22 01:32:48,156 - pyskl - INFO - Epoch [3][1600/5537]	lr: 2.376e-02, eta: 2 days, 5:52:12, time: 2.555, data_time: 0.000, memory: 5243, top1_acc: 0.8425, top5_acc: 0.9753, loss_cls: 0.5223, loss: 0.5223
2026-08-22 01:37:03,614 - pyskl - INFO - Epoch [3][1700/5537]	lr: 2.374e-02, eta: 2 days, 5:47:57, time: 2.555, data_time: 0.000, memory: 5243, top1_acc: 0.8291, top5_acc: 0.9759, loss_cls: 0.5424, loss: 0.5424
2026-08-22 01:41:18,876 - pyskl - INFO - Epoch [3][1800/5537]	lr: 2.372e-02, eta: 2 days, 5:43:40, time: 2.553, data_time: 0.000, memory: 5243, top1_acc: 0.8594, top5_acc: 0.9775, loss_cls: 0.4806, loss: 0.4806
2026-08-22 01:45:35,400 - pyskl - INFO - Epoch [3][1900/5537]	lr: 2.370e-02, eta: 2 days, 5:39:31, time: 2.565, data_time: 0.000, memory: 5243, top1_acc: 0.8366, top5_acc: 0.9741, loss_cls: 0.5111, loss: 0.5111
2026-08-22 01:49:50,572 - pyskl - INFO - Epoch [3][2000/5537]	lr: 2.368e-02, eta: 2 days, 5:35:14, time: 2.552, data_time: 0.000, memory: 5243, top1_acc: 0.8337, top5_acc: 0.9762, loss_cls: 0.5176, loss: 0.5176
2026-08-22 01:54:05,983 - pyskl - INFO - Epoch [3][2100/5537]	lr: 2.366e-02, eta: 2 days, 5:30:58, time: 2.554, data_time: 0.000, memory: 5243, top1_acc: 0.8525, top5_acc: 0.9794, loss_cls: 0.4979, loss: 0.4979
2026-08-22 01:58:22,689 - pyskl - INFO - Epoch [3][2200/5537]	lr: 2.364e-02, eta: 2 days, 5:26:50, time: 2.567, data_time: 0.000, memory: 5243, top1_acc: 0.8419, top5_acc: 0.9775, loss_cls: 0.5015, loss: 0.5015
2026-08-22 02:02:38,583 - pyskl - INFO - Epoch [3][2300/5537]	lr: 2.362e-02, eta: 2 days, 5:22:37, time: 2.559, data_time: 0.000, memory: 5243, top1_acc: 0.8488, top5_acc: 0.9800, loss_cls: 0.4747, loss: 0.4747
2026-08-22 02:06:54,392 - pyskl - INFO - Epoch [3][2400/5537]	lr: 2.360e-02, eta: 2 days, 5:18:23, time: 2.558, data_time: 0.000, memory: 5243, top1_acc: 0.8375, top5_acc: 0.9766, loss_cls: 0.5146, loss: 0.5146
2026-08-22 02:11:10,340 - pyskl - INFO - Epoch [3][2500/5537]	lr: 2.358e-02, eta: 2 days, 5:14:10, time: 2.559, data_time: 0.000, memory: 5243, top1_acc: 0.8297, top5_acc: 0.9738, loss_cls: 0.5291, loss: 0.5291
2026-08-22 02:15:26,906 - pyskl - INFO - Epoch [3][2600/5537]	lr: 2.356e-02, eta: 2 days, 5:10:01, time: 2.566, data_time: 0.000, memory: 5243, top1_acc: 0.8472, top5_acc: 0.9750, loss_cls: 0.4991, loss: 0.4991
2026-08-22 02:19:42,574 - pyskl - INFO - Epoch [3][2700/5537]	lr: 2.354e-02, eta: 2 days, 5:05:46, time: 2.557, data_time: 0.000, memory: 5243, top1_acc: 0.8419, top5_acc: 0.9756, loss_cls: 0.4982, loss: 0.4982
2026-08-22 02:23:57,511 - pyskl - INFO - Epoch [3][2800/5537]	lr: 2.352e-02, eta: 2 days, 5:01:28, time: 2.549, data_time: 0.000, memory: 5243, top1_acc: 0.8588, top5_acc: 0.9838, loss_cls: 0.4379, loss: 0.4379
2026-08-22 02:28:14,064 - pyskl - INFO - Epoch [3][2900/5537]	lr: 2.350e-02, eta: 2 days, 4:57:18, time: 2.566, data_time: 0.000, memory: 5243, top1_acc: 0.8528, top5_acc: 0.9819, loss_cls: 0.4535, loss: 0.4535
2026-08-22 02:32:28,460 - pyskl - INFO - Epoch [3][3000/5537]	lr: 2.348e-02, eta: 2 days, 4:52:57, time: 2.544, data_time: 0.000, memory: 5243, top1_acc: 0.8406, top5_acc: 0.9756, loss_cls: 0.5100, loss: 0.5100
2026-08-22 02:36:43,721 - pyskl - INFO - Epoch [3][3100/5537]	lr: 2.345e-02, eta: 2 days, 4:48:40, time: 2.553, data_time: 0.000, memory: 5243, top1_acc: 0.8472, top5_acc: 0.9769, loss_cls: 0.4892, loss: 0.4892
2026-08-22 02:41:00,059 - pyskl - INFO - Epoch [3][3200/5537]	lr: 2.343e-02, eta: 2 days, 4:44:29, time: 2.563, data_time: 0.000, memory: 5243, top1_acc: 0.8484, top5_acc: 0.9788, loss_cls: 0.4989, loss: 0.4989
2026-08-22 02:45:16,293 - pyskl - INFO - Epoch [3][3300/5537]	lr: 2.341e-02, eta: 2 days, 4:40:18, time: 2.562, data_time: 0.000, memory: 5243, top1_acc: 0.8466, top5_acc: 0.9784, loss_cls: 0.4861, loss: 0.4861
2026-08-22 02:49:32,478 - pyskl - INFO - Epoch [3][3400/5537]	lr: 2.339e-02, eta: 2 days, 4:36:06, time: 2.562, data_time: 0.000, memory: 5243, top1_acc: 0.8544, top5_acc: 0.9775, loss_cls: 0.4773, loss: 0.4773
2026-08-22 02:53:49,023 - pyskl - INFO - Epoch [3][3500/5537]	lr: 2.337e-02, eta: 2 days, 4:31:56, time: 2.565, data_time: 0.000, memory: 5243, top1_acc: 0.8484, top5_acc: 0.9784, loss_cls: 0.4871, loss: 0.4871
2026-08-22 02:58:05,778 - pyskl - INFO - Epoch [3][3600/5537]	lr: 2.335e-02, eta: 2 days, 4:27:47, time: 2.568, data_time: 0.000, memory: 5243, top1_acc: 0.8419, top5_acc: 0.9781, loss_cls: 0.4965, loss: 0.4965
2026-08-22 03:02:21,377 - pyskl - INFO - Epoch [3][3700/5537]	lr: 2.332e-02, eta: 2 days, 4:23:31, time: 2.556, data_time: 0.000, memory: 5243, top1_acc: 0.8534, top5_acc: 0.9772, loss_cls: 0.4799, loss: 0.4799
2026-08-22 03:06:37,092 - pyskl - INFO - Epoch [3][3800/5537]	lr: 2.330e-02, eta: 2 days, 4:19:17, time: 2.557, data_time: 0.000, memory: 5243, top1_acc: 0.8588, top5_acc: 0.9803, loss_cls: 0.4665, loss: 0.4665
2026-08-22 03:10:52,840 - pyskl - INFO - Epoch [3][3900/5537]	lr: 2.328e-02, eta: 2 days, 4:15:03, time: 2.557, data_time: 0.000, memory: 5243, top1_acc: 0.8534, top5_acc: 0.9766, loss_cls: 0.4800, loss: 0.4800
2026-08-22 03:15:08,632 - pyskl - INFO - Epoch [3][4000/5537]	lr: 2.326e-02, eta: 2 days, 4:10:48, time: 2.558, data_time: 0.000, memory: 5243, top1_acc: 0.8519, top5_acc: 0.9775, loss_cls: 0.4762, loss: 0.4762
2026-08-22 03:19:24,833 - pyskl - INFO - Epoch [3][4100/5537]	lr: 2.323e-02, eta: 2 days, 4:06:36, time: 2.562, data_time: 0.000, memory: 5243, top1_acc: 0.8359, top5_acc: 0.9812, loss_cls: 0.5198, loss: 0.5198
2026-08-22 03:23:40,671 - pyskl - INFO - Epoch [3][4200/5537]	lr: 2.321e-02, eta: 2 days, 4:02:22, time: 2.558, data_time: 0.000, memory: 5243, top1_acc: 0.8478, top5_acc: 0.9794, loss_cls: 0.4919, loss: 0.4919
2026-08-22 03:27:57,522 - pyskl - INFO - Epoch [3][4300/5537]	lr: 2.319e-02, eta: 2 days, 3:58:13, time: 2.569, data_time: 0.000, memory: 5243, top1_acc: 0.8628, top5_acc: 0.9841, loss_cls: 0.4326, loss: 0.4326
2026-08-22 03:32:12,850 - pyskl - INFO - Epoch [3][4400/5537]	lr: 2.317e-02, eta: 2 days, 3:53:57, time: 2.553, data_time: 0.000, memory: 5243, top1_acc: 0.8562, top5_acc: 0.9812, loss_cls: 0.4628, loss: 0.4628
2026-08-22 03:36:27,713 - pyskl - INFO - Epoch [3][4500/5537]	lr: 2.314e-02, eta: 2 days, 3:49:38, time: 2.549, data_time: 0.000, memory: 5243, top1_acc: 0.8528, top5_acc: 0.9781, loss_cls: 0.4784, loss: 0.4784
2026-08-22 03:40:43,827 - pyskl - INFO - Epoch [3][4600/5537]	lr: 2.312e-02, eta: 2 days, 3:45:25, time: 2.561, data_time: 0.000, memory: 5243, top1_acc: 0.8375, top5_acc: 0.9753, loss_cls: 0.5125, loss: 0.5125
2026-08-22 03:44:59,488 - pyskl - INFO - Epoch [3][4700/5537]	lr: 2.310e-02, eta: 2 days, 3:41:10, time: 2.557, data_time: 0.000, memory: 5243, top1_acc: 0.8475, top5_acc: 0.9756, loss_cls: 0.4916, loss: 0.4916
2026-08-22 03:49:14,891 - pyskl - INFO - Epoch [3][4800/5537]	lr: 2.307e-02, eta: 2 days, 3:36:54, time: 2.554, data_time: 0.000, memory: 5243, top1_acc: 0.8569, top5_acc: 0.9769, loss_cls: 0.4528, loss: 0.4528
2026-08-22 03:53:30,138 - pyskl - INFO - Epoch [3][4900/5537]	lr: 2.305e-02, eta: 2 days, 3:32:37, time: 2.552, data_time: 0.000, memory: 5243, top1_acc: 0.8488, top5_acc: 0.9762, loss_cls: 0.5107, loss: 0.5107
2026-08-22 03:57:46,831 - pyskl - INFO - Epoch [3][5000/5537]	lr: 2.302e-02, eta: 2 days, 3:28:27, time: 2.567, data_time: 0.000, memory: 5243, top1_acc: 0.8547, top5_acc: 0.9788, loss_cls: 0.4741, loss: 0.4741
2026-08-22 04:02:02,106 - pyskl - INFO - Epoch [3][5100/5537]	lr: 2.300e-02, eta: 2 days, 3:24:10, time: 2.553, data_time: 0.000, memory: 5243, top1_acc: 0.8691, top5_acc: 0.9812, loss_cls: 0.4263, loss: 0.4263
2026-08-22 04:06:17,551 - pyskl - INFO - Epoch [3][5200/5537]	lr: 2.298e-02, eta: 2 days, 3:19:54, time: 2.554, data_time: 0.000, memory: 5243, top1_acc: 0.8562, top5_acc: 0.9806, loss_cls: 0.4595, loss: 0.4595
2026-08-22 04:10:33,685 - pyskl - INFO - Epoch [3][5300/5537]	lr: 2.295e-02, eta: 2 days, 3:15:42, time: 2.561, data_time: 0.000, memory: 5243, top1_acc: 0.8597, top5_acc: 0.9791, loss_cls: 0.4515, loss: 0.4515
2026-08-22 04:14:48,841 - pyskl - INFO - Epoch [3][5400/5537]	lr: 2.293e-02, eta: 2 days, 3:11:24, time: 2.552, data_time: 0.000, memory: 5243, top1_acc: 0.8584, top5_acc: 0.9794, loss_cls: 0.4561, loss: 0.4561
2026-08-22 04:19:04,293 - pyskl - INFO - Epoch [3][5500/5537]	lr: 2.290e-02, eta: 2 days, 3:07:09, time: 2.555, data_time: 0.000, memory: 5243, top1_acc: 0.8509, top5_acc: 0.9781, loss_cls: 0.4753, loss: 0.4753
2026-08-22 04:20:38,881 - pyskl - INFO - Saving checkpoint at 3 epochs
2026-08-22 04:26:35,601 - pyskl - INFO - Evaluating top_k_accuracy ...
2026-08-22 04:26:35,612 - pyskl - INFO - 
top1_acc	0.7673
top5_acc	0.9545
2026-08-22 04:26:35,613 - pyskl - INFO - Epoch(val) [3][146]	top1_acc: 0.7673, top5_acc: 0.9545
2026-08-22 04:30:58,173 - pyskl - INFO - Epoch [4][100/5537]	lr: 2.287e-02, eta: 2 days, 2:55:02, time: 2.625, data_time: 0.067, memory: 5243, top1_acc: 0.8475, top5_acc: 0.9762, loss_cls: 0.4836, loss: 0.4836
2026-08-22 04:35:14,531 - pyskl - INFO - Epoch [4][200/5537]	lr: 2.284e-02, eta: 2 days, 2:50:53, time: 2.564, data_time: 0.000, memory: 5243, top1_acc: 0.8678, top5_acc: 0.9856, loss_cls: 0.4229, loss: 0.4229
2026-08-22 04:39:30,448 - pyskl - INFO - Epoch [4][300/5537]	lr: 2.282e-02, eta: 2 days, 2:46:42, time: 2.559, data_time: 0.000, memory: 5243, top1_acc: 0.8588, top5_acc: 0.9794, loss_cls: 0.4568, loss: 0.4568
2026-08-22 04:43:45,995 - pyskl - INFO - Epoch [4][400/5537]	lr: 2.279e-02, eta: 2 days, 2:42:29, time: 2.555, data_time: 0.000, memory: 5243, top1_acc: 0.8619, top5_acc: 0.9841, loss_cls: 0.4328, loss: 0.4328
2026-08-22 04:48:01,543 - pyskl - INFO - Epoch [4][500/5537]	lr: 2.277e-02, eta: 2 days, 2:38:16, time: 2.555, data_time: 0.000, memory: 5243, top1_acc: 0.8681, top5_acc: 0.9806, loss_cls: 0.4256, loss: 0.4256
2026-08-22 04:52:18,400 - pyskl - INFO - Epoch [4][600/5537]	lr: 2.274e-02, eta: 2 days, 2:34:08, time: 2.569, data_time: 0.000, memory: 5243, top1_acc: 0.8609, top5_acc: 0.9791, loss_cls: 0.4590, loss: 0.4590
2026-08-22 04:56:33,746 - pyskl - INFO - Epoch [4][700/5537]	lr: 2.272e-02, eta: 2 days, 2:29:55, time: 2.553, data_time: 0.000, memory: 5243, top1_acc: 0.8512, top5_acc: 0.9781, loss_cls: 0.4717, loss: 0.4717
2026-08-22 05:00:49,127 - pyskl - INFO - Epoch [4][800/5537]	lr: 2.269e-02, eta: 2 days, 2:25:41, time: 2.554, data_time: 0.000, memory: 5243, top1_acc: 0.8503, top5_acc: 0.9800, loss_cls: 0.4798, loss: 0.4798
2026-08-22 05:05:05,293 - pyskl - INFO - Epoch [4][900/5537]	lr: 2.267e-02, eta: 2 days, 2:21:31, time: 2.562, data_time: 0.000, memory: 5243, top1_acc: 0.8619, top5_acc: 0.9759, loss_cls: 0.4532, loss: 0.4532
2026-08-22 05:09:21,115 - pyskl - INFO - Epoch [4][1000/5537]	lr: 2.264e-02, eta: 2 days, 2:17:19, time: 2.558, data_time: 0.000, memory: 5243, top1_acc: 0.8622, top5_acc: 0.9806, loss_cls: 0.4457, loss: 0.4457
2026-08-22 05:13:36,950 - pyskl - INFO - Epoch [4][1100/5537]	lr: 2.261e-02, eta: 2 days, 2:13:07, time: 2.558, data_time: 0.000, memory: 5243, top1_acc: 0.8597, top5_acc: 0.9791, loss_cls: 0.4497, loss: 0.4497
2026-08-22 05:17:52,285 - pyskl - INFO - Epoch [4][1200/5537]	lr: 2.259e-02, eta: 2 days, 2:08:53, time: 2.553, data_time: 0.000, memory: 5243, top1_acc: 0.8650, top5_acc: 0.9831, loss_cls: 0.4318, loss: 0.4318
2026-08-22 05:22:08,881 - pyskl - INFO - Epoch [4][1300/5537]	lr: 2.256e-02, eta: 2 days, 2:04:44, time: 2.566, data_time: 0.000, memory: 5243, top1_acc: 0.8672, top5_acc: 0.9816, loss_cls: 0.4380, loss: 0.4380
2026-08-22 05:26:23,859 - pyskl - INFO - Epoch [4][1400/5537]	lr: 2.254e-02, eta: 2 days, 2:00:28, time: 2.550, data_time: 0.000, memory: 5243, top1_acc: 0.8756, top5_acc: 0.9819, loss_cls: 0.4197, loss: 0.4197
2026-08-22 05:30:39,494 - pyskl - INFO - Epoch [4][1500/5537]	lr: 2.251e-02, eta: 2 days, 1:56:15, time: 2.556, data_time: 0.000, memory: 5243, top1_acc: 0.8691, top5_acc: 0.9844, loss_cls: 0.4265, loss: 0.4265
2026-08-22 05:34:55,547 - pyskl - INFO - Epoch [4][1600/5537]	lr: 2.248e-02, eta: 2 days, 1:52:04, time: 2.561, data_time: 0.000, memory: 5243, top1_acc: 0.8562, top5_acc: 0.9794, loss_cls: 0.4627, loss: 0.4627
2026-08-22 05:39:11,425 - pyskl - INFO - Epoch [4][1700/5537]	lr: 2.246e-02, eta: 2 days, 1:47:52, time: 2.559, data_time: 0.000, memory: 5243, top1_acc: 0.8609, top5_acc: 0.9850, loss_cls: 0.4253, loss: 0.4253
2026-08-22 05:43:27,123 - pyskl - INFO - Epoch [4][1800/5537]	lr: 2.243e-02, eta: 2 days, 1:43:39, time: 2.557, data_time: 0.000, memory: 5243, top1_acc: 0.8728, top5_acc: 0.9812, loss_cls: 0.4190, loss: 0.4190
2026-08-22 05:47:42,631 - pyskl - INFO - Epoch [4][1900/5537]	lr: 2.240e-02, eta: 2 days, 1:39:26, time: 2.555, data_time: 0.000, memory: 5243, top1_acc: 0.8700, top5_acc: 0.9806, loss_cls: 0.4447, loss: 0.4447
2026-08-22 05:51:59,301 - pyskl - INFO - Epoch [4][2000/5537]	lr: 2.238e-02, eta: 2 days, 1:35:17, time: 2.567, data_time: 0.000, memory: 5243, top1_acc: 0.8638, top5_acc: 0.9781, loss_cls: 0.4434, loss: 0.4434
2026-08-22 05:56:14,103 - pyskl - INFO - Epoch [4][2100/5537]	lr: 2.235e-02, eta: 2 days, 1:31:01, time: 2.548, data_time: 0.000, memory: 5243, top1_acc: 0.8722, top5_acc: 0.9803, loss_cls: 0.4118, loss: 0.4118
2026-08-22 06:00:29,486 - pyskl - INFO - Epoch [4][2200/5537]	lr: 2.232e-02, eta: 2 days, 1:26:47, time: 2.554, data_time: 0.000, memory: 5243, top1_acc: 0.8559, top5_acc: 0.9800, loss_cls: 0.4649, loss: 0.4649
2026-08-22 06:04:45,786 - pyskl - INFO - Epoch [4][2300/5537]	lr: 2.229e-02, eta: 2 days, 1:22:36, time: 2.563, data_time: 0.000, memory: 5243, top1_acc: 0.8712, top5_acc: 0.9816, loss_cls: 0.4306, loss: 0.4306
2026-08-22 06:09:01,388 - pyskl - INFO - Epoch [4][2400/5537]	lr: 2.227e-02, eta: 2 days, 1:18:23, time: 2.556, data_time: 0.000, memory: 5243, top1_acc: 0.8666, top5_acc: 0.9800, loss_cls: 0.4314, loss: 0.4314
2026-08-22 06:13:16,538 - pyskl - INFO - Epoch [4][2500/5537]	lr: 2.224e-02, eta: 2 days, 1:14:08, time: 2.552, data_time: 0.000, memory: 5243, top1_acc: 0.8728, top5_acc: 0.9853, loss_cls: 0.4138, loss: 0.4138
2026-08-22 06:17:32,004 - pyskl - INFO - Epoch [4][2600/5537]	lr: 2.221e-02, eta: 2 days, 1:09:54, time: 2.555, data_time: 0.000, memory: 5243, top1_acc: 0.8616, top5_acc: 0.9809, loss_cls: 0.4518, loss: 0.4518
2026-08-22 06:21:48,312 - pyskl - INFO - Epoch [4][2700/5537]	lr: 2.218e-02, eta: 2 days, 1:05:43, time: 2.563, data_time: 0.000, memory: 5243, top1_acc: 0.8597, top5_acc: 0.9791, loss_cls: 0.4672, loss: 0.4672
2026-08-22 06:26:03,105 - pyskl - INFO - Epoch [4][2800/5537]	lr: 2.215e-02, eta: 2 days, 1:01:27, time: 2.548, data_time: 0.000, memory: 5243, top1_acc: 0.8788, top5_acc: 0.9844, loss_cls: 0.4066, loss: 0.4066
2026-08-22 06:30:18,339 - pyskl - INFO - Epoch [4][2900/5537]	lr: 2.213e-02, eta: 2 days, 0:57:12, time: 2.552, data_time: 0.000, memory: 5243, top1_acc: 0.8694, top5_acc: 0.9831, loss_cls: 0.4291, loss: 0.4291
2026-08-22 06:34:34,463 - pyskl - INFO - Epoch [4][3000/5537]	lr: 2.210e-02, eta: 2 days, 0:53:01, time: 2.561, data_time: 0.000, memory: 5243, top1_acc: 0.8681, top5_acc: 0.9841, loss_cls: 0.4067, loss: 0.4067
2026-08-22 06:38:49,785 - pyskl - INFO - Epoch [4][3100/5537]	lr: 2.207e-02, eta: 2 days, 0:48:46, time: 2.553, data_time: 0.000, memory: 5243, top1_acc: 0.8672, top5_acc: 0.9756, loss_cls: 0.4381, loss: 0.4381
2026-08-22 06:43:05,535 - pyskl - INFO - Epoch [4][3200/5537]	lr: 2.204e-02, eta: 2 days, 0:44:33, time: 2.558, data_time: 0.000, memory: 5243, top1_acc: 0.8756, top5_acc: 0.9888, loss_cls: 0.3874, loss: 0.3874
2026-08-22 06:47:21,165 - pyskl - INFO - Epoch [4][3300/5537]	lr: 2.201e-02, eta: 2 days, 0:40:20, time: 2.556, data_time: 0.000, memory: 5243, top1_acc: 0.8747, top5_acc: 0.9856, loss_cls: 0.4130, loss: 0.4130
2026-08-22 06:51:37,375 - pyskl - INFO - Epoch [4][3400/5537]	lr: 2.198e-02, eta: 2 days, 0:36:09, time: 2.562, data_time: 0.000, memory: 5243, top1_acc: 0.8616, top5_acc: 0.9834, loss_cls: 0.4459, loss: 0.4459
2026-08-22 06:55:52,040 - pyskl - INFO - Epoch [4][3500/5537]	lr: 2.195e-02, eta: 2 days, 0:31:52, time: 2.547, data_time: 0.000, memory: 5243, top1_acc: 0.8691, top5_acc: 0.9806, loss_cls: 0.4268, loss: 0.4268
2026-08-22 07:00:06,625 - pyskl - INFO - Epoch [4][3600/5537]	lr: 2.192e-02, eta: 2 days, 0:27:35, time: 2.546, data_time: 0.000, memory: 5243, top1_acc: 0.8566, top5_acc: 0.9825, loss_cls: 0.4534, loss: 0.4534
2026-08-22 07:04:23,334 - pyskl - INFO - Epoch [4][3700/5537]	lr: 2.190e-02, eta: 2 days, 0:23:25, time: 2.567, data_time: 0.000, memory: 5243, top1_acc: 0.8678, top5_acc: 0.9834, loss_cls: 0.4227, loss: 0.4227
2026-08-22 07:08:38,737 - pyskl - INFO - Epoch [4][3800/5537]	lr: 2.187e-02, eta: 2 days, 0:19:11, time: 2.554, data_time: 0.000, memory: 5243, top1_acc: 0.8669, top5_acc: 0.9841, loss_cls: 0.4182, loss: 0.4182
2026-08-22 07:12:54,279 - pyskl - INFO - Epoch [4][3900/5537]	lr: 2.184e-02, eta: 2 days, 0:14:57, time: 2.555, data_time: 0.000, memory: 5243, top1_acc: 0.8600, top5_acc: 0.9766, loss_cls: 0.4583, loss: 0.4583
2026-08-22 07:17:10,057 - pyskl - INFO - Epoch [4][4000/5537]	lr: 2.181e-02, eta: 2 days, 0:10:44, time: 2.558, data_time: 0.000, memory: 5243, top1_acc: 0.8672, top5_acc: 0.9850, loss_cls: 0.4333, loss: 0.4333
2026-08-22 07:21:26,199 - pyskl - INFO - Epoch [4][4100/5537]	lr: 2.178e-02, eta: 2 days, 0:06:32, time: 2.561, data_time: 0.000, memory: 5243, top1_acc: 0.8691, top5_acc: 0.9856, loss_cls: 0.4140, loss: 0.4140
2026-08-22 07:25:42,376 - pyskl - INFO - Epoch [4][4200/5537]	lr: 2.175e-02, eta: 2 days, 0:02:21, time: 2.562, data_time: 0.000, memory: 5243, top1_acc: 0.8822, top5_acc: 0.9838, loss_cls: 0.3932, loss: 0.3932
2026-08-22 07:29:57,399 - pyskl - INFO - Epoch [4][4300/5537]	lr: 2.172e-02, eta: 1 day, 23:58:05, time: 2.550, data_time: 0.000, memory: 5243, top1_acc: 0.8600, top5_acc: 0.9791, loss_cls: 0.4526, loss: 0.4526
2026-08-22 07:34:14,053 - pyskl - INFO - Epoch [4][4400/5537]	lr: 2.169e-02, eta: 1 day, 23:53:55, time: 2.567, data_time: 0.000, memory: 5243, top1_acc: 0.8703, top5_acc: 0.9809, loss_cls: 0.4179, loss: 0.4179
2026-08-22 07:38:29,148 - pyskl - INFO - Epoch [4][4500/5537]	lr: 2.166e-02, eta: 1 day, 23:49:39, time: 2.551, data_time: 0.000, memory: 5243, top1_acc: 0.8694, top5_acc: 0.9816, loss_cls: 0.4252, loss: 0.4252
2026-08-22 07:42:44,712 - pyskl - INFO - Epoch [4][4600/5537]	lr: 2.163e-02, eta: 1 day, 23:45:26, time: 2.556, data_time: 0.000, memory: 5243, top1_acc: 0.8638, top5_acc: 0.9853, loss_cls: 0.4123, loss: 0.4123
2026-08-22 07:47:00,963 - pyskl - INFO - Epoch [4][4700/5537]	lr: 2.160e-02, eta: 1 day, 23:41:14, time: 2.563, data_time: 0.000, memory: 5243, top1_acc: 0.8697, top5_acc: 0.9850, loss_cls: 0.4296, loss: 0.4296
2026-08-22 07:51:16,561 - pyskl - INFO - Epoch [4][4800/5537]	lr: 2.157e-02, eta: 1 day, 23:37:00, time: 2.556, data_time: 0.000, memory: 5243, top1_acc: 0.8709, top5_acc: 0.9822, loss_cls: 0.4060, loss: 0.4060
2026-08-22 07:55:32,148 - pyskl - INFO - Epoch [4][4900/5537]	lr: 2.154e-02, eta: 1 day, 23:32:46, time: 2.556, data_time: 0.000, memory: 5243, top1_acc: 0.8747, top5_acc: 0.9816, loss_cls: 0.4075, loss: 0.4075
2026-08-22 07:59:46,993 - pyskl - INFO - Epoch [4][5000/5537]	lr: 2.151e-02, eta: 1 day, 23:28:30, time: 2.548, data_time: 0.000, memory: 5243, top1_acc: 0.8644, top5_acc: 0.9806, loss_cls: 0.4285, loss: 0.4285
2026-08-22 08:04:03,636 - pyskl - INFO - Epoch [4][5100/5537]	lr: 2.148e-02, eta: 1 day, 23:24:19, time: 2.566, data_time: 0.000, memory: 5243, top1_acc: 0.8784, top5_acc: 0.9847, loss_cls: 0.3892, loss: 0.3892
2026-08-22 08:08:18,781 - pyskl - INFO - Epoch [4][5200/5537]	lr: 2.144e-02, eta: 1 day, 23:20:04, time: 2.551, data_time: 0.000, memory: 5243, top1_acc: 0.8591, top5_acc: 0.9797, loss_cls: 0.4464, loss: 0.4464
2026-08-22 08:12:33,816 - pyskl - INFO - Epoch [4][5300/5537]	lr: 2.141e-02, eta: 1 day, 23:15:49, time: 2.550, data_time: 0.000, memory: 5243, top1_acc: 0.8697, top5_acc: 0.9822, loss_cls: 0.4160, loss: 0.4160
2026-08-22 08:16:49,926 - pyskl - INFO - Epoch [4][5400/5537]	lr: 2.138e-02, eta: 1 day, 23:11:36, time: 2.561, data_time: 0.000, memory: 5243, top1_acc: 0.8744, top5_acc: 0.9822, loss_cls: 0.4029, loss: 0.4029
2026-08-22 08:21:05,596 - pyskl - INFO - Epoch [4][5500/5537]	lr: 2.135e-02, eta: 1 day, 23:07:23, time: 2.557, data_time: 0.000, memory: 5243, top1_acc: 0.8866, top5_acc: 0.9888, loss_cls: 0.3612, loss: 0.3612
2026-08-22 08:22:40,026 - pyskl - INFO - Saving checkpoint at 4 epochs
2026-08-22 08:28:49,494 - pyskl - INFO - Evaluating top_k_accuracy ...
2026-08-22 08:28:49,506 - pyskl - INFO - 
top1_acc	0.8258
top5_acc	0.9757
2026-08-22 08:28:49,507 - pyskl - INFO - The previous best checkpoint D:\YxjProject\pythonProject\pyskl\work_dirs\aug_baseline\stgcnpp_j\train\A0_clean\best_top1_acc_epoch_2.pth was removed
2026-08-22 08:28:49,575 - pyskl - INFO - Now best checkpoint is saved as best_top1_acc_epoch_4.pth.
2026-08-22 08:28:49,575 - pyskl - INFO - Best top1_acc is 0.8258 at 4 epoch.
2026-08-22 08:28:49,576 - pyskl - INFO - Epoch(val) [4][146]	top1_acc: 0.8258, top5_acc: 0.9757
2026-08-22 08:33:11,677 - pyskl - INFO - Epoch [5][100/5537]	lr: 2.131e-02, eta: 1 day, 22:57:12, time: 2.621, data_time: 0.067, memory: 5243, top1_acc: 0.8712, top5_acc: 0.9831, loss_cls: 0.4231, loss: 0.4231
2026-08-22 08:37:27,079 - pyskl - INFO - Epoch [5][200/5537]	lr: 2.128e-02, eta: 1 day, 22:52:59, time: 2.554, data_time: 0.000, memory: 5243, top1_acc: 0.8841, top5_acc: 0.9831, loss_cls: 0.3964, loss: 0.3964
2026-08-22 08:41:42,789 - pyskl - INFO - Epoch [5][300/5537]	lr: 2.124e-02, eta: 1 day, 22:48:47, time: 2.557, data_time: 0.000, memory: 5243, top1_acc: 0.8797, top5_acc: 0.9828, loss_cls: 0.3949, loss: 0.3949
2026-08-22 08:45:59,442 - pyskl - INFO - Epoch [5][400/5537]	lr: 2.121e-02, eta: 1 day, 22:44:38, time: 2.567, data_time: 0.000, memory: 5243, top1_acc: 0.8847, top5_acc: 0.9819, loss_cls: 0.3821, loss: 0.3821
2026-08-22 08:50:14,319 - pyskl - INFO - Epoch [5][500/5537]	lr: 2.118e-02, eta: 1 day, 22:40:23, time: 2.549, data_time: 0.000, memory: 5243, top1_acc: 0.8828, top5_acc: 0.9822, loss_cls: 0.3845, loss: 0.3845
2026-08-22 08:54:29,676 - pyskl - INFO - Epoch [5][600/5537]	lr: 2.115e-02, eta: 1 day, 22:36:10, time: 2.554, data_time: 0.000, memory: 5243, top1_acc: 0.8844, top5_acc: 0.9834, loss_cls: 0.3684, loss: 0.3684
2026-08-22 08:58:45,676 - pyskl - INFO - Epoch [5][700/5537]	lr: 2.112e-02, eta: 1 day, 22:31:59, time: 2.560, data_time: 0.000, memory: 5243, top1_acc: 0.8722, top5_acc: 0.9816, loss_cls: 0.4098, loss: 0.4098
2026-08-22 09:03:00,904 - pyskl - INFO - Epoch [5][800/5537]	lr: 2.108e-02, eta: 1 day, 22:27:45, time: 2.552, data_time: 0.000, memory: 5243, top1_acc: 0.8781, top5_acc: 0.9862, loss_cls: 0.3814, loss: 0.3814
2026-08-22 09:07:16,306 - pyskl - INFO - Epoch [5][900/5537]	lr: 2.105e-02, eta: 1 day, 22:23:32, time: 2.554, data_time: 0.000, memory: 5243, top1_acc: 0.8809, top5_acc: 0.9859, loss_cls: 0.3810, loss: 0.3810
2026-08-22 09:11:31,573 - pyskl - INFO - Epoch [5][1000/5537]	lr: 2.102e-02, eta: 1 day, 22:19:18, time: 2.553, data_time: 0.000, memory: 5243, top1_acc: 0.8759, top5_acc: 0.9853, loss_cls: 0.3847, loss: 0.3847
2026-08-22 09:15:48,099 - pyskl - INFO - Epoch [5][1100/5537]	lr: 2.099e-02, eta: 1 day, 22:15:08, time: 2.565, data_time: 0.000, memory: 5243, top1_acc: 0.8850, top5_acc: 0.9862, loss_cls: 0.3753, loss: 0.3753
2026-08-22 09:20:03,059 - pyskl - INFO - Epoch [5][1200/5537]	lr: 2.096e-02, eta: 1 day, 22:10:54, time: 2.550, data_time: 0.000, memory: 5243, top1_acc: 0.8797, top5_acc: 0.9859, loss_cls: 0.3905, loss: 0.3905
2026-08-22 09:24:17,521 - pyskl - INFO - Epoch [5][1300/5537]	lr: 2.092e-02, eta: 1 day, 22:06:38, time: 2.545, data_time: 0.000, memory: 5243, top1_acc: 0.8794, top5_acc: 0.9816, loss_cls: 0.4025, loss: 0.4025
2026-08-22 09:28:33,365 - pyskl - INFO - Epoch [5][1400/5537]	lr: 2.089e-02, eta: 1 day, 22:02:26, time: 2.558, data_time: 0.000, memory: 5243, top1_acc: 0.8744, top5_acc: 0.9828, loss_cls: 0.3958, loss: 0.3958
2026-08-22 09:32:48,625 - pyskl - INFO - Epoch [5][1500/5537]	lr: 2.086e-02, eta: 1 day, 21:58:13, time: 2.553, data_time: 0.000, memory: 5243, top1_acc: 0.8841, top5_acc: 0.9869, loss_cls: 0.3742, loss: 0.3742
2026-08-22 09:37:03,661 - pyskl - INFO - Epoch [5][1600/5537]	lr: 2.082e-02, eta: 1 day, 21:53:58, time: 2.550, data_time: 0.000, memory: 5243, top1_acc: 0.8862, top5_acc: 0.9866, loss_cls: 0.3732, loss: 0.3732
2026-08-22 09:41:19,325 - pyskl - INFO - Epoch [5][1700/5537]	lr: 2.079e-02, eta: 1 day, 21:49:46, time: 2.557, data_time: 0.000, memory: 5243, top1_acc: 0.8928, top5_acc: 0.9828, loss_cls: 0.3628, loss: 0.3628
2026-08-22 09:45:35,622 - pyskl - INFO - Epoch [5][1800/5537]	lr: 2.076e-02, eta: 1 day, 21:45:35, time: 2.563, data_time: 0.000, memory: 5243, top1_acc: 0.8884, top5_acc: 0.9847, loss_cls: 0.3503, loss: 0.3503
2026-08-22 09:49:50,445 - pyskl - INFO - Epoch [5][1900/5537]	lr: 2.072e-02, eta: 1 day, 21:41:20, time: 2.548, data_time: 0.000, memory: 5243, top1_acc: 0.8775, top5_acc: 0.9859, loss_cls: 0.4015, loss: 0.4015
2026-08-22 09:54:05,599 - pyskl - INFO - Epoch [5][2000/5537]	lr: 2.069e-02, eta: 1 day, 21:37:06, time: 2.552, data_time: 0.000, memory: 5243, top1_acc: 0.8794, top5_acc: 0.9872, loss_cls: 0.4007, loss: 0.4007
2026-08-22 09:58:21,613 - pyskl - INFO - Epoch [5][2100/5537]	lr: 2.066e-02, eta: 1 day, 21:32:54, time: 2.560, data_time: 0.000, memory: 5243, top1_acc: 0.8769, top5_acc: 0.9841, loss_cls: 0.4001, loss: 0.4001
2026-08-22 10:02:36,481 - pyskl - INFO - Epoch [5][2200/5537]	lr: 2.062e-02, eta: 1 day, 21:28:40, time: 2.549, data_time: 0.000, memory: 5243, top1_acc: 0.8750, top5_acc: 0.9847, loss_cls: 0.3852, loss: 0.3852
2026-08-22 10:06:51,892 - pyskl - INFO - Epoch [5][2300/5537]	lr: 2.059e-02, eta: 1 day, 21:24:26, time: 2.554, data_time: 0.000, memory: 5243, top1_acc: 0.8812, top5_acc: 0.9869, loss_cls: 0.3880, loss: 0.3880
2026-08-22 10:11:07,379 - pyskl - INFO - Epoch [5][2400/5537]	lr: 2.056e-02, eta: 1 day, 21:20:13, time: 2.555, data_time: 0.000, memory: 5243, top1_acc: 0.8878, top5_acc: 0.9819, loss_cls: 0.3826, loss: 0.3826
2026-08-22 10:15:23,097 - pyskl - INFO - Epoch [5][2500/5537]	lr: 2.052e-02, eta: 1 day, 21:16:01, time: 2.557, data_time: 0.000, memory: 5243, top1_acc: 0.8816, top5_acc: 0.9825, loss_cls: 0.4040, loss: 0.4040
2026-08-22 10:19:38,695 - pyskl - INFO - Epoch [5][2600/5537]	lr: 2.049e-02, eta: 1 day, 21:11:48, time: 2.556, data_time: 0.000, memory: 5243, top1_acc: 0.8816, top5_acc: 0.9831, loss_cls: 0.3877, loss: 0.3877
2026-08-22 10:23:53,688 - pyskl - INFO - Epoch [5][2700/5537]	lr: 2.045e-02, eta: 1 day, 21:07:33, time: 2.550, data_time: 0.000, memory: 5243, top1_acc: 0.8966, top5_acc: 0.9866, loss_cls: 0.3489, loss: 0.3489
2026-08-22 10:28:10,323 - pyskl - INFO - Epoch [5][2800/5537]	lr: 2.042e-02, eta: 1 day, 21:03:23, time: 2.566, data_time: 0.000, memory: 5243, top1_acc: 0.8897, top5_acc: 0.9872, loss_cls: 0.3552, loss: 0.3552
2026-08-22 10:32:24,897 - pyskl - INFO - Epoch [5][2900/5537]	lr: 2.039e-02, eta: 1 day, 20:59:07, time: 2.546, data_time: 0.000, memory: 5243, top1_acc: 0.8822, top5_acc: 0.9859, loss_cls: 0.3581, loss: 0.3581
2026-08-22 10:36:40,184 - pyskl - INFO - Epoch [5][3000/5537]	lr: 2.035e-02, eta: 1 day, 20:54:53, time: 2.553, data_time: 0.000, memory: 5243, top1_acc: 0.8878, top5_acc: 0.9841, loss_cls: 0.3712, loss: 0.3712
2026-08-22 10:40:56,416 - pyskl - INFO - Epoch [5][3100/5537]	lr: 2.032e-02, eta: 1 day, 20:50:42, time: 2.562, data_time: 0.000, memory: 5243, top1_acc: 0.8944, top5_acc: 0.9862, loss_cls: 0.3544, loss: 0.3544
2026-08-22 10:45:12,415 - pyskl - INFO - Epoch [5][3200/5537]	lr: 2.028e-02, eta: 1 day, 20:46:30, time: 2.560, data_time: 0.000, memory: 5243, top1_acc: 0.8716, top5_acc: 0.9841, loss_cls: 0.4119, loss: 0.4119
2026-08-22 10:49:27,988 - pyskl - INFO - Epoch [5][3300/5537]	lr: 2.025e-02, eta: 1 day, 20:42:17, time: 2.556, data_time: 0.000, memory: 5243, top1_acc: 0.8681, top5_acc: 0.9844, loss_cls: 0.4212, loss: 0.4212
2026-08-22 10:53:42,941 - pyskl - INFO - Epoch [5][3400/5537]	lr: 2.021e-02, eta: 1 day, 20:38:02, time: 2.550, data_time: 0.000, memory: 5243, top1_acc: 0.8819, top5_acc: 0.9859, loss_cls: 0.3801, loss: 0.3801
2026-08-22 10:57:59,574 - pyskl - INFO - Epoch [5][3500/5537]	lr: 2.018e-02, eta: 1 day, 20:33:52, time: 2.566, data_time: 0.000, memory: 5243, top1_acc: 0.8906, top5_acc: 0.9862, loss_cls: 0.3657, loss: 0.3657
2026-08-22 11:02:14,594 - pyskl - INFO - Epoch [5][3600/5537]	lr: 2.014e-02, eta: 1 day, 20:29:37, time: 2.550, data_time: 0.000, memory: 5243, top1_acc: 0.8712, top5_acc: 0.9825, loss_cls: 0.3965, loss: 0.3965
2026-08-22 11:06:29,998 - pyskl - INFO - Epoch [5][3700/5537]	lr: 2.011e-02, eta: 1 day, 20:25:23, time: 2.554, data_time: 0.000, memory: 5243, top1_acc: 0.8903, top5_acc: 0.9906, loss_cls: 0.3520, loss: 0.3520
2026-08-22 11:10:46,122 - pyskl - INFO - Epoch [5][3800/5537]	lr: 2.007e-02, eta: 1 day, 20:21:12, time: 2.561, data_time: 0.000, memory: 5243, top1_acc: 0.8822, top5_acc: 0.9847, loss_cls: 0.3823, loss: 0.3823
2026-08-22 11:15:01,867 - pyskl - INFO - Epoch [5][3900/5537]	lr: 2.004e-02, eta: 1 day, 20:16:59, time: 2.557, data_time: 0.000, memory: 5243, top1_acc: 0.8888, top5_acc: 0.9822, loss_cls: 0.3827, loss: 0.3827
2026-08-22 11:19:17,607 - pyskl - INFO - Epoch [5][4000/5537]	lr: 2.000e-02, eta: 1 day, 20:12:46, time: 2.557, data_time: 0.000, memory: 5243, top1_acc: 0.8828, top5_acc: 0.9819, loss_cls: 0.3746, loss: 0.3746
2026-08-22 11:23:33,328 - pyskl - INFO - Epoch [5][4100/5537]	lr: 1.997e-02, eta: 1 day, 20:08:33, time: 2.557, data_time: 0.000, memory: 5243, top1_acc: 0.8972, top5_acc: 0.9838, loss_cls: 0.3577, loss: 0.3577
2026-08-22 11:27:50,260 - pyskl - INFO - Epoch [5][4200/5537]	lr: 1.993e-02, eta: 1 day, 20:04:23, time: 2.569, data_time: 0.000, memory: 5243, top1_acc: 0.8772, top5_acc: 0.9838, loss_cls: 0.3939, loss: 0.3939
2026-08-22 11:32:04,660 - pyskl - INFO - Epoch [5][4300/5537]	lr: 1.989e-02, eta: 1 day, 20:00:07, time: 2.544, data_time: 0.000, memory: 5243, top1_acc: 0.8731, top5_acc: 0.9794, loss_cls: 0.4059, loss: 0.4059
2026-08-22 11:36:19,615 - pyskl - INFO - Epoch [5][4400/5537]	lr: 1.986e-02, eta: 1 day, 19:55:52, time: 2.550, data_time: 0.000, memory: 5243, top1_acc: 0.8781, top5_acc: 0.9834, loss_cls: 0.3716, loss: 0.3716
2026-08-22 11:40:36,049 - pyskl - INFO - Epoch [5][4500/5537]	lr: 1.982e-02, eta: 1 day, 19:51:41, time: 2.564, data_time: 0.000, memory: 5243, top1_acc: 0.8809, top5_acc: 0.9853, loss_cls: 0.3729, loss: 0.3729
2026-08-22 11:44:51,969 - pyskl - INFO - Epoch [5][4600/5537]	lr: 1.979e-02, eta: 1 day, 19:47:28, time: 2.559, data_time: 0.000, memory: 5243, top1_acc: 0.8878, top5_acc: 0.9866, loss_cls: 0.3540, loss: 0.3540
2026-08-22 11:49:07,339 - pyskl - INFO - Epoch [5][4700/5537]	lr: 1.975e-02, eta: 1 day, 19:43:14, time: 2.554, data_time: 0.000, memory: 5243, top1_acc: 0.8819, top5_acc: 0.9859, loss_cls: 0.3850, loss: 0.3850
2026-08-22 11:53:23,082 - pyskl - INFO - Epoch [5][4800/5537]	lr: 1.971e-02, eta: 1 day, 19:39:01, time: 2.557, data_time: 0.000, memory: 5243, top1_acc: 0.8928, top5_acc: 0.9828, loss_cls: 0.3659, loss: 0.3659
2026-08-22 11:57:39,851 - pyskl - INFO - Epoch [5][4900/5537]	lr: 1.968e-02, eta: 1 day, 19:34:50, time: 2.568, data_time: 0.000, memory: 5243, top1_acc: 0.8938, top5_acc: 0.9875, loss_cls: 0.3458, loss: 0.3458
2026-08-22 12:01:54,751 - pyskl - INFO - Epoch [5][5000/5537]	lr: 1.964e-02, eta: 1 day, 19:30:35, time: 2.549, data_time: 0.000, memory: 5243, top1_acc: 0.8859, top5_acc: 0.9869, loss_cls: 0.3587, loss: 0.3587
2026-08-22 12:06:10,031 - pyskl - INFO - Epoch [5][5100/5537]	lr: 1.961e-02, eta: 1 day, 19:26:21, time: 2.553, data_time: 0.000, memory: 5243, top1_acc: 0.8856, top5_acc: 0.9875, loss_cls: 0.3615, loss: 0.3615
2026-08-22 12:10:26,644 - pyskl - INFO - Epoch [5][5200/5537]	lr: 1.957e-02, eta: 1 day, 19:22:10, time: 2.566, data_time: 0.000, memory: 5243, top1_acc: 0.8778, top5_acc: 0.9853, loss_cls: 0.3919, loss: 0.3919
2026-08-22 12:14:41,440 - pyskl - INFO - Epoch [5][5300/5537]	lr: 1.953e-02, eta: 1 day, 19:17:55, time: 2.548, data_time: 0.000, memory: 5243, top1_acc: 0.8906, top5_acc: 0.9894, loss_cls: 0.3562, loss: 0.3562
2026-08-22 12:18:57,036 - pyskl - INFO - Epoch [5][5400/5537]	lr: 1.950e-02, eta: 1 day, 19:13:41, time: 2.556, data_time: 0.000, memory: 5243, top1_acc: 0.8894, top5_acc: 0.9888, loss_cls: 0.3503, loss: 0.3503
2026-08-22 12:23:13,048 - pyskl - INFO - Epoch [5][5500/5537]	lr: 1.946e-02, eta: 1 day, 19:09:29, time: 2.560, data_time: 0.000, memory: 5243, top1_acc: 0.8781, top5_acc: 0.9844, loss_cls: 0.3870, loss: 0.3870
2026-08-22 12:24:46,884 - pyskl - INFO - Saving checkpoint at 5 epochs
2026-08-22 12:30:57,672 - pyskl - INFO - Evaluating top_k_accuracy ...
2026-08-22 12:30:57,684 - pyskl - INFO - 
top1_acc	0.5426
top5_acc	0.8013
2026-08-22 12:30:57,684 - pyskl - INFO - Epoch(val) [5][146]	top1_acc: 0.5426, top5_acc: 0.8013
2026-08-22 12:35:20,253 - pyskl - INFO - Epoch [6][100/5537]	lr: 1.941e-02, eta: 1 day, 19:00:30, time: 2.626, data_time: 0.067, memory: 5243, top1_acc: 0.8931, top5_acc: 0.9872, loss_cls: 0.3405, loss: 0.3405
2026-08-22 12:39:36,608 - pyskl - INFO - Epoch [6][200/5537]	lr: 1.937e-02, eta: 1 day, 18:56:19, time: 2.564, data_time: 0.001, memory: 5243, top1_acc: 0.8928, top5_acc: 0.9909, loss_cls: 0.3334, loss: 0.3334
2026-08-22 12:43:51,326 - pyskl - INFO - Epoch [6][300/5537]	lr: 1.933e-02, eta: 1 day, 18:52:05, time: 2.547, data_time: 0.000, memory: 5243, top1_acc: 0.8841, top5_acc: 0.9897, loss_cls: 0.3517, loss: 0.3517
2026-08-22 12:48:06,478 - pyskl - INFO - Epoch [6][400/5537]	lr: 1.930e-02, eta: 1 day, 18:47:51, time: 2.552, data_time: 0.000, memory: 5243, top1_acc: 0.8959, top5_acc: 0.9856, loss_cls: 0.3544, loss: 0.3544
2026-08-22 12:52:23,327 - pyskl - INFO - Epoch [6][500/5537]	lr: 1.926e-02, eta: 1 day, 18:43:41, time: 2.568, data_time: 0.000, memory: 5243, top1_acc: 0.8834, top5_acc: 0.9847, loss_cls: 0.3741, loss: 0.3741
2026-08-22 12:56:38,079 - pyskl - INFO - Epoch [6][600/5537]	lr: 1.922e-02, eta: 1 day, 18:39:27, time: 2.548, data_time: 0.000, memory: 5243, top1_acc: 0.8941, top5_acc: 0.9862, loss_cls: 0.3552, loss: 0.3552
2026-08-22 13:00:54,582 - pyskl - INFO - Epoch [6][700/5537]	lr: 1.918e-02, eta: 1 day, 18:35:16, time: 2.565, data_time: 0.000, memory: 5243, top1_acc: 0.8800, top5_acc: 0.9847, loss_cls: 0.3847, loss: 0.3847
2026-08-22 13:05:10,647 - pyskl - INFO - Epoch [6][800/5537]	lr: 1.915e-02, eta: 1 day, 18:31:04, time: 2.561, data_time: 0.000, memory: 5243, top1_acc: 0.8916, top5_acc: 0.9862, loss_cls: 0.3473, loss: 0.3473
2026-08-22 13:09:26,846 - pyskl - INFO - Epoch [6][900/5537]	lr: 1.911e-02, eta: 1 day, 18:26:53, time: 2.562, data_time: 0.000, memory: 5243, top1_acc: 0.9044, top5_acc: 0.9841, loss_cls: 0.3308, loss: 0.3308
2026-08-22 13:13:42,381 - pyskl - INFO - Epoch [6][1000/5537]	lr: 1.907e-02, eta: 1 day, 18:22:40, time: 2.555, data_time: 0.000, memory: 5243, top1_acc: 0.8950, top5_acc: 0.9888, loss_cls: 0.3438, loss: 0.3438
2026-08-22 13:17:57,223 - pyskl - INFO - Epoch [6][1100/5537]	lr: 1.903e-02, eta: 1 day, 18:18:26, time: 2.548, data_time: 0.000, memory: 5243, top1_acc: 0.8894, top5_acc: 0.9866, loss_cls: 0.3607, loss: 0.3607
2026-08-22 13:22:14,174 - pyskl - INFO - Epoch [6][1200/5537]	lr: 1.900e-02, eta: 1 day, 18:14:16, time: 2.570, data_time: 0.000, memory: 5243, top1_acc: 0.9019, top5_acc: 0.9878, loss_cls: 0.3302, loss: 0.3302
2026-08-22 13:26:29,161 - pyskl - INFO - Epoch [6][1300/5537]	lr: 1.896e-02, eta: 1 day, 18:10:02, time: 2.550, data_time: 0.000, memory: 5243, top1_acc: 0.8847, top5_acc: 0.9841, loss_cls: 0.3660, loss: 0.3660
2026-08-22 13:30:44,431 - pyskl - INFO - Epoch [6][1400/5537]	lr: 1.892e-02, eta: 1 day, 18:05:48, time: 2.553, data_time: 0.000, memory: 5243, top1_acc: 0.8909, top5_acc: 0.9881, loss_cls: 0.3581, loss: 0.3581
2026-08-22 13:34:59,949 - pyskl - INFO - Epoch [6][1500/5537]	lr: 1.888e-02, eta: 1 day, 18:01:36, time: 2.555, data_time: 0.000, memory: 5243, top1_acc: 0.8894, top5_acc: 0.9828, loss_cls: 0.3636, loss: 0.3636
2026-08-22 13:39:15,807 - pyskl - INFO - Epoch [6][1600/5537]	lr: 1.884e-02, eta: 1 day, 17:57:23, time: 2.559, data_time: 0.000, memory: 5243, top1_acc: 0.8959, top5_acc: 0.9884, loss_cls: 0.3438, loss: 0.3438
2026-08-22 13:43:31,363 - pyskl - INFO - Epoch [6][1700/5537]	lr: 1.881e-02, eta: 1 day, 17:53:10, time: 2.556, data_time: 0.000, memory: 5243, top1_acc: 0.8972, top5_acc: 0.9888, loss_cls: 0.3419, loss: 0.3419
2026-08-22 13:47:46,684 - pyskl - INFO - Epoch [6][1800/5537]	lr: 1.877e-02, eta: 1 day, 17:48:57, time: 2.553, data_time: 0.000, memory: 5243, top1_acc: 0.8991, top5_acc: 0.9869, loss_cls: 0.3415, loss: 0.3415
2026-08-22 13:52:03,446 - pyskl - INFO - Epoch [6][1900/5537]	lr: 1.873e-02, eta: 1 day, 17:44:46, time: 2.568, data_time: 0.000, memory: 5243, top1_acc: 0.9000, top5_acc: 0.9856, loss_cls: 0.3484, loss: 0.3484
2026-08-22 13:56:18,079 - pyskl - INFO - Epoch [6][2000/5537]	lr: 1.869e-02, eta: 1 day, 17:40:32, time: 2.546, data_time: 0.000, memory: 5243, top1_acc: 0.8966, top5_acc: 0.9903, loss_cls: 0.3301, loss: 0.3301
2026-08-22 14:00:33,441 - pyskl - INFO - Epoch [6][2100/5537]	lr: 1.865e-02, eta: 1 day, 17:36:18, time: 2.554, data_time: 0.000, memory: 5243, top1_acc: 0.8909, top5_acc: 0.9853, loss_cls: 0.3675, loss: 0.3675
2026-08-22 14:04:50,107 - pyskl - INFO - Epoch [6][2200/5537]	lr: 1.861e-02, eta: 1 day, 17:32:07, time: 2.567, data_time: 0.000, memory: 5243, top1_acc: 0.8991, top5_acc: 0.9878, loss_cls: 0.3152, loss: 0.3152
2026-08-22 14:09:05,919 - pyskl - INFO - Epoch [6][2300/5537]	lr: 1.858e-02, eta: 1 day, 17:27:55, time: 2.558, data_time: 0.000, memory: 5243, top1_acc: 0.9019, top5_acc: 0.9894, loss_cls: 0.3236, loss: 0.3236
2026-08-22 14:13:21,262 - pyskl - INFO - Epoch [6][2400/5537]	lr: 1.854e-02, eta: 1 day, 17:23:41, time: 2.553, data_time: 0.000, memory: 5243, top1_acc: 0.9034, top5_acc: 0.9916, loss_cls: 0.2997, loss: 0.2997
2026-08-22 14:17:36,909 - pyskl - INFO - Epoch [6][2500/5537]	lr: 1.850e-02, eta: 1 day, 17:19:28, time: 2.556, data_time: 0.000, memory: 5243, top1_acc: 0.8872, top5_acc: 0.9859, loss_cls: 0.3643, loss: 0.3643
2026-08-22 14:21:55,464 - pyskl - INFO - Epoch [6][2600/5537]	lr: 1.846e-02, eta: 1 day, 17:15:21, time: 2.586, data_time: 0.000, memory: 5243, top1_acc: 0.9081, top5_acc: 0.9878, loss_cls: 0.3130, loss: 0.3130
2026-08-22 14:26:10,904 - pyskl - INFO - Epoch [6][2700/5537]	lr: 1.842e-02, eta: 1 day, 17:11:08, time: 2.554, data_time: 0.000, memory: 5243, top1_acc: 0.8906, top5_acc: 0.9878, loss_cls: 0.3474, loss: 0.3474
2026-08-22 14:30:26,547 - pyskl - INFO - Epoch [6][2800/5537]	lr: 1.838e-02, eta: 1 day, 17:06:55, time: 2.556, data_time: 0.000, memory: 5243, top1_acc: 0.8953, top5_acc: 0.9859, loss_cls: 0.3385, loss: 0.3385
2026-08-22 14:34:43,039 - pyskl - INFO - Epoch [6][2900/5537]	lr: 1.834e-02, eta: 1 day, 17:02:43, time: 2.565, data_time: 0.000, memory: 5243, top1_acc: 0.8972, top5_acc: 0.9862, loss_cls: 0.3324, loss: 0.3324
2026-08-22 14:38:59,057 - pyskl - INFO - Epoch [6][3000/5537]	lr: 1.830e-02, eta: 1 day, 16:58:31, time: 2.560, data_time: 0.000, memory: 5243, top1_acc: 0.8972, top5_acc: 0.9878, loss_cls: 0.3327, loss: 0.3327
2026-08-22 14:43:15,348 - pyskl - INFO - Epoch [6][3100/5537]	lr: 1.826e-02, eta: 1 day, 16:54:19, time: 2.563, data_time: 0.000, memory: 5243, top1_acc: 0.8984, top5_acc: 0.9847, loss_cls: 0.3372, loss: 0.3372
2026-08-22 14:47:31,317 - pyskl - INFO - Epoch [6][3200/5537]	lr: 1.822e-02, eta: 1 day, 16:50:07, time: 2.560, data_time: 0.000, memory: 5243, top1_acc: 0.8909, top5_acc: 0.9847, loss_cls: 0.3563, loss: 0.3563
2026-08-22 14:51:48,332 - pyskl - INFO - Epoch [6][3300/5537]	lr: 1.818e-02, eta: 1 day, 16:45:56, time: 2.570, data_time: 0.000, memory: 5243, top1_acc: 0.8928, top5_acc: 0.9869, loss_cls: 0.3375, loss: 0.3375
2026-08-22 14:56:03,627 - pyskl - INFO - Epoch [6][3400/5537]	lr: 1.814e-02, eta: 1 day, 16:41:43, time: 2.553, data_time: 0.000, memory: 5243, top1_acc: 0.9025, top5_acc: 0.9903, loss_cls: 0.3071, loss: 0.3071
2026-08-22 15:00:18,906 - pyskl - INFO - Epoch [6][3500/5537]	lr: 1.810e-02, eta: 1 day, 16:37:29, time: 2.553, data_time: 0.000, memory: 5243, top1_acc: 0.8956, top5_acc: 0.9875, loss_cls: 0.3481, loss: 0.3481
2026-08-22 15:04:35,287 - pyskl - INFO - Epoch [6][3600/5537]	lr: 1.807e-02, eta: 1 day, 16:33:17, time: 2.564, data_time: 0.000, memory: 5243, top1_acc: 0.8919, top5_acc: 0.9881, loss_cls: 0.3511, loss: 0.3511
2026-08-22 15:08:50,820 - pyskl - INFO - Epoch [6][3700/5537]	lr: 1.803e-02, eta: 1 day, 16:29:04, time: 2.555, data_time: 0.000, memory: 5243, top1_acc: 0.8956, top5_acc: 0.9872, loss_cls: 0.3382, loss: 0.3382
2026-08-22 15:13:06,924 - pyskl - INFO - Epoch [6][3800/5537]	lr: 1.799e-02, eta: 1 day, 16:24:51, time: 2.561, data_time: 0.000, memory: 5243, top1_acc: 0.8978, top5_acc: 0.9862, loss_cls: 0.3388, loss: 0.3388
2026-08-22 15:17:22,991 - pyskl - INFO - Epoch [6][3900/5537]	lr: 1.795e-02, eta: 1 day, 16:20:39, time: 2.561, data_time: 0.000, memory: 5243, top1_acc: 0.8956, top5_acc: 0.9881, loss_cls: 0.3293, loss: 0.3293
2026-08-22 15:21:39,676 - pyskl - INFO - Epoch [6][4000/5537]	lr: 1.791e-02, eta: 1 day, 16:16:27, time: 2.567, data_time: 0.000, memory: 5243, top1_acc: 0.9012, top5_acc: 0.9878, loss_cls: 0.3194, loss: 0.3194
2026-08-22 15:25:55,095 - pyskl - INFO - Epoch [6][4100/5537]	lr: 1.787e-02, eta: 1 day, 16:12:14, time: 2.554, data_time: 0.000, memory: 5243, top1_acc: 0.8847, top5_acc: 0.9834, loss_cls: 0.3834, loss: 0.3834
2026-08-22 15:30:10,285 - pyskl - INFO - Epoch [6][4200/5537]	lr: 1.783e-02, eta: 1 day, 16:08:00, time: 2.552, data_time: 0.000, memory: 5243, top1_acc: 0.9016, top5_acc: 0.9875, loss_cls: 0.3175, loss: 0.3175
2026-08-22 15:34:26,975 - pyskl - INFO - Epoch [6][4300/5537]	lr: 1.779e-02, eta: 1 day, 16:03:48, time: 2.567, data_time: 0.000, memory: 5243, top1_acc: 0.8969, top5_acc: 0.9916, loss_cls: 0.3219, loss: 0.3219
2026-08-22 15:38:41,907 - pyskl - INFO - Epoch [6][4400/5537]	lr: 1.775e-02, eta: 1 day, 15:59:34, time: 2.549, data_time: 0.000, memory: 5243, top1_acc: 0.8881, top5_acc: 0.9881, loss_cls: 0.3533, loss: 0.3533
2026-08-22 15:42:57,222 - pyskl - INFO - Epoch [6][4500/5537]	lr: 1.771e-02, eta: 1 day, 15:55:20, time: 2.553, data_time: 0.000, memory: 5243, top1_acc: 0.9028, top5_acc: 0.9912, loss_cls: 0.3193, loss: 0.3193
2026-08-22 15:47:13,593 - pyskl - INFO - Epoch [6][4600/5537]	lr: 1.766e-02, eta: 1 day, 15:51:08, time: 2.564, data_time: 0.000, memory: 5243, top1_acc: 0.9009, top5_acc: 0.9881, loss_cls: 0.3198, loss: 0.3198
2026-08-22 15:51:30,054 - pyskl - INFO - Epoch [6][4700/5537]	lr: 1.762e-02, eta: 1 day, 15:46:56, time: 2.565, data_time: 0.000, memory: 5243, top1_acc: 0.9000, top5_acc: 0.9888, loss_cls: 0.3231, loss: 0.3231
2026-08-22 15:55:45,751 - pyskl - INFO - Epoch [6][4800/5537]	lr: 1.758e-02, eta: 1 day, 15:42:43, time: 2.557, data_time: 0.000, memory: 5243, top1_acc: 0.8959, top5_acc: 0.9862, loss_cls: 0.3387, loss: 0.3387
2026-08-22 16:00:46,911 - pyskl - INFO - Epoch [6][4900/5537]	lr: 1.754e-02, eta: 1 day, 15:39:48, time: 3.012, data_time: 0.000, memory: 5243, top1_acc: 0.9016, top5_acc: 0.9872, loss_cls: 0.3268, loss: 0.3268
2026-08-22 16:05:49,958 - pyskl - INFO - Epoch [6][5000/5537]	lr: 1.750e-02, eta: 1 day, 15:36:55, time: 3.030, data_time: 0.000, memory: 5243, top1_acc: 0.9012, top5_acc: 0.9903, loss_cls: 0.3107, loss: 0.3107
2026-08-22 16:10:17,855 - pyskl - INFO - Epoch [6][5100/5537]	lr: 1.746e-02, eta: 1 day, 15:33:02, time: 2.679, data_time: 0.000, memory: 5243, top1_acc: 0.9006, top5_acc: 0.9891, loss_cls: 0.3205, loss: 0.3205
2026-08-22 16:14:43,675 - pyskl - INFO - Epoch [6][5200/5537]	lr: 1.742e-02, eta: 1 day, 15:29:05, time: 2.658, data_time: 0.000, memory: 5243, top1_acc: 0.9056, top5_acc: 0.9916, loss_cls: 0.3060, loss: 0.3060
2026-08-22 16:19:47,838 - pyskl - INFO - Epoch [6][5300/5537]	lr: 1.738e-02, eta: 1 day, 15:26:12, time: 3.042, data_time: 0.001, memory: 5243, top1_acc: 0.9019, top5_acc: 0.9906, loss_cls: 0.3133, loss: 0.3133
2026-08-22 16:25:01,503 - pyskl - INFO - Epoch [6][5400/5537]	lr: 1.734e-02, eta: 1 day, 15:23:35, time: 3.137, data_time: 0.001, memory: 5243, top1_acc: 0.9009, top5_acc: 0.9878, loss_cls: 0.3264, loss: 0.3264
2026-08-22 16:30:15,162 - pyskl - INFO - Epoch [6][5500/5537]	lr: 1.730e-02, eta: 1 day, 15:20:56, time: 3.137, data_time: 0.000, memory: 5243, top1_acc: 0.8972, top5_acc: 0.9881, loss_cls: 0.3388, loss: 0.3388
2026-08-22 16:31:52,608 - pyskl - INFO - Saving checkpoint at 6 epochs
2026-08-22 16:38:06,365 - pyskl - INFO - Evaluating top_k_accuracy ...
2026-08-22 16:38:06,375 - pyskl - INFO - 
top1_acc	0.8324
top5_acc	0.9729
2026-08-22 16:38:06,377 - pyskl - INFO - The previous best checkpoint D:\YxjProject\pythonProject\pyskl\work_dirs\aug_baseline\stgcnpp_j\train\A0_clean\best_top1_acc_epoch_4.pth was removed
2026-08-22 16:38:06,447 - pyskl - INFO - Now best checkpoint is saved as best_top1_acc_epoch_6.pth.
2026-08-22 16:38:06,447 - pyskl - INFO - Best top1_acc is 0.8324 at 6 epoch.
2026-08-22 16:38:06,448 - pyskl - INFO - Epoch(val) [6][146]	top1_acc: 0.8324, top5_acc: 0.9729
2026-08-22 16:42:29,685 - pyskl - INFO - Epoch [7][100/5537]	lr: 1.724e-02, eta: 1 day, 15:12:42, time: 2.632, data_time: 0.068, memory: 5243, top1_acc: 0.9059, top5_acc: 0.9903, loss_cls: 0.3039, loss: 0.3039
2026-08-22 16:46:46,151 - pyskl - INFO - Epoch [7][200/5537]	lr: 1.720e-02, eta: 1 day, 15:08:28, time: 2.565, data_time: 0.000, memory: 5243, top1_acc: 0.9122, top5_acc: 0.9866, loss_cls: 0.3114, loss: 0.3114
2026-08-22 16:51:01,687 - pyskl - INFO - Epoch [7][300/5537]	lr: 1.716e-02, eta: 1 day, 15:04:13, time: 2.555, data_time: 0.000, memory: 5243, top1_acc: 0.9053, top5_acc: 0.9900, loss_cls: 0.2971, loss: 0.2971
2026-08-22 16:55:18,387 - pyskl - INFO - Epoch [7][400/5537]	lr: 1.712e-02, eta: 1 day, 14:59:59, time: 2.567, data_time: 0.000, memory: 5243, top1_acc: 0.9072, top5_acc: 0.9916, loss_cls: 0.2938, loss: 0.2938
2026-08-22 16:59:34,164 - pyskl - INFO - Epoch [7][500/5537]	lr: 1.708e-02, eta: 1 day, 14:55:45, time: 2.558, data_time: 0.000, memory: 5243, top1_acc: 0.9122, top5_acc: 0.9906, loss_cls: 0.2947, loss: 0.2947
2026-08-22 17:03:50,479 - pyskl - INFO - Epoch [7][600/5537]	lr: 1.704e-02, eta: 1 day, 14:51:31, time: 2.563, data_time: 0.000, memory: 5243, top1_acc: 0.8991, top5_acc: 0.9894, loss_cls: 0.3141, loss: 0.3141
2026-08-22 17:08:05,077 - pyskl - INFO - Epoch [7][700/5537]	lr: 1.700e-02, eta: 1 day, 14:47:14, time: 2.546, data_time: 0.000, memory: 5243, top1_acc: 0.9109, top5_acc: 0.9912, loss_cls: 0.2806, loss: 0.2806
2026-08-22 17:12:21,244 - pyskl - INFO - Epoch [7][800/5537]	lr: 1.695e-02, eta: 1 day, 14:43:00, time: 2.562, data_time: 0.000, memory: 5243, top1_acc: 0.9009, top5_acc: 0.9897, loss_cls: 0.3209, loss: 0.3209
2026-08-22 17:16:37,702 - pyskl - INFO - Epoch [7][900/5537]	lr: 1.691e-02, eta: 1 day, 14:38:46, time: 2.565, data_time: 0.000, memory: 5243, top1_acc: 0.9009, top5_acc: 0.9862, loss_cls: 0.3301, loss: 0.3301
2026-08-22 17:20:52,120 - pyskl - INFO - Epoch [7][1000/5537]	lr: 1.687e-02, eta: 1 day, 14:34:29, time: 2.544, data_time: 0.000, memory: 5243, top1_acc: 0.9087, top5_acc: 0.9912, loss_cls: 0.3029, loss: 0.3029
2026-08-22 17:25:08,020 - pyskl - INFO - Epoch [7][1100/5537]	lr: 1.683e-02, eta: 1 day, 14:30:14, time: 2.559, data_time: 0.000, memory: 5243, top1_acc: 0.9091, top5_acc: 0.9916, loss_cls: 0.2947, loss: 0.2947
2026-08-22 17:29:24,138 - pyskl - INFO - Epoch [7][1200/5537]	lr: 1.679e-02, eta: 1 day, 14:26:00, time: 2.561, data_time: 0.000, memory: 5243, top1_acc: 0.9012, top5_acc: 0.9859, loss_cls: 0.3289, loss: 0.3289
2026-08-22 17:33:40,382 - pyskl - INFO - Epoch [7][1300/5537]	lr: 1.675e-02, eta: 1 day, 14:21:46, time: 2.562, data_time: 0.000, memory: 5243, top1_acc: 0.9044, top5_acc: 0.9866, loss_cls: 0.3189, loss: 0.3189
2026-08-22 17:37:55,280 - pyskl - INFO - Epoch [7][1400/5537]	lr: 1.670e-02, eta: 1 day, 14:17:30, time: 2.549, data_time: 0.001, memory: 5243, top1_acc: 0.9028, top5_acc: 0.9866, loss_cls: 0.3182, loss: 0.3182
2026-08-22 17:42:11,143 - pyskl - INFO - Epoch [7][1500/5537]	lr: 1.666e-02, eta: 1 day, 14:13:15, time: 2.559, data_time: 0.000, memory: 5243, top1_acc: 0.9038, top5_acc: 0.9888, loss_cls: 0.3146, loss: 0.3146
2026-08-22 17:46:26,573 - pyskl - INFO - Epoch [7][1600/5537]	lr: 1.662e-02, eta: 1 day, 14:09:00, time: 2.554, data_time: 0.000, memory: 5243, top1_acc: 0.9056, top5_acc: 0.9900, loss_cls: 0.3056, loss: 0.3056
2026-08-22 17:50:41,127 - pyskl - INFO - Epoch [7][1700/5537]	lr: 1.658e-02, eta: 1 day, 14:04:43, time: 2.546, data_time: 0.000, memory: 5243, top1_acc: 0.9028, top5_acc: 0.9875, loss_cls: 0.3178, loss: 0.3178
2026-08-22 17:54:56,798 - pyskl - INFO - Epoch [7][1800/5537]	lr: 1.654e-02, eta: 1 day, 14:00:28, time: 2.557, data_time: 0.000, memory: 5243, top1_acc: 0.9109, top5_acc: 0.9903, loss_cls: 0.3078, loss: 0.3078
2026-08-22 17:59:12,496 - pyskl - INFO - Epoch [7][1900/5537]	lr: 1.650e-02, eta: 1 day, 13:56:13, time: 2.557, data_time: 0.000, memory: 5243, top1_acc: 0.9078, top5_acc: 0.9931, loss_cls: 0.2964, loss: 0.2964
2026-08-22 18:03:28,217 - pyskl - INFO - Epoch [7][2000/5537]	lr: 1.645e-02, eta: 1 day, 13:51:58, time: 2.557, data_time: 0.000, memory: 5243, top1_acc: 0.9000, top5_acc: 0.9878, loss_cls: 0.3225, loss: 0.3225
2026-08-22 18:07:43,728 - pyskl - INFO - Epoch [7][2100/5537]	lr: 1.641e-02, eta: 1 day, 13:47:42, time: 2.555, data_time: 0.000, memory: 5243, top1_acc: 0.9153, top5_acc: 0.9900, loss_cls: 0.2843, loss: 0.2843
2026-08-22 18:11:59,426 - pyskl - INFO - Epoch [7][2200/5537]	lr: 1.637e-02, eta: 1 day, 13:43:27, time: 2.557, data_time: 0.000, memory: 5243, top1_acc: 0.9150, top5_acc: 0.9888, loss_cls: 0.2940, loss: 0.2940
2026-08-22 18:16:15,521 - pyskl - INFO - Epoch [7][2300/5537]	lr: 1.633e-02, eta: 1 day, 13:39:13, time: 2.561, data_time: 0.000, memory: 5243, top1_acc: 0.9084, top5_acc: 0.9903, loss_cls: 0.2993, loss: 0.2993
2026-08-22 18:20:30,826 - pyskl - INFO - Epoch [7][2400/5537]	lr: 1.628e-02, eta: 1 day, 13:34:57, time: 2.553, data_time: 0.000, memory: 5243, top1_acc: 0.9137, top5_acc: 0.9909, loss_cls: 0.2761, loss: 0.2761
2026-08-22 18:24:46,856 - pyskl - INFO - Epoch [7][2500/5537]	lr: 1.624e-02, eta: 1 day, 13:30:43, time: 2.560, data_time: 0.000, memory: 5243, top1_acc: 0.8994, top5_acc: 0.9888, loss_cls: 0.3087, loss: 0.3087
2026-08-22 18:29:03,370 - pyskl - INFO - Epoch [7][2600/5537]	lr: 1.620e-02, eta: 1 day, 13:26:29, time: 2.565, data_time: 0.000, memory: 5243, top1_acc: 0.9031, top5_acc: 0.9909, loss_cls: 0.3091, loss: 0.3091
2026-08-22 18:33:19,001 - pyskl - INFO - Epoch [7][2700/5537]	lr: 1.616e-02, eta: 1 day, 13:22:14, time: 2.556, data_time: 0.000, memory: 5243, top1_acc: 0.9166, top5_acc: 0.9906, loss_cls: 0.2902, loss: 0.2902
2026-08-22 18:37:34,729 - pyskl - INFO - Epoch [7][2800/5537]	lr: 1.612e-02, eta: 1 day, 13:17:59, time: 2.557, data_time: 0.000, memory: 5243, top1_acc: 0.9100, top5_acc: 0.9891, loss_cls: 0.3022, loss: 0.3022
2026-08-22 18:41:51,419 - pyskl - INFO - Epoch [7][2900/5537]	lr: 1.607e-02, eta: 1 day, 13:13:45, time: 2.567, data_time: 0.000, memory: 5243, top1_acc: 0.9069, top5_acc: 0.9888, loss_cls: 0.3089, loss: 0.3089
2026-08-22 18:46:07,472 - pyskl - INFO - Epoch [7][3000/5537]	lr: 1.603e-02, eta: 1 day, 13:09:31, time: 2.561, data_time: 0.000, memory: 5243, top1_acc: 0.9050, top5_acc: 0.9891, loss_cls: 0.2958, loss: 0.2958
2026-08-22 18:50:22,165 - pyskl - INFO - Epoch [7][3100/5537]	lr: 1.599e-02, eta: 1 day, 13:05:14, time: 2.547, data_time: 0.000, memory: 5243, top1_acc: 0.9122, top5_acc: 0.9934, loss_cls: 0.2820, loss: 0.2820
2026-08-22 18:54:38,565 - pyskl - INFO - Epoch [7][3200/5537]	lr: 1.595e-02, eta: 1 day, 13:01:00, time: 2.564, data_time: 0.000, memory: 5243, top1_acc: 0.9109, top5_acc: 0.9906, loss_cls: 0.2933, loss: 0.2933
2026-08-22 18:58:54,555 - pyskl - INFO - Epoch [7][3300/5537]	lr: 1.590e-02, eta: 1 day, 12:56:46, time: 2.560, data_time: 0.000, memory: 5243, top1_acc: 0.9078, top5_acc: 0.9894, loss_cls: 0.3039, loss: 0.3039
2026-08-22 19:03:09,859 - pyskl - INFO - Epoch [7][3400/5537]	lr: 1.586e-02, eta: 1 day, 12:52:30, time: 2.553, data_time: 0.000, memory: 5243, top1_acc: 0.9122, top5_acc: 0.9944, loss_cls: 0.2818, loss: 0.2818
2026-08-22 19:07:26,377 - pyskl - INFO - Epoch [7][3500/5537]	lr: 1.582e-02, eta: 1 day, 12:48:16, time: 2.565, data_time: 0.000, memory: 5243, top1_acc: 0.9056, top5_acc: 0.9888, loss_cls: 0.2999, loss: 0.2999
2026-08-22 19:11:41,756 - pyskl - INFO - Epoch [7][3600/5537]	lr: 1.577e-02, eta: 1 day, 12:44:01, time: 2.554, data_time: 0.000, memory: 5243, top1_acc: 0.9134, top5_acc: 0.9903, loss_cls: 0.2840, loss: 0.2840
2026-08-22 19:15:58,022 - pyskl - INFO - Epoch [7][3700/5537]	lr: 1.573e-02, eta: 1 day, 12:39:46, time: 2.563, data_time: 0.000, memory: 5243, top1_acc: 0.9184, top5_acc: 0.9916, loss_cls: 0.2692, loss: 0.2692
2026-08-22 19:20:12,870 - pyskl - INFO - Epoch [7][3800/5537]	lr: 1.569e-02, eta: 1 day, 12:35:30, time: 2.548, data_time: 0.000, memory: 5243, top1_acc: 0.9128, top5_acc: 0.9894, loss_cls: 0.2891, loss: 0.2891
2026-08-22 19:24:29,157 - pyskl - INFO - Epoch [7][3900/5537]	lr: 1.565e-02, eta: 1 day, 12:31:16, time: 2.563, data_time: 0.000, memory: 5243, top1_acc: 0.9197, top5_acc: 0.9931, loss_cls: 0.2682, loss: 0.2682
2026-08-22 19:28:45,275 - pyskl - INFO - Epoch [7][4000/5537]	lr: 1.560e-02, eta: 1 day, 12:27:01, time: 2.561, data_time: 0.000, memory: 5243, top1_acc: 0.9231, top5_acc: 0.9894, loss_cls: 0.2715, loss: 0.2715
2026-08-22 19:33:00,650 - pyskl - INFO - Epoch [7][4100/5537]	lr: 1.556e-02, eta: 1 day, 12:22:46, time: 2.554, data_time: 0.000, memory: 5243, top1_acc: 0.9041, top5_acc: 0.9894, loss_cls: 0.3020, loss: 0.3020
2026-08-22 19:37:17,148 - pyskl - INFO - Epoch [7][4200/5537]	lr: 1.552e-02, eta: 1 day, 12:18:32, time: 2.565, data_time: 0.000, memory: 5243, top1_acc: 0.9206, top5_acc: 0.9928, loss_cls: 0.2544, loss: 0.2544
2026-08-22 19:41:32,571 - pyskl - INFO - Epoch [7][4300/5537]	lr: 1.547e-02, eta: 1 day, 12:14:16, time: 2.554, data_time: 0.000, memory: 5243, top1_acc: 0.9206, top5_acc: 0.9903, loss_cls: 0.2695, loss: 0.2695
2026-08-22 19:45:48,848 - pyskl - INFO - Epoch [7][4400/5537]	lr: 1.543e-02, eta: 1 day, 12:10:02, time: 2.563, data_time: 0.000, memory: 5243, top1_acc: 0.9072, top5_acc: 0.9903, loss_cls: 0.2942, loss: 0.2942
2026-08-22 19:50:04,023 - pyskl - INFO - Epoch [7][4500/5537]	lr: 1.539e-02, eta: 1 day, 12:05:46, time: 2.552, data_time: 0.000, memory: 5243, top1_acc: 0.9078, top5_acc: 0.9888, loss_cls: 0.3011, loss: 0.3011
2026-08-22 19:54:19,721 - pyskl - INFO - Epoch [7][4600/5537]	lr: 1.535e-02, eta: 1 day, 12:01:31, time: 2.557, data_time: 0.000, memory: 5243, top1_acc: 0.9087, top5_acc: 0.9900, loss_cls: 0.2913, loss: 0.2913
2026-08-22 19:58:36,061 - pyskl - INFO - Epoch [7][4700/5537]	lr: 1.530e-02, eta: 1 day, 11:57:17, time: 2.563, data_time: 0.000, memory: 5243, top1_acc: 0.9103, top5_acc: 0.9900, loss_cls: 0.2893, loss: 0.2893
2026-08-22 20:02:51,068 - pyskl - INFO - Epoch [7][4800/5537]	lr: 1.526e-02, eta: 1 day, 11:53:01, time: 2.550, data_time: 0.000, memory: 5243, top1_acc: 0.9147, top5_acc: 0.9906, loss_cls: 0.2839, loss: 0.2839
2026-08-22 20:07:07,009 - pyskl - INFO - Epoch [7][4900/5537]	lr: 1.522e-02, eta: 1 day, 11:48:46, time: 2.559, data_time: 0.000, memory: 5243, top1_acc: 0.9109, top5_acc: 0.9884, loss_cls: 0.2947, loss: 0.2947
2026-08-22 20:11:23,326 - pyskl - INFO - Epoch [7][5000/5537]	lr: 1.517e-02, eta: 1 day, 11:44:32, time: 2.563, data_time: 0.000, memory: 5243, top1_acc: 0.9075, top5_acc: 0.9919, loss_cls: 0.2956, loss: 0.2956
2026-08-22 20:15:39,624 - pyskl - INFO - Epoch [7][5100/5537]	lr: 1.513e-02, eta: 1 day, 11:40:17, time: 2.563, data_time: 0.000, memory: 5243, top1_acc: 0.9137, top5_acc: 0.9897, loss_cls: 0.2881, loss: 0.2881
2026-08-22 20:19:54,467 - pyskl - INFO - Epoch [7][5200/5537]	lr: 1.509e-02, eta: 1 day, 11:36:01, time: 2.548, data_time: 0.000, memory: 5243, top1_acc: 0.9131, top5_acc: 0.9891, loss_cls: 0.2890, loss: 0.2890
2026-08-22 20:24:09,980 - pyskl - INFO - Epoch [7][5300/5537]	lr: 1.504e-02, eta: 1 day, 11:31:46, time: 2.555, data_time: 0.000, memory: 5243, top1_acc: 0.9184, top5_acc: 0.9906, loss_cls: 0.2708, loss: 0.2708
2026-08-22 20:28:26,380 - pyskl - INFO - Epoch [7][5400/5537]	lr: 1.500e-02, eta: 1 day, 11:27:31, time: 2.564, data_time: 0.000, memory: 5243, top1_acc: 0.9213, top5_acc: 0.9916, loss_cls: 0.2523, loss: 0.2523
2026-08-22 20:32:40,940 - pyskl - INFO - Epoch [7][5500/5537]	lr: 1.496e-02, eta: 1 day, 11:23:15, time: 2.546, data_time: 0.000, memory: 5243, top1_acc: 0.9219, top5_acc: 0.9916, loss_cls: 0.2632, loss: 0.2632
2026-08-22 20:34:16,364 - pyskl - INFO - Saving checkpoint at 7 epochs
2026-08-22 20:40:12,943 - pyskl - INFO - Evaluating top_k_accuracy ...
2026-08-22 20:40:12,955 - pyskl - INFO - 
top1_acc	0.8359
top5_acc	0.9744
2026-08-22 20:40:12,956 - pyskl - INFO - The previous best checkpoint D:\YxjProject\pythonProject\pyskl\work_dirs\aug_baseline\stgcnpp_j\train\A0_clean\best_top1_acc_epoch_6.pth was removed
2026-08-22 20:40:13,023 - pyskl - INFO - Now best checkpoint is saved as best_top1_acc_epoch_7.pth.
2026-08-22 20:40:13,023 - pyskl - INFO - Best top1_acc is 0.8359 at 7 epoch.
2026-08-22 20:40:13,024 - pyskl - INFO - Epoch(val) [7][146]	top1_acc: 0.8359, top5_acc: 0.9744
2026-08-22 20:44:34,502 - pyskl - INFO - Epoch [8][100/5537]	lr: 1.490e-02, eta: 1 day, 11:15:31, time: 2.615, data_time: 0.067, memory: 5243, top1_acc: 0.9244, top5_acc: 0.9928, loss_cls: 0.2422, loss: 0.2422
2026-08-22 20:48:50,285 - pyskl - INFO - Epoch [8][200/5537]	lr: 1.485e-02, eta: 1 day, 11:11:17, time: 2.558, data_time: 0.000, memory: 5243, top1_acc: 0.9231, top5_acc: 0.9912, loss_cls: 0.2456, loss: 0.2456
2026-08-22 20:53:06,429 - pyskl - INFO - Epoch [8][300/5537]	lr: 1.481e-02, eta: 1 day, 11:07:03, time: 2.561, data_time: 0.000, memory: 5243, top1_acc: 0.9291, top5_acc: 0.9925, loss_cls: 0.2310, loss: 0.2310
2026-08-22 20:57:21,889 - pyskl - INFO - Epoch [8][400/5537]	lr: 1.476e-02, eta: 1 day, 11:02:48, time: 2.555, data_time: 0.000, memory: 5243, top1_acc: 0.9231, top5_acc: 0.9906, loss_cls: 0.2681, loss: 0.2681
2026-08-22 21:01:36,965 - pyskl - INFO - Epoch [8][500/5537]	lr: 1.472e-02, eta: 1 day, 10:58:33, time: 2.551, data_time: 0.000, memory: 5243, top1_acc: 0.9256, top5_acc: 0.9897, loss_cls: 0.2503, loss: 0.2503
2026-08-22 21:05:52,112 - pyskl - INFO - Epoch [8][600/5537]	lr: 1.468e-02, eta: 1 day, 10:54:17, time: 2.551, data_time: 0.000, memory: 5243, top1_acc: 0.9128, top5_acc: 0.9922, loss_cls: 0.2761, loss: 0.2761
2026-08-22 21:10:07,812 - pyskl - INFO - Epoch [8][700/5537]	lr: 1.463e-02, eta: 1 day, 10:50:03, time: 2.557, data_time: 0.000, memory: 5243, top1_acc: 0.9203, top5_acc: 0.9909, loss_cls: 0.2637, loss: 0.2637
2026-08-22 21:14:22,410 - pyskl - INFO - Epoch [8][800/5537]	lr: 1.459e-02, eta: 1 day, 10:45:47, time: 2.546, data_time: 0.000, memory: 5243, top1_acc: 0.9122, top5_acc: 0.9903, loss_cls: 0.2850, loss: 0.2850
2026-08-22 21:18:38,335 - pyskl - INFO - Epoch [8][900/5537]	lr: 1.455e-02, eta: 1 day, 10:41:32, time: 2.559, data_time: 0.000, memory: 5243, top1_acc: 0.9284, top5_acc: 0.9928, loss_cls: 0.2394, loss: 0.2394
2026-08-22 21:22:54,129 - pyskl - INFO - Epoch [8][1000/5537]	lr: 1.450e-02, eta: 1 day, 10:37:18, time: 2.558, data_time: 0.000, memory: 5243, top1_acc: 0.9213, top5_acc: 0.9916, loss_cls: 0.2590, loss: 0.2590
2026-08-22 21:27:08,785 - pyskl - INFO - Epoch [8][1100/5537]	lr: 1.446e-02, eta: 1 day, 10:33:02, time: 2.547, data_time: 0.000, memory: 5243, top1_acc: 0.9219, top5_acc: 0.9906, loss_cls: 0.2613, loss: 0.2613
2026-08-22 21:31:25,250 - pyskl - INFO - Epoch [8][1200/5537]	lr: 1.442e-02, eta: 1 day, 10:28:48, time: 2.565, data_time: 0.000, memory: 5243, top1_acc: 0.9231, top5_acc: 0.9934, loss_cls: 0.2539, loss: 0.2539
2026-08-22 21:35:40,532 - pyskl - INFO - Epoch [8][1300/5537]	lr: 1.437e-02, eta: 1 day, 10:24:33, time: 2.553, data_time: 0.000, memory: 5243, top1_acc: 0.9159, top5_acc: 0.9906, loss_cls: 0.2764, loss: 0.2764
2026-08-22 21:39:56,741 - pyskl - INFO - Epoch [8][1400/5537]	lr: 1.433e-02, eta: 1 day, 10:20:19, time: 2.562, data_time: 0.000, memory: 5243, top1_acc: 0.9200, top5_acc: 0.9934, loss_cls: 0.2581, loss: 0.2581
2026-08-22 21:44:11,087 - pyskl - INFO - Epoch [8][1500/5537]	lr: 1.428e-02, eta: 1 day, 10:16:02, time: 2.543, data_time: 0.000, memory: 5243, top1_acc: 0.9278, top5_acc: 0.9944, loss_cls: 0.2409, loss: 0.2409
2026-08-22 21:48:27,001 - pyskl - INFO - Epoch [8][1600/5537]	lr: 1.424e-02, eta: 1 day, 10:11:48, time: 2.559, data_time: 0.000, memory: 5243, top1_acc: 0.9081, top5_acc: 0.9909, loss_cls: 0.2854, loss: 0.2854
2026-08-22 21:52:43,159 - pyskl - INFO - Epoch [8][1700/5537]	lr: 1.420e-02, eta: 1 day, 10:07:34, time: 2.562, data_time: 0.000, memory: 5243, top1_acc: 0.9175, top5_acc: 0.9938, loss_cls: 0.2712, loss: 0.2712
2026-08-22 21:56:57,611 - pyskl - INFO - Epoch [8][1800/5537]	lr: 1.415e-02, eta: 1 day, 10:03:18, time: 2.545, data_time: 0.000, memory: 5243, top1_acc: 0.9109, top5_acc: 0.9906, loss_cls: 0.2794, loss: 0.2794
2026-08-22 22:01:13,401 - pyskl - INFO - Epoch [8][1900/5537]	lr: 1.411e-02, eta: 1 day, 9:59:03, time: 2.558, data_time: 0.000, memory: 5243, top1_acc: 0.9125, top5_acc: 0.9928, loss_cls: 0.2730, loss: 0.2730
2026-08-22 22:05:29,521 - pyskl - INFO - Epoch [8][2000/5537]	lr: 1.406e-02, eta: 1 day, 9:54:49, time: 2.561, data_time: 0.000, memory: 5243, top1_acc: 0.9178, top5_acc: 0.9903, loss_cls: 0.2585, loss: 0.2585
2026-08-22 22:09:45,527 - pyskl - INFO - Epoch [8][2100/5537]	lr: 1.402e-02, eta: 1 day, 9:50:35, time: 2.560, data_time: 0.000, memory: 5243, top1_acc: 0.9294, top5_acc: 0.9941, loss_cls: 0.2426, loss: 0.2426
2026-08-22 22:14:00,090 - pyskl - INFO - Epoch [8][2200/5537]	lr: 1.398e-02, eta: 1 day, 9:46:18, time: 2.546, data_time: 0.000, memory: 5243, top1_acc: 0.9275, top5_acc: 0.9916, loss_cls: 0.2383, loss: 0.2383
2026-08-22 22:18:15,759 - pyskl - INFO - Epoch [8][2300/5537]	lr: 1.393e-02, eta: 1 day, 9:42:04, time: 2.557, data_time: 0.000, memory: 5243, top1_acc: 0.9259, top5_acc: 0.9903, loss_cls: 0.2479, loss: 0.2479
2026-08-22 22:22:31,455 - pyskl - INFO - Epoch [8][2400/5537]	lr: 1.389e-02, eta: 1 day, 9:37:49, time: 2.557, data_time: 0.000, memory: 5243, top1_acc: 0.9269, top5_acc: 0.9916, loss_cls: 0.2497, loss: 0.2497
2026-08-22 22:26:46,290 - pyskl - INFO - Epoch [8][2500/5537]	lr: 1.384e-02, eta: 1 day, 9:33:33, time: 2.548, data_time: 0.000, memory: 5243, top1_acc: 0.9281, top5_acc: 0.9931, loss_cls: 0.2397, loss: 0.2397
2026-08-22 22:31:02,410 - pyskl - INFO - Epoch [8][2600/5537]	lr: 1.380e-02, eta: 1 day, 9:29:19, time: 2.561, data_time: 0.000, memory: 5243, top1_acc: 0.9175, top5_acc: 0.9916, loss_cls: 0.2618, loss: 0.2618
2026-08-22 22:35:18,283 - pyskl - INFO - Epoch [8][2700/5537]	lr: 1.376e-02, eta: 1 day, 9:25:05, time: 2.559, data_time: 0.000, memory: 5243, top1_acc: 0.9209, top5_acc: 0.9884, loss_cls: 0.2658, loss: 0.2658
2026-08-22 22:39:33,725 - pyskl - INFO - Epoch [8][2800/5537]	lr: 1.371e-02, eta: 1 day, 9:20:50, time: 2.554, data_time: 0.000, memory: 5243, top1_acc: 0.9334, top5_acc: 0.9934, loss_cls: 0.2226, loss: 0.2226
2026-08-22 22:43:48,658 - pyskl - INFO - Epoch [8][2900/5537]	lr: 1.367e-02, eta: 1 day, 9:16:34, time: 2.549, data_time: 0.000, memory: 5243, top1_acc: 0.9206, top5_acc: 0.9928, loss_cls: 0.2621, loss: 0.2621
2026-08-22 22:48:04,661 - pyskl - INFO - Epoch [8][3000/5537]	lr: 1.362e-02, eta: 1 day, 9:12:20, time: 2.560, data_time: 0.000, memory: 5243, top1_acc: 0.9278, top5_acc: 0.9934, loss_cls: 0.2320, loss: 0.2320
2026-08-22 22:52:20,645 - pyskl - INFO - Epoch [8][3100/5537]	lr: 1.358e-02, eta: 1 day, 9:08:05, time: 2.560, data_time: 0.000, memory: 5243, top1_acc: 0.9213, top5_acc: 0.9931, loss_cls: 0.2492, loss: 0.2492
2026-08-22 22:56:35,182 - pyskl - INFO - Epoch [8][3200/5537]	lr: 1.354e-02, eta: 1 day, 9:03:49, time: 2.545, data_time: 0.000, memory: 5243, top1_acc: 0.9225, top5_acc: 0.9947, loss_cls: 0.2487, loss: 0.2487
2026-08-22 23:00:51,066 - pyskl - INFO - Epoch [8][3300/5537]	lr: 1.349e-02, eta: 1 day, 8:59:35, time: 2.559, data_time: 0.000, memory: 5243, top1_acc: 0.9337, top5_acc: 0.9928, loss_cls: 0.2243, loss: 0.2243
2026-08-22 23:05:06,221 - pyskl - INFO - Epoch [8][3400/5537]	lr: 1.345e-02, eta: 1 day, 8:55:19, time: 2.552, data_time: 0.000, memory: 5243, top1_acc: 0.9250, top5_acc: 0.9956, loss_cls: 0.2368, loss: 0.2368
2026-08-22 23:09:20,842 - pyskl - INFO - Epoch [8][3500/5537]	lr: 1.340e-02, eta: 1 day, 8:51:03, time: 2.546, data_time: 0.000, memory: 5243, top1_acc: 0.9300, top5_acc: 0.9919, loss_cls: 0.2395, loss: 0.2395
2026-08-22 23:13:36,376 - pyskl - INFO - Epoch [8][3600/5537]	lr: 1.336e-02, eta: 1 day, 8:46:48, time: 2.555, data_time: 0.000, memory: 5243, top1_acc: 0.9337, top5_acc: 0.9944, loss_cls: 0.2250, loss: 0.2250
2026-08-22 23:17:51,642 - pyskl - INFO - Epoch [8][3700/5537]	lr: 1.331e-02, eta: 1 day, 8:42:33, time: 2.553, data_time: 0.000, memory: 5243, top1_acc: 0.9269, top5_acc: 0.9944, loss_cls: 0.2491, loss: 0.2491
2026-08-22 23:22:07,867 - pyskl - INFO - Epoch [8][3800/5537]	lr: 1.327e-02, eta: 1 day, 8:38:19, time: 2.562, data_time: 0.000, memory: 5243, top1_acc: 0.9297, top5_acc: 0.9938, loss_cls: 0.2312, loss: 0.2312
2026-08-22 23:26:22,089 - pyskl - INFO - Epoch [8][3900/5537]	lr: 1.323e-02, eta: 1 day, 8:34:03, time: 2.542, data_time: 0.000, memory: 5243, top1_acc: 0.9197, top5_acc: 0.9906, loss_cls: 0.2540, loss: 0.2540
2026-08-22 23:30:37,732 - pyskl - INFO - Epoch [8][4000/5537]	lr: 1.318e-02, eta: 1 day, 8:29:48, time: 2.556, data_time: 0.000, memory: 5243, top1_acc: 0.9363, top5_acc: 0.9931, loss_cls: 0.2235, loss: 0.2235
2026-08-22 23:34:54,247 - pyskl - INFO - Epoch [8][4100/5537]	lr: 1.314e-02, eta: 1 day, 8:25:34, time: 2.565, data_time: 0.000, memory: 5243, top1_acc: 0.9213, top5_acc: 0.9944, loss_cls: 0.2579, loss: 0.2579
2026-08-22 23:39:08,961 - pyskl - INFO - Epoch [8][4200/5537]	lr: 1.309e-02, eta: 1 day, 8:21:18, time: 2.547, data_time: 0.000, memory: 5243, top1_acc: 0.9159, top5_acc: 0.9922, loss_cls: 0.2604, loss: 0.2604
2026-08-22 23:43:24,190 - pyskl - INFO - Epoch [8][4300/5537]	lr: 1.305e-02, eta: 1 day, 8:17:03, time: 2.552, data_time: 0.000, memory: 5243, top1_acc: 0.9219, top5_acc: 0.9928, loss_cls: 0.2625, loss: 0.2625
2026-08-22 23:47:39,299 - pyskl - INFO - Epoch [8][4400/5537]	lr: 1.300e-02, eta: 1 day, 8:12:47, time: 2.551, data_time: 0.000, memory: 5243, top1_acc: 0.9178, top5_acc: 0.9919, loss_cls: 0.2539, loss: 0.2539
2026-08-22 23:51:55,148 - pyskl - INFO - Epoch [8][4500/5537]	lr: 1.296e-02, eta: 1 day, 8:08:33, time: 2.558, data_time: 0.000, memory: 5243, top1_acc: 0.9253, top5_acc: 0.9922, loss_cls: 0.2466, loss: 0.2466
2026-08-22 23:56:10,165 - pyskl - INFO - Epoch [8][4600/5537]	lr: 1.292e-02, eta: 1 day, 8:04:17, time: 2.550, data_time: 0.000, memory: 5243, top1_acc: 0.9156, top5_acc: 0.9919, loss_cls: 0.2723, loss: 0.2723
2026-08-23 00:00:26,104 - pyskl - INFO - Epoch [8][4700/5537]	lr: 1.287e-02, eta: 1 day, 8:00:03, time: 2.559, data_time: 0.000, memory: 5243, top1_acc: 0.9275, top5_acc: 0.9944, loss_cls: 0.2352, loss: 0.2352
2026-08-23 00:04:41,471 - pyskl - INFO - Epoch [8][4800/5537]	lr: 1.283e-02, eta: 1 day, 7:55:47, time: 2.554, data_time: 0.000, memory: 5243, top1_acc: 0.9275, top5_acc: 0.9928, loss_cls: 0.2300, loss: 0.2300
2026-08-23 00:08:56,104 - pyskl - INFO - Epoch [8][4900/5537]	lr: 1.278e-02, eta: 1 day, 7:51:32, time: 2.546, data_time: 0.000, memory: 5243, top1_acc: 0.9347, top5_acc: 0.9953, loss_cls: 0.2284, loss: 0.2284
2026-08-23 00:13:11,373 - pyskl - INFO - Epoch [8][5000/5537]	lr: 1.274e-02, eta: 1 day, 7:47:16, time: 2.553, data_time: 0.000, memory: 5243, top1_acc: 0.9337, top5_acc: 0.9934, loss_cls: 0.2207, loss: 0.2207
2026-08-23 00:17:26,854 - pyskl - INFO - Epoch [8][5100/5537]	lr: 1.269e-02, eta: 1 day, 7:43:01, time: 2.555, data_time: 0.000, memory: 5243, top1_acc: 0.9325, top5_acc: 0.9944, loss_cls: 0.2189, loss: 0.2189
2026-08-23 00:21:43,260 - pyskl - INFO - Epoch [8][5200/5537]	lr: 1.265e-02, eta: 1 day, 7:38:47, time: 2.564, data_time: 0.000, memory: 5243, top1_acc: 0.9313, top5_acc: 0.9938, loss_cls: 0.2327, loss: 0.2327
2026-08-23 00:25:58,129 - pyskl - INFO - Epoch [8][5300/5537]	lr: 1.261e-02, eta: 1 day, 7:34:32, time: 2.549, data_time: 0.000, memory: 5243, top1_acc: 0.9216, top5_acc: 0.9925, loss_cls: 0.2504, loss: 0.2504
2026-08-23 00:30:14,443 - pyskl - INFO - Epoch [8][5400/5537]	lr: 1.256e-02, eta: 1 day, 7:30:17, time: 2.563, data_time: 0.000, memory: 5243, top1_acc: 0.9325, top5_acc: 0.9953, loss_cls: 0.2182, loss: 0.2182
2026-08-23 00:34:30,347 - pyskl - INFO - Epoch [8][5500/5537]	lr: 1.252e-02, eta: 1 day, 7:26:03, time: 2.559, data_time: 0.000, memory: 5243, top1_acc: 0.9313, top5_acc: 0.9922, loss_cls: 0.2340, loss: 0.2340
2026-08-23 00:36:04,681 - pyskl - INFO - Saving checkpoint at 8 epochs
2026-08-23 00:42:02,102 - pyskl - INFO - Evaluating top_k_accuracy ...
2026-08-23 00:42:02,114 - pyskl - INFO - 
top1_acc	0.8473
top5_acc	0.9742
2026-08-23 00:42:02,115 - pyskl - INFO - The previous best checkpoint D:\YxjProject\pythonProject\pyskl\work_dirs\aug_baseline\stgcnpp_j\train\A0_clean\best_top1_acc_epoch_7.pth was removed
2026-08-23 00:42:02,183 - pyskl - INFO - Now best checkpoint is saved as best_top1_acc_epoch_8.pth.
2026-08-23 00:42:02,183 - pyskl - INFO - Best top1_acc is 0.8473 at 8 epoch.
2026-08-23 00:42:02,183 - pyskl - INFO - Epoch(val) [8][146]	top1_acc: 0.8473, top5_acc: 0.9742
2026-08-23 00:46:24,760 - pyskl - INFO - Epoch [9][100/5537]	lr: 1.246e-02, eta: 1 day, 7:18:46, time: 2.626, data_time: 0.067, memory: 5243, top1_acc: 0.9331, top5_acc: 0.9931, loss_cls: 0.2171, loss: 0.2171
2026-08-23 00:50:39,741 - pyskl - INFO - Epoch [9][200/5537]	lr: 1.241e-02, eta: 1 day, 7:14:31, time: 2.550, data_time: 0.000, memory: 5243, top1_acc: 0.9287, top5_acc: 0.9959, loss_cls: 0.2231, loss: 0.2231
2026-08-23 00:54:55,805 - pyskl - INFO - Epoch [9][300/5537]	lr: 1.237e-02, eta: 1 day, 7:10:17, time: 2.561, data_time: 0.000, memory: 5243, top1_acc: 0.9363, top5_acc: 0.9928, loss_cls: 0.2242, loss: 0.2242
2026-08-23 00:59:11,406 - pyskl - INFO - Epoch [9][400/5537]	lr: 1.232e-02, eta: 1 day, 7:06:03, time: 2.556, data_time: 0.000, memory: 5243, top1_acc: 0.9350, top5_acc: 0.9944, loss_cls: 0.2112, loss: 0.2112
2026-08-23 01:03:27,497 - pyskl - INFO - Epoch [9][500/5537]	lr: 1.228e-02, eta: 1 day, 7:01:49, time: 2.561, data_time: 0.000, memory: 5243, top1_acc: 0.9381, top5_acc: 0.9938, loss_cls: 0.2060, loss: 0.2060
2026-08-23 01:07:42,300 - pyskl - INFO - Epoch [9][600/5537]	lr: 1.223e-02, eta: 1 day, 6:57:33, time: 2.548, data_time: 0.000, memory: 5243, top1_acc: 0.9391, top5_acc: 0.9934, loss_cls: 0.1985, loss: 0.1985
2026-08-23 01:11:57,882 - pyskl - INFO - Epoch [9][700/5537]	lr: 1.219e-02, eta: 1 day, 6:53:19, time: 2.556, data_time: 0.000, memory: 5243, top1_acc: 0.9272, top5_acc: 0.9941, loss_cls: 0.2316, loss: 0.2316
2026-08-23 01:16:13,151 - pyskl - INFO - Epoch [9][800/5537]	lr: 1.215e-02, eta: 1 day, 6:49:04, time: 2.553, data_time: 0.000, memory: 5243, top1_acc: 0.9416, top5_acc: 0.9944, loss_cls: 0.2026, loss: 0.2026
2026-08-23 01:20:28,171 - pyskl - INFO - Epoch [9][900/5537]	lr: 1.210e-02, eta: 1 day, 6:44:49, time: 2.550, data_time: 0.000, memory: 5243, top1_acc: 0.9334, top5_acc: 0.9956, loss_cls: 0.2147, loss: 0.2147
2026-08-23 01:24:43,450 - pyskl - INFO - Epoch [9][1000/5537]	lr: 1.206e-02, eta: 1 day, 6:40:34, time: 2.553, data_time: 0.000, memory: 5243, top1_acc: 0.9328, top5_acc: 0.9906, loss_cls: 0.2318, loss: 0.2318
2026-08-23 01:29:00,730 - pyskl - INFO - Epoch [9][1100/5537]	lr: 1.201e-02, eta: 1 day, 6:36:21, time: 2.573, data_time: 0.000, memory: 5243, top1_acc: 0.9369, top5_acc: 0.9947, loss_cls: 0.2088, loss: 0.2088
2026-08-23 01:33:16,358 - pyskl - INFO - Epoch [9][1200/5537]	lr: 1.197e-02, eta: 1 day, 6:32:06, time: 2.556, data_time: 0.000, memory: 5243, top1_acc: 0.9378, top5_acc: 0.9941, loss_cls: 0.2015, loss: 0.2015
2026-08-23 01:37:32,407 - pyskl - INFO - Epoch [9][1300/5537]	lr: 1.192e-02, eta: 1 day, 6:27:52, time: 2.560, data_time: 0.000, memory: 5243, top1_acc: 0.9381, top5_acc: 0.9950, loss_cls: 0.2087, loss: 0.2087
2026-08-23 01:41:47,792 - pyskl - INFO - Epoch [9][1400/5537]	lr: 1.188e-02, eta: 1 day, 6:23:37, time: 2.554, data_time: 0.000, memory: 5243, top1_acc: 0.9472, top5_acc: 0.9956, loss_cls: 0.1791, loss: 0.1791
2026-08-23 01:46:03,122 - pyskl - INFO - Epoch [9][1500/5537]	lr: 1.184e-02, eta: 1 day, 6:19:23, time: 2.553, data_time: 0.000, memory: 5243, top1_acc: 0.9378, top5_acc: 0.9944, loss_cls: 0.2129, loss: 0.2129
2026-08-23 01:50:18,646 - pyskl - INFO - Epoch [9][1600/5537]	lr: 1.179e-02, eta: 1 day, 6:15:08, time: 2.555, data_time: 0.000, memory: 5243, top1_acc: 0.9297, top5_acc: 0.9944, loss_cls: 0.2295, loss: 0.2295
2026-08-23 01:54:33,871 - pyskl - INFO - Epoch [9][1700/5537]	lr: 1.175e-02, eta: 1 day, 6:10:53, time: 2.552, data_time: 0.000, memory: 5243, top1_acc: 0.9331, top5_acc: 0.9934, loss_cls: 0.2349, loss: 0.2349
2026-08-23 01:58:49,656 - pyskl - INFO - Epoch [9][1800/5537]	lr: 1.170e-02, eta: 1 day, 6:06:38, time: 2.558, data_time: 0.000, memory: 5243, top1_acc: 0.9422, top5_acc: 0.9956, loss_cls: 0.1963, loss: 0.1963
2026-08-23 02:03:04,843 - pyskl - INFO - Epoch [9][1900/5537]	lr: 1.166e-02, eta: 1 day, 6:02:24, time: 2.552, data_time: 0.000, memory: 5243, top1_acc: 0.9366, top5_acc: 0.9934, loss_cls: 0.2202, loss: 0.2202
2026-08-23 02:07:20,836 - pyskl - INFO - Epoch [9][2000/5537]	lr: 1.161e-02, eta: 1 day, 5:58:09, time: 2.560, data_time: 0.000, memory: 5243, top1_acc: 0.9413, top5_acc: 0.9931, loss_cls: 0.2140, loss: 0.2140
2026-08-23 02:11:35,928 - pyskl - INFO - Epoch [9][2100/5537]	lr: 1.157e-02, eta: 1 day, 5:53:54, time: 2.551, data_time: 0.000, memory: 5243, top1_acc: 0.9450, top5_acc: 0.9956, loss_cls: 0.1892, loss: 0.1892
2026-08-23 02:15:52,019 - pyskl - INFO - Epoch [9][2200/5537]	lr: 1.153e-02, eta: 1 day, 5:49:40, time: 2.561, data_time: 0.000, memory: 5243, top1_acc: 0.9331, top5_acc: 0.9928, loss_cls: 0.2174, loss: 0.2174
2026-08-23 02:20:06,705 - pyskl - INFO - Epoch [9][2300/5537]	lr: 1.148e-02, eta: 1 day, 5:45:25, time: 2.547, data_time: 0.000, memory: 5243, top1_acc: 0.9344, top5_acc: 0.9947, loss_cls: 0.2136, loss: 0.2136
2026-08-23 02:24:22,347 - pyskl - INFO - Epoch [9][2400/5537]	lr: 1.144e-02, eta: 1 day, 5:41:10, time: 2.556, data_time: 0.000, memory: 5243, top1_acc: 0.9381, top5_acc: 0.9941, loss_cls: 0.2148, loss: 0.2148
2026-08-23 02:28:38,163 - pyskl - INFO - Epoch [9][2500/5537]	lr: 1.139e-02, eta: 1 day, 5:36:56, time: 2.558, data_time: 0.000, memory: 5243, top1_acc: 0.9334, top5_acc: 0.9956, loss_cls: 0.2143, loss: 0.2143
2026-08-23 02:32:53,171 - pyskl - INFO - Epoch [9][2600/5537]	lr: 1.135e-02, eta: 1 day, 5:32:40, time: 2.550, data_time: 0.000, memory: 5243, top1_acc: 0.9369, top5_acc: 0.9959, loss_cls: 0.2060, loss: 0.2060
2026-08-23 02:37:09,695 - pyskl - INFO - Epoch [9][2700/5537]	lr: 1.131e-02, eta: 1 day, 5:28:27, time: 2.565, data_time: 0.000, memory: 5243, top1_acc: 0.9422, top5_acc: 0.9956, loss_cls: 0.1893, loss: 0.1893
2026-08-23 02:41:24,729 - pyskl - INFO - Epoch [9][2800/5537]	lr: 1.126e-02, eta: 1 day, 5:24:11, time: 2.550, data_time: 0.000, memory: 5243, top1_acc: 0.9434, top5_acc: 0.9941, loss_cls: 0.1897, loss: 0.1897
2026-08-23 02:45:40,275 - pyskl - INFO - Epoch [9][2900/5537]	lr: 1.122e-02, eta: 1 day, 5:19:57, time: 2.555, data_time: 0.000, memory: 5243, top1_acc: 0.9297, top5_acc: 0.9931, loss_cls: 0.2290, loss: 0.2290
2026-08-23 02:49:55,161 - pyskl - INFO - Epoch [9][3000/5537]	lr: 1.117e-02, eta: 1 day, 5:15:41, time: 2.549, data_time: 0.000, memory: 5243, top1_acc: 0.9359, top5_acc: 0.9947, loss_cls: 0.2087, loss: 0.2087
2026-08-23 02:54:10,685 - pyskl - INFO - Epoch [9][3100/5537]	lr: 1.113e-02, eta: 1 day, 5:11:27, time: 2.555, data_time: 0.000, memory: 5243, top1_acc: 0.9469, top5_acc: 0.9966, loss_cls: 0.1865, loss: 0.1865
2026-08-23 02:58:26,640 - pyskl - INFO - Epoch [9][3200/5537]	lr: 1.109e-02, eta: 1 day, 5:07:12, time: 2.560, data_time: 0.000, memory: 5243, top1_acc: 0.9419, top5_acc: 0.9947, loss_cls: 0.2019, loss: 0.2019
2026-08-23 03:02:40,876 - pyskl - INFO - Epoch [9][3300/5537]	lr: 1.104e-02, eta: 1 day, 5:02:57, time: 2.542, data_time: 0.000, memory: 5243, top1_acc: 0.9384, top5_acc: 0.9953, loss_cls: 0.1971, loss: 0.1971
2026-08-23 03:06:56,349 - pyskl - INFO - Epoch [9][3400/5537]	lr: 1.100e-02, eta: 1 day, 4:58:42, time: 2.555, data_time: 0.000, memory: 5243, top1_acc: 0.9409, top5_acc: 0.9950, loss_cls: 0.1950, loss: 0.1950
2026-08-23 03:11:12,841 - pyskl - INFO - Epoch [9][3500/5537]	lr: 1.095e-02, eta: 1 day, 4:54:28, time: 2.565, data_time: 0.000, memory: 5243, top1_acc: 0.9491, top5_acc: 0.9972, loss_cls: 0.1794, loss: 0.1794
2026-08-23 03:15:28,390 - pyskl - INFO - Epoch [9][3600/5537]	lr: 1.091e-02, eta: 1 day, 4:50:13, time: 2.555, data_time: 0.000, memory: 5243, top1_acc: 0.9425, top5_acc: 0.9938, loss_cls: 0.2030, loss: 0.2030
2026-08-23 03:19:43,043 - pyskl - INFO - Epoch [9][3700/5537]	lr: 1.087e-02, eta: 1 day, 4:45:58, time: 2.547, data_time: 0.000, memory: 5243, top1_acc: 0.9400, top5_acc: 0.9944, loss_cls: 0.2017, loss: 0.2017
2026-08-23 03:23:58,163 - pyskl - INFO - Epoch [9][3800/5537]	lr: 1.082e-02, eta: 1 day, 4:41:43, time: 2.551, data_time: 0.000, memory: 5243, top1_acc: 0.9459, top5_acc: 0.9938, loss_cls: 0.1992, loss: 0.1992
2026-08-23 03:28:13,764 - pyskl - INFO - Epoch [9][3900/5537]	lr: 1.078e-02, eta: 1 day, 4:37:28, time: 2.556, data_time: 0.000, memory: 5243, top1_acc: 0.9313, top5_acc: 0.9925, loss_cls: 0.2196, loss: 0.2196
2026-08-23 03:32:28,046 - pyskl - INFO - Epoch [9][4000/5537]	lr: 1.073e-02, eta: 1 day, 4:33:12, time: 2.543, data_time: 0.000, memory: 5243, top1_acc: 0.9503, top5_acc: 0.9956, loss_cls: 0.1712, loss: 0.1712
2026-08-23 03:36:43,994 - pyskl - INFO - Epoch [9][4100/5537]	lr: 1.069e-02, eta: 1 day, 4:28:58, time: 2.559, data_time: 0.000, memory: 5243, top1_acc: 0.9413, top5_acc: 0.9969, loss_cls: 0.2009, loss: 0.2009
2026-08-23 03:40:59,894 - pyskl - INFO - Epoch [9][4200/5537]	lr: 1.065e-02, eta: 1 day, 4:24:43, time: 2.559, data_time: 0.000, memory: 5243, top1_acc: 0.9391, top5_acc: 0.9969, loss_cls: 0.1927, loss: 0.1927
2026-08-23 03:45:14,801 - pyskl - INFO - Epoch [9][4300/5537]	lr: 1.060e-02, eta: 1 day, 4:20:28, time: 2.549, data_time: 0.000, memory: 5243, top1_acc: 0.9428, top5_acc: 0.9969, loss_cls: 0.1860, loss: 0.1860
2026-08-23 03:49:29,586 - pyskl - INFO - Epoch [9][4400/5537]	lr: 1.056e-02, eta: 1 day, 4:16:13, time: 2.548, data_time: 0.000, memory: 5243, top1_acc: 0.9406, top5_acc: 0.9956, loss_cls: 0.1876, loss: 0.1876
2026-08-23 03:53:45,167 - pyskl - INFO - Epoch [9][4500/5537]	lr: 1.051e-02, eta: 1 day, 4:11:58, time: 2.556, data_time: 0.000, memory: 5243, top1_acc: 0.9406, top5_acc: 0.9953, loss_cls: 0.1952, loss: 0.1952
2026-08-23 03:58:01,526 - pyskl - INFO - Epoch [9][4600/5537]	lr: 1.047e-02, eta: 1 day, 4:07:44, time: 2.564, data_time: 0.000, memory: 5243, top1_acc: 0.9422, top5_acc: 0.9959, loss_cls: 0.1975, loss: 0.1975
2026-08-23 04:02:15,477 - pyskl - INFO - Epoch [9][4700/5537]	lr: 1.043e-02, eta: 1 day, 4:03:28, time: 2.539, data_time: 0.000, memory: 5243, top1_acc: 0.9537, top5_acc: 0.9953, loss_cls: 0.1692, loss: 0.1692
2026-08-23 04:06:30,962 - pyskl - INFO - Epoch [9][4800/5537]	lr: 1.038e-02, eta: 1 day, 3:59:13, time: 2.555, data_time: 0.000, memory: 5243, top1_acc: 0.9441, top5_acc: 0.9959, loss_cls: 0.1749, loss: 0.1749
2026-08-23 04:10:46,549 - pyskl - INFO - Epoch [9][4900/5537]	lr: 1.034e-02, eta: 1 day, 3:54:59, time: 2.556, data_time: 0.000, memory: 5243, top1_acc: 0.9406, top5_acc: 0.9947, loss_cls: 0.1970, loss: 0.1970
2026-08-23 04:15:00,904 - pyskl - INFO - Epoch [9][5000/5537]	lr: 1.030e-02, eta: 1 day, 3:50:43, time: 2.544, data_time: 0.000, memory: 5243, top1_acc: 0.9491, top5_acc: 0.9962, loss_cls: 0.1807, loss: 0.1807
2026-08-23 04:19:16,840 - pyskl - INFO - Epoch [9][5100/5537]	lr: 1.025e-02, eta: 1 day, 3:46:28, time: 2.559, data_time: 0.000, memory: 5243, top1_acc: 0.9466, top5_acc: 0.9931, loss_cls: 0.1891, loss: 0.1891
2026-08-23 04:23:32,434 - pyskl - INFO - Epoch [9][5200/5537]	lr: 1.021e-02, eta: 1 day, 3:42:14, time: 2.556, data_time: 0.000, memory: 5243, top1_acc: 0.9537, top5_acc: 0.9947, loss_cls: 0.1705, loss: 0.1705
2026-08-23 04:27:48,934 - pyskl - INFO - Epoch [9][5300/5537]	lr: 1.016e-02, eta: 1 day, 3:38:00, time: 2.565, data_time: 0.000, memory: 5243, top1_acc: 0.9563, top5_acc: 0.9966, loss_cls: 0.1555, loss: 0.1555
2026-08-23 04:32:03,036 - pyskl - INFO - Epoch [9][5400/5537]	lr: 1.012e-02, eta: 1 day, 3:33:44, time: 2.541, data_time: 0.000, memory: 5243, top1_acc: 0.9503, top5_acc: 0.9978, loss_cls: 0.1755, loss: 0.1755
2026-08-23 04:36:18,606 - pyskl - INFO - Epoch [9][5500/5537]	lr: 1.008e-02, eta: 1 day, 3:29:29, time: 2.556, data_time: 0.000, memory: 5243, top1_acc: 0.9494, top5_acc: 0.9972, loss_cls: 0.1707, loss: 0.1707
2026-08-23 04:37:52,972 - pyskl - INFO - Saving checkpoint at 9 epochs
2026-08-23 04:43:50,412 - pyskl - INFO - Evaluating top_k_accuracy ...
2026-08-23 04:43:50,422 - pyskl - INFO - 
top1_acc	0.8299
top5_acc	0.9714
2026-08-23 04:43:50,424 - pyskl - INFO - Epoch(val) [9][146]	top1_acc: 0.8299, top5_acc: 0.9714
2026-08-23 04:48:12,848 - pyskl - INFO - Epoch [10][100/5537]	lr: 1.002e-02, eta: 1 day, 3:22:32, time: 2.624, data_time: 0.066, memory: 5243, top1_acc: 0.9441, top5_acc: 0.9972, loss_cls: 0.1732, loss: 0.1732
2026-08-23 04:52:29,269 - pyskl - INFO - Epoch [10][200/5537]	lr: 9.975e-03, eta: 1 day, 3:18:18, time: 2.564, data_time: 0.000, memory: 5243, top1_acc: 0.9425, top5_acc: 0.9969, loss_cls: 0.1895, loss: 0.1895
2026-08-23 04:56:43,850 - pyskl - INFO - Epoch [10][300/5537]	lr: 9.932e-03, eta: 1 day, 3:14:03, time: 2.546, data_time: 0.000, memory: 5243, top1_acc: 0.9494, top5_acc: 0.9950, loss_cls: 0.1770, loss: 0.1770
2026-08-23 05:00:59,147 - pyskl - INFO - Epoch [10][400/5537]	lr: 9.888e-03, eta: 1 day, 3:09:49, time: 2.553, data_time: 0.000, memory: 5243, top1_acc: 0.9525, top5_acc: 0.9950, loss_cls: 0.1666, loss: 0.1666
2026-08-23 05:05:15,375 - pyskl - INFO - Epoch [10][500/5537]	lr: 9.845e-03, eta: 1 day, 3:05:35, time: 2.562, data_time: 0.000, memory: 5243, top1_acc: 0.9553, top5_acc: 0.9966, loss_cls: 0.1562, loss: 0.1562
2026-08-23 05:09:31,232 - pyskl - INFO - Epoch [10][600/5537]	lr: 9.802e-03, eta: 1 day, 3:01:20, time: 2.559, data_time: 0.000, memory: 5243, top1_acc: 0.9569, top5_acc: 0.9981, loss_cls: 0.1503, loss: 0.1503
2026-08-23 05:13:46,283 - pyskl - INFO - Epoch [10][700/5537]	lr: 9.758e-03, eta: 1 day, 2:57:05, time: 2.551, data_time: 0.000, memory: 5243, top1_acc: 0.9537, top5_acc: 0.9969, loss_cls: 0.1596, loss: 0.1596
2026-08-23 05:18:01,851 - pyskl - INFO - Epoch [10][800/5537]	lr: 9.715e-03, eta: 1 day, 2:52:51, time: 2.556, data_time: 0.000, memory: 5243, top1_acc: 0.9531, top5_acc: 0.9969, loss_cls: 0.1631, loss: 0.1631
2026-08-23 05:22:17,708 - pyskl - INFO - Epoch [10][900/5537]	lr: 9.672e-03, eta: 1 day, 2:48:37, time: 2.559, data_time: 0.000, memory: 5243, top1_acc: 0.9513, top5_acc: 0.9962, loss_cls: 0.1630, loss: 0.1630
2026-08-23 05:26:31,936 - pyskl - INFO - Epoch [10][1000/5537]	lr: 9.629e-03, eta: 1 day, 2:44:21, time: 2.542, data_time: 0.000, memory: 5243, top1_acc: 0.9466, top5_acc: 0.9975, loss_cls: 0.1747, loss: 0.1747
2026-08-23 05:30:47,965 - pyskl - INFO - Epoch [10][1100/5537]	lr: 9.586e-03, eta: 1 day, 2:40:07, time: 2.560, data_time: 0.000, memory: 5243, top1_acc: 0.9581, top5_acc: 0.9978, loss_cls: 0.1494, loss: 0.1494
2026-08-23 05:35:03,147 - pyskl - INFO - Epoch [10][1200/5537]	lr: 9.542e-03, eta: 1 day, 2:35:52, time: 2.552, data_time: 0.000, memory: 5243, top1_acc: 0.9541, top5_acc: 0.9962, loss_cls: 0.1597, loss: 0.1597
2026-08-23 05:39:18,401 - pyskl - INFO - Epoch [10][1300/5537]	lr: 9.499e-03, eta: 1 day, 2:31:38, time: 2.553, data_time: 0.000, memory: 5243, top1_acc: 0.9581, top5_acc: 0.9988, loss_cls: 0.1443, loss: 0.1443
2026-08-23 05:43:33,729 - pyskl - INFO - Epoch [10][1400/5537]	lr: 9.456e-03, eta: 1 day, 2:27:23, time: 2.553, data_time: 0.000, memory: 5243, top1_acc: 0.9559, top5_acc: 0.9966, loss_cls: 0.1513, loss: 0.1513
2026-08-23 05:47:49,554 - pyskl - INFO - Epoch [10][1500/5537]	lr: 9.413e-03, eta: 1 day, 2:23:09, time: 2.558, data_time: 0.000, memory: 5243, top1_acc: 0.9450, top5_acc: 0.9962, loss_cls: 0.1789, loss: 0.1789
2026-08-23 05:52:05,767 - pyskl - INFO - Epoch [10][1600/5537]	lr: 9.370e-03, eta: 1 day, 2:18:55, time: 2.562, data_time: 0.000, memory: 5243, top1_acc: 0.9519, top5_acc: 0.9984, loss_cls: 0.1609, loss: 0.1609
2026-08-23 05:56:19,966 - pyskl - INFO - Epoch [10][1700/5537]	lr: 9.328e-03, eta: 1 day, 2:14:39, time: 2.542, data_time: 0.000, memory: 5243, top1_acc: 0.9509, top5_acc: 0.9984, loss_cls: 0.1694, loss: 0.1694
2026-08-23 06:00:35,443 - pyskl - INFO - Epoch [10][1800/5537]	lr: 9.285e-03, eta: 1 day, 2:10:25, time: 2.555, data_time: 0.000, memory: 5243, top1_acc: 0.9569, top5_acc: 0.9966, loss_cls: 0.1567, loss: 0.1567
2026-08-23 06:04:51,454 - pyskl - INFO - Epoch [10][1900/5537]	lr: 9.242e-03, eta: 1 day, 2:06:10, time: 2.560, data_time: 0.000, memory: 5243, top1_acc: 0.9509, top5_acc: 0.9978, loss_cls: 0.1660, loss: 0.1660
2026-08-23 06:09:05,835 - pyskl - INFO - Epoch [10][2000/5537]	lr: 9.199e-03, eta: 1 day, 2:01:55, time: 2.544, data_time: 0.000, memory: 5243, top1_acc: 0.9569, top5_acc: 0.9975, loss_cls: 0.1498, loss: 0.1498
2026-08-23 06:13:21,793 - pyskl - INFO - Epoch [10][2100/5537]	lr: 9.156e-03, eta: 1 day, 1:57:41, time: 2.560, data_time: 0.000, memory: 5243, top1_acc: 0.9600, top5_acc: 0.9981, loss_cls: 0.1379, loss: 0.1379
2026-08-23 06:17:37,056 - pyskl - INFO - Epoch [10][2200/5537]	lr: 9.114e-03, eta: 1 day, 1:53:26, time: 2.553, data_time: 0.000, memory: 5243, top1_acc: 0.9484, top5_acc: 0.9962, loss_cls: 0.1763, loss: 0.1763
2026-08-23 06:21:52,685 - pyskl - INFO - Epoch [10][2300/5537]	lr: 9.071e-03, eta: 1 day, 1:49:12, time: 2.556, data_time: 0.000, memory: 5243, top1_acc: 0.9497, top5_acc: 0.9947, loss_cls: 0.1663, loss: 0.1663
2026-08-23 06:26:07,030 - pyskl - INFO - Epoch [10][2400/5537]	lr: 9.028e-03, eta: 1 day, 1:44:56, time: 2.543, data_time: 0.000, memory: 5243, top1_acc: 0.9509, top5_acc: 0.9966, loss_cls: 0.1779, loss: 0.1779
2026-08-23 06:30:22,851 - pyskl - INFO - Epoch [10][2500/5537]	lr: 8.986e-03, eta: 1 day, 1:40:42, time: 2.558, data_time: 0.000, memory: 5243, top1_acc: 0.9609, top5_acc: 0.9962, loss_cls: 0.1406, loss: 0.1406
2026-08-23 06:34:39,148 - pyskl - INFO - Epoch [10][2600/5537]	lr: 8.943e-03, eta: 1 day, 1:36:28, time: 2.563, data_time: 0.000, memory: 5243, top1_acc: 0.9584, top5_acc: 0.9978, loss_cls: 0.1424, loss: 0.1424
2026-08-23 06:38:54,231 - pyskl - INFO - Epoch [10][2700/5537]	lr: 8.901e-03, eta: 1 day, 1:32:13, time: 2.551, data_time: 0.000, memory: 5243, top1_acc: 0.9500, top5_acc: 0.9969, loss_cls: 0.1685, loss: 0.1685
2026-08-23 06:43:10,350 - pyskl - INFO - Epoch [10][2800/5537]	lr: 8.859e-03, eta: 1 day, 1:27:59, time: 2.561, data_time: 0.000, memory: 5243, top1_acc: 0.9631, top5_acc: 0.9975, loss_cls: 0.1311, loss: 0.1311
2026-08-23 06:47:26,722 - pyskl - INFO - Epoch [10][2900/5537]	lr: 8.816e-03, eta: 1 day, 1:23:45, time: 2.564, data_time: 0.000, memory: 5243, top1_acc: 0.9625, top5_acc: 0.9975, loss_cls: 0.1332, loss: 0.1332
2026-08-23 06:51:43,179 - pyskl - INFO - Epoch [10][3000/5537]	lr: 8.774e-03, eta: 1 day, 1:19:31, time: 2.565, data_time: 0.000, memory: 5243, top1_acc: 0.9594, top5_acc: 0.9988, loss_cls: 0.1401, loss: 0.1401
2026-08-23 06:55:58,389 - pyskl - INFO - Epoch [10][3100/5537]	lr: 8.732e-03, eta: 1 day, 1:15:16, time: 2.552, data_time: 0.000, memory: 5243, top1_acc: 0.9625, top5_acc: 0.9972, loss_cls: 0.1383, loss: 0.1383
2026-08-23 07:00:14,515 - pyskl - INFO - Epoch [10][3200/5537]	lr: 8.689e-03, eta: 1 day, 1:11:02, time: 2.561, data_time: 0.000, memory: 5243, top1_acc: 0.9575, top5_acc: 0.9975, loss_cls: 0.1458, loss: 0.1458
2026-08-23 07:04:30,478 - pyskl - INFO - Epoch [10][3300/5537]	lr: 8.647e-03, eta: 1 day, 1:06:48, time: 2.560, data_time: 0.000, memory: 5243, top1_acc: 0.9606, top5_acc: 0.9969, loss_cls: 0.1402, loss: 0.1402
2026-08-23 07:08:45,405 - pyskl - INFO - Epoch [10][3400/5537]	lr: 8.605e-03, eta: 1 day, 1:02:33, time: 2.549, data_time: 0.000, memory: 5243, top1_acc: 0.9622, top5_acc: 0.9978, loss_cls: 0.1388, loss: 0.1388
2026-08-23 07:13:01,661 - pyskl - INFO - Epoch [10][3500/5537]	lr: 8.563e-03, eta: 1 day, 0:58:19, time: 2.563, data_time: 0.000, memory: 5243, top1_acc: 0.9531, top5_acc: 0.9959, loss_cls: 0.1557, loss: 0.1557
2026-08-23 07:17:17,591 - pyskl - INFO - Epoch [10][3600/5537]	lr: 8.521e-03, eta: 1 day, 0:54:04, time: 2.559, data_time: 0.000, memory: 5243, top1_acc: 0.9616, top5_acc: 0.9984, loss_cls: 0.1300, loss: 0.1300
2026-08-23 07:21:33,892 - pyskl - INFO - Epoch [10][3700/5537]	lr: 8.479e-03, eta: 1 day, 0:49:50, time: 2.563, data_time: 0.000, memory: 5243, top1_acc: 0.9591, top5_acc: 0.9972, loss_cls: 0.1356, loss: 0.1356
2026-08-23 07:25:49,901 - pyskl - INFO - Epoch [10][3800/5537]	lr: 8.437e-03, eta: 1 day, 0:45:36, time: 2.560, data_time: 0.000, memory: 5243, top1_acc: 0.9569, top5_acc: 0.9966, loss_cls: 0.1459, loss: 0.1459
2026-08-23 07:30:05,386 - pyskl - INFO - Epoch [10][3900/5537]	lr: 8.395e-03, eta: 1 day, 0:41:21, time: 2.555, data_time: 0.000, memory: 5243, top1_acc: 0.9563, top5_acc: 0.9969, loss_cls: 0.1494, loss: 0.1494
2026-08-23 07:34:21,498 - pyskl - INFO - Epoch [10][4000/5537]	lr: 8.353e-03, eta: 1 day, 0:37:07, time: 2.561, data_time: 0.000, memory: 5243, top1_acc: 0.9578, top5_acc: 0.9966, loss_cls: 0.1511, loss: 0.1511
2026-08-23 07:38:36,293 - pyskl - INFO - Epoch [10][4100/5537]	lr: 8.311e-03, eta: 1 day, 0:32:52, time: 2.548, data_time: 0.000, memory: 5243, top1_acc: 0.9628, top5_acc: 0.9991, loss_cls: 0.1379, loss: 0.1379
2026-08-23 07:42:52,563 - pyskl - INFO - Epoch [10][4200/5537]	lr: 8.270e-03, eta: 1 day, 0:28:38, time: 2.563, data_time: 0.000, memory: 5243, top1_acc: 0.9606, top5_acc: 0.9975, loss_cls: 0.1400, loss: 0.1400
2026-08-23 07:47:08,386 - pyskl - INFO - Epoch [10][4300/5537]	lr: 8.228e-03, eta: 1 day, 0:24:23, time: 2.558, data_time: 0.000, memory: 5243, top1_acc: 0.9578, top5_acc: 0.9969, loss_cls: 0.1450, loss: 0.1450
2026-08-23 07:51:24,083 - pyskl - INFO - Epoch [10][4400/5537]	lr: 8.186e-03, eta: 1 day, 0:20:09, time: 2.557, data_time: 0.000, memory: 5243, top1_acc: 0.9637, top5_acc: 0.9975, loss_cls: 0.1292, loss: 0.1292
2026-08-23 07:55:39,230 - pyskl - INFO - Epoch [10][4500/5537]	lr: 8.145e-03, eta: 1 day, 0:15:54, time: 2.551, data_time: 0.000, memory: 5243, top1_acc: 0.9591, top5_acc: 0.9978, loss_cls: 0.1316, loss: 0.1316
2026-08-23 07:59:54,560 - pyskl - INFO - Epoch [10][4600/5537]	lr: 8.103e-03, eta: 1 day, 0:11:39, time: 2.553, data_time: 0.000, memory: 5243, top1_acc: 0.9622, top5_acc: 0.9978, loss_cls: 0.1283, loss: 0.1283
2026-08-23 08:04:10,568 - pyskl - INFO - Epoch [10][4700/5537]	lr: 8.062e-03, eta: 1 day, 0:07:25, time: 2.560, data_time: 0.000, memory: 5243, top1_acc: 0.9678, top5_acc: 0.9972, loss_cls: 0.1298, loss: 0.1298
2026-08-23 08:08:25,260 - pyskl - INFO - Epoch [10][4800/5537]	lr: 8.020e-03, eta: 1 day, 0:03:10, time: 2.547, data_time: 0.000, memory: 5243, top1_acc: 0.9656, top5_acc: 0.9988, loss_cls: 0.1250, loss: 0.1250
2026-08-23 08:12:41,500 - pyskl - INFO - Epoch [10][4900/5537]	lr: 7.979e-03, eta: 23:58:55, time: 2.562, data_time: 0.000, memory: 5243, top1_acc: 0.9691, top5_acc: 0.9969, loss_cls: 0.1250, loss: 0.1250
2026-08-23 08:16:57,840 - pyskl - INFO - Epoch [10][5000/5537]	lr: 7.938e-03, eta: 23:54:41, time: 2.563, data_time: 0.000, memory: 5243, top1_acc: 0.9644, top5_acc: 0.9966, loss_cls: 0.1284, loss: 0.1284
2026-08-23 08:21:12,666 - pyskl - INFO - Epoch [10][5100/5537]	lr: 7.896e-03, eta: 23:50:26, time: 2.548, data_time: 0.000, memory: 5243, top1_acc: 0.9628, top5_acc: 0.9988, loss_cls: 0.1312, loss: 0.1312
2026-08-23 08:25:28,449 - pyskl - INFO - Epoch [10][5200/5537]	lr: 7.855e-03, eta: 23:46:12, time: 2.558, data_time: 0.000, memory: 5243, top1_acc: 0.9666, top5_acc: 0.9962, loss_cls: 0.1272, loss: 0.1272
2026-08-23 08:29:44,346 - pyskl - INFO - Epoch [10][5300/5537]	lr: 7.814e-03, eta: 23:41:57, time: 2.559, data_time: 0.000, memory: 5243, top1_acc: 0.9656, top5_acc: 0.9972, loss_cls: 0.1263, loss: 0.1263
2026-08-23 08:34:00,407 - pyskl - INFO - Epoch [10][5400/5537]	lr: 7.773e-03, eta: 23:37:43, time: 2.561, data_time: 0.000, memory: 5243, top1_acc: 0.9666, top5_acc: 0.9984, loss_cls: 0.1240, loss: 0.1240
2026-08-23 08:38:14,992 - pyskl - INFO - Epoch [10][5500/5537]	lr: 7.732e-03, eta: 23:33:28, time: 2.546, data_time: 0.000, memory: 5243, top1_acc: 0.9594, top5_acc: 0.9972, loss_cls: 0.1469, loss: 0.1469
2026-08-23 08:39:50,715 - pyskl - INFO - Saving checkpoint at 10 epochs
2026-08-23 08:46:04,283 - pyskl - INFO - Evaluating top_k_accuracy ...
2026-08-23 08:46:04,296 - pyskl - INFO - 
top1_acc	0.8494
top5_acc	0.9787
2026-08-23 08:46:04,297 - pyskl - INFO - The previous best checkpoint D:\YxjProject\pythonProject\pyskl\work_dirs\aug_baseline\stgcnpp_j\train\A0_clean\best_top1_acc_epoch_8.pth was removed
2026-08-23 08:46:04,367 - pyskl - INFO - Now best checkpoint is saved as best_top1_acc_epoch_10.pth.
2026-08-23 08:46:04,367 - pyskl - INFO - Best top1_acc is 0.8494 at 10 epoch.
2026-08-23 08:46:04,368 - pyskl - INFO - Epoch(val) [10][146]	top1_acc: 0.8494, top5_acc: 0.9787
2026-08-23 08:50:25,958 - pyskl - INFO - Epoch [11][100/5537]	lr: 7.676e-03, eta: 23:26:46, time: 2.616, data_time: 0.066, memory: 5243, top1_acc: 0.9666, top5_acc: 0.9991, loss_cls: 0.1184, loss: 0.1184
2026-08-23 08:54:40,936 - pyskl - INFO - Epoch [11][200/5537]	lr: 7.635e-03, eta: 23:22:31, time: 2.550, data_time: 0.000, memory: 5243, top1_acc: 0.9666, top5_acc: 0.9975, loss_cls: 0.1246, loss: 0.1246
2026-08-23 08:58:57,453 - pyskl - INFO - Epoch [11][300/5537]	lr: 7.594e-03, eta: 23:18:17, time: 2.565, data_time: 0.000, memory: 5243, top1_acc: 0.9672, top5_acc: 0.9981, loss_cls: 0.1158, loss: 0.1158
2026-08-23 09:03:12,872 - pyskl - INFO - Epoch [11][400/5537]	lr: 7.554e-03, eta: 23:14:03, time: 2.554, data_time: 0.000, memory: 5243, top1_acc: 0.9694, top5_acc: 0.9975, loss_cls: 0.1131, loss: 0.1131
2026-08-23 09:07:28,842 - pyskl - INFO - Epoch [11][500/5537]	lr: 7.513e-03, eta: 23:09:49, time: 2.560, data_time: 0.000, memory: 5243, top1_acc: 0.9719, top5_acc: 0.9978, loss_cls: 0.1094, loss: 0.1094
2026-08-23 09:11:44,662 - pyskl - INFO - Epoch [11][600/5537]	lr: 7.472e-03, eta: 23:05:34, time: 2.558, data_time: 0.000, memory: 5243, top1_acc: 0.9734, top5_acc: 0.9984, loss_cls: 0.1031, loss: 0.1031
2026-08-23 09:16:01,203 - pyskl - INFO - Epoch [11][700/5537]	lr: 7.432e-03, eta: 23:01:21, time: 2.565, data_time: 0.001, memory: 5243, top1_acc: 0.9734, top5_acc: 0.9991, loss_cls: 0.1002, loss: 0.1002
2026-08-23 09:20:15,722 - pyskl - INFO - Epoch [11][800/5537]	lr: 7.391e-03, eta: 22:57:05, time: 2.545, data_time: 0.000, memory: 5243, top1_acc: 0.9738, top5_acc: 0.9988, loss_cls: 0.1061, loss: 0.1061
2026-08-23 09:24:32,211 - pyskl - INFO - Epoch [11][900/5537]	lr: 7.351e-03, eta: 22:52:52, time: 2.565, data_time: 0.000, memory: 5243, top1_acc: 0.9722, top5_acc: 0.9988, loss_cls: 0.0974, loss: 0.0974
2026-08-23 09:28:48,497 - pyskl - INFO - Epoch [11][1000/5537]	lr: 7.310e-03, eta: 22:48:38, time: 2.563, data_time: 0.000, memory: 5243, top1_acc: 0.9744, top5_acc: 0.9994, loss_cls: 0.1046, loss: 0.1046
2026-08-23 09:33:03,555 - pyskl - INFO - Epoch [11][1100/5537]	lr: 7.270e-03, eta: 22:44:23, time: 2.551, data_time: 0.000, memory: 5243, top1_acc: 0.9688, top5_acc: 0.9981, loss_cls: 0.1094, loss: 0.1094
2026-08-23 09:37:19,654 - pyskl - INFO - Epoch [11][1200/5537]	lr: 7.230e-03, eta: 22:40:09, time: 2.561, data_time: 0.000, memory: 5243, top1_acc: 0.9734, top5_acc: 0.9991, loss_cls: 0.1007, loss: 0.1007
2026-08-23 09:41:35,417 - pyskl - INFO - Epoch [11][1300/5537]	lr: 7.190e-03, eta: 22:35:54, time: 2.558, data_time: 0.000, memory: 5243, top1_acc: 0.9709, top5_acc: 0.9984, loss_cls: 0.1092, loss: 0.1092
2026-08-23 09:45:51,061 - pyskl - INFO - Epoch [11][1400/5537]	lr: 7.150e-03, eta: 22:31:40, time: 2.556, data_time: 0.000, memory: 5243, top1_acc: 0.9716, top5_acc: 0.9984, loss_cls: 0.1135, loss: 0.1135
2026-08-23 09:50:05,804 - pyskl - INFO - Epoch [11][1500/5537]	lr: 7.110e-03, eta: 22:27:25, time: 2.547, data_time: 0.001, memory: 5243, top1_acc: 0.9700, top5_acc: 0.9981, loss_cls: 0.1092, loss: 0.1092
2026-08-23 09:54:21,444 - pyskl - INFO - Epoch [11][1600/5537]	lr: 7.070e-03, eta: 22:23:11, time: 2.556, data_time: 0.000, memory: 5243, top1_acc: 0.9691, top5_acc: 0.9994, loss_cls: 0.1041, loss: 0.1041
2026-08-23 09:58:37,182 - pyskl - INFO - Epoch [11][1700/5537]	lr: 7.030e-03, eta: 22:18:56, time: 2.557, data_time: 0.000, memory: 5243, top1_acc: 0.9716, top5_acc: 0.9994, loss_cls: 0.1081, loss: 0.1081
2026-08-23 10:02:51,816 - pyskl - INFO - Epoch [11][1800/5537]	lr: 6.990e-03, eta: 22:14:41, time: 2.546, data_time: 0.000, memory: 5243, top1_acc: 0.9681, top5_acc: 0.9988, loss_cls: 0.1154, loss: 0.1154
2026-08-23 10:07:08,367 - pyskl - INFO - Epoch [11][1900/5537]	lr: 6.950e-03, eta: 22:10:27, time: 2.566, data_time: 0.000, memory: 5243, top1_acc: 0.9784, top5_acc: 0.9991, loss_cls: 0.0899, loss: 0.0899
2026-08-23 10:11:24,258 - pyskl - INFO - Epoch [11][2000/5537]	lr: 6.911e-03, eta: 22:06:13, time: 2.559, data_time: 0.000, memory: 5243, top1_acc: 0.9688, top5_acc: 0.9984, loss_cls: 0.1167, loss: 0.1167
2026-08-23 10:15:40,153 - pyskl - INFO - Epoch [11][2100/5537]	lr: 6.871e-03, eta: 22:01:59, time: 2.559, data_time: 0.000, memory: 5243, top1_acc: 0.9709, top5_acc: 0.9991, loss_cls: 0.1078, loss: 0.1078
2026-08-23 10:19:54,985 - pyskl - INFO - Epoch [11][2200/5537]	lr: 6.831e-03, eta: 21:57:44, time: 2.548, data_time: 0.000, memory: 5243, top1_acc: 0.9753, top5_acc: 0.9981, loss_cls: 0.1072, loss: 0.1072
2026-08-23 10:24:10,684 - pyskl - INFO - Epoch [11][2300/5537]	lr: 6.792e-03, eta: 21:53:29, time: 2.557, data_time: 0.000, memory: 5243, top1_acc: 0.9772, top5_acc: 0.9991, loss_cls: 0.0897, loss: 0.0897
2026-08-23 10:28:26,502 - pyskl - INFO - Epoch [11][2400/5537]	lr: 6.752e-03, eta: 21:49:15, time: 2.558, data_time: 0.000, memory: 5243, top1_acc: 0.9722, top5_acc: 0.9991, loss_cls: 0.1058, loss: 0.1058
2026-08-23 10:32:41,517 - pyskl - INFO - Epoch [11][2500/5537]	lr: 6.713e-03, eta: 21:45:00, time: 2.550, data_time: 0.000, memory: 5243, top1_acc: 0.9738, top5_acc: 0.9984, loss_cls: 0.1057, loss: 0.1057
2026-08-23 10:36:57,195 - pyskl - INFO - Epoch [11][2600/5537]	lr: 6.674e-03, eta: 21:40:46, time: 2.557, data_time: 0.000, memory: 5243, top1_acc: 0.9753, top5_acc: 0.9994, loss_cls: 0.0908, loss: 0.0908
2026-08-23 10:41:13,410 - pyskl - INFO - Epoch [11][2700/5537]	lr: 6.635e-03, eta: 21:36:32, time: 2.562, data_time: 0.000, memory: 5243, top1_acc: 0.9781, top5_acc: 0.9991, loss_cls: 0.0903, loss: 0.0903
2026-08-23 10:45:29,563 - pyskl - INFO - Epoch [11][2800/5537]	lr: 6.596e-03, eta: 21:32:17, time: 2.562, data_time: 0.000, memory: 5243, top1_acc: 0.9775, top5_acc: 0.9981, loss_cls: 0.0963, loss: 0.0963
2026-08-23 10:49:45,031 - pyskl - INFO - Epoch [11][2900/5537]	lr: 6.557e-03, eta: 21:28:03, time: 2.555, data_time: 0.000, memory: 5243, top1_acc: 0.9747, top5_acc: 0.9994, loss_cls: 0.0979, loss: 0.0979
2026-08-23 10:54:00,945 - pyskl - INFO - Epoch [11][3000/5537]	lr: 6.518e-03, eta: 21:23:49, time: 2.559, data_time: 0.000, memory: 5243, top1_acc: 0.9838, top5_acc: 0.9997, loss_cls: 0.0765, loss: 0.0765
2026-08-23 10:58:16,903 - pyskl - INFO - Epoch [11][3100/5537]	lr: 6.479e-03, eta: 21:19:34, time: 2.560, data_time: 0.000, memory: 5243, top1_acc: 0.9881, top5_acc: 0.9997, loss_cls: 0.0636, loss: 0.0636
2026-08-23 11:02:30,780 - pyskl - INFO - Epoch [11][3200/5537]	lr: 6.440e-03, eta: 21:15:19, time: 2.539, data_time: 0.000, memory: 5243, top1_acc: 0.9819, top5_acc: 0.9997, loss_cls: 0.0746, loss: 0.0746
2026-08-23 11:06:46,899 - pyskl - INFO - Epoch [11][3300/5537]	lr: 6.401e-03, eta: 21:11:05, time: 2.561, data_time: 0.000, memory: 5243, top1_acc: 0.9759, top5_acc: 1.0000, loss_cls: 0.0918, loss: 0.0918
2026-08-23 11:11:03,170 - pyskl - INFO - Epoch [11][3400/5537]	lr: 6.363e-03, eta: 21:06:50, time: 2.563, data_time: 0.000, memory: 5243, top1_acc: 0.9778, top5_acc: 0.9991, loss_cls: 0.0893, loss: 0.0893
2026-08-23 11:15:18,093 - pyskl - INFO - Epoch [11][3500/5537]	lr: 6.324e-03, eta: 21:02:36, time: 2.549, data_time: 0.000, memory: 5243, top1_acc: 0.9781, top5_acc: 0.9984, loss_cls: 0.0890, loss: 0.0890
2026-08-23 11:19:34,622 - pyskl - INFO - Epoch [11][3600/5537]	lr: 6.285e-03, eta: 20:58:21, time: 2.565, data_time: 0.000, memory: 5243, top1_acc: 0.9847, top5_acc: 1.0000, loss_cls: 0.0705, loss: 0.0705
2026-08-23 11:23:49,877 - pyskl - INFO - Epoch [11][3700/5537]	lr: 6.247e-03, eta: 20:54:07, time: 2.553, data_time: 0.000, memory: 5243, top1_acc: 0.9791, top5_acc: 0.9997, loss_cls: 0.0799, loss: 0.0799
2026-08-23 11:28:05,158 - pyskl - INFO - Epoch [11][3800/5537]	lr: 6.209e-03, eta: 20:49:52, time: 2.553, data_time: 0.000, memory: 5243, top1_acc: 0.9838, top5_acc: 0.9997, loss_cls: 0.0736, loss: 0.0736
2026-08-23 11:32:20,207 - pyskl - INFO - Epoch [11][3900/5537]	lr: 6.170e-03, eta: 20:45:37, time: 2.550, data_time: 0.000, memory: 5243, top1_acc: 0.9828, top5_acc: 0.9997, loss_cls: 0.0730, loss: 0.0730
2026-08-23 11:36:36,550 - pyskl - INFO - Epoch [11][4000/5537]	lr: 6.132e-03, eta: 20:41:23, time: 2.563, data_time: 0.000, memory: 5243, top1_acc: 0.9822, top5_acc: 0.9994, loss_cls: 0.0742, loss: 0.0742
2026-08-23 11:40:52,987 - pyskl - INFO - Epoch [11][4100/5537]	lr: 6.094e-03, eta: 20:37:09, time: 2.564, data_time: 0.000, memory: 5243, top1_acc: 0.9781, top5_acc: 1.0000, loss_cls: 0.0826, loss: 0.0826
2026-08-23 11:45:07,732 - pyskl - INFO - Epoch [11][4200/5537]	lr: 6.056e-03, eta: 20:32:54, time: 2.547, data_time: 0.000, memory: 5243, top1_acc: 0.9784, top5_acc: 0.9981, loss_cls: 0.0896, loss: 0.0896
2026-08-23 11:49:23,028 - pyskl - INFO - Epoch [11][4300/5537]	lr: 6.018e-03, eta: 20:28:39, time: 2.553, data_time: 0.000, memory: 5243, top1_acc: 0.9803, top5_acc: 0.9997, loss_cls: 0.0867, loss: 0.0867
2026-08-23 11:53:39,185 - pyskl - INFO - Epoch [11][4400/5537]	lr: 5.980e-03, eta: 20:24:25, time: 2.562, data_time: 0.000, memory: 5243, top1_acc: 0.9784, top5_acc: 0.9994, loss_cls: 0.0809, loss: 0.0809
2026-08-23 11:57:55,588 - pyskl - INFO - Epoch [11][4500/5537]	lr: 5.943e-03, eta: 20:20:11, time: 2.564, data_time: 0.000, memory: 5243, top1_acc: 0.9772, top5_acc: 0.9994, loss_cls: 0.0865, loss: 0.0865
2026-08-23 12:02:10,776 - pyskl - INFO - Epoch [11][4600/5537]	lr: 5.905e-03, eta: 20:15:56, time: 2.552, data_time: 0.000, memory: 5243, top1_acc: 0.9794, top5_acc: 0.9997, loss_cls: 0.0829, loss: 0.0829
2026-08-23 12:06:26,586 - pyskl - INFO - Epoch [11][4700/5537]	lr: 5.867e-03, eta: 20:11:42, time: 2.558, data_time: 0.000, memory: 5243, top1_acc: 0.9797, top5_acc: 0.9991, loss_cls: 0.0830, loss: 0.0830
2026-08-23 12:10:42,345 - pyskl - INFO - Epoch [11][4800/5537]	lr: 5.830e-03, eta: 20:07:27, time: 2.558, data_time: 0.000, memory: 5243, top1_acc: 0.9775, top5_acc: 0.9997, loss_cls: 0.0787, loss: 0.0787
2026-08-23 12:14:56,744 - pyskl - INFO - Epoch [11][4900/5537]	lr: 5.792e-03, eta: 20:03:12, time: 2.544, data_time: 0.000, memory: 5243, top1_acc: 0.9762, top5_acc: 1.0000, loss_cls: 0.0838, loss: 0.0838
2026-08-23 12:19:12,632 - pyskl - INFO - Epoch [11][5000/5537]	lr: 5.755e-03, eta: 19:58:58, time: 2.559, data_time: 0.000, memory: 5243, top1_acc: 0.9822, top5_acc: 0.9994, loss_cls: 0.0752, loss: 0.0752
2026-08-23 12:23:28,354 - pyskl - INFO - Epoch [11][5100/5537]	lr: 5.718e-03, eta: 19:54:43, time: 2.557, data_time: 0.000, memory: 5243, top1_acc: 0.9803, top5_acc: 1.0000, loss_cls: 0.0826, loss: 0.0826
2026-08-23 12:27:44,499 - pyskl - INFO - Epoch [11][5200/5537]	lr: 5.680e-03, eta: 19:50:29, time: 2.561, data_time: 0.000, memory: 5243, top1_acc: 0.9800, top5_acc: 1.0000, loss_cls: 0.0764, loss: 0.0764
2026-08-23 12:31:58,690 - pyskl - INFO - Epoch [11][5300/5537]	lr: 5.643e-03, eta: 19:46:14, time: 2.542, data_time: 0.000, memory: 5243, top1_acc: 0.9812, top5_acc: 0.9994, loss_cls: 0.0777, loss: 0.0777
2026-08-23 12:36:15,168 - pyskl - INFO - Epoch [11][5400/5537]	lr: 5.606e-03, eta: 19:41:59, time: 2.565, data_time: 0.000, memory: 5243, top1_acc: 0.9850, top5_acc: 0.9991, loss_cls: 0.0633, loss: 0.0633
2026-08-23 12:40:31,450 - pyskl - INFO - Epoch [11][5500/5537]	lr: 5.569e-03, eta: 19:37:45, time: 2.563, data_time: 0.000, memory: 5243, top1_acc: 0.9831, top5_acc: 0.9994, loss_cls: 0.0723, loss: 0.0723
2026-08-23 12:42:05,701 - pyskl - INFO - Saving checkpoint at 11 epochs
2026-08-23 12:48:16,695 - pyskl - INFO - Evaluating top_k_accuracy ...
2026-08-23 12:48:16,706 - pyskl - INFO - 
top1_acc	0.8718
top5_acc	0.9783
2026-08-23 12:48:16,708 - pyskl - INFO - The previous best checkpoint D:\YxjProject\pythonProject\pyskl\work_dirs\aug_baseline\stgcnpp_j\train\A0_clean\best_top1_acc_epoch_10.pth was removed
2026-08-23 12:48:16,776 - pyskl - INFO - Now best checkpoint is saved as best_top1_acc_epoch_11.pth.
2026-08-23 12:48:16,778 - pyskl - INFO - Best top1_acc is 0.8718 at 11 epoch.
2026-08-23 12:48:16,778 - pyskl - INFO - Epoch(val) [11][146]	top1_acc: 0.8718, top5_acc: 0.9783
2026-08-23 12:52:38,719 - pyskl - INFO - Epoch [12][100/5537]	lr: 5.519e-03, eta: 19:31:16, time: 2.619, data_time: 0.066, memory: 5243, top1_acc: 0.9866, top5_acc: 0.9997, loss_cls: 0.0605, loss: 0.0605
2026-08-23 12:56:53,342 - pyskl - INFO - Epoch [12][200/5537]	lr: 5.482e-03, eta: 19:27:02, time: 2.546, data_time: 0.000, memory: 5243, top1_acc: 0.9872, top5_acc: 0.9997, loss_cls: 0.0614, loss: 0.0614
2026-08-23 13:01:08,467 - pyskl - INFO - Epoch [12][300/5537]	lr: 5.446e-03, eta: 19:22:47, time: 2.551, data_time: 0.000, memory: 5243, top1_acc: 0.9809, top5_acc: 0.9997, loss_cls: 0.0719, loss: 0.0719
2026-08-23 13:05:23,681 - pyskl - INFO - Epoch [12][400/5537]	lr: 5.409e-03, eta: 19:18:32, time: 2.552, data_time: 0.000, memory: 5243, top1_acc: 0.9881, top5_acc: 0.9994, loss_cls: 0.0580, loss: 0.0580
2026-08-23 13:09:39,901 - pyskl - INFO - Epoch [12][500/5537]	lr: 5.373e-03, eta: 19:14:18, time: 2.562, data_time: 0.000, memory: 5243, top1_acc: 0.9891, top5_acc: 0.9997, loss_cls: 0.0574, loss: 0.0574
2026-08-23 13:13:54,602 - pyskl - INFO - Epoch [12][600/5537]	lr: 5.336e-03, eta: 19:10:03, time: 2.547, data_time: 0.000, memory: 5243, top1_acc: 0.9862, top5_acc: 1.0000, loss_cls: 0.0609, loss: 0.0609
2026-08-23 13:18:10,489 - pyskl - INFO - Epoch [12][700/5537]	lr: 5.300e-03, eta: 19:05:49, time: 2.559, data_time: 0.000, memory: 5243, top1_acc: 0.9875, top5_acc: 0.9994, loss_cls: 0.0536, loss: 0.0536
2026-08-23 13:22:26,012 - pyskl - INFO - Epoch [12][800/5537]	lr: 5.264e-03, eta: 19:01:35, time: 2.555, data_time: 0.000, memory: 5243, top1_acc: 0.9888, top5_acc: 1.0000, loss_cls: 0.0491, loss: 0.0491
2026-08-23 13:26:40,258 - pyskl - INFO - Epoch [12][900/5537]	lr: 5.228e-03, eta: 18:57:20, time: 2.542, data_time: 0.000, memory: 5243, top1_acc: 0.9859, top5_acc: 0.9997, loss_cls: 0.0556, loss: 0.0556
2026-08-23 13:30:56,121 - pyskl - INFO - Epoch [12][1000/5537]	lr: 5.192e-03, eta: 18:53:05, time: 2.559, data_time: 0.000, memory: 5243, top1_acc: 0.9903, top5_acc: 1.0000, loss_cls: 0.0506, loss: 0.0506
2026-08-23 13:35:12,764 - pyskl - INFO - Epoch [12][1100/5537]	lr: 5.156e-03, eta: 18:48:51, time: 2.566, data_time: 0.000, memory: 5243, top1_acc: 0.9912, top5_acc: 1.0000, loss_cls: 0.0463, loss: 0.0463
2026-08-23 13:39:28,615 - pyskl - INFO - Epoch [12][1200/5537]	lr: 5.120e-03, eta: 18:44:37, time: 2.559, data_time: 0.000, memory: 5243, top1_acc: 0.9838, top5_acc: 0.9997, loss_cls: 0.0646, loss: 0.0646
2026-08-23 13:43:43,286 - pyskl - INFO - Epoch [12][1300/5537]	lr: 5.084e-03, eta: 18:40:22, time: 2.547, data_time: 0.000, memory: 5243, top1_acc: 0.9869, top5_acc: 1.0000, loss_cls: 0.0615, loss: 0.0615
2026-08-23 13:47:59,428 - pyskl - INFO - Epoch [12][1400/5537]	lr: 5.049e-03, eta: 18:36:08, time: 2.561, data_time: 0.000, memory: 5243, top1_acc: 0.9862, top5_acc: 0.9994, loss_cls: 0.0599, loss: 0.0599
2026-08-23 13:52:15,554 - pyskl - INFO - Epoch [12][1500/5537]	lr: 5.013e-03, eta: 18:31:54, time: 2.561, data_time: 0.000, memory: 5243, top1_acc: 0.9875, top5_acc: 1.0000, loss_cls: 0.0596, loss: 0.0596
2026-08-23 13:56:30,657 - pyskl - INFO - Epoch [12][1600/5537]	lr: 4.978e-03, eta: 18:27:39, time: 2.551, data_time: 0.000, memory: 5243, top1_acc: 0.9894, top5_acc: 0.9997, loss_cls: 0.0533, loss: 0.0533
2026-08-23 14:00:46,588 - pyskl - INFO - Epoch [12][1700/5537]	lr: 4.942e-03, eta: 18:23:25, time: 2.559, data_time: 0.000, memory: 5243, top1_acc: 0.9891, top5_acc: 0.9997, loss_cls: 0.0498, loss: 0.0498
2026-08-23 14:05:03,120 - pyskl - INFO - Epoch [12][1800/5537]	lr: 4.907e-03, eta: 18:19:11, time: 2.565, data_time: 0.000, memory: 5243, top1_acc: 0.9881, top5_acc: 1.0000, loss_cls: 0.0576, loss: 0.0576
2026-08-23 14:09:17,864 - pyskl - INFO - Epoch [12][1900/5537]	lr: 4.872e-03, eta: 18:14:56, time: 2.547, data_time: 0.000, memory: 5243, top1_acc: 0.9884, top5_acc: 1.0000, loss_cls: 0.0538, loss: 0.0538
2026-08-23 14:13:34,164 - pyskl - INFO - Epoch [12][2000/5537]	lr: 4.837e-03, eta: 18:10:42, time: 2.563, data_time: 0.000, memory: 5243, top1_acc: 0.9888, top5_acc: 1.0000, loss_cls: 0.0538, loss: 0.0538
2026-08-23 14:17:50,020 - pyskl - INFO - Epoch [12][2100/5537]	lr: 4.802e-03, eta: 18:06:28, time: 2.559, data_time: 0.000, memory: 5243, top1_acc: 0.9888, top5_acc: 1.0000, loss_cls: 0.0478, loss: 0.0478
2026-08-23 14:22:06,105 - pyskl - INFO - Epoch [12][2200/5537]	lr: 4.767e-03, eta: 18:02:13, time: 2.561, data_time: 0.000, memory: 5243, top1_acc: 0.9909, top5_acc: 0.9997, loss_cls: 0.0502, loss: 0.0502
2026-08-23 14:26:21,206 - pyskl - INFO - Epoch [12][2300/5537]	lr: 4.732e-03, eta: 17:57:59, time: 2.551, data_time: 0.000, memory: 5243, top1_acc: 0.9916, top5_acc: 1.0000, loss_cls: 0.0510, loss: 0.0510
2026-08-23 14:30:36,752 - pyskl - INFO - Epoch [12][2400/5537]	lr: 4.697e-03, eta: 17:53:44, time: 2.555, data_time: 0.000, memory: 5243, top1_acc: 0.9916, top5_acc: 1.0000, loss_cls: 0.0502, loss: 0.0502
2026-08-23 14:34:53,313 - pyskl - INFO - Epoch [12][2500/5537]	lr: 4.663e-03, eta: 17:49:30, time: 2.566, data_time: 0.000, memory: 5243, top1_acc: 0.9884, top5_acc: 1.0000, loss_cls: 0.0588, loss: 0.0588
2026-08-23 14:39:08,784 - pyskl - INFO - Epoch [12][2600/5537]	lr: 4.628e-03, eta: 17:45:16, time: 2.555, data_time: 0.000, memory: 5243, top1_acc: 0.9862, top5_acc: 0.9997, loss_cls: 0.0629, loss: 0.0629
2026-08-23 14:43:25,078 - pyskl - INFO - Epoch [12][2700/5537]	lr: 4.594e-03, eta: 17:41:01, time: 2.563, data_time: 0.000, memory: 5243, top1_acc: 0.9900, top5_acc: 1.0000, loss_cls: 0.0490, loss: 0.0490
2026-08-23 14:47:40,443 - pyskl - INFO - Epoch [12][2800/5537]	lr: 4.560e-03, eta: 17:36:47, time: 2.554, data_time: 0.000, memory: 5243, top1_acc: 0.9891, top5_acc: 0.9997, loss_cls: 0.0509, loss: 0.0509
2026-08-23 14:51:56,993 - pyskl - INFO - Epoch [12][2900/5537]	lr: 4.525e-03, eta: 17:32:33, time: 2.566, data_time: 0.000, memory: 5243, top1_acc: 0.9906, top5_acc: 1.0000, loss_cls: 0.0495, loss: 0.0495
2026-08-23 14:56:12,569 - pyskl - INFO - Epoch [12][3000/5537]	lr: 4.491e-03, eta: 17:28:18, time: 2.556, data_time: 0.000, memory: 5243, top1_acc: 0.9884, top5_acc: 0.9997, loss_cls: 0.0479, loss: 0.0479
2026-08-23 15:00:28,527 - pyskl - INFO - Epoch [12][3100/5537]	lr: 4.457e-03, eta: 17:24:04, time: 2.560, data_time: 0.000, memory: 5243, top1_acc: 0.9888, top5_acc: 0.9997, loss_cls: 0.0538, loss: 0.0538
2026-08-23 15:04:45,353 - pyskl - INFO - Epoch [12][3200/5537]	lr: 4.424e-03, eta: 17:19:50, time: 2.568, data_time: 0.000, memory: 5243, top1_acc: 0.9903, top5_acc: 1.0000, loss_cls: 0.0441, loss: 0.0441
2026-08-23 15:09:00,876 - pyskl - INFO - Epoch [12][3300/5537]	lr: 4.390e-03, eta: 17:15:35, time: 2.555, data_time: 0.000, memory: 5243, top1_acc: 0.9894, top5_acc: 1.0000, loss_cls: 0.0482, loss: 0.0482
2026-08-23 15:13:16,971 - pyskl - INFO - Epoch [12][3400/5537]	lr: 4.356e-03, eta: 17:11:21, time: 2.561, data_time: 0.000, memory: 5243, top1_acc: 0.9900, top5_acc: 1.0000, loss_cls: 0.0461, loss: 0.0461
2026-08-23 15:17:32,582 - pyskl - INFO - Epoch [12][3500/5537]	lr: 4.322e-03, eta: 17:07:06, time: 2.556, data_time: 0.000, memory: 5243, top1_acc: 0.9941, top5_acc: 0.9991, loss_cls: 0.0391, loss: 0.0391
2026-08-23 15:21:48,640 - pyskl - INFO - Epoch [12][3600/5537]	lr: 4.289e-03, eta: 17:02:52, time: 2.561, data_time: 0.000, memory: 5243, top1_acc: 0.9953, top5_acc: 1.0000, loss_cls: 0.0315, loss: 0.0315
2026-08-23 15:26:03,734 - pyskl - INFO - Epoch [12][3700/5537]	lr: 4.256e-03, eta: 16:58:37, time: 2.551, data_time: 0.000, memory: 5243, top1_acc: 0.9944, top5_acc: 0.9997, loss_cls: 0.0332, loss: 0.0332
2026-08-23 15:30:19,677 - pyskl - INFO - Epoch [12][3800/5537]	lr: 4.222e-03, eta: 16:54:23, time: 2.559, data_time: 0.000, memory: 5243, top1_acc: 0.9953, top5_acc: 1.0000, loss_cls: 0.0338, loss: 0.0338
2026-08-23 15:34:36,250 - pyskl - INFO - Epoch [12][3900/5537]	lr: 4.189e-03, eta: 16:50:09, time: 2.566, data_time: 0.000, memory: 5243, top1_acc: 0.9947, top5_acc: 1.0000, loss_cls: 0.0349, loss: 0.0349
2026-08-23 15:38:51,206 - pyskl - INFO - Epoch [12][4000/5537]	lr: 4.156e-03, eta: 16:45:54, time: 2.550, data_time: 0.000, memory: 5243, top1_acc: 0.9925, top5_acc: 0.9997, loss_cls: 0.0419, loss: 0.0419
2026-08-23 15:43:08,238 - pyskl - INFO - Epoch [12][4100/5537]	lr: 4.123e-03, eta: 16:41:40, time: 2.570, data_time: 0.000, memory: 5243, top1_acc: 0.9962, top5_acc: 1.0000, loss_cls: 0.0327, loss: 0.0327
2026-08-23 15:47:24,180 - pyskl - INFO - Epoch [12][4200/5537]	lr: 4.090e-03, eta: 16:37:25, time: 2.559, data_time: 0.000, memory: 5243, top1_acc: 0.9938, top5_acc: 1.0000, loss_cls: 0.0340, loss: 0.0340
2026-08-23 15:51:40,370 - pyskl - INFO - Epoch [12][4300/5537]	lr: 4.058e-03, eta: 16:33:11, time: 2.562, data_time: 0.000, memory: 5243, top1_acc: 0.9941, top5_acc: 1.0000, loss_cls: 0.0349, loss: 0.0349
2026-08-23 15:55:54,751 - pyskl - INFO - Epoch [12][4400/5537]	lr: 4.025e-03, eta: 16:28:56, time: 2.544, data_time: 0.000, memory: 5243, top1_acc: 0.9959, top5_acc: 1.0000, loss_cls: 0.0310, loss: 0.0310
2026-08-23 16:00:11,026 - pyskl - INFO - Epoch [12][4500/5537]	lr: 3.992e-03, eta: 16:24:42, time: 2.563, data_time: 0.000, memory: 5243, top1_acc: 0.9931, top5_acc: 1.0000, loss_cls: 0.0359, loss: 0.0359
2026-08-23 16:04:26,538 - pyskl - INFO - Epoch [12][4600/5537]	lr: 3.960e-03, eta: 16:20:27, time: 2.555, data_time: 0.000, memory: 5243, top1_acc: 0.9934, top5_acc: 0.9997, loss_cls: 0.0335, loss: 0.0335
2026-08-23 16:08:41,532 - pyskl - INFO - Epoch [12][4700/5537]	lr: 3.928e-03, eta: 16:16:12, time: 2.550, data_time: 0.000, memory: 5243, top1_acc: 0.9950, top5_acc: 0.9994, loss_cls: 0.0341, loss: 0.0341
2026-08-23 16:12:57,730 - pyskl - INFO - Epoch [12][4800/5537]	lr: 3.895e-03, eta: 16:11:58, time: 2.562, data_time: 0.000, memory: 5243, top1_acc: 0.9975, top5_acc: 1.0000, loss_cls: 0.0256, loss: 0.0256
2026-08-23 16:17:13,847 - pyskl - INFO - Epoch [12][4900/5537]	lr: 3.863e-03, eta: 16:07:44, time: 2.561, data_time: 0.000, memory: 5243, top1_acc: 0.9931, top5_acc: 1.0000, loss_cls: 0.0353, loss: 0.0353
2026-08-23 16:21:29,688 - pyskl - INFO - Epoch [12][5000/5537]	lr: 3.831e-03, eta: 16:03:29, time: 2.558, data_time: 0.000, memory: 5243, top1_acc: 0.9953, top5_acc: 1.0000, loss_cls: 0.0317, loss: 0.0317
2026-08-23 16:25:45,413 - pyskl - INFO - Epoch [12][5100/5537]	lr: 3.800e-03, eta: 15:59:15, time: 2.557, data_time: 0.000, memory: 5243, top1_acc: 0.9956, top5_acc: 1.0000, loss_cls: 0.0312, loss: 0.0312
2026-08-23 16:30:01,456 - pyskl - INFO - Epoch [12][5200/5537]	lr: 3.768e-03, eta: 15:55:00, time: 2.560, data_time: 0.000, memory: 5243, top1_acc: 0.9953, top5_acc: 1.0000, loss_cls: 0.0292, loss: 0.0292
2026-08-23 16:34:18,287 - pyskl - INFO - Epoch [12][5300/5537]	lr: 3.736e-03, eta: 15:50:46, time: 2.568, data_time: 0.000, memory: 5243, top1_acc: 0.9966, top5_acc: 1.0000, loss_cls: 0.0268, loss: 0.0268
2026-08-23 16:38:33,414 - pyskl - INFO - Epoch [12][5400/5537]	lr: 3.705e-03, eta: 15:46:31, time: 2.551, data_time: 0.000, memory: 5243, top1_acc: 0.9938, top5_acc: 1.0000, loss_cls: 0.0329, loss: 0.0329
2026-08-23 16:42:49,366 - pyskl - INFO - Epoch [12][5500/5537]	lr: 3.673e-03, eta: 15:42:17, time: 2.560, data_time: 0.000, memory: 5243, top1_acc: 0.9969, top5_acc: 0.9994, loss_cls: 0.0281, loss: 0.0281
2026-08-23 16:44:23,771 - pyskl - INFO - Saving checkpoint at 12 epochs
2026-08-23 16:50:35,230 - pyskl - INFO - Evaluating top_k_accuracy ...
2026-08-23 16:50:35,241 - pyskl - INFO - 
top1_acc	0.8917
top5_acc	0.9807
2026-08-23 16:50:35,242 - pyskl - INFO - The previous best checkpoint D:\YxjProject\pythonProject\pyskl\work_dirs\aug_baseline\stgcnpp_j\train\A0_clean\best_top1_acc_epoch_11.pth was removed
2026-08-23 16:50:35,312 - pyskl - INFO - Now best checkpoint is saved as best_top1_acc_epoch_12.pth.
2026-08-23 16:50:35,312 - pyskl - INFO - Best top1_acc is 0.8917 at 12 epoch.
2026-08-23 16:50:35,312 - pyskl - INFO - Epoch(val) [12][146]	top1_acc: 0.8917, top5_acc: 0.9807
2026-08-23 16:54:58,409 - pyskl - INFO - Epoch [13][100/5537]	lr: 3.630e-03, eta: 15:35:59, time: 2.631, data_time: 0.067, memory: 5243, top1_acc: 0.9969, top5_acc: 1.0000, loss_cls: 0.0244, loss: 0.0244
2026-08-23 16:59:13,952 - pyskl - INFO - Epoch [13][200/5537]	lr: 3.599e-03, eta: 15:31:45, time: 2.555, data_time: 0.000, memory: 5243, top1_acc: 0.9972, top5_acc: 1.0000, loss_cls: 0.0231, loss: 0.0231
2026-08-23 17:03:33,734 - pyskl - INFO - Epoch [13][300/5537]	lr: 3.568e-03, eta: 15:27:32, time: 2.598, data_time: 0.000, memory: 5243, top1_acc: 0.9975, top5_acc: 1.0000, loss_cls: 0.0239, loss: 0.0239
2026-08-23 17:07:48,907 - pyskl - INFO - Epoch [13][400/5537]	lr: 3.537e-03, eta: 15:23:17, time: 2.552, data_time: 0.000, memory: 5243, top1_acc: 0.9975, top5_acc: 1.0000, loss_cls: 0.0214, loss: 0.0214
2026-08-23 17:12:04,692 - pyskl - INFO - Epoch [13][500/5537]	lr: 3.506e-03, eta: 15:19:03, time: 2.558, data_time: 0.000, memory: 5243, top1_acc: 0.9984, top5_acc: 1.0000, loss_cls: 0.0191, loss: 0.0191
2026-08-23 17:16:20,683 - pyskl - INFO - Epoch [13][600/5537]	lr: 3.475e-03, eta: 15:14:48, time: 2.560, data_time: 0.000, memory: 5243, top1_acc: 0.9978, top5_acc: 1.0000, loss_cls: 0.0204, loss: 0.0204
2026-08-23 17:20:35,561 - pyskl - INFO - Epoch [13][700/5537]	lr: 3.445e-03, eta: 15:10:34, time: 2.549, data_time: 0.000, memory: 5243, top1_acc: 0.9956, top5_acc: 1.0000, loss_cls: 0.0206, loss: 0.0206
2026-08-23 17:24:51,327 - pyskl - INFO - Epoch [13][800/5537]	lr: 3.414e-03, eta: 15:06:19, time: 2.558, data_time: 0.000, memory: 5243, top1_acc: 0.9969, top5_acc: 1.0000, loss_cls: 0.0199, loss: 0.0199
2026-08-23 17:29:06,967 - pyskl - INFO - Epoch [13][900/5537]	lr: 3.384e-03, eta: 15:02:05, time: 2.556, data_time: 0.000, memory: 5243, top1_acc: 0.9966, top5_acc: 1.0000, loss_cls: 0.0209, loss: 0.0209
2026-08-23 17:33:21,996 - pyskl - INFO - Epoch [13][1000/5537]	lr: 3.354e-03, eta: 14:57:50, time: 2.550, data_time: 0.000, memory: 5243, top1_acc: 0.9966, top5_acc: 1.0000, loss_cls: 0.0246, loss: 0.0246
2026-08-23 17:37:37,044 - pyskl - INFO - Epoch [13][1100/5537]	lr: 3.323e-03, eta: 14:53:36, time: 2.550, data_time: 0.000, memory: 5243, top1_acc: 0.9972, top5_acc: 1.0000, loss_cls: 0.0232, loss: 0.0232
2026-08-23 17:41:52,552 - pyskl - INFO - Epoch [13][1200/5537]	lr: 3.293e-03, eta: 14:49:21, time: 2.555, data_time: 0.000, memory: 5243, top1_acc: 0.9984, top5_acc: 1.0000, loss_cls: 0.0194, loss: 0.0194
2026-08-23 17:46:07,760 - pyskl - INFO - Epoch [13][1300/5537]	lr: 3.264e-03, eta: 14:45:07, time: 2.552, data_time: 0.000, memory: 5243, top1_acc: 0.9981, top5_acc: 1.0000, loss_cls: 0.0207, loss: 0.0207
2026-08-23 17:50:22,746 - pyskl - INFO - Epoch [13][1400/5537]	lr: 3.234e-03, eta: 14:40:52, time: 2.550, data_time: 0.000, memory: 5243, top1_acc: 0.9984, top5_acc: 1.0000, loss_cls: 0.0210, loss: 0.0210
2026-08-23 17:54:38,219 - pyskl - INFO - Epoch [13][1500/5537]	lr: 3.204e-03, eta: 14:36:37, time: 2.555, data_time: 0.000, memory: 5243, top1_acc: 0.9981, top5_acc: 1.0000, loss_cls: 0.0188, loss: 0.0188
2026-08-23 17:58:53,516 - pyskl - INFO - Epoch [13][1600/5537]	lr: 3.174e-03, eta: 14:32:23, time: 2.553, data_time: 0.000, memory: 5243, top1_acc: 0.9962, top5_acc: 1.0000, loss_cls: 0.0216, loss: 0.0216
2026-08-23 18:03:08,240 - pyskl - INFO - Epoch [13][1700/5537]	lr: 3.145e-03, eta: 14:28:08, time: 2.547, data_time: 0.000, memory: 5243, top1_acc: 0.9981, top5_acc: 1.0000, loss_cls: 0.0208, loss: 0.0208
2026-08-23 18:07:23,661 - pyskl - INFO - Epoch [13][1800/5537]	lr: 3.116e-03, eta: 14:23:54, time: 2.554, data_time: 0.000, memory: 5243, top1_acc: 0.9994, top5_acc: 1.0000, loss_cls: 0.0149, loss: 0.0149
2026-08-23 18:11:39,324 - pyskl - INFO - Epoch [13][1900/5537]	lr: 3.086e-03, eta: 14:19:39, time: 2.557, data_time: 0.000, memory: 5243, top1_acc: 0.9975, top5_acc: 1.0000, loss_cls: 0.0201, loss: 0.0201
2026-08-23 18:15:55,079 - pyskl - INFO - Epoch [13][2000/5537]	lr: 3.057e-03, eta: 14:15:25, time: 2.558, data_time: 0.000, memory: 5243, top1_acc: 0.9962, top5_acc: 1.0000, loss_cls: 0.0224, loss: 0.0224
2026-08-23 18:20:09,478 - pyskl - INFO - Epoch [13][2100/5537]	lr: 3.028e-03, eta: 14:11:10, time: 2.544, data_time: 0.000, memory: 5243, top1_acc: 0.9988, top5_acc: 1.0000, loss_cls: 0.0198, loss: 0.0198
2026-08-23 18:24:24,909 - pyskl - INFO - Epoch [13][2200/5537]	lr: 2.999e-03, eta: 14:06:55, time: 2.554, data_time: 0.000, memory: 5243, top1_acc: 0.9950, top5_acc: 1.0000, loss_cls: 0.0270, loss: 0.0270
2026-08-23 18:28:40,023 - pyskl - INFO - Epoch [13][2300/5537]	lr: 2.971e-03, eta: 14:02:41, time: 2.551, data_time: 0.000, memory: 5243, top1_acc: 0.9975, top5_acc: 1.0000, loss_cls: 0.0231, loss: 0.0231
2026-08-23 18:32:54,320 - pyskl - INFO - Epoch [13][2400/5537]	lr: 2.942e-03, eta: 13:58:26, time: 2.543, data_time: 0.000, memory: 5243, top1_acc: 0.9981, top5_acc: 1.0000, loss_cls: 0.0196, loss: 0.0196
2026-08-23 18:37:10,388 - pyskl - INFO - Epoch [13][2500/5537]	lr: 2.914e-03, eta: 13:54:11, time: 2.561, data_time: 0.000, memory: 5243, top1_acc: 0.9991, top5_acc: 1.0000, loss_cls: 0.0177, loss: 0.0177
2026-08-23 18:41:25,910 - pyskl - INFO - Epoch [13][2600/5537]	lr: 2.885e-03, eta: 13:49:57, time: 2.555, data_time: 0.000, memory: 5243, top1_acc: 0.9984, top5_acc: 1.0000, loss_cls: 0.0195, loss: 0.0195
2026-08-23 18:45:41,945 - pyskl - INFO - Epoch [13][2700/5537]	lr: 2.857e-03, eta: 13:45:42, time: 2.560, data_time: 0.000, memory: 5243, top1_acc: 0.9988, top5_acc: 1.0000, loss_cls: 0.0179, loss: 0.0179
2026-08-23 18:49:56,588 - pyskl - INFO - Epoch [13][2800/5537]	lr: 2.829e-03, eta: 13:41:28, time: 2.546, data_time: 0.000, memory: 5243, top1_acc: 0.9978, top5_acc: 1.0000, loss_cls: 0.0170, loss: 0.0170
2026-08-23 18:54:12,220 - pyskl - INFO - Epoch [13][2900/5537]	lr: 2.801e-03, eta: 13:37:13, time: 2.556, data_time: 0.000, memory: 5243, top1_acc: 0.9991, top5_acc: 1.0000, loss_cls: 0.0166, loss: 0.0166
2026-08-23 18:58:28,412 - pyskl - INFO - Epoch [13][3000/5537]	lr: 2.773e-03, eta: 13:32:59, time: 2.562, data_time: 0.000, memory: 5243, top1_acc: 0.9981, top5_acc: 1.0000, loss_cls: 0.0201, loss: 0.0201
2026-08-23 19:02:42,929 - pyskl - INFO - Epoch [13][3100/5537]	lr: 2.745e-03, eta: 13:28:44, time: 2.545, data_time: 0.000, memory: 5243, top1_acc: 0.9984, top5_acc: 1.0000, loss_cls: 0.0201, loss: 0.0201
2026-08-23 19:06:58,932 - pyskl - INFO - Epoch [13][3200/5537]	lr: 2.717e-03, eta: 13:24:30, time: 2.560, data_time: 0.000, memory: 5243, top1_acc: 0.9984, top5_acc: 1.0000, loss_cls: 0.0168, loss: 0.0168
2026-08-23 19:11:15,177 - pyskl - INFO - Epoch [13][3300/5537]	lr: 2.690e-03, eta: 13:20:15, time: 2.562, data_time: 0.000, memory: 5243, top1_acc: 1.0000, top5_acc: 1.0000, loss_cls: 0.0128, loss: 0.0128
2026-08-23 19:15:30,659 - pyskl - INFO - Epoch [13][3400/5537]	lr: 2.662e-03, eta: 13:16:01, time: 2.555, data_time: 0.000, memory: 5243, top1_acc: 0.9997, top5_acc: 1.0000, loss_cls: 0.0150, loss: 0.0150
2026-08-23 19:19:45,301 - pyskl - INFO - Epoch [13][3500/5537]	lr: 2.635e-03, eta: 13:11:46, time: 2.546, data_time: 0.000, memory: 5243, top1_acc: 0.9981, top5_acc: 1.0000, loss_cls: 0.0179, loss: 0.0179
2026-08-23 19:24:00,457 - pyskl - INFO - Epoch [13][3600/5537]	lr: 2.608e-03, eta: 13:07:31, time: 2.552, data_time: 0.000, memory: 5243, top1_acc: 0.9988, top5_acc: 1.0000, loss_cls: 0.0164, loss: 0.0164
2026-08-23 19:28:16,076 - pyskl - INFO - Epoch [13][3700/5537]	lr: 2.581e-03, eta: 13:03:17, time: 2.556, data_time: 0.000, memory: 5243, top1_acc: 0.9997, top5_acc: 1.0000, loss_cls: 0.0146, loss: 0.0146
2026-08-23 19:32:30,756 - pyskl - INFO - Epoch [13][3800/5537]	lr: 2.554e-03, eta: 12:59:02, time: 2.547, data_time: 0.000, memory: 5243, top1_acc: 0.9984, top5_acc: 1.0000, loss_cls: 0.0181, loss: 0.0181
2026-08-23 19:36:46,151 - pyskl - INFO - Epoch [13][3900/5537]	lr: 2.527e-03, eta: 12:54:47, time: 2.554, data_time: 0.000, memory: 5243, top1_acc: 0.9994, top5_acc: 1.0000, loss_cls: 0.0135, loss: 0.0135
2026-08-23 19:41:01,677 - pyskl - INFO - Epoch [13][4000/5537]	lr: 2.501e-03, eta: 12:50:33, time: 2.555, data_time: 0.000, memory: 5243, top1_acc: 1.0000, top5_acc: 1.0000, loss_cls: 0.0135, loss: 0.0135
2026-08-23 19:45:16,450 - pyskl - INFO - Epoch [13][4100/5537]	lr: 2.474e-03, eta: 12:46:18, time: 2.548, data_time: 0.000, memory: 5243, top1_acc: 0.9994, top5_acc: 1.0000, loss_cls: 0.0131, loss: 0.0131
2026-08-23 19:49:32,528 - pyskl - INFO - Epoch [13][4200/5537]	lr: 2.448e-03, eta: 12:42:04, time: 2.561, data_time: 0.000, memory: 5243, top1_acc: 0.9991, top5_acc: 1.0000, loss_cls: 0.0132, loss: 0.0132
2026-08-23 19:53:47,908 - pyskl - INFO - Epoch [13][4300/5537]	lr: 2.421e-03, eta: 12:37:49, time: 2.554, data_time: 0.000, memory: 5243, top1_acc: 0.9994, top5_acc: 1.0000, loss_cls: 0.0132, loss: 0.0132
2026-08-23 19:58:03,677 - pyskl - INFO - Epoch [13][4400/5537]	lr: 2.395e-03, eta: 12:33:35, time: 2.558, data_time: 0.000, memory: 5243, top1_acc: 1.0000, top5_acc: 1.0000, loss_cls: 0.0126, loss: 0.0126
2026-08-23 20:02:18,635 - pyskl - INFO - Epoch [13][4500/5537]	lr: 2.369e-03, eta: 12:29:20, time: 2.550, data_time: 0.001, memory: 5243, top1_acc: 0.9997, top5_acc: 1.0000, loss_cls: 0.0116, loss: 0.0116
2026-08-23 20:06:34,939 - pyskl - INFO - Epoch [13][4600/5537]	lr: 2.343e-03, eta: 12:25:05, time: 2.563, data_time: 0.000, memory: 5243, top1_acc: 0.9994, top5_acc: 1.0000, loss_cls: 0.0138, loss: 0.0138
2026-08-23 20:10:51,619 - pyskl - INFO - Epoch [13][4700/5537]	lr: 2.318e-03, eta: 12:20:51, time: 2.567, data_time: 0.000, memory: 5243, top1_acc: 0.9997, top5_acc: 1.0000, loss_cls: 0.0125, loss: 0.0125
2026-08-23 20:15:06,707 - pyskl - INFO - Epoch [13][4800/5537]	lr: 2.292e-03, eta: 12:16:37, time: 2.551, data_time: 0.000, memory: 5243, top1_acc: 0.9988, top5_acc: 1.0000, loss_cls: 0.0134, loss: 0.0134
2026-08-23 20:19:22,658 - pyskl - INFO - Epoch [13][4900/5537]	lr: 2.266e-03, eta: 12:12:22, time: 2.559, data_time: 0.000, memory: 5243, top1_acc: 0.9994, top5_acc: 1.0000, loss_cls: 0.0146, loss: 0.0146
2026-08-23 20:23:37,370 - pyskl - INFO - Epoch [13][5000/5537]	lr: 2.241e-03, eta: 12:08:07, time: 2.547, data_time: 0.000, memory: 5243, top1_acc: 0.9991, top5_acc: 1.0000, loss_cls: 0.0143, loss: 0.0143
2026-08-23 20:27:54,259 - pyskl - INFO - Epoch [13][5100/5537]	lr: 2.216e-03, eta: 12:03:53, time: 2.569, data_time: 0.000, memory: 5243, top1_acc: 0.9994, top5_acc: 1.0000, loss_cls: 0.0143, loss: 0.0143
2026-08-23 20:32:09,046 - pyskl - INFO - Epoch [13][5200/5537]	lr: 2.191e-03, eta: 11:59:38, time: 2.548, data_time: 0.000, memory: 5243, top1_acc: 0.9994, top5_acc: 1.0000, loss_cls: 0.0130, loss: 0.0130
2026-08-23 20:36:24,501 - pyskl - INFO - Epoch [13][5300/5537]	lr: 2.166e-03, eta: 11:55:24, time: 2.555, data_time: 0.000, memory: 5243, top1_acc: 0.9988, top5_acc: 1.0000, loss_cls: 0.0145, loss: 0.0145
2026-08-23 20:40:41,253 - pyskl - INFO - Epoch [13][5400/5537]	lr: 2.141e-03, eta: 11:51:09, time: 2.568, data_time: 0.000, memory: 5243, top1_acc: 0.9994, top5_acc: 1.0000, loss_cls: 0.0143, loss: 0.0143
2026-08-23 20:44:56,549 - pyskl - INFO - Epoch [13][5500/5537]	lr: 2.116e-03, eta: 11:46:55, time: 2.553, data_time: 0.000, memory: 5243, top1_acc: 0.9997, top5_acc: 1.0000, loss_cls: 0.0134, loss: 0.0134
2026-08-23 20:46:31,880 - pyskl - INFO - Saving checkpoint at 13 epochs
2026-08-23 20:52:28,122 - pyskl - INFO - Evaluating top_k_accuracy ...
2026-08-23 20:52:28,134 - pyskl - INFO - 
top1_acc	0.8988
top5_acc	0.9826
2026-08-23 20:52:28,135 - pyskl - INFO - The previous best checkpoint D:\YxjProject\pythonProject\pyskl\work_dirs\aug_baseline\stgcnpp_j\train\A0_clean\best_top1_acc_epoch_12.pth was removed
2026-08-23 20:52:28,207 - pyskl - INFO - Now best checkpoint is saved as best_top1_acc_epoch_13.pth.
2026-08-23 20:52:28,207 - pyskl - INFO - Best top1_acc is 0.8988 at 13 epoch.
2026-08-23 20:52:28,208 - pyskl - INFO - Epoch(val) [13][146]	top1_acc: 0.8988, top5_acc: 0.9826
2026-08-23 20:56:49,398 - pyskl - INFO - Epoch [14][100/5537]	lr: 2.082e-03, eta: 11:40:45, time: 2.612, data_time: 0.067, memory: 5243, top1_acc: 1.0000, top5_acc: 1.0000, loss_cls: 0.0118, loss: 0.0118
2026-08-23 21:01:05,681 - pyskl - INFO - Epoch [14][200/5537]	lr: 2.058e-03, eta: 11:36:31, time: 2.563, data_time: 0.000, memory: 5243, top1_acc: 0.9994, top5_acc: 1.0000, loss_cls: 0.0126, loss: 0.0126
2026-08-23 21:05:21,951 - pyskl - INFO - Epoch [14][300/5537]	lr: 2.034e-03, eta: 11:32:17, time: 2.563, data_time: 0.000, memory: 5243, top1_acc: 0.9991, top5_acc: 1.0000, loss_cls: 0.0127, loss: 0.0127
2026-08-23 21:09:37,617 - pyskl - INFO - Epoch [14][400/5537]	lr: 2.009e-03, eta: 11:28:02, time: 2.557, data_time: 0.000, memory: 5243, top1_acc: 0.9997, top5_acc: 1.0000, loss_cls: 0.0114, loss: 0.0114
2026-08-23 21:13:52,529 - pyskl - INFO - Epoch [14][500/5537]	lr: 1.985e-03, eta: 11:23:48, time: 2.549, data_time: 0.000, memory: 5243, top1_acc: 1.0000, top5_acc: 1.0000, loss_cls: 0.0114, loss: 0.0114
2026-08-23 21:18:08,116 - pyskl - INFO - Epoch [14][600/5537]	lr: 1.961e-03, eta: 11:19:33, time: 2.556, data_time: 0.000, memory: 5243, top1_acc: 0.9997, top5_acc: 1.0000, loss_cls: 0.0112, loss: 0.0112
2026-08-23 21:22:23,664 - pyskl - INFO - Epoch [14][700/5537]	lr: 1.938e-03, eta: 11:15:19, time: 2.555, data_time: 0.000, memory: 5243, top1_acc: 0.9991, top5_acc: 1.0000, loss_cls: 0.0111, loss: 0.0111
2026-08-23 21:26:37,608 - pyskl - INFO - Epoch [14][800/5537]	lr: 1.914e-03, eta: 11:11:04, time: 2.539, data_time: 0.000, memory: 5243, top1_acc: 0.9997, top5_acc: 1.0000, loss_cls: 0.0116, loss: 0.0116
2026-08-23 21:30:52,834 - pyskl - INFO - Epoch [14][900/5537]	lr: 1.891e-03, eta: 11:06:50, time: 2.552, data_time: 0.000, memory: 5243, top1_acc: 0.9997, top5_acc: 1.0000, loss_cls: 0.0119, loss: 0.0119
2026-08-23 21:35:07,345 - pyskl - INFO - Epoch [14][1000/5537]	lr: 1.867e-03, eta: 11:02:35, time: 2.545, data_time: 0.000, memory: 5243, top1_acc: 0.9994, top5_acc: 1.0000, loss_cls: 0.0119, loss: 0.0119
2026-08-23 21:39:22,366 - pyskl - INFO - Epoch [14][1100/5537]	lr: 1.844e-03, eta: 10:58:20, time: 2.550, data_time: 0.000, memory: 5243, top1_acc: 0.9997, top5_acc: 1.0000, loss_cls: 0.0108, loss: 0.0108
2026-08-23 21:43:36,923 - pyskl - INFO - Epoch [14][1200/5537]	lr: 1.821e-03, eta: 10:54:06, time: 2.546, data_time: 0.000, memory: 5243, top1_acc: 1.0000, top5_acc: 1.0000, loss_cls: 0.0108, loss: 0.0108
2026-08-23 21:47:52,364 - pyskl - INFO - Epoch [14][1300/5537]	lr: 1.798e-03, eta: 10:49:51, time: 2.554, data_time: 0.000, memory: 5243, top1_acc: 0.9997, top5_acc: 1.0000, loss_cls: 0.0116, loss: 0.0116
2026-08-23 21:52:07,829 - pyskl - INFO - Epoch [14][1400/5537]	lr: 1.775e-03, eta: 10:45:37, time: 2.555, data_time: 0.000, memory: 5243, top1_acc: 0.9984, top5_acc: 1.0000, loss_cls: 0.0135, loss: 0.0135
2026-08-23 21:56:22,066 - pyskl - INFO - Epoch [14][1500/5537]	lr: 1.752e-03, eta: 10:41:22, time: 2.542, data_time: 0.000, memory: 5243, top1_acc: 0.9997, top5_acc: 1.0000, loss_cls: 0.0112, loss: 0.0112
2026-08-23 22:00:37,667 - pyskl - INFO - Epoch [14][1600/5537]	lr: 1.730e-03, eta: 10:37:07, time: 2.556, data_time: 0.000, memory: 5243, top1_acc: 0.9994, top5_acc: 1.0000, loss_cls: 0.0130, loss: 0.0130
2026-08-23 22:04:53,570 - pyskl - INFO - Epoch [14][1700/5537]	lr: 1.707e-03, eta: 10:32:53, time: 2.559, data_time: 0.000, memory: 5243, top1_acc: 0.9994, top5_acc: 1.0000, loss_cls: 0.0114, loss: 0.0114
2026-08-23 22:09:08,087 - pyskl - INFO - Epoch [14][1800/5537]	lr: 1.685e-03, eta: 10:28:38, time: 2.545, data_time: 0.000, memory: 5243, top1_acc: 0.9994, top5_acc: 1.0000, loss_cls: 0.0105, loss: 0.0105
2026-08-23 22:13:24,055 - pyskl - INFO - Epoch [14][1900/5537]	lr: 1.663e-03, eta: 10:24:24, time: 2.560, data_time: 0.000, memory: 5243, top1_acc: 1.0000, top5_acc: 1.0000, loss_cls: 0.0129, loss: 0.0129
2026-08-23 22:17:39,163 - pyskl - INFO - Epoch [14][2000/5537]	lr: 1.641e-03, eta: 10:20:09, time: 2.551, data_time: 0.000, memory: 5243, top1_acc: 0.9991, top5_acc: 1.0000, loss_cls: 0.0127, loss: 0.0127
2026-08-23 22:21:55,117 - pyskl - INFO - Epoch [14][2100/5537]	lr: 1.619e-03, eta: 10:15:55, time: 2.560, data_time: 0.000, memory: 5243, top1_acc: 1.0000, top5_acc: 1.0000, loss_cls: 0.0105, loss: 0.0105
2026-08-23 22:26:09,639 - pyskl - INFO - Epoch [14][2200/5537]	lr: 1.597e-03, eta: 10:11:40, time: 2.545, data_time: 0.000, memory: 5243, top1_acc: 0.9994, top5_acc: 1.0000, loss_cls: 0.0122, loss: 0.0122
2026-08-23 22:30:24,817 - pyskl - INFO - Epoch [14][2300/5537]	lr: 1.576e-03, eta: 10:07:26, time: 2.552, data_time: 0.000, memory: 5243, top1_acc: 0.9994, top5_acc: 1.0000, loss_cls: 0.0126, loss: 0.0126
2026-08-23 22:34:40,883 - pyskl - INFO - Epoch [14][2400/5537]	lr: 1.554e-03, eta: 10:03:11, time: 2.561, data_time: 0.000, memory: 5243, top1_acc: 0.9997, top5_acc: 1.0000, loss_cls: 0.0126, loss: 0.0126
2026-08-23 22:38:55,668 - pyskl - INFO - Epoch [14][2500/5537]	lr: 1.533e-03, eta: 9:58:57, time: 2.548, data_time: 0.000, memory: 5243, top1_acc: 0.9997, top5_acc: 1.0000, loss_cls: 0.0107, loss: 0.0107
2026-08-23 22:43:11,849 - pyskl - INFO - Epoch [14][2600/5537]	lr: 1.512e-03, eta: 9:54:42, time: 2.562, data_time: 0.000, memory: 5243, top1_acc: 1.0000, top5_acc: 1.0000, loss_cls: 0.0100, loss: 0.0100
2026-08-23 22:47:27,640 - pyskl - INFO - Epoch [14][2700/5537]	lr: 1.491e-03, eta: 9:50:28, time: 2.558, data_time: 0.000, memory: 5243, top1_acc: 0.9997, top5_acc: 1.0000, loss_cls: 0.0106, loss: 0.0106
2026-08-23 22:51:43,793 - pyskl - INFO - Epoch [14][2800/5537]	lr: 1.470e-03, eta: 9:46:13, time: 2.562, data_time: 0.000, memory: 5243, top1_acc: 1.0000, top5_acc: 1.0000, loss_cls: 0.0105, loss: 0.0105
2026-08-23 22:55:57,925 - pyskl - INFO - Epoch [14][2900/5537]	lr: 1.449e-03, eta: 9:41:58, time: 2.541, data_time: 0.000, memory: 5243, top1_acc: 0.9994, top5_acc: 1.0000, loss_cls: 0.0122, loss: 0.0122
2026-08-23 23:00:13,452 - pyskl - INFO - Epoch [14][3000/5537]	lr: 1.428e-03, eta: 9:37:44, time: 2.555, data_time: 0.000, memory: 5243, top1_acc: 0.9997, top5_acc: 1.0000, loss_cls: 0.0114, loss: 0.0114
2026-08-23 23:04:29,108 - pyskl - INFO - Epoch [14][3100/5537]	lr: 1.408e-03, eta: 9:33:29, time: 2.557, data_time: 0.000, memory: 5243, top1_acc: 0.9997, top5_acc: 1.0000, loss_cls: 0.0102, loss: 0.0102
2026-08-23 23:08:43,177 - pyskl - INFO - Epoch [14][3200/5537]	lr: 1.387e-03, eta: 9:29:15, time: 2.541, data_time: 0.000, memory: 5243, top1_acc: 0.9997, top5_acc: 1.0000, loss_cls: 0.0099, loss: 0.0099
2026-08-23 23:12:59,334 - pyskl - INFO - Epoch [14][3300/5537]	lr: 1.367e-03, eta: 9:25:00, time: 2.562, data_time: 0.000, memory: 5243, top1_acc: 0.9994, top5_acc: 1.0000, loss_cls: 0.0105, loss: 0.0105
2026-08-23 23:17:15,413 - pyskl - INFO - Epoch [14][3400/5537]	lr: 1.347e-03, eta: 9:20:46, time: 2.561, data_time: 0.000, memory: 5243, top1_acc: 0.9997, top5_acc: 1.0000, loss_cls: 0.0121, loss: 0.0121
2026-08-23 23:21:31,248 - pyskl - INFO - Epoch [14][3500/5537]	lr: 1.327e-03, eta: 9:16:31, time: 2.558, data_time: 0.000, memory: 5243, top1_acc: 0.9994, top5_acc: 1.0000, loss_cls: 0.0122, loss: 0.0122
2026-08-23 23:25:46,303 - pyskl - INFO - Epoch [14][3600/5537]	lr: 1.307e-03, eta: 9:12:17, time: 2.551, data_time: 0.000, memory: 5243, top1_acc: 0.9997, top5_acc: 1.0000, loss_cls: 0.0101, loss: 0.0101
2026-08-23 23:30:01,775 - pyskl - INFO - Epoch [14][3700/5537]	lr: 1.288e-03, eta: 9:08:02, time: 2.555, data_time: 0.000, memory: 5243, top1_acc: 1.0000, top5_acc: 1.0000, loss_cls: 0.0105, loss: 0.0105
2026-08-23 23:34:17,626 - pyskl - INFO - Epoch [14][3800/5537]	lr: 1.268e-03, eta: 9:03:48, time: 2.559, data_time: 0.000, memory: 5243, top1_acc: 1.0000, top5_acc: 1.0000, loss_cls: 0.0102, loss: 0.0102
2026-08-23 23:38:32,237 - pyskl - INFO - Epoch [14][3900/5537]	lr: 1.249e-03, eta: 8:59:33, time: 2.546, data_time: 0.000, memory: 5243, top1_acc: 1.0000, top5_acc: 1.0000, loss_cls: 0.0097, loss: 0.0097
2026-08-23 23:42:47,826 - pyskl - INFO - Epoch [14][4000/5537]	lr: 1.229e-03, eta: 8:55:18, time: 2.556, data_time: 0.000, memory: 5243, top1_acc: 0.9997, top5_acc: 1.0000, loss_cls: 0.0102, loss: 0.0102
2026-08-23 23:47:03,358 - pyskl - INFO - Epoch [14][4100/5537]	lr: 1.210e-03, eta: 8:51:04, time: 2.555, data_time: 0.000, memory: 5243, top1_acc: 1.0000, top5_acc: 1.0000, loss_cls: 0.0101, loss: 0.0101
2026-08-23 23:51:18,138 - pyskl - INFO - Epoch [14][4200/5537]	lr: 1.191e-03, eta: 8:46:49, time: 2.548, data_time: 0.000, memory: 5243, top1_acc: 0.9997, top5_acc: 1.0000, loss_cls: 0.0123, loss: 0.0123
2026-08-23 23:55:33,515 - pyskl - INFO - Epoch [14][4300/5537]	lr: 1.173e-03, eta: 8:42:35, time: 2.554, data_time: 0.000, memory: 5243, top1_acc: 0.9997, top5_acc: 1.0000, loss_cls: 0.0113, loss: 0.0113
2026-08-23 23:59:48,914 - pyskl - INFO - Epoch [14][4400/5537]	lr: 1.154e-03, eta: 8:38:20, time: 2.554, data_time: 0.000, memory: 5243, top1_acc: 1.0000, top5_acc: 1.0000, loss_cls: 0.0100, loss: 0.0100
2026-08-24 00:04:05,555 - pyskl - INFO - Epoch [14][4500/5537]	lr: 1.135e-03, eta: 8:34:06, time: 2.566, data_time: 0.000, memory: 5243, top1_acc: 0.9997, top5_acc: 1.0000, loss_cls: 0.0118, loss: 0.0118
2026-08-24 00:08:19,507 - pyskl - INFO - Epoch [14][4600/5537]	lr: 1.117e-03, eta: 8:29:51, time: 2.539, data_time: 0.000, memory: 5243, top1_acc: 0.9997, top5_acc: 1.0000, loss_cls: 0.0115, loss: 0.0115
2026-08-24 00:12:35,019 - pyskl - INFO - Epoch [14][4700/5537]	lr: 1.099e-03, eta: 8:25:36, time: 2.555, data_time: 0.000, memory: 5243, top1_acc: 0.9991, top5_acc: 1.0000, loss_cls: 0.0129, loss: 0.0129
2026-08-24 00:16:50,466 - pyskl - INFO - Epoch [14][4800/5537]	lr: 1.081e-03, eta: 8:21:22, time: 2.554, data_time: 0.000, memory: 5243, top1_acc: 1.0000, top5_acc: 1.0000, loss_cls: 0.0107, loss: 0.0107
2026-08-24 00:21:04,989 - pyskl - INFO - Epoch [14][4900/5537]	lr: 1.063e-03, eta: 8:17:07, time: 2.545, data_time: 0.000, memory: 5243, top1_acc: 1.0000, top5_acc: 1.0000, loss_cls: 0.0108, loss: 0.0108
2026-08-24 00:25:20,054 - pyskl - INFO - Epoch [14][5000/5537]	lr: 1.045e-03, eta: 8:12:52, time: 2.551, data_time: 0.000, memory: 5243, top1_acc: 1.0000, top5_acc: 1.0000, loss_cls: 0.0108, loss: 0.0108
2026-08-24 00:29:35,102 - pyskl - INFO - Epoch [14][5100/5537]	lr: 1.027e-03, eta: 8:08:38, time: 2.550, data_time: 0.000, memory: 5243, top1_acc: 0.9994, top5_acc: 1.0000, loss_cls: 0.0120, loss: 0.0120
2026-08-24 00:33:50,689 - pyskl - INFO - Epoch [14][5200/5537]	lr: 1.010e-03, eta: 8:04:23, time: 2.556, data_time: 0.000, memory: 5243, top1_acc: 0.9997, top5_acc: 1.0000, loss_cls: 0.0111, loss: 0.0111
2026-08-24 00:38:04,606 - pyskl - INFO - Epoch [14][5300/5537]	lr: 9.923e-04, eta: 8:00:08, time: 2.539, data_time: 0.000, memory: 5243, top1_acc: 0.9994, top5_acc: 1.0000, loss_cls: 0.0098, loss: 0.0098
2026-08-24 00:42:19,981 - pyskl - INFO - Epoch [14][5400/5537]	lr: 9.751e-04, eta: 7:55:54, time: 2.554, data_time: 0.000, memory: 5243, top1_acc: 1.0000, top5_acc: 1.0000, loss_cls: 0.0099, loss: 0.0099
2026-08-24 00:46:35,370 - pyskl - INFO - Epoch [14][5500/5537]	lr: 9.580e-04, eta: 7:51:39, time: 2.554, data_time: 0.000, memory: 5243, top1_acc: 1.0000, top5_acc: 1.0000, loss_cls: 0.0103, loss: 0.0103
2026-08-24 00:48:09,479 - pyskl - INFO - Saving checkpoint at 14 epochs
2026-08-24 00:54:06,265 - pyskl - INFO - Evaluating top_k_accuracy ...
2026-08-24 00:54:06,276 - pyskl - INFO - 
top1_acc	0.9014
top5_acc	0.9824
2026-08-24 00:54:06,278 - pyskl - INFO - The previous best checkpoint D:\YxjProject\pythonProject\pyskl\work_dirs\aug_baseline\stgcnpp_j\train\A0_clean\best_top1_acc_epoch_13.pth was removed
2026-08-24 00:54:06,347 - pyskl - INFO - Now best checkpoint is saved as best_top1_acc_epoch_14.pth.
2026-08-24 00:54:06,348 - pyskl - INFO - Best top1_acc is 0.9014 at 14 epoch.
2026-08-24 00:54:06,348 - pyskl - INFO - Epoch(val) [14][146]	top1_acc: 0.9014, top5_acc: 0.9824
2026-08-24 00:58:28,018 - pyskl - INFO - Epoch [15][100/5537]	lr: 9.348e-04, eta: 7:45:38, time: 2.617, data_time: 0.066, memory: 5243, top1_acc: 1.0000, top5_acc: 1.0000, loss_cls: 0.0102, loss: 0.0102
2026-08-24 01:02:41,868 - pyskl - INFO - Epoch [15][200/5537]	lr: 9.180e-04, eta: 7:41:23, time: 2.538, data_time: 0.000, memory: 5243, top1_acc: 1.0000, top5_acc: 1.0000, loss_cls: 0.0100, loss: 0.0100
2026-08-24 01:06:57,694 - pyskl - INFO - Epoch [15][300/5537]	lr: 9.014e-04, eta: 7:37:09, time: 2.558, data_time: 0.000, memory: 5243, top1_acc: 1.0000, top5_acc: 1.0000, loss_cls: 0.0098, loss: 0.0098
2026-08-24 01:11:13,554 - pyskl - INFO - Epoch [15][400/5537]	lr: 8.850e-04, eta: 7:32:54, time: 2.559, data_time: 0.000, memory: 5243, top1_acc: 1.0000, top5_acc: 1.0000, loss_cls: 0.0094, loss: 0.0094
2026-08-24 01:15:28,834 - pyskl - INFO - Epoch [15][500/5537]	lr: 8.687e-04, eta: 7:28:40, time: 2.553, data_time: 0.000, memory: 5243, top1_acc: 0.9997, top5_acc: 1.0000, loss_cls: 0.0111, loss: 0.0111
2026-08-24 01:19:43,481 - pyskl - INFO - Epoch [15][600/5537]	lr: 8.525e-04, eta: 7:24:25, time: 2.546, data_time: 0.000, memory: 5243, top1_acc: 1.0000, top5_acc: 1.0000, loss_cls: 0.0098, loss: 0.0098
2026-08-24 01:23:59,079 - pyskl - INFO - Epoch [15][700/5537]	lr: 8.365e-04, eta: 7:20:11, time: 2.556, data_time: 0.000, memory: 5243, top1_acc: 1.0000, top5_acc: 1.0000, loss_cls: 0.0097, loss: 0.0097
2026-08-24 01:28:15,067 - pyskl - INFO - Epoch [15][800/5537]	lr: 8.206e-04, eta: 7:15:56, time: 2.560, data_time: 0.000, memory: 5243, top1_acc: 1.0000, top5_acc: 1.0000, loss_cls: 0.0101, loss: 0.0101
2026-08-24 01:32:29,521 - pyskl - INFO - Epoch [15][900/5537]	lr: 8.049e-04, eta: 7:11:42, time: 2.545, data_time: 0.000, memory: 5243, top1_acc: 0.9997, top5_acc: 1.0000, loss_cls: 0.0101, loss: 0.0101
2026-08-24 01:36:45,165 - pyskl - INFO - Epoch [15][1000/5537]	lr: 7.893e-04, eta: 7:07:27, time: 2.556, data_time: 0.000, memory: 5243, top1_acc: 1.0000, top5_acc: 1.0000, loss_cls: 0.0097, loss: 0.0097
2026-08-24 01:41:00,002 - pyskl - INFO - Epoch [15][1100/5537]	lr: 7.739e-04, eta: 7:03:13, time: 2.548, data_time: 0.000, memory: 5243, top1_acc: 0.9997, top5_acc: 1.0000, loss_cls: 0.0102, loss: 0.0102
2026-08-24 01:45:14,941 - pyskl - INFO - Epoch [15][1200/5537]	lr: 7.586e-04, eta: 6:58:58, time: 2.549, data_time: 0.000, memory: 5243, top1_acc: 1.0000, top5_acc: 1.0000, loss_cls: 0.0098, loss: 0.0098
2026-08-24 01:49:30,019 - pyskl - INFO - Epoch [15][1300/5537]	lr: 7.435e-04, eta: 6:54:44, time: 2.551, data_time: 0.000, memory: 5243, top1_acc: 1.0000, top5_acc: 1.0000, loss_cls: 0.0099, loss: 0.0099
2026-08-24 01:53:45,332 - pyskl - INFO - Epoch [15][1400/5537]	lr: 7.285e-04, eta: 6:50:29, time: 2.553, data_time: 0.000, memory: 5243, top1_acc: 0.9997, top5_acc: 1.0000, loss_cls: 0.0106, loss: 0.0106
2026-08-24 01:58:01,163 - pyskl - INFO - Epoch [15][1500/5537]	lr: 7.137e-04, eta: 6:46:15, time: 2.558, data_time: 0.000, memory: 5243, top1_acc: 0.9994, top5_acc: 1.0000, loss_cls: 0.0104, loss: 0.0104
2026-08-24 02:02:15,770 - pyskl - INFO - Epoch [15][1600/5537]	lr: 6.990e-04, eta: 6:42:00, time: 2.546, data_time: 0.000, memory: 5243, top1_acc: 0.9997, top5_acc: 1.0000, loss_cls: 0.0096, loss: 0.0096
2026-08-24 02:06:31,534 - pyskl - INFO - Epoch [15][1700/5537]	lr: 6.844e-04, eta: 6:37:46, time: 2.558, data_time: 0.000, memory: 5243, top1_acc: 1.0000, top5_acc: 1.0000, loss_cls: 0.0093, loss: 0.0093
2026-08-24 02:10:47,721 - pyskl - INFO - Epoch [15][1800/5537]	lr: 6.700e-04, eta: 6:33:31, time: 2.562, data_time: 0.000, memory: 5243, top1_acc: 1.0000, top5_acc: 1.0000, loss_cls: 0.0092, loss: 0.0092
2026-08-24 02:15:01,895 - pyskl - INFO - Epoch [15][1900/5537]	lr: 6.558e-04, eta: 6:29:17, time: 2.542, data_time: 0.000, memory: 5243, top1_acc: 1.0000, top5_acc: 1.0000, loss_cls: 0.0105, loss: 0.0105
2026-08-24 02:19:17,684 - pyskl - INFO - Epoch [15][2000/5537]	lr: 6.417e-04, eta: 6:25:02, time: 2.558, data_time: 0.000, memory: 5243, top1_acc: 1.0000, top5_acc: 1.0000, loss_cls: 0.0095, loss: 0.0095
2026-08-24 02:23:33,140 - pyskl - INFO - Epoch [15][2100/5537]	lr: 6.278e-04, eta: 6:20:48, time: 2.555, data_time: 0.000, memory: 5243, top1_acc: 1.0000, top5_acc: 1.0000, loss_cls: 0.0103, loss: 0.0103
2026-08-24 02:27:48,336 - pyskl - INFO - Epoch [15][2200/5537]	lr: 6.140e-04, eta: 6:16:33, time: 2.552, data_time: 0.000, memory: 5243, top1_acc: 1.0000, top5_acc: 1.0000, loss_cls: 0.0098, loss: 0.0098
2026-08-24 02:32:02,779 - pyskl - INFO - Epoch [15][2300/5537]	lr: 6.003e-04, eta: 6:12:18, time: 2.544, data_time: 0.000, memory: 5243, top1_acc: 1.0000, top5_acc: 1.0000, loss_cls: 0.0097, loss: 0.0097
2026-08-24 02:36:18,017 - pyskl - INFO - Epoch [15][2400/5537]	lr: 5.868e-04, eta: 6:08:04, time: 2.552, data_time: 0.000, memory: 5243, top1_acc: 0.9997, top5_acc: 1.0000, loss_cls: 0.0098, loss: 0.0098
2026-08-24 02:40:32,710 - pyskl - INFO - Epoch [15][2500/5537]	lr: 5.735e-04, eta: 6:03:49, time: 2.547, data_time: 0.000, memory: 5243, top1_acc: 1.0000, top5_acc: 1.0000, loss_cls: 0.0098, loss: 0.0098
2026-08-24 02:44:46,908 - pyskl - INFO - Epoch [15][2600/5537]	lr: 5.603e-04, eta: 5:59:35, time: 2.542, data_time: 0.000, memory: 5243, top1_acc: 1.0000, top5_acc: 1.0000, loss_cls: 0.0087, loss: 0.0087
2026-08-24 02:49:02,713 - pyskl - INFO - Epoch [15][2700/5537]	lr: 5.472e-04, eta: 5:55:20, time: 2.558, data_time: 0.000, memory: 5243, top1_acc: 0.9997, top5_acc: 1.0000, loss_cls: 0.0106, loss: 0.0106
2026-08-24 02:53:18,047 - pyskl - INFO - Epoch [15][2800/5537]	lr: 5.343e-04, eta: 5:51:06, time: 2.553, data_time: 0.000, memory: 5243, top1_acc: 0.9997, top5_acc: 1.0000, loss_cls: 0.0096, loss: 0.0096
2026-08-24 02:57:33,583 - pyskl - INFO - Epoch [15][2900/5537]	lr: 5.216e-04, eta: 5:46:51, time: 2.555, data_time: 0.000, memory: 5243, top1_acc: 1.0000, top5_acc: 1.0000, loss_cls: 0.0100, loss: 0.0100
2026-08-24 03:01:48,256 - pyskl - INFO - Epoch [15][3000/5537]	lr: 5.090e-04, eta: 5:42:37, time: 2.547, data_time: 0.000, memory: 5243, top1_acc: 1.0000, top5_acc: 1.0000, loss_cls: 0.0096, loss: 0.0096
2026-08-24 03:06:03,656 - pyskl - INFO - Epoch [15][3100/5537]	lr: 4.965e-04, eta: 5:38:22, time: 2.554, data_time: 0.000, memory: 5243, top1_acc: 1.0000, top5_acc: 1.0000, loss_cls: 0.0092, loss: 0.0092
2026-08-24 03:10:19,365 - pyskl - INFO - Epoch [15][3200/5537]	lr: 4.842e-04, eta: 5:34:08, time: 2.557, data_time: 0.000, memory: 5243, top1_acc: 1.0000, top5_acc: 1.0000, loss_cls: 0.0106, loss: 0.0106
2026-08-24 03:14:33,390 - pyskl - INFO - Epoch [15][3300/5537]	lr: 4.721e-04, eta: 5:29:53, time: 2.540, data_time: 0.000, memory: 5243, top1_acc: 1.0000, top5_acc: 1.0000, loss_cls: 0.0096, loss: 0.0096
2026-08-24 03:18:48,735 - pyskl - INFO - Epoch [15][3400/5537]	lr: 4.601e-04, eta: 5:25:38, time: 2.553, data_time: 0.000, memory: 5243, top1_acc: 1.0000, top5_acc: 1.0000, loss_cls: 0.0095, loss: 0.0095
2026-08-24 03:23:03,813 - pyskl - INFO - Epoch [15][3500/5537]	lr: 4.483e-04, eta: 5:21:24, time: 2.551, data_time: 0.000, memory: 5243, top1_acc: 1.0000, top5_acc: 1.0000, loss_cls: 0.0100, loss: 0.0100
2026-08-24 03:27:18,739 - pyskl - INFO - Epoch [15][3600/5537]	lr: 4.366e-04, eta: 5:17:09, time: 2.549, data_time: 0.001, memory: 5243, top1_acc: 1.0000, top5_acc: 1.0000, loss_cls: 0.0096, loss: 0.0096
2026-08-24 03:31:34,508 - pyskl - INFO - Epoch [15][3700/5537]	lr: 4.250e-04, eta: 5:12:55, time: 2.558, data_time: 0.000, memory: 5243, top1_acc: 1.0000, top5_acc: 1.0000, loss_cls: 0.0094, loss: 0.0094
2026-08-24 03:35:50,244 - pyskl - INFO - Epoch [15][3800/5537]	lr: 4.137e-04, eta: 5:08:40, time: 2.557, data_time: 0.000, memory: 5243, top1_acc: 1.0000, top5_acc: 1.0000, loss_cls: 0.0104, loss: 0.0104
2026-08-24 03:40:05,875 - pyskl - INFO - Epoch [15][3900/5537]	lr: 4.024e-04, eta: 5:04:26, time: 2.556, data_time: 0.000, memory: 5243, top1_acc: 0.9997, top5_acc: 1.0000, loss_cls: 0.0101, loss: 0.0101
2026-08-24 03:44:20,062 - pyskl - INFO - Epoch [15][4000/5537]	lr: 3.913e-04, eta: 5:00:11, time: 2.542, data_time: 0.000, memory: 5243, top1_acc: 1.0000, top5_acc: 1.0000, loss_cls: 0.0083, loss: 0.0083
2026-08-24 03:48:35,564 - pyskl - INFO - Epoch [15][4100/5537]	lr: 3.804e-04, eta: 4:55:56, time: 2.555, data_time: 0.000, memory: 5243, top1_acc: 1.0000, top5_acc: 1.0000, loss_cls: 0.0087, loss: 0.0087
2026-08-24 03:52:51,106 - pyskl - INFO - Epoch [15][4200/5537]	lr: 3.696e-04, eta: 4:51:42, time: 2.555, data_time: 0.000, memory: 5243, top1_acc: 0.9994, top5_acc: 1.0000, loss_cls: 0.0104, loss: 0.0104
2026-08-24 03:57:05,904 - pyskl - INFO - Epoch [15][4300/5537]	lr: 3.590e-04, eta: 4:47:27, time: 2.548, data_time: 0.000, memory: 5243, top1_acc: 0.9994, top5_acc: 1.0000, loss_cls: 0.0109, loss: 0.0109
2026-08-24 04:01:21,338 - pyskl - INFO - Epoch [15][4400/5537]	lr: 3.485e-04, eta: 4:43:13, time: 2.554, data_time: 0.000, memory: 5243, top1_acc: 0.9997, top5_acc: 1.0000, loss_cls: 0.0097, loss: 0.0097
2026-08-24 04:05:37,021 - pyskl - INFO - Epoch [15][4500/5537]	lr: 3.382e-04, eta: 4:38:58, time: 2.557, data_time: 0.000, memory: 5243, top1_acc: 1.0000, top5_acc: 1.0000, loss_cls: 0.0094, loss: 0.0094
2026-08-24 04:09:52,890 - pyskl - INFO - Epoch [15][4600/5537]	lr: 3.281e-04, eta: 4:34:44, time: 2.559, data_time: 0.000, memory: 5243, top1_acc: 0.9997, top5_acc: 1.0000, loss_cls: 0.0105, loss: 0.0105
2026-08-24 04:14:07,286 - pyskl - INFO - Epoch [15][4700/5537]	lr: 3.181e-04, eta: 4:30:29, time: 2.544, data_time: 0.000, memory: 5243, top1_acc: 1.0000, top5_acc: 1.0000, loss_cls: 0.0097, loss: 0.0097
2026-08-24 04:18:23,056 - pyskl - INFO - Epoch [15][4800/5537]	lr: 3.082e-04, eta: 4:26:15, time: 2.558, data_time: 0.000, memory: 5243, top1_acc: 1.0000, top5_acc: 1.0000, loss_cls: 0.0096, loss: 0.0096
2026-08-24 04:22:39,193 - pyskl - INFO - Epoch [15][4900/5537]	lr: 2.985e-04, eta: 4:22:00, time: 2.561, data_time: 0.000, memory: 5243, top1_acc: 1.0000, top5_acc: 1.0000, loss_cls: 0.0091, loss: 0.0091
2026-08-24 04:26:53,760 - pyskl - INFO - Epoch [15][5000/5537]	lr: 2.889e-04, eta: 4:17:45, time: 2.546, data_time: 0.000, memory: 5243, top1_acc: 0.9997, top5_acc: 1.0000, loss_cls: 0.0096, loss: 0.0096
2026-08-24 04:31:10,143 - pyskl - INFO - Epoch [15][5100/5537]	lr: 2.795e-04, eta: 4:13:31, time: 2.564, data_time: 0.000, memory: 5243, top1_acc: 1.0000, top5_acc: 1.0000, loss_cls: 0.0085, loss: 0.0085
2026-08-24 04:35:25,383 - pyskl - INFO - Epoch [15][5200/5537]	lr: 2.703e-04, eta: 4:09:16, time: 2.552, data_time: 0.000, memory: 5243, top1_acc: 0.9997, top5_acc: 1.0000, loss_cls: 0.0099, loss: 0.0099
2026-08-24 04:39:41,192 - pyskl - INFO - Epoch [15][5300/5537]	lr: 2.612e-04, eta: 4:05:02, time: 2.558, data_time: 0.000, memory: 5243, top1_acc: 1.0000, top5_acc: 1.0000, loss_cls: 0.0092, loss: 0.0092
2026-08-24 04:43:55,693 - pyskl - INFO - Epoch [15][5400/5537]	lr: 2.523e-04, eta: 4:00:47, time: 2.545, data_time: 0.000, memory: 5243, top1_acc: 1.0000, top5_acc: 1.0000, loss_cls: 0.0089, loss: 0.0089
2026-08-24 04:48:11,242 - pyskl - INFO - Epoch [15][5500/5537]	lr: 2.435e-04, eta: 3:56:33, time: 2.555, data_time: 0.000, memory: 5243, top1_acc: 0.9997, top5_acc: 1.0000, loss_cls: 0.0109, loss: 0.0109
2026-08-24 04:49:45,520 - pyskl - INFO - Saving checkpoint at 15 epochs
2026-08-24 04:55:41,654 - pyskl - INFO - Evaluating top_k_accuracy ...
2026-08-24 04:55:41,665 - pyskl - INFO - 
top1_acc	0.9018
top5_acc	0.9820
2026-08-24 04:55:41,666 - pyskl - INFO - The previous best checkpoint D:\YxjProject\pythonProject\pyskl\work_dirs\aug_baseline\stgcnpp_j\train\A0_clean\best_top1_acc_epoch_14.pth was removed
2026-08-24 04:55:41,734 - pyskl - INFO - Now best checkpoint is saved as best_top1_acc_epoch_15.pth.
2026-08-24 04:55:41,734 - pyskl - INFO - Best top1_acc is 0.9018 at 15 epoch.
2026-08-24 04:55:41,734 - pyskl - INFO - Epoch(val) [15][146]	top1_acc: 0.9018, top5_acc: 0.9820
2026-08-24 05:00:03,866 - pyskl - INFO - Epoch [16][100/5537]	lr: 2.317e-04, eta: 3:50:38, time: 2.621, data_time: 0.066, memory: 5243, top1_acc: 1.0000, top5_acc: 1.0000, loss_cls: 0.0092, loss: 0.0092
2026-08-24 05:04:18,908 - pyskl - INFO - Epoch [16][200/5537]	lr: 2.233e-04, eta: 3:46:24, time: 2.550, data_time: 0.000, memory: 5243, top1_acc: 1.0000, top5_acc: 1.0000, loss_cls: 0.0092, loss: 0.0092
2026-08-24 05:08:33,104 - pyskl - INFO - Epoch [16][300/5537]	lr: 2.150e-04, eta: 3:42:09, time: 2.542, data_time: 0.000, memory: 5243, top1_acc: 0.9997, top5_acc: 1.0000, loss_cls: 0.0104, loss: 0.0104
2026-08-24 05:12:48,778 - pyskl - INFO - Epoch [16][400/5537]	lr: 2.069e-04, eta: 3:37:55, time: 2.557, data_time: 0.000, memory: 5243, top1_acc: 0.9997, top5_acc: 1.0000, loss_cls: 0.0097, loss: 0.0097
2026-08-24 05:17:03,674 - pyskl - INFO - Epoch [16][500/5537]	lr: 1.990e-04, eta: 3:33:40, time: 2.549, data_time: 0.000, memory: 5243, top1_acc: 1.0000, top5_acc: 1.0000, loss_cls: 0.0091, loss: 0.0091
2026-08-24 05:21:18,535 - pyskl - INFO - Epoch [16][600/5537]	lr: 1.912e-04, eta: 3:29:26, time: 2.549, data_time: 0.000, memory: 5243, top1_acc: 1.0000, top5_acc: 1.0000, loss_cls: 0.0095, loss: 0.0095
2026-08-24 05:25:33,791 - pyskl - INFO - Epoch [16][700/5537]	lr: 1.835e-04, eta: 3:25:11, time: 2.553, data_time: 0.000, memory: 5243, top1_acc: 1.0000, top5_acc: 1.0000, loss_cls: 0.0095, loss: 0.0095
2026-08-24 05:29:48,889 - pyskl - INFO - Epoch [16][800/5537]	lr: 1.760e-04, eta: 3:20:57, time: 2.551, data_time: 0.000, memory: 5243, top1_acc: 0.9997, top5_acc: 1.0000, loss_cls: 0.0095, loss: 0.0095
2026-08-24 05:34:04,745 - pyskl - INFO - Epoch [16][900/5537]	lr: 1.687e-04, eta: 3:16:42, time: 2.559, data_time: 0.000, memory: 5243, top1_acc: 0.9997, top5_acc: 1.0000, loss_cls: 0.0089, loss: 0.0089
2026-08-24 05:38:19,143 - pyskl - INFO - Epoch [16][1000/5537]	lr: 1.615e-04, eta: 3:12:28, time: 2.544, data_time: 0.000, memory: 5243, top1_acc: 0.9997, top5_acc: 1.0000, loss_cls: 0.0094, loss: 0.0094
2026-08-24 05:42:34,452 - pyskl - INFO - Epoch [16][1100/5537]	lr: 1.545e-04, eta: 3:08:13, time: 2.553, data_time: 0.000, memory: 5243, top1_acc: 0.9997, top5_acc: 1.0000, loss_cls: 0.0100, loss: 0.0100
2026-08-24 05:46:50,535 - pyskl - INFO - Epoch [16][1200/5537]	lr: 1.476e-04, eta: 3:03:59, time: 2.561, data_time: 0.000, memory: 5243, top1_acc: 1.0000, top5_acc: 1.0000, loss_cls: 0.0088, loss: 0.0088
2026-08-24 05:51:04,820 - pyskl - INFO - Epoch [16][1300/5537]	lr: 1.409e-04, eta: 2:59:44, time: 2.543, data_time: 0.000, memory: 5243, top1_acc: 1.0000, top5_acc: 1.0000, loss_cls: 0.0090, loss: 0.0090
2026-08-24 05:55:20,179 - pyskl - INFO - Epoch [16][1400/5537]	lr: 1.343e-04, eta: 2:55:30, time: 2.554, data_time: 0.000, memory: 5243, top1_acc: 1.0000, top5_acc: 1.0000, loss_cls: 0.0097, loss: 0.0097
2026-08-24 05:59:35,783 - pyskl - INFO - Epoch [16][1500/5537]	lr: 1.279e-04, eta: 2:51:15, time: 2.556, data_time: 0.000, memory: 5243, top1_acc: 0.9994, top5_acc: 1.0000, loss_cls: 0.0091, loss: 0.0091
2026-08-24 06:03:50,660 - pyskl - INFO - Epoch [16][1600/5537]	lr: 1.217e-04, eta: 2:47:01, time: 2.549, data_time: 0.000, memory: 5243, top1_acc: 1.0000, top5_acc: 1.0000, loss_cls: 0.0095, loss: 0.0095
2026-08-24 06:08:04,742 - pyskl - INFO - Epoch [16][1700/5537]	lr: 1.156e-04, eta: 2:42:46, time: 2.541, data_time: 0.000, memory: 5243, top1_acc: 1.0000, top5_acc: 1.0000, loss_cls: 0.0090, loss: 0.0090
2026-08-24 06:12:20,331 - pyskl - INFO - Epoch [16][1800/5537]	lr: 1.097e-04, eta: 2:38:32, time: 2.556, data_time: 0.000, memory: 5243, top1_acc: 1.0000, top5_acc: 1.0000, loss_cls: 0.0089, loss: 0.0089
2026-08-24 06:16:35,768 - pyskl - INFO - Epoch [16][1900/5537]	lr: 1.039e-04, eta: 2:34:17, time: 2.554, data_time: 0.000, memory: 5243, top1_acc: 0.9997, top5_acc: 1.0000, loss_cls: 0.0106, loss: 0.0106
2026-08-24 06:20:50,449 - pyskl - INFO - Epoch [16][2000/5537]	lr: 9.825e-05, eta: 2:30:02, time: 2.547, data_time: 0.000, memory: 5243, top1_acc: 1.0000, top5_acc: 1.0000, loss_cls: 0.0091, loss: 0.0091
2026-08-24 06:25:06,320 - pyskl - INFO - Epoch [16][2100/5537]	lr: 9.278e-05, eta: 2:25:48, time: 2.559, data_time: 0.000, memory: 5243, top1_acc: 0.9997, top5_acc: 1.0000, loss_cls: 0.0105, loss: 0.0105
2026-08-24 06:29:20,756 - pyskl - INFO - Epoch [16][2200/5537]	lr: 8.747e-05, eta: 2:21:33, time: 2.544, data_time: 0.000, memory: 5243, top1_acc: 1.0000, top5_acc: 1.0000, loss_cls: 0.0088, loss: 0.0088
2026-08-24 06:33:36,610 - pyskl - INFO - Epoch [16][2300/5537]	lr: 8.231e-05, eta: 2:17:19, time: 2.559, data_time: 0.000, memory: 5243, top1_acc: 1.0000, top5_acc: 1.0000, loss_cls: 0.0092, loss: 0.0092
2026-08-24 06:37:51,490 - pyskl - INFO - Epoch [16][2400/5537]	lr: 7.731e-05, eta: 2:13:04, time: 2.549, data_time: 0.000, memory: 5243, top1_acc: 1.0000, top5_acc: 1.0000, loss_cls: 0.0084, loss: 0.0084
2026-08-24 06:42:07,273 - pyskl - INFO - Epoch [16][2500/5537]	lr: 7.247e-05, eta: 2:08:50, time: 2.558, data_time: 0.000, memory: 5243, top1_acc: 1.0000, top5_acc: 1.0000, loss_cls: 0.0094, loss: 0.0094
2026-08-24 06:46:22,499 - pyskl - INFO - Epoch [16][2600/5537]	lr: 6.778e-05, eta: 2:04:35, time: 2.552, data_time: 0.000, memory: 5243, top1_acc: 1.0000, top5_acc: 1.0000, loss_cls: 0.0091, loss: 0.0091
2026-08-24 06:50:37,119 - pyskl - INFO - Epoch [16][2700/5537]	lr: 6.325e-05, eta: 2:00:21, time: 2.546, data_time: 0.000, memory: 5243, top1_acc: 1.0000, top5_acc: 1.0000, loss_cls: 0.0092, loss: 0.0092
2026-08-24 06:54:52,930 - pyskl - INFO - Epoch [16][2800/5537]	lr: 5.887e-05, eta: 1:56:06, time: 2.558, data_time: 0.000, memory: 5243, top1_acc: 1.0000, top5_acc: 1.0000, loss_cls: 0.0090, loss: 0.0090
2026-08-24 06:59:09,090 - pyskl - INFO - Epoch [16][2900/5537]	lr: 5.465e-05, eta: 1:51:52, time: 2.562, data_time: 0.000, memory: 5243, top1_acc: 1.0000, top5_acc: 1.0000, loss_cls: 0.0092, loss: 0.0092
2026-08-24 07:03:24,266 - pyskl - INFO - Epoch [16][3000/5537]	lr: 5.059e-05, eta: 1:47:37, time: 2.552, data_time: 0.000, memory: 5243, top1_acc: 1.0000, top5_acc: 1.0000, loss_cls: 0.0088, loss: 0.0088
2026-08-24 07:07:39,215 - pyskl - INFO - Epoch [16][3100/5537]	lr: 4.669e-05, eta: 1:43:23, time: 2.549, data_time: 0.000, memory: 5243, top1_acc: 1.0000, top5_acc: 1.0000, loss_cls: 0.0093, loss: 0.0093
2026-08-24 07:11:54,573 - pyskl - INFO - Epoch [16][3200/5537]	lr: 4.294e-05, eta: 1:39:08, time: 2.554, data_time: 0.000, memory: 5243, top1_acc: 1.0000, top5_acc: 1.0000, loss_cls: 0.0100, loss: 0.0100
2026-08-24 07:16:10,641 - pyskl - INFO - Epoch [16][3300/5537]	lr: 3.934e-05, eta: 1:34:54, time: 2.561, data_time: 0.000, memory: 5243, top1_acc: 0.9997, top5_acc: 1.0000, loss_cls: 0.0091, loss: 0.0091
2026-08-24 07:20:24,874 - pyskl - INFO - Epoch [16][3400/5537]	lr: 3.591e-05, eta: 1:30:39, time: 2.542, data_time: 0.000, memory: 5243, top1_acc: 0.9994, top5_acc: 1.0000, loss_cls: 0.0114, loss: 0.0114
2026-08-24 07:24:40,666 - pyskl - INFO - Epoch [16][3500/5537]	lr: 3.263e-05, eta: 1:26:25, time: 2.558, data_time: 0.000, memory: 5243, top1_acc: 1.0000, top5_acc: 1.0000, loss_cls: 0.0086, loss: 0.0086
2026-08-24 07:28:57,032 - pyskl - INFO - Epoch [16][3600/5537]	lr: 2.951e-05, eta: 1:22:10, time: 2.564, data_time: 0.000, memory: 5243, top1_acc: 1.0000, top5_acc: 1.0000, loss_cls: 0.0092, loss: 0.0092
2026-08-24 07:33:12,092 - pyskl - INFO - Epoch [16][3700/5537]	lr: 2.654e-05, eta: 1:17:56, time: 2.551, data_time: 0.000, memory: 5243, top1_acc: 1.0000, top5_acc: 1.0000, loss_cls: 0.0099, loss: 0.0099
2026-08-24 07:37:27,685 - pyskl - INFO - Epoch [16][3800/5537]	lr: 2.373e-05, eta: 1:13:41, time: 2.556, data_time: 0.000, memory: 5243, top1_acc: 1.0000, top5_acc: 1.0000, loss_cls: 0.0095, loss: 0.0095
2026-08-24 07:41:43,041 - pyskl - INFO - Epoch [16][3900/5537]	lr: 2.108e-05, eta: 1:09:27, time: 2.554, data_time: 0.000, memory: 5243, top1_acc: 1.0000, top5_acc: 1.0000, loss_cls: 0.0088, loss: 0.0088
2026-08-24 07:45:59,082 - pyskl - INFO - Epoch [16][4000/5537]	lr: 1.859e-05, eta: 1:05:12, time: 2.560, data_time: 0.000, memory: 5243, top1_acc: 1.0000, top5_acc: 1.0000, loss_cls: 0.0096, loss: 0.0096
2026-08-24 07:50:12,751 - pyskl - INFO - Epoch [16][4100/5537]	lr: 1.625e-05, eta: 1:00:57, time: 2.537, data_time: 0.000, memory: 5243, top1_acc: 0.9997, top5_acc: 1.0000, loss_cls: 0.0088, loss: 0.0088
2026-08-24 07:54:28,114 - pyskl - INFO - Epoch [16][4200/5537]	lr: 1.407e-05, eta: 0:56:43, time: 2.554, data_time: 0.000, memory: 5243, top1_acc: 1.0000, top5_acc: 1.0000, loss_cls: 0.0095, loss: 0.0095
2026-08-24 07:58:43,441 - pyskl - INFO - Epoch [16][4300/5537]	lr: 1.204e-05, eta: 0:52:28, time: 2.553, data_time: 0.000, memory: 5243, top1_acc: 1.0000, top5_acc: 1.0000, loss_cls: 0.0088, loss: 0.0088
2026-08-24 08:02:58,134 - pyskl - INFO - Epoch [16][4400/5537]	lr: 1.018e-05, eta: 0:48:14, time: 2.547, data_time: 0.000, memory: 5243, top1_acc: 0.9997, top5_acc: 1.0000, loss_cls: 0.0090, loss: 0.0090
2026-08-24 08:07:14,413 - pyskl - INFO - Epoch [16][4500/5537]	lr: 8.467e-06, eta: 0:43:59, time: 2.563, data_time: 0.000, memory: 5243, top1_acc: 1.0000, top5_acc: 1.0000, loss_cls: 0.0084, loss: 0.0084
2026-08-24 08:11:29,694 - pyskl - INFO - Epoch [16][4600/5537]	lr: 6.914e-06, eta: 0:39:45, time: 2.553, data_time: 0.000, memory: 5243, top1_acc: 1.0000, top5_acc: 1.0000, loss_cls: 0.0095, loss: 0.0095
2026-08-24 08:15:45,097 - pyskl - INFO - Epoch [16][4700/5537]	lr: 5.519e-06, eta: 0:35:30, time: 2.554, data_time: 0.000, memory: 5243, top1_acc: 0.9997, top5_acc: 1.0000, loss_cls: 0.0096, loss: 0.0096
2026-08-24 08:19:59,159 - pyskl - INFO - Epoch [16][4800/5537]	lr: 4.280e-06, eta: 0:31:16, time: 2.541, data_time: 0.000, memory: 5243, top1_acc: 1.0000, top5_acc: 1.0000, loss_cls: 0.0089, loss: 0.0089
2026-08-24 08:24:14,590 - pyskl - INFO - Epoch [16][4900/5537]	lr: 3.199e-06, eta: 0:27:01, time: 2.554, data_time: 0.000, memory: 5243, top1_acc: 1.0000, top5_acc: 1.0000, loss_cls: 0.0084, loss: 0.0084
2026-08-24 08:28:30,258 - pyskl - INFO - Epoch [16][5000/5537]	lr: 2.275e-06, eta: 0:22:47, time: 2.557, data_time: 0.000, memory: 5243, top1_acc: 1.0000, top5_acc: 1.0000, loss_cls: 0.0094, loss: 0.0094
2026-08-24 08:32:45,182 - pyskl - INFO - Epoch [16][5100/5537]	lr: 1.508e-06, eta: 0:18:32, time: 2.549, data_time: 0.000, memory: 5243, top1_acc: 1.0000, top5_acc: 1.0000, loss_cls: 0.0091, loss: 0.0091
2026-08-24 08:37:00,564 - pyskl - INFO - Epoch [16][5200/5537]	lr: 8.979e-07, eta: 0:14:17, time: 2.554, data_time: 0.000, memory: 5243, top1_acc: 1.0000, top5_acc: 1.0000, loss_cls: 0.0095, loss: 0.0095
2026-08-24 08:41:16,210 - pyskl - INFO - Epoch [16][5300/5537]	lr: 4.452e-07, eta: 0:10:03, time: 2.556, data_time: 0.000, memory: 5243, top1_acc: 1.0000, top5_acc: 1.0000, loss_cls: 0.0094, loss: 0.0094
2026-08-24 08:45:31,721 - pyskl - INFO - Epoch [16][5400/5537]	lr: 1.497e-07, eta: 0:05:48, time: 2.555, data_time: 0.000, memory: 5243, top1_acc: 1.0000, top5_acc: 1.0000, loss_cls: 0.0088, loss: 0.0088
2026-08-24 08:49:47,113 - pyskl - INFO - Epoch [16][5500/5537]	lr: 1.135e-08, eta: 0:01:34, time: 2.554, data_time: 0.000, memory: 5243, top1_acc: 1.0000, top5_acc: 1.0000, loss_cls: 0.0095, loss: 0.0095
2026-08-24 08:51:21,238 - pyskl - INFO - Saving checkpoint at 16 epochs
2026-08-24 08:57:33,387 - pyskl - INFO - Evaluating top_k_accuracy ...
2026-08-24 08:57:33,398 - pyskl - INFO - 
top1_acc	0.9016
top5_acc	0.9820
2026-08-24 08:57:33,399 - pyskl - INFO - Epoch(val) [16][146]	top1_acc: 0.9016, top5_acc: 0.9820
2026-08-24 08:57:43,900 - pyskl - INFO - 4655 videos remain after valid thresholding
2026-08-24 08:57:43,901 - pyskl - INFO - load checkpoint from local path: ./work_dirs/aug_baseline/stgcnpp_j/train/A0_clean\best_top1_acc_epoch_15.pth
2026-08-24 10:00:04,835 - pyskl - INFO - Testing results of the best checkpoint
2026-08-24 10:00:04,835 - pyskl - INFO - top1_acc: 0.9053
2026-08-24 10:00:04,835 - pyskl - INFO - top5_acc: 0.9832
