2026-08-15 18:10:48,740 - pyskl - INFO - Environment info:
------------------------------------------------------------
sys.platform: win32
Python: 3.10.20 | packaged by conda-forge | (main, Jun 11 2026, 03:28:51) [MSC v.1944 64 bit (AMD64)]
CUDA available: True
GPU 0: NVIDIA GeForce GTX 1080 Ti
CUDA_HOME: C:\Program Files\NVIDIA GPU Computing Toolkit\CUDA\v11.6
NVCC: Cuda compilation tools, release 11.6, V11.6.55
MSVC: Microsoft (R) C/C++ Optimizing Compiler Version 19.51.36252 for x64
GCC: n/a
PyTorch: 1.12.1+cu113
PyTorch compiling details: PyTorch built with:
  - C++ Version: 199711
  - MSVC 192829337
  - Intel(R) Math Kernel Library Version 2020.0.2 Product Build 20200624 for Intel(R) 64 architecture applications
  - Intel(R) MKL-DNN v2.6.0 (Git Hash 52b5f107dd9cf10910aaa19cb47f3abf9b349815)
  - OpenMP 2019
  - LAPACK is enabled (usually provided by MKL)
  - CPU capability usage: AVX2
  - CUDA Runtime 11.3
  - NVCC architecture flags: -gencode;arch=compute_37,code=sm_37;-gencode;arch=compute_50,code=sm_50;-gencode;arch=compute_60,code=sm_60;-gencode;arch=compute_61,code=sm_61;-gencode;arch=compute_70,code=sm_70;-gencode;arch=compute_75,code=sm_75;-gencode;arch=compute_80,code=sm_80;-gencode;arch=compute_86,code=sm_86;-gencode;arch=compute_37,code=compute_37
  - CuDNN 8.3.2  (built against CUDA 11.5)
  - Magma 2.5.4
  - Build settings: BLAS_INFO=mkl, BUILD_TYPE=Release, CUDA_VERSION=11.3, CUDNN_VERSION=8.3.2, CXX_COMPILER=C:/actions-runner/_work/pytorch/pytorch/builder/windows/tmp_bin/sccache-cl.exe, CXX_FLAGS=/DWIN32 /D_WINDOWS /GR /EHsc /w /bigobj -DUSE_PTHREADPOOL -openmp:experimental -IC:/actions-runner/_work/pytorch/pytorch/builder/windows/mkl/include -DNDEBUG -DUSE_KINETO -DLIBKINETO_NOCUPTI -DUSE_FBGEMM -DUSE_XNNPACK -DSYMBOLICATE_MOBILE_DEBUG_HANDLE -DEDGE_PROFILER_USE_KINETO, LAPACK_INFO=mkl, PERF_WITH_AVX=1, PERF_WITH_AVX2=1, PERF_WITH_AVX512=1, TORCH_VERSION=1.12.1, USE_CUDA=ON, USE_CUDNN=ON, USE_EXCEPTION_PTR=1, USE_GFLAGS=OFF, USE_GLOG=OFF, USE_MKL=ON, USE_MKLDNN=OFF, USE_MPI=OFF, USE_NCCL=OFF, USE_NNPACK=OFF, USE_OPENMP=ON, USE_ROCM=OFF, 

TorchVision: 0.13.1+cu113
OpenCV: 4.7.0
MMCV: 1.7.0
MMCV Compiler: MSVC 192829924
MMCV CUDA Compiler: 11.3
pyskl: 0.1.0+77d5385
------------------------------------------------------------

2026-08-15 18:10:48,850 - pyskl - INFO - Config: model = dict(
    type='RecognizerGCN',
    backbone=dict(
        type='STGCN',
        gcn_adaptive='init',
        gcn_with_res=True,
        tcn_type='mstcn',
        graph_cfg=dict(layout='nturgb+d', mode='spatial')),
    cls_head=dict(type='GCNHead', num_classes=60, in_channels=256))
dataset_type = 'PoseDataset'
ann_file = 'data/nturgbd/ntu60_3danno.pkl'
train_pipeline = [
    dict(type='PreNormalize3D'),
    dict(type='GenSkeFeat', dataset='nturgb+d', feats=['j']),
    dict(type='UniformSample', clip_len=100),
    dict(type='PoseDecode'),
    dict(type='FormatGCNInput', num_person=2),
    dict(type='Collect', keys=['keypoint', 'label'], meta_keys=[]),
    dict(type='ToTensor', keys=['keypoint'])
]
val_pipeline = [
    dict(type='PreNormalize3D'),
    dict(type='GenSkeFeat', dataset='nturgb+d', feats=['j']),
    dict(type='UniformSample', clip_len=100, num_clips=1),
    dict(type='PoseDecode'),
    dict(type='FormatGCNInput', num_person=2),
    dict(type='Collect', keys=['keypoint', 'label'], meta_keys=[]),
    dict(type='ToTensor', keys=['keypoint'])
]
test_pipeline = [
    dict(type='PreNormalize3D'),
    dict(type='GenSkeFeat', dataset='nturgb+d', feats=['j']),
    dict(type='UniformSample', clip_len=100, num_clips=10),
    dict(type='PoseDecode'),
    dict(type='FormatGCNInput', num_person=2),
    dict(type='Collect', keys=['keypoint', 'label'], meta_keys=[]),
    dict(type='ToTensor', keys=['keypoint'])
]
data = dict(
    videos_per_gpu=32,
    workers_per_gpu=2,
    test_dataloader=dict(videos_per_gpu=1),
    train=dict(
        type='RepeatDataset',
        times=5,
        dataset=dict(
            type='PoseDataset',
            ann_file='data/nturgbd/ntu60_3danno.pkl',
            pipeline=[
                dict(type='PreNormalize3D'),
                dict(type='GenSkeFeat', dataset='nturgb+d', feats=['j']),
                dict(type='UniformSample', clip_len=100),
                dict(type='PoseDecode'),
                dict(type='FormatGCNInput', num_person=2),
                dict(type='Collect', keys=['keypoint', 'label'], meta_keys=[]),
                dict(type='ToTensor', keys=['keypoint'])
            ],
            split='xsub_train')),
    val=dict(
        type='PoseDataset',
        ann_file='data/nturgbd/ntu60_3danno.pkl',
        pipeline=[
            dict(type='PreNormalize3D'),
            dict(type='GenSkeFeat', dataset='nturgb+d', feats=['j']),
            dict(type='UniformSample', clip_len=100, num_clips=1),
            dict(type='PoseDecode'),
            dict(type='FormatGCNInput', num_person=2),
            dict(type='Collect', keys=['keypoint', 'label'], meta_keys=[]),
            dict(type='ToTensor', keys=['keypoint'])
        ],
        split='xsub_val'),
    test=dict(
        type='PoseDataset',
        ann_file='data/nturgbd/ntu60_3danno.pkl',
        pipeline=[
            dict(type='PreNormalize3D'),
            dict(type='GenSkeFeat', dataset='nturgb+d', feats=['j']),
            dict(type='UniformSample', clip_len=100, num_clips=10),
            dict(type='PoseDecode'),
            dict(type='FormatGCNInput', num_person=2),
            dict(type='Collect', keys=['keypoint', 'label'], meta_keys=[]),
            dict(type='ToTensor', keys=['keypoint'])
        ],
        split='xsub_val'))
optimizer = dict(
    type='SGD', lr=0.025, momentum=0.9, weight_decay=0.0005, nesterov=True)
optimizer_config = dict(grad_clip=None)
lr_config = dict(policy='CosineAnnealing', min_lr=0, by_epoch=False)
total_epochs = 16
checkpoint_config = dict(interval=1)
evaluation = dict(interval=1, metrics=['top_k_accuracy'])
log_config = dict(interval=100, hooks=[dict(type='TextLoggerHook')])
log_level = 'INFO'
work_dir = './work_dirs/stgcn++/ntu60_xsub_3dkp/j_single_gpu_seed3407'
dist_params = dict(backend='gloo')
gpu_ids = range(0, 1)

2026-08-15 18:10:48,856 - pyskl - INFO - Set random seed to 3407, deterministic: True
2026-08-15 18:10:56,554 - pyskl - INFO - 40091 videos remain after valid thresholding
2026-08-15 18:11:06,769 - pyskl - INFO - 16487 videos remain after valid thresholding
2026-08-15 18:11:06,770 - pyskl - INFO - Start running, host: iot@SERVER-ASUS1080Ti, work_dir: D:\YxjProject\pythonProject\pyskl\work_dirs\stgcn++\ntu60_xsub_3dkp\j_single_gpu_seed3407
2026-08-15 18:11:06,770 - pyskl - INFO - Hooks will be executed in the following order:
before_run:
(VERY_HIGH   ) CosineAnnealingLrUpdaterHook       
(NORMAL      ) CheckpointHook                     
(NORMAL      ) DistEvalHook                       
(VERY_LOW    ) TextLoggerHook                     
 -------------------- 
before_train_epoch:
(VERY_HIGH   ) CosineAnnealingLrUpdaterHook       
(NORMAL      ) DistSamplerSeedHook                
(NORMAL      ) DistEvalHook                       
(LOW         ) IterTimerHook                      
(VERY_LOW    ) TextLoggerHook                     
 -------------------- 
before_train_iter:
(VERY_HIGH   ) CosineAnnealingLrUpdaterHook       
(NORMAL      ) DistEvalHook                       
(LOW         ) IterTimerHook                      
 -------------------- 
after_train_iter:
(ABOVE_NORMAL) OptimizerHook                      
(NORMAL      ) CheckpointHook                     
(NORMAL      ) DistEvalHook                       
(LOW         ) IterTimerHook                      
(VERY_LOW    ) TextLoggerHook                     
 -------------------- 
after_train_epoch:
(NORMAL      ) CheckpointHook                     
(NORMAL      ) DistEvalHook                       
(VERY_LOW    ) TextLoggerHook                     
 -------------------- 
before_val_epoch:
(NORMAL      ) DistSamplerSeedHook                
(LOW         ) IterTimerHook                      
(VERY_LOW    ) TextLoggerHook                     
 -------------------- 
before_val_iter:
(LOW         ) IterTimerHook                      
 -------------------- 
after_val_iter:
(LOW         ) IterTimerHook                      
 -------------------- 
after_val_epoch:
(VERY_LOW    ) TextLoggerHook                     
 -------------------- 
after_run:
(VERY_LOW    ) TextLoggerHook                     
 -------------------- 
2026-08-15 18:11:06,773 - pyskl - INFO - workflow: [('train', 1)], max: 16 epochs
2026-08-15 18:11:06,773 - pyskl - INFO - Checkpoints will be saved to D:\YxjProject\pythonProject\pyskl\work_dirs\stgcn++\ntu60_xsub_3dkp\j_single_gpu_seed3407 by HardDiskBackend.
2026-08-15 18:16:11,104 - pyskl - INFO - Epoch [1][100/6265]	lr: 2.500e-02, eta: 3 days, 12:39:14, time: 3.043, data_time: 0.112, memory: 5243, top1_acc: 0.0722, top5_acc: 0.2422, loss_cls: 3.7185, loss: 3.7185
2026-08-15 18:20:57,970 - pyskl - INFO - Epoch [1][200/6265]	lr: 2.500e-02, eta: 3 days, 10:08:35, time: 2.869, data_time: 0.000, memory: 5243, top1_acc: 0.1509, top5_acc: 0.4378, loss_cls: 3.1069, loss: 3.1069
2026-08-15 18:25:41,284 - pyskl - INFO - Epoch [1][300/6265]	lr: 2.500e-02, eta: 3 days, 8:55:28, time: 2.833, data_time: 0.000, memory: 5243, top1_acc: 0.2119, top5_acc: 0.5666, loss_cls: 2.7168, loss: 2.7168
2026-08-15 18:30:23,851 - pyskl - INFO - Epoch [1][400/6265]	lr: 2.500e-02, eta: 3 days, 8:13:26, time: 2.826, data_time: 0.000, memory: 5243, top1_acc: 0.2653, top5_acc: 0.6375, loss_cls: 2.5327, loss: 2.5327
2026-08-15 18:35:06,202 - pyskl - INFO - Epoch [1][500/6265]	lr: 2.500e-02, eta: 3 days, 7:45:36, time: 2.824, data_time: 0.000, memory: 5243, top1_acc: 0.3125, top5_acc: 0.6963, loss_cls: 2.3040, loss: 2.3040
2026-08-15 18:39:48,537 - pyskl - INFO - Epoch [1][600/6265]	lr: 2.500e-02, eta: 3 days, 7:25:27, time: 2.823, data_time: 0.000, memory: 5243, top1_acc: 0.3672, top5_acc: 0.7447, loss_cls: 2.1371, loss: 2.1371
2026-08-15 18:44:30,701 - pyskl - INFO - Epoch [1][700/6265]	lr: 2.500e-02, eta: 3 days, 7:09:17, time: 2.822, data_time: 0.000, memory: 5243, top1_acc: 0.3762, top5_acc: 0.7644, loss_cls: 2.0445, loss: 2.0445
2026-08-15 18:49:12,728 - pyskl - INFO - Epoch [1][800/6265]	lr: 2.500e-02, eta: 3 days, 6:55:43, time: 2.820, data_time: 0.000, memory: 5243, top1_acc: 0.4325, top5_acc: 0.8159, loss_cls: 1.8495, loss: 1.8495
2026-08-15 18:53:54,752 - pyskl - INFO - Epoch [1][900/6265]	lr: 2.500e-02, eta: 3 days, 6:44:06, time: 2.820, data_time: 0.000, memory: 5243, top1_acc: 0.4559, top5_acc: 0.8347, loss_cls: 1.7482, loss: 1.7482
2026-08-15 18:58:37,149 - pyskl - INFO - Epoch [1][1000/6265]	lr: 2.499e-02, eta: 3 days, 6:34:30, time: 2.824, data_time: 0.000, memory: 5243, top1_acc: 0.4881, top5_acc: 0.8438, loss_cls: 1.7005, loss: 1.7005
2026-08-15 19:03:19,158 - pyskl - INFO - Epoch [1][1100/6265]	lr: 2.499e-02, eta: 3 days, 6:25:12, time: 2.820, data_time: 0.000, memory: 5243, top1_acc: 0.5097, top5_acc: 0.8588, loss_cls: 1.6025, loss: 1.6025
2026-08-15 19:08:00,643 - pyskl - INFO - Epoch [1][1200/6265]	lr: 2.499e-02, eta: 3 days, 6:15:57, time: 2.815, data_time: 0.000, memory: 5243, top1_acc: 0.5416, top5_acc: 0.8825, loss_cls: 1.4924, loss: 1.4924
2026-08-15 19:12:42,253 - pyskl - INFO - Epoch [1][1300/6265]	lr: 2.499e-02, eta: 3 days, 6:07:33, time: 2.816, data_time: 0.000, memory: 5243, top1_acc: 0.5341, top5_acc: 0.8716, loss_cls: 1.5080, loss: 1.5080
2026-08-15 19:17:23,865 - pyskl - INFO - Epoch [1][1400/6265]	lr: 2.499e-02, eta: 3 days, 5:59:41, time: 2.816, data_time: 0.000, memory: 5243, top1_acc: 0.5569, top5_acc: 0.8741, loss_cls: 1.4646, loss: 1.4646
2026-08-15 19:22:05,491 - pyskl - INFO - Epoch [1][1500/6265]	lr: 2.499e-02, eta: 3 days, 5:52:16, time: 2.816, data_time: 0.000, memory: 5243, top1_acc: 0.5706, top5_acc: 0.8919, loss_cls: 1.4101, loss: 1.4101
2026-08-15 19:26:58,122 - pyskl - INFO - Epoch [1][1600/6265]	lr: 2.498e-02, eta: 3 days, 5:56:29, time: 2.926, data_time: 0.000, memory: 5243, top1_acc: 0.5959, top5_acc: 0.9000, loss_cls: 1.3198, loss: 1.3198
2026-08-15 19:31:40,273 - pyskl - INFO - Epoch [1][1700/6265]	lr: 2.498e-02, eta: 3 days, 5:49:31, time: 2.822, data_time: 0.000, memory: 5243, top1_acc: 0.5997, top5_acc: 0.9041, loss_cls: 1.2973, loss: 1.2973
2026-08-15 19:36:21,847 - pyskl - INFO - Epoch [1][1800/6265]	lr: 2.498e-02, eta: 3 days, 5:42:16, time: 2.816, data_time: 0.000, memory: 5243, top1_acc: 0.6172, top5_acc: 0.9131, loss_cls: 1.2604, loss: 1.2604
2026-08-15 19:41:03,466 - pyskl - INFO - Epoch [1][1900/6265]	lr: 2.498e-02, eta: 3 days, 5:35:20, time: 2.816, data_time: 0.000, memory: 5243, top1_acc: 0.6359, top5_acc: 0.9163, loss_cls: 1.1948, loss: 1.1948
2026-08-15 19:45:45,024 - pyskl - INFO - Epoch [1][2000/6265]	lr: 2.498e-02, eta: 3 days, 5:28:35, time: 2.816, data_time: 0.000, memory: 5243, top1_acc: 0.6347, top5_acc: 0.9109, loss_cls: 1.2110, loss: 1.2110
2026-08-15 19:50:38,183 - pyskl - INFO - Epoch [1][2100/6265]	lr: 2.497e-02, eta: 3 days, 5:31:03, time: 2.932, data_time: 0.000, memory: 5243, top1_acc: 0.6391, top5_acc: 0.9256, loss_cls: 1.1420, loss: 1.1420
2026-08-15 19:55:21,444 - pyskl - INFO - Epoch [1][2200/6265]	lr: 2.497e-02, eta: 3 days, 5:25:30, time: 2.833, data_time: 0.000, memory: 5243, top1_acc: 0.6441, top5_acc: 0.9231, loss_cls: 1.1416, loss: 1.1416
2026-08-15 20:00:03,453 - pyskl - INFO - Epoch [1][2300/6265]	lr: 2.497e-02, eta: 3 days, 5:19:08, time: 2.820, data_time: 0.000, memory: 5243, top1_acc: 0.6566, top5_acc: 0.9241, loss_cls: 1.0971, loss: 1.0971
2026-08-15 20:04:45,515 - pyskl - INFO - Epoch [1][2400/6265]	lr: 2.496e-02, eta: 3 days, 5:12:56, time: 2.821, data_time: 0.000, memory: 5243, top1_acc: 0.6619, top5_acc: 0.9294, loss_cls: 1.0817, loss: 1.0817
2026-08-15 20:09:27,299 - pyskl - INFO - Epoch [1][2500/6265]	lr: 2.496e-02, eta: 3 days, 5:06:41, time: 2.818, data_time: 0.000, memory: 5243, top1_acc: 0.6703, top5_acc: 0.9284, loss_cls: 1.0606, loss: 1.0606
2026-08-15 20:14:08,761 - pyskl - INFO - Epoch [1][2600/6265]	lr: 2.496e-02, eta: 3 days, 5:00:21, time: 2.815, data_time: 0.000, memory: 5243, top1_acc: 0.6837, top5_acc: 0.9369, loss_cls: 1.0270, loss: 1.0270
2026-08-15 20:18:50,781 - pyskl - INFO - Epoch [1][2700/6265]	lr: 2.496e-02, eta: 3 days, 4:54:28, time: 2.820, data_time: 0.000, memory: 5243, top1_acc: 0.6763, top5_acc: 0.9325, loss_cls: 1.0320, loss: 1.0320
2026-08-15 20:23:32,472 - pyskl - INFO - Epoch [1][2800/6265]	lr: 2.495e-02, eta: 3 days, 4:48:29, time: 2.817, data_time: 0.000, memory: 5243, top1_acc: 0.6891, top5_acc: 0.9363, loss_cls: 0.9872, loss: 0.9872
2026-08-15 20:28:14,466 - pyskl - INFO - Epoch [1][2900/6265]	lr: 2.495e-02, eta: 3 days, 4:42:46, time: 2.820, data_time: 0.000, memory: 5243, top1_acc: 0.6913, top5_acc: 0.9416, loss_cls: 0.9784, loss: 0.9784
2026-08-15 20:32:55,946 - pyskl - INFO - Epoch [1][3000/6265]	lr: 2.494e-02, eta: 3 days, 4:36:50, time: 2.815, data_time: 0.000, memory: 5243, top1_acc: 0.7109, top5_acc: 0.9359, loss_cls: 0.9515, loss: 0.9515
2026-08-15 20:37:37,338 - pyskl - INFO - Epoch [1][3100/6265]	lr: 2.494e-02, eta: 3 days, 4:30:56, time: 2.814, data_time: 0.000, memory: 5243, top1_acc: 0.7066, top5_acc: 0.9456, loss_cls: 0.9287, loss: 0.9287
2026-08-15 20:42:18,643 - pyskl - INFO - Epoch [1][3200/6265]	lr: 2.494e-02, eta: 3 days, 4:25:03, time: 2.813, data_time: 0.000, memory: 5243, top1_acc: 0.7053, top5_acc: 0.9353, loss_cls: 0.9798, loss: 0.9798
2026-08-15 20:46:59,371 - pyskl - INFO - Epoch [1][3300/6265]	lr: 2.493e-02, eta: 3 days, 4:18:59, time: 2.807, data_time: 0.000, memory: 5243, top1_acc: 0.7069, top5_acc: 0.9413, loss_cls: 0.9323, loss: 0.9323
2026-08-15 20:51:40,725 - pyskl - INFO - Epoch [1][3400/6265]	lr: 2.493e-02, eta: 3 days, 4:13:17, time: 2.814, data_time: 0.000, memory: 5243, top1_acc: 0.7234, top5_acc: 0.9469, loss_cls: 0.8985, loss: 0.8985
2026-08-15 20:56:22,141 - pyskl - INFO - Epoch [1][3500/6265]	lr: 2.492e-02, eta: 3 days, 4:07:40, time: 2.814, data_time: 0.000, memory: 5243, top1_acc: 0.7141, top5_acc: 0.9428, loss_cls: 0.9369, loss: 0.9369
2026-08-15 21:01:03,488 - pyskl - INFO - Epoch [1][3600/6265]	lr: 2.492e-02, eta: 3 days, 4:02:04, time: 2.813, data_time: 0.000, memory: 5243, top1_acc: 0.7419, top5_acc: 0.9475, loss_cls: 0.8441, loss: 0.8441
2026-08-15 21:05:44,947 - pyskl - INFO - Epoch [1][3700/6265]	lr: 2.492e-02, eta: 3 days, 3:56:34, time: 2.815, data_time: 0.000, memory: 5243, top1_acc: 0.7319, top5_acc: 0.9484, loss_cls: 0.8733, loss: 0.8733
2026-08-15 21:10:26,092 - pyskl - INFO - Epoch [1][3800/6265]	lr: 2.491e-02, eta: 3 days, 3:50:59, time: 2.811, data_time: 0.000, memory: 5243, top1_acc: 0.7219, top5_acc: 0.9441, loss_cls: 0.8741, loss: 0.8741
2026-08-15 21:15:08,003 - pyskl - INFO - Epoch [1][3900/6265]	lr: 2.491e-02, eta: 3 days, 3:45:46, time: 2.819, data_time: 0.000, memory: 5243, top1_acc: 0.7378, top5_acc: 0.9541, loss_cls: 0.8360, loss: 0.8360
2026-08-15 21:19:49,192 - pyskl - INFO - Epoch [1][4000/6265]	lr: 2.490e-02, eta: 3 days, 3:40:16, time: 2.812, data_time: 0.000, memory: 5243, top1_acc: 0.7497, top5_acc: 0.9487, loss_cls: 0.8107, loss: 0.8107
2026-08-15 21:24:31,126 - pyskl - INFO - Epoch [1][4100/6265]	lr: 2.490e-02, eta: 3 days, 3:35:07, time: 2.819, data_time: 0.000, memory: 5243, top1_acc: 0.7475, top5_acc: 0.9497, loss_cls: 0.8194, loss: 0.8194
2026-08-15 21:29:12,340 - pyskl - INFO - Epoch [1][4200/6265]	lr: 2.489e-02, eta: 3 days, 3:29:42, time: 2.812, data_time: 0.000, memory: 5243, top1_acc: 0.7384, top5_acc: 0.9547, loss_cls: 0.8297, loss: 0.8297
2026-08-15 21:33:53,382 - pyskl - INFO - Epoch [1][4300/6265]	lr: 2.489e-02, eta: 3 days, 3:24:16, time: 2.810, data_time: 0.000, memory: 5243, top1_acc: 0.7547, top5_acc: 0.9481, loss_cls: 0.8104, loss: 0.8104
2026-08-15 21:38:34,336 - pyskl - INFO - Epoch [1][4400/6265]	lr: 2.488e-02, eta: 3 days, 3:18:50, time: 2.810, data_time: 0.000, memory: 5243, top1_acc: 0.7406, top5_acc: 0.9491, loss_cls: 0.8313, loss: 0.8313
2026-08-15 21:43:15,675 - pyskl - INFO - Epoch [1][4500/6265]	lr: 2.488e-02, eta: 3 days, 3:13:33, time: 2.813, data_time: 0.000, memory: 5243, top1_acc: 0.7472, top5_acc: 0.9594, loss_cls: 0.7761, loss: 0.7761
2026-08-15 21:47:57,151 - pyskl - INFO - Epoch [1][4600/6265]	lr: 2.487e-02, eta: 3 days, 3:08:22, time: 2.815, data_time: 0.000, memory: 5243, top1_acc: 0.7562, top5_acc: 0.9613, loss_cls: 0.7670, loss: 0.7670
2026-08-15 21:52:38,426 - pyskl - INFO - Epoch [1][4700/6265]	lr: 2.486e-02, eta: 3 days, 3:03:07, time: 2.813, data_time: 0.000, memory: 5243, top1_acc: 0.7647, top5_acc: 0.9503, loss_cls: 0.7772, loss: 0.7772
2026-08-15 21:57:19,472 - pyskl - INFO - Epoch [1][4800/6265]	lr: 2.486e-02, eta: 3 days, 2:57:49, time: 2.810, data_time: 0.000, memory: 5243, top1_acc: 0.7578, top5_acc: 0.9587, loss_cls: 0.7713, loss: 0.7713
2026-08-15 22:02:00,910 - pyskl - INFO - Epoch [1][4900/6265]	lr: 2.485e-02, eta: 3 days, 2:52:41, time: 2.814, data_time: 0.000, memory: 5243, top1_acc: 0.7603, top5_acc: 0.9547, loss_cls: 0.7767, loss: 0.7767
2026-08-15 22:06:42,266 - pyskl - INFO - Epoch [1][5000/6265]	lr: 2.485e-02, eta: 3 days, 2:47:32, time: 2.814, data_time: 0.000, memory: 5243, top1_acc: 0.7522, top5_acc: 0.9541, loss_cls: 0.7717, loss: 0.7717
2026-08-15 22:11:23,583 - pyskl - INFO - Epoch [1][5100/6265]	lr: 2.484e-02, eta: 3 days, 2:42:23, time: 2.813, data_time: 0.000, memory: 5243, top1_acc: 0.7781, top5_acc: 0.9631, loss_cls: 0.7131, loss: 0.7131
2026-08-15 22:16:05,043 - pyskl - INFO - Epoch [1][5200/6265]	lr: 2.483e-02, eta: 3 days, 2:37:18, time: 2.815, data_time: 0.000, memory: 5243, top1_acc: 0.7662, top5_acc: 0.9603, loss_cls: 0.7377, loss: 0.7377
2026-08-15 22:20:46,385 - pyskl - INFO - Epoch [1][5300/6265]	lr: 2.483e-02, eta: 3 days, 2:32:12, time: 2.813, data_time: 0.000, memory: 5243, top1_acc: 0.7800, top5_acc: 0.9637, loss_cls: 0.6983, loss: 0.6983
2026-08-15 22:25:28,295 - pyskl - INFO - Epoch [1][5400/6265]	lr: 2.482e-02, eta: 3 days, 2:27:17, time: 2.819, data_time: 0.000, memory: 5243, top1_acc: 0.7903, top5_acc: 0.9625, loss_cls: 0.6873, loss: 0.6873
2026-08-15 22:30:10,027 - pyskl - INFO - Epoch [1][5500/6265]	lr: 2.481e-02, eta: 3 days, 2:22:19, time: 2.817, data_time: 0.000, memory: 5243, top1_acc: 0.7662, top5_acc: 0.9594, loss_cls: 0.7300, loss: 0.7300
2026-08-15 22:34:51,443 - pyskl - INFO - Epoch [1][5600/6265]	lr: 2.481e-02, eta: 3 days, 2:17:16, time: 2.814, data_time: 0.000, memory: 5243, top1_acc: 0.7784, top5_acc: 0.9587, loss_cls: 0.7327, loss: 0.7327
2026-08-15 22:39:32,077 - pyskl - INFO - Epoch [1][5700/6265]	lr: 2.480e-02, eta: 3 days, 2:12:01, time: 2.806, data_time: 0.000, memory: 5243, top1_acc: 0.7722, top5_acc: 0.9622, loss_cls: 0.7316, loss: 0.7316
2026-08-15 22:44:13,184 - pyskl - INFO - Epoch [1][5800/6265]	lr: 2.479e-02, eta: 3 days, 2:06:55, time: 2.811, data_time: 0.000, memory: 5243, top1_acc: 0.7937, top5_acc: 0.9619, loss_cls: 0.6843, loss: 0.6843
2026-08-15 22:48:59,793 - pyskl - INFO - Epoch [1][5900/6265]	lr: 2.479e-02, eta: 3 days, 2:03:18, time: 2.866, data_time: 0.000, memory: 5243, top1_acc: 0.7822, top5_acc: 0.9613, loss_cls: 0.7028, loss: 0.7028
2026-08-15 22:53:49,854 - pyskl - INFO - Epoch [1][6000/6265]	lr: 2.478e-02, eta: 3 days, 2:00:32, time: 2.901, data_time: 0.000, memory: 5243, top1_acc: 0.7769, top5_acc: 0.9650, loss_cls: 0.7100, loss: 0.7100
2026-08-15 22:58:31,194 - pyskl - INFO - Epoch [1][6100/6265]	lr: 2.477e-02, eta: 3 days, 1:55:28, time: 2.813, data_time: 0.000, memory: 5243, top1_acc: 0.7800, top5_acc: 0.9609, loss_cls: 0.7092, loss: 0.7092
2026-08-15 23:03:12,325 - pyskl - INFO - Epoch [1][6200/6265]	lr: 2.476e-02, eta: 3 days, 1:50:22, time: 2.811, data_time: 0.000, memory: 5243, top1_acc: 0.7913, top5_acc: 0.9694, loss_cls: 0.6452, loss: 0.6452
2026-08-15 23:06:13,260 - pyskl - INFO - Saving checkpoint at 1 epochs
2026-08-15 23:27:01,304 - pyskl - INFO - Evaluating top_k_accuracy ...
2026-08-15 23:27:01,346 - pyskl - INFO - 
top1_acc	0.7584
top5_acc	0.9541
2026-08-15 23:27:01,444 - pyskl - INFO - Now best checkpoint is saved as best_top1_acc_epoch_1.pth.
2026-08-15 23:27:01,445 - pyskl - INFO - Best top1_acc is 0.7584 at 1 epoch.
2026-08-15 23:27:01,446 - pyskl - INFO - Epoch(val) [1][516]	top1_acc: 0.7584, top5_acc: 0.9541
2026-08-15 23:31:51,521 - pyskl - INFO - Epoch [2][100/6265]	lr: 2.475e-02, eta: 3 days, 0:59:15, time: 2.901, data_time: 0.089, memory: 5243, top1_acc: 0.8044, top5_acc: 0.9659, loss_cls: 0.6384, loss: 0.6384
2026-08-15 23:36:32,512 - pyskl - INFO - Epoch [2][200/6265]	lr: 2.474e-02, eta: 3 days, 0:54:51, time: 2.810, data_time: 0.000, memory: 5243, top1_acc: 0.7991, top5_acc: 0.9625, loss_cls: 0.6737, loss: 0.6737
2026-08-15 23:41:13,729 - pyskl - INFO - Epoch [2][300/6265]	lr: 2.474e-02, eta: 3 days, 0:50:30, time: 2.812, data_time: 0.000, memory: 5243, top1_acc: 0.7916, top5_acc: 0.9663, loss_cls: 0.6610, loss: 0.6610
2026-08-15 23:45:54,839 - pyskl - INFO - Epoch [2][400/6265]	lr: 2.473e-02, eta: 3 days, 0:46:06, time: 2.811, data_time: 0.000, memory: 5243, top1_acc: 0.7922, top5_acc: 0.9697, loss_cls: 0.6599, loss: 0.6599
2026-08-15 23:50:36,128 - pyskl - INFO - Epoch [2][500/6265]	lr: 2.472e-02, eta: 3 days, 0:41:45, time: 2.813, data_time: 0.000, memory: 5243, top1_acc: 0.8119, top5_acc: 0.9725, loss_cls: 0.6169, loss: 0.6169
2026-08-15 23:55:17,239 - pyskl - INFO - Epoch [2][600/6265]	lr: 2.471e-02, eta: 3 days, 0:37:20, time: 2.811, data_time: 0.000, memory: 5243, top1_acc: 0.7941, top5_acc: 0.9650, loss_cls: 0.6593, loss: 0.6593
2026-08-15 23:59:58,909 - pyskl - INFO - Epoch [2][700/6265]	lr: 2.470e-02, eta: 3 days, 0:33:03, time: 2.817, data_time: 0.000, memory: 5243, top1_acc: 0.8122, top5_acc: 0.9681, loss_cls: 0.6171, loss: 0.6171
2026-08-16 00:04:39,900 - pyskl - INFO - Epoch [2][800/6265]	lr: 2.469e-02, eta: 3 days, 0:28:35, time: 2.810, data_time: 0.000, memory: 5243, top1_acc: 0.8050, top5_acc: 0.9641, loss_cls: 0.6471, loss: 0.6471
2026-08-16 00:09:20,904 - pyskl - INFO - Epoch [2][900/6265]	lr: 2.469e-02, eta: 3 days, 0:24:08, time: 2.810, data_time: 0.000, memory: 5243, top1_acc: 0.8094, top5_acc: 0.9650, loss_cls: 0.6272, loss: 0.6272
2026-08-16 00:14:01,935 - pyskl - INFO - Epoch [2][1000/6265]	lr: 2.468e-02, eta: 3 days, 0:19:41, time: 2.810, data_time: 0.000, memory: 5243, top1_acc: 0.7956, top5_acc: 0.9694, loss_cls: 0.6373, loss: 0.6373
2026-08-16 00:18:43,126 - pyskl - INFO - Epoch [2][1100/6265]	lr: 2.467e-02, eta: 3 days, 0:15:15, time: 2.812, data_time: 0.000, memory: 5243, top1_acc: 0.8134, top5_acc: 0.9656, loss_cls: 0.6139, loss: 0.6139
2026-08-16 00:23:24,287 - pyskl - INFO - Epoch [2][1200/6265]	lr: 2.466e-02, eta: 3 days, 0:10:48, time: 2.812, data_time: 0.000, memory: 5243, top1_acc: 0.8131, top5_acc: 0.9709, loss_cls: 0.5846, loss: 0.5846
2026-08-16 00:28:05,545 - pyskl - INFO - Epoch [2][1300/6265]	lr: 2.465e-02, eta: 3 days, 0:06:23, time: 2.813, data_time: 0.000, memory: 5243, top1_acc: 0.8253, top5_acc: 0.9688, loss_cls: 0.5945, loss: 0.5945
2026-08-16 00:32:46,607 - pyskl - INFO - Epoch [2][1400/6265]	lr: 2.464e-02, eta: 3 days, 0:01:54, time: 2.811, data_time: 0.000, memory: 5243, top1_acc: 0.8197, top5_acc: 0.9703, loss_cls: 0.5965, loss: 0.5965
2026-08-16 00:37:27,336 - pyskl - INFO - Epoch [2][1500/6265]	lr: 2.463e-02, eta: 2 days, 23:57:21, time: 2.807, data_time: 0.000, memory: 5243, top1_acc: 0.7987, top5_acc: 0.9641, loss_cls: 0.6332, loss: 0.6332
2026-08-16 00:42:08,274 - pyskl - INFO - Epoch [2][1600/6265]	lr: 2.462e-02, eta: 2 days, 23:52:51, time: 2.809, data_time: 0.000, memory: 5243, top1_acc: 0.8113, top5_acc: 0.9703, loss_cls: 0.6237, loss: 0.6237
2026-08-16 00:46:49,082 - pyskl - INFO - Epoch [2][1700/6265]	lr: 2.461e-02, eta: 2 days, 23:48:19, time: 2.808, data_time: 0.000, memory: 5243, top1_acc: 0.8150, top5_acc: 0.9706, loss_cls: 0.5889, loss: 0.5889
2026-08-16 00:51:29,879 - pyskl - INFO - Epoch [2][1800/6265]	lr: 2.460e-02, eta: 2 days, 23:43:46, time: 2.808, data_time: 0.000, memory: 5243, top1_acc: 0.7937, top5_acc: 0.9622, loss_cls: 0.6638, loss: 0.6638
2026-08-16 00:56:10,870 - pyskl - INFO - Epoch [2][1900/6265]	lr: 2.459e-02, eta: 2 days, 23:39:15, time: 2.810, data_time: 0.000, memory: 5243, top1_acc: 0.8109, top5_acc: 0.9709, loss_cls: 0.6040, loss: 0.6040
2026-08-16 01:00:52,122 - pyskl - INFO - Epoch [2][2000/6265]	lr: 2.458e-02, eta: 2 days, 23:34:47, time: 2.813, data_time: 0.000, memory: 5243, top1_acc: 0.8131, top5_acc: 0.9656, loss_cls: 0.6160, loss: 0.6160
2026-08-16 01:05:33,397 - pyskl - INFO - Epoch [2][2100/6265]	lr: 2.457e-02, eta: 2 days, 23:30:19, time: 2.813, data_time: 0.000, memory: 5243, top1_acc: 0.8166, top5_acc: 0.9675, loss_cls: 0.6074, loss: 0.6074
2026-08-16 01:10:14,659 - pyskl - INFO - Epoch [2][2200/6265]	lr: 2.456e-02, eta: 2 days, 23:25:51, time: 2.813, data_time: 0.000, memory: 5243, top1_acc: 0.8197, top5_acc: 0.9706, loss_cls: 0.5928, loss: 0.5928
2026-08-16 01:14:55,874 - pyskl - INFO - Epoch [2][2300/6265]	lr: 2.455e-02, eta: 2 days, 23:21:21, time: 2.812, data_time: 0.000, memory: 5243, top1_acc: 0.8191, top5_acc: 0.9722, loss_cls: 0.5728, loss: 0.5728
2026-08-16 01:19:37,099 - pyskl - INFO - Epoch [2][2400/6265]	lr: 2.454e-02, eta: 2 days, 23:16:52, time: 2.812, data_time: 0.000, memory: 5243, top1_acc: 0.8181, top5_acc: 0.9694, loss_cls: 0.5844, loss: 0.5844
2026-08-16 01:24:18,449 - pyskl - INFO - Epoch [2][2500/6265]	lr: 2.453e-02, eta: 2 days, 23:12:24, time: 2.813, data_time: 0.000, memory: 5243, top1_acc: 0.8325, top5_acc: 0.9753, loss_cls: 0.5377, loss: 0.5377
2026-08-16 01:29:00,001 - pyskl - INFO - Epoch [2][2600/6265]	lr: 2.452e-02, eta: 2 days, 23:07:57, time: 2.816, data_time: 0.000, memory: 5243, top1_acc: 0.8228, top5_acc: 0.9700, loss_cls: 0.5743, loss: 0.5743
2026-08-16 01:33:41,014 - pyskl - INFO - Epoch [2][2700/6265]	lr: 2.451e-02, eta: 2 days, 23:03:24, time: 2.810, data_time: 0.000, memory: 5243, top1_acc: 0.8187, top5_acc: 0.9766, loss_cls: 0.5526, loss: 0.5526
2026-08-16 01:38:22,293 - pyskl - INFO - Epoch [2][2800/6265]	lr: 2.450e-02, eta: 2 days, 22:58:54, time: 2.813, data_time: 0.000, memory: 5243, top1_acc: 0.8131, top5_acc: 0.9691, loss_cls: 0.6074, loss: 0.6074
2026-08-16 01:43:03,442 - pyskl - INFO - Epoch [2][2900/6265]	lr: 2.449e-02, eta: 2 days, 22:54:23, time: 2.811, data_time: 0.000, memory: 5243, top1_acc: 0.8253, top5_acc: 0.9725, loss_cls: 0.5554, loss: 0.5554
2026-08-16 01:47:44,803 - pyskl - INFO - Epoch [2][3000/6265]	lr: 2.448e-02, eta: 2 days, 22:49:53, time: 2.814, data_time: 0.000, memory: 5243, top1_acc: 0.8316, top5_acc: 0.9725, loss_cls: 0.5420, loss: 0.5420
2026-08-16 01:52:38,366 - pyskl - INFO - Epoch [2][3100/6265]	lr: 2.447e-02, eta: 2 days, 22:47:22, time: 2.936, data_time: 0.000, memory: 5243, top1_acc: 0.8316, top5_acc: 0.9744, loss_cls: 0.5363, loss: 0.5363
2026-08-16 01:57:19,251 - pyskl - INFO - Epoch [2][3200/6265]	lr: 2.445e-02, eta: 2 days, 22:42:46, time: 2.809, data_time: 0.000, memory: 5243, top1_acc: 0.8181, top5_acc: 0.9697, loss_cls: 0.5967, loss: 0.5967
2026-08-16 02:02:01,121 - pyskl - INFO - Epoch [2][3300/6265]	lr: 2.444e-02, eta: 2 days, 22:38:19, time: 2.819, data_time: 0.000, memory: 5243, top1_acc: 0.8241, top5_acc: 0.9709, loss_cls: 0.5773, loss: 0.5773
2026-08-16 02:06:41,994 - pyskl - INFO - Epoch [2][3400/6265]	lr: 2.443e-02, eta: 2 days, 22:33:42, time: 2.809, data_time: 0.000, memory: 5243, top1_acc: 0.8366, top5_acc: 0.9766, loss_cls: 0.5142, loss: 0.5142
2026-08-16 02:11:22,930 - pyskl - INFO - Epoch [2][3500/6265]	lr: 2.442e-02, eta: 2 days, 22:29:06, time: 2.809, data_time: 0.000, memory: 5243, top1_acc: 0.8363, top5_acc: 0.9731, loss_cls: 0.5331, loss: 0.5331
2026-08-16 02:16:03,878 - pyskl - INFO - Epoch [2][3600/6265]	lr: 2.441e-02, eta: 2 days, 22:24:30, time: 2.809, data_time: 0.000, memory: 5243, top1_acc: 0.8203, top5_acc: 0.9741, loss_cls: 0.5852, loss: 0.5852
2026-08-16 02:20:45,548 - pyskl - INFO - Epoch [2][3700/6265]	lr: 2.440e-02, eta: 2 days, 22:20:01, time: 2.817, data_time: 0.000, memory: 5243, top1_acc: 0.8216, top5_acc: 0.9728, loss_cls: 0.5667, loss: 0.5667
2026-08-16 02:25:26,985 - pyskl - INFO - Epoch [2][3800/6265]	lr: 2.438e-02, eta: 2 days, 22:15:29, time: 2.814, data_time: 0.000, memory: 5243, top1_acc: 0.8394, top5_acc: 0.9691, loss_cls: 0.5442, loss: 0.5442
2026-08-16 02:30:07,635 - pyskl - INFO - Epoch [2][3900/6265]	lr: 2.437e-02, eta: 2 days, 22:10:50, time: 2.806, data_time: 0.000, memory: 5243, top1_acc: 0.8319, top5_acc: 0.9759, loss_cls: 0.5517, loss: 0.5517
2026-08-16 02:34:48,516 - pyskl - INFO - Epoch [2][4000/6265]	lr: 2.436e-02, eta: 2 days, 22:06:13, time: 2.809, data_time: 0.000, memory: 5243, top1_acc: 0.8316, top5_acc: 0.9772, loss_cls: 0.5285, loss: 0.5285
2026-08-16 02:39:28,176 - pyskl - INFO - Epoch [2][4100/6265]	lr: 2.435e-02, eta: 2 days, 22:01:25, time: 2.797, data_time: 0.000, memory: 5243, top1_acc: 0.8231, top5_acc: 0.9731, loss_cls: 0.5601, loss: 0.5601
2026-08-16 02:44:08,230 - pyskl - INFO - Epoch [2][4200/6265]	lr: 2.433e-02, eta: 2 days, 21:56:41, time: 2.801, data_time: 0.000, memory: 5243, top1_acc: 0.8272, top5_acc: 0.9756, loss_cls: 0.5563, loss: 0.5563
2026-08-16 02:48:48,023 - pyskl - INFO - Epoch [2][4300/6265]	lr: 2.432e-02, eta: 2 days, 21:51:55, time: 2.798, data_time: 0.000, memory: 5243, top1_acc: 0.8213, top5_acc: 0.9794, loss_cls: 0.5671, loss: 0.5671
2026-08-16 02:53:28,143 - pyskl - INFO - Epoch [2][4400/6265]	lr: 2.431e-02, eta: 2 days, 21:47:11, time: 2.801, data_time: 0.000, memory: 5243, top1_acc: 0.8313, top5_acc: 0.9803, loss_cls: 0.5302, loss: 0.5302
2026-08-16 02:58:08,154 - pyskl - INFO - Epoch [2][4500/6265]	lr: 2.430e-02, eta: 2 days, 21:42:27, time: 2.800, data_time: 0.000, memory: 5243, top1_acc: 0.8228, top5_acc: 0.9706, loss_cls: 0.5716, loss: 0.5716
2026-08-16 03:02:48,142 - pyskl - INFO - Epoch [2][4600/6265]	lr: 2.428e-02, eta: 2 days, 21:37:42, time: 2.800, data_time: 0.000, memory: 5243, top1_acc: 0.8172, top5_acc: 0.9734, loss_cls: 0.5477, loss: 0.5477
2026-08-16 03:07:27,789 - pyskl - INFO - Epoch [2][4700/6265]	lr: 2.427e-02, eta: 2 days, 21:32:55, time: 2.796, data_time: 0.000, memory: 5243, top1_acc: 0.8322, top5_acc: 0.9703, loss_cls: 0.5442, loss: 0.5442
2026-08-16 03:12:07,572 - pyskl - INFO - Epoch [2][4800/6265]	lr: 2.426e-02, eta: 2 days, 21:28:09, time: 2.798, data_time: 0.000, memory: 5243, top1_acc: 0.8284, top5_acc: 0.9712, loss_cls: 0.5486, loss: 0.5486
2026-08-16 03:16:47,594 - pyskl - INFO - Epoch [2][4900/6265]	lr: 2.424e-02, eta: 2 days, 21:23:26, time: 2.800, data_time: 0.000, memory: 5243, top1_acc: 0.8381, top5_acc: 0.9725, loss_cls: 0.5335, loss: 0.5335
2026-08-16 03:21:27,580 - pyskl - INFO - Epoch [2][5000/6265]	lr: 2.423e-02, eta: 2 days, 21:18:42, time: 2.800, data_time: 0.000, memory: 5243, top1_acc: 0.8369, top5_acc: 0.9741, loss_cls: 0.5274, loss: 0.5274
2026-08-16 03:26:08,923 - pyskl - INFO - Epoch [2][5100/6265]	lr: 2.422e-02, eta: 2 days, 21:14:08, time: 2.813, data_time: 0.000, memory: 5243, top1_acc: 0.8444, top5_acc: 0.9784, loss_cls: 0.5032, loss: 0.5032
2026-08-16 03:30:49,996 - pyskl - INFO - Epoch [2][5200/6265]	lr: 2.420e-02, eta: 2 days, 21:09:33, time: 2.811, data_time: 0.000, memory: 5243, top1_acc: 0.8309, top5_acc: 0.9756, loss_cls: 0.5298, loss: 0.5298
2026-08-16 03:35:30,834 - pyskl - INFO - Epoch [2][5300/6265]	lr: 2.419e-02, eta: 2 days, 21:04:55, time: 2.808, data_time: 0.000, memory: 5243, top1_acc: 0.8359, top5_acc: 0.9734, loss_cls: 0.5308, loss: 0.5308
2026-08-16 03:40:11,738 - pyskl - INFO - Epoch [2][5400/6265]	lr: 2.417e-02, eta: 2 days, 21:00:18, time: 2.809, data_time: 0.000, memory: 5243, top1_acc: 0.8400, top5_acc: 0.9778, loss_cls: 0.5152, loss: 0.5152
2026-08-16 03:44:52,836 - pyskl - INFO - Epoch [2][5500/6265]	lr: 2.416e-02, eta: 2 days, 20:55:42, time: 2.811, data_time: 0.000, memory: 5243, top1_acc: 0.8331, top5_acc: 0.9753, loss_cls: 0.5486, loss: 0.5486
2026-08-16 03:49:33,690 - pyskl - INFO - Epoch [2][5600/6265]	lr: 2.415e-02, eta: 2 days, 20:51:05, time: 2.809, data_time: 0.000, memory: 5243, top1_acc: 0.8441, top5_acc: 0.9772, loss_cls: 0.5142, loss: 0.5142
2026-08-16 03:54:16,097 - pyskl - INFO - Epoch [2][5700/6265]	lr: 2.413e-02, eta: 2 days, 20:46:39, time: 2.824, data_time: 0.000, memory: 5243, top1_acc: 0.8428, top5_acc: 0.9750, loss_cls: 0.5129, loss: 0.5129
2026-08-16 03:58:59,464 - pyskl - INFO - Epoch [2][5800/6265]	lr: 2.412e-02, eta: 2 days, 20:42:19, time: 2.834, data_time: 0.000, memory: 5243, top1_acc: 0.8400, top5_acc: 0.9716, loss_cls: 0.5187, loss: 0.5187
2026-08-16 04:03:41,388 - pyskl - INFO - Epoch [2][5900/6265]	lr: 2.410e-02, eta: 2 days, 20:37:49, time: 2.819, data_time: 0.000, memory: 5243, top1_acc: 0.8450, top5_acc: 0.9712, loss_cls: 0.5161, loss: 0.5161
2026-08-16 04:08:22,421 - pyskl - INFO - Epoch [2][6000/6265]	lr: 2.409e-02, eta: 2 days, 20:33:12, time: 2.810, data_time: 0.000, memory: 5243, top1_acc: 0.8266, top5_acc: 0.9753, loss_cls: 0.5482, loss: 0.5482
2026-08-16 04:13:03,459 - pyskl - INFO - Epoch [2][6100/6265]	lr: 2.407e-02, eta: 2 days, 20:28:35, time: 2.810, data_time: 0.000, memory: 5243, top1_acc: 0.8341, top5_acc: 0.9753, loss_cls: 0.5377, loss: 0.5377
2026-08-16 04:17:44,108 - pyskl - INFO - Epoch [2][6200/6265]	lr: 2.406e-02, eta: 2 days, 20:23:55, time: 2.806, data_time: 0.000, memory: 5243, top1_acc: 0.8428, top5_acc: 0.9781, loss_cls: 0.5057, loss: 0.5057
2026-08-16 04:20:44,998 - pyskl - INFO - Saving checkpoint at 2 epochs
2026-08-16 04:41:29,856 - pyskl - INFO - Evaluating top_k_accuracy ...
2026-08-16 04:41:29,897 - pyskl - INFO - 
top1_acc	0.7652
top5_acc	0.9507
2026-08-16 04:41:29,899 - pyskl - INFO - The previous best checkpoint D:\YxjProject\pythonProject\pyskl\work_dirs\stgcn++\ntu60_xsub_3dkp\j_single_gpu_seed3407\best_top1_acc_epoch_1.pth was removed
2026-08-16 04:41:29,988 - pyskl - INFO - Now best checkpoint is saved as best_top1_acc_epoch_2.pth.
2026-08-16 04:41:29,988 - pyskl - INFO - Best top1_acc is 0.7652 at 2 epoch.
2026-08-16 04:41:29,990 - pyskl - INFO - Epoch(val) [2][516]	top1_acc: 0.7652, top5_acc: 0.9507
2026-08-16 04:46:19,505 - pyskl - INFO - Epoch [3][100/6265]	lr: 2.403e-02, eta: 2 days, 19:56:10, time: 2.895, data_time: 0.086, memory: 5243, top1_acc: 0.8541, top5_acc: 0.9750, loss_cls: 0.5002, loss: 0.5002
2026-08-16 04:51:11,973 - pyskl - INFO - Epoch [3][200/6265]	lr: 2.402e-02, eta: 2 days, 19:53:02, time: 2.925, data_time: 0.000, memory: 5243, top1_acc: 0.8438, top5_acc: 0.9784, loss_cls: 0.4936, loss: 0.4936
2026-08-16 04:55:52,951 - pyskl - INFO - Epoch [3][300/6265]	lr: 2.400e-02, eta: 2 days, 19:48:35, time: 2.810, data_time: 0.000, memory: 5243, top1_acc: 0.8469, top5_acc: 0.9775, loss_cls: 0.5037, loss: 0.5037
2026-08-16 05:00:33,864 - pyskl - INFO - Epoch [3][400/6265]	lr: 2.399e-02, eta: 2 days, 19:44:06, time: 2.809, data_time: 0.000, memory: 5243, top1_acc: 0.8281, top5_acc: 0.9747, loss_cls: 0.5226, loss: 0.5226
2026-08-16 05:05:14,746 - pyskl - INFO - Epoch [3][500/6265]	lr: 2.397e-02, eta: 2 days, 19:39:38, time: 2.809, data_time: 0.000, memory: 5243, top1_acc: 0.8363, top5_acc: 0.9759, loss_cls: 0.5158, loss: 0.5158
2026-08-16 05:09:55,154 - pyskl - INFO - Epoch [3][600/6265]	lr: 2.396e-02, eta: 2 days, 19:35:06, time: 2.804, data_time: 0.000, memory: 5243, top1_acc: 0.8378, top5_acc: 0.9781, loss_cls: 0.5132, loss: 0.5132
2026-08-16 05:14:36,002 - pyskl - INFO - Epoch [3][700/6265]	lr: 2.394e-02, eta: 2 days, 19:30:37, time: 2.808, data_time: 0.000, memory: 5243, top1_acc: 0.8538, top5_acc: 0.9725, loss_cls: 0.4838, loss: 0.4838
2026-08-16 05:19:16,577 - pyskl - INFO - Epoch [3][800/6265]	lr: 2.393e-02, eta: 2 days, 19:26:06, time: 2.806, data_time: 0.000, memory: 5243, top1_acc: 0.8528, top5_acc: 0.9800, loss_cls: 0.4782, loss: 0.4782
2026-08-16 05:23:57,519 - pyskl - INFO - Epoch [3][900/6265]	lr: 2.391e-02, eta: 2 days, 19:21:37, time: 2.809, data_time: 0.000, memory: 5243, top1_acc: 0.8422, top5_acc: 0.9791, loss_cls: 0.5074, loss: 0.5074
2026-08-16 05:28:37,739 - pyskl - INFO - Epoch [3][1000/6265]	lr: 2.389e-02, eta: 2 days, 19:17:03, time: 2.802, data_time: 0.000, memory: 5243, top1_acc: 0.8384, top5_acc: 0.9759, loss_cls: 0.5158, loss: 0.5158
2026-08-16 05:33:17,054 - pyskl - INFO - Epoch [3][1100/6265]	lr: 2.388e-02, eta: 2 days, 19:12:23, time: 2.793, data_time: 0.000, memory: 5243, top1_acc: 0.8422, top5_acc: 0.9772, loss_cls: 0.5054, loss: 0.5054
2026-08-16 05:37:56,635 - pyskl - INFO - Epoch [3][1200/6265]	lr: 2.386e-02, eta: 2 days, 19:07:45, time: 2.796, data_time: 0.000, memory: 5243, top1_acc: 0.8419, top5_acc: 0.9775, loss_cls: 0.4781, loss: 0.4781
2026-08-16 05:42:36,196 - pyskl - INFO - Epoch [3][1300/6265]	lr: 2.384e-02, eta: 2 days, 19:03:07, time: 2.796, data_time: 0.000, memory: 5243, top1_acc: 0.8409, top5_acc: 0.9797, loss_cls: 0.4949, loss: 0.4949
2026-08-16 05:47:16,309 - pyskl - INFO - Epoch [3][1400/6265]	lr: 2.383e-02, eta: 2 days, 18:58:33, time: 2.801, data_time: 0.000, memory: 5243, top1_acc: 0.8519, top5_acc: 0.9797, loss_cls: 0.4888, loss: 0.4888
2026-08-16 05:51:55,649 - pyskl - INFO - Epoch [3][1500/6265]	lr: 2.381e-02, eta: 2 days, 18:53:53, time: 2.793, data_time: 0.000, memory: 5243, top1_acc: 0.8491, top5_acc: 0.9794, loss_cls: 0.4735, loss: 0.4735
2026-08-16 05:56:35,054 - pyskl - INFO - Epoch [3][1600/6265]	lr: 2.379e-02, eta: 2 days, 18:49:14, time: 2.794, data_time: 0.000, memory: 5243, top1_acc: 0.8481, top5_acc: 0.9766, loss_cls: 0.4814, loss: 0.4814
2026-08-16 06:01:15,058 - pyskl - INFO - Epoch [3][1700/6265]	lr: 2.378e-02, eta: 2 days, 18:44:39, time: 2.800, data_time: 0.000, memory: 5243, top1_acc: 0.8472, top5_acc: 0.9812, loss_cls: 0.4971, loss: 0.4971
2026-08-16 06:05:55,051 - pyskl - INFO - Epoch [3][1800/6265]	lr: 2.376e-02, eta: 2 days, 18:40:03, time: 2.800, data_time: 0.000, memory: 5243, top1_acc: 0.8391, top5_acc: 0.9775, loss_cls: 0.5005, loss: 0.5005
2026-08-16 06:10:34,920 - pyskl - INFO - Epoch [3][1900/6265]	lr: 2.374e-02, eta: 2 days, 18:35:27, time: 2.799, data_time: 0.000, memory: 5243, top1_acc: 0.8538, top5_acc: 0.9800, loss_cls: 0.4610, loss: 0.4610
2026-08-16 06:15:14,997 - pyskl - INFO - Epoch [3][2000/6265]	lr: 2.373e-02, eta: 2 days, 18:30:52, time: 2.801, data_time: 0.000, memory: 5243, top1_acc: 0.8441, top5_acc: 0.9762, loss_cls: 0.4985, loss: 0.4985
2026-08-16 06:19:54,886 - pyskl - INFO - Epoch [3][2100/6265]	lr: 2.371e-02, eta: 2 days, 18:26:15, time: 2.799, data_time: 0.000, memory: 5243, top1_acc: 0.8547, top5_acc: 0.9784, loss_cls: 0.4681, loss: 0.4681
2026-08-16 06:24:35,072 - pyskl - INFO - Epoch [3][2200/6265]	lr: 2.369e-02, eta: 2 days, 18:21:41, time: 2.802, data_time: 0.000, memory: 5243, top1_acc: 0.8403, top5_acc: 0.9788, loss_cls: 0.5059, loss: 0.5059
2026-08-16 06:29:15,088 - pyskl - INFO - Epoch [3][2300/6265]	lr: 2.367e-02, eta: 2 days, 18:17:05, time: 2.800, data_time: 0.000, memory: 5243, top1_acc: 0.8497, top5_acc: 0.9781, loss_cls: 0.4850, loss: 0.4850
2026-08-16 06:33:54,810 - pyskl - INFO - Epoch [3][2400/6265]	lr: 2.366e-02, eta: 2 days, 18:12:27, time: 2.797, data_time: 0.000, memory: 5243, top1_acc: 0.8428, top5_acc: 0.9756, loss_cls: 0.4893, loss: 0.4893
2026-08-16 06:38:34,435 - pyskl - INFO - Epoch [3][2500/6265]	lr: 2.364e-02, eta: 2 days, 18:07:49, time: 2.796, data_time: 0.000, memory: 5243, top1_acc: 0.8547, top5_acc: 0.9828, loss_cls: 0.4851, loss: 0.4851
2026-08-16 06:43:14,130 - pyskl - INFO - Epoch [3][2600/6265]	lr: 2.362e-02, eta: 2 days, 18:03:12, time: 2.797, data_time: 0.000, memory: 5243, top1_acc: 0.8494, top5_acc: 0.9794, loss_cls: 0.4736, loss: 0.4736
2026-08-16 06:47:54,001 - pyskl - INFO - Epoch [3][2700/6265]	lr: 2.360e-02, eta: 2 days, 17:58:35, time: 2.799, data_time: 0.000, memory: 5243, top1_acc: 0.8441, top5_acc: 0.9756, loss_cls: 0.5024, loss: 0.5024
2026-08-16 06:52:33,779 - pyskl - INFO - Epoch [3][2800/6265]	lr: 2.359e-02, eta: 2 days, 17:53:58, time: 2.798, data_time: 0.000, memory: 5243, top1_acc: 0.8444, top5_acc: 0.9750, loss_cls: 0.5017, loss: 0.5017
2026-08-16 06:57:13,914 - pyskl - INFO - Epoch [3][2900/6265]	lr: 2.357e-02, eta: 2 days, 17:49:22, time: 2.801, data_time: 0.000, memory: 5243, top1_acc: 0.8591, top5_acc: 0.9788, loss_cls: 0.4665, loss: 0.4665
2026-08-16 07:01:54,022 - pyskl - INFO - Epoch [3][3000/6265]	lr: 2.355e-02, eta: 2 days, 17:44:47, time: 2.801, data_time: 0.000, memory: 5243, top1_acc: 0.8522, top5_acc: 0.9800, loss_cls: 0.4738, loss: 0.4738
2026-08-16 07:06:34,041 - pyskl - INFO - Epoch [3][3100/6265]	lr: 2.353e-02, eta: 2 days, 17:40:11, time: 2.800, data_time: 0.000, memory: 5243, top1_acc: 0.8522, top5_acc: 0.9822, loss_cls: 0.4672, loss: 0.4672
2026-08-16 07:11:14,315 - pyskl - INFO - Epoch [3][3200/6265]	lr: 2.351e-02, eta: 2 days, 17:35:36, time: 2.803, data_time: 0.000, memory: 5243, top1_acc: 0.8578, top5_acc: 0.9769, loss_cls: 0.4720, loss: 0.4720
2026-08-16 07:15:54,416 - pyskl - INFO - Epoch [3][3300/6265]	lr: 2.349e-02, eta: 2 days, 17:31:00, time: 2.801, data_time: 0.000, memory: 5243, top1_acc: 0.8606, top5_acc: 0.9812, loss_cls: 0.4488, loss: 0.4488
2026-08-16 07:20:34,084 - pyskl - INFO - Epoch [3][3400/6265]	lr: 2.347e-02, eta: 2 days, 17:26:22, time: 2.797, data_time: 0.000, memory: 5243, top1_acc: 0.8497, top5_acc: 0.9797, loss_cls: 0.4711, loss: 0.4711
2026-08-16 07:25:14,465 - pyskl - INFO - Epoch [3][3500/6265]	lr: 2.346e-02, eta: 2 days, 17:21:47, time: 2.804, data_time: 0.000, memory: 5243, top1_acc: 0.8716, top5_acc: 0.9806, loss_cls: 0.4375, loss: 0.4375
2026-08-16 07:29:54,222 - pyskl - INFO - Epoch [3][3600/6265]	lr: 2.344e-02, eta: 2 days, 17:17:10, time: 2.798, data_time: 0.000, memory: 5243, top1_acc: 0.8431, top5_acc: 0.9794, loss_cls: 0.5029, loss: 0.5029
2026-08-16 07:34:34,240 - pyskl - INFO - Epoch [3][3700/6265]	lr: 2.342e-02, eta: 2 days, 17:12:33, time: 2.800, data_time: 0.000, memory: 5243, top1_acc: 0.8572, top5_acc: 0.9850, loss_cls: 0.4695, loss: 0.4695
2026-08-16 07:39:13,776 - pyskl - INFO - Epoch [3][3800/6265]	lr: 2.340e-02, eta: 2 days, 17:07:54, time: 2.795, data_time: 0.000, memory: 5243, top1_acc: 0.8466, top5_acc: 0.9769, loss_cls: 0.4852, loss: 0.4852
2026-08-16 07:43:54,884 - pyskl - INFO - Epoch [3][3900/6265]	lr: 2.338e-02, eta: 2 days, 17:03:23, time: 2.811, data_time: 0.000, memory: 5243, top1_acc: 0.8591, top5_acc: 0.9756, loss_cls: 0.4861, loss: 0.4861
2026-08-16 07:48:39,041 - pyskl - INFO - Epoch [3][4000/6265]	lr: 2.336e-02, eta: 2 days, 16:59:08, time: 2.842, data_time: 0.000, memory: 5243, top1_acc: 0.8506, top5_acc: 0.9797, loss_cls: 0.4771, loss: 0.4771
2026-08-16 07:53:23,974 - pyskl - INFO - Epoch [3][4100/6265]	lr: 2.334e-02, eta: 2 days, 16:54:56, time: 2.849, data_time: 0.000, memory: 5243, top1_acc: 0.8544, top5_acc: 0.9822, loss_cls: 0.4443, loss: 0.4443
2026-08-16 07:58:03,681 - pyskl - INFO - Epoch [3][4200/6265]	lr: 2.332e-02, eta: 2 days, 16:50:17, time: 2.797, data_time: 0.000, memory: 5243, top1_acc: 0.8481, top5_acc: 0.9794, loss_cls: 0.4832, loss: 0.4832
2026-08-16 08:02:43,414 - pyskl - INFO - Epoch [3][4300/6265]	lr: 2.330e-02, eta: 2 days, 16:45:39, time: 2.797, data_time: 0.000, memory: 5243, top1_acc: 0.8581, top5_acc: 0.9756, loss_cls: 0.4553, loss: 0.4553
2026-08-16 08:07:23,430 - pyskl - INFO - Epoch [3][4400/6265]	lr: 2.328e-02, eta: 2 days, 16:41:02, time: 2.800, data_time: 0.000, memory: 5243, top1_acc: 0.8353, top5_acc: 0.9797, loss_cls: 0.5112, loss: 0.5112
2026-08-16 08:12:03,417 - pyskl - INFO - Epoch [3][4500/6265]	lr: 2.326e-02, eta: 2 days, 16:36:25, time: 2.800, data_time: 0.000, memory: 5243, top1_acc: 0.8541, top5_acc: 0.9775, loss_cls: 0.4801, loss: 0.4801
2026-08-16 08:16:43,565 - pyskl - INFO - Epoch [3][4600/6265]	lr: 2.324e-02, eta: 2 days, 16:31:48, time: 2.801, data_time: 0.000, memory: 5243, top1_acc: 0.8559, top5_acc: 0.9772, loss_cls: 0.4594, loss: 0.4594
2026-08-16 08:21:23,760 - pyskl - INFO - Epoch [3][4700/6265]	lr: 2.322e-02, eta: 2 days, 16:27:12, time: 2.802, data_time: 0.000, memory: 5243, top1_acc: 0.8541, top5_acc: 0.9809, loss_cls: 0.4654, loss: 0.4654
2026-08-16 08:26:03,775 - pyskl - INFO - Epoch [3][4800/6265]	lr: 2.320e-02, eta: 2 days, 16:22:35, time: 2.800, data_time: 0.000, memory: 5243, top1_acc: 0.8594, top5_acc: 0.9781, loss_cls: 0.4681, loss: 0.4681
2026-08-16 08:30:43,891 - pyskl - INFO - Epoch [3][4900/6265]	lr: 2.318e-02, eta: 2 days, 16:17:58, time: 2.801, data_time: 0.000, memory: 5243, top1_acc: 0.8597, top5_acc: 0.9828, loss_cls: 0.4333, loss: 0.4333
2026-08-16 08:35:23,436 - pyskl - INFO - Epoch [3][5000/6265]	lr: 2.316e-02, eta: 2 days, 16:13:19, time: 2.795, data_time: 0.000, memory: 5243, top1_acc: 0.8544, top5_acc: 0.9800, loss_cls: 0.4847, loss: 0.4847
2026-08-16 08:40:02,802 - pyskl - INFO - Epoch [3][5100/6265]	lr: 2.314e-02, eta: 2 days, 16:08:38, time: 2.794, data_time: 0.000, memory: 5243, top1_acc: 0.8547, top5_acc: 0.9741, loss_cls: 0.4685, loss: 0.4685
2026-08-16 08:44:42,684 - pyskl - INFO - Epoch [3][5200/6265]	lr: 2.312e-02, eta: 2 days, 16:04:00, time: 2.799, data_time: 0.000, memory: 5243, top1_acc: 0.8666, top5_acc: 0.9816, loss_cls: 0.4315, loss: 0.4315
2026-08-16 08:49:22,292 - pyskl - INFO - Epoch [3][5300/6265]	lr: 2.310e-02, eta: 2 days, 15:59:21, time: 2.796, data_time: 0.000, memory: 5243, top1_acc: 0.8653, top5_acc: 0.9819, loss_cls: 0.4395, loss: 0.4395
2026-08-16 08:54:02,337 - pyskl - INFO - Epoch [3][5400/6265]	lr: 2.308e-02, eta: 2 days, 15:54:44, time: 2.800, data_time: 0.000, memory: 5243, top1_acc: 0.8616, top5_acc: 0.9806, loss_cls: 0.4478, loss: 0.4478
2026-08-16 08:58:41,884 - pyskl - INFO - Epoch [3][5500/6265]	lr: 2.306e-02, eta: 2 days, 15:50:05, time: 2.795, data_time: 0.000, memory: 5243, top1_acc: 0.8509, top5_acc: 0.9838, loss_cls: 0.4537, loss: 0.4537
2026-08-16 09:03:20,981 - pyskl - INFO - Epoch [3][5600/6265]	lr: 2.304e-02, eta: 2 days, 15:45:23, time: 2.791, data_time: 0.000, memory: 5243, top1_acc: 0.8494, top5_acc: 0.9781, loss_cls: 0.4959, loss: 0.4959
2026-08-16 09:08:00,295 - pyskl - INFO - Epoch [3][5700/6265]	lr: 2.301e-02, eta: 2 days, 15:40:43, time: 2.793, data_time: 0.000, memory: 5243, top1_acc: 0.8519, top5_acc: 0.9778, loss_cls: 0.4695, loss: 0.4695
2026-08-16 09:12:39,692 - pyskl - INFO - Epoch [3][5800/6265]	lr: 2.299e-02, eta: 2 days, 15:36:02, time: 2.794, data_time: 0.000, memory: 5243, top1_acc: 0.8525, top5_acc: 0.9803, loss_cls: 0.4597, loss: 0.4597
2026-08-16 09:17:19,397 - pyskl - INFO - Epoch [3][5900/6265]	lr: 2.297e-02, eta: 2 days, 15:31:24, time: 2.797, data_time: 0.000, memory: 5243, top1_acc: 0.8541, top5_acc: 0.9778, loss_cls: 0.4623, loss: 0.4623
2026-08-16 09:21:58,742 - pyskl - INFO - Epoch [3][6000/6265]	lr: 2.295e-02, eta: 2 days, 15:26:43, time: 2.793, data_time: 0.000, memory: 5243, top1_acc: 0.8747, top5_acc: 0.9841, loss_cls: 0.4021, loss: 0.4021
2026-08-16 09:26:38,935 - pyskl - INFO - Epoch [3][6100/6265]	lr: 2.293e-02, eta: 2 days, 15:22:07, time: 2.802, data_time: 0.000, memory: 5243, top1_acc: 0.8559, top5_acc: 0.9825, loss_cls: 0.4599, loss: 0.4599
2026-08-16 09:31:18,764 - pyskl - INFO - Epoch [3][6200/6265]	lr: 2.291e-02, eta: 2 days, 15:17:28, time: 2.798, data_time: 0.000, memory: 5243, top1_acc: 0.8497, top5_acc: 0.9769, loss_cls: 0.4678, loss: 0.4678
2026-08-16 09:34:18,738 - pyskl - INFO - Saving checkpoint at 3 epochs
2026-08-16 09:54:57,410 - pyskl - INFO - Evaluating top_k_accuracy ...
2026-08-16 09:54:57,453 - pyskl - INFO - 
top1_acc	0.7769
top5_acc	0.9611
2026-08-16 09:54:57,454 - pyskl - INFO - The previous best checkpoint D:\YxjProject\pythonProject\pyskl\work_dirs\stgcn++\ntu60_xsub_3dkp\j_single_gpu_seed3407\best_top1_acc_epoch_2.pth was removed
2026-08-16 09:54:57,541 - pyskl - INFO - Now best checkpoint is saved as best_top1_acc_epoch_3.pth.
2026-08-16 09:54:57,541 - pyskl - INFO - Best top1_acc is 0.7769 at 3 epoch.
2026-08-16 09:54:57,543 - pyskl - INFO - Epoch(val) [3][516]	top1_acc: 0.7769, top5_acc: 0.9611
2026-08-16 09:59:46,947 - pyskl - INFO - Epoch [4][100/6265]	lr: 2.287e-02, eta: 2 days, 14:57:27, time: 2.894, data_time: 0.087, memory: 5243, top1_acc: 0.8631, top5_acc: 0.9828, loss_cls: 0.4466, loss: 0.4466
2026-08-16 10:04:27,141 - pyskl - INFO - Epoch [4][200/6265]	lr: 2.285e-02, eta: 2 days, 14:52:56, time: 2.802, data_time: 0.000, memory: 5243, top1_acc: 0.8766, top5_acc: 0.9825, loss_cls: 0.4092, loss: 0.4092
2026-08-16 10:09:06,963 - pyskl - INFO - Epoch [4][300/6265]	lr: 2.283e-02, eta: 2 days, 14:48:22, time: 2.798, data_time: 0.000, memory: 5243, top1_acc: 0.8600, top5_acc: 0.9841, loss_cls: 0.4254, loss: 0.4254
2026-08-16 10:13:46,949 - pyskl - INFO - Epoch [4][400/6265]	lr: 2.281e-02, eta: 2 days, 14:43:49, time: 2.800, data_time: 0.000, memory: 5243, top1_acc: 0.8675, top5_acc: 0.9844, loss_cls: 0.4248, loss: 0.4248
2026-08-16 10:18:26,638 - pyskl - INFO - Epoch [4][500/6265]	lr: 2.278e-02, eta: 2 days, 14:39:15, time: 2.797, data_time: 0.000, memory: 5243, top1_acc: 0.8641, top5_acc: 0.9831, loss_cls: 0.4447, loss: 0.4447
2026-08-16 10:23:06,140 - pyskl - INFO - Epoch [4][600/6265]	lr: 2.276e-02, eta: 2 days, 14:34:40, time: 2.795, data_time: 0.000, memory: 5243, top1_acc: 0.8594, top5_acc: 0.9791, loss_cls: 0.4607, loss: 0.4607
2026-08-16 10:27:45,908 - pyskl - INFO - Epoch [4][700/6265]	lr: 2.274e-02, eta: 2 days, 14:30:06, time: 2.798, data_time: 0.000, memory: 5243, top1_acc: 0.8644, top5_acc: 0.9778, loss_cls: 0.4441, loss: 0.4441
2026-08-16 10:32:25,055 - pyskl - INFO - Epoch [4][800/6265]	lr: 2.272e-02, eta: 2 days, 14:25:29, time: 2.791, data_time: 0.000, memory: 5243, top1_acc: 0.8544, top5_acc: 0.9797, loss_cls: 0.4546, loss: 0.4546
2026-08-16 10:37:04,518 - pyskl - INFO - Epoch [4][900/6265]	lr: 2.269e-02, eta: 2 days, 14:20:54, time: 2.795, data_time: 0.000, memory: 5243, top1_acc: 0.8681, top5_acc: 0.9834, loss_cls: 0.4228, loss: 0.4228
2026-08-16 10:41:44,024 - pyskl - INFO - Epoch [4][1000/6265]	lr: 2.267e-02, eta: 2 days, 14:16:18, time: 2.795, data_time: 0.000, memory: 5243, top1_acc: 0.8688, top5_acc: 0.9844, loss_cls: 0.4151, loss: 0.4151
2026-08-16 10:46:23,352 - pyskl - INFO - Epoch [4][1100/6265]	lr: 2.265e-02, eta: 2 days, 14:11:42, time: 2.793, data_time: 0.000, memory: 5243, top1_acc: 0.8588, top5_acc: 0.9781, loss_cls: 0.4569, loss: 0.4569
2026-08-16 10:51:15,298 - pyskl - INFO - Epoch [4][1200/6265]	lr: 2.263e-02, eta: 2 days, 14:07:57, time: 2.919, data_time: 0.000, memory: 5243, top1_acc: 0.8606, top5_acc: 0.9794, loss_cls: 0.4470, loss: 0.4470
2026-08-16 10:55:55,192 - pyskl - INFO - Epoch [4][1300/6265]	lr: 2.260e-02, eta: 2 days, 14:03:23, time: 2.799, data_time: 0.000, memory: 5243, top1_acc: 0.8662, top5_acc: 0.9828, loss_cls: 0.4369, loss: 0.4369
2026-08-16 11:00:34,839 - pyskl - INFO - Epoch [4][1400/6265]	lr: 2.258e-02, eta: 2 days, 13:58:47, time: 2.796, data_time: 0.000, memory: 5243, top1_acc: 0.8709, top5_acc: 0.9816, loss_cls: 0.4238, loss: 0.4238
2026-08-16 11:05:13,871 - pyskl - INFO - Epoch [4][1500/6265]	lr: 2.256e-02, eta: 2 days, 13:54:10, time: 2.790, data_time: 0.000, memory: 5243, top1_acc: 0.8691, top5_acc: 0.9800, loss_cls: 0.4226, loss: 0.4226
2026-08-16 11:09:52,666 - pyskl - INFO - Epoch [4][1600/6265]	lr: 2.253e-02, eta: 2 days, 13:49:31, time: 2.788, data_time: 0.000, memory: 5243, top1_acc: 0.8638, top5_acc: 0.9841, loss_cls: 0.4365, loss: 0.4365
2026-08-16 11:14:32,009 - pyskl - INFO - Epoch [4][1700/6265]	lr: 2.251e-02, eta: 2 days, 13:44:55, time: 2.793, data_time: 0.000, memory: 5243, top1_acc: 0.8656, top5_acc: 0.9806, loss_cls: 0.4243, loss: 0.4243
2026-08-16 11:19:11,192 - pyskl - INFO - Epoch [4][1800/6265]	lr: 2.249e-02, eta: 2 days, 13:40:18, time: 2.792, data_time: 0.000, memory: 5243, top1_acc: 0.8603, top5_acc: 0.9806, loss_cls: 0.4431, loss: 0.4431
2026-08-16 11:23:52,092 - pyskl - INFO - Epoch [4][1900/6265]	lr: 2.246e-02, eta: 2 days, 13:35:47, time: 2.809, data_time: 0.000, memory: 5243, top1_acc: 0.8672, top5_acc: 0.9819, loss_cls: 0.4330, loss: 0.4330
2026-08-16 11:28:31,987 - pyskl - INFO - Epoch [4][2000/6265]	lr: 2.244e-02, eta: 2 days, 13:31:13, time: 2.799, data_time: 0.000, memory: 5243, top1_acc: 0.8791, top5_acc: 0.9838, loss_cls: 0.3815, loss: 0.3815
2026-08-16 11:33:11,195 - pyskl - INFO - Epoch [4][2100/6265]	lr: 2.241e-02, eta: 2 days, 13:26:35, time: 2.792, data_time: 0.000, memory: 5243, top1_acc: 0.8706, top5_acc: 0.9831, loss_cls: 0.4149, loss: 0.4149
2026-08-16 11:37:50,346 - pyskl - INFO - Epoch [4][2200/6265]	lr: 2.239e-02, eta: 2 days, 13:21:58, time: 2.791, data_time: 0.000, memory: 5243, top1_acc: 0.8700, top5_acc: 0.9809, loss_cls: 0.4222, loss: 0.4222
2026-08-16 11:42:29,589 - pyskl - INFO - Epoch [4][2300/6265]	lr: 2.237e-02, eta: 2 days, 13:17:21, time: 2.792, data_time: 0.000, memory: 5243, top1_acc: 0.8772, top5_acc: 0.9831, loss_cls: 0.4089, loss: 0.4089
2026-08-16 11:47:11,605 - pyskl - INFO - Epoch [4][2400/6265]	lr: 2.234e-02, eta: 2 days, 13:12:54, time: 2.820, data_time: 0.000, memory: 5243, top1_acc: 0.8625, top5_acc: 0.9809, loss_cls: 0.4451, loss: 0.4451
2026-08-16 11:51:50,520 - pyskl - INFO - Epoch [4][2500/6265]	lr: 2.232e-02, eta: 2 days, 13:08:16, time: 2.789, data_time: 0.000, memory: 5243, top1_acc: 0.8797, top5_acc: 0.9831, loss_cls: 0.3968, loss: 0.3968
2026-08-16 11:56:29,978 - pyskl - INFO - Epoch [4][2600/6265]	lr: 2.229e-02, eta: 2 days, 13:03:40, time: 2.795, data_time: 0.000, memory: 5243, top1_acc: 0.8619, top5_acc: 0.9809, loss_cls: 0.4357, loss: 0.4357
2026-08-16 12:01:11,348 - pyskl - INFO - Epoch [4][2700/6265]	lr: 2.227e-02, eta: 2 days, 12:59:10, time: 2.814, data_time: 0.000, memory: 5243, top1_acc: 0.8675, top5_acc: 0.9831, loss_cls: 0.4300, loss: 0.4300
2026-08-16 12:05:51,142 - pyskl - INFO - Epoch [4][2800/6265]	lr: 2.224e-02, eta: 2 days, 12:54:35, time: 2.798, data_time: 0.000, memory: 5243, top1_acc: 0.8584, top5_acc: 0.9825, loss_cls: 0.4509, loss: 0.4509
2026-08-16 12:10:30,890 - pyskl - INFO - Epoch [4][2900/6265]	lr: 2.222e-02, eta: 2 days, 12:50:00, time: 2.797, data_time: 0.000, memory: 5243, top1_acc: 0.8666, top5_acc: 0.9812, loss_cls: 0.4355, loss: 0.4355
2026-08-16 12:15:10,220 - pyskl - INFO - Epoch [4][3000/6265]	lr: 2.220e-02, eta: 2 days, 12:45:23, time: 2.793, data_time: 0.000, memory: 5243, top1_acc: 0.8681, top5_acc: 0.9831, loss_cls: 0.4112, loss: 0.4112
2026-08-16 12:19:49,830 - pyskl - INFO - Epoch [4][3100/6265]	lr: 2.217e-02, eta: 2 days, 12:40:47, time: 2.796, data_time: 0.000, memory: 5243, top1_acc: 0.8656, top5_acc: 0.9872, loss_cls: 0.4227, loss: 0.4227
2026-08-16 12:24:30,357 - pyskl - INFO - Epoch [4][3200/6265]	lr: 2.215e-02, eta: 2 days, 12:36:14, time: 2.805, data_time: 0.000, memory: 5243, top1_acc: 0.8766, top5_acc: 0.9856, loss_cls: 0.3942, loss: 0.3942
2026-08-16 12:29:10,946 - pyskl - INFO - Epoch [4][3300/6265]	lr: 2.212e-02, eta: 2 days, 12:31:41, time: 2.806, data_time: 0.000, memory: 5243, top1_acc: 0.8600, top5_acc: 0.9822, loss_cls: 0.4264, loss: 0.4264
2026-08-16 12:33:51,106 - pyskl - INFO - Epoch [4][3400/6265]	lr: 2.210e-02, eta: 2 days, 12:27:07, time: 2.802, data_time: 0.000, memory: 5243, top1_acc: 0.8625, top5_acc: 0.9841, loss_cls: 0.4438, loss: 0.4438
2026-08-16 12:38:31,070 - pyskl - INFO - Epoch [4][3500/6265]	lr: 2.207e-02, eta: 2 days, 12:22:32, time: 2.800, data_time: 0.000, memory: 5243, top1_acc: 0.8862, top5_acc: 0.9847, loss_cls: 0.3724, loss: 0.3724
2026-08-16 12:43:11,070 - pyskl - INFO - Epoch [4][3600/6265]	lr: 2.205e-02, eta: 2 days, 12:17:57, time: 2.800, data_time: 0.000, memory: 5243, top1_acc: 0.8612, top5_acc: 0.9822, loss_cls: 0.4307, loss: 0.4307
2026-08-16 12:47:51,159 - pyskl - INFO - Epoch [4][3700/6265]	lr: 2.202e-02, eta: 2 days, 12:13:22, time: 2.801, data_time: 0.000, memory: 5243, top1_acc: 0.8744, top5_acc: 0.9847, loss_cls: 0.4148, loss: 0.4148
2026-08-16 12:52:31,211 - pyskl - INFO - Epoch [4][3800/6265]	lr: 2.199e-02, eta: 2 days, 12:08:48, time: 2.801, data_time: 0.000, memory: 5243, top1_acc: 0.8747, top5_acc: 0.9850, loss_cls: 0.4114, loss: 0.4114
2026-08-16 12:57:11,426 - pyskl - INFO - Epoch [4][3900/6265]	lr: 2.197e-02, eta: 2 days, 12:04:13, time: 2.802, data_time: 0.000, memory: 5243, top1_acc: 0.8709, top5_acc: 0.9838, loss_cls: 0.4129, loss: 0.4129
2026-08-16 13:01:51,610 - pyskl - INFO - Epoch [4][4000/6265]	lr: 2.194e-02, eta: 2 days, 11:59:39, time: 2.802, data_time: 0.000, memory: 5243, top1_acc: 0.8722, top5_acc: 0.9800, loss_cls: 0.4193, loss: 0.4193
2026-08-16 13:06:32,011 - pyskl - INFO - Epoch [4][4100/6265]	lr: 2.192e-02, eta: 2 days, 11:55:05, time: 2.804, data_time: 0.000, memory: 5243, top1_acc: 0.8638, top5_acc: 0.9797, loss_cls: 0.4435, loss: 0.4435
2026-08-16 13:11:12,315 - pyskl - INFO - Epoch [4][4200/6265]	lr: 2.189e-02, eta: 2 days, 11:50:31, time: 2.803, data_time: 0.000, memory: 5243, top1_acc: 0.8709, top5_acc: 0.9859, loss_cls: 0.4080, loss: 0.4080
2026-08-16 13:15:52,882 - pyskl - INFO - Epoch [4][4300/6265]	lr: 2.187e-02, eta: 2 days, 11:45:58, time: 2.806, data_time: 0.000, memory: 5243, top1_acc: 0.8803, top5_acc: 0.9862, loss_cls: 0.3819, loss: 0.3819
2026-08-16 13:20:33,688 - pyskl - INFO - Epoch [4][4400/6265]	lr: 2.184e-02, eta: 2 days, 11:41:25, time: 2.808, data_time: 0.000, memory: 5243, top1_acc: 0.8656, top5_acc: 0.9859, loss_cls: 0.4191, loss: 0.4191
2026-08-16 13:25:15,198 - pyskl - INFO - Epoch [4][4500/6265]	lr: 2.181e-02, eta: 2 days, 11:36:55, time: 2.815, data_time: 0.000, memory: 5243, top1_acc: 0.8612, top5_acc: 0.9781, loss_cls: 0.4368, loss: 0.4368
2026-08-16 13:29:56,252 - pyskl - INFO - Epoch [4][4600/6265]	lr: 2.179e-02, eta: 2 days, 11:32:23, time: 2.811, data_time: 0.000, memory: 5243, top1_acc: 0.8644, top5_acc: 0.9809, loss_cls: 0.4396, loss: 0.4396
2026-08-16 13:34:36,387 - pyskl - INFO - Epoch [4][4700/6265]	lr: 2.176e-02, eta: 2 days, 11:27:48, time: 2.801, data_time: 0.000, memory: 5243, top1_acc: 0.8625, top5_acc: 0.9844, loss_cls: 0.4371, loss: 0.4371
2026-08-16 13:39:16,713 - pyskl - INFO - Epoch [4][4800/6265]	lr: 2.174e-02, eta: 2 days, 11:23:14, time: 2.803, data_time: 0.000, memory: 5243, top1_acc: 0.8819, top5_acc: 0.9841, loss_cls: 0.4009, loss: 0.4009
2026-08-16 13:43:57,250 - pyskl - INFO - Epoch [4][4900/6265]	lr: 2.171e-02, eta: 2 days, 11:18:40, time: 2.805, data_time: 0.000, memory: 5243, top1_acc: 0.8769, top5_acc: 0.9812, loss_cls: 0.3958, loss: 0.3958
2026-08-16 13:48:43,009 - pyskl - INFO - Epoch [4][5000/6265]	lr: 2.168e-02, eta: 2 days, 11:14:23, time: 2.858, data_time: 0.000, memory: 5243, top1_acc: 0.8553, top5_acc: 0.9806, loss_cls: 0.4464, loss: 0.4464
2026-08-16 13:53:26,176 - pyskl - INFO - Epoch [4][5100/6265]	lr: 2.166e-02, eta: 2 days, 11:09:57, time: 2.832, data_time: 0.000, memory: 5243, top1_acc: 0.8684, top5_acc: 0.9816, loss_cls: 0.4284, loss: 0.4284
2026-08-16 13:58:06,846 - pyskl - INFO - Epoch [4][5200/6265]	lr: 2.163e-02, eta: 2 days, 11:05:23, time: 2.807, data_time: 0.000, memory: 5243, top1_acc: 0.8669, top5_acc: 0.9822, loss_cls: 0.4171, loss: 0.4171
2026-08-16 14:02:48,307 - pyskl - INFO - Epoch [4][5300/6265]	lr: 2.160e-02, eta: 2 days, 11:00:52, time: 2.815, data_time: 0.000, memory: 5243, top1_acc: 0.8784, top5_acc: 0.9822, loss_cls: 0.3928, loss: 0.3928
2026-08-16 14:07:29,832 - pyskl - INFO - Epoch [4][5400/6265]	lr: 2.158e-02, eta: 2 days, 10:56:21, time: 2.815, data_time: 0.000, memory: 5243, top1_acc: 0.8731, top5_acc: 0.9825, loss_cls: 0.4011, loss: 0.4011
2026-08-16 14:12:17,274 - pyskl - INFO - Epoch [4][5500/6265]	lr: 2.155e-02, eta: 2 days, 10:52:08, time: 2.874, data_time: 0.000, memory: 5243, top1_acc: 0.8666, top5_acc: 0.9881, loss_cls: 0.3996, loss: 0.3996
2026-08-16 14:16:57,477 - pyskl - INFO - Epoch [4][5600/6265]	lr: 2.152e-02, eta: 2 days, 10:47:33, time: 2.802, data_time: 0.000, memory: 5243, top1_acc: 0.8609, top5_acc: 0.9831, loss_cls: 0.4296, loss: 0.4296
2026-08-16 14:21:37,981 - pyskl - INFO - Epoch [4][5700/6265]	lr: 2.149e-02, eta: 2 days, 10:42:58, time: 2.805, data_time: 0.000, memory: 5243, top1_acc: 0.8812, top5_acc: 0.9834, loss_cls: 0.3824, loss: 0.3824
2026-08-16 14:26:17,933 - pyskl - INFO - Epoch [4][5800/6265]	lr: 2.147e-02, eta: 2 days, 10:38:22, time: 2.800, data_time: 0.000, memory: 5243, top1_acc: 0.8734, top5_acc: 0.9853, loss_cls: 0.4083, loss: 0.4083
2026-08-16 14:30:57,278 - pyskl - INFO - Epoch [4][5900/6265]	lr: 2.144e-02, eta: 2 days, 10:33:44, time: 2.793, data_time: 0.000, memory: 5243, top1_acc: 0.8825, top5_acc: 0.9812, loss_cls: 0.3863, loss: 0.3863
2026-08-16 14:35:36,533 - pyskl - INFO - Epoch [4][6000/6265]	lr: 2.141e-02, eta: 2 days, 10:29:05, time: 2.793, data_time: 0.000, memory: 5243, top1_acc: 0.8775, top5_acc: 0.9816, loss_cls: 0.3971, loss: 0.3971
2026-08-16 14:40:15,546 - pyskl - INFO - Epoch [4][6100/6265]	lr: 2.138e-02, eta: 2 days, 10:24:26, time: 2.790, data_time: 0.000, memory: 5243, top1_acc: 0.8547, top5_acc: 0.9797, loss_cls: 0.4520, loss: 0.4520
2026-08-16 14:44:55,316 - pyskl - INFO - Epoch [4][6200/6265]	lr: 2.136e-02, eta: 2 days, 10:19:49, time: 2.798, data_time: 0.000, memory: 5243, top1_acc: 0.8747, top5_acc: 0.9850, loss_cls: 0.4136, loss: 0.4136
2026-08-16 14:47:55,297 - pyskl - INFO - Saving checkpoint at 4 epochs
2026-08-16 15:08:41,035 - pyskl - INFO - Evaluating top_k_accuracy ...
2026-08-16 15:08:41,076 - pyskl - INFO - 
top1_acc	0.8020
top5_acc	0.9628
2026-08-16 15:08:41,078 - pyskl - INFO - The previous best checkpoint D:\YxjProject\pythonProject\pyskl\work_dirs\stgcn++\ntu60_xsub_3dkp\j_single_gpu_seed3407\best_top1_acc_epoch_3.pth was removed
2026-08-16 15:08:41,164 - pyskl - INFO - Now best checkpoint is saved as best_top1_acc_epoch_4.pth.
2026-08-16 15:08:41,164 - pyskl - INFO - Best top1_acc is 0.8020 at 4 epoch.
2026-08-16 15:08:41,165 - pyskl - INFO - Epoch(val) [4][516]	top1_acc: 0.8020, top5_acc: 0.9628
2026-08-16 15:13:28,893 - pyskl - INFO - Epoch [5][100/6265]	lr: 2.131e-02, eta: 2 days, 10:03:33, time: 2.877, data_time: 0.087, memory: 5243, top1_acc: 0.8806, top5_acc: 0.9875, loss_cls: 0.3728, loss: 0.3728
2026-08-16 15:18:08,122 - pyskl - INFO - Epoch [5][200/6265]	lr: 2.128e-02, eta: 2 days, 9:58:57, time: 2.792, data_time: 0.000, memory: 5243, top1_acc: 0.8775, top5_acc: 0.9822, loss_cls: 0.3930, loss: 0.3930
2026-08-16 15:22:46,765 - pyskl - INFO - Epoch [5][300/6265]	lr: 2.126e-02, eta: 2 days, 9:54:20, time: 2.786, data_time: 0.000, memory: 5243, top1_acc: 0.8728, top5_acc: 0.9834, loss_cls: 0.4046, loss: 0.4046
2026-08-16 15:27:25,703 - pyskl - INFO - Epoch [5][400/6265]	lr: 2.123e-02, eta: 2 days, 9:49:43, time: 2.789, data_time: 0.000, memory: 5243, top1_acc: 0.8725, top5_acc: 0.9806, loss_cls: 0.4096, loss: 0.4096
2026-08-16 15:32:04,068 - pyskl - INFO - Epoch [5][500/6265]	lr: 2.120e-02, eta: 2 days, 9:45:04, time: 2.784, data_time: 0.000, memory: 5243, top1_acc: 0.8681, top5_acc: 0.9856, loss_cls: 0.4316, loss: 0.4316
2026-08-16 15:36:42,769 - pyskl - INFO - Epoch [5][600/6265]	lr: 2.117e-02, eta: 2 days, 9:40:27, time: 2.787, data_time: 0.000, memory: 5243, top1_acc: 0.8859, top5_acc: 0.9862, loss_cls: 0.3706, loss: 0.3706
2026-08-16 15:41:21,647 - pyskl - INFO - Epoch [5][700/6265]	lr: 2.114e-02, eta: 2 days, 9:35:50, time: 2.789, data_time: 0.000, memory: 5243, top1_acc: 0.8706, top5_acc: 0.9844, loss_cls: 0.4188, loss: 0.4188
2026-08-16 15:46:00,331 - pyskl - INFO - Epoch [5][800/6265]	lr: 2.111e-02, eta: 2 days, 9:31:12, time: 2.787, data_time: 0.000, memory: 5243, top1_acc: 0.8784, top5_acc: 0.9847, loss_cls: 0.3877, loss: 0.3877
2026-08-16 15:50:39,097 - pyskl - INFO - Epoch [5][900/6265]	lr: 2.109e-02, eta: 2 days, 9:26:35, time: 2.788, data_time: 0.000, memory: 5243, top1_acc: 0.8909, top5_acc: 0.9878, loss_cls: 0.3644, loss: 0.3644
2026-08-16 15:55:17,914 - pyskl - INFO - Epoch [5][1000/6265]	lr: 2.106e-02, eta: 2 days, 9:21:58, time: 2.788, data_time: 0.000, memory: 5243, top1_acc: 0.8712, top5_acc: 0.9862, loss_cls: 0.3944, loss: 0.3944
2026-08-16 15:59:57,127 - pyskl - INFO - Epoch [5][1100/6265]	lr: 2.103e-02, eta: 2 days, 9:17:22, time: 2.792, data_time: 0.000, memory: 5243, top1_acc: 0.8819, top5_acc: 0.9875, loss_cls: 0.3834, loss: 0.3834
2026-08-16 16:04:35,911 - pyskl - INFO - Epoch [5][1200/6265]	lr: 2.100e-02, eta: 2 days, 9:12:44, time: 2.788, data_time: 0.000, memory: 5243, top1_acc: 0.8794, top5_acc: 0.9841, loss_cls: 0.3873, loss: 0.3873
2026-08-16 16:09:15,095 - pyskl - INFO - Epoch [5][1300/6265]	lr: 2.097e-02, eta: 2 days, 9:08:08, time: 2.792, data_time: 0.000, memory: 5243, top1_acc: 0.8825, top5_acc: 0.9872, loss_cls: 0.3942, loss: 0.3942
2026-08-16 16:13:53,768 - pyskl - INFO - Epoch [5][1400/6265]	lr: 2.094e-02, eta: 2 days, 9:03:30, time: 2.787, data_time: 0.000, memory: 5243, top1_acc: 0.8806, top5_acc: 0.9853, loss_cls: 0.3651, loss: 0.3651
2026-08-16 16:18:32,542 - pyskl - INFO - Epoch [5][1500/6265]	lr: 2.091e-02, eta: 2 days, 8:58:53, time: 2.788, data_time: 0.000, memory: 5243, top1_acc: 0.8859, top5_acc: 0.9897, loss_cls: 0.3826, loss: 0.3826
2026-08-16 16:23:11,275 - pyskl - INFO - Epoch [5][1600/6265]	lr: 2.088e-02, eta: 2 days, 8:54:15, time: 2.787, data_time: 0.000, memory: 5243, top1_acc: 0.8766, top5_acc: 0.9841, loss_cls: 0.3844, loss: 0.3844
2026-08-16 16:27:50,315 - pyskl - INFO - Epoch [5][1700/6265]	lr: 2.086e-02, eta: 2 days, 8:49:39, time: 2.790, data_time: 0.000, memory: 5243, top1_acc: 0.8781, top5_acc: 0.9828, loss_cls: 0.3837, loss: 0.3837
2026-08-16 16:32:28,917 - pyskl - INFO - Epoch [5][1800/6265]	lr: 2.083e-02, eta: 2 days, 8:45:01, time: 2.786, data_time: 0.000, memory: 5243, top1_acc: 0.8778, top5_acc: 0.9866, loss_cls: 0.3798, loss: 0.3798
2026-08-16 16:37:07,692 - pyskl - INFO - Epoch [5][1900/6265]	lr: 2.080e-02, eta: 2 days, 8:40:23, time: 2.788, data_time: 0.000, memory: 5243, top1_acc: 0.8812, top5_acc: 0.9903, loss_cls: 0.3675, loss: 0.3675
2026-08-16 16:41:46,590 - pyskl - INFO - Epoch [5][2000/6265]	lr: 2.077e-02, eta: 2 days, 8:35:46, time: 2.789, data_time: 0.000, memory: 5243, top1_acc: 0.8800, top5_acc: 0.9853, loss_cls: 0.3742, loss: 0.3742
2026-08-16 16:46:25,300 - pyskl - INFO - Epoch [5][2100/6265]	lr: 2.074e-02, eta: 2 days, 8:31:09, time: 2.787, data_time: 0.000, memory: 5243, top1_acc: 0.8859, top5_acc: 0.9841, loss_cls: 0.3766, loss: 0.3766
2026-08-16 16:51:16,248 - pyskl - INFO - Epoch [5][2200/6265]	lr: 2.071e-02, eta: 2 days, 8:27:04, time: 2.909, data_time: 0.000, memory: 5243, top1_acc: 0.8825, top5_acc: 0.9841, loss_cls: 0.4038, loss: 0.4038
2026-08-16 16:55:55,228 - pyskl - INFO - Epoch [5][2300/6265]	lr: 2.068e-02, eta: 2 days, 8:22:27, time: 2.790, data_time: 0.000, memory: 5243, top1_acc: 0.8862, top5_acc: 0.9847, loss_cls: 0.3508, loss: 0.3508
2026-08-16 17:00:34,117 - pyskl - INFO - Epoch [5][2400/6265]	lr: 2.065e-02, eta: 2 days, 8:17:49, time: 2.789, data_time: 0.000, memory: 5243, top1_acc: 0.8744, top5_acc: 0.9816, loss_cls: 0.4184, loss: 0.4184
2026-08-16 17:05:12,908 - pyskl - INFO - Epoch [5][2500/6265]	lr: 2.062e-02, eta: 2 days, 8:13:12, time: 2.788, data_time: 0.000, memory: 5243, top1_acc: 0.8816, top5_acc: 0.9866, loss_cls: 0.3828, loss: 0.3828
2026-08-16 17:09:51,728 - pyskl - INFO - Epoch [5][2600/6265]	lr: 2.059e-02, eta: 2 days, 8:08:34, time: 2.788, data_time: 0.000, memory: 5243, top1_acc: 0.8850, top5_acc: 0.9841, loss_cls: 0.3699, loss: 0.3699
2026-08-16 17:14:30,474 - pyskl - INFO - Epoch [5][2700/6265]	lr: 2.056e-02, eta: 2 days, 8:03:56, time: 2.787, data_time: 0.000, memory: 5243, top1_acc: 0.8934, top5_acc: 0.9850, loss_cls: 0.3575, loss: 0.3575
2026-08-16 17:19:09,238 - pyskl - INFO - Epoch [5][2800/6265]	lr: 2.053e-02, eta: 2 days, 7:59:19, time: 2.788, data_time: 0.000, memory: 5243, top1_acc: 0.8859, top5_acc: 0.9841, loss_cls: 0.3746, loss: 0.3746
2026-08-16 17:23:48,501 - pyskl - INFO - Epoch [5][2900/6265]	lr: 2.050e-02, eta: 2 days, 7:54:42, time: 2.793, data_time: 0.000, memory: 5243, top1_acc: 0.8809, top5_acc: 0.9825, loss_cls: 0.3807, loss: 0.3807
2026-08-16 17:28:27,415 - pyskl - INFO - Epoch [5][3000/6265]	lr: 2.047e-02, eta: 2 days, 7:50:05, time: 2.789, data_time: 0.000, memory: 5243, top1_acc: 0.8650, top5_acc: 0.9822, loss_cls: 0.4176, loss: 0.4176
2026-08-16 17:33:06,362 - pyskl - INFO - Epoch [5][3100/6265]	lr: 2.044e-02, eta: 2 days, 7:45:28, time: 2.789, data_time: 0.000, memory: 5243, top1_acc: 0.8834, top5_acc: 0.9828, loss_cls: 0.3779, loss: 0.3779
2026-08-16 17:37:45,090 - pyskl - INFO - Epoch [5][3200/6265]	lr: 2.041e-02, eta: 2 days, 7:40:50, time: 2.787, data_time: 0.000, memory: 5243, top1_acc: 0.8838, top5_acc: 0.9828, loss_cls: 0.3811, loss: 0.3811
2026-08-16 17:42:23,537 - pyskl - INFO - Epoch [5][3300/6265]	lr: 2.038e-02, eta: 2 days, 7:36:11, time: 2.784, data_time: 0.000, memory: 5243, top1_acc: 0.8875, top5_acc: 0.9872, loss_cls: 0.3733, loss: 0.3733
2026-08-16 17:47:02,380 - pyskl - INFO - Epoch [5][3400/6265]	lr: 2.035e-02, eta: 2 days, 7:31:34, time: 2.788, data_time: 0.000, memory: 5243, top1_acc: 0.8831, top5_acc: 0.9841, loss_cls: 0.3832, loss: 0.3832
2026-08-16 17:51:41,256 - pyskl - INFO - Epoch [5][3500/6265]	lr: 2.032e-02, eta: 2 days, 7:26:56, time: 2.789, data_time: 0.000, memory: 5243, top1_acc: 0.8759, top5_acc: 0.9834, loss_cls: 0.3739, loss: 0.3739
2026-08-16 17:56:20,020 - pyskl - INFO - Epoch [5][3600/6265]	lr: 2.029e-02, eta: 2 days, 7:22:18, time: 2.788, data_time: 0.000, memory: 5243, top1_acc: 0.8884, top5_acc: 0.9828, loss_cls: 0.3654, loss: 0.3654
2026-08-16 18:00:59,486 - pyskl - INFO - Epoch [5][3700/6265]	lr: 2.026e-02, eta: 2 days, 7:17:42, time: 2.795, data_time: 0.000, memory: 5243, top1_acc: 0.8916, top5_acc: 0.9847, loss_cls: 0.3657, loss: 0.3657
2026-08-16 18:05:38,134 - pyskl - INFO - Epoch [5][3800/6265]	lr: 2.023e-02, eta: 2 days, 7:13:04, time: 2.786, data_time: 0.000, memory: 5243, top1_acc: 0.8809, top5_acc: 0.9850, loss_cls: 0.3732, loss: 0.3732
2026-08-16 18:10:16,371 - pyskl - INFO - Epoch [5][3900/6265]	lr: 2.020e-02, eta: 2 days, 7:08:25, time: 2.782, data_time: 0.000, memory: 5243, top1_acc: 0.8856, top5_acc: 0.9800, loss_cls: 0.3788, loss: 0.3788
2026-08-16 18:14:54,884 - pyskl - INFO - Epoch [5][4000/6265]	lr: 2.016e-02, eta: 2 days, 7:03:47, time: 2.785, data_time: 0.000, memory: 5243, top1_acc: 0.8756, top5_acc: 0.9862, loss_cls: 0.3844, loss: 0.3844
2026-08-16 18:19:33,412 - pyskl - INFO - Epoch [5][4100/6265]	lr: 2.013e-02, eta: 2 days, 6:59:08, time: 2.785, data_time: 0.000, memory: 5243, top1_acc: 0.8878, top5_acc: 0.9869, loss_cls: 0.3690, loss: 0.3690
2026-08-16 18:24:12,383 - pyskl - INFO - Epoch [5][4200/6265]	lr: 2.010e-02, eta: 2 days, 6:54:31, time: 2.790, data_time: 0.000, memory: 5243, top1_acc: 0.8822, top5_acc: 0.9841, loss_cls: 0.3821, loss: 0.3821
2026-08-16 18:28:51,540 - pyskl - INFO - Epoch [5][4300/6265]	lr: 2.007e-02, eta: 2 days, 6:49:54, time: 2.792, data_time: 0.000, memory: 5243, top1_acc: 0.8856, top5_acc: 0.9856, loss_cls: 0.3597, loss: 0.3597
2026-08-16 18:33:29,734 - pyskl - INFO - Epoch [5][4400/6265]	lr: 2.004e-02, eta: 2 days, 6:45:15, time: 2.782, data_time: 0.000, memory: 5243, top1_acc: 0.8847, top5_acc: 0.9891, loss_cls: 0.3566, loss: 0.3566
2026-08-16 18:38:08,156 - pyskl - INFO - Epoch [5][4500/6265]	lr: 2.001e-02, eta: 2 days, 6:40:36, time: 2.784, data_time: 0.000, memory: 5243, top1_acc: 0.8806, top5_acc: 0.9831, loss_cls: 0.3843, loss: 0.3843
2026-08-16 18:42:46,462 - pyskl - INFO - Epoch [5][4600/6265]	lr: 1.998e-02, eta: 2 days, 6:35:57, time: 2.783, data_time: 0.000, memory: 5243, top1_acc: 0.8866, top5_acc: 0.9872, loss_cls: 0.3685, loss: 0.3685
2026-08-16 18:47:25,302 - pyskl - INFO - Epoch [5][4700/6265]	lr: 1.995e-02, eta: 2 days, 6:31:20, time: 2.788, data_time: 0.000, memory: 5243, top1_acc: 0.8766, top5_acc: 0.9859, loss_cls: 0.3949, loss: 0.3949
2026-08-16 18:52:03,576 - pyskl - INFO - Epoch [5][4800/6265]	lr: 1.991e-02, eta: 2 days, 6:26:41, time: 2.783, data_time: 0.000, memory: 5243, top1_acc: 0.8925, top5_acc: 0.9869, loss_cls: 0.3481, loss: 0.3481
2026-08-16 18:56:42,117 - pyskl - INFO - Epoch [5][4900/6265]	lr: 1.988e-02, eta: 2 days, 6:22:02, time: 2.785, data_time: 0.000, memory: 5243, top1_acc: 0.8912, top5_acc: 0.9853, loss_cls: 0.3644, loss: 0.3644
2026-08-16 19:01:20,528 - pyskl - INFO - Epoch [5][5000/6265]	lr: 1.985e-02, eta: 2 days, 6:17:24, time: 2.784, data_time: 0.000, memory: 5243, top1_acc: 0.8834, top5_acc: 0.9878, loss_cls: 0.3650, loss: 0.3650
2026-08-16 19:05:58,555 - pyskl - INFO - Epoch [5][5100/6265]	lr: 1.982e-02, eta: 2 days, 6:12:44, time: 2.780, data_time: 0.000, memory: 5243, top1_acc: 0.8969, top5_acc: 0.9884, loss_cls: 0.3366, loss: 0.3366
2026-08-16 19:10:36,866 - pyskl - INFO - Epoch [5][5200/6265]	lr: 1.979e-02, eta: 2 days, 6:08:05, time: 2.783, data_time: 0.000, memory: 5243, top1_acc: 0.8969, top5_acc: 0.9875, loss_cls: 0.3363, loss: 0.3363
2026-08-16 19:15:15,051 - pyskl - INFO - Epoch [5][5300/6265]	lr: 1.976e-02, eta: 2 days, 6:03:26, time: 2.782, data_time: 0.000, memory: 5243, top1_acc: 0.8950, top5_acc: 0.9878, loss_cls: 0.3423, loss: 0.3423
2026-08-16 19:19:53,466 - pyskl - INFO - Epoch [5][5400/6265]	lr: 1.972e-02, eta: 2 days, 5:58:47, time: 2.784, data_time: 0.000, memory: 5243, top1_acc: 0.8947, top5_acc: 0.9844, loss_cls: 0.3479, loss: 0.3479
2026-08-16 19:24:45,749 - pyskl - INFO - Epoch [5][5500/6265]	lr: 1.969e-02, eta: 2 days, 5:54:40, time: 2.923, data_time: 0.000, memory: 5243, top1_acc: 0.8912, top5_acc: 0.9853, loss_cls: 0.3617, loss: 0.3617
2026-08-16 19:29:24,566 - pyskl - INFO - Epoch [5][5600/6265]	lr: 1.966e-02, eta: 2 days, 5:50:02, time: 2.788, data_time: 0.000, memory: 5243, top1_acc: 0.8884, top5_acc: 0.9912, loss_cls: 0.3499, loss: 0.3499
2026-08-16 19:34:03,339 - pyskl - INFO - Epoch [5][5700/6265]	lr: 1.963e-02, eta: 2 days, 5:45:24, time: 2.788, data_time: 0.000, memory: 5243, top1_acc: 0.8888, top5_acc: 0.9859, loss_cls: 0.3584, loss: 0.3584
2026-08-16 19:38:42,100 - pyskl - INFO - Epoch [5][5800/6265]	lr: 1.960e-02, eta: 2 days, 5:40:46, time: 2.788, data_time: 0.000, memory: 5243, top1_acc: 0.8906, top5_acc: 0.9884, loss_cls: 0.3479, loss: 0.3479
2026-08-16 19:43:20,713 - pyskl - INFO - Epoch [5][5900/6265]	lr: 1.956e-02, eta: 2 days, 5:36:08, time: 2.786, data_time: 0.000, memory: 5243, top1_acc: 0.8875, top5_acc: 0.9875, loss_cls: 0.3561, loss: 0.3561
2026-08-16 19:48:00,780 - pyskl - INFO - Epoch [5][6000/6265]	lr: 1.953e-02, eta: 2 days, 5:31:33, time: 2.801, data_time: 0.000, memory: 5243, top1_acc: 0.8866, top5_acc: 0.9856, loss_cls: 0.3794, loss: 0.3794
2026-08-16 19:52:49,422 - pyskl - INFO - Epoch [5][6100/6265]	lr: 1.950e-02, eta: 2 days, 5:27:17, time: 2.886, data_time: 0.000, memory: 5243, top1_acc: 0.8841, top5_acc: 0.9869, loss_cls: 0.3670, loss: 0.3670
2026-08-16 19:57:28,125 - pyskl - INFO - Epoch [5][6200/6265]	lr: 1.947e-02, eta: 2 days, 5:22:38, time: 2.787, data_time: 0.000, memory: 5243, top1_acc: 0.8972, top5_acc: 0.9872, loss_cls: 0.3413, loss: 0.3413
2026-08-16 20:00:27,919 - pyskl - INFO - Saving checkpoint at 5 epochs
2026-08-16 20:21:04,566 - pyskl - INFO - Evaluating top_k_accuracy ...
2026-08-16 20:21:04,607 - pyskl - INFO - 
top1_acc	0.6876
top5_acc	0.8960
2026-08-16 20:21:04,609 - pyskl - INFO - Epoch(val) [5][516]	top1_acc: 0.6876, top5_acc: 0.8960
2026-08-16 20:25:52,552 - pyskl - INFO - Epoch [6][100/6265]	lr: 1.941e-02, eta: 2 days, 5:08:43, time: 2.879, data_time: 0.085, memory: 5243, top1_acc: 0.8806, top5_acc: 0.9862, loss_cls: 0.3773, loss: 0.3773
2026-08-16 20:30:31,594 - pyskl - INFO - Epoch [6][200/6265]	lr: 1.938e-02, eta: 2 days, 5:04:07, time: 2.790, data_time: 0.000, memory: 5243, top1_acc: 0.8928, top5_acc: 0.9891, loss_cls: 0.3353, loss: 0.3353
2026-08-16 20:35:10,657 - pyskl - INFO - Epoch [6][300/6265]	lr: 1.935e-02, eta: 2 days, 4:59:31, time: 2.791, data_time: 0.000, memory: 5243, top1_acc: 0.9009, top5_acc: 0.9888, loss_cls: 0.3225, loss: 0.3225
2026-08-16 20:39:49,626 - pyskl - INFO - Epoch [6][400/6265]	lr: 1.931e-02, eta: 2 days, 4:54:55, time: 2.790, data_time: 0.000, memory: 5243, top1_acc: 0.8838, top5_acc: 0.9884, loss_cls: 0.3624, loss: 0.3624
2026-08-16 20:44:28,701 - pyskl - INFO - Epoch [6][500/6265]	lr: 1.928e-02, eta: 2 days, 4:50:19, time: 2.791, data_time: 0.000, memory: 5243, top1_acc: 0.8991, top5_acc: 0.9853, loss_cls: 0.3397, loss: 0.3397
2026-08-16 20:49:07,969 - pyskl - INFO - Epoch [6][600/6265]	lr: 1.925e-02, eta: 2 days, 4:45:44, time: 2.793, data_time: 0.000, memory: 5243, top1_acc: 0.9059, top5_acc: 0.9894, loss_cls: 0.3314, loss: 0.3314
2026-08-16 20:53:47,085 - pyskl - INFO - Epoch [6][700/6265]	lr: 1.922e-02, eta: 2 days, 4:41:08, time: 2.791, data_time: 0.000, memory: 5243, top1_acc: 0.9075, top5_acc: 0.9856, loss_cls: 0.3161, loss: 0.3161
2026-08-16 20:58:26,202 - pyskl - INFO - Epoch [6][800/6265]	lr: 1.918e-02, eta: 2 days, 4:36:32, time: 2.791, data_time: 0.000, memory: 5243, top1_acc: 0.8947, top5_acc: 0.9862, loss_cls: 0.3429, loss: 0.3429
2026-08-16 21:03:05,055 - pyskl - INFO - Epoch [6][900/6265]	lr: 1.915e-02, eta: 2 days, 4:31:56, time: 2.789, data_time: 0.000, memory: 5243, top1_acc: 0.8972, top5_acc: 0.9888, loss_cls: 0.3438, loss: 0.3438
2026-08-16 21:07:43,940 - pyskl - INFO - Epoch [6][1000/6265]	lr: 1.912e-02, eta: 2 days, 4:27:20, time: 2.789, data_time: 0.000, memory: 5243, top1_acc: 0.8928, top5_acc: 0.9853, loss_cls: 0.3516, loss: 0.3516
2026-08-16 21:12:22,659 - pyskl - INFO - Epoch [6][1100/6265]	lr: 1.908e-02, eta: 2 days, 4:22:43, time: 2.787, data_time: 0.000, memory: 5243, top1_acc: 0.8925, top5_acc: 0.9888, loss_cls: 0.3439, loss: 0.3439
2026-08-16 21:17:02,075 - pyskl - INFO - Epoch [6][1200/6265]	lr: 1.905e-02, eta: 2 days, 4:18:08, time: 2.794, data_time: 0.000, memory: 5243, top1_acc: 0.8916, top5_acc: 0.9881, loss_cls: 0.3484, loss: 0.3484
2026-08-16 21:21:40,868 - pyskl - INFO - Epoch [6][1300/6265]	lr: 1.902e-02, eta: 2 days, 4:13:31, time: 2.788, data_time: 0.000, memory: 5243, top1_acc: 0.9041, top5_acc: 0.9875, loss_cls: 0.3130, loss: 0.3130
2026-08-16 21:26:19,592 - pyskl - INFO - Epoch [6][1400/6265]	lr: 1.898e-02, eta: 2 days, 4:08:55, time: 2.787, data_time: 0.000, memory: 5243, top1_acc: 0.8838, top5_acc: 0.9856, loss_cls: 0.3642, loss: 0.3642
2026-08-16 21:30:58,201 - pyskl - INFO - Epoch [6][1500/6265]	lr: 1.895e-02, eta: 2 days, 4:04:18, time: 2.786, data_time: 0.000, memory: 5243, top1_acc: 0.8838, top5_acc: 0.9825, loss_cls: 0.3826, loss: 0.3826
2026-08-16 21:35:36,906 - pyskl - INFO - Epoch [6][1600/6265]	lr: 1.892e-02, eta: 2 days, 3:59:41, time: 2.787, data_time: 0.000, memory: 5243, top1_acc: 0.8825, top5_acc: 0.9806, loss_cls: 0.3788, loss: 0.3788
2026-08-16 21:40:15,999 - pyskl - INFO - Epoch [6][1700/6265]	lr: 1.888e-02, eta: 2 days, 3:55:05, time: 2.791, data_time: 0.000, memory: 5243, top1_acc: 0.8956, top5_acc: 0.9884, loss_cls: 0.3393, loss: 0.3393
2026-08-16 21:44:54,681 - pyskl - INFO - Epoch [6][1800/6265]	lr: 1.885e-02, eta: 2 days, 3:50:28, time: 2.787, data_time: 0.000, memory: 5243, top1_acc: 0.8991, top5_acc: 0.9853, loss_cls: 0.3370, loss: 0.3370
2026-08-16 21:49:33,483 - pyskl - INFO - Epoch [6][1900/6265]	lr: 1.881e-02, eta: 2 days, 3:45:52, time: 2.788, data_time: 0.000, memory: 5243, top1_acc: 0.8962, top5_acc: 0.9872, loss_cls: 0.3280, loss: 0.3280
2026-08-16 21:54:12,492 - pyskl - INFO - Epoch [6][2000/6265]	lr: 1.878e-02, eta: 2 days, 3:41:15, time: 2.790, data_time: 0.000, memory: 5243, top1_acc: 0.8966, top5_acc: 0.9919, loss_cls: 0.3252, loss: 0.3252
2026-08-16 21:58:51,424 - pyskl - INFO - Epoch [6][2100/6265]	lr: 1.875e-02, eta: 2 days, 3:36:39, time: 2.789, data_time: 0.000, memory: 5243, top1_acc: 0.8991, top5_acc: 0.9869, loss_cls: 0.3204, loss: 0.3204
2026-08-16 22:03:30,634 - pyskl - INFO - Epoch [6][2200/6265]	lr: 1.871e-02, eta: 2 days, 3:32:03, time: 2.792, data_time: 0.000, memory: 5243, top1_acc: 0.9038, top5_acc: 0.9884, loss_cls: 0.3083, loss: 0.3083
2026-08-16 22:08:09,392 - pyskl - INFO - Epoch [6][2300/6265]	lr: 1.868e-02, eta: 2 days, 3:27:26, time: 2.788, data_time: 0.000, memory: 5243, top1_acc: 0.8869, top5_acc: 0.9866, loss_cls: 0.3621, loss: 0.3621
2026-08-16 22:12:48,256 - pyskl - INFO - Epoch [6][2400/6265]	lr: 1.864e-02, eta: 2 days, 3:22:50, time: 2.789, data_time: 0.000, memory: 5243, top1_acc: 0.8891, top5_acc: 0.9884, loss_cls: 0.3429, loss: 0.3429
2026-08-16 22:17:27,335 - pyskl - INFO - Epoch [6][2500/6265]	lr: 1.861e-02, eta: 2 days, 3:18:14, time: 2.791, data_time: 0.000, memory: 5243, top1_acc: 0.8753, top5_acc: 0.9866, loss_cls: 0.4063, loss: 0.4063
2026-08-16 22:22:05,934 - pyskl - INFO - Epoch [6][2600/6265]	lr: 1.858e-02, eta: 2 days, 3:13:37, time: 2.786, data_time: 0.000, memory: 5243, top1_acc: 0.8975, top5_acc: 0.9897, loss_cls: 0.3327, loss: 0.3327
2026-08-16 22:26:44,776 - pyskl - INFO - Epoch [6][2700/6265]	lr: 1.854e-02, eta: 2 days, 3:09:00, time: 2.788, data_time: 0.000, memory: 5243, top1_acc: 0.8966, top5_acc: 0.9866, loss_cls: 0.3370, loss: 0.3370
2026-08-16 22:31:24,828 - pyskl - INFO - Epoch [6][2800/6265]	lr: 1.851e-02, eta: 2 days, 3:04:26, time: 2.801, data_time: 0.000, memory: 5243, top1_acc: 0.9081, top5_acc: 0.9881, loss_cls: 0.3167, loss: 0.3167
2026-08-16 22:36:04,608 - pyskl - INFO - Epoch [6][2900/6265]	lr: 1.847e-02, eta: 2 days, 2:59:51, time: 2.798, data_time: 0.000, memory: 5243, top1_acc: 0.8941, top5_acc: 0.9872, loss_cls: 0.3487, loss: 0.3487
2026-08-16 22:40:44,690 - pyskl - INFO - Epoch [6][3000/6265]	lr: 1.844e-02, eta: 2 days, 2:55:16, time: 2.801, data_time: 0.000, memory: 5243, top1_acc: 0.8919, top5_acc: 0.9853, loss_cls: 0.3598, loss: 0.3598
2026-08-16 22:45:24,228 - pyskl - INFO - Epoch [6][3100/6265]	lr: 1.840e-02, eta: 2 days, 2:50:41, time: 2.795, data_time: 0.000, memory: 5243, top1_acc: 0.8950, top5_acc: 0.9866, loss_cls: 0.3451, loss: 0.3451
2026-08-16 22:50:15,390 - pyskl - INFO - Epoch [6][3200/6265]	lr: 1.837e-02, eta: 2 days, 2:46:28, time: 2.912, data_time: 0.000, memory: 5243, top1_acc: 0.8994, top5_acc: 0.9866, loss_cls: 0.3330, loss: 0.3330
2026-08-16 22:54:58,076 - pyskl - INFO - Epoch [6][3300/6265]	lr: 1.833e-02, eta: 2 days, 2:41:58, time: 2.827, data_time: 0.000, memory: 5243, top1_acc: 0.9053, top5_acc: 0.9878, loss_cls: 0.3119, loss: 0.3119
2026-08-16 22:59:37,935 - pyskl - INFO - Epoch [6][3400/6265]	lr: 1.830e-02, eta: 2 days, 2:37:23, time: 2.799, data_time: 0.000, memory: 5243, top1_acc: 0.9012, top5_acc: 0.9881, loss_cls: 0.3207, loss: 0.3207
2026-08-16 23:04:17,602 - pyskl - INFO - Epoch [6][3500/6265]	lr: 1.827e-02, eta: 2 days, 2:32:48, time: 2.797, data_time: 0.000, memory: 5243, top1_acc: 0.8938, top5_acc: 0.9853, loss_cls: 0.3398, loss: 0.3398
2026-08-16 23:08:57,227 - pyskl - INFO - Epoch [6][3600/6265]	lr: 1.823e-02, eta: 2 days, 2:28:12, time: 2.796, data_time: 0.000, memory: 5243, top1_acc: 0.8953, top5_acc: 0.9919, loss_cls: 0.3256, loss: 0.3256
2026-08-16 23:13:37,470 - pyskl - INFO - Epoch [6][3700/6265]	lr: 1.820e-02, eta: 2 days, 2:23:38, time: 2.802, data_time: 0.000, memory: 5243, top1_acc: 0.8931, top5_acc: 0.9888, loss_cls: 0.3384, loss: 0.3384
2026-08-16 23:18:17,548 - pyskl - INFO - Epoch [6][3800/6265]	lr: 1.816e-02, eta: 2 days, 2:19:03, time: 2.801, data_time: 0.000, memory: 5243, top1_acc: 0.8916, top5_acc: 0.9862, loss_cls: 0.3572, loss: 0.3572
2026-08-16 23:22:57,627 - pyskl - INFO - Epoch [6][3900/6265]	lr: 1.813e-02, eta: 2 days, 2:14:29, time: 2.801, data_time: 0.000, memory: 5243, top1_acc: 0.8975, top5_acc: 0.9878, loss_cls: 0.3311, loss: 0.3311
2026-08-16 23:27:37,576 - pyskl - INFO - Epoch [6][4000/6265]	lr: 1.809e-02, eta: 2 days, 2:09:54, time: 2.799, data_time: 0.000, memory: 5243, top1_acc: 0.8962, top5_acc: 0.9897, loss_cls: 0.3274, loss: 0.3274
2026-08-16 23:32:16,464 - pyskl - INFO - Epoch [6][4100/6265]	lr: 1.806e-02, eta: 2 days, 2:05:17, time: 2.789, data_time: 0.000, memory: 5243, top1_acc: 0.8956, top5_acc: 0.9853, loss_cls: 0.3305, loss: 0.3305
2026-08-16 23:36:55,004 - pyskl - INFO - Epoch [6][4200/6265]	lr: 1.802e-02, eta: 2 days, 2:00:39, time: 2.785, data_time: 0.000, memory: 5243, top1_acc: 0.9047, top5_acc: 0.9894, loss_cls: 0.3079, loss: 0.3079
2026-08-16 23:41:33,693 - pyskl - INFO - Epoch [6][4300/6265]	lr: 1.799e-02, eta: 2 days, 1:56:02, time: 2.787, data_time: 0.000, memory: 5243, top1_acc: 0.8956, top5_acc: 0.9878, loss_cls: 0.3408, loss: 0.3408
2026-08-16 23:46:12,757 - pyskl - INFO - Epoch [6][4400/6265]	lr: 1.795e-02, eta: 2 days, 1:51:25, time: 2.791, data_time: 0.000, memory: 5243, top1_acc: 0.8975, top5_acc: 0.9903, loss_cls: 0.3283, loss: 0.3283
2026-08-16 23:50:51,777 - pyskl - INFO - Epoch [6][4500/6265]	lr: 1.792e-02, eta: 2 days, 1:46:48, time: 2.790, data_time: 0.000, memory: 5243, top1_acc: 0.9012, top5_acc: 0.9900, loss_cls: 0.3201, loss: 0.3201
2026-08-16 23:55:30,577 - pyskl - INFO - Epoch [6][4600/6265]	lr: 1.788e-02, eta: 2 days, 1:42:11, time: 2.788, data_time: 0.000, memory: 5243, top1_acc: 0.8962, top5_acc: 0.9881, loss_cls: 0.3259, loss: 0.3259
2026-08-17 00:00:09,797 - pyskl - INFO - Epoch [6][4700/6265]	lr: 1.784e-02, eta: 2 days, 1:37:35, time: 2.792, data_time: 0.000, memory: 5243, top1_acc: 0.8966, top5_acc: 0.9891, loss_cls: 0.3349, loss: 0.3349
2026-08-17 00:04:48,543 - pyskl - INFO - Epoch [6][4800/6265]	lr: 1.781e-02, eta: 2 days, 1:32:58, time: 2.787, data_time: 0.000, memory: 5243, top1_acc: 0.9206, top5_acc: 0.9916, loss_cls: 0.2722, loss: 0.2722
2026-08-17 00:09:27,239 - pyskl - INFO - Epoch [6][4900/6265]	lr: 1.777e-02, eta: 2 days, 1:28:20, time: 2.787, data_time: 0.000, memory: 5243, top1_acc: 0.9062, top5_acc: 0.9897, loss_cls: 0.3102, loss: 0.3102
2026-08-17 00:14:05,808 - pyskl - INFO - Epoch [6][5000/6265]	lr: 1.774e-02, eta: 2 days, 1:23:43, time: 2.786, data_time: 0.000, memory: 5243, top1_acc: 0.9056, top5_acc: 0.9894, loss_cls: 0.3112, loss: 0.3112
2026-08-17 00:18:44,269 - pyskl - INFO - Epoch [6][5100/6265]	lr: 1.770e-02, eta: 2 days, 1:19:05, time: 2.785, data_time: 0.000, memory: 5243, top1_acc: 0.9053, top5_acc: 0.9894, loss_cls: 0.3062, loss: 0.3062
2026-08-17 00:23:22,916 - pyskl - INFO - Epoch [6][5200/6265]	lr: 1.767e-02, eta: 2 days, 1:14:27, time: 2.786, data_time: 0.000, memory: 5243, top1_acc: 0.9078, top5_acc: 0.9909, loss_cls: 0.2982, loss: 0.2982
2026-08-17 00:28:01,700 - pyskl - INFO - Epoch [6][5300/6265]	lr: 1.763e-02, eta: 2 days, 1:09:50, time: 2.788, data_time: 0.000, memory: 5243, top1_acc: 0.9025, top5_acc: 0.9894, loss_cls: 0.3249, loss: 0.3249
2026-08-17 00:32:40,660 - pyskl - INFO - Epoch [6][5400/6265]	lr: 1.760e-02, eta: 2 days, 1:05:13, time: 2.790, data_time: 0.000, memory: 5243, top1_acc: 0.8888, top5_acc: 0.9862, loss_cls: 0.3616, loss: 0.3616
2026-08-17 00:37:19,634 - pyskl - INFO - Epoch [6][5500/6265]	lr: 1.756e-02, eta: 2 days, 1:00:36, time: 2.790, data_time: 0.000, memory: 5243, top1_acc: 0.8953, top5_acc: 0.9878, loss_cls: 0.3414, loss: 0.3414
2026-08-17 00:41:58,677 - pyskl - INFO - Epoch [6][5600/6265]	lr: 1.752e-02, eta: 2 days, 0:55:59, time: 2.790, data_time: 0.000, memory: 5243, top1_acc: 0.9050, top5_acc: 0.9894, loss_cls: 0.3071, loss: 0.3071
2026-08-17 00:46:37,633 - pyskl - INFO - Epoch [6][5700/6265]	lr: 1.749e-02, eta: 2 days, 0:51:22, time: 2.790, data_time: 0.000, memory: 5243, top1_acc: 0.8944, top5_acc: 0.9875, loss_cls: 0.3311, loss: 0.3311
2026-08-17 00:51:16,816 - pyskl - INFO - Epoch [6][5800/6265]	lr: 1.745e-02, eta: 2 days, 0:46:46, time: 2.792, data_time: 0.000, memory: 5243, top1_acc: 0.9038, top5_acc: 0.9906, loss_cls: 0.3047, loss: 0.3047
2026-08-17 00:55:56,140 - pyskl - INFO - Epoch [6][5900/6265]	lr: 1.742e-02, eta: 2 days, 0:42:09, time: 2.793, data_time: 0.000, memory: 5243, top1_acc: 0.8909, top5_acc: 0.9872, loss_cls: 0.3389, loss: 0.3389
2026-08-17 01:00:35,751 - pyskl - INFO - Epoch [6][6000/6265]	lr: 1.738e-02, eta: 2 days, 0:37:34, time: 2.796, data_time: 0.000, memory: 5243, top1_acc: 0.9044, top5_acc: 0.9853, loss_cls: 0.3206, loss: 0.3206
2026-08-17 01:05:14,971 - pyskl - INFO - Epoch [6][6100/6265]	lr: 1.734e-02, eta: 2 days, 0:32:57, time: 2.792, data_time: 0.000, memory: 5243, top1_acc: 0.8934, top5_acc: 0.9888, loss_cls: 0.3485, loss: 0.3485
2026-08-17 01:09:54,132 - pyskl - INFO - Epoch [6][6200/6265]	lr: 1.731e-02, eta: 2 days, 0:28:20, time: 2.792, data_time: 0.000, memory: 5243, top1_acc: 0.8962, top5_acc: 0.9875, loss_cls: 0.3380, loss: 0.3380
2026-08-17 01:12:53,841 - pyskl - INFO - Saving checkpoint at 6 epochs
2026-08-17 01:33:37,825 - pyskl - INFO - Evaluating top_k_accuracy ...
2026-08-17 01:33:37,867 - pyskl - INFO - 
top1_acc	0.8075
top5_acc	0.9581
2026-08-17 01:33:37,869 - pyskl - INFO - The previous best checkpoint D:\YxjProject\pythonProject\pyskl\work_dirs\stgcn++\ntu60_xsub_3dkp\j_single_gpu_seed3407\best_top1_acc_epoch_4.pth was removed
2026-08-17 01:33:37,958 - pyskl - INFO - Now best checkpoint is saved as best_top1_acc_epoch_6.pth.
2026-08-17 01:33:37,958 - pyskl - INFO - Best top1_acc is 0.8075 at 6 epoch.
2026-08-17 01:33:37,959 - pyskl - INFO - Epoch(val) [6][516]	top1_acc: 0.8075, top5_acc: 0.9581
2026-08-17 01:38:25,210 - pyskl - INFO - Epoch [7][100/6265]	lr: 1.725e-02, eta: 2 days, 0:15:56, time: 2.872, data_time: 0.086, memory: 5243, top1_acc: 0.9116, top5_acc: 0.9891, loss_cls: 0.2814, loss: 0.2814
2026-08-17 01:43:03,184 - pyskl - INFO - Epoch [7][200/6265]	lr: 1.721e-02, eta: 2 days, 0:11:18, time: 2.780, data_time: 0.000, memory: 5243, top1_acc: 0.9047, top5_acc: 0.9922, loss_cls: 0.2963, loss: 0.2963
2026-08-17 01:47:41,545 - pyskl - INFO - Epoch [7][300/6265]	lr: 1.718e-02, eta: 2 days, 0:06:42, time: 2.784, data_time: 0.000, memory: 5243, top1_acc: 0.9084, top5_acc: 0.9881, loss_cls: 0.3092, loss: 0.3092
2026-08-17 01:52:30,908 - pyskl - INFO - Epoch [7][400/6265]	lr: 1.714e-02, eta: 2 days, 0:02:23, time: 2.894, data_time: 0.000, memory: 5243, top1_acc: 0.9087, top5_acc: 0.9888, loss_cls: 0.2918, loss: 0.2918
2026-08-17 01:57:09,399 - pyskl - INFO - Epoch [7][500/6265]	lr: 1.710e-02, eta: 1 day, 23:57:46, time: 2.785, data_time: 0.000, memory: 5243, top1_acc: 0.9103, top5_acc: 0.9922, loss_cls: 0.2851, loss: 0.2851
2026-08-17 02:01:48,339 - pyskl - INFO - Epoch [7][600/6265]	lr: 1.707e-02, eta: 1 day, 23:53:10, time: 2.789, data_time: 0.000, memory: 5243, top1_acc: 0.9128, top5_acc: 0.9900, loss_cls: 0.2997, loss: 0.2997
2026-08-17 02:06:27,136 - pyskl - INFO - Epoch [7][700/6265]	lr: 1.703e-02, eta: 1 day, 23:48:34, time: 2.788, data_time: 0.000, memory: 5243, top1_acc: 0.8903, top5_acc: 0.9909, loss_cls: 0.3348, loss: 0.3348
2026-08-17 02:11:05,293 - pyskl - INFO - Epoch [7][800/6265]	lr: 1.699e-02, eta: 1 day, 23:43:57, time: 2.782, data_time: 0.000, memory: 5243, top1_acc: 0.9106, top5_acc: 0.9881, loss_cls: 0.3111, loss: 0.3111
2026-08-17 02:15:43,590 - pyskl - INFO - Epoch [7][900/6265]	lr: 1.696e-02, eta: 1 day, 23:39:19, time: 2.783, data_time: 0.000, memory: 5243, top1_acc: 0.9041, top5_acc: 0.9903, loss_cls: 0.3046, loss: 0.3046
2026-08-17 02:20:22,032 - pyskl - INFO - Epoch [7][1000/6265]	lr: 1.692e-02, eta: 1 day, 23:34:43, time: 2.784, data_time: 0.000, memory: 5243, top1_acc: 0.9091, top5_acc: 0.9878, loss_cls: 0.3001, loss: 0.3001
2026-08-17 02:25:01,004 - pyskl - INFO - Epoch [7][1100/6265]	lr: 1.688e-02, eta: 1 day, 23:30:07, time: 2.790, data_time: 0.000, memory: 5243, top1_acc: 0.9059, top5_acc: 0.9847, loss_cls: 0.3233, loss: 0.3233
2026-08-17 02:29:40,004 - pyskl - INFO - Epoch [7][1200/6265]	lr: 1.685e-02, eta: 1 day, 23:25:31, time: 2.790, data_time: 0.000, memory: 5243, top1_acc: 0.9141, top5_acc: 0.9925, loss_cls: 0.2858, loss: 0.2858
2026-08-17 02:34:18,513 - pyskl - INFO - Epoch [7][1300/6265]	lr: 1.681e-02, eta: 1 day, 23:20:54, time: 2.785, data_time: 0.000, memory: 5243, top1_acc: 0.9122, top5_acc: 0.9934, loss_cls: 0.2714, loss: 0.2714
2026-08-17 02:38:57,376 - pyskl - INFO - Epoch [7][1400/6265]	lr: 1.677e-02, eta: 1 day, 23:16:18, time: 2.789, data_time: 0.000, memory: 5243, top1_acc: 0.9059, top5_acc: 0.9912, loss_cls: 0.2979, loss: 0.2979
2026-08-17 02:43:36,402 - pyskl - INFO - Epoch [7][1500/6265]	lr: 1.674e-02, eta: 1 day, 23:11:42, time: 2.790, data_time: 0.000, memory: 5243, top1_acc: 0.9012, top5_acc: 0.9900, loss_cls: 0.3129, loss: 0.3129
2026-08-17 02:48:15,356 - pyskl - INFO - Epoch [7][1600/6265]	lr: 1.670e-02, eta: 1 day, 23:07:05, time: 2.790, data_time: 0.000, memory: 5243, top1_acc: 0.9169, top5_acc: 0.9916, loss_cls: 0.2785, loss: 0.2785
2026-08-17 02:52:53,988 - pyskl - INFO - Epoch [7][1700/6265]	lr: 1.666e-02, eta: 1 day, 23:02:29, time: 2.786, data_time: 0.000, memory: 5243, top1_acc: 0.9181, top5_acc: 0.9878, loss_cls: 0.2911, loss: 0.2911
2026-08-17 02:57:32,706 - pyskl - INFO - Epoch [7][1800/6265]	lr: 1.663e-02, eta: 1 day, 22:57:52, time: 2.787, data_time: 0.000, memory: 5243, top1_acc: 0.9247, top5_acc: 0.9919, loss_cls: 0.2650, loss: 0.2650
2026-08-17 03:02:11,598 - pyskl - INFO - Epoch [7][1900/6265]	lr: 1.659e-02, eta: 1 day, 22:53:16, time: 2.789, data_time: 0.000, memory: 5243, top1_acc: 0.9009, top5_acc: 0.9900, loss_cls: 0.3208, loss: 0.3208
2026-08-17 03:06:50,440 - pyskl - INFO - Epoch [7][2000/6265]	lr: 1.655e-02, eta: 1 day, 22:48:40, time: 2.788, data_time: 0.000, memory: 5243, top1_acc: 0.9116, top5_acc: 0.9919, loss_cls: 0.2970, loss: 0.2970
2026-08-17 03:11:29,668 - pyskl - INFO - Epoch [7][2100/6265]	lr: 1.651e-02, eta: 1 day, 22:44:04, time: 2.792, data_time: 0.000, memory: 5243, top1_acc: 0.9106, top5_acc: 0.9916, loss_cls: 0.2753, loss: 0.2753
2026-08-17 03:16:09,072 - pyskl - INFO - Epoch [7][2200/6265]	lr: 1.648e-02, eta: 1 day, 22:39:28, time: 2.794, data_time: 0.000, memory: 5243, top1_acc: 0.9081, top5_acc: 0.9888, loss_cls: 0.3075, loss: 0.3075
2026-08-17 03:20:48,484 - pyskl - INFO - Epoch [7][2300/6265]	lr: 1.644e-02, eta: 1 day, 22:34:53, time: 2.794, data_time: 0.000, memory: 5243, top1_acc: 0.9031, top5_acc: 0.9878, loss_cls: 0.3195, loss: 0.3195
2026-08-17 03:25:27,963 - pyskl - INFO - Epoch [7][2400/6265]	lr: 1.640e-02, eta: 1 day, 22:30:17, time: 2.795, data_time: 0.000, memory: 5243, top1_acc: 0.9156, top5_acc: 0.9897, loss_cls: 0.2881, loss: 0.2881
2026-08-17 03:30:07,143 - pyskl - INFO - Epoch [7][2500/6265]	lr: 1.637e-02, eta: 1 day, 22:25:42, time: 2.792, data_time: 0.000, memory: 5243, top1_acc: 0.9022, top5_acc: 0.9897, loss_cls: 0.3199, loss: 0.3199
2026-08-17 03:34:45,976 - pyskl - INFO - Epoch [7][2600/6265]	lr: 1.633e-02, eta: 1 day, 22:21:05, time: 2.788, data_time: 0.000, memory: 5243, top1_acc: 0.9062, top5_acc: 0.9906, loss_cls: 0.3025, loss: 0.3025
2026-08-17 03:39:24,493 - pyskl - INFO - Epoch [7][2700/6265]	lr: 1.629e-02, eta: 1 day, 22:16:28, time: 2.785, data_time: 0.000, memory: 5243, top1_acc: 0.9169, top5_acc: 0.9869, loss_cls: 0.2875, loss: 0.2875
2026-08-17 03:44:03,055 - pyskl - INFO - Epoch [7][2800/6265]	lr: 1.625e-02, eta: 1 day, 22:11:51, time: 2.786, data_time: 0.000, memory: 5243, top1_acc: 0.9100, top5_acc: 0.9953, loss_cls: 0.2858, loss: 0.2858
2026-08-17 03:48:41,707 - pyskl - INFO - Epoch [7][2900/6265]	lr: 1.622e-02, eta: 1 day, 22:07:15, time: 2.787, data_time: 0.000, memory: 5243, top1_acc: 0.8994, top5_acc: 0.9872, loss_cls: 0.3308, loss: 0.3308
2026-08-17 03:53:20,900 - pyskl - INFO - Epoch [7][3000/6265]	lr: 1.618e-02, eta: 1 day, 22:02:39, time: 2.792, data_time: 0.000, memory: 5243, top1_acc: 0.9084, top5_acc: 0.9906, loss_cls: 0.2998, loss: 0.2998
2026-08-17 03:57:59,597 - pyskl - INFO - Epoch [7][3100/6265]	lr: 1.614e-02, eta: 1 day, 21:58:02, time: 2.787, data_time: 0.000, memory: 5243, top1_acc: 0.9000, top5_acc: 0.9894, loss_cls: 0.3191, loss: 0.3191
2026-08-17 04:02:39,441 - pyskl - INFO - Epoch [7][3200/6265]	lr: 1.610e-02, eta: 1 day, 21:53:27, time: 2.798, data_time: 0.000, memory: 5243, top1_acc: 0.9097, top5_acc: 0.9900, loss_cls: 0.3003, loss: 0.3003
2026-08-17 04:07:20,302 - pyskl - INFO - Epoch [7][3300/6265]	lr: 1.607e-02, eta: 1 day, 21:48:53, time: 2.809, data_time: 0.000, memory: 5243, top1_acc: 0.9103, top5_acc: 0.9866, loss_cls: 0.2974, loss: 0.2974
2026-08-17 04:11:59,359 - pyskl - INFO - Epoch [7][3400/6265]	lr: 1.603e-02, eta: 1 day, 21:44:17, time: 2.791, data_time: 0.000, memory: 5243, top1_acc: 0.9125, top5_acc: 0.9912, loss_cls: 0.2879, loss: 0.2879
2026-08-17 04:16:37,794 - pyskl - INFO - Epoch [7][3500/6265]	lr: 1.599e-02, eta: 1 day, 21:39:40, time: 2.784, data_time: 0.000, memory: 5243, top1_acc: 0.9128, top5_acc: 0.9922, loss_cls: 0.2657, loss: 0.2657
2026-08-17 04:21:16,618 - pyskl - INFO - Epoch [7][3600/6265]	lr: 1.595e-02, eta: 1 day, 21:35:03, time: 2.788, data_time: 0.000, memory: 5243, top1_acc: 0.9147, top5_acc: 0.9925, loss_cls: 0.2787, loss: 0.2787
2026-08-17 04:25:55,503 - pyskl - INFO - Epoch [7][3700/6265]	lr: 1.592e-02, eta: 1 day, 21:30:27, time: 2.789, data_time: 0.000, memory: 5243, top1_acc: 0.9147, top5_acc: 0.9928, loss_cls: 0.2801, loss: 0.2801
2026-08-17 04:30:34,910 - pyskl - INFO - Epoch [7][3800/6265]	lr: 1.588e-02, eta: 1 day, 21:25:51, time: 2.794, data_time: 0.000, memory: 5243, top1_acc: 0.9144, top5_acc: 0.9919, loss_cls: 0.2657, loss: 0.2657
2026-08-17 04:35:13,524 - pyskl - INFO - Epoch [7][3900/6265]	lr: 1.584e-02, eta: 1 day, 21:21:14, time: 2.786, data_time: 0.000, memory: 5243, top1_acc: 0.9256, top5_acc: 0.9916, loss_cls: 0.2642, loss: 0.2642
2026-08-17 04:39:52,005 - pyskl - INFO - Epoch [7][4000/6265]	lr: 1.580e-02, eta: 1 day, 21:16:37, time: 2.785, data_time: 0.000, memory: 5243, top1_acc: 0.9153, top5_acc: 0.9919, loss_cls: 0.2860, loss: 0.2860
2026-08-17 04:44:30,389 - pyskl - INFO - Epoch [7][4100/6265]	lr: 1.576e-02, eta: 1 day, 21:12:00, time: 2.784, data_time: 0.000, memory: 5243, top1_acc: 0.9091, top5_acc: 0.9894, loss_cls: 0.2821, loss: 0.2821
2026-08-17 04:49:15,170 - pyskl - INFO - Epoch [7][4200/6265]	lr: 1.573e-02, eta: 1 day, 21:07:31, time: 2.848, data_time: 0.000, memory: 5243, top1_acc: 0.9141, top5_acc: 0.9875, loss_cls: 0.2858, loss: 0.2858
2026-08-17 04:54:00,751 - pyskl - INFO - Epoch [7][4300/6265]	lr: 1.569e-02, eta: 1 day, 21:03:04, time: 2.856, data_time: 0.000, memory: 5243, top1_acc: 0.9131, top5_acc: 0.9903, loss_cls: 0.2803, loss: 0.2803
2026-08-17 04:58:39,521 - pyskl - INFO - Epoch [7][4400/6265]	lr: 1.565e-02, eta: 1 day, 20:58:27, time: 2.788, data_time: 0.000, memory: 5243, top1_acc: 0.9097, top5_acc: 0.9931, loss_cls: 0.2788, loss: 0.2788
2026-08-17 05:03:18,704 - pyskl - INFO - Epoch [7][4500/6265]	lr: 1.561e-02, eta: 1 day, 20:53:51, time: 2.792, data_time: 0.000, memory: 5243, top1_acc: 0.9175, top5_acc: 0.9906, loss_cls: 0.2733, loss: 0.2733
2026-08-17 05:07:57,481 - pyskl - INFO - Epoch [7][4600/6265]	lr: 1.558e-02, eta: 1 day, 20:49:14, time: 2.788, data_time: 0.000, memory: 5243, top1_acc: 0.9106, top5_acc: 0.9881, loss_cls: 0.2939, loss: 0.2939
2026-08-17 05:12:36,030 - pyskl - INFO - Epoch [7][4700/6265]	lr: 1.554e-02, eta: 1 day, 20:44:37, time: 2.785, data_time: 0.000, memory: 5243, top1_acc: 0.9128, top5_acc: 0.9894, loss_cls: 0.3004, loss: 0.3004
2026-08-17 05:17:14,704 - pyskl - INFO - Epoch [7][4800/6265]	lr: 1.550e-02, eta: 1 day, 20:40:00, time: 2.787, data_time: 0.000, memory: 5243, top1_acc: 0.9016, top5_acc: 0.9912, loss_cls: 0.3046, loss: 0.3046
2026-08-17 05:21:53,408 - pyskl - INFO - Epoch [7][4900/6265]	lr: 1.546e-02, eta: 1 day, 20:35:23, time: 2.787, data_time: 0.000, memory: 5243, top1_acc: 0.9306, top5_acc: 0.9944, loss_cls: 0.2343, loss: 0.2343
2026-08-17 05:26:32,194 - pyskl - INFO - Epoch [7][5000/6265]	lr: 1.542e-02, eta: 1 day, 20:30:46, time: 2.788, data_time: 0.000, memory: 5243, top1_acc: 0.9156, top5_acc: 0.9941, loss_cls: 0.2630, loss: 0.2630
2026-08-17 05:31:11,072 - pyskl - INFO - Epoch [7][5100/6265]	lr: 1.538e-02, eta: 1 day, 20:26:10, time: 2.789, data_time: 0.000, memory: 5243, top1_acc: 0.9103, top5_acc: 0.9903, loss_cls: 0.2918, loss: 0.2918
2026-08-17 05:35:49,539 - pyskl - INFO - Epoch [7][5200/6265]	lr: 1.535e-02, eta: 1 day, 20:21:32, time: 2.785, data_time: 0.000, memory: 5243, top1_acc: 0.9087, top5_acc: 0.9903, loss_cls: 0.3064, loss: 0.3064
2026-08-17 05:40:28,166 - pyskl - INFO - Epoch [7][5300/6265]	lr: 1.531e-02, eta: 1 day, 20:16:55, time: 2.786, data_time: 0.000, memory: 5243, top1_acc: 0.9206, top5_acc: 0.9922, loss_cls: 0.2563, loss: 0.2563
2026-08-17 05:45:06,700 - pyskl - INFO - Epoch [7][5400/6265]	lr: 1.527e-02, eta: 1 day, 20:12:18, time: 2.785, data_time: 0.000, memory: 5243, top1_acc: 0.9281, top5_acc: 0.9928, loss_cls: 0.2662, loss: 0.2662
2026-08-17 05:49:45,235 - pyskl - INFO - Epoch [7][5500/6265]	lr: 1.523e-02, eta: 1 day, 20:07:41, time: 2.785, data_time: 0.000, memory: 5243, top1_acc: 0.9266, top5_acc: 0.9941, loss_cls: 0.2540, loss: 0.2540
2026-08-17 05:54:23,756 - pyskl - INFO - Epoch [7][5600/6265]	lr: 1.519e-02, eta: 1 day, 20:03:04, time: 2.785, data_time: 0.000, memory: 5243, top1_acc: 0.9241, top5_acc: 0.9919, loss_cls: 0.2673, loss: 0.2673
2026-08-17 05:59:02,418 - pyskl - INFO - Epoch [7][5700/6265]	lr: 1.516e-02, eta: 1 day, 19:58:26, time: 2.787, data_time: 0.000, memory: 5243, top1_acc: 0.9103, top5_acc: 0.9881, loss_cls: 0.2950, loss: 0.2950
2026-08-17 06:03:41,093 - pyskl - INFO - Epoch [7][5800/6265]	lr: 1.512e-02, eta: 1 day, 19:53:49, time: 2.787, data_time: 0.000, memory: 5243, top1_acc: 0.9091, top5_acc: 0.9909, loss_cls: 0.2846, loss: 0.2846
2026-08-17 06:08:20,119 - pyskl - INFO - Epoch [7][5900/6265]	lr: 1.508e-02, eta: 1 day, 19:49:13, time: 2.790, data_time: 0.000, memory: 5243, top1_acc: 0.9150, top5_acc: 0.9884, loss_cls: 0.2897, loss: 0.2897
2026-08-17 06:12:58,371 - pyskl - INFO - Epoch [7][6000/6265]	lr: 1.504e-02, eta: 1 day, 19:44:35, time: 2.783, data_time: 0.000, memory: 5243, top1_acc: 0.9075, top5_acc: 0.9912, loss_cls: 0.2920, loss: 0.2920
2026-08-17 06:17:36,695 - pyskl - INFO - Epoch [7][6100/6265]	lr: 1.500e-02, eta: 1 day, 19:39:58, time: 2.783, data_time: 0.000, memory: 5243, top1_acc: 0.9175, top5_acc: 0.9928, loss_cls: 0.2593, loss: 0.2593
2026-08-17 06:22:15,030 - pyskl - INFO - Epoch [7][6200/6265]	lr: 1.496e-02, eta: 1 day, 19:35:20, time: 2.783, data_time: 0.000, memory: 5243, top1_acc: 0.9137, top5_acc: 0.9878, loss_cls: 0.2757, loss: 0.2757
2026-08-17 06:25:14,782 - pyskl - INFO - Saving checkpoint at 7 epochs
2026-08-17 06:45:53,589 - pyskl - INFO - Evaluating top_k_accuracy ...
2026-08-17 06:45:53,631 - pyskl - INFO - 
top1_acc	0.8233
top5_acc	0.9671
2026-08-17 06:45:53,633 - pyskl - INFO - The previous best checkpoint D:\YxjProject\pythonProject\pyskl\work_dirs\stgcn++\ntu60_xsub_3dkp\j_single_gpu_seed3407\best_top1_acc_epoch_6.pth was removed
2026-08-17 06:45:53,720 - pyskl - INFO - Now best checkpoint is saved as best_top1_acc_epoch_7.pth.
2026-08-17 06:45:53,721 - pyskl - INFO - Best top1_acc is 0.8233 at 7 epoch.
2026-08-17 06:45:53,722 - pyskl - INFO - Epoch(val) [7][516]	top1_acc: 0.8233, top5_acc: 0.9671
2026-08-17 06:50:40,558 - pyskl - INFO - Epoch [8][100/6265]	lr: 1.490e-02, eta: 1 day, 19:24:01, time: 2.868, data_time: 0.086, memory: 5243, top1_acc: 0.9109, top5_acc: 0.9912, loss_cls: 0.2853, loss: 0.2853
2026-08-17 06:55:18,952 - pyskl - INFO - Epoch [8][200/6265]	lr: 1.486e-02, eta: 1 day, 19:19:25, time: 2.784, data_time: 0.000, memory: 5243, top1_acc: 0.9287, top5_acc: 0.9925, loss_cls: 0.2288, loss: 0.2288
2026-08-17 06:59:57,781 - pyskl - INFO - Epoch [8][300/6265]	lr: 1.482e-02, eta: 1 day, 19:14:49, time: 2.788, data_time: 0.000, memory: 5243, top1_acc: 0.9216, top5_acc: 0.9875, loss_cls: 0.2616, loss: 0.2616
2026-08-17 07:04:36,303 - pyskl - INFO - Epoch [8][400/6265]	lr: 1.479e-02, eta: 1 day, 19:10:12, time: 2.785, data_time: 0.000, memory: 5243, top1_acc: 0.9237, top5_acc: 0.9944, loss_cls: 0.2458, loss: 0.2458
2026-08-17 07:09:14,859 - pyskl - INFO - Epoch [8][500/6265]	lr: 1.475e-02, eta: 1 day, 19:05:36, time: 2.786, data_time: 0.000, memory: 5243, top1_acc: 0.9216, top5_acc: 0.9916, loss_cls: 0.2610, loss: 0.2610
2026-08-17 07:13:53,316 - pyskl - INFO - Epoch [8][600/6265]	lr: 1.471e-02, eta: 1 day, 19:00:59, time: 2.785, data_time: 0.000, memory: 5243, top1_acc: 0.9256, top5_acc: 0.9931, loss_cls: 0.2492, loss: 0.2492
2026-08-17 07:18:31,501 - pyskl - INFO - Epoch [8][700/6265]	lr: 1.467e-02, eta: 1 day, 18:56:23, time: 2.782, data_time: 0.000, memory: 5243, top1_acc: 0.9294, top5_acc: 0.9931, loss_cls: 0.2405, loss: 0.2405
2026-08-17 07:23:10,419 - pyskl - INFO - Epoch [8][800/6265]	lr: 1.463e-02, eta: 1 day, 18:51:47, time: 2.789, data_time: 0.000, memory: 5243, top1_acc: 0.9294, top5_acc: 0.9912, loss_cls: 0.2415, loss: 0.2415
2026-08-17 07:27:49,036 - pyskl - INFO - Epoch [8][900/6265]	lr: 1.459e-02, eta: 1 day, 18:47:10, time: 2.786, data_time: 0.000, memory: 5243, top1_acc: 0.9081, top5_acc: 0.9900, loss_cls: 0.2968, loss: 0.2968
2026-08-17 07:32:26,980 - pyskl - INFO - Epoch [8][1000/6265]	lr: 1.455e-02, eta: 1 day, 18:42:33, time: 2.779, data_time: 0.000, memory: 5243, top1_acc: 0.9253, top5_acc: 0.9894, loss_cls: 0.2478, loss: 0.2478
2026-08-17 07:37:05,473 - pyskl - INFO - Epoch [8][1100/6265]	lr: 1.451e-02, eta: 1 day, 18:37:57, time: 2.785, data_time: 0.000, memory: 5243, top1_acc: 0.9153, top5_acc: 0.9922, loss_cls: 0.2700, loss: 0.2700
2026-08-17 07:41:44,000 - pyskl - INFO - Epoch [8][1200/6265]	lr: 1.448e-02, eta: 1 day, 18:33:20, time: 2.785, data_time: 0.000, memory: 5243, top1_acc: 0.9203, top5_acc: 0.9938, loss_cls: 0.2564, loss: 0.2564
2026-08-17 07:46:23,836 - pyskl - INFO - Epoch [8][1300/6265]	lr: 1.444e-02, eta: 1 day, 18:28:45, time: 2.798, data_time: 0.000, memory: 5243, top1_acc: 0.9137, top5_acc: 0.9938, loss_cls: 0.2746, loss: 0.2746
2026-08-17 07:51:12,875 - pyskl - INFO - Epoch [8][1400/6265]	lr: 1.440e-02, eta: 1 day, 18:24:21, time: 2.890, data_time: 0.000, memory: 5243, top1_acc: 0.9191, top5_acc: 0.9916, loss_cls: 0.2766, loss: 0.2766
2026-08-17 07:55:51,286 - pyskl - INFO - Epoch [8][1500/6265]	lr: 1.436e-02, eta: 1 day, 18:19:45, time: 2.784, data_time: 0.000, memory: 5243, top1_acc: 0.9213, top5_acc: 0.9916, loss_cls: 0.2628, loss: 0.2628
2026-08-17 08:00:29,623 - pyskl - INFO - Epoch [8][1600/6265]	lr: 1.432e-02, eta: 1 day, 18:15:08, time: 2.783, data_time: 0.000, memory: 5243, top1_acc: 0.9166, top5_acc: 0.9903, loss_cls: 0.2712, loss: 0.2712
2026-08-17 08:05:07,397 - pyskl - INFO - Epoch [8][1700/6265]	lr: 1.428e-02, eta: 1 day, 18:10:30, time: 2.778, data_time: 0.000, memory: 5243, top1_acc: 0.9187, top5_acc: 0.9906, loss_cls: 0.2687, loss: 0.2687
2026-08-17 08:09:45,475 - pyskl - INFO - Epoch [8][1800/6265]	lr: 1.424e-02, eta: 1 day, 18:05:53, time: 2.781, data_time: 0.000, memory: 5243, top1_acc: 0.9172, top5_acc: 0.9894, loss_cls: 0.2727, loss: 0.2727
2026-08-17 08:14:23,633 - pyskl - INFO - Epoch [8][1900/6265]	lr: 1.421e-02, eta: 1 day, 18:01:16, time: 2.782, data_time: 0.000, memory: 5243, top1_acc: 0.9147, top5_acc: 0.9919, loss_cls: 0.2774, loss: 0.2774
2026-08-17 08:19:01,488 - pyskl - INFO - Epoch [8][2000/6265]	lr: 1.417e-02, eta: 1 day, 17:56:39, time: 2.779, data_time: 0.000, memory: 5243, top1_acc: 0.9244, top5_acc: 0.9912, loss_cls: 0.2547, loss: 0.2547
2026-08-17 08:23:39,622 - pyskl - INFO - Epoch [8][2100/6265]	lr: 1.413e-02, eta: 1 day, 17:52:02, time: 2.781, data_time: 0.000, memory: 5243, top1_acc: 0.9316, top5_acc: 0.9894, loss_cls: 0.2543, loss: 0.2543
2026-08-17 08:28:17,318 - pyskl - INFO - Epoch [8][2200/6265]	lr: 1.409e-02, eta: 1 day, 17:47:24, time: 2.777, data_time: 0.000, memory: 5243, top1_acc: 0.9191, top5_acc: 0.9925, loss_cls: 0.2477, loss: 0.2477
2026-08-17 08:32:55,133 - pyskl - INFO - Epoch [8][2300/6265]	lr: 1.405e-02, eta: 1 day, 17:42:47, time: 2.778, data_time: 0.000, memory: 5243, top1_acc: 0.9197, top5_acc: 0.9878, loss_cls: 0.2670, loss: 0.2670
2026-08-17 08:37:32,885 - pyskl - INFO - Epoch [8][2400/6265]	lr: 1.401e-02, eta: 1 day, 17:38:09, time: 2.778, data_time: 0.000, memory: 5243, top1_acc: 0.9109, top5_acc: 0.9916, loss_cls: 0.2788, loss: 0.2788
2026-08-17 08:42:10,775 - pyskl - INFO - Epoch [8][2500/6265]	lr: 1.397e-02, eta: 1 day, 17:33:32, time: 2.779, data_time: 0.000, memory: 5243, top1_acc: 0.9272, top5_acc: 0.9959, loss_cls: 0.2419, loss: 0.2419
2026-08-17 08:46:48,786 - pyskl - INFO - Epoch [8][2600/6265]	lr: 1.393e-02, eta: 1 day, 17:28:55, time: 2.780, data_time: 0.000, memory: 5243, top1_acc: 0.9175, top5_acc: 0.9947, loss_cls: 0.2589, loss: 0.2589
2026-08-17 08:51:26,747 - pyskl - INFO - Epoch [8][2700/6265]	lr: 1.389e-02, eta: 1 day, 17:24:17, time: 2.780, data_time: 0.000, memory: 5243, top1_acc: 0.9184, top5_acc: 0.9912, loss_cls: 0.2731, loss: 0.2731
2026-08-17 08:56:04,997 - pyskl - INFO - Epoch [8][2800/6265]	lr: 1.386e-02, eta: 1 day, 17:19:40, time: 2.783, data_time: 0.000, memory: 5243, top1_acc: 0.9184, top5_acc: 0.9931, loss_cls: 0.2558, loss: 0.2558
2026-08-17 09:00:43,529 - pyskl - INFO - Epoch [8][2900/6265]	lr: 1.382e-02, eta: 1 day, 17:15:04, time: 2.785, data_time: 0.000, memory: 5243, top1_acc: 0.9250, top5_acc: 0.9925, loss_cls: 0.2503, loss: 0.2503
2026-08-17 09:05:21,892 - pyskl - INFO - Epoch [8][3000/6265]	lr: 1.378e-02, eta: 1 day, 17:10:27, time: 2.784, data_time: 0.000, memory: 5243, top1_acc: 0.9128, top5_acc: 0.9919, loss_cls: 0.2846, loss: 0.2846
2026-08-17 09:10:00,568 - pyskl - INFO - Epoch [8][3100/6265]	lr: 1.374e-02, eta: 1 day, 17:05:50, time: 2.787, data_time: 0.000, memory: 5243, top1_acc: 0.9166, top5_acc: 0.9922, loss_cls: 0.2583, loss: 0.2583
2026-08-17 09:14:39,533 - pyskl - INFO - Epoch [8][3200/6265]	lr: 1.370e-02, eta: 1 day, 17:01:14, time: 2.790, data_time: 0.000, memory: 5243, top1_acc: 0.9300, top5_acc: 0.9922, loss_cls: 0.2404, loss: 0.2404
2026-08-17 09:19:23,316 - pyskl - INFO - Epoch [8][3300/6265]	lr: 1.366e-02, eta: 1 day, 16:56:43, time: 2.838, data_time: 0.000, memory: 5243, top1_acc: 0.9278, top5_acc: 0.9947, loss_cls: 0.2424, loss: 0.2424
2026-08-17 09:24:03,221 - pyskl - INFO - Epoch [8][3400/6265]	lr: 1.362e-02, eta: 1 day, 16:52:08, time: 2.799, data_time: 0.000, memory: 5243, top1_acc: 0.9281, top5_acc: 0.9906, loss_cls: 0.2501, loss: 0.2501
2026-08-17 09:28:42,647 - pyskl - INFO - Epoch [8][3500/6265]	lr: 1.358e-02, eta: 1 day, 16:47:32, time: 2.794, data_time: 0.000, memory: 5243, top1_acc: 0.9306, top5_acc: 0.9919, loss_cls: 0.2334, loss: 0.2334
2026-08-17 09:33:21,512 - pyskl - INFO - Epoch [8][3600/6265]	lr: 1.354e-02, eta: 1 day, 16:42:56, time: 2.789, data_time: 0.000, memory: 5243, top1_acc: 0.9194, top5_acc: 0.9922, loss_cls: 0.2428, loss: 0.2428
2026-08-17 09:37:59,488 - pyskl - INFO - Epoch [8][3700/6265]	lr: 1.350e-02, eta: 1 day, 16:38:19, time: 2.780, data_time: 0.000, memory: 5243, top1_acc: 0.9287, top5_acc: 0.9928, loss_cls: 0.2273, loss: 0.2273
2026-08-17 09:42:37,645 - pyskl - INFO - Epoch [8][3800/6265]	lr: 1.347e-02, eta: 1 day, 16:33:42, time: 2.782, data_time: 0.000, memory: 5243, top1_acc: 0.9213, top5_acc: 0.9925, loss_cls: 0.2500, loss: 0.2500
2026-08-17 09:47:15,745 - pyskl - INFO - Epoch [8][3900/6265]	lr: 1.343e-02, eta: 1 day, 16:29:04, time: 2.781, data_time: 0.000, memory: 5243, top1_acc: 0.9291, top5_acc: 0.9941, loss_cls: 0.2362, loss: 0.2362
2026-08-17 09:51:53,586 - pyskl - INFO - Epoch [8][4000/6265]	lr: 1.339e-02, eta: 1 day, 16:24:27, time: 2.778, data_time: 0.000, memory: 5243, top1_acc: 0.9078, top5_acc: 0.9922, loss_cls: 0.2910, loss: 0.2910
2026-08-17 09:56:31,709 - pyskl - INFO - Epoch [8][4100/6265]	lr: 1.335e-02, eta: 1 day, 16:19:50, time: 2.781, data_time: 0.000, memory: 5243, top1_acc: 0.9303, top5_acc: 0.9944, loss_cls: 0.2354, loss: 0.2354
2026-08-17 10:01:09,629 - pyskl - INFO - Epoch [8][4200/6265]	lr: 1.331e-02, eta: 1 day, 16:15:12, time: 2.779, data_time: 0.000, memory: 5243, top1_acc: 0.9269, top5_acc: 0.9922, loss_cls: 0.2448, loss: 0.2448
2026-08-17 10:05:47,244 - pyskl - INFO - Epoch [8][4300/6265]	lr: 1.327e-02, eta: 1 day, 16:10:34, time: 2.776, data_time: 0.000, memory: 5243, top1_acc: 0.9275, top5_acc: 0.9906, loss_cls: 0.2451, loss: 0.2451
2026-08-17 10:10:25,444 - pyskl - INFO - Epoch [8][4400/6265]	lr: 1.323e-02, eta: 1 day, 16:05:57, time: 2.782, data_time: 0.000, memory: 5243, top1_acc: 0.9228, top5_acc: 0.9934, loss_cls: 0.2445, loss: 0.2445
2026-08-17 10:15:03,980 - pyskl - INFO - Epoch [8][4500/6265]	lr: 1.319e-02, eta: 1 day, 16:01:20, time: 2.785, data_time: 0.000, memory: 5243, top1_acc: 0.9200, top5_acc: 0.9894, loss_cls: 0.2734, loss: 0.2734
2026-08-17 10:19:42,513 - pyskl - INFO - Epoch [8][4600/6265]	lr: 1.315e-02, eta: 1 day, 15:56:44, time: 2.785, data_time: 0.000, memory: 5243, top1_acc: 0.9297, top5_acc: 0.9941, loss_cls: 0.2293, loss: 0.2293
2026-08-17 10:24:20,985 - pyskl - INFO - Epoch [8][4700/6265]	lr: 1.311e-02, eta: 1 day, 15:52:07, time: 2.785, data_time: 0.000, memory: 5243, top1_acc: 0.9303, top5_acc: 0.9944, loss_cls: 0.2271, loss: 0.2271
2026-08-17 10:28:59,542 - pyskl - INFO - Epoch [8][4800/6265]	lr: 1.307e-02, eta: 1 day, 15:47:30, time: 2.786, data_time: 0.000, memory: 5243, top1_acc: 0.9187, top5_acc: 0.9953, loss_cls: 0.2459, loss: 0.2459
2026-08-17 10:33:37,740 - pyskl - INFO - Epoch [8][4900/6265]	lr: 1.303e-02, eta: 1 day, 15:42:53, time: 2.782, data_time: 0.000, memory: 5243, top1_acc: 0.9297, top5_acc: 0.9938, loss_cls: 0.2269, loss: 0.2269
2026-08-17 10:38:15,891 - pyskl - INFO - Epoch [8][5000/6265]	lr: 1.300e-02, eta: 1 day, 15:38:16, time: 2.781, data_time: 0.000, memory: 5243, top1_acc: 0.9213, top5_acc: 0.9928, loss_cls: 0.2470, loss: 0.2470
2026-08-17 10:42:54,325 - pyskl - INFO - Epoch [8][5100/6265]	lr: 1.296e-02, eta: 1 day, 15:33:39, time: 2.784, data_time: 0.000, memory: 5243, top1_acc: 0.9366, top5_acc: 0.9975, loss_cls: 0.2015, loss: 0.2015
2026-08-17 10:47:32,563 - pyskl - INFO - Epoch [8][5200/6265]	lr: 1.292e-02, eta: 1 day, 15:29:02, time: 2.782, data_time: 0.000, memory: 5243, top1_acc: 0.9269, top5_acc: 0.9919, loss_cls: 0.2392, loss: 0.2392
2026-08-17 10:52:16,247 - pyskl - INFO - Epoch [8][5300/6265]	lr: 1.288e-02, eta: 1 day, 15:24:30, time: 2.837, data_time: 0.000, memory: 5243, top1_acc: 0.9306, top5_acc: 0.9931, loss_cls: 0.2349, loss: 0.2349
2026-08-17 10:56:54,515 - pyskl - INFO - Epoch [8][5400/6265]	lr: 1.284e-02, eta: 1 day, 15:19:53, time: 2.783, data_time: 0.000, memory: 5243, top1_acc: 0.9363, top5_acc: 0.9950, loss_cls: 0.2195, loss: 0.2195
2026-08-17 11:01:33,361 - pyskl - INFO - Epoch [8][5500/6265]	lr: 1.280e-02, eta: 1 day, 15:15:16, time: 2.788, data_time: 0.000, memory: 5243, top1_acc: 0.9253, top5_acc: 0.9916, loss_cls: 0.2566, loss: 0.2566
2026-08-17 11:06:12,109 - pyskl - INFO - Epoch [8][5600/6265]	lr: 1.276e-02, eta: 1 day, 15:10:40, time: 2.787, data_time: 0.000, memory: 5243, top1_acc: 0.9394, top5_acc: 0.9950, loss_cls: 0.2207, loss: 0.2207
2026-08-17 11:10:50,780 - pyskl - INFO - Epoch [8][5700/6265]	lr: 1.272e-02, eta: 1 day, 15:06:03, time: 2.787, data_time: 0.000, memory: 5243, top1_acc: 0.9294, top5_acc: 0.9938, loss_cls: 0.2375, loss: 0.2375
2026-08-17 11:15:29,787 - pyskl - INFO - Epoch [8][5800/6265]	lr: 1.268e-02, eta: 1 day, 15:01:27, time: 2.790, data_time: 0.000, memory: 5243, top1_acc: 0.9263, top5_acc: 0.9931, loss_cls: 0.2457, loss: 0.2457
2026-08-17 11:20:08,644 - pyskl - INFO - Epoch [8][5900/6265]	lr: 1.264e-02, eta: 1 day, 14:56:50, time: 2.789, data_time: 0.000, memory: 5243, top1_acc: 0.9325, top5_acc: 0.9941, loss_cls: 0.2210, loss: 0.2210
2026-08-17 11:24:47,690 - pyskl - INFO - Epoch [8][6000/6265]	lr: 1.260e-02, eta: 1 day, 14:52:14, time: 2.790, data_time: 0.000, memory: 5243, top1_acc: 0.9378, top5_acc: 0.9950, loss_cls: 0.2063, loss: 0.2063
2026-08-17 11:29:27,163 - pyskl - INFO - Epoch [8][6100/6265]	lr: 1.257e-02, eta: 1 day, 14:47:38, time: 2.795, data_time: 0.000, memory: 5243, top1_acc: 0.9372, top5_acc: 0.9944, loss_cls: 0.2056, loss: 0.2056
2026-08-17 11:34:06,050 - pyskl - INFO - Epoch [8][6200/6265]	lr: 1.253e-02, eta: 1 day, 14:43:01, time: 2.789, data_time: 0.000, memory: 5243, top1_acc: 0.9337, top5_acc: 0.9956, loss_cls: 0.2105, loss: 0.2105
2026-08-17 11:37:05,395 - pyskl - INFO - Saving checkpoint at 8 epochs
2026-08-17 11:57:41,323 - pyskl - INFO - Evaluating top_k_accuracy ...
2026-08-17 11:57:41,366 - pyskl - INFO - 
top1_acc	0.8313
top5_acc	0.9707
2026-08-17 11:57:41,368 - pyskl - INFO - The previous best checkpoint D:\YxjProject\pythonProject\pyskl\work_dirs\stgcn++\ntu60_xsub_3dkp\j_single_gpu_seed3407\best_top1_acc_epoch_7.pth was removed
2026-08-17 11:57:41,455 - pyskl - INFO - Now best checkpoint is saved as best_top1_acc_epoch_8.pth.
2026-08-17 11:57:41,456 - pyskl - INFO - Best top1_acc is 0.8313 at 8 epoch.
2026-08-17 11:57:41,457 - pyskl - INFO - Epoch(val) [8][516]	top1_acc: 0.8313, top5_acc: 0.9707
2026-08-17 12:02:47,729 - pyskl - INFO - Epoch [9][100/6265]	lr: 1.246e-02, eta: 1 day, 14:32:51, time: 3.063, data_time: 0.169, memory: 5243, top1_acc: 0.9256, top5_acc: 0.9944, loss_cls: 0.2373, loss: 0.2373
2026-08-17 12:07:37,095 - pyskl - INFO - Epoch [9][200/6265]	lr: 1.242e-02, eta: 1 day, 14:28:26, time: 2.894, data_time: 0.000, memory: 5243, top1_acc: 0.9356, top5_acc: 0.9944, loss_cls: 0.2208, loss: 0.2208
2026-08-17 12:12:26,397 - pyskl - INFO - Epoch [9][300/6265]	lr: 1.238e-02, eta: 1 day, 14:24:00, time: 2.893, data_time: 0.000, memory: 5243, top1_acc: 0.9434, top5_acc: 0.9947, loss_cls: 0.1950, loss: 0.1950
2026-08-17 12:17:15,804 - pyskl - INFO - Epoch [9][400/6265]	lr: 1.234e-02, eta: 1 day, 14:19:34, time: 2.894, data_time: 0.000, memory: 5243, top1_acc: 0.9400, top5_acc: 0.9944, loss_cls: 0.2074, loss: 0.2074
2026-08-17 12:22:05,005 - pyskl - INFO - Epoch [9][500/6265]	lr: 1.230e-02, eta: 1 day, 14:15:08, time: 2.892, data_time: 0.000, memory: 5243, top1_acc: 0.9425, top5_acc: 0.9950, loss_cls: 0.2016, loss: 0.2016
2026-08-17 12:26:54,102 - pyskl - INFO - Epoch [9][600/6265]	lr: 1.227e-02, eta: 1 day, 14:10:42, time: 2.891, data_time: 0.000, memory: 5243, top1_acc: 0.9403, top5_acc: 0.9944, loss_cls: 0.2035, loss: 0.2035
2026-08-17 12:31:43,543 - pyskl - INFO - Epoch [9][700/6265]	lr: 1.223e-02, eta: 1 day, 14:06:16, time: 2.894, data_time: 0.000, memory: 5243, top1_acc: 0.9322, top5_acc: 0.9938, loss_cls: 0.2305, loss: 0.2305
2026-08-17 12:36:32,649 - pyskl - INFO - Epoch [9][800/6265]	lr: 1.219e-02, eta: 1 day, 14:01:50, time: 2.891, data_time: 0.000, memory: 5243, top1_acc: 0.9250, top5_acc: 0.9934, loss_cls: 0.2396, loss: 0.2396
2026-08-17 12:41:22,056 - pyskl - INFO - Epoch [9][900/6265]	lr: 1.215e-02, eta: 1 day, 13:57:23, time: 2.894, data_time: 0.000, memory: 5243, top1_acc: 0.9391, top5_acc: 0.9959, loss_cls: 0.2076, loss: 0.2076
2026-08-17 12:46:11,739 - pyskl - INFO - Epoch [9][1000/6265]	lr: 1.211e-02, eta: 1 day, 13:52:57, time: 2.897, data_time: 0.000, memory: 5243, top1_acc: 0.9291, top5_acc: 0.9944, loss_cls: 0.2298, loss: 0.2298
2026-08-17 12:51:00,585 - pyskl - INFO - Epoch [9][1100/6265]	lr: 1.207e-02, eta: 1 day, 13:48:30, time: 2.888, data_time: 0.000, memory: 5243, top1_acc: 0.9350, top5_acc: 0.9956, loss_cls: 0.2144, loss: 0.2144
2026-08-17 12:55:49,418 - pyskl - INFO - Epoch [9][1200/6265]	lr: 1.203e-02, eta: 1 day, 13:44:03, time: 2.888, data_time: 0.000, memory: 5243, top1_acc: 0.9391, top5_acc: 0.9944, loss_cls: 0.1971, loss: 0.1971
2026-08-17 13:00:39,461 - pyskl - INFO - Epoch [9][1300/6265]	lr: 1.199e-02, eta: 1 day, 13:39:37, time: 2.900, data_time: 0.000, memory: 5243, top1_acc: 0.9394, top5_acc: 0.9947, loss_cls: 0.2104, loss: 0.2104
2026-08-17 13:05:28,402 - pyskl - INFO - Epoch [9][1400/6265]	lr: 1.195e-02, eta: 1 day, 13:35:10, time: 2.889, data_time: 0.000, memory: 5243, top1_acc: 0.9334, top5_acc: 0.9941, loss_cls: 0.2261, loss: 0.2261
2026-08-17 13:10:17,382 - pyskl - INFO - Epoch [9][1500/6265]	lr: 1.191e-02, eta: 1 day, 13:30:43, time: 2.890, data_time: 0.000, memory: 5243, top1_acc: 0.9381, top5_acc: 0.9947, loss_cls: 0.2072, loss: 0.2072
2026-08-17 13:15:06,410 - pyskl - INFO - Epoch [9][1600/6265]	lr: 1.187e-02, eta: 1 day, 13:26:16, time: 2.890, data_time: 0.000, memory: 5243, top1_acc: 0.9356, top5_acc: 0.9956, loss_cls: 0.1960, loss: 0.1960
2026-08-17 13:19:55,817 - pyskl - INFO - Epoch [9][1700/6265]	lr: 1.183e-02, eta: 1 day, 13:21:49, time: 2.894, data_time: 0.000, memory: 5243, top1_acc: 0.9378, top5_acc: 0.9931, loss_cls: 0.2006, loss: 0.2006
2026-08-17 13:24:45,330 - pyskl - INFO - Epoch [9][1800/6265]	lr: 1.180e-02, eta: 1 day, 13:17:22, time: 2.895, data_time: 0.000, memory: 5243, top1_acc: 0.9428, top5_acc: 0.9928, loss_cls: 0.2080, loss: 0.2080
2026-08-17 13:29:34,520 - pyskl - INFO - Epoch [9][1900/6265]	lr: 1.176e-02, eta: 1 day, 13:12:55, time: 2.892, data_time: 0.000, memory: 5243, top1_acc: 0.9403, top5_acc: 0.9947, loss_cls: 0.2025, loss: 0.2025
2026-08-17 13:34:23,574 - pyskl - INFO - Epoch [9][2000/6265]	lr: 1.172e-02, eta: 1 day, 13:08:27, time: 2.891, data_time: 0.000, memory: 5243, top1_acc: 0.9297, top5_acc: 0.9956, loss_cls: 0.2225, loss: 0.2225
2026-08-17 13:39:11,632 - pyskl - INFO - Epoch [9][2100/6265]	lr: 1.168e-02, eta: 1 day, 13:03:59, time: 2.881, data_time: 0.000, memory: 5243, top1_acc: 0.9341, top5_acc: 0.9959, loss_cls: 0.2167, loss: 0.2167
2026-08-17 13:44:00,212 - pyskl - INFO - Epoch [9][2200/6265]	lr: 1.164e-02, eta: 1 day, 12:59:31, time: 2.886, data_time: 0.000, memory: 5243, top1_acc: 0.9381, top5_acc: 0.9962, loss_cls: 0.2123, loss: 0.2123
2026-08-17 13:48:52,943 - pyskl - INFO - Epoch [9][2300/6265]	lr: 1.160e-02, eta: 1 day, 12:55:07, time: 2.927, data_time: 0.000, memory: 5243, top1_acc: 0.9400, top5_acc: 0.9962, loss_cls: 0.1981, loss: 0.1981
2026-08-17 13:53:43,046 - pyskl - INFO - Epoch [9][2400/6265]	lr: 1.156e-02, eta: 1 day, 12:50:40, time: 2.901, data_time: 0.000, memory: 5243, top1_acc: 0.9284, top5_acc: 0.9947, loss_cls: 0.2318, loss: 0.2318
2026-08-17 13:58:31,755 - pyskl - INFO - Epoch [9][2500/6265]	lr: 1.152e-02, eta: 1 day, 12:46:11, time: 2.887, data_time: 0.000, memory: 5243, top1_acc: 0.9378, top5_acc: 0.9944, loss_cls: 0.2051, loss: 0.2051
2026-08-17 14:03:20,683 - pyskl - INFO - Epoch [9][2600/6265]	lr: 1.148e-02, eta: 1 day, 12:41:43, time: 2.889, data_time: 0.000, memory: 5243, top1_acc: 0.9369, top5_acc: 0.9934, loss_cls: 0.2119, loss: 0.2119
2026-08-17 14:08:09,884 - pyskl - INFO - Epoch [9][2700/6265]	lr: 1.144e-02, eta: 1 day, 12:37:15, time: 2.892, data_time: 0.000, memory: 5243, top1_acc: 0.9306, top5_acc: 0.9947, loss_cls: 0.2276, loss: 0.2276
2026-08-17 14:12:58,827 - pyskl - INFO - Epoch [9][2800/6265]	lr: 1.140e-02, eta: 1 day, 12:32:47, time: 2.889, data_time: 0.000, memory: 5243, top1_acc: 0.9403, top5_acc: 0.9953, loss_cls: 0.2048, loss: 0.2048
2026-08-17 14:17:48,058 - pyskl - INFO - Epoch [9][2900/6265]	lr: 1.137e-02, eta: 1 day, 12:28:19, time: 2.892, data_time: 0.000, memory: 5243, top1_acc: 0.9291, top5_acc: 0.9969, loss_cls: 0.2221, loss: 0.2221
2026-08-17 14:22:36,841 - pyskl - INFO - Epoch [9][3000/6265]	lr: 1.133e-02, eta: 1 day, 12:23:51, time: 2.888, data_time: 0.000, memory: 5243, top1_acc: 0.9372, top5_acc: 0.9941, loss_cls: 0.2017, loss: 0.2017
2026-08-17 14:27:26,306 - pyskl - INFO - Epoch [9][3100/6265]	lr: 1.129e-02, eta: 1 day, 12:19:23, time: 2.895, data_time: 0.000, memory: 5243, top1_acc: 0.9341, top5_acc: 0.9938, loss_cls: 0.2239, loss: 0.2239
2026-08-17 14:32:15,280 - pyskl - INFO - Epoch [9][3200/6265]	lr: 1.125e-02, eta: 1 day, 12:14:54, time: 2.890, data_time: 0.000, memory: 5243, top1_acc: 0.9394, top5_acc: 0.9944, loss_cls: 0.1957, loss: 0.1957
2026-08-17 14:37:04,451 - pyskl - INFO - Epoch [9][3300/6265]	lr: 1.121e-02, eta: 1 day, 12:10:26, time: 2.892, data_time: 0.000, memory: 5243, top1_acc: 0.9456, top5_acc: 0.9966, loss_cls: 0.1867, loss: 0.1867
2026-08-17 14:41:53,916 - pyskl - INFO - Epoch [9][3400/6265]	lr: 1.117e-02, eta: 1 day, 12:05:57, time: 2.895, data_time: 0.000, memory: 5243, top1_acc: 0.9400, top5_acc: 0.9962, loss_cls: 0.2018, loss: 0.2018
2026-08-17 14:46:42,946 - pyskl - INFO - Epoch [9][3500/6265]	lr: 1.113e-02, eta: 1 day, 12:01:29, time: 2.890, data_time: 0.000, memory: 5243, top1_acc: 0.9450, top5_acc: 0.9950, loss_cls: 0.1960, loss: 0.1960
2026-08-17 14:51:32,139 - pyskl - INFO - Epoch [9][3600/6265]	lr: 1.109e-02, eta: 1 day, 11:57:00, time: 2.892, data_time: 0.000, memory: 5243, top1_acc: 0.9422, top5_acc: 0.9956, loss_cls: 0.1992, loss: 0.1992
2026-08-17 14:56:20,575 - pyskl - INFO - Epoch [9][3700/6265]	lr: 1.105e-02, eta: 1 day, 11:52:31, time: 2.884, data_time: 0.000, memory: 5243, top1_acc: 0.9356, top5_acc: 0.9922, loss_cls: 0.2209, loss: 0.2209
2026-08-17 15:01:10,340 - pyskl - INFO - Epoch [9][3800/6265]	lr: 1.102e-02, eta: 1 day, 11:48:02, time: 2.898, data_time: 0.000, memory: 5243, top1_acc: 0.9475, top5_acc: 0.9972, loss_cls: 0.1817, loss: 0.1817
2026-08-17 15:05:59,554 - pyskl - INFO - Epoch [9][3900/6265]	lr: 1.098e-02, eta: 1 day, 11:43:33, time: 2.892, data_time: 0.000, memory: 5243, top1_acc: 0.9434, top5_acc: 0.9928, loss_cls: 0.2049, loss: 0.2049
2026-08-17 15:10:48,703 - pyskl - INFO - Epoch [9][4000/6265]	lr: 1.094e-02, eta: 1 day, 11:39:04, time: 2.891, data_time: 0.000, memory: 5243, top1_acc: 0.9484, top5_acc: 0.9962, loss_cls: 0.1692, loss: 0.1692
2026-08-17 15:15:38,117 - pyskl - INFO - Epoch [9][4100/6265]	lr: 1.090e-02, eta: 1 day, 11:34:36, time: 2.894, data_time: 0.000, memory: 5243, top1_acc: 0.9428, top5_acc: 0.9959, loss_cls: 0.1930, loss: 0.1930
2026-08-17 15:20:27,596 - pyskl - INFO - Epoch [9][4200/6265]	lr: 1.086e-02, eta: 1 day, 11:30:07, time: 2.895, data_time: 0.000, memory: 5243, top1_acc: 0.9416, top5_acc: 0.9956, loss_cls: 0.1872, loss: 0.1872
2026-08-17 15:25:17,203 - pyskl - INFO - Epoch [9][4300/6265]	lr: 1.082e-02, eta: 1 day, 11:25:38, time: 2.896, data_time: 0.000, memory: 5243, top1_acc: 0.9359, top5_acc: 0.9947, loss_cls: 0.2197, loss: 0.2197
2026-08-17 15:30:06,596 - pyskl - INFO - Epoch [9][4400/6265]	lr: 1.078e-02, eta: 1 day, 11:21:09, time: 2.894, data_time: 0.000, memory: 5243, top1_acc: 0.9459, top5_acc: 0.9938, loss_cls: 0.1839, loss: 0.1839
2026-08-17 15:34:55,658 - pyskl - INFO - Epoch [9][4500/6265]	lr: 1.074e-02, eta: 1 day, 11:16:39, time: 2.891, data_time: 0.000, memory: 5243, top1_acc: 0.9472, top5_acc: 0.9959, loss_cls: 0.1895, loss: 0.1895
2026-08-17 15:39:44,706 - pyskl - INFO - Epoch [9][4600/6265]	lr: 1.070e-02, eta: 1 day, 11:12:10, time: 2.890, data_time: 0.000, memory: 5243, top1_acc: 0.9347, top5_acc: 0.9956, loss_cls: 0.2136, loss: 0.2136
2026-08-17 15:44:34,089 - pyskl - INFO - Epoch [9][4700/6265]	lr: 1.067e-02, eta: 1 day, 11:07:41, time: 2.894, data_time: 0.000, memory: 5243, top1_acc: 0.9475, top5_acc: 0.9953, loss_cls: 0.1838, loss: 0.1838
2026-08-17 15:49:23,061 - pyskl - INFO - Epoch [9][4800/6265]	lr: 1.063e-02, eta: 1 day, 11:03:11, time: 2.890, data_time: 0.000, memory: 5243, top1_acc: 0.9400, top5_acc: 0.9938, loss_cls: 0.2048, loss: 0.2048
2026-08-17 15:54:11,953 - pyskl - INFO - Epoch [9][4900/6265]	lr: 1.059e-02, eta: 1 day, 10:58:41, time: 2.889, data_time: 0.000, memory: 5243, top1_acc: 0.9413, top5_acc: 0.9975, loss_cls: 0.1888, loss: 0.1888
2026-08-17 15:59:00,533 - pyskl - INFO - Epoch [9][5000/6265]	lr: 1.055e-02, eta: 1 day, 10:54:11, time: 2.886, data_time: 0.000, memory: 5243, top1_acc: 0.9447, top5_acc: 0.9950, loss_cls: 0.1929, loss: 0.1929
2026-08-17 16:03:49,256 - pyskl - INFO - Epoch [9][5100/6265]	lr: 1.051e-02, eta: 1 day, 10:49:41, time: 2.887, data_time: 0.000, memory: 5243, top1_acc: 0.9400, top5_acc: 0.9944, loss_cls: 0.1979, loss: 0.1979
2026-08-17 16:08:38,701 - pyskl - INFO - Epoch [9][5200/6265]	lr: 1.047e-02, eta: 1 day, 10:45:11, time: 2.894, data_time: 0.000, memory: 5243, top1_acc: 0.9363, top5_acc: 0.9925, loss_cls: 0.2164, loss: 0.2164
2026-08-17 16:13:28,049 - pyskl - INFO - Epoch [9][5300/6265]	lr: 1.043e-02, eta: 1 day, 10:40:41, time: 2.893, data_time: 0.000, memory: 5243, top1_acc: 0.9456, top5_acc: 0.9956, loss_cls: 0.1868, loss: 0.1868
2026-08-17 16:18:17,285 - pyskl - INFO - Epoch [9][5400/6265]	lr: 1.039e-02, eta: 1 day, 10:36:11, time: 2.892, data_time: 0.000, memory: 5243, top1_acc: 0.9447, top5_acc: 0.9950, loss_cls: 0.1883, loss: 0.1883
2026-08-17 16:23:06,270 - pyskl - INFO - Epoch [9][5500/6265]	lr: 1.036e-02, eta: 1 day, 10:31:41, time: 2.890, data_time: 0.000, memory: 5243, top1_acc: 0.9475, top5_acc: 0.9959, loss_cls: 0.1829, loss: 0.1829
2026-08-17 16:27:55,572 - pyskl - INFO - Epoch [9][5600/6265]	lr: 1.032e-02, eta: 1 day, 10:27:11, time: 2.893, data_time: 0.000, memory: 5243, top1_acc: 0.9413, top5_acc: 0.9956, loss_cls: 0.1984, loss: 0.1984
2026-08-17 16:32:47,431 - pyskl - INFO - Epoch [9][5700/6265]	lr: 1.028e-02, eta: 1 day, 10:22:43, time: 2.919, data_time: 0.000, memory: 5243, top1_acc: 0.9434, top5_acc: 0.9956, loss_cls: 0.1923, loss: 0.1923
2026-08-17 16:37:36,309 - pyskl - INFO - Epoch [9][5800/6265]	lr: 1.024e-02, eta: 1 day, 10:18:13, time: 2.889, data_time: 0.000, memory: 5243, top1_acc: 0.9397, top5_acc: 0.9956, loss_cls: 0.1977, loss: 0.1977
2026-08-17 16:42:25,208 - pyskl - INFO - Epoch [9][5900/6265]	lr: 1.020e-02, eta: 1 day, 10:13:42, time: 2.889, data_time: 0.000, memory: 5243, top1_acc: 0.9456, top5_acc: 0.9978, loss_cls: 0.1782, loss: 0.1782
2026-08-17 16:47:14,830 - pyskl - INFO - Epoch [9][6000/6265]	lr: 1.016e-02, eta: 1 day, 10:09:12, time: 2.896, data_time: 0.000, memory: 5243, top1_acc: 0.9387, top5_acc: 0.9922, loss_cls: 0.2065, loss: 0.2065
2026-08-17 16:52:06,696 - pyskl - INFO - Epoch [9][6100/6265]	lr: 1.013e-02, eta: 1 day, 10:04:44, time: 2.919, data_time: 0.000, memory: 5243, top1_acc: 0.9516, top5_acc: 0.9962, loss_cls: 0.1714, loss: 0.1714
2026-08-17 16:56:48,369 - pyskl - INFO - Epoch [9][6200/6265]	lr: 1.009e-02, eta: 1 day, 10:00:07, time: 2.817, data_time: 0.000, memory: 5243, top1_acc: 0.9475, top5_acc: 0.9959, loss_cls: 0.1833, loss: 0.1833
2026-08-17 16:59:49,121 - pyskl - INFO - Saving checkpoint at 9 epochs
2026-08-17 17:20:31,295 - pyskl - INFO - Evaluating top_k_accuracy ...
2026-08-17 17:20:31,337 - pyskl - INFO - 
top1_acc	0.8379
top5_acc	0.9697
2026-08-17 17:20:31,339 - pyskl - INFO - The previous best checkpoint D:\YxjProject\pythonProject\pyskl\work_dirs\stgcn++\ntu60_xsub_3dkp\j_single_gpu_seed3407\best_top1_acc_epoch_8.pth was removed
2026-08-17 17:20:31,426 - pyskl - INFO - Now best checkpoint is saved as best_top1_acc_epoch_9.pth.
2026-08-17 17:20:31,426 - pyskl - INFO - Best top1_acc is 0.8379 at 9 epoch.
2026-08-17 17:20:31,428 - pyskl - INFO - Epoch(val) [9][516]	top1_acc: 0.8379, top5_acc: 0.9697
2026-08-17 17:25:19,550 - pyskl - INFO - Epoch [10][100/6265]	lr: 1.002e-02, eta: 1 day, 9:50:14, time: 2.881, data_time: 0.087, memory: 5243, top1_acc: 0.9500, top5_acc: 0.9962, loss_cls: 0.1870, loss: 0.1870
2026-08-17 17:29:58,707 - pyskl - INFO - Epoch [10][200/6265]	lr: 9.985e-03, eta: 1 day, 9:45:37, time: 2.792, data_time: 0.000, memory: 5243, top1_acc: 0.9525, top5_acc: 0.9950, loss_cls: 0.1651, loss: 0.1651
2026-08-17 17:34:38,500 - pyskl - INFO - Epoch [10][300/6265]	lr: 9.947e-03, eta: 1 day, 9:40:59, time: 2.798, data_time: 0.000, memory: 5243, top1_acc: 0.9509, top5_acc: 0.9959, loss_cls: 0.1636, loss: 0.1636
2026-08-17 17:39:18,445 - pyskl - INFO - Epoch [10][400/6265]	lr: 9.908e-03, eta: 1 day, 9:36:22, time: 2.799, data_time: 0.000, memory: 5243, top1_acc: 0.9587, top5_acc: 0.9984, loss_cls: 0.1523, loss: 0.1523
2026-08-17 17:43:59,784 - pyskl - INFO - Epoch [10][500/6265]	lr: 9.870e-03, eta: 1 day, 9:31:46, time: 2.813, data_time: 0.000, memory: 5243, top1_acc: 0.9584, top5_acc: 0.9981, loss_cls: 0.1532, loss: 0.1532
2026-08-17 17:48:39,921 - pyskl - INFO - Epoch [10][600/6265]	lr: 9.832e-03, eta: 1 day, 9:27:09, time: 2.801, data_time: 0.000, memory: 5243, top1_acc: 0.9587, top5_acc: 0.9984, loss_cls: 0.1408, loss: 0.1408
2026-08-17 17:53:20,079 - pyskl - INFO - Epoch [10][700/6265]	lr: 9.793e-03, eta: 1 day, 9:22:32, time: 2.802, data_time: 0.000, memory: 5243, top1_acc: 0.9494, top5_acc: 0.9975, loss_cls: 0.1616, loss: 0.1616
2026-08-17 17:58:00,088 - pyskl - INFO - Epoch [10][800/6265]	lr: 9.755e-03, eta: 1 day, 9:17:54, time: 2.800, data_time: 0.000, memory: 5243, top1_acc: 0.9550, top5_acc: 0.9978, loss_cls: 0.1547, loss: 0.1547
2026-08-17 18:02:40,015 - pyskl - INFO - Epoch [10][900/6265]	lr: 9.717e-03, eta: 1 day, 9:13:17, time: 2.799, data_time: 0.000, memory: 5243, top1_acc: 0.9506, top5_acc: 0.9956, loss_cls: 0.1715, loss: 0.1715
2026-08-17 18:07:20,092 - pyskl - INFO - Epoch [10][1000/6265]	lr: 9.679e-03, eta: 1 day, 9:08:40, time: 2.801, data_time: 0.000, memory: 5243, top1_acc: 0.9584, top5_acc: 0.9981, loss_cls: 0.1467, loss: 0.1467
2026-08-17 18:11:59,047 - pyskl - INFO - Epoch [10][1100/6265]	lr: 9.641e-03, eta: 1 day, 9:04:02, time: 2.790, data_time: 0.000, memory: 5243, top1_acc: 0.9537, top5_acc: 0.9969, loss_cls: 0.1539, loss: 0.1539
2026-08-17 18:16:38,166 - pyskl - INFO - Epoch [10][1200/6265]	lr: 9.603e-03, eta: 1 day, 8:59:24, time: 2.791, data_time: 0.000, memory: 5243, top1_acc: 0.9594, top5_acc: 0.9975, loss_cls: 0.1497, loss: 0.1497
2026-08-17 18:21:17,021 - pyskl - INFO - Epoch [10][1300/6265]	lr: 9.564e-03, eta: 1 day, 8:54:46, time: 2.789, data_time: 0.000, memory: 5243, top1_acc: 0.9487, top5_acc: 0.9975, loss_cls: 0.1761, loss: 0.1761
2026-08-17 18:25:55,829 - pyskl - INFO - Epoch [10][1400/6265]	lr: 9.526e-03, eta: 1 day, 8:50:08, time: 2.788, data_time: 0.000, memory: 5243, top1_acc: 0.9531, top5_acc: 0.9950, loss_cls: 0.1678, loss: 0.1678
2026-08-17 18:30:34,739 - pyskl - INFO - Epoch [10][1500/6265]	lr: 9.488e-03, eta: 1 day, 8:45:30, time: 2.789, data_time: 0.000, memory: 5243, top1_acc: 0.9534, top5_acc: 0.9978, loss_cls: 0.1647, loss: 0.1647
2026-08-17 18:35:13,282 - pyskl - INFO - Epoch [10][1600/6265]	lr: 9.450e-03, eta: 1 day, 8:40:51, time: 2.785, data_time: 0.000, memory: 5243, top1_acc: 0.9619, top5_acc: 0.9978, loss_cls: 0.1398, loss: 0.1398
2026-08-17 18:39:51,956 - pyskl - INFO - Epoch [10][1700/6265]	lr: 9.412e-03, eta: 1 day, 8:36:13, time: 2.787, data_time: 0.000, memory: 5243, top1_acc: 0.9481, top5_acc: 0.9969, loss_cls: 0.1655, loss: 0.1655
2026-08-17 18:44:31,121 - pyskl - INFO - Epoch [10][1800/6265]	lr: 9.374e-03, eta: 1 day, 8:31:35, time: 2.792, data_time: 0.000, memory: 5243, top1_acc: 0.9469, top5_acc: 0.9972, loss_cls: 0.1656, loss: 0.1656
2026-08-17 18:49:10,139 - pyskl - INFO - Epoch [10][1900/6265]	lr: 9.336e-03, eta: 1 day, 8:26:57, time: 2.790, data_time: 0.000, memory: 5243, top1_acc: 0.9519, top5_acc: 0.9962, loss_cls: 0.1608, loss: 0.1608
2026-08-17 18:53:48,601 - pyskl - INFO - Epoch [10][2000/6265]	lr: 9.299e-03, eta: 1 day, 8:22:19, time: 2.785, data_time: 0.000, memory: 5243, top1_acc: 0.9622, top5_acc: 0.9988, loss_cls: 0.1378, loss: 0.1378
2026-08-17 18:58:28,239 - pyskl - INFO - Epoch [10][2100/6265]	lr: 9.261e-03, eta: 1 day, 8:17:41, time: 2.796, data_time: 0.000, memory: 5243, top1_acc: 0.9547, top5_acc: 0.9966, loss_cls: 0.1551, loss: 0.1551
2026-08-17 19:03:07,004 - pyskl - INFO - Epoch [10][2200/6265]	lr: 9.223e-03, eta: 1 day, 8:13:03, time: 2.788, data_time: 0.000, memory: 5243, top1_acc: 0.9569, top5_acc: 0.9981, loss_cls: 0.1539, loss: 0.1539
2026-08-17 19:07:46,131 - pyskl - INFO - Epoch [10][2300/6265]	lr: 9.185e-03, eta: 1 day, 8:08:25, time: 2.791, data_time: 0.000, memory: 5243, top1_acc: 0.9581, top5_acc: 0.9984, loss_cls: 0.1483, loss: 0.1483
2026-08-17 19:12:25,234 - pyskl - INFO - Epoch [10][2400/6265]	lr: 9.147e-03, eta: 1 day, 8:03:47, time: 2.791, data_time: 0.000, memory: 5243, top1_acc: 0.9478, top5_acc: 0.9966, loss_cls: 0.1728, loss: 0.1728
2026-08-17 19:17:04,307 - pyskl - INFO - Epoch [10][2500/6265]	lr: 9.110e-03, eta: 1 day, 7:59:09, time: 2.791, data_time: 0.000, memory: 5243, top1_acc: 0.9491, top5_acc: 0.9972, loss_cls: 0.1616, loss: 0.1616
2026-08-17 19:21:43,311 - pyskl - INFO - Epoch [10][2600/6265]	lr: 9.072e-03, eta: 1 day, 7:54:31, time: 2.790, data_time: 0.000, memory: 5243, top1_acc: 0.9544, top5_acc: 0.9956, loss_cls: 0.1584, loss: 0.1584
2026-08-17 19:26:33,274 - pyskl - INFO - Epoch [10][2700/6265]	lr: 9.034e-03, eta: 1 day, 7:50:00, time: 2.900, data_time: 0.000, memory: 5243, top1_acc: 0.9497, top5_acc: 0.9953, loss_cls: 0.1694, loss: 0.1694
2026-08-17 19:31:12,308 - pyskl - INFO - Epoch [10][2800/6265]	lr: 8.997e-03, eta: 1 day, 7:45:22, time: 2.790, data_time: 0.000, memory: 5243, top1_acc: 0.9459, top5_acc: 0.9972, loss_cls: 0.1809, loss: 0.1809
2026-08-17 19:35:51,641 - pyskl - INFO - Epoch [10][2900/6265]	lr: 8.959e-03, eta: 1 day, 7:40:45, time: 2.793, data_time: 0.000, memory: 5243, top1_acc: 0.9513, top5_acc: 0.9975, loss_cls: 0.1673, loss: 0.1673
2026-08-17 19:40:31,003 - pyskl - INFO - Epoch [10][3000/6265]	lr: 8.922e-03, eta: 1 day, 7:36:07, time: 2.794, data_time: 0.000, memory: 5243, top1_acc: 0.9578, top5_acc: 0.9978, loss_cls: 0.1509, loss: 0.1509
2026-08-17 19:45:10,367 - pyskl - INFO - Epoch [10][3100/6265]	lr: 8.884e-03, eta: 1 day, 7:31:29, time: 2.794, data_time: 0.000, memory: 5243, top1_acc: 0.9544, top5_acc: 0.9981, loss_cls: 0.1555, loss: 0.1555
2026-08-17 19:49:56,888 - pyskl - INFO - Epoch [10][3200/6265]	lr: 8.847e-03, eta: 1 day, 7:26:56, time: 2.865, data_time: 0.000, memory: 5243, top1_acc: 0.9603, top5_acc: 0.9972, loss_cls: 0.1447, loss: 0.1447
2026-08-17 19:54:37,278 - pyskl - INFO - Epoch [10][3300/6265]	lr: 8.809e-03, eta: 1 day, 7:22:19, time: 2.804, data_time: 0.000, memory: 5243, top1_acc: 0.9566, top5_acc: 0.9975, loss_cls: 0.1581, loss: 0.1581
2026-08-17 19:59:17,001 - pyskl - INFO - Epoch [10][3400/6265]	lr: 8.772e-03, eta: 1 day, 7:17:41, time: 2.797, data_time: 0.000, memory: 5243, top1_acc: 0.9575, top5_acc: 0.9975, loss_cls: 0.1410, loss: 0.1410
2026-08-17 20:03:56,058 - pyskl - INFO - Epoch [10][3500/6265]	lr: 8.734e-03, eta: 1 day, 7:13:03, time: 2.791, data_time: 0.000, memory: 5243, top1_acc: 0.9641, top5_acc: 0.9972, loss_cls: 0.1335, loss: 0.1335
2026-08-17 20:08:34,716 - pyskl - INFO - Epoch [10][3600/6265]	lr: 8.697e-03, eta: 1 day, 7:08:25, time: 2.787, data_time: 0.000, memory: 5243, top1_acc: 0.9491, top5_acc: 0.9975, loss_cls: 0.1676, loss: 0.1676
2026-08-17 20:13:13,708 - pyskl - INFO - Epoch [10][3700/6265]	lr: 8.660e-03, eta: 1 day, 7:03:46, time: 2.790, data_time: 0.000, memory: 5243, top1_acc: 0.9556, top5_acc: 0.9981, loss_cls: 0.1479, loss: 0.1479
2026-08-17 20:17:52,883 - pyskl - INFO - Epoch [10][3800/6265]	lr: 8.622e-03, eta: 1 day, 6:59:08, time: 2.792, data_time: 0.000, memory: 5243, top1_acc: 0.9566, top5_acc: 0.9962, loss_cls: 0.1497, loss: 0.1497
2026-08-17 20:22:31,888 - pyskl - INFO - Epoch [10][3900/6265]	lr: 8.585e-03, eta: 1 day, 6:54:30, time: 2.790, data_time: 0.000, memory: 5243, top1_acc: 0.9475, top5_acc: 0.9962, loss_cls: 0.1688, loss: 0.1688
2026-08-17 20:27:10,997 - pyskl - INFO - Epoch [10][4000/6265]	lr: 8.548e-03, eta: 1 day, 6:49:52, time: 2.791, data_time: 0.000, memory: 5243, top1_acc: 0.9600, top5_acc: 0.9975, loss_cls: 0.1431, loss: 0.1431
2026-08-17 20:31:50,006 - pyskl - INFO - Epoch [10][4100/6265]	lr: 8.511e-03, eta: 1 day, 6:45:14, time: 2.790, data_time: 0.000, memory: 5243, top1_acc: 0.9609, top5_acc: 0.9975, loss_cls: 0.1456, loss: 0.1456
2026-08-17 20:36:28,791 - pyskl - INFO - Epoch [10][4200/6265]	lr: 8.474e-03, eta: 1 day, 6:40:36, time: 2.788, data_time: 0.000, memory: 5243, top1_acc: 0.9566, top5_acc: 0.9975, loss_cls: 0.1520, loss: 0.1520
2026-08-17 20:41:07,781 - pyskl - INFO - Epoch [10][4300/6265]	lr: 8.437e-03, eta: 1 day, 6:35:58, time: 2.790, data_time: 0.000, memory: 5243, top1_acc: 0.9616, top5_acc: 0.9972, loss_cls: 0.1317, loss: 0.1317
2026-08-17 20:45:46,322 - pyskl - INFO - Epoch [10][4400/6265]	lr: 8.400e-03, eta: 1 day, 6:31:19, time: 2.785, data_time: 0.000, memory: 5243, top1_acc: 0.9597, top5_acc: 0.9959, loss_cls: 0.1456, loss: 0.1456
2026-08-17 20:50:24,929 - pyskl - INFO - Epoch [10][4500/6265]	lr: 8.363e-03, eta: 1 day, 6:26:41, time: 2.786, data_time: 0.000, memory: 5243, top1_acc: 0.9563, top5_acc: 0.9988, loss_cls: 0.1459, loss: 0.1459
2026-08-17 20:55:03,500 - pyskl - INFO - Epoch [10][4600/6265]	lr: 8.326e-03, eta: 1 day, 6:22:02, time: 2.786, data_time: 0.000, memory: 5243, top1_acc: 0.9609, top5_acc: 0.9969, loss_cls: 0.1399, loss: 0.1399
2026-08-17 20:59:42,224 - pyskl - INFO - Epoch [10][4700/6265]	lr: 8.289e-03, eta: 1 day, 6:17:24, time: 2.787, data_time: 0.000, memory: 5243, top1_acc: 0.9534, top5_acc: 0.9959, loss_cls: 0.1547, loss: 0.1547
2026-08-17 21:04:21,102 - pyskl - INFO - Epoch [10][4800/6265]	lr: 8.252e-03, eta: 1 day, 6:12:46, time: 2.789, data_time: 0.000, memory: 5243, top1_acc: 0.9587, top5_acc: 0.9984, loss_cls: 0.1468, loss: 0.1468
2026-08-17 21:08:59,569 - pyskl - INFO - Epoch [10][4900/6265]	lr: 8.215e-03, eta: 1 day, 6:08:07, time: 2.785, data_time: 0.000, memory: 5243, top1_acc: 0.9647, top5_acc: 0.9969, loss_cls: 0.1358, loss: 0.1358
2026-08-17 21:13:38,789 - pyskl - INFO - Epoch [10][5000/6265]	lr: 8.178e-03, eta: 1 day, 6:03:29, time: 2.792, data_time: 0.000, memory: 5243, top1_acc: 0.9597, top5_acc: 0.9978, loss_cls: 0.1414, loss: 0.1414
2026-08-17 21:18:17,923 - pyskl - INFO - Epoch [10][5100/6265]	lr: 8.142e-03, eta: 1 day, 5:58:51, time: 2.791, data_time: 0.000, memory: 5243, top1_acc: 0.9609, top5_acc: 0.9972, loss_cls: 0.1315, loss: 0.1315
2026-08-17 21:22:57,087 - pyskl - INFO - Epoch [10][5200/6265]	lr: 8.105e-03, eta: 1 day, 5:54:13, time: 2.792, data_time: 0.000, memory: 5243, top1_acc: 0.9597, top5_acc: 0.9988, loss_cls: 0.1328, loss: 0.1328
2026-08-17 21:27:36,759 - pyskl - INFO - Epoch [10][5300/6265]	lr: 8.068e-03, eta: 1 day, 5:49:35, time: 2.797, data_time: 0.000, memory: 5243, top1_acc: 0.9569, top5_acc: 0.9975, loss_cls: 0.1450, loss: 0.1450
2026-08-17 21:32:16,781 - pyskl - INFO - Epoch [10][5400/6265]	lr: 8.032e-03, eta: 1 day, 5:44:58, time: 2.800, data_time: 0.000, memory: 5243, top1_acc: 0.9594, top5_acc: 0.9962, loss_cls: 0.1477, loss: 0.1477
2026-08-17 21:36:56,935 - pyskl - INFO - Epoch [10][5500/6265]	lr: 7.995e-03, eta: 1 day, 5:40:20, time: 2.802, data_time: 0.000, memory: 5243, top1_acc: 0.9531, top5_acc: 0.9969, loss_cls: 0.1532, loss: 0.1532
2026-08-17 21:41:37,113 - pyskl - INFO - Epoch [10][5600/6265]	lr: 7.959e-03, eta: 1 day, 5:35:43, time: 2.802, data_time: 0.000, memory: 5243, top1_acc: 0.9641, top5_acc: 0.9972, loss_cls: 0.1343, loss: 0.1343
2026-08-17 21:46:16,631 - pyskl - INFO - Epoch [10][5700/6265]	lr: 7.922e-03, eta: 1 day, 5:31:05, time: 2.795, data_time: 0.000, memory: 5243, top1_acc: 0.9697, top5_acc: 0.9984, loss_cls: 0.1121, loss: 0.1121
2026-08-17 21:50:56,175 - pyskl - INFO - Epoch [10][5800/6265]	lr: 7.886e-03, eta: 1 day, 5:26:27, time: 2.795, data_time: 0.000, memory: 5243, top1_acc: 0.9681, top5_acc: 0.9978, loss_cls: 0.1286, loss: 0.1286
2026-08-17 21:55:35,647 - pyskl - INFO - Epoch [10][5900/6265]	lr: 7.849e-03, eta: 1 day, 5:21:49, time: 2.795, data_time: 0.000, memory: 5243, top1_acc: 0.9597, top5_acc: 0.9972, loss_cls: 0.1438, loss: 0.1438
2026-08-17 22:00:15,744 - pyskl - INFO - Epoch [10][6000/6265]	lr: 7.813e-03, eta: 1 day, 5:17:11, time: 2.801, data_time: 0.000, memory: 5243, top1_acc: 0.9550, top5_acc: 0.9966, loss_cls: 0.1455, loss: 0.1455
2026-08-17 22:04:55,691 - pyskl - INFO - Epoch [10][6100/6265]	lr: 7.777e-03, eta: 1 day, 5:12:34, time: 2.799, data_time: 0.000, memory: 5243, top1_acc: 0.9656, top5_acc: 0.9981, loss_cls: 0.1210, loss: 0.1210
2026-08-17 22:09:35,191 - pyskl - INFO - Epoch [10][6200/6265]	lr: 7.740e-03, eta: 1 day, 5:07:56, time: 2.795, data_time: 0.000, memory: 5243, top1_acc: 0.9631, top5_acc: 0.9991, loss_cls: 0.1320, loss: 0.1320
2026-08-17 22:12:35,467 - pyskl - INFO - Saving checkpoint at 10 epochs
2026-08-17 22:33:14,335 - pyskl - INFO - Evaluating top_k_accuracy ...
2026-08-17 22:33:14,378 - pyskl - INFO - 
top1_acc	0.8572
top5_acc	0.9737
2026-08-17 22:33:14,380 - pyskl - INFO - The previous best checkpoint D:\YxjProject\pythonProject\pyskl\work_dirs\stgcn++\ntu60_xsub_3dkp\j_single_gpu_seed3407\best_top1_acc_epoch_9.pth was removed
2026-08-17 22:33:14,467 - pyskl - INFO - Now best checkpoint is saved as best_top1_acc_epoch_10.pth.
2026-08-17 22:33:14,468 - pyskl - INFO - Best top1_acc is 0.8572 at 10 epoch.
2026-08-17 22:33:14,469 - pyskl - INFO - Epoch(val) [10][516]	top1_acc: 0.8572, top5_acc: 0.9737
2026-08-17 22:38:03,329 - pyskl - INFO - Epoch [11][100/6265]	lr: 7.681e-03, eta: 1 day, 4:58:34, time: 2.889, data_time: 0.087, memory: 5243, top1_acc: 0.9712, top5_acc: 0.9988, loss_cls: 0.1160, loss: 0.1160
2026-08-17 22:42:43,393 - pyskl - INFO - Epoch [11][200/6265]	lr: 7.645e-03, eta: 1 day, 4:53:57, time: 2.801, data_time: 0.000, memory: 5243, top1_acc: 0.9709, top5_acc: 0.9984, loss_cls: 0.1115, loss: 0.1115
2026-08-17 22:47:23,450 - pyskl - INFO - Epoch [11][300/6265]	lr: 7.608e-03, eta: 1 day, 4:49:20, time: 2.801, data_time: 0.000, memory: 5243, top1_acc: 0.9625, top5_acc: 0.9991, loss_cls: 0.1247, loss: 0.1247
2026-08-17 22:52:15,022 - pyskl - INFO - Epoch [11][400/6265]	lr: 7.572e-03, eta: 1 day, 4:44:50, time: 2.916, data_time: 0.000, memory: 5243, top1_acc: 0.9563, top5_acc: 0.9984, loss_cls: 0.1471, loss: 0.1471
2026-08-17 22:56:54,933 - pyskl - INFO - Epoch [11][500/6265]	lr: 7.536e-03, eta: 1 day, 4:40:12, time: 2.799, data_time: 0.000, memory: 5243, top1_acc: 0.9641, top5_acc: 0.9978, loss_cls: 0.1317, loss: 0.1317
2026-08-17 23:01:35,122 - pyskl - INFO - Epoch [11][600/6265]	lr: 7.501e-03, eta: 1 day, 4:35:35, time: 2.802, data_time: 0.000, memory: 5243, top1_acc: 0.9681, top5_acc: 0.9984, loss_cls: 0.1122, loss: 0.1122
2026-08-17 23:06:15,098 - pyskl - INFO - Epoch [11][700/6265]	lr: 7.465e-03, eta: 1 day, 4:30:58, time: 2.800, data_time: 0.000, memory: 5243, top1_acc: 0.9709, top5_acc: 0.9988, loss_cls: 0.1089, loss: 0.1089
2026-08-17 23:10:54,863 - pyskl - INFO - Epoch [11][800/6265]	lr: 7.429e-03, eta: 1 day, 4:26:20, time: 2.798, data_time: 0.000, memory: 5243, top1_acc: 0.9666, top5_acc: 0.9994, loss_cls: 0.1169, loss: 0.1169
2026-08-17 23:15:34,696 - pyskl - INFO - Epoch [11][900/6265]	lr: 7.393e-03, eta: 1 day, 4:21:43, time: 2.798, data_time: 0.000, memory: 5243, top1_acc: 0.9688, top5_acc: 0.9978, loss_cls: 0.1065, loss: 0.1065
2026-08-17 23:20:15,133 - pyskl - INFO - Epoch [11][1000/6265]	lr: 7.357e-03, eta: 1 day, 4:17:06, time: 2.804, data_time: 0.000, memory: 5243, top1_acc: 0.9762, top5_acc: 0.9988, loss_cls: 0.0959, loss: 0.0959
2026-08-17 23:24:55,380 - pyskl - INFO - Epoch [11][1100/6265]	lr: 7.322e-03, eta: 1 day, 4:12:29, time: 2.802, data_time: 0.000, memory: 5243, top1_acc: 0.9709, top5_acc: 0.9969, loss_cls: 0.1152, loss: 0.1152
2026-08-17 23:29:35,778 - pyskl - INFO - Epoch [11][1200/6265]	lr: 7.286e-03, eta: 1 day, 4:07:52, time: 2.804, data_time: 0.000, memory: 5243, top1_acc: 0.9691, top5_acc: 0.9988, loss_cls: 0.1107, loss: 0.1107
2026-08-17 23:34:15,433 - pyskl - INFO - Epoch [11][1300/6265]	lr: 7.250e-03, eta: 1 day, 4:03:14, time: 2.797, data_time: 0.000, memory: 5243, top1_acc: 0.9759, top5_acc: 0.9994, loss_cls: 0.0982, loss: 0.0982
2026-08-17 23:38:55,422 - pyskl - INFO - Epoch [11][1400/6265]	lr: 7.215e-03, eta: 1 day, 3:58:37, time: 2.800, data_time: 0.000, memory: 5243, top1_acc: 0.9700, top5_acc: 0.9981, loss_cls: 0.1091, loss: 0.1091
2026-08-17 23:43:35,426 - pyskl - INFO - Epoch [11][1500/6265]	lr: 7.179e-03, eta: 1 day, 3:53:59, time: 2.800, data_time: 0.000, memory: 5243, top1_acc: 0.9663, top5_acc: 0.9975, loss_cls: 0.1209, loss: 0.1209
2026-08-17 23:48:15,278 - pyskl - INFO - Epoch [11][1600/6265]	lr: 7.144e-03, eta: 1 day, 3:49:22, time: 2.799, data_time: 0.000, memory: 5243, top1_acc: 0.9647, top5_acc: 0.9997, loss_cls: 0.1157, loss: 0.1157
2026-08-17 23:52:55,041 - pyskl - INFO - Epoch [11][1700/6265]	lr: 7.109e-03, eta: 1 day, 3:44:44, time: 2.798, data_time: 0.000, memory: 5243, top1_acc: 0.9691, top5_acc: 0.9981, loss_cls: 0.1152, loss: 0.1152
2026-08-17 23:57:34,805 - pyskl - INFO - Epoch [11][1800/6265]	lr: 7.073e-03, eta: 1 day, 3:40:07, time: 2.798, data_time: 0.000, memory: 5243, top1_acc: 0.9778, top5_acc: 0.9988, loss_cls: 0.0967, loss: 0.0967
2026-08-18 00:02:14,997 - pyskl - INFO - Epoch [11][1900/6265]	lr: 7.038e-03, eta: 1 day, 3:35:30, time: 2.802, data_time: 0.000, memory: 5243, top1_acc: 0.9750, top5_acc: 0.9988, loss_cls: 0.0982, loss: 0.0982
2026-08-18 00:06:55,115 - pyskl - INFO - Epoch [11][2000/6265]	lr: 7.003e-03, eta: 1 day, 3:30:52, time: 2.801, data_time: 0.000, memory: 5243, top1_acc: 0.9719, top5_acc: 0.9984, loss_cls: 0.1031, loss: 0.1031
2026-08-18 00:11:35,275 - pyskl - INFO - Epoch [11][2100/6265]	lr: 6.968e-03, eta: 1 day, 3:26:15, time: 2.802, data_time: 0.000, memory: 5243, top1_acc: 0.9606, top5_acc: 0.9991, loss_cls: 0.1291, loss: 0.1291
2026-08-18 00:16:15,568 - pyskl - INFO - Epoch [11][2200/6265]	lr: 6.933e-03, eta: 1 day, 3:21:38, time: 2.803, data_time: 0.000, memory: 5243, top1_acc: 0.9738, top5_acc: 0.9991, loss_cls: 0.1049, loss: 0.1049
2026-08-18 00:20:55,714 - pyskl - INFO - Epoch [11][2300/6265]	lr: 6.897e-03, eta: 1 day, 3:17:00, time: 2.801, data_time: 0.000, memory: 5243, top1_acc: 0.9694, top5_acc: 0.9984, loss_cls: 0.1158, loss: 0.1158
2026-08-18 00:25:35,880 - pyskl - INFO - Epoch [11][2400/6265]	lr: 6.862e-03, eta: 1 day, 3:12:23, time: 2.802, data_time: 0.000, memory: 5243, top1_acc: 0.9772, top5_acc: 0.9991, loss_cls: 0.0971, loss: 0.0971
2026-08-18 00:30:16,086 - pyskl - INFO - Epoch [11][2500/6265]	lr: 6.828e-03, eta: 1 day, 3:07:46, time: 2.802, data_time: 0.000, memory: 5243, top1_acc: 0.9791, top5_acc: 0.9991, loss_cls: 0.0908, loss: 0.0908
2026-08-18 00:34:55,942 - pyskl - INFO - Epoch [11][2600/6265]	lr: 6.793e-03, eta: 1 day, 3:03:08, time: 2.799, data_time: 0.000, memory: 5243, top1_acc: 0.9753, top5_acc: 0.9994, loss_cls: 0.0953, loss: 0.0953
2026-08-18 00:39:36,113 - pyskl - INFO - Epoch [11][2700/6265]	lr: 6.758e-03, eta: 1 day, 2:58:31, time: 2.802, data_time: 0.000, memory: 5243, top1_acc: 0.9731, top5_acc: 0.9978, loss_cls: 0.0993, loss: 0.0993
2026-08-18 00:44:15,673 - pyskl - INFO - Epoch [11][2800/6265]	lr: 6.723e-03, eta: 1 day, 2:53:53, time: 2.796, data_time: 0.000, memory: 5243, top1_acc: 0.9819, top5_acc: 0.9997, loss_cls: 0.0825, loss: 0.0825
2026-08-18 00:48:55,372 - pyskl - INFO - Epoch [11][2900/6265]	lr: 6.688e-03, eta: 1 day, 2:49:16, time: 2.797, data_time: 0.000, memory: 5243, top1_acc: 0.9797, top5_acc: 0.9994, loss_cls: 0.0777, loss: 0.0777
2026-08-18 00:53:34,889 - pyskl - INFO - Epoch [11][3000/6265]	lr: 6.654e-03, eta: 1 day, 2:44:38, time: 2.795, data_time: 0.000, memory: 5243, top1_acc: 0.9663, top5_acc: 0.9975, loss_cls: 0.1094, loss: 0.1094
2026-08-18 00:58:14,638 - pyskl - INFO - Epoch [11][3100/6265]	lr: 6.619e-03, eta: 1 day, 2:40:00, time: 2.797, data_time: 0.000, memory: 5243, top1_acc: 0.9734, top5_acc: 0.9991, loss_cls: 0.0984, loss: 0.0984
2026-08-18 01:02:54,017 - pyskl - INFO - Epoch [11][3200/6265]	lr: 6.585e-03, eta: 1 day, 2:35:23, time: 2.794, data_time: 0.000, memory: 5243, top1_acc: 0.9756, top5_acc: 0.9988, loss_cls: 0.0999, loss: 0.0999
2026-08-18 01:07:33,617 - pyskl - INFO - Epoch [11][3300/6265]	lr: 6.550e-03, eta: 1 day, 2:30:45, time: 2.796, data_time: 0.000, memory: 5243, top1_acc: 0.9706, top5_acc: 0.9988, loss_cls: 0.1082, loss: 0.1082
2026-08-18 01:12:13,745 - pyskl - INFO - Epoch [11][3400/6265]	lr: 6.516e-03, eta: 1 day, 2:26:07, time: 2.801, data_time: 0.000, memory: 5243, top1_acc: 0.9669, top5_acc: 0.9988, loss_cls: 0.1149, loss: 0.1149
2026-08-18 01:16:53,454 - pyskl - INFO - Epoch [11][3500/6265]	lr: 6.481e-03, eta: 1 day, 2:21:30, time: 2.797, data_time: 0.000, memory: 5243, top1_acc: 0.9688, top5_acc: 0.9988, loss_cls: 0.1121, loss: 0.1121
2026-08-18 01:21:33,335 - pyskl - INFO - Epoch [11][3600/6265]	lr: 6.447e-03, eta: 1 day, 2:16:52, time: 2.799, data_time: 0.000, memory: 5243, top1_acc: 0.9725, top5_acc: 0.9994, loss_cls: 0.1040, loss: 0.1040
2026-08-18 01:26:13,930 - pyskl - INFO - Epoch [11][3700/6265]	lr: 6.413e-03, eta: 1 day, 2:12:15, time: 2.806, data_time: 0.000, memory: 5243, top1_acc: 0.9766, top5_acc: 0.9988, loss_cls: 0.0955, loss: 0.0955
2026-08-18 01:30:54,612 - pyskl - INFO - Epoch [11][3800/6265]	lr: 6.379e-03, eta: 1 day, 2:07:38, time: 2.807, data_time: 0.000, memory: 5243, top1_acc: 0.9756, top5_acc: 0.9991, loss_cls: 0.0954, loss: 0.0954
2026-08-18 01:35:34,791 - pyskl - INFO - Epoch [11][3900/6265]	lr: 6.344e-03, eta: 1 day, 2:03:00, time: 2.802, data_time: 0.000, memory: 5243, top1_acc: 0.9716, top5_acc: 0.9994, loss_cls: 0.1037, loss: 0.1037
2026-08-18 01:40:14,925 - pyskl - INFO - Epoch [11][4000/6265]	lr: 6.310e-03, eta: 1 day, 1:58:23, time: 2.801, data_time: 0.000, memory: 5243, top1_acc: 0.9741, top5_acc: 0.9997, loss_cls: 0.0990, loss: 0.0990
2026-08-18 01:44:54,901 - pyskl - INFO - Epoch [11][4100/6265]	lr: 6.276e-03, eta: 1 day, 1:53:45, time: 2.800, data_time: 0.000, memory: 5243, top1_acc: 0.9753, top5_acc: 0.9991, loss_cls: 0.0974, loss: 0.0974
2026-08-18 01:49:40,035 - pyskl - INFO - Epoch [11][4200/6265]	lr: 6.242e-03, eta: 1 day, 1:49:10, time: 2.851, data_time: 0.000, memory: 5243, top1_acc: 0.9756, top5_acc: 0.9984, loss_cls: 0.0987, loss: 0.0987
2026-08-18 01:54:26,084 - pyskl - INFO - Epoch [11][4300/6265]	lr: 6.209e-03, eta: 1 day, 1:44:36, time: 2.860, data_time: 0.000, memory: 5243, top1_acc: 0.9803, top5_acc: 0.9997, loss_cls: 0.0811, loss: 0.0811
2026-08-18 01:59:06,418 - pyskl - INFO - Epoch [11][4400/6265]	lr: 6.175e-03, eta: 1 day, 1:39:58, time: 2.803, data_time: 0.000, memory: 5243, top1_acc: 0.9766, top5_acc: 0.9997, loss_cls: 0.0870, loss: 0.0870
2026-08-18 02:03:46,350 - pyskl - INFO - Epoch [11][4500/6265]	lr: 6.141e-03, eta: 1 day, 1:35:21, time: 2.799, data_time: 0.000, memory: 5243, top1_acc: 0.9769, top5_acc: 0.9997, loss_cls: 0.0906, loss: 0.0906
2026-08-18 02:08:26,155 - pyskl - INFO - Epoch [11][4600/6265]	lr: 6.107e-03, eta: 1 day, 1:30:43, time: 2.798, data_time: 0.000, memory: 5243, top1_acc: 0.9759, top5_acc: 0.9997, loss_cls: 0.0848, loss: 0.0848
2026-08-18 02:13:05,977 - pyskl - INFO - Epoch [11][4700/6265]	lr: 6.074e-03, eta: 1 day, 1:26:05, time: 2.798, data_time: 0.000, memory: 5243, top1_acc: 0.9784, top5_acc: 0.9994, loss_cls: 0.0849, loss: 0.0849
2026-08-18 02:17:45,478 - pyskl - INFO - Epoch [11][4800/6265]	lr: 6.040e-03, eta: 1 day, 1:21:27, time: 2.795, data_time: 0.000, memory: 5243, top1_acc: 0.9759, top5_acc: 0.9978, loss_cls: 0.0892, loss: 0.0892
2026-08-18 02:22:25,252 - pyskl - INFO - Epoch [11][4900/6265]	lr: 6.007e-03, eta: 1 day, 1:16:50, time: 2.798, data_time: 0.000, memory: 5243, top1_acc: 0.9750, top5_acc: 0.9991, loss_cls: 0.0912, loss: 0.0912
2026-08-18 02:27:05,637 - pyskl - INFO - Epoch [11][5000/6265]	lr: 5.973e-03, eta: 1 day, 1:12:12, time: 2.804, data_time: 0.000, memory: 5243, top1_acc: 0.9825, top5_acc: 0.9997, loss_cls: 0.0755, loss: 0.0755
2026-08-18 02:31:44,692 - pyskl - INFO - Epoch [11][5100/6265]	lr: 5.940e-03, eta: 1 day, 1:07:34, time: 2.791, data_time: 0.000, memory: 5243, top1_acc: 0.9834, top5_acc: 0.9994, loss_cls: 0.0678, loss: 0.0678
2026-08-18 02:36:23,560 - pyskl - INFO - Epoch [11][5200/6265]	lr: 5.906e-03, eta: 1 day, 1:02:56, time: 2.789, data_time: 0.000, memory: 5243, top1_acc: 0.9788, top5_acc: 0.9988, loss_cls: 0.0887, loss: 0.0887
2026-08-18 02:41:02,842 - pyskl - INFO - Epoch [11][5300/6265]	lr: 5.873e-03, eta: 1 day, 0:58:18, time: 2.793, data_time: 0.000, memory: 5243, top1_acc: 0.9762, top5_acc: 0.9988, loss_cls: 0.0847, loss: 0.0847
2026-08-18 02:45:41,633 - pyskl - INFO - Epoch [11][5400/6265]	lr: 5.840e-03, eta: 1 day, 0:53:40, time: 2.788, data_time: 0.000, memory: 5243, top1_acc: 0.9825, top5_acc: 0.9994, loss_cls: 0.0766, loss: 0.0766
2026-08-18 02:50:20,524 - pyskl - INFO - Epoch [11][5500/6265]	lr: 5.807e-03, eta: 1 day, 0:49:02, time: 2.789, data_time: 0.000, memory: 5243, top1_acc: 0.9825, top5_acc: 0.9988, loss_cls: 0.0734, loss: 0.0734
2026-08-18 02:54:59,608 - pyskl - INFO - Epoch [11][5600/6265]	lr: 5.774e-03, eta: 1 day, 0:44:23, time: 2.791, data_time: 0.000, memory: 5243, top1_acc: 0.9816, top5_acc: 1.0000, loss_cls: 0.0717, loss: 0.0717
2026-08-18 02:59:38,464 - pyskl - INFO - Epoch [11][5700/6265]	lr: 5.741e-03, eta: 1 day, 0:39:45, time: 2.789, data_time: 0.000, memory: 5243, top1_acc: 0.9794, top5_acc: 0.9991, loss_cls: 0.0899, loss: 0.0899
2026-08-18 03:04:17,505 - pyskl - INFO - Epoch [11][5800/6265]	lr: 5.708e-03, eta: 1 day, 0:35:07, time: 2.790, data_time: 0.000, memory: 5243, top1_acc: 0.9856, top5_acc: 0.9984, loss_cls: 0.0748, loss: 0.0748
2026-08-18 03:08:56,255 - pyskl - INFO - Epoch [11][5900/6265]	lr: 5.675e-03, eta: 1 day, 0:30:29, time: 2.787, data_time: 0.000, memory: 5243, top1_acc: 0.9772, top5_acc: 0.9991, loss_cls: 0.0888, loss: 0.0888
2026-08-18 03:13:34,870 - pyskl - INFO - Epoch [11][6000/6265]	lr: 5.642e-03, eta: 1 day, 0:25:51, time: 2.786, data_time: 0.000, memory: 5243, top1_acc: 0.9784, top5_acc: 1.0000, loss_cls: 0.0841, loss: 0.0841
2026-08-18 03:18:13,591 - pyskl - INFO - Epoch [11][6100/6265]	lr: 5.610e-03, eta: 1 day, 0:21:12, time: 2.787, data_time: 0.000, memory: 5243, top1_acc: 0.9772, top5_acc: 0.9997, loss_cls: 0.0857, loss: 0.0857
2026-08-18 03:22:52,695 - pyskl - INFO - Epoch [11][6200/6265]	lr: 5.577e-03, eta: 1 day, 0:16:34, time: 2.791, data_time: 0.000, memory: 5243, top1_acc: 0.9819, top5_acc: 0.9997, loss_cls: 0.0759, loss: 0.0759
2026-08-18 03:25:52,151 - pyskl - INFO - Saving checkpoint at 11 epochs
2026-08-18 03:46:29,716 - pyskl - INFO - Evaluating top_k_accuracy ...
2026-08-18 03:46:29,758 - pyskl - INFO - 
top1_acc	0.8687
top5_acc	0.9749
2026-08-18 03:46:29,760 - pyskl - INFO - The previous best checkpoint D:\YxjProject\pythonProject\pyskl\work_dirs\stgcn++\ntu60_xsub_3dkp\j_single_gpu_seed3407\best_top1_acc_epoch_10.pth was removed
2026-08-18 03:46:29,847 - pyskl - INFO - Now best checkpoint is saved as best_top1_acc_epoch_11.pth.
2026-08-18 03:46:29,848 - pyskl - INFO - Best top1_acc is 0.8687 at 11 epoch.
2026-08-18 03:46:29,849 - pyskl - INFO - Epoch(val) [11][516]	top1_acc: 0.8687, top5_acc: 0.9749
2026-08-18 03:51:18,052 - pyskl - INFO - Epoch [12][100/6265]	lr: 5.523e-03, eta: 1 day, 0:07:37, time: 2.882, data_time: 0.085, memory: 5243, top1_acc: 0.9803, top5_acc: 0.9997, loss_cls: 0.0754, loss: 0.0754
2026-08-18 03:55:57,280 - pyskl - INFO - Epoch [12][200/6265]	lr: 5.491e-03, eta: 1 day, 0:03:00, time: 2.792, data_time: 0.000, memory: 5243, top1_acc: 0.9791, top5_acc: 0.9984, loss_cls: 0.0813, loss: 0.0813
2026-08-18 04:00:37,164 - pyskl - INFO - Epoch [12][300/6265]	lr: 5.458e-03, eta: 23:58:22, time: 2.799, data_time: 0.000, memory: 5243, top1_acc: 0.9841, top5_acc: 0.9997, loss_cls: 0.0670, loss: 0.0670
2026-08-18 04:05:16,073 - pyskl - INFO - Epoch [12][400/6265]	lr: 5.426e-03, eta: 23:53:44, time: 2.789, data_time: 0.000, memory: 5243, top1_acc: 0.9825, top5_acc: 1.0000, loss_cls: 0.0680, loss: 0.0680
2026-08-18 04:09:54,782 - pyskl - INFO - Epoch [12][500/6265]	lr: 5.394e-03, eta: 23:49:06, time: 2.787, data_time: 0.000, memory: 5243, top1_acc: 0.9853, top5_acc: 0.9997, loss_cls: 0.0611, loss: 0.0611
2026-08-18 04:14:33,282 - pyskl - INFO - Epoch [12][600/6265]	lr: 5.361e-03, eta: 23:44:28, time: 2.785, data_time: 0.000, memory: 5243, top1_acc: 0.9841, top5_acc: 0.9997, loss_cls: 0.0679, loss: 0.0679
2026-08-18 04:19:13,157 - pyskl - INFO - Epoch [12][700/6265]	lr: 5.329e-03, eta: 23:39:51, time: 2.799, data_time: 0.000, memory: 5243, top1_acc: 0.9856, top5_acc: 1.0000, loss_cls: 0.0575, loss: 0.0575
2026-08-18 04:23:53,639 - pyskl - INFO - Epoch [12][800/6265]	lr: 5.297e-03, eta: 23:35:14, time: 2.805, data_time: 0.000, memory: 5243, top1_acc: 0.9850, top5_acc: 0.9994, loss_cls: 0.0724, loss: 0.0724
2026-08-18 04:28:33,058 - pyskl - INFO - Epoch [12][900/6265]	lr: 5.265e-03, eta: 23:30:36, time: 2.794, data_time: 0.000, memory: 5243, top1_acc: 0.9869, top5_acc: 0.9997, loss_cls: 0.0658, loss: 0.0658
2026-08-18 04:33:10,998 - pyskl - INFO - Epoch [12][1000/6265]	lr: 5.233e-03, eta: 23:25:58, time: 2.779, data_time: 0.000, memory: 5243, top1_acc: 0.9869, top5_acc: 1.0000, loss_cls: 0.0597, loss: 0.0597
2026-08-18 04:37:49,440 - pyskl - INFO - Epoch [12][1100/6265]	lr: 5.202e-03, eta: 23:21:20, time: 2.784, data_time: 0.000, memory: 5243, top1_acc: 0.9866, top5_acc: 0.9997, loss_cls: 0.0553, loss: 0.0553
2026-08-18 04:42:27,668 - pyskl - INFO - Epoch [12][1200/6265]	lr: 5.170e-03, eta: 23:16:42, time: 2.782, data_time: 0.000, memory: 5243, top1_acc: 0.9875, top5_acc: 0.9997, loss_cls: 0.0578, loss: 0.0578
2026-08-18 04:47:06,074 - pyskl - INFO - Epoch [12][1300/6265]	lr: 5.138e-03, eta: 23:12:04, time: 2.784, data_time: 0.000, memory: 5243, top1_acc: 0.9847, top5_acc: 1.0000, loss_cls: 0.0672, loss: 0.0672
2026-08-18 04:51:54,133 - pyskl - INFO - Epoch [12][1400/6265]	lr: 5.106e-03, eta: 23:07:30, time: 2.881, data_time: 0.000, memory: 5243, top1_acc: 0.9847, top5_acc: 1.0000, loss_cls: 0.0629, loss: 0.0629
2026-08-18 04:56:32,638 - pyskl - INFO - Epoch [12][1500/6265]	lr: 5.075e-03, eta: 23:02:52, time: 2.785, data_time: 0.000, memory: 5243, top1_acc: 0.9856, top5_acc: 1.0000, loss_cls: 0.0638, loss: 0.0638
2026-08-18 05:01:10,712 - pyskl - INFO - Epoch [12][1600/6265]	lr: 5.043e-03, eta: 22:58:13, time: 2.781, data_time: 0.000, memory: 5243, top1_acc: 0.9844, top5_acc: 0.9991, loss_cls: 0.0723, loss: 0.0723
2026-08-18 05:05:49,077 - pyskl - INFO - Epoch [12][1700/6265]	lr: 5.012e-03, eta: 22:53:35, time: 2.784, data_time: 0.000, memory: 5243, top1_acc: 0.9828, top5_acc: 1.0000, loss_cls: 0.0737, loss: 0.0737
2026-08-18 05:10:27,687 - pyskl - INFO - Epoch [12][1800/6265]	lr: 4.981e-03, eta: 22:48:57, time: 2.786, data_time: 0.000, memory: 5243, top1_acc: 0.9869, top5_acc: 0.9997, loss_cls: 0.0632, loss: 0.0632
2026-08-18 05:15:05,661 - pyskl - INFO - Epoch [12][1900/6265]	lr: 4.949e-03, eta: 22:44:19, time: 2.780, data_time: 0.000, memory: 5243, top1_acc: 0.9847, top5_acc: 0.9997, loss_cls: 0.0648, loss: 0.0648
2026-08-18 05:19:44,150 - pyskl - INFO - Epoch [12][2000/6265]	lr: 4.918e-03, eta: 22:39:41, time: 2.785, data_time: 0.000, memory: 5243, top1_acc: 0.9856, top5_acc: 0.9997, loss_cls: 0.0579, loss: 0.0579
2026-08-18 05:24:23,452 - pyskl - INFO - Epoch [12][2100/6265]	lr: 4.887e-03, eta: 22:35:03, time: 2.793, data_time: 0.000, memory: 5243, top1_acc: 0.9922, top5_acc: 1.0000, loss_cls: 0.0509, loss: 0.0509
2026-08-18 05:29:02,377 - pyskl - INFO - Epoch [12][2200/6265]	lr: 4.856e-03, eta: 22:30:25, time: 2.789, data_time: 0.000, memory: 5243, top1_acc: 0.9859, top5_acc: 1.0000, loss_cls: 0.0590, loss: 0.0590
2026-08-18 05:33:41,273 - pyskl - INFO - Epoch [12][2300/6265]	lr: 4.825e-03, eta: 22:25:47, time: 2.789, data_time: 0.000, memory: 5243, top1_acc: 0.9894, top5_acc: 0.9994, loss_cls: 0.0505, loss: 0.0505
2026-08-18 05:38:20,184 - pyskl - INFO - Epoch [12][2400/6265]	lr: 4.794e-03, eta: 22:21:09, time: 2.789, data_time: 0.000, memory: 5243, top1_acc: 0.9875, top5_acc: 0.9994, loss_cls: 0.0490, loss: 0.0490
2026-08-18 05:42:58,697 - pyskl - INFO - Epoch [12][2500/6265]	lr: 4.763e-03, eta: 22:16:31, time: 2.785, data_time: 0.000, memory: 5243, top1_acc: 0.9919, top5_acc: 0.9997, loss_cls: 0.0463, loss: 0.0463
2026-08-18 05:47:37,124 - pyskl - INFO - Epoch [12][2600/6265]	lr: 4.733e-03, eta: 22:11:53, time: 2.784, data_time: 0.000, memory: 5243, top1_acc: 0.9891, top5_acc: 0.9997, loss_cls: 0.0491, loss: 0.0491
2026-08-18 05:52:15,584 - pyskl - INFO - Epoch [12][2700/6265]	lr: 4.702e-03, eta: 22:07:15, time: 2.785, data_time: 0.000, memory: 5243, top1_acc: 0.9888, top5_acc: 0.9997, loss_cls: 0.0486, loss: 0.0486
2026-08-18 05:56:54,300 - pyskl - INFO - Epoch [12][2800/6265]	lr: 4.672e-03, eta: 22:02:37, time: 2.787, data_time: 0.000, memory: 5243, top1_acc: 0.9909, top5_acc: 1.0000, loss_cls: 0.0442, loss: 0.0442
2026-08-18 06:01:33,639 - pyskl - INFO - Epoch [12][2900/6265]	lr: 4.641e-03, eta: 21:57:59, time: 2.793, data_time: 0.000, memory: 5243, top1_acc: 0.9903, top5_acc: 1.0000, loss_cls: 0.0471, loss: 0.0471
2026-08-18 06:06:13,167 - pyskl - INFO - Epoch [12][3000/6265]	lr: 4.611e-03, eta: 21:53:22, time: 2.795, data_time: 0.000, memory: 5243, top1_acc: 0.9900, top5_acc: 1.0000, loss_cls: 0.0490, loss: 0.0490
2026-08-18 06:10:52,332 - pyskl - INFO - Epoch [12][3100/6265]	lr: 4.580e-03, eta: 21:48:44, time: 2.792, data_time: 0.000, memory: 5243, top1_acc: 0.9884, top5_acc: 1.0000, loss_cls: 0.0552, loss: 0.0552
2026-08-18 06:15:31,104 - pyskl - INFO - Epoch [12][3200/6265]	lr: 4.550e-03, eta: 21:44:06, time: 2.788, data_time: 0.000, memory: 5243, top1_acc: 0.9875, top5_acc: 0.9994, loss_cls: 0.0593, loss: 0.0593
2026-08-18 06:20:10,372 - pyskl - INFO - Epoch [12][3300/6265]	lr: 4.520e-03, eta: 21:39:28, time: 2.793, data_time: 0.000, memory: 5243, top1_acc: 0.9866, top5_acc: 0.9997, loss_cls: 0.0543, loss: 0.0543
2026-08-18 06:24:49,266 - pyskl - INFO - Epoch [12][3400/6265]	lr: 4.490e-03, eta: 21:34:50, time: 2.789, data_time: 0.000, memory: 5243, top1_acc: 0.9891, top5_acc: 0.9997, loss_cls: 0.0532, loss: 0.0532
2026-08-18 06:29:29,549 - pyskl - INFO - Epoch [12][3500/6265]	lr: 4.460e-03, eta: 21:30:13, time: 2.803, data_time: 0.000, memory: 5243, top1_acc: 0.9881, top5_acc: 1.0000, loss_cls: 0.0543, loss: 0.0543
2026-08-18 06:34:08,809 - pyskl - INFO - Epoch [12][3600/6265]	lr: 4.430e-03, eta: 21:25:35, time: 2.793, data_time: 0.000, memory: 5243, top1_acc: 0.9878, top5_acc: 1.0000, loss_cls: 0.0576, loss: 0.0576
2026-08-18 06:38:48,454 - pyskl - INFO - Epoch [12][3700/6265]	lr: 4.400e-03, eta: 21:20:57, time: 2.796, data_time: 0.000, memory: 5243, top1_acc: 0.9903, top5_acc: 1.0000, loss_cls: 0.0440, loss: 0.0440
2026-08-18 06:43:27,781 - pyskl - INFO - Epoch [12][3800/6265]	lr: 4.370e-03, eta: 21:16:19, time: 2.793, data_time: 0.000, memory: 5243, top1_acc: 0.9950, top5_acc: 1.0000, loss_cls: 0.0387, loss: 0.0387
2026-08-18 06:48:07,503 - pyskl - INFO - Epoch [12][3900/6265]	lr: 4.340e-03, eta: 21:11:42, time: 2.797, data_time: 0.000, memory: 5243, top1_acc: 0.9919, top5_acc: 1.0000, loss_cls: 0.0415, loss: 0.0415
2026-08-18 06:52:47,293 - pyskl - INFO - Epoch [12][4000/6265]	lr: 4.311e-03, eta: 21:07:04, time: 2.798, data_time: 0.000, memory: 5243, top1_acc: 0.9912, top5_acc: 1.0000, loss_cls: 0.0385, loss: 0.0385
2026-08-18 06:57:26,655 - pyskl - INFO - Epoch [12][4100/6265]	lr: 4.281e-03, eta: 21:02:26, time: 2.794, data_time: 0.000, memory: 5243, top1_acc: 0.9909, top5_acc: 1.0000, loss_cls: 0.0489, loss: 0.0489
2026-08-18 07:02:06,115 - pyskl - INFO - Epoch [12][4200/6265]	lr: 4.252e-03, eta: 20:57:49, time: 2.795, data_time: 0.000, memory: 5243, top1_acc: 0.9912, top5_acc: 1.0000, loss_cls: 0.0460, loss: 0.0460
2026-08-18 07:06:45,311 - pyskl - INFO - Epoch [12][4300/6265]	lr: 4.222e-03, eta: 20:53:11, time: 2.792, data_time: 0.000, memory: 5243, top1_acc: 0.9884, top5_acc: 1.0000, loss_cls: 0.0500, loss: 0.0500
2026-08-18 07:11:26,595 - pyskl - INFO - Epoch [12][4400/6265]	lr: 4.193e-03, eta: 20:48:34, time: 2.813, data_time: 0.000, memory: 5243, top1_acc: 0.9900, top5_acc: 0.9997, loss_cls: 0.0514, loss: 0.0514
2026-08-18 07:16:06,567 - pyskl - INFO - Epoch [12][4500/6265]	lr: 4.164e-03, eta: 20:43:56, time: 2.800, data_time: 0.000, memory: 5243, top1_acc: 0.9916, top5_acc: 1.0000, loss_cls: 0.0434, loss: 0.0434
2026-08-18 07:20:45,699 - pyskl - INFO - Epoch [12][4600/6265]	lr: 4.135e-03, eta: 20:39:18, time: 2.791, data_time: 0.000, memory: 5243, top1_acc: 0.9912, top5_acc: 1.0000, loss_cls: 0.0456, loss: 0.0456
2026-08-18 07:25:25,207 - pyskl - INFO - Epoch [12][4700/6265]	lr: 4.105e-03, eta: 20:34:40, time: 2.795, data_time: 0.000, memory: 5243, top1_acc: 0.9925, top5_acc: 1.0000, loss_cls: 0.0413, loss: 0.0413
2026-08-18 07:30:04,558 - pyskl - INFO - Epoch [12][4800/6265]	lr: 4.076e-03, eta: 20:30:02, time: 2.793, data_time: 0.000, memory: 5243, top1_acc: 0.9956, top5_acc: 1.0000, loss_cls: 0.0340, loss: 0.0340
2026-08-18 07:34:43,481 - pyskl - INFO - Epoch [12][4900/6265]	lr: 4.048e-03, eta: 20:25:24, time: 2.789, data_time: 0.000, memory: 5243, top1_acc: 0.9931, top5_acc: 1.0000, loss_cls: 0.0372, loss: 0.0372
2026-08-18 07:39:22,661 - pyskl - INFO - Epoch [12][5000/6265]	lr: 4.019e-03, eta: 20:20:47, time: 2.792, data_time: 0.000, memory: 5243, top1_acc: 0.9959, top5_acc: 1.0000, loss_cls: 0.0314, loss: 0.0314
2026-08-18 07:44:01,912 - pyskl - INFO - Epoch [12][5100/6265]	lr: 3.990e-03, eta: 20:16:09, time: 2.793, data_time: 0.000, memory: 5243, top1_acc: 0.9972, top5_acc: 1.0000, loss_cls: 0.0301, loss: 0.0301
2026-08-18 07:48:45,984 - pyskl - INFO - Epoch [12][5200/6265]	lr: 3.961e-03, eta: 20:11:32, time: 2.841, data_time: 0.000, memory: 5243, top1_acc: 0.9953, top5_acc: 1.0000, loss_cls: 0.0338, loss: 0.0338
2026-08-18 07:53:31,956 - pyskl - INFO - Epoch [12][5300/6265]	lr: 3.933e-03, eta: 20:06:57, time: 2.860, data_time: 0.000, memory: 5243, top1_acc: 0.9947, top5_acc: 0.9997, loss_cls: 0.0310, loss: 0.0310
2026-08-18 07:58:11,294 - pyskl - INFO - Epoch [12][5400/6265]	lr: 3.904e-03, eta: 20:02:19, time: 2.793, data_time: 0.000, memory: 5243, top1_acc: 0.9934, top5_acc: 0.9997, loss_cls: 0.0411, loss: 0.0411
2026-08-18 08:02:50,340 - pyskl - INFO - Epoch [12][5500/6265]	lr: 3.876e-03, eta: 19:57:41, time: 2.790, data_time: 0.000, memory: 5243, top1_acc: 0.9916, top5_acc: 1.0000, loss_cls: 0.0452, loss: 0.0452
2026-08-18 08:07:30,014 - pyskl - INFO - Epoch [12][5600/6265]	lr: 3.848e-03, eta: 19:53:03, time: 2.797, data_time: 0.000, memory: 5243, top1_acc: 0.9966, top5_acc: 1.0000, loss_cls: 0.0323, loss: 0.0323
2026-08-18 08:12:09,344 - pyskl - INFO - Epoch [12][5700/6265]	lr: 3.819e-03, eta: 19:48:25, time: 2.793, data_time: 0.000, memory: 5243, top1_acc: 0.9909, top5_acc: 1.0000, loss_cls: 0.0421, loss: 0.0421
2026-08-18 08:16:48,625 - pyskl - INFO - Epoch [12][5800/6265]	lr: 3.791e-03, eta: 19:43:47, time: 2.793, data_time: 0.000, memory: 5243, top1_acc: 0.9956, top5_acc: 1.0000, loss_cls: 0.0301, loss: 0.0301
2026-08-18 08:21:27,953 - pyskl - INFO - Epoch [12][5900/6265]	lr: 3.763e-03, eta: 19:39:10, time: 2.793, data_time: 0.000, memory: 5243, top1_acc: 0.9962, top5_acc: 1.0000, loss_cls: 0.0295, loss: 0.0295
2026-08-18 08:26:07,912 - pyskl - INFO - Epoch [12][6000/6265]	lr: 3.735e-03, eta: 19:34:32, time: 2.800, data_time: 0.000, memory: 5243, top1_acc: 0.9928, top5_acc: 0.9997, loss_cls: 0.0384, loss: 0.0384
2026-08-18 08:30:47,612 - pyskl - INFO - Epoch [12][6100/6265]	lr: 3.707e-03, eta: 19:29:54, time: 2.797, data_time: 0.000, memory: 5243, top1_acc: 0.9950, top5_acc: 1.0000, loss_cls: 0.0274, loss: 0.0274
2026-08-18 08:35:26,753 - pyskl - INFO - Epoch [12][6200/6265]	lr: 3.679e-03, eta: 19:25:16, time: 2.791, data_time: 0.000, memory: 5243, top1_acc: 0.9941, top5_acc: 1.0000, loss_cls: 0.0326, loss: 0.0326
2026-08-18 08:38:26,561 - pyskl - INFO - Saving checkpoint at 12 epochs
2026-08-18 08:59:05,110 - pyskl - INFO - Evaluating top_k_accuracy ...
2026-08-18 08:59:05,152 - pyskl - INFO - 
top1_acc	0.8209
top5_acc	0.9474
2026-08-18 08:59:05,154 - pyskl - INFO - Epoch(val) [12][516]	top1_acc: 0.8209, top5_acc: 0.9474
2026-08-18 09:03:53,443 - pyskl - INFO - Epoch [13][100/6265]	lr: 3.634e-03, eta: 19:16:40, time: 2.883, data_time: 0.087, memory: 5243, top1_acc: 0.9959, top5_acc: 1.0000, loss_cls: 0.0315, loss: 0.0315
2026-08-18 09:08:32,590 - pyskl - INFO - Epoch [13][200/6265]	lr: 3.606e-03, eta: 19:12:03, time: 2.791, data_time: 0.000, memory: 5243, top1_acc: 0.9959, top5_acc: 1.0000, loss_cls: 0.0251, loss: 0.0251
2026-08-18 09:13:11,741 - pyskl - INFO - Epoch [13][300/6265]	lr: 3.579e-03, eta: 19:07:25, time: 2.791, data_time: 0.000, memory: 5243, top1_acc: 0.9975, top5_acc: 1.0000, loss_cls: 0.0226, loss: 0.0226
2026-08-18 09:17:50,886 - pyskl - INFO - Epoch [13][400/6265]	lr: 3.551e-03, eta: 19:02:47, time: 2.791, data_time: 0.000, memory: 5243, top1_acc: 0.9962, top5_acc: 1.0000, loss_cls: 0.0244, loss: 0.0244
2026-08-18 09:22:30,763 - pyskl - INFO - Epoch [13][500/6265]	lr: 3.524e-03, eta: 18:58:10, time: 2.799, data_time: 0.000, memory: 5243, top1_acc: 0.9969, top5_acc: 1.0000, loss_cls: 0.0250, loss: 0.0250
2026-08-18 09:27:20,336 - pyskl - INFO - Epoch [13][600/6265]	lr: 3.497e-03, eta: 18:53:35, time: 2.896, data_time: 0.000, memory: 5243, top1_acc: 0.9988, top5_acc: 1.0000, loss_cls: 0.0192, loss: 0.0192
2026-08-18 09:31:58,989 - pyskl - INFO - Epoch [13][700/6265]	lr: 3.470e-03, eta: 18:48:57, time: 2.787, data_time: 0.000, memory: 5243, top1_acc: 0.9953, top5_acc: 1.0000, loss_cls: 0.0293, loss: 0.0293
2026-08-18 09:36:38,065 - pyskl - INFO - Epoch [13][800/6265]	lr: 3.443e-03, eta: 18:44:20, time: 2.791, data_time: 0.000, memory: 5243, top1_acc: 0.9959, top5_acc: 1.0000, loss_cls: 0.0278, loss: 0.0278
2026-08-18 09:41:17,281 - pyskl - INFO - Epoch [13][900/6265]	lr: 3.416e-03, eta: 18:39:42, time: 2.792, data_time: 0.000, memory: 5243, top1_acc: 0.9978, top5_acc: 1.0000, loss_cls: 0.0211, loss: 0.0211
2026-08-18 09:45:56,543 - pyskl - INFO - Epoch [13][1000/6265]	lr: 3.389e-03, eta: 18:35:04, time: 2.793, data_time: 0.000, memory: 5243, top1_acc: 0.9938, top5_acc: 1.0000, loss_cls: 0.0267, loss: 0.0267
2026-08-18 09:50:35,672 - pyskl - INFO - Epoch [13][1100/6265]	lr: 3.362e-03, eta: 18:30:27, time: 2.791, data_time: 0.000, memory: 5243, top1_acc: 0.9981, top5_acc: 1.0000, loss_cls: 0.0218, loss: 0.0218
2026-08-18 09:55:15,175 - pyskl - INFO - Epoch [13][1200/6265]	lr: 3.335e-03, eta: 18:25:49, time: 2.795, data_time: 0.000, memory: 5243, top1_acc: 0.9959, top5_acc: 1.0000, loss_cls: 0.0266, loss: 0.0266
2026-08-18 09:59:55,025 - pyskl - INFO - Epoch [13][1300/6265]	lr: 3.309e-03, eta: 18:21:11, time: 2.798, data_time: 0.000, memory: 5243, top1_acc: 0.9953, top5_acc: 1.0000, loss_cls: 0.0282, loss: 0.0282
2026-08-18 10:04:36,789 - pyskl - INFO - Epoch [13][1400/6265]	lr: 3.282e-03, eta: 18:16:34, time: 2.818, data_time: 0.000, memory: 5243, top1_acc: 0.9972, top5_acc: 1.0000, loss_cls: 0.0259, loss: 0.0259
2026-08-18 10:09:16,690 - pyskl - INFO - Epoch [13][1500/6265]	lr: 3.256e-03, eta: 18:11:57, time: 2.799, data_time: 0.000, memory: 5243, top1_acc: 0.9966, top5_acc: 1.0000, loss_cls: 0.0238, loss: 0.0238
2026-08-18 10:13:56,568 - pyskl - INFO - Epoch [13][1600/6265]	lr: 3.229e-03, eta: 18:07:19, time: 2.799, data_time: 0.000, memory: 5243, top1_acc: 0.9972, top5_acc: 1.0000, loss_cls: 0.0252, loss: 0.0252
2026-08-18 10:18:36,726 - pyskl - INFO - Epoch [13][1700/6265]	lr: 3.203e-03, eta: 18:02:42, time: 2.802, data_time: 0.000, memory: 5243, top1_acc: 0.9966, top5_acc: 1.0000, loss_cls: 0.0282, loss: 0.0282
2026-08-18 10:23:17,289 - pyskl - INFO - Epoch [13][1800/6265]	lr: 3.177e-03, eta: 17:58:05, time: 2.806, data_time: 0.000, memory: 5243, top1_acc: 0.9975, top5_acc: 1.0000, loss_cls: 0.0208, loss: 0.0208
2026-08-18 10:27:57,714 - pyskl - INFO - Epoch [13][1900/6265]	lr: 3.151e-03, eta: 17:53:27, time: 2.804, data_time: 0.000, memory: 5243, top1_acc: 0.9972, top5_acc: 1.0000, loss_cls: 0.0260, loss: 0.0260
2026-08-18 10:32:37,664 - pyskl - INFO - Epoch [13][2000/6265]	lr: 3.125e-03, eta: 17:48:50, time: 2.799, data_time: 0.000, memory: 5243, top1_acc: 0.9959, top5_acc: 1.0000, loss_cls: 0.0237, loss: 0.0237
2026-08-18 10:37:17,186 - pyskl - INFO - Epoch [13][2100/6265]	lr: 3.099e-03, eta: 17:44:12, time: 2.795, data_time: 0.000, memory: 5243, top1_acc: 0.9984, top5_acc: 1.0000, loss_cls: 0.0194, loss: 0.0194
2026-08-18 10:41:56,802 - pyskl - INFO - Epoch [13][2200/6265]	lr: 3.073e-03, eta: 17:39:34, time: 2.796, data_time: 0.000, memory: 5243, top1_acc: 0.9981, top5_acc: 1.0000, loss_cls: 0.0240, loss: 0.0240
2026-08-18 10:46:36,627 - pyskl - INFO - Epoch [13][2300/6265]	lr: 3.048e-03, eta: 17:34:57, time: 2.798, data_time: 0.000, memory: 5243, top1_acc: 0.9978, top5_acc: 1.0000, loss_cls: 0.0229, loss: 0.0229
2026-08-18 10:51:30,885 - pyskl - INFO - Epoch [13][2400/6265]	lr: 3.022e-03, eta: 17:30:23, time: 2.943, data_time: 0.000, memory: 5243, top1_acc: 0.9988, top5_acc: 1.0000, loss_cls: 0.0179, loss: 0.0179
2026-08-18 10:56:11,055 - pyskl - INFO - Epoch [13][2500/6265]	lr: 2.997e-03, eta: 17:25:46, time: 2.802, data_time: 0.000, memory: 5243, top1_acc: 0.9981, top5_acc: 1.0000, loss_cls: 0.0226, loss: 0.0226
2026-08-18 11:00:52,528 - pyskl - INFO - Epoch [13][2600/6265]	lr: 2.971e-03, eta: 17:21:09, time: 2.815, data_time: 0.000, memory: 5243, top1_acc: 0.9997, top5_acc: 1.0000, loss_cls: 0.0185, loss: 0.0185
2026-08-18 11:05:32,680 - pyskl - INFO - Epoch [13][2700/6265]	lr: 2.946e-03, eta: 17:16:31, time: 2.802, data_time: 0.000, memory: 5243, top1_acc: 0.9984, top5_acc: 1.0000, loss_cls: 0.0178, loss: 0.0178
2026-08-18 11:10:13,375 - pyskl - INFO - Epoch [13][2800/6265]	lr: 2.921e-03, eta: 17:11:54, time: 2.807, data_time: 0.000, memory: 5243, top1_acc: 0.9975, top5_acc: 1.0000, loss_cls: 0.0184, loss: 0.0184
2026-08-18 11:14:53,704 - pyskl - INFO - Epoch [13][2900/6265]	lr: 2.896e-03, eta: 17:07:16, time: 2.803, data_time: 0.000, memory: 5243, top1_acc: 0.9991, top5_acc: 1.0000, loss_cls: 0.0171, loss: 0.0171
2026-08-18 11:19:34,396 - pyskl - INFO - Epoch [13][3000/6265]	lr: 2.871e-03, eta: 17:02:39, time: 2.807, data_time: 0.000, memory: 5243, top1_acc: 0.9997, top5_acc: 1.0000, loss_cls: 0.0156, loss: 0.0156
2026-08-18 11:24:15,086 - pyskl - INFO - Epoch [13][3100/6265]	lr: 2.846e-03, eta: 16:58:01, time: 2.807, data_time: 0.000, memory: 5243, top1_acc: 0.9978, top5_acc: 1.0000, loss_cls: 0.0179, loss: 0.0179
2026-08-18 11:28:55,550 - pyskl - INFO - Epoch [13][3200/6265]	lr: 2.821e-03, eta: 16:53:24, time: 2.805, data_time: 0.000, memory: 5243, top1_acc: 0.9984, top5_acc: 1.0000, loss_cls: 0.0175, loss: 0.0175
2026-08-18 11:33:35,716 - pyskl - INFO - Epoch [13][3300/6265]	lr: 2.796e-03, eta: 16:48:46, time: 2.802, data_time: 0.000, memory: 5243, top1_acc: 0.9991, top5_acc: 1.0000, loss_cls: 0.0171, loss: 0.0171
2026-08-18 11:38:16,327 - pyskl - INFO - Epoch [13][3400/6265]	lr: 2.771e-03, eta: 16:44:09, time: 2.806, data_time: 0.000, memory: 5243, top1_acc: 0.9966, top5_acc: 0.9997, loss_cls: 0.0232, loss: 0.0232
2026-08-18 11:42:56,917 - pyskl - INFO - Epoch [13][3500/6265]	lr: 2.747e-03, eta: 16:39:31, time: 2.806, data_time: 0.000, memory: 5243, top1_acc: 0.9981, top5_acc: 1.0000, loss_cls: 0.0199, loss: 0.0199
2026-08-18 11:47:36,927 - pyskl - INFO - Epoch [13][3600/6265]	lr: 2.722e-03, eta: 16:34:54, time: 2.800, data_time: 0.000, memory: 5243, top1_acc: 0.9988, top5_acc: 1.0000, loss_cls: 0.0159, loss: 0.0159
2026-08-18 11:52:16,766 - pyskl - INFO - Epoch [13][3700/6265]	lr: 2.698e-03, eta: 16:30:16, time: 2.798, data_time: 0.000, memory: 5243, top1_acc: 0.9994, top5_acc: 1.0000, loss_cls: 0.0170, loss: 0.0170
2026-08-18 11:56:56,813 - pyskl - INFO - Epoch [13][3800/6265]	lr: 2.674e-03, eta: 16:25:38, time: 2.800, data_time: 0.000, memory: 5243, top1_acc: 0.9991, top5_acc: 1.0000, loss_cls: 0.0158, loss: 0.0158
2026-08-18 12:01:37,180 - pyskl - INFO - Epoch [13][3900/6265]	lr: 2.650e-03, eta: 16:21:01, time: 2.804, data_time: 0.000, memory: 5243, top1_acc: 0.9984, top5_acc: 1.0000, loss_cls: 0.0166, loss: 0.0166
2026-08-18 12:06:17,186 - pyskl - INFO - Epoch [13][4000/6265]	lr: 2.626e-03, eta: 16:16:23, time: 2.800, data_time: 0.000, memory: 5243, top1_acc: 0.9972, top5_acc: 1.0000, loss_cls: 0.0195, loss: 0.0195
2026-08-18 12:10:57,225 - pyskl - INFO - Epoch [13][4100/6265]	lr: 2.602e-03, eta: 16:11:45, time: 2.800, data_time: 0.000, memory: 5243, top1_acc: 0.9997, top5_acc: 1.0000, loss_cls: 0.0153, loss: 0.0153
2026-08-18 12:15:37,713 - pyskl - INFO - Epoch [13][4200/6265]	lr: 2.578e-03, eta: 16:07:08, time: 2.805, data_time: 0.000, memory: 5243, top1_acc: 0.9984, top5_acc: 1.0000, loss_cls: 0.0192, loss: 0.0192
2026-08-18 12:20:18,058 - pyskl - INFO - Epoch [13][4300/6265]	lr: 2.554e-03, eta: 16:02:30, time: 2.803, data_time: 0.000, memory: 5243, top1_acc: 0.9978, top5_acc: 1.0000, loss_cls: 0.0191, loss: 0.0191
2026-08-18 12:25:01,185 - pyskl - INFO - Epoch [13][4400/6265]	lr: 2.530e-03, eta: 15:57:53, time: 2.831, data_time: 0.000, memory: 5243, top1_acc: 0.9991, top5_acc: 1.0000, loss_cls: 0.0155, loss: 0.0155
2026-08-18 12:29:41,773 - pyskl - INFO - Epoch [13][4500/6265]	lr: 2.507e-03, eta: 15:53:16, time: 2.806, data_time: 0.000, memory: 5243, top1_acc: 0.9997, top5_acc: 1.0000, loss_cls: 0.0142, loss: 0.0142
2026-08-18 12:34:21,568 - pyskl - INFO - Epoch [13][4600/6265]	lr: 2.483e-03, eta: 15:48:38, time: 2.798, data_time: 0.000, memory: 5243, top1_acc: 0.9984, top5_acc: 1.0000, loss_cls: 0.0160, loss: 0.0160
2026-08-18 12:39:01,727 - pyskl - INFO - Epoch [13][4700/6265]	lr: 2.460e-03, eta: 15:44:00, time: 2.802, data_time: 0.000, memory: 5243, top1_acc: 0.9978, top5_acc: 1.0000, loss_cls: 0.0168, loss: 0.0168
2026-08-18 12:43:41,843 - pyskl - INFO - Epoch [13][4800/6265]	lr: 2.437e-03, eta: 15:39:22, time: 2.801, data_time: 0.000, memory: 5243, top1_acc: 0.9981, top5_acc: 1.0000, loss_cls: 0.0194, loss: 0.0194
2026-08-18 12:48:21,931 - pyskl - INFO - Epoch [13][4900/6265]	lr: 2.413e-03, eta: 15:34:45, time: 2.801, data_time: 0.000, memory: 5243, top1_acc: 0.9988, top5_acc: 1.0000, loss_cls: 0.0173, loss: 0.0173
2026-08-18 12:53:02,361 - pyskl - INFO - Epoch [13][5000/6265]	lr: 2.390e-03, eta: 15:30:07, time: 2.804, data_time: 0.000, memory: 5243, top1_acc: 1.0000, top5_acc: 1.0000, loss_cls: 0.0131, loss: 0.0131
2026-08-18 12:57:42,443 - pyskl - INFO - Epoch [13][5100/6265]	lr: 2.367e-03, eta: 15:25:29, time: 2.801, data_time: 0.000, memory: 5243, top1_acc: 0.9991, top5_acc: 1.0000, loss_cls: 0.0151, loss: 0.0151
2026-08-18 13:02:23,508 - pyskl - INFO - Epoch [13][5200/6265]	lr: 2.344e-03, eta: 15:20:52, time: 2.811, data_time: 0.000, memory: 5243, top1_acc: 0.9994, top5_acc: 1.0000, loss_cls: 0.0130, loss: 0.0130
2026-08-18 13:07:03,423 - pyskl - INFO - Epoch [13][5300/6265]	lr: 2.322e-03, eta: 15:16:14, time: 2.799, data_time: 0.000, memory: 5243, top1_acc: 0.9997, top5_acc: 1.0000, loss_cls: 0.0135, loss: 0.0135
2026-08-18 13:11:43,323 - pyskl - INFO - Epoch [13][5400/6265]	lr: 2.299e-03, eta: 15:11:36, time: 2.799, data_time: 0.000, memory: 5243, top1_acc: 0.9994, top5_acc: 1.0000, loss_cls: 0.0139, loss: 0.0139
2026-08-18 13:16:23,577 - pyskl - INFO - Epoch [13][5500/6265]	lr: 2.276e-03, eta: 15:06:59, time: 2.803, data_time: 0.000, memory: 5243, top1_acc: 0.9994, top5_acc: 1.0000, loss_cls: 0.0140, loss: 0.0140
2026-08-18 13:21:03,476 - pyskl - INFO - Epoch [13][5600/6265]	lr: 2.254e-03, eta: 15:02:21, time: 2.799, data_time: 0.000, memory: 5243, top1_acc: 0.9988, top5_acc: 1.0000, loss_cls: 0.0163, loss: 0.0163
2026-08-18 13:25:43,656 - pyskl - INFO - Epoch [13][5700/6265]	lr: 2.231e-03, eta: 14:57:43, time: 2.802, data_time: 0.000, memory: 5243, top1_acc: 0.9994, top5_acc: 1.0000, loss_cls: 0.0156, loss: 0.0156
2026-08-18 13:30:24,061 - pyskl - INFO - Epoch [13][5800/6265]	lr: 2.209e-03, eta: 14:53:05, time: 2.804, data_time: 0.000, memory: 5243, top1_acc: 0.9997, top5_acc: 1.0000, loss_cls: 0.0153, loss: 0.0153
2026-08-18 13:35:03,956 - pyskl - INFO - Epoch [13][5900/6265]	lr: 2.187e-03, eta: 14:48:27, time: 2.799, data_time: 0.000, memory: 5243, top1_acc: 0.9988, top5_acc: 1.0000, loss_cls: 0.0136, loss: 0.0136
2026-08-18 13:39:44,316 - pyskl - INFO - Epoch [13][6000/6265]	lr: 2.165e-03, eta: 14:43:50, time: 2.804, data_time: 0.000, memory: 5243, top1_acc: 0.9981, top5_acc: 1.0000, loss_cls: 0.0169, loss: 0.0169
2026-08-18 13:44:24,016 - pyskl - INFO - Epoch [13][6100/6265]	lr: 2.143e-03, eta: 14:39:12, time: 2.797, data_time: 0.000, memory: 5243, top1_acc: 0.9994, top5_acc: 1.0000, loss_cls: 0.0140, loss: 0.0140
2026-08-18 13:49:09,995 - pyskl - INFO - Epoch [13][6200/6265]	lr: 2.121e-03, eta: 14:34:35, time: 2.860, data_time: 0.000, memory: 5243, top1_acc: 0.9997, top5_acc: 1.0000, loss_cls: 0.0126, loss: 0.0126
2026-08-18 13:52:18,045 - pyskl - INFO - Saving checkpoint at 13 epochs
2026-08-18 14:12:58,462 - pyskl - INFO - Evaluating top_k_accuracy ...
2026-08-18 14:12:58,505 - pyskl - INFO - 
top1_acc	0.8862
top5_acc	0.9776
2026-08-18 14:12:58,507 - pyskl - INFO - The previous best checkpoint D:\YxjProject\pythonProject\pyskl\work_dirs\stgcn++\ntu60_xsub_3dkp\j_single_gpu_seed3407\best_top1_acc_epoch_11.pth was removed
2026-08-18 14:12:58,595 - pyskl - INFO - Now best checkpoint is saved as best_top1_acc_epoch_13.pth.
2026-08-18 14:12:58,596 - pyskl - INFO - Best top1_acc is 0.8862 at 13 epoch.
2026-08-18 14:12:58,597 - pyskl - INFO - Epoch(val) [13][516]	top1_acc: 0.8862, top5_acc: 0.9776
2026-08-18 14:17:47,684 - pyskl - INFO - Epoch [14][100/6265]	lr: 2.085e-03, eta: 14:26:17, time: 2.891, data_time: 0.087, memory: 5243, top1_acc: 0.9994, top5_acc: 1.0000, loss_cls: 0.0150, loss: 0.0150
2026-08-18 14:22:27,824 - pyskl - INFO - Epoch [14][200/6265]	lr: 2.064e-03, eta: 14:21:40, time: 2.801, data_time: 0.000, memory: 5243, top1_acc: 0.9988, top5_acc: 1.0000, loss_cls: 0.0136, loss: 0.0136
2026-08-18 14:27:07,961 - pyskl - INFO - Epoch [14][300/6265]	lr: 2.042e-03, eta: 14:17:02, time: 2.801, data_time: 0.000, memory: 5243, top1_acc: 0.9991, top5_acc: 1.0000, loss_cls: 0.0131, loss: 0.0131
2026-08-18 14:31:47,593 - pyskl - INFO - Epoch [14][400/6265]	lr: 2.021e-03, eta: 14:12:25, time: 2.796, data_time: 0.000, memory: 5243, top1_acc: 1.0000, top5_acc: 1.0000, loss_cls: 0.0115, loss: 0.0115
2026-08-18 14:36:27,327 - pyskl - INFO - Epoch [14][500/6265]	lr: 1.999e-03, eta: 14:07:47, time: 2.797, data_time: 0.000, memory: 5243, top1_acc: 0.9997, top5_acc: 1.0000, loss_cls: 0.0126, loss: 0.0126
2026-08-18 14:41:07,263 - pyskl - INFO - Epoch [14][600/6265]	lr: 1.978e-03, eta: 14:03:09, time: 2.799, data_time: 0.000, memory: 5243, top1_acc: 0.9988, top5_acc: 1.0000, loss_cls: 0.0136, loss: 0.0136
2026-08-18 14:45:46,964 - pyskl - INFO - Epoch [14][700/6265]	lr: 1.957e-03, eta: 13:58:32, time: 2.797, data_time: 0.000, memory: 5243, top1_acc: 1.0000, top5_acc: 1.0000, loss_cls: 0.0120, loss: 0.0120
2026-08-18 14:50:26,776 - pyskl - INFO - Epoch [14][800/6265]	lr: 1.936e-03, eta: 13:53:54, time: 2.798, data_time: 0.000, memory: 5243, top1_acc: 0.9997, top5_acc: 1.0000, loss_cls: 0.0123, loss: 0.0123
2026-08-18 14:55:06,652 - pyskl - INFO - Epoch [14][900/6265]	lr: 1.915e-03, eta: 13:49:16, time: 2.799, data_time: 0.000, memory: 5243, top1_acc: 0.9988, top5_acc: 1.0000, loss_cls: 0.0143, loss: 0.0143
2026-08-18 14:59:46,907 - pyskl - INFO - Epoch [14][1000/6265]	lr: 1.894e-03, eta: 13:44:39, time: 2.803, data_time: 0.000, memory: 5243, top1_acc: 0.9991, top5_acc: 1.0000, loss_cls: 0.0145, loss: 0.0145
2026-08-18 15:04:26,853 - pyskl - INFO - Epoch [14][1100/6265]	lr: 1.874e-03, eta: 13:40:01, time: 2.799, data_time: 0.000, memory: 5243, top1_acc: 0.9994, top5_acc: 1.0000, loss_cls: 0.0129, loss: 0.0129
2026-08-18 15:09:07,115 - pyskl - INFO - Epoch [14][1200/6265]	lr: 1.853e-03, eta: 13:35:23, time: 2.803, data_time: 0.000, memory: 5243, top1_acc: 0.9997, top5_acc: 1.0000, loss_cls: 0.0130, loss: 0.0130
2026-08-18 15:13:47,620 - pyskl - INFO - Epoch [14][1300/6265]	lr: 1.833e-03, eta: 13:30:46, time: 2.805, data_time: 0.000, memory: 5243, top1_acc: 0.9994, top5_acc: 1.0000, loss_cls: 0.0121, loss: 0.0121
2026-08-18 15:18:28,387 - pyskl - INFO - Epoch [14][1400/6265]	lr: 1.812e-03, eta: 13:26:08, time: 2.808, data_time: 0.000, memory: 5243, top1_acc: 0.9997, top5_acc: 1.0000, loss_cls: 0.0133, loss: 0.0133
2026-08-18 15:23:08,913 - pyskl - INFO - Epoch [14][1500/6265]	lr: 1.792e-03, eta: 13:21:31, time: 2.805, data_time: 0.000, memory: 5243, top1_acc: 1.0000, top5_acc: 1.0000, loss_cls: 0.0113, loss: 0.0113
2026-08-18 15:27:49,482 - pyskl - INFO - Epoch [14][1600/6265]	lr: 1.772e-03, eta: 13:16:53, time: 2.806, data_time: 0.000, memory: 5243, top1_acc: 0.9994, top5_acc: 1.0000, loss_cls: 0.0116, loss: 0.0116
2026-08-18 15:32:29,623 - pyskl - INFO - Epoch [14][1700/6265]	lr: 1.752e-03, eta: 13:12:16, time: 2.801, data_time: 0.000, memory: 5243, top1_acc: 0.9994, top5_acc: 1.0000, loss_cls: 0.0128, loss: 0.0128
2026-08-18 15:37:09,779 - pyskl - INFO - Epoch [14][1800/6265]	lr: 1.732e-03, eta: 13:07:38, time: 2.802, data_time: 0.000, memory: 5243, top1_acc: 0.9991, top5_acc: 1.0000, loss_cls: 0.0136, loss: 0.0136
2026-08-18 15:41:49,921 - pyskl - INFO - Epoch [14][1900/6265]	lr: 1.712e-03, eta: 13:03:00, time: 2.801, data_time: 0.000, memory: 5243, top1_acc: 0.9991, top5_acc: 1.0000, loss_cls: 0.0131, loss: 0.0131
2026-08-18 15:46:29,831 - pyskl - INFO - Epoch [14][2000/6265]	lr: 1.692e-03, eta: 12:58:23, time: 2.799, data_time: 0.000, memory: 5243, top1_acc: 1.0000, top5_acc: 1.0000, loss_cls: 0.0112, loss: 0.0112
2026-08-18 15:51:09,535 - pyskl - INFO - Epoch [14][2100/6265]	lr: 1.673e-03, eta: 12:53:45, time: 2.797, data_time: 0.000, memory: 5243, top1_acc: 1.0000, top5_acc: 1.0000, loss_cls: 0.0108, loss: 0.0108
2026-08-18 15:55:49,196 - pyskl - INFO - Epoch [14][2200/6265]	lr: 1.653e-03, eta: 12:49:07, time: 2.797, data_time: 0.000, memory: 5243, top1_acc: 1.0000, top5_acc: 1.0000, loss_cls: 0.0103, loss: 0.0103
2026-08-18 16:00:29,136 - pyskl - INFO - Epoch [14][2300/6265]	lr: 1.634e-03, eta: 12:44:29, time: 2.799, data_time: 0.000, memory: 5243, top1_acc: 1.0000, top5_acc: 1.0000, loss_cls: 0.0109, loss: 0.0109
2026-08-18 16:05:09,344 - pyskl - INFO - Epoch [14][2400/6265]	lr: 1.614e-03, eta: 12:39:52, time: 2.802, data_time: 0.000, memory: 5243, top1_acc: 1.0000, top5_acc: 1.0000, loss_cls: 0.0104, loss: 0.0104
2026-08-18 16:09:49,155 - pyskl - INFO - Epoch [14][2500/6265]	lr: 1.595e-03, eta: 12:35:14, time: 2.798, data_time: 0.000, memory: 5243, top1_acc: 0.9997, top5_acc: 1.0000, loss_cls: 0.0107, loss: 0.0107
2026-08-18 16:14:29,088 - pyskl - INFO - Epoch [14][2600/6265]	lr: 1.576e-03, eta: 12:30:36, time: 2.799, data_time: 0.000, memory: 5243, top1_acc: 1.0000, top5_acc: 1.0000, loss_cls: 0.0124, loss: 0.0124
2026-08-18 16:19:09,411 - pyskl - INFO - Epoch [14][2700/6265]	lr: 1.557e-03, eta: 12:25:59, time: 2.803, data_time: 0.000, memory: 5243, top1_acc: 1.0000, top5_acc: 1.0000, loss_cls: 0.0109, loss: 0.0109
2026-08-18 16:23:49,477 - pyskl - INFO - Epoch [14][2800/6265]	lr: 1.538e-03, eta: 12:21:21, time: 2.801, data_time: 0.000, memory: 5243, top1_acc: 1.0000, top5_acc: 1.0000, loss_cls: 0.0113, loss: 0.0113
2026-08-18 16:28:29,600 - pyskl - INFO - Epoch [14][2900/6265]	lr: 1.519e-03, eta: 12:16:43, time: 2.801, data_time: 0.000, memory: 5243, top1_acc: 1.0000, top5_acc: 1.0000, loss_cls: 0.0113, loss: 0.0113
2026-08-18 16:33:09,899 - pyskl - INFO - Epoch [14][3000/6265]	lr: 1.501e-03, eta: 12:12:06, time: 2.803, data_time: 0.000, memory: 5243, top1_acc: 1.0000, top5_acc: 1.0000, loss_cls: 0.0117, loss: 0.0117
2026-08-18 16:37:49,885 - pyskl - INFO - Epoch [14][3100/6265]	lr: 1.482e-03, eta: 12:07:28, time: 2.800, data_time: 0.000, memory: 5243, top1_acc: 0.9991, top5_acc: 1.0000, loss_cls: 0.0111, loss: 0.0111
2026-08-18 16:42:29,997 - pyskl - INFO - Epoch [14][3200/6265]	lr: 1.464e-03, eta: 12:02:50, time: 2.801, data_time: 0.000, memory: 5243, top1_acc: 0.9997, top5_acc: 1.0000, loss_cls: 0.0101, loss: 0.0101
2026-08-18 16:47:10,079 - pyskl - INFO - Epoch [14][3300/6265]	lr: 1.445e-03, eta: 11:58:12, time: 2.801, data_time: 0.000, memory: 5243, top1_acc: 1.0000, top5_acc: 1.0000, loss_cls: 0.0107, loss: 0.0107
2026-08-18 16:52:03,269 - pyskl - INFO - Epoch [14][3400/6265]	lr: 1.427e-03, eta: 11:53:37, time: 2.932, data_time: 0.000, memory: 5243, top1_acc: 1.0000, top5_acc: 1.0000, loss_cls: 0.0109, loss: 0.0109
2026-08-18 16:56:43,344 - pyskl - INFO - Epoch [14][3500/6265]	lr: 1.409e-03, eta: 11:48:59, time: 2.801, data_time: 0.000, memory: 5243, top1_acc: 0.9994, top5_acc: 1.0000, loss_cls: 0.0115, loss: 0.0115
2026-08-18 17:01:23,357 - pyskl - INFO - Epoch [14][3600/6265]	lr: 1.391e-03, eta: 11:44:21, time: 2.800, data_time: 0.000, memory: 5243, top1_acc: 0.9984, top5_acc: 1.0000, loss_cls: 0.0135, loss: 0.0135
2026-08-18 17:06:03,339 - pyskl - INFO - Epoch [14][3700/6265]	lr: 1.373e-03, eta: 11:39:44, time: 2.800, data_time: 0.000, memory: 5243, top1_acc: 0.9994, top5_acc: 1.0000, loss_cls: 0.0121, loss: 0.0121
2026-08-18 17:10:43,199 - pyskl - INFO - Epoch [14][3800/6265]	lr: 1.355e-03, eta: 11:35:06, time: 2.799, data_time: 0.000, memory: 5243, top1_acc: 0.9997, top5_acc: 1.0000, loss_cls: 0.0115, loss: 0.0115
2026-08-18 17:15:24,499 - pyskl - INFO - Epoch [14][3900/6265]	lr: 1.338e-03, eta: 11:30:28, time: 2.813, data_time: 0.000, memory: 5243, top1_acc: 1.0000, top5_acc: 1.0000, loss_cls: 0.0115, loss: 0.0115
2026-08-18 17:20:04,980 - pyskl - INFO - Epoch [14][4000/6265]	lr: 1.320e-03, eta: 11:25:50, time: 2.805, data_time: 0.000, memory: 5243, top1_acc: 0.9997, top5_acc: 1.0000, loss_cls: 0.0108, loss: 0.0108
2026-08-18 17:24:45,894 - pyskl - INFO - Epoch [14][4100/6265]	lr: 1.303e-03, eta: 11:21:13, time: 2.809, data_time: 0.000, memory: 5243, top1_acc: 0.9984, top5_acc: 1.0000, loss_cls: 0.0133, loss: 0.0133
2026-08-18 17:29:25,671 - pyskl - INFO - Epoch [14][4200/6265]	lr: 1.285e-03, eta: 11:16:35, time: 2.798, data_time: 0.000, memory: 5243, top1_acc: 1.0000, top5_acc: 1.0000, loss_cls: 0.0106, loss: 0.0106
2026-08-18 17:34:04,755 - pyskl - INFO - Epoch [14][4300/6265]	lr: 1.268e-03, eta: 11:11:57, time: 2.791, data_time: 0.000, memory: 5243, top1_acc: 0.9997, top5_acc: 1.0000, loss_cls: 0.0107, loss: 0.0107
2026-08-18 17:38:44,638 - pyskl - INFO - Epoch [14][4400/6265]	lr: 1.251e-03, eta: 11:07:19, time: 2.799, data_time: 0.000, memory: 5243, top1_acc: 0.9991, top5_acc: 1.0000, loss_cls: 0.0133, loss: 0.0133
2026-08-18 17:43:24,394 - pyskl - INFO - Epoch [14][4500/6265]	lr: 1.234e-03, eta: 11:02:41, time: 2.798, data_time: 0.000, memory: 5243, top1_acc: 0.9991, top5_acc: 1.0000, loss_cls: 0.0112, loss: 0.0112
2026-08-18 17:48:04,228 - pyskl - INFO - Epoch [14][4600/6265]	lr: 1.217e-03, eta: 10:58:03, time: 2.798, data_time: 0.000, memory: 5243, top1_acc: 0.9994, top5_acc: 1.0000, loss_cls: 0.0126, loss: 0.0126
2026-08-18 17:52:43,862 - pyskl - INFO - Epoch [14][4700/6265]	lr: 1.200e-03, eta: 10:53:25, time: 2.796, data_time: 0.000, memory: 5243, top1_acc: 0.9991, top5_acc: 1.0000, loss_cls: 0.0122, loss: 0.0122
2026-08-18 17:57:23,287 - pyskl - INFO - Epoch [14][4800/6265]	lr: 1.183e-03, eta: 10:48:47, time: 2.794, data_time: 0.000, memory: 5243, top1_acc: 1.0000, top5_acc: 1.0000, loss_cls: 0.0105, loss: 0.0105
2026-08-18 18:02:02,674 - pyskl - INFO - Epoch [14][4900/6265]	lr: 1.167e-03, eta: 10:44:09, time: 2.794, data_time: 0.000, memory: 5243, top1_acc: 0.9994, top5_acc: 1.0000, loss_cls: 0.0108, loss: 0.0108
2026-08-18 18:06:42,283 - pyskl - INFO - Epoch [14][5000/6265]	lr: 1.150e-03, eta: 10:39:32, time: 2.796, data_time: 0.000, memory: 5243, top1_acc: 0.9997, top5_acc: 1.0000, loss_cls: 0.0118, loss: 0.0118
2026-08-18 18:11:21,969 - pyskl - INFO - Epoch [14][5100/6265]	lr: 1.134e-03, eta: 10:34:54, time: 2.797, data_time: 0.000, memory: 5243, top1_acc: 1.0000, top5_acc: 1.0000, loss_cls: 0.0106, loss: 0.0106
2026-08-18 18:16:01,404 - pyskl - INFO - Epoch [14][5200/6265]	lr: 1.118e-03, eta: 10:30:16, time: 2.794, data_time: 0.000, memory: 5243, top1_acc: 0.9997, top5_acc: 1.0000, loss_cls: 0.0103, loss: 0.0103
2026-08-18 18:20:41,093 - pyskl - INFO - Epoch [14][5300/6265]	lr: 1.102e-03, eta: 10:25:38, time: 2.797, data_time: 0.000, memory: 5243, top1_acc: 1.0000, top5_acc: 1.0000, loss_cls: 0.0104, loss: 0.0104
2026-08-18 18:25:20,913 - pyskl - INFO - Epoch [14][5400/6265]	lr: 1.086e-03, eta: 10:21:00, time: 2.798, data_time: 0.000, memory: 5243, top1_acc: 1.0000, top5_acc: 1.0000, loss_cls: 0.0104, loss: 0.0104
2026-08-18 18:30:00,302 - pyskl - INFO - Epoch [14][5500/6265]	lr: 1.070e-03, eta: 10:16:22, time: 2.794, data_time: 0.000, memory: 5243, top1_acc: 0.9997, top5_acc: 1.0000, loss_cls: 0.0101, loss: 0.0101
2026-08-18 18:34:40,011 - pyskl - INFO - Epoch [14][5600/6265]	lr: 1.054e-03, eta: 10:11:44, time: 2.797, data_time: 0.000, memory: 5243, top1_acc: 1.0000, top5_acc: 1.0000, loss_cls: 0.0108, loss: 0.0108
2026-08-18 18:39:19,475 - pyskl - INFO - Epoch [14][5700/6265]	lr: 1.038e-03, eta: 10:07:06, time: 2.795, data_time: 0.000, memory: 5243, top1_acc: 1.0000, top5_acc: 1.0000, loss_cls: 0.0097, loss: 0.0097
2026-08-18 18:43:58,842 - pyskl - INFO - Epoch [14][5800/6265]	lr: 1.023e-03, eta: 10:02:28, time: 2.794, data_time: 0.000, memory: 5243, top1_acc: 1.0000, top5_acc: 1.0000, loss_cls: 0.0100, loss: 0.0100
2026-08-18 18:48:38,719 - pyskl - INFO - Epoch [14][5900/6265]	lr: 1.007e-03, eta: 9:57:50, time: 2.799, data_time: 0.000, memory: 5243, top1_acc: 0.9997, top5_acc: 1.0000, loss_cls: 0.0111, loss: 0.0111
2026-08-18 18:53:18,046 - pyskl - INFO - Epoch [14][6000/6265]	lr: 9.918e-04, eta: 9:53:12, time: 2.793, data_time: 0.000, memory: 5243, top1_acc: 0.9997, top5_acc: 1.0000, loss_cls: 0.0109, loss: 0.0109
2026-08-18 18:57:58,321 - pyskl - INFO - Epoch [14][6100/6265]	lr: 9.765e-04, eta: 9:48:34, time: 2.803, data_time: 0.000, memory: 5243, top1_acc: 0.9997, top5_acc: 1.0000, loss_cls: 0.0099, loss: 0.0099
2026-08-18 19:02:37,663 - pyskl - INFO - Epoch [14][6200/6265]	lr: 9.614e-04, eta: 9:43:56, time: 2.793, data_time: 0.000, memory: 5243, top1_acc: 1.0000, top5_acc: 1.0000, loss_cls: 0.0103, loss: 0.0103
2026-08-18 19:05:38,873 - pyskl - INFO - Saving checkpoint at 14 epochs
2026-08-18 19:26:40,579 - pyskl - INFO - Evaluating top_k_accuracy ...
2026-08-18 19:26:40,623 - pyskl - INFO - 
top1_acc	0.8905
top5_acc	0.9779
2026-08-18 19:26:40,625 - pyskl - INFO - The previous best checkpoint D:\YxjProject\pythonProject\pyskl\work_dirs\stgcn++\ntu60_xsub_3dkp\j_single_gpu_seed3407\best_top1_acc_epoch_13.pth was removed
2026-08-18 19:26:40,712 - pyskl - INFO - Now best checkpoint is saved as best_top1_acc_epoch_14.pth.
2026-08-18 19:26:40,712 - pyskl - INFO - Best top1_acc is 0.8905 at 14 epoch.
2026-08-18 19:26:40,713 - pyskl - INFO - Epoch(val) [14][516]	top1_acc: 0.8905, top5_acc: 0.9779
2026-08-18 19:31:30,829 - pyskl - INFO - Epoch [15][100/6265]	lr: 9.367e-04, eta: 9:35:53, time: 2.901, data_time: 0.087, memory: 5243, top1_acc: 0.9997, top5_acc: 1.0000, loss_cls: 0.0115, loss: 0.0115
2026-08-18 19:36:12,480 - pyskl - INFO - Epoch [15][200/6265]	lr: 9.219e-04, eta: 9:31:16, time: 2.816, data_time: 0.000, memory: 5243, top1_acc: 0.9991, top5_acc: 1.0000, loss_cls: 0.0125, loss: 0.0125
2026-08-18 19:40:53,785 - pyskl - INFO - Epoch [15][300/6265]	lr: 9.072e-04, eta: 9:26:38, time: 2.813, data_time: 0.000, memory: 5243, top1_acc: 1.0000, top5_acc: 1.0000, loss_cls: 0.0103, loss: 0.0103
2026-08-18 19:45:34,707 - pyskl - INFO - Epoch [15][400/6265]	lr: 8.926e-04, eta: 9:22:01, time: 2.809, data_time: 0.000, memory: 5243, top1_acc: 1.0000, top5_acc: 1.0000, loss_cls: 0.0101, loss: 0.0101
2026-08-18 19:50:25,846 - pyskl - INFO - Epoch [15][500/6265]	lr: 8.781e-04, eta: 9:17:24, time: 2.911, data_time: 0.000, memory: 5243, top1_acc: 1.0000, top5_acc: 1.0000, loss_cls: 0.0103, loss: 0.0103
2026-08-18 19:55:10,003 - pyskl - INFO - Epoch [15][600/6265]	lr: 8.637e-04, eta: 9:12:47, time: 2.842, data_time: 0.000, memory: 5243, top1_acc: 0.9997, top5_acc: 1.0000, loss_cls: 0.0107, loss: 0.0107
2026-08-18 19:59:51,237 - pyskl - INFO - Epoch [15][700/6265]	lr: 8.495e-04, eta: 9:08:10, time: 2.812, data_time: 0.000, memory: 5243, top1_acc: 0.9997, top5_acc: 1.0000, loss_cls: 0.0105, loss: 0.0105
2026-08-18 20:04:32,375 - pyskl - INFO - Epoch [15][800/6265]	lr: 8.354e-04, eta: 9:03:32, time: 2.811, data_time: 0.000, memory: 5243, top1_acc: 0.9994, top5_acc: 1.0000, loss_cls: 0.0108, loss: 0.0108
2026-08-18 20:09:13,388 - pyskl - INFO - Epoch [15][900/6265]	lr: 8.213e-04, eta: 8:58:54, time: 2.810, data_time: 0.000, memory: 5243, top1_acc: 0.9997, top5_acc: 1.0000, loss_cls: 0.0117, loss: 0.0117
2026-08-18 20:13:54,986 - pyskl - INFO - Epoch [15][1000/6265]	lr: 8.074e-04, eta: 8:54:17, time: 2.816, data_time: 0.000, memory: 5243, top1_acc: 0.9997, top5_acc: 1.0000, loss_cls: 0.0093, loss: 0.0093
2026-08-18 20:18:36,633 - pyskl - INFO - Epoch [15][1100/6265]	lr: 7.936e-04, eta: 8:49:39, time: 2.816, data_time: 0.000, memory: 5243, top1_acc: 0.9997, top5_acc: 1.0000, loss_cls: 0.0104, loss: 0.0104
2026-08-18 20:23:18,195 - pyskl - INFO - Epoch [15][1200/6265]	lr: 7.799e-04, eta: 8:45:02, time: 2.816, data_time: 0.000, memory: 5243, top1_acc: 1.0000, top5_acc: 1.0000, loss_cls: 0.0095, loss: 0.0095
2026-08-18 20:27:59,562 - pyskl - INFO - Epoch [15][1300/6265]	lr: 7.664e-04, eta: 8:40:24, time: 2.814, data_time: 0.000, memory: 5243, top1_acc: 1.0000, top5_acc: 1.0000, loss_cls: 0.0115, loss: 0.0115
2026-08-18 20:32:40,669 - pyskl - INFO - Epoch [15][1400/6265]	lr: 7.529e-04, eta: 8:35:46, time: 2.811, data_time: 0.000, memory: 5243, top1_acc: 0.9991, top5_acc: 1.0000, loss_cls: 0.0110, loss: 0.0110
2026-08-18 20:37:22,036 - pyskl - INFO - Epoch [15][1500/6265]	lr: 7.396e-04, eta: 8:31:09, time: 2.814, data_time: 0.000, memory: 5243, top1_acc: 1.0000, top5_acc: 1.0000, loss_cls: 0.0094, loss: 0.0094
2026-08-18 20:42:03,282 - pyskl - INFO - Epoch [15][1600/6265]	lr: 7.264e-04, eta: 8:26:31, time: 2.812, data_time: 0.000, memory: 5243, top1_acc: 1.0000, top5_acc: 1.0000, loss_cls: 0.0101, loss: 0.0101
2026-08-18 20:46:44,393 - pyskl - INFO - Epoch [15][1700/6265]	lr: 7.133e-04, eta: 8:21:53, time: 2.811, data_time: 0.000, memory: 5243, top1_acc: 1.0000, top5_acc: 1.0000, loss_cls: 0.0095, loss: 0.0095
2026-08-18 20:51:25,681 - pyskl - INFO - Epoch [15][1800/6265]	lr: 7.003e-04, eta: 8:17:16, time: 2.813, data_time: 0.000, memory: 5243, top1_acc: 1.0000, top5_acc: 1.0000, loss_cls: 0.0090, loss: 0.0090
2026-08-18 20:56:06,944 - pyskl - INFO - Epoch [15][1900/6265]	lr: 6.874e-04, eta: 8:12:38, time: 2.813, data_time: 0.000, memory: 5243, top1_acc: 1.0000, top5_acc: 1.0000, loss_cls: 0.0103, loss: 0.0103
2026-08-18 21:00:48,319 - pyskl - INFO - Epoch [15][2000/6265]	lr: 6.747e-04, eta: 8:08:00, time: 2.814, data_time: 0.000, memory: 5243, top1_acc: 1.0000, top5_acc: 1.0000, loss_cls: 0.0093, loss: 0.0093
2026-08-18 21:05:29,101 - pyskl - INFO - Epoch [15][2100/6265]	lr: 6.620e-04, eta: 8:03:23, time: 2.808, data_time: 0.000, memory: 5243, top1_acc: 0.9997, top5_acc: 1.0000, loss_cls: 0.0100, loss: 0.0100
2026-08-18 21:10:09,982 - pyskl - INFO - Epoch [15][2200/6265]	lr: 6.495e-04, eta: 7:58:45, time: 2.809, data_time: 0.000, memory: 5243, top1_acc: 1.0000, top5_acc: 1.0000, loss_cls: 0.0089, loss: 0.0089
2026-08-18 21:14:51,142 - pyskl - INFO - Epoch [15][2300/6265]	lr: 6.371e-04, eta: 7:54:07, time: 2.812, data_time: 0.000, memory: 5243, top1_acc: 1.0000, top5_acc: 1.0000, loss_cls: 0.0100, loss: 0.0100
2026-08-18 21:19:31,877 - pyskl - INFO - Epoch [15][2400/6265]	lr: 6.248e-04, eta: 7:49:29, time: 2.807, data_time: 0.000, memory: 5243, top1_acc: 0.9997, top5_acc: 1.0000, loss_cls: 0.0098, loss: 0.0098
2026-08-18 21:24:12,974 - pyskl - INFO - Epoch [15][2500/6265]	lr: 6.126e-04, eta: 7:44:52, time: 2.811, data_time: 0.000, memory: 5243, top1_acc: 1.0000, top5_acc: 1.0000, loss_cls: 0.0091, loss: 0.0091
2026-08-18 21:28:53,903 - pyskl - INFO - Epoch [15][2600/6265]	lr: 6.006e-04, eta: 7:40:14, time: 2.809, data_time: 0.000, memory: 5243, top1_acc: 1.0000, top5_acc: 1.0000, loss_cls: 0.0102, loss: 0.0102
2026-08-18 21:33:34,689 - pyskl - INFO - Epoch [15][2700/6265]	lr: 5.886e-04, eta: 7:35:36, time: 2.808, data_time: 0.000, memory: 5243, top1_acc: 1.0000, top5_acc: 1.0000, loss_cls: 0.0106, loss: 0.0106
2026-08-18 21:38:15,588 - pyskl - INFO - Epoch [15][2800/6265]	lr: 5.768e-04, eta: 7:30:58, time: 2.809, data_time: 0.000, memory: 5243, top1_acc: 1.0000, top5_acc: 1.0000, loss_cls: 0.0087, loss: 0.0087
2026-08-18 21:42:56,254 - pyskl - INFO - Epoch [15][2900/6265]	lr: 5.651e-04, eta: 7:26:20, time: 2.807, data_time: 0.000, memory: 5243, top1_acc: 0.9997, top5_acc: 1.0000, loss_cls: 0.0098, loss: 0.0098
2026-08-18 21:47:36,527 - pyskl - INFO - Epoch [15][3000/6265]	lr: 5.535e-04, eta: 7:21:43, time: 2.803, data_time: 0.000, memory: 5243, top1_acc: 0.9997, top5_acc: 1.0000, loss_cls: 0.0109, loss: 0.0109
2026-08-18 21:52:17,029 - pyskl - INFO - Epoch [15][3100/6265]	lr: 5.421e-04, eta: 7:17:05, time: 2.805, data_time: 0.000, memory: 5243, top1_acc: 1.0000, top5_acc: 1.0000, loss_cls: 0.0103, loss: 0.0103
2026-08-18 21:56:57,958 - pyskl - INFO - Epoch [15][3200/6265]	lr: 5.307e-04, eta: 7:12:27, time: 2.809, data_time: 0.000, memory: 5243, top1_acc: 1.0000, top5_acc: 1.0000, loss_cls: 0.0100, loss: 0.0100
2026-08-18 22:01:38,767 - pyskl - INFO - Epoch [15][3300/6265]	lr: 5.195e-04, eta: 7:07:49, time: 2.808, data_time: 0.000, memory: 5243, top1_acc: 0.9997, top5_acc: 1.0000, loss_cls: 0.0105, loss: 0.0105
2026-08-18 22:06:19,898 - pyskl - INFO - Epoch [15][3400/6265]	lr: 5.084e-04, eta: 7:03:11, time: 2.811, data_time: 0.000, memory: 5243, top1_acc: 0.9997, top5_acc: 1.0000, loss_cls: 0.0099, loss: 0.0099
2026-08-18 22:11:00,665 - pyskl - INFO - Epoch [15][3500/6265]	lr: 4.974e-04, eta: 6:58:33, time: 2.808, data_time: 0.000, memory: 5243, top1_acc: 0.9997, top5_acc: 1.0000, loss_cls: 0.0096, loss: 0.0096
2026-08-18 22:15:41,584 - pyskl - INFO - Epoch [15][3600/6265]	lr: 4.865e-04, eta: 6:53:56, time: 2.809, data_time: 0.000, memory: 5243, top1_acc: 0.9994, top5_acc: 1.0000, loss_cls: 0.0112, loss: 0.0112
2026-08-18 22:20:22,293 - pyskl - INFO - Epoch [15][3700/6265]	lr: 4.757e-04, eta: 6:49:18, time: 2.807, data_time: 0.000, memory: 5243, top1_acc: 1.0000, top5_acc: 1.0000, loss_cls: 0.0102, loss: 0.0102
2026-08-18 22:25:03,394 - pyskl - INFO - Epoch [15][3800/6265]	lr: 4.651e-04, eta: 6:44:40, time: 2.811, data_time: 0.000, memory: 5243, top1_acc: 1.0000, top5_acc: 1.0000, loss_cls: 0.0087, loss: 0.0087
2026-08-18 22:29:44,186 - pyskl - INFO - Epoch [15][3900/6265]	lr: 4.545e-04, eta: 6:40:02, time: 2.808, data_time: 0.000, memory: 5243, top1_acc: 0.9997, top5_acc: 1.0000, loss_cls: 0.0096, loss: 0.0096
2026-08-18 22:34:24,596 - pyskl - INFO - Epoch [15][4000/6265]	lr: 4.441e-04, eta: 6:35:24, time: 2.804, data_time: 0.000, memory: 5243, top1_acc: 1.0000, top5_acc: 1.0000, loss_cls: 0.0093, loss: 0.0093
2026-08-18 22:39:05,599 - pyskl - INFO - Epoch [15][4100/6265]	lr: 4.338e-04, eta: 6:30:46, time: 2.810, data_time: 0.000, memory: 5243, top1_acc: 0.9994, top5_acc: 1.0000, loss_cls: 0.0101, loss: 0.0101
2026-08-18 22:43:46,151 - pyskl - INFO - Epoch [15][4200/6265]	lr: 4.237e-04, eta: 6:26:08, time: 2.806, data_time: 0.000, memory: 5243, top1_acc: 0.9994, top5_acc: 1.0000, loss_cls: 0.0104, loss: 0.0104
2026-08-18 22:48:30,174 - pyskl - INFO - Epoch [15][4300/6265]	lr: 4.136e-04, eta: 6:21:31, time: 2.840, data_time: 0.000, memory: 5243, top1_acc: 0.9997, top5_acc: 1.0000, loss_cls: 0.0094, loss: 0.0094
2026-08-18 22:53:21,568 - pyskl - INFO - Epoch [15][4400/6265]	lr: 4.037e-04, eta: 6:16:54, time: 2.914, data_time: 0.000, memory: 5243, top1_acc: 0.9994, top5_acc: 1.0000, loss_cls: 0.0108, loss: 0.0108
2026-08-18 22:58:02,661 - pyskl - INFO - Epoch [15][4500/6265]	lr: 3.939e-04, eta: 6:12:16, time: 2.811, data_time: 0.000, memory: 5243, top1_acc: 1.0000, top5_acc: 1.0000, loss_cls: 0.0101, loss: 0.0101
2026-08-18 23:02:43,143 - pyskl - INFO - Epoch [15][4600/6265]	lr: 3.842e-04, eta: 6:07:38, time: 2.805, data_time: 0.000, memory: 5243, top1_acc: 1.0000, top5_acc: 1.0000, loss_cls: 0.0091, loss: 0.0091
2026-08-18 23:07:23,419 - pyskl - INFO - Epoch [15][4700/6265]	lr: 3.746e-04, eta: 6:03:00, time: 2.803, data_time: 0.000, memory: 5243, top1_acc: 1.0000, top5_acc: 1.0000, loss_cls: 0.0093, loss: 0.0093
2026-08-18 23:12:03,355 - pyskl - INFO - Epoch [15][4800/6265]	lr: 3.651e-04, eta: 5:58:22, time: 2.799, data_time: 0.000, memory: 5243, top1_acc: 1.0000, top5_acc: 1.0000, loss_cls: 0.0102, loss: 0.0102
2026-08-18 23:16:43,017 - pyskl - INFO - Epoch [15][4900/6265]	lr: 3.558e-04, eta: 5:53:44, time: 2.797, data_time: 0.000, memory: 5243, top1_acc: 1.0000, top5_acc: 1.0000, loss_cls: 0.0088, loss: 0.0088
2026-08-18 23:21:22,987 - pyskl - INFO - Epoch [15][5000/6265]	lr: 3.466e-04, eta: 5:49:06, time: 2.800, data_time: 0.000, memory: 5243, top1_acc: 0.9997, top5_acc: 1.0000, loss_cls: 0.0101, loss: 0.0101
2026-08-18 23:26:03,221 - pyskl - INFO - Epoch [15][5100/6265]	lr: 3.375e-04, eta: 5:44:28, time: 2.802, data_time: 0.000, memory: 5243, top1_acc: 0.9997, top5_acc: 1.0000, loss_cls: 0.0091, loss: 0.0091
2026-08-18 23:30:43,289 - pyskl - INFO - Epoch [15][5200/6265]	lr: 3.285e-04, eta: 5:39:50, time: 2.801, data_time: 0.000, memory: 5243, top1_acc: 1.0000, top5_acc: 1.0000, loss_cls: 0.0100, loss: 0.0100
2026-08-18 23:35:23,353 - pyskl - INFO - Epoch [15][5300/6265]	lr: 3.196e-04, eta: 5:35:12, time: 2.801, data_time: 0.000, memory: 5243, top1_acc: 1.0000, top5_acc: 1.0000, loss_cls: 0.0105, loss: 0.0105
2026-08-18 23:40:03,446 - pyskl - INFO - Epoch [15][5400/6265]	lr: 3.109e-04, eta: 5:30:34, time: 2.801, data_time: 0.000, memory: 5243, top1_acc: 1.0000, top5_acc: 1.0000, loss_cls: 0.0101, loss: 0.0101
2026-08-18 23:44:43,759 - pyskl - INFO - Epoch [15][5500/6265]	lr: 3.023e-04, eta: 5:25:56, time: 2.803, data_time: 0.000, memory: 5243, top1_acc: 1.0000, top5_acc: 1.0000, loss_cls: 0.0084, loss: 0.0084
2026-08-18 23:49:24,289 - pyskl - INFO - Epoch [15][5600/6265]	lr: 2.938e-04, eta: 5:21:18, time: 2.805, data_time: 0.000, memory: 5243, top1_acc: 1.0000, top5_acc: 1.0000, loss_cls: 0.0105, loss: 0.0105
2026-08-18 23:54:04,420 - pyskl - INFO - Epoch [15][5700/6265]	lr: 2.854e-04, eta: 5:16:40, time: 2.801, data_time: 0.000, memory: 5243, top1_acc: 1.0000, top5_acc: 1.0000, loss_cls: 0.0093, loss: 0.0093
2026-08-18 23:58:44,705 - pyskl - INFO - Epoch [15][5800/6265]	lr: 2.771e-04, eta: 5:12:02, time: 2.803, data_time: 0.000, memory: 5243, top1_acc: 0.9997, top5_acc: 1.0000, loss_cls: 0.0103, loss: 0.0103
2026-08-19 00:03:25,110 - pyskl - INFO - Epoch [15][5900/6265]	lr: 2.690e-04, eta: 5:07:24, time: 2.804, data_time: 0.000, memory: 5243, top1_acc: 0.9997, top5_acc: 1.0000, loss_cls: 0.0102, loss: 0.0102
2026-08-19 00:08:04,967 - pyskl - INFO - Epoch [15][6000/6265]	lr: 2.609e-04, eta: 5:02:45, time: 2.799, data_time: 0.000, memory: 5243, top1_acc: 1.0000, top5_acc: 1.0000, loss_cls: 0.0111, loss: 0.0111
2026-08-19 00:12:45,096 - pyskl - INFO - Epoch [15][6100/6265]	lr: 2.530e-04, eta: 4:58:07, time: 2.801, data_time: 0.000, memory: 5243, top1_acc: 1.0000, top5_acc: 1.0000, loss_cls: 0.0097, loss: 0.0097
2026-08-19 00:17:25,719 - pyskl - INFO - Epoch [15][6200/6265]	lr: 2.453e-04, eta: 4:53:29, time: 2.806, data_time: 0.000, memory: 5243, top1_acc: 0.9997, top5_acc: 1.0000, loss_cls: 0.0099, loss: 0.0099
2026-08-19 00:20:26,116 - pyskl - INFO - Saving checkpoint at 15 epochs
2026-08-19 00:41:09,250 - pyskl - INFO - Evaluating top_k_accuracy ...
2026-08-19 00:41:09,291 - pyskl - INFO - 
top1_acc	0.8920
top5_acc	0.9780
2026-08-19 00:41:09,293 - pyskl - INFO - The previous best checkpoint D:\YxjProject\pythonProject\pyskl\work_dirs\stgcn++\ntu60_xsub_3dkp\j_single_gpu_seed3407\best_top1_acc_epoch_14.pth was removed
2026-08-19 00:41:09,381 - pyskl - INFO - Now best checkpoint is saved as best_top1_acc_epoch_15.pth.
2026-08-19 00:41:09,382 - pyskl - INFO - Best top1_acc is 0.8920 at 15 epoch.
2026-08-19 00:41:09,383 - pyskl - INFO - Epoch(val) [15][516]	top1_acc: 0.8920, top5_acc: 0.9780
2026-08-19 00:45:58,832 - pyskl - INFO - Epoch [16][100/6265]	lr: 2.327e-04, eta: 4:45:39, time: 2.894, data_time: 0.087, memory: 5243, top1_acc: 0.9997, top5_acc: 1.0000, loss_cls: 0.0106, loss: 0.0106
2026-08-19 00:50:39,213 - pyskl - INFO - Epoch [16][200/6265]	lr: 2.252e-04, eta: 4:41:01, time: 2.804, data_time: 0.000, memory: 5243, top1_acc: 1.0000, top5_acc: 1.0000, loss_cls: 0.0089, loss: 0.0089
2026-08-19 00:55:19,741 - pyskl - INFO - Epoch [16][300/6265]	lr: 2.179e-04, eta: 4:36:24, time: 2.805, data_time: 0.000, memory: 5243, top1_acc: 0.9997, top5_acc: 1.0000, loss_cls: 0.0098, loss: 0.0098
2026-08-19 01:00:00,059 - pyskl - INFO - Epoch [16][400/6265]	lr: 2.106e-04, eta: 4:31:46, time: 2.803, data_time: 0.000, memory: 5243, top1_acc: 1.0000, top5_acc: 1.0000, loss_cls: 0.0089, loss: 0.0089
2026-08-19 01:04:40,218 - pyskl - INFO - Epoch [16][500/6265]	lr: 2.035e-04, eta: 4:27:08, time: 2.802, data_time: 0.000, memory: 5243, top1_acc: 0.9988, top5_acc: 1.0000, loss_cls: 0.0112, loss: 0.0112
2026-08-19 01:09:20,306 - pyskl - INFO - Epoch [16][600/6265]	lr: 1.966e-04, eta: 4:22:30, time: 2.801, data_time: 0.000, memory: 5243, top1_acc: 1.0000, top5_acc: 1.0000, loss_cls: 0.0106, loss: 0.0106
2026-08-19 01:14:00,294 - pyskl - INFO - Epoch [16][700/6265]	lr: 1.897e-04, eta: 4:17:52, time: 2.800, data_time: 0.000, memory: 5243, top1_acc: 1.0000, top5_acc: 1.0000, loss_cls: 0.0098, loss: 0.0098
2026-08-19 01:18:40,671 - pyskl - INFO - Epoch [16][800/6265]	lr: 1.830e-04, eta: 4:13:14, time: 2.804, data_time: 0.000, memory: 5243, top1_acc: 0.9997, top5_acc: 1.0000, loss_cls: 0.0093, loss: 0.0093
2026-08-19 01:23:21,069 - pyskl - INFO - Epoch [16][900/6265]	lr: 1.763e-04, eta: 4:08:36, time: 2.804, data_time: 0.000, memory: 5243, top1_acc: 1.0000, top5_acc: 1.0000, loss_cls: 0.0087, loss: 0.0087
2026-08-19 01:28:01,328 - pyskl - INFO - Epoch [16][1000/6265]	lr: 1.699e-04, eta: 4:03:58, time: 2.803, data_time: 0.000, memory: 5243, top1_acc: 0.9997, top5_acc: 1.0000, loss_cls: 0.0097, loss: 0.0097
2026-08-19 01:32:41,480 - pyskl - INFO - Epoch [16][1100/6265]	lr: 1.635e-04, eta: 3:59:20, time: 2.802, data_time: 0.000, memory: 5243, top1_acc: 1.0000, top5_acc: 1.0000, loss_cls: 0.0093, loss: 0.0093
2026-08-19 01:37:21,984 - pyskl - INFO - Epoch [16][1200/6265]	lr: 1.572e-04, eta: 3:54:42, time: 2.805, data_time: 0.000, memory: 5243, top1_acc: 1.0000, top5_acc: 1.0000, loss_cls: 0.0093, loss: 0.0093
2026-08-19 01:42:02,639 - pyskl - INFO - Epoch [16][1300/6265]	lr: 1.511e-04, eta: 3:50:04, time: 2.807, data_time: 0.000, memory: 5243, top1_acc: 1.0000, top5_acc: 1.0000, loss_cls: 0.0095, loss: 0.0095
2026-08-19 01:46:42,396 - pyskl - INFO - Epoch [16][1400/6265]	lr: 1.451e-04, eta: 3:45:27, time: 2.798, data_time: 0.000, memory: 5243, top1_acc: 0.9994, top5_acc: 1.0000, loss_cls: 0.0099, loss: 0.0099
2026-08-19 01:51:35,455 - pyskl - INFO - Epoch [16][1500/6265]	lr: 1.392e-04, eta: 3:40:49, time: 2.931, data_time: 0.000, memory: 5243, top1_acc: 1.0000, top5_acc: 1.0000, loss_cls: 0.0097, loss: 0.0097
2026-08-19 01:56:15,762 - pyskl - INFO - Epoch [16][1600/6265]	lr: 1.334e-04, eta: 3:36:11, time: 2.803, data_time: 0.000, memory: 5243, top1_acc: 1.0000, top5_acc: 1.0000, loss_cls: 0.0099, loss: 0.0099
2026-08-19 02:00:55,965 - pyskl - INFO - Epoch [16][1700/6265]	lr: 1.278e-04, eta: 3:31:33, time: 2.802, data_time: 0.000, memory: 5243, top1_acc: 1.0000, top5_acc: 1.0000, loss_cls: 0.0092, loss: 0.0092
2026-08-19 02:05:36,311 - pyskl - INFO - Epoch [16][1800/6265]	lr: 1.222e-04, eta: 3:26:55, time: 2.803, data_time: 0.000, memory: 5243, top1_acc: 0.9997, top5_acc: 1.0000, loss_cls: 0.0092, loss: 0.0092
2026-08-19 02:10:16,540 - pyskl - INFO - Epoch [16][1900/6265]	lr: 1.168e-04, eta: 3:22:17, time: 2.802, data_time: 0.000, memory: 5243, top1_acc: 1.0000, top5_acc: 1.0000, loss_cls: 0.0090, loss: 0.0090
2026-08-19 02:14:57,226 - pyskl - INFO - Epoch [16][2000/6265]	lr: 1.116e-04, eta: 3:17:39, time: 2.807, data_time: 0.000, memory: 5243, top1_acc: 0.9997, top5_acc: 1.0000, loss_cls: 0.0097, loss: 0.0097
2026-08-19 02:19:37,199 - pyskl - INFO - Epoch [16][2100/6265]	lr: 1.064e-04, eta: 3:13:01, time: 2.800, data_time: 0.000, memory: 5243, top1_acc: 1.0000, top5_acc: 1.0000, loss_cls: 0.0088, loss: 0.0088
2026-08-19 02:24:17,554 - pyskl - INFO - Epoch [16][2200/6265]	lr: 1.014e-04, eta: 3:08:23, time: 2.804, data_time: 0.000, memory: 5243, top1_acc: 1.0000, top5_acc: 1.0000, loss_cls: 0.0085, loss: 0.0085
2026-08-19 02:28:57,799 - pyskl - INFO - Epoch [16][2300/6265]	lr: 9.644e-05, eta: 3:03:45, time: 2.802, data_time: 0.000, memory: 5243, top1_acc: 1.0000, top5_acc: 1.0000, loss_cls: 0.0098, loss: 0.0098
2026-08-19 02:33:37,992 - pyskl - INFO - Epoch [16][2400/6265]	lr: 9.164e-05, eta: 2:59:07, time: 2.802, data_time: 0.000, memory: 5243, top1_acc: 1.0000, top5_acc: 1.0000, loss_cls: 0.0095, loss: 0.0095
2026-08-19 02:38:18,087 - pyskl - INFO - Epoch [16][2500/6265]	lr: 8.697e-05, eta: 2:54:29, time: 2.801, data_time: 0.000, memory: 5243, top1_acc: 1.0000, top5_acc: 1.0000, loss_cls: 0.0089, loss: 0.0089
2026-08-19 02:42:58,093 - pyskl - INFO - Epoch [16][2600/6265]	lr: 8.241e-05, eta: 2:49:51, time: 2.800, data_time: 0.000, memory: 5243, top1_acc: 0.9997, top5_acc: 1.0000, loss_cls: 0.0099, loss: 0.0099
2026-08-19 02:47:38,131 - pyskl - INFO - Epoch [16][2700/6265]	lr: 7.798e-05, eta: 2:45:13, time: 2.800, data_time: 0.000, memory: 5243, top1_acc: 0.9997, top5_acc: 1.0000, loss_cls: 0.0097, loss: 0.0097
2026-08-19 02:52:18,629 - pyskl - INFO - Epoch [16][2800/6265]	lr: 7.368e-05, eta: 2:40:35, time: 2.805, data_time: 0.000, memory: 5243, top1_acc: 1.0000, top5_acc: 1.0000, loss_cls: 0.0092, loss: 0.0092
2026-08-19 02:56:58,930 - pyskl - INFO - Epoch [16][2900/6265]	lr: 6.949e-05, eta: 2:35:57, time: 2.803, data_time: 0.000, memory: 5243, top1_acc: 0.9997, top5_acc: 1.0000, loss_cls: 0.0089, loss: 0.0089
2026-08-19 03:01:38,921 - pyskl - INFO - Epoch [16][3000/6265]	lr: 6.543e-05, eta: 2:31:19, time: 2.800, data_time: 0.000, memory: 5243, top1_acc: 1.0000, top5_acc: 1.0000, loss_cls: 0.0098, loss: 0.0098
2026-08-19 03:06:18,452 - pyskl - INFO - Epoch [16][3100/6265]	lr: 6.148e-05, eta: 2:26:41, time: 2.795, data_time: 0.000, memory: 5243, top1_acc: 1.0000, top5_acc: 1.0000, loss_cls: 0.0097, loss: 0.0097
2026-08-19 03:10:57,958 - pyskl - INFO - Epoch [16][3200/6265]	lr: 5.766e-05, eta: 2:22:03, time: 2.795, data_time: 0.000, memory: 5243, top1_acc: 1.0000, top5_acc: 1.0000, loss_cls: 0.0091, loss: 0.0091
2026-08-19 03:15:37,224 - pyskl - INFO - Epoch [16][3300/6265]	lr: 5.397e-05, eta: 2:17:25, time: 2.793, data_time: 0.000, memory: 5243, top1_acc: 1.0000, top5_acc: 1.0000, loss_cls: 0.0094, loss: 0.0094
2026-08-19 03:20:16,517 - pyskl - INFO - Epoch [16][3400/6265]	lr: 5.039e-05, eta: 2:12:47, time: 2.793, data_time: 0.000, memory: 5243, top1_acc: 0.9997, top5_acc: 1.0000, loss_cls: 0.0090, loss: 0.0090
2026-08-19 03:24:56,140 - pyskl - INFO - Epoch [16][3500/6265]	lr: 4.694e-05, eta: 2:08:09, time: 2.796, data_time: 0.000, memory: 5243, top1_acc: 1.0000, top5_acc: 1.0000, loss_cls: 0.0090, loss: 0.0090
2026-08-19 03:29:36,170 - pyskl - INFO - Epoch [16][3600/6265]	lr: 4.361e-05, eta: 2:03:31, time: 2.800, data_time: 0.000, memory: 5243, top1_acc: 1.0000, top5_acc: 1.0000, loss_cls: 0.0091, loss: 0.0091
2026-08-19 03:34:15,801 - pyskl - INFO - Epoch [16][3700/6265]	lr: 4.040e-05, eta: 1:58:53, time: 2.796, data_time: 0.000, memory: 5243, top1_acc: 1.0000, top5_acc: 1.0000, loss_cls: 0.0092, loss: 0.0092
2026-08-19 03:38:55,503 - pyskl - INFO - Epoch [16][3800/6265]	lr: 3.731e-05, eta: 1:54:15, time: 2.797, data_time: 0.000, memory: 5243, top1_acc: 1.0000, top5_acc: 1.0000, loss_cls: 0.0084, loss: 0.0084
2026-08-19 03:43:34,979 - pyskl - INFO - Epoch [16][3900/6265]	lr: 3.435e-05, eta: 1:49:37, time: 2.795, data_time: 0.000, memory: 5243, top1_acc: 0.9997, top5_acc: 1.0000, loss_cls: 0.0099, loss: 0.0099
2026-08-19 03:48:14,026 - pyskl - INFO - Epoch [16][4000/6265]	lr: 3.151e-05, eta: 1:44:59, time: 2.790, data_time: 0.000, memory: 5243, top1_acc: 1.0000, top5_acc: 1.0000, loss_cls: 0.0089, loss: 0.0089
2026-08-19 03:52:53,564 - pyskl - INFO - Epoch [16][4100/6265]	lr: 2.879e-05, eta: 1:40:21, time: 2.795, data_time: 0.000, memory: 5243, top1_acc: 1.0000, top5_acc: 1.0000, loss_cls: 0.0096, loss: 0.0096
2026-08-19 03:57:33,116 - pyskl - INFO - Epoch [16][4200/6265]	lr: 2.619e-05, eta: 1:35:43, time: 2.796, data_time: 0.000, memory: 5243, top1_acc: 0.9994, top5_acc: 1.0000, loss_cls: 0.0100, loss: 0.0100
2026-08-19 04:02:12,689 - pyskl - INFO - Epoch [16][4300/6265]	lr: 2.372e-05, eta: 1:31:04, time: 2.796, data_time: 0.000, memory: 5243, top1_acc: 1.0000, top5_acc: 1.0000, loss_cls: 0.0094, loss: 0.0094
2026-08-19 04:06:52,033 - pyskl - INFO - Epoch [16][4400/6265]	lr: 2.137e-05, eta: 1:26:26, time: 2.793, data_time: 0.000, memory: 5243, top1_acc: 0.9997, top5_acc: 1.0000, loss_cls: 0.0089, loss: 0.0089
2026-08-19 04:11:31,696 - pyskl - INFO - Epoch [16][4500/6265]	lr: 1.914e-05, eta: 1:21:48, time: 2.797, data_time: 0.000, memory: 5243, top1_acc: 0.9997, top5_acc: 1.0000, loss_cls: 0.0097, loss: 0.0097
2026-08-19 04:16:12,774 - pyskl - INFO - Epoch [16][4600/6265]	lr: 1.704e-05, eta: 1:17:10, time: 2.811, data_time: 0.000, memory: 5243, top1_acc: 1.0000, top5_acc: 1.0000, loss_cls: 0.0094, loss: 0.0094
2026-08-19 04:20:52,311 - pyskl - INFO - Epoch [16][4700/6265]	lr: 1.505e-05, eta: 1:12:32, time: 2.795, data_time: 0.000, memory: 5243, top1_acc: 0.9997, top5_acc: 1.0000, loss_cls: 0.0096, loss: 0.0096
2026-08-19 04:25:32,006 - pyskl - INFO - Epoch [16][4800/6265]	lr: 1.319e-05, eta: 1:07:54, time: 2.797, data_time: 0.000, memory: 5243, top1_acc: 1.0000, top5_acc: 1.0000, loss_cls: 0.0088, loss: 0.0088
2026-08-19 04:30:11,418 - pyskl - INFO - Epoch [16][4900/6265]	lr: 1.145e-05, eta: 1:03:16, time: 2.794, data_time: 0.000, memory: 5243, top1_acc: 1.0000, top5_acc: 1.0000, loss_cls: 0.0087, loss: 0.0087
2026-08-19 04:34:50,438 - pyskl - INFO - Epoch [16][5000/6265]	lr: 9.838e-06, eta: 0:58:38, time: 2.790, data_time: 0.000, memory: 5243, top1_acc: 1.0000, top5_acc: 1.0000, loss_cls: 0.0090, loss: 0.0090
2026-08-19 04:39:29,120 - pyskl - INFO - Epoch [16][5100/6265]	lr: 8.345e-06, eta: 0:54:00, time: 2.787, data_time: 0.000, memory: 5243, top1_acc: 1.0000, top5_acc: 1.0000, loss_cls: 0.0092, loss: 0.0092
2026-08-19 04:44:10,401 - pyskl - INFO - Epoch [16][5200/6265]	lr: 6.975e-06, eta: 0:49:22, time: 2.813, data_time: 0.000, memory: 5243, top1_acc: 1.0000, top5_acc: 1.0000, loss_cls: 0.0087, loss: 0.0087
2026-08-19 04:48:55,850 - pyskl - INFO - Epoch [16][5300/6265]	lr: 5.728e-06, eta: 0:44:44, time: 2.854, data_time: 0.000, memory: 5243, top1_acc: 0.9997, top5_acc: 1.0000, loss_cls: 0.0101, loss: 0.0101
2026-08-19 04:53:43,605 - pyskl - INFO - Epoch [16][5400/6265]	lr: 4.604e-06, eta: 0:40:05, time: 2.878, data_time: 0.000, memory: 5243, top1_acc: 1.0000, top5_acc: 1.0000, loss_cls: 0.0097, loss: 0.0097
2026-08-19 04:58:22,733 - pyskl - INFO - Epoch [16][5500/6265]	lr: 3.602e-06, eta: 0:35:27, time: 2.791, data_time: 0.000, memory: 5243, top1_acc: 0.9997, top5_acc: 1.0000, loss_cls: 0.0095, loss: 0.0095
2026-08-19 05:03:01,801 - pyskl - INFO - Epoch [16][5600/6265]	lr: 2.723e-06, eta: 0:30:49, time: 2.791, data_time: 0.000, memory: 5243, top1_acc: 1.0000, top5_acc: 1.0000, loss_cls: 0.0090, loss: 0.0090
2026-08-19 05:07:40,916 - pyskl - INFO - Epoch [16][5700/6265]	lr: 1.967e-06, eta: 0:26:11, time: 2.791, data_time: 0.000, memory: 5243, top1_acc: 1.0000, top5_acc: 1.0000, loss_cls: 0.0093, loss: 0.0093
2026-08-19 05:12:19,842 - pyskl - INFO - Epoch [16][5800/6265]	lr: 1.333e-06, eta: 0:21:33, time: 2.789, data_time: 0.000, memory: 5243, top1_acc: 1.0000, top5_acc: 1.0000, loss_cls: 0.0093, loss: 0.0093
2026-08-19 05:16:58,576 - pyskl - INFO - Epoch [16][5900/6265]	lr: 8.223e-07, eta: 0:16:55, time: 2.787, data_time: 0.000, memory: 5243, top1_acc: 1.0000, top5_acc: 1.0000, loss_cls: 0.0089, loss: 0.0089
2026-08-19 05:21:37,468 - pyskl - INFO - Epoch [16][6000/6265]	lr: 4.344e-07, eta: 0:12:17, time: 2.789, data_time: 0.000, memory: 5243, top1_acc: 1.0000, top5_acc: 1.0000, loss_cls: 0.0093, loss: 0.0093
2026-08-19 05:26:16,549 - pyskl - INFO - Epoch [16][6100/6265]	lr: 1.692e-07, eta: 0:07:38, time: 2.791, data_time: 0.000, memory: 5243, top1_acc: 1.0000, top5_acc: 1.0000, loss_cls: 0.0093, loss: 0.0093
2026-08-19 05:30:55,410 - pyskl - INFO - Epoch [16][6200/6265]	lr: 2.674e-08, eta: 0:03:00, time: 2.789, data_time: 0.000, memory: 5243, top1_acc: 1.0000, top5_acc: 1.0000, loss_cls: 0.0093, loss: 0.0093
2026-08-19 05:33:54,781 - pyskl - INFO - Saving checkpoint at 16 epochs
2026-08-19 05:54:35,584 - pyskl - INFO - Evaluating top_k_accuracy ...
2026-08-19 05:54:35,632 - pyskl - INFO - 
top1_acc	0.8942
top5_acc	0.9782
2026-08-19 05:54:35,634 - pyskl - INFO - The previous best checkpoint D:\YxjProject\pythonProject\pyskl\work_dirs\stgcn++\ntu60_xsub_3dkp\j_single_gpu_seed3407\best_top1_acc_epoch_15.pth was removed
2026-08-19 05:54:35,720 - pyskl - INFO - Now best checkpoint is saved as best_top1_acc_epoch_16.pth.
2026-08-19 05:54:35,720 - pyskl - INFO - Best top1_acc is 0.8942 at 16 epoch.
2026-08-19 05:54:35,721 - pyskl - INFO - Epoch(val) [16][516]	top1_acc: 0.8942, top5_acc: 0.9782
2026-08-19 05:54:46,442 - pyskl - INFO - 16487 videos remain after valid thresholding
2026-08-19 05:54:46,443 - pyskl - INFO - load checkpoint from local path: ./work_dirs/stgcn++/ntu60_xsub_3dkp/j_single_gpu_seed3407\best_top1_acc_epoch_16.pth
2026-08-19 10:22:15,189 - pyskl - INFO - Testing results of the best checkpoint
2026-08-19 10:22:15,189 - pyskl - INFO - top1_acc: 0.8974
2026-08-19 10:22:15,190 - pyskl - INFO - top5_acc: 0.9799
