2026-08-06 18:02:07,282 - pyskl - INFO - Environment info:
------------------------------------------------------------
sys.platform: win32
Python: 3.10.20 | packaged by Anaconda, Inc. | (main, Jun 11 2026, 15:13:20) [MSC v.1942 64 bit (AMD64)]
CUDA available: True
GPU 0: NVIDIA GeForce RTX 4090
CUDA_HOME: C:\Program Files\NVIDIA GPU Computing Toolkit\CUDA\v12.6
NVCC: Cuda compilation tools, release 12.6, V12.6.20
MSVC: 用于 x64 的 Microsoft (R) C/C++ 优化编译器 19.41.34120 版
GCC: n/a
PyTorch: 1.12.1
PyTorch compiling details: PyTorch built with:
  - C++ Version: 199711
  - MSVC 192829337
  - Intel(R) Math Kernel Library Version 2020.0.2 Product Build 20200624 for Intel(R) 64 architecture applications
  - Intel(R) MKL-DNN v2.6.0 (Git Hash 52b5f107dd9cf10910aaa19cb47f3abf9b349815)
  - OpenMP 2019
  - LAPACK is enabled (usually provided by MKL)
  - CPU capability usage: AVX2
  - CUDA Runtime 11.3
  - NVCC architecture flags: -gencode;arch=compute_37,code=sm_37;-gencode;arch=compute_50,code=sm_50;-gencode;arch=compute_60,code=sm_60;-gencode;arch=compute_61,code=sm_61;-gencode;arch=compute_70,code=sm_70;-gencode;arch=compute_75,code=sm_75;-gencode;arch=compute_80,code=sm_80;-gencode;arch=compute_86,code=sm_86;-gencode;arch=compute_37,code=compute_37
  - CuDNN 8.3.2  (built against CUDA 11.5)
  - Magma 2.5.4
  - Build settings: BLAS_INFO=mkl, BUILD_TYPE=Release, CUDA_VERSION=11.3, CUDNN_VERSION=8.3.2, CXX_COMPILER=C:/cb/pytorch_1000000000000/work/tmp_bin/sccache-cl.exe, CXX_FLAGS=/DWIN32 /D_WINDOWS /GR /EHsc /w /bigobj -DUSE_PTHREADPOOL -openmp:experimental -IC:/cb/pytorch_1000000000000/work/mkl/include -DNDEBUG -DUSE_KINETO -DLIBKINETO_NOCUPTI -DUSE_FBGEMM -DUSE_XNNPACK -DSYMBOLICATE_MOBILE_DEBUG_HANDLE -DEDGE_PROFILER_USE_KINETO, LAPACK_INFO=mkl, PERF_WITH_AVX=1, PERF_WITH_AVX2=1, PERF_WITH_AVX512=1, TORCH_VERSION=1.12.1, USE_CUDA=ON, USE_CUDNN=ON, USE_EXCEPTION_PTR=1, USE_GFLAGS=OFF, USE_GLOG=OFF, USE_MKL=ON, USE_MKLDNN=OFF, USE_MPI=OFF, USE_NCCL=OFF, USE_NNPACK=OFF, USE_OPENMP=ON, USE_ROCM=OFF, 

TorchVision: 0.13.1
OpenCV: 5.0.0
MMCV: 1.7.0
MMCV Compiler: MSVC 192829924
MMCV CUDA Compiler: 11.3
pyskl: 0.1.0+unknown
------------------------------------------------------------

2026-08-06 18:02:07,393 - pyskl - INFO - Config: model = dict(
    type='RecognizerGCN',
    backbone=dict(
        type='CTRGCN', graph_cfg=dict(layout='nturgb+d', mode='spatial')),
    cls_head=dict(type='GCNHead', num_classes=60, in_channels=256))
dataset_type = 'PoseDataset'
ann_file = 'data/nturgbd/ntu60_3danno.pkl'
train_pipeline = [
    dict(type='PreNormalize3D'),
    dict(type='GenSkeFeat', dataset='nturgb+d', feats=['j']),
    dict(type='UniformSample', clip_len=100),
    dict(type='PoseDecode'),
    dict(type='FormatGCNInput', num_person=2),
    dict(type='Collect', keys=['keypoint', 'label'], meta_keys=[]),
    dict(type='ToTensor', keys=['keypoint'])
]
val_pipeline = [
    dict(type='PreNormalize3D'),
    dict(type='GenSkeFeat', dataset='nturgb+d', feats=['j']),
    dict(type='UniformSample', clip_len=100, num_clips=1),
    dict(type='PoseDecode'),
    dict(type='FormatGCNInput', num_person=2),
    dict(type='Collect', keys=['keypoint', 'label'], meta_keys=[]),
    dict(type='ToTensor', keys=['keypoint'])
]
test_pipeline = [
    dict(type='PreNormalize3D'),
    dict(type='GenSkeFeat', dataset='nturgb+d', feats=['j']),
    dict(type='UniformSample', clip_len=100, num_clips=10),
    dict(type='PoseDecode'),
    dict(type='FormatGCNInput', num_person=2),
    dict(type='Collect', keys=['keypoint', 'label'], meta_keys=[]),
    dict(type='ToTensor', keys=['keypoint'])
]
data = dict(
    videos_per_gpu=32,
    workers_per_gpu=4,
    test_dataloader=dict(videos_per_gpu=1),
    train=dict(
        type='RepeatDataset',
        times=5,
        dataset=dict(
            type='PoseDataset',
            ann_file='data/nturgbd/ntu60_3danno.pkl',
            pipeline=[
                dict(type='PreNormalize3D'),
                dict(type='GenSkeFeat', dataset='nturgb+d', feats=['j']),
                dict(type='UniformSample', clip_len=100),
                dict(type='PoseDecode'),
                dict(type='FormatGCNInput', num_person=2),
                dict(type='Collect', keys=['keypoint', 'label'], meta_keys=[]),
                dict(type='ToTensor', keys=['keypoint'])
            ],
            split='xsub_train')),
    val=dict(
        type='PoseDataset',
        ann_file='data/nturgbd/ntu60_3danno.pkl',
        pipeline=[
            dict(type='PreNormalize3D'),
            dict(type='GenSkeFeat', dataset='nturgb+d', feats=['j']),
            dict(type='UniformSample', clip_len=100, num_clips=1),
            dict(type='PoseDecode'),
            dict(type='FormatGCNInput', num_person=2),
            dict(type='Collect', keys=['keypoint', 'label'], meta_keys=[]),
            dict(type='ToTensor', keys=['keypoint'])
        ],
        split='xsub_val'),
    test=dict(
        type='PoseDataset',
        ann_file='data/nturgbd/ntu60_3danno.pkl',
        pipeline=[
            dict(type='PreNormalize3D'),
            dict(type='GenSkeFeat', dataset='nturgb+d', feats=['j']),
            dict(type='UniformSample', clip_len=100, num_clips=10),
            dict(type='PoseDecode'),
            dict(type='FormatGCNInput', num_person=2),
            dict(type='Collect', keys=['keypoint', 'label'], meta_keys=[]),
            dict(type='ToTensor', keys=['keypoint'])
        ],
        split='xsub_val'))
optimizer = dict(
    type='SGD', lr=0.025, momentum=0.9, weight_decay=0.0005, nesterov=True)
optimizer_config = dict(grad_clip=None)
lr_config = dict(policy='CosineAnnealing', min_lr=0, by_epoch=False)
total_epochs = 16
checkpoint_config = dict(interval=1)
evaluation = dict(interval=1, metrics=['top_k_accuracy'])
log_config = dict(interval=100, hooks=[dict(type='TextLoggerHook')])
log_level = 'INFO'
work_dir = './work_dirs/ctrgcn/ctrgcn_pyskl_ntu60_xsub_3dkp/j_single_gpu'
dist_params = dict(backend='gloo')
gpu_ids = range(0, 1)

2026-08-06 18:02:07,393 - pyskl - INFO - Set random seed to 0, deterministic: True
2026-08-06 18:02:14,803 - pyskl - INFO - 40091 videos remain after valid thresholding
2026-08-06 18:02:26,789 - pyskl - INFO - 16487 videos remain after valid thresholding
2026-08-06 18:02:26,790 - pyskl - INFO - Start running, host: Administrator@D412-ASUS4090, work_dir: D:\YxjProject\pythonProject\pyskl\work_dirs\ctrgcn\ctrgcn_pyskl_ntu60_xsub_3dkp\j_single_gpu
2026-08-06 18:02:26,790 - pyskl - INFO - Hooks will be executed in the following order:
before_run:
(VERY_HIGH   ) CosineAnnealingLrUpdaterHook       
(NORMAL      ) CheckpointHook                     
(NORMAL      ) DistEvalHook                       
(VERY_LOW    ) TextLoggerHook                     
 -------------------- 
before_train_epoch:
(VERY_HIGH   ) CosineAnnealingLrUpdaterHook       
(NORMAL      ) DistSamplerSeedHook                
(NORMAL      ) DistEvalHook                       
(LOW         ) IterTimerHook                      
(VERY_LOW    ) TextLoggerHook                     
 -------------------- 
before_train_iter:
(VERY_HIGH   ) CosineAnnealingLrUpdaterHook       
(NORMAL      ) DistEvalHook                       
(LOW         ) IterTimerHook                      
 -------------------- 
after_train_iter:
(ABOVE_NORMAL) OptimizerHook                      
(NORMAL      ) CheckpointHook                     
(NORMAL      ) DistEvalHook                       
(LOW         ) IterTimerHook                      
(VERY_LOW    ) TextLoggerHook                     
 -------------------- 
after_train_epoch:
(NORMAL      ) CheckpointHook                     
(NORMAL      ) DistEvalHook                       
(VERY_LOW    ) TextLoggerHook                     
 -------------------- 
before_val_epoch:
(NORMAL      ) DistSamplerSeedHook                
(LOW         ) IterTimerHook                      
(VERY_LOW    ) TextLoggerHook                     
 -------------------- 
before_val_iter:
(LOW         ) IterTimerHook                      
 -------------------- 
after_val_iter:
(LOW         ) IterTimerHook                      
 -------------------- 
after_val_epoch:
(VERY_LOW    ) TextLoggerHook                     
 -------------------- 
after_run:
(VERY_LOW    ) TextLoggerHook                     
 -------------------- 
2026-08-06 18:02:26,791 - pyskl - INFO - workflow: [('train', 1)], max: 16 epochs
2026-08-06 18:02:26,791 - pyskl - INFO - Checkpoints will be saved to D:\YxjProject\pythonProject\pyskl\work_dirs\ctrgcn\ctrgcn_pyskl_ntu60_xsub_3dkp\j_single_gpu by HardDiskBackend.
2026-08-06 18:05:21,585 - pyskl - INFO - Epoch [1][100/6265]	lr: 2.500e-02, eta: 2 days, 0:37:17, time: 1.748, data_time: 0.169, memory: 6270, top1_acc: 0.0737, top5_acc: 0.2600, loss_cls: 3.9517, loss: 3.9517
2026-08-06 18:07:54,624 - pyskl - INFO - Epoch [1][200/6265]	lr: 2.500e-02, eta: 1 day, 21:33:00, time: 1.530, data_time: 0.000, memory: 6270, top1_acc: 0.1566, top5_acc: 0.4400, loss_cls: 3.1719, loss: 3.1719
2026-08-06 18:10:27,618 - pyskl - INFO - Epoch [1][300/6265]	lr: 2.500e-02, eta: 1 day, 20:29:38, time: 1.530, data_time: 0.000, memory: 6270, top1_acc: 0.2288, top5_acc: 0.5656, loss_cls: 2.7758, loss: 2.7758
2026-08-06 18:13:00,705 - pyskl - INFO - Epoch [1][400/6265]	lr: 2.500e-02, eta: 1 day, 19:57:04, time: 1.531, data_time: 0.000, memory: 6270, top1_acc: 0.2719, top5_acc: 0.6338, loss_cls: 2.5709, loss: 2.5709
2026-08-06 18:15:34,302 - pyskl - INFO - Epoch [1][500/6265]	lr: 2.500e-02, eta: 1 day, 19:38:12, time: 1.536, data_time: 0.000, memory: 6270, top1_acc: 0.3106, top5_acc: 0.7025, loss_cls: 2.3498, loss: 2.3498
2026-08-06 18:18:07,236 - pyskl - INFO - Epoch [1][600/6265]	lr: 2.500e-02, eta: 1 day, 19:22:56, time: 1.529, data_time: 0.000, memory: 6270, top1_acc: 0.3369, top5_acc: 0.7300, loss_cls: 2.2505, loss: 2.2505
2026-08-06 18:20:36,265 - pyskl - INFO - Epoch [1][700/6265]	lr: 2.500e-02, eta: 1 day, 19:02:02, time: 1.490, data_time: 0.000, memory: 6270, top1_acc: 0.3538, top5_acc: 0.7406, loss_cls: 2.1813, loss: 2.1813
2026-08-06 18:23:08,168 - pyskl - INFO - Epoch [1][800/6265]	lr: 2.500e-02, eta: 1 day, 18:51:42, time: 1.519, data_time: 0.000, memory: 6270, top1_acc: 0.3806, top5_acc: 0.7675, loss_cls: 2.0930, loss: 2.0930
2026-08-06 18:25:37,515 - pyskl - INFO - Epoch [1][900/6265]	lr: 2.500e-02, eta: 1 day, 18:38:24, time: 1.493, data_time: 0.000, memory: 6270, top1_acc: 0.4116, top5_acc: 0.7934, loss_cls: 1.9805, loss: 1.9805
2026-08-06 18:28:02,048 - pyskl - INFO - Epoch [1][1000/6265]	lr: 2.499e-02, eta: 1 day, 18:19:18, time: 1.445, data_time: 0.000, memory: 6270, top1_acc: 0.4300, top5_acc: 0.8056, loss_cls: 1.9110, loss: 1.9110
2026-08-06 18:30:26,150 - pyskl - INFO - Epoch [1][1100/6265]	lr: 2.499e-02, eta: 1 day, 18:02:35, time: 1.441, data_time: 0.000, memory: 6270, top1_acc: 0.4453, top5_acc: 0.8141, loss_cls: 1.8349, loss: 1.8349
2026-08-06 18:32:50,446 - pyskl - INFO - Epoch [1][1200/6265]	lr: 2.499e-02, eta: 1 day, 17:48:31, time: 1.443, data_time: 0.000, memory: 6270, top1_acc: 0.4578, top5_acc: 0.8219, loss_cls: 1.8249, loss: 1.8249
2026-08-06 18:35:14,970 - pyskl - INFO - Epoch [1][1300/6265]	lr: 2.499e-02, eta: 1 day, 17:36:33, time: 1.445, data_time: 0.000, memory: 6270, top1_acc: 0.4881, top5_acc: 0.8447, loss_cls: 1.7104, loss: 1.7104
2026-08-06 18:37:39,437 - pyskl - INFO - Epoch [1][1400/6265]	lr: 2.499e-02, eta: 1 day, 17:25:52, time: 1.445, data_time: 0.000, memory: 6270, top1_acc: 0.5112, top5_acc: 0.8569, loss_cls: 1.6126, loss: 1.6126
2026-08-06 18:40:04,057 - pyskl - INFO - Epoch [1][1500/6265]	lr: 2.499e-02, eta: 1 day, 17:16:27, time: 1.446, data_time: 0.000, memory: 6270, top1_acc: 0.5128, top5_acc: 0.8659, loss_cls: 1.6043, loss: 1.6043
2026-08-06 18:42:27,978 - pyskl - INFO - Epoch [1][1600/6265]	lr: 2.498e-02, eta: 1 day, 17:07:12, time: 1.439, data_time: 0.000, memory: 6270, top1_acc: 0.5288, top5_acc: 0.8769, loss_cls: 1.5195, loss: 1.5195
2026-08-06 18:44:52,494 - pyskl - INFO - Epoch [1][1700/6265]	lr: 2.498e-02, eta: 1 day, 16:59:20, time: 1.445, data_time: 0.000, memory: 6270, top1_acc: 0.5447, top5_acc: 0.8703, loss_cls: 1.5127, loss: 1.5127
2026-08-06 18:47:15,699 - pyskl - INFO - Epoch [1][1800/6265]	lr: 2.498e-02, eta: 1 day, 16:50:52, time: 1.432, data_time: 0.000, memory: 6270, top1_acc: 0.5550, top5_acc: 0.8847, loss_cls: 1.4464, loss: 1.4464
2026-08-06 18:49:39,206 - pyskl - INFO - Epoch [1][1900/6265]	lr: 2.498e-02, eta: 1 day, 16:43:19, time: 1.435, data_time: 0.000, memory: 6270, top1_acc: 0.5678, top5_acc: 0.8791, loss_cls: 1.4475, loss: 1.4475
2026-08-06 18:52:02,767 - pyskl - INFO - Epoch [1][2000/6265]	lr: 2.498e-02, eta: 1 day, 16:36:19, time: 1.436, data_time: 0.000, memory: 6270, top1_acc: 0.5775, top5_acc: 0.8903, loss_cls: 1.4039, loss: 1.4039
2026-08-06 18:54:25,434 - pyskl - INFO - Epoch [1][2100/6265]	lr: 2.497e-02, eta: 1 day, 16:29:04, time: 1.427, data_time: 0.000, memory: 6270, top1_acc: 0.5766, top5_acc: 0.8891, loss_cls: 1.3792, loss: 1.3792
2026-08-06 18:56:49,072 - pyskl - INFO - Epoch [1][2200/6265]	lr: 2.497e-02, eta: 1 day, 16:22:58, time: 1.436, data_time: 0.000, memory: 6270, top1_acc: 0.5916, top5_acc: 0.9009, loss_cls: 1.3300, loss: 1.3300
2026-08-06 18:59:12,694 - pyskl - INFO - Epoch [1][2300/6265]	lr: 2.497e-02, eta: 1 day, 16:17:11, time: 1.436, data_time: 0.000, memory: 6270, top1_acc: 0.5866, top5_acc: 0.8928, loss_cls: 1.3647, loss: 1.3647
2026-08-06 19:01:36,385 - pyskl - INFO - Epoch [1][2400/6265]	lr: 2.496e-02, eta: 1 day, 16:11:44, time: 1.437, data_time: 0.000, memory: 6270, top1_acc: 0.6019, top5_acc: 0.8966, loss_cls: 1.3194, loss: 1.3194
2026-08-06 19:04:00,235 - pyskl - INFO - Epoch [1][2500/6265]	lr: 2.496e-02, eta: 1 day, 16:06:38, time: 1.438, data_time: 0.000, memory: 6270, top1_acc: 0.6106, top5_acc: 0.9041, loss_cls: 1.2917, loss: 1.2917
2026-08-06 19:06:23,171 - pyskl - INFO - Epoch [1][2600/6265]	lr: 2.496e-02, eta: 1 day, 16:01:10, time: 1.429, data_time: 0.000, memory: 6270, top1_acc: 0.6278, top5_acc: 0.9219, loss_cls: 1.2132, loss: 1.2132
2026-08-06 19:08:46,915 - pyskl - INFO - Epoch [1][2700/6265]	lr: 2.496e-02, eta: 1 day, 15:56:25, time: 1.437, data_time: 0.000, memory: 6270, top1_acc: 0.6338, top5_acc: 0.9084, loss_cls: 1.2227, loss: 1.2227
2026-08-06 19:11:10,454 - pyskl - INFO - Epoch [1][2800/6265]	lr: 2.495e-02, eta: 1 day, 15:51:43, time: 1.435, data_time: 0.000, memory: 6270, top1_acc: 0.6281, top5_acc: 0.9203, loss_cls: 1.1916, loss: 1.1916
2026-08-06 19:13:34,061 - pyskl - INFO - Epoch [1][2900/6265]	lr: 2.495e-02, eta: 1 day, 15:47:12, time: 1.436, data_time: 0.000, memory: 6270, top1_acc: 0.6425, top5_acc: 0.9181, loss_cls: 1.1658, loss: 1.1658
2026-08-06 19:15:57,641 - pyskl - INFO - Epoch [1][3000/6265]	lr: 2.494e-02, eta: 1 day, 15:42:49, time: 1.436, data_time: 0.000, memory: 6270, top1_acc: 0.6422, top5_acc: 0.9213, loss_cls: 1.1480, loss: 1.1480
2026-08-06 19:18:20,537 - pyskl - INFO - Epoch [1][3100/6265]	lr: 2.494e-02, eta: 1 day, 15:38:13, time: 1.429, data_time: 0.000, memory: 6270, top1_acc: 0.6409, top5_acc: 0.9178, loss_cls: 1.1559, loss: 1.1559
2026-08-06 19:20:44,196 - pyskl - INFO - Epoch [1][3200/6265]	lr: 2.494e-02, eta: 1 day, 15:34:08, time: 1.437, data_time: 0.000, memory: 6270, top1_acc: 0.6600, top5_acc: 0.9263, loss_cls: 1.1038, loss: 1.1038
2026-08-06 19:23:07,950 - pyskl - INFO - Epoch [1][3300/6265]	lr: 2.493e-02, eta: 1 day, 15:30:12, time: 1.438, data_time: 0.000, memory: 6270, top1_acc: 0.6706, top5_acc: 0.9237, loss_cls: 1.0754, loss: 1.0754
2026-08-06 19:25:31,741 - pyskl - INFO - Epoch [1][3400/6265]	lr: 2.493e-02, eta: 1 day, 15:26:22, time: 1.438, data_time: 0.000, memory: 6270, top1_acc: 0.6747, top5_acc: 0.9244, loss_cls: 1.0677, loss: 1.0677
2026-08-06 19:28:00,154 - pyskl - INFO - Epoch [1][3500/6265]	lr: 2.492e-02, eta: 1 day, 15:24:45, time: 1.484, data_time: 0.000, memory: 6270, top1_acc: 0.6791, top5_acc: 0.9313, loss_cls: 1.0447, loss: 1.0447
2026-08-06 19:30:24,419 - pyskl - INFO - Epoch [1][3600/6265]	lr: 2.492e-02, eta: 1 day, 15:21:14, time: 1.443, data_time: 0.000, memory: 6270, top1_acc: 0.6750, top5_acc: 0.9309, loss_cls: 1.0422, loss: 1.0422
2026-08-06 19:32:48,948 - pyskl - INFO - Epoch [1][3700/6265]	lr: 2.492e-02, eta: 1 day, 15:17:53, time: 1.445, data_time: 0.000, memory: 6270, top1_acc: 0.6744, top5_acc: 0.9369, loss_cls: 1.0317, loss: 1.0317
2026-08-06 19:35:13,466 - pyskl - INFO - Epoch [1][3800/6265]	lr: 2.491e-02, eta: 1 day, 15:14:35, time: 1.445, data_time: 0.000, memory: 6270, top1_acc: 0.6872, top5_acc: 0.9303, loss_cls: 1.0313, loss: 1.0313
2026-08-06 19:37:38,269 - pyskl - INFO - Epoch [1][3900/6265]	lr: 2.491e-02, eta: 1 day, 15:11:27, time: 1.448, data_time: 0.000, memory: 6270, top1_acc: 0.6809, top5_acc: 0.9337, loss_cls: 1.0138, loss: 1.0138
2026-08-06 19:40:03,075 - pyskl - INFO - Epoch [1][4000/6265]	lr: 2.490e-02, eta: 1 day, 15:08:21, time: 1.448, data_time: 0.000, memory: 6270, top1_acc: 0.6937, top5_acc: 0.9384, loss_cls: 0.9939, loss: 0.9939
2026-08-06 19:42:27,403 - pyskl - INFO - Epoch [1][4100/6265]	lr: 2.490e-02, eta: 1 day, 15:05:06, time: 1.443, data_time: 0.000, memory: 6270, top1_acc: 0.6959, top5_acc: 0.9400, loss_cls: 0.9802, loss: 0.9802
2026-08-06 19:44:52,015 - pyskl - INFO - Epoch [1][4200/6265]	lr: 2.489e-02, eta: 1 day, 15:02:00, time: 1.446, data_time: 0.000, memory: 6270, top1_acc: 0.6916, top5_acc: 0.9316, loss_cls: 0.9904, loss: 0.9904
2026-08-06 19:47:16,939 - pyskl - INFO - Epoch [1][4300/6265]	lr: 2.489e-02, eta: 1 day, 14:59:02, time: 1.449, data_time: 0.000, memory: 6270, top1_acc: 0.6887, top5_acc: 0.9344, loss_cls: 0.9944, loss: 0.9944
2026-08-06 19:49:40,693 - pyskl - INFO - Epoch [1][4400/6265]	lr: 2.488e-02, eta: 1 day, 14:55:41, time: 1.438, data_time: 0.000, memory: 6270, top1_acc: 0.7078, top5_acc: 0.9422, loss_cls: 0.9512, loss: 0.9512
2026-08-06 19:52:04,765 - pyskl - INFO - Epoch [1][4500/6265]	lr: 2.488e-02, eta: 1 day, 14:52:29, time: 1.441, data_time: 0.000, memory: 6270, top1_acc: 0.6997, top5_acc: 0.9325, loss_cls: 0.9911, loss: 0.9911
2026-08-06 19:54:27,835 - pyskl - INFO - Epoch [1][4600/6265]	lr: 2.487e-02, eta: 1 day, 14:48:58, time: 1.431, data_time: 0.000, memory: 6270, top1_acc: 0.7028, top5_acc: 0.9450, loss_cls: 0.9338, loss: 0.9338
2026-08-06 19:56:51,660 - pyskl - INFO - Epoch [1][4700/6265]	lr: 2.486e-02, eta: 1 day, 14:45:46, time: 1.438, data_time: 0.000, memory: 6270, top1_acc: 0.7150, top5_acc: 0.9444, loss_cls: 0.9128, loss: 0.9128
2026-08-06 19:59:14,910 - pyskl - INFO - Epoch [1][4800/6265]	lr: 2.486e-02, eta: 1 day, 14:42:24, time: 1.432, data_time: 0.000, memory: 6270, top1_acc: 0.7134, top5_acc: 0.9437, loss_cls: 0.9091, loss: 0.9091
2026-08-06 20:01:38,677 - pyskl - INFO - Epoch [1][4900/6265]	lr: 2.485e-02, eta: 1 day, 14:39:14, time: 1.438, data_time: 0.000, memory: 6270, top1_acc: 0.7172, top5_acc: 0.9434, loss_cls: 0.9151, loss: 0.9151
2026-08-06 20:04:02,351 - pyskl - INFO - Epoch [1][5000/6265]	lr: 2.485e-02, eta: 1 day, 14:36:05, time: 1.437, data_time: 0.000, memory: 6270, top1_acc: 0.7259, top5_acc: 0.9428, loss_cls: 0.8914, loss: 0.8914
2026-08-06 20:06:25,369 - pyskl - INFO - Epoch [1][5100/6265]	lr: 2.484e-02, eta: 1 day, 14:32:45, time: 1.430, data_time: 0.000, memory: 6270, top1_acc: 0.7003, top5_acc: 0.9431, loss_cls: 0.9371, loss: 0.9371
2026-08-06 20:08:49,435 - pyskl - INFO - Epoch [1][5200/6265]	lr: 2.483e-02, eta: 1 day, 14:29:46, time: 1.441, data_time: 0.000, memory: 6270, top1_acc: 0.7281, top5_acc: 0.9481, loss_cls: 0.8753, loss: 0.8753
2026-08-06 20:11:14,416 - pyskl - INFO - Epoch [1][5300/6265]	lr: 2.483e-02, eta: 1 day, 14:27:06, time: 1.450, data_time: 0.000, memory: 6270, top1_acc: 0.7341, top5_acc: 0.9516, loss_cls: 0.8762, loss: 0.8762
2026-08-06 20:13:39,413 - pyskl - INFO - Epoch [1][5400/6265]	lr: 2.482e-02, eta: 1 day, 14:24:26, time: 1.450, data_time: 0.000, memory: 6270, top1_acc: 0.7269, top5_acc: 0.9469, loss_cls: 0.8783, loss: 0.8783
2026-08-06 20:16:04,148 - pyskl - INFO - Epoch [1][5500/6265]	lr: 2.481e-02, eta: 1 day, 14:21:42, time: 1.447, data_time: 0.000, memory: 6270, top1_acc: 0.7466, top5_acc: 0.9563, loss_cls: 0.8008, loss: 0.8008
2026-08-06 20:18:28,351 - pyskl - INFO - Epoch [1][5600/6265]	lr: 2.481e-02, eta: 1 day, 14:18:49, time: 1.442, data_time: 0.000, memory: 6270, top1_acc: 0.7428, top5_acc: 0.9466, loss_cls: 0.8466, loss: 0.8466
2026-08-06 20:20:53,208 - pyskl - INFO - Epoch [1][5700/6265]	lr: 2.480e-02, eta: 1 day, 14:16:09, time: 1.449, data_time: 0.000, memory: 6270, top1_acc: 0.7156, top5_acc: 0.9391, loss_cls: 0.9134, loss: 0.9134
2026-08-06 20:23:18,290 - pyskl - INFO - Epoch [1][5800/6265]	lr: 2.479e-02, eta: 1 day, 14:13:33, time: 1.451, data_time: 0.000, memory: 6270, top1_acc: 0.7438, top5_acc: 0.9550, loss_cls: 0.8149, loss: 0.8149
2026-08-06 20:25:43,089 - pyskl - INFO - Epoch [1][5900/6265]	lr: 2.479e-02, eta: 1 day, 14:10:52, time: 1.448, data_time: 0.000, memory: 6270, top1_acc: 0.7369, top5_acc: 0.9487, loss_cls: 0.8616, loss: 0.8616
2026-08-06 20:28:07,928 - pyskl - INFO - Epoch [1][6000/6265]	lr: 2.478e-02, eta: 1 day, 14:08:13, time: 1.448, data_time: 0.000, memory: 6270, top1_acc: 0.7366, top5_acc: 0.9509, loss_cls: 0.8500, loss: 0.8500
2026-08-06 20:30:32,314 - pyskl - INFO - Epoch [1][6100/6265]	lr: 2.477e-02, eta: 1 day, 14:05:27, time: 1.444, data_time: 0.000, memory: 6270, top1_acc: 0.7412, top5_acc: 0.9544, loss_cls: 0.8321, loss: 0.8321
2026-08-06 20:32:56,998 - pyskl - INFO - Epoch [1][6200/6265]	lr: 2.476e-02, eta: 1 day, 14:02:47, time: 1.447, data_time: 0.000, memory: 6270, top1_acc: 0.7559, top5_acc: 0.9553, loss_cls: 0.7944, loss: 0.7944
2026-08-06 20:34:29,404 - pyskl - INFO - Saving checkpoint at 1 epochs
2026-08-06 20:45:42,617 - pyskl - INFO - Evaluating top_k_accuracy ...
2026-08-06 20:45:42,656 - pyskl - INFO - 
top1_acc	0.6924
top5_acc	0.9239
2026-08-06 20:45:42,737 - pyskl - INFO - Now best checkpoint is saved as best_top1_acc_epoch_1.pth.
2026-08-06 20:45:42,737 - pyskl - INFO - Best top1_acc is 0.6924 at 1 epoch.
2026-08-06 20:45:42,739 - pyskl - INFO - Epoch(val) [1][516]	top1_acc: 0.6924, top5_acc: 0.9239
2026-08-06 20:48:18,726 - pyskl - INFO - Epoch [2][100/6265]	lr: 2.475e-02, eta: 1 day, 13:38:03, time: 1.560, data_time: 0.118, memory: 6270, top1_acc: 0.7478, top5_acc: 0.9513, loss_cls: 0.8162, loss: 0.8162
2026-08-06 20:50:43,542 - pyskl - INFO - Epoch [2][200/6265]	lr: 2.474e-02, eta: 1 day, 13:35:46, time: 1.448, data_time: 0.000, memory: 6270, top1_acc: 0.7566, top5_acc: 0.9544, loss_cls: 0.7837, loss: 0.7837
2026-08-06 20:53:08,330 - pyskl - INFO - Epoch [2][300/6265]	lr: 2.474e-02, eta: 1 day, 13:33:28, time: 1.448, data_time: 0.000, memory: 6270, top1_acc: 0.7712, top5_acc: 0.9609, loss_cls: 0.7572, loss: 0.7572
2026-08-06 20:55:33,015 - pyskl - INFO - Epoch [2][400/6265]	lr: 2.473e-02, eta: 1 day, 13:31:08, time: 1.447, data_time: 0.000, memory: 6270, top1_acc: 0.7591, top5_acc: 0.9559, loss_cls: 0.7605, loss: 0.7605
2026-08-06 20:57:57,341 - pyskl - INFO - Epoch [2][500/6265]	lr: 2.472e-02, eta: 1 day, 13:28:44, time: 1.443, data_time: 0.000, memory: 6270, top1_acc: 0.7712, top5_acc: 0.9628, loss_cls: 0.7171, loss: 0.7171
2026-08-06 21:00:21,285 - pyskl - INFO - Epoch [2][600/6265]	lr: 2.471e-02, eta: 1 day, 13:26:14, time: 1.439, data_time: 0.000, memory: 6270, top1_acc: 0.7612, top5_acc: 0.9556, loss_cls: 0.7634, loss: 0.7634
2026-08-06 21:02:45,969 - pyskl - INFO - Epoch [2][700/6265]	lr: 2.470e-02, eta: 1 day, 13:23:54, time: 1.447, data_time: 0.000, memory: 6270, top1_acc: 0.7644, top5_acc: 0.9550, loss_cls: 0.7670, loss: 0.7670
2026-08-06 21:05:10,626 - pyskl - INFO - Epoch [2][800/6265]	lr: 2.469e-02, eta: 1 day, 13:21:34, time: 1.447, data_time: 0.000, memory: 6270, top1_acc: 0.7609, top5_acc: 0.9594, loss_cls: 0.7621, loss: 0.7621
2026-08-06 21:07:35,244 - pyskl - INFO - Epoch [2][900/6265]	lr: 2.469e-02, eta: 1 day, 13:19:13, time: 1.446, data_time: 0.000, memory: 6270, top1_acc: 0.7512, top5_acc: 0.9550, loss_cls: 0.7853, loss: 0.7853
2026-08-06 21:09:59,579 - pyskl - INFO - Epoch [2][1000/6265]	lr: 2.468e-02, eta: 1 day, 13:16:49, time: 1.443, data_time: 0.000, memory: 6270, top1_acc: 0.7581, top5_acc: 0.9556, loss_cls: 0.7751, loss: 0.7751
2026-08-06 21:12:23,590 - pyskl - INFO - Epoch [2][1100/6265]	lr: 2.467e-02, eta: 1 day, 13:14:20, time: 1.440, data_time: 0.000, memory: 6270, top1_acc: 0.7550, top5_acc: 0.9541, loss_cls: 0.7676, loss: 0.7676
2026-08-06 21:14:48,521 - pyskl - INFO - Epoch [2][1200/6265]	lr: 2.466e-02, eta: 1 day, 13:12:03, time: 1.449, data_time: 0.000, memory: 6270, top1_acc: 0.7600, top5_acc: 0.9541, loss_cls: 0.7630, loss: 0.7630
2026-08-06 21:17:13,601 - pyskl - INFO - Epoch [2][1300/6265]	lr: 2.465e-02, eta: 1 day, 13:09:48, time: 1.451, data_time: 0.000, memory: 6270, top1_acc: 0.7662, top5_acc: 0.9531, loss_cls: 0.7548, loss: 0.7548
2026-08-06 21:19:38,423 - pyskl - INFO - Epoch [2][1400/6265]	lr: 2.464e-02, eta: 1 day, 13:07:29, time: 1.448, data_time: 0.000, memory: 6270, top1_acc: 0.7775, top5_acc: 0.9631, loss_cls: 0.7130, loss: 0.7130
2026-08-06 21:22:03,186 - pyskl - INFO - Epoch [2][1500/6265]	lr: 2.463e-02, eta: 1 day, 13:05:09, time: 1.448, data_time: 0.000, memory: 6270, top1_acc: 0.7800, top5_acc: 0.9681, loss_cls: 0.6955, loss: 0.6955
2026-08-06 21:24:27,486 - pyskl - INFO - Epoch [2][1600/6265]	lr: 2.462e-02, eta: 1 day, 13:02:44, time: 1.443, data_time: 0.000, memory: 6270, top1_acc: 0.7788, top5_acc: 0.9669, loss_cls: 0.6950, loss: 0.6950
2026-08-06 21:26:52,504 - pyskl - INFO - Epoch [2][1700/6265]	lr: 2.461e-02, eta: 1 day, 13:00:27, time: 1.450, data_time: 0.000, memory: 6270, top1_acc: 0.7856, top5_acc: 0.9603, loss_cls: 0.6983, loss: 0.6983
2026-08-06 21:29:16,657 - pyskl - INFO - Epoch [2][1800/6265]	lr: 2.460e-02, eta: 1 day, 12:58:00, time: 1.442, data_time: 0.000, memory: 6270, top1_acc: 0.7756, top5_acc: 0.9663, loss_cls: 0.7200, loss: 0.7200
2026-08-06 21:31:41,351 - pyskl - INFO - Epoch [2][1900/6265]	lr: 2.459e-02, eta: 1 day, 12:55:39, time: 1.447, data_time: 0.000, memory: 6270, top1_acc: 0.7778, top5_acc: 0.9547, loss_cls: 0.7248, loss: 0.7248
2026-08-06 21:34:05,618 - pyskl - INFO - Epoch [2][2000/6265]	lr: 2.458e-02, eta: 1 day, 12:53:13, time: 1.443, data_time: 0.000, memory: 6270, top1_acc: 0.7797, top5_acc: 0.9672, loss_cls: 0.6828, loss: 0.6828
2026-08-06 21:36:29,322 - pyskl - INFO - Epoch [2][2100/6265]	lr: 2.457e-02, eta: 1 day, 12:50:42, time: 1.437, data_time: 0.001, memory: 6270, top1_acc: 0.7716, top5_acc: 0.9587, loss_cls: 0.7261, loss: 0.7261
2026-08-06 21:38:54,061 - pyskl - INFO - Epoch [2][2200/6265]	lr: 2.456e-02, eta: 1 day, 12:48:21, time: 1.447, data_time: 0.000, memory: 6270, top1_acc: 0.7991, top5_acc: 0.9659, loss_cls: 0.6538, loss: 0.6538
2026-08-06 21:41:18,439 - pyskl - INFO - Epoch [2][2300/6265]	lr: 2.455e-02, eta: 1 day, 12:45:57, time: 1.444, data_time: 0.000, memory: 6270, top1_acc: 0.7741, top5_acc: 0.9613, loss_cls: 0.7265, loss: 0.7265
2026-08-06 21:43:43,017 - pyskl - INFO - Epoch [2][2400/6265]	lr: 2.454e-02, eta: 1 day, 12:43:35, time: 1.446, data_time: 0.000, memory: 6270, top1_acc: 0.7878, top5_acc: 0.9625, loss_cls: 0.6747, loss: 0.6747
2026-08-06 21:46:07,556 - pyskl - INFO - Epoch [2][2500/6265]	lr: 2.453e-02, eta: 1 day, 12:41:12, time: 1.445, data_time: 0.000, memory: 6270, top1_acc: 0.7822, top5_acc: 0.9622, loss_cls: 0.7091, loss: 0.7091
2026-08-06 21:48:31,517 - pyskl - INFO - Epoch [2][2600/6265]	lr: 2.452e-02, eta: 1 day, 12:38:43, time: 1.440, data_time: 0.000, memory: 6270, top1_acc: 0.7887, top5_acc: 0.9659, loss_cls: 0.6600, loss: 0.6600
2026-08-06 21:50:56,380 - pyskl - INFO - Epoch [2][2700/6265]	lr: 2.451e-02, eta: 1 day, 12:36:24, time: 1.449, data_time: 0.000, memory: 6270, top1_acc: 0.7987, top5_acc: 0.9628, loss_cls: 0.6555, loss: 0.6555
2026-08-06 21:53:21,047 - pyskl - INFO - Epoch [2][2800/6265]	lr: 2.450e-02, eta: 1 day, 12:34:02, time: 1.447, data_time: 0.000, memory: 6270, top1_acc: 0.7887, top5_acc: 0.9631, loss_cls: 0.6679, loss: 0.6679
2026-08-06 21:55:45,675 - pyskl - INFO - Epoch [2][2900/6265]	lr: 2.449e-02, eta: 1 day, 12:31:40, time: 1.446, data_time: 0.000, memory: 6270, top1_acc: 0.7828, top5_acc: 0.9647, loss_cls: 0.6792, loss: 0.6792
2026-08-06 21:58:10,367 - pyskl - INFO - Epoch [2][3000/6265]	lr: 2.448e-02, eta: 1 day, 12:29:19, time: 1.447, data_time: 0.000, memory: 6270, top1_acc: 0.7891, top5_acc: 0.9672, loss_cls: 0.6629, loss: 0.6629
2026-08-06 22:00:34,445 - pyskl - INFO - Epoch [2][3100/6265]	lr: 2.447e-02, eta: 1 day, 12:26:51, time: 1.441, data_time: 0.000, memory: 6270, top1_acc: 0.8037, top5_acc: 0.9681, loss_cls: 0.6436, loss: 0.6436
2026-08-06 22:02:59,437 - pyskl - INFO - Epoch [2][3200/6265]	lr: 2.445e-02, eta: 1 day, 12:24:33, time: 1.450, data_time: 0.000, memory: 6270, top1_acc: 0.7822, top5_acc: 0.9656, loss_cls: 0.6824, loss: 0.6824
2026-08-06 22:05:24,025 - pyskl - INFO - Epoch [2][3300/6265]	lr: 2.444e-02, eta: 1 day, 12:22:10, time: 1.446, data_time: 0.000, memory: 6270, top1_acc: 0.8003, top5_acc: 0.9700, loss_cls: 0.6171, loss: 0.6171
2026-08-06 22:07:48,500 - pyskl - INFO - Epoch [2][3400/6265]	lr: 2.443e-02, eta: 1 day, 12:19:47, time: 1.445, data_time: 0.000, memory: 6270, top1_acc: 0.8125, top5_acc: 0.9688, loss_cls: 0.6105, loss: 0.6105
2026-08-06 22:10:13,497 - pyskl - INFO - Epoch [2][3500/6265]	lr: 2.442e-02, eta: 1 day, 12:17:28, time: 1.450, data_time: 0.000, memory: 6270, top1_acc: 0.8069, top5_acc: 0.9706, loss_cls: 0.6174, loss: 0.6174
2026-08-06 22:12:37,209 - pyskl - INFO - Epoch [2][3600/6265]	lr: 2.441e-02, eta: 1 day, 12:14:57, time: 1.437, data_time: 0.000, memory: 6270, top1_acc: 0.7866, top5_acc: 0.9684, loss_cls: 0.6601, loss: 0.6601
2026-08-06 22:15:02,215 - pyskl - INFO - Epoch [2][3700/6265]	lr: 2.440e-02, eta: 1 day, 12:12:38, time: 1.450, data_time: 0.000, memory: 6270, top1_acc: 0.7956, top5_acc: 0.9663, loss_cls: 0.6573, loss: 0.6573
2026-08-06 22:17:26,475 - pyskl - INFO - Epoch [2][3800/6265]	lr: 2.438e-02, eta: 1 day, 12:10:13, time: 1.443, data_time: 0.000, memory: 6270, top1_acc: 0.7978, top5_acc: 0.9669, loss_cls: 0.6359, loss: 0.6359
2026-08-06 22:19:51,141 - pyskl - INFO - Epoch [2][3900/6265]	lr: 2.437e-02, eta: 1 day, 12:07:50, time: 1.447, data_time: 0.000, memory: 6270, top1_acc: 0.7972, top5_acc: 0.9616, loss_cls: 0.6736, loss: 0.6736
2026-08-06 22:22:15,646 - pyskl - INFO - Epoch [2][4000/6265]	lr: 2.436e-02, eta: 1 day, 12:05:27, time: 1.445, data_time: 0.000, memory: 6270, top1_acc: 0.8072, top5_acc: 0.9631, loss_cls: 0.6402, loss: 0.6402
2026-08-06 22:24:40,014 - pyskl - INFO - Epoch [2][4100/6265]	lr: 2.435e-02, eta: 1 day, 12:03:02, time: 1.444, data_time: 0.000, memory: 6270, top1_acc: 0.7984, top5_acc: 0.9672, loss_cls: 0.6471, loss: 0.6471
2026-08-06 22:27:05,081 - pyskl - INFO - Epoch [2][4200/6265]	lr: 2.433e-02, eta: 1 day, 12:00:44, time: 1.451, data_time: 0.000, memory: 6270, top1_acc: 0.7937, top5_acc: 0.9631, loss_cls: 0.6874, loss: 0.6874
2026-08-06 22:29:29,045 - pyskl - INFO - Epoch [2][4300/6265]	lr: 2.432e-02, eta: 1 day, 11:58:15, time: 1.440, data_time: 0.000, memory: 6270, top1_acc: 0.7947, top5_acc: 0.9637, loss_cls: 0.6502, loss: 0.6502
2026-08-06 22:31:53,562 - pyskl - INFO - Epoch [2][4400/6265]	lr: 2.431e-02, eta: 1 day, 11:55:52, time: 1.445, data_time: 0.000, memory: 6270, top1_acc: 0.8100, top5_acc: 0.9644, loss_cls: 0.6122, loss: 0.6122
2026-08-06 22:34:17,961 - pyskl - INFO - Epoch [2][4500/6265]	lr: 2.430e-02, eta: 1 day, 11:53:27, time: 1.444, data_time: 0.000, memory: 6270, top1_acc: 0.7991, top5_acc: 0.9647, loss_cls: 0.6381, loss: 0.6381
2026-08-06 22:36:42,031 - pyskl - INFO - Epoch [2][4600/6265]	lr: 2.428e-02, eta: 1 day, 11:51:00, time: 1.441, data_time: 0.000, memory: 6270, top1_acc: 0.8266, top5_acc: 0.9772, loss_cls: 0.5842, loss: 0.5842
2026-08-06 22:39:06,955 - pyskl - INFO - Epoch [2][4700/6265]	lr: 2.427e-02, eta: 1 day, 11:48:40, time: 1.449, data_time: 0.000, memory: 6270, top1_acc: 0.7963, top5_acc: 0.9716, loss_cls: 0.6264, loss: 0.6264
2026-08-06 22:41:31,146 - pyskl - INFO - Epoch [2][4800/6265]	lr: 2.426e-02, eta: 1 day, 11:46:14, time: 1.442, data_time: 0.000, memory: 6270, top1_acc: 0.8147, top5_acc: 0.9669, loss_cls: 0.5964, loss: 0.5964
2026-08-06 22:43:55,496 - pyskl - INFO - Epoch [2][4900/6265]	lr: 2.424e-02, eta: 1 day, 11:43:49, time: 1.443, data_time: 0.000, memory: 6270, top1_acc: 0.8056, top5_acc: 0.9678, loss_cls: 0.6313, loss: 0.6313
2026-08-06 22:46:19,730 - pyskl - INFO - Epoch [2][5000/6265]	lr: 2.423e-02, eta: 1 day, 11:41:23, time: 1.442, data_time: 0.000, memory: 6270, top1_acc: 0.8041, top5_acc: 0.9684, loss_cls: 0.6238, loss: 0.6238
2026-08-06 22:48:43,789 - pyskl - INFO - Epoch [2][5100/6265]	lr: 2.422e-02, eta: 1 day, 11:38:56, time: 1.441, data_time: 0.000, memory: 6270, top1_acc: 0.7963, top5_acc: 0.9672, loss_cls: 0.6476, loss: 0.6476
2026-08-06 22:51:08,433 - pyskl - INFO - Epoch [2][5200/6265]	lr: 2.420e-02, eta: 1 day, 11:36:34, time: 1.446, data_time: 0.000, memory: 6270, top1_acc: 0.8028, top5_acc: 0.9738, loss_cls: 0.5970, loss: 0.5970
2026-08-06 22:53:32,121 - pyskl - INFO - Epoch [2][5300/6265]	lr: 2.419e-02, eta: 1 day, 11:34:04, time: 1.437, data_time: 0.000, memory: 6270, top1_acc: 0.8128, top5_acc: 0.9716, loss_cls: 0.5810, loss: 0.5810
2026-08-06 22:55:56,725 - pyskl - INFO - Epoch [2][5400/6265]	lr: 2.417e-02, eta: 1 day, 11:31:41, time: 1.446, data_time: 0.000, memory: 6270, top1_acc: 0.8094, top5_acc: 0.9728, loss_cls: 0.6130, loss: 0.6130
2026-08-06 22:58:21,239 - pyskl - INFO - Epoch [2][5500/6265]	lr: 2.416e-02, eta: 1 day, 11:29:17, time: 1.445, data_time: 0.000, memory: 6270, top1_acc: 0.8184, top5_acc: 0.9734, loss_cls: 0.5887, loss: 0.5887
2026-08-06 23:00:45,454 - pyskl - INFO - Epoch [2][5600/6265]	lr: 2.415e-02, eta: 1 day, 11:26:52, time: 1.442, data_time: 0.000, memory: 6270, top1_acc: 0.8153, top5_acc: 0.9647, loss_cls: 0.6090, loss: 0.6090
2026-08-06 23:03:10,023 - pyskl - INFO - Epoch [2][5700/6265]	lr: 2.413e-02, eta: 1 day, 11:24:28, time: 1.446, data_time: 0.000, memory: 6270, top1_acc: 0.8213, top5_acc: 0.9738, loss_cls: 0.5743, loss: 0.5743
2026-08-06 23:05:33,844 - pyskl - INFO - Epoch [2][5800/6265]	lr: 2.412e-02, eta: 1 day, 11:22:00, time: 1.438, data_time: 0.000, memory: 6270, top1_acc: 0.8216, top5_acc: 0.9691, loss_cls: 0.5981, loss: 0.5981
2026-08-06 23:07:58,491 - pyskl - INFO - Epoch [2][5900/6265]	lr: 2.410e-02, eta: 1 day, 11:19:37, time: 1.446, data_time: 0.000, memory: 6270, top1_acc: 0.8050, top5_acc: 0.9706, loss_cls: 0.6117, loss: 0.6117
2026-08-06 23:10:22,819 - pyskl - INFO - Epoch [2][6000/6265]	lr: 2.409e-02, eta: 1 day, 11:17:12, time: 1.443, data_time: 0.000, memory: 6270, top1_acc: 0.8306, top5_acc: 0.9747, loss_cls: 0.5458, loss: 0.5458
2026-08-06 23:12:46,873 - pyskl - INFO - Epoch [2][6100/6265]	lr: 2.407e-02, eta: 1 day, 11:14:45, time: 1.441, data_time: 0.000, memory: 6270, top1_acc: 0.8091, top5_acc: 0.9741, loss_cls: 0.5753, loss: 0.5753
2026-08-06 23:15:11,774 - pyskl - INFO - Epoch [2][6200/6265]	lr: 2.406e-02, eta: 1 day, 11:12:25, time: 1.449, data_time: 0.000, memory: 6270, top1_acc: 0.8137, top5_acc: 0.9725, loss_cls: 0.5949, loss: 0.5949
2026-08-06 23:16:44,714 - pyskl - INFO - Saving checkpoint at 2 epochs
2026-08-06 23:27:57,583 - pyskl - INFO - Evaluating top_k_accuracy ...
2026-08-06 23:27:57,622 - pyskl - INFO - 
top1_acc	0.7377
top5_acc	0.9536
2026-08-06 23:27:57,623 - pyskl - INFO - The previous best checkpoint D:\YxjProject\pythonProject\pyskl\work_dirs\ctrgcn\ctrgcn_pyskl_ntu60_xsub_3dkp\j_single_gpu\best_top1_acc_epoch_1.pth was removed
2026-08-06 23:27:57,711 - pyskl - INFO - Now best checkpoint is saved as best_top1_acc_epoch_2.pth.
2026-08-06 23:27:57,711 - pyskl - INFO - Best top1_acc is 0.7377 at 2 epoch.
2026-08-06 23:27:57,712 - pyskl - INFO - Epoch(val) [2][516]	top1_acc: 0.7377, top5_acc: 0.9536
2026-08-06 23:30:32,973 - pyskl - INFO - Epoch [3][100/6265]	lr: 2.403e-02, eta: 1 day, 10:58:51, time: 1.553, data_time: 0.117, memory: 6270, top1_acc: 0.8309, top5_acc: 0.9747, loss_cls: 0.5388, loss: 0.5388
2026-08-06 23:32:57,293 - pyskl - INFO - Epoch [3][200/6265]	lr: 2.402e-02, eta: 1 day, 10:56:31, time: 1.443, data_time: 0.000, memory: 6270, top1_acc: 0.8231, top5_acc: 0.9675, loss_cls: 0.5811, loss: 0.5811
2026-08-06 23:35:21,006 - pyskl - INFO - Epoch [3][300/6265]	lr: 2.400e-02, eta: 1 day, 10:54:07, time: 1.437, data_time: 0.000, memory: 6270, top1_acc: 0.8166, top5_acc: 0.9712, loss_cls: 0.5667, loss: 0.5667
2026-08-06 23:37:45,249 - pyskl - INFO - Epoch [3][400/6265]	lr: 2.399e-02, eta: 1 day, 10:51:46, time: 1.442, data_time: 0.000, memory: 6270, top1_acc: 0.8234, top5_acc: 0.9775, loss_cls: 0.5519, loss: 0.5519
2026-08-06 23:40:09,186 - pyskl - INFO - Epoch [3][500/6265]	lr: 2.397e-02, eta: 1 day, 10:49:24, time: 1.439, data_time: 0.000, memory: 6270, top1_acc: 0.8237, top5_acc: 0.9731, loss_cls: 0.5817, loss: 0.5817
2026-08-06 23:42:32,737 - pyskl - INFO - Epoch [3][600/6265]	lr: 2.396e-02, eta: 1 day, 10:46:59, time: 1.436, data_time: 0.000, memory: 6270, top1_acc: 0.8059, top5_acc: 0.9681, loss_cls: 0.6090, loss: 0.6090
2026-08-06 23:44:57,248 - pyskl - INFO - Epoch [3][700/6265]	lr: 2.394e-02, eta: 1 day, 10:44:40, time: 1.445, data_time: 0.000, memory: 6270, top1_acc: 0.8228, top5_acc: 0.9712, loss_cls: 0.5645, loss: 0.5645
2026-08-06 23:47:21,113 - pyskl - INFO - Epoch [3][800/6265]	lr: 2.393e-02, eta: 1 day, 10:42:17, time: 1.439, data_time: 0.000, memory: 6270, top1_acc: 0.8287, top5_acc: 0.9681, loss_cls: 0.5495, loss: 0.5495
2026-08-06 23:49:45,368 - pyskl - INFO - Epoch [3][900/6265]	lr: 2.391e-02, eta: 1 day, 10:39:57, time: 1.443, data_time: 0.000, memory: 6270, top1_acc: 0.8184, top5_acc: 0.9738, loss_cls: 0.5622, loss: 0.5622
2026-08-06 23:52:09,404 - pyskl - INFO - Epoch [3][1000/6265]	lr: 2.389e-02, eta: 1 day, 10:37:35, time: 1.440, data_time: 0.000, memory: 6270, top1_acc: 0.8291, top5_acc: 0.9712, loss_cls: 0.5569, loss: 0.5569
2026-08-06 23:54:32,992 - pyskl - INFO - Epoch [3][1100/6265]	lr: 2.388e-02, eta: 1 day, 10:35:10, time: 1.436, data_time: 0.000, memory: 6270, top1_acc: 0.8544, top5_acc: 0.9766, loss_cls: 0.4861, loss: 0.4861
2026-08-06 23:56:57,351 - pyskl - INFO - Epoch [3][1200/6265]	lr: 2.386e-02, eta: 1 day, 10:32:50, time: 1.444, data_time: 0.000, memory: 6270, top1_acc: 0.8259, top5_acc: 0.9741, loss_cls: 0.5331, loss: 0.5331
2026-08-06 23:59:21,023 - pyskl - INFO - Epoch [3][1300/6265]	lr: 2.384e-02, eta: 1 day, 10:30:25, time: 1.437, data_time: 0.000, memory: 6270, top1_acc: 0.8350, top5_acc: 0.9741, loss_cls: 0.5391, loss: 0.5391
2026-08-07 00:01:45,212 - pyskl - INFO - Epoch [3][1400/6265]	lr: 2.383e-02, eta: 1 day, 10:28:04, time: 1.442, data_time: 0.000, memory: 6270, top1_acc: 0.8278, top5_acc: 0.9681, loss_cls: 0.5484, loss: 0.5484
2026-08-07 00:04:09,067 - pyskl - INFO - Epoch [3][1500/6265]	lr: 2.381e-02, eta: 1 day, 10:25:41, time: 1.439, data_time: 0.000, memory: 6270, top1_acc: 0.8309, top5_acc: 0.9766, loss_cls: 0.5430, loss: 0.5430
2026-08-07 00:06:32,577 - pyskl - INFO - Epoch [3][1600/6265]	lr: 2.379e-02, eta: 1 day, 10:23:16, time: 1.435, data_time: 0.000, memory: 6270, top1_acc: 0.8263, top5_acc: 0.9781, loss_cls: 0.5446, loss: 0.5446
2026-08-07 00:08:57,051 - pyskl - INFO - Epoch [3][1700/6265]	lr: 2.378e-02, eta: 1 day, 10:20:56, time: 1.445, data_time: 0.000, memory: 6270, top1_acc: 0.8344, top5_acc: 0.9750, loss_cls: 0.5271, loss: 0.5271
2026-08-07 00:11:21,096 - pyskl - INFO - Epoch [3][1800/6265]	lr: 2.376e-02, eta: 1 day, 10:18:34, time: 1.440, data_time: 0.000, memory: 6270, top1_acc: 0.8209, top5_acc: 0.9750, loss_cls: 0.5654, loss: 0.5654
2026-08-07 00:13:45,029 - pyskl - INFO - Epoch [3][1900/6265]	lr: 2.374e-02, eta: 1 day, 10:16:11, time: 1.439, data_time: 0.000, memory: 6270, top1_acc: 0.8150, top5_acc: 0.9684, loss_cls: 0.5865, loss: 0.5865
2026-08-07 00:16:09,213 - pyskl - INFO - Epoch [3][2000/6265]	lr: 2.373e-02, eta: 1 day, 10:13:50, time: 1.442, data_time: 0.000, memory: 6270, top1_acc: 0.8275, top5_acc: 0.9716, loss_cls: 0.5504, loss: 0.5504
2026-08-07 00:18:32,672 - pyskl - INFO - Epoch [3][2100/6265]	lr: 2.371e-02, eta: 1 day, 10:11:24, time: 1.435, data_time: 0.000, memory: 6270, top1_acc: 0.8328, top5_acc: 0.9759, loss_cls: 0.5437, loss: 0.5437
2026-08-07 00:20:57,029 - pyskl - INFO - Epoch [3][2200/6265]	lr: 2.369e-02, eta: 1 day, 10:09:04, time: 1.444, data_time: 0.000, memory: 6270, top1_acc: 0.8328, top5_acc: 0.9762, loss_cls: 0.5214, loss: 0.5214
2026-08-07 00:23:20,782 - pyskl - INFO - Epoch [3][2300/6265]	lr: 2.367e-02, eta: 1 day, 10:06:40, time: 1.438, data_time: 0.000, memory: 6270, top1_acc: 0.8341, top5_acc: 0.9756, loss_cls: 0.5352, loss: 0.5352
2026-08-07 00:25:45,171 - pyskl - INFO - Epoch [3][2400/6265]	lr: 2.366e-02, eta: 1 day, 10:04:20, time: 1.444, data_time: 0.000, memory: 6270, top1_acc: 0.8269, top5_acc: 0.9738, loss_cls: 0.5475, loss: 0.5475
2026-08-07 00:28:09,781 - pyskl - INFO - Epoch [3][2500/6265]	lr: 2.364e-02, eta: 1 day, 10:02:01, time: 1.446, data_time: 0.000, memory: 6270, top1_acc: 0.8406, top5_acc: 0.9794, loss_cls: 0.5248, loss: 0.5248
2026-08-07 00:30:33,392 - pyskl - INFO - Epoch [3][2600/6265]	lr: 2.362e-02, eta: 1 day, 9:59:36, time: 1.436, data_time: 0.000, memory: 6270, top1_acc: 0.8306, top5_acc: 0.9769, loss_cls: 0.5257, loss: 0.5257
2026-08-07 00:32:57,473 - pyskl - INFO - Epoch [3][2700/6265]	lr: 2.360e-02, eta: 1 day, 9:57:14, time: 1.441, data_time: 0.000, memory: 6270, top1_acc: 0.8359, top5_acc: 0.9753, loss_cls: 0.5252, loss: 0.5252
2026-08-07 00:35:20,869 - pyskl - INFO - Epoch [3][2800/6265]	lr: 2.359e-02, eta: 1 day, 9:54:48, time: 1.434, data_time: 0.000, memory: 6270, top1_acc: 0.8269, top5_acc: 0.9738, loss_cls: 0.5279, loss: 0.5279
2026-08-07 00:37:44,869 - pyskl - INFO - Epoch [3][2900/6265]	lr: 2.357e-02, eta: 1 day, 9:52:25, time: 1.440, data_time: 0.000, memory: 6270, top1_acc: 0.8419, top5_acc: 0.9769, loss_cls: 0.5174, loss: 0.5174
2026-08-07 00:40:08,768 - pyskl - INFO - Epoch [3][3000/6265]	lr: 2.355e-02, eta: 1 day, 9:50:02, time: 1.439, data_time: 0.000, memory: 6270, top1_acc: 0.8244, top5_acc: 0.9797, loss_cls: 0.5564, loss: 0.5564
2026-08-07 00:42:32,182 - pyskl - INFO - Epoch [3][3100/6265]	lr: 2.353e-02, eta: 1 day, 9:47:36, time: 1.434, data_time: 0.000, memory: 6270, top1_acc: 0.8447, top5_acc: 0.9750, loss_cls: 0.5073, loss: 0.5073
2026-08-07 00:44:56,214 - pyskl - INFO - Epoch [3][3200/6265]	lr: 2.351e-02, eta: 1 day, 9:45:14, time: 1.440, data_time: 0.000, memory: 6270, top1_acc: 0.8469, top5_acc: 0.9750, loss_cls: 0.4976, loss: 0.4976
2026-08-07 00:47:19,837 - pyskl - INFO - Epoch [3][3300/6265]	lr: 2.349e-02, eta: 1 day, 9:42:49, time: 1.436, data_time: 0.000, memory: 6270, top1_acc: 0.8438, top5_acc: 0.9781, loss_cls: 0.4934, loss: 0.4934
2026-08-07 00:49:43,927 - pyskl - INFO - Epoch [3][3400/6265]	lr: 2.347e-02, eta: 1 day, 9:40:27, time: 1.441, data_time: 0.000, memory: 6270, top1_acc: 0.8287, top5_acc: 0.9722, loss_cls: 0.5392, loss: 0.5392
2026-08-07 00:52:07,562 - pyskl - INFO - Epoch [3][3500/6265]	lr: 2.346e-02, eta: 1 day, 9:38:02, time: 1.436, data_time: 0.000, memory: 6270, top1_acc: 0.8387, top5_acc: 0.9741, loss_cls: 0.5216, loss: 0.5216
2026-08-07 00:54:30,782 - pyskl - INFO - Epoch [3][3600/6265]	lr: 2.344e-02, eta: 1 day, 9:35:36, time: 1.432, data_time: 0.000, memory: 6270, top1_acc: 0.8438, top5_acc: 0.9753, loss_cls: 0.4984, loss: 0.4984
2026-08-07 00:56:54,952 - pyskl - INFO - Epoch [3][3700/6265]	lr: 2.342e-02, eta: 1 day, 9:33:14, time: 1.442, data_time: 0.000, memory: 6270, top1_acc: 0.8422, top5_acc: 0.9784, loss_cls: 0.4928, loss: 0.4928
2026-08-07 00:59:18,511 - pyskl - INFO - Epoch [3][3800/6265]	lr: 2.340e-02, eta: 1 day, 9:30:49, time: 1.436, data_time: 0.000, memory: 6270, top1_acc: 0.8428, top5_acc: 0.9744, loss_cls: 0.5039, loss: 0.5039
2026-08-07 01:01:42,491 - pyskl - INFO - Epoch [3][3900/6265]	lr: 2.338e-02, eta: 1 day, 9:28:26, time: 1.440, data_time: 0.000, memory: 6270, top1_acc: 0.8475, top5_acc: 0.9775, loss_cls: 0.4952, loss: 0.4952
2026-08-07 01:04:06,554 - pyskl - INFO - Epoch [3][4000/6265]	lr: 2.336e-02, eta: 1 day, 9:26:04, time: 1.441, data_time: 0.000, memory: 6270, top1_acc: 0.8422, top5_acc: 0.9741, loss_cls: 0.5079, loss: 0.5079
2026-08-07 01:06:29,901 - pyskl - INFO - Epoch [3][4100/6265]	lr: 2.334e-02, eta: 1 day, 9:23:38, time: 1.433, data_time: 0.000, memory: 6270, top1_acc: 0.8306, top5_acc: 0.9725, loss_cls: 0.5488, loss: 0.5488
2026-08-07 01:08:54,089 - pyskl - INFO - Epoch [3][4200/6265]	lr: 2.332e-02, eta: 1 day, 9:21:16, time: 1.442, data_time: 0.000, memory: 6270, top1_acc: 0.8503, top5_acc: 0.9788, loss_cls: 0.4820, loss: 0.4820
2026-08-07 01:11:17,613 - pyskl - INFO - Epoch [3][4300/6265]	lr: 2.330e-02, eta: 1 day, 9:18:51, time: 1.435, data_time: 0.000, memory: 6270, top1_acc: 0.8469, top5_acc: 0.9766, loss_cls: 0.4859, loss: 0.4859
2026-08-07 01:13:41,395 - pyskl - INFO - Epoch [3][4400/6265]	lr: 2.328e-02, eta: 1 day, 9:16:27, time: 1.438, data_time: 0.000, memory: 6270, top1_acc: 0.8303, top5_acc: 0.9794, loss_cls: 0.5310, loss: 0.5310
2026-08-07 01:16:05,469 - pyskl - INFO - Epoch [3][4500/6265]	lr: 2.326e-02, eta: 1 day, 9:14:05, time: 1.441, data_time: 0.000, memory: 6270, top1_acc: 0.8356, top5_acc: 0.9800, loss_cls: 0.5084, loss: 0.5084
2026-08-07 01:18:28,655 - pyskl - INFO - Epoch [3][4600/6265]	lr: 2.324e-02, eta: 1 day, 9:11:38, time: 1.432, data_time: 0.000, memory: 6270, top1_acc: 0.8363, top5_acc: 0.9778, loss_cls: 0.5213, loss: 0.5213
2026-08-07 01:20:52,914 - pyskl - INFO - Epoch [3][4700/6265]	lr: 2.322e-02, eta: 1 day, 9:09:16, time: 1.443, data_time: 0.000, memory: 6270, top1_acc: 0.8525, top5_acc: 0.9772, loss_cls: 0.4680, loss: 0.4680
2026-08-07 01:23:16,760 - pyskl - INFO - Epoch [3][4800/6265]	lr: 2.320e-02, eta: 1 day, 9:06:53, time: 1.438, data_time: 0.000, memory: 6270, top1_acc: 0.8544, top5_acc: 0.9806, loss_cls: 0.4664, loss: 0.4664
2026-08-07 01:25:41,089 - pyskl - INFO - Epoch [3][4900/6265]	lr: 2.318e-02, eta: 1 day, 9:04:32, time: 1.443, data_time: 0.000, memory: 6270, top1_acc: 0.8531, top5_acc: 0.9791, loss_cls: 0.4818, loss: 0.4818
2026-08-07 01:28:04,916 - pyskl - INFO - Epoch [3][5000/6265]	lr: 2.316e-02, eta: 1 day, 9:02:08, time: 1.438, data_time: 0.000, memory: 6270, top1_acc: 0.8391, top5_acc: 0.9769, loss_cls: 0.5002, loss: 0.5002
2026-08-07 01:30:27,929 - pyskl - INFO - Epoch [3][5100/6265]	lr: 2.314e-02, eta: 1 day, 8:59:41, time: 1.430, data_time: 0.000, memory: 6270, top1_acc: 0.8416, top5_acc: 0.9734, loss_cls: 0.5007, loss: 0.5007
2026-08-07 01:32:51,907 - pyskl - INFO - Epoch [3][5200/6265]	lr: 2.312e-02, eta: 1 day, 8:57:18, time: 1.440, data_time: 0.000, memory: 6270, top1_acc: 0.8416, top5_acc: 0.9772, loss_cls: 0.5169, loss: 0.5169
2026-08-07 01:35:15,565 - pyskl - INFO - Epoch [3][5300/6265]	lr: 2.310e-02, eta: 1 day, 8:54:53, time: 1.437, data_time: 0.000, memory: 6270, top1_acc: 0.8497, top5_acc: 0.9781, loss_cls: 0.4916, loss: 0.4916
2026-08-07 01:37:39,386 - pyskl - INFO - Epoch [3][5400/6265]	lr: 2.308e-02, eta: 1 day, 8:52:30, time: 1.438, data_time: 0.000, memory: 6270, top1_acc: 0.8413, top5_acc: 0.9791, loss_cls: 0.4851, loss: 0.4851
2026-08-07 01:40:03,033 - pyskl - INFO - Epoch [3][5500/6265]	lr: 2.306e-02, eta: 1 day, 8:50:05, time: 1.436, data_time: 0.000, memory: 6270, top1_acc: 0.8497, top5_acc: 0.9800, loss_cls: 0.4714, loss: 0.4714
2026-08-07 01:42:26,094 - pyskl - INFO - Epoch [3][5600/6265]	lr: 2.304e-02, eta: 1 day, 8:47:38, time: 1.431, data_time: 0.000, memory: 6270, top1_acc: 0.8531, top5_acc: 0.9794, loss_cls: 0.4687, loss: 0.4687
2026-08-07 01:44:50,536 - pyskl - INFO - Epoch [3][5700/6265]	lr: 2.301e-02, eta: 1 day, 8:45:17, time: 1.444, data_time: 0.000, memory: 6270, top1_acc: 0.8544, top5_acc: 0.9809, loss_cls: 0.4637, loss: 0.4637
2026-08-07 01:47:13,968 - pyskl - INFO - Epoch [3][5800/6265]	lr: 2.299e-02, eta: 1 day, 8:42:52, time: 1.434, data_time: 0.000, memory: 6270, top1_acc: 0.8509, top5_acc: 0.9756, loss_cls: 0.4832, loss: 0.4832
2026-08-07 01:49:37,906 - pyskl - INFO - Epoch [3][5900/6265]	lr: 2.297e-02, eta: 1 day, 8:40:29, time: 1.439, data_time: 0.000, memory: 6270, top1_acc: 0.8419, top5_acc: 0.9806, loss_cls: 0.4872, loss: 0.4872
2026-08-07 01:52:03,019 - pyskl - INFO - Epoch [3][6000/6265]	lr: 2.295e-02, eta: 1 day, 8:38:11, time: 1.451, data_time: 0.000, memory: 6270, top1_acc: 0.8475, top5_acc: 0.9825, loss_cls: 0.4733, loss: 0.4733
2026-08-07 01:54:26,208 - pyskl - INFO - Epoch [3][6100/6265]	lr: 2.293e-02, eta: 1 day, 8:35:45, time: 1.432, data_time: 0.000, memory: 6270, top1_acc: 0.8506, top5_acc: 0.9741, loss_cls: 0.4913, loss: 0.4913
2026-08-07 01:56:50,381 - pyskl - INFO - Epoch [3][6200/6265]	lr: 2.291e-02, eta: 1 day, 8:33:22, time: 1.442, data_time: 0.000, memory: 6270, top1_acc: 0.8594, top5_acc: 0.9800, loss_cls: 0.4633, loss: 0.4633
2026-08-07 01:58:23,053 - pyskl - INFO - Saving checkpoint at 3 epochs
2026-08-07 02:09:34,466 - pyskl - INFO - Evaluating top_k_accuracy ...
2026-08-07 02:09:34,505 - pyskl - INFO - 
top1_acc	0.7567
top5_acc	0.9549
2026-08-07 02:09:34,507 - pyskl - INFO - The previous best checkpoint D:\YxjProject\pythonProject\pyskl\work_dirs\ctrgcn\ctrgcn_pyskl_ntu60_xsub_3dkp\j_single_gpu\best_top1_acc_epoch_2.pth was removed
2026-08-07 02:09:34,590 - pyskl - INFO - Now best checkpoint is saved as best_top1_acc_epoch_3.pth.
2026-08-07 02:09:34,591 - pyskl - INFO - Best top1_acc is 0.7567 at 3 epoch.
2026-08-07 02:09:34,591 - pyskl - INFO - Epoch(val) [3][516]	top1_acc: 0.7567, top5_acc: 0.9549
2026-08-07 02:12:09,702 - pyskl - INFO - Epoch [4][100/6265]	lr: 2.287e-02, eta: 1 day, 8:23:32, time: 1.551, data_time: 0.116, memory: 6270, top1_acc: 0.8494, top5_acc: 0.9800, loss_cls: 0.4763, loss: 0.4763
2026-08-07 02:14:33,977 - pyskl - INFO - Epoch [4][200/6265]	lr: 2.285e-02, eta: 1 day, 8:21:12, time: 1.443, data_time: 0.000, memory: 6270, top1_acc: 0.8509, top5_acc: 0.9822, loss_cls: 0.4782, loss: 0.4782
2026-08-07 02:16:57,979 - pyskl - INFO - Epoch [4][300/6265]	lr: 2.283e-02, eta: 1 day, 8:18:51, time: 1.440, data_time: 0.000, memory: 6270, top1_acc: 0.8616, top5_acc: 0.9822, loss_cls: 0.4513, loss: 0.4513
2026-08-07 02:19:22,180 - pyskl - INFO - Epoch [4][400/6265]	lr: 2.281e-02, eta: 1 day, 8:16:32, time: 1.442, data_time: 0.000, memory: 6270, top1_acc: 0.8672, top5_acc: 0.9809, loss_cls: 0.4412, loss: 0.4412
2026-08-07 02:21:46,195 - pyskl - INFO - Epoch [4][500/6265]	lr: 2.278e-02, eta: 1 day, 8:14:11, time: 1.440, data_time: 0.000, memory: 6270, top1_acc: 0.8500, top5_acc: 0.9791, loss_cls: 0.4796, loss: 0.4796
2026-08-07 02:24:09,412 - pyskl - INFO - Epoch [4][600/6265]	lr: 2.276e-02, eta: 1 day, 8:11:47, time: 1.432, data_time: 0.000, memory: 6270, top1_acc: 0.8575, top5_acc: 0.9766, loss_cls: 0.4589, loss: 0.4589
2026-08-07 02:26:33,489 - pyskl - INFO - Epoch [4][700/6265]	lr: 2.274e-02, eta: 1 day, 8:09:27, time: 1.441, data_time: 0.000, memory: 6270, top1_acc: 0.8641, top5_acc: 0.9800, loss_cls: 0.4496, loss: 0.4496
2026-08-07 02:28:57,478 - pyskl - INFO - Epoch [4][800/6265]	lr: 2.272e-02, eta: 1 day, 8:07:06, time: 1.440, data_time: 0.000, memory: 6270, top1_acc: 0.8638, top5_acc: 0.9831, loss_cls: 0.4443, loss: 0.4443
2026-08-07 02:31:21,633 - pyskl - INFO - Epoch [4][900/6265]	lr: 2.269e-02, eta: 1 day, 8:04:45, time: 1.442, data_time: 0.000, memory: 6270, top1_acc: 0.8703, top5_acc: 0.9797, loss_cls: 0.4425, loss: 0.4425
2026-08-07 02:33:45,845 - pyskl - INFO - Epoch [4][1000/6265]	lr: 2.267e-02, eta: 1 day, 8:02:25, time: 1.442, data_time: 0.000, memory: 6270, top1_acc: 0.8578, top5_acc: 0.9812, loss_cls: 0.4489, loss: 0.4489
2026-08-07 02:36:09,003 - pyskl - INFO - Epoch [4][1100/6265]	lr: 2.265e-02, eta: 1 day, 8:00:01, time: 1.432, data_time: 0.000, memory: 6270, top1_acc: 0.8538, top5_acc: 0.9806, loss_cls: 0.4645, loss: 0.4645
2026-08-07 02:38:33,138 - pyskl - INFO - Epoch [4][1200/6265]	lr: 2.263e-02, eta: 1 day, 7:57:41, time: 1.441, data_time: 0.000, memory: 6270, top1_acc: 0.8572, top5_acc: 0.9794, loss_cls: 0.4527, loss: 0.4527
2026-08-07 02:40:57,152 - pyskl - INFO - Epoch [4][1300/6265]	lr: 2.260e-02, eta: 1 day, 7:55:20, time: 1.440, data_time: 0.000, memory: 6270, top1_acc: 0.8662, top5_acc: 0.9812, loss_cls: 0.4356, loss: 0.4356
2026-08-07 02:43:21,266 - pyskl - INFO - Epoch [4][1400/6265]	lr: 2.258e-02, eta: 1 day, 7:52:59, time: 1.441, data_time: 0.000, memory: 6270, top1_acc: 0.8638, top5_acc: 0.9856, loss_cls: 0.4464, loss: 0.4464
2026-08-07 02:45:45,825 - pyskl - INFO - Epoch [4][1500/6265]	lr: 2.256e-02, eta: 1 day, 7:50:41, time: 1.446, data_time: 0.000, memory: 6270, top1_acc: 0.8559, top5_acc: 0.9778, loss_cls: 0.4533, loss: 0.4533
2026-08-07 02:48:09,360 - pyskl - INFO - Epoch [4][1600/6265]	lr: 2.253e-02, eta: 1 day, 7:48:18, time: 1.435, data_time: 0.000, memory: 6270, top1_acc: 0.8591, top5_acc: 0.9822, loss_cls: 0.4474, loss: 0.4474
2026-08-07 02:50:33,445 - pyskl - INFO - Epoch [4][1700/6265]	lr: 2.251e-02, eta: 1 day, 7:45:57, time: 1.441, data_time: 0.000, memory: 6270, top1_acc: 0.8616, top5_acc: 0.9791, loss_cls: 0.4478, loss: 0.4478
2026-08-07 02:52:57,914 - pyskl - INFO - Epoch [4][1800/6265]	lr: 2.249e-02, eta: 1 day, 7:43:38, time: 1.445, data_time: 0.000, memory: 6270, top1_acc: 0.8753, top5_acc: 0.9812, loss_cls: 0.4136, loss: 0.4136
2026-08-07 02:55:22,158 - pyskl - INFO - Epoch [4][1900/6265]	lr: 2.246e-02, eta: 1 day, 7:41:17, time: 1.442, data_time: 0.000, memory: 6270, top1_acc: 0.8569, top5_acc: 0.9797, loss_cls: 0.4591, loss: 0.4591
2026-08-07 02:57:46,435 - pyskl - INFO - Epoch [4][2000/6265]	lr: 2.244e-02, eta: 1 day, 7:38:57, time: 1.443, data_time: 0.000, memory: 6270, top1_acc: 0.8631, top5_acc: 0.9850, loss_cls: 0.4261, loss: 0.4261
2026-08-07 03:00:09,632 - pyskl - INFO - Epoch [4][2100/6265]	lr: 2.241e-02, eta: 1 day, 7:36:33, time: 1.432, data_time: 0.000, memory: 6270, top1_acc: 0.8569, top5_acc: 0.9819, loss_cls: 0.4552, loss: 0.4552
2026-08-07 03:02:33,678 - pyskl - INFO - Epoch [4][2200/6265]	lr: 2.239e-02, eta: 1 day, 7:34:12, time: 1.440, data_time: 0.000, memory: 6270, top1_acc: 0.8644, top5_acc: 0.9825, loss_cls: 0.4349, loss: 0.4349
2026-08-07 03:04:58,033 - pyskl - INFO - Epoch [4][2300/6265]	lr: 2.237e-02, eta: 1 day, 7:31:52, time: 1.444, data_time: 0.000, memory: 6270, top1_acc: 0.8512, top5_acc: 0.9816, loss_cls: 0.4660, loss: 0.4660
2026-08-07 03:07:22,314 - pyskl - INFO - Epoch [4][2400/6265]	lr: 2.234e-02, eta: 1 day, 7:29:32, time: 1.443, data_time: 0.000, memory: 6270, top1_acc: 0.8541, top5_acc: 0.9753, loss_cls: 0.4807, loss: 0.4807
2026-08-07 03:09:46,491 - pyskl - INFO - Epoch [4][2500/6265]	lr: 2.232e-02, eta: 1 day, 7:27:11, time: 1.442, data_time: 0.000, memory: 6270, top1_acc: 0.8712, top5_acc: 0.9816, loss_cls: 0.4309, loss: 0.4309
2026-08-07 03:12:09,796 - pyskl - INFO - Epoch [4][2600/6265]	lr: 2.229e-02, eta: 1 day, 7:24:47, time: 1.433, data_time: 0.000, memory: 6270, top1_acc: 0.8650, top5_acc: 0.9794, loss_cls: 0.4281, loss: 0.4281
2026-08-07 03:14:33,910 - pyskl - INFO - Epoch [4][2700/6265]	lr: 2.227e-02, eta: 1 day, 7:22:26, time: 1.441, data_time: 0.000, memory: 6270, top1_acc: 0.8609, top5_acc: 0.9816, loss_cls: 0.4477, loss: 0.4477
2026-08-07 03:16:58,152 - pyskl - INFO - Epoch [4][2800/6265]	lr: 2.224e-02, eta: 1 day, 7:20:06, time: 1.442, data_time: 0.000, memory: 6270, top1_acc: 0.8503, top5_acc: 0.9844, loss_cls: 0.4537, loss: 0.4537
2026-08-07 03:19:22,332 - pyskl - INFO - Epoch [4][2900/6265]	lr: 2.222e-02, eta: 1 day, 7:17:45, time: 1.442, data_time: 0.000, memory: 6270, top1_acc: 0.8559, top5_acc: 0.9834, loss_cls: 0.4435, loss: 0.4435
2026-08-07 03:21:46,625 - pyskl - INFO - Epoch [4][3000/6265]	lr: 2.220e-02, eta: 1 day, 7:15:25, time: 1.443, data_time: 0.000, memory: 6270, top1_acc: 0.8662, top5_acc: 0.9809, loss_cls: 0.4284, loss: 0.4284
2026-08-07 03:24:09,858 - pyskl - INFO - Epoch [4][3100/6265]	lr: 2.217e-02, eta: 1 day, 7:13:01, time: 1.432, data_time: 0.000, memory: 6270, top1_acc: 0.8525, top5_acc: 0.9734, loss_cls: 0.4717, loss: 0.4717
2026-08-07 03:26:33,861 - pyskl - INFO - Epoch [4][3200/6265]	lr: 2.215e-02, eta: 1 day, 7:10:39, time: 1.440, data_time: 0.000, memory: 6270, top1_acc: 0.8719, top5_acc: 0.9834, loss_cls: 0.4105, loss: 0.4105
2026-08-07 03:28:58,042 - pyskl - INFO - Epoch [4][3300/6265]	lr: 2.212e-02, eta: 1 day, 7:08:18, time: 1.442, data_time: 0.000, memory: 6270, top1_acc: 0.8622, top5_acc: 0.9788, loss_cls: 0.4436, loss: 0.4436
2026-08-07 03:31:22,162 - pyskl - INFO - Epoch [4][3400/6265]	lr: 2.210e-02, eta: 1 day, 7:05:57, time: 1.441, data_time: 0.000, memory: 6270, top1_acc: 0.8662, top5_acc: 0.9816, loss_cls: 0.4343, loss: 0.4343
2026-08-07 03:33:46,143 - pyskl - INFO - Epoch [4][3500/6265]	lr: 2.207e-02, eta: 1 day, 7:03:36, time: 1.440, data_time: 0.000, memory: 6270, top1_acc: 0.8628, top5_acc: 0.9825, loss_cls: 0.4246, loss: 0.4246
2026-08-07 03:36:09,264 - pyskl - INFO - Epoch [4][3600/6265]	lr: 2.205e-02, eta: 1 day, 7:01:11, time: 1.431, data_time: 0.000, memory: 6270, top1_acc: 0.8781, top5_acc: 0.9853, loss_cls: 0.3849, loss: 0.3849
2026-08-07 03:38:33,223 - pyskl - INFO - Epoch [4][3700/6265]	lr: 2.202e-02, eta: 1 day, 6:58:49, time: 1.440, data_time: 0.000, memory: 6270, top1_acc: 0.8656, top5_acc: 0.9775, loss_cls: 0.4422, loss: 0.4422
2026-08-07 03:40:56,928 - pyskl - INFO - Epoch [4][3800/6265]	lr: 2.199e-02, eta: 1 day, 6:56:27, time: 1.437, data_time: 0.000, memory: 6270, top1_acc: 0.8594, top5_acc: 0.9816, loss_cls: 0.4456, loss: 0.4456
2026-08-07 03:43:21,055 - pyskl - INFO - Epoch [4][3900/6265]	lr: 2.197e-02, eta: 1 day, 6:54:06, time: 1.441, data_time: 0.000, memory: 6270, top1_acc: 0.8531, top5_acc: 0.9800, loss_cls: 0.4615, loss: 0.4615
2026-08-07 03:45:45,217 - pyskl - INFO - Epoch [4][4000/6265]	lr: 2.194e-02, eta: 1 day, 6:51:44, time: 1.442, data_time: 0.000, memory: 6270, top1_acc: 0.8522, top5_acc: 0.9781, loss_cls: 0.4694, loss: 0.4694
2026-08-07 03:48:08,562 - pyskl - INFO - Epoch [4][4100/6265]	lr: 2.192e-02, eta: 1 day, 6:49:21, time: 1.433, data_time: 0.000, memory: 6270, top1_acc: 0.8631, top5_acc: 0.9841, loss_cls: 0.4342, loss: 0.4342
2026-08-07 03:50:32,667 - pyskl - INFO - Epoch [4][4200/6265]	lr: 2.189e-02, eta: 1 day, 6:46:59, time: 1.441, data_time: 0.000, memory: 6270, top1_acc: 0.8603, top5_acc: 0.9825, loss_cls: 0.4409, loss: 0.4409
2026-08-07 03:52:56,814 - pyskl - INFO - Epoch [4][4300/6265]	lr: 2.187e-02, eta: 1 day, 6:44:38, time: 1.441, data_time: 0.000, memory: 6270, top1_acc: 0.8750, top5_acc: 0.9834, loss_cls: 0.3966, loss: 0.3966
2026-08-07 03:55:21,115 - pyskl - INFO - Epoch [4][4400/6265]	lr: 2.184e-02, eta: 1 day, 6:42:17, time: 1.443, data_time: 0.000, memory: 6270, top1_acc: 0.8659, top5_acc: 0.9841, loss_cls: 0.4160, loss: 0.4160
2026-08-07 03:57:45,078 - pyskl - INFO - Epoch [4][4500/6265]	lr: 2.181e-02, eta: 1 day, 6:39:56, time: 1.440, data_time: 0.000, memory: 6270, top1_acc: 0.8822, top5_acc: 0.9838, loss_cls: 0.3853, loss: 0.3853
2026-08-07 04:00:08,199 - pyskl - INFO - Epoch [4][4600/6265]	lr: 2.179e-02, eta: 1 day, 6:37:31, time: 1.431, data_time: 0.000, memory: 6270, top1_acc: 0.8644, top5_acc: 0.9794, loss_cls: 0.4415, loss: 0.4415
2026-08-07 04:02:32,225 - pyskl - INFO - Epoch [4][4700/6265]	lr: 2.176e-02, eta: 1 day, 6:35:09, time: 1.440, data_time: 0.000, memory: 6270, top1_acc: 0.8609, top5_acc: 0.9812, loss_cls: 0.4412, loss: 0.4412
2026-08-07 04:04:56,756 - pyskl - INFO - Epoch [4][4800/6265]	lr: 2.174e-02, eta: 1 day, 6:32:49, time: 1.445, data_time: 0.000, memory: 6270, top1_acc: 0.8631, top5_acc: 0.9772, loss_cls: 0.4395, loss: 0.4395
2026-08-07 04:07:20,885 - pyskl - INFO - Epoch [4][4900/6265]	lr: 2.171e-02, eta: 1 day, 6:30:28, time: 1.441, data_time: 0.000, memory: 6270, top1_acc: 0.8678, top5_acc: 0.9859, loss_cls: 0.4135, loss: 0.4135
2026-08-07 04:09:45,131 - pyskl - INFO - Epoch [4][5000/6265]	lr: 2.168e-02, eta: 1 day, 6:28:07, time: 1.442, data_time: 0.000, memory: 6270, top1_acc: 0.8731, top5_acc: 0.9844, loss_cls: 0.4173, loss: 0.4173
2026-08-07 04:12:08,377 - pyskl - INFO - Epoch [4][5100/6265]	lr: 2.166e-02, eta: 1 day, 6:25:43, time: 1.432, data_time: 0.000, memory: 6270, top1_acc: 0.8762, top5_acc: 0.9853, loss_cls: 0.3989, loss: 0.3989
2026-08-07 04:14:32,672 - pyskl - INFO - Epoch [4][5200/6265]	lr: 2.163e-02, eta: 1 day, 6:23:22, time: 1.443, data_time: 0.000, memory: 6270, top1_acc: 0.8741, top5_acc: 0.9834, loss_cls: 0.4111, loss: 0.4111
2026-08-07 04:16:56,563 - pyskl - INFO - Epoch [4][5300/6265]	lr: 2.160e-02, eta: 1 day, 6:20:59, time: 1.439, data_time: 0.000, memory: 6270, top1_acc: 0.8638, top5_acc: 0.9816, loss_cls: 0.4463, loss: 0.4463
2026-08-07 04:19:20,794 - pyskl - INFO - Epoch [4][5400/6265]	lr: 2.158e-02, eta: 1 day, 6:18:38, time: 1.442, data_time: 0.000, memory: 6270, top1_acc: 0.8606, top5_acc: 0.9844, loss_cls: 0.4398, loss: 0.4398
2026-08-07 04:21:44,837 - pyskl - INFO - Epoch [4][5500/6265]	lr: 2.155e-02, eta: 1 day, 6:16:16, time: 1.440, data_time: 0.000, memory: 6270, top1_acc: 0.8703, top5_acc: 0.9834, loss_cls: 0.4179, loss: 0.4179
2026-08-07 04:24:08,028 - pyskl - INFO - Epoch [4][5600/6265]	lr: 2.152e-02, eta: 1 day, 6:13:52, time: 1.432, data_time: 0.000, memory: 6270, top1_acc: 0.8703, top5_acc: 0.9825, loss_cls: 0.4095, loss: 0.4095
2026-08-07 04:26:32,001 - pyskl - INFO - Epoch [4][5700/6265]	lr: 2.149e-02, eta: 1 day, 6:11:30, time: 1.440, data_time: 0.000, memory: 6270, top1_acc: 0.8625, top5_acc: 0.9822, loss_cls: 0.4410, loss: 0.4410
2026-08-07 04:28:55,964 - pyskl - INFO - Epoch [4][5800/6265]	lr: 2.147e-02, eta: 1 day, 6:09:08, time: 1.440, data_time: 0.000, memory: 6270, top1_acc: 0.8697, top5_acc: 0.9806, loss_cls: 0.4221, loss: 0.4221
2026-08-07 04:31:19,893 - pyskl - INFO - Epoch [4][5900/6265]	lr: 2.144e-02, eta: 1 day, 6:06:46, time: 1.439, data_time: 0.000, memory: 6270, top1_acc: 0.8719, top5_acc: 0.9859, loss_cls: 0.3936, loss: 0.3936
2026-08-07 04:33:43,969 - pyskl - INFO - Epoch [4][6000/6265]	lr: 2.141e-02, eta: 1 day, 6:04:24, time: 1.441, data_time: 0.000, memory: 6270, top1_acc: 0.8750, top5_acc: 0.9853, loss_cls: 0.3796, loss: 0.3796
2026-08-07 04:36:07,132 - pyskl - INFO - Epoch [4][6100/6265]	lr: 2.138e-02, eta: 1 day, 6:02:00, time: 1.432, data_time: 0.000, memory: 6270, top1_acc: 0.8616, top5_acc: 0.9850, loss_cls: 0.4365, loss: 0.4365
2026-08-07 04:38:31,012 - pyskl - INFO - Epoch [4][6200/6265]	lr: 2.136e-02, eta: 1 day, 5:59:37, time: 1.439, data_time: 0.000, memory: 6270, top1_acc: 0.8628, top5_acc: 0.9794, loss_cls: 0.4324, loss: 0.4324
2026-08-07 04:40:04,232 - pyskl - INFO - Saving checkpoint at 4 epochs
2026-08-07 04:51:15,832 - pyskl - INFO - Evaluating top_k_accuracy ...
2026-08-07 04:51:15,872 - pyskl - INFO - 
top1_acc	0.8109
top5_acc	0.9657
2026-08-07 04:51:15,874 - pyskl - INFO - The previous best checkpoint D:\YxjProject\pythonProject\pyskl\work_dirs\ctrgcn\ctrgcn_pyskl_ntu60_xsub_3dkp\j_single_gpu\best_top1_acc_epoch_3.pth was removed
2026-08-07 04:51:15,964 - pyskl - INFO - Now best checkpoint is saved as best_top1_acc_epoch_4.pth.
2026-08-07 04:51:15,964 - pyskl - INFO - Best top1_acc is 0.8109 at 4 epoch.
2026-08-07 04:51:15,965 - pyskl - INFO - Epoch(val) [4][516]	top1_acc: 0.8109, top5_acc: 0.9657
2026-08-07 04:53:50,684 - pyskl - INFO - Epoch [5][100/6265]	lr: 2.131e-02, eta: 1 day, 5:51:35, time: 1.547, data_time: 0.116, memory: 6270, top1_acc: 0.8703, top5_acc: 0.9812, loss_cls: 0.4421, loss: 0.4421
2026-08-07 04:56:14,543 - pyskl - INFO - Epoch [5][200/6265]	lr: 2.128e-02, eta: 1 day, 5:49:14, time: 1.439, data_time: 0.000, memory: 6270, top1_acc: 0.8750, top5_acc: 0.9884, loss_cls: 0.3998, loss: 0.3998
2026-08-07 04:58:38,699 - pyskl - INFO - Epoch [5][300/6265]	lr: 2.126e-02, eta: 1 day, 5:46:54, time: 1.442, data_time: 0.000, memory: 6270, top1_acc: 0.8744, top5_acc: 0.9844, loss_cls: 0.4034, loss: 0.4034
2026-08-07 05:01:02,393 - pyskl - INFO - Epoch [5][400/6265]	lr: 2.123e-02, eta: 1 day, 5:44:32, time: 1.437, data_time: 0.000, memory: 6270, top1_acc: 0.8741, top5_acc: 0.9825, loss_cls: 0.4022, loss: 0.4022
2026-08-07 05:03:26,894 - pyskl - INFO - Epoch [5][500/6265]	lr: 2.120e-02, eta: 1 day, 5:42:13, time: 1.445, data_time: 0.000, memory: 6270, top1_acc: 0.8716, top5_acc: 0.9869, loss_cls: 0.3914, loss: 0.3914
2026-08-07 05:05:50,089 - pyskl - INFO - Epoch [5][600/6265]	lr: 2.117e-02, eta: 1 day, 5:39:50, time: 1.432, data_time: 0.000, memory: 6270, top1_acc: 0.8612, top5_acc: 0.9791, loss_cls: 0.4476, loss: 0.4476
2026-08-07 05:08:13,967 - pyskl - INFO - Epoch [5][700/6265]	lr: 2.114e-02, eta: 1 day, 5:37:29, time: 1.439, data_time: 0.000, memory: 6270, top1_acc: 0.8788, top5_acc: 0.9834, loss_cls: 0.4001, loss: 0.4001
2026-08-07 05:10:38,283 - pyskl - INFO - Epoch [5][800/6265]	lr: 2.111e-02, eta: 1 day, 5:35:09, time: 1.443, data_time: 0.000, memory: 6270, top1_acc: 0.8750, top5_acc: 0.9856, loss_cls: 0.3921, loss: 0.3921
2026-08-07 05:13:02,342 - pyskl - INFO - Epoch [5][900/6265]	lr: 2.109e-02, eta: 1 day, 5:32:48, time: 1.441, data_time: 0.000, memory: 6270, top1_acc: 0.8762, top5_acc: 0.9834, loss_cls: 0.3950, loss: 0.3950
2026-08-07 05:15:26,715 - pyskl - INFO - Epoch [5][1000/6265]	lr: 2.106e-02, eta: 1 day, 5:30:28, time: 1.444, data_time: 0.000, memory: 6270, top1_acc: 0.8800, top5_acc: 0.9856, loss_cls: 0.3860, loss: 0.3860
2026-08-07 05:17:49,861 - pyskl - INFO - Epoch [5][1100/6265]	lr: 2.103e-02, eta: 1 day, 5:28:05, time: 1.431, data_time: 0.000, memory: 6270, top1_acc: 0.8794, top5_acc: 0.9875, loss_cls: 0.3749, loss: 0.3749
2026-08-07 05:20:13,829 - pyskl - INFO - Epoch [5][1200/6265]	lr: 2.100e-02, eta: 1 day, 5:25:44, time: 1.440, data_time: 0.000, memory: 6270, top1_acc: 0.8847, top5_acc: 0.9856, loss_cls: 0.3625, loss: 0.3625
2026-08-07 05:22:37,760 - pyskl - INFO - Epoch [5][1300/6265]	lr: 2.097e-02, eta: 1 day, 5:23:23, time: 1.439, data_time: 0.000, memory: 6270, top1_acc: 0.8762, top5_acc: 0.9838, loss_cls: 0.3996, loss: 0.3996
2026-08-07 05:25:01,512 - pyskl - INFO - Epoch [5][1400/6265]	lr: 2.094e-02, eta: 1 day, 5:21:01, time: 1.438, data_time: 0.000, memory: 6270, top1_acc: 0.8812, top5_acc: 0.9847, loss_cls: 0.3794, loss: 0.3794
2026-08-07 05:27:26,162 - pyskl - INFO - Epoch [5][1500/6265]	lr: 2.091e-02, eta: 1 day, 5:18:42, time: 1.446, data_time: 0.000, memory: 6270, top1_acc: 0.8759, top5_acc: 0.9847, loss_cls: 0.3890, loss: 0.3890
2026-08-07 05:29:49,248 - pyskl - INFO - Epoch [5][1600/6265]	lr: 2.088e-02, eta: 1 day, 5:16:18, time: 1.431, data_time: 0.000, memory: 6270, top1_acc: 0.8850, top5_acc: 0.9825, loss_cls: 0.3954, loss: 0.3954
2026-08-07 05:32:13,092 - pyskl - INFO - Epoch [5][1700/6265]	lr: 2.086e-02, eta: 1 day, 5:13:57, time: 1.438, data_time: 0.000, memory: 6270, top1_acc: 0.8784, top5_acc: 0.9841, loss_cls: 0.3968, loss: 0.3968
2026-08-07 05:34:37,565 - pyskl - INFO - Epoch [5][1800/6265]	lr: 2.083e-02, eta: 1 day, 5:11:37, time: 1.445, data_time: 0.000, memory: 6270, top1_acc: 0.8788, top5_acc: 0.9875, loss_cls: 0.3666, loss: 0.3666
2026-08-07 05:37:01,505 - pyskl - INFO - Epoch [5][1900/6265]	lr: 2.080e-02, eta: 1 day, 5:09:15, time: 1.439, data_time: 0.000, memory: 6270, top1_acc: 0.8675, top5_acc: 0.9847, loss_cls: 0.4071, loss: 0.4071
2026-08-07 05:39:26,165 - pyskl - INFO - Epoch [5][2000/6265]	lr: 2.077e-02, eta: 1 day, 5:06:56, time: 1.447, data_time: 0.000, memory: 6270, top1_acc: 0.8747, top5_acc: 0.9862, loss_cls: 0.3877, loss: 0.3877
2026-08-07 05:41:49,207 - pyskl - INFO - Epoch [5][2100/6265]	lr: 2.074e-02, eta: 1 day, 5:04:32, time: 1.430, data_time: 0.000, memory: 6270, top1_acc: 0.8884, top5_acc: 0.9859, loss_cls: 0.3726, loss: 0.3726
2026-08-07 05:44:13,172 - pyskl - INFO - Epoch [5][2200/6265]	lr: 2.071e-02, eta: 1 day, 5:02:11, time: 1.440, data_time: 0.000, memory: 6270, top1_acc: 0.8806, top5_acc: 0.9850, loss_cls: 0.3868, loss: 0.3868
2026-08-07 05:46:37,274 - pyskl - INFO - Epoch [5][2300/6265]	lr: 2.068e-02, eta: 1 day, 4:59:50, time: 1.441, data_time: 0.000, memory: 6270, top1_acc: 0.8891, top5_acc: 0.9841, loss_cls: 0.3583, loss: 0.3583
2026-08-07 05:49:01,220 - pyskl - INFO - Epoch [5][2400/6265]	lr: 2.065e-02, eta: 1 day, 4:57:29, time: 1.439, data_time: 0.000, memory: 6270, top1_acc: 0.8756, top5_acc: 0.9825, loss_cls: 0.3944, loss: 0.3944
2026-08-07 05:51:25,920 - pyskl - INFO - Epoch [5][2500/6265]	lr: 2.062e-02, eta: 1 day, 4:55:09, time: 1.447, data_time: 0.000, memory: 6270, top1_acc: 0.8781, top5_acc: 0.9856, loss_cls: 0.3934, loss: 0.3934
2026-08-07 05:53:49,227 - pyskl - INFO - Epoch [5][2600/6265]	lr: 2.059e-02, eta: 1 day, 4:52:46, time: 1.433, data_time: 0.000, memory: 6270, top1_acc: 0.8847, top5_acc: 0.9869, loss_cls: 0.3701, loss: 0.3701
2026-08-07 05:56:13,002 - pyskl - INFO - Epoch [5][2700/6265]	lr: 2.056e-02, eta: 1 day, 4:50:24, time: 1.438, data_time: 0.000, memory: 6270, top1_acc: 0.8794, top5_acc: 0.9841, loss_cls: 0.3869, loss: 0.3869
2026-08-07 05:58:37,369 - pyskl - INFO - Epoch [5][2800/6265]	lr: 2.053e-02, eta: 1 day, 4:48:04, time: 1.444, data_time: 0.000, memory: 6270, top1_acc: 0.8906, top5_acc: 0.9881, loss_cls: 0.3586, loss: 0.3586
2026-08-07 06:01:01,254 - pyskl - INFO - Epoch [5][2900/6265]	lr: 2.050e-02, eta: 1 day, 4:45:43, time: 1.439, data_time: 0.000, memory: 6270, top1_acc: 0.8959, top5_acc: 0.9869, loss_cls: 0.3319, loss: 0.3319
2026-08-07 06:03:25,960 - pyskl - INFO - Epoch [5][3000/6265]	lr: 2.047e-02, eta: 1 day, 4:43:23, time: 1.447, data_time: 0.000, memory: 6270, top1_acc: 0.8728, top5_acc: 0.9862, loss_cls: 0.3952, loss: 0.3952
2026-08-07 06:05:49,120 - pyskl - INFO - Epoch [5][3100/6265]	lr: 2.044e-02, eta: 1 day, 4:41:00, time: 1.432, data_time: 0.000, memory: 6270, top1_acc: 0.8719, top5_acc: 0.9812, loss_cls: 0.4043, loss: 0.4043
2026-08-07 06:08:13,041 - pyskl - INFO - Epoch [5][3200/6265]	lr: 2.041e-02, eta: 1 day, 4:38:38, time: 1.439, data_time: 0.000, memory: 6270, top1_acc: 0.8734, top5_acc: 0.9812, loss_cls: 0.4034, loss: 0.4034
2026-08-07 06:10:37,107 - pyskl - INFO - Epoch [5][3300/6265]	lr: 2.038e-02, eta: 1 day, 4:36:17, time: 1.441, data_time: 0.000, memory: 6270, top1_acc: 0.8872, top5_acc: 0.9872, loss_cls: 0.3683, loss: 0.3683
2026-08-07 06:13:01,158 - pyskl - INFO - Epoch [5][3400/6265]	lr: 2.035e-02, eta: 1 day, 4:33:55, time: 1.440, data_time: 0.000, memory: 6270, top1_acc: 0.8816, top5_acc: 0.9844, loss_cls: 0.3814, loss: 0.3814
2026-08-07 06:15:25,522 - pyskl - INFO - Epoch [5][3500/6265]	lr: 2.032e-02, eta: 1 day, 4:31:35, time: 1.444, data_time: 0.000, memory: 6270, top1_acc: 0.8922, top5_acc: 0.9859, loss_cls: 0.3692, loss: 0.3692
2026-08-07 06:17:48,914 - pyskl - INFO - Epoch [5][3600/6265]	lr: 2.029e-02, eta: 1 day, 4:29:12, time: 1.434, data_time: 0.000, memory: 6270, top1_acc: 0.8688, top5_acc: 0.9853, loss_cls: 0.4111, loss: 0.4111
2026-08-07 06:20:12,607 - pyskl - INFO - Epoch [5][3700/6265]	lr: 2.026e-02, eta: 1 day, 4:26:50, time: 1.437, data_time: 0.000, memory: 6270, top1_acc: 0.8900, top5_acc: 0.9847, loss_cls: 0.3735, loss: 0.3735
2026-08-07 06:22:36,469 - pyskl - INFO - Epoch [5][3800/6265]	lr: 2.023e-02, eta: 1 day, 4:24:28, time: 1.439, data_time: 0.000, memory: 6270, top1_acc: 0.8934, top5_acc: 0.9841, loss_cls: 0.3633, loss: 0.3633
2026-08-07 06:25:00,167 - pyskl - INFO - Epoch [5][3900/6265]	lr: 2.020e-02, eta: 1 day, 4:22:06, time: 1.437, data_time: 0.000, memory: 6270, top1_acc: 0.8816, top5_acc: 0.9866, loss_cls: 0.3742, loss: 0.3742
2026-08-07 06:27:24,466 - pyskl - INFO - Epoch [5][4000/6265]	lr: 2.016e-02, eta: 1 day, 4:19:45, time: 1.443, data_time: 0.000, memory: 6270, top1_acc: 0.8856, top5_acc: 0.9834, loss_cls: 0.3707, loss: 0.3707
2026-08-07 06:29:47,254 - pyskl - INFO - Epoch [5][4100/6265]	lr: 2.013e-02, eta: 1 day, 4:17:20, time: 1.428, data_time: 0.000, memory: 6270, top1_acc: 0.8831, top5_acc: 0.9822, loss_cls: 0.3692, loss: 0.3692
2026-08-07 06:32:11,180 - pyskl - INFO - Epoch [5][4200/6265]	lr: 2.010e-02, eta: 1 day, 4:14:59, time: 1.439, data_time: 0.000, memory: 6270, top1_acc: 0.8709, top5_acc: 0.9894, loss_cls: 0.3977, loss: 0.3977
2026-08-07 06:34:35,168 - pyskl - INFO - Epoch [5][4300/6265]	lr: 2.007e-02, eta: 1 day, 4:12:37, time: 1.440, data_time: 0.000, memory: 6270, top1_acc: 0.8794, top5_acc: 0.9869, loss_cls: 0.3780, loss: 0.3780
2026-08-07 06:36:59,152 - pyskl - INFO - Epoch [5][4400/6265]	lr: 2.004e-02, eta: 1 day, 4:10:16, time: 1.440, data_time: 0.000, memory: 6270, top1_acc: 0.8888, top5_acc: 0.9878, loss_cls: 0.3472, loss: 0.3472
2026-08-07 06:39:23,757 - pyskl - INFO - Epoch [5][4500/6265]	lr: 2.001e-02, eta: 1 day, 4:07:56, time: 1.446, data_time: 0.000, memory: 6270, top1_acc: 0.8791, top5_acc: 0.9847, loss_cls: 0.3895, loss: 0.3895
2026-08-07 06:41:46,879 - pyskl - INFO - Epoch [5][4600/6265]	lr: 1.998e-02, eta: 1 day, 4:05:32, time: 1.431, data_time: 0.000, memory: 6270, top1_acc: 0.8875, top5_acc: 0.9850, loss_cls: 0.3591, loss: 0.3591
2026-08-07 06:44:10,757 - pyskl - INFO - Epoch [5][4700/6265]	lr: 1.995e-02, eta: 1 day, 4:03:10, time: 1.439, data_time: 0.000, memory: 6270, top1_acc: 0.8791, top5_acc: 0.9850, loss_cls: 0.3826, loss: 0.3826
2026-08-07 06:46:34,554 - pyskl - INFO - Epoch [5][4800/6265]	lr: 1.991e-02, eta: 1 day, 4:00:48, time: 1.438, data_time: 0.000, memory: 6270, top1_acc: 0.8950, top5_acc: 0.9844, loss_cls: 0.3449, loss: 0.3449
2026-08-07 06:48:58,557 - pyskl - INFO - Epoch [5][4900/6265]	lr: 1.988e-02, eta: 1 day, 3:58:26, time: 1.440, data_time: 0.000, memory: 6270, top1_acc: 0.8994, top5_acc: 0.9888, loss_cls: 0.3160, loss: 0.3160
2026-08-07 06:51:22,933 - pyskl - INFO - Epoch [5][5000/6265]	lr: 1.985e-02, eta: 1 day, 3:56:05, time: 1.444, data_time: 0.000, memory: 6270, top1_acc: 0.8856, top5_acc: 0.9850, loss_cls: 0.3584, loss: 0.3584
2026-08-07 06:53:46,175 - pyskl - INFO - Epoch [5][5100/6265]	lr: 1.982e-02, eta: 1 day, 3:53:42, time: 1.432, data_time: 0.000, memory: 6270, top1_acc: 0.8844, top5_acc: 0.9850, loss_cls: 0.3722, loss: 0.3722
2026-08-07 06:56:09,931 - pyskl - INFO - Epoch [5][5200/6265]	lr: 1.979e-02, eta: 1 day, 3:51:20, time: 1.438, data_time: 0.000, memory: 6270, top1_acc: 0.8862, top5_acc: 0.9897, loss_cls: 0.3536, loss: 0.3536
2026-08-07 06:58:33,921 - pyskl - INFO - Epoch [5][5300/6265]	lr: 1.976e-02, eta: 1 day, 3:48:58, time: 1.440, data_time: 0.000, memory: 6270, top1_acc: 0.8784, top5_acc: 0.9862, loss_cls: 0.3794, loss: 0.3794
2026-08-07 07:00:57,577 - pyskl - INFO - Epoch [5][5400/6265]	lr: 1.972e-02, eta: 1 day, 3:46:36, time: 1.437, data_time: 0.000, memory: 6270, top1_acc: 0.8738, top5_acc: 0.9862, loss_cls: 0.4038, loss: 0.4038
2026-08-07 07:03:22,109 - pyskl - INFO - Epoch [5][5500/6265]	lr: 1.969e-02, eta: 1 day, 3:44:15, time: 1.445, data_time: 0.000, memory: 6270, top1_acc: 0.8878, top5_acc: 0.9872, loss_cls: 0.3576, loss: 0.3576
2026-08-07 07:05:45,279 - pyskl - INFO - Epoch [5][5600/6265]	lr: 1.966e-02, eta: 1 day, 3:41:51, time: 1.432, data_time: 0.000, memory: 6270, top1_acc: 0.8956, top5_acc: 0.9872, loss_cls: 0.3463, loss: 0.3463
2026-08-07 07:08:09,396 - pyskl - INFO - Epoch [5][5700/6265]	lr: 1.963e-02, eta: 1 day, 3:39:30, time: 1.441, data_time: 0.000, memory: 6270, top1_acc: 0.8938, top5_acc: 0.9909, loss_cls: 0.3493, loss: 0.3493
2026-08-07 07:10:33,453 - pyskl - INFO - Epoch [5][5800/6265]	lr: 1.960e-02, eta: 1 day, 3:37:08, time: 1.441, data_time: 0.000, memory: 6270, top1_acc: 0.8906, top5_acc: 0.9862, loss_cls: 0.3490, loss: 0.3490
2026-08-07 07:12:57,237 - pyskl - INFO - Epoch [5][5900/6265]	lr: 1.956e-02, eta: 1 day, 3:34:46, time: 1.438, data_time: 0.000, memory: 6270, top1_acc: 0.8891, top5_acc: 0.9853, loss_cls: 0.3551, loss: 0.3551
2026-08-07 07:15:21,788 - pyskl - INFO - Epoch [5][6000/6265]	lr: 1.953e-02, eta: 1 day, 3:32:26, time: 1.446, data_time: 0.000, memory: 6270, top1_acc: 0.8872, top5_acc: 0.9869, loss_cls: 0.3530, loss: 0.3530
2026-08-07 07:17:45,226 - pyskl - INFO - Epoch [5][6100/6265]	lr: 1.950e-02, eta: 1 day, 3:30:03, time: 1.434, data_time: 0.000, memory: 6270, top1_acc: 0.8862, top5_acc: 0.9825, loss_cls: 0.3607, loss: 0.3607
2026-08-07 07:20:09,538 - pyskl - INFO - Epoch [5][6200/6265]	lr: 1.947e-02, eta: 1 day, 3:27:41, time: 1.443, data_time: 0.000, memory: 6270, top1_acc: 0.8862, top5_acc: 0.9838, loss_cls: 0.3538, loss: 0.3538
2026-08-07 07:21:43,076 - pyskl - INFO - Saving checkpoint at 5 epochs
2026-08-07 07:32:54,960 - pyskl - INFO - Evaluating top_k_accuracy ...
2026-08-07 07:32:54,999 - pyskl - INFO - 
top1_acc	0.8284
top5_acc	0.9689
2026-08-07 07:32:55,002 - pyskl - INFO - The previous best checkpoint D:\YxjProject\pythonProject\pyskl\work_dirs\ctrgcn\ctrgcn_pyskl_ntu60_xsub_3dkp\j_single_gpu\best_top1_acc_epoch_4.pth was removed
2026-08-07 07:32:55,093 - pyskl - INFO - Now best checkpoint is saved as best_top1_acc_epoch_5.pth.
2026-08-07 07:32:55,093 - pyskl - INFO - Best top1_acc is 0.8284 at 5 epoch.
2026-08-07 07:32:55,094 - pyskl - INFO - Epoch(val) [5][516]	top1_acc: 0.8284, top5_acc: 0.9689
2026-08-07 07:35:30,779 - pyskl - INFO - Epoch [6][100/6265]	lr: 1.941e-02, eta: 1 day, 3:20:48, time: 1.557, data_time: 0.116, memory: 6270, top1_acc: 0.8988, top5_acc: 0.9884, loss_cls: 0.3202, loss: 0.3202
2026-08-07 07:37:55,205 - pyskl - INFO - Epoch [6][200/6265]	lr: 1.938e-02, eta: 1 day, 3:18:28, time: 1.444, data_time: 0.000, memory: 6270, top1_acc: 0.9000, top5_acc: 0.9916, loss_cls: 0.3118, loss: 0.3118
2026-08-07 07:40:19,857 - pyskl - INFO - Epoch [6][300/6265]	lr: 1.935e-02, eta: 1 day, 3:16:08, time: 1.447, data_time: 0.000, memory: 6270, top1_acc: 0.8972, top5_acc: 0.9903, loss_cls: 0.3248, loss: 0.3248
2026-08-07 07:42:44,035 - pyskl - INFO - Epoch [6][400/6265]	lr: 1.931e-02, eta: 1 day, 3:13:48, time: 1.442, data_time: 0.000, memory: 6270, top1_acc: 0.8834, top5_acc: 0.9872, loss_cls: 0.3741, loss: 0.3741
2026-08-07 07:45:09,302 - pyskl - INFO - Epoch [6][500/6265]	lr: 1.928e-02, eta: 1 day, 3:11:29, time: 1.453, data_time: 0.000, memory: 6270, top1_acc: 0.8981, top5_acc: 0.9881, loss_cls: 0.3383, loss: 0.3383
2026-08-07 07:47:32,984 - pyskl - INFO - Epoch [6][600/6265]	lr: 1.925e-02, eta: 1 day, 3:09:07, time: 1.437, data_time: 0.000, memory: 6270, top1_acc: 0.8881, top5_acc: 0.9847, loss_cls: 0.3718, loss: 0.3718
2026-08-07 07:49:57,704 - pyskl - INFO - Epoch [6][700/6265]	lr: 1.922e-02, eta: 1 day, 3:06:48, time: 1.447, data_time: 0.000, memory: 6270, top1_acc: 0.9006, top5_acc: 0.9888, loss_cls: 0.3174, loss: 0.3174
2026-08-07 07:52:22,145 - pyskl - INFO - Epoch [6][800/6265]	lr: 1.918e-02, eta: 1 day, 3:04:28, time: 1.444, data_time: 0.000, memory: 6270, top1_acc: 0.8947, top5_acc: 0.9862, loss_cls: 0.3342, loss: 0.3342
2026-08-07 07:54:46,442 - pyskl - INFO - Epoch [6][900/6265]	lr: 1.915e-02, eta: 1 day, 3:02:07, time: 1.443, data_time: 0.000, memory: 6270, top1_acc: 0.8947, top5_acc: 0.9884, loss_cls: 0.3465, loss: 0.3465
2026-08-07 07:57:11,418 - pyskl - INFO - Epoch [6][1000/6265]	lr: 1.912e-02, eta: 1 day, 2:59:48, time: 1.450, data_time: 0.000, memory: 6270, top1_acc: 0.8903, top5_acc: 0.9881, loss_cls: 0.3415, loss: 0.3415
2026-08-07 07:59:35,410 - pyskl - INFO - Epoch [6][1100/6265]	lr: 1.908e-02, eta: 1 day, 2:57:27, time: 1.440, data_time: 0.000, memory: 6270, top1_acc: 0.8884, top5_acc: 0.9878, loss_cls: 0.3516, loss: 0.3516
2026-08-07 08:02:00,166 - pyskl - INFO - Epoch [6][1200/6265]	lr: 1.905e-02, eta: 1 day, 2:55:07, time: 1.448, data_time: 0.000, memory: 6270, top1_acc: 0.8978, top5_acc: 0.9897, loss_cls: 0.3334, loss: 0.3334
2026-08-07 08:04:24,687 - pyskl - INFO - Epoch [6][1300/6265]	lr: 1.902e-02, eta: 1 day, 2:52:47, time: 1.445, data_time: 0.000, memory: 6270, top1_acc: 0.9012, top5_acc: 0.9884, loss_cls: 0.3339, loss: 0.3339
2026-08-07 08:06:49,069 - pyskl - INFO - Epoch [6][1400/6265]	lr: 1.898e-02, eta: 1 day, 2:50:26, time: 1.444, data_time: 0.000, memory: 6270, top1_acc: 0.8872, top5_acc: 0.9881, loss_cls: 0.3366, loss: 0.3366
2026-08-07 08:09:13,821 - pyskl - INFO - Epoch [6][1500/6265]	lr: 1.895e-02, eta: 1 day, 2:48:07, time: 1.448, data_time: 0.000, memory: 6270, top1_acc: 0.8938, top5_acc: 0.9912, loss_cls: 0.3374, loss: 0.3374
2026-08-07 08:11:37,541 - pyskl - INFO - Epoch [6][1600/6265]	lr: 1.892e-02, eta: 1 day, 2:45:45, time: 1.437, data_time: 0.000, memory: 6270, top1_acc: 0.8966, top5_acc: 0.9900, loss_cls: 0.3288, loss: 0.3288
2026-08-07 08:14:02,095 - pyskl - INFO - Epoch [6][1700/6265]	lr: 1.888e-02, eta: 1 day, 2:43:24, time: 1.446, data_time: 0.000, memory: 6270, top1_acc: 0.9000, top5_acc: 0.9919, loss_cls: 0.3260, loss: 0.3260
2026-08-07 08:16:26,696 - pyskl - INFO - Epoch [6][1800/6265]	lr: 1.885e-02, eta: 1 day, 2:41:04, time: 1.446, data_time: 0.000, memory: 6270, top1_acc: 0.8997, top5_acc: 0.9888, loss_cls: 0.3209, loss: 0.3209
2026-08-07 08:18:51,391 - pyskl - INFO - Epoch [6][1900/6265]	lr: 1.881e-02, eta: 1 day, 2:38:44, time: 1.447, data_time: 0.000, memory: 6270, top1_acc: 0.8941, top5_acc: 0.9881, loss_cls: 0.3345, loss: 0.3345
2026-08-07 08:21:17,012 - pyskl - INFO - Epoch [6][2000/6265]	lr: 1.878e-02, eta: 1 day, 2:36:26, time: 1.456, data_time: 0.000, memory: 6270, top1_acc: 0.8850, top5_acc: 0.9866, loss_cls: 0.3530, loss: 0.3530
2026-08-07 08:23:42,043 - pyskl - INFO - Epoch [6][2100/6265]	lr: 1.875e-02, eta: 1 day, 2:34:07, time: 1.450, data_time: 0.000, memory: 6270, top1_acc: 0.8981, top5_acc: 0.9866, loss_cls: 0.3288, loss: 0.3288
2026-08-07 08:26:07,166 - pyskl - INFO - Epoch [6][2200/6265]	lr: 1.871e-02, eta: 1 day, 2:31:47, time: 1.451, data_time: 0.000, memory: 6270, top1_acc: 0.9022, top5_acc: 0.9881, loss_cls: 0.3202, loss: 0.3202
2026-08-07 08:28:32,322 - pyskl - INFO - Epoch [6][2300/6265]	lr: 1.868e-02, eta: 1 day, 2:29:28, time: 1.452, data_time: 0.000, memory: 6270, top1_acc: 0.9072, top5_acc: 0.9878, loss_cls: 0.3101, loss: 0.3101
2026-08-07 08:30:57,527 - pyskl - INFO - Epoch [6][2400/6265]	lr: 1.864e-02, eta: 1 day, 2:27:09, time: 1.452, data_time: 0.000, memory: 6270, top1_acc: 0.8872, top5_acc: 0.9888, loss_cls: 0.3430, loss: 0.3430
2026-08-07 08:33:22,971 - pyskl - INFO - Epoch [6][2500/6265]	lr: 1.861e-02, eta: 1 day, 2:24:50, time: 1.454, data_time: 0.000, memory: 6270, top1_acc: 0.9003, top5_acc: 0.9878, loss_cls: 0.3241, loss: 0.3241
2026-08-07 08:35:47,159 - pyskl - INFO - Epoch [6][2600/6265]	lr: 1.858e-02, eta: 1 day, 2:22:29, time: 1.442, data_time: 0.000, memory: 6270, top1_acc: 0.8966, top5_acc: 0.9894, loss_cls: 0.3266, loss: 0.3266
2026-08-07 08:38:12,264 - pyskl - INFO - Epoch [6][2700/6265]	lr: 1.854e-02, eta: 1 day, 2:20:10, time: 1.451, data_time: 0.000, memory: 6270, top1_acc: 0.8941, top5_acc: 0.9844, loss_cls: 0.3535, loss: 0.3535
2026-08-07 08:40:37,706 - pyskl - INFO - Epoch [6][2800/6265]	lr: 1.851e-02, eta: 1 day, 2:17:51, time: 1.454, data_time: 0.000, memory: 6270, top1_acc: 0.9022, top5_acc: 0.9897, loss_cls: 0.3141, loss: 0.3141
2026-08-07 08:43:02,844 - pyskl - INFO - Epoch [6][2900/6265]	lr: 1.847e-02, eta: 1 day, 2:15:32, time: 1.451, data_time: 0.000, memory: 6270, top1_acc: 0.8966, top5_acc: 0.9878, loss_cls: 0.3352, loss: 0.3352
2026-08-07 08:45:28,232 - pyskl - INFO - Epoch [6][3000/6265]	lr: 1.844e-02, eta: 1 day, 2:13:13, time: 1.454, data_time: 0.000, memory: 6270, top1_acc: 0.8947, top5_acc: 0.9869, loss_cls: 0.3333, loss: 0.3333
2026-08-07 08:47:52,610 - pyskl - INFO - Epoch [6][3100/6265]	lr: 1.840e-02, eta: 1 day, 2:10:52, time: 1.444, data_time: 0.000, memory: 6270, top1_acc: 0.9003, top5_acc: 0.9888, loss_cls: 0.3110, loss: 0.3110
2026-08-07 08:50:17,639 - pyskl - INFO - Epoch [6][3200/6265]	lr: 1.837e-02, eta: 1 day, 2:08:32, time: 1.450, data_time: 0.000, memory: 6270, top1_acc: 0.8956, top5_acc: 0.9891, loss_cls: 0.3245, loss: 0.3245
2026-08-07 08:52:42,863 - pyskl - INFO - Epoch [6][3300/6265]	lr: 1.833e-02, eta: 1 day, 2:06:12, time: 1.452, data_time: 0.000, memory: 6270, top1_acc: 0.8841, top5_acc: 0.9862, loss_cls: 0.3633, loss: 0.3633
2026-08-07 08:55:08,125 - pyskl - INFO - Epoch [6][3400/6265]	lr: 1.830e-02, eta: 1 day, 2:03:53, time: 1.453, data_time: 0.000, memory: 6270, top1_acc: 0.8903, top5_acc: 0.9884, loss_cls: 0.3454, loss: 0.3454
2026-08-07 08:57:33,894 - pyskl - INFO - Epoch [6][3500/6265]	lr: 1.827e-02, eta: 1 day, 2:01:35, time: 1.458, data_time: 0.000, memory: 6270, top1_acc: 0.8972, top5_acc: 0.9884, loss_cls: 0.3314, loss: 0.3314
2026-08-07 08:59:58,297 - pyskl - INFO - Epoch [6][3600/6265]	lr: 1.823e-02, eta: 1 day, 1:59:14, time: 1.444, data_time: 0.000, memory: 6270, top1_acc: 0.9041, top5_acc: 0.9859, loss_cls: 0.3320, loss: 0.3320
2026-08-07 09:02:23,217 - pyskl - INFO - Epoch [6][3700/6265]	lr: 1.820e-02, eta: 1 day, 1:56:53, time: 1.449, data_time: 0.000, memory: 6270, top1_acc: 0.9031, top5_acc: 0.9897, loss_cls: 0.3028, loss: 0.3028
2026-08-07 09:04:48,487 - pyskl - INFO - Epoch [6][3800/6265]	lr: 1.816e-02, eta: 1 day, 1:54:34, time: 1.453, data_time: 0.000, memory: 6270, top1_acc: 0.8962, top5_acc: 0.9872, loss_cls: 0.3265, loss: 0.3265
2026-08-07 09:07:13,671 - pyskl - INFO - Epoch [6][3900/6265]	lr: 1.813e-02, eta: 1 day, 1:52:14, time: 1.452, data_time: 0.000, memory: 6270, top1_acc: 0.8934, top5_acc: 0.9853, loss_cls: 0.3493, loss: 0.3493
2026-08-07 09:09:38,985 - pyskl - INFO - Epoch [6][4000/6265]	lr: 1.809e-02, eta: 1 day, 1:49:55, time: 1.453, data_time: 0.000, memory: 6270, top1_acc: 0.8962, top5_acc: 0.9862, loss_cls: 0.3407, loss: 0.3407
2026-08-07 09:12:03,412 - pyskl - INFO - Epoch [6][4100/6265]	lr: 1.806e-02, eta: 1 day, 1:47:34, time: 1.444, data_time: 0.000, memory: 6270, top1_acc: 0.8794, top5_acc: 0.9891, loss_cls: 0.3602, loss: 0.3602
2026-08-07 09:14:28,463 - pyskl - INFO - Epoch [6][4200/6265]	lr: 1.802e-02, eta: 1 day, 1:45:14, time: 1.450, data_time: 0.000, memory: 6270, top1_acc: 0.8991, top5_acc: 0.9900, loss_cls: 0.3159, loss: 0.3159
2026-08-07 09:16:54,221 - pyskl - INFO - Epoch [6][4300/6265]	lr: 1.799e-02, eta: 1 day, 1:42:55, time: 1.458, data_time: 0.000, memory: 6270, top1_acc: 0.9000, top5_acc: 0.9897, loss_cls: 0.3099, loss: 0.3099
2026-08-07 09:19:19,573 - pyskl - INFO - Epoch [6][4400/6265]	lr: 1.795e-02, eta: 1 day, 1:40:35, time: 1.454, data_time: 0.000, memory: 6270, top1_acc: 0.9113, top5_acc: 0.9897, loss_cls: 0.2880, loss: 0.2880
2026-08-07 09:21:44,884 - pyskl - INFO - Epoch [6][4500/6265]	lr: 1.792e-02, eta: 1 day, 1:38:16, time: 1.453, data_time: 0.000, memory: 6270, top1_acc: 0.9006, top5_acc: 0.9884, loss_cls: 0.3126, loss: 0.3126
2026-08-07 09:24:09,441 - pyskl - INFO - Epoch [6][4600/6265]	lr: 1.788e-02, eta: 1 day, 1:35:55, time: 1.446, data_time: 0.000, memory: 6270, top1_acc: 0.8988, top5_acc: 0.9841, loss_cls: 0.3410, loss: 0.3410
2026-08-07 09:26:34,798 - pyskl - INFO - Epoch [6][4700/6265]	lr: 1.784e-02, eta: 1 day, 1:33:35, time: 1.454, data_time: 0.000, memory: 6270, top1_acc: 0.9150, top5_acc: 0.9891, loss_cls: 0.2833, loss: 0.2833
2026-08-07 09:29:00,056 - pyskl - INFO - Epoch [6][4800/6265]	lr: 1.781e-02, eta: 1 day, 1:31:15, time: 1.453, data_time: 0.000, memory: 6270, top1_acc: 0.8991, top5_acc: 0.9856, loss_cls: 0.3226, loss: 0.3226
2026-08-07 09:31:25,410 - pyskl - INFO - Epoch [6][4900/6265]	lr: 1.777e-02, eta: 1 day, 1:28:56, time: 1.454, data_time: 0.000, memory: 6270, top1_acc: 0.9019, top5_acc: 0.9900, loss_cls: 0.3165, loss: 0.3165
2026-08-07 09:33:50,558 - pyskl - INFO - Epoch [6][5000/6265]	lr: 1.774e-02, eta: 1 day, 1:26:36, time: 1.451, data_time: 0.000, memory: 6270, top1_acc: 0.8978, top5_acc: 0.9881, loss_cls: 0.3234, loss: 0.3234
2026-08-07 09:36:14,942 - pyskl - INFO - Epoch [6][5100/6265]	lr: 1.770e-02, eta: 1 day, 1:24:14, time: 1.444, data_time: 0.000, memory: 6270, top1_acc: 0.8997, top5_acc: 0.9881, loss_cls: 0.3170, loss: 0.3170
2026-08-07 09:38:40,084 - pyskl - INFO - Epoch [6][5200/6265]	lr: 1.767e-02, eta: 1 day, 1:21:54, time: 1.451, data_time: 0.000, memory: 6270, top1_acc: 0.9003, top5_acc: 0.9862, loss_cls: 0.3249, loss: 0.3249
2026-08-07 09:41:05,131 - pyskl - INFO - Epoch [6][5300/6265]	lr: 1.763e-02, eta: 1 day, 1:19:34, time: 1.450, data_time: 0.000, memory: 6270, top1_acc: 0.9056, top5_acc: 0.9875, loss_cls: 0.3166, loss: 0.3166
2026-08-07 09:43:30,218 - pyskl - INFO - Epoch [6][5400/6265]	lr: 1.760e-02, eta: 1 day, 1:17:14, time: 1.451, data_time: 0.000, memory: 6270, top1_acc: 0.9103, top5_acc: 0.9888, loss_cls: 0.3042, loss: 0.3042
2026-08-07 09:45:55,654 - pyskl - INFO - Epoch [6][5500/6265]	lr: 1.756e-02, eta: 1 day, 1:14:54, time: 1.454, data_time: 0.000, memory: 6270, top1_acc: 0.9025, top5_acc: 0.9878, loss_cls: 0.3216, loss: 0.3216
2026-08-07 09:48:20,221 - pyskl - INFO - Epoch [6][5600/6265]	lr: 1.752e-02, eta: 1 day, 1:12:33, time: 1.446, data_time: 0.000, memory: 6270, top1_acc: 0.8997, top5_acc: 0.9862, loss_cls: 0.3241, loss: 0.3241
2026-08-07 09:50:45,473 - pyskl - INFO - Epoch [6][5700/6265]	lr: 1.749e-02, eta: 1 day, 1:10:13, time: 1.453, data_time: 0.000, memory: 6270, top1_acc: 0.9109, top5_acc: 0.9884, loss_cls: 0.3080, loss: 0.3080
2026-08-07 09:53:10,708 - pyskl - INFO - Epoch [6][5800/6265]	lr: 1.745e-02, eta: 1 day, 1:07:52, time: 1.452, data_time: 0.000, memory: 6270, top1_acc: 0.9034, top5_acc: 0.9903, loss_cls: 0.3125, loss: 0.3125
2026-08-07 09:55:35,808 - pyskl - INFO - Epoch [6][5900/6265]	lr: 1.742e-02, eta: 1 day, 1:05:32, time: 1.451, data_time: 0.000, memory: 6270, top1_acc: 0.9056, top5_acc: 0.9900, loss_cls: 0.3079, loss: 0.3079
2026-08-07 09:58:00,367 - pyskl - INFO - Epoch [6][6000/6265]	lr: 1.738e-02, eta: 1 day, 1:03:11, time: 1.446, data_time: 0.000, memory: 6270, top1_acc: 0.9122, top5_acc: 0.9872, loss_cls: 0.2934, loss: 0.2934
2026-08-07 10:00:24,576 - pyskl - INFO - Epoch [6][6100/6265]	lr: 1.734e-02, eta: 1 day, 1:00:49, time: 1.442, data_time: 0.001, memory: 6270, top1_acc: 0.8934, top5_acc: 0.9872, loss_cls: 0.3324, loss: 0.3324
2026-08-07 10:02:49,736 - pyskl - INFO - Epoch [6][6200/6265]	lr: 1.731e-02, eta: 1 day, 0:58:29, time: 1.452, data_time: 0.000, memory: 6270, top1_acc: 0.9028, top5_acc: 0.9919, loss_cls: 0.3217, loss: 0.3217
2026-08-07 10:04:23,295 - pyskl - INFO - Saving checkpoint at 6 epochs
2026-08-07 10:15:35,773 - pyskl - INFO - Evaluating top_k_accuracy ...
2026-08-07 10:15:35,813 - pyskl - INFO - 
top1_acc	0.8277
top5_acc	0.9707
2026-08-07 10:15:35,815 - pyskl - INFO - Epoch(val) [6][516]	top1_acc: 0.8277, top5_acc: 0.9707
2026-08-07 10:18:11,293 - pyskl - INFO - Epoch [7][100/6265]	lr: 1.725e-02, eta: 1 day, 0:52:17, time: 1.555, data_time: 0.115, memory: 6270, top1_acc: 0.9044, top5_acc: 0.9894, loss_cls: 0.3085, loss: 0.3085
2026-08-07 10:20:35,846 - pyskl - INFO - Epoch [7][200/6265]	lr: 1.721e-02, eta: 1 day, 0:49:57, time: 1.446, data_time: 0.000, memory: 6270, top1_acc: 0.9125, top5_acc: 0.9916, loss_cls: 0.2814, loss: 0.2814
2026-08-07 10:23:00,102 - pyskl - INFO - Epoch [7][300/6265]	lr: 1.718e-02, eta: 1 day, 0:47:35, time: 1.443, data_time: 0.000, memory: 6270, top1_acc: 0.9069, top5_acc: 0.9900, loss_cls: 0.2897, loss: 0.2897
2026-08-07 10:25:24,505 - pyskl - INFO - Epoch [7][400/6265]	lr: 1.714e-02, eta: 1 day, 0:45:14, time: 1.444, data_time: 0.000, memory: 6270, top1_acc: 0.9025, top5_acc: 0.9872, loss_cls: 0.3158, loss: 0.3158
2026-08-07 10:27:48,787 - pyskl - INFO - Epoch [7][500/6265]	lr: 1.710e-02, eta: 1 day, 0:42:53, time: 1.443, data_time: 0.000, memory: 6270, top1_acc: 0.9172, top5_acc: 0.9919, loss_cls: 0.2709, loss: 0.2709
2026-08-07 10:30:12,382 - pyskl - INFO - Epoch [7][600/6265]	lr: 1.707e-02, eta: 1 day, 0:40:30, time: 1.436, data_time: 0.000, memory: 6270, top1_acc: 0.8991, top5_acc: 0.9881, loss_cls: 0.3189, loss: 0.3189
2026-08-07 10:32:36,847 - pyskl - INFO - Epoch [7][700/6265]	lr: 1.703e-02, eta: 1 day, 0:38:09, time: 1.445, data_time: 0.000, memory: 6270, top1_acc: 0.9091, top5_acc: 0.9906, loss_cls: 0.2969, loss: 0.2969
2026-08-07 10:35:01,355 - pyskl - INFO - Epoch [7][800/6265]	lr: 1.699e-02, eta: 1 day, 0:35:48, time: 1.445, data_time: 0.000, memory: 6270, top1_acc: 0.8991, top5_acc: 0.9875, loss_cls: 0.3101, loss: 0.3101
2026-08-07 10:37:25,887 - pyskl - INFO - Epoch [7][900/6265]	lr: 1.696e-02, eta: 1 day, 0:33:27, time: 1.445, data_time: 0.000, memory: 6270, top1_acc: 0.9116, top5_acc: 0.9916, loss_cls: 0.2916, loss: 0.2916
2026-08-07 10:39:50,024 - pyskl - INFO - Epoch [7][1000/6265]	lr: 1.692e-02, eta: 1 day, 0:31:06, time: 1.441, data_time: 0.000, memory: 6270, top1_acc: 0.9044, top5_acc: 0.9912, loss_cls: 0.2954, loss: 0.2954
2026-08-07 10:42:13,888 - pyskl - INFO - Epoch [7][1100/6265]	lr: 1.688e-02, eta: 1 day, 0:28:44, time: 1.439, data_time: 0.000, memory: 6270, top1_acc: 0.9028, top5_acc: 0.9919, loss_cls: 0.2973, loss: 0.2973
2026-08-07 10:44:38,266 - pyskl - INFO - Epoch [7][1200/6265]	lr: 1.685e-02, eta: 1 day, 0:26:22, time: 1.444, data_time: 0.000, memory: 6270, top1_acc: 0.9122, top5_acc: 0.9916, loss_cls: 0.2922, loss: 0.2922
2026-08-07 10:47:04,227 - pyskl - INFO - Epoch [7][1300/6265]	lr: 1.681e-02, eta: 1 day, 0:24:04, time: 1.460, data_time: 0.000, memory: 6270, top1_acc: 0.9069, top5_acc: 0.9878, loss_cls: 0.2988, loss: 0.2988
2026-08-07 10:49:28,917 - pyskl - INFO - Epoch [7][1400/6265]	lr: 1.677e-02, eta: 1 day, 0:21:43, time: 1.447, data_time: 0.000, memory: 6270, top1_acc: 0.9184, top5_acc: 0.9925, loss_cls: 0.2620, loss: 0.2620
2026-08-07 10:51:53,074 - pyskl - INFO - Epoch [7][1500/6265]	lr: 1.674e-02, eta: 1 day, 0:19:21, time: 1.442, data_time: 0.000, memory: 6270, top1_acc: 0.9172, top5_acc: 0.9900, loss_cls: 0.2695, loss: 0.2695
2026-08-07 10:54:16,511 - pyskl - INFO - Epoch [7][1600/6265]	lr: 1.670e-02, eta: 1 day, 0:16:58, time: 1.434, data_time: 0.000, memory: 6270, top1_acc: 0.9044, top5_acc: 0.9912, loss_cls: 0.2993, loss: 0.2993
2026-08-07 10:56:41,051 - pyskl - INFO - Epoch [7][1700/6265]	lr: 1.666e-02, eta: 1 day, 0:14:37, time: 1.445, data_time: 0.000, memory: 6270, top1_acc: 0.9209, top5_acc: 0.9925, loss_cls: 0.2514, loss: 0.2514
2026-08-07 10:59:05,688 - pyskl - INFO - Epoch [7][1800/6265]	lr: 1.663e-02, eta: 1 day, 0:12:16, time: 1.446, data_time: 0.000, memory: 6270, top1_acc: 0.9016, top5_acc: 0.9919, loss_cls: 0.2995, loss: 0.2995
2026-08-07 11:01:30,369 - pyskl - INFO - Epoch [7][1900/6265]	lr: 1.659e-02, eta: 1 day, 0:09:55, time: 1.447, data_time: 0.000, memory: 6270, top1_acc: 0.9066, top5_acc: 0.9909, loss_cls: 0.2876, loss: 0.2876
2026-08-07 11:03:54,736 - pyskl - INFO - Epoch [7][2000/6265]	lr: 1.655e-02, eta: 1 day, 0:07:34, time: 1.444, data_time: 0.000, memory: 6270, top1_acc: 0.9031, top5_acc: 0.9906, loss_cls: 0.3089, loss: 0.3089
2026-08-07 11:06:18,383 - pyskl - INFO - Epoch [7][2100/6265]	lr: 1.651e-02, eta: 1 day, 0:05:11, time: 1.436, data_time: 0.000, memory: 6270, top1_acc: 0.9178, top5_acc: 0.9912, loss_cls: 0.2638, loss: 0.2638
2026-08-07 11:08:42,848 - pyskl - INFO - Epoch [7][2200/6265]	lr: 1.648e-02, eta: 1 day, 0:02:50, time: 1.445, data_time: 0.000, memory: 6270, top1_acc: 0.9169, top5_acc: 0.9916, loss_cls: 0.2648, loss: 0.2648
2026-08-07 11:11:19,641 - pyskl - INFO - Epoch [7][2300/6265]	lr: 1.644e-02, eta: 1 day, 0:00:47, time: 1.568, data_time: 0.000, memory: 6270, top1_acc: 0.9041, top5_acc: 0.9919, loss_cls: 0.2945, loss: 0.2945
2026-08-07 11:14:02,828 - pyskl - INFO - Epoch [7][2400/6265]	lr: 1.640e-02, eta: 23:58:54, time: 1.632, data_time: 0.000, memory: 6270, top1_acc: 0.9069, top5_acc: 0.9894, loss_cls: 0.3023, loss: 0.3023
2026-08-07 11:16:45,922 - pyskl - INFO - Epoch [7][2500/6265]	lr: 1.637e-02, eta: 23:57:01, time: 1.631, data_time: 0.000, memory: 6270, top1_acc: 0.9044, top5_acc: 0.9903, loss_cls: 0.3192, loss: 0.3192
2026-08-07 11:19:28,382 - pyskl - INFO - Epoch [7][2600/6265]	lr: 1.633e-02, eta: 23:55:06, time: 1.625, data_time: 0.000, memory: 6270, top1_acc: 0.9103, top5_acc: 0.9900, loss_cls: 0.2969, loss: 0.2969
2026-08-07 11:22:11,389 - pyskl - INFO - Epoch [7][2700/6265]	lr: 1.629e-02, eta: 23:53:12, time: 1.630, data_time: 0.000, memory: 6270, top1_acc: 0.9041, top5_acc: 0.9906, loss_cls: 0.3051, loss: 0.3051
2026-08-07 11:24:54,544 - pyskl - INFO - Epoch [7][2800/6265]	lr: 1.625e-02, eta: 23:51:17, time: 1.632, data_time: 0.000, memory: 6270, top1_acc: 0.9078, top5_acc: 0.9916, loss_cls: 0.2998, loss: 0.2998
2026-08-07 11:27:38,004 - pyskl - INFO - Epoch [7][2900/6265]	lr: 1.622e-02, eta: 23:49:23, time: 1.635, data_time: 0.000, memory: 6270, top1_acc: 0.9156, top5_acc: 0.9919, loss_cls: 0.2791, loss: 0.2791
2026-08-07 11:30:20,597 - pyskl - INFO - Epoch [7][3000/6265]	lr: 1.618e-02, eta: 23:47:28, time: 1.626, data_time: 0.000, memory: 6270, top1_acc: 0.9150, top5_acc: 0.9900, loss_cls: 0.2811, loss: 0.2811
2026-08-07 11:33:03,843 - pyskl - INFO - Epoch [7][3100/6265]	lr: 1.614e-02, eta: 23:45:33, time: 1.632, data_time: 0.000, memory: 6270, top1_acc: 0.8994, top5_acc: 0.9909, loss_cls: 0.3128, loss: 0.3128
2026-08-07 11:35:45,780 - pyskl - INFO - Epoch [7][3200/6265]	lr: 1.610e-02, eta: 23:43:36, time: 1.619, data_time: 0.000, memory: 6270, top1_acc: 0.9084, top5_acc: 0.9897, loss_cls: 0.2957, loss: 0.2957
2026-08-07 11:38:28,506 - pyskl - INFO - Epoch [7][3300/6265]	lr: 1.607e-02, eta: 23:41:40, time: 1.627, data_time: 0.000, memory: 6270, top1_acc: 0.9200, top5_acc: 0.9916, loss_cls: 0.2755, loss: 0.2755
2026-08-07 11:41:12,084 - pyskl - INFO - Epoch [7][3400/6265]	lr: 1.603e-02, eta: 23:39:45, time: 1.636, data_time: 0.000, memory: 6270, top1_acc: 0.9075, top5_acc: 0.9878, loss_cls: 0.2894, loss: 0.2894
2026-08-07 11:43:55,714 - pyskl - INFO - Epoch [7][3500/6265]	lr: 1.599e-02, eta: 23:37:50, time: 1.636, data_time: 0.000, memory: 6270, top1_acc: 0.9187, top5_acc: 0.9909, loss_cls: 0.2589, loss: 0.2589
2026-08-07 11:46:39,155 - pyskl - INFO - Epoch [7][3600/6265]	lr: 1.595e-02, eta: 23:35:54, time: 1.634, data_time: 0.000, memory: 6270, top1_acc: 0.9128, top5_acc: 0.9916, loss_cls: 0.2882, loss: 0.2882
2026-08-07 11:49:22,442 - pyskl - INFO - Epoch [7][3700/6265]	lr: 1.592e-02, eta: 23:33:58, time: 1.633, data_time: 0.000, memory: 6270, top1_acc: 0.9150, top5_acc: 0.9900, loss_cls: 0.2750, loss: 0.2750
2026-08-07 11:52:05,381 - pyskl - INFO - Epoch [7][3800/6265]	lr: 1.588e-02, eta: 23:32:01, time: 1.629, data_time: 0.000, memory: 6270, top1_acc: 0.9141, top5_acc: 0.9916, loss_cls: 0.2746, loss: 0.2746
2026-08-07 11:54:47,908 - pyskl - INFO - Epoch [7][3900/6265]	lr: 1.584e-02, eta: 23:30:03, time: 1.625, data_time: 0.000, memory: 6270, top1_acc: 0.9066, top5_acc: 0.9906, loss_cls: 0.2993, loss: 0.2993
2026-08-07 11:57:30,592 - pyskl - INFO - Epoch [7][4000/6265]	lr: 1.580e-02, eta: 23:28:06, time: 1.627, data_time: 0.000, memory: 6270, top1_acc: 0.9075, top5_acc: 0.9894, loss_cls: 0.2943, loss: 0.2943
2026-08-07 12:00:13,578 - pyskl - INFO - Epoch [7][4100/6265]	lr: 1.576e-02, eta: 23:26:08, time: 1.630, data_time: 0.000, memory: 6270, top1_acc: 0.9172, top5_acc: 0.9928, loss_cls: 0.2680, loss: 0.2680
2026-08-07 12:02:57,021 - pyskl - INFO - Epoch [7][4200/6265]	lr: 1.573e-02, eta: 23:24:11, time: 1.634, data_time: 0.000, memory: 6270, top1_acc: 0.9150, top5_acc: 0.9903, loss_cls: 0.2814, loss: 0.2814
2026-08-07 12:05:40,145 - pyskl - INFO - Epoch [7][4300/6265]	lr: 1.569e-02, eta: 23:22:14, time: 1.631, data_time: 0.000, memory: 6270, top1_acc: 0.9116, top5_acc: 0.9922, loss_cls: 0.2729, loss: 0.2729
2026-08-07 12:08:23,610 - pyskl - INFO - Epoch [7][4400/6265]	lr: 1.565e-02, eta: 23:20:16, time: 1.635, data_time: 0.000, memory: 6270, top1_acc: 0.9181, top5_acc: 0.9925, loss_cls: 0.2547, loss: 0.2547
2026-08-07 12:11:07,192 - pyskl - INFO - Epoch [7][4500/6265]	lr: 1.561e-02, eta: 23:18:19, time: 1.636, data_time: 0.000, memory: 6270, top1_acc: 0.9116, top5_acc: 0.9925, loss_cls: 0.2850, loss: 0.2850
2026-08-07 12:13:50,343 - pyskl - INFO - Epoch [7][4600/6265]	lr: 1.558e-02, eta: 23:16:20, time: 1.632, data_time: 0.000, memory: 6270, top1_acc: 0.9175, top5_acc: 0.9916, loss_cls: 0.2674, loss: 0.2674
2026-08-07 12:16:33,615 - pyskl - INFO - Epoch [7][4700/6265]	lr: 1.554e-02, eta: 23:14:22, time: 1.633, data_time: 0.000, memory: 6270, top1_acc: 0.9175, top5_acc: 0.9931, loss_cls: 0.2736, loss: 0.2736
2026-08-07 12:19:17,240 - pyskl - INFO - Epoch [7][4800/6265]	lr: 1.550e-02, eta: 23:12:24, time: 1.636, data_time: 0.000, memory: 6270, top1_acc: 0.9038, top5_acc: 0.9875, loss_cls: 0.2986, loss: 0.2986
2026-08-07 12:22:00,551 - pyskl - INFO - Epoch [7][4900/6265]	lr: 1.546e-02, eta: 23:10:25, time: 1.633, data_time: 0.000, memory: 6270, top1_acc: 0.9100, top5_acc: 0.9869, loss_cls: 0.2955, loss: 0.2955
2026-08-07 12:24:42,800 - pyskl - INFO - Epoch [7][5000/6265]	lr: 1.542e-02, eta: 23:08:25, time: 1.622, data_time: 0.000, memory: 6270, top1_acc: 0.9050, top5_acc: 0.9919, loss_cls: 0.2976, loss: 0.2976
2026-08-07 12:27:25,646 - pyskl - INFO - Epoch [7][5100/6265]	lr: 1.538e-02, eta: 23:06:25, time: 1.628, data_time: 0.000, memory: 6270, top1_acc: 0.9075, top5_acc: 0.9906, loss_cls: 0.2981, loss: 0.2981
2026-08-07 12:30:08,480 - pyskl - INFO - Epoch [7][5200/6265]	lr: 1.535e-02, eta: 23:04:25, time: 1.628, data_time: 0.000, memory: 6270, top1_acc: 0.9100, top5_acc: 0.9888, loss_cls: 0.2845, loss: 0.2845
2026-08-07 12:32:51,247 - pyskl - INFO - Epoch [7][5300/6265]	lr: 1.531e-02, eta: 23:02:25, time: 1.628, data_time: 0.000, memory: 6270, top1_acc: 0.9100, top5_acc: 0.9888, loss_cls: 0.2967, loss: 0.2967
2026-08-07 12:35:34,290 - pyskl - INFO - Epoch [7][5400/6265]	lr: 1.527e-02, eta: 23:00:25, time: 1.630, data_time: 0.000, memory: 6270, top1_acc: 0.9100, top5_acc: 0.9894, loss_cls: 0.2921, loss: 0.2921
2026-08-07 12:38:17,309 - pyskl - INFO - Epoch [7][5500/6265]	lr: 1.523e-02, eta: 22:58:24, time: 1.630, data_time: 0.000, memory: 6270, top1_acc: 0.9194, top5_acc: 0.9934, loss_cls: 0.2623, loss: 0.2623
2026-08-07 12:41:00,648 - pyskl - INFO - Epoch [7][5600/6265]	lr: 1.519e-02, eta: 22:56:24, time: 1.633, data_time: 0.000, memory: 6270, top1_acc: 0.9172, top5_acc: 0.9912, loss_cls: 0.2632, loss: 0.2632
2026-08-07 12:43:43,209 - pyskl - INFO - Epoch [7][5700/6265]	lr: 1.516e-02, eta: 22:54:23, time: 1.626, data_time: 0.000, memory: 6270, top1_acc: 0.9234, top5_acc: 0.9938, loss_cls: 0.2430, loss: 0.2430
2026-08-07 12:46:26,620 - pyskl - INFO - Epoch [7][5800/6265]	lr: 1.512e-02, eta: 22:52:22, time: 1.634, data_time: 0.000, memory: 6270, top1_acc: 0.9200, top5_acc: 0.9903, loss_cls: 0.2577, loss: 0.2577
2026-08-07 12:49:10,171 - pyskl - INFO - Epoch [7][5900/6265]	lr: 1.508e-02, eta: 22:50:22, time: 1.636, data_time: 0.000, memory: 6270, top1_acc: 0.9181, top5_acc: 0.9900, loss_cls: 0.2636, loss: 0.2636
2026-08-07 12:51:53,436 - pyskl - INFO - Epoch [7][6000/6265]	lr: 1.504e-02, eta: 22:48:21, time: 1.633, data_time: 0.000, memory: 6270, top1_acc: 0.9228, top5_acc: 0.9947, loss_cls: 0.2515, loss: 0.2515
2026-08-07 12:54:36,333 - pyskl - INFO - Epoch [7][6100/6265]	lr: 1.500e-02, eta: 22:46:19, time: 1.629, data_time: 0.000, memory: 6270, top1_acc: 0.9250, top5_acc: 0.9906, loss_cls: 0.2527, loss: 0.2527
2026-08-07 12:57:19,528 - pyskl - INFO - Epoch [7][6200/6265]	lr: 1.496e-02, eta: 22:44:18, time: 1.632, data_time: 0.000, memory: 6270, top1_acc: 0.9213, top5_acc: 0.9916, loss_cls: 0.2588, loss: 0.2588
2026-08-07 12:59:03,777 - pyskl - INFO - Saving checkpoint at 7 epochs
2026-08-07 13:12:01,017 - pyskl - INFO - Evaluating top_k_accuracy ...
2026-08-07 13:12:01,057 - pyskl - INFO - 
top1_acc	0.8408
top5_acc	0.9735
2026-08-07 13:12:01,058 - pyskl - INFO - The previous best checkpoint D:\YxjProject\pythonProject\pyskl\work_dirs\ctrgcn\ctrgcn_pyskl_ntu60_xsub_3dkp\j_single_gpu\best_top1_acc_epoch_5.pth was removed
2026-08-07 13:12:01,141 - pyskl - INFO - Now best checkpoint is saved as best_top1_acc_epoch_7.pth.
2026-08-07 13:12:01,141 - pyskl - INFO - Best top1_acc is 0.8408 at 7 epoch.
2026-08-07 13:12:01,142 - pyskl - INFO - Epoch(val) [7][516]	top1_acc: 0.8408, top5_acc: 0.9735
2026-08-07 13:14:56,128 - pyskl - INFO - Epoch [8][100/6265]	lr: 1.490e-02, eta: 22:38:56, time: 1.750, data_time: 0.119, memory: 6270, top1_acc: 0.9144, top5_acc: 0.9888, loss_cls: 0.2845, loss: 0.2845
2026-08-07 13:17:39,605 - pyskl - INFO - Epoch [8][200/6265]	lr: 1.486e-02, eta: 22:36:55, time: 1.635, data_time: 0.000, memory: 6270, top1_acc: 0.9159, top5_acc: 0.9928, loss_cls: 0.2651, loss: 0.2651
2026-08-07 13:20:22,829 - pyskl - INFO - Epoch [8][300/6265]	lr: 1.482e-02, eta: 22:34:53, time: 1.632, data_time: 0.000, memory: 6270, top1_acc: 0.9334, top5_acc: 0.9928, loss_cls: 0.2329, loss: 0.2329
2026-08-07 13:23:05,892 - pyskl - INFO - Epoch [8][400/6265]	lr: 1.479e-02, eta: 22:32:51, time: 1.631, data_time: 0.000, memory: 6270, top1_acc: 0.9163, top5_acc: 0.9931, loss_cls: 0.2521, loss: 0.2521
2026-08-07 13:25:48,440 - pyskl - INFO - Epoch [8][500/6265]	lr: 1.475e-02, eta: 22:30:49, time: 1.625, data_time: 0.000, memory: 6270, top1_acc: 0.9159, top5_acc: 0.9925, loss_cls: 0.2678, loss: 0.2678
2026-08-07 13:28:31,200 - pyskl - INFO - Epoch [8][600/6265]	lr: 1.471e-02, eta: 22:28:46, time: 1.628, data_time: 0.000, memory: 6270, top1_acc: 0.9291, top5_acc: 0.9925, loss_cls: 0.2386, loss: 0.2386
2026-08-07 13:31:14,714 - pyskl - INFO - Epoch [8][700/6265]	lr: 1.467e-02, eta: 22:26:44, time: 1.635, data_time: 0.000, memory: 6270, top1_acc: 0.9153, top5_acc: 0.9931, loss_cls: 0.2562, loss: 0.2562
2026-08-07 13:33:58,050 - pyskl - INFO - Epoch [8][800/6265]	lr: 1.463e-02, eta: 22:24:41, time: 1.633, data_time: 0.000, memory: 6270, top1_acc: 0.9250, top5_acc: 0.9919, loss_cls: 0.2590, loss: 0.2590
2026-08-07 13:36:41,161 - pyskl - INFO - Epoch [8][900/6265]	lr: 1.459e-02, eta: 22:22:38, time: 1.631, data_time: 0.000, memory: 6270, top1_acc: 0.9228, top5_acc: 0.9888, loss_cls: 0.2618, loss: 0.2618
2026-08-07 13:39:24,492 - pyskl - INFO - Epoch [8][1000/6265]	lr: 1.455e-02, eta: 22:20:36, time: 1.633, data_time: 0.000, memory: 6270, top1_acc: 0.9166, top5_acc: 0.9922, loss_cls: 0.2678, loss: 0.2678
2026-08-07 13:42:07,889 - pyskl - INFO - Epoch [8][1100/6265]	lr: 1.451e-02, eta: 22:18:33, time: 1.634, data_time: 0.000, memory: 6270, top1_acc: 0.9103, top5_acc: 0.9928, loss_cls: 0.2760, loss: 0.2760
2026-08-07 13:44:50,943 - pyskl - INFO - Epoch [8][1200/6265]	lr: 1.448e-02, eta: 22:16:29, time: 1.631, data_time: 0.000, memory: 6270, top1_acc: 0.9163, top5_acc: 0.9919, loss_cls: 0.2701, loss: 0.2701
2026-08-07 13:47:33,714 - pyskl - INFO - Epoch [8][1300/6265]	lr: 1.444e-02, eta: 22:14:25, time: 1.628, data_time: 0.000, memory: 6270, top1_acc: 0.9263, top5_acc: 0.9959, loss_cls: 0.2416, loss: 0.2416
2026-08-07 13:50:16,072 - pyskl - INFO - Epoch [8][1400/6265]	lr: 1.440e-02, eta: 22:12:21, time: 1.624, data_time: 0.000, memory: 6270, top1_acc: 0.9200, top5_acc: 0.9938, loss_cls: 0.2631, loss: 0.2631
2026-08-07 13:52:59,542 - pyskl - INFO - Epoch [8][1500/6265]	lr: 1.436e-02, eta: 22:10:17, time: 1.635, data_time: 0.000, memory: 6270, top1_acc: 0.9266, top5_acc: 0.9934, loss_cls: 0.2489, loss: 0.2489
2026-08-07 13:55:42,923 - pyskl - INFO - Epoch [8][1600/6265]	lr: 1.432e-02, eta: 22:08:13, time: 1.634, data_time: 0.000, memory: 6270, top1_acc: 0.9169, top5_acc: 0.9934, loss_cls: 0.2516, loss: 0.2516
2026-08-07 13:58:25,792 - pyskl - INFO - Epoch [8][1700/6265]	lr: 1.428e-02, eta: 22:06:09, time: 1.629, data_time: 0.000, memory: 6270, top1_acc: 0.9253, top5_acc: 0.9934, loss_cls: 0.2448, loss: 0.2448
2026-08-07 14:01:09,093 - pyskl - INFO - Epoch [8][1800/6265]	lr: 1.424e-02, eta: 22:04:04, time: 1.633, data_time: 0.000, memory: 6270, top1_acc: 0.9259, top5_acc: 0.9919, loss_cls: 0.2345, loss: 0.2345
2026-08-07 14:03:52,553 - pyskl - INFO - Epoch [8][1900/6265]	lr: 1.421e-02, eta: 22:02:00, time: 1.635, data_time: 0.000, memory: 6270, top1_acc: 0.9381, top5_acc: 0.9947, loss_cls: 0.2068, loss: 0.2068
2026-08-07 14:06:35,135 - pyskl - INFO - Epoch [8][2000/6265]	lr: 1.417e-02, eta: 21:59:55, time: 1.626, data_time: 0.000, memory: 6270, top1_acc: 0.9253, top5_acc: 0.9941, loss_cls: 0.2357, loss: 0.2357
2026-08-07 14:09:18,700 - pyskl - INFO - Epoch [8][2100/6265]	lr: 1.413e-02, eta: 21:57:50, time: 1.636, data_time: 0.000, memory: 6270, top1_acc: 0.9231, top5_acc: 0.9925, loss_cls: 0.2473, loss: 0.2473
2026-08-07 14:12:02,087 - pyskl - INFO - Epoch [8][2200/6265]	lr: 1.409e-02, eta: 21:55:46, time: 1.634, data_time: 0.000, memory: 6270, top1_acc: 0.9313, top5_acc: 0.9925, loss_cls: 0.2307, loss: 0.2307
2026-08-07 14:14:45,184 - pyskl - INFO - Epoch [8][2300/6265]	lr: 1.405e-02, eta: 21:53:40, time: 1.631, data_time: 0.000, memory: 6270, top1_acc: 0.9184, top5_acc: 0.9944, loss_cls: 0.2478, loss: 0.2478
2026-08-07 14:17:28,516 - pyskl - INFO - Epoch [8][2400/6265]	lr: 1.401e-02, eta: 21:51:35, time: 1.633, data_time: 0.000, memory: 6270, top1_acc: 0.9216, top5_acc: 0.9919, loss_cls: 0.2501, loss: 0.2501
2026-08-07 14:20:11,867 - pyskl - INFO - Epoch [8][2500/6265]	lr: 1.397e-02, eta: 21:49:30, time: 1.633, data_time: 0.000, memory: 6270, top1_acc: 0.9328, top5_acc: 0.9953, loss_cls: 0.2223, loss: 0.2223
2026-08-07 14:22:54,333 - pyskl - INFO - Epoch [8][2600/6265]	lr: 1.393e-02, eta: 21:47:23, time: 1.625, data_time: 0.000, memory: 6270, top1_acc: 0.9244, top5_acc: 0.9931, loss_cls: 0.2437, loss: 0.2437
2026-08-07 14:25:36,550 - pyskl - INFO - Epoch [8][2700/6265]	lr: 1.389e-02, eta: 21:45:16, time: 1.622, data_time: 0.000, memory: 6270, top1_acc: 0.9216, top5_acc: 0.9909, loss_cls: 0.2453, loss: 0.2453
2026-08-07 14:28:19,424 - pyskl - INFO - Epoch [8][2800/6265]	lr: 1.386e-02, eta: 21:43:10, time: 1.629, data_time: 0.000, memory: 6270, top1_acc: 0.9225, top5_acc: 0.9928, loss_cls: 0.2515, loss: 0.2515
2026-08-07 14:31:02,011 - pyskl - INFO - Epoch [8][2900/6265]	lr: 1.382e-02, eta: 21:41:03, time: 1.626, data_time: 0.000, memory: 6270, top1_acc: 0.9319, top5_acc: 0.9950, loss_cls: 0.2205, loss: 0.2205
2026-08-07 14:33:44,511 - pyskl - INFO - Epoch [8][3000/6265]	lr: 1.378e-02, eta: 21:38:56, time: 1.625, data_time: 0.000, memory: 6270, top1_acc: 0.9297, top5_acc: 0.9922, loss_cls: 0.2294, loss: 0.2294
2026-08-07 14:36:25,910 - pyskl - INFO - Epoch [8][3100/6265]	lr: 1.374e-02, eta: 21:36:47, time: 1.614, data_time: 0.000, memory: 6270, top1_acc: 0.9222, top5_acc: 0.9925, loss_cls: 0.2635, loss: 0.2635
2026-08-07 14:39:08,223 - pyskl - INFO - Epoch [8][3200/6265]	lr: 1.370e-02, eta: 21:34:40, time: 1.623, data_time: 0.000, memory: 6270, top1_acc: 0.9291, top5_acc: 0.9950, loss_cls: 0.2196, loss: 0.2196
2026-08-07 14:41:50,354 - pyskl - INFO - Epoch [8][3300/6265]	lr: 1.366e-02, eta: 21:32:32, time: 1.621, data_time: 0.000, memory: 6270, top1_acc: 0.9269, top5_acc: 0.9938, loss_cls: 0.2405, loss: 0.2405
2026-08-07 14:44:32,163 - pyskl - INFO - Epoch [8][3400/6265]	lr: 1.362e-02, eta: 21:30:23, time: 1.618, data_time: 0.000, memory: 6270, top1_acc: 0.9241, top5_acc: 0.9934, loss_cls: 0.2426, loss: 0.2426
2026-08-07 14:47:14,419 - pyskl - INFO - Epoch [8][3500/6265]	lr: 1.358e-02, eta: 21:28:15, time: 1.623, data_time: 0.000, memory: 6270, top1_acc: 0.9284, top5_acc: 0.9934, loss_cls: 0.2409, loss: 0.2409
2026-08-07 14:49:56,331 - pyskl - INFO - Epoch [8][3600/6265]	lr: 1.354e-02, eta: 21:26:07, time: 1.619, data_time: 0.000, memory: 6270, top1_acc: 0.9378, top5_acc: 0.9928, loss_cls: 0.2252, loss: 0.2252
2026-08-07 14:52:39,083 - pyskl - INFO - Epoch [8][3700/6265]	lr: 1.350e-02, eta: 21:23:59, time: 1.628, data_time: 0.000, memory: 6270, top1_acc: 0.9222, top5_acc: 0.9938, loss_cls: 0.2518, loss: 0.2518
2026-08-07 14:55:21,878 - pyskl - INFO - Epoch [8][3800/6265]	lr: 1.347e-02, eta: 21:21:51, time: 1.628, data_time: 0.000, memory: 6270, top1_acc: 0.9284, top5_acc: 0.9919, loss_cls: 0.2413, loss: 0.2413
2026-08-07 14:58:04,001 - pyskl - INFO - Epoch [8][3900/6265]	lr: 1.343e-02, eta: 21:19:42, time: 1.621, data_time: 0.000, memory: 6270, top1_acc: 0.9237, top5_acc: 0.9928, loss_cls: 0.2304, loss: 0.2304
2026-08-07 15:00:46,295 - pyskl - INFO - Epoch [8][4000/6265]	lr: 1.339e-02, eta: 21:17:33, time: 1.623, data_time: 0.000, memory: 6270, top1_acc: 0.9287, top5_acc: 0.9928, loss_cls: 0.2376, loss: 0.2376
2026-08-07 15:03:28,877 - pyskl - INFO - Epoch [8][4100/6265]	lr: 1.335e-02, eta: 21:15:25, time: 1.626, data_time: 0.000, memory: 6270, top1_acc: 0.9272, top5_acc: 0.9956, loss_cls: 0.2358, loss: 0.2358
2026-08-07 15:06:11,581 - pyskl - INFO - Epoch [8][4200/6265]	lr: 1.331e-02, eta: 21:13:16, time: 1.627, data_time: 0.000, memory: 6270, top1_acc: 0.9275, top5_acc: 0.9956, loss_cls: 0.2317, loss: 0.2317
2026-08-07 15:08:54,196 - pyskl - INFO - Epoch [8][4300/6265]	lr: 1.327e-02, eta: 21:11:07, time: 1.626, data_time: 0.000, memory: 6270, top1_acc: 0.9181, top5_acc: 0.9938, loss_cls: 0.2578, loss: 0.2578
2026-08-07 15:11:36,508 - pyskl - INFO - Epoch [8][4400/6265]	lr: 1.323e-02, eta: 21:08:58, time: 1.623, data_time: 0.000, memory: 6270, top1_acc: 0.9225, top5_acc: 0.9900, loss_cls: 0.2463, loss: 0.2463
2026-08-07 15:14:18,338 - pyskl - INFO - Epoch [8][4500/6265]	lr: 1.319e-02, eta: 21:06:48, time: 1.618, data_time: 0.000, memory: 6270, top1_acc: 0.9200, top5_acc: 0.9947, loss_cls: 0.2458, loss: 0.2458
2026-08-07 15:17:00,755 - pyskl - INFO - Epoch [8][4600/6265]	lr: 1.315e-02, eta: 21:04:38, time: 1.624, data_time: 0.000, memory: 6270, top1_acc: 0.9203, top5_acc: 0.9934, loss_cls: 0.2515, loss: 0.2515
2026-08-07 15:19:43,103 - pyskl - INFO - Epoch [8][4700/6265]	lr: 1.311e-02, eta: 21:02:29, time: 1.623, data_time: 0.000, memory: 6270, top1_acc: 0.9225, top5_acc: 0.9947, loss_cls: 0.2429, loss: 0.2429
2026-08-07 15:22:25,143 - pyskl - INFO - Epoch [8][4800/6265]	lr: 1.307e-02, eta: 21:00:19, time: 1.620, data_time: 0.000, memory: 6270, top1_acc: 0.9325, top5_acc: 0.9941, loss_cls: 0.2265, loss: 0.2265
2026-08-07 15:25:07,089 - pyskl - INFO - Epoch [8][4900/6265]	lr: 1.303e-02, eta: 20:58:08, time: 1.619, data_time: 0.000, memory: 6270, top1_acc: 0.9237, top5_acc: 0.9931, loss_cls: 0.2400, loss: 0.2400
2026-08-07 15:27:49,716 - pyskl - INFO - Epoch [8][5000/6265]	lr: 1.300e-02, eta: 20:55:58, time: 1.626, data_time: 0.000, memory: 6270, top1_acc: 0.9381, top5_acc: 0.9956, loss_cls: 0.1992, loss: 0.1992
2026-08-07 15:30:31,949 - pyskl - INFO - Epoch [8][5100/6265]	lr: 1.296e-02, eta: 20:53:48, time: 1.622, data_time: 0.000, memory: 6270, top1_acc: 0.9278, top5_acc: 0.9906, loss_cls: 0.2509, loss: 0.2509
2026-08-07 15:33:14,939 - pyskl - INFO - Epoch [8][5200/6265]	lr: 1.292e-02, eta: 20:51:38, time: 1.630, data_time: 0.000, memory: 6270, top1_acc: 0.9209, top5_acc: 0.9919, loss_cls: 0.2438, loss: 0.2438
2026-08-07 15:35:57,827 - pyskl - INFO - Epoch [8][5300/6265]	lr: 1.288e-02, eta: 20:49:28, time: 1.629, data_time: 0.000, memory: 6270, top1_acc: 0.9275, top5_acc: 0.9941, loss_cls: 0.2239, loss: 0.2239
2026-08-07 15:38:40,736 - pyskl - INFO - Epoch [8][5400/6265]	lr: 1.284e-02, eta: 20:47:18, time: 1.629, data_time: 0.000, memory: 6270, top1_acc: 0.9316, top5_acc: 0.9931, loss_cls: 0.2225, loss: 0.2225
2026-08-07 15:41:23,028 - pyskl - INFO - Epoch [8][5500/6265]	lr: 1.280e-02, eta: 20:45:08, time: 1.623, data_time: 0.000, memory: 6270, top1_acc: 0.9216, top5_acc: 0.9925, loss_cls: 0.2365, loss: 0.2365
2026-08-07 15:44:04,874 - pyskl - INFO - Epoch [8][5600/6265]	lr: 1.276e-02, eta: 20:42:56, time: 1.618, data_time: 0.000, memory: 6270, top1_acc: 0.9313, top5_acc: 0.9953, loss_cls: 0.2273, loss: 0.2273
2026-08-07 15:46:47,723 - pyskl - INFO - Epoch [8][5700/6265]	lr: 1.272e-02, eta: 20:40:46, time: 1.628, data_time: 0.000, memory: 6270, top1_acc: 0.9372, top5_acc: 0.9950, loss_cls: 0.2172, loss: 0.2172
2026-08-07 15:49:30,677 - pyskl - INFO - Epoch [8][5800/6265]	lr: 1.268e-02, eta: 20:38:35, time: 1.630, data_time: 0.000, memory: 6270, top1_acc: 0.9416, top5_acc: 0.9950, loss_cls: 0.2019, loss: 0.2019
2026-08-07 15:52:13,874 - pyskl - INFO - Epoch [8][5900/6265]	lr: 1.264e-02, eta: 20:36:25, time: 1.632, data_time: 0.000, memory: 6270, top1_acc: 0.9481, top5_acc: 0.9938, loss_cls: 0.1916, loss: 0.1916
2026-08-07 15:54:56,005 - pyskl - INFO - Epoch [8][6000/6265]	lr: 1.260e-02, eta: 20:34:13, time: 1.621, data_time: 0.000, memory: 6270, top1_acc: 0.9422, top5_acc: 0.9944, loss_cls: 0.2110, loss: 0.2110
2026-08-07 15:57:39,073 - pyskl - INFO - Epoch [8][6100/6265]	lr: 1.257e-02, eta: 20:32:03, time: 1.631, data_time: 0.000, memory: 6270, top1_acc: 0.9375, top5_acc: 0.9950, loss_cls: 0.2118, loss: 0.2118
2026-08-07 16:00:22,127 - pyskl - INFO - Epoch [8][6200/6265]	lr: 1.253e-02, eta: 20:29:52, time: 1.631, data_time: 0.000, memory: 6270, top1_acc: 0.9309, top5_acc: 0.9947, loss_cls: 0.2189, loss: 0.2189
2026-08-07 16:02:07,033 - pyskl - INFO - Saving checkpoint at 8 epochs
2026-08-07 16:14:50,253 - pyskl - INFO - Evaluating top_k_accuracy ...
2026-08-07 16:14:50,292 - pyskl - INFO - 
top1_acc	0.8387
top5_acc	0.9706
2026-08-07 16:14:50,293 - pyskl - INFO - Epoch(val) [8][516]	top1_acc: 0.8387, top5_acc: 0.9706
2026-08-07 16:17:44,695 - pyskl - INFO - Epoch [9][100/6265]	lr: 1.246e-02, eta: 20:24:41, time: 1.744, data_time: 0.119, memory: 6270, top1_acc: 0.9347, top5_acc: 0.9931, loss_cls: 0.2231, loss: 0.2231
2026-08-07 16:20:27,292 - pyskl - INFO - Epoch [9][200/6265]	lr: 1.242e-02, eta: 20:22:30, time: 1.626, data_time: 0.000, memory: 6270, top1_acc: 0.9263, top5_acc: 0.9972, loss_cls: 0.2258, loss: 0.2258
2026-08-07 16:23:10,091 - pyskl - INFO - Epoch [9][300/6265]	lr: 1.238e-02, eta: 20:20:18, time: 1.628, data_time: 0.000, memory: 6270, top1_acc: 0.9378, top5_acc: 0.9959, loss_cls: 0.1934, loss: 0.1934
2026-08-07 16:25:52,152 - pyskl - INFO - Epoch [9][400/6265]	lr: 1.234e-02, eta: 20:18:06, time: 1.621, data_time: 0.000, memory: 6270, top1_acc: 0.9409, top5_acc: 0.9959, loss_cls: 0.1972, loss: 0.1972
2026-08-07 16:28:35,062 - pyskl - INFO - Epoch [9][500/6265]	lr: 1.230e-02, eta: 20:15:55, time: 1.629, data_time: 0.000, memory: 6270, top1_acc: 0.9375, top5_acc: 0.9956, loss_cls: 0.2170, loss: 0.2170
2026-08-07 16:31:18,061 - pyskl - INFO - Epoch [9][600/6265]	lr: 1.227e-02, eta: 20:13:43, time: 1.630, data_time: 0.000, memory: 6270, top1_acc: 0.9394, top5_acc: 0.9944, loss_cls: 0.2072, loss: 0.2072
2026-08-07 16:34:00,759 - pyskl - INFO - Epoch [9][700/6265]	lr: 1.223e-02, eta: 20:11:32, time: 1.627, data_time: 0.000, memory: 6270, top1_acc: 0.9363, top5_acc: 0.9944, loss_cls: 0.2062, loss: 0.2062
2026-08-07 16:36:42,688 - pyskl - INFO - Epoch [9][800/6265]	lr: 1.219e-02, eta: 20:09:19, time: 1.619, data_time: 0.000, memory: 6270, top1_acc: 0.9334, top5_acc: 0.9928, loss_cls: 0.2206, loss: 0.2206
2026-08-07 16:39:24,593 - pyskl - INFO - Epoch [9][900/6265]	lr: 1.215e-02, eta: 20:07:06, time: 1.619, data_time: 0.000, memory: 6270, top1_acc: 0.9450, top5_acc: 0.9959, loss_cls: 0.1770, loss: 0.1770
2026-08-07 16:42:06,543 - pyskl - INFO - Epoch [9][1000/6265]	lr: 1.211e-02, eta: 20:04:53, time: 1.619, data_time: 0.000, memory: 6270, top1_acc: 0.9353, top5_acc: 0.9966, loss_cls: 0.2048, loss: 0.2048
2026-08-07 16:44:49,337 - pyskl - INFO - Epoch [9][1100/6265]	lr: 1.207e-02, eta: 20:02:41, time: 1.628, data_time: 0.000, memory: 6270, top1_acc: 0.9466, top5_acc: 0.9959, loss_cls: 0.1780, loss: 0.1780
2026-08-07 16:47:31,088 - pyskl - INFO - Epoch [9][1200/6265]	lr: 1.203e-02, eta: 20:00:28, time: 1.618, data_time: 0.000, memory: 6270, top1_acc: 0.9403, top5_acc: 0.9953, loss_cls: 0.1960, loss: 0.1960
2026-08-07 16:50:13,504 - pyskl - INFO - Epoch [9][1300/6265]	lr: 1.199e-02, eta: 19:58:15, time: 1.624, data_time: 0.000, memory: 6270, top1_acc: 0.9309, top5_acc: 0.9931, loss_cls: 0.2222, loss: 0.2222
2026-08-07 16:52:56,586 - pyskl - INFO - Epoch [9][1400/6265]	lr: 1.195e-02, eta: 19:56:02, time: 1.631, data_time: 0.000, memory: 6270, top1_acc: 0.9384, top5_acc: 0.9956, loss_cls: 0.2015, loss: 0.2015
2026-08-07 16:55:39,229 - pyskl - INFO - Epoch [9][1500/6265]	lr: 1.191e-02, eta: 19:53:50, time: 1.626, data_time: 0.000, memory: 6270, top1_acc: 0.9425, top5_acc: 0.9966, loss_cls: 0.1896, loss: 0.1896
2026-08-07 16:58:21,993 - pyskl - INFO - Epoch [9][1600/6265]	lr: 1.187e-02, eta: 19:51:37, time: 1.628, data_time: 0.000, memory: 6270, top1_acc: 0.9363, top5_acc: 0.9919, loss_cls: 0.2049, loss: 0.2049
2026-08-07 17:01:04,393 - pyskl - INFO - Epoch [9][1700/6265]	lr: 1.183e-02, eta: 19:49:23, time: 1.624, data_time: 0.000, memory: 6270, top1_acc: 0.9397, top5_acc: 0.9950, loss_cls: 0.1979, loss: 0.1979
2026-08-07 17:03:46,940 - pyskl - INFO - Epoch [9][1800/6265]	lr: 1.180e-02, eta: 19:47:10, time: 1.625, data_time: 0.000, memory: 6270, top1_acc: 0.9347, top5_acc: 0.9950, loss_cls: 0.1963, loss: 0.1963
2026-08-07 17:06:30,025 - pyskl - INFO - Epoch [9][1900/6265]	lr: 1.176e-02, eta: 19:44:57, time: 1.631, data_time: 0.000, memory: 6270, top1_acc: 0.9347, top5_acc: 0.9959, loss_cls: 0.2210, loss: 0.2210
2026-08-07 17:09:12,377 - pyskl - INFO - Epoch [9][2000/6265]	lr: 1.172e-02, eta: 19:42:44, time: 1.624, data_time: 0.000, memory: 6270, top1_acc: 0.9372, top5_acc: 0.9944, loss_cls: 0.1960, loss: 0.1960
2026-08-07 17:11:54,955 - pyskl - INFO - Epoch [9][2100/6265]	lr: 1.168e-02, eta: 19:40:30, time: 1.626, data_time: 0.000, memory: 6270, top1_acc: 0.9394, top5_acc: 0.9966, loss_cls: 0.1956, loss: 0.1956
2026-08-07 17:14:37,036 - pyskl - INFO - Epoch [9][2200/6265]	lr: 1.164e-02, eta: 19:38:16, time: 1.621, data_time: 0.000, memory: 6270, top1_acc: 0.9353, top5_acc: 0.9962, loss_cls: 0.2145, loss: 0.2145
2026-08-07 17:17:20,027 - pyskl - INFO - Epoch [9][2300/6265]	lr: 1.160e-02, eta: 19:36:02, time: 1.630, data_time: 0.000, memory: 6270, top1_acc: 0.9387, top5_acc: 0.9956, loss_cls: 0.1951, loss: 0.1951
2026-08-07 17:20:02,002 - pyskl - INFO - Epoch [9][2400/6265]	lr: 1.156e-02, eta: 19:33:48, time: 1.620, data_time: 0.000, memory: 6270, top1_acc: 0.9384, top5_acc: 0.9966, loss_cls: 0.1948, loss: 0.1948
2026-08-07 17:22:44,555 - pyskl - INFO - Epoch [9][2500/6265]	lr: 1.152e-02, eta: 19:31:34, time: 1.626, data_time: 0.000, memory: 6270, top1_acc: 0.9309, top5_acc: 0.9938, loss_cls: 0.2170, loss: 0.2170
2026-08-07 17:25:27,389 - pyskl - INFO - Epoch [9][2600/6265]	lr: 1.148e-02, eta: 19:29:20, time: 1.628, data_time: 0.000, memory: 6270, top1_acc: 0.9328, top5_acc: 0.9944, loss_cls: 0.2099, loss: 0.2099
2026-08-07 17:28:09,933 - pyskl - INFO - Epoch [9][2700/6265]	lr: 1.144e-02, eta: 19:27:06, time: 1.625, data_time: 0.000, memory: 6270, top1_acc: 0.9466, top5_acc: 0.9962, loss_cls: 0.1878, loss: 0.1878
2026-08-07 17:30:52,200 - pyskl - INFO - Epoch [9][2800/6265]	lr: 1.140e-02, eta: 19:24:51, time: 1.623, data_time: 0.000, memory: 6270, top1_acc: 0.9422, top5_acc: 0.9947, loss_cls: 0.1891, loss: 0.1891
2026-08-07 17:33:35,080 - pyskl - INFO - Epoch [9][2900/6265]	lr: 1.137e-02, eta: 19:22:37, time: 1.629, data_time: 0.000, memory: 6270, top1_acc: 0.9447, top5_acc: 0.9972, loss_cls: 0.1859, loss: 0.1859
2026-08-07 17:36:17,067 - pyskl - INFO - Epoch [9][3000/6265]	lr: 1.133e-02, eta: 19:20:22, time: 1.620, data_time: 0.000, memory: 6270, top1_acc: 0.9422, top5_acc: 0.9953, loss_cls: 0.1867, loss: 0.1867
2026-08-07 17:38:59,223 - pyskl - INFO - Epoch [9][3100/6265]	lr: 1.129e-02, eta: 19:18:07, time: 1.622, data_time: 0.000, memory: 6270, top1_acc: 0.9350, top5_acc: 0.9941, loss_cls: 0.2106, loss: 0.2106
2026-08-07 17:41:42,314 - pyskl - INFO - Epoch [9][3200/6265]	lr: 1.125e-02, eta: 19:15:53, time: 1.631, data_time: 0.000, memory: 6270, top1_acc: 0.9381, top5_acc: 0.9950, loss_cls: 0.2034, loss: 0.2034
2026-08-07 17:44:24,525 - pyskl - INFO - Epoch [9][3300/6265]	lr: 1.121e-02, eta: 19:13:37, time: 1.622, data_time: 0.000, memory: 6270, top1_acc: 0.9463, top5_acc: 0.9950, loss_cls: 0.1831, loss: 0.1831
2026-08-07 17:47:06,732 - pyskl - INFO - Epoch [9][3400/6265]	lr: 1.117e-02, eta: 19:11:22, time: 1.622, data_time: 0.000, memory: 6270, top1_acc: 0.9434, top5_acc: 0.9950, loss_cls: 0.1954, loss: 0.1954
2026-08-07 17:49:48,654 - pyskl - INFO - Epoch [9][3500/6265]	lr: 1.113e-02, eta: 19:09:06, time: 1.619, data_time: 0.000, memory: 6270, top1_acc: 0.9369, top5_acc: 0.9950, loss_cls: 0.2042, loss: 0.2042
2026-08-07 17:52:30,967 - pyskl - INFO - Epoch [9][3600/6265]	lr: 1.109e-02, eta: 19:06:51, time: 1.623, data_time: 0.000, memory: 6270, top1_acc: 0.9497, top5_acc: 0.9969, loss_cls: 0.1726, loss: 0.1726
2026-08-07 17:55:13,828 - pyskl - INFO - Epoch [9][3700/6265]	lr: 1.105e-02, eta: 19:04:36, time: 1.629, data_time: 0.000, memory: 6270, top1_acc: 0.9431, top5_acc: 0.9969, loss_cls: 0.1917, loss: 0.1917
2026-08-07 17:57:56,290 - pyskl - INFO - Epoch [9][3800/6265]	lr: 1.102e-02, eta: 19:02:20, time: 1.625, data_time: 0.000, memory: 6270, top1_acc: 0.9506, top5_acc: 0.9956, loss_cls: 0.1778, loss: 0.1778
2026-08-07 18:00:34,962 - pyskl - INFO - Epoch [9][3900/6265]	lr: 1.098e-02, eta: 19:00:02, time: 1.587, data_time: 0.000, memory: 6270, top1_acc: 0.9437, top5_acc: 0.9972, loss_cls: 0.1865, loss: 0.1865
2026-08-07 18:03:10,094 - pyskl - INFO - Epoch [9][4000/6265]	lr: 1.094e-02, eta: 18:57:40, time: 1.551, data_time: 0.000, memory: 6270, top1_acc: 0.9469, top5_acc: 0.9938, loss_cls: 0.1944, loss: 0.1944
2026-08-07 18:05:45,248 - pyskl - INFO - Epoch [9][4100/6265]	lr: 1.090e-02, eta: 18:55:18, time: 1.552, data_time: 0.000, memory: 6270, top1_acc: 0.9456, top5_acc: 0.9956, loss_cls: 0.1861, loss: 0.1861
2026-08-07 18:08:20,381 - pyskl - INFO - Epoch [9][4200/6265]	lr: 1.086e-02, eta: 18:52:56, time: 1.551, data_time: 0.000, memory: 6270, top1_acc: 0.9463, top5_acc: 0.9950, loss_cls: 0.1863, loss: 0.1863
2026-08-07 18:10:55,304 - pyskl - INFO - Epoch [9][4300/6265]	lr: 1.082e-02, eta: 18:50:34, time: 1.549, data_time: 0.000, memory: 6270, top1_acc: 0.9394, top5_acc: 0.9972, loss_cls: 0.2069, loss: 0.2069
2026-08-07 18:13:30,241 - pyskl - INFO - Epoch [9][4400/6265]	lr: 1.078e-02, eta: 18:48:11, time: 1.549, data_time: 0.000, memory: 6270, top1_acc: 0.9456, top5_acc: 0.9969, loss_cls: 0.1724, loss: 0.1724
2026-08-07 18:16:04,487 - pyskl - INFO - Epoch [9][4500/6265]	lr: 1.074e-02, eta: 18:45:48, time: 1.542, data_time: 0.000, memory: 6270, top1_acc: 0.9375, top5_acc: 0.9966, loss_cls: 0.1951, loss: 0.1951
2026-08-07 18:18:38,657 - pyskl - INFO - Epoch [9][4600/6265]	lr: 1.070e-02, eta: 18:43:25, time: 1.542, data_time: 0.000, memory: 6270, top1_acc: 0.9422, top5_acc: 0.9978, loss_cls: 0.1888, loss: 0.1888
2026-08-07 18:21:13,966 - pyskl - INFO - Epoch [9][4700/6265]	lr: 1.067e-02, eta: 18:41:03, time: 1.553, data_time: 0.000, memory: 6270, top1_acc: 0.9372, top5_acc: 0.9950, loss_cls: 0.1987, loss: 0.1987
2026-08-07 18:23:47,997 - pyskl - INFO - Epoch [9][4800/6265]	lr: 1.063e-02, eta: 18:38:40, time: 1.540, data_time: 0.000, memory: 6270, top1_acc: 0.9481, top5_acc: 0.9953, loss_cls: 0.1849, loss: 0.1849
2026-08-07 18:26:22,340 - pyskl - INFO - Epoch [9][4900/6265]	lr: 1.059e-02, eta: 18:36:17, time: 1.543, data_time: 0.000, memory: 6270, top1_acc: 0.9459, top5_acc: 0.9978, loss_cls: 0.1777, loss: 0.1777
2026-08-07 18:28:57,405 - pyskl - INFO - Epoch [9][5000/6265]	lr: 1.055e-02, eta: 18:33:55, time: 1.551, data_time: 0.000, memory: 6270, top1_acc: 0.9447, top5_acc: 0.9956, loss_cls: 0.1911, loss: 0.1911
2026-08-07 18:31:31,937 - pyskl - INFO - Epoch [9][5100/6265]	lr: 1.051e-02, eta: 18:31:32, time: 1.545, data_time: 0.000, memory: 6270, top1_acc: 0.9575, top5_acc: 0.9969, loss_cls: 0.1613, loss: 0.1613
2026-08-07 18:34:06,967 - pyskl - INFO - Epoch [9][5200/6265]	lr: 1.047e-02, eta: 18:29:09, time: 1.550, data_time: 0.000, memory: 6270, top1_acc: 0.9484, top5_acc: 0.9962, loss_cls: 0.1782, loss: 0.1782
2026-08-07 18:36:41,282 - pyskl - INFO - Epoch [9][5300/6265]	lr: 1.043e-02, eta: 18:26:46, time: 1.543, data_time: 0.000, memory: 6270, top1_acc: 0.9466, top5_acc: 0.9941, loss_cls: 0.1851, loss: 0.1851
2026-08-07 18:39:16,048 - pyskl - INFO - Epoch [9][5400/6265]	lr: 1.039e-02, eta: 18:24:23, time: 1.548, data_time: 0.000, memory: 6270, top1_acc: 0.9387, top5_acc: 0.9959, loss_cls: 0.1907, loss: 0.1907
2026-08-07 18:41:51,226 - pyskl - INFO - Epoch [9][5500/6265]	lr: 1.036e-02, eta: 18:22:01, time: 1.552, data_time: 0.000, memory: 6270, top1_acc: 0.9391, top5_acc: 0.9975, loss_cls: 0.1948, loss: 0.1948
2026-08-07 18:44:26,608 - pyskl - INFO - Epoch [9][5600/6265]	lr: 1.032e-02, eta: 18:19:38, time: 1.554, data_time: 0.000, memory: 6270, top1_acc: 0.9487, top5_acc: 0.9966, loss_cls: 0.1681, loss: 0.1681
2026-08-07 18:47:01,262 - pyskl - INFO - Epoch [9][5700/6265]	lr: 1.028e-02, eta: 18:17:15, time: 1.547, data_time: 0.000, memory: 6270, top1_acc: 0.9459, top5_acc: 0.9953, loss_cls: 0.1771, loss: 0.1771
2026-08-07 18:49:36,461 - pyskl - INFO - Epoch [9][5800/6265]	lr: 1.024e-02, eta: 18:14:53, time: 1.552, data_time: 0.000, memory: 6270, top1_acc: 0.9478, top5_acc: 0.9962, loss_cls: 0.1737, loss: 0.1737
2026-08-07 18:52:12,142 - pyskl - INFO - Epoch [9][5900/6265]	lr: 1.020e-02, eta: 18:12:30, time: 1.557, data_time: 0.000, memory: 6270, top1_acc: 0.9466, top5_acc: 0.9966, loss_cls: 0.1790, loss: 0.1790
2026-08-07 18:54:48,190 - pyskl - INFO - Epoch [9][6000/6265]	lr: 1.016e-02, eta: 18:10:08, time: 1.560, data_time: 0.000, memory: 6270, top1_acc: 0.9416, top5_acc: 0.9959, loss_cls: 0.1858, loss: 0.1858
2026-08-07 18:57:23,203 - pyskl - INFO - Epoch [9][6100/6265]	lr: 1.013e-02, eta: 18:07:45, time: 1.550, data_time: 0.000, memory: 6270, top1_acc: 0.9534, top5_acc: 0.9969, loss_cls: 0.1572, loss: 0.1572
2026-08-07 18:59:58,135 - pyskl - INFO - Epoch [9][6200/6265]	lr: 1.009e-02, eta: 18:05:22, time: 1.549, data_time: 0.000, memory: 6270, top1_acc: 0.9437, top5_acc: 0.9956, loss_cls: 0.1880, loss: 0.1880
2026-08-07 19:01:37,798 - pyskl - INFO - Saving checkpoint at 9 epochs
2026-08-07 19:13:54,388 - pyskl - INFO - Evaluating top_k_accuracy ...
2026-08-07 19:13:54,427 - pyskl - INFO - 
top1_acc	0.8537
top5_acc	0.9743
2026-08-07 19:13:54,430 - pyskl - INFO - The previous best checkpoint D:\YxjProject\pythonProject\pyskl\work_dirs\ctrgcn\ctrgcn_pyskl_ntu60_xsub_3dkp\j_single_gpu\best_top1_acc_epoch_7.pth was removed
2026-08-07 19:13:54,515 - pyskl - INFO - Now best checkpoint is saved as best_top1_acc_epoch_9.pth.
2026-08-07 19:13:54,515 - pyskl - INFO - Best top1_acc is 0.8537 at 9 epoch.
2026-08-07 19:13:54,516 - pyskl - INFO - Epoch(val) [9][516]	top1_acc: 0.8537, top5_acc: 0.9743
2026-08-07 19:16:41,214 - pyskl - INFO - Epoch [10][100/6265]	lr: 1.002e-02, eta: 18:00:17, time: 1.667, data_time: 0.118, memory: 6270, top1_acc: 0.9450, top5_acc: 0.9966, loss_cls: 0.1867, loss: 0.1867
2026-08-07 19:19:15,579 - pyskl - INFO - Epoch [10][200/6265]	lr: 9.985e-03, eta: 17:57:54, time: 1.544, data_time: 0.000, memory: 6270, top1_acc: 0.9547, top5_acc: 0.9988, loss_cls: 0.1602, loss: 0.1602
2026-08-07 19:21:50,095 - pyskl - INFO - Epoch [10][300/6265]	lr: 9.947e-03, eta: 17:55:30, time: 1.545, data_time: 0.000, memory: 6270, top1_acc: 0.9581, top5_acc: 0.9972, loss_cls: 0.1423, loss: 0.1423
2026-08-07 19:24:24,482 - pyskl - INFO - Epoch [10][400/6265]	lr: 9.908e-03, eta: 17:53:07, time: 1.544, data_time: 0.000, memory: 6270, top1_acc: 0.9525, top5_acc: 0.9984, loss_cls: 0.1608, loss: 0.1608
2026-08-07 19:26:59,300 - pyskl - INFO - Epoch [10][500/6265]	lr: 9.870e-03, eta: 17:50:44, time: 1.548, data_time: 0.000, memory: 6270, top1_acc: 0.9437, top5_acc: 0.9956, loss_cls: 0.1707, loss: 0.1707
2026-08-07 19:29:34,221 - pyskl - INFO - Epoch [10][600/6265]	lr: 9.832e-03, eta: 17:48:21, time: 1.549, data_time: 0.000, memory: 6270, top1_acc: 0.9472, top5_acc: 0.9969, loss_cls: 0.1629, loss: 0.1629
2026-08-07 19:32:09,089 - pyskl - INFO - Epoch [10][700/6265]	lr: 9.793e-03, eta: 17:45:58, time: 1.549, data_time: 0.000, memory: 6270, top1_acc: 0.9503, top5_acc: 0.9981, loss_cls: 0.1688, loss: 0.1688
2026-08-07 19:34:43,859 - pyskl - INFO - Epoch [10][800/6265]	lr: 9.755e-03, eta: 17:43:34, time: 1.548, data_time: 0.000, memory: 6270, top1_acc: 0.9547, top5_acc: 0.9978, loss_cls: 0.1544, loss: 0.1544
2026-08-07 19:37:18,418 - pyskl - INFO - Epoch [10][900/6265]	lr: 9.717e-03, eta: 17:41:11, time: 1.546, data_time: 0.000, memory: 6270, top1_acc: 0.9556, top5_acc: 0.9975, loss_cls: 0.1543, loss: 0.1543
2026-08-07 19:39:53,276 - pyskl - INFO - Epoch [10][1000/6265]	lr: 9.679e-03, eta: 17:38:48, time: 1.549, data_time: 0.000, memory: 6270, top1_acc: 0.9575, top5_acc: 0.9988, loss_cls: 0.1409, loss: 0.1409
2026-08-07 19:42:28,424 - pyskl - INFO - Epoch [10][1100/6265]	lr: 9.641e-03, eta: 17:36:25, time: 1.551, data_time: 0.000, memory: 6270, top1_acc: 0.9522, top5_acc: 0.9975, loss_cls: 0.1549, loss: 0.1549
2026-08-07 19:45:03,609 - pyskl - INFO - Epoch [10][1200/6265]	lr: 9.603e-03, eta: 17:34:01, time: 1.552, data_time: 0.000, memory: 6270, top1_acc: 0.9569, top5_acc: 0.9969, loss_cls: 0.1540, loss: 0.1540
2026-08-07 19:47:37,052 - pyskl - INFO - Epoch [10][1300/6265]	lr: 9.564e-03, eta: 17:31:37, time: 1.534, data_time: 0.000, memory: 6270, top1_acc: 0.9537, top5_acc: 0.9972, loss_cls: 0.1547, loss: 0.1547
2026-08-07 19:50:10,938 - pyskl - INFO - Epoch [10][1400/6265]	lr: 9.526e-03, eta: 17:29:13, time: 1.539, data_time: 0.000, memory: 6270, top1_acc: 0.9544, top5_acc: 0.9972, loss_cls: 0.1517, loss: 0.1517
2026-08-07 19:52:45,937 - pyskl - INFO - Epoch [10][1500/6265]	lr: 9.488e-03, eta: 17:26:50, time: 1.550, data_time: 0.000, memory: 6270, top1_acc: 0.9572, top5_acc: 0.9969, loss_cls: 0.1463, loss: 0.1463
2026-08-07 19:55:21,392 - pyskl - INFO - Epoch [10][1600/6265]	lr: 9.450e-03, eta: 17:24:26, time: 1.555, data_time: 0.000, memory: 6270, top1_acc: 0.9609, top5_acc: 0.9975, loss_cls: 0.1369, loss: 0.1369
2026-08-07 19:57:55,785 - pyskl - INFO - Epoch [10][1700/6265]	lr: 9.412e-03, eta: 17:22:03, time: 1.544, data_time: 0.000, memory: 6270, top1_acc: 0.9494, top5_acc: 0.9953, loss_cls: 0.1707, loss: 0.1707
2026-08-07 20:00:30,927 - pyskl - INFO - Epoch [10][1800/6265]	lr: 9.374e-03, eta: 17:19:39, time: 1.551, data_time: 0.000, memory: 6270, top1_acc: 0.9537, top5_acc: 0.9962, loss_cls: 0.1607, loss: 0.1607
2026-08-07 20:03:05,800 - pyskl - INFO - Epoch [10][1900/6265]	lr: 9.336e-03, eta: 17:17:16, time: 1.549, data_time: 0.000, memory: 6270, top1_acc: 0.9428, top5_acc: 0.9950, loss_cls: 0.1807, loss: 0.1807
2026-08-07 20:05:40,354 - pyskl - INFO - Epoch [10][2000/6265]	lr: 9.299e-03, eta: 17:14:52, time: 1.546, data_time: 0.000, memory: 6270, top1_acc: 0.9550, top5_acc: 0.9984, loss_cls: 0.1452, loss: 0.1452
2026-08-07 20:08:14,220 - pyskl - INFO - Epoch [10][2100/6265]	lr: 9.261e-03, eta: 17:12:27, time: 1.539, data_time: 0.000, memory: 6270, top1_acc: 0.9575, top5_acc: 0.9984, loss_cls: 0.1396, loss: 0.1396
2026-08-07 20:10:48,796 - pyskl - INFO - Epoch [10][2200/6265]	lr: 9.223e-03, eta: 17:10:03, time: 1.546, data_time: 0.000, memory: 6270, top1_acc: 0.9559, top5_acc: 0.9978, loss_cls: 0.1496, loss: 0.1496
2026-08-07 20:13:24,144 - pyskl - INFO - Epoch [10][2300/6265]	lr: 9.185e-03, eta: 17:07:40, time: 1.553, data_time: 0.000, memory: 6270, top1_acc: 0.9581, top5_acc: 0.9962, loss_cls: 0.1471, loss: 0.1471
2026-08-07 20:15:58,327 - pyskl - INFO - Epoch [10][2400/6265]	lr: 9.147e-03, eta: 17:05:16, time: 1.542, data_time: 0.000, memory: 6270, top1_acc: 0.9600, top5_acc: 0.9969, loss_cls: 0.1433, loss: 0.1433
2026-08-07 20:18:32,879 - pyskl - INFO - Epoch [10][2500/6265]	lr: 9.110e-03, eta: 17:02:52, time: 1.546, data_time: 0.000, memory: 6270, top1_acc: 0.9531, top5_acc: 0.9981, loss_cls: 0.1571, loss: 0.1571
2026-08-07 20:21:07,932 - pyskl - INFO - Epoch [10][2600/6265]	lr: 9.072e-03, eta: 17:00:28, time: 1.551, data_time: 0.000, memory: 6270, top1_acc: 0.9578, top5_acc: 0.9978, loss_cls: 0.1476, loss: 0.1476
2026-08-07 20:23:42,868 - pyskl - INFO - Epoch [10][2700/6265]	lr: 9.034e-03, eta: 16:58:04, time: 1.549, data_time: 0.000, memory: 6270, top1_acc: 0.9553, top5_acc: 0.9975, loss_cls: 0.1519, loss: 0.1519
2026-08-07 20:26:17,983 - pyskl - INFO - Epoch [10][2800/6265]	lr: 8.997e-03, eta: 16:55:40, time: 1.551, data_time: 0.000, memory: 6270, top1_acc: 0.9606, top5_acc: 0.9981, loss_cls: 0.1323, loss: 0.1323
2026-08-07 20:28:53,022 - pyskl - INFO - Epoch [10][2900/6265]	lr: 8.959e-03, eta: 16:53:16, time: 1.550, data_time: 0.000, memory: 6270, top1_acc: 0.9563, top5_acc: 0.9984, loss_cls: 0.1393, loss: 0.1393
2026-08-07 20:31:28,337 - pyskl - INFO - Epoch [10][3000/6265]	lr: 8.922e-03, eta: 16:50:53, time: 1.553, data_time: 0.000, memory: 6270, top1_acc: 0.9553, top5_acc: 0.9969, loss_cls: 0.1476, loss: 0.1476
2026-08-07 20:34:02,152 - pyskl - INFO - Epoch [10][3100/6265]	lr: 8.884e-03, eta: 16:48:28, time: 1.538, data_time: 0.000, memory: 6270, top1_acc: 0.9628, top5_acc: 0.9969, loss_cls: 0.1428, loss: 0.1428
2026-08-07 20:36:36,859 - pyskl - INFO - Epoch [10][3200/6265]	lr: 8.847e-03, eta: 16:46:04, time: 1.547, data_time: 0.000, memory: 6270, top1_acc: 0.9516, top5_acc: 0.9972, loss_cls: 0.1623, loss: 0.1623
2026-08-07 20:39:11,551 - pyskl - INFO - Epoch [10][3300/6265]	lr: 8.809e-03, eta: 16:43:39, time: 1.547, data_time: 0.000, memory: 6270, top1_acc: 0.9575, top5_acc: 0.9978, loss_cls: 0.1383, loss: 0.1383
2026-08-07 20:41:46,165 - pyskl - INFO - Epoch [10][3400/6265]	lr: 8.772e-03, eta: 16:41:15, time: 1.546, data_time: 0.000, memory: 6270, top1_acc: 0.9572, top5_acc: 0.9981, loss_cls: 0.1466, loss: 0.1466
2026-08-07 20:44:20,663 - pyskl - INFO - Epoch [10][3500/6265]	lr: 8.734e-03, eta: 16:38:50, time: 1.545, data_time: 0.000, memory: 6270, top1_acc: 0.9613, top5_acc: 0.9984, loss_cls: 0.1374, loss: 0.1374
2026-08-07 20:46:55,098 - pyskl - INFO - Epoch [10][3600/6265]	lr: 8.697e-03, eta: 16:36:26, time: 1.544, data_time: 0.000, memory: 6270, top1_acc: 0.9550, top5_acc: 0.9966, loss_cls: 0.1498, loss: 0.1498
2026-08-07 20:49:28,812 - pyskl - INFO - Epoch [10][3700/6265]	lr: 8.660e-03, eta: 16:34:01, time: 1.537, data_time: 0.000, memory: 6270, top1_acc: 0.9575, top5_acc: 0.9981, loss_cls: 0.1438, loss: 0.1438
2026-08-07 20:52:03,359 - pyskl - INFO - Epoch [10][3800/6265]	lr: 8.622e-03, eta: 16:31:36, time: 1.545, data_time: 0.000, memory: 6270, top1_acc: 0.9634, top5_acc: 0.9988, loss_cls: 0.1237, loss: 0.1237
2026-08-07 20:54:38,457 - pyskl - INFO - Epoch [10][3900/6265]	lr: 8.585e-03, eta: 16:29:12, time: 1.551, data_time: 0.000, memory: 6270, top1_acc: 0.9584, top5_acc: 0.9984, loss_cls: 0.1370, loss: 0.1370
2026-08-07 20:57:13,757 - pyskl - INFO - Epoch [10][4000/6265]	lr: 8.548e-03, eta: 16:26:48, time: 1.553, data_time: 0.000, memory: 6270, top1_acc: 0.9581, top5_acc: 0.9972, loss_cls: 0.1451, loss: 0.1451
2026-08-07 20:59:48,458 - pyskl - INFO - Epoch [10][4100/6265]	lr: 8.511e-03, eta: 16:24:24, time: 1.547, data_time: 0.000, memory: 6270, top1_acc: 0.9609, top5_acc: 0.9984, loss_cls: 0.1427, loss: 0.1427
2026-08-07 21:02:22,940 - pyskl - INFO - Epoch [10][4200/6265]	lr: 8.474e-03, eta: 16:21:59, time: 1.545, data_time: 0.000, memory: 6270, top1_acc: 0.9591, top5_acc: 0.9988, loss_cls: 0.1429, loss: 0.1429
2026-08-07 21:04:58,003 - pyskl - INFO - Epoch [10][4300/6265]	lr: 8.437e-03, eta: 16:19:34, time: 1.551, data_time: 0.000, memory: 6270, top1_acc: 0.9553, top5_acc: 0.9997, loss_cls: 0.1442, loss: 0.1442
2026-08-07 21:07:31,887 - pyskl - INFO - Epoch [10][4400/6265]	lr: 8.400e-03, eta: 16:17:09, time: 1.539, data_time: 0.000, memory: 6270, top1_acc: 0.9591, top5_acc: 0.9972, loss_cls: 0.1414, loss: 0.1414
2026-08-07 21:10:06,433 - pyskl - INFO - Epoch [10][4500/6265]	lr: 8.363e-03, eta: 16:14:45, time: 1.545, data_time: 0.000, memory: 6270, top1_acc: 0.9606, top5_acc: 0.9991, loss_cls: 0.1302, loss: 0.1302
2026-08-07 21:12:40,664 - pyskl - INFO - Epoch [10][4600/6265]	lr: 8.326e-03, eta: 16:12:20, time: 1.542, data_time: 0.000, memory: 6270, top1_acc: 0.9581, top5_acc: 0.9988, loss_cls: 0.1344, loss: 0.1344
2026-08-07 21:15:15,472 - pyskl - INFO - Epoch [10][4700/6265]	lr: 8.289e-03, eta: 16:09:55, time: 1.548, data_time: 0.000, memory: 6270, top1_acc: 0.9634, top5_acc: 0.9988, loss_cls: 0.1279, loss: 0.1279
2026-08-07 21:17:50,432 - pyskl - INFO - Epoch [10][4800/6265]	lr: 8.252e-03, eta: 16:07:30, time: 1.550, data_time: 0.000, memory: 6270, top1_acc: 0.9541, top5_acc: 0.9988, loss_cls: 0.1445, loss: 0.1445
2026-08-07 21:20:25,331 - pyskl - INFO - Epoch [10][4900/6265]	lr: 8.215e-03, eta: 16:05:06, time: 1.549, data_time: 0.000, memory: 6270, top1_acc: 0.9669, top5_acc: 0.9981, loss_cls: 0.1240, loss: 0.1240
2026-08-07 21:22:59,997 - pyskl - INFO - Epoch [10][5000/6265]	lr: 8.178e-03, eta: 16:02:41, time: 1.547, data_time: 0.000, memory: 6270, top1_acc: 0.9584, top5_acc: 0.9978, loss_cls: 0.1349, loss: 0.1349
2026-08-07 21:25:34,838 - pyskl - INFO - Epoch [10][5100/6265]	lr: 8.142e-03, eta: 16:00:16, time: 1.548, data_time: 0.000, memory: 6270, top1_acc: 0.9566, top5_acc: 0.9972, loss_cls: 0.1360, loss: 0.1360
2026-08-07 21:28:09,594 - pyskl - INFO - Epoch [10][5200/6265]	lr: 8.105e-03, eta: 15:57:51, time: 1.548, data_time: 0.000, memory: 6270, top1_acc: 0.9656, top5_acc: 0.9984, loss_cls: 0.1199, loss: 0.1199
2026-08-07 21:30:44,871 - pyskl - INFO - Epoch [10][5300/6265]	lr: 8.068e-03, eta: 15:55:27, time: 1.553, data_time: 0.000, memory: 6270, top1_acc: 0.9606, top5_acc: 0.9981, loss_cls: 0.1313, loss: 0.1313
2026-08-07 21:33:20,065 - pyskl - INFO - Epoch [10][5400/6265]	lr: 8.032e-03, eta: 15:53:02, time: 1.552, data_time: 0.000, memory: 6270, top1_acc: 0.9650, top5_acc: 0.9988, loss_cls: 0.1203, loss: 0.1203
2026-08-07 21:35:54,489 - pyskl - INFO - Epoch [10][5500/6265]	lr: 7.995e-03, eta: 15:50:37, time: 1.544, data_time: 0.000, memory: 6270, top1_acc: 0.9631, top5_acc: 0.9991, loss_cls: 0.1258, loss: 0.1258
2026-08-07 21:38:29,054 - pyskl - INFO - Epoch [10][5600/6265]	lr: 7.959e-03, eta: 15:48:12, time: 1.546, data_time: 0.000, memory: 6270, top1_acc: 0.9587, top5_acc: 0.9975, loss_cls: 0.1418, loss: 0.1418
2026-08-07 21:41:04,070 - pyskl - INFO - Epoch [10][5700/6265]	lr: 7.922e-03, eta: 15:45:47, time: 1.550, data_time: 0.000, memory: 6270, top1_acc: 0.9609, top5_acc: 0.9988, loss_cls: 0.1315, loss: 0.1315
2026-08-07 21:43:38,985 - pyskl - INFO - Epoch [10][5800/6265]	lr: 7.886e-03, eta: 15:43:22, time: 1.549, data_time: 0.000, memory: 6270, top1_acc: 0.9591, top5_acc: 0.9994, loss_cls: 0.1339, loss: 0.1339
2026-08-07 21:46:13,503 - pyskl - INFO - Epoch [10][5900/6265]	lr: 7.849e-03, eta: 15:40:57, time: 1.545, data_time: 0.000, memory: 6270, top1_acc: 0.9644, top5_acc: 0.9975, loss_cls: 0.1201, loss: 0.1201
2026-08-07 21:48:48,734 - pyskl - INFO - Epoch [10][6000/6265]	lr: 7.813e-03, eta: 15:38:32, time: 1.552, data_time: 0.000, memory: 6270, top1_acc: 0.9738, top5_acc: 0.9981, loss_cls: 0.1026, loss: 0.1026
2026-08-07 21:51:23,429 - pyskl - INFO - Epoch [10][6100/6265]	lr: 7.777e-03, eta: 15:36:07, time: 1.547, data_time: 0.000, memory: 6270, top1_acc: 0.9609, top5_acc: 0.9978, loss_cls: 0.1414, loss: 0.1414
2026-08-07 21:53:58,380 - pyskl - INFO - Epoch [10][6200/6265]	lr: 7.740e-03, eta: 15:33:42, time: 1.550, data_time: 0.000, memory: 6270, top1_acc: 0.9637, top5_acc: 0.9984, loss_cls: 0.1211, loss: 0.1211
2026-08-07 21:55:38,086 - pyskl - INFO - Saving checkpoint at 10 epochs
2026-08-07 22:07:43,576 - pyskl - INFO - Evaluating top_k_accuracy ...
2026-08-07 22:07:43,616 - pyskl - INFO - 
top1_acc	0.8700
top5_acc	0.9768
2026-08-07 22:07:43,617 - pyskl - INFO - The previous best checkpoint D:\YxjProject\pythonProject\pyskl\work_dirs\ctrgcn\ctrgcn_pyskl_ntu60_xsub_3dkp\j_single_gpu\best_top1_acc_epoch_9.pth was removed
2026-08-07 22:07:43,702 - pyskl - INFO - Now best checkpoint is saved as best_top1_acc_epoch_10.pth.
2026-08-07 22:07:43,702 - pyskl - INFO - Best top1_acc is 0.8700 at 10 epoch.
2026-08-07 22:07:43,703 - pyskl - INFO - Epoch(val) [10][516]	top1_acc: 0.8700, top5_acc: 0.9768
2026-08-07 22:10:29,892 - pyskl - INFO - Epoch [11][100/6265]	lr: 7.681e-03, eta: 15:28:49, time: 1.662, data_time: 0.118, memory: 6270, top1_acc: 0.9631, top5_acc: 0.9991, loss_cls: 0.1289, loss: 0.1289
2026-08-07 22:13:04,109 - pyskl - INFO - Epoch [11][200/6265]	lr: 7.645e-03, eta: 15:26:24, time: 1.542, data_time: 0.000, memory: 6270, top1_acc: 0.9672, top5_acc: 0.9984, loss_cls: 0.1158, loss: 0.1158
2026-08-07 22:15:38,727 - pyskl - INFO - Epoch [11][300/6265]	lr: 7.608e-03, eta: 15:23:58, time: 1.546, data_time: 0.000, memory: 6270, top1_acc: 0.9700, top5_acc: 1.0000, loss_cls: 0.1013, loss: 0.1013
2026-08-07 22:18:13,840 - pyskl - INFO - Epoch [11][400/6265]	lr: 7.572e-03, eta: 15:21:34, time: 1.551, data_time: 0.000, memory: 6270, top1_acc: 0.9734, top5_acc: 0.9991, loss_cls: 0.0946, loss: 0.0946
2026-08-07 22:20:48,615 - pyskl - INFO - Epoch [11][500/6265]	lr: 7.536e-03, eta: 15:19:08, time: 1.548, data_time: 0.000, memory: 6270, top1_acc: 0.9656, top5_acc: 0.9988, loss_cls: 0.1166, loss: 0.1166
2026-08-07 22:23:23,352 - pyskl - INFO - Epoch [11][600/6265]	lr: 7.501e-03, eta: 15:16:43, time: 1.547, data_time: 0.000, memory: 6270, top1_acc: 0.9734, top5_acc: 0.9981, loss_cls: 0.1056, loss: 0.1056
2026-08-07 22:25:58,653 - pyskl - INFO - Epoch [11][700/6265]	lr: 7.465e-03, eta: 15:14:18, time: 1.553, data_time: 0.000, memory: 6270, top1_acc: 0.9722, top5_acc: 0.9981, loss_cls: 0.0982, loss: 0.0982
2026-08-07 22:28:33,579 - pyskl - INFO - Epoch [11][800/6265]	lr: 7.429e-03, eta: 15:11:53, time: 1.549, data_time: 0.000, memory: 6270, top1_acc: 0.9703, top5_acc: 0.9991, loss_cls: 0.1081, loss: 0.1081
2026-08-07 22:31:08,247 - pyskl - INFO - Epoch [11][900/6265]	lr: 7.393e-03, eta: 15:09:28, time: 1.547, data_time: 0.000, memory: 6270, top1_acc: 0.9712, top5_acc: 0.9994, loss_cls: 0.1055, loss: 0.1055
2026-08-07 22:33:43,204 - pyskl - INFO - Epoch [11][1000/6265]	lr: 7.357e-03, eta: 15:07:03, time: 1.550, data_time: 0.000, memory: 6270, top1_acc: 0.9694, top5_acc: 0.9991, loss_cls: 0.1089, loss: 0.1089
2026-08-07 22:36:17,882 - pyskl - INFO - Epoch [11][1100/6265]	lr: 7.322e-03, eta: 15:04:38, time: 1.547, data_time: 0.000, memory: 6270, top1_acc: 0.9731, top5_acc: 0.9984, loss_cls: 0.0947, loss: 0.0947
2026-08-07 22:38:52,765 - pyskl - INFO - Epoch [11][1200/6265]	lr: 7.286e-03, eta: 15:02:12, time: 1.549, data_time: 0.000, memory: 6270, top1_acc: 0.9712, top5_acc: 0.9991, loss_cls: 0.1050, loss: 0.1050
2026-08-07 22:41:27,817 - pyskl - INFO - Epoch [11][1300/6265]	lr: 7.250e-03, eta: 14:59:47, time: 1.551, data_time: 0.000, memory: 6270, top1_acc: 0.9716, top5_acc: 0.9988, loss_cls: 0.0950, loss: 0.0950
2026-08-07 22:44:02,047 - pyskl - INFO - Epoch [11][1400/6265]	lr: 7.215e-03, eta: 14:57:21, time: 1.542, data_time: 0.000, memory: 6270, top1_acc: 0.9703, top5_acc: 0.9997, loss_cls: 0.0987, loss: 0.0987
2026-08-07 22:46:36,786 - pyskl - INFO - Epoch [11][1500/6265]	lr: 7.179e-03, eta: 14:54:56, time: 1.547, data_time: 0.000, memory: 6270, top1_acc: 0.9741, top5_acc: 0.9991, loss_cls: 0.0920, loss: 0.0920
2026-08-07 22:49:12,511 - pyskl - INFO - Epoch [11][1600/6265]	lr: 7.144e-03, eta: 14:52:31, time: 1.557, data_time: 0.000, memory: 6270, top1_acc: 0.9712, top5_acc: 0.9994, loss_cls: 0.0984, loss: 0.0984
2026-08-07 22:51:48,233 - pyskl - INFO - Epoch [11][1700/6265]	lr: 7.109e-03, eta: 14:50:06, time: 1.557, data_time: 0.000, memory: 6270, top1_acc: 0.9734, top5_acc: 0.9988, loss_cls: 0.0991, loss: 0.0991
2026-08-07 22:54:22,032 - pyskl - INFO - Epoch [11][1800/6265]	lr: 7.073e-03, eta: 14:47:40, time: 1.538, data_time: 0.000, memory: 6270, top1_acc: 0.9788, top5_acc: 0.9994, loss_cls: 0.0880, loss: 0.0880
2026-08-07 22:56:56,783 - pyskl - INFO - Epoch [11][1900/6265]	lr: 7.038e-03, eta: 14:45:15, time: 1.548, data_time: 0.000, memory: 6270, top1_acc: 0.9719, top5_acc: 0.9994, loss_cls: 0.1054, loss: 0.1054
2026-08-07 22:59:31,234 - pyskl - INFO - Epoch [11][2000/6265]	lr: 7.003e-03, eta: 14:42:49, time: 1.544, data_time: 0.000, memory: 6270, top1_acc: 0.9753, top5_acc: 0.9994, loss_cls: 0.0868, loss: 0.0868
2026-08-07 23:02:05,970 - pyskl - INFO - Epoch [11][2100/6265]	lr: 6.968e-03, eta: 14:40:23, time: 1.547, data_time: 0.000, memory: 6270, top1_acc: 0.9728, top5_acc: 0.9994, loss_cls: 0.0974, loss: 0.0974
2026-08-07 23:04:40,827 - pyskl - INFO - Epoch [11][2200/6265]	lr: 6.933e-03, eta: 14:37:58, time: 1.549, data_time: 0.000, memory: 6270, top1_acc: 0.9734, top5_acc: 0.9972, loss_cls: 0.0994, loss: 0.0994
2026-08-07 23:07:16,045 - pyskl - INFO - Epoch [11][2300/6265]	lr: 6.897e-03, eta: 14:35:32, time: 1.552, data_time: 0.000, memory: 6270, top1_acc: 0.9669, top5_acc: 0.9969, loss_cls: 0.1097, loss: 0.1097
2026-08-07 23:09:50,244 - pyskl - INFO - Epoch [11][2400/6265]	lr: 6.862e-03, eta: 14:33:06, time: 1.542, data_time: 0.000, memory: 6270, top1_acc: 0.9719, top5_acc: 0.9981, loss_cls: 0.1048, loss: 0.1048
2026-08-07 23:12:25,474 - pyskl - INFO - Epoch [11][2500/6265]	lr: 6.828e-03, eta: 14:30:41, time: 1.552, data_time: 0.000, memory: 6270, top1_acc: 0.9728, top5_acc: 0.9991, loss_cls: 0.0917, loss: 0.0917
2026-08-07 23:14:59,645 - pyskl - INFO - Epoch [11][2600/6265]	lr: 6.793e-03, eta: 14:28:15, time: 1.542, data_time: 0.000, memory: 6270, top1_acc: 0.9772, top5_acc: 0.9991, loss_cls: 0.0860, loss: 0.0860
2026-08-07 23:17:34,099 - pyskl - INFO - Epoch [11][2700/6265]	lr: 6.758e-03, eta: 14:25:49, time: 1.545, data_time: 0.000, memory: 6270, top1_acc: 0.9750, top5_acc: 0.9988, loss_cls: 0.0918, loss: 0.0918
2026-08-07 23:20:07,937 - pyskl - INFO - Epoch [11][2800/6265]	lr: 6.723e-03, eta: 14:23:23, time: 1.538, data_time: 0.000, memory: 6270, top1_acc: 0.9716, top5_acc: 0.9981, loss_cls: 0.1021, loss: 0.1021
2026-08-07 23:22:42,400 - pyskl - INFO - Epoch [11][2900/6265]	lr: 6.688e-03, eta: 14:20:57, time: 1.545, data_time: 0.000, memory: 6270, top1_acc: 0.9684, top5_acc: 0.9984, loss_cls: 0.1090, loss: 0.1090
2026-08-07 23:25:17,670 - pyskl - INFO - Epoch [11][3000/6265]	lr: 6.654e-03, eta: 14:18:31, time: 1.553, data_time: 0.000, memory: 6270, top1_acc: 0.9709, top5_acc: 0.9991, loss_cls: 0.1066, loss: 0.1066
2026-08-07 23:27:52,506 - pyskl - INFO - Epoch [11][3100/6265]	lr: 6.619e-03, eta: 14:16:05, time: 1.548, data_time: 0.000, memory: 6270, top1_acc: 0.9741, top5_acc: 0.9994, loss_cls: 0.0950, loss: 0.0950
2026-08-07 23:30:27,557 - pyskl - INFO - Epoch [11][3200/6265]	lr: 6.585e-03, eta: 14:13:40, time: 1.550, data_time: 0.000, memory: 6270, top1_acc: 0.9762, top5_acc: 0.9984, loss_cls: 0.0916, loss: 0.0916
2026-08-07 23:33:02,475 - pyskl - INFO - Epoch [11][3300/6265]	lr: 6.550e-03, eta: 14:11:14, time: 1.549, data_time: 0.000, memory: 6270, top1_acc: 0.9675, top5_acc: 0.9981, loss_cls: 0.1047, loss: 0.1047
2026-08-07 23:35:36,972 - pyskl - INFO - Epoch [11][3400/6265]	lr: 6.516e-03, eta: 14:08:48, time: 1.545, data_time: 0.000, memory: 6270, top1_acc: 0.9722, top5_acc: 0.9991, loss_cls: 0.1047, loss: 0.1047
2026-08-07 23:38:11,248 - pyskl - INFO - Epoch [11][3500/6265]	lr: 6.481e-03, eta: 14:06:22, time: 1.543, data_time: 0.000, memory: 6270, top1_acc: 0.9744, top5_acc: 0.9997, loss_cls: 0.0905, loss: 0.0905
2026-08-07 23:40:46,006 - pyskl - INFO - Epoch [11][3600/6265]	lr: 6.447e-03, eta: 14:03:56, time: 1.548, data_time: 0.000, memory: 6270, top1_acc: 0.9709, top5_acc: 0.9997, loss_cls: 0.0960, loss: 0.0960
2026-08-07 23:43:19,918 - pyskl - INFO - Epoch [11][3700/6265]	lr: 6.413e-03, eta: 14:01:29, time: 1.539, data_time: 0.000, memory: 6270, top1_acc: 0.9719, top5_acc: 0.9994, loss_cls: 0.1111, loss: 0.1111
2026-08-07 23:45:54,751 - pyskl - INFO - Epoch [11][3800/6265]	lr: 6.379e-03, eta: 13:59:03, time: 1.548, data_time: 0.000, memory: 6270, top1_acc: 0.9741, top5_acc: 0.9997, loss_cls: 0.0935, loss: 0.0935
2026-08-07 23:48:29,855 - pyskl - INFO - Epoch [11][3900/6265]	lr: 6.344e-03, eta: 13:56:37, time: 1.551, data_time: 0.000, memory: 6270, top1_acc: 0.9747, top5_acc: 0.9991, loss_cls: 0.0931, loss: 0.0931
2026-08-07 23:51:04,433 - pyskl - INFO - Epoch [11][4000/6265]	lr: 6.310e-03, eta: 13:54:11, time: 1.546, data_time: 0.000, memory: 6270, top1_acc: 0.9766, top5_acc: 0.9991, loss_cls: 0.0903, loss: 0.0903
2026-08-07 23:53:39,097 - pyskl - INFO - Epoch [11][4100/6265]	lr: 6.276e-03, eta: 13:51:45, time: 1.547, data_time: 0.000, memory: 6270, top1_acc: 0.9700, top5_acc: 0.9997, loss_cls: 0.1013, loss: 0.1013
2026-08-07 23:56:13,975 - pyskl - INFO - Epoch [11][4200/6265]	lr: 6.242e-03, eta: 13:49:19, time: 1.549, data_time: 0.000, memory: 6270, top1_acc: 0.9684, top5_acc: 0.9988, loss_cls: 0.0977, loss: 0.0977
2026-08-07 23:58:48,364 - pyskl - INFO - Epoch [11][4300/6265]	lr: 6.209e-03, eta: 13:46:52, time: 1.544, data_time: 0.000, memory: 6270, top1_acc: 0.9747, top5_acc: 0.9991, loss_cls: 0.0896, loss: 0.0896
2026-08-08 00:01:23,254 - pyskl - INFO - Epoch [11][4400/6265]	lr: 6.175e-03, eta: 13:44:26, time: 1.549, data_time: 0.000, memory: 6270, top1_acc: 0.9762, top5_acc: 0.9988, loss_cls: 0.0916, loss: 0.0916
2026-08-08 00:03:57,876 - pyskl - INFO - Epoch [11][4500/6265]	lr: 6.141e-03, eta: 13:42:00, time: 1.546, data_time: 0.000, memory: 6270, top1_acc: 0.9794, top5_acc: 0.9991, loss_cls: 0.0805, loss: 0.0805
2026-08-08 00:06:32,659 - pyskl - INFO - Epoch [11][4600/6265]	lr: 6.107e-03, eta: 13:39:34, time: 1.548, data_time: 0.000, memory: 6270, top1_acc: 0.9800, top5_acc: 0.9991, loss_cls: 0.0781, loss: 0.0781
2026-08-08 00:09:07,510 - pyskl - INFO - Epoch [11][4700/6265]	lr: 6.074e-03, eta: 13:37:07, time: 1.549, data_time: 0.000, memory: 6270, top1_acc: 0.9794, top5_acc: 0.9988, loss_cls: 0.0883, loss: 0.0883
2026-08-08 00:11:42,135 - pyskl - INFO - Epoch [11][4800/6265]	lr: 6.040e-03, eta: 13:34:41, time: 1.546, data_time: 0.000, memory: 6270, top1_acc: 0.9812, top5_acc: 0.9997, loss_cls: 0.0699, loss: 0.0699
2026-08-08 00:14:17,269 - pyskl - INFO - Epoch [11][4900/6265]	lr: 6.007e-03, eta: 13:32:15, time: 1.551, data_time: 0.000, memory: 6270, top1_acc: 0.9734, top5_acc: 0.9991, loss_cls: 0.0962, loss: 0.0962
2026-08-08 00:16:51,360 - pyskl - INFO - Epoch [11][5000/6265]	lr: 5.973e-03, eta: 13:29:48, time: 1.541, data_time: 0.000, memory: 6270, top1_acc: 0.9738, top5_acc: 0.9991, loss_cls: 0.0952, loss: 0.0952
2026-08-08 00:19:26,339 - pyskl - INFO - Epoch [11][5100/6265]	lr: 5.940e-03, eta: 13:27:22, time: 1.550, data_time: 0.000, memory: 6270, top1_acc: 0.9803, top5_acc: 0.9988, loss_cls: 0.0779, loss: 0.0779
2026-08-08 00:22:01,187 - pyskl - INFO - Epoch [11][5200/6265]	lr: 5.906e-03, eta: 13:24:56, time: 1.548, data_time: 0.000, memory: 6270, top1_acc: 0.9788, top5_acc: 1.0000, loss_cls: 0.0831, loss: 0.0831
2026-08-08 00:24:36,354 - pyskl - INFO - Epoch [11][5300/6265]	lr: 5.873e-03, eta: 13:22:29, time: 1.552, data_time: 0.000, memory: 6270, top1_acc: 0.9769, top5_acc: 0.9997, loss_cls: 0.0801, loss: 0.0801
2026-08-08 00:27:10,568 - pyskl - INFO - Epoch [11][5400/6265]	lr: 5.840e-03, eta: 13:20:03, time: 1.542, data_time: 0.000, memory: 6270, top1_acc: 0.9812, top5_acc: 0.9994, loss_cls: 0.0893, loss: 0.0893
2026-08-08 00:29:44,910 - pyskl - INFO - Epoch [11][5500/6265]	lr: 5.807e-03, eta: 13:17:36, time: 1.543, data_time: 0.000, memory: 6270, top1_acc: 0.9788, top5_acc: 0.9997, loss_cls: 0.0788, loss: 0.0788
2026-08-08 00:32:19,367 - pyskl - INFO - Epoch [11][5600/6265]	lr: 5.774e-03, eta: 13:15:09, time: 1.545, data_time: 0.000, memory: 6270, top1_acc: 0.9791, top5_acc: 0.9997, loss_cls: 0.0782, loss: 0.0782
2026-08-08 00:34:53,883 - pyskl - INFO - Epoch [11][5700/6265]	lr: 5.741e-03, eta: 13:12:43, time: 1.545, data_time: 0.000, memory: 6270, top1_acc: 0.9778, top5_acc: 0.9997, loss_cls: 0.0826, loss: 0.0826
2026-08-08 00:37:27,801 - pyskl - INFO - Epoch [11][5800/6265]	lr: 5.708e-03, eta: 13:10:16, time: 1.539, data_time: 0.000, memory: 6270, top1_acc: 0.9775, top5_acc: 0.9988, loss_cls: 0.0866, loss: 0.0866
2026-08-08 00:40:02,348 - pyskl - INFO - Epoch [11][5900/6265]	lr: 5.675e-03, eta: 13:07:49, time: 1.545, data_time: 0.000, memory: 6270, top1_acc: 0.9778, top5_acc: 0.9997, loss_cls: 0.0820, loss: 0.0820
2026-08-08 00:42:37,266 - pyskl - INFO - Epoch [11][6000/6265]	lr: 5.642e-03, eta: 13:05:23, time: 1.549, data_time: 0.000, memory: 6270, top1_acc: 0.9788, top5_acc: 1.0000, loss_cls: 0.0793, loss: 0.0793
2026-08-08 00:45:12,113 - pyskl - INFO - Epoch [11][6100/6265]	lr: 5.610e-03, eta: 13:02:56, time: 1.548, data_time: 0.000, memory: 6270, top1_acc: 0.9797, top5_acc: 0.9997, loss_cls: 0.0782, loss: 0.0782
2026-08-08 00:47:46,828 - pyskl - INFO - Epoch [11][6200/6265]	lr: 5.577e-03, eta: 13:00:29, time: 1.547, data_time: 0.000, memory: 6270, top1_acc: 0.9816, top5_acc: 0.9988, loss_cls: 0.0743, loss: 0.0743
2026-08-08 00:49:26,254 - pyskl - INFO - Saving checkpoint at 11 epochs
2026-08-08 01:01:29,217 - pyskl - INFO - Evaluating top_k_accuracy ...
2026-08-08 01:01:29,257 - pyskl - INFO - 
top1_acc	0.8712
top5_acc	0.9775
2026-08-08 01:01:29,258 - pyskl - INFO - The previous best checkpoint D:\YxjProject\pythonProject\pyskl\work_dirs\ctrgcn\ctrgcn_pyskl_ntu60_xsub_3dkp\j_single_gpu\best_top1_acc_epoch_10.pth was removed
2026-08-08 01:01:29,342 - pyskl - INFO - Now best checkpoint is saved as best_top1_acc_epoch_11.pth.
2026-08-08 01:01:29,342 - pyskl - INFO - Best top1_acc is 0.8712 at 11 epoch.
2026-08-08 01:01:29,343 - pyskl - INFO - Epoch(val) [11][516]	top1_acc: 0.8712, top5_acc: 0.9775
2026-08-08 01:04:15,372 - pyskl - INFO - Epoch [12][100/6265]	lr: 5.523e-03, eta: 12:55:47, time: 1.660, data_time: 0.117, memory: 6270, top1_acc: 0.9819, top5_acc: 1.0000, loss_cls: 0.0689, loss: 0.0689
2026-08-08 01:06:49,386 - pyskl - INFO - Epoch [12][200/6265]	lr: 5.491e-03, eta: 12:53:20, time: 1.540, data_time: 0.000, memory: 6270, top1_acc: 0.9856, top5_acc: 1.0000, loss_cls: 0.0609, loss: 0.0609
2026-08-08 01:09:24,309 - pyskl - INFO - Epoch [12][300/6265]	lr: 5.458e-03, eta: 12:50:54, time: 1.549, data_time: 0.000, memory: 6270, top1_acc: 0.9803, top5_acc: 1.0000, loss_cls: 0.0709, loss: 0.0709
2026-08-08 01:11:59,249 - pyskl - INFO - Epoch [12][400/6265]	lr: 5.426e-03, eta: 12:48:27, time: 1.549, data_time: 0.000, memory: 6270, top1_acc: 0.9862, top5_acc: 1.0000, loss_cls: 0.0598, loss: 0.0598
2026-08-08 01:14:34,458 - pyskl - INFO - Epoch [12][500/6265]	lr: 5.394e-03, eta: 12:46:01, time: 1.552, data_time: 0.000, memory: 6270, top1_acc: 0.9884, top5_acc: 0.9997, loss_cls: 0.0554, loss: 0.0554
2026-08-08 01:17:09,655 - pyskl - INFO - Epoch [12][600/6265]	lr: 5.361e-03, eta: 12:43:34, time: 1.552, data_time: 0.000, memory: 6270, top1_acc: 0.9881, top5_acc: 1.0000, loss_cls: 0.0531, loss: 0.0531
2026-08-08 01:19:43,883 - pyskl - INFO - Epoch [12][700/6265]	lr: 5.329e-03, eta: 12:41:08, time: 1.542, data_time: 0.000, memory: 6270, top1_acc: 0.9825, top5_acc: 0.9997, loss_cls: 0.0686, loss: 0.0686
2026-08-08 01:22:18,570 - pyskl - INFO - Epoch [12][800/6265]	lr: 5.297e-03, eta: 12:38:41, time: 1.547, data_time: 0.000, memory: 6270, top1_acc: 0.9791, top5_acc: 0.9997, loss_cls: 0.0775, loss: 0.0775
2026-08-08 01:24:53,464 - pyskl - INFO - Epoch [12][900/6265]	lr: 5.265e-03, eta: 12:36:14, time: 1.549, data_time: 0.000, memory: 6270, top1_acc: 0.9812, top5_acc: 1.0000, loss_cls: 0.0664, loss: 0.0664
2026-08-08 01:27:28,105 - pyskl - INFO - Epoch [12][1000/6265]	lr: 5.233e-03, eta: 12:33:48, time: 1.546, data_time: 0.000, memory: 6270, top1_acc: 0.9881, top5_acc: 0.9997, loss_cls: 0.0588, loss: 0.0588
2026-08-08 01:30:02,816 - pyskl - INFO - Epoch [12][1100/6265]	lr: 5.202e-03, eta: 12:31:21, time: 1.547, data_time: 0.000, memory: 6270, top1_acc: 0.9816, top5_acc: 1.0000, loss_cls: 0.0648, loss: 0.0648
2026-08-08 01:32:37,927 - pyskl - INFO - Epoch [12][1200/6265]	lr: 5.170e-03, eta: 12:28:54, time: 1.551, data_time: 0.000, memory: 6270, top1_acc: 0.9847, top5_acc: 0.9997, loss_cls: 0.0614, loss: 0.0614
2026-08-08 01:35:12,089 - pyskl - INFO - Epoch [12][1300/6265]	lr: 5.138e-03, eta: 12:26:27, time: 1.542, data_time: 0.000, memory: 6270, top1_acc: 0.9869, top5_acc: 1.0000, loss_cls: 0.0517, loss: 0.0517
2026-08-08 01:37:46,285 - pyskl - INFO - Epoch [12][1400/6265]	lr: 5.106e-03, eta: 12:24:00, time: 1.542, data_time: 0.000, memory: 6270, top1_acc: 0.9878, top5_acc: 1.0000, loss_cls: 0.0476, loss: 0.0476
2026-08-08 01:40:21,137 - pyskl - INFO - Epoch [12][1500/6265]	lr: 5.075e-03, eta: 12:21:33, time: 1.548, data_time: 0.000, memory: 6270, top1_acc: 0.9825, top5_acc: 0.9994, loss_cls: 0.0664, loss: 0.0664
2026-08-08 01:42:56,349 - pyskl - INFO - Epoch [12][1600/6265]	lr: 5.043e-03, eta: 12:19:07, time: 1.552, data_time: 0.000, memory: 6270, top1_acc: 0.9869, top5_acc: 0.9994, loss_cls: 0.0558, loss: 0.0558
2026-08-08 01:45:31,557 - pyskl - INFO - Epoch [12][1700/6265]	lr: 5.012e-03, eta: 12:16:40, time: 1.552, data_time: 0.000, memory: 6270, top1_acc: 0.9862, top5_acc: 1.0000, loss_cls: 0.0560, loss: 0.0560
2026-08-08 01:48:05,612 - pyskl - INFO - Epoch [12][1800/6265]	lr: 4.981e-03, eta: 12:14:13, time: 1.541, data_time: 0.000, memory: 6270, top1_acc: 0.9856, top5_acc: 1.0000, loss_cls: 0.0568, loss: 0.0568
2026-08-08 01:50:40,237 - pyskl - INFO - Epoch [12][1900/6265]	lr: 4.949e-03, eta: 12:11:46, time: 1.546, data_time: 0.000, memory: 6270, top1_acc: 0.9819, top5_acc: 0.9994, loss_cls: 0.0715, loss: 0.0715
2026-08-08 01:53:14,868 - pyskl - INFO - Epoch [12][2000/6265]	lr: 4.918e-03, eta: 12:09:19, time: 1.546, data_time: 0.000, memory: 6270, top1_acc: 0.9897, top5_acc: 0.9994, loss_cls: 0.0484, loss: 0.0484
2026-08-08 01:55:48,802 - pyskl - INFO - Epoch [12][2100/6265]	lr: 4.887e-03, eta: 12:06:52, time: 1.539, data_time: 0.000, memory: 6270, top1_acc: 0.9866, top5_acc: 1.0000, loss_cls: 0.0512, loss: 0.0512
2026-08-08 01:58:23,485 - pyskl - INFO - Epoch [12][2200/6265]	lr: 4.856e-03, eta: 12:04:25, time: 1.547, data_time: 0.000, memory: 6270, top1_acc: 0.9894, top5_acc: 0.9997, loss_cls: 0.0528, loss: 0.0528
2026-08-08 02:00:58,581 - pyskl - INFO - Epoch [12][2300/6265]	lr: 4.825e-03, eta: 12:01:58, time: 1.551, data_time: 0.000, memory: 6270, top1_acc: 0.9881, top5_acc: 1.0000, loss_cls: 0.0536, loss: 0.0536
2026-08-08 02:03:33,044 - pyskl - INFO - Epoch [12][2400/6265]	lr: 4.794e-03, eta: 11:59:31, time: 1.545, data_time: 0.000, memory: 6270, top1_acc: 0.9875, top5_acc: 1.0000, loss_cls: 0.0504, loss: 0.0504
2026-08-08 02:06:08,159 - pyskl - INFO - Epoch [12][2500/6265]	lr: 4.763e-03, eta: 11:57:04, time: 1.551, data_time: 0.000, memory: 6270, top1_acc: 0.9775, top5_acc: 0.9994, loss_cls: 0.0684, loss: 0.0684
2026-08-08 02:08:43,128 - pyskl - INFO - Epoch [12][2600/6265]	lr: 4.733e-03, eta: 11:54:37, time: 1.550, data_time: 0.000, memory: 6270, top1_acc: 0.9878, top5_acc: 0.9997, loss_cls: 0.0548, loss: 0.0548
2026-08-08 02:11:17,836 - pyskl - INFO - Epoch [12][2700/6265]	lr: 4.702e-03, eta: 11:52:10, time: 1.547, data_time: 0.000, memory: 6270, top1_acc: 0.9859, top5_acc: 1.0000, loss_cls: 0.0572, loss: 0.0572
2026-08-08 02:13:53,158 - pyskl - INFO - Epoch [12][2800/6265]	lr: 4.672e-03, eta: 11:49:43, time: 1.553, data_time: 0.000, memory: 6270, top1_acc: 0.9881, top5_acc: 1.0000, loss_cls: 0.0535, loss: 0.0535
2026-08-08 02:16:27,983 - pyskl - INFO - Epoch [12][2900/6265]	lr: 4.641e-03, eta: 11:47:16, time: 1.548, data_time: 0.000, memory: 6270, top1_acc: 0.9859, top5_acc: 1.0000, loss_cls: 0.0549, loss: 0.0549
2026-08-08 02:19:03,207 - pyskl - INFO - Epoch [12][3000/6265]	lr: 4.611e-03, eta: 11:44:49, time: 1.552, data_time: 0.000, memory: 6270, top1_acc: 0.9872, top5_acc: 1.0000, loss_cls: 0.0560, loss: 0.0560
2026-08-08 02:21:38,105 - pyskl - INFO - Epoch [12][3100/6265]	lr: 4.580e-03, eta: 11:42:22, time: 1.549, data_time: 0.000, memory: 6270, top1_acc: 0.9925, top5_acc: 1.0000, loss_cls: 0.0457, loss: 0.0457
2026-08-08 02:24:13,288 - pyskl - INFO - Epoch [12][3200/6265]	lr: 4.550e-03, eta: 11:39:55, time: 1.552, data_time: 0.000, memory: 6270, top1_acc: 0.9916, top5_acc: 0.9997, loss_cls: 0.0427, loss: 0.0427
2026-08-08 02:26:48,253 - pyskl - INFO - Epoch [12][3300/6265]	lr: 4.520e-03, eta: 11:37:28, time: 1.550, data_time: 0.000, memory: 6270, top1_acc: 0.9906, top5_acc: 1.0000, loss_cls: 0.0433, loss: 0.0433
2026-08-08 02:29:23,310 - pyskl - INFO - Epoch [12][3400/6265]	lr: 4.490e-03, eta: 11:35:01, time: 1.551, data_time: 0.000, memory: 6270, top1_acc: 0.9891, top5_acc: 1.0000, loss_cls: 0.0519, loss: 0.0519
2026-08-08 02:31:57,878 - pyskl - INFO - Epoch [12][3500/6265]	lr: 4.460e-03, eta: 11:32:33, time: 1.546, data_time: 0.000, memory: 6270, top1_acc: 0.9878, top5_acc: 1.0000, loss_cls: 0.0471, loss: 0.0471
2026-08-08 02:34:32,036 - pyskl - INFO - Epoch [12][3600/6265]	lr: 4.430e-03, eta: 11:30:06, time: 1.542, data_time: 0.000, memory: 6270, top1_acc: 0.9897, top5_acc: 1.0000, loss_cls: 0.0504, loss: 0.0504
2026-08-08 02:37:06,440 - pyskl - INFO - Epoch [12][3700/6265]	lr: 4.400e-03, eta: 11:27:38, time: 1.544, data_time: 0.000, memory: 6270, top1_acc: 0.9912, top5_acc: 0.9997, loss_cls: 0.0447, loss: 0.0447
2026-08-08 02:39:41,253 - pyskl - INFO - Epoch [12][3800/6265]	lr: 4.370e-03, eta: 11:25:11, time: 1.548, data_time: 0.000, memory: 6270, top1_acc: 0.9928, top5_acc: 0.9997, loss_cls: 0.0387, loss: 0.0387
2026-08-08 02:42:16,187 - pyskl - INFO - Epoch [12][3900/6265]	lr: 4.340e-03, eta: 11:22:44, time: 1.549, data_time: 0.000, memory: 6270, top1_acc: 0.9906, top5_acc: 1.0000, loss_cls: 0.0456, loss: 0.0456
2026-08-08 02:44:51,223 - pyskl - INFO - Epoch [12][4000/6265]	lr: 4.311e-03, eta: 11:20:16, time: 1.550, data_time: 0.000, memory: 6270, top1_acc: 0.9922, top5_acc: 0.9997, loss_cls: 0.0422, loss: 0.0422
2026-08-08 02:47:26,395 - pyskl - INFO - Epoch [12][4100/6265]	lr: 4.281e-03, eta: 11:17:49, time: 1.552, data_time: 0.000, memory: 6270, top1_acc: 0.9881, top5_acc: 1.0000, loss_cls: 0.0494, loss: 0.0494
2026-08-08 02:50:01,244 - pyskl - INFO - Epoch [12][4200/6265]	lr: 4.252e-03, eta: 11:15:22, time: 1.549, data_time: 0.000, memory: 6270, top1_acc: 0.9881, top5_acc: 0.9997, loss_cls: 0.0487, loss: 0.0487
2026-08-08 02:52:35,787 - pyskl - INFO - Epoch [12][4300/6265]	lr: 4.222e-03, eta: 11:12:54, time: 1.545, data_time: 0.000, memory: 6270, top1_acc: 0.9925, top5_acc: 1.0000, loss_cls: 0.0378, loss: 0.0378
2026-08-08 02:55:09,508 - pyskl - INFO - Epoch [12][4400/6265]	lr: 4.193e-03, eta: 11:10:27, time: 1.537, data_time: 0.000, memory: 6270, top1_acc: 0.9916, top5_acc: 1.0000, loss_cls: 0.0416, loss: 0.0416
2026-08-08 02:57:44,173 - pyskl - INFO - Epoch [12][4500/6265]	lr: 4.164e-03, eta: 11:07:59, time: 1.547, data_time: 0.000, memory: 6270, top1_acc: 0.9925, top5_acc: 1.0000, loss_cls: 0.0361, loss: 0.0361
2026-08-08 03:00:19,271 - pyskl - INFO - Epoch [12][4600/6265]	lr: 4.135e-03, eta: 11:05:32, time: 1.551, data_time: 0.000, memory: 6270, top1_acc: 0.9903, top5_acc: 1.0000, loss_cls: 0.0387, loss: 0.0387
2026-08-08 03:02:53,936 - pyskl - INFO - Epoch [12][4700/6265]	lr: 4.105e-03, eta: 11:03:04, time: 1.547, data_time: 0.000, memory: 6270, top1_acc: 0.9938, top5_acc: 1.0000, loss_cls: 0.0357, loss: 0.0357
2026-08-08 03:05:28,503 - pyskl - INFO - Epoch [12][4800/6265]	lr: 4.076e-03, eta: 11:00:37, time: 1.546, data_time: 0.000, memory: 6270, top1_acc: 0.9894, top5_acc: 1.0000, loss_cls: 0.0445, loss: 0.0445
2026-08-08 03:08:02,986 - pyskl - INFO - Epoch [12][4900/6265]	lr: 4.048e-03, eta: 10:58:09, time: 1.545, data_time: 0.000, memory: 6270, top1_acc: 0.9884, top5_acc: 1.0000, loss_cls: 0.0462, loss: 0.0462
2026-08-08 03:10:37,418 - pyskl - INFO - Epoch [12][5000/6265]	lr: 4.019e-03, eta: 10:55:41, time: 1.544, data_time: 0.000, memory: 6270, top1_acc: 0.9897, top5_acc: 1.0000, loss_cls: 0.0422, loss: 0.0422
2026-08-08 03:13:11,417 - pyskl - INFO - Epoch [12][5100/6265]	lr: 3.990e-03, eta: 10:53:14, time: 1.540, data_time: 0.000, memory: 6270, top1_acc: 0.9897, top5_acc: 0.9997, loss_cls: 0.0443, loss: 0.0443
2026-08-08 03:15:46,167 - pyskl - INFO - Epoch [12][5200/6265]	lr: 3.961e-03, eta: 10:50:46, time: 1.547, data_time: 0.000, memory: 6270, top1_acc: 0.9897, top5_acc: 0.9997, loss_cls: 0.0450, loss: 0.0450
2026-08-08 03:18:21,232 - pyskl - INFO - Epoch [12][5300/6265]	lr: 3.933e-03, eta: 10:48:18, time: 1.551, data_time: 0.000, memory: 6270, top1_acc: 0.9891, top5_acc: 1.0000, loss_cls: 0.0461, loss: 0.0461
2026-08-08 03:20:55,640 - pyskl - INFO - Epoch [12][5400/6265]	lr: 3.904e-03, eta: 10:45:51, time: 1.544, data_time: 0.000, memory: 6270, top1_acc: 0.9903, top5_acc: 1.0000, loss_cls: 0.0443, loss: 0.0443
2026-08-08 03:23:30,822 - pyskl - INFO - Epoch [12][5500/6265]	lr: 3.876e-03, eta: 10:43:23, time: 1.552, data_time: 0.000, memory: 6270, top1_acc: 0.9891, top5_acc: 1.0000, loss_cls: 0.0503, loss: 0.0503
2026-08-08 03:26:04,898 - pyskl - INFO - Epoch [12][5600/6265]	lr: 3.848e-03, eta: 10:40:55, time: 1.541, data_time: 0.000, memory: 6270, top1_acc: 0.9919, top5_acc: 0.9997, loss_cls: 0.0421, loss: 0.0421
2026-08-08 03:28:39,961 - pyskl - INFO - Epoch [12][5700/6265]	lr: 3.819e-03, eta: 10:38:28, time: 1.551, data_time: 0.000, memory: 6270, top1_acc: 0.9922, top5_acc: 1.0000, loss_cls: 0.0364, loss: 0.0364
2026-08-08 03:31:14,126 - pyskl - INFO - Epoch [12][5800/6265]	lr: 3.791e-03, eta: 10:36:00, time: 1.542, data_time: 0.000, memory: 6270, top1_acc: 0.9947, top5_acc: 1.0000, loss_cls: 0.0300, loss: 0.0300
2026-08-08 03:33:48,541 - pyskl - INFO - Epoch [12][5900/6265]	lr: 3.763e-03, eta: 10:33:32, time: 1.544, data_time: 0.000, memory: 6270, top1_acc: 0.9950, top5_acc: 1.0000, loss_cls: 0.0346, loss: 0.0346
2026-08-08 03:36:22,559 - pyskl - INFO - Epoch [12][6000/6265]	lr: 3.735e-03, eta: 10:31:04, time: 1.540, data_time: 0.000, memory: 6270, top1_acc: 0.9916, top5_acc: 1.0000, loss_cls: 0.0370, loss: 0.0370
2026-08-08 03:38:57,208 - pyskl - INFO - Epoch [12][6100/6265]	lr: 3.707e-03, eta: 10:28:36, time: 1.546, data_time: 0.000, memory: 6270, top1_acc: 0.9919, top5_acc: 1.0000, loss_cls: 0.0346, loss: 0.0346
2026-08-08 03:41:31,988 - pyskl - INFO - Epoch [12][6200/6265]	lr: 3.679e-03, eta: 10:26:09, time: 1.548, data_time: 0.000, memory: 6270, top1_acc: 0.9934, top5_acc: 1.0000, loss_cls: 0.0348, loss: 0.0348
2026-08-08 03:43:12,195 - pyskl - INFO - Saving checkpoint at 12 epochs
2026-08-08 03:55:16,268 - pyskl - INFO - Evaluating top_k_accuracy ...
2026-08-08 03:55:16,306 - pyskl - INFO - 
top1_acc	0.8874
top5_acc	0.9782
2026-08-08 03:55:16,308 - pyskl - INFO - The previous best checkpoint D:\YxjProject\pythonProject\pyskl\work_dirs\ctrgcn\ctrgcn_pyskl_ntu60_xsub_3dkp\j_single_gpu\best_top1_acc_epoch_11.pth was removed
2026-08-08 03:55:16,392 - pyskl - INFO - Now best checkpoint is saved as best_top1_acc_epoch_12.pth.
2026-08-08 03:55:16,392 - pyskl - INFO - Best top1_acc is 0.8874 at 12 epoch.
2026-08-08 03:55:16,393 - pyskl - INFO - Epoch(val) [12][516]	top1_acc: 0.8874, top5_acc: 0.9782
2026-08-08 03:58:02,698 - pyskl - INFO - Epoch [13][100/6265]	lr: 3.634e-03, eta: 10:21:35, time: 1.663, data_time: 0.117, memory: 6270, top1_acc: 0.9941, top5_acc: 1.0000, loss_cls: 0.0318, loss: 0.0318
2026-08-08 04:00:37,781 - pyskl - INFO - Epoch [13][200/6265]	lr: 3.606e-03, eta: 10:19:08, time: 1.551, data_time: 0.000, memory: 6270, top1_acc: 0.9966, top5_acc: 1.0000, loss_cls: 0.0238, loss: 0.0238
2026-08-08 04:03:12,463 - pyskl - INFO - Epoch [13][300/6265]	lr: 3.579e-03, eta: 10:16:40, time: 1.547, data_time: 0.000, memory: 6270, top1_acc: 0.9931, top5_acc: 1.0000, loss_cls: 0.0293, loss: 0.0293
2026-08-08 04:05:47,610 - pyskl - INFO - Epoch [13][400/6265]	lr: 3.551e-03, eta: 10:14:12, time: 1.551, data_time: 0.000, memory: 6270, top1_acc: 0.9969, top5_acc: 1.0000, loss_cls: 0.0278, loss: 0.0278
2026-08-08 04:08:22,338 - pyskl - INFO - Epoch [13][500/6265]	lr: 3.524e-03, eta: 10:11:45, time: 1.547, data_time: 0.000, memory: 6270, top1_acc: 0.9975, top5_acc: 1.0000, loss_cls: 0.0261, loss: 0.0261
2026-08-08 04:10:57,021 - pyskl - INFO - Epoch [13][600/6265]	lr: 3.497e-03, eta: 10:09:17, time: 1.547, data_time: 0.000, memory: 6270, top1_acc: 0.9966, top5_acc: 1.0000, loss_cls: 0.0269, loss: 0.0269
2026-08-08 04:13:31,476 - pyskl - INFO - Epoch [13][700/6265]	lr: 3.470e-03, eta: 10:06:49, time: 1.545, data_time: 0.000, memory: 6270, top1_acc: 0.9947, top5_acc: 0.9997, loss_cls: 0.0290, loss: 0.0290
2026-08-08 04:16:05,964 - pyskl - INFO - Epoch [13][800/6265]	lr: 3.443e-03, eta: 10:04:21, time: 1.545, data_time: 0.000, memory: 6270, top1_acc: 0.9956, top5_acc: 1.0000, loss_cls: 0.0271, loss: 0.0271
2026-08-08 04:18:40,105 - pyskl - INFO - Epoch [13][900/6265]	lr: 3.416e-03, eta: 10:01:53, time: 1.541, data_time: 0.000, memory: 6270, top1_acc: 0.9969, top5_acc: 1.0000, loss_cls: 0.0217, loss: 0.0217
2026-08-08 04:21:15,134 - pyskl - INFO - Epoch [13][1000/6265]	lr: 3.389e-03, eta: 9:59:25, time: 1.550, data_time: 0.000, memory: 6270, top1_acc: 0.9956, top5_acc: 1.0000, loss_cls: 0.0278, loss: 0.0278
2026-08-08 04:23:50,270 - pyskl - INFO - Epoch [13][1100/6265]	lr: 3.362e-03, eta: 9:56:58, time: 1.551, data_time: 0.000, memory: 6270, top1_acc: 0.9978, top5_acc: 1.0000, loss_cls: 0.0214, loss: 0.0214
2026-08-08 04:26:24,515 - pyskl - INFO - Epoch [13][1200/6265]	lr: 3.335e-03, eta: 9:54:30, time: 1.542, data_time: 0.000, memory: 6270, top1_acc: 0.9975, top5_acc: 1.0000, loss_cls: 0.0208, loss: 0.0208
2026-08-08 04:28:58,817 - pyskl - INFO - Epoch [13][1300/6265]	lr: 3.309e-03, eta: 9:52:02, time: 1.543, data_time: 0.000, memory: 6270, top1_acc: 0.9972, top5_acc: 1.0000, loss_cls: 0.0206, loss: 0.0206
2026-08-08 04:31:33,848 - pyskl - INFO - Epoch [13][1400/6265]	lr: 3.282e-03, eta: 9:49:34, time: 1.550, data_time: 0.000, memory: 6270, top1_acc: 0.9959, top5_acc: 1.0000, loss_cls: 0.0237, loss: 0.0237
2026-08-08 04:34:08,743 - pyskl - INFO - Epoch [13][1500/6265]	lr: 3.256e-03, eta: 9:47:06, time: 1.549, data_time: 0.000, memory: 6270, top1_acc: 0.9944, top5_acc: 1.0000, loss_cls: 0.0286, loss: 0.0286
2026-08-08 04:36:43,519 - pyskl - INFO - Epoch [13][1600/6265]	lr: 3.229e-03, eta: 9:44:38, time: 1.548, data_time: 0.000, memory: 6270, top1_acc: 0.9953, top5_acc: 1.0000, loss_cls: 0.0259, loss: 0.0259
2026-08-08 04:39:18,021 - pyskl - INFO - Epoch [13][1700/6265]	lr: 3.203e-03, eta: 9:42:10, time: 1.545, data_time: 0.000, memory: 6270, top1_acc: 0.9928, top5_acc: 1.0000, loss_cls: 0.0290, loss: 0.0290
2026-08-08 04:41:53,060 - pyskl - INFO - Epoch [13][1800/6265]	lr: 3.177e-03, eta: 9:39:42, time: 1.550, data_time: 0.000, memory: 6270, top1_acc: 0.9950, top5_acc: 1.0000, loss_cls: 0.0290, loss: 0.0290
2026-08-08 04:44:27,843 - pyskl - INFO - Epoch [13][1900/6265]	lr: 3.151e-03, eta: 9:37:14, time: 1.548, data_time: 0.000, memory: 6270, top1_acc: 0.9962, top5_acc: 1.0000, loss_cls: 0.0257, loss: 0.0257
2026-08-08 04:47:02,340 - pyskl - INFO - Epoch [13][2000/6265]	lr: 3.125e-03, eta: 9:34:46, time: 1.545, data_time: 0.000, memory: 6270, top1_acc: 0.9962, top5_acc: 1.0000, loss_cls: 0.0259, loss: 0.0259
2026-08-08 04:49:37,709 - pyskl - INFO - Epoch [13][2100/6265]	lr: 3.099e-03, eta: 9:32:18, time: 1.554, data_time: 0.000, memory: 6270, top1_acc: 0.9972, top5_acc: 1.0000, loss_cls: 0.0191, loss: 0.0191
2026-08-08 04:52:12,323 - pyskl - INFO - Epoch [13][2200/6265]	lr: 3.073e-03, eta: 9:29:50, time: 1.546, data_time: 0.000, memory: 6270, top1_acc: 0.9972, top5_acc: 1.0000, loss_cls: 0.0197, loss: 0.0197
2026-08-08 04:54:47,000 - pyskl - INFO - Epoch [13][2300/6265]	lr: 3.048e-03, eta: 9:27:22, time: 1.547, data_time: 0.000, memory: 6270, top1_acc: 0.9962, top5_acc: 1.0000, loss_cls: 0.0228, loss: 0.0228
2026-08-08 04:57:21,761 - pyskl - INFO - Epoch [13][2400/6265]	lr: 3.022e-03, eta: 9:24:54, time: 1.548, data_time: 0.000, memory: 6270, top1_acc: 0.9956, top5_acc: 1.0000, loss_cls: 0.0232, loss: 0.0232
2026-08-08 04:59:56,598 - pyskl - INFO - Epoch [13][2500/6265]	lr: 2.997e-03, eta: 9:22:26, time: 1.548, data_time: 0.000, memory: 6270, top1_acc: 0.9956, top5_acc: 1.0000, loss_cls: 0.0284, loss: 0.0284
2026-08-08 05:02:30,951 - pyskl - INFO - Epoch [13][2600/6265]	lr: 2.971e-03, eta: 9:19:58, time: 1.544, data_time: 0.000, memory: 6270, top1_acc: 0.9981, top5_acc: 1.0000, loss_cls: 0.0197, loss: 0.0197
2026-08-08 05:05:06,005 - pyskl - INFO - Epoch [13][2700/6265]	lr: 2.946e-03, eta: 9:17:30, time: 1.551, data_time: 0.000, memory: 6270, top1_acc: 0.9975, top5_acc: 1.0000, loss_cls: 0.0211, loss: 0.0211
2026-08-08 05:07:41,066 - pyskl - INFO - Epoch [13][2800/6265]	lr: 2.921e-03, eta: 9:15:02, time: 1.551, data_time: 0.000, memory: 6270, top1_acc: 0.9975, top5_acc: 1.0000, loss_cls: 0.0192, loss: 0.0192
2026-08-08 05:10:15,832 - pyskl - INFO - Epoch [13][2900/6265]	lr: 2.896e-03, eta: 9:12:34, time: 1.548, data_time: 0.000, memory: 6270, top1_acc: 0.9966, top5_acc: 1.0000, loss_cls: 0.0204, loss: 0.0204
2026-08-08 05:12:50,988 - pyskl - INFO - Epoch [13][3000/6265]	lr: 2.871e-03, eta: 9:10:06, time: 1.552, data_time: 0.000, memory: 6270, top1_acc: 0.9972, top5_acc: 1.0000, loss_cls: 0.0205, loss: 0.0205
2026-08-08 05:15:25,796 - pyskl - INFO - Epoch [13][3100/6265]	lr: 2.846e-03, eta: 9:07:37, time: 1.548, data_time: 0.000, memory: 6270, top1_acc: 0.9962, top5_acc: 1.0000, loss_cls: 0.0227, loss: 0.0227
2026-08-08 05:18:00,925 - pyskl - INFO - Epoch [13][3200/6265]	lr: 2.821e-03, eta: 9:05:09, time: 1.551, data_time: 0.000, memory: 6270, top1_acc: 0.9981, top5_acc: 1.0000, loss_cls: 0.0183, loss: 0.0183
2026-08-08 05:20:35,910 - pyskl - INFO - Epoch [13][3300/6265]	lr: 2.796e-03, eta: 9:02:41, time: 1.550, data_time: 0.000, memory: 6270, top1_acc: 0.9978, top5_acc: 1.0000, loss_cls: 0.0191, loss: 0.0191
2026-08-08 05:23:10,655 - pyskl - INFO - Epoch [13][3400/6265]	lr: 2.771e-03, eta: 9:00:13, time: 1.547, data_time: 0.000, memory: 6270, top1_acc: 0.9969, top5_acc: 1.0000, loss_cls: 0.0196, loss: 0.0196
2026-08-08 05:25:45,807 - pyskl - INFO - Epoch [13][3500/6265]	lr: 2.747e-03, eta: 8:57:45, time: 1.552, data_time: 0.000, memory: 6270, top1_acc: 0.9944, top5_acc: 0.9997, loss_cls: 0.0265, loss: 0.0265
2026-08-08 05:28:20,382 - pyskl - INFO - Epoch [13][3600/6265]	lr: 2.722e-03, eta: 8:55:17, time: 1.546, data_time: 0.000, memory: 6270, top1_acc: 0.9969, top5_acc: 1.0000, loss_cls: 0.0237, loss: 0.0237
2026-08-08 05:30:55,140 - pyskl - INFO - Epoch [13][3700/6265]	lr: 2.698e-03, eta: 8:52:48, time: 1.548, data_time: 0.000, memory: 6270, top1_acc: 0.9988, top5_acc: 1.0000, loss_cls: 0.0164, loss: 0.0164
2026-08-08 05:33:30,104 - pyskl - INFO - Epoch [13][3800/6265]	lr: 2.674e-03, eta: 8:50:20, time: 1.550, data_time: 0.000, memory: 6270, top1_acc: 0.9991, top5_acc: 1.0000, loss_cls: 0.0149, loss: 0.0149
2026-08-08 05:36:04,382 - pyskl - INFO - Epoch [13][3900/6265]	lr: 2.650e-03, eta: 8:47:52, time: 1.543, data_time: 0.000, memory: 6270, top1_acc: 0.9966, top5_acc: 1.0000, loss_cls: 0.0186, loss: 0.0186
2026-08-08 05:38:39,097 - pyskl - INFO - Epoch [13][4000/6265]	lr: 2.626e-03, eta: 8:45:23, time: 1.547, data_time: 0.000, memory: 6270, top1_acc: 0.9969, top5_acc: 1.0000, loss_cls: 0.0183, loss: 0.0183
2026-08-08 05:41:13,501 - pyskl - INFO - Epoch [13][4100/6265]	lr: 2.602e-03, eta: 8:42:55, time: 1.544, data_time: 0.000, memory: 6270, top1_acc: 0.9966, top5_acc: 1.0000, loss_cls: 0.0182, loss: 0.0182
2026-08-08 05:43:47,233 - pyskl - INFO - Epoch [13][4200/6265]	lr: 2.578e-03, eta: 8:40:26, time: 1.537, data_time: 0.000, memory: 6270, top1_acc: 0.9981, top5_acc: 1.0000, loss_cls: 0.0186, loss: 0.0186
2026-08-08 05:46:21,961 - pyskl - INFO - Epoch [13][4300/6265]	lr: 2.554e-03, eta: 8:37:58, time: 1.547, data_time: 0.000, memory: 6270, top1_acc: 0.9994, top5_acc: 1.0000, loss_cls: 0.0162, loss: 0.0162
2026-08-08 05:48:56,329 - pyskl - INFO - Epoch [13][4400/6265]	lr: 2.530e-03, eta: 8:35:29, time: 1.544, data_time: 0.000, memory: 6270, top1_acc: 0.9994, top5_acc: 1.0000, loss_cls: 0.0138, loss: 0.0138
2026-08-08 05:51:30,949 - pyskl - INFO - Epoch [13][4500/6265]	lr: 2.507e-03, eta: 8:33:01, time: 1.546, data_time: 0.000, memory: 6270, top1_acc: 0.9988, top5_acc: 1.0000, loss_cls: 0.0137, loss: 0.0137
2026-08-08 05:54:06,161 - pyskl - INFO - Epoch [13][4600/6265]	lr: 2.483e-03, eta: 8:30:33, time: 1.552, data_time: 0.000, memory: 6270, top1_acc: 0.9956, top5_acc: 1.0000, loss_cls: 0.0216, loss: 0.0216
2026-08-08 05:56:41,325 - pyskl - INFO - Epoch [13][4700/6265]	lr: 2.460e-03, eta: 8:28:04, time: 1.552, data_time: 0.000, memory: 6270, top1_acc: 0.9988, top5_acc: 1.0000, loss_cls: 0.0146, loss: 0.0146
2026-08-08 05:59:15,404 - pyskl - INFO - Epoch [13][4800/6265]	lr: 2.437e-03, eta: 8:25:36, time: 1.541, data_time: 0.000, memory: 6270, top1_acc: 0.9975, top5_acc: 1.0000, loss_cls: 0.0188, loss: 0.0188
2026-08-08 06:01:49,520 - pyskl - INFO - Epoch [13][4900/6265]	lr: 2.413e-03, eta: 8:23:07, time: 1.541, data_time: 0.000, memory: 6270, top1_acc: 0.9975, top5_acc: 1.0000, loss_cls: 0.0168, loss: 0.0168
2026-08-08 06:04:23,604 - pyskl - INFO - Epoch [13][5000/6265]	lr: 2.390e-03, eta: 8:20:38, time: 1.541, data_time: 0.000, memory: 6270, top1_acc: 0.9988, top5_acc: 1.0000, loss_cls: 0.0153, loss: 0.0153
2026-08-08 06:06:58,421 - pyskl - INFO - Epoch [13][5100/6265]	lr: 2.367e-03, eta: 8:18:10, time: 1.548, data_time: 0.000, memory: 6270, top1_acc: 0.9962, top5_acc: 1.0000, loss_cls: 0.0199, loss: 0.0199
2026-08-08 06:09:33,489 - pyskl - INFO - Epoch [13][5200/6265]	lr: 2.344e-03, eta: 8:15:41, time: 1.551, data_time: 0.000, memory: 6270, top1_acc: 0.9975, top5_acc: 1.0000, loss_cls: 0.0184, loss: 0.0184
2026-08-08 06:12:08,200 - pyskl - INFO - Epoch [13][5300/6265]	lr: 2.322e-03, eta: 8:13:13, time: 1.547, data_time: 0.000, memory: 6270, top1_acc: 1.0000, top5_acc: 1.0000, loss_cls: 0.0111, loss: 0.0111
2026-08-08 06:14:42,280 - pyskl - INFO - Epoch [13][5400/6265]	lr: 2.299e-03, eta: 8:10:44, time: 1.541, data_time: 0.000, memory: 6270, top1_acc: 0.9978, top5_acc: 1.0000, loss_cls: 0.0169, loss: 0.0169
2026-08-08 06:17:17,367 - pyskl - INFO - Epoch [13][5500/6265]	lr: 2.276e-03, eta: 8:08:16, time: 1.551, data_time: 0.000, memory: 6270, top1_acc: 0.9991, top5_acc: 1.0000, loss_cls: 0.0151, loss: 0.0151
2026-08-08 06:19:51,849 - pyskl - INFO - Epoch [13][5600/6265]	lr: 2.254e-03, eta: 8:05:47, time: 1.545, data_time: 0.000, memory: 6270, top1_acc: 0.9984, top5_acc: 1.0000, loss_cls: 0.0136, loss: 0.0136
2026-08-08 06:22:26,020 - pyskl - INFO - Epoch [13][5700/6265]	lr: 2.231e-03, eta: 8:03:18, time: 1.542, data_time: 0.000, memory: 6270, top1_acc: 0.9984, top5_acc: 1.0000, loss_cls: 0.0158, loss: 0.0158
2026-08-08 06:24:59,795 - pyskl - INFO - Epoch [13][5800/6265]	lr: 2.209e-03, eta: 8:00:49, time: 1.538, data_time: 0.000, memory: 6270, top1_acc: 0.9984, top5_acc: 1.0000, loss_cls: 0.0154, loss: 0.0154
2026-08-08 06:27:34,613 - pyskl - INFO - Epoch [13][5900/6265]	lr: 2.187e-03, eta: 7:58:21, time: 1.548, data_time: 0.000, memory: 6270, top1_acc: 0.9981, top5_acc: 1.0000, loss_cls: 0.0155, loss: 0.0155
2026-08-08 06:30:09,739 - pyskl - INFO - Epoch [13][6000/6265]	lr: 2.165e-03, eta: 7:55:52, time: 1.551, data_time: 0.000, memory: 6270, top1_acc: 0.9988, top5_acc: 1.0000, loss_cls: 0.0132, loss: 0.0132
2026-08-08 06:32:44,038 - pyskl - INFO - Epoch [13][6100/6265]	lr: 2.143e-03, eta: 7:53:24, time: 1.543, data_time: 0.000, memory: 6270, top1_acc: 1.0000, top5_acc: 1.0000, loss_cls: 0.0123, loss: 0.0123
2026-08-08 06:35:18,575 - pyskl - INFO - Epoch [13][6200/6265]	lr: 2.121e-03, eta: 7:50:55, time: 1.545, data_time: 0.000, memory: 6270, top1_acc: 0.9966, top5_acc: 1.0000, loss_cls: 0.0162, loss: 0.0162
2026-08-08 06:36:58,641 - pyskl - INFO - Saving checkpoint at 13 epochs
2026-08-08 06:49:01,786 - pyskl - INFO - Evaluating top_k_accuracy ...
2026-08-08 06:49:01,827 - pyskl - INFO - 
top1_acc	0.8925
top5_acc	0.9789
2026-08-08 06:49:01,828 - pyskl - INFO - The previous best checkpoint D:\YxjProject\pythonProject\pyskl\work_dirs\ctrgcn\ctrgcn_pyskl_ntu60_xsub_3dkp\j_single_gpu\best_top1_acc_epoch_12.pth was removed
2026-08-08 06:49:01,911 - pyskl - INFO - Now best checkpoint is saved as best_top1_acc_epoch_13.pth.
2026-08-08 06:49:01,911 - pyskl - INFO - Best top1_acc is 0.8925 at 13 epoch.
2026-08-08 06:49:01,912 - pyskl - INFO - Epoch(val) [13][516]	top1_acc: 0.8925, top5_acc: 0.9789
2026-08-08 06:51:48,043 - pyskl - INFO - Epoch [14][100/6265]	lr: 2.085e-03, eta: 7:46:29, time: 1.661, data_time: 0.117, memory: 6270, top1_acc: 0.9966, top5_acc: 1.0000, loss_cls: 0.0216, loss: 0.0216
2026-08-08 06:54:21,179 - pyskl - INFO - Epoch [14][200/6265]	lr: 2.064e-03, eta: 7:44:00, time: 1.531, data_time: 0.000, memory: 6270, top1_acc: 0.9997, top5_acc: 1.0000, loss_cls: 0.0130, loss: 0.0130
2026-08-08 06:56:56,019 - pyskl - INFO - Epoch [14][300/6265]	lr: 2.042e-03, eta: 7:41:32, time: 1.548, data_time: 0.000, memory: 6270, top1_acc: 0.9991, top5_acc: 1.0000, loss_cls: 0.0134, loss: 0.0134
2026-08-08 06:59:31,162 - pyskl - INFO - Epoch [14][400/6265]	lr: 2.021e-03, eta: 7:39:03, time: 1.551, data_time: 0.000, memory: 6270, top1_acc: 0.9991, top5_acc: 1.0000, loss_cls: 0.0134, loss: 0.0134
2026-08-08 07:02:06,168 - pyskl - INFO - Epoch [14][500/6265]	lr: 1.999e-03, eta: 7:36:34, time: 1.550, data_time: 0.000, memory: 6270, top1_acc: 0.9994, top5_acc: 1.0000, loss_cls: 0.0123, loss: 0.0123
2026-08-08 07:04:40,653 - pyskl - INFO - Epoch [14][600/6265]	lr: 1.978e-03, eta: 7:34:06, time: 1.545, data_time: 0.000, memory: 6270, top1_acc: 0.9988, top5_acc: 1.0000, loss_cls: 0.0135, loss: 0.0135
2026-08-08 07:07:14,125 - pyskl - INFO - Epoch [14][700/6265]	lr: 1.957e-03, eta: 7:31:37, time: 1.535, data_time: 0.000, memory: 6270, top1_acc: 0.9991, top5_acc: 1.0000, loss_cls: 0.0125, loss: 0.0125
2026-08-08 07:09:49,074 - pyskl - INFO - Epoch [14][800/6265]	lr: 1.936e-03, eta: 7:29:08, time: 1.550, data_time: 0.000, memory: 6270, top1_acc: 0.9997, top5_acc: 1.0000, loss_cls: 0.0106, loss: 0.0106
2026-08-08 07:12:23,636 - pyskl - INFO - Epoch [14][900/6265]	lr: 1.915e-03, eta: 7:26:40, time: 1.546, data_time: 0.000, memory: 6270, top1_acc: 0.9991, top5_acc: 1.0000, loss_cls: 0.0107, loss: 0.0107
2026-08-08 07:14:58,572 - pyskl - INFO - Epoch [14][1000/6265]	lr: 1.894e-03, eta: 7:24:11, time: 1.549, data_time: 0.000, memory: 6270, top1_acc: 0.9994, top5_acc: 1.0000, loss_cls: 0.0101, loss: 0.0101
2026-08-08 07:17:32,905 - pyskl - INFO - Epoch [14][1100/6265]	lr: 1.874e-03, eta: 7:21:42, time: 1.543, data_time: 0.000, memory: 6270, top1_acc: 0.9994, top5_acc: 1.0000, loss_cls: 0.0108, loss: 0.0108
2026-08-08 07:20:07,270 - pyskl - INFO - Epoch [14][1200/6265]	lr: 1.853e-03, eta: 7:19:13, time: 1.544, data_time: 0.000, memory: 6270, top1_acc: 0.9997, top5_acc: 1.0000, loss_cls: 0.0117, loss: 0.0117
2026-08-08 07:22:41,745 - pyskl - INFO - Epoch [14][1300/6265]	lr: 1.833e-03, eta: 7:16:45, time: 1.545, data_time: 0.000, memory: 6270, top1_acc: 0.9988, top5_acc: 1.0000, loss_cls: 0.0139, loss: 0.0139
2026-08-08 07:25:16,918 - pyskl - INFO - Epoch [14][1400/6265]	lr: 1.812e-03, eta: 7:14:16, time: 1.552, data_time: 0.000, memory: 6270, top1_acc: 0.9988, top5_acc: 1.0000, loss_cls: 0.0123, loss: 0.0123
2026-08-08 07:27:51,368 - pyskl - INFO - Epoch [14][1500/6265]	lr: 1.792e-03, eta: 7:11:47, time: 1.545, data_time: 0.000, memory: 6270, top1_acc: 0.9994, top5_acc: 1.0000, loss_cls: 0.0110, loss: 0.0110
2026-08-08 07:30:25,668 - pyskl - INFO - Epoch [14][1600/6265]	lr: 1.772e-03, eta: 7:09:18, time: 1.543, data_time: 0.000, memory: 6270, top1_acc: 0.9988, top5_acc: 1.0000, loss_cls: 0.0118, loss: 0.0118
2026-08-08 07:33:00,094 - pyskl - INFO - Epoch [14][1700/6265]	lr: 1.752e-03, eta: 7:06:49, time: 1.544, data_time: 0.000, memory: 6270, top1_acc: 0.9997, top5_acc: 1.0000, loss_cls: 0.0110, loss: 0.0110
2026-08-08 07:35:35,090 - pyskl - INFO - Epoch [14][1800/6265]	lr: 1.732e-03, eta: 7:04:21, time: 1.550, data_time: 0.000, memory: 6270, top1_acc: 0.9997, top5_acc: 1.0000, loss_cls: 0.0105, loss: 0.0105
2026-08-08 07:38:10,312 - pyskl - INFO - Epoch [14][1900/6265]	lr: 1.712e-03, eta: 7:01:52, time: 1.552, data_time: 0.000, memory: 6270, top1_acc: 1.0000, top5_acc: 1.0000, loss_cls: 0.0095, loss: 0.0095
2026-08-08 07:40:45,193 - pyskl - INFO - Epoch [14][2000/6265]	lr: 1.692e-03, eta: 6:59:23, time: 1.549, data_time: 0.000, memory: 6270, top1_acc: 0.9984, top5_acc: 1.0000, loss_cls: 0.0142, loss: 0.0142
2026-08-08 07:43:19,669 - pyskl - INFO - Epoch [14][2100/6265]	lr: 1.673e-03, eta: 6:56:54, time: 1.545, data_time: 0.000, memory: 6270, top1_acc: 1.0000, top5_acc: 1.0000, loss_cls: 0.0098, loss: 0.0098
2026-08-08 07:45:54,608 - pyskl - INFO - Epoch [14][2200/6265]	lr: 1.653e-03, eta: 6:54:25, time: 1.549, data_time: 0.000, memory: 6270, top1_acc: 0.9988, top5_acc: 1.0000, loss_cls: 0.0113, loss: 0.0113
2026-08-08 07:48:29,923 - pyskl - INFO - Epoch [14][2300/6265]	lr: 1.634e-03, eta: 6:51:57, time: 1.553, data_time: 0.000, memory: 6270, top1_acc: 0.9988, top5_acc: 1.0000, loss_cls: 0.0125, loss: 0.0125
2026-08-08 07:51:04,238 - pyskl - INFO - Epoch [14][2400/6265]	lr: 1.614e-03, eta: 6:49:28, time: 1.543, data_time: 0.000, memory: 6270, top1_acc: 0.9975, top5_acc: 1.0000, loss_cls: 0.0134, loss: 0.0134
2026-08-08 07:53:39,380 - pyskl - INFO - Epoch [14][2500/6265]	lr: 1.595e-03, eta: 6:46:59, time: 1.551, data_time: 0.000, memory: 6270, top1_acc: 0.9994, top5_acc: 1.0000, loss_cls: 0.0112, loss: 0.0112
2026-08-08 07:56:13,338 - pyskl - INFO - Epoch [14][2600/6265]	lr: 1.576e-03, eta: 6:44:30, time: 1.540, data_time: 0.000, memory: 6270, top1_acc: 0.9991, top5_acc: 1.0000, loss_cls: 0.0101, loss: 0.0101
2026-08-08 07:58:48,271 - pyskl - INFO - Epoch [14][2700/6265]	lr: 1.557e-03, eta: 6:42:01, time: 1.549, data_time: 0.000, memory: 6270, top1_acc: 0.9978, top5_acc: 1.0000, loss_cls: 0.0146, loss: 0.0146
2026-08-08 08:01:23,432 - pyskl - INFO - Epoch [14][2800/6265]	lr: 1.538e-03, eta: 6:39:32, time: 1.552, data_time: 0.000, memory: 6270, top1_acc: 0.9988, top5_acc: 1.0000, loss_cls: 0.0120, loss: 0.0120
2026-08-08 08:03:57,199 - pyskl - INFO - Epoch [14][2900/6265]	lr: 1.519e-03, eta: 6:37:03, time: 1.538, data_time: 0.000, memory: 6270, top1_acc: 0.9991, top5_acc: 1.0000, loss_cls: 0.0104, loss: 0.0104
2026-08-08 08:06:32,295 - pyskl - INFO - Epoch [14][3000/6265]	lr: 1.501e-03, eta: 6:34:34, time: 1.551, data_time: 0.000, memory: 6270, top1_acc: 0.9988, top5_acc: 1.0000, loss_cls: 0.0132, loss: 0.0132
2026-08-08 08:09:07,048 - pyskl - INFO - Epoch [14][3100/6265]	lr: 1.482e-03, eta: 6:32:05, time: 1.548, data_time: 0.000, memory: 6270, top1_acc: 1.0000, top5_acc: 1.0000, loss_cls: 0.0092, loss: 0.0092
2026-08-08 08:11:41,877 - pyskl - INFO - Epoch [14][3200/6265]	lr: 1.464e-03, eta: 6:29:36, time: 1.548, data_time: 0.000, memory: 6270, top1_acc: 0.9997, top5_acc: 1.0000, loss_cls: 0.0098, loss: 0.0098
2026-08-08 08:14:15,611 - pyskl - INFO - Epoch [14][3300/6265]	lr: 1.445e-03, eta: 6:27:07, time: 1.537, data_time: 0.000, memory: 6270, top1_acc: 0.9997, top5_acc: 1.0000, loss_cls: 0.0109, loss: 0.0109
2026-08-08 08:16:49,911 - pyskl - INFO - Epoch [14][3400/6265]	lr: 1.427e-03, eta: 6:24:38, time: 1.543, data_time: 0.000, memory: 6270, top1_acc: 0.9994, top5_acc: 1.0000, loss_cls: 0.0102, loss: 0.0102
2026-08-08 08:19:24,777 - pyskl - INFO - Epoch [14][3500/6265]	lr: 1.409e-03, eta: 6:22:09, time: 1.549, data_time: 0.000, memory: 6270, top1_acc: 0.9997, top5_acc: 1.0000, loss_cls: 0.0105, loss: 0.0105
2026-08-08 08:21:59,343 - pyskl - INFO - Epoch [14][3600/6265]	lr: 1.391e-03, eta: 6:19:40, time: 1.546, data_time: 0.000, memory: 6270, top1_acc: 1.0000, top5_acc: 1.0000, loss_cls: 0.0083, loss: 0.0083
2026-08-08 08:24:33,290 - pyskl - INFO - Epoch [14][3700/6265]	lr: 1.373e-03, eta: 6:17:10, time: 1.539, data_time: 0.000, memory: 6270, top1_acc: 0.9991, top5_acc: 1.0000, loss_cls: 0.0104, loss: 0.0104
2026-08-08 08:27:07,927 - pyskl - INFO - Epoch [14][3800/6265]	lr: 1.355e-03, eta: 6:14:41, time: 1.546, data_time: 0.000, memory: 6270, top1_acc: 0.9994, top5_acc: 1.0000, loss_cls: 0.0101, loss: 0.0101
2026-08-08 08:29:43,044 - pyskl - INFO - Epoch [14][3900/6265]	lr: 1.338e-03, eta: 6:12:12, time: 1.551, data_time: 0.000, memory: 6270, top1_acc: 0.9997, top5_acc: 1.0000, loss_cls: 0.0091, loss: 0.0091
2026-08-08 08:32:17,413 - pyskl - INFO - Epoch [14][4000/6265]	lr: 1.320e-03, eta: 6:09:43, time: 1.544, data_time: 0.000, memory: 6270, top1_acc: 0.9994, top5_acc: 1.0000, loss_cls: 0.0106, loss: 0.0106
2026-08-08 08:34:51,584 - pyskl - INFO - Epoch [14][4100/6265]	lr: 1.303e-03, eta: 6:07:14, time: 1.542, data_time: 0.000, memory: 6270, top1_acc: 0.9997, top5_acc: 1.0000, loss_cls: 0.0111, loss: 0.0111
2026-08-08 08:37:25,301 - pyskl - INFO - Epoch [14][4200/6265]	lr: 1.285e-03, eta: 6:04:45, time: 1.537, data_time: 0.000, memory: 6270, top1_acc: 1.0000, top5_acc: 1.0000, loss_cls: 0.0089, loss: 0.0089
2026-08-08 08:39:59,634 - pyskl - INFO - Epoch [14][4300/6265]	lr: 1.268e-03, eta: 6:02:15, time: 1.543, data_time: 0.000, memory: 6270, top1_acc: 0.9994, top5_acc: 1.0000, loss_cls: 0.0086, loss: 0.0086
2026-08-08 08:42:34,253 - pyskl - INFO - Epoch [14][4400/6265]	lr: 1.251e-03, eta: 5:59:46, time: 1.546, data_time: 0.000, memory: 6270, top1_acc: 1.0000, top5_acc: 1.0000, loss_cls: 0.0091, loss: 0.0091
2026-08-08 08:45:08,781 - pyskl - INFO - Epoch [14][4500/6265]	lr: 1.234e-03, eta: 5:57:17, time: 1.545, data_time: 0.000, memory: 6270, top1_acc: 0.9994, top5_acc: 1.0000, loss_cls: 0.0096, loss: 0.0096
2026-08-08 08:47:43,523 - pyskl - INFO - Epoch [14][4600/6265]	lr: 1.217e-03, eta: 5:54:48, time: 1.547, data_time: 0.000, memory: 6270, top1_acc: 0.9994, top5_acc: 1.0000, loss_cls: 0.0085, loss: 0.0085
2026-08-08 08:50:17,743 - pyskl - INFO - Epoch [14][4700/6265]	lr: 1.200e-03, eta: 5:52:19, time: 1.542, data_time: 0.000, memory: 6270, top1_acc: 0.9997, top5_acc: 1.0000, loss_cls: 0.0093, loss: 0.0093
2026-08-08 08:52:52,602 - pyskl - INFO - Epoch [14][4800/6265]	lr: 1.183e-03, eta: 5:49:49, time: 1.549, data_time: 0.000, memory: 6270, top1_acc: 0.9994, top5_acc: 1.0000, loss_cls: 0.0106, loss: 0.0106
2026-08-08 08:55:26,842 - pyskl - INFO - Epoch [14][4900/6265]	lr: 1.167e-03, eta: 5:47:20, time: 1.542, data_time: 0.000, memory: 6270, top1_acc: 0.9997, top5_acc: 1.0000, loss_cls: 0.0097, loss: 0.0097
2026-08-08 08:58:01,757 - pyskl - INFO - Epoch [14][5000/6265]	lr: 1.150e-03, eta: 5:44:51, time: 1.549, data_time: 0.000, memory: 6270, top1_acc: 0.9994, top5_acc: 1.0000, loss_cls: 0.0099, loss: 0.0099
2026-08-08 09:00:36,958 - pyskl - INFO - Epoch [14][5100/6265]	lr: 1.134e-03, eta: 5:42:22, time: 1.552, data_time: 0.000, memory: 6270, top1_acc: 0.9991, top5_acc: 1.0000, loss_cls: 0.0100, loss: 0.0100
2026-08-08 09:03:11,323 - pyskl - INFO - Epoch [14][5200/6265]	lr: 1.118e-03, eta: 5:39:52, time: 1.544, data_time: 0.000, memory: 6270, top1_acc: 0.9994, top5_acc: 1.0000, loss_cls: 0.0096, loss: 0.0096
2026-08-08 09:05:46,366 - pyskl - INFO - Epoch [14][5300/6265]	lr: 1.102e-03, eta: 5:37:23, time: 1.550, data_time: 0.000, memory: 6270, top1_acc: 0.9994, top5_acc: 1.0000, loss_cls: 0.0096, loss: 0.0096
2026-08-08 09:08:21,070 - pyskl - INFO - Epoch [14][5400/6265]	lr: 1.086e-03, eta: 5:34:54, time: 1.547, data_time: 0.000, memory: 6270, top1_acc: 1.0000, top5_acc: 1.0000, loss_cls: 0.0083, loss: 0.0083
2026-08-08 09:10:55,534 - pyskl - INFO - Epoch [14][5500/6265]	lr: 1.070e-03, eta: 5:32:25, time: 1.545, data_time: 0.000, memory: 6270, top1_acc: 1.0000, top5_acc: 1.0000, loss_cls: 0.0079, loss: 0.0079
2026-08-08 09:13:30,334 - pyskl - INFO - Epoch [14][5600/6265]	lr: 1.054e-03, eta: 5:29:55, time: 1.548, data_time: 0.000, memory: 6270, top1_acc: 0.9997, top5_acc: 1.0000, loss_cls: 0.0092, loss: 0.0092
2026-08-08 09:16:05,065 - pyskl - INFO - Epoch [14][5700/6265]	lr: 1.038e-03, eta: 5:27:26, time: 1.547, data_time: 0.000, memory: 6270, top1_acc: 0.9997, top5_acc: 1.0000, loss_cls: 0.0091, loss: 0.0091
2026-08-08 09:18:38,931 - pyskl - INFO - Epoch [14][5800/6265]	lr: 1.023e-03, eta: 5:24:56, time: 1.539, data_time: 0.000, memory: 6270, top1_acc: 0.9997, top5_acc: 1.0000, loss_cls: 0.0085, loss: 0.0085
2026-08-08 09:21:13,605 - pyskl - INFO - Epoch [14][5900/6265]	lr: 1.007e-03, eta: 5:22:27, time: 1.547, data_time: 0.000, memory: 6270, top1_acc: 0.9997, top5_acc: 1.0000, loss_cls: 0.0087, loss: 0.0087
2026-08-08 09:23:47,964 - pyskl - INFO - Epoch [14][6000/6265]	lr: 9.918e-04, eta: 5:19:58, time: 1.544, data_time: 0.000, memory: 6270, top1_acc: 0.9997, top5_acc: 1.0000, loss_cls: 0.0100, loss: 0.0100
2026-08-08 09:26:22,497 - pyskl - INFO - Epoch [14][6100/6265]	lr: 9.765e-04, eta: 5:17:28, time: 1.545, data_time: 0.000, memory: 6270, top1_acc: 1.0000, top5_acc: 1.0000, loss_cls: 0.0084, loss: 0.0084
2026-08-08 09:28:57,477 - pyskl - INFO - Epoch [14][6200/6265]	lr: 9.614e-04, eta: 5:14:59, time: 1.550, data_time: 0.000, memory: 6270, top1_acc: 0.9997, top5_acc: 1.0000, loss_cls: 0.0103, loss: 0.0103
2026-08-08 09:30:37,343 - pyskl - INFO - Saving checkpoint at 14 epochs
2026-08-08 09:42:58,020 - pyskl - INFO - Evaluating top_k_accuracy ...
2026-08-08 09:42:58,060 - pyskl - INFO - 
top1_acc	0.8967
top5_acc	0.9792
2026-08-08 09:42:58,061 - pyskl - INFO - The previous best checkpoint D:\YxjProject\pythonProject\pyskl\work_dirs\ctrgcn\ctrgcn_pyskl_ntu60_xsub_3dkp\j_single_gpu\best_top1_acc_epoch_13.pth was removed
2026-08-08 09:42:58,145 - pyskl - INFO - Now best checkpoint is saved as best_top1_acc_epoch_14.pth.
2026-08-08 09:42:58,145 - pyskl - INFO - Best top1_acc is 0.8967 at 14 epoch.
2026-08-08 09:42:58,146 - pyskl - INFO - Epoch(val) [14][516]	top1_acc: 0.8967, top5_acc: 0.9792
2026-08-08 09:45:44,708 - pyskl - INFO - Epoch [15][100/6265]	lr: 9.367e-04, eta: 5:10:40, time: 1.665, data_time: 0.116, memory: 6270, top1_acc: 0.9991, top5_acc: 1.0000, loss_cls: 0.0093, loss: 0.0093
2026-08-08 09:48:18,085 - pyskl - INFO - Epoch [15][200/6265]	lr: 9.219e-04, eta: 5:08:10, time: 1.534, data_time: 0.000, memory: 6270, top1_acc: 0.9997, top5_acc: 1.0000, loss_cls: 0.0086, loss: 0.0086
2026-08-08 09:50:52,994 - pyskl - INFO - Epoch [15][300/6265]	lr: 9.072e-04, eta: 5:05:41, time: 1.549, data_time: 0.000, memory: 6270, top1_acc: 0.9991, top5_acc: 1.0000, loss_cls: 0.0084, loss: 0.0084
2026-08-08 09:53:28,090 - pyskl - INFO - Epoch [15][400/6265]	lr: 8.926e-04, eta: 5:03:12, time: 1.551, data_time: 0.000, memory: 6270, top1_acc: 0.9997, top5_acc: 1.0000, loss_cls: 0.0082, loss: 0.0082
2026-08-08 09:56:02,733 - pyskl - INFO - Epoch [15][500/6265]	lr: 8.781e-04, eta: 5:00:43, time: 1.546, data_time: 0.000, memory: 6270, top1_acc: 0.9991, top5_acc: 1.0000, loss_cls: 0.0099, loss: 0.0099
2026-08-08 09:58:37,313 - pyskl - INFO - Epoch [15][600/6265]	lr: 8.637e-04, eta: 4:58:13, time: 1.546, data_time: 0.000, memory: 6270, top1_acc: 0.9991, top5_acc: 1.0000, loss_cls: 0.0104, loss: 0.0104
2026-08-08 10:01:12,429 - pyskl - INFO - Epoch [15][700/6265]	lr: 8.495e-04, eta: 4:55:44, time: 1.551, data_time: 0.000, memory: 6270, top1_acc: 0.9988, top5_acc: 1.0000, loss_cls: 0.0097, loss: 0.0097
2026-08-08 10:03:46,386 - pyskl - INFO - Epoch [15][800/6265]	lr: 8.354e-04, eta: 4:53:14, time: 1.540, data_time: 0.000, memory: 6270, top1_acc: 1.0000, top5_acc: 1.0000, loss_cls: 0.0081, loss: 0.0081
2026-08-08 10:06:20,339 - pyskl - INFO - Epoch [15][900/6265]	lr: 8.213e-04, eta: 4:50:45, time: 1.540, data_time: 0.000, memory: 6270, top1_acc: 0.9997, top5_acc: 1.0000, loss_cls: 0.0085, loss: 0.0085
2026-08-08 10:08:54,948 - pyskl - INFO - Epoch [15][1000/6265]	lr: 8.074e-04, eta: 4:48:15, time: 1.546, data_time: 0.000, memory: 6270, top1_acc: 1.0000, top5_acc: 1.0000, loss_cls: 0.0080, loss: 0.0080
2026-08-08 10:11:28,570 - pyskl - INFO - Epoch [15][1100/6265]	lr: 7.936e-04, eta: 4:45:46, time: 1.536, data_time: 0.000, memory: 6270, top1_acc: 1.0000, top5_acc: 1.0000, loss_cls: 0.0096, loss: 0.0096
2026-08-08 10:14:02,823 - pyskl - INFO - Epoch [15][1200/6265]	lr: 7.799e-04, eta: 4:43:16, time: 1.543, data_time: 0.000, memory: 6270, top1_acc: 1.0000, top5_acc: 1.0000, loss_cls: 0.0085, loss: 0.0085
2026-08-08 10:16:37,453 - pyskl - INFO - Epoch [15][1300/6265]	lr: 7.664e-04, eta: 4:40:47, time: 1.546, data_time: 0.000, memory: 6270, top1_acc: 0.9997, top5_acc: 1.0000, loss_cls: 0.0087, loss: 0.0087
2026-08-08 10:19:12,051 - pyskl - INFO - Epoch [15][1400/6265]	lr: 7.529e-04, eta: 4:38:18, time: 1.546, data_time: 0.000, memory: 6270, top1_acc: 0.9997, top5_acc: 1.0000, loss_cls: 0.0092, loss: 0.0092
2026-08-08 10:21:46,449 - pyskl - INFO - Epoch [15][1500/6265]	lr: 7.396e-04, eta: 4:35:48, time: 1.544, data_time: 0.000, memory: 6270, top1_acc: 0.9997, top5_acc: 1.0000, loss_cls: 0.0090, loss: 0.0090
2026-08-08 10:24:21,586 - pyskl - INFO - Epoch [15][1600/6265]	lr: 7.264e-04, eta: 4:33:19, time: 1.551, data_time: 0.000, memory: 6270, top1_acc: 1.0000, top5_acc: 1.0000, loss_cls: 0.0088, loss: 0.0088
2026-08-08 10:26:55,944 - pyskl - INFO - Epoch [15][1700/6265]	lr: 7.133e-04, eta: 4:30:49, time: 1.544, data_time: 0.000, memory: 6270, top1_acc: 0.9994, top5_acc: 1.0000, loss_cls: 0.0086, loss: 0.0086
2026-08-08 10:29:31,002 - pyskl - INFO - Epoch [15][1800/6265]	lr: 7.003e-04, eta: 4:28:20, time: 1.551, data_time: 0.000, memory: 6270, top1_acc: 0.9997, top5_acc: 1.0000, loss_cls: 0.0086, loss: 0.0086
2026-08-08 10:32:06,230 - pyskl - INFO - Epoch [15][1900/6265]	lr: 6.874e-04, eta: 4:25:50, time: 1.552, data_time: 0.000, memory: 6270, top1_acc: 1.0000, top5_acc: 1.0000, loss_cls: 0.0078, loss: 0.0078
2026-08-08 10:34:40,745 - pyskl - INFO - Epoch [15][2000/6265]	lr: 6.747e-04, eta: 4:23:21, time: 1.545, data_time: 0.000, memory: 6270, top1_acc: 1.0000, top5_acc: 1.0000, loss_cls: 0.0083, loss: 0.0083
2026-08-08 10:37:15,987 - pyskl - INFO - Epoch [15][2100/6265]	lr: 6.620e-04, eta: 4:20:51, time: 1.552, data_time: 0.000, memory: 6270, top1_acc: 0.9997, top5_acc: 1.0000, loss_cls: 0.0090, loss: 0.0090
2026-08-08 10:39:50,213 - pyskl - INFO - Epoch [15][2200/6265]	lr: 6.495e-04, eta: 4:18:22, time: 1.542, data_time: 0.000, memory: 6270, top1_acc: 0.9997, top5_acc: 1.0000, loss_cls: 0.0089, loss: 0.0089
2026-08-08 10:42:24,921 - pyskl - INFO - Epoch [15][2300/6265]	lr: 6.371e-04, eta: 4:15:52, time: 1.547, data_time: 0.000, memory: 6270, top1_acc: 0.9994, top5_acc: 1.0000, loss_cls: 0.0084, loss: 0.0084
2026-08-08 10:44:59,771 - pyskl - INFO - Epoch [15][2400/6265]	lr: 6.248e-04, eta: 4:13:23, time: 1.548, data_time: 0.001, memory: 6270, top1_acc: 1.0000, top5_acc: 1.0000, loss_cls: 0.0075, loss: 0.0075
2026-08-08 10:47:34,206 - pyskl - INFO - Epoch [15][2500/6265]	lr: 6.126e-04, eta: 4:10:53, time: 1.544, data_time: 0.000, memory: 6270, top1_acc: 0.9997, top5_acc: 1.0000, loss_cls: 0.0075, loss: 0.0075
2026-08-08 10:50:08,456 - pyskl - INFO - Epoch [15][2600/6265]	lr: 6.006e-04, eta: 4:08:23, time: 1.543, data_time: 0.000, memory: 6270, top1_acc: 1.0000, top5_acc: 1.0000, loss_cls: 0.0080, loss: 0.0080
2026-08-08 10:52:43,372 - pyskl - INFO - Epoch [15][2700/6265]	lr: 5.886e-04, eta: 4:05:54, time: 1.549, data_time: 0.000, memory: 6270, top1_acc: 0.9997, top5_acc: 1.0000, loss_cls: 0.0082, loss: 0.0082
2026-08-08 10:55:18,399 - pyskl - INFO - Epoch [15][2800/6265]	lr: 5.768e-04, eta: 4:03:24, time: 1.550, data_time: 0.000, memory: 6270, top1_acc: 1.0000, top5_acc: 1.0000, loss_cls: 0.0065, loss: 0.0065
2026-08-08 10:57:53,351 - pyskl - INFO - Epoch [15][2900/6265]	lr: 5.651e-04, eta: 4:00:55, time: 1.550, data_time: 0.000, memory: 6270, top1_acc: 1.0000, top5_acc: 1.0000, loss_cls: 0.0067, loss: 0.0067
2026-08-08 11:00:28,623 - pyskl - INFO - Epoch [15][3000/6265]	lr: 5.535e-04, eta: 3:58:25, time: 1.553, data_time: 0.000, memory: 6270, top1_acc: 1.0000, top5_acc: 1.0000, loss_cls: 0.0079, loss: 0.0079
2026-08-08 11:03:03,201 - pyskl - INFO - Epoch [15][3100/6265]	lr: 5.421e-04, eta: 3:55:55, time: 1.546, data_time: 0.000, memory: 6270, top1_acc: 0.9994, top5_acc: 1.0000, loss_cls: 0.0082, loss: 0.0082
2026-08-08 11:05:38,429 - pyskl - INFO - Epoch [15][3200/6265]	lr: 5.307e-04, eta: 3:53:26, time: 1.552, data_time: 0.000, memory: 6270, top1_acc: 0.9997, top5_acc: 1.0000, loss_cls: 0.0074, loss: 0.0074
2026-08-08 11:08:13,527 - pyskl - INFO - Epoch [15][3300/6265]	lr: 5.195e-04, eta: 3:50:56, time: 1.551, data_time: 0.000, memory: 6270, top1_acc: 1.0000, top5_acc: 1.0000, loss_cls: 0.0077, loss: 0.0077
2026-08-08 11:10:48,235 - pyskl - INFO - Epoch [15][3400/6265]	lr: 5.084e-04, eta: 3:48:27, time: 1.547, data_time: 0.000, memory: 6270, top1_acc: 1.0000, top5_acc: 1.0000, loss_cls: 0.0079, loss: 0.0079
2026-08-08 11:13:22,639 - pyskl - INFO - Epoch [15][3500/6265]	lr: 4.974e-04, eta: 3:45:57, time: 1.544, data_time: 0.000, memory: 6270, top1_acc: 0.9997, top5_acc: 1.0000, loss_cls: 0.0086, loss: 0.0086
2026-08-08 11:15:57,065 - pyskl - INFO - Epoch [15][3600/6265]	lr: 4.865e-04, eta: 3:43:27, time: 1.544, data_time: 0.000, memory: 6270, top1_acc: 1.0000, top5_acc: 1.0000, loss_cls: 0.0067, loss: 0.0067
2026-08-08 11:18:30,739 - pyskl - INFO - Epoch [15][3700/6265]	lr: 4.757e-04, eta: 3:40:57, time: 1.537, data_time: 0.000, memory: 6270, top1_acc: 1.0000, top5_acc: 1.0000, loss_cls: 0.0073, loss: 0.0073
2026-08-08 11:21:05,544 - pyskl - INFO - Epoch [15][3800/6265]	lr: 4.651e-04, eta: 3:38:28, time: 1.548, data_time: 0.000, memory: 6270, top1_acc: 1.0000, top5_acc: 1.0000, loss_cls: 0.0071, loss: 0.0071
2026-08-08 11:23:40,502 - pyskl - INFO - Epoch [15][3900/6265]	lr: 4.545e-04, eta: 3:35:58, time: 1.550, data_time: 0.000, memory: 6270, top1_acc: 1.0000, top5_acc: 1.0000, loss_cls: 0.0071, loss: 0.0071
2026-08-08 11:26:14,969 - pyskl - INFO - Epoch [15][4000/6265]	lr: 4.441e-04, eta: 3:33:28, time: 1.545, data_time: 0.000, memory: 6270, top1_acc: 1.0000, top5_acc: 1.0000, loss_cls: 0.0078, loss: 0.0078
2026-08-08 11:28:49,982 - pyskl - INFO - Epoch [15][4100/6265]	lr: 4.338e-04, eta: 3:30:59, time: 1.550, data_time: 0.000, memory: 6270, top1_acc: 0.9997, top5_acc: 1.0000, loss_cls: 0.0077, loss: 0.0077
2026-08-08 11:31:25,174 - pyskl - INFO - Epoch [15][4200/6265]	lr: 4.237e-04, eta: 3:28:29, time: 1.552, data_time: 0.000, memory: 6270, top1_acc: 1.0000, top5_acc: 1.0000, loss_cls: 0.0078, loss: 0.0078
2026-08-08 11:33:59,676 - pyskl - INFO - Epoch [15][4300/6265]	lr: 4.136e-04, eta: 3:25:59, time: 1.545, data_time: 0.000, memory: 6270, top1_acc: 0.9997, top5_acc: 1.0000, loss_cls: 0.0071, loss: 0.0071
2026-08-08 11:36:34,531 - pyskl - INFO - Epoch [15][4400/6265]	lr: 4.037e-04, eta: 3:23:29, time: 1.549, data_time: 0.000, memory: 6270, top1_acc: 1.0000, top5_acc: 1.0000, loss_cls: 0.0070, loss: 0.0070
2026-08-08 11:39:08,962 - pyskl - INFO - Epoch [15][4500/6265]	lr: 3.939e-04, eta: 3:20:59, time: 1.544, data_time: 0.000, memory: 6270, top1_acc: 0.9994, top5_acc: 1.0000, loss_cls: 0.0082, loss: 0.0082
2026-08-08 11:41:43,595 - pyskl - INFO - Epoch [15][4600/6265]	lr: 3.842e-04, eta: 3:18:30, time: 1.546, data_time: 0.000, memory: 6270, top1_acc: 0.9997, top5_acc: 1.0000, loss_cls: 0.0085, loss: 0.0085
2026-08-08 11:44:17,860 - pyskl - INFO - Epoch [15][4700/6265]	lr: 3.746e-04, eta: 3:16:00, time: 1.543, data_time: 0.000, memory: 6270, top1_acc: 1.0000, top5_acc: 1.0000, loss_cls: 0.0074, loss: 0.0074
2026-08-08 11:46:52,551 - pyskl - INFO - Epoch [15][4800/6265]	lr: 3.651e-04, eta: 3:13:30, time: 1.547, data_time: 0.000, memory: 6270, top1_acc: 0.9994, top5_acc: 1.0000, loss_cls: 0.0083, loss: 0.0083
2026-08-08 11:49:27,709 - pyskl - INFO - Epoch [15][4900/6265]	lr: 3.558e-04, eta: 3:11:00, time: 1.552, data_time: 0.000, memory: 6270, top1_acc: 0.9997, top5_acc: 1.0000, loss_cls: 0.0085, loss: 0.0085
2026-08-08 11:52:01,782 - pyskl - INFO - Epoch [15][5000/6265]	lr: 3.466e-04, eta: 3:08:30, time: 1.541, data_time: 0.000, memory: 6270, top1_acc: 1.0000, top5_acc: 1.0000, loss_cls: 0.0066, loss: 0.0066
2026-08-08 11:54:36,980 - pyskl - INFO - Epoch [15][5100/6265]	lr: 3.375e-04, eta: 3:06:00, time: 1.552, data_time: 0.000, memory: 6270, top1_acc: 0.9994, top5_acc: 1.0000, loss_cls: 0.0084, loss: 0.0084
2026-08-08 11:57:11,204 - pyskl - INFO - Epoch [15][5200/6265]	lr: 3.285e-04, eta: 3:03:31, time: 1.542, data_time: 0.000, memory: 6270, top1_acc: 0.9997, top5_acc: 1.0000, loss_cls: 0.0084, loss: 0.0084
2026-08-08 11:59:46,033 - pyskl - INFO - Epoch [15][5300/6265]	lr: 3.196e-04, eta: 3:01:01, time: 1.548, data_time: 0.000, memory: 6270, top1_acc: 0.9997, top5_acc: 1.0000, loss_cls: 0.0071, loss: 0.0071
2026-08-08 12:02:20,342 - pyskl - INFO - Epoch [15][5400/6265]	lr: 3.109e-04, eta: 2:58:31, time: 1.543, data_time: 0.000, memory: 6270, top1_acc: 0.9997, top5_acc: 1.0000, loss_cls: 0.0094, loss: 0.0094
2026-08-08 12:04:53,946 - pyskl - INFO - Epoch [15][5500/6265]	lr: 3.023e-04, eta: 2:56:01, time: 1.536, data_time: 0.000, memory: 6270, top1_acc: 1.0000, top5_acc: 1.0000, loss_cls: 0.0077, loss: 0.0077
2026-08-08 12:07:27,832 - pyskl - INFO - Epoch [15][5600/6265]	lr: 2.938e-04, eta: 2:53:31, time: 1.539, data_time: 0.000, memory: 6270, top1_acc: 1.0000, top5_acc: 1.0000, loss_cls: 0.0069, loss: 0.0069
2026-08-08 12:10:02,298 - pyskl - INFO - Epoch [15][5700/6265]	lr: 2.854e-04, eta: 2:51:01, time: 1.545, data_time: 0.000, memory: 6270, top1_acc: 1.0000, top5_acc: 1.0000, loss_cls: 0.0074, loss: 0.0074
2026-08-08 12:12:37,404 - pyskl - INFO - Epoch [15][5800/6265]	lr: 2.771e-04, eta: 2:48:31, time: 1.551, data_time: 0.000, memory: 6270, top1_acc: 1.0000, top5_acc: 1.0000, loss_cls: 0.0069, loss: 0.0069
2026-08-08 12:15:12,207 - pyskl - INFO - Epoch [15][5900/6265]	lr: 2.690e-04, eta: 2:46:01, time: 1.548, data_time: 0.000, memory: 6270, top1_acc: 1.0000, top5_acc: 1.0000, loss_cls: 0.0089, loss: 0.0089
2026-08-08 12:17:46,772 - pyskl - INFO - Epoch [15][6000/6265]	lr: 2.609e-04, eta: 2:43:31, time: 1.546, data_time: 0.001, memory: 6270, top1_acc: 0.9997, top5_acc: 1.0000, loss_cls: 0.0094, loss: 0.0094
2026-08-08 12:20:21,178 - pyskl - INFO - Epoch [15][6100/6265]	lr: 2.530e-04, eta: 2:41:01, time: 1.544, data_time: 0.000, memory: 6270, top1_acc: 0.9997, top5_acc: 1.0000, loss_cls: 0.0080, loss: 0.0080
2026-08-08 12:22:56,219 - pyskl - INFO - Epoch [15][6200/6265]	lr: 2.453e-04, eta: 2:38:31, time: 1.550, data_time: 0.000, memory: 6270, top1_acc: 1.0000, top5_acc: 1.0000, loss_cls: 0.0067, loss: 0.0067
2026-08-08 12:24:36,172 - pyskl - INFO - Saving checkpoint at 15 epochs
2026-08-08 12:36:51,903 - pyskl - INFO - Evaluating top_k_accuracy ...
2026-08-08 12:36:51,943 - pyskl - INFO - 
top1_acc	0.8976
top5_acc	0.9797
2026-08-08 12:36:51,945 - pyskl - INFO - The previous best checkpoint D:\YxjProject\pythonProject\pyskl\work_dirs\ctrgcn\ctrgcn_pyskl_ntu60_xsub_3dkp\j_single_gpu\best_top1_acc_epoch_14.pth was removed
2026-08-08 12:36:52,063 - pyskl - INFO - Now best checkpoint is saved as best_top1_acc_epoch_15.pth.
2026-08-08 12:36:52,063 - pyskl - INFO - Best top1_acc is 0.8976 at 15 epoch.
2026-08-08 12:36:52,064 - pyskl - INFO - Epoch(val) [15][516]	top1_acc: 0.8976, top5_acc: 0.9797
2026-08-08 12:39:38,347 - pyskl - INFO - Epoch [16][100/6265]	lr: 2.327e-04, eta: 2:34:18, time: 1.663, data_time: 0.116, memory: 6270, top1_acc: 0.9994, top5_acc: 1.0000, loss_cls: 0.0087, loss: 0.0087
2026-08-08 12:42:12,373 - pyskl - INFO - Epoch [16][200/6265]	lr: 2.252e-04, eta: 2:31:48, time: 1.540, data_time: 0.000, memory: 6270, top1_acc: 0.9997, top5_acc: 1.0000, loss_cls: 0.0068, loss: 0.0068
2026-08-08 12:44:46,343 - pyskl - INFO - Epoch [16][300/6265]	lr: 2.179e-04, eta: 2:29:18, time: 1.540, data_time: 0.000, memory: 6270, top1_acc: 1.0000, top5_acc: 1.0000, loss_cls: 0.0066, loss: 0.0066
2026-08-08 12:47:21,170 - pyskl - INFO - Epoch [16][400/6265]	lr: 2.106e-04, eta: 2:26:48, time: 1.548, data_time: 0.000, memory: 6270, top1_acc: 1.0000, top5_acc: 1.0000, loss_cls: 0.0078, loss: 0.0078
2026-08-08 12:49:55,459 - pyskl - INFO - Epoch [16][500/6265]	lr: 2.035e-04, eta: 2:24:18, time: 1.543, data_time: 0.000, memory: 6270, top1_acc: 0.9997, top5_acc: 1.0000, loss_cls: 0.0071, loss: 0.0071
2026-08-08 12:52:30,406 - pyskl - INFO - Epoch [16][600/6265]	lr: 1.966e-04, eta: 2:21:48, time: 1.549, data_time: 0.000, memory: 6270, top1_acc: 0.9991, top5_acc: 1.0000, loss_cls: 0.0080, loss: 0.0080
2026-08-08 12:55:05,317 - pyskl - INFO - Epoch [16][700/6265]	lr: 1.897e-04, eta: 2:19:18, time: 1.549, data_time: 0.000, memory: 6270, top1_acc: 0.9994, top5_acc: 1.0000, loss_cls: 0.0083, loss: 0.0083
2026-08-08 12:57:40,037 - pyskl - INFO - Epoch [16][800/6265]	lr: 1.830e-04, eta: 2:16:48, time: 1.547, data_time: 0.000, memory: 6270, top1_acc: 0.9997, top5_acc: 1.0000, loss_cls: 0.0080, loss: 0.0080
2026-08-08 13:00:14,475 - pyskl - INFO - Epoch [16][900/6265]	lr: 1.763e-04, eta: 2:14:19, time: 1.544, data_time: 0.000, memory: 6270, top1_acc: 0.9997, top5_acc: 1.0000, loss_cls: 0.0088, loss: 0.0088
2026-08-08 13:02:49,059 - pyskl - INFO - Epoch [16][1000/6265]	lr: 1.699e-04, eta: 2:11:49, time: 1.546, data_time: 0.000, memory: 6270, top1_acc: 0.9997, top5_acc: 1.0000, loss_cls: 0.0083, loss: 0.0083
2026-08-08 13:05:23,268 - pyskl - INFO - Epoch [16][1100/6265]	lr: 1.635e-04, eta: 2:09:19, time: 1.542, data_time: 0.000, memory: 6270, top1_acc: 0.9997, top5_acc: 1.0000, loss_cls: 0.0090, loss: 0.0090
2026-08-08 13:07:57,586 - pyskl - INFO - Epoch [16][1200/6265]	lr: 1.572e-04, eta: 2:06:49, time: 1.543, data_time: 0.000, memory: 6270, top1_acc: 0.9997, top5_acc: 1.0000, loss_cls: 0.0086, loss: 0.0086
2026-08-08 13:10:32,535 - pyskl - INFO - Epoch [16][1300/6265]	lr: 1.511e-04, eta: 2:04:19, time: 1.549, data_time: 0.000, memory: 6270, top1_acc: 0.9997, top5_acc: 1.0000, loss_cls: 0.0076, loss: 0.0076
2026-08-08 13:13:07,136 - pyskl - INFO - Epoch [16][1400/6265]	lr: 1.451e-04, eta: 2:01:49, time: 1.546, data_time: 0.000, memory: 6270, top1_acc: 1.0000, top5_acc: 1.0000, loss_cls: 0.0074, loss: 0.0074
2026-08-08 13:15:41,477 - pyskl - INFO - Epoch [16][1500/6265]	lr: 1.392e-04, eta: 1:59:19, time: 1.543, data_time: 0.000, memory: 6270, top1_acc: 0.9997, top5_acc: 1.0000, loss_cls: 0.0070, loss: 0.0070
2026-08-08 13:18:14,604 - pyskl - INFO - Epoch [16][1600/6265]	lr: 1.334e-04, eta: 1:56:48, time: 1.531, data_time: 0.000, memory: 6270, top1_acc: 1.0000, top5_acc: 1.0000, loss_cls: 0.0070, loss: 0.0070
2026-08-08 13:20:48,956 - pyskl - INFO - Epoch [16][1700/6265]	lr: 1.278e-04, eta: 1:54:18, time: 1.544, data_time: 0.000, memory: 6270, top1_acc: 1.0000, top5_acc: 1.0000, loss_cls: 0.0080, loss: 0.0080
2026-08-08 13:23:23,473 - pyskl - INFO - Epoch [16][1800/6265]	lr: 1.222e-04, eta: 1:51:48, time: 1.545, data_time: 0.000, memory: 6270, top1_acc: 0.9997, top5_acc: 1.0000, loss_cls: 0.0076, loss: 0.0076
2026-08-08 13:25:57,772 - pyskl - INFO - Epoch [16][1900/6265]	lr: 1.168e-04, eta: 1:49:18, time: 1.543, data_time: 0.000, memory: 6270, top1_acc: 1.0000, top5_acc: 1.0000, loss_cls: 0.0065, loss: 0.0065
2026-08-08 13:28:32,149 - pyskl - INFO - Epoch [16][2000/6265]	lr: 1.116e-04, eta: 1:46:48, time: 1.544, data_time: 0.000, memory: 6270, top1_acc: 1.0000, top5_acc: 1.0000, loss_cls: 0.0068, loss: 0.0068
2026-08-08 13:31:06,135 - pyskl - INFO - Epoch [16][2100/6265]	lr: 1.064e-04, eta: 1:44:18, time: 1.540, data_time: 0.000, memory: 6270, top1_acc: 1.0000, top5_acc: 1.0000, loss_cls: 0.0080, loss: 0.0080
2026-08-08 13:33:41,089 - pyskl - INFO - Epoch [16][2200/6265]	lr: 1.014e-04, eta: 1:41:48, time: 1.550, data_time: 0.000, memory: 6270, top1_acc: 0.9997, top5_acc: 1.0000, loss_cls: 0.0069, loss: 0.0069
2026-08-08 13:36:14,664 - pyskl - INFO - Epoch [16][2300/6265]	lr: 9.644e-05, eta: 1:39:18, time: 1.536, data_time: 0.000, memory: 6270, top1_acc: 1.0000, top5_acc: 1.0000, loss_cls: 0.0066, loss: 0.0066
2026-08-08 13:38:49,313 - pyskl - INFO - Epoch [16][2400/6265]	lr: 9.164e-05, eta: 1:36:48, time: 1.546, data_time: 0.000, memory: 6270, top1_acc: 0.9997, top5_acc: 1.0000, loss_cls: 0.0073, loss: 0.0073
2026-08-08 13:41:24,590 - pyskl - INFO - Epoch [16][2500/6265]	lr: 8.697e-05, eta: 1:34:18, time: 1.553, data_time: 0.000, memory: 6270, top1_acc: 0.9994, top5_acc: 1.0000, loss_cls: 0.0086, loss: 0.0086
2026-08-08 13:43:59,685 - pyskl - INFO - Epoch [16][2600/6265]	lr: 8.241e-05, eta: 1:31:48, time: 1.551, data_time: 0.000, memory: 6270, top1_acc: 0.9994, top5_acc: 1.0000, loss_cls: 0.0085, loss: 0.0085
2026-08-08 13:46:34,421 - pyskl - INFO - Epoch [16][2700/6265]	lr: 7.798e-05, eta: 1:29:17, time: 1.547, data_time: 0.000, memory: 6270, top1_acc: 0.9997, top5_acc: 1.0000, loss_cls: 0.0071, loss: 0.0071
2026-08-08 13:49:08,302 - pyskl - INFO - Epoch [16][2800/6265]	lr: 7.368e-05, eta: 1:26:47, time: 1.539, data_time: 0.000, memory: 6270, top1_acc: 1.0000, top5_acc: 1.0000, loss_cls: 0.0076, loss: 0.0076
2026-08-08 13:51:42,667 - pyskl - INFO - Epoch [16][2900/6265]	lr: 6.949e-05, eta: 1:24:17, time: 1.544, data_time: 0.000, memory: 6270, top1_acc: 1.0000, top5_acc: 1.0000, loss_cls: 0.0080, loss: 0.0080
2026-08-08 13:54:17,363 - pyskl - INFO - Epoch [16][3000/6265]	lr: 6.543e-05, eta: 1:21:47, time: 1.547, data_time: 0.000, memory: 6270, top1_acc: 1.0000, top5_acc: 1.0000, loss_cls: 0.0071, loss: 0.0071
2026-08-08 13:56:52,199 - pyskl - INFO - Epoch [16][3100/6265]	lr: 6.148e-05, eta: 1:19:17, time: 1.548, data_time: 0.000, memory: 6270, top1_acc: 1.0000, top5_acc: 1.0000, loss_cls: 0.0074, loss: 0.0074
2026-08-08 13:59:26,952 - pyskl - INFO - Epoch [16][3200/6265]	lr: 5.766e-05, eta: 1:16:47, time: 1.548, data_time: 0.000, memory: 6270, top1_acc: 1.0000, top5_acc: 1.0000, loss_cls: 0.0063, loss: 0.0063
2026-08-08 14:02:01,164 - pyskl - INFO - Epoch [16][3300/6265]	lr: 5.397e-05, eta: 1:14:16, time: 1.542, data_time: 0.000, memory: 6270, top1_acc: 1.0000, top5_acc: 1.0000, loss_cls: 0.0071, loss: 0.0071
2026-08-08 14:04:35,759 - pyskl - INFO - Epoch [16][3400/6265]	lr: 5.039e-05, eta: 1:11:46, time: 1.546, data_time: 0.000, memory: 6270, top1_acc: 1.0000, top5_acc: 1.0000, loss_cls: 0.0073, loss: 0.0073
2026-08-08 14:07:11,031 - pyskl - INFO - Epoch [16][3500/6265]	lr: 4.694e-05, eta: 1:09:16, time: 1.553, data_time: 0.000, memory: 6270, top1_acc: 0.9997, top5_acc: 1.0000, loss_cls: 0.0077, loss: 0.0077
2026-08-08 14:09:45,369 - pyskl - INFO - Epoch [16][3600/6265]	lr: 4.361e-05, eta: 1:06:46, time: 1.543, data_time: 0.000, memory: 6270, top1_acc: 1.0000, top5_acc: 1.0000, loss_cls: 0.0068, loss: 0.0068
2026-08-08 14:12:19,879 - pyskl - INFO - Epoch [16][3700/6265]	lr: 4.040e-05, eta: 1:04:16, time: 1.545, data_time: 0.000, memory: 6270, top1_acc: 0.9997, top5_acc: 1.0000, loss_cls: 0.0078, loss: 0.0078
2026-08-08 14:14:53,971 - pyskl - INFO - Epoch [16][3800/6265]	lr: 3.731e-05, eta: 1:01:45, time: 1.541, data_time: 0.000, memory: 6270, top1_acc: 1.0000, top5_acc: 1.0000, loss_cls: 0.0064, loss: 0.0064
2026-08-08 14:17:29,207 - pyskl - INFO - Epoch [16][3900/6265]	lr: 3.435e-05, eta: 0:59:15, time: 1.552, data_time: 0.000, memory: 6270, top1_acc: 1.0000, top5_acc: 1.0000, loss_cls: 0.0073, loss: 0.0073
2026-08-08 14:19:56,741 - pyskl - INFO - Epoch [16][4000/6265]	lr: 3.151e-05, eta: 0:56:45, time: 1.475, data_time: 0.000, memory: 6270, top1_acc: 1.0000, top5_acc: 1.0000, loss_cls: 0.0070, loss: 0.0070
2026-08-08 14:22:24,273 - pyskl - INFO - Epoch [16][4100/6265]	lr: 2.879e-05, eta: 0:54:14, time: 1.475, data_time: 0.000, memory: 6270, top1_acc: 1.0000, top5_acc: 1.0000, loss_cls: 0.0070, loss: 0.0070
2026-08-08 14:24:54,009 - pyskl - INFO - Epoch [16][4200/6265]	lr: 2.619e-05, eta: 0:51:44, time: 1.497, data_time: 0.000, memory: 6270, top1_acc: 1.0000, top5_acc: 1.0000, loss_cls: 0.0080, loss: 0.0080
2026-08-08 14:27:28,917 - pyskl - INFO - Epoch [16][4300/6265]	lr: 2.372e-05, eta: 0:49:14, time: 1.549, data_time: 0.000, memory: 6270, top1_acc: 1.0000, top5_acc: 1.0000, loss_cls: 0.0068, loss: 0.0068
2026-08-08 14:30:03,529 - pyskl - INFO - Epoch [16][4400/6265]	lr: 2.137e-05, eta: 0:46:43, time: 1.546, data_time: 0.000, memory: 6270, top1_acc: 1.0000, top5_acc: 1.0000, loss_cls: 0.0072, loss: 0.0072
2026-08-08 14:32:37,885 - pyskl - INFO - Epoch [16][4500/6265]	lr: 1.914e-05, eta: 0:44:13, time: 1.544, data_time: 0.000, memory: 6270, top1_acc: 1.0000, top5_acc: 1.0000, loss_cls: 0.0072, loss: 0.0072
2026-08-08 14:35:12,572 - pyskl - INFO - Epoch [16][4600/6265]	lr: 1.704e-05, eta: 0:41:43, time: 1.547, data_time: 0.000, memory: 6270, top1_acc: 0.9994, top5_acc: 1.0000, loss_cls: 0.0075, loss: 0.0075
2026-08-08 14:37:46,721 - pyskl - INFO - Epoch [16][4700/6265]	lr: 1.505e-05, eta: 0:39:13, time: 1.541, data_time: 0.000, memory: 6270, top1_acc: 0.9997, top5_acc: 1.0000, loss_cls: 0.0080, loss: 0.0080
2026-08-08 14:40:21,468 - pyskl - INFO - Epoch [16][4800/6265]	lr: 1.319e-05, eta: 0:36:42, time: 1.547, data_time: 0.000, memory: 6270, top1_acc: 0.9997, top5_acc: 1.0000, loss_cls: 0.0075, loss: 0.0075
2026-08-08 14:42:55,584 - pyskl - INFO - Epoch [16][4900/6265]	lr: 1.145e-05, eta: 0:34:12, time: 1.541, data_time: 0.000, memory: 6270, top1_acc: 0.9997, top5_acc: 1.0000, loss_cls: 0.0062, loss: 0.0062
2026-08-08 14:45:30,542 - pyskl - INFO - Epoch [16][5000/6265]	lr: 9.838e-06, eta: 0:31:42, time: 1.550, data_time: 0.000, memory: 6270, top1_acc: 0.9997, top5_acc: 1.0000, loss_cls: 0.0067, loss: 0.0067
2026-08-08 14:48:04,823 - pyskl - INFO - Epoch [16][5100/6265]	lr: 8.345e-06, eta: 0:29:11, time: 1.543, data_time: 0.000, memory: 6270, top1_acc: 1.0000, top5_acc: 1.0000, loss_cls: 0.0082, loss: 0.0082
2026-08-08 14:50:39,499 - pyskl - INFO - Epoch [16][5200/6265]	lr: 6.975e-06, eta: 0:26:41, time: 1.547, data_time: 0.000, memory: 6270, top1_acc: 0.9997, top5_acc: 1.0000, loss_cls: 0.0077, loss: 0.0077
2026-08-08 14:53:13,939 - pyskl - INFO - Epoch [16][5300/6265]	lr: 5.728e-06, eta: 0:24:11, time: 1.544, data_time: 0.000, memory: 6270, top1_acc: 1.0000, top5_acc: 1.0000, loss_cls: 0.0066, loss: 0.0066
2026-08-08 14:55:48,689 - pyskl - INFO - Epoch [16][5400/6265]	lr: 4.604e-06, eta: 0:21:40, time: 1.547, data_time: 0.000, memory: 6270, top1_acc: 0.9997, top5_acc: 1.0000, loss_cls: 0.0085, loss: 0.0085
2026-08-08 14:58:23,019 - pyskl - INFO - Epoch [16][5500/6265]	lr: 3.602e-06, eta: 0:19:10, time: 1.543, data_time: 0.000, memory: 6270, top1_acc: 1.0000, top5_acc: 1.0000, loss_cls: 0.0083, loss: 0.0083
2026-08-08 15:00:57,653 - pyskl - INFO - Epoch [16][5600/6265]	lr: 2.723e-06, eta: 0:16:40, time: 1.546, data_time: 0.000, memory: 6270, top1_acc: 1.0000, top5_acc: 1.0000, loss_cls: 0.0061, loss: 0.0061
2026-08-08 15:03:31,933 - pyskl - INFO - Epoch [16][5700/6265]	lr: 1.967e-06, eta: 0:14:09, time: 1.543, data_time: 0.000, memory: 6270, top1_acc: 0.9997, top5_acc: 1.0000, loss_cls: 0.0075, loss: 0.0075
2026-08-08 15:06:06,682 - pyskl - INFO - Epoch [16][5800/6265]	lr: 1.333e-06, eta: 0:11:39, time: 1.547, data_time: 0.000, memory: 6270, top1_acc: 0.9994, top5_acc: 1.0000, loss_cls: 0.0081, loss: 0.0081
2026-08-08 15:08:41,575 - pyskl - INFO - Epoch [16][5900/6265]	lr: 8.223e-07, eta: 0:09:09, time: 1.549, data_time: 0.000, memory: 6270, top1_acc: 1.0000, top5_acc: 1.0000, loss_cls: 0.0066, loss: 0.0066
2026-08-08 15:11:16,334 - pyskl - INFO - Epoch [16][6000/6265]	lr: 4.344e-07, eta: 0:06:38, time: 1.548, data_time: 0.000, memory: 6270, top1_acc: 0.9997, top5_acc: 1.0000, loss_cls: 0.0078, loss: 0.0078
2026-08-08 15:13:51,279 - pyskl - INFO - Epoch [16][6100/6265]	lr: 1.692e-07, eta: 0:04:08, time: 1.549, data_time: 0.000, memory: 6270, top1_acc: 1.0000, top5_acc: 1.0000, loss_cls: 0.0079, loss: 0.0079
2026-08-08 15:16:25,876 - pyskl - INFO - Epoch [16][6200/6265]	lr: 2.674e-08, eta: 0:01:37, time: 1.546, data_time: 0.000, memory: 6270, top1_acc: 1.0000, top5_acc: 1.0000, loss_cls: 0.0075, loss: 0.0075
2026-08-08 15:18:05,286 - pyskl - INFO - Saving checkpoint at 16 epochs
2026-08-08 15:30:08,282 - pyskl - INFO - Evaluating top_k_accuracy ...
2026-08-08 15:30:08,322 - pyskl - INFO - 
top1_acc	0.9005
top5_acc	0.9804
2026-08-08 15:30:08,323 - pyskl - INFO - The previous best checkpoint D:\YxjProject\pythonProject\pyskl\work_dirs\ctrgcn\ctrgcn_pyskl_ntu60_xsub_3dkp\j_single_gpu\best_top1_acc_epoch_15.pth was removed
2026-08-08 15:30:08,407 - pyskl - INFO - Now best checkpoint is saved as best_top1_acc_epoch_16.pth.
2026-08-08 15:30:08,407 - pyskl - INFO - Best top1_acc is 0.9005 at 16 epoch.
2026-08-08 15:30:08,408 - pyskl - INFO - Epoch(val) [16][516]	top1_acc: 0.9005, top5_acc: 0.9804
2026-08-08 15:30:19,179 - pyskl - INFO - 16487 videos remain after valid thresholding
2026-08-08 19:56:33,577 - pyskl - INFO - Testing results of the last checkpoint
2026-08-08 19:56:33,577 - pyskl - INFO - top1_acc: 0.9035
2026-08-08 19:56:33,577 - pyskl - INFO - top5_acc: 0.9813
2026-08-08 19:56:33,578 - pyskl - INFO - load checkpoint from local path: ./work_dirs/ctrgcn/ctrgcn_pyskl_ntu60_xsub_3dkp/j_single_gpu\best_top1_acc_epoch_16.pth
2026-08-09 00:15:13,590 - pyskl - INFO - Testing results of the best checkpoint
2026-08-09 00:15:13,590 - pyskl - INFO - top1_acc: 0.9035
2026-08-09 00:15:13,590 - pyskl - INFO - top5_acc: 0.9813
