model,condition,class_id,action,support,clean_accuracy,accuracy,absolute_drop
stgcn,clean,0,drink water,274,0.8795620437956204,0.8795620437956204,0.0
stgcn,clean,1,eat meal/snack,275,0.730909090909091,0.730909090909091,0.0
stgcn,clean,2,brushing teeth,273,0.8534798534798534,0.8534798534798534,0.0
stgcn,clean,3,brushing hair,273,0.9084249084249084,0.9084249084249084,0.0
stgcn,clean,4,drop,275,0.8363636363636363,0.8363636363636363,0.0
stgcn,clean,5,pickup,275,0.9345454545454546,0.9345454545454546,0.0
stgcn,clean,6,throw,275,0.9127272727272727,0.9127272727272727,0.0
stgcn,clean,7,sitting down,273,0.9743589743589743,0.9743589743589743,0.0
stgcn,clean,8,standing up (from sitting position),273,0.978021978021978,0.978021978021978,0.0
stgcn,clean,9,clapping,273,0.7802197802197802,0.7802197802197802,0.0
stgcn,clean,10,reading,273,0.5860805860805861,0.5860805860805861,0.0
stgcn,clean,11,writing,272,0.5588235294117647,0.5588235294117647,0.0
stgcn,clean,12,tear up paper,271,0.8856088560885609,0.8856088560885609,0.0
stgcn,clean,13,wear jacket,275,0.9854545454545455,0.9854545454545455,0.0
stgcn,clean,14,take off jacket,276,0.9637681159420289,0.9637681159420289,0.0
stgcn,clean,15,wear a shoe,273,0.7289377289377289,0.7289377289377289,0.0
stgcn,clean,16,take off a shoe,274,0.7773722627737226,0.7773722627737226,0.0
stgcn,clean,17,wear on glasses,273,0.8827838827838828,0.8827838827838828,0.0
stgcn,clean,18,take off glasses,274,0.9306569343065694,0.9306569343065694,0.0
stgcn,clean,19,put on a hat/cap,272,0.9632352941176471,0.9632352941176471,0.0
stgcn,clean,20,take off a hat/cap,273,0.967032967032967,0.967032967032967,0.0
stgcn,clean,21,cheer up,274,0.9197080291970803,0.9197080291970803,0.0
stgcn,clean,22,hand waving,274,0.9233576642335767,0.9233576642335767,0.0
stgcn,clean,23,kicking something,276,0.9239130434782609,0.9239130434782609,0.0
stgcn,clean,24,reach into pocket,274,0.8211678832116789,0.8211678832116789,0.0
stgcn,clean,25,hopping (one foot jumping),275,0.9854545454545455,0.9854545454545455,0.0
stgcn,clean,26,jump up,276,0.9963768115942029,0.9963768115942029,0.0
stgcn,clean,27,make a phone call/answer phone,275,0.8581818181818182,0.8581818181818182,0.0
stgcn,clean,28,playing with phone/tablet,275,0.6981818181818182,0.6981818181818182,0.0
stgcn,clean,29,typing on a keyboard,275,0.6727272727272727,0.6727272727272727,0.0
stgcn,clean,30,pointing to something with finger,276,0.7681159420289855,0.7681159420289855,0.0
stgcn,clean,31,taking a selfie,276,0.9021739130434783,0.9021739130434783,0.0
stgcn,clean,32,check time (from watch),276,0.8804347826086957,0.8804347826086957,0.0
stgcn,clean,33,rub two hands together,276,0.8768115942028986,0.8768115942028986,0.0
stgcn,clean,34,nod head/bow,276,0.9710144927536232,0.9710144927536232,0.0
stgcn,clean,35,shake head,275,0.9418181818181818,0.9418181818181818,0.0
stgcn,clean,36,wipe face,276,0.8297101449275363,0.8297101449275363,0.0
stgcn,clean,37,salute,276,0.9239130434782609,0.9239130434782609,0.0
stgcn,clean,38,put the palms together,276,0.9347826086956522,0.9347826086956522,0.0
stgcn,clean,39,cross hands in front (say stop),276,0.8985507246376812,0.8985507246376812,0.0
stgcn,clean,40,sneeze/cough,276,0.7427536231884058,0.7427536231884058,0.0
stgcn,clean,41,staggering,276,0.9927536231884058,0.9927536231884058,0.0
stgcn,clean,42,falling,275,0.9854545454545455,0.9854545454545455,0.0
stgcn,clean,43,touch head (headache),276,0.7753623188405797,0.7753623188405797,0.0
stgcn,clean,44,touch chest (stomachache/heart pain),276,0.9202898550724637,0.9202898550724637,0.0
stgcn,clean,45,touch back (backache),276,0.9565217391304348,0.9565217391304348,0.0
stgcn,clean,46,touch neck (neckache),276,0.8478260869565217,0.8478260869565217,0.0
stgcn,clean,47,nausea or vomiting condition,275,0.88,0.88,0.0
stgcn,clean,48,use a fan (with hand or paper)/feeling warm,275,0.9090909090909091,0.9090909090909091,0.0
stgcn,clean,49,punching/slapping other person,274,0.9087591240875912,0.9087591240875912,0.0
stgcn,clean,50,kicking other person,276,0.9347826086956522,0.9347826086956522,0.0
stgcn,clean,51,pushing other person,276,0.9565217391304348,0.9565217391304348,0.0
stgcn,clean,52,pat on back of other person,276,0.9384057971014492,0.9384057971014492,0.0
stgcn,clean,53,point finger at the other person,276,0.8913043478260869,0.8913043478260869,0.0
stgcn,clean,54,hugging other person,274,0.9854014598540146,0.9854014598540146,0.0
stgcn,clean,55,giving something to other person,276,0.9021739130434783,0.9021739130434783,0.0
stgcn,clean,56,touch other person's pocket,275,0.92,0.92,0.0
stgcn,clean,57,handshaking,276,0.9528985507246377,0.9528985507246377,0.0
stgcn,clean,58,walking towards each other,273,0.9926739926739927,0.9926739926739927,0.0
stgcn,clean,59,walking apart from each other,276,0.9637681159420289,0.9637681159420289,0.0
stgcn,coord_noise_mild,0,drink water,274,0.8795620437956204,0.3284671532846715,0.551094890510949
stgcn,coord_noise_mild,1,eat meal/snack,275,0.730909090909091,0.48727272727272725,0.2436363636363637
stgcn,coord_noise_mild,2,brushing teeth,273,0.8534798534798534,0.4139194139194139,0.43956043956043955
stgcn,coord_noise_mild,3,brushing hair,273,0.9084249084249084,0.43956043956043955,0.46886446886446886
stgcn,coord_noise_mild,4,drop,275,0.8363636363636363,0.3054545454545455,0.5309090909090908
stgcn,coord_noise_mild,5,pickup,275,0.9345454545454546,0.9527272727272728,-0.018181818181818188
stgcn,coord_noise_mild,6,throw,275,0.9127272727272727,0.6654545454545454,0.2472727272727273
stgcn,coord_noise_mild,7,sitting down,273,0.9743589743589743,0.9340659340659341,0.04029304029304026
stgcn,coord_noise_mild,8,standing up (from sitting position),273,0.978021978021978,0.9706959706959707,0.0073260073260073
stgcn,coord_noise_mild,9,clapping,273,0.7802197802197802,0.5641025641025641,0.21611721611721613
stgcn,coord_noise_mild,10,reading,273,0.5860805860805861,0.08424908424908426,0.5018315018315018
stgcn,coord_noise_mild,11,writing,272,0.5588235294117647,0.5808823529411765,-0.022058823529411797
stgcn,coord_noise_mild,12,tear up paper,271,0.8856088560885609,0.4059040590405904,0.4797047970479705
stgcn,coord_noise_mild,13,wear jacket,275,0.9854545454545455,0.9781818181818182,0.0072727272727273196
stgcn,coord_noise_mild,14,take off jacket,276,0.9637681159420289,0.9021739130434783,0.061594202898550665
stgcn,coord_noise_mild,15,wear a shoe,273,0.7289377289377289,0.6007326007326007,0.1282051282051282
stgcn,coord_noise_mild,16,take off a shoe,274,0.7773722627737226,0.41605839416058393,0.3613138686131387
stgcn,coord_noise_mild,17,wear on glasses,273,0.8827838827838828,0.608058608058608,0.27472527472527475
stgcn,coord_noise_mild,18,take off glasses,274,0.9306569343065694,0.7116788321167883,0.2189781021897811
stgcn,coord_noise_mild,19,put on a hat/cap,272,0.9632352941176471,0.6617647058823529,0.30147058823529416
stgcn,coord_noise_mild,20,take off a hat/cap,273,0.967032967032967,0.5311355311355311,0.4358974358974359
stgcn,coord_noise_mild,21,cheer up,274,0.9197080291970803,0.7372262773722628,0.18248175182481752
stgcn,coord_noise_mild,22,hand waving,274,0.9233576642335767,0.708029197080292,0.21532846715328469
stgcn,coord_noise_mild,23,kicking something,276,0.9239130434782609,0.6847826086956522,0.23913043478260865
stgcn,coord_noise_mild,24,reach into pocket,274,0.8211678832116789,0.3357664233576642,0.48540145985401467
stgcn,coord_noise_mild,25,hopping (one foot jumping),275,0.9854545454545455,0.8581818181818182,0.12727272727272732
stgcn,coord_noise_mild,26,jump up,276,0.9963768115942029,0.9891304347826086,0.007246376811594235
stgcn,coord_noise_mild,27,make a phone call/answer phone,275,0.8581818181818182,0.3381818181818182,0.52
stgcn,coord_noise_mild,28,playing with phone/tablet,275,0.6981818181818182,0.20363636363636364,0.4945454545454546
stgcn,coord_noise_mild,29,typing on a keyboard,275,0.6727272727272727,0.5781818181818181,0.0945454545454546
stgcn,coord_noise_mild,30,pointing to something with finger,276,0.7681159420289855,0.7318840579710145,0.03623188405797095
stgcn,coord_noise_mild,31,taking a selfie,276,0.9021739130434783,0.6086956521739131,0.2934782608695652
stgcn,coord_noise_mild,32,check time (from watch),276,0.8804347826086957,0.7065217391304348,0.17391304347826086
stgcn,coord_noise_mild,33,rub two hands together,276,0.8768115942028986,0.2318840579710145,0.644927536231884
stgcn,coord_noise_mild,34,nod head/bow,276,0.9710144927536232,0.8188405797101449,0.15217391304347827
stgcn,coord_noise_mild,35,shake head,275,0.9418181818181818,0.007272727272727273,0.9345454545454545
stgcn,coord_noise_mild,36,wipe face,276,0.8297101449275363,0.07608695652173914,0.7536231884057971
stgcn,coord_noise_mild,37,salute,276,0.9239130434782609,0.5760869565217391,0.34782608695652173
stgcn,coord_noise_mild,38,put the palms together,276,0.9347826086956522,0.36231884057971014,0.5724637681159421
stgcn,coord_noise_mild,39,cross hands in front (say stop),276,0.8985507246376812,0.8369565217391305,0.061594202898550665
stgcn,coord_noise_mild,40,sneeze/cough,276,0.7427536231884058,0.463768115942029,0.2789855072463768
stgcn,coord_noise_mild,41,staggering,276,0.9927536231884058,0.8768115942028986,0.1159420289855072
stgcn,coord_noise_mild,42,falling,275,0.9854545454545455,0.9745454545454545,0.01090909090909098
stgcn,coord_noise_mild,43,touch head (headache),276,0.7753623188405797,0.3007246376811594,0.4746376811594203
stgcn,coord_noise_mild,44,touch chest (stomachache/heart pain),276,0.9202898550724637,0.5398550724637681,0.3804347826086957
stgcn,coord_noise_mild,45,touch back (backache),276,0.9565217391304348,0.5217391304347826,0.4347826086956522
stgcn,coord_noise_mild,46,touch neck (neckache),276,0.8478260869565217,0.34057971014492755,0.5072463768115942
stgcn,coord_noise_mild,47,nausea or vomiting condition,275,0.88,0.8581818181818182,0.021818181818181848
stgcn,coord_noise_mild,48,use a fan (with hand or paper)/feeling warm,275,0.9090909090909091,0.850909090909091,0.05818181818181811
stgcn,coord_noise_mild,49,punching/slapping other person,274,0.9087591240875912,0.5802919708029197,0.32846715328467146
stgcn,coord_noise_mild,50,kicking other person,276,0.9347826086956522,0.4166666666666667,0.5181159420289856
stgcn,coord_noise_mild,51,pushing other person,276,0.9565217391304348,0.6376811594202898,0.318840579710145
stgcn,coord_noise_mild,52,pat on back of other person,276,0.9384057971014492,0.5579710144927537,0.38043478260869557
stgcn,coord_noise_mild,53,point finger at the other person,276,0.8913043478260869,0.4057971014492754,0.48550724637681153
stgcn,coord_noise_mild,54,hugging other person,274,0.9854014598540146,0.8138686131386861,0.17153284671532854
stgcn,coord_noise_mild,55,giving something to other person,276,0.9021739130434783,0.5942028985507246,0.30797101449275366
stgcn,coord_noise_mild,56,touch other person's pocket,275,0.92,0.2509090909090909,0.6690909090909092
stgcn,coord_noise_mild,57,handshaking,276,0.9528985507246377,0.4384057971014493,0.5144927536231885
stgcn,coord_noise_mild,58,walking towards each other,273,0.9926739926739927,0.9084249084249084,0.08424908424908428
stgcn,coord_noise_mild,59,walking apart from each other,276,0.9637681159420289,0.8985507246376812,0.06521739130434778
stgcn,coord_noise_moderate,0,drink water,274,0.8795620437956204,0.0,0.8795620437956204
stgcn,coord_noise_moderate,1,eat meal/snack,275,0.730909090909091,0.01818181818181818,0.7127272727272728
stgcn,coord_noise_moderate,2,brushing teeth,273,0.8534798534798534,0.0,0.8534798534798534
stgcn,coord_noise_moderate,3,brushing hair,273,0.9084249084249084,0.0,0.9084249084249084
stgcn,coord_noise_moderate,4,drop,275,0.8363636363636363,0.0,0.8363636363636363
stgcn,coord_noise_moderate,5,pickup,275,0.9345454545454546,0.7854545454545454,0.14909090909090916
stgcn,coord_noise_moderate,6,throw,275,0.9127272727272727,0.11272727272727273,0.8
stgcn,coord_noise_moderate,7,sitting down,273,0.9743589743589743,0.21978021978021978,0.7545787545787546
stgcn,coord_noise_moderate,8,standing up (from sitting position),273,0.978021978021978,0.7545787545787546,0.22344322344322343
stgcn,coord_noise_moderate,9,clapping,273,0.7802197802197802,0.018315018315018316,0.7619047619047619
stgcn,coord_noise_moderate,10,reading,273,0.5860805860805861,0.0,0.5860805860805861
stgcn,coord_noise_moderate,11,writing,272,0.5588235294117647,0.8345588235294118,-0.2757352941176471
stgcn,coord_noise_moderate,12,tear up paper,271,0.8856088560885609,0.025830258302583026,0.8597785977859779
stgcn,coord_noise_moderate,13,wear jacket,275,0.9854545454545455,0.4509090909090909,0.5345454545454545
stgcn,coord_noise_moderate,14,take off jacket,276,0.9637681159420289,0.20652173913043478,0.7572463768115941
stgcn,coord_noise_moderate,15,wear a shoe,273,0.7289377289377289,0.3516483516483517,0.3772893772893772
stgcn,coord_noise_moderate,16,take off a shoe,274,0.7773722627737226,0.11313868613138686,0.6642335766423357
stgcn,coord_noise_moderate,17,wear on glasses,273,0.8827838827838828,0.040293040293040296,0.8424908424908425
stgcn,coord_noise_moderate,18,take off glasses,274,0.9306569343065694,0.0364963503649635,0.8941605839416059
stgcn,coord_noise_moderate,19,put on a hat/cap,272,0.9632352941176471,0.011029411764705883,0.9522058823529412
stgcn,coord_noise_moderate,20,take off a hat/cap,273,0.967032967032967,0.01098901098901099,0.9560439560439561
stgcn,coord_noise_moderate,21,cheer up,274,0.9197080291970803,0.06569343065693431,0.8540145985401459
stgcn,coord_noise_moderate,22,hand waving,274,0.9233576642335767,0.01824817518248175,0.9051094890510949
stgcn,coord_noise_moderate,23,kicking something,276,0.9239130434782609,0.0,0.9239130434782609
stgcn,coord_noise_moderate,24,reach into pocket,274,0.8211678832116789,0.0,0.8211678832116789
stgcn,coord_noise_moderate,25,hopping (one foot jumping),275,0.9854545454545455,0.05818181818181818,0.9272727272727272
stgcn,coord_noise_moderate,26,jump up,276,0.9963768115942029,0.5036231884057971,0.49275362318840576
stgcn,coord_noise_moderate,27,make a phone call/answer phone,275,0.8581818181818182,0.0,0.8581818181818182
stgcn,coord_noise_moderate,28,playing with phone/tablet,275,0.6981818181818182,0.014545454545454545,0.6836363636363637
stgcn,coord_noise_moderate,29,typing on a keyboard,275,0.6727272727272727,0.32,0.3527272727272727
stgcn,coord_noise_moderate,30,pointing to something with finger,276,0.7681159420289855,0.38768115942028986,0.3804347826086956
stgcn,coord_noise_moderate,31,taking a selfie,276,0.9021739130434783,0.028985507246376812,0.8731884057971014
stgcn,coord_noise_moderate,32,check time (from watch),276,0.8804347826086957,0.11956521739130435,0.7608695652173914
stgcn,coord_noise_moderate,33,rub two hands together,276,0.8768115942028986,0.0,0.8768115942028986
stgcn,coord_noise_moderate,34,nod head/bow,276,0.9710144927536232,0.2717391304347826,0.6992753623188406
stgcn,coord_noise_moderate,35,shake head,275,0.9418181818181818,0.0,0.9418181818181818
stgcn,coord_noise_moderate,36,wipe face,276,0.8297101449275363,0.0,0.8297101449275363
stgcn,coord_noise_moderate,37,salute,276,0.9239130434782609,0.0036231884057971015,0.9202898550724637
stgcn,coord_noise_moderate,38,put the palms together,276,0.9347826086956522,0.007246376811594203,0.927536231884058
stgcn,coord_noise_moderate,39,cross hands in front (say stop),276,0.8985507246376812,0.23550724637681159,0.6630434782608696
stgcn,coord_noise_moderate,40,sneeze/cough,276,0.7427536231884058,0.021739130434782608,0.7210144927536232
stgcn,coord_noise_moderate,41,staggering,276,0.9927536231884058,0.09420289855072464,0.8985507246376812
stgcn,coord_noise_moderate,42,falling,275,0.9854545454545455,0.7818181818181819,0.20363636363636362
stgcn,coord_noise_moderate,43,touch head (headache),276,0.7753623188405797,0.010869565217391304,0.7644927536231884
stgcn,coord_noise_moderate,44,touch chest (stomachache/heart pain),276,0.9202898550724637,0.03260869565217391,0.8876811594202898
stgcn,coord_noise_moderate,45,touch back (backache),276,0.9565217391304348,0.0,0.9565217391304348
stgcn,coord_noise_moderate,46,touch neck (neckache),276,0.8478260869565217,0.0036231884057971015,0.8442028985507246
stgcn,coord_noise_moderate,47,nausea or vomiting condition,275,0.88,0.5709090909090909,0.3090909090909091
stgcn,coord_noise_moderate,48,use a fan (with hand or paper)/feeling warm,275,0.9090909090909091,0.12,0.7890909090909091
stgcn,coord_noise_moderate,49,punching/slapping other person,274,0.9087591240875912,0.0036496350364963502,0.9051094890510948
stgcn,coord_noise_moderate,50,kicking other person,276,0.9347826086956522,0.0,0.9347826086956522
stgcn,coord_noise_moderate,51,pushing other person,276,0.9565217391304348,0.0,0.9565217391304348
stgcn,coord_noise_moderate,52,pat on back of other person,276,0.9384057971014492,0.021739130434782608,0.9166666666666666
stgcn,coord_noise_moderate,53,point finger at the other person,276,0.8913043478260869,0.007246376811594203,0.8840579710144927
stgcn,coord_noise_moderate,54,hugging other person,274,0.9854014598540146,0.0948905109489051,0.8905109489051095
stgcn,coord_noise_moderate,55,giving something to other person,276,0.9021739130434783,0.0,0.9021739130434783
stgcn,coord_noise_moderate,56,touch other person's pocket,275,0.92,0.0,0.92
stgcn,coord_noise_moderate,57,handshaking,276,0.9528985507246377,0.0,0.9528985507246377
stgcn,coord_noise_moderate,58,walking towards each other,273,0.9926739926739927,0.2087912087912088,0.7838827838827839
stgcn,coord_noise_moderate,59,walking apart from each other,276,0.9637681159420289,0.028985507246376812,0.9347826086956521
stgcn,coord_noise_severe,0,drink water,274,0.8795620437956204,0.0,0.8795620437956204
stgcn,coord_noise_severe,1,eat meal/snack,275,0.730909090909091,0.0,0.730909090909091
stgcn,coord_noise_severe,2,brushing teeth,273,0.8534798534798534,0.0,0.8534798534798534
stgcn,coord_noise_severe,3,brushing hair,273,0.9084249084249084,0.0,0.9084249084249084
stgcn,coord_noise_severe,4,drop,275,0.8363636363636363,0.0,0.8363636363636363
stgcn,coord_noise_severe,5,pickup,275,0.9345454545454546,0.01818181818181818,0.9163636363636364
stgcn,coord_noise_severe,6,throw,275,0.9127272727272727,0.0,0.9127272727272727
stgcn,coord_noise_severe,7,sitting down,273,0.9743589743589743,0.0,0.9743589743589743
stgcn,coord_noise_severe,8,standing up (from sitting position),273,0.978021978021978,0.03296703296703297,0.945054945054945
stgcn,coord_noise_severe,9,clapping,273,0.7802197802197802,0.0,0.7802197802197802
stgcn,coord_noise_severe,10,reading,273,0.5860805860805861,0.0,0.5860805860805861
stgcn,coord_noise_severe,11,writing,272,0.5588235294117647,0.9926470588235294,-0.4338235294117647
stgcn,coord_noise_severe,12,tear up paper,271,0.8856088560885609,0.0,0.8856088560885609
stgcn,coord_noise_severe,13,wear jacket,275,0.9854545454545455,0.0,0.9854545454545455
stgcn,coord_noise_severe,14,take off jacket,276,0.9637681159420289,0.0,0.9637681159420289
stgcn,coord_noise_severe,15,wear a shoe,273,0.7289377289377289,0.03663003663003663,0.6923076923076923
stgcn,coord_noise_severe,16,take off a shoe,274,0.7773722627737226,0.0,0.7773722627737226
stgcn,coord_noise_severe,17,wear on glasses,273,0.8827838827838828,0.0,0.8827838827838828
stgcn,coord_noise_severe,18,take off glasses,274,0.9306569343065694,0.0,0.9306569343065694
stgcn,coord_noise_severe,19,put on a hat/cap,272,0.9632352941176471,0.0,0.9632352941176471
stgcn,coord_noise_severe,20,take off a hat/cap,273,0.967032967032967,0.0,0.967032967032967
stgcn,coord_noise_severe,21,cheer up,274,0.9197080291970803,0.0,0.9197080291970803
stgcn,coord_noise_severe,22,hand waving,274,0.9233576642335767,0.0,0.9233576642335767
stgcn,coord_noise_severe,23,kicking something,276,0.9239130434782609,0.0,0.9239130434782609
stgcn,coord_noise_severe,24,reach into pocket,274,0.8211678832116789,0.0,0.8211678832116789
stgcn,coord_noise_severe,25,hopping (one foot jumping),275,0.9854545454545455,0.0,0.9854545454545455
stgcn,coord_noise_severe,26,jump up,276,0.9963768115942029,0.0,0.9963768115942029
stgcn,coord_noise_severe,27,make a phone call/answer phone,275,0.8581818181818182,0.0,0.8581818181818182
stgcn,coord_noise_severe,28,playing with phone/tablet,275,0.6981818181818182,0.0,0.6981818181818182
stgcn,coord_noise_severe,29,typing on a keyboard,275,0.6727272727272727,0.0,0.6727272727272727
stgcn,coord_noise_severe,30,pointing to something with finger,276,0.7681159420289855,0.0,0.7681159420289855
stgcn,coord_noise_severe,31,taking a selfie,276,0.9021739130434783,0.0,0.9021739130434783
stgcn,coord_noise_severe,32,check time (from watch),276,0.8804347826086957,0.0,0.8804347826086957
stgcn,coord_noise_severe,33,rub two hands together,276,0.8768115942028986,0.0,0.8768115942028986
stgcn,coord_noise_severe,34,nod head/bow,276,0.9710144927536232,0.0,0.9710144927536232
stgcn,coord_noise_severe,35,shake head,275,0.9418181818181818,0.0,0.9418181818181818
stgcn,coord_noise_severe,36,wipe face,276,0.8297101449275363,0.0,0.8297101449275363
stgcn,coord_noise_severe,37,salute,276,0.9239130434782609,0.0,0.9239130434782609
stgcn,coord_noise_severe,38,put the palms together,276,0.9347826086956522,0.0,0.9347826086956522
stgcn,coord_noise_severe,39,cross hands in front (say stop),276,0.8985507246376812,0.0,0.8985507246376812
stgcn,coord_noise_severe,40,sneeze/cough,276,0.7427536231884058,0.0,0.7427536231884058
stgcn,coord_noise_severe,41,staggering,276,0.9927536231884058,0.0,0.9927536231884058
stgcn,coord_noise_severe,42,falling,275,0.9854545454545455,0.0,0.9854545454545455
stgcn,coord_noise_severe,43,touch head (headache),276,0.7753623188405797,0.0036231884057971015,0.7717391304347826
stgcn,coord_noise_severe,44,touch chest (stomachache/heart pain),276,0.9202898550724637,0.0,0.9202898550724637
stgcn,coord_noise_severe,45,touch back (backache),276,0.9565217391304348,0.0,0.9565217391304348
stgcn,coord_noise_severe,46,touch neck (neckache),276,0.8478260869565217,0.0,0.8478260869565217
stgcn,coord_noise_severe,47,nausea or vomiting condition,275,0.88,0.0,0.88
stgcn,coord_noise_severe,48,use a fan (with hand or paper)/feeling warm,275,0.9090909090909091,0.0,0.9090909090909091
stgcn,coord_noise_severe,49,punching/slapping other person,274,0.9087591240875912,0.0,0.9087591240875912
stgcn,coord_noise_severe,50,kicking other person,276,0.9347826086956522,0.0,0.9347826086956522
stgcn,coord_noise_severe,51,pushing other person,276,0.9565217391304348,0.0,0.9565217391304348
stgcn,coord_noise_severe,52,pat on back of other person,276,0.9384057971014492,0.0,0.9384057971014492
stgcn,coord_noise_severe,53,point finger at the other person,276,0.8913043478260869,0.0,0.8913043478260869
stgcn,coord_noise_severe,54,hugging other person,274,0.9854014598540146,0.0072992700729927005,0.9781021897810219
stgcn,coord_noise_severe,55,giving something to other person,276,0.9021739130434783,0.0,0.9021739130434783
stgcn,coord_noise_severe,56,touch other person's pocket,275,0.92,0.0,0.92
stgcn,coord_noise_severe,57,handshaking,276,0.9528985507246377,0.0,0.9528985507246377
stgcn,coord_noise_severe,58,walking towards each other,273,0.9926739926739927,0.03296703296703297,0.9597069597069597
stgcn,coord_noise_severe,59,walking apart from each other,276,0.9637681159420289,0.0,0.9637681159420289
stgcn,frame_missing_mild,0,drink water,274,0.8795620437956204,0.8613138686131386,0.018248175182481785
stgcn,frame_missing_mild,1,eat meal/snack,275,0.730909090909091,0.68,0.050909090909090904
stgcn,frame_missing_mild,2,brushing teeth,273,0.8534798534798534,0.7692307692307693,0.08424908424908417
stgcn,frame_missing_mild,3,brushing hair,273,0.9084249084249084,0.8205128205128205,0.08791208791208793
stgcn,frame_missing_mild,4,drop,275,0.8363636363636363,0.8327272727272728,0.0036363636363635488
stgcn,frame_missing_mild,5,pickup,275,0.9345454545454546,0.9090909090909091,0.025454545454545507
stgcn,frame_missing_mild,6,throw,275,0.9127272727272727,0.9018181818181819,0.010909090909090868
stgcn,frame_missing_mild,7,sitting down,273,0.9743589743589743,0.9633699633699634,0.01098901098901095
stgcn,frame_missing_mild,8,standing up (from sitting position),273,0.978021978021978,0.9743589743589743,0.00366300366300365
stgcn,frame_missing_mild,9,clapping,273,0.7802197802197802,0.706959706959707,0.07326007326007322
stgcn,frame_missing_mild,10,reading,273,0.5860805860805861,0.6227106227106227,-0.03663003663003661
stgcn,frame_missing_mild,11,writing,272,0.5588235294117647,0.3786764705882353,0.18014705882352944
stgcn,frame_missing_mild,12,tear up paper,271,0.8856088560885609,0.8819188191881919,0.0036900369003689537
stgcn,frame_missing_mild,13,wear jacket,275,0.9854545454545455,0.9745454545454545,0.01090909090909098
stgcn,frame_missing_mild,14,take off jacket,276,0.9637681159420289,0.9492753623188406,0.01449275362318836
stgcn,frame_missing_mild,15,wear a shoe,273,0.7289377289377289,0.5604395604395604,0.16849816849816845
stgcn,frame_missing_mild,16,take off a shoe,274,0.7773722627737226,0.7043795620437956,0.07299270072992703
stgcn,frame_missing_mild,17,wear on glasses,273,0.8827838827838828,0.7728937728937729,0.10989010989010983
stgcn,frame_missing_mild,18,take off glasses,274,0.9306569343065694,0.864963503649635,0.06569343065693434
stgcn,frame_missing_mild,19,put on a hat/cap,272,0.9632352941176471,0.9522058823529411,0.011029411764705954
stgcn,frame_missing_mild,20,take off a hat/cap,273,0.967032967032967,0.9560439560439561,0.01098901098901095
stgcn,frame_missing_mild,21,cheer up,274,0.9197080291970803,0.9343065693430657,-0.014598540145985384
stgcn,frame_missing_mild,22,hand waving,274,0.9233576642335767,0.9087591240875912,0.014598540145985495
stgcn,frame_missing_mild,23,kicking something,276,0.9239130434782609,0.9057971014492754,0.018115942028985477
stgcn,frame_missing_mild,24,reach into pocket,274,0.8211678832116789,0.6897810218978102,0.13138686131386867
stgcn,frame_missing_mild,25,hopping (one foot jumping),275,0.9854545454545455,0.9709090909090909,0.014545454545454528
stgcn,frame_missing_mild,26,jump up,276,0.9963768115942029,0.9818840579710145,0.01449275362318836
stgcn,frame_missing_mild,27,make a phone call/answer phone,275,0.8581818181818182,0.7709090909090909,0.08727272727272728
stgcn,frame_missing_mild,28,playing with phone/tablet,275,0.6981818181818182,0.52,0.17818181818181822
stgcn,frame_missing_mild,29,typing on a keyboard,275,0.6727272727272727,0.7636363636363637,-0.09090909090909094
stgcn,frame_missing_mild,30,pointing to something with finger,276,0.7681159420289855,0.8079710144927537,-0.03985507246376818
stgcn,frame_missing_mild,31,taking a selfie,276,0.9021739130434783,0.8442028985507246,0.05797101449275366
stgcn,frame_missing_mild,32,check time (from watch),276,0.8804347826086957,0.822463768115942,0.05797101449275366
stgcn,frame_missing_mild,33,rub two hands together,276,0.8768115942028986,0.7934782608695652,0.08333333333333337
stgcn,frame_missing_mild,34,nod head/bow,276,0.9710144927536232,0.9710144927536232,0.0
stgcn,frame_missing_mild,35,shake head,275,0.9418181818181818,0.9018181818181819,0.039999999999999925
stgcn,frame_missing_mild,36,wipe face,276,0.8297101449275363,0.7572463768115942,0.07246376811594202
stgcn,frame_missing_mild,37,salute,276,0.9239130434782609,0.894927536231884,0.02898550724637683
stgcn,frame_missing_mild,38,put the palms together,276,0.9347826086956522,0.8623188405797102,0.07246376811594202
stgcn,frame_missing_mild,39,cross hands in front (say stop),276,0.8985507246376812,0.8659420289855072,0.03260869565217395
stgcn,frame_missing_mild,40,sneeze/cough,276,0.7427536231884058,0.6811594202898551,0.061594202898550665
stgcn,frame_missing_mild,41,staggering,276,0.9927536231884058,0.8913043478260869,0.10144927536231885
stgcn,frame_missing_mild,42,falling,275,0.9854545454545455,0.9890909090909091,-0.0036363636363636598
stgcn,frame_missing_mild,43,touch head (headache),276,0.7753623188405797,0.7282608695652174,0.047101449275362306
stgcn,frame_missing_mild,44,touch chest (stomachache/heart pain),276,0.9202898550724637,0.9311594202898551,-0.010869565217391353
stgcn,frame_missing_mild,45,touch back (backache),276,0.9565217391304348,0.927536231884058,0.02898550724637683
stgcn,frame_missing_mild,46,touch neck (neckache),276,0.8478260869565217,0.7463768115942029,0.10144927536231885
stgcn,frame_missing_mild,47,nausea or vomiting condition,275,0.88,0.8072727272727273,0.07272727272727275
stgcn,frame_missing_mild,48,use a fan (with hand or paper)/feeling warm,275,0.9090909090909091,0.8909090909090909,0.018181818181818188
stgcn,frame_missing_mild,49,punching/slapping other person,274,0.9087591240875912,0.8357664233576643,0.07299270072992692
stgcn,frame_missing_mild,50,kicking other person,276,0.9347826086956522,0.8768115942028986,0.05797101449275366
stgcn,frame_missing_mild,51,pushing other person,276,0.9565217391304348,0.8586956521739131,0.09782608695652173
stgcn,frame_missing_mild,52,pat on back of other person,276,0.9384057971014492,0.9239130434782609,0.01449275362318836
stgcn,frame_missing_mild,53,point finger at the other person,276,0.8913043478260869,0.7644927536231884,0.12681159420289856
stgcn,frame_missing_mild,54,hugging other person,274,0.9854014598540146,0.9817518248175182,0.0036496350364964014
stgcn,frame_missing_mild,55,giving something to other person,276,0.9021739130434783,0.8586956521739131,0.04347826086956519
stgcn,frame_missing_mild,56,touch other person's pocket,275,0.92,0.9054545454545454,0.014545454545454639
stgcn,frame_missing_mild,57,handshaking,276,0.9528985507246377,0.7971014492753623,0.1557971014492754
stgcn,frame_missing_mild,58,walking towards each other,273,0.9926739926739927,0.9853479853479854,0.0073260073260073
stgcn,frame_missing_mild,59,walking apart from each other,276,0.9637681159420289,0.9601449275362319,0.0036231884057970065
stgcn,frame_missing_moderate,0,drink water,274,0.8795620437956204,0.7372262773722628,0.14233576642335766
stgcn,frame_missing_moderate,1,eat meal/snack,275,0.730909090909091,0.56,0.1709090909090909
stgcn,frame_missing_moderate,2,brushing teeth,273,0.8534798534798534,0.6959706959706959,0.1575091575091575
stgcn,frame_missing_moderate,3,brushing hair,273,0.9084249084249084,0.7142857142857143,0.19413919413919412
stgcn,frame_missing_moderate,4,drop,275,0.8363636363636363,0.7709090909090909,0.06545454545454543
stgcn,frame_missing_moderate,5,pickup,275,0.9345454545454546,0.7709090909090909,0.1636363636363637
stgcn,frame_missing_moderate,6,throw,275,0.9127272727272727,0.8436363636363636,0.06909090909090909
stgcn,frame_missing_moderate,7,sitting down,273,0.9743589743589743,0.9413919413919414,0.03296703296703296
stgcn,frame_missing_moderate,8,standing up (from sitting position),273,0.978021978021978,0.9377289377289377,0.04029304029304026
stgcn,frame_missing_moderate,9,clapping,273,0.7802197802197802,0.5787545787545788,0.20146520146520142
stgcn,frame_missing_moderate,10,reading,273,0.5860805860805861,0.5347985347985348,0.05128205128205132
stgcn,frame_missing_moderate,11,writing,272,0.5588235294117647,0.2610294117647059,0.2977941176470588
stgcn,frame_missing_moderate,12,tear up paper,271,0.8856088560885609,0.7601476014760148,0.1254612546125461
stgcn,frame_missing_moderate,13,wear jacket,275,0.9854545454545455,0.9236363636363636,0.06181818181818188
stgcn,frame_missing_moderate,14,take off jacket,276,0.9637681159420289,0.9311594202898551,0.032608695652173836
stgcn,frame_missing_moderate,15,wear a shoe,273,0.7289377289377289,0.4249084249084249,0.304029304029304
stgcn,frame_missing_moderate,16,take off a shoe,274,0.7773722627737226,0.5437956204379562,0.23357664233576647
stgcn,frame_missing_moderate,17,wear on glasses,273,0.8827838827838828,0.5824175824175825,0.3003663003663003
stgcn,frame_missing_moderate,18,take off glasses,274,0.9306569343065694,0.6970802919708029,0.23357664233576647
stgcn,frame_missing_moderate,19,put on a hat/cap,272,0.9632352941176471,0.8602941176470589,0.1029411764705882
stgcn,frame_missing_moderate,20,take off a hat/cap,273,0.967032967032967,0.8058608058608059,0.16117216117216115
stgcn,frame_missing_moderate,21,cheer up,274,0.9197080291970803,0.916058394160584,0.0036496350364962904
stgcn,frame_missing_moderate,22,hand waving,274,0.9233576642335767,0.8686131386861314,0.054744525547445244
stgcn,frame_missing_moderate,23,kicking something,276,0.9239130434782609,0.8659420289855072,0.05797101449275366
stgcn,frame_missing_moderate,24,reach into pocket,274,0.8211678832116789,0.5620437956204379,0.25912408759124095
stgcn,frame_missing_moderate,25,hopping (one foot jumping),275,0.9854545454545455,0.92,0.06545454545454543
stgcn,frame_missing_moderate,26,jump up,276,0.9963768115942029,0.927536231884058,0.0688405797101449
stgcn,frame_missing_moderate,27,make a phone call/answer phone,275,0.8581818181818182,0.6690909090909091,0.1890909090909091
stgcn,frame_missing_moderate,28,playing with phone/tablet,275,0.6981818181818182,0.31636363636363635,0.3818181818181819
stgcn,frame_missing_moderate,29,typing on a keyboard,275,0.6727272727272727,0.7745454545454545,-0.10181818181818181
stgcn,frame_missing_moderate,30,pointing to something with finger,276,0.7681159420289855,0.8405797101449275,-0.07246376811594202
stgcn,frame_missing_moderate,31,taking a selfie,276,0.9021739130434783,0.7246376811594203,0.17753623188405798
stgcn,frame_missing_moderate,32,check time (from watch),276,0.8804347826086957,0.7536231884057971,0.12681159420289856
stgcn,frame_missing_moderate,33,rub two hands together,276,0.8768115942028986,0.7210144927536232,0.1557971014492754
stgcn,frame_missing_moderate,34,nod head/bow,276,0.9710144927536232,0.9492753623188406,0.021739130434782594
stgcn,frame_missing_moderate,35,shake head,275,0.9418181818181818,0.72,0.2218181818181818
stgcn,frame_missing_moderate,36,wipe face,276,0.8297101449275363,0.5942028985507246,0.23550724637681164
stgcn,frame_missing_moderate,37,salute,276,0.9239130434782609,0.9347826086956522,-0.010869565217391353
stgcn,frame_missing_moderate,38,put the palms together,276,0.9347826086956522,0.7210144927536232,0.21376811594202905
stgcn,frame_missing_moderate,39,cross hands in front (say stop),276,0.8985507246376812,0.6702898550724637,0.2282608695652174
stgcn,frame_missing_moderate,40,sneeze/cough,276,0.7427536231884058,0.5471014492753623,0.19565217391304346
stgcn,frame_missing_moderate,41,staggering,276,0.9927536231884058,0.7318840579710145,0.26086956521739124
stgcn,frame_missing_moderate,42,falling,275,0.9854545454545455,0.9745454545454545,0.01090909090909098
stgcn,frame_missing_moderate,43,touch head (headache),276,0.7753623188405797,0.6884057971014492,0.08695652173913049
stgcn,frame_missing_moderate,44,touch chest (stomachache/heart pain),276,0.9202898550724637,0.8804347826086957,0.03985507246376807
stgcn,frame_missing_moderate,45,touch back (backache),276,0.9565217391304348,0.9347826086956522,0.021739130434782594
stgcn,frame_missing_moderate,46,touch neck (neckache),276,0.8478260869565217,0.572463768115942,0.2753623188405797
stgcn,frame_missing_moderate,47,nausea or vomiting condition,275,0.88,0.6581818181818182,0.2218181818181818
stgcn,frame_missing_moderate,48,use a fan (with hand or paper)/feeling warm,275,0.9090909090909091,0.8618181818181818,0.047272727272727244
stgcn,frame_missing_moderate,49,punching/slapping other person,274,0.9087591240875912,0.7262773722627737,0.18248175182481752
stgcn,frame_missing_moderate,50,kicking other person,276,0.9347826086956522,0.782608695652174,0.15217391304347827
stgcn,frame_missing_moderate,51,pushing other person,276,0.9565217391304348,0.6594202898550725,0.2971014492753623
stgcn,frame_missing_moderate,52,pat on back of other person,276,0.9384057971014492,0.8804347826086957,0.05797101449275355
stgcn,frame_missing_moderate,53,point finger at the other person,276,0.8913043478260869,0.6702898550724637,0.22101449275362317
stgcn,frame_missing_moderate,54,hugging other person,274,0.9854014598540146,0.9598540145985401,0.025547445255474477
stgcn,frame_missing_moderate,55,giving something to other person,276,0.9021739130434783,0.7717391304347826,0.13043478260869568
stgcn,frame_missing_moderate,56,touch other person's pocket,275,0.92,0.72,0.20000000000000007
stgcn,frame_missing_moderate,57,handshaking,276,0.9528985507246377,0.605072463768116,0.34782608695652173
stgcn,frame_missing_moderate,58,walking towards each other,273,0.9926739926739927,0.967032967032967,0.02564102564102566
stgcn,frame_missing_moderate,59,walking apart from each other,276,0.9637681159420289,0.9492753623188406,0.01449275362318836
stgcn,frame_missing_severe,0,drink water,274,0.8795620437956204,0.6204379562043796,0.25912408759124084
stgcn,frame_missing_severe,1,eat meal/snack,275,0.730909090909091,0.3781818181818182,0.3527272727272728
stgcn,frame_missing_severe,2,brushing teeth,273,0.8534798534798534,0.5970695970695971,0.2564102564102564
stgcn,frame_missing_severe,3,brushing hair,273,0.9084249084249084,0.5421245421245421,0.36630036630036633
stgcn,frame_missing_severe,4,drop,275,0.8363636363636363,0.76,0.0763636363636363
stgcn,frame_missing_severe,5,pickup,275,0.9345454545454546,0.5709090909090909,0.36363636363636365
stgcn,frame_missing_severe,6,throw,275,0.9127272727272727,0.6545454545454545,0.2581818181818182
stgcn,frame_missing_severe,7,sitting down,273,0.9743589743589743,0.8974358974358975,0.07692307692307687
stgcn,frame_missing_severe,8,standing up (from sitting position),273,0.978021978021978,0.7838827838827839,0.19413919413919412
stgcn,frame_missing_severe,9,clapping,273,0.7802197802197802,0.42857142857142855,0.3516483516483517
stgcn,frame_missing_severe,10,reading,273,0.5860805860805861,0.4432234432234432,0.1428571428571429
stgcn,frame_missing_severe,11,writing,272,0.5588235294117647,0.16911764705882354,0.3897058823529412
stgcn,frame_missing_severe,12,tear up paper,271,0.8856088560885609,0.6273062730627307,0.2583025830258302
stgcn,frame_missing_severe,13,wear jacket,275,0.9854545454545455,0.7818181818181819,0.20363636363636362
stgcn,frame_missing_severe,14,take off jacket,276,0.9637681159420289,0.8333333333333334,0.13043478260869557
stgcn,frame_missing_severe,15,wear a shoe,273,0.7289377289377289,0.34065934065934067,0.38827838827838823
stgcn,frame_missing_severe,16,take off a shoe,274,0.7773722627737226,0.38686131386861317,0.39051094890510946
stgcn,frame_missing_severe,17,wear on glasses,273,0.8827838827838828,0.3772893772893773,0.5054945054945055
stgcn,frame_missing_severe,18,take off glasses,274,0.9306569343065694,0.4854014598540146,0.44525547445255476
stgcn,frame_missing_severe,19,put on a hat/cap,272,0.9632352941176471,0.7647058823529411,0.19852941176470595
stgcn,frame_missing_severe,20,take off a hat/cap,273,0.967032967032967,0.6117216117216118,0.35531135531135527
stgcn,frame_missing_severe,21,cheer up,274,0.9197080291970803,0.8357664233576643,0.08394160583941601
stgcn,frame_missing_severe,22,hand waving,274,0.9233576642335767,0.7372262773722628,0.18613138686131392
stgcn,frame_missing_severe,23,kicking something,276,0.9239130434782609,0.6340579710144928,0.28985507246376807
stgcn,frame_missing_severe,24,reach into pocket,274,0.8211678832116789,0.3978102189781022,0.4233576642335767
stgcn,frame_missing_severe,25,hopping (one foot jumping),275,0.9854545454545455,0.8363636363636363,0.14909090909090916
stgcn,frame_missing_severe,26,jump up,276,0.9963768115942029,0.6666666666666666,0.32971014492753625
stgcn,frame_missing_severe,27,make a phone call/answer phone,275,0.8581818181818182,0.6145454545454545,0.24363636363636365
stgcn,frame_missing_severe,28,playing with phone/tablet,275,0.6981818181818182,0.18545454545454546,0.5127272727272728
stgcn,frame_missing_severe,29,typing on a keyboard,275,0.6727272727272727,0.730909090909091,-0.05818181818181822
stgcn,frame_missing_severe,30,pointing to something with finger,276,0.7681159420289855,0.7355072463768116,0.032608695652173836
stgcn,frame_missing_severe,31,taking a selfie,276,0.9021739130434783,0.44565217391304346,0.4565217391304348
stgcn,frame_missing_severe,32,check time (from watch),276,0.8804347826086957,0.5144927536231884,0.3659420289855073
stgcn,frame_missing_severe,33,rub two hands together,276,0.8768115942028986,0.5869565217391305,0.28985507246376807
stgcn,frame_missing_severe,34,nod head/bow,276,0.9710144927536232,0.8840579710144928,0.08695652173913038
stgcn,frame_missing_severe,35,shake head,275,0.9418181818181818,0.41454545454545455,0.5272727272727272
stgcn,frame_missing_severe,36,wipe face,276,0.8297101449275363,0.4311594202898551,0.39855072463768115
stgcn,frame_missing_severe,37,salute,276,0.9239130434782609,0.855072463768116,0.0688405797101449
stgcn,frame_missing_severe,38,put the palms together,276,0.9347826086956522,0.3333333333333333,0.6014492753623188
stgcn,frame_missing_severe,39,cross hands in front (say stop),276,0.8985507246376812,0.41304347826086957,0.4855072463768116
stgcn,frame_missing_severe,40,sneeze/cough,276,0.7427536231884058,0.36594202898550726,0.3768115942028985
stgcn,frame_missing_severe,41,staggering,276,0.9927536231884058,0.5253623188405797,0.46739130434782605
stgcn,frame_missing_severe,42,falling,275,0.9854545454545455,0.8654545454545455,0.12
stgcn,frame_missing_severe,43,touch head (headache),276,0.7753623188405797,0.5362318840579711,0.23913043478260865
stgcn,frame_missing_severe,44,touch chest (stomachache/heart pain),276,0.9202898550724637,0.7608695652173914,0.1594202898550724
stgcn,frame_missing_severe,45,touch back (backache),276,0.9565217391304348,0.8876811594202898,0.06884057971014501
stgcn,frame_missing_severe,46,touch neck (neckache),276,0.8478260869565217,0.3695652173913043,0.4782608695652174
stgcn,frame_missing_severe,47,nausea or vomiting condition,275,0.88,0.4509090909090909,0.4290909090909091
stgcn,frame_missing_severe,48,use a fan (with hand or paper)/feeling warm,275,0.9090909090909091,0.8,0.10909090909090902
stgcn,frame_missing_severe,49,punching/slapping other person,274,0.9087591240875912,0.46715328467153283,0.44160583941605835
stgcn,frame_missing_severe,50,kicking other person,276,0.9347826086956522,0.6159420289855072,0.318840579710145
stgcn,frame_missing_severe,51,pushing other person,276,0.9565217391304348,0.427536231884058,0.5289855072463768
stgcn,frame_missing_severe,52,pat on back of other person,276,0.9384057971014492,0.7137681159420289,0.2246376811594203
stgcn,frame_missing_severe,53,point finger at the other person,276,0.8913043478260869,0.39855072463768115,0.49275362318840576
stgcn,frame_missing_severe,54,hugging other person,274,0.9854014598540146,0.8941605839416058,0.09124087591240881
stgcn,frame_missing_severe,55,giving something to other person,276,0.9021739130434783,0.5181159420289855,0.3840579710144928
stgcn,frame_missing_severe,56,touch other person's pocket,275,0.92,0.5745454545454546,0.34545454545454546
stgcn,frame_missing_severe,57,handshaking,276,0.9528985507246377,0.42391304347826086,0.5289855072463768
stgcn,frame_missing_severe,58,walking towards each other,273,0.9926739926739927,0.9377289377289377,0.05494505494505497
stgcn,frame_missing_severe,59,walking apart from each other,276,0.9637681159420289,0.9202898550724637,0.04347826086956519
stgcn,joint_missing_mild,0,drink water,274,0.8795620437956204,0.7043795620437956,0.17518248175182483
stgcn,joint_missing_mild,1,eat meal/snack,275,0.730909090909091,0.5163636363636364,0.2145454545454546
stgcn,joint_missing_mild,2,brushing teeth,273,0.8534798534798534,0.4432234432234432,0.41025641025641024
stgcn,joint_missing_mild,3,brushing hair,273,0.9084249084249084,0.5970695970695971,0.31135531135531136
stgcn,joint_missing_mild,4,drop,275,0.8363636363636363,0.4,0.4363636363636363
stgcn,joint_missing_mild,5,pickup,275,0.9345454545454546,0.7781818181818182,0.15636363636363637
stgcn,joint_missing_mild,6,throw,275,0.9127272727272727,0.6909090909090909,0.2218181818181818
stgcn,joint_missing_mild,7,sitting down,273,0.9743589743589743,0.7545787545787546,0.21978021978021978
stgcn,joint_missing_mild,8,standing up (from sitting position),273,0.978021978021978,0.9633699633699634,0.0146520146520146
stgcn,joint_missing_mild,9,clapping,273,0.7802197802197802,0.43956043956043955,0.34065934065934067
stgcn,joint_missing_mild,10,reading,273,0.5860805860805861,0.5164835164835165,0.06959706959706957
stgcn,joint_missing_mild,11,writing,272,0.5588235294117647,0.41911764705882354,0.13970588235294118
stgcn,joint_missing_mild,12,tear up paper,271,0.8856088560885609,0.5940959409594095,0.29151291512915134
stgcn,joint_missing_mild,13,wear jacket,275,0.9854545454545455,0.9818181818181818,0.0036363636363636598
stgcn,joint_missing_mild,14,take off jacket,276,0.9637681159420289,0.894927536231884,0.0688405797101449
stgcn,joint_missing_mild,15,wear a shoe,273,0.7289377289377289,0.6117216117216118,0.11721611721611713
stgcn,joint_missing_mild,16,take off a shoe,274,0.7773722627737226,0.3686131386861314,0.40875912408759124
stgcn,joint_missing_mild,17,wear on glasses,273,0.8827838827838828,0.684981684981685,0.19780219780219777
stgcn,joint_missing_mild,18,take off glasses,274,0.9306569343065694,0.8248175182481752,0.1058394160583942
stgcn,joint_missing_mild,19,put on a hat/cap,272,0.9632352941176471,0.7169117647058824,0.24632352941176472
stgcn,joint_missing_mild,20,take off a hat/cap,273,0.967032967032967,0.8754578754578755,0.09157509157509158
stgcn,joint_missing_mild,21,cheer up,274,0.9197080291970803,0.7591240875912408,0.16058394160583944
stgcn,joint_missing_mild,22,hand waving,274,0.9233576642335767,0.8211678832116789,0.1021897810218978
stgcn,joint_missing_mild,23,kicking something,276,0.9239130434782609,0.21739130434782608,0.7065217391304348
stgcn,joint_missing_mild,24,reach into pocket,274,0.8211678832116789,0.24452554744525548,0.5766423357664234
stgcn,joint_missing_mild,25,hopping (one foot jumping),275,0.9854545454545455,0.9090909090909091,0.07636363636363641
stgcn,joint_missing_mild,26,jump up,276,0.9963768115942029,0.9855072463768116,0.010869565217391242
stgcn,joint_missing_mild,27,make a phone call/answer phone,275,0.8581818181818182,0.3709090909090909,0.48727272727272725
stgcn,joint_missing_mild,28,playing with phone/tablet,275,0.6981818181818182,0.2872727272727273,0.41090909090909095
stgcn,joint_missing_mild,29,typing on a keyboard,275,0.6727272727272727,0.6072727272727273,0.06545454545454543
stgcn,joint_missing_mild,30,pointing to something with finger,276,0.7681159420289855,0.4963768115942029,0.2717391304347826
stgcn,joint_missing_mild,31,taking a selfie,276,0.9021739130434783,0.6340579710144928,0.2681159420289855
stgcn,joint_missing_mild,32,check time (from watch),276,0.8804347826086957,0.7101449275362319,0.17028985507246375
stgcn,joint_missing_mild,33,rub two hands together,276,0.8768115942028986,0.7318840579710145,0.14492753623188404
stgcn,joint_missing_mild,34,nod head/bow,276,0.9710144927536232,0.8913043478260869,0.07971014492753625
stgcn,joint_missing_mild,35,shake head,275,0.9418181818181818,0.07272727272727272,0.869090909090909
stgcn,joint_missing_mild,36,wipe face,276,0.8297101449275363,0.4420289855072464,0.38768115942028986
stgcn,joint_missing_mild,37,salute,276,0.9239130434782609,0.5543478260869565,0.3695652173913043
stgcn,joint_missing_mild,38,put the palms together,276,0.9347826086956522,0.3115942028985507,0.6231884057971016
stgcn,joint_missing_mild,39,cross hands in front (say stop),276,0.8985507246376812,0.8804347826086957,0.018115942028985477
stgcn,joint_missing_mild,40,sneeze/cough,276,0.7427536231884058,0.2826086956521739,0.4601449275362319
stgcn,joint_missing_mild,41,staggering,276,0.9927536231884058,0.3804347826086957,0.6123188405797101
stgcn,joint_missing_mild,42,falling,275,0.9854545454545455,0.7018181818181818,0.2836363636363637
stgcn,joint_missing_mild,43,touch head (headache),276,0.7753623188405797,0.26811594202898553,0.5072463768115942
stgcn,joint_missing_mild,44,touch chest (stomachache/heart pain),276,0.9202898550724637,0.4420289855072464,0.47826086956521735
stgcn,joint_missing_mild,45,touch back (backache),276,0.9565217391304348,0.5398550724637681,0.41666666666666674
stgcn,joint_missing_mild,46,touch neck (neckache),276,0.8478260869565217,0.35144927536231885,0.4963768115942029
stgcn,joint_missing_mild,47,nausea or vomiting condition,275,0.88,0.8763636363636363,0.0036363636363636598
stgcn,joint_missing_mild,48,use a fan (with hand or paper)/feeling warm,275,0.9090909090909091,0.9163636363636364,-0.0072727272727273196
stgcn,joint_missing_mild,49,punching/slapping other person,274,0.9087591240875912,0.6532846715328468,0.25547445255474444
stgcn,joint_missing_mild,50,kicking other person,276,0.9347826086956522,0.12681159420289856,0.8079710144927537
stgcn,joint_missing_mild,51,pushing other person,276,0.9565217391304348,0.6231884057971014,0.33333333333333337
stgcn,joint_missing_mild,52,pat on back of other person,276,0.9384057971014492,0.6992753623188406,0.23913043478260865
stgcn,joint_missing_mild,53,point finger at the other person,276,0.8913043478260869,0.2391304347826087,0.6521739130434783
stgcn,joint_missing_mild,54,hugging other person,274,0.9854014598540146,0.8941605839416058,0.09124087591240881
stgcn,joint_missing_mild,55,giving something to other person,276,0.9021739130434783,0.6304347826086957,0.2717391304347826
stgcn,joint_missing_mild,56,touch other person's pocket,275,0.92,0.6072727272727273,0.31272727272727274
stgcn,joint_missing_mild,57,handshaking,276,0.9528985507246377,0.286231884057971,0.6666666666666667
stgcn,joint_missing_mild,58,walking towards each other,273,0.9926739926739927,0.5934065934065934,0.3992673992673993
stgcn,joint_missing_mild,59,walking apart from each other,276,0.9637681159420289,0.9166666666666666,0.047101449275362306
stgcn,joint_missing_moderate,0,drink water,274,0.8795620437956204,0.014598540145985401,0.864963503649635
stgcn,joint_missing_moderate,1,eat meal/snack,275,0.730909090909091,0.05090909090909091,0.68
stgcn,joint_missing_moderate,2,brushing teeth,273,0.8534798534798534,0.003663003663003663,0.8498168498168498
stgcn,joint_missing_moderate,3,brushing hair,273,0.9084249084249084,0.003663003663003663,0.9047619047619048
stgcn,joint_missing_moderate,4,drop,275,0.8363636363636363,0.0,0.8363636363636363
stgcn,joint_missing_moderate,5,pickup,275,0.9345454545454546,0.13454545454545455,0.8
stgcn,joint_missing_moderate,6,throw,275,0.9127272727272727,0.16727272727272727,0.7454545454545455
stgcn,joint_missing_moderate,7,sitting down,273,0.9743589743589743,0.0,0.9743589743589743
stgcn,joint_missing_moderate,8,standing up (from sitting position),273,0.978021978021978,0.2271062271062271,0.7509157509157509
stgcn,joint_missing_moderate,9,clapping,273,0.7802197802197802,0.047619047619047616,0.7326007326007327
stgcn,joint_missing_moderate,10,reading,273,0.5860805860805861,0.01098901098901099,0.5750915750915752
stgcn,joint_missing_moderate,11,writing,272,0.5588235294117647,0.6580882352941176,-0.09926470588235292
stgcn,joint_missing_moderate,12,tear up paper,271,0.8856088560885609,0.025830258302583026,0.8597785977859779
stgcn,joint_missing_moderate,13,wear jacket,275,0.9854545454545455,0.2109090909090909,0.7745454545454545
stgcn,joint_missing_moderate,14,take off jacket,276,0.9637681159420289,0.18478260869565216,0.7789855072463767
stgcn,joint_missing_moderate,15,wear a shoe,273,0.7289377289377289,0.18315018315018314,0.5457875457875457
stgcn,joint_missing_moderate,16,take off a shoe,274,0.7773722627737226,0.025547445255474453,0.7518248175182481
stgcn,joint_missing_moderate,17,wear on glasses,273,0.8827838827838828,0.06227106227106227,0.8205128205128205
stgcn,joint_missing_moderate,18,take off glasses,274,0.9306569343065694,0.10218978102189781,0.8284671532846716
stgcn,joint_missing_moderate,19,put on a hat/cap,272,0.9632352941176471,0.003676470588235294,0.9595588235294118
stgcn,joint_missing_moderate,20,take off a hat/cap,273,0.967032967032967,0.12087912087912088,0.8461538461538461
stgcn,joint_missing_moderate,21,cheer up,274,0.9197080291970803,0.014598540145985401,0.9051094890510949
stgcn,joint_missing_moderate,22,hand waving,274,0.9233576642335767,0.0948905109489051,0.8284671532846716
stgcn,joint_missing_moderate,23,kicking something,276,0.9239130434782609,0.0,0.9239130434782609
stgcn,joint_missing_moderate,24,reach into pocket,274,0.8211678832116789,0.0,0.8211678832116789
stgcn,joint_missing_moderate,25,hopping (one foot jumping),275,0.9854545454545455,0.05454545454545454,0.9309090909090909
stgcn,joint_missing_moderate,26,jump up,276,0.9963768115942029,0.07608695652173914,0.9202898550724637
stgcn,joint_missing_moderate,27,make a phone call/answer phone,275,0.8581818181818182,0.0036363636363636364,0.8545454545454545
stgcn,joint_missing_moderate,28,playing with phone/tablet,275,0.6981818181818182,0.3381818181818182,0.36000000000000004
stgcn,joint_missing_moderate,29,typing on a keyboard,275,0.6727272727272727,0.43272727272727274,0.24
stgcn,joint_missing_moderate,30,pointing to something with finger,276,0.7681159420289855,0.13405797101449277,0.6340579710144927
stgcn,joint_missing_moderate,31,taking a selfie,276,0.9021739130434783,0.3442028985507246,0.5579710144927537
stgcn,joint_missing_moderate,32,check time (from watch),276,0.8804347826086957,0.05434782608695652,0.8260869565217391
stgcn,joint_missing_moderate,33,rub two hands together,276,0.8768115942028986,0.028985507246376812,0.8478260869565217
stgcn,joint_missing_moderate,34,nod head/bow,276,0.9710144927536232,0.21739130434782608,0.7536231884057971
stgcn,joint_missing_moderate,35,shake head,275,0.9418181818181818,0.0,0.9418181818181818
stgcn,joint_missing_moderate,36,wipe face,276,0.8297101449275363,0.007246376811594203,0.822463768115942
stgcn,joint_missing_moderate,37,salute,276,0.9239130434782609,0.0036231884057971015,0.9202898550724637
stgcn,joint_missing_moderate,38,put the palms together,276,0.9347826086956522,0.018115942028985508,0.9166666666666667
stgcn,joint_missing_moderate,39,cross hands in front (say stop),276,0.8985507246376812,0.14492753623188406,0.7536231884057971
stgcn,joint_missing_moderate,40,sneeze/cough,276,0.7427536231884058,0.0,0.7427536231884058
stgcn,joint_missing_moderate,41,staggering,276,0.9927536231884058,0.0,0.9927536231884058
stgcn,joint_missing_moderate,42,falling,275,0.9854545454545455,0.007272727272727273,0.9781818181818182
stgcn,joint_missing_moderate,43,touch head (headache),276,0.7753623188405797,0.03260869565217391,0.7427536231884058
stgcn,joint_missing_moderate,44,touch chest (stomachache/heart pain),276,0.9202898550724637,0.036231884057971016,0.8840579710144927
stgcn,joint_missing_moderate,45,touch back (backache),276,0.9565217391304348,0.0036231884057971015,0.9528985507246377
stgcn,joint_missing_moderate,46,touch neck (neckache),276,0.8478260869565217,0.0,0.8478260869565217
stgcn,joint_missing_moderate,47,nausea or vomiting condition,275,0.88,0.7018181818181818,0.17818181818181822
stgcn,joint_missing_moderate,48,use a fan (with hand or paper)/feeling warm,275,0.9090909090909091,0.09454545454545454,0.8145454545454545
stgcn,joint_missing_moderate,49,punching/slapping other person,274,0.9087591240875912,0.021897810218978103,0.8868613138686131
stgcn,joint_missing_moderate,50,kicking other person,276,0.9347826086956522,0.0,0.9347826086956522
stgcn,joint_missing_moderate,51,pushing other person,276,0.9565217391304348,0.036231884057971016,0.9202898550724637
stgcn,joint_missing_moderate,52,pat on back of other person,276,0.9384057971014492,0.014492753623188406,0.9239130434782609
stgcn,joint_missing_moderate,53,point finger at the other person,276,0.8913043478260869,0.0,0.8913043478260869
stgcn,joint_missing_moderate,54,hugging other person,274,0.9854014598540146,0.35036496350364965,0.635036496350365
stgcn,joint_missing_moderate,55,giving something to other person,276,0.9021739130434783,0.010869565217391304,0.8913043478260869
stgcn,joint_missing_moderate,56,touch other person's pocket,275,0.92,0.0036363636363636364,0.9163636363636364
stgcn,joint_missing_moderate,57,handshaking,276,0.9528985507246377,0.0,0.9528985507246377
stgcn,joint_missing_moderate,58,walking towards each other,273,0.9926739926739927,0.03663003663003663,0.9560439560439561
stgcn,joint_missing_moderate,59,walking apart from each other,276,0.9637681159420289,0.014492753623188406,0.9492753623188406
stgcn,joint_missing_severe,0,drink water,274,0.8795620437956204,0.0,0.8795620437956204
stgcn,joint_missing_severe,1,eat meal/snack,275,0.730909090909091,0.0,0.730909090909091
stgcn,joint_missing_severe,2,brushing teeth,273,0.8534798534798534,0.0,0.8534798534798534
stgcn,joint_missing_severe,3,brushing hair,273,0.9084249084249084,0.0,0.9084249084249084
stgcn,joint_missing_severe,4,drop,275,0.8363636363636363,0.0,0.8363636363636363
stgcn,joint_missing_severe,5,pickup,275,0.9345454545454546,0.0036363636363636364,0.9309090909090909
stgcn,joint_missing_severe,6,throw,275,0.9127272727272727,0.0036363636363636364,0.9090909090909091
stgcn,joint_missing_severe,7,sitting down,273,0.9743589743589743,0.0,0.9743589743589743
stgcn,joint_missing_severe,8,standing up (from sitting position),273,0.978021978021978,0.0,0.978021978021978
stgcn,joint_missing_severe,9,clapping,273,0.7802197802197802,0.0,0.7802197802197802
stgcn,joint_missing_severe,10,reading,273,0.5860805860805861,0.0,0.5860805860805861
stgcn,joint_missing_severe,11,writing,272,0.5588235294117647,0.8529411764705882,-0.2941176470588235
stgcn,joint_missing_severe,12,tear up paper,271,0.8856088560885609,0.0,0.8856088560885609
stgcn,joint_missing_severe,13,wear jacket,275,0.9854545454545455,0.0,0.9854545454545455
stgcn,joint_missing_severe,14,take off jacket,276,0.9637681159420289,0.0,0.9637681159420289
stgcn,joint_missing_severe,15,wear a shoe,273,0.7289377289377289,0.014652014652014652,0.7142857142857143
stgcn,joint_missing_severe,16,take off a shoe,274,0.7773722627737226,0.0072992700729927005,0.7700729927007299
stgcn,joint_missing_severe,17,wear on glasses,273,0.8827838827838828,0.0,0.8827838827838828
stgcn,joint_missing_severe,18,take off glasses,274,0.9306569343065694,0.0,0.9306569343065694
stgcn,joint_missing_severe,19,put on a hat/cap,272,0.9632352941176471,0.0,0.9632352941176471
stgcn,joint_missing_severe,20,take off a hat/cap,273,0.967032967032967,0.0,0.967032967032967
stgcn,joint_missing_severe,21,cheer up,274,0.9197080291970803,0.0,0.9197080291970803
stgcn,joint_missing_severe,22,hand waving,274,0.9233576642335767,0.0,0.9233576642335767
stgcn,joint_missing_severe,23,kicking something,276,0.9239130434782609,0.0,0.9239130434782609
stgcn,joint_missing_severe,24,reach into pocket,274,0.8211678832116789,0.0,0.8211678832116789
stgcn,joint_missing_severe,25,hopping (one foot jumping),275,0.9854545454545455,0.0,0.9854545454545455
stgcn,joint_missing_severe,26,jump up,276,0.9963768115942029,0.0,0.9963768115942029
stgcn,joint_missing_severe,27,make a phone call/answer phone,275,0.8581818181818182,0.0,0.8581818181818182
stgcn,joint_missing_severe,28,playing with phone/tablet,275,0.6981818181818182,0.11272727272727273,0.5854545454545454
stgcn,joint_missing_severe,29,typing on a keyboard,275,0.6727272727272727,0.21454545454545454,0.4581818181818182
stgcn,joint_missing_severe,30,pointing to something with finger,276,0.7681159420289855,0.0036231884057971015,0.7644927536231884
stgcn,joint_missing_severe,31,taking a selfie,276,0.9021739130434783,0.043478260869565216,0.8586956521739131
stgcn,joint_missing_severe,32,check time (from watch),276,0.8804347826086957,0.0,0.8804347826086957
stgcn,joint_missing_severe,33,rub two hands together,276,0.8768115942028986,0.0,0.8768115942028986
stgcn,joint_missing_severe,34,nod head/bow,276,0.9710144927536232,0.0036231884057971015,0.967391304347826
stgcn,joint_missing_severe,35,shake head,275,0.9418181818181818,0.0,0.9418181818181818
stgcn,joint_missing_severe,36,wipe face,276,0.8297101449275363,0.0,0.8297101449275363
stgcn,joint_missing_severe,37,salute,276,0.9239130434782609,0.0,0.9239130434782609
stgcn,joint_missing_severe,38,put the palms together,276,0.9347826086956522,0.0,0.9347826086956522
stgcn,joint_missing_severe,39,cross hands in front (say stop),276,0.8985507246376812,0.0,0.8985507246376812
stgcn,joint_missing_severe,40,sneeze/cough,276,0.7427536231884058,0.0,0.7427536231884058
stgcn,joint_missing_severe,41,staggering,276,0.9927536231884058,0.0,0.9927536231884058
stgcn,joint_missing_severe,42,falling,275,0.9854545454545455,0.0,0.9854545454545455
stgcn,joint_missing_severe,43,touch head (headache),276,0.7753623188405797,0.0,0.7753623188405797
stgcn,joint_missing_severe,44,touch chest (stomachache/heart pain),276,0.9202898550724637,0.0,0.9202898550724637
stgcn,joint_missing_severe,45,touch back (backache),276,0.9565217391304348,0.0,0.9565217391304348
stgcn,joint_missing_severe,46,touch neck (neckache),276,0.8478260869565217,0.0,0.8478260869565217
stgcn,joint_missing_severe,47,nausea or vomiting condition,275,0.88,0.12727272727272726,0.7527272727272727
stgcn,joint_missing_severe,48,use a fan (with hand or paper)/feeling warm,275,0.9090909090909091,0.0,0.9090909090909091
stgcn,joint_missing_severe,49,punching/slapping other person,274,0.9087591240875912,0.0,0.9087591240875912
stgcn,joint_missing_severe,50,kicking other person,276,0.9347826086956522,0.0,0.9347826086956522
stgcn,joint_missing_severe,51,pushing other person,276,0.9565217391304348,0.0,0.9565217391304348
stgcn,joint_missing_severe,52,pat on back of other person,276,0.9384057971014492,0.0036231884057971015,0.9347826086956521
stgcn,joint_missing_severe,53,point finger at the other person,276,0.8913043478260869,0.0,0.8913043478260869
stgcn,joint_missing_severe,54,hugging other person,274,0.9854014598540146,0.0072992700729927005,0.9781021897810219
stgcn,joint_missing_severe,55,giving something to other person,276,0.9021739130434783,0.0,0.9021739130434783
stgcn,joint_missing_severe,56,touch other person's pocket,275,0.92,0.0,0.92
stgcn,joint_missing_severe,57,handshaking,276,0.9528985507246377,0.0,0.9528985507246377
stgcn,joint_missing_severe,58,walking towards each other,273,0.9926739926739927,0.0,0.9926739926739927
stgcn,joint_missing_severe,59,walking apart from each other,276,0.9637681159420289,0.0,0.9637681159420289
stgcn,limb_occlusion_mild,0,drink water,274,0.8795620437956204,0.7481751824817519,0.13138686131386856
stgcn,limb_occlusion_mild,1,eat meal/snack,275,0.730909090909091,0.5963636363636363,0.13454545454545463
stgcn,limb_occlusion_mild,2,brushing teeth,273,0.8534798534798534,0.6703296703296703,0.18315018315018317
stgcn,limb_occlusion_mild,3,brushing hair,273,0.9084249084249084,0.7985347985347986,0.10989010989010983
stgcn,limb_occlusion_mild,4,drop,275,0.8363636363636363,0.7236363636363636,0.11272727272727268
stgcn,limb_occlusion_mild,5,pickup,275,0.9345454545454546,0.8290909090909091,0.10545454545454547
stgcn,limb_occlusion_mild,6,throw,275,0.9127272727272727,0.8290909090909091,0.08363636363636362
stgcn,limb_occlusion_mild,7,sitting down,273,0.9743589743589743,0.8351648351648352,0.13919413919413914
stgcn,limb_occlusion_mild,8,standing up (from sitting position),273,0.978021978021978,0.8388278388278388,0.13919413919413914
stgcn,limb_occlusion_mild,9,clapping,273,0.7802197802197802,0.7106227106227107,0.06959706959706957
stgcn,limb_occlusion_mild,10,reading,273,0.5860805860805861,0.5604395604395604,0.02564102564102566
stgcn,limb_occlusion_mild,11,writing,272,0.5588235294117647,0.5661764705882353,-0.007352941176470562
stgcn,limb_occlusion_mild,12,tear up paper,271,0.8856088560885609,0.7712177121771218,0.11439114391143912
stgcn,limb_occlusion_mild,13,wear jacket,275,0.9854545454545455,0.9527272727272728,0.032727272727272716
stgcn,limb_occlusion_mild,14,take off jacket,276,0.9637681159420289,0.8840579710144928,0.07971014492753614
stgcn,limb_occlusion_mild,15,wear a shoe,273,0.7289377289377289,0.5860805860805861,0.1428571428571428
stgcn,limb_occlusion_mild,16,take off a shoe,274,0.7773722627737226,0.6970802919708029,0.08029197080291972
stgcn,limb_occlusion_mild,17,wear on glasses,273,0.8827838827838828,0.8168498168498168,0.06593406593406592
stgcn,limb_occlusion_mild,18,take off glasses,274,0.9306569343065694,0.8357664233576643,0.0948905109489051
stgcn,limb_occlusion_mild,19,put on a hat/cap,272,0.9632352941176471,0.7977941176470589,0.1654411764705882
stgcn,limb_occlusion_mild,20,take off a hat/cap,273,0.967032967032967,0.8498168498168498,0.11721611721611724
stgcn,limb_occlusion_mild,21,cheer up,274,0.9197080291970803,0.843065693430657,0.07664233576642332
stgcn,limb_occlusion_mild,22,hand waving,274,0.9233576642335767,0.7773722627737226,0.14598540145985406
stgcn,limb_occlusion_mild,23,kicking something,276,0.9239130434782609,0.8260869565217391,0.09782608695652173
stgcn,limb_occlusion_mild,24,reach into pocket,274,0.8211678832116789,0.7007299270072993,0.12043795620437958
stgcn,limb_occlusion_mild,25,hopping (one foot jumping),275,0.9854545454545455,0.9490909090909091,0.036363636363636376
stgcn,limb_occlusion_mild,26,jump up,276,0.9963768115942029,0.9565217391304348,0.03985507246376807
stgcn,limb_occlusion_mild,27,make a phone call/answer phone,275,0.8581818181818182,0.7018181818181818,0.15636363636363637
stgcn,limb_occlusion_mild,28,playing with phone/tablet,275,0.6981818181818182,0.5563636363636364,0.14181818181818184
stgcn,limb_occlusion_mild,29,typing on a keyboard,275,0.6727272727272727,0.56,0.11272727272727268
stgcn,limb_occlusion_mild,30,pointing to something with finger,276,0.7681159420289855,0.6159420289855072,0.15217391304347827
stgcn,limb_occlusion_mild,31,taking a selfie,276,0.9021739130434783,0.7463768115942029,0.1557971014492754
stgcn,limb_occlusion_mild,32,check time (from watch),276,0.8804347826086957,0.6702898550724637,0.21014492753623193
stgcn,limb_occlusion_mild,33,rub two hands together,276,0.8768115942028986,0.7753623188405797,0.10144927536231885
stgcn,limb_occlusion_mild,34,nod head/bow,276,0.9710144927536232,0.8043478260869565,0.16666666666666663
stgcn,limb_occlusion_mild,35,shake head,275,0.9418181818181818,0.7890909090909091,0.1527272727272727
stgcn,limb_occlusion_mild,36,wipe face,276,0.8297101449275363,0.6557971014492754,0.17391304347826086
stgcn,limb_occlusion_mild,37,salute,276,0.9239130434782609,0.75,0.17391304347826086
stgcn,limb_occlusion_mild,38,put the palms together,276,0.9347826086956522,0.7681159420289855,0.16666666666666674
stgcn,limb_occlusion_mild,39,cross hands in front (say stop),276,0.8985507246376812,0.7753623188405797,0.12318840579710144
stgcn,limb_occlusion_mild,40,sneeze/cough,276,0.7427536231884058,0.5579710144927537,0.1847826086956521
stgcn,limb_occlusion_mild,41,staggering,276,0.9927536231884058,0.9565217391304348,0.03623188405797095
stgcn,limb_occlusion_mild,42,falling,275,0.9854545454545455,0.9781818181818182,0.0072727272727273196
stgcn,limb_occlusion_mild,43,touch head (headache),276,0.7753623188405797,0.6195652173913043,0.1557971014492754
stgcn,limb_occlusion_mild,44,touch chest (stomachache/heart pain),276,0.9202898550724637,0.7318840579710145,0.18840579710144922
stgcn,limb_occlusion_mild,45,touch back (backache),276,0.9565217391304348,0.8514492753623188,0.10507246376811596
stgcn,limb_occlusion_mild,46,touch neck (neckache),276,0.8478260869565217,0.7536231884057971,0.09420289855072461
stgcn,limb_occlusion_mild,47,nausea or vomiting condition,275,0.88,0.6909090909090909,0.1890909090909091
stgcn,limb_occlusion_mild,48,use a fan (with hand or paper)/feeling warm,275,0.9090909090909091,0.8072727272727273,0.10181818181818181
stgcn,limb_occlusion_mild,49,punching/slapping other person,274,0.9087591240875912,0.8102189781021898,0.0985401459854014
stgcn,limb_occlusion_mild,50,kicking other person,276,0.9347826086956522,0.7536231884057971,0.1811594202898551
stgcn,limb_occlusion_mild,51,pushing other person,276,0.9565217391304348,0.8768115942028986,0.07971014492753625
stgcn,limb_occlusion_mild,52,pat on back of other person,276,0.9384057971014492,0.8659420289855072,0.07246376811594202
stgcn,limb_occlusion_mild,53,point finger at the other person,276,0.8913043478260869,0.5579710144927537,0.33333333333333326
stgcn,limb_occlusion_mild,54,hugging other person,274,0.9854014598540146,0.9343065693430657,0.051094890510948954
stgcn,limb_occlusion_mild,55,giving something to other person,276,0.9021739130434783,0.7753623188405797,0.12681159420289856
stgcn,limb_occlusion_mild,56,touch other person's pocket,275,0.92,0.8872727272727273,0.032727272727272716
stgcn,limb_occlusion_mild,57,handshaking,276,0.9528985507246377,0.7572463768115942,0.19565217391304346
stgcn,limb_occlusion_mild,58,walking towards each other,273,0.9926739926739927,0.9633699633699634,0.02930402930402931
stgcn,limb_occlusion_mild,59,walking apart from each other,276,0.9637681159420289,0.9601449275362319,0.0036231884057970065
stgcn,limb_occlusion_moderate,0,drink water,274,0.8795620437956204,0.5328467153284672,0.34671532846715325
stgcn,limb_occlusion_moderate,1,eat meal/snack,275,0.730909090909091,0.4618181818181818,0.26909090909090916
stgcn,limb_occlusion_moderate,2,brushing teeth,273,0.8534798534798534,0.5128205128205128,0.34065934065934067
stgcn,limb_occlusion_moderate,3,brushing hair,273,0.9084249084249084,0.6483516483516484,0.26007326007326004
stgcn,limb_occlusion_moderate,4,drop,275,0.8363636363636363,0.5963636363636363,0.24
stgcn,limb_occlusion_moderate,5,pickup,275,0.9345454545454546,0.5927272727272728,0.3418181818181818
stgcn,limb_occlusion_moderate,6,throw,275,0.9127272727272727,0.6218181818181818,0.2909090909090909
stgcn,limb_occlusion_moderate,7,sitting down,273,0.9743589743589743,0.6666666666666666,0.3076923076923077
stgcn,limb_occlusion_moderate,8,standing up (from sitting position),273,0.978021978021978,0.6483516483516484,0.3296703296703296
stgcn,limb_occlusion_moderate,9,clapping,273,0.7802197802197802,0.5677655677655677,0.21245421245421248
stgcn,limb_occlusion_moderate,10,reading,273,0.5860805860805861,0.4835164835164835,0.10256410256410259
stgcn,limb_occlusion_moderate,11,writing,272,0.5588235294117647,0.5625,-0.003676470588235281
stgcn,limb_occlusion_moderate,12,tear up paper,271,0.8856088560885609,0.6420664206642066,0.24354243542435428
stgcn,limb_occlusion_moderate,13,wear jacket,275,0.9854545454545455,0.7854545454545454,0.20000000000000007
stgcn,limb_occlusion_moderate,14,take off jacket,276,0.9637681159420289,0.7101449275362319,0.253623188405797
stgcn,limb_occlusion_moderate,15,wear a shoe,273,0.7289377289377289,0.45054945054945056,0.27838827838827834
stgcn,limb_occlusion_moderate,16,take off a shoe,274,0.7773722627737226,0.6204379562043796,0.15693430656934304
stgcn,limb_occlusion_moderate,17,wear on glasses,273,0.8827838827838828,0.6813186813186813,0.20146520146520142
stgcn,limb_occlusion_moderate,18,take off glasses,274,0.9306569343065694,0.7299270072992701,0.2007299270072993
stgcn,limb_occlusion_moderate,19,put on a hat/cap,272,0.9632352941176471,0.6213235294117647,0.34191176470588236
stgcn,limb_occlusion_moderate,20,take off a hat/cap,273,0.967032967032967,0.6996336996336996,0.26739926739926745
stgcn,limb_occlusion_moderate,21,cheer up,274,0.9197080291970803,0.656934306569343,0.26277372262773724
stgcn,limb_occlusion_moderate,22,hand waving,274,0.9233576642335767,0.5912408759124088,0.33211678832116787
stgcn,limb_occlusion_moderate,23,kicking something,276,0.9239130434782609,0.7391304347826086,0.18478260869565222
stgcn,limb_occlusion_moderate,24,reach into pocket,274,0.8211678832116789,0.5656934306569343,0.25547445255474455
stgcn,limb_occlusion_moderate,25,hopping (one foot jumping),275,0.9854545454545455,0.8872727272727273,0.09818181818181815
stgcn,limb_occlusion_moderate,26,jump up,276,0.9963768115942029,0.7934782608695652,0.2028985507246377
stgcn,limb_occlusion_moderate,27,make a phone call/answer phone,275,0.8581818181818182,0.5418181818181819,0.3163636363636363
stgcn,limb_occlusion_moderate,28,playing with phone/tablet,275,0.6981818181818182,0.37454545454545457,0.32363636363636367
stgcn,limb_occlusion_moderate,29,typing on a keyboard,275,0.6727272727272727,0.4290909090909091,0.24363636363636365
stgcn,limb_occlusion_moderate,30,pointing to something with finger,276,0.7681159420289855,0.5108695652173914,0.2572463768115941
stgcn,limb_occlusion_moderate,31,taking a selfie,276,0.9021739130434783,0.5543478260869565,0.34782608695652173
stgcn,limb_occlusion_moderate,32,check time (from watch),276,0.8804347826086957,0.48188405797101447,0.3985507246376812
stgcn,limb_occlusion_moderate,33,rub two hands together,276,0.8768115942028986,0.5978260869565217,0.27898550724637683
stgcn,limb_occlusion_moderate,34,nod head/bow,276,0.9710144927536232,0.5615942028985508,0.4094202898550724
stgcn,limb_occlusion_moderate,35,shake head,275,0.9418181818181818,0.6145454545454545,0.32727272727272727
stgcn,limb_occlusion_moderate,36,wipe face,276,0.8297101449275363,0.4673913043478261,0.36231884057971014
stgcn,limb_occlusion_moderate,37,salute,276,0.9239130434782609,0.5398550724637681,0.3840579710144928
stgcn,limb_occlusion_moderate,38,put the palms together,276,0.9347826086956522,0.5652173913043478,0.36956521739130443
stgcn,limb_occlusion_moderate,39,cross hands in front (say stop),276,0.8985507246376812,0.5688405797101449,0.32971014492753625
stgcn,limb_occlusion_moderate,40,sneeze/cough,276,0.7427536231884058,0.4166666666666667,0.3260869565217391
stgcn,limb_occlusion_moderate,41,staggering,276,0.9927536231884058,0.9202898550724637,0.07246376811594202
stgcn,limb_occlusion_moderate,42,falling,275,0.9854545454545455,0.9018181818181819,0.08363636363636362
stgcn,limb_occlusion_moderate,43,touch head (headache),276,0.7753623188405797,0.4927536231884058,0.2826086956521739
stgcn,limb_occlusion_moderate,44,touch chest (stomachache/heart pain),276,0.9202898550724637,0.5652173913043478,0.35507246376811596
stgcn,limb_occlusion_moderate,45,touch back (backache),276,0.9565217391304348,0.7681159420289855,0.18840579710144933
stgcn,limb_occlusion_moderate,46,touch neck (neckache),276,0.8478260869565217,0.5760869565217391,0.2717391304347826
stgcn,limb_occlusion_moderate,47,nausea or vomiting condition,275,0.88,0.509090909090909,0.37090909090909097
stgcn,limb_occlusion_moderate,48,use a fan (with hand or paper)/feeling warm,275,0.9090909090909091,0.6218181818181818,0.28727272727272724
stgcn,limb_occlusion_moderate,49,punching/slapping other person,274,0.9087591240875912,0.5547445255474452,0.35401459854014594
stgcn,limb_occlusion_moderate,50,kicking other person,276,0.9347826086956522,0.5398550724637681,0.39492753623188415
stgcn,limb_occlusion_moderate,51,pushing other person,276,0.9565217391304348,0.7210144927536232,0.23550724637681164
stgcn,limb_occlusion_moderate,52,pat on back of other person,276,0.9384057971014492,0.6594202898550725,0.2789855072463767
stgcn,limb_occlusion_moderate,53,point finger at the other person,276,0.8913043478260869,0.2391304347826087,0.6521739130434783
stgcn,limb_occlusion_moderate,54,hugging other person,274,0.9854014598540146,0.7700729927007299,0.21532846715328469
stgcn,limb_occlusion_moderate,55,giving something to other person,276,0.9021739130434783,0.5978260869565217,0.30434782608695654
stgcn,limb_occlusion_moderate,56,touch other person's pocket,275,0.92,0.76,0.16000000000000003
stgcn,limb_occlusion_moderate,57,handshaking,276,0.9528985507246377,0.5760869565217391,0.37681159420289856
stgcn,limb_occlusion_moderate,58,walking towards each other,273,0.9926739926739927,0.9084249084249084,0.08424908424908428
stgcn,limb_occlusion_moderate,59,walking apart from each other,276,0.9637681159420289,0.9420289855072463,0.021739130434782594
stgcn,limb_occlusion_severe,0,drink water,274,0.8795620437956204,0.354014598540146,0.5255474452554745
stgcn,limb_occlusion_severe,1,eat meal/snack,275,0.730909090909091,0.32,0.41090909090909095
stgcn,limb_occlusion_severe,2,brushing teeth,273,0.8534798534798534,0.34798534798534797,0.5054945054945055
stgcn,limb_occlusion_severe,3,brushing hair,273,0.9084249084249084,0.45054945054945056,0.45787545787545786
stgcn,limb_occlusion_severe,4,drop,275,0.8363636363636363,0.43272727272727274,0.40363636363636357
stgcn,limb_occlusion_severe,5,pickup,275,0.9345454545454546,0.4036363636363636,0.530909090909091
stgcn,limb_occlusion_severe,6,throw,275,0.9127272727272727,0.37454545454545457,0.5381818181818181
stgcn,limb_occlusion_severe,7,sitting down,273,0.9743589743589743,0.45787545787545786,0.5164835164835164
stgcn,limb_occlusion_severe,8,standing up (from sitting position),273,0.978021978021978,0.41025641025641024,0.5677655677655677
stgcn,limb_occlusion_severe,9,clapping,273,0.7802197802197802,0.38461538461538464,0.3956043956043956
stgcn,limb_occlusion_severe,10,reading,273,0.5860805860805861,0.3553113553113553,0.23076923076923078
stgcn,limb_occlusion_severe,11,writing,272,0.5588235294117647,0.5441176470588235,0.014705882352941235
stgcn,limb_occlusion_severe,12,tear up paper,271,0.8856088560885609,0.4354243542435424,0.45018450184501846
stgcn,limb_occlusion_severe,13,wear jacket,275,0.9854545454545455,0.44,0.5454545454545454
stgcn,limb_occlusion_severe,14,take off jacket,276,0.9637681159420289,0.5036231884057971,0.4601449275362318
stgcn,limb_occlusion_severe,15,wear a shoe,273,0.7289377289377289,0.3443223443223443,0.3846153846153846
stgcn,limb_occlusion_severe,16,take off a shoe,274,0.7773722627737226,0.4708029197080292,0.30656934306569344
stgcn,limb_occlusion_severe,17,wear on glasses,273,0.8827838827838828,0.47985347985347987,0.4029304029304029
stgcn,limb_occlusion_severe,18,take off glasses,274,0.9306569343065694,0.5474452554744526,0.3832116788321168
stgcn,limb_occlusion_severe,19,put on a hat/cap,272,0.9632352941176471,0.44485294117647056,0.5183823529411765
stgcn,limb_occlusion_severe,20,take off a hat/cap,273,0.967032967032967,0.47619047619047616,0.4908424908424909
stgcn,limb_occlusion_severe,21,cheer up,274,0.9197080291970803,0.48175182481751827,0.437956204379562
stgcn,limb_occlusion_severe,22,hand waving,274,0.9233576642335767,0.39416058394160586,0.5291970802919708
stgcn,limb_occlusion_severe,23,kicking something,276,0.9239130434782609,0.5289855072463768,0.39492753623188404
stgcn,limb_occlusion_severe,24,reach into pocket,274,0.8211678832116789,0.40145985401459855,0.41970802919708033
stgcn,limb_occlusion_severe,25,hopping (one foot jumping),275,0.9854545454545455,0.6218181818181818,0.36363636363636365
stgcn,limb_occlusion_severe,26,jump up,276,0.9963768115942029,0.532608695652174,0.46376811594202894
stgcn,limb_occlusion_severe,27,make a phone call/answer phone,275,0.8581818181818182,0.36,0.49818181818181817
stgcn,limb_occlusion_severe,28,playing with phone/tablet,275,0.6981818181818182,0.31272727272727274,0.3854545454545455
stgcn,limb_occlusion_severe,29,typing on a keyboard,275,0.6727272727272727,0.36727272727272725,0.3054545454545455
stgcn,limb_occlusion_severe,30,pointing to something with finger,276,0.7681159420289855,0.358695652173913,0.40942028985507245
stgcn,limb_occlusion_severe,31,taking a selfie,276,0.9021739130434783,0.322463768115942,0.5797101449275363
stgcn,limb_occlusion_severe,32,check time (from watch),276,0.8804347826086957,0.32608695652173914,0.5543478260869565
stgcn,limb_occlusion_severe,33,rub two hands together,276,0.8768115942028986,0.4746376811594203,0.40217391304347827
stgcn,limb_occlusion_severe,34,nod head/bow,276,0.9710144927536232,0.35507246376811596,0.6159420289855072
stgcn,limb_occlusion_severe,35,shake head,275,0.9418181818181818,0.4072727272727273,0.5345454545454544
stgcn,limb_occlusion_severe,36,wipe face,276,0.8297101449275363,0.33695652173913043,0.4927536231884058
stgcn,limb_occlusion_severe,37,salute,276,0.9239130434782609,0.3695652173913043,0.5543478260869565
stgcn,limb_occlusion_severe,38,put the palms together,276,0.9347826086956522,0.36594202898550726,0.568840579710145
stgcn,limb_occlusion_severe,39,cross hands in front (say stop),276,0.8985507246376812,0.3442028985507246,0.5543478260869565
stgcn,limb_occlusion_severe,40,sneeze/cough,276,0.7427536231884058,0.2463768115942029,0.4963768115942029
stgcn,limb_occlusion_severe,41,staggering,276,0.9927536231884058,0.782608695652174,0.21014492753623182
stgcn,limb_occlusion_severe,42,falling,275,0.9854545454545455,0.7818181818181819,0.20363636363636362
stgcn,limb_occlusion_severe,43,touch head (headache),276,0.7753623188405797,0.33695652173913043,0.4384057971014493
stgcn,limb_occlusion_severe,44,touch chest (stomachache/heart pain),276,0.9202898550724637,0.38768115942028986,0.5326086956521738
stgcn,limb_occlusion_severe,45,touch back (backache),276,0.9565217391304348,0.6413043478260869,0.3152173913043479
stgcn,limb_occlusion_severe,46,touch neck (neckache),276,0.8478260869565217,0.4166666666666667,0.43115942028985504
stgcn,limb_occlusion_severe,47,nausea or vomiting condition,275,0.88,0.32727272727272727,0.5527272727272727
stgcn,limb_occlusion_severe,48,use a fan (with hand or paper)/feeling warm,275,0.9090909090909091,0.45454545454545453,0.45454545454545453
stgcn,limb_occlusion_severe,49,punching/slapping other person,274,0.9087591240875912,0.28102189781021897,0.6277372262773722
stgcn,limb_occlusion_severe,50,kicking other person,276,0.9347826086956522,0.11956521739130435,0.8152173913043479
stgcn,limb_occlusion_severe,51,pushing other person,276,0.9565217391304348,0.4311594202898551,0.5253623188405797
stgcn,limb_occlusion_severe,52,pat on back of other person,276,0.9384057971014492,0.26811594202898553,0.6702898550724636
stgcn,limb_occlusion_severe,53,point finger at the other person,276,0.8913043478260869,0.03260869565217391,0.858695652173913
stgcn,limb_occlusion_severe,54,hugging other person,274,0.9854014598540146,0.4124087591240876,0.572992700729927
stgcn,limb_occlusion_severe,55,giving something to other person,276,0.9021739130434783,0.34057971014492755,0.5615942028985508
stgcn,limb_occlusion_severe,56,touch other person's pocket,275,0.92,0.36,0.56
stgcn,limb_occlusion_severe,57,handshaking,276,0.9528985507246377,0.32608695652173914,0.6268115942028986
stgcn,limb_occlusion_severe,58,walking towards each other,273,0.9926739926739927,0.8571428571428571,0.1355311355311356
stgcn,limb_occlusion_severe,59,walking apart from each other,276,0.9637681159420289,0.8731884057971014,0.0905797101449275
stgcn,mixed_mild,0,drink water,274,0.8795620437956204,0.4124087591240876,0.46715328467153283
stgcn,mixed_mild,1,eat meal/snack,275,0.730909090909091,0.41818181818181815,0.3127272727272728
stgcn,mixed_mild,2,brushing teeth,273,0.8534798534798534,0.31868131868131866,0.5347985347985348
stgcn,mixed_mild,3,brushing hair,273,0.9084249084249084,0.40293040293040294,0.5054945054945055
stgcn,mixed_mild,4,drop,275,0.8363636363636363,0.37454545454545457,0.46181818181818174
stgcn,mixed_mild,5,pickup,275,0.9345454545454546,0.6945454545454546,0.24
stgcn,mixed_mild,6,throw,275,0.9127272727272727,0.6254545454545455,0.28727272727272724
stgcn,mixed_mild,7,sitting down,273,0.9743589743589743,0.7289377289377289,0.24542124542124544
stgcn,mixed_mild,8,standing up (from sitting position),273,0.978021978021978,0.8534798534798534,0.12454212454212454
stgcn,mixed_mild,9,clapping,273,0.7802197802197802,0.42124542124542125,0.358974358974359
stgcn,mixed_mild,10,reading,273,0.5860805860805861,0.31135531135531136,0.27472527472527475
stgcn,mixed_mild,11,writing,272,0.5588235294117647,0.49264705882352944,0.06617647058823528
stgcn,mixed_mild,12,tear up paper,271,0.8856088560885609,0.4575645756457565,0.4280442804428044
stgcn,mixed_mild,13,wear jacket,275,0.9854545454545455,0.8763636363636363,0.10909090909090913
stgcn,mixed_mild,14,take off jacket,276,0.9637681159420289,0.7608695652173914,0.20289855072463758
stgcn,mixed_mild,15,wear a shoe,273,0.7289377289377289,0.40293040293040294,0.32600732600732596
stgcn,mixed_mild,16,take off a shoe,274,0.7773722627737226,0.3795620437956204,0.3978102189781022
stgcn,mixed_mild,17,wear on glasses,273,0.8827838827838828,0.5054945054945055,0.3772893772893773
stgcn,mixed_mild,18,take off glasses,274,0.9306569343065694,0.6496350364963503,0.281021897810219
stgcn,mixed_mild,19,put on a hat/cap,272,0.9632352941176471,0.5441176470588235,0.4191176470588236
stgcn,mixed_mild,20,take off a hat/cap,273,0.967032967032967,0.6446886446886447,0.3223443223443223
stgcn,mixed_mild,21,cheer up,274,0.9197080291970803,0.6386861313868614,0.2810218978102189
stgcn,mixed_mild,22,hand waving,274,0.9233576642335767,0.656934306569343,0.26642335766423364
stgcn,mixed_mild,23,kicking something,276,0.9239130434782609,0.3333333333333333,0.5905797101449275
stgcn,mixed_mild,24,reach into pocket,274,0.8211678832116789,0.22627737226277372,0.5948905109489051
stgcn,mixed_mild,25,hopping (one foot jumping),275,0.9854545454545455,0.7490909090909091,0.23636363636363633
stgcn,mixed_mild,26,jump up,276,0.9963768115942029,0.8478260869565217,0.14855072463768115
stgcn,mixed_mild,27,make a phone call/answer phone,275,0.8581818181818182,0.28363636363636363,0.5745454545454545
stgcn,mixed_mild,28,playing with phone/tablet,275,0.6981818181818182,0.2545454545454545,0.4436363636363637
stgcn,mixed_mild,29,typing on a keyboard,275,0.6727272727272727,0.5236363636363637,0.14909090909090905
stgcn,mixed_mild,30,pointing to something with finger,276,0.7681159420289855,0.5434782608695652,0.2246376811594203
stgcn,mixed_mild,31,taking a selfie,276,0.9021739130434783,0.5760869565217391,0.32608695652173914
stgcn,mixed_mild,32,check time (from watch),276,0.8804347826086957,0.5797101449275363,0.3007246376811594
stgcn,mixed_mild,33,rub two hands together,276,0.8768115942028986,0.36231884057971014,0.5144927536231885
stgcn,mixed_mild,34,nod head/bow,276,0.9710144927536232,0.717391304347826,0.2536231884057971
stgcn,mixed_mild,35,shake head,275,0.9418181818181818,0.21454545454545454,0.7272727272727273
stgcn,mixed_mild,36,wipe face,276,0.8297101449275363,0.25,0.5797101449275363
stgcn,mixed_mild,37,salute,276,0.9239130434782609,0.4420289855072464,0.48188405797101447
stgcn,mixed_mild,38,put the palms together,276,0.9347826086956522,0.2898550724637681,0.644927536231884
stgcn,mixed_mild,39,cross hands in front (say stop),276,0.8985507246376812,0.6630434782608695,0.23550724637681164
stgcn,mixed_mild,40,sneeze/cough,276,0.7427536231884058,0.30434782608695654,0.4384057971014492
stgcn,mixed_mild,41,staggering,276,0.9927536231884058,0.5,0.49275362318840576
stgcn,mixed_mild,42,falling,275,0.9854545454545455,0.7890909090909091,0.1963636363636364
stgcn,mixed_mild,43,touch head (headache),276,0.7753623188405797,0.2826086956521739,0.4927536231884058
stgcn,mixed_mild,44,touch chest (stomachache/heart pain),276,0.9202898550724637,0.4420289855072464,0.47826086956521735
stgcn,mixed_mild,45,touch back (backache),276,0.9565217391304348,0.4384057971014493,0.5181159420289856
stgcn,mixed_mild,46,touch neck (neckache),276,0.8478260869565217,0.30434782608695654,0.5434782608695652
stgcn,mixed_mild,47,nausea or vomiting condition,275,0.88,0.7127272727272728,0.16727272727272724
stgcn,mixed_mild,48,use a fan (with hand or paper)/feeling warm,275,0.9090909090909091,0.7636363636363637,0.1454545454545454
stgcn,mixed_mild,49,punching/slapping other person,274,0.9087591240875912,0.48175182481751827,0.4270072992700729
stgcn,mixed_mild,50,kicking other person,276,0.9347826086956522,0.2608695652173913,0.673913043478261
stgcn,mixed_mild,51,pushing other person,276,0.9565217391304348,0.4420289855072464,0.5144927536231885
stgcn,mixed_mild,52,pat on back of other person,276,0.9384057971014492,0.6159420289855072,0.322463768115942
stgcn,mixed_mild,53,point finger at the other person,276,0.8913043478260869,0.2463768115942029,0.644927536231884
stgcn,mixed_mild,54,hugging other person,274,0.9854014598540146,0.7007299270072993,0.2846715328467153
stgcn,mixed_mild,55,giving something to other person,276,0.9021739130434783,0.43478260869565216,0.4673913043478261
stgcn,mixed_mild,56,touch other person's pocket,275,0.92,0.38545454545454544,0.5345454545454547
stgcn,mixed_mild,57,handshaking,276,0.9528985507246377,0.31521739130434784,0.6376811594202898
stgcn,mixed_mild,58,walking towards each other,273,0.9926739926739927,0.6666666666666666,0.32600732600732607
stgcn,mixed_mild,59,walking apart from each other,276,0.9637681159420289,0.7065217391304348,0.2572463768115941
stgcn,mixed_moderate,0,drink water,274,0.8795620437956204,0.16058394160583941,0.718978102189781
stgcn,mixed_moderate,1,eat meal/snack,275,0.730909090909091,0.14909090909090908,0.5818181818181819
stgcn,mixed_moderate,2,brushing teeth,273,0.8534798534798534,0.10256410256410256,0.7509157509157509
stgcn,mixed_moderate,3,brushing hair,273,0.9084249084249084,0.14652014652014653,0.7619047619047619
stgcn,mixed_moderate,4,drop,275,0.8363636363636363,0.14181818181818182,0.6945454545454545
stgcn,mixed_moderate,5,pickup,275,0.9345454545454546,0.2690909090909091,0.6654545454545455
stgcn,mixed_moderate,6,throw,275,0.9127272727272727,0.24727272727272728,0.6654545454545454
stgcn,mixed_moderate,7,sitting down,273,0.9743589743589743,0.2673992673992674,0.7069597069597069
stgcn,mixed_moderate,8,standing up (from sitting position),273,0.978021978021978,0.304029304029304,0.673992673992674
stgcn,mixed_moderate,9,clapping,273,0.7802197802197802,0.15018315018315018,0.63003663003663
stgcn,mixed_moderate,10,reading,273,0.5860805860805861,0.16483516483516483,0.4212454212454213
stgcn,mixed_moderate,11,writing,272,0.5588235294117647,0.6544117647058824,-0.09558823529411764
stgcn,mixed_moderate,12,tear up paper,271,0.8856088560885609,0.15867158671586715,0.7269372693726938
stgcn,mixed_moderate,13,wear jacket,275,0.9854545454545455,0.32727272727272727,0.6581818181818182
stgcn,mixed_moderate,14,take off jacket,276,0.9637681159420289,0.2210144927536232,0.7427536231884058
stgcn,mixed_moderate,15,wear a shoe,273,0.7289377289377289,0.1282051282051282,0.6007326007326007
stgcn,mixed_moderate,16,take off a shoe,274,0.7773722627737226,0.18248175182481752,0.5948905109489051
stgcn,mixed_moderate,17,wear on glasses,273,0.8827838827838828,0.12087912087912088,0.7619047619047619
stgcn,mixed_moderate,18,take off glasses,274,0.9306569343065694,0.18248175182481752,0.7481751824817519
stgcn,mixed_moderate,19,put on a hat/cap,272,0.9632352941176471,0.19852941176470587,0.7647058823529412
stgcn,mixed_moderate,20,take off a hat/cap,273,0.967032967032967,0.1978021978021978,0.7692307692307693
stgcn,mixed_moderate,21,cheer up,274,0.9197080291970803,0.18248175182481752,0.7372262773722628
stgcn,mixed_moderate,22,hand waving,274,0.9233576642335767,0.24087591240875914,0.6824817518248175
stgcn,mixed_moderate,23,kicking something,276,0.9239130434782609,0.13405797101449277,0.7898550724637681
stgcn,mixed_moderate,24,reach into pocket,274,0.8211678832116789,0.09854014598540146,0.7226277372262774
stgcn,mixed_moderate,25,hopping (one foot jumping),275,0.9854545454545455,0.24363636363636362,0.7418181818181818
stgcn,mixed_moderate,26,jump up,276,0.9963768115942029,0.2826086956521739,0.713768115942029
stgcn,mixed_moderate,27,make a phone call/answer phone,275,0.8581818181818182,0.11636363636363636,0.7418181818181818
stgcn,mixed_moderate,28,playing with phone/tablet,275,0.6981818181818182,0.12727272727272726,0.570909090909091
stgcn,mixed_moderate,29,typing on a keyboard,275,0.6727272727272727,0.4,0.2727272727272727
stgcn,mixed_moderate,30,pointing to something with finger,276,0.7681159420289855,0.2427536231884058,0.5253623188405797
stgcn,mixed_moderate,31,taking a selfie,276,0.9021739130434783,0.22826086956521738,0.6739130434782609
stgcn,mixed_moderate,32,check time (from watch),276,0.8804347826086957,0.2898550724637681,0.5905797101449275
stgcn,mixed_moderate,33,rub two hands together,276,0.8768115942028986,0.10507246376811594,0.7717391304347826
stgcn,mixed_moderate,34,nod head/bow,276,0.9710144927536232,0.2608695652173913,0.7101449275362319
stgcn,mixed_moderate,35,shake head,275,0.9418181818181818,0.11272727272727273,0.8290909090909091
stgcn,mixed_moderate,36,wipe face,276,0.8297101449275363,0.11231884057971014,0.7173913043478262
stgcn,mixed_moderate,37,salute,276,0.9239130434782609,0.15579710144927536,0.7681159420289855
stgcn,mixed_moderate,38,put the palms together,276,0.9347826086956522,0.11231884057971014,0.8224637681159421
stgcn,mixed_moderate,39,cross hands in front (say stop),276,0.8985507246376812,0.17391304347826086,0.7246376811594203
stgcn,mixed_moderate,40,sneeze/cough,276,0.7427536231884058,0.06884057971014493,0.6739130434782609
stgcn,mixed_moderate,41,staggering,276,0.9927536231884058,0.17753623188405798,0.8152173913043478
stgcn,mixed_moderate,42,falling,275,0.9854545454545455,0.36,0.6254545454545455
stgcn,mixed_moderate,43,touch head (headache),276,0.7753623188405797,0.11231884057971014,0.6630434782608696
stgcn,mixed_moderate,44,touch chest (stomachache/heart pain),276,0.9202898550724637,0.17028985507246377,0.75
stgcn,mixed_moderate,45,touch back (backache),276,0.9565217391304348,0.18840579710144928,0.7681159420289856
stgcn,mixed_moderate,46,touch neck (neckache),276,0.8478260869565217,0.12681159420289856,0.7210144927536232
stgcn,mixed_moderate,47,nausea or vomiting condition,275,0.88,0.38181818181818183,0.49818181818181817
stgcn,mixed_moderate,48,use a fan (with hand or paper)/feeling warm,275,0.9090909090909091,0.2581818181818182,0.6509090909090909
stgcn,mixed_moderate,49,punching/slapping other person,274,0.9087591240875912,0.12043795620437957,0.7883211678832116
stgcn,mixed_moderate,50,kicking other person,276,0.9347826086956522,0.13768115942028986,0.7971014492753623
stgcn,mixed_moderate,51,pushing other person,276,0.9565217391304348,0.11956521739130435,0.8369565217391305
stgcn,mixed_moderate,52,pat on back of other person,276,0.9384057971014492,0.41304347826086957,0.5253623188405796
stgcn,mixed_moderate,53,point finger at the other person,276,0.8913043478260869,0.11594202898550725,0.7753623188405797
stgcn,mixed_moderate,54,hugging other person,274,0.9854014598540146,0.31386861313868614,0.6715328467153285
stgcn,mixed_moderate,55,giving something to other person,276,0.9021739130434783,0.15942028985507245,0.7427536231884058
stgcn,mixed_moderate,56,touch other person's pocket,275,0.92,0.13818181818181818,0.7818181818181819
stgcn,mixed_moderate,57,handshaking,276,0.9528985507246377,0.13768115942028986,0.8152173913043479
stgcn,mixed_moderate,58,walking towards each other,273,0.9926739926739927,0.28205128205128205,0.7106227106227107
stgcn,mixed_moderate,59,walking apart from each other,276,0.9637681159420289,0.23550724637681159,0.7282608695652173
stgcn,mixed_severe,0,drink water,274,0.8795620437956204,0.12043795620437957,0.7591240875912408
stgcn,mixed_severe,1,eat meal/snack,275,0.730909090909091,0.07636363636363637,0.6545454545454545
stgcn,mixed_severe,2,brushing teeth,273,0.8534798534798534,0.06227106227106227,0.7912087912087912
stgcn,mixed_severe,3,brushing hair,273,0.9084249084249084,0.10256410256410256,0.8058608058608059
stgcn,mixed_severe,4,drop,275,0.8363636363636363,0.11636363636363636,0.72
stgcn,mixed_severe,5,pickup,275,0.9345454545454546,0.11272727272727273,0.8218181818181818
stgcn,mixed_severe,6,throw,275,0.9127272727272727,0.13818181818181818,0.7745454545454545
stgcn,mixed_severe,7,sitting down,273,0.9743589743589743,0.12454212454212454,0.8498168498168498
stgcn,mixed_severe,8,standing up (from sitting position),273,0.978021978021978,0.11721611721611722,0.8608058608058607
stgcn,mixed_severe,9,clapping,273,0.7802197802197802,0.08791208791208792,0.6923076923076923
stgcn,mixed_severe,10,reading,273,0.5860805860805861,0.11355311355311355,0.47252747252747257
stgcn,mixed_severe,11,writing,272,0.5588235294117647,0.7169117647058824,-0.15808823529411764
stgcn,mixed_severe,12,tear up paper,271,0.8856088560885609,0.08487084870848709,0.8007380073800738
stgcn,mixed_severe,13,wear jacket,275,0.9854545454545455,0.12727272727272726,0.8581818181818182
stgcn,mixed_severe,14,take off jacket,276,0.9637681159420289,0.14492753623188406,0.8188405797101449
stgcn,mixed_severe,15,wear a shoe,273,0.7289377289377289,0.040293040293040296,0.6886446886446886
stgcn,mixed_severe,16,take off a shoe,274,0.7773722627737226,0.10583941605839416,0.6715328467153284
stgcn,mixed_severe,17,wear on glasses,273,0.8827838827838828,0.08058608058608059,0.8021978021978021
stgcn,mixed_severe,18,take off glasses,274,0.9306569343065694,0.08759124087591241,0.843065693430657
stgcn,mixed_severe,19,put on a hat/cap,272,0.9632352941176471,0.16544117647058823,0.7977941176470589
stgcn,mixed_severe,20,take off a hat/cap,273,0.967032967032967,0.12087912087912088,0.8461538461538461
stgcn,mixed_severe,21,cheer up,274,0.9197080291970803,0.1386861313868613,0.781021897810219
stgcn,mixed_severe,22,hand waving,274,0.9233576642335767,0.145985401459854,0.7773722627737227
stgcn,mixed_severe,23,kicking something,276,0.9239130434782609,0.11231884057971014,0.8115942028985508
stgcn,mixed_severe,24,reach into pocket,274,0.8211678832116789,0.07664233576642336,0.7445255474452556
stgcn,mixed_severe,25,hopping (one foot jumping),275,0.9854545454545455,0.16,0.8254545454545454
stgcn,mixed_severe,26,jump up,276,0.9963768115942029,0.16304347826086957,0.8333333333333333
stgcn,mixed_severe,27,make a phone call/answer phone,275,0.8581818181818182,0.08363636363636363,0.7745454545454545
stgcn,mixed_severe,28,playing with phone/tablet,275,0.6981818181818182,0.06909090909090909,0.6290909090909091
stgcn,mixed_severe,29,typing on a keyboard,275,0.6727272727272727,0.29818181818181816,0.37454545454545457
stgcn,mixed_severe,30,pointing to something with finger,276,0.7681159420289855,0.13043478260869565,0.6376811594202898
stgcn,mixed_severe,31,taking a selfie,276,0.9021739130434783,0.14130434782608695,0.7608695652173914
stgcn,mixed_severe,32,check time (from watch),276,0.8804347826086957,0.15942028985507245,0.7210144927536233
stgcn,mixed_severe,33,rub two hands together,276,0.8768115942028986,0.07971014492753623,0.7971014492753623
stgcn,mixed_severe,34,nod head/bow,276,0.9710144927536232,0.13043478260869565,0.8405797101449275
stgcn,mixed_severe,35,shake head,275,0.9418181818181818,0.06545454545454546,0.8763636363636363
stgcn,mixed_severe,36,wipe face,276,0.8297101449275363,0.08333333333333333,0.7463768115942029
stgcn,mixed_severe,37,salute,276,0.9239130434782609,0.13043478260869565,0.7934782608695652
stgcn,mixed_severe,38,put the palms together,276,0.9347826086956522,0.028985507246376812,0.9057971014492754
stgcn,mixed_severe,39,cross hands in front (say stop),276,0.8985507246376812,0.06521739130434782,0.8333333333333334
stgcn,mixed_severe,40,sneeze/cough,276,0.7427536231884058,0.03260869565217391,0.7101449275362318
stgcn,mixed_severe,41,staggering,276,0.9927536231884058,0.11956521739130435,0.8731884057971014
stgcn,mixed_severe,42,falling,275,0.9854545454545455,0.13090909090909092,0.8545454545454545
stgcn,mixed_severe,43,touch head (headache),276,0.7753623188405797,0.09420289855072464,0.6811594202898551
stgcn,mixed_severe,44,touch chest (stomachache/heart pain),276,0.9202898550724637,0.10869565217391304,0.8115942028985507
stgcn,mixed_severe,45,touch back (backache),276,0.9565217391304348,0.13405797101449277,0.822463768115942
stgcn,mixed_severe,46,touch neck (neckache),276,0.8478260869565217,0.08333333333333333,0.7644927536231884
stgcn,mixed_severe,47,nausea or vomiting condition,275,0.88,0.10181818181818182,0.7781818181818182
stgcn,mixed_severe,48,use a fan (with hand or paper)/feeling warm,275,0.9090909090909091,0.13818181818181818,0.7709090909090909
stgcn,mixed_severe,49,punching/slapping other person,274,0.9087591240875912,0.06569343065693431,0.8430656934306568
stgcn,mixed_severe,50,kicking other person,276,0.9347826086956522,0.06884057971014493,0.8659420289855073
stgcn,mixed_severe,51,pushing other person,276,0.9565217391304348,0.08333333333333333,0.8731884057971014
stgcn,mixed_severe,52,pat on back of other person,276,0.9384057971014492,0.18115942028985507,0.7572463768115941
stgcn,mixed_severe,53,point finger at the other person,276,0.8913043478260869,0.057971014492753624,0.8333333333333333
stgcn,mixed_severe,54,hugging other person,274,0.9854014598540146,0.24087591240875914,0.7445255474452555
stgcn,mixed_severe,55,giving something to other person,276,0.9021739130434783,0.08695652173913043,0.8152173913043479
stgcn,mixed_severe,56,touch other person's pocket,275,0.92,0.06909090909090909,0.850909090909091
stgcn,mixed_severe,57,handshaking,276,0.9528985507246377,0.09057971014492754,0.8623188405797102
stgcn,mixed_severe,58,walking towards each other,273,0.9926739926739927,0.20512820512820512,0.7875457875457876
stgcn,mixed_severe,59,walking apart from each other,276,0.9637681159420289,0.17028985507246377,0.7934782608695652
stgcnpp,clean,0,drink water,274,0.864963503649635,0.864963503649635,0.0
stgcnpp,clean,1,eat meal/snack,275,0.7272727272727273,0.7272727272727273,0.0
stgcnpp,clean,2,brushing teeth,273,0.8534798534798534,0.8534798534798534,0.0
stgcnpp,clean,3,brushing hair,273,0.9194139194139194,0.9194139194139194,0.0
stgcnpp,clean,4,drop,275,0.88,0.88,0.0
stgcnpp,clean,5,pickup,275,0.9672727272727273,0.9672727272727273,0.0
stgcnpp,clean,6,throw,275,0.9127272727272727,0.9127272727272727,0.0
stgcnpp,clean,7,sitting down,273,0.9633699633699634,0.9633699633699634,0.0
stgcnpp,clean,8,standing up (from sitting position),273,0.9926739926739927,0.9926739926739927,0.0
stgcnpp,clean,9,clapping,273,0.7692307692307693,0.7692307692307693,0.0
stgcnpp,clean,10,reading,273,0.5860805860805861,0.5860805860805861,0.0
stgcnpp,clean,11,writing,272,0.5772058823529411,0.5772058823529411,0.0
stgcnpp,clean,12,tear up paper,271,0.8966789667896679,0.8966789667896679,0.0
stgcnpp,clean,13,wear jacket,275,0.9818181818181818,0.9818181818181818,0.0
stgcnpp,clean,14,take off jacket,276,0.967391304347826,0.967391304347826,0.0
stgcnpp,clean,15,wear a shoe,273,0.7435897435897436,0.7435897435897436,0.0
stgcnpp,clean,16,take off a shoe,274,0.7591240875912408,0.7591240875912408,0.0
stgcnpp,clean,17,wear on glasses,273,0.9120879120879121,0.9120879120879121,0.0
stgcnpp,clean,18,take off glasses,274,0.9525547445255474,0.9525547445255474,0.0
stgcnpp,clean,19,put on a hat/cap,272,0.9632352941176471,0.9632352941176471,0.0
stgcnpp,clean,20,take off a hat/cap,273,0.9743589743589743,0.9743589743589743,0.0
stgcnpp,clean,21,cheer up,274,0.9562043795620438,0.9562043795620438,0.0
stgcnpp,clean,22,hand waving,274,0.916058394160584,0.916058394160584,0.0
stgcnpp,clean,23,kicking something,276,0.9239130434782609,0.9239130434782609,0.0
stgcnpp,clean,24,reach into pocket,274,0.8175182481751825,0.8175182481751825,0.0
stgcnpp,clean,25,hopping (one foot jumping),275,0.9890909090909091,0.9890909090909091,0.0
stgcnpp,clean,26,jump up,276,1.0,1.0,0.0
stgcnpp,clean,27,make a phone call/answer phone,275,0.9090909090909091,0.9090909090909091,0.0
stgcnpp,clean,28,playing with phone/tablet,275,0.7381818181818182,0.7381818181818182,0.0
stgcnpp,clean,29,typing on a keyboard,275,0.6981818181818182,0.6981818181818182,0.0
stgcnpp,clean,30,pointing to something with finger,276,0.7753623188405797,0.7753623188405797,0.0
stgcnpp,clean,31,taking a selfie,276,0.8840579710144928,0.8840579710144928,0.0
stgcnpp,clean,32,check time (from watch),276,0.9057971014492754,0.9057971014492754,0.0
stgcnpp,clean,33,rub two hands together,276,0.8913043478260869,0.8913043478260869,0.0
stgcnpp,clean,34,nod head/bow,276,0.9782608695652174,0.9782608695652174,0.0
stgcnpp,clean,35,shake head,275,0.9309090909090909,0.9309090909090909,0.0
stgcnpp,clean,36,wipe face,276,0.855072463768116,0.855072463768116,0.0
stgcnpp,clean,37,salute,276,0.9094202898550725,0.9094202898550725,0.0
stgcnpp,clean,38,put the palms together,276,0.9311594202898551,0.9311594202898551,0.0
stgcnpp,clean,39,cross hands in front (say stop),276,0.9239130434782609,0.9239130434782609,0.0
stgcnpp,clean,40,sneeze/cough,276,0.7463768115942029,0.7463768115942029,0.0
stgcnpp,clean,41,staggering,276,0.9927536231884058,0.9927536231884058,0.0
stgcnpp,clean,42,falling,275,0.9963636363636363,0.9963636363636363,0.0
stgcnpp,clean,43,touch head (headache),276,0.855072463768116,0.855072463768116,0.0
stgcnpp,clean,44,touch chest (stomachache/heart pain),276,0.9492753623188406,0.9492753623188406,0.0
stgcnpp,clean,45,touch back (backache),276,0.9202898550724637,0.9202898550724637,0.0
stgcnpp,clean,46,touch neck (neckache),276,0.8478260869565217,0.8478260869565217,0.0
stgcnpp,clean,47,nausea or vomiting condition,275,0.8545454545454545,0.8545454545454545,0.0
stgcnpp,clean,48,use a fan (with hand or paper)/feeling warm,275,0.9236363636363636,0.9236363636363636,0.0
stgcnpp,clean,49,punching/slapping other person,274,0.8868613138686131,0.8868613138686131,0.0
stgcnpp,clean,50,kicking other person,276,0.9347826086956522,0.9347826086956522,0.0
stgcnpp,clean,51,pushing other person,276,0.9601449275362319,0.9601449275362319,0.0
stgcnpp,clean,52,pat on back of other person,276,0.9384057971014492,0.9384057971014492,0.0
stgcnpp,clean,53,point finger at the other person,276,0.8876811594202898,0.8876811594202898,0.0
stgcnpp,clean,54,hugging other person,274,0.9817518248175182,0.9817518248175182,0.0
stgcnpp,clean,55,giving something to other person,276,0.9311594202898551,0.9311594202898551,0.0
stgcnpp,clean,56,touch other person's pocket,275,0.9272727272727272,0.9272727272727272,0.0
stgcnpp,clean,57,handshaking,276,0.9565217391304348,0.9565217391304348,0.0
stgcnpp,clean,58,walking towards each other,273,0.9963369963369964,0.9963369963369964,0.0
stgcnpp,clean,59,walking apart from each other,276,0.9637681159420289,0.9637681159420289,0.0
stgcnpp,coord_noise_mild,0,drink water,274,0.864963503649635,0.33211678832116787,0.5328467153284672
stgcnpp,coord_noise_mild,1,eat meal/snack,275,0.7272727272727273,0.45454545454545453,0.27272727272727276
stgcnpp,coord_noise_mild,2,brushing teeth,273,0.8534798534798534,0.31868131868131866,0.5347985347985348
stgcnpp,coord_noise_mild,3,brushing hair,273,0.9194139194139194,0.4468864468864469,0.47252747252747246
stgcnpp,coord_noise_mild,4,drop,275,0.88,0.7236363636363636,0.15636363636363637
stgcnpp,coord_noise_mild,5,pickup,275,0.9672727272727273,0.9454545454545454,0.021818181818181848
stgcnpp,coord_noise_mild,6,throw,275,0.9127272727272727,0.7454545454545455,0.16727272727272724
stgcnpp,coord_noise_mild,7,sitting down,273,0.9633699633699634,0.945054945054945,0.01831501831501836
stgcnpp,coord_noise_mild,8,standing up (from sitting position),273,0.9926739926739927,0.9230769230769231,0.06959706959706957
stgcnpp,coord_noise_mild,9,clapping,273,0.7692307692307693,0.575091575091575,0.19413919413919423
stgcnpp,coord_noise_mild,10,reading,273,0.5860805860805861,0.1684981684981685,0.4175824175824176
stgcnpp,coord_noise_mild,11,writing,272,0.5772058823529411,0.025735294117647058,0.551470588235294
stgcnpp,coord_noise_mild,12,tear up paper,271,0.8966789667896679,0.46494464944649444,0.4317343173431734
stgcnpp,coord_noise_mild,13,wear jacket,275,0.9818181818181818,0.9709090909090909,0.010909090909090868
stgcnpp,coord_noise_mild,14,take off jacket,276,0.967391304347826,0.855072463768116,0.11231884057971009
stgcnpp,coord_noise_mild,15,wear a shoe,273,0.7435897435897436,0.5897435897435898,0.15384615384615385
stgcnpp,coord_noise_mild,16,take off a shoe,274,0.7591240875912408,0.5985401459854015,0.16058394160583933
stgcnpp,coord_noise_mild,17,wear on glasses,273,0.9120879120879121,0.7838827838827839,0.1282051282051282
stgcnpp,coord_noise_mild,18,take off glasses,274,0.9525547445255474,0.8722627737226277,0.08029197080291972
stgcnpp,coord_noise_mild,19,put on a hat/cap,272,0.9632352941176471,0.8235294117647058,0.13970588235294124
stgcnpp,coord_noise_mild,20,take off a hat/cap,273,0.9743589743589743,0.7545787545787546,0.21978021978021978
stgcnpp,coord_noise_mild,21,cheer up,274,0.9562043795620438,0.8832116788321168,0.07299270072992703
stgcnpp,coord_noise_mild,22,hand waving,274,0.916058394160584,0.7883211678832117,0.12773722627737227
stgcnpp,coord_noise_mild,23,kicking something,276,0.9239130434782609,0.8405797101449275,0.08333333333333337
stgcnpp,coord_noise_mild,24,reach into pocket,274,0.8175182481751825,0.3467153284671533,0.4708029197080292
stgcnpp,coord_noise_mild,25,hopping (one foot jumping),275,0.9890909090909091,0.7745454545454545,0.2145454545454546
stgcnpp,coord_noise_mild,26,jump up,276,1.0,0.9347826086956522,0.06521739130434778
stgcnpp,coord_noise_mild,27,make a phone call/answer phone,275,0.9090909090909091,0.5127272727272727,0.39636363636363636
stgcnpp,coord_noise_mild,28,playing with phone/tablet,275,0.7381818181818182,0.04363636363636364,0.6945454545454546
stgcnpp,coord_noise_mild,29,typing on a keyboard,275,0.6981818181818182,0.7018181818181818,-0.0036363636363635488
stgcnpp,coord_noise_mild,30,pointing to something with finger,276,0.7753623188405797,0.6123188405797102,0.1630434782608695
stgcnpp,coord_noise_mild,31,taking a selfie,276,0.8840579710144928,0.7355072463768116,0.14855072463768115
stgcnpp,coord_noise_mild,32,check time (from watch),276,0.9057971014492754,0.5652173913043478,0.3405797101449276
stgcnpp,coord_noise_mild,33,rub two hands together,276,0.8913043478260869,0.34782608695652173,0.5434782608695652
stgcnpp,coord_noise_mild,34,nod head/bow,276,0.9782608695652174,0.9311594202898551,0.047101449275362306
stgcnpp,coord_noise_mild,35,shake head,275,0.9309090909090909,0.12727272727272726,0.8036363636363637
stgcnpp,coord_noise_mild,36,wipe face,276,0.855072463768116,0.06521739130434782,0.7898550724637682
stgcnpp,coord_noise_mild,37,salute,276,0.9094202898550725,0.8731884057971014,0.036231884057971064
stgcnpp,coord_noise_mild,38,put the palms together,276,0.9311594202898551,0.5797101449275363,0.35144927536231885
stgcnpp,coord_noise_mild,39,cross hands in front (say stop),276,0.9239130434782609,0.6702898550724637,0.2536231884057971
stgcnpp,coord_noise_mild,40,sneeze/cough,276,0.7463768115942029,0.5543478260869565,0.19202898550724634
stgcnpp,coord_noise_mild,41,staggering,276,0.9927536231884058,0.894927536231884,0.09782608695652173
stgcnpp,coord_noise_mild,42,falling,275,0.9963636363636363,0.9709090909090909,0.025454545454545396
stgcnpp,coord_noise_mild,43,touch head (headache),276,0.855072463768116,0.26811594202898553,0.5869565217391304
stgcnpp,coord_noise_mild,44,touch chest (stomachache/heart pain),276,0.9492753623188406,0.6992753623188406,0.25
stgcnpp,coord_noise_mild,45,touch back (backache),276,0.9202898550724637,0.09420289855072464,0.8260869565217391
stgcnpp,coord_noise_mild,46,touch neck (neckache),276,0.8478260869565217,0.39492753623188404,0.4528985507246377
stgcnpp,coord_noise_mild,47,nausea or vomiting condition,275,0.8545454545454545,0.7963636363636364,0.05818181818181811
stgcnpp,coord_noise_mild,48,use a fan (with hand or paper)/feeling warm,275,0.9236363636363636,0.8472727272727273,0.0763636363636363
stgcnpp,coord_noise_mild,49,punching/slapping other person,274,0.8868613138686131,0.572992700729927,0.3138686131386861
stgcnpp,coord_noise_mild,50,kicking other person,276,0.9347826086956522,0.6485507246376812,0.28623188405797106
stgcnpp,coord_noise_mild,51,pushing other person,276,0.9601449275362319,0.5507246376811594,0.4094202898550725
stgcnpp,coord_noise_mild,52,pat on back of other person,276,0.9384057971014492,0.9094202898550725,0.02898550724637672
stgcnpp,coord_noise_mild,53,point finger at the other person,276,0.8876811594202898,0.25,0.6376811594202898
stgcnpp,coord_noise_mild,54,hugging other person,274,0.9817518248175182,0.948905109489051,0.03284671532846717
stgcnpp,coord_noise_mild,55,giving something to other person,276,0.9311594202898551,0.5289855072463768,0.40217391304347827
stgcnpp,coord_noise_mild,56,touch other person's pocket,275,0.9272727272727272,0.5636363636363636,0.36363636363636365
stgcnpp,coord_noise_mild,57,handshaking,276,0.9565217391304348,0.427536231884058,0.5289855072463768
stgcnpp,coord_noise_mild,58,walking towards each other,273,0.9963369963369964,0.8681318681318682,0.1282051282051282
stgcnpp,coord_noise_mild,59,walking apart from each other,276,0.9637681159420289,0.9637681159420289,0.0
stgcnpp,coord_noise_moderate,0,drink water,274,0.864963503649635,0.0,0.864963503649635
stgcnpp,coord_noise_moderate,1,eat meal/snack,275,0.7272727272727273,0.0,0.7272727272727273
stgcnpp,coord_noise_moderate,2,brushing teeth,273,0.8534798534798534,0.01098901098901099,0.8424908424908425
stgcnpp,coord_noise_moderate,3,brushing hair,273,0.9194139194139194,0.21978021978021978,0.6996336996336996
stgcnpp,coord_noise_moderate,4,drop,275,0.88,0.09818181818181818,0.7818181818181819
stgcnpp,coord_noise_moderate,5,pickup,275,0.9672727272727273,0.8981818181818182,0.06909090909090909
stgcnpp,coord_noise_moderate,6,throw,275,0.9127272727272727,0.26545454545454544,0.6472727272727272
stgcnpp,coord_noise_moderate,7,sitting down,273,0.9633699633699634,0.7032967032967034,0.26007326007326004
stgcnpp,coord_noise_moderate,8,standing up (from sitting position),273,0.9926739926739927,0.10989010989010989,0.8827838827838828
stgcnpp,coord_noise_moderate,9,clapping,273,0.7692307692307693,0.11721611721611722,0.652014652014652
stgcnpp,coord_noise_moderate,10,reading,273,0.5860805860805861,0.007326007326007326,0.5787545787545788
stgcnpp,coord_noise_moderate,11,writing,272,0.5772058823529411,0.007352941176470588,0.5698529411764706
stgcnpp,coord_noise_moderate,12,tear up paper,271,0.8966789667896679,0.02214022140221402,0.8745387453874538
stgcnpp,coord_noise_moderate,13,wear jacket,275,0.9818181818181818,0.9527272727272728,0.029090909090909056
stgcnpp,coord_noise_moderate,14,take off jacket,276,0.967391304347826,0.18478260869565216,0.7826086956521738
stgcnpp,coord_noise_moderate,15,wear a shoe,273,0.7435897435897436,0.39194139194139194,0.3516483516483517
stgcnpp,coord_noise_moderate,16,take off a shoe,274,0.7591240875912408,0.1386861313868613,0.6204379562043796
stgcnpp,coord_noise_moderate,17,wear on glasses,273,0.9120879120879121,0.10256410256410256,0.8095238095238095
stgcnpp,coord_noise_moderate,18,take off glasses,274,0.9525547445255474,0.22262773722627738,0.7299270072992701
stgcnpp,coord_noise_moderate,19,put on a hat/cap,272,0.9632352941176471,0.09191176470588236,0.8713235294117647
stgcnpp,coord_noise_moderate,20,take off a hat/cap,273,0.9743589743589743,0.2673992673992674,0.7069597069597069
stgcnpp,coord_noise_moderate,21,cheer up,274,0.9562043795620438,0.2956204379562044,0.6605839416058394
stgcnpp,coord_noise_moderate,22,hand waving,274,0.916058394160584,0.43795620437956206,0.4781021897810219
stgcnpp,coord_noise_moderate,23,kicking something,276,0.9239130434782609,0.2898550724637681,0.6340579710144927
stgcnpp,coord_noise_moderate,24,reach into pocket,274,0.8175182481751825,0.0364963503649635,0.781021897810219
stgcnpp,coord_noise_moderate,25,hopping (one foot jumping),275,0.9890909090909091,0.33090909090909093,0.6581818181818182
stgcnpp,coord_noise_moderate,26,jump up,276,1.0,0.13043478260869565,0.8695652173913043
stgcnpp,coord_noise_moderate,27,make a phone call/answer phone,275,0.9090909090909091,0.007272727272727273,0.9018181818181817
stgcnpp,coord_noise_moderate,28,playing with phone/tablet,275,0.7381818181818182,0.007272727272727273,0.7309090909090908
stgcnpp,coord_noise_moderate,29,typing on a keyboard,275,0.6981818181818182,0.33454545454545453,0.3636363636363637
stgcnpp,coord_noise_moderate,30,pointing to something with finger,276,0.7753623188405797,0.2427536231884058,0.532608695652174
stgcnpp,coord_noise_moderate,31,taking a selfie,276,0.8840579710144928,0.463768115942029,0.4202898550724638
stgcnpp,coord_noise_moderate,32,check time (from watch),276,0.9057971014492754,0.07246376811594203,0.8333333333333334
stgcnpp,coord_noise_moderate,33,rub two hands together,276,0.8913043478260869,0.0036231884057971015,0.8876811594202898
stgcnpp,coord_noise_moderate,34,nod head/bow,276,0.9782608695652174,0.8695652173913043,0.10869565217391308
stgcnpp,coord_noise_moderate,35,shake head,275,0.9309090909090909,0.8109090909090909,0.12
stgcnpp,coord_noise_moderate,36,wipe face,276,0.855072463768116,0.057971014492753624,0.7971014492753623
stgcnpp,coord_noise_moderate,37,salute,276,0.9094202898550725,0.3442028985507246,0.5652173913043479
stgcnpp,coord_noise_moderate,38,put the palms together,276,0.9311594202898551,0.07246376811594203,0.8586956521739131
stgcnpp,coord_noise_moderate,39,cross hands in front (say stop),276,0.9239130434782609,0.09420289855072464,0.8297101449275363
stgcnpp,coord_noise_moderate,40,sneeze/cough,276,0.7463768115942029,0.10869565217391304,0.6376811594202898
stgcnpp,coord_noise_moderate,41,staggering,276,0.9927536231884058,0.36231884057971014,0.6304347826086956
stgcnpp,coord_noise_moderate,42,falling,275,0.9963636363636363,0.730909090909091,0.2654545454545454
stgcnpp,coord_noise_moderate,43,touch head (headache),276,0.855072463768116,0.028985507246376812,0.8260869565217391
stgcnpp,coord_noise_moderate,44,touch chest (stomachache/heart pain),276,0.9492753623188406,0.30434782608695654,0.644927536231884
stgcnpp,coord_noise_moderate,45,touch back (backache),276,0.9202898550724637,0.0036231884057971015,0.9166666666666666
stgcnpp,coord_noise_moderate,46,touch neck (neckache),276,0.8478260869565217,0.11594202898550725,0.7318840579710145
stgcnpp,coord_noise_moderate,47,nausea or vomiting condition,275,0.8545454545454545,0.46545454545454545,0.38909090909090904
stgcnpp,coord_noise_moderate,48,use a fan (with hand or paper)/feeling warm,275,0.9236363636363636,0.6836363636363636,0.24
stgcnpp,coord_noise_moderate,49,punching/slapping other person,274,0.8868613138686131,0.040145985401459854,0.8467153284671532
stgcnpp,coord_noise_moderate,50,kicking other person,276,0.9347826086956522,0.007246376811594203,0.927536231884058
stgcnpp,coord_noise_moderate,51,pushing other person,276,0.9601449275362319,0.0,0.9601449275362319
stgcnpp,coord_noise_moderate,52,pat on back of other person,276,0.9384057971014492,0.7101449275362319,0.2282608695652173
stgcnpp,coord_noise_moderate,53,point finger at the other person,276,0.8876811594202898,0.0,0.8876811594202898
stgcnpp,coord_noise_moderate,54,hugging other person,274,0.9817518248175182,0.5474452554744526,0.43430656934306566
stgcnpp,coord_noise_moderate,55,giving something to other person,276,0.9311594202898551,0.0,0.9311594202898551
stgcnpp,coord_noise_moderate,56,touch other person's pocket,275,0.9272727272727272,0.03272727272727273,0.8945454545454545
stgcnpp,coord_noise_moderate,57,handshaking,276,0.9565217391304348,0.0,0.9565217391304348
stgcnpp,coord_noise_moderate,58,walking towards each other,273,0.9963369963369964,0.5311355311355311,0.4652014652014652
stgcnpp,coord_noise_moderate,59,walking apart from each other,276,0.9637681159420289,0.15217391304347827,0.8115942028985507
stgcnpp,coord_noise_severe,0,drink water,274,0.864963503649635,0.0,0.864963503649635
stgcnpp,coord_noise_severe,1,eat meal/snack,275,0.7272727272727273,0.0,0.7272727272727273
stgcnpp,coord_noise_severe,2,brushing teeth,273,0.8534798534798534,0.0,0.8534798534798534
stgcnpp,coord_noise_severe,3,brushing hair,273,0.9194139194139194,0.1794871794871795,0.7399267399267399
stgcnpp,coord_noise_severe,4,drop,275,0.88,0.0,0.88
stgcnpp,coord_noise_severe,5,pickup,275,0.9672727272727273,0.15272727272727274,0.8145454545454546
stgcnpp,coord_noise_severe,6,throw,275,0.9127272727272727,0.0,0.9127272727272727
stgcnpp,coord_noise_severe,7,sitting down,273,0.9633699633699634,0.029304029304029304,0.9340659340659341
stgcnpp,coord_noise_severe,8,standing up (from sitting position),273,0.9926739926739927,0.0,0.9926739926739927
stgcnpp,coord_noise_severe,9,clapping,273,0.7692307692307693,0.0,0.7692307692307693
stgcnpp,coord_noise_severe,10,reading,273,0.5860805860805861,0.0,0.5860805860805861
stgcnpp,coord_noise_severe,11,writing,272,0.5772058823529411,0.007352941176470588,0.5698529411764706
stgcnpp,coord_noise_severe,12,tear up paper,271,0.8966789667896679,0.0,0.8966789667896679
stgcnpp,coord_noise_severe,13,wear jacket,275,0.9818181818181818,0.10545454545454545,0.8763636363636363
stgcnpp,coord_noise_severe,14,take off jacket,276,0.967391304347826,0.0,0.967391304347826
stgcnpp,coord_noise_severe,15,wear a shoe,273,0.7435897435897436,0.21978021978021978,0.5238095238095238
stgcnpp,coord_noise_severe,16,take off a shoe,274,0.7591240875912408,0.0,0.7591240875912408
stgcnpp,coord_noise_severe,17,wear on glasses,273,0.9120879120879121,0.0,0.9120879120879121
stgcnpp,coord_noise_severe,18,take off glasses,274,0.9525547445255474,0.0,0.9525547445255474
stgcnpp,coord_noise_severe,19,put on a hat/cap,272,0.9632352941176471,0.0,0.9632352941176471
stgcnpp,coord_noise_severe,20,take off a hat/cap,273,0.9743589743589743,0.007326007326007326,0.967032967032967
stgcnpp,coord_noise_severe,21,cheer up,274,0.9562043795620438,0.0,0.9562043795620438
stgcnpp,coord_noise_severe,22,hand waving,274,0.916058394160584,0.0364963503649635,0.8795620437956205
stgcnpp,coord_noise_severe,23,kicking something,276,0.9239130434782609,0.0,0.9239130434782609
stgcnpp,coord_noise_severe,24,reach into pocket,274,0.8175182481751825,0.0,0.8175182481751825
stgcnpp,coord_noise_severe,25,hopping (one foot jumping),275,0.9890909090909091,0.01090909090909091,0.9781818181818183
stgcnpp,coord_noise_severe,26,jump up,276,1.0,0.0,1.0
stgcnpp,coord_noise_severe,27,make a phone call/answer phone,275,0.9090909090909091,0.0,0.9090909090909091
stgcnpp,coord_noise_severe,28,playing with phone/tablet,275,0.7381818181818182,0.01090909090909091,0.7272727272727273
stgcnpp,coord_noise_severe,29,typing on a keyboard,275,0.6981818181818182,0.36,0.33818181818181825
stgcnpp,coord_noise_severe,30,pointing to something with finger,276,0.7753623188405797,0.0,0.7753623188405797
stgcnpp,coord_noise_severe,31,taking a selfie,276,0.8840579710144928,0.14492753623188406,0.7391304347826088
stgcnpp,coord_noise_severe,32,check time (from watch),276,0.9057971014492754,0.0,0.9057971014492754
stgcnpp,coord_noise_severe,33,rub two hands together,276,0.8913043478260869,0.0036231884057971015,0.8876811594202898
stgcnpp,coord_noise_severe,34,nod head/bow,276,0.9782608695652174,0.15942028985507245,0.818840579710145
stgcnpp,coord_noise_severe,35,shake head,275,0.9309090909090909,0.33454545454545453,0.5963636363636364
stgcnpp,coord_noise_severe,36,wipe face,276,0.855072463768116,0.15942028985507245,0.6956521739130435
stgcnpp,coord_noise_severe,37,salute,276,0.9094202898550725,0.0036231884057971015,0.9057971014492754
stgcnpp,coord_noise_severe,38,put the palms together,276,0.9311594202898551,0.0,0.9311594202898551
stgcnpp,coord_noise_severe,39,cross hands in front (say stop),276,0.9239130434782609,0.0,0.9239130434782609
stgcnpp,coord_noise_severe,40,sneeze/cough,276,0.7463768115942029,0.0,0.7463768115942029
stgcnpp,coord_noise_severe,41,staggering,276,0.9927536231884058,0.014492753623188406,0.9782608695652174
stgcnpp,coord_noise_severe,42,falling,275,0.9963636363636363,0.11272727272727273,0.8836363636363636
stgcnpp,coord_noise_severe,43,touch head (headache),276,0.855072463768116,0.007246376811594203,0.8478260869565217
stgcnpp,coord_noise_severe,44,touch chest (stomachache/heart pain),276,0.9492753623188406,0.0036231884057971015,0.9456521739130435
stgcnpp,coord_noise_severe,45,touch back (backache),276,0.9202898550724637,0.0,0.9202898550724637
stgcnpp,coord_noise_severe,46,touch neck (neckache),276,0.8478260869565217,0.010869565217391304,0.8369565217391304
stgcnpp,coord_noise_severe,47,nausea or vomiting condition,275,0.8545454545454545,0.01818181818181818,0.8363636363636363
stgcnpp,coord_noise_severe,48,use a fan (with hand or paper)/feeling warm,275,0.9236363636363636,0.16363636363636364,0.76
stgcnpp,coord_noise_severe,49,punching/slapping other person,274,0.8868613138686131,0.0,0.8868613138686131
stgcnpp,coord_noise_severe,50,kicking other person,276,0.9347826086956522,0.0,0.9347826086956522
stgcnpp,coord_noise_severe,51,pushing other person,276,0.9601449275362319,0.0,0.9601449275362319
stgcnpp,coord_noise_severe,52,pat on back of other person,276,0.9384057971014492,0.13043478260869565,0.8079710144927535
stgcnpp,coord_noise_severe,53,point finger at the other person,276,0.8876811594202898,0.0,0.8876811594202898
stgcnpp,coord_noise_severe,54,hugging other person,274,0.9817518248175182,0.05474452554744526,0.927007299270073
stgcnpp,coord_noise_severe,55,giving something to other person,276,0.9311594202898551,0.0,0.9311594202898551
stgcnpp,coord_noise_severe,56,touch other person's pocket,275,0.9272727272727272,0.014545454545454545,0.9127272727272727
stgcnpp,coord_noise_severe,57,handshaking,276,0.9565217391304348,0.0,0.9565217391304348
stgcnpp,coord_noise_severe,58,walking towards each other,273,0.9963369963369964,0.326007326007326,0.6703296703296704
stgcnpp,coord_noise_severe,59,walking apart from each other,276,0.9637681159420289,0.0,0.9637681159420289
stgcnpp,frame_missing_mild,0,drink water,274,0.864963503649635,0.8357664233576643,0.029197080291970767
stgcnpp,frame_missing_mild,1,eat meal/snack,275,0.7272727272727273,0.6836363636363636,0.043636363636363695
stgcnpp,frame_missing_mild,2,brushing teeth,273,0.8534798534798534,0.7728937728937729,0.08058608058608052
stgcnpp,frame_missing_mild,3,brushing hair,273,0.9194139194139194,0.8827838827838828,0.03663003663003661
stgcnpp,frame_missing_mild,4,drop,275,0.88,0.8690909090909091,0.010909090909090868
stgcnpp,frame_missing_mild,5,pickup,275,0.9672727272727273,0.9418181818181818,0.025454545454545507
stgcnpp,frame_missing_mild,6,throw,275,0.9127272727272727,0.88,0.032727272727272716
stgcnpp,frame_missing_mild,7,sitting down,273,0.9633699633699634,0.9633699633699634,0.0
stgcnpp,frame_missing_mild,8,standing up (from sitting position),273,0.9926739926739927,0.9853479853479854,0.0073260073260073
stgcnpp,frame_missing_mild,9,clapping,273,0.7692307692307693,0.7289377289377289,0.04029304029304037
stgcnpp,frame_missing_mild,10,reading,273,0.5860805860805861,0.4835164835164835,0.10256410256410259
stgcnpp,frame_missing_mild,11,writing,272,0.5772058823529411,0.4852941176470588,0.0919117647058823
stgcnpp,frame_missing_mild,12,tear up paper,271,0.8966789667896679,0.8856088560885609,0.011070110701106972
stgcnpp,frame_missing_mild,13,wear jacket,275,0.9818181818181818,0.9709090909090909,0.010909090909090868
stgcnpp,frame_missing_mild,14,take off jacket,276,0.967391304347826,0.9528985507246377,0.01449275362318836
stgcnpp,frame_missing_mild,15,wear a shoe,273,0.7435897435897436,0.5604395604395604,0.18315018315018317
stgcnpp,frame_missing_mild,16,take off a shoe,274,0.7591240875912408,0.7226277372262774,0.03649635036496346
stgcnpp,frame_missing_mild,17,wear on glasses,273,0.9120879120879121,0.7875457875457875,0.12454212454212454
stgcnpp,frame_missing_mild,18,take off glasses,274,0.9525547445255474,0.8102189781021898,0.14233576642335766
stgcnpp,frame_missing_mild,19,put on a hat/cap,272,0.9632352941176471,0.9080882352941176,0.05514705882352944
stgcnpp,frame_missing_mild,20,take off a hat/cap,273,0.9743589743589743,0.945054945054945,0.02930402930402931
stgcnpp,frame_missing_mild,21,cheer up,274,0.9562043795620438,0.9525547445255474,0.0036496350364964014
stgcnpp,frame_missing_mild,22,hand waving,274,0.916058394160584,0.8759124087591241,0.04014598540145986
stgcnpp,frame_missing_mild,23,kicking something,276,0.9239130434782609,0.9311594202898551,-0.007246376811594235
stgcnpp,frame_missing_mild,24,reach into pocket,274,0.8175182481751825,0.708029197080292,0.10948905109489049
stgcnpp,frame_missing_mild,25,hopping (one foot jumping),275,0.9890909090909091,0.9818181818181818,0.0072727272727273196
stgcnpp,frame_missing_mild,26,jump up,276,1.0,0.9855072463768116,0.01449275362318836
stgcnpp,frame_missing_mild,27,make a phone call/answer phone,275,0.9090909090909091,0.730909090909091,0.1781818181818181
stgcnpp,frame_missing_mild,28,playing with phone/tablet,275,0.7381818181818182,0.6618181818181819,0.0763636363636363
stgcnpp,frame_missing_mild,29,typing on a keyboard,275,0.6981818181818182,0.6945454545454546,0.0036363636363636598
stgcnpp,frame_missing_mild,30,pointing to something with finger,276,0.7753623188405797,0.7753623188405797,0.0
stgcnpp,frame_missing_mild,31,taking a selfie,276,0.8840579710144928,0.8478260869565217,0.036231884057971064
stgcnpp,frame_missing_mild,32,check time (from watch),276,0.9057971014492754,0.8369565217391305,0.0688405797101449
stgcnpp,frame_missing_mild,33,rub two hands together,276,0.8913043478260869,0.8188405797101449,0.07246376811594202
stgcnpp,frame_missing_mild,34,nod head/bow,276,0.9782608695652174,0.9384057971014492,0.03985507246376818
stgcnpp,frame_missing_mild,35,shake head,275,0.9309090909090909,0.9090909090909091,0.021818181818181848
stgcnpp,frame_missing_mild,36,wipe face,276,0.855072463768116,0.7463768115942029,0.10869565217391308
stgcnpp,frame_missing_mild,37,salute,276,0.9094202898550725,0.9021739130434783,0.007246376811594235
stgcnpp,frame_missing_mild,38,put the palms together,276,0.9311594202898551,0.9347826086956522,-0.0036231884057971175
stgcnpp,frame_missing_mild,39,cross hands in front (say stop),276,0.9239130434782609,0.8586956521739131,0.06521739130434778
stgcnpp,frame_missing_mild,40,sneeze/cough,276,0.7463768115942029,0.6630434782608695,0.08333333333333337
stgcnpp,frame_missing_mild,41,staggering,276,0.9927536231884058,0.9166666666666666,0.07608695652173914
stgcnpp,frame_missing_mild,42,falling,275,0.9963636363636363,0.9963636363636363,0.0
stgcnpp,frame_missing_mild,43,touch head (headache),276,0.855072463768116,0.75,0.10507246376811596
stgcnpp,frame_missing_mild,44,touch chest (stomachache/heart pain),276,0.9492753623188406,0.9456521739130435,0.0036231884057971175
stgcnpp,frame_missing_mild,45,touch back (backache),276,0.9202898550724637,0.8297101449275363,0.0905797101449275
stgcnpp,frame_missing_mild,46,touch neck (neckache),276,0.8478260869565217,0.7463768115942029,0.10144927536231885
stgcnpp,frame_missing_mild,47,nausea or vomiting condition,275,0.8545454545454545,0.8181818181818182,0.036363636363636265
stgcnpp,frame_missing_mild,48,use a fan (with hand or paper)/feeling warm,275,0.9236363636363636,0.9163636363636364,0.0072727272727272085
stgcnpp,frame_missing_mild,49,punching/slapping other person,274,0.8868613138686131,0.8175182481751825,0.06934306569343063
stgcnpp,frame_missing_mild,50,kicking other person,276,0.9347826086956522,0.927536231884058,0.007246376811594235
stgcnpp,frame_missing_mild,51,pushing other person,276,0.9601449275362319,0.8623188405797102,0.09782608695652173
stgcnpp,frame_missing_mild,52,pat on back of other person,276,0.9384057971014492,0.9094202898550725,0.02898550724637672
stgcnpp,frame_missing_mild,53,point finger at the other person,276,0.8876811594202898,0.7101449275362319,0.17753623188405787
stgcnpp,frame_missing_mild,54,hugging other person,274,0.9817518248175182,0.9744525547445255,0.007299270072992692
stgcnpp,frame_missing_mild,55,giving something to other person,276,0.9311594202898551,0.822463768115942,0.10869565217391308
stgcnpp,frame_missing_mild,56,touch other person's pocket,275,0.9272727272727272,0.88,0.047272727272727244
stgcnpp,frame_missing_mild,57,handshaking,276,0.9565217391304348,0.8731884057971014,0.08333333333333337
stgcnpp,frame_missing_mild,58,walking towards each other,273,0.9963369963369964,0.9926739926739927,0.00366300366300365
stgcnpp,frame_missing_mild,59,walking apart from each other,276,0.9637681159420289,0.9782608695652174,-0.01449275362318847
stgcnpp,frame_missing_moderate,0,drink water,274,0.864963503649635,0.7591240875912408,0.1058394160583942
stgcnpp,frame_missing_moderate,1,eat meal/snack,275,0.7272727272727273,0.5781818181818181,0.14909090909090916
stgcnpp,frame_missing_moderate,2,brushing teeth,273,0.8534798534798534,0.706959706959707,0.14652014652014644
stgcnpp,frame_missing_moderate,3,brushing hair,273,0.9194139194139194,0.8095238095238095,0.10989010989010983
stgcnpp,frame_missing_moderate,4,drop,275,0.88,0.8145454545454546,0.06545454545454543
stgcnpp,frame_missing_moderate,5,pickup,275,0.9672727272727273,0.8581818181818182,0.10909090909090913
stgcnpp,frame_missing_moderate,6,throw,275,0.9127272727272727,0.7527272727272727,0.16000000000000003
stgcnpp,frame_missing_moderate,7,sitting down,273,0.9633699633699634,0.945054945054945,0.01831501831501836
stgcnpp,frame_missing_moderate,8,standing up (from sitting position),273,0.9926739926739927,0.9377289377289377,0.05494505494505497
stgcnpp,frame_missing_moderate,9,clapping,273,0.7692307692307693,0.575091575091575,0.19413919413919423
stgcnpp,frame_missing_moderate,10,reading,273,0.5860805860805861,0.4652014652014652,0.1208791208791209
stgcnpp,frame_missing_moderate,11,writing,272,0.5772058823529411,0.40441176470588236,0.17279411764705876
stgcnpp,frame_missing_moderate,12,tear up paper,271,0.8966789667896679,0.8154981549815498,0.08118081180811809
stgcnpp,frame_missing_moderate,13,wear jacket,275,0.9818181818181818,0.9090909090909091,0.07272727272727275
stgcnpp,frame_missing_moderate,14,take off jacket,276,0.967391304347826,0.855072463768116,0.11231884057971009
stgcnpp,frame_missing_moderate,15,wear a shoe,273,0.7435897435897436,0.4908424908424908,0.2527472527472528
stgcnpp,frame_missing_moderate,16,take off a shoe,274,0.7591240875912408,0.6715328467153284,0.08759124087591241
stgcnpp,frame_missing_moderate,17,wear on glasses,273,0.9120879120879121,0.6153846153846154,0.29670329670329665
stgcnpp,frame_missing_moderate,18,take off glasses,274,0.9525547445255474,0.5802919708029197,0.3722627737226277
stgcnpp,frame_missing_moderate,19,put on a hat/cap,272,0.9632352941176471,0.7977941176470589,0.1654411764705882
stgcnpp,frame_missing_moderate,20,take off a hat/cap,273,0.9743589743589743,0.8021978021978022,0.1721611721611721
stgcnpp,frame_missing_moderate,21,cheer up,274,0.9562043795620438,0.948905109489051,0.007299270072992803
stgcnpp,frame_missing_moderate,22,hand waving,274,0.916058394160584,0.8759124087591241,0.04014598540145986
stgcnpp,frame_missing_moderate,23,kicking something,276,0.9239130434782609,0.9057971014492754,0.018115942028985477
stgcnpp,frame_missing_moderate,24,reach into pocket,274,0.8175182481751825,0.6605839416058394,0.15693430656934304
stgcnpp,frame_missing_moderate,25,hopping (one foot jumping),275,0.9890909090909091,0.9345454545454546,0.054545454545454564
stgcnpp,frame_missing_moderate,26,jump up,276,1.0,0.9565217391304348,0.04347826086956519
stgcnpp,frame_missing_moderate,27,make a phone call/answer phone,275,0.9090909090909091,0.56,0.349090909090909
stgcnpp,frame_missing_moderate,28,playing with phone/tablet,275,0.7381818181818182,0.6363636363636364,0.10181818181818181
stgcnpp,frame_missing_moderate,29,typing on a keyboard,275,0.6981818181818182,0.7163636363636363,-0.018181818181818077
stgcnpp,frame_missing_moderate,30,pointing to something with finger,276,0.7753623188405797,0.7536231884057971,0.021739130434782594
stgcnpp,frame_missing_moderate,31,taking a selfie,276,0.8840579710144928,0.8152173913043478,0.06884057971014501
stgcnpp,frame_missing_moderate,32,check time (from watch),276,0.9057971014492754,0.7898550724637681,0.11594202898550732
stgcnpp,frame_missing_moderate,33,rub two hands together,276,0.8913043478260869,0.7246376811594203,0.16666666666666663
stgcnpp,frame_missing_moderate,34,nod head/bow,276,0.9782608695652174,0.9057971014492754,0.07246376811594202
stgcnpp,frame_missing_moderate,35,shake head,275,0.9309090909090909,0.8436363636363636,0.08727272727272728
stgcnpp,frame_missing_moderate,36,wipe face,276,0.855072463768116,0.5869565217391305,0.2681159420289855
stgcnpp,frame_missing_moderate,37,salute,276,0.9094202898550725,0.8514492753623188,0.05797101449275366
stgcnpp,frame_missing_moderate,38,put the palms together,276,0.9311594202898551,0.8623188405797102,0.0688405797101449
stgcnpp,frame_missing_moderate,39,cross hands in front (say stop),276,0.9239130434782609,0.7065217391304348,0.21739130434782605
stgcnpp,frame_missing_moderate,40,sneeze/cough,276,0.7463768115942029,0.5471014492753623,0.19927536231884058
stgcnpp,frame_missing_moderate,41,staggering,276,0.9927536231884058,0.7536231884057971,0.23913043478260865
stgcnpp,frame_missing_moderate,42,falling,275,0.9963636363636363,0.9818181818181818,0.014545454545454528
stgcnpp,frame_missing_moderate,43,touch head (headache),276,0.855072463768116,0.6268115942028986,0.2282608695652174
stgcnpp,frame_missing_moderate,44,touch chest (stomachache/heart pain),276,0.9492753623188406,0.927536231884058,0.021739130434782594
stgcnpp,frame_missing_moderate,45,touch back (backache),276,0.9202898550724637,0.7065217391304348,0.21376811594202894
stgcnpp,frame_missing_moderate,46,touch neck (neckache),276,0.8478260869565217,0.5942028985507246,0.2536231884057971
stgcnpp,frame_missing_moderate,47,nausea or vomiting condition,275,0.8545454545454545,0.6836363636363636,0.1709090909090909
stgcnpp,frame_missing_moderate,48,use a fan (with hand or paper)/feeling warm,275,0.9236363636363636,0.8690909090909091,0.05454545454545445
stgcnpp,frame_missing_moderate,49,punching/slapping other person,274,0.8868613138686131,0.5985401459854015,0.2883211678832116
stgcnpp,frame_missing_moderate,50,kicking other person,276,0.9347826086956522,0.8586956521739131,0.07608695652173914
stgcnpp,frame_missing_moderate,51,pushing other person,276,0.9601449275362319,0.6014492753623188,0.3586956521739131
stgcnpp,frame_missing_moderate,52,pat on back of other person,276,0.9384057971014492,0.6666666666666666,0.2717391304347826
stgcnpp,frame_missing_moderate,53,point finger at the other person,276,0.8876811594202898,0.4855072463768116,0.4021739130434782
stgcnpp,frame_missing_moderate,54,hugging other person,274,0.9817518248175182,0.9671532846715328,0.014598540145985384
stgcnpp,frame_missing_moderate,55,giving something to other person,276,0.9311594202898551,0.6956521739130435,0.23550724637681164
stgcnpp,frame_missing_moderate,56,touch other person's pocket,275,0.9272727272727272,0.8109090909090909,0.11636363636363634
stgcnpp,frame_missing_moderate,57,handshaking,276,0.9565217391304348,0.6485507246376812,0.30797101449275366
stgcnpp,frame_missing_moderate,58,walking towards each other,273,0.9963369963369964,0.945054945054945,0.05128205128205132
stgcnpp,frame_missing_moderate,59,walking apart from each other,276,0.9637681159420289,0.9601449275362319,0.0036231884057970065
stgcnpp,frame_missing_severe,0,drink water,274,0.864963503649635,0.6386861313868614,0.22627737226277367
stgcnpp,frame_missing_severe,1,eat meal/snack,275,0.7272727272727273,0.4218181818181818,0.3054545454545455
stgcnpp,frame_missing_severe,2,brushing teeth,273,0.8534798534798534,0.6263736263736264,0.22710622710622708
stgcnpp,frame_missing_severe,3,brushing hair,273,0.9194139194139194,0.7289377289377289,0.19047619047619047
stgcnpp,frame_missing_severe,4,drop,275,0.88,0.5381818181818182,0.3418181818181818
stgcnpp,frame_missing_severe,5,pickup,275,0.9672727272727273,0.7418181818181818,0.22545454545454546
stgcnpp,frame_missing_severe,6,throw,275,0.9127272727272727,0.5381818181818182,0.3745454545454545
stgcnpp,frame_missing_severe,7,sitting down,273,0.9633699633699634,0.8644688644688645,0.09890109890109888
stgcnpp,frame_missing_severe,8,standing up (from sitting position),273,0.9926739926739927,0.7728937728937729,0.21978021978021978
stgcnpp,frame_missing_severe,9,clapping,273,0.7692307692307693,0.42124542124542125,0.347985347985348
stgcnpp,frame_missing_severe,10,reading,273,0.5860805860805861,0.3882783882783883,0.19780219780219782
stgcnpp,frame_missing_severe,11,writing,272,0.5772058823529411,0.3272058823529412,0.24999999999999994
stgcnpp,frame_missing_severe,12,tear up paper,271,0.8966789667896679,0.7306273062730627,0.16605166051660514
stgcnpp,frame_missing_severe,13,wear jacket,275,0.9818181818181818,0.8181818181818182,0.16363636363636358
stgcnpp,frame_missing_severe,14,take off jacket,276,0.967391304347826,0.6630434782608695,0.30434782608695654
stgcnpp,frame_missing_severe,15,wear a shoe,273,0.7435897435897436,0.5604395604395604,0.18315018315018317
stgcnpp,frame_missing_severe,16,take off a shoe,274,0.7591240875912408,0.5912408759124088,0.16788321167883202
stgcnpp,frame_missing_severe,17,wear on glasses,273,0.9120879120879121,0.5164835164835165,0.39560439560439553
stgcnpp,frame_missing_severe,18,take off glasses,274,0.9525547445255474,0.33941605839416056,0.6131386861313869
stgcnpp,frame_missing_severe,19,put on a hat/cap,272,0.9632352941176471,0.6948529411764706,0.2683823529411765
stgcnpp,frame_missing_severe,20,take off a hat/cap,273,0.9743589743589743,0.5860805860805861,0.38827838827838823
stgcnpp,frame_missing_severe,21,cheer up,274,0.9562043795620438,0.9197080291970803,0.03649635036496357
stgcnpp,frame_missing_severe,22,hand waving,274,0.916058394160584,0.7664233576642335,0.14963503649635046
stgcnpp,frame_missing_severe,23,kicking something,276,0.9239130434782609,0.7608695652173914,0.1630434782608695
stgcnpp,frame_missing_severe,24,reach into pocket,274,0.8175182481751825,0.4927007299270073,0.3248175182481752
stgcnpp,frame_missing_severe,25,hopping (one foot jumping),275,0.9890909090909091,0.8872727272727273,0.10181818181818181
stgcnpp,frame_missing_severe,26,jump up,276,1.0,0.7137681159420289,0.28623188405797106
stgcnpp,frame_missing_severe,27,make a phone call/answer phone,275,0.9090909090909091,0.43272727272727274,0.4763636363636363
stgcnpp,frame_missing_severe,28,playing with phone/tablet,275,0.7381818181818182,0.5418181818181819,0.1963636363636363
stgcnpp,frame_missing_severe,29,typing on a keyboard,275,0.6981818181818182,0.76,-0.06181818181818177
stgcnpp,frame_missing_severe,30,pointing to something with finger,276,0.7753623188405797,0.6231884057971014,0.15217391304347827
stgcnpp,frame_missing_severe,31,taking a selfie,276,0.8840579710144928,0.7355072463768116,0.14855072463768115
stgcnpp,frame_missing_severe,32,check time (from watch),276,0.9057971014492754,0.5905797101449275,0.3152173913043479
stgcnpp,frame_missing_severe,33,rub two hands together,276,0.8913043478260869,0.6304347826086957,0.26086956521739124
stgcnpp,frame_missing_severe,34,nod head/bow,276,0.9782608695652174,0.8405797101449275,0.1376811594202899
stgcnpp,frame_missing_severe,35,shake head,275,0.9309090909090909,0.5927272727272728,0.33818181818181814
stgcnpp,frame_missing_severe,36,wipe face,276,0.855072463768116,0.40217391304347827,0.4528985507246377
stgcnpp,frame_missing_severe,37,salute,276,0.9094202898550725,0.6666666666666666,0.24275362318840588
stgcnpp,frame_missing_severe,38,put the palms together,276,0.9311594202898551,0.7355072463768116,0.19565217391304346
stgcnpp,frame_missing_severe,39,cross hands in front (say stop),276,0.9239130434782609,0.391304347826087,0.5326086956521738
stgcnpp,frame_missing_severe,40,sneeze/cough,276,0.7463768115942029,0.33695652173913043,0.40942028985507245
stgcnpp,frame_missing_severe,41,staggering,276,0.9927536231884058,0.5507246376811594,0.44202898550724634
stgcnpp,frame_missing_severe,42,falling,275,0.9963636363636363,0.8763636363636363,0.12
stgcnpp,frame_missing_severe,43,touch head (headache),276,0.855072463768116,0.5289855072463768,0.32608695652173914
stgcnpp,frame_missing_severe,44,touch chest (stomachache/heart pain),276,0.9492753623188406,0.8188405797101449,0.13043478260869568
stgcnpp,frame_missing_severe,45,touch back (backache),276,0.9202898550724637,0.6376811594202898,0.28260869565217395
stgcnpp,frame_missing_severe,46,touch neck (neckache),276,0.8478260869565217,0.358695652173913,0.4891304347826087
stgcnpp,frame_missing_severe,47,nausea or vomiting condition,275,0.8545454545454545,0.610909090909091,0.24363636363636354
stgcnpp,frame_missing_severe,48,use a fan (with hand or paper)/feeling warm,275,0.9236363636363636,0.8181818181818182,0.10545454545454536
stgcnpp,frame_missing_severe,49,punching/slapping other person,274,0.8868613138686131,0.3795620437956204,0.5072992700729927
stgcnpp,frame_missing_severe,50,kicking other person,276,0.9347826086956522,0.6086956521739131,0.32608695652173914
stgcnpp,frame_missing_severe,51,pushing other person,276,0.9601449275362319,0.43478260869565216,0.5253623188405798
stgcnpp,frame_missing_severe,52,pat on back of other person,276,0.9384057971014492,0.213768115942029,0.7246376811594202
stgcnpp,frame_missing_severe,53,point finger at the other person,276,0.8876811594202898,0.10144927536231885,0.786231884057971
stgcnpp,frame_missing_severe,54,hugging other person,274,0.9817518248175182,0.9525547445255474,0.029197080291970767
stgcnpp,frame_missing_severe,55,giving something to other person,276,0.9311594202898551,0.463768115942029,0.4673913043478261
stgcnpp,frame_missing_severe,56,touch other person's pocket,275,0.9272727272727272,0.6690909090909091,0.2581818181818182
stgcnpp,frame_missing_severe,57,handshaking,276,0.9565217391304348,0.37318840579710144,0.5833333333333334
stgcnpp,frame_missing_severe,58,walking towards each other,273,0.9963369963369964,0.9304029304029304,0.06593406593406592
stgcnpp,frame_missing_severe,59,walking apart from each other,276,0.9637681159420289,0.8840579710144928,0.07971014492753614
stgcnpp,joint_missing_mild,0,drink water,274,0.864963503649635,0.7262773722627737,0.13868613138686137
stgcnpp,joint_missing_mild,1,eat meal/snack,275,0.7272727272727273,0.49454545454545457,0.23272727272727273
stgcnpp,joint_missing_mild,2,brushing teeth,273,0.8534798534798534,0.47985347985347987,0.3736263736263736
stgcnpp,joint_missing_mild,3,brushing hair,273,0.9194139194139194,0.7802197802197802,0.13919413919413914
stgcnpp,joint_missing_mild,4,drop,275,0.88,0.72,0.16000000000000003
stgcnpp,joint_missing_mild,5,pickup,275,0.9672727272727273,0.8981818181818182,0.06909090909090909
stgcnpp,joint_missing_mild,6,throw,275,0.9127272727272727,0.7745454545454545,0.13818181818181818
stgcnpp,joint_missing_mild,7,sitting down,273,0.9633699633699634,0.8974358974358975,0.06593406593406592
stgcnpp,joint_missing_mild,8,standing up (from sitting position),273,0.9926739926739927,0.9487179487179487,0.04395604395604402
stgcnpp,joint_missing_mild,9,clapping,273,0.7692307692307693,0.6446886446886447,0.12454212454212454
stgcnpp,joint_missing_mild,10,reading,273,0.5860805860805861,0.38095238095238093,0.20512820512820518
stgcnpp,joint_missing_mild,11,writing,272,0.5772058823529411,0.13602941176470587,0.4411764705882353
stgcnpp,joint_missing_mild,12,tear up paper,271,0.8966789667896679,0.6420664206642066,0.25461254612546125
stgcnpp,joint_missing_mild,13,wear jacket,275,0.9818181818181818,0.9781818181818182,0.0036363636363636598
stgcnpp,joint_missing_mild,14,take off jacket,276,0.967391304347826,0.9528985507246377,0.01449275362318836
stgcnpp,joint_missing_mild,15,wear a shoe,273,0.7435897435897436,0.706959706959707,0.03663003663003661
stgcnpp,joint_missing_mild,16,take off a shoe,274,0.7591240875912408,0.5693430656934306,0.1897810218978102
stgcnpp,joint_missing_mild,17,wear on glasses,273,0.9120879120879121,0.8278388278388278,0.08424908424908428
stgcnpp,joint_missing_mild,18,take off glasses,274,0.9525547445255474,0.718978102189781,0.23357664233576647
stgcnpp,joint_missing_mild,19,put on a hat/cap,272,0.9632352941176471,0.9080882352941176,0.05514705882352944
stgcnpp,joint_missing_mild,20,take off a hat/cap,273,0.9743589743589743,0.9487179487179487,0.02564102564102566
stgcnpp,joint_missing_mild,21,cheer up,274,0.9562043795620438,0.8467153284671532,0.1094890510948906
stgcnpp,joint_missing_mild,22,hand waving,274,0.916058394160584,0.7591240875912408,0.15693430656934315
stgcnpp,joint_missing_mild,23,kicking something,276,0.9239130434782609,0.7608695652173914,0.1630434782608695
stgcnpp,joint_missing_mild,24,reach into pocket,274,0.8175182481751825,0.48905109489051096,0.3284671532846715
stgcnpp,joint_missing_mild,25,hopping (one foot jumping),275,0.9890909090909091,0.9490909090909091,0.040000000000000036
stgcnpp,joint_missing_mild,26,jump up,276,1.0,0.9963768115942029,0.0036231884057971175
stgcnpp,joint_missing_mild,27,make a phone call/answer phone,275,0.9090909090909091,0.6181818181818182,0.2909090909090909
stgcnpp,joint_missing_mild,28,playing with phone/tablet,275,0.7381818181818182,0.43272727272727274,0.3054545454545454
stgcnpp,joint_missing_mild,29,typing on a keyboard,275,0.6981818181818182,0.8036363636363636,-0.10545454545454536
stgcnpp,joint_missing_mild,30,pointing to something with finger,276,0.7753623188405797,0.5942028985507246,0.1811594202898551
stgcnpp,joint_missing_mild,31,taking a selfie,276,0.8840579710144928,0.7391304347826086,0.14492753623188415
stgcnpp,joint_missing_mild,32,check time (from watch),276,0.9057971014492754,0.5760869565217391,0.32971014492753625
stgcnpp,joint_missing_mild,33,rub two hands together,276,0.8913043478260869,0.5362318840579711,0.35507246376811585
stgcnpp,joint_missing_mild,34,nod head/bow,276,0.9782608695652174,0.967391304347826,0.010869565217391353
stgcnpp,joint_missing_mild,35,shake head,275,0.9309090909090909,0.8581818181818182,0.07272727272727275
stgcnpp,joint_missing_mild,36,wipe face,276,0.855072463768116,0.4420289855072464,0.41304347826086957
stgcnpp,joint_missing_mild,37,salute,276,0.9094202898550725,0.7753623188405797,0.1340579710144928
stgcnpp,joint_missing_mild,38,put the palms together,276,0.9311594202898551,0.8369565217391305,0.09420289855072461
stgcnpp,joint_missing_mild,39,cross hands in front (say stop),276,0.9239130434782609,0.855072463768116,0.0688405797101449
stgcnpp,joint_missing_mild,40,sneeze/cough,276,0.7463768115942029,0.45652173913043476,0.2898550724637681
stgcnpp,joint_missing_mild,41,staggering,276,0.9927536231884058,0.6847826086956522,0.30797101449275355
stgcnpp,joint_missing_mild,42,falling,275,0.9963636363636363,0.9381818181818182,0.05818181818181811
stgcnpp,joint_missing_mild,43,touch head (headache),276,0.855072463768116,0.35144927536231885,0.5036231884057971
stgcnpp,joint_missing_mild,44,touch chest (stomachache/heart pain),276,0.9492753623188406,0.8152173913043478,0.1340579710144928
stgcnpp,joint_missing_mild,45,touch back (backache),276,0.9202898550724637,0.4601449275362319,0.4601449275362319
stgcnpp,joint_missing_mild,46,touch neck (neckache),276,0.8478260869565217,0.5108695652173914,0.3369565217391304
stgcnpp,joint_missing_mild,47,nausea or vomiting condition,275,0.8545454545454545,0.8254545454545454,0.029090909090909056
stgcnpp,joint_missing_mild,48,use a fan (with hand or paper)/feeling warm,275,0.9236363636363636,0.9127272727272727,0.010909090909090868
stgcnpp,joint_missing_mild,49,punching/slapping other person,274,0.8868613138686131,0.7007299270072993,0.1861313868613138
stgcnpp,joint_missing_mild,50,kicking other person,276,0.9347826086956522,0.4855072463768116,0.44927536231884063
stgcnpp,joint_missing_mild,51,pushing other person,276,0.9601449275362319,0.605072463768116,0.35507246376811596
stgcnpp,joint_missing_mild,52,pat on back of other person,276,0.9384057971014492,0.6920289855072463,0.24637681159420288
stgcnpp,joint_missing_mild,53,point finger at the other person,276,0.8876811594202898,0.213768115942029,0.6739130434782608
stgcnpp,joint_missing_mild,54,hugging other person,274,0.9817518248175182,0.9416058394160584,0.04014598540145986
stgcnpp,joint_missing_mild,55,giving something to other person,276,0.9311594202898551,0.4891304347826087,0.4420289855072464
stgcnpp,joint_missing_mild,56,touch other person's pocket,275,0.9272727272727272,0.6981818181818182,0.229090909090909
stgcnpp,joint_missing_mild,57,handshaking,276,0.9565217391304348,0.5688405797101449,0.3876811594202899
stgcnpp,joint_missing_mild,58,walking towards each other,273,0.9963369963369964,0.4468864468864469,0.5494505494505495
stgcnpp,joint_missing_mild,59,walking apart from each other,276,0.9637681159420289,0.9565217391304348,0.007246376811594124
stgcnpp,joint_missing_moderate,0,drink water,274,0.864963503649635,0.0,0.864963503649635
stgcnpp,joint_missing_moderate,1,eat meal/snack,275,0.7272727272727273,0.007272727272727273,0.72
stgcnpp,joint_missing_moderate,2,brushing teeth,273,0.8534798534798534,0.0,0.8534798534798534
stgcnpp,joint_missing_moderate,3,brushing hair,273,0.9194139194139194,0.5934065934065934,0.32600732600732596
stgcnpp,joint_missing_moderate,4,drop,275,0.88,0.06181818181818182,0.8181818181818182
stgcnpp,joint_missing_moderate,5,pickup,275,0.9672727272727273,0.16363636363636364,0.8036363636363637
stgcnpp,joint_missing_moderate,6,throw,275,0.9127272727272727,0.2909090909090909,0.6218181818181818
stgcnpp,joint_missing_moderate,7,sitting down,273,0.9633699633699634,0.03663003663003663,0.9267399267399268
stgcnpp,joint_missing_moderate,8,standing up (from sitting position),273,0.9926739926739927,0.2673992673992674,0.7252747252747254
stgcnpp,joint_missing_moderate,9,clapping,273,0.7692307692307693,0.20146520146520147,0.5677655677655677
stgcnpp,joint_missing_moderate,10,reading,273,0.5860805860805861,0.007326007326007326,0.5787545787545788
stgcnpp,joint_missing_moderate,11,writing,272,0.5772058823529411,0.003676470588235294,0.5735294117647058
stgcnpp,joint_missing_moderate,12,tear up paper,271,0.8966789667896679,0.03690036900369004,0.8597785977859778
stgcnpp,joint_missing_moderate,13,wear jacket,275,0.9818181818181818,0.8945454545454545,0.08727272727272728
stgcnpp,joint_missing_moderate,14,take off jacket,276,0.967391304347826,0.37681159420289856,0.5905797101449275
stgcnpp,joint_missing_moderate,15,wear a shoe,273,0.7435897435897436,0.2564102564102564,0.4871794871794872
stgcnpp,joint_missing_moderate,16,take off a shoe,274,0.7591240875912408,0.032846715328467155,0.7262773722627737
stgcnpp,joint_missing_moderate,17,wear on glasses,273,0.9120879120879121,0.19047619047619047,0.7216117216117216
stgcnpp,joint_missing_moderate,18,take off glasses,274,0.9525547445255474,0.15693430656934307,0.7956204379562044
stgcnpp,joint_missing_moderate,19,put on a hat/cap,272,0.9632352941176471,0.2647058823529412,0.6985294117647058
stgcnpp,joint_missing_moderate,20,take off a hat/cap,273,0.9743589743589743,0.5091575091575091,0.4652014652014652
stgcnpp,joint_missing_moderate,21,cheer up,274,0.9562043795620438,0.22262773722627738,0.7335766423357665
stgcnpp,joint_missing_moderate,22,hand waving,274,0.916058394160584,0.5145985401459854,0.4014598540145986
stgcnpp,joint_missing_moderate,23,kicking something,276,0.9239130434782609,0.04710144927536232,0.8768115942028986
stgcnpp,joint_missing_moderate,24,reach into pocket,274,0.8175182481751825,0.01824817518248175,0.7992700729927007
stgcnpp,joint_missing_moderate,25,hopping (one foot jumping),275,0.9890909090909091,0.4218181818181818,0.5672727272727274
stgcnpp,joint_missing_moderate,26,jump up,276,1.0,0.5,0.5
stgcnpp,joint_missing_moderate,27,make a phone call/answer phone,275,0.9090909090909091,0.014545454545454545,0.8945454545454545
stgcnpp,joint_missing_moderate,28,playing with phone/tablet,275,0.7381818181818182,0.13454545454545455,0.6036363636363636
stgcnpp,joint_missing_moderate,29,typing on a keyboard,275,0.6981818181818182,0.5381818181818182,0.16000000000000003
stgcnpp,joint_missing_moderate,30,pointing to something with finger,276,0.7753623188405797,0.04710144927536232,0.7282608695652174
stgcnpp,joint_missing_moderate,31,taking a selfie,276,0.8840579710144928,0.19202898550724637,0.6920289855072465
stgcnpp,joint_missing_moderate,32,check time (from watch),276,0.9057971014492754,0.010869565217391304,0.894927536231884
stgcnpp,joint_missing_moderate,33,rub two hands together,276,0.8913043478260869,0.15217391304347827,0.7391304347826086
stgcnpp,joint_missing_moderate,34,nod head/bow,276,0.9782608695652174,0.9528985507246377,0.025362318840579712
stgcnpp,joint_missing_moderate,35,shake head,275,0.9309090909090909,0.850909090909091,0.07999999999999996
stgcnpp,joint_missing_moderate,36,wipe face,276,0.855072463768116,0.13768115942028986,0.7173913043478262
stgcnpp,joint_missing_moderate,37,salute,276,0.9094202898550725,0.15579710144927536,0.7536231884057971
stgcnpp,joint_missing_moderate,38,put the palms together,276,0.9311594202898551,0.5543478260869565,0.37681159420289856
stgcnpp,joint_missing_moderate,39,cross hands in front (say stop),276,0.9239130434782609,0.286231884057971,0.6376811594202898
stgcnpp,joint_missing_moderate,40,sneeze/cough,276,0.7463768115942029,0.10507246376811594,0.6413043478260869
stgcnpp,joint_missing_moderate,41,staggering,276,0.9927536231884058,0.050724637681159424,0.9420289855072463
stgcnpp,joint_missing_moderate,42,falling,275,0.9963636363636363,0.2509090909090909,0.7454545454545454
stgcnpp,joint_missing_moderate,43,touch head (headache),276,0.855072463768116,0.007246376811594203,0.8478260869565217
stgcnpp,joint_missing_moderate,44,touch chest (stomachache/heart pain),276,0.9492753623188406,0.4782608695652174,0.47101449275362317
stgcnpp,joint_missing_moderate,45,touch back (backache),276,0.9202898550724637,0.0036231884057971015,0.9166666666666666
stgcnpp,joint_missing_moderate,46,touch neck (neckache),276,0.8478260869565217,0.010869565217391304,0.8369565217391304
stgcnpp,joint_missing_moderate,47,nausea or vomiting condition,275,0.8545454545454545,0.5527272727272727,0.30181818181818176
stgcnpp,joint_missing_moderate,48,use a fan (with hand or paper)/feeling warm,275,0.9236363636363636,0.4618181818181818,0.4618181818181818
stgcnpp,joint_missing_moderate,49,punching/slapping other person,274,0.8868613138686131,0.22992700729927007,0.656934306569343
stgcnpp,joint_missing_moderate,50,kicking other person,276,0.9347826086956522,0.007246376811594203,0.927536231884058
stgcnpp,joint_missing_moderate,51,pushing other person,276,0.9601449275362319,0.0,0.9601449275362319
stgcnpp,joint_missing_moderate,52,pat on back of other person,276,0.9384057971014492,0.37681159420289856,0.5615942028985507
stgcnpp,joint_missing_moderate,53,point finger at the other person,276,0.8876811594202898,0.0,0.8876811594202898
stgcnpp,joint_missing_moderate,54,hugging other person,274,0.9817518248175182,0.6605839416058394,0.3211678832116788
stgcnpp,joint_missing_moderate,55,giving something to other person,276,0.9311594202898551,0.0,0.9311594202898551
stgcnpp,joint_missing_moderate,56,touch other person's pocket,275,0.9272727272727272,0.18181818181818182,0.7454545454545454
stgcnpp,joint_missing_moderate,57,handshaking,276,0.9565217391304348,0.04710144927536232,0.9094202898550725
stgcnpp,joint_missing_moderate,58,walking towards each other,273,0.9963369963369964,0.029304029304029304,0.967032967032967
stgcnpp,joint_missing_moderate,59,walking apart from each other,276,0.9637681159420289,0.36231884057971014,0.6014492753623188
stgcnpp,joint_missing_severe,0,drink water,274,0.864963503649635,0.0,0.864963503649635
stgcnpp,joint_missing_severe,1,eat meal/snack,275,0.7272727272727273,0.0,0.7272727272727273
stgcnpp,joint_missing_severe,2,brushing teeth,273,0.8534798534798534,0.0,0.8534798534798534
stgcnpp,joint_missing_severe,3,brushing hair,273,0.9194139194139194,0.47619047619047616,0.4432234432234432
stgcnpp,joint_missing_severe,4,drop,275,0.88,0.0,0.88
stgcnpp,joint_missing_severe,5,pickup,275,0.9672727272727273,0.0,0.9672727272727273
stgcnpp,joint_missing_severe,6,throw,275,0.9127272727272727,0.02181818181818182,0.8909090909090909
stgcnpp,joint_missing_severe,7,sitting down,273,0.9633699633699634,0.0,0.9633699633699634
stgcnpp,joint_missing_severe,8,standing up (from sitting position),273,0.9926739926739927,0.0,0.9926739926739927
stgcnpp,joint_missing_severe,9,clapping,273,0.7692307692307693,0.0,0.7692307692307693
stgcnpp,joint_missing_severe,10,reading,273,0.5860805860805861,0.0,0.5860805860805861
stgcnpp,joint_missing_severe,11,writing,272,0.5772058823529411,0.06985294117647059,0.5073529411764706
stgcnpp,joint_missing_severe,12,tear up paper,271,0.8966789667896679,0.0,0.8966789667896679
stgcnpp,joint_missing_severe,13,wear jacket,275,0.9818181818181818,0.13454545454545455,0.8472727272727273
stgcnpp,joint_missing_severe,14,take off jacket,276,0.967391304347826,0.0036231884057971015,0.9637681159420289
stgcnpp,joint_missing_severe,15,wear a shoe,273,0.7435897435897436,0.054945054945054944,0.6886446886446886
stgcnpp,joint_missing_severe,16,take off a shoe,274,0.7591240875912408,0.0,0.7591240875912408
stgcnpp,joint_missing_severe,17,wear on glasses,273,0.9120879120879121,0.0,0.9120879120879121
stgcnpp,joint_missing_severe,18,take off glasses,274,0.9525547445255474,0.0036496350364963502,0.948905109489051
stgcnpp,joint_missing_severe,19,put on a hat/cap,272,0.9632352941176471,0.0,0.9632352941176471
stgcnpp,joint_missing_severe,20,take off a hat/cap,273,0.9743589743589743,0.029304029304029304,0.945054945054945
stgcnpp,joint_missing_severe,21,cheer up,274,0.9562043795620438,0.09124087591240876,0.864963503649635
stgcnpp,joint_missing_severe,22,hand waving,274,0.916058394160584,0.06934306569343066,0.8467153284671534
stgcnpp,joint_missing_severe,23,kicking something,276,0.9239130434782609,0.0,0.9239130434782609
stgcnpp,joint_missing_severe,24,reach into pocket,274,0.8175182481751825,0.0,0.8175182481751825
stgcnpp,joint_missing_severe,25,hopping (one foot jumping),275,0.9890909090909091,0.01818181818181818,0.9709090909090909
stgcnpp,joint_missing_severe,26,jump up,276,1.0,0.010869565217391304,0.9891304347826086
stgcnpp,joint_missing_severe,27,make a phone call/answer phone,275,0.9090909090909091,0.0,0.9090909090909091
stgcnpp,joint_missing_severe,28,playing with phone/tablet,275,0.7381818181818182,0.24,0.49818181818181817
stgcnpp,joint_missing_severe,29,typing on a keyboard,275,0.6981818181818182,0.44727272727272727,0.25090909090909097
stgcnpp,joint_missing_severe,30,pointing to something with finger,276,0.7753623188405797,0.0,0.7753623188405797
stgcnpp,joint_missing_severe,31,taking a selfie,276,0.8840579710144928,0.06521739130434782,0.818840579710145
stgcnpp,joint_missing_severe,32,check time (from watch),276,0.9057971014492754,0.0036231884057971015,0.9021739130434783
stgcnpp,joint_missing_severe,33,rub two hands together,276,0.8913043478260869,0.021739130434782608,0.8695652173913043
stgcnpp,joint_missing_severe,34,nod head/bow,276,0.9782608695652174,0.3442028985507246,0.6340579710144928
stgcnpp,joint_missing_severe,35,shake head,275,0.9309090909090909,0.4036363636363636,0.5272727272727273
stgcnpp,joint_missing_severe,36,wipe face,276,0.855072463768116,0.2644927536231884,0.5905797101449275
stgcnpp,joint_missing_severe,37,salute,276,0.9094202898550725,0.0,0.9094202898550725
stgcnpp,joint_missing_severe,38,put the palms together,276,0.9311594202898551,0.09782608695652174,0.8333333333333334
stgcnpp,joint_missing_severe,39,cross hands in front (say stop),276,0.9239130434782609,0.03985507246376811,0.8840579710144928
stgcnpp,joint_missing_severe,40,sneeze/cough,276,0.7463768115942029,0.0,0.7463768115942029
stgcnpp,joint_missing_severe,41,staggering,276,0.9927536231884058,0.0,0.9927536231884058
stgcnpp,joint_missing_severe,42,falling,275,0.9963636363636363,0.0036363636363636364,0.9927272727272727
stgcnpp,joint_missing_severe,43,touch head (headache),276,0.855072463768116,0.0,0.855072463768116
stgcnpp,joint_missing_severe,44,touch chest (stomachache/heart pain),276,0.9492753623188406,0.14492753623188406,0.8043478260869565
stgcnpp,joint_missing_severe,45,touch back (backache),276,0.9202898550724637,0.0,0.9202898550724637
stgcnpp,joint_missing_severe,46,touch neck (neckache),276,0.8478260869565217,0.0,0.8478260869565217
stgcnpp,joint_missing_severe,47,nausea or vomiting condition,275,0.8545454545454545,0.19272727272727272,0.6618181818181817
stgcnpp,joint_missing_severe,48,use a fan (with hand or paper)/feeling warm,275,0.9236363636363636,0.0036363636363636364,0.9199999999999999
stgcnpp,joint_missing_severe,49,punching/slapping other person,274,0.8868613138686131,0.0036496350364963502,0.8832116788321167
stgcnpp,joint_missing_severe,50,kicking other person,276,0.9347826086956522,0.0,0.9347826086956522
stgcnpp,joint_missing_severe,51,pushing other person,276,0.9601449275362319,0.0,0.9601449275362319
stgcnpp,joint_missing_severe,52,pat on back of other person,276,0.9384057971014492,0.13043478260869565,0.8079710144927535
stgcnpp,joint_missing_severe,53,point finger at the other person,276,0.8876811594202898,0.0,0.8876811594202898
stgcnpp,joint_missing_severe,54,hugging other person,274,0.9817518248175182,0.17518248175182483,0.8065693430656934
stgcnpp,joint_missing_severe,55,giving something to other person,276,0.9311594202898551,0.0,0.9311594202898551
stgcnpp,joint_missing_severe,56,touch other person's pocket,275,0.9272727272727272,0.01090909090909091,0.9163636363636364
stgcnpp,joint_missing_severe,57,handshaking,276,0.9565217391304348,0.0,0.9565217391304348
stgcnpp,joint_missing_severe,58,walking towards each other,273,0.9963369963369964,0.0,0.9963369963369964
stgcnpp,joint_missing_severe,59,walking apart from each other,276,0.9637681159420289,0.010869565217391304,0.9528985507246376
stgcnpp,limb_occlusion_mild,0,drink water,274,0.864963503649635,0.7518248175182481,0.11313868613138689
stgcnpp,limb_occlusion_mild,1,eat meal/snack,275,0.7272727272727273,0.5781818181818181,0.14909090909090916
stgcnpp,limb_occlusion_mild,2,brushing teeth,273,0.8534798534798534,0.673992673992674,0.1794871794871794
stgcnpp,limb_occlusion_mild,3,brushing hair,273,0.9194139194139194,0.7912087912087912,0.1282051282051282
stgcnpp,limb_occlusion_mild,4,drop,275,0.88,0.7818181818181819,0.09818181818181815
stgcnpp,limb_occlusion_mild,5,pickup,275,0.9672727272727273,0.8436363636363636,0.12363636363636366
stgcnpp,limb_occlusion_mild,6,throw,275,0.9127272727272727,0.7854545454545454,0.12727272727272732
stgcnpp,limb_occlusion_mild,7,sitting down,273,0.9633699633699634,0.8717948717948718,0.09157509157509158
stgcnpp,limb_occlusion_mild,8,standing up (from sitting position),273,0.9926739926739927,0.9633699633699634,0.02930402930402931
stgcnpp,limb_occlusion_mild,9,clapping,273,0.7692307692307693,0.6556776556776557,0.1135531135531136
stgcnpp,limb_occlusion_mild,10,reading,273,0.5860805860805861,0.5677655677655677,0.01831501831501836
stgcnpp,limb_occlusion_mild,11,writing,272,0.5772058823529411,0.5367647058823529,0.0404411764705882
stgcnpp,limb_occlusion_mild,12,tear up paper,271,0.8966789667896679,0.6974169741697417,0.19926199261992616
stgcnpp,limb_occlusion_mild,13,wear jacket,275,0.9818181818181818,0.9127272727272727,0.06909090909090909
stgcnpp,limb_occlusion_mild,14,take off jacket,276,0.967391304347826,0.8840579710144928,0.08333333333333326
stgcnpp,limb_occlusion_mild,15,wear a shoe,273,0.7435897435897436,0.6410256410256411,0.10256410256410253
stgcnpp,limb_occlusion_mild,16,take off a shoe,274,0.7591240875912408,0.6934306569343066,0.06569343065693423
stgcnpp,limb_occlusion_mild,17,wear on glasses,273,0.9120879120879121,0.8168498168498168,0.09523809523809523
stgcnpp,limb_occlusion_mild,18,take off glasses,274,0.9525547445255474,0.8394160583941606,0.11313868613138689
stgcnpp,limb_occlusion_mild,19,put on a hat/cap,272,0.9632352941176471,0.8235294117647058,0.13970588235294124
stgcnpp,limb_occlusion_mild,20,take off a hat/cap,273,0.9743589743589743,0.7582417582417582,0.21611721611721613
stgcnpp,limb_occlusion_mild,21,cheer up,274,0.9562043795620438,0.8467153284671532,0.1094890510948906
stgcnpp,limb_occlusion_mild,22,hand waving,274,0.916058394160584,0.7700729927007299,0.14598540145985406
stgcnpp,limb_occlusion_mild,23,kicking something,276,0.9239130434782609,0.8514492753623188,0.07246376811594202
stgcnpp,limb_occlusion_mild,24,reach into pocket,274,0.8175182481751825,0.7262773722627737,0.09124087591240881
stgcnpp,limb_occlusion_mild,25,hopping (one foot jumping),275,0.9890909090909091,0.9745454545454545,0.014545454545454639
stgcnpp,limb_occlusion_mild,26,jump up,276,1.0,0.9456521739130435,0.05434782608695654
stgcnpp,limb_occlusion_mild,27,make a phone call/answer phone,275,0.9090909090909091,0.8,0.10909090909090902
stgcnpp,limb_occlusion_mild,28,playing with phone/tablet,275,0.7381818181818182,0.6327272727272727,0.10545454545454547
stgcnpp,limb_occlusion_mild,29,typing on a keyboard,275,0.6981818181818182,0.6436363636363637,0.054545454545454564
stgcnpp,limb_occlusion_mild,30,pointing to something with finger,276,0.7753623188405797,0.6014492753623188,0.17391304347826086
stgcnpp,limb_occlusion_mild,31,taking a selfie,276,0.8840579710144928,0.7608695652173914,0.12318840579710144
stgcnpp,limb_occlusion_mild,32,check time (from watch),276,0.9057971014492754,0.6884057971014492,0.21739130434782616
stgcnpp,limb_occlusion_mild,33,rub two hands together,276,0.8913043478260869,0.7427536231884058,0.14855072463768115
stgcnpp,limb_occlusion_mild,34,nod head/bow,276,0.9782608695652174,0.8478260869565217,0.13043478260869568
stgcnpp,limb_occlusion_mild,35,shake head,275,0.9309090909090909,0.8072727272727273,0.12363636363636366
stgcnpp,limb_occlusion_mild,36,wipe face,276,0.855072463768116,0.6739130434782609,0.1811594202898551
stgcnpp,limb_occlusion_mild,37,salute,276,0.9094202898550725,0.7137681159420289,0.19565217391304357
stgcnpp,limb_occlusion_mild,38,put the palms together,276,0.9311594202898551,0.7789855072463768,0.15217391304347827
stgcnpp,limb_occlusion_mild,39,cross hands in front (say stop),276,0.9239130434782609,0.6847826086956522,0.23913043478260865
stgcnpp,limb_occlusion_mild,40,sneeze/cough,276,0.7463768115942029,0.5036231884057971,0.24275362318840576
stgcnpp,limb_occlusion_mild,41,staggering,276,0.9927536231884058,0.9239130434782609,0.0688405797101449
stgcnpp,limb_occlusion_mild,42,falling,275,0.9963636363636363,0.9527272727272728,0.043636363636363584
stgcnpp,limb_occlusion_mild,43,touch head (headache),276,0.855072463768116,0.6195652173913043,0.23550724637681164
stgcnpp,limb_occlusion_mild,44,touch chest (stomachache/heart pain),276,0.9492753623188406,0.8333333333333334,0.1159420289855072
stgcnpp,limb_occlusion_mild,45,touch back (backache),276,0.9202898550724637,0.822463768115942,0.09782608695652173
stgcnpp,limb_occlusion_mild,46,touch neck (neckache),276,0.8478260869565217,0.7065217391304348,0.14130434782608692
stgcnpp,limb_occlusion_mild,47,nausea or vomiting condition,275,0.8545454545454545,0.6545454545454545,0.19999999999999996
stgcnpp,limb_occlusion_mild,48,use a fan (with hand or paper)/feeling warm,275,0.9236363636363636,0.8290909090909091,0.09454545454545449
stgcnpp,limb_occlusion_mild,49,punching/slapping other person,274,0.8868613138686131,0.7116788321167883,0.17518248175182483
stgcnpp,limb_occlusion_mild,50,kicking other person,276,0.9347826086956522,0.7681159420289855,0.16666666666666674
stgcnpp,limb_occlusion_mild,51,pushing other person,276,0.9601449275362319,0.8768115942028986,0.08333333333333337
stgcnpp,limb_occlusion_mild,52,pat on back of other person,276,0.9384057971014492,0.9239130434782609,0.01449275362318836
stgcnpp,limb_occlusion_mild,53,point finger at the other person,276,0.8876811594202898,0.5543478260869565,0.33333333333333326
stgcnpp,limb_occlusion_mild,54,hugging other person,274,0.9817518248175182,0.9598540145985401,0.021897810218978075
stgcnpp,limb_occlusion_mild,55,giving something to other person,276,0.9311594202898551,0.8079710144927537,0.12318840579710144
stgcnpp,limb_occlusion_mild,56,touch other person's pocket,275,0.9272727272727272,0.8472727272727273,0.07999999999999996
stgcnpp,limb_occlusion_mild,57,handshaking,276,0.9565217391304348,0.7463768115942029,0.21014492753623193
stgcnpp,limb_occlusion_mild,58,walking towards each other,273,0.9963369963369964,0.8461538461538461,0.1501831501831502
stgcnpp,limb_occlusion_mild,59,walking apart from each other,276,0.9637681159420289,0.9347826086956522,0.02898550724637672
stgcnpp,limb_occlusion_moderate,0,drink water,274,0.864963503649635,0.5693430656934306,0.2956204379562044
stgcnpp,limb_occlusion_moderate,1,eat meal/snack,275,0.7272727272727273,0.4618181818181818,0.2654545454545455
stgcnpp,limb_occlusion_moderate,2,brushing teeth,273,0.8534798534798534,0.5018315018315018,0.3516483516483516
stgcnpp,limb_occlusion_moderate,3,brushing hair,273,0.9194139194139194,0.6446886446886447,0.27472527472527464
stgcnpp,limb_occlusion_moderate,4,drop,275,0.88,0.6545454545454545,0.22545454545454546
stgcnpp,limb_occlusion_moderate,5,pickup,275,0.9672727272727273,0.5854545454545454,0.38181818181818183
stgcnpp,limb_occlusion_moderate,6,throw,275,0.9127272727272727,0.6145454545454545,0.2981818181818182
stgcnpp,limb_occlusion_moderate,7,sitting down,273,0.9633699633699634,0.6886446886446886,0.27472527472527475
stgcnpp,limb_occlusion_moderate,8,standing up (from sitting position),273,0.9926739926739927,0.8717948717948718,0.1208791208791209
stgcnpp,limb_occlusion_moderate,9,clapping,273,0.7692307692307693,0.46886446886446886,0.3003663003663004
stgcnpp,limb_occlusion_moderate,10,reading,273,0.5860805860805861,0.4908424908424908,0.09523809523809529
stgcnpp,limb_occlusion_moderate,11,writing,272,0.5772058823529411,0.48161764705882354,0.09558823529411759
stgcnpp,limb_occlusion_moderate,12,tear up paper,271,0.8966789667896679,0.5202952029520295,0.3763837638376384
stgcnpp,limb_occlusion_moderate,13,wear jacket,275,0.9818181818181818,0.68,0.30181818181818176
stgcnpp,limb_occlusion_moderate,14,take off jacket,276,0.967391304347826,0.6884057971014492,0.27898550724637683
stgcnpp,limb_occlusion_moderate,15,wear a shoe,273,0.7435897435897436,0.46153846153846156,0.28205128205128205
stgcnpp,limb_occlusion_moderate,16,take off a shoe,274,0.7591240875912408,0.5364963503649635,0.22262773722627738
stgcnpp,limb_occlusion_moderate,17,wear on glasses,273,0.9120879120879121,0.6446886446886447,0.26739926739926734
stgcnpp,limb_occlusion_moderate,18,take off glasses,274,0.9525547445255474,0.7116788321167883,0.24087591240875916
stgcnpp,limb_occlusion_moderate,19,put on a hat/cap,272,0.9632352941176471,0.6360294117647058,0.32720588235294124
stgcnpp,limb_occlusion_moderate,20,take off a hat/cap,273,0.9743589743589743,0.5421245421245421,0.43223443223443225
stgcnpp,limb_occlusion_moderate,21,cheer up,274,0.9562043795620438,0.6642335766423357,0.2919708029197081
stgcnpp,limb_occlusion_moderate,22,hand waving,274,0.916058394160584,0.5912408759124088,0.3248175182481752
stgcnpp,limb_occlusion_moderate,23,kicking something,276,0.9239130434782609,0.75,0.17391304347826086
stgcnpp,limb_occlusion_moderate,24,reach into pocket,274,0.8175182481751825,0.5656934306569343,0.25182481751824815
stgcnpp,limb_occlusion_moderate,25,hopping (one foot jumping),275,0.9890909090909091,0.8690909090909091,0.12
stgcnpp,limb_occlusion_moderate,26,jump up,276,1.0,0.7608695652173914,0.23913043478260865
stgcnpp,limb_occlusion_moderate,27,make a phone call/answer phone,275,0.9090909090909091,0.64,0.26909090909090905
stgcnpp,limb_occlusion_moderate,28,playing with phone/tablet,275,0.7381818181818182,0.5236363636363637,0.21454545454545448
stgcnpp,limb_occlusion_moderate,29,typing on a keyboard,275,0.6981818181818182,0.5418181818181819,0.15636363636363637
stgcnpp,limb_occlusion_moderate,30,pointing to something with finger,276,0.7753623188405797,0.47101449275362317,0.30434782608695654
stgcnpp,limb_occlusion_moderate,31,taking a selfie,276,0.8840579710144928,0.5760869565217391,0.30797101449275366
stgcnpp,limb_occlusion_moderate,32,check time (from watch),276,0.9057971014492754,0.5072463768115942,0.39855072463768115
stgcnpp,limb_occlusion_moderate,33,rub two hands together,276,0.8913043478260869,0.5434782608695652,0.34782608695652173
stgcnpp,limb_occlusion_moderate,34,nod head/bow,276,0.9782608695652174,0.5905797101449275,0.3876811594202899
stgcnpp,limb_occlusion_moderate,35,shake head,275,0.9309090909090909,0.6290909090909091,0.30181818181818176
stgcnpp,limb_occlusion_moderate,36,wipe face,276,0.855072463768116,0.5108695652173914,0.3442028985507246
stgcnpp,limb_occlusion_moderate,37,salute,276,0.9094202898550725,0.5362318840579711,0.37318840579710144
stgcnpp,limb_occlusion_moderate,38,put the palms together,276,0.9311594202898551,0.6014492753623188,0.32971014492753625
stgcnpp,limb_occlusion_moderate,39,cross hands in front (say stop),276,0.9239130434782609,0.391304347826087,0.5326086956521738
stgcnpp,limb_occlusion_moderate,40,sneeze/cough,276,0.7463768115942029,0.35507246376811596,0.3913043478260869
stgcnpp,limb_occlusion_moderate,41,staggering,276,0.9927536231884058,0.6630434782608695,0.32971014492753625
stgcnpp,limb_occlusion_moderate,42,falling,275,0.9963636363636363,0.7745454545454545,0.2218181818181818
stgcnpp,limb_occlusion_moderate,43,touch head (headache),276,0.855072463768116,0.4384057971014493,0.4166666666666667
stgcnpp,limb_occlusion_moderate,44,touch chest (stomachache/heart pain),276,0.9492753623188406,0.717391304347826,0.23188405797101452
stgcnpp,limb_occlusion_moderate,45,touch back (backache),276,0.9202898550724637,0.6630434782608695,0.25724637681159424
stgcnpp,limb_occlusion_moderate,46,touch neck (neckache),276,0.8478260869565217,0.5543478260869565,0.2934782608695652
stgcnpp,limb_occlusion_moderate,47,nausea or vomiting condition,275,0.8545454545454545,0.49454545454545457,0.35999999999999993
stgcnpp,limb_occlusion_moderate,48,use a fan (with hand or paper)/feeling warm,275,0.9236363636363636,0.64,0.2836363636363636
stgcnpp,limb_occlusion_moderate,49,punching/slapping other person,274,0.8868613138686131,0.5328467153284672,0.35401459854014594
stgcnpp,limb_occlusion_moderate,50,kicking other person,276,0.9347826086956522,0.5579710144927537,0.37681159420289856
stgcnpp,limb_occlusion_moderate,51,pushing other person,276,0.9601449275362319,0.6521739130434783,0.30797101449275366
stgcnpp,limb_occlusion_moderate,52,pat on back of other person,276,0.9384057971014492,0.7789855072463768,0.1594202898550724
stgcnpp,limb_occlusion_moderate,53,point finger at the other person,276,0.8876811594202898,0.2971014492753623,0.5905797101449275
stgcnpp,limb_occlusion_moderate,54,hugging other person,274,0.9817518248175182,0.8722627737226277,0.10948905109489049
stgcnpp,limb_occlusion_moderate,55,giving something to other person,276,0.9311594202898551,0.6557971014492754,0.2753623188405797
stgcnpp,limb_occlusion_moderate,56,touch other person's pocket,275,0.9272727272727272,0.7636363636363637,0.16363636363636358
stgcnpp,limb_occlusion_moderate,57,handshaking,276,0.9565217391304348,0.5942028985507246,0.3623188405797102
stgcnpp,limb_occlusion_moderate,58,walking towards each other,273,0.9963369963369964,0.5091575091575091,0.4871794871794872
stgcnpp,limb_occlusion_moderate,59,walking apart from each other,276,0.9637681159420289,0.7101449275362319,0.253623188405797
stgcnpp,limb_occlusion_severe,0,drink water,274,0.864963503649635,0.39416058394160586,0.4708029197080292
stgcnpp,limb_occlusion_severe,1,eat meal/snack,275,0.7272727272727273,0.3054545454545455,0.4218181818181818
stgcnpp,limb_occlusion_severe,2,brushing teeth,273,0.8534798534798534,0.32234432234432236,0.531135531135531
stgcnpp,limb_occlusion_severe,3,brushing hair,273,0.9194139194139194,0.4139194139194139,0.5054945054945055
stgcnpp,limb_occlusion_severe,4,drop,275,0.88,0.4618181818181818,0.4181818181818182
stgcnpp,limb_occlusion_severe,5,pickup,275,0.9672727272727273,0.2290909090909091,0.7381818181818182
stgcnpp,limb_occlusion_severe,6,throw,275,0.9127272727272727,0.34545454545454546,0.5672727272727273
stgcnpp,limb_occlusion_severe,7,sitting down,273,0.9633699633699634,0.4468864468864469,0.5164835164835164
stgcnpp,limb_occlusion_severe,8,standing up (from sitting position),273,0.9926739926739927,0.5421245421245421,0.4505494505494506
stgcnpp,limb_occlusion_severe,9,clapping,273,0.7692307692307693,0.31135531135531136,0.4578754578754579
stgcnpp,limb_occlusion_severe,10,reading,273,0.5860805860805861,0.3333333333333333,0.2527472527472528
stgcnpp,limb_occlusion_severe,11,writing,272,0.5772058823529411,0.5220588235294118,0.05514705882352933
stgcnpp,limb_occlusion_severe,12,tear up paper,271,0.8966789667896679,0.3505535055350554,0.5461254612546125
stgcnpp,limb_occlusion_severe,13,wear jacket,275,0.9818181818181818,0.29454545454545455,0.6872727272727273
stgcnpp,limb_occlusion_severe,14,take off jacket,276,0.967391304347826,0.36231884057971014,0.605072463768116
stgcnpp,limb_occlusion_severe,15,wear a shoe,273,0.7435897435897436,0.27106227106227104,0.47252747252747257
stgcnpp,limb_occlusion_severe,16,take off a shoe,274,0.7591240875912408,0.3795620437956204,0.3795620437956204
stgcnpp,limb_occlusion_severe,17,wear on glasses,273,0.9120879120879121,0.45787545787545786,0.4542124542124542
stgcnpp,limb_occlusion_severe,18,take off glasses,274,0.9525547445255474,0.5328467153284672,0.4197080291970803
stgcnpp,limb_occlusion_severe,19,put on a hat/cap,272,0.9632352941176471,0.4227941176470588,0.5404411764705883
stgcnpp,limb_occlusion_severe,20,take off a hat/cap,273,0.9743589743589743,0.30036630036630035,0.673992673992674
stgcnpp,limb_occlusion_severe,21,cheer up,274,0.9562043795620438,0.40875912408759124,0.5474452554744527
stgcnpp,limb_occlusion_severe,22,hand waving,274,0.916058394160584,0.3978102189781022,0.5182481751824818
stgcnpp,limb_occlusion_severe,23,kicking something,276,0.9239130434782609,0.4782608695652174,0.44565217391304346
stgcnpp,limb_occlusion_severe,24,reach into pocket,274,0.8175182481751825,0.4051094890510949,0.4124087591240876
stgcnpp,limb_occlusion_severe,25,hopping (one foot jumping),275,0.9890909090909091,0.6145454545454545,0.3745454545454546
stgcnpp,limb_occlusion_severe,26,jump up,276,1.0,0.4855072463768116,0.5144927536231885
stgcnpp,limb_occlusion_severe,27,make a phone call/answer phone,275,0.9090909090909091,0.41454545454545455,0.4945454545454545
stgcnpp,limb_occlusion_severe,28,playing with phone/tablet,275,0.7381818181818182,0.38545454545454544,0.3527272727272727
stgcnpp,limb_occlusion_severe,29,typing on a keyboard,275,0.6981818181818182,0.4290909090909091,0.26909090909090916
stgcnpp,limb_occlusion_severe,30,pointing to something with finger,276,0.7753623188405797,0.3079710144927536,0.4673913043478261
stgcnpp,limb_occlusion_severe,31,taking a selfie,276,0.8840579710144928,0.3333333333333333,0.5507246376811594
stgcnpp,limb_occlusion_severe,32,check time (from watch),276,0.9057971014492754,0.34057971014492755,0.5652173913043479
stgcnpp,limb_occlusion_severe,33,rub two hands together,276,0.8913043478260869,0.36231884057971014,0.5289855072463767
stgcnpp,limb_occlusion_severe,34,nod head/bow,276,0.9782608695652174,0.36594202898550726,0.6123188405797102
stgcnpp,limb_occlusion_severe,35,shake head,275,0.9309090909090909,0.4036363636363636,0.5272727272727273
stgcnpp,limb_occlusion_severe,36,wipe face,276,0.855072463768116,0.3442028985507246,0.5108695652173914
stgcnpp,limb_occlusion_severe,37,salute,276,0.9094202898550725,0.3442028985507246,0.5652173913043479
stgcnpp,limb_occlusion_severe,38,put the palms together,276,0.9311594202898551,0.39492753623188404,0.5362318840579711
stgcnpp,limb_occlusion_severe,39,cross hands in front (say stop),276,0.9239130434782609,0.2028985507246377,0.7210144927536232
stgcnpp,limb_occlusion_severe,40,sneeze/cough,276,0.7463768115942029,0.17753623188405798,0.5688405797101449
stgcnpp,limb_occlusion_severe,41,staggering,276,0.9927536231884058,0.25,0.7427536231884058
stgcnpp,limb_occlusion_severe,42,falling,275,0.9963636363636363,0.5381818181818182,0.45818181818181813
stgcnpp,limb_occlusion_severe,43,touch head (headache),276,0.855072463768116,0.23550724637681159,0.6195652173913044
stgcnpp,limb_occlusion_severe,44,touch chest (stomachache/heart pain),276,0.9492753623188406,0.5507246376811594,0.39855072463768115
stgcnpp,limb_occlusion_severe,45,touch back (backache),276,0.9202898550724637,0.42028985507246375,0.5
stgcnpp,limb_occlusion_severe,46,touch neck (neckache),276,0.8478260869565217,0.35507246376811596,0.49275362318840576
stgcnpp,limb_occlusion_severe,47,nausea or vomiting condition,275,0.8545454545454545,0.26181818181818184,0.5927272727272727
stgcnpp,limb_occlusion_severe,48,use a fan (with hand or paper)/feeling warm,275,0.9236363636363636,0.3927272727272727,0.5309090909090909
stgcnpp,limb_occlusion_severe,49,punching/slapping other person,274,0.8868613138686131,0.35036496350364965,0.5364963503649635
stgcnpp,limb_occlusion_severe,50,kicking other person,276,0.9347826086956522,0.2644927536231884,0.6702898550724639
stgcnpp,limb_occlusion_severe,51,pushing other person,276,0.9601449275362319,0.34782608695652173,0.6123188405797102
stgcnpp,limb_occlusion_severe,52,pat on back of other person,276,0.9384057971014492,0.5253623188405797,0.4130434782608695
stgcnpp,limb_occlusion_severe,53,point finger at the other person,276,0.8876811594202898,0.19927536231884058,0.6884057971014492
stgcnpp,limb_occlusion_severe,54,hugging other person,274,0.9817518248175182,0.6642335766423357,0.3175182481751825
stgcnpp,limb_occlusion_severe,55,giving something to other person,276,0.9311594202898551,0.39492753623188404,0.5362318840579711
stgcnpp,limb_occlusion_severe,56,touch other person's pocket,275,0.9272727272727272,0.5745454545454546,0.35272727272727267
stgcnpp,limb_occlusion_severe,57,handshaking,276,0.9565217391304348,0.41304347826086957,0.5434782608695652
stgcnpp,limb_occlusion_severe,58,walking towards each other,273,0.9963369963369964,0.18681318681318682,0.8095238095238095
stgcnpp,limb_occlusion_severe,59,walking apart from each other,276,0.9637681159420289,0.38405797101449274,0.5797101449275361
stgcnpp,mixed_mild,0,drink water,274,0.864963503649635,0.4489051094890511,0.41605839416058393
stgcnpp,mixed_mild,1,eat meal/snack,275,0.7272727272727273,0.4,0.32727272727272727
stgcnpp,mixed_mild,2,brushing teeth,273,0.8534798534798534,0.32967032967032966,0.5238095238095237
stgcnpp,mixed_mild,3,brushing hair,273,0.9194139194139194,0.5201465201465202,0.3992673992673992
stgcnpp,mixed_mild,4,drop,275,0.88,0.6327272727272727,0.2472727272727273
stgcnpp,mixed_mild,5,pickup,275,0.9672727272727273,0.8181818181818182,0.14909090909090905
stgcnpp,mixed_mild,6,throw,275,0.9127272727272727,0.6472727272727272,0.2654545454545455
stgcnpp,mixed_mild,7,sitting down,273,0.9633699633699634,0.7765567765567766,0.18681318681318682
stgcnpp,mixed_mild,8,standing up (from sitting position),273,0.9926739926739927,0.8278388278388278,0.16483516483516492
stgcnpp,mixed_mild,9,clapping,273,0.7692307692307693,0.43223443223443225,0.336996336996337
stgcnpp,mixed_mild,10,reading,273,0.5860805860805861,0.23809523809523808,0.347985347985348
stgcnpp,mixed_mild,11,writing,272,0.5772058823529411,0.1801470588235294,0.3970588235294117
stgcnpp,mixed_mild,12,tear up paper,271,0.8966789667896679,0.5018450184501845,0.3948339483394834
stgcnpp,mixed_mild,13,wear jacket,275,0.9818181818181818,0.8545454545454545,0.12727272727272732
stgcnpp,mixed_mild,14,take off jacket,276,0.967391304347826,0.7101449275362319,0.2572463768115941
stgcnpp,mixed_mild,15,wear a shoe,273,0.7435897435897436,0.4175824175824176,0.326007326007326
stgcnpp,mixed_mild,16,take off a shoe,274,0.7591240875912408,0.4635036496350365,0.29562043795620435
stgcnpp,mixed_mild,17,wear on glasses,273,0.9120879120879121,0.6483516483516484,0.2637362637362637
stgcnpp,mixed_mild,18,take off glasses,274,0.9525547445255474,0.6277372262773723,0.3248175182481752
stgcnpp,mixed_mild,19,put on a hat/cap,272,0.9632352941176471,0.7132352941176471,0.25
stgcnpp,mixed_mild,20,take off a hat/cap,273,0.9743589743589743,0.7802197802197802,0.19413919413919412
stgcnpp,mixed_mild,21,cheer up,274,0.9562043795620438,0.718978102189781,0.23722627737226287
stgcnpp,mixed_mild,22,hand waving,274,0.916058394160584,0.6897810218978102,0.22627737226277378
stgcnpp,mixed_mild,23,kicking something,276,0.9239130434782609,0.6739130434782609,0.25
stgcnpp,mixed_mild,24,reach into pocket,274,0.8175182481751825,0.29927007299270075,0.5182481751824817
stgcnpp,mixed_mild,25,hopping (one foot jumping),275,0.9890909090909091,0.7454545454545455,0.24363636363636365
stgcnpp,mixed_mild,26,jump up,276,1.0,0.8369565217391305,0.1630434782608695
stgcnpp,mixed_mild,27,make a phone call/answer phone,275,0.9090909090909091,0.41818181818181815,0.4909090909090909
stgcnpp,mixed_mild,28,playing with phone/tablet,275,0.7381818181818182,0.28363636363636363,0.45454545454545453
stgcnpp,mixed_mild,29,typing on a keyboard,275,0.6981818181818182,0.6436363636363637,0.054545454545454564
stgcnpp,mixed_mild,30,pointing to something with finger,276,0.7753623188405797,0.45652173913043476,0.31884057971014496
stgcnpp,mixed_mild,31,taking a selfie,276,0.8840579710144928,0.5652173913043478,0.318840579710145
stgcnpp,mixed_mild,32,check time (from watch),276,0.9057971014492754,0.44565217391304346,0.46014492753623193
stgcnpp,mixed_mild,33,rub two hands together,276,0.8913043478260869,0.36594202898550726,0.5253623188405796
stgcnpp,mixed_mild,34,nod head/bow,276,0.9782608695652174,0.782608695652174,0.19565217391304346
stgcnpp,mixed_mild,35,shake head,275,0.9309090909090909,0.4909090909090909,0.44
stgcnpp,mixed_mild,36,wipe face,276,0.855072463768116,0.2753623188405797,0.5797101449275363
stgcnpp,mixed_mild,37,salute,276,0.9094202898550725,0.5942028985507246,0.3152173913043479
stgcnpp,mixed_mild,38,put the palms together,276,0.9311594202898551,0.5942028985507246,0.3369565217391305
stgcnpp,mixed_mild,39,cross hands in front (say stop),276,0.9239130434782609,0.5905797101449275,0.33333333333333337
stgcnpp,mixed_mild,40,sneeze/cough,276,0.7463768115942029,0.39855072463768115,0.34782608695652173
stgcnpp,mixed_mild,41,staggering,276,0.9927536231884058,0.4528985507246377,0.5398550724637681
stgcnpp,mixed_mild,42,falling,275,0.9963636363636363,0.8618181818181818,0.13454545454545452
stgcnpp,mixed_mild,43,touch head (headache),276,0.855072463768116,0.3007246376811594,0.5543478260869565
stgcnpp,mixed_mild,44,touch chest (stomachache/heart pain),276,0.9492753623188406,0.6811594202898551,0.2681159420289855
stgcnpp,mixed_mild,45,touch back (backache),276,0.9202898550724637,0.3115942028985507,0.6086956521739131
stgcnpp,mixed_mild,46,touch neck (neckache),276,0.8478260869565217,0.32608695652173914,0.5217391304347826
stgcnpp,mixed_mild,47,nausea or vomiting condition,275,0.8545454545454545,0.6545454545454545,0.19999999999999996
stgcnpp,mixed_mild,48,use a fan (with hand or paper)/feeling warm,275,0.9236363636363636,0.7854545454545454,0.13818181818181818
stgcnpp,mixed_mild,49,punching/slapping other person,274,0.8868613138686131,0.4416058394160584,0.4452554744525547
stgcnpp,mixed_mild,50,kicking other person,276,0.9347826086956522,0.37681159420289856,0.5579710144927537
stgcnpp,mixed_mild,51,pushing other person,276,0.9601449275362319,0.3804347826086957,0.5797101449275363
stgcnpp,mixed_mild,52,pat on back of other person,276,0.9384057971014492,0.6159420289855072,0.322463768115942
stgcnpp,mixed_mild,53,point finger at the other person,276,0.8876811594202898,0.18840579710144928,0.6992753623188406
stgcnpp,mixed_mild,54,hugging other person,274,0.9817518248175182,0.8868613138686131,0.0948905109489051
stgcnpp,mixed_mild,55,giving something to other person,276,0.9311594202898551,0.38768115942028986,0.5434782608695652
stgcnpp,mixed_mild,56,touch other person's pocket,275,0.9272727272727272,0.4909090909090909,0.43636363636363634
stgcnpp,mixed_mild,57,handshaking,276,0.9565217391304348,0.39492753623188404,0.5615942028985508
stgcnpp,mixed_mild,58,walking towards each other,273,0.9963369963369964,0.43223443223443225,0.5641025641025641
stgcnpp,mixed_mild,59,walking apart from each other,276,0.9637681159420289,0.75,0.21376811594202894
stgcnpp,mixed_moderate,0,drink water,274,0.864963503649635,0.17153284671532848,0.6934306569343065
stgcnpp,mixed_moderate,1,eat meal/snack,275,0.7272727272727273,0.12,0.6072727272727273
stgcnpp,mixed_moderate,2,brushing teeth,273,0.8534798534798534,0.10256410256410256,0.7509157509157509
stgcnpp,mixed_moderate,3,brushing hair,273,0.9194139194139194,0.36996336996337,0.5494505494505494
stgcnpp,mixed_moderate,4,drop,275,0.88,0.1890909090909091,0.6909090909090909
stgcnpp,mixed_moderate,5,pickup,275,0.9672727272727273,0.3054545454545455,0.6618181818181819
stgcnpp,mixed_moderate,6,throw,275,0.9127272727272727,0.2509090909090909,0.6618181818181819
stgcnpp,mixed_moderate,7,sitting down,273,0.9633699633699634,0.27472527472527475,0.6886446886446886
stgcnpp,mixed_moderate,8,standing up (from sitting position),273,0.9926739926739927,0.2271062271062271,0.7655677655677656
stgcnpp,mixed_moderate,9,clapping,273,0.7692307692307693,0.1794871794871795,0.5897435897435898
stgcnpp,mixed_moderate,10,reading,273,0.5860805860805861,0.10622710622710622,0.47985347985347987
stgcnpp,mixed_moderate,11,writing,272,0.5772058823529411,0.14338235294117646,0.43382352941176466
stgcnpp,mixed_moderate,12,tear up paper,271,0.8966789667896679,0.16236162361623616,0.7343173431734317
stgcnpp,mixed_moderate,13,wear jacket,275,0.9818181818181818,0.46545454545454545,0.5163636363636364
stgcnpp,mixed_moderate,14,take off jacket,276,0.967391304347826,0.2536231884057971,0.7137681159420289
stgcnpp,mixed_moderate,15,wear a shoe,273,0.7435897435897436,0.17216117216117216,0.5714285714285714
stgcnpp,mixed_moderate,16,take off a shoe,274,0.7591240875912408,0.16423357664233576,0.5948905109489051
stgcnpp,mixed_moderate,17,wear on glasses,273,0.9120879120879121,0.1575091575091575,0.7545787545787546
stgcnpp,mixed_moderate,18,take off glasses,274,0.9525547445255474,0.17153284671532848,0.781021897810219
stgcnpp,mixed_moderate,19,put on a hat/cap,272,0.9632352941176471,0.22794117647058823,0.7352941176470589
stgcnpp,mixed_moderate,20,take off a hat/cap,273,0.9743589743589743,0.3626373626373626,0.6117216117216118
stgcnpp,mixed_moderate,21,cheer up,274,0.9562043795620438,0.35036496350364965,0.6058394160583942
stgcnpp,mixed_moderate,22,hand waving,274,0.916058394160584,0.4051094890510949,0.5109489051094891
stgcnpp,mixed_moderate,23,kicking something,276,0.9239130434782609,0.2210144927536232,0.7028985507246377
stgcnpp,mixed_moderate,24,reach into pocket,274,0.8175182481751825,0.13138686131386862,0.6861313868613139
stgcnpp,mixed_moderate,25,hopping (one foot jumping),275,0.9890909090909091,0.36363636363636365,0.6254545454545455
stgcnpp,mixed_moderate,26,jump up,276,1.0,0.32971014492753625,0.6702898550724637
stgcnpp,mixed_moderate,27,make a phone call/answer phone,275,0.9090909090909091,0.11272727272727273,0.7963636363636364
stgcnpp,mixed_moderate,28,playing with phone/tablet,275,0.7381818181818182,0.19272727272727272,0.5454545454545454
stgcnpp,mixed_moderate,29,typing on a keyboard,275,0.6981818181818182,0.46545454545454545,0.23272727272727278
stgcnpp,mixed_moderate,30,pointing to something with finger,276,0.7753623188405797,0.14492753623188406,0.6304347826086957
stgcnpp,mixed_moderate,31,taking a selfie,276,0.8840579710144928,0.26811594202898553,0.6159420289855073
stgcnpp,mixed_moderate,32,check time (from watch),276,0.9057971014492754,0.17753623188405798,0.7282608695652174
stgcnpp,mixed_moderate,33,rub two hands together,276,0.8913043478260869,0.10507246376811594,0.786231884057971
stgcnpp,mixed_moderate,34,nod head/bow,276,0.9782608695652174,0.4528985507246377,0.5253623188405797
stgcnpp,mixed_moderate,35,shake head,275,0.9309090909090909,0.49454545454545457,0.43636363636363634
stgcnpp,mixed_moderate,36,wipe face,276,0.855072463768116,0.14492753623188406,0.7101449275362319
stgcnpp,mixed_moderate,37,salute,276,0.9094202898550725,0.19202898550724637,0.7173913043478262
stgcnpp,mixed_moderate,38,put the palms together,276,0.9311594202898551,0.2246376811594203,0.7065217391304348
stgcnpp,mixed_moderate,39,cross hands in front (say stop),276,0.9239130434782609,0.17391304347826086,0.75
stgcnpp,mixed_moderate,40,sneeze/cough,276,0.7463768115942029,0.09057971014492754,0.6557971014492754
stgcnpp,mixed_moderate,41,staggering,276,0.9927536231884058,0.17391304347826086,0.8188405797101449
stgcnpp,mixed_moderate,42,falling,275,0.9963636363636363,0.36363636363636365,0.6327272727272727
stgcnpp,mixed_moderate,43,touch head (headache),276,0.855072463768116,0.12318840579710146,0.7318840579710145
stgcnpp,mixed_moderate,44,touch chest (stomachache/heart pain),276,0.9492753623188406,0.322463768115942,0.6268115942028986
stgcnpp,mixed_moderate,45,touch back (backache),276,0.9202898550724637,0.10869565217391304,0.8115942028985507
stgcnpp,mixed_moderate,46,touch neck (neckache),276,0.8478260869565217,0.12681159420289856,0.7210144927536232
stgcnpp,mixed_moderate,47,nausea or vomiting condition,275,0.8545454545454545,0.23272727272727273,0.6218181818181818
stgcnpp,mixed_moderate,48,use a fan (with hand or paper)/feeling warm,275,0.9236363636363636,0.3527272727272727,0.5709090909090908
stgcnpp,mixed_moderate,49,punching/slapping other person,274,0.8868613138686131,0.13503649635036497,0.7518248175182481
stgcnpp,mixed_moderate,50,kicking other person,276,0.9347826086956522,0.14855072463768115,0.7862318840579711
stgcnpp,mixed_moderate,51,pushing other person,276,0.9601449275362319,0.11231884057971014,0.8478260869565217
stgcnpp,mixed_moderate,52,pat on back of other person,276,0.9384057971014492,0.3333333333333333,0.605072463768116
stgcnpp,mixed_moderate,53,point finger at the other person,276,0.8876811594202898,0.10144927536231885,0.786231884057971
stgcnpp,mixed_moderate,54,hugging other person,274,0.9817518248175182,0.5072992700729927,0.4744525547445255
stgcnpp,mixed_moderate,55,giving something to other person,276,0.9311594202898551,0.14130434782608695,0.7898550724637682
stgcnpp,mixed_moderate,56,touch other person's pocket,275,0.9272727272727272,0.3090909090909091,0.6181818181818182
stgcnpp,mixed_moderate,57,handshaking,276,0.9565217391304348,0.16666666666666666,0.7898550724637682
stgcnpp,mixed_moderate,58,walking towards each other,273,0.9963369963369964,0.21978021978021978,0.7765567765567766
stgcnpp,mixed_moderate,59,walking apart from each other,276,0.9637681159420289,0.2246376811594203,0.7391304347826086
stgcnpp,mixed_severe,0,drink water,274,0.864963503649635,0.13138686131386862,0.7335766423357664
stgcnpp,mixed_severe,1,eat meal/snack,275,0.7272727272727273,0.09454545454545454,0.6327272727272728
stgcnpp,mixed_severe,2,brushing teeth,273,0.8534798534798534,0.06227106227106227,0.7912087912087912
stgcnpp,mixed_severe,3,brushing hair,273,0.9194139194139194,0.2857142857142857,0.6336996336996337
stgcnpp,mixed_severe,4,drop,275,0.88,0.08727272727272728,0.7927272727272727
stgcnpp,mixed_severe,5,pickup,275,0.9672727272727273,0.12,0.8472727272727273
stgcnpp,mixed_severe,6,throw,275,0.9127272727272727,0.13454545454545455,0.7781818181818182
stgcnpp,mixed_severe,7,sitting down,273,0.9633699633699634,0.11355311355311355,0.8498168498168498
stgcnpp,mixed_severe,8,standing up (from sitting position),273,0.9926739926739927,0.10989010989010989,0.8827838827838828
stgcnpp,mixed_severe,9,clapping,273,0.7692307692307693,0.05860805860805861,0.7106227106227107
stgcnpp,mixed_severe,10,reading,273,0.5860805860805861,0.08791208791208792,0.4981684981684982
stgcnpp,mixed_severe,11,writing,272,0.5772058823529411,0.125,0.4522058823529411
stgcnpp,mixed_severe,12,tear up paper,271,0.8966789667896679,0.11070110701107011,0.7859778597785978
stgcnpp,mixed_severe,13,wear jacket,275,0.9818181818181818,0.13818181818181818,0.8436363636363636
stgcnpp,mixed_severe,14,take off jacket,276,0.967391304347826,0.10869565217391304,0.858695652173913
stgcnpp,mixed_severe,15,wear a shoe,273,0.7435897435897436,0.14285714285714285,0.6007326007326008
stgcnpp,mixed_severe,16,take off a shoe,274,0.7591240875912408,0.09854014598540146,0.6605839416058393
stgcnpp,mixed_severe,17,wear on glasses,273,0.9120879120879121,0.07326007326007326,0.8388278388278388
stgcnpp,mixed_severe,18,take off glasses,274,0.9525547445255474,0.072992700729927,0.8795620437956204
stgcnpp,mixed_severe,19,put on a hat/cap,272,0.9632352941176471,0.16176470588235295,0.8014705882352942
stgcnpp,mixed_severe,20,take off a hat/cap,273,0.9743589743589743,0.1391941391941392,0.8351648351648351
stgcnpp,mixed_severe,21,cheer up,274,0.9562043795620438,0.18613138686131386,0.7700729927007299
stgcnpp,mixed_severe,22,hand waving,274,0.916058394160584,0.1897810218978102,0.7262773722627738
stgcnpp,mixed_severe,23,kicking something,276,0.9239130434782609,0.10144927536231885,0.822463768115942
stgcnpp,mixed_severe,24,reach into pocket,274,0.8175182481751825,0.10218978102189781,0.7153284671532847
stgcnpp,mixed_severe,25,hopping (one foot jumping),275,0.9890909090909091,0.1890909090909091,0.8
stgcnpp,mixed_severe,26,jump up,276,1.0,0.17391304347826086,0.8260869565217391
stgcnpp,mixed_severe,27,make a phone call/answer phone,275,0.9090909090909091,0.05818181818181818,0.8509090909090908
stgcnpp,mixed_severe,28,playing with phone/tablet,275,0.7381818181818182,0.21454545454545454,0.5236363636363637
stgcnpp,mixed_severe,29,typing on a keyboard,275,0.6981818181818182,0.37454545454545457,0.32363636363636367
stgcnpp,mixed_severe,30,pointing to something with finger,276,0.7753623188405797,0.07971014492753623,0.6956521739130435
stgcnpp,mixed_severe,31,taking a selfie,276,0.8840579710144928,0.16666666666666666,0.7173913043478262
stgcnpp,mixed_severe,32,check time (from watch),276,0.9057971014492754,0.14855072463768115,0.7572463768115942
stgcnpp,mixed_severe,33,rub two hands together,276,0.8913043478260869,0.06521739130434782,0.8260869565217391
stgcnpp,mixed_severe,34,nod head/bow,276,0.9782608695652174,0.19202898550724637,0.7862318840579711
stgcnpp,mixed_severe,35,shake head,275,0.9309090909090909,0.20363636363636364,0.7272727272727273
stgcnpp,mixed_severe,36,wipe face,276,0.855072463768116,0.13405797101449277,0.7210144927536232
stgcnpp,mixed_severe,37,salute,276,0.9094202898550725,0.10507246376811594,0.8043478260869565
stgcnpp,mixed_severe,38,put the palms together,276,0.9311594202898551,0.09782608695652174,0.8333333333333334
stgcnpp,mixed_severe,39,cross hands in front (say stop),276,0.9239130434782609,0.06884057971014493,0.855072463768116
stgcnpp,mixed_severe,40,sneeze/cough,276,0.7463768115942029,0.03985507246376811,0.7065217391304348
stgcnpp,mixed_severe,41,staggering,276,0.9927536231884058,0.07608695652173914,0.9166666666666666
stgcnpp,mixed_severe,42,falling,275,0.9963636363636363,0.13818181818181818,0.8581818181818182
stgcnpp,mixed_severe,43,touch head (headache),276,0.855072463768116,0.10507246376811594,0.75
stgcnpp,mixed_severe,44,touch chest (stomachache/heart pain),276,0.9492753623188406,0.18840579710144928,0.7608695652173914
stgcnpp,mixed_severe,45,touch back (backache),276,0.9202898550724637,0.08333333333333333,0.8369565217391304
stgcnpp,mixed_severe,46,touch neck (neckache),276,0.8478260869565217,0.057971014492753624,0.7898550724637681
stgcnpp,mixed_severe,47,nausea or vomiting condition,275,0.8545454545454545,0.08727272727272728,0.7672727272727272
stgcnpp,mixed_severe,48,use a fan (with hand or paper)/feeling warm,275,0.9236363636363636,0.14909090909090908,0.7745454545454545
stgcnpp,mixed_severe,49,punching/slapping other person,274,0.8868613138686131,0.05474452554744526,0.8321167883211679
stgcnpp,mixed_severe,50,kicking other person,276,0.9347826086956522,0.09057971014492754,0.8442028985507247
stgcnpp,mixed_severe,51,pushing other person,276,0.9601449275362319,0.07246376811594203,0.8876811594202899
stgcnpp,mixed_severe,52,pat on back of other person,276,0.9384057971014492,0.10507246376811594,0.8333333333333333
stgcnpp,mixed_severe,53,point finger at the other person,276,0.8876811594202898,0.036231884057971016,0.8514492753623187
stgcnpp,mixed_severe,54,hugging other person,274,0.9817518248175182,0.31386861313868614,0.667883211678832
stgcnpp,mixed_severe,55,giving something to other person,276,0.9311594202898551,0.09420289855072464,0.8369565217391305
stgcnpp,mixed_severe,56,touch other person's pocket,275,0.9272727272727272,0.2109090909090909,0.7163636363636363
stgcnpp,mixed_severe,57,handshaking,276,0.9565217391304348,0.07971014492753623,0.8768115942028986
stgcnpp,mixed_severe,58,walking towards each other,273,0.9963369963369964,0.17216117216117216,0.8241758241758241
stgcnpp,mixed_severe,59,walking apart from each other,276,0.9637681159420289,0.10144927536231885,0.8623188405797101
ctrgcn,clean,0,drink water,274,0.8321167883211679,0.8321167883211679,0.0
ctrgcn,clean,1,eat meal/snack,275,0.7236363636363636,0.7236363636363636,0.0
ctrgcn,clean,2,brushing teeth,273,0.8571428571428571,0.8571428571428571,0.0
ctrgcn,clean,3,brushing hair,273,0.9120879120879121,0.9120879120879121,0.0
ctrgcn,clean,4,drop,275,0.8872727272727273,0.8872727272727273,0.0
ctrgcn,clean,5,pickup,275,0.9636363636363636,0.9636363636363636,0.0
ctrgcn,clean,6,throw,275,0.9381818181818182,0.9381818181818182,0.0
ctrgcn,clean,7,sitting down,273,0.9597069597069597,0.9597069597069597,0.0
ctrgcn,clean,8,standing up (from sitting position),273,0.978021978021978,0.978021978021978,0.0
ctrgcn,clean,9,clapping,273,0.8424908424908425,0.8424908424908425,0.0
ctrgcn,clean,10,reading,273,0.5970695970695971,0.5970695970695971,0.0
ctrgcn,clean,11,writing,272,0.6176470588235294,0.6176470588235294,0.0
ctrgcn,clean,12,tear up paper,271,0.922509225092251,0.922509225092251,0.0
ctrgcn,clean,13,wear jacket,275,0.9854545454545455,0.9854545454545455,0.0
ctrgcn,clean,14,take off jacket,276,0.9855072463768116,0.9855072463768116,0.0
ctrgcn,clean,15,wear a shoe,273,0.9010989010989011,0.9010989010989011,0.0
ctrgcn,clean,16,take off a shoe,274,0.8065693430656934,0.8065693430656934,0.0
ctrgcn,clean,17,wear on glasses,273,0.9084249084249084,0.9084249084249084,0.0
ctrgcn,clean,18,take off glasses,274,0.9416058394160584,0.9416058394160584,0.0
ctrgcn,clean,19,put on a hat/cap,272,0.9595588235294118,0.9595588235294118,0.0
ctrgcn,clean,20,take off a hat/cap,273,0.967032967032967,0.967032967032967,0.0
ctrgcn,clean,21,cheer up,274,0.9343065693430657,0.9343065693430657,0.0
ctrgcn,clean,22,hand waving,274,0.9197080291970803,0.9197080291970803,0.0
ctrgcn,clean,23,kicking something,276,0.9637681159420289,0.9637681159420289,0.0
ctrgcn,clean,24,reach into pocket,274,0.8686131386861314,0.8686131386861314,0.0
ctrgcn,clean,25,hopping (one foot jumping),275,0.9854545454545455,0.9854545454545455,0.0
ctrgcn,clean,26,jump up,276,1.0,1.0,0.0
ctrgcn,clean,27,make a phone call/answer phone,275,0.9054545454545454,0.9054545454545454,0.0
ctrgcn,clean,28,playing with phone/tablet,275,0.6909090909090909,0.6909090909090909,0.0
ctrgcn,clean,29,typing on a keyboard,275,0.7563636363636363,0.7563636363636363,0.0
ctrgcn,clean,30,pointing to something with finger,276,0.8297101449275363,0.8297101449275363,0.0
ctrgcn,clean,31,taking a selfie,276,0.8804347826086957,0.8804347826086957,0.0
ctrgcn,clean,32,check time (from watch),276,0.9057971014492754,0.9057971014492754,0.0
ctrgcn,clean,33,rub two hands together,276,0.9202898550724637,0.9202898550724637,0.0
ctrgcn,clean,34,nod head/bow,276,0.9746376811594203,0.9746376811594203,0.0
ctrgcn,clean,35,shake head,275,0.96,0.96,0.0
ctrgcn,clean,36,wipe face,276,0.8369565217391305,0.8369565217391305,0.0
ctrgcn,clean,37,salute,276,0.927536231884058,0.927536231884058,0.0
ctrgcn,clean,38,put the palms together,276,0.9130434782608695,0.9130434782608695,0.0
ctrgcn,clean,39,cross hands in front (say stop),276,0.9528985507246377,0.9528985507246377,0.0
ctrgcn,clean,40,sneeze/cough,276,0.7753623188405797,0.7753623188405797,0.0
ctrgcn,clean,41,staggering,276,0.9963768115942029,0.9963768115942029,0.0
ctrgcn,clean,42,falling,275,0.9927272727272727,0.9927272727272727,0.0
ctrgcn,clean,43,touch head (headache),276,0.8405797101449275,0.8405797101449275,0.0
ctrgcn,clean,44,touch chest (stomachache/heart pain),276,0.9347826086956522,0.9347826086956522,0.0
ctrgcn,clean,45,touch back (backache),276,0.9492753623188406,0.9492753623188406,0.0
ctrgcn,clean,46,touch neck (neckache),276,0.8985507246376812,0.8985507246376812,0.0
ctrgcn,clean,47,nausea or vomiting condition,275,0.8618181818181818,0.8618181818181818,0.0
ctrgcn,clean,48,use a fan (with hand or paper)/feeling warm,275,0.9345454545454546,0.9345454545454546,0.0
ctrgcn,clean,49,punching/slapping other person,274,0.9306569343065694,0.9306569343065694,0.0
ctrgcn,clean,50,kicking other person,276,0.9528985507246377,0.9528985507246377,0.0
ctrgcn,clean,51,pushing other person,276,0.9565217391304348,0.9565217391304348,0.0
ctrgcn,clean,52,pat on back of other person,276,0.9130434782608695,0.9130434782608695,0.0
ctrgcn,clean,53,point finger at the other person,276,0.9094202898550725,0.9094202898550725,0.0
ctrgcn,clean,54,hugging other person,274,0.9817518248175182,0.9817518248175182,0.0
ctrgcn,clean,55,giving something to other person,276,0.9239130434782609,0.9239130434782609,0.0
ctrgcn,clean,56,touch other person's pocket,275,0.9054545454545454,0.9054545454545454,0.0
ctrgcn,clean,57,handshaking,276,0.9710144927536232,0.9710144927536232,0.0
ctrgcn,clean,58,walking towards each other,273,1.0,1.0,0.0
ctrgcn,clean,59,walking apart from each other,276,0.9637681159420289,0.9637681159420289,0.0
ctrgcn,coord_noise_mild,0,drink water,274,0.8321167883211679,0.5547445255474452,0.2773722627737226
ctrgcn,coord_noise_mild,1,eat meal/snack,275,0.7236363636363636,0.4218181818181818,0.3018181818181818
ctrgcn,coord_noise_mild,2,brushing teeth,273,0.8571428571428571,0.7509157509157509,0.10622710622710618
ctrgcn,coord_noise_mild,3,brushing hair,273,0.9120879120879121,0.7032967032967034,0.20879120879120872
ctrgcn,coord_noise_mild,4,drop,275,0.8872727272727273,0.7381818181818182,0.14909090909090916
ctrgcn,coord_noise_mild,5,pickup,275,0.9636363636363636,0.8654545454545455,0.09818181818181815
ctrgcn,coord_noise_mild,6,throw,275,0.9381818181818182,0.8727272727272727,0.06545454545454554
ctrgcn,coord_noise_mild,7,sitting down,273,0.9597069597069597,0.8864468864468864,0.07326007326007333
ctrgcn,coord_noise_mild,8,standing up (from sitting position),273,0.978021978021978,0.9340659340659341,0.04395604395604391
ctrgcn,coord_noise_mild,9,clapping,273,0.8424908424908425,0.706959706959707,0.1355311355311355
ctrgcn,coord_noise_mild,10,reading,273,0.5970695970695971,0.21611721611721613,0.38095238095238093
ctrgcn,coord_noise_mild,11,writing,272,0.6176470588235294,0.5735294117647058,0.044117647058823595
ctrgcn,coord_noise_mild,12,tear up paper,271,0.922509225092251,0.6974169741697417,0.22509225092250928
ctrgcn,coord_noise_mild,13,wear jacket,275,0.9854545454545455,0.96,0.025454545454545507
ctrgcn,coord_noise_mild,14,take off jacket,276,0.9855072463768116,0.9492753623188406,0.036231884057971064
ctrgcn,coord_noise_mild,15,wear a shoe,273,0.9010989010989011,0.8388278388278388,0.06227106227106227
ctrgcn,coord_noise_mild,16,take off a shoe,274,0.8065693430656934,0.656934306569343,0.14963503649635035
ctrgcn,coord_noise_mild,17,wear on glasses,273,0.9084249084249084,0.8534798534798534,0.05494505494505497
ctrgcn,coord_noise_mild,18,take off glasses,274,0.9416058394160584,0.9087591240875912,0.03284671532846717
ctrgcn,coord_noise_mild,19,put on a hat/cap,272,0.9595588235294118,0.7610294117647058,0.19852941176470595
ctrgcn,coord_noise_mild,20,take off a hat/cap,273,0.967032967032967,0.6996336996336996,0.26739926739926745
ctrgcn,coord_noise_mild,21,cheer up,274,0.9343065693430657,0.8978102189781022,0.03649635036496346
ctrgcn,coord_noise_mild,22,hand waving,274,0.9197080291970803,0.9197080291970803,0.0
ctrgcn,coord_noise_mild,23,kicking something,276,0.9637681159420289,0.9057971014492754,0.05797101449275355
ctrgcn,coord_noise_mild,24,reach into pocket,274,0.8686131386861314,0.5109489051094891,0.35766423357664234
ctrgcn,coord_noise_mild,25,hopping (one foot jumping),275,0.9854545454545455,0.9454545454545454,0.040000000000000036
ctrgcn,coord_noise_mild,26,jump up,276,1.0,0.9891304347826086,0.010869565217391353
ctrgcn,coord_noise_mild,27,make a phone call/answer phone,275,0.9054545454545454,0.5309090909090909,0.3745454545454545
ctrgcn,coord_noise_mild,28,playing with phone/tablet,275,0.6909090909090909,0.36363636363636365,0.32727272727272727
ctrgcn,coord_noise_mild,29,typing on a keyboard,275,0.7563636363636363,0.5672727272727273,0.1890909090909091
ctrgcn,coord_noise_mild,30,pointing to something with finger,276,0.8297101449275363,0.8043478260869565,0.025362318840579712
ctrgcn,coord_noise_mild,31,taking a selfie,276,0.8804347826086957,0.8043478260869565,0.07608695652173914
ctrgcn,coord_noise_mild,32,check time (from watch),276,0.9057971014492754,0.6739130434782609,0.23188405797101452
ctrgcn,coord_noise_mild,33,rub two hands together,276,0.9202898550724637,0.6195652173913043,0.3007246376811594
ctrgcn,coord_noise_mild,34,nod head/bow,276,0.9746376811594203,0.9202898550724637,0.05434782608695654
ctrgcn,coord_noise_mild,35,shake head,275,0.96,0.12,0.84
ctrgcn,coord_noise_mild,36,wipe face,276,0.8369565217391305,0.13768115942028986,0.6992753623188406
ctrgcn,coord_noise_mild,37,salute,276,0.927536231884058,0.9166666666666666,0.010869565217391353
ctrgcn,coord_noise_mild,38,put the palms together,276,0.9130434782608695,0.532608695652174,0.38043478260869557
ctrgcn,coord_noise_mild,39,cross hands in front (say stop),276,0.9528985507246377,0.8659420289855072,0.08695652173913049
ctrgcn,coord_noise_mild,40,sneeze/cough,276,0.7753623188405797,0.4384057971014493,0.33695652173913043
ctrgcn,coord_noise_mild,41,staggering,276,0.9963768115942029,0.9710144927536232,0.025362318840579712
ctrgcn,coord_noise_mild,42,falling,275,0.9927272727272727,0.9745454545454545,0.018181818181818188
ctrgcn,coord_noise_mild,43,touch head (headache),276,0.8405797101449275,0.5652173913043478,0.2753623188405797
ctrgcn,coord_noise_mild,44,touch chest (stomachache/heart pain),276,0.9347826086956522,0.7934782608695652,0.14130434782608703
ctrgcn,coord_noise_mild,45,touch back (backache),276,0.9492753623188406,0.5978260869565217,0.35144927536231885
ctrgcn,coord_noise_mild,46,touch neck (neckache),276,0.8985507246376812,0.391304347826087,0.5072463768115942
ctrgcn,coord_noise_mild,47,nausea or vomiting condition,275,0.8618181818181818,0.8145454545454546,0.047272727272727244
ctrgcn,coord_noise_mild,48,use a fan (with hand or paper)/feeling warm,275,0.9345454545454546,0.8472727272727273,0.08727272727272728
ctrgcn,coord_noise_mild,49,punching/slapping other person,274,0.9306569343065694,0.718978102189781,0.2116788321167884
ctrgcn,coord_noise_mild,50,kicking other person,276,0.9528985507246377,0.7246376811594203,0.2282608695652174
ctrgcn,coord_noise_mild,51,pushing other person,276,0.9565217391304348,0.8840579710144928,0.07246376811594202
ctrgcn,coord_noise_mild,52,pat on back of other person,276,0.9130434782608695,0.8260869565217391,0.08695652173913038
ctrgcn,coord_noise_mild,53,point finger at the other person,276,0.9094202898550725,0.7789855072463768,0.13043478260869568
ctrgcn,coord_noise_mild,54,hugging other person,274,0.9817518248175182,0.8759124087591241,0.10583941605839409
ctrgcn,coord_noise_mild,55,giving something to other person,276,0.9239130434782609,0.7427536231884058,0.1811594202898551
ctrgcn,coord_noise_mild,56,touch other person's pocket,275,0.9054545454545454,0.7272727272727273,0.1781818181818181
ctrgcn,coord_noise_mild,57,handshaking,276,0.9710144927536232,0.7391304347826086,0.23188405797101452
ctrgcn,coord_noise_mild,58,walking towards each other,273,1.0,0.9230769230769231,0.07692307692307687
ctrgcn,coord_noise_mild,59,walking apart from each other,276,0.9637681159420289,0.9528985507246377,0.010869565217391242
ctrgcn,coord_noise_moderate,0,drink water,274,0.8321167883211679,0.05474452554744526,0.7773722627737226
ctrgcn,coord_noise_moderate,1,eat meal/snack,275,0.7236363636363636,0.12,0.6036363636363636
ctrgcn,coord_noise_moderate,2,brushing teeth,273,0.8571428571428571,0.42857142857142855,0.42857142857142855
ctrgcn,coord_noise_moderate,3,brushing hair,273,0.9120879120879121,0.2087912087912088,0.7032967032967032
ctrgcn,coord_noise_moderate,4,drop,275,0.8872727272727273,0.5709090909090909,0.3163636363636364
ctrgcn,coord_noise_moderate,5,pickup,275,0.9636363636363636,0.5345454545454545,0.4290909090909091
ctrgcn,coord_noise_moderate,6,throw,275,0.9381818181818182,0.6181818181818182,0.32000000000000006
ctrgcn,coord_noise_moderate,7,sitting down,273,0.9597069597069597,0.4945054945054945,0.4652014652014652
ctrgcn,coord_noise_moderate,8,standing up (from sitting position),273,0.978021978021978,0.7289377289377289,0.2490842490842491
ctrgcn,coord_noise_moderate,9,clapping,273,0.8424908424908425,0.5201465201465202,0.3223443223443223
ctrgcn,coord_noise_moderate,10,reading,273,0.5970695970695971,0.03663003663003663,0.5604395604395604
ctrgcn,coord_noise_moderate,11,writing,272,0.6176470588235294,0.35661764705882354,0.2610294117647059
ctrgcn,coord_noise_moderate,12,tear up paper,271,0.922509225092251,0.36162361623616235,0.5608856088560886
ctrgcn,coord_noise_moderate,13,wear jacket,275,0.9854545454545455,0.8690909090909091,0.11636363636363634
ctrgcn,coord_noise_moderate,14,take off jacket,276,0.9855072463768116,0.605072463768116,0.3804347826086957
ctrgcn,coord_noise_moderate,15,wear a shoe,273,0.9010989010989011,0.38461538461538464,0.5164835164835164
ctrgcn,coord_noise_moderate,16,take off a shoe,274,0.8065693430656934,0.2956204379562044,0.510948905109489
ctrgcn,coord_noise_moderate,17,wear on glasses,273,0.9084249084249084,0.45054945054945056,0.45787545787545786
ctrgcn,coord_noise_moderate,18,take off glasses,274,0.9416058394160584,0.5656934306569343,0.375912408759124
ctrgcn,coord_noise_moderate,19,put on a hat/cap,272,0.9595588235294118,0.41544117647058826,0.5441176470588236
ctrgcn,coord_noise_moderate,20,take off a hat/cap,273,0.967032967032967,0.34798534798534797,0.6190476190476191
ctrgcn,coord_noise_moderate,21,cheer up,274,0.9343065693430657,0.7299270072992701,0.2043795620437956
ctrgcn,coord_noise_moderate,22,hand waving,274,0.9197080291970803,0.8686131386861314,0.05109489051094884
ctrgcn,coord_noise_moderate,23,kicking something,276,0.9637681159420289,0.7862318840579711,0.17753623188405787
ctrgcn,coord_noise_moderate,24,reach into pocket,274,0.8686131386861314,0.040145985401459854,0.8284671532846716
ctrgcn,coord_noise_moderate,25,hopping (one foot jumping),275,0.9854545454545455,0.5927272727272728,0.3927272727272727
ctrgcn,coord_noise_moderate,26,jump up,276,1.0,0.8514492753623188,0.14855072463768115
ctrgcn,coord_noise_moderate,27,make a phone call/answer phone,275,0.9054545454545454,0.08727272727272728,0.8181818181818181
ctrgcn,coord_noise_moderate,28,playing with phone/tablet,275,0.6909090909090909,0.02909090909090909,0.6618181818181819
ctrgcn,coord_noise_moderate,29,typing on a keyboard,275,0.7563636363636363,0.3527272727272727,0.4036363636363636
ctrgcn,coord_noise_moderate,30,pointing to something with finger,276,0.8297101449275363,0.4891304347826087,0.34057971014492755
ctrgcn,coord_noise_moderate,31,taking a selfie,276,0.8804347826086957,0.5471014492753623,0.33333333333333337
ctrgcn,coord_noise_moderate,32,check time (from watch),276,0.9057971014492754,0.5144927536231884,0.39130434782608703
ctrgcn,coord_noise_moderate,33,rub two hands together,276,0.9202898550724637,0.5036231884057971,0.41666666666666663
ctrgcn,coord_noise_moderate,34,nod head/bow,276,0.9746376811594203,0.8043478260869565,0.17028985507246375
ctrgcn,coord_noise_moderate,35,shake head,275,0.96,0.15636363636363637,0.8036363636363636
ctrgcn,coord_noise_moderate,36,wipe face,276,0.8369565217391305,0.021739130434782608,0.8152173913043479
ctrgcn,coord_noise_moderate,37,salute,276,0.927536231884058,0.7934782608695652,0.1340579710144928
ctrgcn,coord_noise_moderate,38,put the palms together,276,0.9130434782608695,0.11231884057971014,0.8007246376811594
ctrgcn,coord_noise_moderate,39,cross hands in front (say stop),276,0.9528985507246377,0.48188405797101447,0.4710144927536232
ctrgcn,coord_noise_moderate,40,sneeze/cough,276,0.7753623188405797,0.16304347826086957,0.6123188405797102
ctrgcn,coord_noise_moderate,41,staggering,276,0.9963768115942029,0.717391304347826,0.27898550724637683
ctrgcn,coord_noise_moderate,42,falling,275,0.9927272727272727,0.8727272727272727,0.12
ctrgcn,coord_noise_moderate,43,touch head (headache),276,0.8405797101449275,0.16304347826086957,0.6775362318840579
ctrgcn,coord_noise_moderate,44,touch chest (stomachache/heart pain),276,0.9347826086956522,0.40217391304347827,0.532608695652174
ctrgcn,coord_noise_moderate,45,touch back (backache),276,0.9492753623188406,0.38405797101449274,0.5652173913043479
ctrgcn,coord_noise_moderate,46,touch neck (neckache),276,0.8985507246376812,0.14492753623188406,0.7536231884057971
ctrgcn,coord_noise_moderate,47,nausea or vomiting condition,275,0.8618181818181818,0.6363636363636364,0.22545454545454546
ctrgcn,coord_noise_moderate,48,use a fan (with hand or paper)/feeling warm,275,0.9345454545454546,0.7490909090909091,0.18545454545454543
ctrgcn,coord_noise_moderate,49,punching/slapping other person,274,0.9306569343065694,0.19343065693430658,0.7372262773722628
ctrgcn,coord_noise_moderate,50,kicking other person,276,0.9528985507246377,0.18115942028985507,0.7717391304347826
ctrgcn,coord_noise_moderate,51,pushing other person,276,0.9565217391304348,0.1956521739130435,0.7608695652173914
ctrgcn,coord_noise_moderate,52,pat on back of other person,276,0.9130434782608695,0.9202898550724637,-0.007246376811594235
ctrgcn,coord_noise_moderate,53,point finger at the other person,276,0.9094202898550725,0.3115942028985507,0.5978260869565217
ctrgcn,coord_noise_moderate,54,hugging other person,274,0.9817518248175182,0.4124087591240876,0.5693430656934306
ctrgcn,coord_noise_moderate,55,giving something to other person,276,0.9239130434782609,0.050724637681159424,0.8731884057971014
ctrgcn,coord_noise_moderate,56,touch other person's pocket,275,0.9054545454545454,0.07272727272727272,0.8327272727272726
ctrgcn,coord_noise_moderate,57,handshaking,276,0.9710144927536232,0.15217391304347827,0.8188405797101449
ctrgcn,coord_noise_moderate,58,walking towards each other,273,1.0,0.4945054945054945,0.5054945054945055
ctrgcn,coord_noise_moderate,59,walking apart from each other,276,0.9637681159420289,0.25,0.7137681159420289
ctrgcn,coord_noise_severe,0,drink water,274,0.8321167883211679,0.0,0.8321167883211679
ctrgcn,coord_noise_severe,1,eat meal/snack,275,0.7236363636363636,0.0,0.7236363636363636
ctrgcn,coord_noise_severe,2,brushing teeth,273,0.8571428571428571,0.007326007326007326,0.8498168498168498
ctrgcn,coord_noise_severe,3,brushing hair,273,0.9120879120879121,0.0,0.9120879120879121
ctrgcn,coord_noise_severe,4,drop,275,0.8872727272727273,0.03272727272727273,0.8545454545454546
ctrgcn,coord_noise_severe,5,pickup,275,0.9636363636363636,0.007272727272727273,0.9563636363636363
ctrgcn,coord_noise_severe,6,throw,275,0.9381818181818182,0.02909090909090909,0.9090909090909092
ctrgcn,coord_noise_severe,7,sitting down,273,0.9597069597069597,0.06227106227106227,0.8974358974358975
ctrgcn,coord_noise_severe,8,standing up (from sitting position),273,0.978021978021978,0.0,0.978021978021978
ctrgcn,coord_noise_severe,9,clapping,273,0.8424908424908425,0.20146520146520147,0.641025641025641
ctrgcn,coord_noise_severe,10,reading,273,0.5970695970695971,0.0,0.5970695970695971
ctrgcn,coord_noise_severe,11,writing,272,0.6176470588235294,0.3161764705882353,0.30147058823529416
ctrgcn,coord_noise_severe,12,tear up paper,271,0.922509225092251,0.02214022140221402,0.9003690036900369
ctrgcn,coord_noise_severe,13,wear jacket,275,0.9854545454545455,0.15636363636363637,0.8290909090909091
ctrgcn,coord_noise_severe,14,take off jacket,276,0.9855072463768116,0.0,0.9855072463768116
ctrgcn,coord_noise_severe,15,wear a shoe,273,0.9010989010989011,0.014652014652014652,0.8864468864468865
ctrgcn,coord_noise_severe,16,take off a shoe,274,0.8065693430656934,0.06934306569343066,0.7372262773722628
ctrgcn,coord_noise_severe,17,wear on glasses,273,0.9084249084249084,0.003663003663003663,0.9047619047619048
ctrgcn,coord_noise_severe,18,take off glasses,274,0.9416058394160584,0.09854014598540146,0.8430656934306568
ctrgcn,coord_noise_severe,19,put on a hat/cap,272,0.9595588235294118,0.007352941176470588,0.9522058823529412
ctrgcn,coord_noise_severe,20,take off a hat/cap,273,0.967032967032967,0.07326007326007326,0.8937728937728938
ctrgcn,coord_noise_severe,21,cheer up,274,0.9343065693430657,0.145985401459854,0.7883211678832116
ctrgcn,coord_noise_severe,22,hand waving,274,0.9197080291970803,0.791970802919708,0.12773722627737227
ctrgcn,coord_noise_severe,23,kicking something,276,0.9637681159420289,0.21739130434782608,0.7463768115942029
ctrgcn,coord_noise_severe,24,reach into pocket,274,0.8686131386861314,0.0,0.8686131386861314
ctrgcn,coord_noise_severe,25,hopping (one foot jumping),275,0.9854545454545455,0.0,0.9854545454545455
ctrgcn,coord_noise_severe,26,jump up,276,1.0,0.08695652173913043,0.9130434782608696
ctrgcn,coord_noise_severe,27,make a phone call/answer phone,275,0.9054545454545454,0.0,0.9054545454545454
ctrgcn,coord_noise_severe,28,playing with phone/tablet,275,0.6909090909090909,0.007272727272727273,0.6836363636363636
ctrgcn,coord_noise_severe,29,typing on a keyboard,275,0.7563636363636363,0.03636363636363636,0.72
ctrgcn,coord_noise_severe,30,pointing to something with finger,276,0.8297101449275363,0.10144927536231885,0.7282608695652174
ctrgcn,coord_noise_severe,31,taking a selfie,276,0.8804347826086957,0.14855072463768115,0.7318840579710145
ctrgcn,coord_noise_severe,32,check time (from watch),276,0.9057971014492754,0.3007246376811594,0.605072463768116
ctrgcn,coord_noise_severe,33,rub two hands together,276,0.9202898550724637,0.14855072463768115,0.7717391304347826
ctrgcn,coord_noise_severe,34,nod head/bow,276,0.9746376811594203,0.42391304347826086,0.5507246376811594
ctrgcn,coord_noise_severe,35,shake head,275,0.96,0.37454545454545457,0.5854545454545454
ctrgcn,coord_noise_severe,36,wipe face,276,0.8369565217391305,0.025362318840579712,0.8115942028985508
ctrgcn,coord_noise_severe,37,salute,276,0.927536231884058,0.25,0.677536231884058
ctrgcn,coord_noise_severe,38,put the palms together,276,0.9130434782608695,0.010869565217391304,0.9021739130434782
ctrgcn,coord_noise_severe,39,cross hands in front (say stop),276,0.9528985507246377,0.17753623188405798,0.7753623188405797
ctrgcn,coord_noise_severe,40,sneeze/cough,276,0.7753623188405797,0.036231884057971016,0.7391304347826086
ctrgcn,coord_noise_severe,41,staggering,276,0.9963768115942029,0.0,0.9963768115942029
ctrgcn,coord_noise_severe,42,falling,275,0.9927272727272727,0.48727272727272725,0.5054545454545454
ctrgcn,coord_noise_severe,43,touch head (headache),276,0.8405797101449275,0.11231884057971014,0.7282608695652173
ctrgcn,coord_noise_severe,44,touch chest (stomachache/heart pain),276,0.9347826086956522,0.028985507246376812,0.9057971014492754
ctrgcn,coord_noise_severe,45,touch back (backache),276,0.9492753623188406,0.12318840579710146,0.8260869565217391
ctrgcn,coord_noise_severe,46,touch neck (neckache),276,0.8985507246376812,0.014492753623188406,0.8840579710144928
ctrgcn,coord_noise_severe,47,nausea or vomiting condition,275,0.8618181818181818,0.13454545454545455,0.7272727272727273
ctrgcn,coord_noise_severe,48,use a fan (with hand or paper)/feeling warm,275,0.9345454545454546,0.5527272727272727,0.38181818181818183
ctrgcn,coord_noise_severe,49,punching/slapping other person,274,0.9306569343065694,0.0,0.9306569343065694
ctrgcn,coord_noise_severe,50,kicking other person,276,0.9528985507246377,0.0,0.9528985507246377
ctrgcn,coord_noise_severe,51,pushing other person,276,0.9565217391304348,0.0,0.9565217391304348
ctrgcn,coord_noise_severe,52,pat on back of other person,276,0.9130434782608695,0.927536231884058,-0.01449275362318847
ctrgcn,coord_noise_severe,53,point finger at the other person,276,0.9094202898550725,0.028985507246376812,0.8804347826086957
ctrgcn,coord_noise_severe,54,hugging other person,274,0.9817518248175182,0.029197080291970802,0.9525547445255474
ctrgcn,coord_noise_severe,55,giving something to other person,276,0.9239130434782609,0.0,0.9239130434782609
ctrgcn,coord_noise_severe,56,touch other person's pocket,275,0.9054545454545454,0.0,0.9054545454545454
ctrgcn,coord_noise_severe,57,handshaking,276,0.9710144927536232,0.0,0.9710144927536232
ctrgcn,coord_noise_severe,58,walking towards each other,273,1.0,0.2564102564102564,0.7435897435897436
ctrgcn,coord_noise_severe,59,walking apart from each other,276,0.9637681159420289,0.06884057971014493,0.894927536231884
ctrgcn,frame_missing_mild,0,drink water,274,0.8321167883211679,0.7335766423357665,0.0985401459854014
ctrgcn,frame_missing_mild,1,eat meal/snack,275,0.7236363636363636,0.6727272727272727,0.050909090909090904
ctrgcn,frame_missing_mild,2,brushing teeth,273,0.8571428571428571,0.8717948717948718,-0.014652014652014711
ctrgcn,frame_missing_mild,3,brushing hair,273,0.9120879120879121,0.8461538461538461,0.06593406593406592
ctrgcn,frame_missing_mild,4,drop,275,0.8872727272727273,0.8618181818181818,0.025454545454545507
ctrgcn,frame_missing_mild,5,pickup,275,0.9636363636363636,0.9236363636363636,0.040000000000000036
ctrgcn,frame_missing_mild,6,throw,275,0.9381818181818182,0.9272727272727272,0.01090909090909098
ctrgcn,frame_missing_mild,7,sitting down,273,0.9597069597069597,0.9230769230769231,0.03663003663003661
ctrgcn,frame_missing_mild,8,standing up (from sitting position),273,0.978021978021978,0.9743589743589743,0.00366300366300365
ctrgcn,frame_missing_mild,9,clapping,273,0.8424908424908425,0.7289377289377289,0.1135531135531136
ctrgcn,frame_missing_mild,10,reading,273,0.5970695970695971,0.5494505494505495,0.04761904761904756
ctrgcn,frame_missing_mild,11,writing,272,0.6176470588235294,0.2867647058823529,0.3308823529411765
ctrgcn,frame_missing_mild,12,tear up paper,271,0.922509225092251,0.9114391143911439,0.011070110701107083
ctrgcn,frame_missing_mild,13,wear jacket,275,0.9854545454545455,0.9454545454545454,0.040000000000000036
ctrgcn,frame_missing_mild,14,take off jacket,276,0.9855072463768116,0.9710144927536232,0.01449275362318847
ctrgcn,frame_missing_mild,15,wear a shoe,273,0.9010989010989011,0.7216117216117216,0.17948717948717952
ctrgcn,frame_missing_mild,16,take off a shoe,274,0.8065693430656934,0.708029197080292,0.0985401459854014
ctrgcn,frame_missing_mild,17,wear on glasses,273,0.9084249084249084,0.8315018315018315,0.07692307692307687
ctrgcn,frame_missing_mild,18,take off glasses,274,0.9416058394160584,0.8722627737226277,0.06934306569343063
ctrgcn,frame_missing_mild,19,put on a hat/cap,272,0.9595588235294118,0.8897058823529411,0.06985294117647067
ctrgcn,frame_missing_mild,20,take off a hat/cap,273,0.967032967032967,0.9377289377289377,0.02930402930402931
ctrgcn,frame_missing_mild,21,cheer up,274,0.9343065693430657,0.9562043795620438,-0.021897810218978186
ctrgcn,frame_missing_mild,22,hand waving,274,0.9197080291970803,0.9087591240875912,0.010948905109489093
ctrgcn,frame_missing_mild,23,kicking something,276,0.9637681159420289,0.9166666666666666,0.047101449275362306
ctrgcn,frame_missing_mild,24,reach into pocket,274,0.8686131386861314,0.7445255474452555,0.12408759124087598
ctrgcn,frame_missing_mild,25,hopping (one foot jumping),275,0.9854545454545455,0.9709090909090909,0.014545454545454528
ctrgcn,frame_missing_mild,26,jump up,276,1.0,1.0,0.0
ctrgcn,frame_missing_mild,27,make a phone call/answer phone,275,0.9054545454545454,0.7490909090909091,0.15636363636363626
ctrgcn,frame_missing_mild,28,playing with phone/tablet,275,0.6909090909090909,0.5563636363636364,0.13454545454545452
ctrgcn,frame_missing_mild,29,typing on a keyboard,275,0.7563636363636363,0.7018181818181818,0.054545454545454564
ctrgcn,frame_missing_mild,30,pointing to something with finger,276,0.8297101449275363,0.8152173913043478,0.01449275362318847
ctrgcn,frame_missing_mild,31,taking a selfie,276,0.8804347826086957,0.8007246376811594,0.07971014492753625
ctrgcn,frame_missing_mild,32,check time (from watch),276,0.9057971014492754,0.7318840579710145,0.17391304347826086
ctrgcn,frame_missing_mild,33,rub two hands together,276,0.9202898550724637,0.8913043478260869,0.02898550724637683
ctrgcn,frame_missing_mild,34,nod head/bow,276,0.9746376811594203,0.967391304347826,0.007246376811594235
ctrgcn,frame_missing_mild,35,shake head,275,0.96,0.9381818181818182,0.021818181818181737
ctrgcn,frame_missing_mild,36,wipe face,276,0.8369565217391305,0.7898550724637681,0.04710144927536242
ctrgcn,frame_missing_mild,37,salute,276,0.927536231884058,0.9420289855072463,-0.01449275362318836
ctrgcn,frame_missing_mild,38,put the palms together,276,0.9130434782608695,0.927536231884058,-0.01449275362318847
ctrgcn,frame_missing_mild,39,cross hands in front (say stop),276,0.9528985507246377,0.9021739130434783,0.050724637681159424
ctrgcn,frame_missing_mild,40,sneeze/cough,276,0.7753623188405797,0.7210144927536232,0.05434782608695654
ctrgcn,frame_missing_mild,41,staggering,276,0.9963768115942029,0.9492753623188406,0.047101449275362306
ctrgcn,frame_missing_mild,42,falling,275,0.9927272727272727,0.9781818181818182,0.014545454545454528
ctrgcn,frame_missing_mild,43,touch head (headache),276,0.8405797101449275,0.6521739130434783,0.18840579710144922
ctrgcn,frame_missing_mild,44,touch chest (stomachache/heart pain),276,0.9347826086956522,0.9384057971014492,-0.0036231884057970065
ctrgcn,frame_missing_mild,45,touch back (backache),276,0.9492753623188406,0.927536231884058,0.021739130434782594
ctrgcn,frame_missing_mild,46,touch neck (neckache),276,0.8985507246376812,0.6413043478260869,0.25724637681159424
ctrgcn,frame_missing_mild,47,nausea or vomiting condition,275,0.8618181818181818,0.7745454545454545,0.08727272727272728
ctrgcn,frame_missing_mild,48,use a fan (with hand or paper)/feeling warm,275,0.9345454545454546,0.9381818181818182,-0.0036363636363636598
ctrgcn,frame_missing_mild,49,punching/slapping other person,274,0.9306569343065694,0.843065693430657,0.08759124087591241
ctrgcn,frame_missing_mild,50,kicking other person,276,0.9528985507246377,0.9347826086956522,0.018115942028985477
ctrgcn,frame_missing_mild,51,pushing other person,276,0.9565217391304348,0.9021739130434783,0.05434782608695654
ctrgcn,frame_missing_mild,52,pat on back of other person,276,0.9130434782608695,0.8913043478260869,0.021739130434782594
ctrgcn,frame_missing_mild,53,point finger at the other person,276,0.9094202898550725,0.8478260869565217,0.061594202898550776
ctrgcn,frame_missing_mild,54,hugging other person,274,0.9817518248175182,0.9671532846715328,0.014598540145985384
ctrgcn,frame_missing_mild,55,giving something to other person,276,0.9239130434782609,0.8804347826086957,0.04347826086956519
ctrgcn,frame_missing_mild,56,touch other person's pocket,275,0.9054545454545454,0.9090909090909091,-0.0036363636363636598
ctrgcn,frame_missing_mild,57,handshaking,276,0.9710144927536232,0.8623188405797102,0.10869565217391297
ctrgcn,frame_missing_mild,58,walking towards each other,273,1.0,1.0,0.0
ctrgcn,frame_missing_mild,59,walking apart from each other,276,0.9637681159420289,0.9601449275362319,0.0036231884057970065
ctrgcn,frame_missing_moderate,0,drink water,274,0.8321167883211679,0.5255474452554745,0.3065693430656934
ctrgcn,frame_missing_moderate,1,eat meal/snack,275,0.7236363636363636,0.5781818181818181,0.1454545454545455
ctrgcn,frame_missing_moderate,2,brushing teeth,273,0.8571428571428571,0.8095238095238095,0.04761904761904756
ctrgcn,frame_missing_moderate,3,brushing hair,273,0.9120879120879121,0.7106227106227107,0.20146520146520142
ctrgcn,frame_missing_moderate,4,drop,275,0.8872727272727273,0.7490909090909091,0.13818181818181818
ctrgcn,frame_missing_moderate,5,pickup,275,0.9636363636363636,0.7454545454545455,0.21818181818181814
ctrgcn,frame_missing_moderate,6,throw,275,0.9381818181818182,0.8872727272727273,0.050909090909090904
ctrgcn,frame_missing_moderate,7,sitting down,273,0.9597069597069597,0.6813186813186813,0.2783882783882784
ctrgcn,frame_missing_moderate,8,standing up (from sitting position),273,0.978021978021978,0.9377289377289377,0.04029304029304026
ctrgcn,frame_missing_moderate,9,clapping,273,0.8424908424908425,0.6117216117216118,0.23076923076923073
ctrgcn,frame_missing_moderate,10,reading,273,0.5970695970695971,0.5128205128205128,0.08424908424908428
ctrgcn,frame_missing_moderate,11,writing,272,0.6176470588235294,0.10294117647058823,0.5147058823529412
ctrgcn,frame_missing_moderate,12,tear up paper,271,0.922509225092251,0.6236162361623616,0.29889298892988936
ctrgcn,frame_missing_moderate,13,wear jacket,275,0.9854545454545455,0.850909090909091,0.13454545454545452
ctrgcn,frame_missing_moderate,14,take off jacket,276,0.9855072463768116,0.927536231884058,0.05797101449275366
ctrgcn,frame_missing_moderate,15,wear a shoe,273,0.9010989010989011,0.5018315018315018,0.3992673992673993
ctrgcn,frame_missing_moderate,16,take off a shoe,274,0.8065693430656934,0.572992700729927,0.23357664233576636
ctrgcn,frame_missing_moderate,17,wear on glasses,273,0.9084249084249084,0.7619047619047619,0.14652014652014655
ctrgcn,frame_missing_moderate,18,take off glasses,274,0.9416058394160584,0.6167883211678832,0.3248175182481752
ctrgcn,frame_missing_moderate,19,put on a hat/cap,272,0.9595588235294118,0.7058823529411765,0.2536764705882353
ctrgcn,frame_missing_moderate,20,take off a hat/cap,273,0.967032967032967,0.6556776556776557,0.31135531135531136
ctrgcn,frame_missing_moderate,21,cheer up,274,0.9343065693430657,0.9708029197080292,-0.03649635036496357
ctrgcn,frame_missing_moderate,22,hand waving,274,0.9197080291970803,0.8868613138686131,0.03284671532846717
ctrgcn,frame_missing_moderate,23,kicking something,276,0.9637681159420289,0.8586956521739131,0.10507246376811585
ctrgcn,frame_missing_moderate,24,reach into pocket,274,0.8686131386861314,0.6605839416058394,0.208029197080292
ctrgcn,frame_missing_moderate,25,hopping (one foot jumping),275,0.9854545454545455,0.9163636363636364,0.06909090909090909
ctrgcn,frame_missing_moderate,26,jump up,276,1.0,0.9637681159420289,0.036231884057971064
ctrgcn,frame_missing_moderate,27,make a phone call/answer phone,275,0.9054545454545454,0.7054545454545454,0.19999999999999996
ctrgcn,frame_missing_moderate,28,playing with phone/tablet,275,0.6909090909090909,0.5309090909090909,0.16000000000000003
ctrgcn,frame_missing_moderate,29,typing on a keyboard,275,0.7563636363636363,0.4581818181818182,0.29818181818181816
ctrgcn,frame_missing_moderate,30,pointing to something with finger,276,0.8297101449275363,0.7717391304347826,0.05797101449275366
ctrgcn,frame_missing_moderate,31,taking a selfie,276,0.8804347826086957,0.6811594202898551,0.19927536231884058
ctrgcn,frame_missing_moderate,32,check time (from watch),276,0.9057971014492754,0.5217391304347826,0.3840579710144928
ctrgcn,frame_missing_moderate,33,rub two hands together,276,0.9202898550724637,0.7463768115942029,0.17391304347826086
ctrgcn,frame_missing_moderate,34,nod head/bow,276,0.9746376811594203,0.9601449275362319,0.01449275362318836
ctrgcn,frame_missing_moderate,35,shake head,275,0.96,0.9054545454545454,0.054545454545454564
ctrgcn,frame_missing_moderate,36,wipe face,276,0.8369565217391305,0.6376811594202898,0.1992753623188407
ctrgcn,frame_missing_moderate,37,salute,276,0.927536231884058,0.9492753623188406,-0.021739130434782594
ctrgcn,frame_missing_moderate,38,put the palms together,276,0.9130434782608695,0.7971014492753623,0.1159420289855072
ctrgcn,frame_missing_moderate,39,cross hands in front (say stop),276,0.9528985507246377,0.8115942028985508,0.14130434782608692
ctrgcn,frame_missing_moderate,40,sneeze/cough,276,0.7753623188405797,0.5942028985507246,0.1811594202898551
ctrgcn,frame_missing_moderate,41,staggering,276,0.9963768115942029,0.8333333333333334,0.1630434782608695
ctrgcn,frame_missing_moderate,42,falling,275,0.9927272727272727,0.8109090909090909,0.18181818181818177
ctrgcn,frame_missing_moderate,43,touch head (headache),276,0.8405797101449275,0.427536231884058,0.4130434782608695
ctrgcn,frame_missing_moderate,44,touch chest (stomachache/heart pain),276,0.9347826086956522,0.8768115942028986,0.05797101449275366
ctrgcn,frame_missing_moderate,45,touch back (backache),276,0.9492753623188406,0.8913043478260869,0.05797101449275366
ctrgcn,frame_missing_moderate,46,touch neck (neckache),276,0.8985507246376812,0.38405797101449274,0.5144927536231885
ctrgcn,frame_missing_moderate,47,nausea or vomiting condition,275,0.8618181818181818,0.64,0.2218181818181818
ctrgcn,frame_missing_moderate,48,use a fan (with hand or paper)/feeling warm,275,0.9345454545454546,0.8690909090909091,0.06545454545454543
ctrgcn,frame_missing_moderate,49,punching/slapping other person,274,0.9306569343065694,0.7445255474452555,0.18613138686131392
ctrgcn,frame_missing_moderate,50,kicking other person,276,0.9528985507246377,0.8043478260869565,0.14855072463768115
ctrgcn,frame_missing_moderate,51,pushing other person,276,0.9565217391304348,0.6376811594202898,0.318840579710145
ctrgcn,frame_missing_moderate,52,pat on back of other person,276,0.9130434782608695,0.8876811594202898,0.025362318840579712
ctrgcn,frame_missing_moderate,53,point finger at the other person,276,0.9094202898550725,0.7391304347826086,0.17028985507246386
ctrgcn,frame_missing_moderate,54,hugging other person,274,0.9817518248175182,0.7737226277372263,0.20802919708029188
ctrgcn,frame_missing_moderate,55,giving something to other person,276,0.9239130434782609,0.75,0.17391304347826086
ctrgcn,frame_missing_moderate,56,touch other person's pocket,275,0.9054545454545454,0.8218181818181818,0.08363636363636362
ctrgcn,frame_missing_moderate,57,handshaking,276,0.9710144927536232,0.5289855072463768,0.44202898550724634
ctrgcn,frame_missing_moderate,58,walking towards each other,273,1.0,1.0,0.0
ctrgcn,frame_missing_moderate,59,walking apart from each other,276,0.9637681159420289,0.9384057971014492,0.025362318840579712
ctrgcn,frame_missing_severe,0,drink water,274,0.8321167883211679,0.3284671532846715,0.5036496350364963
ctrgcn,frame_missing_severe,1,eat meal/snack,275,0.7236363636363636,0.3418181818181818,0.38181818181818183
ctrgcn,frame_missing_severe,2,brushing teeth,273,0.8571428571428571,0.7142857142857143,0.1428571428571428
ctrgcn,frame_missing_severe,3,brushing hair,273,0.9120879120879121,0.6996336996336996,0.21245421245421248
ctrgcn,frame_missing_severe,4,drop,275,0.8872727272727273,0.6690909090909091,0.21818181818181825
ctrgcn,frame_missing_severe,5,pickup,275,0.9636363636363636,0.46545454545454545,0.49818181818181817
ctrgcn,frame_missing_severe,6,throw,275,0.9381818181818182,0.6654545454545454,0.2727272727272728
ctrgcn,frame_missing_severe,7,sitting down,273,0.9597069597069597,0.39194139194139194,0.5677655677655677
ctrgcn,frame_missing_severe,8,standing up (from sitting position),273,0.978021978021978,0.6410256410256411,0.3369963369963369
ctrgcn,frame_missing_severe,9,clapping,273,0.8424908424908425,0.5201465201465202,0.3223443223443223
ctrgcn,frame_missing_severe,10,reading,273,0.5970695970695971,0.4945054945054945,0.10256410256410253
ctrgcn,frame_missing_severe,11,writing,272,0.6176470588235294,0.13602941176470587,0.4816176470588236
ctrgcn,frame_missing_severe,12,tear up paper,271,0.922509225092251,0.25830258302583026,0.6642066420664208
ctrgcn,frame_missing_severe,13,wear jacket,275,0.9854545454545455,0.6945454545454546,0.2909090909090909
ctrgcn,frame_missing_severe,14,take off jacket,276,0.9855072463768116,0.8876811594202898,0.09782608695652184
ctrgcn,frame_missing_severe,15,wear a shoe,273,0.9010989010989011,0.4249084249084249,0.4761904761904762
ctrgcn,frame_missing_severe,16,take off a shoe,274,0.8065693430656934,0.3905109489051095,0.4160583941605839
ctrgcn,frame_missing_severe,17,wear on glasses,273,0.9084249084249084,0.717948717948718,0.19047619047619047
ctrgcn,frame_missing_severe,18,take off glasses,274,0.9416058394160584,0.30656934306569344,0.635036496350365
ctrgcn,frame_missing_severe,19,put on a hat/cap,272,0.9595588235294118,0.43014705882352944,0.5294117647058824
ctrgcn,frame_missing_severe,20,take off a hat/cap,273,0.967032967032967,0.358974358974359,0.6080586080586081
ctrgcn,frame_missing_severe,21,cheer up,274,0.9343065693430657,0.9306569343065694,0.0036496350364962904
ctrgcn,frame_missing_severe,22,hand waving,274,0.9197080291970803,0.7153284671532847,0.2043795620437956
ctrgcn,frame_missing_severe,23,kicking something,276,0.9637681159420289,0.4601449275362319,0.5036231884057971
ctrgcn,frame_missing_severe,24,reach into pocket,274,0.8686131386861314,0.572992700729927,0.2956204379562044
ctrgcn,frame_missing_severe,25,hopping (one foot jumping),275,0.9854545454545455,0.7927272727272727,0.19272727272727275
ctrgcn,frame_missing_severe,26,jump up,276,1.0,0.7572463768115942,0.24275362318840576
ctrgcn,frame_missing_severe,27,make a phone call/answer phone,275,0.9054545454545454,0.5781818181818181,0.32727272727272727
ctrgcn,frame_missing_severe,28,playing with phone/tablet,275,0.6909090909090909,0.48727272727272725,0.20363636363636367
ctrgcn,frame_missing_severe,29,typing on a keyboard,275,0.7563636363636363,0.37454545454545457,0.3818181818181818
ctrgcn,frame_missing_severe,30,pointing to something with finger,276,0.8297101449275363,0.5869565217391305,0.24275362318840576
ctrgcn,frame_missing_severe,31,taking a selfie,276,0.8804347826086957,0.4963768115942029,0.3840579710144928
ctrgcn,frame_missing_severe,32,check time (from watch),276,0.9057971014492754,0.26811594202898553,0.6376811594202898
ctrgcn,frame_missing_severe,33,rub two hands together,276,0.9202898550724637,0.5108695652173914,0.4094202898550724
ctrgcn,frame_missing_severe,34,nod head/bow,276,0.9746376811594203,0.9420289855072463,0.03260869565217395
ctrgcn,frame_missing_severe,35,shake head,275,0.96,0.7890909090909091,0.1709090909090909
ctrgcn,frame_missing_severe,36,wipe face,276,0.8369565217391305,0.47101449275362317,0.3659420289855073
ctrgcn,frame_missing_severe,37,salute,276,0.927536231884058,0.894927536231884,0.03260869565217395
ctrgcn,frame_missing_severe,38,put the palms together,276,0.9130434782608695,0.5144927536231884,0.39855072463768115
ctrgcn,frame_missing_severe,39,cross hands in front (say stop),276,0.9528985507246377,0.5036231884057971,0.4492753623188406
ctrgcn,frame_missing_severe,40,sneeze/cough,276,0.7753623188405797,0.3007246376811594,0.4746376811594203
ctrgcn,frame_missing_severe,41,staggering,276,0.9963768115942029,0.7101449275362319,0.28623188405797095
ctrgcn,frame_missing_severe,42,falling,275,0.9927272727272727,0.4290909090909091,0.5636363636363636
ctrgcn,frame_missing_severe,43,touch head (headache),276,0.8405797101449275,0.34057971014492755,0.49999999999999994
ctrgcn,frame_missing_severe,44,touch chest (stomachache/heart pain),276,0.9347826086956522,0.6956521739130435,0.23913043478260876
ctrgcn,frame_missing_severe,45,touch back (backache),276,0.9492753623188406,0.7971014492753623,0.15217391304347827
ctrgcn,frame_missing_severe,46,touch neck (neckache),276,0.8985507246376812,0.1956521739130435,0.7028985507246377
ctrgcn,frame_missing_severe,47,nausea or vomiting condition,275,0.8618181818181818,0.4727272727272727,0.3890909090909091
ctrgcn,frame_missing_severe,48,use a fan (with hand or paper)/feeling warm,275,0.9345454545454546,0.7854545454545454,0.14909090909090916
ctrgcn,frame_missing_severe,49,punching/slapping other person,274,0.9306569343065694,0.5364963503649635,0.3941605839416059
ctrgcn,frame_missing_severe,50,kicking other person,276,0.9528985507246377,0.6413043478260869,0.3115942028985508
ctrgcn,frame_missing_severe,51,pushing other person,276,0.9565217391304348,0.3804347826086957,0.5760869565217391
ctrgcn,frame_missing_severe,52,pat on back of other person,276,0.9130434782608695,0.8152173913043478,0.09782608695652173
ctrgcn,frame_missing_severe,53,point finger at the other person,276,0.9094202898550725,0.34782608695652173,0.5615942028985508
ctrgcn,frame_missing_severe,54,hugging other person,274,0.9817518248175182,0.5656934306569343,0.4160583941605839
ctrgcn,frame_missing_severe,55,giving something to other person,276,0.9239130434782609,0.3695652173913043,0.5543478260869565
ctrgcn,frame_missing_severe,56,touch other person's pocket,275,0.9054545454545454,0.7745454545454545,0.13090909090909086
ctrgcn,frame_missing_severe,57,handshaking,276,0.9710144927536232,0.2246376811594203,0.7463768115942029
ctrgcn,frame_missing_severe,58,walking towards each other,273,1.0,0.9597069597069597,0.04029304029304026
ctrgcn,frame_missing_severe,59,walking apart from each other,276,0.9637681159420289,0.894927536231884,0.0688405797101449
ctrgcn,joint_missing_mild,0,drink water,274,0.8321167883211679,0.7262773722627737,0.1058394160583942
ctrgcn,joint_missing_mild,1,eat meal/snack,275,0.7236363636363636,0.6545454545454545,0.06909090909090909
ctrgcn,joint_missing_mild,2,brushing teeth,273,0.8571428571428571,0.6153846153846154,0.24175824175824168
ctrgcn,joint_missing_mild,3,brushing hair,273,0.9120879120879121,0.7252747252747253,0.18681318681318682
ctrgcn,joint_missing_mild,4,drop,275,0.8872727272727273,0.88,0.0072727272727273196
ctrgcn,joint_missing_mild,5,pickup,275,0.9636363636363636,0.8872727272727273,0.0763636363636363
ctrgcn,joint_missing_mild,6,throw,275,0.9381818181818182,0.84,0.09818181818181826
ctrgcn,joint_missing_mild,7,sitting down,273,0.9597069597069597,0.9047619047619048,0.05494505494505497
ctrgcn,joint_missing_mild,8,standing up (from sitting position),273,0.978021978021978,0.9523809523809523,0.02564102564102566
ctrgcn,joint_missing_mild,9,clapping,273,0.8424908424908425,0.6446886446886447,0.19780219780219777
ctrgcn,joint_missing_mild,10,reading,273,0.5970695970695971,0.4981684981684982,0.09890109890109888
ctrgcn,joint_missing_mild,11,writing,272,0.6176470588235294,0.5073529411764706,0.11029411764705888
ctrgcn,joint_missing_mild,12,tear up paper,271,0.922509225092251,0.8191881918819188,0.10332103321033215
ctrgcn,joint_missing_mild,13,wear jacket,275,0.9854545454545455,0.9527272727272728,0.032727272727272716
ctrgcn,joint_missing_mild,14,take off jacket,276,0.9855072463768116,0.9601449275362319,0.025362318840579712
ctrgcn,joint_missing_mild,15,wear a shoe,273,0.9010989010989011,0.6556776556776557,0.24542124542124544
ctrgcn,joint_missing_mild,16,take off a shoe,274,0.8065693430656934,0.5620437956204379,0.24452554744525545
ctrgcn,joint_missing_mild,17,wear on glasses,273,0.9084249084249084,0.8168498168498168,0.09157509157509158
ctrgcn,joint_missing_mild,18,take off glasses,274,0.9416058394160584,0.9124087591240876,0.029197080291970767
ctrgcn,joint_missing_mild,19,put on a hat/cap,272,0.9595588235294118,0.8088235294117647,0.15073529411764708
ctrgcn,joint_missing_mild,20,take off a hat/cap,273,0.967032967032967,0.8534798534798534,0.1135531135531136
ctrgcn,joint_missing_mild,21,cheer up,274,0.9343065693430657,0.8357664233576643,0.0985401459854014
ctrgcn,joint_missing_mild,22,hand waving,274,0.9197080291970803,0.8759124087591241,0.04379562043795615
ctrgcn,joint_missing_mild,23,kicking something,276,0.9637681159420289,0.6702898550724637,0.2934782608695652
ctrgcn,joint_missing_mild,24,reach into pocket,274,0.8686131386861314,0.5583941605839416,0.3102189781021898
ctrgcn,joint_missing_mild,25,hopping (one foot jumping),275,0.9854545454545455,0.8836363636363637,0.10181818181818181
ctrgcn,joint_missing_mild,26,jump up,276,1.0,0.9927536231884058,0.007246376811594235
ctrgcn,joint_missing_mild,27,make a phone call/answer phone,275,0.9054545454545454,0.48727272727272725,0.41818181818181815
ctrgcn,joint_missing_mild,28,playing with phone/tablet,275,0.6909090909090909,0.28363636363636363,0.4072727272727273
ctrgcn,joint_missing_mild,29,typing on a keyboard,275,0.7563636363636363,0.509090909090909,0.2472727272727273
ctrgcn,joint_missing_mild,30,pointing to something with finger,276,0.8297101449275363,0.5797101449275363,0.25
ctrgcn,joint_missing_mild,31,taking a selfie,276,0.8804347826086957,0.75,0.13043478260869568
ctrgcn,joint_missing_mild,32,check time (from watch),276,0.9057971014492754,0.6594202898550725,0.24637681159420288
ctrgcn,joint_missing_mild,33,rub two hands together,276,0.9202898550724637,0.6376811594202898,0.28260869565217395
ctrgcn,joint_missing_mild,34,nod head/bow,276,0.9746376811594203,0.9492753623188406,0.025362318840579712
ctrgcn,joint_missing_mild,35,shake head,275,0.96,0.2290909090909091,0.7309090909090908
ctrgcn,joint_missing_mild,36,wipe face,276,0.8369565217391305,0.29347826086956524,0.5434782608695652
ctrgcn,joint_missing_mild,37,salute,276,0.927536231884058,0.9130434782608695,0.01449275362318847
ctrgcn,joint_missing_mild,38,put the palms together,276,0.9130434782608695,0.9094202898550725,0.0036231884057970065
ctrgcn,joint_missing_mild,39,cross hands in front (say stop),276,0.9528985507246377,0.8478260869565217,0.10507246376811596
ctrgcn,joint_missing_mild,40,sneeze/cough,276,0.7753623188405797,0.5398550724637681,0.23550724637681164
ctrgcn,joint_missing_mild,41,staggering,276,0.9963768115942029,0.7318840579710145,0.26449275362318836
ctrgcn,joint_missing_mild,42,falling,275,0.9927272727272727,0.9636363636363636,0.029090909090909056
ctrgcn,joint_missing_mild,43,touch head (headache),276,0.8405797101449275,0.4384057971014493,0.4021739130434782
ctrgcn,joint_missing_mild,44,touch chest (stomachache/heart pain),276,0.9347826086956522,0.894927536231884,0.03985507246376818
ctrgcn,joint_missing_mild,45,touch back (backache),276,0.9492753623188406,0.5181159420289855,0.4311594202898551
ctrgcn,joint_missing_mild,46,touch neck (neckache),276,0.8985507246376812,0.2463768115942029,0.6521739130434783
ctrgcn,joint_missing_mild,47,nausea or vomiting condition,275,0.8618181818181818,0.7127272727272728,0.14909090909090905
ctrgcn,joint_missing_mild,48,use a fan (with hand or paper)/feeling warm,275,0.9345454545454546,0.8763636363636363,0.05818181818181822
ctrgcn,joint_missing_mild,49,punching/slapping other person,274,0.9306569343065694,0.8029197080291971,0.12773722627737227
ctrgcn,joint_missing_mild,50,kicking other person,276,0.9528985507246377,0.5144927536231884,0.43840579710144933
ctrgcn,joint_missing_mild,51,pushing other person,276,0.9565217391304348,0.7246376811594203,0.23188405797101452
ctrgcn,joint_missing_mild,52,pat on back of other person,276,0.9130434782608695,0.5144927536231884,0.39855072463768115
ctrgcn,joint_missing_mild,53,point finger at the other person,276,0.9094202898550725,0.7355072463768116,0.17391304347826086
ctrgcn,joint_missing_mild,54,hugging other person,274,0.9817518248175182,0.948905109489051,0.03284671532846717
ctrgcn,joint_missing_mild,55,giving something to other person,276,0.9239130434782609,0.8586956521739131,0.06521739130434778
ctrgcn,joint_missing_mild,56,touch other person's pocket,275,0.9054545454545454,0.7781818181818182,0.1272727272727272
ctrgcn,joint_missing_mild,57,handshaking,276,0.9710144927536232,0.4673913043478261,0.5036231884057971
ctrgcn,joint_missing_mild,58,walking towards each other,273,1.0,0.8205128205128205,0.17948717948717952
ctrgcn,joint_missing_mild,59,walking apart from each other,276,0.9637681159420289,0.9311594202898551,0.032608695652173836
ctrgcn,joint_missing_moderate,0,drink water,274,0.8321167883211679,0.1897810218978102,0.6423357664233577
ctrgcn,joint_missing_moderate,1,eat meal/snack,275,0.7236363636363636,0.19636363636363635,0.5272727272727273
ctrgcn,joint_missing_moderate,2,brushing teeth,273,0.8571428571428571,0.3663003663003663,0.4908424908424908
ctrgcn,joint_missing_moderate,3,brushing hair,273,0.9120879120879121,0.15018315018315018,0.7619047619047619
ctrgcn,joint_missing_moderate,4,drop,275,0.8872727272727273,0.8,0.08727272727272728
ctrgcn,joint_missing_moderate,5,pickup,275,0.9636363636363636,0.13818181818181818,0.8254545454545454
ctrgcn,joint_missing_moderate,6,throw,275,0.9381818181818182,0.34545454545454546,0.5927272727272728
ctrgcn,joint_missing_moderate,7,sitting down,273,0.9597069597069597,0.2490842490842491,0.7106227106227107
ctrgcn,joint_missing_moderate,8,standing up (from sitting position),273,0.978021978021978,0.3992673992673993,0.5787545787545787
ctrgcn,joint_missing_moderate,9,clapping,273,0.8424908424908425,0.3956043956043956,0.4468864468864469
ctrgcn,joint_missing_moderate,10,reading,273,0.5970695970695971,0.17582417582417584,0.4212454212454212
ctrgcn,joint_missing_moderate,11,writing,272,0.6176470588235294,0.6580882352941176,-0.0404411764705882
ctrgcn,joint_missing_moderate,12,tear up paper,271,0.922509225092251,0.34686346863468637,0.5756457564575646
ctrgcn,joint_missing_moderate,13,wear jacket,275,0.9854545454545455,0.18181818181818182,0.8036363636363637
ctrgcn,joint_missing_moderate,14,take off jacket,276,0.9855072463768116,0.4673913043478261,0.5181159420289856
ctrgcn,joint_missing_moderate,15,wear a shoe,273,0.9010989010989011,0.07326007326007326,0.8278388278388279
ctrgcn,joint_missing_moderate,16,take off a shoe,274,0.8065693430656934,0.058394160583941604,0.7481751824817517
ctrgcn,joint_missing_moderate,17,wear on glasses,273,0.9084249084249084,0.5384615384615384,0.36996336996337
ctrgcn,joint_missing_moderate,18,take off glasses,274,0.9416058394160584,0.4343065693430657,0.5072992700729926
ctrgcn,joint_missing_moderate,19,put on a hat/cap,272,0.9595588235294118,0.33455882352941174,0.625
ctrgcn,joint_missing_moderate,20,take off a hat/cap,273,0.967032967032967,0.4652014652014652,0.5018315018315018
ctrgcn,joint_missing_moderate,21,cheer up,274,0.9343065693430657,0.22262773722627738,0.7116788321167883
ctrgcn,joint_missing_moderate,22,hand waving,274,0.9197080291970803,0.48175182481751827,0.437956204379562
ctrgcn,joint_missing_moderate,23,kicking something,276,0.9637681159420289,0.021739130434782608,0.9420289855072463
ctrgcn,joint_missing_moderate,24,reach into pocket,274,0.8686131386861314,0.0364963503649635,0.832116788321168
ctrgcn,joint_missing_moderate,25,hopping (one foot jumping),275,0.9854545454545455,0.025454545454545455,0.96
ctrgcn,joint_missing_moderate,26,jump up,276,1.0,0.358695652173913,0.6413043478260869
ctrgcn,joint_missing_moderate,27,make a phone call/answer phone,275,0.9054545454545454,0.15272727272727274,0.7527272727272727
ctrgcn,joint_missing_moderate,28,playing with phone/tablet,275,0.6909090909090909,0.1890909090909091,0.5018181818181818
ctrgcn,joint_missing_moderate,29,typing on a keyboard,275,0.7563636363636363,0.24363636363636362,0.5127272727272727
ctrgcn,joint_missing_moderate,30,pointing to something with finger,276,0.8297101449275363,0.2753623188405797,0.5543478260869565
ctrgcn,joint_missing_moderate,31,taking a selfie,276,0.8804347826086957,0.34057971014492755,0.5398550724637681
ctrgcn,joint_missing_moderate,32,check time (from watch),276,0.9057971014492754,0.2608695652173913,0.644927536231884
ctrgcn,joint_missing_moderate,33,rub two hands together,276,0.9202898550724637,0.4528985507246377,0.46739130434782605
ctrgcn,joint_missing_moderate,34,nod head/bow,276,0.9746376811594203,0.8405797101449275,0.1340579710144928
ctrgcn,joint_missing_moderate,35,shake head,275,0.96,0.0036363636363636364,0.9563636363636363
ctrgcn,joint_missing_moderate,36,wipe face,276,0.8369565217391305,0.010869565217391304,0.8260869565217391
ctrgcn,joint_missing_moderate,37,salute,276,0.927536231884058,0.8804347826086957,0.047101449275362306
ctrgcn,joint_missing_moderate,38,put the palms together,276,0.9130434782608695,0.5869565217391305,0.326086956521739
ctrgcn,joint_missing_moderate,39,cross hands in front (say stop),276,0.9528985507246377,0.5507246376811594,0.40217391304347827
ctrgcn,joint_missing_moderate,40,sneeze/cough,276,0.7753623188405797,0.3115942028985507,0.463768115942029
ctrgcn,joint_missing_moderate,41,staggering,276,0.9963768115942029,0.021739130434782608,0.9746376811594203
ctrgcn,joint_missing_moderate,42,falling,275,0.9927272727272727,0.6472727272727272,0.34545454545454546
ctrgcn,joint_missing_moderate,43,touch head (headache),276,0.8405797101449275,0.06521739130434782,0.7753623188405797
ctrgcn,joint_missing_moderate,44,touch chest (stomachache/heart pain),276,0.9347826086956522,0.677536231884058,0.25724637681159424
ctrgcn,joint_missing_moderate,45,touch back (backache),276,0.9492753623188406,0.021739130434782608,0.927536231884058
ctrgcn,joint_missing_moderate,46,touch neck (neckache),276,0.8985507246376812,0.0036231884057971015,0.894927536231884
ctrgcn,joint_missing_moderate,47,nausea or vomiting condition,275,0.8618181818181818,0.14181818181818182,0.72
ctrgcn,joint_missing_moderate,48,use a fan (with hand or paper)/feeling warm,275,0.9345454545454546,0.6836363636363636,0.25090909090909097
ctrgcn,joint_missing_moderate,49,punching/slapping other person,274,0.9306569343065694,0.13503649635036497,0.7956204379562044
ctrgcn,joint_missing_moderate,50,kicking other person,276,0.9528985507246377,0.0,0.9528985507246377
ctrgcn,joint_missing_moderate,51,pushing other person,276,0.9565217391304348,0.29347826086956524,0.6630434782608696
ctrgcn,joint_missing_moderate,52,pat on back of other person,276,0.9130434782608695,0.10869565217391304,0.8043478260869564
ctrgcn,joint_missing_moderate,53,point finger at the other person,276,0.9094202898550725,0.39855072463768115,0.5108695652173914
ctrgcn,joint_missing_moderate,54,hugging other person,274,0.9817518248175182,0.3722627737226277,0.6094890510948905
ctrgcn,joint_missing_moderate,55,giving something to other person,276,0.9239130434782609,0.22826086956521738,0.6956521739130435
ctrgcn,joint_missing_moderate,56,touch other person's pocket,275,0.9054545454545454,0.06909090909090909,0.8363636363636363
ctrgcn,joint_missing_moderate,57,handshaking,276,0.9710144927536232,0.03260869565217391,0.9384057971014492
ctrgcn,joint_missing_moderate,58,walking towards each other,273,1.0,0.5164835164835165,0.48351648351648346
ctrgcn,joint_missing_moderate,59,walking apart from each other,276,0.9637681159420289,0.358695652173913,0.605072463768116
ctrgcn,joint_missing_severe,0,drink water,274,0.8321167883211679,0.014598540145985401,0.8175182481751825
ctrgcn,joint_missing_severe,1,eat meal/snack,275,0.7236363636363636,0.0,0.7236363636363636
ctrgcn,joint_missing_severe,2,brushing teeth,273,0.8571428571428571,0.20146520146520147,0.6556776556776556
ctrgcn,joint_missing_severe,3,brushing hair,273,0.9120879120879121,0.003663003663003663,0.9084249084249084
ctrgcn,joint_missing_severe,4,drop,275,0.8872727272727273,0.3090909090909091,0.5781818181818182
ctrgcn,joint_missing_severe,5,pickup,275,0.9636363636363636,0.0,0.9636363636363636
ctrgcn,joint_missing_severe,6,throw,275,0.9381818181818182,0.03636363636363636,0.9018181818181819
ctrgcn,joint_missing_severe,7,sitting down,273,0.9597069597069597,0.0,0.9597069597069597
ctrgcn,joint_missing_severe,8,standing up (from sitting position),273,0.978021978021978,0.0,0.978021978021978
ctrgcn,joint_missing_severe,9,clapping,273,0.8424908424908425,0.17216117216117216,0.6703296703296704
ctrgcn,joint_missing_severe,10,reading,273,0.5970695970695971,0.047619047619047616,0.5494505494505495
ctrgcn,joint_missing_severe,11,writing,272,0.6176470588235294,0.7536764705882353,-0.13602941176470584
ctrgcn,joint_missing_severe,12,tear up paper,271,0.922509225092251,0.08856088560885608,0.8339483394833949
ctrgcn,joint_missing_severe,13,wear jacket,275,0.9854545454545455,0.0,0.9854545454545455
ctrgcn,joint_missing_severe,14,take off jacket,276,0.9855072463768116,0.036231884057971016,0.9492753623188406
ctrgcn,joint_missing_severe,15,wear a shoe,273,0.9010989010989011,0.0,0.9010989010989011
ctrgcn,joint_missing_severe,16,take off a shoe,274,0.8065693430656934,0.0,0.8065693430656934
ctrgcn,joint_missing_severe,17,wear on glasses,273,0.9084249084249084,0.0989010989010989,0.8095238095238095
ctrgcn,joint_missing_severe,18,take off glasses,274,0.9416058394160584,0.029197080291970802,0.9124087591240876
ctrgcn,joint_missing_severe,19,put on a hat/cap,272,0.9595588235294118,0.025735294117647058,0.9338235294117647
ctrgcn,joint_missing_severe,20,take off a hat/cap,273,0.967032967032967,0.12454212454212454,0.8424908424908425
ctrgcn,joint_missing_severe,21,cheer up,274,0.9343065693430657,0.058394160583941604,0.875912408759124
ctrgcn,joint_missing_severe,22,hand waving,274,0.9197080291970803,0.2664233576642336,0.6532846715328466
ctrgcn,joint_missing_severe,23,kicking something,276,0.9637681159420289,0.0,0.9637681159420289
ctrgcn,joint_missing_severe,24,reach into pocket,274,0.8686131386861314,0.0,0.8686131386861314
ctrgcn,joint_missing_severe,25,hopping (one foot jumping),275,0.9854545454545455,0.0,0.9854545454545455
ctrgcn,joint_missing_severe,26,jump up,276,1.0,0.007246376811594203,0.9927536231884058
ctrgcn,joint_missing_severe,27,make a phone call/answer phone,275,0.9054545454545454,0.014545454545454545,0.8909090909090909
ctrgcn,joint_missing_severe,28,playing with phone/tablet,275,0.6909090909090909,0.05818181818181818,0.6327272727272727
ctrgcn,joint_missing_severe,29,typing on a keyboard,275,0.7563636363636363,0.15636363636363637,0.6
ctrgcn,joint_missing_severe,30,pointing to something with finger,276,0.8297101449275363,0.19202898550724637,0.6376811594202899
ctrgcn,joint_missing_severe,31,taking a selfie,276,0.8804347826086957,0.23550724637681159,0.644927536231884
ctrgcn,joint_missing_severe,32,check time (from watch),276,0.9057971014492754,0.06521739130434782,0.8405797101449276
ctrgcn,joint_missing_severe,33,rub two hands together,276,0.9202898550724637,0.31521739130434784,0.605072463768116
ctrgcn,joint_missing_severe,34,nod head/bow,276,0.9746376811594203,0.2318840579710145,0.7427536231884058
ctrgcn,joint_missing_severe,35,shake head,275,0.96,0.0,0.96
ctrgcn,joint_missing_severe,36,wipe face,276,0.8369565217391305,0.03985507246376811,0.7971014492753624
ctrgcn,joint_missing_severe,37,salute,276,0.927536231884058,0.7608695652173914,0.16666666666666663
ctrgcn,joint_missing_severe,38,put the palms together,276,0.9130434782608695,0.18115942028985507,0.7318840579710144
ctrgcn,joint_missing_severe,39,cross hands in front (say stop),276,0.9528985507246377,0.42391304347826086,0.5289855072463768
ctrgcn,joint_missing_severe,40,sneeze/cough,276,0.7753623188405797,0.17391304347826086,0.6014492753623188
ctrgcn,joint_missing_severe,41,staggering,276,0.9963768115942029,0.0,0.9963768115942029
ctrgcn,joint_missing_severe,42,falling,275,0.9927272727272727,0.16363636363636364,0.8290909090909091
ctrgcn,joint_missing_severe,43,touch head (headache),276,0.8405797101449275,0.15942028985507245,0.681159420289855
ctrgcn,joint_missing_severe,44,touch chest (stomachache/heart pain),276,0.9347826086956522,0.286231884057971,0.6485507246376812
ctrgcn,joint_missing_severe,45,touch back (backache),276,0.9492753623188406,0.0,0.9492753623188406
ctrgcn,joint_missing_severe,46,touch neck (neckache),276,0.8985507246376812,0.0,0.8985507246376812
ctrgcn,joint_missing_severe,47,nausea or vomiting condition,275,0.8618181818181818,0.0036363636363636364,0.8581818181818182
ctrgcn,joint_missing_severe,48,use a fan (with hand or paper)/feeling warm,275,0.9345454545454546,0.36727272727272725,0.5672727272727274
ctrgcn,joint_missing_severe,49,punching/slapping other person,274,0.9306569343065694,0.0072992700729927005,0.9233576642335767
ctrgcn,joint_missing_severe,50,kicking other person,276,0.9528985507246377,0.0,0.9528985507246377
ctrgcn,joint_missing_severe,51,pushing other person,276,0.9565217391304348,0.018115942028985508,0.9384057971014493
ctrgcn,joint_missing_severe,52,pat on back of other person,276,0.9130434782608695,0.007246376811594203,0.9057971014492753
ctrgcn,joint_missing_severe,53,point finger at the other person,276,0.9094202898550725,0.3115942028985507,0.5978260869565217
ctrgcn,joint_missing_severe,54,hugging other person,274,0.9817518248175182,0.029197080291970802,0.9525547445255474
ctrgcn,joint_missing_severe,55,giving something to other person,276,0.9239130434782609,0.0,0.9239130434782609
ctrgcn,joint_missing_severe,56,touch other person's pocket,275,0.9054545454545454,0.0,0.9054545454545454
ctrgcn,joint_missing_severe,57,handshaking,276,0.9710144927536232,0.0036231884057971015,0.967391304347826
ctrgcn,joint_missing_severe,58,walking towards each other,273,1.0,0.1978021978021978,0.8021978021978022
ctrgcn,joint_missing_severe,59,walking apart from each other,276,0.9637681159420289,0.14130434782608695,0.822463768115942
ctrgcn,limb_occlusion_mild,0,drink water,274,0.8321167883211679,0.6861313868613139,0.14598540145985395
ctrgcn,limb_occlusion_mild,1,eat meal/snack,275,0.7236363636363636,0.5854545454545454,0.13818181818181818
ctrgcn,limb_occlusion_mild,2,brushing teeth,273,0.8571428571428571,0.6923076923076923,0.1648351648351648
ctrgcn,limb_occlusion_mild,3,brushing hair,273,0.9120879120879121,0.7838827838827839,0.1282051282051282
ctrgcn,limb_occlusion_mild,4,drop,275,0.8872727272727273,0.7745454545454545,0.11272727272727279
ctrgcn,limb_occlusion_mild,5,pickup,275,0.9636363636363636,0.9272727272727272,0.036363636363636376
ctrgcn,limb_occlusion_mild,6,throw,275,0.9381818181818182,0.8072727272727273,0.13090909090909097
ctrgcn,limb_occlusion_mild,7,sitting down,273,0.9597069597069597,0.8937728937728938,0.06593406593406592
ctrgcn,limb_occlusion_mild,8,standing up (from sitting position),273,0.978021978021978,0.9487179487179487,0.02930402930402931
ctrgcn,limb_occlusion_mild,9,clapping,273,0.8424908424908425,0.652014652014652,0.19047619047619047
ctrgcn,limb_occlusion_mild,10,reading,273,0.5970695970695971,0.5347985347985348,0.06227106227106227
ctrgcn,limb_occlusion_mild,11,writing,272,0.6176470588235294,0.5183823529411765,0.09926470588235292
ctrgcn,limb_occlusion_mild,12,tear up paper,271,0.922509225092251,0.7785977859778598,0.1439114391143912
ctrgcn,limb_occlusion_mild,13,wear jacket,275,0.9854545454545455,0.8945454545454545,0.09090909090909094
ctrgcn,limb_occlusion_mild,14,take off jacket,276,0.9855072463768116,0.9420289855072463,0.0434782608695653
ctrgcn,limb_occlusion_mild,15,wear a shoe,273,0.9010989010989011,0.7728937728937729,0.1282051282051282
ctrgcn,limb_occlusion_mild,16,take off a shoe,274,0.8065693430656934,0.7262773722627737,0.08029197080291972
ctrgcn,limb_occlusion_mild,17,wear on glasses,273,0.9084249084249084,0.8095238095238095,0.09890109890109888
ctrgcn,limb_occlusion_mild,18,take off glasses,274,0.9416058394160584,0.8613138686131386,0.08029197080291972
ctrgcn,limb_occlusion_mild,19,put on a hat/cap,272,0.9595588235294118,0.8308823529411765,0.12867647058823528
ctrgcn,limb_occlusion_mild,20,take off a hat/cap,273,0.967032967032967,0.7912087912087912,0.17582417582417587
ctrgcn,limb_occlusion_mild,21,cheer up,274,0.9343065693430657,0.7627737226277372,0.17153284671532842
ctrgcn,limb_occlusion_mild,22,hand waving,274,0.9197080291970803,0.7883211678832117,0.13138686131386856
ctrgcn,limb_occlusion_mild,23,kicking something,276,0.9637681159420289,0.8913043478260869,0.07246376811594202
ctrgcn,limb_occlusion_mild,24,reach into pocket,274,0.8686131386861314,0.7992700729927007,0.06934306569343074
ctrgcn,limb_occlusion_mild,25,hopping (one foot jumping),275,0.9854545454545455,0.9781818181818182,0.0072727272727273196
ctrgcn,limb_occlusion_mild,26,jump up,276,1.0,0.9746376811594203,0.025362318840579712
ctrgcn,limb_occlusion_mild,27,make a phone call/answer phone,275,0.9054545454545454,0.7490909090909091,0.15636363636363626
ctrgcn,limb_occlusion_mild,28,playing with phone/tablet,275,0.6909090909090909,0.56,0.13090909090909086
ctrgcn,limb_occlusion_mild,29,typing on a keyboard,275,0.7563636363636363,0.7745454545454545,-0.018181818181818188
ctrgcn,limb_occlusion_mild,30,pointing to something with finger,276,0.8297101449275363,0.6086956521739131,0.22101449275362317
ctrgcn,limb_occlusion_mild,31,taking a selfie,276,0.8804347826086957,0.7210144927536232,0.1594202898550725
ctrgcn,limb_occlusion_mild,32,check time (from watch),276,0.9057971014492754,0.7137681159420289,0.19202898550724645
ctrgcn,limb_occlusion_mild,33,rub two hands together,276,0.9202898550724637,0.8043478260869565,0.1159420289855072
ctrgcn,limb_occlusion_mild,34,nod head/bow,276,0.9746376811594203,0.8442028985507246,0.13043478260869568
ctrgcn,limb_occlusion_mild,35,shake head,275,0.96,0.8363636363636363,0.12363636363636366
ctrgcn,limb_occlusion_mild,36,wipe face,276,0.8369565217391305,0.6521739130434783,0.18478260869565222
ctrgcn,limb_occlusion_mild,37,salute,276,0.927536231884058,0.7210144927536232,0.2065217391304348
ctrgcn,limb_occlusion_mild,38,put the palms together,276,0.9130434782608695,0.7608695652173914,0.15217391304347816
ctrgcn,limb_occlusion_mild,39,cross hands in front (say stop),276,0.9528985507246377,0.7137681159420289,0.23913043478260876
ctrgcn,limb_occlusion_mild,40,sneeze/cough,276,0.7753623188405797,0.572463768115942,0.2028985507246377
ctrgcn,limb_occlusion_mild,41,staggering,276,0.9963768115942029,0.9637681159420289,0.03260869565217395
ctrgcn,limb_occlusion_mild,42,falling,275,0.9927272727272727,0.9818181818181818,0.010909090909090868
ctrgcn,limb_occlusion_mild,43,touch head (headache),276,0.8405797101449275,0.6666666666666666,0.17391304347826086
ctrgcn,limb_occlusion_mild,44,touch chest (stomachache/heart pain),276,0.9347826086956522,0.8297101449275363,0.10507246376811596
ctrgcn,limb_occlusion_mild,45,touch back (backache),276,0.9492753623188406,0.8768115942028986,0.07246376811594202
ctrgcn,limb_occlusion_mild,46,touch neck (neckache),276,0.8985507246376812,0.717391304347826,0.1811594202898551
ctrgcn,limb_occlusion_mild,47,nausea or vomiting condition,275,0.8618181818181818,0.6327272727272727,0.22909090909090912
ctrgcn,limb_occlusion_mild,48,use a fan (with hand or paper)/feeling warm,275,0.9345454545454546,0.8218181818181818,0.11272727272727279
ctrgcn,limb_occlusion_mild,49,punching/slapping other person,274,0.9306569343065694,0.8868613138686131,0.04379562043795626
ctrgcn,limb_occlusion_mild,50,kicking other person,276,0.9528985507246377,0.8369565217391305,0.1159420289855072
ctrgcn,limb_occlusion_mild,51,pushing other person,276,0.9565217391304348,0.8695652173913043,0.08695652173913049
ctrgcn,limb_occlusion_mild,52,pat on back of other person,276,0.9130434782608695,0.8804347826086957,0.032608695652173836
ctrgcn,limb_occlusion_mild,53,point finger at the other person,276,0.9094202898550725,0.7898550724637681,0.11956521739130443
ctrgcn,limb_occlusion_mild,54,hugging other person,274,0.9817518248175182,0.9562043795620438,0.025547445255474366
ctrgcn,limb_occlusion_mild,55,giving something to other person,276,0.9239130434782609,0.8333333333333334,0.0905797101449275
ctrgcn,limb_occlusion_mild,56,touch other person's pocket,275,0.9054545454545454,0.8763636363636363,0.029090909090909056
ctrgcn,limb_occlusion_mild,57,handshaking,276,0.9710144927536232,0.8369565217391305,0.13405797101449268
ctrgcn,limb_occlusion_mild,58,walking towards each other,273,1.0,0.978021978021978,0.02197802197802201
ctrgcn,limb_occlusion_mild,59,walking apart from each other,276,0.9637681159420289,0.9782608695652174,-0.01449275362318847
ctrgcn,limb_occlusion_moderate,0,drink water,274,0.8321167883211679,0.48175182481751827,0.3503649635036496
ctrgcn,limb_occlusion_moderate,1,eat meal/snack,275,0.7236363636363636,0.43272727272727274,0.2909090909090909
ctrgcn,limb_occlusion_moderate,2,brushing teeth,273,0.8571428571428571,0.4945054945054945,0.36263736263736257
ctrgcn,limb_occlusion_moderate,3,brushing hair,273,0.9120879120879121,0.6483516483516484,0.2637362637362637
ctrgcn,limb_occlusion_moderate,4,drop,275,0.8872727272727273,0.6036363636363636,0.2836363636363637
ctrgcn,limb_occlusion_moderate,5,pickup,275,0.9636363636363636,0.76,0.20363636363636362
ctrgcn,limb_occlusion_moderate,6,throw,275,0.9381818181818182,0.6327272727272727,0.30545454545454553
ctrgcn,limb_occlusion_moderate,7,sitting down,273,0.9597069597069597,0.7252747252747253,0.2344322344322345
ctrgcn,limb_occlusion_moderate,8,standing up (from sitting position),273,0.978021978021978,0.8168498168498168,0.16117216117216115
ctrgcn,limb_occlusion_moderate,9,clapping,273,0.8424908424908425,0.41025641025641024,0.43223443223443225
ctrgcn,limb_occlusion_moderate,10,reading,273,0.5970695970695971,0.4139194139194139,0.18315018315018317
ctrgcn,limb_occlusion_moderate,11,writing,272,0.6176470588235294,0.40808823529411764,0.2095588235294118
ctrgcn,limb_occlusion_moderate,12,tear up paper,271,0.922509225092251,0.5719557195571956,0.3505535055350554
ctrgcn,limb_occlusion_moderate,13,wear jacket,275,0.9854545454545455,0.6145454545454545,0.37090909090909097
ctrgcn,limb_occlusion_moderate,14,take off jacket,276,0.9855072463768116,0.8043478260869565,0.1811594202898551
ctrgcn,limb_occlusion_moderate,15,wear a shoe,273,0.9010989010989011,0.48717948717948717,0.41391941391941395
ctrgcn,limb_occlusion_moderate,16,take off a shoe,274,0.8065693430656934,0.5145985401459854,0.291970802919708
ctrgcn,limb_occlusion_moderate,17,wear on glasses,273,0.9084249084249084,0.6373626373626373,0.2710622710622711
ctrgcn,limb_occlusion_moderate,18,take off glasses,274,0.9416058394160584,0.7372262773722628,0.2043795620437956
ctrgcn,limb_occlusion_moderate,19,put on a hat/cap,272,0.9595588235294118,0.6470588235294118,0.3125
ctrgcn,limb_occlusion_moderate,20,take off a hat/cap,273,0.967032967032967,0.5860805860805861,0.38095238095238093
ctrgcn,limb_occlusion_moderate,21,cheer up,274,0.9343065693430657,0.5182481751824818,0.4160583941605839
ctrgcn,limb_occlusion_moderate,22,hand waving,274,0.9197080291970803,0.6204379562043796,0.2992700729927007
ctrgcn,limb_occlusion_moderate,23,kicking something,276,0.9637681159420289,0.7536231884057971,0.21014492753623182
ctrgcn,limb_occlusion_moderate,24,reach into pocket,274,0.8686131386861314,0.7372262773722628,0.13138686131386867
ctrgcn,limb_occlusion_moderate,25,hopping (one foot jumping),275,0.9854545454545455,0.8690909090909091,0.11636363636363634
ctrgcn,limb_occlusion_moderate,26,jump up,276,1.0,0.8260869565217391,0.17391304347826086
ctrgcn,limb_occlusion_moderate,27,make a phone call/answer phone,275,0.9054545454545454,0.5418181818181819,0.36363636363636354
ctrgcn,limb_occlusion_moderate,28,playing with phone/tablet,275,0.6909090909090909,0.4072727272727273,0.28363636363636363
ctrgcn,limb_occlusion_moderate,29,typing on a keyboard,275,0.7563636363636363,0.7381818181818182,0.018181818181818188
ctrgcn,limb_occlusion_moderate,30,pointing to something with finger,276,0.8297101449275363,0.5108695652173914,0.3188405797101449
ctrgcn,limb_occlusion_moderate,31,taking a selfie,276,0.8804347826086957,0.5652173913043478,0.3152173913043479
ctrgcn,limb_occlusion_moderate,32,check time (from watch),276,0.9057971014492754,0.5036231884057971,0.40217391304347827
ctrgcn,limb_occlusion_moderate,33,rub two hands together,276,0.9202898550724637,0.6485507246376812,0.2717391304347826
ctrgcn,limb_occlusion_moderate,34,nod head/bow,276,0.9746376811594203,0.6159420289855072,0.3586956521739131
ctrgcn,limb_occlusion_moderate,35,shake head,275,0.96,0.7418181818181818,0.21818181818181814
ctrgcn,limb_occlusion_moderate,36,wipe face,276,0.8369565217391305,0.45652173913043476,0.38043478260869573
ctrgcn,limb_occlusion_moderate,37,salute,276,0.927536231884058,0.5289855072463768,0.39855072463768115
ctrgcn,limb_occlusion_moderate,38,put the palms together,276,0.9130434782608695,0.4891304347826087,0.4239130434782608
ctrgcn,limb_occlusion_moderate,39,cross hands in front (say stop),276,0.9528985507246377,0.40942028985507245,0.5434782608695652
ctrgcn,limb_occlusion_moderate,40,sneeze/cough,276,0.7753623188405797,0.40942028985507245,0.36594202898550726
ctrgcn,limb_occlusion_moderate,41,staggering,276,0.9963768115942029,0.7391304347826086,0.25724637681159424
ctrgcn,limb_occlusion_moderate,42,falling,275,0.9927272727272727,0.8290909090909091,0.16363636363636358
ctrgcn,limb_occlusion_moderate,43,touch head (headache),276,0.8405797101449275,0.4384057971014493,0.4021739130434782
ctrgcn,limb_occlusion_moderate,44,touch chest (stomachache/heart pain),276,0.9347826086956522,0.7065217391304348,0.2282608695652174
ctrgcn,limb_occlusion_moderate,45,touch back (backache),276,0.9492753623188406,0.717391304347826,0.23188405797101452
ctrgcn,limb_occlusion_moderate,46,touch neck (neckache),276,0.8985507246376812,0.5688405797101449,0.32971014492753625
ctrgcn,limb_occlusion_moderate,47,nausea or vomiting condition,275,0.8618181818181818,0.33090909090909093,0.5309090909090909
ctrgcn,limb_occlusion_moderate,48,use a fan (with hand or paper)/feeling warm,275,0.9345454545454546,0.5927272727272728,0.3418181818181818
ctrgcn,limb_occlusion_moderate,49,punching/slapping other person,274,0.9306569343065694,0.7408759124087592,0.1897810218978102
ctrgcn,limb_occlusion_moderate,50,kicking other person,276,0.9528985507246377,0.6159420289855072,0.3369565217391305
ctrgcn,limb_occlusion_moderate,51,pushing other person,276,0.9565217391304348,0.6086956521739131,0.34782608695652173
ctrgcn,limb_occlusion_moderate,52,pat on back of other person,276,0.9130434782608695,0.7210144927536232,0.19202898550724634
ctrgcn,limb_occlusion_moderate,53,point finger at the other person,276,0.9094202898550725,0.5543478260869565,0.35507246376811596
ctrgcn,limb_occlusion_moderate,54,hugging other person,274,0.9817518248175182,0.8102189781021898,0.17153284671532842
ctrgcn,limb_occlusion_moderate,55,giving something to other person,276,0.9239130434782609,0.7210144927536232,0.2028985507246377
ctrgcn,limb_occlusion_moderate,56,touch other person's pocket,275,0.9054545454545454,0.7890909090909091,0.11636363636363634
ctrgcn,limb_occlusion_moderate,57,handshaking,276,0.9710144927536232,0.6666666666666666,0.30434782608695654
ctrgcn,limb_occlusion_moderate,58,walking towards each other,273,1.0,0.7912087912087912,0.20879120879120883
ctrgcn,limb_occlusion_moderate,59,walking apart from each other,276,0.9637681159420289,0.9456521739130435,0.018115942028985477
ctrgcn,limb_occlusion_severe,0,drink water,274,0.8321167883211679,0.2773722627737226,0.5547445255474452
ctrgcn,limb_occlusion_severe,1,eat meal/snack,275,0.7236363636363636,0.3054545454545455,0.41818181818181815
ctrgcn,limb_occlusion_severe,2,brushing teeth,273,0.8571428571428571,0.336996336996337,0.5201465201465201
ctrgcn,limb_occlusion_severe,3,brushing hair,273,0.9120879120879121,0.4249084249084249,0.48717948717948717
ctrgcn,limb_occlusion_severe,4,drop,275,0.8872727272727273,0.4290909090909091,0.45818181818181825
ctrgcn,limb_occlusion_severe,5,pickup,275,0.9636363636363636,0.5018181818181818,0.4618181818181818
ctrgcn,limb_occlusion_severe,6,throw,275,0.9381818181818182,0.38181818181818183,0.5563636363636364
ctrgcn,limb_occlusion_severe,7,sitting down,273,0.9597069597069597,0.16483516483516483,0.7948717948717949
ctrgcn,limb_occlusion_severe,8,standing up (from sitting position),273,0.978021978021978,0.47619047619047616,0.5018315018315018
ctrgcn,limb_occlusion_severe,9,clapping,273,0.8424908424908425,0.19413919413919414,0.6483516483516484
ctrgcn,limb_occlusion_severe,10,reading,273,0.5970695970695971,0.2087912087912088,0.38827838827838823
ctrgcn,limb_occlusion_severe,11,writing,272,0.6176470588235294,0.26838235294117646,0.349264705882353
ctrgcn,limb_occlusion_severe,12,tear up paper,271,0.922509225092251,0.36162361623616235,0.5608856088560886
ctrgcn,limb_occlusion_severe,13,wear jacket,275,0.9854545454545455,0.23272727272727273,0.7527272727272727
ctrgcn,limb_occlusion_severe,14,take off jacket,276,0.9855072463768116,0.5217391304347826,0.46376811594202905
ctrgcn,limb_occlusion_severe,15,wear a shoe,273,0.9010989010989011,0.15018315018315018,0.7509157509157509
ctrgcn,limb_occlusion_severe,16,take off a shoe,274,0.8065693430656934,0.23722627737226276,0.5693430656934306
ctrgcn,limb_occlusion_severe,17,wear on glasses,273,0.9084249084249084,0.43223443223443225,0.47619047619047616
ctrgcn,limb_occlusion_severe,18,take off glasses,274,0.9416058394160584,0.5474452554744526,0.3941605839416058
ctrgcn,limb_occlusion_severe,19,put on a hat/cap,272,0.9595588235294118,0.4227941176470588,0.536764705882353
ctrgcn,limb_occlusion_severe,20,take off a hat/cap,273,0.967032967032967,0.3772893772893773,0.5897435897435898
ctrgcn,limb_occlusion_severe,21,cheer up,274,0.9343065693430657,0.21897810218978103,0.7153284671532847
ctrgcn,limb_occlusion_severe,22,hand waving,274,0.9197080291970803,0.43795620437956206,0.4817518248175182
ctrgcn,limb_occlusion_severe,23,kicking something,276,0.9637681159420289,0.43478260869565216,0.5289855072463767
ctrgcn,limb_occlusion_severe,24,reach into pocket,274,0.8686131386861314,0.5656934306569343,0.3029197080291971
ctrgcn,limb_occlusion_severe,25,hopping (one foot jumping),275,0.9854545454545455,0.5309090909090909,0.4545454545454546
ctrgcn,limb_occlusion_severe,26,jump up,276,1.0,0.44565217391304346,0.5543478260869565
ctrgcn,limb_occlusion_severe,27,make a phone call/answer phone,275,0.9054545454545454,0.3054545454545455,0.5999999999999999
ctrgcn,limb_occlusion_severe,28,playing with phone/tablet,275,0.6909090909090909,0.2581818181818182,0.43272727272727274
ctrgcn,limb_occlusion_severe,29,typing on a keyboard,275,0.7563636363636363,0.7563636363636363,0.0
ctrgcn,limb_occlusion_severe,30,pointing to something with finger,276,0.8297101449275363,0.32971014492753625,0.5
ctrgcn,limb_occlusion_severe,31,taking a selfie,276,0.8804347826086957,0.2644927536231884,0.6159420289855073
ctrgcn,limb_occlusion_severe,32,check time (from watch),276,0.9057971014492754,0.3333333333333333,0.5724637681159421
ctrgcn,limb_occlusion_severe,33,rub two hands together,276,0.9202898550724637,0.4420289855072464,0.47826086956521735
ctrgcn,limb_occlusion_severe,34,nod head/bow,276,0.9746376811594203,0.358695652173913,0.6159420289855073
ctrgcn,limb_occlusion_severe,35,shake head,275,0.96,0.64,0.31999999999999995
ctrgcn,limb_occlusion_severe,36,wipe face,276,0.8369565217391305,0.286231884057971,0.5507246376811594
ctrgcn,limb_occlusion_severe,37,salute,276,0.927536231884058,0.35507246376811596,0.572463768115942
ctrgcn,limb_occlusion_severe,38,put the palms together,276,0.9130434782608695,0.2644927536231884,0.6485507246376812
ctrgcn,limb_occlusion_severe,39,cross hands in front (say stop),276,0.9528985507246377,0.15942028985507245,0.7934782608695652
ctrgcn,limb_occlusion_severe,40,sneeze/cough,276,0.7753623188405797,0.21014492753623187,0.5652173913043479
ctrgcn,limb_occlusion_severe,41,staggering,276,0.9963768115942029,0.17391304347826086,0.822463768115942
ctrgcn,limb_occlusion_severe,42,falling,275,0.9927272727272727,0.17454545454545456,0.8181818181818181
ctrgcn,limb_occlusion_severe,43,touch head (headache),276,0.8405797101449275,0.2717391304347826,0.5688405797101449
ctrgcn,limb_occlusion_severe,44,touch chest (stomachache/heart pain),276,0.9347826086956522,0.5869565217391305,0.34782608695652173
ctrgcn,limb_occlusion_severe,45,touch back (backache),276,0.9492753623188406,0.4782608695652174,0.47101449275362317
ctrgcn,limb_occlusion_severe,46,touch neck (neckache),276,0.8985507246376812,0.37318840579710144,0.5253623188405797
ctrgcn,limb_occlusion_severe,47,nausea or vomiting condition,275,0.8618181818181818,0.10545454545454545,0.7563636363636363
ctrgcn,limb_occlusion_severe,48,use a fan (with hand or paper)/feeling warm,275,0.9345454545454546,0.36727272727272725,0.5672727272727274
ctrgcn,limb_occlusion_severe,49,punching/slapping other person,274,0.9306569343065694,0.5072992700729927,0.4233576642335767
ctrgcn,limb_occlusion_severe,50,kicking other person,276,0.9528985507246377,0.322463768115942,0.6304347826086957
ctrgcn,limb_occlusion_severe,51,pushing other person,276,0.9565217391304348,0.36231884057971014,0.5942028985507246
ctrgcn,limb_occlusion_severe,52,pat on back of other person,276,0.9130434782608695,0.5253623188405797,0.3876811594202898
ctrgcn,limb_occlusion_severe,53,point finger at the other person,276,0.9094202898550725,0.3442028985507246,0.5652173913043479
ctrgcn,limb_occlusion_severe,54,hugging other person,274,0.9817518248175182,0.4489051094890511,0.5328467153284671
ctrgcn,limb_occlusion_severe,55,giving something to other person,276,0.9239130434782609,0.4855072463768116,0.4384057971014493
ctrgcn,limb_occlusion_severe,56,touch other person's pocket,275,0.9054545454545454,0.6,0.3054545454545454
ctrgcn,limb_occlusion_severe,57,handshaking,276,0.9710144927536232,0.463768115942029,0.5072463768115942
ctrgcn,limb_occlusion_severe,58,walking towards each other,273,1.0,0.27472527472527475,0.7252747252747253
ctrgcn,limb_occlusion_severe,59,walking apart from each other,276,0.9637681159420289,0.6268115942028986,0.3369565217391304
ctrgcn,mixed_mild,0,drink water,274,0.8321167883211679,0.5547445255474452,0.2773722627737226
ctrgcn,mixed_mild,1,eat meal/snack,275,0.7236363636363636,0.4618181818181818,0.26181818181818184
ctrgcn,mixed_mild,2,brushing teeth,273,0.8571428571428571,0.575091575091575,0.28205128205128205
ctrgcn,mixed_mild,3,brushing hair,273,0.9120879120879121,0.5494505494505495,0.36263736263736257
ctrgcn,mixed_mild,4,drop,275,0.8872727272727273,0.730909090909091,0.15636363636363637
ctrgcn,mixed_mild,5,pickup,275,0.9636363636363636,0.7672727272727272,0.1963636363636364
ctrgcn,mixed_mild,6,throw,275,0.9381818181818182,0.7709090909090909,0.16727272727272735
ctrgcn,mixed_mild,7,sitting down,273,0.9597069597069597,0.7362637362637363,0.22344322344322343
ctrgcn,mixed_mild,8,standing up (from sitting position),273,0.978021978021978,0.8498168498168498,0.1282051282051282
ctrgcn,mixed_mild,9,clapping,273,0.8424908424908425,0.5604395604395604,0.28205128205128205
ctrgcn,mixed_mild,10,reading,273,0.5970695970695971,0.2893772893772894,0.30769230769230765
ctrgcn,mixed_mild,11,writing,272,0.6176470588235294,0.33088235294117646,0.286764705882353
ctrgcn,mixed_mild,12,tear up paper,271,0.922509225092251,0.6752767527675276,0.24723247232472334
ctrgcn,mixed_mild,13,wear jacket,275,0.9854545454545455,0.7672727272727272,0.21818181818181825
ctrgcn,mixed_mild,14,take off jacket,276,0.9855072463768116,0.8079710144927537,0.17753623188405798
ctrgcn,mixed_mild,15,wear a shoe,273,0.9010989010989011,0.46886446886446886,0.43223443223443225
ctrgcn,mixed_mild,16,take off a shoe,274,0.8065693430656934,0.4744525547445255,0.33211678832116787
ctrgcn,mixed_mild,17,wear on glasses,273,0.9084249084249084,0.663003663003663,0.24542124542124544
ctrgcn,mixed_mild,18,take off glasses,274,0.9416058394160584,0.7591240875912408,0.18248175182481752
ctrgcn,mixed_mild,19,put on a hat/cap,272,0.9595588235294118,0.6397058823529411,0.3198529411764707
ctrgcn,mixed_mild,20,take off a hat/cap,273,0.967032967032967,0.717948717948718,0.2490842490842491
ctrgcn,mixed_mild,21,cheer up,274,0.9343065693430657,0.7116788321167883,0.22262773722627738
ctrgcn,mixed_mild,22,hand waving,274,0.9197080291970803,0.7737226277372263,0.14598540145985395
ctrgcn,mixed_mild,23,kicking something,276,0.9637681159420289,0.5760869565217391,0.3876811594202898
ctrgcn,mixed_mild,24,reach into pocket,274,0.8686131386861314,0.39416058394160586,0.4744525547445256
ctrgcn,mixed_mild,25,hopping (one foot jumping),275,0.9854545454545455,0.6909090909090909,0.29454545454545455
ctrgcn,mixed_mild,26,jump up,276,1.0,0.8840579710144928,0.1159420289855072
ctrgcn,mixed_mild,27,make a phone call/answer phone,275,0.9054545454545454,0.43636363636363634,0.46909090909090906
ctrgcn,mixed_mild,28,playing with phone/tablet,275,0.6909090909090909,0.3018181818181818,0.3890909090909091
ctrgcn,mixed_mild,29,typing on a keyboard,275,0.7563636363636363,0.5127272727272727,0.24363636363636365
ctrgcn,mixed_mild,30,pointing to something with finger,276,0.8297101449275363,0.5905797101449275,0.23913043478260876
ctrgcn,mixed_mild,31,taking a selfie,276,0.8804347826086957,0.6521739130434783,0.2282608695652174
ctrgcn,mixed_mild,32,check time (from watch),276,0.9057971014492754,0.5507246376811594,0.35507246376811596
ctrgcn,mixed_mild,33,rub two hands together,276,0.9202898550724637,0.5289855072463768,0.3913043478260869
ctrgcn,mixed_mild,34,nod head/bow,276,0.9746376811594203,0.7644927536231884,0.21014492753623193
ctrgcn,mixed_mild,35,shake head,275,0.96,0.29818181818181816,0.6618181818181819
ctrgcn,mixed_mild,36,wipe face,276,0.8369565217391305,0.2572463768115942,0.5797101449275364
ctrgcn,mixed_mild,37,salute,276,0.927536231884058,0.8442028985507246,0.08333333333333337
ctrgcn,mixed_mild,38,put the palms together,276,0.9130434782608695,0.6557971014492754,0.2572463768115941
ctrgcn,mixed_mild,39,cross hands in front (say stop),276,0.9528985507246377,0.7065217391304348,0.24637681159420288
ctrgcn,mixed_mild,40,sneeze/cough,276,0.7753623188405797,0.4311594202898551,0.3442028985507246
ctrgcn,mixed_mild,41,staggering,276,0.9963768115942029,0.5978260869565217,0.39855072463768115
ctrgcn,mixed_mild,42,falling,275,0.9927272727272727,0.9090909090909091,0.08363636363636362
ctrgcn,mixed_mild,43,touch head (headache),276,0.8405797101449275,0.35144927536231885,0.48913043478260865
ctrgcn,mixed_mild,44,touch chest (stomachache/heart pain),276,0.9347826086956522,0.7318840579710145,0.2028985507246377
ctrgcn,mixed_mild,45,touch back (backache),276,0.9492753623188406,0.5615942028985508,0.3876811594202898
ctrgcn,mixed_mild,46,touch neck (neckache),276,0.8985507246376812,0.286231884057971,0.6123188405797102
ctrgcn,mixed_mild,47,nausea or vomiting condition,275,0.8618181818181818,0.5018181818181818,0.36
ctrgcn,mixed_mild,48,use a fan (with hand or paper)/feeling warm,275,0.9345454545454546,0.7709090909090909,0.1636363636363637
ctrgcn,mixed_mild,49,punching/slapping other person,274,0.9306569343065694,0.5875912408759124,0.34306569343065696
ctrgcn,mixed_mild,50,kicking other person,276,0.9528985507246377,0.42028985507246375,0.532608695652174
ctrgcn,mixed_mild,51,pushing other person,276,0.9565217391304348,0.5978260869565217,0.3586956521739131
ctrgcn,mixed_mild,52,pat on back of other person,276,0.9130434782608695,0.6992753623188406,0.21376811594202894
ctrgcn,mixed_mild,53,point finger at the other person,276,0.9094202898550725,0.6159420289855072,0.2934782608695653
ctrgcn,mixed_mild,54,hugging other person,274,0.9817518248175182,0.791970802919708,0.1897810218978102
ctrgcn,mixed_mild,55,giving something to other person,276,0.9239130434782609,0.6413043478260869,0.28260869565217395
ctrgcn,mixed_mild,56,touch other person's pocket,275,0.9054545454545454,0.5636363636363636,0.3418181818181818
ctrgcn,mixed_mild,57,handshaking,276,0.9710144927536232,0.5108695652173914,0.4601449275362318
ctrgcn,mixed_mild,58,walking towards each other,273,1.0,0.684981684981685,0.315018315018315
ctrgcn,mixed_mild,59,walking apart from each other,276,0.9637681159420289,0.8079710144927537,0.15579710144927528
ctrgcn,mixed_moderate,0,drink water,274,0.8321167883211679,0.15328467153284672,0.6788321167883211
ctrgcn,mixed_moderate,1,eat meal/snack,275,0.7236363636363636,0.14181818181818182,0.5818181818181818
ctrgcn,mixed_moderate,2,brushing teeth,273,0.8571428571428571,0.2783882783882784,0.5787545787545787
ctrgcn,mixed_moderate,3,brushing hair,273,0.9120879120879121,0.21245421245421245,0.6996336996336996
ctrgcn,mixed_moderate,4,drop,275,0.8872727272727273,0.41818181818181815,0.46909090909090917
ctrgcn,mixed_moderate,5,pickup,275,0.9636363636363636,0.24727272727272728,0.7163636363636363
ctrgcn,mixed_moderate,6,throw,275,0.9381818181818182,0.36,0.5781818181818182
ctrgcn,mixed_moderate,7,sitting down,273,0.9597069597069597,0.18315018315018314,0.7765567765567766
ctrgcn,mixed_moderate,8,standing up (from sitting position),273,0.978021978021978,0.32234432234432236,0.6556776556776556
ctrgcn,mixed_moderate,9,clapping,273,0.8424908424908425,0.21978021978021978,0.6227106227106227
ctrgcn,mixed_moderate,10,reading,273,0.5970695970695971,0.14285714285714285,0.4542124542124542
ctrgcn,mixed_moderate,11,writing,272,0.6176470588235294,0.23161764705882354,0.3860294117647059
ctrgcn,mixed_moderate,12,tear up paper,271,0.922509225092251,0.22509225092250923,0.6974169741697418
ctrgcn,mixed_moderate,13,wear jacket,275,0.9854545454545455,0.28363636363636363,0.7018181818181819
ctrgcn,mixed_moderate,14,take off jacket,276,0.9855072463768116,0.36231884057971014,0.6231884057971016
ctrgcn,mixed_moderate,15,wear a shoe,273,0.9010989010989011,0.09523809523809523,0.8058608058608059
ctrgcn,mixed_moderate,16,take off a shoe,274,0.8065693430656934,0.18613138686131386,0.6204379562043796
ctrgcn,mixed_moderate,17,wear on glasses,273,0.9084249084249084,0.2600732600732601,0.6483516483516483
ctrgcn,mixed_moderate,18,take off glasses,274,0.9416058394160584,0.3248175182481752,0.6167883211678832
ctrgcn,mixed_moderate,19,put on a hat/cap,272,0.9595588235294118,0.2867647058823529,0.6727941176470589
ctrgcn,mixed_moderate,20,take off a hat/cap,273,0.967032967032967,0.3663003663003663,0.6007326007326008
ctrgcn,mixed_moderate,21,cheer up,274,0.9343065693430657,0.4124087591240876,0.5218978102189781
ctrgcn,mixed_moderate,22,hand waving,274,0.9197080291970803,0.5474452554744526,0.3722627737226277
ctrgcn,mixed_moderate,23,kicking something,276,0.9637681159420289,0.2028985507246377,0.7608695652173912
ctrgcn,mixed_moderate,24,reach into pocket,274,0.8686131386861314,0.15328467153284672,0.7153284671532847
ctrgcn,mixed_moderate,25,hopping (one foot jumping),275,0.9854545454545455,0.2872727272727273,0.6981818181818182
ctrgcn,mixed_moderate,26,jump up,276,1.0,0.38768115942028986,0.6123188405797102
ctrgcn,mixed_moderate,27,make a phone call/answer phone,275,0.9054545454545454,0.16363636363636364,0.7418181818181817
ctrgcn,mixed_moderate,28,playing with phone/tablet,275,0.6909090909090909,0.10909090909090909,0.5818181818181818
ctrgcn,mixed_moderate,29,typing on a keyboard,275,0.7563636363636363,0.3490909090909091,0.40727272727272723
ctrgcn,mixed_moderate,30,pointing to something with finger,276,0.8297101449275363,0.26811594202898553,0.5615942028985508
ctrgcn,mixed_moderate,31,taking a selfie,276,0.8804347826086957,0.286231884057971,0.5942028985507246
ctrgcn,mixed_moderate,32,check time (from watch),276,0.9057971014492754,0.2318840579710145,0.6739130434782609
ctrgcn,mixed_moderate,33,rub two hands together,276,0.9202898550724637,0.23550724637681159,0.6847826086956521
ctrgcn,mixed_moderate,34,nod head/bow,276,0.9746376811594203,0.39855072463768115,0.5760869565217391
ctrgcn,mixed_moderate,35,shake head,275,0.96,0.1890909090909091,0.7709090909090909
ctrgcn,mixed_moderate,36,wipe face,276,0.8369565217391305,0.11956521739130435,0.7173913043478262
ctrgcn,mixed_moderate,37,salute,276,0.927536231884058,0.5833333333333334,0.3442028985507246
ctrgcn,mixed_moderate,38,put the palms together,276,0.9130434782608695,0.22826086956521738,0.6847826086956521
ctrgcn,mixed_moderate,39,cross hands in front (say stop),276,0.9528985507246377,0.391304347826087,0.5615942028985508
ctrgcn,mixed_moderate,40,sneeze/cough,276,0.7753623188405797,0.2028985507246377,0.572463768115942
ctrgcn,mixed_moderate,41,staggering,276,0.9963768115942029,0.21014492753623187,0.786231884057971
ctrgcn,mixed_moderate,42,falling,275,0.9927272727272727,0.36727272727272725,0.6254545454545455
ctrgcn,mixed_moderate,43,touch head (headache),276,0.8405797101449275,0.16666666666666666,0.6739130434782609
ctrgcn,mixed_moderate,44,touch chest (stomachache/heart pain),276,0.9347826086956522,0.35507246376811596,0.5797101449275363
ctrgcn,mixed_moderate,45,touch back (backache),276,0.9492753623188406,0.22826086956521738,0.7210144927536232
ctrgcn,mixed_moderate,46,touch neck (neckache),276,0.8985507246376812,0.08333333333333333,0.8152173913043478
ctrgcn,mixed_moderate,47,nausea or vomiting condition,275,0.8618181818181818,0.19272727272727272,0.6690909090909091
ctrgcn,mixed_moderate,48,use a fan (with hand or paper)/feeling warm,275,0.9345454545454546,0.5818181818181818,0.3527272727272728
ctrgcn,mixed_moderate,49,punching/slapping other person,274,0.9306569343065694,0.18613138686131386,0.7445255474452555
ctrgcn,mixed_moderate,50,kicking other person,276,0.9528985507246377,0.15942028985507245,0.7934782608695652
ctrgcn,mixed_moderate,51,pushing other person,276,0.9565217391304348,0.13405797101449277,0.822463768115942
ctrgcn,mixed_moderate,52,pat on back of other person,276,0.9130434782608695,0.5289855072463768,0.3840579710144927
ctrgcn,mixed_moderate,53,point finger at the other person,276,0.9094202898550725,0.27898550724637683,0.6304347826086957
ctrgcn,mixed_moderate,54,hugging other person,274,0.9817518248175182,0.291970802919708,0.6897810218978102
ctrgcn,mixed_moderate,55,giving something to other person,276,0.9239130434782609,0.17028985507246377,0.7536231884057971
ctrgcn,mixed_moderate,56,touch other person's pocket,275,0.9054545454545454,0.19636363636363635,0.709090909090909
ctrgcn,mixed_moderate,57,handshaking,276,0.9710144927536232,0.19202898550724637,0.7789855072463768
ctrgcn,mixed_moderate,58,walking towards each other,273,1.0,0.39194139194139194,0.6080586080586081
ctrgcn,mixed_moderate,59,walking apart from each other,276,0.9637681159420289,0.2826086956521739,0.681159420289855
ctrgcn,mixed_severe,0,drink water,274,0.8321167883211679,0.06204379562043796,0.7700729927007299
ctrgcn,mixed_severe,1,eat meal/snack,275,0.7236363636363636,0.08,0.6436363636363637
ctrgcn,mixed_severe,2,brushing teeth,273,0.8571428571428571,0.0989010989010989,0.7582417582417582
ctrgcn,mixed_severe,3,brushing hair,273,0.9120879120879121,0.10989010989010989,0.8021978021978022
ctrgcn,mixed_severe,4,drop,275,0.8872727272727273,0.1890909090909091,0.6981818181818182
ctrgcn,mixed_severe,5,pickup,275,0.9636363636363636,0.09090909090909091,0.8727272727272727
ctrgcn,mixed_severe,6,throw,275,0.9381818181818182,0.15636363636363637,0.7818181818181819
ctrgcn,mixed_severe,7,sitting down,273,0.9597069597069597,0.06227106227106227,0.8974358974358975
ctrgcn,mixed_severe,8,standing up (from sitting position),273,0.978021978021978,0.10256410256410256,0.8754578754578755
ctrgcn,mixed_severe,9,clapping,273,0.8424908424908425,0.06227106227106227,0.7802197802197802
ctrgcn,mixed_severe,10,reading,273,0.5970695970695971,0.06593406593406594,0.5311355311355311
ctrgcn,mixed_severe,11,writing,272,0.6176470588235294,0.19117647058823528,0.42647058823529416
ctrgcn,mixed_severe,12,tear up paper,271,0.922509225092251,0.07380073800738007,0.8487084870848709
ctrgcn,mixed_severe,13,wear jacket,275,0.9854545454545455,0.10181818181818182,0.8836363636363637
ctrgcn,mixed_severe,14,take off jacket,276,0.9855072463768116,0.14855072463768115,0.8369565217391305
ctrgcn,mixed_severe,15,wear a shoe,273,0.9010989010989011,0.040293040293040296,0.8608058608058609
ctrgcn,mixed_severe,16,take off a shoe,274,0.8065693430656934,0.05474452554744526,0.7518248175182481
ctrgcn,mixed_severe,17,wear on glasses,273,0.9084249084249084,0.10622710622710622,0.8021978021978022
ctrgcn,mixed_severe,18,take off glasses,274,0.9416058394160584,0.12408759124087591,0.8175182481751825
ctrgcn,mixed_severe,19,put on a hat/cap,272,0.9595588235294118,0.08823529411764706,0.8713235294117647
ctrgcn,mixed_severe,20,take off a hat/cap,273,0.967032967032967,0.19047619047619047,0.7765567765567766
ctrgcn,mixed_severe,21,cheer up,274,0.9343065693430657,0.23357664233576642,0.7007299270072993
ctrgcn,mixed_severe,22,hand waving,274,0.9197080291970803,0.3759124087591241,0.5437956204379562
ctrgcn,mixed_severe,23,kicking something,276,0.9637681159420289,0.09057971014492754,0.8731884057971014
ctrgcn,mixed_severe,24,reach into pocket,274,0.8686131386861314,0.11678832116788321,0.7518248175182483
ctrgcn,mixed_severe,25,hopping (one foot jumping),275,0.9854545454545455,0.12727272727272726,0.8581818181818182
ctrgcn,mixed_severe,26,jump up,276,1.0,0.19927536231884058,0.8007246376811594
ctrgcn,mixed_severe,27,make a phone call/answer phone,275,0.9054545454545454,0.10181818181818182,0.8036363636363636
ctrgcn,mixed_severe,28,playing with phone/tablet,275,0.6909090909090909,0.11272727272727273,0.5781818181818181
ctrgcn,mixed_severe,29,typing on a keyboard,275,0.7563636363636363,0.2581818181818182,0.49818181818181817
ctrgcn,mixed_severe,30,pointing to something with finger,276,0.8297101449275363,0.11956521739130435,0.7101449275362319
ctrgcn,mixed_severe,31,taking a selfie,276,0.8804347826086957,0.13405797101449277,0.7463768115942029
ctrgcn,mixed_severe,32,check time (from watch),276,0.9057971014492754,0.10869565217391304,0.7971014492753623
ctrgcn,mixed_severe,33,rub two hands together,276,0.9202898550724637,0.11956521739130435,0.8007246376811594
ctrgcn,mixed_severe,34,nod head/bow,276,0.9746376811594203,0.2246376811594203,0.75
ctrgcn,mixed_severe,35,shake head,275,0.96,0.18545454545454546,0.7745454545454545
ctrgcn,mixed_severe,36,wipe face,276,0.8369565217391305,0.10144927536231885,0.7355072463768116
ctrgcn,mixed_severe,37,salute,276,0.927536231884058,0.32971014492753625,0.5978260869565217
ctrgcn,mixed_severe,38,put the palms together,276,0.9130434782608695,0.09420289855072464,0.8188405797101449
ctrgcn,mixed_severe,39,cross hands in front (say stop),276,0.9528985507246377,0.15942028985507245,0.7934782608695652
ctrgcn,mixed_severe,40,sneeze/cough,276,0.7753623188405797,0.12318840579710146,0.6521739130434783
ctrgcn,mixed_severe,41,staggering,276,0.9963768115942029,0.07608695652173914,0.9202898550724637
ctrgcn,mixed_severe,42,falling,275,0.9927272727272727,0.11636363636363636,0.8763636363636363
ctrgcn,mixed_severe,43,touch head (headache),276,0.8405797101449275,0.10507246376811594,0.7355072463768115
ctrgcn,mixed_severe,44,touch chest (stomachache/heart pain),276,0.9347826086956522,0.16304347826086957,0.7717391304347827
ctrgcn,mixed_severe,45,touch back (backache),276,0.9492753623188406,0.14855072463768115,0.8007246376811594
ctrgcn,mixed_severe,46,touch neck (neckache),276,0.8985507246376812,0.04710144927536232,0.8514492753623188
ctrgcn,mixed_severe,47,nausea or vomiting condition,275,0.8618181818181818,0.06545454545454546,0.7963636363636364
ctrgcn,mixed_severe,48,use a fan (with hand or paper)/feeling warm,275,0.9345454545454546,0.3381818181818182,0.5963636363636364
ctrgcn,mixed_severe,49,punching/slapping other person,274,0.9306569343065694,0.09854014598540146,0.8321167883211679
ctrgcn,mixed_severe,50,kicking other person,276,0.9528985507246377,0.09420289855072464,0.8586956521739131
ctrgcn,mixed_severe,51,pushing other person,276,0.9565217391304348,0.05434782608695652,0.9021739130434783
ctrgcn,mixed_severe,52,pat on back of other person,276,0.9130434782608695,0.30434782608695654,0.608695652173913
ctrgcn,mixed_severe,53,point finger at the other person,276,0.9094202898550725,0.09782608695652174,0.8115942028985508
ctrgcn,mixed_severe,54,hugging other person,274,0.9817518248175182,0.21897810218978103,0.7627737226277371
ctrgcn,mixed_severe,55,giving something to other person,276,0.9239130434782609,0.07608695652173914,0.8478260869565217
ctrgcn,mixed_severe,56,touch other person's pocket,275,0.9054545454545454,0.17454545454545456,0.7309090909090908
ctrgcn,mixed_severe,57,handshaking,276,0.9710144927536232,0.08333333333333333,0.8876811594202898
ctrgcn,mixed_severe,58,walking towards each other,273,1.0,0.21611721611721613,0.7838827838827839
ctrgcn,mixed_severe,59,walking apart from each other,276,0.9637681159420289,0.18115942028985507,0.7826086956521738
