2026-08-30 18:50:25,060 - pyskl - INFO - Environment info:
------------------------------------------------------------
sys.platform: win32
Python: 3.10.20 | packaged by Anaconda, Inc. | (main, Jun 11 2026, 15:13:20) [MSC v.1942 64 bit (AMD64)]
CUDA available: True
GPU 0: NVIDIA GeForce RTX 4090
CUDA_HOME: C:\Program Files\NVIDIA GPU Computing Toolkit\CUDA\v12.6
NVCC: Cuda compilation tools, release 12.6, V12.6.20
MSVC: 用于 x64 的 Microsoft (R) C/C++ 优化编译器 19.41.34120 版
GCC: n/a
PyTorch: 1.12.1
PyTorch compiling details: PyTorch built with:
  - C++ Version: 199711
  - MSVC 192829337
  - Intel(R) Math Kernel Library Version 2020.0.2 Product Build 20200624 for Intel(R) 64 architecture applications
  - Intel(R) MKL-DNN v2.6.0 (Git Hash 52b5f107dd9cf10910aaa19cb47f3abf9b349815)
  - OpenMP 2019
  - LAPACK is enabled (usually provided by MKL)
  - CPU capability usage: AVX2
  - CUDA Runtime 11.3
  - NVCC architecture flags: -gencode;arch=compute_37,code=sm_37;-gencode;arch=compute_50,code=sm_50;-gencode;arch=compute_60,code=sm_60;-gencode;arch=compute_61,code=sm_61;-gencode;arch=compute_70,code=sm_70;-gencode;arch=compute_75,code=sm_75;-gencode;arch=compute_80,code=sm_80;-gencode;arch=compute_86,code=sm_86;-gencode;arch=compute_37,code=compute_37
  - CuDNN 8.3.2  (built against CUDA 11.5)
  - Magma 2.5.4
  - Build settings: BLAS_INFO=mkl, BUILD_TYPE=Release, CUDA_VERSION=11.3, CUDNN_VERSION=8.3.2, CXX_COMPILER=C:/cb/pytorch_1000000000000/work/tmp_bin/sccache-cl.exe, CXX_FLAGS=/DWIN32 /D_WINDOWS /GR /EHsc /w /bigobj -DUSE_PTHREADPOOL -openmp:experimental -IC:/cb/pytorch_1000000000000/work/mkl/include -DNDEBUG -DUSE_KINETO -DLIBKINETO_NOCUPTI -DUSE_FBGEMM -DUSE_XNNPACK -DSYMBOLICATE_MOBILE_DEBUG_HANDLE -DEDGE_PROFILER_USE_KINETO, LAPACK_INFO=mkl, PERF_WITH_AVX=1, PERF_WITH_AVX2=1, PERF_WITH_AVX512=1, TORCH_VERSION=1.12.1, USE_CUDA=ON, USE_CUDNN=ON, USE_EXCEPTION_PTR=1, USE_GFLAGS=OFF, USE_GLOG=OFF, USE_MKL=ON, USE_MKLDNN=OFF, USE_MPI=OFF, USE_NCCL=OFF, USE_NNPACK=OFF, USE_OPENMP=ON, USE_ROCM=OFF, 

TorchVision: 0.13.1
OpenCV: 5.0.0
MMCV: 1.7.0
MMCV Compiler: MSVC 192829924
MMCV CUDA Compiler: 11.3
pyskl: 0.1.0+unknown
------------------------------------------------------------

2026-08-30 18:50:25,174 - pyskl - INFO - Config: model = dict(
    type='RecognizerGCN',
    backbone=dict(
        type='STGCN',
        gcn_adaptive='init',
        gcn_with_res=True,
        tcn_type='mstcn',
        graph_cfg=dict(layout='nturgb+d', mode='spatial')),
    cls_head=dict(type='GCNHead', num_classes=60, in_channels=256))
dataset_type = 'PoseDataset'
ann_file = 'data/nturgbd/ntu60_inner_split.pkl'
train_pipeline = [
    dict(type='PreNormalize3D'),
    dict(
        type='RandomSkeletonDegrade',
        degrade_type='mixed',
        prob=1.0,
        dataset='nturgb+d',
        severity_sampling='S3',
        mixed_apply_prob=0.5),
    dict(type='GenSkeFeat', dataset='nturgb+d', feats=['j']),
    dict(type='UniformSample', clip_len=100),
    dict(type='PoseDecode'),
    dict(type='FormatGCNInput', num_person=2),
    dict(type='Collect', keys=['keypoint', 'label'], meta_keys=[]),
    dict(type='ToTensor', keys=['keypoint'])
]
val_pipeline = [
    dict(type='PreNormalize3D'),
    dict(type='GenSkeFeat', dataset='nturgb+d', feats=['j']),
    dict(type='UniformSample', clip_len=100, num_clips=1),
    dict(type='PoseDecode'),
    dict(type='FormatGCNInput', num_person=2),
    dict(type='Collect', keys=['keypoint', 'label'], meta_keys=[]),
    dict(type='ToTensor', keys=['keypoint'])
]
test_pipeline = [
    dict(type='PreNormalize3D'),
    dict(type='GenSkeFeat', dataset='nturgb+d', feats=['j']),
    dict(type='UniformSample', clip_len=100, num_clips=10, seed=255),
    dict(type='PoseDecode'),
    dict(type='FormatGCNInput', num_person=2),
    dict(type='Collect', keys=['keypoint', 'label'], meta_keys=[]),
    dict(type='ToTensor', keys=['keypoint'])
]
data = dict(
    videos_per_gpu=32,
    workers_per_gpu=2,
    test_dataloader=dict(videos_per_gpu=1),
    train=dict(
        type='RepeatDataset',
        times=5,
        dataset=dict(
            type='PoseDataset',
            ann_file='data/nturgbd/ntu60_inner_split.pkl',
            pipeline=[
                dict(type='PreNormalize3D'),
                dict(
                    type='RandomSkeletonDegrade',
                    degrade_type='mixed',
                    prob=1.0,
                    dataset='nturgb+d',
                    severity_sampling='S3',
                    mixed_apply_prob=0.5),
                dict(type='GenSkeFeat', dataset='nturgb+d', feats=['j']),
                dict(type='UniformSample', clip_len=100),
                dict(type='PoseDecode'),
                dict(type='FormatGCNInput', num_person=2),
                dict(type='Collect', keys=['keypoint', 'label'], meta_keys=[]),
                dict(type='ToTensor', keys=['keypoint'])
            ],
            split='inner_train')),
    val=dict(
        type='PoseDataset',
        ann_file='data/nturgbd/ntu60_inner_split.pkl',
        pipeline=[
            dict(type='PreNormalize3D'),
            dict(type='GenSkeFeat', dataset='nturgb+d', feats=['j']),
            dict(type='UniformSample', clip_len=100, num_clips=1),
            dict(type='PoseDecode'),
            dict(type='FormatGCNInput', num_person=2),
            dict(type='Collect', keys=['keypoint', 'label'], meta_keys=[]),
            dict(type='ToTensor', keys=['keypoint'])
        ],
        split='inner_val'),
    test=dict(
        type='PoseDataset',
        ann_file='data/nturgbd/ntu60_inner_split.pkl',
        pipeline=[
            dict(type='PreNormalize3D'),
            dict(type='GenSkeFeat', dataset='nturgb+d', feats=['j']),
            dict(type='UniformSample', clip_len=100, num_clips=10, seed=255),
            dict(type='PoseDecode'),
            dict(type='FormatGCNInput', num_person=2),
            dict(type='Collect', keys=['keypoint', 'label'], meta_keys=[]),
            dict(type='ToTensor', keys=['keypoint'])
        ],
        split='inner_val'))
optimizer = dict(
    type='SGD', lr=0.025, momentum=0.9, weight_decay=0.0005, nesterov=True)
optimizer_config = dict(grad_clip=None)
lr_config = dict(policy='CosineAnnealing', min_lr=0, by_epoch=False)
total_epochs = 24
checkpoint_config = dict(interval=1)
evaluation = dict(interval=1, metrics=['top_k_accuracy'])
log_config = dict(interval=100, hooks=[dict(type='TextLoggerHook')])
log_level = 'INFO'
work_dir = './work_dirs/aug_baseline/stgcnpp_j/train/A6_mixed_e24'
dist_params = dict(backend='gloo')
gpu_ids = range(0, 1)

2026-08-30 18:50:25,174 - pyskl - INFO - Set random seed to 255, deterministic: True
2026-08-30 18:50:32,793 - pyskl - INFO - 35436 videos remain after valid thresholding
2026-08-30 18:50:44,642 - pyskl - INFO - 4655 videos remain after valid thresholding
2026-08-30 18:50:44,642 - pyskl - INFO - Start running, host: Administrator@D412-ASUS4090, work_dir: D:\YxjProject\pythonProject\pyskl\work_dirs\aug_baseline\stgcnpp_j\train\A6_mixed_e24
2026-08-30 18:50:44,642 - pyskl - INFO - Hooks will be executed in the following order:
before_run:
(VERY_HIGH   ) CosineAnnealingLrUpdaterHook       
(NORMAL      ) CheckpointHook                     
(NORMAL      ) DistEvalHook                       
(VERY_LOW    ) TextLoggerHook                     
 -------------------- 
before_train_epoch:
(VERY_HIGH   ) CosineAnnealingLrUpdaterHook       
(NORMAL      ) DistSamplerSeedHook                
(NORMAL      ) DistEvalHook                       
(LOW         ) IterTimerHook                      
(VERY_LOW    ) TextLoggerHook                     
 -------------------- 
before_train_iter:
(VERY_HIGH   ) CosineAnnealingLrUpdaterHook       
(NORMAL      ) DistEvalHook                       
(LOW         ) IterTimerHook                      
 -------------------- 
after_train_iter:
(ABOVE_NORMAL) OptimizerHook                      
(NORMAL      ) CheckpointHook                     
(NORMAL      ) DistEvalHook                       
(LOW         ) IterTimerHook                      
(VERY_LOW    ) TextLoggerHook                     
 -------------------- 
after_train_epoch:
(NORMAL      ) CheckpointHook                     
(NORMAL      ) DistEvalHook                       
(VERY_LOW    ) TextLoggerHook                     
 -------------------- 
before_val_epoch:
(NORMAL      ) DistSamplerSeedHook                
(LOW         ) IterTimerHook                      
(VERY_LOW    ) TextLoggerHook                     
 -------------------- 
before_val_iter:
(LOW         ) IterTimerHook                      
 -------------------- 
after_val_iter:
(LOW         ) IterTimerHook                      
 -------------------- 
after_val_epoch:
(VERY_LOW    ) TextLoggerHook                     
 -------------------- 
after_run:
(VERY_LOW    ) TextLoggerHook                     
 -------------------- 
2026-08-30 18:50:44,642 - pyskl - INFO - workflow: [('train', 1)], max: 24 epochs
2026-08-30 18:50:44,642 - pyskl - INFO - Checkpoints will be saved to D:\YxjProject\pythonProject\pyskl\work_dirs\aug_baseline\stgcnpp_j\train\A6_mixed_e24 by HardDiskBackend.
2026-08-30 18:55:13,691 - pyskl - INFO - Epoch [1][100/5537]	lr: 2.500e-02, eta: 4 days, 3:14:16, time: 2.690, data_time: 0.077, memory: 5243, top1_acc: 0.0447, top5_acc: 0.1728, loss_cls: 3.8817, loss: 3.8817
2026-08-30 18:59:32,357 - pyskl - INFO - Epoch [1][200/5537]	lr: 2.500e-02, eta: 4 days, 1:15:03, time: 2.587, data_time: 0.000, memory: 5243, top1_acc: 0.0894, top5_acc: 0.2956, loss_cls: 3.5279, loss: 3.5279
2026-08-30 19:03:48,671 - pyskl - INFO - Epoch [1][300/5537]	lr: 2.500e-02, eta: 4 days, 0:15:06, time: 2.563, data_time: 0.000, memory: 5243, top1_acc: 0.1225, top5_acc: 0.3641, loss_cls: 3.3018, loss: 3.3018
2026-08-30 19:08:06,281 - pyskl - INFO - Epoch [1][400/5537]	lr: 2.500e-02, eta: 3 days, 23:50:09, time: 2.576, data_time: 0.000, memory: 5243, top1_acc: 0.1509, top5_acc: 0.4238, loss_cls: 3.1089, loss: 3.1089
2026-08-30 19:12:22,950 - pyskl - INFO - Epoch [1][500/5537]	lr: 2.500e-02, eta: 3 days, 23:29:18, time: 2.567, data_time: 0.000, memory: 5243, top1_acc: 0.1769, top5_acc: 0.5031, loss_cls: 2.9312, loss: 2.9312
2026-08-30 19:16:37,703 - pyskl - INFO - Epoch [1][600/5537]	lr: 2.500e-02, eta: 3 days, 23:06:57, time: 2.548, data_time: 0.000, memory: 5243, top1_acc: 0.2016, top5_acc: 0.5269, loss_cls: 2.8156, loss: 2.8156
2026-08-30 19:20:52,353 - pyskl - INFO - Epoch [1][700/5537]	lr: 2.500e-02, eta: 3 days, 22:49:26, time: 2.546, data_time: 0.000, memory: 5243, top1_acc: 0.2338, top5_acc: 0.5791, loss_cls: 2.6900, loss: 2.6900
2026-08-30 19:25:08,516 - pyskl - INFO - Epoch [1][800/5537]	lr: 2.500e-02, eta: 3 days, 22:39:24, time: 2.562, data_time: 0.000, memory: 5243, top1_acc: 0.2466, top5_acc: 0.6078, loss_cls: 2.6334, loss: 2.6334
2026-08-30 19:29:21,783 - pyskl - INFO - Epoch [1][900/5537]	lr: 2.500e-02, eta: 3 days, 22:23:35, time: 2.533, data_time: 0.000, memory: 5243, top1_acc: 0.2744, top5_acc: 0.6322, loss_cls: 2.5363, loss: 2.5363
2026-08-30 19:33:48,236 - pyskl - INFO - Epoch [1][1000/5537]	lr: 2.500e-02, eta: 3 days, 22:39:04, time: 2.665, data_time: 0.000, memory: 5243, top1_acc: 0.2841, top5_acc: 0.6481, loss_cls: 2.5056, loss: 2.5056
2026-08-30 19:38:03,100 - pyskl - INFO - Epoch [1][1100/5537]	lr: 2.500e-02, eta: 3 days, 22:27:46, time: 2.549, data_time: 0.000, memory: 5243, top1_acc: 0.3059, top5_acc: 0.6809, loss_cls: 2.3813, loss: 2.3813
2026-08-30 19:42:18,228 - pyskl - INFO - Epoch [1][1200/5537]	lr: 2.499e-02, eta: 3 days, 22:18:09, time: 2.551, data_time: 0.000, memory: 5243, top1_acc: 0.3247, top5_acc: 0.6959, loss_cls: 2.3238, loss: 2.3238
2026-08-30 19:46:34,565 - pyskl - INFO - Epoch [1][1300/5537]	lr: 2.499e-02, eta: 3 days, 22:11:23, time: 2.563, data_time: 0.000, memory: 5243, top1_acc: 0.3350, top5_acc: 0.7169, loss_cls: 2.2769, loss: 2.2769
2026-08-30 19:50:48,642 - pyskl - INFO - Epoch [1][1400/5537]	lr: 2.499e-02, eta: 3 days, 22:01:26, time: 2.541, data_time: 0.000, memory: 5243, top1_acc: 0.3412, top5_acc: 0.7212, loss_cls: 2.2190, loss: 2.2190
2026-08-30 19:55:03,471 - pyskl - INFO - Epoch [1][1500/5537]	lr: 2.499e-02, eta: 3 days, 21:53:21, time: 2.548, data_time: 0.000, memory: 5243, top1_acc: 0.3575, top5_acc: 0.7166, loss_cls: 2.2123, loss: 2.2123
2026-08-30 19:59:18,179 - pyskl - INFO - Epoch [1][1600/5537]	lr: 2.499e-02, eta: 3 days, 21:45:35, time: 2.547, data_time: 0.000, memory: 5243, top1_acc: 0.3791, top5_acc: 0.7341, loss_cls: 2.1244, loss: 2.1244
2026-08-30 20:03:31,431 - pyskl - INFO - Epoch [1][1700/5537]	lr: 2.499e-02, eta: 3 days, 21:36:21, time: 2.533, data_time: 0.000, memory: 5243, top1_acc: 0.3859, top5_acc: 0.7388, loss_cls: 2.1098, loss: 2.1098
2026-08-30 20:07:44,902 - pyskl - INFO - Epoch [1][1800/5537]	lr: 2.499e-02, eta: 3 days, 21:27:57, time: 2.535, data_time: 0.000, memory: 5243, top1_acc: 0.4028, top5_acc: 0.7594, loss_cls: 2.0455, loss: 2.0455
2026-08-30 20:11:59,508 - pyskl - INFO - Epoch [1][1900/5537]	lr: 2.499e-02, eta: 3 days, 21:21:17, time: 2.546, data_time: 0.000, memory: 5243, top1_acc: 0.4178, top5_acc: 0.7641, loss_cls: 2.0039, loss: 2.0039
2026-08-30 20:16:13,074 - pyskl - INFO - Epoch [1][2000/5537]	lr: 2.499e-02, eta: 3 days, 21:13:44, time: 2.536, data_time: 0.000, memory: 5243, top1_acc: 0.4003, top5_acc: 0.7531, loss_cls: 2.0203, loss: 2.0203
2026-08-30 20:20:26,263 - pyskl - INFO - Epoch [1][2100/5537]	lr: 2.498e-02, eta: 3 days, 21:06:06, time: 2.532, data_time: 0.000, memory: 5243, top1_acc: 0.4269, top5_acc: 0.7688, loss_cls: 1.9501, loss: 1.9501
2026-08-30 20:24:40,347 - pyskl - INFO - Epoch [1][2200/5537]	lr: 2.498e-02, eta: 3 days, 20:59:40, time: 2.541, data_time: 0.000, memory: 5243, top1_acc: 0.4188, top5_acc: 0.7766, loss_cls: 1.9481, loss: 1.9481
2026-08-30 20:28:54,346 - pyskl - INFO - Epoch [1][2300/5537]	lr: 2.498e-02, eta: 3 days, 20:53:21, time: 2.540, data_time: 0.000, memory: 5243, top1_acc: 0.4294, top5_acc: 0.7891, loss_cls: 1.9089, loss: 1.9089
2026-08-30 20:33:07,360 - pyskl - INFO - Epoch [1][2400/5537]	lr: 2.498e-02, eta: 3 days, 20:46:19, time: 2.530, data_time: 0.001, memory: 5243, top1_acc: 0.4366, top5_acc: 0.7806, loss_cls: 1.9030, loss: 1.9030
2026-08-30 20:37:22,244 - pyskl - INFO - Epoch [1][2500/5537]	lr: 2.498e-02, eta: 3 days, 20:41:07, time: 2.549, data_time: 0.000, memory: 5243, top1_acc: 0.4459, top5_acc: 0.8022, loss_cls: 1.8422, loss: 1.8422
2026-08-30 20:41:36,418 - pyskl - INFO - Epoch [1][2600/5537]	lr: 2.498e-02, eta: 3 days, 20:35:25, time: 2.542, data_time: 0.000, memory: 5243, top1_acc: 0.4484, top5_acc: 0.7909, loss_cls: 1.8544, loss: 1.8544
2026-08-30 20:45:50,827 - pyskl - INFO - Epoch [1][2700/5537]	lr: 2.497e-02, eta: 3 days, 20:30:00, time: 2.544, data_time: 0.000, memory: 5243, top1_acc: 0.4813, top5_acc: 0.8141, loss_cls: 1.7610, loss: 1.7610
2026-08-30 20:50:03,919 - pyskl - INFO - Epoch [1][2800/5537]	lr: 2.497e-02, eta: 3 days, 20:23:39, time: 2.531, data_time: 0.000, memory: 5243, top1_acc: 0.4625, top5_acc: 0.7891, loss_cls: 1.8334, loss: 1.8334
2026-08-30 20:54:18,491 - pyskl - INFO - Epoch [1][2900/5537]	lr: 2.497e-02, eta: 3 days, 20:18:33, time: 2.546, data_time: 0.000, memory: 5243, top1_acc: 0.4684, top5_acc: 0.8091, loss_cls: 1.7841, loss: 1.7841
2026-08-30 20:58:32,968 - pyskl - INFO - Epoch [1][3000/5537]	lr: 2.497e-02, eta: 3 days, 20:13:27, time: 2.545, data_time: 0.000, memory: 5243, top1_acc: 0.4744, top5_acc: 0.8169, loss_cls: 1.7671, loss: 1.7671
2026-08-30 21:02:46,501 - pyskl - INFO - Epoch [1][3100/5537]	lr: 2.497e-02, eta: 3 days, 20:07:44, time: 2.535, data_time: 0.000, memory: 5243, top1_acc: 0.4756, top5_acc: 0.8084, loss_cls: 1.7753, loss: 1.7753
2026-08-30 21:07:01,037 - pyskl - INFO - Epoch [1][3200/5537]	lr: 2.496e-02, eta: 3 days, 20:02:48, time: 2.545, data_time: 0.000, memory: 5243, top1_acc: 0.4950, top5_acc: 0.8163, loss_cls: 1.7110, loss: 1.7110
2026-08-30 21:11:15,478 - pyskl - INFO - Epoch [1][3300/5537]	lr: 2.496e-02, eta: 3 days, 19:57:50, time: 2.544, data_time: 0.000, memory: 5243, top1_acc: 0.4909, top5_acc: 0.8222, loss_cls: 1.7084, loss: 1.7084
2026-08-30 21:15:29,615 - pyskl - INFO - Epoch [1][3400/5537]	lr: 2.496e-02, eta: 3 days, 19:52:43, time: 2.541, data_time: 0.000, memory: 5243, top1_acc: 0.5106, top5_acc: 0.8219, loss_cls: 1.6636, loss: 1.6636
2026-08-30 21:19:43,725 - pyskl - INFO - Epoch [1][3500/5537]	lr: 2.496e-02, eta: 3 days, 19:47:39, time: 2.541, data_time: 0.000, memory: 5243, top1_acc: 0.4928, top5_acc: 0.8087, loss_cls: 1.7155, loss: 1.7155
2026-08-30 21:23:57,433 - pyskl - INFO - Epoch [1][3600/5537]	lr: 2.495e-02, eta: 3 days, 19:42:23, time: 2.537, data_time: 0.000, memory: 5243, top1_acc: 0.4928, top5_acc: 0.8222, loss_cls: 1.6891, loss: 1.6891
2026-08-30 21:28:11,675 - pyskl - INFO - Epoch [1][3700/5537]	lr: 2.495e-02, eta: 3 days, 19:37:28, time: 2.542, data_time: 0.000, memory: 5243, top1_acc: 0.5084, top5_acc: 0.8275, loss_cls: 1.6782, loss: 1.6782
2026-08-30 21:32:24,954 - pyskl - INFO - Epoch [1][3800/5537]	lr: 2.495e-02, eta: 3 days, 19:32:04, time: 2.533, data_time: 0.000, memory: 5243, top1_acc: 0.5019, top5_acc: 0.8306, loss_cls: 1.6444, loss: 1.6444
2026-08-30 21:36:39,118 - pyskl - INFO - Epoch [1][3900/5537]	lr: 2.495e-02, eta: 3 days, 19:27:12, time: 2.542, data_time: 0.000, memory: 5243, top1_acc: 0.5184, top5_acc: 0.8253, loss_cls: 1.6337, loss: 1.6337
2026-08-30 21:40:53,915 - pyskl - INFO - Epoch [1][4000/5537]	lr: 2.494e-02, eta: 3 days, 19:22:42, time: 2.548, data_time: 0.000, memory: 5243, top1_acc: 0.5197, top5_acc: 0.8356, loss_cls: 1.6290, loss: 1.6290
2026-08-30 21:45:06,876 - pyskl - INFO - Epoch [1][4100/5537]	lr: 2.494e-02, eta: 3 days, 19:17:16, time: 2.530, data_time: 0.000, memory: 5243, top1_acc: 0.5222, top5_acc: 0.8284, loss_cls: 1.6299, loss: 1.6299
2026-08-30 21:49:20,724 - pyskl - INFO - Epoch [1][4200/5537]	lr: 2.494e-02, eta: 3 days, 19:12:20, time: 2.538, data_time: 0.000, memory: 5243, top1_acc: 0.5291, top5_acc: 0.8444, loss_cls: 1.5803, loss: 1.5803
2026-08-30 21:53:34,863 - pyskl - INFO - Epoch [1][4300/5537]	lr: 2.494e-02, eta: 3 days, 19:07:34, time: 2.541, data_time: 0.000, memory: 5243, top1_acc: 0.5222, top5_acc: 0.8400, loss_cls: 1.5706, loss: 1.5706
2026-08-30 21:57:48,999 - pyskl - INFO - Epoch [1][4400/5537]	lr: 2.493e-02, eta: 3 days, 19:02:51, time: 2.541, data_time: 0.000, memory: 5243, top1_acc: 0.5375, top5_acc: 0.8459, loss_cls: 1.5582, loss: 1.5582
2026-08-30 22:02:02,083 - pyskl - INFO - Epoch [1][4500/5537]	lr: 2.493e-02, eta: 3 days, 18:57:38, time: 2.531, data_time: 0.000, memory: 5243, top1_acc: 0.5106, top5_acc: 0.8281, loss_cls: 1.6433, loss: 1.6433
2026-08-30 22:06:15,885 - pyskl - INFO - Epoch [1][4600/5537]	lr: 2.493e-02, eta: 3 days, 18:52:48, time: 2.538, data_time: 0.000, memory: 5243, top1_acc: 0.5322, top5_acc: 0.8316, loss_cls: 1.5907, loss: 1.5907
2026-08-30 22:10:28,880 - pyskl - INFO - Epoch [1][4700/5537]	lr: 2.492e-02, eta: 3 days, 18:47:38, time: 2.530, data_time: 0.000, memory: 5243, top1_acc: 0.5331, top5_acc: 0.8425, loss_cls: 1.5730, loss: 1.5730
2026-08-30 22:14:41,546 - pyskl - INFO - Epoch [1][4800/5537]	lr: 2.492e-02, eta: 3 days, 18:42:21, time: 2.527, data_time: 0.000, memory: 5243, top1_acc: 0.5344, top5_acc: 0.8456, loss_cls: 1.5541, loss: 1.5541
2026-08-30 22:18:55,769 - pyskl - INFO - Epoch [1][4900/5537]	lr: 2.492e-02, eta: 3 days, 18:37:47, time: 2.542, data_time: 0.000, memory: 5243, top1_acc: 0.5428, top5_acc: 0.8397, loss_cls: 1.5525, loss: 1.5525
2026-08-30 22:23:09,689 - pyskl - INFO - Epoch [1][5000/5537]	lr: 2.491e-02, eta: 3 days, 18:33:07, time: 2.539, data_time: 0.000, memory: 5243, top1_acc: 0.5463, top5_acc: 0.8450, loss_cls: 1.5383, loss: 1.5383
2026-08-30 22:27:22,488 - pyskl - INFO - Epoch [1][5100/5537]	lr: 2.491e-02, eta: 3 days, 18:27:59, time: 2.528, data_time: 0.000, memory: 5243, top1_acc: 0.5375, top5_acc: 0.8503, loss_cls: 1.5239, loss: 1.5239
2026-08-30 22:31:36,755 - pyskl - INFO - Epoch [1][5200/5537]	lr: 2.491e-02, eta: 3 days, 18:23:30, time: 2.543, data_time: 0.000, memory: 5243, top1_acc: 0.5450, top5_acc: 0.8488, loss_cls: 1.5163, loss: 1.5163
2026-08-30 22:35:49,995 - pyskl - INFO - Epoch [1][5300/5537]	lr: 2.490e-02, eta: 3 days, 18:18:36, time: 2.532, data_time: 0.000, memory: 5243, top1_acc: 0.5491, top5_acc: 0.8356, loss_cls: 1.5392, loss: 1.5392
2026-08-30 22:40:04,199 - pyskl - INFO - Epoch [1][5400/5537]	lr: 2.490e-02, eta: 3 days, 18:14:07, time: 2.542, data_time: 0.000, memory: 5243, top1_acc: 0.5344, top5_acc: 0.8428, loss_cls: 1.5502, loss: 1.5502
2026-08-30 22:44:17,038 - pyskl - INFO - Epoch [1][5500/5537]	lr: 2.489e-02, eta: 3 days, 18:09:06, time: 2.528, data_time: 0.000, memory: 5243, top1_acc: 0.5481, top5_acc: 0.8497, loss_cls: 1.4874, loss: 1.4874
2026-08-30 22:45:51,871 - pyskl - INFO - Saving checkpoint at 1 epochs
2026-08-30 22:51:59,592 - pyskl - INFO - Evaluating top_k_accuracy ...
2026-08-30 22:51:59,603 - pyskl - INFO - 
top1_acc	0.6586
top5_acc	0.9272
2026-08-30 22:51:59,670 - pyskl - INFO - Now best checkpoint is saved as best_top1_acc_epoch_1.pth.
2026-08-30 22:51:59,670 - pyskl - INFO - Best top1_acc is 0.6586 at 1 epoch.
2026-08-30 22:51:59,671 - pyskl - INFO - Epoch(val) [1][146]	top1_acc: 0.6586, top5_acc: 0.9272
2026-08-30 22:56:19,174 - pyskl - INFO - Epoch [2][100/5537]	lr: 2.489e-02, eta: 3 days, 17:29:36, time: 2.595, data_time: 0.067, memory: 5243, top1_acc: 0.5387, top5_acc: 0.8469, loss_cls: 1.5244, loss: 1.5244
2026-08-30 23:00:33,078 - pyskl - INFO - Epoch [2][200/5537]	lr: 2.489e-02, eta: 3 days, 17:25:39, time: 2.539, data_time: 0.000, memory: 5243, top1_acc: 0.5541, top5_acc: 0.8562, loss_cls: 1.5012, loss: 1.5012
2026-08-30 23:04:47,524 - pyskl - INFO - Epoch [2][300/5537]	lr: 2.488e-02, eta: 3 days, 17:21:53, time: 2.544, data_time: 0.000, memory: 5243, top1_acc: 0.5575, top5_acc: 0.8494, loss_cls: 1.4929, loss: 1.4929
2026-08-30 23:09:00,839 - pyskl - INFO - Epoch [2][400/5537]	lr: 2.488e-02, eta: 3 days, 17:17:42, time: 2.533, data_time: 0.000, memory: 5243, top1_acc: 0.5653, top5_acc: 0.8491, loss_cls: 1.4731, loss: 1.4731
2026-08-30 23:13:15,483 - pyskl - INFO - Epoch [2][500/5537]	lr: 2.487e-02, eta: 3 days, 17:13:59, time: 2.546, data_time: 0.000, memory: 5243, top1_acc: 0.5609, top5_acc: 0.8409, loss_cls: 1.4880, loss: 1.4880
2026-08-30 23:17:29,409 - pyskl - INFO - Epoch [2][600/5537]	lr: 2.487e-02, eta: 3 days, 17:09:59, time: 2.539, data_time: 0.000, memory: 5243, top1_acc: 0.5559, top5_acc: 0.8572, loss_cls: 1.4819, loss: 1.4819
2026-08-30 23:21:43,918 - pyskl - INFO - Epoch [2][700/5537]	lr: 2.486e-02, eta: 3 days, 17:06:12, time: 2.545, data_time: 0.000, memory: 5243, top1_acc: 0.5778, top5_acc: 0.8606, loss_cls: 1.4299, loss: 1.4299
2026-08-30 23:25:57,697 - pyskl - INFO - Epoch [2][800/5537]	lr: 2.486e-02, eta: 3 days, 17:02:08, time: 2.538, data_time: 0.000, memory: 5243, top1_acc: 0.5713, top5_acc: 0.8547, loss_cls: 1.4510, loss: 1.4510
2026-08-30 23:30:11,459 - pyskl - INFO - Epoch [2][900/5537]	lr: 2.486e-02, eta: 3 days, 16:58:05, time: 2.538, data_time: 0.000, memory: 5243, top1_acc: 0.5663, top5_acc: 0.8538, loss_cls: 1.4437, loss: 1.4437
2026-08-30 23:34:25,665 - pyskl - INFO - Epoch [2][1000/5537]	lr: 2.485e-02, eta: 3 days, 16:54:09, time: 2.542, data_time: 0.000, memory: 5243, top1_acc: 0.5697, top5_acc: 0.8644, loss_cls: 1.4384, loss: 1.4384
2026-08-30 23:38:39,251 - pyskl - INFO - Epoch [2][1100/5537]	lr: 2.485e-02, eta: 3 days, 16:50:01, time: 2.536, data_time: 0.000, memory: 5243, top1_acc: 0.5675, top5_acc: 0.8506, loss_cls: 1.4611, loss: 1.4611
2026-08-30 23:42:53,331 - pyskl - INFO - Epoch [2][1200/5537]	lr: 2.484e-02, eta: 3 days, 16:46:02, time: 2.541, data_time: 0.000, memory: 5243, top1_acc: 0.5534, top5_acc: 0.8638, loss_cls: 1.4482, loss: 1.4482
2026-08-30 23:47:08,329 - pyskl - INFO - Epoch [2][1300/5537]	lr: 2.484e-02, eta: 3 days, 16:42:20, time: 2.550, data_time: 0.000, memory: 5243, top1_acc: 0.5784, top5_acc: 0.8581, loss_cls: 1.4206, loss: 1.4206
2026-08-30 23:51:21,688 - pyskl - INFO - Epoch [2][1400/5537]	lr: 2.483e-02, eta: 3 days, 16:38:07, time: 2.534, data_time: 0.000, memory: 5243, top1_acc: 0.5619, top5_acc: 0.8622, loss_cls: 1.4516, loss: 1.4516
2026-08-30 23:55:35,824 - pyskl - INFO - Epoch [2][1500/5537]	lr: 2.483e-02, eta: 3 days, 16:34:08, time: 2.541, data_time: 0.000, memory: 5243, top1_acc: 0.5825, top5_acc: 0.8594, loss_cls: 1.4219, loss: 1.4219
2026-08-30 23:59:50,502 - pyskl - INFO - Epoch [2][1600/5537]	lr: 2.482e-02, eta: 3 days, 16:30:18, time: 2.547, data_time: 0.000, memory: 5243, top1_acc: 0.5653, top5_acc: 0.8581, loss_cls: 1.4079, loss: 1.4079
2026-08-31 00:04:04,709 - pyskl - INFO - Epoch [2][1700/5537]	lr: 2.482e-02, eta: 3 days, 16:26:19, time: 2.542, data_time: 0.000, memory: 5243, top1_acc: 0.5763, top5_acc: 0.8559, loss_cls: 1.4389, loss: 1.4389
2026-08-31 00:08:18,339 - pyskl - INFO - Epoch [2][1800/5537]	lr: 2.481e-02, eta: 3 days, 16:22:10, time: 2.536, data_time: 0.000, memory: 5243, top1_acc: 0.5881, top5_acc: 0.8659, loss_cls: 1.4053, loss: 1.4053
2026-08-31 00:12:32,534 - pyskl - INFO - Epoch [2][1900/5537]	lr: 2.481e-02, eta: 3 days, 16:18:10, time: 2.542, data_time: 0.000, memory: 5243, top1_acc: 0.5934, top5_acc: 0.8719, loss_cls: 1.3690, loss: 1.3690
2026-08-31 00:16:47,518 - pyskl - INFO - Epoch [2][2000/5537]	lr: 2.480e-02, eta: 3 days, 16:14:23, time: 2.550, data_time: 0.000, memory: 5243, top1_acc: 0.5800, top5_acc: 0.8619, loss_cls: 1.4285, loss: 1.4285
2026-08-31 00:21:00,539 - pyskl - INFO - Epoch [2][2100/5537]	lr: 2.480e-02, eta: 3 days, 16:10:03, time: 2.530, data_time: 0.000, memory: 5243, top1_acc: 0.5794, top5_acc: 0.8609, loss_cls: 1.4147, loss: 1.4147
2026-08-31 00:25:15,429 - pyskl - INFO - Epoch [2][2200/5537]	lr: 2.479e-02, eta: 3 days, 16:06:13, time: 2.549, data_time: 0.000, memory: 5243, top1_acc: 0.5825, top5_acc: 0.8638, loss_cls: 1.3811, loss: 1.3811
2026-08-31 00:29:30,073 - pyskl - INFO - Epoch [2][2300/5537]	lr: 2.479e-02, eta: 3 days, 16:02:19, time: 2.546, data_time: 0.000, memory: 5243, top1_acc: 0.5931, top5_acc: 0.8653, loss_cls: 1.3575, loss: 1.3575
2026-08-31 00:33:43,915 - pyskl - INFO - Epoch [2][2400/5537]	lr: 2.478e-02, eta: 3 days, 15:58:12, time: 2.538, data_time: 0.000, memory: 5243, top1_acc: 0.5850, top5_acc: 0.8741, loss_cls: 1.3814, loss: 1.3814
2026-08-31 00:37:57,324 - pyskl - INFO - Epoch [2][2500/5537]	lr: 2.478e-02, eta: 3 days, 15:53:58, time: 2.534, data_time: 0.000, memory: 5243, top1_acc: 0.5837, top5_acc: 0.8519, loss_cls: 1.4013, loss: 1.4013
2026-08-31 00:42:11,353 - pyskl - INFO - Epoch [2][2600/5537]	lr: 2.477e-02, eta: 3 days, 15:49:53, time: 2.540, data_time: 0.000, memory: 5243, top1_acc: 0.5988, top5_acc: 0.8684, loss_cls: 1.3530, loss: 1.3530
2026-08-31 00:46:25,524 - pyskl - INFO - Epoch [2][2700/5537]	lr: 2.476e-02, eta: 3 days, 15:45:51, time: 2.542, data_time: 0.000, memory: 5243, top1_acc: 0.5856, top5_acc: 0.8609, loss_cls: 1.3924, loss: 1.3924
2026-08-31 00:50:38,785 - pyskl - INFO - Epoch [2][2800/5537]	lr: 2.476e-02, eta: 3 days, 15:41:34, time: 2.533, data_time: 0.000, memory: 5243, top1_acc: 0.5750, top5_acc: 0.8575, loss_cls: 1.4093, loss: 1.4093
2026-08-31 00:54:52,531 - pyskl - INFO - Epoch [2][2900/5537]	lr: 2.475e-02, eta: 3 days, 15:37:25, time: 2.537, data_time: 0.000, memory: 5243, top1_acc: 0.5881, top5_acc: 0.8731, loss_cls: 1.3635, loss: 1.3635
2026-08-31 00:59:06,505 - pyskl - INFO - Epoch [2][3000/5537]	lr: 2.475e-02, eta: 3 days, 15:33:19, time: 2.540, data_time: 0.000, memory: 5243, top1_acc: 0.5850, top5_acc: 0.8703, loss_cls: 1.3894, loss: 1.3894
2026-08-31 01:03:20,021 - pyskl - INFO - Epoch [2][3100/5537]	lr: 2.474e-02, eta: 3 days, 15:29:06, time: 2.535, data_time: 0.000, memory: 5243, top1_acc: 0.5953, top5_acc: 0.8681, loss_cls: 1.3581, loss: 1.3581
2026-08-31 01:07:34,103 - pyskl - INFO - Epoch [2][3200/5537]	lr: 2.473e-02, eta: 3 days, 15:25:01, time: 2.541, data_time: 0.000, memory: 5243, top1_acc: 0.6141, top5_acc: 0.8653, loss_cls: 1.3545, loss: 1.3545
2026-08-31 01:11:48,183 - pyskl - INFO - Epoch [2][3300/5537]	lr: 2.473e-02, eta: 3 days, 15:20:56, time: 2.541, data_time: 0.000, memory: 5243, top1_acc: 0.5922, top5_acc: 0.8653, loss_cls: 1.3691, loss: 1.3691
2026-08-31 01:16:02,578 - pyskl - INFO - Epoch [2][3400/5537]	lr: 2.472e-02, eta: 3 days, 15:16:55, time: 2.544, data_time: 0.000, memory: 5243, top1_acc: 0.5906, top5_acc: 0.8756, loss_cls: 1.3444, loss: 1.3444
2026-08-31 01:20:16,450 - pyskl - INFO - Epoch [2][3500/5537]	lr: 2.472e-02, eta: 3 days, 15:12:46, time: 2.539, data_time: 0.000, memory: 5243, top1_acc: 0.5994, top5_acc: 0.8575, loss_cls: 1.3809, loss: 1.3809
2026-08-31 01:24:30,220 - pyskl - INFO - Epoch [2][3600/5537]	lr: 2.471e-02, eta: 3 days, 15:08:37, time: 2.538, data_time: 0.000, memory: 5243, top1_acc: 0.5806, top5_acc: 0.8656, loss_cls: 1.3689, loss: 1.3689
2026-08-31 01:28:44,163 - pyskl - INFO - Epoch [2][3700/5537]	lr: 2.470e-02, eta: 3 days, 15:04:29, time: 2.539, data_time: 0.000, memory: 5243, top1_acc: 0.5984, top5_acc: 0.8597, loss_cls: 1.3609, loss: 1.3609
2026-08-31 01:32:57,167 - pyskl - INFO - Epoch [2][3800/5537]	lr: 2.470e-02, eta: 3 days, 15:00:09, time: 2.530, data_time: 0.000, memory: 5243, top1_acc: 0.5938, top5_acc: 0.8706, loss_cls: 1.3485, loss: 1.3485
2026-08-31 01:37:11,374 - pyskl - INFO - Epoch [2][3900/5537]	lr: 2.469e-02, eta: 3 days, 14:56:04, time: 2.542, data_time: 0.000, memory: 5243, top1_acc: 0.6097, top5_acc: 0.8772, loss_cls: 1.2904, loss: 1.2904
2026-08-31 01:41:25,814 - pyskl - INFO - Epoch [2][4000/5537]	lr: 2.468e-02, eta: 3 days, 14:52:03, time: 2.544, data_time: 0.000, memory: 5243, top1_acc: 0.6012, top5_acc: 0.8659, loss_cls: 1.3458, loss: 1.3458
2026-08-31 01:45:39,617 - pyskl - INFO - Epoch [2][4100/5537]	lr: 2.468e-02, eta: 3 days, 14:47:53, time: 2.538, data_time: 0.000, memory: 5243, top1_acc: 0.6075, top5_acc: 0.8684, loss_cls: 1.3243, loss: 1.3243
2026-08-31 01:49:53,503 - pyskl - INFO - Epoch [2][4200/5537]	lr: 2.467e-02, eta: 3 days, 14:43:44, time: 2.539, data_time: 0.000, memory: 5243, top1_acc: 0.6012, top5_acc: 0.8725, loss_cls: 1.3364, loss: 1.3364
2026-08-31 01:54:07,627 - pyskl - INFO - Epoch [2][4300/5537]	lr: 2.466e-02, eta: 3 days, 14:39:38, time: 2.541, data_time: 0.000, memory: 5243, top1_acc: 0.5903, top5_acc: 0.8644, loss_cls: 1.3679, loss: 1.3679
2026-08-31 01:58:21,723 - pyskl - INFO - Epoch [2][4400/5537]	lr: 2.466e-02, eta: 3 days, 14:35:31, time: 2.541, data_time: 0.000, memory: 5243, top1_acc: 0.6084, top5_acc: 0.8766, loss_cls: 1.3104, loss: 1.3104
2026-08-31 02:02:35,404 - pyskl - INFO - Epoch [2][4500/5537]	lr: 2.465e-02, eta: 3 days, 14:31:19, time: 2.537, data_time: 0.000, memory: 5243, top1_acc: 0.5887, top5_acc: 0.8644, loss_cls: 1.3522, loss: 1.3522
2026-08-31 02:06:49,393 - pyskl - INFO - Epoch [2][4600/5537]	lr: 2.464e-02, eta: 3 days, 14:27:11, time: 2.540, data_time: 0.000, memory: 5243, top1_acc: 0.5997, top5_acc: 0.8753, loss_cls: 1.3201, loss: 1.3201
2026-08-31 02:11:03,807 - pyskl - INFO - Epoch [2][4700/5537]	lr: 2.464e-02, eta: 3 days, 14:23:08, time: 2.544, data_time: 0.000, memory: 5243, top1_acc: 0.6003, top5_acc: 0.8738, loss_cls: 1.3393, loss: 1.3393
2026-08-31 02:15:17,092 - pyskl - INFO - Epoch [2][4800/5537]	lr: 2.463e-02, eta: 3 days, 14:18:51, time: 2.533, data_time: 0.000, memory: 5243, top1_acc: 0.6031, top5_acc: 0.8725, loss_cls: 1.3148, loss: 1.3148
2026-08-31 02:19:30,912 - pyskl - INFO - Epoch [2][4900/5537]	lr: 2.462e-02, eta: 3 days, 14:14:41, time: 2.538, data_time: 0.000, memory: 5243, top1_acc: 0.5988, top5_acc: 0.8609, loss_cls: 1.3354, loss: 1.3354
2026-08-31 02:23:45,174 - pyskl - INFO - Epoch [2][5000/5537]	lr: 2.461e-02, eta: 3 days, 14:10:35, time: 2.543, data_time: 0.000, memory: 5243, top1_acc: 0.6203, top5_acc: 0.8834, loss_cls: 1.2908, loss: 1.2908
2026-08-31 02:27:59,259 - pyskl - INFO - Epoch [2][5100/5537]	lr: 2.461e-02, eta: 3 days, 14:06:28, time: 2.541, data_time: 0.000, memory: 5243, top1_acc: 0.5975, top5_acc: 0.8688, loss_cls: 1.3424, loss: 1.3424
2026-08-31 02:32:12,925 - pyskl - INFO - Epoch [2][5200/5537]	lr: 2.460e-02, eta: 3 days, 14:02:15, time: 2.537, data_time: 0.000, memory: 5243, top1_acc: 0.6244, top5_acc: 0.8806, loss_cls: 1.2669, loss: 1.2669
2026-08-31 02:36:27,161 - pyskl - INFO - Epoch [2][5300/5537]	lr: 2.459e-02, eta: 3 days, 13:58:09, time: 2.542, data_time: 0.000, memory: 5243, top1_acc: 0.6084, top5_acc: 0.8784, loss_cls: 1.2991, loss: 1.2991
2026-08-31 02:40:41,250 - pyskl - INFO - Epoch [2][5400/5537]	lr: 2.458e-02, eta: 3 days, 13:54:02, time: 2.541, data_time: 0.000, memory: 5243, top1_acc: 0.6094, top5_acc: 0.8641, loss_cls: 1.3273, loss: 1.3273
2026-08-31 02:44:54,212 - pyskl - INFO - Epoch [2][5500/5537]	lr: 2.458e-02, eta: 3 days, 13:49:41, time: 2.530, data_time: 0.000, memory: 5243, top1_acc: 0.6041, top5_acc: 0.8847, loss_cls: 1.2986, loss: 1.2986
2026-08-31 02:46:29,148 - pyskl - INFO - Saving checkpoint at 2 epochs
2026-08-31 02:52:24,322 - pyskl - INFO - Evaluating top_k_accuracy ...
2026-08-31 02:52:24,333 - pyskl - INFO - 
top1_acc	0.7362
top5_acc	0.9508
2026-08-31 02:52:24,334 - pyskl - INFO - The previous best checkpoint D:\YxjProject\pythonProject\pyskl\work_dirs\aug_baseline\stgcnpp_j\train\A6_mixed_e24\best_top1_acc_epoch_1.pth was removed
2026-08-31 02:52:24,409 - pyskl - INFO - Now best checkpoint is saved as best_top1_acc_epoch_2.pth.
2026-08-31 02:52:24,409 - pyskl - INFO - Best top1_acc is 0.7362 at 2 epoch.
2026-08-31 02:52:24,410 - pyskl - INFO - Epoch(val) [2][146]	top1_acc: 0.7362, top5_acc: 0.9508
2026-08-31 02:56:44,365 - pyskl - INFO - Epoch [3][100/5537]	lr: 2.457e-02, eta: 3 days, 13:28:01, time: 2.599, data_time: 0.066, memory: 5243, top1_acc: 0.6069, top5_acc: 0.8684, loss_cls: 1.3335, loss: 1.3335
2026-08-31 03:00:58,861 - pyskl - INFO - Epoch [3][200/5537]	lr: 2.456e-02, eta: 3 days, 13:24:07, time: 2.545, data_time: 0.000, memory: 5243, top1_acc: 0.6094, top5_acc: 0.8656, loss_cls: 1.3103, loss: 1.3103
2026-08-31 03:05:13,105 - pyskl - INFO - Epoch [3][300/5537]	lr: 2.455e-02, eta: 3 days, 13:20:09, time: 2.542, data_time: 0.000, memory: 5243, top1_acc: 0.6134, top5_acc: 0.8784, loss_cls: 1.2890, loss: 1.2890
2026-08-31 03:09:26,693 - pyskl - INFO - Epoch [3][400/5537]	lr: 2.454e-02, eta: 3 days, 13:16:05, time: 2.536, data_time: 0.000, memory: 5243, top1_acc: 0.6122, top5_acc: 0.8647, loss_cls: 1.3098, loss: 1.3098
2026-08-31 03:13:41,717 - pyskl - INFO - Epoch [3][500/5537]	lr: 2.454e-02, eta: 3 days, 13:12:15, time: 2.550, data_time: 0.000, memory: 5243, top1_acc: 0.6222, top5_acc: 0.8850, loss_cls: 1.2667, loss: 1.2667
2026-08-31 03:17:55,431 - pyskl - INFO - Epoch [3][600/5537]	lr: 2.453e-02, eta: 3 days, 13:08:11, time: 2.537, data_time: 0.000, memory: 5243, top1_acc: 0.6331, top5_acc: 0.8775, loss_cls: 1.2556, loss: 1.2556
2026-08-31 03:22:10,207 - pyskl - INFO - Epoch [3][700/5537]	lr: 2.452e-02, eta: 3 days, 13:04:18, time: 2.548, data_time: 0.000, memory: 5243, top1_acc: 0.6078, top5_acc: 0.8684, loss_cls: 1.3113, loss: 1.3113
2026-08-31 03:26:23,490 - pyskl - INFO - Epoch [3][800/5537]	lr: 2.451e-02, eta: 3 days, 13:00:09, time: 2.533, data_time: 0.000, memory: 5243, top1_acc: 0.6034, top5_acc: 0.8634, loss_cls: 1.3379, loss: 1.3379
2026-08-31 03:30:36,998 - pyskl - INFO - Epoch [3][900/5537]	lr: 2.450e-02, eta: 3 days, 12:56:03, time: 2.535, data_time: 0.000, memory: 5243, top1_acc: 0.6319, top5_acc: 0.8756, loss_cls: 1.2613, loss: 1.2613
2026-08-31 03:34:52,255 - pyskl - INFO - Epoch [3][1000/5537]	lr: 2.449e-02, eta: 3 days, 12:52:14, time: 2.553, data_time: 0.000, memory: 5243, top1_acc: 0.6147, top5_acc: 0.8788, loss_cls: 1.2577, loss: 1.2577
2026-08-31 03:39:05,002 - pyskl - INFO - Epoch [3][1100/5537]	lr: 2.449e-02, eta: 3 days, 12:47:59, time: 2.527, data_time: 0.000, memory: 5243, top1_acc: 0.6022, top5_acc: 0.8844, loss_cls: 1.2919, loss: 1.2919
2026-08-31 03:43:19,265 - pyskl - INFO - Epoch [3][1200/5537]	lr: 2.448e-02, eta: 3 days, 12:44:00, time: 2.543, data_time: 0.000, memory: 5243, top1_acc: 0.6141, top5_acc: 0.8781, loss_cls: 1.2794, loss: 1.2794
2026-08-31 03:47:33,743 - pyskl - INFO - Epoch [3][1300/5537]	lr: 2.447e-02, eta: 3 days, 12:40:02, time: 2.545, data_time: 0.000, memory: 5243, top1_acc: 0.6241, top5_acc: 0.8769, loss_cls: 1.2914, loss: 1.2914
2026-08-31 03:51:48,316 - pyskl - INFO - Epoch [3][1400/5537]	lr: 2.446e-02, eta: 3 days, 12:36:05, time: 2.546, data_time: 0.000, memory: 5243, top1_acc: 0.6306, top5_acc: 0.8819, loss_cls: 1.2559, loss: 1.2559
2026-08-31 03:56:01,092 - pyskl - INFO - Epoch [3][1500/5537]	lr: 2.445e-02, eta: 3 days, 12:31:51, time: 2.528, data_time: 0.000, memory: 5243, top1_acc: 0.6000, top5_acc: 0.8747, loss_cls: 1.3300, loss: 1.3300
2026-08-31 04:00:15,401 - pyskl - INFO - Epoch [3][1600/5537]	lr: 2.444e-02, eta: 3 days, 12:27:51, time: 2.543, data_time: 0.000, memory: 5243, top1_acc: 0.6169, top5_acc: 0.8738, loss_cls: 1.3108, loss: 1.3108
2026-08-31 04:04:29,387 - pyskl - INFO - Epoch [3][1700/5537]	lr: 2.443e-02, eta: 3 days, 12:23:48, time: 2.540, data_time: 0.000, memory: 5243, top1_acc: 0.6094, top5_acc: 0.8766, loss_cls: 1.2874, loss: 1.2874
2026-08-31 04:08:42,174 - pyskl - INFO - Epoch [3][1800/5537]	lr: 2.443e-02, eta: 3 days, 12:19:34, time: 2.528, data_time: 0.000, memory: 5243, top1_acc: 0.6412, top5_acc: 0.8881, loss_cls: 1.2232, loss: 1.2232
2026-08-31 04:12:57,999 - pyskl - INFO - Epoch [3][1900/5537]	lr: 2.442e-02, eta: 3 days, 12:15:47, time: 2.558, data_time: 0.000, memory: 5243, top1_acc: 0.6125, top5_acc: 0.8756, loss_cls: 1.3127, loss: 1.3127
2026-08-31 04:17:12,446 - pyskl - INFO - Epoch [3][2000/5537]	lr: 2.441e-02, eta: 3 days, 12:11:48, time: 2.544, data_time: 0.000, memory: 5243, top1_acc: 0.6147, top5_acc: 0.8725, loss_cls: 1.2963, loss: 1.2963
2026-08-31 04:21:25,966 - pyskl - INFO - Epoch [3][2100/5537]	lr: 2.440e-02, eta: 3 days, 12:07:40, time: 2.535, data_time: 0.000, memory: 5243, top1_acc: 0.6306, top5_acc: 0.8812, loss_cls: 1.2343, loss: 1.2343
2026-08-31 04:25:40,327 - pyskl - INFO - Epoch [3][2200/5537]	lr: 2.439e-02, eta: 3 days, 12:03:39, time: 2.544, data_time: 0.000, memory: 5243, top1_acc: 0.6225, top5_acc: 0.8728, loss_cls: 1.2706, loss: 1.2706
2026-08-31 04:29:54,515 - pyskl - INFO - Epoch [3][2300/5537]	lr: 2.438e-02, eta: 3 days, 11:59:37, time: 2.542, data_time: 0.000, memory: 5243, top1_acc: 0.6188, top5_acc: 0.8800, loss_cls: 1.2521, loss: 1.2521
2026-08-31 04:34:08,780 - pyskl - INFO - Epoch [3][2400/5537]	lr: 2.437e-02, eta: 3 days, 11:55:35, time: 2.543, data_time: 0.000, memory: 5243, top1_acc: 0.6175, top5_acc: 0.8647, loss_cls: 1.3077, loss: 1.3077
2026-08-31 04:38:21,843 - pyskl - INFO - Epoch [3][2500/5537]	lr: 2.436e-02, eta: 3 days, 11:51:22, time: 2.531, data_time: 0.000, memory: 5243, top1_acc: 0.6234, top5_acc: 0.8844, loss_cls: 1.2604, loss: 1.2604
2026-08-31 04:42:36,137 - pyskl - INFO - Epoch [3][2600/5537]	lr: 2.435e-02, eta: 3 days, 11:47:20, time: 2.543, data_time: 0.000, memory: 5243, top1_acc: 0.6372, top5_acc: 0.8700, loss_cls: 1.2572, loss: 1.2572
2026-08-31 04:46:51,172 - pyskl - INFO - Epoch [3][2700/5537]	lr: 2.434e-02, eta: 3 days, 11:43:25, time: 2.550, data_time: 0.000, memory: 5243, top1_acc: 0.6281, top5_acc: 0.8803, loss_cls: 1.2521, loss: 1.2521
2026-08-31 04:51:04,744 - pyskl - INFO - Epoch [3][2800/5537]	lr: 2.433e-02, eta: 3 days, 11:39:16, time: 2.536, data_time: 0.000, memory: 5243, top1_acc: 0.6425, top5_acc: 0.8884, loss_cls: 1.2005, loss: 1.2005
2026-08-31 04:55:19,360 - pyskl - INFO - Epoch [3][2900/5537]	lr: 2.432e-02, eta: 3 days, 11:35:17, time: 2.546, data_time: 0.000, memory: 5243, top1_acc: 0.6269, top5_acc: 0.8841, loss_cls: 1.2511, loss: 1.2511
2026-08-31 04:59:33,056 - pyskl - INFO - Epoch [3][3000/5537]	lr: 2.431e-02, eta: 3 days, 11:31:09, time: 2.537, data_time: 0.000, memory: 5243, top1_acc: 0.6459, top5_acc: 0.8897, loss_cls: 1.2049, loss: 1.2049
2026-08-31 05:03:47,389 - pyskl - INFO - Epoch [3][3100/5537]	lr: 2.430e-02, eta: 3 days, 11:27:07, time: 2.543, data_time: 0.000, memory: 5243, top1_acc: 0.6281, top5_acc: 0.8725, loss_cls: 1.2479, loss: 1.2479
2026-08-31 05:08:00,818 - pyskl - INFO - Epoch [3][3200/5537]	lr: 2.430e-02, eta: 3 days, 11:22:57, time: 2.534, data_time: 0.000, memory: 5243, top1_acc: 0.6441, top5_acc: 0.8888, loss_cls: 1.2025, loss: 1.2025
2026-08-31 05:12:15,112 - pyskl - INFO - Epoch [3][3300/5537]	lr: 2.429e-02, eta: 3 days, 11:18:54, time: 2.543, data_time: 0.000, memory: 5243, top1_acc: 0.6350, top5_acc: 0.8847, loss_cls: 1.2324, loss: 1.2324
2026-08-31 05:16:30,272 - pyskl - INFO - Epoch [3][3400/5537]	lr: 2.428e-02, eta: 3 days, 11:14:57, time: 2.552, data_time: 0.000, memory: 5243, top1_acc: 0.6216, top5_acc: 0.8803, loss_cls: 1.2704, loss: 1.2704
2026-08-31 05:20:43,882 - pyskl - INFO - Epoch [3][3500/5537]	lr: 2.427e-02, eta: 3 days, 11:10:49, time: 2.536, data_time: 0.000, memory: 5243, top1_acc: 0.6375, top5_acc: 0.8862, loss_cls: 1.2133, loss: 1.2133
2026-08-31 05:24:57,834 - pyskl - INFO - Epoch [3][3600/5537]	lr: 2.426e-02, eta: 3 days, 11:06:42, time: 2.540, data_time: 0.000, memory: 5243, top1_acc: 0.6281, top5_acc: 0.8822, loss_cls: 1.2449, loss: 1.2449
2026-08-31 05:29:12,698 - pyskl - INFO - Epoch [3][3700/5537]	lr: 2.425e-02, eta: 3 days, 11:02:43, time: 2.549, data_time: 0.000, memory: 5243, top1_acc: 0.6531, top5_acc: 0.8841, loss_cls: 1.2440, loss: 1.2440
2026-08-31 05:33:25,845 - pyskl - INFO - Epoch [3][3800/5537]	lr: 2.424e-02, eta: 3 days, 10:58:30, time: 2.531, data_time: 0.000, memory: 5243, top1_acc: 0.6291, top5_acc: 0.8769, loss_cls: 1.2322, loss: 1.2322
2026-08-31 05:37:39,720 - pyskl - INFO - Epoch [3][3900/5537]	lr: 2.423e-02, eta: 3 days, 10:54:23, time: 2.539, data_time: 0.000, memory: 5243, top1_acc: 0.6331, top5_acc: 0.8747, loss_cls: 1.2485, loss: 1.2485
2026-08-31 05:41:54,279 - pyskl - INFO - Epoch [3][4000/5537]	lr: 2.421e-02, eta: 3 days, 10:50:21, time: 2.546, data_time: 0.000, memory: 5243, top1_acc: 0.6197, top5_acc: 0.8800, loss_cls: 1.2679, loss: 1.2679
2026-08-31 05:46:08,435 - pyskl - INFO - Epoch [3][4100/5537]	lr: 2.420e-02, eta: 3 days, 10:46:16, time: 2.542, data_time: 0.000, memory: 5243, top1_acc: 0.6091, top5_acc: 0.8781, loss_cls: 1.2812, loss: 1.2812
2026-08-31 05:50:22,091 - pyskl - INFO - Epoch [3][4200/5537]	lr: 2.419e-02, eta: 3 days, 10:42:07, time: 2.537, data_time: 0.000, memory: 5243, top1_acc: 0.6316, top5_acc: 0.8784, loss_cls: 1.2326, loss: 1.2326
2026-08-31 05:54:36,459 - pyskl - INFO - Epoch [3][4300/5537]	lr: 2.418e-02, eta: 3 days, 10:38:03, time: 2.544, data_time: 0.000, memory: 5243, top1_acc: 0.6319, top5_acc: 0.8909, loss_cls: 1.2018, loss: 1.2018
2026-08-31 05:58:51,397 - pyskl - INFO - Epoch [3][4400/5537]	lr: 2.417e-02, eta: 3 days, 10:34:04, time: 2.549, data_time: 0.000, memory: 5243, top1_acc: 0.6334, top5_acc: 0.8816, loss_cls: 1.2364, loss: 1.2364
2026-08-31 06:03:04,763 - pyskl - INFO - Epoch [3][4500/5537]	lr: 2.416e-02, eta: 3 days, 10:29:52, time: 2.534, data_time: 0.000, memory: 5243, top1_acc: 0.6412, top5_acc: 0.8859, loss_cls: 1.2102, loss: 1.2102
2026-08-31 06:07:19,599 - pyskl - INFO - Epoch [3][4600/5537]	lr: 2.415e-02, eta: 3 days, 10:25:52, time: 2.548, data_time: 0.000, memory: 5243, top1_acc: 0.6081, top5_acc: 0.8806, loss_cls: 1.2708, loss: 1.2708
2026-08-31 06:11:34,257 - pyskl - INFO - Epoch [3][4700/5537]	lr: 2.414e-02, eta: 3 days, 10:21:49, time: 2.547, data_time: 0.000, memory: 5243, top1_acc: 0.6266, top5_acc: 0.8791, loss_cls: 1.2565, loss: 1.2565
2026-08-31 06:15:49,145 - pyskl - INFO - Epoch [3][4800/5537]	lr: 2.413e-02, eta: 3 days, 10:17:49, time: 2.549, data_time: 0.000, memory: 5243, top1_acc: 0.6488, top5_acc: 0.8856, loss_cls: 1.1849, loss: 1.1849
2026-08-31 06:20:02,594 - pyskl - INFO - Epoch [3][4900/5537]	lr: 2.412e-02, eta: 3 days, 10:13:38, time: 2.534, data_time: 0.000, memory: 5243, top1_acc: 0.6488, top5_acc: 0.8875, loss_cls: 1.2170, loss: 1.2170
2026-08-31 06:24:16,623 - pyskl - INFO - Epoch [3][5000/5537]	lr: 2.411e-02, eta: 3 days, 10:09:30, time: 2.540, data_time: 0.000, memory: 5243, top1_acc: 0.6166, top5_acc: 0.8719, loss_cls: 1.2692, loss: 1.2692
2026-08-31 06:28:30,997 - pyskl - INFO - Epoch [3][5100/5537]	lr: 2.410e-02, eta: 3 days, 10:05:26, time: 2.544, data_time: 0.000, memory: 5243, top1_acc: 0.6391, top5_acc: 0.8741, loss_cls: 1.2347, loss: 1.2347
2026-08-31 06:32:44,302 - pyskl - INFO - Epoch [3][5200/5537]	lr: 2.409e-02, eta: 3 days, 10:01:13, time: 2.533, data_time: 0.000, memory: 5243, top1_acc: 0.6291, top5_acc: 0.8797, loss_cls: 1.2517, loss: 1.2517
2026-08-31 06:36:58,769 - pyskl - INFO - Epoch [3][5300/5537]	lr: 2.408e-02, eta: 3 days, 9:57:09, time: 2.545, data_time: 0.000, memory: 5243, top1_acc: 0.6306, top5_acc: 0.8834, loss_cls: 1.2331, loss: 1.2331
2026-08-31 06:41:12,623 - pyskl - INFO - Epoch [3][5400/5537]	lr: 2.406e-02, eta: 3 days, 9:53:00, time: 2.539, data_time: 0.000, memory: 5243, top1_acc: 0.6316, top5_acc: 0.8794, loss_cls: 1.2553, loss: 1.2553
2026-08-31 06:45:25,921 - pyskl - INFO - Epoch [3][5500/5537]	lr: 2.405e-02, eta: 3 days, 9:48:48, time: 2.533, data_time: 0.000, memory: 5243, top1_acc: 0.6441, top5_acc: 0.8947, loss_cls: 1.1911, loss: 1.1911
2026-08-31 06:47:00,722 - pyskl - INFO - Saving checkpoint at 3 epochs
2026-08-31 06:53:08,205 - pyskl - INFO - Evaluating top_k_accuracy ...
2026-08-31 06:53:08,217 - pyskl - INFO - 
top1_acc	0.7358
top5_acc	0.9478
2026-08-31 06:53:08,217 - pyskl - INFO - Epoch(val) [3][146]	top1_acc: 0.7358, top5_acc: 0.9478
2026-08-31 06:57:28,277 - pyskl - INFO - Epoch [4][100/5537]	lr: 2.404e-02, eta: 3 days, 9:32:57, time: 2.600, data_time: 0.067, memory: 5243, top1_acc: 0.6431, top5_acc: 0.8903, loss_cls: 1.1822, loss: 1.1822
2026-08-31 07:01:42,583 - pyskl - INFO - Epoch [4][200/5537]	lr: 2.403e-02, eta: 3 days, 9:28:55, time: 2.543, data_time: 0.000, memory: 5243, top1_acc: 0.6391, top5_acc: 0.8847, loss_cls: 1.1942, loss: 1.1942
2026-08-31 07:05:56,839 - pyskl - INFO - Epoch [4][300/5537]	lr: 2.401e-02, eta: 3 days, 9:24:53, time: 2.543, data_time: 0.000, memory: 5243, top1_acc: 0.6372, top5_acc: 0.8825, loss_cls: 1.2283, loss: 1.2283
2026-08-31 07:10:11,038 - pyskl - INFO - Epoch [4][400/5537]	lr: 2.400e-02, eta: 3 days, 9:20:50, time: 2.542, data_time: 0.000, memory: 5243, top1_acc: 0.6481, top5_acc: 0.8859, loss_cls: 1.1925, loss: 1.1925
2026-08-31 07:14:24,180 - pyskl - INFO - Epoch [4][500/5537]	lr: 2.399e-02, eta: 3 days, 9:16:41, time: 2.531, data_time: 0.000, memory: 5243, top1_acc: 0.6431, top5_acc: 0.8772, loss_cls: 1.2068, loss: 1.2068
2026-08-31 07:18:38,560 - pyskl - INFO - Epoch [4][600/5537]	lr: 2.398e-02, eta: 3 days, 9:12:39, time: 2.544, data_time: 0.000, memory: 5243, top1_acc: 0.6453, top5_acc: 0.8844, loss_cls: 1.2019, loss: 1.2019
2026-08-31 07:22:53,488 - pyskl - INFO - Epoch [4][700/5537]	lr: 2.397e-02, eta: 3 days, 9:08:41, time: 2.549, data_time: 0.000, memory: 5243, top1_acc: 0.6316, top5_acc: 0.8794, loss_cls: 1.2367, loss: 1.2367
2026-08-31 07:27:07,321 - pyskl - INFO - Epoch [4][800/5537]	lr: 2.396e-02, eta: 3 days, 9:04:35, time: 2.538, data_time: 0.000, memory: 5243, top1_acc: 0.6362, top5_acc: 0.8869, loss_cls: 1.2214, loss: 1.2214
2026-08-31 07:31:21,734 - pyskl - INFO - Epoch [4][900/5537]	lr: 2.394e-02, eta: 3 days, 9:00:33, time: 2.544, data_time: 0.000, memory: 5243, top1_acc: 0.6366, top5_acc: 0.8784, loss_cls: 1.2285, loss: 1.2285
2026-08-31 07:35:36,030 - pyskl - INFO - Epoch [4][1000/5537]	lr: 2.393e-02, eta: 3 days, 8:56:31, time: 2.543, data_time: 0.000, memory: 5243, top1_acc: 0.6334, top5_acc: 0.8916, loss_cls: 1.2137, loss: 1.2137
2026-08-31 07:39:50,742 - pyskl - INFO - Epoch [4][1100/5537]	lr: 2.392e-02, eta: 3 days, 8:52:30, time: 2.547, data_time: 0.000, memory: 5243, top1_acc: 0.6344, top5_acc: 0.8831, loss_cls: 1.2280, loss: 1.2280
2026-08-31 07:44:04,339 - pyskl - INFO - Epoch [4][1200/5537]	lr: 2.391e-02, eta: 3 days, 8:48:23, time: 2.536, data_time: 0.000, memory: 5243, top1_acc: 0.6506, top5_acc: 0.8859, loss_cls: 1.1853, loss: 1.1853
2026-08-31 07:48:18,856 - pyskl - INFO - Epoch [4][1300/5537]	lr: 2.390e-02, eta: 3 days, 8:44:21, time: 2.545, data_time: 0.000, memory: 5243, top1_acc: 0.6391, top5_acc: 0.8834, loss_cls: 1.1893, loss: 1.1893
2026-08-31 07:52:33,556 - pyskl - INFO - Epoch [4][1400/5537]	lr: 2.388e-02, eta: 3 days, 8:40:21, time: 2.547, data_time: 0.000, memory: 5243, top1_acc: 0.6509, top5_acc: 0.8934, loss_cls: 1.1695, loss: 1.1695
2026-08-31 07:56:46,667 - pyskl - INFO - Epoch [4][1500/5537]	lr: 2.387e-02, eta: 3 days, 8:36:10, time: 2.531, data_time: 0.000, memory: 5243, top1_acc: 0.6344, top5_acc: 0.8912, loss_cls: 1.1938, loss: 1.1938
2026-08-31 08:01:01,254 - pyskl - INFO - Epoch [4][1600/5537]	lr: 2.386e-02, eta: 3 days, 8:32:08, time: 2.546, data_time: 0.000, memory: 5243, top1_acc: 0.6359, top5_acc: 0.8850, loss_cls: 1.2117, loss: 1.2117
2026-08-31 08:05:16,391 - pyskl - INFO - Epoch [4][1700/5537]	lr: 2.385e-02, eta: 3 days, 8:28:10, time: 2.551, data_time: 0.000, memory: 5243, top1_acc: 0.6309, top5_acc: 0.8853, loss_cls: 1.2156, loss: 1.2156
2026-08-31 08:09:29,810 - pyskl - INFO - Epoch [4][1800/5537]	lr: 2.383e-02, eta: 3 days, 8:24:00, time: 2.534, data_time: 0.000, memory: 5243, top1_acc: 0.6394, top5_acc: 0.8834, loss_cls: 1.2188, loss: 1.2188
2026-08-31 08:13:43,872 - pyskl - INFO - Epoch [4][1900/5537]	lr: 2.382e-02, eta: 3 days, 8:19:55, time: 2.541, data_time: 0.000, memory: 5243, top1_acc: 0.6425, top5_acc: 0.8806, loss_cls: 1.2114, loss: 1.2114
2026-08-31 08:17:58,353 - pyskl - INFO - Epoch [4][2000/5537]	lr: 2.381e-02, eta: 3 days, 8:15:52, time: 2.545, data_time: 0.000, memory: 5243, top1_acc: 0.6509, top5_acc: 0.8875, loss_cls: 1.1816, loss: 1.1816
2026-08-31 08:22:12,224 - pyskl - INFO - Epoch [4][2100/5537]	lr: 2.380e-02, eta: 3 days, 8:11:46, time: 2.539, data_time: 0.000, memory: 5243, top1_acc: 0.6450, top5_acc: 0.8903, loss_cls: 1.1880, loss: 1.1880
2026-08-31 08:26:25,272 - pyskl - INFO - Epoch [4][2200/5537]	lr: 2.378e-02, eta: 3 days, 8:07:34, time: 2.530, data_time: 0.000, memory: 5243, top1_acc: 0.6169, top5_acc: 0.8662, loss_cls: 1.2745, loss: 1.2745
2026-08-31 08:30:39,905 - pyskl - INFO - Epoch [4][2300/5537]	lr: 2.377e-02, eta: 3 days, 8:03:32, time: 2.546, data_time: 0.000, memory: 5243, top1_acc: 0.6488, top5_acc: 0.8997, loss_cls: 1.1466, loss: 1.1466
2026-08-31 08:34:54,755 - pyskl - INFO - Epoch [4][2400/5537]	lr: 2.376e-02, eta: 3 days, 7:59:31, time: 2.549, data_time: 0.000, memory: 5243, top1_acc: 0.6362, top5_acc: 0.8797, loss_cls: 1.2278, loss: 1.2278
2026-08-31 08:39:07,646 - pyskl - INFO - Epoch [4][2500/5537]	lr: 2.375e-02, eta: 3 days, 7:55:18, time: 2.529, data_time: 0.000, memory: 5243, top1_acc: 0.6303, top5_acc: 0.8825, loss_cls: 1.2433, loss: 1.2433
2026-08-31 08:43:21,864 - pyskl - INFO - Epoch [4][2600/5537]	lr: 2.373e-02, eta: 3 days, 7:51:13, time: 2.542, data_time: 0.000, memory: 5243, top1_acc: 0.6438, top5_acc: 0.8912, loss_cls: 1.2012, loss: 1.2012
2026-08-31 08:47:35,245 - pyskl - INFO - Epoch [4][2700/5537]	lr: 2.372e-02, eta: 3 days, 7:47:03, time: 2.534, data_time: 0.000, memory: 5243, top1_acc: 0.6312, top5_acc: 0.8769, loss_cls: 1.2421, loss: 1.2421
2026-08-31 08:51:49,644 - pyskl - INFO - Epoch [4][2800/5537]	lr: 2.371e-02, eta: 3 days, 7:42:59, time: 2.544, data_time: 0.000, memory: 5243, top1_acc: 0.6491, top5_acc: 0.8894, loss_cls: 1.1828, loss: 1.1828
2026-08-31 08:56:03,372 - pyskl - INFO - Epoch [4][2900/5537]	lr: 2.369e-02, eta: 3 days, 7:38:51, time: 2.537, data_time: 0.000, memory: 5243, top1_acc: 0.6534, top5_acc: 0.8828, loss_cls: 1.1785, loss: 1.1785
2026-08-31 09:00:17,701 - pyskl - INFO - Epoch [4][3000/5537]	lr: 2.368e-02, eta: 3 days, 7:34:46, time: 2.543, data_time: 0.000, memory: 5243, top1_acc: 0.6516, top5_acc: 0.9003, loss_cls: 1.1330, loss: 1.1330
2026-08-31 09:04:32,283 - pyskl - INFO - Epoch [4][3100/5537]	lr: 2.367e-02, eta: 3 days, 7:30:43, time: 2.546, data_time: 0.000, memory: 5243, top1_acc: 0.6528, top5_acc: 0.8956, loss_cls: 1.1673, loss: 1.1673
2026-08-31 09:08:45,228 - pyskl - INFO - Epoch [4][3200/5537]	lr: 2.365e-02, eta: 3 days, 7:26:30, time: 2.529, data_time: 0.000, memory: 5243, top1_acc: 0.6656, top5_acc: 0.8950, loss_cls: 1.1202, loss: 1.1202
2026-08-31 09:12:59,466 - pyskl - INFO - Epoch [4][3300/5537]	lr: 2.364e-02, eta: 3 days, 7:22:25, time: 2.542, data_time: 0.000, memory: 5243, top1_acc: 0.6403, top5_acc: 0.8875, loss_cls: 1.1939, loss: 1.1939
2026-08-31 09:17:14,107 - pyskl - INFO - Epoch [4][3400/5537]	lr: 2.363e-02, eta: 3 days, 7:18:22, time: 2.546, data_time: 0.000, memory: 5243, top1_acc: 0.6472, top5_acc: 0.8956, loss_cls: 1.1614, loss: 1.1614
2026-08-31 09:21:27,860 - pyskl - INFO - Epoch [4][3500/5537]	lr: 2.361e-02, eta: 3 days, 7:14:13, time: 2.538, data_time: 0.000, memory: 5243, top1_acc: 0.6512, top5_acc: 0.8988, loss_cls: 1.1597, loss: 1.1597
2026-08-31 09:25:41,986 - pyskl - INFO - Epoch [4][3600/5537]	lr: 2.360e-02, eta: 3 days, 7:10:07, time: 2.541, data_time: 0.000, memory: 5243, top1_acc: 0.6409, top5_acc: 0.8816, loss_cls: 1.2010, loss: 1.2010
2026-08-31 09:29:56,214 - pyskl - INFO - Epoch [4][3700/5537]	lr: 2.359e-02, eta: 3 days, 7:06:01, time: 2.542, data_time: 0.000, memory: 5243, top1_acc: 0.6406, top5_acc: 0.8812, loss_cls: 1.2078, loss: 1.2078
2026-08-31 09:34:11,034 - pyskl - INFO - Epoch [4][3800/5537]	lr: 2.357e-02, eta: 3 days, 7:01:59, time: 2.548, data_time: 0.000, memory: 5243, top1_acc: 0.6450, top5_acc: 0.8878, loss_cls: 1.1835, loss: 1.1835
2026-08-31 09:38:24,715 - pyskl - INFO - Epoch [4][3900/5537]	lr: 2.356e-02, eta: 3 days, 6:57:50, time: 2.537, data_time: 0.000, memory: 5243, top1_acc: 0.6478, top5_acc: 0.8847, loss_cls: 1.2091, loss: 1.2091
2026-08-31 09:42:38,492 - pyskl - INFO - Epoch [4][4000/5537]	lr: 2.355e-02, eta: 3 days, 6:53:41, time: 2.538, data_time: 0.000, memory: 5243, top1_acc: 0.6375, top5_acc: 0.8900, loss_cls: 1.1906, loss: 1.1906
2026-08-31 09:46:53,309 - pyskl - INFO - Epoch [4][4100/5537]	lr: 2.353e-02, eta: 3 days, 6:49:38, time: 2.548, data_time: 0.000, memory: 5243, top1_acc: 0.6675, top5_acc: 0.8972, loss_cls: 1.1414, loss: 1.1414
2026-08-31 09:51:06,355 - pyskl - INFO - Epoch [4][4200/5537]	lr: 2.352e-02, eta: 3 days, 6:45:25, time: 2.530, data_time: 0.000, memory: 5243, top1_acc: 0.6481, top5_acc: 0.8919, loss_cls: 1.1808, loss: 1.1808
2026-08-31 09:55:20,487 - pyskl - INFO - Epoch [4][4300/5537]	lr: 2.350e-02, eta: 3 days, 6:41:19, time: 2.541, data_time: 0.000, memory: 5243, top1_acc: 0.6353, top5_acc: 0.8878, loss_cls: 1.2224, loss: 1.2224
2026-08-31 09:59:34,988 - pyskl - INFO - Epoch [4][4400/5537]	lr: 2.349e-02, eta: 3 days, 6:37:14, time: 2.545, data_time: 0.000, memory: 5243, top1_acc: 0.6581, top5_acc: 0.8903, loss_cls: 1.1622, loss: 1.1622
2026-08-31 10:03:49,320 - pyskl - INFO - Epoch [4][4500/5537]	lr: 2.348e-02, eta: 3 days, 6:33:08, time: 2.543, data_time: 0.000, memory: 5243, top1_acc: 0.6606, top5_acc: 0.8844, loss_cls: 1.1704, loss: 1.1704
2026-08-31 10:08:02,470 - pyskl - INFO - Epoch [4][4600/5537]	lr: 2.346e-02, eta: 3 days, 6:28:56, time: 2.531, data_time: 0.000, memory: 5243, top1_acc: 0.6500, top5_acc: 0.8875, loss_cls: 1.1779, loss: 1.1779
2026-08-31 10:12:16,833 - pyskl - INFO - Epoch [4][4700/5537]	lr: 2.345e-02, eta: 3 days, 6:24:50, time: 2.544, data_time: 0.000, memory: 5243, top1_acc: 0.6566, top5_acc: 0.8972, loss_cls: 1.1490, loss: 1.1490
2026-08-31 10:16:30,966 - pyskl - INFO - Epoch [4][4800/5537]	lr: 2.343e-02, eta: 3 days, 6:20:43, time: 2.541, data_time: 0.000, memory: 5243, top1_acc: 0.6506, top5_acc: 0.8928, loss_cls: 1.1638, loss: 1.1638
2026-08-31 10:20:43,739 - pyskl - INFO - Epoch [4][4900/5537]	lr: 2.342e-02, eta: 3 days, 6:16:29, time: 2.528, data_time: 0.000, memory: 5243, top1_acc: 0.6497, top5_acc: 0.8828, loss_cls: 1.1940, loss: 1.1940
2026-08-31 10:24:58,246 - pyskl - INFO - Epoch [4][5000/5537]	lr: 2.340e-02, eta: 3 days, 6:12:23, time: 2.545, data_time: 0.000, memory: 5243, top1_acc: 0.6744, top5_acc: 0.9041, loss_cls: 1.0978, loss: 1.0978
2026-08-31 10:29:12,608 - pyskl - INFO - Epoch [4][5100/5537]	lr: 2.339e-02, eta: 3 days, 6:08:17, time: 2.544, data_time: 0.000, memory: 5243, top1_acc: 0.6763, top5_acc: 0.8934, loss_cls: 1.1168, loss: 1.1168
2026-08-31 10:33:26,301 - pyskl - INFO - Epoch [4][5200/5537]	lr: 2.337e-02, eta: 3 days, 6:04:08, time: 2.537, data_time: 0.000, memory: 5243, top1_acc: 0.6434, top5_acc: 0.8822, loss_cls: 1.1998, loss: 1.1998
2026-08-31 10:37:40,781 - pyskl - INFO - Epoch [4][5300/5537]	lr: 2.336e-02, eta: 3 days, 6:00:02, time: 2.545, data_time: 0.000, memory: 5243, top1_acc: 0.6512, top5_acc: 0.8850, loss_cls: 1.1789, loss: 1.1789
2026-08-31 10:41:54,649 - pyskl - INFO - Epoch [4][5400/5537]	lr: 2.335e-02, eta: 3 days, 5:55:53, time: 2.539, data_time: 0.000, memory: 5243, top1_acc: 0.6419, top5_acc: 0.8944, loss_cls: 1.1874, loss: 1.1874
2026-08-31 10:46:08,849 - pyskl - INFO - Epoch [4][5500/5537]	lr: 2.333e-02, eta: 3 days, 5:51:46, time: 2.542, data_time: 0.000, memory: 5243, top1_acc: 0.6606, top5_acc: 0.9028, loss_cls: 1.1339, loss: 1.1339
2026-08-31 10:47:42,193 - pyskl - INFO - Saving checkpoint at 4 epochs
2026-08-31 10:53:51,953 - pyskl - INFO - Evaluating top_k_accuracy ...
2026-08-31 10:53:51,964 - pyskl - INFO - 
top1_acc	0.7777
top5_acc	0.9652
2026-08-31 10:53:51,965 - pyskl - INFO - The previous best checkpoint D:\YxjProject\pythonProject\pyskl\work_dirs\aug_baseline\stgcnpp_j\train\A6_mixed_e24\best_top1_acc_epoch_2.pth was removed
2026-08-31 10:53:52,035 - pyskl - INFO - Now best checkpoint is saved as best_top1_acc_epoch_4.pth.
2026-08-31 10:53:52,036 - pyskl - INFO - Best top1_acc is 0.7777 at 4 epoch.
2026-08-31 10:53:52,036 - pyskl - INFO - Epoch(val) [4][146]	top1_acc: 0.7777, top5_acc: 0.9652
2026-08-31 10:58:13,479 - pyskl - INFO - Epoch [5][100/5537]	lr: 2.331e-02, eta: 3 days, 5:38:56, time: 2.614, data_time: 0.067, memory: 5243, top1_acc: 0.6381, top5_acc: 0.8856, loss_cls: 1.1957, loss: 1.1957
2026-08-31 11:02:26,532 - pyskl - INFO - Epoch [5][200/5537]	lr: 2.330e-02, eta: 3 days, 5:34:45, time: 2.531, data_time: 0.000, memory: 5243, top1_acc: 0.6678, top5_acc: 0.8925, loss_cls: 1.1298, loss: 1.1298
2026-08-31 11:06:40,599 - pyskl - INFO - Epoch [5][300/5537]	lr: 2.328e-02, eta: 3 days, 5:30:39, time: 2.541, data_time: 0.000, memory: 5243, top1_acc: 0.6562, top5_acc: 0.9009, loss_cls: 1.1333, loss: 1.1333
2026-08-31 11:10:55,079 - pyskl - INFO - Epoch [5][400/5537]	lr: 2.327e-02, eta: 3 days, 5:26:35, time: 2.545, data_time: 0.000, memory: 5243, top1_acc: 0.6484, top5_acc: 0.8938, loss_cls: 1.1720, loss: 1.1720
2026-08-31 11:15:08,415 - pyskl - INFO - Epoch [5][500/5537]	lr: 2.325e-02, eta: 3 days, 5:22:26, time: 2.533, data_time: 0.000, memory: 5243, top1_acc: 0.6600, top5_acc: 0.8831, loss_cls: 1.1591, loss: 1.1591
2026-08-31 11:19:23,645 - pyskl - INFO - Epoch [5][600/5537]	lr: 2.324e-02, eta: 3 days, 5:18:26, time: 2.552, data_time: 0.000, memory: 5243, top1_acc: 0.6531, top5_acc: 0.8941, loss_cls: 1.1641, loss: 1.1641
2026-08-31 11:23:37,795 - pyskl - INFO - Epoch [5][700/5537]	lr: 2.322e-02, eta: 3 days, 5:14:20, time: 2.541, data_time: 0.000, memory: 5243, top1_acc: 0.6572, top5_acc: 0.8981, loss_cls: 1.1496, loss: 1.1496
2026-08-31 11:27:52,464 - pyskl - INFO - Epoch [5][800/5537]	lr: 2.321e-02, eta: 3 days, 5:10:17, time: 2.547, data_time: 0.000, memory: 5243, top1_acc: 0.6619, top5_acc: 0.8912, loss_cls: 1.1268, loss: 1.1268
2026-08-31 11:32:05,332 - pyskl - INFO - Epoch [5][900/5537]	lr: 2.319e-02, eta: 3 days, 5:06:05, time: 2.529, data_time: 0.000, memory: 5243, top1_acc: 0.6653, top5_acc: 0.8925, loss_cls: 1.1210, loss: 1.1210
2026-08-31 11:36:19,633 - pyskl - INFO - Epoch [5][1000/5537]	lr: 2.317e-02, eta: 3 days, 5:02:00, time: 2.543, data_time: 0.000, memory: 5243, top1_acc: 0.6559, top5_acc: 0.8938, loss_cls: 1.1640, loss: 1.1640
2026-08-31 11:40:33,864 - pyskl - INFO - Epoch [5][1100/5537]	lr: 2.316e-02, eta: 3 days, 4:57:54, time: 2.542, data_time: 0.000, memory: 5243, top1_acc: 0.6728, top5_acc: 0.8984, loss_cls: 1.0963, loss: 1.0963
2026-08-31 11:44:47,216 - pyskl - INFO - Epoch [5][1200/5537]	lr: 2.314e-02, eta: 3 days, 4:53:45, time: 2.534, data_time: 0.000, memory: 5243, top1_acc: 0.6756, top5_acc: 0.8994, loss_cls: 1.0911, loss: 1.0911
2026-08-31 11:49:02,219 - pyskl - INFO - Epoch [5][1300/5537]	lr: 2.313e-02, eta: 3 days, 4:49:43, time: 2.550, data_time: 0.000, memory: 5243, top1_acc: 0.6659, top5_acc: 0.8991, loss_cls: 1.1259, loss: 1.1259
2026-08-31 11:53:16,799 - pyskl - INFO - Epoch [5][1400/5537]	lr: 2.311e-02, eta: 3 days, 4:45:38, time: 2.546, data_time: 0.000, memory: 5243, top1_acc: 0.6475, top5_acc: 0.8903, loss_cls: 1.1875, loss: 1.1875
2026-08-31 11:57:30,091 - pyskl - INFO - Epoch [5][1500/5537]	lr: 2.310e-02, eta: 3 days, 4:41:28, time: 2.533, data_time: 0.000, memory: 5243, top1_acc: 0.6634, top5_acc: 0.8988, loss_cls: 1.1182, loss: 1.1182
2026-08-31 12:01:45,271 - pyskl - INFO - Epoch [5][1600/5537]	lr: 2.308e-02, eta: 3 days, 4:37:27, time: 2.552, data_time: 0.000, memory: 5243, top1_acc: 0.6606, top5_acc: 0.8934, loss_cls: 1.1439, loss: 1.1439
2026-08-31 12:05:59,325 - pyskl - INFO - Epoch [5][1700/5537]	lr: 2.307e-02, eta: 3 days, 4:33:20, time: 2.541, data_time: 0.000, memory: 5243, top1_acc: 0.6678, top5_acc: 0.8988, loss_cls: 1.1440, loss: 1.1440
2026-08-31 12:10:14,282 - pyskl - INFO - Epoch [5][1800/5537]	lr: 2.305e-02, eta: 3 days, 4:29:17, time: 2.550, data_time: 0.000, memory: 5243, top1_acc: 0.6541, top5_acc: 0.8884, loss_cls: 1.1556, loss: 1.1556
2026-08-31 12:14:28,065 - pyskl - INFO - Epoch [5][1900/5537]	lr: 2.303e-02, eta: 3 days, 4:25:09, time: 2.538, data_time: 0.000, memory: 5243, top1_acc: 0.6491, top5_acc: 0.8859, loss_cls: 1.1772, loss: 1.1772
2026-08-31 12:18:42,421 - pyskl - INFO - Epoch [5][2000/5537]	lr: 2.302e-02, eta: 3 days, 4:21:04, time: 2.544, data_time: 0.000, memory: 5243, top1_acc: 0.6678, top5_acc: 0.8912, loss_cls: 1.1272, loss: 1.1272
2026-08-31 12:22:57,416 - pyskl - INFO - Epoch [5][2100/5537]	lr: 2.300e-02, eta: 3 days, 4:17:01, time: 2.550, data_time: 0.000, memory: 5243, top1_acc: 0.6750, top5_acc: 0.9041, loss_cls: 1.1046, loss: 1.1046
2026-08-31 12:27:10,890 - pyskl - INFO - Epoch [5][2200/5537]	lr: 2.299e-02, eta: 3 days, 4:12:51, time: 2.535, data_time: 0.000, memory: 5243, top1_acc: 0.6494, top5_acc: 0.8897, loss_cls: 1.1537, loss: 1.1537
2026-08-31 12:31:24,727 - pyskl - INFO - Epoch [5][2300/5537]	lr: 2.297e-02, eta: 3 days, 4:08:43, time: 2.538, data_time: 0.000, memory: 5243, top1_acc: 0.6394, top5_acc: 0.8850, loss_cls: 1.1844, loss: 1.1844
2026-08-31 12:35:38,997 - pyskl - INFO - Epoch [5][2400/5537]	lr: 2.295e-02, eta: 3 days, 4:04:37, time: 2.543, data_time: 0.000, memory: 5243, top1_acc: 0.6594, top5_acc: 0.8984, loss_cls: 1.1366, loss: 1.1366
2026-08-31 12:39:53,189 - pyskl - INFO - Epoch [5][2500/5537]	lr: 2.294e-02, eta: 3 days, 4:00:30, time: 2.542, data_time: 0.000, memory: 5243, top1_acc: 0.6519, top5_acc: 0.8888, loss_cls: 1.1545, loss: 1.1545
2026-08-31 12:44:06,904 - pyskl - INFO - Epoch [5][2600/5537]	lr: 2.292e-02, eta: 3 days, 3:56:21, time: 2.537, data_time: 0.000, memory: 5243, top1_acc: 0.6544, top5_acc: 0.8919, loss_cls: 1.1770, loss: 1.1770
2026-08-31 12:48:21,958 - pyskl - INFO - Epoch [5][2700/5537]	lr: 2.290e-02, eta: 3 days, 3:52:18, time: 2.551, data_time: 0.000, memory: 5243, top1_acc: 0.6591, top5_acc: 0.8912, loss_cls: 1.1607, loss: 1.1607
2026-08-31 12:52:36,402 - pyskl - INFO - Epoch [5][2800/5537]	lr: 2.289e-02, eta: 3 days, 3:48:12, time: 2.544, data_time: 0.000, memory: 5243, top1_acc: 0.6753, top5_acc: 0.9012, loss_cls: 1.0967, loss: 1.0967
2026-08-31 12:56:49,462 - pyskl - INFO - Epoch [5][2900/5537]	lr: 2.287e-02, eta: 3 days, 3:44:01, time: 2.531, data_time: 0.000, memory: 5243, top1_acc: 0.6763, top5_acc: 0.8897, loss_cls: 1.1161, loss: 1.1161
2026-08-31 13:01:04,172 - pyskl - INFO - Epoch [5][3000/5537]	lr: 2.286e-02, eta: 3 days, 3:39:56, time: 2.547, data_time: 0.000, memory: 5243, top1_acc: 0.6581, top5_acc: 0.8919, loss_cls: 1.1431, loss: 1.1431
2026-08-31 13:05:18,276 - pyskl - INFO - Epoch [5][3100/5537]	lr: 2.284e-02, eta: 3 days, 3:35:49, time: 2.541, data_time: 0.000, memory: 5243, top1_acc: 0.6675, top5_acc: 0.9031, loss_cls: 1.0868, loss: 1.0868
2026-08-31 13:09:31,874 - pyskl - INFO - Epoch [5][3200/5537]	lr: 2.282e-02, eta: 3 days, 3:31:39, time: 2.536, data_time: 0.000, memory: 5243, top1_acc: 0.6497, top5_acc: 0.8888, loss_cls: 1.1739, loss: 1.1739
2026-08-31 13:13:46,180 - pyskl - INFO - Epoch [5][3300/5537]	lr: 2.281e-02, eta: 3 days, 3:27:32, time: 2.543, data_time: 0.000, memory: 5243, top1_acc: 0.6625, top5_acc: 0.9019, loss_cls: 1.1048, loss: 1.1048
2026-08-31 13:18:00,123 - pyskl - INFO - Epoch [5][3400/5537]	lr: 2.279e-02, eta: 3 days, 3:23:24, time: 2.539, data_time: 0.000, memory: 5243, top1_acc: 0.6769, top5_acc: 0.8956, loss_cls: 1.0926, loss: 1.0926
2026-08-31 13:22:14,793 - pyskl - INFO - Epoch [5][3500/5537]	lr: 2.277e-02, eta: 3 days, 3:19:19, time: 2.547, data_time: 0.000, memory: 5243, top1_acc: 0.6634, top5_acc: 0.8903, loss_cls: 1.1452, loss: 1.1452
2026-08-31 13:26:28,158 - pyskl - INFO - Epoch [5][3600/5537]	lr: 2.276e-02, eta: 3 days, 3:15:08, time: 2.534, data_time: 0.000, memory: 5243, top1_acc: 0.6403, top5_acc: 0.8797, loss_cls: 1.2013, loss: 1.2013
2026-08-31 13:30:42,051 - pyskl - INFO - Epoch [5][3700/5537]	lr: 2.274e-02, eta: 3 days, 3:11:00, time: 2.539, data_time: 0.000, memory: 5243, top1_acc: 0.6625, top5_acc: 0.8838, loss_cls: 1.1731, loss: 1.1731
2026-08-31 13:34:56,754 - pyskl - INFO - Epoch [5][3800/5537]	lr: 2.272e-02, eta: 3 days, 3:06:54, time: 2.547, data_time: 0.000, memory: 5243, top1_acc: 0.6741, top5_acc: 0.8991, loss_cls: 1.0996, loss: 1.0996
2026-08-31 13:39:09,821 - pyskl - INFO - Epoch [5][3900/5537]	lr: 2.270e-02, eta: 3 days, 3:02:42, time: 2.531, data_time: 0.000, memory: 5243, top1_acc: 0.6556, top5_acc: 0.8888, loss_cls: 1.1581, loss: 1.1581
2026-08-31 13:43:24,064 - pyskl - INFO - Epoch [5][4000/5537]	lr: 2.269e-02, eta: 3 days, 2:58:35, time: 2.542, data_time: 0.000, memory: 5243, top1_acc: 0.6634, top5_acc: 0.8888, loss_cls: 1.1420, loss: 1.1420
2026-08-31 13:47:38,246 - pyskl - INFO - Epoch [5][4100/5537]	lr: 2.267e-02, eta: 3 days, 2:54:27, time: 2.542, data_time: 0.000, memory: 5243, top1_acc: 0.6831, top5_acc: 0.8994, loss_cls: 1.0688, loss: 1.0688
2026-08-31 13:51:53,331 - pyskl - INFO - Epoch [5][4200/5537]	lr: 2.265e-02, eta: 3 days, 2:50:24, time: 2.551, data_time: 0.000, memory: 5243, top1_acc: 0.6603, top5_acc: 0.9003, loss_cls: 1.1480, loss: 1.1480
2026-08-31 13:56:06,733 - pyskl - INFO - Epoch [5][4300/5537]	lr: 2.264e-02, eta: 3 days, 2:46:13, time: 2.534, data_time: 0.000, memory: 5243, top1_acc: 0.6672, top5_acc: 0.8925, loss_cls: 1.1627, loss: 1.1627
2026-08-31 14:00:20,694 - pyskl - INFO - Epoch [5][4400/5537]	lr: 2.262e-02, eta: 3 days, 2:42:04, time: 2.540, data_time: 0.000, memory: 5243, top1_acc: 0.6575, top5_acc: 0.8978, loss_cls: 1.1301, loss: 1.1301
2026-08-31 14:04:35,347 - pyskl - INFO - Epoch [5][4500/5537]	lr: 2.260e-02, eta: 3 days, 2:37:58, time: 2.547, data_time: 0.000, memory: 5243, top1_acc: 0.6694, top5_acc: 0.8934, loss_cls: 1.1141, loss: 1.1141
2026-08-31 14:08:48,435 - pyskl - INFO - Epoch [5][4600/5537]	lr: 2.258e-02, eta: 3 days, 2:33:46, time: 2.531, data_time: 0.000, memory: 5243, top1_acc: 0.6731, top5_acc: 0.9000, loss_cls: 1.1012, loss: 1.1012
2026-08-31 14:13:02,372 - pyskl - INFO - Epoch [5][4700/5537]	lr: 2.257e-02, eta: 3 days, 2:29:37, time: 2.539, data_time: 0.000, memory: 5243, top1_acc: 0.6553, top5_acc: 0.9047, loss_cls: 1.1617, loss: 1.1617
2026-08-31 14:17:17,581 - pyskl - INFO - Epoch [5][4800/5537]	lr: 2.255e-02, eta: 3 days, 2:25:33, time: 2.552, data_time: 0.000, memory: 5243, top1_acc: 0.6663, top5_acc: 0.8925, loss_cls: 1.1135, loss: 1.1135
2026-08-31 14:21:31,306 - pyskl - INFO - Epoch [5][4900/5537]	lr: 2.253e-02, eta: 3 days, 2:21:24, time: 2.537, data_time: 0.000, memory: 5243, top1_acc: 0.6678, top5_acc: 0.8959, loss_cls: 1.1013, loss: 1.1013
2026-08-31 14:25:45,258 - pyskl - INFO - Epoch [5][5000/5537]	lr: 2.251e-02, eta: 3 days, 2:17:15, time: 2.540, data_time: 0.000, memory: 5243, top1_acc: 0.6641, top5_acc: 0.8950, loss_cls: 1.1398, loss: 1.1398
2026-08-31 14:30:00,472 - pyskl - INFO - Epoch [5][5100/5537]	lr: 2.250e-02, eta: 3 days, 2:13:11, time: 2.552, data_time: 0.000, memory: 5243, top1_acc: 0.6687, top5_acc: 0.8972, loss_cls: 1.1090, loss: 1.1090
2026-08-31 14:34:15,345 - pyskl - INFO - Epoch [5][5200/5537]	lr: 2.248e-02, eta: 3 days, 2:09:05, time: 2.549, data_time: 0.000, memory: 5243, top1_acc: 0.6475, top5_acc: 0.8928, loss_cls: 1.1429, loss: 1.1429
2026-08-31 14:38:29,466 - pyskl - INFO - Epoch [5][5300/5537]	lr: 2.246e-02, eta: 3 days, 2:04:57, time: 2.541, data_time: 0.000, memory: 5243, top1_acc: 0.6663, top5_acc: 0.8972, loss_cls: 1.1059, loss: 1.1059
2026-08-31 14:42:46,138 - pyskl - INFO - Epoch [5][5400/5537]	lr: 2.244e-02, eta: 3 days, 2:00:58, time: 2.567, data_time: 0.000, memory: 5243, top1_acc: 0.6606, top5_acc: 0.9003, loss_cls: 1.1192, loss: 1.1192
2026-08-31 14:47:02,344 - pyskl - INFO - Epoch [5][5500/5537]	lr: 2.242e-02, eta: 3 days, 1:56:58, time: 2.562, data_time: 0.000, memory: 5243, top1_acc: 0.6631, top5_acc: 0.8950, loss_cls: 1.1447, loss: 1.1447
2026-08-31 14:48:36,520 - pyskl - INFO - Saving checkpoint at 5 epochs
2026-08-31 14:54:35,617 - pyskl - INFO - Evaluating top_k_accuracy ...
2026-08-31 14:54:35,629 - pyskl - INFO - 
top1_acc	0.7839
top5_acc	0.9592
2026-08-31 14:54:35,630 - pyskl - INFO - The previous best checkpoint D:\YxjProject\pythonProject\pyskl\work_dirs\aug_baseline\stgcnpp_j\train\A6_mixed_e24\best_top1_acc_epoch_4.pth was removed
2026-08-31 14:54:35,699 - pyskl - INFO - Now best checkpoint is saved as best_top1_acc_epoch_5.pth.
2026-08-31 14:54:35,699 - pyskl - INFO - Best top1_acc is 0.7839 at 5 epoch.
2026-08-31 14:54:35,699 - pyskl - INFO - Epoch(val) [5][146]	top1_acc: 0.7839, top5_acc: 0.9592
2026-08-31 14:58:57,661 - pyskl - INFO - Epoch [6][100/5537]	lr: 2.240e-02, eta: 3 days, 1:45:51, time: 2.620, data_time: 0.068, memory: 5243, top1_acc: 0.6700, top5_acc: 0.9053, loss_cls: 1.0794, loss: 1.0794
2026-08-31 15:03:11,061 - pyskl - INFO - Epoch [6][200/5537]	lr: 2.238e-02, eta: 3 days, 1:41:41, time: 2.534, data_time: 0.000, memory: 5243, top1_acc: 0.6737, top5_acc: 0.9000, loss_cls: 1.1092, loss: 1.1092
2026-08-31 15:07:26,302 - pyskl - INFO - Epoch [6][300/5537]	lr: 2.236e-02, eta: 3 days, 1:37:38, time: 2.552, data_time: 0.000, memory: 5243, top1_acc: 0.6706, top5_acc: 0.8975, loss_cls: 1.1028, loss: 1.1028
2026-08-31 15:11:40,748 - pyskl - INFO - Epoch [6][400/5537]	lr: 2.234e-02, eta: 3 days, 1:33:32, time: 2.544, data_time: 0.000, memory: 5243, top1_acc: 0.6744, top5_acc: 0.9038, loss_cls: 1.0834, loss: 1.0834
2026-08-31 15:15:55,407 - pyskl - INFO - Epoch [6][500/5537]	lr: 2.233e-02, eta: 3 days, 1:29:27, time: 2.547, data_time: 0.000, memory: 5243, top1_acc: 0.6763, top5_acc: 0.8991, loss_cls: 1.0848, loss: 1.0848
2026-08-31 15:20:08,936 - pyskl - INFO - Epoch [6][600/5537]	lr: 2.231e-02, eta: 3 days, 1:25:17, time: 2.535, data_time: 0.000, memory: 5243, top1_acc: 0.6687, top5_acc: 0.8972, loss_cls: 1.1046, loss: 1.1046
2026-08-31 15:24:23,410 - pyskl - INFO - Epoch [6][700/5537]	lr: 2.229e-02, eta: 3 days, 1:21:11, time: 2.545, data_time: 0.000, memory: 5243, top1_acc: 0.6697, top5_acc: 0.8962, loss_cls: 1.1314, loss: 1.1314
2026-08-31 15:28:38,344 - pyskl - INFO - Epoch [6][800/5537]	lr: 2.227e-02, eta: 3 days, 1:17:07, time: 2.549, data_time: 0.000, memory: 5243, top1_acc: 0.6759, top5_acc: 0.9012, loss_cls: 1.0742, loss: 1.0742
2026-08-31 15:32:51,747 - pyskl - INFO - Epoch [6][900/5537]	lr: 2.225e-02, eta: 3 days, 1:12:57, time: 2.534, data_time: 0.000, memory: 5243, top1_acc: 0.6669, top5_acc: 0.9006, loss_cls: 1.1177, loss: 1.1177
2026-08-31 15:37:06,767 - pyskl - INFO - Epoch [6][1000/5537]	lr: 2.223e-02, eta: 3 days, 1:08:52, time: 2.550, data_time: 0.000, memory: 5243, top1_acc: 0.6663, top5_acc: 0.8966, loss_cls: 1.1140, loss: 1.1140
2026-08-31 15:41:21,468 - pyskl - INFO - Epoch [6][1100/5537]	lr: 2.222e-02, eta: 3 days, 1:04:47, time: 2.547, data_time: 0.000, memory: 5243, top1_acc: 0.6613, top5_acc: 0.9038, loss_cls: 1.1239, loss: 1.1239
2026-08-31 15:45:35,857 - pyskl - INFO - Epoch [6][1200/5537]	lr: 2.220e-02, eta: 3 days, 1:00:40, time: 2.544, data_time: 0.000, memory: 5243, top1_acc: 0.6666, top5_acc: 0.8988, loss_cls: 1.1314, loss: 1.1314
2026-08-31 15:49:50,323 - pyskl - INFO - Epoch [6][1300/5537]	lr: 2.218e-02, eta: 3 days, 0:56:34, time: 2.545, data_time: 0.000, memory: 5243, top1_acc: 0.6622, top5_acc: 0.8916, loss_cls: 1.1379, loss: 1.1379
2026-08-31 15:54:04,365 - pyskl - INFO - Epoch [6][1400/5537]	lr: 2.216e-02, eta: 3 days, 0:52:26, time: 2.540, data_time: 0.000, memory: 5243, top1_acc: 0.6803, top5_acc: 0.9012, loss_cls: 1.0673, loss: 1.0673
2026-08-31 15:58:19,612 - pyskl - INFO - Epoch [6][1500/5537]	lr: 2.214e-02, eta: 3 days, 0:48:22, time: 2.552, data_time: 0.000, memory: 5243, top1_acc: 0.6719, top5_acc: 0.8988, loss_cls: 1.0793, loss: 1.0793
2026-08-31 16:02:33,075 - pyskl - INFO - Epoch [6][1600/5537]	lr: 2.212e-02, eta: 3 days, 0:44:12, time: 2.535, data_time: 0.000, memory: 5243, top1_acc: 0.6841, top5_acc: 0.9041, loss_cls: 1.0591, loss: 1.0591
2026-08-31 16:06:46,895 - pyskl - INFO - Epoch [6][1700/5537]	lr: 2.210e-02, eta: 3 days, 0:40:03, time: 2.538, data_time: 0.000, memory: 5243, top1_acc: 0.6659, top5_acc: 0.9019, loss_cls: 1.0946, loss: 1.0946
2026-08-31 16:11:02,233 - pyskl - INFO - Epoch [6][1800/5537]	lr: 2.208e-02, eta: 3 days, 0:35:59, time: 2.553, data_time: 0.000, memory: 5243, top1_acc: 0.6822, top5_acc: 0.9050, loss_cls: 1.0675, loss: 1.0675
2026-08-31 16:15:16,105 - pyskl - INFO - Epoch [6][1900/5537]	lr: 2.207e-02, eta: 3 days, 0:31:50, time: 2.539, data_time: 0.000, memory: 5243, top1_acc: 0.6803, top5_acc: 0.8947, loss_cls: 1.0909, loss: 1.0909
2026-08-31 16:19:31,187 - pyskl - INFO - Epoch [6][2000/5537]	lr: 2.205e-02, eta: 3 days, 0:27:45, time: 2.551, data_time: 0.000, memory: 5243, top1_acc: 0.6716, top5_acc: 0.9081, loss_cls: 1.0900, loss: 1.0900
2026-08-31 16:23:46,129 - pyskl - INFO - Epoch [6][2100/5537]	lr: 2.203e-02, eta: 3 days, 0:23:40, time: 2.549, data_time: 0.000, memory: 5243, top1_acc: 0.6619, top5_acc: 0.8988, loss_cls: 1.1251, loss: 1.1251
2026-08-31 16:28:00,665 - pyskl - INFO - Epoch [6][2200/5537]	lr: 2.201e-02, eta: 3 days, 0:19:33, time: 2.545, data_time: 0.000, memory: 5243, top1_acc: 0.6869, top5_acc: 0.9122, loss_cls: 1.0632, loss: 1.0632
2026-08-31 16:32:14,639 - pyskl - INFO - Epoch [6][2300/5537]	lr: 2.199e-02, eta: 3 days, 0:15:25, time: 2.540, data_time: 0.000, memory: 5243, top1_acc: 0.6869, top5_acc: 0.9038, loss_cls: 1.0595, loss: 1.0595
2026-08-31 16:36:29,980 - pyskl - INFO - Epoch [6][2400/5537]	lr: 2.197e-02, eta: 3 days, 0:11:21, time: 2.553, data_time: 0.000, memory: 5243, top1_acc: 0.6994, top5_acc: 0.9131, loss_cls: 1.0139, loss: 1.0139
2026-08-31 16:40:44,151 - pyskl - INFO - Epoch [6][2500/5537]	lr: 2.195e-02, eta: 3 days, 0:07:13, time: 2.542, data_time: 0.000, memory: 5243, top1_acc: 0.6753, top5_acc: 0.8950, loss_cls: 1.0852, loss: 1.0852
2026-08-31 16:44:57,674 - pyskl - INFO - Epoch [6][2600/5537]	lr: 2.193e-02, eta: 3 days, 0:03:02, time: 2.535, data_time: 0.000, memory: 5243, top1_acc: 0.6672, top5_acc: 0.8891, loss_cls: 1.1244, loss: 1.1244
2026-08-31 16:49:12,673 - pyskl - INFO - Epoch [6][2700/5537]	lr: 2.191e-02, eta: 2 days, 23:58:57, time: 2.550, data_time: 0.000, memory: 5243, top1_acc: 0.6616, top5_acc: 0.8950, loss_cls: 1.1464, loss: 1.1464
2026-08-31 16:53:27,580 - pyskl - INFO - Epoch [6][2800/5537]	lr: 2.189e-02, eta: 2 days, 23:54:51, time: 2.549, data_time: 0.000, memory: 5243, top1_acc: 0.6656, top5_acc: 0.8962, loss_cls: 1.1219, loss: 1.1219
2026-08-31 16:57:42,012 - pyskl - INFO - Epoch [6][2900/5537]	lr: 2.187e-02, eta: 2 days, 23:50:44, time: 2.544, data_time: 0.000, memory: 5243, top1_acc: 0.6775, top5_acc: 0.9097, loss_cls: 1.0563, loss: 1.0563
2026-08-31 17:01:57,188 - pyskl - INFO - Epoch [6][3000/5537]	lr: 2.185e-02, eta: 2 days, 23:46:39, time: 2.552, data_time: 0.000, memory: 5243, top1_acc: 0.6753, top5_acc: 0.9059, loss_cls: 1.0827, loss: 1.0827
2026-08-31 17:06:14,138 - pyskl - INFO - Epoch [6][3100/5537]	lr: 2.183e-02, eta: 2 days, 23:42:40, time: 2.569, data_time: 0.000, memory: 5243, top1_acc: 0.6837, top5_acc: 0.9072, loss_cls: 1.0650, loss: 1.0650
2026-08-31 17:10:29,085 - pyskl - INFO - Epoch [6][3200/5537]	lr: 2.181e-02, eta: 2 days, 23:38:34, time: 2.549, data_time: 0.000, memory: 5243, top1_acc: 0.6631, top5_acc: 0.8912, loss_cls: 1.1087, loss: 1.1087
2026-08-31 17:14:42,609 - pyskl - INFO - Epoch [6][3300/5537]	lr: 2.179e-02, eta: 2 days, 23:34:23, time: 2.535, data_time: 0.000, memory: 5243, top1_acc: 0.6728, top5_acc: 0.8966, loss_cls: 1.0959, loss: 1.0959
2026-08-31 17:18:58,397 - pyskl - INFO - Epoch [6][3400/5537]	lr: 2.177e-02, eta: 2 days, 23:30:20, time: 2.558, data_time: 0.000, memory: 5243, top1_acc: 0.6719, top5_acc: 0.8988, loss_cls: 1.0846, loss: 1.0846
2026-08-31 17:23:13,601 - pyskl - INFO - Epoch [6][3500/5537]	lr: 2.175e-02, eta: 2 days, 23:26:15, time: 2.552, data_time: 0.000, memory: 5243, top1_acc: 0.6631, top5_acc: 0.8944, loss_cls: 1.1236, loss: 1.1236
2026-08-31 17:27:27,049 - pyskl - INFO - Epoch [6][3600/5537]	lr: 2.173e-02, eta: 2 days, 23:22:04, time: 2.534, data_time: 0.000, memory: 5243, top1_acc: 0.6728, top5_acc: 0.8981, loss_cls: 1.0939, loss: 1.0939
2026-08-31 17:31:42,150 - pyskl - INFO - Epoch [6][3700/5537]	lr: 2.171e-02, eta: 2 days, 23:17:58, time: 2.551, data_time: 0.000, memory: 5243, top1_acc: 0.6734, top5_acc: 0.8997, loss_cls: 1.0866, loss: 1.0866
2026-08-31 17:35:56,530 - pyskl - INFO - Epoch [6][3800/5537]	lr: 2.169e-02, eta: 2 days, 23:13:50, time: 2.544, data_time: 0.000, memory: 5243, top1_acc: 0.6841, top5_acc: 0.9075, loss_cls: 1.0506, loss: 1.0506
2026-08-31 17:40:11,662 - pyskl - INFO - Epoch [6][3900/5537]	lr: 2.167e-02, eta: 2 days, 23:09:44, time: 2.551, data_time: 0.000, memory: 5243, top1_acc: 0.6719, top5_acc: 0.8953, loss_cls: 1.0979, loss: 1.0979
2026-08-31 17:44:25,652 - pyskl - INFO - Epoch [6][4000/5537]	lr: 2.165e-02, eta: 2 days, 23:05:35, time: 2.540, data_time: 0.000, memory: 5243, top1_acc: 0.6766, top5_acc: 0.8922, loss_cls: 1.0989, loss: 1.0989
2026-08-31 17:48:39,592 - pyskl - INFO - Epoch [6][4100/5537]	lr: 2.163e-02, eta: 2 days, 23:01:25, time: 2.539, data_time: 0.000, memory: 5243, top1_acc: 0.6766, top5_acc: 0.9031, loss_cls: 1.0924, loss: 1.0924
2026-08-31 17:52:54,999 - pyskl - INFO - Epoch [6][4200/5537]	lr: 2.161e-02, eta: 2 days, 22:57:20, time: 2.554, data_time: 0.000, memory: 5243, top1_acc: 0.6753, top5_acc: 0.8972, loss_cls: 1.0996, loss: 1.0996
2026-08-31 17:57:08,353 - pyskl - INFO - Epoch [6][4300/5537]	lr: 2.159e-02, eta: 2 days, 22:53:09, time: 2.534, data_time: 0.000, memory: 5243, top1_acc: 0.6784, top5_acc: 0.9038, loss_cls: 1.0640, loss: 1.0640
2026-08-31 18:01:23,114 - pyskl - INFO - Epoch [6][4400/5537]	lr: 2.157e-02, eta: 2 days, 22:49:02, time: 2.548, data_time: 0.000, memory: 5243, top1_acc: 0.6713, top5_acc: 0.9034, loss_cls: 1.0820, loss: 1.0820
2026-08-31 18:05:37,684 - pyskl - INFO - Epoch [6][4500/5537]	lr: 2.155e-02, eta: 2 days, 22:44:54, time: 2.546, data_time: 0.000, memory: 5243, top1_acc: 0.6775, top5_acc: 0.9091, loss_cls: 1.0758, loss: 1.0758
2026-08-31 18:09:52,070 - pyskl - INFO - Epoch [6][4600/5537]	lr: 2.153e-02, eta: 2 days, 22:40:46, time: 2.544, data_time: 0.000, memory: 5243, top1_acc: 0.6809, top5_acc: 0.9028, loss_cls: 1.0645, loss: 1.0645
2026-08-31 18:14:05,670 - pyskl - INFO - Epoch [6][4700/5537]	lr: 2.151e-02, eta: 2 days, 22:36:35, time: 2.536, data_time: 0.000, memory: 5243, top1_acc: 0.6734, top5_acc: 0.8969, loss_cls: 1.0821, loss: 1.0821
2026-08-31 18:18:20,511 - pyskl - INFO - Epoch [6][4800/5537]	lr: 2.149e-02, eta: 2 days, 22:32:28, time: 2.548, data_time: 0.000, memory: 5243, top1_acc: 0.6878, top5_acc: 0.9066, loss_cls: 1.0583, loss: 1.0583
2026-08-31 18:22:36,460 - pyskl - INFO - Epoch [6][4900/5537]	lr: 2.147e-02, eta: 2 days, 22:28:24, time: 2.559, data_time: 0.000, memory: 5243, top1_acc: 0.6750, top5_acc: 0.8972, loss_cls: 1.1107, loss: 1.1107
2026-08-31 18:26:51,398 - pyskl - INFO - Epoch [6][5000/5537]	lr: 2.145e-02, eta: 2 days, 22:24:17, time: 2.549, data_time: 0.000, memory: 5243, top1_acc: 0.6778, top5_acc: 0.9006, loss_cls: 1.0822, loss: 1.0822
2026-08-31 18:31:07,957 - pyskl - INFO - Epoch [6][5100/5537]	lr: 2.143e-02, eta: 2 days, 22:20:16, time: 2.566, data_time: 0.000, memory: 5243, top1_acc: 0.6816, top5_acc: 0.9066, loss_cls: 1.0498, loss: 1.0498
2026-08-31 18:35:24,292 - pyskl - INFO - Epoch [6][5200/5537]	lr: 2.141e-02, eta: 2 days, 22:16:13, time: 2.563, data_time: 0.000, memory: 5243, top1_acc: 0.6597, top5_acc: 0.8975, loss_cls: 1.1036, loss: 1.1036
2026-08-31 18:39:39,953 - pyskl - INFO - Epoch [6][5300/5537]	lr: 2.139e-02, eta: 2 days, 22:12:08, time: 2.557, data_time: 0.000, memory: 5243, top1_acc: 0.6784, top5_acc: 0.9078, loss_cls: 1.0658, loss: 1.0658
2026-08-31 18:43:56,000 - pyskl - INFO - Epoch [6][5400/5537]	lr: 2.137e-02, eta: 2 days, 22:08:04, time: 2.560, data_time: 0.000, memory: 5243, top1_acc: 0.6881, top5_acc: 0.9066, loss_cls: 1.0476, loss: 1.0476
2026-08-31 18:48:12,495 - pyskl - INFO - Epoch [6][5500/5537]	lr: 2.135e-02, eta: 2 days, 22:04:02, time: 2.565, data_time: 0.000, memory: 5243, top1_acc: 0.6778, top5_acc: 0.9019, loss_cls: 1.0643, loss: 1.0643
2026-08-31 18:49:47,305 - pyskl - INFO - Saving checkpoint at 6 epochs
2026-08-31 18:56:01,588 - pyskl - INFO - Evaluating top_k_accuracy ...
2026-08-31 18:56:01,598 - pyskl - INFO - 
top1_acc	0.7936
top5_acc	0.9652
2026-08-31 18:56:01,601 - pyskl - INFO - The previous best checkpoint D:\YxjProject\pythonProject\pyskl\work_dirs\aug_baseline\stgcnpp_j\train\A6_mixed_e24\best_top1_acc_epoch_5.pth was removed
2026-08-31 18:56:01,668 - pyskl - INFO - Now best checkpoint is saved as best_top1_acc_epoch_6.pth.
2026-08-31 18:56:01,669 - pyskl - INFO - Best top1_acc is 0.7936 at 6 epoch.
2026-08-31 18:56:01,669 - pyskl - INFO - Epoch(val) [6][146]	top1_acc: 0.7936, top5_acc: 0.9652
2026-08-31 19:00:23,831 - pyskl - INFO - Epoch [7][100/5537]	lr: 2.132e-02, eta: 2 days, 21:54:03, time: 2.621, data_time: 0.069, memory: 5243, top1_acc: 0.6794, top5_acc: 0.9066, loss_cls: 1.0686, loss: 1.0686
2026-08-31 19:04:39,661 - pyskl - INFO - Epoch [7][200/5537]	lr: 2.130e-02, eta: 2 days, 21:49:59, time: 2.558, data_time: 0.000, memory: 5243, top1_acc: 0.6875, top5_acc: 0.9081, loss_cls: 1.0482, loss: 1.0482
2026-08-31 19:08:54,859 - pyskl - INFO - Epoch [7][300/5537]	lr: 2.128e-02, eta: 2 days, 21:45:54, time: 2.552, data_time: 0.000, memory: 5243, top1_acc: 0.6881, top5_acc: 0.9059, loss_cls: 1.0286, loss: 1.0286
2026-08-31 19:13:11,886 - pyskl - INFO - Epoch [7][400/5537]	lr: 2.126e-02, eta: 2 days, 21:41:54, time: 2.570, data_time: 0.000, memory: 5243, top1_acc: 0.6700, top5_acc: 0.8938, loss_cls: 1.1052, loss: 1.1052
2026-08-31 19:17:27,520 - pyskl - INFO - Epoch [7][500/5537]	lr: 2.123e-02, eta: 2 days, 21:37:49, time: 2.556, data_time: 0.000, memory: 5243, top1_acc: 0.6881, top5_acc: 0.9097, loss_cls: 1.0389, loss: 1.0389
2026-08-31 19:21:43,934 - pyskl - INFO - Epoch [7][600/5537]	lr: 2.121e-02, eta: 2 days, 21:33:47, time: 2.564, data_time: 0.000, memory: 5243, top1_acc: 0.6713, top5_acc: 0.9003, loss_cls: 1.1011, loss: 1.1011
2026-08-31 19:26:00,021 - pyskl - INFO - Epoch [7][700/5537]	lr: 2.119e-02, eta: 2 days, 21:29:44, time: 2.561, data_time: 0.000, memory: 5243, top1_acc: 0.6850, top5_acc: 0.8991, loss_cls: 1.0666, loss: 1.0666
2026-08-31 19:30:16,657 - pyskl - INFO - Epoch [7][800/5537]	lr: 2.117e-02, eta: 2 days, 21:25:42, time: 2.566, data_time: 0.000, memory: 5243, top1_acc: 0.6803, top5_acc: 0.9016, loss_cls: 1.0607, loss: 1.0607
2026-08-31 19:34:33,656 - pyskl - INFO - Epoch [7][900/5537]	lr: 2.115e-02, eta: 2 days, 21:21:42, time: 2.570, data_time: 0.000, memory: 5243, top1_acc: 0.6863, top5_acc: 0.8978, loss_cls: 1.0543, loss: 1.0543
2026-08-31 19:38:48,981 - pyskl - INFO - Epoch [7][1000/5537]	lr: 2.113e-02, eta: 2 days, 21:17:36, time: 2.553, data_time: 0.000, memory: 5243, top1_acc: 0.6709, top5_acc: 0.8941, loss_cls: 1.0863, loss: 1.0863
2026-08-31 19:43:08,578 - pyskl - INFO - Epoch [7][1100/5537]	lr: 2.111e-02, eta: 2 days, 21:13:43, time: 2.596, data_time: 0.000, memory: 5243, top1_acc: 0.6684, top5_acc: 0.8991, loss_cls: 1.0859, loss: 1.0859
2026-08-31 19:47:25,610 - pyskl - INFO - Epoch [7][1200/5537]	lr: 2.108e-02, eta: 2 days, 21:09:42, time: 2.570, data_time: 0.000, memory: 5243, top1_acc: 0.6725, top5_acc: 0.9062, loss_cls: 1.0916, loss: 1.0916
2026-08-31 19:51:41,204 - pyskl - INFO - Epoch [7][1300/5537]	lr: 2.106e-02, eta: 2 days, 21:05:37, time: 2.556, data_time: 0.000, memory: 5243, top1_acc: 0.6894, top5_acc: 0.9022, loss_cls: 1.0638, loss: 1.0638
2026-08-31 19:55:56,317 - pyskl - INFO - Epoch [7][1400/5537]	lr: 2.104e-02, eta: 2 days, 21:01:30, time: 2.551, data_time: 0.000, memory: 5243, top1_acc: 0.6837, top5_acc: 0.9044, loss_cls: 1.0574, loss: 1.0574
2026-08-31 20:00:12,436 - pyskl - INFO - Epoch [7][1500/5537]	lr: 2.102e-02, eta: 2 days, 20:57:27, time: 2.561, data_time: 0.000, memory: 5243, top1_acc: 0.6837, top5_acc: 0.9103, loss_cls: 1.0518, loss: 1.0518
2026-08-31 20:04:29,882 - pyskl - INFO - Epoch [7][1600/5537]	lr: 2.100e-02, eta: 2 days, 20:53:27, time: 2.574, data_time: 0.000, memory: 5243, top1_acc: 0.6691, top5_acc: 0.9016, loss_cls: 1.1030, loss: 1.1030
2026-08-31 20:08:44,787 - pyskl - INFO - Epoch [7][1700/5537]	lr: 2.098e-02, eta: 2 days, 20:49:19, time: 2.549, data_time: 0.000, memory: 5243, top1_acc: 0.6781, top5_acc: 0.9022, loss_cls: 1.0728, loss: 1.0728
2026-08-31 20:13:00,588 - pyskl - INFO - Epoch [7][1800/5537]	lr: 2.096e-02, eta: 2 days, 20:45:15, time: 2.558, data_time: 0.000, memory: 5243, top1_acc: 0.6831, top5_acc: 0.9031, loss_cls: 1.0785, loss: 1.0785
2026-08-31 20:17:18,390 - pyskl - INFO - Epoch [7][1900/5537]	lr: 2.093e-02, eta: 2 days, 20:41:15, time: 2.578, data_time: 0.000, memory: 5243, top1_acc: 0.6753, top5_acc: 0.8988, loss_cls: 1.0656, loss: 1.0656
2026-08-31 20:21:33,538 - pyskl - INFO - Epoch [7][2000/5537]	lr: 2.091e-02, eta: 2 days, 20:37:08, time: 2.552, data_time: 0.000, memory: 5243, top1_acc: 0.6806, top5_acc: 0.9034, loss_cls: 1.0568, loss: 1.0568
2026-08-31 20:25:50,888 - pyskl - INFO - Epoch [7][2100/5537]	lr: 2.089e-02, eta: 2 days, 20:33:08, time: 2.573, data_time: 0.000, memory: 5243, top1_acc: 0.7044, top5_acc: 0.9150, loss_cls: 0.9956, loss: 0.9956
2026-08-31 20:30:07,046 - pyskl - INFO - Epoch [7][2200/5537]	lr: 2.087e-02, eta: 2 days, 20:29:04, time: 2.562, data_time: 0.000, memory: 5243, top1_acc: 0.6931, top5_acc: 0.9119, loss_cls: 1.0088, loss: 1.0088
2026-08-31 20:34:22,734 - pyskl - INFO - Epoch [7][2300/5537]	lr: 2.085e-02, eta: 2 days, 20:24:58, time: 2.557, data_time: 0.000, memory: 5243, top1_acc: 0.6641, top5_acc: 0.8984, loss_cls: 1.0948, loss: 1.0948
2026-08-31 20:38:38,837 - pyskl - INFO - Epoch [7][2400/5537]	lr: 2.082e-02, eta: 2 days, 20:20:54, time: 2.561, data_time: 0.000, memory: 5243, top1_acc: 0.7069, top5_acc: 0.9125, loss_cls: 1.0191, loss: 1.0191
2026-08-31 20:42:57,497 - pyskl - INFO - Epoch [7][2500/5537]	lr: 2.080e-02, eta: 2 days, 20:16:56, time: 2.587, data_time: 0.000, memory: 5243, top1_acc: 0.6887, top5_acc: 0.9119, loss_cls: 1.0282, loss: 1.0282
2026-08-31 20:47:13,802 - pyskl - INFO - Epoch [7][2600/5537]	lr: 2.078e-02, eta: 2 days, 20:12:52, time: 2.563, data_time: 0.000, memory: 5243, top1_acc: 0.6828, top5_acc: 0.8966, loss_cls: 1.0802, loss: 1.0802
2026-08-31 20:51:29,200 - pyskl - INFO - Epoch [7][2700/5537]	lr: 2.076e-02, eta: 2 days, 20:08:46, time: 2.554, data_time: 0.000, memory: 5243, top1_acc: 0.6931, top5_acc: 0.9041, loss_cls: 1.0356, loss: 1.0356
2026-08-31 20:55:47,340 - pyskl - INFO - Epoch [7][2800/5537]	lr: 2.074e-02, eta: 2 days, 20:04:47, time: 2.581, data_time: 0.000, memory: 5243, top1_acc: 0.6916, top5_acc: 0.9041, loss_cls: 1.0349, loss: 1.0349
2026-08-31 21:00:05,099 - pyskl - INFO - Epoch [7][2900/5537]	lr: 2.071e-02, eta: 2 days, 20:00:46, time: 2.578, data_time: 0.000, memory: 5243, top1_acc: 0.6678, top5_acc: 0.8925, loss_cls: 1.1051, loss: 1.1051
2026-08-31 21:04:21,494 - pyskl - INFO - Epoch [7][3000/5537]	lr: 2.069e-02, eta: 2 days, 19:56:42, time: 2.564, data_time: 0.000, memory: 5243, top1_acc: 0.6844, top5_acc: 0.9022, loss_cls: 1.0528, loss: 1.0528
2026-08-31 21:08:36,452 - pyskl - INFO - Epoch [7][3100/5537]	lr: 2.067e-02, eta: 2 days, 19:52:34, time: 2.550, data_time: 0.000, memory: 5243, top1_acc: 0.6816, top5_acc: 0.9003, loss_cls: 1.0746, loss: 1.0746
2026-08-31 21:12:53,014 - pyskl - INFO - Epoch [7][3200/5537]	lr: 2.065e-02, eta: 2 days, 19:48:31, time: 2.566, data_time: 0.000, memory: 5243, top1_acc: 0.6787, top5_acc: 0.9006, loss_cls: 1.0618, loss: 1.0618
2026-08-31 21:17:09,881 - pyskl - INFO - Epoch [7][3300/5537]	lr: 2.062e-02, eta: 2 days, 19:44:28, time: 2.569, data_time: 0.000, memory: 5243, top1_acc: 0.6759, top5_acc: 0.9159, loss_cls: 1.0496, loss: 1.0496
2026-08-31 21:21:26,560 - pyskl - INFO - Epoch [7][3400/5537]	lr: 2.060e-02, eta: 2 days, 19:40:24, time: 2.567, data_time: 0.000, memory: 5243, top1_acc: 0.6903, top5_acc: 0.9034, loss_cls: 1.0432, loss: 1.0432
2026-08-31 21:25:44,410 - pyskl - INFO - Epoch [7][3500/5537]	lr: 2.058e-02, eta: 2 days, 19:36:23, time: 2.578, data_time: 0.000, memory: 5243, top1_acc: 0.6706, top5_acc: 0.9044, loss_cls: 1.0939, loss: 1.0939
2026-08-31 21:29:59,467 - pyskl - INFO - Epoch [7][3600/5537]	lr: 2.056e-02, eta: 2 days, 19:32:15, time: 2.551, data_time: 0.000, memory: 5243, top1_acc: 0.6909, top5_acc: 0.9062, loss_cls: 1.0464, loss: 1.0464
2026-08-31 21:34:14,879 - pyskl - INFO - Epoch [7][3700/5537]	lr: 2.053e-02, eta: 2 days, 19:28:08, time: 2.554, data_time: 0.000, memory: 5243, top1_acc: 0.7016, top5_acc: 0.9062, loss_cls: 1.0168, loss: 1.0168
2026-08-31 21:38:31,004 - pyskl - INFO - Epoch [7][3800/5537]	lr: 2.051e-02, eta: 2 days, 19:24:03, time: 2.561, data_time: 0.000, memory: 5243, top1_acc: 0.6941, top5_acc: 0.9087, loss_cls: 1.0618, loss: 1.0618
2026-08-31 21:42:47,883 - pyskl - INFO - Epoch [7][3900/5537]	lr: 2.049e-02, eta: 2 days, 19:20:00, time: 2.569, data_time: 0.000, memory: 5243, top1_acc: 0.6919, top5_acc: 0.9044, loss_cls: 1.0479, loss: 1.0479
2026-08-31 21:47:04,036 - pyskl - INFO - Epoch [7][4000/5537]	lr: 2.046e-02, eta: 2 days, 19:15:54, time: 2.562, data_time: 0.000, memory: 5243, top1_acc: 0.7059, top5_acc: 0.9106, loss_cls: 1.0024, loss: 1.0024
2026-08-31 21:51:19,062 - pyskl - INFO - Epoch [7][4100/5537]	lr: 2.044e-02, eta: 2 days, 19:11:46, time: 2.550, data_time: 0.000, memory: 5243, top1_acc: 0.6891, top5_acc: 0.9016, loss_cls: 1.0724, loss: 1.0724
2026-08-31 21:55:35,542 - pyskl - INFO - Epoch [7][4200/5537]	lr: 2.042e-02, eta: 2 days, 19:07:42, time: 2.565, data_time: 0.000, memory: 5243, top1_acc: 0.7113, top5_acc: 0.9175, loss_cls: 0.9805, loss: 0.9805
2026-08-31 21:59:52,160 - pyskl - INFO - Epoch [7][4300/5537]	lr: 2.040e-02, eta: 2 days, 19:03:37, time: 2.566, data_time: 0.000, memory: 5243, top1_acc: 0.7022, top5_acc: 0.9028, loss_cls: 1.0253, loss: 1.0253
2026-08-31 22:04:09,204 - pyskl - INFO - Epoch [7][4400/5537]	lr: 2.037e-02, eta: 2 days, 18:59:34, time: 2.570, data_time: 0.000, memory: 5243, top1_acc: 0.6887, top5_acc: 0.9031, loss_cls: 1.0436, loss: 1.0436
2026-08-31 22:08:25,458 - pyskl - INFO - Epoch [7][4500/5537]	lr: 2.035e-02, eta: 2 days, 18:55:29, time: 2.563, data_time: 0.000, memory: 5243, top1_acc: 0.6906, top5_acc: 0.9100, loss_cls: 1.0140, loss: 1.0140
2026-08-31 22:12:41,925 - pyskl - INFO - Epoch [7][4600/5537]	lr: 2.033e-02, eta: 2 days, 18:51:24, time: 2.565, data_time: 0.000, memory: 5243, top1_acc: 0.6950, top5_acc: 0.9122, loss_cls: 1.0323, loss: 1.0323
2026-08-31 22:16:58,410 - pyskl - INFO - Epoch [7][4700/5537]	lr: 2.030e-02, eta: 2 days, 18:47:19, time: 2.565, data_time: 0.000, memory: 5243, top1_acc: 0.6853, top5_acc: 0.8997, loss_cls: 1.0619, loss: 1.0619
2026-08-31 22:21:13,420 - pyskl - INFO - Epoch [7][4800/5537]	lr: 2.028e-02, eta: 2 days, 18:43:10, time: 2.550, data_time: 0.000, memory: 5243, top1_acc: 0.6916, top5_acc: 0.9062, loss_cls: 1.0200, loss: 1.0200
2026-08-31 22:25:29,668 - pyskl - INFO - Epoch [7][4900/5537]	lr: 2.026e-02, eta: 2 days, 18:39:05, time: 2.562, data_time: 0.000, memory: 5243, top1_acc: 0.6922, top5_acc: 0.9119, loss_cls: 1.0169, loss: 1.0169
2026-08-31 22:29:46,124 - pyskl - INFO - Epoch [7][5000/5537]	lr: 2.024e-02, eta: 2 days, 18:35:00, time: 2.565, data_time: 0.000, memory: 5243, top1_acc: 0.6794, top5_acc: 0.9041, loss_cls: 1.0859, loss: 1.0859
2026-08-31 22:34:02,505 - pyskl - INFO - Epoch [7][5100/5537]	lr: 2.021e-02, eta: 2 days, 18:30:54, time: 2.564, data_time: 0.000, memory: 5243, top1_acc: 0.6828, top5_acc: 0.8941, loss_cls: 1.0785, loss: 1.0785
2026-08-31 22:38:17,896 - pyskl - INFO - Epoch [7][5200/5537]	lr: 2.019e-02, eta: 2 days, 18:26:46, time: 2.554, data_time: 0.000, memory: 5243, top1_acc: 0.6828, top5_acc: 0.9084, loss_cls: 1.0547, loss: 1.0547
2026-08-31 22:42:35,564 - pyskl - INFO - Epoch [7][5300/5537]	lr: 2.017e-02, eta: 2 days, 18:22:44, time: 2.577, data_time: 0.000, memory: 5243, top1_acc: 0.7066, top5_acc: 0.9106, loss_cls: 0.9949, loss: 0.9949
2026-08-31 22:46:52,132 - pyskl - INFO - Epoch [7][5400/5537]	lr: 2.014e-02, eta: 2 days, 18:18:39, time: 2.566, data_time: 0.000, memory: 5243, top1_acc: 0.7009, top5_acc: 0.9131, loss_cls: 1.0164, loss: 1.0164
2026-08-31 22:51:06,705 - pyskl - INFO - Epoch [7][5500/5537]	lr: 2.012e-02, eta: 2 days, 18:14:29, time: 2.546, data_time: 0.000, memory: 5243, top1_acc: 0.7006, top5_acc: 0.9097, loss_cls: 1.0097, loss: 1.0097
2026-08-31 22:52:42,730 - pyskl - INFO - Saving checkpoint at 7 epochs
2026-08-31 22:58:40,800 - pyskl - INFO - Evaluating top_k_accuracy ...
2026-08-31 22:58:40,814 - pyskl - INFO - 
top1_acc	0.7353
top5_acc	0.9588
2026-08-31 22:58:40,814 - pyskl - INFO - Epoch(val) [7][146]	top1_acc: 0.7353, top5_acc: 0.9588
2026-08-31 23:03:03,091 - pyskl - INFO - Epoch [8][100/5537]	lr: 2.009e-02, eta: 2 days, 18:05:17, time: 2.623, data_time: 0.068, memory: 5243, top1_acc: 0.6844, top5_acc: 0.9100, loss_cls: 1.0430, loss: 1.0430
2026-08-31 23:07:18,904 - pyskl - INFO - Epoch [8][200/5537]	lr: 2.006e-02, eta: 2 days, 18:01:11, time: 2.558, data_time: 0.000, memory: 5243, top1_acc: 0.7013, top5_acc: 0.9131, loss_cls: 0.9912, loss: 0.9912
2026-08-31 23:11:36,618 - pyskl - INFO - Epoch [8][300/5537]	lr: 2.004e-02, eta: 2 days, 17:57:09, time: 2.577, data_time: 0.000, memory: 5243, top1_acc: 0.6981, top5_acc: 0.9122, loss_cls: 0.9972, loss: 0.9972
2026-08-31 23:15:51,685 - pyskl - INFO - Epoch [8][400/5537]	lr: 2.002e-02, eta: 2 days, 17:53:01, time: 2.551, data_time: 0.000, memory: 5243, top1_acc: 0.6741, top5_acc: 0.9016, loss_cls: 1.0853, loss: 1.0853
2026-08-31 23:20:07,109 - pyskl - INFO - Epoch [8][500/5537]	lr: 1.999e-02, eta: 2 days, 17:48:53, time: 2.554, data_time: 0.000, memory: 5243, top1_acc: 0.7047, top5_acc: 0.9050, loss_cls: 0.9835, loss: 0.9835
2026-08-31 23:24:22,366 - pyskl - INFO - Epoch [8][600/5537]	lr: 1.997e-02, eta: 2 days, 17:44:46, time: 2.553, data_time: 0.000, memory: 5243, top1_acc: 0.6763, top5_acc: 0.9009, loss_cls: 1.0821, loss: 1.0821
2026-08-31 23:28:38,391 - pyskl - INFO - Epoch [8][700/5537]	lr: 1.994e-02, eta: 2 days, 17:40:39, time: 2.560, data_time: 0.000, memory: 5243, top1_acc: 0.6959, top5_acc: 0.9087, loss_cls: 1.0128, loss: 1.0128
2026-08-31 23:32:52,420 - pyskl - INFO - Epoch [8][800/5537]	lr: 1.992e-02, eta: 2 days, 17:36:29, time: 2.540, data_time: 0.000, memory: 5243, top1_acc: 0.7009, top5_acc: 0.9066, loss_cls: 1.0060, loss: 1.0060
2026-08-31 23:37:08,824 - pyskl - INFO - Epoch [8][900/5537]	lr: 1.990e-02, eta: 2 days, 17:32:23, time: 2.564, data_time: 0.000, memory: 5243, top1_acc: 0.6903, top5_acc: 0.9109, loss_cls: 1.0219, loss: 1.0219
2026-08-31 23:41:23,909 - pyskl - INFO - Epoch [8][1000/5537]	lr: 1.987e-02, eta: 2 days, 17:28:15, time: 2.551, data_time: 0.000, memory: 5243, top1_acc: 0.6837, top5_acc: 0.9097, loss_cls: 1.0287, loss: 1.0287
2026-08-31 23:45:38,775 - pyskl - INFO - Epoch [8][1100/5537]	lr: 1.985e-02, eta: 2 days, 17:24:06, time: 2.549, data_time: 0.000, memory: 5243, top1_acc: 0.6916, top5_acc: 0.9022, loss_cls: 1.0362, loss: 1.0362
2026-08-31 23:49:55,878 - pyskl - INFO - Epoch [8][1200/5537]	lr: 1.983e-02, eta: 2 days, 17:20:02, time: 2.571, data_time: 0.000, memory: 5243, top1_acc: 0.6928, top5_acc: 0.9163, loss_cls: 1.0048, loss: 1.0048
2026-08-31 23:54:12,275 - pyskl - INFO - Epoch [8][1300/5537]	lr: 1.980e-02, eta: 2 days, 17:15:57, time: 2.564, data_time: 0.000, memory: 5243, top1_acc: 0.7025, top5_acc: 0.9059, loss_cls: 1.0030, loss: 1.0030
2026-08-31 23:58:27,391 - pyskl - INFO - Epoch [8][1400/5537]	lr: 1.978e-02, eta: 2 days, 17:11:48, time: 2.551, data_time: 0.000, memory: 5243, top1_acc: 0.6931, top5_acc: 0.9072, loss_cls: 1.0405, loss: 1.0405
2026-09-01 00:02:41,139 - pyskl - INFO - Epoch [8][1500/5537]	lr: 1.975e-02, eta: 2 days, 17:07:37, time: 2.537, data_time: 0.000, memory: 5243, top1_acc: 0.6916, top5_acc: 0.9053, loss_cls: 1.0247, loss: 1.0247
2026-09-01 00:06:57,752 - pyskl - INFO - Epoch [8][1600/5537]	lr: 1.973e-02, eta: 2 days, 17:03:32, time: 2.566, data_time: 0.000, memory: 5243, top1_acc: 0.6844, top5_acc: 0.9069, loss_cls: 1.0430, loss: 1.0430
2026-09-01 00:11:13,969 - pyskl - INFO - Epoch [8][1700/5537]	lr: 1.971e-02, eta: 2 days, 16:59:26, time: 2.562, data_time: 0.000, memory: 5243, top1_acc: 0.6894, top5_acc: 0.9050, loss_cls: 1.0391, loss: 1.0391
2026-09-01 00:15:29,002 - pyskl - INFO - Epoch [8][1800/5537]	lr: 1.968e-02, eta: 2 days, 16:55:17, time: 2.550, data_time: 0.000, memory: 5243, top1_acc: 0.6872, top5_acc: 0.9038, loss_cls: 1.0651, loss: 1.0651
2026-09-01 00:19:45,002 - pyskl - INFO - Epoch [8][1900/5537]	lr: 1.966e-02, eta: 2 days, 16:51:10, time: 2.560, data_time: 0.000, memory: 5243, top1_acc: 0.6853, top5_acc: 0.9097, loss_cls: 1.0248, loss: 1.0248
2026-09-01 00:24:00,764 - pyskl - INFO - Epoch [8][2000/5537]	lr: 1.963e-02, eta: 2 days, 16:47:03, time: 2.558, data_time: 0.000, memory: 5243, top1_acc: 0.7000, top5_acc: 0.9069, loss_cls: 1.0047, loss: 1.0047
2026-09-01 00:28:17,846 - pyskl - INFO - Epoch [8][2100/5537]	lr: 1.961e-02, eta: 2 days, 16:42:59, time: 2.571, data_time: 0.000, memory: 5243, top1_acc: 0.7000, top5_acc: 0.9066, loss_cls: 1.0024, loss: 1.0024
2026-09-01 00:32:33,412 - pyskl - INFO - Epoch [8][2200/5537]	lr: 1.958e-02, eta: 2 days, 16:38:51, time: 2.556, data_time: 0.000, memory: 5243, top1_acc: 0.6934, top5_acc: 0.9081, loss_cls: 1.0336, loss: 1.0336
2026-09-01 00:36:48,497 - pyskl - INFO - Epoch [8][2300/5537]	lr: 1.956e-02, eta: 2 days, 16:34:42, time: 2.551, data_time: 0.000, memory: 5243, top1_acc: 0.6944, top5_acc: 0.9012, loss_cls: 1.0209, loss: 1.0209
2026-09-01 00:41:03,114 - pyskl - INFO - Epoch [8][2400/5537]	lr: 1.954e-02, eta: 2 days, 16:30:32, time: 2.546, data_time: 0.000, memory: 5243, top1_acc: 0.6775, top5_acc: 0.9044, loss_cls: 1.0819, loss: 1.0819
2026-09-01 00:45:17,528 - pyskl - INFO - Epoch [8][2500/5537]	lr: 1.951e-02, eta: 2 days, 16:26:22, time: 2.544, data_time: 0.000, memory: 5243, top1_acc: 0.7019, top5_acc: 0.9131, loss_cls: 0.9929, loss: 0.9929
2026-09-01 00:49:36,668 - pyskl - INFO - Epoch [8][2600/5537]	lr: 1.949e-02, eta: 2 days, 16:22:22, time: 2.591, data_time: 0.000, memory: 5243, top1_acc: 0.6891, top5_acc: 0.9053, loss_cls: 1.0507, loss: 1.0507
2026-09-01 00:53:53,171 - pyskl - INFO - Epoch [8][2700/5537]	lr: 1.946e-02, eta: 2 days, 16:18:16, time: 2.565, data_time: 0.000, memory: 5243, top1_acc: 0.6913, top5_acc: 0.9034, loss_cls: 1.0457, loss: 1.0457
2026-09-01 00:58:08,656 - pyskl - INFO - Epoch [8][2800/5537]	lr: 1.944e-02, eta: 2 days, 16:14:08, time: 2.555, data_time: 0.000, memory: 5243, top1_acc: 0.6981, top5_acc: 0.9166, loss_cls: 0.9948, loss: 0.9948
2026-09-01 01:02:23,236 - pyskl - INFO - Epoch [8][2900/5537]	lr: 1.941e-02, eta: 2 days, 16:09:57, time: 2.546, data_time: 0.000, memory: 5243, top1_acc: 0.6913, top5_acc: 0.9078, loss_cls: 1.0191, loss: 1.0191
2026-09-01 01:06:39,518 - pyskl - INFO - Epoch [8][3000/5537]	lr: 1.939e-02, eta: 2 days, 16:05:51, time: 2.563, data_time: 0.000, memory: 5243, top1_acc: 0.6828, top5_acc: 0.9047, loss_cls: 1.0292, loss: 1.0292
2026-09-01 01:10:54,807 - pyskl - INFO - Epoch [8][3100/5537]	lr: 1.936e-02, eta: 2 days, 16:01:42, time: 2.553, data_time: 0.000, memory: 5243, top1_acc: 0.6922, top5_acc: 0.9056, loss_cls: 1.0250, loss: 1.0250
2026-09-01 01:15:10,169 - pyskl - INFO - Epoch [8][3200/5537]	lr: 1.934e-02, eta: 2 days, 15:57:34, time: 2.554, data_time: 0.000, memory: 5243, top1_acc: 0.6937, top5_acc: 0.9012, loss_cls: 1.0429, loss: 1.0429
2026-09-01 01:19:25,723 - pyskl - INFO - Epoch [8][3300/5537]	lr: 1.931e-02, eta: 2 days, 15:53:26, time: 2.556, data_time: 0.000, memory: 5243, top1_acc: 0.7131, top5_acc: 0.9109, loss_cls: 0.9667, loss: 0.9667
2026-09-01 01:23:41,774 - pyskl - INFO - Epoch [8][3400/5537]	lr: 1.929e-02, eta: 2 days, 15:49:18, time: 2.561, data_time: 0.000, memory: 5243, top1_acc: 0.6903, top5_acc: 0.9163, loss_cls: 1.0052, loss: 1.0052
2026-09-01 01:27:57,102 - pyskl - INFO - Epoch [8][3500/5537]	lr: 1.926e-02, eta: 2 days, 15:45:10, time: 2.553, data_time: 0.000, memory: 5243, top1_acc: 0.6963, top5_acc: 0.9125, loss_cls: 1.0164, loss: 1.0164
2026-09-01 01:32:12,642 - pyskl - INFO - Epoch [8][3600/5537]	lr: 1.924e-02, eta: 2 days, 15:41:01, time: 2.555, data_time: 0.000, memory: 5243, top1_acc: 0.6903, top5_acc: 0.9066, loss_cls: 1.0280, loss: 1.0280
2026-09-01 01:36:28,155 - pyskl - INFO - Epoch [8][3700/5537]	lr: 1.921e-02, eta: 2 days, 15:36:53, time: 2.555, data_time: 0.000, memory: 5243, top1_acc: 0.6897, top5_acc: 0.9047, loss_cls: 1.0307, loss: 1.0307
2026-09-01 01:40:43,414 - pyskl - INFO - Epoch [8][3800/5537]	lr: 1.919e-02, eta: 2 days, 15:32:44, time: 2.553, data_time: 0.000, memory: 5243, top1_acc: 0.6984, top5_acc: 0.9081, loss_cls: 1.0013, loss: 1.0013
2026-09-01 01:44:57,953 - pyskl - INFO - Epoch [8][3900/5537]	lr: 1.916e-02, eta: 2 days, 15:28:33, time: 2.545, data_time: 0.000, memory: 5243, top1_acc: 0.6819, top5_acc: 0.9050, loss_cls: 1.0271, loss: 1.0271
2026-09-01 01:49:16,264 - pyskl - INFO - Epoch [8][4000/5537]	lr: 1.914e-02, eta: 2 days, 15:24:31, time: 2.583, data_time: 0.000, memory: 5243, top1_acc: 0.6963, top5_acc: 0.9059, loss_cls: 1.0056, loss: 1.0056
2026-09-01 01:53:32,348 - pyskl - INFO - Epoch [8][4100/5537]	lr: 1.911e-02, eta: 2 days, 15:20:23, time: 2.561, data_time: 0.000, memory: 5243, top1_acc: 0.6922, top5_acc: 0.9128, loss_cls: 1.0219, loss: 1.0219
2026-09-01 01:57:48,023 - pyskl - INFO - Epoch [8][4200/5537]	lr: 1.909e-02, eta: 2 days, 15:16:15, time: 2.557, data_time: 0.000, memory: 5243, top1_acc: 0.6950, top5_acc: 0.9044, loss_cls: 1.0271, loss: 1.0271
2026-09-01 02:02:03,604 - pyskl - INFO - Epoch [8][4300/5537]	lr: 1.906e-02, eta: 2 days, 15:12:07, time: 2.556, data_time: 0.000, memory: 5243, top1_acc: 0.6769, top5_acc: 0.9000, loss_cls: 1.0584, loss: 1.0584
2026-09-01 02:06:19,586 - pyskl - INFO - Epoch [8][4400/5537]	lr: 1.904e-02, eta: 2 days, 15:07:59, time: 2.560, data_time: 0.000, memory: 5243, top1_acc: 0.7003, top5_acc: 0.9069, loss_cls: 1.0027, loss: 1.0027
2026-09-01 02:10:36,097 - pyskl - INFO - Epoch [8][4500/5537]	lr: 1.901e-02, eta: 2 days, 15:03:52, time: 2.565, data_time: 0.000, memory: 5243, top1_acc: 0.6978, top5_acc: 0.9081, loss_cls: 0.9917, loss: 0.9917
2026-09-01 02:14:49,938 - pyskl - INFO - Epoch [8][4600/5537]	lr: 1.899e-02, eta: 2 days, 14:59:40, time: 2.538, data_time: 0.000, memory: 5243, top1_acc: 0.6819, top5_acc: 0.8966, loss_cls: 1.0849, loss: 1.0849
2026-09-01 02:19:04,477 - pyskl - INFO - Epoch [8][4700/5537]	lr: 1.896e-02, eta: 2 days, 14:55:29, time: 2.545, data_time: 0.000, memory: 5243, top1_acc: 0.6994, top5_acc: 0.9144, loss_cls: 1.0058, loss: 1.0058
2026-09-01 02:23:18,725 - pyskl - INFO - Epoch [8][4800/5537]	lr: 1.894e-02, eta: 2 days, 14:51:18, time: 2.542, data_time: 0.000, memory: 5243, top1_acc: 0.7072, top5_acc: 0.9119, loss_cls: 0.9772, loss: 0.9772
2026-09-01 02:27:32,717 - pyskl - INFO - Epoch [8][4900/5537]	lr: 1.891e-02, eta: 2 days, 14:47:06, time: 2.540, data_time: 0.000, memory: 5243, top1_acc: 0.6991, top5_acc: 0.9094, loss_cls: 0.9987, loss: 0.9987
2026-09-01 02:31:47,001 - pyskl - INFO - Epoch [8][5000/5537]	lr: 1.889e-02, eta: 2 days, 14:42:55, time: 2.543, data_time: 0.000, memory: 5243, top1_acc: 0.7009, top5_acc: 0.9087, loss_cls: 1.0050, loss: 1.0050
2026-09-01 02:36:01,923 - pyskl - INFO - Epoch [8][5100/5537]	lr: 1.886e-02, eta: 2 days, 14:38:45, time: 2.549, data_time: 0.000, memory: 5243, top1_acc: 0.6925, top5_acc: 0.9109, loss_cls: 1.0046, loss: 1.0046
2026-09-01 02:40:16,395 - pyskl - INFO - Epoch [8][5200/5537]	lr: 1.884e-02, eta: 2 days, 14:34:34, time: 2.545, data_time: 0.000, memory: 5243, top1_acc: 0.6863, top5_acc: 0.9097, loss_cls: 1.0264, loss: 1.0264
2026-09-01 02:44:29,654 - pyskl - INFO - Epoch [8][5300/5537]	lr: 1.881e-02, eta: 2 days, 14:30:20, time: 2.533, data_time: 0.000, memory: 5243, top1_acc: 0.6891, top5_acc: 0.9006, loss_cls: 1.0480, loss: 1.0480
2026-09-01 02:48:43,980 - pyskl - INFO - Epoch [8][5400/5537]	lr: 1.879e-02, eta: 2 days, 14:26:09, time: 2.543, data_time: 0.000, memory: 5243, top1_acc: 0.6981, top5_acc: 0.9147, loss_cls: 0.9980, loss: 0.9980
2026-09-01 02:52:58,467 - pyskl - INFO - Epoch [8][5500/5537]	lr: 1.876e-02, eta: 2 days, 14:21:58, time: 2.545, data_time: 0.000, memory: 5243, top1_acc: 0.6984, top5_acc: 0.9066, loss_cls: 1.0160, loss: 1.0160
2026-09-01 02:54:32,513 - pyskl - INFO - Saving checkpoint at 8 epochs
2026-09-01 03:00:28,239 - pyskl - INFO - Evaluating top_k_accuracy ...
2026-09-01 03:00:28,251 - pyskl - INFO - 
top1_acc	0.8150
top5_acc	0.9671
2026-09-01 03:00:28,252 - pyskl - INFO - The previous best checkpoint D:\YxjProject\pythonProject\pyskl\work_dirs\aug_baseline\stgcnpp_j\train\A6_mixed_e24\best_top1_acc_epoch_6.pth was removed
2026-09-01 03:00:28,318 - pyskl - INFO - Now best checkpoint is saved as best_top1_acc_epoch_8.pth.
2026-09-01 03:00:28,319 - pyskl - INFO - Best top1_acc is 0.8150 at 8 epoch.
2026-09-01 03:00:28,319 - pyskl - INFO - Epoch(val) [8][146]	top1_acc: 0.8150, top5_acc: 0.9671
2026-09-01 03:04:49,724 - pyskl - INFO - Epoch [9][100/5537]	lr: 1.872e-02, eta: 2 days, 14:13:20, time: 2.614, data_time: 0.066, memory: 5243, top1_acc: 0.7053, top5_acc: 0.9075, loss_cls: 0.9956, loss: 0.9956
2026-09-01 03:09:02,360 - pyskl - INFO - Epoch [9][200/5537]	lr: 1.870e-02, eta: 2 days, 14:09:06, time: 2.526, data_time: 0.000, memory: 5243, top1_acc: 0.7072, top5_acc: 0.9163, loss_cls: 0.9815, loss: 0.9815
2026-09-01 03:13:17,328 - pyskl - INFO - Epoch [9][300/5537]	lr: 1.867e-02, eta: 2 days, 14:04:57, time: 2.550, data_time: 0.000, memory: 5243, top1_acc: 0.7103, top5_acc: 0.9081, loss_cls: 1.0077, loss: 1.0077
2026-09-01 03:17:31,987 - pyskl - INFO - Epoch [9][400/5537]	lr: 1.865e-02, eta: 2 days, 14:00:46, time: 2.547, data_time: 0.000, memory: 5243, top1_acc: 0.6953, top5_acc: 0.9084, loss_cls: 0.9959, loss: 0.9959
2026-09-01 03:21:46,097 - pyskl - INFO - Epoch [9][500/5537]	lr: 1.862e-02, eta: 2 days, 13:56:35, time: 2.541, data_time: 0.000, memory: 5243, top1_acc: 0.6981, top5_acc: 0.9134, loss_cls: 0.9923, loss: 0.9923
2026-09-01 03:25:59,127 - pyskl - INFO - Epoch [9][600/5537]	lr: 1.860e-02, eta: 2 days, 13:52:22, time: 2.530, data_time: 0.000, memory: 5243, top1_acc: 0.6931, top5_acc: 0.9031, loss_cls: 1.0343, loss: 1.0343
2026-09-01 03:30:12,893 - pyskl - INFO - Epoch [9][700/5537]	lr: 1.857e-02, eta: 2 days, 13:48:10, time: 2.538, data_time: 0.000, memory: 5243, top1_acc: 0.7087, top5_acc: 0.9175, loss_cls: 0.9797, loss: 0.9797
2026-09-01 03:34:27,043 - pyskl - INFO - Epoch [9][800/5537]	lr: 1.854e-02, eta: 2 days, 13:43:59, time: 2.541, data_time: 0.000, memory: 5243, top1_acc: 0.7031, top5_acc: 0.9194, loss_cls: 0.9710, loss: 0.9710
2026-09-01 03:38:39,852 - pyskl - INFO - Epoch [9][900/5537]	lr: 1.852e-02, eta: 2 days, 13:39:45, time: 2.528, data_time: 0.000, memory: 5243, top1_acc: 0.7019, top5_acc: 0.9150, loss_cls: 0.9712, loss: 0.9712
2026-09-01 03:42:54,962 - pyskl - INFO - Epoch [9][1000/5537]	lr: 1.849e-02, eta: 2 days, 13:35:36, time: 2.551, data_time: 0.000, memory: 5243, top1_acc: 0.7034, top5_acc: 0.9087, loss_cls: 0.9945, loss: 0.9945
2026-09-01 03:47:09,026 - pyskl - INFO - Epoch [9][1100/5537]	lr: 1.847e-02, eta: 2 days, 13:31:24, time: 2.541, data_time: 0.000, memory: 5243, top1_acc: 0.6978, top5_acc: 0.9137, loss_cls: 1.0063, loss: 1.0063
2026-09-01 03:51:22,663 - pyskl - INFO - Epoch [9][1200/5537]	lr: 1.844e-02, eta: 2 days, 13:27:12, time: 2.536, data_time: 0.000, memory: 5243, top1_acc: 0.7128, top5_acc: 0.9225, loss_cls: 0.9417, loss: 0.9417
2026-09-01 03:55:37,281 - pyskl - INFO - Epoch [9][1300/5537]	lr: 1.841e-02, eta: 2 days, 13:23:02, time: 2.546, data_time: 0.000, memory: 5243, top1_acc: 0.6966, top5_acc: 0.9159, loss_cls: 0.9989, loss: 0.9989
2026-09-01 03:59:51,433 - pyskl - INFO - Epoch [9][1400/5537]	lr: 1.839e-02, eta: 2 days, 13:18:50, time: 2.542, data_time: 0.000, memory: 5243, top1_acc: 0.7016, top5_acc: 0.9153, loss_cls: 0.9876, loss: 0.9876
2026-09-01 04:04:05,778 - pyskl - INFO - Epoch [9][1500/5537]	lr: 1.836e-02, eta: 2 days, 13:14:40, time: 2.543, data_time: 0.000, memory: 5243, top1_acc: 0.6984, top5_acc: 0.9087, loss_cls: 1.0121, loss: 1.0121
2026-09-01 04:08:19,411 - pyskl - INFO - Epoch [9][1600/5537]	lr: 1.834e-02, eta: 2 days, 13:10:27, time: 2.536, data_time: 0.000, memory: 5243, top1_acc: 0.7009, top5_acc: 0.9144, loss_cls: 1.0037, loss: 1.0037
2026-09-01 04:12:33,184 - pyskl - INFO - Epoch [9][1700/5537]	lr: 1.831e-02, eta: 2 days, 13:06:15, time: 2.538, data_time: 0.000, memory: 5243, top1_acc: 0.6944, top5_acc: 0.9131, loss_cls: 1.0283, loss: 1.0283
2026-09-01 04:16:47,937 - pyskl - INFO - Epoch [9][1800/5537]	lr: 1.828e-02, eta: 2 days, 13:02:05, time: 2.548, data_time: 0.000, memory: 5243, top1_acc: 0.7081, top5_acc: 0.9166, loss_cls: 0.9614, loss: 0.9614
2026-09-01 04:21:01,289 - pyskl - INFO - Epoch [9][1900/5537]	lr: 1.826e-02, eta: 2 days, 12:57:52, time: 2.534, data_time: 0.000, memory: 5243, top1_acc: 0.7069, top5_acc: 0.9166, loss_cls: 0.9925, loss: 0.9925
2026-09-01 04:25:15,961 - pyskl - INFO - Epoch [9][2000/5537]	lr: 1.823e-02, eta: 2 days, 12:53:42, time: 2.547, data_time: 0.000, memory: 5243, top1_acc: 0.7122, top5_acc: 0.9109, loss_cls: 0.9717, loss: 0.9717
2026-09-01 04:29:30,266 - pyskl - INFO - Epoch [9][2100/5537]	lr: 1.821e-02, eta: 2 days, 12:49:31, time: 2.543, data_time: 0.000, memory: 5243, top1_acc: 0.7103, top5_acc: 0.9116, loss_cls: 0.9708, loss: 0.9708
2026-09-01 04:33:44,554 - pyskl - INFO - Epoch [9][2200/5537]	lr: 1.818e-02, eta: 2 days, 12:45:20, time: 2.543, data_time: 0.000, memory: 5243, top1_acc: 0.6931, top5_acc: 0.9119, loss_cls: 0.9992, loss: 0.9992
2026-09-01 04:37:58,104 - pyskl - INFO - Epoch [9][2300/5537]	lr: 1.815e-02, eta: 2 days, 12:41:07, time: 2.535, data_time: 0.000, memory: 5243, top1_acc: 0.7234, top5_acc: 0.9141, loss_cls: 0.9451, loss: 0.9451
2026-09-01 04:42:12,164 - pyskl - INFO - Epoch [9][2400/5537]	lr: 1.813e-02, eta: 2 days, 12:36:56, time: 2.541, data_time: 0.000, memory: 5243, top1_acc: 0.6925, top5_acc: 0.9081, loss_cls: 1.0011, loss: 1.0011
2026-09-01 04:46:26,660 - pyskl - INFO - Epoch [9][2500/5537]	lr: 1.810e-02, eta: 2 days, 12:32:45, time: 2.545, data_time: 0.000, memory: 5243, top1_acc: 0.7234, top5_acc: 0.9175, loss_cls: 0.9421, loss: 0.9421
2026-09-01 04:50:40,207 - pyskl - INFO - Epoch [9][2600/5537]	lr: 1.807e-02, eta: 2 days, 12:28:33, time: 2.535, data_time: 0.000, memory: 5243, top1_acc: 0.7128, top5_acc: 0.9137, loss_cls: 0.9574, loss: 0.9574
2026-09-01 04:54:54,553 - pyskl - INFO - Epoch [9][2700/5537]	lr: 1.805e-02, eta: 2 days, 12:24:22, time: 2.543, data_time: 0.000, memory: 5243, top1_acc: 0.7037, top5_acc: 0.9091, loss_cls: 0.9881, loss: 0.9881
2026-09-01 04:59:09,103 - pyskl - INFO - Epoch [9][2800/5537]	lr: 1.802e-02, eta: 2 days, 12:20:11, time: 2.545, data_time: 0.000, memory: 5243, top1_acc: 0.7041, top5_acc: 0.9184, loss_cls: 0.9774, loss: 0.9774
2026-09-01 05:03:22,273 - pyskl - INFO - Epoch [9][2900/5537]	lr: 1.799e-02, eta: 2 days, 12:15:58, time: 2.532, data_time: 0.000, memory: 5243, top1_acc: 0.6822, top5_acc: 0.9072, loss_cls: 1.0548, loss: 1.0548
2026-09-01 05:07:36,122 - pyskl - INFO - Epoch [9][3000/5537]	lr: 1.797e-02, eta: 2 days, 12:11:46, time: 2.538, data_time: 0.000, memory: 5243, top1_acc: 0.6856, top5_acc: 0.9031, loss_cls: 1.0138, loss: 1.0138
2026-09-01 05:11:50,425 - pyskl - INFO - Epoch [9][3100/5537]	lr: 1.794e-02, eta: 2 days, 12:07:34, time: 2.543, data_time: 0.000, memory: 5243, top1_acc: 0.7066, top5_acc: 0.9122, loss_cls: 0.9878, loss: 0.9878
2026-09-01 05:16:05,023 - pyskl - INFO - Epoch [9][3200/5537]	lr: 1.791e-02, eta: 2 days, 12:03:24, time: 2.546, data_time: 0.000, memory: 5243, top1_acc: 0.6953, top5_acc: 0.9091, loss_cls: 1.0141, loss: 1.0141
2026-09-01 05:20:18,144 - pyskl - INFO - Epoch [9][3300/5537]	lr: 1.789e-02, eta: 2 days, 11:59:10, time: 2.531, data_time: 0.000, memory: 5243, top1_acc: 0.6931, top5_acc: 0.9103, loss_cls: 1.0161, loss: 1.0161
2026-09-01 05:24:32,594 - pyskl - INFO - Epoch [9][3400/5537]	lr: 1.786e-02, eta: 2 days, 11:55:00, time: 2.545, data_time: 0.000, memory: 5243, top1_acc: 0.7084, top5_acc: 0.9163, loss_cls: 0.9826, loss: 0.9826
2026-09-01 05:28:46,731 - pyskl - INFO - Epoch [9][3500/5537]	lr: 1.783e-02, eta: 2 days, 11:50:48, time: 2.541, data_time: 0.000, memory: 5243, top1_acc: 0.7100, top5_acc: 0.9153, loss_cls: 0.9758, loss: 0.9758
2026-09-01 05:32:59,739 - pyskl - INFO - Epoch [9][3600/5537]	lr: 1.781e-02, eta: 2 days, 11:46:35, time: 2.530, data_time: 0.000, memory: 5243, top1_acc: 0.7025, top5_acc: 0.9100, loss_cls: 0.9828, loss: 0.9828
2026-09-01 05:37:14,719 - pyskl - INFO - Epoch [9][3700/5537]	lr: 1.778e-02, eta: 2 days, 11:42:24, time: 2.550, data_time: 0.000, memory: 5243, top1_acc: 0.7119, top5_acc: 0.9137, loss_cls: 0.9688, loss: 0.9688
2026-09-01 05:41:28,734 - pyskl - INFO - Epoch [9][3800/5537]	lr: 1.775e-02, eta: 2 days, 11:38:13, time: 2.540, data_time: 0.000, memory: 5243, top1_acc: 0.7000, top5_acc: 0.8975, loss_cls: 1.0257, loss: 1.0257
2026-09-01 05:45:42,418 - pyskl - INFO - Epoch [9][3900/5537]	lr: 1.773e-02, eta: 2 days, 11:34:00, time: 2.537, data_time: 0.000, memory: 5243, top1_acc: 0.7000, top5_acc: 0.9078, loss_cls: 0.9902, loss: 0.9902
2026-09-01 05:49:56,596 - pyskl - INFO - Epoch [9][4000/5537]	lr: 1.770e-02, eta: 2 days, 11:29:49, time: 2.542, data_time: 0.000, memory: 5243, top1_acc: 0.7147, top5_acc: 0.9109, loss_cls: 0.9662, loss: 0.9662
2026-09-01 05:54:10,250 - pyskl - INFO - Epoch [9][4100/5537]	lr: 1.767e-02, eta: 2 days, 11:25:36, time: 2.537, data_time: 0.000, memory: 5243, top1_acc: 0.7053, top5_acc: 0.9141, loss_cls: 1.0041, loss: 1.0041
2026-09-01 05:58:24,305 - pyskl - INFO - Epoch [9][4200/5537]	lr: 1.765e-02, eta: 2 days, 11:21:25, time: 2.541, data_time: 0.000, memory: 5243, top1_acc: 0.7116, top5_acc: 0.9119, loss_cls: 0.9593, loss: 0.9593
2026-09-01 06:02:37,961 - pyskl - INFO - Epoch [9][4300/5537]	lr: 1.762e-02, eta: 2 days, 11:17:12, time: 2.537, data_time: 0.000, memory: 5243, top1_acc: 0.7081, top5_acc: 0.9134, loss_cls: 0.9626, loss: 0.9626
2026-09-01 06:06:51,971 - pyskl - INFO - Epoch [9][4400/5537]	lr: 1.759e-02, eta: 2 days, 11:13:00, time: 2.540, data_time: 0.000, memory: 5243, top1_acc: 0.7119, top5_acc: 0.9066, loss_cls: 0.9788, loss: 0.9788
2026-09-01 06:11:06,654 - pyskl - INFO - Epoch [9][4500/5537]	lr: 1.757e-02, eta: 2 days, 11:08:50, time: 2.547, data_time: 0.000, memory: 5243, top1_acc: 0.7044, top5_acc: 0.9244, loss_cls: 0.9810, loss: 0.9810
2026-09-01 06:15:19,629 - pyskl - INFO - Epoch [9][4600/5537]	lr: 1.754e-02, eta: 2 days, 11:04:36, time: 2.530, data_time: 0.000, memory: 5243, top1_acc: 0.7047, top5_acc: 0.9137, loss_cls: 0.9863, loss: 0.9863
2026-09-01 06:19:33,253 - pyskl - INFO - Epoch [9][4700/5537]	lr: 1.751e-02, eta: 2 days, 11:00:24, time: 2.536, data_time: 0.000, memory: 5243, top1_acc: 0.7159, top5_acc: 0.9131, loss_cls: 0.9460, loss: 0.9460
2026-09-01 06:23:47,704 - pyskl - INFO - Epoch [9][4800/5537]	lr: 1.748e-02, eta: 2 days, 10:56:13, time: 2.545, data_time: 0.000, memory: 5243, top1_acc: 0.7134, top5_acc: 0.9144, loss_cls: 0.9680, loss: 0.9680
2026-09-01 06:28:01,767 - pyskl - INFO - Epoch [9][4900/5537]	lr: 1.746e-02, eta: 2 days, 10:52:01, time: 2.541, data_time: 0.000, memory: 5243, top1_acc: 0.7019, top5_acc: 0.9066, loss_cls: 1.0172, loss: 1.0172
2026-09-01 06:32:14,745 - pyskl - INFO - Epoch [9][5000/5537]	lr: 1.743e-02, eta: 2 days, 10:47:47, time: 2.530, data_time: 0.000, memory: 5243, top1_acc: 0.7078, top5_acc: 0.9147, loss_cls: 0.9829, loss: 0.9829
2026-09-01 06:36:28,758 - pyskl - INFO - Epoch [9][5100/5537]	lr: 1.740e-02, eta: 2 days, 10:43:35, time: 2.540, data_time: 0.000, memory: 5243, top1_acc: 0.7069, top5_acc: 0.9056, loss_cls: 0.9974, loss: 0.9974
2026-09-01 06:40:42,664 - pyskl - INFO - Epoch [9][5200/5537]	lr: 1.738e-02, eta: 2 days, 10:39:23, time: 2.539, data_time: 0.000, memory: 5243, top1_acc: 0.7119, top5_acc: 0.9175, loss_cls: 0.9557, loss: 0.9557
2026-09-01 06:44:55,534 - pyskl - INFO - Epoch [9][5300/5537]	lr: 1.735e-02, eta: 2 days, 10:35:09, time: 2.529, data_time: 0.000, memory: 5243, top1_acc: 0.7000, top5_acc: 0.9084, loss_cls: 0.9783, loss: 0.9783
2026-09-01 06:49:10,574 - pyskl - INFO - Epoch [9][5400/5537]	lr: 1.732e-02, eta: 2 days, 10:30:59, time: 2.550, data_time: 0.000, memory: 5243, top1_acc: 0.7050, top5_acc: 0.9178, loss_cls: 0.9743, loss: 0.9743
2026-09-01 06:53:24,566 - pyskl - INFO - Epoch [9][5500/5537]	lr: 1.729e-02, eta: 2 days, 10:26:47, time: 2.540, data_time: 0.000, memory: 5243, top1_acc: 0.7069, top5_acc: 0.9097, loss_cls: 0.9878, loss: 0.9878
2026-09-01 06:54:58,018 - pyskl - INFO - Saving checkpoint at 9 epochs
2026-09-01 07:01:07,363 - pyskl - INFO - Evaluating top_k_accuracy ...
2026-09-01 07:01:07,375 - pyskl - INFO - 
top1_acc	0.7981
top5_acc	0.9686
2026-09-01 07:01:07,376 - pyskl - INFO - Epoch(val) [9][146]	top1_acc: 0.7981, top5_acc: 0.9686
2026-09-01 07:05:28,494 - pyskl - INFO - Epoch [10][100/5537]	lr: 1.726e-02, eta: 2 days, 10:18:38, time: 2.611, data_time: 0.066, memory: 5243, top1_acc: 0.7087, top5_acc: 0.9163, loss_cls: 0.9658, loss: 0.9658
2026-09-01 07:09:41,807 - pyskl - INFO - Epoch [10][200/5537]	lr: 1.723e-02, eta: 2 days, 10:14:25, time: 2.533, data_time: 0.000, memory: 5243, top1_acc: 0.6934, top5_acc: 0.9087, loss_cls: 1.0287, loss: 1.0287
2026-09-01 07:13:55,228 - pyskl - INFO - Epoch [10][300/5537]	lr: 1.720e-02, eta: 2 days, 10:10:13, time: 2.534, data_time: 0.000, memory: 5243, top1_acc: 0.7191, top5_acc: 0.9144, loss_cls: 0.9566, loss: 0.9566
2026-09-01 07:18:09,510 - pyskl - INFO - Epoch [10][400/5537]	lr: 1.717e-02, eta: 2 days, 10:06:02, time: 2.543, data_time: 0.000, memory: 5243, top1_acc: 0.7097, top5_acc: 0.9137, loss_cls: 0.9807, loss: 0.9807
2026-09-01 07:22:23,520 - pyskl - INFO - Epoch [10][500/5537]	lr: 1.715e-02, eta: 2 days, 10:01:50, time: 2.540, data_time: 0.000, memory: 5243, top1_acc: 0.7119, top5_acc: 0.9191, loss_cls: 0.9531, loss: 0.9531
2026-09-01 07:26:36,255 - pyskl - INFO - Epoch [10][600/5537]	lr: 1.712e-02, eta: 2 days, 9:57:37, time: 2.527, data_time: 0.000, memory: 5243, top1_acc: 0.7119, top5_acc: 0.9113, loss_cls: 0.9751, loss: 0.9751
2026-09-01 07:30:50,960 - pyskl - INFO - Epoch [10][700/5537]	lr: 1.709e-02, eta: 2 days, 9:53:26, time: 2.547, data_time: 0.000, memory: 5243, top1_acc: 0.7059, top5_acc: 0.9187, loss_cls: 0.9608, loss: 0.9608
2026-09-01 07:35:05,427 - pyskl - INFO - Epoch [10][800/5537]	lr: 1.706e-02, eta: 2 days, 9:49:16, time: 2.545, data_time: 0.000, memory: 5243, top1_acc: 0.7241, top5_acc: 0.9169, loss_cls: 0.9580, loss: 0.9580
2026-09-01 07:39:18,615 - pyskl - INFO - Epoch [10][900/5537]	lr: 1.704e-02, eta: 2 days, 9:45:03, time: 2.532, data_time: 0.000, memory: 5243, top1_acc: 0.7156, top5_acc: 0.9184, loss_cls: 0.9295, loss: 0.9295
2026-09-01 07:43:33,553 - pyskl - INFO - Epoch [10][1000/5537]	lr: 1.701e-02, eta: 2 days, 9:40:53, time: 2.549, data_time: 0.000, memory: 5243, top1_acc: 0.7072, top5_acc: 0.9119, loss_cls: 0.9748, loss: 0.9748
2026-09-01 07:47:47,152 - pyskl - INFO - Epoch [10][1100/5537]	lr: 1.698e-02, eta: 2 days, 9:36:41, time: 2.536, data_time: 0.000, memory: 5243, top1_acc: 0.7234, top5_acc: 0.9209, loss_cls: 0.9351, loss: 0.9351
2026-09-01 07:52:01,774 - pyskl - INFO - Epoch [10][1200/5537]	lr: 1.695e-02, eta: 2 days, 9:32:30, time: 2.546, data_time: 0.000, memory: 5243, top1_acc: 0.7178, top5_acc: 0.9166, loss_cls: 0.9273, loss: 0.9273
2026-09-01 07:56:14,252 - pyskl - INFO - Epoch [10][1300/5537]	lr: 1.693e-02, eta: 2 days, 9:28:16, time: 2.525, data_time: 0.000, memory: 5243, top1_acc: 0.7144, top5_acc: 0.9213, loss_cls: 0.9603, loss: 0.9603
2026-09-01 08:00:27,951 - pyskl - INFO - Epoch [10][1400/5537]	lr: 1.690e-02, eta: 2 days, 9:24:04, time: 2.537, data_time: 0.000, memory: 5243, top1_acc: 0.7003, top5_acc: 0.9100, loss_cls: 0.9804, loss: 0.9804
2026-09-01 08:04:42,581 - pyskl - INFO - Epoch [10][1500/5537]	lr: 1.687e-02, eta: 2 days, 9:19:53, time: 2.546, data_time: 0.000, memory: 5243, top1_acc: 0.7037, top5_acc: 0.9134, loss_cls: 0.9926, loss: 0.9926
2026-09-01 08:08:55,410 - pyskl - INFO - Epoch [10][1600/5537]	lr: 1.684e-02, eta: 2 days, 9:15:40, time: 2.528, data_time: 0.000, memory: 5243, top1_acc: 0.7094, top5_acc: 0.9125, loss_cls: 0.9737, loss: 0.9737
2026-09-01 08:13:09,406 - pyskl - INFO - Epoch [10][1700/5537]	lr: 1.682e-02, eta: 2 days, 9:11:28, time: 2.540, data_time: 0.000, memory: 5243, top1_acc: 0.7103, top5_acc: 0.9153, loss_cls: 0.9785, loss: 0.9785
2026-09-01 08:17:23,088 - pyskl - INFO - Epoch [10][1800/5537]	lr: 1.679e-02, eta: 2 days, 9:07:16, time: 2.537, data_time: 0.000, memory: 5243, top1_acc: 0.7156, top5_acc: 0.9191, loss_cls: 0.9391, loss: 0.9391
2026-09-01 08:21:36,864 - pyskl - INFO - Epoch [10][1900/5537]	lr: 1.676e-02, eta: 2 days, 9:03:04, time: 2.538, data_time: 0.000, memory: 5243, top1_acc: 0.7156, top5_acc: 0.9150, loss_cls: 0.9525, loss: 0.9525
2026-09-01 08:25:50,219 - pyskl - INFO - Epoch [10][2000/5537]	lr: 1.673e-02, eta: 2 days, 8:58:51, time: 2.534, data_time: 0.000, memory: 5243, top1_acc: 0.6956, top5_acc: 0.9141, loss_cls: 0.9753, loss: 0.9753
2026-09-01 08:30:04,761 - pyskl - INFO - Epoch [10][2100/5537]	lr: 1.670e-02, eta: 2 days, 8:54:41, time: 2.545, data_time: 0.000, memory: 5243, top1_acc: 0.7147, top5_acc: 0.9203, loss_cls: 0.9444, loss: 0.9444
2026-09-01 08:34:19,746 - pyskl - INFO - Epoch [10][2200/5537]	lr: 1.668e-02, eta: 2 days, 8:50:31, time: 2.550, data_time: 0.000, memory: 5243, top1_acc: 0.7016, top5_acc: 0.9144, loss_cls: 0.9789, loss: 0.9789
2026-09-01 08:38:33,072 - pyskl - INFO - Epoch [10][2300/5537]	lr: 1.665e-02, eta: 2 days, 8:46:18, time: 2.533, data_time: 0.000, memory: 5243, top1_acc: 0.7228, top5_acc: 0.9216, loss_cls: 0.9338, loss: 0.9338
2026-09-01 08:42:46,722 - pyskl - INFO - Epoch [10][2400/5537]	lr: 1.662e-02, eta: 2 days, 8:42:06, time: 2.536, data_time: 0.000, memory: 5243, top1_acc: 0.7094, top5_acc: 0.9075, loss_cls: 0.9715, loss: 0.9715
2026-09-01 08:47:00,988 - pyskl - INFO - Epoch [10][2500/5537]	lr: 1.659e-02, eta: 2 days, 8:37:54, time: 2.543, data_time: 0.000, memory: 5243, top1_acc: 0.6972, top5_acc: 0.9009, loss_cls: 0.9955, loss: 0.9955
2026-09-01 08:51:14,048 - pyskl - INFO - Epoch [10][2600/5537]	lr: 1.657e-02, eta: 2 days, 8:33:41, time: 2.531, data_time: 0.000, memory: 5243, top1_acc: 0.7050, top5_acc: 0.9178, loss_cls: 0.9792, loss: 0.9792
2026-09-01 08:55:28,395 - pyskl - INFO - Epoch [10][2700/5537]	lr: 1.654e-02, eta: 2 days, 8:29:30, time: 2.543, data_time: 0.000, memory: 5243, top1_acc: 0.7016, top5_acc: 0.9078, loss_cls: 0.9949, loss: 0.9949
2026-09-01 08:59:42,849 - pyskl - INFO - Epoch [10][2800/5537]	lr: 1.651e-02, eta: 2 days, 8:25:19, time: 2.545, data_time: 0.000, memory: 5243, top1_acc: 0.7137, top5_acc: 0.9209, loss_cls: 0.9293, loss: 0.9293
2026-09-01 09:03:57,361 - pyskl - INFO - Epoch [10][2900/5537]	lr: 1.648e-02, eta: 2 days, 8:21:08, time: 2.545, data_time: 0.000, memory: 5243, top1_acc: 0.7087, top5_acc: 0.9109, loss_cls: 0.9644, loss: 0.9644
2026-09-01 09:08:09,860 - pyskl - INFO - Epoch [10][3000/5537]	lr: 1.645e-02, eta: 2 days, 8:16:54, time: 2.525, data_time: 0.000, memory: 5243, top1_acc: 0.7131, top5_acc: 0.9184, loss_cls: 0.9406, loss: 0.9406
2026-09-01 09:12:24,416 - pyskl - INFO - Epoch [10][3100/5537]	lr: 1.643e-02, eta: 2 days, 8:12:43, time: 2.546, data_time: 0.000, memory: 5243, top1_acc: 0.7084, top5_acc: 0.9134, loss_cls: 0.9800, loss: 0.9800
2026-09-01 09:16:38,437 - pyskl - INFO - Epoch [10][3200/5537]	lr: 1.640e-02, eta: 2 days, 8:08:32, time: 2.540, data_time: 0.000, memory: 5243, top1_acc: 0.7122, top5_acc: 0.9119, loss_cls: 0.9563, loss: 0.9563
2026-09-01 09:20:51,206 - pyskl - INFO - Epoch [10][3300/5537]	lr: 1.637e-02, eta: 2 days, 8:04:18, time: 2.528, data_time: 0.000, memory: 5243, top1_acc: 0.7178, top5_acc: 0.9153, loss_cls: 0.9453, loss: 0.9453
2026-09-01 09:25:05,793 - pyskl - INFO - Epoch [10][3400/5537]	lr: 1.634e-02, eta: 2 days, 8:00:07, time: 2.546, data_time: 0.000, memory: 5243, top1_acc: 0.7078, top5_acc: 0.9119, loss_cls: 1.0006, loss: 1.0006
2026-09-01 09:29:19,774 - pyskl - INFO - Epoch [10][3500/5537]	lr: 1.631e-02, eta: 2 days, 7:55:55, time: 2.540, data_time: 0.000, memory: 5243, top1_acc: 0.7125, top5_acc: 0.9169, loss_cls: 0.9637, loss: 0.9637
2026-09-01 09:33:33,887 - pyskl - INFO - Epoch [10][3600/5537]	lr: 1.628e-02, eta: 2 days, 7:51:44, time: 2.541, data_time: 0.000, memory: 5243, top1_acc: 0.7222, top5_acc: 0.9225, loss_cls: 0.9190, loss: 0.9190
2026-09-01 09:37:47,930 - pyskl - INFO - Epoch [10][3700/5537]	lr: 1.626e-02, eta: 2 days, 7:47:32, time: 2.540, data_time: 0.000, memory: 5243, top1_acc: 0.7134, top5_acc: 0.9175, loss_cls: 0.9513, loss: 0.9513
2026-09-01 09:42:01,525 - pyskl - INFO - Epoch [10][3800/5537]	lr: 1.623e-02, eta: 2 days, 7:43:20, time: 2.536, data_time: 0.000, memory: 5243, top1_acc: 0.7137, top5_acc: 0.9209, loss_cls: 0.9545, loss: 0.9545
2026-09-01 09:46:15,938 - pyskl - INFO - Epoch [10][3900/5537]	lr: 1.620e-02, eta: 2 days, 7:39:08, time: 2.544, data_time: 0.000, memory: 5243, top1_acc: 0.7144, top5_acc: 0.9256, loss_cls: 0.9316, loss: 0.9316
2026-09-01 09:50:28,589 - pyskl - INFO - Epoch [10][4000/5537]	lr: 1.617e-02, eta: 2 days, 7:34:55, time: 2.527, data_time: 0.000, memory: 5243, top1_acc: 0.7488, top5_acc: 0.9219, loss_cls: 0.8597, loss: 0.8597
2026-09-01 09:54:42,632 - pyskl - INFO - Epoch [10][4100/5537]	lr: 1.614e-02, eta: 2 days, 7:30:43, time: 2.540, data_time: 0.000, memory: 5243, top1_acc: 0.7116, top5_acc: 0.9163, loss_cls: 0.9553, loss: 0.9553
2026-09-01 09:58:57,157 - pyskl - INFO - Epoch [10][4200/5537]	lr: 1.612e-02, eta: 2 days, 7:26:32, time: 2.545, data_time: 0.000, memory: 5243, top1_acc: 0.7147, top5_acc: 0.9122, loss_cls: 0.9492, loss: 0.9492
2026-09-01 10:03:10,321 - pyskl - INFO - Epoch [10][4300/5537]	lr: 1.609e-02, eta: 2 days, 7:22:19, time: 2.532, data_time: 0.000, memory: 5243, top1_acc: 0.7116, top5_acc: 0.9125, loss_cls: 0.9715, loss: 0.9715
2026-09-01 10:07:24,483 - pyskl - INFO - Epoch [10][4400/5537]	lr: 1.606e-02, eta: 2 days, 7:18:07, time: 2.542, data_time: 0.000, memory: 5243, top1_acc: 0.7322, top5_acc: 0.9234, loss_cls: 0.9158, loss: 0.9158
2026-09-01 10:11:38,247 - pyskl - INFO - Epoch [10][4500/5537]	lr: 1.603e-02, eta: 2 days, 7:13:55, time: 2.538, data_time: 0.000, memory: 5243, top1_acc: 0.7119, top5_acc: 0.9175, loss_cls: 0.9628, loss: 0.9628
2026-09-01 10:15:52,799 - pyskl - INFO - Epoch [10][4600/5537]	lr: 1.600e-02, eta: 2 days, 7:09:44, time: 2.545, data_time: 0.000, memory: 5243, top1_acc: 0.7169, top5_acc: 0.9153, loss_cls: 0.9428, loss: 0.9428
2026-09-01 10:20:05,843 - pyskl - INFO - Epoch [10][4700/5537]	lr: 1.597e-02, eta: 2 days, 7:05:31, time: 2.530, data_time: 0.000, memory: 5243, top1_acc: 0.7081, top5_acc: 0.9128, loss_cls: 0.9739, loss: 0.9739
2026-09-01 10:24:19,675 - pyskl - INFO - Epoch [10][4800/5537]	lr: 1.595e-02, eta: 2 days, 7:01:19, time: 2.538, data_time: 0.000, memory: 5243, top1_acc: 0.7266, top5_acc: 0.9169, loss_cls: 0.9208, loss: 0.9208
2026-09-01 10:28:33,896 - pyskl - INFO - Epoch [10][4900/5537]	lr: 1.592e-02, eta: 2 days, 6:57:07, time: 2.542, data_time: 0.000, memory: 5243, top1_acc: 0.7166, top5_acc: 0.9184, loss_cls: 0.9424, loss: 0.9424
2026-09-01 10:32:56,087 - pyskl - INFO - Epoch [10][5000/5537]	lr: 1.589e-02, eta: 2 days, 6:53:07, time: 2.622, data_time: 0.000, memory: 5243, top1_acc: 0.7191, top5_acc: 0.9213, loss_cls: 0.9367, loss: 0.9367
2026-09-01 10:38:15,762 - pyskl - INFO - Epoch [10][5100/5537]	lr: 1.586e-02, eta: 2 days, 6:50:28, time: 3.197, data_time: 0.000, memory: 5243, top1_acc: 0.7428, top5_acc: 0.9216, loss_cls: 0.9069, loss: 0.9069
2026-09-01 10:43:34,921 - pyskl - INFO - Epoch [10][5200/5537]	lr: 1.583e-02, eta: 2 days, 6:47:48, time: 3.192, data_time: 0.000, memory: 5243, top1_acc: 0.7244, top5_acc: 0.9125, loss_cls: 0.9341, loss: 0.9341
2026-09-01 10:48:53,371 - pyskl - INFO - Epoch [10][5300/5537]	lr: 1.580e-02, eta: 2 days, 6:45:07, time: 3.184, data_time: 0.000, memory: 5243, top1_acc: 0.7197, top5_acc: 0.9228, loss_cls: 0.9203, loss: 0.9203
2026-09-01 10:54:07,308 - pyskl - INFO - Epoch [10][5400/5537]	lr: 1.577e-02, eta: 2 days, 6:42:18, time: 3.139, data_time: 0.001, memory: 5243, top1_acc: 0.7275, top5_acc: 0.9216, loss_cls: 0.9119, loss: 0.9119
2026-09-01 10:59:27,806 - pyskl - INFO - Epoch [10][5500/5537]	lr: 1.575e-02, eta: 2 days, 6:39:38, time: 3.205, data_time: 0.000, memory: 5243, top1_acc: 0.7106, top5_acc: 0.9147, loss_cls: 0.9620, loss: 0.9620
2026-09-01 11:01:27,798 - pyskl - INFO - Saving checkpoint at 10 epochs
2026-09-01 11:08:54,906 - pyskl - INFO - Evaluating top_k_accuracy ...
2026-09-01 11:08:54,927 - pyskl - INFO - 
top1_acc	0.8135
top5_acc	0.9727
2026-09-01 11:08:54,928 - pyskl - INFO - Epoch(val) [10][146]	top1_acc: 0.8135, top5_acc: 0.9727
2026-09-01 11:14:29,157 - pyskl - INFO - Epoch [11][100/5537]	lr: 1.571e-02, eta: 2 days, 6:33:32, time: 3.342, data_time: 0.074, memory: 5243, top1_acc: 0.7197, top5_acc: 0.9206, loss_cls: 0.9318, loss: 0.9318
2026-09-01 11:19:51,121 - pyskl - INFO - Epoch [11][200/5537]	lr: 1.568e-02, eta: 2 days, 6:30:53, time: 3.220, data_time: 0.001, memory: 5243, top1_acc: 0.7150, top5_acc: 0.9225, loss_cls: 0.9280, loss: 0.9280
2026-09-01 11:25:03,762 - pyskl - INFO - Epoch [11][300/5537]	lr: 1.565e-02, eta: 2 days, 6:28:01, time: 3.126, data_time: 0.000, memory: 5243, top1_acc: 0.7256, top5_acc: 0.9103, loss_cls: 0.9261, loss: 0.9261
2026-09-01 11:30:18,060 - pyskl - INFO - Epoch [11][400/5537]	lr: 1.562e-02, eta: 2 days, 6:25:10, time: 3.143, data_time: 0.001, memory: 5243, top1_acc: 0.7203, top5_acc: 0.9206, loss_cls: 0.9320, loss: 0.9320
2026-09-01 11:35:35,843 - pyskl - INFO - Epoch [11][500/5537]	lr: 1.559e-02, eta: 2 days, 6:22:24, time: 3.178, data_time: 0.001, memory: 5243, top1_acc: 0.7209, top5_acc: 0.9166, loss_cls: 0.9280, loss: 0.9280
2026-09-01 11:40:49,893 - pyskl - INFO - Epoch [11][600/5537]	lr: 1.556e-02, eta: 2 days, 6:19:32, time: 3.141, data_time: 0.000, memory: 5243, top1_acc: 0.7244, top5_acc: 0.9209, loss_cls: 0.9207, loss: 0.9207
2026-09-01 11:46:05,472 - pyskl - INFO - Epoch [11][700/5537]	lr: 1.554e-02, eta: 2 days, 6:16:42, time: 3.156, data_time: 0.000, memory: 5243, top1_acc: 0.7184, top5_acc: 0.9206, loss_cls: 0.9512, loss: 0.9512
2026-09-01 11:50:28,180 - pyskl - INFO - Epoch [11][800/5537]	lr: 1.551e-02, eta: 2 days, 6:12:39, time: 2.627, data_time: 0.000, memory: 5243, top1_acc: 0.7166, top5_acc: 0.9200, loss_cls: 0.9491, loss: 0.9491
2026-09-01 11:54:43,418 - pyskl - INFO - Epoch [11][900/5537]	lr: 1.548e-02, eta: 2 days, 6:08:26, time: 2.552, data_time: 0.000, memory: 5243, top1_acc: 0.7203, top5_acc: 0.9222, loss_cls: 0.9246, loss: 0.9246
2026-09-01 11:58:59,786 - pyskl - INFO - Epoch [11][1000/5537]	lr: 1.545e-02, eta: 2 days, 6:04:14, time: 2.564, data_time: 0.000, memory: 5243, top1_acc: 0.7091, top5_acc: 0.9044, loss_cls: 0.9876, loss: 0.9876
2026-09-01 12:03:15,055 - pyskl - INFO - Epoch [11][1100/5537]	lr: 1.542e-02, eta: 2 days, 6:00:01, time: 2.553, data_time: 0.000, memory: 5243, top1_acc: 0.7134, top5_acc: 0.9125, loss_cls: 0.9584, loss: 0.9584
2026-09-01 12:07:30,434 - pyskl - INFO - Epoch [11][1200/5537]	lr: 1.539e-02, eta: 2 days, 5:55:48, time: 2.554, data_time: 0.000, memory: 5243, top1_acc: 0.7362, top5_acc: 0.9200, loss_cls: 0.9029, loss: 0.9029
2026-09-01 12:11:45,427 - pyskl - INFO - Epoch [11][1300/5537]	lr: 1.536e-02, eta: 2 days, 5:51:34, time: 2.550, data_time: 0.000, memory: 5243, top1_acc: 0.7150, top5_acc: 0.9216, loss_cls: 0.9316, loss: 0.9316
2026-09-01 12:16:00,149 - pyskl - INFO - Epoch [11][1400/5537]	lr: 1.533e-02, eta: 2 days, 5:47:20, time: 2.547, data_time: 0.000, memory: 5243, top1_acc: 0.7125, top5_acc: 0.9137, loss_cls: 0.9445, loss: 0.9445
2026-09-01 12:20:13,600 - pyskl - INFO - Epoch [11][1500/5537]	lr: 1.531e-02, eta: 2 days, 5:43:05, time: 2.535, data_time: 0.000, memory: 5243, top1_acc: 0.7075, top5_acc: 0.9181, loss_cls: 0.9463, loss: 0.9463
2026-09-01 12:24:27,802 - pyskl - INFO - Epoch [11][1600/5537]	lr: 1.528e-02, eta: 2 days, 5:38:50, time: 2.542, data_time: 0.000, memory: 5243, top1_acc: 0.7028, top5_acc: 0.9119, loss_cls: 0.9546, loss: 0.9546
2026-09-01 12:28:42,081 - pyskl - INFO - Epoch [11][1700/5537]	lr: 1.525e-02, eta: 2 days, 5:34:36, time: 2.543, data_time: 0.000, memory: 5243, top1_acc: 0.7109, top5_acc: 0.9163, loss_cls: 0.9633, loss: 0.9633
2026-09-01 12:32:56,036 - pyskl - INFO - Epoch [11][1800/5537]	lr: 1.522e-02, eta: 2 days, 5:30:21, time: 2.540, data_time: 0.000, memory: 5243, top1_acc: 0.7338, top5_acc: 0.9150, loss_cls: 0.9147, loss: 0.9147
2026-09-01 12:37:10,898 - pyskl - INFO - Epoch [11][1900/5537]	lr: 1.519e-02, eta: 2 days, 5:26:07, time: 2.549, data_time: 0.000, memory: 5243, top1_acc: 0.7262, top5_acc: 0.9253, loss_cls: 0.8948, loss: 0.8948
2026-09-01 12:41:25,256 - pyskl - INFO - Epoch [11][2000/5537]	lr: 1.516e-02, eta: 2 days, 5:21:52, time: 2.544, data_time: 0.000, memory: 5243, top1_acc: 0.7184, top5_acc: 0.9134, loss_cls: 0.9506, loss: 0.9506
2026-09-01 12:45:39,711 - pyskl - INFO - Epoch [11][2100/5537]	lr: 1.513e-02, eta: 2 days, 5:17:38, time: 2.545, data_time: 0.000, memory: 5243, top1_acc: 0.7303, top5_acc: 0.9197, loss_cls: 0.9084, loss: 0.9084
2026-09-01 12:49:53,624 - pyskl - INFO - Epoch [11][2200/5537]	lr: 1.510e-02, eta: 2 days, 5:13:23, time: 2.539, data_time: 0.000, memory: 5243, top1_acc: 0.7103, top5_acc: 0.9163, loss_cls: 0.9645, loss: 0.9645
2026-09-01 12:54:07,674 - pyskl - INFO - Epoch [11][2300/5537]	lr: 1.507e-02, eta: 2 days, 5:09:08, time: 2.540, data_time: 0.000, memory: 5243, top1_acc: 0.7119, top5_acc: 0.9200, loss_cls: 0.9353, loss: 0.9353
2026-09-01 12:58:22,431 - pyskl - INFO - Epoch [11][2400/5537]	lr: 1.505e-02, eta: 2 days, 5:04:54, time: 2.548, data_time: 0.000, memory: 5243, top1_acc: 0.7394, top5_acc: 0.9344, loss_cls: 0.8723, loss: 0.8723
2026-09-01 13:02:36,168 - pyskl - INFO - Epoch [11][2500/5537]	lr: 1.502e-02, eta: 2 days, 5:00:39, time: 2.537, data_time: 0.000, memory: 5243, top1_acc: 0.7166, top5_acc: 0.9200, loss_cls: 0.9329, loss: 0.9329
2026-09-01 13:06:50,354 - pyskl - INFO - Epoch [11][2600/5537]	lr: 1.499e-02, eta: 2 days, 4:56:24, time: 2.542, data_time: 0.000, memory: 5243, top1_acc: 0.7184, top5_acc: 0.9178, loss_cls: 0.9335, loss: 0.9335
2026-09-01 13:11:04,446 - pyskl - INFO - Epoch [11][2700/5537]	lr: 1.496e-02, eta: 2 days, 4:52:10, time: 2.541, data_time: 0.000, memory: 5243, top1_acc: 0.7225, top5_acc: 0.9153, loss_cls: 0.9329, loss: 0.9329
2026-09-01 13:15:18,409 - pyskl - INFO - Epoch [11][2800/5537]	lr: 1.493e-02, eta: 2 days, 4:47:55, time: 2.540, data_time: 0.000, memory: 5243, top1_acc: 0.7297, top5_acc: 0.9213, loss_cls: 0.9062, loss: 0.9062
2026-09-01 13:19:33,198 - pyskl - INFO - Epoch [11][2900/5537]	lr: 1.490e-02, eta: 2 days, 4:43:41, time: 2.548, data_time: 0.000, memory: 5243, top1_acc: 0.7266, top5_acc: 0.9172, loss_cls: 0.9415, loss: 0.9415
2026-09-01 13:23:47,275 - pyskl - INFO - Epoch [11][3000/5537]	lr: 1.487e-02, eta: 2 days, 4:39:26, time: 2.541, data_time: 0.000, memory: 5243, top1_acc: 0.7231, top5_acc: 0.9184, loss_cls: 0.9253, loss: 0.9253
2026-09-01 13:28:02,603 - pyskl - INFO - Epoch [11][3100/5537]	lr: 1.484e-02, eta: 2 days, 4:35:13, time: 2.553, data_time: 0.000, memory: 5243, top1_acc: 0.7241, top5_acc: 0.9191, loss_cls: 0.9132, loss: 0.9132
2026-09-01 13:32:16,926 - pyskl - INFO - Epoch [11][3200/5537]	lr: 1.481e-02, eta: 2 days, 4:30:58, time: 2.543, data_time: 0.000, memory: 5243, top1_acc: 0.7238, top5_acc: 0.9253, loss_cls: 0.9003, loss: 0.9003
2026-09-01 13:36:30,610 - pyskl - INFO - Epoch [11][3300/5537]	lr: 1.478e-02, eta: 2 days, 4:26:43, time: 2.537, data_time: 0.000, memory: 5243, top1_acc: 0.7203, top5_acc: 0.9200, loss_cls: 0.9354, loss: 0.9354
2026-09-01 13:40:45,421 - pyskl - INFO - Epoch [11][3400/5537]	lr: 1.476e-02, eta: 2 days, 4:22:29, time: 2.548, data_time: 0.000, memory: 5243, top1_acc: 0.7262, top5_acc: 0.9200, loss_cls: 0.9102, loss: 0.9102
2026-09-01 13:44:59,137 - pyskl - INFO - Epoch [11][3500/5537]	lr: 1.473e-02, eta: 2 days, 4:18:14, time: 2.537, data_time: 0.000, memory: 5243, top1_acc: 0.7253, top5_acc: 0.9206, loss_cls: 0.9320, loss: 0.9320
2026-09-01 13:49:13,256 - pyskl - INFO - Epoch [11][3600/5537]	lr: 1.470e-02, eta: 2 days, 4:13:59, time: 2.541, data_time: 0.000, memory: 5243, top1_acc: 0.7250, top5_acc: 0.9172, loss_cls: 0.9458, loss: 0.9458
2026-09-01 13:53:27,156 - pyskl - INFO - Epoch [11][3700/5537]	lr: 1.467e-02, eta: 2 days, 4:09:44, time: 2.539, data_time: 0.000, memory: 5243, top1_acc: 0.7247, top5_acc: 0.9213, loss_cls: 0.9150, loss: 0.9150
2026-09-01 13:57:42,107 - pyskl - INFO - Epoch [11][3800/5537]	lr: 1.464e-02, eta: 2 days, 4:05:30, time: 2.550, data_time: 0.000, memory: 5243, top1_acc: 0.7338, top5_acc: 0.9213, loss_cls: 0.8812, loss: 0.8812
2026-09-01 14:01:55,781 - pyskl - INFO - Epoch [11][3900/5537]	lr: 1.461e-02, eta: 2 days, 4:01:15, time: 2.537, data_time: 0.000, memory: 5243, top1_acc: 0.7409, top5_acc: 0.9300, loss_cls: 0.8688, loss: 0.8688
2026-09-01 14:06:09,618 - pyskl - INFO - Epoch [11][4000/5537]	lr: 1.458e-02, eta: 2 days, 3:57:00, time: 2.538, data_time: 0.000, memory: 5243, top1_acc: 0.7353, top5_acc: 0.9175, loss_cls: 0.9105, loss: 0.9105
2026-09-01 14:10:24,679 - pyskl - INFO - Epoch [11][4100/5537]	lr: 1.455e-02, eta: 2 days, 3:52:47, time: 2.551, data_time: 0.000, memory: 5243, top1_acc: 0.7244, top5_acc: 0.9156, loss_cls: 0.9455, loss: 0.9455
2026-09-01 14:14:38,864 - pyskl - INFO - Epoch [11][4200/5537]	lr: 1.452e-02, eta: 2 days, 3:48:32, time: 2.542, data_time: 0.000, memory: 5243, top1_acc: 0.7234, top5_acc: 0.9125, loss_cls: 0.9414, loss: 0.9414
2026-09-01 14:18:52,714 - pyskl - INFO - Epoch [11][4300/5537]	lr: 1.449e-02, eta: 2 days, 3:44:17, time: 2.539, data_time: 0.000, memory: 5243, top1_acc: 0.7319, top5_acc: 0.9116, loss_cls: 0.9311, loss: 0.9311
2026-09-01 14:23:08,032 - pyskl - INFO - Epoch [11][4400/5537]	lr: 1.446e-02, eta: 2 days, 3:40:04, time: 2.553, data_time: 0.000, memory: 5243, top1_acc: 0.7309, top5_acc: 0.9266, loss_cls: 0.8993, loss: 0.8993
2026-09-01 14:27:21,801 - pyskl - INFO - Epoch [11][4500/5537]	lr: 1.444e-02, eta: 2 days, 3:35:48, time: 2.538, data_time: 0.000, memory: 5243, top1_acc: 0.7247, top5_acc: 0.9216, loss_cls: 0.8986, loss: 0.8986
2026-09-01 14:31:35,932 - pyskl - INFO - Epoch [11][4600/5537]	lr: 1.441e-02, eta: 2 days, 3:31:34, time: 2.541, data_time: 0.000, memory: 5243, top1_acc: 0.7228, top5_acc: 0.9191, loss_cls: 0.9343, loss: 0.9343
2026-09-01 14:35:50,201 - pyskl - INFO - Epoch [11][4700/5537]	lr: 1.438e-02, eta: 2 days, 3:27:19, time: 2.543, data_time: 0.000, memory: 5243, top1_acc: 0.7350, top5_acc: 0.9244, loss_cls: 0.8915, loss: 0.8915
2026-09-01 14:40:04,820 - pyskl - INFO - Epoch [11][4800/5537]	lr: 1.435e-02, eta: 2 days, 3:23:05, time: 2.546, data_time: 0.000, memory: 5243, top1_acc: 0.7316, top5_acc: 0.9253, loss_cls: 0.8854, loss: 0.8854
2026-09-01 14:44:18,084 - pyskl - INFO - Epoch [11][4900/5537]	lr: 1.432e-02, eta: 2 days, 3:18:49, time: 2.533, data_time: 0.000, memory: 5243, top1_acc: 0.7369, top5_acc: 0.9316, loss_cls: 0.8736, loss: 0.8736
2026-09-01 14:48:32,192 - pyskl - INFO - Epoch [11][5000/5537]	lr: 1.429e-02, eta: 2 days, 3:14:35, time: 2.541, data_time: 0.000, memory: 5243, top1_acc: 0.7388, top5_acc: 0.9216, loss_cls: 0.8835, loss: 0.8835
2026-09-01 14:52:46,912 - pyskl - INFO - Epoch [11][5100/5537]	lr: 1.426e-02, eta: 2 days, 3:10:21, time: 2.547, data_time: 0.000, memory: 5243, top1_acc: 0.7200, top5_acc: 0.9209, loss_cls: 0.9185, loss: 0.9185
2026-09-01 14:57:00,827 - pyskl - INFO - Epoch [11][5200/5537]	lr: 1.423e-02, eta: 2 days, 3:06:06, time: 2.539, data_time: 0.000, memory: 5243, top1_acc: 0.7341, top5_acc: 0.9253, loss_cls: 0.8851, loss: 0.8851
2026-09-01 15:01:15,424 - pyskl - INFO - Epoch [11][5300/5537]	lr: 1.420e-02, eta: 2 days, 3:01:52, time: 2.546, data_time: 0.000, memory: 5243, top1_acc: 0.7372, top5_acc: 0.9241, loss_cls: 0.8892, loss: 0.8892
2026-09-01 15:05:30,215 - pyskl - INFO - Epoch [11][5400/5537]	lr: 1.417e-02, eta: 2 days, 2:57:38, time: 2.548, data_time: 0.000, memory: 5243, top1_acc: 0.7225, top5_acc: 0.9259, loss_cls: 0.9267, loss: 0.9267
2026-09-01 15:09:44,585 - pyskl - INFO - Epoch [11][5500/5537]	lr: 1.414e-02, eta: 2 days, 2:53:23, time: 2.544, data_time: 0.000, memory: 5243, top1_acc: 0.7128, top5_acc: 0.9169, loss_cls: 0.9412, loss: 0.9412
2026-09-01 15:11:18,134 - pyskl - INFO - Saving checkpoint at 11 epochs
2026-09-01 15:17:12,171 - pyskl - INFO - Evaluating top_k_accuracy ...
2026-09-01 15:17:12,181 - pyskl - INFO - 
top1_acc	0.8385
top5_acc	0.9747
2026-09-01 15:17:12,183 - pyskl - INFO - The previous best checkpoint D:\YxjProject\pythonProject\pyskl\work_dirs\aug_baseline\stgcnpp_j\train\A6_mixed_e24\best_top1_acc_epoch_8.pth was removed
2026-09-01 15:17:12,251 - pyskl - INFO - Now best checkpoint is saved as best_top1_acc_epoch_11.pth.
2026-09-01 15:17:12,251 - pyskl - INFO - Best top1_acc is 0.8385 at 11 epoch.
2026-09-01 15:17:12,252 - pyskl - INFO - Epoch(val) [11][146]	top1_acc: 0.8385, top5_acc: 0.9747
2026-09-01 15:21:45,807 - pyskl - INFO - Epoch [12][100/5537]	lr: 1.410e-02, eta: 2 days, 2:46:06, time: 2.735, data_time: 0.191, memory: 5243, top1_acc: 0.7462, top5_acc: 0.9231, loss_cls: 0.8610, loss: 0.8610
2026-09-01 15:25:59,721 - pyskl - INFO - Epoch [12][200/5537]	lr: 1.407e-02, eta: 2 days, 2:41:52, time: 2.539, data_time: 0.000, memory: 5243, top1_acc: 0.7425, top5_acc: 0.9291, loss_cls: 0.8668, loss: 0.8668
2026-09-01 15:30:13,125 - pyskl - INFO - Epoch [12][300/5537]	lr: 1.404e-02, eta: 2 days, 2:37:37, time: 2.534, data_time: 0.000, memory: 5243, top1_acc: 0.7184, top5_acc: 0.9200, loss_cls: 0.9157, loss: 0.9157
2026-09-01 15:34:28,328 - pyskl - INFO - Epoch [12][400/5537]	lr: 1.401e-02, eta: 2 days, 2:33:23, time: 2.552, data_time: 0.000, memory: 5243, top1_acc: 0.7303, top5_acc: 0.9206, loss_cls: 0.8920, loss: 0.8920
2026-09-01 15:38:41,826 - pyskl - INFO - Epoch [12][500/5537]	lr: 1.399e-02, eta: 2 days, 2:29:08, time: 2.535, data_time: 0.000, memory: 5243, top1_acc: 0.7247, top5_acc: 0.9172, loss_cls: 0.9239, loss: 0.9239
2026-09-01 15:42:55,860 - pyskl - INFO - Epoch [12][600/5537]	lr: 1.396e-02, eta: 2 days, 2:24:54, time: 2.540, data_time: 0.000, memory: 5243, top1_acc: 0.7291, top5_acc: 0.9219, loss_cls: 0.9132, loss: 0.9132
2026-09-01 15:47:10,723 - pyskl - INFO - Epoch [12][700/5537]	lr: 1.393e-02, eta: 2 days, 2:20:40, time: 2.549, data_time: 0.000, memory: 5243, top1_acc: 0.7241, top5_acc: 0.9244, loss_cls: 0.8840, loss: 0.8840
2026-09-01 15:51:24,587 - pyskl - INFO - Epoch [12][800/5537]	lr: 1.390e-02, eta: 2 days, 2:16:25, time: 2.539, data_time: 0.000, memory: 5243, top1_acc: 0.7181, top5_acc: 0.9150, loss_cls: 0.9399, loss: 0.9399
2026-09-01 15:55:37,933 - pyskl - INFO - Epoch [12][900/5537]	lr: 1.387e-02, eta: 2 days, 2:12:10, time: 2.533, data_time: 0.000, memory: 5243, top1_acc: 0.7456, top5_acc: 0.9278, loss_cls: 0.8587, loss: 0.8587
2026-09-01 15:59:51,948 - pyskl - INFO - Epoch [12][1000/5537]	lr: 1.384e-02, eta: 2 days, 2:07:56, time: 2.540, data_time: 0.000, memory: 5243, top1_acc: 0.7397, top5_acc: 0.9291, loss_cls: 0.8635, loss: 0.8635
2026-09-01 16:04:06,536 - pyskl - INFO - Epoch [12][1100/5537]	lr: 1.381e-02, eta: 2 days, 2:03:42, time: 2.546, data_time: 0.000, memory: 5243, top1_acc: 0.7409, top5_acc: 0.9275, loss_cls: 0.8675, loss: 0.8675
2026-09-01 16:08:19,664 - pyskl - INFO - Epoch [12][1200/5537]	lr: 1.378e-02, eta: 2 days, 1:59:26, time: 2.531, data_time: 0.000, memory: 5243, top1_acc: 0.7259, top5_acc: 0.9134, loss_cls: 0.9291, loss: 0.9291
2026-09-01 16:12:33,897 - pyskl - INFO - Epoch [12][1300/5537]	lr: 1.375e-02, eta: 2 days, 1:55:12, time: 2.542, data_time: 0.000, memory: 5243, top1_acc: 0.7247, top5_acc: 0.9263, loss_cls: 0.9118, loss: 0.9118
2026-09-01 16:16:48,652 - pyskl - INFO - Epoch [12][1400/5537]	lr: 1.372e-02, eta: 2 days, 1:50:58, time: 2.548, data_time: 0.000, memory: 5243, top1_acc: 0.7262, top5_acc: 0.9244, loss_cls: 0.9207, loss: 0.9207
2026-09-01 16:21:02,393 - pyskl - INFO - Epoch [12][1500/5537]	lr: 1.369e-02, eta: 2 days, 1:46:43, time: 2.537, data_time: 0.000, memory: 5243, top1_acc: 0.7275, top5_acc: 0.9150, loss_cls: 0.9117, loss: 0.9117
2026-09-01 16:25:16,523 - pyskl - INFO - Epoch [12][1600/5537]	lr: 1.366e-02, eta: 2 days, 1:42:29, time: 2.541, data_time: 0.000, memory: 5243, top1_acc: 0.7278, top5_acc: 0.9175, loss_cls: 0.9091, loss: 0.9091
2026-09-01 16:29:30,907 - pyskl - INFO - Epoch [12][1700/5537]	lr: 1.363e-02, eta: 2 days, 1:38:15, time: 2.544, data_time: 0.000, memory: 5243, top1_acc: 0.7228, top5_acc: 0.9181, loss_cls: 0.9132, loss: 0.9132
2026-09-01 16:33:44,981 - pyskl - INFO - Epoch [12][1800/5537]	lr: 1.360e-02, eta: 2 days, 1:34:00, time: 2.541, data_time: 0.000, memory: 5243, top1_acc: 0.7378, top5_acc: 0.9244, loss_cls: 0.8638, loss: 0.8638
2026-09-01 16:37:58,559 - pyskl - INFO - Epoch [12][1900/5537]	lr: 1.357e-02, eta: 2 days, 1:29:45, time: 2.536, data_time: 0.000, memory: 5243, top1_acc: 0.7294, top5_acc: 0.9184, loss_cls: 0.9142, loss: 0.9142
2026-09-01 16:42:12,500 - pyskl - INFO - Epoch [12][2000/5537]	lr: 1.354e-02, eta: 2 days, 1:25:31, time: 2.539, data_time: 0.000, memory: 5243, top1_acc: 0.7247, top5_acc: 0.9219, loss_cls: 0.9158, loss: 0.9158
2026-09-01 16:46:27,022 - pyskl - INFO - Epoch [12][2100/5537]	lr: 1.351e-02, eta: 2 days, 1:21:17, time: 2.545, data_time: 0.000, memory: 5243, top1_acc: 0.7362, top5_acc: 0.9225, loss_cls: 0.8676, loss: 0.8676
2026-09-01 16:50:40,152 - pyskl - INFO - Epoch [12][2200/5537]	lr: 1.349e-02, eta: 2 days, 1:17:01, time: 2.531, data_time: 0.000, memory: 5243, top1_acc: 0.7344, top5_acc: 0.9209, loss_cls: 0.8884, loss: 0.8884
2026-09-01 16:54:54,353 - pyskl - INFO - Epoch [12][2300/5537]	lr: 1.346e-02, eta: 2 days, 1:12:47, time: 2.542, data_time: 0.000, memory: 5243, top1_acc: 0.7438, top5_acc: 0.9256, loss_cls: 0.8498, loss: 0.8498
2026-09-01 16:59:08,692 - pyskl - INFO - Epoch [12][2400/5537]	lr: 1.343e-02, eta: 2 days, 1:08:33, time: 2.543, data_time: 0.000, memory: 5243, top1_acc: 0.7375, top5_acc: 0.9216, loss_cls: 0.8881, loss: 0.8881
2026-09-01 17:03:26,961 - pyskl - INFO - Epoch [12][2500/5537]	lr: 1.340e-02, eta: 2 days, 1:04:23, time: 2.583, data_time: 0.000, memory: 5243, top1_acc: 0.7397, top5_acc: 0.9256, loss_cls: 0.8754, loss: 0.8754
2026-09-01 17:07:41,960 - pyskl - INFO - Epoch [12][2600/5537]	lr: 1.337e-02, eta: 2 days, 1:00:09, time: 2.550, data_time: 0.000, memory: 5243, top1_acc: 0.7378, top5_acc: 0.9269, loss_cls: 0.8871, loss: 0.8871
2026-09-01 17:11:55,582 - pyskl - INFO - Epoch [12][2700/5537]	lr: 1.334e-02, eta: 2 days, 0:55:54, time: 2.536, data_time: 0.000, memory: 5243, top1_acc: 0.7397, top5_acc: 0.9200, loss_cls: 0.8962, loss: 0.8962
2026-09-01 17:16:10,429 - pyskl - INFO - Epoch [12][2800/5537]	lr: 1.331e-02, eta: 2 days, 0:51:41, time: 2.548, data_time: 0.000, memory: 5243, top1_acc: 0.7356, top5_acc: 0.9222, loss_cls: 0.8832, loss: 0.8832
2026-09-01 17:20:23,964 - pyskl - INFO - Epoch [12][2900/5537]	lr: 1.328e-02, eta: 2 days, 0:47:26, time: 2.535, data_time: 0.000, memory: 5243, top1_acc: 0.7272, top5_acc: 0.9144, loss_cls: 0.9017, loss: 0.9017
2026-09-01 17:24:37,757 - pyskl - INFO - Epoch [12][3000/5537]	lr: 1.325e-02, eta: 2 days, 0:43:11, time: 2.538, data_time: 0.000, memory: 5243, top1_acc: 0.7372, top5_acc: 0.9203, loss_cls: 0.8934, loss: 0.8934
2026-09-01 17:28:52,603 - pyskl - INFO - Epoch [12][3100/5537]	lr: 1.322e-02, eta: 2 days, 0:38:57, time: 2.548, data_time: 0.000, memory: 5243, top1_acc: 0.7269, top5_acc: 0.9228, loss_cls: 0.9082, loss: 0.9082
2026-09-01 17:33:06,195 - pyskl - INFO - Epoch [12][3200/5537]	lr: 1.319e-02, eta: 2 days, 0:34:42, time: 2.536, data_time: 0.000, memory: 5243, top1_acc: 0.7225, top5_acc: 0.9259, loss_cls: 0.9218, loss: 0.9218
2026-09-01 17:37:20,587 - pyskl - INFO - Epoch [12][3300/5537]	lr: 1.316e-02, eta: 2 days, 0:30:28, time: 2.544, data_time: 0.000, memory: 5243, top1_acc: 0.7247, top5_acc: 0.9216, loss_cls: 0.8995, loss: 0.8995
2026-09-01 17:41:34,825 - pyskl - INFO - Epoch [12][3400/5537]	lr: 1.313e-02, eta: 2 days, 0:26:14, time: 2.542, data_time: 0.000, memory: 5243, top1_acc: 0.7438, top5_acc: 0.9253, loss_cls: 0.8724, loss: 0.8724
2026-09-01 17:45:49,710 - pyskl - INFO - Epoch [12][3500/5537]	lr: 1.310e-02, eta: 2 days, 0:22:00, time: 2.549, data_time: 0.000, memory: 5243, top1_acc: 0.7334, top5_acc: 0.9163, loss_cls: 0.8936, loss: 0.8936
2026-09-01 17:50:03,233 - pyskl - INFO - Epoch [12][3600/5537]	lr: 1.307e-02, eta: 2 days, 0:17:45, time: 2.535, data_time: 0.000, memory: 5243, top1_acc: 0.7441, top5_acc: 0.9359, loss_cls: 0.8260, loss: 0.8260
2026-09-01 17:54:16,392 - pyskl - INFO - Epoch [12][3700/5537]	lr: 1.304e-02, eta: 2 days, 0:13:30, time: 2.532, data_time: 0.000, memory: 5243, top1_acc: 0.7356, top5_acc: 0.9163, loss_cls: 0.8980, loss: 0.8980
2026-09-01 17:58:30,787 - pyskl - INFO - Epoch [12][3800/5537]	lr: 1.301e-02, eta: 2 days, 0:09:16, time: 2.544, data_time: 0.000, memory: 5243, top1_acc: 0.7388, top5_acc: 0.9281, loss_cls: 0.8711, loss: 0.8711
2026-09-01 18:02:44,526 - pyskl - INFO - Epoch [12][3900/5537]	lr: 1.298e-02, eta: 2 days, 0:05:01, time: 2.537, data_time: 0.000, memory: 5243, top1_acc: 0.7450, top5_acc: 0.9175, loss_cls: 0.8648, loss: 0.8648
2026-09-01 18:06:58,348 - pyskl - INFO - Epoch [12][4000/5537]	lr: 1.295e-02, eta: 2 days, 0:00:46, time: 2.538, data_time: 0.000, memory: 5243, top1_acc: 0.7184, top5_acc: 0.9209, loss_cls: 0.9182, loss: 0.9182
2026-09-01 18:11:13,283 - pyskl - INFO - Epoch [12][4100/5537]	lr: 1.292e-02, eta: 1 day, 23:56:33, time: 2.549, data_time: 0.000, memory: 5243, top1_acc: 0.7500, top5_acc: 0.9247, loss_cls: 0.8665, loss: 0.8665
2026-09-01 18:15:27,437 - pyskl - INFO - Epoch [12][4200/5537]	lr: 1.290e-02, eta: 1 day, 23:52:18, time: 2.542, data_time: 0.000, memory: 5243, top1_acc: 0.7216, top5_acc: 0.9103, loss_cls: 0.9275, loss: 0.9275
2026-09-01 18:19:41,765 - pyskl - INFO - Epoch [12][4300/5537]	lr: 1.287e-02, eta: 1 day, 23:48:04, time: 2.543, data_time: 0.000, memory: 5243, top1_acc: 0.7278, top5_acc: 0.9263, loss_cls: 0.8863, loss: 0.8863
2026-09-01 18:23:55,734 - pyskl - INFO - Epoch [12][4400/5537]	lr: 1.284e-02, eta: 1 day, 23:43:50, time: 2.540, data_time: 0.000, memory: 5243, top1_acc: 0.7334, top5_acc: 0.9253, loss_cls: 0.8852, loss: 0.8852
2026-09-01 18:28:10,015 - pyskl - INFO - Epoch [12][4500/5537]	lr: 1.281e-02, eta: 1 day, 23:39:35, time: 2.543, data_time: 0.000, memory: 5243, top1_acc: 0.7278, top5_acc: 0.9206, loss_cls: 0.8975, loss: 0.8975
2026-09-01 18:32:23,302 - pyskl - INFO - Epoch [12][4600/5537]	lr: 1.278e-02, eta: 1 day, 23:35:20, time: 2.533, data_time: 0.000, memory: 5243, top1_acc: 0.7469, top5_acc: 0.9259, loss_cls: 0.8704, loss: 0.8704
2026-09-01 18:36:36,840 - pyskl - INFO - Epoch [12][4700/5537]	lr: 1.275e-02, eta: 1 day, 23:31:05, time: 2.535, data_time: 0.000, memory: 5243, top1_acc: 0.7397, top5_acc: 0.9172, loss_cls: 0.8951, loss: 0.8951
2026-09-01 18:40:51,774 - pyskl - INFO - Epoch [12][4800/5537]	lr: 1.272e-02, eta: 1 day, 23:26:52, time: 2.549, data_time: 0.000, memory: 5243, top1_acc: 0.7444, top5_acc: 0.9294, loss_cls: 0.8538, loss: 0.8538
2026-09-01 18:45:05,249 - pyskl - INFO - Epoch [12][4900/5537]	lr: 1.269e-02, eta: 1 day, 23:22:37, time: 2.535, data_time: 0.000, memory: 5243, top1_acc: 0.7259, top5_acc: 0.9175, loss_cls: 0.9180, loss: 0.9180
2026-09-01 18:49:19,255 - pyskl - INFO - Epoch [12][5000/5537]	lr: 1.266e-02, eta: 1 day, 23:18:22, time: 2.540, data_time: 0.000, memory: 5243, top1_acc: 0.7394, top5_acc: 0.9234, loss_cls: 0.8784, loss: 0.8784
2026-09-01 18:53:33,833 - pyskl - INFO - Epoch [12][5100/5537]	lr: 1.263e-02, eta: 1 day, 23:14:08, time: 2.546, data_time: 0.000, memory: 5243, top1_acc: 0.7278, top5_acc: 0.9256, loss_cls: 0.8921, loss: 0.8921
2026-09-01 18:57:48,021 - pyskl - INFO - Epoch [12][5200/5537]	lr: 1.260e-02, eta: 1 day, 23:09:54, time: 2.542, data_time: 0.000, memory: 5243, top1_acc: 0.7350, top5_acc: 0.9328, loss_cls: 0.8876, loss: 0.8876
2026-09-01 19:02:01,754 - pyskl - INFO - Epoch [12][5300/5537]	lr: 1.257e-02, eta: 1 day, 23:05:39, time: 2.537, data_time: 0.000, memory: 5243, top1_acc: 0.7375, top5_acc: 0.9275, loss_cls: 0.8808, loss: 0.8808
2026-09-01 19:06:16,207 - pyskl - INFO - Epoch [12][5400/5537]	lr: 1.254e-02, eta: 1 day, 23:01:25, time: 2.545, data_time: 0.000, memory: 5243, top1_acc: 0.7288, top5_acc: 0.9281, loss_cls: 0.8720, loss: 0.8720
2026-09-01 19:10:30,711 - pyskl - INFO - Epoch [12][5500/5537]	lr: 1.251e-02, eta: 1 day, 22:57:11, time: 2.545, data_time: 0.000, memory: 5243, top1_acc: 0.7444, top5_acc: 0.9300, loss_cls: 0.8412, loss: 0.8412
2026-09-01 19:12:04,051 - pyskl - INFO - Saving checkpoint at 12 epochs
2026-09-01 19:17:58,762 - pyskl - INFO - Evaluating top_k_accuracy ...
2026-09-01 19:17:58,773 - pyskl - INFO - 
top1_acc	0.8395
top5_acc	0.9742
2026-09-01 19:17:58,775 - pyskl - INFO - The previous best checkpoint D:\YxjProject\pythonProject\pyskl\work_dirs\aug_baseline\stgcnpp_j\train\A6_mixed_e24\best_top1_acc_epoch_11.pth was removed
2026-09-01 19:17:58,851 - pyskl - INFO - Now best checkpoint is saved as best_top1_acc_epoch_12.pth.
2026-09-01 19:17:58,852 - pyskl - INFO - Best top1_acc is 0.8395 at 12 epoch.
2026-09-01 19:17:58,852 - pyskl - INFO - Epoch(val) [12][146]	top1_acc: 0.8395, top5_acc: 0.9742
2026-09-01 19:22:20,433 - pyskl - INFO - Epoch [13][100/5537]	lr: 1.247e-02, eta: 1 day, 22:49:56, time: 2.616, data_time: 0.066, memory: 5243, top1_acc: 0.7394, top5_acc: 0.9272, loss_cls: 0.8870, loss: 0.8870
2026-09-01 19:26:33,587 - pyskl - INFO - Epoch [13][200/5537]	lr: 1.244e-02, eta: 1 day, 22:45:41, time: 2.532, data_time: 0.000, memory: 5243, top1_acc: 0.7503, top5_acc: 0.9244, loss_cls: 0.8478, loss: 0.8478
2026-09-01 19:30:47,583 - pyskl - INFO - Epoch [13][300/5537]	lr: 1.241e-02, eta: 1 day, 22:41:27, time: 2.540, data_time: 0.000, memory: 5243, top1_acc: 0.7300, top5_acc: 0.9253, loss_cls: 0.9011, loss: 0.9011
2026-09-01 19:35:02,494 - pyskl - INFO - Epoch [13][400/5537]	lr: 1.238e-02, eta: 1 day, 22:37:13, time: 2.549, data_time: 0.000, memory: 5243, top1_acc: 0.7369, top5_acc: 0.9263, loss_cls: 0.8694, loss: 0.8694
2026-09-01 19:39:16,452 - pyskl - INFO - Epoch [13][500/5537]	lr: 1.235e-02, eta: 1 day, 22:32:59, time: 2.540, data_time: 0.000, memory: 5243, top1_acc: 0.7388, top5_acc: 0.9141, loss_cls: 0.8878, loss: 0.8878
2026-09-01 19:43:30,895 - pyskl - INFO - Epoch [13][600/5537]	lr: 1.232e-02, eta: 1 day, 22:28:45, time: 2.544, data_time: 0.000, memory: 5243, top1_acc: 0.7478, top5_acc: 0.9259, loss_cls: 0.8621, loss: 0.8621
2026-09-01 19:47:45,241 - pyskl - INFO - Epoch [13][700/5537]	lr: 1.229e-02, eta: 1 day, 22:24:31, time: 2.543, data_time: 0.000, memory: 5243, top1_acc: 0.7375, top5_acc: 0.9263, loss_cls: 0.8792, loss: 0.8792
2026-09-01 19:51:59,529 - pyskl - INFO - Epoch [13][800/5537]	lr: 1.226e-02, eta: 1 day, 22:20:17, time: 2.543, data_time: 0.000, memory: 5243, top1_acc: 0.7488, top5_acc: 0.9256, loss_cls: 0.8553, loss: 0.8553
2026-09-01 19:56:12,862 - pyskl - INFO - Epoch [13][900/5537]	lr: 1.223e-02, eta: 1 day, 22:16:03, time: 2.533, data_time: 0.000, memory: 5243, top1_acc: 0.7388, top5_acc: 0.9278, loss_cls: 0.8621, loss: 0.8621
2026-09-01 20:00:26,547 - pyskl - INFO - Epoch [13][1000/5537]	lr: 1.220e-02, eta: 1 day, 22:11:48, time: 2.537, data_time: 0.000, memory: 5243, top1_acc: 0.7356, top5_acc: 0.9278, loss_cls: 0.8672, loss: 0.8672
2026-09-01 20:04:41,133 - pyskl - INFO - Epoch [13][1100/5537]	lr: 1.218e-02, eta: 1 day, 22:07:34, time: 2.546, data_time: 0.000, memory: 5243, top1_acc: 0.7200, top5_acc: 0.9222, loss_cls: 0.9050, loss: 0.9050
2026-09-01 20:08:54,446 - pyskl - INFO - Epoch [13][1200/5537]	lr: 1.215e-02, eta: 1 day, 22:03:19, time: 2.533, data_time: 0.000, memory: 5243, top1_acc: 0.7353, top5_acc: 0.9256, loss_cls: 0.8679, loss: 0.8679
2026-09-01 20:13:09,029 - pyskl - INFO - Epoch [13][1300/5537]	lr: 1.212e-02, eta: 1 day, 21:59:06, time: 2.546, data_time: 0.000, memory: 5243, top1_acc: 0.7359, top5_acc: 0.9213, loss_cls: 0.8852, loss: 0.8852
2026-09-01 20:17:23,557 - pyskl - INFO - Epoch [13][1400/5537]	lr: 1.209e-02, eta: 1 day, 21:54:52, time: 2.545, data_time: 0.000, memory: 5243, top1_acc: 0.7441, top5_acc: 0.9244, loss_cls: 0.8494, loss: 0.8494
2026-09-01 20:21:39,941 - pyskl - INFO - Epoch [13][1500/5537]	lr: 1.206e-02, eta: 1 day, 21:50:40, time: 2.564, data_time: 0.000, memory: 5243, top1_acc: 0.7525, top5_acc: 0.9272, loss_cls: 0.8398, loss: 0.8398
2026-09-01 20:25:54,327 - pyskl - INFO - Epoch [13][1600/5537]	lr: 1.203e-02, eta: 1 day, 21:46:26, time: 2.544, data_time: 0.000, memory: 5243, top1_acc: 0.7231, top5_acc: 0.9163, loss_cls: 0.9163, loss: 0.9163
2026-09-01 20:30:07,711 - pyskl - INFO - Epoch [13][1700/5537]	lr: 1.200e-02, eta: 1 day, 21:42:11, time: 2.534, data_time: 0.000, memory: 5243, top1_acc: 0.7244, top5_acc: 0.9287, loss_cls: 0.8937, loss: 0.8937
2026-09-01 20:34:22,399 - pyskl - INFO - Epoch [13][1800/5537]	lr: 1.197e-02, eta: 1 day, 21:37:58, time: 2.547, data_time: 0.000, memory: 5243, top1_acc: 0.7381, top5_acc: 0.9181, loss_cls: 0.8907, loss: 0.8907
2026-09-01 20:38:36,167 - pyskl - INFO - Epoch [13][1900/5537]	lr: 1.194e-02, eta: 1 day, 21:33:43, time: 2.538, data_time: 0.000, memory: 5243, top1_acc: 0.7378, top5_acc: 0.9213, loss_cls: 0.8675, loss: 0.8675
2026-09-01 20:42:50,002 - pyskl - INFO - Epoch [13][2000/5537]	lr: 1.191e-02, eta: 1 day, 21:29:29, time: 2.538, data_time: 0.000, memory: 5243, top1_acc: 0.7422, top5_acc: 0.9275, loss_cls: 0.8425, loss: 0.8425
2026-09-01 20:47:03,916 - pyskl - INFO - Epoch [13][2100/5537]	lr: 1.188e-02, eta: 1 day, 21:25:15, time: 2.539, data_time: 0.000, memory: 5243, top1_acc: 0.7459, top5_acc: 0.9284, loss_cls: 0.8474, loss: 0.8474
2026-09-01 20:51:17,608 - pyskl - INFO - Epoch [13][2200/5537]	lr: 1.185e-02, eta: 1 day, 21:21:00, time: 2.537, data_time: 0.000, memory: 5243, top1_acc: 0.7175, top5_acc: 0.9234, loss_cls: 0.9156, loss: 0.9156
2026-09-01 20:55:31,866 - pyskl - INFO - Epoch [13][2300/5537]	lr: 1.182e-02, eta: 1 day, 21:16:46, time: 2.543, data_time: 0.000, memory: 5243, top1_acc: 0.7309, top5_acc: 0.9303, loss_cls: 0.8759, loss: 0.8759
2026-09-01 20:59:45,614 - pyskl - INFO - Epoch [13][2400/5537]	lr: 1.179e-02, eta: 1 day, 21:12:32, time: 2.537, data_time: 0.000, memory: 5243, top1_acc: 0.7488, top5_acc: 0.9331, loss_cls: 0.8409, loss: 0.8409
2026-09-01 21:04:00,529 - pyskl - INFO - Epoch [13][2500/5537]	lr: 1.176e-02, eta: 1 day, 21:08:18, time: 2.549, data_time: 0.000, memory: 5243, top1_acc: 0.7512, top5_acc: 0.9297, loss_cls: 0.8339, loss: 0.8339
2026-09-01 21:08:13,891 - pyskl - INFO - Epoch [13][2600/5537]	lr: 1.173e-02, eta: 1 day, 21:04:03, time: 2.534, data_time: 0.000, memory: 5243, top1_acc: 0.7416, top5_acc: 0.9275, loss_cls: 0.8478, loss: 0.8478
2026-09-01 21:12:27,023 - pyskl - INFO - Epoch [13][2700/5537]	lr: 1.170e-02, eta: 1 day, 20:59:48, time: 2.531, data_time: 0.000, memory: 5243, top1_acc: 0.7344, top5_acc: 0.9275, loss_cls: 0.8881, loss: 0.8881
2026-09-01 21:16:41,560 - pyskl - INFO - Epoch [13][2800/5537]	lr: 1.167e-02, eta: 1 day, 20:55:34, time: 2.545, data_time: 0.000, memory: 5243, top1_acc: 0.7531, top5_acc: 0.9250, loss_cls: 0.8307, loss: 0.8307
2026-09-01 21:20:55,032 - pyskl - INFO - Epoch [13][2900/5537]	lr: 1.164e-02, eta: 1 day, 20:51:20, time: 2.535, data_time: 0.000, memory: 5243, top1_acc: 0.7375, top5_acc: 0.9250, loss_cls: 0.8593, loss: 0.8593
2026-09-01 21:25:09,038 - pyskl - INFO - Epoch [13][3000/5537]	lr: 1.161e-02, eta: 1 day, 20:47:06, time: 2.540, data_time: 0.000, memory: 5243, top1_acc: 0.7431, top5_acc: 0.9219, loss_cls: 0.8807, loss: 0.8807
2026-09-01 21:29:23,670 - pyskl - INFO - Epoch [13][3100/5537]	lr: 1.159e-02, eta: 1 day, 20:42:52, time: 2.546, data_time: 0.000, memory: 5243, top1_acc: 0.7481, top5_acc: 0.9313, loss_cls: 0.8521, loss: 0.8521
2026-09-01 21:33:38,354 - pyskl - INFO - Epoch [13][3200/5537]	lr: 1.156e-02, eta: 1 day, 20:38:38, time: 2.547, data_time: 0.000, memory: 5243, top1_acc: 0.7497, top5_acc: 0.9241, loss_cls: 0.8357, loss: 0.8357
2026-09-01 21:37:52,273 - pyskl - INFO - Epoch [13][3300/5537]	lr: 1.153e-02, eta: 1 day, 20:34:24, time: 2.539, data_time: 0.000, memory: 5243, top1_acc: 0.7284, top5_acc: 0.9263, loss_cls: 0.8764, loss: 0.8764
2026-09-01 21:42:05,985 - pyskl - INFO - Epoch [13][3400/5537]	lr: 1.150e-02, eta: 1 day, 20:30:09, time: 2.537, data_time: 0.000, memory: 5243, top1_acc: 0.7591, top5_acc: 0.9353, loss_cls: 0.8252, loss: 0.8252
2026-09-01 21:46:20,857 - pyskl - INFO - Epoch [13][3500/5537]	lr: 1.147e-02, eta: 1 day, 20:25:56, time: 2.549, data_time: 0.000, memory: 5243, top1_acc: 0.7353, top5_acc: 0.9222, loss_cls: 0.8888, loss: 0.8888
2026-09-01 21:50:34,416 - pyskl - INFO - Epoch [13][3600/5537]	lr: 1.144e-02, eta: 1 day, 20:21:41, time: 2.536, data_time: 0.000, memory: 5243, top1_acc: 0.7362, top5_acc: 0.9244, loss_cls: 0.8731, loss: 0.8731
2026-09-01 21:54:48,206 - pyskl - INFO - Epoch [13][3700/5537]	lr: 1.141e-02, eta: 1 day, 20:17:27, time: 2.538, data_time: 0.000, memory: 5243, top1_acc: 0.7503, top5_acc: 0.9278, loss_cls: 0.8466, loss: 0.8466
2026-09-01 21:59:03,068 - pyskl - INFO - Epoch [13][3800/5537]	lr: 1.138e-02, eta: 1 day, 20:13:13, time: 2.549, data_time: 0.000, memory: 5243, top1_acc: 0.7281, top5_acc: 0.9213, loss_cls: 0.9043, loss: 0.9043
2026-09-01 22:03:17,021 - pyskl - INFO - Epoch [13][3900/5537]	lr: 1.135e-02, eta: 1 day, 20:08:59, time: 2.540, data_time: 0.000, memory: 5243, top1_acc: 0.7378, top5_acc: 0.9303, loss_cls: 0.8470, loss: 0.8470
2026-09-01 22:07:31,061 - pyskl - INFO - Epoch [13][4000/5537]	lr: 1.132e-02, eta: 1 day, 20:04:45, time: 2.540, data_time: 0.000, memory: 5243, top1_acc: 0.7447, top5_acc: 0.9313, loss_cls: 0.8435, loss: 0.8435
2026-09-01 22:11:45,586 - pyskl - INFO - Epoch [13][4100/5537]	lr: 1.129e-02, eta: 1 day, 20:00:31, time: 2.545, data_time: 0.000, memory: 5243, top1_acc: 0.7447, top5_acc: 0.9200, loss_cls: 0.8624, loss: 0.8624
2026-09-01 22:16:00,336 - pyskl - INFO - Epoch [13][4200/5537]	lr: 1.126e-02, eta: 1 day, 19:56:18, time: 2.548, data_time: 0.000, memory: 5243, top1_acc: 0.7491, top5_acc: 0.9337, loss_cls: 0.8439, loss: 0.8439
2026-09-01 22:20:13,632 - pyskl - INFO - Epoch [13][4300/5537]	lr: 1.123e-02, eta: 1 day, 19:52:03, time: 2.533, data_time: 0.000, memory: 5243, top1_acc: 0.7497, top5_acc: 0.9331, loss_cls: 0.8026, loss: 0.8026
2026-09-01 22:24:27,542 - pyskl - INFO - Epoch [13][4400/5537]	lr: 1.120e-02, eta: 1 day, 19:47:48, time: 2.539, data_time: 0.000, memory: 5243, top1_acc: 0.7303, top5_acc: 0.9287, loss_cls: 0.8699, loss: 0.8699
2026-09-01 22:28:42,290 - pyskl - INFO - Epoch [13][4500/5537]	lr: 1.117e-02, eta: 1 day, 19:43:35, time: 2.547, data_time: 0.000, memory: 5243, top1_acc: 0.7544, top5_acc: 0.9359, loss_cls: 0.8106, loss: 0.8106
2026-09-01 22:32:55,419 - pyskl - INFO - Epoch [13][4600/5537]	lr: 1.114e-02, eta: 1 day, 19:39:20, time: 2.531, data_time: 0.000, memory: 5243, top1_acc: 0.7394, top5_acc: 0.9256, loss_cls: 0.8546, loss: 0.8546
2026-09-01 22:37:09,480 - pyskl - INFO - Epoch [13][4700/5537]	lr: 1.111e-02, eta: 1 day, 19:35:06, time: 2.541, data_time: 0.000, memory: 5243, top1_acc: 0.7559, top5_acc: 0.9331, loss_cls: 0.8226, loss: 0.8226
2026-09-01 22:41:23,905 - pyskl - INFO - Epoch [13][4800/5537]	lr: 1.108e-02, eta: 1 day, 19:30:52, time: 2.544, data_time: 0.000, memory: 5243, top1_acc: 0.7506, top5_acc: 0.9331, loss_cls: 0.8173, loss: 0.8173
2026-09-01 22:45:37,988 - pyskl - INFO - Epoch [13][4900/5537]	lr: 1.106e-02, eta: 1 day, 19:26:38, time: 2.541, data_time: 0.000, memory: 5243, top1_acc: 0.7441, top5_acc: 0.9237, loss_cls: 0.8559, loss: 0.8559
2026-09-01 22:49:52,075 - pyskl - INFO - Epoch [13][5000/5537]	lr: 1.103e-02, eta: 1 day, 19:22:24, time: 2.541, data_time: 0.000, memory: 5243, top1_acc: 0.7547, top5_acc: 0.9244, loss_cls: 0.8358, loss: 0.8358
2026-09-01 22:54:05,861 - pyskl - INFO - Epoch [13][5100/5537]	lr: 1.100e-02, eta: 1 day, 19:18:09, time: 2.538, data_time: 0.000, memory: 5243, top1_acc: 0.7475, top5_acc: 0.9328, loss_cls: 0.8211, loss: 0.8211
2026-09-01 22:58:20,149 - pyskl - INFO - Epoch [13][5200/5537]	lr: 1.097e-02, eta: 1 day, 19:13:55, time: 2.543, data_time: 0.000, memory: 5243, top1_acc: 0.7447, top5_acc: 0.9225, loss_cls: 0.8735, loss: 0.8735
2026-09-01 23:02:33,439 - pyskl - INFO - Epoch [13][5300/5537]	lr: 1.094e-02, eta: 1 day, 19:09:40, time: 2.533, data_time: 0.000, memory: 5243, top1_acc: 0.7334, top5_acc: 0.9256, loss_cls: 0.8754, loss: 0.8754
2026-09-01 23:06:47,115 - pyskl - INFO - Epoch [13][5400/5537]	lr: 1.091e-02, eta: 1 day, 19:05:26, time: 2.537, data_time: 0.000, memory: 5243, top1_acc: 0.7597, top5_acc: 0.9350, loss_cls: 0.8028, loss: 0.8028
2026-09-01 23:11:01,634 - pyskl - INFO - Epoch [13][5500/5537]	lr: 1.088e-02, eta: 1 day, 19:01:12, time: 2.545, data_time: 0.000, memory: 5243, top1_acc: 0.7384, top5_acc: 0.9281, loss_cls: 0.8483, loss: 0.8483
2026-09-01 23:12:34,986 - pyskl - INFO - Saving checkpoint at 13 epochs
2026-09-01 23:18:29,335 - pyskl - INFO - Evaluating top_k_accuracy ...
2026-09-01 23:18:29,346 - pyskl - INFO - 
top1_acc	0.8135
top5_acc	0.9663
2026-09-01 23:18:29,346 - pyskl - INFO - Epoch(val) [13][146]	top1_acc: 0.8135, top5_acc: 0.9663
2026-09-01 23:22:50,536 - pyskl - INFO - Epoch [14][100/5537]	lr: 1.084e-02, eta: 1 day, 18:54:11, time: 2.612, data_time: 0.066, memory: 5243, top1_acc: 0.7469, top5_acc: 0.9241, loss_cls: 0.8714, loss: 0.8714
2026-09-01 23:27:04,245 - pyskl - INFO - Epoch [14][200/5537]	lr: 1.081e-02, eta: 1 day, 18:49:56, time: 2.537, data_time: 0.000, memory: 5243, top1_acc: 0.7522, top5_acc: 0.9287, loss_cls: 0.8336, loss: 0.8336
2026-09-01 23:31:18,289 - pyskl - INFO - Epoch [14][300/5537]	lr: 1.078e-02, eta: 1 day, 18:45:42, time: 2.540, data_time: 0.000, memory: 5243, top1_acc: 0.7366, top5_acc: 0.9263, loss_cls: 0.8575, loss: 0.8575
2026-09-01 23:35:32,329 - pyskl - INFO - Epoch [14][400/5537]	lr: 1.075e-02, eta: 1 day, 18:41:28, time: 2.540, data_time: 0.000, memory: 5243, top1_acc: 0.7562, top5_acc: 0.9363, loss_cls: 0.7944, loss: 0.7944
2026-09-01 23:39:46,581 - pyskl - INFO - Epoch [14][500/5537]	lr: 1.072e-02, eta: 1 day, 18:37:15, time: 2.543, data_time: 0.000, memory: 5243, top1_acc: 0.7481, top5_acc: 0.9244, loss_cls: 0.8384, loss: 0.8384
2026-09-01 23:44:00,374 - pyskl - INFO - Epoch [14][600/5537]	lr: 1.069e-02, eta: 1 day, 18:33:00, time: 2.538, data_time: 0.000, memory: 5243, top1_acc: 0.7512, top5_acc: 0.9322, loss_cls: 0.8206, loss: 0.8206
2026-09-01 23:48:14,355 - pyskl - INFO - Epoch [14][700/5537]	lr: 1.066e-02, eta: 1 day, 18:28:46, time: 2.540, data_time: 0.000, memory: 5243, top1_acc: 0.7550, top5_acc: 0.9319, loss_cls: 0.8258, loss: 0.8258
2026-09-01 23:52:29,035 - pyskl - INFO - Epoch [14][800/5537]	lr: 1.063e-02, eta: 1 day, 18:24:33, time: 2.547, data_time: 0.000, memory: 5243, top1_acc: 0.7428, top5_acc: 0.9244, loss_cls: 0.8419, loss: 0.8419
2026-09-01 23:56:42,783 - pyskl - INFO - Epoch [14][900/5537]	lr: 1.061e-02, eta: 1 day, 18:20:19, time: 2.537, data_time: 0.000, memory: 5243, top1_acc: 0.7522, top5_acc: 0.9322, loss_cls: 0.8222, loss: 0.8222
2026-09-02 00:00:57,380 - pyskl - INFO - Epoch [14][1000/5537]	lr: 1.058e-02, eta: 1 day, 18:16:05, time: 2.546, data_time: 0.000, memory: 5243, top1_acc: 0.7478, top5_acc: 0.9266, loss_cls: 0.8438, loss: 0.8438
2026-09-02 00:05:11,662 - pyskl - INFO - Epoch [14][1100/5537]	lr: 1.055e-02, eta: 1 day, 18:11:51, time: 2.543, data_time: 0.000, memory: 5243, top1_acc: 0.7497, top5_acc: 0.9291, loss_cls: 0.8447, loss: 0.8447
2026-09-02 00:09:25,639 - pyskl - INFO - Epoch [14][1200/5537]	lr: 1.052e-02, eta: 1 day, 18:07:37, time: 2.540, data_time: 0.000, memory: 5243, top1_acc: 0.7462, top5_acc: 0.9234, loss_cls: 0.8411, loss: 0.8411
2026-09-02 00:13:39,845 - pyskl - INFO - Epoch [14][1300/5537]	lr: 1.049e-02, eta: 1 day, 18:03:24, time: 2.542, data_time: 0.000, memory: 5243, top1_acc: 0.7450, top5_acc: 0.9259, loss_cls: 0.8465, loss: 0.8465
2026-09-02 00:17:53,558 - pyskl - INFO - Epoch [14][1400/5537]	lr: 1.046e-02, eta: 1 day, 17:59:09, time: 2.537, data_time: 0.000, memory: 5243, top1_acc: 0.7366, top5_acc: 0.9306, loss_cls: 0.8617, loss: 0.8617
2026-09-02 00:22:08,421 - pyskl - INFO - Epoch [14][1500/5537]	lr: 1.043e-02, eta: 1 day, 17:54:56, time: 2.549, data_time: 0.000, memory: 5243, top1_acc: 0.7475, top5_acc: 0.9250, loss_cls: 0.8588, loss: 0.8588
2026-09-02 00:26:21,897 - pyskl - INFO - Epoch [14][1600/5537]	lr: 1.040e-02, eta: 1 day, 17:50:42, time: 2.535, data_time: 0.000, memory: 5243, top1_acc: 0.7550, top5_acc: 0.9287, loss_cls: 0.8165, loss: 0.8165
2026-09-02 00:30:35,570 - pyskl - INFO - Epoch [14][1700/5537]	lr: 1.037e-02, eta: 1 day, 17:46:27, time: 2.537, data_time: 0.000, memory: 5243, top1_acc: 0.7600, top5_acc: 0.9341, loss_cls: 0.8016, loss: 0.8016
2026-09-02 00:34:50,357 - pyskl - INFO - Epoch [14][1800/5537]	lr: 1.034e-02, eta: 1 day, 17:42:14, time: 2.548, data_time: 0.000, memory: 5243, top1_acc: 0.7544, top5_acc: 0.9263, loss_cls: 0.8208, loss: 0.8208
2026-09-02 00:39:04,155 - pyskl - INFO - Epoch [14][1900/5537]	lr: 1.031e-02, eta: 1 day, 17:38:00, time: 2.538, data_time: 0.000, memory: 5243, top1_acc: 0.7638, top5_acc: 0.9366, loss_cls: 0.7820, loss: 0.7820
2026-09-02 00:43:18,746 - pyskl - INFO - Epoch [14][2000/5537]	lr: 1.028e-02, eta: 1 day, 17:33:46, time: 2.546, data_time: 0.000, memory: 5243, top1_acc: 0.7394, top5_acc: 0.9313, loss_cls: 0.8657, loss: 0.8657
2026-09-02 00:47:33,188 - pyskl - INFO - Epoch [14][2100/5537]	lr: 1.026e-02, eta: 1 day, 17:29:33, time: 2.544, data_time: 0.000, memory: 5243, top1_acc: 0.7409, top5_acc: 0.9200, loss_cls: 0.8708, loss: 0.8708
2026-09-02 00:51:47,897 - pyskl - INFO - Epoch [14][2200/5537]	lr: 1.023e-02, eta: 1 day, 17:25:19, time: 2.547, data_time: 0.000, memory: 5243, top1_acc: 0.7484, top5_acc: 0.9309, loss_cls: 0.8276, loss: 0.8276
2026-09-02 00:56:01,444 - pyskl - INFO - Epoch [14][2300/5537]	lr: 1.020e-02, eta: 1 day, 17:21:05, time: 2.535, data_time: 0.000, memory: 5243, top1_acc: 0.7619, top5_acc: 0.9366, loss_cls: 0.7989, loss: 0.7989
2026-09-02 01:00:14,964 - pyskl - INFO - Epoch [14][2400/5537]	lr: 1.017e-02, eta: 1 day, 17:16:50, time: 2.535, data_time: 0.000, memory: 5243, top1_acc: 0.7453, top5_acc: 0.9334, loss_cls: 0.8476, loss: 0.8476
2026-09-02 01:04:29,805 - pyskl - INFO - Epoch [14][2500/5537]	lr: 1.014e-02, eta: 1 day, 17:12:37, time: 2.548, data_time: 0.000, memory: 5243, top1_acc: 0.7503, top5_acc: 0.9300, loss_cls: 0.8234, loss: 0.8234
2026-09-02 01:08:43,384 - pyskl - INFO - Epoch [14][2600/5537]	lr: 1.011e-02, eta: 1 day, 17:08:23, time: 2.536, data_time: 0.000, memory: 5243, top1_acc: 0.7603, top5_acc: 0.9306, loss_cls: 0.7928, loss: 0.7928
2026-09-02 01:12:56,501 - pyskl - INFO - Epoch [14][2700/5537]	lr: 1.008e-02, eta: 1 day, 17:04:08, time: 2.531, data_time: 0.000, memory: 5243, top1_acc: 0.7441, top5_acc: 0.9247, loss_cls: 0.8296, loss: 0.8296
2026-09-02 01:17:11,172 - pyskl - INFO - Epoch [14][2800/5537]	lr: 1.005e-02, eta: 1 day, 16:59:54, time: 2.547, data_time: 0.000, memory: 5243, top1_acc: 0.7559, top5_acc: 0.9325, loss_cls: 0.8101, loss: 0.8101
2026-09-02 01:21:25,494 - pyskl - INFO - Epoch [14][2900/5537]	lr: 1.002e-02, eta: 1 day, 16:55:41, time: 2.543, data_time: 0.000, memory: 5243, top1_acc: 0.7603, top5_acc: 0.9381, loss_cls: 0.7909, loss: 0.7909
2026-09-02 01:25:39,756 - pyskl - INFO - Epoch [14][3000/5537]	lr: 9.995e-03, eta: 1 day, 16:51:27, time: 2.543, data_time: 0.000, memory: 5243, top1_acc: 0.7594, top5_acc: 0.9331, loss_cls: 0.8021, loss: 0.8021
2026-09-02 01:29:54,041 - pyskl - INFO - Epoch [14][3100/5537]	lr: 9.966e-03, eta: 1 day, 16:47:13, time: 2.543, data_time: 0.000, memory: 5243, top1_acc: 0.7591, top5_acc: 0.9391, loss_cls: 0.8007, loss: 0.8007
2026-09-02 01:34:08,659 - pyskl - INFO - Epoch [14][3200/5537]	lr: 9.937e-03, eta: 1 day, 16:43:00, time: 2.546, data_time: 0.000, memory: 5243, top1_acc: 0.7494, top5_acc: 0.9272, loss_cls: 0.8380, loss: 0.8380
2026-09-02 01:38:21,863 - pyskl - INFO - Epoch [14][3300/5537]	lr: 9.908e-03, eta: 1 day, 16:38:45, time: 2.532, data_time: 0.000, memory: 5243, top1_acc: 0.7584, top5_acc: 0.9378, loss_cls: 0.7992, loss: 0.7992
2026-09-02 01:42:35,755 - pyskl - INFO - Epoch [14][3400/5537]	lr: 9.879e-03, eta: 1 day, 16:34:31, time: 2.539, data_time: 0.000, memory: 5243, top1_acc: 0.7509, top5_acc: 0.9319, loss_cls: 0.8430, loss: 0.8430
2026-09-02 01:46:50,591 - pyskl - INFO - Epoch [14][3500/5537]	lr: 9.850e-03, eta: 1 day, 16:30:17, time: 2.548, data_time: 0.000, memory: 5243, top1_acc: 0.7569, top5_acc: 0.9244, loss_cls: 0.8047, loss: 0.8047
2026-09-02 01:51:04,317 - pyskl - INFO - Epoch [14][3600/5537]	lr: 9.821e-03, eta: 1 day, 16:26:03, time: 2.537, data_time: 0.000, memory: 5243, top1_acc: 0.7494, top5_acc: 0.9297, loss_cls: 0.8346, loss: 0.8346
2026-09-02 01:55:18,796 - pyskl - INFO - Epoch [14][3700/5537]	lr: 9.792e-03, eta: 1 day, 16:21:50, time: 2.545, data_time: 0.000, memory: 5243, top1_acc: 0.7653, top5_acc: 0.9344, loss_cls: 0.7914, loss: 0.7914
2026-09-02 01:59:33,785 - pyskl - INFO - Epoch [14][3800/5537]	lr: 9.763e-03, eta: 1 day, 16:17:36, time: 2.550, data_time: 0.000, memory: 5243, top1_acc: 0.7503, top5_acc: 0.9331, loss_cls: 0.8211, loss: 0.8211
2026-09-02 02:03:48,295 - pyskl - INFO - Epoch [14][3900/5537]	lr: 9.735e-03, eta: 1 day, 16:13:23, time: 2.545, data_time: 0.000, memory: 5243, top1_acc: 0.7509, top5_acc: 0.9378, loss_cls: 0.8109, loss: 0.8109
2026-09-02 02:08:02,060 - pyskl - INFO - Epoch [14][4000/5537]	lr: 9.706e-03, eta: 1 day, 16:09:08, time: 2.538, data_time: 0.000, memory: 5243, top1_acc: 0.7709, top5_acc: 0.9394, loss_cls: 0.7774, loss: 0.7774
2026-09-02 02:12:15,733 - pyskl - INFO - Epoch [14][4100/5537]	lr: 9.677e-03, eta: 1 day, 16:04:54, time: 2.537, data_time: 0.000, memory: 5243, top1_acc: 0.7594, top5_acc: 0.9363, loss_cls: 0.7981, loss: 0.7981
2026-09-02 02:16:30,029 - pyskl - INFO - Epoch [14][4200/5537]	lr: 9.648e-03, eta: 1 day, 16:00:40, time: 2.543, data_time: 0.000, memory: 5243, top1_acc: 0.7553, top5_acc: 0.9347, loss_cls: 0.8102, loss: 0.8102
2026-09-02 02:20:43,329 - pyskl - INFO - Epoch [14][4300/5537]	lr: 9.619e-03, eta: 1 day, 15:56:26, time: 2.533, data_time: 0.000, memory: 5243, top1_acc: 0.7706, top5_acc: 0.9372, loss_cls: 0.7806, loss: 0.7806
2026-09-02 02:24:57,464 - pyskl - INFO - Epoch [14][4400/5537]	lr: 9.591e-03, eta: 1 day, 15:52:12, time: 2.541, data_time: 0.000, memory: 5243, top1_acc: 0.7656, top5_acc: 0.9350, loss_cls: 0.7894, loss: 0.7894
2026-09-02 02:29:11,574 - pyskl - INFO - Epoch [14][4500/5537]	lr: 9.562e-03, eta: 1 day, 15:47:58, time: 2.541, data_time: 0.000, memory: 5243, top1_acc: 0.7600, top5_acc: 0.9353, loss_cls: 0.7963, loss: 0.7963
2026-09-02 02:33:25,571 - pyskl - INFO - Epoch [14][4600/5537]	lr: 9.533e-03, eta: 1 day, 15:43:44, time: 2.540, data_time: 0.000, memory: 5243, top1_acc: 0.7569, top5_acc: 0.9378, loss_cls: 0.7992, loss: 0.7992
2026-09-02 02:37:39,861 - pyskl - INFO - Epoch [14][4700/5537]	lr: 9.505e-03, eta: 1 day, 15:39:30, time: 2.543, data_time: 0.000, memory: 5243, top1_acc: 0.7578, top5_acc: 0.9394, loss_cls: 0.7844, loss: 0.7844
2026-09-02 02:41:54,465 - pyskl - INFO - Epoch [14][4800/5537]	lr: 9.476e-03, eta: 1 day, 15:35:17, time: 2.546, data_time: 0.000, memory: 5243, top1_acc: 0.7659, top5_acc: 0.9322, loss_cls: 0.8081, loss: 0.8081
2026-09-02 02:46:09,504 - pyskl - INFO - Epoch [14][4900/5537]	lr: 9.447e-03, eta: 1 day, 15:31:03, time: 2.550, data_time: 0.000, memory: 5243, top1_acc: 0.7634, top5_acc: 0.9344, loss_cls: 0.7862, loss: 0.7862
2026-09-02 02:50:23,198 - pyskl - INFO - Epoch [14][5000/5537]	lr: 9.419e-03, eta: 1 day, 15:26:49, time: 2.537, data_time: 0.000, memory: 5243, top1_acc: 0.7494, top5_acc: 0.9313, loss_cls: 0.8228, loss: 0.8228
2026-09-02 02:54:37,053 - pyskl - INFO - Epoch [14][5100/5537]	lr: 9.390e-03, eta: 1 day, 15:22:35, time: 2.539, data_time: 0.000, memory: 5243, top1_acc: 0.7494, top5_acc: 0.9263, loss_cls: 0.8331, loss: 0.8331
2026-09-02 02:58:51,389 - pyskl - INFO - Epoch [14][5200/5537]	lr: 9.361e-03, eta: 1 day, 15:18:21, time: 2.543, data_time: 0.000, memory: 5243, top1_acc: 0.7531, top5_acc: 0.9419, loss_cls: 0.8183, loss: 0.8183
2026-09-02 03:03:05,343 - pyskl - INFO - Epoch [14][5300/5537]	lr: 9.333e-03, eta: 1 day, 15:14:07, time: 2.540, data_time: 0.000, memory: 5243, top1_acc: 0.7672, top5_acc: 0.9381, loss_cls: 0.7750, loss: 0.7750
2026-09-02 03:07:20,415 - pyskl - INFO - Epoch [14][5400/5537]	lr: 9.304e-03, eta: 1 day, 15:09:54, time: 2.551, data_time: 0.000, memory: 5243, top1_acc: 0.7566, top5_acc: 0.9394, loss_cls: 0.8132, loss: 0.8132
2026-09-02 03:11:34,344 - pyskl - INFO - Epoch [14][5500/5537]	lr: 9.276e-03, eta: 1 day, 15:05:40, time: 2.539, data_time: 0.000, memory: 5243, top1_acc: 0.7531, top5_acc: 0.9297, loss_cls: 0.8097, loss: 0.8097
2026-09-02 03:13:07,906 - pyskl - INFO - Saving checkpoint at 14 epochs
2026-09-02 03:19:02,496 - pyskl - INFO - Evaluating top_k_accuracy ...
2026-09-02 03:19:02,507 - pyskl - INFO - 
top1_acc	0.8350
top5_acc	0.9753
2026-09-02 03:19:02,507 - pyskl - INFO - Epoch(val) [14][146]	top1_acc: 0.8350, top5_acc: 0.9753
2026-09-02 03:23:23,196 - pyskl - INFO - Epoch [15][100/5537]	lr: 9.237e-03, eta: 1 day, 14:58:50, time: 2.607, data_time: 0.066, memory: 5243, top1_acc: 0.7616, top5_acc: 0.9319, loss_cls: 0.7947, loss: 0.7947
2026-09-02 03:27:37,530 - pyskl - INFO - Epoch [15][200/5537]	lr: 9.208e-03, eta: 1 day, 14:54:36, time: 2.543, data_time: 0.000, memory: 5243, top1_acc: 0.7681, top5_acc: 0.9394, loss_cls: 0.7753, loss: 0.7753
2026-09-02 03:31:52,073 - pyskl - INFO - Epoch [15][300/5537]	lr: 9.179e-03, eta: 1 day, 14:50:23, time: 2.545, data_time: 0.000, memory: 5243, top1_acc: 0.7688, top5_acc: 0.9309, loss_cls: 0.7864, loss: 0.7864
2026-09-02 03:36:05,767 - pyskl - INFO - Epoch [15][400/5537]	lr: 9.151e-03, eta: 1 day, 14:46:09, time: 2.537, data_time: 0.000, memory: 5243, top1_acc: 0.7606, top5_acc: 0.9344, loss_cls: 0.7939, loss: 0.7939
2026-09-02 03:40:20,481 - pyskl - INFO - Epoch [15][500/5537]	lr: 9.123e-03, eta: 1 day, 14:41:55, time: 2.547, data_time: 0.000, memory: 5243, top1_acc: 0.7628, top5_acc: 0.9319, loss_cls: 0.7921, loss: 0.7921
2026-09-02 03:44:34,144 - pyskl - INFO - Epoch [15][600/5537]	lr: 9.094e-03, eta: 1 day, 14:37:41, time: 2.537, data_time: 0.000, memory: 5243, top1_acc: 0.7472, top5_acc: 0.9309, loss_cls: 0.8204, loss: 0.8204
2026-09-02 03:48:48,535 - pyskl - INFO - Epoch [15][700/5537]	lr: 9.066e-03, eta: 1 day, 14:33:28, time: 2.544, data_time: 0.000, memory: 5243, top1_acc: 0.7584, top5_acc: 0.9309, loss_cls: 0.8132, loss: 0.8132
2026-09-02 03:53:02,756 - pyskl - INFO - Epoch [15][800/5537]	lr: 9.037e-03, eta: 1 day, 14:29:14, time: 2.542, data_time: 0.000, memory: 5243, top1_acc: 0.7581, top5_acc: 0.9322, loss_cls: 0.8049, loss: 0.8049
2026-09-02 03:57:16,605 - pyskl - INFO - Epoch [15][900/5537]	lr: 9.009e-03, eta: 1 day, 14:25:00, time: 2.538, data_time: 0.000, memory: 5243, top1_acc: 0.7659, top5_acc: 0.9359, loss_cls: 0.7711, loss: 0.7711
2026-09-02 04:01:30,543 - pyskl - INFO - Epoch [15][1000/5537]	lr: 8.981e-03, eta: 1 day, 14:20:46, time: 2.539, data_time: 0.000, memory: 5243, top1_acc: 0.7684, top5_acc: 0.9353, loss_cls: 0.7662, loss: 0.7662
2026-09-02 04:05:44,116 - pyskl - INFO - Epoch [15][1100/5537]	lr: 8.952e-03, eta: 1 day, 14:16:32, time: 2.536, data_time: 0.000, memory: 5243, top1_acc: 0.7631, top5_acc: 0.9369, loss_cls: 0.7935, loss: 0.7935
2026-09-02 04:09:58,870 - pyskl - INFO - Epoch [15][1200/5537]	lr: 8.924e-03, eta: 1 day, 14:12:19, time: 2.548, data_time: 0.000, memory: 5243, top1_acc: 0.7688, top5_acc: 0.9344, loss_cls: 0.7607, loss: 0.7607
2026-09-02 04:14:12,246 - pyskl - INFO - Epoch [15][1300/5537]	lr: 8.896e-03, eta: 1 day, 14:08:04, time: 2.534, data_time: 0.000, memory: 5243, top1_acc: 0.7525, top5_acc: 0.9266, loss_cls: 0.8166, loss: 0.8166
2026-09-02 04:18:26,153 - pyskl - INFO - Epoch [15][1400/5537]	lr: 8.867e-03, eta: 1 day, 14:03:51, time: 2.539, data_time: 0.000, memory: 5243, top1_acc: 0.7566, top5_acc: 0.9356, loss_cls: 0.7894, loss: 0.7894
2026-09-02 04:22:41,264 - pyskl - INFO - Epoch [15][1500/5537]	lr: 8.839e-03, eta: 1 day, 13:59:37, time: 2.551, data_time: 0.000, memory: 5243, top1_acc: 0.7766, top5_acc: 0.9331, loss_cls: 0.7535, loss: 0.7535
2026-09-02 04:26:55,235 - pyskl - INFO - Epoch [15][1600/5537]	lr: 8.811e-03, eta: 1 day, 13:55:24, time: 2.540, data_time: 0.000, memory: 5243, top1_acc: 0.7631, top5_acc: 0.9272, loss_cls: 0.7861, loss: 0.7861
2026-09-02 04:31:09,463 - pyskl - INFO - Epoch [15][1700/5537]	lr: 8.783e-03, eta: 1 day, 13:51:10, time: 2.542, data_time: 0.000, memory: 5243, top1_acc: 0.7716, top5_acc: 0.9369, loss_cls: 0.7652, loss: 0.7652
2026-09-02 04:35:24,122 - pyskl - INFO - Epoch [15][1800/5537]	lr: 8.754e-03, eta: 1 day, 13:46:57, time: 2.547, data_time: 0.000, memory: 5243, top1_acc: 0.7684, top5_acc: 0.9372, loss_cls: 0.7743, loss: 0.7743
2026-09-02 04:39:38,686 - pyskl - INFO - Epoch [15][1900/5537]	lr: 8.726e-03, eta: 1 day, 13:42:43, time: 2.546, data_time: 0.000, memory: 5243, top1_acc: 0.7606, top5_acc: 0.9337, loss_cls: 0.7781, loss: 0.7781
2026-09-02 04:43:52,182 - pyskl - INFO - Epoch [15][2000/5537]	lr: 8.698e-03, eta: 1 day, 13:38:29, time: 2.535, data_time: 0.000, memory: 5243, top1_acc: 0.7494, top5_acc: 0.9275, loss_cls: 0.8309, loss: 0.8309
2026-09-02 04:48:06,028 - pyskl - INFO - Epoch [15][2100/5537]	lr: 8.670e-03, eta: 1 day, 13:34:15, time: 2.538, data_time: 0.000, memory: 5243, top1_acc: 0.7491, top5_acc: 0.9306, loss_cls: 0.8342, loss: 0.8342
2026-09-02 04:52:21,162 - pyskl - INFO - Epoch [15][2200/5537]	lr: 8.642e-03, eta: 1 day, 13:30:02, time: 2.551, data_time: 0.000, memory: 5243, top1_acc: 0.7638, top5_acc: 0.9297, loss_cls: 0.8091, loss: 0.8091
2026-09-02 04:56:34,752 - pyskl - INFO - Epoch [15][2300/5537]	lr: 8.614e-03, eta: 1 day, 13:25:48, time: 2.536, data_time: 0.000, memory: 5243, top1_acc: 0.7672, top5_acc: 0.9353, loss_cls: 0.7748, loss: 0.7748
2026-09-02 05:00:48,689 - pyskl - INFO - Epoch [15][2400/5537]	lr: 8.586e-03, eta: 1 day, 13:21:34, time: 2.539, data_time: 0.000, memory: 5243, top1_acc: 0.7684, top5_acc: 0.9394, loss_cls: 0.7702, loss: 0.7702
2026-09-02 05:05:03,969 - pyskl - INFO - Epoch [15][2500/5537]	lr: 8.558e-03, eta: 1 day, 13:17:21, time: 2.553, data_time: 0.000, memory: 5243, top1_acc: 0.7588, top5_acc: 0.9334, loss_cls: 0.7943, loss: 0.7943
2026-09-02 05:09:17,846 - pyskl - INFO - Epoch [15][2600/5537]	lr: 8.529e-03, eta: 1 day, 13:13:07, time: 2.539, data_time: 0.000, memory: 5243, top1_acc: 0.7709, top5_acc: 0.9394, loss_cls: 0.7698, loss: 0.7698
2026-09-02 05:13:31,577 - pyskl - INFO - Epoch [15][2700/5537]	lr: 8.501e-03, eta: 1 day, 13:08:53, time: 2.537, data_time: 0.000, memory: 5243, top1_acc: 0.7544, top5_acc: 0.9363, loss_cls: 0.8049, loss: 0.8049
2026-09-02 05:17:46,235 - pyskl - INFO - Epoch [15][2800/5537]	lr: 8.473e-03, eta: 1 day, 13:04:40, time: 2.547, data_time: 0.000, memory: 5243, top1_acc: 0.7616, top5_acc: 0.9387, loss_cls: 0.7793, loss: 0.7793
2026-09-02 05:22:00,732 - pyskl - INFO - Epoch [15][2900/5537]	lr: 8.446e-03, eta: 1 day, 13:00:26, time: 2.545, data_time: 0.000, memory: 5243, top1_acc: 0.7606, top5_acc: 0.9334, loss_cls: 0.7935, loss: 0.7935
2026-09-02 05:26:14,152 - pyskl - INFO - Epoch [15][3000/5537]	lr: 8.418e-03, eta: 1 day, 12:56:12, time: 2.534, data_time: 0.000, memory: 5243, top1_acc: 0.7653, top5_acc: 0.9397, loss_cls: 0.7946, loss: 0.7946
2026-09-02 05:30:28,253 - pyskl - INFO - Epoch [15][3100/5537]	lr: 8.390e-03, eta: 1 day, 12:51:58, time: 2.541, data_time: 0.000, memory: 5243, top1_acc: 0.7825, top5_acc: 0.9372, loss_cls: 0.7294, loss: 0.7294
2026-09-02 05:34:43,225 - pyskl - INFO - Epoch [15][3200/5537]	lr: 8.362e-03, eta: 1 day, 12:47:45, time: 2.550, data_time: 0.000, memory: 5243, top1_acc: 0.7538, top5_acc: 0.9269, loss_cls: 0.8089, loss: 0.8089
2026-09-02 05:38:57,244 - pyskl - INFO - Epoch [15][3300/5537]	lr: 8.334e-03, eta: 1 day, 12:43:31, time: 2.540, data_time: 0.000, memory: 5243, top1_acc: 0.7719, top5_acc: 0.9422, loss_cls: 0.7558, loss: 0.7558
2026-09-02 05:43:11,444 - pyskl - INFO - Epoch [15][3400/5537]	lr: 8.306e-03, eta: 1 day, 12:39:17, time: 2.542, data_time: 0.000, memory: 5243, top1_acc: 0.7628, top5_acc: 0.9300, loss_cls: 0.7998, loss: 0.7998
2026-09-02 05:47:25,700 - pyskl - INFO - Epoch [15][3500/5537]	lr: 8.278e-03, eta: 1 day, 12:35:03, time: 2.543, data_time: 0.000, memory: 5243, top1_acc: 0.7675, top5_acc: 0.9306, loss_cls: 0.7808, loss: 0.7808
2026-09-02 05:51:39,874 - pyskl - INFO - Epoch [15][3600/5537]	lr: 8.250e-03, eta: 1 day, 12:30:50, time: 2.542, data_time: 0.000, memory: 5243, top1_acc: 0.7681, top5_acc: 0.9359, loss_cls: 0.7671, loss: 0.7671
2026-09-02 05:55:53,350 - pyskl - INFO - Epoch [15][3700/5537]	lr: 8.223e-03, eta: 1 day, 12:26:36, time: 2.535, data_time: 0.000, memory: 5243, top1_acc: 0.7678, top5_acc: 0.9416, loss_cls: 0.7621, loss: 0.7621
2026-09-02 06:00:06,996 - pyskl - INFO - Epoch [15][3800/5537]	lr: 8.195e-03, eta: 1 day, 12:22:21, time: 2.536, data_time: 0.000, memory: 5243, top1_acc: 0.7609, top5_acc: 0.9372, loss_cls: 0.8169, loss: 0.8169
2026-09-02 06:04:21,800 - pyskl - INFO - Epoch [15][3900/5537]	lr: 8.167e-03, eta: 1 day, 12:18:08, time: 2.548, data_time: 0.000, memory: 5243, top1_acc: 0.7778, top5_acc: 0.9337, loss_cls: 0.7653, loss: 0.7653
2026-09-02 06:08:34,963 - pyskl - INFO - Epoch [15][4000/5537]	lr: 8.139e-03, eta: 1 day, 12:13:54, time: 2.532, data_time: 0.000, memory: 5243, top1_acc: 0.7725, top5_acc: 0.9369, loss_cls: 0.7530, loss: 0.7530
2026-09-02 06:12:49,506 - pyskl - INFO - Epoch [15][4100/5537]	lr: 8.112e-03, eta: 1 day, 12:09:40, time: 2.545, data_time: 0.000, memory: 5243, top1_acc: 0.7769, top5_acc: 0.9328, loss_cls: 0.7616, loss: 0.7616
2026-09-02 06:17:03,753 - pyskl - INFO - Epoch [15][4200/5537]	lr: 8.084e-03, eta: 1 day, 12:05:27, time: 2.542, data_time: 0.000, memory: 5243, top1_acc: 0.7591, top5_acc: 0.9353, loss_cls: 0.7865, loss: 0.7865
2026-09-02 06:21:17,684 - pyskl - INFO - Epoch [15][4300/5537]	lr: 8.056e-03, eta: 1 day, 12:01:13, time: 2.539, data_time: 0.000, memory: 5243, top1_acc: 0.7800, top5_acc: 0.9353, loss_cls: 0.7481, loss: 0.7481
2026-09-02 06:25:32,125 - pyskl - INFO - Epoch [15][4400/5537]	lr: 8.029e-03, eta: 1 day, 11:56:59, time: 2.544, data_time: 0.000, memory: 5243, top1_acc: 0.7669, top5_acc: 0.9263, loss_cls: 0.7865, loss: 0.7865
2026-09-02 06:29:45,958 - pyskl - INFO - Epoch [15][4500/5537]	lr: 8.001e-03, eta: 1 day, 11:52:45, time: 2.538, data_time: 0.000, memory: 5243, top1_acc: 0.7731, top5_acc: 0.9344, loss_cls: 0.7521, loss: 0.7521
2026-09-02 06:34:00,397 - pyskl - INFO - Epoch [15][4600/5537]	lr: 7.974e-03, eta: 1 day, 11:48:31, time: 2.544, data_time: 0.000, memory: 5243, top1_acc: 0.7703, top5_acc: 0.9316, loss_cls: 0.7632, loss: 0.7632
2026-09-02 06:38:13,946 - pyskl - INFO - Epoch [15][4700/5537]	lr: 7.946e-03, eta: 1 day, 11:44:17, time: 2.536, data_time: 0.000, memory: 5243, top1_acc: 0.7509, top5_acc: 0.9275, loss_cls: 0.8136, loss: 0.8136
2026-09-02 06:42:27,626 - pyskl - INFO - Epoch [15][4800/5537]	lr: 7.919e-03, eta: 1 day, 11:40:03, time: 2.537, data_time: 0.000, memory: 5243, top1_acc: 0.7728, top5_acc: 0.9309, loss_cls: 0.7539, loss: 0.7539
2026-09-02 06:46:42,408 - pyskl - INFO - Epoch [15][4900/5537]	lr: 7.891e-03, eta: 1 day, 11:35:50, time: 2.548, data_time: 0.000, memory: 5243, top1_acc: 0.7622, top5_acc: 0.9369, loss_cls: 0.7872, loss: 0.7872
2026-09-02 06:50:56,305 - pyskl - INFO - Epoch [15][5000/5537]	lr: 7.864e-03, eta: 1 day, 11:31:36, time: 2.539, data_time: 0.000, memory: 5243, top1_acc: 0.7619, top5_acc: 0.9334, loss_cls: 0.7942, loss: 0.7942
2026-09-02 06:55:10,879 - pyskl - INFO - Epoch [15][5100/5537]	lr: 7.836e-03, eta: 1 day, 11:27:22, time: 2.546, data_time: 0.000, memory: 5243, top1_acc: 0.7788, top5_acc: 0.9341, loss_cls: 0.7528, loss: 0.7528
2026-09-02 06:59:25,253 - pyskl - INFO - Epoch [15][5200/5537]	lr: 7.809e-03, eta: 1 day, 11:23:09, time: 2.544, data_time: 0.000, memory: 5243, top1_acc: 0.7675, top5_acc: 0.9422, loss_cls: 0.7328, loss: 0.7328
2026-09-02 07:03:39,498 - pyskl - INFO - Epoch [15][5300/5537]	lr: 7.782e-03, eta: 1 day, 11:18:55, time: 2.542, data_time: 0.000, memory: 5243, top1_acc: 0.7809, top5_acc: 0.9425, loss_cls: 0.7511, loss: 0.7511
2026-09-02 07:07:53,887 - pyskl - INFO - Epoch [15][5400/5537]	lr: 7.754e-03, eta: 1 day, 11:14:41, time: 2.544, data_time: 0.000, memory: 5243, top1_acc: 0.7622, top5_acc: 0.9400, loss_cls: 0.7510, loss: 0.7510
2026-09-02 07:12:07,997 - pyskl - INFO - Epoch [15][5500/5537]	lr: 7.727e-03, eta: 1 day, 11:10:28, time: 2.541, data_time: 0.000, memory: 5243, top1_acc: 0.7647, top5_acc: 0.9391, loss_cls: 0.7692, loss: 0.7692
2026-09-02 07:13:42,073 - pyskl - INFO - Saving checkpoint at 15 epochs
2026-09-02 07:19:49,816 - pyskl - INFO - Evaluating top_k_accuracy ...
2026-09-02 07:19:49,827 - pyskl - INFO - 
top1_acc	0.8595
top5_acc	0.9796
2026-09-02 07:19:49,829 - pyskl - INFO - The previous best checkpoint D:\YxjProject\pythonProject\pyskl\work_dirs\aug_baseline\stgcnpp_j\train\A6_mixed_e24\best_top1_acc_epoch_12.pth was removed
2026-09-02 07:19:49,896 - pyskl - INFO - Now best checkpoint is saved as best_top1_acc_epoch_15.pth.
2026-09-02 07:19:49,898 - pyskl - INFO - Best top1_acc is 0.8595 at 15 epoch.
2026-09-02 07:19:49,898 - pyskl - INFO - Epoch(val) [15][146]	top1_acc: 0.8595, top5_acc: 0.9796
2026-09-02 07:24:10,698 - pyskl - INFO - Epoch [16][100/5537]	lr: 7.689e-03, eta: 1 day, 11:03:48, time: 2.608, data_time: 0.066, memory: 5243, top1_acc: 0.7684, top5_acc: 0.9291, loss_cls: 0.7965, loss: 0.7965
2026-09-02 07:28:25,446 - pyskl - INFO - Epoch [16][200/5537]	lr: 7.662e-03, eta: 1 day, 10:59:34, time: 2.547, data_time: 0.000, memory: 5243, top1_acc: 0.7694, top5_acc: 0.9387, loss_cls: 0.7528, loss: 0.7528
2026-09-02 07:32:38,550 - pyskl - INFO - Epoch [16][300/5537]	lr: 7.635e-03, eta: 1 day, 10:55:20, time: 2.531, data_time: 0.000, memory: 5243, top1_acc: 0.7744, top5_acc: 0.9366, loss_cls: 0.7529, loss: 0.7529
2026-09-02 07:36:52,612 - pyskl - INFO - Epoch [16][400/5537]	lr: 7.608e-03, eta: 1 day, 10:51:07, time: 2.541, data_time: 0.000, memory: 5243, top1_acc: 0.7666, top5_acc: 0.9347, loss_cls: 0.7673, loss: 0.7673
2026-09-02 07:41:07,373 - pyskl - INFO - Epoch [16][500/5537]	lr: 7.581e-03, eta: 1 day, 10:46:53, time: 2.548, data_time: 0.000, memory: 5243, top1_acc: 0.7675, top5_acc: 0.9319, loss_cls: 0.7684, loss: 0.7684
2026-09-02 07:45:21,374 - pyskl - INFO - Epoch [16][600/5537]	lr: 7.553e-03, eta: 1 day, 10:42:40, time: 2.540, data_time: 0.000, memory: 5243, top1_acc: 0.7769, top5_acc: 0.9409, loss_cls: 0.7477, loss: 0.7477
2026-09-02 07:49:36,021 - pyskl - INFO - Epoch [16][700/5537]	lr: 7.526e-03, eta: 1 day, 10:38:26, time: 2.546, data_time: 0.000, memory: 5243, top1_acc: 0.7712, top5_acc: 0.9391, loss_cls: 0.7581, loss: 0.7581
2026-09-02 07:53:49,591 - pyskl - INFO - Epoch [16][800/5537]	lr: 7.499e-03, eta: 1 day, 10:34:12, time: 2.536, data_time: 0.000, memory: 5243, top1_acc: 0.7800, top5_acc: 0.9363, loss_cls: 0.7484, loss: 0.7484
2026-09-02 07:58:04,425 - pyskl - INFO - Epoch [16][900/5537]	lr: 7.472e-03, eta: 1 day, 10:29:59, time: 2.548, data_time: 0.000, memory: 5243, top1_acc: 0.7872, top5_acc: 0.9472, loss_cls: 0.6984, loss: 0.6984
2026-09-02 08:02:17,910 - pyskl - INFO - Epoch [16][1000/5537]	lr: 7.445e-03, eta: 1 day, 10:25:45, time: 2.535, data_time: 0.000, memory: 5243, top1_acc: 0.7753, top5_acc: 0.9363, loss_cls: 0.7539, loss: 0.7539
2026-09-02 08:06:31,386 - pyskl - INFO - Epoch [16][1100/5537]	lr: 7.418e-03, eta: 1 day, 10:21:31, time: 2.535, data_time: 0.000, memory: 5243, top1_acc: 0.7597, top5_acc: 0.9331, loss_cls: 0.7939, loss: 0.7939
2026-09-02 08:10:46,124 - pyskl - INFO - Epoch [16][1200/5537]	lr: 7.391e-03, eta: 1 day, 10:17:18, time: 2.547, data_time: 0.000, memory: 5243, top1_acc: 0.7691, top5_acc: 0.9334, loss_cls: 0.7689, loss: 0.7689
2026-09-02 08:14:59,890 - pyskl - INFO - Epoch [16][1300/5537]	lr: 7.364e-03, eta: 1 day, 10:13:04, time: 2.538, data_time: 0.000, memory: 5243, top1_acc: 0.7778, top5_acc: 0.9369, loss_cls: 0.7621, loss: 0.7621
2026-09-02 08:19:14,265 - pyskl - INFO - Epoch [16][1400/5537]	lr: 7.337e-03, eta: 1 day, 10:08:50, time: 2.544, data_time: 0.000, memory: 5243, top1_acc: 0.7722, top5_acc: 0.9356, loss_cls: 0.7478, loss: 0.7478
2026-09-02 08:23:28,747 - pyskl - INFO - Epoch [16][1500/5537]	lr: 7.310e-03, eta: 1 day, 10:04:37, time: 2.545, data_time: 0.000, memory: 5243, top1_acc: 0.7675, top5_acc: 0.9356, loss_cls: 0.7639, loss: 0.7639
2026-09-02 08:27:43,120 - pyskl - INFO - Epoch [16][1600/5537]	lr: 7.283e-03, eta: 1 day, 10:00:24, time: 2.544, data_time: 0.000, memory: 5243, top1_acc: 0.7719, top5_acc: 0.9322, loss_cls: 0.7631, loss: 0.7631
2026-09-02 08:31:57,076 - pyskl - INFO - Epoch [16][1700/5537]	lr: 7.257e-03, eta: 1 day, 9:56:10, time: 2.540, data_time: 0.000, memory: 5243, top1_acc: 0.7872, top5_acc: 0.9350, loss_cls: 0.7268, loss: 0.7268
2026-09-02 08:36:10,437 - pyskl - INFO - Epoch [16][1800/5537]	lr: 7.230e-03, eta: 1 day, 9:51:56, time: 2.534, data_time: 0.000, memory: 5243, top1_acc: 0.7850, top5_acc: 0.9434, loss_cls: 0.7198, loss: 0.7198
2026-09-02 08:40:25,038 - pyskl - INFO - Epoch [16][1900/5537]	lr: 7.203e-03, eta: 1 day, 9:47:42, time: 2.546, data_time: 0.000, memory: 5243, top1_acc: 0.7684, top5_acc: 0.9341, loss_cls: 0.7729, loss: 0.7729
2026-09-02 08:44:38,565 - pyskl - INFO - Epoch [16][2000/5537]	lr: 7.176e-03, eta: 1 day, 9:43:28, time: 2.535, data_time: 0.000, memory: 5243, top1_acc: 0.7844, top5_acc: 0.9472, loss_cls: 0.7112, loss: 0.7112
2026-09-02 08:48:52,270 - pyskl - INFO - Epoch [16][2100/5537]	lr: 7.150e-03, eta: 1 day, 9:39:14, time: 2.537, data_time: 0.000, memory: 5243, top1_acc: 0.7625, top5_acc: 0.9397, loss_cls: 0.7566, loss: 0.7566
2026-09-02 08:53:06,813 - pyskl - INFO - Epoch [16][2200/5537]	lr: 7.123e-03, eta: 1 day, 9:35:01, time: 2.545, data_time: 0.000, memory: 5243, top1_acc: 0.7828, top5_acc: 0.9378, loss_cls: 0.7282, loss: 0.7282
2026-09-02 08:57:20,619 - pyskl - INFO - Epoch [16][2300/5537]	lr: 7.096e-03, eta: 1 day, 9:30:47, time: 2.538, data_time: 0.000, memory: 5243, top1_acc: 0.7897, top5_acc: 0.9463, loss_cls: 0.7021, loss: 0.7021
2026-09-02 09:01:34,070 - pyskl - INFO - Epoch [16][2400/5537]	lr: 7.070e-03, eta: 1 day, 9:26:33, time: 2.535, data_time: 0.000, memory: 5243, top1_acc: 0.7772, top5_acc: 0.9400, loss_cls: 0.7457, loss: 0.7457
2026-09-02 09:05:48,653 - pyskl - INFO - Epoch [16][2500/5537]	lr: 7.043e-03, eta: 1 day, 9:22:20, time: 2.546, data_time: 0.000, memory: 5243, top1_acc: 0.7738, top5_acc: 0.9334, loss_cls: 0.7644, loss: 0.7644
2026-09-02 09:10:03,745 - pyskl - INFO - Epoch [16][2600/5537]	lr: 7.016e-03, eta: 1 day, 9:18:07, time: 2.551, data_time: 0.000, memory: 5243, top1_acc: 0.7825, top5_acc: 0.9428, loss_cls: 0.7346, loss: 0.7346
2026-09-02 09:14:17,308 - pyskl - INFO - Epoch [16][2700/5537]	lr: 6.990e-03, eta: 1 day, 9:13:53, time: 2.536, data_time: 0.000, memory: 5243, top1_acc: 0.7772, top5_acc: 0.9366, loss_cls: 0.7414, loss: 0.7414
2026-09-02 09:18:31,620 - pyskl - INFO - Epoch [16][2800/5537]	lr: 6.963e-03, eta: 1 day, 9:09:39, time: 2.543, data_time: 0.000, memory: 5243, top1_acc: 0.7703, top5_acc: 0.9372, loss_cls: 0.7649, loss: 0.7649
2026-09-02 09:22:46,367 - pyskl - INFO - Epoch [16][2900/5537]	lr: 6.937e-03, eta: 1 day, 9:05:26, time: 2.547, data_time: 0.000, memory: 5243, top1_acc: 0.7712, top5_acc: 0.9481, loss_cls: 0.7226, loss: 0.7226
2026-09-02 09:26:59,750 - pyskl - INFO - Epoch [16][3000/5537]	lr: 6.910e-03, eta: 1 day, 9:01:12, time: 2.534, data_time: 0.000, memory: 5243, top1_acc: 0.7762, top5_acc: 0.9409, loss_cls: 0.7347, loss: 0.7347
2026-09-02 09:31:13,739 - pyskl - INFO - Epoch [16][3100/5537]	lr: 6.884e-03, eta: 1 day, 8:56:58, time: 2.540, data_time: 0.000, memory: 5243, top1_acc: 0.7766, top5_acc: 0.9406, loss_cls: 0.7374, loss: 0.7374
2026-09-02 09:35:28,111 - pyskl - INFO - Epoch [16][3200/5537]	lr: 6.858e-03, eta: 1 day, 8:52:45, time: 2.544, data_time: 0.000, memory: 5243, top1_acc: 0.7837, top5_acc: 0.9394, loss_cls: 0.7178, loss: 0.7178
2026-09-02 09:39:42,590 - pyskl - INFO - Epoch [16][3300/5537]	lr: 6.831e-03, eta: 1 day, 8:48:31, time: 2.545, data_time: 0.000, memory: 5243, top1_acc: 0.7972, top5_acc: 0.9469, loss_cls: 0.6892, loss: 0.6892
2026-09-02 09:43:56,966 - pyskl - INFO - Epoch [16][3400/5537]	lr: 6.805e-03, eta: 1 day, 8:44:18, time: 2.544, data_time: 0.000, memory: 5243, top1_acc: 0.7859, top5_acc: 0.9381, loss_cls: 0.7387, loss: 0.7387
2026-09-02 09:48:10,605 - pyskl - INFO - Epoch [16][3500/5537]	lr: 6.779e-03, eta: 1 day, 8:40:04, time: 2.536, data_time: 0.000, memory: 5243, top1_acc: 0.7853, top5_acc: 0.9394, loss_cls: 0.7231, loss: 0.7231
2026-09-02 09:52:25,506 - pyskl - INFO - Epoch [16][3600/5537]	lr: 6.752e-03, eta: 1 day, 8:35:50, time: 2.549, data_time: 0.000, memory: 5243, top1_acc: 0.7716, top5_acc: 0.9353, loss_cls: 0.7642, loss: 0.7642
2026-09-02 09:56:39,243 - pyskl - INFO - Epoch [16][3700/5537]	lr: 6.726e-03, eta: 1 day, 8:31:37, time: 2.537, data_time: 0.000, memory: 5243, top1_acc: 0.7841, top5_acc: 0.9425, loss_cls: 0.7078, loss: 0.7078
2026-09-02 10:00:52,951 - pyskl - INFO - Epoch [16][3800/5537]	lr: 6.700e-03, eta: 1 day, 8:27:23, time: 2.537, data_time: 0.000, memory: 5243, top1_acc: 0.7709, top5_acc: 0.9397, loss_cls: 0.7454, loss: 0.7454
2026-09-02 10:05:07,054 - pyskl - INFO - Epoch [16][3900/5537]	lr: 6.674e-03, eta: 1 day, 8:23:09, time: 2.541, data_time: 0.000, memory: 5243, top1_acc: 0.7897, top5_acc: 0.9394, loss_cls: 0.7038, loss: 0.7038
2026-09-02 10:09:20,809 - pyskl - INFO - Epoch [16][4000/5537]	lr: 6.648e-03, eta: 1 day, 8:18:55, time: 2.538, data_time: 0.000, memory: 5243, top1_acc: 0.7875, top5_acc: 0.9413, loss_cls: 0.6929, loss: 0.6929
2026-09-02 10:13:35,055 - pyskl - INFO - Epoch [16][4100/5537]	lr: 6.622e-03, eta: 1 day, 8:14:41, time: 2.542, data_time: 0.000, memory: 5243, top1_acc: 0.7891, top5_acc: 0.9406, loss_cls: 0.7171, loss: 0.7171
2026-09-02 10:17:48,742 - pyskl - INFO - Epoch [16][4200/5537]	lr: 6.595e-03, eta: 1 day, 8:10:28, time: 2.537, data_time: 0.000, memory: 5243, top1_acc: 0.7697, top5_acc: 0.9372, loss_cls: 0.7564, loss: 0.7564
2026-09-02 10:22:32,282 - pyskl - INFO - Epoch [16][4300/5537]	lr: 6.569e-03, eta: 1 day, 8:06:29, time: 2.835, data_time: 0.000, memory: 5243, top1_acc: 0.7806, top5_acc: 0.9381, loss_cls: 0.7216, loss: 0.7216
2026-09-02 10:28:09,523 - pyskl - INFO - Epoch [16][4400/5537]	lr: 6.543e-03, eta: 1 day, 8:02:59, time: 3.372, data_time: 0.001, memory: 5243, top1_acc: 0.7859, top5_acc: 0.9422, loss_cls: 0.7078, loss: 0.7078
2026-09-02 10:33:47,854 - pyskl - INFO - Epoch [16][4500/5537]	lr: 6.518e-03, eta: 1 day, 7:59:28, time: 3.383, data_time: 0.000, memory: 5243, top1_acc: 0.7828, top5_acc: 0.9337, loss_cls: 0.7494, loss: 0.7494
2026-09-02 10:39:26,526 - pyskl - INFO - Epoch [16][4600/5537]	lr: 6.492e-03, eta: 1 day, 7:55:58, time: 3.387, data_time: 0.001, memory: 5243, top1_acc: 0.7775, top5_acc: 0.9356, loss_cls: 0.7446, loss: 0.7446
2026-09-02 10:45:05,868 - pyskl - INFO - Epoch [16][4700/5537]	lr: 6.466e-03, eta: 1 day, 7:52:28, time: 3.393, data_time: 0.001, memory: 5243, top1_acc: 0.7766, top5_acc: 0.9350, loss_cls: 0.7445, loss: 0.7445
2026-09-02 10:50:44,209 - pyskl - INFO - Epoch [16][4800/5537]	lr: 6.440e-03, eta: 1 day, 7:48:57, time: 3.383, data_time: 0.001, memory: 5243, top1_acc: 0.7841, top5_acc: 0.9400, loss_cls: 0.7271, loss: 0.7271
2026-09-02 10:56:21,748 - pyskl - INFO - Epoch [16][4900/5537]	lr: 6.414e-03, eta: 1 day, 7:45:25, time: 3.375, data_time: 0.001, memory: 5243, top1_acc: 0.7900, top5_acc: 0.9434, loss_cls: 0.7085, loss: 0.7085
2026-09-02 11:01:58,113 - pyskl - INFO - Epoch [16][5000/5537]	lr: 6.388e-03, eta: 1 day, 7:41:52, time: 3.364, data_time: 0.000, memory: 5243, top1_acc: 0.7934, top5_acc: 0.9447, loss_cls: 0.7036, loss: 0.7036
2026-09-02 11:07:33,129 - pyskl - INFO - Epoch [16][5100/5537]	lr: 6.362e-03, eta: 1 day, 7:38:18, time: 3.350, data_time: 0.001, memory: 5243, top1_acc: 0.7881, top5_acc: 0.9444, loss_cls: 0.7044, loss: 0.7044
2026-09-02 11:13:05,117 - pyskl - INFO - Epoch [16][5200/5537]	lr: 6.337e-03, eta: 1 day, 7:34:43, time: 3.320, data_time: 0.000, memory: 5243, top1_acc: 0.7797, top5_acc: 0.9428, loss_cls: 0.7040, loss: 0.7040
2026-09-02 11:18:27,231 - pyskl - INFO - Epoch [16][5300/5537]	lr: 6.311e-03, eta: 1 day, 7:31:02, time: 3.221, data_time: 0.001, memory: 5243, top1_acc: 0.7856, top5_acc: 0.9419, loss_cls: 0.7225, loss: 0.7225
2026-09-02 11:23:58,522 - pyskl - INFO - Epoch [16][5400/5537]	lr: 6.285e-03, eta: 1 day, 7:27:26, time: 3.313, data_time: 0.001, memory: 5243, top1_acc: 0.7756, top5_acc: 0.9434, loss_cls: 0.7458, loss: 0.7458
2026-09-02 11:29:27,016 - pyskl - INFO - Epoch [16][5500/5537]	lr: 6.260e-03, eta: 1 day, 7:23:48, time: 3.285, data_time: 0.001, memory: 5243, top1_acc: 0.7709, top5_acc: 0.9478, loss_cls: 0.7178, loss: 0.7178
2026-09-02 11:31:28,583 - pyskl - INFO - Saving checkpoint at 16 epochs
2026-09-02 11:39:18,488 - pyskl - INFO - Evaluating top_k_accuracy ...
2026-09-02 11:39:18,511 - pyskl - INFO - 
top1_acc	0.8563
top5_acc	0.9766
2026-09-02 11:39:18,511 - pyskl - INFO - Epoch(val) [16][146]	top1_acc: 0.8563, top5_acc: 0.9766
2026-09-02 11:44:53,170 - pyskl - INFO - Epoch [17][100/5537]	lr: 6.225e-03, eta: 1 day, 7:17:51, time: 3.346, data_time: 0.076, memory: 5243, top1_acc: 0.7897, top5_acc: 0.9441, loss_cls: 0.6936, loss: 0.6936
2026-09-02 11:50:18,231 - pyskl - INFO - Epoch [17][200/5537]	lr: 6.199e-03, eta: 1 day, 7:14:11, time: 3.251, data_time: 0.001, memory: 5243, top1_acc: 0.7900, top5_acc: 0.9375, loss_cls: 0.7052, loss: 0.7052
2026-09-02 11:55:47,980 - pyskl - INFO - Epoch [17][300/5537]	lr: 6.174e-03, eta: 1 day, 7:10:33, time: 3.297, data_time: 0.001, memory: 5243, top1_acc: 0.7941, top5_acc: 0.9444, loss_cls: 0.7002, loss: 0.7002
2026-09-02 12:01:13,296 - pyskl - INFO - Epoch [17][400/5537]	lr: 6.148e-03, eta: 1 day, 7:06:53, time: 3.253, data_time: 0.001, memory: 5243, top1_acc: 0.7850, top5_acc: 0.9434, loss_cls: 0.7133, loss: 0.7133
2026-09-02 12:06:49,937 - pyskl - INFO - Epoch [17][500/5537]	lr: 6.123e-03, eta: 1 day, 7:03:17, time: 3.366, data_time: 0.001, memory: 5243, top1_acc: 0.7950, top5_acc: 0.9447, loss_cls: 0.6717, loss: 0.6717
2026-09-02 12:12:28,501 - pyskl - INFO - Epoch [17][600/5537]	lr: 6.097e-03, eta: 1 day, 6:59:43, time: 3.386, data_time: 0.000, memory: 5243, top1_acc: 0.7775, top5_acc: 0.9353, loss_cls: 0.7389, loss: 0.7389
2026-09-02 12:18:13,028 - pyskl - INFO - Epoch [17][700/5537]	lr: 6.072e-03, eta: 1 day, 6:56:11, time: 3.445, data_time: 0.001, memory: 5243, top1_acc: 0.7775, top5_acc: 0.9356, loss_cls: 0.7382, loss: 0.7382
2026-09-02 12:23:55,897 - pyskl - INFO - Epoch [17][800/5537]	lr: 6.047e-03, eta: 1 day, 6:52:38, time: 3.429, data_time: 0.000, memory: 5243, top1_acc: 0.7903, top5_acc: 0.9384, loss_cls: 0.7166, loss: 0.7166
2026-09-02 12:29:31,206 - pyskl - INFO - Epoch [17][900/5537]	lr: 6.021e-03, eta: 1 day, 6:49:01, time: 3.353, data_time: 0.001, memory: 5243, top1_acc: 0.7894, top5_acc: 0.9416, loss_cls: 0.7060, loss: 0.7060
2026-09-02 12:35:15,767 - pyskl - INFO - Epoch [17][1000/5537]	lr: 5.996e-03, eta: 1 day, 6:45:29, time: 3.446, data_time: 0.000, memory: 5243, top1_acc: 0.7766, top5_acc: 0.9400, loss_cls: 0.7353, loss: 0.7353
2026-09-02 12:41:25,563 - pyskl - INFO - Epoch [17][1100/5537]	lr: 5.971e-03, eta: 1 day, 6:42:08, time: 3.698, data_time: 0.001, memory: 5243, top1_acc: 0.7966, top5_acc: 0.9509, loss_cls: 0.6728, loss: 0.6728
2026-09-02 12:47:39,709 - pyskl - INFO - Epoch [17][1200/5537]	lr: 5.946e-03, eta: 1 day, 6:38:49, time: 3.741, data_time: 0.000, memory: 5243, top1_acc: 0.7934, top5_acc: 0.9453, loss_cls: 0.7028, loss: 0.7028
2026-09-02 12:53:14,355 - pyskl - INFO - Epoch [17][1300/5537]	lr: 5.921e-03, eta: 1 day, 6:35:10, time: 3.346, data_time: 0.000, memory: 5243, top1_acc: 0.7828, top5_acc: 0.9428, loss_cls: 0.7045, loss: 0.7045
2026-09-02 12:58:14,856 - pyskl - INFO - Epoch [17][1400/5537]	lr: 5.895e-03, eta: 1 day, 6:31:15, time: 3.005, data_time: 0.000, memory: 5243, top1_acc: 0.7994, top5_acc: 0.9475, loss_cls: 0.6677, loss: 0.6677
2026-09-02 13:03:14,382 - pyskl - INFO - Epoch [17][1500/5537]	lr: 5.870e-03, eta: 1 day, 6:27:20, time: 2.995, data_time: 0.000, memory: 5243, top1_acc: 0.7919, top5_acc: 0.9419, loss_cls: 0.6906, loss: 0.6906
2026-09-02 13:08:14,928 - pyskl - INFO - Epoch [17][1600/5537]	lr: 5.845e-03, eta: 1 day, 6:23:25, time: 3.005, data_time: 0.000, memory: 5243, top1_acc: 0.7797, top5_acc: 0.9450, loss_cls: 0.7120, loss: 0.7120
2026-09-02 13:13:11,436 - pyskl - INFO - Epoch [17][1700/5537]	lr: 5.820e-03, eta: 1 day, 6:19:27, time: 2.965, data_time: 0.000, memory: 5243, top1_acc: 0.7738, top5_acc: 0.9431, loss_cls: 0.7339, loss: 0.7339
2026-09-02 13:17:35,568 - pyskl - INFO - Epoch [17][1800/5537]	lr: 5.795e-03, eta: 1 day, 6:15:15, time: 2.641, data_time: 0.000, memory: 5243, top1_acc: 0.7806, top5_acc: 0.9363, loss_cls: 0.7409, loss: 0.7409
2026-09-02 13:22:00,520 - pyskl - INFO - Epoch [17][1900/5537]	lr: 5.770e-03, eta: 1 day, 6:11:03, time: 2.650, data_time: 0.000, memory: 5243, top1_acc: 0.7847, top5_acc: 0.9425, loss_cls: 0.7188, loss: 0.7188
2026-09-02 13:26:23,984 - pyskl - INFO - Epoch [17][2000/5537]	lr: 5.746e-03, eta: 1 day, 6:06:50, time: 2.635, data_time: 0.000, memory: 5243, top1_acc: 0.7947, top5_acc: 0.9450, loss_cls: 0.6918, loss: 0.6918
2026-09-02 13:30:46,003 - pyskl - INFO - Epoch [17][2100/5537]	lr: 5.721e-03, eta: 1 day, 6:02:36, time: 2.620, data_time: 0.000, memory: 5243, top1_acc: 0.7781, top5_acc: 0.9394, loss_cls: 0.7406, loss: 0.7406
2026-09-02 13:35:07,957 - pyskl - INFO - Epoch [17][2200/5537]	lr: 5.696e-03, eta: 1 day, 5:58:22, time: 2.620, data_time: 0.000, memory: 5243, top1_acc: 0.7887, top5_acc: 0.9394, loss_cls: 0.7077, loss: 0.7077
2026-09-02 13:39:48,346 - pyskl - INFO - Epoch [17][2300/5537]	lr: 5.671e-03, eta: 1 day, 5:54:17, time: 2.804, data_time: 0.000, memory: 5243, top1_acc: 0.7828, top5_acc: 0.9441, loss_cls: 0.7070, loss: 0.7070
2026-09-02 13:44:22,642 - pyskl - INFO - Epoch [17][2400/5537]	lr: 5.646e-03, eta: 1 day, 5:50:09, time: 2.743, data_time: 0.000, memory: 5243, top1_acc: 0.7941, top5_acc: 0.9419, loss_cls: 0.6705, loss: 0.6705
2026-09-02 13:50:00,326 - pyskl - INFO - Epoch [17][2500/5537]	lr: 5.622e-03, eta: 1 day, 5:46:30, time: 3.377, data_time: 0.001, memory: 5243, top1_acc: 0.8022, top5_acc: 0.9409, loss_cls: 0.6892, loss: 0.6892
2026-09-02 13:55:38,444 - pyskl - INFO - Epoch [17][2600/5537]	lr: 5.597e-03, eta: 1 day, 5:42:51, time: 3.381, data_time: 0.000, memory: 5243, top1_acc: 0.8041, top5_acc: 0.9375, loss_cls: 0.6882, loss: 0.6882
2026-09-02 14:01:15,031 - pyskl - INFO - Epoch [17][2700/5537]	lr: 5.572e-03, eta: 1 day, 5:39:11, time: 3.366, data_time: 0.001, memory: 5243, top1_acc: 0.7900, top5_acc: 0.9419, loss_cls: 0.7092, loss: 0.7092
2026-09-02 14:06:53,548 - pyskl - INFO - Epoch [17][2800/5537]	lr: 5.548e-03, eta: 1 day, 5:35:31, time: 3.385, data_time: 0.001, memory: 5243, top1_acc: 0.8016, top5_acc: 0.9422, loss_cls: 0.6854, loss: 0.6854
2026-09-02 14:12:35,054 - pyskl - INFO - Epoch [17][2900/5537]	lr: 5.523e-03, eta: 1 day, 5:31:53, time: 3.415, data_time: 0.000, memory: 5243, top1_acc: 0.8006, top5_acc: 0.9475, loss_cls: 0.6700, loss: 0.6700
2026-09-02 14:18:18,328 - pyskl - INFO - Epoch [17][3000/5537]	lr: 5.499e-03, eta: 1 day, 5:28:15, time: 3.433, data_time: 0.001, memory: 5243, top1_acc: 0.7947, top5_acc: 0.9419, loss_cls: 0.6711, loss: 0.6711
2026-09-02 14:23:59,497 - pyskl - INFO - Epoch [17][3100/5537]	lr: 5.474e-03, eta: 1 day, 5:24:36, time: 3.412, data_time: 0.001, memory: 5243, top1_acc: 0.7934, top5_acc: 0.9453, loss_cls: 0.6870, loss: 0.6870
2026-09-02 14:29:37,979 - pyskl - INFO - Epoch [17][3200/5537]	lr: 5.450e-03, eta: 1 day, 5:20:55, time: 3.385, data_time: 0.001, memory: 5243, top1_acc: 0.7900, top5_acc: 0.9428, loss_cls: 0.6972, loss: 0.6972
2026-09-02 14:35:15,650 - pyskl - INFO - Epoch [17][3300/5537]	lr: 5.426e-03, eta: 1 day, 5:17:14, time: 3.377, data_time: 0.000, memory: 5243, top1_acc: 0.7966, top5_acc: 0.9419, loss_cls: 0.6964, loss: 0.6964
2026-09-02 14:40:41,967 - pyskl - INFO - Epoch [17][3400/5537]	lr: 5.401e-03, eta: 1 day, 5:13:28, time: 3.263, data_time: 0.000, memory: 5243, top1_acc: 0.8094, top5_acc: 0.9466, loss_cls: 0.6526, loss: 0.6526
2026-09-02 14:46:23,069 - pyskl - INFO - Epoch [17][3500/5537]	lr: 5.377e-03, eta: 1 day, 5:09:48, time: 3.411, data_time: 0.000, memory: 5243, top1_acc: 0.7978, top5_acc: 0.9503, loss_cls: 0.6578, loss: 0.6578
2026-09-02 14:51:06,809 - pyskl - INFO - Epoch [17][3600/5537]	lr: 5.353e-03, eta: 1 day, 5:05:42, time: 2.837, data_time: 0.000, memory: 5243, top1_acc: 0.7906, top5_acc: 0.9413, loss_cls: 0.7048, loss: 0.7048
2026-09-02 14:56:16,801 - pyskl - INFO - Epoch [17][3700/5537]	lr: 5.328e-03, eta: 1 day, 5:01:48, time: 3.100, data_time: 0.000, memory: 5243, top1_acc: 0.7972, top5_acc: 0.9441, loss_cls: 0.6811, loss: 0.6811
2026-09-02 15:01:52,071 - pyskl - INFO - Epoch [17][3800/5537]	lr: 5.304e-03, eta: 1 day, 4:58:04, time: 3.353, data_time: 0.000, memory: 5243, top1_acc: 0.8000, top5_acc: 0.9500, loss_cls: 0.6595, loss: 0.6595
2026-09-02 15:07:27,106 - pyskl - INFO - Epoch [17][3900/5537]	lr: 5.280e-03, eta: 1 day, 4:54:21, time: 3.350, data_time: 0.001, memory: 5243, top1_acc: 0.7956, top5_acc: 0.9419, loss_cls: 0.6819, loss: 0.6819
2026-09-02 15:13:00,015 - pyskl - INFO - Epoch [17][4000/5537]	lr: 5.256e-03, eta: 1 day, 4:50:36, time: 3.329, data_time: 0.000, memory: 5243, top1_acc: 0.7916, top5_acc: 0.9437, loss_cls: 0.7061, loss: 0.7061
2026-09-02 15:18:36,258 - pyskl - INFO - Epoch [17][4100/5537]	lr: 5.232e-03, eta: 1 day, 4:46:52, time: 3.362, data_time: 0.000, memory: 5243, top1_acc: 0.8041, top5_acc: 0.9450, loss_cls: 0.6693, loss: 0.6693
2026-09-02 15:24:11,336 - pyskl - INFO - Epoch [17][4200/5537]	lr: 5.208e-03, eta: 1 day, 4:43:08, time: 3.351, data_time: 0.001, memory: 5243, top1_acc: 0.7894, top5_acc: 0.9441, loss_cls: 0.6942, loss: 0.6942
2026-09-02 15:29:46,625 - pyskl - INFO - Epoch [17][4300/5537]	lr: 5.184e-03, eta: 1 day, 4:39:23, time: 3.353, data_time: 0.000, memory: 5243, top1_acc: 0.7922, top5_acc: 0.9344, loss_cls: 0.6835, loss: 0.6835
2026-09-02 15:35:28,988 - pyskl - INFO - Epoch [17][4400/5537]	lr: 5.160e-03, eta: 1 day, 4:35:42, time: 3.424, data_time: 0.001, memory: 5243, top1_acc: 0.7913, top5_acc: 0.9428, loss_cls: 0.6934, loss: 0.6934
2026-09-02 15:41:05,401 - pyskl - INFO - Epoch [17][4500/5537]	lr: 5.136e-03, eta: 1 day, 4:31:57, time: 3.364, data_time: 0.000, memory: 5243, top1_acc: 0.7922, top5_acc: 0.9481, loss_cls: 0.7003, loss: 0.7003
2026-09-02 15:46:43,804 - pyskl - INFO - Epoch [17][4600/5537]	lr: 5.112e-03, eta: 1 day, 4:28:13, time: 3.384, data_time: 0.000, memory: 5243, top1_acc: 0.7922, top5_acc: 0.9416, loss_cls: 0.6972, loss: 0.6972
2026-09-02 15:52:23,603 - pyskl - INFO - Epoch [17][4700/5537]	lr: 5.088e-03, eta: 1 day, 4:24:30, time: 3.398, data_time: 0.000, memory: 5243, top1_acc: 0.7947, top5_acc: 0.9425, loss_cls: 0.6888, loss: 0.6888
2026-09-02 15:57:59,438 - pyskl - INFO - Epoch [17][4800/5537]	lr: 5.065e-03, eta: 1 day, 4:20:44, time: 3.358, data_time: 0.000, memory: 5243, top1_acc: 0.7984, top5_acc: 0.9494, loss_cls: 0.6564, loss: 0.6564
2026-09-02 16:03:20,864 - pyskl - INFO - Epoch [17][4900/5537]	lr: 5.041e-03, eta: 1 day, 4:16:52, time: 3.214, data_time: 0.000, memory: 5243, top1_acc: 0.7913, top5_acc: 0.9466, loss_cls: 0.6808, loss: 0.6808
2026-09-02 16:09:07,099 - pyskl - INFO - Epoch [17][5000/5537]	lr: 5.017e-03, eta: 1 day, 4:13:11, time: 3.462, data_time: 0.000, memory: 5243, top1_acc: 0.7966, top5_acc: 0.9481, loss_cls: 0.6676, loss: 0.6676
2026-09-02 16:14:58,520 - pyskl - INFO - Epoch [17][5100/5537]	lr: 4.994e-03, eta: 1 day, 4:09:31, time: 3.514, data_time: 0.001, memory: 5243, top1_acc: 0.7906, top5_acc: 0.9472, loss_cls: 0.6810, loss: 0.6810
2026-09-02 16:20:45,012 - pyskl - INFO - Epoch [17][5200/5537]	lr: 4.970e-03, eta: 1 day, 4:05:49, time: 3.465, data_time: 0.000, memory: 5243, top1_acc: 0.7900, top5_acc: 0.9466, loss_cls: 0.6692, loss: 0.6692
2026-09-02 16:26:26,640 - pyskl - INFO - Epoch [17][5300/5537]	lr: 4.946e-03, eta: 1 day, 4:02:05, time: 3.416, data_time: 0.000, memory: 5243, top1_acc: 0.7925, top5_acc: 0.9437, loss_cls: 0.6811, loss: 0.6811
2026-09-02 16:32:10,168 - pyskl - INFO - Epoch [17][5400/5537]	lr: 4.923e-03, eta: 1 day, 3:58:21, time: 3.435, data_time: 0.000, memory: 5243, top1_acc: 0.8000, top5_acc: 0.9447, loss_cls: 0.6681, loss: 0.6681
2026-09-02 16:37:51,645 - pyskl - INFO - Epoch [17][5500/5537]	lr: 4.899e-03, eta: 1 day, 3:54:36, time: 3.415, data_time: 0.000, memory: 5243, top1_acc: 0.7922, top5_acc: 0.9437, loss_cls: 0.6873, loss: 0.6873
2026-09-02 16:39:58,218 - pyskl - INFO - Saving checkpoint at 17 epochs
2026-09-02 16:47:55,142 - pyskl - INFO - Evaluating top_k_accuracy ...
2026-09-02 16:47:55,164 - pyskl - INFO - 
top1_acc	0.8668
top5_acc	0.9787
2026-09-02 16:47:55,165 - pyskl - INFO - The previous best checkpoint D:\YxjProject\pythonProject\pyskl\work_dirs\aug_baseline\stgcnpp_j\train\A6_mixed_e24\best_top1_acc_epoch_15.pth was removed
2026-09-02 16:47:55,475 - pyskl - INFO - Now best checkpoint is saved as best_top1_acc_epoch_17.pth.
2026-09-02 16:47:55,475 - pyskl - INFO - Best top1_acc is 0.8668 at 17 epoch.
2026-09-02 16:47:55,476 - pyskl - INFO - Epoch(val) [17][146]	top1_acc: 0.8668, top5_acc: 0.9787
2026-09-02 16:53:39,903 - pyskl - INFO - Epoch [18][100/5537]	lr: 4.867e-03, eta: 1 day, 3:48:37, time: 3.444, data_time: 0.087, memory: 5243, top1_acc: 0.7950, top5_acc: 0.9437, loss_cls: 0.6841, loss: 0.6841
2026-09-02 16:59:28,067 - pyskl - INFO - Epoch [18][200/5537]	lr: 4.844e-03, eta: 1 day, 3:44:55, time: 3.482, data_time: 0.000, memory: 5243, top1_acc: 0.8097, top5_acc: 0.9537, loss_cls: 0.6239, loss: 0.6239
2026-09-02 17:04:44,794 - pyskl - INFO - Epoch [18][300/5537]	lr: 4.821e-03, eta: 1 day, 3:40:59, time: 3.167, data_time: 0.001, memory: 5243, top1_acc: 0.8081, top5_acc: 0.9469, loss_cls: 0.6683, loss: 0.6683
2026-09-02 17:09:58,636 - pyskl - INFO - Epoch [18][400/5537]	lr: 4.797e-03, eta: 1 day, 3:37:02, time: 3.138, data_time: 0.000, memory: 5243, top1_acc: 0.8103, top5_acc: 0.9478, loss_cls: 0.6421, loss: 0.6421
2026-09-02 17:15:11,645 - pyskl - INFO - Epoch [18][500/5537]	lr: 4.774e-03, eta: 1 day, 3:33:05, time: 3.130, data_time: 0.000, memory: 5243, top1_acc: 0.8072, top5_acc: 0.9531, loss_cls: 0.6312, loss: 0.6312
2026-09-02 17:20:22,480 - pyskl - INFO - Epoch [18][600/5537]	lr: 4.751e-03, eta: 1 day, 3:29:06, time: 3.108, data_time: 0.001, memory: 5243, top1_acc: 0.8009, top5_acc: 0.9447, loss_cls: 0.6494, loss: 0.6494
2026-09-02 17:25:35,732 - pyskl - INFO - Epoch [18][700/5537]	lr: 4.728e-03, eta: 1 day, 3:25:09, time: 3.133, data_time: 0.001, memory: 5243, top1_acc: 0.8103, top5_acc: 0.9525, loss_cls: 0.6339, loss: 0.6339
2026-09-02 17:30:50,389 - pyskl - INFO - Epoch [18][800/5537]	lr: 4.705e-03, eta: 1 day, 3:21:11, time: 3.147, data_time: 0.000, memory: 5243, top1_acc: 0.8006, top5_acc: 0.9519, loss_cls: 0.6511, loss: 0.6511
2026-09-02 17:36:04,289 - pyskl - INFO - Epoch [18][900/5537]	lr: 4.681e-03, eta: 1 day, 3:17:14, time: 3.139, data_time: 0.000, memory: 5243, top1_acc: 0.8084, top5_acc: 0.9478, loss_cls: 0.6550, loss: 0.6550
2026-09-02 17:41:17,577 - pyskl - INFO - Epoch [18][1000/5537]	lr: 4.658e-03, eta: 1 day, 3:13:16, time: 3.133, data_time: 0.000, memory: 5243, top1_acc: 0.7881, top5_acc: 0.9475, loss_cls: 0.6918, loss: 0.6918
2026-09-02 17:46:33,261 - pyskl - INFO - Epoch [18][1100/5537]	lr: 4.635e-03, eta: 1 day, 3:09:18, time: 3.157, data_time: 0.000, memory: 5243, top1_acc: 0.7997, top5_acc: 0.9441, loss_cls: 0.6829, loss: 0.6829
2026-09-02 17:51:49,190 - pyskl - INFO - Epoch [18][1200/5537]	lr: 4.612e-03, eta: 1 day, 3:05:21, time: 3.159, data_time: 0.000, memory: 5243, top1_acc: 0.7981, top5_acc: 0.9450, loss_cls: 0.6658, loss: 0.6658
2026-09-02 17:56:19,160 - pyskl - INFO - Epoch [18][1300/5537]	lr: 4.590e-03, eta: 1 day, 3:01:05, time: 2.700, data_time: 0.000, memory: 5243, top1_acc: 0.7959, top5_acc: 0.9422, loss_cls: 0.6825, loss: 0.6825
2026-09-02 18:00:34,906 - pyskl - INFO - Epoch [18][1400/5537]	lr: 4.567e-03, eta: 1 day, 2:56:44, time: 2.557, data_time: 0.000, memory: 5243, top1_acc: 0.8025, top5_acc: 0.9459, loss_cls: 0.6651, loss: 0.6651
2026-09-02 18:04:51,868 - pyskl - INFO - Epoch [18][1500/5537]	lr: 4.544e-03, eta: 1 day, 2:52:23, time: 2.570, data_time: 0.000, memory: 5243, top1_acc: 0.8084, top5_acc: 0.9475, loss_cls: 0.6513, loss: 0.6513
2026-09-02 18:09:06,983 - pyskl - INFO - Epoch [18][1600/5537]	lr: 4.521e-03, eta: 1 day, 2:48:02, time: 2.551, data_time: 0.001, memory: 5243, top1_acc: 0.8116, top5_acc: 0.9463, loss_cls: 0.6447, loss: 0.6447
2026-09-02 18:13:23,861 - pyskl - INFO - Epoch [18][1700/5537]	lr: 4.498e-03, eta: 1 day, 2:43:41, time: 2.569, data_time: 0.000, memory: 5243, top1_acc: 0.7981, top5_acc: 0.9434, loss_cls: 0.6707, loss: 0.6707
2026-09-02 18:17:38,911 - pyskl - INFO - Epoch [18][1800/5537]	lr: 4.476e-03, eta: 1 day, 2:39:20, time: 2.550, data_time: 0.000, memory: 5243, top1_acc: 0.7987, top5_acc: 0.9484, loss_cls: 0.6584, loss: 0.6584
2026-09-02 18:21:55,051 - pyskl - INFO - Epoch [18][1900/5537]	lr: 4.453e-03, eta: 1 day, 2:34:59, time: 2.561, data_time: 0.000, memory: 5243, top1_acc: 0.8087, top5_acc: 0.9472, loss_cls: 0.6420, loss: 0.6420
2026-09-02 18:26:10,027 - pyskl - INFO - Epoch [18][2000/5537]	lr: 4.430e-03, eta: 1 day, 2:30:37, time: 2.550, data_time: 0.000, memory: 5243, top1_acc: 0.8013, top5_acc: 0.9472, loss_cls: 0.6668, loss: 0.6668
2026-09-02 18:30:25,518 - pyskl - INFO - Epoch [18][2100/5537]	lr: 4.408e-03, eta: 1 day, 2:26:16, time: 2.555, data_time: 0.000, memory: 5243, top1_acc: 0.8184, top5_acc: 0.9513, loss_cls: 0.6253, loss: 0.6253
2026-09-02 18:34:41,641 - pyskl - INFO - Epoch [18][2200/5537]	lr: 4.385e-03, eta: 1 day, 2:21:55, time: 2.561, data_time: 0.000, memory: 5243, top1_acc: 0.8063, top5_acc: 0.9513, loss_cls: 0.6401, loss: 0.6401
2026-09-02 18:38:55,752 - pyskl - INFO - Epoch [18][2300/5537]	lr: 4.363e-03, eta: 1 day, 2:17:34, time: 2.541, data_time: 0.000, memory: 5243, top1_acc: 0.8003, top5_acc: 0.9456, loss_cls: 0.6633, loss: 0.6633
2026-09-02 18:43:12,328 - pyskl - INFO - Epoch [18][2400/5537]	lr: 4.341e-03, eta: 1 day, 2:13:13, time: 2.566, data_time: 0.000, memory: 5243, top1_acc: 0.8103, top5_acc: 0.9572, loss_cls: 0.6229, loss: 0.6229
2026-09-02 18:47:29,003 - pyskl - INFO - Epoch [18][2500/5537]	lr: 4.318e-03, eta: 1 day, 2:08:52, time: 2.567, data_time: 0.000, memory: 5243, top1_acc: 0.8056, top5_acc: 0.9528, loss_cls: 0.6374, loss: 0.6374
2026-09-02 18:51:44,943 - pyskl - INFO - Epoch [18][2600/5537]	lr: 4.296e-03, eta: 1 day, 2:04:31, time: 2.559, data_time: 0.000, memory: 5243, top1_acc: 0.8125, top5_acc: 0.9491, loss_cls: 0.6158, loss: 0.6158
2026-09-02 18:56:01,193 - pyskl - INFO - Epoch [18][2700/5537]	lr: 4.274e-03, eta: 1 day, 2:00:10, time: 2.563, data_time: 0.000, memory: 5243, top1_acc: 0.8056, top5_acc: 0.9509, loss_cls: 0.6447, loss: 0.6447
2026-09-02 19:00:17,218 - pyskl - INFO - Epoch [18][2800/5537]	lr: 4.251e-03, eta: 1 day, 1:55:49, time: 2.560, data_time: 0.000, memory: 5243, top1_acc: 0.7922, top5_acc: 0.9359, loss_cls: 0.6974, loss: 0.6974
2026-09-02 19:04:33,356 - pyskl - INFO - Epoch [18][2900/5537]	lr: 4.229e-03, eta: 1 day, 1:51:28, time: 2.561, data_time: 0.000, memory: 5243, top1_acc: 0.8063, top5_acc: 0.9394, loss_cls: 0.6667, loss: 0.6667
2026-09-02 19:08:48,624 - pyskl - INFO - Epoch [18][3000/5537]	lr: 4.207e-03, eta: 1 day, 1:47:07, time: 2.553, data_time: 0.000, memory: 5243, top1_acc: 0.8025, top5_acc: 0.9441, loss_cls: 0.6609, loss: 0.6609
2026-09-02 19:13:05,053 - pyskl - INFO - Epoch [18][3100/5537]	lr: 4.185e-03, eta: 1 day, 1:42:46, time: 2.564, data_time: 0.000, memory: 5243, top1_acc: 0.8094, top5_acc: 0.9556, loss_cls: 0.6213, loss: 0.6213
2026-09-02 19:17:21,572 - pyskl - INFO - Epoch [18][3200/5537]	lr: 4.163e-03, eta: 1 day, 1:38:26, time: 2.565, data_time: 0.000, memory: 5243, top1_acc: 0.8028, top5_acc: 0.9472, loss_cls: 0.6513, loss: 0.6513
2026-09-02 19:21:37,012 - pyskl - INFO - Epoch [18][3300/5537]	lr: 4.141e-03, eta: 1 day, 1:34:05, time: 2.554, data_time: 0.000, memory: 5243, top1_acc: 0.8150, top5_acc: 0.9450, loss_cls: 0.6393, loss: 0.6393
2026-09-02 19:25:53,501 - pyskl - INFO - Epoch [18][3400/5537]	lr: 4.119e-03, eta: 1 day, 1:29:44, time: 2.565, data_time: 0.000, memory: 5243, top1_acc: 0.8019, top5_acc: 0.9494, loss_cls: 0.6443, loss: 0.6443
2026-09-02 19:30:10,797 - pyskl - INFO - Epoch [18][3500/5537]	lr: 4.097e-03, eta: 1 day, 1:25:24, time: 2.573, data_time: 0.000, memory: 5243, top1_acc: 0.8044, top5_acc: 0.9478, loss_cls: 0.6587, loss: 0.6587
2026-09-02 19:34:27,215 - pyskl - INFO - Epoch [18][3600/5537]	lr: 4.075e-03, eta: 1 day, 1:21:03, time: 2.564, data_time: 0.000, memory: 5243, top1_acc: 0.8094, top5_acc: 0.9487, loss_cls: 0.6435, loss: 0.6435
2026-09-02 19:38:42,874 - pyskl - INFO - Epoch [18][3700/5537]	lr: 4.053e-03, eta: 1 day, 1:16:42, time: 2.557, data_time: 0.000, memory: 5243, top1_acc: 0.8056, top5_acc: 0.9506, loss_cls: 0.6388, loss: 0.6388
2026-09-02 19:42:59,589 - pyskl - INFO - Epoch [18][3800/5537]	lr: 4.032e-03, eta: 1 day, 1:12:21, time: 2.567, data_time: 0.000, memory: 5243, top1_acc: 0.8075, top5_acc: 0.9478, loss_cls: 0.6456, loss: 0.6456
2026-09-02 19:47:16,261 - pyskl - INFO - Epoch [18][3900/5537]	lr: 4.010e-03, eta: 1 day, 1:08:01, time: 2.567, data_time: 0.000, memory: 5243, top1_acc: 0.8056, top5_acc: 0.9491, loss_cls: 0.6489, loss: 0.6489
2026-09-02 19:51:32,031 - pyskl - INFO - Epoch [18][4000/5537]	lr: 3.988e-03, eta: 1 day, 1:03:40, time: 2.558, data_time: 0.000, memory: 5243, top1_acc: 0.8078, top5_acc: 0.9450, loss_cls: 0.6468, loss: 0.6468
2026-09-02 19:55:48,934 - pyskl - INFO - Epoch [18][4100/5537]	lr: 3.967e-03, eta: 1 day, 0:59:19, time: 2.569, data_time: 0.000, memory: 5243, top1_acc: 0.8147, top5_acc: 0.9459, loss_cls: 0.6477, loss: 0.6477
2026-09-02 20:00:05,779 - pyskl - INFO - Epoch [18][4200/5537]	lr: 3.945e-03, eta: 1 day, 0:54:59, time: 2.568, data_time: 0.000, memory: 5243, top1_acc: 0.8084, top5_acc: 0.9481, loss_cls: 0.6508, loss: 0.6508
2026-09-02 20:04:21,872 - pyskl - INFO - Epoch [18][4300/5537]	lr: 3.924e-03, eta: 1 day, 0:50:38, time: 2.561, data_time: 0.000, memory: 5243, top1_acc: 0.8069, top5_acc: 0.9556, loss_cls: 0.6281, loss: 0.6281
2026-09-02 20:08:37,206 - pyskl - INFO - Epoch [18][4400/5537]	lr: 3.902e-03, eta: 1 day, 0:46:17, time: 2.553, data_time: 0.000, memory: 5243, top1_acc: 0.8184, top5_acc: 0.9537, loss_cls: 0.6147, loss: 0.6147
2026-09-02 20:12:53,609 - pyskl - INFO - Epoch [18][4500/5537]	lr: 3.881e-03, eta: 1 day, 0:41:56, time: 2.564, data_time: 0.000, memory: 5243, top1_acc: 0.8044, top5_acc: 0.9481, loss_cls: 0.6440, loss: 0.6440
2026-09-02 20:17:10,260 - pyskl - INFO - Epoch [18][4600/5537]	lr: 3.859e-03, eta: 1 day, 0:37:36, time: 2.566, data_time: 0.000, memory: 5243, top1_acc: 0.8200, top5_acc: 0.9478, loss_cls: 0.6171, loss: 0.6171
2026-09-02 20:21:30,196 - pyskl - INFO - Epoch [18][4700/5537]	lr: 3.838e-03, eta: 1 day, 0:33:16, time: 2.599, data_time: 0.000, memory: 5243, top1_acc: 0.8097, top5_acc: 0.9513, loss_cls: 0.6296, loss: 0.6296
2026-09-02 20:26:58,439 - pyskl - INFO - Epoch [18][4800/5537]	lr: 3.817e-03, eta: 1 day, 0:29:20, time: 3.282, data_time: 0.001, memory: 5243, top1_acc: 0.8072, top5_acc: 0.9519, loss_cls: 0.6364, loss: 0.6364
2026-09-02 20:32:27,912 - pyskl - INFO - Epoch [18][4900/5537]	lr: 3.795e-03, eta: 1 day, 0:25:25, time: 3.295, data_time: 0.000, memory: 5243, top1_acc: 0.8116, top5_acc: 0.9553, loss_cls: 0.6178, loss: 0.6178
2026-09-02 20:37:58,030 - pyskl - INFO - Epoch [18][5000/5537]	lr: 3.774e-03, eta: 1 day, 0:21:29, time: 3.301, data_time: 0.001, memory: 5243, top1_acc: 0.8106, top5_acc: 0.9487, loss_cls: 0.6216, loss: 0.6216
2026-09-02 20:43:26,472 - pyskl - INFO - Epoch [18][5100/5537]	lr: 3.753e-03, eta: 1 day, 0:17:33, time: 3.284, data_time: 0.001, memory: 5243, top1_acc: 0.8059, top5_acc: 0.9487, loss_cls: 0.6463, loss: 0.6463
2026-09-02 20:48:50,331 - pyskl - INFO - Epoch [18][5200/5537]	lr: 3.732e-03, eta: 1 day, 0:13:34, time: 3.239, data_time: 0.001, memory: 5243, top1_acc: 0.8213, top5_acc: 0.9494, loss_cls: 0.6295, loss: 0.6295
2026-09-02 20:54:17,133 - pyskl - INFO - Epoch [18][5300/5537]	lr: 3.711e-03, eta: 1 day, 0:09:37, time: 3.268, data_time: 0.001, memory: 5243, top1_acc: 0.8059, top5_acc: 0.9472, loss_cls: 0.6407, loss: 0.6407
