2026-08-27 20:20:00,528 - pyskl - INFO - Environment info:
------------------------------------------------------------
sys.platform: win32
Python: 3.10.20 | packaged by Anaconda, Inc. | (main, Jun 11 2026, 15:13:20) [MSC v.1942 64 bit (AMD64)]
CUDA available: True
GPU 0: NVIDIA GeForce RTX 4090
CUDA_HOME: C:\Program Files\NVIDIA GPU Computing Toolkit\CUDA\v12.6
NVCC: Cuda compilation tools, release 12.6, V12.6.20
MSVC: 用于 x64 的 Microsoft (R) C/C++ 优化编译器 19.41.34120 版
GCC: n/a
PyTorch: 1.12.1
PyTorch compiling details: PyTorch built with:
  - C++ Version: 199711
  - MSVC 192829337
  - Intel(R) Math Kernel Library Version 2020.0.2 Product Build 20200624 for Intel(R) 64 architecture applications
  - Intel(R) MKL-DNN v2.6.0 (Git Hash 52b5f107dd9cf10910aaa19cb47f3abf9b349815)
  - OpenMP 2019
  - LAPACK is enabled (usually provided by MKL)
  - CPU capability usage: AVX2
  - CUDA Runtime 11.3
  - NVCC architecture flags: -gencode;arch=compute_37,code=sm_37;-gencode;arch=compute_50,code=sm_50;-gencode;arch=compute_60,code=sm_60;-gencode;arch=compute_61,code=sm_61;-gencode;arch=compute_70,code=sm_70;-gencode;arch=compute_75,code=sm_75;-gencode;arch=compute_80,code=sm_80;-gencode;arch=compute_86,code=sm_86;-gencode;arch=compute_37,code=compute_37
  - CuDNN 8.3.2  (built against CUDA 11.5)
  - Magma 2.5.4
  - Build settings: BLAS_INFO=mkl, BUILD_TYPE=Release, CUDA_VERSION=11.3, CUDNN_VERSION=8.3.2, CXX_COMPILER=C:/cb/pytorch_1000000000000/work/tmp_bin/sccache-cl.exe, CXX_FLAGS=/DWIN32 /D_WINDOWS /GR /EHsc /w /bigobj -DUSE_PTHREADPOOL -openmp:experimental -IC:/cb/pytorch_1000000000000/work/mkl/include -DNDEBUG -DUSE_KINETO -DLIBKINETO_NOCUPTI -DUSE_FBGEMM -DUSE_XNNPACK -DSYMBOLICATE_MOBILE_DEBUG_HANDLE -DEDGE_PROFILER_USE_KINETO, LAPACK_INFO=mkl, PERF_WITH_AVX=1, PERF_WITH_AVX2=1, PERF_WITH_AVX512=1, TORCH_VERSION=1.12.1, USE_CUDA=ON, USE_CUDNN=ON, USE_EXCEPTION_PTR=1, USE_GFLAGS=OFF, USE_GLOG=OFF, USE_MKL=ON, USE_MKLDNN=OFF, USE_MPI=OFF, USE_NCCL=OFF, USE_NNPACK=OFF, USE_OPENMP=ON, USE_ROCM=OFF, 

TorchVision: 0.13.1
OpenCV: 5.0.0
MMCV: 1.7.0
MMCV Compiler: MSVC 192829924
MMCV CUDA Compiler: 11.3
pyskl: 0.1.0+unknown
------------------------------------------------------------

2026-08-27 20:20:00,644 - pyskl - INFO - Config: model = dict(
    type='RecognizerGCN',
    backbone=dict(
        type='STGCN',
        gcn_adaptive='init',
        gcn_with_res=True,
        tcn_type='mstcn',
        graph_cfg=dict(layout='nturgb+d', mode='spatial')),
    cls_head=dict(type='GCNHead', num_classes=60, in_channels=256))
dataset_type = 'PoseDataset'
ann_file = 'data/nturgbd/ntu60_inner_split.pkl'
train_pipeline = [
    dict(type='PreNormalize3D'),
    dict(
        type='RandomSkeletonDegrade',
        degrade_type='mixed',
        prob=1.0,
        dataset='nturgb+d',
        severity_sampling='S3',
        mixed_apply_prob=0.5),
    dict(type='GenSkeFeat', dataset='nturgb+d', feats=['j']),
    dict(type='UniformSample', clip_len=100),
    dict(type='PoseDecode'),
    dict(type='FormatGCNInput', num_person=2),
    dict(type='Collect', keys=['keypoint', 'label'], meta_keys=[]),
    dict(type='ToTensor', keys=['keypoint'])
]
val_pipeline = [
    dict(type='PreNormalize3D'),
    dict(type='GenSkeFeat', dataset='nturgb+d', feats=['j']),
    dict(type='UniformSample', clip_len=100, num_clips=1),
    dict(type='PoseDecode'),
    dict(type='FormatGCNInput', num_person=2),
    dict(type='Collect', keys=['keypoint', 'label'], meta_keys=[]),
    dict(type='ToTensor', keys=['keypoint'])
]
test_pipeline = [
    dict(type='PreNormalize3D'),
    dict(type='GenSkeFeat', dataset='nturgb+d', feats=['j']),
    dict(type='UniformSample', clip_len=100, num_clips=10, seed=255),
    dict(type='PoseDecode'),
    dict(type='FormatGCNInput', num_person=2),
    dict(type='Collect', keys=['keypoint', 'label'], meta_keys=[]),
    dict(type='ToTensor', keys=['keypoint'])
]
data = dict(
    videos_per_gpu=32,
    workers_per_gpu=2,
    test_dataloader=dict(videos_per_gpu=1),
    train=dict(
        type='RepeatDataset',
        times=5,
        dataset=dict(
            type='PoseDataset',
            ann_file='data/nturgbd/ntu60_inner_split.pkl',
            pipeline=[
                dict(type='PreNormalize3D'),
                dict(
                    type='RandomSkeletonDegrade',
                    degrade_type='mixed',
                    prob=1.0,
                    dataset='nturgb+d',
                    severity_sampling='S3',
                    mixed_apply_prob=0.5),
                dict(type='GenSkeFeat', dataset='nturgb+d', feats=['j']),
                dict(type='UniformSample', clip_len=100),
                dict(type='PoseDecode'),
                dict(type='FormatGCNInput', num_person=2),
                dict(type='Collect', keys=['keypoint', 'label'], meta_keys=[]),
                dict(type='ToTensor', keys=['keypoint'])
            ],
            split='inner_train')),
    val=dict(
        type='PoseDataset',
        ann_file='data/nturgbd/ntu60_inner_split.pkl',
        pipeline=[
            dict(type='PreNormalize3D'),
            dict(type='GenSkeFeat', dataset='nturgb+d', feats=['j']),
            dict(type='UniformSample', clip_len=100, num_clips=1),
            dict(type='PoseDecode'),
            dict(type='FormatGCNInput', num_person=2),
            dict(type='Collect', keys=['keypoint', 'label'], meta_keys=[]),
            dict(type='ToTensor', keys=['keypoint'])
        ],
        split='inner_val'),
    test=dict(
        type='PoseDataset',
        ann_file='data/nturgbd/ntu60_inner_split.pkl',
        pipeline=[
            dict(type='PreNormalize3D'),
            dict(type='GenSkeFeat', dataset='nturgb+d', feats=['j']),
            dict(type='UniformSample', clip_len=100, num_clips=10, seed=255),
            dict(type='PoseDecode'),
            dict(type='FormatGCNInput', num_person=2),
            dict(type='Collect', keys=['keypoint', 'label'], meta_keys=[]),
            dict(type='ToTensor', keys=['keypoint'])
        ],
        split='inner_val'))
optimizer = dict(
    type='SGD', lr=0.025, momentum=0.9, weight_decay=0.0005, nesterov=True)
optimizer_config = dict(grad_clip=None)
lr_config = dict(policy='CosineAnnealing', min_lr=0, by_epoch=False)
total_epochs = 16
checkpoint_config = dict(interval=1)
evaluation = dict(interval=1, metrics=['top_k_accuracy'])
log_config = dict(interval=100, hooks=[dict(type='TextLoggerHook')])
log_level = 'INFO'
work_dir = './work_dirs/aug_baseline/stgcnpp_j/train/A6_mixed'
dist_params = dict(backend='gloo')
gpu_ids = range(0, 1)

2026-08-27 20:20:00,644 - pyskl - INFO - Set random seed to 255, deterministic: True
2026-08-27 20:20:08,107 - pyskl - INFO - 35436 videos remain after valid thresholding
2026-08-27 20:20:19,479 - pyskl - INFO - 4655 videos remain after valid thresholding
2026-08-27 20:20:19,480 - pyskl - INFO - Start running, host: Administrator@D412-ASUS4090, work_dir: D:\YxjProject\pythonProject\pyskl\work_dirs\aug_baseline\stgcnpp_j\train\A6_mixed
2026-08-27 20:20:19,480 - pyskl - INFO - Hooks will be executed in the following order:
before_run:
(VERY_HIGH   ) CosineAnnealingLrUpdaterHook       
(NORMAL      ) CheckpointHook                     
(NORMAL      ) DistEvalHook                       
(VERY_LOW    ) TextLoggerHook                     
 -------------------- 
before_train_epoch:
(VERY_HIGH   ) CosineAnnealingLrUpdaterHook       
(NORMAL      ) DistSamplerSeedHook                
(NORMAL      ) DistEvalHook                       
(LOW         ) IterTimerHook                      
(VERY_LOW    ) TextLoggerHook                     
 -------------------- 
before_train_iter:
(VERY_HIGH   ) CosineAnnealingLrUpdaterHook       
(NORMAL      ) DistEvalHook                       
(LOW         ) IterTimerHook                      
 -------------------- 
after_train_iter:
(ABOVE_NORMAL) OptimizerHook                      
(NORMAL      ) CheckpointHook                     
(NORMAL      ) DistEvalHook                       
(LOW         ) IterTimerHook                      
(VERY_LOW    ) TextLoggerHook                     
 -------------------- 
after_train_epoch:
(NORMAL      ) CheckpointHook                     
(NORMAL      ) DistEvalHook                       
(VERY_LOW    ) TextLoggerHook                     
 -------------------- 
before_val_epoch:
(NORMAL      ) DistSamplerSeedHook                
(LOW         ) IterTimerHook                      
(VERY_LOW    ) TextLoggerHook                     
 -------------------- 
before_val_iter:
(LOW         ) IterTimerHook                      
 -------------------- 
after_val_iter:
(LOW         ) IterTimerHook                      
 -------------------- 
after_val_epoch:
(VERY_LOW    ) TextLoggerHook                     
 -------------------- 
after_run:
(VERY_LOW    ) TextLoggerHook                     
 -------------------- 
2026-08-27 20:20:19,480 - pyskl - INFO - workflow: [('train', 1)], max: 16 epochs
2026-08-27 20:20:19,480 - pyskl - INFO - Checkpoints will be saved to D:\YxjProject\pythonProject\pyskl\work_dirs\aug_baseline\stgcnpp_j\train\A6_mixed by HardDiskBackend.
2026-08-27 20:24:49,516 - pyskl - INFO - Epoch [1][100/5537]	lr: 2.500e-02, eta: 2 days, 18:22:38, time: 2.700, data_time: 0.078, memory: 5243, top1_acc: 0.0422, top5_acc: 0.1737, loss_cls: 3.8826, loss: 3.8826
2026-08-27 20:29:05,649 - pyskl - INFO - Epoch [1][200/5537]	lr: 2.500e-02, eta: 2 days, 16:35:43, time: 2.561, data_time: 0.000, memory: 5243, top1_acc: 0.0887, top5_acc: 0.2909, loss_cls: 3.5289, loss: 3.5289
2026-08-27 20:33:21,321 - pyskl - INFO - Epoch [1][300/5537]	lr: 2.500e-02, eta: 2 days, 15:54:59, time: 2.557, data_time: 0.000, memory: 5243, top1_acc: 0.1231, top5_acc: 0.3722, loss_cls: 3.2889, loss: 3.2889
2026-08-27 20:37:37,550 - pyskl - INFO - Epoch [1][400/5537]	lr: 2.500e-02, eta: 2 days, 15:34:32, time: 2.562, data_time: 0.000, memory: 5243, top1_acc: 0.1422, top5_acc: 0.4134, loss_cls: 3.1254, loss: 3.1254
2026-08-27 20:41:52,354 - pyskl - INFO - Epoch [1][500/5537]	lr: 2.500e-02, eta: 2 days, 15:16:22, time: 2.548, data_time: 0.000, memory: 5243, top1_acc: 0.1684, top5_acc: 0.4959, loss_cls: 2.9501, loss: 2.9501
2026-08-27 20:46:08,427 - pyskl - INFO - Epoch [1][600/5537]	lr: 2.500e-02, eta: 2 days, 15:05:57, time: 2.561, data_time: 0.000, memory: 5243, top1_acc: 0.2044, top5_acc: 0.5422, loss_cls: 2.8172, loss: 2.8172
2026-08-27 20:50:22,136 - pyskl - INFO - Epoch [1][700/5537]	lr: 2.500e-02, eta: 2 days, 14:52:20, time: 2.537, data_time: 0.000, memory: 5243, top1_acc: 0.2272, top5_acc: 0.5719, loss_cls: 2.7125, loss: 2.7125
2026-08-27 20:54:35,209 - pyskl - INFO - Epoch [1][800/5537]	lr: 2.499e-02, eta: 2 days, 14:39:55, time: 2.531, data_time: 0.000, memory: 5243, top1_acc: 0.2484, top5_acc: 0.6019, loss_cls: 2.6456, loss: 2.6456
2026-08-27 20:58:50,115 - pyskl - INFO - Epoch [1][900/5537]	lr: 2.499e-02, eta: 2 days, 14:32:17, time: 2.549, data_time: 0.000, memory: 5243, top1_acc: 0.2741, top5_acc: 0.6234, loss_cls: 2.5421, loss: 2.5421
2026-08-27 21:03:04,536 - pyskl - INFO - Epoch [1][1000/5537]	lr: 2.499e-02, eta: 2 days, 14:24:37, time: 2.544, data_time: 0.000, memory: 5243, top1_acc: 0.2869, top5_acc: 0.6438, loss_cls: 2.4963, loss: 2.4963
2026-08-27 21:07:18,928 - pyskl - INFO - Epoch [1][1100/5537]	lr: 2.499e-02, eta: 2 days, 14:17:33, time: 2.544, data_time: 0.000, memory: 5243, top1_acc: 0.3088, top5_acc: 0.6778, loss_cls: 2.3851, loss: 2.3851
2026-08-27 21:11:32,828 - pyskl - INFO - Epoch [1][1200/5537]	lr: 2.499e-02, eta: 2 days, 14:10:21, time: 2.539, data_time: 0.000, memory: 5243, top1_acc: 0.3231, top5_acc: 0.6813, loss_cls: 2.3311, loss: 2.3311
2026-08-27 21:15:47,697 - pyskl - INFO - Epoch [1][1300/5537]	lr: 2.499e-02, eta: 2 days, 14:04:41, time: 2.549, data_time: 0.000, memory: 5243, top1_acc: 0.3362, top5_acc: 0.7116, loss_cls: 2.2810, loss: 2.2810
2026-08-27 21:20:01,386 - pyskl - INFO - Epoch [1][1400/5537]	lr: 2.498e-02, eta: 2 days, 13:58:00, time: 2.537, data_time: 0.000, memory: 5243, top1_acc: 0.3425, top5_acc: 0.7181, loss_cls: 2.2305, loss: 2.2305
2026-08-27 21:24:14,811 - pyskl - INFO - Epoch [1][1500/5537]	lr: 2.498e-02, eta: 2 days, 13:51:23, time: 2.534, data_time: 0.000, memory: 5243, top1_acc: 0.3628, top5_acc: 0.7159, loss_cls: 2.2011, loss: 2.2011
2026-08-27 21:28:29,685 - pyskl - INFO - Epoch [1][1600/5537]	lr: 2.498e-02, eta: 2 days, 13:46:23, time: 2.549, data_time: 0.000, memory: 5243, top1_acc: 0.3731, top5_acc: 0.7291, loss_cls: 2.1341, loss: 2.1341
2026-08-27 21:32:43,269 - pyskl - INFO - Epoch [1][1700/5537]	lr: 2.498e-02, eta: 2 days, 13:40:23, time: 2.536, data_time: 0.000, memory: 5243, top1_acc: 0.3887, top5_acc: 0.7503, loss_cls: 2.0954, loss: 2.0954
2026-08-27 21:36:56,500 - pyskl - INFO - Epoch [1][1800/5537]	lr: 2.497e-02, eta: 2 days, 13:34:17, time: 2.532, data_time: 0.000, memory: 5243, top1_acc: 0.4106, top5_acc: 0.7528, loss_cls: 2.0357, loss: 2.0357
2026-08-27 21:41:11,207 - pyskl - INFO - Epoch [1][1900/5537]	lr: 2.497e-02, eta: 2 days, 13:29:30, time: 2.547, data_time: 0.000, memory: 5243, top1_acc: 0.4078, top5_acc: 0.7694, loss_cls: 2.0075, loss: 2.0075
2026-08-27 21:45:25,880 - pyskl - INFO - Epoch [1][2000/5537]	lr: 2.497e-02, eta: 2 days, 13:24:46, time: 2.547, data_time: 0.000, memory: 5243, top1_acc: 0.3934, top5_acc: 0.7506, loss_cls: 2.0252, loss: 2.0252
2026-08-27 21:49:40,224 - pyskl - INFO - Epoch [1][2100/5537]	lr: 2.497e-02, eta: 2 days, 13:19:50, time: 2.543, data_time: 0.000, memory: 5243, top1_acc: 0.4272, top5_acc: 0.7797, loss_cls: 1.9395, loss: 1.9395
2026-08-27 21:53:53,367 - pyskl - INFO - Epoch [1][2200/5537]	lr: 2.496e-02, eta: 2 days, 13:14:11, time: 2.531, data_time: 0.000, memory: 5243, top1_acc: 0.4297, top5_acc: 0.7784, loss_cls: 1.9309, loss: 1.9309
2026-08-27 21:58:08,006 - pyskl - INFO - Epoch [1][2300/5537]	lr: 2.496e-02, eta: 2 days, 13:09:36, time: 2.546, data_time: 0.000, memory: 5243, top1_acc: 0.4325, top5_acc: 0.7887, loss_cls: 1.8979, loss: 1.8979
2026-08-27 22:02:21,323 - pyskl - INFO - Epoch [1][2400/5537]	lr: 2.495e-02, eta: 2 days, 13:04:15, time: 2.533, data_time: 0.000, memory: 5243, top1_acc: 0.4456, top5_acc: 0.7837, loss_cls: 1.9008, loss: 1.9008
2026-08-27 22:06:35,453 - pyskl - INFO - Epoch [1][2500/5537]	lr: 2.495e-02, eta: 2 days, 12:59:27, time: 2.541, data_time: 0.000, memory: 5243, top1_acc: 0.4503, top5_acc: 0.8109, loss_cls: 1.8087, loss: 1.8087
2026-08-27 22:10:49,573 - pyskl - INFO - Epoch [1][2600/5537]	lr: 2.495e-02, eta: 2 days, 12:54:42, time: 2.541, data_time: 0.000, memory: 5243, top1_acc: 0.4525, top5_acc: 0.7984, loss_cls: 1.8486, loss: 1.8486
2026-08-27 22:15:03,324 - pyskl - INFO - Epoch [1][2700/5537]	lr: 2.494e-02, eta: 2 days, 12:49:47, time: 2.538, data_time: 0.000, memory: 5243, top1_acc: 0.4766, top5_acc: 0.8081, loss_cls: 1.7798, loss: 1.7798
2026-08-27 22:19:17,544 - pyskl - INFO - Epoch [1][2800/5537]	lr: 2.494e-02, eta: 2 days, 12:45:09, time: 2.542, data_time: 0.000, memory: 5243, top1_acc: 0.4709, top5_acc: 0.7881, loss_cls: 1.8131, loss: 1.8131
2026-08-27 22:23:31,224 - pyskl - INFO - Epoch [1][2900/5537]	lr: 2.493e-02, eta: 2 days, 12:40:17, time: 2.537, data_time: 0.000, memory: 5243, top1_acc: 0.4809, top5_acc: 0.8066, loss_cls: 1.7794, loss: 1.7794
2026-08-27 22:27:46,037 - pyskl - INFO - Epoch [1][3000/5537]	lr: 2.493e-02, eta: 2 days, 12:36:00, time: 2.548, data_time: 0.000, memory: 5243, top1_acc: 0.4772, top5_acc: 0.8147, loss_cls: 1.7562, loss: 1.7562
2026-08-27 22:31:59,743 - pyskl - INFO - Epoch [1][3100/5537]	lr: 2.492e-02, eta: 2 days, 12:31:13, time: 2.537, data_time: 0.000, memory: 5243, top1_acc: 0.4744, top5_acc: 0.8072, loss_cls: 1.7595, loss: 1.7595
2026-08-27 22:36:12,575 - pyskl - INFO - Epoch [1][3200/5537]	lr: 2.492e-02, eta: 2 days, 12:26:04, time: 2.528, data_time: 0.000, memory: 5243, top1_acc: 0.4853, top5_acc: 0.8134, loss_cls: 1.7268, loss: 1.7268
2026-08-27 22:40:27,281 - pyskl - INFO - Epoch [1][3300/5537]	lr: 2.491e-02, eta: 2 days, 12:21:48, time: 2.547, data_time: 0.000, memory: 5243, top1_acc: 0.4972, top5_acc: 0.8222, loss_cls: 1.6924, loss: 1.6924
2026-08-27 22:44:41,019 - pyskl - INFO - Epoch [1][3400/5537]	lr: 2.491e-02, eta: 2 days, 12:17:07, time: 2.537, data_time: 0.000, memory: 5243, top1_acc: 0.5112, top5_acc: 0.8250, loss_cls: 1.6509, loss: 1.6509
2026-08-27 22:48:55,292 - pyskl - INFO - Epoch [1][3500/5537]	lr: 2.490e-02, eta: 2 days, 12:12:40, time: 2.543, data_time: 0.000, memory: 5243, top1_acc: 0.4981, top5_acc: 0.8187, loss_cls: 1.6881, loss: 1.6881
2026-08-27 22:53:09,379 - pyskl - INFO - Epoch [1][3600/5537]	lr: 2.490e-02, eta: 2 days, 12:08:10, time: 2.541, data_time: 0.000, memory: 5243, top1_acc: 0.5022, top5_acc: 0.8191, loss_cls: 1.6731, loss: 1.6731
2026-08-27 22:57:23,545 - pyskl - INFO - Epoch [1][3700/5537]	lr: 2.489e-02, eta: 2 days, 12:03:43, time: 2.542, data_time: 0.000, memory: 5243, top1_acc: 0.5050, top5_acc: 0.8184, loss_cls: 1.6815, loss: 1.6815
2026-08-27 23:01:37,767 - pyskl - INFO - Epoch [1][3800/5537]	lr: 2.489e-02, eta: 2 days, 11:59:17, time: 2.542, data_time: 0.000, memory: 5243, top1_acc: 0.5031, top5_acc: 0.8297, loss_cls: 1.6489, loss: 1.6489
2026-08-27 23:05:51,354 - pyskl - INFO - Epoch [1][3900/5537]	lr: 2.488e-02, eta: 2 days, 11:54:39, time: 2.536, data_time: 0.000, memory: 5243, top1_acc: 0.5106, top5_acc: 0.8203, loss_cls: 1.6409, loss: 1.6409
2026-08-27 23:10:06,045 - pyskl - INFO - Epoch [1][4000/5537]	lr: 2.487e-02, eta: 2 days, 11:50:25, time: 2.547, data_time: 0.000, memory: 5243, top1_acc: 0.5259, top5_acc: 0.8444, loss_cls: 1.6002, loss: 1.6002
2026-08-27 23:14:19,430 - pyskl - INFO - Epoch [1][4100/5537]	lr: 2.487e-02, eta: 2 days, 11:45:44, time: 2.534, data_time: 0.000, memory: 5243, top1_acc: 0.5259, top5_acc: 0.8309, loss_cls: 1.6103, loss: 1.6103
2026-08-27 23:18:32,637 - pyskl - INFO - Epoch [1][4200/5537]	lr: 2.486e-02, eta: 2 days, 11:41:00, time: 2.532, data_time: 0.000, memory: 5243, top1_acc: 0.5216, top5_acc: 0.8441, loss_cls: 1.5921, loss: 1.5921
2026-08-27 23:22:46,962 - pyskl - INFO - Epoch [1][4300/5537]	lr: 2.486e-02, eta: 2 days, 11:36:40, time: 2.543, data_time: 0.000, memory: 5243, top1_acc: 0.5219, top5_acc: 0.8381, loss_cls: 1.5723, loss: 1.5723
2026-08-27 23:27:00,703 - pyskl - INFO - Epoch [1][4400/5537]	lr: 2.485e-02, eta: 2 days, 11:32:09, time: 2.537, data_time: 0.000, memory: 5243, top1_acc: 0.5409, top5_acc: 0.8428, loss_cls: 1.5504, loss: 1.5504
2026-08-27 23:31:14,927 - pyskl - INFO - Epoch [1][4500/5537]	lr: 2.484e-02, eta: 2 days, 11:27:48, time: 2.542, data_time: 0.000, memory: 5243, top1_acc: 0.5119, top5_acc: 0.8200, loss_cls: 1.6360, loss: 1.6360
2026-08-27 23:35:28,747 - pyskl - INFO - Epoch [1][4600/5537]	lr: 2.483e-02, eta: 2 days, 11:23:20, time: 2.538, data_time: 0.000, memory: 5243, top1_acc: 0.5337, top5_acc: 0.8253, loss_cls: 1.6053, loss: 1.6053
2026-08-27 23:39:43,072 - pyskl - INFO - Epoch [1][4700/5537]	lr: 2.483e-02, eta: 2 days, 11:19:02, time: 2.543, data_time: 0.000, memory: 5243, top1_acc: 0.5306, top5_acc: 0.8397, loss_cls: 1.5729, loss: 1.5729
2026-08-27 23:43:56,873 - pyskl - INFO - Epoch [1][4800/5537]	lr: 2.482e-02, eta: 2 days, 11:14:34, time: 2.538, data_time: 0.000, memory: 5243, top1_acc: 0.5347, top5_acc: 0.8444, loss_cls: 1.5521, loss: 1.5521
2026-08-27 23:48:10,657 - pyskl - INFO - Epoch [1][4900/5537]	lr: 2.481e-02, eta: 2 days, 11:10:07, time: 2.538, data_time: 0.000, memory: 5243, top1_acc: 0.5503, top5_acc: 0.8428, loss_cls: 1.5254, loss: 1.5254
2026-08-27 23:52:24,958 - pyskl - INFO - Epoch [1][5000/5537]	lr: 2.480e-02, eta: 2 days, 11:05:49, time: 2.543, data_time: 0.000, memory: 5243, top1_acc: 0.5456, top5_acc: 0.8438, loss_cls: 1.5337, loss: 1.5337
2026-08-27 23:56:37,934 - pyskl - INFO - Epoch [1][5100/5537]	lr: 2.480e-02, eta: 2 days, 11:01:09, time: 2.530, data_time: 0.000, memory: 5243, top1_acc: 0.5372, top5_acc: 0.8500, loss_cls: 1.5143, loss: 1.5143
2026-08-28 00:00:51,966 - pyskl - INFO - Epoch [1][5200/5537]	lr: 2.479e-02, eta: 2 days, 10:56:48, time: 2.540, data_time: 0.000, memory: 5243, top1_acc: 0.5463, top5_acc: 0.8441, loss_cls: 1.5060, loss: 1.5060
2026-08-28 00:05:06,559 - pyskl - INFO - Epoch [1][5300/5537]	lr: 2.478e-02, eta: 2 days, 10:52:35, time: 2.546, data_time: 0.000, memory: 5243, top1_acc: 0.5509, top5_acc: 0.8453, loss_cls: 1.5080, loss: 1.5080
2026-08-28 00:09:20,616 - pyskl - INFO - Epoch [1][5400/5537]	lr: 2.477e-02, eta: 2 days, 10:48:14, time: 2.541, data_time: 0.000, memory: 5243, top1_acc: 0.5422, top5_acc: 0.8447, loss_cls: 1.5459, loss: 1.5459
2026-08-28 00:13:34,529 - pyskl - INFO - Epoch [1][5500/5537]	lr: 2.476e-02, eta: 2 days, 10:43:51, time: 2.539, data_time: 0.000, memory: 5243, top1_acc: 0.5631, top5_acc: 0.8509, loss_cls: 1.4747, loss: 1.4747
2026-08-28 00:15:08,363 - pyskl - INFO - Saving checkpoint at 1 epochs
2026-08-28 00:21:02,635 - pyskl - INFO - Evaluating top_k_accuracy ...
2026-08-28 00:21:02,646 - pyskl - INFO - 
top1_acc	0.6827
top5_acc	0.9295
2026-08-28 00:21:02,714 - pyskl - INFO - Now best checkpoint is saved as best_top1_acc_epoch_1.pth.
2026-08-28 00:21:02,714 - pyskl - INFO - Best top1_acc is 0.6827 at 1 epoch.
2026-08-28 00:21:02,715 - pyskl - INFO - Epoch(val) [1][146]	top1_acc: 0.6827, top5_acc: 0.9295
2026-08-28 00:25:23,658 - pyskl - INFO - Epoch [2][100/5537]	lr: 2.475e-02, eta: 2 days, 10:16:33, time: 2.609, data_time: 0.068, memory: 5243, top1_acc: 0.5487, top5_acc: 0.8444, loss_cls: 1.5116, loss: 1.5116
2026-08-28 00:29:38,545 - pyskl - INFO - Epoch [2][200/5537]	lr: 2.474e-02, eta: 2 days, 10:12:48, time: 2.549, data_time: 0.000, memory: 5243, top1_acc: 0.5594, top5_acc: 0.8506, loss_cls: 1.4987, loss: 1.4987
2026-08-28 00:33:53,649 - pyskl - INFO - Epoch [2][300/5537]	lr: 2.473e-02, eta: 2 days, 10:09:06, time: 2.551, data_time: 0.000, memory: 5243, top1_acc: 0.5644, top5_acc: 0.8450, loss_cls: 1.4914, loss: 1.4914
2026-08-28 00:38:07,059 - pyskl - INFO - Epoch [2][400/5537]	lr: 2.472e-02, eta: 2 days, 10:04:59, time: 2.534, data_time: 0.000, memory: 5243, top1_acc: 0.5594, top5_acc: 0.8528, loss_cls: 1.4663, loss: 1.4663
2026-08-28 00:42:21,399 - pyskl - INFO - Epoch [2][500/5537]	lr: 2.471e-02, eta: 2 days, 10:01:05, time: 2.543, data_time: 0.000, memory: 5243, top1_acc: 0.5534, top5_acc: 0.8453, loss_cls: 1.4922, loss: 1.4922
2026-08-28 00:46:36,804 - pyskl - INFO - Epoch [2][600/5537]	lr: 2.471e-02, eta: 2 days, 9:57:24, time: 2.554, data_time: 0.000, memory: 5243, top1_acc: 0.5537, top5_acc: 0.8591, loss_cls: 1.4651, loss: 1.4651
2026-08-28 00:50:50,732 - pyskl - INFO - Epoch [2][700/5537]	lr: 2.470e-02, eta: 2 days, 9:53:23, time: 2.539, data_time: 0.000, memory: 5243, top1_acc: 0.5803, top5_acc: 0.8638, loss_cls: 1.4362, loss: 1.4362
2026-08-28 00:55:04,482 - pyskl - INFO - Epoch [2][800/5537]	lr: 2.469e-02, eta: 2 days, 9:49:19, time: 2.538, data_time: 0.000, memory: 5243, top1_acc: 0.5647, top5_acc: 0.8494, loss_cls: 1.4698, loss: 1.4698
2026-08-28 00:59:19,724 - pyskl - INFO - Epoch [2][900/5537]	lr: 2.468e-02, eta: 2 days, 9:45:34, time: 2.552, data_time: 0.000, memory: 5243, top1_acc: 0.5684, top5_acc: 0.8591, loss_cls: 1.4363, loss: 1.4363
2026-08-28 01:03:34,989 - pyskl - INFO - Epoch [2][1000/5537]	lr: 2.467e-02, eta: 2 days, 9:41:48, time: 2.553, data_time: 0.000, memory: 5243, top1_acc: 0.5781, top5_acc: 0.8566, loss_cls: 1.4414, loss: 1.4414
2026-08-28 01:07:48,993 - pyskl - INFO - Epoch [2][1100/5537]	lr: 2.466e-02, eta: 2 days, 9:37:45, time: 2.540, data_time: 0.000, memory: 5243, top1_acc: 0.5769, top5_acc: 0.8544, loss_cls: 1.4624, loss: 1.4624
2026-08-28 01:12:02,749 - pyskl - INFO - Epoch [2][1200/5537]	lr: 2.465e-02, eta: 2 days, 9:33:39, time: 2.538, data_time: 0.000, memory: 5243, top1_acc: 0.5725, top5_acc: 0.8603, loss_cls: 1.4415, loss: 1.4415
2026-08-28 01:16:18,083 - pyskl - INFO - Epoch [2][1300/5537]	lr: 2.463e-02, eta: 2 days, 9:29:52, time: 2.553, data_time: 0.000, memory: 5243, top1_acc: 0.5891, top5_acc: 0.8569, loss_cls: 1.4041, loss: 1.4041
2026-08-28 01:20:32,343 - pyskl - INFO - Epoch [2][1400/5537]	lr: 2.462e-02, eta: 2 days, 9:25:52, time: 2.543, data_time: 0.000, memory: 5243, top1_acc: 0.5678, top5_acc: 0.8581, loss_cls: 1.4461, loss: 1.4461
2026-08-28 01:24:46,143 - pyskl - INFO - Epoch [2][1500/5537]	lr: 2.461e-02, eta: 2 days, 9:21:46, time: 2.538, data_time: 0.000, memory: 5243, top1_acc: 0.5925, top5_acc: 0.8569, loss_cls: 1.4150, loss: 1.4150
2026-08-28 01:29:00,589 - pyskl - INFO - Epoch [2][1600/5537]	lr: 2.460e-02, eta: 2 days, 9:17:46, time: 2.544, data_time: 0.000, memory: 5243, top1_acc: 0.5691, top5_acc: 0.8594, loss_cls: 1.4236, loss: 1.4236
2026-08-28 01:33:14,741 - pyskl - INFO - Epoch [2][1700/5537]	lr: 2.459e-02, eta: 2 days, 9:13:44, time: 2.542, data_time: 0.000, memory: 5243, top1_acc: 0.5678, top5_acc: 0.8531, loss_cls: 1.4475, loss: 1.4475
2026-08-28 01:37:29,061 - pyskl - INFO - Epoch [2][1800/5537]	lr: 2.458e-02, eta: 2 days, 9:09:42, time: 2.543, data_time: 0.000, memory: 5243, top1_acc: 0.5772, top5_acc: 0.8672, loss_cls: 1.4042, loss: 1.4042
2026-08-28 01:41:43,174 - pyskl - INFO - Epoch [2][1900/5537]	lr: 2.457e-02, eta: 2 days, 9:05:38, time: 2.541, data_time: 0.000, memory: 5243, top1_acc: 0.5950, top5_acc: 0.8722, loss_cls: 1.3643, loss: 1.3643
2026-08-28 01:45:58,493 - pyskl - INFO - Epoch [2][2000/5537]	lr: 2.456e-02, eta: 2 days, 9:01:47, time: 2.553, data_time: 0.000, memory: 5243, top1_acc: 0.5728, top5_acc: 0.8600, loss_cls: 1.4176, loss: 1.4176
2026-08-28 01:50:12,138 - pyskl - INFO - Epoch [2][2100/5537]	lr: 2.454e-02, eta: 2 days, 8:57:38, time: 2.536, data_time: 0.000, memory: 5243, top1_acc: 0.5731, top5_acc: 0.8534, loss_cls: 1.4087, loss: 1.4087
2026-08-28 01:54:25,385 - pyskl - INFO - Epoch [2][2200/5537]	lr: 2.453e-02, eta: 2 days, 8:53:24, time: 2.532, data_time: 0.000, memory: 5243, top1_acc: 0.5966, top5_acc: 0.8666, loss_cls: 1.3657, loss: 1.3657
2026-08-28 01:58:40,395 - pyskl - INFO - Epoch [2][2300/5537]	lr: 2.452e-02, eta: 2 days, 8:49:28, time: 2.550, data_time: 0.000, memory: 5243, top1_acc: 0.5872, top5_acc: 0.8659, loss_cls: 1.3713, loss: 1.3713
2026-08-28 02:02:54,684 - pyskl - INFO - Epoch [2][2400/5537]	lr: 2.451e-02, eta: 2 days, 8:45:25, time: 2.543, data_time: 0.000, memory: 5243, top1_acc: 0.5925, top5_acc: 0.8728, loss_cls: 1.3630, loss: 1.3630
2026-08-28 02:07:08,920 - pyskl - INFO - Epoch [2][2500/5537]	lr: 2.450e-02, eta: 2 days, 8:41:20, time: 2.542, data_time: 0.000, memory: 5243, top1_acc: 0.5897, top5_acc: 0.8581, loss_cls: 1.3888, loss: 1.3888
2026-08-28 02:11:23,086 - pyskl - INFO - Epoch [2][2600/5537]	lr: 2.448e-02, eta: 2 days, 8:37:15, time: 2.542, data_time: 0.000, memory: 5243, top1_acc: 0.5984, top5_acc: 0.8700, loss_cls: 1.3491, loss: 1.3491
2026-08-28 02:15:38,182 - pyskl - INFO - Epoch [2][2700/5537]	lr: 2.447e-02, eta: 2 days, 8:33:19, time: 2.551, data_time: 0.000, memory: 5243, top1_acc: 0.5919, top5_acc: 0.8666, loss_cls: 1.3869, loss: 1.3869
2026-08-28 02:19:52,419 - pyskl - INFO - Epoch [2][2800/5537]	lr: 2.446e-02, eta: 2 days, 8:29:14, time: 2.542, data_time: 0.000, memory: 5243, top1_acc: 0.5878, top5_acc: 0.8597, loss_cls: 1.4028, loss: 1.4028
2026-08-28 02:24:06,135 - pyskl - INFO - Epoch [2][2900/5537]	lr: 2.444e-02, eta: 2 days, 8:25:03, time: 2.537, data_time: 0.000, memory: 5243, top1_acc: 0.5878, top5_acc: 0.8681, loss_cls: 1.3539, loss: 1.3539
2026-08-28 02:28:21,144 - pyskl - INFO - Epoch [2][3000/5537]	lr: 2.443e-02, eta: 2 days, 8:21:05, time: 2.550, data_time: 0.000, memory: 5243, top1_acc: 0.5925, top5_acc: 0.8612, loss_cls: 1.3778, loss: 1.3778
2026-08-28 02:32:34,531 - pyskl - INFO - Epoch [2][3100/5537]	lr: 2.442e-02, eta: 2 days, 8:16:52, time: 2.534, data_time: 0.000, memory: 5243, top1_acc: 0.5853, top5_acc: 0.8684, loss_cls: 1.3603, loss: 1.3603
2026-08-28 02:36:47,982 - pyskl - INFO - Epoch [2][3200/5537]	lr: 2.440e-02, eta: 2 days, 8:12:39, time: 2.535, data_time: 0.000, memory: 5243, top1_acc: 0.6081, top5_acc: 0.8706, loss_cls: 1.3423, loss: 1.3423
2026-08-28 02:41:02,763 - pyskl - INFO - Epoch [2][3300/5537]	lr: 2.439e-02, eta: 2 days, 8:08:38, time: 2.548, data_time: 0.000, memory: 5243, top1_acc: 0.5975, top5_acc: 0.8672, loss_cls: 1.3495, loss: 1.3495
2026-08-28 02:45:17,163 - pyskl - INFO - Epoch [2][3400/5537]	lr: 2.438e-02, eta: 2 days, 8:04:33, time: 2.544, data_time: 0.000, memory: 5243, top1_acc: 0.5994, top5_acc: 0.8694, loss_cls: 1.3308, loss: 1.3308
2026-08-28 02:49:31,633 - pyskl - INFO - Epoch [2][3500/5537]	lr: 2.436e-02, eta: 2 days, 8:00:29, time: 2.545, data_time: 0.000, memory: 5243, top1_acc: 0.5897, top5_acc: 0.8588, loss_cls: 1.3726, loss: 1.3726
2026-08-28 02:53:45,243 - pyskl - INFO - Epoch [2][3600/5537]	lr: 2.435e-02, eta: 2 days, 7:56:17, time: 2.536, data_time: 0.000, memory: 5243, top1_acc: 0.5991, top5_acc: 0.8700, loss_cls: 1.3357, loss: 1.3357
2026-08-28 02:58:00,302 - pyskl - INFO - Epoch [2][3700/5537]	lr: 2.434e-02, eta: 2 days, 7:52:17, time: 2.551, data_time: 0.000, memory: 5243, top1_acc: 0.5931, top5_acc: 0.8709, loss_cls: 1.3598, loss: 1.3598
2026-08-28 03:02:14,077 - pyskl - INFO - Epoch [2][3800/5537]	lr: 2.432e-02, eta: 2 days, 7:48:06, time: 2.538, data_time: 0.000, memory: 5243, top1_acc: 0.5981, top5_acc: 0.8706, loss_cls: 1.3337, loss: 1.3337
2026-08-28 03:06:28,193 - pyskl - INFO - Epoch [2][3900/5537]	lr: 2.431e-02, eta: 2 days, 7:43:58, time: 2.541, data_time: 0.000, memory: 5243, top1_acc: 0.6138, top5_acc: 0.8753, loss_cls: 1.2842, loss: 1.2842
2026-08-28 03:10:43,058 - pyskl - INFO - Epoch [2][4000/5537]	lr: 2.429e-02, eta: 2 days, 7:39:56, time: 2.549, data_time: 0.000, memory: 5243, top1_acc: 0.5909, top5_acc: 0.8703, loss_cls: 1.3457, loss: 1.3457
2026-08-28 03:14:57,000 - pyskl - INFO - Epoch [2][4100/5537]	lr: 2.428e-02, eta: 2 days, 7:35:46, time: 2.539, data_time: 0.000, memory: 5243, top1_acc: 0.6116, top5_acc: 0.8775, loss_cls: 1.3091, loss: 1.3091
2026-08-28 03:19:10,955 - pyskl - INFO - Epoch [2][4200/5537]	lr: 2.426e-02, eta: 2 days, 7:31:37, time: 2.540, data_time: 0.000, memory: 5243, top1_acc: 0.5900, top5_acc: 0.8722, loss_cls: 1.3503, loss: 1.3503
2026-08-28 03:23:24,614 - pyskl - INFO - Epoch [2][4300/5537]	lr: 2.425e-02, eta: 2 days, 7:27:24, time: 2.537, data_time: 0.000, memory: 5243, top1_acc: 0.6025, top5_acc: 0.8684, loss_cls: 1.3470, loss: 1.3470
2026-08-28 03:27:39,179 - pyskl - INFO - Epoch [2][4400/5537]	lr: 2.423e-02, eta: 2 days, 7:23:19, time: 2.546, data_time: 0.000, memory: 5243, top1_acc: 0.6131, top5_acc: 0.8725, loss_cls: 1.3043, loss: 1.3043
2026-08-28 03:31:53,458 - pyskl - INFO - Epoch [2][4500/5537]	lr: 2.422e-02, eta: 2 days, 7:19:12, time: 2.543, data_time: 0.000, memory: 5243, top1_acc: 0.5959, top5_acc: 0.8675, loss_cls: 1.3365, loss: 1.3365
2026-08-28 03:36:07,021 - pyskl - INFO - Epoch [2][4600/5537]	lr: 2.420e-02, eta: 2 days, 7:14:59, time: 2.536, data_time: 0.000, memory: 5243, top1_acc: 0.5997, top5_acc: 0.8675, loss_cls: 1.3289, loss: 1.3289
2026-08-28 03:40:21,587 - pyskl - INFO - Epoch [2][4700/5537]	lr: 2.419e-02, eta: 2 days, 7:10:53, time: 2.546, data_time: 0.000, memory: 5243, top1_acc: 0.6191, top5_acc: 0.8716, loss_cls: 1.3104, loss: 1.3104
2026-08-28 03:44:35,151 - pyskl - INFO - Epoch [2][4800/5537]	lr: 2.417e-02, eta: 2 days, 7:06:40, time: 2.536, data_time: 0.000, memory: 5243, top1_acc: 0.6166, top5_acc: 0.8734, loss_cls: 1.2983, loss: 1.2983
2026-08-28 03:48:48,783 - pyskl - INFO - Epoch [2][4900/5537]	lr: 2.415e-02, eta: 2 days, 7:02:27, time: 2.536, data_time: 0.000, memory: 5243, top1_acc: 0.6109, top5_acc: 0.8600, loss_cls: 1.3231, loss: 1.3231
2026-08-28 03:53:03,401 - pyskl - INFO - Epoch [2][5000/5537]	lr: 2.414e-02, eta: 2 days, 6:58:21, time: 2.546, data_time: 0.000, memory: 5243, top1_acc: 0.6184, top5_acc: 0.8806, loss_cls: 1.2790, loss: 1.2790
2026-08-28 03:57:17,485 - pyskl - INFO - Epoch [2][5100/5537]	lr: 2.412e-02, eta: 2 days, 6:54:12, time: 2.541, data_time: 0.000, memory: 5243, top1_acc: 0.5925, top5_acc: 0.8725, loss_cls: 1.3396, loss: 1.3396
2026-08-28 04:01:32,024 - pyskl - INFO - Epoch [2][5200/5537]	lr: 2.410e-02, eta: 2 days, 6:50:06, time: 2.545, data_time: 0.000, memory: 5243, top1_acc: 0.6331, top5_acc: 0.8859, loss_cls: 1.2418, loss: 1.2418
2026-08-28 04:05:45,667 - pyskl - INFO - Epoch [2][5300/5537]	lr: 2.409e-02, eta: 2 days, 6:45:53, time: 2.536, data_time: 0.000, memory: 5243, top1_acc: 0.6025, top5_acc: 0.8706, loss_cls: 1.3232, loss: 1.3232
2026-08-28 04:10:01,056 - pyskl - INFO - Epoch [2][5400/5537]	lr: 2.407e-02, eta: 2 days, 6:41:52, time: 2.554, data_time: 0.000, memory: 5243, top1_acc: 0.6038, top5_acc: 0.8634, loss_cls: 1.3265, loss: 1.3265
2026-08-28 04:14:15,193 - pyskl - INFO - Epoch [2][5500/5537]	lr: 2.405e-02, eta: 2 days, 6:37:42, time: 2.541, data_time: 0.000, memory: 5243, top1_acc: 0.6041, top5_acc: 0.8784, loss_cls: 1.2928, loss: 1.2928
2026-08-28 04:15:49,900 - pyskl - INFO - Saving checkpoint at 2 epochs
2026-08-28 04:21:58,054 - pyskl - INFO - Evaluating top_k_accuracy ...
2026-08-28 04:21:58,065 - pyskl - INFO - 
top1_acc	0.7347
top5_acc	0.9515
2026-08-28 04:21:58,066 - pyskl - INFO - The previous best checkpoint D:\YxjProject\pythonProject\pyskl\work_dirs\aug_baseline\stgcnpp_j\train\A6_mixed\best_top1_acc_epoch_1.pth was removed
2026-08-28 04:21:58,134 - pyskl - INFO - Now best checkpoint is saved as best_top1_acc_epoch_2.pth.
2026-08-28 04:21:58,134 - pyskl - INFO - Best top1_acc is 0.7347 at 2 epoch.
2026-08-28 04:21:58,134 - pyskl - INFO - Epoch(val) [2][146]	top1_acc: 0.7347, top5_acc: 0.9515
2026-08-28 04:26:18,416 - pyskl - INFO - Epoch [3][100/5537]	lr: 2.403e-02, eta: 2 days, 6:21:51, time: 2.603, data_time: 0.067, memory: 5243, top1_acc: 0.6091, top5_acc: 0.8775, loss_cls: 1.3103, loss: 1.3103
2026-08-28 04:30:32,515 - pyskl - INFO - Epoch [3][200/5537]	lr: 2.401e-02, eta: 2 days, 6:17:47, time: 2.541, data_time: 0.000, memory: 5243, top1_acc: 0.6097, top5_acc: 0.8728, loss_cls: 1.3045, loss: 1.3045
2026-08-28 04:34:47,794 - pyskl - INFO - Epoch [3][300/5537]	lr: 2.400e-02, eta: 2 days, 6:13:51, time: 2.553, data_time: 0.000, memory: 5243, top1_acc: 0.6188, top5_acc: 0.8853, loss_cls: 1.2821, loss: 1.2821
2026-08-28 04:39:02,075 - pyskl - INFO - Epoch [3][400/5537]	lr: 2.398e-02, eta: 2 days, 6:09:48, time: 2.543, data_time: 0.000, memory: 5243, top1_acc: 0.6194, top5_acc: 0.8691, loss_cls: 1.2853, loss: 1.2853
2026-08-28 04:43:18,266 - pyskl - INFO - Epoch [3][500/5537]	lr: 2.396e-02, eta: 2 days, 6:05:58, time: 2.562, data_time: 0.000, memory: 5243, top1_acc: 0.6238, top5_acc: 0.8825, loss_cls: 1.2565, loss: 1.2565
2026-08-28 04:47:33,199 - pyskl - INFO - Epoch [3][600/5537]	lr: 2.394e-02, eta: 2 days, 6:01:58, time: 2.549, data_time: 0.000, memory: 5243, top1_acc: 0.6294, top5_acc: 0.8816, loss_cls: 1.2629, loss: 1.2629
2026-08-28 04:51:47,982 - pyskl - INFO - Epoch [3][700/5537]	lr: 2.393e-02, eta: 2 days, 5:57:58, time: 2.548, data_time: 0.000, memory: 5243, top1_acc: 0.6091, top5_acc: 0.8656, loss_cls: 1.3197, loss: 1.3197
2026-08-28 04:56:01,268 - pyskl - INFO - Epoch [3][800/5537]	lr: 2.391e-02, eta: 2 days, 5:53:47, time: 2.533, data_time: 0.000, memory: 5243, top1_acc: 0.6072, top5_acc: 0.8716, loss_cls: 1.2962, loss: 1.2962
2026-08-28 05:00:15,224 - pyskl - INFO - Epoch [3][900/5537]	lr: 2.389e-02, eta: 2 days, 5:49:41, time: 2.540, data_time: 0.000, memory: 5243, top1_acc: 0.6272, top5_acc: 0.8716, loss_cls: 1.2569, loss: 1.2569
2026-08-28 05:04:30,471 - pyskl - INFO - Epoch [3][1000/5537]	lr: 2.387e-02, eta: 2 days, 5:45:43, time: 2.552, data_time: 0.000, memory: 5243, top1_acc: 0.6306, top5_acc: 0.8784, loss_cls: 1.2387, loss: 1.2387
2026-08-28 05:08:44,117 - pyskl - INFO - Epoch [3][1100/5537]	lr: 2.385e-02, eta: 2 days, 5:41:35, time: 2.536, data_time: 0.000, memory: 5243, top1_acc: 0.6134, top5_acc: 0.8769, loss_cls: 1.2846, loss: 1.2846
2026-08-28 05:12:57,868 - pyskl - INFO - Epoch [3][1200/5537]	lr: 2.383e-02, eta: 2 days, 5:37:27, time: 2.538, data_time: 0.000, memory: 5243, top1_acc: 0.6212, top5_acc: 0.8875, loss_cls: 1.2658, loss: 1.2658
2026-08-28 05:17:12,374 - pyskl - INFO - Epoch [3][1300/5537]	lr: 2.382e-02, eta: 2 days, 5:33:23, time: 2.545, data_time: 0.000, memory: 5243, top1_acc: 0.6200, top5_acc: 0.8791, loss_cls: 1.2899, loss: 1.2899
2026-08-28 05:21:27,077 - pyskl - INFO - Epoch [3][1400/5537]	lr: 2.380e-02, eta: 2 days, 5:29:21, time: 2.547, data_time: 0.000, memory: 5243, top1_acc: 0.6250, top5_acc: 0.8838, loss_cls: 1.2568, loss: 1.2568
2026-08-28 05:25:40,981 - pyskl - INFO - Epoch [3][1500/5537]	lr: 2.378e-02, eta: 2 days, 5:25:13, time: 2.539, data_time: 0.000, memory: 5243, top1_acc: 0.6069, top5_acc: 0.8659, loss_cls: 1.3321, loss: 1.3321
2026-08-28 05:29:54,960 - pyskl - INFO - Epoch [3][1600/5537]	lr: 2.376e-02, eta: 2 days, 5:21:06, time: 2.540, data_time: 0.000, memory: 5243, top1_acc: 0.6122, top5_acc: 0.8741, loss_cls: 1.2963, loss: 1.2963
2026-08-28 05:34:10,072 - pyskl - INFO - Epoch [3][1700/5537]	lr: 2.374e-02, eta: 2 days, 5:17:06, time: 2.551, data_time: 0.000, memory: 5243, top1_acc: 0.6162, top5_acc: 0.8734, loss_cls: 1.2918, loss: 1.2918
2026-08-28 05:38:23,560 - pyskl - INFO - Epoch [3][1800/5537]	lr: 2.372e-02, eta: 2 days, 5:12:56, time: 2.535, data_time: 0.000, memory: 5243, top1_acc: 0.6459, top5_acc: 0.8856, loss_cls: 1.2129, loss: 1.2129
2026-08-28 05:42:37,562 - pyskl - INFO - Epoch [3][1900/5537]	lr: 2.370e-02, eta: 2 days, 5:08:49, time: 2.540, data_time: 0.000, memory: 5243, top1_acc: 0.6184, top5_acc: 0.8797, loss_cls: 1.3007, loss: 1.3007
2026-08-28 05:46:53,379 - pyskl - INFO - Epoch [3][2000/5537]	lr: 2.368e-02, eta: 2 days, 5:04:52, time: 2.558, data_time: 0.000, memory: 5243, top1_acc: 0.6206, top5_acc: 0.8803, loss_cls: 1.2831, loss: 1.2831
2026-08-28 05:51:07,365 - pyskl - INFO - Epoch [3][2100/5537]	lr: 2.366e-02, eta: 2 days, 5:00:44, time: 2.540, data_time: 0.000, memory: 5243, top1_acc: 0.6403, top5_acc: 0.8806, loss_cls: 1.2225, loss: 1.2225
2026-08-28 05:55:20,907 - pyskl - INFO - Epoch [3][2200/5537]	lr: 2.364e-02, eta: 2 days, 4:56:34, time: 2.535, data_time: 0.000, memory: 5243, top1_acc: 0.6250, top5_acc: 0.8775, loss_cls: 1.2559, loss: 1.2559
2026-08-28 05:59:35,312 - pyskl - INFO - Epoch [3][2300/5537]	lr: 2.362e-02, eta: 2 days, 4:52:28, time: 2.544, data_time: 0.000, memory: 5243, top1_acc: 0.6219, top5_acc: 0.8834, loss_cls: 1.2386, loss: 1.2386
2026-08-28 06:03:50,616 - pyskl - INFO - Epoch [3][2400/5537]	lr: 2.360e-02, eta: 2 days, 4:48:28, time: 2.553, data_time: 0.000, memory: 5243, top1_acc: 0.6222, top5_acc: 0.8656, loss_cls: 1.2920, loss: 1.2920
2026-08-28 06:08:03,899 - pyskl - INFO - Epoch [3][2500/5537]	lr: 2.358e-02, eta: 2 days, 4:44:16, time: 2.533, data_time: 0.000, memory: 5243, top1_acc: 0.6294, top5_acc: 0.8872, loss_cls: 1.2509, loss: 1.2509
2026-08-28 06:12:17,953 - pyskl - INFO - Epoch [3][2600/5537]	lr: 2.356e-02, eta: 2 days, 4:40:08, time: 2.541, data_time: 0.000, memory: 5243, top1_acc: 0.6381, top5_acc: 0.8775, loss_cls: 1.2398, loss: 1.2398
2026-08-28 06:16:33,087 - pyskl - INFO - Epoch [3][2700/5537]	lr: 2.354e-02, eta: 2 days, 4:36:06, time: 2.551, data_time: 0.000, memory: 5243, top1_acc: 0.6184, top5_acc: 0.8834, loss_cls: 1.2528, loss: 1.2528
2026-08-28 06:20:47,094 - pyskl - INFO - Epoch [3][2800/5537]	lr: 2.352e-02, eta: 2 days, 4:31:58, time: 2.540, data_time: 0.000, memory: 5243, top1_acc: 0.6472, top5_acc: 0.8919, loss_cls: 1.1896, loss: 1.1896
2026-08-28 06:25:00,389 - pyskl - INFO - Epoch [3][2900/5537]	lr: 2.350e-02, eta: 2 days, 4:27:46, time: 2.533, data_time: 0.000, memory: 5243, top1_acc: 0.6334, top5_acc: 0.8891, loss_cls: 1.2357, loss: 1.2357
2026-08-28 06:29:14,993 - pyskl - INFO - Epoch [3][3000/5537]	lr: 2.348e-02, eta: 2 days, 4:23:41, time: 2.546, data_time: 0.000, memory: 5243, top1_acc: 0.6441, top5_acc: 0.8866, loss_cls: 1.2142, loss: 1.2142
2026-08-28 06:33:29,711 - pyskl - INFO - Epoch [3][3100/5537]	lr: 2.345e-02, eta: 2 days, 4:19:36, time: 2.547, data_time: 0.000, memory: 5243, top1_acc: 0.6381, top5_acc: 0.8800, loss_cls: 1.2343, loss: 1.2343
2026-08-28 06:37:44,041 - pyskl - INFO - Epoch [3][3200/5537]	lr: 2.343e-02, eta: 2 days, 4:15:29, time: 2.543, data_time: 0.000, memory: 5243, top1_acc: 0.6441, top5_acc: 0.8888, loss_cls: 1.2078, loss: 1.2078
2026-08-28 06:41:57,586 - pyskl - INFO - Epoch [3][3300/5537]	lr: 2.341e-02, eta: 2 days, 4:11:18, time: 2.535, data_time: 0.000, memory: 5243, top1_acc: 0.6356, top5_acc: 0.8872, loss_cls: 1.2263, loss: 1.2263
2026-08-28 06:46:12,783 - pyskl - INFO - Epoch [3][3400/5537]	lr: 2.339e-02, eta: 2 days, 4:07:15, time: 2.552, data_time: 0.000, memory: 5243, top1_acc: 0.6200, top5_acc: 0.8794, loss_cls: 1.2723, loss: 1.2723
2026-08-28 06:50:26,575 - pyskl - INFO - Epoch [3][3500/5537]	lr: 2.337e-02, eta: 2 days, 4:03:05, time: 2.538, data_time: 0.000, memory: 5243, top1_acc: 0.6409, top5_acc: 0.8881, loss_cls: 1.2032, loss: 1.2032
2026-08-28 06:54:40,213 - pyskl - INFO - Epoch [3][3600/5537]	lr: 2.335e-02, eta: 2 days, 3:58:55, time: 2.536, data_time: 0.000, memory: 5243, top1_acc: 0.6347, top5_acc: 0.8875, loss_cls: 1.2213, loss: 1.2213
2026-08-28 06:58:54,682 - pyskl - INFO - Epoch [3][3700/5537]	lr: 2.332e-02, eta: 2 days, 3:54:48, time: 2.545, data_time: 0.000, memory: 5243, top1_acc: 0.6341, top5_acc: 0.8809, loss_cls: 1.2380, loss: 1.2380
2026-08-28 07:03:08,941 - pyskl - INFO - Epoch [3][3800/5537]	lr: 2.330e-02, eta: 2 days, 3:50:40, time: 2.543, data_time: 0.000, memory: 5243, top1_acc: 0.6425, top5_acc: 0.8772, loss_cls: 1.2294, loss: 1.2294
2026-08-28 07:07:23,351 - pyskl - INFO - Epoch [3][3900/5537]	lr: 2.328e-02, eta: 2 days, 3:46:33, time: 2.544, data_time: 0.000, memory: 5243, top1_acc: 0.6425, top5_acc: 0.8772, loss_cls: 1.2364, loss: 1.2364
2026-08-28 07:11:37,212 - pyskl - INFO - Epoch [3][4000/5537]	lr: 2.326e-02, eta: 2 days, 3:42:23, time: 2.539, data_time: 0.000, memory: 5243, top1_acc: 0.6225, top5_acc: 0.8831, loss_cls: 1.2530, loss: 1.2530
2026-08-28 07:15:52,495 - pyskl - INFO - Epoch [3][4100/5537]	lr: 2.323e-02, eta: 2 days, 3:38:20, time: 2.553, data_time: 0.000, memory: 5243, top1_acc: 0.6166, top5_acc: 0.8747, loss_cls: 1.2842, loss: 1.2842
2026-08-28 07:20:06,298 - pyskl - INFO - Epoch [3][4200/5537]	lr: 2.321e-02, eta: 2 days, 3:34:10, time: 2.538, data_time: 0.000, memory: 5243, top1_acc: 0.6344, top5_acc: 0.8828, loss_cls: 1.2252, loss: 1.2252
2026-08-28 07:24:20,321 - pyskl - INFO - Epoch [3][4300/5537]	lr: 2.319e-02, eta: 2 days, 3:30:00, time: 2.540, data_time: 0.000, memory: 5243, top1_acc: 0.6338, top5_acc: 0.8978, loss_cls: 1.1930, loss: 1.1930
2026-08-28 07:28:35,282 - pyskl - INFO - Epoch [3][4400/5537]	lr: 2.317e-02, eta: 2 days, 3:25:55, time: 2.550, data_time: 0.000, memory: 5243, top1_acc: 0.6256, top5_acc: 0.8822, loss_cls: 1.2355, loss: 1.2355
2026-08-28 07:32:49,052 - pyskl - INFO - Epoch [3][4500/5537]	lr: 2.314e-02, eta: 2 days, 3:21:45, time: 2.538, data_time: 0.000, memory: 5243, top1_acc: 0.6400, top5_acc: 0.8788, loss_cls: 1.2111, loss: 1.2111
2026-08-28 07:37:03,499 - pyskl - INFO - Epoch [3][4600/5537]	lr: 2.312e-02, eta: 2 days, 3:17:37, time: 2.544, data_time: 0.000, memory: 5243, top1_acc: 0.6234, top5_acc: 0.8812, loss_cls: 1.2500, loss: 1.2500
2026-08-28 07:41:17,733 - pyskl - INFO - Epoch [3][4700/5537]	lr: 2.310e-02, eta: 2 days, 3:13:28, time: 2.542, data_time: 0.000, memory: 5243, top1_acc: 0.6303, top5_acc: 0.8797, loss_cls: 1.2349, loss: 1.2349
2026-08-28 07:45:32,370 - pyskl - INFO - Epoch [3][4800/5537]	lr: 2.307e-02, eta: 2 days, 3:09:21, time: 2.546, data_time: 0.000, memory: 5243, top1_acc: 0.6528, top5_acc: 0.8853, loss_cls: 1.1694, loss: 1.1694
2026-08-28 07:49:46,985 - pyskl - INFO - Epoch [3][4900/5537]	lr: 2.305e-02, eta: 2 days, 3:05:14, time: 2.546, data_time: 0.000, memory: 5243, top1_acc: 0.6394, top5_acc: 0.8841, loss_cls: 1.2179, loss: 1.2179
2026-08-28 07:54:00,973 - pyskl - INFO - Epoch [3][5000/5537]	lr: 2.302e-02, eta: 2 days, 3:01:04, time: 2.540, data_time: 0.000, memory: 5243, top1_acc: 0.6331, top5_acc: 0.8769, loss_cls: 1.2457, loss: 1.2457
2026-08-28 07:58:15,543 - pyskl - INFO - Epoch [3][5100/5537]	lr: 2.300e-02, eta: 2 days, 2:56:57, time: 2.546, data_time: 0.000, memory: 5243, top1_acc: 0.6450, top5_acc: 0.8838, loss_cls: 1.2122, loss: 1.2122
2026-08-28 08:02:28,900 - pyskl - INFO - Epoch [3][5200/5537]	lr: 2.298e-02, eta: 2 days, 2:52:44, time: 2.534, data_time: 0.000, memory: 5243, top1_acc: 0.6294, top5_acc: 0.8769, loss_cls: 1.2359, loss: 1.2359
2026-08-28 08:06:42,909 - pyskl - INFO - Epoch [3][5300/5537]	lr: 2.295e-02, eta: 2 days, 2:48:34, time: 2.540, data_time: 0.000, memory: 5243, top1_acc: 0.6512, top5_acc: 0.8891, loss_cls: 1.1907, loss: 1.1907
2026-08-28 08:10:57,213 - pyskl - INFO - Epoch [3][5400/5537]	lr: 2.293e-02, eta: 2 days, 2:44:25, time: 2.543, data_time: 0.000, memory: 5243, top1_acc: 0.6300, top5_acc: 0.8769, loss_cls: 1.2461, loss: 1.2461
2026-08-28 08:15:11,201 - pyskl - INFO - Epoch [3][5500/5537]	lr: 2.290e-02, eta: 2 days, 2:40:15, time: 2.540, data_time: 0.000, memory: 5243, top1_acc: 0.6375, top5_acc: 0.8878, loss_cls: 1.2037, loss: 1.2037
2026-08-28 08:16:45,590 - pyskl - INFO - Saving checkpoint at 3 epochs
2026-08-28 08:22:53,044 - pyskl - INFO - Evaluating top_k_accuracy ...
2026-08-28 08:22:53,057 - pyskl - INFO - 
top1_acc	0.7678
top5_acc	0.9549
2026-08-28 08:22:53,058 - pyskl - INFO - The previous best checkpoint D:\YxjProject\pythonProject\pyskl\work_dirs\aug_baseline\stgcnpp_j\train\A6_mixed\best_top1_acc_epoch_2.pth was removed
2026-08-28 08:22:53,128 - pyskl - INFO - Now best checkpoint is saved as best_top1_acc_epoch_3.pth.
2026-08-28 08:22:53,128 - pyskl - INFO - Best top1_acc is 0.7678 at 3 epoch.
2026-08-28 08:22:53,128 - pyskl - INFO - Epoch(val) [3][146]	top1_acc: 0.7678, top5_acc: 0.9549
2026-08-28 08:27:14,333 - pyskl - INFO - Epoch [4][100/5537]	lr: 2.287e-02, eta: 2 days, 2:28:19, time: 2.612, data_time: 0.067, memory: 5243, top1_acc: 0.6456, top5_acc: 0.8872, loss_cls: 1.1796, loss: 1.1796
2026-08-28 08:31:28,311 - pyskl - INFO - Epoch [4][200/5537]	lr: 2.284e-02, eta: 2 days, 2:24:11, time: 2.540, data_time: 0.000, memory: 5243, top1_acc: 0.6469, top5_acc: 0.8866, loss_cls: 1.1964, loss: 1.1964
2026-08-28 08:35:42,526 - pyskl - INFO - Epoch [4][300/5537]	lr: 2.282e-02, eta: 2 days, 2:20:04, time: 2.542, data_time: 0.000, memory: 5243, top1_acc: 0.6369, top5_acc: 0.8859, loss_cls: 1.2184, loss: 1.2184
2026-08-28 08:39:57,646 - pyskl - INFO - Epoch [4][400/5537]	lr: 2.279e-02, eta: 2 days, 2:16:01, time: 2.551, data_time: 0.000, memory: 5243, top1_acc: 0.6419, top5_acc: 0.8828, loss_cls: 1.1935, loss: 1.1935
2026-08-28 08:44:11,616 - pyskl - INFO - Epoch [4][500/5537]	lr: 2.277e-02, eta: 2 days, 2:11:53, time: 2.540, data_time: 0.000, memory: 5243, top1_acc: 0.6491, top5_acc: 0.8834, loss_cls: 1.1929, loss: 1.1929
2026-08-28 08:48:25,647 - pyskl - INFO - Epoch [4][600/5537]	lr: 2.274e-02, eta: 2 days, 2:07:46, time: 2.540, data_time: 0.000, memory: 5243, top1_acc: 0.6547, top5_acc: 0.8847, loss_cls: 1.1839, loss: 1.1839
2026-08-28 08:52:40,802 - pyskl - INFO - Epoch [4][700/5537]	lr: 2.272e-02, eta: 2 days, 2:03:42, time: 2.552, data_time: 0.000, memory: 5243, top1_acc: 0.6278, top5_acc: 0.8869, loss_cls: 1.2198, loss: 1.2198
2026-08-28 08:56:54,562 - pyskl - INFO - Epoch [4][800/5537]	lr: 2.269e-02, eta: 2 days, 1:59:33, time: 2.538, data_time: 0.000, memory: 5243, top1_acc: 0.6403, top5_acc: 0.8891, loss_cls: 1.2045, loss: 1.2045
2026-08-28 09:01:07,881 - pyskl - INFO - Epoch [4][900/5537]	lr: 2.267e-02, eta: 2 days, 1:55:23, time: 2.533, data_time: 0.000, memory: 5243, top1_acc: 0.6412, top5_acc: 0.8856, loss_cls: 1.1949, loss: 1.1949
2026-08-28 09:05:22,550 - pyskl - INFO - Epoch [4][1000/5537]	lr: 2.264e-02, eta: 2 days, 1:51:17, time: 2.547, data_time: 0.000, memory: 5243, top1_acc: 0.6366, top5_acc: 0.8884, loss_cls: 1.1926, loss: 1.1926
2026-08-28 09:09:37,729 - pyskl - INFO - Epoch [4][1100/5537]	lr: 2.261e-02, eta: 2 days, 1:47:13, time: 2.552, data_time: 0.000, memory: 5243, top1_acc: 0.6438, top5_acc: 0.8834, loss_cls: 1.2190, loss: 1.2190
2026-08-28 09:13:51,766 - pyskl - INFO - Epoch [4][1200/5537]	lr: 2.259e-02, eta: 2 days, 1:43:05, time: 2.540, data_time: 0.000, memory: 5243, top1_acc: 0.6438, top5_acc: 0.8906, loss_cls: 1.1862, loss: 1.1862
2026-08-28 09:18:05,250 - pyskl - INFO - Epoch [4][1300/5537]	lr: 2.256e-02, eta: 2 days, 1:38:55, time: 2.535, data_time: 0.000, memory: 5243, top1_acc: 0.6453, top5_acc: 0.8866, loss_cls: 1.1867, loss: 1.1867
2026-08-28 09:22:20,578 - pyskl - INFO - Epoch [4][1400/5537]	lr: 2.254e-02, eta: 2 days, 1:34:52, time: 2.553, data_time: 0.000, memory: 5243, top1_acc: 0.6566, top5_acc: 0.9019, loss_cls: 1.1368, loss: 1.1368
2026-08-28 09:26:34,549 - pyskl - INFO - Epoch [4][1500/5537]	lr: 2.251e-02, eta: 2 days, 1:30:43, time: 2.540, data_time: 0.000, memory: 5243, top1_acc: 0.6419, top5_acc: 0.8856, loss_cls: 1.1914, loss: 1.1914
2026-08-28 09:30:47,749 - pyskl - INFO - Epoch [4][1600/5537]	lr: 2.248e-02, eta: 2 days, 1:26:31, time: 2.532, data_time: 0.000, memory: 5243, top1_acc: 0.6475, top5_acc: 0.8906, loss_cls: 1.1845, loss: 1.1845
2026-08-28 09:35:02,591 - pyskl - INFO - Epoch [4][1700/5537]	lr: 2.246e-02, eta: 2 days, 1:22:26, time: 2.548, data_time: 0.000, memory: 5243, top1_acc: 0.6425, top5_acc: 0.8850, loss_cls: 1.1947, loss: 1.1947
2026-08-28 09:39:16,725 - pyskl - INFO - Epoch [4][1800/5537]	lr: 2.243e-02, eta: 2 days, 1:18:17, time: 2.541, data_time: 0.000, memory: 5243, top1_acc: 0.6466, top5_acc: 0.8816, loss_cls: 1.1967, loss: 1.1967
2026-08-28 09:43:31,415 - pyskl - INFO - Epoch [4][1900/5537]	lr: 2.240e-02, eta: 2 days, 1:14:11, time: 2.547, data_time: 0.000, memory: 5243, top1_acc: 0.6359, top5_acc: 0.8800, loss_cls: 1.2194, loss: 1.2194
2026-08-28 09:47:45,172 - pyskl - INFO - Epoch [4][2000/5537]	lr: 2.238e-02, eta: 2 days, 1:10:01, time: 2.538, data_time: 0.000, memory: 5243, top1_acc: 0.6478, top5_acc: 0.8912, loss_cls: 1.1738, loss: 1.1738
2026-08-28 09:52:00,059 - pyskl - INFO - Epoch [4][2100/5537]	lr: 2.235e-02, eta: 2 days, 1:05:56, time: 2.549, data_time: 0.000, memory: 5243, top1_acc: 0.6488, top5_acc: 0.8872, loss_cls: 1.1752, loss: 1.1752
2026-08-28 09:56:13,416 - pyskl - INFO - Epoch [4][2200/5537]	lr: 2.232e-02, eta: 2 days, 1:01:44, time: 2.534, data_time: 0.000, memory: 5243, top1_acc: 0.6178, top5_acc: 0.8806, loss_cls: 1.2641, loss: 1.2641
2026-08-28 10:00:26,739 - pyskl - INFO - Epoch [4][2300/5537]	lr: 2.229e-02, eta: 2 days, 0:57:33, time: 2.533, data_time: 0.000, memory: 5243, top1_acc: 0.6438, top5_acc: 0.8972, loss_cls: 1.1646, loss: 1.1646
2026-08-28 10:04:41,557 - pyskl - INFO - Epoch [4][2400/5537]	lr: 2.227e-02, eta: 2 days, 0:53:27, time: 2.548, data_time: 0.000, memory: 5243, top1_acc: 0.6519, top5_acc: 0.8862, loss_cls: 1.2002, loss: 1.2002
2026-08-28 10:08:55,390 - pyskl - INFO - Epoch [4][2500/5537]	lr: 2.224e-02, eta: 2 days, 0:49:17, time: 2.538, data_time: 0.000, memory: 5243, top1_acc: 0.6331, top5_acc: 0.8853, loss_cls: 1.2266, loss: 1.2266
2026-08-28 10:13:09,890 - pyskl - INFO - Epoch [4][2600/5537]	lr: 2.221e-02, eta: 2 days, 0:45:10, time: 2.545, data_time: 0.000, memory: 5243, top1_acc: 0.6422, top5_acc: 0.8925, loss_cls: 1.1869, loss: 1.1869
2026-08-28 10:17:23,940 - pyskl - INFO - Epoch [4][2700/5537]	lr: 2.218e-02, eta: 2 days, 0:41:01, time: 2.540, data_time: 0.000, memory: 5243, top1_acc: 0.6281, top5_acc: 0.8900, loss_cls: 1.2249, loss: 1.2249
2026-08-28 10:21:40,358 - pyskl - INFO - Epoch [4][2800/5537]	lr: 2.215e-02, eta: 2 days, 0:37:00, time: 2.564, data_time: 0.000, memory: 5243, top1_acc: 0.6528, top5_acc: 0.8938, loss_cls: 1.1565, loss: 1.1565
2026-08-28 10:25:56,627 - pyskl - INFO - Epoch [4][2900/5537]	lr: 2.213e-02, eta: 2 days, 0:32:59, time: 2.563, data_time: 0.000, memory: 5243, top1_acc: 0.6619, top5_acc: 0.8919, loss_cls: 1.1530, loss: 1.1530
2026-08-28 10:30:12,054 - pyskl - INFO - Epoch [4][3000/5537]	lr: 2.210e-02, eta: 2 days, 0:28:54, time: 2.554, data_time: 0.000, memory: 5243, top1_acc: 0.6594, top5_acc: 0.9028, loss_cls: 1.1060, loss: 1.1060
2026-08-28 10:34:28,168 - pyskl - INFO - Epoch [4][3100/5537]	lr: 2.207e-02, eta: 2 days, 0:24:52, time: 2.561, data_time: 0.000, memory: 5243, top1_acc: 0.6494, top5_acc: 0.8919, loss_cls: 1.1782, loss: 1.1782
2026-08-28 10:38:43,495 - pyskl - INFO - Epoch [4][3200/5537]	lr: 2.204e-02, eta: 2 days, 0:20:47, time: 2.553, data_time: 0.000, memory: 5243, top1_acc: 0.6703, top5_acc: 0.8941, loss_cls: 1.1005, loss: 1.1005
2026-08-28 10:42:57,850 - pyskl - INFO - Epoch [4][3300/5537]	lr: 2.201e-02, eta: 2 days, 0:16:38, time: 2.544, data_time: 0.000, memory: 5243, top1_acc: 0.6397, top5_acc: 0.8834, loss_cls: 1.2045, loss: 1.2045
2026-08-28 10:47:13,242 - pyskl - INFO - Epoch [4][3400/5537]	lr: 2.198e-02, eta: 2 days, 0:12:33, time: 2.554, data_time: 0.000, memory: 5243, top1_acc: 0.6541, top5_acc: 0.8941, loss_cls: 1.1459, loss: 1.1459
2026-08-28 10:51:28,161 - pyskl - INFO - Epoch [4][3500/5537]	lr: 2.195e-02, eta: 2 days, 0:08:26, time: 2.549, data_time: 0.000, memory: 5243, top1_acc: 0.6597, top5_acc: 0.9009, loss_cls: 1.1373, loss: 1.1373
2026-08-28 10:55:42,618 - pyskl - INFO - Epoch [4][3600/5537]	lr: 2.192e-02, eta: 2 days, 0:04:18, time: 2.545, data_time: 0.000, memory: 5243, top1_acc: 0.6556, top5_acc: 0.8881, loss_cls: 1.1790, loss: 1.1790
2026-08-28 10:59:56,148 - pyskl - INFO - Epoch [4][3700/5537]	lr: 2.190e-02, eta: 2 days, 0:00:07, time: 2.535, data_time: 0.000, memory: 5243, top1_acc: 0.6556, top5_acc: 0.8856, loss_cls: 1.1818, loss: 1.1818
2026-08-28 11:04:11,821 - pyskl - INFO - Epoch [4][3800/5537]	lr: 2.187e-02, eta: 1 day, 23:56:02, time: 2.557, data_time: 0.000, memory: 5243, top1_acc: 0.6466, top5_acc: 0.8888, loss_cls: 1.1697, loss: 1.1697
2026-08-28 11:08:25,969 - pyskl - INFO - Epoch [4][3900/5537]	lr: 2.184e-02, eta: 1 day, 23:51:53, time: 2.541, data_time: 0.000, memory: 5243, top1_acc: 0.6475, top5_acc: 0.8788, loss_cls: 1.1969, loss: 1.1969
2026-08-28 11:12:39,973 - pyskl - INFO - Epoch [4][4000/5537]	lr: 2.181e-02, eta: 1 day, 23:47:42, time: 2.540, data_time: 0.000, memory: 5243, top1_acc: 0.6412, top5_acc: 0.8931, loss_cls: 1.1816, loss: 1.1816
2026-08-28 11:16:56,295 - pyskl - INFO - Epoch [4][4100/5537]	lr: 2.178e-02, eta: 1 day, 23:43:40, time: 2.563, data_time: 0.000, memory: 5243, top1_acc: 0.6691, top5_acc: 0.8972, loss_cls: 1.1149, loss: 1.1149
2026-08-28 11:21:10,850 - pyskl - INFO - Epoch [4][4200/5537]	lr: 2.175e-02, eta: 1 day, 23:39:31, time: 2.546, data_time: 0.000, memory: 5243, top1_acc: 0.6603, top5_acc: 0.8909, loss_cls: 1.1414, loss: 1.1414
2026-08-28 11:25:25,445 - pyskl - INFO - Epoch [4][4300/5537]	lr: 2.172e-02, eta: 1 day, 23:35:23, time: 2.546, data_time: 0.000, memory: 5243, top1_acc: 0.6484, top5_acc: 0.8891, loss_cls: 1.1972, loss: 1.1972
2026-08-28 11:29:39,707 - pyskl - INFO - Epoch [4][4400/5537]	lr: 2.169e-02, eta: 1 day, 23:31:13, time: 2.543, data_time: 0.000, memory: 5243, top1_acc: 0.6637, top5_acc: 0.8900, loss_cls: 1.1445, loss: 1.1445
2026-08-28 11:33:54,692 - pyskl - INFO - Epoch [4][4500/5537]	lr: 2.166e-02, eta: 1 day, 23:27:06, time: 2.550, data_time: 0.000, memory: 5243, top1_acc: 0.6566, top5_acc: 0.8909, loss_cls: 1.1539, loss: 1.1539
2026-08-28 11:38:08,966 - pyskl - INFO - Epoch [4][4600/5537]	lr: 2.163e-02, eta: 1 day, 23:22:57, time: 2.543, data_time: 0.000, memory: 5243, top1_acc: 0.6506, top5_acc: 0.8859, loss_cls: 1.1674, loss: 1.1674
2026-08-28 11:42:22,990 - pyskl - INFO - Epoch [4][4700/5537]	lr: 2.160e-02, eta: 1 day, 23:18:46, time: 2.540, data_time: 0.000, memory: 5243, top1_acc: 0.6594, top5_acc: 0.9003, loss_cls: 1.1284, loss: 1.1284
2026-08-28 11:46:38,253 - pyskl - INFO - Epoch [4][4800/5537]	lr: 2.157e-02, eta: 1 day, 23:14:40, time: 2.553, data_time: 0.000, memory: 5243, top1_acc: 0.6622, top5_acc: 0.8919, loss_cls: 1.1331, loss: 1.1331
2026-08-28 11:50:52,482 - pyskl - INFO - Epoch [4][4900/5537]	lr: 2.154e-02, eta: 1 day, 23:10:30, time: 2.542, data_time: 0.000, memory: 5243, top1_acc: 0.6566, top5_acc: 0.8872, loss_cls: 1.1631, loss: 1.1631
2026-08-28 11:55:07,159 - pyskl - INFO - Epoch [4][5000/5537]	lr: 2.151e-02, eta: 1 day, 23:06:21, time: 2.547, data_time: 0.000, memory: 5243, top1_acc: 0.6691, top5_acc: 0.9044, loss_cls: 1.1095, loss: 1.1095
2026-08-28 11:59:21,943 - pyskl - INFO - Epoch [4][5100/5537]	lr: 2.148e-02, eta: 1 day, 23:02:13, time: 2.548, data_time: 0.000, memory: 5243, top1_acc: 0.6700, top5_acc: 0.8950, loss_cls: 1.1111, loss: 1.1111
2026-08-28 12:03:36,887 - pyskl - INFO - Epoch [4][5200/5537]	lr: 2.144e-02, eta: 1 day, 22:58:05, time: 2.549, data_time: 0.000, memory: 5243, top1_acc: 0.6509, top5_acc: 0.8875, loss_cls: 1.1696, loss: 1.1696
2026-08-28 12:07:51,780 - pyskl - INFO - Epoch [4][5300/5537]	lr: 2.141e-02, eta: 1 day, 22:53:57, time: 2.549, data_time: 0.000, memory: 5243, top1_acc: 0.6472, top5_acc: 0.8903, loss_cls: 1.1728, loss: 1.1728
2026-08-28 12:12:05,371 - pyskl - INFO - Epoch [4][5400/5537]	lr: 2.138e-02, eta: 1 day, 22:49:45, time: 2.536, data_time: 0.000, memory: 5243, top1_acc: 0.6578, top5_acc: 0.9000, loss_cls: 1.1562, loss: 1.1562
2026-08-28 12:16:20,672 - pyskl - INFO - Epoch [4][5500/5537]	lr: 2.135e-02, eta: 1 day, 22:45:38, time: 2.553, data_time: 0.000, memory: 5243, top1_acc: 0.6637, top5_acc: 0.8966, loss_cls: 1.1281, loss: 1.1281
2026-08-28 12:17:54,027 - pyskl - INFO - Saving checkpoint at 4 epochs
2026-08-28 12:23:53,214 - pyskl - INFO - Evaluating top_k_accuracy ...
2026-08-28 12:23:53,225 - pyskl - INFO - 
top1_acc	0.7708
top5_acc	0.9622
2026-08-28 12:23:53,227 - pyskl - INFO - The previous best checkpoint D:\YxjProject\pythonProject\pyskl\work_dirs\aug_baseline\stgcnpp_j\train\A6_mixed\best_top1_acc_epoch_3.pth was removed
2026-08-28 12:23:53,297 - pyskl - INFO - Now best checkpoint is saved as best_top1_acc_epoch_4.pth.
2026-08-28 12:23:53,297 - pyskl - INFO - Best top1_acc is 0.7708 at 4 epoch.
2026-08-28 12:23:53,297 - pyskl - INFO - Epoch(val) [4][146]	top1_acc: 0.7708, top5_acc: 0.9622
2026-08-28 12:28:16,875 - pyskl - INFO - Epoch [5][100/5537]	lr: 2.131e-02, eta: 1 day, 22:35:43, time: 2.636, data_time: 0.068, memory: 5243, top1_acc: 0.6384, top5_acc: 0.8953, loss_cls: 1.1772, loss: 1.1772
2026-08-28 12:32:32,691 - pyskl - INFO - Epoch [5][200/5537]	lr: 2.128e-02, eta: 1 day, 22:31:39, time: 2.558, data_time: 0.000, memory: 5243, top1_acc: 0.6706, top5_acc: 0.8934, loss_cls: 1.1173, loss: 1.1173
2026-08-28 12:36:48,906 - pyskl - INFO - Epoch [5][300/5537]	lr: 2.124e-02, eta: 1 day, 22:27:36, time: 2.562, data_time: 0.000, memory: 5243, top1_acc: 0.6531, top5_acc: 0.8972, loss_cls: 1.1398, loss: 1.1398
2026-08-28 12:41:04,327 - pyskl - INFO - Epoch [5][400/5537]	lr: 2.121e-02, eta: 1 day, 22:23:31, time: 2.554, data_time: 0.000, memory: 5243, top1_acc: 0.6575, top5_acc: 0.8950, loss_cls: 1.1497, loss: 1.1497
2026-08-28 12:45:19,030 - pyskl - INFO - Epoch [5][500/5537]	lr: 2.118e-02, eta: 1 day, 22:19:23, time: 2.547, data_time: 0.000, memory: 5243, top1_acc: 0.6547, top5_acc: 0.8872, loss_cls: 1.1555, loss: 1.1555
2026-08-28 12:49:33,645 - pyskl - INFO - Epoch [5][600/5537]	lr: 2.115e-02, eta: 1 day, 22:15:15, time: 2.546, data_time: 0.000, memory: 5243, top1_acc: 0.6525, top5_acc: 0.8988, loss_cls: 1.1500, loss: 1.1500
2026-08-28 12:53:48,785 - pyskl - INFO - Epoch [5][700/5537]	lr: 2.112e-02, eta: 1 day, 22:11:09, time: 2.551, data_time: 0.000, memory: 5243, top1_acc: 0.6550, top5_acc: 0.8938, loss_cls: 1.1470, loss: 1.1470
2026-08-28 12:58:04,056 - pyskl - INFO - Epoch [5][800/5537]	lr: 2.108e-02, eta: 1 day, 22:07:03, time: 2.553, data_time: 0.000, memory: 5243, top1_acc: 0.6803, top5_acc: 0.8969, loss_cls: 1.0996, loss: 1.0996
2026-08-28 13:02:17,377 - pyskl - INFO - Epoch [5][900/5537]	lr: 2.105e-02, eta: 1 day, 22:02:51, time: 2.533, data_time: 0.000, memory: 5243, top1_acc: 0.6616, top5_acc: 0.8966, loss_cls: 1.1092, loss: 1.1092
2026-08-28 13:06:31,859 - pyskl - INFO - Epoch [5][1000/5537]	lr: 2.102e-02, eta: 1 day, 21:58:42, time: 2.545, data_time: 0.000, memory: 5243, top1_acc: 0.6672, top5_acc: 0.8981, loss_cls: 1.1141, loss: 1.1141
2026-08-28 13:10:46,500 - pyskl - INFO - Epoch [5][1100/5537]	lr: 2.099e-02, eta: 1 day, 21:54:34, time: 2.546, data_time: 0.000, memory: 5243, top1_acc: 0.6737, top5_acc: 0.8956, loss_cls: 1.0903, loss: 1.0903
2026-08-28 13:15:00,524 - pyskl - INFO - Epoch [5][1200/5537]	lr: 2.096e-02, eta: 1 day, 21:50:24, time: 2.540, data_time: 0.000, memory: 5243, top1_acc: 0.6750, top5_acc: 0.8956, loss_cls: 1.0722, loss: 1.0722
2026-08-28 13:19:15,054 - pyskl - INFO - Epoch [5][1300/5537]	lr: 2.092e-02, eta: 1 day, 21:46:16, time: 2.545, data_time: 0.000, memory: 5243, top1_acc: 0.6606, top5_acc: 0.9009, loss_cls: 1.1089, loss: 1.1089
2026-08-28 13:23:30,265 - pyskl - INFO - Epoch [5][1400/5537]	lr: 2.089e-02, eta: 1 day, 21:42:09, time: 2.552, data_time: 0.000, memory: 5243, top1_acc: 0.6609, top5_acc: 0.8897, loss_cls: 1.1506, loss: 1.1506
2026-08-28 13:27:44,989 - pyskl - INFO - Epoch [5][1500/5537]	lr: 2.086e-02, eta: 1 day, 21:38:01, time: 2.547, data_time: 0.000, memory: 5243, top1_acc: 0.6737, top5_acc: 0.8988, loss_cls: 1.0940, loss: 1.0940
2026-08-28 13:31:59,108 - pyskl - INFO - Epoch [5][1600/5537]	lr: 2.082e-02, eta: 1 day, 21:33:51, time: 2.541, data_time: 0.000, memory: 5243, top1_acc: 0.6619, top5_acc: 0.8934, loss_cls: 1.1273, loss: 1.1273
2026-08-28 13:36:13,499 - pyskl - INFO - Epoch [5][1700/5537]	lr: 2.079e-02, eta: 1 day, 21:29:42, time: 2.544, data_time: 0.000, memory: 5243, top1_acc: 0.6597, top5_acc: 0.8978, loss_cls: 1.1500, loss: 1.1500
2026-08-28 13:40:28,832 - pyskl - INFO - Epoch [5][1800/5537]	lr: 2.076e-02, eta: 1 day, 21:25:36, time: 2.553, data_time: 0.000, memory: 5243, top1_acc: 0.6637, top5_acc: 0.8991, loss_cls: 1.1214, loss: 1.1214
2026-08-28 13:44:42,601 - pyskl - INFO - Epoch [5][1900/5537]	lr: 2.072e-02, eta: 1 day, 21:21:25, time: 2.538, data_time: 0.000, memory: 5243, top1_acc: 0.6609, top5_acc: 0.8922, loss_cls: 1.1443, loss: 1.1443
2026-08-28 13:48:56,685 - pyskl - INFO - Epoch [5][2000/5537]	lr: 2.069e-02, eta: 1 day, 21:17:15, time: 2.541, data_time: 0.000, memory: 5243, top1_acc: 0.6731, top5_acc: 0.8966, loss_cls: 1.1012, loss: 1.1012
2026-08-28 13:53:12,645 - pyskl - INFO - Epoch [5][2100/5537]	lr: 2.066e-02, eta: 1 day, 21:13:10, time: 2.560, data_time: 0.000, memory: 5243, top1_acc: 0.6809, top5_acc: 0.9041, loss_cls: 1.0850, loss: 1.0850
2026-08-28 13:57:27,255 - pyskl - INFO - Epoch [5][2200/5537]	lr: 2.062e-02, eta: 1 day, 21:09:01, time: 2.546, data_time: 0.000, memory: 5243, top1_acc: 0.6597, top5_acc: 0.8959, loss_cls: 1.1258, loss: 1.1258
2026-08-28 14:01:41,151 - pyskl - INFO - Epoch [5][2300/5537]	lr: 2.059e-02, eta: 1 day, 21:04:50, time: 2.539, data_time: 0.000, memory: 5243, top1_acc: 0.6556, top5_acc: 0.8856, loss_cls: 1.1595, loss: 1.1595
2026-08-28 14:05:55,351 - pyskl - INFO - Epoch [5][2400/5537]	lr: 2.056e-02, eta: 1 day, 21:00:40, time: 2.542, data_time: 0.000, memory: 5243, top1_acc: 0.6741, top5_acc: 0.9028, loss_cls: 1.1075, loss: 1.1075
2026-08-28 14:10:10,678 - pyskl - INFO - Epoch [5][2500/5537]	lr: 2.052e-02, eta: 1 day, 20:56:33, time: 2.553, data_time: 0.000, memory: 5243, top1_acc: 0.6578, top5_acc: 0.8897, loss_cls: 1.1326, loss: 1.1326
2026-08-28 14:14:24,672 - pyskl - INFO - Epoch [5][2600/5537]	lr: 2.049e-02, eta: 1 day, 20:52:23, time: 2.540, data_time: 0.000, memory: 5243, top1_acc: 0.6522, top5_acc: 0.8941, loss_cls: 1.1481, loss: 1.1481
2026-08-28 14:18:41,091 - pyskl - INFO - Epoch [5][2700/5537]	lr: 2.045e-02, eta: 1 day, 20:48:18, time: 2.564, data_time: 0.000, memory: 5243, top1_acc: 0.6703, top5_acc: 0.8875, loss_cls: 1.1472, loss: 1.1472
2026-08-28 14:22:57,669 - pyskl - INFO - Epoch [5][2800/5537]	lr: 2.042e-02, eta: 1 day, 20:44:14, time: 2.566, data_time: 0.000, memory: 5243, top1_acc: 0.6650, top5_acc: 0.9019, loss_cls: 1.0873, loss: 1.0873
2026-08-28 14:27:13,320 - pyskl - INFO - Epoch [5][2900/5537]	lr: 2.039e-02, eta: 1 day, 20:40:08, time: 2.556, data_time: 0.000, memory: 5243, top1_acc: 0.6794, top5_acc: 0.8962, loss_cls: 1.0796, loss: 1.0796
2026-08-28 14:31:29,279 - pyskl - INFO - Epoch [5][3000/5537]	lr: 2.035e-02, eta: 1 day, 20:36:02, time: 2.560, data_time: 0.000, memory: 5243, top1_acc: 0.6631, top5_acc: 0.8959, loss_cls: 1.1192, loss: 1.1192
2026-08-28 14:35:45,731 - pyskl - INFO - Epoch [5][3100/5537]	lr: 2.032e-02, eta: 1 day, 20:31:57, time: 2.565, data_time: 0.000, memory: 5243, top1_acc: 0.6766, top5_acc: 0.9038, loss_cls: 1.0693, loss: 1.0693
2026-08-28 14:40:01,522 - pyskl - INFO - Epoch [5][3200/5537]	lr: 2.028e-02, eta: 1 day, 20:27:51, time: 2.558, data_time: 0.000, memory: 5243, top1_acc: 0.6509, top5_acc: 0.8959, loss_cls: 1.1430, loss: 1.1430
2026-08-28 14:44:15,341 - pyskl - INFO - Epoch [5][3300/5537]	lr: 2.025e-02, eta: 1 day, 20:23:40, time: 2.538, data_time: 0.000, memory: 5243, top1_acc: 0.6856, top5_acc: 0.8988, loss_cls: 1.0790, loss: 1.0790
2026-08-28 14:48:28,941 - pyskl - INFO - Epoch [5][3400/5537]	lr: 2.021e-02, eta: 1 day, 20:19:28, time: 2.536, data_time: 0.000, memory: 5243, top1_acc: 0.6731, top5_acc: 0.8903, loss_cls: 1.0944, loss: 1.0944
2026-08-28 14:52:44,160 - pyskl - INFO - Epoch [5][3500/5537]	lr: 2.018e-02, eta: 1 day, 20:15:20, time: 2.552, data_time: 0.000, memory: 5243, top1_acc: 0.6750, top5_acc: 0.9009, loss_cls: 1.1014, loss: 1.1014
2026-08-28 14:56:58,468 - pyskl - INFO - Epoch [5][3600/5537]	lr: 2.014e-02, eta: 1 day, 20:11:10, time: 2.543, data_time: 0.000, memory: 5243, top1_acc: 0.6538, top5_acc: 0.8844, loss_cls: 1.1815, loss: 1.1815
2026-08-28 15:01:13,236 - pyskl - INFO - Epoch [5][3700/5537]	lr: 2.011e-02, eta: 1 day, 20:07:01, time: 2.548, data_time: 0.000, memory: 5243, top1_acc: 0.6625, top5_acc: 0.8872, loss_cls: 1.1481, loss: 1.1481
2026-08-28 15:05:28,225 - pyskl - INFO - Epoch [5][3800/5537]	lr: 2.007e-02, eta: 1 day, 20:02:52, time: 2.550, data_time: 0.000, memory: 5243, top1_acc: 0.6825, top5_acc: 0.8950, loss_cls: 1.0938, loss: 1.0938
2026-08-28 15:09:43,109 - pyskl - INFO - Epoch [5][3900/5537]	lr: 2.004e-02, eta: 1 day, 19:58:43, time: 2.549, data_time: 0.000, memory: 5243, top1_acc: 0.6669, top5_acc: 0.8912, loss_cls: 1.1245, loss: 1.1245
2026-08-28 15:13:57,368 - pyskl - INFO - Epoch [5][4000/5537]	lr: 2.000e-02, eta: 1 day, 19:54:33, time: 2.543, data_time: 0.000, memory: 5243, top1_acc: 0.6741, top5_acc: 0.8944, loss_cls: 1.1052, loss: 1.1052
2026-08-28 15:18:11,526 - pyskl - INFO - Epoch [5][4100/5537]	lr: 1.997e-02, eta: 1 day, 19:50:22, time: 2.542, data_time: 0.000, memory: 5243, top1_acc: 0.6709, top5_acc: 0.8984, loss_cls: 1.0783, loss: 1.0783
2026-08-28 15:22:27,492 - pyskl - INFO - Epoch [5][4200/5537]	lr: 1.993e-02, eta: 1 day, 19:46:15, time: 2.560, data_time: 0.000, memory: 5243, top1_acc: 0.6641, top5_acc: 0.8966, loss_cls: 1.1256, loss: 1.1256
2026-08-28 15:26:41,600 - pyskl - INFO - Epoch [5][4300/5537]	lr: 1.989e-02, eta: 1 day, 19:42:05, time: 2.541, data_time: 0.000, memory: 5243, top1_acc: 0.6631, top5_acc: 0.8938, loss_cls: 1.1181, loss: 1.1181
2026-08-28 15:30:55,250 - pyskl - INFO - Epoch [5][4400/5537]	lr: 1.986e-02, eta: 1 day, 19:37:52, time: 2.536, data_time: 0.000, memory: 5243, top1_acc: 0.6691, top5_acc: 0.9006, loss_cls: 1.0962, loss: 1.0962
2026-08-28 15:35:10,188 - pyskl - INFO - Epoch [5][4500/5537]	lr: 1.982e-02, eta: 1 day, 19:33:43, time: 2.549, data_time: 0.000, memory: 5243, top1_acc: 0.6678, top5_acc: 0.8934, loss_cls: 1.1048, loss: 1.1048
2026-08-28 15:39:25,032 - pyskl - INFO - Epoch [5][4600/5537]	lr: 1.979e-02, eta: 1 day, 19:29:34, time: 2.548, data_time: 0.000, memory: 5243, top1_acc: 0.6616, top5_acc: 0.9031, loss_cls: 1.0939, loss: 1.0939
2026-08-28 15:43:39,271 - pyskl - INFO - Epoch [5][4700/5537]	lr: 1.975e-02, eta: 1 day, 19:25:23, time: 2.542, data_time: 0.000, memory: 5243, top1_acc: 0.6734, top5_acc: 0.9053, loss_cls: 1.1105, loss: 1.1105
2026-08-28 15:47:53,315 - pyskl - INFO - Epoch [5][4800/5537]	lr: 1.971e-02, eta: 1 day, 19:21:12, time: 2.540, data_time: 0.000, memory: 5243, top1_acc: 0.6703, top5_acc: 0.9016, loss_cls: 1.0979, loss: 1.0979
2026-08-28 15:52:08,620 - pyskl - INFO - Epoch [5][4900/5537]	lr: 1.968e-02, eta: 1 day, 19:17:04, time: 2.553, data_time: 0.000, memory: 5243, top1_acc: 0.6856, top5_acc: 0.9028, loss_cls: 1.0629, loss: 1.0629
2026-08-28 15:56:22,354 - pyskl - INFO - Epoch [5][5000/5537]	lr: 1.964e-02, eta: 1 day, 19:12:52, time: 2.537, data_time: 0.000, memory: 5243, top1_acc: 0.6678, top5_acc: 0.8981, loss_cls: 1.1261, loss: 1.1261
2026-08-28 16:00:36,083 - pyskl - INFO - Epoch [5][5100/5537]	lr: 1.961e-02, eta: 1 day, 19:08:40, time: 2.537, data_time: 0.000, memory: 5243, top1_acc: 0.6819, top5_acc: 0.9019, loss_cls: 1.0705, loss: 1.0705
2026-08-28 16:04:51,143 - pyskl - INFO - Epoch [5][5200/5537]	lr: 1.957e-02, eta: 1 day, 19:04:31, time: 2.551, data_time: 0.000, memory: 5243, top1_acc: 0.6672, top5_acc: 0.8941, loss_cls: 1.1084, loss: 1.1084
2026-08-28 16:09:05,751 - pyskl - INFO - Epoch [5][5300/5537]	lr: 1.953e-02, eta: 1 day, 19:00:21, time: 2.546, data_time: 0.000, memory: 5243, top1_acc: 0.6719, top5_acc: 0.8997, loss_cls: 1.0749, loss: 1.0749
2026-08-28 16:13:20,275 - pyskl - INFO - Epoch [5][5400/5537]	lr: 1.950e-02, eta: 1 day, 18:56:10, time: 2.545, data_time: 0.000, memory: 5243, top1_acc: 0.6791, top5_acc: 0.8950, loss_cls: 1.0800, loss: 1.0800
2026-08-28 16:17:34,100 - pyskl - INFO - Epoch [5][5500/5537]	lr: 1.946e-02, eta: 1 day, 18:51:59, time: 2.538, data_time: 0.000, memory: 5243, top1_acc: 0.6663, top5_acc: 0.8916, loss_cls: 1.1239, loss: 1.1239
2026-08-28 16:19:08,105 - pyskl - INFO - Saving checkpoint at 5 epochs
2026-08-28 16:25:15,562 - pyskl - INFO - Evaluating top_k_accuracy ...
2026-08-28 16:25:15,575 - pyskl - INFO - 
top1_acc	0.7725
top5_acc	0.9547
2026-08-28 16:25:15,576 - pyskl - INFO - The previous best checkpoint D:\YxjProject\pythonProject\pyskl\work_dirs\aug_baseline\stgcnpp_j\train\A6_mixed\best_top1_acc_epoch_4.pth was removed
2026-08-28 16:25:15,644 - pyskl - INFO - Now best checkpoint is saved as best_top1_acc_epoch_5.pth.
2026-08-28 16:25:15,644 - pyskl - INFO - Best top1_acc is 0.7725 at 5 epoch.
2026-08-28 16:25:15,644 - pyskl - INFO - Epoch(val) [5][146]	top1_acc: 0.7725, top5_acc: 0.9547
2026-08-28 16:29:37,668 - pyskl - INFO - Epoch [6][100/5537]	lr: 1.941e-02, eta: 1 day, 18:43:06, time: 2.620, data_time: 0.067, memory: 5243, top1_acc: 0.6847, top5_acc: 0.9084, loss_cls: 1.0329, loss: 1.0329
2026-08-28 16:33:52,696 - pyskl - INFO - Epoch [6][200/5537]	lr: 1.937e-02, eta: 1 day, 18:38:58, time: 2.550, data_time: 0.000, memory: 5243, top1_acc: 0.6687, top5_acc: 0.9075, loss_cls: 1.0823, loss: 1.0823
2026-08-28 16:38:06,207 - pyskl - INFO - Epoch [6][300/5537]	lr: 1.933e-02, eta: 1 day, 18:34:46, time: 2.535, data_time: 0.000, memory: 5243, top1_acc: 0.6666, top5_acc: 0.9081, loss_cls: 1.0766, loss: 1.0766
2026-08-28 16:42:20,205 - pyskl - INFO - Epoch [6][400/5537]	lr: 1.930e-02, eta: 1 day, 18:30:35, time: 2.540, data_time: 0.000, memory: 5243, top1_acc: 0.6884, top5_acc: 0.9044, loss_cls: 1.0686, loss: 1.0686
2026-08-28 16:46:35,499 - pyskl - INFO - Epoch [6][500/5537]	lr: 1.926e-02, eta: 1 day, 18:26:28, time: 2.553, data_time: 0.000, memory: 5243, top1_acc: 0.6831, top5_acc: 0.9006, loss_cls: 1.0603, loss: 1.0603
2026-08-28 16:50:48,907 - pyskl - INFO - Epoch [6][600/5537]	lr: 1.922e-02, eta: 1 day, 18:22:16, time: 2.534, data_time: 0.000, memory: 5243, top1_acc: 0.6772, top5_acc: 0.9000, loss_cls: 1.0932, loss: 1.0932
2026-08-28 16:55:02,732 - pyskl - INFO - Epoch [6][700/5537]	lr: 1.918e-02, eta: 1 day, 18:18:05, time: 2.538, data_time: 0.000, memory: 5243, top1_acc: 0.6825, top5_acc: 0.8988, loss_cls: 1.0971, loss: 1.0971
2026-08-28 16:59:17,544 - pyskl - INFO - Epoch [6][800/5537]	lr: 1.915e-02, eta: 1 day, 18:13:56, time: 2.548, data_time: 0.000, memory: 5243, top1_acc: 0.6913, top5_acc: 0.9019, loss_cls: 1.0364, loss: 1.0364
2026-08-28 17:03:34,518 - pyskl - INFO - Epoch [6][900/5537]	lr: 1.911e-02, eta: 1 day, 18:09:51, time: 2.570, data_time: 0.000, memory: 5243, top1_acc: 0.6747, top5_acc: 0.8981, loss_cls: 1.0888, loss: 1.0888
2026-08-28 17:07:48,334 - pyskl - INFO - Epoch [6][1000/5537]	lr: 1.907e-02, eta: 1 day, 18:05:40, time: 2.538, data_time: 0.000, memory: 5243, top1_acc: 0.6819, top5_acc: 0.9006, loss_cls: 1.0535, loss: 1.0535
2026-08-28 17:12:02,505 - pyskl - INFO - Epoch [6][1100/5537]	lr: 1.903e-02, eta: 1 day, 18:01:30, time: 2.542, data_time: 0.000, memory: 5243, top1_acc: 0.6694, top5_acc: 0.8994, loss_cls: 1.0986, loss: 1.0986
2026-08-28 17:16:17,661 - pyskl - INFO - Epoch [6][1200/5537]	lr: 1.900e-02, eta: 1 day, 17:57:21, time: 2.552, data_time: 0.000, memory: 5243, top1_acc: 0.6775, top5_acc: 0.9031, loss_cls: 1.0879, loss: 1.0879
2026-08-28 17:20:31,412 - pyskl - INFO - Epoch [6][1300/5537]	lr: 1.896e-02, eta: 1 day, 17:53:10, time: 2.538, data_time: 0.000, memory: 5243, top1_acc: 0.6672, top5_acc: 0.8981, loss_cls: 1.1111, loss: 1.1111
2026-08-28 17:24:49,268 - pyskl - INFO - Epoch [6][1400/5537]	lr: 1.892e-02, eta: 1 day, 17:49:07, time: 2.579, data_time: 0.000, memory: 5243, top1_acc: 0.6866, top5_acc: 0.9012, loss_cls: 1.0621, loss: 1.0621
2026-08-28 17:29:06,272 - pyskl - INFO - Epoch [6][1500/5537]	lr: 1.888e-02, eta: 1 day, 17:45:02, time: 2.570, data_time: 0.000, memory: 5243, top1_acc: 0.6897, top5_acc: 0.8997, loss_cls: 1.0606, loss: 1.0606
2026-08-28 17:33:21,685 - pyskl - INFO - Epoch [6][1600/5537]	lr: 1.884e-02, eta: 1 day, 17:40:54, time: 2.554, data_time: 0.000, memory: 5243, top1_acc: 0.6969, top5_acc: 0.9062, loss_cls: 1.0228, loss: 1.0228
2026-08-28 17:37:38,051 - pyskl - INFO - Epoch [6][1700/5537]	lr: 1.881e-02, eta: 1 day, 17:36:48, time: 2.564, data_time: 0.000, memory: 5243, top1_acc: 0.6825, top5_acc: 0.9050, loss_cls: 1.0608, loss: 1.0608
2026-08-28 17:41:54,685 - pyskl - INFO - Epoch [6][1800/5537]	lr: 1.877e-02, eta: 1 day, 17:32:42, time: 2.566, data_time: 0.000, memory: 5243, top1_acc: 0.6863, top5_acc: 0.9059, loss_cls: 1.0606, loss: 1.0606
2026-08-28 17:46:08,982 - pyskl - INFO - Epoch [6][1900/5537]	lr: 1.873e-02, eta: 1 day, 17:28:31, time: 2.543, data_time: 0.000, memory: 5243, top1_acc: 0.6900, top5_acc: 0.9000, loss_cls: 1.0586, loss: 1.0586
2026-08-28 17:50:22,733 - pyskl - INFO - Epoch [6][2000/5537]	lr: 1.869e-02, eta: 1 day, 17:24:20, time: 2.538, data_time: 0.000, memory: 5243, top1_acc: 0.6891, top5_acc: 0.9091, loss_cls: 1.0442, loss: 1.0442
2026-08-28 17:54:37,574 - pyskl - INFO - Epoch [6][2100/5537]	lr: 1.865e-02, eta: 1 day, 17:20:10, time: 2.548, data_time: 0.000, memory: 5243, top1_acc: 0.6747, top5_acc: 0.9038, loss_cls: 1.0852, loss: 1.0852
2026-08-28 17:58:52,213 - pyskl - INFO - Epoch [6][2200/5537]	lr: 1.861e-02, eta: 1 day, 17:16:00, time: 2.546, data_time: 0.000, memory: 5243, top1_acc: 0.6925, top5_acc: 0.9072, loss_cls: 1.0188, loss: 1.0188
2026-08-28 18:03:06,014 - pyskl - INFO - Epoch [6][2300/5537]	lr: 1.858e-02, eta: 1 day, 17:11:49, time: 2.538, data_time: 0.000, memory: 5243, top1_acc: 0.6803, top5_acc: 0.9069, loss_cls: 1.0370, loss: 1.0370
2026-08-28 18:07:21,073 - pyskl - INFO - Epoch [6][2400/5537]	lr: 1.854e-02, eta: 1 day, 17:07:39, time: 2.551, data_time: 0.000, memory: 5243, top1_acc: 0.7028, top5_acc: 0.9156, loss_cls: 0.9915, loss: 0.9915
2026-08-28 18:11:34,909 - pyskl - INFO - Epoch [6][2500/5537]	lr: 1.850e-02, eta: 1 day, 17:03:28, time: 2.538, data_time: 0.000, memory: 5243, top1_acc: 0.6772, top5_acc: 0.9044, loss_cls: 1.0669, loss: 1.0669
2026-08-28 18:15:49,289 - pyskl - INFO - Epoch [6][2600/5537]	lr: 1.846e-02, eta: 1 day, 16:59:17, time: 2.544, data_time: 0.000, memory: 5243, top1_acc: 0.6709, top5_acc: 0.8891, loss_cls: 1.0890, loss: 1.0890
2026-08-28 18:20:02,689 - pyskl - INFO - Epoch [6][2700/5537]	lr: 1.842e-02, eta: 1 day, 16:55:05, time: 2.534, data_time: 0.000, memory: 5243, top1_acc: 0.6616, top5_acc: 0.8975, loss_cls: 1.1141, loss: 1.1141
2026-08-28 18:24:17,659 - pyskl - INFO - Epoch [6][2800/5537]	lr: 1.838e-02, eta: 1 day, 16:50:55, time: 2.550, data_time: 0.000, memory: 5243, top1_acc: 0.6813, top5_acc: 0.8988, loss_cls: 1.0777, loss: 1.0777
2026-08-28 18:28:32,134 - pyskl - INFO - Epoch [6][2900/5537]	lr: 1.834e-02, eta: 1 day, 16:46:45, time: 2.545, data_time: 0.000, memory: 5243, top1_acc: 0.6834, top5_acc: 0.9097, loss_cls: 1.0397, loss: 1.0397
2026-08-28 18:32:45,662 - pyskl - INFO - Epoch [6][3000/5537]	lr: 1.830e-02, eta: 1 day, 16:42:33, time: 2.535, data_time: 0.000, memory: 5243, top1_acc: 0.6878, top5_acc: 0.9041, loss_cls: 1.0430, loss: 1.0430
2026-08-28 18:37:00,676 - pyskl - INFO - Epoch [6][3100/5537]	lr: 1.826e-02, eta: 1 day, 16:38:23, time: 2.550, data_time: 0.000, memory: 5243, top1_acc: 0.6906, top5_acc: 0.9028, loss_cls: 1.0346, loss: 1.0346
2026-08-28 18:41:15,332 - pyskl - INFO - Epoch [6][3200/5537]	lr: 1.822e-02, eta: 1 day, 16:34:13, time: 2.547, data_time: 0.000, memory: 5243, top1_acc: 0.6834, top5_acc: 0.8966, loss_cls: 1.0677, loss: 1.0677
2026-08-28 18:45:29,849 - pyskl - INFO - Epoch [6][3300/5537]	lr: 1.818e-02, eta: 1 day, 16:30:03, time: 2.545, data_time: 0.000, memory: 5243, top1_acc: 0.6803, top5_acc: 0.8947, loss_cls: 1.0645, loss: 1.0645
2026-08-28 18:49:44,592 - pyskl - INFO - Epoch [6][3400/5537]	lr: 1.814e-02, eta: 1 day, 16:25:53, time: 2.547, data_time: 0.000, memory: 5243, top1_acc: 0.6825, top5_acc: 0.9053, loss_cls: 1.0449, loss: 1.0449
2026-08-28 18:53:58,807 - pyskl - INFO - Epoch [6][3500/5537]	lr: 1.810e-02, eta: 1 day, 16:21:42, time: 2.542, data_time: 0.000, memory: 5243, top1_acc: 0.6663, top5_acc: 0.8966, loss_cls: 1.1112, loss: 1.1112
2026-08-28 18:58:13,976 - pyskl - INFO - Epoch [6][3600/5537]	lr: 1.807e-02, eta: 1 day, 16:17:32, time: 2.552, data_time: 0.000, memory: 5243, top1_acc: 0.6713, top5_acc: 0.9034, loss_cls: 1.0707, loss: 1.0707
2026-08-28 19:02:27,488 - pyskl - INFO - Epoch [6][3700/5537]	lr: 1.803e-02, eta: 1 day, 16:13:20, time: 2.535, data_time: 0.000, memory: 5243, top1_acc: 0.6834, top5_acc: 0.9044, loss_cls: 1.0273, loss: 1.0273
2026-08-28 19:06:41,537 - pyskl - INFO - Epoch [6][3800/5537]	lr: 1.799e-02, eta: 1 day, 16:09:08, time: 2.540, data_time: 0.000, memory: 5243, top1_acc: 0.7025, top5_acc: 0.9047, loss_cls: 1.0132, loss: 1.0132
2026-08-28 19:10:56,141 - pyskl - INFO - Epoch [6][3900/5537]	lr: 1.795e-02, eta: 1 day, 16:04:58, time: 2.546, data_time: 0.000, memory: 5243, top1_acc: 0.6847, top5_acc: 0.9022, loss_cls: 1.0675, loss: 1.0675
2026-08-28 19:15:09,648 - pyskl - INFO - Epoch [6][4000/5537]	lr: 1.791e-02, eta: 1 day, 16:00:46, time: 2.535, data_time: 0.000, memory: 5243, top1_acc: 0.6916, top5_acc: 0.9031, loss_cls: 1.0347, loss: 1.0347
2026-08-28 19:19:24,322 - pyskl - INFO - Epoch [6][4100/5537]	lr: 1.787e-02, eta: 1 day, 15:56:35, time: 2.547, data_time: 0.000, memory: 5243, top1_acc: 0.6825, top5_acc: 0.8988, loss_cls: 1.0689, loss: 1.0689
2026-08-28 19:23:38,784 - pyskl - INFO - Epoch [6][4200/5537]	lr: 1.783e-02, eta: 1 day, 15:52:24, time: 2.545, data_time: 0.000, memory: 5243, top1_acc: 0.6800, top5_acc: 0.9028, loss_cls: 1.0610, loss: 1.0610
2026-08-28 19:27:53,853 - pyskl - INFO - Epoch [6][4300/5537]	lr: 1.779e-02, eta: 1 day, 15:48:15, time: 2.551, data_time: 0.000, memory: 5243, top1_acc: 0.7019, top5_acc: 0.9038, loss_cls: 1.0230, loss: 1.0230
2026-08-28 19:32:07,011 - pyskl - INFO - Epoch [6][4400/5537]	lr: 1.775e-02, eta: 1 day, 15:44:02, time: 2.532, data_time: 0.000, memory: 5243, top1_acc: 0.6747, top5_acc: 0.9097, loss_cls: 1.0579, loss: 1.0579
2026-08-28 19:36:20,971 - pyskl - INFO - Epoch [6][4500/5537]	lr: 1.771e-02, eta: 1 day, 15:39:50, time: 2.540, data_time: 0.000, memory: 5243, top1_acc: 0.6897, top5_acc: 0.9091, loss_cls: 1.0342, loss: 1.0342
2026-08-28 19:40:35,271 - pyskl - INFO - Epoch [6][4600/5537]	lr: 1.766e-02, eta: 1 day, 15:35:39, time: 2.543, data_time: 0.000, memory: 5243, top1_acc: 0.6944, top5_acc: 0.9066, loss_cls: 1.0302, loss: 1.0302
2026-08-28 19:44:48,103 - pyskl - INFO - Epoch [6][4700/5537]	lr: 1.762e-02, eta: 1 day, 15:31:25, time: 2.528, data_time: 0.000, memory: 5243, top1_acc: 0.6884, top5_acc: 0.9041, loss_cls: 1.0300, loss: 1.0300
2026-08-28 19:49:02,359 - pyskl - INFO - Epoch [6][4800/5537]	lr: 1.758e-02, eta: 1 day, 15:27:14, time: 2.543, data_time: 0.000, memory: 5243, top1_acc: 0.6928, top5_acc: 0.9122, loss_cls: 1.0259, loss: 1.0259
2026-08-28 19:53:17,314 - pyskl - INFO - Epoch [6][4900/5537]	lr: 1.754e-02, eta: 1 day, 15:23:04, time: 2.550, data_time: 0.000, memory: 5243, top1_acc: 0.6856, top5_acc: 0.9022, loss_cls: 1.0419, loss: 1.0419
2026-08-28 19:57:31,922 - pyskl - INFO - Epoch [6][5000/5537]	lr: 1.750e-02, eta: 1 day, 15:18:53, time: 2.546, data_time: 0.000, memory: 5243, top1_acc: 0.6916, top5_acc: 0.9025, loss_cls: 1.0307, loss: 1.0307
2026-08-28 20:01:45,313 - pyskl - INFO - Epoch [6][5100/5537]	lr: 1.746e-02, eta: 1 day, 15:14:40, time: 2.534, data_time: 0.000, memory: 5243, top1_acc: 0.6884, top5_acc: 0.9019, loss_cls: 1.0350, loss: 1.0350
2026-08-28 20:05:59,415 - pyskl - INFO - Epoch [6][5200/5537]	lr: 1.742e-02, eta: 1 day, 15:10:29, time: 2.541, data_time: 0.000, memory: 5243, top1_acc: 0.6781, top5_acc: 0.9047, loss_cls: 1.0682, loss: 1.0682
2026-08-28 20:10:13,530 - pyskl - INFO - Epoch [6][5300/5537]	lr: 1.738e-02, eta: 1 day, 15:06:17, time: 2.541, data_time: 0.000, memory: 5243, top1_acc: 0.6919, top5_acc: 0.9034, loss_cls: 1.0337, loss: 1.0337
2026-08-28 20:14:27,101 - pyskl - INFO - Epoch [6][5400/5537]	lr: 1.734e-02, eta: 1 day, 15:02:05, time: 2.536, data_time: 0.000, memory: 5243, top1_acc: 0.7022, top5_acc: 0.9122, loss_cls: 1.0042, loss: 1.0042
2026-08-28 20:18:41,743 - pyskl - INFO - Epoch [6][5500/5537]	lr: 1.730e-02, eta: 1 day, 14:57:54, time: 2.546, data_time: 0.000, memory: 5243, top1_acc: 0.6887, top5_acc: 0.9044, loss_cls: 1.0289, loss: 1.0289
2026-08-28 20:20:15,638 - pyskl - INFO - Saving checkpoint at 6 epochs
2026-08-28 20:26:10,698 - pyskl - INFO - Evaluating top_k_accuracy ...
2026-08-28 20:26:10,709 - pyskl - INFO - 
top1_acc	0.7903
top5_acc	0.9671
2026-08-28 20:26:10,711 - pyskl - INFO - The previous best checkpoint D:\YxjProject\pythonProject\pyskl\work_dirs\aug_baseline\stgcnpp_j\train\A6_mixed\best_top1_acc_epoch_5.pth was removed
2026-08-28 20:26:10,778 - pyskl - INFO - Now best checkpoint is saved as best_top1_acc_epoch_6.pth.
2026-08-28 20:26:10,778 - pyskl - INFO - Best top1_acc is 0.7903 at 6 epoch.
2026-08-28 20:26:10,779 - pyskl - INFO - Epoch(val) [6][146]	top1_acc: 0.7903, top5_acc: 0.9671
2026-08-28 20:30:32,033 - pyskl - INFO - Epoch [7][100/5537]	lr: 1.724e-02, eta: 1 day, 14:49:45, time: 2.613, data_time: 0.067, memory: 5243, top1_acc: 0.6881, top5_acc: 0.9062, loss_cls: 1.0508, loss: 1.0508
2026-08-28 20:34:47,052 - pyskl - INFO - Epoch [7][200/5537]	lr: 1.720e-02, eta: 1 day, 14:45:36, time: 2.550, data_time: 0.000, memory: 5243, top1_acc: 0.7053, top5_acc: 0.9109, loss_cls: 0.9961, loss: 0.9961
2026-08-28 20:39:00,149 - pyskl - INFO - Epoch [7][300/5537]	lr: 1.716e-02, eta: 1 day, 14:41:23, time: 2.531, data_time: 0.000, memory: 5243, top1_acc: 0.6963, top5_acc: 0.9119, loss_cls: 0.9906, loss: 0.9906
2026-08-28 20:43:14,284 - pyskl - INFO - Epoch [7][400/5537]	lr: 1.712e-02, eta: 1 day, 14:37:12, time: 2.541, data_time: 0.000, memory: 5243, top1_acc: 0.6853, top5_acc: 0.9028, loss_cls: 1.0493, loss: 1.0493
2026-08-28 20:47:28,704 - pyskl - INFO - Epoch [7][500/5537]	lr: 1.708e-02, eta: 1 day, 14:33:02, time: 2.544, data_time: 0.000, memory: 5243, top1_acc: 0.6972, top5_acc: 0.9137, loss_cls: 1.0146, loss: 1.0146
2026-08-28 20:51:43,034 - pyskl - INFO - Epoch [7][600/5537]	lr: 1.704e-02, eta: 1 day, 14:28:51, time: 2.543, data_time: 0.000, memory: 5243, top1_acc: 0.6716, top5_acc: 0.9059, loss_cls: 1.0706, loss: 1.0706
2026-08-28 20:55:56,038 - pyskl - INFO - Epoch [7][700/5537]	lr: 1.700e-02, eta: 1 day, 14:24:38, time: 2.530, data_time: 0.000, memory: 5243, top1_acc: 0.6897, top5_acc: 0.9059, loss_cls: 1.0313, loss: 1.0313
2026-08-28 21:00:10,155 - pyskl - INFO - Epoch [7][800/5537]	lr: 1.695e-02, eta: 1 day, 14:20:27, time: 2.541, data_time: 0.000, memory: 5243, top1_acc: 0.6953, top5_acc: 0.9069, loss_cls: 1.0301, loss: 1.0301
2026-08-28 21:04:24,380 - pyskl - INFO - Epoch [7][900/5537]	lr: 1.691e-02, eta: 1 day, 14:16:16, time: 2.542, data_time: 0.000, memory: 5243, top1_acc: 0.6975, top5_acc: 0.9113, loss_cls: 1.0055, loss: 1.0055
2026-08-28 21:08:37,799 - pyskl - INFO - Epoch [7][1000/5537]	lr: 1.687e-02, eta: 1 day, 14:12:04, time: 2.534, data_time: 0.000, memory: 5243, top1_acc: 0.6850, top5_acc: 0.9022, loss_cls: 1.0354, loss: 1.0354
2026-08-28 21:12:52,320 - pyskl - INFO - Epoch [7][1100/5537]	lr: 1.683e-02, eta: 1 day, 14:07:54, time: 2.545, data_time: 0.000, memory: 5243, top1_acc: 0.6844, top5_acc: 0.9075, loss_cls: 1.0392, loss: 1.0392
2026-08-28 21:17:06,811 - pyskl - INFO - Epoch [7][1200/5537]	lr: 1.679e-02, eta: 1 day, 14:03:43, time: 2.545, data_time: 0.000, memory: 5243, top1_acc: 0.6806, top5_acc: 0.9034, loss_cls: 1.0456, loss: 1.0456
2026-08-28 21:21:20,098 - pyskl - INFO - Epoch [7][1300/5537]	lr: 1.675e-02, eta: 1 day, 13:59:31, time: 2.533, data_time: 0.000, memory: 5243, top1_acc: 0.6941, top5_acc: 0.9097, loss_cls: 1.0191, loss: 1.0191
2026-08-28 21:25:34,251 - pyskl - INFO - Epoch [7][1400/5537]	lr: 1.670e-02, eta: 1 day, 13:55:20, time: 2.542, data_time: 0.000, memory: 5243, top1_acc: 0.6975, top5_acc: 0.9122, loss_cls: 1.0131, loss: 1.0131
2026-08-28 21:29:48,547 - pyskl - INFO - Epoch [7][1500/5537]	lr: 1.666e-02, eta: 1 day, 13:51:09, time: 2.543, data_time: 0.000, memory: 5243, top1_acc: 0.7009, top5_acc: 0.9141, loss_cls: 1.0132, loss: 1.0132
2026-08-28 21:34:02,810 - pyskl - INFO - Epoch [7][1600/5537]	lr: 1.662e-02, eta: 1 day, 13:46:58, time: 2.543, data_time: 0.000, memory: 5243, top1_acc: 0.6872, top5_acc: 0.9087, loss_cls: 1.0527, loss: 1.0527
2026-08-28 21:38:16,138 - pyskl - INFO - Epoch [7][1700/5537]	lr: 1.658e-02, eta: 1 day, 13:42:45, time: 2.533, data_time: 0.000, memory: 5243, top1_acc: 0.6900, top5_acc: 0.9062, loss_cls: 1.0364, loss: 1.0364
2026-08-28 21:42:30,275 - pyskl - INFO - Epoch [7][1800/5537]	lr: 1.654e-02, eta: 1 day, 13:38:34, time: 2.541, data_time: 0.000, memory: 5243, top1_acc: 0.7006, top5_acc: 0.9066, loss_cls: 1.0302, loss: 1.0302
2026-08-28 21:46:44,405 - pyskl - INFO - Epoch [7][1900/5537]	lr: 1.650e-02, eta: 1 day, 13:34:23, time: 2.541, data_time: 0.000, memory: 5243, top1_acc: 0.6959, top5_acc: 0.9094, loss_cls: 1.0211, loss: 1.0211
2026-08-28 21:50:57,738 - pyskl - INFO - Epoch [7][2000/5537]	lr: 1.645e-02, eta: 1 day, 13:30:11, time: 2.533, data_time: 0.000, memory: 5243, top1_acc: 0.6937, top5_acc: 0.9100, loss_cls: 1.0156, loss: 1.0156
2026-08-28 21:55:12,272 - pyskl - INFO - Epoch [7][2100/5537]	lr: 1.641e-02, eta: 1 day, 13:26:00, time: 2.545, data_time: 0.000, memory: 5243, top1_acc: 0.7134, top5_acc: 0.9191, loss_cls: 0.9583, loss: 0.9583
2026-08-28 21:59:26,351 - pyskl - INFO - Epoch [7][2200/5537]	lr: 1.637e-02, eta: 1 day, 13:21:49, time: 2.541, data_time: 0.000, memory: 5243, top1_acc: 0.7094, top5_acc: 0.9106, loss_cls: 0.9754, loss: 0.9754
2026-08-28 22:03:40,940 - pyskl - INFO - Epoch [7][2300/5537]	lr: 1.633e-02, eta: 1 day, 13:17:38, time: 2.546, data_time: 0.000, memory: 5243, top1_acc: 0.6903, top5_acc: 0.9078, loss_cls: 1.0321, loss: 1.0321
2026-08-28 22:07:54,612 - pyskl - INFO - Epoch [7][2400/5537]	lr: 1.628e-02, eta: 1 day, 13:13:26, time: 2.537, data_time: 0.000, memory: 5243, top1_acc: 0.6997, top5_acc: 0.9125, loss_cls: 0.9819, loss: 0.9819
2026-08-28 22:12:08,899 - pyskl - INFO - Epoch [7][2500/5537]	lr: 1.624e-02, eta: 1 day, 13:09:15, time: 2.543, data_time: 0.000, memory: 5243, top1_acc: 0.6934, top5_acc: 0.9181, loss_cls: 0.9781, loss: 0.9781
2026-08-28 22:16:23,074 - pyskl - INFO - Epoch [7][2600/5537]	lr: 1.620e-02, eta: 1 day, 13:05:04, time: 2.542, data_time: 0.000, memory: 5243, top1_acc: 0.6853, top5_acc: 0.9031, loss_cls: 1.0553, loss: 1.0553
2026-08-28 22:20:36,725 - pyskl - INFO - Epoch [7][2700/5537]	lr: 1.616e-02, eta: 1 day, 13:00:52, time: 2.536, data_time: 0.000, memory: 5243, top1_acc: 0.6984, top5_acc: 0.9084, loss_cls: 1.0117, loss: 1.0117
2026-08-28 22:24:49,908 - pyskl - INFO - Epoch [7][2800/5537]	lr: 1.612e-02, eta: 1 day, 12:56:39, time: 2.532, data_time: 0.000, memory: 5243, top1_acc: 0.7072, top5_acc: 0.9069, loss_cls: 0.9827, loss: 0.9827
2026-08-28 22:29:04,390 - pyskl - INFO - Epoch [7][2900/5537]	lr: 1.607e-02, eta: 1 day, 12:52:28, time: 2.545, data_time: 0.000, memory: 5243, top1_acc: 0.6969, top5_acc: 0.9034, loss_cls: 1.0305, loss: 1.0305
2026-08-28 22:33:18,256 - pyskl - INFO - Epoch [7][3000/5537]	lr: 1.603e-02, eta: 1 day, 12:48:17, time: 2.539, data_time: 0.000, memory: 5243, top1_acc: 0.7069, top5_acc: 0.9084, loss_cls: 1.0006, loss: 1.0006
2026-08-28 22:37:33,077 - pyskl - INFO - Epoch [7][3100/5537]	lr: 1.599e-02, eta: 1 day, 12:44:06, time: 2.548, data_time: 0.000, memory: 5243, top1_acc: 0.7084, top5_acc: 0.9122, loss_cls: 0.9919, loss: 0.9919
2026-08-28 22:41:47,254 - pyskl - INFO - Epoch [7][3200/5537]	lr: 1.595e-02, eta: 1 day, 12:39:55, time: 2.542, data_time: 0.000, memory: 5243, top1_acc: 0.6997, top5_acc: 0.9100, loss_cls: 0.9800, loss: 0.9800
2026-08-28 22:46:01,827 - pyskl - INFO - Epoch [7][3300/5537]	lr: 1.590e-02, eta: 1 day, 12:35:44, time: 2.546, data_time: 0.000, memory: 5243, top1_acc: 0.7019, top5_acc: 0.9144, loss_cls: 0.9809, loss: 0.9809
2026-08-28 22:50:14,887 - pyskl - INFO - Epoch [7][3400/5537]	lr: 1.586e-02, eta: 1 day, 12:31:31, time: 2.531, data_time: 0.000, memory: 5243, top1_acc: 0.7072, top5_acc: 0.9141, loss_cls: 0.9798, loss: 0.9798
2026-08-28 22:54:28,982 - pyskl - INFO - Epoch [7][3500/5537]	lr: 1.582e-02, eta: 1 day, 12:27:20, time: 2.541, data_time: 0.000, memory: 5243, top1_acc: 0.6909, top5_acc: 0.9069, loss_cls: 1.0286, loss: 1.0286
2026-08-28 22:58:43,890 - pyskl - INFO - Epoch [7][3600/5537]	lr: 1.577e-02, eta: 1 day, 12:23:09, time: 2.549, data_time: 0.000, memory: 5243, top1_acc: 0.6900, top5_acc: 0.9072, loss_cls: 1.0102, loss: 1.0102
2026-08-28 23:02:57,238 - pyskl - INFO - Epoch [7][3700/5537]	lr: 1.573e-02, eta: 1 day, 12:18:57, time: 2.533, data_time: 0.000, memory: 5243, top1_acc: 0.6937, top5_acc: 0.9113, loss_cls: 0.9881, loss: 0.9881
2026-08-28 23:07:11,662 - pyskl - INFO - Epoch [7][3800/5537]	lr: 1.569e-02, eta: 1 day, 12:14:46, time: 2.544, data_time: 0.000, memory: 5243, top1_acc: 0.6950, top5_acc: 0.9119, loss_cls: 1.0172, loss: 1.0172
2026-08-28 23:11:25,609 - pyskl - INFO - Epoch [7][3900/5537]	lr: 1.565e-02, eta: 1 day, 12:10:34, time: 2.539, data_time: 0.000, memory: 5243, top1_acc: 0.6963, top5_acc: 0.9044, loss_cls: 1.0078, loss: 1.0078
2026-08-28 23:15:39,331 - pyskl - INFO - Epoch [7][4000/5537]	lr: 1.560e-02, eta: 1 day, 12:06:22, time: 2.537, data_time: 0.000, memory: 5243, top1_acc: 0.7197, top5_acc: 0.9116, loss_cls: 0.9627, loss: 0.9627
2026-08-28 23:19:53,026 - pyskl - INFO - Epoch [7][4100/5537]	lr: 1.556e-02, eta: 1 day, 12:02:10, time: 2.537, data_time: 0.000, memory: 5243, top1_acc: 0.6853, top5_acc: 0.9078, loss_cls: 1.0446, loss: 1.0446
2026-08-28 23:24:07,492 - pyskl - INFO - Epoch [7][4200/5537]	lr: 1.552e-02, eta: 1 day, 11:57:59, time: 2.545, data_time: 0.000, memory: 5243, top1_acc: 0.7206, top5_acc: 0.9197, loss_cls: 0.9237, loss: 0.9237
2026-08-28 23:28:22,118 - pyskl - INFO - Epoch [7][4300/5537]	lr: 1.547e-02, eta: 1 day, 11:53:48, time: 2.546, data_time: 0.000, memory: 5243, top1_acc: 0.7122, top5_acc: 0.9103, loss_cls: 0.9832, loss: 0.9832
2026-08-28 23:32:35,293 - pyskl - INFO - Epoch [7][4400/5537]	lr: 1.543e-02, eta: 1 day, 11:49:35, time: 2.532, data_time: 0.000, memory: 5243, top1_acc: 0.6941, top5_acc: 0.9122, loss_cls: 1.0207, loss: 1.0207
2026-08-28 23:36:49,353 - pyskl - INFO - Epoch [7][4500/5537]	lr: 1.539e-02, eta: 1 day, 11:45:23, time: 2.541, data_time: 0.000, memory: 5243, top1_acc: 0.7150, top5_acc: 0.9125, loss_cls: 0.9620, loss: 0.9620
2026-08-28 23:41:04,470 - pyskl - INFO - Epoch [7][4600/5537]	lr: 1.535e-02, eta: 1 day, 11:41:13, time: 2.551, data_time: 0.000, memory: 5243, top1_acc: 0.7078, top5_acc: 0.9141, loss_cls: 0.9765, loss: 0.9765
2026-08-28 23:45:17,888 - pyskl - INFO - Epoch [7][4700/5537]	lr: 1.530e-02, eta: 1 day, 11:37:00, time: 2.534, data_time: 0.000, memory: 5243, top1_acc: 0.6925, top5_acc: 0.9062, loss_cls: 1.0050, loss: 1.0050
2026-08-28 23:49:32,283 - pyskl - INFO - Epoch [7][4800/5537]	lr: 1.526e-02, eta: 1 day, 11:32:49, time: 2.544, data_time: 0.000, memory: 5243, top1_acc: 0.6966, top5_acc: 0.9141, loss_cls: 0.9771, loss: 0.9771
2026-08-28 23:53:46,424 - pyskl - INFO - Epoch [7][4900/5537]	lr: 1.522e-02, eta: 1 day, 11:28:37, time: 2.541, data_time: 0.000, memory: 5243, top1_acc: 0.7156, top5_acc: 0.9194, loss_cls: 0.9562, loss: 0.9562
2026-08-28 23:58:00,757 - pyskl - INFO - Epoch [7][5000/5537]	lr: 1.517e-02, eta: 1 day, 11:24:26, time: 2.543, data_time: 0.000, memory: 5243, top1_acc: 0.6881, top5_acc: 0.9122, loss_cls: 1.0218, loss: 1.0218
2026-08-29 00:02:13,663 - pyskl - INFO - Epoch [7][5100/5537]	lr: 1.513e-02, eta: 1 day, 11:20:13, time: 2.529, data_time: 0.000, memory: 5243, top1_acc: 0.6975, top5_acc: 0.9072, loss_cls: 1.0261, loss: 1.0261
2026-08-29 00:06:28,373 - pyskl - INFO - Epoch [7][5200/5537]	lr: 1.509e-02, eta: 1 day, 11:16:02, time: 2.547, data_time: 0.000, memory: 5243, top1_acc: 0.7066, top5_acc: 0.9134, loss_cls: 0.9896, loss: 0.9896
2026-08-29 00:10:42,215 - pyskl - INFO - Epoch [7][5300/5537]	lr: 1.504e-02, eta: 1 day, 11:11:50, time: 2.538, data_time: 0.000, memory: 5243, top1_acc: 0.7134, top5_acc: 0.9197, loss_cls: 0.9382, loss: 0.9382
2026-08-29 00:14:55,073 - pyskl - INFO - Epoch [7][5400/5537]	lr: 1.500e-02, eta: 1 day, 11:07:37, time: 2.529, data_time: 0.000, memory: 5243, top1_acc: 0.7175, top5_acc: 0.9247, loss_cls: 0.9368, loss: 0.9368
2026-08-29 00:19:10,212 - pyskl - INFO - Epoch [7][5500/5537]	lr: 1.496e-02, eta: 1 day, 11:03:26, time: 2.551, data_time: 0.000, memory: 5243, top1_acc: 0.7063, top5_acc: 0.9119, loss_cls: 0.9745, loss: 0.9745
2026-08-29 00:20:43,817 - pyskl - INFO - Saving checkpoint at 7 epochs
2026-08-29 00:26:39,676 - pyskl - INFO - Evaluating top_k_accuracy ...
2026-08-29 00:26:39,686 - pyskl - INFO - 
top1_acc	0.7918
top5_acc	0.9590
2026-08-29 00:26:39,688 - pyskl - INFO - The previous best checkpoint D:\YxjProject\pythonProject\pyskl\work_dirs\aug_baseline\stgcnpp_j\train\A6_mixed\best_top1_acc_epoch_6.pth was removed
2026-08-29 00:26:39,756 - pyskl - INFO - Now best checkpoint is saved as best_top1_acc_epoch_7.pth.
2026-08-29 00:26:39,756 - pyskl - INFO - Best top1_acc is 0.7918 at 7 epoch.
2026-08-29 00:26:39,756 - pyskl - INFO - Epoch(val) [7][146]	top1_acc: 0.7918, top5_acc: 0.9590
2026-08-29 00:31:01,207 - pyskl - INFO - Epoch [8][100/5537]	lr: 1.490e-02, eta: 1 day, 10:55:50, time: 2.614, data_time: 0.066, memory: 5243, top1_acc: 0.7025, top5_acc: 0.9159, loss_cls: 0.9833, loss: 0.9833
2026-08-29 00:35:15,911 - pyskl - INFO - Epoch [8][200/5537]	lr: 1.485e-02, eta: 1 day, 10:51:40, time: 2.547, data_time: 0.000, memory: 5243, top1_acc: 0.7150, top5_acc: 0.9169, loss_cls: 0.9531, loss: 0.9531
2026-08-29 00:39:29,981 - pyskl - INFO - Epoch [8][300/5537]	lr: 1.481e-02, eta: 1 day, 10:47:28, time: 2.541, data_time: 0.000, memory: 5243, top1_acc: 0.7191, top5_acc: 0.9156, loss_cls: 0.9443, loss: 0.9443
2026-08-29 00:43:44,142 - pyskl - INFO - Epoch [8][400/5537]	lr: 1.476e-02, eta: 1 day, 10:43:17, time: 2.542, data_time: 0.000, memory: 5243, top1_acc: 0.6897, top5_acc: 0.9069, loss_cls: 1.0094, loss: 1.0094
2026-08-29 00:47:58,933 - pyskl - INFO - Epoch [8][500/5537]	lr: 1.472e-02, eta: 1 day, 10:39:07, time: 2.548, data_time: 0.000, memory: 5243, top1_acc: 0.7169, top5_acc: 0.9131, loss_cls: 0.9272, loss: 0.9272
2026-08-29 00:52:13,866 - pyskl - INFO - Epoch [8][600/5537]	lr: 1.468e-02, eta: 1 day, 10:34:57, time: 2.549, data_time: 0.000, memory: 5243, top1_acc: 0.7016, top5_acc: 0.8997, loss_cls: 1.0058, loss: 1.0058
2026-08-29 00:56:27,294 - pyskl - INFO - Epoch [8][700/5537]	lr: 1.463e-02, eta: 1 day, 10:30:44, time: 2.534, data_time: 0.000, memory: 5243, top1_acc: 0.7266, top5_acc: 0.9097, loss_cls: 0.9360, loss: 0.9360
2026-08-29 01:00:41,746 - pyskl - INFO - Epoch [8][800/5537]	lr: 1.459e-02, eta: 1 day, 10:26:33, time: 2.545, data_time: 0.000, memory: 5243, top1_acc: 0.7191, top5_acc: 0.9134, loss_cls: 0.9485, loss: 0.9485
2026-08-29 01:04:56,336 - pyskl - INFO - Epoch [8][900/5537]	lr: 1.455e-02, eta: 1 day, 10:22:23, time: 2.546, data_time: 0.000, memory: 5243, top1_acc: 0.7122, top5_acc: 0.9209, loss_cls: 0.9466, loss: 0.9466
2026-08-29 01:09:09,842 - pyskl - INFO - Epoch [8][1000/5537]	lr: 1.450e-02, eta: 1 day, 10:18:11, time: 2.535, data_time: 0.000, memory: 5243, top1_acc: 0.7053, top5_acc: 0.9209, loss_cls: 0.9517, loss: 0.9517
2026-08-29 01:13:24,954 - pyskl - INFO - Epoch [8][1100/5537]	lr: 1.446e-02, eta: 1 day, 10:14:00, time: 2.551, data_time: 0.000, memory: 5243, top1_acc: 0.7163, top5_acc: 0.9119, loss_cls: 0.9552, loss: 0.9552
2026-08-29 01:17:38,905 - pyskl - INFO - Epoch [8][1200/5537]	lr: 1.442e-02, eta: 1 day, 10:09:49, time: 2.540, data_time: 0.000, memory: 5243, top1_acc: 0.7163, top5_acc: 0.9263, loss_cls: 0.9425, loss: 0.9425
2026-08-29 01:21:54,275 - pyskl - INFO - Epoch [8][1300/5537]	lr: 1.437e-02, eta: 1 day, 10:05:39, time: 2.554, data_time: 0.000, memory: 5243, top1_acc: 0.7153, top5_acc: 0.9084, loss_cls: 0.9599, loss: 0.9599
2026-08-29 01:26:08,153 - pyskl - INFO - Epoch [8][1400/5537]	lr: 1.433e-02, eta: 1 day, 10:01:27, time: 2.539, data_time: 0.000, memory: 5243, top1_acc: 0.7019, top5_acc: 0.9094, loss_cls: 0.9898, loss: 0.9898
2026-08-29 01:30:23,483 - pyskl - INFO - Epoch [8][1500/5537]	lr: 1.428e-02, eta: 1 day, 9:57:17, time: 2.553, data_time: 0.000, memory: 5243, top1_acc: 0.7306, top5_acc: 0.9159, loss_cls: 0.9367, loss: 0.9367
2026-08-29 01:34:38,138 - pyskl - INFO - Epoch [8][1600/5537]	lr: 1.424e-02, eta: 1 day, 9:53:06, time: 2.547, data_time: 0.000, memory: 5243, top1_acc: 0.7122, top5_acc: 0.9144, loss_cls: 0.9748, loss: 0.9748
2026-08-29 01:38:52,091 - pyskl - INFO - Epoch [8][1700/5537]	lr: 1.420e-02, eta: 1 day, 9:48:55, time: 2.540, data_time: 0.000, memory: 5243, top1_acc: 0.7072, top5_acc: 0.9178, loss_cls: 0.9671, loss: 0.9671
2026-08-29 01:43:07,196 - pyskl - INFO - Epoch [8][1800/5537]	lr: 1.415e-02, eta: 1 day, 9:44:44, time: 2.551, data_time: 0.000, memory: 5243, top1_acc: 0.7072, top5_acc: 0.9131, loss_cls: 0.9590, loss: 0.9590
2026-08-29 01:47:21,458 - pyskl - INFO - Epoch [8][1900/5537]	lr: 1.411e-02, eta: 1 day, 9:40:33, time: 2.543, data_time: 0.000, memory: 5243, top1_acc: 0.7044, top5_acc: 0.9144, loss_cls: 0.9750, loss: 0.9750
2026-08-29 01:51:35,961 - pyskl - INFO - Epoch [8][2000/5537]	lr: 1.406e-02, eta: 1 day, 9:36:22, time: 2.545, data_time: 0.000, memory: 5243, top1_acc: 0.7103, top5_acc: 0.9087, loss_cls: 0.9582, loss: 0.9582
2026-08-29 01:55:50,046 - pyskl - INFO - Epoch [8][2100/5537]	lr: 1.402e-02, eta: 1 day, 9:32:10, time: 2.541, data_time: 0.000, memory: 5243, top1_acc: 0.7141, top5_acc: 0.9166, loss_cls: 0.9432, loss: 0.9432
2026-08-29 02:00:03,791 - pyskl - INFO - Epoch [8][2200/5537]	lr: 1.398e-02, eta: 1 day, 9:27:58, time: 2.537, data_time: 0.000, memory: 5243, top1_acc: 0.7059, top5_acc: 0.9144, loss_cls: 0.9764, loss: 0.9764
2026-08-29 02:04:17,984 - pyskl - INFO - Epoch [8][2300/5537]	lr: 1.393e-02, eta: 1 day, 9:23:47, time: 2.542, data_time: 0.000, memory: 5243, top1_acc: 0.7122, top5_acc: 0.9097, loss_cls: 0.9522, loss: 0.9522
2026-08-29 02:08:31,300 - pyskl - INFO - Epoch [8][2400/5537]	lr: 1.389e-02, eta: 1 day, 9:19:34, time: 2.533, data_time: 0.000, memory: 5243, top1_acc: 0.7006, top5_acc: 0.9163, loss_cls: 0.9972, loss: 0.9972
2026-08-29 02:12:46,159 - pyskl - INFO - Epoch [8][2500/5537]	lr: 1.384e-02, eta: 1 day, 9:15:24, time: 2.549, data_time: 0.000, memory: 5243, top1_acc: 0.7234, top5_acc: 0.9256, loss_cls: 0.9150, loss: 0.9150
2026-08-29 02:17:00,725 - pyskl - INFO - Epoch [8][2600/5537]	lr: 1.380e-02, eta: 1 day, 9:11:13, time: 2.546, data_time: 0.000, memory: 5243, top1_acc: 0.7175, top5_acc: 0.9137, loss_cls: 0.9546, loss: 0.9546
2026-08-29 02:21:14,442 - pyskl - INFO - Epoch [8][2700/5537]	lr: 1.376e-02, eta: 1 day, 9:07:01, time: 2.537, data_time: 0.000, memory: 5243, top1_acc: 0.7178, top5_acc: 0.9147, loss_cls: 0.9681, loss: 0.9681
2026-08-29 02:25:28,958 - pyskl - INFO - Epoch [8][2800/5537]	lr: 1.371e-02, eta: 1 day, 9:02:49, time: 2.545, data_time: 0.000, memory: 5243, top1_acc: 0.7147, top5_acc: 0.9166, loss_cls: 0.9440, loss: 0.9440
2026-08-29 02:29:42,790 - pyskl - INFO - Epoch [8][2900/5537]	lr: 1.367e-02, eta: 1 day, 8:58:37, time: 2.538, data_time: 0.000, memory: 5243, top1_acc: 0.7166, top5_acc: 0.9159, loss_cls: 0.9420, loss: 0.9420
2026-08-29 02:33:57,803 - pyskl - INFO - Epoch [8][3000/5537]	lr: 1.362e-02, eta: 1 day, 8:54:27, time: 2.550, data_time: 0.000, memory: 5243, top1_acc: 0.7044, top5_acc: 0.9128, loss_cls: 0.9655, loss: 0.9655
2026-08-29 02:38:11,183 - pyskl - INFO - Epoch [8][3100/5537]	lr: 1.358e-02, eta: 1 day, 8:50:14, time: 2.534, data_time: 0.000, memory: 5243, top1_acc: 0.7122, top5_acc: 0.9141, loss_cls: 0.9543, loss: 0.9543
2026-08-29 02:42:24,990 - pyskl - INFO - Epoch [8][3200/5537]	lr: 1.354e-02, eta: 1 day, 8:46:02, time: 2.538, data_time: 0.000, memory: 5243, top1_acc: 0.7200, top5_acc: 0.9150, loss_cls: 0.9608, loss: 0.9608
2026-08-29 02:46:39,596 - pyskl - INFO - Epoch [8][3300/5537]	lr: 1.349e-02, eta: 1 day, 8:41:51, time: 2.546, data_time: 0.000, memory: 5243, top1_acc: 0.7325, top5_acc: 0.9181, loss_cls: 0.9026, loss: 0.9026
2026-08-29 02:50:52,725 - pyskl - INFO - Epoch [8][3400/5537]	lr: 1.345e-02, eta: 1 day, 8:37:38, time: 2.531, data_time: 0.000, memory: 5243, top1_acc: 0.7141, top5_acc: 0.9259, loss_cls: 0.9285, loss: 0.9285
2026-08-29 02:55:06,731 - pyskl - INFO - Epoch [8][3500/5537]	lr: 1.340e-02, eta: 1 day, 8:33:27, time: 2.540, data_time: 0.000, memory: 5243, top1_acc: 0.7169, top5_acc: 0.9194, loss_cls: 0.9529, loss: 0.9529
2026-08-29 02:59:21,608 - pyskl - INFO - Epoch [8][3600/5537]	lr: 1.336e-02, eta: 1 day, 8:29:16, time: 2.549, data_time: 0.000, memory: 5243, top1_acc: 0.7050, top5_acc: 0.9172, loss_cls: 0.9489, loss: 0.9489
2026-08-29 03:03:36,153 - pyskl - INFO - Epoch [8][3700/5537]	lr: 1.331e-02, eta: 1 day, 8:25:04, time: 2.545, data_time: 0.000, memory: 5243, top1_acc: 0.7153, top5_acc: 0.9116, loss_cls: 0.9443, loss: 0.9443
2026-08-29 03:07:49,874 - pyskl - INFO - Epoch [8][3800/5537]	lr: 1.327e-02, eta: 1 day, 8:20:52, time: 2.537, data_time: 0.000, memory: 5243, top1_acc: 0.7234, top5_acc: 0.9128, loss_cls: 0.9356, loss: 0.9356
2026-08-29 03:12:04,655 - pyskl - INFO - Epoch [8][3900/5537]	lr: 1.323e-02, eta: 1 day, 8:16:41, time: 2.548, data_time: 0.000, memory: 5243, top1_acc: 0.7119, top5_acc: 0.9194, loss_cls: 0.9514, loss: 0.9514
2026-08-29 03:16:18,766 - pyskl - INFO - Epoch [8][4000/5537]	lr: 1.318e-02, eta: 1 day, 8:12:29, time: 2.541, data_time: 0.000, memory: 5243, top1_acc: 0.7222, top5_acc: 0.9134, loss_cls: 0.9348, loss: 0.9348
2026-08-29 03:20:32,093 - pyskl - INFO - Epoch [8][4100/5537]	lr: 1.314e-02, eta: 1 day, 8:08:17, time: 2.533, data_time: 0.000, memory: 5243, top1_acc: 0.7137, top5_acc: 0.9206, loss_cls: 0.9343, loss: 0.9343
2026-08-29 03:24:46,583 - pyskl - INFO - Epoch [8][4200/5537]	lr: 1.309e-02, eta: 1 day, 8:04:05, time: 2.545, data_time: 0.000, memory: 5243, top1_acc: 0.7072, top5_acc: 0.9131, loss_cls: 0.9611, loss: 0.9611
2026-08-29 03:29:01,192 - pyskl - INFO - Epoch [8][4300/5537]	lr: 1.305e-02, eta: 1 day, 7:59:54, time: 2.546, data_time: 0.000, memory: 5243, top1_acc: 0.7047, top5_acc: 0.9147, loss_cls: 0.9760, loss: 0.9760
2026-08-29 03:33:14,818 - pyskl - INFO - Epoch [8][4400/5537]	lr: 1.300e-02, eta: 1 day, 7:55:42, time: 2.536, data_time: 0.000, memory: 5243, top1_acc: 0.7212, top5_acc: 0.9137, loss_cls: 0.9493, loss: 0.9493
2026-08-29 03:37:28,325 - pyskl - INFO - Epoch [8][4500/5537]	lr: 1.296e-02, eta: 1 day, 7:51:29, time: 2.535, data_time: 0.000, memory: 5243, top1_acc: 0.7272, top5_acc: 0.9166, loss_cls: 0.9117, loss: 0.9117
2026-08-29 03:41:43,394 - pyskl - INFO - Epoch [8][4600/5537]	lr: 1.292e-02, eta: 1 day, 7:47:19, time: 2.551, data_time: 0.000, memory: 5243, top1_acc: 0.6994, top5_acc: 0.9078, loss_cls: 1.0092, loss: 1.0092
2026-08-29 03:45:58,205 - pyskl - INFO - Epoch [8][4700/5537]	lr: 1.287e-02, eta: 1 day, 7:43:07, time: 2.548, data_time: 0.000, memory: 5243, top1_acc: 0.7238, top5_acc: 0.9247, loss_cls: 0.9198, loss: 0.9198
2026-08-29 03:50:11,267 - pyskl - INFO - Epoch [8][4800/5537]	lr: 1.283e-02, eta: 1 day, 7:38:55, time: 2.531, data_time: 0.000, memory: 5243, top1_acc: 0.7259, top5_acc: 0.9184, loss_cls: 0.9210, loss: 0.9210
2026-08-29 03:54:25,545 - pyskl - INFO - Epoch [8][4900/5537]	lr: 1.278e-02, eta: 1 day, 7:34:43, time: 2.543, data_time: 0.000, memory: 5243, top1_acc: 0.7241, top5_acc: 0.9163, loss_cls: 0.9381, loss: 0.9381
2026-08-29 03:58:39,723 - pyskl - INFO - Epoch [8][5000/5537]	lr: 1.274e-02, eta: 1 day, 7:30:31, time: 2.542, data_time: 0.000, memory: 5243, top1_acc: 0.7328, top5_acc: 0.9181, loss_cls: 0.9266, loss: 0.9266
2026-08-29 04:02:53,052 - pyskl - INFO - Epoch [8][5100/5537]	lr: 1.269e-02, eta: 1 day, 7:26:18, time: 2.533, data_time: 0.000, memory: 5243, top1_acc: 0.7253, top5_acc: 0.9203, loss_cls: 0.9001, loss: 0.9001
2026-08-29 04:07:08,061 - pyskl - INFO - Epoch [8][5200/5537]	lr: 1.265e-02, eta: 1 day, 7:22:07, time: 2.550, data_time: 0.000, memory: 5243, top1_acc: 0.7078, top5_acc: 0.9097, loss_cls: 0.9506, loss: 0.9506
2026-08-29 04:11:22,783 - pyskl - INFO - Epoch [8][5300/5537]	lr: 1.261e-02, eta: 1 day, 7:17:56, time: 2.547, data_time: 0.000, memory: 5243, top1_acc: 0.7188, top5_acc: 0.9116, loss_cls: 0.9584, loss: 0.9584
2026-08-29 04:15:36,948 - pyskl - INFO - Epoch [8][5400/5537]	lr: 1.256e-02, eta: 1 day, 7:13:44, time: 2.542, data_time: 0.000, memory: 5243, top1_acc: 0.7300, top5_acc: 0.9216, loss_cls: 0.9165, loss: 0.9165
2026-08-29 04:19:50,883 - pyskl - INFO - Epoch [8][5500/5537]	lr: 1.252e-02, eta: 1 day, 7:09:32, time: 2.539, data_time: 0.000, memory: 5243, top1_acc: 0.7166, top5_acc: 0.9163, loss_cls: 0.9464, loss: 0.9464
2026-08-29 04:21:24,489 - pyskl - INFO - Saving checkpoint at 8 epochs
2026-08-29 04:27:36,366 - pyskl - INFO - Evaluating top_k_accuracy ...
2026-08-29 04:27:36,377 - pyskl - INFO - 
top1_acc	0.8324
top5_acc	0.9693
2026-08-29 04:27:36,379 - pyskl - INFO - The previous best checkpoint D:\YxjProject\pythonProject\pyskl\work_dirs\aug_baseline\stgcnpp_j\train\A6_mixed\best_top1_acc_epoch_7.pth was removed
2026-08-29 04:27:36,449 - pyskl - INFO - Now best checkpoint is saved as best_top1_acc_epoch_8.pth.
2026-08-29 04:27:36,450 - pyskl - INFO - Best top1_acc is 0.8324 at 8 epoch.
2026-08-29 04:27:36,450 - pyskl - INFO - Epoch(val) [8][146]	top1_acc: 0.8324, top5_acc: 0.9693
2026-08-29 04:31:56,785 - pyskl - INFO - Epoch [9][100/5537]	lr: 1.246e-02, eta: 1 day, 7:02:20, time: 2.603, data_time: 0.066, memory: 5243, top1_acc: 0.7253, top5_acc: 0.9106, loss_cls: 0.9287, loss: 0.9287
2026-08-29 04:36:11,095 - pyskl - INFO - Epoch [9][200/5537]	lr: 1.241e-02, eta: 1 day, 6:58:08, time: 2.543, data_time: 0.000, memory: 5243, top1_acc: 0.7250, top5_acc: 0.9200, loss_cls: 0.9087, loss: 0.9087
2026-08-29 04:40:25,571 - pyskl - INFO - Epoch [9][300/5537]	lr: 1.237e-02, eta: 1 day, 6:53:57, time: 2.545, data_time: 0.000, memory: 5243, top1_acc: 0.7228, top5_acc: 0.9153, loss_cls: 0.9283, loss: 0.9283
2026-08-29 04:44:38,992 - pyskl - INFO - Epoch [9][400/5537]	lr: 1.232e-02, eta: 1 day, 6:49:45, time: 2.534, data_time: 0.000, memory: 5243, top1_acc: 0.7250, top5_acc: 0.9281, loss_cls: 0.8942, loss: 0.8942
2026-08-29 04:48:53,853 - pyskl - INFO - Epoch [9][500/5537]	lr: 1.228e-02, eta: 1 day, 6:45:34, time: 2.549, data_time: 0.000, memory: 5243, top1_acc: 0.7278, top5_acc: 0.9234, loss_cls: 0.8960, loss: 0.8960
2026-08-29 04:53:08,657 - pyskl - INFO - Epoch [9][600/5537]	lr: 1.223e-02, eta: 1 day, 6:41:23, time: 2.548, data_time: 0.000, memory: 5243, top1_acc: 0.7078, top5_acc: 0.9128, loss_cls: 0.9550, loss: 0.9550
2026-08-29 04:57:22,332 - pyskl - INFO - Epoch [9][700/5537]	lr: 1.219e-02, eta: 1 day, 6:37:11, time: 2.537, data_time: 0.000, memory: 5243, top1_acc: 0.7266, top5_acc: 0.9187, loss_cls: 0.9139, loss: 0.9139
2026-08-29 05:01:37,177 - pyskl - INFO - Epoch [9][800/5537]	lr: 1.215e-02, eta: 1 day, 6:33:00, time: 2.548, data_time: 0.000, memory: 5243, top1_acc: 0.7388, top5_acc: 0.9266, loss_cls: 0.8773, loss: 0.8773
2026-08-29 05:05:51,365 - pyskl - INFO - Epoch [9][900/5537]	lr: 1.210e-02, eta: 1 day, 6:28:48, time: 2.542, data_time: 0.000, memory: 5243, top1_acc: 0.7344, top5_acc: 0.9213, loss_cls: 0.8938, loss: 0.8938
2026-08-29 05:10:06,057 - pyskl - INFO - Epoch [9][1000/5537]	lr: 1.206e-02, eta: 1 day, 6:24:37, time: 2.547, data_time: 0.000, memory: 5243, top1_acc: 0.7375, top5_acc: 0.9191, loss_cls: 0.9079, loss: 0.9079
2026-08-29 05:14:20,000 - pyskl - INFO - Epoch [9][1100/5537]	lr: 1.201e-02, eta: 1 day, 6:20:25, time: 2.539, data_time: 0.000, memory: 5243, top1_acc: 0.7241, top5_acc: 0.9197, loss_cls: 0.9268, loss: 0.9268
2026-08-29 05:18:34,766 - pyskl - INFO - Epoch [9][1200/5537]	lr: 1.197e-02, eta: 1 day, 6:16:14, time: 2.548, data_time: 0.000, memory: 5243, top1_acc: 0.7353, top5_acc: 0.9247, loss_cls: 0.8728, loss: 0.8728
2026-08-29 05:22:49,150 - pyskl - INFO - Epoch [9][1300/5537]	lr: 1.192e-02, eta: 1 day, 6:12:03, time: 2.544, data_time: 0.000, memory: 5243, top1_acc: 0.7234, top5_acc: 0.9225, loss_cls: 0.9230, loss: 0.9230
2026-08-29 05:27:02,641 - pyskl - INFO - Epoch [9][1400/5537]	lr: 1.188e-02, eta: 1 day, 6:07:51, time: 2.535, data_time: 0.000, memory: 5243, top1_acc: 0.7284, top5_acc: 0.9213, loss_cls: 0.8993, loss: 0.8993
2026-08-29 05:31:17,067 - pyskl - INFO - Epoch [9][1500/5537]	lr: 1.184e-02, eta: 1 day, 6:03:39, time: 2.544, data_time: 0.000, memory: 5243, top1_acc: 0.7178, top5_acc: 0.9156, loss_cls: 0.9302, loss: 0.9302
2026-08-29 05:35:30,782 - pyskl - INFO - Epoch [9][1600/5537]	lr: 1.179e-02, eta: 1 day, 5:59:27, time: 2.537, data_time: 0.000, memory: 5243, top1_acc: 0.7300, top5_acc: 0.9184, loss_cls: 0.9115, loss: 0.9115
2026-08-29 05:39:45,028 - pyskl - INFO - Epoch [9][1700/5537]	lr: 1.175e-02, eta: 1 day, 5:55:16, time: 2.542, data_time: 0.000, memory: 5243, top1_acc: 0.7206, top5_acc: 0.9209, loss_cls: 0.9287, loss: 0.9287
2026-08-29 05:43:58,720 - pyskl - INFO - Epoch [9][1800/5537]	lr: 1.170e-02, eta: 1 day, 5:51:03, time: 2.537, data_time: 0.000, memory: 5243, top1_acc: 0.7378, top5_acc: 0.9287, loss_cls: 0.8699, loss: 0.8699
2026-08-29 05:48:13,351 - pyskl - INFO - Epoch [9][1900/5537]	lr: 1.166e-02, eta: 1 day, 5:46:52, time: 2.546, data_time: 0.000, memory: 5243, top1_acc: 0.7244, top5_acc: 0.9222, loss_cls: 0.9168, loss: 0.9168
2026-08-29 05:52:28,257 - pyskl - INFO - Epoch [9][2000/5537]	lr: 1.161e-02, eta: 1 day, 5:42:41, time: 2.549, data_time: 0.000, memory: 5243, top1_acc: 0.7400, top5_acc: 0.9250, loss_cls: 0.8766, loss: 0.8766
2026-08-29 05:56:41,653 - pyskl - INFO - Epoch [9][2100/5537]	lr: 1.157e-02, eta: 1 day, 5:38:29, time: 2.534, data_time: 0.000, memory: 5243, top1_acc: 0.7284, top5_acc: 0.9269, loss_cls: 0.8902, loss: 0.8902
2026-08-29 06:00:55,910 - pyskl - INFO - Epoch [9][2200/5537]	lr: 1.153e-02, eta: 1 day, 5:34:17, time: 2.543, data_time: 0.000, memory: 5243, top1_acc: 0.7272, top5_acc: 0.9272, loss_cls: 0.8954, loss: 0.8954
2026-08-29 06:05:10,027 - pyskl - INFO - Epoch [9][2300/5537]	lr: 1.148e-02, eta: 1 day, 5:30:05, time: 2.541, data_time: 0.000, memory: 5243, top1_acc: 0.7350, top5_acc: 0.9203, loss_cls: 0.8746, loss: 0.8746
2026-08-29 06:09:23,529 - pyskl - INFO - Epoch [9][2400/5537]	lr: 1.144e-02, eta: 1 day, 5:25:53, time: 2.535, data_time: 0.000, memory: 5243, top1_acc: 0.7297, top5_acc: 0.9213, loss_cls: 0.9052, loss: 0.9052
2026-08-29 06:13:38,437 - pyskl - INFO - Epoch [9][2500/5537]	lr: 1.139e-02, eta: 1 day, 5:21:42, time: 2.549, data_time: 0.000, memory: 5243, top1_acc: 0.7375, top5_acc: 0.9241, loss_cls: 0.8580, loss: 0.8580
2026-08-29 06:17:52,567 - pyskl - INFO - Epoch [9][2600/5537]	lr: 1.135e-02, eta: 1 day, 5:17:30, time: 2.541, data_time: 0.000, memory: 5243, top1_acc: 0.7238, top5_acc: 0.9191, loss_cls: 0.8851, loss: 0.8851
2026-08-29 06:22:07,478 - pyskl - INFO - Epoch [9][2700/5537]	lr: 1.131e-02, eta: 1 day, 5:13:19, time: 2.549, data_time: 0.000, memory: 5243, top1_acc: 0.7312, top5_acc: 0.9203, loss_cls: 0.8949, loss: 0.8949
2026-08-29 06:26:20,562 - pyskl - INFO - Epoch [9][2800/5537]	lr: 1.126e-02, eta: 1 day, 5:09:06, time: 2.531, data_time: 0.000, memory: 5243, top1_acc: 0.7366, top5_acc: 0.9275, loss_cls: 0.8853, loss: 0.8853
2026-08-29 06:30:34,618 - pyskl - INFO - Epoch [9][2900/5537]	lr: 1.122e-02, eta: 1 day, 5:04:54, time: 2.541, data_time: 0.000, memory: 5243, top1_acc: 0.7119, top5_acc: 0.9125, loss_cls: 0.9613, loss: 0.9613
2026-08-29 06:34:49,362 - pyskl - INFO - Epoch [9][3000/5537]	lr: 1.117e-02, eta: 1 day, 5:00:43, time: 2.547, data_time: 0.000, memory: 5243, top1_acc: 0.7216, top5_acc: 0.9200, loss_cls: 0.9158, loss: 0.9158
2026-08-29 06:39:02,739 - pyskl - INFO - Epoch [9][3100/5537]	lr: 1.113e-02, eta: 1 day, 4:56:30, time: 2.534, data_time: 0.000, memory: 5243, top1_acc: 0.7306, top5_acc: 0.9209, loss_cls: 0.8914, loss: 0.8914
2026-08-29 06:43:17,387 - pyskl - INFO - Epoch [9][3200/5537]	lr: 1.109e-02, eta: 1 day, 4:52:19, time: 2.546, data_time: 0.000, memory: 5243, top1_acc: 0.7344, top5_acc: 0.9197, loss_cls: 0.9020, loss: 0.9020
2026-08-29 06:47:31,584 - pyskl - INFO - Epoch [9][3300/5537]	lr: 1.104e-02, eta: 1 day, 4:48:07, time: 2.542, data_time: 0.000, memory: 5243, top1_acc: 0.7297, top5_acc: 0.9228, loss_cls: 0.9078, loss: 0.9078
2026-08-29 06:51:46,003 - pyskl - INFO - Epoch [9][3400/5537]	lr: 1.100e-02, eta: 1 day, 4:43:56, time: 2.544, data_time: 0.000, memory: 5243, top1_acc: 0.7388, top5_acc: 0.9219, loss_cls: 0.8891, loss: 0.8891
2026-08-29 06:55:58,962 - pyskl - INFO - Epoch [9][3500/5537]	lr: 1.095e-02, eta: 1 day, 4:39:43, time: 2.530, data_time: 0.000, memory: 5243, top1_acc: 0.7325, top5_acc: 0.9172, loss_cls: 0.8935, loss: 0.8935
2026-08-29 07:00:13,226 - pyskl - INFO - Epoch [9][3600/5537]	lr: 1.091e-02, eta: 1 day, 4:35:31, time: 2.543, data_time: 0.000, memory: 5243, top1_acc: 0.7494, top5_acc: 0.9266, loss_cls: 0.8575, loss: 0.8575
2026-08-29 07:04:27,748 - pyskl - INFO - Epoch [9][3700/5537]	lr: 1.087e-02, eta: 1 day, 4:31:19, time: 2.545, data_time: 0.000, memory: 5243, top1_acc: 0.7412, top5_acc: 0.9250, loss_cls: 0.8638, loss: 0.8638
2026-08-29 07:08:41,015 - pyskl - INFO - Epoch [9][3800/5537]	lr: 1.082e-02, eta: 1 day, 4:27:07, time: 2.533, data_time: 0.000, memory: 5243, top1_acc: 0.7294, top5_acc: 0.9125, loss_cls: 0.9159, loss: 0.9159
2026-08-29 07:12:54,716 - pyskl - INFO - Epoch [9][3900/5537]	lr: 1.078e-02, eta: 1 day, 4:22:54, time: 2.537, data_time: 0.000, memory: 5243, top1_acc: 0.7291, top5_acc: 0.9156, loss_cls: 0.9183, loss: 0.9183
2026-08-29 07:17:09,927 - pyskl - INFO - Epoch [9][4000/5537]	lr: 1.073e-02, eta: 1 day, 4:18:43, time: 2.552, data_time: 0.000, memory: 5243, top1_acc: 0.7362, top5_acc: 0.9206, loss_cls: 0.8783, loss: 0.8783
2026-08-29 07:21:22,942 - pyskl - INFO - Epoch [9][4100/5537]	lr: 1.069e-02, eta: 1 day, 4:14:30, time: 2.530, data_time: 0.000, memory: 5243, top1_acc: 0.7409, top5_acc: 0.9219, loss_cls: 0.8965, loss: 0.8965
2026-08-29 07:25:37,281 - pyskl - INFO - Epoch [9][4200/5537]	lr: 1.065e-02, eta: 1 day, 4:10:19, time: 2.543, data_time: 0.000, memory: 5243, top1_acc: 0.7344, top5_acc: 0.9253, loss_cls: 0.8539, loss: 0.8539
2026-08-29 07:29:51,946 - pyskl - INFO - Epoch [9][4300/5537]	lr: 1.060e-02, eta: 1 day, 4:06:07, time: 2.547, data_time: 0.000, memory: 5243, top1_acc: 0.7391, top5_acc: 0.9206, loss_cls: 0.8752, loss: 0.8752
2026-08-29 07:34:06,316 - pyskl - INFO - Epoch [9][4400/5537]	lr: 1.056e-02, eta: 1 day, 4:01:55, time: 2.544, data_time: 0.000, memory: 5243, top1_acc: 0.7400, top5_acc: 0.9150, loss_cls: 0.8834, loss: 0.8834
2026-08-29 07:38:19,206 - pyskl - INFO - Epoch [9][4500/5537]	lr: 1.051e-02, eta: 1 day, 3:57:42, time: 2.529, data_time: 0.000, memory: 5243, top1_acc: 0.7275, top5_acc: 0.9369, loss_cls: 0.8811, loss: 0.8811
2026-08-29 07:42:33,180 - pyskl - INFO - Epoch [9][4600/5537]	lr: 1.047e-02, eta: 1 day, 3:53:30, time: 2.540, data_time: 0.000, memory: 5243, top1_acc: 0.7334, top5_acc: 0.9241, loss_cls: 0.8941, loss: 0.8941
2026-08-29 07:46:47,852 - pyskl - INFO - Epoch [9][4700/5537]	lr: 1.043e-02, eta: 1 day, 3:49:19, time: 2.547, data_time: 0.000, memory: 5243, top1_acc: 0.7556, top5_acc: 0.9287, loss_cls: 0.8359, loss: 0.8359
2026-08-29 07:51:00,749 - pyskl - INFO - Epoch [9][4800/5537]	lr: 1.038e-02, eta: 1 day, 3:45:06, time: 2.529, data_time: 0.000, memory: 5243, top1_acc: 0.7450, top5_acc: 0.9253, loss_cls: 0.8579, loss: 0.8579
2026-08-29 07:55:17,430 - pyskl - INFO - Epoch [9][4900/5537]	lr: 1.034e-02, eta: 1 day, 3:40:56, time: 2.567, data_time: 0.000, memory: 5243, top1_acc: 0.7247, top5_acc: 0.9241, loss_cls: 0.8913, loss: 0.8913
2026-08-29 07:59:32,033 - pyskl - INFO - Epoch [9][5000/5537]	lr: 1.030e-02, eta: 1 day, 3:36:44, time: 2.546, data_time: 0.000, memory: 5243, top1_acc: 0.7247, top5_acc: 0.9206, loss_cls: 0.9169, loss: 0.9169
2026-08-29 08:03:48,448 - pyskl - INFO - Epoch [9][5100/5537]	lr: 1.025e-02, eta: 1 day, 3:32:34, time: 2.564, data_time: 0.000, memory: 5243, top1_acc: 0.7334, top5_acc: 0.9200, loss_cls: 0.8981, loss: 0.8981
2026-08-29 08:08:04,402 - pyskl - INFO - Epoch [9][5200/5537]	lr: 1.021e-02, eta: 1 day, 3:28:23, time: 2.560, data_time: 0.000, memory: 5243, top1_acc: 0.7444, top5_acc: 0.9291, loss_cls: 0.8361, loss: 0.8361
2026-08-29 08:12:21,535 - pyskl - INFO - Epoch [9][5300/5537]	lr: 1.016e-02, eta: 1 day, 3:24:14, time: 2.571, data_time: 0.000, memory: 5243, top1_acc: 0.7300, top5_acc: 0.9237, loss_cls: 0.8713, loss: 0.8713
2026-08-29 08:16:38,659 - pyskl - INFO - Epoch [9][5400/5537]	lr: 1.012e-02, eta: 1 day, 3:20:04, time: 2.571, data_time: 0.000, memory: 5243, top1_acc: 0.7278, top5_acc: 0.9263, loss_cls: 0.8939, loss: 0.8939
2026-08-29 08:20:53,811 - pyskl - INFO - Epoch [9][5500/5537]	lr: 1.008e-02, eta: 1 day, 3:15:52, time: 2.552, data_time: 0.000, memory: 5243, top1_acc: 0.7369, top5_acc: 0.9213, loss_cls: 0.8750, loss: 0.8750
2026-08-29 08:22:29,888 - pyskl - INFO - Saving checkpoint at 9 epochs
2026-08-29 08:28:42,399 - pyskl - INFO - Evaluating top_k_accuracy ...
2026-08-29 08:28:42,410 - pyskl - INFO - 
top1_acc	0.8305
top5_acc	0.9757
2026-08-29 08:28:42,410 - pyskl - INFO - Epoch(val) [9][146]	top1_acc: 0.8305, top5_acc: 0.9757
2026-08-29 08:33:04,074 - pyskl - INFO - Epoch [10][100/5537]	lr: 1.002e-02, eta: 1 day, 3:09:00, time: 2.617, data_time: 0.069, memory: 5243, top1_acc: 0.7394, top5_acc: 0.9259, loss_cls: 0.8551, loss: 0.8551
2026-08-29 08:37:21,118 - pyskl - INFO - Epoch [10][200/5537]	lr: 9.975e-03, eta: 1 day, 3:04:51, time: 2.570, data_time: 0.000, memory: 5243, top1_acc: 0.7241, top5_acc: 0.9172, loss_cls: 0.9198, loss: 0.9198
2026-08-29 08:41:38,746 - pyskl - INFO - Epoch [10][300/5537]	lr: 9.932e-03, eta: 1 day, 3:00:41, time: 2.576, data_time: 0.000, memory: 5243, top1_acc: 0.7369, top5_acc: 0.9269, loss_cls: 0.8688, loss: 0.8688
2026-08-29 08:45:59,064 - pyskl - INFO - Epoch [10][400/5537]	lr: 9.888e-03, eta: 1 day, 2:56:34, time: 2.603, data_time: 0.000, memory: 5243, top1_acc: 0.7344, top5_acc: 0.9253, loss_cls: 0.8725, loss: 0.8725
2026-08-29 08:50:18,465 - pyskl - INFO - Epoch [10][500/5537]	lr: 9.845e-03, eta: 1 day, 2:52:26, time: 2.594, data_time: 0.000, memory: 5243, top1_acc: 0.7478, top5_acc: 0.9294, loss_cls: 0.8475, loss: 0.8475
2026-08-29 08:54:39,153 - pyskl - INFO - Epoch [10][600/5537]	lr: 9.802e-03, eta: 1 day, 2:48:19, time: 2.607, data_time: 0.000, memory: 5243, top1_acc: 0.7469, top5_acc: 0.9275, loss_cls: 0.8625, loss: 0.8625
2026-08-29 08:58:58,840 - pyskl - INFO - Epoch [10][700/5537]	lr: 9.758e-03, eta: 1 day, 2:44:12, time: 2.597, data_time: 0.000, memory: 5243, top1_acc: 0.7412, top5_acc: 0.9294, loss_cls: 0.8515, loss: 0.8515
2026-08-29 09:03:18,539 - pyskl - INFO - Epoch [10][800/5537]	lr: 9.715e-03, eta: 1 day, 2:40:04, time: 2.597, data_time: 0.000, memory: 5243, top1_acc: 0.7475, top5_acc: 0.9231, loss_cls: 0.8513, loss: 0.8513
2026-08-29 09:07:39,477 - pyskl - INFO - Epoch [10][900/5537]	lr: 9.672e-03, eta: 1 day, 2:35:57, time: 2.609, data_time: 0.000, memory: 5243, top1_acc: 0.7481, top5_acc: 0.9219, loss_cls: 0.8355, loss: 0.8355
2026-08-29 09:11:59,898 - pyskl - INFO - Epoch [10][1000/5537]	lr: 9.629e-03, eta: 1 day, 2:31:49, time: 2.604, data_time: 0.000, memory: 5243, top1_acc: 0.7375, top5_acc: 0.9250, loss_cls: 0.8699, loss: 0.8699
2026-08-29 09:16:20,437 - pyskl - INFO - Epoch [10][1100/5537]	lr: 9.586e-03, eta: 1 day, 2:27:42, time: 2.605, data_time: 0.000, memory: 5243, top1_acc: 0.7503, top5_acc: 0.9291, loss_cls: 0.8293, loss: 0.8293
2026-08-29 09:20:40,696 - pyskl - INFO - Epoch [10][1200/5537]	lr: 9.542e-03, eta: 1 day, 2:23:35, time: 2.603, data_time: 0.000, memory: 5243, top1_acc: 0.7459, top5_acc: 0.9303, loss_cls: 0.8341, loss: 0.8341
2026-08-29 09:25:01,412 - pyskl - INFO - Epoch [10][1300/5537]	lr: 9.499e-03, eta: 1 day, 2:19:27, time: 2.607, data_time: 0.000, memory: 5243, top1_acc: 0.7438, top5_acc: 0.9328, loss_cls: 0.8525, loss: 0.8525
2026-08-29 09:29:22,206 - pyskl - INFO - Epoch [10][1400/5537]	lr: 9.456e-03, eta: 1 day, 2:15:20, time: 2.608, data_time: 0.000, memory: 5243, top1_acc: 0.7356, top5_acc: 0.9203, loss_cls: 0.8876, loss: 0.8876
2026-08-29 09:33:42,503 - pyskl - INFO - Epoch [10][1500/5537]	lr: 9.413e-03, eta: 1 day, 2:11:12, time: 2.603, data_time: 0.000, memory: 5243, top1_acc: 0.7272, top5_acc: 0.9244, loss_cls: 0.8855, loss: 0.8855
2026-08-29 09:38:02,641 - pyskl - INFO - Epoch [10][1600/5537]	lr: 9.370e-03, eta: 1 day, 2:07:04, time: 2.601, data_time: 0.000, memory: 5243, top1_acc: 0.7425, top5_acc: 0.9241, loss_cls: 0.8714, loss: 0.8714
2026-08-29 09:42:22,917 - pyskl - INFO - Epoch [10][1700/5537]	lr: 9.328e-03, eta: 1 day, 2:02:57, time: 2.603, data_time: 0.000, memory: 5243, top1_acc: 0.7441, top5_acc: 0.9237, loss_cls: 0.8671, loss: 0.8671
2026-08-29 09:46:43,251 - pyskl - INFO - Epoch [10][1800/5537]	lr: 9.285e-03, eta: 1 day, 1:58:49, time: 2.603, data_time: 0.000, memory: 5243, top1_acc: 0.7459, top5_acc: 0.9266, loss_cls: 0.8351, loss: 0.8351
2026-08-29 09:51:03,062 - pyskl - INFO - Epoch [10][1900/5537]	lr: 9.242e-03, eta: 1 day, 1:54:40, time: 2.598, data_time: 0.000, memory: 5243, top1_acc: 0.7472, top5_acc: 0.9253, loss_cls: 0.8483, loss: 0.8483
2026-08-29 09:55:23,931 - pyskl - INFO - Epoch [10][2000/5537]	lr: 9.199e-03, eta: 1 day, 1:50:33, time: 2.609, data_time: 0.000, memory: 5243, top1_acc: 0.7381, top5_acc: 0.9247, loss_cls: 0.8641, loss: 0.8641
2026-08-29 09:59:44,694 - pyskl - INFO - Epoch [10][2100/5537]	lr: 9.156e-03, eta: 1 day, 1:46:25, time: 2.608, data_time: 0.000, memory: 5243, top1_acc: 0.7441, top5_acc: 0.9341, loss_cls: 0.8371, loss: 0.8371
2026-08-29 10:04:05,291 - pyskl - INFO - Epoch [10][2200/5537]	lr: 9.114e-03, eta: 1 day, 1:42:17, time: 2.606, data_time: 0.000, memory: 5243, top1_acc: 0.7459, top5_acc: 0.9187, loss_cls: 0.8731, loss: 0.8731
2026-08-29 10:08:25,219 - pyskl - INFO - Epoch [10][2300/5537]	lr: 9.071e-03, eta: 1 day, 1:38:09, time: 2.599, data_time: 0.000, memory: 5243, top1_acc: 0.7588, top5_acc: 0.9313, loss_cls: 0.8060, loss: 0.8060
2026-08-29 10:12:46,024 - pyskl - INFO - Epoch [10][2400/5537]	lr: 9.028e-03, eta: 1 day, 1:34:01, time: 2.608, data_time: 0.000, memory: 5243, top1_acc: 0.7478, top5_acc: 0.9209, loss_cls: 0.8483, loss: 0.8483
2026-08-29 10:17:06,794 - pyskl - INFO - Epoch [10][2500/5537]	lr: 8.986e-03, eta: 1 day, 1:29:53, time: 2.608, data_time: 0.000, memory: 5243, top1_acc: 0.7462, top5_acc: 0.9237, loss_cls: 0.8592, loss: 0.8592
2026-08-29 10:21:26,817 - pyskl - INFO - Epoch [10][2600/5537]	lr: 8.943e-03, eta: 1 day, 1:25:45, time: 2.600, data_time: 0.000, memory: 5243, top1_acc: 0.7406, top5_acc: 0.9241, loss_cls: 0.8539, loss: 0.8539
2026-08-29 10:25:47,488 - pyskl - INFO - Epoch [10][2700/5537]	lr: 8.901e-03, eta: 1 day, 1:21:37, time: 2.607, data_time: 0.000, memory: 5243, top1_acc: 0.7478, top5_acc: 0.9194, loss_cls: 0.8641, loss: 0.8641
2026-08-29 10:30:08,248 - pyskl - INFO - Epoch [10][2800/5537]	lr: 8.859e-03, eta: 1 day, 1:17:29, time: 2.608, data_time: 0.000, memory: 5243, top1_acc: 0.7681, top5_acc: 0.9325, loss_cls: 0.7815, loss: 0.7815
2026-08-29 10:34:28,559 - pyskl - INFO - Epoch [10][2900/5537]	lr: 8.816e-03, eta: 1 day, 1:13:21, time: 2.603, data_time: 0.000, memory: 5243, top1_acc: 0.7584, top5_acc: 0.9331, loss_cls: 0.8172, loss: 0.8172
2026-08-29 10:38:47,986 - pyskl - INFO - Epoch [10][3000/5537]	lr: 8.774e-03, eta: 1 day, 1:09:12, time: 2.594, data_time: 0.000, memory: 5243, top1_acc: 0.7438, top5_acc: 0.9284, loss_cls: 0.8378, loss: 0.8378
2026-08-29 10:43:08,187 - pyskl - INFO - Epoch [10][3100/5537]	lr: 8.732e-03, eta: 1 day, 1:05:03, time: 2.602, data_time: 0.000, memory: 5243, top1_acc: 0.7491, top5_acc: 0.9250, loss_cls: 0.8561, loss: 0.8561
2026-08-29 10:47:28,616 - pyskl - INFO - Epoch [10][3200/5537]	lr: 8.689e-03, eta: 1 day, 1:00:55, time: 2.604, data_time: 0.000, memory: 5243, top1_acc: 0.7516, top5_acc: 0.9272, loss_cls: 0.8305, loss: 0.8305
2026-08-29 10:51:48,756 - pyskl - INFO - Epoch [10][3300/5537]	lr: 8.647e-03, eta: 1 day, 0:56:46, time: 2.601, data_time: 0.000, memory: 5243, top1_acc: 0.7509, top5_acc: 0.9287, loss_cls: 0.8335, loss: 0.8335
2026-08-29 10:56:08,547 - pyskl - INFO - Epoch [10][3400/5537]	lr: 8.605e-03, eta: 1 day, 0:52:37, time: 2.598, data_time: 0.000, memory: 5243, top1_acc: 0.7425, top5_acc: 0.9266, loss_cls: 0.8733, loss: 0.8733
2026-08-29 11:00:29,213 - pyskl - INFO - Epoch [10][3500/5537]	lr: 8.563e-03, eta: 1 day, 0:48:29, time: 2.607, data_time: 0.000, memory: 5243, top1_acc: 0.7450, top5_acc: 0.9300, loss_cls: 0.8178, loss: 0.8178
2026-08-29 11:04:49,058 - pyskl - INFO - Epoch [10][3600/5537]	lr: 8.521e-03, eta: 1 day, 0:44:20, time: 2.598, data_time: 0.000, memory: 5243, top1_acc: 0.7631, top5_acc: 0.9331, loss_cls: 0.7959, loss: 0.7959
2026-08-29 11:09:08,626 - pyskl - INFO - Epoch [10][3700/5537]	lr: 8.479e-03, eta: 1 day, 0:40:10, time: 2.596, data_time: 0.000, memory: 5243, top1_acc: 0.7500, top5_acc: 0.9253, loss_cls: 0.8321, loss: 0.8321
2026-08-29 11:13:29,000 - pyskl - INFO - Epoch [10][3800/5537]	lr: 8.437e-03, eta: 1 day, 0:36:02, time: 2.604, data_time: 0.000, memory: 5243, top1_acc: 0.7497, top5_acc: 0.9291, loss_cls: 0.8514, loss: 0.8514
2026-08-29 11:17:49,161 - pyskl - INFO - Epoch [10][3900/5537]	lr: 8.395e-03, eta: 1 day, 0:31:53, time: 2.602, data_time: 0.000, memory: 5243, top1_acc: 0.7550, top5_acc: 0.9344, loss_cls: 0.7973, loss: 0.7973
2026-08-29 11:22:09,802 - pyskl - INFO - Epoch [10][4000/5537]	lr: 8.353e-03, eta: 1 day, 0:27:44, time: 2.606, data_time: 0.000, memory: 5243, top1_acc: 0.7762, top5_acc: 0.9331, loss_cls: 0.7635, loss: 0.7635
2026-08-29 11:26:29,870 - pyskl - INFO - Epoch [10][4100/5537]	lr: 8.311e-03, eta: 1 day, 0:23:35, time: 2.601, data_time: 0.000, memory: 5243, top1_acc: 0.7459, top5_acc: 0.9294, loss_cls: 0.8560, loss: 0.8560
2026-08-29 11:30:50,446 - pyskl - INFO - Epoch [10][4200/5537]	lr: 8.270e-03, eta: 1 day, 0:19:26, time: 2.606, data_time: 0.000, memory: 5243, top1_acc: 0.7488, top5_acc: 0.9250, loss_cls: 0.8304, loss: 0.8304
2026-08-29 11:35:11,393 - pyskl - INFO - Epoch [10][4300/5537]	lr: 8.228e-03, eta: 1 day, 0:15:18, time: 2.609, data_time: 0.000, memory: 5243, top1_acc: 0.7394, top5_acc: 0.9250, loss_cls: 0.8545, loss: 0.8545
2026-08-29 11:39:31,405 - pyskl - INFO - Epoch [10][4400/5537]	lr: 8.186e-03, eta: 1 day, 0:11:09, time: 2.600, data_time: 0.000, memory: 5243, top1_acc: 0.7703, top5_acc: 0.9397, loss_cls: 0.7838, loss: 0.7838
2026-08-29 11:43:51,380 - pyskl - INFO - Epoch [10][4500/5537]	lr: 8.145e-03, eta: 1 day, 0:06:59, time: 2.600, data_time: 0.000, memory: 5243, top1_acc: 0.7459, top5_acc: 0.9272, loss_cls: 0.8592, loss: 0.8592
2026-08-29 11:48:12,512 - pyskl - INFO - Epoch [10][4600/5537]	lr: 8.103e-03, eta: 1 day, 0:02:51, time: 2.611, data_time: 0.000, memory: 5243, top1_acc: 0.7644, top5_acc: 0.9291, loss_cls: 0.7953, loss: 0.7953
2026-08-29 11:52:32,505 - pyskl - INFO - Epoch [10][4700/5537]	lr: 8.062e-03, eta: 23:58:41, time: 2.600, data_time: 0.000, memory: 5243, top1_acc: 0.7419, top5_acc: 0.9247, loss_cls: 0.8444, loss: 0.8444
2026-08-29 11:56:52,157 - pyskl - INFO - Epoch [10][4800/5537]	lr: 8.020e-03, eta: 23:54:32, time: 2.597, data_time: 0.000, memory: 5243, top1_acc: 0.7450, top5_acc: 0.9247, loss_cls: 0.8324, loss: 0.8324
2026-08-29 12:01:13,360 - pyskl - INFO - Epoch [10][4900/5537]	lr: 7.979e-03, eta: 23:50:23, time: 2.612, data_time: 0.000, memory: 5243, top1_acc: 0.7562, top5_acc: 0.9316, loss_cls: 0.8080, loss: 0.8080
2026-08-29 12:05:33,537 - pyskl - INFO - Epoch [10][5000/5537]	lr: 7.938e-03, eta: 23:46:14, time: 2.602, data_time: 0.000, memory: 5243, top1_acc: 0.7591, top5_acc: 0.9284, loss_cls: 0.8115, loss: 0.8115
2026-08-29 12:09:54,274 - pyskl - INFO - Epoch [10][5100/5537]	lr: 7.896e-03, eta: 23:42:05, time: 2.607, data_time: 0.000, memory: 5243, top1_acc: 0.7609, top5_acc: 0.9331, loss_cls: 0.7965, loss: 0.7965
2026-08-29 12:14:14,362 - pyskl - INFO - Epoch [10][5200/5537]	lr: 7.855e-03, eta: 23:37:55, time: 2.601, data_time: 0.000, memory: 5243, top1_acc: 0.7638, top5_acc: 0.9284, loss_cls: 0.8088, loss: 0.8088
2026-08-29 12:18:34,817 - pyskl - INFO - Epoch [10][5300/5537]	lr: 7.814e-03, eta: 23:33:46, time: 2.605, data_time: 0.000, memory: 5243, top1_acc: 0.7688, top5_acc: 0.9322, loss_cls: 0.7840, loss: 0.7840
2026-08-29 12:22:55,487 - pyskl - INFO - Epoch [10][5400/5537]	lr: 7.773e-03, eta: 23:29:37, time: 2.607, data_time: 0.000, memory: 5243, top1_acc: 0.7534, top5_acc: 0.9359, loss_cls: 0.8053, loss: 0.8053
2026-08-29 12:27:14,845 - pyskl - INFO - Epoch [10][5500/5537]	lr: 7.732e-03, eta: 23:25:27, time: 2.594, data_time: 0.000, memory: 5243, top1_acc: 0.7503, top5_acc: 0.9284, loss_cls: 0.8179, loss: 0.8179
2026-08-29 12:28:51,146 - pyskl - INFO - Saving checkpoint at 10 epochs
2026-08-29 12:34:57,401 - pyskl - INFO - Evaluating top_k_accuracy ...
2026-08-29 12:34:57,413 - pyskl - INFO - 
top1_acc	0.8462
top5_acc	0.9792
2026-08-29 12:34:57,414 - pyskl - INFO - The previous best checkpoint D:\YxjProject\pythonProject\pyskl\work_dirs\aug_baseline\stgcnpp_j\train\A6_mixed\best_top1_acc_epoch_8.pth was removed
2026-08-29 12:34:57,484 - pyskl - INFO - Now best checkpoint is saved as best_top1_acc_epoch_10.pth.
2026-08-29 12:34:57,485 - pyskl - INFO - Best top1_acc is 0.8462 at 10 epoch.
2026-08-29 12:34:57,485 - pyskl - INFO - Epoch(val) [10][146]	top1_acc: 0.8462, top5_acc: 0.9792
2026-08-29 12:39:24,290 - pyskl - INFO - Epoch [11][100/5537]	lr: 7.676e-03, eta: 23:18:51, time: 2.668, data_time: 0.067, memory: 5243, top1_acc: 0.7600, top5_acc: 0.9291, loss_cls: 0.8046, loss: 0.8046
2026-08-29 12:43:44,622 - pyskl - INFO - Epoch [11][200/5537]	lr: 7.635e-03, eta: 23:14:42, time: 2.603, data_time: 0.000, memory: 5243, top1_acc: 0.7681, top5_acc: 0.9356, loss_cls: 0.7813, loss: 0.7813
2026-08-29 12:48:05,473 - pyskl - INFO - Epoch [11][300/5537]	lr: 7.594e-03, eta: 23:10:33, time: 2.609, data_time: 0.000, memory: 5243, top1_acc: 0.7609, top5_acc: 0.9300, loss_cls: 0.8053, loss: 0.8053
2026-08-29 12:52:26,535 - pyskl - INFO - Epoch [11][400/5537]	lr: 7.554e-03, eta: 23:06:24, time: 2.611, data_time: 0.000, memory: 5243, top1_acc: 0.7631, top5_acc: 0.9341, loss_cls: 0.7883, loss: 0.7883
2026-08-29 12:56:46,329 - pyskl - INFO - Epoch [11][500/5537]	lr: 7.513e-03, eta: 23:02:14, time: 2.598, data_time: 0.000, memory: 5243, top1_acc: 0.7638, top5_acc: 0.9306, loss_cls: 0.7904, loss: 0.7904
2026-08-29 13:01:07,214 - pyskl - INFO - Epoch [11][600/5537]	lr: 7.472e-03, eta: 22:58:05, time: 2.609, data_time: 0.000, memory: 5243, top1_acc: 0.7600, top5_acc: 0.9341, loss_cls: 0.7873, loss: 0.7873
2026-08-29 13:05:28,044 - pyskl - INFO - Epoch [11][700/5537]	lr: 7.432e-03, eta: 22:53:56, time: 2.608, data_time: 0.000, memory: 5243, top1_acc: 0.7522, top5_acc: 0.9253, loss_cls: 0.8244, loss: 0.8244
2026-08-29 13:09:48,494 - pyskl - INFO - Epoch [11][800/5537]	lr: 7.391e-03, eta: 22:49:46, time: 2.605, data_time: 0.000, memory: 5243, top1_acc: 0.7622, top5_acc: 0.9400, loss_cls: 0.7879, loss: 0.7879
2026-08-29 13:14:08,008 - pyskl - INFO - Epoch [11][900/5537]	lr: 7.351e-03, eta: 22:45:36, time: 2.595, data_time: 0.000, memory: 5243, top1_acc: 0.7603, top5_acc: 0.9375, loss_cls: 0.7861, loss: 0.7861
2026-08-29 13:18:28,454 - pyskl - INFO - Epoch [11][1000/5537]	lr: 7.310e-03, eta: 22:41:27, time: 2.604, data_time: 0.000, memory: 5243, top1_acc: 0.7525, top5_acc: 0.9209, loss_cls: 0.8387, loss: 0.8387
2026-08-29 13:22:48,609 - pyskl - INFO - Epoch [11][1100/5537]	lr: 7.270e-03, eta: 22:37:17, time: 2.602, data_time: 0.000, memory: 5243, top1_acc: 0.7519, top5_acc: 0.9344, loss_cls: 0.8294, loss: 0.8294
2026-08-29 13:27:08,559 - pyskl - INFO - Epoch [11][1200/5537]	lr: 7.230e-03, eta: 22:33:07, time: 2.600, data_time: 0.000, memory: 5243, top1_acc: 0.7647, top5_acc: 0.9337, loss_cls: 0.7890, loss: 0.7890
2026-08-29 13:31:29,211 - pyskl - INFO - Epoch [11][1300/5537]	lr: 7.190e-03, eta: 22:28:58, time: 2.607, data_time: 0.000, memory: 5243, top1_acc: 0.7675, top5_acc: 0.9303, loss_cls: 0.7894, loss: 0.7894
2026-08-29 13:35:49,732 - pyskl - INFO - Epoch [11][1400/5537]	lr: 7.150e-03, eta: 22:24:48, time: 2.605, data_time: 0.000, memory: 5243, top1_acc: 0.7634, top5_acc: 0.9344, loss_cls: 0.7865, loss: 0.7865
2026-08-29 13:40:10,277 - pyskl - INFO - Epoch [11][1500/5537]	lr: 7.110e-03, eta: 22:20:38, time: 2.605, data_time: 0.000, memory: 5243, top1_acc: 0.7556, top5_acc: 0.9303, loss_cls: 0.7929, loss: 0.7929
2026-08-29 13:44:30,470 - pyskl - INFO - Epoch [11][1600/5537]	lr: 7.070e-03, eta: 22:16:29, time: 2.602, data_time: 0.000, memory: 5243, top1_acc: 0.7503, top5_acc: 0.9272, loss_cls: 0.8170, loss: 0.8170
2026-08-29 13:48:51,174 - pyskl - INFO - Epoch [11][1700/5537]	lr: 7.030e-03, eta: 22:12:19, time: 2.607, data_time: 0.000, memory: 5243, top1_acc: 0.7609, top5_acc: 0.9325, loss_cls: 0.8074, loss: 0.8074
2026-08-29 13:53:12,183 - pyskl - INFO - Epoch [11][1800/5537]	lr: 6.990e-03, eta: 22:08:09, time: 2.610, data_time: 0.000, memory: 5243, top1_acc: 0.7644, top5_acc: 0.9334, loss_cls: 0.7854, loss: 0.7854
2026-08-29 13:57:32,129 - pyskl - INFO - Epoch [11][1900/5537]	lr: 6.950e-03, eta: 22:03:59, time: 2.599, data_time: 0.000, memory: 5243, top1_acc: 0.7659, top5_acc: 0.9347, loss_cls: 0.7628, loss: 0.7628
2026-08-29 14:01:52,264 - pyskl - INFO - Epoch [11][2000/5537]	lr: 6.911e-03, eta: 21:59:49, time: 2.601, data_time: 0.000, memory: 5243, top1_acc: 0.7644, top5_acc: 0.9347, loss_cls: 0.7770, loss: 0.7770
2026-08-29 14:06:13,209 - pyskl - INFO - Epoch [11][2100/5537]	lr: 6.871e-03, eta: 21:55:39, time: 2.609, data_time: 0.000, memory: 5243, top1_acc: 0.7781, top5_acc: 0.9337, loss_cls: 0.7551, loss: 0.7551
2026-08-29 14:10:33,158 - pyskl - INFO - Epoch [11][2200/5537]	lr: 6.831e-03, eta: 21:51:29, time: 2.599, data_time: 0.000, memory: 5243, top1_acc: 0.7528, top5_acc: 0.9275, loss_cls: 0.8133, loss: 0.8133
2026-08-29 14:14:52,894 - pyskl - INFO - Epoch [11][2300/5537]	lr: 6.792e-03, eta: 21:47:19, time: 2.597, data_time: 0.000, memory: 5243, top1_acc: 0.7609, top5_acc: 0.9294, loss_cls: 0.7946, loss: 0.7946
2026-08-29 14:19:14,689 - pyskl - INFO - Epoch [11][2400/5537]	lr: 6.752e-03, eta: 21:43:09, time: 2.618, data_time: 0.000, memory: 5243, top1_acc: 0.7831, top5_acc: 0.9419, loss_cls: 0.7379, loss: 0.7379
2026-08-29 14:23:35,303 - pyskl - INFO - Epoch [11][2500/5537]	lr: 6.713e-03, eta: 21:38:59, time: 2.606, data_time: 0.000, memory: 5243, top1_acc: 0.7612, top5_acc: 0.9309, loss_cls: 0.7888, loss: 0.7888
2026-08-29 14:27:55,983 - pyskl - INFO - Epoch [11][2600/5537]	lr: 6.674e-03, eta: 21:34:49, time: 2.607, data_time: 0.000, memory: 5243, top1_acc: 0.7675, top5_acc: 0.9272, loss_cls: 0.8001, loss: 0.8001
2026-08-29 14:32:15,745 - pyskl - INFO - Epoch [11][2700/5537]	lr: 6.635e-03, eta: 21:30:39, time: 2.598, data_time: 0.000, memory: 5243, top1_acc: 0.7662, top5_acc: 0.9300, loss_cls: 0.7783, loss: 0.7783
2026-08-29 14:36:35,798 - pyskl - INFO - Epoch [11][2800/5537]	lr: 6.596e-03, eta: 21:26:29, time: 2.601, data_time: 0.000, memory: 5243, top1_acc: 0.7781, top5_acc: 0.9344, loss_cls: 0.7673, loss: 0.7673
2026-08-29 14:40:56,312 - pyskl - INFO - Epoch [11][2900/5537]	lr: 6.557e-03, eta: 21:22:18, time: 2.605, data_time: 0.000, memory: 5243, top1_acc: 0.7594, top5_acc: 0.9291, loss_cls: 0.8008, loss: 0.8008
2026-08-29 14:45:15,436 - pyskl - INFO - Epoch [11][3000/5537]	lr: 6.518e-03, eta: 21:18:07, time: 2.591, data_time: 0.000, memory: 5243, top1_acc: 0.7619, top5_acc: 0.9334, loss_cls: 0.7892, loss: 0.7892
2026-08-29 14:49:35,277 - pyskl - INFO - Epoch [11][3100/5537]	lr: 6.479e-03, eta: 21:13:57, time: 2.598, data_time: 0.000, memory: 5243, top1_acc: 0.7706, top5_acc: 0.9359, loss_cls: 0.7672, loss: 0.7672
2026-08-29 14:53:55,890 - pyskl - INFO - Epoch [11][3200/5537]	lr: 6.440e-03, eta: 21:09:47, time: 2.606, data_time: 0.000, memory: 5243, top1_acc: 0.7706, top5_acc: 0.9394, loss_cls: 0.7613, loss: 0.7613
2026-08-29 14:58:16,088 - pyskl - INFO - Epoch [11][3300/5537]	lr: 6.401e-03, eta: 21:05:36, time: 2.602, data_time: 0.000, memory: 5243, top1_acc: 0.7675, top5_acc: 0.9359, loss_cls: 0.7762, loss: 0.7762
2026-08-29 15:02:35,737 - pyskl - INFO - Epoch [11][3400/5537]	lr: 6.363e-03, eta: 21:01:25, time: 2.596, data_time: 0.000, memory: 5243, top1_acc: 0.7712, top5_acc: 0.9341, loss_cls: 0.7638, loss: 0.7638
2026-08-29 15:06:56,977 - pyskl - INFO - Epoch [11][3500/5537]	lr: 6.324e-03, eta: 20:57:15, time: 2.612, data_time: 0.000, memory: 5243, top1_acc: 0.7681, top5_acc: 0.9331, loss_cls: 0.7752, loss: 0.7752
2026-08-29 15:11:16,908 - pyskl - INFO - Epoch [11][3600/5537]	lr: 6.285e-03, eta: 20:53:04, time: 2.599, data_time: 0.000, memory: 5243, top1_acc: 0.7697, top5_acc: 0.9309, loss_cls: 0.7795, loss: 0.7795
2026-08-29 15:15:37,157 - pyskl - INFO - Epoch [11][3700/5537]	lr: 6.247e-03, eta: 20:48:54, time: 2.602, data_time: 0.000, memory: 5243, top1_acc: 0.7762, top5_acc: 0.9359, loss_cls: 0.7405, loss: 0.7405
2026-08-29 15:19:57,351 - pyskl - INFO - Epoch [11][3800/5537]	lr: 6.209e-03, eta: 20:44:43, time: 2.602, data_time: 0.000, memory: 5243, top1_acc: 0.7822, top5_acc: 0.9378, loss_cls: 0.7336, loss: 0.7336
2026-08-29 15:24:17,234 - pyskl - INFO - Epoch [11][3900/5537]	lr: 6.170e-03, eta: 20:40:32, time: 2.599, data_time: 0.000, memory: 5243, top1_acc: 0.7850, top5_acc: 0.9413, loss_cls: 0.7264, loss: 0.7264
2026-08-29 15:28:38,158 - pyskl - INFO - Epoch [11][4000/5537]	lr: 6.132e-03, eta: 20:36:22, time: 2.609, data_time: 0.000, memory: 5243, top1_acc: 0.7734, top5_acc: 0.9366, loss_cls: 0.7718, loss: 0.7718
2026-08-29 15:32:57,584 - pyskl - INFO - Epoch [11][4100/5537]	lr: 6.094e-03, eta: 20:32:11, time: 2.594, data_time: 0.000, memory: 5243, top1_acc: 0.7747, top5_acc: 0.9319, loss_cls: 0.7714, loss: 0.7714
2026-08-29 15:37:18,466 - pyskl - INFO - Epoch [11][4200/5537]	lr: 6.056e-03, eta: 20:28:00, time: 2.609, data_time: 0.000, memory: 5243, top1_acc: 0.7709, top5_acc: 0.9363, loss_cls: 0.7636, loss: 0.7636
2026-08-29 15:41:39,171 - pyskl - INFO - Epoch [11][4300/5537]	lr: 6.018e-03, eta: 20:23:50, time: 2.607, data_time: 0.000, memory: 5243, top1_acc: 0.7731, top5_acc: 0.9284, loss_cls: 0.7811, loss: 0.7811
2026-08-29 15:45:59,970 - pyskl - INFO - Epoch [11][4400/5537]	lr: 5.980e-03, eta: 20:19:39, time: 2.608, data_time: 0.000, memory: 5243, top1_acc: 0.7788, top5_acc: 0.9372, loss_cls: 0.7390, loss: 0.7390
2026-08-29 15:50:19,812 - pyskl - INFO - Epoch [11][4500/5537]	lr: 5.943e-03, eta: 20:15:28, time: 2.598, data_time: 0.000, memory: 5243, top1_acc: 0.7834, top5_acc: 0.9394, loss_cls: 0.7329, loss: 0.7329
2026-08-29 15:54:40,514 - pyskl - INFO - Epoch [11][4600/5537]	lr: 5.905e-03, eta: 20:11:18, time: 2.607, data_time: 0.000, memory: 5243, top1_acc: 0.7744, top5_acc: 0.9366, loss_cls: 0.7491, loss: 0.7491
2026-08-29 15:59:00,621 - pyskl - INFO - Epoch [11][4700/5537]	lr: 5.867e-03, eta: 20:07:07, time: 2.601, data_time: 0.000, memory: 5243, top1_acc: 0.7762, top5_acc: 0.9413, loss_cls: 0.7372, loss: 0.7372
2026-08-29 16:03:20,658 - pyskl - INFO - Epoch [11][4800/5537]	lr: 5.830e-03, eta: 20:02:56, time: 2.600, data_time: 0.000, memory: 5243, top1_acc: 0.7844, top5_acc: 0.9363, loss_cls: 0.7348, loss: 0.7348
2026-08-29 16:07:40,832 - pyskl - INFO - Epoch [11][4900/5537]	lr: 5.792e-03, eta: 19:58:45, time: 2.602, data_time: 0.000, memory: 5243, top1_acc: 0.7831, top5_acc: 0.9416, loss_cls: 0.7167, loss: 0.7167
2026-08-29 16:12:00,741 - pyskl - INFO - Epoch [11][5000/5537]	lr: 5.755e-03, eta: 19:54:33, time: 2.599, data_time: 0.000, memory: 5243, top1_acc: 0.7869, top5_acc: 0.9397, loss_cls: 0.7109, loss: 0.7109
2026-08-29 16:16:20,782 - pyskl - INFO - Epoch [11][5100/5537]	lr: 5.718e-03, eta: 19:50:22, time: 2.600, data_time: 0.000, memory: 5243, top1_acc: 0.7753, top5_acc: 0.9422, loss_cls: 0.7452, loss: 0.7452
2026-08-29 16:20:40,931 - pyskl - INFO - Epoch [11][5200/5537]	lr: 5.680e-03, eta: 19:46:11, time: 2.601, data_time: 0.000, memory: 5243, top1_acc: 0.7819, top5_acc: 0.9425, loss_cls: 0.7379, loss: 0.7379
2026-08-29 16:25:01,974 - pyskl - INFO - Epoch [11][5300/5537]	lr: 5.643e-03, eta: 19:42:00, time: 2.610, data_time: 0.000, memory: 5243, top1_acc: 0.7816, top5_acc: 0.9387, loss_cls: 0.7134, loss: 0.7134
2026-08-29 16:29:22,650 - pyskl - INFO - Epoch [11][5400/5537]	lr: 5.606e-03, eta: 19:37:49, time: 2.607, data_time: 0.000, memory: 5243, top1_acc: 0.7762, top5_acc: 0.9419, loss_cls: 0.7458, loss: 0.7458
2026-08-29 16:33:43,430 - pyskl - INFO - Epoch [11][5500/5537]	lr: 5.569e-03, eta: 19:33:38, time: 2.608, data_time: 0.000, memory: 5243, top1_acc: 0.7662, top5_acc: 0.9300, loss_cls: 0.7759, loss: 0.7759
2026-08-29 16:35:19,756 - pyskl - INFO - Saving checkpoint at 11 epochs
2026-08-29 16:41:25,691 - pyskl - INFO - Evaluating top_k_accuracy ...
2026-08-29 16:41:25,702 - pyskl - INFO - 
top1_acc	0.8651
top5_acc	0.9779
2026-08-29 16:41:25,704 - pyskl - INFO - The previous best checkpoint D:\YxjProject\pythonProject\pyskl\work_dirs\aug_baseline\stgcnpp_j\train\A6_mixed\best_top1_acc_epoch_10.pth was removed
2026-08-29 16:41:25,775 - pyskl - INFO - Now best checkpoint is saved as best_top1_acc_epoch_11.pth.
2026-08-29 16:41:25,775 - pyskl - INFO - Best top1_acc is 0.8651 at 11 epoch.
2026-08-29 16:41:25,775 - pyskl - INFO - Epoch(val) [11][146]	top1_acc: 0.8651, top5_acc: 0.9779
2026-08-29 16:46:07,167 - pyskl - INFO - Epoch [12][100/5537]	lr: 5.519e-03, eta: 19:27:20, time: 2.814, data_time: 0.212, memory: 5243, top1_acc: 0.8041, top5_acc: 0.9428, loss_cls: 0.6827, loss: 0.6827
2026-08-29 16:50:26,824 - pyskl - INFO - Epoch [12][200/5537]	lr: 5.482e-03, eta: 19:23:09, time: 2.597, data_time: 0.000, memory: 5243, top1_acc: 0.7884, top5_acc: 0.9469, loss_cls: 0.7046, loss: 0.7046
2026-08-29 16:54:46,237 - pyskl - INFO - Epoch [12][300/5537]	lr: 5.446e-03, eta: 19:18:58, time: 2.594, data_time: 0.000, memory: 5243, top1_acc: 0.7716, top5_acc: 0.9359, loss_cls: 0.7582, loss: 0.7582
2026-08-29 16:59:06,336 - pyskl - INFO - Epoch [12][400/5537]	lr: 5.409e-03, eta: 19:14:46, time: 2.601, data_time: 0.000, memory: 5243, top1_acc: 0.7866, top5_acc: 0.9397, loss_cls: 0.6935, loss: 0.6935
2026-08-29 17:03:26,179 - pyskl - INFO - Epoch [12][500/5537]	lr: 5.373e-03, eta: 19:10:35, time: 2.598, data_time: 0.000, memory: 5243, top1_acc: 0.7800, top5_acc: 0.9328, loss_cls: 0.7448, loss: 0.7448
2026-08-29 17:07:45,860 - pyskl - INFO - Epoch [12][600/5537]	lr: 5.336e-03, eta: 19:06:24, time: 2.597, data_time: 0.000, memory: 5243, top1_acc: 0.7828, top5_acc: 0.9372, loss_cls: 0.7353, loss: 0.7353
2026-08-29 17:12:06,471 - pyskl - INFO - Epoch [12][700/5537]	lr: 5.300e-03, eta: 19:02:13, time: 2.606, data_time: 0.000, memory: 5243, top1_acc: 0.7834, top5_acc: 0.9387, loss_cls: 0.7209, loss: 0.7209
2026-08-29 17:16:26,400 - pyskl - INFO - Epoch [12][800/5537]	lr: 5.264e-03, eta: 18:58:01, time: 2.599, data_time: 0.000, memory: 5243, top1_acc: 0.7856, top5_acc: 0.9363, loss_cls: 0.7385, loss: 0.7385
2026-08-29 17:20:45,552 - pyskl - INFO - Epoch [12][900/5537]	lr: 5.228e-03, eta: 18:53:50, time: 2.592, data_time: 0.000, memory: 5243, top1_acc: 0.7997, top5_acc: 0.9456, loss_cls: 0.6837, loss: 0.6837
2026-08-29 17:25:06,032 - pyskl - INFO - Epoch [12][1000/5537]	lr: 5.192e-03, eta: 18:49:38, time: 2.605, data_time: 0.000, memory: 5243, top1_acc: 0.7872, top5_acc: 0.9422, loss_cls: 0.7002, loss: 0.7002
2026-08-29 17:29:26,008 - pyskl - INFO - Epoch [12][1100/5537]	lr: 5.156e-03, eta: 18:45:27, time: 2.600, data_time: 0.000, memory: 5243, top1_acc: 0.7809, top5_acc: 0.9394, loss_cls: 0.7132, loss: 0.7132
2026-08-29 17:33:45,838 - pyskl - INFO - Epoch [12][1200/5537]	lr: 5.120e-03, eta: 18:41:15, time: 2.598, data_time: 0.000, memory: 5243, top1_acc: 0.7850, top5_acc: 0.9291, loss_cls: 0.7503, loss: 0.7503
2026-08-29 17:38:05,626 - pyskl - INFO - Epoch [12][1300/5537]	lr: 5.084e-03, eta: 18:37:04, time: 2.598, data_time: 0.000, memory: 5243, top1_acc: 0.7778, top5_acc: 0.9409, loss_cls: 0.7399, loss: 0.7399
2026-08-29 17:42:25,515 - pyskl - INFO - Epoch [12][1400/5537]	lr: 5.049e-03, eta: 18:32:52, time: 2.599, data_time: 0.000, memory: 5243, top1_acc: 0.7766, top5_acc: 0.9453, loss_cls: 0.7157, loss: 0.7157
2026-08-29 17:46:45,614 - pyskl - INFO - Epoch [12][1500/5537]	lr: 5.013e-03, eta: 18:28:41, time: 2.601, data_time: 0.000, memory: 5243, top1_acc: 0.7819, top5_acc: 0.9328, loss_cls: 0.7435, loss: 0.7435
2026-08-29 17:51:02,326 - pyskl - INFO - Epoch [12][1600/5537]	lr: 4.978e-03, eta: 18:24:28, time: 2.567, data_time: 0.000, memory: 5243, top1_acc: 0.7781, top5_acc: 0.9434, loss_cls: 0.7204, loss: 0.7204
2026-08-29 17:55:24,314 - pyskl - INFO - Epoch [12][1700/5537]	lr: 4.942e-03, eta: 18:20:17, time: 2.620, data_time: 0.000, memory: 5243, top1_acc: 0.7834, top5_acc: 0.9387, loss_cls: 0.7282, loss: 0.7282
2026-08-29 17:59:40,944 - pyskl - INFO - Epoch [12][1800/5537]	lr: 4.907e-03, eta: 18:16:04, time: 2.566, data_time: 0.000, memory: 5243, top1_acc: 0.7875, top5_acc: 0.9469, loss_cls: 0.6908, loss: 0.6908
2026-08-29 18:03:56,744 - pyskl - INFO - Epoch [12][1900/5537]	lr: 4.872e-03, eta: 18:11:51, time: 2.558, data_time: 0.000, memory: 5243, top1_acc: 0.7666, top5_acc: 0.9322, loss_cls: 0.7696, loss: 0.7696
2026-08-29 18:08:11,738 - pyskl - INFO - Epoch [12][2000/5537]	lr: 4.837e-03, eta: 18:07:37, time: 2.550, data_time: 0.000, memory: 5243, top1_acc: 0.7847, top5_acc: 0.9381, loss_cls: 0.7351, loss: 0.7351
2026-08-29 18:12:26,477 - pyskl - INFO - Epoch [12][2100/5537]	lr: 4.802e-03, eta: 18:03:23, time: 2.547, data_time: 0.000, memory: 5243, top1_acc: 0.7887, top5_acc: 0.9394, loss_cls: 0.6918, loss: 0.6918
2026-08-29 18:16:41,030 - pyskl - INFO - Epoch [12][2200/5537]	lr: 4.767e-03, eta: 17:59:09, time: 2.545, data_time: 0.000, memory: 5243, top1_acc: 0.7894, top5_acc: 0.9472, loss_cls: 0.7045, loss: 0.7045
2026-08-29 18:20:54,309 - pyskl - INFO - Epoch [12][2300/5537]	lr: 4.732e-03, eta: 17:54:55, time: 2.533, data_time: 0.000, memory: 5243, top1_acc: 0.7994, top5_acc: 0.9456, loss_cls: 0.6816, loss: 0.6816
2026-08-29 18:25:09,458 - pyskl - INFO - Epoch [12][2400/5537]	lr: 4.697e-03, eta: 17:50:41, time: 2.552, data_time: 0.000, memory: 5243, top1_acc: 0.7966, top5_acc: 0.9422, loss_cls: 0.7009, loss: 0.7009
2026-08-29 18:29:25,693 - pyskl - INFO - Epoch [12][2500/5537]	lr: 4.663e-03, eta: 17:46:28, time: 2.562, data_time: 0.000, memory: 5243, top1_acc: 0.7931, top5_acc: 0.9397, loss_cls: 0.7125, loss: 0.7125
2026-08-29 18:33:41,746 - pyskl - INFO - Epoch [12][2600/5537]	lr: 4.628e-03, eta: 17:42:15, time: 2.561, data_time: 0.000, memory: 5243, top1_acc: 0.7900, top5_acc: 0.9431, loss_cls: 0.7233, loss: 0.7233
2026-08-29 18:37:57,651 - pyskl - INFO - Epoch [12][2700/5537]	lr: 4.594e-03, eta: 17:38:01, time: 2.559, data_time: 0.000, memory: 5243, top1_acc: 0.7825, top5_acc: 0.9406, loss_cls: 0.7236, loss: 0.7236
2026-08-29 18:42:13,841 - pyskl - INFO - Epoch [12][2800/5537]	lr: 4.560e-03, eta: 17:33:48, time: 2.562, data_time: 0.000, memory: 5243, top1_acc: 0.7931, top5_acc: 0.9337, loss_cls: 0.7008, loss: 0.7008
2026-08-29 18:46:30,196 - pyskl - INFO - Epoch [12][2900/5537]	lr: 4.525e-03, eta: 17:29:35, time: 2.564, data_time: 0.000, memory: 5243, top1_acc: 0.7769, top5_acc: 0.9337, loss_cls: 0.7144, loss: 0.7144
2026-08-29 18:50:43,585 - pyskl - INFO - Epoch [12][3000/5537]	lr: 4.491e-03, eta: 17:25:21, time: 2.534, data_time: 0.000, memory: 5243, top1_acc: 0.7881, top5_acc: 0.9350, loss_cls: 0.7148, loss: 0.7148
2026-08-29 18:54:58,892 - pyskl - INFO - Epoch [12][3100/5537]	lr: 4.457e-03, eta: 17:21:07, time: 2.553, data_time: 0.000, memory: 5243, top1_acc: 0.7937, top5_acc: 0.9431, loss_cls: 0.7184, loss: 0.7184
2026-08-29 18:59:14,120 - pyskl - INFO - Epoch [12][3200/5537]	lr: 4.424e-03, eta: 17:16:53, time: 2.552, data_time: 0.000, memory: 5243, top1_acc: 0.7750, top5_acc: 0.9422, loss_cls: 0.7232, loss: 0.7232
2026-08-29 19:03:28,457 - pyskl - INFO - Epoch [12][3300/5537]	lr: 4.390e-03, eta: 17:12:39, time: 2.543, data_time: 0.000, memory: 5243, top1_acc: 0.7841, top5_acc: 0.9406, loss_cls: 0.7185, loss: 0.7185
2026-08-29 19:07:42,428 - pyskl - INFO - Epoch [12][3400/5537]	lr: 4.356e-03, eta: 17:08:25, time: 2.540, data_time: 0.000, memory: 5243, top1_acc: 0.8031, top5_acc: 0.9437, loss_cls: 0.6763, loss: 0.6763
2026-08-29 19:11:57,182 - pyskl - INFO - Epoch [12][3500/5537]	lr: 4.322e-03, eta: 17:04:11, time: 2.548, data_time: 0.000, memory: 5243, top1_acc: 0.7891, top5_acc: 0.9369, loss_cls: 0.7085, loss: 0.7085
2026-08-29 19:16:12,129 - pyskl - INFO - Epoch [12][3600/5537]	lr: 4.289e-03, eta: 16:59:58, time: 2.549, data_time: 0.000, memory: 5243, top1_acc: 0.8013, top5_acc: 0.9497, loss_cls: 0.6616, loss: 0.6616
2026-08-29 19:20:25,824 - pyskl - INFO - Epoch [12][3700/5537]	lr: 4.256e-03, eta: 16:55:43, time: 2.537, data_time: 0.000, memory: 5243, top1_acc: 0.7913, top5_acc: 0.9366, loss_cls: 0.7063, loss: 0.7063
2026-08-29 19:24:39,264 - pyskl - INFO - Epoch [12][3800/5537]	lr: 4.222e-03, eta: 16:51:29, time: 2.534, data_time: 0.000, memory: 5243, top1_acc: 0.7997, top5_acc: 0.9422, loss_cls: 0.6724, loss: 0.6724
2026-08-29 19:28:54,707 - pyskl - INFO - Epoch [12][3900/5537]	lr: 4.189e-03, eta: 16:47:15, time: 2.554, data_time: 0.000, memory: 5243, top1_acc: 0.7966, top5_acc: 0.9403, loss_cls: 0.6873, loss: 0.6873
2026-08-29 19:33:08,045 - pyskl - INFO - Epoch [12][4000/5537]	lr: 4.156e-03, eta: 16:43:01, time: 2.533, data_time: 0.000, memory: 5243, top1_acc: 0.7850, top5_acc: 0.9387, loss_cls: 0.7137, loss: 0.7137
2026-08-29 19:37:22,316 - pyskl - INFO - Epoch [12][4100/5537]	lr: 4.123e-03, eta: 16:38:47, time: 2.543, data_time: 0.000, memory: 5243, top1_acc: 0.7991, top5_acc: 0.9444, loss_cls: 0.6700, loss: 0.6700
2026-08-29 19:41:36,703 - pyskl - INFO - Epoch [12][4200/5537]	lr: 4.090e-03, eta: 16:34:33, time: 2.544, data_time: 0.000, memory: 5243, top1_acc: 0.7931, top5_acc: 0.9394, loss_cls: 0.7090, loss: 0.7090
2026-08-29 19:45:51,410 - pyskl - INFO - Epoch [12][4300/5537]	lr: 4.058e-03, eta: 16:30:19, time: 2.547, data_time: 0.000, memory: 5243, top1_acc: 0.7866, top5_acc: 0.9437, loss_cls: 0.6906, loss: 0.6906
2026-08-29 19:50:04,855 - pyskl - INFO - Epoch [12][4400/5537]	lr: 4.025e-03, eta: 16:26:05, time: 2.534, data_time: 0.000, memory: 5243, top1_acc: 0.7978, top5_acc: 0.9437, loss_cls: 0.6961, loss: 0.6961
2026-08-29 19:54:19,019 - pyskl - INFO - Epoch [12][4500/5537]	lr: 3.992e-03, eta: 16:21:51, time: 2.542, data_time: 0.000, memory: 5243, top1_acc: 0.7984, top5_acc: 0.9494, loss_cls: 0.6704, loss: 0.6704
2026-08-29 19:58:33,904 - pyskl - INFO - Epoch [12][4600/5537]	lr: 3.960e-03, eta: 16:17:37, time: 2.549, data_time: 0.000, memory: 5243, top1_acc: 0.7903, top5_acc: 0.9456, loss_cls: 0.6811, loss: 0.6811
2026-08-29 20:02:47,189 - pyskl - INFO - Epoch [12][4700/5537]	lr: 3.928e-03, eta: 16:13:23, time: 2.533, data_time: 0.000, memory: 5243, top1_acc: 0.7956, top5_acc: 0.9397, loss_cls: 0.6984, loss: 0.6984
2026-08-29 20:07:01,721 - pyskl - INFO - Epoch [12][4800/5537]	lr: 3.895e-03, eta: 16:09:09, time: 2.545, data_time: 0.000, memory: 5243, top1_acc: 0.8037, top5_acc: 0.9547, loss_cls: 0.6593, loss: 0.6593
2026-08-29 20:11:16,411 - pyskl - INFO - Epoch [12][4900/5537]	lr: 3.863e-03, eta: 16:04:55, time: 2.547, data_time: 0.000, memory: 5243, top1_acc: 0.7906, top5_acc: 0.9366, loss_cls: 0.7075, loss: 0.7075
2026-08-29 20:15:30,518 - pyskl - INFO - Epoch [12][5000/5537]	lr: 3.831e-03, eta: 16:00:41, time: 2.541, data_time: 0.000, memory: 5243, top1_acc: 0.7887, top5_acc: 0.9469, loss_cls: 0.6748, loss: 0.6748
2026-08-29 20:19:44,498 - pyskl - INFO - Epoch [12][5100/5537]	lr: 3.800e-03, eta: 15:56:27, time: 2.540, data_time: 0.000, memory: 5243, top1_acc: 0.7906, top5_acc: 0.9463, loss_cls: 0.6803, loss: 0.6803
2026-08-29 20:23:59,501 - pyskl - INFO - Epoch [12][5200/5537]	lr: 3.768e-03, eta: 15:52:13, time: 2.550, data_time: 0.000, memory: 5243, top1_acc: 0.8006, top5_acc: 0.9494, loss_cls: 0.6768, loss: 0.6768
2026-08-29 20:28:13,987 - pyskl - INFO - Epoch [12][5300/5537]	lr: 3.736e-03, eta: 15:47:59, time: 2.545, data_time: 0.000, memory: 5243, top1_acc: 0.7963, top5_acc: 0.9441, loss_cls: 0.6719, loss: 0.6719
2026-08-29 20:32:26,712 - pyskl - INFO - Epoch [12][5400/5537]	lr: 3.705e-03, eta: 15:43:44, time: 2.527, data_time: 0.000, memory: 5243, top1_acc: 0.7916, top5_acc: 0.9469, loss_cls: 0.6750, loss: 0.6750
2026-08-29 20:36:41,273 - pyskl - INFO - Epoch [12][5500/5537]	lr: 3.673e-03, eta: 15:39:30, time: 2.546, data_time: 0.000, memory: 5243, top1_acc: 0.8000, top5_acc: 0.9544, loss_cls: 0.6551, loss: 0.6551
2026-08-29 20:38:15,146 - pyskl - INFO - Saving checkpoint at 12 epochs
2026-08-29 20:44:25,148 - pyskl - INFO - Evaluating top_k_accuracy ...
2026-08-29 20:44:25,158 - pyskl - INFO - 
top1_acc	0.8720
top5_acc	0.9789
2026-08-29 20:44:25,159 - pyskl - INFO - The previous best checkpoint D:\YxjProject\pythonProject\pyskl\work_dirs\aug_baseline\stgcnpp_j\train\A6_mixed\best_top1_acc_epoch_11.pth was removed
2026-08-29 20:44:25,228 - pyskl - INFO - Now best checkpoint is saved as best_top1_acc_epoch_12.pth.
2026-08-29 20:44:25,228 - pyskl - INFO - Best top1_acc is 0.8720 at 12 epoch.
2026-08-29 20:44:25,229 - pyskl - INFO - Epoch(val) [12][146]	top1_acc: 0.8720, top5_acc: 0.9789
2026-08-29 20:48:45,080 - pyskl - INFO - Epoch [13][100/5537]	lr: 3.630e-03, eta: 15:33:13, time: 2.598, data_time: 0.067, memory: 5243, top1_acc: 0.8019, top5_acc: 0.9466, loss_cls: 0.6681, loss: 0.6681
2026-08-29 20:53:00,165 - pyskl - INFO - Epoch [13][200/5537]	lr: 3.599e-03, eta: 15:28:59, time: 2.551, data_time: 0.000, memory: 5243, top1_acc: 0.8163, top5_acc: 0.9441, loss_cls: 0.6464, loss: 0.6464
2026-08-29 20:57:13,992 - pyskl - INFO - Epoch [13][300/5537]	lr: 3.568e-03, eta: 15:24:45, time: 2.538, data_time: 0.000, memory: 5243, top1_acc: 0.7975, top5_acc: 0.9459, loss_cls: 0.6678, loss: 0.6678
2026-08-29 21:01:28,891 - pyskl - INFO - Epoch [13][400/5537]	lr: 3.537e-03, eta: 15:20:32, time: 2.549, data_time: 0.000, memory: 5243, top1_acc: 0.8013, top5_acc: 0.9481, loss_cls: 0.6507, loss: 0.6507
2026-08-29 21:05:43,271 - pyskl - INFO - Epoch [13][500/5537]	lr: 3.506e-03, eta: 15:16:18, time: 2.544, data_time: 0.000, memory: 5243, top1_acc: 0.7978, top5_acc: 0.9387, loss_cls: 0.6815, loss: 0.6815
2026-08-29 21:09:58,212 - pyskl - INFO - Epoch [13][600/5537]	lr: 3.475e-03, eta: 15:12:04, time: 2.549, data_time: 0.000, memory: 5243, top1_acc: 0.8169, top5_acc: 0.9478, loss_cls: 0.6427, loss: 0.6427
2026-08-29 21:14:11,209 - pyskl - INFO - Epoch [13][700/5537]	lr: 3.445e-03, eta: 15:07:50, time: 2.530, data_time: 0.000, memory: 5243, top1_acc: 0.7969, top5_acc: 0.9469, loss_cls: 0.6730, loss: 0.6730
2026-08-29 21:18:25,886 - pyskl - INFO - Epoch [13][800/5537]	lr: 3.414e-03, eta: 15:03:36, time: 2.547, data_time: 0.000, memory: 5243, top1_acc: 0.8141, top5_acc: 0.9384, loss_cls: 0.6462, loss: 0.6462
2026-08-29 21:22:40,500 - pyskl - INFO - Epoch [13][900/5537]	lr: 3.384e-03, eta: 14:59:22, time: 2.546, data_time: 0.000, memory: 5243, top1_acc: 0.8116, top5_acc: 0.9428, loss_cls: 0.6437, loss: 0.6437
2026-08-29 21:26:53,461 - pyskl - INFO - Epoch [13][1000/5537]	lr: 3.354e-03, eta: 14:55:08, time: 2.530, data_time: 0.000, memory: 5243, top1_acc: 0.7919, top5_acc: 0.9422, loss_cls: 0.6716, loss: 0.6716
2026-08-29 21:31:08,250 - pyskl - INFO - Epoch [13][1100/5537]	lr: 3.323e-03, eta: 14:50:54, time: 2.548, data_time: 0.000, memory: 5243, top1_acc: 0.7991, top5_acc: 0.9494, loss_cls: 0.6789, loss: 0.6789
2026-08-29 21:35:23,194 - pyskl - INFO - Epoch [13][1200/5537]	lr: 3.293e-03, eta: 14:46:41, time: 2.549, data_time: 0.000, memory: 5243, top1_acc: 0.8003, top5_acc: 0.9422, loss_cls: 0.6816, loss: 0.6816
2026-08-29 21:39:37,436 - pyskl - INFO - Epoch [13][1300/5537]	lr: 3.264e-03, eta: 14:42:27, time: 2.542, data_time: 0.000, memory: 5243, top1_acc: 0.8022, top5_acc: 0.9437, loss_cls: 0.6640, loss: 0.6640
2026-08-29 21:43:51,518 - pyskl - INFO - Epoch [13][1400/5537]	lr: 3.234e-03, eta: 14:38:13, time: 2.541, data_time: 0.000, memory: 5243, top1_acc: 0.8113, top5_acc: 0.9497, loss_cls: 0.6212, loss: 0.6212
2026-08-29 21:48:06,406 - pyskl - INFO - Epoch [13][1500/5537]	lr: 3.204e-03, eta: 14:33:59, time: 2.549, data_time: 0.000, memory: 5243, top1_acc: 0.8091, top5_acc: 0.9487, loss_cls: 0.6436, loss: 0.6436
2026-08-29 21:52:20,780 - pyskl - INFO - Epoch [13][1600/5537]	lr: 3.174e-03, eta: 14:29:45, time: 2.544, data_time: 0.000, memory: 5243, top1_acc: 0.7794, top5_acc: 0.9434, loss_cls: 0.7073, loss: 0.7073
2026-08-29 21:56:33,765 - pyskl - INFO - Epoch [13][1700/5537]	lr: 3.145e-03, eta: 14:25:31, time: 2.530, data_time: 0.000, memory: 5243, top1_acc: 0.7937, top5_acc: 0.9506, loss_cls: 0.6600, loss: 0.6600
2026-08-29 22:00:48,081 - pyskl - INFO - Epoch [13][1800/5537]	lr: 3.116e-03, eta: 14:21:17, time: 2.543, data_time: 0.000, memory: 5243, top1_acc: 0.7981, top5_acc: 0.9413, loss_cls: 0.6694, loss: 0.6694
2026-08-29 22:05:02,574 - pyskl - INFO - Epoch [13][1900/5537]	lr: 3.086e-03, eta: 14:17:04, time: 2.545, data_time: 0.000, memory: 5243, top1_acc: 0.8009, top5_acc: 0.9459, loss_cls: 0.6463, loss: 0.6463
2026-08-29 22:09:16,276 - pyskl - INFO - Epoch [13][2000/5537]	lr: 3.057e-03, eta: 14:12:49, time: 2.537, data_time: 0.000, memory: 5243, top1_acc: 0.8113, top5_acc: 0.9475, loss_cls: 0.6405, loss: 0.6405
2026-08-29 22:13:31,094 - pyskl - INFO - Epoch [13][2100/5537]	lr: 3.028e-03, eta: 14:08:36, time: 2.548, data_time: 0.000, memory: 5243, top1_acc: 0.8144, top5_acc: 0.9481, loss_cls: 0.6230, loss: 0.6230
2026-08-29 22:17:45,615 - pyskl - INFO - Epoch [13][2200/5537]	lr: 2.999e-03, eta: 14:04:22, time: 2.545, data_time: 0.000, memory: 5243, top1_acc: 0.8019, top5_acc: 0.9478, loss_cls: 0.6552, loss: 0.6552
2026-08-29 22:21:59,765 - pyskl - INFO - Epoch [13][2300/5537]	lr: 2.971e-03, eta: 14:00:08, time: 2.542, data_time: 0.000, memory: 5243, top1_acc: 0.8044, top5_acc: 0.9494, loss_cls: 0.6611, loss: 0.6611
2026-08-29 22:26:13,409 - pyskl - INFO - Epoch [13][2400/5537]	lr: 2.942e-03, eta: 13:55:54, time: 2.536, data_time: 0.000, memory: 5243, top1_acc: 0.8175, top5_acc: 0.9528, loss_cls: 0.6082, loss: 0.6082
2026-08-29 22:30:27,421 - pyskl - INFO - Epoch [13][2500/5537]	lr: 2.914e-03, eta: 13:51:40, time: 2.540, data_time: 0.000, memory: 5243, top1_acc: 0.8113, top5_acc: 0.9456, loss_cls: 0.6462, loss: 0.6462
2026-08-29 22:34:41,688 - pyskl - INFO - Epoch [13][2600/5537]	lr: 2.885e-03, eta: 13:47:26, time: 2.543, data_time: 0.000, memory: 5243, top1_acc: 0.8131, top5_acc: 0.9534, loss_cls: 0.6119, loss: 0.6119
2026-08-29 22:38:55,164 - pyskl - INFO - Epoch [13][2700/5537]	lr: 2.857e-03, eta: 13:43:12, time: 2.535, data_time: 0.000, memory: 5243, top1_acc: 0.8031, top5_acc: 0.9450, loss_cls: 0.6615, loss: 0.6615
2026-08-29 22:43:10,083 - pyskl - INFO - Epoch [13][2800/5537]	lr: 2.829e-03, eta: 13:38:58, time: 2.549, data_time: 0.000, memory: 5243, top1_acc: 0.8222, top5_acc: 0.9487, loss_cls: 0.6080, loss: 0.6080
2026-08-29 22:47:24,141 - pyskl - INFO - Epoch [13][2900/5537]	lr: 2.801e-03, eta: 13:34:44, time: 2.541, data_time: 0.000, memory: 5243, top1_acc: 0.8069, top5_acc: 0.9437, loss_cls: 0.6362, loss: 0.6362
2026-08-29 22:51:38,192 - pyskl - INFO - Epoch [13][3000/5537]	lr: 2.773e-03, eta: 13:30:30, time: 2.541, data_time: 0.000, memory: 5243, top1_acc: 0.8100, top5_acc: 0.9366, loss_cls: 0.6629, loss: 0.6629
2026-08-29 22:55:51,957 - pyskl - INFO - Epoch [13][3100/5537]	lr: 2.745e-03, eta: 13:26:16, time: 2.538, data_time: 0.000, memory: 5243, top1_acc: 0.8131, top5_acc: 0.9513, loss_cls: 0.6236, loss: 0.6236
2026-08-29 23:00:05,931 - pyskl - INFO - Epoch [13][3200/5537]	lr: 2.717e-03, eta: 13:22:02, time: 2.540, data_time: 0.000, memory: 5243, top1_acc: 0.8222, top5_acc: 0.9497, loss_cls: 0.6092, loss: 0.6092
2026-08-29 23:04:20,569 - pyskl - INFO - Epoch [13][3300/5537]	lr: 2.690e-03, eta: 13:17:49, time: 2.546, data_time: 0.000, memory: 5243, top1_acc: 0.8022, top5_acc: 0.9525, loss_cls: 0.6386, loss: 0.6386
2026-08-29 23:08:34,386 - pyskl - INFO - Epoch [13][3400/5537]	lr: 2.662e-03, eta: 13:13:35, time: 2.538, data_time: 0.000, memory: 5243, top1_acc: 0.8159, top5_acc: 0.9506, loss_cls: 0.6016, loss: 0.6016
2026-08-29 23:12:48,401 - pyskl - INFO - Epoch [13][3500/5537]	lr: 2.635e-03, eta: 13:09:21, time: 2.540, data_time: 0.000, memory: 5243, top1_acc: 0.8191, top5_acc: 0.9437, loss_cls: 0.6396, loss: 0.6396
2026-08-29 23:17:03,294 - pyskl - INFO - Epoch [13][3600/5537]	lr: 2.608e-03, eta: 13:05:07, time: 2.549, data_time: 0.000, memory: 5243, top1_acc: 0.8044, top5_acc: 0.9469, loss_cls: 0.6538, loss: 0.6538
2026-08-29 23:21:16,789 - pyskl - INFO - Epoch [13][3700/5537]	lr: 2.581e-03, eta: 13:00:53, time: 2.535, data_time: 0.000, memory: 5243, top1_acc: 0.8269, top5_acc: 0.9563, loss_cls: 0.6042, loss: 0.6042
2026-08-29 23:25:31,122 - pyskl - INFO - Epoch [13][3800/5537]	lr: 2.554e-03, eta: 12:56:39, time: 2.543, data_time: 0.000, memory: 5243, top1_acc: 0.8125, top5_acc: 0.9475, loss_cls: 0.6446, loss: 0.6446
2026-08-29 23:29:45,196 - pyskl - INFO - Epoch [13][3900/5537]	lr: 2.527e-03, eta: 12:52:25, time: 2.541, data_time: 0.000, memory: 5243, top1_acc: 0.8022, top5_acc: 0.9497, loss_cls: 0.6372, loss: 0.6372
2026-08-29 23:33:59,853 - pyskl - INFO - Epoch [13][4000/5537]	lr: 2.501e-03, eta: 12:48:11, time: 2.547, data_time: 0.000, memory: 5243, top1_acc: 0.8184, top5_acc: 0.9503, loss_cls: 0.6138, loss: 0.6138
2026-08-29 23:38:12,908 - pyskl - INFO - Epoch [13][4100/5537]	lr: 2.474e-03, eta: 12:43:57, time: 2.531, data_time: 0.000, memory: 5243, top1_acc: 0.8159, top5_acc: 0.9469, loss_cls: 0.6346, loss: 0.6346
2026-08-29 23:42:26,577 - pyskl - INFO - Epoch [13][4200/5537]	lr: 2.448e-03, eta: 12:39:43, time: 2.537, data_time: 0.000, memory: 5243, top1_acc: 0.8163, top5_acc: 0.9509, loss_cls: 0.6038, loss: 0.6038
2026-08-29 23:46:41,341 - pyskl - INFO - Epoch [13][4300/5537]	lr: 2.421e-03, eta: 12:35:29, time: 2.548, data_time: 0.000, memory: 5243, top1_acc: 0.8244, top5_acc: 0.9503, loss_cls: 0.5838, loss: 0.5838
2026-08-29 23:50:54,599 - pyskl - INFO - Epoch [13][4400/5537]	lr: 2.395e-03, eta: 12:31:15, time: 2.533, data_time: 0.000, memory: 5243, top1_acc: 0.8147, top5_acc: 0.9537, loss_cls: 0.6072, loss: 0.6072
2026-08-29 23:55:09,021 - pyskl - INFO - Epoch [13][4500/5537]	lr: 2.369e-03, eta: 12:27:01, time: 2.544, data_time: 0.000, memory: 5243, top1_acc: 0.8184, top5_acc: 0.9537, loss_cls: 0.5962, loss: 0.5962
2026-08-29 23:59:23,722 - pyskl - INFO - Epoch [13][4600/5537]	lr: 2.343e-03, eta: 12:22:47, time: 2.547, data_time: 0.000, memory: 5243, top1_acc: 0.8134, top5_acc: 0.9559, loss_cls: 0.6042, loss: 0.6042
2026-08-30 00:03:38,011 - pyskl - INFO - Epoch [13][4700/5537]	lr: 2.318e-03, eta: 12:18:33, time: 2.543, data_time: 0.000, memory: 5243, top1_acc: 0.8263, top5_acc: 0.9531, loss_cls: 0.5886, loss: 0.5886
2026-08-30 00:07:51,591 - pyskl - INFO - Epoch [13][4800/5537]	lr: 2.292e-03, eta: 12:14:19, time: 2.536, data_time: 0.000, memory: 5243, top1_acc: 0.8228, top5_acc: 0.9584, loss_cls: 0.5704, loss: 0.5704
2026-08-30 00:12:05,779 - pyskl - INFO - Epoch [13][4900/5537]	lr: 2.266e-03, eta: 12:10:05, time: 2.542, data_time: 0.000, memory: 5243, top1_acc: 0.8141, top5_acc: 0.9491, loss_cls: 0.6167, loss: 0.6167
2026-08-30 00:16:19,959 - pyskl - INFO - Epoch [13][5000/5537]	lr: 2.241e-03, eta: 12:05:51, time: 2.542, data_time: 0.000, memory: 5243, top1_acc: 0.8228, top5_acc: 0.9509, loss_cls: 0.6054, loss: 0.6054
2026-08-30 00:20:33,056 - pyskl - INFO - Epoch [13][5100/5537]	lr: 2.216e-03, eta: 12:01:37, time: 2.531, data_time: 0.000, memory: 5243, top1_acc: 0.8200, top5_acc: 0.9556, loss_cls: 0.5972, loss: 0.5972
2026-08-30 00:24:47,174 - pyskl - INFO - Epoch [13][5200/5537]	lr: 2.191e-03, eta: 11:57:23, time: 2.541, data_time: 0.000, memory: 5243, top1_acc: 0.8241, top5_acc: 0.9487, loss_cls: 0.6154, loss: 0.6154
2026-08-30 00:29:02,859 - pyskl - INFO - Epoch [13][5300/5537]	lr: 2.166e-03, eta: 11:53:10, time: 2.557, data_time: 0.000, memory: 5243, top1_acc: 0.8128, top5_acc: 0.9444, loss_cls: 0.6307, loss: 0.6307
2026-08-30 00:33:16,228 - pyskl - INFO - Epoch [13][5400/5537]	lr: 2.141e-03, eta: 11:48:56, time: 2.534, data_time: 0.000, memory: 5243, top1_acc: 0.8287, top5_acc: 0.9584, loss_cls: 0.5748, loss: 0.5748
2026-08-30 00:37:30,634 - pyskl - INFO - Epoch [13][5500/5537]	lr: 2.116e-03, eta: 11:44:42, time: 2.544, data_time: 0.000, memory: 5243, top1_acc: 0.8156, top5_acc: 0.9525, loss_cls: 0.5974, loss: 0.5974
2026-08-30 00:39:04,099 - pyskl - INFO - Saving checkpoint at 13 epochs
2026-08-30 00:44:59,761 - pyskl - INFO - Evaluating top_k_accuracy ...
2026-08-30 00:44:59,772 - pyskl - INFO - 
top1_acc	0.8767
top5_acc	0.9822
2026-08-30 00:44:59,774 - pyskl - INFO - The previous best checkpoint D:\YxjProject\pythonProject\pyskl\work_dirs\aug_baseline\stgcnpp_j\train\A6_mixed\best_top1_acc_epoch_12.pth was removed
2026-08-30 00:44:59,843 - pyskl - INFO - Now best checkpoint is saved as best_top1_acc_epoch_13.pth.
2026-08-30 00:44:59,843 - pyskl - INFO - Best top1_acc is 0.8767 at 13 epoch.
2026-08-30 00:44:59,843 - pyskl - INFO - Epoch(val) [13][146]	top1_acc: 0.8767, top5_acc: 0.9822
2026-08-30 00:49:21,181 - pyskl - INFO - Epoch [14][100/5537]	lr: 2.082e-03, eta: 11:38:34, time: 2.613, data_time: 0.066, memory: 5243, top1_acc: 0.8166, top5_acc: 0.9547, loss_cls: 0.6053, loss: 0.6053
2026-08-30 00:53:36,804 - pyskl - INFO - Epoch [14][200/5537]	lr: 2.058e-03, eta: 11:34:20, time: 2.556, data_time: 0.000, memory: 5243, top1_acc: 0.8159, top5_acc: 0.9516, loss_cls: 0.5924, loss: 0.5924
2026-08-30 00:57:53,226 - pyskl - INFO - Epoch [14][300/5537]	lr: 2.034e-03, eta: 11:30:07, time: 2.564, data_time: 0.000, memory: 5243, top1_acc: 0.8213, top5_acc: 0.9494, loss_cls: 0.5977, loss: 0.5977
2026-08-30 01:02:08,804 - pyskl - INFO - Epoch [14][400/5537]	lr: 2.009e-03, eta: 11:25:54, time: 2.556, data_time: 0.000, memory: 5243, top1_acc: 0.8353, top5_acc: 0.9569, loss_cls: 0.5560, loss: 0.5560
2026-08-30 01:06:25,229 - pyskl - INFO - Epoch [14][500/5537]	lr: 1.985e-03, eta: 11:21:40, time: 2.564, data_time: 0.000, memory: 5243, top1_acc: 0.8256, top5_acc: 0.9537, loss_cls: 0.5802, loss: 0.5802
2026-08-30 01:10:41,968 - pyskl - INFO - Epoch [14][600/5537]	lr: 1.961e-03, eta: 11:17:27, time: 2.567, data_time: 0.000, memory: 5243, top1_acc: 0.8247, top5_acc: 0.9503, loss_cls: 0.5873, loss: 0.5873
2026-08-30 01:14:56,240 - pyskl - INFO - Epoch [14][700/5537]	lr: 1.938e-03, eta: 11:13:13, time: 2.543, data_time: 0.000, memory: 5243, top1_acc: 0.8303, top5_acc: 0.9528, loss_cls: 0.5843, loss: 0.5843
2026-08-30 01:19:12,009 - pyskl - INFO - Epoch [14][800/5537]	lr: 1.914e-03, eta: 11:09:00, time: 2.558, data_time: 0.000, memory: 5243, top1_acc: 0.8184, top5_acc: 0.9528, loss_cls: 0.5875, loss: 0.5875
2026-08-30 01:23:26,016 - pyskl - INFO - Epoch [14][900/5537]	lr: 1.891e-03, eta: 11:04:46, time: 2.540, data_time: 0.000, memory: 5243, top1_acc: 0.8284, top5_acc: 0.9603, loss_cls: 0.5601, loss: 0.5601
2026-08-30 01:27:41,315 - pyskl - INFO - Epoch [14][1000/5537]	lr: 1.867e-03, eta: 11:00:33, time: 2.553, data_time: 0.000, memory: 5243, top1_acc: 0.8231, top5_acc: 0.9534, loss_cls: 0.5915, loss: 0.5915
2026-08-30 01:31:55,145 - pyskl - INFO - Epoch [14][1100/5537]	lr: 1.844e-03, eta: 10:56:19, time: 2.538, data_time: 0.000, memory: 5243, top1_acc: 0.8275, top5_acc: 0.9547, loss_cls: 0.5715, loss: 0.5715
2026-08-30 01:36:09,752 - pyskl - INFO - Epoch [14][1200/5537]	lr: 1.821e-03, eta: 10:52:05, time: 2.546, data_time: 0.000, memory: 5243, top1_acc: 0.8206, top5_acc: 0.9509, loss_cls: 0.5926, loss: 0.5926
2026-08-30 01:40:24,335 - pyskl - INFO - Epoch [14][1300/5537]	lr: 1.798e-03, eta: 10:47:51, time: 2.546, data_time: 0.000, memory: 5243, top1_acc: 0.8194, top5_acc: 0.9534, loss_cls: 0.5850, loss: 0.5850
2026-08-30 01:44:37,873 - pyskl - INFO - Epoch [14][1400/5537]	lr: 1.775e-03, eta: 10:43:37, time: 2.535, data_time: 0.000, memory: 5243, top1_acc: 0.8247, top5_acc: 0.9537, loss_cls: 0.5932, loss: 0.5932
2026-08-30 01:48:52,986 - pyskl - INFO - Epoch [14][1500/5537]	lr: 1.752e-03, eta: 10:39:24, time: 2.551, data_time: 0.000, memory: 5243, top1_acc: 0.8200, top5_acc: 0.9506, loss_cls: 0.5983, loss: 0.5983
2026-08-30 01:53:07,969 - pyskl - INFO - Epoch [14][1600/5537]	lr: 1.730e-03, eta: 10:35:10, time: 2.550, data_time: 0.000, memory: 5243, top1_acc: 0.8316, top5_acc: 0.9584, loss_cls: 0.5590, loss: 0.5590
2026-08-30 01:57:21,994 - pyskl - INFO - Epoch [14][1700/5537]	lr: 1.707e-03, eta: 10:30:56, time: 2.540, data_time: 0.000, memory: 5243, top1_acc: 0.8322, top5_acc: 0.9547, loss_cls: 0.5626, loss: 0.5626
2026-08-30 02:01:37,420 - pyskl - INFO - Epoch [14][1800/5537]	lr: 1.685e-03, eta: 10:26:43, time: 2.554, data_time: 0.000, memory: 5243, top1_acc: 0.8272, top5_acc: 0.9544, loss_cls: 0.5706, loss: 0.5706
2026-08-30 02:05:51,869 - pyskl - INFO - Epoch [14][1900/5537]	lr: 1.663e-03, eta: 10:22:29, time: 2.544, data_time: 0.000, memory: 5243, top1_acc: 0.8344, top5_acc: 0.9619, loss_cls: 0.5441, loss: 0.5441
2026-08-30 02:10:06,911 - pyskl - INFO - Epoch [14][2000/5537]	lr: 1.641e-03, eta: 10:18:15, time: 2.550, data_time: 0.000, memory: 5243, top1_acc: 0.8247, top5_acc: 0.9478, loss_cls: 0.6014, loss: 0.6014
2026-08-30 02:14:20,976 - pyskl - INFO - Epoch [14][2100/5537]	lr: 1.619e-03, eta: 10:14:01, time: 2.541, data_time: 0.000, memory: 5243, top1_acc: 0.8231, top5_acc: 0.9578, loss_cls: 0.5753, loss: 0.5753
2026-08-30 02:18:36,169 - pyskl - INFO - Epoch [14][2200/5537]	lr: 1.597e-03, eta: 10:09:48, time: 2.552, data_time: 0.000, memory: 5243, top1_acc: 0.8278, top5_acc: 0.9528, loss_cls: 0.5855, loss: 0.5855
2026-08-30 02:22:51,063 - pyskl - INFO - Epoch [14][2300/5537]	lr: 1.576e-03, eta: 10:05:34, time: 2.549, data_time: 0.000, memory: 5243, top1_acc: 0.8391, top5_acc: 0.9609, loss_cls: 0.5410, loss: 0.5410
2026-08-30 02:27:04,894 - pyskl - INFO - Epoch [14][2400/5537]	lr: 1.554e-03, eta: 10:01:20, time: 2.538, data_time: 0.000, memory: 5243, top1_acc: 0.8369, top5_acc: 0.9556, loss_cls: 0.5491, loss: 0.5491
2026-08-30 02:31:20,180 - pyskl - INFO - Epoch [14][2500/5537]	lr: 1.533e-03, eta: 9:57:06, time: 2.553, data_time: 0.000, memory: 5243, top1_acc: 0.8347, top5_acc: 0.9591, loss_cls: 0.5512, loss: 0.5512
2026-08-30 02:35:34,779 - pyskl - INFO - Epoch [14][2600/5537]	lr: 1.512e-03, eta: 9:52:53, time: 2.546, data_time: 0.000, memory: 5243, top1_acc: 0.8419, top5_acc: 0.9559, loss_cls: 0.5471, loss: 0.5471
2026-08-30 02:39:49,871 - pyskl - INFO - Epoch [14][2700/5537]	lr: 1.491e-03, eta: 9:48:39, time: 2.551, data_time: 0.000, memory: 5243, top1_acc: 0.8356, top5_acc: 0.9553, loss_cls: 0.5647, loss: 0.5647
2026-08-30 02:44:03,858 - pyskl - INFO - Epoch [14][2800/5537]	lr: 1.470e-03, eta: 9:44:25, time: 2.540, data_time: 0.000, memory: 5243, top1_acc: 0.8341, top5_acc: 0.9541, loss_cls: 0.5546, loss: 0.5546
2026-08-30 02:48:18,108 - pyskl - INFO - Epoch [14][2900/5537]	lr: 1.449e-03, eta: 9:40:11, time: 2.542, data_time: 0.000, memory: 5243, top1_acc: 0.8447, top5_acc: 0.9575, loss_cls: 0.5378, loss: 0.5378
2026-08-30 02:52:33,529 - pyskl - INFO - Epoch [14][3000/5537]	lr: 1.428e-03, eta: 9:35:58, time: 2.554, data_time: 0.000, memory: 5243, top1_acc: 0.8309, top5_acc: 0.9563, loss_cls: 0.5573, loss: 0.5573
2026-08-30 02:56:47,198 - pyskl - INFO - Epoch [14][3100/5537]	lr: 1.408e-03, eta: 9:31:44, time: 2.537, data_time: 0.000, memory: 5243, top1_acc: 0.8328, top5_acc: 0.9584, loss_cls: 0.5542, loss: 0.5542
2026-08-30 03:01:04,694 - pyskl - INFO - Epoch [14][3200/5537]	lr: 1.387e-03, eta: 9:27:30, time: 2.575, data_time: 0.000, memory: 5243, top1_acc: 0.8353, top5_acc: 0.9537, loss_cls: 0.5637, loss: 0.5637
2026-08-30 03:05:19,292 - pyskl - INFO - Epoch [14][3300/5537]	lr: 1.367e-03, eta: 9:23:17, time: 2.546, data_time: 0.000, memory: 5243, top1_acc: 0.8359, top5_acc: 0.9591, loss_cls: 0.5454, loss: 0.5454
2026-08-30 03:09:33,499 - pyskl - INFO - Epoch [14][3400/5537]	lr: 1.347e-03, eta: 9:19:03, time: 2.542, data_time: 0.000, memory: 5243, top1_acc: 0.8334, top5_acc: 0.9591, loss_cls: 0.5492, loss: 0.5492
2026-08-30 03:13:48,280 - pyskl - INFO - Epoch [14][3500/5537]	lr: 1.327e-03, eta: 9:14:49, time: 2.548, data_time: 0.000, memory: 5243, top1_acc: 0.8425, top5_acc: 0.9494, loss_cls: 0.5516, loss: 0.5516
2026-08-30 03:18:02,711 - pyskl - INFO - Epoch [14][3600/5537]	lr: 1.307e-03, eta: 9:10:35, time: 2.544, data_time: 0.000, memory: 5243, top1_acc: 0.8394, top5_acc: 0.9513, loss_cls: 0.5567, loss: 0.5567
2026-08-30 03:22:17,319 - pyskl - INFO - Epoch [14][3700/5537]	lr: 1.288e-03, eta: 9:06:21, time: 2.546, data_time: 0.000, memory: 5243, top1_acc: 0.8416, top5_acc: 0.9553, loss_cls: 0.5417, loss: 0.5417
2026-08-30 03:26:30,805 - pyskl - INFO - Epoch [14][3800/5537]	lr: 1.268e-03, eta: 9:02:07, time: 2.535, data_time: 0.000, memory: 5243, top1_acc: 0.8422, top5_acc: 0.9600, loss_cls: 0.5372, loss: 0.5372
2026-08-30 03:30:45,456 - pyskl - INFO - Epoch [14][3900/5537]	lr: 1.249e-03, eta: 8:57:54, time: 2.547, data_time: 0.000, memory: 5243, top1_acc: 0.8397, top5_acc: 0.9584, loss_cls: 0.5496, loss: 0.5496
2026-08-30 03:35:00,880 - pyskl - INFO - Epoch [14][4000/5537]	lr: 1.229e-03, eta: 8:53:40, time: 2.554, data_time: 0.000, memory: 5243, top1_acc: 0.8478, top5_acc: 0.9609, loss_cls: 0.5098, loss: 0.5098
2026-08-30 03:39:14,664 - pyskl - INFO - Epoch [14][4100/5537]	lr: 1.210e-03, eta: 8:49:26, time: 2.538, data_time: 0.000, memory: 5243, top1_acc: 0.8447, top5_acc: 0.9600, loss_cls: 0.5217, loss: 0.5217
2026-08-30 03:43:29,056 - pyskl - INFO - Epoch [14][4200/5537]	lr: 1.191e-03, eta: 8:45:12, time: 2.544, data_time: 0.000, memory: 5243, top1_acc: 0.8366, top5_acc: 0.9591, loss_cls: 0.5402, loss: 0.5402
2026-08-30 03:47:43,624 - pyskl - INFO - Epoch [14][4300/5537]	lr: 1.173e-03, eta: 8:40:58, time: 2.546, data_time: 0.000, memory: 5243, top1_acc: 0.8500, top5_acc: 0.9591, loss_cls: 0.5022, loss: 0.5022
2026-08-30 03:51:58,991 - pyskl - INFO - Epoch [14][4400/5537]	lr: 1.154e-03, eta: 8:36:45, time: 2.554, data_time: 0.000, memory: 5243, top1_acc: 0.8434, top5_acc: 0.9616, loss_cls: 0.5152, loss: 0.5152
2026-08-30 03:56:12,307 - pyskl - INFO - Epoch [14][4500/5537]	lr: 1.135e-03, eta: 8:32:31, time: 2.533, data_time: 0.000, memory: 5243, top1_acc: 0.8481, top5_acc: 0.9597, loss_cls: 0.5135, loss: 0.5135
2026-08-30 04:00:27,030 - pyskl - INFO - Epoch [14][4600/5537]	lr: 1.117e-03, eta: 8:28:17, time: 2.547, data_time: 0.000, memory: 5243, top1_acc: 0.8413, top5_acc: 0.9594, loss_cls: 0.5185, loss: 0.5185
2026-08-30 04:04:41,845 - pyskl - INFO - Epoch [14][4700/5537]	lr: 1.099e-03, eta: 8:24:03, time: 2.548, data_time: 0.000, memory: 5243, top1_acc: 0.8484, top5_acc: 0.9616, loss_cls: 0.5033, loss: 0.5033
2026-08-30 04:08:55,420 - pyskl - INFO - Epoch [14][4800/5537]	lr: 1.081e-03, eta: 8:19:49, time: 2.536, data_time: 0.000, memory: 5243, top1_acc: 0.8425, top5_acc: 0.9566, loss_cls: 0.5333, loss: 0.5333
2026-08-30 04:13:10,120 - pyskl - INFO - Epoch [14][4900/5537]	lr: 1.063e-03, eta: 8:15:35, time: 2.547, data_time: 0.000, memory: 5243, top1_acc: 0.8447, top5_acc: 0.9591, loss_cls: 0.5163, loss: 0.5163
2026-08-30 04:17:24,822 - pyskl - INFO - Epoch [14][5000/5537]	lr: 1.045e-03, eta: 8:11:22, time: 2.547, data_time: 0.000, memory: 5243, top1_acc: 0.8350, top5_acc: 0.9569, loss_cls: 0.5449, loss: 0.5449
2026-08-30 04:21:39,247 - pyskl - INFO - Epoch [14][5100/5537]	lr: 1.027e-03, eta: 8:07:08, time: 2.544, data_time: 0.000, memory: 5243, top1_acc: 0.8419, top5_acc: 0.9575, loss_cls: 0.5341, loss: 0.5341
2026-08-30 04:25:53,189 - pyskl - INFO - Epoch [14][5200/5537]	lr: 1.010e-03, eta: 8:02:54, time: 2.539, data_time: 0.000, memory: 5243, top1_acc: 0.8469, top5_acc: 0.9622, loss_cls: 0.5291, loss: 0.5291
2026-08-30 04:30:08,055 - pyskl - INFO - Epoch [14][5300/5537]	lr: 9.923e-04, eta: 7:58:40, time: 2.549, data_time: 0.000, memory: 5243, top1_acc: 0.8519, top5_acc: 0.9641, loss_cls: 0.5051, loss: 0.5051
2026-08-30 04:34:23,256 - pyskl - INFO - Epoch [14][5400/5537]	lr: 9.751e-04, eta: 7:54:26, time: 2.552, data_time: 0.000, memory: 5243, top1_acc: 0.8428, top5_acc: 0.9600, loss_cls: 0.5316, loss: 0.5316
2026-08-30 04:38:38,661 - pyskl - INFO - Epoch [14][5500/5537]	lr: 9.580e-04, eta: 7:50:13, time: 2.554, data_time: 0.000, memory: 5243, top1_acc: 0.8422, top5_acc: 0.9569, loss_cls: 0.5341, loss: 0.5341
2026-08-30 04:40:14,809 - pyskl - INFO - Saving checkpoint at 14 epochs
2026-08-30 04:46:14,101 - pyskl - INFO - Evaluating top_k_accuracy ...
2026-08-30 04:46:14,112 - pyskl - INFO - 
top1_acc	0.8849
top5_acc	0.9828
2026-08-30 04:46:14,113 - pyskl - INFO - The previous best checkpoint D:\YxjProject\pythonProject\pyskl\work_dirs\aug_baseline\stgcnpp_j\train\A6_mixed\best_top1_acc_epoch_13.pth was removed
2026-08-30 04:46:14,182 - pyskl - INFO - Now best checkpoint is saved as best_top1_acc_epoch_14.pth.
2026-08-30 04:46:14,182 - pyskl - INFO - Best top1_acc is 0.8849 at 14 epoch.
2026-08-30 04:46:14,182 - pyskl - INFO - Epoch(val) [14][146]	top1_acc: 0.8849, top5_acc: 0.9828
2026-08-30 04:50:49,764 - pyskl - INFO - Epoch [15][100/5537]	lr: 9.348e-04, eta: 7:44:15, time: 2.756, data_time: 0.207, memory: 5243, top1_acc: 0.8516, top5_acc: 0.9591, loss_cls: 0.5138, loss: 0.5138
2026-08-30 04:55:05,179 - pyskl - INFO - Epoch [15][200/5537]	lr: 9.180e-04, eta: 7:40:01, time: 2.554, data_time: 0.000, memory: 5243, top1_acc: 0.8556, top5_acc: 0.9587, loss_cls: 0.4947, loss: 0.4947
2026-08-30 04:59:20,502 - pyskl - INFO - Epoch [15][300/5537]	lr: 9.014e-04, eta: 7:35:47, time: 2.553, data_time: 0.000, memory: 5243, top1_acc: 0.8428, top5_acc: 0.9553, loss_cls: 0.5266, loss: 0.5266
2026-08-30 05:03:34,846 - pyskl - INFO - Epoch [15][400/5537]	lr: 8.850e-04, eta: 7:31:34, time: 2.543, data_time: 0.000, memory: 5243, top1_acc: 0.8512, top5_acc: 0.9581, loss_cls: 0.5051, loss: 0.5051
2026-08-30 05:07:48,900 - pyskl - INFO - Epoch [15][500/5537]	lr: 8.687e-04, eta: 7:27:20, time: 2.541, data_time: 0.000, memory: 5243, top1_acc: 0.8475, top5_acc: 0.9603, loss_cls: 0.5185, loss: 0.5185
2026-08-30 05:12:03,467 - pyskl - INFO - Epoch [15][600/5537]	lr: 8.525e-04, eta: 7:23:06, time: 2.546, data_time: 0.000, memory: 5243, top1_acc: 0.8319, top5_acc: 0.9575, loss_cls: 0.5360, loss: 0.5360
2026-08-30 05:16:17,637 - pyskl - INFO - Epoch [15][700/5537]	lr: 8.365e-04, eta: 7:18:52, time: 2.542, data_time: 0.000, memory: 5243, top1_acc: 0.8503, top5_acc: 0.9566, loss_cls: 0.5115, loss: 0.5115
2026-08-30 05:20:31,115 - pyskl - INFO - Epoch [15][800/5537]	lr: 8.206e-04, eta: 7:14:38, time: 2.535, data_time: 0.000, memory: 5243, top1_acc: 0.8453, top5_acc: 0.9594, loss_cls: 0.5159, loss: 0.5159
2026-08-30 05:24:45,963 - pyskl - INFO - Epoch [15][900/5537]	lr: 8.049e-04, eta: 7:10:25, time: 2.548, data_time: 0.000, memory: 5243, top1_acc: 0.8528, top5_acc: 0.9581, loss_cls: 0.4973, loss: 0.4973
2026-08-30 05:28:59,949 - pyskl - INFO - Epoch [15][1000/5537]	lr: 7.893e-04, eta: 7:06:11, time: 2.540, data_time: 0.000, memory: 5243, top1_acc: 0.8522, top5_acc: 0.9622, loss_cls: 0.4983, loss: 0.4983
2026-08-30 05:33:13,258 - pyskl - INFO - Epoch [15][1100/5537]	lr: 7.739e-04, eta: 7:01:57, time: 2.533, data_time: 0.000, memory: 5243, top1_acc: 0.8528, top5_acc: 0.9566, loss_cls: 0.5112, loss: 0.5112
2026-08-30 05:37:28,928 - pyskl - INFO - Epoch [15][1200/5537]	lr: 7.586e-04, eta: 6:57:43, time: 2.557, data_time: 0.000, memory: 5243, top1_acc: 0.8566, top5_acc: 0.9594, loss_cls: 0.4893, loss: 0.4893
2026-08-30 05:41:44,054 - pyskl - INFO - Epoch [15][1300/5537]	lr: 7.435e-04, eta: 6:53:30, time: 2.551, data_time: 0.000, memory: 5243, top1_acc: 0.8469, top5_acc: 0.9541, loss_cls: 0.5360, loss: 0.5360
2026-08-30 05:45:58,663 - pyskl - INFO - Epoch [15][1400/5537]	lr: 7.285e-04, eta: 6:49:16, time: 2.546, data_time: 0.000, memory: 5243, top1_acc: 0.8459, top5_acc: 0.9600, loss_cls: 0.5066, loss: 0.5066
2026-08-30 05:50:12,518 - pyskl - INFO - Epoch [15][1500/5537]	lr: 7.137e-04, eta: 6:45:02, time: 2.539, data_time: 0.000, memory: 5243, top1_acc: 0.8550, top5_acc: 0.9591, loss_cls: 0.4953, loss: 0.4953
2026-08-30 05:54:27,039 - pyskl - INFO - Epoch [15][1600/5537]	lr: 6.990e-04, eta: 6:40:48, time: 2.545, data_time: 0.000, memory: 5243, top1_acc: 0.8506, top5_acc: 0.9587, loss_cls: 0.5119, loss: 0.5119
2026-08-30 05:58:41,116 - pyskl - INFO - Epoch [15][1700/5537]	lr: 6.844e-04, eta: 6:36:35, time: 2.541, data_time: 0.000, memory: 5243, top1_acc: 0.8509, top5_acc: 0.9609, loss_cls: 0.4933, loss: 0.4933
2026-08-30 06:02:54,688 - pyskl - INFO - Epoch [15][1800/5537]	lr: 6.700e-04, eta: 6:32:21, time: 2.536, data_time: 0.000, memory: 5243, top1_acc: 0.8534, top5_acc: 0.9600, loss_cls: 0.5141, loss: 0.5141
2026-08-30 06:07:09,950 - pyskl - INFO - Epoch [15][1900/5537]	lr: 6.558e-04, eta: 6:28:07, time: 2.553, data_time: 0.000, memory: 5243, top1_acc: 0.8559, top5_acc: 0.9606, loss_cls: 0.4990, loss: 0.4990
2026-08-30 06:11:24,537 - pyskl - INFO - Epoch [15][2000/5537]	lr: 6.417e-04, eta: 6:23:53, time: 2.546, data_time: 0.000, memory: 5243, top1_acc: 0.8319, top5_acc: 0.9550, loss_cls: 0.5397, loss: 0.5397
2026-08-30 06:15:39,622 - pyskl - INFO - Epoch [15][2100/5537]	lr: 6.278e-04, eta: 6:19:40, time: 2.551, data_time: 0.000, memory: 5243, top1_acc: 0.8384, top5_acc: 0.9553, loss_cls: 0.5436, loss: 0.5436
2026-08-30 06:19:53,924 - pyskl - INFO - Epoch [15][2200/5537]	lr: 6.140e-04, eta: 6:15:26, time: 2.543, data_time: 0.000, memory: 5243, top1_acc: 0.8434, top5_acc: 0.9500, loss_cls: 0.5475, loss: 0.5475
2026-08-30 06:24:08,258 - pyskl - INFO - Epoch [15][2300/5537]	lr: 6.003e-04, eta: 6:11:12, time: 2.543, data_time: 0.000, memory: 5243, top1_acc: 0.8519, top5_acc: 0.9619, loss_cls: 0.4933, loss: 0.4933
2026-08-30 06:28:22,527 - pyskl - INFO - Epoch [15][2400/5537]	lr: 5.868e-04, eta: 6:06:58, time: 2.543, data_time: 0.000, memory: 5243, top1_acc: 0.8519, top5_acc: 0.9666, loss_cls: 0.4781, loss: 0.4781
2026-08-30 06:32:35,809 - pyskl - INFO - Epoch [15][2500/5537]	lr: 5.735e-04, eta: 6:02:44, time: 2.533, data_time: 0.000, memory: 5243, top1_acc: 0.8506, top5_acc: 0.9622, loss_cls: 0.5001, loss: 0.5001
2026-08-30 06:36:50,481 - pyskl - INFO - Epoch [15][2600/5537]	lr: 5.603e-04, eta: 5:58:30, time: 2.547, data_time: 0.000, memory: 5243, top1_acc: 0.8578, top5_acc: 0.9597, loss_cls: 0.4959, loss: 0.4959
2026-08-30 06:41:05,250 - pyskl - INFO - Epoch [15][2700/5537]	lr: 5.472e-04, eta: 5:54:17, time: 2.548, data_time: 0.000, memory: 5243, top1_acc: 0.8500, top5_acc: 0.9584, loss_cls: 0.5187, loss: 0.5187
2026-08-30 06:45:19,592 - pyskl - INFO - Epoch [15][2800/5537]	lr: 5.343e-04, eta: 5:50:03, time: 2.543, data_time: 0.000, memory: 5243, top1_acc: 0.8588, top5_acc: 0.9622, loss_cls: 0.4825, loss: 0.4825
2026-08-30 06:49:34,748 - pyskl - INFO - Epoch [15][2900/5537]	lr: 5.216e-04, eta: 5:45:49, time: 2.552, data_time: 0.000, memory: 5243, top1_acc: 0.8444, top5_acc: 0.9587, loss_cls: 0.5072, loss: 0.5072
2026-08-30 06:53:49,023 - pyskl - INFO - Epoch [15][3000/5537]	lr: 5.090e-04, eta: 5:41:35, time: 2.543, data_time: 0.000, memory: 5243, top1_acc: 0.8531, top5_acc: 0.9628, loss_cls: 0.4976, loss: 0.4976
2026-08-30 06:58:04,139 - pyskl - INFO - Epoch [15][3100/5537]	lr: 4.965e-04, eta: 5:37:22, time: 2.551, data_time: 0.000, memory: 5243, top1_acc: 0.8622, top5_acc: 0.9619, loss_cls: 0.4622, loss: 0.4622
2026-08-30 07:02:17,823 - pyskl - INFO - Epoch [15][3200/5537]	lr: 4.842e-04, eta: 5:33:08, time: 2.537, data_time: 0.000, memory: 5243, top1_acc: 0.8494, top5_acc: 0.9625, loss_cls: 0.5125, loss: 0.5125
2026-08-30 07:06:31,639 - pyskl - INFO - Epoch [15][3300/5537]	lr: 4.721e-04, eta: 5:28:54, time: 2.538, data_time: 0.000, memory: 5243, top1_acc: 0.8581, top5_acc: 0.9625, loss_cls: 0.4828, loss: 0.4828
2026-08-30 07:10:46,966 - pyskl - INFO - Epoch [15][3400/5537]	lr: 4.601e-04, eta: 5:24:40, time: 2.553, data_time: 0.000, memory: 5243, top1_acc: 0.8562, top5_acc: 0.9556, loss_cls: 0.5101, loss: 0.5101
2026-08-30 07:15:00,403 - pyskl - INFO - Epoch [15][3500/5537]	lr: 4.483e-04, eta: 5:20:26, time: 2.534, data_time: 0.000, memory: 5243, top1_acc: 0.8528, top5_acc: 0.9619, loss_cls: 0.5012, loss: 0.5012
2026-08-30 07:19:15,361 - pyskl - INFO - Epoch [15][3600/5537]	lr: 4.366e-04, eta: 5:16:13, time: 2.550, data_time: 0.000, memory: 5243, top1_acc: 0.8562, top5_acc: 0.9578, loss_cls: 0.4913, loss: 0.4913
2026-08-30 07:23:30,381 - pyskl - INFO - Epoch [15][3700/5537]	lr: 4.250e-04, eta: 5:11:59, time: 2.550, data_time: 0.000, memory: 5243, top1_acc: 0.8553, top5_acc: 0.9659, loss_cls: 0.4878, loss: 0.4878
2026-08-30 07:27:45,557 - pyskl - INFO - Epoch [15][3800/5537]	lr: 4.137e-04, eta: 5:07:45, time: 2.552, data_time: 0.000, memory: 5243, top1_acc: 0.8575, top5_acc: 0.9591, loss_cls: 0.4952, loss: 0.4952
2026-08-30 07:31:58,853 - pyskl - INFO - Epoch [15][3900/5537]	lr: 4.024e-04, eta: 5:03:31, time: 2.533, data_time: 0.000, memory: 5243, top1_acc: 0.8556, top5_acc: 0.9603, loss_cls: 0.4917, loss: 0.4917
2026-08-30 07:36:13,482 - pyskl - INFO - Epoch [15][4000/5537]	lr: 3.913e-04, eta: 4:59:17, time: 2.546, data_time: 0.000, memory: 5243, top1_acc: 0.8581, top5_acc: 0.9597, loss_cls: 0.4908, loss: 0.4908
2026-08-30 07:40:28,405 - pyskl - INFO - Epoch [15][4100/5537]	lr: 3.804e-04, eta: 4:55:04, time: 2.549, data_time: 0.000, memory: 5243, top1_acc: 0.8572, top5_acc: 0.9619, loss_cls: 0.4708, loss: 0.4708
2026-08-30 07:44:41,764 - pyskl - INFO - Epoch [15][4200/5537]	lr: 3.696e-04, eta: 4:50:50, time: 2.534, data_time: 0.000, memory: 5243, top1_acc: 0.8516, top5_acc: 0.9656, loss_cls: 0.4858, loss: 0.4858
2026-08-30 07:48:56,835 - pyskl - INFO - Epoch [15][4300/5537]	lr: 3.590e-04, eta: 4:46:36, time: 2.551, data_time: 0.000, memory: 5243, top1_acc: 0.8675, top5_acc: 0.9628, loss_cls: 0.4677, loss: 0.4677
2026-08-30 07:53:11,064 - pyskl - INFO - Epoch [15][4400/5537]	lr: 3.485e-04, eta: 4:42:22, time: 2.542, data_time: 0.000, memory: 5243, top1_acc: 0.8541, top5_acc: 0.9597, loss_cls: 0.5004, loss: 0.5004
2026-08-30 07:57:24,915 - pyskl - INFO - Epoch [15][4500/5537]	lr: 3.382e-04, eta: 4:38:08, time: 2.539, data_time: 0.000, memory: 5243, top1_acc: 0.8572, top5_acc: 0.9641, loss_cls: 0.4716, loss: 0.4716
2026-08-30 08:01:39,337 - pyskl - INFO - Epoch [15][4600/5537]	lr: 3.281e-04, eta: 4:33:54, time: 2.544, data_time: 0.000, memory: 5243, top1_acc: 0.8584, top5_acc: 0.9591, loss_cls: 0.4798, loss: 0.4798
2026-08-30 08:05:53,881 - pyskl - INFO - Epoch [15][4700/5537]	lr: 3.181e-04, eta: 4:29:41, time: 2.545, data_time: 0.000, memory: 5243, top1_acc: 0.8419, top5_acc: 0.9519, loss_cls: 0.5295, loss: 0.5295
2026-08-30 08:10:07,908 - pyskl - INFO - Epoch [15][4800/5537]	lr: 3.082e-04, eta: 4:25:27, time: 2.540, data_time: 0.000, memory: 5243, top1_acc: 0.8566, top5_acc: 0.9594, loss_cls: 0.4850, loss: 0.4850
2026-08-30 08:14:21,121 - pyskl - INFO - Epoch [15][4900/5537]	lr: 2.985e-04, eta: 4:21:13, time: 2.532, data_time: 0.000, memory: 5243, top1_acc: 0.8512, top5_acc: 0.9613, loss_cls: 0.4983, loss: 0.4983
2026-08-30 08:18:35,547 - pyskl - INFO - Epoch [15][5000/5537]	lr: 2.889e-04, eta: 4:16:59, time: 2.544, data_time: 0.000, memory: 5243, top1_acc: 0.8484, top5_acc: 0.9597, loss_cls: 0.4969, loss: 0.4969
2026-08-30 08:22:49,672 - pyskl - INFO - Epoch [15][5100/5537]	lr: 2.795e-04, eta: 4:12:45, time: 2.541, data_time: 0.000, memory: 5243, top1_acc: 0.8647, top5_acc: 0.9622, loss_cls: 0.4824, loss: 0.4824
2026-08-30 08:27:02,939 - pyskl - INFO - Epoch [15][5200/5537]	lr: 2.703e-04, eta: 4:08:31, time: 2.533, data_time: 0.000, memory: 5243, top1_acc: 0.8591, top5_acc: 0.9653, loss_cls: 0.4645, loss: 0.4645
2026-08-30 08:31:17,602 - pyskl - INFO - Epoch [15][5300/5537]	lr: 2.612e-04, eta: 4:04:18, time: 2.547, data_time: 0.000, memory: 5243, top1_acc: 0.8538, top5_acc: 0.9669, loss_cls: 0.4903, loss: 0.4903
2026-08-30 08:35:32,242 - pyskl - INFO - Epoch [15][5400/5537]	lr: 2.523e-04, eta: 4:00:04, time: 2.546, data_time: 0.000, memory: 5243, top1_acc: 0.8531, top5_acc: 0.9606, loss_cls: 0.4807, loss: 0.4807
2026-08-30 08:39:47,321 - pyskl - INFO - Epoch [15][5500/5537]	lr: 2.435e-04, eta: 3:55:50, time: 2.551, data_time: 0.000, memory: 5243, top1_acc: 0.8572, top5_acc: 0.9584, loss_cls: 0.4935, loss: 0.4935
2026-08-30 08:41:20,962 - pyskl - INFO - Saving checkpoint at 15 epochs
2026-08-30 08:47:30,073 - pyskl - INFO - Evaluating top_k_accuracy ...
2026-08-30 08:47:30,085 - pyskl - INFO - 
top1_acc	0.8907
top5_acc	0.9852
2026-08-30 08:47:30,086 - pyskl - INFO - The previous best checkpoint D:\YxjProject\pythonProject\pyskl\work_dirs\aug_baseline\stgcnpp_j\train\A6_mixed\best_top1_acc_epoch_14.pth was removed
2026-08-30 08:47:30,154 - pyskl - INFO - Now best checkpoint is saved as best_top1_acc_epoch_15.pth.
2026-08-30 08:47:30,154 - pyskl - INFO - Best top1_acc is 0.8907 at 15 epoch.
2026-08-30 08:47:30,154 - pyskl - INFO - Epoch(val) [15][146]	top1_acc: 0.8907, top5_acc: 0.9852
2026-08-30 08:51:51,610 - pyskl - INFO - Epoch [16][100/5537]	lr: 2.317e-04, eta: 3:49:57, time: 2.615, data_time: 0.066, memory: 5243, top1_acc: 0.8506, top5_acc: 0.9578, loss_cls: 0.5107, loss: 0.5107
2026-08-30 08:56:05,001 - pyskl - INFO - Epoch [16][200/5537]	lr: 2.233e-04, eta: 3:45:43, time: 2.534, data_time: 0.000, memory: 5243, top1_acc: 0.8509, top5_acc: 0.9581, loss_cls: 0.4855, loss: 0.4855
2026-08-30 09:00:19,910 - pyskl - INFO - Epoch [16][300/5537]	lr: 2.150e-04, eta: 3:41:29, time: 2.549, data_time: 0.000, memory: 5243, top1_acc: 0.8603, top5_acc: 0.9637, loss_cls: 0.4646, loss: 0.4646
2026-08-30 09:04:34,311 - pyskl - INFO - Epoch [16][400/5537]	lr: 2.069e-04, eta: 3:37:15, time: 2.544, data_time: 0.000, memory: 5243, top1_acc: 0.8600, top5_acc: 0.9572, loss_cls: 0.4822, loss: 0.4822
2026-08-30 09:08:54,052 - pyskl - INFO - Epoch [16][500/5537]	lr: 1.990e-04, eta: 3:33:02, time: 2.597, data_time: 0.000, memory: 5243, top1_acc: 0.8494, top5_acc: 0.9616, loss_cls: 0.4958, loss: 0.4958
2026-08-30 09:13:14,313 - pyskl - INFO - Epoch [16][600/5537]	lr: 1.912e-04, eta: 3:28:49, time: 2.603, data_time: 0.000, memory: 5243, top1_acc: 0.8634, top5_acc: 0.9666, loss_cls: 0.4627, loss: 0.4627
2026-08-30 09:17:34,136 - pyskl - INFO - Epoch [16][700/5537]	lr: 1.835e-04, eta: 3:24:35, time: 2.598, data_time: 0.000, memory: 5243, top1_acc: 0.8616, top5_acc: 0.9653, loss_cls: 0.4852, loss: 0.4852
2026-08-30 09:21:54,334 - pyskl - INFO - Epoch [16][800/5537]	lr: 1.760e-04, eta: 3:20:22, time: 2.602, data_time: 0.000, memory: 5243, top1_acc: 0.8581, top5_acc: 0.9616, loss_cls: 0.4859, loss: 0.4859
2026-08-30 09:26:13,692 - pyskl - INFO - Epoch [16][900/5537]	lr: 1.687e-04, eta: 3:16:08, time: 2.594, data_time: 0.000, memory: 5243, top1_acc: 0.8625, top5_acc: 0.9647, loss_cls: 0.4564, loss: 0.4564
2026-08-30 09:30:33,533 - pyskl - INFO - Epoch [16][1000/5537]	lr: 1.615e-04, eta: 3:11:55, time: 2.598, data_time: 0.000, memory: 5243, top1_acc: 0.8656, top5_acc: 0.9616, loss_cls: 0.4687, loss: 0.4687
2026-08-30 09:34:53,472 - pyskl - INFO - Epoch [16][1100/5537]	lr: 1.545e-04, eta: 3:07:41, time: 2.599, data_time: 0.000, memory: 5243, top1_acc: 0.8606, top5_acc: 0.9541, loss_cls: 0.4984, loss: 0.4984
2026-08-30 09:39:12,620 - pyskl - INFO - Epoch [16][1200/5537]	lr: 1.476e-04, eta: 3:03:28, time: 2.591, data_time: 0.000, memory: 5243, top1_acc: 0.8628, top5_acc: 0.9603, loss_cls: 0.4854, loss: 0.4854
2026-08-30 09:43:32,545 - pyskl - INFO - Epoch [16][1300/5537]	lr: 1.409e-04, eta: 2:59:14, time: 2.599, data_time: 0.000, memory: 5243, top1_acc: 0.8644, top5_acc: 0.9647, loss_cls: 0.4714, loss: 0.4714
2026-08-30 09:47:52,656 - pyskl - INFO - Epoch [16][1400/5537]	lr: 1.343e-04, eta: 2:55:01, time: 2.601, data_time: 0.000, memory: 5243, top1_acc: 0.8600, top5_acc: 0.9613, loss_cls: 0.4787, loss: 0.4787
2026-08-30 09:52:12,674 - pyskl - INFO - Epoch [16][1500/5537]	lr: 1.279e-04, eta: 2:50:47, time: 2.600, data_time: 0.000, memory: 5243, top1_acc: 0.8556, top5_acc: 0.9606, loss_cls: 0.4838, loss: 0.4838
2026-08-30 09:56:31,656 - pyskl - INFO - Epoch [16][1600/5537]	lr: 1.217e-04, eta: 2:46:34, time: 2.590, data_time: 0.000, memory: 5243, top1_acc: 0.8594, top5_acc: 0.9594, loss_cls: 0.4814, loss: 0.4814
2026-08-30 10:00:52,055 - pyskl - INFO - Epoch [16][1700/5537]	lr: 1.156e-04, eta: 2:42:20, time: 2.604, data_time: 0.000, memory: 5243, top1_acc: 0.8584, top5_acc: 0.9584, loss_cls: 0.4857, loss: 0.4857
2026-08-30 10:05:11,400 - pyskl - INFO - Epoch [16][1800/5537]	lr: 1.097e-04, eta: 2:38:06, time: 2.593, data_time: 0.000, memory: 5243, top1_acc: 0.8619, top5_acc: 0.9653, loss_cls: 0.4596, loss: 0.4596
2026-08-30 10:09:30,859 - pyskl - INFO - Epoch [16][1900/5537]	lr: 1.039e-04, eta: 2:33:53, time: 2.595, data_time: 0.000, memory: 5243, top1_acc: 0.8534, top5_acc: 0.9566, loss_cls: 0.5049, loss: 0.5049
2026-08-30 10:13:50,664 - pyskl - INFO - Epoch [16][2000/5537]	lr: 9.825e-05, eta: 2:29:39, time: 2.598, data_time: 0.000, memory: 5243, top1_acc: 0.8728, top5_acc: 0.9681, loss_cls: 0.4378, loss: 0.4378
2026-08-30 10:18:10,688 - pyskl - INFO - Epoch [16][2100/5537]	lr: 9.278e-05, eta: 2:25:25, time: 2.600, data_time: 0.000, memory: 5243, top1_acc: 0.8581, top5_acc: 0.9619, loss_cls: 0.4944, loss: 0.4944
2026-08-30 10:22:30,540 - pyskl - INFO - Epoch [16][2200/5537]	lr: 8.747e-05, eta: 2:21:12, time: 2.599, data_time: 0.000, memory: 5243, top1_acc: 0.8778, top5_acc: 0.9641, loss_cls: 0.4412, loss: 0.4412
2026-08-30 10:26:49,453 - pyskl - INFO - Epoch [16][2300/5537]	lr: 8.231e-05, eta: 2:16:58, time: 2.589, data_time: 0.000, memory: 5243, top1_acc: 0.8759, top5_acc: 0.9653, loss_cls: 0.4411, loss: 0.4411
2026-08-30 10:31:09,462 - pyskl - INFO - Epoch [16][2400/5537]	lr: 7.731e-05, eta: 2:12:44, time: 2.600, data_time: 0.000, memory: 5243, top1_acc: 0.8612, top5_acc: 0.9634, loss_cls: 0.4650, loss: 0.4650
2026-08-30 10:35:29,574 - pyskl - INFO - Epoch [16][2500/5537]	lr: 7.247e-05, eta: 2:08:31, time: 2.601, data_time: 0.000, memory: 5243, top1_acc: 0.8562, top5_acc: 0.9566, loss_cls: 0.4973, loss: 0.4973
2026-08-30 10:39:49,442 - pyskl - INFO - Epoch [16][2600/5537]	lr: 6.778e-05, eta: 2:04:17, time: 2.599, data_time: 0.000, memory: 5243, top1_acc: 0.8706, top5_acc: 0.9641, loss_cls: 0.4473, loss: 0.4473
2026-08-30 10:44:08,438 - pyskl - INFO - Epoch [16][2700/5537]	lr: 6.325e-05, eta: 2:00:03, time: 2.590, data_time: 0.000, memory: 5243, top1_acc: 0.8603, top5_acc: 0.9641, loss_cls: 0.4745, loss: 0.4745
2026-08-30 10:48:27,772 - pyskl - INFO - Epoch [16][2800/5537]	lr: 5.887e-05, eta: 1:55:50, time: 2.593, data_time: 0.000, memory: 5243, top1_acc: 0.8656, top5_acc: 0.9663, loss_cls: 0.4632, loss: 0.4632
2026-08-30 10:52:47,539 - pyskl - INFO - Epoch [16][2900/5537]	lr: 5.465e-05, eta: 1:51:36, time: 2.598, data_time: 0.000, memory: 5243, top1_acc: 0.8669, top5_acc: 0.9672, loss_cls: 0.4436, loss: 0.4436
2026-08-30 10:57:06,743 - pyskl - INFO - Epoch [16][3000/5537]	lr: 5.059e-05, eta: 1:47:22, time: 2.592, data_time: 0.000, memory: 5243, top1_acc: 0.8562, top5_acc: 0.9666, loss_cls: 0.4711, loss: 0.4711
2026-08-30 11:01:26,525 - pyskl - INFO - Epoch [16][3100/5537]	lr: 4.669e-05, eta: 1:43:08, time: 2.598, data_time: 0.000, memory: 5243, top1_acc: 0.8662, top5_acc: 0.9609, loss_cls: 0.4541, loss: 0.4541
2026-08-30 11:05:46,533 - pyskl - INFO - Epoch [16][3200/5537]	lr: 4.294e-05, eta: 1:38:54, time: 2.600, data_time: 0.000, memory: 5243, top1_acc: 0.8681, top5_acc: 0.9606, loss_cls: 0.4509, loss: 0.4509
2026-08-30 11:10:06,146 - pyskl - INFO - Epoch [16][3300/5537]	lr: 3.934e-05, eta: 1:34:41, time: 2.596, data_time: 0.000, memory: 5243, top1_acc: 0.8684, top5_acc: 0.9666, loss_cls: 0.4378, loss: 0.4378
2026-08-30 11:14:25,434 - pyskl - INFO - Epoch [16][3400/5537]	lr: 3.591e-05, eta: 1:30:27, time: 2.593, data_time: 0.000, memory: 5243, top1_acc: 0.8644, top5_acc: 0.9631, loss_cls: 0.4618, loss: 0.4618
2026-08-30 11:18:45,253 - pyskl - INFO - Epoch [16][3500/5537]	lr: 3.263e-05, eta: 1:26:13, time: 2.598, data_time: 0.000, memory: 5243, top1_acc: 0.8622, top5_acc: 0.9622, loss_cls: 0.4639, loss: 0.4639
2026-08-30 11:23:05,353 - pyskl - INFO - Epoch [16][3600/5537]	lr: 2.951e-05, eta: 1:21:59, time: 2.601, data_time: 0.000, memory: 5243, top1_acc: 0.8594, top5_acc: 0.9622, loss_cls: 0.4795, loss: 0.4795
2026-08-30 11:27:24,515 - pyskl - INFO - Epoch [16][3700/5537]	lr: 2.654e-05, eta: 1:17:45, time: 2.592, data_time: 0.000, memory: 5243, top1_acc: 0.8631, top5_acc: 0.9675, loss_cls: 0.4550, loss: 0.4550
2026-08-30 11:31:44,437 - pyskl - INFO - Epoch [16][3800/5537]	lr: 2.373e-05, eta: 1:13:31, time: 2.599, data_time: 0.000, memory: 5243, top1_acc: 0.8562, top5_acc: 0.9637, loss_cls: 0.4840, loss: 0.4840
2026-08-30 11:36:04,677 - pyskl - INFO - Epoch [16][3900/5537]	lr: 2.108e-05, eta: 1:09:18, time: 2.602, data_time: 0.000, memory: 5243, top1_acc: 0.8678, top5_acc: 0.9641, loss_cls: 0.4520, loss: 0.4520
2026-08-30 11:40:24,165 - pyskl - INFO - Epoch [16][4000/5537]	lr: 1.859e-05, eta: 1:05:04, time: 2.595, data_time: 0.000, memory: 5243, top1_acc: 0.8728, top5_acc: 0.9684, loss_cls: 0.4279, loss: 0.4279
2026-08-30 11:44:43,245 - pyskl - INFO - Epoch [16][4100/5537]	lr: 1.625e-05, eta: 1:00:50, time: 2.591, data_time: 0.000, memory: 5243, top1_acc: 0.8647, top5_acc: 0.9647, loss_cls: 0.4579, loss: 0.4579
2026-08-30 11:49:03,290 - pyskl - INFO - Epoch [16][4200/5537]	lr: 1.407e-05, eta: 0:56:36, time: 2.600, data_time: 0.000, memory: 5243, top1_acc: 0.8619, top5_acc: 0.9594, loss_cls: 0.4722, loss: 0.4722
2026-08-30 11:53:23,404 - pyskl - INFO - Epoch [16][4300/5537]	lr: 1.204e-05, eta: 0:52:22, time: 2.601, data_time: 0.000, memory: 5243, top1_acc: 0.8584, top5_acc: 0.9628, loss_cls: 0.4740, loss: 0.4740
2026-08-30 11:57:42,820 - pyskl - INFO - Epoch [16][4400/5537]	lr: 1.018e-05, eta: 0:48:08, time: 2.594, data_time: 0.000, memory: 5243, top1_acc: 0.8638, top5_acc: 0.9622, loss_cls: 0.4676, loss: 0.4676
2026-08-30 12:02:02,536 - pyskl - INFO - Epoch [16][4500/5537]	lr: 8.467e-06, eta: 0:43:54, time: 2.597, data_time: 0.000, memory: 5243, top1_acc: 0.8562, top5_acc: 0.9566, loss_cls: 0.4951, loss: 0.4951
2026-08-30 12:06:22,384 - pyskl - INFO - Epoch [16][4600/5537]	lr: 6.914e-06, eta: 0:39:40, time: 2.598, data_time: 0.000, memory: 5243, top1_acc: 0.8622, top5_acc: 0.9591, loss_cls: 0.4699, loss: 0.4699
2026-08-30 12:10:42,287 - pyskl - INFO - Epoch [16][4700/5537]	lr: 5.519e-06, eta: 0:35:26, time: 2.599, data_time: 0.000, memory: 5243, top1_acc: 0.8603, top5_acc: 0.9644, loss_cls: 0.4738, loss: 0.4738
2026-08-30 12:15:01,421 - pyskl - INFO - Epoch [16][4800/5537]	lr: 4.280e-06, eta: 0:31:12, time: 2.591, data_time: 0.000, memory: 5243, top1_acc: 0.8656, top5_acc: 0.9650, loss_cls: 0.4580, loss: 0.4580
2026-08-30 12:19:21,655 - pyskl - INFO - Epoch [16][4900/5537]	lr: 3.199e-06, eta: 0:26:58, time: 2.602, data_time: 0.000, memory: 5243, top1_acc: 0.8744, top5_acc: 0.9637, loss_cls: 0.4420, loss: 0.4420
2026-08-30 12:23:41,485 - pyskl - INFO - Epoch [16][5000/5537]	lr: 2.275e-06, eta: 0:22:44, time: 2.598, data_time: 0.000, memory: 5243, top1_acc: 0.8681, top5_acc: 0.9653, loss_cls: 0.4472, loss: 0.4472
2026-08-30 12:28:01,306 - pyskl - INFO - Epoch [16][5100/5537]	lr: 1.508e-06, eta: 0:18:30, time: 2.598, data_time: 0.000, memory: 5243, top1_acc: 0.8647, top5_acc: 0.9675, loss_cls: 0.4611, loss: 0.4611
2026-08-30 12:32:20,660 - pyskl - INFO - Epoch [16][5200/5537]	lr: 8.979e-07, eta: 0:14:16, time: 2.594, data_time: 0.000, memory: 5243, top1_acc: 0.8706, top5_acc: 0.9650, loss_cls: 0.4539, loss: 0.4539
2026-08-30 12:36:41,157 - pyskl - INFO - Epoch [16][5300/5537]	lr: 4.452e-07, eta: 0:10:02, time: 2.605, data_time: 0.000, memory: 5243, top1_acc: 0.8603, top5_acc: 0.9622, loss_cls: 0.4754, loss: 0.4754
2026-08-30 12:41:01,261 - pyskl - INFO - Epoch [16][5400/5537]	lr: 1.497e-07, eta: 0:05:48, time: 2.601, data_time: 0.000, memory: 5243, top1_acc: 0.8559, top5_acc: 0.9672, loss_cls: 0.4675, loss: 0.4675
2026-08-30 12:45:20,436 - pyskl - INFO - Epoch [16][5500/5537]	lr: 1.135e-08, eta: 0:01:34, time: 2.592, data_time: 0.000, memory: 5243, top1_acc: 0.8703, top5_acc: 0.9641, loss_cls: 0.4574, loss: 0.4574
2026-08-30 12:46:56,945 - pyskl - INFO - Saving checkpoint at 16 epochs
2026-08-30 12:53:02,926 - pyskl - INFO - Evaluating top_k_accuracy ...
2026-08-30 12:53:02,937 - pyskl - INFO - 
top1_acc	0.8947
top5_acc	0.9841
2026-08-30 12:53:02,938 - pyskl - INFO - The previous best checkpoint D:\YxjProject\pythonProject\pyskl\work_dirs\aug_baseline\stgcnpp_j\train\A6_mixed\best_top1_acc_epoch_15.pth was removed
2026-08-30 12:53:03,008 - pyskl - INFO - Now best checkpoint is saved as best_top1_acc_epoch_16.pth.
2026-08-30 12:53:03,008 - pyskl - INFO - Best top1_acc is 0.8947 at 16 epoch.
2026-08-30 12:53:03,008 - pyskl - INFO - Epoch(val) [16][146]	top1_acc: 0.8947, top5_acc: 0.9841
2026-08-30 12:53:14,016 - pyskl - INFO - 4655 videos remain after valid thresholding
2026-08-30 12:53:14,016 - pyskl - INFO - load checkpoint from local path: ./work_dirs/aug_baseline/stgcnpp_j/train/A6_mixed\best_top1_acc_epoch_16.pth
2026-08-30 13:58:00,767 - pyskl - INFO - Testing results of the best checkpoint
2026-08-30 13:58:00,767 - pyskl - INFO - top1_acc: 0.8984
2026-08-30 13:58:00,767 - pyskl - INFO - top5_acc: 0.9860
