2026-09-06 14:44:31,984 - pyskl - INFO - Environment info:
------------------------------------------------------------
sys.platform: win32
Python: 3.10.20 | packaged by Anaconda, Inc. | (main, Jun 11 2026, 15:13:20) [MSC v.1942 64 bit (AMD64)]
CUDA available: True
GPU 0: NVIDIA GeForce GTX 1080 Ti
CUDA_HOME: C:\Program Files\NVIDIA GPU Computing Toolkit\CUDA\v12.1
NVCC: Cuda compilation tools, release 12.1, V12.1.66
MSVC: Microsoft (R) C/C++ Optimizing Compiler Version 19.51.36252 for x64
GCC: n/a
PyTorch: 1.12.1
PyTorch compiling details: PyTorch built with:
  - C++ Version: 199711
  - MSVC 192829337
  - Intel(R) Math Kernel Library Version 2020.0.2 Product Build 20200624 for Intel(R) 64 architecture applications
  - Intel(R) MKL-DNN v2.6.0 (Git Hash 52b5f107dd9cf10910aaa19cb47f3abf9b349815)
  - OpenMP 2019
  - LAPACK is enabled (usually provided by MKL)
  - CPU capability usage: AVX2
  - CUDA Runtime 11.3
  - NVCC architecture flags: -gencode;arch=compute_37,code=sm_37;-gencode;arch=compute_50,code=sm_50;-gencode;arch=compute_60,code=sm_60;-gencode;arch=compute_61,code=sm_61;-gencode;arch=compute_70,code=sm_70;-gencode;arch=compute_75,code=sm_75;-gencode;arch=compute_80,code=sm_80;-gencode;arch=compute_86,code=sm_86;-gencode;arch=compute_37,code=compute_37
  - CuDNN 8.3.2  (built against CUDA 11.5)
  - Magma 2.5.4
  - Build settings: BLAS_INFO=mkl, BUILD_TYPE=Release, CUDA_VERSION=11.3, CUDNN_VERSION=8.3.2, CXX_COMPILER=C:/cb/pytorch_1000000000000/work/tmp_bin/sccache-cl.exe, CXX_FLAGS=/DWIN32 /D_WINDOWS /GR /EHsc /w /bigobj -DUSE_PTHREADPOOL -openmp:experimental -IC:/cb/pytorch_1000000000000/work/mkl/include -DNDEBUG -DUSE_KINETO -DLIBKINETO_NOCUPTI -DUSE_FBGEMM -DUSE_XNNPACK -DSYMBOLICATE_MOBILE_DEBUG_HANDLE -DEDGE_PROFILER_USE_KINETO, LAPACK_INFO=mkl, PERF_WITH_AVX=1, PERF_WITH_AVX2=1, PERF_WITH_AVX512=1, TORCH_VERSION=1.12.1, USE_CUDA=ON, USE_CUDNN=ON, USE_EXCEPTION_PTR=1, USE_GFLAGS=OFF, USE_GLOG=OFF, USE_MKL=ON, USE_MKLDNN=OFF, USE_MPI=OFF, USE_NCCL=OFF, USE_NNPACK=OFF, USE_OPENMP=ON, USE_ROCM=OFF, 

TorchVision: 0.13.1
OpenCV: 4.7.0
MMCV: 1.7.0
MMCV Compiler: MSVC 192829924
MMCV CUDA Compiler: 11.3
pyskl: 0.1.0+92a72da
------------------------------------------------------------

2026-09-06 14:44:32,197 - pyskl - INFO - Config: model = dict(
    type='RecognizerGCN',
    backbone=dict(
        type='STGCN',
        gcn_adaptive='init',
        gcn_with_res=True,
        tcn_type='mstcn',
        graph_cfg=dict(layout='nturgb+d', mode='spatial')),
    cls_head=dict(type='GCNHead', num_classes=60, in_channels=256))
dataset_type = 'PoseDataset'
ann_file = 'data/nturgbd/ntu60_inner_split.pkl'
train_pipeline = [
    dict(type='PreNormalize3D'),
    dict(
        type='RandomSkeletonDegrade',
        degrade_type='mixed',
        prob=0.3,
        dataset='nturgb+d',
        severity_sampling='S3',
        mixed_apply_prob=0.5),
    dict(type='GenSkeFeat', dataset='nturgb+d', feats=['j']),
    dict(type='UniformSample', clip_len=100),
    dict(type='PoseDecode'),
    dict(type='FormatGCNInput', num_person=2),
    dict(type='Collect', keys=['keypoint', 'label'], meta_keys=[]),
    dict(type='ToTensor', keys=['keypoint'])
]
val_pipeline = [
    dict(type='PreNormalize3D'),
    dict(type='GenSkeFeat', dataset='nturgb+d', feats=['j']),
    dict(type='UniformSample', clip_len=100, num_clips=1),
    dict(type='PoseDecode'),
    dict(type='FormatGCNInput', num_person=2),
    dict(type='Collect', keys=['keypoint', 'label'], meta_keys=[]),
    dict(type='ToTensor', keys=['keypoint'])
]
test_pipeline = [
    dict(type='PreNormalize3D'),
    dict(type='GenSkeFeat', dataset='nturgb+d', feats=['j']),
    dict(type='UniformSample', clip_len=100, num_clips=10, seed=255),
    dict(type='PoseDecode'),
    dict(type='FormatGCNInput', num_person=2),
    dict(type='Collect', keys=['keypoint', 'label'], meta_keys=[]),
    dict(type='ToTensor', keys=['keypoint'])
]
data = dict(
    videos_per_gpu=32,
    workers_per_gpu=2,
    test_dataloader=dict(videos_per_gpu=1),
    train=dict(
        type='RepeatDataset',
        times=5,
        dataset=dict(
            type='PoseDataset',
            ann_file='data/nturgbd/ntu60_inner_split.pkl',
            pipeline=[
                dict(type='PreNormalize3D'),
                dict(
                    type='RandomSkeletonDegrade',
                    degrade_type='mixed',
                    prob=0.3,
                    dataset='nturgb+d',
                    severity_sampling='S3',
                    mixed_apply_prob=0.5),
                dict(type='GenSkeFeat', dataset='nturgb+d', feats=['j']),
                dict(type='UniformSample', clip_len=100),
                dict(type='PoseDecode'),
                dict(type='FormatGCNInput', num_person=2),
                dict(type='Collect', keys=['keypoint', 'label'], meta_keys=[]),
                dict(type='ToTensor', keys=['keypoint'])
            ],
            split='inner_train')),
    val=dict(
        type='PoseDataset',
        ann_file='data/nturgbd/ntu60_inner_split.pkl',
        pipeline=[
            dict(type='PreNormalize3D'),
            dict(type='GenSkeFeat', dataset='nturgb+d', feats=['j']),
            dict(type='UniformSample', clip_len=100, num_clips=1),
            dict(type='PoseDecode'),
            dict(type='FormatGCNInput', num_person=2),
            dict(type='Collect', keys=['keypoint', 'label'], meta_keys=[]),
            dict(type='ToTensor', keys=['keypoint'])
        ],
        split='inner_val'),
    test=dict(
        type='PoseDataset',
        ann_file='data/nturgbd/ntu60_inner_split.pkl',
        pipeline=[
            dict(type='PreNormalize3D'),
            dict(type='GenSkeFeat', dataset='nturgb+d', feats=['j']),
            dict(type='UniformSample', clip_len=100, num_clips=10, seed=255),
            dict(type='PoseDecode'),
            dict(type='FormatGCNInput', num_person=2),
            dict(type='Collect', keys=['keypoint', 'label'], meta_keys=[]),
            dict(type='ToTensor', keys=['keypoint'])
        ],
        split='inner_val'))
optimizer = dict(
    type='SGD', lr=0.025, momentum=0.9, weight_decay=0.0005, nesterov=True)
optimizer_config = dict(grad_clip=None)
lr_config = dict(policy='CosineAnnealing', min_lr=0, by_epoch=False)
total_epochs = 16
checkpoint_config = dict(interval=1)
evaluation = dict(interval=1, metrics=['top_k_accuracy'])
log_config = dict(interval=100, hooks=[dict(type='TextLoggerHook')])
log_level = 'INFO'
work_dir = './work_dirs/aug_baseline/stgcnpp_j/train/A6_mixed_p0.3'
dist_params = dict(backend='gloo')
gpu_ids = range(0, 1)

2026-09-06 14:44:32,197 - pyskl - INFO - Set random seed to 255, deterministic: True
2026-09-06 14:44:44,618 - pyskl - INFO - 35436 videos remain after valid thresholding
2026-09-06 14:45:01,339 - pyskl - INFO - 4655 videos remain after valid thresholding
2026-09-06 14:45:01,340 - pyskl - INFO - Start running, host: Administrator@SERVER-1080TI, work_dir: D:\YXJProject\pythonProject\pyskl\work_dirs\aug_baseline\stgcnpp_j\train\A6_mixed_p0.3
2026-09-06 14:45:01,340 - pyskl - INFO - Hooks will be executed in the following order:
before_run:
(VERY_HIGH   ) CosineAnnealingLrUpdaterHook       
(NORMAL      ) CheckpointHook                     
(NORMAL      ) DistEvalHook                       
(VERY_LOW    ) TextLoggerHook                     
 -------------------- 
before_train_epoch:
(VERY_HIGH   ) CosineAnnealingLrUpdaterHook       
(NORMAL      ) DistSamplerSeedHook                
(NORMAL      ) DistEvalHook                       
(LOW         ) IterTimerHook                      
(VERY_LOW    ) TextLoggerHook                     
 -------------------- 
before_train_iter:
(VERY_HIGH   ) CosineAnnealingLrUpdaterHook       
(NORMAL      ) DistEvalHook                       
(LOW         ) IterTimerHook                      
 -------------------- 
after_train_iter:
(ABOVE_NORMAL) OptimizerHook                      
(NORMAL      ) CheckpointHook                     
(NORMAL      ) DistEvalHook                       
(LOW         ) IterTimerHook                      
(VERY_LOW    ) TextLoggerHook                     
 -------------------- 
after_train_epoch:
(NORMAL      ) CheckpointHook                     
(NORMAL      ) DistEvalHook                       
(VERY_LOW    ) TextLoggerHook                     
 -------------------- 
before_val_epoch:
(NORMAL      ) DistSamplerSeedHook                
(LOW         ) IterTimerHook                      
(VERY_LOW    ) TextLoggerHook                     
 -------------------- 
before_val_iter:
(LOW         ) IterTimerHook                      
 -------------------- 
after_val_iter:
(LOW         ) IterTimerHook                      
 -------------------- 
after_val_epoch:
(VERY_LOW    ) TextLoggerHook                     
 -------------------- 
after_run:
(VERY_LOW    ) TextLoggerHook                     
 -------------------- 
2026-09-06 14:45:01,340 - pyskl - INFO - workflow: [('train', 1)], max: 16 epochs
2026-09-06 14:45:01,340 - pyskl - INFO - Checkpoints will be saved to D:\YXJProject\pythonProject\pyskl\work_dirs\aug_baseline\stgcnpp_j\train\A6_mixed_p0.3 by HardDiskBackend.
2026-09-06 14:51:03,219 - pyskl - INFO - Epoch [1][100/5537]	lr: 2.500e-02, eta: 3 days, 16:57:09, time: 3.619, data_time: 0.133, memory: 5243, top1_acc: 0.0481, top5_acc: 0.1925, loss_cls: 3.8048, loss: 3.8048
2026-09-06 14:56:45,699 - pyskl - INFO - Epoch [1][200/5537]	lr: 2.500e-02, eta: 3 days, 14:28:15, time: 3.425, data_time: 0.000, memory: 5243, top1_acc: 0.1066, top5_acc: 0.3297, loss_cls: 3.4064, loss: 3.4064
2026-09-06 15:02:26,524 - pyskl - INFO - Epoch [1][300/5537]	lr: 2.500e-02, eta: 3 days, 13:26:42, time: 3.408, data_time: 0.000, memory: 5243, top1_acc: 0.1591, top5_acc: 0.4475, loss_cls: 3.0675, loss: 3.0675
2026-09-06 15:08:07,074 - pyskl - INFO - Epoch [1][400/5537]	lr: 2.500e-02, eta: 3 days, 12:52:05, time: 3.406, data_time: 0.000, memory: 5243, top1_acc: 0.1991, top5_acc: 0.5103, loss_cls: 2.8581, loss: 2.8581
2026-09-06 15:13:47,489 - pyskl - INFO - Epoch [1][500/5537]	lr: 2.500e-02, eta: 3 days, 12:28:38, time: 3.404, data_time: 0.000, memory: 5243, top1_acc: 0.2278, top5_acc: 0.5853, loss_cls: 2.6681, loss: 2.6681
2026-09-06 15:19:28,031 - pyskl - INFO - Epoch [1][600/5537]	lr: 2.500e-02, eta: 3 days, 12:11:25, time: 3.405, data_time: 0.000, memory: 5243, top1_acc: 0.2722, top5_acc: 0.6241, loss_cls: 2.5359, loss: 2.5359
2026-09-06 15:25:08,254 - pyskl - INFO - Epoch [1][700/5537]	lr: 2.500e-02, eta: 3 days, 11:56:50, time: 3.402, data_time: 0.000, memory: 5243, top1_acc: 0.2928, top5_acc: 0.6756, loss_cls: 2.3869, loss: 2.3869
2026-09-06 15:30:48,273 - pyskl - INFO - Epoch [1][800/5537]	lr: 2.499e-02, eta: 3 days, 11:44:07, time: 3.400, data_time: 0.000, memory: 5243, top1_acc: 0.3181, top5_acc: 0.7019, loss_cls: 2.3158, loss: 2.3158
2026-09-06 15:36:28,997 - pyskl - INFO - Epoch [1][900/5537]	lr: 2.499e-02, eta: 3 days, 11:34:06, time: 3.407, data_time: 0.000, memory: 5243, top1_acc: 0.3412, top5_acc: 0.7228, loss_cls: 2.2275, loss: 2.2275
2026-09-06 15:42:09,984 - pyskl - INFO - Epoch [1][1000/5537]	lr: 2.499e-02, eta: 3 days, 11:25:20, time: 3.410, data_time: 0.000, memory: 5243, top1_acc: 0.3594, top5_acc: 0.7441, loss_cls: 2.1542, loss: 2.1542
2026-09-06 15:47:51,543 - pyskl - INFO - Epoch [1][1100/5537]	lr: 2.499e-02, eta: 3 days, 11:17:53, time: 3.416, data_time: 0.000, memory: 5243, top1_acc: 0.4084, top5_acc: 0.7747, loss_cls: 2.0097, loss: 2.0097
2026-09-06 15:53:33,198 - pyskl - INFO - Epoch [1][1200/5537]	lr: 2.499e-02, eta: 3 days, 11:10:51, time: 3.417, data_time: 0.000, memory: 5243, top1_acc: 0.4153, top5_acc: 0.7859, loss_cls: 1.9638, loss: 1.9638
2026-09-06 15:59:14,732 - pyskl - INFO - Epoch [1][1300/5537]	lr: 2.499e-02, eta: 3 days, 11:03:53, time: 3.415, data_time: 0.000, memory: 5243, top1_acc: 0.4278, top5_acc: 0.8122, loss_cls: 1.8673, loss: 1.8673
2026-09-06 16:04:55,964 - pyskl - INFO - Epoch [1][1400/5537]	lr: 2.498e-02, eta: 3 days, 10:56:48, time: 3.412, data_time: 0.000, memory: 5243, top1_acc: 0.4453, top5_acc: 0.7991, loss_cls: 1.8502, loss: 1.8502
2026-09-06 16:10:36,333 - pyskl - INFO - Epoch [1][1500/5537]	lr: 2.498e-02, eta: 3 days, 10:49:03, time: 3.404, data_time: 0.000, memory: 5243, top1_acc: 0.4525, top5_acc: 0.8091, loss_cls: 1.8356, loss: 1.8356
2026-09-06 16:16:16,943 - pyskl - INFO - Epoch [1][1600/5537]	lr: 2.498e-02, eta: 3 days, 10:41:47, time: 3.406, data_time: 0.000, memory: 5243, top1_acc: 0.4944, top5_acc: 0.8413, loss_cls: 1.7120, loss: 1.7120
2026-09-06 16:21:57,448 - pyskl - INFO - Epoch [1][1700/5537]	lr: 2.498e-02, eta: 3 days, 10:34:37, time: 3.405, data_time: 0.000, memory: 5243, top1_acc: 0.5028, top5_acc: 0.8409, loss_cls: 1.6613, loss: 1.6613
2026-09-06 16:27:38,404 - pyskl - INFO - Epoch [1][1800/5537]	lr: 2.497e-02, eta: 3 days, 10:27:58, time: 3.410, data_time: 0.000, memory: 5243, top1_acc: 0.5022, top5_acc: 0.8300, loss_cls: 1.6706, loss: 1.6706
2026-09-06 16:33:18,818 - pyskl - INFO - Epoch [1][1900/5537]	lr: 2.497e-02, eta: 3 days, 10:21:01, time: 3.404, data_time: 0.000, memory: 5243, top1_acc: 0.5009, top5_acc: 0.8466, loss_cls: 1.6519, loss: 1.6519
2026-09-06 16:38:59,137 - pyskl - INFO - Epoch [1][2000/5537]	lr: 2.497e-02, eta: 3 days, 10:14:08, time: 3.403, data_time: 0.000, memory: 5243, top1_acc: 0.5331, top5_acc: 0.8569, loss_cls: 1.5600, loss: 1.5600
2026-09-06 16:44:39,612 - pyskl - INFO - Epoch [1][2100/5537]	lr: 2.497e-02, eta: 3 days, 10:07:28, time: 3.405, data_time: 0.000, memory: 5243, top1_acc: 0.5337, top5_acc: 0.8591, loss_cls: 1.5305, loss: 1.5305
2026-09-06 16:50:19,804 - pyskl - INFO - Epoch [1][2200/5537]	lr: 2.496e-02, eta: 3 days, 10:00:42, time: 3.402, data_time: 0.000, memory: 5243, top1_acc: 0.5328, top5_acc: 0.8619, loss_cls: 1.5067, loss: 1.5067
2026-09-06 16:56:00,688 - pyskl - INFO - Epoch [1][2300/5537]	lr: 2.496e-02, eta: 3 days, 9:54:28, time: 3.409, data_time: 0.000, memory: 5243, top1_acc: 0.5475, top5_acc: 0.8734, loss_cls: 1.5097, loss: 1.5097
2026-09-06 17:01:41,681 - pyskl - INFO - Epoch [1][2400/5537]	lr: 2.495e-02, eta: 3 days, 9:48:20, time: 3.410, data_time: 0.000, memory: 5243, top1_acc: 0.5541, top5_acc: 0.8709, loss_cls: 1.4606, loss: 1.4606
2026-09-06 17:07:22,364 - pyskl - INFO - Epoch [1][2500/5537]	lr: 2.495e-02, eta: 3 days, 9:42:04, time: 3.407, data_time: 0.000, memory: 5243, top1_acc: 0.5700, top5_acc: 0.8762, loss_cls: 1.4263, loss: 1.4263
2026-09-06 17:13:02,765 - pyskl - INFO - Epoch [1][2600/5537]	lr: 2.495e-02, eta: 3 days, 9:35:42, time: 3.404, data_time: 0.000, memory: 5243, top1_acc: 0.5928, top5_acc: 0.8775, loss_cls: 1.3769, loss: 1.3769
2026-09-06 17:18:43,258 - pyskl - INFO - Epoch [1][2700/5537]	lr: 2.494e-02, eta: 3 days, 9:29:25, time: 3.405, data_time: 0.000, memory: 5243, top1_acc: 0.5881, top5_acc: 0.8762, loss_cls: 1.3953, loss: 1.3953
2026-09-06 17:24:23,756 - pyskl - INFO - Epoch [1][2800/5537]	lr: 2.494e-02, eta: 3 days, 9:23:11, time: 3.405, data_time: 0.000, memory: 5243, top1_acc: 0.5831, top5_acc: 0.8791, loss_cls: 1.3816, loss: 1.3816
2026-09-06 17:30:04,358 - pyskl - INFO - Epoch [1][2900/5537]	lr: 2.493e-02, eta: 3 days, 9:17:03, time: 3.406, data_time: 0.000, memory: 5243, top1_acc: 0.5903, top5_acc: 0.8834, loss_cls: 1.3473, loss: 1.3473
2026-09-06 17:35:45,284 - pyskl - INFO - Epoch [1][3000/5537]	lr: 2.493e-02, eta: 3 days, 9:11:05, time: 3.409, data_time: 0.000, memory: 5243, top1_acc: 0.6062, top5_acc: 0.8800, loss_cls: 1.3357, loss: 1.3357
2026-09-06 17:41:26,102 - pyskl - INFO - Epoch [1][3100/5537]	lr: 2.492e-02, eta: 3 days, 9:05:06, time: 3.408, data_time: 0.000, memory: 5243, top1_acc: 0.5988, top5_acc: 0.8919, loss_cls: 1.3094, loss: 1.3094
2026-09-06 17:47:00,153 - pyskl - INFO - Epoch [1][3200/5537]	lr: 2.492e-02, eta: 3 days, 8:56:07, time: 3.341, data_time: 0.000, memory: 5243, top1_acc: 0.6259, top5_acc: 0.8978, loss_cls: 1.2492, loss: 1.2492
2026-09-06 17:52:27,406 - pyskl - INFO - Epoch [1][3300/5537]	lr: 2.491e-02, eta: 3 days, 8:44:25, time: 3.273, data_time: 0.000, memory: 5243, top1_acc: 0.6234, top5_acc: 0.8900, loss_cls: 1.2824, loss: 1.2824
2026-09-06 17:57:54,246 - pyskl - INFO - Epoch [1][3400/5537]	lr: 2.491e-02, eta: 3 days, 8:32:55, time: 3.268, data_time: 0.000, memory: 5243, top1_acc: 0.6209, top5_acc: 0.8912, loss_cls: 1.2565, loss: 1.2565
2026-09-06 18:03:20,879 - pyskl - INFO - Epoch [1][3500/5537]	lr: 2.490e-02, eta: 3 days, 8:21:40, time: 3.266, data_time: 0.000, memory: 5243, top1_acc: 0.6166, top5_acc: 0.8872, loss_cls: 1.2859, loss: 1.2859
2026-09-06 18:08:47,000 - pyskl - INFO - Epoch [1][3600/5537]	lr: 2.490e-02, eta: 3 days, 8:10:33, time: 3.261, data_time: 0.000, memory: 5243, top1_acc: 0.6300, top5_acc: 0.8944, loss_cls: 1.2373, loss: 1.2373
2026-09-06 18:14:13,766 - pyskl - INFO - Epoch [1][3700/5537]	lr: 2.489e-02, eta: 3 days, 7:59:59, time: 3.268, data_time: 0.000, memory: 5243, top1_acc: 0.6469, top5_acc: 0.9022, loss_cls: 1.1815, loss: 1.1815
2026-09-06 18:19:39,895 - pyskl - INFO - Epoch [1][3800/5537]	lr: 2.489e-02, eta: 3 days, 7:49:27, time: 3.261, data_time: 0.000, memory: 5243, top1_acc: 0.6481, top5_acc: 0.8994, loss_cls: 1.1838, loss: 1.1838
2026-09-06 18:25:05,414 - pyskl - INFO - Epoch [1][3900/5537]	lr: 2.488e-02, eta: 3 days, 7:38:57, time: 3.255, data_time: 0.000, memory: 5243, top1_acc: 0.6509, top5_acc: 0.9006, loss_cls: 1.1763, loss: 1.1763
2026-09-06 18:30:30,748 - pyskl - INFO - Epoch [1][4000/5537]	lr: 2.487e-02, eta: 3 days, 7:28:39, time: 3.253, data_time: 0.000, memory: 5243, top1_acc: 0.6481, top5_acc: 0.9059, loss_cls: 1.1400, loss: 1.1400
2026-09-06 18:35:55,820 - pyskl - INFO - Epoch [1][4100/5537]	lr: 2.487e-02, eta: 3 days, 7:18:29, time: 3.251, data_time: 0.000, memory: 5243, top1_acc: 0.6631, top5_acc: 0.9056, loss_cls: 1.1300, loss: 1.1300
2026-09-06 18:41:21,469 - pyskl - INFO - Epoch [1][4200/5537]	lr: 2.486e-02, eta: 3 days, 7:08:45, time: 3.256, data_time: 0.000, memory: 5243, top1_acc: 0.6500, top5_acc: 0.9091, loss_cls: 1.1393, loss: 1.1393
2026-09-06 18:46:48,288 - pyskl - INFO - Epoch [1][4300/5537]	lr: 2.486e-02, eta: 3 days, 6:59:36, time: 3.268, data_time: 0.000, memory: 5243, top1_acc: 0.6594, top5_acc: 0.9116, loss_cls: 1.1067, loss: 1.1067
2026-09-06 18:52:16,192 - pyskl - INFO - Epoch [1][4400/5537]	lr: 2.485e-02, eta: 3 days, 6:50:57, time: 3.279, data_time: 0.000, memory: 5243, top1_acc: 0.6744, top5_acc: 0.9216, loss_cls: 1.0520, loss: 1.0520
2026-09-06 18:57:43,810 - pyskl - INFO - Epoch [1][4500/5537]	lr: 2.484e-02, eta: 3 days, 6:42:22, time: 3.276, data_time: 0.000, memory: 5243, top1_acc: 0.6528, top5_acc: 0.8991, loss_cls: 1.1574, loss: 1.1574
2026-09-06 19:03:09,273 - pyskl - INFO - Epoch [1][4600/5537]	lr: 2.483e-02, eta: 3 days, 6:33:15, time: 3.255, data_time: 0.000, memory: 5243, top1_acc: 0.6534, top5_acc: 0.9003, loss_cls: 1.1802, loss: 1.1802
2026-09-06 19:08:36,430 - pyskl - INFO - Epoch [1][4700/5537]	lr: 2.483e-02, eta: 3 days, 6:24:48, time: 3.272, data_time: 0.000, memory: 5243, top1_acc: 0.6603, top5_acc: 0.9125, loss_cls: 1.1111, loss: 1.1111
2026-09-06 19:14:03,136 - pyskl - INFO - Epoch [1][4800/5537]	lr: 2.482e-02, eta: 3 days, 6:16:21, time: 3.267, data_time: 0.000, memory: 5243, top1_acc: 0.6816, top5_acc: 0.9131, loss_cls: 1.0739, loss: 1.0739
2026-09-06 19:19:29,811 - pyskl - INFO - Epoch [1][4900/5537]	lr: 2.481e-02, eta: 3 days, 6:08:00, time: 3.267, data_time: 0.000, memory: 5243, top1_acc: 0.6763, top5_acc: 0.9113, loss_cls: 1.0709, loss: 1.0709
2026-09-06 19:24:56,334 - pyskl - INFO - Epoch [1][5000/5537]	lr: 2.480e-02, eta: 3 days, 5:59:44, time: 3.265, data_time: 0.000, memory: 5243, top1_acc: 0.6791, top5_acc: 0.9172, loss_cls: 1.0688, loss: 1.0688
2026-09-06 19:30:22,573 - pyskl - INFO - Epoch [1][5100/5537]	lr: 2.480e-02, eta: 3 days, 5:51:30, time: 3.262, data_time: 0.000, memory: 5243, top1_acc: 0.6744, top5_acc: 0.9128, loss_cls: 1.0837, loss: 1.0837
2026-09-06 19:35:48,653 - pyskl - INFO - Epoch [1][5200/5537]	lr: 2.479e-02, eta: 3 days, 5:43:20, time: 3.261, data_time: 0.000, memory: 5243, top1_acc: 0.6766, top5_acc: 0.9159, loss_cls: 1.0504, loss: 1.0504
2026-09-06 19:41:15,272 - pyskl - INFO - Epoch [1][5300/5537]	lr: 2.478e-02, eta: 3 days, 5:35:25, time: 3.266, data_time: 0.000, memory: 5243, top1_acc: 0.6878, top5_acc: 0.9141, loss_cls: 1.0378, loss: 1.0378
2026-09-06 19:46:42,500 - pyskl - INFO - Epoch [1][5400/5537]	lr: 2.477e-02, eta: 3 days, 5:27:44, time: 3.272, data_time: 0.000, memory: 5243, top1_acc: 0.6759, top5_acc: 0.9169, loss_cls: 1.0662, loss: 1.0662
2026-09-06 19:52:09,143 - pyskl - INFO - Epoch [1][5500/5537]	lr: 2.476e-02, eta: 3 days, 5:19:59, time: 3.266, data_time: 0.000, memory: 5243, top1_acc: 0.6869, top5_acc: 0.9187, loss_cls: 1.0470, loss: 1.0470
2026-09-06 19:54:10,275 - pyskl - INFO - Saving checkpoint at 1 epochs
2026-09-06 20:03:06,993 - pyskl - INFO - Evaluating top_k_accuracy ...
2026-09-06 20:03:07,010 - pyskl - INFO - 
top1_acc	0.7248
top5_acc	0.9469
2026-09-06 20:03:07,141 - pyskl - INFO - Now best checkpoint is saved as best_top1_acc_epoch_1.pth.
2026-09-06 20:03:07,142 - pyskl - INFO - Best top1_acc is 0.7248 at 1 epoch.
2026-09-06 20:03:07,142 - pyskl - INFO - Epoch(val) [1][146]	top1_acc: 0.7248, top5_acc: 0.9469
2026-09-06 20:08:46,097 - pyskl - INFO - Epoch [2][100/5537]	lr: 2.475e-02, eta: 3 days, 4:42:53, time: 3.389, data_time: 0.112, memory: 5243, top1_acc: 0.6847, top5_acc: 0.9141, loss_cls: 1.0317, loss: 1.0317
2026-09-06 20:14:12,392 - pyskl - INFO - Epoch [2][200/5537]	lr: 2.474e-02, eta: 3 days, 4:35:45, time: 3.263, data_time: 0.000, memory: 5243, top1_acc: 0.6816, top5_acc: 0.9150, loss_cls: 1.0496, loss: 1.0496
2026-09-06 20:19:39,433 - pyskl - INFO - Epoch [2][300/5537]	lr: 2.473e-02, eta: 3 days, 4:28:50, time: 3.270, data_time: 0.000, memory: 5243, top1_acc: 0.6975, top5_acc: 0.9144, loss_cls: 1.0226, loss: 1.0226
2026-09-06 20:25:06,182 - pyskl - INFO - Epoch [2][400/5537]	lr: 2.472e-02, eta: 3 days, 4:21:55, time: 3.268, data_time: 0.000, memory: 5243, top1_acc: 0.6922, top5_acc: 0.9216, loss_cls: 1.0078, loss: 1.0078
2026-09-06 20:30:33,425 - pyskl - INFO - Epoch [2][500/5537]	lr: 2.471e-02, eta: 3 days, 4:15:09, time: 3.272, data_time: 0.000, memory: 5243, top1_acc: 0.7019, top5_acc: 0.9159, loss_cls: 1.0026, loss: 1.0026
2026-09-06 20:35:59,747 - pyskl - INFO - Epoch [2][600/5537]	lr: 2.471e-02, eta: 3 days, 4:08:13, time: 3.263, data_time: 0.000, memory: 5243, top1_acc: 0.6975, top5_acc: 0.9206, loss_cls: 0.9972, loss: 0.9972
2026-09-06 20:41:26,569 - pyskl - INFO - Epoch [2][700/5537]	lr: 2.470e-02, eta: 3 days, 4:01:27, time: 3.268, data_time: 0.000, memory: 5243, top1_acc: 0.7031, top5_acc: 0.9266, loss_cls: 0.9822, loss: 0.9822
2026-09-06 20:46:53,693 - pyskl - INFO - Epoch [2][800/5537]	lr: 2.469e-02, eta: 3 days, 3:54:47, time: 3.271, data_time: 0.000, memory: 5243, top1_acc: 0.7013, top5_acc: 0.9228, loss_cls: 0.9958, loss: 0.9958
2026-09-06 20:52:22,722 - pyskl - INFO - Epoch [2][900/5537]	lr: 2.468e-02, eta: 3 days, 3:48:33, time: 3.290, data_time: 0.000, memory: 5243, top1_acc: 0.7003, top5_acc: 0.9216, loss_cls: 0.9892, loss: 0.9892
2026-09-06 20:57:51,134 - pyskl - INFO - Epoch [2][1000/5537]	lr: 2.467e-02, eta: 3 days, 3:42:14, time: 3.284, data_time: 0.000, memory: 5243, top1_acc: 0.6881, top5_acc: 0.9119, loss_cls: 1.0250, loss: 1.0250
2026-09-06 21:03:20,134 - pyskl - INFO - Epoch [2][1100/5537]	lr: 2.466e-02, eta: 3 days, 3:36:03, time: 3.290, data_time: 0.000, memory: 5243, top1_acc: 0.7063, top5_acc: 0.9194, loss_cls: 0.9891, loss: 0.9891
2026-09-06 21:08:47,024 - pyskl - INFO - Epoch [2][1200/5537]	lr: 2.465e-02, eta: 3 days, 3:29:28, time: 3.269, data_time: 0.000, memory: 5243, top1_acc: 0.7047, top5_acc: 0.9222, loss_cls: 0.9768, loss: 0.9768
2026-09-06 21:14:13,836 - pyskl - INFO - Epoch [2][1300/5537]	lr: 2.463e-02, eta: 3 days, 3:22:53, time: 3.268, data_time: 0.000, memory: 5243, top1_acc: 0.7222, top5_acc: 0.9281, loss_cls: 0.9256, loss: 0.9256
2026-09-06 21:19:40,098 - pyskl - INFO - Epoch [2][1400/5537]	lr: 2.462e-02, eta: 3 days, 3:16:15, time: 3.263, data_time: 0.000, memory: 5243, top1_acc: 0.7063, top5_acc: 0.9203, loss_cls: 0.9830, loss: 0.9830
2026-09-06 21:25:06,700 - pyskl - INFO - Epoch [2][1500/5537]	lr: 2.461e-02, eta: 3 days, 3:09:42, time: 3.266, data_time: 0.000, memory: 5243, top1_acc: 0.7191, top5_acc: 0.9203, loss_cls: 0.9465, loss: 0.9465
2026-09-06 21:30:32,647 - pyskl - INFO - Epoch [2][1600/5537]	lr: 2.460e-02, eta: 3 days, 3:03:04, time: 3.259, data_time: 0.000, memory: 5243, top1_acc: 0.7075, top5_acc: 0.9253, loss_cls: 0.9535, loss: 0.9535
2026-09-06 21:35:58,243 - pyskl - INFO - Epoch [2][1700/5537]	lr: 2.459e-02, eta: 3 days, 2:56:23, time: 3.256, data_time: 0.000, memory: 5243, top1_acc: 0.6937, top5_acc: 0.9175, loss_cls: 1.0153, loss: 1.0153
2026-09-06 21:41:24,790 - pyskl - INFO - Epoch [2][1800/5537]	lr: 2.458e-02, eta: 3 days, 2:49:56, time: 3.265, data_time: 0.000, memory: 5243, top1_acc: 0.7238, top5_acc: 0.9297, loss_cls: 0.9240, loss: 0.9240
2026-09-06 21:46:51,580 - pyskl - INFO - Epoch [2][1900/5537]	lr: 2.457e-02, eta: 3 days, 2:43:32, time: 3.268, data_time: 0.000, memory: 5243, top1_acc: 0.7278, top5_acc: 0.9306, loss_cls: 0.9010, loss: 0.9010
2026-09-06 21:52:18,436 - pyskl - INFO - Epoch [2][2000/5537]	lr: 2.456e-02, eta: 3 days, 2:37:11, time: 3.269, data_time: 0.000, memory: 5243, top1_acc: 0.7191, top5_acc: 0.9284, loss_cls: 0.9416, loss: 0.9416
2026-09-06 21:57:46,035 - pyskl - INFO - Epoch [2][2100/5537]	lr: 2.454e-02, eta: 3 days, 2:30:59, time: 3.276, data_time: 0.000, memory: 5243, top1_acc: 0.7241, top5_acc: 0.9303, loss_cls: 0.9206, loss: 0.9206
2026-09-06 22:03:13,522 - pyskl - INFO - Epoch [2][2200/5537]	lr: 2.453e-02, eta: 3 days, 2:24:47, time: 3.275, data_time: 0.000, memory: 5243, top1_acc: 0.7225, top5_acc: 0.9278, loss_cls: 0.9165, loss: 0.9165
2026-09-06 22:08:39,803 - pyskl - INFO - Epoch [2][2300/5537]	lr: 2.452e-02, eta: 3 days, 2:18:24, time: 3.263, data_time: 0.000, memory: 5243, top1_acc: 0.7406, top5_acc: 0.9353, loss_cls: 0.8870, loss: 0.8870
2026-09-06 22:14:06,336 - pyskl - INFO - Epoch [2][2400/5537]	lr: 2.451e-02, eta: 3 days, 2:12:05, time: 3.265, data_time: 0.000, memory: 5243, top1_acc: 0.7137, top5_acc: 0.9334, loss_cls: 0.9134, loss: 0.9134
2026-09-06 22:19:33,465 - pyskl - INFO - Epoch [2][2500/5537]	lr: 2.450e-02, eta: 3 days, 2:05:53, time: 3.271, data_time: 0.000, memory: 5243, top1_acc: 0.7206, top5_acc: 0.9256, loss_cls: 0.9317, loss: 0.9317
2026-09-06 22:25:00,710 - pyskl - INFO - Epoch [2][2600/5537]	lr: 2.448e-02, eta: 3 days, 1:59:43, time: 3.272, data_time: 0.000, memory: 5243, top1_acc: 0.7472, top5_acc: 0.9331, loss_cls: 0.8770, loss: 0.8770
2026-09-06 22:30:27,588 - pyskl - INFO - Epoch [2][2700/5537]	lr: 2.447e-02, eta: 3 days, 1:53:31, time: 3.269, data_time: 0.000, memory: 5243, top1_acc: 0.7266, top5_acc: 0.9231, loss_cls: 0.9131, loss: 0.9131
2026-09-06 22:35:55,122 - pyskl - INFO - Epoch [2][2800/5537]	lr: 2.446e-02, eta: 3 days, 1:47:26, time: 3.275, data_time: 0.000, memory: 5243, top1_acc: 0.7103, top5_acc: 0.9216, loss_cls: 0.9376, loss: 0.9376
2026-09-06 22:41:22,247 - pyskl - INFO - Epoch [2][2900/5537]	lr: 2.444e-02, eta: 3 days, 1:41:18, time: 3.271, data_time: 0.000, memory: 5243, top1_acc: 0.7219, top5_acc: 0.9303, loss_cls: 0.9046, loss: 0.9046
2026-09-06 22:46:49,363 - pyskl - INFO - Epoch [2][3000/5537]	lr: 2.443e-02, eta: 3 days, 1:35:11, time: 3.271, data_time: 0.000, memory: 5243, top1_acc: 0.7331, top5_acc: 0.9284, loss_cls: 0.8957, loss: 0.8957
2026-09-06 22:52:16,019 - pyskl - INFO - Epoch [2][3100/5537]	lr: 2.442e-02, eta: 3 days, 1:29:01, time: 3.267, data_time: 0.000, memory: 5243, top1_acc: 0.7334, top5_acc: 0.9281, loss_cls: 0.9035, loss: 0.9035
2026-09-06 22:57:42,464 - pyskl - INFO - Epoch [2][3200/5537]	lr: 2.440e-02, eta: 3 days, 1:22:49, time: 3.264, data_time: 0.000, memory: 5243, top1_acc: 0.7238, top5_acc: 0.9303, loss_cls: 0.9107, loss: 0.9107
2026-09-06 23:03:08,884 - pyskl - INFO - Epoch [2][3300/5537]	lr: 2.439e-02, eta: 3 days, 1:16:39, time: 3.264, data_time: 0.000, memory: 5243, top1_acc: 0.7225, top5_acc: 0.9319, loss_cls: 0.8951, loss: 0.8951
2026-09-06 23:08:34,393 - pyskl - INFO - Epoch [2][3400/5537]	lr: 2.438e-02, eta: 3 days, 1:10:21, time: 3.255, data_time: 0.000, memory: 5243, top1_acc: 0.7350, top5_acc: 0.9363, loss_cls: 0.8884, loss: 0.8884
2026-09-06 23:14:00,079 - pyskl - INFO - Epoch [2][3500/5537]	lr: 2.436e-02, eta: 3 days, 1:04:07, time: 3.257, data_time: 0.000, memory: 5243, top1_acc: 0.7419, top5_acc: 0.9344, loss_cls: 0.8650, loss: 0.8650
2026-09-06 23:19:27,970 - pyskl - INFO - Epoch [2][3600/5537]	lr: 2.435e-02, eta: 3 days, 0:58:12, time: 3.279, data_time: 0.000, memory: 5243, top1_acc: 0.7303, top5_acc: 0.9306, loss_cls: 0.8851, loss: 0.8851
2026-09-06 23:24:54,959 - pyskl - INFO - Epoch [2][3700/5537]	lr: 2.434e-02, eta: 3 days, 0:52:10, time: 3.270, data_time: 0.000, memory: 5243, top1_acc: 0.7316, top5_acc: 0.9313, loss_cls: 0.8886, loss: 0.8886
2026-09-06 23:30:23,069 - pyskl - INFO - Epoch [2][3800/5537]	lr: 2.432e-02, eta: 3 days, 0:46:19, time: 3.281, data_time: 0.000, memory: 5243, top1_acc: 0.7362, top5_acc: 0.9347, loss_cls: 0.8588, loss: 0.8588
2026-09-06 23:35:50,438 - pyskl - INFO - Epoch [2][3900/5537]	lr: 2.431e-02, eta: 3 days, 0:40:21, time: 3.274, data_time: 0.000, memory: 5243, top1_acc: 0.7372, top5_acc: 0.9331, loss_cls: 0.8843, loss: 0.8843
2026-09-06 23:41:17,452 - pyskl - INFO - Epoch [2][4000/5537]	lr: 2.429e-02, eta: 3 days, 0:34:22, time: 3.270, data_time: 0.000, memory: 5243, top1_acc: 0.7288, top5_acc: 0.9309, loss_cls: 0.8986, loss: 0.8986
2026-09-06 23:46:45,046 - pyskl - INFO - Epoch [2][4100/5537]	lr: 2.428e-02, eta: 3 days, 0:28:28, time: 3.276, data_time: 0.000, memory: 5243, top1_acc: 0.7462, top5_acc: 0.9316, loss_cls: 0.8628, loss: 0.8628
2026-09-06 23:52:12,199 - pyskl - INFO - Epoch [2][4200/5537]	lr: 2.426e-02, eta: 3 days, 0:22:30, time: 3.272, data_time: 0.000, memory: 5243, top1_acc: 0.7359, top5_acc: 0.9316, loss_cls: 0.8767, loss: 0.8767
2026-09-06 23:57:38,872 - pyskl - INFO - Epoch [2][4300/5537]	lr: 2.425e-02, eta: 3 days, 0:16:30, time: 3.267, data_time: 0.000, memory: 5243, top1_acc: 0.7394, top5_acc: 0.9316, loss_cls: 0.8541, loss: 0.8541
2026-09-07 00:03:04,887 - pyskl - INFO - Epoch [2][4400/5537]	lr: 2.423e-02, eta: 3 days, 0:10:25, time: 3.260, data_time: 0.000, memory: 5243, top1_acc: 0.7456, top5_acc: 0.9359, loss_cls: 0.8524, loss: 0.8524
2026-09-07 00:08:30,460 - pyskl - INFO - Epoch [2][4500/5537]	lr: 2.422e-02, eta: 3 days, 0:04:17, time: 3.256, data_time: 0.000, memory: 5243, top1_acc: 0.7384, top5_acc: 0.9331, loss_cls: 0.8713, loss: 0.8713
2026-09-07 00:13:55,270 - pyskl - INFO - Epoch [2][4600/5537]	lr: 2.420e-02, eta: 2 days, 23:58:05, time: 3.248, data_time: 0.000, memory: 5243, top1_acc: 0.7369, top5_acc: 0.9400, loss_cls: 0.8486, loss: 0.8486
2026-09-07 00:19:20,959 - pyskl - INFO - Epoch [2][4700/5537]	lr: 2.419e-02, eta: 2 days, 23:52:00, time: 3.257, data_time: 0.000, memory: 5243, top1_acc: 0.7466, top5_acc: 0.9284, loss_cls: 0.8854, loss: 0.8854
2026-09-07 00:24:45,765 - pyskl - INFO - Epoch [2][4800/5537]	lr: 2.417e-02, eta: 2 days, 23:45:49, time: 3.248, data_time: 0.000, memory: 5243, top1_acc: 0.7472, top5_acc: 0.9334, loss_cls: 0.8539, loss: 0.8539
2026-09-07 00:30:10,907 - pyskl - INFO - Epoch [2][4900/5537]	lr: 2.415e-02, eta: 2 days, 23:39:41, time: 3.251, data_time: 0.000, memory: 5243, top1_acc: 0.7553, top5_acc: 0.9369, loss_cls: 0.8541, loss: 0.8541
2026-09-07 00:35:36,173 - pyskl - INFO - Epoch [2][5000/5537]	lr: 2.414e-02, eta: 2 days, 23:33:35, time: 3.253, data_time: 0.000, memory: 5243, top1_acc: 0.7497, top5_acc: 0.9337, loss_cls: 0.8545, loss: 0.8545
2026-09-07 00:41:01,458 - pyskl - INFO - Epoch [2][5100/5537]	lr: 2.412e-02, eta: 2 days, 23:27:30, time: 3.253, data_time: 0.000, memory: 5243, top1_acc: 0.7291, top5_acc: 0.9322, loss_cls: 0.8875, loss: 0.8875
2026-09-07 00:46:28,324 - pyskl - INFO - Epoch [2][5200/5537]	lr: 2.410e-02, eta: 2 days, 23:21:38, time: 3.269, data_time: 0.000, memory: 5243, top1_acc: 0.7525, top5_acc: 0.9425, loss_cls: 0.8217, loss: 0.8217
2026-09-07 00:51:55,549 - pyskl - INFO - Epoch [2][5300/5537]	lr: 2.409e-02, eta: 2 days, 23:15:48, time: 3.272, data_time: 0.000, memory: 5243, top1_acc: 0.7359, top5_acc: 0.9328, loss_cls: 0.8622, loss: 0.8622
2026-09-07 00:57:22,879 - pyskl - INFO - Epoch [2][5400/5537]	lr: 2.407e-02, eta: 2 days, 23:10:00, time: 3.273, data_time: 0.000, memory: 5243, top1_acc: 0.7425, top5_acc: 0.9387, loss_cls: 0.8533, loss: 0.8533
2026-09-07 01:02:49,812 - pyskl - INFO - Epoch [2][5500/5537]	lr: 2.405e-02, eta: 2 days, 23:04:09, time: 3.269, data_time: 0.000, memory: 5243, top1_acc: 0.7462, top5_acc: 0.9350, loss_cls: 0.8360, loss: 0.8360
2026-09-07 01:04:50,858 - pyskl - INFO - Saving checkpoint at 2 epochs
2026-09-07 01:13:43,126 - pyskl - INFO - Evaluating top_k_accuracy ...
2026-09-07 01:13:43,144 - pyskl - INFO - 
top1_acc	0.7779
top5_acc	0.9635
2026-09-07 01:13:43,145 - pyskl - INFO - The previous best checkpoint D:\YXJProject\pythonProject\pyskl\work_dirs\aug_baseline\stgcnpp_j\train\A6_mixed_p0.3\best_top1_acc_epoch_1.pth was removed
2026-09-07 01:13:43,279 - pyskl - INFO - Now best checkpoint is saved as best_top1_acc_epoch_2.pth.
2026-09-07 01:13:43,279 - pyskl - INFO - Best top1_acc is 0.7779 at 2 epoch.
2026-09-07 01:13:43,280 - pyskl - INFO - Epoch(val) [2][146]	top1_acc: 0.7779, top5_acc: 0.9635
2026-09-07 01:19:22,816 - pyskl - INFO - Epoch [3][100/5537]	lr: 2.403e-02, eta: 2 days, 22:43:38, time: 3.395, data_time: 0.110, memory: 5243, top1_acc: 0.7362, top5_acc: 0.9278, loss_cls: 0.8866, loss: 0.8866
2026-09-07 01:24:49,804 - pyskl - INFO - Epoch [3][200/5537]	lr: 2.401e-02, eta: 2 days, 22:37:56, time: 3.270, data_time: 0.000, memory: 5243, top1_acc: 0.7372, top5_acc: 0.9263, loss_cls: 0.8770, loss: 0.8770
2026-09-07 01:30:16,462 - pyskl - INFO - Epoch [3][300/5537]	lr: 2.400e-02, eta: 2 days, 22:32:12, time: 3.267, data_time: 0.000, memory: 5243, top1_acc: 0.7391, top5_acc: 0.9350, loss_cls: 0.8497, loss: 0.8497
2026-09-07 01:35:42,495 - pyskl - INFO - Epoch [3][400/5537]	lr: 2.398e-02, eta: 2 days, 22:26:24, time: 3.260, data_time: 0.000, memory: 5243, top1_acc: 0.7481, top5_acc: 0.9356, loss_cls: 0.8428, loss: 0.8428
2026-09-07 01:41:09,298 - pyskl - INFO - Epoch [3][500/5537]	lr: 2.396e-02, eta: 2 days, 22:20:42, time: 3.268, data_time: 0.000, memory: 5243, top1_acc: 0.7588, top5_acc: 0.9450, loss_cls: 0.7944, loss: 0.7944
2026-09-07 01:46:37,277 - pyskl - INFO - Epoch [3][600/5537]	lr: 2.394e-02, eta: 2 days, 22:15:08, time: 3.280, data_time: 0.000, memory: 5243, top1_acc: 0.7566, top5_acc: 0.9359, loss_cls: 0.8209, loss: 0.8209
2026-09-07 01:52:04,988 - pyskl - INFO - Epoch [3][700/5537]	lr: 2.393e-02, eta: 2 days, 22:09:32, time: 3.277, data_time: 0.000, memory: 5243, top1_acc: 0.7556, top5_acc: 0.9384, loss_cls: 0.8067, loss: 0.8067
2026-09-07 01:57:32,692 - pyskl - INFO - Epoch [3][800/5537]	lr: 2.391e-02, eta: 2 days, 22:03:56, time: 3.277, data_time: 0.000, memory: 5243, top1_acc: 0.7597, top5_acc: 0.9372, loss_cls: 0.8036, loss: 0.8036
2026-09-07 02:03:00,620 - pyskl - INFO - Epoch [3][900/5537]	lr: 2.389e-02, eta: 2 days, 21:58:22, time: 3.279, data_time: 0.000, memory: 5243, top1_acc: 0.7591, top5_acc: 0.9441, loss_cls: 0.7684, loss: 0.7684
2026-09-07 02:08:28,019 - pyskl - INFO - Epoch [3][1000/5537]	lr: 2.387e-02, eta: 2 days, 21:52:44, time: 3.274, data_time: 0.000, memory: 5243, top1_acc: 0.7597, top5_acc: 0.9397, loss_cls: 0.7828, loss: 0.7828
2026-09-07 02:13:54,565 - pyskl - INFO - Epoch [3][1100/5537]	lr: 2.385e-02, eta: 2 days, 21:47:01, time: 3.265, data_time: 0.000, memory: 5243, top1_acc: 0.7381, top5_acc: 0.9397, loss_cls: 0.8403, loss: 0.8403
2026-09-07 02:19:21,681 - pyskl - INFO - Epoch [3][1200/5537]	lr: 2.383e-02, eta: 2 days, 21:41:22, time: 3.271, data_time: 0.000, memory: 5243, top1_acc: 0.7450, top5_acc: 0.9359, loss_cls: 0.8248, loss: 0.8248
2026-09-07 02:24:47,926 - pyskl - INFO - Epoch [3][1300/5537]	lr: 2.382e-02, eta: 2 days, 21:35:38, time: 3.262, data_time: 0.000, memory: 5243, top1_acc: 0.7469, top5_acc: 0.9322, loss_cls: 0.8561, loss: 0.8561
2026-09-07 02:30:14,697 - pyskl - INFO - Epoch [3][1400/5537]	lr: 2.380e-02, eta: 2 days, 21:29:58, time: 3.268, data_time: 0.000, memory: 5243, top1_acc: 0.7569, top5_acc: 0.9322, loss_cls: 0.8209, loss: 0.8209
2026-09-07 02:35:40,759 - pyskl - INFO - Epoch [3][1500/5537]	lr: 2.378e-02, eta: 2 days, 21:24:13, time: 3.261, data_time: 0.000, memory: 5243, top1_acc: 0.7441, top5_acc: 0.9387, loss_cls: 0.8321, loss: 0.8321
2026-09-07 02:41:06,736 - pyskl - INFO - Epoch [3][1600/5537]	lr: 2.376e-02, eta: 2 days, 21:18:28, time: 3.260, data_time: 0.000, memory: 5243, top1_acc: 0.7478, top5_acc: 0.9416, loss_cls: 0.8335, loss: 0.8335
2026-09-07 02:46:33,281 - pyskl - INFO - Epoch [3][1700/5537]	lr: 2.374e-02, eta: 2 days, 21:12:47, time: 3.265, data_time: 0.000, memory: 5243, top1_acc: 0.7622, top5_acc: 0.9403, loss_cls: 0.7966, loss: 0.7966
2026-09-07 02:51:59,411 - pyskl - INFO - Epoch [3][1800/5537]	lr: 2.372e-02, eta: 2 days, 21:07:04, time: 3.261, data_time: 0.000, memory: 5243, top1_acc: 0.7509, top5_acc: 0.9350, loss_cls: 0.8104, loss: 0.8104
2026-09-07 02:57:25,897 - pyskl - INFO - Epoch [3][1900/5537]	lr: 2.370e-02, eta: 2 days, 21:01:23, time: 3.265, data_time: 0.000, memory: 5243, top1_acc: 0.7578, top5_acc: 0.9372, loss_cls: 0.8300, loss: 0.8300
2026-09-07 03:02:53,038 - pyskl - INFO - Epoch [3][2000/5537]	lr: 2.368e-02, eta: 2 days, 20:55:46, time: 3.271, data_time: 0.000, memory: 5243, top1_acc: 0.7438, top5_acc: 0.9353, loss_cls: 0.8432, loss: 0.8432
2026-09-07 03:08:19,488 - pyskl - INFO - Epoch [3][2100/5537]	lr: 2.366e-02, eta: 2 days, 20:50:05, time: 3.264, data_time: 0.000, memory: 5243, top1_acc: 0.7697, top5_acc: 0.9391, loss_cls: 0.7813, loss: 0.7813
2026-09-07 03:13:45,672 - pyskl - INFO - Epoch [3][2200/5537]	lr: 2.364e-02, eta: 2 days, 20:44:23, time: 3.262, data_time: 0.000, memory: 5243, top1_acc: 0.7531, top5_acc: 0.9403, loss_cls: 0.8076, loss: 0.8076
2026-09-07 03:19:13,857 - pyskl - INFO - Epoch [3][2300/5537]	lr: 2.362e-02, eta: 2 days, 20:38:52, time: 3.282, data_time: 0.000, memory: 5243, top1_acc: 0.7656, top5_acc: 0.9409, loss_cls: 0.7703, loss: 0.7703
2026-09-07 03:24:40,284 - pyskl - INFO - Epoch [3][2400/5537]	lr: 2.360e-02, eta: 2 days, 20:33:12, time: 3.264, data_time: 0.000, memory: 5243, top1_acc: 0.7538, top5_acc: 0.9328, loss_cls: 0.8204, loss: 0.8204
2026-09-07 03:30:07,479 - pyskl - INFO - Epoch [3][2500/5537]	lr: 2.358e-02, eta: 2 days, 20:27:36, time: 3.272, data_time: 0.000, memory: 5243, top1_acc: 0.7581, top5_acc: 0.9400, loss_cls: 0.7995, loss: 0.7995
2026-09-07 03:35:35,583 - pyskl - INFO - Epoch [3][2600/5537]	lr: 2.356e-02, eta: 2 days, 20:22:05, time: 3.281, data_time: 0.000, memory: 5243, top1_acc: 0.7569, top5_acc: 0.9353, loss_cls: 0.8125, loss: 0.8125
2026-09-07 03:41:03,141 - pyskl - INFO - Epoch [3][2700/5537]	lr: 2.354e-02, eta: 2 days, 20:16:31, time: 3.276, data_time: 0.000, memory: 5243, top1_acc: 0.7641, top5_acc: 0.9359, loss_cls: 0.8056, loss: 0.8056
2026-09-07 03:46:30,876 - pyskl - INFO - Epoch [3][2800/5537]	lr: 2.352e-02, eta: 2 days, 20:10:58, time: 3.277, data_time: 0.000, memory: 5243, top1_acc: 0.7775, top5_acc: 0.9509, loss_cls: 0.7219, loss: 0.7219
2026-09-07 03:51:57,435 - pyskl - INFO - Epoch [3][2900/5537]	lr: 2.350e-02, eta: 2 days, 20:05:19, time: 3.266, data_time: 0.000, memory: 5243, top1_acc: 0.7597, top5_acc: 0.9416, loss_cls: 0.7935, loss: 0.7935
2026-09-07 03:57:24,819 - pyskl - INFO - Epoch [3][3000/5537]	lr: 2.348e-02, eta: 2 days, 19:59:45, time: 3.274, data_time: 0.000, memory: 5243, top1_acc: 0.7438, top5_acc: 0.9316, loss_cls: 0.8344, loss: 0.8344
2026-09-07 04:02:52,196 - pyskl - INFO - Epoch [3][3100/5537]	lr: 2.345e-02, eta: 2 days, 19:54:10, time: 3.274, data_time: 0.000, memory: 5243, top1_acc: 0.7544, top5_acc: 0.9347, loss_cls: 0.8195, loss: 0.8195
2026-09-07 04:08:19,692 - pyskl - INFO - Epoch [3][3200/5537]	lr: 2.343e-02, eta: 2 days, 19:48:37, time: 3.275, data_time: 0.000, memory: 5243, top1_acc: 0.7681, top5_acc: 0.9413, loss_cls: 0.7770, loss: 0.7770
2026-09-07 04:13:46,986 - pyskl - INFO - Epoch [3][3300/5537]	lr: 2.341e-02, eta: 2 days, 19:43:02, time: 3.273, data_time: 0.000, memory: 5243, top1_acc: 0.7703, top5_acc: 0.9419, loss_cls: 0.7810, loss: 0.7810
2026-09-07 04:19:12,915 - pyskl - INFO - Epoch [3][3400/5537]	lr: 2.339e-02, eta: 2 days, 19:37:21, time: 3.259, data_time: 0.000, memory: 5243, top1_acc: 0.7634, top5_acc: 0.9341, loss_cls: 0.7887, loss: 0.7887
2026-09-07 04:24:39,047 - pyskl - INFO - Epoch [3][3500/5537]	lr: 2.337e-02, eta: 2 days, 19:31:41, time: 3.261, data_time: 0.000, memory: 5243, top1_acc: 0.7656, top5_acc: 0.9375, loss_cls: 0.7979, loss: 0.7979
2026-09-07 04:30:04,957 - pyskl - INFO - Epoch [3][3600/5537]	lr: 2.335e-02, eta: 2 days, 19:25:59, time: 3.259, data_time: 0.000, memory: 5243, top1_acc: 0.7588, top5_acc: 0.9422, loss_cls: 0.8230, loss: 0.8230
2026-09-07 04:35:30,474 - pyskl - INFO - Epoch [3][3700/5537]	lr: 2.332e-02, eta: 2 days, 19:20:16, time: 3.255, data_time: 0.000, memory: 5243, top1_acc: 0.7703, top5_acc: 0.9400, loss_cls: 0.7915, loss: 0.7915
2026-09-07 04:40:56,255 - pyskl - INFO - Epoch [3][3800/5537]	lr: 2.330e-02, eta: 2 days, 19:14:35, time: 3.258, data_time: 0.000, memory: 5243, top1_acc: 0.7644, top5_acc: 0.9337, loss_cls: 0.7976, loss: 0.7976
2026-09-07 04:46:22,903 - pyskl - INFO - Epoch [3][3900/5537]	lr: 2.328e-02, eta: 2 days, 19:08:58, time: 3.266, data_time: 0.000, memory: 5243, top1_acc: 0.7478, top5_acc: 0.9284, loss_cls: 0.8446, loss: 0.8446
2026-09-07 04:51:49,942 - pyskl - INFO - Epoch [3][4000/5537]	lr: 2.326e-02, eta: 2 days, 19:03:23, time: 3.270, data_time: 0.000, memory: 5243, top1_acc: 0.7662, top5_acc: 0.9400, loss_cls: 0.7929, loss: 0.7929
2026-09-07 04:57:17,487 - pyskl - INFO - Epoch [3][4100/5537]	lr: 2.323e-02, eta: 2 days, 18:57:51, time: 3.275, data_time: 0.000, memory: 5243, top1_acc: 0.7600, top5_acc: 0.9325, loss_cls: 0.8237, loss: 0.8237
2026-09-07 05:02:44,795 - pyskl - INFO - Epoch [3][4200/5537]	lr: 2.321e-02, eta: 2 days, 18:52:18, time: 3.273, data_time: 0.000, memory: 5243, top1_acc: 0.7453, top5_acc: 0.9359, loss_cls: 0.8157, loss: 0.8157
2026-09-07 05:08:11,977 - pyskl - INFO - Epoch [3][4300/5537]	lr: 2.319e-02, eta: 2 days, 18:46:44, time: 3.272, data_time: 0.000, memory: 5243, top1_acc: 0.7544, top5_acc: 0.9425, loss_cls: 0.7762, loss: 0.7762
2026-09-07 05:13:39,077 - pyskl - INFO - Epoch [3][4400/5537]	lr: 2.317e-02, eta: 2 days, 18:41:10, time: 3.271, data_time: 0.000, memory: 5243, top1_acc: 0.7706, top5_acc: 0.9406, loss_cls: 0.7694, loss: 0.7694
2026-09-07 05:19:06,592 - pyskl - INFO - Epoch [3][4500/5537]	lr: 2.314e-02, eta: 2 days, 18:35:37, time: 3.275, data_time: 0.000, memory: 5243, top1_acc: 0.7647, top5_acc: 0.9353, loss_cls: 0.8111, loss: 0.8111
2026-09-07 05:24:33,345 - pyskl - INFO - Epoch [3][4600/5537]	lr: 2.312e-02, eta: 2 days, 18:30:02, time: 3.268, data_time: 0.000, memory: 5243, top1_acc: 0.7569, top5_acc: 0.9375, loss_cls: 0.8046, loss: 0.8046
2026-09-07 05:30:00,534 - pyskl - INFO - Epoch [3][4700/5537]	lr: 2.310e-02, eta: 2 days, 18:24:28, time: 3.272, data_time: 0.000, memory: 5243, top1_acc: 0.7631, top5_acc: 0.9375, loss_cls: 0.7931, loss: 0.7931
2026-09-07 05:35:29,220 - pyskl - INFO - Epoch [3][4800/5537]	lr: 2.307e-02, eta: 2 days, 18:19:02, time: 3.287, data_time: 0.000, memory: 5243, top1_acc: 0.7738, top5_acc: 0.9394, loss_cls: 0.7542, loss: 0.7542
2026-09-07 05:40:55,036 - pyskl - INFO - Epoch [3][4900/5537]	lr: 2.305e-02, eta: 2 days, 18:13:22, time: 3.258, data_time: 0.000, memory: 5243, top1_acc: 0.7662, top5_acc: 0.9347, loss_cls: 0.7911, loss: 0.7911
2026-09-07 05:46:21,153 - pyskl - INFO - Epoch [3][5000/5537]	lr: 2.302e-02, eta: 2 days, 18:07:44, time: 3.261, data_time: 0.000, memory: 5243, top1_acc: 0.7641, top5_acc: 0.9409, loss_cls: 0.7881, loss: 0.7881
2026-09-07 05:51:47,617 - pyskl - INFO - Epoch [3][5100/5537]	lr: 2.300e-02, eta: 2 days, 18:02:07, time: 3.265, data_time: 0.000, memory: 5243, top1_acc: 0.7588, top5_acc: 0.9281, loss_cls: 0.8277, loss: 0.8277
2026-09-07 05:57:15,207 - pyskl - INFO - Epoch [3][5200/5537]	lr: 2.298e-02, eta: 2 days, 17:56:36, time: 3.276, data_time: 0.000, memory: 5243, top1_acc: 0.7647, top5_acc: 0.9394, loss_cls: 0.7925, loss: 0.7925
2026-09-07 06:02:42,612 - pyskl - INFO - Epoch [3][5300/5537]	lr: 2.295e-02, eta: 2 days, 17:51:04, time: 3.274, data_time: 0.000, memory: 5243, top1_acc: 0.7784, top5_acc: 0.9428, loss_cls: 0.7619, loss: 0.7619
2026-09-07 06:08:09,012 - pyskl - INFO - Epoch [3][5400/5537]	lr: 2.293e-02, eta: 2 days, 17:45:28, time: 3.264, data_time: 0.000, memory: 5243, top1_acc: 0.7625, top5_acc: 0.9422, loss_cls: 0.7832, loss: 0.7832
2026-09-07 06:13:36,270 - pyskl - INFO - Epoch [3][5500/5537]	lr: 2.290e-02, eta: 2 days, 17:39:55, time: 3.273, data_time: 0.000, memory: 5243, top1_acc: 0.7644, top5_acc: 0.9419, loss_cls: 0.7756, loss: 0.7756
2026-09-07 06:15:37,614 - pyskl - INFO - Saving checkpoint at 3 epochs
2026-09-07 06:24:24,566 - pyskl - INFO - Evaluating top_k_accuracy ...
2026-09-07 06:24:24,583 - pyskl - INFO - 
top1_acc	0.7779
top5_acc	0.9611
2026-09-07 06:24:24,584 - pyskl - INFO - Epoch(val) [3][146]	top1_acc: 0.7779, top5_acc: 0.9611
2026-09-07 06:30:03,922 - pyskl - INFO - Epoch [4][100/5537]	lr: 2.287e-02, eta: 2 days, 17:24:31, time: 3.393, data_time: 0.110, memory: 5243, top1_acc: 0.7647, top5_acc: 0.9400, loss_cls: 0.7591, loss: 0.7591
2026-09-07 06:35:30,996 - pyskl - INFO - Epoch [4][200/5537]	lr: 2.284e-02, eta: 2 days, 17:19:01, time: 3.271, data_time: 0.000, memory: 5243, top1_acc: 0.7769, top5_acc: 0.9419, loss_cls: 0.7444, loss: 0.7444
2026-09-07 06:40:58,020 - pyskl - INFO - Epoch [4][300/5537]	lr: 2.282e-02, eta: 2 days, 17:13:31, time: 3.270, data_time: 0.000, memory: 5243, top1_acc: 0.7644, top5_acc: 0.9447, loss_cls: 0.7732, loss: 0.7732
2026-09-07 06:46:25,153 - pyskl - INFO - Epoch [4][400/5537]	lr: 2.279e-02, eta: 2 days, 17:08:01, time: 3.271, data_time: 0.000, memory: 5243, top1_acc: 0.7772, top5_acc: 0.9409, loss_cls: 0.7531, loss: 0.7531
2026-09-07 06:51:50,716 - pyskl - INFO - Epoch [4][500/5537]	lr: 2.277e-02, eta: 2 days, 17:02:25, time: 3.256, data_time: 0.000, memory: 5243, top1_acc: 0.7794, top5_acc: 0.9409, loss_cls: 0.7499, loss: 0.7499
2026-09-07 06:57:17,146 - pyskl - INFO - Epoch [4][600/5537]	lr: 2.274e-02, eta: 2 days, 16:56:53, time: 3.264, data_time: 0.000, memory: 5243, top1_acc: 0.7697, top5_acc: 0.9363, loss_cls: 0.7690, loss: 0.7690
2026-09-07 07:02:42,907 - pyskl - INFO - Epoch [4][700/5537]	lr: 2.272e-02, eta: 2 days, 16:51:18, time: 3.258, data_time: 0.000, memory: 5243, top1_acc: 0.7662, top5_acc: 0.9378, loss_cls: 0.7665, loss: 0.7665
2026-09-07 07:08:09,553 - pyskl - INFO - Epoch [4][800/5537]	lr: 2.269e-02, eta: 2 days, 16:45:47, time: 3.266, data_time: 0.000, memory: 5243, top1_acc: 0.7566, top5_acc: 0.9394, loss_cls: 0.8064, loss: 0.8064
2026-09-07 07:13:36,977 - pyskl - INFO - Epoch [4][900/5537]	lr: 2.267e-02, eta: 2 days, 16:40:19, time: 3.274, data_time: 0.000, memory: 5243, top1_acc: 0.7697, top5_acc: 0.9375, loss_cls: 0.7751, loss: 0.7751
2026-09-07 07:19:04,307 - pyskl - INFO - Epoch [4][1000/5537]	lr: 2.264e-02, eta: 2 days, 16:34:51, time: 3.273, data_time: 0.000, memory: 5243, top1_acc: 0.7712, top5_acc: 0.9434, loss_cls: 0.7653, loss: 0.7653
2026-09-07 07:24:31,123 - pyskl - INFO - Epoch [4][1100/5537]	lr: 2.261e-02, eta: 2 days, 16:29:20, time: 3.268, data_time: 0.000, memory: 5243, top1_acc: 0.7719, top5_acc: 0.9422, loss_cls: 0.7469, loss: 0.7469
2026-09-07 07:29:57,901 - pyskl - INFO - Epoch [4][1200/5537]	lr: 2.259e-02, eta: 2 days, 16:23:50, time: 3.268, data_time: 0.000, memory: 5243, top1_acc: 0.7722, top5_acc: 0.9425, loss_cls: 0.7580, loss: 0.7580
2026-09-07 07:35:25,299 - pyskl - INFO - Epoch [4][1300/5537]	lr: 2.256e-02, eta: 2 days, 16:18:21, time: 3.274, data_time: 0.000, memory: 5243, top1_acc: 0.7866, top5_acc: 0.9503, loss_cls: 0.7156, loss: 0.7156
2026-09-07 07:40:53,128 - pyskl - INFO - Epoch [4][1400/5537]	lr: 2.254e-02, eta: 2 days, 16:12:55, time: 3.278, data_time: 0.000, memory: 5243, top1_acc: 0.7753, top5_acc: 0.9413, loss_cls: 0.7627, loss: 0.7627
2026-09-07 07:46:20,835 - pyskl - INFO - Epoch [4][1500/5537]	lr: 2.251e-02, eta: 2 days, 16:07:28, time: 3.277, data_time: 0.000, memory: 5243, top1_acc: 0.7662, top5_acc: 0.9469, loss_cls: 0.7764, loss: 0.7764
2026-09-07 07:51:47,992 - pyskl - INFO - Epoch [4][1600/5537]	lr: 2.248e-02, eta: 2 days, 16:01:59, time: 3.272, data_time: 0.000, memory: 5243, top1_acc: 0.7631, top5_acc: 0.9384, loss_cls: 0.7912, loss: 0.7912
2026-09-07 07:57:14,876 - pyskl - INFO - Epoch [4][1700/5537]	lr: 2.246e-02, eta: 2 days, 15:56:29, time: 3.269, data_time: 0.000, memory: 5243, top1_acc: 0.7641, top5_acc: 0.9425, loss_cls: 0.7674, loss: 0.7674
2026-09-07 08:02:42,071 - pyskl - INFO - Epoch [4][1800/5537]	lr: 2.243e-02, eta: 2 days, 15:51:00, time: 3.272, data_time: 0.000, memory: 5243, top1_acc: 0.7797, top5_acc: 0.9403, loss_cls: 0.7493, loss: 0.7493
2026-09-07 08:08:08,919 - pyskl - INFO - Epoch [4][1900/5537]	lr: 2.240e-02, eta: 2 days, 15:45:30, time: 3.268, data_time: 0.000, memory: 5243, top1_acc: 0.7669, top5_acc: 0.9441, loss_cls: 0.7608, loss: 0.7608
2026-09-07 08:13:36,320 - pyskl - INFO - Epoch [4][2000/5537]	lr: 2.238e-02, eta: 2 days, 15:40:02, time: 3.274, data_time: 0.000, memory: 5243, top1_acc: 0.7847, top5_acc: 0.9416, loss_cls: 0.7294, loss: 0.7294
2026-09-07 08:19:03,297 - pyskl - INFO - Epoch [4][2100/5537]	lr: 2.235e-02, eta: 2 days, 15:34:33, time: 3.270, data_time: 0.000, memory: 5243, top1_acc: 0.7869, top5_acc: 0.9459, loss_cls: 0.7282, loss: 0.7282
2026-09-07 08:24:29,639 - pyskl - INFO - Epoch [4][2200/5537]	lr: 2.232e-02, eta: 2 days, 15:29:01, time: 3.263, data_time: 0.000, memory: 5243, top1_acc: 0.7588, top5_acc: 0.9375, loss_cls: 0.8031, loss: 0.8031
2026-09-07 08:29:56,932 - pyskl - INFO - Epoch [4][2300/5537]	lr: 2.229e-02, eta: 2 days, 15:23:33, time: 3.273, data_time: 0.000, memory: 5243, top1_acc: 0.7891, top5_acc: 0.9509, loss_cls: 0.7023, loss: 0.7023
2026-09-07 08:35:24,021 - pyskl - INFO - Epoch [4][2400/5537]	lr: 2.227e-02, eta: 2 days, 15:18:04, time: 3.271, data_time: 0.000, memory: 5243, top1_acc: 0.7716, top5_acc: 0.9472, loss_cls: 0.7656, loss: 0.7656
2026-09-07 08:40:50,907 - pyskl - INFO - Epoch [4][2500/5537]	lr: 2.224e-02, eta: 2 days, 15:12:34, time: 3.269, data_time: 0.000, memory: 5243, top1_acc: 0.7819, top5_acc: 0.9425, loss_cls: 0.7477, loss: 0.7477
2026-09-07 08:46:18,475 - pyskl - INFO - Epoch [4][2600/5537]	lr: 2.221e-02, eta: 2 days, 15:07:07, time: 3.276, data_time: 0.000, memory: 5243, top1_acc: 0.7716, top5_acc: 0.9428, loss_cls: 0.7569, loss: 0.7569
2026-09-07 08:51:45,722 - pyskl - INFO - Epoch [4][2700/5537]	lr: 2.218e-02, eta: 2 days, 15:01:38, time: 3.272, data_time: 0.000, memory: 5243, top1_acc: 0.7769, top5_acc: 0.9391, loss_cls: 0.7595, loss: 0.7595
2026-09-07 08:57:13,544 - pyskl - INFO - Epoch [4][2800/5537]	lr: 2.215e-02, eta: 2 days, 14:56:12, time: 3.278, data_time: 0.000, memory: 5243, top1_acc: 0.7847, top5_acc: 0.9456, loss_cls: 0.7316, loss: 0.7316
2026-09-07 09:02:41,067 - pyskl - INFO - Epoch [4][2900/5537]	lr: 2.213e-02, eta: 2 days, 14:50:44, time: 3.275, data_time: 0.000, memory: 5243, top1_acc: 0.7887, top5_acc: 0.9503, loss_cls: 0.7040, loss: 0.7040
2026-09-07 09:08:08,111 - pyskl - INFO - Epoch [4][3000/5537]	lr: 2.210e-02, eta: 2 days, 14:45:15, time: 3.270, data_time: 0.000, memory: 5243, top1_acc: 0.7800, top5_acc: 0.9481, loss_cls: 0.7112, loss: 0.7112
2026-09-07 09:13:35,197 - pyskl - INFO - Epoch [4][3100/5537]	lr: 2.207e-02, eta: 2 days, 14:39:46, time: 3.271, data_time: 0.000, memory: 5243, top1_acc: 0.7703, top5_acc: 0.9406, loss_cls: 0.7525, loss: 0.7525
2026-09-07 09:19:01,693 - pyskl - INFO - Epoch [4][3200/5537]	lr: 2.204e-02, eta: 2 days, 14:34:15, time: 3.265, data_time: 0.000, memory: 5243, top1_acc: 0.7891, top5_acc: 0.9487, loss_cls: 0.7042, loss: 0.7042
2026-09-07 09:24:27,667 - pyskl - INFO - Epoch [4][3300/5537]	lr: 2.201e-02, eta: 2 days, 14:28:42, time: 3.260, data_time: 0.000, memory: 5243, top1_acc: 0.7809, top5_acc: 0.9544, loss_cls: 0.7086, loss: 0.7086
2026-09-07 09:29:53,531 - pyskl - INFO - Epoch [4][3400/5537]	lr: 2.198e-02, eta: 2 days, 14:23:09, time: 3.259, data_time: 0.000, memory: 5243, top1_acc: 0.7709, top5_acc: 0.9422, loss_cls: 0.7570, loss: 0.7570
2026-09-07 09:35:19,810 - pyskl - INFO - Epoch [4][3500/5537]	lr: 2.195e-02, eta: 2 days, 14:17:38, time: 3.263, data_time: 0.000, memory: 5243, top1_acc: 0.7741, top5_acc: 0.9469, loss_cls: 0.7378, loss: 0.7378
2026-09-07 09:40:46,206 - pyskl - INFO - Epoch [4][3600/5537]	lr: 2.192e-02, eta: 2 days, 14:12:07, time: 3.264, data_time: 0.000, memory: 5243, top1_acc: 0.7756, top5_acc: 0.9431, loss_cls: 0.7436, loss: 0.7436
2026-09-07 09:46:13,052 - pyskl - INFO - Epoch [4][3700/5537]	lr: 2.190e-02, eta: 2 days, 14:06:37, time: 3.268, data_time: 0.000, memory: 5243, top1_acc: 0.7669, top5_acc: 0.9397, loss_cls: 0.7846, loss: 0.7846
2026-09-07 09:51:40,887 - pyskl - INFO - Epoch [4][3800/5537]	lr: 2.187e-02, eta: 2 days, 14:01:11, time: 3.278, data_time: 0.000, memory: 5243, top1_acc: 0.7903, top5_acc: 0.9453, loss_cls: 0.7154, loss: 0.7154
2026-09-07 09:57:07,875 - pyskl - INFO - Epoch [4][3900/5537]	lr: 2.184e-02, eta: 2 days, 13:55:42, time: 3.270, data_time: 0.000, memory: 5243, top1_acc: 0.7747, top5_acc: 0.9441, loss_cls: 0.7281, loss: 0.7281
2026-09-07 10:02:35,871 - pyskl - INFO - Epoch [4][4000/5537]	lr: 2.181e-02, eta: 2 days, 13:50:16, time: 3.280, data_time: 0.000, memory: 5243, top1_acc: 0.7741, top5_acc: 0.9450, loss_cls: 0.7435, loss: 0.7435
2026-09-07 10:08:02,407 - pyskl - INFO - Epoch [4][4100/5537]	lr: 2.178e-02, eta: 2 days, 13:44:46, time: 3.265, data_time: 0.000, memory: 5243, top1_acc: 0.7781, top5_acc: 0.9444, loss_cls: 0.7194, loss: 0.7194
2026-09-07 10:13:28,569 - pyskl - INFO - Epoch [4][4200/5537]	lr: 2.175e-02, eta: 2 days, 13:39:14, time: 3.262, data_time: 0.000, memory: 5243, top1_acc: 0.7891, top5_acc: 0.9447, loss_cls: 0.7201, loss: 0.7201
2026-09-07 10:18:55,857 - pyskl - INFO - Epoch [4][4300/5537]	lr: 2.172e-02, eta: 2 days, 13:33:46, time: 3.273, data_time: 0.000, memory: 5243, top1_acc: 0.7716, top5_acc: 0.9419, loss_cls: 0.7626, loss: 0.7626
2026-09-07 10:24:22,989 - pyskl - INFO - Epoch [4][4400/5537]	lr: 2.169e-02, eta: 2 days, 13:28:17, time: 3.271, data_time: 0.000, memory: 5243, top1_acc: 0.7878, top5_acc: 0.9469, loss_cls: 0.7180, loss: 0.7180
2026-09-07 10:29:49,728 - pyskl - INFO - Epoch [4][4500/5537]	lr: 2.166e-02, eta: 2 days, 13:22:48, time: 3.267, data_time: 0.000, memory: 5243, top1_acc: 0.7816, top5_acc: 0.9466, loss_cls: 0.7366, loss: 0.7366
2026-09-07 10:35:16,701 - pyskl - INFO - Epoch [4][4600/5537]	lr: 2.163e-02, eta: 2 days, 13:17:19, time: 3.270, data_time: 0.000, memory: 5243, top1_acc: 0.7644, top5_acc: 0.9478, loss_cls: 0.7478, loss: 0.7478
2026-09-07 10:40:43,668 - pyskl - INFO - Epoch [4][4700/5537]	lr: 2.160e-02, eta: 2 days, 13:11:50, time: 3.270, data_time: 0.000, memory: 5243, top1_acc: 0.7913, top5_acc: 0.9481, loss_cls: 0.7046, loss: 0.7046
2026-09-07 10:46:10,735 - pyskl - INFO - Epoch [4][4800/5537]	lr: 2.157e-02, eta: 2 days, 13:06:21, time: 3.271, data_time: 0.000, memory: 5243, top1_acc: 0.7941, top5_acc: 0.9475, loss_cls: 0.6918, loss: 0.6918
2026-09-07 10:51:40,971 - pyskl - INFO - Epoch [4][4900/5537]	lr: 2.154e-02, eta: 2 days, 13:01:02, time: 3.302, data_time: 0.000, memory: 5243, top1_acc: 0.7869, top5_acc: 0.9431, loss_cls: 0.7240, loss: 0.7240
2026-09-07 10:57:08,016 - pyskl - INFO - Epoch [4][5000/5537]	lr: 2.151e-02, eta: 2 days, 12:55:33, time: 3.270, data_time: 0.000, memory: 5243, top1_acc: 0.7809, top5_acc: 0.9478, loss_cls: 0.7136, loss: 0.7136
2026-09-07 11:02:34,788 - pyskl - INFO - Epoch [4][5100/5537]	lr: 2.148e-02, eta: 2 days, 12:50:04, time: 3.268, data_time: 0.000, memory: 5243, top1_acc: 0.7841, top5_acc: 0.9447, loss_cls: 0.7111, loss: 0.7111
2026-09-07 11:08:00,717 - pyskl - INFO - Epoch [4][5200/5537]	lr: 2.144e-02, eta: 2 days, 12:44:32, time: 3.259, data_time: 0.000, memory: 5243, top1_acc: 0.7816, top5_acc: 0.9422, loss_cls: 0.7476, loss: 0.7476
2026-09-07 11:13:27,512 - pyskl - INFO - Epoch [4][5300/5537]	lr: 2.141e-02, eta: 2 days, 12:39:02, time: 3.268, data_time: 0.000, memory: 5243, top1_acc: 0.7769, top5_acc: 0.9441, loss_cls: 0.7557, loss: 0.7557
2026-09-07 11:18:55,178 - pyskl - INFO - Epoch [4][5400/5537]	lr: 2.138e-02, eta: 2 days, 12:33:36, time: 3.277, data_time: 0.000, memory: 5243, top1_acc: 0.7812, top5_acc: 0.9441, loss_cls: 0.7345, loss: 0.7345
2026-09-07 11:24:21,932 - pyskl - INFO - Epoch [4][5500/5537]	lr: 2.135e-02, eta: 2 days, 12:28:06, time: 3.268, data_time: 0.000, memory: 5243, top1_acc: 0.7831, top5_acc: 0.9491, loss_cls: 0.7163, loss: 0.7163
2026-09-07 11:26:22,605 - pyskl - INFO - Saving checkpoint at 4 epochs
2026-09-07 11:35:19,820 - pyskl - INFO - Evaluating top_k_accuracy ...
2026-09-07 11:35:19,839 - pyskl - INFO - 
top1_acc	0.8208
top5_acc	0.9738
2026-09-07 11:35:19,841 - pyskl - INFO - The previous best checkpoint D:\YXJProject\pythonProject\pyskl\work_dirs\aug_baseline\stgcnpp_j\train\A6_mixed_p0.3\best_top1_acc_epoch_2.pth was removed
2026-09-07 11:35:19,984 - pyskl - INFO - Now best checkpoint is saved as best_top1_acc_epoch_4.pth.
2026-09-07 11:35:19,985 - pyskl - INFO - Best top1_acc is 0.8208 at 4 epoch.
2026-09-07 11:35:19,985 - pyskl - INFO - Epoch(val) [4][146]	top1_acc: 0.8208, top5_acc: 0.9738
2026-09-07 11:40:59,852 - pyskl - INFO - Epoch [5][100/5537]	lr: 2.131e-02, eta: 2 days, 12:15:13, time: 3.399, data_time: 0.109, memory: 5243, top1_acc: 0.7922, top5_acc: 0.9484, loss_cls: 0.6935, loss: 0.6935
2026-09-07 11:46:27,523 - pyskl - INFO - Epoch [5][200/5537]	lr: 2.128e-02, eta: 2 days, 12:09:48, time: 3.277, data_time: 0.000, memory: 5243, top1_acc: 0.7831, top5_acc: 0.9437, loss_cls: 0.7311, loss: 0.7311
2026-09-07 11:51:54,494 - pyskl - INFO - Epoch [5][300/5537]	lr: 2.124e-02, eta: 2 days, 12:04:21, time: 3.270, data_time: 0.000, memory: 5243, top1_acc: 0.7916, top5_acc: 0.9516, loss_cls: 0.6823, loss: 0.6823
2026-09-07 11:57:21,614 - pyskl - INFO - Epoch [5][400/5537]	lr: 2.121e-02, eta: 2 days, 11:58:55, time: 3.271, data_time: 0.000, memory: 5243, top1_acc: 0.7969, top5_acc: 0.9506, loss_cls: 0.6876, loss: 0.6876
2026-09-07 12:02:48,805 - pyskl - INFO - Epoch [5][500/5537]	lr: 2.118e-02, eta: 2 days, 11:53:29, time: 3.272, data_time: 0.000, memory: 5243, top1_acc: 0.7947, top5_acc: 0.9456, loss_cls: 0.6883, loss: 0.6883
2026-09-07 12:08:15,801 - pyskl - INFO - Epoch [5][600/5537]	lr: 2.115e-02, eta: 2 days, 11:48:02, time: 3.270, data_time: 0.000, memory: 5243, top1_acc: 0.7934, top5_acc: 0.9506, loss_cls: 0.6911, loss: 0.6911
2026-09-07 12:13:42,626 - pyskl - INFO - Epoch [5][700/5537]	lr: 2.112e-02, eta: 2 days, 11:42:34, time: 3.268, data_time: 0.000, memory: 5243, top1_acc: 0.7778, top5_acc: 0.9466, loss_cls: 0.7211, loss: 0.7211
2026-09-07 12:19:10,075 - pyskl - INFO - Epoch [5][800/5537]	lr: 2.108e-02, eta: 2 days, 11:37:09, time: 3.274, data_time: 0.000, memory: 5243, top1_acc: 0.8013, top5_acc: 0.9509, loss_cls: 0.6858, loss: 0.6858
2026-09-07 12:24:38,895 - pyskl - INFO - Epoch [5][900/5537]	lr: 2.105e-02, eta: 2 days, 11:31:47, time: 3.288, data_time: 0.000, memory: 5243, top1_acc: 0.7831, top5_acc: 0.9481, loss_cls: 0.7072, loss: 0.7072
2026-09-07 12:30:07,034 - pyskl - INFO - Epoch [5][1000/5537]	lr: 2.102e-02, eta: 2 days, 11:26:24, time: 3.281, data_time: 0.000, memory: 5243, top1_acc: 0.7928, top5_acc: 0.9528, loss_cls: 0.6755, loss: 0.6755
2026-09-07 12:35:35,162 - pyskl - INFO - Epoch [5][1100/5537]	lr: 2.099e-02, eta: 2 days, 11:21:00, time: 3.281, data_time: 0.000, memory: 5243, top1_acc: 0.7900, top5_acc: 0.9503, loss_cls: 0.6872, loss: 0.6872
2026-09-07 12:41:03,953 - pyskl - INFO - Epoch [5][1200/5537]	lr: 2.096e-02, eta: 2 days, 11:15:38, time: 3.288, data_time: 0.000, memory: 5243, top1_acc: 0.7900, top5_acc: 0.9494, loss_cls: 0.6863, loss: 0.6863
2026-09-07 12:46:31,991 - pyskl - INFO - Epoch [5][1300/5537]	lr: 2.092e-02, eta: 2 days, 11:10:14, time: 3.280, data_time: 0.000, memory: 5243, top1_acc: 0.7756, top5_acc: 0.9397, loss_cls: 0.7389, loss: 0.7389
2026-09-07 12:51:59,385 - pyskl - INFO - Epoch [5][1400/5537]	lr: 2.089e-02, eta: 2 days, 11:04:48, time: 3.274, data_time: 0.000, memory: 5243, top1_acc: 0.7772, top5_acc: 0.9425, loss_cls: 0.7322, loss: 0.7322
2026-09-07 12:57:26,434 - pyskl - INFO - Epoch [5][1500/5537]	lr: 2.086e-02, eta: 2 days, 10:59:21, time: 3.270, data_time: 0.000, memory: 5243, top1_acc: 0.7950, top5_acc: 0.9481, loss_cls: 0.6602, loss: 0.6602
2026-09-07 13:02:53,537 - pyskl - INFO - Epoch [5][1600/5537]	lr: 2.082e-02, eta: 2 days, 10:53:55, time: 3.271, data_time: 0.000, memory: 5243, top1_acc: 0.8016, top5_acc: 0.9481, loss_cls: 0.6896, loss: 0.6896
2026-09-07 13:08:20,158 - pyskl - INFO - Epoch [5][1700/5537]	lr: 2.079e-02, eta: 2 days, 10:48:26, time: 3.266, data_time: 0.000, memory: 5243, top1_acc: 0.7869, top5_acc: 0.9450, loss_cls: 0.7192, loss: 0.7192
2026-09-07 13:13:46,963 - pyskl - INFO - Epoch [5][1800/5537]	lr: 2.076e-02, eta: 2 days, 10:42:59, time: 3.268, data_time: 0.000, memory: 5243, top1_acc: 0.7944, top5_acc: 0.9497, loss_cls: 0.6800, loss: 0.6800
2026-09-07 13:19:13,896 - pyskl - INFO - Epoch [5][1900/5537]	lr: 2.072e-02, eta: 2 days, 10:37:32, time: 3.269, data_time: 0.000, memory: 5243, top1_acc: 0.7897, top5_acc: 0.9525, loss_cls: 0.7098, loss: 0.7098
2026-09-07 13:24:40,563 - pyskl - INFO - Epoch [5][2000/5537]	lr: 2.069e-02, eta: 2 days, 10:32:04, time: 3.267, data_time: 0.000, memory: 5243, top1_acc: 0.7937, top5_acc: 0.9503, loss_cls: 0.6799, loss: 0.6799
2026-09-07 13:30:08,382 - pyskl - INFO - Epoch [5][2100/5537]	lr: 2.066e-02, eta: 2 days, 10:26:39, time: 3.278, data_time: 0.000, memory: 5243, top1_acc: 0.7981, top5_acc: 0.9475, loss_cls: 0.6921, loss: 0.6921
2026-09-07 13:35:35,458 - pyskl - INFO - Epoch [5][2200/5537]	lr: 2.062e-02, eta: 2 days, 10:21:12, time: 3.271, data_time: 0.000, memory: 5243, top1_acc: 0.7875, top5_acc: 0.9450, loss_cls: 0.7137, loss: 0.7137
2026-09-07 13:41:02,182 - pyskl - INFO - Epoch [5][2300/5537]	lr: 2.059e-02, eta: 2 days, 10:15:45, time: 3.267, data_time: 0.000, memory: 5243, top1_acc: 0.7791, top5_acc: 0.9381, loss_cls: 0.7363, loss: 0.7363
2026-09-07 13:46:28,958 - pyskl - INFO - Epoch [5][2400/5537]	lr: 2.056e-02, eta: 2 days, 10:10:17, time: 3.268, data_time: 0.000, memory: 5243, top1_acc: 0.7978, top5_acc: 0.9472, loss_cls: 0.6856, loss: 0.6856
2026-09-07 13:51:55,840 - pyskl - INFO - Epoch [5][2500/5537]	lr: 2.052e-02, eta: 2 days, 10:04:50, time: 3.269, data_time: 0.000, memory: 5243, top1_acc: 0.8003, top5_acc: 0.9494, loss_cls: 0.6802, loss: 0.6802
2026-09-07 13:57:22,529 - pyskl - INFO - Epoch [5][2600/5537]	lr: 2.049e-02, eta: 2 days, 9:59:22, time: 3.267, data_time: 0.000, memory: 5243, top1_acc: 0.7956, top5_acc: 0.9413, loss_cls: 0.7152, loss: 0.7152
2026-09-07 14:02:49,714 - pyskl - INFO - Epoch [5][2700/5537]	lr: 2.045e-02, eta: 2 days, 9:53:56, time: 3.272, data_time: 0.000, memory: 5243, top1_acc: 0.8044, top5_acc: 0.9500, loss_cls: 0.6672, loss: 0.6672
2026-09-07 14:08:16,573 - pyskl - INFO - Epoch [5][2800/5537]	lr: 2.042e-02, eta: 2 days, 9:48:28, time: 3.269, data_time: 0.000, memory: 5243, top1_acc: 0.7906, top5_acc: 0.9519, loss_cls: 0.6835, loss: 0.6835
2026-09-07 14:13:43,883 - pyskl - INFO - Epoch [5][2900/5537]	lr: 2.039e-02, eta: 2 days, 9:43:02, time: 3.273, data_time: 0.000, memory: 5243, top1_acc: 0.8019, top5_acc: 0.9519, loss_cls: 0.6619, loss: 0.6619
2026-09-07 14:19:11,856 - pyskl - INFO - Epoch [5][3000/5537]	lr: 2.035e-02, eta: 2 days, 9:37:38, time: 3.280, data_time: 0.000, memory: 5243, top1_acc: 0.8050, top5_acc: 0.9503, loss_cls: 0.6604, loss: 0.6604
2026-09-07 14:24:38,924 - pyskl - INFO - Epoch [5][3100/5537]	lr: 2.032e-02, eta: 2 days, 9:32:11, time: 3.271, data_time: 0.000, memory: 5243, top1_acc: 0.8075, top5_acc: 0.9528, loss_cls: 0.6485, loss: 0.6485
2026-09-07 14:30:05,888 - pyskl - INFO - Epoch [5][3200/5537]	lr: 2.028e-02, eta: 2 days, 9:26:44, time: 3.270, data_time: 0.000, memory: 5243, top1_acc: 0.7919, top5_acc: 0.9466, loss_cls: 0.6920, loss: 0.6920
2026-09-07 14:35:33,210 - pyskl - INFO - Epoch [5][3300/5537]	lr: 2.025e-02, eta: 2 days, 9:21:18, time: 3.273, data_time: 0.000, memory: 5243, top1_acc: 0.7956, top5_acc: 0.9472, loss_cls: 0.6824, loss: 0.6824
2026-09-07 14:40:59,225 - pyskl - INFO - Epoch [5][3400/5537]	lr: 2.021e-02, eta: 2 days, 9:15:48, time: 3.260, data_time: 0.000, memory: 5243, top1_acc: 0.8000, top5_acc: 0.9503, loss_cls: 0.6654, loss: 0.6654
2026-09-07 14:46:26,714 - pyskl - INFO - Epoch [5][3500/5537]	lr: 2.018e-02, eta: 2 days, 9:10:22, time: 3.275, data_time: 0.000, memory: 5243, top1_acc: 0.8016, top5_acc: 0.9503, loss_cls: 0.6703, loss: 0.6703
2026-09-07 14:51:54,075 - pyskl - INFO - Epoch [5][3600/5537]	lr: 2.014e-02, eta: 2 days, 9:04:56, time: 3.274, data_time: 0.000, memory: 5243, top1_acc: 0.7844, top5_acc: 0.9403, loss_cls: 0.7343, loss: 0.7343
2026-09-07 14:57:21,497 - pyskl - INFO - Epoch [5][3700/5537]	lr: 2.011e-02, eta: 2 days, 8:59:30, time: 3.274, data_time: 0.000, memory: 5243, top1_acc: 0.7916, top5_acc: 0.9453, loss_cls: 0.6995, loss: 0.6995
2026-09-07 15:02:49,175 - pyskl - INFO - Epoch [5][3800/5537]	lr: 2.007e-02, eta: 2 days, 8:54:05, time: 3.277, data_time: 0.000, memory: 5243, top1_acc: 0.7922, top5_acc: 0.9447, loss_cls: 0.7022, loss: 0.7022
2026-09-07 15:08:15,935 - pyskl - INFO - Epoch [5][3900/5537]	lr: 2.004e-02, eta: 2 days, 8:48:37, time: 3.268, data_time: 0.000, memory: 5243, top1_acc: 0.7916, top5_acc: 0.9500, loss_cls: 0.6819, loss: 0.6819
2026-09-07 15:13:44,363 - pyskl - INFO - Epoch [5][4000/5537]	lr: 2.000e-02, eta: 2 days, 8:43:14, time: 3.284, data_time: 0.000, memory: 5243, top1_acc: 0.7959, top5_acc: 0.9513, loss_cls: 0.6781, loss: 0.6781
2026-09-07 15:19:11,646 - pyskl - INFO - Epoch [5][4100/5537]	lr: 1.997e-02, eta: 2 days, 8:37:47, time: 3.273, data_time: 0.000, memory: 5243, top1_acc: 0.8022, top5_acc: 0.9459, loss_cls: 0.6654, loss: 0.6654
2026-09-07 15:24:39,233 - pyskl - INFO - Epoch [5][4200/5537]	lr: 1.993e-02, eta: 2 days, 8:32:22, time: 3.276, data_time: 0.000, memory: 5243, top1_acc: 0.7925, top5_acc: 0.9484, loss_cls: 0.6933, loss: 0.6933
2026-09-07 15:30:06,655 - pyskl - INFO - Epoch [5][4300/5537]	lr: 1.989e-02, eta: 2 days, 8:26:56, time: 3.274, data_time: 0.000, memory: 5243, top1_acc: 0.7906, top5_acc: 0.9406, loss_cls: 0.7078, loss: 0.7078
2026-09-07 15:35:33,979 - pyskl - INFO - Epoch [5][4400/5537]	lr: 1.986e-02, eta: 2 days, 8:21:30, time: 3.273, data_time: 0.000, memory: 5243, top1_acc: 0.7903, top5_acc: 0.9528, loss_cls: 0.6921, loss: 0.6921
2026-09-07 15:41:01,046 - pyskl - INFO - Epoch [5][4500/5537]	lr: 1.982e-02, eta: 2 days, 8:16:03, time: 3.271, data_time: 0.000, memory: 5243, top1_acc: 0.7916, top5_acc: 0.9416, loss_cls: 0.6926, loss: 0.6926
2026-09-07 15:46:29,172 - pyskl - INFO - Epoch [5][4600/5537]	lr: 1.979e-02, eta: 2 days, 8:10:38, time: 3.281, data_time: 0.000, memory: 5243, top1_acc: 0.8084, top5_acc: 0.9525, loss_cls: 0.6438, loss: 0.6438
2026-09-07 15:51:56,470 - pyskl - INFO - Epoch [5][4700/5537]	lr: 1.975e-02, eta: 2 days, 8:05:12, time: 3.273, data_time: 0.000, memory: 5243, top1_acc: 0.7894, top5_acc: 0.9534, loss_cls: 0.6863, loss: 0.6863
2026-09-07 15:57:24,160 - pyskl - INFO - Epoch [5][4800/5537]	lr: 1.971e-02, eta: 2 days, 7:59:46, time: 3.277, data_time: 0.000, memory: 5243, top1_acc: 0.8006, top5_acc: 0.9419, loss_cls: 0.6911, loss: 0.6911
2026-09-07 16:02:52,533 - pyskl - INFO - Epoch [5][4900/5537]	lr: 1.968e-02, eta: 2 days, 7:54:22, time: 3.284, data_time: 0.000, memory: 5243, top1_acc: 0.7969, top5_acc: 0.9509, loss_cls: 0.6752, loss: 0.6752
2026-09-07 16:08:19,295 - pyskl - INFO - Epoch [5][5000/5537]	lr: 1.964e-02, eta: 2 days, 7:48:55, time: 3.268, data_time: 0.000, memory: 5243, top1_acc: 0.8125, top5_acc: 0.9478, loss_cls: 0.6559, loss: 0.6559
2026-09-07 16:13:47,123 - pyskl - INFO - Epoch [5][5100/5537]	lr: 1.961e-02, eta: 2 days, 7:43:30, time: 3.278, data_time: 0.000, memory: 5243, top1_acc: 0.7919, top5_acc: 0.9450, loss_cls: 0.7069, loss: 0.7069
2026-09-07 16:19:14,751 - pyskl - INFO - Epoch [5][5200/5537]	lr: 1.957e-02, eta: 2 days, 7:38:04, time: 3.276, data_time: 0.000, memory: 5243, top1_acc: 0.7822, top5_acc: 0.9428, loss_cls: 0.7244, loss: 0.7244
2026-09-07 16:24:41,892 - pyskl - INFO - Epoch [5][5300/5537]	lr: 1.953e-02, eta: 2 days, 7:32:37, time: 3.271, data_time: 0.000, memory: 5243, top1_acc: 0.7956, top5_acc: 0.9531, loss_cls: 0.6716, loss: 0.6716
2026-09-07 16:30:08,581 - pyskl - INFO - Epoch [5][5400/5537]	lr: 1.950e-02, eta: 2 days, 7:27:09, time: 3.267, data_time: 0.000, memory: 5243, top1_acc: 0.7913, top5_acc: 0.9459, loss_cls: 0.6957, loss: 0.6957
2026-09-07 16:35:35,204 - pyskl - INFO - Epoch [5][5500/5537]	lr: 1.946e-02, eta: 2 days, 7:21:42, time: 3.266, data_time: 0.000, memory: 5243, top1_acc: 0.7875, top5_acc: 0.9541, loss_cls: 0.6949, loss: 0.6949
2026-09-07 16:37:35,840 - pyskl - INFO - Saving checkpoint at 5 epochs
2026-09-07 16:46:36,916 - pyskl - INFO - Evaluating top_k_accuracy ...
2026-09-07 16:46:36,933 - pyskl - INFO - 
top1_acc	0.7959
top5_acc	0.9699
2026-09-07 16:46:36,935 - pyskl - INFO - Epoch(val) [5][146]	top1_acc: 0.7959, top5_acc: 0.9699
2026-09-07 16:52:16,888 - pyskl - INFO - Epoch [6][100/5537]	lr: 1.941e-02, eta: 2 days, 7:10:17, time: 3.399, data_time: 0.110, memory: 5243, top1_acc: 0.7994, top5_acc: 0.9544, loss_cls: 0.6565, loss: 0.6565
2026-09-07 16:57:43,445 - pyskl - INFO - Epoch [6][200/5537]	lr: 1.937e-02, eta: 2 days, 7:04:50, time: 3.266, data_time: 0.000, memory: 5243, top1_acc: 0.8050, top5_acc: 0.9513, loss_cls: 0.6548, loss: 0.6548
2026-09-07 17:03:10,106 - pyskl - INFO - Epoch [6][300/5537]	lr: 1.933e-02, eta: 2 days, 6:59:24, time: 3.267, data_time: 0.000, memory: 5243, top1_acc: 0.7984, top5_acc: 0.9487, loss_cls: 0.6896, loss: 0.6896
2026-09-07 17:08:36,540 - pyskl - INFO - Epoch [6][400/5537]	lr: 1.930e-02, eta: 2 days, 6:53:56, time: 3.264, data_time: 0.000, memory: 5243, top1_acc: 0.8022, top5_acc: 0.9475, loss_cls: 0.6765, loss: 0.6765
2026-09-07 17:14:03,692 - pyskl - INFO - Epoch [6][500/5537]	lr: 1.926e-02, eta: 2 days, 6:48:31, time: 3.272, data_time: 0.000, memory: 5243, top1_acc: 0.8028, top5_acc: 0.9481, loss_cls: 0.6612, loss: 0.6612
2026-09-07 17:19:32,234 - pyskl - INFO - Epoch [6][600/5537]	lr: 1.922e-02, eta: 2 days, 6:43:08, time: 3.285, data_time: 0.000, memory: 5243, top1_acc: 0.8059, top5_acc: 0.9522, loss_cls: 0.6547, loss: 0.6547
2026-09-07 17:24:59,166 - pyskl - INFO - Epoch [6][700/5537]	lr: 1.918e-02, eta: 2 days, 6:37:42, time: 3.269, data_time: 0.000, memory: 5243, top1_acc: 0.7947, top5_acc: 0.9481, loss_cls: 0.6905, loss: 0.6905
2026-09-07 17:30:26,593 - pyskl - INFO - Epoch [6][800/5537]	lr: 1.915e-02, eta: 2 days, 6:32:17, time: 3.274, data_time: 0.000, memory: 5243, top1_acc: 0.8122, top5_acc: 0.9487, loss_cls: 0.6346, loss: 0.6346
2026-09-07 17:35:54,890 - pyskl - INFO - Epoch [6][900/5537]	lr: 1.911e-02, eta: 2 days, 6:26:54, time: 3.283, data_time: 0.000, memory: 5243, top1_acc: 0.8100, top5_acc: 0.9497, loss_cls: 0.6404, loss: 0.6404
2026-09-07 17:41:22,748 - pyskl - INFO - Epoch [6][1000/5537]	lr: 1.907e-02, eta: 2 days, 6:21:30, time: 3.279, data_time: 0.000, memory: 5243, top1_acc: 0.8059, top5_acc: 0.9484, loss_cls: 0.6570, loss: 0.6570
2026-09-07 17:46:51,082 - pyskl - INFO - Epoch [6][1100/5537]	lr: 1.903e-02, eta: 2 days, 6:16:07, time: 3.283, data_time: 0.000, memory: 5243, top1_acc: 0.7987, top5_acc: 0.9444, loss_cls: 0.6848, loss: 0.6848
2026-09-07 17:52:18,792 - pyskl - INFO - Epoch [6][1200/5537]	lr: 1.900e-02, eta: 2 days, 6:10:42, time: 3.277, data_time: 0.000, memory: 5243, top1_acc: 0.8009, top5_acc: 0.9537, loss_cls: 0.6656, loss: 0.6656
2026-09-07 17:57:46,090 - pyskl - INFO - Epoch [6][1300/5537]	lr: 1.896e-02, eta: 2 days, 6:05:17, time: 3.273, data_time: 0.000, memory: 5243, top1_acc: 0.7859, top5_acc: 0.9506, loss_cls: 0.7012, loss: 0.7012
2026-09-07 18:03:13,214 - pyskl - INFO - Epoch [6][1400/5537]	lr: 1.892e-02, eta: 2 days, 5:59:51, time: 3.271, data_time: 0.000, memory: 5243, top1_acc: 0.8037, top5_acc: 0.9497, loss_cls: 0.6579, loss: 0.6579
2026-09-07 18:08:40,139 - pyskl - INFO - Epoch [6][1500/5537]	lr: 1.888e-02, eta: 2 days, 5:54:25, time: 3.269, data_time: 0.000, memory: 5243, top1_acc: 0.7966, top5_acc: 0.9506, loss_cls: 0.6504, loss: 0.6504
2026-09-07 18:14:06,499 - pyskl - INFO - Epoch [6][1600/5537]	lr: 1.884e-02, eta: 2 days, 5:48:58, time: 3.264, data_time: 0.000, memory: 5243, top1_acc: 0.8016, top5_acc: 0.9494, loss_cls: 0.6703, loss: 0.6703
2026-09-07 18:19:32,959 - pyskl - INFO - Epoch [6][1700/5537]	lr: 1.881e-02, eta: 2 days, 5:43:31, time: 3.265, data_time: 0.000, memory: 5243, top1_acc: 0.8053, top5_acc: 0.9500, loss_cls: 0.6517, loss: 0.6517
2026-09-07 18:24:59,144 - pyskl - INFO - Epoch [6][1800/5537]	lr: 1.877e-02, eta: 2 days, 5:38:03, time: 3.262, data_time: 0.000, memory: 5243, top1_acc: 0.8006, top5_acc: 0.9516, loss_cls: 0.6640, loss: 0.6640
2026-09-07 18:30:25,722 - pyskl - INFO - Epoch [6][1900/5537]	lr: 1.873e-02, eta: 2 days, 5:32:36, time: 3.266, data_time: 0.000, memory: 5243, top1_acc: 0.7947, top5_acc: 0.9506, loss_cls: 0.6584, loss: 0.6584
2026-09-07 18:35:52,092 - pyskl - INFO - Epoch [6][2000/5537]	lr: 1.869e-02, eta: 2 days, 5:27:09, time: 3.264, data_time: 0.000, memory: 5243, top1_acc: 0.8175, top5_acc: 0.9522, loss_cls: 0.6241, loss: 0.6241
2026-09-07 18:41:18,345 - pyskl - INFO - Epoch [6][2100/5537]	lr: 1.865e-02, eta: 2 days, 5:21:41, time: 3.263, data_time: 0.000, memory: 5243, top1_acc: 0.8009, top5_acc: 0.9472, loss_cls: 0.6736, loss: 0.6736
2026-09-07 18:46:45,646 - pyskl - INFO - Epoch [6][2200/5537]	lr: 1.861e-02, eta: 2 days, 5:16:16, time: 3.273, data_time: 0.000, memory: 5243, top1_acc: 0.8087, top5_acc: 0.9497, loss_cls: 0.6413, loss: 0.6413
2026-09-07 18:52:12,869 - pyskl - INFO - Epoch [6][2300/5537]	lr: 1.858e-02, eta: 2 days, 5:10:50, time: 3.272, data_time: 0.000, memory: 5243, top1_acc: 0.8125, top5_acc: 0.9537, loss_cls: 0.6391, loss: 0.6391
2026-09-07 18:57:39,673 - pyskl - INFO - Epoch [6][2400/5537]	lr: 1.854e-02, eta: 2 days, 5:05:24, time: 3.268, data_time: 0.000, memory: 5243, top1_acc: 0.8241, top5_acc: 0.9609, loss_cls: 0.5811, loss: 0.5811
2026-09-07 19:03:06,739 - pyskl - INFO - Epoch [6][2500/5537]	lr: 1.850e-02, eta: 2 days, 4:59:58, time: 3.271, data_time: 0.000, memory: 5243, top1_acc: 0.8059, top5_acc: 0.9475, loss_cls: 0.6648, loss: 0.6648
2026-09-07 19:08:33,962 - pyskl - INFO - Epoch [6][2600/5537]	lr: 1.846e-02, eta: 2 days, 4:54:33, time: 3.272, data_time: 0.000, memory: 5243, top1_acc: 0.8128, top5_acc: 0.9509, loss_cls: 0.6350, loss: 0.6350
2026-09-07 19:14:01,340 - pyskl - INFO - Epoch [6][2700/5537]	lr: 1.842e-02, eta: 2 days, 4:49:07, time: 3.274, data_time: 0.000, memory: 5243, top1_acc: 0.7928, top5_acc: 0.9487, loss_cls: 0.6792, loss: 0.6792
2026-09-07 19:19:27,990 - pyskl - INFO - Epoch [6][2800/5537]	lr: 1.838e-02, eta: 2 days, 4:43:41, time: 3.266, data_time: 0.000, memory: 5243, top1_acc: 0.8081, top5_acc: 0.9525, loss_cls: 0.6409, loss: 0.6409
2026-09-07 19:24:54,378 - pyskl - INFO - Epoch [6][2900/5537]	lr: 1.834e-02, eta: 2 days, 4:38:13, time: 3.264, data_time: 0.000, memory: 5243, top1_acc: 0.7994, top5_acc: 0.9459, loss_cls: 0.6488, loss: 0.6488
2026-09-07 19:30:21,034 - pyskl - INFO - Epoch [6][3000/5537]	lr: 1.830e-02, eta: 2 days, 4:32:47, time: 3.267, data_time: 0.000, memory: 5243, top1_acc: 0.8006, top5_acc: 0.9556, loss_cls: 0.6450, loss: 0.6450
2026-09-07 19:35:48,075 - pyskl - INFO - Epoch [6][3100/5537]	lr: 1.826e-02, eta: 2 days, 4:27:21, time: 3.270, data_time: 0.000, memory: 5243, top1_acc: 0.8113, top5_acc: 0.9500, loss_cls: 0.6309, loss: 0.6309
2026-09-07 19:41:14,636 - pyskl - INFO - Epoch [6][3200/5537]	lr: 1.822e-02, eta: 2 days, 4:21:54, time: 3.266, data_time: 0.000, memory: 5243, top1_acc: 0.8059, top5_acc: 0.9469, loss_cls: 0.6639, loss: 0.6639
2026-09-07 19:46:41,918 - pyskl - INFO - Epoch [6][3300/5537]	lr: 1.818e-02, eta: 2 days, 4:16:28, time: 3.273, data_time: 0.000, memory: 5243, top1_acc: 0.8109, top5_acc: 0.9500, loss_cls: 0.6433, loss: 0.6433
2026-09-07 19:52:08,799 - pyskl - INFO - Epoch [6][3400/5537]	lr: 1.814e-02, eta: 2 days, 4:11:02, time: 3.269, data_time: 0.000, memory: 5243, top1_acc: 0.8044, top5_acc: 0.9550, loss_cls: 0.6341, loss: 0.6341
2026-09-07 19:57:35,402 - pyskl - INFO - Epoch [6][3500/5537]	lr: 1.810e-02, eta: 2 days, 4:05:35, time: 3.266, data_time: 0.000, memory: 5243, top1_acc: 0.7950, top5_acc: 0.9459, loss_cls: 0.6919, loss: 0.6919
2026-09-07 20:03:02,494 - pyskl - INFO - Epoch [6][3600/5537]	lr: 1.807e-02, eta: 2 days, 4:00:09, time: 3.271, data_time: 0.000, memory: 5243, top1_acc: 0.8019, top5_acc: 0.9481, loss_cls: 0.6751, loss: 0.6751
2026-09-07 20:08:28,176 - pyskl - INFO - Epoch [6][3700/5537]	lr: 1.803e-02, eta: 2 days, 3:54:41, time: 3.257, data_time: 0.000, memory: 5243, top1_acc: 0.8009, top5_acc: 0.9481, loss_cls: 0.6593, loss: 0.6593
2026-09-07 20:13:54,760 - pyskl - INFO - Epoch [6][3800/5537]	lr: 1.799e-02, eta: 2 days, 3:49:14, time: 3.266, data_time: 0.000, memory: 5243, top1_acc: 0.8097, top5_acc: 0.9466, loss_cls: 0.6557, loss: 0.6557
2026-09-07 20:19:22,353 - pyskl - INFO - Epoch [6][3900/5537]	lr: 1.795e-02, eta: 2 days, 3:43:49, time: 3.276, data_time: 0.000, memory: 5243, top1_acc: 0.8134, top5_acc: 0.9522, loss_cls: 0.6264, loss: 0.6264
2026-09-07 20:24:50,180 - pyskl - INFO - Epoch [6][4000/5537]	lr: 1.791e-02, eta: 2 days, 3:38:24, time: 3.278, data_time: 0.000, memory: 5243, top1_acc: 0.8094, top5_acc: 0.9544, loss_cls: 0.6334, loss: 0.6334
2026-09-07 20:30:17,733 - pyskl - INFO - Epoch [6][4100/5537]	lr: 1.787e-02, eta: 2 days, 3:32:59, time: 3.276, data_time: 0.000, memory: 5243, top1_acc: 0.7953, top5_acc: 0.9444, loss_cls: 0.6846, loss: 0.6846
2026-09-07 20:35:44,463 - pyskl - INFO - Epoch [6][4200/5537]	lr: 1.783e-02, eta: 2 days, 3:27:32, time: 3.267, data_time: 0.000, memory: 5243, top1_acc: 0.8272, top5_acc: 0.9563, loss_cls: 0.5994, loss: 0.5994
2026-09-07 20:41:12,304 - pyskl - INFO - Epoch [6][4300/5537]	lr: 1.779e-02, eta: 2 days, 3:22:08, time: 3.278, data_time: 0.000, memory: 5243, top1_acc: 0.8213, top5_acc: 0.9547, loss_cls: 0.6017, loss: 0.6017
2026-09-07 20:46:40,030 - pyskl - INFO - Epoch [6][4400/5537]	lr: 1.775e-02, eta: 2 days, 3:16:43, time: 3.277, data_time: 0.000, memory: 5243, top1_acc: 0.8134, top5_acc: 0.9503, loss_cls: 0.6376, loss: 0.6376
2026-09-07 20:52:07,751 - pyskl - INFO - Epoch [6][4500/5537]	lr: 1.771e-02, eta: 2 days, 3:11:18, time: 3.277, data_time: 0.000, memory: 5243, top1_acc: 0.8181, top5_acc: 0.9575, loss_cls: 0.6173, loss: 0.6173
2026-09-07 20:57:35,271 - pyskl - INFO - Epoch [6][4600/5537]	lr: 1.766e-02, eta: 2 days, 3:05:53, time: 3.275, data_time: 0.000, memory: 5243, top1_acc: 0.8231, top5_acc: 0.9581, loss_cls: 0.6000, loss: 0.6000
2026-09-07 21:03:03,996 - pyskl - INFO - Epoch [6][4700/5537]	lr: 1.762e-02, eta: 2 days, 3:00:30, time: 3.287, data_time: 0.000, memory: 5243, top1_acc: 0.8075, top5_acc: 0.9481, loss_cls: 0.6582, loss: 0.6582
2026-09-07 21:08:31,778 - pyskl - INFO - Epoch [6][4800/5537]	lr: 1.758e-02, eta: 2 days, 2:55:05, time: 3.278, data_time: 0.000, memory: 5243, top1_acc: 0.8178, top5_acc: 0.9569, loss_cls: 0.6067, loss: 0.6067
2026-09-07 21:13:58,886 - pyskl - INFO - Epoch [6][4900/5537]	lr: 1.754e-02, eta: 2 days, 2:49:39, time: 3.271, data_time: 0.000, memory: 5243, top1_acc: 0.8084, top5_acc: 0.9475, loss_cls: 0.6598, loss: 0.6598
2026-09-07 21:19:26,429 - pyskl - INFO - Epoch [6][5000/5537]	lr: 1.750e-02, eta: 2 days, 2:44:13, time: 3.275, data_time: 0.000, memory: 5243, top1_acc: 0.8044, top5_acc: 0.9472, loss_cls: 0.6489, loss: 0.6489
2026-09-07 21:24:53,731 - pyskl - INFO - Epoch [6][5100/5537]	lr: 1.746e-02, eta: 2 days, 2:38:48, time: 3.273, data_time: 0.000, memory: 5243, top1_acc: 0.8103, top5_acc: 0.9494, loss_cls: 0.6388, loss: 0.6388
2026-09-07 21:30:21,928 - pyskl - INFO - Epoch [6][5200/5537]	lr: 1.742e-02, eta: 2 days, 2:33:24, time: 3.282, data_time: 0.000, memory: 5243, top1_acc: 0.8103, top5_acc: 0.9531, loss_cls: 0.6308, loss: 0.6308
2026-09-07 21:35:48,707 - pyskl - INFO - Epoch [6][5300/5537]	lr: 1.738e-02, eta: 2 days, 2:27:57, time: 3.268, data_time: 0.000, memory: 5243, top1_acc: 0.8119, top5_acc: 0.9503, loss_cls: 0.6294, loss: 0.6294
2026-09-07 21:41:15,457 - pyskl - INFO - Epoch [6][5400/5537]	lr: 1.734e-02, eta: 2 days, 2:22:30, time: 3.267, data_time: 0.000, memory: 5243, top1_acc: 0.8147, top5_acc: 0.9553, loss_cls: 0.6059, loss: 0.6059
2026-09-07 21:46:44,012 - pyskl - INFO - Epoch [6][5500/5537]	lr: 1.730e-02, eta: 2 days, 2:17:07, time: 3.286, data_time: 0.000, memory: 5243, top1_acc: 0.8237, top5_acc: 0.9516, loss_cls: 0.5982, loss: 0.5982
2026-09-07 21:48:45,301 - pyskl - INFO - Saving checkpoint at 6 epochs
2026-09-07 21:57:29,582 - pyskl - INFO - Evaluating top_k_accuracy ...
2026-09-07 21:57:29,600 - pyskl - INFO - 
top1_acc	0.8477
top5_acc	0.9774
2026-09-07 21:57:29,602 - pyskl - INFO - The previous best checkpoint D:\YXJProject\pythonProject\pyskl\work_dirs\aug_baseline\stgcnpp_j\train\A6_mixed_p0.3\best_top1_acc_epoch_4.pth was removed
2026-09-07 21:57:29,734 - pyskl - INFO - Now best checkpoint is saved as best_top1_acc_epoch_6.pth.
2026-09-07 21:57:29,734 - pyskl - INFO - Best top1_acc is 0.8477 at 6 epoch.
2026-09-07 21:57:29,735 - pyskl - INFO - Epoch(val) [6][146]	top1_acc: 0.8477, top5_acc: 0.9774
2026-09-07 22:03:10,005 - pyskl - INFO - Epoch [7][100/5537]	lr: 1.724e-02, eta: 2 days, 2:06:41, time: 3.403, data_time: 0.108, memory: 5243, top1_acc: 0.8216, top5_acc: 0.9569, loss_cls: 0.5961, loss: 0.5961
2026-09-07 22:08:37,848 - pyskl - INFO - Epoch [7][200/5537]	lr: 1.720e-02, eta: 2 days, 2:01:17, time: 3.278, data_time: 0.000, memory: 5243, top1_acc: 0.8256, top5_acc: 0.9563, loss_cls: 0.5975, loss: 0.5975
2026-09-07 22:14:05,129 - pyskl - INFO - Epoch [7][300/5537]	lr: 1.716e-02, eta: 2 days, 1:55:52, time: 3.273, data_time: 0.000, memory: 5243, top1_acc: 0.8122, top5_acc: 0.9525, loss_cls: 0.6305, loss: 0.6305
2026-09-07 22:19:33,313 - pyskl - INFO - Epoch [7][400/5537]	lr: 1.712e-02, eta: 2 days, 1:50:28, time: 3.282, data_time: 0.000, memory: 5243, top1_acc: 0.8037, top5_acc: 0.9569, loss_cls: 0.6272, loss: 0.6272
2026-09-07 22:25:01,282 - pyskl - INFO - Epoch [7][500/5537]	lr: 1.708e-02, eta: 2 days, 1:45:05, time: 3.280, data_time: 0.000, memory: 5243, top1_acc: 0.8153, top5_acc: 0.9484, loss_cls: 0.6300, loss: 0.6300
2026-09-07 22:30:30,121 - pyskl - INFO - Epoch [7][600/5537]	lr: 1.704e-02, eta: 2 days, 1:39:42, time: 3.288, data_time: 0.000, memory: 5243, top1_acc: 0.8178, top5_acc: 0.9556, loss_cls: 0.6134, loss: 0.6134
2026-09-07 22:35:57,490 - pyskl - INFO - Epoch [7][700/5537]	lr: 1.700e-02, eta: 2 days, 1:34:17, time: 3.274, data_time: 0.000, memory: 5243, top1_acc: 0.8094, top5_acc: 0.9550, loss_cls: 0.6213, loss: 0.6213
2026-09-07 22:41:25,218 - pyskl - INFO - Epoch [7][800/5537]	lr: 1.695e-02, eta: 2 days, 1:28:53, time: 3.277, data_time: 0.000, memory: 5243, top1_acc: 0.8109, top5_acc: 0.9541, loss_cls: 0.6355, loss: 0.6355
2026-09-07 22:46:52,766 - pyskl - INFO - Epoch [7][900/5537]	lr: 1.691e-02, eta: 2 days, 1:23:28, time: 3.275, data_time: 0.000, memory: 5243, top1_acc: 0.8159, top5_acc: 0.9547, loss_cls: 0.6112, loss: 0.6112
2026-09-07 22:52:20,629 - pyskl - INFO - Epoch [7][1000/5537]	lr: 1.687e-02, eta: 2 days, 1:18:04, time: 3.279, data_time: 0.000, memory: 5243, top1_acc: 0.8094, top5_acc: 0.9525, loss_cls: 0.6408, loss: 0.6408
2026-09-07 22:57:48,704 - pyskl - INFO - Epoch [7][1100/5537]	lr: 1.683e-02, eta: 2 days, 1:12:40, time: 3.281, data_time: 0.000, memory: 5243, top1_acc: 0.8234, top5_acc: 0.9544, loss_cls: 0.6055, loss: 0.6055
2026-09-07 23:03:18,196 - pyskl - INFO - Epoch [7][1200/5537]	lr: 1.679e-02, eta: 2 days, 1:07:19, time: 3.295, data_time: 0.000, memory: 5243, top1_acc: 0.8113, top5_acc: 0.9534, loss_cls: 0.6363, loss: 0.6363
2026-09-07 23:08:45,076 - pyskl - INFO - Epoch [7][1300/5537]	lr: 1.675e-02, eta: 2 days, 1:01:53, time: 3.269, data_time: 0.000, memory: 5243, top1_acc: 0.8197, top5_acc: 0.9534, loss_cls: 0.6124, loss: 0.6124
2026-09-07 23:14:11,937 - pyskl - INFO - Epoch [7][1400/5537]	lr: 1.670e-02, eta: 2 days, 0:56:27, time: 3.269, data_time: 0.000, memory: 5243, top1_acc: 0.8247, top5_acc: 0.9550, loss_cls: 0.6055, loss: 0.6055
2026-09-07 23:19:37,699 - pyskl - INFO - Epoch [7][1500/5537]	lr: 1.666e-02, eta: 2 days, 0:50:59, time: 3.258, data_time: 0.000, memory: 5243, top1_acc: 0.8094, top5_acc: 0.9513, loss_cls: 0.6326, loss: 0.6326
2026-09-07 23:25:04,383 - pyskl - INFO - Epoch [7][1600/5537]	lr: 1.662e-02, eta: 2 days, 0:45:33, time: 3.267, data_time: 0.000, memory: 5243, top1_acc: 0.8125, top5_acc: 0.9547, loss_cls: 0.6180, loss: 0.6180
2026-09-07 23:30:31,534 - pyskl - INFO - Epoch [7][1700/5537]	lr: 1.658e-02, eta: 2 days, 0:40:08, time: 3.272, data_time: 0.000, memory: 5243, top1_acc: 0.8059, top5_acc: 0.9534, loss_cls: 0.6475, loss: 0.6475
2026-09-07 23:35:57,506 - pyskl - INFO - Epoch [7][1800/5537]	lr: 1.654e-02, eta: 2 days, 0:34:41, time: 3.260, data_time: 0.000, memory: 5243, top1_acc: 0.8203, top5_acc: 0.9591, loss_cls: 0.5927, loss: 0.5927
2026-09-07 23:41:23,618 - pyskl - INFO - Epoch [7][1900/5537]	lr: 1.650e-02, eta: 2 days, 0:29:14, time: 3.261, data_time: 0.000, memory: 5243, top1_acc: 0.8059, top5_acc: 0.9531, loss_cls: 0.6339, loss: 0.6339
2026-09-07 23:46:51,133 - pyskl - INFO - Epoch [7][2000/5537]	lr: 1.645e-02, eta: 2 days, 0:23:49, time: 3.275, data_time: 0.000, memory: 5243, top1_acc: 0.8278, top5_acc: 0.9584, loss_cls: 0.5854, loss: 0.5854
2026-09-07 23:52:18,589 - pyskl - INFO - Epoch [7][2100/5537]	lr: 1.641e-02, eta: 2 days, 0:18:24, time: 3.275, data_time: 0.000, memory: 5243, top1_acc: 0.8275, top5_acc: 0.9609, loss_cls: 0.5789, loss: 0.5789
2026-09-07 23:57:46,052 - pyskl - INFO - Epoch [7][2200/5537]	lr: 1.637e-02, eta: 2 days, 0:12:59, time: 3.275, data_time: 0.000, memory: 5243, top1_acc: 0.8266, top5_acc: 0.9578, loss_cls: 0.5864, loss: 0.5864
2026-09-08 00:03:13,860 - pyskl - INFO - Epoch [7][2300/5537]	lr: 1.633e-02, eta: 2 days, 0:07:35, time: 3.278, data_time: 0.000, memory: 5243, top1_acc: 0.8222, top5_acc: 0.9575, loss_cls: 0.5889, loss: 0.5889
2026-09-08 00:08:41,918 - pyskl - INFO - Epoch [7][2400/5537]	lr: 1.628e-02, eta: 2 days, 0:02:10, time: 3.281, data_time: 0.000, memory: 5243, top1_acc: 0.8209, top5_acc: 0.9569, loss_cls: 0.5941, loss: 0.5941
2026-09-08 00:14:10,157 - pyskl - INFO - Epoch [7][2500/5537]	lr: 1.624e-02, eta: 1 day, 23:56:47, time: 3.282, data_time: 0.000, memory: 5243, top1_acc: 0.8331, top5_acc: 0.9553, loss_cls: 0.5784, loss: 0.5784
2026-09-08 00:19:37,378 - pyskl - INFO - Epoch [7][2600/5537]	lr: 1.620e-02, eta: 1 day, 23:51:21, time: 3.272, data_time: 0.000, memory: 5243, top1_acc: 0.8203, top5_acc: 0.9563, loss_cls: 0.6087, loss: 0.6087
2026-09-08 00:25:04,808 - pyskl - INFO - Epoch [7][2700/5537]	lr: 1.616e-02, eta: 1 day, 23:45:56, time: 3.274, data_time: 0.000, memory: 5243, top1_acc: 0.8159, top5_acc: 0.9544, loss_cls: 0.6142, loss: 0.6142
2026-09-08 00:30:32,698 - pyskl - INFO - Epoch [7][2800/5537]	lr: 1.612e-02, eta: 1 day, 23:40:32, time: 3.279, data_time: 0.000, memory: 5243, top1_acc: 0.8231, top5_acc: 0.9591, loss_cls: 0.5930, loss: 0.5930
2026-09-08 00:36:00,878 - pyskl - INFO - Epoch [7][2900/5537]	lr: 1.607e-02, eta: 1 day, 23:35:08, time: 3.282, data_time: 0.000, memory: 5243, top1_acc: 0.8087, top5_acc: 0.9475, loss_cls: 0.6516, loss: 0.6516
2026-09-08 00:41:29,124 - pyskl - INFO - Epoch [7][3000/5537]	lr: 1.603e-02, eta: 1 day, 23:29:44, time: 3.282, data_time: 0.000, memory: 5243, top1_acc: 0.8147, top5_acc: 0.9594, loss_cls: 0.5958, loss: 0.5958
2026-09-08 00:46:57,644 - pyskl - INFO - Epoch [7][3100/5537]	lr: 1.599e-02, eta: 1 day, 23:24:20, time: 3.285, data_time: 0.000, memory: 5243, top1_acc: 0.8344, top5_acc: 0.9575, loss_cls: 0.5714, loss: 0.5714
2026-09-08 00:52:25,615 - pyskl - INFO - Epoch [7][3200/5537]	lr: 1.595e-02, eta: 1 day, 23:18:56, time: 3.280, data_time: 0.000, memory: 5243, top1_acc: 0.8272, top5_acc: 0.9603, loss_cls: 0.5737, loss: 0.5737
2026-09-08 00:57:53,881 - pyskl - INFO - Epoch [7][3300/5537]	lr: 1.590e-02, eta: 1 day, 23:13:32, time: 3.283, data_time: 0.000, memory: 5243, top1_acc: 0.8166, top5_acc: 0.9550, loss_cls: 0.6206, loss: 0.6206
2026-09-08 01:03:21,840 - pyskl - INFO - Epoch [7][3400/5537]	lr: 1.586e-02, eta: 1 day, 23:08:07, time: 3.280, data_time: 0.000, memory: 5243, top1_acc: 0.8356, top5_acc: 0.9613, loss_cls: 0.5481, loss: 0.5481
2026-09-08 01:08:49,708 - pyskl - INFO - Epoch [7][3500/5537]	lr: 1.582e-02, eta: 1 day, 23:02:43, time: 3.279, data_time: 0.000, memory: 5243, top1_acc: 0.8281, top5_acc: 0.9581, loss_cls: 0.5823, loss: 0.5823
2026-09-08 01:14:17,525 - pyskl - INFO - Epoch [7][3600/5537]	lr: 1.577e-02, eta: 1 day, 22:57:18, time: 3.278, data_time: 0.000, memory: 5243, top1_acc: 0.8331, top5_acc: 0.9569, loss_cls: 0.5607, loss: 0.5607
2026-09-08 01:19:45,823 - pyskl - INFO - Epoch [7][3700/5537]	lr: 1.573e-02, eta: 1 day, 22:51:54, time: 3.283, data_time: 0.000, memory: 5243, top1_acc: 0.8431, top5_acc: 0.9622, loss_cls: 0.5392, loss: 0.5392
2026-09-08 01:25:14,428 - pyskl - INFO - Epoch [7][3800/5537]	lr: 1.569e-02, eta: 1 day, 22:46:30, time: 3.286, data_time: 0.000, memory: 5243, top1_acc: 0.8266, top5_acc: 0.9594, loss_cls: 0.5826, loss: 0.5826
2026-09-08 01:30:43,023 - pyskl - INFO - Epoch [7][3900/5537]	lr: 1.565e-02, eta: 1 day, 22:41:07, time: 3.286, data_time: 0.000, memory: 5243, top1_acc: 0.8247, top5_acc: 0.9628, loss_cls: 0.5590, loss: 0.5590
2026-09-08 01:36:11,586 - pyskl - INFO - Epoch [7][4000/5537]	lr: 1.560e-02, eta: 1 day, 22:35:43, time: 3.286, data_time: 0.000, memory: 5243, top1_acc: 0.8281, top5_acc: 0.9594, loss_cls: 0.5864, loss: 0.5864
2026-09-08 01:41:38,316 - pyskl - INFO - Epoch [7][4100/5537]	lr: 1.556e-02, eta: 1 day, 22:30:17, time: 3.267, data_time: 0.000, memory: 5243, top1_acc: 0.8156, top5_acc: 0.9559, loss_cls: 0.6027, loss: 0.6027
2026-09-08 01:47:05,759 - pyskl - INFO - Epoch [7][4200/5537]	lr: 1.552e-02, eta: 1 day, 22:24:51, time: 3.274, data_time: 0.000, memory: 5243, top1_acc: 0.8278, top5_acc: 0.9637, loss_cls: 0.5686, loss: 0.5686
2026-09-08 01:52:32,523 - pyskl - INFO - Epoch [7][4300/5537]	lr: 1.547e-02, eta: 1 day, 22:19:25, time: 3.268, data_time: 0.000, memory: 5243, top1_acc: 0.8197, top5_acc: 0.9556, loss_cls: 0.6139, loss: 0.6139
2026-09-08 01:57:59,641 - pyskl - INFO - Epoch [7][4400/5537]	lr: 1.543e-02, eta: 1 day, 22:13:59, time: 3.271, data_time: 0.000, memory: 5243, top1_acc: 0.8228, top5_acc: 0.9569, loss_cls: 0.5883, loss: 0.5883
2026-09-08 02:03:27,030 - pyskl - INFO - Epoch [7][4500/5537]	lr: 1.539e-02, eta: 1 day, 22:08:34, time: 3.274, data_time: 0.000, memory: 5243, top1_acc: 0.8366, top5_acc: 0.9563, loss_cls: 0.5635, loss: 0.5635
2026-09-08 02:08:54,392 - pyskl - INFO - Epoch [7][4600/5537]	lr: 1.535e-02, eta: 1 day, 22:03:09, time: 3.274, data_time: 0.000, memory: 5243, top1_acc: 0.8369, top5_acc: 0.9597, loss_cls: 0.5681, loss: 0.5681
2026-09-08 02:14:22,089 - pyskl - INFO - Epoch [7][4700/5537]	lr: 1.530e-02, eta: 1 day, 21:57:44, time: 3.277, data_time: 0.000, memory: 5243, top1_acc: 0.8144, top5_acc: 0.9556, loss_cls: 0.6158, loss: 0.6158
2026-09-08 02:19:49,737 - pyskl - INFO - Epoch [7][4800/5537]	lr: 1.526e-02, eta: 1 day, 21:52:18, time: 3.276, data_time: 0.000, memory: 5243, top1_acc: 0.8250, top5_acc: 0.9587, loss_cls: 0.5833, loss: 0.5833
2026-09-08 02:25:16,987 - pyskl - INFO - Epoch [7][4900/5537]	lr: 1.522e-02, eta: 1 day, 21:46:53, time: 3.272, data_time: 0.000, memory: 5243, top1_acc: 0.8237, top5_acc: 0.9591, loss_cls: 0.5813, loss: 0.5813
2026-09-08 02:30:44,699 - pyskl - INFO - Epoch [7][5000/5537]	lr: 1.517e-02, eta: 1 day, 21:41:28, time: 3.277, data_time: 0.000, memory: 5243, top1_acc: 0.8284, top5_acc: 0.9566, loss_cls: 0.5839, loss: 0.5839
2026-09-08 02:36:12,032 - pyskl - INFO - Epoch [7][5100/5537]	lr: 1.513e-02, eta: 1 day, 21:36:02, time: 3.273, data_time: 0.000, memory: 5243, top1_acc: 0.8303, top5_acc: 0.9544, loss_cls: 0.6051, loss: 0.6051
2026-09-08 02:41:39,737 - pyskl - INFO - Epoch [7][5200/5537]	lr: 1.509e-02, eta: 1 day, 21:30:37, time: 3.277, data_time: 0.001, memory: 5243, top1_acc: 0.8287, top5_acc: 0.9553, loss_cls: 0.5946, loss: 0.5946
2026-09-08 02:47:07,746 - pyskl - INFO - Epoch [7][5300/5537]	lr: 1.504e-02, eta: 1 day, 21:25:12, time: 3.280, data_time: 0.000, memory: 5243, top1_acc: 0.8313, top5_acc: 0.9566, loss_cls: 0.5564, loss: 0.5564
2026-09-08 02:52:35,741 - pyskl - INFO - Epoch [7][5400/5537]	lr: 1.500e-02, eta: 1 day, 21:19:48, time: 3.280, data_time: 0.000, memory: 5243, top1_acc: 0.8403, top5_acc: 0.9647, loss_cls: 0.5337, loss: 0.5337
2026-09-08 02:58:03,657 - pyskl - INFO - Epoch [7][5500/5537]	lr: 1.496e-02, eta: 1 day, 21:14:23, time: 3.279, data_time: 0.000, memory: 5243, top1_acc: 0.8434, top5_acc: 0.9628, loss_cls: 0.5462, loss: 0.5462
2026-09-08 03:00:05,782 - pyskl - INFO - Saving checkpoint at 7 epochs
2026-09-08 03:09:02,387 - pyskl - INFO - Evaluating top_k_accuracy ...
2026-09-08 03:09:02,404 - pyskl - INFO - 
top1_acc	0.8311
top5_acc	0.9762
2026-09-08 03:09:02,405 - pyskl - INFO - Epoch(val) [7][146]	top1_acc: 0.8311, top5_acc: 0.9762
2026-09-08 03:14:41,945 - pyskl - INFO - Epoch [8][100/5537]	lr: 1.490e-02, eta: 1 day, 21:04:37, time: 3.395, data_time: 0.110, memory: 5243, top1_acc: 0.8359, top5_acc: 0.9634, loss_cls: 0.5553, loss: 0.5553
2026-09-08 03:20:09,250 - pyskl - INFO - Epoch [8][200/5537]	lr: 1.485e-02, eta: 1 day, 20:59:12, time: 3.273, data_time: 0.000, memory: 5243, top1_acc: 0.8347, top5_acc: 0.9591, loss_cls: 0.5614, loss: 0.5614
2026-09-08 03:25:36,199 - pyskl - INFO - Epoch [8][300/5537]	lr: 1.481e-02, eta: 1 day, 20:53:47, time: 3.269, data_time: 0.000, memory: 5243, top1_acc: 0.8359, top5_acc: 0.9597, loss_cls: 0.5458, loss: 0.5458
2026-09-08 03:31:04,995 - pyskl - INFO - Epoch [8][400/5537]	lr: 1.476e-02, eta: 1 day, 20:48:24, time: 3.288, data_time: 0.000, memory: 5243, top1_acc: 0.8244, top5_acc: 0.9544, loss_cls: 0.5917, loss: 0.5917
2026-09-08 03:36:34,010 - pyskl - INFO - Epoch [8][500/5537]	lr: 1.472e-02, eta: 1 day, 20:43:01, time: 3.290, data_time: 0.000, memory: 5243, top1_acc: 0.8359, top5_acc: 0.9553, loss_cls: 0.5594, loss: 0.5594
2026-09-08 03:42:02,340 - pyskl - INFO - Epoch [8][600/5537]	lr: 1.468e-02, eta: 1 day, 20:37:37, time: 3.283, data_time: 0.000, memory: 5243, top1_acc: 0.8309, top5_acc: 0.9609, loss_cls: 0.5829, loss: 0.5829
2026-09-08 03:47:30,695 - pyskl - INFO - Epoch [8][700/5537]	lr: 1.463e-02, eta: 1 day, 20:32:13, time: 3.284, data_time: 0.000, memory: 5243, top1_acc: 0.8259, top5_acc: 0.9584, loss_cls: 0.5909, loss: 0.5909
2026-09-08 03:52:57,895 - pyskl - INFO - Epoch [8][800/5537]	lr: 1.459e-02, eta: 1 day, 20:26:48, time: 3.272, data_time: 0.000, memory: 5243, top1_acc: 0.8391, top5_acc: 0.9616, loss_cls: 0.5455, loss: 0.5455
2026-09-08 03:58:25,230 - pyskl - INFO - Epoch [8][900/5537]	lr: 1.455e-02, eta: 1 day, 20:21:23, time: 3.273, data_time: 0.000, memory: 5243, top1_acc: 0.8344, top5_acc: 0.9619, loss_cls: 0.5593, loss: 0.5593
2026-09-08 04:03:52,181 - pyskl - INFO - Epoch [8][1000/5537]	lr: 1.450e-02, eta: 1 day, 20:15:57, time: 3.270, data_time: 0.000, memory: 5243, top1_acc: 0.8319, top5_acc: 0.9587, loss_cls: 0.5698, loss: 0.5698
2026-09-08 04:09:19,159 - pyskl - INFO - Epoch [8][1100/5537]	lr: 1.446e-02, eta: 1 day, 20:10:32, time: 3.270, data_time: 0.000, memory: 5243, top1_acc: 0.8313, top5_acc: 0.9603, loss_cls: 0.5799, loss: 0.5799
2026-09-08 04:14:46,375 - pyskl - INFO - Epoch [8][1200/5537]	lr: 1.442e-02, eta: 1 day, 20:05:07, time: 3.272, data_time: 0.000, memory: 5243, top1_acc: 0.8241, top5_acc: 0.9591, loss_cls: 0.5832, loss: 0.5832
2026-09-08 04:20:14,703 - pyskl - INFO - Epoch [8][1300/5537]	lr: 1.437e-02, eta: 1 day, 19:59:43, time: 3.283, data_time: 0.000, memory: 5243, top1_acc: 0.8337, top5_acc: 0.9597, loss_cls: 0.5588, loss: 0.5588
2026-09-08 04:25:43,041 - pyskl - INFO - Epoch [8][1400/5537]	lr: 1.433e-02, eta: 1 day, 19:54:19, time: 3.283, data_time: 0.000, memory: 5243, top1_acc: 0.8291, top5_acc: 0.9569, loss_cls: 0.5813, loss: 0.5813
2026-09-08 04:31:10,641 - pyskl - INFO - Epoch [8][1500/5537]	lr: 1.428e-02, eta: 1 day, 19:48:54, time: 3.276, data_time: 0.000, memory: 5243, top1_acc: 0.8444, top5_acc: 0.9666, loss_cls: 0.5294, loss: 0.5294
2026-09-08 04:36:38,472 - pyskl - INFO - Epoch [8][1600/5537]	lr: 1.424e-02, eta: 1 day, 19:43:29, time: 3.278, data_time: 0.000, memory: 5243, top1_acc: 0.8175, top5_acc: 0.9537, loss_cls: 0.6001, loss: 0.6001
2026-09-08 04:42:06,592 - pyskl - INFO - Epoch [8][1700/5537]	lr: 1.420e-02, eta: 1 day, 19:38:05, time: 3.281, data_time: 0.000, memory: 5243, top1_acc: 0.8387, top5_acc: 0.9587, loss_cls: 0.5552, loss: 0.5552
2026-09-08 04:47:35,183 - pyskl - INFO - Epoch [8][1800/5537]	lr: 1.415e-02, eta: 1 day, 19:32:41, time: 3.286, data_time: 0.000, memory: 5243, top1_acc: 0.8237, top5_acc: 0.9578, loss_cls: 0.5971, loss: 0.5971
2026-09-08 04:53:03,663 - pyskl - INFO - Epoch [8][1900/5537]	lr: 1.411e-02, eta: 1 day, 19:27:17, time: 3.285, data_time: 0.000, memory: 5243, top1_acc: 0.8366, top5_acc: 0.9631, loss_cls: 0.5455, loss: 0.5455
2026-09-08 04:58:30,846 - pyskl - INFO - Epoch [8][2000/5537]	lr: 1.406e-02, eta: 1 day, 19:21:52, time: 3.272, data_time: 0.000, memory: 5243, top1_acc: 0.8353, top5_acc: 0.9606, loss_cls: 0.5580, loss: 0.5580
2026-09-08 05:03:59,473 - pyskl - INFO - Epoch [8][2100/5537]	lr: 1.402e-02, eta: 1 day, 19:16:28, time: 3.286, data_time: 0.000, memory: 5243, top1_acc: 0.8378, top5_acc: 0.9625, loss_cls: 0.5493, loss: 0.5493
2026-09-08 05:09:26,901 - pyskl - INFO - Epoch [8][2200/5537]	lr: 1.398e-02, eta: 1 day, 19:11:03, time: 3.274, data_time: 0.000, memory: 5243, top1_acc: 0.8287, top5_acc: 0.9594, loss_cls: 0.5780, loss: 0.5780
2026-09-08 05:14:54,547 - pyskl - INFO - Epoch [8][2300/5537]	lr: 1.393e-02, eta: 1 day, 19:05:38, time: 3.276, data_time: 0.000, memory: 5243, top1_acc: 0.8431, top5_acc: 0.9597, loss_cls: 0.5207, loss: 0.5207
2026-09-08 05:20:21,965 - pyskl - INFO - Epoch [8][2400/5537]	lr: 1.389e-02, eta: 1 day, 19:00:13, time: 3.274, data_time: 0.000, memory: 5243, top1_acc: 0.8309, top5_acc: 0.9563, loss_cls: 0.5741, loss: 0.5741
2026-09-08 05:25:49,877 - pyskl - INFO - Epoch [8][2500/5537]	lr: 1.384e-02, eta: 1 day, 18:54:48, time: 3.279, data_time: 0.000, memory: 5243, top1_acc: 0.8447, top5_acc: 0.9672, loss_cls: 0.5237, loss: 0.5237
2026-09-08 05:31:17,425 - pyskl - INFO - Epoch [8][2600/5537]	lr: 1.380e-02, eta: 1 day, 18:49:23, time: 3.275, data_time: 0.000, memory: 5243, top1_acc: 0.8306, top5_acc: 0.9547, loss_cls: 0.5746, loss: 0.5746
2026-09-08 05:36:46,058 - pyskl - INFO - Epoch [8][2700/5537]	lr: 1.376e-02, eta: 1 day, 18:44:00, time: 3.286, data_time: 0.000, memory: 5243, top1_acc: 0.8384, top5_acc: 0.9600, loss_cls: 0.5563, loss: 0.5563
2026-09-08 05:42:13,511 - pyskl - INFO - Epoch [8][2800/5537]	lr: 1.371e-02, eta: 1 day, 18:38:34, time: 3.275, data_time: 0.000, memory: 5243, top1_acc: 0.8600, top5_acc: 0.9688, loss_cls: 0.4861, loss: 0.4861
2026-09-08 05:47:43,027 - pyskl - INFO - Epoch [8][2900/5537]	lr: 1.367e-02, eta: 1 day, 18:33:11, time: 3.295, data_time: 0.000, memory: 5243, top1_acc: 0.8325, top5_acc: 0.9594, loss_cls: 0.5531, loss: 0.5531
2026-09-08 05:53:11,096 - pyskl - INFO - Epoch [8][3000/5537]	lr: 1.362e-02, eta: 1 day, 18:27:47, time: 3.281, data_time: 0.000, memory: 5243, top1_acc: 0.8272, top5_acc: 0.9609, loss_cls: 0.5472, loss: 0.5472
2026-09-08 05:58:38,462 - pyskl - INFO - Epoch [8][3100/5537]	lr: 1.358e-02, eta: 1 day, 18:22:22, time: 3.274, data_time: 0.000, memory: 5243, top1_acc: 0.8306, top5_acc: 0.9531, loss_cls: 0.5677, loss: 0.5677
2026-09-08 06:04:06,290 - pyskl - INFO - Epoch [8][3200/5537]	lr: 1.354e-02, eta: 1 day, 18:16:57, time: 3.278, data_time: 0.000, memory: 5243, top1_acc: 0.8431, top5_acc: 0.9613, loss_cls: 0.5426, loss: 0.5426
2026-09-08 06:09:34,076 - pyskl - INFO - Epoch [8][3300/5537]	lr: 1.349e-02, eta: 1 day, 18:11:32, time: 3.278, data_time: 0.000, memory: 5243, top1_acc: 0.8419, top5_acc: 0.9625, loss_cls: 0.5316, loss: 0.5316
2026-09-08 06:15:01,916 - pyskl - INFO - Epoch [8][3400/5537]	lr: 1.345e-02, eta: 1 day, 18:06:07, time: 3.278, data_time: 0.000, memory: 5243, top1_acc: 0.8409, top5_acc: 0.9672, loss_cls: 0.5198, loss: 0.5198
2026-09-08 06:20:28,182 - pyskl - INFO - Epoch [8][3500/5537]	lr: 1.340e-02, eta: 1 day, 18:00:40, time: 3.263, data_time: 0.000, memory: 5243, top1_acc: 0.8313, top5_acc: 0.9637, loss_cls: 0.5362, loss: 0.5362
2026-09-08 06:25:54,949 - pyskl - INFO - Epoch [8][3600/5537]	lr: 1.336e-02, eta: 1 day, 17:55:14, time: 3.268, data_time: 0.000, memory: 5243, top1_acc: 0.8384, top5_acc: 0.9631, loss_cls: 0.5288, loss: 0.5288
2026-09-08 06:31:21,533 - pyskl - INFO - Epoch [8][3700/5537]	lr: 1.331e-02, eta: 1 day, 17:49:48, time: 3.266, data_time: 0.000, memory: 5243, top1_acc: 0.8322, top5_acc: 0.9587, loss_cls: 0.5468, loss: 0.5468
2026-09-08 06:36:48,226 - pyskl - INFO - Epoch [8][3800/5537]	lr: 1.327e-02, eta: 1 day, 17:44:22, time: 3.267, data_time: 0.000, memory: 5243, top1_acc: 0.8400, top5_acc: 0.9603, loss_cls: 0.5266, loss: 0.5266
2026-09-08 06:42:15,979 - pyskl - INFO - Epoch [8][3900/5537]	lr: 1.323e-02, eta: 1 day, 17:38:57, time: 3.278, data_time: 0.000, memory: 5243, top1_acc: 0.8384, top5_acc: 0.9575, loss_cls: 0.5363, loss: 0.5363
2026-09-08 06:47:44,467 - pyskl - INFO - Epoch [8][4000/5537]	lr: 1.318e-02, eta: 1 day, 17:33:33, time: 3.285, data_time: 0.000, memory: 5243, top1_acc: 0.8519, top5_acc: 0.9600, loss_cls: 0.5323, loss: 0.5323
2026-09-08 06:53:12,109 - pyskl - INFO - Epoch [8][4100/5537]	lr: 1.314e-02, eta: 1 day, 17:28:08, time: 3.276, data_time: 0.000, memory: 5243, top1_acc: 0.8331, top5_acc: 0.9606, loss_cls: 0.5571, loss: 0.5571
2026-09-08 06:58:39,889 - pyskl - INFO - Epoch [8][4200/5537]	lr: 1.309e-02, eta: 1 day, 17:22:43, time: 3.278, data_time: 0.000, memory: 5243, top1_acc: 0.8428, top5_acc: 0.9666, loss_cls: 0.5161, loss: 0.5161
2026-09-08 07:04:08,092 - pyskl - INFO - Epoch [8][4300/5537]	lr: 1.305e-02, eta: 1 day, 17:17:18, time: 3.282, data_time: 0.000, memory: 5243, top1_acc: 0.8231, top5_acc: 0.9569, loss_cls: 0.5925, loss: 0.5925
2026-09-08 07:09:35,967 - pyskl - INFO - Epoch [8][4400/5537]	lr: 1.300e-02, eta: 1 day, 17:11:53, time: 3.279, data_time: 0.000, memory: 5243, top1_acc: 0.8319, top5_acc: 0.9569, loss_cls: 0.5700, loss: 0.5700
2026-09-08 07:15:03,286 - pyskl - INFO - Epoch [8][4500/5537]	lr: 1.296e-02, eta: 1 day, 17:06:28, time: 3.273, data_time: 0.000, memory: 5243, top1_acc: 0.8319, top5_acc: 0.9644, loss_cls: 0.5511, loss: 0.5511
2026-09-08 07:20:30,671 - pyskl - INFO - Epoch [8][4600/5537]	lr: 1.292e-02, eta: 1 day, 17:01:02, time: 3.274, data_time: 0.000, memory: 5243, top1_acc: 0.8253, top5_acc: 0.9581, loss_cls: 0.5836, loss: 0.5836
2026-09-08 07:25:57,529 - pyskl - INFO - Epoch [8][4700/5537]	lr: 1.287e-02, eta: 1 day, 16:55:36, time: 3.269, data_time: 0.000, memory: 5243, top1_acc: 0.8400, top5_acc: 0.9597, loss_cls: 0.5505, loss: 0.5505
2026-09-08 07:31:25,110 - pyskl - INFO - Epoch [8][4800/5537]	lr: 1.283e-02, eta: 1 day, 16:50:11, time: 3.276, data_time: 0.000, memory: 5243, top1_acc: 0.8375, top5_acc: 0.9587, loss_cls: 0.5245, loss: 0.5245
2026-09-08 07:36:52,228 - pyskl - INFO - Epoch [8][4900/5537]	lr: 1.278e-02, eta: 1 day, 16:44:45, time: 3.271, data_time: 0.000, memory: 5243, top1_acc: 0.8503, top5_acc: 0.9613, loss_cls: 0.5153, loss: 0.5153
2026-09-08 07:42:19,671 - pyskl - INFO - Epoch [8][5000/5537]	lr: 1.274e-02, eta: 1 day, 16:39:20, time: 3.274, data_time: 0.000, memory: 5243, top1_acc: 0.8478, top5_acc: 0.9650, loss_cls: 0.5261, loss: 0.5261
2026-09-08 07:47:46,537 - pyskl - INFO - Epoch [8][5100/5537]	lr: 1.269e-02, eta: 1 day, 16:33:54, time: 3.269, data_time: 0.000, memory: 5243, top1_acc: 0.8472, top5_acc: 0.9659, loss_cls: 0.5019, loss: 0.5019
2026-09-08 07:53:13,618 - pyskl - INFO - Epoch [8][5200/5537]	lr: 1.265e-02, eta: 1 day, 16:28:28, time: 3.271, data_time: 0.000, memory: 5243, top1_acc: 0.8406, top5_acc: 0.9603, loss_cls: 0.5329, loss: 0.5329
2026-09-08 07:58:40,917 - pyskl - INFO - Epoch [8][5300/5537]	lr: 1.261e-02, eta: 1 day, 16:23:02, time: 3.273, data_time: 0.000, memory: 5243, top1_acc: 0.8416, top5_acc: 0.9625, loss_cls: 0.5378, loss: 0.5378
2026-09-08 08:04:08,052 - pyskl - INFO - Epoch [8][5400/5537]	lr: 1.256e-02, eta: 1 day, 16:17:36, time: 3.271, data_time: 0.000, memory: 5243, top1_acc: 0.8509, top5_acc: 0.9666, loss_cls: 0.5134, loss: 0.5134
2026-09-08 08:09:34,988 - pyskl - INFO - Epoch [8][5500/5537]	lr: 1.252e-02, eta: 1 day, 16:12:10, time: 3.269, data_time: 0.000, memory: 5243, top1_acc: 0.8372, top5_acc: 0.9622, loss_cls: 0.5429, loss: 0.5429
2026-09-08 08:11:36,028 - pyskl - INFO - Saving checkpoint at 8 epochs
2026-09-08 08:20:18,435 - pyskl - INFO - Evaluating top_k_accuracy ...
2026-09-08 08:20:18,452 - pyskl - INFO - 
top1_acc	0.8586
top5_acc	0.9787
2026-09-08 08:20:18,454 - pyskl - INFO - The previous best checkpoint D:\YXJProject\pythonProject\pyskl\work_dirs\aug_baseline\stgcnpp_j\train\A6_mixed_p0.3\best_top1_acc_epoch_6.pth was removed
2026-09-08 08:20:18,586 - pyskl - INFO - Now best checkpoint is saved as best_top1_acc_epoch_8.pth.
2026-09-08 08:20:18,586 - pyskl - INFO - Best top1_acc is 0.8586 at 8 epoch.
2026-09-08 08:20:18,587 - pyskl - INFO - Epoch(val) [8][146]	top1_acc: 0.8586, top5_acc: 0.9787
2026-09-08 08:25:58,429 - pyskl - INFO - Epoch [9][100/5537]	lr: 1.246e-02, eta: 1 day, 16:02:56, time: 3.398, data_time: 0.110, memory: 5243, top1_acc: 0.8481, top5_acc: 0.9591, loss_cls: 0.5193, loss: 0.5193
2026-09-08 08:31:26,340 - pyskl - INFO - Epoch [9][200/5537]	lr: 1.241e-02, eta: 1 day, 15:57:32, time: 3.279, data_time: 0.000, memory: 5243, top1_acc: 0.8444, top5_acc: 0.9616, loss_cls: 0.5136, loss: 0.5136
2026-09-08 08:36:53,559 - pyskl - INFO - Epoch [9][300/5537]	lr: 1.237e-02, eta: 1 day, 15:52:06, time: 3.272, data_time: 0.000, memory: 5243, top1_acc: 0.8356, top5_acc: 0.9594, loss_cls: 0.5437, loss: 0.5437
2026-09-08 08:42:20,428 - pyskl - INFO - Epoch [9][400/5537]	lr: 1.232e-02, eta: 1 day, 15:46:41, time: 3.269, data_time: 0.000, memory: 5243, top1_acc: 0.8575, top5_acc: 0.9634, loss_cls: 0.4952, loss: 0.4952
2026-09-08 08:47:47,867 - pyskl - INFO - Epoch [9][500/5537]	lr: 1.228e-02, eta: 1 day, 15:41:16, time: 3.274, data_time: 0.000, memory: 5243, top1_acc: 0.8341, top5_acc: 0.9600, loss_cls: 0.5438, loss: 0.5438
2026-09-08 08:53:14,768 - pyskl - INFO - Epoch [9][600/5537]	lr: 1.223e-02, eta: 1 day, 15:35:50, time: 3.269, data_time: 0.000, memory: 5243, top1_acc: 0.8519, top5_acc: 0.9653, loss_cls: 0.5039, loss: 0.5039
2026-09-08 08:58:42,026 - pyskl - INFO - Epoch [9][700/5537]	lr: 1.219e-02, eta: 1 day, 15:30:25, time: 3.273, data_time: 0.000, memory: 5243, top1_acc: 0.8434, top5_acc: 0.9597, loss_cls: 0.5412, loss: 0.5412
2026-09-08 09:04:09,620 - pyskl - INFO - Epoch [9][800/5537]	lr: 1.215e-02, eta: 1 day, 15:25:00, time: 3.276, data_time: 0.000, memory: 5243, top1_acc: 0.8575, top5_acc: 0.9622, loss_cls: 0.4896, loss: 0.4896
2026-09-08 09:09:36,602 - pyskl - INFO - Epoch [9][900/5537]	lr: 1.210e-02, eta: 1 day, 15:19:34, time: 3.270, data_time: 0.000, memory: 5243, top1_acc: 0.8444, top5_acc: 0.9584, loss_cls: 0.5290, loss: 0.5290
2026-09-08 09:15:04,544 - pyskl - INFO - Epoch [9][1000/5537]	lr: 1.206e-02, eta: 1 day, 15:14:10, time: 3.279, data_time: 0.000, memory: 5243, top1_acc: 0.8522, top5_acc: 0.9631, loss_cls: 0.4921, loss: 0.4921
2026-09-08 09:20:33,101 - pyskl - INFO - Epoch [9][1100/5537]	lr: 1.201e-02, eta: 1 day, 15:08:46, time: 3.286, data_time: 0.000, memory: 5243, top1_acc: 0.8462, top5_acc: 0.9616, loss_cls: 0.5049, loss: 0.5049
2026-09-08 09:26:05,173 - pyskl - INFO - Epoch [9][1200/5537]	lr: 1.197e-02, eta: 1 day, 15:03:25, time: 3.321, data_time: 0.000, memory: 5243, top1_acc: 0.8659, top5_acc: 0.9675, loss_cls: 0.4751, loss: 0.4751
2026-09-08 09:31:37,091 - pyskl - INFO - Epoch [9][1300/5537]	lr: 1.192e-02, eta: 1 day, 14:58:04, time: 3.319, data_time: 0.000, memory: 5243, top1_acc: 0.8562, top5_acc: 0.9684, loss_cls: 0.4888, loss: 0.4888
2026-09-08 09:37:08,349 - pyskl - INFO - Epoch [9][1400/5537]	lr: 1.188e-02, eta: 1 day, 14:52:43, time: 3.313, data_time: 0.000, memory: 5243, top1_acc: 0.8488, top5_acc: 0.9691, loss_cls: 0.4903, loss: 0.4903
2026-09-08 09:42:39,291 - pyskl - INFO - Epoch [9][1500/5537]	lr: 1.184e-02, eta: 1 day, 14:47:21, time: 3.309, data_time: 0.000, memory: 5243, top1_acc: 0.8347, top5_acc: 0.9563, loss_cls: 0.5506, loss: 0.5506
2026-09-08 09:48:12,139 - pyskl - INFO - Epoch [9][1600/5537]	lr: 1.179e-02, eta: 1 day, 14:42:00, time: 3.328, data_time: 0.000, memory: 5243, top1_acc: 0.8441, top5_acc: 0.9656, loss_cls: 0.5266, loss: 0.5266
2026-09-08 09:53:45,844 - pyskl - INFO - Epoch [9][1700/5537]	lr: 1.175e-02, eta: 1 day, 14:36:41, time: 3.337, data_time: 0.000, memory: 5243, top1_acc: 0.8444, top5_acc: 0.9575, loss_cls: 0.5482, loss: 0.5482
2026-09-08 09:59:19,021 - pyskl - INFO - Epoch [9][1800/5537]	lr: 1.170e-02, eta: 1 day, 14:31:21, time: 3.332, data_time: 0.000, memory: 5243, top1_acc: 0.8484, top5_acc: 0.9631, loss_cls: 0.5151, loss: 0.5151
2026-09-08 10:04:52,384 - pyskl - INFO - Epoch [9][1900/5537]	lr: 1.166e-02, eta: 1 day, 14:26:01, time: 3.334, data_time: 0.000, memory: 5243, top1_acc: 0.8441, top5_acc: 0.9622, loss_cls: 0.5279, loss: 0.5279
2026-09-08 10:10:25,590 - pyskl - INFO - Epoch [9][2000/5537]	lr: 1.161e-02, eta: 1 day, 14:20:41, time: 3.332, data_time: 0.000, memory: 5243, top1_acc: 0.8488, top5_acc: 0.9653, loss_cls: 0.5131, loss: 0.5131
2026-09-08 10:15:58,124 - pyskl - INFO - Epoch [9][2100/5537]	lr: 1.157e-02, eta: 1 day, 14:15:20, time: 3.325, data_time: 0.000, memory: 5243, top1_acc: 0.8512, top5_acc: 0.9653, loss_cls: 0.5057, loss: 0.5057
2026-09-08 10:21:31,946 - pyskl - INFO - Epoch [9][2200/5537]	lr: 1.153e-02, eta: 1 day, 14:10:01, time: 3.338, data_time: 0.000, memory: 5243, top1_acc: 0.8353, top5_acc: 0.9622, loss_cls: 0.5334, loss: 0.5334
2026-09-08 10:27:04,553 - pyskl - INFO - Epoch [9][2300/5537]	lr: 1.148e-02, eta: 1 day, 14:04:40, time: 3.326, data_time: 0.000, memory: 5243, top1_acc: 0.8484, top5_acc: 0.9650, loss_cls: 0.5023, loss: 0.5023
2026-09-08 10:32:37,457 - pyskl - INFO - Epoch [9][2400/5537]	lr: 1.144e-02, eta: 1 day, 13:59:19, time: 3.329, data_time: 0.000, memory: 5243, top1_acc: 0.8453, top5_acc: 0.9609, loss_cls: 0.5103, loss: 0.5103
2026-09-08 10:38:10,045 - pyskl - INFO - Epoch [9][2500/5537]	lr: 1.139e-02, eta: 1 day, 13:53:58, time: 3.326, data_time: 0.000, memory: 5243, top1_acc: 0.8559, top5_acc: 0.9641, loss_cls: 0.4673, loss: 0.4673
2026-09-08 10:43:42,942 - pyskl - INFO - Epoch [9][2600/5537]	lr: 1.135e-02, eta: 1 day, 13:48:38, time: 3.329, data_time: 0.000, memory: 5243, top1_acc: 0.8425, top5_acc: 0.9644, loss_cls: 0.5181, loss: 0.5181
2026-09-08 10:49:21,926 - pyskl - INFO - Epoch [9][2700/5537]	lr: 1.131e-02, eta: 1 day, 13:43:22, time: 3.390, data_time: 0.000, memory: 5243, top1_acc: 0.8519, top5_acc: 0.9669, loss_cls: 0.4895, loss: 0.4895
2026-09-08 10:55:32,535 - pyskl - INFO - Epoch [9][2800/5537]	lr: 1.126e-02, eta: 1 day, 13:38:35, time: 3.706, data_time: 0.000, memory: 5243, top1_acc: 0.8650, top5_acc: 0.9688, loss_cls: 0.4530, loss: 0.4530
2026-09-08 11:01:43,316 - pyskl - INFO - Epoch [9][2900/5537]	lr: 1.122e-02, eta: 1 day, 13:33:47, time: 3.708, data_time: 0.000, memory: 5243, top1_acc: 0.8531, top5_acc: 0.9672, loss_cls: 0.4938, loss: 0.4938
2026-09-08 11:07:43,380 - pyskl - INFO - Epoch [9][3000/5537]	lr: 1.117e-02, eta: 1 day, 13:28:49, time: 3.601, data_time: 0.000, memory: 5243, top1_acc: 0.8475, top5_acc: 0.9616, loss_cls: 0.5068, loss: 0.5068
2026-09-08 11:12:57,266 - pyskl - INFO - Epoch [9][3100/5537]	lr: 1.113e-02, eta: 1 day, 13:23:11, time: 3.139, data_time: 0.000, memory: 5243, top1_acc: 0.8509, top5_acc: 0.9669, loss_cls: 0.4988, loss: 0.4988
2026-09-08 11:18:11,859 - pyskl - INFO - Epoch [9][3200/5537]	lr: 1.109e-02, eta: 1 day, 13:17:34, time: 3.146, data_time: 0.000, memory: 5243, top1_acc: 0.8562, top5_acc: 0.9603, loss_cls: 0.5074, loss: 0.5074
2026-09-08 11:23:26,061 - pyskl - INFO - Epoch [9][3300/5537]	lr: 1.104e-02, eta: 1 day, 13:11:57, time: 3.142, data_time: 0.000, memory: 5243, top1_acc: 0.8584, top5_acc: 0.9637, loss_cls: 0.4917, loss: 0.4917
2026-09-08 11:28:40,472 - pyskl - INFO - Epoch [9][3400/5537]	lr: 1.100e-02, eta: 1 day, 13:06:20, time: 3.144, data_time: 0.000, memory: 5243, top1_acc: 0.8634, top5_acc: 0.9669, loss_cls: 0.4694, loss: 0.4694
2026-09-08 11:33:54,904 - pyskl - INFO - Epoch [9][3500/5537]	lr: 1.095e-02, eta: 1 day, 13:00:43, time: 3.144, data_time: 0.000, memory: 5243, top1_acc: 0.8644, top5_acc: 0.9684, loss_cls: 0.4601, loss: 0.4601
2026-09-08 11:39:09,724 - pyskl - INFO - Epoch [9][3600/5537]	lr: 1.091e-02, eta: 1 day, 12:55:06, time: 3.148, data_time: 0.000, memory: 5243, top1_acc: 0.8584, top5_acc: 0.9634, loss_cls: 0.4873, loss: 0.4873
2026-09-08 11:44:24,961 - pyskl - INFO - Epoch [9][3700/5537]	lr: 1.087e-02, eta: 1 day, 12:49:30, time: 3.152, data_time: 0.000, memory: 5243, top1_acc: 0.8594, top5_acc: 0.9641, loss_cls: 0.4789, loss: 0.4789
2026-09-08 11:49:40,107 - pyskl - INFO - Epoch [9][3800/5537]	lr: 1.082e-02, eta: 1 day, 12:43:54, time: 3.151, data_time: 0.000, memory: 5243, top1_acc: 0.8475, top5_acc: 0.9569, loss_cls: 0.5177, loss: 0.5177
2026-09-08 11:54:54,842 - pyskl - INFO - Epoch [9][3900/5537]	lr: 1.078e-02, eta: 1 day, 12:38:17, time: 3.147, data_time: 0.000, memory: 5243, top1_acc: 0.8609, top5_acc: 0.9672, loss_cls: 0.4720, loss: 0.4720
2026-09-08 12:00:10,607 - pyskl - INFO - Epoch [9][4000/5537]	lr: 1.073e-02, eta: 1 day, 12:32:42, time: 3.158, data_time: 0.000, memory: 5243, top1_acc: 0.8550, top5_acc: 0.9600, loss_cls: 0.4962, loss: 0.4962
2026-09-08 12:05:29,640 - pyskl - INFO - Epoch [9][4100/5537]	lr: 1.069e-02, eta: 1 day, 12:27:09, time: 3.190, data_time: 0.000, memory: 5243, top1_acc: 0.8666, top5_acc: 0.9678, loss_cls: 0.4743, loss: 0.4743
2026-09-08 12:10:44,546 - pyskl - INFO - Epoch [9][4200/5537]	lr: 1.065e-02, eta: 1 day, 12:21:33, time: 3.149, data_time: 0.000, memory: 5243, top1_acc: 0.8525, top5_acc: 0.9688, loss_cls: 0.4788, loss: 0.4788
2026-09-08 12:15:59,313 - pyskl - INFO - Epoch [9][4300/5537]	lr: 1.060e-02, eta: 1 day, 12:15:57, time: 3.148, data_time: 0.000, memory: 5243, top1_acc: 0.8572, top5_acc: 0.9653, loss_cls: 0.4872, loss: 0.4872
2026-09-08 12:21:12,902 - pyskl - INFO - Epoch [9][4400/5537]	lr: 1.056e-02, eta: 1 day, 12:10:20, time: 3.136, data_time: 0.000, memory: 5243, top1_acc: 0.8428, top5_acc: 0.9631, loss_cls: 0.5096, loss: 0.5096
2026-09-08 12:26:27,232 - pyskl - INFO - Epoch [9][4500/5537]	lr: 1.051e-02, eta: 1 day, 12:04:44, time: 3.143, data_time: 0.000, memory: 5243, top1_acc: 0.8597, top5_acc: 0.9644, loss_cls: 0.4757, loss: 0.4757
2026-09-08 12:31:41,381 - pyskl - INFO - Epoch [9][4600/5537]	lr: 1.047e-02, eta: 1 day, 11:59:07, time: 3.141, data_time: 0.000, memory: 5243, top1_acc: 0.8531, top5_acc: 0.9594, loss_cls: 0.5090, loss: 0.5090
2026-09-08 12:36:55,851 - pyskl - INFO - Epoch [9][4700/5537]	lr: 1.043e-02, eta: 1 day, 11:53:31, time: 3.145, data_time: 0.000, memory: 5243, top1_acc: 0.8544, top5_acc: 0.9650, loss_cls: 0.4732, loss: 0.4732
2026-09-08 12:42:10,840 - pyskl - INFO - Epoch [9][4800/5537]	lr: 1.038e-02, eta: 1 day, 11:47:56, time: 3.150, data_time: 0.000, memory: 5243, top1_acc: 0.8512, top5_acc: 0.9628, loss_cls: 0.4975, loss: 0.4975
2026-09-08 12:47:26,292 - pyskl - INFO - Epoch [9][4900/5537]	lr: 1.034e-02, eta: 1 day, 11:42:21, time: 3.155, data_time: 0.000, memory: 5243, top1_acc: 0.8584, top5_acc: 0.9628, loss_cls: 0.4816, loss: 0.4816
2026-09-08 12:52:41,453 - pyskl - INFO - Epoch [9][5000/5537]	lr: 1.030e-02, eta: 1 day, 11:36:46, time: 3.152, data_time: 0.000, memory: 5243, top1_acc: 0.8503, top5_acc: 0.9637, loss_cls: 0.4976, loss: 0.4976
2026-09-08 12:57:55,432 - pyskl - INFO - Epoch [9][5100/5537]	lr: 1.025e-02, eta: 1 day, 11:31:10, time: 3.140, data_time: 0.000, memory: 5243, top1_acc: 0.8559, top5_acc: 0.9672, loss_cls: 0.4733, loss: 0.4733
2026-09-08 13:03:10,693 - pyskl - INFO - Epoch [9][5200/5537]	lr: 1.021e-02, eta: 1 day, 11:25:35, time: 3.153, data_time: 0.000, memory: 5243, top1_acc: 0.8491, top5_acc: 0.9609, loss_cls: 0.4931, loss: 0.4931
2026-09-08 13:08:26,205 - pyskl - INFO - Epoch [9][5300/5537]	lr: 1.016e-02, eta: 1 day, 11:20:00, time: 3.155, data_time: 0.000, memory: 5243, top1_acc: 0.8578, top5_acc: 0.9622, loss_cls: 0.4738, loss: 0.4738
2026-09-08 13:13:40,824 - pyskl - INFO - Epoch [9][5400/5537]	lr: 1.012e-02, eta: 1 day, 11:14:25, time: 3.146, data_time: 0.000, memory: 5243, top1_acc: 0.8634, top5_acc: 0.9684, loss_cls: 0.4687, loss: 0.4687
2026-09-08 13:18:55,374 - pyskl - INFO - Epoch [9][5500/5537]	lr: 1.008e-02, eta: 1 day, 11:08:50, time: 3.145, data_time: 0.000, memory: 5243, top1_acc: 0.8534, top5_acc: 0.9644, loss_cls: 0.4787, loss: 0.4787
2026-09-08 13:20:51,655 - pyskl - INFO - Saving checkpoint at 9 epochs
2026-09-08 13:29:30,452 - pyskl - INFO - Evaluating top_k_accuracy ...
2026-09-08 13:29:30,469 - pyskl - INFO - 
top1_acc	0.8623
top5_acc	0.9830
2026-09-08 13:29:30,471 - pyskl - INFO - The previous best checkpoint D:\YXJProject\pythonProject\pyskl\work_dirs\aug_baseline\stgcnpp_j\train\A6_mixed_p0.3\best_top1_acc_epoch_8.pth was removed
2026-09-08 13:29:30,613 - pyskl - INFO - Now best checkpoint is saved as best_top1_acc_epoch_9.pth.
2026-09-08 13:29:30,613 - pyskl - INFO - Best top1_acc is 0.8623 at 9 epoch.
2026-09-08 13:29:30,615 - pyskl - INFO - Epoch(val) [9][146]	top1_acc: 0.8623, top5_acc: 0.9830
2026-09-08 13:34:58,933 - pyskl - INFO - Epoch [10][100/5537]	lr: 1.002e-02, eta: 1 day, 10:59:51, time: 3.283, data_time: 0.111, memory: 5243, top1_acc: 0.8634, top5_acc: 0.9694, loss_cls: 0.4673, loss: 0.4673
2026-09-08 13:40:15,547 - pyskl - INFO - Epoch [10][200/5537]	lr: 9.975e-03, eta: 1 day, 10:54:18, time: 3.166, data_time: 0.000, memory: 5243, top1_acc: 0.8422, top5_acc: 0.9622, loss_cls: 0.5168, loss: 0.5168
2026-09-08 13:45:31,994 - pyskl - INFO - Epoch [10][300/5537]	lr: 9.932e-03, eta: 1 day, 10:48:45, time: 3.164, data_time: 0.000, memory: 5243, top1_acc: 0.8659, top5_acc: 0.9678, loss_cls: 0.4696, loss: 0.4696
2026-09-08 13:50:45,583 - pyskl - INFO - Epoch [10][400/5537]	lr: 9.888e-03, eta: 1 day, 10:43:10, time: 3.136, data_time: 0.000, memory: 5243, top1_acc: 0.8591, top5_acc: 0.9653, loss_cls: 0.4896, loss: 0.4896
2026-09-08 13:55:58,990 - pyskl - INFO - Epoch [10][500/5537]	lr: 9.845e-03, eta: 1 day, 10:37:35, time: 3.134, data_time: 0.000, memory: 5243, top1_acc: 0.8588, top5_acc: 0.9609, loss_cls: 0.4745, loss: 0.4745
2026-09-08 14:01:13,056 - pyskl - INFO - Epoch [10][600/5537]	lr: 9.802e-03, eta: 1 day, 10:32:00, time: 3.141, data_time: 0.000, memory: 5243, top1_acc: 0.8662, top5_acc: 0.9681, loss_cls: 0.4451, loss: 0.4451
2026-09-08 14:06:28,457 - pyskl - INFO - Epoch [10][700/5537]	lr: 9.758e-03, eta: 1 day, 10:26:26, time: 3.154, data_time: 0.000, memory: 5243, top1_acc: 0.8531, top5_acc: 0.9656, loss_cls: 0.4806, loss: 0.4806
2026-09-08 14:11:50,954 - pyskl - INFO - Epoch [10][800/5537]	lr: 9.715e-03, eta: 1 day, 10:20:58, time: 3.225, data_time: 0.000, memory: 5243, top1_acc: 0.8659, top5_acc: 0.9656, loss_cls: 0.4649, loss: 0.4649
2026-09-08 14:17:20,830 - pyskl - INFO - Epoch [10][900/5537]	lr: 9.672e-03, eta: 1 day, 10:15:35, time: 3.299, data_time: 0.000, memory: 5243, top1_acc: 0.8700, top5_acc: 0.9653, loss_cls: 0.4508, loss: 0.4508
2026-09-08 14:22:51,683 - pyskl - INFO - Epoch [10][1000/5537]	lr: 9.629e-03, eta: 1 day, 10:10:13, time: 3.309, data_time: 0.000, memory: 5243, top1_acc: 0.8559, top5_acc: 0.9659, loss_cls: 0.4838, loss: 0.4838
2026-09-08 14:28:22,013 - pyskl - INFO - Epoch [10][1100/5537]	lr: 9.586e-03, eta: 1 day, 10:04:51, time: 3.303, data_time: 0.000, memory: 5243, top1_acc: 0.8675, top5_acc: 0.9631, loss_cls: 0.4639, loss: 0.4639
2026-09-08 14:33:52,205 - pyskl - INFO - Epoch [10][1200/5537]	lr: 9.542e-03, eta: 1 day, 9:59:28, time: 3.302, data_time: 0.000, memory: 5243, top1_acc: 0.8681, top5_acc: 0.9691, loss_cls: 0.4580, loss: 0.4580
2026-09-08 14:39:22,008 - pyskl - INFO - Epoch [10][1300/5537]	lr: 9.499e-03, eta: 1 day, 9:54:05, time: 3.298, data_time: 0.000, memory: 5243, top1_acc: 0.8703, top5_acc: 0.9700, loss_cls: 0.4434, loss: 0.4434
2026-09-08 14:44:52,143 - pyskl - INFO - Epoch [10][1400/5537]	lr: 9.456e-03, eta: 1 day, 9:48:43, time: 3.301, data_time: 0.000, memory: 5243, top1_acc: 0.8588, top5_acc: 0.9691, loss_cls: 0.4698, loss: 0.4698
2026-09-08 14:50:21,915 - pyskl - INFO - Epoch [10][1500/5537]	lr: 9.413e-03, eta: 1 day, 9:43:20, time: 3.298, data_time: 0.000, memory: 5243, top1_acc: 0.8559, top5_acc: 0.9697, loss_cls: 0.4739, loss: 0.4739
2026-09-08 14:55:51,224 - pyskl - INFO - Epoch [10][1600/5537]	lr: 9.370e-03, eta: 1 day, 9:37:56, time: 3.293, data_time: 0.000, memory: 5243, top1_acc: 0.8725, top5_acc: 0.9688, loss_cls: 0.4385, loss: 0.4385
2026-09-08 15:01:21,940 - pyskl - INFO - Epoch [10][1700/5537]	lr: 9.328e-03, eta: 1 day, 9:32:34, time: 3.307, data_time: 0.000, memory: 5243, top1_acc: 0.8497, top5_acc: 0.9591, loss_cls: 0.4970, loss: 0.4970
2026-09-08 15:06:52,067 - pyskl - INFO - Epoch [10][1800/5537]	lr: 9.285e-03, eta: 1 day, 9:27:11, time: 3.301, data_time: 0.000, memory: 5243, top1_acc: 0.8659, top5_acc: 0.9688, loss_cls: 0.4450, loss: 0.4450
2026-09-08 15:12:22,739 - pyskl - INFO - Epoch [10][1900/5537]	lr: 9.242e-03, eta: 1 day, 9:21:49, time: 3.307, data_time: 0.000, memory: 5243, top1_acc: 0.8609, top5_acc: 0.9722, loss_cls: 0.4575, loss: 0.4575
2026-09-08 15:17:52,686 - pyskl - INFO - Epoch [10][2000/5537]	lr: 9.199e-03, eta: 1 day, 9:16:26, time: 3.299, data_time: 0.000, memory: 5243, top1_acc: 0.8656, top5_acc: 0.9734, loss_cls: 0.4458, loss: 0.4458
2026-09-08 15:23:21,609 - pyskl - INFO - Epoch [10][2100/5537]	lr: 9.156e-03, eta: 1 day, 9:11:02, time: 3.289, data_time: 0.000, memory: 5243, top1_acc: 0.8638, top5_acc: 0.9641, loss_cls: 0.4754, loss: 0.4754
2026-09-08 15:28:50,426 - pyskl - INFO - Epoch [10][2200/5537]	lr: 9.114e-03, eta: 1 day, 9:05:38, time: 3.288, data_time: 0.000, memory: 5243, top1_acc: 0.8600, top5_acc: 0.9659, loss_cls: 0.4647, loss: 0.4647
2026-09-08 15:34:20,476 - pyskl - INFO - Epoch [10][2300/5537]	lr: 9.071e-03, eta: 1 day, 9:00:15, time: 3.300, data_time: 0.000, memory: 5243, top1_acc: 0.8656, top5_acc: 0.9675, loss_cls: 0.4593, loss: 0.4593
2026-09-08 15:39:51,201 - pyskl - INFO - Epoch [10][2400/5537]	lr: 9.028e-03, eta: 1 day, 8:54:53, time: 3.307, data_time: 0.000, memory: 5243, top1_acc: 0.8597, top5_acc: 0.9581, loss_cls: 0.4882, loss: 0.4882
2026-09-08 15:45:21,434 - pyskl - INFO - Epoch [10][2500/5537]	lr: 8.986e-03, eta: 1 day, 8:49:30, time: 3.302, data_time: 0.000, memory: 5243, top1_acc: 0.8638, top5_acc: 0.9637, loss_cls: 0.4683, loss: 0.4683
2026-09-08 15:50:50,899 - pyskl - INFO - Epoch [10][2600/5537]	lr: 8.943e-03, eta: 1 day, 8:44:07, time: 3.295, data_time: 0.000, memory: 5243, top1_acc: 0.8628, top5_acc: 0.9659, loss_cls: 0.4709, loss: 0.4709
2026-09-08 15:56:20,253 - pyskl - INFO - Epoch [10][2700/5537]	lr: 8.901e-03, eta: 1 day, 8:38:43, time: 3.294, data_time: 0.000, memory: 5243, top1_acc: 0.8603, top5_acc: 0.9613, loss_cls: 0.4759, loss: 0.4759
2026-09-08 16:01:50,047 - pyskl - INFO - Epoch [10][2800/5537]	lr: 8.859e-03, eta: 1 day, 8:33:20, time: 3.298, data_time: 0.000, memory: 5243, top1_acc: 0.8809, top5_acc: 0.9678, loss_cls: 0.4231, loss: 0.4231
2026-09-08 16:07:20,418 - pyskl - INFO - Epoch [10][2900/5537]	lr: 8.816e-03, eta: 1 day, 8:27:57, time: 3.304, data_time: 0.000, memory: 5243, top1_acc: 0.8784, top5_acc: 0.9700, loss_cls: 0.4178, loss: 0.4178
2026-09-08 16:12:50,424 - pyskl - INFO - Epoch [10][3000/5537]	lr: 8.774e-03, eta: 1 day, 8:22:34, time: 3.300, data_time: 0.000, memory: 5243, top1_acc: 0.8731, top5_acc: 0.9700, loss_cls: 0.4290, loss: 0.4290
2026-09-08 16:18:20,759 - pyskl - INFO - Epoch [10][3100/5537]	lr: 8.732e-03, eta: 1 day, 8:17:11, time: 3.303, data_time: 0.000, memory: 5243, top1_acc: 0.8588, top5_acc: 0.9644, loss_cls: 0.4746, loss: 0.4746
2026-09-08 16:23:50,976 - pyskl - INFO - Epoch [10][3200/5537]	lr: 8.689e-03, eta: 1 day, 8:11:48, time: 3.302, data_time: 0.000, memory: 5243, top1_acc: 0.8681, top5_acc: 0.9663, loss_cls: 0.4498, loss: 0.4498
2026-09-08 16:29:21,106 - pyskl - INFO - Epoch [10][3300/5537]	lr: 8.647e-03, eta: 1 day, 8:06:24, time: 3.301, data_time: 0.000, memory: 5243, top1_acc: 0.8775, top5_acc: 0.9703, loss_cls: 0.4161, loss: 0.4161
2026-09-08 16:34:51,205 - pyskl - INFO - Epoch [10][3400/5537]	lr: 8.605e-03, eta: 1 day, 8:01:01, time: 3.301, data_time: 0.000, memory: 5243, top1_acc: 0.8647, top5_acc: 0.9659, loss_cls: 0.4713, loss: 0.4713
2026-09-08 16:40:21,404 - pyskl - INFO - Epoch [10][3500/5537]	lr: 8.563e-03, eta: 1 day, 7:55:38, time: 3.302, data_time: 0.000, memory: 5243, top1_acc: 0.8556, top5_acc: 0.9678, loss_cls: 0.4763, loss: 0.4763
2026-09-08 16:45:51,819 - pyskl - INFO - Epoch [10][3600/5537]	lr: 8.521e-03, eta: 1 day, 7:50:15, time: 3.304, data_time: 0.000, memory: 5243, top1_acc: 0.8675, top5_acc: 0.9666, loss_cls: 0.4261, loss: 0.4261
2026-09-08 16:51:21,507 - pyskl - INFO - Epoch [10][3700/5537]	lr: 8.479e-03, eta: 1 day, 7:44:51, time: 3.297, data_time: 0.000, memory: 5243, top1_acc: 0.8631, top5_acc: 0.9647, loss_cls: 0.4563, loss: 0.4563
2026-09-08 16:56:51,081 - pyskl - INFO - Epoch [10][3800/5537]	lr: 8.437e-03, eta: 1 day, 7:39:28, time: 3.296, data_time: 0.000, memory: 5243, top1_acc: 0.8638, top5_acc: 0.9681, loss_cls: 0.4575, loss: 0.4575
2026-09-08 17:02:21,655 - pyskl - INFO - Epoch [10][3900/5537]	lr: 8.395e-03, eta: 1 day, 7:34:05, time: 3.306, data_time: 0.000, memory: 5243, top1_acc: 0.8703, top5_acc: 0.9663, loss_cls: 0.4388, loss: 0.4388
2026-09-08 17:07:51,564 - pyskl - INFO - Epoch [10][4000/5537]	lr: 8.353e-03, eta: 1 day, 7:28:41, time: 3.299, data_time: 0.000, memory: 5243, top1_acc: 0.8794, top5_acc: 0.9716, loss_cls: 0.4050, loss: 0.4050
2026-09-08 17:13:21,505 - pyskl - INFO - Epoch [10][4100/5537]	lr: 8.311e-03, eta: 1 day, 7:23:18, time: 3.299, data_time: 0.000, memory: 5243, top1_acc: 0.8650, top5_acc: 0.9628, loss_cls: 0.4676, loss: 0.4676
2026-09-08 17:18:52,448 - pyskl - INFO - Epoch [10][4200/5537]	lr: 8.270e-03, eta: 1 day, 7:17:55, time: 3.309, data_time: 0.000, memory: 5243, top1_acc: 0.8722, top5_acc: 0.9688, loss_cls: 0.4449, loss: 0.4449
2026-09-08 17:24:23,005 - pyskl - INFO - Epoch [10][4300/5537]	lr: 8.228e-03, eta: 1 day, 7:12:32, time: 3.306, data_time: 0.000, memory: 5243, top1_acc: 0.8675, top5_acc: 0.9703, loss_cls: 0.4396, loss: 0.4396
2026-09-08 17:29:53,311 - pyskl - INFO - Epoch [10][4400/5537]	lr: 8.186e-03, eta: 1 day, 7:07:08, time: 3.303, data_time: 0.000, memory: 5243, top1_acc: 0.8738, top5_acc: 0.9706, loss_cls: 0.4270, loss: 0.4270
2026-09-08 17:35:26,926 - pyskl - INFO - Epoch [10][4500/5537]	lr: 8.145e-03, eta: 1 day, 7:01:47, time: 3.336, data_time: 0.000, memory: 5243, top1_acc: 0.8734, top5_acc: 0.9744, loss_cls: 0.4242, loss: 0.4242
2026-09-08 17:40:57,169 - pyskl - INFO - Epoch [10][4600/5537]	lr: 8.103e-03, eta: 1 day, 6:56:24, time: 3.302, data_time: 0.000, memory: 5243, top1_acc: 0.8756, top5_acc: 0.9641, loss_cls: 0.4313, loss: 0.4313
2026-09-08 17:46:28,465 - pyskl - INFO - Epoch [10][4700/5537]	lr: 8.062e-03, eta: 1 day, 6:51:01, time: 3.313, data_time: 0.000, memory: 5243, top1_acc: 0.8694, top5_acc: 0.9681, loss_cls: 0.4597, loss: 0.4597
2026-09-08 17:51:58,561 - pyskl - INFO - Epoch [10][4800/5537]	lr: 8.020e-03, eta: 1 day, 6:45:37, time: 3.301, data_time: 0.000, memory: 5243, top1_acc: 0.8638, top5_acc: 0.9659, loss_cls: 0.4546, loss: 0.4546
2026-09-08 17:57:28,850 - pyskl - INFO - Epoch [10][4900/5537]	lr: 7.979e-03, eta: 1 day, 6:40:14, time: 3.303, data_time: 0.000, memory: 5243, top1_acc: 0.8694, top5_acc: 0.9669, loss_cls: 0.4450, loss: 0.4450
2026-09-08 18:02:59,960 - pyskl - INFO - Epoch [10][5000/5537]	lr: 7.938e-03, eta: 1 day, 6:34:51, time: 3.311, data_time: 0.000, memory: 5243, top1_acc: 0.8750, top5_acc: 0.9703, loss_cls: 0.4337, loss: 0.4337
2026-09-08 18:08:29,582 - pyskl - INFO - Epoch [10][5100/5537]	lr: 7.896e-03, eta: 1 day, 6:29:27, time: 3.296, data_time: 0.000, memory: 5243, top1_acc: 0.8675, top5_acc: 0.9659, loss_cls: 0.4564, loss: 0.4564
2026-09-08 18:14:00,013 - pyskl - INFO - Epoch [10][5200/5537]	lr: 7.855e-03, eta: 1 day, 6:24:03, time: 3.304, data_time: 0.000, memory: 5243, top1_acc: 0.8831, top5_acc: 0.9688, loss_cls: 0.4157, loss: 0.4157
2026-09-08 18:19:32,421 - pyskl - INFO - Epoch [10][5300/5537]	lr: 7.814e-03, eta: 1 day, 6:18:41, time: 3.324, data_time: 0.000, memory: 5243, top1_acc: 0.8734, top5_acc: 0.9694, loss_cls: 0.4423, loss: 0.4423
2026-09-08 18:25:02,834 - pyskl - INFO - Epoch [10][5400/5537]	lr: 7.773e-03, eta: 1 day, 6:13:17, time: 3.304, data_time: 0.000, memory: 5243, top1_acc: 0.8794, top5_acc: 0.9725, loss_cls: 0.4283, loss: 0.4283
2026-09-08 18:30:32,872 - pyskl - INFO - Epoch [10][5500/5537]	lr: 7.732e-03, eta: 1 day, 6:07:54, time: 3.300, data_time: 0.000, memory: 5243, top1_acc: 0.8703, top5_acc: 0.9681, loss_cls: 0.4390, loss: 0.4390
2026-09-08 18:32:35,066 - pyskl - INFO - Saving checkpoint at 10 epochs
2026-09-08 18:41:32,060 - pyskl - INFO - Evaluating top_k_accuracy ...
2026-09-08 18:41:32,077 - pyskl - INFO - 
top1_acc	0.8709
top5_acc	0.9809
2026-09-08 18:41:32,079 - pyskl - INFO - The previous best checkpoint D:\YXJProject\pythonProject\pyskl\work_dirs\aug_baseline\stgcnpp_j\train\A6_mixed_p0.3\best_top1_acc_epoch_9.pth was removed
2026-09-08 18:41:32,219 - pyskl - INFO - Now best checkpoint is saved as best_top1_acc_epoch_10.pth.
2026-09-08 18:41:32,220 - pyskl - INFO - Best top1_acc is 0.8709 at 10 epoch.
2026-09-08 18:41:32,221 - pyskl - INFO - Epoch(val) [10][146]	top1_acc: 0.8709, top5_acc: 0.9809
2026-09-08 18:47:16,706 - pyskl - INFO - Epoch [11][100/5537]	lr: 7.676e-03, eta: 1 day, 5:59:26, time: 3.445, data_time: 0.114, memory: 5243, top1_acc: 0.8834, top5_acc: 0.9741, loss_cls: 0.4007, loss: 0.4007
2026-09-08 18:52:47,090 - pyskl - INFO - Epoch [11][200/5537]	lr: 7.635e-03, eta: 1 day, 5:54:02, time: 3.304, data_time: 0.000, memory: 5243, top1_acc: 0.8866, top5_acc: 0.9741, loss_cls: 0.4012, loss: 0.4012
2026-09-08 18:58:16,975 - pyskl - INFO - Epoch [11][300/5537]	lr: 7.594e-03, eta: 1 day, 5:48:39, time: 3.299, data_time: 0.000, memory: 5243, top1_acc: 0.8722, top5_acc: 0.9631, loss_cls: 0.4353, loss: 0.4353
2026-09-08 19:03:47,968 - pyskl - INFO - Epoch [11][400/5537]	lr: 7.554e-03, eta: 1 day, 5:43:16, time: 3.310, data_time: 0.000, memory: 5243, top1_acc: 0.8825, top5_acc: 0.9722, loss_cls: 0.3988, loss: 0.3988
2026-09-08 19:09:18,483 - pyskl - INFO - Epoch [11][500/5537]	lr: 7.513e-03, eta: 1 day, 5:37:52, time: 3.305, data_time: 0.000, memory: 5243, top1_acc: 0.8838, top5_acc: 0.9719, loss_cls: 0.4037, loss: 0.4037
2026-09-08 19:14:49,116 - pyskl - INFO - Epoch [11][600/5537]	lr: 7.472e-03, eta: 1 day, 5:32:29, time: 3.306, data_time: 0.000, memory: 5243, top1_acc: 0.8859, top5_acc: 0.9722, loss_cls: 0.4172, loss: 0.4172
2026-09-08 19:20:19,787 - pyskl - INFO - Epoch [11][700/5537]	lr: 7.432e-03, eta: 1 day, 5:27:06, time: 3.307, data_time: 0.000, memory: 5243, top1_acc: 0.8747, top5_acc: 0.9694, loss_cls: 0.4310, loss: 0.4310
2026-09-08 19:25:50,457 - pyskl - INFO - Epoch [11][800/5537]	lr: 7.391e-03, eta: 1 day, 5:21:42, time: 3.307, data_time: 0.000, memory: 5243, top1_acc: 0.8797, top5_acc: 0.9762, loss_cls: 0.4006, loss: 0.4006
2026-09-08 19:31:21,142 - pyskl - INFO - Epoch [11][900/5537]	lr: 7.351e-03, eta: 1 day, 5:16:19, time: 3.307, data_time: 0.000, memory: 5243, top1_acc: 0.8866, top5_acc: 0.9738, loss_cls: 0.3802, loss: 0.3802
2026-09-08 19:36:52,557 - pyskl - INFO - Epoch [11][1000/5537]	lr: 7.310e-03, eta: 1 day, 5:10:56, time: 3.314, data_time: 0.000, memory: 5243, top1_acc: 0.8803, top5_acc: 0.9691, loss_cls: 0.4091, loss: 0.4091
2026-09-08 19:42:23,462 - pyskl - INFO - Epoch [11][1100/5537]	lr: 7.270e-03, eta: 1 day, 5:05:33, time: 3.309, data_time: 0.000, memory: 5243, top1_acc: 0.8741, top5_acc: 0.9716, loss_cls: 0.4117, loss: 0.4117
2026-09-08 19:47:55,339 - pyskl - INFO - Epoch [11][1200/5537]	lr: 7.230e-03, eta: 1 day, 5:00:10, time: 3.319, data_time: 0.000, memory: 5243, top1_acc: 0.8906, top5_acc: 0.9744, loss_cls: 0.3771, loss: 0.3771
2026-09-08 19:53:25,987 - pyskl - INFO - Epoch [11][1300/5537]	lr: 7.190e-03, eta: 1 day, 4:54:47, time: 3.306, data_time: 0.000, memory: 5243, top1_acc: 0.8853, top5_acc: 0.9706, loss_cls: 0.4066, loss: 0.4066
2026-09-08 19:58:56,549 - pyskl - INFO - Epoch [11][1400/5537]	lr: 7.150e-03, eta: 1 day, 4:49:23, time: 3.306, data_time: 0.000, memory: 5243, top1_acc: 0.8788, top5_acc: 0.9741, loss_cls: 0.4004, loss: 0.4004
2026-09-08 20:04:28,056 - pyskl - INFO - Epoch [11][1500/5537]	lr: 7.110e-03, eta: 1 day, 4:44:00, time: 3.315, data_time: 0.000, memory: 5243, top1_acc: 0.8884, top5_acc: 0.9753, loss_cls: 0.3911, loss: 0.3911
2026-09-08 20:09:58,341 - pyskl - INFO - Epoch [11][1600/5537]	lr: 7.070e-03, eta: 1 day, 4:38:36, time: 3.303, data_time: 0.000, memory: 5243, top1_acc: 0.8872, top5_acc: 0.9703, loss_cls: 0.4018, loss: 0.4018
2026-09-08 20:15:29,707 - pyskl - INFO - Epoch [11][1700/5537]	lr: 7.030e-03, eta: 1 day, 4:33:13, time: 3.314, data_time: 0.000, memory: 5243, top1_acc: 0.8866, top5_acc: 0.9738, loss_cls: 0.3765, loss: 0.3765
2026-09-08 20:21:00,874 - pyskl - INFO - Epoch [11][1800/5537]	lr: 6.990e-03, eta: 1 day, 4:27:50, time: 3.312, data_time: 0.000, memory: 5243, top1_acc: 0.8862, top5_acc: 0.9706, loss_cls: 0.4000, loss: 0.4000
2026-09-08 20:26:31,400 - pyskl - INFO - Epoch [11][1900/5537]	lr: 6.950e-03, eta: 1 day, 4:22:26, time: 3.305, data_time: 0.000, memory: 5243, top1_acc: 0.8775, top5_acc: 0.9731, loss_cls: 0.4045, loss: 0.4045
2026-09-08 20:32:02,768 - pyskl - INFO - Epoch [11][2000/5537]	lr: 6.911e-03, eta: 1 day, 4:17:03, time: 3.314, data_time: 0.000, memory: 5243, top1_acc: 0.8838, top5_acc: 0.9666, loss_cls: 0.4049, loss: 0.4049
2026-09-08 20:37:34,316 - pyskl - INFO - Epoch [11][2100/5537]	lr: 6.871e-03, eta: 1 day, 4:11:40, time: 3.315, data_time: 0.000, memory: 5243, top1_acc: 0.8894, top5_acc: 0.9700, loss_cls: 0.3907, loss: 0.3907
2026-09-08 20:43:05,244 - pyskl - INFO - Epoch [11][2200/5537]	lr: 6.831e-03, eta: 1 day, 4:06:16, time: 3.309, data_time: 0.000, memory: 5243, top1_acc: 0.8853, top5_acc: 0.9691, loss_cls: 0.4031, loss: 0.4031
2026-09-08 20:48:35,441 - pyskl - INFO - Epoch [11][2300/5537]	lr: 6.792e-03, eta: 1 day, 4:00:52, time: 3.302, data_time: 0.000, memory: 5243, top1_acc: 0.8925, top5_acc: 0.9750, loss_cls: 0.3890, loss: 0.3890
2026-09-08 20:54:04,619 - pyskl - INFO - Epoch [11][2400/5537]	lr: 6.752e-03, eta: 1 day, 3:55:27, time: 3.292, data_time: 0.000, memory: 5243, top1_acc: 0.8819, top5_acc: 0.9703, loss_cls: 0.3927, loss: 0.3927
2026-09-08 20:59:34,949 - pyskl - INFO - Epoch [11][2500/5537]	lr: 6.713e-03, eta: 1 day, 3:50:04, time: 3.303, data_time: 0.000, memory: 5243, top1_acc: 0.8875, top5_acc: 0.9766, loss_cls: 0.3911, loss: 0.3911
2026-09-08 21:05:05,400 - pyskl - INFO - Epoch [11][2600/5537]	lr: 6.674e-03, eta: 1 day, 3:44:40, time: 3.305, data_time: 0.000, memory: 5243, top1_acc: 0.8828, top5_acc: 0.9700, loss_cls: 0.3988, loss: 0.3988
2026-09-08 21:10:36,054 - pyskl - INFO - Epoch [11][2700/5537]	lr: 6.635e-03, eta: 1 day, 3:39:16, time: 3.307, data_time: 0.000, memory: 5243, top1_acc: 0.8931, top5_acc: 0.9781, loss_cls: 0.3673, loss: 0.3673
2026-09-08 21:16:07,096 - pyskl - INFO - Epoch [11][2800/5537]	lr: 6.596e-03, eta: 1 day, 3:33:52, time: 3.310, data_time: 0.000, memory: 5243, top1_acc: 0.8866, top5_acc: 0.9706, loss_cls: 0.3885, loss: 0.3885
2026-09-08 21:21:37,712 - pyskl - INFO - Epoch [11][2900/5537]	lr: 6.557e-03, eta: 1 day, 3:28:28, time: 3.306, data_time: 0.000, memory: 5243, top1_acc: 0.8800, top5_acc: 0.9716, loss_cls: 0.4074, loss: 0.4074
2026-09-08 21:27:08,532 - pyskl - INFO - Epoch [11][3000/5537]	lr: 6.518e-03, eta: 1 day, 3:23:04, time: 3.308, data_time: 0.000, memory: 5243, top1_acc: 0.8934, top5_acc: 0.9709, loss_cls: 0.3772, loss: 0.3772
2026-09-08 21:32:38,547 - pyskl - INFO - Epoch [11][3100/5537]	lr: 6.479e-03, eta: 1 day, 3:17:40, time: 3.300, data_time: 0.000, memory: 5243, top1_acc: 0.8969, top5_acc: 0.9769, loss_cls: 0.3584, loss: 0.3584
2026-09-08 21:38:09,598 - pyskl - INFO - Epoch [11][3200/5537]	lr: 6.440e-03, eta: 1 day, 3:12:17, time: 3.310, data_time: 0.000, memory: 5243, top1_acc: 0.8850, top5_acc: 0.9694, loss_cls: 0.3902, loss: 0.3902
2026-09-08 21:43:40,537 - pyskl - INFO - Epoch [11][3300/5537]	lr: 6.401e-03, eta: 1 day, 3:06:53, time: 3.309, data_time: 0.000, memory: 5243, top1_acc: 0.8884, top5_acc: 0.9731, loss_cls: 0.3921, loss: 0.3921
2026-09-08 21:49:10,814 - pyskl - INFO - Epoch [11][3400/5537]	lr: 6.363e-03, eta: 1 day, 3:01:29, time: 3.303, data_time: 0.000, memory: 5243, top1_acc: 0.8800, top5_acc: 0.9684, loss_cls: 0.4181, loss: 0.4181
2026-09-08 21:54:40,572 - pyskl - INFO - Epoch [11][3500/5537]	lr: 6.324e-03, eta: 1 day, 2:56:04, time: 3.298, data_time: 0.000, memory: 5243, top1_acc: 0.8972, top5_acc: 0.9738, loss_cls: 0.3775, loss: 0.3775
2026-09-08 22:00:11,003 - pyskl - INFO - Epoch [11][3600/5537]	lr: 6.285e-03, eta: 1 day, 2:50:40, time: 3.304, data_time: 0.000, memory: 5243, top1_acc: 0.8831, top5_acc: 0.9719, loss_cls: 0.3965, loss: 0.3965
2026-09-08 22:05:41,908 - pyskl - INFO - Epoch [11][3700/5537]	lr: 6.247e-03, eta: 1 day, 2:45:16, time: 3.309, data_time: 0.000, memory: 5243, top1_acc: 0.8975, top5_acc: 0.9766, loss_cls: 0.3611, loss: 0.3611
2026-09-08 22:11:12,332 - pyskl - INFO - Epoch [11][3800/5537]	lr: 6.209e-03, eta: 1 day, 2:39:52, time: 3.304, data_time: 0.000, memory: 5243, top1_acc: 0.8959, top5_acc: 0.9738, loss_cls: 0.3667, loss: 0.3667
2026-09-08 22:16:42,701 - pyskl - INFO - Epoch [11][3900/5537]	lr: 6.170e-03, eta: 1 day, 2:34:28, time: 3.304, data_time: 0.000, memory: 5243, top1_acc: 0.8941, top5_acc: 0.9681, loss_cls: 0.3570, loss: 0.3570
2026-09-08 22:22:12,735 - pyskl - INFO - Epoch [11][4000/5537]	lr: 6.132e-03, eta: 1 day, 2:29:03, time: 3.300, data_time: 0.000, memory: 5243, top1_acc: 0.8859, top5_acc: 0.9694, loss_cls: 0.3930, loss: 0.3930
2026-09-08 22:27:43,026 - pyskl - INFO - Epoch [11][4100/5537]	lr: 6.094e-03, eta: 1 day, 2:23:39, time: 3.303, data_time: 0.000, memory: 5243, top1_acc: 0.9006, top5_acc: 0.9778, loss_cls: 0.3400, loss: 0.3400
2026-09-08 22:33:13,463 - pyskl - INFO - Epoch [11][4200/5537]	lr: 6.056e-03, eta: 1 day, 2:18:15, time: 3.304, data_time: 0.000, memory: 5243, top1_acc: 0.8912, top5_acc: 0.9731, loss_cls: 0.3607, loss: 0.3607
2026-09-08 22:38:44,597 - pyskl - INFO - Epoch [11][4300/5537]	lr: 6.018e-03, eta: 1 day, 2:12:51, time: 3.311, data_time: 0.000, memory: 5243, top1_acc: 0.8975, top5_acc: 0.9747, loss_cls: 0.3459, loss: 0.3459
2026-09-08 22:44:15,287 - pyskl - INFO - Epoch [11][4400/5537]	lr: 5.980e-03, eta: 1 day, 2:07:27, time: 3.307, data_time: 0.000, memory: 5243, top1_acc: 0.8962, top5_acc: 0.9759, loss_cls: 0.3586, loss: 0.3586
2026-09-08 22:49:47,516 - pyskl - INFO - Epoch [11][4500/5537]	lr: 5.943e-03, eta: 1 day, 2:02:03, time: 3.322, data_time: 0.000, memory: 5243, top1_acc: 0.8834, top5_acc: 0.9694, loss_cls: 0.3811, loss: 0.3811
2026-09-08 22:55:18,783 - pyskl - INFO - Epoch [11][4600/5537]	lr: 5.905e-03, eta: 1 day, 1:56:39, time: 3.313, data_time: 0.000, memory: 5243, top1_acc: 0.8866, top5_acc: 0.9675, loss_cls: 0.3932, loss: 0.3932
2026-09-08 23:00:49,659 - pyskl - INFO - Epoch [11][4700/5537]	lr: 5.867e-03, eta: 1 day, 1:51:15, time: 3.309, data_time: 0.000, memory: 5243, top1_acc: 0.8984, top5_acc: 0.9722, loss_cls: 0.3603, loss: 0.3603
2026-09-08 23:06:21,255 - pyskl - INFO - Epoch [11][4800/5537]	lr: 5.830e-03, eta: 1 day, 1:45:51, time: 3.316, data_time: 0.000, memory: 5243, top1_acc: 0.8978, top5_acc: 0.9744, loss_cls: 0.3686, loss: 0.3686
2026-09-08 23:11:51,394 - pyskl - INFO - Epoch [11][4900/5537]	lr: 5.792e-03, eta: 1 day, 1:40:27, time: 3.301, data_time: 0.000, memory: 5243, top1_acc: 0.8988, top5_acc: 0.9766, loss_cls: 0.3543, loss: 0.3543
2026-09-08 23:17:22,968 - pyskl - INFO - Epoch [11][5000/5537]	lr: 5.755e-03, eta: 1 day, 1:35:03, time: 3.316, data_time: 0.000, memory: 5243, top1_acc: 0.8897, top5_acc: 0.9684, loss_cls: 0.3901, loss: 0.3901
2026-09-08 23:22:52,403 - pyskl - INFO - Epoch [11][5100/5537]	lr: 5.718e-03, eta: 1 day, 1:29:38, time: 3.294, data_time: 0.000, memory: 5243, top1_acc: 0.8906, top5_acc: 0.9719, loss_cls: 0.3874, loss: 0.3874
2026-09-08 23:28:21,885 - pyskl - INFO - Epoch [11][5200/5537]	lr: 5.680e-03, eta: 1 day, 1:24:13, time: 3.295, data_time: 0.000, memory: 5243, top1_acc: 0.8897, top5_acc: 0.9741, loss_cls: 0.3644, loss: 0.3644
2026-09-08 23:33:51,747 - pyskl - INFO - Epoch [11][5300/5537]	lr: 5.643e-03, eta: 1 day, 1:18:48, time: 3.299, data_time: 0.000, memory: 5243, top1_acc: 0.8997, top5_acc: 0.9697, loss_cls: 0.3686, loss: 0.3686
2026-09-08 23:39:22,456 - pyskl - INFO - Epoch [11][5400/5537]	lr: 5.606e-03, eta: 1 day, 1:13:24, time: 3.307, data_time: 0.000, memory: 5243, top1_acc: 0.8912, top5_acc: 0.9716, loss_cls: 0.3757, loss: 0.3757
2026-09-08 23:44:52,287 - pyskl - INFO - Epoch [11][5500/5537]	lr: 5.569e-03, eta: 1 day, 1:07:59, time: 3.298, data_time: 0.000, memory: 5243, top1_acc: 0.8962, top5_acc: 0.9772, loss_cls: 0.3472, loss: 0.3472
2026-09-08 23:46:54,902 - pyskl - INFO - Saving checkpoint at 11 epochs
2026-09-08 23:55:45,990 - pyskl - INFO - Evaluating top_k_accuracy ...
2026-09-08 23:55:46,008 - pyskl - INFO - 
top1_acc	0.8874
top5_acc	0.9843
2026-09-08 23:55:46,010 - pyskl - INFO - The previous best checkpoint D:\YXJProject\pythonProject\pyskl\work_dirs\aug_baseline\stgcnpp_j\train\A6_mixed_p0.3\best_top1_acc_epoch_10.pth was removed
2026-09-08 23:55:46,155 - pyskl - INFO - Now best checkpoint is saved as best_top1_acc_epoch_11.pth.
2026-09-08 23:55:46,155 - pyskl - INFO - Best top1_acc is 0.8874 at 11 epoch.
2026-09-08 23:55:46,157 - pyskl - INFO - Epoch(val) [11][146]	top1_acc: 0.8874, top5_acc: 0.9843
2026-09-09 00:01:30,651 - pyskl - INFO - Epoch [12][100/5537]	lr: 5.519e-03, eta: 1 day, 0:59:45, time: 3.445, data_time: 0.112, memory: 5243, top1_acc: 0.9094, top5_acc: 0.9741, loss_cls: 0.3302, loss: 0.3302
2026-09-09 00:07:00,920 - pyskl - INFO - Epoch [12][200/5537]	lr: 5.482e-03, eta: 1 day, 0:54:21, time: 3.303, data_time: 0.000, memory: 5243, top1_acc: 0.9078, top5_acc: 0.9762, loss_cls: 0.3246, loss: 0.3246
2026-09-09 00:12:31,704 - pyskl - INFO - Epoch [12][300/5537]	lr: 5.446e-03, eta: 1 day, 0:48:57, time: 3.308, data_time: 0.000, memory: 5243, top1_acc: 0.8981, top5_acc: 0.9769, loss_cls: 0.3474, loss: 0.3474
2026-09-09 00:18:02,033 - pyskl - INFO - Epoch [12][400/5537]	lr: 5.409e-03, eta: 1 day, 0:43:32, time: 3.303, data_time: 0.000, memory: 5243, top1_acc: 0.9022, top5_acc: 0.9722, loss_cls: 0.3525, loss: 0.3525
2026-09-09 00:23:32,559 - pyskl - INFO - Epoch [12][500/5537]	lr: 5.373e-03, eta: 1 day, 0:38:08, time: 3.305, data_time: 0.000, memory: 5243, top1_acc: 0.9094, top5_acc: 0.9775, loss_cls: 0.3281, loss: 0.3281
2026-09-09 00:29:03,583 - pyskl - INFO - Epoch [12][600/5537]	lr: 5.336e-03, eta: 1 day, 0:32:44, time: 3.310, data_time: 0.000, memory: 5243, top1_acc: 0.9016, top5_acc: 0.9766, loss_cls: 0.3317, loss: 0.3317
2026-09-09 00:34:36,071 - pyskl - INFO - Epoch [12][700/5537]	lr: 5.300e-03, eta: 1 day, 0:27:20, time: 3.325, data_time: 0.000, memory: 5243, top1_acc: 0.9006, top5_acc: 0.9741, loss_cls: 0.3459, loss: 0.3459
2026-09-09 00:40:06,287 - pyskl - INFO - Epoch [12][800/5537]	lr: 5.264e-03, eta: 1 day, 0:21:56, time: 3.302, data_time: 0.000, memory: 5243, top1_acc: 0.8975, top5_acc: 0.9750, loss_cls: 0.3568, loss: 0.3568
2026-09-09 00:45:37,181 - pyskl - INFO - Epoch [12][900/5537]	lr: 5.228e-03, eta: 1 day, 0:16:32, time: 3.309, data_time: 0.000, memory: 5243, top1_acc: 0.9034, top5_acc: 0.9731, loss_cls: 0.3363, loss: 0.3363
2026-09-09 00:51:07,820 - pyskl - INFO - Epoch [12][1000/5537]	lr: 5.192e-03, eta: 1 day, 0:11:07, time: 3.306, data_time: 0.000, memory: 5243, top1_acc: 0.9047, top5_acc: 0.9734, loss_cls: 0.3458, loss: 0.3458
2026-09-09 00:56:38,460 - pyskl - INFO - Epoch [12][1100/5537]	lr: 5.156e-03, eta: 1 day, 0:05:43, time: 3.306, data_time: 0.000, memory: 5243, top1_acc: 0.8991, top5_acc: 0.9734, loss_cls: 0.3580, loss: 0.3580
2026-09-09 01:02:09,947 - pyskl - INFO - Epoch [12][1200/5537]	lr: 5.120e-03, eta: 1 day, 0:00:19, time: 3.315, data_time: 0.000, memory: 5243, top1_acc: 0.9012, top5_acc: 0.9775, loss_cls: 0.3423, loss: 0.3423
2026-09-09 01:07:40,585 - pyskl - INFO - Epoch [12][1300/5537]	lr: 5.084e-03, eta: 23:54:54, time: 3.306, data_time: 0.000, memory: 5243, top1_acc: 0.8975, top5_acc: 0.9712, loss_cls: 0.3602, loss: 0.3602
2026-09-09 01:13:10,210 - pyskl - INFO - Epoch [12][1400/5537]	lr: 5.049e-03, eta: 23:49:29, time: 3.296, data_time: 0.000, memory: 5243, top1_acc: 0.8981, top5_acc: 0.9747, loss_cls: 0.3525, loss: 0.3525
2026-09-09 01:18:39,986 - pyskl - INFO - Epoch [12][1500/5537]	lr: 5.013e-03, eta: 23:44:05, time: 3.298, data_time: 0.000, memory: 5243, top1_acc: 0.9025, top5_acc: 0.9769, loss_cls: 0.3510, loss: 0.3510
2026-09-09 01:24:09,390 - pyskl - INFO - Epoch [12][1600/5537]	lr: 4.978e-03, eta: 23:38:40, time: 3.294, data_time: 0.000, memory: 5243, top1_acc: 0.8941, top5_acc: 0.9744, loss_cls: 0.3586, loss: 0.3586
2026-09-09 01:29:39,254 - pyskl - INFO - Epoch [12][1700/5537]	lr: 4.942e-03, eta: 23:33:15, time: 3.299, data_time: 0.000, memory: 5243, top1_acc: 0.9022, top5_acc: 0.9747, loss_cls: 0.3303, loss: 0.3303
2026-09-09 01:35:09,854 - pyskl - INFO - Epoch [12][1800/5537]	lr: 4.907e-03, eta: 23:27:50, time: 3.306, data_time: 0.000, memory: 5243, top1_acc: 0.9103, top5_acc: 0.9734, loss_cls: 0.3405, loss: 0.3405
2026-09-09 01:40:40,182 - pyskl - INFO - Epoch [12][1900/5537]	lr: 4.872e-03, eta: 23:22:25, time: 3.303, data_time: 0.000, memory: 5243, top1_acc: 0.9066, top5_acc: 0.9772, loss_cls: 0.3406, loss: 0.3406
2026-09-09 01:46:10,838 - pyskl - INFO - Epoch [12][2000/5537]	lr: 4.837e-03, eta: 23:17:01, time: 3.307, data_time: 0.000, memory: 5243, top1_acc: 0.8997, top5_acc: 0.9750, loss_cls: 0.3427, loss: 0.3427
2026-09-09 01:51:41,285 - pyskl - INFO - Epoch [12][2100/5537]	lr: 4.802e-03, eta: 23:11:36, time: 3.304, data_time: 0.000, memory: 5243, top1_acc: 0.9113, top5_acc: 0.9794, loss_cls: 0.3111, loss: 0.3111
2026-09-09 01:57:12,077 - pyskl - INFO - Epoch [12][2200/5537]	lr: 4.767e-03, eta: 23:06:12, time: 3.308, data_time: 0.000, memory: 5243, top1_acc: 0.9097, top5_acc: 0.9762, loss_cls: 0.3324, loss: 0.3324
2026-09-09 02:02:43,225 - pyskl - INFO - Epoch [12][2300/5537]	lr: 4.732e-03, eta: 23:00:47, time: 3.311, data_time: 0.000, memory: 5243, top1_acc: 0.9081, top5_acc: 0.9788, loss_cls: 0.3162, loss: 0.3162
2026-09-09 02:08:13,075 - pyskl - INFO - Epoch [12][2400/5537]	lr: 4.697e-03, eta: 22:55:22, time: 3.298, data_time: 0.000, memory: 5243, top1_acc: 0.9125, top5_acc: 0.9772, loss_cls: 0.3078, loss: 0.3078
2026-09-09 02:13:43,371 - pyskl - INFO - Epoch [12][2500/5537]	lr: 4.663e-03, eta: 22:49:57, time: 3.303, data_time: 0.000, memory: 5243, top1_acc: 0.8972, top5_acc: 0.9731, loss_cls: 0.3552, loss: 0.3552
2026-09-09 02:19:13,594 - pyskl - INFO - Epoch [12][2600/5537]	lr: 4.628e-03, eta: 22:44:33, time: 3.302, data_time: 0.000, memory: 5243, top1_acc: 0.9056, top5_acc: 0.9759, loss_cls: 0.3263, loss: 0.3263
2026-09-09 02:24:43,191 - pyskl - INFO - Epoch [12][2700/5537]	lr: 4.594e-03, eta: 22:39:07, time: 3.296, data_time: 0.000, memory: 5243, top1_acc: 0.9056, top5_acc: 0.9741, loss_cls: 0.3260, loss: 0.3260
2026-09-09 02:30:13,607 - pyskl - INFO - Epoch [12][2800/5537]	lr: 4.560e-03, eta: 22:33:43, time: 3.304, data_time: 0.000, memory: 5243, top1_acc: 0.9113, top5_acc: 0.9812, loss_cls: 0.3045, loss: 0.3045
2026-09-09 02:35:43,969 - pyskl - INFO - Epoch [12][2900/5537]	lr: 4.525e-03, eta: 22:28:18, time: 3.304, data_time: 0.000, memory: 5243, top1_acc: 0.9122, top5_acc: 0.9791, loss_cls: 0.3185, loss: 0.3185
2026-09-09 02:41:14,761 - pyskl - INFO - Epoch [12][3000/5537]	lr: 4.491e-03, eta: 22:22:53, time: 3.308, data_time: 0.000, memory: 5243, top1_acc: 0.8953, top5_acc: 0.9722, loss_cls: 0.3643, loss: 0.3643
2026-09-09 02:46:45,451 - pyskl - INFO - Epoch [12][3100/5537]	lr: 4.457e-03, eta: 22:17:28, time: 3.307, data_time: 0.000, memory: 5243, top1_acc: 0.9038, top5_acc: 0.9706, loss_cls: 0.3372, loss: 0.3372
2026-09-09 02:52:15,427 - pyskl - INFO - Epoch [12][3200/5537]	lr: 4.424e-03, eta: 22:12:03, time: 3.300, data_time: 0.000, memory: 5243, top1_acc: 0.9050, top5_acc: 0.9731, loss_cls: 0.3389, loss: 0.3389
2026-09-09 02:57:45,626 - pyskl - INFO - Epoch [12][3300/5537]	lr: 4.390e-03, eta: 22:06:38, time: 3.302, data_time: 0.000, memory: 5243, top1_acc: 0.9025, top5_acc: 0.9775, loss_cls: 0.3430, loss: 0.3430
2026-09-09 03:03:16,572 - pyskl - INFO - Epoch [12][3400/5537]	lr: 4.356e-03, eta: 22:01:14, time: 3.309, data_time: 0.000, memory: 5243, top1_acc: 0.9122, top5_acc: 0.9806, loss_cls: 0.3106, loss: 0.3106
2026-09-09 03:08:46,827 - pyskl - INFO - Epoch [12][3500/5537]	lr: 4.322e-03, eta: 21:55:49, time: 3.303, data_time: 0.000, memory: 5243, top1_acc: 0.9103, top5_acc: 0.9741, loss_cls: 0.3114, loss: 0.3114
2026-09-09 03:14:17,064 - pyskl - INFO - Epoch [12][3600/5537]	lr: 4.289e-03, eta: 21:50:24, time: 3.302, data_time: 0.000, memory: 5243, top1_acc: 0.9125, top5_acc: 0.9806, loss_cls: 0.3008, loss: 0.3008
2026-09-09 03:19:47,553 - pyskl - INFO - Epoch [12][3700/5537]	lr: 4.256e-03, eta: 21:44:59, time: 3.305, data_time: 0.000, memory: 5243, top1_acc: 0.9059, top5_acc: 0.9769, loss_cls: 0.3205, loss: 0.3205
2026-09-09 03:25:17,871 - pyskl - INFO - Epoch [12][3800/5537]	lr: 4.222e-03, eta: 21:39:34, time: 3.303, data_time: 0.000, memory: 5243, top1_acc: 0.9122, top5_acc: 0.9812, loss_cls: 0.3133, loss: 0.3133
2026-09-09 03:30:48,367 - pyskl - INFO - Epoch [12][3900/5537]	lr: 4.189e-03, eta: 21:34:09, time: 3.305, data_time: 0.000, memory: 5243, top1_acc: 0.9172, top5_acc: 0.9762, loss_cls: 0.3051, loss: 0.3051
2026-09-09 03:36:19,348 - pyskl - INFO - Epoch [12][4000/5537]	lr: 4.156e-03, eta: 21:28:44, time: 3.310, data_time: 0.000, memory: 5243, top1_acc: 0.9109, top5_acc: 0.9762, loss_cls: 0.3174, loss: 0.3174
2026-09-09 03:41:50,265 - pyskl - INFO - Epoch [12][4100/5537]	lr: 4.123e-03, eta: 21:23:19, time: 3.309, data_time: 0.000, memory: 5243, top1_acc: 0.9172, top5_acc: 0.9806, loss_cls: 0.2940, loss: 0.2940
2026-09-09 03:47:20,690 - pyskl - INFO - Epoch [12][4200/5537]	lr: 4.090e-03, eta: 21:17:54, time: 3.304, data_time: 0.000, memory: 5243, top1_acc: 0.9075, top5_acc: 0.9750, loss_cls: 0.3313, loss: 0.3313
2026-09-09 03:52:51,325 - pyskl - INFO - Epoch [12][4300/5537]	lr: 4.058e-03, eta: 21:12:29, time: 3.306, data_time: 0.000, memory: 5243, top1_acc: 0.9128, top5_acc: 0.9778, loss_cls: 0.3109, loss: 0.3109
2026-09-09 03:58:22,312 - pyskl - INFO - Epoch [12][4400/5537]	lr: 4.025e-03, eta: 21:07:04, time: 3.310, data_time: 0.000, memory: 5243, top1_acc: 0.9103, top5_acc: 0.9766, loss_cls: 0.3277, loss: 0.3277
2026-09-09 04:03:53,627 - pyskl - INFO - Epoch [12][4500/5537]	lr: 3.992e-03, eta: 21:01:39, time: 3.313, data_time: 0.000, memory: 5243, top1_acc: 0.9156, top5_acc: 0.9762, loss_cls: 0.3070, loss: 0.3070
2026-09-09 04:09:24,433 - pyskl - INFO - Epoch [12][4600/5537]	lr: 3.960e-03, eta: 20:56:14, time: 3.308, data_time: 0.000, memory: 5243, top1_acc: 0.9091, top5_acc: 0.9784, loss_cls: 0.3162, loss: 0.3162
2026-09-09 04:14:55,878 - pyskl - INFO - Epoch [12][4700/5537]	lr: 3.928e-03, eta: 20:50:49, time: 3.314, data_time: 0.000, memory: 5243, top1_acc: 0.9200, top5_acc: 0.9756, loss_cls: 0.2971, loss: 0.2971
2026-09-09 04:20:26,419 - pyskl - INFO - Epoch [12][4800/5537]	lr: 3.895e-03, eta: 20:45:24, time: 3.305, data_time: 0.000, memory: 5243, top1_acc: 0.9116, top5_acc: 0.9766, loss_cls: 0.3216, loss: 0.3216
2026-09-09 04:25:57,485 - pyskl - INFO - Epoch [12][4900/5537]	lr: 3.863e-03, eta: 20:39:59, time: 3.311, data_time: 0.000, memory: 5243, top1_acc: 0.9119, top5_acc: 0.9762, loss_cls: 0.3194, loss: 0.3194
2026-09-09 04:31:28,485 - pyskl - INFO - Epoch [12][5000/5537]	lr: 3.831e-03, eta: 20:34:34, time: 3.310, data_time: 0.000, memory: 5243, top1_acc: 0.9084, top5_acc: 0.9744, loss_cls: 0.3121, loss: 0.3121
2026-09-09 04:36:59,544 - pyskl - INFO - Epoch [12][5100/5537]	lr: 3.800e-03, eta: 20:29:09, time: 3.311, data_time: 0.000, memory: 5243, top1_acc: 0.9225, top5_acc: 0.9797, loss_cls: 0.2921, loss: 0.2921
2026-09-09 04:42:30,670 - pyskl - INFO - Epoch [12][5200/5537]	lr: 3.768e-03, eta: 20:23:44, time: 3.311, data_time: 0.000, memory: 5243, top1_acc: 0.9191, top5_acc: 0.9819, loss_cls: 0.2923, loss: 0.2923
2026-09-09 04:48:02,382 - pyskl - INFO - Epoch [12][5300/5537]	lr: 3.736e-03, eta: 20:18:20, time: 3.317, data_time: 0.000, memory: 5243, top1_acc: 0.9062, top5_acc: 0.9753, loss_cls: 0.3328, loss: 0.3328
2026-09-09 04:53:33,551 - pyskl - INFO - Epoch [12][5400/5537]	lr: 3.705e-03, eta: 20:12:55, time: 3.312, data_time: 0.000, memory: 5243, top1_acc: 0.9134, top5_acc: 0.9778, loss_cls: 0.2970, loss: 0.2970
2026-09-09 04:59:04,948 - pyskl - INFO - Epoch [12][5500/5537]	lr: 3.673e-03, eta: 20:07:30, time: 3.314, data_time: 0.000, memory: 5243, top1_acc: 0.9275, top5_acc: 0.9816, loss_cls: 0.2549, loss: 0.2549
2026-09-09 05:01:08,205 - pyskl - INFO - Saving checkpoint at 12 epochs
2026-09-09 05:10:01,182 - pyskl - INFO - Evaluating top_k_accuracy ...
2026-09-09 05:10:01,201 - pyskl - INFO - 
top1_acc	0.8876
top5_acc	0.9839
2026-09-09 05:10:01,204 - pyskl - INFO - The previous best checkpoint D:\YXJProject\pythonProject\pyskl\work_dirs\aug_baseline\stgcnpp_j\train\A6_mixed_p0.3\best_top1_acc_epoch_11.pth was removed
2026-09-09 05:10:01,352 - pyskl - INFO - Now best checkpoint is saved as best_top1_acc_epoch_12.pth.
2026-09-09 05:10:01,352 - pyskl - INFO - Best top1_acc is 0.8876 at 12 epoch.
2026-09-09 05:10:01,353 - pyskl - INFO - Epoch(val) [12][146]	top1_acc: 0.8876, top5_acc: 0.9839
2026-09-09 05:15:46,849 - pyskl - INFO - Epoch [13][100/5537]	lr: 3.630e-03, eta: 19:59:28, time: 3.455, data_time: 0.113, memory: 5243, top1_acc: 0.9213, top5_acc: 0.9762, loss_cls: 0.2936, loss: 0.2936
2026-09-09 05:21:19,763 - pyskl - INFO - Epoch [13][200/5537]	lr: 3.599e-03, eta: 19:54:04, time: 3.329, data_time: 0.000, memory: 5243, top1_acc: 0.9197, top5_acc: 0.9784, loss_cls: 0.2878, loss: 0.2878
2026-09-09 05:26:52,811 - pyskl - INFO - Epoch [13][300/5537]	lr: 3.568e-03, eta: 19:48:40, time: 3.330, data_time: 0.000, memory: 5243, top1_acc: 0.9109, top5_acc: 0.9744, loss_cls: 0.3105, loss: 0.3105
2026-09-09 05:32:27,518 - pyskl - INFO - Epoch [13][400/5537]	lr: 3.537e-03, eta: 19:43:16, time: 3.347, data_time: 0.000, memory: 5243, top1_acc: 0.9122, top5_acc: 0.9788, loss_cls: 0.3037, loss: 0.3037
2026-09-09 05:38:00,357 - pyskl - INFO - Epoch [13][500/5537]	lr: 3.506e-03, eta: 19:37:52, time: 3.328, data_time: 0.000, memory: 5243, top1_acc: 0.9213, top5_acc: 0.9797, loss_cls: 0.2901, loss: 0.2901
2026-09-09 05:43:32,710 - pyskl - INFO - Epoch [13][600/5537]	lr: 3.475e-03, eta: 19:32:27, time: 3.324, data_time: 0.000, memory: 5243, top1_acc: 0.9291, top5_acc: 0.9828, loss_cls: 0.2688, loss: 0.2688
2026-09-09 05:49:06,193 - pyskl - INFO - Epoch [13][700/5537]	lr: 3.445e-03, eta: 19:27:03, time: 3.335, data_time: 0.000, memory: 5243, top1_acc: 0.9194, top5_acc: 0.9794, loss_cls: 0.2869, loss: 0.2869
2026-09-09 05:54:39,286 - pyskl - INFO - Epoch [13][800/5537]	lr: 3.414e-03, eta: 19:21:39, time: 3.331, data_time: 0.000, memory: 5243, top1_acc: 0.9231, top5_acc: 0.9778, loss_cls: 0.2849, loss: 0.2849
2026-09-09 06:00:11,677 - pyskl - INFO - Epoch [13][900/5537]	lr: 3.384e-03, eta: 19:16:14, time: 3.324, data_time: 0.000, memory: 5243, top1_acc: 0.9178, top5_acc: 0.9778, loss_cls: 0.2914, loss: 0.2914
2026-09-09 06:05:44,968 - pyskl - INFO - Epoch [13][1000/5537]	lr: 3.354e-03, eta: 19:10:50, time: 3.333, data_time: 0.000, memory: 5243, top1_acc: 0.9234, top5_acc: 0.9809, loss_cls: 0.2656, loss: 0.2656
2026-09-09 06:11:17,690 - pyskl - INFO - Epoch [13][1100/5537]	lr: 3.323e-03, eta: 19:05:25, time: 3.327, data_time: 0.000, memory: 5243, top1_acc: 0.9141, top5_acc: 0.9800, loss_cls: 0.3036, loss: 0.3036
2026-09-09 06:16:50,863 - pyskl - INFO - Epoch [13][1200/5537]	lr: 3.293e-03, eta: 19:00:01, time: 3.332, data_time: 0.000, memory: 5243, top1_acc: 0.9259, top5_acc: 0.9828, loss_cls: 0.2632, loss: 0.2632
2026-09-09 06:22:23,177 - pyskl - INFO - Epoch [13][1300/5537]	lr: 3.264e-03, eta: 18:54:36, time: 3.323, data_time: 0.000, memory: 5243, top1_acc: 0.9187, top5_acc: 0.9816, loss_cls: 0.2906, loss: 0.2906
2026-09-09 06:27:56,221 - pyskl - INFO - Epoch [13][1400/5537]	lr: 3.234e-03, eta: 18:49:11, time: 3.330, data_time: 0.000, memory: 5243, top1_acc: 0.9141, top5_acc: 0.9778, loss_cls: 0.3040, loss: 0.3040
2026-09-09 06:33:29,296 - pyskl - INFO - Epoch [13][1500/5537]	lr: 3.204e-03, eta: 18:43:47, time: 3.331, data_time: 0.000, memory: 5243, top1_acc: 0.9150, top5_acc: 0.9784, loss_cls: 0.2916, loss: 0.2916
2026-09-09 06:39:03,153 - pyskl - INFO - Epoch [13][1600/5537]	lr: 3.174e-03, eta: 18:38:22, time: 3.339, data_time: 0.000, memory: 5243, top1_acc: 0.9213, top5_acc: 0.9800, loss_cls: 0.2765, loss: 0.2765
2026-09-09 06:44:36,312 - pyskl - INFO - Epoch [13][1700/5537]	lr: 3.145e-03, eta: 18:32:58, time: 3.332, data_time: 0.000, memory: 5243, top1_acc: 0.9234, top5_acc: 0.9806, loss_cls: 0.2605, loss: 0.2605
2026-09-09 06:50:11,540 - pyskl - INFO - Epoch [13][1800/5537]	lr: 3.116e-03, eta: 18:27:34, time: 3.352, data_time: 0.000, memory: 5243, top1_acc: 0.9187, top5_acc: 0.9772, loss_cls: 0.2843, loss: 0.2843
2026-09-09 06:55:44,700 - pyskl - INFO - Epoch [13][1900/5537]	lr: 3.086e-03, eta: 18:22:09, time: 3.332, data_time: 0.000, memory: 5243, top1_acc: 0.9284, top5_acc: 0.9812, loss_cls: 0.2665, loss: 0.2665
2026-09-09 07:01:17,789 - pyskl - INFO - Epoch [13][2000/5537]	lr: 3.057e-03, eta: 18:16:44, time: 3.331, data_time: 0.000, memory: 5243, top1_acc: 0.9250, top5_acc: 0.9791, loss_cls: 0.2835, loss: 0.2835
2026-09-09 07:06:50,664 - pyskl - INFO - Epoch [13][2100/5537]	lr: 3.028e-03, eta: 18:11:20, time: 3.329, data_time: 0.000, memory: 5243, top1_acc: 0.9181, top5_acc: 0.9759, loss_cls: 0.2971, loss: 0.2971
2026-09-09 07:12:23,872 - pyskl - INFO - Epoch [13][2200/5537]	lr: 2.999e-03, eta: 18:05:55, time: 3.332, data_time: 0.000, memory: 5243, top1_acc: 0.9225, top5_acc: 0.9794, loss_cls: 0.2776, loss: 0.2776
2026-09-09 07:17:56,932 - pyskl - INFO - Epoch [13][2300/5537]	lr: 2.971e-03, eta: 18:00:30, time: 3.331, data_time: 0.000, memory: 5243, top1_acc: 0.9172, top5_acc: 0.9778, loss_cls: 0.2925, loss: 0.2925
2026-09-09 07:23:29,176 - pyskl - INFO - Epoch [13][2400/5537]	lr: 2.942e-03, eta: 17:55:05, time: 3.322, data_time: 0.000, memory: 5243, top1_acc: 0.9225, top5_acc: 0.9791, loss_cls: 0.2771, loss: 0.2771
2026-09-09 07:29:02,193 - pyskl - INFO - Epoch [13][2500/5537]	lr: 2.914e-03, eta: 17:49:40, time: 3.330, data_time: 0.000, memory: 5243, top1_acc: 0.9300, top5_acc: 0.9747, loss_cls: 0.2627, loss: 0.2627
2026-09-09 07:34:34,321 - pyskl - INFO - Epoch [13][2600/5537]	lr: 2.885e-03, eta: 17:44:15, time: 3.321, data_time: 0.000, memory: 5243, top1_acc: 0.9256, top5_acc: 0.9791, loss_cls: 0.2751, loss: 0.2751
2026-09-09 07:40:06,812 - pyskl - INFO - Epoch [13][2700/5537]	lr: 2.857e-03, eta: 17:38:50, time: 3.325, data_time: 0.000, memory: 5243, top1_acc: 0.9237, top5_acc: 0.9800, loss_cls: 0.2653, loss: 0.2653
2026-09-09 07:45:39,752 - pyskl - INFO - Epoch [13][2800/5537]	lr: 2.829e-03, eta: 17:33:25, time: 3.329, data_time: 0.000, memory: 5243, top1_acc: 0.9300, top5_acc: 0.9816, loss_cls: 0.2582, loss: 0.2582
2026-09-09 07:51:12,055 - pyskl - INFO - Epoch [13][2900/5537]	lr: 2.801e-03, eta: 17:28:00, time: 3.323, data_time: 0.000, memory: 5243, top1_acc: 0.9244, top5_acc: 0.9828, loss_cls: 0.2589, loss: 0.2589
2026-09-09 07:56:44,792 - pyskl - INFO - Epoch [13][3000/5537]	lr: 2.773e-03, eta: 17:22:35, time: 3.327, data_time: 0.000, memory: 5243, top1_acc: 0.9250, top5_acc: 0.9806, loss_cls: 0.2732, loss: 0.2732
2026-09-09 08:02:18,369 - pyskl - INFO - Epoch [13][3100/5537]	lr: 2.745e-03, eta: 17:17:10, time: 3.336, data_time: 0.000, memory: 5243, top1_acc: 0.9316, top5_acc: 0.9806, loss_cls: 0.2486, loss: 0.2486
2026-09-09 08:07:50,321 - pyskl - INFO - Epoch [13][3200/5537]	lr: 2.717e-03, eta: 17:11:45, time: 3.320, data_time: 0.000, memory: 5243, top1_acc: 0.9272, top5_acc: 0.9788, loss_cls: 0.2613, loss: 0.2613
2026-09-09 08:13:23,588 - pyskl - INFO - Epoch [13][3300/5537]	lr: 2.690e-03, eta: 17:06:20, time: 3.333, data_time: 0.000, memory: 5243, top1_acc: 0.9313, top5_acc: 0.9819, loss_cls: 0.2629, loss: 0.2629
2026-09-09 08:18:53,775 - pyskl - INFO - Epoch [13][3400/5537]	lr: 2.662e-03, eta: 17:00:54, time: 3.302, data_time: 0.000, memory: 5243, top1_acc: 0.9287, top5_acc: 0.9797, loss_cls: 0.2644, loss: 0.2644
2026-09-09 08:24:22,569 - pyskl - INFO - Epoch [13][3500/5537]	lr: 2.635e-03, eta: 16:55:28, time: 3.288, data_time: 0.000, memory: 5243, top1_acc: 0.9263, top5_acc: 0.9800, loss_cls: 0.2642, loss: 0.2642
2026-09-09 08:29:51,650 - pyskl - INFO - Epoch [13][3600/5537]	lr: 2.608e-03, eta: 16:50:02, time: 3.291, data_time: 0.000, memory: 5243, top1_acc: 0.9200, top5_acc: 0.9819, loss_cls: 0.2747, loss: 0.2747
2026-09-09 08:35:20,029 - pyskl - INFO - Epoch [13][3700/5537]	lr: 2.581e-03, eta: 16:44:36, time: 3.284, data_time: 0.000, memory: 5243, top1_acc: 0.9300, top5_acc: 0.9822, loss_cls: 0.2515, loss: 0.2515
2026-09-09 08:40:48,448 - pyskl - INFO - Epoch [13][3800/5537]	lr: 2.554e-03, eta: 16:39:09, time: 3.284, data_time: 0.000, memory: 5243, top1_acc: 0.9287, top5_acc: 0.9769, loss_cls: 0.2701, loss: 0.2701
2026-09-09 08:46:17,017 - pyskl - INFO - Epoch [13][3900/5537]	lr: 2.527e-03, eta: 16:33:43, time: 3.286, data_time: 0.000, memory: 5243, top1_acc: 0.9309, top5_acc: 0.9809, loss_cls: 0.2605, loss: 0.2605
2026-09-09 08:51:44,945 - pyskl - INFO - Epoch [13][4000/5537]	lr: 2.501e-03, eta: 16:28:17, time: 3.279, data_time: 0.000, memory: 5243, top1_acc: 0.9303, top5_acc: 0.9816, loss_cls: 0.2535, loss: 0.2535
2026-09-09 08:57:13,039 - pyskl - INFO - Epoch [13][4100/5537]	lr: 2.474e-03, eta: 16:22:50, time: 3.281, data_time: 0.000, memory: 5243, top1_acc: 0.9294, top5_acc: 0.9822, loss_cls: 0.2531, loss: 0.2531
2026-09-09 09:02:42,361 - pyskl - INFO - Epoch [13][4200/5537]	lr: 2.448e-03, eta: 16:17:24, time: 3.293, data_time: 0.000, memory: 5243, top1_acc: 0.9256, top5_acc: 0.9816, loss_cls: 0.2717, loss: 0.2717
2026-09-09 09:08:10,869 - pyskl - INFO - Epoch [13][4300/5537]	lr: 2.421e-03, eta: 16:11:58, time: 3.285, data_time: 0.000, memory: 5243, top1_acc: 0.9309, top5_acc: 0.9800, loss_cls: 0.2518, loss: 0.2518
2026-09-09 09:13:39,641 - pyskl - INFO - Epoch [13][4400/5537]	lr: 2.395e-03, eta: 16:06:32, time: 3.288, data_time: 0.000, memory: 5243, top1_acc: 0.9325, top5_acc: 0.9784, loss_cls: 0.2563, loss: 0.2563
2026-09-09 09:19:08,462 - pyskl - INFO - Epoch [13][4500/5537]	lr: 2.369e-03, eta: 16:01:05, time: 3.288, data_time: 0.000, memory: 5243, top1_acc: 0.9291, top5_acc: 0.9803, loss_cls: 0.2555, loss: 0.2555
2026-09-09 09:24:37,303 - pyskl - INFO - Epoch [13][4600/5537]	lr: 2.343e-03, eta: 15:55:39, time: 3.288, data_time: 0.000, memory: 5243, top1_acc: 0.9331, top5_acc: 0.9806, loss_cls: 0.2439, loss: 0.2439
2026-09-09 09:30:06,103 - pyskl - INFO - Epoch [13][4700/5537]	lr: 2.318e-03, eta: 15:50:13, time: 3.288, data_time: 0.000, memory: 5243, top1_acc: 0.9297, top5_acc: 0.9775, loss_cls: 0.2570, loss: 0.2570
2026-09-09 09:35:35,531 - pyskl - INFO - Epoch [13][4800/5537]	lr: 2.292e-03, eta: 15:44:47, time: 3.294, data_time: 0.000, memory: 5243, top1_acc: 0.9263, top5_acc: 0.9791, loss_cls: 0.2681, loss: 0.2681
2026-09-09 09:41:04,075 - pyskl - INFO - Epoch [13][4900/5537]	lr: 2.266e-03, eta: 15:39:21, time: 3.285, data_time: 0.000, memory: 5243, top1_acc: 0.9300, top5_acc: 0.9822, loss_cls: 0.2503, loss: 0.2503
2026-09-09 09:46:32,889 - pyskl - INFO - Epoch [13][5000/5537]	lr: 2.241e-03, eta: 15:33:54, time: 3.288, data_time: 0.000, memory: 5243, top1_acc: 0.9294, top5_acc: 0.9812, loss_cls: 0.2543, loss: 0.2543
2026-09-09 09:52:01,227 - pyskl - INFO - Epoch [13][5100/5537]	lr: 2.216e-03, eta: 15:28:28, time: 3.283, data_time: 0.000, memory: 5243, top1_acc: 0.9363, top5_acc: 0.9788, loss_cls: 0.2470, loss: 0.2470
2026-09-09 09:57:29,407 - pyskl - INFO - Epoch [13][5200/5537]	lr: 2.191e-03, eta: 15:23:01, time: 3.282, data_time: 0.000, memory: 5243, top1_acc: 0.9287, top5_acc: 0.9803, loss_cls: 0.2485, loss: 0.2485
2026-09-09 10:02:58,156 - pyskl - INFO - Epoch [13][5300/5537]	lr: 2.166e-03, eta: 15:17:35, time: 3.287, data_time: 0.000, memory: 5243, top1_acc: 0.9337, top5_acc: 0.9806, loss_cls: 0.2524, loss: 0.2524
2026-09-09 10:08:25,506 - pyskl - INFO - Epoch [13][5400/5537]	lr: 2.141e-03, eta: 15:12:08, time: 3.274, data_time: 0.000, memory: 5243, top1_acc: 0.9325, top5_acc: 0.9825, loss_cls: 0.2436, loss: 0.2436
2026-09-09 10:13:53,556 - pyskl - INFO - Epoch [13][5500/5537]	lr: 2.116e-03, eta: 15:06:42, time: 3.280, data_time: 0.000, memory: 5243, top1_acc: 0.9413, top5_acc: 0.9831, loss_cls: 0.2236, loss: 0.2236
2026-09-09 10:15:55,224 - pyskl - INFO - Saving checkpoint at 13 epochs
2026-09-09 10:24:46,781 - pyskl - INFO - Evaluating top_k_accuracy ...
2026-09-09 10:24:46,800 - pyskl - INFO - 
top1_acc	0.8926
top5_acc	0.9809
2026-09-09 10:24:46,802 - pyskl - INFO - The previous best checkpoint D:\YXJProject\pythonProject\pyskl\work_dirs\aug_baseline\stgcnpp_j\train\A6_mixed_p0.3\best_top1_acc_epoch_12.pth was removed
2026-09-09 10:24:46,955 - pyskl - INFO - Now best checkpoint is saved as best_top1_acc_epoch_13.pth.
2026-09-09 10:24:46,955 - pyskl - INFO - Best top1_acc is 0.8926 at 13 epoch.
2026-09-09 10:24:46,956 - pyskl - INFO - Epoch(val) [13][146]	top1_acc: 0.8926, top5_acc: 0.9809
2026-09-09 10:30:31,419 - pyskl - INFO - Epoch [14][100/5537]	lr: 2.082e-03, eta: 14:58:51, time: 3.445, data_time: 0.112, memory: 5243, top1_acc: 0.9353, top5_acc: 0.9809, loss_cls: 0.2428, loss: 0.2428
2026-09-09 10:36:04,388 - pyskl - INFO - Epoch [14][200/5537]	lr: 2.058e-03, eta: 14:53:25, time: 3.330, data_time: 0.000, memory: 5243, top1_acc: 0.9237, top5_acc: 0.9791, loss_cls: 0.2683, loss: 0.2683
2026-09-09 10:41:37,477 - pyskl - INFO - Epoch [14][300/5537]	lr: 2.034e-03, eta: 14:48:00, time: 3.331, data_time: 0.000, memory: 5243, top1_acc: 0.9303, top5_acc: 0.9812, loss_cls: 0.2424, loss: 0.2424
2026-09-09 10:47:10,895 - pyskl - INFO - Epoch [14][400/5537]	lr: 2.009e-03, eta: 14:42:35, time: 3.334, data_time: 0.000, memory: 5243, top1_acc: 0.9403, top5_acc: 0.9809, loss_cls: 0.2386, loss: 0.2386
2026-09-09 10:52:42,822 - pyskl - INFO - Epoch [14][500/5537]	lr: 1.985e-03, eta: 14:37:10, time: 3.319, data_time: 0.000, memory: 5243, top1_acc: 0.9359, top5_acc: 0.9866, loss_cls: 0.2291, loss: 0.2291
2026-09-09 10:58:14,934 - pyskl - INFO - Epoch [14][600/5537]	lr: 1.961e-03, eta: 14:31:44, time: 3.321, data_time: 0.000, memory: 5243, top1_acc: 0.9328, top5_acc: 0.9819, loss_cls: 0.2394, loss: 0.2394
2026-09-09 11:03:48,979 - pyskl - INFO - Epoch [14][700/5537]	lr: 1.938e-03, eta: 14:26:19, time: 3.340, data_time: 0.000, memory: 5243, top1_acc: 0.9394, top5_acc: 0.9809, loss_cls: 0.2315, loss: 0.2315
2026-09-09 11:09:17,117 - pyskl - INFO - Epoch [14][800/5537]	lr: 1.914e-03, eta: 14:20:53, time: 3.281, data_time: 0.000, memory: 5243, top1_acc: 0.9350, top5_acc: 0.9841, loss_cls: 0.2292, loss: 0.2292
2026-09-09 11:14:45,905 - pyskl - INFO - Epoch [14][900/5537]	lr: 1.891e-03, eta: 14:15:26, time: 3.288, data_time: 0.000, memory: 5243, top1_acc: 0.9319, top5_acc: 0.9806, loss_cls: 0.2373, loss: 0.2373
2026-09-09 11:20:14,282 - pyskl - INFO - Epoch [14][1000/5537]	lr: 1.867e-03, eta: 14:10:00, time: 3.284, data_time: 0.000, memory: 5243, top1_acc: 0.9306, top5_acc: 0.9791, loss_cls: 0.2544, loss: 0.2544
2026-09-09 11:25:42,962 - pyskl - INFO - Epoch [14][1100/5537]	lr: 1.844e-03, eta: 14:04:34, time: 3.287, data_time: 0.000, memory: 5243, top1_acc: 0.9381, top5_acc: 0.9841, loss_cls: 0.2306, loss: 0.2306
2026-09-09 11:31:11,035 - pyskl - INFO - Epoch [14][1200/5537]	lr: 1.821e-03, eta: 13:59:07, time: 3.281, data_time: 0.000, memory: 5243, top1_acc: 0.9344, top5_acc: 0.9803, loss_cls: 0.2377, loss: 0.2377
2026-09-09 11:36:39,235 - pyskl - INFO - Epoch [14][1300/5537]	lr: 1.798e-03, eta: 13:53:41, time: 3.282, data_time: 0.000, memory: 5243, top1_acc: 0.9291, top5_acc: 0.9806, loss_cls: 0.2454, loss: 0.2454
2026-09-09 11:42:08,001 - pyskl - INFO - Epoch [14][1400/5537]	lr: 1.775e-03, eta: 13:48:15, time: 3.288, data_time: 0.000, memory: 5243, top1_acc: 0.9344, top5_acc: 0.9803, loss_cls: 0.2348, loss: 0.2348
2026-09-09 11:47:37,104 - pyskl - INFO - Epoch [14][1500/5537]	lr: 1.752e-03, eta: 13:42:49, time: 3.291, data_time: 0.000, memory: 5243, top1_acc: 0.9372, top5_acc: 0.9816, loss_cls: 0.2268, loss: 0.2268
2026-09-09 11:53:05,975 - pyskl - INFO - Epoch [14][1600/5537]	lr: 1.730e-03, eta: 13:37:22, time: 3.289, data_time: 0.000, memory: 5243, top1_acc: 0.9378, top5_acc: 0.9816, loss_cls: 0.2236, loss: 0.2236
2026-09-09 11:58:34,416 - pyskl - INFO - Epoch [14][1700/5537]	lr: 1.707e-03, eta: 13:31:56, time: 3.284, data_time: 0.000, memory: 5243, top1_acc: 0.9337, top5_acc: 0.9819, loss_cls: 0.2388, loss: 0.2388
2026-09-09 12:04:10,006 - pyskl - INFO - Epoch [14][1800/5537]	lr: 1.685e-03, eta: 13:26:31, time: 3.356, data_time: 0.000, memory: 5243, top1_acc: 0.9384, top5_acc: 0.9831, loss_cls: 0.2116, loss: 0.2116
2026-09-09 12:09:39,243 - pyskl - INFO - Epoch [14][1900/5537]	lr: 1.663e-03, eta: 13:21:05, time: 3.292, data_time: 0.000, memory: 5243, top1_acc: 0.9328, top5_acc: 0.9834, loss_cls: 0.2431, loss: 0.2431
2026-09-09 12:15:08,549 - pyskl - INFO - Epoch [14][2000/5537]	lr: 1.641e-03, eta: 13:15:39, time: 3.293, data_time: 0.000, memory: 5243, top1_acc: 0.9428, top5_acc: 0.9834, loss_cls: 0.2244, loss: 0.2244
2026-09-09 12:20:37,148 - pyskl - INFO - Epoch [14][2100/5537]	lr: 1.619e-03, eta: 13:10:12, time: 3.286, data_time: 0.000, memory: 5243, top1_acc: 0.9375, top5_acc: 0.9838, loss_cls: 0.2200, loss: 0.2200
2026-09-09 12:26:05,688 - pyskl - INFO - Epoch [14][2200/5537]	lr: 1.597e-03, eta: 13:04:46, time: 3.285, data_time: 0.000, memory: 5243, top1_acc: 0.9337, top5_acc: 0.9794, loss_cls: 0.2406, loss: 0.2406
2026-09-09 12:31:34,472 - pyskl - INFO - Epoch [14][2300/5537]	lr: 1.576e-03, eta: 12:59:19, time: 3.288, data_time: 0.000, memory: 5243, top1_acc: 0.9441, top5_acc: 0.9831, loss_cls: 0.2138, loss: 0.2138
2026-09-09 12:37:03,345 - pyskl - INFO - Epoch [14][2400/5537]	lr: 1.554e-03, eta: 12:53:53, time: 3.289, data_time: 0.000, memory: 5243, top1_acc: 0.9337, top5_acc: 0.9797, loss_cls: 0.2319, loss: 0.2319
2026-09-09 12:42:32,707 - pyskl - INFO - Epoch [14][2500/5537]	lr: 1.533e-03, eta: 12:48:27, time: 3.294, data_time: 0.000, memory: 5243, top1_acc: 0.9378, top5_acc: 0.9806, loss_cls: 0.2305, loss: 0.2305
2026-09-09 12:48:01,722 - pyskl - INFO - Epoch [14][2600/5537]	lr: 1.512e-03, eta: 12:43:01, time: 3.290, data_time: 0.000, memory: 5243, top1_acc: 0.9403, top5_acc: 0.9816, loss_cls: 0.2170, loss: 0.2170
2026-09-09 12:53:30,726 - pyskl - INFO - Epoch [14][2700/5537]	lr: 1.491e-03, eta: 12:37:34, time: 3.290, data_time: 0.000, memory: 5243, top1_acc: 0.9375, top5_acc: 0.9838, loss_cls: 0.2318, loss: 0.2318
2026-09-09 12:58:59,330 - pyskl - INFO - Epoch [14][2800/5537]	lr: 1.470e-03, eta: 12:32:08, time: 3.286, data_time: 0.000, memory: 5243, top1_acc: 0.9469, top5_acc: 0.9872, loss_cls: 0.1926, loss: 0.1926
2026-09-09 13:04:31,617 - pyskl - INFO - Epoch [14][2900/5537]	lr: 1.449e-03, eta: 12:26:42, time: 3.323, data_time: 0.000, memory: 5243, top1_acc: 0.9372, top5_acc: 0.9794, loss_cls: 0.2326, loss: 0.2326
2026-09-09 13:10:00,488 - pyskl - INFO - Epoch [14][3000/5537]	lr: 1.428e-03, eta: 12:21:16, time: 3.289, data_time: 0.000, memory: 5243, top1_acc: 0.9378, top5_acc: 0.9803, loss_cls: 0.2342, loss: 0.2342
2026-09-09 13:15:29,942 - pyskl - INFO - Epoch [14][3100/5537]	lr: 1.408e-03, eta: 12:15:49, time: 3.295, data_time: 0.000, memory: 5243, top1_acc: 0.9363, top5_acc: 0.9809, loss_cls: 0.2434, loss: 0.2434
2026-09-09 13:20:58,475 - pyskl - INFO - Epoch [14][3200/5537]	lr: 1.387e-03, eta: 12:10:23, time: 3.285, data_time: 0.000, memory: 5243, top1_acc: 0.9319, top5_acc: 0.9794, loss_cls: 0.2438, loss: 0.2438
2026-09-09 13:26:27,386 - pyskl - INFO - Epoch [14][3300/5537]	lr: 1.367e-03, eta: 12:04:57, time: 3.289, data_time: 0.000, memory: 5243, top1_acc: 0.9441, top5_acc: 0.9791, loss_cls: 0.2167, loss: 0.2167
2026-09-09 13:31:56,249 - pyskl - INFO - Epoch [14][3400/5537]	lr: 1.347e-03, eta: 11:59:30, time: 3.289, data_time: 0.000, memory: 5243, top1_acc: 0.9431, top5_acc: 0.9816, loss_cls: 0.2150, loss: 0.2150
2026-09-09 13:37:24,587 - pyskl - INFO - Epoch [14][3500/5537]	lr: 1.327e-03, eta: 11:54:04, time: 3.283, data_time: 0.000, memory: 5243, top1_acc: 0.9413, top5_acc: 0.9803, loss_cls: 0.2254, loss: 0.2254
2026-09-09 13:42:54,010 - pyskl - INFO - Epoch [14][3600/5537]	lr: 1.307e-03, eta: 11:48:37, time: 3.294, data_time: 0.000, memory: 5243, top1_acc: 0.9441, top5_acc: 0.9872, loss_cls: 0.2061, loss: 0.2061
2026-09-09 13:48:22,911 - pyskl - INFO - Epoch [14][3700/5537]	lr: 1.288e-03, eta: 11:43:11, time: 3.289, data_time: 0.000, memory: 5243, top1_acc: 0.9391, top5_acc: 0.9844, loss_cls: 0.2155, loss: 0.2155
2026-09-09 13:53:51,524 - pyskl - INFO - Epoch [14][3800/5537]	lr: 1.268e-03, eta: 11:37:44, time: 3.286, data_time: 0.000, memory: 5243, top1_acc: 0.9359, top5_acc: 0.9816, loss_cls: 0.2375, loss: 0.2375
2026-09-09 13:59:19,643 - pyskl - INFO - Epoch [14][3900/5537]	lr: 1.249e-03, eta: 11:32:18, time: 3.281, data_time: 0.000, memory: 5243, top1_acc: 0.9463, top5_acc: 0.9844, loss_cls: 0.2082, loss: 0.2082
2026-09-09 14:04:49,584 - pyskl - INFO - Epoch [14][4000/5537]	lr: 1.229e-03, eta: 11:26:52, time: 3.299, data_time: 0.000, memory: 5243, top1_acc: 0.9403, top5_acc: 0.9825, loss_cls: 0.2119, loss: 0.2119
2026-09-09 14:10:18,940 - pyskl - INFO - Epoch [14][4100/5537]	lr: 1.210e-03, eta: 11:21:25, time: 3.294, data_time: 0.000, memory: 5243, top1_acc: 0.9481, top5_acc: 0.9878, loss_cls: 0.1914, loss: 0.1914
2026-09-09 14:15:48,394 - pyskl - INFO - Epoch [14][4200/5537]	lr: 1.191e-03, eta: 11:15:59, time: 3.295, data_time: 0.000, memory: 5243, top1_acc: 0.9428, top5_acc: 0.9828, loss_cls: 0.2117, loss: 0.2117
2026-09-09 14:21:16,658 - pyskl - INFO - Epoch [14][4300/5537]	lr: 1.173e-03, eta: 11:10:32, time: 3.283, data_time: 0.000, memory: 5243, top1_acc: 0.9400, top5_acc: 0.9831, loss_cls: 0.2142, loss: 0.2142
2026-09-09 14:26:45,122 - pyskl - INFO - Epoch [14][4400/5537]	lr: 1.154e-03, eta: 11:05:06, time: 3.285, data_time: 0.000, memory: 5243, top1_acc: 0.9384, top5_acc: 0.9825, loss_cls: 0.2126, loss: 0.2126
2026-09-09 14:32:14,131 - pyskl - INFO - Epoch [14][4500/5537]	lr: 1.135e-03, eta: 10:59:39, time: 3.290, data_time: 0.000, memory: 5243, top1_acc: 0.9381, top5_acc: 0.9822, loss_cls: 0.2105, loss: 0.2105
2026-09-09 14:37:42,762 - pyskl - INFO - Epoch [14][4600/5537]	lr: 1.117e-03, eta: 10:54:13, time: 3.286, data_time: 0.000, memory: 5243, top1_acc: 0.9400, top5_acc: 0.9850, loss_cls: 0.2217, loss: 0.2217
2026-09-09 14:43:11,716 - pyskl - INFO - Epoch [14][4700/5537]	lr: 1.099e-03, eta: 10:48:46, time: 3.290, data_time: 0.000, memory: 5243, top1_acc: 0.9356, top5_acc: 0.9791, loss_cls: 0.2315, loss: 0.2315
2026-09-09 14:48:40,715 - pyskl - INFO - Epoch [14][4800/5537]	lr: 1.081e-03, eta: 10:43:20, time: 3.290, data_time: 0.000, memory: 5243, top1_acc: 0.9456, top5_acc: 0.9812, loss_cls: 0.2035, loss: 0.2035
2026-09-09 14:54:10,403 - pyskl - INFO - Epoch [14][4900/5537]	lr: 1.063e-03, eta: 10:37:53, time: 3.297, data_time: 0.000, memory: 5243, top1_acc: 0.9472, top5_acc: 0.9853, loss_cls: 0.1970, loss: 0.1970
2026-09-09 14:59:39,488 - pyskl - INFO - Epoch [14][5000/5537]	lr: 1.045e-03, eta: 10:32:27, time: 3.291, data_time: 0.000, memory: 5243, top1_acc: 0.9466, top5_acc: 0.9850, loss_cls: 0.1946, loss: 0.1946
2026-09-09 15:05:11,185 - pyskl - INFO - Epoch [14][5100/5537]	lr: 1.027e-03, eta: 10:27:01, time: 3.317, data_time: 0.000, memory: 5243, top1_acc: 0.9437, top5_acc: 0.9822, loss_cls: 0.2120, loss: 0.2120
2026-09-09 15:10:41,791 - pyskl - INFO - Epoch [14][5200/5537]	lr: 1.010e-03, eta: 10:21:35, time: 3.306, data_time: 0.000, memory: 5243, top1_acc: 0.9447, top5_acc: 0.9841, loss_cls: 0.2090, loss: 0.2090
2026-09-09 15:16:11,587 - pyskl - INFO - Epoch [14][5300/5537]	lr: 9.923e-04, eta: 10:16:08, time: 3.298, data_time: 0.000, memory: 5243, top1_acc: 0.9484, top5_acc: 0.9859, loss_cls: 0.1840, loss: 0.1840
2026-09-09 15:21:40,908 - pyskl - INFO - Epoch [14][5400/5537]	lr: 9.751e-04, eta: 10:10:42, time: 3.293, data_time: 0.000, memory: 5243, top1_acc: 0.9447, top5_acc: 0.9866, loss_cls: 0.2054, loss: 0.2054
2026-09-09 15:27:10,702 - pyskl - INFO - Epoch [14][5500/5537]	lr: 9.580e-04, eta: 10:05:15, time: 3.298, data_time: 0.000, memory: 5243, top1_acc: 0.9484, top5_acc: 0.9850, loss_cls: 0.2002, loss: 0.2002
2026-09-09 15:29:13,283 - pyskl - INFO - Saving checkpoint at 14 epochs
2026-09-09 15:38:05,300 - pyskl - INFO - Evaluating top_k_accuracy ...
2026-09-09 15:38:05,320 - pyskl - INFO - 
top1_acc	0.9063
top5_acc	0.9854
2026-09-09 15:38:05,322 - pyskl - INFO - The previous best checkpoint D:\YXJProject\pythonProject\pyskl\work_dirs\aug_baseline\stgcnpp_j\train\A6_mixed_p0.3\best_top1_acc_epoch_13.pth was removed
2026-09-09 15:38:05,462 - pyskl - INFO - Now best checkpoint is saved as best_top1_acc_epoch_14.pth.
2026-09-09 15:38:05,462 - pyskl - INFO - Best top1_acc is 0.9063 at 14 epoch.
2026-09-09 15:38:05,463 - pyskl - INFO - Epoch(val) [14][146]	top1_acc: 0.9063, top5_acc: 0.9854
2026-09-09 15:43:48,026 - pyskl - INFO - Epoch [15][100/5537]	lr: 9.348e-04, eta: 9:57:33, time: 3.426, data_time: 0.113, memory: 5243, top1_acc: 0.9431, top5_acc: 0.9834, loss_cls: 0.2066, loss: 0.2066
2026-09-09 15:49:16,878 - pyskl - INFO - Epoch [15][200/5537]	lr: 9.180e-04, eta: 9:52:06, time: 3.289, data_time: 0.000, memory: 5243, top1_acc: 0.9441, top5_acc: 0.9847, loss_cls: 0.2020, loss: 0.2020
2026-09-09 15:54:45,838 - pyskl - INFO - Epoch [15][300/5537]	lr: 9.014e-04, eta: 9:46:40, time: 3.290, data_time: 0.000, memory: 5243, top1_acc: 0.9447, top5_acc: 0.9834, loss_cls: 0.2131, loss: 0.2131
2026-09-09 16:00:14,459 - pyskl - INFO - Epoch [15][400/5537]	lr: 8.850e-04, eta: 9:41:13, time: 3.286, data_time: 0.000, memory: 5243, top1_acc: 0.9522, top5_acc: 0.9866, loss_cls: 0.1829, loss: 0.1829
2026-09-09 16:05:44,320 - pyskl - INFO - Epoch [15][500/5537]	lr: 8.687e-04, eta: 9:35:47, time: 3.299, data_time: 0.000, memory: 5243, top1_acc: 0.9400, top5_acc: 0.9809, loss_cls: 0.2213, loss: 0.2213
2026-09-09 16:11:12,259 - pyskl - INFO - Epoch [15][600/5537]	lr: 8.525e-04, eta: 9:30:20, time: 3.279, data_time: 0.000, memory: 5243, top1_acc: 0.9513, top5_acc: 0.9869, loss_cls: 0.1840, loss: 0.1840
2026-09-09 16:16:40,926 - pyskl - INFO - Epoch [15][700/5537]	lr: 8.365e-04, eta: 9:24:54, time: 3.287, data_time: 0.000, memory: 5243, top1_acc: 0.9484, top5_acc: 0.9872, loss_cls: 0.1888, loss: 0.1888
2026-09-09 16:22:09,427 - pyskl - INFO - Epoch [15][800/5537]	lr: 8.206e-04, eta: 9:19:28, time: 3.285, data_time: 0.000, memory: 5243, top1_acc: 0.9403, top5_acc: 0.9822, loss_cls: 0.2187, loss: 0.2187
2026-09-09 16:27:37,871 - pyskl - INFO - Epoch [15][900/5537]	lr: 8.049e-04, eta: 9:14:01, time: 3.284, data_time: 0.000, memory: 5243, top1_acc: 0.9416, top5_acc: 0.9806, loss_cls: 0.2090, loss: 0.2090
2026-09-09 16:33:05,675 - pyskl - INFO - Epoch [15][1000/5537]	lr: 7.893e-04, eta: 9:08:34, time: 3.278, data_time: 0.000, memory: 5243, top1_acc: 0.9494, top5_acc: 0.9859, loss_cls: 0.1823, loss: 0.1823
2026-09-09 16:38:33,930 - pyskl - INFO - Epoch [15][1100/5537]	lr: 7.739e-04, eta: 9:03:08, time: 3.283, data_time: 0.000, memory: 5243, top1_acc: 0.9459, top5_acc: 0.9841, loss_cls: 0.1964, loss: 0.1964
2026-09-09 16:44:02,913 - pyskl - INFO - Epoch [15][1200/5537]	lr: 7.586e-04, eta: 8:57:41, time: 3.290, data_time: 0.000, memory: 5243, top1_acc: 0.9494, top5_acc: 0.9816, loss_cls: 0.1952, loss: 0.1952
2026-09-09 16:49:32,044 - pyskl - INFO - Epoch [15][1300/5537]	lr: 7.435e-04, eta: 8:52:15, time: 3.291, data_time: 0.000, memory: 5243, top1_acc: 0.9425, top5_acc: 0.9816, loss_cls: 0.2139, loss: 0.2139
2026-09-09 16:55:00,332 - pyskl - INFO - Epoch [15][1400/5537]	lr: 7.285e-04, eta: 8:46:48, time: 3.283, data_time: 0.000, memory: 5243, top1_acc: 0.9531, top5_acc: 0.9856, loss_cls: 0.1776, loss: 0.1776
2026-09-09 17:00:29,036 - pyskl - INFO - Epoch [15][1500/5537]	lr: 7.137e-04, eta: 8:41:22, time: 3.287, data_time: 0.000, memory: 5243, top1_acc: 0.9537, top5_acc: 0.9853, loss_cls: 0.1842, loss: 0.1842
2026-09-09 17:05:58,584 - pyskl - INFO - Epoch [15][1600/5537]	lr: 6.990e-04, eta: 8:35:56, time: 3.295, data_time: 0.000, memory: 5243, top1_acc: 0.9494, top5_acc: 0.9862, loss_cls: 0.1820, loss: 0.1820
2026-09-09 17:11:27,089 - pyskl - INFO - Epoch [15][1700/5537]	lr: 6.844e-04, eta: 8:30:29, time: 3.285, data_time: 0.000, memory: 5243, top1_acc: 0.9459, top5_acc: 0.9828, loss_cls: 0.1993, loss: 0.1993
2026-09-09 17:16:56,244 - pyskl - INFO - Epoch [15][1800/5537]	lr: 6.700e-04, eta: 8:25:03, time: 3.292, data_time: 0.000, memory: 5243, top1_acc: 0.9494, top5_acc: 0.9850, loss_cls: 0.1903, loss: 0.1903
2026-09-09 17:22:24,548 - pyskl - INFO - Epoch [15][1900/5537]	lr: 6.558e-04, eta: 8:19:36, time: 3.283, data_time: 0.000, memory: 5243, top1_acc: 0.9425, top5_acc: 0.9838, loss_cls: 0.2009, loss: 0.2009
2026-09-09 17:27:53,475 - pyskl - INFO - Epoch [15][2000/5537]	lr: 6.417e-04, eta: 8:14:09, time: 3.289, data_time: 0.000, memory: 5243, top1_acc: 0.9528, top5_acc: 0.9866, loss_cls: 0.1772, loss: 0.1772
2026-09-09 17:33:24,024 - pyskl - INFO - Epoch [15][2100/5537]	lr: 6.278e-04, eta: 8:08:43, time: 3.305, data_time: 0.000, memory: 5243, top1_acc: 0.9472, top5_acc: 0.9847, loss_cls: 0.1947, loss: 0.1947
2026-09-09 17:38:52,652 - pyskl - INFO - Epoch [15][2200/5537]	lr: 6.140e-04, eta: 8:03:17, time: 3.286, data_time: 0.000, memory: 5243, top1_acc: 0.9387, top5_acc: 0.9819, loss_cls: 0.2097, loss: 0.2097
2026-09-09 17:44:21,630 - pyskl - INFO - Epoch [15][2300/5537]	lr: 6.003e-04, eta: 7:57:50, time: 3.290, data_time: 0.000, memory: 5243, top1_acc: 0.9472, top5_acc: 0.9834, loss_cls: 0.1991, loss: 0.1991
2026-09-09 17:49:51,812 - pyskl - INFO - Epoch [15][2400/5537]	lr: 5.868e-04, eta: 7:52:24, time: 3.302, data_time: 0.000, memory: 5243, top1_acc: 0.9591, top5_acc: 0.9909, loss_cls: 0.1525, loss: 0.1525
2026-09-09 17:55:19,647 - pyskl - INFO - Epoch [15][2500/5537]	lr: 5.735e-04, eta: 7:46:57, time: 3.278, data_time: 0.000, memory: 5243, top1_acc: 0.9469, top5_acc: 0.9856, loss_cls: 0.1899, loss: 0.1899
2026-09-09 18:00:47,639 - pyskl - INFO - Epoch [15][2600/5537]	lr: 5.603e-04, eta: 7:41:30, time: 3.280, data_time: 0.000, memory: 5243, top1_acc: 0.9497, top5_acc: 0.9875, loss_cls: 0.1776, loss: 0.1776
2026-09-09 18:06:16,660 - pyskl - INFO - Epoch [15][2700/5537]	lr: 5.472e-04, eta: 7:36:04, time: 3.290, data_time: 0.000, memory: 5243, top1_acc: 0.9434, top5_acc: 0.9831, loss_cls: 0.2070, loss: 0.2070
2026-09-09 18:11:45,609 - pyskl - INFO - Epoch [15][2800/5537]	lr: 5.343e-04, eta: 7:30:37, time: 3.289, data_time: 0.000, memory: 5243, top1_acc: 0.9544, top5_acc: 0.9869, loss_cls: 0.1731, loss: 0.1731
2026-09-09 18:17:15,585 - pyskl - INFO - Epoch [15][2900/5537]	lr: 5.216e-04, eta: 7:25:11, time: 3.300, data_time: 0.000, memory: 5243, top1_acc: 0.9475, top5_acc: 0.9850, loss_cls: 0.1928, loss: 0.1928
2026-09-09 18:22:44,347 - pyskl - INFO - Epoch [15][3000/5537]	lr: 5.090e-04, eta: 7:19:44, time: 3.288, data_time: 0.000, memory: 5243, top1_acc: 0.9434, top5_acc: 0.9869, loss_cls: 0.1965, loss: 0.1965
2026-09-09 18:28:13,339 - pyskl - INFO - Epoch [15][3100/5537]	lr: 4.965e-04, eta: 7:14:18, time: 3.290, data_time: 0.000, memory: 5243, top1_acc: 0.9525, top5_acc: 0.9881, loss_cls: 0.1733, loss: 0.1733
2026-09-09 18:33:43,087 - pyskl - INFO - Epoch [15][3200/5537]	lr: 4.842e-04, eta: 7:08:51, time: 3.297, data_time: 0.000, memory: 5243, top1_acc: 0.9497, top5_acc: 0.9853, loss_cls: 0.1950, loss: 0.1950
2026-09-09 18:39:12,253 - pyskl - INFO - Epoch [15][3300/5537]	lr: 4.721e-04, eta: 7:03:25, time: 3.292, data_time: 0.000, memory: 5243, top1_acc: 0.9500, top5_acc: 0.9847, loss_cls: 0.1866, loss: 0.1866
2026-09-09 18:44:41,156 - pyskl - INFO - Epoch [15][3400/5537]	lr: 4.601e-04, eta: 6:57:58, time: 3.289, data_time: 0.000, memory: 5243, top1_acc: 0.9528, top5_acc: 0.9841, loss_cls: 0.1777, loss: 0.1777
2026-09-09 18:50:10,560 - pyskl - INFO - Epoch [15][3500/5537]	lr: 4.483e-04, eta: 6:52:31, time: 3.294, data_time: 0.000, memory: 5243, top1_acc: 0.9547, top5_acc: 0.9866, loss_cls: 0.1758, loss: 0.1758
2026-09-09 18:55:38,698 - pyskl - INFO - Epoch [15][3600/5537]	lr: 4.366e-04, eta: 6:47:05, time: 3.281, data_time: 0.000, memory: 5243, top1_acc: 0.9531, top5_acc: 0.9850, loss_cls: 0.1757, loss: 0.1757
2026-09-09 19:01:08,039 - pyskl - INFO - Epoch [15][3700/5537]	lr: 4.250e-04, eta: 6:41:38, time: 3.293, data_time: 0.000, memory: 5243, top1_acc: 0.9497, top5_acc: 0.9875, loss_cls: 0.1788, loss: 0.1788
2026-09-09 19:06:38,949 - pyskl - INFO - Epoch [15][3800/5537]	lr: 4.137e-04, eta: 6:36:12, time: 3.309, data_time: 0.000, memory: 5243, top1_acc: 0.9444, top5_acc: 0.9847, loss_cls: 0.2017, loss: 0.2017
2026-09-09 19:12:06,934 - pyskl - INFO - Epoch [15][3900/5537]	lr: 4.024e-04, eta: 6:30:45, time: 3.280, data_time: 0.000, memory: 5243, top1_acc: 0.9491, top5_acc: 0.9819, loss_cls: 0.2031, loss: 0.2031
2026-09-09 19:17:35,775 - pyskl - INFO - Epoch [15][4000/5537]	lr: 3.913e-04, eta: 6:25:18, time: 3.288, data_time: 0.000, memory: 5243, top1_acc: 0.9537, top5_acc: 0.9862, loss_cls: 0.1715, loss: 0.1715
2026-09-09 19:23:04,632 - pyskl - INFO - Epoch [15][4100/5537]	lr: 3.804e-04, eta: 6:19:52, time: 3.289, data_time: 0.000, memory: 5243, top1_acc: 0.9469, top5_acc: 0.9847, loss_cls: 0.1953, loss: 0.1953
2026-09-09 19:28:34,011 - pyskl - INFO - Epoch [15][4200/5537]	lr: 3.696e-04, eta: 6:14:25, time: 3.294, data_time: 0.000, memory: 5243, top1_acc: 0.9494, top5_acc: 0.9847, loss_cls: 0.1914, loss: 0.1914
2026-09-09 19:34:03,220 - pyskl - INFO - Epoch [15][4300/5537]	lr: 3.590e-04, eta: 6:08:59, time: 3.292, data_time: 0.000, memory: 5243, top1_acc: 0.9522, top5_acc: 0.9859, loss_cls: 0.1808, loss: 0.1808
2026-09-09 19:39:32,092 - pyskl - INFO - Epoch [15][4400/5537]	lr: 3.485e-04, eta: 6:03:32, time: 3.289, data_time: 0.000, memory: 5243, top1_acc: 0.9453, top5_acc: 0.9841, loss_cls: 0.2048, loss: 0.2048
2026-09-09 19:45:01,311 - pyskl - INFO - Epoch [15][4500/5537]	lr: 3.382e-04, eta: 5:58:05, time: 3.292, data_time: 0.000, memory: 5243, top1_acc: 0.9528, top5_acc: 0.9831, loss_cls: 0.1875, loss: 0.1875
2026-09-09 19:50:23,821 - pyskl - INFO - Epoch [15][4600/5537]	lr: 3.281e-04, eta: 5:52:38, time: 3.225, data_time: 0.000, memory: 5243, top1_acc: 0.9494, top5_acc: 0.9819, loss_cls: 0.1907, loss: 0.1907
2026-09-09 19:55:41,884 - pyskl - INFO - Epoch [15][4700/5537]	lr: 3.181e-04, eta: 5:47:11, time: 3.181, data_time: 0.000, memory: 5243, top1_acc: 0.9503, top5_acc: 0.9831, loss_cls: 0.1942, loss: 0.1942
2026-09-09 20:01:00,273 - pyskl - INFO - Epoch [15][4800/5537]	lr: 3.082e-04, eta: 5:41:43, time: 3.184, data_time: 0.000, memory: 5243, top1_acc: 0.9522, top5_acc: 0.9866, loss_cls: 0.1703, loss: 0.1703
2026-09-09 20:06:17,404 - pyskl - INFO - Epoch [15][4900/5537]	lr: 2.985e-04, eta: 5:36:16, time: 3.171, data_time: 0.000, memory: 5243, top1_acc: 0.9416, top5_acc: 0.9812, loss_cls: 0.2078, loss: 0.2078
2026-09-09 20:11:33,803 - pyskl - INFO - Epoch [15][5000/5537]	lr: 2.889e-04, eta: 5:30:48, time: 3.164, data_time: 0.000, memory: 5243, top1_acc: 0.9425, top5_acc: 0.9816, loss_cls: 0.2058, loss: 0.2058
2026-09-09 20:16:50,744 - pyskl - INFO - Epoch [15][5100/5537]	lr: 2.795e-04, eta: 5:25:21, time: 3.169, data_time: 0.000, memory: 5243, top1_acc: 0.9475, top5_acc: 0.9838, loss_cls: 0.1970, loss: 0.1970
2026-09-09 20:22:01,997 - pyskl - INFO - Epoch [15][5200/5537]	lr: 2.703e-04, eta: 5:19:53, time: 3.113, data_time: 0.000, memory: 5243, top1_acc: 0.9519, top5_acc: 0.9853, loss_cls: 0.1794, loss: 0.1794
2026-09-09 20:27:10,138 - pyskl - INFO - Epoch [15][5300/5537]	lr: 2.612e-04, eta: 5:14:25, time: 3.081, data_time: 0.000, memory: 5243, top1_acc: 0.9487, top5_acc: 0.9844, loss_cls: 0.1908, loss: 0.1908
2026-09-09 20:32:18,086 - pyskl - INFO - Epoch [15][5400/5537]	lr: 2.523e-04, eta: 5:08:57, time: 3.079, data_time: 0.000, memory: 5243, top1_acc: 0.9475, top5_acc: 0.9859, loss_cls: 0.1905, loss: 0.1905
2026-09-09 20:37:26,542 - pyskl - INFO - Epoch [15][5500/5537]	lr: 2.435e-04, eta: 5:03:29, time: 3.085, data_time: 0.000, memory: 5243, top1_acc: 0.9503, top5_acc: 0.9844, loss_cls: 0.1861, loss: 0.1861
2026-09-09 20:39:20,164 - pyskl - INFO - Saving checkpoint at 15 epochs
2026-09-09 20:47:44,235 - pyskl - INFO - Evaluating top_k_accuracy ...
2026-09-09 20:47:44,253 - pyskl - INFO - 
top1_acc	0.9078
top5_acc	0.9837
2026-09-09 20:47:44,255 - pyskl - INFO - The previous best checkpoint D:\YXJProject\pythonProject\pyskl\work_dirs\aug_baseline\stgcnpp_j\train\A6_mixed_p0.3\best_top1_acc_epoch_14.pth was removed
2026-09-09 20:47:44,384 - pyskl - INFO - Now best checkpoint is saved as best_top1_acc_epoch_15.pth.
2026-09-09 20:47:44,384 - pyskl - INFO - Best top1_acc is 0.9078 at 15 epoch.
2026-09-09 20:47:44,385 - pyskl - INFO - Epoch(val) [15][146]	top1_acc: 0.9078, top5_acc: 0.9837
2026-09-09 20:53:07,158 - pyskl - INFO - Epoch [16][100/5537]	lr: 2.317e-04, eta: 4:55:53, time: 3.228, data_time: 0.109, memory: 5243, top1_acc: 0.9472, top5_acc: 0.9872, loss_cls: 0.1900, loss: 0.1900
2026-09-09 20:58:15,191 - pyskl - INFO - Epoch [16][200/5537]	lr: 2.233e-04, eta: 4:50:25, time: 3.080, data_time: 0.000, memory: 5243, top1_acc: 0.9525, top5_acc: 0.9875, loss_cls: 0.1641, loss: 0.1641
2026-09-09 21:03:23,104 - pyskl - INFO - Epoch [16][300/5537]	lr: 2.150e-04, eta: 4:44:58, time: 3.079, data_time: 0.000, memory: 5243, top1_acc: 0.9525, top5_acc: 0.9822, loss_cls: 0.1812, loss: 0.1812
2026-09-09 21:08:31,760 - pyskl - INFO - Epoch [16][400/5537]	lr: 2.069e-04, eta: 4:39:30, time: 3.087, data_time: 0.000, memory: 5243, top1_acc: 0.9463, top5_acc: 0.9791, loss_cls: 0.1953, loss: 0.1953
2026-09-09 21:13:39,138 - pyskl - INFO - Epoch [16][500/5537]	lr: 1.990e-04, eta: 4:34:02, time: 3.074, data_time: 0.000, memory: 5243, top1_acc: 0.9550, top5_acc: 0.9888, loss_cls: 0.1765, loss: 0.1765
2026-09-09 21:18:47,445 - pyskl - INFO - Epoch [16][600/5537]	lr: 1.912e-04, eta: 4:28:35, time: 3.083, data_time: 0.000, memory: 5243, top1_acc: 0.9494, top5_acc: 0.9834, loss_cls: 0.1870, loss: 0.1870
2026-09-09 21:23:56,222 - pyskl - INFO - Epoch [16][700/5537]	lr: 1.835e-04, eta: 4:23:07, time: 3.088, data_time: 0.000, memory: 5243, top1_acc: 0.9541, top5_acc: 0.9850, loss_cls: 0.1779, loss: 0.1779
2026-09-09 21:29:04,526 - pyskl - INFO - Epoch [16][800/5537]	lr: 1.760e-04, eta: 4:17:40, time: 3.083, data_time: 0.000, memory: 5243, top1_acc: 0.9516, top5_acc: 0.9841, loss_cls: 0.1800, loss: 0.1800
2026-09-09 21:34:12,302 - pyskl - INFO - Epoch [16][900/5537]	lr: 1.687e-04, eta: 4:12:13, time: 3.078, data_time: 0.000, memory: 5243, top1_acc: 0.9466, top5_acc: 0.9850, loss_cls: 0.1941, loss: 0.1941
2026-09-09 21:39:19,756 - pyskl - INFO - Epoch [16][1000/5537]	lr: 1.615e-04, eta: 4:06:45, time: 3.075, data_time: 0.000, memory: 5243, top1_acc: 0.9581, top5_acc: 0.9844, loss_cls: 0.1676, loss: 0.1676
2026-09-09 21:44:27,987 - pyskl - INFO - Epoch [16][1100/5537]	lr: 1.545e-04, eta: 4:01:18, time: 3.082, data_time: 0.000, memory: 5243, top1_acc: 0.9506, top5_acc: 0.9875, loss_cls: 0.1800, loss: 0.1800
2026-09-09 21:49:35,601 - pyskl - INFO - Epoch [16][1200/5537]	lr: 1.476e-04, eta: 3:55:51, time: 3.076, data_time: 0.000, memory: 5243, top1_acc: 0.9463, top5_acc: 0.9859, loss_cls: 0.1927, loss: 0.1927
2026-09-09 21:54:43,233 - pyskl - INFO - Epoch [16][1300/5537]	lr: 1.409e-04, eta: 3:50:23, time: 3.076, data_time: 0.000, memory: 5243, top1_acc: 0.9534, top5_acc: 0.9862, loss_cls: 0.1813, loss: 0.1813
2026-09-09 21:59:51,290 - pyskl - INFO - Epoch [16][1400/5537]	lr: 1.343e-04, eta: 3:44:56, time: 3.081, data_time: 0.000, memory: 5243, top1_acc: 0.9550, top5_acc: 0.9850, loss_cls: 0.1765, loss: 0.1765
2026-09-09 22:04:59,106 - pyskl - INFO - Epoch [16][1500/5537]	lr: 1.279e-04, eta: 3:39:29, time: 3.078, data_time: 0.000, memory: 5243, top1_acc: 0.9569, top5_acc: 0.9881, loss_cls: 0.1558, loss: 0.1558
2026-09-09 22:10:06,396 - pyskl - INFO - Epoch [16][1600/5537]	lr: 1.217e-04, eta: 3:34:02, time: 3.073, data_time: 0.000, memory: 5243, top1_acc: 0.9475, top5_acc: 0.9847, loss_cls: 0.1889, loss: 0.1889
2026-09-09 22:15:14,220 - pyskl - INFO - Epoch [16][1700/5537]	lr: 1.156e-04, eta: 3:28:35, time: 3.078, data_time: 0.000, memory: 5243, top1_acc: 0.9481, top5_acc: 0.9838, loss_cls: 0.1914, loss: 0.1914
2026-09-09 22:20:21,993 - pyskl - INFO - Epoch [16][1800/5537]	lr: 1.097e-04, eta: 3:23:08, time: 3.078, data_time: 0.000, memory: 5243, top1_acc: 0.9469, top5_acc: 0.9888, loss_cls: 0.1758, loss: 0.1758
2026-09-09 22:25:29,460 - pyskl - INFO - Epoch [16][1900/5537]	lr: 1.039e-04, eta: 3:17:41, time: 3.075, data_time: 0.000, memory: 5243, top1_acc: 0.9534, top5_acc: 0.9875, loss_cls: 0.1699, loss: 0.1699
2026-09-09 22:30:36,295 - pyskl - INFO - Epoch [16][2000/5537]	lr: 9.825e-05, eta: 3:12:14, time: 3.068, data_time: 0.000, memory: 5243, top1_acc: 0.9600, top5_acc: 0.9878, loss_cls: 0.1552, loss: 0.1552
2026-09-09 22:35:42,538 - pyskl - INFO - Epoch [16][2100/5537]	lr: 9.278e-05, eta: 3:06:47, time: 3.062, data_time: 0.000, memory: 5243, top1_acc: 0.9522, top5_acc: 0.9866, loss_cls: 0.1807, loss: 0.1807
2026-09-09 22:40:49,248 - pyskl - INFO - Epoch [16][2200/5537]	lr: 8.747e-05, eta: 3:01:20, time: 3.067, data_time: 0.000, memory: 5243, top1_acc: 0.9434, top5_acc: 0.9825, loss_cls: 0.1974, loss: 0.1974
2026-09-09 22:45:56,984 - pyskl - INFO - Epoch [16][2300/5537]	lr: 8.231e-05, eta: 2:55:54, time: 3.077, data_time: 0.000, memory: 5243, top1_acc: 0.9525, top5_acc: 0.9853, loss_cls: 0.1761, loss: 0.1761
2026-09-09 22:51:03,885 - pyskl - INFO - Epoch [16][2400/5537]	lr: 7.731e-05, eta: 2:50:27, time: 3.069, data_time: 0.000, memory: 5243, top1_acc: 0.9431, top5_acc: 0.9881, loss_cls: 0.1860, loss: 0.1860
2026-09-09 22:56:10,545 - pyskl - INFO - Epoch [16][2500/5537]	lr: 7.247e-05, eta: 2:45:00, time: 3.067, data_time: 0.000, memory: 5243, top1_acc: 0.9484, top5_acc: 0.9831, loss_cls: 0.1895, loss: 0.1895
2026-09-09 23:01:17,923 - pyskl - INFO - Epoch [16][2600/5537]	lr: 6.778e-05, eta: 2:39:34, time: 3.074, data_time: 0.000, memory: 5243, top1_acc: 0.9566, top5_acc: 0.9866, loss_cls: 0.1631, loss: 0.1631
2026-09-09 23:06:25,262 - pyskl - INFO - Epoch [16][2700/5537]	lr: 6.325e-05, eta: 2:34:07, time: 3.073, data_time: 0.000, memory: 5243, top1_acc: 0.9453, top5_acc: 0.9788, loss_cls: 0.2056, loss: 0.2056
2026-09-09 23:11:32,046 - pyskl - INFO - Epoch [16][2800/5537]	lr: 5.887e-05, eta: 2:28:40, time: 3.068, data_time: 0.000, memory: 5243, top1_acc: 0.9516, top5_acc: 0.9853, loss_cls: 0.1800, loss: 0.1800
2026-09-09 23:16:40,007 - pyskl - INFO - Epoch [16][2900/5537]	lr: 5.465e-05, eta: 2:23:14, time: 3.080, data_time: 0.000, memory: 5243, top1_acc: 0.9513, top5_acc: 0.9878, loss_cls: 0.1788, loss: 0.1788
2026-09-09 23:21:47,725 - pyskl - INFO - Epoch [16][3000/5537]	lr: 5.059e-05, eta: 2:17:47, time: 3.077, data_time: 0.000, memory: 5243, top1_acc: 0.9484, top5_acc: 0.9847, loss_cls: 0.1817, loss: 0.1817
2026-09-09 23:26:55,204 - pyskl - INFO - Epoch [16][3100/5537]	lr: 4.669e-05, eta: 2:12:21, time: 3.075, data_time: 0.000, memory: 5243, top1_acc: 0.9478, top5_acc: 0.9859, loss_cls: 0.1900, loss: 0.1900
2026-09-09 23:32:03,735 - pyskl - INFO - Epoch [16][3200/5537]	lr: 4.294e-05, eta: 2:06:55, time: 3.085, data_time: 0.000, memory: 5243, top1_acc: 0.9581, top5_acc: 0.9875, loss_cls: 0.1583, loss: 0.1583
2026-09-09 23:37:11,092 - pyskl - INFO - Epoch [16][3300/5537]	lr: 3.934e-05, eta: 2:01:28, time: 3.074, data_time: 0.000, memory: 5243, top1_acc: 0.9500, top5_acc: 0.9850, loss_cls: 0.1891, loss: 0.1891
2026-09-09 23:42:19,297 - pyskl - INFO - Epoch [16][3400/5537]	lr: 3.591e-05, eta: 1:56:02, time: 3.082, data_time: 0.000, memory: 5243, top1_acc: 0.9478, top5_acc: 0.9859, loss_cls: 0.1918, loss: 0.1918
2026-09-09 23:47:28,002 - pyskl - INFO - Epoch [16][3500/5537]	lr: 3.263e-05, eta: 1:50:36, time: 3.087, data_time: 0.000, memory: 5243, top1_acc: 0.9553, top5_acc: 0.9884, loss_cls: 0.1722, loss: 0.1722
2026-09-09 23:52:40,153 - pyskl - INFO - Epoch [16][3600/5537]	lr: 2.951e-05, eta: 1:45:10, time: 3.122, data_time: 0.000, memory: 5243, top1_acc: 0.9459, top5_acc: 0.9816, loss_cls: 0.1950, loss: 0.1950
2026-09-09 23:57:52,245 - pyskl - INFO - Epoch [16][3700/5537]	lr: 2.654e-05, eta: 1:39:44, time: 3.121, data_time: 0.000, memory: 5243, top1_acc: 0.9481, top5_acc: 0.9834, loss_cls: 0.1810, loss: 0.1810
2026-09-10 00:03:04,649 - pyskl - INFO - Epoch [16][3800/5537]	lr: 2.373e-05, eta: 1:34:18, time: 3.124, data_time: 0.000, memory: 5243, top1_acc: 0.9513, top5_acc: 0.9875, loss_cls: 0.1724, loss: 0.1724
2026-09-10 00:08:17,484 - pyskl - INFO - Epoch [16][3900/5537]	lr: 2.108e-05, eta: 1:28:52, time: 3.128, data_time: 0.000, memory: 5243, top1_acc: 0.9509, top5_acc: 0.9850, loss_cls: 0.1801, loss: 0.1801
2026-09-10 00:13:29,846 - pyskl - INFO - Epoch [16][4000/5537]	lr: 1.859e-05, eta: 1:23:26, time: 3.124, data_time: 0.000, memory: 5243, top1_acc: 0.9597, top5_acc: 0.9856, loss_cls: 0.1570, loss: 0.1570
2026-09-10 00:18:43,549 - pyskl - INFO - Epoch [16][4100/5537]	lr: 1.625e-05, eta: 1:18:00, time: 3.137, data_time: 0.000, memory: 5243, top1_acc: 0.9531, top5_acc: 0.9844, loss_cls: 0.1782, loss: 0.1782
2026-09-10 00:23:55,798 - pyskl - INFO - Epoch [16][4200/5537]	lr: 1.407e-05, eta: 1:12:34, time: 3.122, data_time: 0.000, memory: 5243, top1_acc: 0.9525, top5_acc: 0.9862, loss_cls: 0.1752, loss: 0.1752
2026-09-10 00:29:07,925 - pyskl - INFO - Epoch [16][4300/5537]	lr: 1.204e-05, eta: 1:07:08, time: 3.121, data_time: 0.000, memory: 5243, top1_acc: 0.9494, top5_acc: 0.9850, loss_cls: 0.1852, loss: 0.1852
2026-09-10 00:34:19,870 - pyskl - INFO - Epoch [16][4400/5537]	lr: 1.018e-05, eta: 1:01:42, time: 3.119, data_time: 0.000, memory: 5243, top1_acc: 0.9475, top5_acc: 0.9850, loss_cls: 0.1919, loss: 0.1919
2026-09-10 00:39:31,638 - pyskl - INFO - Epoch [16][4500/5537]	lr: 8.467e-06, eta: 0:56:16, time: 3.118, data_time: 0.000, memory: 5243, top1_acc: 0.9487, top5_acc: 0.9862, loss_cls: 0.1857, loss: 0.1857
2026-09-10 00:44:44,299 - pyskl - INFO - Epoch [16][4600/5537]	lr: 6.914e-06, eta: 0:50:51, time: 3.127, data_time: 0.000, memory: 5243, top1_acc: 0.9522, top5_acc: 0.9844, loss_cls: 0.1762, loss: 0.1762
2026-09-10 00:49:56,897 - pyskl - INFO - Epoch [16][4700/5537]	lr: 5.519e-06, eta: 0:45:25, time: 3.126, data_time: 0.000, memory: 5243, top1_acc: 0.9547, top5_acc: 0.9853, loss_cls: 0.1732, loss: 0.1732
2026-09-10 00:55:08,271 - pyskl - INFO - Epoch [16][4800/5537]	lr: 4.280e-06, eta: 0:39:59, time: 3.114, data_time: 0.000, memory: 5243, top1_acc: 0.9444, top5_acc: 0.9838, loss_cls: 0.2030, loss: 0.2030
2026-09-10 01:00:21,131 - pyskl - INFO - Epoch [16][4900/5537]	lr: 3.199e-06, eta: 0:34:33, time: 3.129, data_time: 0.000, memory: 5243, top1_acc: 0.9591, top5_acc: 0.9878, loss_cls: 0.1599, loss: 0.1599
2026-09-10 01:05:34,396 - pyskl - INFO - Epoch [16][5000/5537]	lr: 2.275e-06, eta: 0:29:08, time: 3.133, data_time: 0.000, memory: 5243, top1_acc: 0.9519, top5_acc: 0.9825, loss_cls: 0.1886, loss: 0.1886
2026-09-10 01:10:46,417 - pyskl - INFO - Epoch [16][5100/5537]	lr: 1.508e-06, eta: 0:23:42, time: 3.120, data_time: 0.000, memory: 5243, top1_acc: 0.9463, top5_acc: 0.9828, loss_cls: 0.1933, loss: 0.1933
2026-09-10 01:15:59,754 - pyskl - INFO - Epoch [16][5200/5537]	lr: 8.979e-07, eta: 0:18:17, time: 3.133, data_time: 0.000, memory: 5243, top1_acc: 0.9487, top5_acc: 0.9866, loss_cls: 0.1882, loss: 0.1882
2026-09-10 01:21:12,336 - pyskl - INFO - Epoch [16][5300/5537]	lr: 4.452e-07, eta: 0:12:51, time: 3.126, data_time: 0.000, memory: 5243, top1_acc: 0.9522, top5_acc: 0.9878, loss_cls: 0.1702, loss: 0.1702
2026-09-10 01:26:24,271 - pyskl - INFO - Epoch [16][5400/5537]	lr: 1.497e-07, eta: 0:07:25, time: 3.119, data_time: 0.000, memory: 5243, top1_acc: 0.9594, top5_acc: 0.9891, loss_cls: 0.1594, loss: 0.1594
2026-09-10 01:31:37,280 - pyskl - INFO - Epoch [16][5500/5537]	lr: 1.135e-08, eta: 0:02:00, time: 3.130, data_time: 0.000, memory: 5243, top1_acc: 0.9422, top5_acc: 0.9809, loss_cls: 0.2068, loss: 0.2068
2026-09-10 01:33:33,022 - pyskl - INFO - Saving checkpoint at 16 epochs
2026-09-10 01:41:54,996 - pyskl - INFO - Evaluating top_k_accuracy ...
2026-09-10 01:41:55,014 - pyskl - INFO - 
top1_acc	0.9098
top5_acc	0.9841
2026-09-10 01:41:55,016 - pyskl - INFO - The previous best checkpoint D:\YXJProject\pythonProject\pyskl\work_dirs\aug_baseline\stgcnpp_j\train\A6_mixed_p0.3\best_top1_acc_epoch_15.pth was removed
2026-09-10 01:41:55,162 - pyskl - INFO - Now best checkpoint is saved as best_top1_acc_epoch_16.pth.
2026-09-10 01:41:55,163 - pyskl - INFO - Best top1_acc is 0.9098 at 16 epoch.
2026-09-10 01:41:55,164 - pyskl - INFO - Epoch(val) [16][146]	top1_acc: 0.9098, top5_acc: 0.9841
2026-09-10 01:42:10,999 - pyskl - INFO - 4655 videos remain after valid thresholding
2026-09-10 01:42:11,000 - pyskl - INFO - load checkpoint from local path: ./work_dirs/aug_baseline/stgcnpp_j/train/A6_mixed_p0.3\best_top1_acc_epoch_16.pth
2026-09-10 03:15:39,684 - pyskl - INFO - Testing results of the best checkpoint
2026-09-10 03:15:39,684 - pyskl - INFO - top1_acc: 0.9119
2026-09-10 03:15:39,684 - pyskl - INFO - top5_acc: 0.9850
