2026-09-06 14:45:39,395 - pyskl - INFO - Environment info:
------------------------------------------------------------
sys.platform: win32
Python: 3.10.20 | packaged by conda-forge | (main, Jun 11 2026, 03:28:51) [MSC v.1944 64 bit (AMD64)]
CUDA available: True
GPU 0: NVIDIA GeForce GTX 1080 Ti
CUDA_HOME: C:\Program Files\NVIDIA GPU Computing Toolkit\CUDA\v11.6
NVCC: Cuda compilation tools, release 11.6, V11.6.55
MSVC: Microsoft (R) C/C++ Optimizing Compiler Version 19.51.36252 for x64
GCC: n/a
PyTorch: 1.12.1+cu113
PyTorch compiling details: PyTorch built with:
  - C++ Version: 199711
  - MSVC 192829337
  - Intel(R) Math Kernel Library Version 2020.0.2 Product Build 20200624 for Intel(R) 64 architecture applications
  - Intel(R) MKL-DNN v2.6.0 (Git Hash 52b5f107dd9cf10910aaa19cb47f3abf9b349815)
  - OpenMP 2019
  - LAPACK is enabled (usually provided by MKL)
  - CPU capability usage: AVX2
  - CUDA Runtime 11.3
  - NVCC architecture flags: -gencode;arch=compute_37,code=sm_37;-gencode;arch=compute_50,code=sm_50;-gencode;arch=compute_60,code=sm_60;-gencode;arch=compute_61,code=sm_61;-gencode;arch=compute_70,code=sm_70;-gencode;arch=compute_75,code=sm_75;-gencode;arch=compute_80,code=sm_80;-gencode;arch=compute_86,code=sm_86;-gencode;arch=compute_37,code=compute_37
  - CuDNN 8.3.2  (built against CUDA 11.5)
  - Magma 2.5.4
  - Build settings: BLAS_INFO=mkl, BUILD_TYPE=Release, CUDA_VERSION=11.3, CUDNN_VERSION=8.3.2, CXX_COMPILER=C:/actions-runner/_work/pytorch/pytorch/builder/windows/tmp_bin/sccache-cl.exe, CXX_FLAGS=/DWIN32 /D_WINDOWS /GR /EHsc /w /bigobj -DUSE_PTHREADPOOL -openmp:experimental -IC:/actions-runner/_work/pytorch/pytorch/builder/windows/mkl/include -DNDEBUG -DUSE_KINETO -DLIBKINETO_NOCUPTI -DUSE_FBGEMM -DUSE_XNNPACK -DSYMBOLICATE_MOBILE_DEBUG_HANDLE -DEDGE_PROFILER_USE_KINETO, LAPACK_INFO=mkl, PERF_WITH_AVX=1, PERF_WITH_AVX2=1, PERF_WITH_AVX512=1, TORCH_VERSION=1.12.1, USE_CUDA=ON, USE_CUDNN=ON, USE_EXCEPTION_PTR=1, USE_GFLAGS=OFF, USE_GLOG=OFF, USE_MKL=ON, USE_MKLDNN=OFF, USE_MPI=OFF, USE_NCCL=OFF, USE_NNPACK=OFF, USE_OPENMP=ON, USE_ROCM=OFF, 

TorchVision: 0.13.1+cu113
OpenCV: 4.7.0
MMCV: 1.7.0
MMCV Compiler: MSVC 192829924
MMCV CUDA Compiler: 11.3
pyskl: 0.1.0+92a72da
------------------------------------------------------------

2026-09-06 14:45:39,514 - pyskl - INFO - Config: model = dict(
    type='RecognizerGCN',
    backbone=dict(
        type='STGCN',
        gcn_adaptive='init',
        gcn_with_res=True,
        tcn_type='mstcn',
        graph_cfg=dict(layout='nturgb+d', mode='spatial')),
    cls_head=dict(type='GCNHead', num_classes=60, in_channels=256))
dataset_type = 'PoseDataset'
ann_file = 'data/nturgbd/ntu60_inner_split.pkl'
train_pipeline = [
    dict(type='PreNormalize3D'),
    dict(
        type='RandomSkeletonDegrade',
        degrade_type='mixed',
        prob=0.6,
        dataset='nturgb+d',
        severity_sampling='S3',
        mixed_apply_prob=0.5),
    dict(type='GenSkeFeat', dataset='nturgb+d', feats=['j']),
    dict(type='UniformSample', clip_len=100),
    dict(type='PoseDecode'),
    dict(type='FormatGCNInput', num_person=2),
    dict(type='Collect', keys=['keypoint', 'label'], meta_keys=[]),
    dict(type='ToTensor', keys=['keypoint'])
]
val_pipeline = [
    dict(type='PreNormalize3D'),
    dict(type='GenSkeFeat', dataset='nturgb+d', feats=['j']),
    dict(type='UniformSample', clip_len=100, num_clips=1),
    dict(type='PoseDecode'),
    dict(type='FormatGCNInput', num_person=2),
    dict(type='Collect', keys=['keypoint', 'label'], meta_keys=[]),
    dict(type='ToTensor', keys=['keypoint'])
]
test_pipeline = [
    dict(type='PreNormalize3D'),
    dict(type='GenSkeFeat', dataset='nturgb+d', feats=['j']),
    dict(type='UniformSample', clip_len=100, num_clips=10, seed=255),
    dict(type='PoseDecode'),
    dict(type='FormatGCNInput', num_person=2),
    dict(type='Collect', keys=['keypoint', 'label'], meta_keys=[]),
    dict(type='ToTensor', keys=['keypoint'])
]
data = dict(
    videos_per_gpu=32,
    workers_per_gpu=2,
    test_dataloader=dict(videos_per_gpu=1),
    train=dict(
        type='RepeatDataset',
        times=5,
        dataset=dict(
            type='PoseDataset',
            ann_file='data/nturgbd/ntu60_inner_split.pkl',
            pipeline=[
                dict(type='PreNormalize3D'),
                dict(
                    type='RandomSkeletonDegrade',
                    degrade_type='mixed',
                    prob=0.6,
                    dataset='nturgb+d',
                    severity_sampling='S3',
                    mixed_apply_prob=0.5),
                dict(type='GenSkeFeat', dataset='nturgb+d', feats=['j']),
                dict(type='UniformSample', clip_len=100),
                dict(type='PoseDecode'),
                dict(type='FormatGCNInput', num_person=2),
                dict(type='Collect', keys=['keypoint', 'label'], meta_keys=[]),
                dict(type='ToTensor', keys=['keypoint'])
            ],
            split='inner_train')),
    val=dict(
        type='PoseDataset',
        ann_file='data/nturgbd/ntu60_inner_split.pkl',
        pipeline=[
            dict(type='PreNormalize3D'),
            dict(type='GenSkeFeat', dataset='nturgb+d', feats=['j']),
            dict(type='UniformSample', clip_len=100, num_clips=1),
            dict(type='PoseDecode'),
            dict(type='FormatGCNInput', num_person=2),
            dict(type='Collect', keys=['keypoint', 'label'], meta_keys=[]),
            dict(type='ToTensor', keys=['keypoint'])
        ],
        split='inner_val'),
    test=dict(
        type='PoseDataset',
        ann_file='data/nturgbd/ntu60_inner_split.pkl',
        pipeline=[
            dict(type='PreNormalize3D'),
            dict(type='GenSkeFeat', dataset='nturgb+d', feats=['j']),
            dict(type='UniformSample', clip_len=100, num_clips=10, seed=255),
            dict(type='PoseDecode'),
            dict(type='FormatGCNInput', num_person=2),
            dict(type='Collect', keys=['keypoint', 'label'], meta_keys=[]),
            dict(type='ToTensor', keys=['keypoint'])
        ],
        split='inner_val'))
optimizer = dict(
    type='SGD', lr=0.025, momentum=0.9, weight_decay=0.0005, nesterov=True)
optimizer_config = dict(grad_clip=None)
lr_config = dict(policy='CosineAnnealing', min_lr=0, by_epoch=False)
total_epochs = 16
checkpoint_config = dict(interval=1)
evaluation = dict(interval=1, metrics=['top_k_accuracy'])
log_config = dict(interval=100, hooks=[dict(type='TextLoggerHook')])
log_level = 'INFO'
work_dir = './work_dirs/aug_baseline/stgcnpp_j/train/A6_mixed_p0.6'
dist_params = dict(backend='gloo')
gpu_ids = range(0, 1)

2026-09-06 14:45:39,521 - pyskl - INFO - Set random seed to 255, deterministic: True
2026-09-06 14:45:47,575 - pyskl - INFO - 35436 videos remain after valid thresholding
2026-09-06 14:45:57,906 - pyskl - INFO - 4655 videos remain after valid thresholding
2026-09-06 14:45:57,907 - pyskl - INFO - Start running, host: iot@SERVER-ASUS1080Ti, work_dir: D:\YxjProject\pythonProject\pyskl\work_dirs\aug_baseline\stgcnpp_j\train\A6_mixed_p0.6
2026-09-06 14:45:57,908 - pyskl - INFO - Hooks will be executed in the following order:
before_run:
(VERY_HIGH   ) CosineAnnealingLrUpdaterHook       
(NORMAL      ) CheckpointHook                     
(NORMAL      ) DistEvalHook                       
(VERY_LOW    ) TextLoggerHook                     
 -------------------- 
before_train_epoch:
(VERY_HIGH   ) CosineAnnealingLrUpdaterHook       
(NORMAL      ) DistSamplerSeedHook                
(NORMAL      ) DistEvalHook                       
(LOW         ) IterTimerHook                      
(VERY_LOW    ) TextLoggerHook                     
 -------------------- 
before_train_iter:
(VERY_HIGH   ) CosineAnnealingLrUpdaterHook       
(NORMAL      ) DistEvalHook                       
(LOW         ) IterTimerHook                      
 -------------------- 
after_train_iter:
(ABOVE_NORMAL) OptimizerHook                      
(NORMAL      ) CheckpointHook                     
(NORMAL      ) DistEvalHook                       
(LOW         ) IterTimerHook                      
(VERY_LOW    ) TextLoggerHook                     
 -------------------- 
after_train_epoch:
(NORMAL      ) CheckpointHook                     
(NORMAL      ) DistEvalHook                       
(VERY_LOW    ) TextLoggerHook                     
 -------------------- 
before_val_epoch:
(NORMAL      ) DistSamplerSeedHook                
(LOW         ) IterTimerHook                      
(VERY_LOW    ) TextLoggerHook                     
 -------------------- 
before_val_iter:
(LOW         ) IterTimerHook                      
 -------------------- 
after_val_iter:
(LOW         ) IterTimerHook                      
 -------------------- 
after_val_epoch:
(VERY_LOW    ) TextLoggerHook                     
 -------------------- 
after_run:
(VERY_LOW    ) TextLoggerHook                     
 -------------------- 
2026-09-06 14:45:57,911 - pyskl - INFO - workflow: [('train', 1)], max: 16 epochs
2026-09-06 14:45:57,911 - pyskl - INFO - Checkpoints will be saved to D:\YxjProject\pythonProject\pyskl\work_dirs\aug_baseline\stgcnpp_j\train\A6_mixed_p0.6 by HardDiskBackend.
2026-09-06 14:50:55,895 - pyskl - INFO - Epoch [1][100/5537]	lr: 2.500e-02, eta: 3 days, 1:14:49, time: 2.980, data_time: 0.090, memory: 5243, top1_acc: 0.0475, top5_acc: 0.1822, loss_cls: 3.8434, loss: 3.8434
2026-09-06 14:55:42,347 - pyskl - INFO - Epoch [1][200/5537]	lr: 2.500e-02, eta: 2 days, 23:44:55, time: 2.865, data_time: 0.000, memory: 5243, top1_acc: 0.1000, top5_acc: 0.3141, loss_cls: 3.4743, loss: 3.4743
2026-09-06 15:00:27,392 - pyskl - INFO - Epoch [1][300/5537]	lr: 2.500e-02, eta: 2 days, 23:04:52, time: 2.850, data_time: 0.000, memory: 5243, top1_acc: 0.1281, top5_acc: 0.3875, loss_cls: 3.2372, loss: 3.2372
2026-09-06 15:05:12,422 - pyskl - INFO - Epoch [1][400/5537]	lr: 2.500e-02, eta: 2 days, 22:42:26, time: 2.850, data_time: 0.000, memory: 5243, top1_acc: 0.1628, top5_acc: 0.4584, loss_cls: 3.0263, loss: 3.0263
2026-09-06 15:09:56,816 - pyskl - INFO - Epoch [1][500/5537]	lr: 2.500e-02, eta: 2 days, 22:25:11, time: 2.844, data_time: 0.000, memory: 5243, top1_acc: 0.2034, top5_acc: 0.5394, loss_cls: 2.8361, loss: 2.8361
2026-09-06 15:14:41,303 - pyskl - INFO - Epoch [1][600/5537]	lr: 2.500e-02, eta: 2 days, 22:12:20, time: 2.845, data_time: 0.000, memory: 5243, top1_acc: 0.2391, top5_acc: 0.5891, loss_cls: 2.6759, loss: 2.6759
2026-09-06 15:19:25,661 - pyskl - INFO - Epoch [1][700/5537]	lr: 2.500e-02, eta: 2 days, 22:01:32, time: 2.844, data_time: 0.000, memory: 5243, top1_acc: 0.2603, top5_acc: 0.6359, loss_cls: 2.5150, loss: 2.5150
2026-09-06 15:24:10,297 - pyskl - INFO - Epoch [1][800/5537]	lr: 2.499e-02, eta: 2 days, 21:52:46, time: 2.846, data_time: 0.000, memory: 5243, top1_acc: 0.3013, top5_acc: 0.6797, loss_cls: 2.4134, loss: 2.4134
2026-09-06 15:28:54,997 - pyskl - INFO - Epoch [1][900/5537]	lr: 2.499e-02, eta: 2 days, 21:44:59, time: 2.847, data_time: 0.000, memory: 5243, top1_acc: 0.3197, top5_acc: 0.7013, loss_cls: 2.3332, loss: 2.3332
2026-09-06 15:33:39,718 - pyskl - INFO - Epoch [1][1000/5537]	lr: 2.499e-02, eta: 2 days, 21:37:50, time: 2.847, data_time: 0.000, memory: 5243, top1_acc: 0.3250, top5_acc: 0.7159, loss_cls: 2.2765, loss: 2.2765
2026-09-06 15:38:23,985 - pyskl - INFO - Epoch [1][1100/5537]	lr: 2.499e-02, eta: 2 days, 21:30:32, time: 2.843, data_time: 0.000, memory: 5243, top1_acc: 0.3909, top5_acc: 0.7503, loss_cls: 2.1171, loss: 2.1171
2026-09-06 15:43:08,642 - pyskl - INFO - Epoch [1][1200/5537]	lr: 2.499e-02, eta: 2 days, 21:24:08, time: 2.847, data_time: 0.000, memory: 5243, top1_acc: 0.3800, top5_acc: 0.7591, loss_cls: 2.0843, loss: 2.0843
2026-09-06 15:47:53,592 - pyskl - INFO - Epoch [1][1300/5537]	lr: 2.499e-02, eta: 2 days, 21:18:19, time: 2.849, data_time: 0.000, memory: 5243, top1_acc: 0.3897, top5_acc: 0.7647, loss_cls: 2.0495, loss: 2.0495
2026-09-06 15:52:38,191 - pyskl - INFO - Epoch [1][1400/5537]	lr: 2.498e-02, eta: 2 days, 21:12:17, time: 2.846, data_time: 0.000, memory: 5243, top1_acc: 0.4053, top5_acc: 0.7644, loss_cls: 2.0066, loss: 2.0066
2026-09-06 15:57:22,969 - pyskl - INFO - Epoch [1][1500/5537]	lr: 2.498e-02, eta: 2 days, 21:06:35, time: 2.848, data_time: 0.000, memory: 5243, top1_acc: 0.4088, top5_acc: 0.7850, loss_cls: 1.9680, loss: 1.9680
2026-09-06 16:02:06,860 - pyskl - INFO - Epoch [1][1600/5537]	lr: 2.498e-02, eta: 2 days, 21:00:13, time: 2.839, data_time: 0.000, memory: 5243, top1_acc: 0.4356, top5_acc: 0.7903, loss_cls: 1.9012, loss: 1.9012
2026-09-06 16:06:50,102 - pyskl - INFO - Epoch [1][1700/5537]	lr: 2.498e-02, eta: 2 days, 20:53:29, time: 2.832, data_time: 0.000, memory: 5243, top1_acc: 0.4500, top5_acc: 0.8063, loss_cls: 1.8415, loss: 1.8415
2026-09-06 16:11:33,418 - pyskl - INFO - Epoch [1][1800/5537]	lr: 2.497e-02, eta: 2 days, 20:47:02, time: 2.833, data_time: 0.000, memory: 5243, top1_acc: 0.4522, top5_acc: 0.8025, loss_cls: 1.8455, loss: 1.8455
2026-09-06 16:16:16,568 - pyskl - INFO - Epoch [1][1900/5537]	lr: 2.497e-02, eta: 2 days, 20:40:38, time: 2.831, data_time: 0.000, memory: 5243, top1_acc: 0.4644, top5_acc: 0.8063, loss_cls: 1.8158, loss: 1.8158
2026-09-06 16:21:01,153 - pyskl - INFO - Epoch [1][2000/5537]	lr: 2.497e-02, eta: 2 days, 20:35:27, time: 2.846, data_time: 0.000, memory: 5243, top1_acc: 0.4775, top5_acc: 0.8150, loss_cls: 1.7615, loss: 1.7615
2026-09-06 16:25:44,519 - pyskl - INFO - Epoch [1][2100/5537]	lr: 2.497e-02, eta: 2 days, 20:29:28, time: 2.834, data_time: 0.000, memory: 5243, top1_acc: 0.4919, top5_acc: 0.8344, loss_cls: 1.7144, loss: 1.7144
2026-09-06 16:30:28,832 - pyskl - INFO - Epoch [1][2200/5537]	lr: 2.496e-02, eta: 2 days, 20:24:12, time: 2.843, data_time: 0.000, memory: 5243, top1_acc: 0.4897, top5_acc: 0.8187, loss_cls: 1.7266, loss: 1.7266
2026-09-06 16:35:13,574 - pyskl - INFO - Epoch [1][2300/5537]	lr: 2.496e-02, eta: 2 days, 20:19:16, time: 2.847, data_time: 0.000, memory: 5243, top1_acc: 0.4913, top5_acc: 0.8294, loss_cls: 1.6816, loss: 1.6816
2026-09-06 16:39:57,721 - pyskl - INFO - Epoch [1][2400/5537]	lr: 2.495e-02, eta: 2 days, 20:13:59, time: 2.841, data_time: 0.000, memory: 5243, top1_acc: 0.4941, top5_acc: 0.8331, loss_cls: 1.6738, loss: 1.6738
2026-09-06 16:44:42,074 - pyskl - INFO - Epoch [1][2500/5537]	lr: 2.495e-02, eta: 2 days, 20:08:52, time: 2.844, data_time: 0.000, memory: 5243, top1_acc: 0.5147, top5_acc: 0.8453, loss_cls: 1.6207, loss: 1.6207
2026-09-06 16:49:27,343 - pyskl - INFO - Epoch [1][2600/5537]	lr: 2.495e-02, eta: 2 days, 20:04:18, time: 2.853, data_time: 0.000, memory: 5243, top1_acc: 0.5241, top5_acc: 0.8472, loss_cls: 1.5787, loss: 1.5787
2026-09-06 16:54:10,085 - pyskl - INFO - Epoch [1][2700/5537]	lr: 2.494e-02, eta: 2 days, 19:58:21, time: 2.827, data_time: 0.000, memory: 5243, top1_acc: 0.5363, top5_acc: 0.8488, loss_cls: 1.5669, loss: 1.5669
2026-09-06 16:58:53,341 - pyskl - INFO - Epoch [1][2800/5537]	lr: 2.494e-02, eta: 2 days, 19:52:46, time: 2.833, data_time: 0.000, memory: 5243, top1_acc: 0.5284, top5_acc: 0.8431, loss_cls: 1.5720, loss: 1.5720
2026-09-06 17:03:37,124 - pyskl - INFO - Epoch [1][2900/5537]	lr: 2.493e-02, eta: 2 days, 19:47:30, time: 2.838, data_time: 0.000, memory: 5243, top1_acc: 0.5469, top5_acc: 0.8462, loss_cls: 1.5512, loss: 1.5512
2026-09-06 17:08:21,251 - pyskl - INFO - Epoch [1][3000/5537]	lr: 2.493e-02, eta: 2 days, 19:42:26, time: 2.841, data_time: 0.000, memory: 5243, top1_acc: 0.5437, top5_acc: 0.8538, loss_cls: 1.5400, loss: 1.5400
2026-09-06 17:13:05,450 - pyskl - INFO - Epoch [1][3100/5537]	lr: 2.492e-02, eta: 2 days, 19:37:26, time: 2.842, data_time: 0.000, memory: 5243, top1_acc: 0.5541, top5_acc: 0.8534, loss_cls: 1.5036, loss: 1.5036
2026-09-06 17:17:49,179 - pyskl - INFO - Epoch [1][3200/5537]	lr: 2.492e-02, eta: 2 days, 19:32:13, time: 2.837, data_time: 0.000, memory: 5243, top1_acc: 0.5591, top5_acc: 0.8625, loss_cls: 1.4904, loss: 1.4904
2026-09-06 17:22:32,856 - pyskl - INFO - Epoch [1][3300/5537]	lr: 2.491e-02, eta: 2 days, 19:27:01, time: 2.837, data_time: 0.000, memory: 5243, top1_acc: 0.5519, top5_acc: 0.8509, loss_cls: 1.5006, loss: 1.5006
2026-09-06 17:27:16,737 - pyskl - INFO - Epoch [1][3400/5537]	lr: 2.491e-02, eta: 2 days, 19:21:56, time: 2.839, data_time: 0.000, memory: 5243, top1_acc: 0.5647, top5_acc: 0.8678, loss_cls: 1.4589, loss: 1.4589
2026-09-06 17:32:00,474 - pyskl - INFO - Epoch [1][3500/5537]	lr: 2.490e-02, eta: 2 days, 19:16:49, time: 2.837, data_time: 0.000, memory: 5243, top1_acc: 0.5622, top5_acc: 0.8525, loss_cls: 1.4857, loss: 1.4857
2026-09-06 17:36:44,074 - pyskl - INFO - Epoch [1][3600/5537]	lr: 2.490e-02, eta: 2 days, 19:11:40, time: 2.836, data_time: 0.000, memory: 5243, top1_acc: 0.5706, top5_acc: 0.8638, loss_cls: 1.4477, loss: 1.4477
2026-09-06 17:41:27,407 - pyskl - INFO - Epoch [1][3700/5537]	lr: 2.489e-02, eta: 2 days, 19:06:26, time: 2.833, data_time: 0.000, memory: 5243, top1_acc: 0.5722, top5_acc: 0.8678, loss_cls: 1.4264, loss: 1.4264
2026-09-06 17:46:10,605 - pyskl - INFO - Epoch [1][3800/5537]	lr: 2.489e-02, eta: 2 days, 19:01:10, time: 2.832, data_time: 0.000, memory: 5243, top1_acc: 0.5737, top5_acc: 0.8659, loss_cls: 1.4136, loss: 1.4136
2026-09-06 17:50:53,668 - pyskl - INFO - Epoch [1][3900/5537]	lr: 2.488e-02, eta: 2 days, 18:55:53, time: 2.831, data_time: 0.000, memory: 5243, top1_acc: 0.5872, top5_acc: 0.8675, loss_cls: 1.3971, loss: 1.3971
2026-09-06 17:55:36,601 - pyskl - INFO - Epoch [1][4000/5537]	lr: 2.487e-02, eta: 2 days, 18:50:36, time: 2.829, data_time: 0.000, memory: 5243, top1_acc: 0.5697, top5_acc: 0.8722, loss_cls: 1.4074, loss: 1.4074
2026-09-06 18:00:19,336 - pyskl - INFO - Epoch [1][4100/5537]	lr: 2.487e-02, eta: 2 days, 18:45:15, time: 2.827, data_time: 0.000, memory: 5243, top1_acc: 0.5747, top5_acc: 0.8691, loss_cls: 1.4016, loss: 1.4016
2026-09-06 18:05:01,471 - pyskl - INFO - Epoch [1][4200/5537]	lr: 2.486e-02, eta: 2 days, 18:39:45, time: 2.821, data_time: 0.000, memory: 5243, top1_acc: 0.5872, top5_acc: 0.8778, loss_cls: 1.3768, loss: 1.3768
2026-09-06 18:09:44,122 - pyskl - INFO - Epoch [1][4300/5537]	lr: 2.486e-02, eta: 2 days, 18:34:27, time: 2.827, data_time: 0.000, memory: 5243, top1_acc: 0.5922, top5_acc: 0.8769, loss_cls: 1.3651, loss: 1.3651
2026-09-06 18:14:26,138 - pyskl - INFO - Epoch [1][4400/5537]	lr: 2.485e-02, eta: 2 days, 18:28:58, time: 2.820, data_time: 0.000, memory: 5243, top1_acc: 0.6103, top5_acc: 0.8791, loss_cls: 1.3035, loss: 1.3035
2026-09-06 18:19:08,709 - pyskl - INFO - Epoch [1][4500/5537]	lr: 2.484e-02, eta: 2 days, 18:23:42, time: 2.826, data_time: 0.000, memory: 5243, top1_acc: 0.5897, top5_acc: 0.8684, loss_cls: 1.3968, loss: 1.3968
2026-09-06 18:23:51,808 - pyskl - INFO - Epoch [1][4600/5537]	lr: 2.483e-02, eta: 2 days, 18:18:37, time: 2.831, data_time: 0.000, memory: 5243, top1_acc: 0.6106, top5_acc: 0.8747, loss_cls: 1.3476, loss: 1.3476
2026-09-06 18:28:35,106 - pyskl - INFO - Epoch [1][4700/5537]	lr: 2.483e-02, eta: 2 days, 18:13:37, time: 2.833, data_time: 0.000, memory: 5243, top1_acc: 0.6003, top5_acc: 0.8769, loss_cls: 1.3657, loss: 1.3657
2026-09-06 18:33:18,807 - pyskl - INFO - Epoch [1][4800/5537]	lr: 2.482e-02, eta: 2 days, 18:08:44, time: 2.837, data_time: 0.000, memory: 5243, top1_acc: 0.6097, top5_acc: 0.8700, loss_cls: 1.3482, loss: 1.3482
2026-09-06 18:38:01,932 - pyskl - INFO - Epoch [1][4900/5537]	lr: 2.481e-02, eta: 2 days, 18:03:41, time: 2.831, data_time: 0.000, memory: 5243, top1_acc: 0.6131, top5_acc: 0.8844, loss_cls: 1.2761, loss: 1.2761
2026-09-06 18:42:44,945 - pyskl - INFO - Epoch [1][5000/5537]	lr: 2.480e-02, eta: 2 days, 17:58:38, time: 2.830, data_time: 0.000, memory: 5243, top1_acc: 0.6203, top5_acc: 0.8834, loss_cls: 1.3007, loss: 1.3007
2026-09-06 18:47:27,741 - pyskl - INFO - Epoch [1][5100/5537]	lr: 2.480e-02, eta: 2 days, 17:53:32, time: 2.828, data_time: 0.000, memory: 5243, top1_acc: 0.6031, top5_acc: 0.8797, loss_cls: 1.3157, loss: 1.3157
2026-09-06 18:52:10,619 - pyskl - INFO - Epoch [1][5200/5537]	lr: 2.479e-02, eta: 2 days, 17:48:28, time: 2.829, data_time: 0.000, memory: 5243, top1_acc: 0.6181, top5_acc: 0.8847, loss_cls: 1.2671, loss: 1.2671
2026-09-06 18:56:53,888 - pyskl - INFO - Epoch [1][5300/5537]	lr: 2.478e-02, eta: 2 days, 17:43:31, time: 2.833, data_time: 0.000, memory: 5243, top1_acc: 0.6228, top5_acc: 0.8756, loss_cls: 1.3005, loss: 1.3005
2026-09-06 19:01:36,630 - pyskl - INFO - Epoch [1][5400/5537]	lr: 2.477e-02, eta: 2 days, 17:38:26, time: 2.827, data_time: 0.000, memory: 5243, top1_acc: 0.6044, top5_acc: 0.8816, loss_cls: 1.3258, loss: 1.3258
2026-09-06 19:06:19,473 - pyskl - INFO - Epoch [1][5500/5537]	lr: 2.476e-02, eta: 2 days, 17:33:24, time: 2.828, data_time: 0.000, memory: 5243, top1_acc: 0.6272, top5_acc: 0.8775, loss_cls: 1.2616, loss: 1.2616
2026-09-06 19:08:04,180 - pyskl - INFO - Saving checkpoint at 1 epochs
2026-09-06 19:13:46,414 - pyskl - INFO - Evaluating top_k_accuracy ...
2026-09-06 19:13:46,425 - pyskl - INFO - 
top1_acc	0.6889
top5_acc	0.9347
2026-09-06 19:13:46,498 - pyskl - INFO - Now best checkpoint is saved as best_top1_acc_epoch_1.pth.
2026-09-06 19:13:46,498 - pyskl - INFO - Best top1_acc is 0.6889 at 1 epoch.
2026-09-06 19:13:46,499 - pyskl - INFO - Epoch(val) [1][146]	top1_acc: 0.6889, top5_acc: 0.9347
2026-09-06 19:18:38,090 - pyskl - INFO - Epoch [2][100/5537]	lr: 2.475e-02, eta: 2 days, 17:03:00, time: 2.916, data_time: 0.077, memory: 5243, top1_acc: 0.6256, top5_acc: 0.8894, loss_cls: 1.2335, loss: 1.2335
2026-09-06 19:23:21,867 - pyskl - INFO - Epoch [2][200/5537]	lr: 2.474e-02, eta: 2 days, 16:58:39, time: 2.838, data_time: 0.000, memory: 5243, top1_acc: 0.6172, top5_acc: 0.8788, loss_cls: 1.2864, loss: 1.2864
2026-09-06 19:28:11,319 - pyskl - INFO - Epoch [2][300/5537]	lr: 2.473e-02, eta: 2 days, 16:55:37, time: 2.895, data_time: 0.000, memory: 5243, top1_acc: 0.6238, top5_acc: 0.8809, loss_cls: 1.2443, loss: 1.2443
2026-09-06 19:32:55,244 - pyskl - INFO - Epoch [2][400/5537]	lr: 2.472e-02, eta: 2 days, 16:51:16, time: 2.839, data_time: 0.000, memory: 5243, top1_acc: 0.6325, top5_acc: 0.8838, loss_cls: 1.2344, loss: 1.2344
2026-09-06 19:37:39,001 - pyskl - INFO - Epoch [2][500/5537]	lr: 2.471e-02, eta: 2 days, 16:46:51, time: 2.838, data_time: 0.000, memory: 5243, top1_acc: 0.6275, top5_acc: 0.8903, loss_cls: 1.2304, loss: 1.2304
2026-09-06 19:42:22,345 - pyskl - INFO - Epoch [2][600/5537]	lr: 2.471e-02, eta: 2 days, 16:42:20, time: 2.833, data_time: 0.000, memory: 5243, top1_acc: 0.6288, top5_acc: 0.8859, loss_cls: 1.2471, loss: 1.2471
2026-09-06 19:47:05,933 - pyskl - INFO - Epoch [2][700/5537]	lr: 2.470e-02, eta: 2 days, 16:37:51, time: 2.836, data_time: 0.000, memory: 5243, top1_acc: 0.6431, top5_acc: 0.8919, loss_cls: 1.2197, loss: 1.2197
2026-09-06 19:51:50,804 - pyskl - INFO - Epoch [2][800/5537]	lr: 2.469e-02, eta: 2 days, 16:33:39, time: 2.849, data_time: 0.000, memory: 5243, top1_acc: 0.6306, top5_acc: 0.8912, loss_cls: 1.2511, loss: 1.2511
2026-09-06 19:56:33,721 - pyskl - INFO - Epoch [2][900/5537]	lr: 2.468e-02, eta: 2 days, 16:29:01, time: 2.829, data_time: 0.000, memory: 5243, top1_acc: 0.6228, top5_acc: 0.8875, loss_cls: 1.2219, loss: 1.2219
2026-09-06 20:01:16,232 - pyskl - INFO - Epoch [2][1000/5537]	lr: 2.467e-02, eta: 2 days, 16:24:18, time: 2.825, data_time: 0.000, memory: 5243, top1_acc: 0.6328, top5_acc: 0.8881, loss_cls: 1.2284, loss: 1.2284
2026-09-06 20:05:58,868 - pyskl - INFO - Epoch [2][1100/5537]	lr: 2.466e-02, eta: 2 days, 16:19:36, time: 2.826, data_time: 0.000, memory: 5243, top1_acc: 0.6403, top5_acc: 0.8941, loss_cls: 1.1979, loss: 1.1979
2026-09-06 20:10:41,895 - pyskl - INFO - Epoch [2][1200/5537]	lr: 2.465e-02, eta: 2 days, 16:14:59, time: 2.830, data_time: 0.000, memory: 5243, top1_acc: 0.6306, top5_acc: 0.8944, loss_cls: 1.2090, loss: 1.2090
2026-09-06 20:15:24,564 - pyskl - INFO - Epoch [2][1300/5537]	lr: 2.463e-02, eta: 2 days, 16:10:18, time: 2.827, data_time: 0.000, memory: 5243, top1_acc: 0.6616, top5_acc: 0.8928, loss_cls: 1.1505, loss: 1.1505
2026-09-06 20:20:07,249 - pyskl - INFO - Epoch [2][1400/5537]	lr: 2.462e-02, eta: 2 days, 16:05:37, time: 2.827, data_time: 0.000, memory: 5243, top1_acc: 0.6419, top5_acc: 0.8938, loss_cls: 1.1984, loss: 1.1984
2026-09-06 20:24:49,433 - pyskl - INFO - Epoch [2][1500/5537]	lr: 2.461e-02, eta: 2 days, 16:00:50, time: 2.822, data_time: 0.000, memory: 5243, top1_acc: 0.6394, top5_acc: 0.8872, loss_cls: 1.2343, loss: 1.2343
2026-09-06 20:29:31,695 - pyskl - INFO - Epoch [2][1600/5537]	lr: 2.460e-02, eta: 2 days, 15:56:04, time: 2.823, data_time: 0.000, memory: 5243, top1_acc: 0.6534, top5_acc: 0.8969, loss_cls: 1.1507, loss: 1.1507
2026-09-06 20:34:13,650 - pyskl - INFO - Epoch [2][1700/5537]	lr: 2.459e-02, eta: 2 days, 15:51:14, time: 2.820, data_time: 0.000, memory: 5243, top1_acc: 0.6350, top5_acc: 0.8891, loss_cls: 1.2053, loss: 1.2053
2026-09-06 20:38:55,740 - pyskl - INFO - Epoch [2][1800/5537]	lr: 2.458e-02, eta: 2 days, 15:46:26, time: 2.821, data_time: 0.000, memory: 5243, top1_acc: 0.6450, top5_acc: 0.8928, loss_cls: 1.2027, loss: 1.2027
2026-09-06 20:43:38,120 - pyskl - INFO - Epoch [2][1900/5537]	lr: 2.457e-02, eta: 2 days, 15:41:42, time: 2.824, data_time: 0.000, memory: 5243, top1_acc: 0.6609, top5_acc: 0.8994, loss_cls: 1.1440, loss: 1.1440
2026-09-06 20:48:19,761 - pyskl - INFO - Epoch [2][2000/5537]	lr: 2.456e-02, eta: 2 days, 15:36:50, time: 2.816, data_time: 0.000, memory: 5243, top1_acc: 0.6581, top5_acc: 0.8959, loss_cls: 1.1326, loss: 1.1326
2026-09-06 20:53:01,986 - pyskl - INFO - Epoch [2][2100/5537]	lr: 2.454e-02, eta: 2 days, 15:32:04, time: 2.822, data_time: 0.000, memory: 5243, top1_acc: 0.6500, top5_acc: 0.8962, loss_cls: 1.1798, loss: 1.1798
2026-09-06 20:57:44,154 - pyskl - INFO - Epoch [2][2200/5537]	lr: 2.453e-02, eta: 2 days, 15:27:17, time: 2.822, data_time: 0.000, memory: 5243, top1_acc: 0.6603, top5_acc: 0.9031, loss_cls: 1.1332, loss: 1.1332
2026-09-06 21:02:26,596 - pyskl - INFO - Epoch [2][2300/5537]	lr: 2.452e-02, eta: 2 days, 15:22:34, time: 2.824, data_time: 0.000, memory: 5243, top1_acc: 0.6581, top5_acc: 0.9031, loss_cls: 1.1245, loss: 1.1245
2026-09-06 21:07:09,114 - pyskl - INFO - Epoch [2][2400/5537]	lr: 2.451e-02, eta: 2 days, 15:17:51, time: 2.825, data_time: 0.000, memory: 5243, top1_acc: 0.6600, top5_acc: 0.9016, loss_cls: 1.1312, loss: 1.1312
2026-09-06 21:11:51,535 - pyskl - INFO - Epoch [2][2500/5537]	lr: 2.450e-02, eta: 2 days, 15:13:08, time: 2.824, data_time: 0.000, memory: 5243, top1_acc: 0.6669, top5_acc: 0.9009, loss_cls: 1.1375, loss: 1.1375
2026-09-06 21:16:34,070 - pyskl - INFO - Epoch [2][2600/5537]	lr: 2.448e-02, eta: 2 days, 15:08:25, time: 2.825, data_time: 0.000, memory: 5243, top1_acc: 0.6687, top5_acc: 0.9044, loss_cls: 1.1200, loss: 1.1200
2026-09-06 21:21:17,125 - pyskl - INFO - Epoch [2][2700/5537]	lr: 2.447e-02, eta: 2 days, 15:03:48, time: 2.831, data_time: 0.000, memory: 5243, top1_acc: 0.6634, top5_acc: 0.9000, loss_cls: 1.1333, loss: 1.1333
2026-09-06 21:26:00,164 - pyskl - INFO - Epoch [2][2800/5537]	lr: 2.446e-02, eta: 2 days, 14:59:10, time: 2.830, data_time: 0.000, memory: 5243, top1_acc: 0.6522, top5_acc: 0.8994, loss_cls: 1.1573, loss: 1.1573
2026-09-06 21:30:42,466 - pyskl - INFO - Epoch [2][2900/5537]	lr: 2.444e-02, eta: 2 days, 14:54:26, time: 2.823, data_time: 0.000, memory: 5243, top1_acc: 0.6494, top5_acc: 0.8966, loss_cls: 1.1498, loss: 1.1498
2026-09-06 21:35:25,596 - pyskl - INFO - Epoch [2][3000/5537]	lr: 2.443e-02, eta: 2 days, 14:49:49, time: 2.831, data_time: 0.000, memory: 5243, top1_acc: 0.6722, top5_acc: 0.8997, loss_cls: 1.1091, loss: 1.1091
2026-09-06 21:40:08,973 - pyskl - INFO - Epoch [2][3100/5537]	lr: 2.442e-02, eta: 2 days, 14:45:14, time: 2.834, data_time: 0.000, memory: 5243, top1_acc: 0.6619, top5_acc: 0.8959, loss_cls: 1.1182, loss: 1.1182
2026-09-06 21:44:51,850 - pyskl - INFO - Epoch [2][3200/5537]	lr: 2.440e-02, eta: 2 days, 14:40:34, time: 2.829, data_time: 0.000, memory: 5243, top1_acc: 0.6644, top5_acc: 0.9044, loss_cls: 1.1333, loss: 1.1333
2026-09-06 21:49:34,679 - pyskl - INFO - Epoch [2][3300/5537]	lr: 2.439e-02, eta: 2 days, 14:35:54, time: 2.828, data_time: 0.000, memory: 5243, top1_acc: 0.6669, top5_acc: 0.8988, loss_cls: 1.1124, loss: 1.1124
2026-09-06 21:54:17,222 - pyskl - INFO - Epoch [2][3400/5537]	lr: 2.438e-02, eta: 2 days, 14:31:11, time: 2.825, data_time: 0.000, memory: 5243, top1_acc: 0.6781, top5_acc: 0.9097, loss_cls: 1.0709, loss: 1.0709
2026-09-06 21:58:59,537 - pyskl - INFO - Epoch [2][3500/5537]	lr: 2.436e-02, eta: 2 days, 14:26:27, time: 2.823, data_time: 0.000, memory: 5243, top1_acc: 0.6647, top5_acc: 0.9041, loss_cls: 1.1047, loss: 1.1047
2026-09-06 22:03:40,698 - pyskl - INFO - Epoch [2][3600/5537]	lr: 2.435e-02, eta: 2 days, 14:21:32, time: 2.812, data_time: 0.000, memory: 5243, top1_acc: 0.6544, top5_acc: 0.9078, loss_cls: 1.1284, loss: 1.1284
2026-09-06 22:08:22,512 - pyskl - INFO - Epoch [2][3700/5537]	lr: 2.434e-02, eta: 2 days, 14:16:43, time: 2.818, data_time: 0.000, memory: 5243, top1_acc: 0.6606, top5_acc: 0.8966, loss_cls: 1.1349, loss: 1.1349
2026-09-06 22:13:04,093 - pyskl - INFO - Epoch [2][3800/5537]	lr: 2.432e-02, eta: 2 days, 14:11:53, time: 2.816, data_time: 0.000, memory: 5243, top1_acc: 0.6631, top5_acc: 0.9025, loss_cls: 1.1140, loss: 1.1140
2026-09-06 22:17:45,731 - pyskl - INFO - Epoch [2][3900/5537]	lr: 2.431e-02, eta: 2 days, 14:07:03, time: 2.816, data_time: 0.000, memory: 5243, top1_acc: 0.6725, top5_acc: 0.9122, loss_cls: 1.0771, loss: 1.0771
2026-09-06 22:22:27,639 - pyskl - INFO - Epoch [2][4000/5537]	lr: 2.429e-02, eta: 2 days, 14:02:15, time: 2.819, data_time: 0.000, memory: 5243, top1_acc: 0.6687, top5_acc: 0.9038, loss_cls: 1.0978, loss: 1.0978
2026-09-06 22:27:09,921 - pyskl - INFO - Epoch [2][4100/5537]	lr: 2.428e-02, eta: 2 days, 13:57:31, time: 2.823, data_time: 0.000, memory: 5243, top1_acc: 0.6725, top5_acc: 0.9069, loss_cls: 1.0764, loss: 1.0764
2026-09-06 22:31:52,514 - pyskl - INFO - Epoch [2][4200/5537]	lr: 2.426e-02, eta: 2 days, 13:52:49, time: 2.826, data_time: 0.000, memory: 5243, top1_acc: 0.6669, top5_acc: 0.9016, loss_cls: 1.1180, loss: 1.1180
2026-09-06 22:36:34,741 - pyskl - INFO - Epoch [2][4300/5537]	lr: 2.425e-02, eta: 2 days, 13:48:04, time: 2.822, data_time: 0.000, memory: 5243, top1_acc: 0.6709, top5_acc: 0.8991, loss_cls: 1.1015, loss: 1.1015
2026-09-06 22:41:16,911 - pyskl - INFO - Epoch [2][4400/5537]	lr: 2.423e-02, eta: 2 days, 13:43:19, time: 2.822, data_time: 0.000, memory: 5243, top1_acc: 0.6703, top5_acc: 0.9050, loss_cls: 1.0841, loss: 1.0841
2026-09-06 22:45:58,983 - pyskl - INFO - Epoch [2][4500/5537]	lr: 2.422e-02, eta: 2 days, 13:38:33, time: 2.821, data_time: 0.000, memory: 5243, top1_acc: 0.6897, top5_acc: 0.9044, loss_cls: 1.0710, loss: 1.0710
2026-09-06 22:50:42,202 - pyskl - INFO - Epoch [2][4600/5537]	lr: 2.420e-02, eta: 2 days, 13:33:56, time: 2.832, data_time: 0.000, memory: 5243, top1_acc: 0.6681, top5_acc: 0.8991, loss_cls: 1.1015, loss: 1.1015
2026-09-06 22:55:24,167 - pyskl - INFO - Epoch [2][4700/5537]	lr: 2.419e-02, eta: 2 days, 13:29:10, time: 2.820, data_time: 0.000, memory: 5243, top1_acc: 0.6841, top5_acc: 0.9075, loss_cls: 1.0709, loss: 1.0709
2026-09-06 23:00:06,778 - pyskl - INFO - Epoch [2][4800/5537]	lr: 2.417e-02, eta: 2 days, 13:24:28, time: 2.826, data_time: 0.000, memory: 5243, top1_acc: 0.7022, top5_acc: 0.9084, loss_cls: 1.0406, loss: 1.0406
2026-09-06 23:04:49,446 - pyskl - INFO - Epoch [2][4900/5537]	lr: 2.415e-02, eta: 2 days, 13:19:47, time: 2.827, data_time: 0.000, memory: 5243, top1_acc: 0.6897, top5_acc: 0.9069, loss_cls: 1.0667, loss: 1.0667
2026-09-06 23:09:31,995 - pyskl - INFO - Epoch [2][5000/5537]	lr: 2.414e-02, eta: 2 days, 13:15:05, time: 2.826, data_time: 0.000, memory: 5243, top1_acc: 0.6847, top5_acc: 0.9094, loss_cls: 1.0622, loss: 1.0622
2026-09-06 23:14:14,455 - pyskl - INFO - Epoch [2][5100/5537]	lr: 2.412e-02, eta: 2 days, 13:10:22, time: 2.825, data_time: 0.000, memory: 5243, top1_acc: 0.6681, top5_acc: 0.9097, loss_cls: 1.0739, loss: 1.0739
2026-09-06 23:18:56,424 - pyskl - INFO - Epoch [2][5200/5537]	lr: 2.410e-02, eta: 2 days, 13:05:36, time: 2.820, data_time: 0.000, memory: 5243, top1_acc: 0.6759, top5_acc: 0.9109, loss_cls: 1.0692, loss: 1.0692
2026-09-06 23:23:38,723 - pyskl - INFO - Epoch [2][5300/5537]	lr: 2.409e-02, eta: 2 days, 13:00:52, time: 2.823, data_time: 0.000, memory: 5243, top1_acc: 0.6787, top5_acc: 0.9028, loss_cls: 1.0824, loss: 1.0824
2026-09-06 23:28:20,645 - pyskl - INFO - Epoch [2][5400/5537]	lr: 2.407e-02, eta: 2 days, 12:56:05, time: 2.819, data_time: 0.000, memory: 5243, top1_acc: 0.6844, top5_acc: 0.9053, loss_cls: 1.0685, loss: 1.0685
2026-09-06 23:33:02,273 - pyskl - INFO - Epoch [2][5500/5537]	lr: 2.405e-02, eta: 2 days, 12:51:17, time: 2.816, data_time: 0.000, memory: 5243, top1_acc: 0.6647, top5_acc: 0.9078, loss_cls: 1.0798, loss: 1.0798
2026-09-06 23:34:46,554 - pyskl - INFO - Saving checkpoint at 2 epochs
2026-09-06 23:40:27,785 - pyskl - INFO - Evaluating top_k_accuracy ...
2026-09-06 23:40:27,797 - pyskl - INFO - 
top1_acc	0.7605
top5_acc	0.9566
2026-09-06 23:40:27,798 - pyskl - INFO - The previous best checkpoint D:\YxjProject\pythonProject\pyskl\work_dirs\aug_baseline\stgcnpp_j\train\A6_mixed_p0.6\best_top1_acc_epoch_1.pth was removed
2026-09-06 23:40:27,871 - pyskl - INFO - Now best checkpoint is saved as best_top1_acc_epoch_2.pth.
2026-09-06 23:40:27,872 - pyskl - INFO - Best top1_acc is 0.7605 at 2 epoch.
2026-09-06 23:40:27,872 - pyskl - INFO - Epoch(val) [2][146]	top1_acc: 0.7605, top5_acc: 0.9566
2026-09-06 23:45:17,635 - pyskl - INFO - Epoch [3][100/5537]	lr: 2.403e-02, eta: 2 days, 12:33:36, time: 2.898, data_time: 0.077, memory: 5243, top1_acc: 0.6791, top5_acc: 0.9050, loss_cls: 1.0535, loss: 1.0535
2026-09-06 23:49:58,874 - pyskl - INFO - Epoch [3][200/5537]	lr: 2.401e-02, eta: 2 days, 12:28:52, time: 2.812, data_time: 0.000, memory: 5243, top1_acc: 0.6769, top5_acc: 0.8981, loss_cls: 1.0775, loss: 1.0775
2026-09-06 23:54:39,848 - pyskl - INFO - Epoch [3][300/5537]	lr: 2.400e-02, eta: 2 days, 12:24:06, time: 2.810, data_time: 0.000, memory: 5243, top1_acc: 0.6966, top5_acc: 0.9087, loss_cls: 1.0357, loss: 1.0357
2026-09-06 23:59:20,867 - pyskl - INFO - Epoch [3][400/5537]	lr: 2.398e-02, eta: 2 days, 12:19:20, time: 2.810, data_time: 0.000, memory: 5243, top1_acc: 0.6753, top5_acc: 0.9038, loss_cls: 1.0763, loss: 1.0763
2026-09-07 00:04:01,528 - pyskl - INFO - Epoch [3][500/5537]	lr: 2.396e-02, eta: 2 days, 12:14:33, time: 2.807, data_time: 0.000, memory: 5243, top1_acc: 0.6869, top5_acc: 0.9116, loss_cls: 1.0480, loss: 1.0480
2026-09-07 00:08:41,853 - pyskl - INFO - Epoch [3][600/5537]	lr: 2.394e-02, eta: 2 days, 12:09:43, time: 2.803, data_time: 0.000, memory: 5243, top1_acc: 0.6887, top5_acc: 0.9047, loss_cls: 1.0555, loss: 1.0555
2026-09-07 00:13:22,693 - pyskl - INFO - Epoch [3][700/5537]	lr: 2.393e-02, eta: 2 days, 12:04:56, time: 2.808, data_time: 0.000, memory: 5243, top1_acc: 0.6966, top5_acc: 0.9081, loss_cls: 1.0340, loss: 1.0340
2026-09-07 00:18:03,557 - pyskl - INFO - Epoch [3][800/5537]	lr: 2.391e-02, eta: 2 days, 12:00:10, time: 2.809, data_time: 0.000, memory: 5243, top1_acc: 0.6881, top5_acc: 0.9056, loss_cls: 1.0540, loss: 1.0540
2026-09-07 00:22:44,771 - pyskl - INFO - Epoch [3][900/5537]	lr: 2.389e-02, eta: 2 days, 11:55:26, time: 2.812, data_time: 0.000, memory: 5243, top1_acc: 0.7094, top5_acc: 0.9166, loss_cls: 1.0045, loss: 1.0045
2026-09-07 00:27:26,262 - pyskl - INFO - Epoch [3][1000/5537]	lr: 2.387e-02, eta: 2 days, 11:50:44, time: 2.815, data_time: 0.000, memory: 5243, top1_acc: 0.6987, top5_acc: 0.9128, loss_cls: 1.0114, loss: 1.0114
2026-09-07 00:32:07,584 - pyskl - INFO - Epoch [3][1100/5537]	lr: 2.385e-02, eta: 2 days, 11:46:01, time: 2.813, data_time: 0.000, memory: 5243, top1_acc: 0.6828, top5_acc: 0.9084, loss_cls: 1.0521, loss: 1.0521
2026-09-07 00:36:48,690 - pyskl - INFO - Epoch [3][1200/5537]	lr: 2.383e-02, eta: 2 days, 11:41:17, time: 2.811, data_time: 0.000, memory: 5243, top1_acc: 0.6837, top5_acc: 0.9075, loss_cls: 1.0566, loss: 1.0566
2026-09-07 00:41:29,739 - pyskl - INFO - Epoch [3][1300/5537]	lr: 2.382e-02, eta: 2 days, 11:36:32, time: 2.811, data_time: 0.000, memory: 5243, top1_acc: 0.6819, top5_acc: 0.9000, loss_cls: 1.0588, loss: 1.0588
2026-09-07 00:46:11,002 - pyskl - INFO - Epoch [3][1400/5537]	lr: 2.380e-02, eta: 2 days, 11:31:49, time: 2.813, data_time: 0.000, memory: 5243, top1_acc: 0.6934, top5_acc: 0.9184, loss_cls: 0.9942, loss: 0.9942
2026-09-07 00:50:51,609 - pyskl - INFO - Epoch [3][1500/5537]	lr: 2.378e-02, eta: 2 days, 11:27:02, time: 2.806, data_time: 0.000, memory: 5243, top1_acc: 0.6978, top5_acc: 0.9066, loss_cls: 1.0172, loss: 1.0172
2026-09-07 00:55:31,983 - pyskl - INFO - Epoch [3][1600/5537]	lr: 2.376e-02, eta: 2 days, 11:22:13, time: 2.804, data_time: 0.000, memory: 5243, top1_acc: 0.7000, top5_acc: 0.9137, loss_cls: 1.0387, loss: 1.0387
2026-09-07 01:00:13,200 - pyskl - INFO - Epoch [3][1700/5537]	lr: 2.374e-02, eta: 2 days, 11:17:30, time: 2.812, data_time: 0.000, memory: 5243, top1_acc: 0.6916, top5_acc: 0.8984, loss_cls: 1.0527, loss: 1.0527
2026-09-07 01:04:54,216 - pyskl - INFO - Epoch [3][1800/5537]	lr: 2.372e-02, eta: 2 days, 11:12:45, time: 2.810, data_time: 0.000, memory: 5243, top1_acc: 0.6853, top5_acc: 0.9131, loss_cls: 1.0175, loss: 1.0175
2026-09-07 01:09:35,057 - pyskl - INFO - Epoch [3][1900/5537]	lr: 2.370e-02, eta: 2 days, 11:08:00, time: 2.808, data_time: 0.000, memory: 5243, top1_acc: 0.6881, top5_acc: 0.9109, loss_cls: 1.0449, loss: 1.0449
2026-09-07 01:14:15,746 - pyskl - INFO - Epoch [3][2000/5537]	lr: 2.368e-02, eta: 2 days, 11:03:13, time: 2.807, data_time: 0.000, memory: 5243, top1_acc: 0.6841, top5_acc: 0.9125, loss_cls: 1.0431, loss: 1.0431
2026-09-07 01:18:56,141 - pyskl - INFO - Epoch [3][2100/5537]	lr: 2.366e-02, eta: 2 days, 10:58:25, time: 2.804, data_time: 0.000, memory: 5243, top1_acc: 0.7066, top5_acc: 0.9122, loss_cls: 0.9918, loss: 0.9918
2026-09-07 01:23:37,073 - pyskl - INFO - Epoch [3][2200/5537]	lr: 2.364e-02, eta: 2 days, 10:53:41, time: 2.809, data_time: 0.000, memory: 5243, top1_acc: 0.7028, top5_acc: 0.9066, loss_cls: 1.0158, loss: 1.0158
2026-09-07 01:28:18,238 - pyskl - INFO - Epoch [3][2300/5537]	lr: 2.362e-02, eta: 2 days, 10:48:57, time: 2.812, data_time: 0.000, memory: 5243, top1_acc: 0.6959, top5_acc: 0.9153, loss_cls: 1.0038, loss: 1.0038
2026-09-07 01:32:59,209 - pyskl - INFO - Epoch [3][2400/5537]	lr: 2.360e-02, eta: 2 days, 10:44:13, time: 2.810, data_time: 0.000, memory: 5243, top1_acc: 0.6975, top5_acc: 0.9025, loss_cls: 1.0503, loss: 1.0503
2026-09-07 01:37:40,403 - pyskl - INFO - Epoch [3][2500/5537]	lr: 2.358e-02, eta: 2 days, 10:39:30, time: 2.812, data_time: 0.000, memory: 5243, top1_acc: 0.7022, top5_acc: 0.9116, loss_cls: 1.0026, loss: 1.0026
2026-09-07 01:42:21,396 - pyskl - INFO - Epoch [3][2600/5537]	lr: 2.356e-02, eta: 2 days, 10:34:45, time: 2.810, data_time: 0.000, memory: 5243, top1_acc: 0.7019, top5_acc: 0.9097, loss_cls: 1.0278, loss: 1.0278
2026-09-07 01:47:02,926 - pyskl - INFO - Epoch [3][2700/5537]	lr: 2.354e-02, eta: 2 days, 10:30:04, time: 2.815, data_time: 0.000, memory: 5243, top1_acc: 0.6916, top5_acc: 0.9144, loss_cls: 1.0303, loss: 1.0303
2026-09-07 01:51:45,634 - pyskl - INFO - Epoch [3][2800/5537]	lr: 2.352e-02, eta: 2 days, 10:25:29, time: 2.827, data_time: 0.000, memory: 5243, top1_acc: 0.7103, top5_acc: 0.9156, loss_cls: 0.9830, loss: 0.9830
2026-09-07 01:56:26,802 - pyskl - INFO - Epoch [3][2900/5537]	lr: 2.350e-02, eta: 2 days, 10:20:46, time: 2.812, data_time: 0.000, memory: 5243, top1_acc: 0.6969, top5_acc: 0.9194, loss_cls: 1.0014, loss: 1.0014
2026-09-07 02:01:11,471 - pyskl - INFO - Epoch [3][3000/5537]	lr: 2.348e-02, eta: 2 days, 10:16:21, time: 2.847, data_time: 0.000, memory: 5243, top1_acc: 0.6909, top5_acc: 0.9041, loss_cls: 1.0366, loss: 1.0366
2026-09-07 02:05:52,821 - pyskl - INFO - Epoch [3][3100/5537]	lr: 2.345e-02, eta: 2 days, 10:11:39, time: 2.813, data_time: 0.000, memory: 5243, top1_acc: 0.7128, top5_acc: 0.9169, loss_cls: 0.9991, loss: 0.9991
2026-09-07 02:10:34,325 - pyskl - INFO - Epoch [3][3200/5537]	lr: 2.343e-02, eta: 2 days, 10:06:57, time: 2.815, data_time: 0.000, memory: 5243, top1_acc: 0.6944, top5_acc: 0.9134, loss_cls: 1.0267, loss: 1.0267
2026-09-07 02:15:15,305 - pyskl - INFO - Epoch [3][3300/5537]	lr: 2.341e-02, eta: 2 days, 10:02:13, time: 2.810, data_time: 0.000, memory: 5243, top1_acc: 0.7059, top5_acc: 0.9137, loss_cls: 1.0047, loss: 1.0047
2026-09-07 02:19:56,826 - pyskl - INFO - Epoch [3][3400/5537]	lr: 2.339e-02, eta: 2 days, 9:57:32, time: 2.815, data_time: 0.000, memory: 5243, top1_acc: 0.6928, top5_acc: 0.9156, loss_cls: 1.0142, loss: 1.0142
2026-09-07 02:24:38,340 - pyskl - INFO - Epoch [3][3500/5537]	lr: 2.337e-02, eta: 2 days, 9:52:50, time: 2.815, data_time: 0.000, memory: 5243, top1_acc: 0.6934, top5_acc: 0.9103, loss_cls: 1.0294, loss: 1.0294
2026-09-07 02:29:20,293 - pyskl - INFO - Epoch [3][3600/5537]	lr: 2.335e-02, eta: 2 days, 9:48:11, time: 2.820, data_time: 0.000, memory: 5243, top1_acc: 0.6972, top5_acc: 0.9147, loss_cls: 1.0193, loss: 1.0193
2026-09-07 02:34:02,064 - pyskl - INFO - Epoch [3][3700/5537]	lr: 2.332e-02, eta: 2 days, 9:43:30, time: 2.818, data_time: 0.000, memory: 5243, top1_acc: 0.7178, top5_acc: 0.9137, loss_cls: 0.9734, loss: 0.9734
2026-09-07 02:38:44,248 - pyskl - INFO - Epoch [3][3800/5537]	lr: 2.330e-02, eta: 2 days, 9:38:52, time: 2.822, data_time: 0.000, memory: 5243, top1_acc: 0.7103, top5_acc: 0.9163, loss_cls: 0.9844, loss: 0.9844
2026-09-07 02:43:26,169 - pyskl - INFO - Epoch [3][3900/5537]	lr: 2.328e-02, eta: 2 days, 9:34:13, time: 2.819, data_time: 0.000, memory: 5243, top1_acc: 0.6969, top5_acc: 0.9109, loss_cls: 1.0089, loss: 1.0089
2026-09-07 02:48:08,238 - pyskl - INFO - Epoch [3][4000/5537]	lr: 2.326e-02, eta: 2 days, 9:29:34, time: 2.821, data_time: 0.000, memory: 5243, top1_acc: 0.6931, top5_acc: 0.9041, loss_cls: 1.0275, loss: 1.0275
2026-09-07 02:52:50,353 - pyskl - INFO - Epoch [3][4100/5537]	lr: 2.323e-02, eta: 2 days, 9:24:55, time: 2.821, data_time: 0.000, memory: 5243, top1_acc: 0.6834, top5_acc: 0.9044, loss_cls: 1.0549, loss: 1.0549
2026-09-07 02:57:32,455 - pyskl - INFO - Epoch [3][4200/5537]	lr: 2.321e-02, eta: 2 days, 9:20:16, time: 2.821, data_time: 0.000, memory: 5243, top1_acc: 0.7081, top5_acc: 0.9119, loss_cls: 0.9837, loss: 0.9837
2026-09-07 03:02:14,607 - pyskl - INFO - Epoch [3][4300/5537]	lr: 2.319e-02, eta: 2 days, 9:15:38, time: 2.822, data_time: 0.000, memory: 5243, top1_acc: 0.6991, top5_acc: 0.9206, loss_cls: 0.9890, loss: 0.9890
2026-09-07 03:06:56,647 - pyskl - INFO - Epoch [3][4400/5537]	lr: 2.317e-02, eta: 2 days, 9:10:59, time: 2.820, data_time: 0.000, memory: 5243, top1_acc: 0.7122, top5_acc: 0.9194, loss_cls: 0.9579, loss: 0.9579
2026-09-07 03:11:38,787 - pyskl - INFO - Epoch [3][4500/5537]	lr: 2.314e-02, eta: 2 days, 9:06:20, time: 2.821, data_time: 0.000, memory: 5243, top1_acc: 0.7022, top5_acc: 0.9144, loss_cls: 1.0132, loss: 1.0132
2026-09-07 03:16:21,112 - pyskl - INFO - Epoch [3][4600/5537]	lr: 2.312e-02, eta: 2 days, 9:01:42, time: 2.823, data_time: 0.000, memory: 5243, top1_acc: 0.6975, top5_acc: 0.9172, loss_cls: 1.0073, loss: 1.0073
2026-09-07 03:21:03,371 - pyskl - INFO - Epoch [3][4700/5537]	lr: 2.310e-02, eta: 2 days, 8:57:04, time: 2.823, data_time: 0.000, memory: 5243, top1_acc: 0.7037, top5_acc: 0.9222, loss_cls: 0.9828, loss: 0.9828
2026-09-07 03:25:45,774 - pyskl - INFO - Epoch [3][4800/5537]	lr: 2.307e-02, eta: 2 days, 8:52:26, time: 2.824, data_time: 0.000, memory: 5243, top1_acc: 0.7178, top5_acc: 0.9194, loss_cls: 0.9678, loss: 0.9678
2026-09-07 03:30:28,468 - pyskl - INFO - Epoch [3][4900/5537]	lr: 2.305e-02, eta: 2 days, 8:47:49, time: 2.827, data_time: 0.000, memory: 5243, top1_acc: 0.6956, top5_acc: 0.9109, loss_cls: 1.0307, loss: 1.0307
2026-09-07 03:35:11,387 - pyskl - INFO - Epoch [3][5000/5537]	lr: 2.302e-02, eta: 2 days, 8:43:14, time: 2.829, data_time: 0.000, memory: 5243, top1_acc: 0.6953, top5_acc: 0.9100, loss_cls: 1.0109, loss: 1.0109
2026-09-07 03:39:53,246 - pyskl - INFO - Epoch [3][5100/5537]	lr: 2.300e-02, eta: 2 days, 8:38:34, time: 2.819, data_time: 0.000, memory: 5243, top1_acc: 0.7125, top5_acc: 0.9087, loss_cls: 0.9805, loss: 0.9805
2026-09-07 03:44:34,672 - pyskl - INFO - Epoch [3][5200/5537]	lr: 2.298e-02, eta: 2 days, 8:33:51, time: 2.814, data_time: 0.000, memory: 5243, top1_acc: 0.6928, top5_acc: 0.9091, loss_cls: 1.0193, loss: 1.0193
2026-09-07 03:49:15,954 - pyskl - INFO - Epoch [3][5300/5537]	lr: 2.295e-02, eta: 2 days, 8:29:09, time: 2.813, data_time: 0.000, memory: 5243, top1_acc: 0.7106, top5_acc: 0.9166, loss_cls: 0.9801, loss: 0.9801
2026-09-07 03:53:57,688 - pyskl - INFO - Epoch [3][5400/5537]	lr: 2.293e-02, eta: 2 days, 8:24:28, time: 2.817, data_time: 0.000, memory: 5243, top1_acc: 0.6937, top5_acc: 0.9097, loss_cls: 1.0138, loss: 1.0138
2026-09-07 03:58:39,241 - pyskl - INFO - Epoch [3][5500/5537]	lr: 2.290e-02, eta: 2 days, 8:19:46, time: 2.816, data_time: 0.000, memory: 5243, top1_acc: 0.7153, top5_acc: 0.9178, loss_cls: 0.9639, loss: 0.9639
2026-09-07 04:00:22,860 - pyskl - INFO - Saving checkpoint at 3 epochs
2026-09-07 04:06:03,982 - pyskl - INFO - Evaluating top_k_accuracy ...
2026-09-07 04:06:03,994 - pyskl - INFO - 
top1_acc	0.7884
top5_acc	0.9613
2026-09-07 04:06:03,995 - pyskl - INFO - The previous best checkpoint D:\YxjProject\pythonProject\pyskl\work_dirs\aug_baseline\stgcnpp_j\train\A6_mixed_p0.6\best_top1_acc_epoch_2.pth was removed
2026-09-07 04:06:04,068 - pyskl - INFO - Now best checkpoint is saved as best_top1_acc_epoch_3.pth.
2026-09-07 04:06:04,068 - pyskl - INFO - Best top1_acc is 0.7884 at 3 epoch.
2026-09-07 04:06:04,069 - pyskl - INFO - Epoch(val) [3][146]	top1_acc: 0.7884, top5_acc: 0.9613
2026-09-07 04:10:51,545 - pyskl - INFO - Epoch [4][100/5537]	lr: 2.287e-02, eta: 2 days, 8:06:17, time: 2.875, data_time: 0.077, memory: 5243, top1_acc: 0.7159, top5_acc: 0.9178, loss_cls: 0.9624, loss: 0.9624
2026-09-07 04:15:31,061 - pyskl - INFO - Epoch [4][200/5537]	lr: 2.284e-02, eta: 2 days, 8:01:30, time: 2.795, data_time: 0.000, memory: 5243, top1_acc: 0.7150, top5_acc: 0.9203, loss_cls: 0.9434, loss: 0.9434
2026-09-07 04:20:10,600 - pyskl - INFO - Epoch [4][300/5537]	lr: 2.282e-02, eta: 2 days, 7:56:43, time: 2.795, data_time: 0.000, memory: 5243, top1_acc: 0.7091, top5_acc: 0.9122, loss_cls: 0.9831, loss: 0.9831
2026-09-07 04:24:50,803 - pyskl - INFO - Epoch [4][400/5537]	lr: 2.279e-02, eta: 2 days, 7:51:59, time: 2.802, data_time: 0.000, memory: 5243, top1_acc: 0.7147, top5_acc: 0.9150, loss_cls: 0.9447, loss: 0.9447
2026-09-07 04:29:31,201 - pyskl - INFO - Epoch [4][500/5537]	lr: 2.277e-02, eta: 2 days, 7:47:15, time: 2.804, data_time: 0.000, memory: 5243, top1_acc: 0.7250, top5_acc: 0.9200, loss_cls: 0.9246, loss: 0.9246
2026-09-07 04:34:10,770 - pyskl - INFO - Epoch [4][600/5537]	lr: 2.274e-02, eta: 2 days, 7:42:29, time: 2.796, data_time: 0.000, memory: 5243, top1_acc: 0.7191, top5_acc: 0.9191, loss_cls: 0.9402, loss: 0.9402
2026-09-07 04:38:50,094 - pyskl - INFO - Epoch [4][700/5537]	lr: 2.272e-02, eta: 2 days, 7:37:41, time: 2.793, data_time: 0.000, memory: 5243, top1_acc: 0.7091, top5_acc: 0.9147, loss_cls: 0.9977, loss: 0.9977
2026-09-07 04:43:29,485 - pyskl - INFO - Epoch [4][800/5537]	lr: 2.269e-02, eta: 2 days, 7:32:54, time: 2.794, data_time: 0.000, memory: 5243, top1_acc: 0.7109, top5_acc: 0.9184, loss_cls: 0.9786, loss: 0.9786
2026-09-07 04:48:10,659 - pyskl - INFO - Epoch [4][900/5537]	lr: 2.267e-02, eta: 2 days, 7:28:14, time: 2.812, data_time: 0.000, memory: 5243, top1_acc: 0.7125, top5_acc: 0.9041, loss_cls: 1.0025, loss: 1.0025
2026-09-07 04:52:51,313 - pyskl - INFO - Epoch [4][1000/5537]	lr: 2.264e-02, eta: 2 days, 7:23:32, time: 2.807, data_time: 0.000, memory: 5243, top1_acc: 0.7166, top5_acc: 0.9209, loss_cls: 0.9262, loss: 0.9262
2026-09-07 04:57:30,658 - pyskl - INFO - Epoch [4][1100/5537]	lr: 2.261e-02, eta: 2 days, 7:18:44, time: 2.793, data_time: 0.000, memory: 5243, top1_acc: 0.7100, top5_acc: 0.9169, loss_cls: 0.9804, loss: 0.9804
2026-09-07 05:02:10,163 - pyskl - INFO - Epoch [4][1200/5537]	lr: 2.259e-02, eta: 2 days, 7:13:58, time: 2.795, data_time: 0.000, memory: 5243, top1_acc: 0.7106, top5_acc: 0.9194, loss_cls: 0.9609, loss: 0.9609
2026-09-07 05:06:49,779 - pyskl - INFO - Epoch [4][1300/5537]	lr: 2.256e-02, eta: 2 days, 7:09:12, time: 2.796, data_time: 0.000, memory: 5243, top1_acc: 0.7087, top5_acc: 0.9234, loss_cls: 0.9360, loss: 0.9360
2026-09-07 05:11:29,518 - pyskl - INFO - Epoch [4][1400/5537]	lr: 2.254e-02, eta: 2 days, 7:04:26, time: 2.797, data_time: 0.000, memory: 5243, top1_acc: 0.7303, top5_acc: 0.9237, loss_cls: 0.9224, loss: 0.9224
2026-09-07 05:16:08,745 - pyskl - INFO - Epoch [4][1500/5537]	lr: 2.251e-02, eta: 2 days, 6:59:39, time: 2.792, data_time: 0.000, memory: 5243, top1_acc: 0.6925, top5_acc: 0.9213, loss_cls: 0.9946, loss: 0.9946
2026-09-07 05:20:47,841 - pyskl - INFO - Epoch [4][1600/5537]	lr: 2.248e-02, eta: 2 days, 6:54:51, time: 2.791, data_time: 0.000, memory: 5243, top1_acc: 0.6991, top5_acc: 0.9122, loss_cls: 0.9967, loss: 0.9967
2026-09-07 05:25:27,289 - pyskl - INFO - Epoch [4][1700/5537]	lr: 2.246e-02, eta: 2 days, 6:50:04, time: 2.794, data_time: 0.000, memory: 5243, top1_acc: 0.7022, top5_acc: 0.9184, loss_cls: 0.9620, loss: 0.9620
2026-09-07 05:30:07,024 - pyskl - INFO - Epoch [4][1800/5537]	lr: 2.243e-02, eta: 2 days, 6:45:19, time: 2.797, data_time: 0.000, memory: 5243, top1_acc: 0.7103, top5_acc: 0.9147, loss_cls: 0.9617, loss: 0.9617
2026-09-07 05:34:46,642 - pyskl - INFO - Epoch [4][1900/5537]	lr: 2.240e-02, eta: 2 days, 6:40:34, time: 2.796, data_time: 0.000, memory: 5243, top1_acc: 0.7134, top5_acc: 0.9187, loss_cls: 0.9516, loss: 0.9516
2026-09-07 05:39:26,173 - pyskl - INFO - Epoch [4][2000/5537]	lr: 2.238e-02, eta: 2 days, 6:35:48, time: 2.795, data_time: 0.000, memory: 5243, top1_acc: 0.7137, top5_acc: 0.9053, loss_cls: 0.9800, loss: 0.9800
2026-09-07 05:44:05,585 - pyskl - INFO - Epoch [4][2100/5537]	lr: 2.235e-02, eta: 2 days, 6:31:01, time: 2.794, data_time: 0.000, memory: 5243, top1_acc: 0.7219, top5_acc: 0.9125, loss_cls: 0.9465, loss: 0.9465
2026-09-07 05:48:45,152 - pyskl - INFO - Epoch [4][2200/5537]	lr: 2.232e-02, eta: 2 days, 6:26:16, time: 2.796, data_time: 0.000, memory: 5243, top1_acc: 0.7003, top5_acc: 0.9113, loss_cls: 0.9992, loss: 0.9992
2026-09-07 05:53:24,932 - pyskl - INFO - Epoch [4][2300/5537]	lr: 2.229e-02, eta: 2 days, 6:21:31, time: 2.798, data_time: 0.000, memory: 5243, top1_acc: 0.7212, top5_acc: 0.9228, loss_cls: 0.9277, loss: 0.9277
2026-09-07 05:58:04,903 - pyskl - INFO - Epoch [4][2400/5537]	lr: 2.227e-02, eta: 2 days, 6:16:47, time: 2.800, data_time: 0.000, memory: 5243, top1_acc: 0.7028, top5_acc: 0.9109, loss_cls: 1.0072, loss: 1.0072
2026-09-07 06:02:44,695 - pyskl - INFO - Epoch [4][2500/5537]	lr: 2.224e-02, eta: 2 days, 6:12:02, time: 2.798, data_time: 0.000, memory: 5243, top1_acc: 0.7059, top5_acc: 0.9147, loss_cls: 0.9893, loss: 0.9893
2026-09-07 06:07:24,166 - pyskl - INFO - Epoch [4][2600/5537]	lr: 2.221e-02, eta: 2 days, 6:07:17, time: 2.795, data_time: 0.000, memory: 5243, top1_acc: 0.7241, top5_acc: 0.9225, loss_cls: 0.9332, loss: 0.9332
2026-09-07 06:12:03,777 - pyskl - INFO - Epoch [4][2700/5537]	lr: 2.218e-02, eta: 2 days, 6:02:32, time: 2.796, data_time: 0.000, memory: 5243, top1_acc: 0.7169, top5_acc: 0.9187, loss_cls: 0.9508, loss: 0.9508
2026-09-07 06:16:42,946 - pyskl - INFO - Epoch [4][2800/5537]	lr: 2.215e-02, eta: 2 days, 5:57:45, time: 2.792, data_time: 0.000, memory: 5243, top1_acc: 0.7281, top5_acc: 0.9181, loss_cls: 0.9120, loss: 0.9120
2026-09-07 06:21:22,658 - pyskl - INFO - Epoch [4][2900/5537]	lr: 2.213e-02, eta: 2 days, 5:53:00, time: 2.797, data_time: 0.000, memory: 5243, top1_acc: 0.7278, top5_acc: 0.9191, loss_cls: 0.9156, loss: 0.9156
2026-09-07 06:26:01,962 - pyskl - INFO - Epoch [4][3000/5537]	lr: 2.210e-02, eta: 2 days, 5:48:14, time: 2.793, data_time: 0.000, memory: 5243, top1_acc: 0.7228, top5_acc: 0.9200, loss_cls: 0.9084, loss: 0.9084
2026-09-07 06:30:41,669 - pyskl - INFO - Epoch [4][3100/5537]	lr: 2.207e-02, eta: 2 days, 5:43:29, time: 2.797, data_time: 0.000, memory: 5243, top1_acc: 0.7294, top5_acc: 0.9213, loss_cls: 0.9162, loss: 0.9162
2026-09-07 06:35:21,512 - pyskl - INFO - Epoch [4][3200/5537]	lr: 2.204e-02, eta: 2 days, 5:38:45, time: 2.798, data_time: 0.000, memory: 5243, top1_acc: 0.7309, top5_acc: 0.9244, loss_cls: 0.8978, loss: 0.8978
2026-09-07 06:40:00,998 - pyskl - INFO - Epoch [4][3300/5537]	lr: 2.201e-02, eta: 2 days, 5:34:00, time: 2.795, data_time: 0.000, memory: 5243, top1_acc: 0.7066, top5_acc: 0.9231, loss_cls: 0.9453, loss: 0.9453
2026-09-07 06:44:40,348 - pyskl - INFO - Epoch [4][3400/5537]	lr: 2.198e-02, eta: 2 days, 5:29:14, time: 2.794, data_time: 0.000, memory: 5243, top1_acc: 0.7256, top5_acc: 0.9231, loss_cls: 0.9369, loss: 0.9369
2026-09-07 06:49:19,674 - pyskl - INFO - Epoch [4][3500/5537]	lr: 2.195e-02, eta: 2 days, 5:24:29, time: 2.793, data_time: 0.000, memory: 5243, top1_acc: 0.7306, top5_acc: 0.9253, loss_cls: 0.9145, loss: 0.9145
2026-09-07 06:53:59,061 - pyskl - INFO - Epoch [4][3600/5537]	lr: 2.192e-02, eta: 2 days, 5:19:43, time: 2.794, data_time: 0.000, memory: 5243, top1_acc: 0.7212, top5_acc: 0.9172, loss_cls: 0.9359, loss: 0.9359
2026-09-07 06:58:38,341 - pyskl - INFO - Epoch [4][3700/5537]	lr: 2.190e-02, eta: 2 days, 5:14:58, time: 2.793, data_time: 0.000, memory: 5243, top1_acc: 0.7203, top5_acc: 0.9203, loss_cls: 0.9384, loss: 0.9384
2026-09-07 07:03:17,426 - pyskl - INFO - Epoch [4][3800/5537]	lr: 2.187e-02, eta: 2 days, 5:10:11, time: 2.791, data_time: 0.000, memory: 5243, top1_acc: 0.7388, top5_acc: 0.9250, loss_cls: 0.8898, loss: 0.8898
2026-09-07 07:07:57,144 - pyskl - INFO - Epoch [4][3900/5537]	lr: 2.184e-02, eta: 2 days, 5:05:27, time: 2.797, data_time: 0.000, memory: 5243, top1_acc: 0.7181, top5_acc: 0.9100, loss_cls: 0.9753, loss: 0.9753
2026-09-07 07:12:37,146 - pyskl - INFO - Epoch [4][4000/5537]	lr: 2.181e-02, eta: 2 days, 5:00:44, time: 2.800, data_time: 0.000, memory: 5243, top1_acc: 0.7166, top5_acc: 0.9150, loss_cls: 0.9476, loss: 0.9476
2026-09-07 07:17:16,699 - pyskl - INFO - Epoch [4][4100/5537]	lr: 2.178e-02, eta: 2 days, 4:55:59, time: 2.796, data_time: 0.000, memory: 5243, top1_acc: 0.7338, top5_acc: 0.9291, loss_cls: 0.8895, loss: 0.8895
2026-09-07 07:21:56,264 - pyskl - INFO - Epoch [4][4200/5537]	lr: 2.175e-02, eta: 2 days, 4:51:15, time: 2.796, data_time: 0.000, memory: 5243, top1_acc: 0.7400, top5_acc: 0.9209, loss_cls: 0.9001, loss: 0.9001
2026-09-07 07:26:36,306 - pyskl - INFO - Epoch [4][4300/5537]	lr: 2.172e-02, eta: 2 days, 4:46:32, time: 2.800, data_time: 0.000, memory: 5243, top1_acc: 0.7159, top5_acc: 0.9122, loss_cls: 0.9732, loss: 0.9732
2026-09-07 07:31:15,659 - pyskl - INFO - Epoch [4][4400/5537]	lr: 2.169e-02, eta: 2 days, 4:41:47, time: 2.794, data_time: 0.000, memory: 5243, top1_acc: 0.7378, top5_acc: 0.9222, loss_cls: 0.8980, loss: 0.8980
2026-09-07 07:35:55,148 - pyskl - INFO - Epoch [4][4500/5537]	lr: 2.166e-02, eta: 2 days, 4:37:02, time: 2.795, data_time: 0.000, memory: 5243, top1_acc: 0.7381, top5_acc: 0.9231, loss_cls: 0.8781, loss: 0.8781
2026-09-07 07:40:34,278 - pyskl - INFO - Epoch [4][4600/5537]	lr: 2.163e-02, eta: 2 days, 4:32:17, time: 2.791, data_time: 0.000, memory: 5243, top1_acc: 0.7197, top5_acc: 0.9200, loss_cls: 0.9358, loss: 0.9358
2026-09-07 07:45:13,696 - pyskl - INFO - Epoch [4][4700/5537]	lr: 2.160e-02, eta: 2 days, 4:27:32, time: 2.794, data_time: 0.000, memory: 5243, top1_acc: 0.7288, top5_acc: 0.9266, loss_cls: 0.8932, loss: 0.8932
2026-09-07 07:49:53,503 - pyskl - INFO - Epoch [4][4800/5537]	lr: 2.157e-02, eta: 2 days, 4:22:48, time: 2.798, data_time: 0.000, memory: 5243, top1_acc: 0.7353, top5_acc: 0.9247, loss_cls: 0.9042, loss: 0.9042
2026-09-07 07:54:33,606 - pyskl - INFO - Epoch [4][4900/5537]	lr: 2.154e-02, eta: 2 days, 4:18:06, time: 2.801, data_time: 0.000, memory: 5243, top1_acc: 0.7259, top5_acc: 0.9191, loss_cls: 0.9367, loss: 0.9367
2026-09-07 07:59:13,133 - pyskl - INFO - Epoch [4][5000/5537]	lr: 2.151e-02, eta: 2 days, 4:13:22, time: 2.795, data_time: 0.000, memory: 5243, top1_acc: 0.7347, top5_acc: 0.9181, loss_cls: 0.9077, loss: 0.9077
2026-09-07 08:03:53,069 - pyskl - INFO - Epoch [4][5100/5537]	lr: 2.148e-02, eta: 2 days, 4:08:39, time: 2.799, data_time: 0.000, memory: 5243, top1_acc: 0.7381, top5_acc: 0.9266, loss_cls: 0.8752, loss: 0.8752
2026-09-07 08:08:32,649 - pyskl - INFO - Epoch [4][5200/5537]	lr: 2.144e-02, eta: 2 days, 4:03:55, time: 2.796, data_time: 0.000, memory: 5243, top1_acc: 0.7238, top5_acc: 0.9113, loss_cls: 0.9531, loss: 0.9531
2026-09-07 08:13:12,494 - pyskl - INFO - Epoch [4][5300/5537]	lr: 2.141e-02, eta: 2 days, 3:59:11, time: 2.798, data_time: 0.000, memory: 5243, top1_acc: 0.7359, top5_acc: 0.9200, loss_cls: 0.9074, loss: 0.9074
2026-09-07 08:17:52,595 - pyskl - INFO - Epoch [4][5400/5537]	lr: 2.138e-02, eta: 2 days, 3:54:29, time: 2.801, data_time: 0.000, memory: 5243, top1_acc: 0.7362, top5_acc: 0.9284, loss_cls: 0.8817, loss: 0.8817
2026-09-07 08:22:32,667 - pyskl - INFO - Epoch [4][5500/5537]	lr: 2.135e-02, eta: 2 days, 3:49:47, time: 2.801, data_time: 0.000, memory: 5243, top1_acc: 0.7300, top5_acc: 0.9206, loss_cls: 0.9170, loss: 0.9170
2026-09-07 08:24:16,265 - pyskl - INFO - Saving checkpoint at 4 epochs
2026-09-07 08:29:55,353 - pyskl - INFO - Evaluating top_k_accuracy ...
2026-09-07 08:29:55,364 - pyskl - INFO - 
top1_acc	0.7847
top5_acc	0.9689
2026-09-07 08:29:55,365 - pyskl - INFO - Epoch(val) [4][146]	top1_acc: 0.7847, top5_acc: 0.9689
2026-09-07 08:34:43,383 - pyskl - INFO - Epoch [5][100/5537]	lr: 2.131e-02, eta: 2 days, 3:38:34, time: 2.880, data_time: 0.076, memory: 5243, top1_acc: 0.7131, top5_acc: 0.9169, loss_cls: 0.9421, loss: 0.9421
2026-09-07 08:39:23,989 - pyskl - INFO - Epoch [5][200/5537]	lr: 2.128e-02, eta: 2 days, 3:33:55, time: 2.806, data_time: 0.000, memory: 5243, top1_acc: 0.7303, top5_acc: 0.9128, loss_cls: 0.9177, loss: 0.9177
2026-09-07 08:44:04,980 - pyskl - INFO - Epoch [5][300/5537]	lr: 2.124e-02, eta: 2 days, 3:29:17, time: 2.810, data_time: 0.000, memory: 5243, top1_acc: 0.7288, top5_acc: 0.9175, loss_cls: 0.9030, loss: 0.9030
2026-09-07 08:48:45,835 - pyskl - INFO - Epoch [5][400/5537]	lr: 2.121e-02, eta: 2 days, 3:24:39, time: 2.809, data_time: 0.000, memory: 5243, top1_acc: 0.7281, top5_acc: 0.9197, loss_cls: 0.9119, loss: 0.9119
2026-09-07 08:53:26,704 - pyskl - INFO - Epoch [5][500/5537]	lr: 2.118e-02, eta: 2 days, 3:20:00, time: 2.809, data_time: 0.000, memory: 5243, top1_acc: 0.7309, top5_acc: 0.9181, loss_cls: 0.9059, loss: 0.9059
2026-09-07 08:58:07,654 - pyskl - INFO - Epoch [5][600/5537]	lr: 2.115e-02, eta: 2 days, 3:15:22, time: 2.810, data_time: 0.000, memory: 5243, top1_acc: 0.7228, top5_acc: 0.9231, loss_cls: 0.9033, loss: 0.9033
2026-09-07 09:02:49,360 - pyskl - INFO - Epoch [5][700/5537]	lr: 2.112e-02, eta: 2 days, 3:10:46, time: 2.817, data_time: 0.000, memory: 5243, top1_acc: 0.7163, top5_acc: 0.9119, loss_cls: 0.9615, loss: 0.9615
2026-09-07 09:07:31,145 - pyskl - INFO - Epoch [5][800/5537]	lr: 2.108e-02, eta: 2 days, 3:06:10, time: 2.818, data_time: 0.000, memory: 5243, top1_acc: 0.7478, top5_acc: 0.9256, loss_cls: 0.8780, loss: 0.8780
2026-09-07 09:12:13,425 - pyskl - INFO - Epoch [5][900/5537]	lr: 2.105e-02, eta: 2 days, 3:01:36, time: 2.823, data_time: 0.000, memory: 5243, top1_acc: 0.7203, top5_acc: 0.9263, loss_cls: 0.9066, loss: 0.9066
2026-09-07 09:16:55,256 - pyskl - INFO - Epoch [5][1000/5537]	lr: 2.102e-02, eta: 2 days, 2:57:00, time: 2.818, data_time: 0.000, memory: 5243, top1_acc: 0.7306, top5_acc: 0.9216, loss_cls: 0.9129, loss: 0.9129
2026-09-07 09:21:37,172 - pyskl - INFO - Epoch [5][1100/5537]	lr: 2.099e-02, eta: 2 days, 2:52:24, time: 2.819, data_time: 0.000, memory: 5243, top1_acc: 0.7475, top5_acc: 0.9278, loss_cls: 0.8598, loss: 0.8598
2026-09-07 09:26:21,680 - pyskl - INFO - Epoch [5][1200/5537]	lr: 2.096e-02, eta: 2 days, 2:47:56, time: 2.845, data_time: 0.000, memory: 5243, top1_acc: 0.7319, top5_acc: 0.9209, loss_cls: 0.9004, loss: 0.9004
2026-09-07 09:31:04,093 - pyskl - INFO - Epoch [5][1300/5537]	lr: 2.092e-02, eta: 2 days, 2:43:21, time: 2.824, data_time: 0.000, memory: 5243, top1_acc: 0.7441, top5_acc: 0.9281, loss_cls: 0.8871, loss: 0.8871
2026-09-07 09:35:46,263 - pyskl - INFO - Epoch [5][1400/5537]	lr: 2.089e-02, eta: 2 days, 2:38:46, time: 2.822, data_time: 0.000, memory: 5243, top1_acc: 0.7244, top5_acc: 0.9141, loss_cls: 0.9519, loss: 0.9519
2026-09-07 09:40:28,511 - pyskl - INFO - Epoch [5][1500/5537]	lr: 2.086e-02, eta: 2 days, 2:34:11, time: 2.822, data_time: 0.000, memory: 5243, top1_acc: 0.7562, top5_acc: 0.9275, loss_cls: 0.8492, loss: 0.8492
2026-09-07 09:45:10,883 - pyskl - INFO - Epoch [5][1600/5537]	lr: 2.082e-02, eta: 2 days, 2:29:37, time: 2.824, data_time: 0.000, memory: 5243, top1_acc: 0.7281, top5_acc: 0.9209, loss_cls: 0.9050, loss: 0.9050
2026-09-07 09:49:53,221 - pyskl - INFO - Epoch [5][1700/5537]	lr: 2.079e-02, eta: 2 days, 2:25:02, time: 2.823, data_time: 0.000, memory: 5243, top1_acc: 0.7375, top5_acc: 0.9178, loss_cls: 0.8934, loss: 0.8934
2026-09-07 09:54:35,477 - pyskl - INFO - Epoch [5][1800/5537]	lr: 2.076e-02, eta: 2 days, 2:20:27, time: 2.823, data_time: 0.000, memory: 5243, top1_acc: 0.7369, top5_acc: 0.9291, loss_cls: 0.8801, loss: 0.8801
2026-09-07 09:59:16,958 - pyskl - INFO - Epoch [5][1900/5537]	lr: 2.072e-02, eta: 2 days, 2:15:49, time: 2.815, data_time: 0.000, memory: 5243, top1_acc: 0.7297, top5_acc: 0.9181, loss_cls: 0.9290, loss: 0.9290
2026-09-07 10:03:57,955 - pyskl - INFO - Epoch [5][2000/5537]	lr: 2.069e-02, eta: 2 days, 2:11:11, time: 2.810, data_time: 0.000, memory: 5243, top1_acc: 0.7331, top5_acc: 0.9222, loss_cls: 0.9051, loss: 0.9051
2026-09-07 10:08:38,959 - pyskl - INFO - Epoch [5][2100/5537]	lr: 2.066e-02, eta: 2 days, 2:06:32, time: 2.810, data_time: 0.000, memory: 5243, top1_acc: 0.7316, top5_acc: 0.9209, loss_cls: 0.9016, loss: 0.9016
2026-09-07 10:13:19,483 - pyskl - INFO - Epoch [5][2200/5537]	lr: 2.062e-02, eta: 2 days, 2:01:52, time: 2.805, data_time: 0.000, memory: 5243, top1_acc: 0.7456, top5_acc: 0.9250, loss_cls: 0.8702, loss: 0.8702
2026-09-07 10:18:00,153 - pyskl - INFO - Epoch [5][2300/5537]	lr: 2.059e-02, eta: 2 days, 1:57:13, time: 2.807, data_time: 0.000, memory: 5243, top1_acc: 0.7244, top5_acc: 0.9197, loss_cls: 0.9135, loss: 0.9135
2026-09-07 10:22:40,716 - pyskl - INFO - Epoch [5][2400/5537]	lr: 2.056e-02, eta: 2 days, 1:52:33, time: 2.806, data_time: 0.000, memory: 5243, top1_acc: 0.7191, top5_acc: 0.9169, loss_cls: 0.9544, loss: 0.9544
2026-09-07 10:27:24,612 - pyskl - INFO - Epoch [5][2500/5537]	lr: 2.052e-02, eta: 2 days, 1:48:02, time: 2.839, data_time: 0.000, memory: 5243, top1_acc: 0.7356, top5_acc: 0.9234, loss_cls: 0.8883, loss: 0.8883
2026-09-07 10:32:04,401 - pyskl - INFO - Epoch [5][2600/5537]	lr: 2.049e-02, eta: 2 days, 1:43:20, time: 2.798, data_time: 0.000, memory: 5243, top1_acc: 0.7338, top5_acc: 0.9172, loss_cls: 0.8999, loss: 0.8999
2026-09-07 10:36:43,984 - pyskl - INFO - Epoch [5][2700/5537]	lr: 2.045e-02, eta: 2 days, 1:38:37, time: 2.796, data_time: 0.000, memory: 5243, top1_acc: 0.7534, top5_acc: 0.9231, loss_cls: 0.8583, loss: 0.8583
2026-09-07 10:41:23,024 - pyskl - INFO - Epoch [5][2800/5537]	lr: 2.042e-02, eta: 2 days, 1:33:53, time: 2.790, data_time: 0.000, memory: 5243, top1_acc: 0.7331, top5_acc: 0.9237, loss_cls: 0.8799, loss: 0.8799
2026-09-07 10:46:02,236 - pyskl - INFO - Epoch [5][2900/5537]	lr: 2.039e-02, eta: 2 days, 1:29:10, time: 2.792, data_time: 0.000, memory: 5243, top1_acc: 0.7509, top5_acc: 0.9256, loss_cls: 0.8454, loss: 0.8454
2026-09-07 10:50:44,421 - pyskl - INFO - Epoch [5][3000/5537]	lr: 2.035e-02, eta: 2 days, 1:24:34, time: 2.822, data_time: 0.000, memory: 5243, top1_acc: 0.7525, top5_acc: 0.9303, loss_cls: 0.8496, loss: 0.8496
2026-09-07 10:55:22,948 - pyskl - INFO - Epoch [5][3100/5537]	lr: 2.032e-02, eta: 2 days, 1:19:49, time: 2.785, data_time: 0.000, memory: 5243, top1_acc: 0.7550, top5_acc: 0.9316, loss_cls: 0.8203, loss: 0.8203
2026-09-07 11:00:03,123 - pyskl - INFO - Epoch [5][3200/5537]	lr: 2.028e-02, eta: 2 days, 1:15:09, time: 2.802, data_time: 0.000, memory: 5243, top1_acc: 0.7203, top5_acc: 0.9213, loss_cls: 0.9285, loss: 0.9285
2026-09-07 11:04:41,945 - pyskl - INFO - Epoch [5][3300/5537]	lr: 2.025e-02, eta: 2 days, 1:10:24, time: 2.788, data_time: 0.000, memory: 5243, top1_acc: 0.7416, top5_acc: 0.9241, loss_cls: 0.8913, loss: 0.8913
2026-09-07 11:09:20,967 - pyskl - INFO - Epoch [5][3400/5537]	lr: 2.021e-02, eta: 2 days, 1:05:41, time: 2.790, data_time: 0.000, memory: 5243, top1_acc: 0.7262, top5_acc: 0.9184, loss_cls: 0.9086, loss: 0.9086
2026-09-07 11:13:59,925 - pyskl - INFO - Epoch [5][3500/5537]	lr: 2.018e-02, eta: 2 days, 1:00:57, time: 2.790, data_time: 0.000, memory: 5243, top1_acc: 0.7478, top5_acc: 0.9303, loss_cls: 0.8613, loss: 0.8613
2026-09-07 11:18:39,189 - pyskl - INFO - Epoch [5][3600/5537]	lr: 2.014e-02, eta: 2 days, 0:56:14, time: 2.793, data_time: 0.000, memory: 5243, top1_acc: 0.7322, top5_acc: 0.9231, loss_cls: 0.9016, loss: 0.9016
2026-09-07 11:23:18,541 - pyskl - INFO - Epoch [5][3700/5537]	lr: 2.011e-02, eta: 2 days, 0:51:31, time: 2.794, data_time: 0.000, memory: 5243, top1_acc: 0.7275, top5_acc: 0.9203, loss_cls: 0.9058, loss: 0.9058
2026-09-07 11:27:58,292 - pyskl - INFO - Epoch [5][3800/5537]	lr: 2.007e-02, eta: 2 days, 0:46:50, time: 2.798, data_time: 0.000, memory: 5243, top1_acc: 0.7378, top5_acc: 0.9219, loss_cls: 0.8825, loss: 0.8825
2026-09-07 11:32:37,641 - pyskl - INFO - Epoch [5][3900/5537]	lr: 2.004e-02, eta: 2 days, 0:42:07, time: 2.793, data_time: 0.000, memory: 5243, top1_acc: 0.7294, top5_acc: 0.9209, loss_cls: 0.8948, loss: 0.8948
2026-09-07 11:37:16,719 - pyskl - INFO - Epoch [5][4000/5537]	lr: 2.000e-02, eta: 2 days, 0:37:24, time: 2.791, data_time: 0.000, memory: 5243, top1_acc: 0.7362, top5_acc: 0.9219, loss_cls: 0.8931, loss: 0.8931
2026-09-07 11:41:57,278 - pyskl - INFO - Epoch [5][4100/5537]	lr: 1.997e-02, eta: 2 days, 0:32:44, time: 2.806, data_time: 0.000, memory: 5243, top1_acc: 0.7412, top5_acc: 0.9275, loss_cls: 0.8622, loss: 0.8622
2026-09-07 11:46:38,680 - pyskl - INFO - Epoch [5][4200/5537]	lr: 1.993e-02, eta: 2 days, 0:28:06, time: 2.814, data_time: 0.000, memory: 5243, top1_acc: 0.7312, top5_acc: 0.9213, loss_cls: 0.9049, loss: 0.9049
2026-09-07 11:51:19,171 - pyskl - INFO - Epoch [5][4300/5537]	lr: 1.989e-02, eta: 2 days, 0:23:26, time: 2.805, data_time: 0.000, memory: 5243, top1_acc: 0.7294, top5_acc: 0.9216, loss_cls: 0.9094, loss: 0.9094
2026-09-07 11:55:59,740 - pyskl - INFO - Epoch [5][4400/5537]	lr: 1.986e-02, eta: 2 days, 0:18:46, time: 2.806, data_time: 0.000, memory: 5243, top1_acc: 0.7366, top5_acc: 0.9213, loss_cls: 0.9064, loss: 0.9064
2026-09-07 12:00:40,643 - pyskl - INFO - Epoch [5][4500/5537]	lr: 1.982e-02, eta: 2 days, 0:14:07, time: 2.809, data_time: 0.000, memory: 5243, top1_acc: 0.7425, top5_acc: 0.9181, loss_cls: 0.8840, loss: 0.8840
2026-09-07 12:05:21,482 - pyskl - INFO - Epoch [5][4600/5537]	lr: 1.979e-02, eta: 2 days, 0:09:28, time: 2.808, data_time: 0.000, memory: 5243, top1_acc: 0.7438, top5_acc: 0.9253, loss_cls: 0.8754, loss: 0.8754
2026-09-07 12:10:02,553 - pyskl - INFO - Epoch [5][4700/5537]	lr: 1.975e-02, eta: 2 days, 0:04:50, time: 2.811, data_time: 0.000, memory: 5243, top1_acc: 0.7300, top5_acc: 0.9181, loss_cls: 0.9190, loss: 0.9190
2026-09-07 12:14:43,761 - pyskl - INFO - Epoch [5][4800/5537]	lr: 1.971e-02, eta: 2 days, 0:00:11, time: 2.812, data_time: 0.000, memory: 5243, top1_acc: 0.7400, top5_acc: 0.9203, loss_cls: 0.8891, loss: 0.8891
2026-09-07 12:19:24,174 - pyskl - INFO - Epoch [5][4900/5537]	lr: 1.968e-02, eta: 1 day, 23:55:31, time: 2.804, data_time: 0.000, memory: 5243, top1_acc: 0.7356, top5_acc: 0.9222, loss_cls: 0.8829, loss: 0.8829
2026-09-07 12:24:04,290 - pyskl - INFO - Epoch [5][5000/5537]	lr: 1.964e-02, eta: 1 day, 23:50:50, time: 2.801, data_time: 0.000, memory: 5243, top1_acc: 0.7347, top5_acc: 0.9181, loss_cls: 0.9021, loss: 0.9021
2026-09-07 12:28:44,986 - pyskl - INFO - Epoch [5][5100/5537]	lr: 1.961e-02, eta: 1 day, 23:46:11, time: 2.807, data_time: 0.000, memory: 5243, top1_acc: 0.7356, top5_acc: 0.9363, loss_cls: 0.8539, loss: 0.8539
2026-09-07 12:33:25,930 - pyskl - INFO - Epoch [5][5200/5537]	lr: 1.957e-02, eta: 1 day, 23:41:32, time: 2.809, data_time: 0.000, memory: 5243, top1_acc: 0.7291, top5_acc: 0.9322, loss_cls: 0.8778, loss: 0.8778
2026-09-07 12:38:06,547 - pyskl - INFO - Epoch [5][5300/5537]	lr: 1.953e-02, eta: 1 day, 23:36:52, time: 2.806, data_time: 0.000, memory: 5243, top1_acc: 0.7450, top5_acc: 0.9297, loss_cls: 0.8512, loss: 0.8512
2026-09-07 12:42:47,182 - pyskl - INFO - Epoch [5][5400/5537]	lr: 1.950e-02, eta: 1 day, 23:32:12, time: 2.806, data_time: 0.000, memory: 5243, top1_acc: 0.7400, top5_acc: 0.9281, loss_cls: 0.8574, loss: 0.8574
2026-09-07 12:47:27,897 - pyskl - INFO - Epoch [5][5500/5537]	lr: 1.946e-02, eta: 1 day, 23:27:33, time: 2.807, data_time: 0.000, memory: 5243, top1_acc: 0.7309, top5_acc: 0.9241, loss_cls: 0.8985, loss: 0.8985
2026-09-07 12:49:11,697 - pyskl - INFO - Saving checkpoint at 5 epochs
2026-09-07 12:55:00,009 - pyskl - INFO - Evaluating top_k_accuracy ...
2026-09-07 12:55:00,021 - pyskl - INFO - 
top1_acc	0.8032
top5_acc	0.9663
2026-09-07 12:55:00,022 - pyskl - INFO - The previous best checkpoint D:\YxjProject\pythonProject\pyskl\work_dirs\aug_baseline\stgcnpp_j\train\A6_mixed_p0.6\best_top1_acc_epoch_3.pth was removed
2026-09-07 12:55:00,103 - pyskl - INFO - Now best checkpoint is saved as best_top1_acc_epoch_5.pth.
2026-09-07 12:55:00,103 - pyskl - INFO - Best top1_acc is 0.8032 at 5 epoch.
2026-09-07 12:55:00,104 - pyskl - INFO - Epoch(val) [5][146]	top1_acc: 0.8032, top5_acc: 0.9663
2026-09-07 12:59:48,659 - pyskl - INFO - Epoch [6][100/5537]	lr: 1.941e-02, eta: 1 day, 23:17:40, time: 2.886, data_time: 0.077, memory: 5243, top1_acc: 0.7381, top5_acc: 0.9263, loss_cls: 0.8759, loss: 0.8759
2026-09-07 13:04:29,304 - pyskl - INFO - Epoch [6][200/5537]	lr: 1.937e-02, eta: 1 day, 23:13:01, time: 2.806, data_time: 0.000, memory: 5243, top1_acc: 0.7447, top5_acc: 0.9297, loss_cls: 0.8518, loss: 0.8518
2026-09-07 13:09:09,789 - pyskl - INFO - Epoch [6][300/5537]	lr: 1.933e-02, eta: 1 day, 23:08:22, time: 2.805, data_time: 0.000, memory: 5243, top1_acc: 0.7472, top5_acc: 0.9350, loss_cls: 0.8232, loss: 0.8232
2026-09-07 13:13:51,014 - pyskl - INFO - Epoch [6][400/5537]	lr: 1.930e-02, eta: 1 day, 23:03:45, time: 2.812, data_time: 0.000, memory: 5243, top1_acc: 0.7525, top5_acc: 0.9322, loss_cls: 0.8452, loss: 0.8452
2026-09-07 13:18:32,092 - pyskl - INFO - Epoch [6][500/5537]	lr: 1.926e-02, eta: 1 day, 22:59:07, time: 2.811, data_time: 0.000, memory: 5243, top1_acc: 0.7494, top5_acc: 0.9309, loss_cls: 0.8375, loss: 0.8375
2026-09-07 13:23:13,287 - pyskl - INFO - Epoch [6][600/5537]	lr: 1.922e-02, eta: 1 day, 22:54:30, time: 2.812, data_time: 0.000, memory: 5243, top1_acc: 0.7553, top5_acc: 0.9281, loss_cls: 0.8387, loss: 0.8387
2026-09-07 13:27:55,087 - pyskl - INFO - Epoch [6][700/5537]	lr: 1.918e-02, eta: 1 day, 22:49:53, time: 2.818, data_time: 0.000, memory: 5243, top1_acc: 0.7319, top5_acc: 0.9184, loss_cls: 0.9045, loss: 0.9045
2026-09-07 13:32:35,953 - pyskl - INFO - Epoch [6][800/5537]	lr: 1.915e-02, eta: 1 day, 22:45:15, time: 2.809, data_time: 0.000, memory: 5243, top1_acc: 0.7547, top5_acc: 0.9256, loss_cls: 0.8394, loss: 0.8394
2026-09-07 13:37:16,737 - pyskl - INFO - Epoch [6][900/5537]	lr: 1.911e-02, eta: 1 day, 22:40:37, time: 2.808, data_time: 0.000, memory: 5243, top1_acc: 0.7522, top5_acc: 0.9266, loss_cls: 0.8348, loss: 0.8348
2026-09-07 13:41:57,512 - pyskl - INFO - Epoch [6][1000/5537]	lr: 1.907e-02, eta: 1 day, 22:35:58, time: 2.808, data_time: 0.000, memory: 5243, top1_acc: 0.7388, top5_acc: 0.9306, loss_cls: 0.8593, loss: 0.8593
2026-09-07 13:46:38,056 - pyskl - INFO - Epoch [6][1100/5537]	lr: 1.903e-02, eta: 1 day, 22:31:19, time: 2.805, data_time: 0.000, memory: 5243, top1_acc: 0.7338, top5_acc: 0.9231, loss_cls: 0.8891, loss: 0.8891
2026-09-07 13:51:19,782 - pyskl - INFO - Epoch [6][1200/5537]	lr: 1.900e-02, eta: 1 day, 22:26:43, time: 2.817, data_time: 0.000, memory: 5243, top1_acc: 0.7512, top5_acc: 0.9250, loss_cls: 0.8473, loss: 0.8473
2026-09-07 13:56:00,033 - pyskl - INFO - Epoch [6][1300/5537]	lr: 1.896e-02, eta: 1 day, 22:22:03, time: 2.803, data_time: 0.000, memory: 5243, top1_acc: 0.7391, top5_acc: 0.9256, loss_cls: 0.8766, loss: 0.8766
2026-09-07 14:00:40,457 - pyskl - INFO - Epoch [6][1400/5537]	lr: 1.892e-02, eta: 1 day, 22:17:24, time: 2.804, data_time: 0.000, memory: 5243, top1_acc: 0.7578, top5_acc: 0.9337, loss_cls: 0.8105, loss: 0.8105
2026-09-07 14:05:20,367 - pyskl - INFO - Epoch [6][1500/5537]	lr: 1.888e-02, eta: 1 day, 22:12:43, time: 2.799, data_time: 0.000, memory: 5243, top1_acc: 0.7434, top5_acc: 0.9181, loss_cls: 0.8619, loss: 0.8619
2026-09-07 14:10:00,702 - pyskl - INFO - Epoch [6][1600/5537]	lr: 1.884e-02, eta: 1 day, 22:08:04, time: 2.803, data_time: 0.000, memory: 5243, top1_acc: 0.7525, top5_acc: 0.9244, loss_cls: 0.8476, loss: 0.8476
2026-09-07 14:14:40,852 - pyskl - INFO - Epoch [6][1700/5537]	lr: 1.881e-02, eta: 1 day, 22:03:24, time: 2.802, data_time: 0.000, memory: 5243, top1_acc: 0.7675, top5_acc: 0.9234, loss_cls: 0.8187, loss: 0.8187
2026-09-07 14:19:20,976 - pyskl - INFO - Epoch [6][1800/5537]	lr: 1.877e-02, eta: 1 day, 21:58:44, time: 2.801, data_time: 0.000, memory: 5243, top1_acc: 0.7512, top5_acc: 0.9244, loss_cls: 0.8365, loss: 0.8365
2026-09-07 14:24:01,282 - pyskl - INFO - Epoch [6][1900/5537]	lr: 1.873e-02, eta: 1 day, 21:54:05, time: 2.803, data_time: 0.000, memory: 5243, top1_acc: 0.7484, top5_acc: 0.9234, loss_cls: 0.8515, loss: 0.8515
2026-09-07 14:28:42,631 - pyskl - INFO - Epoch [6][2000/5537]	lr: 1.869e-02, eta: 1 day, 21:49:27, time: 2.813, data_time: 0.000, memory: 5243, top1_acc: 0.7494, top5_acc: 0.9297, loss_cls: 0.8381, loss: 0.8381
2026-09-07 14:33:23,326 - pyskl - INFO - Epoch [6][2100/5537]	lr: 1.865e-02, eta: 1 day, 21:44:49, time: 2.807, data_time: 0.000, memory: 5243, top1_acc: 0.7344, top5_acc: 0.9222, loss_cls: 0.8932, loss: 0.8932
2026-09-07 14:38:03,605 - pyskl - INFO - Epoch [6][2200/5537]	lr: 1.861e-02, eta: 1 day, 21:40:09, time: 2.803, data_time: 0.000, memory: 5243, top1_acc: 0.7441, top5_acc: 0.9241, loss_cls: 0.8706, loss: 0.8706
2026-09-07 14:42:43,875 - pyskl - INFO - Epoch [6][2300/5537]	lr: 1.858e-02, eta: 1 day, 21:35:29, time: 2.803, data_time: 0.000, memory: 5243, top1_acc: 0.7694, top5_acc: 0.9284, loss_cls: 0.8017, loss: 0.8017
2026-09-07 14:47:24,071 - pyskl - INFO - Epoch [6][2400/5537]	lr: 1.854e-02, eta: 1 day, 21:30:50, time: 2.802, data_time: 0.000, memory: 5243, top1_acc: 0.7556, top5_acc: 0.9372, loss_cls: 0.7951, loss: 0.7951
2026-09-07 14:52:04,482 - pyskl - INFO - Epoch [6][2500/5537]	lr: 1.850e-02, eta: 1 day, 21:26:10, time: 2.804, data_time: 0.000, memory: 5243, top1_acc: 0.7538, top5_acc: 0.9275, loss_cls: 0.8155, loss: 0.8155
2026-09-07 14:56:45,055 - pyskl - INFO - Epoch [6][2600/5537]	lr: 1.846e-02, eta: 1 day, 21:21:31, time: 2.806, data_time: 0.000, memory: 5243, top1_acc: 0.7466, top5_acc: 0.9278, loss_cls: 0.8371, loss: 0.8371
2026-09-07 15:01:25,460 - pyskl - INFO - Epoch [6][2700/5537]	lr: 1.842e-02, eta: 1 day, 21:16:52, time: 2.804, data_time: 0.000, memory: 5243, top1_acc: 0.7550, top5_acc: 0.9287, loss_cls: 0.8294, loss: 0.8294
2026-09-07 15:06:05,617 - pyskl - INFO - Epoch [6][2800/5537]	lr: 1.838e-02, eta: 1 day, 21:12:12, time: 2.802, data_time: 0.000, memory: 5243, top1_acc: 0.7491, top5_acc: 0.9278, loss_cls: 0.8411, loss: 0.8411
2026-09-07 15:10:46,081 - pyskl - INFO - Epoch [6][2900/5537]	lr: 1.834e-02, eta: 1 day, 21:07:33, time: 2.805, data_time: 0.000, memory: 5243, top1_acc: 0.7644, top5_acc: 0.9369, loss_cls: 0.7979, loss: 0.7979
2026-09-07 15:15:26,324 - pyskl - INFO - Epoch [6][3000/5537]	lr: 1.830e-02, eta: 1 day, 21:02:53, time: 2.802, data_time: 0.000, memory: 5243, top1_acc: 0.7456, top5_acc: 0.9297, loss_cls: 0.8493, loss: 0.8493
2026-09-07 15:20:06,530 - pyskl - INFO - Epoch [6][3100/5537]	lr: 1.826e-02, eta: 1 day, 20:58:13, time: 2.802, data_time: 0.000, memory: 5243, top1_acc: 0.7488, top5_acc: 0.9256, loss_cls: 0.8460, loss: 0.8460
2026-09-07 15:24:49,211 - pyskl - INFO - Epoch [6][3200/5537]	lr: 1.822e-02, eta: 1 day, 20:53:38, time: 2.827, data_time: 0.000, memory: 5243, top1_acc: 0.7594, top5_acc: 0.9228, loss_cls: 0.8298, loss: 0.8298
2026-09-07 15:29:29,855 - pyskl - INFO - Epoch [6][3300/5537]	lr: 1.818e-02, eta: 1 day, 20:48:59, time: 2.806, data_time: 0.000, memory: 5243, top1_acc: 0.7453, top5_acc: 0.9316, loss_cls: 0.8413, loss: 0.8413
2026-09-07 15:34:10,495 - pyskl - INFO - Epoch [6][3400/5537]	lr: 1.814e-02, eta: 1 day, 20:44:20, time: 2.806, data_time: 0.000, memory: 5243, top1_acc: 0.7509, top5_acc: 0.9284, loss_cls: 0.8277, loss: 0.8277
2026-09-07 15:38:51,365 - pyskl - INFO - Epoch [6][3500/5537]	lr: 1.810e-02, eta: 1 day, 20:39:41, time: 2.809, data_time: 0.000, memory: 5243, top1_acc: 0.7294, top5_acc: 0.9275, loss_cls: 0.8859, loss: 0.8859
2026-09-07 15:43:31,584 - pyskl - INFO - Epoch [6][3600/5537]	lr: 1.807e-02, eta: 1 day, 20:35:02, time: 2.802, data_time: 0.000, memory: 5243, top1_acc: 0.7450, top5_acc: 0.9328, loss_cls: 0.8553, loss: 0.8553
2026-09-07 15:48:11,479 - pyskl - INFO - Epoch [6][3700/5537]	lr: 1.803e-02, eta: 1 day, 20:30:21, time: 2.799, data_time: 0.000, memory: 5243, top1_acc: 0.7541, top5_acc: 0.9378, loss_cls: 0.8008, loss: 0.8008
2026-09-07 15:52:51,783 - pyskl - INFO - Epoch [6][3800/5537]	lr: 1.799e-02, eta: 1 day, 20:25:42, time: 2.803, data_time: 0.000, memory: 5243, top1_acc: 0.7588, top5_acc: 0.9287, loss_cls: 0.8177, loss: 0.8177
2026-09-07 15:57:31,731 - pyskl - INFO - Epoch [6][3900/5537]	lr: 1.795e-02, eta: 1 day, 20:21:01, time: 2.799, data_time: 0.000, memory: 5243, top1_acc: 0.7509, top5_acc: 0.9378, loss_cls: 0.8167, loss: 0.8167
2026-09-07 16:02:12,084 - pyskl - INFO - Epoch [6][4000/5537]	lr: 1.791e-02, eta: 1 day, 20:16:22, time: 2.804, data_time: 0.000, memory: 5243, top1_acc: 0.7734, top5_acc: 0.9294, loss_cls: 0.7939, loss: 0.7939
2026-09-07 16:06:53,037 - pyskl - INFO - Epoch [6][4100/5537]	lr: 1.787e-02, eta: 1 day, 20:11:43, time: 2.810, data_time: 0.000, memory: 5243, top1_acc: 0.7362, top5_acc: 0.9237, loss_cls: 0.8731, loss: 0.8731
2026-09-07 16:11:34,076 - pyskl - INFO - Epoch [6][4200/5537]	lr: 1.783e-02, eta: 1 day, 20:07:05, time: 2.810, data_time: 0.000, memory: 5243, top1_acc: 0.7616, top5_acc: 0.9363, loss_cls: 0.7837, loss: 0.7837
2026-09-07 16:16:14,295 - pyskl - INFO - Epoch [6][4300/5537]	lr: 1.779e-02, eta: 1 day, 20:02:25, time: 2.802, data_time: 0.000, memory: 5243, top1_acc: 0.7622, top5_acc: 0.9328, loss_cls: 0.8049, loss: 0.8049
2026-09-07 16:20:54,533 - pyskl - INFO - Epoch [6][4400/5537]	lr: 1.775e-02, eta: 1 day, 19:57:45, time: 2.802, data_time: 0.000, memory: 5243, top1_acc: 0.7409, top5_acc: 0.9300, loss_cls: 0.8692, loss: 0.8692
2026-09-07 16:25:35,296 - pyskl - INFO - Epoch [6][4500/5537]	lr: 1.771e-02, eta: 1 day, 19:53:06, time: 2.808, data_time: 0.000, memory: 5243, top1_acc: 0.7553, top5_acc: 0.9300, loss_cls: 0.8266, loss: 0.8266
2026-09-07 16:30:16,690 - pyskl - INFO - Epoch [6][4600/5537]	lr: 1.766e-02, eta: 1 day, 19:48:28, time: 2.814, data_time: 0.000, memory: 5243, top1_acc: 0.7600, top5_acc: 0.9294, loss_cls: 0.8071, loss: 0.8071
2026-09-07 16:34:57,899 - pyskl - INFO - Epoch [6][4700/5537]	lr: 1.762e-02, eta: 1 day, 19:43:50, time: 2.812, data_time: 0.000, memory: 5243, top1_acc: 0.7503, top5_acc: 0.9234, loss_cls: 0.8353, loss: 0.8353
2026-09-07 16:39:39,455 - pyskl - INFO - Epoch [6][4800/5537]	lr: 1.758e-02, eta: 1 day, 19:39:13, time: 2.816, data_time: 0.000, memory: 5243, top1_acc: 0.7497, top5_acc: 0.9334, loss_cls: 0.8216, loss: 0.8216
2026-09-07 16:44:20,972 - pyskl - INFO - Epoch [6][4900/5537]	lr: 1.754e-02, eta: 1 day, 19:34:35, time: 2.815, data_time: 0.000, memory: 5243, top1_acc: 0.7591, top5_acc: 0.9319, loss_cls: 0.8109, loss: 0.8109
2026-09-07 16:49:04,436 - pyskl - INFO - Epoch [6][5000/5537]	lr: 1.750e-02, eta: 1 day, 19:30:01, time: 2.835, data_time: 0.000, memory: 5243, top1_acc: 0.7475, top5_acc: 0.9222, loss_cls: 0.8276, loss: 0.8276
2026-09-07 16:53:47,241 - pyskl - INFO - Epoch [6][5100/5537]	lr: 1.746e-02, eta: 1 day, 19:25:25, time: 2.828, data_time: 0.000, memory: 5243, top1_acc: 0.7428, top5_acc: 0.9263, loss_cls: 0.8428, loss: 0.8428
2026-09-07 16:58:27,836 - pyskl - INFO - Epoch [6][5200/5537]	lr: 1.742e-02, eta: 1 day, 19:20:46, time: 2.806, data_time: 0.000, memory: 5243, top1_acc: 0.7597, top5_acc: 0.9244, loss_cls: 0.8368, loss: 0.8368
2026-09-07 17:03:08,475 - pyskl - INFO - Epoch [6][5300/5537]	lr: 1.738e-02, eta: 1 day, 19:16:07, time: 2.806, data_time: 0.000, memory: 5243, top1_acc: 0.7566, top5_acc: 0.9363, loss_cls: 0.8073, loss: 0.8073
2026-09-07 17:07:49,238 - pyskl - INFO - Epoch [6][5400/5537]	lr: 1.734e-02, eta: 1 day, 19:11:28, time: 2.808, data_time: 0.000, memory: 5243, top1_acc: 0.7597, top5_acc: 0.9381, loss_cls: 0.7915, loss: 0.7915
2026-09-07 17:12:30,273 - pyskl - INFO - Epoch [6][5500/5537]	lr: 1.730e-02, eta: 1 day, 19:06:49, time: 2.810, data_time: 0.000, memory: 5243, top1_acc: 0.7559, top5_acc: 0.9306, loss_cls: 0.8311, loss: 0.8311
2026-09-07 17:14:14,080 - pyskl - INFO - Saving checkpoint at 6 epochs
2026-09-07 17:19:55,197 - pyskl - INFO - Evaluating top_k_accuracy ...
2026-09-07 17:19:55,209 - pyskl - INFO - 
top1_acc	0.8013
top5_acc	0.9708
2026-09-07 17:19:55,209 - pyskl - INFO - Epoch(val) [6][146]	top1_acc: 0.8013, top5_acc: 0.9708
2026-09-07 17:24:44,002 - pyskl - INFO - Epoch [7][100/5537]	lr: 1.724e-02, eta: 1 day, 18:57:48, time: 2.888, data_time: 0.077, memory: 5243, top1_acc: 0.7684, top5_acc: 0.9347, loss_cls: 0.7816, loss: 0.7816
2026-09-07 17:29:25,121 - pyskl - INFO - Epoch [7][200/5537]	lr: 1.720e-02, eta: 1 day, 18:53:10, time: 2.811, data_time: 0.000, memory: 5243, top1_acc: 0.7738, top5_acc: 0.9297, loss_cls: 0.7833, loss: 0.7833
2026-09-07 17:34:06,342 - pyskl - INFO - Epoch [7][300/5537]	lr: 1.716e-02, eta: 1 day, 18:48:32, time: 2.812, data_time: 0.000, memory: 5243, top1_acc: 0.7750, top5_acc: 0.9416, loss_cls: 0.7642, loss: 0.7642
2026-09-07 17:38:47,213 - pyskl - INFO - Epoch [7][400/5537]	lr: 1.712e-02, eta: 1 day, 18:43:54, time: 2.809, data_time: 0.000, memory: 5243, top1_acc: 0.7541, top5_acc: 0.9275, loss_cls: 0.8407, loss: 0.8407
2026-09-07 17:43:28,430 - pyskl - INFO - Epoch [7][500/5537]	lr: 1.708e-02, eta: 1 day, 18:39:17, time: 2.812, data_time: 0.000, memory: 5243, top1_acc: 0.7772, top5_acc: 0.9384, loss_cls: 0.7695, loss: 0.7695
2026-09-07 17:48:09,920 - pyskl - INFO - Epoch [7][600/5537]	lr: 1.704e-02, eta: 1 day, 18:34:39, time: 2.815, data_time: 0.000, memory: 5243, top1_acc: 0.7606, top5_acc: 0.9356, loss_cls: 0.8157, loss: 0.8157
2026-09-07 17:52:51,138 - pyskl - INFO - Epoch [7][700/5537]	lr: 1.700e-02, eta: 1 day, 18:30:02, time: 2.812, data_time: 0.000, memory: 5243, top1_acc: 0.7634, top5_acc: 0.9384, loss_cls: 0.7719, loss: 0.7719
2026-09-07 17:57:32,157 - pyskl - INFO - Epoch [7][800/5537]	lr: 1.695e-02, eta: 1 day, 18:25:24, time: 2.810, data_time: 0.000, memory: 5243, top1_acc: 0.7616, top5_acc: 0.9287, loss_cls: 0.8073, loss: 0.8073
2026-09-07 18:02:13,609 - pyskl - INFO - Epoch [7][900/5537]	lr: 1.691e-02, eta: 1 day, 18:20:46, time: 2.815, data_time: 0.000, memory: 5243, top1_acc: 0.7594, top5_acc: 0.9309, loss_cls: 0.8217, loss: 0.8217
2026-09-07 18:06:54,831 - pyskl - INFO - Epoch [7][1000/5537]	lr: 1.687e-02, eta: 1 day, 18:16:09, time: 2.812, data_time: 0.000, memory: 5243, top1_acc: 0.7656, top5_acc: 0.9347, loss_cls: 0.7974, loss: 0.7974
2026-09-07 18:11:35,435 - pyskl - INFO - Epoch [7][1100/5537]	lr: 1.683e-02, eta: 1 day, 18:11:30, time: 2.806, data_time: 0.000, memory: 5243, top1_acc: 0.7522, top5_acc: 0.9253, loss_cls: 0.8515, loss: 0.8515
2026-09-07 18:16:15,713 - pyskl - INFO - Epoch [7][1200/5537]	lr: 1.679e-02, eta: 1 day, 18:06:51, time: 2.803, data_time: 0.000, memory: 5243, top1_acc: 0.7719, top5_acc: 0.9356, loss_cls: 0.7950, loss: 0.7950
2026-09-07 18:20:55,673 - pyskl - INFO - Epoch [7][1300/5537]	lr: 1.675e-02, eta: 1 day, 18:02:11, time: 2.800, data_time: 0.000, memory: 5243, top1_acc: 0.7638, top5_acc: 0.9359, loss_cls: 0.7786, loss: 0.7786
2026-09-07 18:25:35,701 - pyskl - INFO - Epoch [7][1400/5537]	lr: 1.670e-02, eta: 1 day, 17:57:31, time: 2.800, data_time: 0.000, memory: 5243, top1_acc: 0.7609, top5_acc: 0.9294, loss_cls: 0.8182, loss: 0.8182
2026-09-07 18:30:15,082 - pyskl - INFO - Epoch [7][1500/5537]	lr: 1.666e-02, eta: 1 day, 17:52:51, time: 2.794, data_time: 0.000, memory: 5243, top1_acc: 0.7622, top5_acc: 0.9278, loss_cls: 0.8155, loss: 0.8155
2026-09-07 18:34:54,163 - pyskl - INFO - Epoch [7][1600/5537]	lr: 1.662e-02, eta: 1 day, 17:48:09, time: 2.791, data_time: 0.000, memory: 5243, top1_acc: 0.7541, top5_acc: 0.9237, loss_cls: 0.8396, loss: 0.8396
2026-09-07 18:39:33,615 - pyskl - INFO - Epoch [7][1700/5537]	lr: 1.658e-02, eta: 1 day, 17:43:29, time: 2.795, data_time: 0.000, memory: 5243, top1_acc: 0.7556, top5_acc: 0.9322, loss_cls: 0.8130, loss: 0.8130
2026-09-07 18:44:13,008 - pyskl - INFO - Epoch [7][1800/5537]	lr: 1.654e-02, eta: 1 day, 17:38:48, time: 2.794, data_time: 0.000, memory: 5243, top1_acc: 0.7653, top5_acc: 0.9347, loss_cls: 0.8072, loss: 0.8072
2026-09-07 18:48:53,258 - pyskl - INFO - Epoch [7][1900/5537]	lr: 1.650e-02, eta: 1 day, 17:34:09, time: 2.802, data_time: 0.000, memory: 5243, top1_acc: 0.7562, top5_acc: 0.9303, loss_cls: 0.8264, loss: 0.8264
2026-09-07 18:53:33,627 - pyskl - INFO - Epoch [7][2000/5537]	lr: 1.645e-02, eta: 1 day, 17:29:30, time: 2.804, data_time: 0.000, memory: 5243, top1_acc: 0.7691, top5_acc: 0.9363, loss_cls: 0.7801, loss: 0.7801
2026-09-07 18:58:14,161 - pyskl - INFO - Epoch [7][2100/5537]	lr: 1.641e-02, eta: 1 day, 17:24:51, time: 2.805, data_time: 0.000, memory: 5243, top1_acc: 0.7669, top5_acc: 0.9397, loss_cls: 0.7605, loss: 0.7605
2026-09-07 19:02:54,631 - pyskl - INFO - Epoch [7][2200/5537]	lr: 1.637e-02, eta: 1 day, 17:20:12, time: 2.805, data_time: 0.000, memory: 5243, top1_acc: 0.7750, top5_acc: 0.9416, loss_cls: 0.7397, loss: 0.7397
2026-09-07 19:07:35,572 - pyskl - INFO - Epoch [7][2300/5537]	lr: 1.633e-02, eta: 1 day, 17:15:34, time: 2.809, data_time: 0.000, memory: 5243, top1_acc: 0.7650, top5_acc: 0.9350, loss_cls: 0.7860, loss: 0.7860
2026-09-07 19:12:16,447 - pyskl - INFO - Epoch [7][2400/5537]	lr: 1.628e-02, eta: 1 day, 17:10:55, time: 2.809, data_time: 0.000, memory: 5243, top1_acc: 0.7694, top5_acc: 0.9300, loss_cls: 0.7740, loss: 0.7740
2026-09-07 19:16:57,568 - pyskl - INFO - Epoch [7][2500/5537]	lr: 1.624e-02, eta: 1 day, 17:06:17, time: 2.811, data_time: 0.000, memory: 5243, top1_acc: 0.7644, top5_acc: 0.9406, loss_cls: 0.7768, loss: 0.7768
2026-09-07 19:21:38,773 - pyskl - INFO - Epoch [7][2600/5537]	lr: 1.620e-02, eta: 1 day, 17:01:39, time: 2.812, data_time: 0.000, memory: 5243, top1_acc: 0.7634, top5_acc: 0.9350, loss_cls: 0.7681, loss: 0.7681
2026-09-07 19:26:26,251 - pyskl - INFO - Epoch [7][2700/5537]	lr: 1.616e-02, eta: 1 day, 16:57:10, time: 2.875, data_time: 0.000, memory: 5243, top1_acc: 0.7691, top5_acc: 0.9372, loss_cls: 0.7796, loss: 0.7796
2026-09-07 19:31:09,313 - pyskl - INFO - Epoch [7][2800/5537]	lr: 1.612e-02, eta: 1 day, 16:52:35, time: 2.831, data_time: 0.000, memory: 5243, top1_acc: 0.7481, top5_acc: 0.9234, loss_cls: 0.8444, loss: 0.8444
2026-09-07 19:35:52,525 - pyskl - INFO - Epoch [7][2900/5537]	lr: 1.607e-02, eta: 1 day, 16:48:00, time: 2.832, data_time: 0.000, memory: 5243, top1_acc: 0.7575, top5_acc: 0.9341, loss_cls: 0.8241, loss: 0.8241
2026-09-07 19:40:35,817 - pyskl - INFO - Epoch [7][3000/5537]	lr: 1.603e-02, eta: 1 day, 16:43:25, time: 2.833, data_time: 0.000, memory: 5243, top1_acc: 0.7631, top5_acc: 0.9334, loss_cls: 0.7960, loss: 0.7960
2026-09-07 19:45:18,792 - pyskl - INFO - Epoch [7][3100/5537]	lr: 1.599e-02, eta: 1 day, 16:38:49, time: 2.830, data_time: 0.000, memory: 5243, top1_acc: 0.7734, top5_acc: 0.9372, loss_cls: 0.7679, loss: 0.7679
2026-09-07 19:50:03,893 - pyskl - INFO - Epoch [7][3200/5537]	lr: 1.595e-02, eta: 1 day, 16:34:17, time: 2.851, data_time: 0.000, memory: 5243, top1_acc: 0.7756, top5_acc: 0.9337, loss_cls: 0.7520, loss: 0.7520
2026-09-07 19:54:47,395 - pyskl - INFO - Epoch [7][3300/5537]	lr: 1.590e-02, eta: 1 day, 16:29:42, time: 2.835, data_time: 0.000, memory: 5243, top1_acc: 0.7731, top5_acc: 0.9297, loss_cls: 0.7853, loss: 0.7853
2026-09-07 19:59:30,749 - pyskl - INFO - Epoch [7][3400/5537]	lr: 1.586e-02, eta: 1 day, 16:25:07, time: 2.834, data_time: 0.000, memory: 5243, top1_acc: 0.7694, top5_acc: 0.9363, loss_cls: 0.7914, loss: 0.7914
2026-09-07 20:04:14,177 - pyskl - INFO - Epoch [7][3500/5537]	lr: 1.582e-02, eta: 1 day, 16:20:32, time: 2.834, data_time: 0.000, memory: 5243, top1_acc: 0.7659, top5_acc: 0.9369, loss_cls: 0.7861, loss: 0.7861
2026-09-07 20:08:57,160 - pyskl - INFO - Epoch [7][3600/5537]	lr: 1.577e-02, eta: 1 day, 16:15:56, time: 2.830, data_time: 0.000, memory: 5243, top1_acc: 0.7700, top5_acc: 0.9387, loss_cls: 0.7580, loss: 0.7580
2026-09-07 20:13:40,018 - pyskl - INFO - Epoch [7][3700/5537]	lr: 1.573e-02, eta: 1 day, 16:11:20, time: 2.829, data_time: 0.000, memory: 5243, top1_acc: 0.7678, top5_acc: 0.9341, loss_cls: 0.7740, loss: 0.7740
2026-09-07 20:18:22,367 - pyskl - INFO - Epoch [7][3800/5537]	lr: 1.569e-02, eta: 1 day, 16:06:43, time: 2.823, data_time: 0.000, memory: 5243, top1_acc: 0.7747, top5_acc: 0.9366, loss_cls: 0.7572, loss: 0.7572
2026-09-07 20:23:04,979 - pyskl - INFO - Epoch [7][3900/5537]	lr: 1.565e-02, eta: 1 day, 16:02:07, time: 2.826, data_time: 0.000, memory: 5243, top1_acc: 0.7875, top5_acc: 0.9419, loss_cls: 0.7022, loss: 0.7022
2026-09-07 20:27:47,211 - pyskl - INFO - Epoch [7][4000/5537]	lr: 1.560e-02, eta: 1 day, 15:57:30, time: 2.822, data_time: 0.000, memory: 5243, top1_acc: 0.7825, top5_acc: 0.9369, loss_cls: 0.7615, loss: 0.7615
2026-09-07 20:32:29,644 - pyskl - INFO - Epoch [7][4100/5537]	lr: 1.556e-02, eta: 1 day, 15:52:53, time: 2.824, data_time: 0.000, memory: 5243, top1_acc: 0.7603, top5_acc: 0.9316, loss_cls: 0.8193, loss: 0.8193
2026-09-07 20:37:12,217 - pyskl - INFO - Epoch [7][4200/5537]	lr: 1.552e-02, eta: 1 day, 15:48:16, time: 2.826, data_time: 0.000, memory: 5243, top1_acc: 0.7731, top5_acc: 0.9347, loss_cls: 0.7450, loss: 0.7450
2026-09-07 20:41:55,071 - pyskl - INFO - Epoch [7][4300/5537]	lr: 1.547e-02, eta: 1 day, 15:43:40, time: 2.829, data_time: 0.000, memory: 5243, top1_acc: 0.7741, top5_acc: 0.9344, loss_cls: 0.7627, loss: 0.7627
2026-09-07 20:46:37,567 - pyskl - INFO - Epoch [7][4400/5537]	lr: 1.543e-02, eta: 1 day, 15:39:03, time: 2.825, data_time: 0.000, memory: 5243, top1_acc: 0.7641, top5_acc: 0.9359, loss_cls: 0.7859, loss: 0.7859
2026-09-07 20:51:20,372 - pyskl - INFO - Epoch [7][4500/5537]	lr: 1.539e-02, eta: 1 day, 15:34:27, time: 2.828, data_time: 0.000, memory: 5243, top1_acc: 0.7856, top5_acc: 0.9400, loss_cls: 0.7347, loss: 0.7347
2026-09-07 20:56:02,873 - pyskl - INFO - Epoch [7][4600/5537]	lr: 1.535e-02, eta: 1 day, 15:29:50, time: 2.825, data_time: 0.000, memory: 5243, top1_acc: 0.7634, top5_acc: 0.9313, loss_cls: 0.7982, loss: 0.7982
2026-09-07 21:00:45,115 - pyskl - INFO - Epoch [7][4700/5537]	lr: 1.530e-02, eta: 1 day, 15:25:13, time: 2.822, data_time: 0.000, memory: 5243, top1_acc: 0.7706, top5_acc: 0.9403, loss_cls: 0.7641, loss: 0.7641
2026-09-07 21:05:25,856 - pyskl - INFO - Epoch [7][4800/5537]	lr: 1.526e-02, eta: 1 day, 15:20:34, time: 2.807, data_time: 0.000, memory: 5243, top1_acc: 0.7672, top5_acc: 0.9344, loss_cls: 0.7620, loss: 0.7620
2026-09-07 21:10:07,172 - pyskl - INFO - Epoch [7][4900/5537]	lr: 1.522e-02, eta: 1 day, 15:15:55, time: 2.813, data_time: 0.000, memory: 5243, top1_acc: 0.7572, top5_acc: 0.9306, loss_cls: 0.7835, loss: 0.7835
2026-09-07 21:14:48,718 - pyskl - INFO - Epoch [7][5000/5537]	lr: 1.517e-02, eta: 1 day, 15:11:17, time: 2.815, data_time: 0.000, memory: 5243, top1_acc: 0.7722, top5_acc: 0.9331, loss_cls: 0.7747, loss: 0.7747
2026-09-07 21:19:30,186 - pyskl - INFO - Epoch [7][5100/5537]	lr: 1.513e-02, eta: 1 day, 15:06:39, time: 2.815, data_time: 0.000, memory: 5243, top1_acc: 0.7559, top5_acc: 0.9309, loss_cls: 0.8123, loss: 0.8123
2026-09-07 21:24:11,714 - pyskl - INFO - Epoch [7][5200/5537]	lr: 1.509e-02, eta: 1 day, 15:02:01, time: 2.815, data_time: 0.000, memory: 5243, top1_acc: 0.7681, top5_acc: 0.9331, loss_cls: 0.7829, loss: 0.7829
2026-09-07 21:28:53,906 - pyskl - INFO - Epoch [7][5300/5537]	lr: 1.504e-02, eta: 1 day, 14:57:24, time: 2.822, data_time: 0.000, memory: 5243, top1_acc: 0.7906, top5_acc: 0.9428, loss_cls: 0.7146, loss: 0.7146
2026-09-07 21:33:36,438 - pyskl - INFO - Epoch [7][5400/5537]	lr: 1.500e-02, eta: 1 day, 14:52:47, time: 2.825, data_time: 0.000, memory: 5243, top1_acc: 0.7791, top5_acc: 0.9381, loss_cls: 0.7363, loss: 0.7363
2026-09-07 21:38:18,687 - pyskl - INFO - Epoch [7][5500/5537]	lr: 1.496e-02, eta: 1 day, 14:48:09, time: 2.822, data_time: 0.000, memory: 5243, top1_acc: 0.7588, top5_acc: 0.9319, loss_cls: 0.7966, loss: 0.7966
2026-09-07 21:40:02,881 - pyskl - INFO - Saving checkpoint at 7 epochs
2026-09-07 21:45:44,596 - pyskl - INFO - Evaluating top_k_accuracy ...
2026-09-07 21:45:44,609 - pyskl - INFO - 
top1_acc	0.8187
top5_acc	0.9686
2026-09-07 21:45:44,610 - pyskl - INFO - The previous best checkpoint D:\YxjProject\pythonProject\pyskl\work_dirs\aug_baseline\stgcnpp_j\train\A6_mixed_p0.6\best_top1_acc_epoch_5.pth was removed
2026-09-07 21:45:44,685 - pyskl - INFO - Now best checkpoint is saved as best_top1_acc_epoch_7.pth.
2026-09-07 21:45:44,685 - pyskl - INFO - Best top1_acc is 0.8187 at 7 epoch.
2026-09-07 21:45:44,686 - pyskl - INFO - Epoch(val) [7][146]	top1_acc: 0.8187, top5_acc: 0.9686
2026-09-07 21:50:34,072 - pyskl - INFO - Epoch [8][100/5537]	lr: 1.490e-02, eta: 1 day, 14:39:45, time: 2.894, data_time: 0.077, memory: 5243, top1_acc: 0.7756, top5_acc: 0.9413, loss_cls: 0.7524, loss: 0.7524
2026-09-07 21:55:16,050 - pyskl - INFO - Epoch [8][200/5537]	lr: 1.485e-02, eta: 1 day, 14:35:08, time: 2.820, data_time: 0.000, memory: 5243, top1_acc: 0.7844, top5_acc: 0.9419, loss_cls: 0.7440, loss: 0.7440
2026-09-07 21:59:57,963 - pyskl - INFO - Epoch [8][300/5537]	lr: 1.481e-02, eta: 1 day, 14:30:30, time: 2.819, data_time: 0.000, memory: 5243, top1_acc: 0.7778, top5_acc: 0.9378, loss_cls: 0.7606, loss: 0.7606
2026-09-07 22:04:39,659 - pyskl - INFO - Epoch [8][400/5537]	lr: 1.476e-02, eta: 1 day, 14:25:53, time: 2.817, data_time: 0.000, memory: 5243, top1_acc: 0.7706, top5_acc: 0.9337, loss_cls: 0.7594, loss: 0.7594
2026-09-07 22:09:21,539 - pyskl - INFO - Epoch [8][500/5537]	lr: 1.472e-02, eta: 1 day, 14:21:15, time: 2.819, data_time: 0.000, memory: 5243, top1_acc: 0.7856, top5_acc: 0.9413, loss_cls: 0.7216, loss: 0.7216
2026-09-07 22:14:02,913 - pyskl - INFO - Epoch [8][600/5537]	lr: 1.468e-02, eta: 1 day, 14:16:37, time: 2.814, data_time: 0.000, memory: 5243, top1_acc: 0.7800, top5_acc: 0.9369, loss_cls: 0.7525, loss: 0.7525
2026-09-07 22:18:43,897 - pyskl - INFO - Epoch [8][700/5537]	lr: 1.463e-02, eta: 1 day, 14:11:59, time: 2.810, data_time: 0.000, memory: 5243, top1_acc: 0.7700, top5_acc: 0.9441, loss_cls: 0.7467, loss: 0.7467
2026-09-07 22:23:25,236 - pyskl - INFO - Epoch [8][800/5537]	lr: 1.459e-02, eta: 1 day, 14:07:21, time: 2.813, data_time: 0.000, memory: 5243, top1_acc: 0.7694, top5_acc: 0.9344, loss_cls: 0.7790, loss: 0.7790
2026-09-07 22:28:09,231 - pyskl - INFO - Epoch [8][900/5537]	lr: 1.455e-02, eta: 1 day, 14:02:46, time: 2.840, data_time: 0.000, memory: 5243, top1_acc: 0.7800, top5_acc: 0.9413, loss_cls: 0.7259, loss: 0.7259
2026-09-07 22:32:51,515 - pyskl - INFO - Epoch [8][1000/5537]	lr: 1.450e-02, eta: 1 day, 13:58:09, time: 2.823, data_time: 0.000, memory: 5243, top1_acc: 0.7944, top5_acc: 0.9472, loss_cls: 0.6968, loss: 0.6968
2026-09-07 22:37:33,925 - pyskl - INFO - Epoch [8][1100/5537]	lr: 1.446e-02, eta: 1 day, 13:53:32, time: 2.824, data_time: 0.000, memory: 5243, top1_acc: 0.7863, top5_acc: 0.9403, loss_cls: 0.7262, loss: 0.7262
2026-09-07 22:42:15,338 - pyskl - INFO - Epoch [8][1200/5537]	lr: 1.442e-02, eta: 1 day, 13:48:54, time: 2.814, data_time: 0.000, memory: 5243, top1_acc: 0.7769, top5_acc: 0.9409, loss_cls: 0.7419, loss: 0.7419
2026-09-07 22:46:56,707 - pyskl - INFO - Epoch [8][1300/5537]	lr: 1.437e-02, eta: 1 day, 13:44:16, time: 2.814, data_time: 0.000, memory: 5243, top1_acc: 0.7756, top5_acc: 0.9372, loss_cls: 0.7602, loss: 0.7602
2026-09-07 22:51:40,822 - pyskl - INFO - Epoch [8][1400/5537]	lr: 1.433e-02, eta: 1 day, 13:39:41, time: 2.841, data_time: 0.000, memory: 5243, top1_acc: 0.7803, top5_acc: 0.9447, loss_cls: 0.7426, loss: 0.7426
2026-09-07 22:56:22,143 - pyskl - INFO - Epoch [8][1500/5537]	lr: 1.428e-02, eta: 1 day, 13:35:03, time: 2.813, data_time: 0.000, memory: 5243, top1_acc: 0.7778, top5_acc: 0.9363, loss_cls: 0.7418, loss: 0.7418
2026-09-07 23:01:03,809 - pyskl - INFO - Epoch [8][1600/5537]	lr: 1.424e-02, eta: 1 day, 13:30:25, time: 2.817, data_time: 0.000, memory: 5243, top1_acc: 0.7712, top5_acc: 0.9400, loss_cls: 0.7538, loss: 0.7538
2026-09-07 23:05:45,150 - pyskl - INFO - Epoch [8][1700/5537]	lr: 1.420e-02, eta: 1 day, 13:25:46, time: 2.813, data_time: 0.000, memory: 5243, top1_acc: 0.7784, top5_acc: 0.9428, loss_cls: 0.7368, loss: 0.7368
2026-09-07 23:10:26,944 - pyskl - INFO - Epoch [8][1800/5537]	lr: 1.415e-02, eta: 1 day, 13:21:09, time: 2.818, data_time: 0.000, memory: 5243, top1_acc: 0.7672, top5_acc: 0.9384, loss_cls: 0.7776, loss: 0.7776
2026-09-07 23:15:08,286 - pyskl - INFO - Epoch [8][1900/5537]	lr: 1.411e-02, eta: 1 day, 13:16:30, time: 2.813, data_time: 0.000, memory: 5243, top1_acc: 0.7756, top5_acc: 0.9425, loss_cls: 0.7356, loss: 0.7356
2026-09-07 23:19:49,675 - pyskl - INFO - Epoch [8][2000/5537]	lr: 1.406e-02, eta: 1 day, 13:11:52, time: 2.814, data_time: 0.000, memory: 5243, top1_acc: 0.7828, top5_acc: 0.9409, loss_cls: 0.7479, loss: 0.7479
2026-09-07 23:24:31,555 - pyskl - INFO - Epoch [8][2100/5537]	lr: 1.402e-02, eta: 1 day, 13:07:14, time: 2.819, data_time: 0.000, memory: 5243, top1_acc: 0.7834, top5_acc: 0.9406, loss_cls: 0.7203, loss: 0.7203
2026-09-07 23:29:13,347 - pyskl - INFO - Epoch [8][2200/5537]	lr: 1.398e-02, eta: 1 day, 13:02:37, time: 2.818, data_time: 0.000, memory: 5243, top1_acc: 0.7800, top5_acc: 0.9394, loss_cls: 0.7489, loss: 0.7489
2026-09-07 23:33:55,234 - pyskl - INFO - Epoch [8][2300/5537]	lr: 1.393e-02, eta: 1 day, 12:57:59, time: 2.819, data_time: 0.000, memory: 5243, top1_acc: 0.7913, top5_acc: 0.9419, loss_cls: 0.7192, loss: 0.7192
2026-09-07 23:38:36,668 - pyskl - INFO - Epoch [8][2400/5537]	lr: 1.389e-02, eta: 1 day, 12:53:20, time: 2.814, data_time: 0.000, memory: 5243, top1_acc: 0.7678, top5_acc: 0.9375, loss_cls: 0.7776, loss: 0.7776
2026-09-07 23:43:17,560 - pyskl - INFO - Epoch [8][2500/5537]	lr: 1.384e-02, eta: 1 day, 12:48:42, time: 2.809, data_time: 0.000, memory: 5243, top1_acc: 0.7756, top5_acc: 0.9372, loss_cls: 0.7425, loss: 0.7425
2026-09-07 23:47:58,641 - pyskl - INFO - Epoch [8][2600/5537]	lr: 1.380e-02, eta: 1 day, 12:44:03, time: 2.811, data_time: 0.000, memory: 5243, top1_acc: 0.7712, top5_acc: 0.9403, loss_cls: 0.7606, loss: 0.7606
2026-09-07 23:52:39,652 - pyskl - INFO - Epoch [8][2700/5537]	lr: 1.376e-02, eta: 1 day, 12:39:24, time: 2.810, data_time: 0.000, memory: 5243, top1_acc: 0.7803, top5_acc: 0.9403, loss_cls: 0.7460, loss: 0.7460
2026-09-07 23:57:20,666 - pyskl - INFO - Epoch [8][2800/5537]	lr: 1.371e-02, eta: 1 day, 12:34:45, time: 2.810, data_time: 0.000, memory: 5243, top1_acc: 0.7928, top5_acc: 0.9413, loss_cls: 0.6909, loss: 0.6909
2026-09-08 00:02:02,278 - pyskl - INFO - Epoch [8][2900/5537]	lr: 1.367e-02, eta: 1 day, 12:30:07, time: 2.816, data_time: 0.000, memory: 5243, top1_acc: 0.7822, top5_acc: 0.9375, loss_cls: 0.7346, loss: 0.7346
2026-09-08 00:06:43,604 - pyskl - INFO - Epoch [8][3000/5537]	lr: 1.362e-02, eta: 1 day, 12:25:29, time: 2.813, data_time: 0.000, memory: 5243, top1_acc: 0.7816, top5_acc: 0.9419, loss_cls: 0.7266, loss: 0.7266
2026-09-08 00:11:25,144 - pyskl - INFO - Epoch [8][3100/5537]	lr: 1.358e-02, eta: 1 day, 12:20:50, time: 2.815, data_time: 0.000, memory: 5243, top1_acc: 0.7887, top5_acc: 0.9419, loss_cls: 0.7345, loss: 0.7345
2026-09-08 00:16:06,982 - pyskl - INFO - Epoch [8][3200/5537]	lr: 1.354e-02, eta: 1 day, 12:16:12, time: 2.818, data_time: 0.000, memory: 5243, top1_acc: 0.7819, top5_acc: 0.9356, loss_cls: 0.7413, loss: 0.7413
2026-09-08 00:20:48,568 - pyskl - INFO - Epoch [8][3300/5537]	lr: 1.349e-02, eta: 1 day, 12:11:34, time: 2.816, data_time: 0.000, memory: 5243, top1_acc: 0.7884, top5_acc: 0.9478, loss_cls: 0.7055, loss: 0.7055
2026-09-08 00:25:29,725 - pyskl - INFO - Epoch [8][3400/5537]	lr: 1.345e-02, eta: 1 day, 12:06:55, time: 2.812, data_time: 0.000, memory: 5243, top1_acc: 0.7809, top5_acc: 0.9406, loss_cls: 0.7295, loss: 0.7295
2026-09-08 00:30:10,004 - pyskl - INFO - Epoch [8][3500/5537]	lr: 1.340e-02, eta: 1 day, 12:02:16, time: 2.803, data_time: 0.000, memory: 5243, top1_acc: 0.7753, top5_acc: 0.9375, loss_cls: 0.7409, loss: 0.7409
2026-09-08 00:34:49,464 - pyskl - INFO - Epoch [8][3600/5537]	lr: 1.336e-02, eta: 1 day, 11:57:35, time: 2.795, data_time: 0.000, memory: 5243, top1_acc: 0.7875, top5_acc: 0.9422, loss_cls: 0.7125, loss: 0.7125
2026-09-08 00:39:28,785 - pyskl - INFO - Epoch [8][3700/5537]	lr: 1.331e-02, eta: 1 day, 11:52:54, time: 2.793, data_time: 0.000, memory: 5243, top1_acc: 0.7800, top5_acc: 0.9378, loss_cls: 0.7456, loss: 0.7456
2026-09-08 00:44:08,996 - pyskl - INFO - Epoch [8][3800/5537]	lr: 1.327e-02, eta: 1 day, 11:48:15, time: 2.802, data_time: 0.000, memory: 5243, top1_acc: 0.7928, top5_acc: 0.9459, loss_cls: 0.6894, loss: 0.6894
2026-09-08 00:48:48,778 - pyskl - INFO - Epoch [8][3900/5537]	lr: 1.323e-02, eta: 1 day, 11:43:34, time: 2.798, data_time: 0.000, memory: 5243, top1_acc: 0.7794, top5_acc: 0.9413, loss_cls: 0.7255, loss: 0.7255
2026-09-08 00:53:29,421 - pyskl - INFO - Epoch [8][4000/5537]	lr: 1.318e-02, eta: 1 day, 11:38:55, time: 2.806, data_time: 0.000, memory: 5243, top1_acc: 0.7794, top5_acc: 0.9381, loss_cls: 0.7330, loss: 0.7330
2026-09-08 00:58:09,946 - pyskl - INFO - Epoch [8][4100/5537]	lr: 1.314e-02, eta: 1 day, 11:34:15, time: 2.805, data_time: 0.000, memory: 5243, top1_acc: 0.7791, top5_acc: 0.9403, loss_cls: 0.7394, loss: 0.7394
2026-09-08 01:02:50,250 - pyskl - INFO - Epoch [8][4200/5537]	lr: 1.309e-02, eta: 1 day, 11:29:36, time: 2.803, data_time: 0.000, memory: 5243, top1_acc: 0.7981, top5_acc: 0.9437, loss_cls: 0.6939, loss: 0.6939
2026-09-08 01:07:30,145 - pyskl - INFO - Epoch [8][4300/5537]	lr: 1.305e-02, eta: 1 day, 11:24:56, time: 2.799, data_time: 0.000, memory: 5243, top1_acc: 0.7800, top5_acc: 0.9416, loss_cls: 0.7335, loss: 0.7335
2026-09-08 01:12:10,603 - pyskl - INFO - Epoch [8][4400/5537]	lr: 1.300e-02, eta: 1 day, 11:20:16, time: 2.805, data_time: 0.000, memory: 5243, top1_acc: 0.7803, top5_acc: 0.9363, loss_cls: 0.7269, loss: 0.7269
2026-09-08 01:16:50,821 - pyskl - INFO - Epoch [8][4500/5537]	lr: 1.296e-02, eta: 1 day, 11:15:36, time: 2.802, data_time: 0.000, memory: 5243, top1_acc: 0.7869, top5_acc: 0.9434, loss_cls: 0.7123, loss: 0.7123
2026-09-08 01:21:31,436 - pyskl - INFO - Epoch [8][4600/5537]	lr: 1.292e-02, eta: 1 day, 11:10:57, time: 2.806, data_time: 0.000, memory: 5243, top1_acc: 0.7809, top5_acc: 0.9366, loss_cls: 0.7510, loss: 0.7510
2026-09-08 01:26:12,391 - pyskl - INFO - Epoch [8][4700/5537]	lr: 1.287e-02, eta: 1 day, 11:06:18, time: 2.810, data_time: 0.000, memory: 5243, top1_acc: 0.7834, top5_acc: 0.9366, loss_cls: 0.7191, loss: 0.7191
2026-09-08 01:30:52,427 - pyskl - INFO - Epoch [8][4800/5537]	lr: 1.283e-02, eta: 1 day, 11:01:38, time: 2.800, data_time: 0.000, memory: 5243, top1_acc: 0.7841, top5_acc: 0.9472, loss_cls: 0.6988, loss: 0.6988
2026-09-08 01:35:32,438 - pyskl - INFO - Epoch [8][4900/5537]	lr: 1.278e-02, eta: 1 day, 10:56:58, time: 2.800, data_time: 0.000, memory: 5243, top1_acc: 0.7872, top5_acc: 0.9397, loss_cls: 0.7286, loss: 0.7286
2026-09-08 01:40:12,224 - pyskl - INFO - Epoch [8][5000/5537]	lr: 1.274e-02, eta: 1 day, 10:52:18, time: 2.798, data_time: 0.000, memory: 5243, top1_acc: 0.7875, top5_acc: 0.9406, loss_cls: 0.7212, loss: 0.7212
2026-09-08 01:44:52,171 - pyskl - INFO - Epoch [8][5100/5537]	lr: 1.269e-02, eta: 1 day, 10:47:38, time: 2.799, data_time: 0.000, memory: 5243, top1_acc: 0.7831, top5_acc: 0.9484, loss_cls: 0.7178, loss: 0.7178
2026-09-08 01:49:33,538 - pyskl - INFO - Epoch [8][5200/5537]	lr: 1.265e-02, eta: 1 day, 10:42:59, time: 2.814, data_time: 0.000, memory: 5243, top1_acc: 0.7887, top5_acc: 0.9441, loss_cls: 0.6953, loss: 0.6953
2026-09-08 01:54:13,300 - pyskl - INFO - Epoch [8][5300/5537]	lr: 1.261e-02, eta: 1 day, 10:38:19, time: 2.798, data_time: 0.000, memory: 5243, top1_acc: 0.7697, top5_acc: 0.9409, loss_cls: 0.7566, loss: 0.7566
2026-09-08 01:58:53,240 - pyskl - INFO - Epoch [8][5400/5537]	lr: 1.256e-02, eta: 1 day, 10:33:39, time: 2.799, data_time: 0.000, memory: 5243, top1_acc: 0.8000, top5_acc: 0.9509, loss_cls: 0.6676, loss: 0.6676
2026-09-08 02:03:32,737 - pyskl - INFO - Epoch [8][5500/5537]	lr: 1.252e-02, eta: 1 day, 10:28:58, time: 2.795, data_time: 0.000, memory: 5243, top1_acc: 0.7909, top5_acc: 0.9394, loss_cls: 0.6997, loss: 0.6997
2026-09-08 02:05:16,077 - pyskl - INFO - Saving checkpoint at 8 epochs
2026-09-08 02:11:04,519 - pyskl - INFO - Evaluating top_k_accuracy ...
2026-09-08 02:11:04,530 - pyskl - INFO - 
top1_acc	0.8324
top5_acc	0.9725
2026-09-08 02:11:04,531 - pyskl - INFO - The previous best checkpoint D:\YxjProject\pythonProject\pyskl\work_dirs\aug_baseline\stgcnpp_j\train\A6_mixed_p0.6\best_top1_acc_epoch_7.pth was removed
2026-09-08 02:11:04,606 - pyskl - INFO - Now best checkpoint is saved as best_top1_acc_epoch_8.pth.
2026-09-08 02:11:04,607 - pyskl - INFO - Best top1_acc is 0.8324 at 8 epoch.
2026-09-08 02:11:04,607 - pyskl - INFO - Epoch(val) [8][146]	top1_acc: 0.8324, top5_acc: 0.9725
2026-09-08 02:15:52,719 - pyskl - INFO - Epoch [9][100/5537]	lr: 1.246e-02, eta: 1 day, 10:20:59, time: 2.881, data_time: 0.076, memory: 5243, top1_acc: 0.8053, top5_acc: 0.9456, loss_cls: 0.6761, loss: 0.6761
2026-09-08 02:20:33,191 - pyskl - INFO - Epoch [9][200/5537]	lr: 1.241e-02, eta: 1 day, 10:16:20, time: 2.805, data_time: 0.000, memory: 5243, top1_acc: 0.8028, top5_acc: 0.9456, loss_cls: 0.6823, loss: 0.6823
2026-09-08 02:25:13,622 - pyskl - INFO - Epoch [9][300/5537]	lr: 1.237e-02, eta: 1 day, 10:11:41, time: 2.804, data_time: 0.000, memory: 5243, top1_acc: 0.7819, top5_acc: 0.9381, loss_cls: 0.7384, loss: 0.7384
2026-09-08 02:29:53,813 - pyskl - INFO - Epoch [9][400/5537]	lr: 1.232e-02, eta: 1 day, 10:07:02, time: 2.802, data_time: 0.000, memory: 5243, top1_acc: 0.7963, top5_acc: 0.9487, loss_cls: 0.6722, loss: 0.6722
2026-09-08 02:34:34,072 - pyskl - INFO - Epoch [9][500/5537]	lr: 1.228e-02, eta: 1 day, 10:02:22, time: 2.803, data_time: 0.000, memory: 5243, top1_acc: 0.7891, top5_acc: 0.9487, loss_cls: 0.7071, loss: 0.7071
2026-09-08 02:39:13,681 - pyskl - INFO - Epoch [9][600/5537]	lr: 1.223e-02, eta: 1 day, 9:57:42, time: 2.796, data_time: 0.000, memory: 5243, top1_acc: 0.7887, top5_acc: 0.9397, loss_cls: 0.7164, loss: 0.7164
2026-09-08 02:43:53,526 - pyskl - INFO - Epoch [9][700/5537]	lr: 1.219e-02, eta: 1 day, 9:53:03, time: 2.798, data_time: 0.000, memory: 5243, top1_acc: 0.7975, top5_acc: 0.9431, loss_cls: 0.6704, loss: 0.6704
2026-09-08 02:48:33,216 - pyskl - INFO - Epoch [9][800/5537]	lr: 1.215e-02, eta: 1 day, 9:48:23, time: 2.797, data_time: 0.000, memory: 5243, top1_acc: 0.8044, top5_acc: 0.9444, loss_cls: 0.6720, loss: 0.6720
2026-09-08 02:53:13,253 - pyskl - INFO - Epoch [9][900/5537]	lr: 1.210e-02, eta: 1 day, 9:43:43, time: 2.800, data_time: 0.000, memory: 5243, top1_acc: 0.7856, top5_acc: 0.9397, loss_cls: 0.7157, loss: 0.7157
2026-09-08 02:57:53,125 - pyskl - INFO - Epoch [9][1000/5537]	lr: 1.206e-02, eta: 1 day, 9:39:03, time: 2.799, data_time: 0.000, memory: 5243, top1_acc: 0.7900, top5_acc: 0.9350, loss_cls: 0.7177, loss: 0.7177
2026-09-08 03:02:32,873 - pyskl - INFO - Epoch [9][1100/5537]	lr: 1.201e-02, eta: 1 day, 9:34:23, time: 2.797, data_time: 0.000, memory: 5243, top1_acc: 0.7819, top5_acc: 0.9441, loss_cls: 0.7045, loss: 0.7045
2026-09-08 03:07:12,672 - pyskl - INFO - Epoch [9][1200/5537]	lr: 1.197e-02, eta: 1 day, 9:29:44, time: 2.798, data_time: 0.000, memory: 5243, top1_acc: 0.7956, top5_acc: 0.9469, loss_cls: 0.6912, loss: 0.6912
2026-09-08 03:11:52,731 - pyskl - INFO - Epoch [9][1300/5537]	lr: 1.192e-02, eta: 1 day, 9:25:04, time: 2.801, data_time: 0.000, memory: 5243, top1_acc: 0.7859, top5_acc: 0.9459, loss_cls: 0.7035, loss: 0.7035
2026-09-08 03:16:32,315 - pyskl - INFO - Epoch [9][1400/5537]	lr: 1.188e-02, eta: 1 day, 9:20:24, time: 2.796, data_time: 0.000, memory: 5243, top1_acc: 0.7925, top5_acc: 0.9391, loss_cls: 0.6948, loss: 0.6948
2026-09-08 03:21:11,844 - pyskl - INFO - Epoch [9][1500/5537]	lr: 1.184e-02, eta: 1 day, 9:15:44, time: 2.795, data_time: 0.000, memory: 5243, top1_acc: 0.7959, top5_acc: 0.9403, loss_cls: 0.7067, loss: 0.7067
2026-09-08 03:25:51,453 - pyskl - INFO - Epoch [9][1600/5537]	lr: 1.179e-02, eta: 1 day, 9:11:04, time: 2.796, data_time: 0.000, memory: 5243, top1_acc: 0.7941, top5_acc: 0.9478, loss_cls: 0.6977, loss: 0.6977
2026-09-08 03:30:31,114 - pyskl - INFO - Epoch [9][1700/5537]	lr: 1.175e-02, eta: 1 day, 9:06:24, time: 2.797, data_time: 0.000, memory: 5243, top1_acc: 0.7913, top5_acc: 0.9391, loss_cls: 0.7123, loss: 0.7123
2026-09-08 03:35:12,313 - pyskl - INFO - Epoch [9][1800/5537]	lr: 1.170e-02, eta: 1 day, 9:01:46, time: 2.812, data_time: 0.000, memory: 5243, top1_acc: 0.8191, top5_acc: 0.9556, loss_cls: 0.6124, loss: 0.6124
2026-09-08 03:39:52,989 - pyskl - INFO - Epoch [9][1900/5537]	lr: 1.166e-02, eta: 1 day, 8:57:07, time: 2.807, data_time: 0.000, memory: 5243, top1_acc: 0.7850, top5_acc: 0.9369, loss_cls: 0.7091, loss: 0.7091
2026-09-08 03:44:32,222 - pyskl - INFO - Epoch [9][2000/5537]	lr: 1.161e-02, eta: 1 day, 8:52:26, time: 2.792, data_time: 0.000, memory: 5243, top1_acc: 0.8141, top5_acc: 0.9506, loss_cls: 0.6370, loss: 0.6370
2026-09-08 03:49:11,745 - pyskl - INFO - Epoch [9][2100/5537]	lr: 1.157e-02, eta: 1 day, 8:47:46, time: 2.795, data_time: 0.000, memory: 5243, top1_acc: 0.7984, top5_acc: 0.9513, loss_cls: 0.6575, loss: 0.6575
2026-09-08 03:53:51,180 - pyskl - INFO - Epoch [9][2200/5537]	lr: 1.153e-02, eta: 1 day, 8:43:06, time: 2.794, data_time: 0.000, memory: 5243, top1_acc: 0.7791, top5_acc: 0.9394, loss_cls: 0.7230, loss: 0.7230
2026-09-08 03:58:31,016 - pyskl - INFO - Epoch [9][2300/5537]	lr: 1.148e-02, eta: 1 day, 8:38:26, time: 2.798, data_time: 0.000, memory: 5243, top1_acc: 0.8056, top5_acc: 0.9463, loss_cls: 0.6482, loss: 0.6482
2026-09-08 04:03:10,946 - pyskl - INFO - Epoch [9][2400/5537]	lr: 1.144e-02, eta: 1 day, 8:33:47, time: 2.799, data_time: 0.000, memory: 5243, top1_acc: 0.7828, top5_acc: 0.9397, loss_cls: 0.7346, loss: 0.7346
2026-09-08 04:07:50,565 - pyskl - INFO - Epoch [9][2500/5537]	lr: 1.139e-02, eta: 1 day, 8:29:07, time: 2.796, data_time: 0.000, memory: 5243, top1_acc: 0.8066, top5_acc: 0.9466, loss_cls: 0.6477, loss: 0.6477
2026-09-08 04:12:30,474 - pyskl - INFO - Epoch [9][2600/5537]	lr: 1.135e-02, eta: 1 day, 8:24:27, time: 2.799, data_time: 0.000, memory: 5243, top1_acc: 0.7878, top5_acc: 0.9466, loss_cls: 0.6889, loss: 0.6889
2026-09-08 04:17:10,058 - pyskl - INFO - Epoch [9][2700/5537]	lr: 1.131e-02, eta: 1 day, 8:19:47, time: 2.796, data_time: 0.000, memory: 5243, top1_acc: 0.7850, top5_acc: 0.9347, loss_cls: 0.7253, loss: 0.7253
2026-09-08 04:21:50,013 - pyskl - INFO - Epoch [9][2800/5537]	lr: 1.126e-02, eta: 1 day, 8:15:07, time: 2.800, data_time: 0.000, memory: 5243, top1_acc: 0.7959, top5_acc: 0.9487, loss_cls: 0.6746, loss: 0.6746
2026-09-08 04:26:29,805 - pyskl - INFO - Epoch [9][2900/5537]	lr: 1.122e-02, eta: 1 day, 8:10:27, time: 2.798, data_time: 0.000, memory: 5243, top1_acc: 0.7884, top5_acc: 0.9419, loss_cls: 0.7042, loss: 0.7042
2026-09-08 04:31:09,236 - pyskl - INFO - Epoch [9][3000/5537]	lr: 1.117e-02, eta: 1 day, 8:05:47, time: 2.794, data_time: 0.000, memory: 5243, top1_acc: 0.7853, top5_acc: 0.9397, loss_cls: 0.7243, loss: 0.7243
2026-09-08 04:35:48,547 - pyskl - INFO - Epoch [9][3100/5537]	lr: 1.113e-02, eta: 1 day, 8:01:07, time: 2.793, data_time: 0.000, memory: 5243, top1_acc: 0.8016, top5_acc: 0.9431, loss_cls: 0.6731, loss: 0.6731
2026-09-08 04:40:28,137 - pyskl - INFO - Epoch [9][3200/5537]	lr: 1.109e-02, eta: 1 day, 7:56:27, time: 2.796, data_time: 0.000, memory: 5243, top1_acc: 0.8025, top5_acc: 0.9481, loss_cls: 0.6653, loss: 0.6653
2026-09-08 04:45:07,410 - pyskl - INFO - Epoch [9][3300/5537]	lr: 1.104e-02, eta: 1 day, 7:51:47, time: 2.793, data_time: 0.000, memory: 5243, top1_acc: 0.7953, top5_acc: 0.9441, loss_cls: 0.7034, loss: 0.7034
2026-09-08 04:49:49,380 - pyskl - INFO - Epoch [9][3400/5537]	lr: 1.100e-02, eta: 1 day, 7:47:09, time: 2.820, data_time: 0.000, memory: 5243, top1_acc: 0.8009, top5_acc: 0.9528, loss_cls: 0.6685, loss: 0.6685
2026-09-08 04:54:28,518 - pyskl - INFO - Epoch [9][3500/5537]	lr: 1.095e-02, eta: 1 day, 7:42:28, time: 2.791, data_time: 0.000, memory: 5243, top1_acc: 0.8078, top5_acc: 0.9478, loss_cls: 0.6698, loss: 0.6698
2026-09-08 04:59:07,546 - pyskl - INFO - Epoch [9][3600/5537]	lr: 1.091e-02, eta: 1 day, 7:37:48, time: 2.790, data_time: 0.000, memory: 5243, top1_acc: 0.8072, top5_acc: 0.9481, loss_cls: 0.6419, loss: 0.6419
2026-09-08 05:03:46,469 - pyskl - INFO - Epoch [9][3700/5537]	lr: 1.087e-02, eta: 1 day, 7:33:07, time: 2.789, data_time: 0.000, memory: 5243, top1_acc: 0.8075, top5_acc: 0.9513, loss_cls: 0.6391, loss: 0.6391
2026-09-08 05:08:25,769 - pyskl - INFO - Epoch [9][3800/5537]	lr: 1.082e-02, eta: 1 day, 7:28:27, time: 2.793, data_time: 0.000, memory: 5243, top1_acc: 0.7925, top5_acc: 0.9466, loss_cls: 0.6900, loss: 0.6900
2026-09-08 05:13:04,507 - pyskl - INFO - Epoch [9][3900/5537]	lr: 1.078e-02, eta: 1 day, 7:23:47, time: 2.787, data_time: 0.000, memory: 5243, top1_acc: 0.7984, top5_acc: 0.9506, loss_cls: 0.6587, loss: 0.6587
2026-09-08 05:17:43,681 - pyskl - INFO - Epoch [9][4000/5537]	lr: 1.073e-02, eta: 1 day, 7:19:06, time: 2.792, data_time: 0.000, memory: 5243, top1_acc: 0.7981, top5_acc: 0.9437, loss_cls: 0.6847, loss: 0.6847
2026-09-08 05:22:23,041 - pyskl - INFO - Epoch [9][4100/5537]	lr: 1.069e-02, eta: 1 day, 7:14:26, time: 2.794, data_time: 0.000, memory: 5243, top1_acc: 0.7987, top5_acc: 0.9434, loss_cls: 0.6787, loss: 0.6787
2026-09-08 05:27:02,032 - pyskl - INFO - Epoch [9][4200/5537]	lr: 1.065e-02, eta: 1 day, 7:09:46, time: 2.790, data_time: 0.000, memory: 5243, top1_acc: 0.7972, top5_acc: 0.9487, loss_cls: 0.6642, loss: 0.6642
2026-09-08 05:31:40,750 - pyskl - INFO - Epoch [9][4300/5537]	lr: 1.060e-02, eta: 1 day, 7:05:05, time: 2.787, data_time: 0.000, memory: 5243, top1_acc: 0.8009, top5_acc: 0.9528, loss_cls: 0.6704, loss: 0.6704
2026-09-08 05:36:19,102 - pyskl - INFO - Epoch [9][4400/5537]	lr: 1.056e-02, eta: 1 day, 7:00:24, time: 2.784, data_time: 0.000, memory: 5243, top1_acc: 0.7969, top5_acc: 0.9441, loss_cls: 0.6834, loss: 0.6834
2026-09-08 05:40:57,691 - pyskl - INFO - Epoch [9][4500/5537]	lr: 1.051e-02, eta: 1 day, 6:55:43, time: 2.786, data_time: 0.000, memory: 5243, top1_acc: 0.8019, top5_acc: 0.9469, loss_cls: 0.6752, loss: 0.6752
2026-09-08 05:45:36,545 - pyskl - INFO - Epoch [9][4600/5537]	lr: 1.047e-02, eta: 1 day, 6:51:03, time: 2.789, data_time: 0.000, memory: 5243, top1_acc: 0.8097, top5_acc: 0.9494, loss_cls: 0.6308, loss: 0.6308
2026-09-08 05:50:15,667 - pyskl - INFO - Epoch [9][4700/5537]	lr: 1.043e-02, eta: 1 day, 6:46:22, time: 2.791, data_time: 0.000, memory: 5243, top1_acc: 0.8128, top5_acc: 0.9437, loss_cls: 0.6450, loss: 0.6450
2026-09-08 05:54:55,200 - pyskl - INFO - Epoch [9][4800/5537]	lr: 1.038e-02, eta: 1 day, 6:41:42, time: 2.795, data_time: 0.000, memory: 5243, top1_acc: 0.8081, top5_acc: 0.9487, loss_cls: 0.6498, loss: 0.6498
2026-09-08 05:59:34,218 - pyskl - INFO - Epoch [9][4900/5537]	lr: 1.034e-02, eta: 1 day, 6:37:02, time: 2.790, data_time: 0.000, memory: 5243, top1_acc: 0.8028, top5_acc: 0.9447, loss_cls: 0.6584, loss: 0.6584
2026-09-08 06:04:13,224 - pyskl - INFO - Epoch [9][5000/5537]	lr: 1.030e-02, eta: 1 day, 6:32:22, time: 2.790, data_time: 0.000, memory: 5243, top1_acc: 0.8056, top5_acc: 0.9453, loss_cls: 0.6633, loss: 0.6633
2026-09-08 06:08:52,232 - pyskl - INFO - Epoch [9][5100/5537]	lr: 1.025e-02, eta: 1 day, 6:27:41, time: 2.790, data_time: 0.000, memory: 5243, top1_acc: 0.8144, top5_acc: 0.9447, loss_cls: 0.6518, loss: 0.6518
2026-09-08 06:13:31,375 - pyskl - INFO - Epoch [9][5200/5537]	lr: 1.021e-02, eta: 1 day, 6:23:01, time: 2.791, data_time: 0.000, memory: 5243, top1_acc: 0.8031, top5_acc: 0.9422, loss_cls: 0.6752, loss: 0.6752
2026-09-08 06:18:10,976 - pyskl - INFO - Epoch [9][5300/5537]	lr: 1.016e-02, eta: 1 day, 6:18:21, time: 2.796, data_time: 0.000, memory: 5243, top1_acc: 0.8100, top5_acc: 0.9528, loss_cls: 0.6317, loss: 0.6317
2026-09-08 06:22:49,811 - pyskl - INFO - Epoch [9][5400/5537]	lr: 1.012e-02, eta: 1 day, 6:13:40, time: 2.788, data_time: 0.000, memory: 5243, top1_acc: 0.8034, top5_acc: 0.9491, loss_cls: 0.6550, loss: 0.6550
2026-09-08 06:27:28,960 - pyskl - INFO - Epoch [9][5500/5537]	lr: 1.008e-02, eta: 1 day, 6:09:00, time: 2.791, data_time: 0.000, memory: 5243, top1_acc: 0.8072, top5_acc: 0.9484, loss_cls: 0.6522, loss: 0.6522
2026-09-08 06:29:12,211 - pyskl - INFO - Saving checkpoint at 9 epochs
2026-09-08 06:34:51,399 - pyskl - INFO - Evaluating top_k_accuracy ...
2026-09-08 06:34:51,410 - pyskl - INFO - 
top1_acc	0.8531
top5_acc	0.9789
2026-09-08 06:34:51,412 - pyskl - INFO - The previous best checkpoint D:\YxjProject\pythonProject\pyskl\work_dirs\aug_baseline\stgcnpp_j\train\A6_mixed_p0.6\best_top1_acc_epoch_8.pth was removed
2026-09-08 06:34:51,487 - pyskl - INFO - Now best checkpoint is saved as best_top1_acc_epoch_9.pth.
2026-09-08 06:34:51,487 - pyskl - INFO - Best top1_acc is 0.8531 at 9 epoch.
2026-09-08 06:34:51,487 - pyskl - INFO - Epoch(val) [9][146]	top1_acc: 0.8531, top5_acc: 0.9789
2026-09-08 06:39:38,873 - pyskl - INFO - Epoch [10][100/5537]	lr: 1.002e-02, eta: 1 day, 6:01:23, time: 2.874, data_time: 0.077, memory: 5243, top1_acc: 0.8113, top5_acc: 0.9494, loss_cls: 0.6310, loss: 0.6310
2026-09-08 06:44:18,337 - pyskl - INFO - Epoch [10][200/5537]	lr: 9.975e-03, eta: 1 day, 5:56:43, time: 2.795, data_time: 0.000, memory: 5243, top1_acc: 0.7969, top5_acc: 0.9481, loss_cls: 0.6835, loss: 0.6835
2026-09-08 06:48:58,114 - pyskl - INFO - Epoch [10][300/5537]	lr: 9.932e-03, eta: 1 day, 5:52:04, time: 2.798, data_time: 0.000, memory: 5243, top1_acc: 0.8084, top5_acc: 0.9537, loss_cls: 0.6451, loss: 0.6451
2026-09-08 06:53:37,052 - pyskl - INFO - Epoch [10][400/5537]	lr: 9.888e-03, eta: 1 day, 5:47:23, time: 2.789, data_time: 0.000, memory: 5243, top1_acc: 0.8087, top5_acc: 0.9494, loss_cls: 0.6554, loss: 0.6554
2026-09-08 06:58:16,178 - pyskl - INFO - Epoch [10][500/5537]	lr: 9.845e-03, eta: 1 day, 5:42:44, time: 2.791, data_time: 0.000, memory: 5243, top1_acc: 0.8153, top5_acc: 0.9487, loss_cls: 0.6285, loss: 0.6285
2026-09-08 07:02:54,596 - pyskl - INFO - Epoch [10][600/5537]	lr: 9.802e-03, eta: 1 day, 5:38:03, time: 2.784, data_time: 0.000, memory: 5243, top1_acc: 0.8178, top5_acc: 0.9553, loss_cls: 0.6053, loss: 0.6053
2026-09-08 07:07:32,933 - pyskl - INFO - Epoch [10][700/5537]	lr: 9.758e-03, eta: 1 day, 5:33:23, time: 2.783, data_time: 0.000, memory: 5243, top1_acc: 0.8106, top5_acc: 0.9481, loss_cls: 0.6416, loss: 0.6416
2026-09-08 07:12:11,634 - pyskl - INFO - Epoch [10][800/5537]	lr: 9.715e-03, eta: 1 day, 5:28:42, time: 2.787, data_time: 0.000, memory: 5243, top1_acc: 0.8094, top5_acc: 0.9506, loss_cls: 0.6338, loss: 0.6338
2026-09-08 07:16:50,283 - pyskl - INFO - Epoch [10][900/5537]	lr: 9.672e-03, eta: 1 day, 5:24:02, time: 2.786, data_time: 0.000, memory: 5243, top1_acc: 0.8213, top5_acc: 0.9547, loss_cls: 0.6050, loss: 0.6050
2026-09-08 07:21:28,135 - pyskl - INFO - Epoch [10][1000/5537]	lr: 9.629e-03, eta: 1 day, 5:19:21, time: 2.779, data_time: 0.000, memory: 5243, top1_acc: 0.7994, top5_acc: 0.9444, loss_cls: 0.6769, loss: 0.6769
2026-09-08 07:26:06,762 - pyskl - INFO - Epoch [10][1100/5537]	lr: 9.586e-03, eta: 1 day, 5:14:41, time: 2.786, data_time: 0.000, memory: 5243, top1_acc: 0.8113, top5_acc: 0.9428, loss_cls: 0.6522, loss: 0.6522
2026-09-08 07:30:45,214 - pyskl - INFO - Epoch [10][1200/5537]	lr: 9.542e-03, eta: 1 day, 5:10:01, time: 2.784, data_time: 0.000, memory: 5243, top1_acc: 0.8200, top5_acc: 0.9497, loss_cls: 0.6180, loss: 0.6180
2026-09-08 07:35:24,949 - pyskl - INFO - Epoch [10][1300/5537]	lr: 9.499e-03, eta: 1 day, 5:05:21, time: 2.797, data_time: 0.000, memory: 5243, top1_acc: 0.8081, top5_acc: 0.9578, loss_cls: 0.6346, loss: 0.6346
2026-09-08 07:40:04,577 - pyskl - INFO - Epoch [10][1400/5537]	lr: 9.456e-03, eta: 1 day, 5:00:42, time: 2.796, data_time: 0.000, memory: 5243, top1_acc: 0.8037, top5_acc: 0.9497, loss_cls: 0.6579, loss: 0.6579
2026-09-08 07:44:44,273 - pyskl - INFO - Epoch [10][1500/5537]	lr: 9.413e-03, eta: 1 day, 4:56:02, time: 2.797, data_time: 0.000, memory: 5243, top1_acc: 0.8144, top5_acc: 0.9500, loss_cls: 0.6391, loss: 0.6391
2026-09-08 07:49:26,133 - pyskl - INFO - Epoch [10][1600/5537]	lr: 9.370e-03, eta: 1 day, 4:51:24, time: 2.819, data_time: 0.000, memory: 5243, top1_acc: 0.8028, top5_acc: 0.9475, loss_cls: 0.6403, loss: 0.6403
2026-09-08 07:54:05,477 - pyskl - INFO - Epoch [10][1700/5537]	lr: 9.328e-03, eta: 1 day, 4:46:45, time: 2.793, data_time: 0.000, memory: 5243, top1_acc: 0.8147, top5_acc: 0.9522, loss_cls: 0.6281, loss: 0.6281
2026-09-08 07:58:45,864 - pyskl - INFO - Epoch [10][1800/5537]	lr: 9.285e-03, eta: 1 day, 4:42:06, time: 2.804, data_time: 0.000, memory: 5243, top1_acc: 0.8159, top5_acc: 0.9553, loss_cls: 0.6060, loss: 0.6060
2026-09-08 08:03:25,521 - pyskl - INFO - Epoch [10][1900/5537]	lr: 9.242e-03, eta: 1 day, 4:37:26, time: 2.797, data_time: 0.000, memory: 5243, top1_acc: 0.8078, top5_acc: 0.9456, loss_cls: 0.6458, loss: 0.6458
2026-09-08 08:08:04,952 - pyskl - INFO - Epoch [10][2000/5537]	lr: 9.199e-03, eta: 1 day, 4:32:46, time: 2.794, data_time: 0.000, memory: 5243, top1_acc: 0.8100, top5_acc: 0.9506, loss_cls: 0.6336, loss: 0.6336
2026-09-08 08:12:44,704 - pyskl - INFO - Epoch [10][2100/5537]	lr: 9.156e-03, eta: 1 day, 4:28:07, time: 2.798, data_time: 0.000, memory: 5243, top1_acc: 0.8297, top5_acc: 0.9469, loss_cls: 0.5939, loss: 0.5939
2026-09-08 08:17:24,741 - pyskl - INFO - Epoch [10][2200/5537]	lr: 9.114e-03, eta: 1 day, 4:23:28, time: 2.800, data_time: 0.000, memory: 5243, top1_acc: 0.8063, top5_acc: 0.9475, loss_cls: 0.6598, loss: 0.6598
2026-09-08 08:22:04,710 - pyskl - INFO - Epoch [10][2300/5537]	lr: 9.071e-03, eta: 1 day, 4:18:48, time: 2.800, data_time: 0.000, memory: 5243, top1_acc: 0.8128, top5_acc: 0.9503, loss_cls: 0.6236, loss: 0.6236
2026-09-08 08:26:44,823 - pyskl - INFO - Epoch [10][2400/5537]	lr: 9.028e-03, eta: 1 day, 4:14:09, time: 2.801, data_time: 0.000, memory: 5243, top1_acc: 0.8084, top5_acc: 0.9547, loss_cls: 0.6280, loss: 0.6280
2026-09-08 08:31:25,397 - pyskl - INFO - Epoch [10][2500/5537]	lr: 8.986e-03, eta: 1 day, 4:09:30, time: 2.806, data_time: 0.000, memory: 5243, top1_acc: 0.8228, top5_acc: 0.9544, loss_cls: 0.6021, loss: 0.6021
2026-09-08 08:36:05,381 - pyskl - INFO - Epoch [10][2600/5537]	lr: 8.943e-03, eta: 1 day, 4:04:51, time: 2.800, data_time: 0.000, memory: 5243, top1_acc: 0.8100, top5_acc: 0.9509, loss_cls: 0.6399, loss: 0.6399
2026-09-08 08:40:46,763 - pyskl - INFO - Epoch [10][2700/5537]	lr: 8.901e-03, eta: 1 day, 4:00:13, time: 2.814, data_time: 0.000, memory: 5243, top1_acc: 0.8084, top5_acc: 0.9497, loss_cls: 0.6368, loss: 0.6368
2026-09-08 08:45:26,909 - pyskl - INFO - Epoch [10][2800/5537]	lr: 8.859e-03, eta: 1 day, 3:55:34, time: 2.801, data_time: 0.000, memory: 5243, top1_acc: 0.8131, top5_acc: 0.9553, loss_cls: 0.6144, loss: 0.6144
2026-09-08 08:50:06,669 - pyskl - INFO - Epoch [10][2900/5537]	lr: 8.816e-03, eta: 1 day, 3:50:54, time: 2.798, data_time: 0.000, memory: 5243, top1_acc: 0.8094, top5_acc: 0.9472, loss_cls: 0.6419, loss: 0.6419
2026-09-08 08:54:46,161 - pyskl - INFO - Epoch [10][3000/5537]	lr: 8.774e-03, eta: 1 day, 3:46:14, time: 2.795, data_time: 0.000, memory: 5243, top1_acc: 0.8028, top5_acc: 0.9444, loss_cls: 0.6637, loss: 0.6637
2026-09-08 08:59:25,810 - pyskl - INFO - Epoch [10][3100/5537]	lr: 8.732e-03, eta: 1 day, 3:41:35, time: 2.796, data_time: 0.000, memory: 5243, top1_acc: 0.8153, top5_acc: 0.9541, loss_cls: 0.6198, loss: 0.6198
2026-09-08 09:04:05,241 - pyskl - INFO - Epoch [10][3200/5537]	lr: 8.689e-03, eta: 1 day, 3:36:55, time: 2.794, data_time: 0.000, memory: 5243, top1_acc: 0.8097, top5_acc: 0.9459, loss_cls: 0.6510, loss: 0.6510
2026-09-08 09:08:45,449 - pyskl - INFO - Epoch [10][3300/5537]	lr: 8.647e-03, eta: 1 day, 3:32:16, time: 2.802, data_time: 0.000, memory: 5243, top1_acc: 0.8050, top5_acc: 0.9419, loss_cls: 0.6467, loss: 0.6467
2026-09-08 09:13:26,362 - pyskl - INFO - Epoch [10][3400/5537]	lr: 8.605e-03, eta: 1 day, 3:27:37, time: 2.809, data_time: 0.000, memory: 5243, top1_acc: 0.7987, top5_acc: 0.9434, loss_cls: 0.6739, loss: 0.6739
2026-09-08 09:18:07,106 - pyskl - INFO - Epoch [10][3500/5537]	lr: 8.563e-03, eta: 1 day, 3:22:59, time: 2.807, data_time: 0.000, memory: 5243, top1_acc: 0.8172, top5_acc: 0.9481, loss_cls: 0.6349, loss: 0.6349
2026-09-08 09:22:48,967 - pyskl - INFO - Epoch [10][3600/5537]	lr: 8.521e-03, eta: 1 day, 3:18:20, time: 2.819, data_time: 0.000, memory: 5243, top1_acc: 0.8213, top5_acc: 0.9522, loss_cls: 0.6125, loss: 0.6125
2026-09-08 09:27:30,585 - pyskl - INFO - Epoch [10][3700/5537]	lr: 8.479e-03, eta: 1 day, 3:13:42, time: 2.816, data_time: 0.000, memory: 5243, top1_acc: 0.8166, top5_acc: 0.9475, loss_cls: 0.6241, loss: 0.6241
2026-09-08 09:32:11,443 - pyskl - INFO - Epoch [10][3800/5537]	lr: 8.437e-03, eta: 1 day, 3:09:03, time: 2.809, data_time: 0.000, memory: 5243, top1_acc: 0.8169, top5_acc: 0.9550, loss_cls: 0.6110, loss: 0.6110
2026-09-08 09:36:51,881 - pyskl - INFO - Epoch [10][3900/5537]	lr: 8.395e-03, eta: 1 day, 3:04:24, time: 2.804, data_time: 0.000, memory: 5243, top1_acc: 0.8191, top5_acc: 0.9503, loss_cls: 0.6081, loss: 0.6081
2026-09-08 09:41:32,550 - pyskl - INFO - Epoch [10][4000/5537]	lr: 8.353e-03, eta: 1 day, 2:59:45, time: 2.807, data_time: 0.000, memory: 5243, top1_acc: 0.8350, top5_acc: 0.9547, loss_cls: 0.5717, loss: 0.5717
2026-09-08 09:46:13,285 - pyskl - INFO - Epoch [10][4100/5537]	lr: 8.311e-03, eta: 1 day, 2:55:07, time: 2.807, data_time: 0.000, memory: 5243, top1_acc: 0.8022, top5_acc: 0.9550, loss_cls: 0.6395, loss: 0.6395
2026-09-08 09:50:54,529 - pyskl - INFO - Epoch [10][4200/5537]	lr: 8.270e-03, eta: 1 day, 2:50:28, time: 2.812, data_time: 0.000, memory: 5243, top1_acc: 0.8091, top5_acc: 0.9481, loss_cls: 0.6333, loss: 0.6333
2026-09-08 09:55:35,597 - pyskl - INFO - Epoch [10][4300/5537]	lr: 8.228e-03, eta: 1 day, 2:45:49, time: 2.811, data_time: 0.000, memory: 5243, top1_acc: 0.8119, top5_acc: 0.9497, loss_cls: 0.6328, loss: 0.6328
2026-09-08 10:00:16,968 - pyskl - INFO - Epoch [10][4400/5537]	lr: 8.186e-03, eta: 1 day, 2:41:11, time: 2.814, data_time: 0.000, memory: 5243, top1_acc: 0.8250, top5_acc: 0.9519, loss_cls: 0.5944, loss: 0.5944
2026-09-08 10:04:58,704 - pyskl - INFO - Epoch [10][4500/5537]	lr: 8.145e-03, eta: 1 day, 2:36:33, time: 2.817, data_time: 0.000, memory: 5243, top1_acc: 0.8119, top5_acc: 0.9478, loss_cls: 0.6396, loss: 0.6396
2026-09-08 10:09:40,703 - pyskl - INFO - Epoch [10][4600/5537]	lr: 8.103e-03, eta: 1 day, 2:31:54, time: 2.820, data_time: 0.000, memory: 5243, top1_acc: 0.8150, top5_acc: 0.9491, loss_cls: 0.6157, loss: 0.6157
2026-09-08 10:14:22,092 - pyskl - INFO - Epoch [10][4700/5537]	lr: 8.062e-03, eta: 1 day, 2:27:16, time: 2.814, data_time: 0.000, memory: 5243, top1_acc: 0.8197, top5_acc: 0.9537, loss_cls: 0.6099, loss: 0.6099
2026-09-08 10:19:03,070 - pyskl - INFO - Epoch [10][4800/5537]	lr: 8.020e-03, eta: 1 day, 2:22:37, time: 2.810, data_time: 0.000, memory: 5243, top1_acc: 0.8225, top5_acc: 0.9513, loss_cls: 0.5969, loss: 0.5969
2026-09-08 10:23:44,116 - pyskl - INFO - Epoch [10][4900/5537]	lr: 7.979e-03, eta: 1 day, 2:17:58, time: 2.810, data_time: 0.000, memory: 5243, top1_acc: 0.8253, top5_acc: 0.9531, loss_cls: 0.5916, loss: 0.5916
2026-09-08 10:28:25,152 - pyskl - INFO - Epoch [10][5000/5537]	lr: 7.938e-03, eta: 1 day, 2:13:20, time: 2.810, data_time: 0.000, memory: 5243, top1_acc: 0.8281, top5_acc: 0.9509, loss_cls: 0.6058, loss: 0.6058
2026-09-08 10:33:05,166 - pyskl - INFO - Epoch [10][5100/5537]	lr: 7.896e-03, eta: 1 day, 2:08:40, time: 2.800, data_time: 0.000, memory: 5243, top1_acc: 0.8300, top5_acc: 0.9559, loss_cls: 0.5754, loss: 0.5754
2026-09-08 10:37:45,381 - pyskl - INFO - Epoch [10][5200/5537]	lr: 7.855e-03, eta: 1 day, 2:04:01, time: 2.802, data_time: 0.000, memory: 5243, top1_acc: 0.8209, top5_acc: 0.9478, loss_cls: 0.6207, loss: 0.6207
2026-09-08 10:42:25,995 - pyskl - INFO - Epoch [10][5300/5537]	lr: 7.814e-03, eta: 1 day, 1:59:22, time: 2.806, data_time: 0.000, memory: 5243, top1_acc: 0.8256, top5_acc: 0.9563, loss_cls: 0.5920, loss: 0.5920
2026-09-08 10:47:06,168 - pyskl - INFO - Epoch [10][5400/5537]	lr: 7.773e-03, eta: 1 day, 1:54:43, time: 2.802, data_time: 0.000, memory: 5243, top1_acc: 0.8181, top5_acc: 0.9503, loss_cls: 0.6146, loss: 0.6146
2026-09-08 10:51:48,397 - pyskl - INFO - Epoch [10][5500/5537]	lr: 7.732e-03, eta: 1 day, 1:50:05, time: 2.822, data_time: 0.000, memory: 5243, top1_acc: 0.8200, top5_acc: 0.9513, loss_cls: 0.5995, loss: 0.5995
2026-09-08 10:53:31,916 - pyskl - INFO - Saving checkpoint at 10 epochs
2026-09-08 10:59:11,402 - pyskl - INFO - Evaluating top_k_accuracy ...
2026-09-08 10:59:11,413 - pyskl - INFO - 
top1_acc	0.8649
top5_acc	0.9779
2026-09-08 10:59:11,414 - pyskl - INFO - The previous best checkpoint D:\YxjProject\pythonProject\pyskl\work_dirs\aug_baseline\stgcnpp_j\train\A6_mixed_p0.6\best_top1_acc_epoch_9.pth was removed
2026-09-08 10:59:11,491 - pyskl - INFO - Now best checkpoint is saved as best_top1_acc_epoch_10.pth.
2026-09-08 10:59:11,491 - pyskl - INFO - Best top1_acc is 0.8649 at 10 epoch.
2026-09-08 10:59:11,491 - pyskl - INFO - Epoch(val) [10][146]	top1_acc: 0.8649, top5_acc: 0.9779
2026-09-08 11:03:59,212 - pyskl - INFO - Epoch [11][100/5537]	lr: 7.676e-03, eta: 1 day, 1:42:45, time: 2.877, data_time: 0.076, memory: 5243, top1_acc: 0.8278, top5_acc: 0.9563, loss_cls: 0.5868, loss: 0.5868
2026-09-08 11:08:39,138 - pyskl - INFO - Epoch [11][200/5537]	lr: 7.635e-03, eta: 1 day, 1:38:05, time: 2.799, data_time: 0.000, memory: 5243, top1_acc: 0.8319, top5_acc: 0.9519, loss_cls: 0.5668, loss: 0.5668
2026-09-08 11:13:18,900 - pyskl - INFO - Epoch [11][300/5537]	lr: 7.594e-03, eta: 1 day, 1:33:26, time: 2.798, data_time: 0.000, memory: 5243, top1_acc: 0.8287, top5_acc: 0.9578, loss_cls: 0.5609, loss: 0.5609
2026-09-08 11:17:58,549 - pyskl - INFO - Epoch [11][400/5537]	lr: 7.554e-03, eta: 1 day, 1:28:47, time: 2.796, data_time: 0.000, memory: 5243, top1_acc: 0.8281, top5_acc: 0.9513, loss_cls: 0.5766, loss: 0.5766
2026-09-08 11:22:38,531 - pyskl - INFO - Epoch [11][500/5537]	lr: 7.513e-03, eta: 1 day, 1:24:08, time: 2.800, data_time: 0.000, memory: 5243, top1_acc: 0.8306, top5_acc: 0.9497, loss_cls: 0.5773, loss: 0.5773
2026-09-08 11:27:18,652 - pyskl - INFO - Epoch [11][600/5537]	lr: 7.472e-03, eta: 1 day, 1:19:28, time: 2.801, data_time: 0.000, memory: 5243, top1_acc: 0.8375, top5_acc: 0.9581, loss_cls: 0.5793, loss: 0.5793
2026-09-08 11:31:58,480 - pyskl - INFO - Epoch [11][700/5537]	lr: 7.432e-03, eta: 1 day, 1:14:49, time: 2.798, data_time: 0.000, memory: 5243, top1_acc: 0.8213, top5_acc: 0.9544, loss_cls: 0.5911, loss: 0.5911
2026-09-08 11:36:38,491 - pyskl - INFO - Epoch [11][800/5537]	lr: 7.391e-03, eta: 1 day, 1:10:10, time: 2.800, data_time: 0.000, memory: 5243, top1_acc: 0.8178, top5_acc: 0.9572, loss_cls: 0.5993, loss: 0.5993
2026-09-08 11:41:18,600 - pyskl - INFO - Epoch [11][900/5537]	lr: 7.351e-03, eta: 1 day, 1:05:31, time: 2.801, data_time: 0.000, memory: 5243, top1_acc: 0.8272, top5_acc: 0.9516, loss_cls: 0.5867, loss: 0.5867
2026-09-08 11:45:58,252 - pyskl - INFO - Epoch [11][1000/5537]	lr: 7.310e-03, eta: 1 day, 1:00:52, time: 2.797, data_time: 0.000, memory: 5243, top1_acc: 0.8334, top5_acc: 0.9531, loss_cls: 0.5764, loss: 0.5764
2026-09-08 11:50:38,280 - pyskl - INFO - Epoch [11][1100/5537]	lr: 7.270e-03, eta: 1 day, 0:56:12, time: 2.800, data_time: 0.000, memory: 5243, top1_acc: 0.8231, top5_acc: 0.9525, loss_cls: 0.5800, loss: 0.5800
2026-09-08 11:55:18,499 - pyskl - INFO - Epoch [11][1200/5537]	lr: 7.230e-03, eta: 1 day, 0:51:33, time: 2.802, data_time: 0.000, memory: 5243, top1_acc: 0.8322, top5_acc: 0.9572, loss_cls: 0.5579, loss: 0.5579
2026-09-08 11:59:58,664 - pyskl - INFO - Epoch [11][1300/5537]	lr: 7.190e-03, eta: 1 day, 0:46:54, time: 2.802, data_time: 0.000, memory: 5243, top1_acc: 0.8247, top5_acc: 0.9534, loss_cls: 0.5837, loss: 0.5837
2026-09-08 12:04:39,036 - pyskl - INFO - Epoch [11][1400/5537]	lr: 7.150e-03, eta: 1 day, 0:42:15, time: 2.804, data_time: 0.000, memory: 5243, top1_acc: 0.8169, top5_acc: 0.9528, loss_cls: 0.6187, loss: 0.6187
2026-09-08 12:09:19,434 - pyskl - INFO - Epoch [11][1500/5537]	lr: 7.110e-03, eta: 1 day, 0:37:36, time: 2.804, data_time: 0.000, memory: 5243, top1_acc: 0.8194, top5_acc: 0.9519, loss_cls: 0.6022, loss: 0.6022
2026-09-08 12:13:59,416 - pyskl - INFO - Epoch [11][1600/5537]	lr: 7.070e-03, eta: 1 day, 0:32:57, time: 2.800, data_time: 0.000, memory: 5243, top1_acc: 0.8347, top5_acc: 0.9566, loss_cls: 0.5645, loss: 0.5645
2026-09-08 12:18:39,492 - pyskl - INFO - Epoch [11][1700/5537]	lr: 7.030e-03, eta: 1 day, 0:28:18, time: 2.801, data_time: 0.000, memory: 5243, top1_acc: 0.8284, top5_acc: 0.9497, loss_cls: 0.5968, loss: 0.5968
2026-09-08 12:23:19,486 - pyskl - INFO - Epoch [11][1800/5537]	lr: 6.990e-03, eta: 1 day, 0:23:39, time: 2.800, data_time: 0.000, memory: 5243, top1_acc: 0.8341, top5_acc: 0.9572, loss_cls: 0.5583, loss: 0.5583
2026-09-08 12:27:58,897 - pyskl - INFO - Epoch [11][1900/5537]	lr: 6.950e-03, eta: 1 day, 0:18:59, time: 2.794, data_time: 0.000, memory: 5243, top1_acc: 0.8334, top5_acc: 0.9603, loss_cls: 0.5654, loss: 0.5654
2026-09-08 12:32:39,232 - pyskl - INFO - Epoch [11][2000/5537]	lr: 6.911e-03, eta: 1 day, 0:14:20, time: 2.803, data_time: 0.000, memory: 5243, top1_acc: 0.8353, top5_acc: 0.9534, loss_cls: 0.5762, loss: 0.5762
2026-09-08 12:37:19,690 - pyskl - INFO - Epoch [11][2100/5537]	lr: 6.871e-03, eta: 1 day, 0:09:41, time: 2.805, data_time: 0.000, memory: 5243, top1_acc: 0.8309, top5_acc: 0.9559, loss_cls: 0.5604, loss: 0.5604
2026-09-08 12:42:00,597 - pyskl - INFO - Epoch [11][2200/5537]	lr: 6.831e-03, eta: 1 day, 0:05:02, time: 2.809, data_time: 0.000, memory: 5243, top1_acc: 0.8206, top5_acc: 0.9463, loss_cls: 0.6086, loss: 0.6086
2026-09-08 12:46:40,696 - pyskl - INFO - Epoch [11][2300/5537]	lr: 6.792e-03, eta: 1 day, 0:00:23, time: 2.801, data_time: 0.000, memory: 5243, top1_acc: 0.8316, top5_acc: 0.9547, loss_cls: 0.5698, loss: 0.5698
2026-09-08 12:51:21,274 - pyskl - INFO - Epoch [11][2400/5537]	lr: 6.752e-03, eta: 23:55:44, time: 2.806, data_time: 0.000, memory: 5243, top1_acc: 0.8316, top5_acc: 0.9559, loss_cls: 0.5685, loss: 0.5685
2026-09-08 12:56:02,231 - pyskl - INFO - Epoch [11][2500/5537]	lr: 6.713e-03, eta: 23:51:06, time: 2.810, data_time: 0.000, memory: 5243, top1_acc: 0.8325, top5_acc: 0.9572, loss_cls: 0.5743, loss: 0.5743
2026-09-08 13:00:43,058 - pyskl - INFO - Epoch [11][2600/5537]	lr: 6.674e-03, eta: 23:46:27, time: 2.808, data_time: 0.000, memory: 5243, top1_acc: 0.8306, top5_acc: 0.9569, loss_cls: 0.5654, loss: 0.5654
2026-09-08 13:05:23,423 - pyskl - INFO - Epoch [11][2700/5537]	lr: 6.635e-03, eta: 23:41:48, time: 2.804, data_time: 0.000, memory: 5243, top1_acc: 0.8263, top5_acc: 0.9503, loss_cls: 0.5979, loss: 0.5979
2026-09-08 13:10:04,134 - pyskl - INFO - Epoch [11][2800/5537]	lr: 6.596e-03, eta: 23:37:09, time: 2.807, data_time: 0.000, memory: 5243, top1_acc: 0.8306, top5_acc: 0.9534, loss_cls: 0.5804, loss: 0.5804
2026-09-08 13:14:44,378 - pyskl - INFO - Epoch [11][2900/5537]	lr: 6.557e-03, eta: 23:32:30, time: 2.802, data_time: 0.000, memory: 5243, top1_acc: 0.8281, top5_acc: 0.9509, loss_cls: 0.5822, loss: 0.5822
2026-09-08 13:19:24,563 - pyskl - INFO - Epoch [11][3000/5537]	lr: 6.518e-03, eta: 23:27:51, time: 2.802, data_time: 0.000, memory: 5243, top1_acc: 0.8350, top5_acc: 0.9556, loss_cls: 0.5653, loss: 0.5653
2026-09-08 13:24:05,425 - pyskl - INFO - Epoch [11][3100/5537]	lr: 6.479e-03, eta: 23:23:12, time: 2.809, data_time: 0.000, memory: 5243, top1_acc: 0.8256, top5_acc: 0.9513, loss_cls: 0.5801, loss: 0.5801
2026-09-08 13:28:46,400 - pyskl - INFO - Epoch [11][3200/5537]	lr: 6.440e-03, eta: 23:18:33, time: 2.810, data_time: 0.000, memory: 5243, top1_acc: 0.8331, top5_acc: 0.9575, loss_cls: 0.5584, loss: 0.5584
2026-09-08 13:33:27,420 - pyskl - INFO - Epoch [11][3300/5537]	lr: 6.401e-03, eta: 23:13:54, time: 2.810, data_time: 0.000, memory: 5243, top1_acc: 0.8341, top5_acc: 0.9587, loss_cls: 0.5608, loss: 0.5608
2026-09-08 13:38:08,176 - pyskl - INFO - Epoch [11][3400/5537]	lr: 6.363e-03, eta: 23:09:16, time: 2.808, data_time: 0.000, memory: 5243, top1_acc: 0.8369, top5_acc: 0.9503, loss_cls: 0.5699, loss: 0.5699
2026-09-08 13:42:48,715 - pyskl - INFO - Epoch [11][3500/5537]	lr: 6.324e-03, eta: 23:04:37, time: 2.805, data_time: 0.000, memory: 5243, top1_acc: 0.8375, top5_acc: 0.9578, loss_cls: 0.5536, loss: 0.5536
2026-09-08 13:47:29,224 - pyskl - INFO - Epoch [11][3600/5537]	lr: 6.285e-03, eta: 22:59:58, time: 2.805, data_time: 0.000, memory: 5243, top1_acc: 0.8303, top5_acc: 0.9566, loss_cls: 0.5767, loss: 0.5767
2026-09-08 13:52:13,582 - pyskl - INFO - Epoch [11][3700/5537]	lr: 6.247e-03, eta: 22:55:20, time: 2.844, data_time: 0.000, memory: 5243, top1_acc: 0.8350, top5_acc: 0.9544, loss_cls: 0.5563, loss: 0.5563
2026-09-08 13:56:55,422 - pyskl - INFO - Epoch [11][3800/5537]	lr: 6.209e-03, eta: 22:50:42, time: 2.818, data_time: 0.000, memory: 5243, top1_acc: 0.8353, top5_acc: 0.9553, loss_cls: 0.5622, loss: 0.5622
2026-09-08 14:01:37,396 - pyskl - INFO - Epoch [11][3900/5537]	lr: 6.170e-03, eta: 22:46:04, time: 2.820, data_time: 0.000, memory: 5243, top1_acc: 0.8431, top5_acc: 0.9584, loss_cls: 0.5374, loss: 0.5374
2026-09-08 14:06:18,709 - pyskl - INFO - Epoch [11][4000/5537]	lr: 6.132e-03, eta: 22:41:25, time: 2.813, data_time: 0.000, memory: 5243, top1_acc: 0.8350, top5_acc: 0.9597, loss_cls: 0.5419, loss: 0.5419
2026-09-08 14:10:59,542 - pyskl - INFO - Epoch [11][4100/5537]	lr: 6.094e-03, eta: 22:36:46, time: 2.808, data_time: 0.000, memory: 5243, top1_acc: 0.8300, top5_acc: 0.9541, loss_cls: 0.5583, loss: 0.5583
2026-09-08 14:15:40,820 - pyskl - INFO - Epoch [11][4200/5537]	lr: 6.056e-03, eta: 22:32:08, time: 2.813, data_time: 0.000, memory: 5243, top1_acc: 0.8403, top5_acc: 0.9553, loss_cls: 0.5487, loss: 0.5487
2026-09-08 14:20:21,998 - pyskl - INFO - Epoch [11][4300/5537]	lr: 6.018e-03, eta: 22:27:29, time: 2.812, data_time: 0.000, memory: 5243, top1_acc: 0.8475, top5_acc: 0.9625, loss_cls: 0.5120, loss: 0.5120
2026-09-08 14:25:03,611 - pyskl - INFO - Epoch [11][4400/5537]	lr: 5.980e-03, eta: 22:22:50, time: 2.816, data_time: 0.000, memory: 5243, top1_acc: 0.8366, top5_acc: 0.9497, loss_cls: 0.5679, loss: 0.5679
2026-09-08 14:29:45,521 - pyskl - INFO - Epoch [11][4500/5537]	lr: 5.943e-03, eta: 22:18:12, time: 2.819, data_time: 0.000, memory: 5243, top1_acc: 0.8397, top5_acc: 0.9578, loss_cls: 0.5527, loss: 0.5527
2026-09-08 14:34:26,746 - pyskl - INFO - Epoch [11][4600/5537]	lr: 5.905e-03, eta: 22:13:33, time: 2.812, data_time: 0.000, memory: 5243, top1_acc: 0.8356, top5_acc: 0.9572, loss_cls: 0.5646, loss: 0.5646
2026-09-08 14:39:08,480 - pyskl - INFO - Epoch [11][4700/5537]	lr: 5.867e-03, eta: 22:08:55, time: 2.817, data_time: 0.000, memory: 5243, top1_acc: 0.8406, top5_acc: 0.9544, loss_cls: 0.5472, loss: 0.5472
2026-09-08 14:43:49,698 - pyskl - INFO - Epoch [11][4800/5537]	lr: 5.830e-03, eta: 22:04:16, time: 2.812, data_time: 0.000, memory: 5243, top1_acc: 0.8381, top5_acc: 0.9584, loss_cls: 0.5430, loss: 0.5430
2026-09-08 14:48:31,398 - pyskl - INFO - Epoch [11][4900/5537]	lr: 5.792e-03, eta: 21:59:37, time: 2.817, data_time: 0.000, memory: 5243, top1_acc: 0.8400, top5_acc: 0.9578, loss_cls: 0.5369, loss: 0.5369
2026-09-08 14:53:12,909 - pyskl - INFO - Epoch [11][5000/5537]	lr: 5.755e-03, eta: 21:54:59, time: 2.815, data_time: 0.000, memory: 5243, top1_acc: 0.8453, top5_acc: 0.9531, loss_cls: 0.5534, loss: 0.5534
2026-09-08 14:57:54,792 - pyskl - INFO - Epoch [11][5100/5537]	lr: 5.718e-03, eta: 21:50:20, time: 2.819, data_time: 0.000, memory: 5243, top1_acc: 0.8356, top5_acc: 0.9600, loss_cls: 0.5363, loss: 0.5363
2026-09-08 15:02:35,599 - pyskl - INFO - Epoch [11][5200/5537]	lr: 5.680e-03, eta: 21:45:41, time: 2.808, data_time: 0.000, memory: 5243, top1_acc: 0.8347, top5_acc: 0.9509, loss_cls: 0.5639, loss: 0.5639
2026-09-08 15:07:16,585 - pyskl - INFO - Epoch [11][5300/5537]	lr: 5.643e-03, eta: 21:41:02, time: 2.810, data_time: 0.000, memory: 5243, top1_acc: 0.8344, top5_acc: 0.9597, loss_cls: 0.5513, loss: 0.5513
2026-09-08 15:11:57,764 - pyskl - INFO - Epoch [11][5400/5537]	lr: 5.606e-03, eta: 21:36:23, time: 2.812, data_time: 0.000, memory: 5243, top1_acc: 0.8363, top5_acc: 0.9609, loss_cls: 0.5467, loss: 0.5467
2026-09-08 15:16:39,037 - pyskl - INFO - Epoch [11][5500/5537]	lr: 5.569e-03, eta: 21:31:45, time: 2.813, data_time: 0.000, memory: 5243, top1_acc: 0.8444, top5_acc: 0.9641, loss_cls: 0.5229, loss: 0.5229
2026-09-08 15:18:23,035 - pyskl - INFO - Saving checkpoint at 11 epochs
2026-09-08 15:24:03,097 - pyskl - INFO - Evaluating top_k_accuracy ...
2026-09-08 15:24:03,109 - pyskl - INFO - 
top1_acc	0.8788
top5_acc	0.9835
2026-09-08 15:24:03,111 - pyskl - INFO - The previous best checkpoint D:\YxjProject\pythonProject\pyskl\work_dirs\aug_baseline\stgcnpp_j\train\A6_mixed_p0.6\best_top1_acc_epoch_10.pth was removed
2026-09-08 15:24:03,186 - pyskl - INFO - Now best checkpoint is saved as best_top1_acc_epoch_11.pth.
2026-09-08 15:24:03,186 - pyskl - INFO - Best top1_acc is 0.8788 at 11 epoch.
2026-09-08 15:24:03,187 - pyskl - INFO - Epoch(val) [11][146]	top1_acc: 0.8788, top5_acc: 0.9835
2026-09-08 15:28:51,759 - pyskl - INFO - Epoch [12][100/5537]	lr: 5.519e-03, eta: 21:24:39, time: 2.886, data_time: 0.077, memory: 5243, top1_acc: 0.8491, top5_acc: 0.9600, loss_cls: 0.5125, loss: 0.5125
2026-09-08 15:33:32,490 - pyskl - INFO - Epoch [12][200/5537]	lr: 5.482e-03, eta: 21:20:00, time: 2.807, data_time: 0.000, memory: 5243, top1_acc: 0.8372, top5_acc: 0.9600, loss_cls: 0.5433, loss: 0.5433
2026-09-08 15:38:13,774 - pyskl - INFO - Epoch [12][300/5537]	lr: 5.446e-03, eta: 21:15:21, time: 2.813, data_time: 0.000, memory: 5243, top1_acc: 0.8434, top5_acc: 0.9591, loss_cls: 0.5292, loss: 0.5292
2026-09-08 15:42:54,553 - pyskl - INFO - Epoch [12][400/5537]	lr: 5.409e-03, eta: 21:10:43, time: 2.808, data_time: 0.000, memory: 5243, top1_acc: 0.8375, top5_acc: 0.9597, loss_cls: 0.5462, loss: 0.5462
2026-09-08 15:47:34,800 - pyskl - INFO - Epoch [12][500/5537]	lr: 5.373e-03, eta: 21:06:03, time: 2.802, data_time: 0.000, memory: 5243, top1_acc: 0.8519, top5_acc: 0.9569, loss_cls: 0.5276, loss: 0.5276
2026-09-08 15:52:14,952 - pyskl - INFO - Epoch [12][600/5537]	lr: 5.336e-03, eta: 21:01:24, time: 2.802, data_time: 0.000, memory: 5243, top1_acc: 0.8384, top5_acc: 0.9531, loss_cls: 0.5598, loss: 0.5598
2026-09-08 15:56:54,861 - pyskl - INFO - Epoch [12][700/5537]	lr: 5.300e-03, eta: 20:56:45, time: 2.799, data_time: 0.000, memory: 5243, top1_acc: 0.8441, top5_acc: 0.9584, loss_cls: 0.5098, loss: 0.5098
2026-09-08 16:01:34,327 - pyskl - INFO - Epoch [12][800/5537]	lr: 5.264e-03, eta: 20:52:06, time: 2.795, data_time: 0.000, memory: 5243, top1_acc: 0.8475, top5_acc: 0.9603, loss_cls: 0.5199, loss: 0.5199
2026-09-08 16:06:13,894 - pyskl - INFO - Epoch [12][900/5537]	lr: 5.228e-03, eta: 20:47:26, time: 2.796, data_time: 0.000, memory: 5243, top1_acc: 0.8556, top5_acc: 0.9606, loss_cls: 0.4970, loss: 0.4970
2026-09-08 16:10:54,208 - pyskl - INFO - Epoch [12][1000/5537]	lr: 5.192e-03, eta: 20:42:47, time: 2.803, data_time: 0.000, memory: 5243, top1_acc: 0.8544, top5_acc: 0.9606, loss_cls: 0.4933, loss: 0.4933
2026-09-08 16:15:34,619 - pyskl - INFO - Epoch [12][1100/5537]	lr: 5.156e-03, eta: 20:38:08, time: 2.804, data_time: 0.000, memory: 5243, top1_acc: 0.8491, top5_acc: 0.9684, loss_cls: 0.5044, loss: 0.5044
2026-09-08 16:20:15,155 - pyskl - INFO - Epoch [12][1200/5537]	lr: 5.120e-03, eta: 20:33:29, time: 2.805, data_time: 0.000, memory: 5243, top1_acc: 0.8422, top5_acc: 0.9544, loss_cls: 0.5343, loss: 0.5343
2026-09-08 16:24:55,425 - pyskl - INFO - Epoch [12][1300/5537]	lr: 5.084e-03, eta: 20:28:50, time: 2.803, data_time: 0.000, memory: 5243, top1_acc: 0.8519, top5_acc: 0.9569, loss_cls: 0.5271, loss: 0.5271
2026-09-08 16:29:36,128 - pyskl - INFO - Epoch [12][1400/5537]	lr: 5.049e-03, eta: 20:24:11, time: 2.807, data_time: 0.000, memory: 5243, top1_acc: 0.8481, top5_acc: 0.9597, loss_cls: 0.5261, loss: 0.5261
2026-09-08 16:34:16,807 - pyskl - INFO - Epoch [12][1500/5537]	lr: 5.013e-03, eta: 20:19:32, time: 2.807, data_time: 0.000, memory: 5243, top1_acc: 0.8434, top5_acc: 0.9550, loss_cls: 0.5444, loss: 0.5444
2026-09-08 16:38:57,175 - pyskl - INFO - Epoch [12][1600/5537]	lr: 4.978e-03, eta: 20:14:53, time: 2.804, data_time: 0.000, memory: 5243, top1_acc: 0.8441, top5_acc: 0.9584, loss_cls: 0.5345, loss: 0.5345
2026-09-08 16:43:38,247 - pyskl - INFO - Epoch [12][1700/5537]	lr: 4.942e-03, eta: 20:10:15, time: 2.811, data_time: 0.000, memory: 5243, top1_acc: 0.8547, top5_acc: 0.9628, loss_cls: 0.4931, loss: 0.4931
2026-09-08 16:48:20,612 - pyskl - INFO - Epoch [12][1800/5537]	lr: 4.907e-03, eta: 20:05:36, time: 2.824, data_time: 0.000, memory: 5243, top1_acc: 0.8484, top5_acc: 0.9613, loss_cls: 0.5179, loss: 0.5179
2026-09-08 16:53:04,996 - pyskl - INFO - Epoch [12][1900/5537]	lr: 4.872e-03, eta: 20:00:59, time: 2.844, data_time: 0.000, memory: 5243, top1_acc: 0.8578, top5_acc: 0.9594, loss_cls: 0.4947, loss: 0.4947
2026-09-08 16:57:45,940 - pyskl - INFO - Epoch [12][2000/5537]	lr: 4.837e-03, eta: 19:56:20, time: 2.809, data_time: 0.000, memory: 5243, top1_acc: 0.8494, top5_acc: 0.9616, loss_cls: 0.5173, loss: 0.5173
2026-09-08 17:02:26,314 - pyskl - INFO - Epoch [12][2100/5537]	lr: 4.802e-03, eta: 19:51:41, time: 2.804, data_time: 0.000, memory: 5243, top1_acc: 0.8547, top5_acc: 0.9603, loss_cls: 0.4918, loss: 0.4918
2026-09-08 17:07:06,217 - pyskl - INFO - Epoch [12][2200/5537]	lr: 4.767e-03, eta: 19:47:02, time: 2.799, data_time: 0.000, memory: 5243, top1_acc: 0.8553, top5_acc: 0.9669, loss_cls: 0.5004, loss: 0.5004
2026-09-08 17:11:46,260 - pyskl - INFO - Epoch [12][2300/5537]	lr: 4.732e-03, eta: 19:42:22, time: 2.800, data_time: 0.000, memory: 5243, top1_acc: 0.8503, top5_acc: 0.9600, loss_cls: 0.5070, loss: 0.5070
2026-09-08 17:16:25,467 - pyskl - INFO - Epoch [12][2400/5537]	lr: 4.697e-03, eta: 19:37:43, time: 2.792, data_time: 0.000, memory: 5243, top1_acc: 0.8650, top5_acc: 0.9719, loss_cls: 0.4526, loss: 0.4526
2026-09-08 17:21:05,331 - pyskl - INFO - Epoch [12][2500/5537]	lr: 4.663e-03, eta: 19:33:03, time: 2.799, data_time: 0.000, memory: 5243, top1_acc: 0.8466, top5_acc: 0.9559, loss_cls: 0.5292, loss: 0.5292
2026-09-08 17:25:45,841 - pyskl - INFO - Epoch [12][2600/5537]	lr: 4.628e-03, eta: 19:28:24, time: 2.805, data_time: 0.000, memory: 5243, top1_acc: 0.8569, top5_acc: 0.9584, loss_cls: 0.4939, loss: 0.4939
2026-09-08 17:30:26,270 - pyskl - INFO - Epoch [12][2700/5537]	lr: 4.594e-03, eta: 19:23:45, time: 2.804, data_time: 0.000, memory: 5243, top1_acc: 0.8581, top5_acc: 0.9597, loss_cls: 0.4852, loss: 0.4852
2026-09-08 17:35:06,758 - pyskl - INFO - Epoch [12][2800/5537]	lr: 4.560e-03, eta: 19:19:06, time: 2.805, data_time: 0.000, memory: 5243, top1_acc: 0.8478, top5_acc: 0.9634, loss_cls: 0.4910, loss: 0.4910
2026-09-08 17:39:47,296 - pyskl - INFO - Epoch [12][2900/5537]	lr: 4.525e-03, eta: 19:14:27, time: 2.805, data_time: 0.000, memory: 5243, top1_acc: 0.8491, top5_acc: 0.9622, loss_cls: 0.5106, loss: 0.5106
2026-09-08 17:44:28,476 - pyskl - INFO - Epoch [12][3000/5537]	lr: 4.491e-03, eta: 19:09:48, time: 2.812, data_time: 0.000, memory: 5243, top1_acc: 0.8456, top5_acc: 0.9553, loss_cls: 0.5200, loss: 0.5200
2026-09-08 17:49:09,006 - pyskl - INFO - Epoch [12][3100/5537]	lr: 4.457e-03, eta: 19:05:09, time: 2.805, data_time: 0.000, memory: 5243, top1_acc: 0.8462, top5_acc: 0.9559, loss_cls: 0.5129, loss: 0.5129
2026-09-08 17:53:49,668 - pyskl - INFO - Epoch [12][3200/5537]	lr: 4.424e-03, eta: 19:00:30, time: 2.807, data_time: 0.000, memory: 5243, top1_acc: 0.8544, top5_acc: 0.9609, loss_cls: 0.5047, loss: 0.5047
2026-09-08 17:58:31,101 - pyskl - INFO - Epoch [12][3300/5537]	lr: 4.390e-03, eta: 18:55:52, time: 2.814, data_time: 0.000, memory: 5243, top1_acc: 0.8631, top5_acc: 0.9622, loss_cls: 0.4776, loss: 0.4776
2026-09-08 18:03:11,312 - pyskl - INFO - Epoch [12][3400/5537]	lr: 4.356e-03, eta: 18:51:12, time: 2.802, data_time: 0.000, memory: 5243, top1_acc: 0.8612, top5_acc: 0.9663, loss_cls: 0.4765, loss: 0.4765
2026-09-08 18:07:50,894 - pyskl - INFO - Epoch [12][3500/5537]	lr: 4.322e-03, eta: 18:46:33, time: 2.796, data_time: 0.000, memory: 5243, top1_acc: 0.8619, top5_acc: 0.9644, loss_cls: 0.4665, loss: 0.4665
2026-09-08 18:12:31,058 - pyskl - INFO - Epoch [12][3600/5537]	lr: 4.289e-03, eta: 18:41:54, time: 2.802, data_time: 0.000, memory: 5243, top1_acc: 0.8600, top5_acc: 0.9616, loss_cls: 0.4743, loss: 0.4743
2026-09-08 18:17:10,325 - pyskl - INFO - Epoch [12][3700/5537]	lr: 4.256e-03, eta: 18:37:14, time: 2.793, data_time: 0.000, memory: 5243, top1_acc: 0.8516, top5_acc: 0.9597, loss_cls: 0.4910, loss: 0.4910
2026-09-08 18:21:49,417 - pyskl - INFO - Epoch [12][3800/5537]	lr: 4.222e-03, eta: 18:32:34, time: 2.791, data_time: 0.000, memory: 5243, top1_acc: 0.8641, top5_acc: 0.9616, loss_cls: 0.4830, loss: 0.4830
2026-09-08 18:26:29,389 - pyskl - INFO - Epoch [12][3900/5537]	lr: 4.189e-03, eta: 18:27:55, time: 2.800, data_time: 0.000, memory: 5243, top1_acc: 0.8650, top5_acc: 0.9647, loss_cls: 0.4727, loss: 0.4727
2026-09-08 18:31:09,892 - pyskl - INFO - Epoch [12][4000/5537]	lr: 4.156e-03, eta: 18:23:16, time: 2.805, data_time: 0.000, memory: 5243, top1_acc: 0.8631, top5_acc: 0.9637, loss_cls: 0.4694, loss: 0.4694
2026-09-08 18:35:50,482 - pyskl - INFO - Epoch [12][4100/5537]	lr: 4.123e-03, eta: 18:18:37, time: 2.806, data_time: 0.000, memory: 5243, top1_acc: 0.8497, top5_acc: 0.9597, loss_cls: 0.4998, loss: 0.4998
2026-09-08 18:40:31,148 - pyskl - INFO - Epoch [12][4200/5537]	lr: 4.090e-03, eta: 18:13:58, time: 2.807, data_time: 0.000, memory: 5243, top1_acc: 0.8553, top5_acc: 0.9622, loss_cls: 0.4876, loss: 0.4876
2026-09-08 18:45:12,163 - pyskl - INFO - Epoch [12][4300/5537]	lr: 4.058e-03, eta: 18:09:19, time: 2.810, data_time: 0.000, memory: 5243, top1_acc: 0.8541, top5_acc: 0.9600, loss_cls: 0.4922, loss: 0.4922
2026-09-08 18:49:53,431 - pyskl - INFO - Epoch [12][4400/5537]	lr: 4.025e-03, eta: 18:04:40, time: 2.813, data_time: 0.000, memory: 5243, top1_acc: 0.8559, top5_acc: 0.9600, loss_cls: 0.4939, loss: 0.4939
2026-09-08 18:54:34,477 - pyskl - INFO - Epoch [12][4500/5537]	lr: 3.992e-03, eta: 18:00:01, time: 2.810, data_time: 0.000, memory: 5243, top1_acc: 0.8622, top5_acc: 0.9659, loss_cls: 0.4796, loss: 0.4796
2026-09-08 18:59:15,809 - pyskl - INFO - Epoch [12][4600/5537]	lr: 3.960e-03, eta: 17:55:22, time: 2.813, data_time: 0.000, memory: 5243, top1_acc: 0.8609, top5_acc: 0.9625, loss_cls: 0.4706, loss: 0.4706
2026-09-08 19:03:56,921 - pyskl - INFO - Epoch [12][4700/5537]	lr: 3.928e-03, eta: 17:50:43, time: 2.811, data_time: 0.000, memory: 5243, top1_acc: 0.8659, top5_acc: 0.9628, loss_cls: 0.4738, loss: 0.4738
2026-09-08 19:08:38,232 - pyskl - INFO - Epoch [12][4800/5537]	lr: 3.895e-03, eta: 17:46:04, time: 2.813, data_time: 0.000, memory: 5243, top1_acc: 0.8550, top5_acc: 0.9622, loss_cls: 0.4947, loss: 0.4947
2026-09-08 19:13:19,416 - pyskl - INFO - Epoch [12][4900/5537]	lr: 3.863e-03, eta: 17:41:26, time: 2.812, data_time: 0.000, memory: 5243, top1_acc: 0.8453, top5_acc: 0.9547, loss_cls: 0.5312, loss: 0.5312
2026-09-08 19:18:00,419 - pyskl - INFO - Epoch [12][5000/5537]	lr: 3.831e-03, eta: 17:36:47, time: 2.810, data_time: 0.000, memory: 5243, top1_acc: 0.8638, top5_acc: 0.9641, loss_cls: 0.4721, loss: 0.4721
2026-09-08 19:22:41,382 - pyskl - INFO - Epoch [12][5100/5537]	lr: 3.800e-03, eta: 17:32:08, time: 2.810, data_time: 0.000, memory: 5243, top1_acc: 0.8566, top5_acc: 0.9591, loss_cls: 0.4883, loss: 0.4883
2026-09-08 19:27:30,266 - pyskl - INFO - Epoch [12][5200/5537]	lr: 3.768e-03, eta: 17:27:31, time: 2.889, data_time: 0.000, memory: 5243, top1_acc: 0.8638, top5_acc: 0.9619, loss_cls: 0.4588, loss: 0.4588
2026-09-08 19:32:11,037 - pyskl - INFO - Epoch [12][5300/5537]	lr: 3.736e-03, eta: 17:22:52, time: 2.808, data_time: 0.000, memory: 5243, top1_acc: 0.8731, top5_acc: 0.9731, loss_cls: 0.4239, loss: 0.4239
2026-09-08 19:36:51,658 - pyskl - INFO - Epoch [12][5400/5537]	lr: 3.705e-03, eta: 17:18:13, time: 2.806, data_time: 0.000, memory: 5243, top1_acc: 0.8559, top5_acc: 0.9678, loss_cls: 0.4855, loss: 0.4855
2026-09-08 19:41:32,701 - pyskl - INFO - Epoch [12][5500/5537]	lr: 3.673e-03, eta: 17:13:34, time: 2.810, data_time: 0.000, memory: 5243, top1_acc: 0.8588, top5_acc: 0.9616, loss_cls: 0.4805, loss: 0.4805
2026-09-08 19:43:16,575 - pyskl - INFO - Saving checkpoint at 12 epochs
2026-09-08 19:49:02,197 - pyskl - INFO - Evaluating top_k_accuracy ...
2026-09-08 19:49:02,208 - pyskl - INFO - 
top1_acc	0.8834
top5_acc	0.9807
2026-09-08 19:49:02,209 - pyskl - INFO - The previous best checkpoint D:\YxjProject\pythonProject\pyskl\work_dirs\aug_baseline\stgcnpp_j\train\A6_mixed_p0.6\best_top1_acc_epoch_11.pth was removed
2026-09-08 19:49:02,283 - pyskl - INFO - Now best checkpoint is saved as best_top1_acc_epoch_12.pth.
2026-09-08 19:49:02,283 - pyskl - INFO - Best top1_acc is 0.8834 at 12 epoch.
2026-09-08 19:49:02,283 - pyskl - INFO - Epoch(val) [12][146]	top1_acc: 0.8834, top5_acc: 0.9807
2026-09-08 19:53:51,232 - pyskl - INFO - Epoch [13][100/5537]	lr: 3.630e-03, eta: 17:06:40, time: 2.889, data_time: 0.077, memory: 5243, top1_acc: 0.8659, top5_acc: 0.9613, loss_cls: 0.4645, loss: 0.4645
2026-09-08 19:58:32,789 - pyskl - INFO - Epoch [13][200/5537]	lr: 3.599e-03, eta: 17:02:01, time: 2.816, data_time: 0.000, memory: 5243, top1_acc: 0.8716, top5_acc: 0.9659, loss_cls: 0.4438, loss: 0.4438
2026-09-08 20:03:13,279 - pyskl - INFO - Epoch [13][300/5537]	lr: 3.568e-03, eta: 16:57:22, time: 2.805, data_time: 0.000, memory: 5243, top1_acc: 0.8628, top5_acc: 0.9634, loss_cls: 0.4680, loss: 0.4680
2026-09-08 20:07:53,799 - pyskl - INFO - Epoch [13][400/5537]	lr: 3.537e-03, eta: 16:52:43, time: 2.805, data_time: 0.000, memory: 5243, top1_acc: 0.8691, top5_acc: 0.9613, loss_cls: 0.4583, loss: 0.4583
2026-09-08 20:12:34,865 - pyskl - INFO - Epoch [13][500/5537]	lr: 3.506e-03, eta: 16:48:04, time: 2.811, data_time: 0.000, memory: 5243, top1_acc: 0.8712, top5_acc: 0.9678, loss_cls: 0.4424, loss: 0.4424
2026-09-08 20:17:15,799 - pyskl - INFO - Epoch [13][600/5537]	lr: 3.475e-03, eta: 16:43:25, time: 2.809, data_time: 0.000, memory: 5243, top1_acc: 0.8734, top5_acc: 0.9675, loss_cls: 0.4322, loss: 0.4322
2026-09-08 20:21:56,729 - pyskl - INFO - Epoch [13][700/5537]	lr: 3.445e-03, eta: 16:38:46, time: 2.809, data_time: 0.000, memory: 5243, top1_acc: 0.8738, top5_acc: 0.9691, loss_cls: 0.4283, loss: 0.4283
2026-09-08 20:26:37,689 - pyskl - INFO - Epoch [13][800/5537]	lr: 3.414e-03, eta: 16:34:07, time: 2.810, data_time: 0.000, memory: 5243, top1_acc: 0.8800, top5_acc: 0.9644, loss_cls: 0.4256, loss: 0.4256
2026-09-08 20:31:19,197 - pyskl - INFO - Epoch [13][900/5537]	lr: 3.384e-03, eta: 16:29:29, time: 2.815, data_time: 0.000, memory: 5243, top1_acc: 0.8750, top5_acc: 0.9656, loss_cls: 0.4282, loss: 0.4282
2026-09-08 20:36:00,760 - pyskl - INFO - Epoch [13][1000/5537]	lr: 3.354e-03, eta: 16:24:50, time: 2.816, data_time: 0.000, memory: 5243, top1_acc: 0.8653, top5_acc: 0.9669, loss_cls: 0.4489, loss: 0.4489
2026-09-08 20:40:42,422 - pyskl - INFO - Epoch [13][1100/5537]	lr: 3.323e-03, eta: 16:20:11, time: 2.817, data_time: 0.000, memory: 5243, top1_acc: 0.8694, top5_acc: 0.9700, loss_cls: 0.4425, loss: 0.4425
2026-09-08 20:45:24,033 - pyskl - INFO - Epoch [13][1200/5537]	lr: 3.293e-03, eta: 16:15:33, time: 2.816, data_time: 0.000, memory: 5243, top1_acc: 0.8697, top5_acc: 0.9616, loss_cls: 0.4591, loss: 0.4591
2026-09-08 20:50:05,207 - pyskl - INFO - Epoch [13][1300/5537]	lr: 3.264e-03, eta: 16:10:54, time: 2.812, data_time: 0.000, memory: 5243, top1_acc: 0.8719, top5_acc: 0.9653, loss_cls: 0.4466, loss: 0.4466
2026-09-08 20:54:46,200 - pyskl - INFO - Epoch [13][1400/5537]	lr: 3.234e-03, eta: 16:06:15, time: 2.810, data_time: 0.000, memory: 5243, top1_acc: 0.8803, top5_acc: 0.9716, loss_cls: 0.4220, loss: 0.4220
2026-09-08 20:59:27,430 - pyskl - INFO - Epoch [13][1500/5537]	lr: 3.204e-03, eta: 16:01:36, time: 2.812, data_time: 0.000, memory: 5243, top1_acc: 0.8659, top5_acc: 0.9628, loss_cls: 0.4604, loss: 0.4604
2026-09-08 21:04:08,228 - pyskl - INFO - Epoch [13][1600/5537]	lr: 3.174e-03, eta: 15:56:57, time: 2.808, data_time: 0.000, memory: 5243, top1_acc: 0.8747, top5_acc: 0.9675, loss_cls: 0.4195, loss: 0.4195
2026-09-08 21:08:49,344 - pyskl - INFO - Epoch [13][1700/5537]	lr: 3.145e-03, eta: 15:52:18, time: 2.811, data_time: 0.000, memory: 5243, top1_acc: 0.8709, top5_acc: 0.9694, loss_cls: 0.4274, loss: 0.4274
2026-09-08 21:13:30,621 - pyskl - INFO - Epoch [13][1800/5537]	lr: 3.116e-03, eta: 15:47:39, time: 2.813, data_time: 0.000, memory: 5243, top1_acc: 0.8794, top5_acc: 0.9641, loss_cls: 0.4231, loss: 0.4231
2026-09-08 21:18:11,589 - pyskl - INFO - Epoch [13][1900/5537]	lr: 3.086e-03, eta: 15:43:00, time: 2.810, data_time: 0.000, memory: 5243, top1_acc: 0.8719, top5_acc: 0.9688, loss_cls: 0.4304, loss: 0.4304
2026-09-08 21:22:52,800 - pyskl - INFO - Epoch [13][2000/5537]	lr: 3.057e-03, eta: 15:38:21, time: 2.812, data_time: 0.000, memory: 5243, top1_acc: 0.8725, top5_acc: 0.9650, loss_cls: 0.4314, loss: 0.4314
2026-09-08 21:27:33,610 - pyskl - INFO - Epoch [13][2100/5537]	lr: 3.028e-03, eta: 15:33:42, time: 2.808, data_time: 0.000, memory: 5243, top1_acc: 0.8750, top5_acc: 0.9694, loss_cls: 0.4266, loss: 0.4266
2026-09-08 21:32:14,900 - pyskl - INFO - Epoch [13][2200/5537]	lr: 2.999e-03, eta: 15:29:03, time: 2.813, data_time: 0.000, memory: 5243, top1_acc: 0.8656, top5_acc: 0.9669, loss_cls: 0.4516, loss: 0.4516
2026-09-08 21:36:56,054 - pyskl - INFO - Epoch [13][2300/5537]	lr: 2.971e-03, eta: 15:24:24, time: 2.812, data_time: 0.000, memory: 5243, top1_acc: 0.8669, top5_acc: 0.9631, loss_cls: 0.4636, loss: 0.4636
2026-09-08 21:41:37,066 - pyskl - INFO - Epoch [13][2400/5537]	lr: 2.942e-03, eta: 15:19:45, time: 2.810, data_time: 0.000, memory: 5243, top1_acc: 0.8747, top5_acc: 0.9625, loss_cls: 0.4386, loss: 0.4386
2026-09-08 21:46:18,179 - pyskl - INFO - Epoch [13][2500/5537]	lr: 2.914e-03, eta: 15:15:06, time: 2.811, data_time: 0.000, memory: 5243, top1_acc: 0.8819, top5_acc: 0.9672, loss_cls: 0.4098, loss: 0.4098
2026-09-08 21:50:59,734 - pyskl - INFO - Epoch [13][2600/5537]	lr: 2.885e-03, eta: 15:10:27, time: 2.816, data_time: 0.000, memory: 5243, top1_acc: 0.8800, top5_acc: 0.9681, loss_cls: 0.4266, loss: 0.4266
2026-09-08 21:55:41,396 - pyskl - INFO - Epoch [13][2700/5537]	lr: 2.857e-03, eta: 15:05:49, time: 2.817, data_time: 0.000, memory: 5243, top1_acc: 0.8703, top5_acc: 0.9666, loss_cls: 0.4416, loss: 0.4416
2026-09-08 22:00:23,548 - pyskl - INFO - Epoch [13][2800/5537]	lr: 2.829e-03, eta: 15:01:10, time: 2.822, data_time: 0.000, memory: 5243, top1_acc: 0.8778, top5_acc: 0.9656, loss_cls: 0.4283, loss: 0.4283
2026-09-08 22:05:04,678 - pyskl - INFO - Epoch [13][2900/5537]	lr: 2.801e-03, eta: 14:56:31, time: 2.811, data_time: 0.000, memory: 5243, top1_acc: 0.8684, top5_acc: 0.9641, loss_cls: 0.4312, loss: 0.4312
2026-09-08 22:09:45,234 - pyskl - INFO - Epoch [13][3000/5537]	lr: 2.773e-03, eta: 14:51:52, time: 2.806, data_time: 0.000, memory: 5243, top1_acc: 0.8697, top5_acc: 0.9656, loss_cls: 0.4518, loss: 0.4518
2026-09-08 22:14:25,659 - pyskl - INFO - Epoch [13][3100/5537]	lr: 2.745e-03, eta: 14:47:12, time: 2.804, data_time: 0.000, memory: 5243, top1_acc: 0.8819, top5_acc: 0.9728, loss_cls: 0.3916, loss: 0.3916
2026-09-08 22:19:06,162 - pyskl - INFO - Epoch [13][3200/5537]	lr: 2.717e-03, eta: 14:42:33, time: 2.805, data_time: 0.000, memory: 5243, top1_acc: 0.8784, top5_acc: 0.9653, loss_cls: 0.4214, loss: 0.4214
2026-09-08 22:23:47,060 - pyskl - INFO - Epoch [13][3300/5537]	lr: 2.690e-03, eta: 14:37:54, time: 2.809, data_time: 0.000, memory: 5243, top1_acc: 0.8778, top5_acc: 0.9669, loss_cls: 0.4178, loss: 0.4178
2026-09-08 22:28:28,280 - pyskl - INFO - Epoch [13][3400/5537]	lr: 2.662e-03, eta: 14:33:15, time: 2.812, data_time: 0.000, memory: 5243, top1_acc: 0.8859, top5_acc: 0.9716, loss_cls: 0.4014, loss: 0.4014
2026-09-08 22:33:10,113 - pyskl - INFO - Epoch [13][3500/5537]	lr: 2.635e-03, eta: 14:28:36, time: 2.818, data_time: 0.000, memory: 5243, top1_acc: 0.8775, top5_acc: 0.9653, loss_cls: 0.4320, loss: 0.4320
2026-09-08 22:37:51,761 - pyskl - INFO - Epoch [13][3600/5537]	lr: 2.608e-03, eta: 14:23:57, time: 2.816, data_time: 0.000, memory: 5243, top1_acc: 0.8688, top5_acc: 0.9666, loss_cls: 0.4329, loss: 0.4329
2026-09-08 22:42:33,204 - pyskl - INFO - Epoch [13][3700/5537]	lr: 2.581e-03, eta: 14:19:19, time: 2.814, data_time: 0.000, memory: 5243, top1_acc: 0.8762, top5_acc: 0.9697, loss_cls: 0.4268, loss: 0.4268
2026-09-08 22:47:14,823 - pyskl - INFO - Epoch [13][3800/5537]	lr: 2.554e-03, eta: 14:14:40, time: 2.816, data_time: 0.000, memory: 5243, top1_acc: 0.8731, top5_acc: 0.9663, loss_cls: 0.4307, loss: 0.4307
2026-09-08 22:51:57,317 - pyskl - INFO - Epoch [13][3900/5537]	lr: 2.527e-03, eta: 14:10:01, time: 2.825, data_time: 0.000, memory: 5243, top1_acc: 0.8853, top5_acc: 0.9716, loss_cls: 0.3977, loss: 0.3977
2026-09-08 22:56:38,710 - pyskl - INFO - Epoch [13][4000/5537]	lr: 2.501e-03, eta: 14:05:22, time: 2.814, data_time: 0.000, memory: 5243, top1_acc: 0.8725, top5_acc: 0.9688, loss_cls: 0.4231, loss: 0.4231
2026-09-08 23:01:19,864 - pyskl - INFO - Epoch [13][4100/5537]	lr: 2.474e-03, eta: 14:00:43, time: 2.812, data_time: 0.000, memory: 5243, top1_acc: 0.8856, top5_acc: 0.9697, loss_cls: 0.4064, loss: 0.4064
2026-09-08 23:06:00,453 - pyskl - INFO - Epoch [13][4200/5537]	lr: 2.448e-03, eta: 13:56:04, time: 2.806, data_time: 0.000, memory: 5243, top1_acc: 0.8781, top5_acc: 0.9641, loss_cls: 0.4239, loss: 0.4239
2026-09-08 23:10:41,214 - pyskl - INFO - Epoch [13][4300/5537]	lr: 2.421e-03, eta: 13:51:24, time: 2.808, data_time: 0.000, memory: 5243, top1_acc: 0.8912, top5_acc: 0.9703, loss_cls: 0.3866, loss: 0.3866
2026-09-08 23:15:21,318 - pyskl - INFO - Epoch [13][4400/5537]	lr: 2.395e-03, eta: 13:46:45, time: 2.801, data_time: 0.000, memory: 5243, top1_acc: 0.8791, top5_acc: 0.9678, loss_cls: 0.4236, loss: 0.4236
2026-09-08 23:20:01,727 - pyskl - INFO - Epoch [13][4500/5537]	lr: 2.369e-03, eta: 13:42:06, time: 2.804, data_time: 0.000, memory: 5243, top1_acc: 0.8878, top5_acc: 0.9722, loss_cls: 0.3818, loss: 0.3818
2026-09-08 23:24:42,394 - pyskl - INFO - Epoch [13][4600/5537]	lr: 2.343e-03, eta: 13:37:27, time: 2.807, data_time: 0.000, memory: 5243, top1_acc: 0.8753, top5_acc: 0.9609, loss_cls: 0.4448, loss: 0.4448
2026-09-08 23:29:23,875 - pyskl - INFO - Epoch [13][4700/5537]	lr: 2.318e-03, eta: 13:32:48, time: 2.815, data_time: 0.000, memory: 5243, top1_acc: 0.8878, top5_acc: 0.9709, loss_cls: 0.3884, loss: 0.3884
2026-09-08 23:34:04,905 - pyskl - INFO - Epoch [13][4800/5537]	lr: 2.292e-03, eta: 13:28:08, time: 2.810, data_time: 0.000, memory: 5243, top1_acc: 0.8781, top5_acc: 0.9688, loss_cls: 0.4157, loss: 0.4157
2026-09-08 23:38:45,738 - pyskl - INFO - Epoch [13][4900/5537]	lr: 2.266e-03, eta: 13:23:29, time: 2.808, data_time: 0.000, memory: 5243, top1_acc: 0.8828, top5_acc: 0.9678, loss_cls: 0.4162, loss: 0.4162
2026-09-08 23:43:26,462 - pyskl - INFO - Epoch [13][5000/5537]	lr: 2.241e-03, eta: 13:18:50, time: 2.807, data_time: 0.000, memory: 5243, top1_acc: 0.8756, top5_acc: 0.9666, loss_cls: 0.4258, loss: 0.4258
2026-09-08 23:48:07,048 - pyskl - INFO - Epoch [13][5100/5537]	lr: 2.216e-03, eta: 13:14:11, time: 2.806, data_time: 0.000, memory: 5243, top1_acc: 0.8775, top5_acc: 0.9628, loss_cls: 0.4376, loss: 0.4376
2026-09-08 23:52:48,208 - pyskl - INFO - Epoch [13][5200/5537]	lr: 2.191e-03, eta: 13:09:32, time: 2.812, data_time: 0.000, memory: 5243, top1_acc: 0.8878, top5_acc: 0.9659, loss_cls: 0.4076, loss: 0.4076
2026-09-08 23:57:29,306 - pyskl - INFO - Epoch [13][5300/5537]	lr: 2.166e-03, eta: 13:04:53, time: 2.811, data_time: 0.000, memory: 5243, top1_acc: 0.8806, top5_acc: 0.9681, loss_cls: 0.4160, loss: 0.4160
2026-09-09 00:02:10,810 - pyskl - INFO - Epoch [13][5400/5537]	lr: 2.141e-03, eta: 13:00:13, time: 2.815, data_time: 0.000, memory: 5243, top1_acc: 0.8794, top5_acc: 0.9681, loss_cls: 0.4042, loss: 0.4042
2026-09-09 00:06:51,161 - pyskl - INFO - Epoch [13][5500/5537]	lr: 2.116e-03, eta: 12:55:34, time: 2.804, data_time: 0.000, memory: 5243, top1_acc: 0.8844, top5_acc: 0.9684, loss_cls: 0.4063, loss: 0.4063
2026-09-09 00:08:34,876 - pyskl - INFO - Saving checkpoint at 13 epochs
2026-09-09 00:14:14,289 - pyskl - INFO - Evaluating top_k_accuracy ...
2026-09-09 00:14:14,301 - pyskl - INFO - 
top1_acc	0.8872
top5_acc	0.9835
2026-09-09 00:14:14,302 - pyskl - INFO - The previous best checkpoint D:\YxjProject\pythonProject\pyskl\work_dirs\aug_baseline\stgcnpp_j\train\A6_mixed_p0.6\best_top1_acc_epoch_12.pth was removed
2026-09-09 00:14:14,375 - pyskl - INFO - Now best checkpoint is saved as best_top1_acc_epoch_13.pth.
2026-09-09 00:14:14,375 - pyskl - INFO - Best top1_acc is 0.8872 at 13 epoch.
2026-09-09 00:14:14,375 - pyskl - INFO - Epoch(val) [13][146]	top1_acc: 0.8872, top5_acc: 0.9835
2026-09-09 00:19:02,657 - pyskl - INFO - Epoch [14][100/5537]	lr: 2.082e-03, eta: 12:48:49, time: 2.883, data_time: 0.077, memory: 5243, top1_acc: 0.8831, top5_acc: 0.9684, loss_cls: 0.4040, loss: 0.4040
2026-09-09 00:23:42,774 - pyskl - INFO - Epoch [14][200/5537]	lr: 2.058e-03, eta: 12:44:10, time: 2.801, data_time: 0.000, memory: 5243, top1_acc: 0.8944, top5_acc: 0.9744, loss_cls: 0.3680, loss: 0.3680
2026-09-09 00:28:22,712 - pyskl - INFO - Epoch [14][300/5537]	lr: 2.034e-03, eta: 12:39:31, time: 2.799, data_time: 0.000, memory: 5243, top1_acc: 0.8688, top5_acc: 0.9659, loss_cls: 0.4330, loss: 0.4330
2026-09-09 00:33:02,957 - pyskl - INFO - Epoch [14][400/5537]	lr: 2.009e-03, eta: 12:34:52, time: 2.802, data_time: 0.000, memory: 5243, top1_acc: 0.8784, top5_acc: 0.9669, loss_cls: 0.4116, loss: 0.4116
2026-09-09 00:37:43,597 - pyskl - INFO - Epoch [14][500/5537]	lr: 1.985e-03, eta: 12:30:13, time: 2.806, data_time: 0.000, memory: 5243, top1_acc: 0.8900, top5_acc: 0.9697, loss_cls: 0.3903, loss: 0.3903
2026-09-09 00:42:24,379 - pyskl - INFO - Epoch [14][600/5537]	lr: 1.961e-03, eta: 12:25:34, time: 2.808, data_time: 0.000, memory: 5243, top1_acc: 0.8841, top5_acc: 0.9672, loss_cls: 0.4034, loss: 0.4034
2026-09-09 00:47:04,886 - pyskl - INFO - Epoch [14][700/5537]	lr: 1.938e-03, eta: 12:20:54, time: 2.805, data_time: 0.000, memory: 5243, top1_acc: 0.8888, top5_acc: 0.9675, loss_cls: 0.3875, loss: 0.3875
2026-09-09 00:51:45,890 - pyskl - INFO - Epoch [14][800/5537]	lr: 1.914e-03, eta: 12:16:15, time: 2.810, data_time: 0.000, memory: 5243, top1_acc: 0.8953, top5_acc: 0.9712, loss_cls: 0.3665, loss: 0.3665
2026-09-09 00:56:26,441 - pyskl - INFO - Epoch [14][900/5537]	lr: 1.891e-03, eta: 12:11:36, time: 2.805, data_time: 0.000, memory: 5243, top1_acc: 0.8869, top5_acc: 0.9709, loss_cls: 0.3838, loss: 0.3838
2026-09-09 01:01:07,002 - pyskl - INFO - Epoch [14][1000/5537]	lr: 1.867e-03, eta: 12:06:57, time: 2.806, data_time: 0.000, memory: 5243, top1_acc: 0.9000, top5_acc: 0.9734, loss_cls: 0.3559, loss: 0.3559
2026-09-09 01:05:47,615 - pyskl - INFO - Epoch [14][1100/5537]	lr: 1.844e-03, eta: 12:02:18, time: 2.806, data_time: 0.000, memory: 5243, top1_acc: 0.8934, top5_acc: 0.9712, loss_cls: 0.3699, loss: 0.3699
2026-09-09 01:10:28,296 - pyskl - INFO - Epoch [14][1200/5537]	lr: 1.821e-03, eta: 11:57:39, time: 2.807, data_time: 0.000, memory: 5243, top1_acc: 0.8872, top5_acc: 0.9722, loss_cls: 0.3742, loss: 0.3742
2026-09-09 01:15:09,148 - pyskl - INFO - Epoch [14][1300/5537]	lr: 1.798e-03, eta: 11:53:00, time: 2.809, data_time: 0.000, memory: 5243, top1_acc: 0.8841, top5_acc: 0.9697, loss_cls: 0.4040, loss: 0.4040
2026-09-09 01:19:49,617 - pyskl - INFO - Epoch [14][1400/5537]	lr: 1.775e-03, eta: 11:48:21, time: 2.805, data_time: 0.000, memory: 5243, top1_acc: 0.8831, top5_acc: 0.9675, loss_cls: 0.4082, loss: 0.4082
2026-09-09 01:24:31,273 - pyskl - INFO - Epoch [14][1500/5537]	lr: 1.752e-03, eta: 11:43:42, time: 2.817, data_time: 0.000, memory: 5243, top1_acc: 0.8847, top5_acc: 0.9672, loss_cls: 0.4021, loss: 0.4021
2026-09-09 01:29:12,486 - pyskl - INFO - Epoch [14][1600/5537]	lr: 1.730e-03, eta: 11:39:03, time: 2.812, data_time: 0.000, memory: 5243, top1_acc: 0.8906, top5_acc: 0.9647, loss_cls: 0.3943, loss: 0.3943
2026-09-09 01:33:53,380 - pyskl - INFO - Epoch [14][1700/5537]	lr: 1.707e-03, eta: 11:34:23, time: 2.809, data_time: 0.000, memory: 5243, top1_acc: 0.8966, top5_acc: 0.9700, loss_cls: 0.3628, loss: 0.3628
2026-09-09 01:38:34,341 - pyskl - INFO - Epoch [14][1800/5537]	lr: 1.685e-03, eta: 11:29:44, time: 2.810, data_time: 0.000, memory: 5243, top1_acc: 0.8878, top5_acc: 0.9659, loss_cls: 0.3976, loss: 0.3976
2026-09-09 01:43:15,205 - pyskl - INFO - Epoch [14][1900/5537]	lr: 1.663e-03, eta: 11:25:05, time: 2.809, data_time: 0.000, memory: 5243, top1_acc: 0.8925, top5_acc: 0.9719, loss_cls: 0.3746, loss: 0.3746
2026-09-09 01:47:56,447 - pyskl - INFO - Epoch [14][2000/5537]	lr: 1.641e-03, eta: 11:20:26, time: 2.812, data_time: 0.000, memory: 5243, top1_acc: 0.8859, top5_acc: 0.9688, loss_cls: 0.3943, loss: 0.3943
2026-09-09 01:52:38,701 - pyskl - INFO - Epoch [14][2100/5537]	lr: 1.619e-03, eta: 11:15:47, time: 2.823, data_time: 0.000, memory: 5243, top1_acc: 0.8966, top5_acc: 0.9700, loss_cls: 0.3602, loss: 0.3602
2026-09-09 01:57:19,341 - pyskl - INFO - Epoch [14][2200/5537]	lr: 1.597e-03, eta: 11:11:08, time: 2.806, data_time: 0.000, memory: 5243, top1_acc: 0.8928, top5_acc: 0.9766, loss_cls: 0.3686, loss: 0.3686
2026-09-09 02:02:00,098 - pyskl - INFO - Epoch [14][2300/5537]	lr: 1.576e-03, eta: 11:06:29, time: 2.808, data_time: 0.000, memory: 5243, top1_acc: 0.8866, top5_acc: 0.9769, loss_cls: 0.3723, loss: 0.3723
2026-09-09 02:06:40,647 - pyskl - INFO - Epoch [14][2400/5537]	lr: 1.554e-03, eta: 11:01:50, time: 2.805, data_time: 0.000, memory: 5243, top1_acc: 0.8972, top5_acc: 0.9712, loss_cls: 0.3563, loss: 0.3563
2026-09-09 02:11:21,151 - pyskl - INFO - Epoch [14][2500/5537]	lr: 1.533e-03, eta: 10:57:10, time: 2.805, data_time: 0.000, memory: 5243, top1_acc: 0.9028, top5_acc: 0.9731, loss_cls: 0.3438, loss: 0.3438
2026-09-09 02:16:01,790 - pyskl - INFO - Epoch [14][2600/5537]	lr: 1.512e-03, eta: 10:52:31, time: 2.806, data_time: 0.000, memory: 5243, top1_acc: 0.8994, top5_acc: 0.9759, loss_cls: 0.3339, loss: 0.3339
2026-09-09 02:20:41,982 - pyskl - INFO - Epoch [14][2700/5537]	lr: 1.491e-03, eta: 10:47:52, time: 2.802, data_time: 0.000, memory: 5243, top1_acc: 0.8991, top5_acc: 0.9725, loss_cls: 0.3592, loss: 0.3592
2026-09-09 02:25:22,231 - pyskl - INFO - Epoch [14][2800/5537]	lr: 1.470e-03, eta: 10:43:13, time: 2.802, data_time: 0.000, memory: 5243, top1_acc: 0.8919, top5_acc: 0.9672, loss_cls: 0.3724, loss: 0.3724
2026-09-09 02:30:02,650 - pyskl - INFO - Epoch [14][2900/5537]	lr: 1.449e-03, eta: 10:38:33, time: 2.804, data_time: 0.000, memory: 5243, top1_acc: 0.8941, top5_acc: 0.9709, loss_cls: 0.3630, loss: 0.3630
2026-09-09 02:34:43,052 - pyskl - INFO - Epoch [14][3000/5537]	lr: 1.428e-03, eta: 10:33:54, time: 2.804, data_time: 0.000, memory: 5243, top1_acc: 0.8966, top5_acc: 0.9716, loss_cls: 0.3667, loss: 0.3667
2026-09-09 02:39:23,892 - pyskl - INFO - Epoch [14][3100/5537]	lr: 1.408e-03, eta: 10:29:15, time: 2.808, data_time: 0.000, memory: 5243, top1_acc: 0.8916, top5_acc: 0.9700, loss_cls: 0.3725, loss: 0.3725
2026-09-09 02:44:04,752 - pyskl - INFO - Epoch [14][3200/5537]	lr: 1.387e-03, eta: 10:24:36, time: 2.809, data_time: 0.000, memory: 5243, top1_acc: 0.8922, top5_acc: 0.9722, loss_cls: 0.3718, loss: 0.3718
2026-09-09 02:48:45,377 - pyskl - INFO - Epoch [14][3300/5537]	lr: 1.367e-03, eta: 10:19:56, time: 2.806, data_time: 0.000, memory: 5243, top1_acc: 0.9044, top5_acc: 0.9769, loss_cls: 0.3423, loss: 0.3423
2026-09-09 02:53:25,735 - pyskl - INFO - Epoch [14][3400/5537]	lr: 1.347e-03, eta: 10:15:17, time: 2.804, data_time: 0.000, memory: 5243, top1_acc: 0.8938, top5_acc: 0.9700, loss_cls: 0.3630, loss: 0.3630
2026-09-09 02:58:06,041 - pyskl - INFO - Epoch [14][3500/5537]	lr: 1.327e-03, eta: 10:10:38, time: 2.803, data_time: 0.000, memory: 5243, top1_acc: 0.8934, top5_acc: 0.9691, loss_cls: 0.3610, loss: 0.3610
2026-09-09 03:02:46,819 - pyskl - INFO - Epoch [14][3600/5537]	lr: 1.307e-03, eta: 10:05:59, time: 2.808, data_time: 0.000, memory: 5243, top1_acc: 0.8978, top5_acc: 0.9750, loss_cls: 0.3661, loss: 0.3661
2026-09-09 03:07:27,477 - pyskl - INFO - Epoch [14][3700/5537]	lr: 1.288e-03, eta: 10:01:19, time: 2.807, data_time: 0.000, memory: 5243, top1_acc: 0.9006, top5_acc: 0.9728, loss_cls: 0.3590, loss: 0.3590
2026-09-09 03:12:08,155 - pyskl - INFO - Epoch [14][3800/5537]	lr: 1.268e-03, eta: 9:56:40, time: 2.807, data_time: 0.000, memory: 5243, top1_acc: 0.8934, top5_acc: 0.9697, loss_cls: 0.3683, loss: 0.3683
2026-09-09 03:16:48,255 - pyskl - INFO - Epoch [14][3900/5537]	lr: 1.249e-03, eta: 9:52:01, time: 2.801, data_time: 0.000, memory: 5243, top1_acc: 0.8978, top5_acc: 0.9712, loss_cls: 0.3488, loss: 0.3488
2026-09-09 03:21:28,476 - pyskl - INFO - Epoch [14][4000/5537]	lr: 1.229e-03, eta: 9:47:22, time: 2.802, data_time: 0.000, memory: 5243, top1_acc: 0.8962, top5_acc: 0.9719, loss_cls: 0.3448, loss: 0.3448
2026-09-09 03:26:10,710 - pyskl - INFO - Epoch [14][4100/5537]	lr: 1.210e-03, eta: 9:42:43, time: 2.822, data_time: 0.000, memory: 5243, top1_acc: 0.8956, top5_acc: 0.9722, loss_cls: 0.3616, loss: 0.3616
2026-09-09 03:30:53,064 - pyskl - INFO - Epoch [14][4200/5537]	lr: 1.191e-03, eta: 9:38:04, time: 2.824, data_time: 0.000, memory: 5243, top1_acc: 0.9059, top5_acc: 0.9703, loss_cls: 0.3266, loss: 0.3266
2026-09-09 03:35:33,725 - pyskl - INFO - Epoch [14][4300/5537]	lr: 1.173e-03, eta: 9:33:24, time: 2.807, data_time: 0.000, memory: 5243, top1_acc: 0.9009, top5_acc: 0.9756, loss_cls: 0.3492, loss: 0.3492
2026-09-09 03:40:14,530 - pyskl - INFO - Epoch [14][4400/5537]	lr: 1.154e-03, eta: 9:28:45, time: 2.808, data_time: 0.000, memory: 5243, top1_acc: 0.8991, top5_acc: 0.9734, loss_cls: 0.3616, loss: 0.3616
2026-09-09 03:44:54,989 - pyskl - INFO - Epoch [14][4500/5537]	lr: 1.135e-03, eta: 9:24:06, time: 2.805, data_time: 0.000, memory: 5243, top1_acc: 0.9034, top5_acc: 0.9750, loss_cls: 0.3360, loss: 0.3360
2026-09-09 03:49:35,379 - pyskl - INFO - Epoch [14][4600/5537]	lr: 1.117e-03, eta: 9:19:26, time: 2.804, data_time: 0.000, memory: 5243, top1_acc: 0.9006, top5_acc: 0.9691, loss_cls: 0.3606, loss: 0.3606
2026-09-09 03:54:16,247 - pyskl - INFO - Epoch [14][4700/5537]	lr: 1.099e-03, eta: 9:14:47, time: 2.809, data_time: 0.000, memory: 5243, top1_acc: 0.8953, top5_acc: 0.9688, loss_cls: 0.3559, loss: 0.3559
2026-09-09 03:58:57,154 - pyskl - INFO - Epoch [14][4800/5537]	lr: 1.081e-03, eta: 9:10:08, time: 2.809, data_time: 0.000, memory: 5243, top1_acc: 0.9116, top5_acc: 0.9753, loss_cls: 0.3103, loss: 0.3103
2026-09-09 04:03:37,799 - pyskl - INFO - Epoch [14][4900/5537]	lr: 1.063e-03, eta: 9:05:29, time: 2.806, data_time: 0.000, memory: 5243, top1_acc: 0.8978, top5_acc: 0.9694, loss_cls: 0.3701, loss: 0.3701
2026-09-09 04:08:18,979 - pyskl - INFO - Epoch [14][5000/5537]	lr: 1.045e-03, eta: 9:00:49, time: 2.812, data_time: 0.000, memory: 5243, top1_acc: 0.8947, top5_acc: 0.9734, loss_cls: 0.3599, loss: 0.3599
2026-09-09 04:12:59,339 - pyskl - INFO - Epoch [14][5100/5537]	lr: 1.027e-03, eta: 8:56:10, time: 2.804, data_time: 0.000, memory: 5243, top1_acc: 0.8972, top5_acc: 0.9706, loss_cls: 0.3580, loss: 0.3580
2026-09-09 04:17:39,603 - pyskl - INFO - Epoch [14][5200/5537]	lr: 1.010e-03, eta: 8:51:31, time: 2.803, data_time: 0.000, memory: 5243, top1_acc: 0.9103, top5_acc: 0.9778, loss_cls: 0.3223, loss: 0.3223
2026-09-09 04:22:20,531 - pyskl - INFO - Epoch [14][5300/5537]	lr: 9.923e-04, eta: 8:46:51, time: 2.809, data_time: 0.000, memory: 5243, top1_acc: 0.9003, top5_acc: 0.9791, loss_cls: 0.3398, loss: 0.3398
2026-09-09 04:27:01,511 - pyskl - INFO - Epoch [14][5400/5537]	lr: 9.751e-04, eta: 8:42:12, time: 2.810, data_time: 0.000, memory: 5243, top1_acc: 0.8984, top5_acc: 0.9728, loss_cls: 0.3519, loss: 0.3519
2026-09-09 04:31:41,968 - pyskl - INFO - Epoch [14][5500/5537]	lr: 9.580e-04, eta: 8:37:33, time: 2.805, data_time: 0.000, memory: 5243, top1_acc: 0.8900, top5_acc: 0.9741, loss_cls: 0.3753, loss: 0.3753
2026-09-09 04:33:25,600 - pyskl - INFO - Saving checkpoint at 14 epochs
2026-09-09 04:39:04,695 - pyskl - INFO - Evaluating top_k_accuracy ...
2026-09-09 04:39:04,706 - pyskl - INFO - 
top1_acc	0.8930
top5_acc	0.9856
2026-09-09 04:39:04,708 - pyskl - INFO - The previous best checkpoint D:\YxjProject\pythonProject\pyskl\work_dirs\aug_baseline\stgcnpp_j\train\A6_mixed_p0.6\best_top1_acc_epoch_13.pth was removed
2026-09-09 04:39:04,783 - pyskl - INFO - Now best checkpoint is saved as best_top1_acc_epoch_14.pth.
2026-09-09 04:39:04,783 - pyskl - INFO - Best top1_acc is 0.8930 at 14 epoch.
2026-09-09 04:39:04,784 - pyskl - INFO - Epoch(val) [14][146]	top1_acc: 0.8930, top5_acc: 0.9856
2026-09-09 04:43:53,681 - pyskl - INFO - Epoch [15][100/5537]	lr: 9.348e-04, eta: 8:30:57, time: 2.889, data_time: 0.077, memory: 5243, top1_acc: 0.9047, top5_acc: 0.9738, loss_cls: 0.3366, loss: 0.3366
2026-09-09 04:48:35,672 - pyskl - INFO - Epoch [15][200/5537]	lr: 9.180e-04, eta: 8:26:18, time: 2.820, data_time: 0.000, memory: 5243, top1_acc: 0.9066, top5_acc: 0.9734, loss_cls: 0.3286, loss: 0.3286
2026-09-09 04:53:18,289 - pyskl - INFO - Epoch [15][300/5537]	lr: 9.014e-04, eta: 8:21:39, time: 2.826, data_time: 0.000, memory: 5243, top1_acc: 0.9025, top5_acc: 0.9712, loss_cls: 0.3393, loss: 0.3393
2026-09-09 04:57:59,184 - pyskl - INFO - Epoch [15][400/5537]	lr: 8.850e-04, eta: 8:17:00, time: 2.809, data_time: 0.000, memory: 5243, top1_acc: 0.9106, top5_acc: 0.9772, loss_cls: 0.3087, loss: 0.3087
2026-09-09 05:02:39,508 - pyskl - INFO - Epoch [15][500/5537]	lr: 8.687e-04, eta: 8:12:20, time: 2.803, data_time: 0.000, memory: 5243, top1_acc: 0.8916, top5_acc: 0.9688, loss_cls: 0.3772, loss: 0.3772
2026-09-09 05:07:19,598 - pyskl - INFO - Epoch [15][600/5537]	lr: 8.525e-04, eta: 8:07:41, time: 2.801, data_time: 0.000, memory: 5243, top1_acc: 0.9000, top5_acc: 0.9725, loss_cls: 0.3523, loss: 0.3523
2026-09-09 05:12:00,162 - pyskl - INFO - Epoch [15][700/5537]	lr: 8.365e-04, eta: 8:03:02, time: 2.806, data_time: 0.000, memory: 5243, top1_acc: 0.9113, top5_acc: 0.9766, loss_cls: 0.3215, loss: 0.3215
2026-09-09 05:16:40,149 - pyskl - INFO - Epoch [15][800/5537]	lr: 8.206e-04, eta: 7:58:23, time: 2.800, data_time: 0.000, memory: 5243, top1_acc: 0.9122, top5_acc: 0.9778, loss_cls: 0.3087, loss: 0.3087
2026-09-09 05:21:20,628 - pyskl - INFO - Epoch [15][900/5537]	lr: 8.049e-04, eta: 7:53:43, time: 2.805, data_time: 0.000, memory: 5243, top1_acc: 0.9038, top5_acc: 0.9706, loss_cls: 0.3349, loss: 0.3349
2026-09-09 05:26:00,857 - pyskl - INFO - Epoch [15][1000/5537]	lr: 7.893e-04, eta: 7:49:04, time: 2.802, data_time: 0.000, memory: 5243, top1_acc: 0.9091, top5_acc: 0.9769, loss_cls: 0.3169, loss: 0.3169
2026-09-09 05:30:40,941 - pyskl - INFO - Epoch [15][1100/5537]	lr: 7.739e-04, eta: 7:44:25, time: 2.801, data_time: 0.000, memory: 5243, top1_acc: 0.9034, top5_acc: 0.9697, loss_cls: 0.3525, loss: 0.3525
2026-09-09 05:35:20,711 - pyskl - INFO - Epoch [15][1200/5537]	lr: 7.586e-04, eta: 7:39:45, time: 2.798, data_time: 0.000, memory: 5243, top1_acc: 0.9134, top5_acc: 0.9772, loss_cls: 0.3096, loss: 0.3096
2026-09-09 05:40:00,735 - pyskl - INFO - Epoch [15][1300/5537]	lr: 7.435e-04, eta: 7:35:06, time: 2.800, data_time: 0.000, memory: 5243, top1_acc: 0.9122, top5_acc: 0.9756, loss_cls: 0.3234, loss: 0.3234
2026-09-09 05:44:40,825 - pyskl - INFO - Epoch [15][1400/5537]	lr: 7.285e-04, eta: 7:30:27, time: 2.801, data_time: 0.000, memory: 5243, top1_acc: 0.9131, top5_acc: 0.9744, loss_cls: 0.3002, loss: 0.3002
2026-09-09 05:49:21,466 - pyskl - INFO - Epoch [15][1500/5537]	lr: 7.137e-04, eta: 7:25:48, time: 2.806, data_time: 0.000, memory: 5243, top1_acc: 0.9097, top5_acc: 0.9775, loss_cls: 0.3169, loss: 0.3169
2026-09-09 05:54:02,310 - pyskl - INFO - Epoch [15][1600/5537]	lr: 6.990e-04, eta: 7:21:08, time: 2.808, data_time: 0.000, memory: 5243, top1_acc: 0.9012, top5_acc: 0.9759, loss_cls: 0.3315, loss: 0.3315
2026-09-09 05:58:42,923 - pyskl - INFO - Epoch [15][1700/5537]	lr: 6.844e-04, eta: 7:16:29, time: 2.806, data_time: 0.000, memory: 5243, top1_acc: 0.9144, top5_acc: 0.9766, loss_cls: 0.3101, loss: 0.3101
2026-09-09 06:03:22,365 - pyskl - INFO - Epoch [15][1800/5537]	lr: 6.700e-04, eta: 7:11:50, time: 2.794, data_time: 0.000, memory: 5243, top1_acc: 0.9056, top5_acc: 0.9769, loss_cls: 0.3277, loss: 0.3277
2026-09-09 06:08:02,027 - pyskl - INFO - Epoch [15][1900/5537]	lr: 6.558e-04, eta: 7:07:10, time: 2.797, data_time: 0.000, memory: 5243, top1_acc: 0.9134, top5_acc: 0.9756, loss_cls: 0.3083, loss: 0.3083
2026-09-09 06:12:42,301 - pyskl - INFO - Epoch [15][2000/5537]	lr: 6.417e-04, eta: 7:02:31, time: 2.803, data_time: 0.000, memory: 5243, top1_acc: 0.9062, top5_acc: 0.9747, loss_cls: 0.3353, loss: 0.3353
2026-09-09 06:17:22,320 - pyskl - INFO - Epoch [15][2100/5537]	lr: 6.278e-04, eta: 6:57:52, time: 2.800, data_time: 0.000, memory: 5243, top1_acc: 0.8950, top5_acc: 0.9703, loss_cls: 0.3562, loss: 0.3562
2026-09-09 06:22:01,842 - pyskl - INFO - Epoch [15][2200/5537]	lr: 6.140e-04, eta: 6:53:12, time: 2.795, data_time: 0.000, memory: 5243, top1_acc: 0.9062, top5_acc: 0.9766, loss_cls: 0.3253, loss: 0.3253
2026-09-09 06:26:41,894 - pyskl - INFO - Epoch [15][2300/5537]	lr: 6.003e-04, eta: 6:48:33, time: 2.801, data_time: 0.000, memory: 5243, top1_acc: 0.9194, top5_acc: 0.9769, loss_cls: 0.3066, loss: 0.3066
2026-09-09 06:31:22,185 - pyskl - INFO - Epoch [15][2400/5537]	lr: 5.868e-04, eta: 6:43:54, time: 2.803, data_time: 0.000, memory: 5243, top1_acc: 0.9156, top5_acc: 0.9756, loss_cls: 0.3027, loss: 0.3027
2026-09-09 06:36:02,143 - pyskl - INFO - Epoch [15][2500/5537]	lr: 5.735e-04, eta: 6:39:15, time: 2.800, data_time: 0.000, memory: 5243, top1_acc: 0.9153, top5_acc: 0.9797, loss_cls: 0.2983, loss: 0.2983
2026-09-09 06:40:43,523 - pyskl - INFO - Epoch [15][2600/5537]	lr: 5.603e-04, eta: 6:34:35, time: 2.814, data_time: 0.000, memory: 5243, top1_acc: 0.9122, top5_acc: 0.9719, loss_cls: 0.3102, loss: 0.3102
2026-09-09 06:45:31,535 - pyskl - INFO - Epoch [15][2700/5537]	lr: 5.472e-04, eta: 6:29:57, time: 2.880, data_time: 0.000, memory: 5243, top1_acc: 0.9119, top5_acc: 0.9753, loss_cls: 0.3176, loss: 0.3176
2026-09-09 06:50:11,649 - pyskl - INFO - Epoch [15][2800/5537]	lr: 5.343e-04, eta: 6:25:18, time: 2.801, data_time: 0.000, memory: 5243, top1_acc: 0.9175, top5_acc: 0.9778, loss_cls: 0.2980, loss: 0.2980
2026-09-09 06:54:52,264 - pyskl - INFO - Epoch [15][2900/5537]	lr: 5.216e-04, eta: 6:20:38, time: 2.806, data_time: 0.000, memory: 5243, top1_acc: 0.9125, top5_acc: 0.9784, loss_cls: 0.3186, loss: 0.3186
2026-09-09 06:59:32,411 - pyskl - INFO - Epoch [15][3000/5537]	lr: 5.090e-04, eta: 6:15:59, time: 2.801, data_time: 0.000, memory: 5243, top1_acc: 0.9097, top5_acc: 0.9766, loss_cls: 0.3063, loss: 0.3063
2026-09-09 07:04:12,516 - pyskl - INFO - Epoch [15][3100/5537]	lr: 4.965e-04, eta: 6:11:20, time: 2.801, data_time: 0.000, memory: 5243, top1_acc: 0.9128, top5_acc: 0.9750, loss_cls: 0.3129, loss: 0.3129
2026-09-09 07:08:52,405 - pyskl - INFO - Epoch [15][3200/5537]	lr: 4.842e-04, eta: 6:06:40, time: 2.799, data_time: 0.000, memory: 5243, top1_acc: 0.9087, top5_acc: 0.9706, loss_cls: 0.3271, loss: 0.3271
2026-09-09 07:13:32,444 - pyskl - INFO - Epoch [15][3300/5537]	lr: 4.721e-04, eta: 6:02:01, time: 2.800, data_time: 0.000, memory: 5243, top1_acc: 0.9100, top5_acc: 0.9759, loss_cls: 0.3172, loss: 0.3172
2026-09-09 07:18:12,428 - pyskl - INFO - Epoch [15][3400/5537]	lr: 4.601e-04, eta: 5:57:21, time: 2.800, data_time: 0.000, memory: 5243, top1_acc: 0.9028, top5_acc: 0.9734, loss_cls: 0.3340, loss: 0.3340
2026-09-09 07:22:51,896 - pyskl - INFO - Epoch [15][3500/5537]	lr: 4.483e-04, eta: 5:52:42, time: 2.795, data_time: 0.000, memory: 5243, top1_acc: 0.9072, top5_acc: 0.9691, loss_cls: 0.3207, loss: 0.3207
2026-09-09 07:27:32,093 - pyskl - INFO - Epoch [15][3600/5537]	lr: 4.366e-04, eta: 5:48:03, time: 2.802, data_time: 0.000, memory: 5243, top1_acc: 0.9091, top5_acc: 0.9756, loss_cls: 0.3168, loss: 0.3168
2026-09-09 07:32:11,001 - pyskl - INFO - Epoch [15][3700/5537]	lr: 4.250e-04, eta: 5:43:23, time: 2.789, data_time: 0.000, memory: 5243, top1_acc: 0.9091, top5_acc: 0.9788, loss_cls: 0.3092, loss: 0.3092
2026-09-09 07:36:49,690 - pyskl - INFO - Epoch [15][3800/5537]	lr: 4.137e-04, eta: 5:38:44, time: 2.787, data_time: 0.000, memory: 5243, top1_acc: 0.9056, top5_acc: 0.9734, loss_cls: 0.3227, loss: 0.3227
2026-09-09 07:41:28,575 - pyskl - INFO - Epoch [15][3900/5537]	lr: 4.024e-04, eta: 5:34:04, time: 2.789, data_time: 0.000, memory: 5243, top1_acc: 0.9059, top5_acc: 0.9747, loss_cls: 0.3224, loss: 0.3224
2026-09-09 07:46:07,323 - pyskl - INFO - Epoch [15][4000/5537]	lr: 3.913e-04, eta: 5:29:25, time: 2.787, data_time: 0.000, memory: 5243, top1_acc: 0.9053, top5_acc: 0.9722, loss_cls: 0.3200, loss: 0.3200
2026-09-09 07:50:47,320 - pyskl - INFO - Epoch [15][4100/5537]	lr: 3.804e-04, eta: 5:24:46, time: 2.800, data_time: 0.000, memory: 5243, top1_acc: 0.9181, top5_acc: 0.9769, loss_cls: 0.3013, loss: 0.3013
2026-09-09 07:55:26,048 - pyskl - INFO - Epoch [15][4200/5537]	lr: 3.696e-04, eta: 5:20:06, time: 2.787, data_time: 0.000, memory: 5243, top1_acc: 0.9078, top5_acc: 0.9719, loss_cls: 0.3391, loss: 0.3391
2026-09-09 08:00:04,821 - pyskl - INFO - Epoch [15][4300/5537]	lr: 3.590e-04, eta: 5:15:27, time: 2.788, data_time: 0.000, memory: 5243, top1_acc: 0.8994, top5_acc: 0.9738, loss_cls: 0.3393, loss: 0.3393
2026-09-09 08:04:43,381 - pyskl - INFO - Epoch [15][4400/5537]	lr: 3.485e-04, eta: 5:10:47, time: 2.786, data_time: 0.000, memory: 5243, top1_acc: 0.9100, top5_acc: 0.9759, loss_cls: 0.3278, loss: 0.3278
2026-09-09 08:09:21,828 - pyskl - INFO - Epoch [15][4500/5537]	lr: 3.382e-04, eta: 5:06:08, time: 2.784, data_time: 0.000, memory: 5243, top1_acc: 0.9019, top5_acc: 0.9734, loss_cls: 0.3323, loss: 0.3323
2026-09-09 08:14:00,200 - pyskl - INFO - Epoch [15][4600/5537]	lr: 3.281e-04, eta: 5:01:28, time: 2.784, data_time: 0.000, memory: 5243, top1_acc: 0.9069, top5_acc: 0.9747, loss_cls: 0.3297, loss: 0.3297
2026-09-09 08:18:39,252 - pyskl - INFO - Epoch [15][4700/5537]	lr: 3.181e-04, eta: 4:56:49, time: 2.791, data_time: 0.000, memory: 5243, top1_acc: 0.9069, top5_acc: 0.9725, loss_cls: 0.3301, loss: 0.3301
2026-09-09 08:23:18,121 - pyskl - INFO - Epoch [15][4800/5537]	lr: 3.082e-04, eta: 4:52:09, time: 2.789, data_time: 0.000, memory: 5243, top1_acc: 0.9225, top5_acc: 0.9819, loss_cls: 0.2700, loss: 0.2700
2026-09-09 08:27:57,640 - pyskl - INFO - Epoch [15][4900/5537]	lr: 2.985e-04, eta: 4:47:30, time: 2.795, data_time: 0.000, memory: 5243, top1_acc: 0.9103, top5_acc: 0.9797, loss_cls: 0.3079, loss: 0.3079
2026-09-09 08:32:37,128 - pyskl - INFO - Epoch [15][5000/5537]	lr: 2.889e-04, eta: 4:42:50, time: 2.795, data_time: 0.000, memory: 5243, top1_acc: 0.9144, top5_acc: 0.9716, loss_cls: 0.3093, loss: 0.3093
2026-09-09 08:37:16,797 - pyskl - INFO - Epoch [15][5100/5537]	lr: 2.795e-04, eta: 4:38:11, time: 2.797, data_time: 0.000, memory: 5243, top1_acc: 0.9128, top5_acc: 0.9791, loss_cls: 0.2979, loss: 0.2979
2026-09-09 08:41:57,157 - pyskl - INFO - Epoch [15][5200/5537]	lr: 2.703e-04, eta: 4:33:32, time: 2.804, data_time: 0.000, memory: 5243, top1_acc: 0.9175, top5_acc: 0.9756, loss_cls: 0.2985, loss: 0.2985
2026-09-09 08:46:37,854 - pyskl - INFO - Epoch [15][5300/5537]	lr: 2.612e-04, eta: 4:28:52, time: 2.807, data_time: 0.000, memory: 5243, top1_acc: 0.9128, top5_acc: 0.9750, loss_cls: 0.3075, loss: 0.3075
2026-09-09 08:51:18,445 - pyskl - INFO - Epoch [15][5400/5537]	lr: 2.523e-04, eta: 4:24:13, time: 2.806, data_time: 0.000, memory: 5243, top1_acc: 0.9106, top5_acc: 0.9744, loss_cls: 0.3124, loss: 0.3124
2026-09-09 08:55:59,067 - pyskl - INFO - Epoch [15][5500/5537]	lr: 2.435e-04, eta: 4:19:34, time: 2.806, data_time: 0.000, memory: 5243, top1_acc: 0.9134, top5_acc: 0.9769, loss_cls: 0.2980, loss: 0.2980
2026-09-09 08:57:43,101 - pyskl - INFO - Saving checkpoint at 15 epochs
2026-09-09 09:03:21,173 - pyskl - INFO - Evaluating top_k_accuracy ...
2026-09-09 09:03:21,184 - pyskl - INFO - 
top1_acc	0.8986
top5_acc	0.9847
2026-09-09 09:03:21,185 - pyskl - INFO - The previous best checkpoint D:\YxjProject\pythonProject\pyskl\work_dirs\aug_baseline\stgcnpp_j\train\A6_mixed_p0.6\best_top1_acc_epoch_14.pth was removed
2026-09-09 09:03:21,260 - pyskl - INFO - Now best checkpoint is saved as best_top1_acc_epoch_15.pth.
2026-09-09 09:03:21,260 - pyskl - INFO - Best top1_acc is 0.8986 at 15 epoch.
2026-09-09 09:03:21,260 - pyskl - INFO - Epoch(val) [15][146]	top1_acc: 0.8986, top5_acc: 0.9847
2026-09-09 09:08:09,590 - pyskl - INFO - Epoch [16][100/5537]	lr: 2.317e-04, eta: 4:13:05, time: 2.883, data_time: 0.075, memory: 5243, top1_acc: 0.9172, top5_acc: 0.9719, loss_cls: 0.3123, loss: 0.3123
2026-09-09 09:12:50,767 - pyskl - INFO - Epoch [16][200/5537]	lr: 2.233e-04, eta: 4:08:26, time: 2.812, data_time: 0.000, memory: 5243, top1_acc: 0.9137, top5_acc: 0.9766, loss_cls: 0.2924, loss: 0.2924
2026-09-09 09:17:31,298 - pyskl - INFO - Epoch [16][300/5537]	lr: 2.150e-04, eta: 4:03:46, time: 2.805, data_time: 0.000, memory: 5243, top1_acc: 0.9078, top5_acc: 0.9762, loss_cls: 0.3179, loss: 0.3179
2026-09-09 09:22:11,631 - pyskl - INFO - Epoch [16][400/5537]	lr: 2.069e-04, eta: 3:59:07, time: 2.803, data_time: 0.000, memory: 5243, top1_acc: 0.9169, top5_acc: 0.9762, loss_cls: 0.3018, loss: 0.3018
2026-09-09 09:26:51,832 - pyskl - INFO - Epoch [16][500/5537]	lr: 1.990e-04, eta: 3:54:28, time: 2.802, data_time: 0.000, memory: 5243, top1_acc: 0.9103, top5_acc: 0.9781, loss_cls: 0.3175, loss: 0.3175
2026-09-09 09:31:31,893 - pyskl - INFO - Epoch [16][600/5537]	lr: 1.912e-04, eta: 3:49:49, time: 2.801, data_time: 0.000, memory: 5243, top1_acc: 0.9163, top5_acc: 0.9734, loss_cls: 0.2988, loss: 0.2988
2026-09-09 09:36:11,223 - pyskl - INFO - Epoch [16][700/5537]	lr: 1.835e-04, eta: 3:45:09, time: 2.793, data_time: 0.000, memory: 5243, top1_acc: 0.9113, top5_acc: 0.9738, loss_cls: 0.3102, loss: 0.3102
2026-09-09 09:40:50,521 - pyskl - INFO - Epoch [16][800/5537]	lr: 1.760e-04, eta: 3:40:30, time: 2.793, data_time: 0.000, memory: 5243, top1_acc: 0.9216, top5_acc: 0.9744, loss_cls: 0.3028, loss: 0.3028
2026-09-09 09:45:30,134 - pyskl - INFO - Epoch [16][900/5537]	lr: 1.687e-04, eta: 3:35:51, time: 2.796, data_time: 0.000, memory: 5243, top1_acc: 0.9147, top5_acc: 0.9744, loss_cls: 0.2956, loss: 0.2956
2026-09-09 09:50:09,940 - pyskl - INFO - Epoch [16][1000/5537]	lr: 1.615e-04, eta: 3:31:12, time: 2.798, data_time: 0.000, memory: 5243, top1_acc: 0.9194, top5_acc: 0.9800, loss_cls: 0.2911, loss: 0.2911
2026-09-09 09:54:49,029 - pyskl - INFO - Epoch [16][1100/5537]	lr: 1.545e-04, eta: 3:26:32, time: 2.791, data_time: 0.000, memory: 5243, top1_acc: 0.9125, top5_acc: 0.9769, loss_cls: 0.3138, loss: 0.3138
2026-09-09 09:59:28,197 - pyskl - INFO - Epoch [16][1200/5537]	lr: 1.476e-04, eta: 3:21:53, time: 2.792, data_time: 0.000, memory: 5243, top1_acc: 0.9169, top5_acc: 0.9822, loss_cls: 0.2895, loss: 0.2895
2026-09-09 10:04:06,893 - pyskl - INFO - Epoch [16][1300/5537]	lr: 1.409e-04, eta: 3:17:14, time: 2.787, data_time: 0.000, memory: 5243, top1_acc: 0.9197, top5_acc: 0.9775, loss_cls: 0.2868, loss: 0.2868
2026-09-09 10:08:45,950 - pyskl - INFO - Epoch [16][1400/5537]	lr: 1.343e-04, eta: 3:12:34, time: 2.791, data_time: 0.000, memory: 5243, top1_acc: 0.9128, top5_acc: 0.9741, loss_cls: 0.3113, loss: 0.3113
2026-09-09 10:13:24,949 - pyskl - INFO - Epoch [16][1500/5537]	lr: 1.279e-04, eta: 3:07:55, time: 2.790, data_time: 0.000, memory: 5243, top1_acc: 0.9059, top5_acc: 0.9734, loss_cls: 0.3323, loss: 0.3323
2026-09-09 10:18:04,289 - pyskl - INFO - Epoch [16][1600/5537]	lr: 1.217e-04, eta: 3:03:16, time: 2.793, data_time: 0.000, memory: 5243, top1_acc: 0.9103, top5_acc: 0.9744, loss_cls: 0.3140, loss: 0.3140
2026-09-09 10:22:43,795 - pyskl - INFO - Epoch [16][1700/5537]	lr: 1.156e-04, eta: 2:58:36, time: 2.795, data_time: 0.000, memory: 5243, top1_acc: 0.9163, top5_acc: 0.9719, loss_cls: 0.2959, loss: 0.2959
2026-09-09 10:27:23,416 - pyskl - INFO - Epoch [16][1800/5537]	lr: 1.097e-04, eta: 2:53:57, time: 2.796, data_time: 0.000, memory: 5243, top1_acc: 0.9100, top5_acc: 0.9772, loss_cls: 0.3029, loss: 0.3029
2026-09-09 10:32:02,836 - pyskl - INFO - Epoch [16][1900/5537]	lr: 1.039e-04, eta: 2:49:18, time: 2.794, data_time: 0.000, memory: 5243, top1_acc: 0.9184, top5_acc: 0.9775, loss_cls: 0.3023, loss: 0.3023
2026-09-09 10:36:42,005 - pyskl - INFO - Epoch [16][2000/5537]	lr: 9.825e-05, eta: 2:44:38, time: 2.792, data_time: 0.000, memory: 5243, top1_acc: 0.9184, top5_acc: 0.9750, loss_cls: 0.2952, loss: 0.2952
2026-09-09 10:41:21,191 - pyskl - INFO - Epoch [16][2100/5537]	lr: 9.278e-05, eta: 2:39:59, time: 2.792, data_time: 0.000, memory: 5243, top1_acc: 0.9216, top5_acc: 0.9766, loss_cls: 0.2901, loss: 0.2901
2026-09-09 10:46:00,013 - pyskl - INFO - Epoch [16][2200/5537]	lr: 8.747e-05, eta: 2:35:20, time: 2.788, data_time: 0.000, memory: 5243, top1_acc: 0.9163, top5_acc: 0.9759, loss_cls: 0.2980, loss: 0.2980
2026-09-09 10:50:40,724 - pyskl - INFO - Epoch [16][2300/5537]	lr: 8.231e-05, eta: 2:30:41, time: 2.807, data_time: 0.000, memory: 5243, top1_acc: 0.9247, top5_acc: 0.9816, loss_cls: 0.2626, loss: 0.2626
2026-09-09 10:55:19,534 - pyskl - INFO - Epoch [16][2400/5537]	lr: 7.731e-05, eta: 2:26:01, time: 2.788, data_time: 0.000, memory: 5243, top1_acc: 0.9137, top5_acc: 0.9738, loss_cls: 0.3138, loss: 0.3138
2026-09-09 10:59:58,862 - pyskl - INFO - Epoch [16][2500/5537]	lr: 7.247e-05, eta: 2:21:22, time: 2.793, data_time: 0.000, memory: 5243, top1_acc: 0.9169, top5_acc: 0.9769, loss_cls: 0.2978, loss: 0.2978
2026-09-09 11:04:38,092 - pyskl - INFO - Epoch [16][2600/5537]	lr: 6.778e-05, eta: 2:16:43, time: 2.792, data_time: 0.000, memory: 5243, top1_acc: 0.9131, top5_acc: 0.9728, loss_cls: 0.3056, loss: 0.3056
2026-09-09 11:09:17,764 - pyskl - INFO - Epoch [16][2700/5537]	lr: 6.325e-05, eta: 2:12:03, time: 2.797, data_time: 0.000, memory: 5243, top1_acc: 0.9131, top5_acc: 0.9775, loss_cls: 0.2997, loss: 0.2997
2026-09-09 11:13:57,211 - pyskl - INFO - Epoch [16][2800/5537]	lr: 5.887e-05, eta: 2:07:24, time: 2.794, data_time: 0.000, memory: 5243, top1_acc: 0.9203, top5_acc: 0.9806, loss_cls: 0.2790, loss: 0.2790
2026-09-09 11:18:36,799 - pyskl - INFO - Epoch [16][2900/5537]	lr: 5.465e-05, eta: 2:02:45, time: 2.796, data_time: 0.000, memory: 5243, top1_acc: 0.9159, top5_acc: 0.9812, loss_cls: 0.2944, loss: 0.2944
2026-09-09 11:23:16,688 - pyskl - INFO - Epoch [16][3000/5537]	lr: 5.059e-05, eta: 1:58:05, time: 2.799, data_time: 0.000, memory: 5243, top1_acc: 0.9109, top5_acc: 0.9753, loss_cls: 0.3076, loss: 0.3076
2026-09-09 11:27:59,041 - pyskl - INFO - Epoch [16][3100/5537]	lr: 4.669e-05, eta: 1:53:26, time: 2.824, data_time: 0.000, memory: 5243, top1_acc: 0.9144, top5_acc: 0.9759, loss_cls: 0.3087, loss: 0.3087
2026-09-09 11:32:39,214 - pyskl - INFO - Epoch [16][3200/5537]	lr: 4.294e-05, eta: 1:48:47, time: 2.802, data_time: 0.000, memory: 5243, top1_acc: 0.9119, top5_acc: 0.9766, loss_cls: 0.3076, loss: 0.3076
2026-09-09 11:37:20,206 - pyskl - INFO - Epoch [16][3300/5537]	lr: 3.934e-05, eta: 1:44:08, time: 2.810, data_time: 0.000, memory: 5243, top1_acc: 0.9084, top5_acc: 0.9756, loss_cls: 0.3044, loss: 0.3044
2026-09-09 11:42:00,913 - pyskl - INFO - Epoch [16][3400/5537]	lr: 3.591e-05, eta: 1:39:28, time: 2.807, data_time: 0.000, memory: 5243, top1_acc: 0.9087, top5_acc: 0.9744, loss_cls: 0.3195, loss: 0.3195
2026-09-09 11:46:40,787 - pyskl - INFO - Epoch [16][3500/5537]	lr: 3.263e-05, eta: 1:34:49, time: 2.799, data_time: 0.000, memory: 5243, top1_acc: 0.9116, top5_acc: 0.9722, loss_cls: 0.3074, loss: 0.3074
2026-09-09 11:51:20,388 - pyskl - INFO - Epoch [16][3600/5537]	lr: 2.951e-05, eta: 1:30:10, time: 2.796, data_time: 0.000, memory: 5243, top1_acc: 0.9184, top5_acc: 0.9762, loss_cls: 0.3049, loss: 0.3049
2026-09-09 11:56:00,328 - pyskl - INFO - Epoch [16][3700/5537]	lr: 2.654e-05, eta: 1:25:31, time: 2.799, data_time: 0.000, memory: 5243, top1_acc: 0.9134, top5_acc: 0.9738, loss_cls: 0.3153, loss: 0.3153
2026-09-09 12:00:41,066 - pyskl - INFO - Epoch [16][3800/5537]	lr: 2.373e-05, eta: 1:20:51, time: 2.807, data_time: 0.000, memory: 5243, top1_acc: 0.9113, top5_acc: 0.9772, loss_cls: 0.3044, loss: 0.3044
2026-09-09 12:05:20,200 - pyskl - INFO - Epoch [16][3900/5537]	lr: 2.108e-05, eta: 1:16:12, time: 2.791, data_time: 0.000, memory: 5243, top1_acc: 0.9113, top5_acc: 0.9759, loss_cls: 0.3010, loss: 0.3010
2026-09-09 12:09:59,580 - pyskl - INFO - Epoch [16][4000/5537]	lr: 1.859e-05, eta: 1:11:33, time: 2.794, data_time: 0.000, memory: 5243, top1_acc: 0.9131, top5_acc: 0.9741, loss_cls: 0.3139, loss: 0.3139
2026-09-09 12:14:39,360 - pyskl - INFO - Epoch [16][4100/5537]	lr: 1.625e-05, eta: 1:06:53, time: 2.798, data_time: 0.000, memory: 5243, top1_acc: 0.9281, top5_acc: 0.9800, loss_cls: 0.2579, loss: 0.2579
2026-09-09 12:19:18,826 - pyskl - INFO - Epoch [16][4200/5537]	lr: 1.407e-05, eta: 1:02:14, time: 2.795, data_time: 0.000, memory: 5243, top1_acc: 0.9028, top5_acc: 0.9691, loss_cls: 0.3413, loss: 0.3413
2026-09-09 12:23:58,836 - pyskl - INFO - Epoch [16][4300/5537]	lr: 1.204e-05, eta: 0:57:35, time: 2.800, data_time: 0.000, memory: 5243, top1_acc: 0.9156, top5_acc: 0.9772, loss_cls: 0.3005, loss: 0.3005
2026-09-09 12:28:38,885 - pyskl - INFO - Epoch [16][4400/5537]	lr: 1.018e-05, eta: 0:52:55, time: 2.800, data_time: 0.000, memory: 5243, top1_acc: 0.9191, top5_acc: 0.9762, loss_cls: 0.2867, loss: 0.2867
2026-09-09 12:33:19,657 - pyskl - INFO - Epoch [16][4500/5537]	lr: 8.467e-06, eta: 0:48:16, time: 2.808, data_time: 0.000, memory: 5243, top1_acc: 0.9131, top5_acc: 0.9772, loss_cls: 0.3013, loss: 0.3013
2026-09-09 12:38:00,445 - pyskl - INFO - Epoch [16][4600/5537]	lr: 6.914e-06, eta: 0:43:37, time: 2.808, data_time: 0.000, memory: 5243, top1_acc: 0.9097, top5_acc: 0.9725, loss_cls: 0.3257, loss: 0.3257
2026-09-09 12:42:41,158 - pyskl - INFO - Epoch [16][4700/5537]	lr: 5.519e-06, eta: 0:38:57, time: 2.807, data_time: 0.000, memory: 5243, top1_acc: 0.9166, top5_acc: 0.9744, loss_cls: 0.3072, loss: 0.3072
2026-09-09 12:47:21,960 - pyskl - INFO - Epoch [16][4800/5537]	lr: 4.280e-06, eta: 0:34:18, time: 2.808, data_time: 0.000, memory: 5243, top1_acc: 0.9134, top5_acc: 0.9703, loss_cls: 0.3126, loss: 0.3126
2026-09-09 12:52:03,471 - pyskl - INFO - Epoch [16][4900/5537]	lr: 3.199e-06, eta: 0:29:39, time: 2.815, data_time: 0.000, memory: 5243, top1_acc: 0.9253, top5_acc: 0.9784, loss_cls: 0.2745, loss: 0.2745
2026-09-09 12:56:45,125 - pyskl - INFO - Epoch [16][5000/5537]	lr: 2.275e-06, eta: 0:25:00, time: 2.817, data_time: 0.000, memory: 5243, top1_acc: 0.9169, top5_acc: 0.9747, loss_cls: 0.3026, loss: 0.3026
2026-09-09 13:01:26,462 - pyskl - INFO - Epoch [16][5100/5537]	lr: 1.508e-06, eta: 0:20:20, time: 2.813, data_time: 0.000, memory: 5243, top1_acc: 0.9084, top5_acc: 0.9762, loss_cls: 0.3050, loss: 0.3050
2026-09-09 13:06:08,172 - pyskl - INFO - Epoch [16][5200/5537]	lr: 8.979e-07, eta: 0:15:41, time: 2.817, data_time: 0.000, memory: 5243, top1_acc: 0.9219, top5_acc: 0.9791, loss_cls: 0.2736, loss: 0.2736
2026-09-09 13:10:49,819 - pyskl - INFO - Epoch [16][5300/5537]	lr: 4.452e-07, eta: 0:11:02, time: 2.816, data_time: 0.000, memory: 5243, top1_acc: 0.9206, top5_acc: 0.9756, loss_cls: 0.2944, loss: 0.2944
2026-09-09 13:15:30,978 - pyskl - INFO - Epoch [16][5400/5537]	lr: 1.497e-07, eta: 0:06:22, time: 2.812, data_time: 0.000, memory: 5243, top1_acc: 0.9166, top5_acc: 0.9769, loss_cls: 0.2950, loss: 0.2950
2026-09-09 13:20:12,349 - pyskl - INFO - Epoch [16][5500/5537]	lr: 1.135e-08, eta: 0:01:43, time: 2.814, data_time: 0.000, memory: 5243, top1_acc: 0.9209, top5_acc: 0.9816, loss_cls: 0.2820, loss: 0.2820
2026-09-09 13:21:56,323 - pyskl - INFO - Saving checkpoint at 16 epochs
2026-09-09 13:27:46,200 - pyskl - INFO - Evaluating top_k_accuracy ...
2026-09-09 13:27:46,211 - pyskl - INFO - 
top1_acc	0.9001
top5_acc	0.9865
2026-09-09 13:27:46,213 - pyskl - INFO - The previous best checkpoint D:\YxjProject\pythonProject\pyskl\work_dirs\aug_baseline\stgcnpp_j\train\A6_mixed_p0.6\best_top1_acc_epoch_15.pth was removed
2026-09-09 13:27:46,286 - pyskl - INFO - Now best checkpoint is saved as best_top1_acc_epoch_16.pth.
2026-09-09 13:27:46,287 - pyskl - INFO - Best top1_acc is 0.9001 at 16 epoch.
2026-09-09 13:27:46,287 - pyskl - INFO - Epoch(val) [16][146]	top1_acc: 0.9001, top5_acc: 0.9865
2026-09-09 13:27:56,945 - pyskl - INFO - 4655 videos remain after valid thresholding
2026-09-09 13:27:56,946 - pyskl - INFO - load checkpoint from local path: ./work_dirs/aug_baseline/stgcnpp_j/train/A6_mixed_p0.6\best_top1_acc_epoch_16.pth
2026-09-09 14:27:15,065 - pyskl - INFO - Testing results of the best checkpoint
2026-09-09 14:27:15,065 - pyskl - INFO - top1_acc: 0.9042
2026-09-09 14:27:15,065 - pyskl - INFO - top5_acc: 0.9880
