2026-08-14 16:11:23,930 - pyskl - INFO - Environment info:
------------------------------------------------------------
sys.platform: win32
Python: 3.10.20 | packaged by conda-forge | (main, Jun 11 2026, 03:28:51) [MSC v.1944 64 bit (AMD64)]
CUDA available: True
GPU 0: NVIDIA GeForce GTX 1080 Ti
CUDA_HOME: C:\Program Files\NVIDIA GPU Computing Toolkit\CUDA\v11.6
NVCC: Cuda compilation tools, release 11.6, V11.6.55
MSVC: Microsoft (R) C/C++ Optimizing Compiler Version 19.51.36252 for x64
GCC: n/a
PyTorch: 1.12.1+cu113
PyTorch compiling details: PyTorch built with:
  - C++ Version: 199711
  - MSVC 192829337
  - Intel(R) Math Kernel Library Version 2020.0.2 Product Build 20200624 for Intel(R) 64 architecture applications
  - Intel(R) MKL-DNN v2.6.0 (Git Hash 52b5f107dd9cf10910aaa19cb47f3abf9b349815)
  - OpenMP 2019
  - LAPACK is enabled (usually provided by MKL)
  - CPU capability usage: AVX2
  - CUDA Runtime 11.3
  - NVCC architecture flags: -gencode;arch=compute_37,code=sm_37;-gencode;arch=compute_50,code=sm_50;-gencode;arch=compute_60,code=sm_60;-gencode;arch=compute_61,code=sm_61;-gencode;arch=compute_70,code=sm_70;-gencode;arch=compute_75,code=sm_75;-gencode;arch=compute_80,code=sm_80;-gencode;arch=compute_86,code=sm_86;-gencode;arch=compute_37,code=compute_37
  - CuDNN 8.3.2  (built against CUDA 11.5)
  - Magma 2.5.4
  - Build settings: BLAS_INFO=mkl, BUILD_TYPE=Release, CUDA_VERSION=11.3, CUDNN_VERSION=8.3.2, CXX_COMPILER=C:/actions-runner/_work/pytorch/pytorch/builder/windows/tmp_bin/sccache-cl.exe, CXX_FLAGS=/DWIN32 /D_WINDOWS /GR /EHsc /w /bigobj -DUSE_PTHREADPOOL -openmp:experimental -IC:/actions-runner/_work/pytorch/pytorch/builder/windows/mkl/include -DNDEBUG -DUSE_KINETO -DLIBKINETO_NOCUPTI -DUSE_FBGEMM -DUSE_XNNPACK -DSYMBOLICATE_MOBILE_DEBUG_HANDLE -DEDGE_PROFILER_USE_KINETO, LAPACK_INFO=mkl, PERF_WITH_AVX=1, PERF_WITH_AVX2=1, PERF_WITH_AVX512=1, TORCH_VERSION=1.12.1, USE_CUDA=ON, USE_CUDNN=ON, USE_EXCEPTION_PTR=1, USE_GFLAGS=OFF, USE_GLOG=OFF, USE_MKL=ON, USE_MKLDNN=OFF, USE_MPI=OFF, USE_NCCL=OFF, USE_NNPACK=OFF, USE_OPENMP=ON, USE_ROCM=OFF, 

TorchVision: 0.13.1+cu113
OpenCV: 4.7.0
MMCV: 1.7.0
MMCV Compiler: MSVC 192829924
MMCV CUDA Compiler: 11.3
pyskl: 0.1.0+77d5385
------------------------------------------------------------

2026-08-14 16:11:24,042 - pyskl - INFO - Config: model = dict(
    type='RecognizerGCN',
    backbone=dict(
        type='STGCN', graph_cfg=dict(layout='nturgb+d', mode='stgcn_spatial')),
    cls_head=dict(type='GCNHead', num_classes=60, in_channels=256))
dataset_type = 'PoseDataset'
ann_file = 'data/nturgbd/ntu60_3danno.pkl'
train_pipeline = [
    dict(type='PreNormalize3D'),
    dict(type='GenSkeFeat', dataset='nturgb+d', feats=['j']),
    dict(type='UniformSample', clip_len=100),
    dict(type='PoseDecode'),
    dict(type='FormatGCNInput', num_person=2),
    dict(type='Collect', keys=['keypoint', 'label'], meta_keys=[]),
    dict(type='ToTensor', keys=['keypoint'])
]
val_pipeline = [
    dict(type='PreNormalize3D'),
    dict(type='GenSkeFeat', dataset='nturgb+d', feats=['j']),
    dict(type='UniformSample', clip_len=100, num_clips=1),
    dict(type='PoseDecode'),
    dict(type='FormatGCNInput', num_person=2),
    dict(type='Collect', keys=['keypoint', 'label'], meta_keys=[]),
    dict(type='ToTensor', keys=['keypoint'])
]
test_pipeline = [
    dict(type='PreNormalize3D'),
    dict(type='GenSkeFeat', dataset='nturgb+d', feats=['j']),
    dict(type='UniformSample', clip_len=100, num_clips=10),
    dict(type='PoseDecode'),
    dict(type='FormatGCNInput', num_person=2),
    dict(type='Collect', keys=['keypoint', 'label'], meta_keys=[]),
    dict(type='ToTensor', keys=['keypoint'])
]
data = dict(
    videos_per_gpu=32,
    workers_per_gpu=2,
    test_dataloader=dict(videos_per_gpu=1),
    train=dict(
        type='RepeatDataset',
        times=5,
        dataset=dict(
            type='PoseDataset',
            ann_file='data/nturgbd/ntu60_3danno.pkl',
            pipeline=[
                dict(type='PreNormalize3D'),
                dict(type='GenSkeFeat', dataset='nturgb+d', feats=['j']),
                dict(type='UniformSample', clip_len=100),
                dict(type='PoseDecode'),
                dict(type='FormatGCNInput', num_person=2),
                dict(type='Collect', keys=['keypoint', 'label'], meta_keys=[]),
                dict(type='ToTensor', keys=['keypoint'])
            ],
            split='xsub_train')),
    val=dict(
        type='PoseDataset',
        ann_file='data/nturgbd/ntu60_3danno.pkl',
        pipeline=[
            dict(type='PreNormalize3D'),
            dict(type='GenSkeFeat', dataset='nturgb+d', feats=['j']),
            dict(type='UniformSample', clip_len=100, num_clips=1),
            dict(type='PoseDecode'),
            dict(type='FormatGCNInput', num_person=2),
            dict(type='Collect', keys=['keypoint', 'label'], meta_keys=[]),
            dict(type='ToTensor', keys=['keypoint'])
        ],
        split='xsub_val'),
    test=dict(
        type='PoseDataset',
        ann_file='data/nturgbd/ntu60_3danno.pkl',
        pipeline=[
            dict(type='PreNormalize3D'),
            dict(type='GenSkeFeat', dataset='nturgb+d', feats=['j']),
            dict(type='UniformSample', clip_len=100, num_clips=10),
            dict(type='PoseDecode'),
            dict(type='FormatGCNInput', num_person=2),
            dict(type='Collect', keys=['keypoint', 'label'], meta_keys=[]),
            dict(type='ToTensor', keys=['keypoint'])
        ],
        split='xsub_val'))
optimizer = dict(
    type='SGD', lr=0.025, momentum=0.9, weight_decay=0.0005, nesterov=True)
optimizer_config = dict(grad_clip=None)
lr_config = dict(policy='CosineAnnealing', min_lr=0, by_epoch=False)
total_epochs = 16
checkpoint_config = dict(interval=1)
evaluation = dict(interval=1, metrics=['top_k_accuracy'])
log_config = dict(interval=100, hooks=[dict(type='TextLoggerHook')])
log_level = 'INFO'
work_dir = './work_dirs/stgcn/stgcn_pyskl_ntu60_xsub_3dkp/j_single_gpu_seed3407'
dist_params = dict(backend='gloo')
gpu_ids = range(0, 1)

2026-08-14 16:11:24,046 - pyskl - INFO - Set random seed to 3407, deterministic: True
2026-08-14 16:11:31,721 - pyskl - INFO - 40091 videos remain after valid thresholding
2026-08-14 16:11:41,967 - pyskl - INFO - 16487 videos remain after valid thresholding
2026-08-14 16:11:41,968 - pyskl - INFO - Start running, host: iot@SERVER-ASUS1080Ti, work_dir: D:\YxjProject\pythonProject\pyskl\work_dirs\stgcn\stgcn_pyskl_ntu60_xsub_3dkp\j_single_gpu_seed3407
2026-08-14 16:11:41,968 - pyskl - INFO - Hooks will be executed in the following order:
before_run:
(VERY_HIGH   ) CosineAnnealingLrUpdaterHook       
(NORMAL      ) CheckpointHook                     
(NORMAL      ) DistEvalHook                       
(VERY_LOW    ) TextLoggerHook                     
 -------------------- 
before_train_epoch:
(VERY_HIGH   ) CosineAnnealingLrUpdaterHook       
(NORMAL      ) DistSamplerSeedHook                
(NORMAL      ) DistEvalHook                       
(LOW         ) IterTimerHook                      
(VERY_LOW    ) TextLoggerHook                     
 -------------------- 
before_train_iter:
(VERY_HIGH   ) CosineAnnealingLrUpdaterHook       
(NORMAL      ) DistEvalHook                       
(LOW         ) IterTimerHook                      
 -------------------- 
after_train_iter:
(ABOVE_NORMAL) OptimizerHook                      
(NORMAL      ) CheckpointHook                     
(NORMAL      ) DistEvalHook                       
(LOW         ) IterTimerHook                      
(VERY_LOW    ) TextLoggerHook                     
 -------------------- 
after_train_epoch:
(NORMAL      ) CheckpointHook                     
(NORMAL      ) DistEvalHook                       
(VERY_LOW    ) TextLoggerHook                     
 -------------------- 
before_val_epoch:
(NORMAL      ) DistSamplerSeedHook                
(LOW         ) IterTimerHook                      
(VERY_LOW    ) TextLoggerHook                     
 -------------------- 
before_val_iter:
(LOW         ) IterTimerHook                      
 -------------------- 
after_val_iter:
(LOW         ) IterTimerHook                      
 -------------------- 
after_val_epoch:
(VERY_LOW    ) TextLoggerHook                     
 -------------------- 
after_run:
(VERY_LOW    ) TextLoggerHook                     
 -------------------- 
2026-08-14 16:11:41,971 - pyskl - INFO - workflow: [('train', 1)], max: 16 epochs
2026-08-14 16:11:41,972 - pyskl - INFO - Checkpoints will be saved to D:\YxjProject\pythonProject\pyskl\work_dirs\stgcn\stgcn_pyskl_ntu60_xsub_3dkp\j_single_gpu_seed3407 by HardDiskBackend.
2026-08-14 16:12:29,998 - pyskl - INFO - Epoch [1][100/6265]	lr: 2.500e-02, eta: 13:21:30, time: 0.480, data_time: 0.112, memory: 3356, top1_acc: 0.0719, top5_acc: 0.2678, loss_cls: 3.6798, loss: 3.6798
2026-08-14 16:13:05,891 - pyskl - INFO - Epoch [1][200/6265]	lr: 2.500e-02, eta: 11:39:34, time: 0.359, data_time: 0.000, memory: 3356, top1_acc: 0.1466, top5_acc: 0.4484, loss_cls: 3.1032, loss: 3.1032
2026-08-14 16:13:42,337 - pyskl - INFO - Epoch [1][300/6265]	lr: 2.500e-02, eta: 11:08:16, time: 0.364, data_time: 0.000, memory: 3356, top1_acc: 0.2250, top5_acc: 0.5900, loss_cls: 2.7016, loss: 2.7016
2026-08-14 16:14:19,982 - pyskl - INFO - Epoch [1][400/6265]	lr: 2.500e-02, eta: 10:57:18, time: 0.376, data_time: 0.000, memory: 3356, top1_acc: 0.2634, top5_acc: 0.6544, loss_cls: 2.5289, loss: 2.5289
2026-08-14 16:14:56,219 - pyskl - INFO - Epoch [1][500/6265]	lr: 2.500e-02, eta: 10:45:47, time: 0.362, data_time: 0.000, memory: 3356, top1_acc: 0.3147, top5_acc: 0.7284, loss_cls: 2.2978, loss: 2.2978
2026-08-14 16:15:32,500 - pyskl - INFO - Epoch [1][600/6265]	lr: 2.500e-02, eta: 10:38:02, time: 0.363, data_time: 0.000, memory: 3356, top1_acc: 0.3600, top5_acc: 0.7588, loss_cls: 2.1429, loss: 2.1429
2026-08-14 16:16:08,841 - pyskl - INFO - Epoch [1][700/6265]	lr: 2.500e-02, eta: 10:32:28, time: 0.363, data_time: 0.000, memory: 3356, top1_acc: 0.3775, top5_acc: 0.7853, loss_cls: 2.0572, loss: 2.0572
2026-08-14 16:16:45,182 - pyskl - INFO - Epoch [1][800/6265]	lr: 2.500e-02, eta: 10:28:08, time: 0.363, data_time: 0.000, memory: 3356, top1_acc: 0.4353, top5_acc: 0.8153, loss_cls: 1.8871, loss: 1.8871
2026-08-14 16:17:21,545 - pyskl - INFO - Epoch [1][900/6265]	lr: 2.500e-02, eta: 10:24:40, time: 0.364, data_time: 0.000, memory: 3356, top1_acc: 0.4366, top5_acc: 0.8131, loss_cls: 1.8444, loss: 1.8444
2026-08-14 16:17:57,867 - pyskl - INFO - Epoch [1][1000/6265]	lr: 2.499e-02, eta: 10:21:43, time: 0.363, data_time: 0.000, memory: 3356, top1_acc: 0.4506, top5_acc: 0.8303, loss_cls: 1.7991, loss: 1.7991
2026-08-14 16:18:34,235 - pyskl - INFO - Epoch [1][1100/6265]	lr: 2.499e-02, eta: 10:19:15, time: 0.364, data_time: 0.000, memory: 3356, top1_acc: 0.4797, top5_acc: 0.8391, loss_cls: 1.7349, loss: 1.7349
2026-08-14 16:19:10,634 - pyskl - INFO - Epoch [1][1200/6265]	lr: 2.499e-02, eta: 10:17:08, time: 0.364, data_time: 0.000, memory: 3356, top1_acc: 0.4922, top5_acc: 0.8594, loss_cls: 1.6903, loss: 1.6903
2026-08-14 16:19:47,019 - pyskl - INFO - Epoch [1][1300/6265]	lr: 2.499e-02, eta: 10:15:15, time: 0.364, data_time: 0.000, memory: 3356, top1_acc: 0.4922, top5_acc: 0.8416, loss_cls: 1.6784, loss: 1.6784
2026-08-14 16:20:23,380 - pyskl - INFO - Epoch [1][1400/6265]	lr: 2.499e-02, eta: 10:13:30, time: 0.364, data_time: 0.000, memory: 3356, top1_acc: 0.4850, top5_acc: 0.8531, loss_cls: 1.6720, loss: 1.6720
2026-08-14 16:20:59,708 - pyskl - INFO - Epoch [1][1500/6265]	lr: 2.499e-02, eta: 10:11:53, time: 0.363, data_time: 0.000, memory: 3356, top1_acc: 0.5153, top5_acc: 0.8716, loss_cls: 1.5852, loss: 1.5852
2026-08-14 16:21:36,022 - pyskl - INFO - Epoch [1][1600/6265]	lr: 2.498e-02, eta: 10:10:22, time: 0.363, data_time: 0.000, memory: 3356, top1_acc: 0.5356, top5_acc: 0.8781, loss_cls: 1.4892, loss: 1.4892
2026-08-14 16:22:12,374 - pyskl - INFO - Epoch [1][1700/6265]	lr: 2.498e-02, eta: 10:09:00, time: 0.363, data_time: 0.000, memory: 3356, top1_acc: 0.5534, top5_acc: 0.8841, loss_cls: 1.4753, loss: 1.4753
2026-08-14 16:22:48,719 - pyskl - INFO - Epoch [1][1800/6265]	lr: 2.498e-02, eta: 10:07:43, time: 0.363, data_time: 0.000, memory: 3356, top1_acc: 0.5575, top5_acc: 0.8775, loss_cls: 1.4827, loss: 1.4827
2026-08-14 16:23:25,105 - pyskl - INFO - Epoch [1][1900/6265]	lr: 2.498e-02, eta: 10:06:32, time: 0.364, data_time: 0.000, memory: 3356, top1_acc: 0.5825, top5_acc: 0.8941, loss_cls: 1.3790, loss: 1.3790
2026-08-14 16:24:01,508 - pyskl - INFO - Epoch [1][2000/6265]	lr: 2.498e-02, eta: 10:05:25, time: 0.364, data_time: 0.000, memory: 3356, top1_acc: 0.5787, top5_acc: 0.8850, loss_cls: 1.4024, loss: 1.4024
2026-08-14 16:24:37,917 - pyskl - INFO - Epoch [1][2100/6265]	lr: 2.497e-02, eta: 10:04:21, time: 0.364, data_time: 0.000, memory: 3356, top1_acc: 0.5959, top5_acc: 0.9087, loss_cls: 1.3332, loss: 1.3332
2026-08-14 16:25:14,435 - pyskl - INFO - Epoch [1][2200/6265]	lr: 2.497e-02, eta: 10:03:25, time: 0.365, data_time: 0.000, memory: 3356, top1_acc: 0.5750, top5_acc: 0.8969, loss_cls: 1.3501, loss: 1.3501
2026-08-14 16:25:50,850 - pyskl - INFO - Epoch [1][2300/6265]	lr: 2.497e-02, eta: 10:02:26, time: 0.364, data_time: 0.000, memory: 3356, top1_acc: 0.6022, top5_acc: 0.9041, loss_cls: 1.2919, loss: 1.2919
2026-08-14 16:26:27,249 - pyskl - INFO - Epoch [1][2400/6265]	lr: 2.496e-02, eta: 10:01:29, time: 0.364, data_time: 0.000, memory: 3356, top1_acc: 0.5981, top5_acc: 0.8934, loss_cls: 1.3134, loss: 1.3134
2026-08-14 16:27:03,647 - pyskl - INFO - Epoch [1][2500/6265]	lr: 2.496e-02, eta: 10:00:33, time: 0.364, data_time: 0.000, memory: 3356, top1_acc: 0.6125, top5_acc: 0.9053, loss_cls: 1.2720, loss: 1.2720
2026-08-14 16:27:40,081 - pyskl - INFO - Epoch [1][2600/6265]	lr: 2.496e-02, eta: 9:59:40, time: 0.364, data_time: 0.000, memory: 3356, top1_acc: 0.6219, top5_acc: 0.9075, loss_cls: 1.2618, loss: 1.2618
2026-08-14 16:28:16,522 - pyskl - INFO - Epoch [1][2700/6265]	lr: 2.496e-02, eta: 9:58:48, time: 0.364, data_time: 0.000, memory: 3356, top1_acc: 0.6194, top5_acc: 0.9034, loss_cls: 1.2362, loss: 1.2362
2026-08-14 16:28:52,938 - pyskl - INFO - Epoch [1][2800/6265]	lr: 2.495e-02, eta: 9:57:57, time: 0.364, data_time: 0.000, memory: 3356, top1_acc: 0.6425, top5_acc: 0.9228, loss_cls: 1.1459, loss: 1.1459
2026-08-14 16:29:29,374 - pyskl - INFO - Epoch [1][2900/6265]	lr: 2.495e-02, eta: 9:57:07, time: 0.364, data_time: 0.000, memory: 3356, top1_acc: 0.6381, top5_acc: 0.9291, loss_cls: 1.1586, loss: 1.1586
2026-08-14 16:30:05,828 - pyskl - INFO - Epoch [1][3000/6265]	lr: 2.494e-02, eta: 9:56:19, time: 0.365, data_time: 0.000, memory: 3356, top1_acc: 0.6456, top5_acc: 0.9209, loss_cls: 1.1492, loss: 1.1492
2026-08-14 16:30:42,254 - pyskl - INFO - Epoch [1][3100/6265]	lr: 2.494e-02, eta: 9:55:30, time: 0.364, data_time: 0.000, memory: 3356, top1_acc: 0.6484, top5_acc: 0.9213, loss_cls: 1.1385, loss: 1.1385
2026-08-14 16:31:18,669 - pyskl - INFO - Epoch [1][3200/6265]	lr: 2.494e-02, eta: 9:54:42, time: 0.364, data_time: 0.000, memory: 3356, top1_acc: 0.6434, top5_acc: 0.9194, loss_cls: 1.1649, loss: 1.1649
2026-08-14 16:31:55,072 - pyskl - INFO - Epoch [1][3300/6265]	lr: 2.493e-02, eta: 9:53:55, time: 0.364, data_time: 0.000, memory: 3356, top1_acc: 0.6500, top5_acc: 0.9206, loss_cls: 1.1254, loss: 1.1254
2026-08-14 16:32:31,467 - pyskl - INFO - Epoch [1][3400/6265]	lr: 2.493e-02, eta: 9:53:08, time: 0.364, data_time: 0.000, memory: 3356, top1_acc: 0.6544, top5_acc: 0.9216, loss_cls: 1.1316, loss: 1.1316
2026-08-14 16:33:07,905 - pyskl - INFO - Epoch [1][3500/6265]	lr: 2.492e-02, eta: 9:52:22, time: 0.364, data_time: 0.000, memory: 3356, top1_acc: 0.6606, top5_acc: 0.9213, loss_cls: 1.1312, loss: 1.1312
2026-08-14 16:33:44,308 - pyskl - INFO - Epoch [1][3600/6265]	lr: 2.492e-02, eta: 9:51:36, time: 0.364, data_time: 0.000, memory: 3356, top1_acc: 0.6834, top5_acc: 0.9284, loss_cls: 1.0465, loss: 1.0465
2026-08-14 16:34:20,700 - pyskl - INFO - Epoch [1][3700/6265]	lr: 2.492e-02, eta: 9:50:51, time: 0.364, data_time: 0.000, memory: 3356, top1_acc: 0.6691, top5_acc: 0.9247, loss_cls: 1.0783, loss: 1.0783
2026-08-14 16:34:57,050 - pyskl - INFO - Epoch [1][3800/6265]	lr: 2.491e-02, eta: 9:50:05, time: 0.363, data_time: 0.000, memory: 3356, top1_acc: 0.6647, top5_acc: 0.9263, loss_cls: 1.1060, loss: 1.1060
2026-08-14 16:35:33,464 - pyskl - INFO - Epoch [1][3900/6265]	lr: 2.491e-02, eta: 9:49:21, time: 0.364, data_time: 0.000, memory: 3356, top1_acc: 0.6856, top5_acc: 0.9363, loss_cls: 1.0364, loss: 1.0364
2026-08-14 16:36:09,868 - pyskl - INFO - Epoch [1][4000/6265]	lr: 2.490e-02, eta: 9:48:37, time: 0.364, data_time: 0.000, memory: 3356, top1_acc: 0.6866, top5_acc: 0.9287, loss_cls: 1.0237, loss: 1.0237
2026-08-14 16:36:46,236 - pyskl - INFO - Epoch [1][4100/6265]	lr: 2.490e-02, eta: 9:47:52, time: 0.364, data_time: 0.000, memory: 3356, top1_acc: 0.6928, top5_acc: 0.9378, loss_cls: 0.9828, loss: 0.9828
2026-08-14 16:37:22,617 - pyskl - INFO - Epoch [1][4200/6265]	lr: 2.489e-02, eta: 9:47:09, time: 0.364, data_time: 0.000, memory: 3356, top1_acc: 0.6884, top5_acc: 0.9337, loss_cls: 0.9949, loss: 0.9949
2026-08-14 16:37:59,002 - pyskl - INFO - Epoch [1][4300/6265]	lr: 2.489e-02, eta: 9:46:25, time: 0.364, data_time: 0.000, memory: 3356, top1_acc: 0.7091, top5_acc: 0.9337, loss_cls: 0.9954, loss: 0.9954
2026-08-14 16:38:35,435 - pyskl - INFO - Epoch [1][4400/6265]	lr: 2.488e-02, eta: 9:45:43, time: 0.364, data_time: 0.000, memory: 3356, top1_acc: 0.6897, top5_acc: 0.9328, loss_cls: 1.0062, loss: 1.0062
2026-08-14 16:39:11,826 - pyskl - INFO - Epoch [1][4500/6265]	lr: 2.488e-02, eta: 9:45:01, time: 0.364, data_time: 0.000, memory: 3356, top1_acc: 0.6884, top5_acc: 0.9416, loss_cls: 0.9696, loss: 0.9696
2026-08-14 16:39:48,206 - pyskl - INFO - Epoch [1][4600/6265]	lr: 2.487e-02, eta: 9:44:18, time: 0.364, data_time: 0.000, memory: 3356, top1_acc: 0.6947, top5_acc: 0.9387, loss_cls: 0.9831, loss: 0.9831
2026-08-14 16:40:24,603 - pyskl - INFO - Epoch [1][4700/6265]	lr: 2.486e-02, eta: 9:43:36, time: 0.364, data_time: 0.000, memory: 3356, top1_acc: 0.7056, top5_acc: 0.9366, loss_cls: 0.9643, loss: 0.9643
2026-08-14 16:41:01,019 - pyskl - INFO - Epoch [1][4800/6265]	lr: 2.486e-02, eta: 9:42:55, time: 0.364, data_time: 0.000, memory: 3356, top1_acc: 0.7000, top5_acc: 0.9422, loss_cls: 0.9528, loss: 0.9528
2026-08-14 16:41:37,437 - pyskl - INFO - Epoch [1][4900/6265]	lr: 2.485e-02, eta: 9:42:14, time: 0.364, data_time: 0.000, memory: 3356, top1_acc: 0.7059, top5_acc: 0.9313, loss_cls: 0.9698, loss: 0.9698
2026-08-14 16:42:13,852 - pyskl - INFO - Epoch [1][5000/6265]	lr: 2.485e-02, eta: 9:41:33, time: 0.364, data_time: 0.000, memory: 3356, top1_acc: 0.7069, top5_acc: 0.9369, loss_cls: 0.9673, loss: 0.9673
2026-08-14 16:42:50,303 - pyskl - INFO - Epoch [1][5100/6265]	lr: 2.484e-02, eta: 9:40:53, time: 0.365, data_time: 0.000, memory: 3356, top1_acc: 0.7238, top5_acc: 0.9478, loss_cls: 0.8824, loss: 0.8824
2026-08-14 16:43:26,709 - pyskl - INFO - Epoch [1][5200/6265]	lr: 2.483e-02, eta: 9:40:12, time: 0.364, data_time: 0.000, memory: 3356, top1_acc: 0.7209, top5_acc: 0.9403, loss_cls: 0.9252, loss: 0.9252
2026-08-14 16:44:03,141 - pyskl - INFO - Epoch [1][5300/6265]	lr: 2.483e-02, eta: 9:39:32, time: 0.364, data_time: 0.000, memory: 3356, top1_acc: 0.7281, top5_acc: 0.9472, loss_cls: 0.8759, loss: 0.8759
2026-08-14 16:44:39,601 - pyskl - INFO - Epoch [1][5400/6265]	lr: 2.482e-02, eta: 9:38:52, time: 0.365, data_time: 0.000, memory: 3356, top1_acc: 0.7353, top5_acc: 0.9466, loss_cls: 0.8888, loss: 0.8888
2026-08-14 16:45:16,024 - pyskl - INFO - Epoch [1][5500/6265]	lr: 2.481e-02, eta: 9:38:12, time: 0.364, data_time: 0.000, memory: 3356, top1_acc: 0.7216, top5_acc: 0.9478, loss_cls: 0.9050, loss: 0.9050
2026-08-14 16:45:52,480 - pyskl - INFO - Epoch [1][5600/6265]	lr: 2.481e-02, eta: 9:37:33, time: 0.365, data_time: 0.000, memory: 3356, top1_acc: 0.7256, top5_acc: 0.9463, loss_cls: 0.9092, loss: 0.9092
2026-08-14 16:46:28,924 - pyskl - INFO - Epoch [1][5700/6265]	lr: 2.480e-02, eta: 9:36:53, time: 0.364, data_time: 0.000, memory: 3356, top1_acc: 0.7113, top5_acc: 0.9400, loss_cls: 0.9460, loss: 0.9460
2026-08-14 16:47:05,328 - pyskl - INFO - Epoch [1][5800/6265]	lr: 2.479e-02, eta: 9:36:13, time: 0.364, data_time: 0.000, memory: 3356, top1_acc: 0.7334, top5_acc: 0.9478, loss_cls: 0.8683, loss: 0.8683
2026-08-14 16:47:41,772 - pyskl - INFO - Epoch [1][5900/6265]	lr: 2.479e-02, eta: 9:35:34, time: 0.364, data_time: 0.000, memory: 3356, top1_acc: 0.7366, top5_acc: 0.9453, loss_cls: 0.8815, loss: 0.8815
2026-08-14 16:48:18,152 - pyskl - INFO - Epoch [1][6000/6265]	lr: 2.478e-02, eta: 9:34:54, time: 0.364, data_time: 0.000, memory: 3356, top1_acc: 0.7200, top5_acc: 0.9513, loss_cls: 0.9004, loss: 0.9004
2026-08-14 16:48:54,493 - pyskl - INFO - Epoch [1][6100/6265]	lr: 2.477e-02, eta: 9:34:13, time: 0.363, data_time: 0.000, memory: 3356, top1_acc: 0.7234, top5_acc: 0.9447, loss_cls: 0.9004, loss: 0.9004
2026-08-14 16:49:30,845 - pyskl - INFO - Epoch [1][6200/6265]	lr: 2.476e-02, eta: 9:33:33, time: 0.364, data_time: 0.000, memory: 3356, top1_acc: 0.7409, top5_acc: 0.9531, loss_cls: 0.8374, loss: 0.8374
2026-08-14 16:49:54,570 - pyskl - INFO - Saving checkpoint at 1 epochs
2026-08-14 16:50:55,382 - pyskl - INFO - Evaluating top_k_accuracy ...
2026-08-14 16:50:55,427 - pyskl - INFO - 
top1_acc	0.7144
top5_acc	0.9332
2026-08-14 16:50:55,521 - pyskl - INFO - Now best checkpoint is saved as best_top1_acc_epoch_1.pth.
2026-08-14 16:50:55,521 - pyskl - INFO - Best top1_acc is 0.7144 at 1 epoch.
2026-08-14 16:50:55,524 - pyskl - INFO - Epoch(val) [1][516]	top1_acc: 0.7144, top5_acc: 0.9332
2026-08-14 16:51:40,634 - pyskl - INFO - Epoch [2][100/6265]	lr: 2.475e-02, eta: 9:28:47, time: 0.451, data_time: 0.091, memory: 3356, top1_acc: 0.7553, top5_acc: 0.9534, loss_cls: 0.8075, loss: 0.8075
2026-08-14 16:52:16,919 - pyskl - INFO - Epoch [2][200/6265]	lr: 2.474e-02, eta: 9:28:10, time: 0.363, data_time: 0.000, memory: 3356, top1_acc: 0.7306, top5_acc: 0.9491, loss_cls: 0.8750, loss: 0.8750
2026-08-14 16:52:53,233 - pyskl - INFO - Epoch [2][300/6265]	lr: 2.474e-02, eta: 9:27:33, time: 0.363, data_time: 0.000, memory: 3356, top1_acc: 0.7534, top5_acc: 0.9544, loss_cls: 0.8127, loss: 0.8127
2026-08-14 16:53:29,594 - pyskl - INFO - Epoch [2][400/6265]	lr: 2.473e-02, eta: 9:26:57, time: 0.364, data_time: 0.000, memory: 3356, top1_acc: 0.7419, top5_acc: 0.9525, loss_cls: 0.8334, loss: 0.8334
2026-08-14 16:54:05,991 - pyskl - INFO - Epoch [2][500/6265]	lr: 2.472e-02, eta: 9:26:21, time: 0.364, data_time: 0.000, memory: 3356, top1_acc: 0.7584, top5_acc: 0.9572, loss_cls: 0.7946, loss: 0.7946
2026-08-14 16:54:42,364 - pyskl - INFO - Epoch [2][600/6265]	lr: 2.471e-02, eta: 9:25:45, time: 0.364, data_time: 0.000, memory: 3356, top1_acc: 0.7428, top5_acc: 0.9478, loss_cls: 0.8337, loss: 0.8337
2026-08-14 16:55:18,699 - pyskl - INFO - Epoch [2][700/6265]	lr: 2.470e-02, eta: 9:25:08, time: 0.363, data_time: 0.000, memory: 3356, top1_acc: 0.7641, top5_acc: 0.9509, loss_cls: 0.7873, loss: 0.7873
2026-08-14 16:55:55,084 - pyskl - INFO - Epoch [2][800/6265]	lr: 2.469e-02, eta: 9:24:32, time: 0.364, data_time: 0.000, memory: 3356, top1_acc: 0.7456, top5_acc: 0.9478, loss_cls: 0.8224, loss: 0.8224
2026-08-14 16:56:31,457 - pyskl - INFO - Epoch [2][900/6265]	lr: 2.469e-02, eta: 9:23:56, time: 0.364, data_time: 0.000, memory: 3356, top1_acc: 0.7416, top5_acc: 0.9491, loss_cls: 0.8325, loss: 0.8325
2026-08-14 16:57:07,780 - pyskl - INFO - Epoch [2][1000/6265]	lr: 2.468e-02, eta: 9:23:19, time: 0.363, data_time: 0.000, memory: 3356, top1_acc: 0.7562, top5_acc: 0.9528, loss_cls: 0.7851, loss: 0.7851
2026-08-14 16:57:44,144 - pyskl - INFO - Epoch [2][1100/6265]	lr: 2.467e-02, eta: 9:22:43, time: 0.364, data_time: 0.000, memory: 3356, top1_acc: 0.7672, top5_acc: 0.9575, loss_cls: 0.7723, loss: 0.7723
2026-08-14 16:58:20,514 - pyskl - INFO - Epoch [2][1200/6265]	lr: 2.466e-02, eta: 9:22:07, time: 0.364, data_time: 0.000, memory: 3356, top1_acc: 0.7606, top5_acc: 0.9556, loss_cls: 0.7752, loss: 0.7752
2026-08-14 16:58:56,871 - pyskl - INFO - Epoch [2][1300/6265]	lr: 2.465e-02, eta: 9:21:31, time: 0.364, data_time: 0.000, memory: 3356, top1_acc: 0.7516, top5_acc: 0.9544, loss_cls: 0.7997, loss: 0.7997
2026-08-14 16:59:33,188 - pyskl - INFO - Epoch [2][1400/6265]	lr: 2.464e-02, eta: 9:20:54, time: 0.363, data_time: 0.000, memory: 3356, top1_acc: 0.7672, top5_acc: 0.9541, loss_cls: 0.7652, loss: 0.7652
2026-08-14 17:00:09,547 - pyskl - INFO - Epoch [2][1500/6265]	lr: 2.463e-02, eta: 9:20:18, time: 0.364, data_time: 0.000, memory: 3356, top1_acc: 0.7616, top5_acc: 0.9516, loss_cls: 0.7912, loss: 0.7912
2026-08-14 17:00:45,939 - pyskl - INFO - Epoch [2][1600/6265]	lr: 2.462e-02, eta: 9:19:42, time: 0.364, data_time: 0.000, memory: 3356, top1_acc: 0.7712, top5_acc: 0.9534, loss_cls: 0.7741, loss: 0.7741
2026-08-14 17:01:22,327 - pyskl - INFO - Epoch [2][1700/6265]	lr: 2.461e-02, eta: 9:19:06, time: 0.364, data_time: 0.000, memory: 3356, top1_acc: 0.7716, top5_acc: 0.9622, loss_cls: 0.7318, loss: 0.7318
2026-08-14 17:01:58,723 - pyskl - INFO - Epoch [2][1800/6265]	lr: 2.460e-02, eta: 9:18:30, time: 0.364, data_time: 0.000, memory: 3356, top1_acc: 0.7519, top5_acc: 0.9491, loss_cls: 0.8133, loss: 0.8133
2026-08-14 17:02:35,153 - pyskl - INFO - Epoch [2][1900/6265]	lr: 2.459e-02, eta: 9:17:54, time: 0.364, data_time: 0.000, memory: 3356, top1_acc: 0.7641, top5_acc: 0.9609, loss_cls: 0.7459, loss: 0.7459
2026-08-14 17:03:11,525 - pyskl - INFO - Epoch [2][2000/6265]	lr: 2.458e-02, eta: 9:17:18, time: 0.364, data_time: 0.000, memory: 3356, top1_acc: 0.7666, top5_acc: 0.9531, loss_cls: 0.7668, loss: 0.7668
2026-08-14 17:03:47,894 - pyskl - INFO - Epoch [2][2100/6265]	lr: 2.457e-02, eta: 9:16:42, time: 0.364, data_time: 0.000, memory: 3356, top1_acc: 0.7734, top5_acc: 0.9575, loss_cls: 0.7418, loss: 0.7418
2026-08-14 17:04:24,285 - pyskl - INFO - Epoch [2][2200/6265]	lr: 2.456e-02, eta: 9:16:06, time: 0.364, data_time: 0.000, memory: 3356, top1_acc: 0.7738, top5_acc: 0.9575, loss_cls: 0.7529, loss: 0.7529
2026-08-14 17:05:00,699 - pyskl - INFO - Epoch [2][2300/6265]	lr: 2.455e-02, eta: 9:15:30, time: 0.364, data_time: 0.000, memory: 3356, top1_acc: 0.7672, top5_acc: 0.9616, loss_cls: 0.7365, loss: 0.7365
2026-08-14 17:05:37,066 - pyskl - INFO - Epoch [2][2400/6265]	lr: 2.454e-02, eta: 9:14:54, time: 0.364, data_time: 0.000, memory: 3356, top1_acc: 0.7697, top5_acc: 0.9578, loss_cls: 0.7533, loss: 0.7533
2026-08-14 17:06:13,445 - pyskl - INFO - Epoch [2][2500/6265]	lr: 2.453e-02, eta: 9:14:18, time: 0.364, data_time: 0.000, memory: 3356, top1_acc: 0.7800, top5_acc: 0.9631, loss_cls: 0.6907, loss: 0.6907
2026-08-14 17:06:49,757 - pyskl - INFO - Epoch [2][2600/6265]	lr: 2.452e-02, eta: 9:13:41, time: 0.363, data_time: 0.000, memory: 3356, top1_acc: 0.7716, top5_acc: 0.9563, loss_cls: 0.7296, loss: 0.7296
2026-08-14 17:07:26,137 - pyskl - INFO - Epoch [2][2700/6265]	lr: 2.451e-02, eta: 9:13:05, time: 0.364, data_time: 0.000, memory: 3356, top1_acc: 0.7691, top5_acc: 0.9622, loss_cls: 0.7240, loss: 0.7240
2026-08-14 17:08:02,442 - pyskl - INFO - Epoch [2][2800/6265]	lr: 2.450e-02, eta: 9:12:28, time: 0.363, data_time: 0.000, memory: 3356, top1_acc: 0.7719, top5_acc: 0.9575, loss_cls: 0.7360, loss: 0.7360
2026-08-14 17:08:38,759 - pyskl - INFO - Epoch [2][2900/6265]	lr: 2.449e-02, eta: 9:11:51, time: 0.363, data_time: 0.000, memory: 3356, top1_acc: 0.7822, top5_acc: 0.9606, loss_cls: 0.7131, loss: 0.7131
2026-08-14 17:09:15,130 - pyskl - INFO - Epoch [2][3000/6265]	lr: 2.448e-02, eta: 9:11:15, time: 0.364, data_time: 0.000, memory: 3356, top1_acc: 0.7850, top5_acc: 0.9641, loss_cls: 0.6902, loss: 0.6902
2026-08-14 17:09:51,435 - pyskl - INFO - Epoch [2][3100/6265]	lr: 2.447e-02, eta: 9:10:38, time: 0.363, data_time: 0.000, memory: 3356, top1_acc: 0.7881, top5_acc: 0.9641, loss_cls: 0.6738, loss: 0.6738
2026-08-14 17:10:27,706 - pyskl - INFO - Epoch [2][3200/6265]	lr: 2.445e-02, eta: 9:10:01, time: 0.363, data_time: 0.000, memory: 3356, top1_acc: 0.7869, top5_acc: 0.9637, loss_cls: 0.6853, loss: 0.6853
2026-08-14 17:11:03,982 - pyskl - INFO - Epoch [2][3300/6265]	lr: 2.444e-02, eta: 9:09:24, time: 0.363, data_time: 0.000, memory: 3356, top1_acc: 0.7747, top5_acc: 0.9666, loss_cls: 0.7145, loss: 0.7145
2026-08-14 17:11:40,269 - pyskl - INFO - Epoch [2][3400/6265]	lr: 2.443e-02, eta: 9:08:47, time: 0.363, data_time: 0.000, memory: 3356, top1_acc: 0.7931, top5_acc: 0.9637, loss_cls: 0.6767, loss: 0.6767
2026-08-14 17:12:16,557 - pyskl - INFO - Epoch [2][3500/6265]	lr: 2.442e-02, eta: 9:08:10, time: 0.363, data_time: 0.000, memory: 3356, top1_acc: 0.7878, top5_acc: 0.9613, loss_cls: 0.6826, loss: 0.6826
2026-08-14 17:12:52,874 - pyskl - INFO - Epoch [2][3600/6265]	lr: 2.441e-02, eta: 9:07:33, time: 0.363, data_time: 0.000, memory: 3356, top1_acc: 0.7781, top5_acc: 0.9587, loss_cls: 0.7242, loss: 0.7242
2026-08-14 17:13:29,179 - pyskl - INFO - Epoch [2][3700/6265]	lr: 2.440e-02, eta: 9:06:56, time: 0.363, data_time: 0.000, memory: 3356, top1_acc: 0.7831, top5_acc: 0.9597, loss_cls: 0.7200, loss: 0.7200
2026-08-14 17:14:05,551 - pyskl - INFO - Epoch [2][3800/6265]	lr: 2.438e-02, eta: 9:06:20, time: 0.364, data_time: 0.000, memory: 3356, top1_acc: 0.7841, top5_acc: 0.9553, loss_cls: 0.7330, loss: 0.7330
2026-08-14 17:14:41,921 - pyskl - INFO - Epoch [2][3900/6265]	lr: 2.437e-02, eta: 9:05:44, time: 0.364, data_time: 0.000, memory: 3356, top1_acc: 0.7844, top5_acc: 0.9575, loss_cls: 0.7026, loss: 0.7026
2026-08-14 17:15:18,264 - pyskl - INFO - Epoch [2][4000/6265]	lr: 2.436e-02, eta: 9:05:08, time: 0.363, data_time: 0.000, memory: 3356, top1_acc: 0.7953, top5_acc: 0.9678, loss_cls: 0.6502, loss: 0.6502
2026-08-14 17:15:54,591 - pyskl - INFO - Epoch [2][4100/6265]	lr: 2.435e-02, eta: 9:04:31, time: 0.363, data_time: 0.000, memory: 3356, top1_acc: 0.7831, top5_acc: 0.9609, loss_cls: 0.7008, loss: 0.7008
2026-08-14 17:16:30,970 - pyskl - INFO - Epoch [2][4200/6265]	lr: 2.433e-02, eta: 9:03:55, time: 0.364, data_time: 0.000, memory: 3356, top1_acc: 0.7881, top5_acc: 0.9653, loss_cls: 0.6772, loss: 0.6772
2026-08-14 17:17:07,355 - pyskl - INFO - Epoch [2][4300/6265]	lr: 2.432e-02, eta: 9:03:19, time: 0.364, data_time: 0.000, memory: 3356, top1_acc: 0.7797, top5_acc: 0.9616, loss_cls: 0.6919, loss: 0.6919
2026-08-14 17:17:43,709 - pyskl - INFO - Epoch [2][4400/6265]	lr: 2.431e-02, eta: 9:02:42, time: 0.364, data_time: 0.000, memory: 3356, top1_acc: 0.7934, top5_acc: 0.9631, loss_cls: 0.6802, loss: 0.6802
2026-08-14 17:18:20,071 - pyskl - INFO - Epoch [2][4500/6265]	lr: 2.430e-02, eta: 9:02:06, time: 0.364, data_time: 0.000, memory: 3356, top1_acc: 0.7850, top5_acc: 0.9587, loss_cls: 0.7075, loss: 0.7075
2026-08-14 17:18:56,439 - pyskl - INFO - Epoch [2][4600/6265]	lr: 2.428e-02, eta: 9:01:30, time: 0.364, data_time: 0.000, memory: 3356, top1_acc: 0.7906, top5_acc: 0.9581, loss_cls: 0.6876, loss: 0.6876
2026-08-14 17:19:32,756 - pyskl - INFO - Epoch [2][4700/6265]	lr: 2.427e-02, eta: 9:00:53, time: 0.363, data_time: 0.000, memory: 3356, top1_acc: 0.7959, top5_acc: 0.9600, loss_cls: 0.6717, loss: 0.6717
2026-08-14 17:20:09,077 - pyskl - INFO - Epoch [2][4800/6265]	lr: 2.426e-02, eta: 9:00:17, time: 0.363, data_time: 0.000, memory: 3356, top1_acc: 0.7844, top5_acc: 0.9656, loss_cls: 0.6736, loss: 0.6736
2026-08-14 17:20:45,366 - pyskl - INFO - Epoch [2][4900/6265]	lr: 2.424e-02, eta: 8:59:40, time: 0.363, data_time: 0.000, memory: 3356, top1_acc: 0.8047, top5_acc: 0.9628, loss_cls: 0.6398, loss: 0.6398
2026-08-14 17:21:21,702 - pyskl - INFO - Epoch [2][5000/6265]	lr: 2.423e-02, eta: 8:59:03, time: 0.363, data_time: 0.000, memory: 3356, top1_acc: 0.8028, top5_acc: 0.9587, loss_cls: 0.6587, loss: 0.6587
2026-08-14 17:21:58,007 - pyskl - INFO - Epoch [2][5100/6265]	lr: 2.422e-02, eta: 8:58:27, time: 0.363, data_time: 0.000, memory: 3356, top1_acc: 0.8069, top5_acc: 0.9659, loss_cls: 0.6396, loss: 0.6396
2026-08-14 17:22:34,311 - pyskl - INFO - Epoch [2][5200/6265]	lr: 2.420e-02, eta: 8:57:50, time: 0.363, data_time: 0.000, memory: 3356, top1_acc: 0.7991, top5_acc: 0.9641, loss_cls: 0.6370, loss: 0.6370
2026-08-14 17:23:10,620 - pyskl - INFO - Epoch [2][5300/6265]	lr: 2.419e-02, eta: 8:57:13, time: 0.363, data_time: 0.000, memory: 3356, top1_acc: 0.7837, top5_acc: 0.9631, loss_cls: 0.6963, loss: 0.6963
2026-08-14 17:23:46,890 - pyskl - INFO - Epoch [2][5400/6265]	lr: 2.417e-02, eta: 8:56:36, time: 0.363, data_time: 0.000, memory: 3356, top1_acc: 0.8094, top5_acc: 0.9663, loss_cls: 0.6245, loss: 0.6245
2026-08-14 17:24:23,202 - pyskl - INFO - Epoch [2][5500/6265]	lr: 2.416e-02, eta: 8:56:00, time: 0.363, data_time: 0.000, memory: 3356, top1_acc: 0.7934, top5_acc: 0.9619, loss_cls: 0.6686, loss: 0.6686
2026-08-14 17:24:59,458 - pyskl - INFO - Epoch [2][5600/6265]	lr: 2.415e-02, eta: 8:55:23, time: 0.363, data_time: 0.000, memory: 3356, top1_acc: 0.7959, top5_acc: 0.9681, loss_cls: 0.6405, loss: 0.6405
2026-08-14 17:25:35,751 - pyskl - INFO - Epoch [2][5700/6265]	lr: 2.413e-02, eta: 8:54:46, time: 0.363, data_time: 0.000, memory: 3356, top1_acc: 0.7956, top5_acc: 0.9672, loss_cls: 0.6638, loss: 0.6638
2026-08-14 17:26:12,013 - pyskl - INFO - Epoch [2][5800/6265]	lr: 2.412e-02, eta: 8:54:09, time: 0.363, data_time: 0.000, memory: 3356, top1_acc: 0.8044, top5_acc: 0.9613, loss_cls: 0.6403, loss: 0.6403
2026-08-14 17:26:48,285 - pyskl - INFO - Epoch [2][5900/6265]	lr: 2.410e-02, eta: 8:53:32, time: 0.363, data_time: 0.000, memory: 3356, top1_acc: 0.7956, top5_acc: 0.9606, loss_cls: 0.6774, loss: 0.6774
2026-08-14 17:27:24,570 - pyskl - INFO - Epoch [2][6000/6265]	lr: 2.409e-02, eta: 8:52:55, time: 0.363, data_time: 0.000, memory: 3356, top1_acc: 0.7984, top5_acc: 0.9669, loss_cls: 0.6572, loss: 0.6572
2026-08-14 17:28:00,906 - pyskl - INFO - Epoch [2][6100/6265]	lr: 2.407e-02, eta: 8:52:19, time: 0.363, data_time: 0.000, memory: 3356, top1_acc: 0.7909, top5_acc: 0.9647, loss_cls: 0.6674, loss: 0.6674
2026-08-14 17:28:37,223 - pyskl - INFO - Epoch [2][6200/6265]	lr: 2.406e-02, eta: 8:51:42, time: 0.363, data_time: 0.000, memory: 3356, top1_acc: 0.8006, top5_acc: 0.9666, loss_cls: 0.6426, loss: 0.6426
2026-08-14 17:29:00,865 - pyskl - INFO - Saving checkpoint at 2 epochs
2026-08-14 17:30:01,426 - pyskl - INFO - Evaluating top_k_accuracy ...
2026-08-14 17:30:01,468 - pyskl - INFO - 
top1_acc	0.7282
top5_acc	0.9468
2026-08-14 17:30:01,470 - pyskl - INFO - The previous best checkpoint D:\YxjProject\pythonProject\pyskl\work_dirs\stgcn\stgcn_pyskl_ntu60_xsub_3dkp\j_single_gpu_seed3407\best_top1_acc_epoch_1.pth was removed
2026-08-14 17:30:01,556 - pyskl - INFO - Now best checkpoint is saved as best_top1_acc_epoch_2.pth.
2026-08-14 17:30:01,556 - pyskl - INFO - Best top1_acc is 0.7282 at 2 epoch.
2026-08-14 17:30:01,558 - pyskl - INFO - Epoch(val) [2][516]	top1_acc: 0.7282, top5_acc: 0.9468
2026-08-14 17:30:46,531 - pyskl - INFO - Epoch [3][100/6265]	lr: 2.403e-02, eta: 8:48:58, time: 0.450, data_time: 0.089, memory: 3356, top1_acc: 0.8106, top5_acc: 0.9678, loss_cls: 0.6374, loss: 0.6374
2026-08-14 17:31:22,861 - pyskl - INFO - Epoch [3][200/6265]	lr: 2.402e-02, eta: 8:48:23, time: 0.363, data_time: 0.000, memory: 3356, top1_acc: 0.7994, top5_acc: 0.9684, loss_cls: 0.6309, loss: 0.6309
2026-08-14 17:31:59,245 - pyskl - INFO - Epoch [3][300/6265]	lr: 2.400e-02, eta: 8:47:47, time: 0.364, data_time: 0.000, memory: 3356, top1_acc: 0.7959, top5_acc: 0.9641, loss_cls: 0.6467, loss: 0.6467
2026-08-14 17:32:35,630 - pyskl - INFO - Epoch [3][400/6265]	lr: 2.399e-02, eta: 8:47:12, time: 0.364, data_time: 0.000, memory: 3356, top1_acc: 0.7959, top5_acc: 0.9619, loss_cls: 0.6546, loss: 0.6546
2026-08-14 17:33:12,025 - pyskl - INFO - Epoch [3][500/6265]	lr: 2.397e-02, eta: 8:46:37, time: 0.364, data_time: 0.000, memory: 3356, top1_acc: 0.7969, top5_acc: 0.9625, loss_cls: 0.6580, loss: 0.6580
2026-08-14 17:33:48,412 - pyskl - INFO - Epoch [3][600/6265]	lr: 2.396e-02, eta: 8:46:02, time: 0.364, data_time: 0.000, memory: 3356, top1_acc: 0.7991, top5_acc: 0.9684, loss_cls: 0.6390, loss: 0.6390
2026-08-14 17:34:24,768 - pyskl - INFO - Epoch [3][700/6265]	lr: 2.394e-02, eta: 8:45:27, time: 0.364, data_time: 0.000, memory: 3356, top1_acc: 0.8272, top5_acc: 0.9706, loss_cls: 0.5610, loss: 0.5610
2026-08-14 17:35:01,172 - pyskl - INFO - Epoch [3][800/6265]	lr: 2.393e-02, eta: 8:44:51, time: 0.364, data_time: 0.000, memory: 3356, top1_acc: 0.8147, top5_acc: 0.9706, loss_cls: 0.5996, loss: 0.5996
2026-08-14 17:35:37,569 - pyskl - INFO - Epoch [3][900/6265]	lr: 2.391e-02, eta: 8:44:16, time: 0.364, data_time: 0.000, memory: 3356, top1_acc: 0.8041, top5_acc: 0.9684, loss_cls: 0.6266, loss: 0.6266
2026-08-14 17:36:13,960 - pyskl - INFO - Epoch [3][1000/6265]	lr: 2.389e-02, eta: 8:43:41, time: 0.364, data_time: 0.000, memory: 3356, top1_acc: 0.8050, top5_acc: 0.9663, loss_cls: 0.6296, loss: 0.6296
2026-08-14 17:36:50,305 - pyskl - INFO - Epoch [3][1100/6265]	lr: 2.388e-02, eta: 8:43:05, time: 0.363, data_time: 0.000, memory: 3356, top1_acc: 0.8047, top5_acc: 0.9672, loss_cls: 0.6267, loss: 0.6267
2026-08-14 17:37:26,603 - pyskl - INFO - Epoch [3][1200/6265]	lr: 2.386e-02, eta: 8:42:30, time: 0.363, data_time: 0.000, memory: 3356, top1_acc: 0.8200, top5_acc: 0.9663, loss_cls: 0.6003, loss: 0.6003
2026-08-14 17:38:02,899 - pyskl - INFO - Epoch [3][1300/6265]	lr: 2.384e-02, eta: 8:41:54, time: 0.363, data_time: 0.000, memory: 3356, top1_acc: 0.8059, top5_acc: 0.9688, loss_cls: 0.6232, loss: 0.6232
2026-08-14 17:38:39,235 - pyskl - INFO - Epoch [3][1400/6265]	lr: 2.383e-02, eta: 8:41:18, time: 0.363, data_time: 0.000, memory: 3356, top1_acc: 0.8156, top5_acc: 0.9659, loss_cls: 0.6062, loss: 0.6062
2026-08-14 17:39:15,569 - pyskl - INFO - Epoch [3][1500/6265]	lr: 2.381e-02, eta: 8:40:42, time: 0.363, data_time: 0.000, memory: 3356, top1_acc: 0.8153, top5_acc: 0.9675, loss_cls: 0.6127, loss: 0.6127
2026-08-14 17:39:51,926 - pyskl - INFO - Epoch [3][1600/6265]	lr: 2.379e-02, eta: 8:40:07, time: 0.364, data_time: 0.000, memory: 3356, top1_acc: 0.8106, top5_acc: 0.9672, loss_cls: 0.6176, loss: 0.6176
2026-08-14 17:40:28,323 - pyskl - INFO - Epoch [3][1700/6265]	lr: 2.378e-02, eta: 8:39:32, time: 0.364, data_time: 0.000, memory: 3356, top1_acc: 0.8122, top5_acc: 0.9700, loss_cls: 0.6044, loss: 0.6044
2026-08-14 17:41:04,643 - pyskl - INFO - Epoch [3][1800/6265]	lr: 2.376e-02, eta: 8:38:56, time: 0.363, data_time: 0.000, memory: 3356, top1_acc: 0.8200, top5_acc: 0.9728, loss_cls: 0.5782, loss: 0.5782
2026-08-14 17:41:40,903 - pyskl - INFO - Epoch [3][1900/6265]	lr: 2.374e-02, eta: 8:38:20, time: 0.363, data_time: 0.000, memory: 3356, top1_acc: 0.8113, top5_acc: 0.9678, loss_cls: 0.5936, loss: 0.5936
2026-08-14 17:42:17,237 - pyskl - INFO - Epoch [3][2000/6265]	lr: 2.373e-02, eta: 8:37:44, time: 0.363, data_time: 0.000, memory: 3356, top1_acc: 0.8156, top5_acc: 0.9663, loss_cls: 0.5955, loss: 0.5955
2026-08-14 17:42:53,566 - pyskl - INFO - Epoch [3][2100/6265]	lr: 2.371e-02, eta: 8:37:08, time: 0.363, data_time: 0.000, memory: 3356, top1_acc: 0.8128, top5_acc: 0.9666, loss_cls: 0.6107, loss: 0.6107
2026-08-14 17:43:29,889 - pyskl - INFO - Epoch [3][2200/6265]	lr: 2.369e-02, eta: 8:36:32, time: 0.363, data_time: 0.000, memory: 3356, top1_acc: 0.8016, top5_acc: 0.9709, loss_cls: 0.6328, loss: 0.6328
2026-08-14 17:44:06,267 - pyskl - INFO - Epoch [3][2300/6265]	lr: 2.367e-02, eta: 8:35:57, time: 0.364, data_time: 0.000, memory: 3356, top1_acc: 0.8200, top5_acc: 0.9706, loss_cls: 0.5908, loss: 0.5908
2026-08-14 17:44:42,626 - pyskl - INFO - Epoch [3][2400/6265]	lr: 2.366e-02, eta: 8:35:21, time: 0.364, data_time: 0.000, memory: 3356, top1_acc: 0.8228, top5_acc: 0.9656, loss_cls: 0.5905, loss: 0.5905
2026-08-14 17:45:19,006 - pyskl - INFO - Epoch [3][2500/6265]	lr: 2.364e-02, eta: 8:34:46, time: 0.364, data_time: 0.000, memory: 3356, top1_acc: 0.8125, top5_acc: 0.9659, loss_cls: 0.6128, loss: 0.6128
2026-08-14 17:45:55,336 - pyskl - INFO - Epoch [3][2600/6265]	lr: 2.362e-02, eta: 8:34:10, time: 0.363, data_time: 0.000, memory: 3356, top1_acc: 0.8244, top5_acc: 0.9700, loss_cls: 0.5677, loss: 0.5677
2026-08-14 17:46:31,683 - pyskl - INFO - Epoch [3][2700/6265]	lr: 2.360e-02, eta: 8:33:34, time: 0.363, data_time: 0.000, memory: 3356, top1_acc: 0.8103, top5_acc: 0.9678, loss_cls: 0.6147, loss: 0.6147
2026-08-14 17:47:08,027 - pyskl - INFO - Epoch [3][2800/6265]	lr: 2.359e-02, eta: 8:32:59, time: 0.363, data_time: 0.000, memory: 3356, top1_acc: 0.8144, top5_acc: 0.9663, loss_cls: 0.5994, loss: 0.5994
2026-08-14 17:47:44,376 - pyskl - INFO - Epoch [3][2900/6265]	lr: 2.357e-02, eta: 8:32:23, time: 0.363, data_time: 0.000, memory: 3356, top1_acc: 0.8206, top5_acc: 0.9709, loss_cls: 0.5786, loss: 0.5786
2026-08-14 17:48:20,706 - pyskl - INFO - Epoch [3][3000/6265]	lr: 2.355e-02, eta: 8:31:47, time: 0.363, data_time: 0.000, memory: 3356, top1_acc: 0.8209, top5_acc: 0.9709, loss_cls: 0.5777, loss: 0.5777
2026-08-14 17:48:57,021 - pyskl - INFO - Epoch [3][3100/6265]	lr: 2.353e-02, eta: 8:31:11, time: 0.363, data_time: 0.000, memory: 3356, top1_acc: 0.8181, top5_acc: 0.9709, loss_cls: 0.5847, loss: 0.5847
2026-08-14 17:49:33,320 - pyskl - INFO - Epoch [3][3200/6265]	lr: 2.351e-02, eta: 8:30:35, time: 0.363, data_time: 0.000, memory: 3356, top1_acc: 0.8253, top5_acc: 0.9678, loss_cls: 0.5887, loss: 0.5887
2026-08-14 17:50:09,627 - pyskl - INFO - Epoch [3][3300/6265]	lr: 2.349e-02, eta: 8:29:59, time: 0.363, data_time: 0.000, memory: 3356, top1_acc: 0.8178, top5_acc: 0.9772, loss_cls: 0.5617, loss: 0.5617
2026-08-14 17:50:45,919 - pyskl - INFO - Epoch [3][3400/6265]	lr: 2.347e-02, eta: 8:29:23, time: 0.363, data_time: 0.000, memory: 3356, top1_acc: 0.8237, top5_acc: 0.9738, loss_cls: 0.5605, loss: 0.5605
2026-08-14 17:51:22,204 - pyskl - INFO - Epoch [3][3500/6265]	lr: 2.346e-02, eta: 8:28:47, time: 0.363, data_time: 0.000, memory: 3356, top1_acc: 0.8406, top5_acc: 0.9744, loss_cls: 0.5351, loss: 0.5351
2026-08-14 17:51:58,515 - pyskl - INFO - Epoch [3][3600/6265]	lr: 2.344e-02, eta: 8:28:11, time: 0.363, data_time: 0.000, memory: 3356, top1_acc: 0.8253, top5_acc: 0.9712, loss_cls: 0.5532, loss: 0.5532
2026-08-14 17:52:34,791 - pyskl - INFO - Epoch [3][3700/6265]	lr: 2.342e-02, eta: 8:27:35, time: 0.363, data_time: 0.000, memory: 3356, top1_acc: 0.8219, top5_acc: 0.9728, loss_cls: 0.5815, loss: 0.5815
2026-08-14 17:53:11,072 - pyskl - INFO - Epoch [3][3800/6265]	lr: 2.340e-02, eta: 8:26:59, time: 0.363, data_time: 0.000, memory: 3356, top1_acc: 0.8194, top5_acc: 0.9731, loss_cls: 0.5900, loss: 0.5900
2026-08-14 17:53:47,359 - pyskl - INFO - Epoch [3][3900/6265]	lr: 2.338e-02, eta: 8:26:23, time: 0.363, data_time: 0.000, memory: 3356, top1_acc: 0.8172, top5_acc: 0.9675, loss_cls: 0.6040, loss: 0.6040
2026-08-14 17:54:23,660 - pyskl - INFO - Epoch [3][4000/6265]	lr: 2.336e-02, eta: 8:25:47, time: 0.363, data_time: 0.000, memory: 3356, top1_acc: 0.8141, top5_acc: 0.9703, loss_cls: 0.5991, loss: 0.5991
2026-08-14 17:54:59,978 - pyskl - INFO - Epoch [3][4100/6265]	lr: 2.334e-02, eta: 8:25:11, time: 0.363, data_time: 0.000, memory: 3356, top1_acc: 0.8294, top5_acc: 0.9762, loss_cls: 0.5509, loss: 0.5509
2026-08-14 17:55:36,317 - pyskl - INFO - Epoch [3][4200/6265]	lr: 2.332e-02, eta: 8:24:35, time: 0.363, data_time: 0.000, memory: 3356, top1_acc: 0.8259, top5_acc: 0.9716, loss_cls: 0.5752, loss: 0.5752
2026-08-14 17:56:12,654 - pyskl - INFO - Epoch [3][4300/6265]	lr: 2.330e-02, eta: 8:23:59, time: 0.363, data_time: 0.000, memory: 3356, top1_acc: 0.8319, top5_acc: 0.9703, loss_cls: 0.5590, loss: 0.5590
2026-08-14 17:56:48,979 - pyskl - INFO - Epoch [3][4400/6265]	lr: 2.328e-02, eta: 8:23:23, time: 0.363, data_time: 0.000, memory: 3356, top1_acc: 0.8225, top5_acc: 0.9678, loss_cls: 0.5914, loss: 0.5914
2026-08-14 17:57:25,308 - pyskl - INFO - Epoch [3][4500/6265]	lr: 2.326e-02, eta: 8:22:47, time: 0.363, data_time: 0.000, memory: 3356, top1_acc: 0.8228, top5_acc: 0.9684, loss_cls: 0.5823, loss: 0.5823
2026-08-14 17:58:01,709 - pyskl - INFO - Epoch [3][4600/6265]	lr: 2.324e-02, eta: 8:22:12, time: 0.364, data_time: 0.000, memory: 3356, top1_acc: 0.8228, top5_acc: 0.9691, loss_cls: 0.5545, loss: 0.5545
2026-08-14 17:58:38,071 - pyskl - INFO - Epoch [3][4700/6265]	lr: 2.322e-02, eta: 8:21:36, time: 0.364, data_time: 0.000, memory: 3356, top1_acc: 0.8322, top5_acc: 0.9719, loss_cls: 0.5421, loss: 0.5421
2026-08-14 17:59:14,431 - pyskl - INFO - Epoch [3][4800/6265]	lr: 2.320e-02, eta: 8:21:00, time: 0.364, data_time: 0.000, memory: 3356, top1_acc: 0.8341, top5_acc: 0.9697, loss_cls: 0.5586, loss: 0.5586
2026-08-14 17:59:50,767 - pyskl - INFO - Epoch [3][4900/6265]	lr: 2.318e-02, eta: 8:20:24, time: 0.363, data_time: 0.000, memory: 3356, top1_acc: 0.8375, top5_acc: 0.9781, loss_cls: 0.5256, loss: 0.5256
2026-08-14 18:00:27,139 - pyskl - INFO - Epoch [3][5000/6265]	lr: 2.316e-02, eta: 8:19:49, time: 0.364, data_time: 0.000, memory: 3356, top1_acc: 0.8244, top5_acc: 0.9722, loss_cls: 0.5797, loss: 0.5797
2026-08-14 18:01:03,475 - pyskl - INFO - Epoch [3][5100/6265]	lr: 2.314e-02, eta: 8:19:13, time: 0.363, data_time: 0.000, memory: 3356, top1_acc: 0.8147, top5_acc: 0.9744, loss_cls: 0.5865, loss: 0.5865
2026-08-14 18:01:39,811 - pyskl - INFO - Epoch [3][5200/6265]	lr: 2.312e-02, eta: 8:18:37, time: 0.363, data_time: 0.000, memory: 3356, top1_acc: 0.8444, top5_acc: 0.9747, loss_cls: 0.5060, loss: 0.5060
2026-08-14 18:02:16,141 - pyskl - INFO - Epoch [3][5300/6265]	lr: 2.310e-02, eta: 8:18:01, time: 0.363, data_time: 0.000, memory: 3356, top1_acc: 0.8363, top5_acc: 0.9781, loss_cls: 0.5171, loss: 0.5171
2026-08-14 18:02:52,461 - pyskl - INFO - Epoch [3][5400/6265]	lr: 2.308e-02, eta: 8:17:25, time: 0.363, data_time: 0.000, memory: 3356, top1_acc: 0.8325, top5_acc: 0.9741, loss_cls: 0.5504, loss: 0.5504
2026-08-14 18:03:28,777 - pyskl - INFO - Epoch [3][5500/6265]	lr: 2.306e-02, eta: 8:16:49, time: 0.363, data_time: 0.000, memory: 3356, top1_acc: 0.8378, top5_acc: 0.9778, loss_cls: 0.5366, loss: 0.5366
2026-08-14 18:04:05,115 - pyskl - INFO - Epoch [3][5600/6265]	lr: 2.304e-02, eta: 8:16:13, time: 0.363, data_time: 0.000, memory: 3356, top1_acc: 0.8256, top5_acc: 0.9725, loss_cls: 0.5823, loss: 0.5823
2026-08-14 18:04:41,396 - pyskl - INFO - Epoch [3][5700/6265]	lr: 2.301e-02, eta: 8:15:37, time: 0.363, data_time: 0.000, memory: 3356, top1_acc: 0.8275, top5_acc: 0.9734, loss_cls: 0.5502, loss: 0.5502
2026-08-14 18:05:17,691 - pyskl - INFO - Epoch [3][5800/6265]	lr: 2.299e-02, eta: 8:15:01, time: 0.363, data_time: 0.000, memory: 3356, top1_acc: 0.8316, top5_acc: 0.9741, loss_cls: 0.5554, loss: 0.5554
2026-08-14 18:05:53,963 - pyskl - INFO - Epoch [3][5900/6265]	lr: 2.297e-02, eta: 8:14:25, time: 0.363, data_time: 0.000, memory: 3356, top1_acc: 0.8291, top5_acc: 0.9722, loss_cls: 0.5566, loss: 0.5566
2026-08-14 18:06:30,223 - pyskl - INFO - Epoch [3][6000/6265]	lr: 2.295e-02, eta: 8:13:48, time: 0.363, data_time: 0.000, memory: 3356, top1_acc: 0.8347, top5_acc: 0.9831, loss_cls: 0.5084, loss: 0.5084
2026-08-14 18:07:06,493 - pyskl - INFO - Epoch [3][6100/6265]	lr: 2.293e-02, eta: 8:13:12, time: 0.363, data_time: 0.000, memory: 3356, top1_acc: 0.8337, top5_acc: 0.9738, loss_cls: 0.5305, loss: 0.5305
2026-08-14 18:07:42,788 - pyskl - INFO - Epoch [3][6200/6265]	lr: 2.291e-02, eta: 8:12:36, time: 0.363, data_time: 0.000, memory: 3356, top1_acc: 0.8269, top5_acc: 0.9731, loss_cls: 0.5673, loss: 0.5673
2026-08-14 18:08:06,400 - pyskl - INFO - Saving checkpoint at 3 epochs
2026-08-14 18:09:07,003 - pyskl - INFO - Evaluating top_k_accuracy ...
2026-08-14 18:09:07,049 - pyskl - INFO - 
top1_acc	0.7703
top5_acc	0.9500
2026-08-14 18:09:07,052 - pyskl - INFO - The previous best checkpoint D:\YxjProject\pythonProject\pyskl\work_dirs\stgcn\stgcn_pyskl_ntu60_xsub_3dkp\j_single_gpu_seed3407\best_top1_acc_epoch_2.pth was removed
2026-08-14 18:09:07,141 - pyskl - INFO - Now best checkpoint is saved as best_top1_acc_epoch_3.pth.
2026-08-14 18:09:07,141 - pyskl - INFO - Best top1_acc is 0.7703 at 3 epoch.
2026-08-14 18:09:07,143 - pyskl - INFO - Epoch(val) [3][516]	top1_acc: 0.7703, top5_acc: 0.9500
2026-08-14 18:09:52,229 - pyskl - INFO - Epoch [4][100/6265]	lr: 2.287e-02, eta: 8:10:33, time: 0.451, data_time: 0.091, memory: 3356, top1_acc: 0.8284, top5_acc: 0.9738, loss_cls: 0.5342, loss: 0.5342
2026-08-14 18:10:28,479 - pyskl - INFO - Epoch [4][200/6265]	lr: 2.285e-02, eta: 8:09:57, time: 0.362, data_time: 0.000, memory: 3356, top1_acc: 0.8456, top5_acc: 0.9738, loss_cls: 0.5042, loss: 0.5042
2026-08-14 18:11:04,768 - pyskl - INFO - Epoch [4][300/6265]	lr: 2.283e-02, eta: 8:09:21, time: 0.363, data_time: 0.000, memory: 3356, top1_acc: 0.8344, top5_acc: 0.9781, loss_cls: 0.5313, loss: 0.5313
2026-08-14 18:11:41,112 - pyskl - INFO - Epoch [4][400/6265]	lr: 2.281e-02, eta: 8:08:46, time: 0.363, data_time: 0.000, memory: 3356, top1_acc: 0.8381, top5_acc: 0.9722, loss_cls: 0.5181, loss: 0.5181
2026-08-14 18:12:17,454 - pyskl - INFO - Epoch [4][500/6265]	lr: 2.278e-02, eta: 8:08:10, time: 0.363, data_time: 0.000, memory: 3356, top1_acc: 0.8372, top5_acc: 0.9759, loss_cls: 0.5335, loss: 0.5335
2026-08-14 18:12:53,830 - pyskl - INFO - Epoch [4][600/6265]	lr: 2.276e-02, eta: 8:07:35, time: 0.364, data_time: 0.000, memory: 3356, top1_acc: 0.8375, top5_acc: 0.9738, loss_cls: 0.5360, loss: 0.5360
2026-08-14 18:13:30,204 - pyskl - INFO - Epoch [4][700/6265]	lr: 2.274e-02, eta: 8:06:59, time: 0.364, data_time: 0.000, memory: 3356, top1_acc: 0.8331, top5_acc: 0.9725, loss_cls: 0.5424, loss: 0.5424
2026-08-14 18:14:06,552 - pyskl - INFO - Epoch [4][800/6265]	lr: 2.272e-02, eta: 8:06:24, time: 0.363, data_time: 0.000, memory: 3356, top1_acc: 0.8337, top5_acc: 0.9734, loss_cls: 0.5331, loss: 0.5331
2026-08-14 18:14:42,900 - pyskl - INFO - Epoch [4][900/6265]	lr: 2.269e-02, eta: 8:05:48, time: 0.363, data_time: 0.000, memory: 3356, top1_acc: 0.8419, top5_acc: 0.9806, loss_cls: 0.4987, loss: 0.4987
2026-08-14 18:15:19,175 - pyskl - INFO - Epoch [4][1000/6265]	lr: 2.267e-02, eta: 8:05:12, time: 0.363, data_time: 0.000, memory: 3356, top1_acc: 0.8413, top5_acc: 0.9806, loss_cls: 0.5044, loss: 0.5044
2026-08-14 18:15:55,488 - pyskl - INFO - Epoch [4][1100/6265]	lr: 2.265e-02, eta: 8:04:37, time: 0.363, data_time: 0.000, memory: 3356, top1_acc: 0.8347, top5_acc: 0.9728, loss_cls: 0.5397, loss: 0.5397
2026-08-14 18:16:31,767 - pyskl - INFO - Epoch [4][1200/6265]	lr: 2.263e-02, eta: 8:04:01, time: 0.363, data_time: 0.000, memory: 3356, top1_acc: 0.8394, top5_acc: 0.9728, loss_cls: 0.5232, loss: 0.5232
2026-08-14 18:17:08,097 - pyskl - INFO - Epoch [4][1300/6265]	lr: 2.260e-02, eta: 8:03:25, time: 0.363, data_time: 0.000, memory: 3356, top1_acc: 0.8384, top5_acc: 0.9738, loss_cls: 0.5252, loss: 0.5252
2026-08-14 18:17:44,433 - pyskl - INFO - Epoch [4][1400/6265]	lr: 2.258e-02, eta: 8:02:49, time: 0.363, data_time: 0.000, memory: 3356, top1_acc: 0.8466, top5_acc: 0.9709, loss_cls: 0.5246, loss: 0.5246
2026-08-14 18:18:20,740 - pyskl - INFO - Epoch [4][1500/6265]	lr: 2.256e-02, eta: 8:02:14, time: 0.363, data_time: 0.000, memory: 3356, top1_acc: 0.8256, top5_acc: 0.9731, loss_cls: 0.5448, loss: 0.5448
2026-08-14 18:18:56,985 - pyskl - INFO - Epoch [4][1600/6265]	lr: 2.253e-02, eta: 8:01:38, time: 0.362, data_time: 0.000, memory: 3356, top1_acc: 0.8438, top5_acc: 0.9762, loss_cls: 0.5171, loss: 0.5171
2026-08-14 18:19:33,319 - pyskl - INFO - Epoch [4][1700/6265]	lr: 2.251e-02, eta: 8:01:02, time: 0.363, data_time: 0.000, memory: 3356, top1_acc: 0.8506, top5_acc: 0.9706, loss_cls: 0.5137, loss: 0.5137
2026-08-14 18:20:09,606 - pyskl - INFO - Epoch [4][1800/6265]	lr: 2.249e-02, eta: 8:00:26, time: 0.363, data_time: 0.000, memory: 3356, top1_acc: 0.8394, top5_acc: 0.9794, loss_cls: 0.5048, loss: 0.5048
2026-08-14 18:20:45,903 - pyskl - INFO - Epoch [4][1900/6265]	lr: 2.246e-02, eta: 7:59:50, time: 0.363, data_time: 0.000, memory: 3356, top1_acc: 0.8413, top5_acc: 0.9716, loss_cls: 0.5228, loss: 0.5228
2026-08-14 18:21:22,205 - pyskl - INFO - Epoch [4][2000/6265]	lr: 2.244e-02, eta: 7:59:15, time: 0.363, data_time: 0.000, memory: 3356, top1_acc: 0.8478, top5_acc: 0.9794, loss_cls: 0.4854, loss: 0.4854
2026-08-14 18:21:58,461 - pyskl - INFO - Epoch [4][2100/6265]	lr: 2.241e-02, eta: 7:58:39, time: 0.363, data_time: 0.000, memory: 3356, top1_acc: 0.8400, top5_acc: 0.9781, loss_cls: 0.5002, loss: 0.5002
2026-08-14 18:22:34,717 - pyskl - INFO - Epoch [4][2200/6265]	lr: 2.239e-02, eta: 7:58:03, time: 0.363, data_time: 0.000, memory: 3356, top1_acc: 0.8347, top5_acc: 0.9750, loss_cls: 0.5231, loss: 0.5231
2026-08-14 18:23:10,988 - pyskl - INFO - Epoch [4][2300/6265]	lr: 2.237e-02, eta: 7:57:27, time: 0.363, data_time: 0.000, memory: 3356, top1_acc: 0.8466, top5_acc: 0.9788, loss_cls: 0.4904, loss: 0.4904
2026-08-14 18:23:47,282 - pyskl - INFO - Epoch [4][2400/6265]	lr: 2.234e-02, eta: 7:56:51, time: 0.363, data_time: 0.000, memory: 3356, top1_acc: 0.8359, top5_acc: 0.9709, loss_cls: 0.5336, loss: 0.5336
2026-08-14 18:24:23,557 - pyskl - INFO - Epoch [4][2500/6265]	lr: 2.232e-02, eta: 7:56:15, time: 0.363, data_time: 0.000, memory: 3356, top1_acc: 0.8534, top5_acc: 0.9797, loss_cls: 0.4824, loss: 0.4824
2026-08-14 18:24:59,884 - pyskl - INFO - Epoch [4][2600/6265]	lr: 2.229e-02, eta: 7:55:39, time: 0.363, data_time: 0.000, memory: 3356, top1_acc: 0.8391, top5_acc: 0.9756, loss_cls: 0.5386, loss: 0.5386
2026-08-14 18:25:36,241 - pyskl - INFO - Epoch [4][2700/6265]	lr: 2.227e-02, eta: 7:55:04, time: 0.364, data_time: 0.000, memory: 3356, top1_acc: 0.8419, top5_acc: 0.9762, loss_cls: 0.5236, loss: 0.5236
2026-08-14 18:26:12,536 - pyskl - INFO - Epoch [4][2800/6265]	lr: 2.224e-02, eta: 7:54:28, time: 0.363, data_time: 0.000, memory: 3356, top1_acc: 0.8300, top5_acc: 0.9788, loss_cls: 0.5285, loss: 0.5285
2026-08-14 18:26:48,874 - pyskl - INFO - Epoch [4][2900/6265]	lr: 2.222e-02, eta: 7:53:52, time: 0.363, data_time: 0.000, memory: 3356, top1_acc: 0.8363, top5_acc: 0.9753, loss_cls: 0.5170, loss: 0.5170
2026-08-14 18:27:25,185 - pyskl - INFO - Epoch [4][3000/6265]	lr: 2.220e-02, eta: 7:53:16, time: 0.363, data_time: 0.000, memory: 3356, top1_acc: 0.8441, top5_acc: 0.9750, loss_cls: 0.5073, loss: 0.5073
2026-08-14 18:28:01,537 - pyskl - INFO - Epoch [4][3100/6265]	lr: 2.217e-02, eta: 7:52:41, time: 0.364, data_time: 0.000, memory: 3356, top1_acc: 0.8434, top5_acc: 0.9747, loss_cls: 0.5040, loss: 0.5040
2026-08-14 18:28:37,901 - pyskl - INFO - Epoch [4][3200/6265]	lr: 2.215e-02, eta: 7:52:05, time: 0.364, data_time: 0.000, memory: 3356, top1_acc: 0.8550, top5_acc: 0.9797, loss_cls: 0.4667, loss: 0.4667
2026-08-14 18:29:14,245 - pyskl - INFO - Epoch [4][3300/6265]	lr: 2.212e-02, eta: 7:51:29, time: 0.363, data_time: 0.000, memory: 3356, top1_acc: 0.8469, top5_acc: 0.9750, loss_cls: 0.4889, loss: 0.4889
2026-08-14 18:29:50,617 - pyskl - INFO - Epoch [4][3400/6265]	lr: 2.210e-02, eta: 7:50:54, time: 0.364, data_time: 0.000, memory: 3356, top1_acc: 0.8459, top5_acc: 0.9778, loss_cls: 0.5006, loss: 0.5006
2026-08-14 18:30:26,975 - pyskl - INFO - Epoch [4][3500/6265]	lr: 2.207e-02, eta: 7:50:18, time: 0.364, data_time: 0.000, memory: 3356, top1_acc: 0.8528, top5_acc: 0.9769, loss_cls: 0.4829, loss: 0.4829
2026-08-14 18:31:03,328 - pyskl - INFO - Epoch [4][3600/6265]	lr: 2.205e-02, eta: 7:49:43, time: 0.364, data_time: 0.000, memory: 3356, top1_acc: 0.8400, top5_acc: 0.9750, loss_cls: 0.5073, loss: 0.5073
2026-08-14 18:31:39,749 - pyskl - INFO - Epoch [4][3700/6265]	lr: 2.202e-02, eta: 7:49:07, time: 0.364, data_time: 0.000, memory: 3356, top1_acc: 0.8391, top5_acc: 0.9756, loss_cls: 0.5071, loss: 0.5071
2026-08-14 18:32:16,042 - pyskl - INFO - Epoch [4][3800/6265]	lr: 2.199e-02, eta: 7:48:31, time: 0.363, data_time: 0.000, memory: 3356, top1_acc: 0.8516, top5_acc: 0.9741, loss_cls: 0.5115, loss: 0.5115
2026-08-14 18:32:52,351 - pyskl - INFO - Epoch [4][3900/6265]	lr: 2.197e-02, eta: 7:47:55, time: 0.363, data_time: 0.000, memory: 3356, top1_acc: 0.8456, top5_acc: 0.9766, loss_cls: 0.5130, loss: 0.5130
2026-08-14 18:33:28,646 - pyskl - INFO - Epoch [4][4000/6265]	lr: 2.194e-02, eta: 7:47:19, time: 0.363, data_time: 0.000, memory: 3356, top1_acc: 0.8431, top5_acc: 0.9750, loss_cls: 0.5175, loss: 0.5175
2026-08-14 18:34:04,946 - pyskl - INFO - Epoch [4][4100/6265]	lr: 2.192e-02, eta: 7:46:43, time: 0.363, data_time: 0.000, memory: 3356, top1_acc: 0.8381, top5_acc: 0.9712, loss_cls: 0.5401, loss: 0.5401
2026-08-14 18:34:41,431 - pyskl - INFO - Epoch [4][4200/6265]	lr: 2.189e-02, eta: 7:46:08, time: 0.365, data_time: 0.000, memory: 3356, top1_acc: 0.8478, top5_acc: 0.9841, loss_cls: 0.4786, loss: 0.4786
2026-08-14 18:35:17,734 - pyskl - INFO - Epoch [4][4300/6265]	lr: 2.187e-02, eta: 7:45:32, time: 0.363, data_time: 0.000, memory: 3356, top1_acc: 0.8556, top5_acc: 0.9753, loss_cls: 0.4617, loss: 0.4617
2026-08-14 18:35:54,030 - pyskl - INFO - Epoch [4][4400/6265]	lr: 2.184e-02, eta: 7:44:56, time: 0.363, data_time: 0.000, memory: 3356, top1_acc: 0.8609, top5_acc: 0.9822, loss_cls: 0.4660, loss: 0.4660
2026-08-14 18:36:30,345 - pyskl - INFO - Epoch [4][4500/6265]	lr: 2.181e-02, eta: 7:44:21, time: 0.363, data_time: 0.000, memory: 3356, top1_acc: 0.8516, top5_acc: 0.9756, loss_cls: 0.4896, loss: 0.4896
2026-08-14 18:37:06,636 - pyskl - INFO - Epoch [4][4600/6265]	lr: 2.179e-02, eta: 7:43:45, time: 0.363, data_time: 0.000, memory: 3356, top1_acc: 0.8409, top5_acc: 0.9775, loss_cls: 0.5076, loss: 0.5076
2026-08-14 18:37:42,932 - pyskl - INFO - Epoch [4][4700/6265]	lr: 2.176e-02, eta: 7:43:09, time: 0.363, data_time: 0.000, memory: 3356, top1_acc: 0.8422, top5_acc: 0.9759, loss_cls: 0.5089, loss: 0.5089
2026-08-14 18:38:19,206 - pyskl - INFO - Epoch [4][4800/6265]	lr: 2.174e-02, eta: 7:42:33, time: 0.363, data_time: 0.000, memory: 3356, top1_acc: 0.8538, top5_acc: 0.9788, loss_cls: 0.4818, loss: 0.4818
2026-08-14 18:38:55,489 - pyskl - INFO - Epoch [4][4900/6265]	lr: 2.171e-02, eta: 7:41:57, time: 0.363, data_time: 0.000, memory: 3356, top1_acc: 0.8512, top5_acc: 0.9788, loss_cls: 0.4777, loss: 0.4777
2026-08-14 18:39:31,834 - pyskl - INFO - Epoch [4][5000/6265]	lr: 2.168e-02, eta: 7:41:21, time: 0.363, data_time: 0.000, memory: 3356, top1_acc: 0.8416, top5_acc: 0.9725, loss_cls: 0.5193, loss: 0.5193
2026-08-14 18:40:08,160 - pyskl - INFO - Epoch [4][5100/6265]	lr: 2.166e-02, eta: 7:40:45, time: 0.363, data_time: 0.000, memory: 3356, top1_acc: 0.8525, top5_acc: 0.9759, loss_cls: 0.4809, loss: 0.4809
2026-08-14 18:40:44,467 - pyskl - INFO - Epoch [4][5200/6265]	lr: 2.163e-02, eta: 7:40:09, time: 0.363, data_time: 0.000, memory: 3356, top1_acc: 0.8550, top5_acc: 0.9759, loss_cls: 0.4769, loss: 0.4769
2026-08-14 18:41:20,780 - pyskl - INFO - Epoch [4][5300/6265]	lr: 2.160e-02, eta: 7:39:33, time: 0.363, data_time: 0.000, memory: 3356, top1_acc: 0.8478, top5_acc: 0.9744, loss_cls: 0.4801, loss: 0.4801
2026-08-14 18:41:57,106 - pyskl - INFO - Epoch [4][5400/6265]	lr: 2.158e-02, eta: 7:38:57, time: 0.363, data_time: 0.000, memory: 3356, top1_acc: 0.8541, top5_acc: 0.9759, loss_cls: 0.4809, loss: 0.4809
2026-08-14 18:42:33,425 - pyskl - INFO - Epoch [4][5500/6265]	lr: 2.155e-02, eta: 7:38:22, time: 0.363, data_time: 0.000, memory: 3356, top1_acc: 0.8413, top5_acc: 0.9819, loss_cls: 0.4983, loss: 0.4983
2026-08-14 18:43:09,752 - pyskl - INFO - Epoch [4][5600/6265]	lr: 2.152e-02, eta: 7:37:46, time: 0.363, data_time: 0.000, memory: 3356, top1_acc: 0.8466, top5_acc: 0.9753, loss_cls: 0.5057, loss: 0.5057
2026-08-14 18:43:46,063 - pyskl - INFO - Epoch [4][5700/6265]	lr: 2.149e-02, eta: 7:37:10, time: 0.363, data_time: 0.000, memory: 3356, top1_acc: 0.8478, top5_acc: 0.9794, loss_cls: 0.4780, loss: 0.4780
2026-08-14 18:44:22,335 - pyskl - INFO - Epoch [4][5800/6265]	lr: 2.147e-02, eta: 7:36:34, time: 0.363, data_time: 0.000, memory: 3356, top1_acc: 0.8488, top5_acc: 0.9794, loss_cls: 0.4768, loss: 0.4768
2026-08-14 18:44:58,646 - pyskl - INFO - Epoch [4][5900/6265]	lr: 2.144e-02, eta: 7:35:58, time: 0.363, data_time: 0.000, memory: 3356, top1_acc: 0.8550, top5_acc: 0.9788, loss_cls: 0.4686, loss: 0.4686
2026-08-14 18:45:34,897 - pyskl - INFO - Epoch [4][6000/6265]	lr: 2.141e-02, eta: 7:35:22, time: 0.363, data_time: 0.000, memory: 3356, top1_acc: 0.8516, top5_acc: 0.9788, loss_cls: 0.4805, loss: 0.4805
2026-08-14 18:46:11,194 - pyskl - INFO - Epoch [4][6100/6265]	lr: 2.138e-02, eta: 7:34:46, time: 0.363, data_time: 0.000, memory: 3356, top1_acc: 0.8425, top5_acc: 0.9738, loss_cls: 0.5128, loss: 0.5128
2026-08-14 18:46:47,486 - pyskl - INFO - Epoch [4][6200/6265]	lr: 2.136e-02, eta: 7:34:10, time: 0.363, data_time: 0.000, memory: 3356, top1_acc: 0.8572, top5_acc: 0.9812, loss_cls: 0.4663, loss: 0.4663
2026-08-14 18:47:11,109 - pyskl - INFO - Saving checkpoint at 4 epochs
2026-08-14 18:48:11,765 - pyskl - INFO - Evaluating top_k_accuracy ...
2026-08-14 18:48:11,812 - pyskl - INFO - 
top1_acc	0.7929
top5_acc	0.9514
2026-08-14 18:48:11,814 - pyskl - INFO - The previous best checkpoint D:\YxjProject\pythonProject\pyskl\work_dirs\stgcn\stgcn_pyskl_ntu60_xsub_3dkp\j_single_gpu_seed3407\best_top1_acc_epoch_3.pth was removed
2026-08-14 18:48:11,895 - pyskl - INFO - Now best checkpoint is saved as best_top1_acc_epoch_4.pth.
2026-08-14 18:48:11,895 - pyskl - INFO - Best top1_acc is 0.7929 at 4 epoch.
2026-08-14 18:48:11,896 - pyskl - INFO - Epoch(val) [4][516]	top1_acc: 0.7929, top5_acc: 0.9514
2026-08-14 18:48:56,869 - pyskl - INFO - Epoch [5][100/6265]	lr: 2.131e-02, eta: 7:32:26, time: 0.450, data_time: 0.090, memory: 3356, top1_acc: 0.8644, top5_acc: 0.9794, loss_cls: 0.4477, loss: 0.4477
2026-08-14 18:49:33,019 - pyskl - INFO - Epoch [5][200/6265]	lr: 2.128e-02, eta: 7:31:50, time: 0.361, data_time: 0.000, memory: 3356, top1_acc: 0.8716, top5_acc: 0.9791, loss_cls: 0.4337, loss: 0.4337
2026-08-14 18:50:09,241 - pyskl - INFO - Epoch [5][300/6265]	lr: 2.126e-02, eta: 7:31:14, time: 0.362, data_time: 0.000, memory: 3356, top1_acc: 0.8678, top5_acc: 0.9781, loss_cls: 0.4290, loss: 0.4290
2026-08-14 18:50:45,446 - pyskl - INFO - Epoch [5][400/6265]	lr: 2.123e-02, eta: 7:30:38, time: 0.362, data_time: 0.000, memory: 3356, top1_acc: 0.8528, top5_acc: 0.9778, loss_cls: 0.4794, loss: 0.4794
2026-08-14 18:51:21,657 - pyskl - INFO - Epoch [5][500/6265]	lr: 2.120e-02, eta: 7:30:02, time: 0.362, data_time: 0.000, memory: 3356, top1_acc: 0.8422, top5_acc: 0.9784, loss_cls: 0.4883, loss: 0.4883
2026-08-14 18:51:57,886 - pyskl - INFO - Epoch [5][600/6265]	lr: 2.117e-02, eta: 7:29:26, time: 0.362, data_time: 0.000, memory: 3356, top1_acc: 0.8553, top5_acc: 0.9788, loss_cls: 0.4661, loss: 0.4661
2026-08-14 18:52:34,129 - pyskl - INFO - Epoch [5][700/6265]	lr: 2.114e-02, eta: 7:28:50, time: 0.362, data_time: 0.000, memory: 3356, top1_acc: 0.8575, top5_acc: 0.9819, loss_cls: 0.4622, loss: 0.4622
2026-08-14 18:53:10,368 - pyskl - INFO - Epoch [5][800/6265]	lr: 2.111e-02, eta: 7:28:14, time: 0.362, data_time: 0.000, memory: 3356, top1_acc: 0.8566, top5_acc: 0.9769, loss_cls: 0.4579, loss: 0.4579
2026-08-14 18:53:46,647 - pyskl - INFO - Epoch [5][900/6265]	lr: 2.109e-02, eta: 7:27:38, time: 0.363, data_time: 0.000, memory: 3356, top1_acc: 0.8719, top5_acc: 0.9803, loss_cls: 0.4294, loss: 0.4294
2026-08-14 18:54:22,853 - pyskl - INFO - Epoch [5][1000/6265]	lr: 2.106e-02, eta: 7:27:02, time: 0.362, data_time: 0.000, memory: 3356, top1_acc: 0.8588, top5_acc: 0.9819, loss_cls: 0.4612, loss: 0.4612
2026-08-14 18:54:59,088 - pyskl - INFO - Epoch [5][1100/6265]	lr: 2.103e-02, eta: 7:26:26, time: 0.362, data_time: 0.000, memory: 3356, top1_acc: 0.8625, top5_acc: 0.9816, loss_cls: 0.4364, loss: 0.4364
2026-08-14 18:55:35,296 - pyskl - INFO - Epoch [5][1200/6265]	lr: 2.100e-02, eta: 7:25:50, time: 0.362, data_time: 0.000, memory: 3356, top1_acc: 0.8553, top5_acc: 0.9806, loss_cls: 0.4615, loss: 0.4615
2026-08-14 18:56:11,515 - pyskl - INFO - Epoch [5][1300/6265]	lr: 2.097e-02, eta: 7:25:14, time: 0.362, data_time: 0.000, memory: 3356, top1_acc: 0.8647, top5_acc: 0.9766, loss_cls: 0.4564, loss: 0.4564
2026-08-14 18:56:47,694 - pyskl - INFO - Epoch [5][1400/6265]	lr: 2.094e-02, eta: 7:24:38, time: 0.362, data_time: 0.000, memory: 3356, top1_acc: 0.8716, top5_acc: 0.9800, loss_cls: 0.4227, loss: 0.4227
2026-08-14 18:57:23,887 - pyskl - INFO - Epoch [5][1500/6265]	lr: 2.091e-02, eta: 7:24:02, time: 0.362, data_time: 0.000, memory: 3356, top1_acc: 0.8566, top5_acc: 0.9816, loss_cls: 0.4671, loss: 0.4671
2026-08-14 18:58:00,108 - pyskl - INFO - Epoch [5][1600/6265]	lr: 2.088e-02, eta: 7:23:26, time: 0.362, data_time: 0.000, memory: 3356, top1_acc: 0.8706, top5_acc: 0.9809, loss_cls: 0.4382, loss: 0.4382
2026-08-14 18:58:36,274 - pyskl - INFO - Epoch [5][1700/6265]	lr: 2.086e-02, eta: 7:22:50, time: 0.362, data_time: 0.000, memory: 3356, top1_acc: 0.8656, top5_acc: 0.9819, loss_cls: 0.4227, loss: 0.4227
2026-08-14 18:59:12,480 - pyskl - INFO - Epoch [5][1800/6265]	lr: 2.083e-02, eta: 7:22:14, time: 0.362, data_time: 0.000, memory: 3356, top1_acc: 0.8712, top5_acc: 0.9831, loss_cls: 0.4253, loss: 0.4253
2026-08-14 18:59:48,676 - pyskl - INFO - Epoch [5][1900/6265]	lr: 2.080e-02, eta: 7:21:38, time: 0.362, data_time: 0.000, memory: 3356, top1_acc: 0.8691, top5_acc: 0.9847, loss_cls: 0.4222, loss: 0.4222
2026-08-14 19:00:24,929 - pyskl - INFO - Epoch [5][2000/6265]	lr: 2.077e-02, eta: 7:21:02, time: 0.363, data_time: 0.000, memory: 3356, top1_acc: 0.8641, top5_acc: 0.9828, loss_cls: 0.4384, loss: 0.4384
2026-08-14 19:01:01,136 - pyskl - INFO - Epoch [5][2100/6265]	lr: 2.074e-02, eta: 7:20:26, time: 0.362, data_time: 0.000, memory: 3356, top1_acc: 0.8750, top5_acc: 0.9838, loss_cls: 0.4205, loss: 0.4205
2026-08-14 19:01:37,357 - pyskl - INFO - Epoch [5][2200/6265]	lr: 2.071e-02, eta: 7:19:50, time: 0.362, data_time: 0.000, memory: 3356, top1_acc: 0.8581, top5_acc: 0.9800, loss_cls: 0.4622, loss: 0.4622
2026-08-14 19:02:13,546 - pyskl - INFO - Epoch [5][2300/6265]	lr: 2.068e-02, eta: 7:19:14, time: 0.362, data_time: 0.000, memory: 3356, top1_acc: 0.8650, top5_acc: 0.9800, loss_cls: 0.4427, loss: 0.4427
2026-08-14 19:02:49,758 - pyskl - INFO - Epoch [5][2400/6265]	lr: 2.065e-02, eta: 7:18:38, time: 0.362, data_time: 0.000, memory: 3356, top1_acc: 0.8550, top5_acc: 0.9750, loss_cls: 0.4831, loss: 0.4831
2026-08-14 19:03:25,974 - pyskl - INFO - Epoch [5][2500/6265]	lr: 2.062e-02, eta: 7:18:02, time: 0.362, data_time: 0.000, memory: 3356, top1_acc: 0.8650, top5_acc: 0.9831, loss_cls: 0.4332, loss: 0.4332
2026-08-14 19:04:02,221 - pyskl - INFO - Epoch [5][2600/6265]	lr: 2.059e-02, eta: 7:17:26, time: 0.362, data_time: 0.000, memory: 3356, top1_acc: 0.8644, top5_acc: 0.9816, loss_cls: 0.4264, loss: 0.4264
2026-08-14 19:04:38,419 - pyskl - INFO - Epoch [5][2700/6265]	lr: 2.056e-02, eta: 7:16:50, time: 0.362, data_time: 0.000, memory: 3356, top1_acc: 0.8712, top5_acc: 0.9816, loss_cls: 0.4231, loss: 0.4231
2026-08-14 19:05:14,619 - pyskl - INFO - Epoch [5][2800/6265]	lr: 2.053e-02, eta: 7:16:14, time: 0.362, data_time: 0.000, memory: 3356, top1_acc: 0.8616, top5_acc: 0.9791, loss_cls: 0.4425, loss: 0.4425
2026-08-14 19:05:50,810 - pyskl - INFO - Epoch [5][2900/6265]	lr: 2.050e-02, eta: 7:15:37, time: 0.362, data_time: 0.000, memory: 3356, top1_acc: 0.8653, top5_acc: 0.9769, loss_cls: 0.4543, loss: 0.4543
2026-08-14 19:06:26,993 - pyskl - INFO - Epoch [5][3000/6265]	lr: 2.047e-02, eta: 7:15:01, time: 0.362, data_time: 0.000, memory: 3356, top1_acc: 0.8503, top5_acc: 0.9756, loss_cls: 0.4802, loss: 0.4802
2026-08-14 19:07:03,176 - pyskl - INFO - Epoch [5][3100/6265]	lr: 2.044e-02, eta: 7:14:25, time: 0.362, data_time: 0.000, memory: 3356, top1_acc: 0.8684, top5_acc: 0.9803, loss_cls: 0.4329, loss: 0.4329
2026-08-14 19:07:39,365 - pyskl - INFO - Epoch [5][3200/6265]	lr: 2.041e-02, eta: 7:13:49, time: 0.362, data_time: 0.000, memory: 3356, top1_acc: 0.8578, top5_acc: 0.9816, loss_cls: 0.4547, loss: 0.4547
2026-08-14 19:08:15,590 - pyskl - INFO - Epoch [5][3300/6265]	lr: 2.038e-02, eta: 7:13:13, time: 0.362, data_time: 0.000, memory: 3356, top1_acc: 0.8562, top5_acc: 0.9791, loss_cls: 0.4589, loss: 0.4589
2026-08-14 19:08:51,801 - pyskl - INFO - Epoch [5][3400/6265]	lr: 2.035e-02, eta: 7:12:37, time: 0.362, data_time: 0.000, memory: 3356, top1_acc: 0.8744, top5_acc: 0.9828, loss_cls: 0.4203, loss: 0.4203
2026-08-14 19:09:28,030 - pyskl - INFO - Epoch [5][3500/6265]	lr: 2.032e-02, eta: 7:12:01, time: 0.362, data_time: 0.000, memory: 3356, top1_acc: 0.8634, top5_acc: 0.9816, loss_cls: 0.4194, loss: 0.4194
2026-08-14 19:10:04,221 - pyskl - INFO - Epoch [5][3600/6265]	lr: 2.029e-02, eta: 7:11:25, time: 0.362, data_time: 0.000, memory: 3356, top1_acc: 0.8731, top5_acc: 0.9806, loss_cls: 0.4166, loss: 0.4166
2026-08-14 19:10:40,412 - pyskl - INFO - Epoch [5][3700/6265]	lr: 2.026e-02, eta: 7:10:49, time: 0.362, data_time: 0.000, memory: 3356, top1_acc: 0.8766, top5_acc: 0.9797, loss_cls: 0.4167, loss: 0.4167
2026-08-14 19:11:16,615 - pyskl - INFO - Epoch [5][3800/6265]	lr: 2.023e-02, eta: 7:10:13, time: 0.362, data_time: 0.000, memory: 3356, top1_acc: 0.8650, top5_acc: 0.9812, loss_cls: 0.4435, loss: 0.4435
2026-08-14 19:11:52,813 - pyskl - INFO - Epoch [5][3900/6265]	lr: 2.020e-02, eta: 7:09:37, time: 0.362, data_time: 0.000, memory: 3356, top1_acc: 0.8628, top5_acc: 0.9766, loss_cls: 0.4397, loss: 0.4397
2026-08-14 19:12:29,006 - pyskl - INFO - Epoch [5][4000/6265]	lr: 2.016e-02, eta: 7:09:01, time: 0.362, data_time: 0.000, memory: 3356, top1_acc: 0.8747, top5_acc: 0.9809, loss_cls: 0.4234, loss: 0.4234
2026-08-14 19:13:05,169 - pyskl - INFO - Epoch [5][4100/6265]	lr: 2.013e-02, eta: 7:08:25, time: 0.362, data_time: 0.000, memory: 3356, top1_acc: 0.8622, top5_acc: 0.9812, loss_cls: 0.4466, loss: 0.4466
2026-08-14 19:13:41,338 - pyskl - INFO - Epoch [5][4200/6265]	lr: 2.010e-02, eta: 7:07:48, time: 0.362, data_time: 0.000, memory: 3356, top1_acc: 0.8650, top5_acc: 0.9791, loss_cls: 0.4461, loss: 0.4461
2026-08-14 19:14:17,514 - pyskl - INFO - Epoch [5][4300/6265]	lr: 2.007e-02, eta: 7:07:12, time: 0.362, data_time: 0.000, memory: 3356, top1_acc: 0.8688, top5_acc: 0.9844, loss_cls: 0.4135, loss: 0.4135
2026-08-14 19:14:53,695 - pyskl - INFO - Epoch [5][4400/6265]	lr: 2.004e-02, eta: 7:06:36, time: 0.362, data_time: 0.000, memory: 3356, top1_acc: 0.8656, top5_acc: 0.9828, loss_cls: 0.4444, loss: 0.4444
2026-08-14 19:15:29,880 - pyskl - INFO - Epoch [5][4500/6265]	lr: 2.001e-02, eta: 7:06:00, time: 0.362, data_time: 0.000, memory: 3356, top1_acc: 0.8544, top5_acc: 0.9803, loss_cls: 0.4707, loss: 0.4707
2026-08-14 19:16:06,073 - pyskl - INFO - Epoch [5][4600/6265]	lr: 1.998e-02, eta: 7:05:24, time: 0.362, data_time: 0.000, memory: 3356, top1_acc: 0.8666, top5_acc: 0.9794, loss_cls: 0.4405, loss: 0.4405
2026-08-14 19:16:42,277 - pyskl - INFO - Epoch [5][4700/6265]	lr: 1.995e-02, eta: 7:04:48, time: 0.362, data_time: 0.000, memory: 3356, top1_acc: 0.8634, top5_acc: 0.9775, loss_cls: 0.4605, loss: 0.4605
2026-08-14 19:17:18,441 - pyskl - INFO - Epoch [5][4800/6265]	lr: 1.991e-02, eta: 7:04:12, time: 0.362, data_time: 0.000, memory: 3356, top1_acc: 0.8888, top5_acc: 0.9847, loss_cls: 0.3786, loss: 0.3786
2026-08-14 19:17:54,623 - pyskl - INFO - Epoch [5][4900/6265]	lr: 1.988e-02, eta: 7:03:36, time: 0.362, data_time: 0.000, memory: 3356, top1_acc: 0.8803, top5_acc: 0.9831, loss_cls: 0.3980, loss: 0.3980
2026-08-14 19:18:30,819 - pyskl - INFO - Epoch [5][5000/6265]	lr: 1.985e-02, eta: 7:02:59, time: 0.362, data_time: 0.000, memory: 3356, top1_acc: 0.8700, top5_acc: 0.9812, loss_cls: 0.4347, loss: 0.4347
2026-08-14 19:19:07,009 - pyskl - INFO - Epoch [5][5100/6265]	lr: 1.982e-02, eta: 7:02:23, time: 0.362, data_time: 0.000, memory: 3356, top1_acc: 0.8706, top5_acc: 0.9841, loss_cls: 0.4260, loss: 0.4260
2026-08-14 19:19:43,233 - pyskl - INFO - Epoch [5][5200/6265]	lr: 1.979e-02, eta: 7:01:47, time: 0.362, data_time: 0.000, memory: 3356, top1_acc: 0.8691, top5_acc: 0.9869, loss_cls: 0.4092, loss: 0.4092
2026-08-14 19:20:19,477 - pyskl - INFO - Epoch [5][5300/6265]	lr: 1.976e-02, eta: 7:01:11, time: 0.362, data_time: 0.000, memory: 3356, top1_acc: 0.8688, top5_acc: 0.9819, loss_cls: 0.4178, loss: 0.4178
2026-08-14 19:20:55,725 - pyskl - INFO - Epoch [5][5400/6265]	lr: 1.972e-02, eta: 7:00:35, time: 0.362, data_time: 0.000, memory: 3356, top1_acc: 0.8628, top5_acc: 0.9816, loss_cls: 0.4372, loss: 0.4372
2026-08-14 19:21:31,983 - pyskl - INFO - Epoch [5][5500/6265]	lr: 1.969e-02, eta: 6:59:59, time: 0.363, data_time: 0.000, memory: 3356, top1_acc: 0.8641, top5_acc: 0.9822, loss_cls: 0.4409, loss: 0.4409
2026-08-14 19:22:08,260 - pyskl - INFO - Epoch [5][5600/6265]	lr: 1.966e-02, eta: 6:59:23, time: 0.363, data_time: 0.000, memory: 3356, top1_acc: 0.8772, top5_acc: 0.9831, loss_cls: 0.4148, loss: 0.4148
2026-08-14 19:22:44,503 - pyskl - INFO - Epoch [5][5700/6265]	lr: 1.963e-02, eta: 6:58:48, time: 0.362, data_time: 0.000, memory: 3356, top1_acc: 0.8744, top5_acc: 0.9816, loss_cls: 0.4106, loss: 0.4106
2026-08-14 19:23:20,743 - pyskl - INFO - Epoch [5][5800/6265]	lr: 1.960e-02, eta: 6:58:12, time: 0.362, data_time: 0.000, memory: 3356, top1_acc: 0.8784, top5_acc: 0.9838, loss_cls: 0.4069, loss: 0.4069
2026-08-14 19:23:57,025 - pyskl - INFO - Epoch [5][5900/6265]	lr: 1.956e-02, eta: 6:57:36, time: 0.363, data_time: 0.000, memory: 3356, top1_acc: 0.8809, top5_acc: 0.9834, loss_cls: 0.3906, loss: 0.3906
2026-08-14 19:24:33,278 - pyskl - INFO - Epoch [5][6000/6265]	lr: 1.953e-02, eta: 6:57:00, time: 0.363, data_time: 0.000, memory: 3356, top1_acc: 0.8681, top5_acc: 0.9819, loss_cls: 0.4247, loss: 0.4247
2026-08-14 19:25:09,510 - pyskl - INFO - Epoch [5][6100/6265]	lr: 1.950e-02, eta: 6:56:24, time: 0.362, data_time: 0.000, memory: 3356, top1_acc: 0.8700, top5_acc: 0.9797, loss_cls: 0.4305, loss: 0.4305
2026-08-14 19:25:45,733 - pyskl - INFO - Epoch [5][6200/6265]	lr: 1.947e-02, eta: 6:55:48, time: 0.362, data_time: 0.000, memory: 3356, top1_acc: 0.8828, top5_acc: 0.9819, loss_cls: 0.3915, loss: 0.3915
2026-08-14 19:26:09,372 - pyskl - INFO - Saving checkpoint at 5 epochs
2026-08-14 19:27:10,048 - pyskl - INFO - Evaluating top_k_accuracy ...
2026-08-14 19:27:10,094 - pyskl - INFO - 
top1_acc	0.7954
top5_acc	0.9622
2026-08-14 19:27:10,096 - pyskl - INFO - The previous best checkpoint D:\YxjProject\pythonProject\pyskl\work_dirs\stgcn\stgcn_pyskl_ntu60_xsub_3dkp\j_single_gpu_seed3407\best_top1_acc_epoch_4.pth was removed
2026-08-14 19:27:10,177 - pyskl - INFO - Now best checkpoint is saved as best_top1_acc_epoch_5.pth.
2026-08-14 19:27:10,178 - pyskl - INFO - Best top1_acc is 0.7954 at 5 epoch.
2026-08-14 19:27:10,179 - pyskl - INFO - Epoch(val) [5][516]	top1_acc: 0.7954, top5_acc: 0.9622
2026-08-14 19:27:55,087 - pyskl - INFO - Epoch [6][100/6265]	lr: 1.941e-02, eta: 6:54:16, time: 0.449, data_time: 0.089, memory: 3356, top1_acc: 0.8859, top5_acc: 0.9850, loss_cls: 0.3881, loss: 0.3881
2026-08-14 19:28:31,278 - pyskl - INFO - Epoch [6][200/6265]	lr: 1.938e-02, eta: 6:53:40, time: 0.362, data_time: 0.000, memory: 3356, top1_acc: 0.8866, top5_acc: 0.9875, loss_cls: 0.3695, loss: 0.3695
2026-08-14 19:29:07,509 - pyskl - INFO - Epoch [6][300/6265]	lr: 1.935e-02, eta: 6:53:04, time: 0.362, data_time: 0.000, memory: 3356, top1_acc: 0.8881, top5_acc: 0.9850, loss_cls: 0.3754, loss: 0.3754
2026-08-14 19:29:43,751 - pyskl - INFO - Epoch [6][400/6265]	lr: 1.931e-02, eta: 6:52:28, time: 0.362, data_time: 0.000, memory: 3356, top1_acc: 0.8706, top5_acc: 0.9834, loss_cls: 0.4153, loss: 0.4153
2026-08-14 19:30:19,990 - pyskl - INFO - Epoch [6][500/6265]	lr: 1.928e-02, eta: 6:51:52, time: 0.362, data_time: 0.000, memory: 3356, top1_acc: 0.8809, top5_acc: 0.9853, loss_cls: 0.3994, loss: 0.3994
2026-08-14 19:30:56,249 - pyskl - INFO - Epoch [6][600/6265]	lr: 1.925e-02, eta: 6:51:16, time: 0.363, data_time: 0.000, memory: 3356, top1_acc: 0.8747, top5_acc: 0.9841, loss_cls: 0.4223, loss: 0.4223
2026-08-14 19:31:32,507 - pyskl - INFO - Epoch [6][700/6265]	lr: 1.922e-02, eta: 6:50:40, time: 0.363, data_time: 0.000, memory: 3356, top1_acc: 0.8862, top5_acc: 0.9853, loss_cls: 0.3748, loss: 0.3748
2026-08-14 19:32:08,764 - pyskl - INFO - Epoch [6][800/6265]	lr: 1.918e-02, eta: 6:50:04, time: 0.363, data_time: 0.000, memory: 3356, top1_acc: 0.8838, top5_acc: 0.9822, loss_cls: 0.3755, loss: 0.3755
2026-08-14 19:32:44,990 - pyskl - INFO - Epoch [6][900/6265]	lr: 1.915e-02, eta: 6:49:29, time: 0.362, data_time: 0.000, memory: 3356, top1_acc: 0.8869, top5_acc: 0.9862, loss_cls: 0.3729, loss: 0.3729
2026-08-14 19:33:21,208 - pyskl - INFO - Epoch [6][1000/6265]	lr: 1.912e-02, eta: 6:48:53, time: 0.362, data_time: 0.000, memory: 3356, top1_acc: 0.8728, top5_acc: 0.9828, loss_cls: 0.4147, loss: 0.4147
2026-08-14 19:33:57,399 - pyskl - INFO - Epoch [6][1100/6265]	lr: 1.908e-02, eta: 6:48:17, time: 0.362, data_time: 0.000, memory: 3356, top1_acc: 0.8784, top5_acc: 0.9847, loss_cls: 0.4021, loss: 0.4021
2026-08-14 19:34:33,585 - pyskl - INFO - Epoch [6][1200/6265]	lr: 1.905e-02, eta: 6:47:41, time: 0.362, data_time: 0.000, memory: 3356, top1_acc: 0.8747, top5_acc: 0.9834, loss_cls: 0.4028, loss: 0.4028
2026-08-14 19:35:09,763 - pyskl - INFO - Epoch [6][1300/6265]	lr: 1.902e-02, eta: 6:47:05, time: 0.362, data_time: 0.000, memory: 3356, top1_acc: 0.8872, top5_acc: 0.9853, loss_cls: 0.3705, loss: 0.3705
2026-08-14 19:35:45,947 - pyskl - INFO - Epoch [6][1400/6265]	lr: 1.898e-02, eta: 6:46:29, time: 0.362, data_time: 0.000, memory: 3356, top1_acc: 0.8725, top5_acc: 0.9834, loss_cls: 0.4160, loss: 0.4160
2026-08-14 19:36:22,100 - pyskl - INFO - Epoch [6][1500/6265]	lr: 1.895e-02, eta: 6:45:53, time: 0.362, data_time: 0.000, memory: 3356, top1_acc: 0.8666, top5_acc: 0.9800, loss_cls: 0.4329, loss: 0.4329
2026-08-14 19:36:58,293 - pyskl - INFO - Epoch [6][1600/6265]	lr: 1.892e-02, eta: 6:45:17, time: 0.362, data_time: 0.000, memory: 3356, top1_acc: 0.8684, top5_acc: 0.9806, loss_cls: 0.4300, loss: 0.4300
2026-08-14 19:37:34,470 - pyskl - INFO - Epoch [6][1700/6265]	lr: 1.888e-02, eta: 6:44:41, time: 0.362, data_time: 0.000, memory: 3356, top1_acc: 0.8794, top5_acc: 0.9844, loss_cls: 0.3968, loss: 0.3968
2026-08-14 19:38:10,635 - pyskl - INFO - Epoch [6][1800/6265]	lr: 1.885e-02, eta: 6:44:05, time: 0.362, data_time: 0.000, memory: 3356, top1_acc: 0.8822, top5_acc: 0.9819, loss_cls: 0.3924, loss: 0.3924
2026-08-14 19:38:46,800 - pyskl - INFO - Epoch [6][1900/6265]	lr: 1.881e-02, eta: 6:43:28, time: 0.362, data_time: 0.000, memory: 3356, top1_acc: 0.8756, top5_acc: 0.9828, loss_cls: 0.4003, loss: 0.4003
2026-08-14 19:39:22,989 - pyskl - INFO - Epoch [6][2000/6265]	lr: 1.878e-02, eta: 6:42:52, time: 0.362, data_time: 0.000, memory: 3356, top1_acc: 0.8869, top5_acc: 0.9856, loss_cls: 0.3673, loss: 0.3673
2026-08-14 19:39:59,201 - pyskl - INFO - Epoch [6][2100/6265]	lr: 1.875e-02, eta: 6:42:17, time: 0.362, data_time: 0.000, memory: 3356, top1_acc: 0.8931, top5_acc: 0.9819, loss_cls: 0.3645, loss: 0.3645
2026-08-14 19:40:35,407 - pyskl - INFO - Epoch [6][2200/6265]	lr: 1.871e-02, eta: 6:41:41, time: 0.362, data_time: 0.000, memory: 3356, top1_acc: 0.8900, top5_acc: 0.9866, loss_cls: 0.3646, loss: 0.3646
2026-08-14 19:41:11,604 - pyskl - INFO - Epoch [6][2300/6265]	lr: 1.868e-02, eta: 6:41:05, time: 0.362, data_time: 0.000, memory: 3356, top1_acc: 0.8794, top5_acc: 0.9866, loss_cls: 0.3935, loss: 0.3935
2026-08-14 19:41:47,832 - pyskl - INFO - Epoch [6][2400/6265]	lr: 1.864e-02, eta: 6:40:29, time: 0.362, data_time: 0.000, memory: 3356, top1_acc: 0.8778, top5_acc: 0.9816, loss_cls: 0.3954, loss: 0.3954
2026-08-14 19:42:24,045 - pyskl - INFO - Epoch [6][2500/6265]	lr: 1.861e-02, eta: 6:39:53, time: 0.362, data_time: 0.000, memory: 3356, top1_acc: 0.8659, top5_acc: 0.9812, loss_cls: 0.4189, loss: 0.4189
2026-08-14 19:43:00,262 - pyskl - INFO - Epoch [6][2600/6265]	lr: 1.858e-02, eta: 6:39:17, time: 0.362, data_time: 0.000, memory: 3356, top1_acc: 0.8891, top5_acc: 0.9847, loss_cls: 0.3780, loss: 0.3780
2026-08-14 19:43:36,442 - pyskl - INFO - Epoch [6][2700/6265]	lr: 1.854e-02, eta: 6:38:41, time: 0.362, data_time: 0.000, memory: 3356, top1_acc: 0.8822, top5_acc: 0.9841, loss_cls: 0.3864, loss: 0.3864
2026-08-14 19:44:12,599 - pyskl - INFO - Epoch [6][2800/6265]	lr: 1.851e-02, eta: 6:38:05, time: 0.362, data_time: 0.000, memory: 3356, top1_acc: 0.8900, top5_acc: 0.9841, loss_cls: 0.3592, loss: 0.3592
2026-08-14 19:44:48,764 - pyskl - INFO - Epoch [6][2900/6265]	lr: 1.847e-02, eta: 6:37:29, time: 0.362, data_time: 0.000, memory: 3356, top1_acc: 0.8788, top5_acc: 0.9816, loss_cls: 0.3914, loss: 0.3914
2026-08-14 19:45:24,949 - pyskl - INFO - Epoch [6][3000/6265]	lr: 1.844e-02, eta: 6:36:53, time: 0.362, data_time: 0.000, memory: 3356, top1_acc: 0.8831, top5_acc: 0.9847, loss_cls: 0.3875, loss: 0.3875
2026-08-14 19:46:01,119 - pyskl - INFO - Epoch [6][3100/6265]	lr: 1.840e-02, eta: 6:36:17, time: 0.362, data_time: 0.000, memory: 3356, top1_acc: 0.8912, top5_acc: 0.9862, loss_cls: 0.3627, loss: 0.3627
2026-08-14 19:46:37,305 - pyskl - INFO - Epoch [6][3200/6265]	lr: 1.837e-02, eta: 6:35:41, time: 0.362, data_time: 0.000, memory: 3356, top1_acc: 0.8816, top5_acc: 0.9809, loss_cls: 0.3923, loss: 0.3923
2026-08-14 19:47:13,479 - pyskl - INFO - Epoch [6][3300/6265]	lr: 1.833e-02, eta: 6:35:04, time: 0.362, data_time: 0.000, memory: 3356, top1_acc: 0.8816, top5_acc: 0.9850, loss_cls: 0.3827, loss: 0.3827
2026-08-14 19:47:49,653 - pyskl - INFO - Epoch [6][3400/6265]	lr: 1.830e-02, eta: 6:34:28, time: 0.362, data_time: 0.000, memory: 3356, top1_acc: 0.8847, top5_acc: 0.9831, loss_cls: 0.3769, loss: 0.3769
2026-08-14 19:48:25,823 - pyskl - INFO - Epoch [6][3500/6265]	lr: 1.827e-02, eta: 6:33:52, time: 0.362, data_time: 0.000, memory: 3356, top1_acc: 0.8766, top5_acc: 0.9869, loss_cls: 0.3884, loss: 0.3884
2026-08-14 19:49:01,996 - pyskl - INFO - Epoch [6][3600/6265]	lr: 1.823e-02, eta: 6:33:16, time: 0.362, data_time: 0.000, memory: 3356, top1_acc: 0.8709, top5_acc: 0.9866, loss_cls: 0.3929, loss: 0.3929
2026-08-14 19:49:38,166 - pyskl - INFO - Epoch [6][3700/6265]	lr: 1.820e-02, eta: 6:32:40, time: 0.362, data_time: 0.000, memory: 3356, top1_acc: 0.8834, top5_acc: 0.9844, loss_cls: 0.3752, loss: 0.3752
2026-08-14 19:50:14,330 - pyskl - INFO - Epoch [6][3800/6265]	lr: 1.816e-02, eta: 6:32:04, time: 0.362, data_time: 0.000, memory: 3356, top1_acc: 0.8784, top5_acc: 0.9828, loss_cls: 0.3960, loss: 0.3960
2026-08-14 19:50:50,534 - pyskl - INFO - Epoch [6][3900/6265]	lr: 1.813e-02, eta: 6:31:28, time: 0.362, data_time: 0.000, memory: 3356, top1_acc: 0.8853, top5_acc: 0.9859, loss_cls: 0.3817, loss: 0.3817
2026-08-14 19:51:26,750 - pyskl - INFO - Epoch [6][4000/6265]	lr: 1.809e-02, eta: 6:30:52, time: 0.362, data_time: 0.000, memory: 3356, top1_acc: 0.8775, top5_acc: 0.9841, loss_cls: 0.3939, loss: 0.3939
2026-08-14 19:52:02,959 - pyskl - INFO - Epoch [6][4100/6265]	lr: 1.806e-02, eta: 6:30:16, time: 0.362, data_time: 0.000, memory: 3356, top1_acc: 0.8766, top5_acc: 0.9834, loss_cls: 0.3824, loss: 0.3824
2026-08-14 19:52:39,173 - pyskl - INFO - Epoch [6][4200/6265]	lr: 1.802e-02, eta: 6:29:40, time: 0.362, data_time: 0.000, memory: 3356, top1_acc: 0.8841, top5_acc: 0.9838, loss_cls: 0.3854, loss: 0.3854
2026-08-14 19:53:15,372 - pyskl - INFO - Epoch [6][4300/6265]	lr: 1.799e-02, eta: 6:29:04, time: 0.362, data_time: 0.000, memory: 3356, top1_acc: 0.8853, top5_acc: 0.9856, loss_cls: 0.3949, loss: 0.3949
2026-08-14 19:53:51,584 - pyskl - INFO - Epoch [6][4400/6265]	lr: 1.795e-02, eta: 6:28:28, time: 0.362, data_time: 0.000, memory: 3356, top1_acc: 0.8788, top5_acc: 0.9853, loss_cls: 0.3852, loss: 0.3852
2026-08-14 19:54:27,806 - pyskl - INFO - Epoch [6][4500/6265]	lr: 1.792e-02, eta: 6:27:52, time: 0.362, data_time: 0.000, memory: 3356, top1_acc: 0.8884, top5_acc: 0.9856, loss_cls: 0.3764, loss: 0.3764
2026-08-14 19:55:03,997 - pyskl - INFO - Epoch [6][4600/6265]	lr: 1.788e-02, eta: 6:27:16, time: 0.362, data_time: 0.000, memory: 3356, top1_acc: 0.8919, top5_acc: 0.9844, loss_cls: 0.3588, loss: 0.3588
2026-08-14 19:55:40,198 - pyskl - INFO - Epoch [6][4700/6265]	lr: 1.784e-02, eta: 6:26:40, time: 0.362, data_time: 0.000, memory: 3356, top1_acc: 0.8853, top5_acc: 0.9884, loss_cls: 0.3679, loss: 0.3679
2026-08-14 19:56:16,399 - pyskl - INFO - Epoch [6][4800/6265]	lr: 1.781e-02, eta: 6:26:04, time: 0.362, data_time: 0.000, memory: 3356, top1_acc: 0.8984, top5_acc: 0.9888, loss_cls: 0.3368, loss: 0.3368
2026-08-14 19:56:52,591 - pyskl - INFO - Epoch [6][4900/6265]	lr: 1.777e-02, eta: 6:25:28, time: 0.362, data_time: 0.000, memory: 3356, top1_acc: 0.8891, top5_acc: 0.9853, loss_cls: 0.3622, loss: 0.3622
2026-08-14 19:57:28,799 - pyskl - INFO - Epoch [6][5000/6265]	lr: 1.774e-02, eta: 6:24:52, time: 0.362, data_time: 0.000, memory: 3356, top1_acc: 0.8869, top5_acc: 0.9884, loss_cls: 0.3617, loss: 0.3617
2026-08-14 19:58:05,016 - pyskl - INFO - Epoch [6][5100/6265]	lr: 1.770e-02, eta: 6:24:16, time: 0.362, data_time: 0.000, memory: 3356, top1_acc: 0.8856, top5_acc: 0.9844, loss_cls: 0.3629, loss: 0.3629
2026-08-14 19:58:41,199 - pyskl - INFO - Epoch [6][5200/6265]	lr: 1.767e-02, eta: 6:23:40, time: 0.362, data_time: 0.000, memory: 3356, top1_acc: 0.8900, top5_acc: 0.9878, loss_cls: 0.3541, loss: 0.3541
2026-08-14 19:59:17,370 - pyskl - INFO - Epoch [6][5300/6265]	lr: 1.763e-02, eta: 6:23:04, time: 0.362, data_time: 0.000, memory: 3356, top1_acc: 0.8922, top5_acc: 0.9862, loss_cls: 0.3553, loss: 0.3553
2026-08-14 19:59:53,578 - pyskl - INFO - Epoch [6][5400/6265]	lr: 1.760e-02, eta: 6:22:28, time: 0.362, data_time: 0.000, memory: 3356, top1_acc: 0.8853, top5_acc: 0.9828, loss_cls: 0.3820, loss: 0.3820
2026-08-14 20:00:29,799 - pyskl - INFO - Epoch [6][5500/6265]	lr: 1.756e-02, eta: 6:21:52, time: 0.362, data_time: 0.000, memory: 3356, top1_acc: 0.8812, top5_acc: 0.9850, loss_cls: 0.3790, loss: 0.3790
2026-08-14 20:01:05,981 - pyskl - INFO - Epoch [6][5600/6265]	lr: 1.752e-02, eta: 6:21:16, time: 0.362, data_time: 0.000, memory: 3356, top1_acc: 0.8844, top5_acc: 0.9878, loss_cls: 0.3688, loss: 0.3688
2026-08-14 20:01:42,180 - pyskl - INFO - Epoch [6][5700/6265]	lr: 1.749e-02, eta: 6:20:40, time: 0.362, data_time: 0.000, memory: 3356, top1_acc: 0.8803, top5_acc: 0.9828, loss_cls: 0.3766, loss: 0.3766
2026-08-14 20:02:18,350 - pyskl - INFO - Epoch [6][5800/6265]	lr: 1.745e-02, eta: 6:20:04, time: 0.362, data_time: 0.000, memory: 3356, top1_acc: 0.8959, top5_acc: 0.9869, loss_cls: 0.3401, loss: 0.3401
2026-08-14 20:02:54,550 - pyskl - INFO - Epoch [6][5900/6265]	lr: 1.742e-02, eta: 6:19:28, time: 0.362, data_time: 0.000, memory: 3356, top1_acc: 0.8872, top5_acc: 0.9853, loss_cls: 0.3624, loss: 0.3624
2026-08-14 20:03:30,730 - pyskl - INFO - Epoch [6][6000/6265]	lr: 1.738e-02, eta: 6:18:52, time: 0.362, data_time: 0.000, memory: 3356, top1_acc: 0.8825, top5_acc: 0.9866, loss_cls: 0.3711, loss: 0.3711
2026-08-14 20:04:06,928 - pyskl - INFO - Epoch [6][6100/6265]	lr: 1.734e-02, eta: 6:18:16, time: 0.362, data_time: 0.000, memory: 3356, top1_acc: 0.8975, top5_acc: 0.9884, loss_cls: 0.3403, loss: 0.3403
2026-08-14 20:04:43,127 - pyskl - INFO - Epoch [6][6200/6265]	lr: 1.731e-02, eta: 6:17:40, time: 0.362, data_time: 0.000, memory: 3356, top1_acc: 0.8850, top5_acc: 0.9878, loss_cls: 0.3859, loss: 0.3859
2026-08-14 20:05:06,711 - pyskl - INFO - Saving checkpoint at 6 epochs
2026-08-14 20:06:07,407 - pyskl - INFO - Evaluating top_k_accuracy ...
2026-08-14 20:06:07,449 - pyskl - INFO - 
top1_acc	0.8043
top5_acc	0.9594
2026-08-14 20:06:07,452 - pyskl - INFO - The previous best checkpoint D:\YxjProject\pythonProject\pyskl\work_dirs\stgcn\stgcn_pyskl_ntu60_xsub_3dkp\j_single_gpu_seed3407\best_top1_acc_epoch_5.pth was removed
2026-08-14 20:06:07,541 - pyskl - INFO - Now best checkpoint is saved as best_top1_acc_epoch_6.pth.
2026-08-14 20:06:07,542 - pyskl - INFO - Best top1_acc is 0.8043 at 6 epoch.
2026-08-14 20:06:07,544 - pyskl - INFO - Epoch(val) [6][516]	top1_acc: 0.8043, top5_acc: 0.9594
2026-08-14 20:06:52,405 - pyskl - INFO - Epoch [7][100/6265]	lr: 1.725e-02, eta: 6:16:16, time: 0.449, data_time: 0.089, memory: 3356, top1_acc: 0.9031, top5_acc: 0.9878, loss_cls: 0.3206, loss: 0.3206
2026-08-14 20:07:28,530 - pyskl - INFO - Epoch [7][200/6265]	lr: 1.721e-02, eta: 6:15:40, time: 0.361, data_time: 0.000, memory: 3356, top1_acc: 0.8916, top5_acc: 0.9897, loss_cls: 0.3341, loss: 0.3341
2026-08-14 20:08:04,711 - pyskl - INFO - Epoch [7][300/6265]	lr: 1.718e-02, eta: 6:15:04, time: 0.362, data_time: 0.000, memory: 3356, top1_acc: 0.8906, top5_acc: 0.9866, loss_cls: 0.3591, loss: 0.3591
2026-08-14 20:08:40,904 - pyskl - INFO - Epoch [7][400/6265]	lr: 1.714e-02, eta: 6:14:28, time: 0.362, data_time: 0.000, memory: 3356, top1_acc: 0.8934, top5_acc: 0.9878, loss_cls: 0.3519, loss: 0.3519
2026-08-14 20:09:17,091 - pyskl - INFO - Epoch [7][500/6265]	lr: 1.710e-02, eta: 6:13:52, time: 0.362, data_time: 0.000, memory: 3356, top1_acc: 0.8975, top5_acc: 0.9884, loss_cls: 0.3380, loss: 0.3380
2026-08-14 20:09:53,241 - pyskl - INFO - Epoch [7][600/6265]	lr: 1.707e-02, eta: 6:13:16, time: 0.362, data_time: 0.000, memory: 3356, top1_acc: 0.8981, top5_acc: 0.9878, loss_cls: 0.3467, loss: 0.3467
2026-08-14 20:10:29,464 - pyskl - INFO - Epoch [7][700/6265]	lr: 1.703e-02, eta: 6:12:40, time: 0.362, data_time: 0.000, memory: 3356, top1_acc: 0.8822, top5_acc: 0.9866, loss_cls: 0.3585, loss: 0.3585
2026-08-14 20:11:05,669 - pyskl - INFO - Epoch [7][800/6265]	lr: 1.699e-02, eta: 6:12:04, time: 0.362, data_time: 0.000, memory: 3356, top1_acc: 0.8947, top5_acc: 0.9853, loss_cls: 0.3511, loss: 0.3511
2026-08-14 20:11:41,839 - pyskl - INFO - Epoch [7][900/6265]	lr: 1.696e-02, eta: 6:11:28, time: 0.362, data_time: 0.000, memory: 3356, top1_acc: 0.8962, top5_acc: 0.9866, loss_cls: 0.3359, loss: 0.3359
2026-08-14 20:12:18,027 - pyskl - INFO - Epoch [7][1000/6265]	lr: 1.692e-02, eta: 6:10:52, time: 0.362, data_time: 0.000, memory: 3356, top1_acc: 0.9012, top5_acc: 0.9881, loss_cls: 0.3241, loss: 0.3241
2026-08-14 20:12:54,221 - pyskl - INFO - Epoch [7][1100/6265]	lr: 1.688e-02, eta: 6:10:16, time: 0.362, data_time: 0.000, memory: 3356, top1_acc: 0.8800, top5_acc: 0.9831, loss_cls: 0.3873, loss: 0.3873
2026-08-14 20:13:30,442 - pyskl - INFO - Epoch [7][1200/6265]	lr: 1.685e-02, eta: 6:09:40, time: 0.362, data_time: 0.000, memory: 3356, top1_acc: 0.8956, top5_acc: 0.9866, loss_cls: 0.3597, loss: 0.3597
2026-08-14 20:14:06,617 - pyskl - INFO - Epoch [7][1300/6265]	lr: 1.681e-02, eta: 6:09:05, time: 0.362, data_time: 0.000, memory: 3356, top1_acc: 0.9016, top5_acc: 0.9869, loss_cls: 0.3354, loss: 0.3354
2026-08-14 20:14:42,828 - pyskl - INFO - Epoch [7][1400/6265]	lr: 1.677e-02, eta: 6:08:29, time: 0.362, data_time: 0.000, memory: 3356, top1_acc: 0.8947, top5_acc: 0.9869, loss_cls: 0.3420, loss: 0.3420
2026-08-14 20:15:18,990 - pyskl - INFO - Epoch [7][1500/6265]	lr: 1.674e-02, eta: 6:07:53, time: 0.362, data_time: 0.000, memory: 3356, top1_acc: 0.8869, top5_acc: 0.9881, loss_cls: 0.3562, loss: 0.3562
2026-08-14 20:15:55,152 - pyskl - INFO - Epoch [7][1600/6265]	lr: 1.670e-02, eta: 6:07:17, time: 0.362, data_time: 0.000, memory: 3356, top1_acc: 0.8922, top5_acc: 0.9881, loss_cls: 0.3400, loss: 0.3400
2026-08-14 20:16:31,334 - pyskl - INFO - Epoch [7][1700/6265]	lr: 1.666e-02, eta: 6:06:41, time: 0.362, data_time: 0.000, memory: 3356, top1_acc: 0.9006, top5_acc: 0.9847, loss_cls: 0.3423, loss: 0.3423
2026-08-14 20:17:07,520 - pyskl - INFO - Epoch [7][1800/6265]	lr: 1.663e-02, eta: 6:06:05, time: 0.362, data_time: 0.000, memory: 3356, top1_acc: 0.8997, top5_acc: 0.9884, loss_cls: 0.3295, loss: 0.3295
2026-08-14 20:17:43,687 - pyskl - INFO - Epoch [7][1900/6265]	lr: 1.659e-02, eta: 6:05:29, time: 0.362, data_time: 0.000, memory: 3356, top1_acc: 0.8922, top5_acc: 0.9862, loss_cls: 0.3583, loss: 0.3583
2026-08-14 20:18:19,860 - pyskl - INFO - Epoch [7][2000/6265]	lr: 1.655e-02, eta: 6:04:53, time: 0.362, data_time: 0.000, memory: 3356, top1_acc: 0.9003, top5_acc: 0.9869, loss_cls: 0.3282, loss: 0.3282
2026-08-14 20:18:56,006 - pyskl - INFO - Epoch [7][2100/6265]	lr: 1.651e-02, eta: 6:04:17, time: 0.361, data_time: 0.000, memory: 3356, top1_acc: 0.9016, top5_acc: 0.9916, loss_cls: 0.3210, loss: 0.3210
2026-08-14 20:19:32,182 - pyskl - INFO - Epoch [7][2200/6265]	lr: 1.648e-02, eta: 6:03:41, time: 0.362, data_time: 0.000, memory: 3356, top1_acc: 0.8884, top5_acc: 0.9850, loss_cls: 0.3563, loss: 0.3563
2026-08-14 20:20:08,343 - pyskl - INFO - Epoch [7][2300/6265]	lr: 1.644e-02, eta: 6:03:05, time: 0.362, data_time: 0.000, memory: 3356, top1_acc: 0.8972, top5_acc: 0.9869, loss_cls: 0.3325, loss: 0.3325
2026-08-14 20:20:44,498 - pyskl - INFO - Epoch [7][2400/6265]	lr: 1.640e-02, eta: 6:02:29, time: 0.362, data_time: 0.000, memory: 3356, top1_acc: 0.8984, top5_acc: 0.9900, loss_cls: 0.3280, loss: 0.3280
2026-08-14 20:21:20,705 - pyskl - INFO - Epoch [7][2500/6265]	lr: 1.637e-02, eta: 6:01:53, time: 0.362, data_time: 0.000, memory: 3356, top1_acc: 0.8888, top5_acc: 0.9850, loss_cls: 0.3628, loss: 0.3628
2026-08-14 20:21:56,915 - pyskl - INFO - Epoch [7][2600/6265]	lr: 1.633e-02, eta: 6:01:17, time: 0.362, data_time: 0.000, memory: 3356, top1_acc: 0.8944, top5_acc: 0.9894, loss_cls: 0.3429, loss: 0.3429
2026-08-14 20:22:33,110 - pyskl - INFO - Epoch [7][2700/6265]	lr: 1.629e-02, eta: 6:00:41, time: 0.362, data_time: 0.000, memory: 3356, top1_acc: 0.9006, top5_acc: 0.9866, loss_cls: 0.3188, loss: 0.3188
2026-08-14 20:23:09,295 - pyskl - INFO - Epoch [7][2800/6265]	lr: 1.625e-02, eta: 6:00:05, time: 0.362, data_time: 0.000, memory: 3356, top1_acc: 0.8988, top5_acc: 0.9903, loss_cls: 0.3321, loss: 0.3321
2026-08-14 20:23:45,526 - pyskl - INFO - Epoch [7][2900/6265]	lr: 1.622e-02, eta: 5:59:29, time: 0.362, data_time: 0.000, memory: 3356, top1_acc: 0.8844, top5_acc: 0.9844, loss_cls: 0.3739, loss: 0.3739
2026-08-14 20:24:21,710 - pyskl - INFO - Epoch [7][3000/6265]	lr: 1.618e-02, eta: 5:58:53, time: 0.362, data_time: 0.000, memory: 3356, top1_acc: 0.9031, top5_acc: 0.9894, loss_cls: 0.3254, loss: 0.3254
2026-08-14 20:24:57,924 - pyskl - INFO - Epoch [7][3100/6265]	lr: 1.614e-02, eta: 5:58:17, time: 0.362, data_time: 0.000, memory: 3356, top1_acc: 0.8866, top5_acc: 0.9866, loss_cls: 0.3596, loss: 0.3596
2026-08-14 20:25:34,128 - pyskl - INFO - Epoch [7][3200/6265]	lr: 1.610e-02, eta: 5:57:41, time: 0.362, data_time: 0.000, memory: 3356, top1_acc: 0.8988, top5_acc: 0.9884, loss_cls: 0.3373, loss: 0.3373
2026-08-14 20:26:10,355 - pyskl - INFO - Epoch [7][3300/6265]	lr: 1.607e-02, eta: 5:57:05, time: 0.362, data_time: 0.000, memory: 3356, top1_acc: 0.9056, top5_acc: 0.9841, loss_cls: 0.3265, loss: 0.3265
2026-08-14 20:26:46,560 - pyskl - INFO - Epoch [7][3400/6265]	lr: 1.603e-02, eta: 5:56:29, time: 0.362, data_time: 0.000, memory: 3356, top1_acc: 0.9094, top5_acc: 0.9894, loss_cls: 0.3077, loss: 0.3077
2026-08-14 20:27:22,776 - pyskl - INFO - Epoch [7][3500/6265]	lr: 1.599e-02, eta: 5:55:53, time: 0.362, data_time: 0.000, memory: 3356, top1_acc: 0.8966, top5_acc: 0.9903, loss_cls: 0.3242, loss: 0.3242
2026-08-14 20:27:58,979 - pyskl - INFO - Epoch [7][3600/6265]	lr: 1.595e-02, eta: 5:55:17, time: 0.362, data_time: 0.000, memory: 3356, top1_acc: 0.9038, top5_acc: 0.9881, loss_cls: 0.3178, loss: 0.3178
2026-08-14 20:28:35,167 - pyskl - INFO - Epoch [7][3700/6265]	lr: 1.592e-02, eta: 5:54:41, time: 0.362, data_time: 0.000, memory: 3356, top1_acc: 0.9053, top5_acc: 0.9875, loss_cls: 0.3273, loss: 0.3273
2026-08-14 20:29:11,326 - pyskl - INFO - Epoch [7][3800/6265]	lr: 1.588e-02, eta: 5:54:05, time: 0.362, data_time: 0.000, memory: 3356, top1_acc: 0.9056, top5_acc: 0.9906, loss_cls: 0.3163, loss: 0.3163
2026-08-14 20:29:47,519 - pyskl - INFO - Epoch [7][3900/6265]	lr: 1.584e-02, eta: 5:53:29, time: 0.362, data_time: 0.000, memory: 3356, top1_acc: 0.9059, top5_acc: 0.9916, loss_cls: 0.3032, loss: 0.3032
2026-08-14 20:30:23,692 - pyskl - INFO - Epoch [7][4000/6265]	lr: 1.580e-02, eta: 5:52:53, time: 0.362, data_time: 0.000, memory: 3356, top1_acc: 0.8878, top5_acc: 0.9878, loss_cls: 0.3539, loss: 0.3539
2026-08-14 20:30:59,876 - pyskl - INFO - Epoch [7][4100/6265]	lr: 1.576e-02, eta: 5:52:17, time: 0.362, data_time: 0.000, memory: 3356, top1_acc: 0.8969, top5_acc: 0.9891, loss_cls: 0.3350, loss: 0.3350
2026-08-14 20:31:36,038 - pyskl - INFO - Epoch [7][4200/6265]	lr: 1.573e-02, eta: 5:51:41, time: 0.362, data_time: 0.000, memory: 3356, top1_acc: 0.9128, top5_acc: 0.9847, loss_cls: 0.3000, loss: 0.3000
2026-08-14 20:32:12,218 - pyskl - INFO - Epoch [7][4300/6265]	lr: 1.569e-02, eta: 5:51:05, time: 0.362, data_time: 0.000, memory: 3356, top1_acc: 0.8953, top5_acc: 0.9853, loss_cls: 0.3440, loss: 0.3440
2026-08-14 20:32:48,401 - pyskl - INFO - Epoch [7][4400/6265]	lr: 1.565e-02, eta: 5:50:29, time: 0.362, data_time: 0.000, memory: 3356, top1_acc: 0.8944, top5_acc: 0.9912, loss_cls: 0.3281, loss: 0.3281
2026-08-14 20:33:24,587 - pyskl - INFO - Epoch [7][4500/6265]	lr: 1.561e-02, eta: 5:49:53, time: 0.362, data_time: 0.000, memory: 3356, top1_acc: 0.9062, top5_acc: 0.9909, loss_cls: 0.3030, loss: 0.3030
2026-08-14 20:34:00,719 - pyskl - INFO - Epoch [7][4600/6265]	lr: 1.558e-02, eta: 5:49:17, time: 0.361, data_time: 0.000, memory: 3356, top1_acc: 0.9031, top5_acc: 0.9872, loss_cls: 0.3294, loss: 0.3294
2026-08-14 20:34:36,887 - pyskl - INFO - Epoch [7][4700/6265]	lr: 1.554e-02, eta: 5:48:41, time: 0.362, data_time: 0.000, memory: 3356, top1_acc: 0.8894, top5_acc: 0.9878, loss_cls: 0.3568, loss: 0.3568
2026-08-14 20:35:13,078 - pyskl - INFO - Epoch [7][4800/6265]	lr: 1.550e-02, eta: 5:48:05, time: 0.362, data_time: 0.000, memory: 3356, top1_acc: 0.9000, top5_acc: 0.9872, loss_cls: 0.3353, loss: 0.3353
2026-08-14 20:35:49,276 - pyskl - INFO - Epoch [7][4900/6265]	lr: 1.546e-02, eta: 5:47:29, time: 0.362, data_time: 0.000, memory: 3356, top1_acc: 0.9187, top5_acc: 0.9912, loss_cls: 0.2724, loss: 0.2724
2026-08-14 20:36:25,486 - pyskl - INFO - Epoch [7][5000/6265]	lr: 1.542e-02, eta: 5:46:53, time: 0.362, data_time: 0.000, memory: 3356, top1_acc: 0.9097, top5_acc: 0.9894, loss_cls: 0.3005, loss: 0.3005
2026-08-14 20:37:01,684 - pyskl - INFO - Epoch [7][5100/6265]	lr: 1.538e-02, eta: 5:46:17, time: 0.362, data_time: 0.000, memory: 3356, top1_acc: 0.9025, top5_acc: 0.9903, loss_cls: 0.3173, loss: 0.3173
2026-08-14 20:37:37,849 - pyskl - INFO - Epoch [7][5200/6265]	lr: 1.535e-02, eta: 5:45:41, time: 0.362, data_time: 0.000, memory: 3356, top1_acc: 0.8922, top5_acc: 0.9894, loss_cls: 0.3456, loss: 0.3456
2026-08-14 20:38:14,063 - pyskl - INFO - Epoch [7][5300/6265]	lr: 1.531e-02, eta: 5:45:05, time: 0.362, data_time: 0.000, memory: 3356, top1_acc: 0.9153, top5_acc: 0.9891, loss_cls: 0.2915, loss: 0.2915
2026-08-14 20:38:50,244 - pyskl - INFO - Epoch [7][5400/6265]	lr: 1.527e-02, eta: 5:44:29, time: 0.362, data_time: 0.000, memory: 3356, top1_acc: 0.9062, top5_acc: 0.9900, loss_cls: 0.3109, loss: 0.3109
2026-08-14 20:39:26,423 - pyskl - INFO - Epoch [7][5500/6265]	lr: 1.523e-02, eta: 5:43:53, time: 0.362, data_time: 0.000, memory: 3356, top1_acc: 0.9084, top5_acc: 0.9919, loss_cls: 0.3017, loss: 0.3017
2026-08-14 20:40:02,581 - pyskl - INFO - Epoch [7][5600/6265]	lr: 1.519e-02, eta: 5:43:17, time: 0.362, data_time: 0.000, memory: 3356, top1_acc: 0.9044, top5_acc: 0.9900, loss_cls: 0.3096, loss: 0.3096
2026-08-14 20:40:38,764 - pyskl - INFO - Epoch [7][5700/6265]	lr: 1.516e-02, eta: 5:42:41, time: 0.362, data_time: 0.000, memory: 3356, top1_acc: 0.9006, top5_acc: 0.9884, loss_cls: 0.3313, loss: 0.3313
2026-08-14 20:41:14,914 - pyskl - INFO - Epoch [7][5800/6265]	lr: 1.512e-02, eta: 5:42:05, time: 0.362, data_time: 0.000, memory: 3356, top1_acc: 0.9069, top5_acc: 0.9906, loss_cls: 0.3031, loss: 0.3031
2026-08-14 20:41:51,091 - pyskl - INFO - Epoch [7][5900/6265]	lr: 1.508e-02, eta: 5:41:29, time: 0.362, data_time: 0.000, memory: 3356, top1_acc: 0.9075, top5_acc: 0.9891, loss_cls: 0.3184, loss: 0.3184
2026-08-14 20:42:27,280 - pyskl - INFO - Epoch [7][6000/6265]	lr: 1.504e-02, eta: 5:40:53, time: 0.362, data_time: 0.000, memory: 3356, top1_acc: 0.8969, top5_acc: 0.9909, loss_cls: 0.3182, loss: 0.3182
2026-08-14 20:43:03,442 - pyskl - INFO - Epoch [7][6100/6265]	lr: 1.500e-02, eta: 5:40:17, time: 0.362, data_time: 0.000, memory: 3356, top1_acc: 0.9113, top5_acc: 0.9884, loss_cls: 0.2978, loss: 0.2978
2026-08-14 20:43:39,601 - pyskl - INFO - Epoch [7][6200/6265]	lr: 1.496e-02, eta: 5:39:41, time: 0.362, data_time: 0.000, memory: 3356, top1_acc: 0.9009, top5_acc: 0.9881, loss_cls: 0.3259, loss: 0.3259
2026-08-14 20:44:03,175 - pyskl - INFO - Saving checkpoint at 7 epochs
2026-08-14 20:45:03,657 - pyskl - INFO - Evaluating top_k_accuracy ...
2026-08-14 20:45:03,701 - pyskl - INFO - 
top1_acc	0.8160
top5_acc	0.9655
2026-08-14 20:45:03,703 - pyskl - INFO - The previous best checkpoint D:\YxjProject\pythonProject\pyskl\work_dirs\stgcn\stgcn_pyskl_ntu60_xsub_3dkp\j_single_gpu_seed3407\best_top1_acc_epoch_6.pth was removed
2026-08-14 20:45:03,785 - pyskl - INFO - Now best checkpoint is saved as best_top1_acc_epoch_7.pth.
2026-08-14 20:45:03,785 - pyskl - INFO - Best top1_acc is 0.8160 at 7 epoch.
2026-08-14 20:45:03,786 - pyskl - INFO - Epoch(val) [7][516]	top1_acc: 0.8160, top5_acc: 0.9655
2026-08-14 20:45:48,596 - pyskl - INFO - Epoch [8][100/6265]	lr: 1.490e-02, eta: 5:38:23, time: 0.448, data_time: 0.089, memory: 3356, top1_acc: 0.9141, top5_acc: 0.9906, loss_cls: 0.2848, loss: 0.2848
2026-08-14 20:46:24,662 - pyskl - INFO - Epoch [8][200/6265]	lr: 1.486e-02, eta: 5:37:47, time: 0.361, data_time: 0.000, memory: 3356, top1_acc: 0.9222, top5_acc: 0.9916, loss_cls: 0.2708, loss: 0.2708
2026-08-14 20:47:00,788 - pyskl - INFO - Epoch [8][300/6265]	lr: 1.482e-02, eta: 5:37:11, time: 0.361, data_time: 0.000, memory: 3356, top1_acc: 0.9172, top5_acc: 0.9922, loss_cls: 0.2890, loss: 0.2890
2026-08-14 20:47:36,949 - pyskl - INFO - Epoch [8][400/6265]	lr: 1.479e-02, eta: 5:36:35, time: 0.362, data_time: 0.000, memory: 3356, top1_acc: 0.9134, top5_acc: 0.9903, loss_cls: 0.3014, loss: 0.3014
2026-08-14 20:48:13,119 - pyskl - INFO - Epoch [8][500/6265]	lr: 1.475e-02, eta: 5:35:59, time: 0.362, data_time: 0.000, memory: 3356, top1_acc: 0.9144, top5_acc: 0.9878, loss_cls: 0.3061, loss: 0.3061
2026-08-14 20:48:49,303 - pyskl - INFO - Epoch [8][600/6265]	lr: 1.471e-02, eta: 5:35:23, time: 0.362, data_time: 0.000, memory: 3356, top1_acc: 0.9231, top5_acc: 0.9928, loss_cls: 0.2680, loss: 0.2680
2026-08-14 20:49:25,493 - pyskl - INFO - Epoch [8][700/6265]	lr: 1.467e-02, eta: 5:34:47, time: 0.362, data_time: 0.000, memory: 3356, top1_acc: 0.9125, top5_acc: 0.9881, loss_cls: 0.2909, loss: 0.2909
2026-08-14 20:50:01,695 - pyskl - INFO - Epoch [8][800/6265]	lr: 1.463e-02, eta: 5:34:11, time: 0.362, data_time: 0.000, memory: 3356, top1_acc: 0.9163, top5_acc: 0.9912, loss_cls: 0.2927, loss: 0.2927
2026-08-14 20:50:37,868 - pyskl - INFO - Epoch [8][900/6265]	lr: 1.459e-02, eta: 5:33:35, time: 0.362, data_time: 0.000, memory: 3356, top1_acc: 0.9109, top5_acc: 0.9897, loss_cls: 0.3055, loss: 0.3055
2026-08-14 20:51:14,022 - pyskl - INFO - Epoch [8][1000/6265]	lr: 1.455e-02, eta: 5:32:59, time: 0.362, data_time: 0.000, memory: 3356, top1_acc: 0.9203, top5_acc: 0.9903, loss_cls: 0.2792, loss: 0.2792
2026-08-14 20:51:50,187 - pyskl - INFO - Epoch [8][1100/6265]	lr: 1.451e-02, eta: 5:32:23, time: 0.362, data_time: 0.000, memory: 3356, top1_acc: 0.9128, top5_acc: 0.9906, loss_cls: 0.3000, loss: 0.3000
2026-08-14 20:52:26,325 - pyskl - INFO - Epoch [8][1200/6265]	lr: 1.448e-02, eta: 5:31:47, time: 0.361, data_time: 0.000, memory: 3356, top1_acc: 0.9203, top5_acc: 0.9941, loss_cls: 0.2609, loss: 0.2609
2026-08-14 20:53:02,487 - pyskl - INFO - Epoch [8][1300/6265]	lr: 1.444e-02, eta: 5:31:11, time: 0.362, data_time: 0.000, memory: 3356, top1_acc: 0.9181, top5_acc: 0.9897, loss_cls: 0.2767, loss: 0.2767
2026-08-14 20:53:38,626 - pyskl - INFO - Epoch [8][1400/6265]	lr: 1.440e-02, eta: 5:30:35, time: 0.361, data_time: 0.000, memory: 3356, top1_acc: 0.9047, top5_acc: 0.9909, loss_cls: 0.3135, loss: 0.3135
2026-08-14 20:54:14,796 - pyskl - INFO - Epoch [8][1500/6265]	lr: 1.436e-02, eta: 5:29:59, time: 0.362, data_time: 0.000, memory: 3356, top1_acc: 0.9153, top5_acc: 0.9916, loss_cls: 0.2773, loss: 0.2773
2026-08-14 20:54:50,938 - pyskl - INFO - Epoch [8][1600/6265]	lr: 1.432e-02, eta: 5:29:23, time: 0.361, data_time: 0.000, memory: 3356, top1_acc: 0.9084, top5_acc: 0.9894, loss_cls: 0.3055, loss: 0.3055
2026-08-14 20:55:27,080 - pyskl - INFO - Epoch [8][1700/6265]	lr: 1.428e-02, eta: 5:28:47, time: 0.361, data_time: 0.000, memory: 3356, top1_acc: 0.9094, top5_acc: 0.9934, loss_cls: 0.2992, loss: 0.2992
2026-08-14 20:56:03,218 - pyskl - INFO - Epoch [8][1800/6265]	lr: 1.424e-02, eta: 5:28:11, time: 0.361, data_time: 0.000, memory: 3356, top1_acc: 0.9053, top5_acc: 0.9878, loss_cls: 0.3022, loss: 0.3022
2026-08-14 20:56:39,344 - pyskl - INFO - Epoch [8][1900/6265]	lr: 1.421e-02, eta: 5:27:35, time: 0.361, data_time: 0.000, memory: 3356, top1_acc: 0.9119, top5_acc: 0.9916, loss_cls: 0.3084, loss: 0.3084
2026-08-14 20:57:15,508 - pyskl - INFO - Epoch [8][2000/6265]	lr: 1.417e-02, eta: 5:26:59, time: 0.362, data_time: 0.000, memory: 3356, top1_acc: 0.9153, top5_acc: 0.9919, loss_cls: 0.2775, loss: 0.2775
2026-08-14 20:57:51,657 - pyskl - INFO - Epoch [8][2100/6265]	lr: 1.413e-02, eta: 5:26:23, time: 0.361, data_time: 0.000, memory: 3356, top1_acc: 0.9113, top5_acc: 0.9906, loss_cls: 0.2908, loss: 0.2908
2026-08-14 20:58:27,791 - pyskl - INFO - Epoch [8][2200/6265]	lr: 1.409e-02, eta: 5:25:47, time: 0.361, data_time: 0.000, memory: 3356, top1_acc: 0.9097, top5_acc: 0.9909, loss_cls: 0.2947, loss: 0.2947
2026-08-14 20:59:03,935 - pyskl - INFO - Epoch [8][2300/6265]	lr: 1.405e-02, eta: 5:25:11, time: 0.361, data_time: 0.000, memory: 3356, top1_acc: 0.9078, top5_acc: 0.9875, loss_cls: 0.3132, loss: 0.3132
2026-08-14 20:59:40,086 - pyskl - INFO - Epoch [8][2400/6265]	lr: 1.401e-02, eta: 5:24:35, time: 0.362, data_time: 0.000, memory: 3356, top1_acc: 0.9025, top5_acc: 0.9906, loss_cls: 0.3140, loss: 0.3140
2026-08-14 21:00:16,232 - pyskl - INFO - Epoch [8][2500/6265]	lr: 1.397e-02, eta: 5:23:59, time: 0.361, data_time: 0.000, memory: 3356, top1_acc: 0.9100, top5_acc: 0.9928, loss_cls: 0.2886, loss: 0.2886
2026-08-14 21:00:52,429 - pyskl - INFO - Epoch [8][2600/6265]	lr: 1.393e-02, eta: 5:23:23, time: 0.362, data_time: 0.000, memory: 3356, top1_acc: 0.9175, top5_acc: 0.9912, loss_cls: 0.2816, loss: 0.2816
2026-08-14 21:01:28,609 - pyskl - INFO - Epoch [8][2700/6265]	lr: 1.389e-02, eta: 5:22:47, time: 0.362, data_time: 0.000, memory: 3356, top1_acc: 0.9156, top5_acc: 0.9903, loss_cls: 0.2813, loss: 0.2813
2026-08-14 21:02:04,764 - pyskl - INFO - Epoch [8][2800/6265]	lr: 1.386e-02, eta: 5:22:11, time: 0.362, data_time: 0.000, memory: 3356, top1_acc: 0.9125, top5_acc: 0.9912, loss_cls: 0.2847, loss: 0.2847
2026-08-14 21:02:40,909 - pyskl - INFO - Epoch [8][2900/6265]	lr: 1.382e-02, eta: 5:21:35, time: 0.361, data_time: 0.000, memory: 3356, top1_acc: 0.9163, top5_acc: 0.9925, loss_cls: 0.2777, loss: 0.2777
2026-08-14 21:03:17,048 - pyskl - INFO - Epoch [8][3000/6265]	lr: 1.378e-02, eta: 5:20:59, time: 0.361, data_time: 0.000, memory: 3356, top1_acc: 0.9137, top5_acc: 0.9912, loss_cls: 0.2852, loss: 0.2852
2026-08-14 21:03:53,170 - pyskl - INFO - Epoch [8][3100/6265]	lr: 1.374e-02, eta: 5:20:23, time: 0.361, data_time: 0.000, memory: 3356, top1_acc: 0.9159, top5_acc: 0.9938, loss_cls: 0.2678, loss: 0.2678
2026-08-14 21:04:29,298 - pyskl - INFO - Epoch [8][3200/6265]	lr: 1.370e-02, eta: 5:19:47, time: 0.361, data_time: 0.000, memory: 3356, top1_acc: 0.9247, top5_acc: 0.9912, loss_cls: 0.2734, loss: 0.2734
2026-08-14 21:05:05,434 - pyskl - INFO - Epoch [8][3300/6265]	lr: 1.366e-02, eta: 5:19:11, time: 0.361, data_time: 0.000, memory: 3356, top1_acc: 0.9206, top5_acc: 0.9928, loss_cls: 0.2591, loss: 0.2591
2026-08-14 21:05:41,555 - pyskl - INFO - Epoch [8][3400/6265]	lr: 1.362e-02, eta: 5:18:35, time: 0.361, data_time: 0.000, memory: 3356, top1_acc: 0.9184, top5_acc: 0.9916, loss_cls: 0.2757, loss: 0.2757
2026-08-14 21:06:17,678 - pyskl - INFO - Epoch [8][3500/6265]	lr: 1.358e-02, eta: 5:17:59, time: 0.361, data_time: 0.000, memory: 3356, top1_acc: 0.9313, top5_acc: 0.9941, loss_cls: 0.2482, loss: 0.2482
2026-08-14 21:06:53,811 - pyskl - INFO - Epoch [8][3600/6265]	lr: 1.354e-02, eta: 5:17:23, time: 0.361, data_time: 0.000, memory: 3356, top1_acc: 0.9178, top5_acc: 0.9912, loss_cls: 0.2728, loss: 0.2728
2026-08-14 21:07:29,946 - pyskl - INFO - Epoch [8][3700/6265]	lr: 1.350e-02, eta: 5:16:47, time: 0.361, data_time: 0.000, memory: 3356, top1_acc: 0.9166, top5_acc: 0.9912, loss_cls: 0.2804, loss: 0.2804
2026-08-14 21:08:06,075 - pyskl - INFO - Epoch [8][3800/6265]	lr: 1.347e-02, eta: 5:16:11, time: 0.361, data_time: 0.000, memory: 3356, top1_acc: 0.9116, top5_acc: 0.9925, loss_cls: 0.2955, loss: 0.2955
2026-08-14 21:08:42,255 - pyskl - INFO - Epoch [8][3900/6265]	lr: 1.343e-02, eta: 5:15:35, time: 0.362, data_time: 0.000, memory: 3356, top1_acc: 0.9194, top5_acc: 0.9912, loss_cls: 0.2708, loss: 0.2708
2026-08-14 21:09:18,467 - pyskl - INFO - Epoch [8][4000/6265]	lr: 1.339e-02, eta: 5:14:59, time: 0.362, data_time: 0.000, memory: 3356, top1_acc: 0.9225, top5_acc: 0.9931, loss_cls: 0.2653, loss: 0.2653
2026-08-14 21:09:54,656 - pyskl - INFO - Epoch [8][4100/6265]	lr: 1.335e-02, eta: 5:14:23, time: 0.362, data_time: 0.000, memory: 3356, top1_acc: 0.9294, top5_acc: 0.9928, loss_cls: 0.2477, loss: 0.2477
2026-08-14 21:10:30,855 - pyskl - INFO - Epoch [8][4200/6265]	lr: 1.331e-02, eta: 5:13:47, time: 0.362, data_time: 0.000, memory: 3356, top1_acc: 0.9184, top5_acc: 0.9919, loss_cls: 0.2776, loss: 0.2776
2026-08-14 21:11:07,075 - pyskl - INFO - Epoch [8][4300/6265]	lr: 1.327e-02, eta: 5:13:11, time: 0.362, data_time: 0.000, memory: 3356, top1_acc: 0.9237, top5_acc: 0.9900, loss_cls: 0.2766, loss: 0.2766
2026-08-14 21:11:43,272 - pyskl - INFO - Epoch [8][4400/6265]	lr: 1.323e-02, eta: 5:12:36, time: 0.362, data_time: 0.000, memory: 3356, top1_acc: 0.9116, top5_acc: 0.9925, loss_cls: 0.2728, loss: 0.2728
2026-08-14 21:12:19,483 - pyskl - INFO - Epoch [8][4500/6265]	lr: 1.319e-02, eta: 5:12:00, time: 0.362, data_time: 0.000, memory: 3356, top1_acc: 0.9081, top5_acc: 0.9903, loss_cls: 0.2983, loss: 0.2983
2026-08-14 21:12:55,666 - pyskl - INFO - Epoch [8][4600/6265]	lr: 1.315e-02, eta: 5:11:24, time: 0.362, data_time: 0.000, memory: 3356, top1_acc: 0.9191, top5_acc: 0.9925, loss_cls: 0.2713, loss: 0.2713
2026-08-14 21:13:31,877 - pyskl - INFO - Epoch [8][4700/6265]	lr: 1.311e-02, eta: 5:10:48, time: 0.362, data_time: 0.000, memory: 3356, top1_acc: 0.9250, top5_acc: 0.9938, loss_cls: 0.2581, loss: 0.2581
2026-08-14 21:14:08,072 - pyskl - INFO - Epoch [8][4800/6265]	lr: 1.307e-02, eta: 5:10:12, time: 0.362, data_time: 0.000, memory: 3356, top1_acc: 0.9178, top5_acc: 0.9938, loss_cls: 0.2576, loss: 0.2576
2026-08-14 21:14:44,283 - pyskl - INFO - Epoch [8][4900/6265]	lr: 1.303e-02, eta: 5:09:36, time: 0.362, data_time: 0.000, memory: 3356, top1_acc: 0.9181, top5_acc: 0.9928, loss_cls: 0.2686, loss: 0.2686
2026-08-14 21:15:20,474 - pyskl - INFO - Epoch [8][5000/6265]	lr: 1.300e-02, eta: 5:09:00, time: 0.362, data_time: 0.000, memory: 3356, top1_acc: 0.9187, top5_acc: 0.9909, loss_cls: 0.2661, loss: 0.2661
2026-08-14 21:15:56,637 - pyskl - INFO - Epoch [8][5100/6265]	lr: 1.296e-02, eta: 5:08:24, time: 0.362, data_time: 0.000, memory: 3356, top1_acc: 0.9225, top5_acc: 0.9938, loss_cls: 0.2457, loss: 0.2457
2026-08-14 21:16:32,803 - pyskl - INFO - Epoch [8][5200/6265]	lr: 1.292e-02, eta: 5:07:48, time: 0.362, data_time: 0.000, memory: 3356, top1_acc: 0.9297, top5_acc: 0.9906, loss_cls: 0.2479, loss: 0.2479
2026-08-14 21:17:09,004 - pyskl - INFO - Epoch [8][5300/6265]	lr: 1.288e-02, eta: 5:07:12, time: 0.362, data_time: 0.000, memory: 3356, top1_acc: 0.9237, top5_acc: 0.9906, loss_cls: 0.2561, loss: 0.2561
2026-08-14 21:17:44,889 - pyskl - INFO - Epoch [8][5400/6265]	lr: 1.284e-02, eta: 5:06:36, time: 0.359, data_time: 0.000, memory: 3356, top1_acc: 0.9319, top5_acc: 0.9950, loss_cls: 0.2425, loss: 0.2425
2026-08-14 21:18:20,562 - pyskl - INFO - Epoch [8][5500/6265]	lr: 1.280e-02, eta: 5:05:59, time: 0.357, data_time: 0.000, memory: 3356, top1_acc: 0.9128, top5_acc: 0.9884, loss_cls: 0.2951, loss: 0.2951
2026-08-14 21:18:56,207 - pyskl - INFO - Epoch [8][5600/6265]	lr: 1.276e-02, eta: 5:05:23, time: 0.356, data_time: 0.000, memory: 3356, top1_acc: 0.9244, top5_acc: 0.9934, loss_cls: 0.2434, loss: 0.2434
2026-08-14 21:19:31,860 - pyskl - INFO - Epoch [8][5700/6265]	lr: 1.272e-02, eta: 5:04:46, time: 0.357, data_time: 0.000, memory: 3356, top1_acc: 0.9256, top5_acc: 0.9922, loss_cls: 0.2491, loss: 0.2491
2026-08-14 21:20:07,517 - pyskl - INFO - Epoch [8][5800/6265]	lr: 1.268e-02, eta: 5:04:10, time: 0.357, data_time: 0.000, memory: 3356, top1_acc: 0.9191, top5_acc: 0.9909, loss_cls: 0.2656, loss: 0.2656
2026-08-14 21:20:43,190 - pyskl - INFO - Epoch [8][5900/6265]	lr: 1.264e-02, eta: 5:03:33, time: 0.357, data_time: 0.000, memory: 3356, top1_acc: 0.9191, top5_acc: 0.9919, loss_cls: 0.2596, loss: 0.2596
2026-08-14 21:21:18,907 - pyskl - INFO - Epoch [8][6000/6265]	lr: 1.260e-02, eta: 5:02:57, time: 0.357, data_time: 0.000, memory: 3356, top1_acc: 0.9216, top5_acc: 0.9938, loss_cls: 0.2668, loss: 0.2668
2026-08-14 21:21:55,741 - pyskl - INFO - Epoch [8][6100/6265]	lr: 1.257e-02, eta: 5:02:21, time: 0.368, data_time: 0.000, memory: 3356, top1_acc: 0.9297, top5_acc: 0.9916, loss_cls: 0.2394, loss: 0.2394
2026-08-14 21:22:31,430 - pyskl - INFO - Epoch [8][6200/6265]	lr: 1.253e-02, eta: 5:01:45, time: 0.357, data_time: 0.000, memory: 3356, top1_acc: 0.9287, top5_acc: 0.9941, loss_cls: 0.2366, loss: 0.2366
2026-08-14 21:22:54,664 - pyskl - INFO - Saving checkpoint at 8 epochs
2026-08-14 21:23:51,851 - pyskl - INFO - Evaluating top_k_accuracy ...
2026-08-14 21:23:51,892 - pyskl - INFO - 
top1_acc	0.8200
top5_acc	0.9626
2026-08-14 21:23:51,895 - pyskl - INFO - The previous best checkpoint D:\YxjProject\pythonProject\pyskl\work_dirs\stgcn\stgcn_pyskl_ntu60_xsub_3dkp\j_single_gpu_seed3407\best_top1_acc_epoch_7.pth was removed
2026-08-14 21:23:51,978 - pyskl - INFO - Now best checkpoint is saved as best_top1_acc_epoch_8.pth.
2026-08-14 21:23:51,979 - pyskl - INFO - Best top1_acc is 0.8200 at 8 epoch.
2026-08-14 21:23:51,980 - pyskl - INFO - Epoch(val) [8][516]	top1_acc: 0.8200, top5_acc: 0.9626
2026-08-14 21:24:36,094 - pyskl - INFO - Epoch [9][100/6265]	lr: 1.246e-02, eta: 5:00:30, time: 0.441, data_time: 0.086, memory: 3356, top1_acc: 0.9203, top5_acc: 0.9922, loss_cls: 0.2615, loss: 0.2615
2026-08-14 21:25:11,718 - pyskl - INFO - Epoch [9][200/6265]	lr: 1.242e-02, eta: 4:59:53, time: 0.356, data_time: 0.000, memory: 3356, top1_acc: 0.9319, top5_acc: 0.9938, loss_cls: 0.2352, loss: 0.2352
2026-08-14 21:25:47,377 - pyskl - INFO - Epoch [9][300/6265]	lr: 1.238e-02, eta: 4:59:17, time: 0.357, data_time: 0.000, memory: 3356, top1_acc: 0.9369, top5_acc: 0.9962, loss_cls: 0.2127, loss: 0.2127
2026-08-14 21:26:23,086 - pyskl - INFO - Epoch [9][400/6265]	lr: 1.234e-02, eta: 4:58:41, time: 0.357, data_time: 0.000, memory: 3356, top1_acc: 0.9341, top5_acc: 0.9950, loss_cls: 0.2296, loss: 0.2296
2026-08-14 21:26:58,780 - pyskl - INFO - Epoch [9][500/6265]	lr: 1.230e-02, eta: 4:58:04, time: 0.357, data_time: 0.000, memory: 3356, top1_acc: 0.9344, top5_acc: 0.9956, loss_cls: 0.2222, loss: 0.2222
2026-08-14 21:27:34,485 - pyskl - INFO - Epoch [9][600/6265]	lr: 1.227e-02, eta: 4:57:28, time: 0.357, data_time: 0.000, memory: 3356, top1_acc: 0.9294, top5_acc: 0.9959, loss_cls: 0.2238, loss: 0.2238
2026-08-14 21:28:10,153 - pyskl - INFO - Epoch [9][700/6265]	lr: 1.223e-02, eta: 4:56:51, time: 0.357, data_time: 0.000, memory: 3356, top1_acc: 0.9334, top5_acc: 0.9938, loss_cls: 0.2347, loss: 0.2347
2026-08-14 21:28:45,846 - pyskl - INFO - Epoch [9][800/6265]	lr: 1.219e-02, eta: 4:56:15, time: 0.357, data_time: 0.000, memory: 3356, top1_acc: 0.9359, top5_acc: 0.9934, loss_cls: 0.2267, loss: 0.2267
2026-08-14 21:29:21,515 - pyskl - INFO - Epoch [9][900/6265]	lr: 1.215e-02, eta: 4:55:39, time: 0.357, data_time: 0.000, memory: 3356, top1_acc: 0.9269, top5_acc: 0.9931, loss_cls: 0.2458, loss: 0.2458
2026-08-14 21:29:57,191 - pyskl - INFO - Epoch [9][1000/6265]	lr: 1.211e-02, eta: 4:55:02, time: 0.357, data_time: 0.000, memory: 3356, top1_acc: 0.9266, top5_acc: 0.9925, loss_cls: 0.2452, loss: 0.2452
2026-08-14 21:30:32,850 - pyskl - INFO - Epoch [9][1100/6265]	lr: 1.207e-02, eta: 4:54:26, time: 0.357, data_time: 0.000, memory: 3356, top1_acc: 0.9241, top5_acc: 0.9944, loss_cls: 0.2395, loss: 0.2395
2026-08-14 21:31:08,504 - pyskl - INFO - Epoch [9][1200/6265]	lr: 1.203e-02, eta: 4:53:49, time: 0.357, data_time: 0.000, memory: 3356, top1_acc: 0.9356, top5_acc: 0.9947, loss_cls: 0.2233, loss: 0.2233
2026-08-14 21:31:44,155 - pyskl - INFO - Epoch [9][1300/6265]	lr: 1.199e-02, eta: 4:53:13, time: 0.357, data_time: 0.000, memory: 3356, top1_acc: 0.9344, top5_acc: 0.9931, loss_cls: 0.2327, loss: 0.2327
2026-08-14 21:32:19,823 - pyskl - INFO - Epoch [9][1400/6265]	lr: 1.195e-02, eta: 4:52:37, time: 0.357, data_time: 0.000, memory: 3356, top1_acc: 0.9378, top5_acc: 0.9941, loss_cls: 0.2164, loss: 0.2164
2026-08-14 21:32:55,490 - pyskl - INFO - Epoch [9][1500/6265]	lr: 1.191e-02, eta: 4:52:00, time: 0.357, data_time: 0.000, memory: 3356, top1_acc: 0.9363, top5_acc: 0.9934, loss_cls: 0.2209, loss: 0.2209
2026-08-14 21:33:31,147 - pyskl - INFO - Epoch [9][1600/6265]	lr: 1.187e-02, eta: 4:51:24, time: 0.357, data_time: 0.000, memory: 3356, top1_acc: 0.9406, top5_acc: 0.9953, loss_cls: 0.2084, loss: 0.2084
2026-08-14 21:34:06,809 - pyskl - INFO - Epoch [9][1700/6265]	lr: 1.183e-02, eta: 4:50:48, time: 0.357, data_time: 0.000, memory: 3356, top1_acc: 0.9263, top5_acc: 0.9953, loss_cls: 0.2339, loss: 0.2339
2026-08-14 21:34:42,424 - pyskl - INFO - Epoch [9][1800/6265]	lr: 1.180e-02, eta: 4:50:11, time: 0.356, data_time: 0.000, memory: 3356, top1_acc: 0.9331, top5_acc: 0.9947, loss_cls: 0.2348, loss: 0.2348
2026-08-14 21:35:18,046 - pyskl - INFO - Epoch [9][1900/6265]	lr: 1.176e-02, eta: 4:49:35, time: 0.356, data_time: 0.000, memory: 3356, top1_acc: 0.9266, top5_acc: 0.9916, loss_cls: 0.2407, loss: 0.2407
2026-08-14 21:35:53,693 - pyskl - INFO - Epoch [9][2000/6265]	lr: 1.172e-02, eta: 4:48:58, time: 0.356, data_time: 0.000, memory: 3356, top1_acc: 0.9269, top5_acc: 0.9934, loss_cls: 0.2309, loss: 0.2309
2026-08-14 21:36:29,323 - pyskl - INFO - Epoch [9][2100/6265]	lr: 1.168e-02, eta: 4:48:22, time: 0.356, data_time: 0.000, memory: 3356, top1_acc: 0.9284, top5_acc: 0.9947, loss_cls: 0.2407, loss: 0.2407
2026-08-14 21:37:04,999 - pyskl - INFO - Epoch [9][2200/6265]	lr: 1.164e-02, eta: 4:47:46, time: 0.357, data_time: 0.000, memory: 3356, top1_acc: 0.9259, top5_acc: 0.9962, loss_cls: 0.2348, loss: 0.2348
2026-08-14 21:37:40,564 - pyskl - INFO - Epoch [9][2300/6265]	lr: 1.160e-02, eta: 4:47:09, time: 0.356, data_time: 0.000, memory: 3356, top1_acc: 0.9381, top5_acc: 0.9947, loss_cls: 0.2167, loss: 0.2167
2026-08-14 21:38:16,134 - pyskl - INFO - Epoch [9][2400/6265]	lr: 1.156e-02, eta: 4:46:33, time: 0.356, data_time: 0.000, memory: 3356, top1_acc: 0.9403, top5_acc: 0.9956, loss_cls: 0.2148, loss: 0.2148
2026-08-14 21:38:51,657 - pyskl - INFO - Epoch [9][2500/6265]	lr: 1.152e-02, eta: 4:45:56, time: 0.355, data_time: 0.000, memory: 3356, top1_acc: 0.9337, top5_acc: 0.9956, loss_cls: 0.2328, loss: 0.2328
2026-08-14 21:39:27,235 - pyskl - INFO - Epoch [9][2600/6265]	lr: 1.148e-02, eta: 4:45:20, time: 0.356, data_time: 0.000, memory: 3356, top1_acc: 0.9334, top5_acc: 0.9950, loss_cls: 0.2362, loss: 0.2362
2026-08-14 21:40:02,791 - pyskl - INFO - Epoch [9][2700/6265]	lr: 1.144e-02, eta: 4:44:43, time: 0.356, data_time: 0.000, memory: 3356, top1_acc: 0.9313, top5_acc: 0.9941, loss_cls: 0.2323, loss: 0.2323
2026-08-14 21:40:38,385 - pyskl - INFO - Epoch [9][2800/6265]	lr: 1.140e-02, eta: 4:44:07, time: 0.356, data_time: 0.000, memory: 3356, top1_acc: 0.9350, top5_acc: 0.9956, loss_cls: 0.2188, loss: 0.2188
2026-08-14 21:41:13,976 - pyskl - INFO - Epoch [9][2900/6265]	lr: 1.137e-02, eta: 4:43:30, time: 0.356, data_time: 0.000, memory: 3356, top1_acc: 0.9359, top5_acc: 0.9978, loss_cls: 0.2267, loss: 0.2267
2026-08-14 21:41:49,553 - pyskl - INFO - Epoch [9][3000/6265]	lr: 1.133e-02, eta: 4:42:54, time: 0.356, data_time: 0.000, memory: 3356, top1_acc: 0.9363, top5_acc: 0.9941, loss_cls: 0.2208, loss: 0.2208
2026-08-14 21:42:25,126 - pyskl - INFO - Epoch [9][3100/6265]	lr: 1.129e-02, eta: 4:42:18, time: 0.356, data_time: 0.000, memory: 3356, top1_acc: 0.9319, top5_acc: 0.9953, loss_cls: 0.2318, loss: 0.2318
2026-08-14 21:43:00,707 - pyskl - INFO - Epoch [9][3200/6265]	lr: 1.125e-02, eta: 4:41:41, time: 0.356, data_time: 0.000, memory: 3356, top1_acc: 0.9241, top5_acc: 0.9950, loss_cls: 0.2455, loss: 0.2455
2026-08-14 21:43:36,283 - pyskl - INFO - Epoch [9][3300/6265]	lr: 1.121e-02, eta: 4:41:05, time: 0.356, data_time: 0.000, memory: 3356, top1_acc: 0.9347, top5_acc: 0.9962, loss_cls: 0.2348, loss: 0.2348
2026-08-14 21:44:11,869 - pyskl - INFO - Epoch [9][3400/6265]	lr: 1.117e-02, eta: 4:40:28, time: 0.356, data_time: 0.000, memory: 3356, top1_acc: 0.9281, top5_acc: 0.9941, loss_cls: 0.2409, loss: 0.2409
2026-08-14 21:44:47,454 - pyskl - INFO - Epoch [9][3500/6265]	lr: 1.113e-02, eta: 4:39:52, time: 0.356, data_time: 0.000, memory: 3356, top1_acc: 0.9387, top5_acc: 0.9938, loss_cls: 0.2122, loss: 0.2122
2026-08-14 21:45:23,038 - pyskl - INFO - Epoch [9][3600/6265]	lr: 1.109e-02, eta: 4:39:16, time: 0.356, data_time: 0.000, memory: 3356, top1_acc: 0.9416, top5_acc: 0.9956, loss_cls: 0.2053, loss: 0.2053
2026-08-14 21:45:58,620 - pyskl - INFO - Epoch [9][3700/6265]	lr: 1.105e-02, eta: 4:38:39, time: 0.356, data_time: 0.000, memory: 3356, top1_acc: 0.9294, top5_acc: 0.9928, loss_cls: 0.2448, loss: 0.2448
2026-08-14 21:46:34,201 - pyskl - INFO - Epoch [9][3800/6265]	lr: 1.102e-02, eta: 4:38:03, time: 0.356, data_time: 0.000, memory: 3356, top1_acc: 0.9400, top5_acc: 0.9969, loss_cls: 0.2179, loss: 0.2179
2026-08-14 21:47:09,798 - pyskl - INFO - Epoch [9][3900/6265]	lr: 1.098e-02, eta: 4:37:26, time: 0.356, data_time: 0.000, memory: 3356, top1_acc: 0.9378, top5_acc: 0.9938, loss_cls: 0.2282, loss: 0.2282
2026-08-14 21:47:45,367 - pyskl - INFO - Epoch [9][4000/6265]	lr: 1.094e-02, eta: 4:36:50, time: 0.356, data_time: 0.000, memory: 3356, top1_acc: 0.9419, top5_acc: 0.9956, loss_cls: 0.1984, loss: 0.1984
2026-08-14 21:48:20,960 - pyskl - INFO - Epoch [9][4100/6265]	lr: 1.090e-02, eta: 4:36:14, time: 0.356, data_time: 0.000, memory: 3356, top1_acc: 0.9359, top5_acc: 0.9969, loss_cls: 0.2165, loss: 0.2165
2026-08-14 21:48:56,567 - pyskl - INFO - Epoch [9][4200/6265]	lr: 1.086e-02, eta: 4:35:37, time: 0.356, data_time: 0.000, memory: 3356, top1_acc: 0.9306, top5_acc: 0.9962, loss_cls: 0.2184, loss: 0.2184
2026-08-14 21:49:32,160 - pyskl - INFO - Epoch [9][4300/6265]	lr: 1.082e-02, eta: 4:35:01, time: 0.356, data_time: 0.000, memory: 3356, top1_acc: 0.9384, top5_acc: 0.9934, loss_cls: 0.2133, loss: 0.2133
2026-08-14 21:50:07,767 - pyskl - INFO - Epoch [9][4400/6265]	lr: 1.078e-02, eta: 4:34:25, time: 0.356, data_time: 0.000, memory: 3356, top1_acc: 0.9481, top5_acc: 0.9969, loss_cls: 0.1849, loss: 0.1849
2026-08-14 21:50:43,375 - pyskl - INFO - Epoch [9][4500/6265]	lr: 1.074e-02, eta: 4:33:48, time: 0.356, data_time: 0.000, memory: 3356, top1_acc: 0.9391, top5_acc: 0.9938, loss_cls: 0.2106, loss: 0.2106
2026-08-14 21:51:18,964 - pyskl - INFO - Epoch [9][4600/6265]	lr: 1.070e-02, eta: 4:33:12, time: 0.356, data_time: 0.000, memory: 3356, top1_acc: 0.9375, top5_acc: 0.9941, loss_cls: 0.2166, loss: 0.2166
2026-08-14 21:51:54,544 - pyskl - INFO - Epoch [9][4700/6265]	lr: 1.067e-02, eta: 4:32:35, time: 0.356, data_time: 0.000, memory: 3356, top1_acc: 0.9391, top5_acc: 0.9947, loss_cls: 0.2103, loss: 0.2103
2026-08-14 21:52:30,140 - pyskl - INFO - Epoch [9][4800/6265]	lr: 1.063e-02, eta: 4:31:59, time: 0.356, data_time: 0.000, memory: 3356, top1_acc: 0.9375, top5_acc: 0.9934, loss_cls: 0.2171, loss: 0.2171
2026-08-14 21:53:05,728 - pyskl - INFO - Epoch [9][4900/6265]	lr: 1.059e-02, eta: 4:31:23, time: 0.356, data_time: 0.000, memory: 3356, top1_acc: 0.9366, top5_acc: 0.9953, loss_cls: 0.2170, loss: 0.2170
2026-08-14 21:53:41,297 - pyskl - INFO - Epoch [9][5000/6265]	lr: 1.055e-02, eta: 4:30:46, time: 0.356, data_time: 0.000, memory: 3356, top1_acc: 0.9400, top5_acc: 0.9956, loss_cls: 0.2091, loss: 0.2091
2026-08-14 21:54:16,867 - pyskl - INFO - Epoch [9][5100/6265]	lr: 1.051e-02, eta: 4:30:10, time: 0.356, data_time: 0.000, memory: 3356, top1_acc: 0.9431, top5_acc: 0.9950, loss_cls: 0.2039, loss: 0.2039
2026-08-14 21:54:52,438 - pyskl - INFO - Epoch [9][5200/6265]	lr: 1.047e-02, eta: 4:29:34, time: 0.356, data_time: 0.000, memory: 3356, top1_acc: 0.9344, top5_acc: 0.9919, loss_cls: 0.2168, loss: 0.2168
2026-08-14 21:55:27,998 - pyskl - INFO - Epoch [9][5300/6265]	lr: 1.043e-02, eta: 4:28:57, time: 0.356, data_time: 0.000, memory: 3356, top1_acc: 0.9422, top5_acc: 0.9978, loss_cls: 0.2071, loss: 0.2071
2026-08-14 21:56:03,557 - pyskl - INFO - Epoch [9][5400/6265]	lr: 1.039e-02, eta: 4:28:21, time: 0.356, data_time: 0.000, memory: 3356, top1_acc: 0.9428, top5_acc: 0.9966, loss_cls: 0.2018, loss: 0.2018
2026-08-14 21:56:39,131 - pyskl - INFO - Epoch [9][5500/6265]	lr: 1.036e-02, eta: 4:27:45, time: 0.356, data_time: 0.000, memory: 3356, top1_acc: 0.9481, top5_acc: 0.9962, loss_cls: 0.1885, loss: 0.1885
2026-08-14 21:57:14,692 - pyskl - INFO - Epoch [9][5600/6265]	lr: 1.032e-02, eta: 4:27:08, time: 0.356, data_time: 0.000, memory: 3356, top1_acc: 0.9456, top5_acc: 0.9975, loss_cls: 0.1968, loss: 0.1968
2026-08-14 21:57:50,283 - pyskl - INFO - Epoch [9][5700/6265]	lr: 1.028e-02, eta: 4:26:32, time: 0.356, data_time: 0.000, memory: 3356, top1_acc: 0.9372, top5_acc: 0.9938, loss_cls: 0.2196, loss: 0.2196
2026-08-14 21:58:25,884 - pyskl - INFO - Epoch [9][5800/6265]	lr: 1.024e-02, eta: 4:25:56, time: 0.356, data_time: 0.000, memory: 3356, top1_acc: 0.9350, top5_acc: 0.9944, loss_cls: 0.2246, loss: 0.2246
2026-08-14 21:59:01,466 - pyskl - INFO - Epoch [9][5900/6265]	lr: 1.020e-02, eta: 4:25:19, time: 0.356, data_time: 0.000, memory: 3356, top1_acc: 0.9419, top5_acc: 0.9956, loss_cls: 0.2093, loss: 0.2093
2026-08-14 21:59:37,063 - pyskl - INFO - Epoch [9][6000/6265]	lr: 1.016e-02, eta: 4:24:43, time: 0.356, data_time: 0.000, memory: 3356, top1_acc: 0.9375, top5_acc: 0.9934, loss_cls: 0.2173, loss: 0.2173
2026-08-14 22:00:12,671 - pyskl - INFO - Epoch [9][6100/6265]	lr: 1.013e-02, eta: 4:24:07, time: 0.356, data_time: 0.000, memory: 3356, top1_acc: 0.9372, top5_acc: 0.9931, loss_cls: 0.2103, loss: 0.2103
2026-08-14 22:00:48,277 - pyskl - INFO - Epoch [9][6200/6265]	lr: 1.009e-02, eta: 4:23:30, time: 0.356, data_time: 0.000, memory: 3356, top1_acc: 0.9475, top5_acc: 0.9962, loss_cls: 0.1901, loss: 0.1901
2026-08-14 22:01:11,419 - pyskl - INFO - Saving checkpoint at 9 epochs
2026-08-14 22:02:07,502 - pyskl - INFO - Evaluating top_k_accuracy ...
2026-08-14 22:02:07,543 - pyskl - INFO - 
top1_acc	0.7984
top5_acc	0.9615
2026-08-14 22:02:07,545 - pyskl - INFO - Epoch(val) [9][516]	top1_acc: 0.7984, top5_acc: 0.9615
2026-08-14 22:02:51,496 - pyskl - INFO - Epoch [10][100/6265]	lr: 1.002e-02, eta: 4:22:19, time: 0.439, data_time: 0.085, memory: 3356, top1_acc: 0.9366, top5_acc: 0.9981, loss_cls: 0.2036, loss: 0.2036
2026-08-14 22:03:27,016 - pyskl - INFO - Epoch [10][200/6265]	lr: 9.985e-03, eta: 4:21:43, time: 0.355, data_time: 0.000, memory: 3356, top1_acc: 0.9431, top5_acc: 0.9978, loss_cls: 0.1858, loss: 0.1858
2026-08-14 22:04:02,601 - pyskl - INFO - Epoch [10][300/6265]	lr: 9.947e-03, eta: 4:21:06, time: 0.356, data_time: 0.000, memory: 3356, top1_acc: 0.9463, top5_acc: 0.9988, loss_cls: 0.1796, loss: 0.1796
2026-08-14 22:04:38,198 - pyskl - INFO - Epoch [10][400/6265]	lr: 9.908e-03, eta: 4:20:30, time: 0.356, data_time: 0.000, memory: 3356, top1_acc: 0.9625, top5_acc: 0.9972, loss_cls: 0.1507, loss: 0.1507
2026-08-14 22:05:13,802 - pyskl - INFO - Epoch [10][500/6265]	lr: 9.870e-03, eta: 4:19:54, time: 0.356, data_time: 0.000, memory: 3356, top1_acc: 0.9481, top5_acc: 0.9972, loss_cls: 0.1729, loss: 0.1729
2026-08-14 22:05:49,402 - pyskl - INFO - Epoch [10][600/6265]	lr: 9.832e-03, eta: 4:19:18, time: 0.356, data_time: 0.000, memory: 3356, top1_acc: 0.9575, top5_acc: 0.9962, loss_cls: 0.1601, loss: 0.1601
2026-08-14 22:06:25,009 - pyskl - INFO - Epoch [10][700/6265]	lr: 9.793e-03, eta: 4:18:41, time: 0.356, data_time: 0.000, memory: 3356, top1_acc: 0.9509, top5_acc: 0.9981, loss_cls: 0.1727, loss: 0.1727
2026-08-14 22:07:00,600 - pyskl - INFO - Epoch [10][800/6265]	lr: 9.755e-03, eta: 4:18:05, time: 0.356, data_time: 0.000, memory: 3356, top1_acc: 0.9487, top5_acc: 0.9975, loss_cls: 0.1806, loss: 0.1806
2026-08-14 22:07:36,150 - pyskl - INFO - Epoch [10][900/6265]	lr: 9.717e-03, eta: 4:17:29, time: 0.356, data_time: 0.000, memory: 3356, top1_acc: 0.9513, top5_acc: 0.9950, loss_cls: 0.1810, loss: 0.1810
2026-08-14 22:08:11,703 - pyskl - INFO - Epoch [10][1000/6265]	lr: 9.679e-03, eta: 4:16:53, time: 0.356, data_time: 0.000, memory: 3356, top1_acc: 0.9528, top5_acc: 0.9966, loss_cls: 0.1750, loss: 0.1750
2026-08-14 22:08:47,274 - pyskl - INFO - Epoch [10][1100/6265]	lr: 9.641e-03, eta: 4:16:16, time: 0.356, data_time: 0.000, memory: 3356, top1_acc: 0.9463, top5_acc: 0.9975, loss_cls: 0.1876, loss: 0.1876
2026-08-14 22:09:22,819 - pyskl - INFO - Epoch [10][1200/6265]	lr: 9.603e-03, eta: 4:15:40, time: 0.355, data_time: 0.000, memory: 3356, top1_acc: 0.9434, top5_acc: 0.9972, loss_cls: 0.1887, loss: 0.1887
2026-08-14 22:09:58,377 - pyskl - INFO - Epoch [10][1300/6265]	lr: 9.564e-03, eta: 4:15:04, time: 0.356, data_time: 0.000, memory: 3356, top1_acc: 0.9537, top5_acc: 0.9972, loss_cls: 0.1690, loss: 0.1690
2026-08-14 22:10:33,937 - pyskl - INFO - Epoch [10][1400/6265]	lr: 9.526e-03, eta: 4:14:27, time: 0.356, data_time: 0.000, memory: 3356, top1_acc: 0.9556, top5_acc: 0.9966, loss_cls: 0.1647, loss: 0.1647
2026-08-14 22:11:09,472 - pyskl - INFO - Epoch [10][1500/6265]	lr: 9.488e-03, eta: 4:13:51, time: 0.355, data_time: 0.000, memory: 3356, top1_acc: 0.9522, top5_acc: 0.9972, loss_cls: 0.1713, loss: 0.1713
2026-08-14 22:11:45,027 - pyskl - INFO - Epoch [10][1600/6265]	lr: 9.450e-03, eta: 4:13:15, time: 0.356, data_time: 0.000, memory: 3356, top1_acc: 0.9550, top5_acc: 0.9972, loss_cls: 0.1676, loss: 0.1676
2026-08-14 22:12:20,600 - pyskl - INFO - Epoch [10][1700/6265]	lr: 9.412e-03, eta: 4:12:39, time: 0.356, data_time: 0.000, memory: 3356, top1_acc: 0.9447, top5_acc: 0.9966, loss_cls: 0.1896, loss: 0.1896
2026-08-14 22:12:56,190 - pyskl - INFO - Epoch [10][1800/6265]	lr: 9.374e-03, eta: 4:12:02, time: 0.356, data_time: 0.000, memory: 3356, top1_acc: 0.9469, top5_acc: 0.9966, loss_cls: 0.1891, loss: 0.1891
2026-08-14 22:13:31,776 - pyskl - INFO - Epoch [10][1900/6265]	lr: 9.336e-03, eta: 4:11:26, time: 0.356, data_time: 0.000, memory: 3356, top1_acc: 0.9475, top5_acc: 0.9959, loss_cls: 0.1839, loss: 0.1839
2026-08-14 22:14:07,351 - pyskl - INFO - Epoch [10][2000/6265]	lr: 9.299e-03, eta: 4:10:50, time: 0.356, data_time: 0.000, memory: 3356, top1_acc: 0.9509, top5_acc: 0.9975, loss_cls: 0.1650, loss: 0.1650
2026-08-14 22:14:42,930 - pyskl - INFO - Epoch [10][2100/6265]	lr: 9.261e-03, eta: 4:10:14, time: 0.356, data_time: 0.000, memory: 3356, top1_acc: 0.9481, top5_acc: 0.9969, loss_cls: 0.1709, loss: 0.1709
2026-08-14 22:15:18,492 - pyskl - INFO - Epoch [10][2200/6265]	lr: 9.223e-03, eta: 4:09:38, time: 0.356, data_time: 0.000, memory: 3356, top1_acc: 0.9472, top5_acc: 0.9966, loss_cls: 0.1823, loss: 0.1823
2026-08-14 22:15:54,065 - pyskl - INFO - Epoch [10][2300/6265]	lr: 9.185e-03, eta: 4:09:01, time: 0.356, data_time: 0.000, memory: 3356, top1_acc: 0.9613, top5_acc: 0.9975, loss_cls: 0.1560, loss: 0.1560
2026-08-14 22:16:29,645 - pyskl - INFO - Epoch [10][2400/6265]	lr: 9.147e-03, eta: 4:08:25, time: 0.356, data_time: 0.000, memory: 3356, top1_acc: 0.9522, top5_acc: 0.9975, loss_cls: 0.1636, loss: 0.1636
2026-08-14 22:17:05,202 - pyskl - INFO - Epoch [10][2500/6265]	lr: 9.110e-03, eta: 4:07:49, time: 0.356, data_time: 0.000, memory: 3356, top1_acc: 0.9513, top5_acc: 0.9962, loss_cls: 0.1754, loss: 0.1754
2026-08-14 22:17:40,768 - pyskl - INFO - Epoch [10][2600/6265]	lr: 9.072e-03, eta: 4:07:13, time: 0.356, data_time: 0.000, memory: 3356, top1_acc: 0.9459, top5_acc: 0.9966, loss_cls: 0.1772, loss: 0.1772
2026-08-14 22:18:16,327 - pyskl - INFO - Epoch [10][2700/6265]	lr: 9.034e-03, eta: 4:06:36, time: 0.356, data_time: 0.000, memory: 3356, top1_acc: 0.9459, top5_acc: 0.9966, loss_cls: 0.1875, loss: 0.1875
2026-08-14 22:18:51,898 - pyskl - INFO - Epoch [10][2800/6265]	lr: 8.997e-03, eta: 4:06:00, time: 0.356, data_time: 0.000, memory: 3356, top1_acc: 0.9519, top5_acc: 0.9972, loss_cls: 0.1786, loss: 0.1786
2026-08-14 22:19:27,463 - pyskl - INFO - Epoch [10][2900/6265]	lr: 8.959e-03, eta: 4:05:24, time: 0.356, data_time: 0.000, memory: 3356, top1_acc: 0.9575, top5_acc: 0.9969, loss_cls: 0.1560, loss: 0.1560
2026-08-14 22:20:03,025 - pyskl - INFO - Epoch [10][3000/6265]	lr: 8.922e-03, eta: 4:04:48, time: 0.356, data_time: 0.000, memory: 3356, top1_acc: 0.9531, top5_acc: 0.9972, loss_cls: 0.1664, loss: 0.1664
2026-08-14 22:20:38,587 - pyskl - INFO - Epoch [10][3100/6265]	lr: 8.884e-03, eta: 4:04:11, time: 0.356, data_time: 0.000, memory: 3356, top1_acc: 0.9519, top5_acc: 0.9994, loss_cls: 0.1670, loss: 0.1670
2026-08-14 22:21:14,140 - pyskl - INFO - Epoch [10][3200/6265]	lr: 8.847e-03, eta: 4:03:35, time: 0.356, data_time: 0.000, memory: 3356, top1_acc: 0.9631, top5_acc: 0.9966, loss_cls: 0.1413, loss: 0.1413
2026-08-14 22:21:49,699 - pyskl - INFO - Epoch [10][3300/6265]	lr: 8.809e-03, eta: 4:02:59, time: 0.356, data_time: 0.000, memory: 3356, top1_acc: 0.9597, top5_acc: 0.9972, loss_cls: 0.1426, loss: 0.1426
2026-08-14 22:22:25,253 - pyskl - INFO - Epoch [10][3400/6265]	lr: 8.772e-03, eta: 4:02:23, time: 0.356, data_time: 0.000, memory: 3356, top1_acc: 0.9559, top5_acc: 0.9978, loss_cls: 0.1554, loss: 0.1554
2026-08-14 22:23:00,828 - pyskl - INFO - Epoch [10][3500/6265]	lr: 8.734e-03, eta: 4:01:47, time: 0.356, data_time: 0.000, memory: 3356, top1_acc: 0.9569, top5_acc: 0.9969, loss_cls: 0.1568, loss: 0.1568
2026-08-14 22:23:36,362 - pyskl - INFO - Epoch [10][3600/6265]	lr: 8.697e-03, eta: 4:01:10, time: 0.355, data_time: 0.000, memory: 3356, top1_acc: 0.9559, top5_acc: 0.9972, loss_cls: 0.1746, loss: 0.1746
2026-08-14 22:24:11,888 - pyskl - INFO - Epoch [10][3700/6265]	lr: 8.660e-03, eta: 4:00:34, time: 0.355, data_time: 0.000, memory: 3356, top1_acc: 0.9613, top5_acc: 0.9972, loss_cls: 0.1636, loss: 0.1636
2026-08-14 22:24:47,426 - pyskl - INFO - Epoch [10][3800/6265]	lr: 8.622e-03, eta: 3:59:58, time: 0.355, data_time: 0.000, memory: 3356, top1_acc: 0.9594, top5_acc: 0.9962, loss_cls: 0.1618, loss: 0.1618
2026-08-14 22:25:22,961 - pyskl - INFO - Epoch [10][3900/6265]	lr: 8.585e-03, eta: 3:59:22, time: 0.355, data_time: 0.000, memory: 3356, top1_acc: 0.9513, top5_acc: 0.9972, loss_cls: 0.1663, loss: 0.1663
2026-08-14 22:25:58,519 - pyskl - INFO - Epoch [10][4000/6265]	lr: 8.548e-03, eta: 3:58:46, time: 0.356, data_time: 0.000, memory: 3356, top1_acc: 0.9587, top5_acc: 0.9981, loss_cls: 0.1517, loss: 0.1517
2026-08-14 22:26:34,072 - pyskl - INFO - Epoch [10][4100/6265]	lr: 8.511e-03, eta: 3:58:09, time: 0.356, data_time: 0.000, memory: 3356, top1_acc: 0.9597, top5_acc: 0.9981, loss_cls: 0.1581, loss: 0.1581
2026-08-14 22:27:09,623 - pyskl - INFO - Epoch [10][4200/6265]	lr: 8.474e-03, eta: 3:57:33, time: 0.356, data_time: 0.000, memory: 3356, top1_acc: 0.9584, top5_acc: 0.9978, loss_cls: 0.1491, loss: 0.1491
2026-08-14 22:27:45,186 - pyskl - INFO - Epoch [10][4300/6265]	lr: 8.437e-03, eta: 3:56:57, time: 0.356, data_time: 0.000, memory: 3356, top1_acc: 0.9578, top5_acc: 0.9975, loss_cls: 0.1490, loss: 0.1490
2026-08-14 22:28:20,750 - pyskl - INFO - Epoch [10][4400/6265]	lr: 8.400e-03, eta: 3:56:21, time: 0.356, data_time: 0.000, memory: 3356, top1_acc: 0.9594, top5_acc: 0.9972, loss_cls: 0.1572, loss: 0.1572
2026-08-14 22:28:56,325 - pyskl - INFO - Epoch [10][4500/6265]	lr: 8.363e-03, eta: 3:55:45, time: 0.356, data_time: 0.000, memory: 3356, top1_acc: 0.9569, top5_acc: 0.9988, loss_cls: 0.1549, loss: 0.1549
2026-08-14 22:29:31,876 - pyskl - INFO - Epoch [10][4600/6265]	lr: 8.326e-03, eta: 3:55:08, time: 0.356, data_time: 0.000, memory: 3356, top1_acc: 0.9656, top5_acc: 0.9975, loss_cls: 0.1378, loss: 0.1378
2026-08-14 22:30:07,446 - pyskl - INFO - Epoch [10][4700/6265]	lr: 8.289e-03, eta: 3:54:32, time: 0.356, data_time: 0.000, memory: 3356, top1_acc: 0.9559, top5_acc: 0.9975, loss_cls: 0.1514, loss: 0.1514
2026-08-14 22:30:42,975 - pyskl - INFO - Epoch [10][4800/6265]	lr: 8.252e-03, eta: 3:53:56, time: 0.355, data_time: 0.000, memory: 3356, top1_acc: 0.9559, top5_acc: 0.9975, loss_cls: 0.1582, loss: 0.1582
2026-08-14 22:31:18,540 - pyskl - INFO - Epoch [10][4900/6265]	lr: 8.215e-03, eta: 3:53:20, time: 0.356, data_time: 0.000, memory: 3356, top1_acc: 0.9559, top5_acc: 0.9972, loss_cls: 0.1521, loss: 0.1521
2026-08-14 22:31:54,094 - pyskl - INFO - Epoch [10][5000/6265]	lr: 8.178e-03, eta: 3:52:44, time: 0.356, data_time: 0.000, memory: 3356, top1_acc: 0.9584, top5_acc: 0.9962, loss_cls: 0.1585, loss: 0.1585
2026-08-14 22:32:29,622 - pyskl - INFO - Epoch [10][5100/6265]	lr: 8.142e-03, eta: 3:52:07, time: 0.355, data_time: 0.000, memory: 3356, top1_acc: 0.9634, top5_acc: 0.9984, loss_cls: 0.1410, loss: 0.1410
2026-08-14 22:33:05,158 - pyskl - INFO - Epoch [10][5200/6265]	lr: 8.105e-03, eta: 3:51:31, time: 0.355, data_time: 0.000, memory: 3356, top1_acc: 0.9634, top5_acc: 0.9988, loss_cls: 0.1419, loss: 0.1419
2026-08-14 22:33:40,696 - pyskl - INFO - Epoch [10][5300/6265]	lr: 8.068e-03, eta: 3:50:55, time: 0.355, data_time: 0.000, memory: 3356, top1_acc: 0.9628, top5_acc: 0.9966, loss_cls: 0.1454, loss: 0.1454
2026-08-14 22:34:16,183 - pyskl - INFO - Epoch [10][5400/6265]	lr: 8.032e-03, eta: 3:50:19, time: 0.355, data_time: 0.000, memory: 3356, top1_acc: 0.9569, top5_acc: 0.9981, loss_cls: 0.1510, loss: 0.1510
2026-08-14 22:34:51,753 - pyskl - INFO - Epoch [10][5500/6265]	lr: 7.995e-03, eta: 3:49:43, time: 0.356, data_time: 0.000, memory: 3356, top1_acc: 0.9606, top5_acc: 0.9975, loss_cls: 0.1513, loss: 0.1513
2026-08-14 22:35:27,322 - pyskl - INFO - Epoch [10][5600/6265]	lr: 7.959e-03, eta: 3:49:07, time: 0.356, data_time: 0.000, memory: 3356, top1_acc: 0.9584, top5_acc: 0.9975, loss_cls: 0.1449, loss: 0.1449
2026-08-14 22:36:02,905 - pyskl - INFO - Epoch [10][5700/6265]	lr: 7.922e-03, eta: 3:48:30, time: 0.356, data_time: 0.000, memory: 3356, top1_acc: 0.9606, top5_acc: 0.9975, loss_cls: 0.1399, loss: 0.1399
2026-08-14 22:36:38,476 - pyskl - INFO - Epoch [10][5800/6265]	lr: 7.886e-03, eta: 3:47:54, time: 0.356, data_time: 0.000, memory: 3356, top1_acc: 0.9606, top5_acc: 0.9966, loss_cls: 0.1509, loss: 0.1509
2026-08-14 22:37:14,054 - pyskl - INFO - Epoch [10][5900/6265]	lr: 7.849e-03, eta: 3:47:18, time: 0.356, data_time: 0.000, memory: 3356, top1_acc: 0.9625, top5_acc: 0.9991, loss_cls: 0.1313, loss: 0.1313
2026-08-14 22:37:49,623 - pyskl - INFO - Epoch [10][6000/6265]	lr: 7.813e-03, eta: 3:46:42, time: 0.356, data_time: 0.000, memory: 3356, top1_acc: 0.9619, top5_acc: 0.9966, loss_cls: 0.1409, loss: 0.1409
2026-08-14 22:38:25,212 - pyskl - INFO - Epoch [10][6100/6265]	lr: 7.777e-03, eta: 3:46:06, time: 0.356, data_time: 0.000, memory: 3356, top1_acc: 0.9603, top5_acc: 0.9981, loss_cls: 0.1404, loss: 0.1404
2026-08-14 22:39:00,799 - pyskl - INFO - Epoch [10][6200/6265]	lr: 7.740e-03, eta: 3:45:30, time: 0.356, data_time: 0.000, memory: 3356, top1_acc: 0.9594, top5_acc: 0.9981, loss_cls: 0.1452, loss: 0.1452
2026-08-14 22:39:23,924 - pyskl - INFO - Saving checkpoint at 10 epochs
2026-08-14 22:40:19,969 - pyskl - INFO - Evaluating top_k_accuracy ...
2026-08-14 22:40:20,011 - pyskl - INFO - 
top1_acc	0.8364
top5_acc	0.9688
2026-08-14 22:40:20,013 - pyskl - INFO - The previous best checkpoint D:\YxjProject\pythonProject\pyskl\work_dirs\stgcn\stgcn_pyskl_ntu60_xsub_3dkp\j_single_gpu_seed3407\best_top1_acc_epoch_8.pth was removed
2026-08-14 22:40:20,087 - pyskl - INFO - Now best checkpoint is saved as best_top1_acc_epoch_10.pth.
2026-08-14 22:40:20,088 - pyskl - INFO - Best top1_acc is 0.8364 at 10 epoch.
2026-08-14 22:40:20,089 - pyskl - INFO - Epoch(val) [10][516]	top1_acc: 0.8364, top5_acc: 0.9688
2026-08-14 22:41:04,187 - pyskl - INFO - Epoch [11][100/6265]	lr: 7.681e-03, eta: 3:44:21, time: 0.441, data_time: 0.087, memory: 3356, top1_acc: 0.9684, top5_acc: 0.9988, loss_cls: 0.1138, loss: 0.1138
2026-08-14 22:41:39,686 - pyskl - INFO - Epoch [11][200/6265]	lr: 7.645e-03, eta: 3:43:45, time: 0.355, data_time: 0.000, memory: 3356, top1_acc: 0.9728, top5_acc: 0.9984, loss_cls: 0.1173, loss: 0.1173
2026-08-14 22:42:15,225 - pyskl - INFO - Epoch [11][300/6265]	lr: 7.608e-03, eta: 3:43:09, time: 0.355, data_time: 0.000, memory: 3356, top1_acc: 0.9672, top5_acc: 0.9988, loss_cls: 0.1255, loss: 0.1255
2026-08-14 22:42:50,786 - pyskl - INFO - Epoch [11][400/6265]	lr: 7.572e-03, eta: 3:42:33, time: 0.356, data_time: 0.000, memory: 3356, top1_acc: 0.9694, top5_acc: 0.9988, loss_cls: 0.1197, loss: 0.1197
2026-08-14 22:43:26,361 - pyskl - INFO - Epoch [11][500/6265]	lr: 7.536e-03, eta: 3:41:57, time: 0.356, data_time: 0.000, memory: 3356, top1_acc: 0.9681, top5_acc: 0.9988, loss_cls: 0.1260, loss: 0.1260
2026-08-14 22:44:01,950 - pyskl - INFO - Epoch [11][600/6265]	lr: 7.501e-03, eta: 3:41:21, time: 0.356, data_time: 0.000, memory: 3356, top1_acc: 0.9709, top5_acc: 0.9994, loss_cls: 0.1174, loss: 0.1174
2026-08-14 22:44:37,524 - pyskl - INFO - Epoch [11][700/6265]	lr: 7.465e-03, eta: 3:40:45, time: 0.356, data_time: 0.000, memory: 3356, top1_acc: 0.9750, top5_acc: 0.9988, loss_cls: 0.1083, loss: 0.1083
2026-08-14 22:45:13,114 - pyskl - INFO - Epoch [11][800/6265]	lr: 7.429e-03, eta: 3:40:08, time: 0.356, data_time: 0.000, memory: 3356, top1_acc: 0.9688, top5_acc: 0.9997, loss_cls: 0.1181, loss: 0.1181
2026-08-14 22:45:48,692 - pyskl - INFO - Epoch [11][900/6265]	lr: 7.393e-03, eta: 3:39:32, time: 0.356, data_time: 0.000, memory: 3356, top1_acc: 0.9656, top5_acc: 0.9994, loss_cls: 0.1271, loss: 0.1271
2026-08-14 22:46:24,248 - pyskl - INFO - Epoch [11][1000/6265]	lr: 7.357e-03, eta: 3:38:56, time: 0.356, data_time: 0.000, memory: 3356, top1_acc: 0.9728, top5_acc: 0.9984, loss_cls: 0.1108, loss: 0.1108
2026-08-14 22:46:59,812 - pyskl - INFO - Epoch [11][1100/6265]	lr: 7.322e-03, eta: 3:38:20, time: 0.356, data_time: 0.000, memory: 3356, top1_acc: 0.9741, top5_acc: 0.9988, loss_cls: 0.1078, loss: 0.1078
2026-08-14 22:47:35,398 - pyskl - INFO - Epoch [11][1200/6265]	lr: 7.286e-03, eta: 3:37:44, time: 0.356, data_time: 0.000, memory: 3356, top1_acc: 0.9719, top5_acc: 0.9984, loss_cls: 0.1189, loss: 0.1189
2026-08-14 22:48:11,040 - pyskl - INFO - Epoch [11][1300/6265]	lr: 7.250e-03, eta: 3:37:08, time: 0.356, data_time: 0.000, memory: 3356, top1_acc: 0.9694, top5_acc: 0.9994, loss_cls: 0.1154, loss: 0.1154
2026-08-14 22:48:46,677 - pyskl - INFO - Epoch [11][1400/6265]	lr: 7.215e-03, eta: 3:36:32, time: 0.356, data_time: 0.000, memory: 3356, top1_acc: 0.9725, top5_acc: 0.9991, loss_cls: 0.1069, loss: 0.1069
2026-08-14 22:49:22,303 - pyskl - INFO - Epoch [11][1500/6265]	lr: 7.179e-03, eta: 3:35:56, time: 0.356, data_time: 0.000, memory: 3356, top1_acc: 0.9747, top5_acc: 0.9988, loss_cls: 0.1125, loss: 0.1125
2026-08-14 22:49:57,935 - pyskl - INFO - Epoch [11][1600/6265]	lr: 7.144e-03, eta: 3:35:20, time: 0.356, data_time: 0.000, memory: 3356, top1_acc: 0.9747, top5_acc: 1.0000, loss_cls: 0.1041, loss: 0.1041
2026-08-14 22:50:33,588 - pyskl - INFO - Epoch [11][1700/6265]	lr: 7.109e-03, eta: 3:34:44, time: 0.357, data_time: 0.000, memory: 3356, top1_acc: 0.9703, top5_acc: 0.9984, loss_cls: 0.1164, loss: 0.1164
2026-08-14 22:51:09,147 - pyskl - INFO - Epoch [11][1800/6265]	lr: 7.073e-03, eta: 3:34:08, time: 0.356, data_time: 0.000, memory: 3356, top1_acc: 0.9775, top5_acc: 0.9988, loss_cls: 0.1010, loss: 0.1010
2026-08-14 22:51:44,704 - pyskl - INFO - Epoch [11][1900/6265]	lr: 7.038e-03, eta: 3:33:32, time: 0.356, data_time: 0.000, memory: 3356, top1_acc: 0.9688, top5_acc: 0.9994, loss_cls: 0.1139, loss: 0.1139
2026-08-14 22:52:20,284 - pyskl - INFO - Epoch [11][2000/6265]	lr: 7.003e-03, eta: 3:32:56, time: 0.356, data_time: 0.000, memory: 3356, top1_acc: 0.9719, top5_acc: 0.9994, loss_cls: 0.1185, loss: 0.1185
2026-08-14 22:52:55,849 - pyskl - INFO - Epoch [11][2100/6265]	lr: 6.968e-03, eta: 3:32:20, time: 0.356, data_time: 0.000, memory: 3356, top1_acc: 0.9706, top5_acc: 0.9991, loss_cls: 0.1110, loss: 0.1110
2026-08-14 22:53:31,438 - pyskl - INFO - Epoch [11][2200/6265]	lr: 6.933e-03, eta: 3:31:43, time: 0.356, data_time: 0.000, memory: 3356, top1_acc: 0.9722, top5_acc: 0.9991, loss_cls: 0.1072, loss: 0.1072
2026-08-14 22:54:07,008 - pyskl - INFO - Epoch [11][2300/6265]	lr: 6.897e-03, eta: 3:31:07, time: 0.356, data_time: 0.000, memory: 3356, top1_acc: 0.9731, top5_acc: 0.9984, loss_cls: 0.1109, loss: 0.1109
2026-08-14 22:54:42,642 - pyskl - INFO - Epoch [11][2400/6265]	lr: 6.862e-03, eta: 3:30:31, time: 0.356, data_time: 0.000, memory: 3356, top1_acc: 0.9744, top5_acc: 0.9994, loss_cls: 0.1139, loss: 0.1139
2026-08-14 22:55:18,264 - pyskl - INFO - Epoch [11][2500/6265]	lr: 6.828e-03, eta: 3:29:55, time: 0.356, data_time: 0.000, memory: 3356, top1_acc: 0.9709, top5_acc: 0.9991, loss_cls: 0.1111, loss: 0.1111
2026-08-14 22:55:53,856 - pyskl - INFO - Epoch [11][2600/6265]	lr: 6.793e-03, eta: 3:29:19, time: 0.356, data_time: 0.000, memory: 3356, top1_acc: 0.9725, top5_acc: 0.9994, loss_cls: 0.1131, loss: 0.1131
2026-08-14 22:56:29,406 - pyskl - INFO - Epoch [11][2700/6265]	lr: 6.758e-03, eta: 3:28:43, time: 0.356, data_time: 0.000, memory: 3356, top1_acc: 0.9678, top5_acc: 0.9981, loss_cls: 0.1300, loss: 0.1300
2026-08-14 22:57:04,986 - pyskl - INFO - Epoch [11][2800/6265]	lr: 6.723e-03, eta: 3:28:07, time: 0.356, data_time: 0.000, memory: 3356, top1_acc: 0.9784, top5_acc: 0.9994, loss_cls: 0.0999, loss: 0.0999
2026-08-14 22:57:40,571 - pyskl - INFO - Epoch [11][2900/6265]	lr: 6.688e-03, eta: 3:27:31, time: 0.356, data_time: 0.000, memory: 3356, top1_acc: 0.9781, top5_acc: 0.9988, loss_cls: 0.0936, loss: 0.0936
2026-08-14 22:58:16,133 - pyskl - INFO - Epoch [11][3000/6265]	lr: 6.654e-03, eta: 3:26:55, time: 0.356, data_time: 0.000, memory: 3356, top1_acc: 0.9734, top5_acc: 0.9984, loss_cls: 0.1081, loss: 0.1081
2026-08-14 22:58:51,710 - pyskl - INFO - Epoch [11][3100/6265]	lr: 6.619e-03, eta: 3:26:19, time: 0.356, data_time: 0.000, memory: 3356, top1_acc: 0.9747, top5_acc: 0.9997, loss_cls: 0.1037, loss: 0.1037
2026-08-14 22:59:27,269 - pyskl - INFO - Epoch [11][3200/6265]	lr: 6.585e-03, eta: 3:25:43, time: 0.356, data_time: 0.000, memory: 3356, top1_acc: 0.9750, top5_acc: 0.9997, loss_cls: 0.1081, loss: 0.1081
2026-08-14 23:00:02,815 - pyskl - INFO - Epoch [11][3300/6265]	lr: 6.550e-03, eta: 3:25:07, time: 0.355, data_time: 0.000, memory: 3356, top1_acc: 0.9744, top5_acc: 0.9981, loss_cls: 0.1087, loss: 0.1087
2026-08-14 23:00:38,372 - pyskl - INFO - Epoch [11][3400/6265]	lr: 6.516e-03, eta: 3:24:31, time: 0.356, data_time: 0.000, memory: 3356, top1_acc: 0.9719, top5_acc: 0.9994, loss_cls: 0.1077, loss: 0.1077
2026-08-14 23:01:13,929 - pyskl - INFO - Epoch [11][3500/6265]	lr: 6.481e-03, eta: 3:23:55, time: 0.356, data_time: 0.000, memory: 3356, top1_acc: 0.9741, top5_acc: 0.9994, loss_cls: 0.0946, loss: 0.0946
2026-08-14 23:01:49,486 - pyskl - INFO - Epoch [11][3600/6265]	lr: 6.447e-03, eta: 3:23:19, time: 0.356, data_time: 0.000, memory: 3356, top1_acc: 0.9728, top5_acc: 0.9991, loss_cls: 0.1107, loss: 0.1107
2026-08-14 23:02:25,044 - pyskl - INFO - Epoch [11][3700/6265]	lr: 6.413e-03, eta: 3:22:43, time: 0.356, data_time: 0.000, memory: 3356, top1_acc: 0.9738, top5_acc: 0.9997, loss_cls: 0.1046, loss: 0.1046
2026-08-14 23:03:00,618 - pyskl - INFO - Epoch [11][3800/6265]	lr: 6.379e-03, eta: 3:22:06, time: 0.356, data_time: 0.000, memory: 3356, top1_acc: 0.9744, top5_acc: 0.9997, loss_cls: 0.1075, loss: 0.1075
2026-08-14 23:03:36,168 - pyskl - INFO - Epoch [11][3900/6265]	lr: 6.344e-03, eta: 3:21:30, time: 0.355, data_time: 0.000, memory: 3356, top1_acc: 0.9762, top5_acc: 0.9997, loss_cls: 0.1016, loss: 0.1016
2026-08-14 23:04:11,728 - pyskl - INFO - Epoch [11][4000/6265]	lr: 6.310e-03, eta: 3:20:54, time: 0.356, data_time: 0.000, memory: 3356, top1_acc: 0.9766, top5_acc: 0.9997, loss_cls: 0.0967, loss: 0.0967
2026-08-14 23:04:47,302 - pyskl - INFO - Epoch [11][4100/6265]	lr: 6.276e-03, eta: 3:20:18, time: 0.356, data_time: 0.000, memory: 3356, top1_acc: 0.9709, top5_acc: 0.9994, loss_cls: 0.1058, loss: 0.1058
2026-08-14 23:05:22,877 - pyskl - INFO - Epoch [11][4200/6265]	lr: 6.242e-03, eta: 3:19:42, time: 0.356, data_time: 0.000, memory: 3356, top1_acc: 0.9744, top5_acc: 0.9994, loss_cls: 0.1080, loss: 0.1080
2026-08-14 23:05:58,430 - pyskl - INFO - Epoch [11][4300/6265]	lr: 6.209e-03, eta: 3:19:06, time: 0.356, data_time: 0.000, memory: 3356, top1_acc: 0.9803, top5_acc: 1.0000, loss_cls: 0.0820, loss: 0.0820
2026-08-14 23:06:34,000 - pyskl - INFO - Epoch [11][4400/6265]	lr: 6.175e-03, eta: 3:18:30, time: 0.356, data_time: 0.000, memory: 3356, top1_acc: 0.9741, top5_acc: 0.9984, loss_cls: 0.1063, loss: 0.1063
2026-08-14 23:07:09,555 - pyskl - INFO - Epoch [11][4500/6265]	lr: 6.141e-03, eta: 3:17:54, time: 0.356, data_time: 0.000, memory: 3356, top1_acc: 0.9731, top5_acc: 0.9994, loss_cls: 0.0942, loss: 0.0942
2026-08-14 23:07:45,128 - pyskl - INFO - Epoch [11][4600/6265]	lr: 6.107e-03, eta: 3:17:18, time: 0.356, data_time: 0.000, memory: 3356, top1_acc: 0.9812, top5_acc: 0.9997, loss_cls: 0.0873, loss: 0.0873
2026-08-14 23:08:20,699 - pyskl - INFO - Epoch [11][4700/6265]	lr: 6.074e-03, eta: 3:16:42, time: 0.356, data_time: 0.000, memory: 3356, top1_acc: 0.9781, top5_acc: 0.9991, loss_cls: 0.0946, loss: 0.0946
2026-08-14 23:08:56,277 - pyskl - INFO - Epoch [11][4800/6265]	lr: 6.040e-03, eta: 3:16:06, time: 0.356, data_time: 0.000, memory: 3356, top1_acc: 0.9778, top5_acc: 0.9997, loss_cls: 0.0920, loss: 0.0920
2026-08-14 23:09:31,851 - pyskl - INFO - Epoch [11][4900/6265]	lr: 6.007e-03, eta: 3:15:30, time: 0.356, data_time: 0.000, memory: 3356, top1_acc: 0.9775, top5_acc: 0.9994, loss_cls: 0.0914, loss: 0.0914
2026-08-14 23:10:07,436 - pyskl - INFO - Epoch [11][5000/6265]	lr: 5.973e-03, eta: 3:14:54, time: 0.356, data_time: 0.000, memory: 3356, top1_acc: 0.9800, top5_acc: 0.9997, loss_cls: 0.0813, loss: 0.0813
2026-08-14 23:10:43,004 - pyskl - INFO - Epoch [11][5100/6265]	lr: 5.940e-03, eta: 3:14:18, time: 0.356, data_time: 0.000, memory: 3356, top1_acc: 0.9794, top5_acc: 1.0000, loss_cls: 0.0849, loss: 0.0849
2026-08-14 23:11:18,562 - pyskl - INFO - Epoch [11][5200/6265]	lr: 5.906e-03, eta: 3:13:42, time: 0.356, data_time: 0.000, memory: 3356, top1_acc: 0.9788, top5_acc: 1.0000, loss_cls: 0.0856, loss: 0.0856
2026-08-14 23:11:54,100 - pyskl - INFO - Epoch [11][5300/6265]	lr: 5.873e-03, eta: 3:13:06, time: 0.355, data_time: 0.000, memory: 3356, top1_acc: 0.9816, top5_acc: 0.9994, loss_cls: 0.0785, loss: 0.0785
2026-08-14 23:12:29,728 - pyskl - INFO - Epoch [11][5400/6265]	lr: 5.840e-03, eta: 3:12:30, time: 0.356, data_time: 0.000, memory: 3356, top1_acc: 0.9875, top5_acc: 1.0000, loss_cls: 0.0701, loss: 0.0701
2026-08-14 23:13:05,407 - pyskl - INFO - Epoch [11][5500/6265]	lr: 5.807e-03, eta: 3:11:54, time: 0.357, data_time: 0.000, memory: 3356, top1_acc: 0.9781, top5_acc: 0.9997, loss_cls: 0.0797, loss: 0.0797
2026-08-14 23:13:41,015 - pyskl - INFO - Epoch [11][5600/6265]	lr: 5.774e-03, eta: 3:11:18, time: 0.356, data_time: 0.000, memory: 3356, top1_acc: 0.9756, top5_acc: 0.9994, loss_cls: 0.0872, loss: 0.0872
2026-08-14 23:14:16,591 - pyskl - INFO - Epoch [11][5700/6265]	lr: 5.741e-03, eta: 3:10:42, time: 0.356, data_time: 0.000, memory: 3356, top1_acc: 0.9822, top5_acc: 0.9997, loss_cls: 0.0795, loss: 0.0795
2026-08-14 23:14:52,181 - pyskl - INFO - Epoch [11][5800/6265]	lr: 5.708e-03, eta: 3:10:06, time: 0.356, data_time: 0.000, memory: 3356, top1_acc: 0.9819, top5_acc: 0.9991, loss_cls: 0.0835, loss: 0.0835
2026-08-14 23:15:27,774 - pyskl - INFO - Epoch [11][5900/6265]	lr: 5.675e-03, eta: 3:09:30, time: 0.356, data_time: 0.000, memory: 3356, top1_acc: 0.9809, top5_acc: 0.9997, loss_cls: 0.0828, loss: 0.0828
2026-08-14 23:16:03,360 - pyskl - INFO - Epoch [11][6000/6265]	lr: 5.642e-03, eta: 3:08:54, time: 0.356, data_time: 0.000, memory: 3356, top1_acc: 0.9853, top5_acc: 1.0000, loss_cls: 0.0699, loss: 0.0699
2026-08-14 23:16:38,933 - pyskl - INFO - Epoch [11][6100/6265]	lr: 5.610e-03, eta: 3:08:18, time: 0.356, data_time: 0.000, memory: 3356, top1_acc: 0.9862, top5_acc: 1.0000, loss_cls: 0.0726, loss: 0.0726
2026-08-14 23:17:14,535 - pyskl - INFO - Epoch [11][6200/6265]	lr: 5.577e-03, eta: 3:07:42, time: 0.356, data_time: 0.000, memory: 3356, top1_acc: 0.9822, top5_acc: 0.9994, loss_cls: 0.0745, loss: 0.0745
2026-08-14 23:17:37,662 - pyskl - INFO - Saving checkpoint at 11 epochs
2026-08-14 23:18:33,690 - pyskl - INFO - Evaluating top_k_accuracy ...
2026-08-14 23:18:33,731 - pyskl - INFO - 
top1_acc	0.8478
top5_acc	0.9707
2026-08-14 23:18:33,733 - pyskl - INFO - The previous best checkpoint D:\YxjProject\pythonProject\pyskl\work_dirs\stgcn\stgcn_pyskl_ntu60_xsub_3dkp\j_single_gpu_seed3407\best_top1_acc_epoch_10.pth was removed
2026-08-14 23:18:33,815 - pyskl - INFO - Now best checkpoint is saved as best_top1_acc_epoch_11.pth.
2026-08-14 23:18:33,815 - pyskl - INFO - Best top1_acc is 0.8478 at 11 epoch.
2026-08-14 23:18:33,817 - pyskl - INFO - Epoch(val) [11][516]	top1_acc: 0.8478, top5_acc: 0.9707
2026-08-14 23:19:17,697 - pyskl - INFO - Epoch [12][100/6265]	lr: 5.523e-03, eta: 3:06:36, time: 0.439, data_time: 0.085, memory: 3356, top1_acc: 0.9797, top5_acc: 0.9997, loss_cls: 0.0838, loss: 0.0838
2026-08-14 23:19:53,207 - pyskl - INFO - Epoch [12][200/6265]	lr: 5.491e-03, eta: 3:06:00, time: 0.355, data_time: 0.000, memory: 3356, top1_acc: 0.9869, top5_acc: 0.9997, loss_cls: 0.0658, loss: 0.0658
2026-08-14 23:20:28,773 - pyskl - INFO - Epoch [12][300/6265]	lr: 5.458e-03, eta: 3:05:24, time: 0.356, data_time: 0.000, memory: 3356, top1_acc: 0.9847, top5_acc: 1.0000, loss_cls: 0.0664, loss: 0.0664
2026-08-14 23:21:04,389 - pyskl - INFO - Epoch [12][400/6265]	lr: 5.426e-03, eta: 3:04:48, time: 0.356, data_time: 0.000, memory: 3356, top1_acc: 0.9888, top5_acc: 0.9997, loss_cls: 0.0562, loss: 0.0562
2026-08-14 23:21:39,973 - pyskl - INFO - Epoch [12][500/6265]	lr: 5.394e-03, eta: 3:04:12, time: 0.356, data_time: 0.000, memory: 3356, top1_acc: 0.9872, top5_acc: 0.9997, loss_cls: 0.0651, loss: 0.0651
2026-08-14 23:22:15,581 - pyskl - INFO - Epoch [12][600/6265]	lr: 5.361e-03, eta: 3:03:36, time: 0.356, data_time: 0.000, memory: 3356, top1_acc: 0.9816, top5_acc: 1.0000, loss_cls: 0.0737, loss: 0.0737
2026-08-14 23:22:51,172 - pyskl - INFO - Epoch [12][700/6265]	lr: 5.329e-03, eta: 3:03:00, time: 0.356, data_time: 0.000, memory: 3356, top1_acc: 0.9859, top5_acc: 1.0000, loss_cls: 0.0702, loss: 0.0702
2026-08-14 23:23:26,766 - pyskl - INFO - Epoch [12][800/6265]	lr: 5.297e-03, eta: 3:02:24, time: 0.356, data_time: 0.000, memory: 3356, top1_acc: 0.9834, top5_acc: 0.9994, loss_cls: 0.0732, loss: 0.0732
2026-08-14 23:24:02,357 - pyskl - INFO - Epoch [12][900/6265]	lr: 5.265e-03, eta: 3:01:48, time: 0.356, data_time: 0.000, memory: 3356, top1_acc: 0.9856, top5_acc: 0.9994, loss_cls: 0.0742, loss: 0.0742
2026-08-14 23:24:37,947 - pyskl - INFO - Epoch [12][1000/6265]	lr: 5.233e-03, eta: 3:01:12, time: 0.356, data_time: 0.000, memory: 3356, top1_acc: 0.9859, top5_acc: 1.0000, loss_cls: 0.0683, loss: 0.0683
2026-08-14 23:25:13,543 - pyskl - INFO - Epoch [12][1100/6265]	lr: 5.202e-03, eta: 3:00:36, time: 0.356, data_time: 0.000, memory: 3356, top1_acc: 0.9856, top5_acc: 1.0000, loss_cls: 0.0636, loss: 0.0636
2026-08-14 23:25:49,107 - pyskl - INFO - Epoch [12][1200/6265]	lr: 5.170e-03, eta: 3:00:00, time: 0.356, data_time: 0.000, memory: 3356, top1_acc: 0.9878, top5_acc: 1.0000, loss_cls: 0.0623, loss: 0.0623
2026-08-14 23:26:24,702 - pyskl - INFO - Epoch [12][1300/6265]	lr: 5.138e-03, eta: 2:59:24, time: 0.356, data_time: 0.000, memory: 3356, top1_acc: 0.9878, top5_acc: 0.9997, loss_cls: 0.0608, loss: 0.0608
2026-08-14 23:27:00,281 - pyskl - INFO - Epoch [12][1400/6265]	lr: 5.106e-03, eta: 2:58:48, time: 0.356, data_time: 0.000, memory: 3356, top1_acc: 0.9897, top5_acc: 1.0000, loss_cls: 0.0623, loss: 0.0623
2026-08-14 23:27:35,873 - pyskl - INFO - Epoch [12][1500/6265]	lr: 5.075e-03, eta: 2:58:12, time: 0.356, data_time: 0.000, memory: 3356, top1_acc: 0.9912, top5_acc: 1.0000, loss_cls: 0.0533, loss: 0.0533
2026-08-14 23:28:11,462 - pyskl - INFO - Epoch [12][1600/6265]	lr: 5.043e-03, eta: 2:57:36, time: 0.356, data_time: 0.000, memory: 3356, top1_acc: 0.9869, top5_acc: 0.9997, loss_cls: 0.0635, loss: 0.0635
2026-08-14 23:28:47,116 - pyskl - INFO - Epoch [12][1700/6265]	lr: 5.012e-03, eta: 2:57:00, time: 0.357, data_time: 0.000, memory: 3356, top1_acc: 0.9888, top5_acc: 1.0000, loss_cls: 0.0580, loss: 0.0580
2026-08-14 23:29:22,786 - pyskl - INFO - Epoch [12][1800/6265]	lr: 4.981e-03, eta: 2:56:24, time: 0.357, data_time: 0.000, memory: 3356, top1_acc: 0.9850, top5_acc: 0.9997, loss_cls: 0.0683, loss: 0.0683
2026-08-14 23:29:58,463 - pyskl - INFO - Epoch [12][1900/6265]	lr: 4.949e-03, eta: 2:55:48, time: 0.357, data_time: 0.000, memory: 3356, top1_acc: 0.9881, top5_acc: 0.9997, loss_cls: 0.0581, loss: 0.0581
2026-08-14 23:30:34,100 - pyskl - INFO - Epoch [12][2000/6265]	lr: 4.918e-03, eta: 2:55:12, time: 0.356, data_time: 0.000, memory: 3356, top1_acc: 0.9906, top5_acc: 0.9997, loss_cls: 0.0555, loss: 0.0555
2026-08-14 23:31:09,755 - pyskl - INFO - Epoch [12][2100/6265]	lr: 4.887e-03, eta: 2:54:36, time: 0.357, data_time: 0.000, memory: 3356, top1_acc: 0.9919, top5_acc: 0.9997, loss_cls: 0.0487, loss: 0.0487
2026-08-14 23:31:45,387 - pyskl - INFO - Epoch [12][2200/6265]	lr: 4.856e-03, eta: 2:54:00, time: 0.356, data_time: 0.000, memory: 3356, top1_acc: 0.9891, top5_acc: 0.9997, loss_cls: 0.0517, loss: 0.0517
2026-08-14 23:32:21,045 - pyskl - INFO - Epoch [12][2300/6265]	lr: 4.825e-03, eta: 2:53:25, time: 0.357, data_time: 0.000, memory: 3356, top1_acc: 0.9925, top5_acc: 1.0000, loss_cls: 0.0495, loss: 0.0495
2026-08-14 23:32:56,636 - pyskl - INFO - Epoch [12][2400/6265]	lr: 4.794e-03, eta: 2:52:49, time: 0.356, data_time: 0.000, memory: 3356, top1_acc: 0.9922, top5_acc: 0.9994, loss_cls: 0.0489, loss: 0.0489
2026-08-14 23:33:32,237 - pyskl - INFO - Epoch [12][2500/6265]	lr: 4.763e-03, eta: 2:52:13, time: 0.356, data_time: 0.000, memory: 3356, top1_acc: 0.9906, top5_acc: 1.0000, loss_cls: 0.0485, loss: 0.0485
2026-08-14 23:34:07,814 - pyskl - INFO - Epoch [12][2600/6265]	lr: 4.733e-03, eta: 2:51:37, time: 0.356, data_time: 0.000, memory: 3356, top1_acc: 0.9900, top5_acc: 0.9997, loss_cls: 0.0518, loss: 0.0518
2026-08-14 23:34:43,402 - pyskl - INFO - Epoch [12][2700/6265]	lr: 4.702e-03, eta: 2:51:01, time: 0.356, data_time: 0.000, memory: 3356, top1_acc: 0.9872, top5_acc: 1.0000, loss_cls: 0.0587, loss: 0.0587
2026-08-14 23:35:19,001 - pyskl - INFO - Epoch [12][2800/6265]	lr: 4.672e-03, eta: 2:50:25, time: 0.356, data_time: 0.000, memory: 3356, top1_acc: 0.9844, top5_acc: 0.9997, loss_cls: 0.0651, loss: 0.0651
2026-08-14 23:35:54,616 - pyskl - INFO - Epoch [12][2900/6265]	lr: 4.641e-03, eta: 2:49:49, time: 0.356, data_time: 0.000, memory: 3356, top1_acc: 0.9891, top5_acc: 1.0000, loss_cls: 0.0579, loss: 0.0579
2026-08-14 23:36:30,225 - pyskl - INFO - Epoch [12][3000/6265]	lr: 4.611e-03, eta: 2:49:13, time: 0.356, data_time: 0.000, memory: 3356, top1_acc: 0.9909, top5_acc: 1.0000, loss_cls: 0.0529, loss: 0.0529
2026-08-14 23:37:05,784 - pyskl - INFO - Epoch [12][3100/6265]	lr: 4.580e-03, eta: 2:48:37, time: 0.356, data_time: 0.000, memory: 3356, top1_acc: 0.9903, top5_acc: 1.0000, loss_cls: 0.0581, loss: 0.0581
2026-08-14 23:37:41,356 - pyskl - INFO - Epoch [12][3200/6265]	lr: 4.550e-03, eta: 2:48:01, time: 0.356, data_time: 0.000, memory: 3356, top1_acc: 0.9922, top5_acc: 1.0000, loss_cls: 0.0521, loss: 0.0521
2026-08-14 23:38:16,954 - pyskl - INFO - Epoch [12][3300/6265]	lr: 4.520e-03, eta: 2:47:25, time: 0.356, data_time: 0.000, memory: 3356, top1_acc: 0.9884, top5_acc: 1.0000, loss_cls: 0.0608, loss: 0.0608
2026-08-14 23:38:52,549 - pyskl - INFO - Epoch [12][3400/6265]	lr: 4.490e-03, eta: 2:46:49, time: 0.356, data_time: 0.000, memory: 3356, top1_acc: 0.9941, top5_acc: 0.9997, loss_cls: 0.0431, loss: 0.0431
2026-08-14 23:39:28,152 - pyskl - INFO - Epoch [12][3500/6265]	lr: 4.460e-03, eta: 2:46:13, time: 0.356, data_time: 0.000, memory: 3356, top1_acc: 0.9912, top5_acc: 1.0000, loss_cls: 0.0476, loss: 0.0476
2026-08-14 23:40:03,739 - pyskl - INFO - Epoch [12][3600/6265]	lr: 4.430e-03, eta: 2:45:37, time: 0.356, data_time: 0.000, memory: 3356, top1_acc: 0.9919, top5_acc: 1.0000, loss_cls: 0.0502, loss: 0.0502
2026-08-14 23:40:39,349 - pyskl - INFO - Epoch [12][3700/6265]	lr: 4.400e-03, eta: 2:45:01, time: 0.356, data_time: 0.000, memory: 3356, top1_acc: 0.9956, top5_acc: 1.0000, loss_cls: 0.0389, loss: 0.0389
2026-08-14 23:41:14,945 - pyskl - INFO - Epoch [12][3800/6265]	lr: 4.370e-03, eta: 2:44:25, time: 0.356, data_time: 0.000, memory: 3356, top1_acc: 0.9938, top5_acc: 1.0000, loss_cls: 0.0430, loss: 0.0430
2026-08-14 23:41:50,543 - pyskl - INFO - Epoch [12][3900/6265]	lr: 4.340e-03, eta: 2:43:49, time: 0.356, data_time: 0.000, memory: 3356, top1_acc: 0.9931, top5_acc: 0.9997, loss_cls: 0.0439, loss: 0.0439
2026-08-14 23:42:26,120 - pyskl - INFO - Epoch [12][4000/6265]	lr: 4.311e-03, eta: 2:43:13, time: 0.356, data_time: 0.000, memory: 3356, top1_acc: 0.9912, top5_acc: 1.0000, loss_cls: 0.0403, loss: 0.0403
2026-08-14 23:43:01,742 - pyskl - INFO - Epoch [12][4100/6265]	lr: 4.281e-03, eta: 2:42:38, time: 0.356, data_time: 0.000, memory: 3356, top1_acc: 0.9903, top5_acc: 1.0000, loss_cls: 0.0487, loss: 0.0487
2026-08-14 23:43:37,334 - pyskl - INFO - Epoch [12][4200/6265]	lr: 4.252e-03, eta: 2:42:02, time: 0.356, data_time: 0.000, memory: 3356, top1_acc: 0.9903, top5_acc: 1.0000, loss_cls: 0.0468, loss: 0.0468
2026-08-14 23:44:12,920 - pyskl - INFO - Epoch [12][4300/6265]	lr: 4.222e-03, eta: 2:41:26, time: 0.356, data_time: 0.000, memory: 3356, top1_acc: 0.9912, top5_acc: 1.0000, loss_cls: 0.0499, loss: 0.0499
2026-08-14 23:44:48,499 - pyskl - INFO - Epoch [12][4400/6265]	lr: 4.193e-03, eta: 2:40:50, time: 0.356, data_time: 0.000, memory: 3356, top1_acc: 0.9884, top5_acc: 1.0000, loss_cls: 0.0516, loss: 0.0516
2026-08-14 23:45:24,129 - pyskl - INFO - Epoch [12][4500/6265]	lr: 4.164e-03, eta: 2:40:14, time: 0.356, data_time: 0.000, memory: 3356, top1_acc: 0.9912, top5_acc: 1.0000, loss_cls: 0.0530, loss: 0.0530
2026-08-14 23:45:59,827 - pyskl - INFO - Epoch [12][4600/6265]	lr: 4.135e-03, eta: 2:39:38, time: 0.357, data_time: 0.000, memory: 3356, top1_acc: 0.9912, top5_acc: 1.0000, loss_cls: 0.0501, loss: 0.0501
2026-08-14 23:46:35,507 - pyskl - INFO - Epoch [12][4700/6265]	lr: 4.105e-03, eta: 2:39:02, time: 0.357, data_time: 0.000, memory: 3356, top1_acc: 0.9916, top5_acc: 1.0000, loss_cls: 0.0456, loss: 0.0456
2026-08-14 23:47:11,173 - pyskl - INFO - Epoch [12][4800/6265]	lr: 4.076e-03, eta: 2:38:26, time: 0.357, data_time: 0.000, memory: 3356, top1_acc: 0.9922, top5_acc: 1.0000, loss_cls: 0.0462, loss: 0.0462
2026-08-14 23:47:46,844 - pyskl - INFO - Epoch [12][4900/6265]	lr: 4.048e-03, eta: 2:37:50, time: 0.357, data_time: 0.000, memory: 3356, top1_acc: 0.9934, top5_acc: 1.0000, loss_cls: 0.0407, loss: 0.0407
2026-08-14 23:48:22,519 - pyskl - INFO - Epoch [12][5000/6265]	lr: 4.019e-03, eta: 2:37:14, time: 0.357, data_time: 0.000, memory: 3356, top1_acc: 0.9931, top5_acc: 1.0000, loss_cls: 0.0392, loss: 0.0392
2026-08-14 23:48:58,195 - pyskl - INFO - Epoch [12][5100/6265]	lr: 3.990e-03, eta: 2:36:38, time: 0.357, data_time: 0.000, memory: 3356, top1_acc: 0.9972, top5_acc: 1.0000, loss_cls: 0.0285, loss: 0.0285
2026-08-14 23:49:33,884 - pyskl - INFO - Epoch [12][5200/6265]	lr: 3.961e-03, eta: 2:36:03, time: 0.357, data_time: 0.000, memory: 3356, top1_acc: 0.9947, top5_acc: 1.0000, loss_cls: 0.0375, loss: 0.0375
2026-08-14 23:50:09,582 - pyskl - INFO - Epoch [12][5300/6265]	lr: 3.933e-03, eta: 2:35:27, time: 0.357, data_time: 0.000, memory: 3356, top1_acc: 0.9991, top5_acc: 1.0000, loss_cls: 0.0284, loss: 0.0284
2026-08-14 23:50:45,253 - pyskl - INFO - Epoch [12][5400/6265]	lr: 3.904e-03, eta: 2:34:51, time: 0.357, data_time: 0.000, memory: 3356, top1_acc: 0.9956, top5_acc: 1.0000, loss_cls: 0.0346, loss: 0.0346
2026-08-14 23:51:20,841 - pyskl - INFO - Epoch [12][5500/6265]	lr: 3.876e-03, eta: 2:34:15, time: 0.356, data_time: 0.000, memory: 3356, top1_acc: 0.9925, top5_acc: 1.0000, loss_cls: 0.0427, loss: 0.0427
2026-08-14 23:51:56,422 - pyskl - INFO - Epoch [12][5600/6265]	lr: 3.848e-03, eta: 2:33:39, time: 0.356, data_time: 0.000, memory: 3356, top1_acc: 0.9938, top5_acc: 1.0000, loss_cls: 0.0378, loss: 0.0378
2026-08-14 23:52:32,033 - pyskl - INFO - Epoch [12][5700/6265]	lr: 3.819e-03, eta: 2:33:03, time: 0.356, data_time: 0.000, memory: 3356, top1_acc: 0.9959, top5_acc: 1.0000, loss_cls: 0.0353, loss: 0.0353
2026-08-14 23:53:07,620 - pyskl - INFO - Epoch [12][5800/6265]	lr: 3.791e-03, eta: 2:32:27, time: 0.356, data_time: 0.000, memory: 3356, top1_acc: 0.9962, top5_acc: 1.0000, loss_cls: 0.0304, loss: 0.0304
2026-08-14 23:53:43,215 - pyskl - INFO - Epoch [12][5900/6265]	lr: 3.763e-03, eta: 2:31:51, time: 0.356, data_time: 0.000, memory: 3356, top1_acc: 0.9953, top5_acc: 1.0000, loss_cls: 0.0337, loss: 0.0337
2026-08-14 23:54:18,810 - pyskl - INFO - Epoch [12][6000/6265]	lr: 3.735e-03, eta: 2:31:15, time: 0.356, data_time: 0.000, memory: 3356, top1_acc: 0.9950, top5_acc: 1.0000, loss_cls: 0.0351, loss: 0.0351
2026-08-14 23:54:54,420 - pyskl - INFO - Epoch [12][6100/6265]	lr: 3.707e-03, eta: 2:30:39, time: 0.356, data_time: 0.000, memory: 3356, top1_acc: 0.9925, top5_acc: 1.0000, loss_cls: 0.0357, loss: 0.0357
2026-08-14 23:55:30,022 - pyskl - INFO - Epoch [12][6200/6265]	lr: 3.679e-03, eta: 2:30:03, time: 0.356, data_time: 0.000, memory: 3356, top1_acc: 0.9962, top5_acc: 1.0000, loss_cls: 0.0314, loss: 0.0314
2026-08-14 23:55:53,181 - pyskl - INFO - Saving checkpoint at 12 epochs
2026-08-14 23:56:49,365 - pyskl - INFO - Evaluating top_k_accuracy ...
2026-08-14 23:56:49,407 - pyskl - INFO - 
top1_acc	0.8675
top5_acc	0.9745
2026-08-14 23:56:49,409 - pyskl - INFO - The previous best checkpoint D:\YxjProject\pythonProject\pyskl\work_dirs\stgcn\stgcn_pyskl_ntu60_xsub_3dkp\j_single_gpu_seed3407\best_top1_acc_epoch_11.pth was removed
2026-08-14 23:56:49,496 - pyskl - INFO - Now best checkpoint is saved as best_top1_acc_epoch_12.pth.
2026-08-14 23:56:49,497 - pyskl - INFO - Best top1_acc is 0.8675 at 12 epoch.
2026-08-14 23:56:49,498 - pyskl - INFO - Epoch(val) [12][516]	top1_acc: 0.8675, top5_acc: 0.9745
2026-08-14 23:57:33,446 - pyskl - INFO - Epoch [13][100/6265]	lr: 3.634e-03, eta: 2:28:59, time: 0.439, data_time: 0.085, memory: 3356, top1_acc: 0.9988, top5_acc: 1.0000, loss_cls: 0.0265, loss: 0.0265
2026-08-14 23:58:09,014 - pyskl - INFO - Epoch [13][200/6265]	lr: 3.606e-03, eta: 2:28:23, time: 0.356, data_time: 0.000, memory: 3356, top1_acc: 0.9969, top5_acc: 1.0000, loss_cls: 0.0248, loss: 0.0248
2026-08-14 23:58:44,582 - pyskl - INFO - Epoch [13][300/6265]	lr: 3.579e-03, eta: 2:27:47, time: 0.356, data_time: 0.000, memory: 3356, top1_acc: 0.9962, top5_acc: 1.0000, loss_cls: 0.0270, loss: 0.0270
2026-08-14 23:59:20,172 - pyskl - INFO - Epoch [13][400/6265]	lr: 3.551e-03, eta: 2:27:12, time: 0.356, data_time: 0.000, memory: 3356, top1_acc: 0.9981, top5_acc: 1.0000, loss_cls: 0.0259, loss: 0.0259
2026-08-14 23:59:55,791 - pyskl - INFO - Epoch [13][500/6265]	lr: 3.524e-03, eta: 2:26:36, time: 0.356, data_time: 0.000, memory: 3356, top1_acc: 0.9991, top5_acc: 1.0000, loss_cls: 0.0244, loss: 0.0244
2026-08-15 00:00:31,410 - pyskl - INFO - Epoch [13][600/6265]	lr: 3.497e-03, eta: 2:26:00, time: 0.356, data_time: 0.000, memory: 3356, top1_acc: 0.9981, top5_acc: 1.0000, loss_cls: 0.0206, loss: 0.0206
2026-08-15 00:01:07,026 - pyskl - INFO - Epoch [13][700/6265]	lr: 3.470e-03, eta: 2:25:24, time: 0.356, data_time: 0.000, memory: 3356, top1_acc: 0.9959, top5_acc: 1.0000, loss_cls: 0.0284, loss: 0.0284
2026-08-15 00:01:42,670 - pyskl - INFO - Epoch [13][800/6265]	lr: 3.443e-03, eta: 2:24:48, time: 0.356, data_time: 0.000, memory: 3356, top1_acc: 0.9966, top5_acc: 1.0000, loss_cls: 0.0275, loss: 0.0275
2026-08-15 00:02:18,360 - pyskl - INFO - Epoch [13][900/6265]	lr: 3.416e-03, eta: 2:24:12, time: 0.357, data_time: 0.000, memory: 3356, top1_acc: 0.9975, top5_acc: 1.0000, loss_cls: 0.0235, loss: 0.0235
2026-08-15 00:02:54,067 - pyskl - INFO - Epoch [13][1000/6265]	lr: 3.389e-03, eta: 2:23:36, time: 0.357, data_time: 0.000, memory: 3356, top1_acc: 0.9947, top5_acc: 1.0000, loss_cls: 0.0297, loss: 0.0297
2026-08-15 00:03:29,748 - pyskl - INFO - Epoch [13][1100/6265]	lr: 3.362e-03, eta: 2:23:00, time: 0.357, data_time: 0.000, memory: 3356, top1_acc: 0.9988, top5_acc: 1.0000, loss_cls: 0.0207, loss: 0.0207
2026-08-15 00:04:05,409 - pyskl - INFO - Epoch [13][1200/6265]	lr: 3.335e-03, eta: 2:22:25, time: 0.357, data_time: 0.000, memory: 3356, top1_acc: 0.9966, top5_acc: 1.0000, loss_cls: 0.0277, loss: 0.0277
2026-08-15 00:04:41,096 - pyskl - INFO - Epoch [13][1300/6265]	lr: 3.309e-03, eta: 2:21:49, time: 0.357, data_time: 0.000, memory: 3356, top1_acc: 0.9972, top5_acc: 1.0000, loss_cls: 0.0246, loss: 0.0246
2026-08-15 00:05:16,771 - pyskl - INFO - Epoch [13][1400/6265]	lr: 3.282e-03, eta: 2:21:13, time: 0.357, data_time: 0.000, memory: 3356, top1_acc: 0.9972, top5_acc: 1.0000, loss_cls: 0.0266, loss: 0.0266
2026-08-15 00:05:52,447 - pyskl - INFO - Epoch [13][1500/6265]	lr: 3.256e-03, eta: 2:20:37, time: 0.357, data_time: 0.000, memory: 3356, top1_acc: 0.9959, top5_acc: 1.0000, loss_cls: 0.0266, loss: 0.0266
2026-08-15 00:06:28,145 - pyskl - INFO - Epoch [13][1600/6265]	lr: 3.229e-03, eta: 2:20:01, time: 0.357, data_time: 0.000, memory: 3356, top1_acc: 0.9988, top5_acc: 1.0000, loss_cls: 0.0219, loss: 0.0219
2026-08-15 00:07:03,820 - pyskl - INFO - Epoch [13][1700/6265]	lr: 3.203e-03, eta: 2:19:25, time: 0.357, data_time: 0.000, memory: 3356, top1_acc: 0.9956, top5_acc: 1.0000, loss_cls: 0.0262, loss: 0.0262
2026-08-15 00:07:39,466 - pyskl - INFO - Epoch [13][1800/6265]	lr: 3.177e-03, eta: 2:18:49, time: 0.356, data_time: 0.000, memory: 3356, top1_acc: 0.9984, top5_acc: 1.0000, loss_cls: 0.0200, loss: 0.0200
2026-08-15 00:08:15,125 - pyskl - INFO - Epoch [13][1900/6265]	lr: 3.151e-03, eta: 2:18:14, time: 0.357, data_time: 0.000, memory: 3356, top1_acc: 0.9975, top5_acc: 1.0000, loss_cls: 0.0233, loss: 0.0233
2026-08-15 00:08:50,806 - pyskl - INFO - Epoch [13][2000/6265]	lr: 3.125e-03, eta: 2:17:38, time: 0.357, data_time: 0.000, memory: 3356, top1_acc: 0.9975, top5_acc: 1.0000, loss_cls: 0.0220, loss: 0.0220
2026-08-15 00:09:26,443 - pyskl - INFO - Epoch [13][2100/6265]	lr: 3.099e-03, eta: 2:17:02, time: 0.356, data_time: 0.000, memory: 3356, top1_acc: 0.9978, top5_acc: 1.0000, loss_cls: 0.0213, loss: 0.0213
2026-08-15 00:10:02,030 - pyskl - INFO - Epoch [13][2200/6265]	lr: 3.073e-03, eta: 2:16:26, time: 0.356, data_time: 0.000, memory: 3356, top1_acc: 0.9994, top5_acc: 1.0000, loss_cls: 0.0204, loss: 0.0204
2026-08-15 00:10:37,625 - pyskl - INFO - Epoch [13][2300/6265]	lr: 3.048e-03, eta: 2:15:50, time: 0.356, data_time: 0.000, memory: 3356, top1_acc: 0.9972, top5_acc: 1.0000, loss_cls: 0.0278, loss: 0.0278
2026-08-15 00:11:13,204 - pyskl - INFO - Epoch [13][2400/6265]	lr: 3.022e-03, eta: 2:15:14, time: 0.356, data_time: 0.000, memory: 3356, top1_acc: 0.9984, top5_acc: 1.0000, loss_cls: 0.0214, loss: 0.0214
2026-08-15 00:11:48,788 - pyskl - INFO - Epoch [13][2500/6265]	lr: 2.997e-03, eta: 2:14:38, time: 0.356, data_time: 0.000, memory: 3356, top1_acc: 0.9994, top5_acc: 1.0000, loss_cls: 0.0224, loss: 0.0224
2026-08-15 00:12:24,377 - pyskl - INFO - Epoch [13][2600/6265]	lr: 2.971e-03, eta: 2:14:03, time: 0.356, data_time: 0.000, memory: 3356, top1_acc: 0.9984, top5_acc: 1.0000, loss_cls: 0.0177, loss: 0.0177
2026-08-15 00:12:59,962 - pyskl - INFO - Epoch [13][2700/6265]	lr: 2.946e-03, eta: 2:13:27, time: 0.356, data_time: 0.000, memory: 3356, top1_acc: 1.0000, top5_acc: 1.0000, loss_cls: 0.0159, loss: 0.0159
2026-08-15 00:13:35,572 - pyskl - INFO - Epoch [13][2800/6265]	lr: 2.921e-03, eta: 2:12:51, time: 0.356, data_time: 0.000, memory: 3356, top1_acc: 0.9991, top5_acc: 1.0000, loss_cls: 0.0171, loss: 0.0171
2026-08-15 00:14:11,166 - pyskl - INFO - Epoch [13][2900/6265]	lr: 2.896e-03, eta: 2:12:15, time: 0.356, data_time: 0.000, memory: 3356, top1_acc: 0.9994, top5_acc: 1.0000, loss_cls: 0.0161, loss: 0.0161
2026-08-15 00:14:46,764 - pyskl - INFO - Epoch [13][3000/6265]	lr: 2.871e-03, eta: 2:11:39, time: 0.356, data_time: 0.000, memory: 3356, top1_acc: 0.9975, top5_acc: 1.0000, loss_cls: 0.0207, loss: 0.0207
2026-08-15 00:15:22,360 - pyskl - INFO - Epoch [13][3100/6265]	lr: 2.846e-03, eta: 2:11:03, time: 0.356, data_time: 0.000, memory: 3356, top1_acc: 0.9978, top5_acc: 1.0000, loss_cls: 0.0224, loss: 0.0224
2026-08-15 00:15:57,971 - pyskl - INFO - Epoch [13][3200/6265]	lr: 2.821e-03, eta: 2:10:27, time: 0.356, data_time: 0.000, memory: 3356, top1_acc: 0.9991, top5_acc: 1.0000, loss_cls: 0.0208, loss: 0.0208
2026-08-15 00:16:33,581 - pyskl - INFO - Epoch [13][3300/6265]	lr: 2.796e-03, eta: 2:09:51, time: 0.356, data_time: 0.000, memory: 3356, top1_acc: 0.9997, top5_acc: 1.0000, loss_cls: 0.0175, loss: 0.0175
2026-08-15 00:17:09,205 - pyskl - INFO - Epoch [13][3400/6265]	lr: 2.771e-03, eta: 2:09:16, time: 0.356, data_time: 0.000, memory: 3356, top1_acc: 0.9988, top5_acc: 1.0000, loss_cls: 0.0171, loss: 0.0171
2026-08-15 00:17:44,798 - pyskl - INFO - Epoch [13][3500/6265]	lr: 2.747e-03, eta: 2:08:40, time: 0.356, data_time: 0.000, memory: 3356, top1_acc: 0.9984, top5_acc: 1.0000, loss_cls: 0.0210, loss: 0.0210
2026-08-15 00:18:20,440 - pyskl - INFO - Epoch [13][3600/6265]	lr: 2.722e-03, eta: 2:08:04, time: 0.356, data_time: 0.000, memory: 3356, top1_acc: 0.9984, top5_acc: 1.0000, loss_cls: 0.0181, loss: 0.0181
2026-08-15 00:18:56,104 - pyskl - INFO - Epoch [13][3700/6265]	lr: 2.698e-03, eta: 2:07:28, time: 0.357, data_time: 0.000, memory: 3356, top1_acc: 0.9997, top5_acc: 1.0000, loss_cls: 0.0175, loss: 0.0175
2026-08-15 00:19:31,788 - pyskl - INFO - Epoch [13][3800/6265]	lr: 2.674e-03, eta: 2:06:52, time: 0.357, data_time: 0.000, memory: 3356, top1_acc: 0.9988, top5_acc: 1.0000, loss_cls: 0.0175, loss: 0.0175
2026-08-15 00:20:07,442 - pyskl - INFO - Epoch [13][3900/6265]	lr: 2.650e-03, eta: 2:06:16, time: 0.357, data_time: 0.000, memory: 3356, top1_acc: 0.9991, top5_acc: 1.0000, loss_cls: 0.0175, loss: 0.0175
2026-08-15 00:20:43,120 - pyskl - INFO - Epoch [13][4000/6265]	lr: 2.626e-03, eta: 2:05:40, time: 0.357, data_time: 0.000, memory: 3356, top1_acc: 0.9981, top5_acc: 1.0000, loss_cls: 0.0190, loss: 0.0190
2026-08-15 00:21:18,784 - pyskl - INFO - Epoch [13][4100/6265]	lr: 2.602e-03, eta: 2:05:05, time: 0.357, data_time: 0.000, memory: 3356, top1_acc: 0.9994, top5_acc: 1.0000, loss_cls: 0.0162, loss: 0.0162
2026-08-15 00:21:54,427 - pyskl - INFO - Epoch [13][4200/6265]	lr: 2.578e-03, eta: 2:04:29, time: 0.356, data_time: 0.000, memory: 3356, top1_acc: 0.9997, top5_acc: 1.0000, loss_cls: 0.0176, loss: 0.0176
2026-08-15 00:22:30,092 - pyskl - INFO - Epoch [13][4300/6265]	lr: 2.554e-03, eta: 2:03:53, time: 0.357, data_time: 0.000, memory: 3356, top1_acc: 0.9991, top5_acc: 1.0000, loss_cls: 0.0170, loss: 0.0170
2026-08-15 00:23:05,756 - pyskl - INFO - Epoch [13][4400/6265]	lr: 2.530e-03, eta: 2:03:17, time: 0.357, data_time: 0.000, memory: 3356, top1_acc: 0.9988, top5_acc: 1.0000, loss_cls: 0.0178, loss: 0.0178
2026-08-15 00:23:41,440 - pyskl - INFO - Epoch [13][4500/6265]	lr: 2.507e-03, eta: 2:02:41, time: 0.357, data_time: 0.000, memory: 3356, top1_acc: 0.9988, top5_acc: 1.0000, loss_cls: 0.0167, loss: 0.0167
2026-08-15 00:24:17,114 - pyskl - INFO - Epoch [13][4600/6265]	lr: 2.483e-03, eta: 2:02:05, time: 0.357, data_time: 0.000, memory: 3356, top1_acc: 0.9991, top5_acc: 1.0000, loss_cls: 0.0180, loss: 0.0180
2026-08-15 00:24:52,784 - pyskl - INFO - Epoch [13][4700/6265]	lr: 2.460e-03, eta: 2:01:30, time: 0.357, data_time: 0.000, memory: 3356, top1_acc: 1.0000, top5_acc: 1.0000, loss_cls: 0.0149, loss: 0.0149
2026-08-15 00:25:28,444 - pyskl - INFO - Epoch [13][4800/6265]	lr: 2.437e-03, eta: 2:00:54, time: 0.357, data_time: 0.000, memory: 3356, top1_acc: 0.9981, top5_acc: 1.0000, loss_cls: 0.0170, loss: 0.0170
2026-08-15 00:26:04,129 - pyskl - INFO - Epoch [13][4900/6265]	lr: 2.413e-03, eta: 2:00:18, time: 0.357, data_time: 0.000, memory: 3356, top1_acc: 0.9997, top5_acc: 1.0000, loss_cls: 0.0164, loss: 0.0164
2026-08-15 00:26:39,788 - pyskl - INFO - Epoch [13][5000/6265]	lr: 2.390e-03, eta: 1:59:42, time: 0.357, data_time: 0.000, memory: 3356, top1_acc: 1.0000, top5_acc: 1.0000, loss_cls: 0.0156, loss: 0.0156
2026-08-15 00:27:15,465 - pyskl - INFO - Epoch [13][5100/6265]	lr: 2.367e-03, eta: 1:59:06, time: 0.357, data_time: 0.000, memory: 3356, top1_acc: 0.9994, top5_acc: 1.0000, loss_cls: 0.0148, loss: 0.0148
2026-08-15 00:27:51,107 - pyskl - INFO - Epoch [13][5200/6265]	lr: 2.344e-03, eta: 1:58:30, time: 0.356, data_time: 0.000, memory: 3356, top1_acc: 0.9997, top5_acc: 1.0000, loss_cls: 0.0154, loss: 0.0154
2026-08-15 00:28:26,731 - pyskl - INFO - Epoch [13][5300/6265]	lr: 2.322e-03, eta: 1:57:55, time: 0.356, data_time: 0.000, memory: 3356, top1_acc: 0.9994, top5_acc: 1.0000, loss_cls: 0.0151, loss: 0.0151
2026-08-15 00:29:02,353 - pyskl - INFO - Epoch [13][5400/6265]	lr: 2.299e-03, eta: 1:57:19, time: 0.356, data_time: 0.000, memory: 3356, top1_acc: 0.9994, top5_acc: 1.0000, loss_cls: 0.0162, loss: 0.0162
2026-08-15 00:29:37,955 - pyskl - INFO - Epoch [13][5500/6265]	lr: 2.276e-03, eta: 1:56:43, time: 0.356, data_time: 0.000, memory: 3356, top1_acc: 0.9991, top5_acc: 1.0000, loss_cls: 0.0164, loss: 0.0164
2026-08-15 00:30:13,558 - pyskl - INFO - Epoch [13][5600/6265]	lr: 2.254e-03, eta: 1:56:07, time: 0.356, data_time: 0.000, memory: 3356, top1_acc: 0.9991, top5_acc: 1.0000, loss_cls: 0.0160, loss: 0.0160
2026-08-15 00:30:49,163 - pyskl - INFO - Epoch [13][5700/6265]	lr: 2.231e-03, eta: 1:55:31, time: 0.356, data_time: 0.000, memory: 3356, top1_acc: 0.9994, top5_acc: 1.0000, loss_cls: 0.0174, loss: 0.0174
2026-08-15 00:31:24,758 - pyskl - INFO - Epoch [13][5800/6265]	lr: 2.209e-03, eta: 1:54:55, time: 0.356, data_time: 0.000, memory: 3356, top1_acc: 0.9991, top5_acc: 1.0000, loss_cls: 0.0166, loss: 0.0166
2026-08-15 00:32:00,370 - pyskl - INFO - Epoch [13][5900/6265]	lr: 2.187e-03, eta: 1:54:19, time: 0.356, data_time: 0.000, memory: 3356, top1_acc: 1.0000, top5_acc: 1.0000, loss_cls: 0.0132, loss: 0.0132
2026-08-15 00:32:35,965 - pyskl - INFO - Epoch [13][6000/6265]	lr: 2.165e-03, eta: 1:53:44, time: 0.356, data_time: 0.000, memory: 3356, top1_acc: 0.9997, top5_acc: 1.0000, loss_cls: 0.0154, loss: 0.0154
2026-08-15 00:33:11,579 - pyskl - INFO - Epoch [13][6100/6265]	lr: 2.143e-03, eta: 1:53:08, time: 0.356, data_time: 0.000, memory: 3356, top1_acc: 1.0000, top5_acc: 1.0000, loss_cls: 0.0148, loss: 0.0148
2026-08-15 00:33:47,235 - pyskl - INFO - Epoch [13][6200/6265]	lr: 2.121e-03, eta: 1:52:32, time: 0.357, data_time: 0.000, memory: 3356, top1_acc: 0.9997, top5_acc: 1.0000, loss_cls: 0.0141, loss: 0.0141
2026-08-15 00:34:10,448 - pyskl - INFO - Saving checkpoint at 13 epochs
2026-08-15 00:35:06,521 - pyskl - INFO - Evaluating top_k_accuracy ...
2026-08-15 00:35:06,562 - pyskl - INFO - 
top1_acc	0.8743
top5_acc	0.9742
2026-08-15 00:35:06,564 - pyskl - INFO - The previous best checkpoint D:\YxjProject\pythonProject\pyskl\work_dirs\stgcn\stgcn_pyskl_ntu60_xsub_3dkp\j_single_gpu_seed3407\best_top1_acc_epoch_12.pth was removed
2026-08-15 00:35:06,645 - pyskl - INFO - Now best checkpoint is saved as best_top1_acc_epoch_13.pth.
2026-08-15 00:35:06,645 - pyskl - INFO - Best top1_acc is 0.8743 at 13 epoch.
2026-08-15 00:35:06,646 - pyskl - INFO - Epoch(val) [13][516]	top1_acc: 0.8743, top5_acc: 0.9742
2026-08-15 00:35:50,807 - pyskl - INFO - Epoch [14][100/6265]	lr: 2.085e-03, eta: 1:51:29, time: 0.442, data_time: 0.086, memory: 3356, top1_acc: 0.9981, top5_acc: 1.0000, loss_cls: 0.0175, loss: 0.0175
2026-08-15 00:36:26,470 - pyskl - INFO - Epoch [14][200/6265]	lr: 2.064e-03, eta: 1:50:54, time: 0.357, data_time: 0.000, memory: 3356, top1_acc: 0.9991, top5_acc: 1.0000, loss_cls: 0.0152, loss: 0.0152
2026-08-15 00:37:02,157 - pyskl - INFO - Epoch [14][300/6265]	lr: 2.042e-03, eta: 1:50:18, time: 0.357, data_time: 0.000, memory: 3356, top1_acc: 1.0000, top5_acc: 1.0000, loss_cls: 0.0131, loss: 0.0131
2026-08-15 00:37:37,884 - pyskl - INFO - Epoch [14][400/6265]	lr: 2.021e-03, eta: 1:49:42, time: 0.357, data_time: 0.000, memory: 3356, top1_acc: 1.0000, top5_acc: 1.0000, loss_cls: 0.0119, loss: 0.0119
2026-08-15 00:38:13,581 - pyskl - INFO - Epoch [14][500/6265]	lr: 1.999e-03, eta: 1:49:06, time: 0.357, data_time: 0.000, memory: 3356, top1_acc: 0.9997, top5_acc: 1.0000, loss_cls: 0.0141, loss: 0.0141
2026-08-15 00:38:49,305 - pyskl - INFO - Epoch [14][600/6265]	lr: 1.978e-03, eta: 1:48:30, time: 0.357, data_time: 0.000, memory: 3356, top1_acc: 1.0000, top5_acc: 1.0000, loss_cls: 0.0131, loss: 0.0131
2026-08-15 00:39:25,050 - pyskl - INFO - Epoch [14][700/6265]	lr: 1.957e-03, eta: 1:47:55, time: 0.357, data_time: 0.000, memory: 3356, top1_acc: 1.0000, top5_acc: 1.0000, loss_cls: 0.0141, loss: 0.0141
2026-08-15 00:40:00,767 - pyskl - INFO - Epoch [14][800/6265]	lr: 1.936e-03, eta: 1:47:19, time: 0.357, data_time: 0.000, memory: 3356, top1_acc: 0.9994, top5_acc: 1.0000, loss_cls: 0.0164, loss: 0.0164
2026-08-15 00:40:36,485 - pyskl - INFO - Epoch [14][900/6265]	lr: 1.915e-03, eta: 1:46:43, time: 0.357, data_time: 0.000, memory: 3356, top1_acc: 0.9994, top5_acc: 1.0000, loss_cls: 0.0146, loss: 0.0146
2026-08-15 00:41:12,218 - pyskl - INFO - Epoch [14][1000/6265]	lr: 1.894e-03, eta: 1:46:07, time: 0.357, data_time: 0.000, memory: 3356, top1_acc: 0.9997, top5_acc: 1.0000, loss_cls: 0.0136, loss: 0.0136
2026-08-15 00:41:47,944 - pyskl - INFO - Epoch [14][1100/6265]	lr: 1.874e-03, eta: 1:45:31, time: 0.357, data_time: 0.000, memory: 3356, top1_acc: 0.9991, top5_acc: 1.0000, loss_cls: 0.0137, loss: 0.0137
2026-08-15 00:42:23,647 - pyskl - INFO - Epoch [14][1200/6265]	lr: 1.853e-03, eta: 1:44:56, time: 0.357, data_time: 0.000, memory: 3356, top1_acc: 1.0000, top5_acc: 1.0000, loss_cls: 0.0137, loss: 0.0137
2026-08-15 00:42:59,375 - pyskl - INFO - Epoch [14][1300/6265]	lr: 1.833e-03, eta: 1:44:20, time: 0.357, data_time: 0.000, memory: 3356, top1_acc: 0.9994, top5_acc: 1.0000, loss_cls: 0.0138, loss: 0.0138
2026-08-15 00:43:35,107 - pyskl - INFO - Epoch [14][1400/6265]	lr: 1.812e-03, eta: 1:43:44, time: 0.357, data_time: 0.000, memory: 3356, top1_acc: 0.9994, top5_acc: 1.0000, loss_cls: 0.0150, loss: 0.0150
2026-08-15 00:44:10,823 - pyskl - INFO - Epoch [14][1500/6265]	lr: 1.792e-03, eta: 1:43:08, time: 0.357, data_time: 0.000, memory: 3356, top1_acc: 0.9994, top5_acc: 1.0000, loss_cls: 0.0132, loss: 0.0132
2026-08-15 00:44:46,548 - pyskl - INFO - Epoch [14][1600/6265]	lr: 1.772e-03, eta: 1:42:32, time: 0.357, data_time: 0.000, memory: 3356, top1_acc: 0.9994, top5_acc: 1.0000, loss_cls: 0.0140, loss: 0.0140
2026-08-15 00:45:22,228 - pyskl - INFO - Epoch [14][1700/6265]	lr: 1.752e-03, eta: 1:41:57, time: 0.357, data_time: 0.000, memory: 3356, top1_acc: 1.0000, top5_acc: 1.0000, loss_cls: 0.0136, loss: 0.0136
2026-08-15 00:45:57,893 - pyskl - INFO - Epoch [14][1800/6265]	lr: 1.732e-03, eta: 1:41:21, time: 0.357, data_time: 0.000, memory: 3356, top1_acc: 0.9991, top5_acc: 1.0000, loss_cls: 0.0158, loss: 0.0158
2026-08-15 00:46:33,565 - pyskl - INFO - Epoch [14][1900/6265]	lr: 1.712e-03, eta: 1:40:45, time: 0.357, data_time: 0.000, memory: 3356, top1_acc: 1.0000, top5_acc: 1.0000, loss_cls: 0.0132, loss: 0.0132
2026-08-15 00:47:09,278 - pyskl - INFO - Epoch [14][2000/6265]	lr: 1.692e-03, eta: 1:40:09, time: 0.357, data_time: 0.000, memory: 3356, top1_acc: 0.9997, top5_acc: 1.0000, loss_cls: 0.0125, loss: 0.0125
2026-08-15 00:47:44,967 - pyskl - INFO - Epoch [14][2100/6265]	lr: 1.673e-03, eta: 1:39:33, time: 0.357, data_time: 0.000, memory: 3356, top1_acc: 1.0000, top5_acc: 1.0000, loss_cls: 0.0133, loss: 0.0133
2026-08-15 00:48:20,636 - pyskl - INFO - Epoch [14][2200/6265]	lr: 1.653e-03, eta: 1:38:58, time: 0.357, data_time: 0.000, memory: 3356, top1_acc: 0.9997, top5_acc: 1.0000, loss_cls: 0.0115, loss: 0.0115
2026-08-15 00:48:56,310 - pyskl - INFO - Epoch [14][2300/6265]	lr: 1.634e-03, eta: 1:38:22, time: 0.357, data_time: 0.000, memory: 3356, top1_acc: 1.0000, top5_acc: 1.0000, loss_cls: 0.0130, loss: 0.0130
2026-08-15 00:49:31,989 - pyskl - INFO - Epoch [14][2400/6265]	lr: 1.614e-03, eta: 1:37:46, time: 0.357, data_time: 0.000, memory: 3356, top1_acc: 0.9997, top5_acc: 1.0000, loss_cls: 0.0127, loss: 0.0127
2026-08-15 00:50:07,678 - pyskl - INFO - Epoch [14][2500/6265]	lr: 1.595e-03, eta: 1:37:10, time: 0.357, data_time: 0.000, memory: 3356, top1_acc: 0.9991, top5_acc: 1.0000, loss_cls: 0.0137, loss: 0.0137
2026-08-15 00:50:43,369 - pyskl - INFO - Epoch [14][2600/6265]	lr: 1.576e-03, eta: 1:36:34, time: 0.357, data_time: 0.000, memory: 3356, top1_acc: 0.9997, top5_acc: 1.0000, loss_cls: 0.0125, loss: 0.0125
2026-08-15 00:51:19,050 - pyskl - INFO - Epoch [14][2700/6265]	lr: 1.557e-03, eta: 1:35:59, time: 0.357, data_time: 0.000, memory: 3356, top1_acc: 1.0000, top5_acc: 1.0000, loss_cls: 0.0124, loss: 0.0124
2026-08-15 00:51:54,720 - pyskl - INFO - Epoch [14][2800/6265]	lr: 1.538e-03, eta: 1:35:23, time: 0.357, data_time: 0.000, memory: 3356, top1_acc: 0.9994, top5_acc: 1.0000, loss_cls: 0.0132, loss: 0.0132
2026-08-15 00:52:30,415 - pyskl - INFO - Epoch [14][2900/6265]	lr: 1.519e-03, eta: 1:34:47, time: 0.357, data_time: 0.000, memory: 3356, top1_acc: 0.9994, top5_acc: 1.0000, loss_cls: 0.0146, loss: 0.0146
2026-08-15 00:53:06,105 - pyskl - INFO - Epoch [14][3000/6265]	lr: 1.501e-03, eta: 1:34:11, time: 0.357, data_time: 0.000, memory: 3356, top1_acc: 1.0000, top5_acc: 1.0000, loss_cls: 0.0135, loss: 0.0135
2026-08-15 00:53:41,801 - pyskl - INFO - Epoch [14][3100/6265]	lr: 1.482e-03, eta: 1:33:35, time: 0.357, data_time: 0.000, memory: 3356, top1_acc: 0.9997, top5_acc: 1.0000, loss_cls: 0.0134, loss: 0.0134
2026-08-15 00:54:17,490 - pyskl - INFO - Epoch [14][3200/6265]	lr: 1.464e-03, eta: 1:33:00, time: 0.357, data_time: 0.000, memory: 3356, top1_acc: 1.0000, top5_acc: 1.0000, loss_cls: 0.0112, loss: 0.0112
2026-08-15 00:54:53,185 - pyskl - INFO - Epoch [14][3300/6265]	lr: 1.445e-03, eta: 1:32:24, time: 0.357, data_time: 0.000, memory: 3356, top1_acc: 0.9997, top5_acc: 1.0000, loss_cls: 0.0129, loss: 0.0129
2026-08-15 00:55:28,877 - pyskl - INFO - Epoch [14][3400/6265]	lr: 1.427e-03, eta: 1:31:48, time: 0.357, data_time: 0.000, memory: 3356, top1_acc: 1.0000, top5_acc: 1.0000, loss_cls: 0.0124, loss: 0.0124
2026-08-15 00:56:04,563 - pyskl - INFO - Epoch [14][3500/6265]	lr: 1.409e-03, eta: 1:31:12, time: 0.357, data_time: 0.000, memory: 3356, top1_acc: 0.9997, top5_acc: 1.0000, loss_cls: 0.0127, loss: 0.0127
2026-08-15 00:56:40,261 - pyskl - INFO - Epoch [14][3600/6265]	lr: 1.391e-03, eta: 1:30:36, time: 0.357, data_time: 0.000, memory: 3356, top1_acc: 1.0000, top5_acc: 1.0000, loss_cls: 0.0133, loss: 0.0133
2026-08-15 00:57:15,961 - pyskl - INFO - Epoch [14][3700/6265]	lr: 1.373e-03, eta: 1:30:01, time: 0.357, data_time: 0.000, memory: 3356, top1_acc: 0.9994, top5_acc: 1.0000, loss_cls: 0.0144, loss: 0.0144
2026-08-15 00:57:51,655 - pyskl - INFO - Epoch [14][3800/6265]	lr: 1.355e-03, eta: 1:29:25, time: 0.357, data_time: 0.000, memory: 3356, top1_acc: 1.0000, top5_acc: 1.0000, loss_cls: 0.0127, loss: 0.0127
2026-08-15 00:58:27,346 - pyskl - INFO - Epoch [14][3900/6265]	lr: 1.338e-03, eta: 1:28:49, time: 0.357, data_time: 0.000, memory: 3356, top1_acc: 0.9997, top5_acc: 1.0000, loss_cls: 0.0142, loss: 0.0142
2026-08-15 00:59:03,053 - pyskl - INFO - Epoch [14][4000/6265]	lr: 1.320e-03, eta: 1:28:13, time: 0.357, data_time: 0.000, memory: 3356, top1_acc: 0.9997, top5_acc: 1.0000, loss_cls: 0.0126, loss: 0.0126
2026-08-15 00:59:38,736 - pyskl - INFO - Epoch [14][4100/6265]	lr: 1.303e-03, eta: 1:27:37, time: 0.357, data_time: 0.000, memory: 3356, top1_acc: 0.9994, top5_acc: 1.0000, loss_cls: 0.0127, loss: 0.0127
2026-08-15 01:00:14,435 - pyskl - INFO - Epoch [14][4200/6265]	lr: 1.285e-03, eta: 1:27:02, time: 0.357, data_time: 0.000, memory: 3356, top1_acc: 1.0000, top5_acc: 1.0000, loss_cls: 0.0119, loss: 0.0119
2026-08-15 01:00:50,146 - pyskl - INFO - Epoch [14][4300/6265]	lr: 1.268e-03, eta: 1:26:26, time: 0.357, data_time: 0.000, memory: 3356, top1_acc: 1.0000, top5_acc: 1.0000, loss_cls: 0.0124, loss: 0.0124
2026-08-15 01:01:25,826 - pyskl - INFO - Epoch [14][4400/6265]	lr: 1.251e-03, eta: 1:25:50, time: 0.357, data_time: 0.000, memory: 3356, top1_acc: 1.0000, top5_acc: 1.0000, loss_cls: 0.0130, loss: 0.0130
2026-08-15 01:02:01,513 - pyskl - INFO - Epoch [14][4500/6265]	lr: 1.234e-03, eta: 1:25:14, time: 0.357, data_time: 0.000, memory: 3356, top1_acc: 1.0000, top5_acc: 1.0000, loss_cls: 0.0114, loss: 0.0114
2026-08-15 01:02:37,208 - pyskl - INFO - Epoch [14][4600/6265]	lr: 1.217e-03, eta: 1:24:38, time: 0.357, data_time: 0.000, memory: 3356, top1_acc: 1.0000, top5_acc: 1.0000, loss_cls: 0.0125, loss: 0.0125
2026-08-15 01:03:12,888 - pyskl - INFO - Epoch [14][4700/6265]	lr: 1.200e-03, eta: 1:24:03, time: 0.357, data_time: 0.000, memory: 3356, top1_acc: 0.9997, top5_acc: 1.0000, loss_cls: 0.0113, loss: 0.0113
2026-08-15 01:03:48,577 - pyskl - INFO - Epoch [14][4800/6265]	lr: 1.183e-03, eta: 1:23:27, time: 0.357, data_time: 0.000, memory: 3356, top1_acc: 0.9994, top5_acc: 1.0000, loss_cls: 0.0128, loss: 0.0128
2026-08-15 01:04:24,253 - pyskl - INFO - Epoch [14][4900/6265]	lr: 1.167e-03, eta: 1:22:51, time: 0.357, data_time: 0.000, memory: 3356, top1_acc: 1.0000, top5_acc: 1.0000, loss_cls: 0.0111, loss: 0.0111
2026-08-15 01:04:59,934 - pyskl - INFO - Epoch [14][5000/6265]	lr: 1.150e-03, eta: 1:22:15, time: 0.357, data_time: 0.000, memory: 3356, top1_acc: 0.9994, top5_acc: 1.0000, loss_cls: 0.0129, loss: 0.0129
2026-08-15 01:05:35,612 - pyskl - INFO - Epoch [14][5100/6265]	lr: 1.134e-03, eta: 1:21:39, time: 0.357, data_time: 0.000, memory: 3356, top1_acc: 0.9997, top5_acc: 1.0000, loss_cls: 0.0125, loss: 0.0125
2026-08-15 01:06:11,294 - pyskl - INFO - Epoch [14][5200/6265]	lr: 1.118e-03, eta: 1:21:04, time: 0.357, data_time: 0.000, memory: 3356, top1_acc: 0.9994, top5_acc: 1.0000, loss_cls: 0.0120, loss: 0.0120
2026-08-15 01:06:46,994 - pyskl - INFO - Epoch [14][5300/6265]	lr: 1.102e-03, eta: 1:20:28, time: 0.357, data_time: 0.000, memory: 3356, top1_acc: 1.0000, top5_acc: 1.0000, loss_cls: 0.0119, loss: 0.0119
2026-08-15 01:07:22,695 - pyskl - INFO - Epoch [14][5400/6265]	lr: 1.086e-03, eta: 1:19:52, time: 0.357, data_time: 0.000, memory: 3356, top1_acc: 0.9994, top5_acc: 1.0000, loss_cls: 0.0121, loss: 0.0121
2026-08-15 01:07:58,388 - pyskl - INFO - Epoch [14][5500/6265]	lr: 1.070e-03, eta: 1:19:16, time: 0.357, data_time: 0.000, memory: 3356, top1_acc: 1.0000, top5_acc: 1.0000, loss_cls: 0.0111, loss: 0.0111
2026-08-15 01:08:34,063 - pyskl - INFO - Epoch [14][5600/6265]	lr: 1.054e-03, eta: 1:18:41, time: 0.357, data_time: 0.000, memory: 3356, top1_acc: 0.9997, top5_acc: 1.0000, loss_cls: 0.0121, loss: 0.0121
2026-08-15 01:09:09,768 - pyskl - INFO - Epoch [14][5700/6265]	lr: 1.038e-03, eta: 1:18:05, time: 0.357, data_time: 0.000, memory: 3356, top1_acc: 1.0000, top5_acc: 1.0000, loss_cls: 0.0109, loss: 0.0109
2026-08-15 01:09:45,471 - pyskl - INFO - Epoch [14][5800/6265]	lr: 1.023e-03, eta: 1:17:29, time: 0.357, data_time: 0.000, memory: 3356, top1_acc: 1.0000, top5_acc: 1.0000, loss_cls: 0.0112, loss: 0.0112
2026-08-15 01:10:21,158 - pyskl - INFO - Epoch [14][5900/6265]	lr: 1.007e-03, eta: 1:16:53, time: 0.357, data_time: 0.000, memory: 3356, top1_acc: 0.9997, top5_acc: 1.0000, loss_cls: 0.0131, loss: 0.0131
2026-08-15 01:10:56,863 - pyskl - INFO - Epoch [14][6000/6265]	lr: 9.918e-04, eta: 1:16:17, time: 0.357, data_time: 0.000, memory: 3356, top1_acc: 0.9997, top5_acc: 1.0000, loss_cls: 0.0122, loss: 0.0122
2026-08-15 01:11:32,544 - pyskl - INFO - Epoch [14][6100/6265]	lr: 9.765e-04, eta: 1:15:42, time: 0.357, data_time: 0.000, memory: 3356, top1_acc: 1.0000, top5_acc: 1.0000, loss_cls: 0.0109, loss: 0.0109
2026-08-15 01:12:08,241 - pyskl - INFO - Epoch [14][6200/6265]	lr: 9.614e-04, eta: 1:15:06, time: 0.357, data_time: 0.000, memory: 3356, top1_acc: 1.0000, top5_acc: 1.0000, loss_cls: 0.0115, loss: 0.0115
2026-08-15 01:12:31,483 - pyskl - INFO - Saving checkpoint at 14 epochs
2026-08-15 01:13:27,578 - pyskl - INFO - Evaluating top_k_accuracy ...
2026-08-15 01:13:27,619 - pyskl - INFO - 
top1_acc	0.8777
top5_acc	0.9757
2026-08-15 01:13:27,621 - pyskl - INFO - The previous best checkpoint D:\YxjProject\pythonProject\pyskl\work_dirs\stgcn\stgcn_pyskl_ntu60_xsub_3dkp\j_single_gpu_seed3407\best_top1_acc_epoch_13.pth was removed
2026-08-15 01:13:27,702 - pyskl - INFO - Now best checkpoint is saved as best_top1_acc_epoch_14.pth.
2026-08-15 01:13:27,702 - pyskl - INFO - Best top1_acc is 0.8777 at 14 epoch.
2026-08-15 01:13:27,703 - pyskl - INFO - Epoch(val) [14][516]	top1_acc: 0.8777, top5_acc: 0.9757
2026-08-15 01:14:11,753 - pyskl - INFO - Epoch [15][100/6265]	lr: 9.367e-04, eta: 1:14:05, time: 0.440, data_time: 0.085, memory: 3356, top1_acc: 1.0000, top5_acc: 1.0000, loss_cls: 0.0109, loss: 0.0109
2026-08-15 01:14:47,400 - pyskl - INFO - Epoch [15][200/6265]	lr: 9.219e-04, eta: 1:13:29, time: 0.356, data_time: 0.000, memory: 3356, top1_acc: 0.9997, top5_acc: 1.0000, loss_cls: 0.0127, loss: 0.0127
2026-08-15 01:15:23,086 - pyskl - INFO - Epoch [15][300/6265]	lr: 9.072e-04, eta: 1:12:53, time: 0.357, data_time: 0.000, memory: 3356, top1_acc: 1.0000, top5_acc: 1.0000, loss_cls: 0.0118, loss: 0.0118
2026-08-15 01:15:58,806 - pyskl - INFO - Epoch [15][400/6265]	lr: 8.926e-04, eta: 1:12:17, time: 0.357, data_time: 0.000, memory: 3356, top1_acc: 0.9997, top5_acc: 1.0000, loss_cls: 0.0122, loss: 0.0122
2026-08-15 01:16:34,503 - pyskl - INFO - Epoch [15][500/6265]	lr: 8.781e-04, eta: 1:11:42, time: 0.357, data_time: 0.000, memory: 3356, top1_acc: 1.0000, top5_acc: 1.0000, loss_cls: 0.0109, loss: 0.0109
2026-08-15 01:17:10,208 - pyskl - INFO - Epoch [15][600/6265]	lr: 8.637e-04, eta: 1:11:06, time: 0.357, data_time: 0.000, memory: 3356, top1_acc: 0.9997, top5_acc: 1.0000, loss_cls: 0.0122, loss: 0.0122
2026-08-15 01:17:45,921 - pyskl - INFO - Epoch [15][700/6265]	lr: 8.495e-04, eta: 1:10:30, time: 0.357, data_time: 0.000, memory: 3356, top1_acc: 1.0000, top5_acc: 1.0000, loss_cls: 0.0117, loss: 0.0117
2026-08-15 01:18:21,620 - pyskl - INFO - Epoch [15][800/6265]	lr: 8.354e-04, eta: 1:09:54, time: 0.357, data_time: 0.000, memory: 3356, top1_acc: 1.0000, top5_acc: 1.0000, loss_cls: 0.0112, loss: 0.0112
2026-08-15 01:18:57,336 - pyskl - INFO - Epoch [15][900/6265]	lr: 8.213e-04, eta: 1:09:18, time: 0.357, data_time: 0.000, memory: 3356, top1_acc: 1.0000, top5_acc: 1.0000, loss_cls: 0.0128, loss: 0.0128
2026-08-15 01:19:33,034 - pyskl - INFO - Epoch [15][1000/6265]	lr: 8.074e-04, eta: 1:08:43, time: 0.357, data_time: 0.000, memory: 3356, top1_acc: 1.0000, top5_acc: 1.0000, loss_cls: 0.0105, loss: 0.0105
2026-08-15 01:20:08,703 - pyskl - INFO - Epoch [15][1100/6265]	lr: 7.936e-04, eta: 1:08:07, time: 0.357, data_time: 0.000, memory: 3356, top1_acc: 0.9997, top5_acc: 1.0000, loss_cls: 0.0123, loss: 0.0123
2026-08-15 01:20:44,400 - pyskl - INFO - Epoch [15][1200/6265]	lr: 7.799e-04, eta: 1:07:31, time: 0.357, data_time: 0.000, memory: 3356, top1_acc: 1.0000, top5_acc: 1.0000, loss_cls: 0.0111, loss: 0.0111
2026-08-15 01:21:20,118 - pyskl - INFO - Epoch [15][1300/6265]	lr: 7.664e-04, eta: 1:06:55, time: 0.357, data_time: 0.000, memory: 3356, top1_acc: 0.9997, top5_acc: 1.0000, loss_cls: 0.0125, loss: 0.0125
2026-08-15 01:21:55,817 - pyskl - INFO - Epoch [15][1400/6265]	lr: 7.529e-04, eta: 1:06:20, time: 0.357, data_time: 0.000, memory: 3356, top1_acc: 0.9997, top5_acc: 1.0000, loss_cls: 0.0115, loss: 0.0115
2026-08-15 01:22:31,539 - pyskl - INFO - Epoch [15][1500/6265]	lr: 7.396e-04, eta: 1:05:44, time: 0.357, data_time: 0.000, memory: 3356, top1_acc: 1.0000, top5_acc: 1.0000, loss_cls: 0.0113, loss: 0.0113
2026-08-15 01:23:07,227 - pyskl - INFO - Epoch [15][1600/6265]	lr: 7.264e-04, eta: 1:05:08, time: 0.357, data_time: 0.000, memory: 3356, top1_acc: 1.0000, top5_acc: 1.0000, loss_cls: 0.0112, loss: 0.0112
2026-08-15 01:23:42,911 - pyskl - INFO - Epoch [15][1700/6265]	lr: 7.133e-04, eta: 1:04:32, time: 0.357, data_time: 0.000, memory: 3356, top1_acc: 1.0000, top5_acc: 1.0000, loss_cls: 0.0107, loss: 0.0107
2026-08-15 01:24:18,633 - pyskl - INFO - Epoch [15][1800/6265]	lr: 7.003e-04, eta: 1:03:57, time: 0.357, data_time: 0.000, memory: 3356, top1_acc: 1.0000, top5_acc: 1.0000, loss_cls: 0.0106, loss: 0.0106
2026-08-15 01:24:54,322 - pyskl - INFO - Epoch [15][1900/6265]	lr: 6.874e-04, eta: 1:03:21, time: 0.357, data_time: 0.000, memory: 3356, top1_acc: 1.0000, top5_acc: 1.0000, loss_cls: 0.0111, loss: 0.0111
2026-08-15 01:25:30,018 - pyskl - INFO - Epoch [15][2000/6265]	lr: 6.747e-04, eta: 1:02:45, time: 0.357, data_time: 0.000, memory: 3356, top1_acc: 1.0000, top5_acc: 1.0000, loss_cls: 0.0108, loss: 0.0108
2026-08-15 01:26:05,718 - pyskl - INFO - Epoch [15][2100/6265]	lr: 6.620e-04, eta: 1:02:09, time: 0.357, data_time: 0.000, memory: 3356, top1_acc: 1.0000, top5_acc: 1.0000, loss_cls: 0.0110, loss: 0.0110
2026-08-15 01:26:41,419 - pyskl - INFO - Epoch [15][2200/6265]	lr: 6.495e-04, eta: 1:01:33, time: 0.357, data_time: 0.000, memory: 3356, top1_acc: 1.0000, top5_acc: 1.0000, loss_cls: 0.0110, loss: 0.0110
2026-08-15 01:27:17,126 - pyskl - INFO - Epoch [15][2300/6265]	lr: 6.371e-04, eta: 1:00:58, time: 0.357, data_time: 0.000, memory: 3356, top1_acc: 1.0000, top5_acc: 1.0000, loss_cls: 0.0107, loss: 0.0107
2026-08-15 01:27:52,830 - pyskl - INFO - Epoch [15][2400/6265]	lr: 6.248e-04, eta: 1:00:22, time: 0.357, data_time: 0.000, memory: 3356, top1_acc: 1.0000, top5_acc: 1.0000, loss_cls: 0.0104, loss: 0.0104
2026-08-15 01:28:28,504 - pyskl - INFO - Epoch [15][2500/6265]	lr: 6.126e-04, eta: 0:59:46, time: 0.357, data_time: 0.000, memory: 3356, top1_acc: 0.9997, top5_acc: 1.0000, loss_cls: 0.0107, loss: 0.0107
2026-08-15 01:29:04,219 - pyskl - INFO - Epoch [15][2600/6265]	lr: 6.006e-04, eta: 0:59:10, time: 0.357, data_time: 0.000, memory: 3356, top1_acc: 1.0000, top5_acc: 1.0000, loss_cls: 0.0113, loss: 0.0113
2026-08-15 01:29:39,937 - pyskl - INFO - Epoch [15][2700/6265]	lr: 5.886e-04, eta: 0:58:35, time: 0.357, data_time: 0.000, memory: 3356, top1_acc: 1.0000, top5_acc: 1.0000, loss_cls: 0.0122, loss: 0.0122
2026-08-15 01:30:15,636 - pyskl - INFO - Epoch [15][2800/6265]	lr: 5.768e-04, eta: 0:57:59, time: 0.357, data_time: 0.000, memory: 3356, top1_acc: 1.0000, top5_acc: 1.0000, loss_cls: 0.0098, loss: 0.0098
2026-08-15 01:30:51,346 - pyskl - INFO - Epoch [15][2900/6265]	lr: 5.651e-04, eta: 0:57:23, time: 0.357, data_time: 0.000, memory: 3356, top1_acc: 1.0000, top5_acc: 1.0000, loss_cls: 0.0108, loss: 0.0108
2026-08-15 01:31:27,048 - pyskl - INFO - Epoch [15][3000/6265]	lr: 5.535e-04, eta: 0:56:47, time: 0.357, data_time: 0.000, memory: 3356, top1_acc: 1.0000, top5_acc: 1.0000, loss_cls: 0.0115, loss: 0.0115
2026-08-15 01:32:02,752 - pyskl - INFO - Epoch [15][3100/6265]	lr: 5.421e-04, eta: 0:56:12, time: 0.357, data_time: 0.000, memory: 3356, top1_acc: 1.0000, top5_acc: 1.0000, loss_cls: 0.0107, loss: 0.0107
2026-08-15 01:32:38,474 - pyskl - INFO - Epoch [15][3200/6265]	lr: 5.307e-04, eta: 0:55:36, time: 0.357, data_time: 0.000, memory: 3356, top1_acc: 0.9997, top5_acc: 1.0000, loss_cls: 0.0122, loss: 0.0122
2026-08-15 01:33:14,167 - pyskl - INFO - Epoch [15][3300/6265]	lr: 5.195e-04, eta: 0:55:00, time: 0.357, data_time: 0.000, memory: 3356, top1_acc: 1.0000, top5_acc: 1.0000, loss_cls: 0.0106, loss: 0.0106
2026-08-15 01:33:49,879 - pyskl - INFO - Epoch [15][3400/6265]	lr: 5.084e-04, eta: 0:54:24, time: 0.357, data_time: 0.000, memory: 3356, top1_acc: 0.9997, top5_acc: 1.0000, loss_cls: 0.0113, loss: 0.0113
2026-08-15 01:34:25,617 - pyskl - INFO - Epoch [15][3500/6265]	lr: 4.974e-04, eta: 0:53:49, time: 0.357, data_time: 0.000, memory: 3356, top1_acc: 0.9997, top5_acc: 1.0000, loss_cls: 0.0118, loss: 0.0118
2026-08-15 01:35:01,309 - pyskl - INFO - Epoch [15][3600/6265]	lr: 4.865e-04, eta: 0:53:13, time: 0.357, data_time: 0.000, memory: 3356, top1_acc: 0.9997, top5_acc: 1.0000, loss_cls: 0.0121, loss: 0.0121
2026-08-15 01:35:37,001 - pyskl - INFO - Epoch [15][3700/6265]	lr: 4.757e-04, eta: 0:52:37, time: 0.357, data_time: 0.000, memory: 3356, top1_acc: 0.9997, top5_acc: 1.0000, loss_cls: 0.0121, loss: 0.0121
2026-08-15 01:36:12,714 - pyskl - INFO - Epoch [15][3800/6265]	lr: 4.651e-04, eta: 0:52:01, time: 0.357, data_time: 0.000, memory: 3356, top1_acc: 0.9997, top5_acc: 1.0000, loss_cls: 0.0105, loss: 0.0105
2026-08-15 01:36:48,425 - pyskl - INFO - Epoch [15][3900/6265]	lr: 4.545e-04, eta: 0:51:25, time: 0.357, data_time: 0.000, memory: 3356, top1_acc: 0.9997, top5_acc: 1.0000, loss_cls: 0.0115, loss: 0.0115
2026-08-15 01:37:24,132 - pyskl - INFO - Epoch [15][4000/6265]	lr: 4.441e-04, eta: 0:50:50, time: 0.357, data_time: 0.000, memory: 3356, top1_acc: 1.0000, top5_acc: 1.0000, loss_cls: 0.0110, loss: 0.0110
2026-08-15 01:37:59,822 - pyskl - INFO - Epoch [15][4100/6265]	lr: 4.338e-04, eta: 0:50:14, time: 0.357, data_time: 0.000, memory: 3356, top1_acc: 0.9997, top5_acc: 1.0000, loss_cls: 0.0106, loss: 0.0106
2026-08-15 01:38:35,511 - pyskl - INFO - Epoch [15][4200/6265]	lr: 4.237e-04, eta: 0:49:38, time: 0.357, data_time: 0.000, memory: 3356, top1_acc: 1.0000, top5_acc: 1.0000, loss_cls: 0.0117, loss: 0.0117
2026-08-15 01:39:11,200 - pyskl - INFO - Epoch [15][4300/6265]	lr: 4.136e-04, eta: 0:49:02, time: 0.357, data_time: 0.000, memory: 3356, top1_acc: 1.0000, top5_acc: 1.0000, loss_cls: 0.0100, loss: 0.0100
2026-08-15 01:39:46,909 - pyskl - INFO - Epoch [15][4400/6265]	lr: 4.037e-04, eta: 0:48:27, time: 0.357, data_time: 0.000, memory: 3356, top1_acc: 1.0000, top5_acc: 1.0000, loss_cls: 0.0127, loss: 0.0127
2026-08-15 01:40:22,622 - pyskl - INFO - Epoch [15][4500/6265]	lr: 3.939e-04, eta: 0:47:51, time: 0.357, data_time: 0.000, memory: 3356, top1_acc: 1.0000, top5_acc: 1.0000, loss_cls: 0.0117, loss: 0.0117
2026-08-15 01:40:58,327 - pyskl - INFO - Epoch [15][4600/6265]	lr: 3.842e-04, eta: 0:47:15, time: 0.357, data_time: 0.000, memory: 3356, top1_acc: 1.0000, top5_acc: 1.0000, loss_cls: 0.0111, loss: 0.0111
2026-08-15 01:41:34,027 - pyskl - INFO - Epoch [15][4700/6265]	lr: 3.746e-04, eta: 0:46:39, time: 0.357, data_time: 0.000, memory: 3356, top1_acc: 1.0000, top5_acc: 1.0000, loss_cls: 0.0115, loss: 0.0115
2026-08-15 01:42:09,719 - pyskl - INFO - Epoch [15][4800/6265]	lr: 3.651e-04, eta: 0:46:04, time: 0.357, data_time: 0.000, memory: 3356, top1_acc: 1.0000, top5_acc: 1.0000, loss_cls: 0.0111, loss: 0.0111
2026-08-15 01:42:45,448 - pyskl - INFO - Epoch [15][4900/6265]	lr: 3.558e-04, eta: 0:45:28, time: 0.357, data_time: 0.000, memory: 3356, top1_acc: 1.0000, top5_acc: 1.0000, loss_cls: 0.0107, loss: 0.0107
2026-08-15 01:43:21,145 - pyskl - INFO - Epoch [15][5000/6265]	lr: 3.466e-04, eta: 0:44:52, time: 0.357, data_time: 0.000, memory: 3356, top1_acc: 1.0000, top5_acc: 1.0000, loss_cls: 0.0111, loss: 0.0111
2026-08-15 01:43:56,827 - pyskl - INFO - Epoch [15][5100/6265]	lr: 3.375e-04, eta: 0:44:16, time: 0.357, data_time: 0.000, memory: 3356, top1_acc: 1.0000, top5_acc: 1.0000, loss_cls: 0.0103, loss: 0.0103
2026-08-15 01:44:32,501 - pyskl - INFO - Epoch [15][5200/6265]	lr: 3.285e-04, eta: 0:43:41, time: 0.357, data_time: 0.000, memory: 3356, top1_acc: 1.0000, top5_acc: 1.0000, loss_cls: 0.0113, loss: 0.0113
2026-08-15 01:45:08,196 - pyskl - INFO - Epoch [15][5300/6265]	lr: 3.196e-04, eta: 0:43:05, time: 0.357, data_time: 0.000, memory: 3356, top1_acc: 1.0000, top5_acc: 1.0000, loss_cls: 0.0116, loss: 0.0116
2026-08-15 01:45:43,864 - pyskl - INFO - Epoch [15][5400/6265]	lr: 3.109e-04, eta: 0:42:29, time: 0.357, data_time: 0.000, memory: 3356, top1_acc: 0.9997, top5_acc: 1.0000, loss_cls: 0.0111, loss: 0.0111
2026-08-15 01:46:19,554 - pyskl - INFO - Epoch [15][5500/6265]	lr: 3.023e-04, eta: 0:41:53, time: 0.357, data_time: 0.000, memory: 3356, top1_acc: 1.0000, top5_acc: 1.0000, loss_cls: 0.0108, loss: 0.0108
2026-08-15 01:46:55,251 - pyskl - INFO - Epoch [15][5600/6265]	lr: 2.938e-04, eta: 0:41:17, time: 0.357, data_time: 0.000, memory: 3356, top1_acc: 1.0000, top5_acc: 1.0000, loss_cls: 0.0125, loss: 0.0125
2026-08-15 01:47:30,936 - pyskl - INFO - Epoch [15][5700/6265]	lr: 2.854e-04, eta: 0:40:42, time: 0.357, data_time: 0.000, memory: 3356, top1_acc: 1.0000, top5_acc: 1.0000, loss_cls: 0.0107, loss: 0.0107
2026-08-15 01:48:06,575 - pyskl - INFO - Epoch [15][5800/6265]	lr: 2.771e-04, eta: 0:40:06, time: 0.356, data_time: 0.000, memory: 3356, top1_acc: 0.9997, top5_acc: 1.0000, loss_cls: 0.0114, loss: 0.0114
2026-08-15 01:48:42,189 - pyskl - INFO - Epoch [15][5900/6265]	lr: 2.690e-04, eta: 0:39:30, time: 0.356, data_time: 0.000, memory: 3356, top1_acc: 1.0000, top5_acc: 1.0000, loss_cls: 0.0106, loss: 0.0106
2026-08-15 01:49:17,805 - pyskl - INFO - Epoch [15][6000/6265]	lr: 2.609e-04, eta: 0:38:54, time: 0.356, data_time: 0.000, memory: 3356, top1_acc: 0.9997, top5_acc: 1.0000, loss_cls: 0.0125, loss: 0.0125
2026-08-15 01:49:53,423 - pyskl - INFO - Epoch [15][6100/6265]	lr: 2.530e-04, eta: 0:38:19, time: 0.356, data_time: 0.000, memory: 3356, top1_acc: 0.9997, top5_acc: 1.0000, loss_cls: 0.0119, loss: 0.0119
2026-08-15 01:50:29,052 - pyskl - INFO - Epoch [15][6200/6265]	lr: 2.453e-04, eta: 0:37:43, time: 0.356, data_time: 0.000, memory: 3356, top1_acc: 1.0000, top5_acc: 1.0000, loss_cls: 0.0108, loss: 0.0108
2026-08-15 01:50:52,214 - pyskl - INFO - Saving checkpoint at 15 epochs
2026-08-15 01:51:48,445 - pyskl - INFO - Evaluating top_k_accuracy ...
2026-08-15 01:51:48,485 - pyskl - INFO - 
top1_acc	0.8798
top5_acc	0.9757
2026-08-15 01:51:48,488 - pyskl - INFO - The previous best checkpoint D:\YxjProject\pythonProject\pyskl\work_dirs\stgcn\stgcn_pyskl_ntu60_xsub_3dkp\j_single_gpu_seed3407\best_top1_acc_epoch_14.pth was removed
2026-08-15 01:51:48,568 - pyskl - INFO - Now best checkpoint is saved as best_top1_acc_epoch_15.pth.
2026-08-15 01:51:48,568 - pyskl - INFO - Best top1_acc is 0.8798 at 15 epoch.
2026-08-15 01:51:48,570 - pyskl - INFO - Epoch(val) [15][516]	top1_acc: 0.8798, top5_acc: 0.9757
2026-08-15 01:52:32,554 - pyskl - INFO - Epoch [16][100/6265]	lr: 2.327e-04, eta: 0:36:43, time: 0.440, data_time: 0.085, memory: 3356, top1_acc: 1.0000, top5_acc: 1.0000, loss_cls: 0.0106, loss: 0.0106
2026-08-15 01:53:08,204 - pyskl - INFO - Epoch [16][200/6265]	lr: 2.252e-04, eta: 0:36:07, time: 0.356, data_time: 0.000, memory: 3356, top1_acc: 1.0000, top5_acc: 1.0000, loss_cls: 0.0107, loss: 0.0107
2026-08-15 01:53:43,912 - pyskl - INFO - Epoch [16][300/6265]	lr: 2.179e-04, eta: 0:35:31, time: 0.357, data_time: 0.000, memory: 3356, top1_acc: 0.9997, top5_acc: 1.0000, loss_cls: 0.0121, loss: 0.0121
2026-08-15 01:54:19,634 - pyskl - INFO - Epoch [16][400/6265]	lr: 2.106e-04, eta: 0:34:56, time: 0.357, data_time: 0.000, memory: 3356, top1_acc: 0.9997, top5_acc: 1.0000, loss_cls: 0.0110, loss: 0.0110
2026-08-15 01:54:55,358 - pyskl - INFO - Epoch [16][500/6265]	lr: 2.035e-04, eta: 0:34:20, time: 0.357, data_time: 0.000, memory: 3356, top1_acc: 0.9997, top5_acc: 1.0000, loss_cls: 0.0121, loss: 0.0121
2026-08-15 01:55:31,069 - pyskl - INFO - Epoch [16][600/6265]	lr: 1.966e-04, eta: 0:33:44, time: 0.357, data_time: 0.000, memory: 3356, top1_acc: 1.0000, top5_acc: 1.0000, loss_cls: 0.0109, loss: 0.0109
2026-08-15 01:56:06,781 - pyskl - INFO - Epoch [16][700/6265]	lr: 1.897e-04, eta: 0:33:08, time: 0.357, data_time: 0.000, memory: 3356, top1_acc: 1.0000, top5_acc: 1.0000, loss_cls: 0.0117, loss: 0.0117
2026-08-15 01:56:42,481 - pyskl - INFO - Epoch [16][800/6265]	lr: 1.830e-04, eta: 0:32:33, time: 0.357, data_time: 0.000, memory: 3356, top1_acc: 1.0000, top5_acc: 1.0000, loss_cls: 0.0107, loss: 0.0107
2026-08-15 01:57:18,206 - pyskl - INFO - Epoch [16][900/6265]	lr: 1.763e-04, eta: 0:31:57, time: 0.357, data_time: 0.000, memory: 3356, top1_acc: 1.0000, top5_acc: 1.0000, loss_cls: 0.0108, loss: 0.0108
2026-08-15 01:57:53,921 - pyskl - INFO - Epoch [16][1000/6265]	lr: 1.699e-04, eta: 0:31:21, time: 0.357, data_time: 0.000, memory: 3356, top1_acc: 1.0000, top5_acc: 1.0000, loss_cls: 0.0115, loss: 0.0115
2026-08-15 01:58:29,621 - pyskl - INFO - Epoch [16][1100/6265]	lr: 1.635e-04, eta: 0:30:45, time: 0.357, data_time: 0.000, memory: 3356, top1_acc: 1.0000, top5_acc: 1.0000, loss_cls: 0.0114, loss: 0.0114
2026-08-15 01:59:05,321 - pyskl - INFO - Epoch [16][1200/6265]	lr: 1.572e-04, eta: 0:30:10, time: 0.357, data_time: 0.000, memory: 3356, top1_acc: 1.0000, top5_acc: 1.0000, loss_cls: 0.0108, loss: 0.0108
2026-08-15 01:59:41,023 - pyskl - INFO - Epoch [16][1300/6265]	lr: 1.511e-04, eta: 0:29:34, time: 0.357, data_time: 0.000, memory: 3356, top1_acc: 1.0000, top5_acc: 1.0000, loss_cls: 0.0102, loss: 0.0102
2026-08-15 02:00:16,728 - pyskl - INFO - Epoch [16][1400/6265]	lr: 1.451e-04, eta: 0:28:58, time: 0.357, data_time: 0.000, memory: 3356, top1_acc: 1.0000, top5_acc: 1.0000, loss_cls: 0.0103, loss: 0.0103
2026-08-15 02:00:52,438 - pyskl - INFO - Epoch [16][1500/6265]	lr: 1.392e-04, eta: 0:28:23, time: 0.357, data_time: 0.000, memory: 3356, top1_acc: 0.9997, top5_acc: 1.0000, loss_cls: 0.0120, loss: 0.0120
2026-08-15 02:01:28,131 - pyskl - INFO - Epoch [16][1600/6265]	lr: 1.334e-04, eta: 0:27:47, time: 0.357, data_time: 0.000, memory: 3356, top1_acc: 1.0000, top5_acc: 1.0000, loss_cls: 0.0112, loss: 0.0112
2026-08-15 02:02:03,819 - pyskl - INFO - Epoch [16][1700/6265]	lr: 1.278e-04, eta: 0:27:11, time: 0.357, data_time: 0.000, memory: 3356, top1_acc: 1.0000, top5_acc: 1.0000, loss_cls: 0.0103, loss: 0.0103
2026-08-15 02:02:39,508 - pyskl - INFO - Epoch [16][1800/6265]	lr: 1.222e-04, eta: 0:26:35, time: 0.357, data_time: 0.000, memory: 3356, top1_acc: 1.0000, top5_acc: 1.0000, loss_cls: 0.0110, loss: 0.0110
2026-08-15 02:03:15,189 - pyskl - INFO - Epoch [16][1900/6265]	lr: 1.168e-04, eta: 0:26:00, time: 0.357, data_time: 0.000, memory: 3356, top1_acc: 1.0000, top5_acc: 1.0000, loss_cls: 0.0103, loss: 0.0103
2026-08-15 02:03:50,871 - pyskl - INFO - Epoch [16][2000/6265]	lr: 1.116e-04, eta: 0:25:24, time: 0.357, data_time: 0.000, memory: 3356, top1_acc: 1.0000, top5_acc: 1.0000, loss_cls: 0.0106, loss: 0.0106
2026-08-15 02:04:26,531 - pyskl - INFO - Epoch [16][2100/6265]	lr: 1.064e-04, eta: 0:24:48, time: 0.357, data_time: 0.000, memory: 3356, top1_acc: 1.0000, top5_acc: 1.0000, loss_cls: 0.0104, loss: 0.0104
2026-08-15 02:05:02,198 - pyskl - INFO - Epoch [16][2200/6265]	lr: 1.014e-04, eta: 0:24:12, time: 0.357, data_time: 0.000, memory: 3356, top1_acc: 1.0000, top5_acc: 1.0000, loss_cls: 0.0098, loss: 0.0098
2026-08-15 02:05:37,878 - pyskl - INFO - Epoch [16][2300/6265]	lr: 9.644e-05, eta: 0:23:37, time: 0.357, data_time: 0.000, memory: 3356, top1_acc: 0.9997, top5_acc: 1.0000, loss_cls: 0.0114, loss: 0.0114
2026-08-15 02:06:13,569 - pyskl - INFO - Epoch [16][2400/6265]	lr: 9.164e-05, eta: 0:23:01, time: 0.357, data_time: 0.000, memory: 3356, top1_acc: 1.0000, top5_acc: 1.0000, loss_cls: 0.0105, loss: 0.0105
2026-08-15 02:06:49,265 - pyskl - INFO - Epoch [16][2500/6265]	lr: 8.697e-05, eta: 0:22:25, time: 0.357, data_time: 0.000, memory: 3356, top1_acc: 1.0000, top5_acc: 1.0000, loss_cls: 0.0116, loss: 0.0116
2026-08-15 02:07:24,930 - pyskl - INFO - Epoch [16][2600/6265]	lr: 8.241e-05, eta: 0:21:49, time: 0.357, data_time: 0.000, memory: 3356, top1_acc: 0.9997, top5_acc: 1.0000, loss_cls: 0.0113, loss: 0.0113
2026-08-15 02:08:00,610 - pyskl - INFO - Epoch [16][2700/6265]	lr: 7.798e-05, eta: 0:21:14, time: 0.357, data_time: 0.000, memory: 3356, top1_acc: 1.0000, top5_acc: 1.0000, loss_cls: 0.0111, loss: 0.0111
2026-08-15 02:08:36,317 - pyskl - INFO - Epoch [16][2800/6265]	lr: 7.368e-05, eta: 0:20:38, time: 0.357, data_time: 0.000, memory: 3356, top1_acc: 1.0000, top5_acc: 1.0000, loss_cls: 0.0111, loss: 0.0111
2026-08-15 02:09:11,987 - pyskl - INFO - Epoch [16][2900/6265]	lr: 6.949e-05, eta: 0:20:02, time: 0.357, data_time: 0.000, memory: 3356, top1_acc: 0.9997, top5_acc: 1.0000, loss_cls: 0.0115, loss: 0.0115
2026-08-15 02:09:47,682 - pyskl - INFO - Epoch [16][3000/6265]	lr: 6.543e-05, eta: 0:19:26, time: 0.357, data_time: 0.000, memory: 3356, top1_acc: 1.0000, top5_acc: 1.0000, loss_cls: 0.0115, loss: 0.0115
2026-08-15 02:10:23,367 - pyskl - INFO - Epoch [16][3100/6265]	lr: 6.148e-05, eta: 0:18:51, time: 0.357, data_time: 0.000, memory: 3356, top1_acc: 1.0000, top5_acc: 1.0000, loss_cls: 0.0115, loss: 0.0115
2026-08-15 02:10:59,052 - pyskl - INFO - Epoch [16][3200/6265]	lr: 5.766e-05, eta: 0:18:15, time: 0.357, data_time: 0.000, memory: 3356, top1_acc: 0.9997, top5_acc: 1.0000, loss_cls: 0.0111, loss: 0.0111
2026-08-15 02:11:34,724 - pyskl - INFO - Epoch [16][3300/6265]	lr: 5.397e-05, eta: 0:17:39, time: 0.357, data_time: 0.000, memory: 3356, top1_acc: 1.0000, top5_acc: 1.0000, loss_cls: 0.0111, loss: 0.0111
2026-08-15 02:12:10,412 - pyskl - INFO - Epoch [16][3400/6265]	lr: 5.039e-05, eta: 0:17:03, time: 0.357, data_time: 0.000, memory: 3356, top1_acc: 1.0000, top5_acc: 1.0000, loss_cls: 0.0103, loss: 0.0103
2026-08-15 02:12:46,116 - pyskl - INFO - Epoch [16][3500/6265]	lr: 4.694e-05, eta: 0:16:28, time: 0.357, data_time: 0.000, memory: 3356, top1_acc: 0.9997, top5_acc: 1.0000, loss_cls: 0.0111, loss: 0.0111
2026-08-15 02:13:21,810 - pyskl - INFO - Epoch [16][3600/6265]	lr: 4.361e-05, eta: 0:15:52, time: 0.357, data_time: 0.000, memory: 3356, top1_acc: 1.0000, top5_acc: 1.0000, loss_cls: 0.0108, loss: 0.0108
2026-08-15 02:13:57,461 - pyskl - INFO - Epoch [16][3700/6265]	lr: 4.040e-05, eta: 0:15:16, time: 0.357, data_time: 0.000, memory: 3356, top1_acc: 1.0000, top5_acc: 1.0000, loss_cls: 0.0109, loss: 0.0109
2026-08-15 02:14:33,095 - pyskl - INFO - Epoch [16][3800/6265]	lr: 3.731e-05, eta: 0:14:40, time: 0.356, data_time: 0.000, memory: 3356, top1_acc: 1.0000, top5_acc: 1.0000, loss_cls: 0.0103, loss: 0.0103
2026-08-15 02:15:08,753 - pyskl - INFO - Epoch [16][3900/6265]	lr: 3.435e-05, eta: 0:14:05, time: 0.357, data_time: 0.000, memory: 3356, top1_acc: 1.0000, top5_acc: 1.0000, loss_cls: 0.0102, loss: 0.0102
2026-08-15 02:15:44,431 - pyskl - INFO - Epoch [16][4000/6265]	lr: 3.151e-05, eta: 0:13:29, time: 0.357, data_time: 0.000, memory: 3356, top1_acc: 1.0000, top5_acc: 1.0000, loss_cls: 0.0111, loss: 0.0111
2026-08-15 02:16:20,098 - pyskl - INFO - Epoch [16][4100/6265]	lr: 2.879e-05, eta: 0:12:53, time: 0.357, data_time: 0.000, memory: 3356, top1_acc: 1.0000, top5_acc: 1.0000, loss_cls: 0.0117, loss: 0.0117
2026-08-15 02:16:55,779 - pyskl - INFO - Epoch [16][4200/6265]	lr: 2.619e-05, eta: 0:12:18, time: 0.357, data_time: 0.000, memory: 3356, top1_acc: 1.0000, top5_acc: 1.0000, loss_cls: 0.0117, loss: 0.0117
2026-08-15 02:17:31,464 - pyskl - INFO - Epoch [16][4300/6265]	lr: 2.372e-05, eta: 0:11:42, time: 0.357, data_time: 0.000, memory: 3356, top1_acc: 1.0000, top5_acc: 1.0000, loss_cls: 0.0101, loss: 0.0101
2026-08-15 02:18:07,134 - pyskl - INFO - Epoch [16][4400/6265]	lr: 2.137e-05, eta: 0:11:06, time: 0.357, data_time: 0.000, memory: 3356, top1_acc: 0.9997, top5_acc: 1.0000, loss_cls: 0.0109, loss: 0.0109
2026-08-15 02:18:42,792 - pyskl - INFO - Epoch [16][4500/6265]	lr: 1.914e-05, eta: 0:10:30, time: 0.357, data_time: 0.000, memory: 3356, top1_acc: 1.0000, top5_acc: 1.0000, loss_cls: 0.0103, loss: 0.0103
2026-08-15 02:19:18,468 - pyskl - INFO - Epoch [16][4600/6265]	lr: 1.704e-05, eta: 0:09:55, time: 0.357, data_time: 0.000, memory: 3356, top1_acc: 1.0000, top5_acc: 1.0000, loss_cls: 0.0110, loss: 0.0110
2026-08-15 02:19:54,140 - pyskl - INFO - Epoch [16][4700/6265]	lr: 1.505e-05, eta: 0:09:19, time: 0.357, data_time: 0.000, memory: 3356, top1_acc: 1.0000, top5_acc: 1.0000, loss_cls: 0.0108, loss: 0.0108
2026-08-15 02:20:29,842 - pyskl - INFO - Epoch [16][4800/6265]	lr: 1.319e-05, eta: 0:08:43, time: 0.357, data_time: 0.000, memory: 3356, top1_acc: 1.0000, top5_acc: 1.0000, loss_cls: 0.0105, loss: 0.0105
2026-08-15 02:21:05,538 - pyskl - INFO - Epoch [16][4900/6265]	lr: 1.145e-05, eta: 0:08:07, time: 0.357, data_time: 0.000, memory: 3356, top1_acc: 1.0000, top5_acc: 1.0000, loss_cls: 0.0111, loss: 0.0111
2026-08-15 02:21:41,237 - pyskl - INFO - Epoch [16][5000/6265]	lr: 9.838e-06, eta: 0:07:32, time: 0.357, data_time: 0.000, memory: 3356, top1_acc: 1.0000, top5_acc: 1.0000, loss_cls: 0.0106, loss: 0.0106
2026-08-15 02:22:16,925 - pyskl - INFO - Epoch [16][5100/6265]	lr: 8.345e-06, eta: 0:06:56, time: 0.357, data_time: 0.000, memory: 3356, top1_acc: 1.0000, top5_acc: 1.0000, loss_cls: 0.0108, loss: 0.0108
2026-08-15 02:22:52,631 - pyskl - INFO - Epoch [16][5200/6265]	lr: 6.975e-06, eta: 0:06:20, time: 0.357, data_time: 0.000, memory: 3356, top1_acc: 1.0000, top5_acc: 1.0000, loss_cls: 0.0102, loss: 0.0102
2026-08-15 02:23:28,323 - pyskl - INFO - Epoch [16][5300/6265]	lr: 5.728e-06, eta: 0:05:44, time: 0.357, data_time: 0.000, memory: 3356, top1_acc: 1.0000, top5_acc: 1.0000, loss_cls: 0.0113, loss: 0.0113
2026-08-15 02:24:04,026 - pyskl - INFO - Epoch [16][5400/6265]	lr: 4.604e-06, eta: 0:05:09, time: 0.357, data_time: 0.000, memory: 3356, top1_acc: 1.0000, top5_acc: 1.0000, loss_cls: 0.0107, loss: 0.0107
2026-08-15 02:24:39,730 - pyskl - INFO - Epoch [16][5500/6265]	lr: 3.602e-06, eta: 0:04:33, time: 0.357, data_time: 0.000, memory: 3356, top1_acc: 1.0000, top5_acc: 1.0000, loss_cls: 0.0103, loss: 0.0103
2026-08-15 02:25:15,421 - pyskl - INFO - Epoch [16][5600/6265]	lr: 2.723e-06, eta: 0:03:57, time: 0.357, data_time: 0.000, memory: 3356, top1_acc: 0.9997, top5_acc: 1.0000, loss_cls: 0.0113, loss: 0.0113
2026-08-15 02:25:51,107 - pyskl - INFO - Epoch [16][5700/6265]	lr: 1.967e-06, eta: 0:03:21, time: 0.357, data_time: 0.000, memory: 3356, top1_acc: 1.0000, top5_acc: 1.0000, loss_cls: 0.0111, loss: 0.0111
2026-08-15 02:26:26,775 - pyskl - INFO - Epoch [16][5800/6265]	lr: 1.333e-06, eta: 0:02:46, time: 0.357, data_time: 0.000, memory: 3356, top1_acc: 1.0000, top5_acc: 1.0000, loss_cls: 0.0108, loss: 0.0108
2026-08-15 02:27:02,465 - pyskl - INFO - Epoch [16][5900/6265]	lr: 8.223e-07, eta: 0:02:10, time: 0.357, data_time: 0.000, memory: 3356, top1_acc: 1.0000, top5_acc: 1.0000, loss_cls: 0.0104, loss: 0.0104
2026-08-15 02:27:38,159 - pyskl - INFO - Epoch [16][6000/6265]	lr: 4.344e-07, eta: 0:01:34, time: 0.357, data_time: 0.000, memory: 3356, top1_acc: 1.0000, top5_acc: 1.0000, loss_cls: 0.0100, loss: 0.0100
2026-08-15 02:28:13,832 - pyskl - INFO - Epoch [16][6100/6265]	lr: 1.692e-07, eta: 0:00:58, time: 0.357, data_time: 0.000, memory: 3356, top1_acc: 0.9997, top5_acc: 1.0000, loss_cls: 0.0113, loss: 0.0113
2026-08-15 02:28:49,516 - pyskl - INFO - Epoch [16][6200/6265]	lr: 2.674e-08, eta: 0:00:23, time: 0.357, data_time: 0.000, memory: 3356, top1_acc: 1.0000, top5_acc: 1.0000, loss_cls: 0.0108, loss: 0.0108
2026-08-15 02:29:12,717 - pyskl - INFO - Saving checkpoint at 16 epochs
2026-08-15 02:30:08,830 - pyskl - INFO - Evaluating top_k_accuracy ...
2026-08-15 02:30:08,871 - pyskl - INFO - 
top1_acc	0.8807
top5_acc	0.9754
2026-08-15 02:30:08,873 - pyskl - INFO - The previous best checkpoint D:\YxjProject\pythonProject\pyskl\work_dirs\stgcn\stgcn_pyskl_ntu60_xsub_3dkp\j_single_gpu_seed3407\best_top1_acc_epoch_15.pth was removed
2026-08-15 02:30:08,953 - pyskl - INFO - Now best checkpoint is saved as best_top1_acc_epoch_16.pth.
2026-08-15 02:30:08,954 - pyskl - INFO - Best top1_acc is 0.8807 at 16 epoch.
2026-08-15 02:30:08,955 - pyskl - INFO - Epoch(val) [16][516]	top1_acc: 0.8807, top5_acc: 0.9754
2026-08-15 02:30:19,597 - pyskl - INFO - 16487 videos remain after valid thresholding
2026-08-15 02:30:19,597 - pyskl - INFO - load checkpoint from local path: ./work_dirs/stgcn/stgcn_pyskl_ntu60_xsub_3dkp/j_single_gpu_seed3407\best_top1_acc_epoch_16.pth
2026-08-15 02:48:25,685 - pyskl - INFO - Testing results of the best checkpoint
2026-08-15 02:48:25,685 - pyskl - INFO - top1_acc: 0.8862
2026-08-15 02:48:25,686 - pyskl - INFO - top5_acc: 0.9762
