2026-08-30 19:35:35,534 - pyskl - INFO - Environment info:
------------------------------------------------------------
sys.platform: win32
Python: 3.10.20 | packaged by Anaconda, Inc. | (main, Jun 11 2026, 15:13:20) [MSC v.1942 64 bit (AMD64)]
CUDA available: True
GPU 0: NVIDIA GeForce GTX 1080 Ti
CUDA_HOME: C:\Program Files\NVIDIA GPU Computing Toolkit\CUDA\v12.1
NVCC: Cuda compilation tools, release 12.1, V12.1.66
MSVC: Microsoft (R) C/C++ Optimizing Compiler Version 19.51.36252 for x64
GCC: n/a
PyTorch: 1.12.1
PyTorch compiling details: PyTorch built with:
  - C++ Version: 199711
  - MSVC 192829337
  - Intel(R) Math Kernel Library Version 2020.0.2 Product Build 20200624 for Intel(R) 64 architecture applications
  - Intel(R) MKL-DNN v2.6.0 (Git Hash 52b5f107dd9cf10910aaa19cb47f3abf9b349815)
  - OpenMP 2019
  - LAPACK is enabled (usually provided by MKL)
  - CPU capability usage: AVX2
  - CUDA Runtime 11.3
  - NVCC architecture flags: -gencode;arch=compute_37,code=sm_37;-gencode;arch=compute_50,code=sm_50;-gencode;arch=compute_60,code=sm_60;-gencode;arch=compute_61,code=sm_61;-gencode;arch=compute_70,code=sm_70;-gencode;arch=compute_75,code=sm_75;-gencode;arch=compute_80,code=sm_80;-gencode;arch=compute_86,code=sm_86;-gencode;arch=compute_37,code=compute_37
  - CuDNN 8.3.2  (built against CUDA 11.5)
  - Magma 2.5.4
  - Build settings: BLAS_INFO=mkl, BUILD_TYPE=Release, CUDA_VERSION=11.3, CUDNN_VERSION=8.3.2, CXX_COMPILER=C:/cb/pytorch_1000000000000/work/tmp_bin/sccache-cl.exe, CXX_FLAGS=/DWIN32 /D_WINDOWS /GR /EHsc /w /bigobj -DUSE_PTHREADPOOL -openmp:experimental -IC:/cb/pytorch_1000000000000/work/mkl/include -DNDEBUG -DUSE_KINETO -DLIBKINETO_NOCUPTI -DUSE_FBGEMM -DUSE_XNNPACK -DSYMBOLICATE_MOBILE_DEBUG_HANDLE -DEDGE_PROFILER_USE_KINETO, LAPACK_INFO=mkl, PERF_WITH_AVX=1, PERF_WITH_AVX2=1, PERF_WITH_AVX512=1, TORCH_VERSION=1.12.1, USE_CUDA=ON, USE_CUDNN=ON, USE_EXCEPTION_PTR=1, USE_GFLAGS=OFF, USE_GLOG=OFF, USE_MKL=ON, USE_MKLDNN=OFF, USE_MPI=OFF, USE_NCCL=OFF, USE_NNPACK=OFF, USE_OPENMP=ON, USE_ROCM=OFF, 

TorchVision: 0.13.1
OpenCV: 4.7.0
MMCV: 1.7.0
MMCV Compiler: MSVC 192829924
MMCV CUDA Compiler: 11.3
pyskl: 0.1.0+549db50
------------------------------------------------------------

2026-08-30 19:35:35,754 - pyskl - INFO - Config: model = dict(
    type='RecognizerGCN',
    backbone=dict(
        type='STGCN',
        gcn_adaptive='init',
        gcn_with_res=True,
        tcn_type='mstcn',
        graph_cfg=dict(layout='nturgb+d', mode='spatial')),
    cls_head=dict(type='GCNHead', num_classes=60, in_channels=256))
dataset_type = 'PoseDataset'
ann_file = 'data/nturgbd/ntu60_inner_split.pkl'
train_pipeline = [
    dict(type='PreNormalize3D'),
    dict(
        type='RandomSkeletonDegrade',
        degrade_type='coord_noise',
        prob=1.0,
        dataset='nturgb+d',
        severity_sampling='S3'),
    dict(type='GenSkeFeat', dataset='nturgb+d', feats=['j']),
    dict(type='UniformSample', clip_len=100),
    dict(type='PoseDecode'),
    dict(type='FormatGCNInput', num_person=2),
    dict(type='Collect', keys=['keypoint', 'label'], meta_keys=[]),
    dict(type='ToTensor', keys=['keypoint'])
]
val_pipeline = [
    dict(type='PreNormalize3D'),
    dict(type='GenSkeFeat', dataset='nturgb+d', feats=['j']),
    dict(type='UniformSample', clip_len=100, num_clips=1),
    dict(type='PoseDecode'),
    dict(type='FormatGCNInput', num_person=2),
    dict(type='Collect', keys=['keypoint', 'label'], meta_keys=[]),
    dict(type='ToTensor', keys=['keypoint'])
]
test_pipeline = [
    dict(type='PreNormalize3D'),
    dict(type='GenSkeFeat', dataset='nturgb+d', feats=['j']),
    dict(type='UniformSample', clip_len=100, num_clips=10, seed=255),
    dict(type='PoseDecode'),
    dict(type='FormatGCNInput', num_person=2),
    dict(type='Collect', keys=['keypoint', 'label'], meta_keys=[]),
    dict(type='ToTensor', keys=['keypoint'])
]
data = dict(
    videos_per_gpu=32,
    workers_per_gpu=2,
    test_dataloader=dict(videos_per_gpu=1),
    train=dict(
        type='RepeatDataset',
        times=5,
        dataset=dict(
            type='PoseDataset',
            ann_file='data/nturgbd/ntu60_inner_split.pkl',
            pipeline=[
                dict(type='PreNormalize3D'),
                dict(
                    type='RandomSkeletonDegrade',
                    degrade_type='coord_noise',
                    prob=1.0,
                    dataset='nturgb+d',
                    severity_sampling='S3'),
                dict(type='GenSkeFeat', dataset='nturgb+d', feats=['j']),
                dict(type='UniformSample', clip_len=100),
                dict(type='PoseDecode'),
                dict(type='FormatGCNInput', num_person=2),
                dict(type='Collect', keys=['keypoint', 'label'], meta_keys=[]),
                dict(type='ToTensor', keys=['keypoint'])
            ],
            split='inner_train')),
    val=dict(
        type='PoseDataset',
        ann_file='data/nturgbd/ntu60_inner_split.pkl',
        pipeline=[
            dict(type='PreNormalize3D'),
            dict(type='GenSkeFeat', dataset='nturgb+d', feats=['j']),
            dict(type='UniformSample', clip_len=100, num_clips=1),
            dict(type='PoseDecode'),
            dict(type='FormatGCNInput', num_person=2),
            dict(type='Collect', keys=['keypoint', 'label'], meta_keys=[]),
            dict(type='ToTensor', keys=['keypoint'])
        ],
        split='inner_val'),
    test=dict(
        type='PoseDataset',
        ann_file='data/nturgbd/ntu60_inner_split.pkl',
        pipeline=[
            dict(type='PreNormalize3D'),
            dict(type='GenSkeFeat', dataset='nturgb+d', feats=['j']),
            dict(type='UniformSample', clip_len=100, num_clips=10, seed=255),
            dict(type='PoseDecode'),
            dict(type='FormatGCNInput', num_person=2),
            dict(type='Collect', keys=['keypoint', 'label'], meta_keys=[]),
            dict(type='ToTensor', keys=['keypoint'])
        ],
        split='inner_val'))
optimizer = dict(
    type='SGD', lr=0.025, momentum=0.9, weight_decay=0.0005, nesterov=True)
optimizer_config = dict(grad_clip=None)
lr_config = dict(policy='CosineAnnealing', min_lr=0, by_epoch=False)
total_epochs = 24
checkpoint_config = dict(interval=1)
evaluation = dict(interval=1, metrics=['top_k_accuracy'])
log_config = dict(interval=100, hooks=[dict(type='TextLoggerHook')])
log_level = 'INFO'
work_dir = './work_dirs/aug_baseline/stgcnpp_j/train/A3_coord_noise_e24'
dist_params = dict(backend='gloo')
gpu_ids = range(0, 1)

2026-08-30 19:35:35,754 - pyskl - INFO - Set random seed to 255, deterministic: True
2026-08-30 19:35:48,982 - pyskl - INFO - 35436 videos remain after valid thresholding
2026-08-30 19:36:05,119 - pyskl - INFO - 4655 videos remain after valid thresholding
2026-08-30 19:36:05,120 - pyskl - INFO - Start running, host: Administrator@SERVER-1080TI, work_dir: D:\YXJProject\pythonProject\pyskl\work_dirs\aug_baseline\stgcnpp_j\train\A3_coord_noise_e24
2026-08-30 19:36:05,120 - pyskl - INFO - Hooks will be executed in the following order:
before_run:
(VERY_HIGH   ) CosineAnnealingLrUpdaterHook       
(NORMAL      ) CheckpointHook                     
(NORMAL      ) DistEvalHook                       
(VERY_LOW    ) TextLoggerHook                     
 -------------------- 
before_train_epoch:
(VERY_HIGH   ) CosineAnnealingLrUpdaterHook       
(NORMAL      ) DistSamplerSeedHook                
(NORMAL      ) DistEvalHook                       
(LOW         ) IterTimerHook                      
(VERY_LOW    ) TextLoggerHook                     
 -------------------- 
before_train_iter:
(VERY_HIGH   ) CosineAnnealingLrUpdaterHook       
(NORMAL      ) DistEvalHook                       
(LOW         ) IterTimerHook                      
 -------------------- 
after_train_iter:
(ABOVE_NORMAL) OptimizerHook                      
(NORMAL      ) CheckpointHook                     
(NORMAL      ) DistEvalHook                       
(LOW         ) IterTimerHook                      
(VERY_LOW    ) TextLoggerHook                     
 -------------------- 
after_train_epoch:
(NORMAL      ) CheckpointHook                     
(NORMAL      ) DistEvalHook                       
(VERY_LOW    ) TextLoggerHook                     
 -------------------- 
before_val_epoch:
(NORMAL      ) DistSamplerSeedHook                
(LOW         ) IterTimerHook                      
(VERY_LOW    ) TextLoggerHook                     
 -------------------- 
before_val_iter:
(LOW         ) IterTimerHook                      
 -------------------- 
after_val_iter:
(LOW         ) IterTimerHook                      
 -------------------- 
after_val_epoch:
(VERY_LOW    ) TextLoggerHook                     
 -------------------- 
after_run:
(VERY_LOW    ) TextLoggerHook                     
 -------------------- 
2026-08-30 19:36:05,121 - pyskl - INFO - workflow: [('train', 1)], max: 24 epochs
2026-08-30 19:36:05,121 - pyskl - INFO - Checkpoints will be saved to D:\YXJProject\pythonProject\pyskl\work_dirs\aug_baseline\stgcnpp_j\train\A3_coord_noise_e24 by HardDiskBackend.
2026-08-30 19:41:43,103 - pyskl - INFO - Epoch [1][100/5537]	lr: 2.500e-02, eta: 5 days, 4:39:52, time: 3.380, data_time: 0.129, memory: 5243, top1_acc: 0.0459, top5_acc: 0.2081, loss_cls: 3.7878, loss: 3.7878
2026-08-30 19:47:03,890 - pyskl - INFO - Epoch [1][200/5537]	lr: 2.500e-02, eta: 5 days, 1:24:09, time: 3.208, data_time: 0.000, memory: 5243, top1_acc: 0.1128, top5_acc: 0.3488, loss_cls: 3.3482, loss: 3.3482
2026-08-30 19:52:24,091 - pyskl - INFO - Epoch [1][300/5537]	lr: 2.500e-02, eta: 5 days, 0:11:02, time: 3.202, data_time: 0.000, memory: 5243, top1_acc: 0.1719, top5_acc: 0.4731, loss_cls: 2.9792, loss: 2.9792
2026-08-30 19:57:43,938 - pyskl - INFO - Epoch [1][400/5537]	lr: 2.500e-02, eta: 4 days, 23:29:52, time: 3.198, data_time: 0.000, memory: 5243, top1_acc: 0.2084, top5_acc: 0.5450, loss_cls: 2.7420, loss: 2.7420
2026-08-30 20:03:00,047 - pyskl - INFO - Epoch [1][500/5537]	lr: 2.500e-02, eta: 4 days, 22:46:31, time: 3.161, data_time: 0.000, memory: 5243, top1_acc: 0.2653, top5_acc: 0.6419, loss_cls: 2.5167, loss: 2.5167
2026-08-30 20:08:12,427 - pyskl - INFO - Epoch [1][600/5537]	lr: 2.500e-02, eta: 4 days, 22:02:10, time: 3.124, data_time: 0.000, memory: 5243, top1_acc: 0.2869, top5_acc: 0.6797, loss_cls: 2.3701, loss: 2.3701
2026-08-30 20:13:24,138 - pyskl - INFO - Epoch [1][700/5537]	lr: 2.500e-02, eta: 4 days, 21:26:54, time: 3.117, data_time: 0.000, memory: 5243, top1_acc: 0.3434, top5_acc: 0.7409, loss_cls: 2.1750, loss: 2.1750
2026-08-30 20:18:35,105 - pyskl - INFO - Epoch [1][800/5537]	lr: 2.500e-02, eta: 4 days, 20:57:05, time: 3.110, data_time: 0.000, memory: 5243, top1_acc: 0.3678, top5_acc: 0.7619, loss_cls: 2.1113, loss: 2.1113
2026-08-30 20:23:46,073 - pyskl - INFO - Epoch [1][900/5537]	lr: 2.500e-02, eta: 4 days, 20:32:46, time: 3.110, data_time: 0.000, memory: 5243, top1_acc: 0.3881, top5_acc: 0.7831, loss_cls: 2.0316, loss: 2.0316
2026-08-30 20:28:58,191 - pyskl - INFO - Epoch [1][1000/5537]	lr: 2.500e-02, eta: 4 days, 20:14:47, time: 3.121, data_time: 0.000, memory: 5243, top1_acc: 0.4069, top5_acc: 0.7922, loss_cls: 1.9428, loss: 1.9428
2026-08-30 20:34:09,881 - pyskl - INFO - Epoch [1][1100/5537]	lr: 2.500e-02, eta: 4 days, 19:58:17, time: 3.117, data_time: 0.000, memory: 5243, top1_acc: 0.4356, top5_acc: 0.8203, loss_cls: 1.8454, loss: 1.8454
2026-08-30 20:39:21,605 - pyskl - INFO - Epoch [1][1200/5537]	lr: 2.499e-02, eta: 4 days, 19:43:44, time: 3.117, data_time: 0.000, memory: 5243, top1_acc: 0.4375, top5_acc: 0.8228, loss_cls: 1.8225, loss: 1.8225
2026-08-30 20:44:33,496 - pyskl - INFO - Epoch [1][1300/5537]	lr: 2.499e-02, eta: 4 days, 19:30:54, time: 3.119, data_time: 0.000, memory: 5243, top1_acc: 0.4625, top5_acc: 0.8416, loss_cls: 1.7410, loss: 1.7410
2026-08-30 20:49:46,919 - pyskl - INFO - Epoch [1][1400/5537]	lr: 2.499e-02, eta: 4 days, 19:21:33, time: 3.134, data_time: 0.000, memory: 5243, top1_acc: 0.4716, top5_acc: 0.8328, loss_cls: 1.7045, loss: 1.7045
2026-08-30 20:54:59,684 - pyskl - INFO - Epoch [1][1500/5537]	lr: 2.499e-02, eta: 4 days, 19:11:48, time: 3.128, data_time: 0.000, memory: 5243, top1_acc: 0.4906, top5_acc: 0.8503, loss_cls: 1.6724, loss: 1.6724
2026-08-30 21:00:12,782 - pyskl - INFO - Epoch [1][1600/5537]	lr: 2.499e-02, eta: 4 days, 19:03:04, time: 3.131, data_time: 0.000, memory: 5243, top1_acc: 0.5172, top5_acc: 0.8509, loss_cls: 1.6233, loss: 1.6233
2026-08-30 21:05:27,405 - pyskl - INFO - Epoch [1][1700/5537]	lr: 2.499e-02, eta: 4 days, 18:56:42, time: 3.146, data_time: 0.000, memory: 5243, top1_acc: 0.5269, top5_acc: 0.8691, loss_cls: 1.5399, loss: 1.5399
2026-08-30 21:10:40,191 - pyskl - INFO - Epoch [1][1800/5537]	lr: 2.499e-02, eta: 4 days, 18:48:15, time: 3.128, data_time: 0.000, memory: 5243, top1_acc: 0.5316, top5_acc: 0.8672, loss_cls: 1.5428, loss: 1.5428
2026-08-30 21:15:53,065 - pyskl - INFO - Epoch [1][1900/5537]	lr: 2.499e-02, eta: 4 days, 18:40:13, time: 3.129, data_time: 0.000, memory: 5243, top1_acc: 0.5394, top5_acc: 0.8744, loss_cls: 1.5118, loss: 1.5118
2026-08-30 21:21:05,585 - pyskl - INFO - Epoch [1][2000/5537]	lr: 2.499e-02, eta: 4 days, 18:32:06, time: 3.125, data_time: 0.000, memory: 5243, top1_acc: 0.5487, top5_acc: 0.8709, loss_cls: 1.4803, loss: 1.4803
2026-08-30 21:26:18,557 - pyskl - INFO - Epoch [1][2100/5537]	lr: 2.498e-02, eta: 4 days, 18:24:43, time: 3.130, data_time: 0.000, memory: 5243, top1_acc: 0.5656, top5_acc: 0.8831, loss_cls: 1.4211, loss: 1.4211
2026-08-30 21:31:32,547 - pyskl - INFO - Epoch [1][2200/5537]	lr: 2.498e-02, eta: 4 days, 18:18:33, time: 3.140, data_time: 0.000, memory: 5243, top1_acc: 0.5609, top5_acc: 0.8872, loss_cls: 1.4020, loss: 1.4020
2026-08-30 21:36:45,596 - pyskl - INFO - Epoch [1][2300/5537]	lr: 2.498e-02, eta: 4 days, 18:11:34, time: 3.130, data_time: 0.000, memory: 5243, top1_acc: 0.5697, top5_acc: 0.8909, loss_cls: 1.3965, loss: 1.3965
2026-08-30 21:41:59,198 - pyskl - INFO - Epoch [1][2400/5537]	lr: 2.498e-02, eta: 4 days, 18:05:14, time: 3.136, data_time: 0.000, memory: 5243, top1_acc: 0.5684, top5_acc: 0.8919, loss_cls: 1.3751, loss: 1.3751
2026-08-30 21:47:13,334 - pyskl - INFO - Epoch [1][2500/5537]	lr: 2.498e-02, eta: 4 days, 17:59:27, time: 3.141, data_time: 0.000, memory: 5243, top1_acc: 0.5850, top5_acc: 0.9031, loss_cls: 1.3130, loss: 1.3130
2026-08-30 21:52:26,268 - pyskl - INFO - Epoch [1][2600/5537]	lr: 2.498e-02, eta: 4 days, 17:52:42, time: 3.129, data_time: 0.000, memory: 5243, top1_acc: 0.6078, top5_acc: 0.9053, loss_cls: 1.2768, loss: 1.2768
2026-08-30 21:57:39,616 - pyskl - INFO - Epoch [1][2700/5537]	lr: 2.497e-02, eta: 4 days, 17:46:24, time: 3.133, data_time: 0.000, memory: 5243, top1_acc: 0.6016, top5_acc: 0.9022, loss_cls: 1.2938, loss: 1.2938
2026-08-30 22:02:54,213 - pyskl - INFO - Epoch [1][2800/5537]	lr: 2.497e-02, eta: 4 days, 17:41:09, time: 3.146, data_time: 0.000, memory: 5243, top1_acc: 0.6203, top5_acc: 0.8978, loss_cls: 1.2803, loss: 1.2803
2026-08-30 22:08:07,450 - pyskl - INFO - Epoch [1][2900/5537]	lr: 2.497e-02, eta: 4 days, 17:34:53, time: 3.132, data_time: 0.000, memory: 5243, top1_acc: 0.6091, top5_acc: 0.9050, loss_cls: 1.2716, loss: 1.2716
2026-08-30 22:13:22,898 - pyskl - INFO - Epoch [1][3000/5537]	lr: 2.497e-02, eta: 4 days, 17:30:17, time: 3.154, data_time: 0.000, memory: 5243, top1_acc: 0.6159, top5_acc: 0.9150, loss_cls: 1.2499, loss: 1.2499
2026-08-30 22:18:36,187 - pyskl - INFO - Epoch [1][3100/5537]	lr: 2.497e-02, eta: 4 days, 17:24:07, time: 3.133, data_time: 0.000, memory: 5243, top1_acc: 0.6281, top5_acc: 0.9116, loss_cls: 1.2184, loss: 1.2184
2026-08-30 22:23:49,497 - pyskl - INFO - Epoch [1][3200/5537]	lr: 2.496e-02, eta: 4 days, 17:18:03, time: 3.133, data_time: 0.000, memory: 5243, top1_acc: 0.6356, top5_acc: 0.9187, loss_cls: 1.1886, loss: 1.1886
2026-08-30 22:29:03,420 - pyskl - INFO - Epoch [1][3300/5537]	lr: 2.496e-02, eta: 4 days, 17:12:25, time: 3.139, data_time: 0.000, memory: 5243, top1_acc: 0.6231, top5_acc: 0.9128, loss_cls: 1.2106, loss: 1.2106
2026-08-30 22:34:16,513 - pyskl - INFO - Epoch [1][3400/5537]	lr: 2.496e-02, eta: 4 days, 17:06:17, time: 3.131, data_time: 0.000, memory: 5243, top1_acc: 0.6356, top5_acc: 0.9144, loss_cls: 1.1661, loss: 1.1661
2026-08-30 22:39:29,362 - pyskl - INFO - Epoch [1][3500/5537]	lr: 2.496e-02, eta: 4 days, 17:00:03, time: 3.128, data_time: 0.000, memory: 5243, top1_acc: 0.6316, top5_acc: 0.9137, loss_cls: 1.2114, loss: 1.2114
2026-08-30 22:44:42,394 - pyskl - INFO - Epoch [1][3600/5537]	lr: 2.495e-02, eta: 4 days, 16:54:00, time: 3.130, data_time: 0.000, memory: 5243, top1_acc: 0.6400, top5_acc: 0.9194, loss_cls: 1.1636, loss: 1.1636
2026-08-30 22:49:54,491 - pyskl - INFO - Epoch [1][3700/5537]	lr: 2.495e-02, eta: 4 days, 16:47:26, time: 3.121, data_time: 0.000, memory: 5243, top1_acc: 0.6519, top5_acc: 0.9228, loss_cls: 1.1323, loss: 1.1323
2026-08-30 22:55:04,856 - pyskl - INFO - Epoch [1][3800/5537]	lr: 2.495e-02, eta: 4 days, 16:39:58, time: 3.104, data_time: 0.000, memory: 5243, top1_acc: 0.6494, top5_acc: 0.9278, loss_cls: 1.1222, loss: 1.1222
2026-08-30 23:00:15,463 - pyskl - INFO - Epoch [1][3900/5537]	lr: 2.495e-02, eta: 4 days, 16:32:45, time: 3.106, data_time: 0.000, memory: 5243, top1_acc: 0.6556, top5_acc: 0.9153, loss_cls: 1.1348, loss: 1.1348
2026-08-30 23:05:25,948 - pyskl - INFO - Epoch [1][4000/5537]	lr: 2.494e-02, eta: 4 days, 16:25:34, time: 3.105, data_time: 0.000, memory: 5243, top1_acc: 0.6566, top5_acc: 0.9244, loss_cls: 1.1021, loss: 1.1021
2026-08-30 23:10:35,922 - pyskl - INFO - Epoch [1][4100/5537]	lr: 2.494e-02, eta: 4 days, 16:18:12, time: 3.100, data_time: 0.000, memory: 5243, top1_acc: 0.6428, top5_acc: 0.9191, loss_cls: 1.1230, loss: 1.1230
2026-08-30 23:15:46,324 - pyskl - INFO - Epoch [1][4200/5537]	lr: 2.494e-02, eta: 4 days, 16:11:11, time: 3.104, data_time: 0.000, memory: 5243, top1_acc: 0.6584, top5_acc: 0.9253, loss_cls: 1.1062, loss: 1.1062
2026-08-30 23:20:56,891 - pyskl - INFO - Epoch [1][4300/5537]	lr: 2.494e-02, eta: 4 days, 16:04:19, time: 3.106, data_time: 0.000, memory: 5243, top1_acc: 0.6681, top5_acc: 0.9347, loss_cls: 1.0610, loss: 1.0610
2026-08-30 23:26:06,959 - pyskl - INFO - Epoch [1][4400/5537]	lr: 2.493e-02, eta: 4 days, 15:57:17, time: 3.101, data_time: 0.000, memory: 5243, top1_acc: 0.6759, top5_acc: 0.9347, loss_cls: 1.0375, loss: 1.0375
2026-08-30 23:31:16,960 - pyskl - INFO - Epoch [1][4500/5537]	lr: 2.493e-02, eta: 4 days, 15:50:19, time: 3.100, data_time: 0.000, memory: 5243, top1_acc: 0.6669, top5_acc: 0.9237, loss_cls: 1.1097, loss: 1.1097
2026-08-30 23:36:28,570 - pyskl - INFO - Epoch [1][4600/5537]	lr: 2.493e-02, eta: 4 days, 15:44:10, time: 3.116, data_time: 0.000, memory: 5243, top1_acc: 0.6656, top5_acc: 0.9266, loss_cls: 1.0930, loss: 1.0930
2026-08-30 23:41:39,644 - pyskl - INFO - Epoch [1][4700/5537]	lr: 2.492e-02, eta: 4 days, 15:37:49, time: 3.111, data_time: 0.000, memory: 5243, top1_acc: 0.6663, top5_acc: 0.9291, loss_cls: 1.0847, loss: 1.0847
2026-08-30 23:46:50,648 - pyskl - INFO - Epoch [1][4800/5537]	lr: 2.492e-02, eta: 4 days, 15:31:29, time: 3.110, data_time: 0.000, memory: 5243, top1_acc: 0.6647, top5_acc: 0.9281, loss_cls: 1.0595, loss: 1.0595
2026-08-30 23:52:01,494 - pyskl - INFO - Epoch [1][4900/5537]	lr: 2.492e-02, eta: 4 days, 15:25:07, time: 3.108, data_time: 0.000, memory: 5243, top1_acc: 0.6869, top5_acc: 0.9294, loss_cls: 1.0186, loss: 1.0186
2026-08-30 23:57:11,638 - pyskl - INFO - Epoch [1][5000/5537]	lr: 2.491e-02, eta: 4 days, 15:18:30, time: 3.101, data_time: 0.000, memory: 5243, top1_acc: 0.6913, top5_acc: 0.9325, loss_cls: 1.0266, loss: 1.0266
2026-08-31 00:02:22,575 - pyskl - INFO - Epoch [1][5100/5537]	lr: 2.491e-02, eta: 4 days, 15:12:17, time: 3.109, data_time: 0.000, memory: 5243, top1_acc: 0.6772, top5_acc: 0.9328, loss_cls: 1.0657, loss: 1.0657
2026-08-31 00:07:34,547 - pyskl - INFO - Epoch [1][5200/5537]	lr: 2.491e-02, eta: 4 days, 15:06:32, time: 3.120, data_time: 0.000, memory: 5243, top1_acc: 0.6825, top5_acc: 0.9359, loss_cls: 0.9890, loss: 0.9890
2026-08-31 00:12:45,271 - pyskl - INFO - Epoch [1][5300/5537]	lr: 2.490e-02, eta: 4 days, 15:00:17, time: 3.107, data_time: 0.000, memory: 5243, top1_acc: 0.6806, top5_acc: 0.9313, loss_cls: 1.0098, loss: 1.0098
2026-08-31 00:17:55,441 - pyskl - INFO - Epoch [1][5400/5537]	lr: 2.490e-02, eta: 4 days, 14:53:52, time: 3.102, data_time: 0.000, memory: 5243, top1_acc: 0.6759, top5_acc: 0.9281, loss_cls: 1.0510, loss: 1.0510
2026-08-31 00:23:06,530 - pyskl - INFO - Epoch [1][5500/5537]	lr: 2.489e-02, eta: 4 days, 14:47:51, time: 3.111, data_time: 0.000, memory: 5243, top1_acc: 0.7081, top5_acc: 0.9344, loss_cls: 0.9770, loss: 0.9770
2026-08-31 00:25:01,769 - pyskl - INFO - Saving checkpoint at 1 epochs
2026-08-31 00:33:30,628 - pyskl - INFO - Evaluating top_k_accuracy ...
2026-08-31 00:33:30,645 - pyskl - INFO - 
top1_acc	0.6947
top5_acc	0.9328
2026-08-31 00:33:30,810 - pyskl - INFO - Now best checkpoint is saved as best_top1_acc_epoch_1.pth.
2026-08-31 00:33:30,810 - pyskl - INFO - Best top1_acc is 0.6947 at 1 epoch.
2026-08-31 00:33:30,811 - pyskl - INFO - Epoch(val) [1][146]	top1_acc: 0.6947, top5_acc: 0.9328
2026-08-31 00:38:56,814 - pyskl - INFO - Epoch [2][100/5537]	lr: 2.489e-02, eta: 4 days, 14:01:58, time: 3.260, data_time: 0.109, memory: 5243, top1_acc: 0.6903, top5_acc: 0.9356, loss_cls: 0.9928, loss: 0.9928
2026-08-31 00:44:11,792 - pyskl - INFO - Epoch [2][200/5537]	lr: 2.489e-02, eta: 4 days, 13:58:08, time: 3.150, data_time: 0.000, memory: 5243, top1_acc: 0.6984, top5_acc: 0.9375, loss_cls: 0.9846, loss: 0.9846
2026-08-31 00:49:27,031 - pyskl - INFO - Epoch [2][300/5537]	lr: 2.488e-02, eta: 4 days, 13:54:21, time: 3.152, data_time: 0.000, memory: 5243, top1_acc: 0.7006, top5_acc: 0.9356, loss_cls: 0.9718, loss: 0.9718
2026-08-31 00:54:41,401 - pyskl - INFO - Epoch [2][400/5537]	lr: 2.488e-02, eta: 4 days, 13:50:13, time: 3.144, data_time: 0.000, memory: 5243, top1_acc: 0.6966, top5_acc: 0.9331, loss_cls: 0.9827, loss: 0.9827
2026-08-31 00:59:56,494 - pyskl - INFO - Epoch [2][500/5537]	lr: 2.487e-02, eta: 4 days, 13:46:18, time: 3.151, data_time: 0.000, memory: 5243, top1_acc: 0.6963, top5_acc: 0.9334, loss_cls: 0.9947, loss: 0.9947
2026-08-31 01:05:11,151 - pyskl - INFO - Epoch [2][600/5537]	lr: 2.487e-02, eta: 4 days, 13:42:11, time: 3.147, data_time: 0.000, memory: 5243, top1_acc: 0.6997, top5_acc: 0.9353, loss_cls: 0.9858, loss: 0.9858
2026-08-31 01:10:25,323 - pyskl - INFO - Epoch [2][700/5537]	lr: 2.486e-02, eta: 4 days, 13:37:52, time: 3.142, data_time: 0.000, memory: 5243, top1_acc: 0.7028, top5_acc: 0.9384, loss_cls: 0.9699, loss: 0.9699
2026-08-31 01:15:38,876 - pyskl - INFO - Epoch [2][800/5537]	lr: 2.486e-02, eta: 4 days, 13:33:19, time: 3.136, data_time: 0.000, memory: 5243, top1_acc: 0.6913, top5_acc: 0.9359, loss_cls: 0.9827, loss: 0.9827
2026-08-31 01:20:52,009 - pyskl - INFO - Epoch [2][900/5537]	lr: 2.486e-02, eta: 4 days, 13:28:36, time: 3.131, data_time: 0.000, memory: 5243, top1_acc: 0.7031, top5_acc: 0.9378, loss_cls: 0.9446, loss: 0.9446
2026-08-31 01:26:05,191 - pyskl - INFO - Epoch [2][1000/5537]	lr: 2.485e-02, eta: 4 days, 13:23:54, time: 3.132, data_time: 0.000, memory: 5243, top1_acc: 0.7059, top5_acc: 0.9341, loss_cls: 0.9634, loss: 0.9634
2026-08-31 01:31:18,654 - pyskl - INFO - Epoch [2][1100/5537]	lr: 2.485e-02, eta: 4 days, 13:19:15, time: 3.135, data_time: 0.000, memory: 5243, top1_acc: 0.7044, top5_acc: 0.9416, loss_cls: 0.9535, loss: 0.9535
2026-08-31 01:36:32,023 - pyskl - INFO - Epoch [2][1200/5537]	lr: 2.484e-02, eta: 4 days, 13:14:35, time: 3.134, data_time: 0.000, memory: 5243, top1_acc: 0.7025, top5_acc: 0.9406, loss_cls: 0.9514, loss: 0.9514
2026-08-31 01:41:46,088 - pyskl - INFO - Epoch [2][1300/5537]	lr: 2.484e-02, eta: 4 days, 13:10:05, time: 3.141, data_time: 0.000, memory: 5243, top1_acc: 0.7206, top5_acc: 0.9400, loss_cls: 0.9209, loss: 0.9209
2026-08-31 01:47:00,481 - pyskl - INFO - Epoch [2][1400/5537]	lr: 2.483e-02, eta: 4 days, 13:05:41, time: 3.144, data_time: 0.000, memory: 5243, top1_acc: 0.7103, top5_acc: 0.9450, loss_cls: 0.9262, loss: 0.9262
2026-08-31 01:52:14,059 - pyskl - INFO - Epoch [2][1500/5537]	lr: 2.483e-02, eta: 4 days, 13:01:01, time: 3.136, data_time: 0.000, memory: 5243, top1_acc: 0.7097, top5_acc: 0.9391, loss_cls: 0.9482, loss: 0.9482
2026-08-31 01:57:27,046 - pyskl - INFO - Epoch [2][1600/5537]	lr: 2.482e-02, eta: 4 days, 12:56:09, time: 3.130, data_time: 0.000, memory: 5243, top1_acc: 0.7000, top5_acc: 0.9456, loss_cls: 0.9249, loss: 0.9249
2026-08-31 02:02:41,259 - pyskl - INFO - Epoch [2][1700/5537]	lr: 2.482e-02, eta: 4 days, 12:51:38, time: 3.142, data_time: 0.000, memory: 5243, top1_acc: 0.7081, top5_acc: 0.9375, loss_cls: 0.9528, loss: 0.9528
2026-08-31 02:07:54,416 - pyskl - INFO - Epoch [2][1800/5537]	lr: 2.481e-02, eta: 4 days, 12:46:48, time: 3.132, data_time: 0.000, memory: 5243, top1_acc: 0.7144, top5_acc: 0.9491, loss_cls: 0.9117, loss: 0.9117
2026-08-31 02:13:07,891 - pyskl - INFO - Epoch [2][1900/5537]	lr: 2.481e-02, eta: 4 days, 12:42:02, time: 3.135, data_time: 0.001, memory: 5243, top1_acc: 0.7312, top5_acc: 0.9478, loss_cls: 0.8506, loss: 0.8506
2026-08-31 02:18:21,474 - pyskl - INFO - Epoch [2][2000/5537]	lr: 2.480e-02, eta: 4 days, 12:37:18, time: 3.136, data_time: 0.000, memory: 5243, top1_acc: 0.7184, top5_acc: 0.9384, loss_cls: 0.9100, loss: 0.9100
2026-08-31 02:23:34,086 - pyskl - INFO - Epoch [2][2100/5537]	lr: 2.480e-02, eta: 4 days, 12:32:16, time: 3.126, data_time: 0.000, memory: 5243, top1_acc: 0.7081, top5_acc: 0.9422, loss_cls: 0.9168, loss: 0.9168
2026-08-31 02:28:48,429 - pyskl - INFO - Epoch [2][2200/5537]	lr: 2.479e-02, eta: 4 days, 12:27:43, time: 3.143, data_time: 0.000, memory: 5243, top1_acc: 0.7225, top5_acc: 0.9459, loss_cls: 0.8916, loss: 0.8916
2026-08-31 02:34:02,424 - pyskl - INFO - Epoch [2][2300/5537]	lr: 2.479e-02, eta: 4 days, 12:23:03, time: 3.140, data_time: 0.000, memory: 5243, top1_acc: 0.7228, top5_acc: 0.9516, loss_cls: 0.8655, loss: 0.8655
2026-08-31 02:39:16,368 - pyskl - INFO - Epoch [2][2400/5537]	lr: 2.478e-02, eta: 4 days, 12:18:21, time: 3.139, data_time: 0.000, memory: 5243, top1_acc: 0.7347, top5_acc: 0.9500, loss_cls: 0.8523, loss: 0.8523
2026-08-31 02:44:30,756 - pyskl - INFO - Epoch [2][2500/5537]	lr: 2.478e-02, eta: 4 days, 12:13:45, time: 3.144, data_time: 0.000, memory: 5243, top1_acc: 0.7303, top5_acc: 0.9441, loss_cls: 0.9013, loss: 0.9013
2026-08-31 02:49:45,021 - pyskl - INFO - Epoch [2][2600/5537]	lr: 2.477e-02, eta: 4 days, 12:09:07, time: 3.143, data_time: 0.000, memory: 5243, top1_acc: 0.7416, top5_acc: 0.9500, loss_cls: 0.8569, loss: 0.8569
2026-08-31 02:54:58,276 - pyskl - INFO - Epoch [2][2700/5537]	lr: 2.476e-02, eta: 4 days, 12:04:12, time: 3.133, data_time: 0.000, memory: 5243, top1_acc: 0.7156, top5_acc: 0.9397, loss_cls: 0.9214, loss: 0.9214
2026-08-31 03:00:12,549 - pyskl - INFO - Epoch [2][2800/5537]	lr: 2.476e-02, eta: 4 days, 11:59:33, time: 3.143, data_time: 0.000, memory: 5243, top1_acc: 0.7278, top5_acc: 0.9466, loss_cls: 0.8940, loss: 0.8940
2026-08-31 03:05:26,828 - pyskl - INFO - Epoch [2][2900/5537]	lr: 2.475e-02, eta: 4 days, 11:54:52, time: 3.143, data_time: 0.000, memory: 5243, top1_acc: 0.7338, top5_acc: 0.9513, loss_cls: 0.8655, loss: 0.8655
2026-08-31 03:10:40,835 - pyskl - INFO - Epoch [2][3000/5537]	lr: 2.475e-02, eta: 4 days, 11:50:07, time: 3.140, data_time: 0.000, memory: 5243, top1_acc: 0.7281, top5_acc: 0.9459, loss_cls: 0.8619, loss: 0.8619
2026-08-31 03:15:55,080 - pyskl - INFO - Epoch [2][3100/5537]	lr: 2.474e-02, eta: 4 days, 11:45:24, time: 3.142, data_time: 0.000, memory: 5243, top1_acc: 0.7388, top5_acc: 0.9472, loss_cls: 0.8513, loss: 0.8513
2026-08-31 03:21:09,125 - pyskl - INFO - Epoch [2][3200/5537]	lr: 2.473e-02, eta: 4 days, 11:40:38, time: 3.140, data_time: 0.000, memory: 5243, top1_acc: 0.7306, top5_acc: 0.9463, loss_cls: 0.8712, loss: 0.8712
2026-08-31 03:26:23,900 - pyskl - INFO - Epoch [2][3300/5537]	lr: 2.473e-02, eta: 4 days, 11:36:01, time: 3.148, data_time: 0.000, memory: 5243, top1_acc: 0.7275, top5_acc: 0.9472, loss_cls: 0.8641, loss: 0.8641
2026-08-31 03:31:37,643 - pyskl - INFO - Epoch [2][3400/5537]	lr: 2.472e-02, eta: 4 days, 11:31:10, time: 3.137, data_time: 0.000, memory: 5243, top1_acc: 0.7353, top5_acc: 0.9503, loss_cls: 0.8631, loss: 0.8631
2026-08-31 03:36:49,569 - pyskl - INFO - Epoch [2][3500/5537]	lr: 2.472e-02, eta: 4 days, 11:25:53, time: 3.119, data_time: 0.000, memory: 5243, top1_acc: 0.7259, top5_acc: 0.9459, loss_cls: 0.8622, loss: 0.8622
2026-08-31 03:42:02,778 - pyskl - INFO - Epoch [2][3600/5537]	lr: 2.471e-02, eta: 4 days, 11:20:53, time: 3.132, data_time: 0.000, memory: 5243, top1_acc: 0.7266, top5_acc: 0.9487, loss_cls: 0.8573, loss: 0.8573
2026-08-31 03:47:17,629 - pyskl - INFO - Epoch [2][3700/5537]	lr: 2.470e-02, eta: 4 days, 11:16:15, time: 3.148, data_time: 0.000, memory: 5243, top1_acc: 0.7353, top5_acc: 0.9494, loss_cls: 0.8624, loss: 0.8624
2026-08-31 03:52:31,836 - pyskl - INFO - Epoch [2][3800/5537]	lr: 2.470e-02, eta: 4 days, 11:11:28, time: 3.142, data_time: 0.000, memory: 5243, top1_acc: 0.7434, top5_acc: 0.9459, loss_cls: 0.8479, loss: 0.8479
2026-08-31 03:57:47,239 - pyskl - INFO - Epoch [2][3900/5537]	lr: 2.469e-02, eta: 4 days, 11:06:56, time: 3.154, data_time: 0.000, memory: 5243, top1_acc: 0.7372, top5_acc: 0.9509, loss_cls: 0.8332, loss: 0.8332
2026-08-31 04:03:02,927 - pyskl - INFO - Epoch [2][4000/5537]	lr: 2.468e-02, eta: 4 days, 11:02:26, time: 3.157, data_time: 0.000, memory: 5243, top1_acc: 0.7434, top5_acc: 0.9437, loss_cls: 0.8550, loss: 0.8550
2026-08-31 04:08:16,970 - pyskl - INFO - Epoch [2][4100/5537]	lr: 2.468e-02, eta: 4 days, 10:57:35, time: 3.140, data_time: 0.000, memory: 5243, top1_acc: 0.7528, top5_acc: 0.9566, loss_cls: 0.8018, loss: 0.8018
2026-08-31 04:13:31,626 - pyskl - INFO - Epoch [2][4200/5537]	lr: 2.467e-02, eta: 4 days, 10:52:51, time: 3.147, data_time: 0.000, memory: 5243, top1_acc: 0.7284, top5_acc: 0.9481, loss_cls: 0.8738, loss: 0.8738
2026-08-31 04:18:46,068 - pyskl - INFO - Epoch [2][4300/5537]	lr: 2.466e-02, eta: 4 days, 10:48:03, time: 3.144, data_time: 0.000, memory: 5243, top1_acc: 0.7500, top5_acc: 0.9487, loss_cls: 0.8200, loss: 0.8200
2026-08-31 04:24:00,787 - pyskl - INFO - Epoch [2][4400/5537]	lr: 2.466e-02, eta: 4 days, 10:43:19, time: 3.147, data_time: 0.000, memory: 5243, top1_acc: 0.7528, top5_acc: 0.9503, loss_cls: 0.8212, loss: 0.8212
2026-08-31 04:29:15,580 - pyskl - INFO - Epoch [2][4500/5537]	lr: 2.465e-02, eta: 4 days, 10:38:35, time: 3.148, data_time: 0.000, memory: 5243, top1_acc: 0.7394, top5_acc: 0.9500, loss_cls: 0.8348, loss: 0.8348
2026-08-31 04:34:29,907 - pyskl - INFO - Epoch [2][4600/5537]	lr: 2.464e-02, eta: 4 days, 10:33:44, time: 3.143, data_time: 0.000, memory: 5243, top1_acc: 0.7375, top5_acc: 0.9494, loss_cls: 0.8468, loss: 0.8468
2026-08-31 04:39:45,261 - pyskl - INFO - Epoch [2][4700/5537]	lr: 2.464e-02, eta: 4 days, 10:29:06, time: 3.154, data_time: 0.000, memory: 5243, top1_acc: 0.7559, top5_acc: 0.9537, loss_cls: 0.7975, loss: 0.7975
2026-08-31 04:45:00,408 - pyskl - INFO - Epoch [2][4800/5537]	lr: 2.463e-02, eta: 4 days, 10:24:24, time: 3.151, data_time: 0.000, memory: 5243, top1_acc: 0.7497, top5_acc: 0.9484, loss_cls: 0.8157, loss: 0.8157
2026-08-31 04:50:15,525 - pyskl - INFO - Epoch [2][4900/5537]	lr: 2.462e-02, eta: 4 days, 10:19:41, time: 3.151, data_time: 0.000, memory: 5243, top1_acc: 0.7481, top5_acc: 0.9453, loss_cls: 0.8369, loss: 0.8369
2026-08-31 04:55:30,547 - pyskl - INFO - Epoch [2][5000/5537]	lr: 2.461e-02, eta: 4 days, 10:14:57, time: 3.150, data_time: 0.000, memory: 5243, top1_acc: 0.7628, top5_acc: 0.9581, loss_cls: 0.7877, loss: 0.7877
2026-08-31 05:00:44,650 - pyskl - INFO - Epoch [2][5100/5537]	lr: 2.461e-02, eta: 4 days, 10:10:01, time: 3.141, data_time: 0.000, memory: 5243, top1_acc: 0.7319, top5_acc: 0.9544, loss_cls: 0.8308, loss: 0.8308
2026-08-31 05:05:58,489 - pyskl - INFO - Epoch [2][5200/5537]	lr: 2.460e-02, eta: 4 days, 10:05:02, time: 3.138, data_time: 0.000, memory: 5243, top1_acc: 0.7631, top5_acc: 0.9544, loss_cls: 0.7888, loss: 0.7888
2026-08-31 05:11:13,548 - pyskl - INFO - Epoch [2][5300/5537]	lr: 2.459e-02, eta: 4 days, 10:00:17, time: 3.151, data_time: 0.000, memory: 5243, top1_acc: 0.7519, top5_acc: 0.9537, loss_cls: 0.8218, loss: 0.8218
2026-08-31 05:16:27,428 - pyskl - INFO - Epoch [2][5400/5537]	lr: 2.458e-02, eta: 4 days, 9:55:17, time: 3.139, data_time: 0.000, memory: 5243, top1_acc: 0.7419, top5_acc: 0.9484, loss_cls: 0.8344, loss: 0.8344
2026-08-31 05:21:42,202 - pyskl - INFO - Epoch [2][5500/5537]	lr: 2.458e-02, eta: 4 days, 9:50:28, time: 3.148, data_time: 0.000, memory: 5243, top1_acc: 0.7431, top5_acc: 0.9537, loss_cls: 0.8281, loss: 0.8281
2026-08-31 05:23:38,522 - pyskl - INFO - Saving checkpoint at 2 epochs
2026-08-31 05:31:57,828 - pyskl - INFO - Evaluating top_k_accuracy ...
2026-08-31 05:31:57,845 - pyskl - INFO - 
top1_acc	0.7295
top5_acc	0.9497
2026-08-31 05:31:57,848 - pyskl - INFO - The previous best checkpoint D:\YXJProject\pythonProject\pyskl\work_dirs\aug_baseline\stgcnpp_j\train\A3_coord_noise_e24\best_top1_acc_epoch_1.pth was removed
2026-08-31 05:31:57,975 - pyskl - INFO - Now best checkpoint is saved as best_top1_acc_epoch_2.pth.
2026-08-31 05:31:57,975 - pyskl - INFO - Best top1_acc is 0.7295 at 2 epoch.
2026-08-31 05:31:57,976 - pyskl - INFO - Epoch(val) [2][146]	top1_acc: 0.7295, top5_acc: 0.9497
2026-08-31 05:37:23,227 - pyskl - INFO - Epoch [3][100/5537]	lr: 2.457e-02, eta: 4 days, 9:24:36, time: 3.252, data_time: 0.110, memory: 5243, top1_acc: 0.7447, top5_acc: 0.9503, loss_cls: 0.8098, loss: 0.8098
2026-08-31 05:42:36,244 - pyskl - INFO - Epoch [3][200/5537]	lr: 2.456e-02, eta: 4 days, 9:19:37, time: 3.130, data_time: 0.000, memory: 5243, top1_acc: 0.7544, top5_acc: 0.9525, loss_cls: 0.8242, loss: 0.8242
2026-08-31 05:47:50,817 - pyskl - INFO - Epoch [3][300/5537]	lr: 2.455e-02, eta: 4 days, 9:14:55, time: 3.146, data_time: 0.000, memory: 5243, top1_acc: 0.7612, top5_acc: 0.9581, loss_cls: 0.7701, loss: 0.7701
2026-08-31 05:53:05,667 - pyskl - INFO - Epoch [3][400/5537]	lr: 2.454e-02, eta: 4 days, 9:10:16, time: 3.148, data_time: 0.000, memory: 5243, top1_acc: 0.7475, top5_acc: 0.9584, loss_cls: 0.7861, loss: 0.7861
2026-08-31 05:58:20,022 - pyskl - INFO - Epoch [3][500/5537]	lr: 2.454e-02, eta: 4 days, 9:05:30, time: 3.144, data_time: 0.000, memory: 5243, top1_acc: 0.7528, top5_acc: 0.9584, loss_cls: 0.7841, loss: 0.7841
2026-08-31 06:03:34,626 - pyskl - INFO - Epoch [3][600/5537]	lr: 2.453e-02, eta: 4 days, 9:00:47, time: 3.146, data_time: 0.000, memory: 5243, top1_acc: 0.7572, top5_acc: 0.9513, loss_cls: 0.7966, loss: 0.7966
2026-08-31 06:08:48,378 - pyskl - INFO - Epoch [3][700/5537]	lr: 2.452e-02, eta: 4 days, 8:55:54, time: 3.138, data_time: 0.000, memory: 5243, top1_acc: 0.7581, top5_acc: 0.9528, loss_cls: 0.7859, loss: 0.7859
2026-08-31 06:14:01,657 - pyskl - INFO - Epoch [3][800/5537]	lr: 2.451e-02, eta: 4 days, 8:50:56, time: 3.133, data_time: 0.000, memory: 5243, top1_acc: 0.7528, top5_acc: 0.9491, loss_cls: 0.8172, loss: 0.8172
2026-08-31 06:19:16,577 - pyskl - INFO - Epoch [3][900/5537]	lr: 2.450e-02, eta: 4 days, 8:46:15, time: 3.149, data_time: 0.000, memory: 5243, top1_acc: 0.7656, top5_acc: 0.9550, loss_cls: 0.7487, loss: 0.7487
2026-08-31 06:24:30,474 - pyskl - INFO - Epoch [3][1000/5537]	lr: 2.449e-02, eta: 4 days, 8:41:22, time: 3.139, data_time: 0.000, memory: 5243, top1_acc: 0.7512, top5_acc: 0.9556, loss_cls: 0.7879, loss: 0.7879
2026-08-31 06:29:43,822 - pyskl - INFO - Epoch [3][1100/5537]	lr: 2.449e-02, eta: 4 days, 8:36:24, time: 3.133, data_time: 0.000, memory: 5243, top1_acc: 0.7378, top5_acc: 0.9513, loss_cls: 0.8256, loss: 0.8256
2026-08-31 06:34:58,161 - pyskl - INFO - Epoch [3][1200/5537]	lr: 2.448e-02, eta: 4 days, 8:31:36, time: 3.143, data_time: 0.000, memory: 5243, top1_acc: 0.7631, top5_acc: 0.9553, loss_cls: 0.7593, loss: 0.7593
2026-08-31 06:40:11,923 - pyskl - INFO - Epoch [3][1300/5537]	lr: 2.447e-02, eta: 4 days, 8:26:41, time: 3.138, data_time: 0.000, memory: 5243, top1_acc: 0.7528, top5_acc: 0.9537, loss_cls: 0.7948, loss: 0.7948
2026-08-31 06:45:26,028 - pyskl - INFO - Epoch [3][1400/5537]	lr: 2.446e-02, eta: 4 days, 8:21:49, time: 3.141, data_time: 0.000, memory: 5243, top1_acc: 0.7697, top5_acc: 0.9575, loss_cls: 0.7570, loss: 0.7570
2026-08-31 06:50:39,958 - pyskl - INFO - Epoch [3][1500/5537]	lr: 2.445e-02, eta: 4 days, 8:16:56, time: 3.139, data_time: 0.000, memory: 5243, top1_acc: 0.7547, top5_acc: 0.9503, loss_cls: 0.8022, loss: 0.8022
2026-08-31 06:55:53,491 - pyskl - INFO - Epoch [3][1600/5537]	lr: 2.444e-02, eta: 4 days, 8:11:58, time: 3.135, data_time: 0.000, memory: 5243, top1_acc: 0.7453, top5_acc: 0.9531, loss_cls: 0.8180, loss: 0.8180
2026-08-31 07:01:08,040 - pyskl - INFO - Epoch [3][1700/5537]	lr: 2.443e-02, eta: 4 days, 8:07:09, time: 3.145, data_time: 0.000, memory: 5243, top1_acc: 0.7644, top5_acc: 0.9531, loss_cls: 0.7717, loss: 0.7717
2026-08-31 07:06:22,118 - pyskl - INFO - Epoch [3][1800/5537]	lr: 2.443e-02, eta: 4 days, 8:02:16, time: 3.141, data_time: 0.000, memory: 5243, top1_acc: 0.7775, top5_acc: 0.9547, loss_cls: 0.7410, loss: 0.7410
2026-08-31 07:11:40,486 - pyskl - INFO - Epoch [3][1900/5537]	lr: 2.442e-02, eta: 4 days, 7:58:02, time: 3.184, data_time: 0.000, memory: 5243, top1_acc: 0.7612, top5_acc: 0.9534, loss_cls: 0.7827, loss: 0.7827
2026-08-31 07:16:54,140 - pyskl - INFO - Epoch [3][2000/5537]	lr: 2.441e-02, eta: 4 days, 7:53:04, time: 3.137, data_time: 0.000, memory: 5243, top1_acc: 0.7522, top5_acc: 0.9584, loss_cls: 0.8011, loss: 0.8011
2026-08-31 07:22:07,743 - pyskl - INFO - Epoch [3][2100/5537]	lr: 2.440e-02, eta: 4 days, 7:48:05, time: 3.136, data_time: 0.000, memory: 5243, top1_acc: 0.7559, top5_acc: 0.9525, loss_cls: 0.7894, loss: 0.7894
2026-08-31 07:27:21,384 - pyskl - INFO - Epoch [3][2200/5537]	lr: 2.439e-02, eta: 4 days, 7:43:06, time: 3.136, data_time: 0.000, memory: 5243, top1_acc: 0.7628, top5_acc: 0.9528, loss_cls: 0.7720, loss: 0.7720
2026-08-31 07:32:34,998 - pyskl - INFO - Epoch [3][2300/5537]	lr: 2.438e-02, eta: 4 days, 7:38:07, time: 3.136, data_time: 0.000, memory: 5243, top1_acc: 0.7594, top5_acc: 0.9572, loss_cls: 0.7848, loss: 0.7848
2026-08-31 07:37:48,817 - pyskl - INFO - Epoch [3][2400/5537]	lr: 2.437e-02, eta: 4 days, 7:33:10, time: 3.138, data_time: 0.000, memory: 5243, top1_acc: 0.7597, top5_acc: 0.9516, loss_cls: 0.7978, loss: 0.7978
2026-08-31 07:43:03,807 - pyskl - INFO - Epoch [3][2500/5537]	lr: 2.436e-02, eta: 4 days, 7:28:22, time: 3.150, data_time: 0.000, memory: 5243, top1_acc: 0.7591, top5_acc: 0.9537, loss_cls: 0.7877, loss: 0.7877
2026-08-31 07:48:17,548 - pyskl - INFO - Epoch [3][2600/5537]	lr: 2.435e-02, eta: 4 days, 7:23:23, time: 3.137, data_time: 0.000, memory: 5243, top1_acc: 0.7678, top5_acc: 0.9559, loss_cls: 0.7563, loss: 0.7563
2026-08-31 07:53:31,583 - pyskl - INFO - Epoch [3][2700/5537]	lr: 2.434e-02, eta: 4 days, 7:18:27, time: 3.140, data_time: 0.000, memory: 5243, top1_acc: 0.7522, top5_acc: 0.9559, loss_cls: 0.7983, loss: 0.7983
2026-08-31 07:58:45,152 - pyskl - INFO - Epoch [3][2800/5537]	lr: 2.433e-02, eta: 4 days, 7:13:26, time: 3.136, data_time: 0.000, memory: 5243, top1_acc: 0.7791, top5_acc: 0.9600, loss_cls: 0.7134, loss: 0.7134
2026-08-31 08:03:59,431 - pyskl - INFO - Epoch [3][2900/5537]	lr: 2.432e-02, eta: 4 days, 7:08:31, time: 3.143, data_time: 0.000, memory: 5243, top1_acc: 0.7619, top5_acc: 0.9606, loss_cls: 0.7683, loss: 0.7683
2026-08-31 08:09:13,841 - pyskl - INFO - Epoch [3][3000/5537]	lr: 2.431e-02, eta: 4 days, 7:03:37, time: 3.144, data_time: 0.000, memory: 5243, top1_acc: 0.7606, top5_acc: 0.9547, loss_cls: 0.7720, loss: 0.7720
2026-08-31 08:14:28,255 - pyskl - INFO - Epoch [3][3100/5537]	lr: 2.430e-02, eta: 4 days, 6:58:43, time: 3.144, data_time: 0.000, memory: 5243, top1_acc: 0.7544, top5_acc: 0.9569, loss_cls: 0.7758, loss: 0.7758
2026-08-31 08:19:41,915 - pyskl - INFO - Epoch [3][3200/5537]	lr: 2.430e-02, eta: 4 days, 6:53:42, time: 3.137, data_time: 0.000, memory: 5243, top1_acc: 0.7747, top5_acc: 0.9575, loss_cls: 0.7681, loss: 0.7681
2026-08-31 08:24:55,599 - pyskl - INFO - Epoch [3][3300/5537]	lr: 2.429e-02, eta: 4 days, 6:48:41, time: 3.137, data_time: 0.000, memory: 5243, top1_acc: 0.7703, top5_acc: 0.9547, loss_cls: 0.7610, loss: 0.7610
2026-08-31 08:30:09,272 - pyskl - INFO - Epoch [3][3400/5537]	lr: 2.428e-02, eta: 4 days, 6:43:40, time: 3.137, data_time: 0.000, memory: 5243, top1_acc: 0.7656, top5_acc: 0.9553, loss_cls: 0.7642, loss: 0.7642
2026-08-31 08:35:23,311 - pyskl - INFO - Epoch [3][3500/5537]	lr: 2.427e-02, eta: 4 days, 6:38:42, time: 3.140, data_time: 0.000, memory: 5243, top1_acc: 0.7591, top5_acc: 0.9641, loss_cls: 0.7602, loss: 0.7602
2026-08-31 08:40:36,951 - pyskl - INFO - Epoch [3][3600/5537]	lr: 2.426e-02, eta: 4 days, 6:33:40, time: 3.136, data_time: 0.000, memory: 5243, top1_acc: 0.7684, top5_acc: 0.9581, loss_cls: 0.7493, loss: 0.7493
2026-08-31 08:45:50,736 - pyskl - INFO - Epoch [3][3700/5537]	lr: 2.425e-02, eta: 4 days, 6:28:39, time: 3.138, data_time: 0.000, memory: 5243, top1_acc: 0.7594, top5_acc: 0.9553, loss_cls: 0.7726, loss: 0.7726
2026-08-31 08:51:03,982 - pyskl - INFO - Epoch [3][3800/5537]	lr: 2.424e-02, eta: 4 days, 6:23:34, time: 3.132, data_time: 0.000, memory: 5243, top1_acc: 0.7706, top5_acc: 0.9537, loss_cls: 0.7381, loss: 0.7381
2026-08-31 08:56:17,363 - pyskl - INFO - Epoch [3][3900/5537]	lr: 2.423e-02, eta: 4 days, 6:18:30, time: 3.134, data_time: 0.000, memory: 5243, top1_acc: 0.7638, top5_acc: 0.9525, loss_cls: 0.7596, loss: 0.7596
2026-08-31 09:01:31,225 - pyskl - INFO - Epoch [3][4000/5537]	lr: 2.421e-02, eta: 4 days, 6:13:29, time: 3.139, data_time: 0.000, memory: 5243, top1_acc: 0.7484, top5_acc: 0.9537, loss_cls: 0.8111, loss: 0.8111
2026-08-31 09:06:44,196 - pyskl - INFO - Epoch [3][4100/5537]	lr: 2.420e-02, eta: 4 days, 6:08:22, time: 3.130, data_time: 0.000, memory: 5243, top1_acc: 0.7541, top5_acc: 0.9559, loss_cls: 0.7869, loss: 0.7869
2026-08-31 09:11:56,788 - pyskl - INFO - Epoch [3][4200/5537]	lr: 2.419e-02, eta: 4 days, 6:03:11, time: 3.126, data_time: 0.000, memory: 5243, top1_acc: 0.7669, top5_acc: 0.9544, loss_cls: 0.7573, loss: 0.7573
2026-08-31 09:17:10,058 - pyskl - INFO - Epoch [3][4300/5537]	lr: 2.418e-02, eta: 4 days, 5:58:06, time: 3.133, data_time: 0.000, memory: 5243, top1_acc: 0.7675, top5_acc: 0.9572, loss_cls: 0.7461, loss: 0.7461
2026-08-31 09:22:23,699 - pyskl - INFO - Epoch [3][4400/5537]	lr: 2.417e-02, eta: 4 days, 5:53:03, time: 3.136, data_time: 0.000, memory: 5243, top1_acc: 0.7666, top5_acc: 0.9544, loss_cls: 0.7551, loss: 0.7551
2026-08-31 09:27:37,037 - pyskl - INFO - Epoch [3][4500/5537]	lr: 2.416e-02, eta: 4 days, 5:47:58, time: 3.133, data_time: 0.000, memory: 5243, top1_acc: 0.7772, top5_acc: 0.9556, loss_cls: 0.7365, loss: 0.7365
2026-08-31 09:32:50,417 - pyskl - INFO - Epoch [3][4600/5537]	lr: 2.415e-02, eta: 4 days, 5:42:53, time: 3.134, data_time: 0.000, memory: 5243, top1_acc: 0.7556, top5_acc: 0.9591, loss_cls: 0.7677, loss: 0.7677
2026-08-31 09:38:03,710 - pyskl - INFO - Epoch [3][4700/5537]	lr: 2.414e-02, eta: 4 days, 5:37:47, time: 3.133, data_time: 0.000, memory: 5243, top1_acc: 0.7612, top5_acc: 0.9594, loss_cls: 0.7384, loss: 0.7384
2026-08-31 09:43:17,433 - pyskl - INFO - Epoch [3][4800/5537]	lr: 2.413e-02, eta: 4 days, 5:32:44, time: 3.137, data_time: 0.000, memory: 5243, top1_acc: 0.7897, top5_acc: 0.9628, loss_cls: 0.6851, loss: 0.6851
2026-08-31 09:48:30,949 - pyskl - INFO - Epoch [3][4900/5537]	lr: 2.412e-02, eta: 4 days, 5:27:40, time: 3.135, data_time: 0.000, memory: 5243, top1_acc: 0.7681, top5_acc: 0.9537, loss_cls: 0.7580, loss: 0.7580
2026-08-31 09:53:43,735 - pyskl - INFO - Epoch [3][5000/5537]	lr: 2.411e-02, eta: 4 days, 5:22:30, time: 3.128, data_time: 0.000, memory: 5243, top1_acc: 0.7650, top5_acc: 0.9603, loss_cls: 0.7369, loss: 0.7369
2026-08-31 09:58:56,996 - pyskl - INFO - Epoch [3][5100/5537]	lr: 2.410e-02, eta: 4 days, 5:17:24, time: 3.133, data_time: 0.000, memory: 5243, top1_acc: 0.7634, top5_acc: 0.9569, loss_cls: 0.7710, loss: 0.7710
2026-08-31 10:04:11,753 - pyskl - INFO - Epoch [3][5200/5537]	lr: 2.409e-02, eta: 4 days, 5:12:28, time: 3.148, data_time: 0.000, memory: 5243, top1_acc: 0.7644, top5_acc: 0.9569, loss_cls: 0.7646, loss: 0.7646
2026-08-31 10:09:25,206 - pyskl - INFO - Epoch [3][5300/5537]	lr: 2.408e-02, eta: 4 days, 5:07:23, time: 3.135, data_time: 0.000, memory: 5243, top1_acc: 0.7728, top5_acc: 0.9594, loss_cls: 0.7305, loss: 0.7305
2026-08-31 10:14:39,279 - pyskl - INFO - Epoch [3][5400/5537]	lr: 2.406e-02, eta: 4 days, 5:02:22, time: 3.141, data_time: 0.000, memory: 5243, top1_acc: 0.7638, top5_acc: 0.9525, loss_cls: 0.7825, loss: 0.7825
2026-08-31 10:19:57,639 - pyskl - INFO - Epoch [3][5500/5537]	lr: 2.405e-02, eta: 4 days, 4:57:51, time: 3.184, data_time: 0.000, memory: 5243, top1_acc: 0.7681, top5_acc: 0.9613, loss_cls: 0.7488, loss: 0.7488
2026-08-31 10:22:15,575 - pyskl - INFO - Saving checkpoint at 3 epochs
2026-08-31 10:32:02,414 - pyskl - INFO - Evaluating top_k_accuracy ...
2026-08-31 10:32:02,431 - pyskl - INFO - 
top1_acc	0.7605
top5_acc	0.9605
2026-08-31 10:32:02,433 - pyskl - INFO - The previous best checkpoint D:\YXJProject\pythonProject\pyskl\work_dirs\aug_baseline\stgcnpp_j\train\A3_coord_noise_e24\best_top1_acc_epoch_2.pth was removed
2026-08-31 10:32:02,566 - pyskl - INFO - Now best checkpoint is saved as best_top1_acc_epoch_3.pth.
2026-08-31 10:32:02,566 - pyskl - INFO - Best top1_acc is 0.7605 at 3 epoch.
2026-08-31 10:32:02,567 - pyskl - INFO - Epoch(val) [3][146]	top1_acc: 0.7605, top5_acc: 0.9605
2026-08-31 10:38:26,285 - pyskl - INFO - Epoch [4][100/5537]	lr: 2.404e-02, eta: 4 days, 4:45:34, time: 3.837, data_time: 0.111, memory: 5243, top1_acc: 0.7784, top5_acc: 0.9587, loss_cls: 0.7214, loss: 0.7214
2026-08-31 10:44:35,940 - pyskl - INFO - Epoch [4][200/5537]	lr: 2.403e-02, eta: 4 days, 4:46:58, time: 3.697, data_time: 0.000, memory: 5243, top1_acc: 0.7791, top5_acc: 0.9650, loss_cls: 0.6900, loss: 0.6900
2026-08-31 10:50:44,771 - pyskl - INFO - Epoch [4][300/5537]	lr: 2.401e-02, eta: 4 days, 4:48:12, time: 3.688, data_time: 0.000, memory: 5243, top1_acc: 0.7706, top5_acc: 0.9575, loss_cls: 0.7418, loss: 0.7418
2026-08-31 10:56:54,622 - pyskl - INFO - Epoch [4][400/5537]	lr: 2.400e-02, eta: 4 days, 4:49:27, time: 3.698, data_time: 0.000, memory: 5243, top1_acc: 0.7778, top5_acc: 0.9606, loss_cls: 0.7354, loss: 0.7354
2026-08-31 11:03:04,728 - pyskl - INFO - Epoch [4][500/5537]	lr: 2.399e-02, eta: 4 days, 4:50:38, time: 3.701, data_time: 0.000, memory: 5243, top1_acc: 0.7769, top5_acc: 0.9556, loss_cls: 0.7177, loss: 0.7177
2026-08-31 11:09:15,227 - pyskl - INFO - Epoch [4][600/5537]	lr: 2.398e-02, eta: 4 days, 4:51:47, time: 3.705, data_time: 0.000, memory: 5243, top1_acc: 0.7762, top5_acc: 0.9569, loss_cls: 0.7361, loss: 0.7361
2026-08-31 11:15:26,022 - pyskl - INFO - Epoch [4][700/5537]	lr: 2.397e-02, eta: 4 days, 4:52:53, time: 3.708, data_time: 0.000, memory: 5243, top1_acc: 0.7656, top5_acc: 0.9553, loss_cls: 0.7523, loss: 0.7523
2026-08-31 11:21:37,781 - pyskl - INFO - Epoch [4][800/5537]	lr: 2.396e-02, eta: 4 days, 4:54:01, time: 3.718, data_time: 0.000, memory: 5243, top1_acc: 0.7700, top5_acc: 0.9553, loss_cls: 0.7580, loss: 0.7580
2026-08-31 11:27:48,921 - pyskl - INFO - Epoch [4][900/5537]	lr: 2.394e-02, eta: 4 days, 4:54:59, time: 3.711, data_time: 0.000, memory: 5243, top1_acc: 0.7772, top5_acc: 0.9553, loss_cls: 0.7462, loss: 0.7462
2026-08-31 11:34:00,100 - pyskl - INFO - Epoch [4][1000/5537]	lr: 2.393e-02, eta: 4 days, 4:55:53, time: 3.712, data_time: 0.000, memory: 5243, top1_acc: 0.7662, top5_acc: 0.9578, loss_cls: 0.7406, loss: 0.7406
2026-08-31 11:39:41,666 - pyskl - INFO - Epoch [4][1100/5537]	lr: 2.392e-02, eta: 4 days, 4:53:29, time: 3.416, data_time: 0.000, memory: 5243, top1_acc: 0.7847, top5_acc: 0.9606, loss_cls: 0.7309, loss: 0.7309
2026-08-31 11:44:59,102 - pyskl - INFO - Epoch [4][1200/5537]	lr: 2.391e-02, eta: 4 days, 4:48:27, time: 3.174, data_time: 0.000, memory: 5243, top1_acc: 0.7797, top5_acc: 0.9587, loss_cls: 0.7268, loss: 0.7268
2026-08-31 11:50:12,424 - pyskl - INFO - Epoch [4][1300/5537]	lr: 2.390e-02, eta: 4 days, 4:42:58, time: 3.133, data_time: 0.000, memory: 5243, top1_acc: 0.7812, top5_acc: 0.9622, loss_cls: 0.6997, loss: 0.6997
2026-08-31 11:55:27,066 - pyskl - INFO - Epoch [4][1400/5537]	lr: 2.388e-02, eta: 4 days, 4:37:39, time: 3.146, data_time: 0.000, memory: 5243, top1_acc: 0.7884, top5_acc: 0.9641, loss_cls: 0.6784, loss: 0.6784
2026-08-31 12:00:42,399 - pyskl - INFO - Epoch [4][1500/5537]	lr: 2.387e-02, eta: 4 days, 4:32:23, time: 3.153, data_time: 0.000, memory: 5243, top1_acc: 0.7728, top5_acc: 0.9609, loss_cls: 0.7257, loss: 0.7257
2026-08-31 12:05:58,966 - pyskl - INFO - Epoch [4][1600/5537]	lr: 2.386e-02, eta: 4 days, 4:27:16, time: 3.166, data_time: 0.000, memory: 5243, top1_acc: 0.7694, top5_acc: 0.9566, loss_cls: 0.7467, loss: 0.7467
2026-08-31 12:11:17,319 - pyskl - INFO - Epoch [4][1700/5537]	lr: 2.385e-02, eta: 4 days, 4:22:19, time: 3.184, data_time: 0.000, memory: 5243, top1_acc: 0.7762, top5_acc: 0.9647, loss_cls: 0.7021, loss: 0.7021
2026-08-31 12:16:39,480 - pyskl - INFO - Epoch [4][1800/5537]	lr: 2.383e-02, eta: 4 days, 4:17:46, time: 3.222, data_time: 0.000, memory: 5243, top1_acc: 0.7684, top5_acc: 0.9559, loss_cls: 0.7467, loss: 0.7467
2026-08-31 12:22:01,477 - pyskl - INFO - Epoch [4][1900/5537]	lr: 2.382e-02, eta: 4 days, 4:13:11, time: 3.220, data_time: 0.000, memory: 5243, top1_acc: 0.7703, top5_acc: 0.9575, loss_cls: 0.7426, loss: 0.7426
2026-08-31 12:27:22,902 - pyskl - INFO - Epoch [4][2000/5537]	lr: 2.381e-02, eta: 4 days, 4:08:32, time: 3.214, data_time: 0.000, memory: 5243, top1_acc: 0.7678, top5_acc: 0.9559, loss_cls: 0.7441, loss: 0.7441
2026-08-31 12:32:44,476 - pyskl - INFO - Epoch [4][2100/5537]	lr: 2.380e-02, eta: 4 days, 4:03:54, time: 3.216, data_time: 0.000, memory: 5243, top1_acc: 0.7928, top5_acc: 0.9609, loss_cls: 0.6832, loss: 0.6832
2026-08-31 12:38:05,521 - pyskl - INFO - Epoch [4][2200/5537]	lr: 2.378e-02, eta: 4 days, 3:59:12, time: 3.210, data_time: 0.000, memory: 5243, top1_acc: 0.7672, top5_acc: 0.9550, loss_cls: 0.7564, loss: 0.7564
2026-08-31 12:43:26,505 - pyskl - INFO - Epoch [4][2300/5537]	lr: 2.377e-02, eta: 4 days, 3:54:30, time: 3.210, data_time: 0.000, memory: 5243, top1_acc: 0.7891, top5_acc: 0.9619, loss_cls: 0.6837, loss: 0.6837
2026-08-31 12:48:47,219 - pyskl - INFO - Epoch [4][2400/5537]	lr: 2.376e-02, eta: 4 days, 3:49:45, time: 3.207, data_time: 0.000, memory: 5243, top1_acc: 0.7747, top5_acc: 0.9569, loss_cls: 0.7471, loss: 0.7471
2026-08-31 12:54:08,381 - pyskl - INFO - Epoch [4][2500/5537]	lr: 2.375e-02, eta: 4 days, 3:45:02, time: 3.212, data_time: 0.000, memory: 5243, top1_acc: 0.7694, top5_acc: 0.9616, loss_cls: 0.7264, loss: 0.7264
2026-08-31 12:59:29,595 - pyskl - INFO - Epoch [4][2600/5537]	lr: 2.373e-02, eta: 4 days, 3:40:20, time: 3.212, data_time: 0.000, memory: 5243, top1_acc: 0.7828, top5_acc: 0.9587, loss_cls: 0.7099, loss: 0.7099
2026-08-31 13:04:50,506 - pyskl - INFO - Epoch [4][2700/5537]	lr: 2.372e-02, eta: 4 days, 3:35:35, time: 3.209, data_time: 0.000, memory: 5243, top1_acc: 0.7672, top5_acc: 0.9537, loss_cls: 0.7628, loss: 0.7628
2026-08-31 13:10:03,541 - pyskl - INFO - Epoch [4][2800/5537]	lr: 2.371e-02, eta: 4 days, 3:30:04, time: 3.130, data_time: 0.000, memory: 5243, top1_acc: 0.7859, top5_acc: 0.9637, loss_cls: 0.6876, loss: 0.6876
2026-08-31 13:15:15,337 - pyskl - INFO - Epoch [4][2900/5537]	lr: 2.369e-02, eta: 4 days, 3:24:26, time: 3.118, data_time: 0.000, memory: 5243, top1_acc: 0.7937, top5_acc: 0.9597, loss_cls: 0.6804, loss: 0.6804
2026-08-31 13:20:27,131 - pyskl - INFO - Epoch [4][3000/5537]	lr: 2.368e-02, eta: 4 days, 3:18:48, time: 3.118, data_time: 0.000, memory: 5243, top1_acc: 0.7953, top5_acc: 0.9616, loss_cls: 0.6749, loss: 0.6749
2026-08-31 13:25:39,534 - pyskl - INFO - Epoch [4][3100/5537]	lr: 2.367e-02, eta: 4 days, 3:13:14, time: 3.124, data_time: 0.000, memory: 5243, top1_acc: 0.7812, top5_acc: 0.9603, loss_cls: 0.7144, loss: 0.7144
2026-08-31 13:30:51,253 - pyskl - INFO - Epoch [4][3200/5537]	lr: 2.365e-02, eta: 4 days, 3:07:36, time: 3.117, data_time: 0.000, memory: 5243, top1_acc: 0.7963, top5_acc: 0.9656, loss_cls: 0.6539, loss: 0.6539
2026-08-31 13:36:03,341 - pyskl - INFO - Epoch [4][3300/5537]	lr: 2.364e-02, eta: 4 days, 3:02:01, time: 3.121, data_time: 0.000, memory: 5243, top1_acc: 0.7822, top5_acc: 0.9672, loss_cls: 0.6997, loss: 0.6997
2026-08-31 13:41:15,898 - pyskl - INFO - Epoch [4][3400/5537]	lr: 2.363e-02, eta: 4 days, 2:56:28, time: 3.126, data_time: 0.000, memory: 5243, top1_acc: 0.7803, top5_acc: 0.9619, loss_cls: 0.7137, loss: 0.7137
2026-08-31 13:46:27,471 - pyskl - INFO - Epoch [4][3500/5537]	lr: 2.361e-02, eta: 4 days, 2:50:50, time: 3.116, data_time: 0.000, memory: 5243, top1_acc: 0.7925, top5_acc: 0.9650, loss_cls: 0.6843, loss: 0.6843
2026-08-31 13:51:39,046 - pyskl - INFO - Epoch [4][3600/5537]	lr: 2.360e-02, eta: 4 days, 2:45:13, time: 3.116, data_time: 0.000, memory: 5243, top1_acc: 0.7750, top5_acc: 0.9578, loss_cls: 0.7332, loss: 0.7332
2026-08-31 13:56:51,845 - pyskl - INFO - Epoch [4][3700/5537]	lr: 2.359e-02, eta: 4 days, 2:39:42, time: 3.128, data_time: 0.000, memory: 5243, top1_acc: 0.7694, top5_acc: 0.9637, loss_cls: 0.7442, loss: 0.7442
2026-08-31 14:02:04,694 - pyskl - INFO - Epoch [4][3800/5537]	lr: 2.357e-02, eta: 4 days, 2:34:12, time: 3.128, data_time: 0.000, memory: 5243, top1_acc: 0.7881, top5_acc: 0.9603, loss_cls: 0.6850, loss: 0.6850
2026-08-31 14:07:16,910 - pyskl - INFO - Epoch [4][3900/5537]	lr: 2.356e-02, eta: 4 days, 2:28:39, time: 3.122, data_time: 0.000, memory: 5243, top1_acc: 0.7766, top5_acc: 0.9559, loss_cls: 0.7221, loss: 0.7221
2026-08-31 14:12:29,039 - pyskl - INFO - Epoch [4][4000/5537]	lr: 2.355e-02, eta: 4 days, 2:23:05, time: 3.121, data_time: 0.000, memory: 5243, top1_acc: 0.7788, top5_acc: 0.9597, loss_cls: 0.7150, loss: 0.7150
2026-08-31 14:17:41,216 - pyskl - INFO - Epoch [4][4100/5537]	lr: 2.353e-02, eta: 4 days, 2:17:32, time: 3.122, data_time: 0.000, memory: 5243, top1_acc: 0.7878, top5_acc: 0.9659, loss_cls: 0.6845, loss: 0.6845
2026-08-31 14:22:54,086 - pyskl - INFO - Epoch [4][4200/5537]	lr: 2.352e-02, eta: 4 days, 2:12:02, time: 3.129, data_time: 0.000, memory: 5243, top1_acc: 0.7947, top5_acc: 0.9594, loss_cls: 0.6809, loss: 0.6809
2026-08-31 14:28:06,388 - pyskl - INFO - Epoch [4][4300/5537]	lr: 2.350e-02, eta: 4 days, 2:06:30, time: 3.123, data_time: 0.000, memory: 5243, top1_acc: 0.7756, top5_acc: 0.9591, loss_cls: 0.7241, loss: 0.7241
2026-08-31 14:33:19,069 - pyskl - INFO - Epoch [4][4400/5537]	lr: 2.349e-02, eta: 4 days, 2:01:00, time: 3.127, data_time: 0.000, memory: 5243, top1_acc: 0.7931, top5_acc: 0.9625, loss_cls: 0.6751, loss: 0.6751
2026-08-31 14:38:25,602 - pyskl - INFO - Epoch [4][4500/5537]	lr: 2.348e-02, eta: 4 days, 1:54:58, time: 3.065, data_time: 0.000, memory: 5243, top1_acc: 0.7869, top5_acc: 0.9569, loss_cls: 0.6969, loss: 0.6969
2026-08-31 14:43:58,364 - pyskl - INFO - Epoch [4][4600/5537]	lr: 2.346e-02, eta: 4 days, 1:51:14, time: 3.328, data_time: 0.000, memory: 5243, top1_acc: 0.7797, top5_acc: 0.9625, loss_cls: 0.6976, loss: 0.6976
2026-08-31 14:50:52,160 - pyskl - INFO - Epoch [4][4700/5537]	lr: 2.345e-02, eta: 4 days, 1:54:34, time: 4.138, data_time: 0.002, memory: 5243, top1_acc: 0.7847, top5_acc: 0.9597, loss_cls: 0.7027, loss: 0.7027
2026-08-31 14:56:16,725 - pyskl - INFO - Epoch [4][4800/5537]	lr: 2.343e-02, eta: 4 days, 1:50:03, time: 3.246, data_time: 0.001, memory: 5243, top1_acc: 0.7900, top5_acc: 0.9566, loss_cls: 0.6848, loss: 0.6848
2026-08-31 15:01:53,108 - pyskl - INFO - Epoch [4][4900/5537]	lr: 2.342e-02, eta: 4 days, 1:46:33, time: 3.364, data_time: 0.000, memory: 5243, top1_acc: 0.7903, top5_acc: 0.9634, loss_cls: 0.6861, loss: 0.6861
2026-08-31 15:07:39,008 - pyskl - INFO - Epoch [4][5000/5537]	lr: 2.340e-02, eta: 4 days, 1:43:50, time: 3.459, data_time: 0.000, memory: 5243, top1_acc: 0.7925, top5_acc: 0.9647, loss_cls: 0.6638, loss: 0.6638
2026-08-31 15:13:24,184 - pyskl - INFO - Epoch [4][5100/5537]	lr: 2.339e-02, eta: 4 days, 1:41:03, time: 3.452, data_time: 0.000, memory: 5243, top1_acc: 0.8003, top5_acc: 0.9644, loss_cls: 0.6570, loss: 0.6570
2026-08-31 15:19:31,884 - pyskl - INFO - Epoch [4][5200/5537]	lr: 2.337e-02, eta: 4 days, 1:40:08, time: 3.677, data_time: 0.000, memory: 5243, top1_acc: 0.7788, top5_acc: 0.9622, loss_cls: 0.7100, loss: 0.7100
2026-08-31 15:25:23,496 - pyskl - INFO - Epoch [4][5300/5537]	lr: 2.336e-02, eta: 4 days, 1:37:49, time: 3.516, data_time: 0.000, memory: 5243, top1_acc: 0.7753, top5_acc: 0.9600, loss_cls: 0.7066, loss: 0.7066
2026-08-31 15:31:05,807 - pyskl - INFO - Epoch [4][5400/5537]	lr: 2.335e-02, eta: 4 days, 1:34:41, time: 3.423, data_time: 0.000, memory: 5243, top1_acc: 0.7828, top5_acc: 0.9594, loss_cls: 0.7205, loss: 0.7205
2026-08-31 15:37:17,865 - pyskl - INFO - Epoch [4][5500/5537]	lr: 2.333e-02, eta: 4 days, 1:34:01, time: 3.721, data_time: 0.000, memory: 5243, top1_acc: 0.7966, top5_acc: 0.9719, loss_cls: 0.6438, loss: 0.6438
2026-08-31 15:39:35,986 - pyskl - INFO - Saving checkpoint at 4 epochs
2026-08-31 15:46:28,689 - pyskl - INFO - Evaluating top_k_accuracy ...
2026-08-31 15:46:28,708 - pyskl - INFO - 
top1_acc	0.7856
top5_acc	0.9624
2026-08-31 15:46:28,709 - pyskl - INFO - The previous best checkpoint D:\YXJProject\pythonProject\pyskl\work_dirs\aug_baseline\stgcnpp_j\train\A3_coord_noise_e24\best_top1_acc_epoch_3.pth was removed
2026-08-31 15:46:28,837 - pyskl - INFO - Now best checkpoint is saved as best_top1_acc_epoch_4.pth.
2026-08-31 15:46:28,837 - pyskl - INFO - Best top1_acc is 0.7856 at 4 epoch.
2026-08-31 15:46:28,838 - pyskl - INFO - Epoch(val) [4][146]	top1_acc: 0.7856, top5_acc: 0.9624
2026-08-31 15:50:27,126 - pyskl - INFO - Epoch [5][100/5537]	lr: 2.331e-02, eta: 4 days, 1:10:32, time: 2.383, data_time: 0.124, memory: 5243, top1_acc: 0.7809, top5_acc: 0.9663, loss_cls: 0.6984, loss: 0.6984
2026-08-31 15:54:10,414 - pyskl - INFO - Epoch [5][200/5537]	lr: 2.330e-02, eta: 4 days, 0:57:36, time: 2.233, data_time: 0.000, memory: 5243, top1_acc: 0.7891, top5_acc: 0.9609, loss_cls: 0.6970, loss: 0.6970
2026-08-31 15:57:52,747 - pyskl - INFO - Epoch [5][300/5537]	lr: 2.328e-02, eta: 4 days, 0:44:41, time: 2.223, data_time: 0.000, memory: 5243, top1_acc: 0.7837, top5_acc: 0.9650, loss_cls: 0.6723, loss: 0.6723
2026-08-31 16:01:36,679 - pyskl - INFO - Epoch [5][400/5537]	lr: 2.327e-02, eta: 4 days, 0:31:58, time: 2.239, data_time: 0.000, memory: 5243, top1_acc: 0.7978, top5_acc: 0.9675, loss_cls: 0.6446, loss: 0.6446
2026-08-31 16:05:20,800 - pyskl - INFO - Epoch [5][500/5537]	lr: 2.325e-02, eta: 4 days, 0:19:21, time: 2.241, data_time: 0.000, memory: 5243, top1_acc: 0.7869, top5_acc: 0.9625, loss_cls: 0.6758, loss: 0.6758
2026-08-31 16:09:04,866 - pyskl - INFO - Epoch [5][600/5537]	lr: 2.324e-02, eta: 4 days, 0:06:48, time: 2.241, data_time: 0.000, memory: 5243, top1_acc: 0.7894, top5_acc: 0.9647, loss_cls: 0.6720, loss: 0.6720
2026-08-31 16:12:48,949 - pyskl - INFO - Epoch [5][700/5537]	lr: 2.322e-02, eta: 3 days, 23:54:20, time: 2.241, data_time: 0.000, memory: 5243, top1_acc: 0.7881, top5_acc: 0.9606, loss_cls: 0.6876, loss: 0.6876
2026-08-31 16:16:33,408 - pyskl - INFO - Epoch [5][800/5537]	lr: 2.321e-02, eta: 3 days, 23:41:59, time: 2.245, data_time: 0.000, memory: 5243, top1_acc: 0.7997, top5_acc: 0.9637, loss_cls: 0.6532, loss: 0.6532
2026-08-31 16:20:17,608 - pyskl - INFO - Epoch [5][900/5537]	lr: 2.319e-02, eta: 3 days, 23:29:40, time: 2.242, data_time: 0.000, memory: 5243, top1_acc: 0.7944, top5_acc: 0.9644, loss_cls: 0.6762, loss: 0.6762
2026-08-31 16:24:02,608 - pyskl - INFO - Epoch [5][1000/5537]	lr: 2.317e-02, eta: 3 days, 23:17:30, time: 2.250, data_time: 0.000, memory: 5243, top1_acc: 0.7981, top5_acc: 0.9650, loss_cls: 0.6510, loss: 0.6510
2026-08-31 16:27:46,260 - pyskl - INFO - Epoch [5][1100/5537]	lr: 2.316e-02, eta: 3 days, 23:05:18, time: 2.237, data_time: 0.000, memory: 5243, top1_acc: 0.8087, top5_acc: 0.9706, loss_cls: 0.6249, loss: 0.6249
2026-08-31 16:31:30,900 - pyskl - INFO - Epoch [5][1200/5537]	lr: 2.314e-02, eta: 3 days, 22:53:15, time: 2.246, data_time: 0.000, memory: 5243, top1_acc: 0.8028, top5_acc: 0.9625, loss_cls: 0.6448, loss: 0.6448
2026-08-31 16:35:15,514 - pyskl - INFO - Epoch [5][1300/5537]	lr: 2.313e-02, eta: 3 days, 22:41:16, time: 2.246, data_time: 0.000, memory: 5243, top1_acc: 0.7966, top5_acc: 0.9613, loss_cls: 0.6848, loss: 0.6848
2026-08-31 16:38:59,120 - pyskl - INFO - Epoch [5][1400/5537]	lr: 2.311e-02, eta: 3 days, 22:29:16, time: 2.236, data_time: 0.000, memory: 5243, top1_acc: 0.7872, top5_acc: 0.9669, loss_cls: 0.6951, loss: 0.6951
2026-08-31 16:42:49,287 - pyskl - INFO - Epoch [5][1500/5537]	lr: 2.310e-02, eta: 3 days, 22:17:51, time: 2.302, data_time: 0.000, memory: 5243, top1_acc: 0.8047, top5_acc: 0.9669, loss_cls: 0.6332, loss: 0.6332
2026-08-31 16:46:59,395 - pyskl - INFO - Epoch [5][1600/5537]	lr: 2.308e-02, eta: 3 days, 22:08:02, time: 2.501, data_time: 0.000, memory: 5243, top1_acc: 0.8037, top5_acc: 0.9637, loss_cls: 0.6316, loss: 0.6316
2026-08-31 16:51:09,120 - pyskl - INFO - Epoch [5][1700/5537]	lr: 2.307e-02, eta: 3 days, 21:58:14, time: 2.497, data_time: 0.000, memory: 5243, top1_acc: 0.7941, top5_acc: 0.9634, loss_cls: 0.6643, loss: 0.6643
2026-08-31 16:55:19,114 - pyskl - INFO - Epoch [5][1800/5537]	lr: 2.305e-02, eta: 3 days, 21:48:29, time: 2.500, data_time: 0.000, memory: 5243, top1_acc: 0.8097, top5_acc: 0.9703, loss_cls: 0.6206, loss: 0.6206
2026-08-31 16:59:28,831 - pyskl - INFO - Epoch [5][1900/5537]	lr: 2.303e-02, eta: 3 days, 21:38:46, time: 2.497, data_time: 0.000, memory: 5243, top1_acc: 0.7828, top5_acc: 0.9637, loss_cls: 0.6952, loss: 0.6952
2026-08-31 17:03:39,489 - pyskl - INFO - Epoch [5][2000/5537]	lr: 2.302e-02, eta: 3 days, 21:29:11, time: 2.507, data_time: 0.000, memory: 5243, top1_acc: 0.8013, top5_acc: 0.9600, loss_cls: 0.6542, loss: 0.6542
2026-08-31 17:07:49,318 - pyskl - INFO - Epoch [5][2100/5537]	lr: 2.300e-02, eta: 3 days, 21:19:34, time: 2.498, data_time: 0.000, memory: 5243, top1_acc: 0.7941, top5_acc: 0.9669, loss_cls: 0.6719, loss: 0.6719
2026-08-31 17:11:59,057 - pyskl - INFO - Epoch [5][2200/5537]	lr: 2.299e-02, eta: 3 days, 21:09:59, time: 2.497, data_time: 0.000, memory: 5243, top1_acc: 0.8006, top5_acc: 0.9641, loss_cls: 0.6478, loss: 0.6478
2026-08-31 17:16:09,482 - pyskl - INFO - Epoch [5][2300/5537]	lr: 2.297e-02, eta: 3 days, 21:00:30, time: 2.504, data_time: 0.000, memory: 5243, top1_acc: 0.7812, top5_acc: 0.9581, loss_cls: 0.7088, loss: 0.7088
2026-08-31 17:20:19,353 - pyskl - INFO - Epoch [5][2400/5537]	lr: 2.295e-02, eta: 3 days, 20:51:02, time: 2.499, data_time: 0.000, memory: 5243, top1_acc: 0.7919, top5_acc: 0.9628, loss_cls: 0.6960, loss: 0.6960
2026-08-31 17:24:29,217 - pyskl - INFO - Epoch [5][2500/5537]	lr: 2.294e-02, eta: 3 days, 20:41:35, time: 2.499, data_time: 0.000, memory: 5243, top1_acc: 0.7963, top5_acc: 0.9566, loss_cls: 0.6718, loss: 0.6718
2026-08-31 17:28:39,200 - pyskl - INFO - Epoch [5][2600/5537]	lr: 2.292e-02, eta: 3 days, 20:32:12, time: 2.500, data_time: 0.000, memory: 5243, top1_acc: 0.7959, top5_acc: 0.9684, loss_cls: 0.6659, loss: 0.6659
2026-08-31 17:32:51,592 - pyskl - INFO - Epoch [5][2700/5537]	lr: 2.290e-02, eta: 3 days, 20:23:02, time: 2.524, data_time: 0.000, memory: 5243, top1_acc: 0.8000, top5_acc: 0.9681, loss_cls: 0.6482, loss: 0.6482
2026-08-31 17:37:01,599 - pyskl - INFO - Epoch [5][2800/5537]	lr: 2.289e-02, eta: 3 days, 20:13:44, time: 2.500, data_time: 0.000, memory: 5243, top1_acc: 0.8059, top5_acc: 0.9675, loss_cls: 0.6385, loss: 0.6385
2026-08-31 17:41:11,390 - pyskl - INFO - Epoch [5][2900/5537]	lr: 2.287e-02, eta: 3 days, 20:04:28, time: 2.498, data_time: 0.000, memory: 5243, top1_acc: 0.8072, top5_acc: 0.9650, loss_cls: 0.6470, loss: 0.6470
2026-08-31 17:45:24,323 - pyskl - INFO - Epoch [5][3000/5537]	lr: 2.286e-02, eta: 3 days, 19:55:27, time: 2.529, data_time: 0.000, memory: 5243, top1_acc: 0.8041, top5_acc: 0.9700, loss_cls: 0.6325, loss: 0.6325
2026-08-31 17:49:34,598 - pyskl - INFO - Epoch [5][3100/5537]	lr: 2.284e-02, eta: 3 days, 19:46:17, time: 2.503, data_time: 0.000, memory: 5243, top1_acc: 0.8003, top5_acc: 0.9663, loss_cls: 0.6278, loss: 0.6278
2026-08-31 17:54:29,140 - pyskl - INFO - Epoch [5][3200/5537]	lr: 2.282e-02, eta: 3 days, 19:40:18, time: 2.945, data_time: 0.000, memory: 5243, top1_acc: 0.7856, top5_acc: 0.9631, loss_cls: 0.6996, loss: 0.6996
2026-08-31 18:00:33,203 - pyskl - INFO - Epoch [5][3300/5537]	lr: 2.281e-02, eta: 3 days, 19:39:12, time: 3.641, data_time: 0.000, memory: 5243, top1_acc: 0.7934, top5_acc: 0.9656, loss_cls: 0.6543, loss: 0.6543
2026-08-31 18:06:13,020 - pyskl - INFO - Epoch [5][3400/5537]	lr: 2.279e-02, eta: 3 days, 19:36:23, time: 3.398, data_time: 0.000, memory: 5243, top1_acc: 0.7850, top5_acc: 0.9619, loss_cls: 0.6741, loss: 0.6741
2026-08-31 18:12:27,452 - pyskl - INFO - Epoch [5][3500/5537]	lr: 2.277e-02, eta: 3 days, 19:35:57, time: 3.744, data_time: 0.000, memory: 5243, top1_acc: 0.7997, top5_acc: 0.9694, loss_cls: 0.6477, loss: 0.6477
2026-08-31 18:18:27,826 - pyskl - INFO - Epoch [5][3600/5537]	lr: 2.276e-02, eta: 3 days, 19:34:29, time: 3.604, data_time: 0.000, memory: 5243, top1_acc: 0.7950, top5_acc: 0.9613, loss_cls: 0.6646, loss: 0.6646
2026-08-31 18:24:17,998 - pyskl - INFO - Epoch [5][3700/5537]	lr: 2.274e-02, eta: 3 days, 19:32:17, time: 3.502, data_time: 0.000, memory: 5243, top1_acc: 0.7788, top5_acc: 0.9628, loss_cls: 0.6893, loss: 0.6893
2026-08-31 18:30:04,156 - pyskl - INFO - Epoch [5][3800/5537]	lr: 2.272e-02, eta: 3 days, 19:29:47, time: 3.462, data_time: 0.000, memory: 5243, top1_acc: 0.8056, top5_acc: 0.9653, loss_cls: 0.6254, loss: 0.6254
2026-08-31 18:35:56,177 - pyskl - INFO - Epoch [5][3900/5537]	lr: 2.270e-02, eta: 3 days, 19:27:40, time: 3.520, data_time: 0.000, memory: 5243, top1_acc: 0.7978, top5_acc: 0.9616, loss_cls: 0.6654, loss: 0.6654
2026-08-31 18:41:44,480 - pyskl - INFO - Epoch [5][4000/5537]	lr: 2.269e-02, eta: 3 days, 19:25:15, time: 3.483, data_time: 0.000, memory: 5243, top1_acc: 0.8075, top5_acc: 0.9634, loss_cls: 0.6487, loss: 0.6487
2026-08-31 18:47:32,315 - pyskl - INFO - Epoch [5][4100/5537]	lr: 2.267e-02, eta: 3 days, 19:22:47, time: 3.478, data_time: 0.000, memory: 5243, top1_acc: 0.8100, top5_acc: 0.9625, loss_cls: 0.6299, loss: 0.6299
2026-08-31 18:53:20,793 - pyskl - INFO - Epoch [5][4200/5537]	lr: 2.265e-02, eta: 3 days, 19:20:21, time: 3.485, data_time: 0.000, memory: 5243, top1_acc: 0.7972, top5_acc: 0.9675, loss_cls: 0.6507, loss: 0.6507
2026-08-31 18:59:32,226 - pyskl - INFO - Epoch [5][4300/5537]	lr: 2.264e-02, eta: 3 days, 19:19:25, time: 3.714, data_time: 0.000, memory: 5243, top1_acc: 0.7741, top5_acc: 0.9594, loss_cls: 0.7195, loss: 0.7195
2026-08-31 19:05:17,318 - pyskl - INFO - Epoch [5][4400/5537]	lr: 2.262e-02, eta: 3 days, 19:16:41, time: 3.451, data_time: 0.000, memory: 5243, top1_acc: 0.8044, top5_acc: 0.9644, loss_cls: 0.6422, loss: 0.6422
2026-08-31 19:11:02,532 - pyskl - INFO - Epoch [5][4500/5537]	lr: 2.260e-02, eta: 3 days, 19:13:56, time: 3.452, data_time: 0.000, memory: 5243, top1_acc: 0.7953, top5_acc: 0.9581, loss_cls: 0.6806, loss: 0.6806
2026-08-31 19:16:47,461 - pyskl - INFO - Epoch [5][4600/5537]	lr: 2.258e-02, eta: 3 days, 19:11:09, time: 3.449, data_time: 0.000, memory: 5243, top1_acc: 0.8066, top5_acc: 0.9675, loss_cls: 0.6374, loss: 0.6374
2026-08-31 19:22:33,314 - pyskl - INFO - Epoch [5][4700/5537]	lr: 2.257e-02, eta: 3 days, 19:08:24, time: 3.459, data_time: 0.000, memory: 5243, top1_acc: 0.7834, top5_acc: 0.9634, loss_cls: 0.7053, loss: 0.7053
2026-08-31 19:28:18,375 - pyskl - INFO - Epoch [5][4800/5537]	lr: 2.255e-02, eta: 3 days, 19:05:35, time: 3.451, data_time: 0.000, memory: 5243, top1_acc: 0.7906, top5_acc: 0.9597, loss_cls: 0.6838, loss: 0.6838
2026-08-31 19:34:04,575 - pyskl - INFO - Epoch [5][4900/5537]	lr: 2.253e-02, eta: 3 days, 19:02:49, time: 3.462, data_time: 0.000, memory: 5243, top1_acc: 0.7963, top5_acc: 0.9641, loss_cls: 0.6548, loss: 0.6548
2026-08-31 19:39:49,782 - pyskl - INFO - Epoch [5][5000/5537]	lr: 2.251e-02, eta: 3 days, 18:59:58, time: 3.452, data_time: 0.000, memory: 5243, top1_acc: 0.8025, top5_acc: 0.9659, loss_cls: 0.6551, loss: 0.6551
2026-08-31 19:45:34,906 - pyskl - INFO - Epoch [5][5100/5537]	lr: 2.250e-02, eta: 3 days, 18:57:05, time: 3.451, data_time: 0.000, memory: 5243, top1_acc: 0.7966, top5_acc: 0.9672, loss_cls: 0.6506, loss: 0.6506
2026-08-31 19:51:19,780 - pyskl - INFO - Epoch [5][5200/5537]	lr: 2.248e-02, eta: 3 days, 18:54:10, time: 3.449, data_time: 0.000, memory: 5243, top1_acc: 0.7906, top5_acc: 0.9631, loss_cls: 0.6626, loss: 0.6626
2026-08-31 19:57:04,108 - pyskl - INFO - Epoch [5][5300/5537]	lr: 2.246e-02, eta: 3 days, 18:51:11, time: 3.443, data_time: 0.000, memory: 5243, top1_acc: 0.8084, top5_acc: 0.9709, loss_cls: 0.6168, loss: 0.6168
2026-08-31 20:02:48,782 - pyskl - INFO - Epoch [5][5400/5537]	lr: 2.244e-02, eta: 3 days, 18:48:13, time: 3.447, data_time: 0.000, memory: 5243, top1_acc: 0.8084, top5_acc: 0.9678, loss_cls: 0.6256, loss: 0.6256
2026-08-31 20:08:33,287 - pyskl - INFO - Epoch [5][5500/5537]	lr: 2.242e-02, eta: 3 days, 18:45:12, time: 3.445, data_time: 0.000, memory: 5243, top1_acc: 0.7953, top5_acc: 0.9659, loss_cls: 0.6602, loss: 0.6602
2026-08-31 20:10:41,008 - pyskl - INFO - Saving checkpoint at 5 epochs
2026-08-31 20:19:30,370 - pyskl - INFO - Evaluating top_k_accuracy ...
2026-08-31 20:19:30,387 - pyskl - INFO - 
top1_acc	0.7620
top5_acc	0.9549
2026-08-31 20:19:30,388 - pyskl - INFO - Epoch(val) [5][146]	top1_acc: 0.7620, top5_acc: 0.9549
2026-08-31 20:25:32,081 - pyskl - INFO - Epoch [6][100/5537]	lr: 2.240e-02, eta: 3 days, 18:34:06, time: 3.617, data_time: 0.117, memory: 5243, top1_acc: 0.7906, top5_acc: 0.9675, loss_cls: 0.6445, loss: 0.6445
2026-08-31 20:31:18,209 - pyskl - INFO - Epoch [6][200/5537]	lr: 2.238e-02, eta: 3 days, 18:31:11, time: 3.461, data_time: 0.000, memory: 5243, top1_acc: 0.8156, top5_acc: 0.9650, loss_cls: 0.6221, loss: 0.6221
2026-08-31 20:37:03,166 - pyskl - INFO - Epoch [6][300/5537]	lr: 2.236e-02, eta: 3 days, 18:28:11, time: 3.450, data_time: 0.000, memory: 5243, top1_acc: 0.7987, top5_acc: 0.9672, loss_cls: 0.6465, loss: 0.6465
2026-08-31 20:42:48,854 - pyskl - INFO - Epoch [6][400/5537]	lr: 2.234e-02, eta: 3 days, 18:25:12, time: 3.457, data_time: 0.000, memory: 5243, top1_acc: 0.8003, top5_acc: 0.9697, loss_cls: 0.6494, loss: 0.6494
2026-08-31 20:48:34,531 - pyskl - INFO - Epoch [6][500/5537]	lr: 2.233e-02, eta: 3 days, 18:22:12, time: 3.457, data_time: 0.000, memory: 5243, top1_acc: 0.8031, top5_acc: 0.9641, loss_cls: 0.6400, loss: 0.6400
2026-08-31 20:54:19,288 - pyskl - INFO - Epoch [6][600/5537]	lr: 2.231e-02, eta: 3 days, 18:19:07, time: 3.448, data_time: 0.000, memory: 5243, top1_acc: 0.8003, top5_acc: 0.9666, loss_cls: 0.6438, loss: 0.6438
2026-08-31 21:00:04,468 - pyskl - INFO - Epoch [6][700/5537]	lr: 2.229e-02, eta: 3 days, 18:16:02, time: 3.452, data_time: 0.000, memory: 5243, top1_acc: 0.7925, top5_acc: 0.9641, loss_cls: 0.6865, loss: 0.6865
2026-08-31 21:05:49,915 - pyskl - INFO - Epoch [6][800/5537]	lr: 2.227e-02, eta: 3 days, 18:12:58, time: 3.454, data_time: 0.000, memory: 5243, top1_acc: 0.8131, top5_acc: 0.9647, loss_cls: 0.6316, loss: 0.6316
2026-08-31 21:11:35,268 - pyskl - INFO - Epoch [6][900/5537]	lr: 2.225e-02, eta: 3 days, 18:09:52, time: 3.454, data_time: 0.000, memory: 5243, top1_acc: 0.8113, top5_acc: 0.9669, loss_cls: 0.6291, loss: 0.6291
2026-08-31 21:17:19,932 - pyskl - INFO - Epoch [6][1000/5537]	lr: 2.223e-02, eta: 3 days, 18:06:42, time: 3.447, data_time: 0.000, memory: 5243, top1_acc: 0.8034, top5_acc: 0.9647, loss_cls: 0.6375, loss: 0.6375
2026-08-31 21:23:05,152 - pyskl - INFO - Epoch [6][1100/5537]	lr: 2.222e-02, eta: 3 days, 18:03:33, time: 3.452, data_time: 0.000, memory: 5243, top1_acc: 0.7953, top5_acc: 0.9669, loss_cls: 0.6642, loss: 0.6642
2026-08-31 21:28:50,178 - pyskl - INFO - Epoch [6][1200/5537]	lr: 2.220e-02, eta: 3 days, 18:00:23, time: 3.450, data_time: 0.000, memory: 5243, top1_acc: 0.8006, top5_acc: 0.9722, loss_cls: 0.6277, loss: 0.6277
2026-08-31 21:34:36,069 - pyskl - INFO - Epoch [6][1300/5537]	lr: 2.218e-02, eta: 3 days, 17:57:14, time: 3.459, data_time: 0.000, memory: 5243, top1_acc: 0.7956, top5_acc: 0.9637, loss_cls: 0.6641, loss: 0.6641
2026-08-31 21:40:22,002 - pyskl - INFO - Epoch [6][1400/5537]	lr: 2.216e-02, eta: 3 days, 17:54:05, time: 3.459, data_time: 0.000, memory: 5243, top1_acc: 0.8059, top5_acc: 0.9644, loss_cls: 0.6360, loss: 0.6360
2026-08-31 21:46:07,751 - pyskl - INFO - Epoch [6][1500/5537]	lr: 2.214e-02, eta: 3 days, 17:50:54, time: 3.457, data_time: 0.000, memory: 5243, top1_acc: 0.8069, top5_acc: 0.9681, loss_cls: 0.6257, loss: 0.6257
2026-08-31 21:51:52,648 - pyskl - INFO - Epoch [6][1600/5537]	lr: 2.212e-02, eta: 3 days, 17:47:39, time: 3.449, data_time: 0.000, memory: 5243, top1_acc: 0.8059, top5_acc: 0.9706, loss_cls: 0.6228, loss: 0.6228
2026-08-31 21:57:38,417 - pyskl - INFO - Epoch [6][1700/5537]	lr: 2.210e-02, eta: 3 days, 17:44:26, time: 3.458, data_time: 0.000, memory: 5243, top1_acc: 0.8013, top5_acc: 0.9650, loss_cls: 0.6361, loss: 0.6361
2026-08-31 22:03:24,129 - pyskl - INFO - Epoch [6][1800/5537]	lr: 2.208e-02, eta: 3 days, 17:41:11, time: 3.457, data_time: 0.000, memory: 5243, top1_acc: 0.8113, top5_acc: 0.9694, loss_cls: 0.6332, loss: 0.6332
2026-08-31 22:09:09,274 - pyskl - INFO - Epoch [6][1900/5537]	lr: 2.207e-02, eta: 3 days, 17:37:54, time: 3.451, data_time: 0.000, memory: 5243, top1_acc: 0.8059, top5_acc: 0.9622, loss_cls: 0.6422, loss: 0.6422
2026-08-31 22:14:53,785 - pyskl - INFO - Epoch [6][2000/5537]	lr: 2.205e-02, eta: 3 days, 17:34:33, time: 3.445, data_time: 0.000, memory: 5243, top1_acc: 0.7941, top5_acc: 0.9719, loss_cls: 0.6404, loss: 0.6404
2026-08-31 22:20:38,613 - pyskl - INFO - Epoch [6][2100/5537]	lr: 2.203e-02, eta: 3 days, 17:31:13, time: 3.448, data_time: 0.000, memory: 5243, top1_acc: 0.8116, top5_acc: 0.9678, loss_cls: 0.6115, loss: 0.6115
2026-08-31 22:26:24,400 - pyskl - INFO - Epoch [6][2200/5537]	lr: 2.201e-02, eta: 3 days, 17:27:55, time: 3.458, data_time: 0.000, memory: 5243, top1_acc: 0.8041, top5_acc: 0.9672, loss_cls: 0.6365, loss: 0.6365
2026-08-31 22:32:10,239 - pyskl - INFO - Epoch [6][2300/5537]	lr: 2.199e-02, eta: 3 days, 17:24:36, time: 3.458, data_time: 0.000, memory: 5243, top1_acc: 0.8100, top5_acc: 0.9675, loss_cls: 0.5998, loss: 0.5998
2026-08-31 22:37:55,719 - pyskl - INFO - Epoch [6][2400/5537]	lr: 2.197e-02, eta: 3 days, 17:21:15, time: 3.455, data_time: 0.000, memory: 5243, top1_acc: 0.8187, top5_acc: 0.9775, loss_cls: 0.5725, loss: 0.5725
2026-08-31 22:43:41,004 - pyskl - INFO - Epoch [6][2500/5537]	lr: 2.195e-02, eta: 3 days, 17:17:52, time: 3.453, data_time: 0.000, memory: 5243, top1_acc: 0.8006, top5_acc: 0.9697, loss_cls: 0.6419, loss: 0.6419
2026-08-31 22:49:26,114 - pyskl - INFO - Epoch [6][2600/5537]	lr: 2.193e-02, eta: 3 days, 17:14:28, time: 3.451, data_time: 0.000, memory: 5243, top1_acc: 0.8119, top5_acc: 0.9684, loss_cls: 0.6137, loss: 0.6137
2026-08-31 22:55:10,989 - pyskl - INFO - Epoch [6][2700/5537]	lr: 2.191e-02, eta: 3 days, 17:11:02, time: 3.449, data_time: 0.000, memory: 5243, top1_acc: 0.7947, top5_acc: 0.9669, loss_cls: 0.6634, loss: 0.6634
2026-08-31 23:00:56,024 - pyskl - INFO - Epoch [6][2800/5537]	lr: 2.189e-02, eta: 3 days, 17:07:35, time: 3.450, data_time: 0.000, memory: 5243, top1_acc: 0.8159, top5_acc: 0.9669, loss_cls: 0.6245, loss: 0.6245
2026-08-31 23:06:41,014 - pyskl - INFO - Epoch [6][2900/5537]	lr: 2.187e-02, eta: 3 days, 17:04:08, time: 3.450, data_time: 0.000, memory: 5243, top1_acc: 0.8181, top5_acc: 0.9678, loss_cls: 0.6022, loss: 0.6022
2026-08-31 23:12:25,692 - pyskl - INFO - Epoch [6][3000/5537]	lr: 2.185e-02, eta: 3 days, 17:00:39, time: 3.447, data_time: 0.000, memory: 5243, top1_acc: 0.8034, top5_acc: 0.9694, loss_cls: 0.6320, loss: 0.6320
2026-08-31 23:18:09,516 - pyskl - INFO - Epoch [6][3100/5537]	lr: 2.183e-02, eta: 3 days, 16:57:05, time: 3.438, data_time: 0.000, memory: 5243, top1_acc: 0.8009, top5_acc: 0.9613, loss_cls: 0.6544, loss: 0.6544
2026-08-31 23:23:53,536 - pyskl - INFO - Epoch [6][3200/5537]	lr: 2.181e-02, eta: 3 days, 16:53:32, time: 3.440, data_time: 0.000, memory: 5243, top1_acc: 0.8078, top5_acc: 0.9641, loss_cls: 0.6345, loss: 0.6345
2026-08-31 23:29:38,534 - pyskl - INFO - Epoch [6][3300/5537]	lr: 2.179e-02, eta: 3 days, 16:50:01, time: 3.450, data_time: 0.000, memory: 5243, top1_acc: 0.8100, top5_acc: 0.9697, loss_cls: 0.6251, loss: 0.6251
2026-08-31 23:35:24,216 - pyskl - INFO - Epoch [6][3400/5537]	lr: 2.177e-02, eta: 3 days, 16:46:32, time: 3.457, data_time: 0.000, memory: 5243, top1_acc: 0.8175, top5_acc: 0.9706, loss_cls: 0.5995, loss: 0.5995
2026-08-31 23:41:09,852 - pyskl - INFO - Epoch [6][3500/5537]	lr: 2.175e-02, eta: 3 days, 16:43:01, time: 3.456, data_time: 0.000, memory: 5243, top1_acc: 0.7850, top5_acc: 0.9653, loss_cls: 0.6768, loss: 0.6768
2026-08-31 23:46:55,360 - pyskl - INFO - Epoch [6][3600/5537]	lr: 2.173e-02, eta: 3 days, 16:39:29, time: 3.455, data_time: 0.000, memory: 5243, top1_acc: 0.7947, top5_acc: 0.9659, loss_cls: 0.6543, loss: 0.6543
2026-08-31 23:52:40,426 - pyskl - INFO - Epoch [6][3700/5537]	lr: 2.171e-02, eta: 3 days, 16:35:55, time: 3.451, data_time: 0.000, memory: 5243, top1_acc: 0.8169, top5_acc: 0.9719, loss_cls: 0.6148, loss: 0.6148
2026-08-31 23:58:25,878 - pyskl - INFO - Epoch [6][3800/5537]	lr: 2.169e-02, eta: 3 days, 16:32:22, time: 3.454, data_time: 0.000, memory: 5243, top1_acc: 0.8187, top5_acc: 0.9650, loss_cls: 0.5925, loss: 0.5925
2026-09-01 00:04:11,155 - pyskl - INFO - Epoch [6][3900/5537]	lr: 2.167e-02, eta: 3 days, 16:28:47, time: 3.453, data_time: 0.000, memory: 5243, top1_acc: 0.8106, top5_acc: 0.9666, loss_cls: 0.6099, loss: 0.6099
2026-09-01 00:09:56,114 - pyskl - INFO - Epoch [6][4000/5537]	lr: 2.165e-02, eta: 3 days, 16:25:10, time: 3.450, data_time: 0.000, memory: 5243, top1_acc: 0.8125, top5_acc: 0.9700, loss_cls: 0.6050, loss: 0.6050
2026-09-01 00:15:40,270 - pyskl - INFO - Epoch [6][4100/5537]	lr: 2.163e-02, eta: 3 days, 16:21:29, time: 3.442, data_time: 0.000, memory: 5243, top1_acc: 0.7822, top5_acc: 0.9597, loss_cls: 0.6885, loss: 0.6885
2026-09-01 00:21:25,549 - pyskl - INFO - Epoch [6][4200/5537]	lr: 2.161e-02, eta: 3 days, 16:17:52, time: 3.453, data_time: 0.000, memory: 5243, top1_acc: 0.8163, top5_acc: 0.9697, loss_cls: 0.6060, loss: 0.6060
2026-09-01 00:27:10,747 - pyskl - INFO - Epoch [6][4300/5537]	lr: 2.159e-02, eta: 3 days, 16:14:13, time: 3.452, data_time: 0.000, memory: 5243, top1_acc: 0.8144, top5_acc: 0.9719, loss_cls: 0.5986, loss: 0.5986
2026-09-01 00:32:55,755 - pyskl - INFO - Epoch [6][4400/5537]	lr: 2.157e-02, eta: 3 days, 16:10:33, time: 3.450, data_time: 0.000, memory: 5243, top1_acc: 0.7978, top5_acc: 0.9688, loss_cls: 0.6502, loss: 0.6502
2026-09-01 00:38:41,126 - pyskl - INFO - Epoch [6][4500/5537]	lr: 2.155e-02, eta: 3 days, 16:06:54, time: 3.454, data_time: 0.000, memory: 5243, top1_acc: 0.8234, top5_acc: 0.9738, loss_cls: 0.5814, loss: 0.5814
2026-09-01 00:44:26,598 - pyskl - INFO - Epoch [6][4600/5537]	lr: 2.153e-02, eta: 3 days, 16:03:14, time: 3.455, data_time: 0.000, memory: 5243, top1_acc: 0.8131, top5_acc: 0.9716, loss_cls: 0.5846, loss: 0.5846
2026-09-01 00:50:11,533 - pyskl - INFO - Epoch [6][4700/5537]	lr: 2.151e-02, eta: 3 days, 15:59:31, time: 3.449, data_time: 0.000, memory: 5243, top1_acc: 0.8209, top5_acc: 0.9669, loss_cls: 0.5998, loss: 0.5998
2026-09-01 00:56:01,131 - pyskl - INFO - Epoch [6][4800/5537]	lr: 2.149e-02, eta: 3 days, 15:56:02, time: 3.496, data_time: 0.000, memory: 5243, top1_acc: 0.8081, top5_acc: 0.9706, loss_cls: 0.6049, loss: 0.6049
2026-09-01 01:01:51,221 - pyskl - INFO - Epoch [6][4900/5537]	lr: 2.147e-02, eta: 3 days, 15:52:34, time: 3.501, data_time: 0.000, memory: 5243, top1_acc: 0.8028, top5_acc: 0.9684, loss_cls: 0.6333, loss: 0.6333
2026-09-01 01:07:40,546 - pyskl - INFO - Epoch [6][5000/5537]	lr: 2.145e-02, eta: 3 days, 15:49:03, time: 3.493, data_time: 0.000, memory: 5243, top1_acc: 0.8041, top5_acc: 0.9675, loss_cls: 0.6393, loss: 0.6393
2026-09-01 01:13:29,392 - pyskl - INFO - Epoch [6][5100/5537]	lr: 2.143e-02, eta: 3 days, 15:45:29, time: 3.488, data_time: 0.000, memory: 5243, top1_acc: 0.8050, top5_acc: 0.9669, loss_cls: 0.6290, loss: 0.6290
2026-09-01 01:19:19,741 - pyskl - INFO - Epoch [6][5200/5537]	lr: 2.141e-02, eta: 3 days, 15:41:59, time: 3.503, data_time: 0.000, memory: 5243, top1_acc: 0.7963, top5_acc: 0.9691, loss_cls: 0.6425, loss: 0.6425
2026-09-01 01:25:10,286 - pyskl - INFO - Epoch [6][5300/5537]	lr: 2.139e-02, eta: 3 days, 15:38:29, time: 3.505, data_time: 0.000, memory: 5243, top1_acc: 0.8181, top5_acc: 0.9688, loss_cls: 0.5949, loss: 0.5949
2026-09-01 01:31:00,457 - pyskl - INFO - Epoch [6][5400/5537]	lr: 2.137e-02, eta: 3 days, 15:34:57, time: 3.502, data_time: 0.000, memory: 5243, top1_acc: 0.8194, top5_acc: 0.9725, loss_cls: 0.5880, loss: 0.5880
2026-09-01 01:36:50,366 - pyskl - INFO - Epoch [6][5500/5537]	lr: 2.135e-02, eta: 3 days, 15:31:23, time: 3.499, data_time: 0.000, memory: 5243, top1_acc: 0.8113, top5_acc: 0.9622, loss_cls: 0.6191, loss: 0.6191
2026-09-01 01:38:59,865 - pyskl - INFO - Saving checkpoint at 6 epochs
2026-09-01 01:47:51,368 - pyskl - INFO - Evaluating top_k_accuracy ...
2026-09-01 01:47:51,386 - pyskl - INFO - 
top1_acc	0.7886
top5_acc	0.9624
2026-09-01 01:47:51,387 - pyskl - INFO - The previous best checkpoint D:\YXJProject\pythonProject\pyskl\work_dirs\aug_baseline\stgcnpp_j\train\A3_coord_noise_e24\best_top1_acc_epoch_4.pth was removed
2026-09-01 01:47:51,520 - pyskl - INFO - Now best checkpoint is saved as best_top1_acc_epoch_6.pth.
2026-09-01 01:47:51,520 - pyskl - INFO - Best top1_acc is 0.7886 at 6 epoch.
2026-09-01 01:47:51,521 - pyskl - INFO - Epoch(val) [6][146]	top1_acc: 0.7886, top5_acc: 0.9624
2026-09-01 01:53:53,478 - pyskl - INFO - Epoch [7][100/5537]	lr: 2.132e-02, eta: 3 days, 15:20:38, time: 3.619, data_time: 0.109, memory: 5243, top1_acc: 0.8144, top5_acc: 0.9728, loss_cls: 0.5888, loss: 0.5888
2026-09-01 01:59:44,358 - pyskl - INFO - Epoch [7][200/5537]	lr: 2.130e-02, eta: 3 days, 15:17:06, time: 3.509, data_time: 0.000, memory: 5243, top1_acc: 0.8169, top5_acc: 0.9688, loss_cls: 0.5969, loss: 0.5969
2026-09-01 02:05:33,369 - pyskl - INFO - Epoch [7][300/5537]	lr: 2.128e-02, eta: 3 days, 15:13:29, time: 3.490, data_time: 0.000, memory: 5243, top1_acc: 0.8169, top5_acc: 0.9678, loss_cls: 0.5894, loss: 0.5894
2026-09-01 02:11:21,132 - pyskl - INFO - Epoch [7][400/5537]	lr: 2.126e-02, eta: 3 days, 15:09:46, time: 3.478, data_time: 0.000, memory: 5243, top1_acc: 0.8097, top5_acc: 0.9728, loss_cls: 0.6052, loss: 0.6052
2026-09-01 02:17:09,053 - pyskl - INFO - Epoch [7][500/5537]	lr: 2.123e-02, eta: 3 days, 15:06:04, time: 3.479, data_time: 0.000, memory: 5243, top1_acc: 0.8113, top5_acc: 0.9678, loss_cls: 0.6106, loss: 0.6106
2026-09-01 02:22:56,897 - pyskl - INFO - Epoch [7][600/5537]	lr: 2.121e-02, eta: 3 days, 15:02:20, time: 3.478, data_time: 0.000, memory: 5243, top1_acc: 0.8125, top5_acc: 0.9697, loss_cls: 0.6190, loss: 0.6190
2026-09-01 02:28:44,847 - pyskl - INFO - Epoch [7][700/5537]	lr: 2.119e-02, eta: 3 days, 14:58:36, time: 3.479, data_time: 0.000, memory: 5243, top1_acc: 0.8063, top5_acc: 0.9697, loss_cls: 0.6168, loss: 0.6168
2026-09-01 02:34:33,578 - pyskl - INFO - Epoch [7][800/5537]	lr: 2.117e-02, eta: 3 days, 14:54:54, time: 3.487, data_time: 0.000, memory: 5243, top1_acc: 0.8097, top5_acc: 0.9728, loss_cls: 0.6039, loss: 0.6039
2026-09-01 02:40:22,116 - pyskl - INFO - Epoch [7][900/5537]	lr: 2.115e-02, eta: 3 days, 14:51:10, time: 3.485, data_time: 0.000, memory: 5243, top1_acc: 0.8109, top5_acc: 0.9656, loss_cls: 0.6280, loss: 0.6280
2026-09-01 02:46:09,973 - pyskl - INFO - Epoch [7][1000/5537]	lr: 2.113e-02, eta: 3 days, 14:47:24, time: 3.479, data_time: 0.000, memory: 5243, top1_acc: 0.8219, top5_acc: 0.9741, loss_cls: 0.5842, loss: 0.5842
2026-09-01 02:51:57,596 - pyskl - INFO - Epoch [7][1100/5537]	lr: 2.111e-02, eta: 3 days, 14:43:36, time: 3.476, data_time: 0.000, memory: 5243, top1_acc: 0.8156, top5_acc: 0.9709, loss_cls: 0.6128, loss: 0.6128
2026-09-01 02:57:45,365 - pyskl - INFO - Epoch [7][1200/5537]	lr: 2.108e-02, eta: 3 days, 14:39:48, time: 3.478, data_time: 0.000, memory: 5243, top1_acc: 0.8178, top5_acc: 0.9659, loss_cls: 0.6199, loss: 0.6199
2026-09-01 03:03:33,436 - pyskl - INFO - Epoch [7][1300/5537]	lr: 2.106e-02, eta: 3 days, 14:36:00, time: 3.481, data_time: 0.000, memory: 5243, top1_acc: 0.8119, top5_acc: 0.9700, loss_cls: 0.5957, loss: 0.5957
2026-09-01 03:09:21,198 - pyskl - INFO - Epoch [7][1400/5537]	lr: 2.104e-02, eta: 3 days, 14:32:11, time: 3.478, data_time: 0.000, memory: 5243, top1_acc: 0.8231, top5_acc: 0.9706, loss_cls: 0.5784, loss: 0.5784
2026-09-01 03:15:08,299 - pyskl - INFO - Epoch [7][1500/5537]	lr: 2.102e-02, eta: 3 days, 14:28:19, time: 3.471, data_time: 0.000, memory: 5243, top1_acc: 0.8184, top5_acc: 0.9653, loss_cls: 0.5887, loss: 0.5887
2026-09-01 03:20:55,483 - pyskl - INFO - Epoch [7][1600/5537]	lr: 2.100e-02, eta: 3 days, 14:24:26, time: 3.472, data_time: 0.000, memory: 5243, top1_acc: 0.8009, top5_acc: 0.9684, loss_cls: 0.6346, loss: 0.6346
2026-09-01 03:26:41,859 - pyskl - INFO - Epoch [7][1700/5537]	lr: 2.098e-02, eta: 3 days, 14:20:31, time: 3.464, data_time: 0.000, memory: 5243, top1_acc: 0.7972, top5_acc: 0.9650, loss_cls: 0.6485, loss: 0.6485
2026-09-01 03:32:28,491 - pyskl - INFO - Epoch [7][1800/5537]	lr: 2.096e-02, eta: 3 days, 14:16:36, time: 3.466, data_time: 0.000, memory: 5243, top1_acc: 0.8163, top5_acc: 0.9681, loss_cls: 0.6009, loss: 0.6009
2026-09-01 03:38:14,793 - pyskl - INFO - Epoch [7][1900/5537]	lr: 2.093e-02, eta: 3 days, 14:12:39, time: 3.463, data_time: 0.000, memory: 5243, top1_acc: 0.7984, top5_acc: 0.9709, loss_cls: 0.6079, loss: 0.6079
2026-09-01 03:44:02,436 - pyskl - INFO - Epoch [7][2000/5537]	lr: 2.091e-02, eta: 3 days, 14:08:45, time: 3.476, data_time: 0.000, memory: 5243, top1_acc: 0.8150, top5_acc: 0.9678, loss_cls: 0.6058, loss: 0.6058
2026-09-01 03:49:49,812 - pyskl - INFO - Epoch [7][2100/5537]	lr: 2.089e-02, eta: 3 days, 14:04:50, time: 3.474, data_time: 0.000, memory: 5243, top1_acc: 0.8272, top5_acc: 0.9716, loss_cls: 0.5679, loss: 0.5679
2026-09-01 03:55:37,346 - pyskl - INFO - Epoch [7][2200/5537]	lr: 2.087e-02, eta: 3 days, 14:00:55, time: 3.475, data_time: 0.000, memory: 5243, top1_acc: 0.8275, top5_acc: 0.9716, loss_cls: 0.5663, loss: 0.5663
2026-09-01 04:01:24,554 - pyskl - INFO - Epoch [7][2300/5537]	lr: 2.085e-02, eta: 3 days, 13:56:58, time: 3.472, data_time: 0.000, memory: 5243, top1_acc: 0.8078, top5_acc: 0.9681, loss_cls: 0.6178, loss: 0.6178
2026-09-01 04:07:11,890 - pyskl - INFO - Epoch [7][2400/5537]	lr: 2.082e-02, eta: 3 days, 13:53:01, time: 3.473, data_time: 0.000, memory: 5243, top1_acc: 0.8187, top5_acc: 0.9694, loss_cls: 0.5791, loss: 0.5791
2026-09-01 04:12:59,655 - pyskl - INFO - Epoch [7][2500/5537]	lr: 2.080e-02, eta: 3 days, 13:49:04, time: 3.478, data_time: 0.000, memory: 5243, top1_acc: 0.8153, top5_acc: 0.9725, loss_cls: 0.5870, loss: 0.5870
2026-09-01 04:18:46,755 - pyskl - INFO - Epoch [7][2600/5537]	lr: 2.078e-02, eta: 3 days, 13:45:05, time: 3.471, data_time: 0.000, memory: 5243, top1_acc: 0.8175, top5_acc: 0.9719, loss_cls: 0.5848, loss: 0.5848
2026-09-01 04:24:34,151 - pyskl - INFO - Epoch [7][2700/5537]	lr: 2.076e-02, eta: 3 days, 13:41:06, time: 3.474, data_time: 0.000, memory: 5243, top1_acc: 0.8169, top5_acc: 0.9738, loss_cls: 0.5853, loss: 0.5853
2026-09-01 04:30:21,186 - pyskl - INFO - Epoch [7][2800/5537]	lr: 2.074e-02, eta: 3 days, 13:37:06, time: 3.470, data_time: 0.000, memory: 5243, top1_acc: 0.8306, top5_acc: 0.9750, loss_cls: 0.5613, loss: 0.5613
2026-09-01 04:36:08,359 - pyskl - INFO - Epoch [7][2900/5537]	lr: 2.071e-02, eta: 3 days, 13:33:05, time: 3.472, data_time: 0.000, memory: 5243, top1_acc: 0.8047, top5_acc: 0.9659, loss_cls: 0.6429, loss: 0.6429
2026-09-01 04:41:55,834 - pyskl - INFO - Epoch [7][3000/5537]	lr: 2.069e-02, eta: 3 days, 13:29:05, time: 3.475, data_time: 0.000, memory: 5243, top1_acc: 0.8197, top5_acc: 0.9719, loss_cls: 0.5789, loss: 0.5789
2026-09-01 04:47:43,265 - pyskl - INFO - Epoch [7][3100/5537]	lr: 2.067e-02, eta: 3 days, 13:25:04, time: 3.474, data_time: 0.000, memory: 5243, top1_acc: 0.8319, top5_acc: 0.9766, loss_cls: 0.5489, loss: 0.5489
2026-09-01 04:53:30,429 - pyskl - INFO - Epoch [7][3200/5537]	lr: 2.065e-02, eta: 3 days, 13:21:02, time: 3.472, data_time: 0.000, memory: 5243, top1_acc: 0.8097, top5_acc: 0.9734, loss_cls: 0.5944, loss: 0.5944
2026-09-01 04:59:18,137 - pyskl - INFO - Epoch [7][3300/5537]	lr: 2.062e-02, eta: 3 days, 13:17:00, time: 3.477, data_time: 0.000, memory: 5243, top1_acc: 0.8159, top5_acc: 0.9678, loss_cls: 0.5999, loss: 0.5999
2026-09-01 05:05:05,294 - pyskl - INFO - Epoch [7][3400/5537]	lr: 2.060e-02, eta: 3 days, 13:12:57, time: 3.472, data_time: 0.000, memory: 5243, top1_acc: 0.8103, top5_acc: 0.9712, loss_cls: 0.5923, loss: 0.5923
2026-09-01 05:10:52,552 - pyskl - INFO - Epoch [7][3500/5537]	lr: 2.058e-02, eta: 3 days, 13:08:53, time: 3.473, data_time: 0.000, memory: 5243, top1_acc: 0.7950, top5_acc: 0.9681, loss_cls: 0.6353, loss: 0.6353
2026-09-01 05:16:40,431 - pyskl - INFO - Epoch [7][3600/5537]	lr: 2.056e-02, eta: 3 days, 13:04:50, time: 3.479, data_time: 0.000, memory: 5243, top1_acc: 0.8063, top5_acc: 0.9731, loss_cls: 0.6108, loss: 0.6108
2026-09-01 05:22:28,323 - pyskl - INFO - Epoch [7][3700/5537]	lr: 2.053e-02, eta: 3 days, 13:00:47, time: 3.479, data_time: 0.000, memory: 5243, top1_acc: 0.8244, top5_acc: 0.9731, loss_cls: 0.5513, loss: 0.5513
2026-09-01 05:28:14,711 - pyskl - INFO - Epoch [7][3800/5537]	lr: 2.051e-02, eta: 3 days, 12:56:39, time: 3.464, data_time: 0.000, memory: 5243, top1_acc: 0.8147, top5_acc: 0.9675, loss_cls: 0.6085, loss: 0.6085
2026-09-01 05:34:01,214 - pyskl - INFO - Epoch [7][3900/5537]	lr: 2.049e-02, eta: 3 days, 12:52:31, time: 3.465, data_time: 0.000, memory: 5243, top1_acc: 0.8353, top5_acc: 0.9741, loss_cls: 0.5448, loss: 0.5448
2026-09-01 05:39:47,766 - pyskl - INFO - Epoch [7][4000/5537]	lr: 2.046e-02, eta: 3 days, 12:48:22, time: 3.466, data_time: 0.000, memory: 5243, top1_acc: 0.8369, top5_acc: 0.9759, loss_cls: 0.5385, loss: 0.5385
2026-09-01 05:45:34,150 - pyskl - INFO - Epoch [7][4100/5537]	lr: 2.044e-02, eta: 3 days, 12:44:13, time: 3.464, data_time: 0.000, memory: 5243, top1_acc: 0.8081, top5_acc: 0.9738, loss_cls: 0.5985, loss: 0.5985
2026-09-01 05:51:20,476 - pyskl - INFO - Epoch [7][4200/5537]	lr: 2.042e-02, eta: 3 days, 12:40:03, time: 3.463, data_time: 0.000, memory: 5243, top1_acc: 0.8334, top5_acc: 0.9753, loss_cls: 0.5389, loss: 0.5389
2026-09-01 05:57:07,170 - pyskl - INFO - Epoch [7][4300/5537]	lr: 2.040e-02, eta: 3 days, 12:35:53, time: 3.467, data_time: 0.000, memory: 5243, top1_acc: 0.8281, top5_acc: 0.9703, loss_cls: 0.5660, loss: 0.5660
2026-09-01 06:02:53,863 - pyskl - INFO - Epoch [7][4400/5537]	lr: 2.037e-02, eta: 3 days, 12:31:43, time: 3.467, data_time: 0.000, memory: 5243, top1_acc: 0.8119, top5_acc: 0.9688, loss_cls: 0.6002, loss: 0.6002
2026-09-01 06:08:40,175 - pyskl - INFO - Epoch [7][4500/5537]	lr: 2.035e-02, eta: 3 days, 12:27:32, time: 3.463, data_time: 0.000, memory: 5243, top1_acc: 0.8194, top5_acc: 0.9678, loss_cls: 0.5893, loss: 0.5893
2026-09-01 06:14:27,518 - pyskl - INFO - Epoch [7][4600/5537]	lr: 2.033e-02, eta: 3 days, 12:23:22, time: 3.473, data_time: 0.000, memory: 5243, top1_acc: 0.8213, top5_acc: 0.9666, loss_cls: 0.5882, loss: 0.5882
2026-09-01 06:20:15,397 - pyskl - INFO - Epoch [7][4700/5537]	lr: 2.030e-02, eta: 3 days, 12:19:14, time: 3.479, data_time: 0.000, memory: 5243, top1_acc: 0.8153, top5_acc: 0.9697, loss_cls: 0.5915, loss: 0.5915
2026-09-01 06:26:03,206 - pyskl - INFO - Epoch [7][4800/5537]	lr: 2.028e-02, eta: 3 days, 12:15:04, time: 3.478, data_time: 0.000, memory: 5243, top1_acc: 0.8147, top5_acc: 0.9712, loss_cls: 0.5898, loss: 0.5898
2026-09-01 06:31:51,096 - pyskl - INFO - Epoch [7][4900/5537]	lr: 2.026e-02, eta: 3 days, 12:10:54, time: 3.479, data_time: 0.000, memory: 5243, top1_acc: 0.8194, top5_acc: 0.9744, loss_cls: 0.5574, loss: 0.5574
2026-09-01 06:37:38,858 - pyskl - INFO - Epoch [7][5000/5537]	lr: 2.024e-02, eta: 3 days, 12:06:44, time: 3.478, data_time: 0.000, memory: 5243, top1_acc: 0.8191, top5_acc: 0.9681, loss_cls: 0.5951, loss: 0.5951
2026-09-01 06:43:26,352 - pyskl - INFO - Epoch [7][5100/5537]	lr: 2.021e-02, eta: 3 days, 12:02:32, time: 3.475, data_time: 0.000, memory: 5243, top1_acc: 0.8091, top5_acc: 0.9663, loss_cls: 0.6284, loss: 0.6284
2026-09-01 06:49:14,625 - pyskl - INFO - Epoch [7][5200/5537]	lr: 2.019e-02, eta: 3 days, 11:58:22, time: 3.483, data_time: 0.000, memory: 5243, top1_acc: 0.8263, top5_acc: 0.9712, loss_cls: 0.5699, loss: 0.5699
2026-09-01 06:55:02,738 - pyskl - INFO - Epoch [7][5300/5537]	lr: 2.017e-02, eta: 3 days, 11:54:11, time: 3.481, data_time: 0.000, memory: 5243, top1_acc: 0.8234, top5_acc: 0.9728, loss_cls: 0.5649, loss: 0.5649
2026-09-01 07:00:51,000 - pyskl - INFO - Epoch [7][5400/5537]	lr: 2.014e-02, eta: 3 days, 11:50:00, time: 3.483, data_time: 0.000, memory: 5243, top1_acc: 0.8209, top5_acc: 0.9759, loss_cls: 0.5414, loss: 0.5414
2026-09-01 07:06:39,067 - pyskl - INFO - Epoch [7][5500/5537]	lr: 2.012e-02, eta: 3 days, 11:45:47, time: 3.481, data_time: 0.000, memory: 5243, top1_acc: 0.8244, top5_acc: 0.9719, loss_cls: 0.5698, loss: 0.5698
2026-09-01 07:08:47,956 - pyskl - INFO - Saving checkpoint at 7 epochs
2026-09-01 07:17:43,581 - pyskl - INFO - Evaluating top_k_accuracy ...
2026-09-01 07:17:43,600 - pyskl - INFO - 
top1_acc	0.7740
top5_acc	0.9618
2026-09-01 07:17:43,601 - pyskl - INFO - Epoch(val) [7][146]	top1_acc: 0.7740, top5_acc: 0.9618
2026-09-01 07:23:45,077 - pyskl - INFO - Epoch [8][100/5537]	lr: 2.009e-02, eta: 3 days, 11:35:22, time: 3.615, data_time: 0.108, memory: 5243, top1_acc: 0.8222, top5_acc: 0.9725, loss_cls: 0.5657, loss: 0.5657
2026-09-01 07:29:34,968 - pyskl - INFO - Epoch [8][200/5537]	lr: 2.006e-02, eta: 3 days, 11:31:14, time: 3.499, data_time: 0.000, memory: 5243, top1_acc: 0.8306, top5_acc: 0.9762, loss_cls: 0.5403, loss: 0.5403
2026-09-01 07:35:25,256 - pyskl - INFO - Epoch [8][300/5537]	lr: 2.004e-02, eta: 3 days, 11:27:06, time: 3.503, data_time: 0.000, memory: 5243, top1_acc: 0.8325, top5_acc: 0.9750, loss_cls: 0.5274, loss: 0.5274
2026-09-01 07:41:16,427 - pyskl - INFO - Epoch [8][400/5537]	lr: 2.002e-02, eta: 3 days, 11:23:00, time: 3.512, data_time: 0.000, memory: 5243, top1_acc: 0.8175, top5_acc: 0.9756, loss_cls: 0.5755, loss: 0.5755
2026-09-01 07:47:07,192 - pyskl - INFO - Epoch [8][500/5537]	lr: 1.999e-02, eta: 3 days, 11:18:52, time: 3.508, data_time: 0.000, memory: 5243, top1_acc: 0.8294, top5_acc: 0.9697, loss_cls: 0.5697, loss: 0.5697
2026-09-01 07:52:57,160 - pyskl - INFO - Epoch [8][600/5537]	lr: 1.997e-02, eta: 3 days, 11:14:42, time: 3.500, data_time: 0.000, memory: 5243, top1_acc: 0.8225, top5_acc: 0.9744, loss_cls: 0.5732, loss: 0.5732
2026-09-01 07:58:46,975 - pyskl - INFO - Epoch [8][700/5537]	lr: 1.994e-02, eta: 3 days, 11:10:32, time: 3.498, data_time: 0.000, memory: 5243, top1_acc: 0.8328, top5_acc: 0.9738, loss_cls: 0.5542, loss: 0.5542
2026-09-01 08:04:36,710 - pyskl - INFO - Epoch [8][800/5537]	lr: 1.992e-02, eta: 3 days, 11:06:20, time: 3.497, data_time: 0.000, memory: 5243, top1_acc: 0.8244, top5_acc: 0.9675, loss_cls: 0.5715, loss: 0.5715
2026-09-01 08:10:26,430 - pyskl - INFO - Epoch [8][900/5537]	lr: 1.990e-02, eta: 3 days, 11:02:08, time: 3.497, data_time: 0.000, memory: 5243, top1_acc: 0.8172, top5_acc: 0.9709, loss_cls: 0.5781, loss: 0.5781
2026-09-01 08:16:16,725 - pyskl - INFO - Epoch [8][1000/5537]	lr: 1.987e-02, eta: 3 days, 10:57:57, time: 3.503, data_time: 0.000, memory: 5243, top1_acc: 0.8237, top5_acc: 0.9756, loss_cls: 0.5526, loss: 0.5526
2026-09-01 08:22:07,191 - pyskl - INFO - Epoch [8][1100/5537]	lr: 1.985e-02, eta: 3 days, 10:53:46, time: 3.505, data_time: 0.000, memory: 5243, top1_acc: 0.8222, top5_acc: 0.9709, loss_cls: 0.5772, loss: 0.5772
2026-09-01 08:27:57,453 - pyskl - INFO - Epoch [8][1200/5537]	lr: 1.983e-02, eta: 3 days, 10:49:33, time: 3.503, data_time: 0.000, memory: 5243, top1_acc: 0.8191, top5_acc: 0.9728, loss_cls: 0.5704, loss: 0.5704
2026-09-01 08:33:48,276 - pyskl - INFO - Epoch [8][1300/5537]	lr: 1.980e-02, eta: 3 days, 10:45:22, time: 3.508, data_time: 0.000, memory: 5243, top1_acc: 0.8234, top5_acc: 0.9719, loss_cls: 0.5657, loss: 0.5657
2026-09-01 08:39:38,544 - pyskl - INFO - Epoch [8][1400/5537]	lr: 1.978e-02, eta: 3 days, 10:41:09, time: 3.503, data_time: 0.000, memory: 5243, top1_acc: 0.8163, top5_acc: 0.9747, loss_cls: 0.5872, loss: 0.5872
2026-09-01 08:45:29,110 - pyskl - INFO - Epoch [8][1500/5537]	lr: 1.975e-02, eta: 3 days, 10:36:56, time: 3.506, data_time: 0.000, memory: 5243, top1_acc: 0.8359, top5_acc: 0.9747, loss_cls: 0.5360, loss: 0.5360
2026-09-01 08:51:18,914 - pyskl - INFO - Epoch [8][1600/5537]	lr: 1.973e-02, eta: 3 days, 10:32:41, time: 3.498, data_time: 0.000, memory: 5243, top1_acc: 0.8291, top5_acc: 0.9697, loss_cls: 0.5755, loss: 0.5755
2026-09-01 08:57:08,832 - pyskl - INFO - Epoch [8][1700/5537]	lr: 1.971e-02, eta: 3 days, 10:28:25, time: 3.499, data_time: 0.000, memory: 5243, top1_acc: 0.8197, top5_acc: 0.9712, loss_cls: 0.5848, loss: 0.5848
2026-09-01 09:02:58,912 - pyskl - INFO - Epoch [8][1800/5537]	lr: 1.968e-02, eta: 3 days, 10:24:10, time: 3.501, data_time: 0.000, memory: 5243, top1_acc: 0.8259, top5_acc: 0.9712, loss_cls: 0.5857, loss: 0.5857
2026-09-01 09:08:48,520 - pyskl - INFO - Epoch [8][1900/5537]	lr: 1.966e-02, eta: 3 days, 10:19:52, time: 3.496, data_time: 0.000, memory: 5243, top1_acc: 0.8216, top5_acc: 0.9734, loss_cls: 0.5795, loss: 0.5795
2026-09-01 09:14:37,869 - pyskl - INFO - Epoch [8][2000/5537]	lr: 1.963e-02, eta: 3 days, 10:15:34, time: 3.493, data_time: 0.000, memory: 5243, top1_acc: 0.8319, top5_acc: 0.9728, loss_cls: 0.5485, loss: 0.5485
2026-09-01 09:20:25,347 - pyskl - INFO - Epoch [8][2100/5537]	lr: 1.961e-02, eta: 3 days, 10:11:12, time: 3.475, data_time: 0.000, memory: 5243, top1_acc: 0.8347, top5_acc: 0.9734, loss_cls: 0.5442, loss: 0.5442
2026-09-01 09:26:13,123 - pyskl - INFO - Epoch [8][2200/5537]	lr: 1.958e-02, eta: 3 days, 10:06:49, time: 3.478, data_time: 0.000, memory: 5243, top1_acc: 0.8244, top5_acc: 0.9769, loss_cls: 0.5493, loss: 0.5493
2026-09-01 09:32:00,912 - pyskl - INFO - Epoch [8][2300/5537]	lr: 1.956e-02, eta: 3 days, 10:02:26, time: 3.478, data_time: 0.000, memory: 5243, top1_acc: 0.8344, top5_acc: 0.9712, loss_cls: 0.5466, loss: 0.5466
2026-09-01 09:37:48,865 - pyskl - INFO - Epoch [8][2400/5537]	lr: 1.954e-02, eta: 3 days, 9:58:03, time: 3.480, data_time: 0.000, memory: 5243, top1_acc: 0.8250, top5_acc: 0.9725, loss_cls: 0.5748, loss: 0.5748
2026-09-01 09:43:36,310 - pyskl - INFO - Epoch [8][2500/5537]	lr: 1.951e-02, eta: 3 days, 9:53:39, time: 3.474, data_time: 0.000, memory: 5243, top1_acc: 0.8319, top5_acc: 0.9775, loss_cls: 0.5421, loss: 0.5421
2026-09-01 09:49:22,935 - pyskl - INFO - Epoch [8][2600/5537]	lr: 1.949e-02, eta: 3 days, 9:49:12, time: 3.466, data_time: 0.000, memory: 5243, top1_acc: 0.8178, top5_acc: 0.9709, loss_cls: 0.5827, loss: 0.5827
2026-09-01 09:55:10,385 - pyskl - INFO - Epoch [8][2700/5537]	lr: 1.946e-02, eta: 3 days, 9:44:47, time: 3.474, data_time: 0.000, memory: 5243, top1_acc: 0.8241, top5_acc: 0.9722, loss_cls: 0.5679, loss: 0.5679
2026-09-01 10:00:58,436 - pyskl - INFO - Epoch [8][2800/5537]	lr: 1.944e-02, eta: 3 days, 9:40:22, time: 3.480, data_time: 0.000, memory: 5243, top1_acc: 0.8434, top5_acc: 0.9800, loss_cls: 0.5022, loss: 0.5022
2026-09-01 10:06:45,886 - pyskl - INFO - Epoch [8][2900/5537]	lr: 1.941e-02, eta: 3 days, 9:35:56, time: 3.474, data_time: 0.000, memory: 5243, top1_acc: 0.8322, top5_acc: 0.9741, loss_cls: 0.5396, loss: 0.5396
2026-09-01 10:12:33,245 - pyskl - INFO - Epoch [8][3000/5537]	lr: 1.939e-02, eta: 3 days, 9:31:30, time: 3.474, data_time: 0.000, memory: 5243, top1_acc: 0.8259, top5_acc: 0.9719, loss_cls: 0.5609, loss: 0.5609
2026-09-01 10:18:21,006 - pyskl - INFO - Epoch [8][3100/5537]	lr: 1.936e-02, eta: 3 days, 9:27:03, time: 3.478, data_time: 0.000, memory: 5243, top1_acc: 0.8331, top5_acc: 0.9716, loss_cls: 0.5401, loss: 0.5401
2026-09-01 10:24:08,712 - pyskl - INFO - Epoch [8][3200/5537]	lr: 1.934e-02, eta: 3 days, 9:22:37, time: 3.477, data_time: 0.000, memory: 5243, top1_acc: 0.8287, top5_acc: 0.9725, loss_cls: 0.5585, loss: 0.5585
2026-09-01 10:29:56,432 - pyskl - INFO - Epoch [8][3300/5537]	lr: 1.931e-02, eta: 3 days, 9:18:10, time: 3.477, data_time: 0.000, memory: 5243, top1_acc: 0.8309, top5_acc: 0.9781, loss_cls: 0.5314, loss: 0.5314
2026-09-01 10:35:44,127 - pyskl - INFO - Epoch [8][3400/5537]	lr: 1.929e-02, eta: 3 days, 9:13:42, time: 3.477, data_time: 0.000, memory: 5243, top1_acc: 0.8191, top5_acc: 0.9734, loss_cls: 0.5769, loss: 0.5769
2026-09-01 10:41:31,443 - pyskl - INFO - Epoch [8][3500/5537]	lr: 1.926e-02, eta: 3 days, 9:09:14, time: 3.473, data_time: 0.000, memory: 5243, top1_acc: 0.8278, top5_acc: 0.9741, loss_cls: 0.5506, loss: 0.5506
2026-09-01 10:47:18,728 - pyskl - INFO - Epoch [8][3600/5537]	lr: 1.924e-02, eta: 3 days, 9:04:44, time: 3.473, data_time: 0.000, memory: 5243, top1_acc: 0.8313, top5_acc: 0.9734, loss_cls: 0.5454, loss: 0.5454
2026-09-01 10:53:06,449 - pyskl - INFO - Epoch [8][3700/5537]	lr: 1.921e-02, eta: 3 days, 9:00:16, time: 3.477, data_time: 0.000, memory: 5243, top1_acc: 0.8147, top5_acc: 0.9722, loss_cls: 0.5855, loss: 0.5855
2026-09-01 10:58:55,536 - pyskl - INFO - Epoch [8][3800/5537]	lr: 1.919e-02, eta: 3 days, 8:55:50, time: 3.491, data_time: 0.000, memory: 5243, top1_acc: 0.8394, top5_acc: 0.9769, loss_cls: 0.5145, loss: 0.5145
2026-09-01 11:04:42,383 - pyskl - INFO - Epoch [8][3900/5537]	lr: 1.916e-02, eta: 3 days, 8:51:19, time: 3.468, data_time: 0.000, memory: 5243, top1_acc: 0.8300, top5_acc: 0.9725, loss_cls: 0.5536, loss: 0.5536
2026-09-01 11:10:29,950 - pyskl - INFO - Epoch [8][4000/5537]	lr: 1.914e-02, eta: 3 days, 8:46:49, time: 3.476, data_time: 0.000, memory: 5243, top1_acc: 0.8397, top5_acc: 0.9766, loss_cls: 0.5056, loss: 0.5056
2026-09-01 11:16:16,784 - pyskl - INFO - Epoch [8][4100/5537]	lr: 1.911e-02, eta: 3 days, 8:42:17, time: 3.468, data_time: 0.000, memory: 5243, top1_acc: 0.8159, top5_acc: 0.9691, loss_cls: 0.5862, loss: 0.5862
2026-09-01 11:22:03,794 - pyskl - INFO - Epoch [8][4200/5537]	lr: 1.909e-02, eta: 3 days, 8:37:45, time: 3.470, data_time: 0.000, memory: 5243, top1_acc: 0.8175, top5_acc: 0.9684, loss_cls: 0.5681, loss: 0.5681
2026-09-01 11:27:49,729 - pyskl - INFO - Epoch [8][4300/5537]	lr: 1.906e-02, eta: 3 days, 8:33:11, time: 3.459, data_time: 0.000, memory: 5243, top1_acc: 0.8184, top5_acc: 0.9688, loss_cls: 0.5973, loss: 0.5973
2026-09-01 11:33:35,548 - pyskl - INFO - Epoch [8][4400/5537]	lr: 1.904e-02, eta: 3 days, 8:28:36, time: 3.458, data_time: 0.000, memory: 5243, top1_acc: 0.8184, top5_acc: 0.9697, loss_cls: 0.5849, loss: 0.5849
2026-09-01 11:39:21,491 - pyskl - INFO - Epoch [8][4500/5537]	lr: 1.901e-02, eta: 3 days, 8:24:00, time: 3.459, data_time: 0.000, memory: 5243, top1_acc: 0.8222, top5_acc: 0.9722, loss_cls: 0.5787, loss: 0.5787
2026-09-01 11:45:07,890 - pyskl - INFO - Epoch [8][4600/5537]	lr: 1.899e-02, eta: 3 days, 8:19:26, time: 3.464, data_time: 0.000, memory: 5243, top1_acc: 0.8187, top5_acc: 0.9694, loss_cls: 0.5799, loss: 0.5799
2026-09-01 11:50:55,317 - pyskl - INFO - Epoch [8][4700/5537]	lr: 1.896e-02, eta: 3 days, 8:14:53, time: 3.474, data_time: 0.000, memory: 5243, top1_acc: 0.8266, top5_acc: 0.9738, loss_cls: 0.5612, loss: 0.5612
2026-09-01 11:56:42,729 - pyskl - INFO - Epoch [8][4800/5537]	lr: 1.894e-02, eta: 3 days, 8:10:20, time: 3.474, data_time: 0.000, memory: 5243, top1_acc: 0.8306, top5_acc: 0.9769, loss_cls: 0.5448, loss: 0.5448
2026-09-01 12:02:30,187 - pyskl - INFO - Epoch [8][4900/5537]	lr: 1.891e-02, eta: 3 days, 8:05:47, time: 3.475, data_time: 0.000, memory: 5243, top1_acc: 0.8409, top5_acc: 0.9753, loss_cls: 0.5264, loss: 0.5264
2026-09-01 12:08:17,610 - pyskl - INFO - Epoch [8][5000/5537]	lr: 1.889e-02, eta: 3 days, 8:01:13, time: 3.474, data_time: 0.000, memory: 5243, top1_acc: 0.8337, top5_acc: 0.9762, loss_cls: 0.5297, loss: 0.5297
2026-09-01 12:14:05,283 - pyskl - INFO - Epoch [8][5100/5537]	lr: 1.886e-02, eta: 3 days, 7:56:40, time: 3.477, data_time: 0.000, memory: 5243, top1_acc: 0.8331, top5_acc: 0.9709, loss_cls: 0.5501, loss: 0.5501
2026-09-01 12:19:52,700 - pyskl - INFO - Epoch [8][5200/5537]	lr: 1.884e-02, eta: 3 days, 7:52:05, time: 3.474, data_time: 0.000, memory: 5243, top1_acc: 0.8203, top5_acc: 0.9734, loss_cls: 0.5626, loss: 0.5626
2026-09-01 12:25:40,113 - pyskl - INFO - Epoch [8][5300/5537]	lr: 1.881e-02, eta: 3 days, 7:47:31, time: 3.474, data_time: 0.000, memory: 5243, top1_acc: 0.8284, top5_acc: 0.9766, loss_cls: 0.5447, loss: 0.5447
2026-09-01 12:31:27,942 - pyskl - INFO - Epoch [8][5400/5537]	lr: 1.879e-02, eta: 3 days, 7:42:56, time: 3.478, data_time: 0.000, memory: 5243, top1_acc: 0.8428, top5_acc: 0.9819, loss_cls: 0.5130, loss: 0.5130
2026-09-01 12:37:15,240 - pyskl - INFO - Epoch [8][5500/5537]	lr: 1.876e-02, eta: 3 days, 7:38:21, time: 3.473, data_time: 0.000, memory: 5243, top1_acc: 0.8309, top5_acc: 0.9722, loss_cls: 0.5436, loss: 0.5436
2026-09-01 12:39:23,828 - pyskl - INFO - Saving checkpoint at 8 epochs
2026-09-01 12:48:30,561 - pyskl - INFO - Evaluating top_k_accuracy ...
2026-09-01 12:48:30,579 - pyskl - INFO - 
top1_acc	0.8049
top5_acc	0.9646
2026-09-01 12:48:30,580 - pyskl - INFO - The previous best checkpoint D:\YXJProject\pythonProject\pyskl\work_dirs\aug_baseline\stgcnpp_j\train\A3_coord_noise_e24\best_top1_acc_epoch_6.pth was removed
2026-09-01 12:48:30,727 - pyskl - INFO - Now best checkpoint is saved as best_top1_acc_epoch_8.pth.
2026-09-01 12:48:30,727 - pyskl - INFO - Best top1_acc is 0.8049 at 8 epoch.
2026-09-01 12:48:30,728 - pyskl - INFO - Epoch(val) [8][146]	top1_acc: 0.8049, top5_acc: 0.9646
2026-09-01 12:54:37,355 - pyskl - INFO - Epoch [9][100/5537]	lr: 1.872e-02, eta: 3 days, 7:28:25, time: 3.666, data_time: 0.208, memory: 5243, top1_acc: 0.8303, top5_acc: 0.9731, loss_cls: 0.5294, loss: 0.5294
2026-09-01 13:00:20,503 - pyskl - INFO - Epoch [9][200/5537]	lr: 1.870e-02, eta: 3 days, 7:23:41, time: 3.431, data_time: 0.000, memory: 5243, top1_acc: 0.8278, top5_acc: 0.9781, loss_cls: 0.5456, loss: 0.5456
2026-09-01 13:06:04,919 - pyskl - INFO - Epoch [9][300/5537]	lr: 1.867e-02, eta: 3 days, 7:18:59, time: 3.444, data_time: 0.000, memory: 5243, top1_acc: 0.8237, top5_acc: 0.9678, loss_cls: 0.5723, loss: 0.5723
2026-09-01 13:11:50,114 - pyskl - INFO - Epoch [9][400/5537]	lr: 1.865e-02, eta: 3 days, 7:14:19, time: 3.452, data_time: 0.000, memory: 5243, top1_acc: 0.8428, top5_acc: 0.9794, loss_cls: 0.4996, loss: 0.4996
2026-09-01 13:17:35,041 - pyskl - INFO - Epoch [9][500/5537]	lr: 1.862e-02, eta: 3 days, 7:09:38, time: 3.449, data_time: 0.000, memory: 5243, top1_acc: 0.8256, top5_acc: 0.9731, loss_cls: 0.5741, loss: 0.5741
2026-09-01 13:23:20,059 - pyskl - INFO - Epoch [9][600/5537]	lr: 1.860e-02, eta: 3 days, 7:04:56, time: 3.450, data_time: 0.000, memory: 5243, top1_acc: 0.8403, top5_acc: 0.9753, loss_cls: 0.5220, loss: 0.5220
2026-09-01 13:29:04,862 - pyskl - INFO - Epoch [9][700/5537]	lr: 1.857e-02, eta: 3 days, 7:00:14, time: 3.448, data_time: 0.000, memory: 5243, top1_acc: 0.8378, top5_acc: 0.9800, loss_cls: 0.5279, loss: 0.5279
2026-09-01 13:34:49,807 - pyskl - INFO - Epoch [9][800/5537]	lr: 1.854e-02, eta: 3 days, 6:55:32, time: 3.449, data_time: 0.000, memory: 5243, top1_acc: 0.8466, top5_acc: 0.9794, loss_cls: 0.4975, loss: 0.4975
2026-09-01 13:40:33,265 - pyskl - INFO - Epoch [9][900/5537]	lr: 1.852e-02, eta: 3 days, 6:50:47, time: 3.435, data_time: 0.000, memory: 5243, top1_acc: 0.8325, top5_acc: 0.9762, loss_cls: 0.5359, loss: 0.5359
2026-09-01 13:46:17,314 - pyskl - INFO - Epoch [9][1000/5537]	lr: 1.849e-02, eta: 3 days, 6:46:03, time: 3.440, data_time: 0.000, memory: 5243, top1_acc: 0.8300, top5_acc: 0.9738, loss_cls: 0.5456, loss: 0.5456
2026-09-01 13:52:02,686 - pyskl - INFO - Epoch [9][1100/5537]	lr: 1.847e-02, eta: 3 days, 6:41:21, time: 3.454, data_time: 0.000, memory: 5243, top1_acc: 0.8194, top5_acc: 0.9753, loss_cls: 0.5735, loss: 0.5735
2026-09-01 13:57:47,308 - pyskl - INFO - Epoch [9][1200/5537]	lr: 1.844e-02, eta: 3 days, 6:36:37, time: 3.446, data_time: 0.000, memory: 5243, top1_acc: 0.8406, top5_acc: 0.9772, loss_cls: 0.5145, loss: 0.5145
2026-09-01 14:03:32,251 - pyskl - INFO - Epoch [9][1300/5537]	lr: 1.841e-02, eta: 3 days, 6:31:54, time: 3.449, data_time: 0.000, memory: 5243, top1_acc: 0.8300, top5_acc: 0.9772, loss_cls: 0.5381, loss: 0.5381
2026-09-01 14:09:17,345 - pyskl - INFO - Epoch [9][1400/5537]	lr: 1.839e-02, eta: 3 days, 6:27:10, time: 3.451, data_time: 0.000, memory: 5243, top1_acc: 0.8419, top5_acc: 0.9794, loss_cls: 0.5057, loss: 0.5057
2026-09-01 14:15:02,346 - pyskl - INFO - Epoch [9][1500/5537]	lr: 1.836e-02, eta: 3 days, 6:22:26, time: 3.450, data_time: 0.000, memory: 5243, top1_acc: 0.8322, top5_acc: 0.9769, loss_cls: 0.5375, loss: 0.5375
2026-09-01 14:20:47,569 - pyskl - INFO - Epoch [9][1600/5537]	lr: 1.834e-02, eta: 3 days, 6:17:43, time: 3.452, data_time: 0.000, memory: 5243, top1_acc: 0.8353, top5_acc: 0.9738, loss_cls: 0.5401, loss: 0.5401
2026-09-01 14:26:32,864 - pyskl - INFO - Epoch [9][1700/5537]	lr: 1.831e-02, eta: 3 days, 6:12:59, time: 3.453, data_time: 0.000, memory: 5243, top1_acc: 0.8344, top5_acc: 0.9706, loss_cls: 0.5595, loss: 0.5595
2026-09-01 14:32:18,178 - pyskl - INFO - Epoch [9][1800/5537]	lr: 1.828e-02, eta: 3 days, 6:08:15, time: 3.453, data_time: 0.000, memory: 5243, top1_acc: 0.8394, top5_acc: 0.9759, loss_cls: 0.5287, loss: 0.5287
2026-09-01 14:38:03,310 - pyskl - INFO - Epoch [9][1900/5537]	lr: 1.826e-02, eta: 3 days, 6:03:30, time: 3.451, data_time: 0.000, memory: 5243, top1_acc: 0.8334, top5_acc: 0.9753, loss_cls: 0.5468, loss: 0.5468
2026-09-01 14:43:48,842 - pyskl - INFO - Epoch [9][2000/5537]	lr: 1.823e-02, eta: 3 days, 5:58:46, time: 3.455, data_time: 0.000, memory: 5243, top1_acc: 0.8428, top5_acc: 0.9753, loss_cls: 0.5204, loss: 0.5204
2026-09-01 14:49:33,794 - pyskl - INFO - Epoch [9][2100/5537]	lr: 1.821e-02, eta: 3 days, 5:54:01, time: 3.450, data_time: 0.000, memory: 5243, top1_acc: 0.8444, top5_acc: 0.9784, loss_cls: 0.4997, loss: 0.4997
2026-09-01 14:55:18,935 - pyskl - INFO - Epoch [9][2200/5537]	lr: 1.818e-02, eta: 3 days, 5:49:15, time: 3.451, data_time: 0.000, memory: 5243, top1_acc: 0.8319, top5_acc: 0.9753, loss_cls: 0.5403, loss: 0.5403
2026-09-01 15:01:04,404 - pyskl - INFO - Epoch [9][2300/5537]	lr: 1.815e-02, eta: 3 days, 5:44:30, time: 3.455, data_time: 0.000, memory: 5243, top1_acc: 0.8481, top5_acc: 0.9756, loss_cls: 0.5106, loss: 0.5106
2026-09-01 15:06:49,602 - pyskl - INFO - Epoch [9][2400/5537]	lr: 1.813e-02, eta: 3 days, 5:39:44, time: 3.452, data_time: 0.000, memory: 5243, top1_acc: 0.8313, top5_acc: 0.9753, loss_cls: 0.5437, loss: 0.5437
2026-09-01 15:12:34,291 - pyskl - INFO - Epoch [9][2500/5537]	lr: 1.810e-02, eta: 3 days, 5:34:57, time: 3.447, data_time: 0.000, memory: 5243, top1_acc: 0.8441, top5_acc: 0.9803, loss_cls: 0.5135, loss: 0.5135
2026-09-01 15:18:19,323 - pyskl - INFO - Epoch [9][2600/5537]	lr: 1.807e-02, eta: 3 days, 5:30:11, time: 3.450, data_time: 0.000, memory: 5243, top1_acc: 0.8278, top5_acc: 0.9741, loss_cls: 0.5453, loss: 0.5453
2026-09-01 15:24:04,542 - pyskl - INFO - Epoch [9][2700/5537]	lr: 1.805e-02, eta: 3 days, 5:25:24, time: 3.452, data_time: 0.000, memory: 5243, top1_acc: 0.8438, top5_acc: 0.9784, loss_cls: 0.5257, loss: 0.5257
2026-09-01 15:29:49,819 - pyskl - INFO - Epoch [9][2800/5537]	lr: 1.802e-02, eta: 3 days, 5:20:37, time: 3.453, data_time: 0.000, memory: 5243, top1_acc: 0.8428, top5_acc: 0.9766, loss_cls: 0.5249, loss: 0.5249
2026-09-01 15:35:34,579 - pyskl - INFO - Epoch [9][2900/5537]	lr: 1.799e-02, eta: 3 days, 5:15:50, time: 3.448, data_time: 0.000, memory: 5243, top1_acc: 0.8247, top5_acc: 0.9684, loss_cls: 0.5813, loss: 0.5813
2026-09-01 15:41:17,784 - pyskl - INFO - Epoch [9][3000/5537]	lr: 1.797e-02, eta: 3 days, 5:10:59, time: 3.432, data_time: 0.000, memory: 5243, top1_acc: 0.8250, top5_acc: 0.9716, loss_cls: 0.5588, loss: 0.5588
2026-09-01 15:47:01,890 - pyskl - INFO - Epoch [9][3100/5537]	lr: 1.794e-02, eta: 3 days, 5:06:09, time: 3.441, data_time: 0.000, memory: 5243, top1_acc: 0.8378, top5_acc: 0.9756, loss_cls: 0.5147, loss: 0.5147
2026-09-01 15:52:46,365 - pyskl - INFO - Epoch [9][3200/5537]	lr: 1.791e-02, eta: 3 days, 5:01:20, time: 3.445, data_time: 0.000, memory: 5243, top1_acc: 0.8328, top5_acc: 0.9775, loss_cls: 0.5175, loss: 0.5175
2026-09-01 15:58:30,962 - pyskl - INFO - Epoch [9][3300/5537]	lr: 1.789e-02, eta: 3 days, 4:56:31, time: 3.446, data_time: 0.000, memory: 5243, top1_acc: 0.8384, top5_acc: 0.9716, loss_cls: 0.5494, loss: 0.5494
2026-09-01 16:04:16,236 - pyskl - INFO - Epoch [9][3400/5537]	lr: 1.786e-02, eta: 3 days, 4:51:43, time: 3.453, data_time: 0.000, memory: 5243, top1_acc: 0.8425, top5_acc: 0.9747, loss_cls: 0.5202, loss: 0.5202
2026-09-01 16:10:02,074 - pyskl - INFO - Epoch [9][3500/5537]	lr: 1.783e-02, eta: 3 days, 4:46:56, time: 3.458, data_time: 0.000, memory: 5243, top1_acc: 0.8456, top5_acc: 0.9794, loss_cls: 0.5032, loss: 0.5032
2026-09-01 16:15:46,167 - pyskl - INFO - Epoch [9][3600/5537]	lr: 1.781e-02, eta: 3 days, 4:42:05, time: 3.441, data_time: 0.000, memory: 5243, top1_acc: 0.8353, top5_acc: 0.9747, loss_cls: 0.5295, loss: 0.5295
2026-09-01 16:21:29,144 - pyskl - INFO - Epoch [9][3700/5537]	lr: 1.778e-02, eta: 3 days, 4:37:12, time: 3.430, data_time: 0.000, memory: 5243, top1_acc: 0.8422, top5_acc: 0.9797, loss_cls: 0.4899, loss: 0.4899
2026-09-01 16:27:13,255 - pyskl - INFO - Epoch [9][3800/5537]	lr: 1.775e-02, eta: 3 days, 4:32:21, time: 3.441, data_time: 0.000, memory: 5243, top1_acc: 0.8278, top5_acc: 0.9738, loss_cls: 0.5586, loss: 0.5586
2026-09-01 16:32:57,351 - pyskl - INFO - Epoch [9][3900/5537]	lr: 1.773e-02, eta: 3 days, 4:27:30, time: 3.441, data_time: 0.000, memory: 5243, top1_acc: 0.8344, top5_acc: 0.9769, loss_cls: 0.5362, loss: 0.5362
2026-09-01 16:38:41,424 - pyskl - INFO - Epoch [9][4000/5537]	lr: 1.770e-02, eta: 3 days, 4:22:38, time: 3.441, data_time: 0.000, memory: 5243, top1_acc: 0.8337, top5_acc: 0.9766, loss_cls: 0.5222, loss: 0.5222
2026-09-01 16:44:25,117 - pyskl - INFO - Epoch [9][4100/5537]	lr: 1.767e-02, eta: 3 days, 4:17:46, time: 3.437, data_time: 0.000, memory: 5243, top1_acc: 0.8356, top5_acc: 0.9775, loss_cls: 0.5322, loss: 0.5322
2026-09-01 16:50:09,886 - pyskl - INFO - Epoch [9][4200/5537]	lr: 1.765e-02, eta: 3 days, 4:12:55, time: 3.448, data_time: 0.000, memory: 5243, top1_acc: 0.8481, top5_acc: 0.9791, loss_cls: 0.4949, loss: 0.4949
2026-09-01 16:55:54,810 - pyskl - INFO - Epoch [9][4300/5537]	lr: 1.762e-02, eta: 3 days, 4:08:04, time: 3.449, data_time: 0.000, memory: 5243, top1_acc: 0.8359, top5_acc: 0.9753, loss_cls: 0.5161, loss: 0.5161
2026-09-01 17:01:39,692 - pyskl - INFO - Epoch [9][4400/5537]	lr: 1.759e-02, eta: 3 days, 4:03:13, time: 3.449, data_time: 0.000, memory: 5243, top1_acc: 0.8431, top5_acc: 0.9725, loss_cls: 0.5283, loss: 0.5283
2026-09-01 17:07:25,019 - pyskl - INFO - Epoch [9][4500/5537]	lr: 1.757e-02, eta: 3 days, 3:58:22, time: 3.453, data_time: 0.000, memory: 5243, top1_acc: 0.8531, top5_acc: 0.9781, loss_cls: 0.4926, loss: 0.4926
2026-09-01 17:13:09,436 - pyskl - INFO - Epoch [9][4600/5537]	lr: 1.754e-02, eta: 3 days, 3:53:30, time: 3.444, data_time: 0.000, memory: 5243, top1_acc: 0.8350, top5_acc: 0.9806, loss_cls: 0.5251, loss: 0.5251
2026-09-01 17:18:54,094 - pyskl - INFO - Epoch [9][4700/5537]	lr: 1.751e-02, eta: 3 days, 3:48:38, time: 3.447, data_time: 0.000, memory: 5243, top1_acc: 0.8512, top5_acc: 0.9756, loss_cls: 0.5041, loss: 0.5041
2026-09-01 17:24:38,639 - pyskl - INFO - Epoch [9][4800/5537]	lr: 1.748e-02, eta: 3 days, 3:43:45, time: 3.445, data_time: 0.000, memory: 5243, top1_acc: 0.8441, top5_acc: 0.9772, loss_cls: 0.5007, loss: 0.5007
2026-09-01 17:30:23,431 - pyskl - INFO - Epoch [9][4900/5537]	lr: 1.746e-02, eta: 3 days, 3:38:53, time: 3.448, data_time: 0.000, memory: 5243, top1_acc: 0.8453, top5_acc: 0.9759, loss_cls: 0.5225, loss: 0.5225
2026-09-01 17:36:08,367 - pyskl - INFO - Epoch [9][5000/5537]	lr: 1.743e-02, eta: 3 days, 3:34:01, time: 3.449, data_time: 0.000, memory: 5243, top1_acc: 0.8475, top5_acc: 0.9722, loss_cls: 0.5057, loss: 0.5057
2026-09-01 17:41:53,869 - pyskl - INFO - Epoch [9][5100/5537]	lr: 1.740e-02, eta: 3 days, 3:29:09, time: 3.455, data_time: 0.000, memory: 5243, top1_acc: 0.8328, top5_acc: 0.9731, loss_cls: 0.5254, loss: 0.5254
2026-09-01 17:47:39,214 - pyskl - INFO - Epoch [9][5200/5537]	lr: 1.738e-02, eta: 3 days, 3:24:17, time: 3.453, data_time: 0.000, memory: 5243, top1_acc: 0.8450, top5_acc: 0.9788, loss_cls: 0.5213, loss: 0.5213
2026-09-01 17:53:24,702 - pyskl - INFO - Epoch [9][5300/5537]	lr: 1.735e-02, eta: 3 days, 3:19:25, time: 3.455, data_time: 0.000, memory: 5243, top1_acc: 0.8300, top5_acc: 0.9738, loss_cls: 0.5427, loss: 0.5427
2026-09-01 17:59:09,939 - pyskl - INFO - Epoch [9][5400/5537]	lr: 1.732e-02, eta: 3 days, 3:14:33, time: 3.452, data_time: 0.000, memory: 5243, top1_acc: 0.8341, top5_acc: 0.9772, loss_cls: 0.5257, loss: 0.5257
2026-09-01 18:04:55,178 - pyskl - INFO - Epoch [9][5500/5537]	lr: 1.729e-02, eta: 3 days, 3:09:40, time: 3.452, data_time: 0.000, memory: 5243, top1_acc: 0.8506, top5_acc: 0.9797, loss_cls: 0.4924, loss: 0.4924
2026-09-01 18:07:02,728 - pyskl - INFO - Saving checkpoint at 9 epochs
2026-09-01 18:16:08,375 - pyskl - INFO - Evaluating top_k_accuracy ...
2026-09-01 18:16:08,393 - pyskl - INFO - 
top1_acc	0.7860
top5_acc	0.9652
2026-09-01 18:16:08,395 - pyskl - INFO - Epoch(val) [9][146]	top1_acc: 0.7860, top5_acc: 0.9652
2026-09-01 18:22:05,435 - pyskl - INFO - Epoch [10][100/5537]	lr: 1.726e-02, eta: 3 days, 2:59:46, time: 3.570, data_time: 0.108, memory: 5243, top1_acc: 0.8372, top5_acc: 0.9778, loss_cls: 0.5169, loss: 0.5169
2026-09-01 18:27:49,296 - pyskl - INFO - Epoch [10][200/5537]	lr: 1.723e-02, eta: 3 days, 2:54:51, time: 3.439, data_time: 0.000, memory: 5243, top1_acc: 0.8272, top5_acc: 0.9747, loss_cls: 0.5477, loss: 0.5477
2026-09-01 18:33:33,838 - pyskl - INFO - Epoch [10][300/5537]	lr: 1.720e-02, eta: 3 days, 2:49:57, time: 3.445, data_time: 0.000, memory: 5243, top1_acc: 0.8462, top5_acc: 0.9797, loss_cls: 0.5077, loss: 0.5077
2026-09-01 18:39:18,982 - pyskl - INFO - Epoch [10][400/5537]	lr: 1.717e-02, eta: 3 days, 2:45:03, time: 3.451, data_time: 0.000, memory: 5243, top1_acc: 0.8409, top5_acc: 0.9788, loss_cls: 0.5115, loss: 0.5115
2026-09-01 18:45:04,491 - pyskl - INFO - Epoch [10][500/5537]	lr: 1.715e-02, eta: 3 days, 2:40:11, time: 3.455, data_time: 0.000, memory: 5243, top1_acc: 0.8456, top5_acc: 0.9791, loss_cls: 0.4999, loss: 0.4999
2026-09-01 18:50:49,851 - pyskl - INFO - Epoch [10][600/5537]	lr: 1.712e-02, eta: 3 days, 2:35:17, time: 3.454, data_time: 0.000, memory: 5243, top1_acc: 0.8553, top5_acc: 0.9819, loss_cls: 0.4752, loss: 0.4752
2026-09-01 18:56:35,258 - pyskl - INFO - Epoch [10][700/5537]	lr: 1.709e-02, eta: 3 days, 2:30:24, time: 3.454, data_time: 0.000, memory: 5243, top1_acc: 0.8334, top5_acc: 0.9788, loss_cls: 0.5294, loss: 0.5294
2026-09-01 19:02:20,453 - pyskl - INFO - Epoch [10][800/5537]	lr: 1.706e-02, eta: 3 days, 2:25:30, time: 3.452, data_time: 0.000, memory: 5243, top1_acc: 0.8409, top5_acc: 0.9747, loss_cls: 0.5178, loss: 0.5178
2026-09-01 19:08:05,866 - pyskl - INFO - Epoch [10][900/5537]	lr: 1.704e-02, eta: 3 days, 2:20:36, time: 3.454, data_time: 0.000, memory: 5243, top1_acc: 0.8397, top5_acc: 0.9775, loss_cls: 0.5080, loss: 0.5080
2026-09-01 19:13:49,492 - pyskl - INFO - Epoch [10][1000/5537]	lr: 1.701e-02, eta: 3 days, 2:15:39, time: 3.436, data_time: 0.000, memory: 5243, top1_acc: 0.8387, top5_acc: 0.9772, loss_cls: 0.5206, loss: 0.5206
2026-09-01 19:19:34,112 - pyskl - INFO - Epoch [10][1100/5537]	lr: 1.698e-02, eta: 3 days, 2:10:43, time: 3.446, data_time: 0.000, memory: 5243, top1_acc: 0.8363, top5_acc: 0.9781, loss_cls: 0.5108, loss: 0.5108
2026-09-01 19:25:18,378 - pyskl - INFO - Epoch [10][1200/5537]	lr: 1.695e-02, eta: 3 days, 2:05:47, time: 3.443, data_time: 0.000, memory: 5243, top1_acc: 0.8422, top5_acc: 0.9791, loss_cls: 0.5043, loss: 0.5043
2026-09-01 19:31:02,713 - pyskl - INFO - Epoch [10][1300/5537]	lr: 1.693e-02, eta: 3 days, 2:00:51, time: 3.443, data_time: 0.000, memory: 5243, top1_acc: 0.8459, top5_acc: 0.9800, loss_cls: 0.4991, loss: 0.4991
2026-09-01 19:36:47,870 - pyskl - INFO - Epoch [10][1400/5537]	lr: 1.690e-02, eta: 3 days, 1:55:55, time: 3.452, data_time: 0.000, memory: 5243, top1_acc: 0.8500, top5_acc: 0.9778, loss_cls: 0.5004, loss: 0.5004
2026-09-01 19:42:32,475 - pyskl - INFO - Epoch [10][1500/5537]	lr: 1.687e-02, eta: 3 days, 1:50:59, time: 3.446, data_time: 0.000, memory: 5243, top1_acc: 0.8356, top5_acc: 0.9759, loss_cls: 0.5250, loss: 0.5250
2026-09-01 19:48:16,948 - pyskl - INFO - Epoch [10][1600/5537]	lr: 1.684e-02, eta: 3 days, 1:46:02, time: 3.445, data_time: 0.000, memory: 5243, top1_acc: 0.8341, top5_acc: 0.9822, loss_cls: 0.5031, loss: 0.5031
2026-09-01 19:54:01,826 - pyskl - INFO - Epoch [10][1700/5537]	lr: 1.682e-02, eta: 3 days, 1:41:06, time: 3.449, data_time: 0.000, memory: 5243, top1_acc: 0.8444, top5_acc: 0.9784, loss_cls: 0.5005, loss: 0.5005
2026-09-01 19:59:46,216 - pyskl - INFO - Epoch [10][1800/5537]	lr: 1.679e-02, eta: 3 days, 1:36:09, time: 3.444, data_time: 0.000, memory: 5243, top1_acc: 0.8459, top5_acc: 0.9772, loss_cls: 0.5035, loss: 0.5035
2026-09-01 20:05:30,959 - pyskl - INFO - Epoch [10][1900/5537]	lr: 1.676e-02, eta: 3 days, 1:31:12, time: 3.447, data_time: 0.000, memory: 5243, top1_acc: 0.8428, top5_acc: 0.9806, loss_cls: 0.4996, loss: 0.4996
2026-09-01 20:11:16,032 - pyskl - INFO - Epoch [10][2000/5537]	lr: 1.673e-02, eta: 3 days, 1:26:16, time: 3.451, data_time: 0.000, memory: 5243, top1_acc: 0.8425, top5_acc: 0.9797, loss_cls: 0.5022, loss: 0.5022
2026-09-01 20:17:00,082 - pyskl - INFO - Epoch [10][2100/5537]	lr: 1.670e-02, eta: 3 days, 1:21:17, time: 3.441, data_time: 0.000, memory: 5243, top1_acc: 0.8512, top5_acc: 0.9794, loss_cls: 0.4914, loss: 0.4914
2026-09-01 20:22:44,888 - pyskl - INFO - Epoch [10][2200/5537]	lr: 1.668e-02, eta: 3 days, 1:16:20, time: 3.448, data_time: 0.000, memory: 5243, top1_acc: 0.8438, top5_acc: 0.9797, loss_cls: 0.5072, loss: 0.5072
2026-09-01 20:28:28,940 - pyskl - INFO - Epoch [10][2300/5537]	lr: 1.665e-02, eta: 3 days, 1:11:21, time: 3.441, data_time: 0.000, memory: 5243, top1_acc: 0.8447, top5_acc: 0.9788, loss_cls: 0.4990, loss: 0.4990
2026-09-01 20:34:13,300 - pyskl - INFO - Epoch [10][2400/5537]	lr: 1.662e-02, eta: 3 days, 1:06:23, time: 3.444, data_time: 0.000, memory: 5243, top1_acc: 0.8441, top5_acc: 0.9703, loss_cls: 0.5115, loss: 0.5115
2026-09-01 20:39:57,845 - pyskl - INFO - Epoch [10][2500/5537]	lr: 1.659e-02, eta: 3 days, 1:01:25, time: 3.445, data_time: 0.000, memory: 5243, top1_acc: 0.8444, top5_acc: 0.9753, loss_cls: 0.5064, loss: 0.5064
2026-09-01 20:45:42,436 - pyskl - INFO - Epoch [10][2600/5537]	lr: 1.657e-02, eta: 3 days, 0:56:26, time: 3.446, data_time: 0.000, memory: 5243, top1_acc: 0.8478, top5_acc: 0.9828, loss_cls: 0.4838, loss: 0.4838
2026-09-01 20:51:26,891 - pyskl - INFO - Epoch [10][2700/5537]	lr: 1.654e-02, eta: 3 days, 0:51:28, time: 3.445, data_time: 0.000, memory: 5243, top1_acc: 0.8391, top5_acc: 0.9772, loss_cls: 0.5141, loss: 0.5141
2026-09-01 20:57:11,578 - pyskl - INFO - Epoch [10][2800/5537]	lr: 1.651e-02, eta: 3 days, 0:46:29, time: 3.447, data_time: 0.000, memory: 5243, top1_acc: 0.8575, top5_acc: 0.9803, loss_cls: 0.4607, loss: 0.4607
2026-09-01 21:02:56,260 - pyskl - INFO - Epoch [10][2900/5537]	lr: 1.648e-02, eta: 3 days, 0:41:30, time: 3.447, data_time: 0.000, memory: 5243, top1_acc: 0.8609, top5_acc: 0.9806, loss_cls: 0.4518, loss: 0.4518
2026-09-01 21:08:41,694 - pyskl - INFO - Epoch [10][3000/5537]	lr: 1.645e-02, eta: 3 days, 0:36:33, time: 3.454, data_time: 0.000, memory: 5243, top1_acc: 0.8500, top5_acc: 0.9809, loss_cls: 0.4930, loss: 0.4930
2026-09-01 21:14:26,266 - pyskl - INFO - Epoch [10][3100/5537]	lr: 1.643e-02, eta: 3 days, 0:31:33, time: 3.446, data_time: 0.000, memory: 5243, top1_acc: 0.8406, top5_acc: 0.9744, loss_cls: 0.5146, loss: 0.5146
2026-09-01 21:20:11,396 - pyskl - INFO - Epoch [10][3200/5537]	lr: 1.640e-02, eta: 3 days, 0:26:35, time: 3.451, data_time: 0.000, memory: 5243, top1_acc: 0.8425, top5_acc: 0.9778, loss_cls: 0.5044, loss: 0.5044
2026-09-01 21:25:56,031 - pyskl - INFO - Epoch [10][3300/5537]	lr: 1.637e-02, eta: 3 days, 0:21:35, time: 3.446, data_time: 0.000, memory: 5243, top1_acc: 0.8528, top5_acc: 0.9775, loss_cls: 0.4824, loss: 0.4824
2026-09-01 21:31:41,523 - pyskl - INFO - Epoch [10][3400/5537]	lr: 1.634e-02, eta: 3 days, 0:16:37, time: 3.455, data_time: 0.000, memory: 5243, top1_acc: 0.8438, top5_acc: 0.9778, loss_cls: 0.5081, loss: 0.5081
2026-09-01 21:37:26,821 - pyskl - INFO - Epoch [10][3500/5537]	lr: 1.631e-02, eta: 3 days, 0:11:38, time: 3.453, data_time: 0.000, memory: 5243, top1_acc: 0.8525, top5_acc: 0.9769, loss_cls: 0.4823, loss: 0.4823
2026-09-01 21:43:11,921 - pyskl - INFO - Epoch [10][3600/5537]	lr: 1.628e-02, eta: 3 days, 0:06:39, time: 3.451, data_time: 0.000, memory: 5243, top1_acc: 0.8541, top5_acc: 0.9828, loss_cls: 0.4685, loss: 0.4685
2026-09-01 21:48:56,770 - pyskl - INFO - Epoch [10][3700/5537]	lr: 1.626e-02, eta: 3 days, 0:01:39, time: 3.448, data_time: 0.000, memory: 5243, top1_acc: 0.8472, top5_acc: 0.9803, loss_cls: 0.4849, loss: 0.4849
2026-09-01 21:54:41,873 - pyskl - INFO - Epoch [10][3800/5537]	lr: 1.623e-02, eta: 2 days, 23:56:39, time: 3.451, data_time: 0.000, memory: 5243, top1_acc: 0.8541, top5_acc: 0.9816, loss_cls: 0.4673, loss: 0.4673
2026-09-01 22:00:26,692 - pyskl - INFO - Epoch [10][3900/5537]	lr: 1.620e-02, eta: 2 days, 23:51:39, time: 3.448, data_time: 0.000, memory: 5243, top1_acc: 0.8397, top5_acc: 0.9784, loss_cls: 0.4922, loss: 0.4922
2026-09-01 22:06:11,759 - pyskl - INFO - Epoch [10][4000/5537]	lr: 1.617e-02, eta: 2 days, 23:46:39, time: 3.451, data_time: 0.000, memory: 5243, top1_acc: 0.8644, top5_acc: 0.9806, loss_cls: 0.4448, loss: 0.4448
2026-09-01 22:11:57,120 - pyskl - INFO - Epoch [10][4100/5537]	lr: 1.614e-02, eta: 2 days, 23:41:39, time: 3.454, data_time: 0.000, memory: 5243, top1_acc: 0.8444, top5_acc: 0.9769, loss_cls: 0.5140, loss: 0.5140
2026-09-01 22:17:42,090 - pyskl - INFO - Epoch [10][4200/5537]	lr: 1.612e-02, eta: 2 days, 23:36:39, time: 3.450, data_time: 0.000, memory: 5243, top1_acc: 0.8444, top5_acc: 0.9834, loss_cls: 0.4903, loss: 0.4903
2026-09-01 22:23:26,408 - pyskl - INFO - Epoch [10][4300/5537]	lr: 1.609e-02, eta: 2 days, 23:31:37, time: 3.443, data_time: 0.000, memory: 5243, top1_acc: 0.8509, top5_acc: 0.9784, loss_cls: 0.4899, loss: 0.4899
2026-09-01 22:29:11,110 - pyskl - INFO - Epoch [10][4400/5537]	lr: 1.606e-02, eta: 2 days, 23:26:36, time: 3.447, data_time: 0.000, memory: 5243, top1_acc: 0.8572, top5_acc: 0.9769, loss_cls: 0.4763, loss: 0.4763
2026-09-01 22:34:55,840 - pyskl - INFO - Epoch [10][4500/5537]	lr: 1.603e-02, eta: 2 days, 23:21:34, time: 3.447, data_time: 0.000, memory: 5243, top1_acc: 0.8522, top5_acc: 0.9791, loss_cls: 0.4853, loss: 0.4853
2026-09-01 22:40:40,891 - pyskl - INFO - Epoch [10][4600/5537]	lr: 1.600e-02, eta: 2 days, 23:16:33, time: 3.451, data_time: 0.000, memory: 5243, top1_acc: 0.8500, top5_acc: 0.9731, loss_cls: 0.4911, loss: 0.4911
2026-09-01 22:46:25,554 - pyskl - INFO - Epoch [10][4700/5537]	lr: 1.597e-02, eta: 2 days, 23:11:32, time: 3.447, data_time: 0.000, memory: 5243, top1_acc: 0.8594, top5_acc: 0.9788, loss_cls: 0.4744, loss: 0.4744
2026-09-01 22:52:11,081 - pyskl - INFO - Epoch [10][4800/5537]	lr: 1.595e-02, eta: 2 days, 23:06:31, time: 3.455, data_time: 0.000, memory: 5243, top1_acc: 0.8538, top5_acc: 0.9766, loss_cls: 0.4754, loss: 0.4754
2026-09-01 22:57:56,505 - pyskl - INFO - Epoch [10][4900/5537]	lr: 1.592e-02, eta: 2 days, 23:01:30, time: 3.454, data_time: 0.000, memory: 5243, top1_acc: 0.8541, top5_acc: 0.9822, loss_cls: 0.4673, loss: 0.4673
2026-09-01 23:03:42,557 - pyskl - INFO - Epoch [10][5000/5537]	lr: 1.589e-02, eta: 2 days, 22:56:30, time: 3.461, data_time: 0.000, memory: 5243, top1_acc: 0.8562, top5_acc: 0.9800, loss_cls: 0.4772, loss: 0.4772
2026-09-01 23:09:26,801 - pyskl - INFO - Epoch [10][5100/5537]	lr: 1.586e-02, eta: 2 days, 22:51:27, time: 3.442, data_time: 0.000, memory: 5243, top1_acc: 0.8491, top5_acc: 0.9831, loss_cls: 0.4891, loss: 0.4891
2026-09-01 23:15:12,280 - pyskl - INFO - Epoch [10][5200/5537]	lr: 1.583e-02, eta: 2 days, 22:46:25, time: 3.455, data_time: 0.000, memory: 5243, top1_acc: 0.8572, top5_acc: 0.9781, loss_cls: 0.4711, loss: 0.4711
2026-09-01 23:20:57,098 - pyskl - INFO - Epoch [10][5300/5537]	lr: 1.580e-02, eta: 2 days, 22:41:23, time: 3.448, data_time: 0.000, memory: 5243, top1_acc: 0.8369, top5_acc: 0.9791, loss_cls: 0.5077, loss: 0.5077
2026-09-01 23:26:41,556 - pyskl - INFO - Epoch [10][5400/5537]	lr: 1.577e-02, eta: 2 days, 22:36:20, time: 3.445, data_time: 0.000, memory: 5243, top1_acc: 0.8450, top5_acc: 0.9791, loss_cls: 0.4987, loss: 0.4987
2026-09-01 23:32:25,894 - pyskl - INFO - Epoch [10][5500/5537]	lr: 1.575e-02, eta: 2 days, 22:31:16, time: 3.443, data_time: 0.000, memory: 5243, top1_acc: 0.8478, top5_acc: 0.9750, loss_cls: 0.4859, loss: 0.4859
2026-09-01 23:34:33,671 - pyskl - INFO - Saving checkpoint at 10 epochs
2026-09-01 23:43:27,268 - pyskl - INFO - Evaluating top_k_accuracy ...
2026-09-01 23:43:27,287 - pyskl - INFO - 
top1_acc	0.7890
top5_acc	0.9648
2026-09-01 23:43:27,288 - pyskl - INFO - Epoch(val) [10][146]	top1_acc: 0.7890, top5_acc: 0.9648
2026-09-01 23:49:29,150 - pyskl - INFO - Epoch [11][100/5537]	lr: 1.571e-02, eta: 2 days, 22:21:47, time: 3.618, data_time: 0.108, memory: 5243, top1_acc: 0.8588, top5_acc: 0.9844, loss_cls: 0.4532, loss: 0.4532
2026-09-01 23:55:19,400 - pyskl - INFO - Epoch [11][200/5537]	lr: 1.568e-02, eta: 2 days, 22:16:52, time: 3.502, data_time: 0.000, memory: 5243, top1_acc: 0.8559, top5_acc: 0.9816, loss_cls: 0.4710, loss: 0.4710
2026-09-02 00:01:09,815 - pyskl - INFO - Epoch [11][300/5537]	lr: 1.565e-02, eta: 2 days, 22:11:57, time: 3.504, data_time: 0.000, memory: 5243, top1_acc: 0.8541, top5_acc: 0.9809, loss_cls: 0.4665, loss: 0.4665
2026-09-02 00:07:00,069 - pyskl - INFO - Epoch [11][400/5537]	lr: 1.562e-02, eta: 2 days, 22:07:01, time: 3.503, data_time: 0.000, memory: 5243, top1_acc: 0.8609, top5_acc: 0.9806, loss_cls: 0.4591, loss: 0.4591
2026-09-02 00:12:50,078 - pyskl - INFO - Epoch [11][500/5537]	lr: 1.559e-02, eta: 2 days, 22:02:05, time: 3.500, data_time: 0.000, memory: 5243, top1_acc: 0.8622, top5_acc: 0.9794, loss_cls: 0.4555, loss: 0.4555
2026-09-02 00:18:40,130 - pyskl - INFO - Epoch [11][600/5537]	lr: 1.556e-02, eta: 2 days, 21:57:09, time: 3.501, data_time: 0.000, memory: 5243, top1_acc: 0.8547, top5_acc: 0.9825, loss_cls: 0.4704, loss: 0.4704
2026-09-02 00:24:30,097 - pyskl - INFO - Epoch [11][700/5537]	lr: 1.554e-02, eta: 2 days, 21:52:12, time: 3.500, data_time: 0.000, memory: 5243, top1_acc: 0.8447, top5_acc: 0.9800, loss_cls: 0.4895, loss: 0.4895
2026-09-02 00:30:20,726 - pyskl - INFO - Epoch [11][800/5537]	lr: 1.551e-02, eta: 2 days, 21:47:17, time: 3.506, data_time: 0.000, memory: 5243, top1_acc: 0.8459, top5_acc: 0.9806, loss_cls: 0.4937, loss: 0.4937
2026-09-02 00:36:11,157 - pyskl - INFO - Epoch [11][900/5537]	lr: 1.548e-02, eta: 2 days, 21:42:20, time: 3.504, data_time: 0.000, memory: 5243, top1_acc: 0.8575, top5_acc: 0.9825, loss_cls: 0.4550, loss: 0.4550
2026-09-02 00:42:00,749 - pyskl - INFO - Epoch [11][1000/5537]	lr: 1.545e-02, eta: 2 days, 21:37:23, time: 3.496, data_time: 0.000, memory: 5243, top1_acc: 0.8544, top5_acc: 0.9834, loss_cls: 0.4790, loss: 0.4790
2026-09-02 00:47:50,797 - pyskl - INFO - Epoch [11][1100/5537]	lr: 1.542e-02, eta: 2 days, 21:32:26, time: 3.500, data_time: 0.000, memory: 5243, top1_acc: 0.8441, top5_acc: 0.9803, loss_cls: 0.4876, loss: 0.4876
2026-09-02 00:53:40,883 - pyskl - INFO - Epoch [11][1200/5537]	lr: 1.539e-02, eta: 2 days, 21:27:28, time: 3.501, data_time: 0.000, memory: 5243, top1_acc: 0.8612, top5_acc: 0.9800, loss_cls: 0.4490, loss: 0.4490
2026-09-02 00:59:31,151 - pyskl - INFO - Epoch [11][1300/5537]	lr: 1.536e-02, eta: 2 days, 21:22:31, time: 3.503, data_time: 0.000, memory: 5243, top1_acc: 0.8434, top5_acc: 0.9800, loss_cls: 0.4896, loss: 0.4896
2026-09-02 01:05:21,526 - pyskl - INFO - Epoch [11][1400/5537]	lr: 1.533e-02, eta: 2 days, 21:17:34, time: 3.504, data_time: 0.000, memory: 5243, top1_acc: 0.8619, top5_acc: 0.9862, loss_cls: 0.4496, loss: 0.4496
2026-09-02 01:11:12,152 - pyskl - INFO - Epoch [11][1500/5537]	lr: 1.531e-02, eta: 2 days, 21:12:37, time: 3.506, data_time: 0.000, memory: 5243, top1_acc: 0.8466, top5_acc: 0.9784, loss_cls: 0.5074, loss: 0.5074
2026-09-02 01:17:02,228 - pyskl - INFO - Epoch [11][1600/5537]	lr: 1.528e-02, eta: 2 days, 21:07:39, time: 3.501, data_time: 0.000, memory: 5243, top1_acc: 0.8622, top5_acc: 0.9831, loss_cls: 0.4523, loss: 0.4523
2026-09-02 01:22:52,374 - pyskl - INFO - Epoch [11][1700/5537]	lr: 1.525e-02, eta: 2 days, 21:02:41, time: 3.501, data_time: 0.000, memory: 5243, top1_acc: 0.8500, top5_acc: 0.9803, loss_cls: 0.4665, loss: 0.4665
2026-09-02 01:28:42,203 - pyskl - INFO - Epoch [11][1800/5537]	lr: 1.522e-02, eta: 2 days, 20:57:42, time: 3.498, data_time: 0.000, memory: 5243, top1_acc: 0.8603, top5_acc: 0.9806, loss_cls: 0.4484, loss: 0.4484
2026-09-02 01:34:31,644 - pyskl - INFO - Epoch [11][1900/5537]	lr: 1.519e-02, eta: 2 days, 20:52:43, time: 3.494, data_time: 0.000, memory: 5243, top1_acc: 0.8647, top5_acc: 0.9803, loss_cls: 0.4537, loss: 0.4537
2026-09-02 01:40:21,398 - pyskl - INFO - Epoch [11][2000/5537]	lr: 1.516e-02, eta: 2 days, 20:47:43, time: 3.498, data_time: 0.000, memory: 5243, top1_acc: 0.8531, top5_acc: 0.9800, loss_cls: 0.4970, loss: 0.4970
2026-09-02 01:46:11,455 - pyskl - INFO - Epoch [11][2100/5537]	lr: 1.513e-02, eta: 2 days, 20:42:45, time: 3.501, data_time: 0.000, memory: 5243, top1_acc: 0.8478, top5_acc: 0.9794, loss_cls: 0.4719, loss: 0.4719
2026-09-02 01:52:01,796 - pyskl - INFO - Epoch [11][2200/5537]	lr: 1.510e-02, eta: 2 days, 20:37:46, time: 3.503, data_time: 0.000, memory: 5243, top1_acc: 0.8506, top5_acc: 0.9731, loss_cls: 0.5043, loss: 0.5043
2026-09-02 01:57:52,013 - pyskl - INFO - Epoch [11][2300/5537]	lr: 1.507e-02, eta: 2 days, 20:32:47, time: 3.502, data_time: 0.000, memory: 5243, top1_acc: 0.8503, top5_acc: 0.9831, loss_cls: 0.4757, loss: 0.4757
2026-09-02 02:03:42,106 - pyskl - INFO - Epoch [11][2400/5537]	lr: 1.505e-02, eta: 2 days, 20:27:47, time: 3.501, data_time: 0.000, memory: 5243, top1_acc: 0.8491, top5_acc: 0.9844, loss_cls: 0.4660, loss: 0.4660
2026-09-02 02:09:32,660 - pyskl - INFO - Epoch [11][2500/5537]	lr: 1.502e-02, eta: 2 days, 20:22:48, time: 3.506, data_time: 0.000, memory: 5243, top1_acc: 0.8509, top5_acc: 0.9809, loss_cls: 0.4706, loss: 0.4706
2026-09-02 02:15:22,818 - pyskl - INFO - Epoch [11][2600/5537]	lr: 1.499e-02, eta: 2 days, 20:17:49, time: 3.502, data_time: 0.000, memory: 5243, top1_acc: 0.8525, top5_acc: 0.9800, loss_cls: 0.4691, loss: 0.4691
2026-09-02 02:21:12,677 - pyskl - INFO - Epoch [11][2700/5537]	lr: 1.496e-02, eta: 2 days, 20:12:48, time: 3.499, data_time: 0.000, memory: 5243, top1_acc: 0.8466, top5_acc: 0.9812, loss_cls: 0.4896, loss: 0.4896
2026-09-02 02:27:02,393 - pyskl - INFO - Epoch [11][2800/5537]	lr: 1.493e-02, eta: 2 days, 20:07:48, time: 3.497, data_time: 0.000, memory: 5243, top1_acc: 0.8638, top5_acc: 0.9819, loss_cls: 0.4490, loss: 0.4490
2026-09-02 02:32:52,355 - pyskl - INFO - Epoch [11][2900/5537]	lr: 1.490e-02, eta: 2 days, 20:02:47, time: 3.500, data_time: 0.000, memory: 5243, top1_acc: 0.8553, top5_acc: 0.9828, loss_cls: 0.4769, loss: 0.4769
2026-09-02 02:38:42,264 - pyskl - INFO - Epoch [11][3000/5537]	lr: 1.487e-02, eta: 2 days, 19:57:47, time: 3.499, data_time: 0.000, memory: 5243, top1_acc: 0.8603, top5_acc: 0.9803, loss_cls: 0.4583, loss: 0.4583
2026-09-02 02:44:32,305 - pyskl - INFO - Epoch [11][3100/5537]	lr: 1.484e-02, eta: 2 days, 19:52:46, time: 3.500, data_time: 0.000, memory: 5243, top1_acc: 0.8662, top5_acc: 0.9869, loss_cls: 0.4475, loss: 0.4475
2026-09-02 02:50:21,218 - pyskl - INFO - Epoch [11][3200/5537]	lr: 1.481e-02, eta: 2 days, 19:47:43, time: 3.489, data_time: 0.000, memory: 5243, top1_acc: 0.8544, top5_acc: 0.9834, loss_cls: 0.4576, loss: 0.4576
2026-09-02 02:56:09,876 - pyskl - INFO - Epoch [11][3300/5537]	lr: 1.478e-02, eta: 2 days, 19:42:41, time: 3.487, data_time: 0.000, memory: 5243, top1_acc: 0.8466, top5_acc: 0.9819, loss_cls: 0.4783, loss: 0.4783
2026-09-02 03:01:58,827 - pyskl - INFO - Epoch [11][3400/5537]	lr: 1.476e-02, eta: 2 days, 19:37:38, time: 3.489, data_time: 0.000, memory: 5243, top1_acc: 0.8656, top5_acc: 0.9791, loss_cls: 0.4467, loss: 0.4467
2026-09-02 03:07:47,846 - pyskl - INFO - Epoch [11][3500/5537]	lr: 1.473e-02, eta: 2 days, 19:32:35, time: 3.490, data_time: 0.000, memory: 5243, top1_acc: 0.8444, top5_acc: 0.9850, loss_cls: 0.4785, loss: 0.4785
2026-09-02 03:13:37,569 - pyskl - INFO - Epoch [11][3600/5537]	lr: 1.470e-02, eta: 2 days, 19:27:34, time: 3.497, data_time: 0.000, memory: 5243, top1_acc: 0.8638, top5_acc: 0.9806, loss_cls: 0.4395, loss: 0.4395
2026-09-02 03:19:27,349 - pyskl - INFO - Epoch [11][3700/5537]	lr: 1.467e-02, eta: 2 days, 19:22:32, time: 3.498, data_time: 0.000, memory: 5243, top1_acc: 0.8556, top5_acc: 0.9778, loss_cls: 0.4576, loss: 0.4576
2026-09-02 03:25:17,503 - pyskl - INFO - Epoch [11][3800/5537]	lr: 1.464e-02, eta: 2 days, 19:17:30, time: 3.502, data_time: 0.000, memory: 5243, top1_acc: 0.8569, top5_acc: 0.9834, loss_cls: 0.4591, loss: 0.4591
2026-09-02 03:31:07,586 - pyskl - INFO - Epoch [11][3900/5537]	lr: 1.461e-02, eta: 2 days, 19:12:28, time: 3.501, data_time: 0.000, memory: 5243, top1_acc: 0.8647, top5_acc: 0.9862, loss_cls: 0.4344, loss: 0.4344
2026-09-02 03:36:57,444 - pyskl - INFO - Epoch [11][4000/5537]	lr: 1.458e-02, eta: 2 days, 19:07:26, time: 3.499, data_time: 0.000, memory: 5243, top1_acc: 0.8522, top5_acc: 0.9816, loss_cls: 0.4653, loss: 0.4653
2026-09-02 03:42:47,356 - pyskl - INFO - Epoch [11][4100/5537]	lr: 1.455e-02, eta: 2 days, 19:02:23, time: 3.499, data_time: 0.000, memory: 5243, top1_acc: 0.8519, top5_acc: 0.9778, loss_cls: 0.4732, loss: 0.4732
2026-09-02 03:48:36,849 - pyskl - INFO - Epoch [11][4200/5537]	lr: 1.452e-02, eta: 2 days, 18:57:20, time: 3.495, data_time: 0.000, memory: 5243, top1_acc: 0.8641, top5_acc: 0.9788, loss_cls: 0.4563, loss: 0.4563
2026-09-02 03:54:25,876 - pyskl - INFO - Epoch [11][4300/5537]	lr: 1.449e-02, eta: 2 days, 18:52:16, time: 3.490, data_time: 0.000, memory: 5243, top1_acc: 0.8659, top5_acc: 0.9819, loss_cls: 0.4393, loss: 0.4393
2026-09-02 04:00:14,519 - pyskl - INFO - Epoch [11][4400/5537]	lr: 1.446e-02, eta: 2 days, 18:47:11, time: 3.486, data_time: 0.000, memory: 5243, top1_acc: 0.8684, top5_acc: 0.9822, loss_cls: 0.4295, loss: 0.4295
2026-09-02 04:06:03,679 - pyskl - INFO - Epoch [11][4500/5537]	lr: 1.444e-02, eta: 2 days, 18:42:07, time: 3.492, data_time: 0.000, memory: 5243, top1_acc: 0.8403, top5_acc: 0.9828, loss_cls: 0.4770, loss: 0.4770
2026-09-02 04:11:53,063 - pyskl - INFO - Epoch [11][4600/5537]	lr: 1.441e-02, eta: 2 days, 18:37:04, time: 3.494, data_time: 0.000, memory: 5243, top1_acc: 0.8553, top5_acc: 0.9809, loss_cls: 0.4539, loss: 0.4539
2026-09-02 04:17:42,897 - pyskl - INFO - Epoch [11][4700/5537]	lr: 1.438e-02, eta: 2 days, 18:32:00, time: 3.498, data_time: 0.000, memory: 5243, top1_acc: 0.8572, top5_acc: 0.9838, loss_cls: 0.4503, loss: 0.4503
2026-09-02 04:23:32,514 - pyskl - INFO - Epoch [11][4800/5537]	lr: 1.435e-02, eta: 2 days, 18:26:56, time: 3.496, data_time: 0.000, memory: 5243, top1_acc: 0.8666, top5_acc: 0.9816, loss_cls: 0.4357, loss: 0.4357
2026-09-02 04:29:22,011 - pyskl - INFO - Epoch [11][4900/5537]	lr: 1.432e-02, eta: 2 days, 18:21:52, time: 3.495, data_time: 0.000, memory: 5243, top1_acc: 0.8506, top5_acc: 0.9856, loss_cls: 0.4732, loss: 0.4732
2026-09-02 04:35:11,251 - pyskl - INFO - Epoch [11][5000/5537]	lr: 1.429e-02, eta: 2 days, 18:16:47, time: 3.492, data_time: 0.000, memory: 5243, top1_acc: 0.8716, top5_acc: 0.9831, loss_cls: 0.4166, loss: 0.4166
2026-09-02 04:41:00,940 - pyskl - INFO - Epoch [11][5100/5537]	lr: 1.426e-02, eta: 2 days, 18:11:43, time: 3.497, data_time: 0.000, memory: 5243, top1_acc: 0.8578, top5_acc: 0.9841, loss_cls: 0.4461, loss: 0.4461
2026-09-02 04:46:50,540 - pyskl - INFO - Epoch [11][5200/5537]	lr: 1.423e-02, eta: 2 days, 18:06:38, time: 3.496, data_time: 0.000, memory: 5243, top1_acc: 0.8447, top5_acc: 0.9791, loss_cls: 0.4899, loss: 0.4899
2026-09-02 04:52:39,978 - pyskl - INFO - Epoch [11][5300/5537]	lr: 1.420e-02, eta: 2 days, 18:01:33, time: 3.494, data_time: 0.000, memory: 5243, top1_acc: 0.8547, top5_acc: 0.9812, loss_cls: 0.4650, loss: 0.4650
2026-09-02 04:58:29,122 - pyskl - INFO - Epoch [11][5400/5537]	lr: 1.417e-02, eta: 2 days, 17:56:28, time: 3.491, data_time: 0.000, memory: 5243, top1_acc: 0.8519, top5_acc: 0.9791, loss_cls: 0.4931, loss: 0.4931
2026-09-02 05:04:18,455 - pyskl - INFO - Epoch [11][5500/5537]	lr: 1.414e-02, eta: 2 days, 17:51:23, time: 3.493, data_time: 0.000, memory: 5243, top1_acc: 0.8575, top5_acc: 0.9844, loss_cls: 0.4714, loss: 0.4714
2026-09-02 05:06:27,713 - pyskl - INFO - Saving checkpoint at 11 epochs
2026-09-02 05:15:22,940 - pyskl - INFO - Evaluating top_k_accuracy ...
2026-09-02 05:15:22,958 - pyskl - INFO - 
top1_acc	0.8131
top5_acc	0.9635
2026-09-02 05:15:22,960 - pyskl - INFO - The previous best checkpoint D:\YXJProject\pythonProject\pyskl\work_dirs\aug_baseline\stgcnpp_j\train\A3_coord_noise_e24\best_top1_acc_epoch_8.pth was removed
2026-09-02 05:15:23,090 - pyskl - INFO - Now best checkpoint is saved as best_top1_acc_epoch_11.pth.
2026-09-02 05:15:23,090 - pyskl - INFO - Best top1_acc is 0.8131 at 11 epoch.
2026-09-02 05:15:23,091 - pyskl - INFO - Epoch(val) [11][146]	top1_acc: 0.8131, top5_acc: 0.9635
2026-09-02 05:21:24,006 - pyskl - INFO - Epoch [12][100/5537]	lr: 1.410e-02, eta: 2 days, 17:42:06, time: 3.609, data_time: 0.109, memory: 5243, top1_acc: 0.8738, top5_acc: 0.9859, loss_cls: 0.3956, loss: 0.3956
2026-09-02 05:27:13,907 - pyskl - INFO - Epoch [12][200/5537]	lr: 1.407e-02, eta: 2 days, 17:37:01, time: 3.499, data_time: 0.000, memory: 5243, top1_acc: 0.8616, top5_acc: 0.9831, loss_cls: 0.4325, loss: 0.4325
2026-09-02 05:33:03,161 - pyskl - INFO - Epoch [12][300/5537]	lr: 1.404e-02, eta: 2 days, 17:31:56, time: 3.493, data_time: 0.000, memory: 5243, top1_acc: 0.8628, top5_acc: 0.9844, loss_cls: 0.4372, loss: 0.4372
2026-09-02 05:38:52,434 - pyskl - INFO - Epoch [12][400/5537]	lr: 1.401e-02, eta: 2 days, 17:26:50, time: 3.493, data_time: 0.000, memory: 5243, top1_acc: 0.8616, top5_acc: 0.9781, loss_cls: 0.4480, loss: 0.4480
2026-09-02 05:44:41,980 - pyskl - INFO - Epoch [12][500/5537]	lr: 1.399e-02, eta: 2 days, 17:21:45, time: 3.495, data_time: 0.000, memory: 5243, top1_acc: 0.8709, top5_acc: 0.9872, loss_cls: 0.4262, loss: 0.4262
2026-09-02 05:50:31,664 - pyskl - INFO - Epoch [12][600/5537]	lr: 1.396e-02, eta: 2 days, 17:16:39, time: 3.497, data_time: 0.000, memory: 5243, top1_acc: 0.8606, top5_acc: 0.9825, loss_cls: 0.4465, loss: 0.4465
2026-09-02 05:56:21,371 - pyskl - INFO - Epoch [12][700/5537]	lr: 1.393e-02, eta: 2 days, 17:11:34, time: 3.497, data_time: 0.000, memory: 5243, top1_acc: 0.8603, top5_acc: 0.9853, loss_cls: 0.4353, loss: 0.4353
2026-09-02 06:02:11,320 - pyskl - INFO - Epoch [12][800/5537]	lr: 1.390e-02, eta: 2 days, 17:06:28, time: 3.499, data_time: 0.000, memory: 5243, top1_acc: 0.8669, top5_acc: 0.9850, loss_cls: 0.4403, loss: 0.4403
2026-09-02 06:08:01,097 - pyskl - INFO - Epoch [12][900/5537]	lr: 1.387e-02, eta: 2 days, 17:01:23, time: 3.498, data_time: 0.000, memory: 5243, top1_acc: 0.8828, top5_acc: 0.9866, loss_cls: 0.3857, loss: 0.3857
2026-09-02 06:13:50,691 - pyskl - INFO - Epoch [12][1000/5537]	lr: 1.384e-02, eta: 2 days, 16:56:16, time: 3.496, data_time: 0.000, memory: 5243, top1_acc: 0.8819, top5_acc: 0.9875, loss_cls: 0.3854, loss: 0.3854
2026-09-02 06:19:40,197 - pyskl - INFO - Epoch [12][1100/5537]	lr: 1.381e-02, eta: 2 days, 16:51:10, time: 3.495, data_time: 0.000, memory: 5243, top1_acc: 0.8638, top5_acc: 0.9825, loss_cls: 0.4269, loss: 0.4269
2026-09-02 06:25:30,100 - pyskl - INFO - Epoch [12][1200/5537]	lr: 1.378e-02, eta: 2 days, 16:46:04, time: 3.499, data_time: 0.000, memory: 5243, top1_acc: 0.8528, top5_acc: 0.9800, loss_cls: 0.4718, loss: 0.4718
2026-09-02 06:31:19,759 - pyskl - INFO - Epoch [12][1300/5537]	lr: 1.375e-02, eta: 2 days, 16:40:58, time: 3.497, data_time: 0.000, memory: 5243, top1_acc: 0.8606, top5_acc: 0.9875, loss_cls: 0.4469, loss: 0.4469
2026-09-02 06:37:09,721 - pyskl - INFO - Epoch [12][1400/5537]	lr: 1.372e-02, eta: 2 days, 16:35:51, time: 3.500, data_time: 0.000, memory: 5243, top1_acc: 0.8622, top5_acc: 0.9838, loss_cls: 0.4349, loss: 0.4349
2026-09-02 06:42:59,771 - pyskl - INFO - Epoch [12][1500/5537]	lr: 1.369e-02, eta: 2 days, 16:30:45, time: 3.500, data_time: 0.000, memory: 5243, top1_acc: 0.8669, top5_acc: 0.9816, loss_cls: 0.4438, loss: 0.4438
2026-09-02 06:48:49,795 - pyskl - INFO - Epoch [12][1600/5537]	lr: 1.366e-02, eta: 2 days, 16:25:39, time: 3.500, data_time: 0.000, memory: 5243, top1_acc: 0.8672, top5_acc: 0.9856, loss_cls: 0.4332, loss: 0.4332
2026-09-02 06:54:40,079 - pyskl - INFO - Epoch [12][1700/5537]	lr: 1.363e-02, eta: 2 days, 16:20:33, time: 3.503, data_time: 0.000, memory: 5243, top1_acc: 0.8725, top5_acc: 0.9875, loss_cls: 0.4060, loss: 0.4060
2026-09-02 07:00:30,238 - pyskl - INFO - Epoch [12][1800/5537]	lr: 1.360e-02, eta: 2 days, 16:15:26, time: 3.502, data_time: 0.000, memory: 5243, top1_acc: 0.8659, top5_acc: 0.9853, loss_cls: 0.4189, loss: 0.4189
2026-09-02 07:06:19,848 - pyskl - INFO - Epoch [12][1900/5537]	lr: 1.357e-02, eta: 2 days, 16:10:19, time: 3.496, data_time: 0.000, memory: 5243, top1_acc: 0.8722, top5_acc: 0.9828, loss_cls: 0.4234, loss: 0.4234
2026-09-02 07:12:09,737 - pyskl - INFO - Epoch [12][2000/5537]	lr: 1.354e-02, eta: 2 days, 16:05:12, time: 3.499, data_time: 0.000, memory: 5243, top1_acc: 0.8497, top5_acc: 0.9800, loss_cls: 0.4933, loss: 0.4933
2026-09-02 07:17:59,533 - pyskl - INFO - Epoch [12][2100/5537]	lr: 1.351e-02, eta: 2 days, 16:00:04, time: 3.498, data_time: 0.000, memory: 5243, top1_acc: 0.8816, top5_acc: 0.9850, loss_cls: 0.4058, loss: 0.4058
2026-09-02 07:23:49,675 - pyskl - INFO - Epoch [12][2200/5537]	lr: 1.349e-02, eta: 2 days, 15:54:57, time: 3.501, data_time: 0.000, memory: 5243, top1_acc: 0.8606, top5_acc: 0.9816, loss_cls: 0.4409, loss: 0.4409
2026-09-02 07:29:39,773 - pyskl - INFO - Epoch [12][2300/5537]	lr: 1.346e-02, eta: 2 days, 15:49:50, time: 3.501, data_time: 0.000, memory: 5243, top1_acc: 0.8728, top5_acc: 0.9828, loss_cls: 0.4131, loss: 0.4131
2026-09-02 07:35:30,005 - pyskl - INFO - Epoch [12][2400/5537]	lr: 1.343e-02, eta: 2 days, 15:44:42, time: 3.502, data_time: 0.000, memory: 5243, top1_acc: 0.8738, top5_acc: 0.9869, loss_cls: 0.4105, loss: 0.4105
2026-09-02 07:41:19,807 - pyskl - INFO - Epoch [12][2500/5537]	lr: 1.340e-02, eta: 2 days, 15:39:35, time: 3.498, data_time: 0.000, memory: 5243, top1_acc: 0.8666, top5_acc: 0.9822, loss_cls: 0.4489, loss: 0.4489
2026-09-02 07:47:09,673 - pyskl - INFO - Epoch [12][2600/5537]	lr: 1.337e-02, eta: 2 days, 15:34:27, time: 3.499, data_time: 0.000, memory: 5243, top1_acc: 0.8738, top5_acc: 0.9850, loss_cls: 0.4071, loss: 0.4071
2026-09-02 07:52:59,458 - pyskl - INFO - Epoch [12][2700/5537]	lr: 1.334e-02, eta: 2 days, 15:29:18, time: 3.498, data_time: 0.000, memory: 5243, top1_acc: 0.8719, top5_acc: 0.9772, loss_cls: 0.4358, loss: 0.4358
2026-09-02 07:58:48,702 - pyskl - INFO - Epoch [12][2800/5537]	lr: 1.331e-02, eta: 2 days, 15:24:10, time: 3.492, data_time: 0.000, memory: 5243, top1_acc: 0.8659, top5_acc: 0.9916, loss_cls: 0.3959, loss: 0.3959
2026-09-02 08:04:37,896 - pyskl - INFO - Epoch [12][2900/5537]	lr: 1.328e-02, eta: 2 days, 15:19:00, time: 3.492, data_time: 0.000, memory: 5243, top1_acc: 0.8647, top5_acc: 0.9819, loss_cls: 0.4401, loss: 0.4401
2026-09-02 08:10:27,351 - pyskl - INFO - Epoch [12][3000/5537]	lr: 1.325e-02, eta: 2 days, 15:13:52, time: 3.495, data_time: 0.000, memory: 5243, top1_acc: 0.8666, top5_acc: 0.9856, loss_cls: 0.4196, loss: 0.4196
2026-09-02 08:16:17,189 - pyskl - INFO - Epoch [12][3100/5537]	lr: 1.322e-02, eta: 2 days, 15:08:43, time: 3.498, data_time: 0.000, memory: 5243, top1_acc: 0.8638, top5_acc: 0.9847, loss_cls: 0.4349, loss: 0.4349
2026-09-02 08:22:08,181 - pyskl - INFO - Epoch [12][3200/5537]	lr: 1.319e-02, eta: 2 days, 15:03:35, time: 3.510, data_time: 0.000, memory: 5243, top1_acc: 0.8706, top5_acc: 0.9828, loss_cls: 0.4105, loss: 0.4105
2026-09-02 08:27:57,693 - pyskl - INFO - Epoch [12][3300/5537]	lr: 1.316e-02, eta: 2 days, 14:58:26, time: 3.495, data_time: 0.000, memory: 5243, top1_acc: 0.8697, top5_acc: 0.9831, loss_cls: 0.4283, loss: 0.4283
2026-09-02 08:33:47,897 - pyskl - INFO - Epoch [12][3400/5537]	lr: 1.313e-02, eta: 2 days, 14:53:18, time: 3.502, data_time: 0.000, memory: 5243, top1_acc: 0.8809, top5_acc: 0.9869, loss_cls: 0.4022, loss: 0.4022
2026-09-02 08:39:37,851 - pyskl - INFO - Epoch [12][3500/5537]	lr: 1.310e-02, eta: 2 days, 14:48:08, time: 3.500, data_time: 0.000, memory: 5243, top1_acc: 0.8672, top5_acc: 0.9853, loss_cls: 0.4157, loss: 0.4157
2026-09-02 08:45:27,638 - pyskl - INFO - Epoch [12][3600/5537]	lr: 1.307e-02, eta: 2 days, 14:42:59, time: 3.498, data_time: 0.000, memory: 5243, top1_acc: 0.8662, top5_acc: 0.9866, loss_cls: 0.4294, loss: 0.4294
2026-09-02 08:51:17,752 - pyskl - INFO - Epoch [12][3700/5537]	lr: 1.304e-02, eta: 2 days, 14:37:50, time: 3.501, data_time: 0.000, memory: 5243, top1_acc: 0.8731, top5_acc: 0.9828, loss_cls: 0.4280, loss: 0.4280
2026-09-02 08:57:08,564 - pyskl - INFO - Epoch [12][3800/5537]	lr: 1.301e-02, eta: 2 days, 14:32:42, time: 3.508, data_time: 0.000, memory: 5243, top1_acc: 0.8784, top5_acc: 0.9875, loss_cls: 0.4018, loss: 0.4018
2026-09-02 09:02:58,888 - pyskl - INFO - Epoch [12][3900/5537]	lr: 1.298e-02, eta: 2 days, 14:27:32, time: 3.503, data_time: 0.000, memory: 5243, top1_acc: 0.8741, top5_acc: 0.9856, loss_cls: 0.4115, loss: 0.4115
2026-09-02 09:08:49,225 - pyskl - INFO - Epoch [12][4000/5537]	lr: 1.295e-02, eta: 2 days, 14:22:23, time: 3.503, data_time: 0.000, memory: 5243, top1_acc: 0.8725, top5_acc: 0.9872, loss_cls: 0.4192, loss: 0.4192
2026-09-02 09:14:39,557 - pyskl - INFO - Epoch [12][4100/5537]	lr: 1.292e-02, eta: 2 days, 14:17:14, time: 3.503, data_time: 0.000, memory: 5243, top1_acc: 0.8681, top5_acc: 0.9825, loss_cls: 0.4161, loss: 0.4161
2026-09-02 09:20:30,266 - pyskl - INFO - Epoch [12][4200/5537]	lr: 1.290e-02, eta: 2 days, 14:12:05, time: 3.507, data_time: 0.000, memory: 5243, top1_acc: 0.8706, top5_acc: 0.9819, loss_cls: 0.4158, loss: 0.4158
2026-09-02 09:26:20,757 - pyskl - INFO - Epoch [12][4300/5537]	lr: 1.287e-02, eta: 2 days, 14:06:55, time: 3.505, data_time: 0.000, memory: 5243, top1_acc: 0.8734, top5_acc: 0.9844, loss_cls: 0.4228, loss: 0.4228
2026-09-02 09:32:11,129 - pyskl - INFO - Epoch [12][4400/5537]	lr: 1.284e-02, eta: 2 days, 14:01:45, time: 3.504, data_time: 0.000, memory: 5243, top1_acc: 0.8584, top5_acc: 0.9859, loss_cls: 0.4428, loss: 0.4428
2026-09-02 09:38:01,553 - pyskl - INFO - Epoch [12][4500/5537]	lr: 1.281e-02, eta: 2 days, 13:56:36, time: 3.504, data_time: 0.000, memory: 5243, top1_acc: 0.8725, top5_acc: 0.9844, loss_cls: 0.4175, loss: 0.4175
2026-09-02 09:43:52,077 - pyskl - INFO - Epoch [12][4600/5537]	lr: 1.278e-02, eta: 2 days, 13:51:26, time: 3.505, data_time: 0.000, memory: 5243, top1_acc: 0.8662, top5_acc: 0.9825, loss_cls: 0.4332, loss: 0.4332
2026-09-02 09:49:42,465 - pyskl - INFO - Epoch [12][4700/5537]	lr: 1.275e-02, eta: 2 days, 13:46:16, time: 3.504, data_time: 0.000, memory: 5243, top1_acc: 0.8759, top5_acc: 0.9834, loss_cls: 0.4046, loss: 0.4046
2026-09-02 09:55:32,340 - pyskl - INFO - Epoch [12][4800/5537]	lr: 1.272e-02, eta: 2 days, 13:41:05, time: 3.499, data_time: 0.000, memory: 5243, top1_acc: 0.8600, top5_acc: 0.9844, loss_cls: 0.4462, loss: 0.4462
2026-09-02 10:01:22,521 - pyskl - INFO - Epoch [12][4900/5537]	lr: 1.269e-02, eta: 2 days, 13:35:54, time: 3.502, data_time: 0.000, memory: 5243, top1_acc: 0.8588, top5_acc: 0.9825, loss_cls: 0.4381, loss: 0.4381
2026-09-02 10:07:12,242 - pyskl - INFO - Epoch [12][5000/5537]	lr: 1.266e-02, eta: 2 days, 13:30:43, time: 3.497, data_time: 0.000, memory: 5243, top1_acc: 0.8647, top5_acc: 0.9847, loss_cls: 0.4266, loss: 0.4266
2026-09-02 10:13:02,890 - pyskl - INFO - Epoch [12][5100/5537]	lr: 1.263e-02, eta: 2 days, 13:25:33, time: 3.506, data_time: 0.000, memory: 5243, top1_acc: 0.8812, top5_acc: 0.9872, loss_cls: 0.4080, loss: 0.4080
2026-09-02 10:18:52,747 - pyskl - INFO - Epoch [12][5200/5537]	lr: 1.260e-02, eta: 2 days, 13:20:22, time: 3.499, data_time: 0.000, memory: 5243, top1_acc: 0.8722, top5_acc: 0.9894, loss_cls: 0.4032, loss: 0.4032
2026-09-02 10:24:43,052 - pyskl - INFO - Epoch [12][5300/5537]	lr: 1.257e-02, eta: 2 days, 13:15:11, time: 3.503, data_time: 0.000, memory: 5243, top1_acc: 0.8638, top5_acc: 0.9834, loss_cls: 0.4349, loss: 0.4349
2026-09-02 10:30:33,857 - pyskl - INFO - Epoch [12][5400/5537]	lr: 1.254e-02, eta: 2 days, 13:10:00, time: 3.508, data_time: 0.000, memory: 5243, top1_acc: 0.8650, top5_acc: 0.9875, loss_cls: 0.4302, loss: 0.4302
2026-09-02 10:36:24,410 - pyskl - INFO - Epoch [12][5500/5537]	lr: 1.251e-02, eta: 2 days, 13:04:50, time: 3.506, data_time: 0.000, memory: 5243, top1_acc: 0.8725, top5_acc: 0.9856, loss_cls: 0.3927, loss: 0.3927
2026-09-02 10:38:34,313 - pyskl - INFO - Saving checkpoint at 12 epochs
2026-09-02 10:47:40,666 - pyskl - INFO - Evaluating top_k_accuracy ...
2026-09-02 10:47:40,683 - pyskl - INFO - 
top1_acc	0.8120
top5_acc	0.9704
2026-09-02 10:47:40,683 - pyskl - INFO - Epoch(val) [12][146]	top1_acc: 0.8120, top5_acc: 0.9704
2026-09-02 10:53:41,537 - pyskl - INFO - Epoch [13][100/5537]	lr: 1.247e-02, eta: 2 days, 12:55:44, time: 3.608, data_time: 0.108, memory: 5243, top1_acc: 0.8762, top5_acc: 0.9872, loss_cls: 0.3993, loss: 0.3993
2026-09-02 10:59:29,105 - pyskl - INFO - Epoch [13][200/5537]	lr: 1.244e-02, eta: 2 days, 12:50:31, time: 3.476, data_time: 0.000, memory: 5243, top1_acc: 0.8825, top5_acc: 0.9847, loss_cls: 0.3966, loss: 0.3966
2026-09-02 11:05:16,480 - pyskl - INFO - Epoch [13][300/5537]	lr: 1.241e-02, eta: 2 days, 12:45:17, time: 3.474, data_time: 0.000, memory: 5243, top1_acc: 0.8653, top5_acc: 0.9844, loss_cls: 0.4227, loss: 0.4227
2026-09-02 11:11:04,479 - pyskl - INFO - Epoch [13][400/5537]	lr: 1.238e-02, eta: 2 days, 12:40:03, time: 3.480, data_time: 0.000, memory: 5243, top1_acc: 0.8741, top5_acc: 0.9900, loss_cls: 0.3907, loss: 0.3907
2026-09-02 11:16:52,511 - pyskl - INFO - Epoch [13][500/5537]	lr: 1.235e-02, eta: 2 days, 12:34:49, time: 3.480, data_time: 0.000, memory: 5243, top1_acc: 0.8675, top5_acc: 0.9850, loss_cls: 0.4127, loss: 0.4127
2026-09-02 11:22:40,538 - pyskl - INFO - Epoch [13][600/5537]	lr: 1.232e-02, eta: 2 days, 12:29:36, time: 3.480, data_time: 0.000, memory: 5243, top1_acc: 0.8775, top5_acc: 0.9859, loss_cls: 0.4177, loss: 0.4177
2026-09-02 11:28:28,515 - pyskl - INFO - Epoch [13][700/5537]	lr: 1.229e-02, eta: 2 days, 12:24:22, time: 3.480, data_time: 0.000, memory: 5243, top1_acc: 0.8797, top5_acc: 0.9859, loss_cls: 0.4004, loss: 0.4004
2026-09-02 11:34:16,213 - pyskl - INFO - Epoch [13][800/5537]	lr: 1.226e-02, eta: 2 days, 12:19:08, time: 3.477, data_time: 0.000, memory: 5243, top1_acc: 0.8759, top5_acc: 0.9850, loss_cls: 0.3931, loss: 0.3931
2026-09-02 11:40:03,666 - pyskl - INFO - Epoch [13][900/5537]	lr: 1.223e-02, eta: 2 days, 12:13:53, time: 3.475, data_time: 0.000, memory: 5243, top1_acc: 0.8875, top5_acc: 0.9884, loss_cls: 0.3752, loss: 0.3752
2026-09-02 11:45:51,344 - pyskl - INFO - Epoch [13][1000/5537]	lr: 1.220e-02, eta: 2 days, 12:08:39, time: 3.477, data_time: 0.000, memory: 5243, top1_acc: 0.8856, top5_acc: 0.9869, loss_cls: 0.3873, loss: 0.3873
2026-09-02 11:51:39,120 - pyskl - INFO - Epoch [13][1100/5537]	lr: 1.218e-02, eta: 2 days, 12:03:24, time: 3.478, data_time: 0.000, memory: 5243, top1_acc: 0.8747, top5_acc: 0.9856, loss_cls: 0.4085, loss: 0.4085
2026-09-02 11:57:26,678 - pyskl - INFO - Epoch [13][1200/5537]	lr: 1.215e-02, eta: 2 days, 11:58:09, time: 3.476, data_time: 0.000, memory: 5243, top1_acc: 0.8866, top5_acc: 0.9878, loss_cls: 0.3695, loss: 0.3695
2026-09-02 12:03:14,328 - pyskl - INFO - Epoch [13][1300/5537]	lr: 1.212e-02, eta: 2 days, 11:52:54, time: 3.477, data_time: 0.000, memory: 5243, top1_acc: 0.8709, top5_acc: 0.9831, loss_cls: 0.4214, loss: 0.4214
2026-09-02 12:09:01,870 - pyskl - INFO - Epoch [13][1400/5537]	lr: 1.209e-02, eta: 2 days, 11:47:39, time: 3.475, data_time: 0.000, memory: 5243, top1_acc: 0.8744, top5_acc: 0.9888, loss_cls: 0.4001, loss: 0.4001
2026-09-02 12:14:49,640 - pyskl - INFO - Epoch [13][1500/5537]	lr: 1.206e-02, eta: 2 days, 11:42:25, time: 3.478, data_time: 0.000, memory: 5243, top1_acc: 0.8850, top5_acc: 0.9875, loss_cls: 0.3721, loss: 0.3721
2026-09-02 12:20:37,211 - pyskl - INFO - Epoch [13][1600/5537]	lr: 1.203e-02, eta: 2 days, 11:37:09, time: 3.476, data_time: 0.000, memory: 5243, top1_acc: 0.8722, top5_acc: 0.9881, loss_cls: 0.4027, loss: 0.4027
2026-09-02 12:26:24,834 - pyskl - INFO - Epoch [13][1700/5537]	lr: 1.200e-02, eta: 2 days, 11:31:54, time: 3.476, data_time: 0.000, memory: 5243, top1_acc: 0.8747, top5_acc: 0.9888, loss_cls: 0.3854, loss: 0.3854
2026-09-02 12:32:12,619 - pyskl - INFO - Epoch [13][1800/5537]	lr: 1.197e-02, eta: 2 days, 11:26:39, time: 3.478, data_time: 0.000, memory: 5243, top1_acc: 0.8697, top5_acc: 0.9859, loss_cls: 0.4038, loss: 0.4038
2026-09-02 12:38:00,999 - pyskl - INFO - Epoch [13][1900/5537]	lr: 1.194e-02, eta: 2 days, 11:21:24, time: 3.484, data_time: 0.000, memory: 5243, top1_acc: 0.8794, top5_acc: 0.9856, loss_cls: 0.3872, loss: 0.3872
2026-09-02 12:43:49,017 - pyskl - INFO - Epoch [13][2000/5537]	lr: 1.191e-02, eta: 2 days, 11:16:09, time: 3.480, data_time: 0.000, memory: 5243, top1_acc: 0.8775, top5_acc: 0.9869, loss_cls: 0.3854, loss: 0.3854
2026-09-02 12:49:37,075 - pyskl - INFO - Epoch [13][2100/5537]	lr: 1.188e-02, eta: 2 days, 11:10:54, time: 3.481, data_time: 0.000, memory: 5243, top1_acc: 0.8766, top5_acc: 0.9884, loss_cls: 0.3926, loss: 0.3926
2026-09-02 12:55:24,467 - pyskl - INFO - Epoch [13][2200/5537]	lr: 1.185e-02, eta: 2 days, 11:05:38, time: 3.474, data_time: 0.000, memory: 5243, top1_acc: 0.8725, top5_acc: 0.9834, loss_cls: 0.4235, loss: 0.4235
2026-09-02 13:01:12,414 - pyskl - INFO - Epoch [13][2300/5537]	lr: 1.182e-02, eta: 2 days, 11:00:23, time: 3.479, data_time: 0.000, memory: 5243, top1_acc: 0.8688, top5_acc: 0.9884, loss_cls: 0.4163, loss: 0.4163
2026-09-02 13:06:59,197 - pyskl - INFO - Epoch [13][2400/5537]	lr: 1.179e-02, eta: 2 days, 10:55:06, time: 3.468, data_time: 0.000, memory: 5243, top1_acc: 0.8825, top5_acc: 0.9850, loss_cls: 0.3849, loss: 0.3849
2026-09-02 13:12:46,086 - pyskl - INFO - Epoch [13][2500/5537]	lr: 1.176e-02, eta: 2 days, 10:49:50, time: 3.469, data_time: 0.000, memory: 5243, top1_acc: 0.8825, top5_acc: 0.9888, loss_cls: 0.3903, loss: 0.3903
2026-09-02 13:18:33,837 - pyskl - INFO - Epoch [13][2600/5537]	lr: 1.173e-02, eta: 2 days, 10:44:34, time: 3.478, data_time: 0.000, memory: 5243, top1_acc: 0.8700, top5_acc: 0.9866, loss_cls: 0.4078, loss: 0.4078
2026-09-02 13:24:21,549 - pyskl - INFO - Epoch [13][2700/5537]	lr: 1.170e-02, eta: 2 days, 10:39:18, time: 3.477, data_time: 0.000, memory: 5243, top1_acc: 0.8781, top5_acc: 0.9888, loss_cls: 0.3897, loss: 0.3897
2026-09-02 13:30:09,227 - pyskl - INFO - Epoch [13][2800/5537]	lr: 1.167e-02, eta: 2 days, 10:34:01, time: 3.477, data_time: 0.000, memory: 5243, top1_acc: 0.8847, top5_acc: 0.9866, loss_cls: 0.3768, loss: 0.3768
2026-09-02 13:35:56,734 - pyskl - INFO - Epoch [13][2900/5537]	lr: 1.164e-02, eta: 2 days, 10:28:45, time: 3.475, data_time: 0.000, memory: 5243, top1_acc: 0.8741, top5_acc: 0.9862, loss_cls: 0.3879, loss: 0.3879
2026-09-02 13:41:44,527 - pyskl - INFO - Epoch [13][3000/5537]	lr: 1.161e-02, eta: 2 days, 10:23:29, time: 3.478, data_time: 0.000, memory: 5243, top1_acc: 0.8844, top5_acc: 0.9853, loss_cls: 0.3939, loss: 0.3939
2026-09-02 13:47:32,349 - pyskl - INFO - Epoch [13][3100/5537]	lr: 1.159e-02, eta: 2 days, 10:18:12, time: 3.478, data_time: 0.000, memory: 5243, top1_acc: 0.8775, top5_acc: 0.9903, loss_cls: 0.3838, loss: 0.3838
2026-09-02 13:53:20,009 - pyskl - INFO - Epoch [13][3200/5537]	lr: 1.156e-02, eta: 2 days, 10:12:56, time: 3.477, data_time: 0.000, memory: 5243, top1_acc: 0.8872, top5_acc: 0.9866, loss_cls: 0.3694, loss: 0.3694
2026-09-02 13:59:07,611 - pyskl - INFO - Epoch [13][3300/5537]	lr: 1.153e-02, eta: 2 days, 10:07:39, time: 3.476, data_time: 0.000, memory: 5243, top1_acc: 0.8838, top5_acc: 0.9869, loss_cls: 0.3641, loss: 0.3641
2026-09-02 14:04:55,750 - pyskl - INFO - Epoch [13][3400/5537]	lr: 1.150e-02, eta: 2 days, 10:02:23, time: 3.481, data_time: 0.000, memory: 5243, top1_acc: 0.8766, top5_acc: 0.9878, loss_cls: 0.3822, loss: 0.3822
2026-09-02 14:10:43,201 - pyskl - INFO - Epoch [13][3500/5537]	lr: 1.147e-02, eta: 2 days, 9:57:06, time: 3.474, data_time: 0.000, memory: 5243, top1_acc: 0.8747, top5_acc: 0.9838, loss_cls: 0.4132, loss: 0.4132
2026-09-02 14:16:30,998 - pyskl - INFO - Epoch [13][3600/5537]	lr: 1.144e-02, eta: 2 days, 9:51:49, time: 3.478, data_time: 0.000, memory: 5243, top1_acc: 0.8759, top5_acc: 0.9856, loss_cls: 0.4009, loss: 0.4009
2026-09-02 14:22:18,418 - pyskl - INFO - Epoch [13][3700/5537]	lr: 1.141e-02, eta: 2 days, 9:46:32, time: 3.474, data_time: 0.000, memory: 5243, top1_acc: 0.8875, top5_acc: 0.9862, loss_cls: 0.3771, loss: 0.3771
2026-09-02 14:28:05,847 - pyskl - INFO - Epoch [13][3800/5537]	lr: 1.138e-02, eta: 2 days, 9:41:15, time: 3.474, data_time: 0.000, memory: 5243, top1_acc: 0.8756, top5_acc: 0.9869, loss_cls: 0.4003, loss: 0.4003
2026-09-02 14:33:53,240 - pyskl - INFO - Epoch [13][3900/5537]	lr: 1.135e-02, eta: 2 days, 9:35:57, time: 3.474, data_time: 0.000, memory: 5243, top1_acc: 0.8716, top5_acc: 0.9881, loss_cls: 0.4004, loss: 0.4004
2026-09-02 14:39:41,018 - pyskl - INFO - Epoch [13][4000/5537]	lr: 1.132e-02, eta: 2 days, 9:30:40, time: 3.478, data_time: 0.000, memory: 5243, top1_acc: 0.8828, top5_acc: 0.9878, loss_cls: 0.3786, loss: 0.3786
2026-09-02 14:45:28,687 - pyskl - INFO - Epoch [13][4100/5537]	lr: 1.129e-02, eta: 2 days, 9:25:23, time: 3.477, data_time: 0.000, memory: 5243, top1_acc: 0.8703, top5_acc: 0.9884, loss_cls: 0.3948, loss: 0.3948
2026-09-02 14:51:15,613 - pyskl - INFO - Epoch [13][4200/5537]	lr: 1.126e-02, eta: 2 days, 9:20:05, time: 3.469, data_time: 0.000, memory: 5243, top1_acc: 0.8838, top5_acc: 0.9853, loss_cls: 0.3927, loss: 0.3927
2026-09-02 14:57:02,726 - pyskl - INFO - Epoch [13][4300/5537]	lr: 1.123e-02, eta: 2 days, 9:14:47, time: 3.471, data_time: 0.000, memory: 5243, top1_acc: 0.8788, top5_acc: 0.9866, loss_cls: 0.3858, loss: 0.3858
2026-09-02 15:02:50,791 - pyskl - INFO - Epoch [13][4400/5537]	lr: 1.120e-02, eta: 2 days, 9:09:30, time: 3.481, data_time: 0.000, memory: 5243, top1_acc: 0.8709, top5_acc: 0.9875, loss_cls: 0.4099, loss: 0.4099
2026-09-02 15:08:38,381 - pyskl - INFO - Epoch [13][4500/5537]	lr: 1.117e-02, eta: 2 days, 9:04:12, time: 3.476, data_time: 0.000, memory: 5243, top1_acc: 0.8888, top5_acc: 0.9919, loss_cls: 0.3524, loss: 0.3524
2026-09-02 15:14:25,360 - pyskl - INFO - Epoch [13][4600/5537]	lr: 1.114e-02, eta: 2 days, 8:58:53, time: 3.470, data_time: 0.000, memory: 5243, top1_acc: 0.8803, top5_acc: 0.9881, loss_cls: 0.3744, loss: 0.3744
2026-09-02 15:20:11,682 - pyskl - INFO - Epoch [13][4700/5537]	lr: 1.111e-02, eta: 2 days, 8:53:34, time: 3.463, data_time: 0.000, memory: 5243, top1_acc: 0.8853, top5_acc: 0.9869, loss_cls: 0.3853, loss: 0.3853
2026-09-02 15:25:57,757 - pyskl - INFO - Epoch [13][4800/5537]	lr: 1.108e-02, eta: 2 days, 8:48:15, time: 3.461, data_time: 0.000, memory: 5243, top1_acc: 0.8797, top5_acc: 0.9878, loss_cls: 0.3796, loss: 0.3796
2026-09-02 15:31:44,947 - pyskl - INFO - Epoch [13][4900/5537]	lr: 1.106e-02, eta: 2 days, 8:42:57, time: 3.472, data_time: 0.000, memory: 5243, top1_acc: 0.8797, top5_acc: 0.9906, loss_cls: 0.3818, loss: 0.3818
2026-09-02 15:37:33,108 - pyskl - INFO - Epoch [13][5000/5537]	lr: 1.103e-02, eta: 2 days, 8:37:39, time: 3.482, data_time: 0.000, memory: 5243, top1_acc: 0.8841, top5_acc: 0.9884, loss_cls: 0.3750, loss: 0.3750
2026-09-02 15:43:21,706 - pyskl - INFO - Epoch [13][5100/5537]	lr: 1.100e-02, eta: 2 days, 8:32:22, time: 3.486, data_time: 0.000, memory: 5243, top1_acc: 0.8803, top5_acc: 0.9859, loss_cls: 0.3876, loss: 0.3876
2026-09-02 15:49:10,106 - pyskl - INFO - Epoch [13][5200/5537]	lr: 1.097e-02, eta: 2 days, 8:27:04, time: 3.484, data_time: 0.000, memory: 5243, top1_acc: 0.8759, top5_acc: 0.9853, loss_cls: 0.3974, loss: 0.3974
2026-09-02 15:54:57,982 - pyskl - INFO - Epoch [13][5300/5537]	lr: 1.094e-02, eta: 2 days, 8:21:46, time: 3.479, data_time: 0.000, memory: 5243, top1_acc: 0.8875, top5_acc: 0.9878, loss_cls: 0.3710, loss: 0.3710
2026-09-02 16:00:45,388 - pyskl - INFO - Epoch [13][5400/5537]	lr: 1.091e-02, eta: 2 days, 8:16:27, time: 3.474, data_time: 0.000, memory: 5243, top1_acc: 0.8888, top5_acc: 0.9856, loss_cls: 0.3661, loss: 0.3661
2026-09-02 16:06:32,856 - pyskl - INFO - Epoch [13][5500/5537]	lr: 1.088e-02, eta: 2 days, 8:11:09, time: 3.475, data_time: 0.000, memory: 5243, top1_acc: 0.8772, top5_acc: 0.9878, loss_cls: 0.3889, loss: 0.3889
2026-09-02 16:08:41,235 - pyskl - INFO - Saving checkpoint at 13 epochs
2026-09-02 16:17:47,063 - pyskl - INFO - Evaluating top_k_accuracy ...
2026-09-02 16:17:47,084 - pyskl - INFO - 
top1_acc	0.8129
top5_acc	0.9665
2026-09-02 16:17:47,085 - pyskl - INFO - Epoch(val) [13][146]	top1_acc: 0.8129, top5_acc: 0.9665
2026-09-02 16:23:44,889 - pyskl - INFO - Epoch [14][100/5537]	lr: 1.084e-02, eta: 2 days, 8:02:12, time: 3.578, data_time: 0.110, memory: 5243, top1_acc: 0.8869, top5_acc: 0.9900, loss_cls: 0.3560, loss: 0.3560
2026-09-02 16:29:29,617 - pyskl - INFO - Epoch [14][200/5537]	lr: 1.081e-02, eta: 2 days, 7:56:51, time: 3.447, data_time: 0.000, memory: 5243, top1_acc: 0.8781, top5_acc: 0.9884, loss_cls: 0.3795, loss: 0.3795
2026-09-02 16:35:14,656 - pyskl - INFO - Epoch [14][300/5537]	lr: 1.078e-02, eta: 2 days, 7:51:31, time: 3.450, data_time: 0.000, memory: 5243, top1_acc: 0.8875, top5_acc: 0.9884, loss_cls: 0.3615, loss: 0.3615
2026-09-02 16:40:59,831 - pyskl - INFO - Epoch [14][400/5537]	lr: 1.075e-02, eta: 2 days, 7:46:10, time: 3.452, data_time: 0.000, memory: 5243, top1_acc: 0.8966, top5_acc: 0.9897, loss_cls: 0.3392, loss: 0.3392
2026-09-02 16:46:45,203 - pyskl - INFO - Epoch [14][500/5537]	lr: 1.072e-02, eta: 2 days, 7:40:50, time: 3.454, data_time: 0.000, memory: 5243, top1_acc: 0.8919, top5_acc: 0.9878, loss_cls: 0.3516, loss: 0.3516
2026-09-02 16:52:30,404 - pyskl - INFO - Epoch [14][600/5537]	lr: 1.069e-02, eta: 2 days, 7:35:29, time: 3.452, data_time: 0.000, memory: 5243, top1_acc: 0.8900, top5_acc: 0.9909, loss_cls: 0.3546, loss: 0.3546
2026-09-02 16:58:15,544 - pyskl - INFO - Epoch [14][700/5537]	lr: 1.066e-02, eta: 2 days, 7:30:08, time: 3.451, data_time: 0.000, memory: 5243, top1_acc: 0.8897, top5_acc: 0.9906, loss_cls: 0.3363, loss: 0.3363
2026-09-02 17:04:00,944 - pyskl - INFO - Epoch [14][800/5537]	lr: 1.063e-02, eta: 2 days, 7:24:47, time: 3.454, data_time: 0.000, memory: 5243, top1_acc: 0.8947, top5_acc: 0.9903, loss_cls: 0.3435, loss: 0.3435
2026-09-02 17:09:45,751 - pyskl - INFO - Epoch [14][900/5537]	lr: 1.061e-02, eta: 2 days, 7:19:26, time: 3.448, data_time: 0.000, memory: 5243, top1_acc: 0.8894, top5_acc: 0.9900, loss_cls: 0.3509, loss: 0.3509
2026-09-02 17:15:30,039 - pyskl - INFO - Epoch [14][1000/5537]	lr: 1.058e-02, eta: 2 days, 7:14:04, time: 3.443, data_time: 0.000, memory: 5243, top1_acc: 0.8916, top5_acc: 0.9872, loss_cls: 0.3687, loss: 0.3687
2026-09-02 17:21:15,392 - pyskl - INFO - Epoch [14][1100/5537]	lr: 1.055e-02, eta: 2 days, 7:08:43, time: 3.454, data_time: 0.000, memory: 5243, top1_acc: 0.8822, top5_acc: 0.9916, loss_cls: 0.3615, loss: 0.3615
2026-09-02 17:27:00,403 - pyskl - INFO - Epoch [14][1200/5537]	lr: 1.052e-02, eta: 2 days, 7:03:22, time: 3.450, data_time: 0.000, memory: 5243, top1_acc: 0.8875, top5_acc: 0.9866, loss_cls: 0.3725, loss: 0.3725
2026-09-02 17:32:46,000 - pyskl - INFO - Epoch [14][1300/5537]	lr: 1.049e-02, eta: 2 days, 6:58:01, time: 3.456, data_time: 0.000, memory: 5243, top1_acc: 0.8891, top5_acc: 0.9922, loss_cls: 0.3444, loss: 0.3444
2026-09-02 17:38:31,062 - pyskl - INFO - Epoch [14][1400/5537]	lr: 1.046e-02, eta: 2 days, 6:52:40, time: 3.451, data_time: 0.000, memory: 5243, top1_acc: 0.8859, top5_acc: 0.9891, loss_cls: 0.3656, loss: 0.3656
2026-09-02 17:44:16,058 - pyskl - INFO - Epoch [14][1500/5537]	lr: 1.043e-02, eta: 2 days, 6:47:18, time: 3.450, data_time: 0.000, memory: 5243, top1_acc: 0.8897, top5_acc: 0.9881, loss_cls: 0.3679, loss: 0.3679
2026-09-02 17:49:59,146 - pyskl - INFO - Epoch [14][1600/5537]	lr: 1.040e-02, eta: 2 days, 6:41:55, time: 3.431, data_time: 0.000, memory: 5243, top1_acc: 0.8938, top5_acc: 0.9862, loss_cls: 0.3512, loss: 0.3512
2026-09-02 17:55:42,421 - pyskl - INFO - Epoch [14][1700/5537]	lr: 1.037e-02, eta: 2 days, 6:36:32, time: 3.433, data_time: 0.000, memory: 5243, top1_acc: 0.8859, top5_acc: 0.9916, loss_cls: 0.3544, loss: 0.3544
2026-09-02 18:01:26,353 - pyskl - INFO - Epoch [14][1800/5537]	lr: 1.034e-02, eta: 2 days, 6:31:10, time: 3.439, data_time: 0.000, memory: 5243, top1_acc: 0.9078, top5_acc: 0.9903, loss_cls: 0.3209, loss: 0.3209
2026-09-02 18:07:10,333 - pyskl - INFO - Epoch [14][1900/5537]	lr: 1.031e-02, eta: 2 days, 6:25:47, time: 3.440, data_time: 0.000, memory: 5243, top1_acc: 0.8834, top5_acc: 0.9903, loss_cls: 0.3676, loss: 0.3676
2026-09-02 18:12:53,988 - pyskl - INFO - Epoch [14][2000/5537]	lr: 1.028e-02, eta: 2 days, 6:20:24, time: 3.437, data_time: 0.000, memory: 5243, top1_acc: 0.8800, top5_acc: 0.9869, loss_cls: 0.3782, loss: 0.3782
2026-09-02 18:18:37,500 - pyskl - INFO - Epoch [14][2100/5537]	lr: 1.026e-02, eta: 2 days, 6:15:01, time: 3.435, data_time: 0.000, memory: 5243, top1_acc: 0.9044, top5_acc: 0.9900, loss_cls: 0.3296, loss: 0.3296
2026-09-02 18:24:21,703 - pyskl - INFO - Epoch [14][2200/5537]	lr: 1.023e-02, eta: 2 days, 6:09:39, time: 3.442, data_time: 0.000, memory: 5243, top1_acc: 0.8831, top5_acc: 0.9866, loss_cls: 0.3736, loss: 0.3736
2026-09-02 18:30:05,777 - pyskl - INFO - Epoch [14][2300/5537]	lr: 1.020e-02, eta: 2 days, 6:04:16, time: 3.441, data_time: 0.000, memory: 5243, top1_acc: 0.8972, top5_acc: 0.9894, loss_cls: 0.3254, loss: 0.3254
2026-09-02 18:35:49,613 - pyskl - INFO - Epoch [14][2400/5537]	lr: 1.017e-02, eta: 2 days, 5:58:53, time: 3.438, data_time: 0.000, memory: 5243, top1_acc: 0.8872, top5_acc: 0.9881, loss_cls: 0.3635, loss: 0.3635
2026-09-02 18:41:33,784 - pyskl - INFO - Epoch [14][2500/5537]	lr: 1.014e-02, eta: 2 days, 5:53:30, time: 3.442, data_time: 0.000, memory: 5243, top1_acc: 0.8853, top5_acc: 0.9872, loss_cls: 0.3628, loss: 0.3628
2026-09-02 18:47:17,697 - pyskl - INFO - Epoch [14][2600/5537]	lr: 1.011e-02, eta: 2 days, 5:48:07, time: 3.439, data_time: 0.000, memory: 5243, top1_acc: 0.8941, top5_acc: 0.9906, loss_cls: 0.3354, loss: 0.3354
2026-09-02 18:53:02,905 - pyskl - INFO - Epoch [14][2700/5537]	lr: 1.008e-02, eta: 2 days, 5:42:45, time: 3.452, data_time: 0.000, memory: 5243, top1_acc: 0.8947, top5_acc: 0.9888, loss_cls: 0.3308, loss: 0.3308
2026-09-02 18:58:47,282 - pyskl - INFO - Epoch [14][2800/5537]	lr: 1.005e-02, eta: 2 days, 5:37:23, time: 3.444, data_time: 0.000, memory: 5243, top1_acc: 0.8950, top5_acc: 0.9878, loss_cls: 0.3461, loss: 0.3461
2026-09-02 19:04:31,964 - pyskl - INFO - Epoch [14][2900/5537]	lr: 1.002e-02, eta: 2 days, 5:32:00, time: 3.447, data_time: 0.000, memory: 5243, top1_acc: 0.8975, top5_acc: 0.9928, loss_cls: 0.3369, loss: 0.3369
2026-09-02 19:10:17,282 - pyskl - INFO - Epoch [14][3000/5537]	lr: 9.995e-03, eta: 2 days, 5:26:38, time: 3.453, data_time: 0.000, memory: 5243, top1_acc: 0.8903, top5_acc: 0.9925, loss_cls: 0.3497, loss: 0.3497
2026-09-02 19:16:01,876 - pyskl - INFO - Epoch [14][3100/5537]	lr: 9.966e-03, eta: 2 days, 5:21:15, time: 3.446, data_time: 0.000, memory: 5243, top1_acc: 0.8903, top5_acc: 0.9903, loss_cls: 0.3340, loss: 0.3340
2026-09-02 19:21:46,932 - pyskl - INFO - Epoch [14][3200/5537]	lr: 9.937e-03, eta: 2 days, 5:15:53, time: 3.451, data_time: 0.000, memory: 5243, top1_acc: 0.8875, top5_acc: 0.9875, loss_cls: 0.3644, loss: 0.3644
2026-09-02 19:27:32,165 - pyskl - INFO - Epoch [14][3300/5537]	lr: 9.908e-03, eta: 2 days, 5:10:30, time: 3.452, data_time: 0.000, memory: 5243, top1_acc: 0.8944, top5_acc: 0.9881, loss_cls: 0.3442, loss: 0.3442
2026-09-02 19:33:17,560 - pyskl - INFO - Epoch [14][3400/5537]	lr: 9.879e-03, eta: 2 days, 5:05:08, time: 3.454, data_time: 0.000, memory: 5243, top1_acc: 0.8994, top5_acc: 0.9894, loss_cls: 0.3287, loss: 0.3287
2026-09-02 19:39:02,587 - pyskl - INFO - Epoch [14][3500/5537]	lr: 9.850e-03, eta: 2 days, 4:59:45, time: 3.450, data_time: 0.000, memory: 5243, top1_acc: 0.8966, top5_acc: 0.9909, loss_cls: 0.3392, loss: 0.3392
2026-09-02 19:44:48,157 - pyskl - INFO - Epoch [14][3600/5537]	lr: 9.821e-03, eta: 2 days, 4:54:23, time: 3.456, data_time: 0.000, memory: 5243, top1_acc: 0.8984, top5_acc: 0.9928, loss_cls: 0.3285, loss: 0.3285
2026-09-02 19:50:33,084 - pyskl - INFO - Epoch [14][3700/5537]	lr: 9.792e-03, eta: 2 days, 4:49:00, time: 3.449, data_time: 0.000, memory: 5243, top1_acc: 0.8972, top5_acc: 0.9897, loss_cls: 0.3377, loss: 0.3377
2026-09-02 19:56:18,787 - pyskl - INFO - Epoch [14][3800/5537]	lr: 9.763e-03, eta: 2 days, 4:43:38, time: 3.457, data_time: 0.000, memory: 5243, top1_acc: 0.8909, top5_acc: 0.9894, loss_cls: 0.3458, loss: 0.3458
2026-09-02 20:02:04,406 - pyskl - INFO - Epoch [14][3900/5537]	lr: 9.735e-03, eta: 2 days, 4:38:15, time: 3.456, data_time: 0.000, memory: 5243, top1_acc: 0.8953, top5_acc: 0.9916, loss_cls: 0.3466, loss: 0.3466
2026-09-02 20:07:50,343 - pyskl - INFO - Epoch [14][4000/5537]	lr: 9.706e-03, eta: 2 days, 4:32:53, time: 3.459, data_time: 0.000, memory: 5243, top1_acc: 0.8988, top5_acc: 0.9931, loss_cls: 0.3291, loss: 0.3291
2026-09-02 20:13:36,050 - pyskl - INFO - Epoch [14][4100/5537]	lr: 9.677e-03, eta: 2 days, 4:27:31, time: 3.457, data_time: 0.000, memory: 5243, top1_acc: 0.8919, top5_acc: 0.9912, loss_cls: 0.3546, loss: 0.3546
2026-09-02 20:19:21,664 - pyskl - INFO - Epoch [14][4200/5537]	lr: 9.648e-03, eta: 2 days, 4:22:08, time: 3.456, data_time: 0.000, memory: 5243, top1_acc: 0.8959, top5_acc: 0.9888, loss_cls: 0.3390, loss: 0.3390
2026-09-02 20:25:06,928 - pyskl - INFO - Epoch [14][4300/5537]	lr: 9.619e-03, eta: 2 days, 4:16:45, time: 3.453, data_time: 0.000, memory: 5243, top1_acc: 0.9022, top5_acc: 0.9912, loss_cls: 0.3225, loss: 0.3225
2026-09-02 20:30:52,294 - pyskl - INFO - Epoch [14][4400/5537]	lr: 9.591e-03, eta: 2 days, 4:11:22, time: 3.454, data_time: 0.000, memory: 5243, top1_acc: 0.8922, top5_acc: 0.9884, loss_cls: 0.3524, loss: 0.3524
2026-09-02 20:36:37,285 - pyskl - INFO - Epoch [14][4500/5537]	lr: 9.562e-03, eta: 2 days, 4:05:59, time: 3.450, data_time: 0.000, memory: 5243, top1_acc: 0.8966, top5_acc: 0.9928, loss_cls: 0.3401, loss: 0.3401
2026-09-02 20:42:22,400 - pyskl - INFO - Epoch [14][4600/5537]	lr: 9.533e-03, eta: 2 days, 4:00:36, time: 3.451, data_time: 0.000, memory: 5243, top1_acc: 0.8956, top5_acc: 0.9875, loss_cls: 0.3410, loss: 0.3410
2026-09-02 20:48:07,339 - pyskl - INFO - Epoch [14][4700/5537]	lr: 9.505e-03, eta: 2 days, 3:55:12, time: 3.449, data_time: 0.000, memory: 5243, top1_acc: 0.8941, top5_acc: 0.9912, loss_cls: 0.3533, loss: 0.3533
2026-09-02 20:53:51,918 - pyskl - INFO - Epoch [14][4800/5537]	lr: 9.476e-03, eta: 2 days, 3:49:48, time: 3.446, data_time: 0.000, memory: 5243, top1_acc: 0.9081, top5_acc: 0.9928, loss_cls: 0.3103, loss: 0.3103
2026-09-02 20:59:36,399 - pyskl - INFO - Epoch [14][4900/5537]	lr: 9.447e-03, eta: 2 days, 3:44:25, time: 3.445, data_time: 0.000, memory: 5243, top1_acc: 0.8922, top5_acc: 0.9900, loss_cls: 0.3427, loss: 0.3427
2026-09-02 21:05:21,215 - pyskl - INFO - Epoch [14][5000/5537]	lr: 9.419e-03, eta: 2 days, 3:39:01, time: 3.448, data_time: 0.000, memory: 5243, top1_acc: 0.8950, top5_acc: 0.9934, loss_cls: 0.3421, loss: 0.3421
2026-09-02 21:11:06,203 - pyskl - INFO - Epoch [14][5100/5537]	lr: 9.390e-03, eta: 2 days, 3:33:37, time: 3.450, data_time: 0.000, memory: 5243, top1_acc: 0.8969, top5_acc: 0.9919, loss_cls: 0.3442, loss: 0.3442
2026-09-02 21:16:50,729 - pyskl - INFO - Epoch [14][5200/5537]	lr: 9.361e-03, eta: 2 days, 3:28:13, time: 3.445, data_time: 0.000, memory: 5243, top1_acc: 0.9025, top5_acc: 0.9925, loss_cls: 0.3155, loss: 0.3155
2026-09-02 21:22:34,943 - pyskl - INFO - Epoch [14][5300/5537]	lr: 9.333e-03, eta: 2 days, 3:22:49, time: 3.442, data_time: 0.000, memory: 5243, top1_acc: 0.9172, top5_acc: 0.9938, loss_cls: 0.2778, loss: 0.2778
2026-09-02 21:28:19,107 - pyskl - INFO - Epoch [14][5400/5537]	lr: 9.304e-03, eta: 2 days, 3:17:25, time: 3.442, data_time: 0.000, memory: 5243, top1_acc: 0.8981, top5_acc: 0.9909, loss_cls: 0.3401, loss: 0.3401
2026-09-02 21:34:03,556 - pyskl - INFO - Epoch [14][5500/5537]	lr: 9.276e-03, eta: 2 days, 3:12:00, time: 3.444, data_time: 0.000, memory: 5243, top1_acc: 0.9041, top5_acc: 0.9912, loss_cls: 0.3174, loss: 0.3174
2026-09-02 21:36:10,775 - pyskl - INFO - Saving checkpoint at 14 epochs
2026-09-02 21:44:58,768 - pyskl - INFO - Evaluating top_k_accuracy ...
2026-09-02 21:44:58,785 - pyskl - INFO - 
top1_acc	0.8060
top5_acc	0.9611
2026-09-02 21:44:58,786 - pyskl - INFO - Epoch(val) [14][146]	top1_acc: 0.8060, top5_acc: 0.9611
2026-09-02 21:50:58,203 - pyskl - INFO - Epoch [15][100/5537]	lr: 9.237e-03, eta: 2 days, 3:03:16, time: 3.594, data_time: 0.112, memory: 5243, top1_acc: 0.9053, top5_acc: 0.9931, loss_cls: 0.3219, loss: 0.3219
2026-09-02 21:56:45,302 - pyskl - INFO - Epoch [15][200/5537]	lr: 9.208e-03, eta: 2 days, 2:57:54, time: 3.471, data_time: 0.000, memory: 5243, top1_acc: 0.9072, top5_acc: 0.9922, loss_cls: 0.2959, loss: 0.2959
2026-09-02 22:02:33,180 - pyskl - INFO - Epoch [15][300/5537]	lr: 9.179e-03, eta: 2 days, 2:52:32, time: 3.479, data_time: 0.000, memory: 5243, top1_acc: 0.8988, top5_acc: 0.9912, loss_cls: 0.3237, loss: 0.3237
2026-09-02 22:08:20,519 - pyskl - INFO - Epoch [15][400/5537]	lr: 9.151e-03, eta: 2 days, 2:47:10, time: 3.473, data_time: 0.000, memory: 5243, top1_acc: 0.9016, top5_acc: 0.9938, loss_cls: 0.3151, loss: 0.3151
2026-09-02 22:14:08,480 - pyskl - INFO - Epoch [15][500/5537]	lr: 9.123e-03, eta: 2 days, 2:41:48, time: 3.480, data_time: 0.000, memory: 5243, top1_acc: 0.9012, top5_acc: 0.9900, loss_cls: 0.3251, loss: 0.3251
2026-09-02 22:19:54,850 - pyskl - INFO - Epoch [15][600/5537]	lr: 9.094e-03, eta: 2 days, 2:36:25, time: 3.464, data_time: 0.000, memory: 5243, top1_acc: 0.9038, top5_acc: 0.9950, loss_cls: 0.3105, loss: 0.3105
2026-09-02 22:25:41,367 - pyskl - INFO - Epoch [15][700/5537]	lr: 9.066e-03, eta: 2 days, 2:31:02, time: 3.465, data_time: 0.000, memory: 5243, top1_acc: 0.9062, top5_acc: 0.9941, loss_cls: 0.2969, loss: 0.2969
2026-09-02 22:31:28,069 - pyskl - INFO - Epoch [15][800/5537]	lr: 9.037e-03, eta: 2 days, 2:25:39, time: 3.467, data_time: 0.000, memory: 5243, top1_acc: 0.9131, top5_acc: 0.9928, loss_cls: 0.2987, loss: 0.2987
2026-09-02 22:37:14,780 - pyskl - INFO - Epoch [15][900/5537]	lr: 9.009e-03, eta: 2 days, 2:20:16, time: 3.467, data_time: 0.000, memory: 5243, top1_acc: 0.8928, top5_acc: 0.9947, loss_cls: 0.3178, loss: 0.3178
2026-09-02 22:43:01,875 - pyskl - INFO - Epoch [15][1000/5537]	lr: 8.981e-03, eta: 2 days, 2:14:54, time: 3.471, data_time: 0.000, memory: 5243, top1_acc: 0.9044, top5_acc: 0.9916, loss_cls: 0.3133, loss: 0.3133
2026-09-02 22:48:48,456 - pyskl - INFO - Epoch [15][1100/5537]	lr: 8.952e-03, eta: 2 days, 2:09:31, time: 3.466, data_time: 0.000, memory: 5243, top1_acc: 0.9087, top5_acc: 0.9925, loss_cls: 0.2994, loss: 0.2994
2026-09-02 22:54:34,670 - pyskl - INFO - Epoch [15][1200/5537]	lr: 8.924e-03, eta: 2 days, 2:04:07, time: 3.462, data_time: 0.000, memory: 5243, top1_acc: 0.9050, top5_acc: 0.9919, loss_cls: 0.3118, loss: 0.3118
2026-09-02 23:00:21,255 - pyskl - INFO - Epoch [15][1300/5537]	lr: 8.896e-03, eta: 2 days, 1:58:44, time: 3.466, data_time: 0.000, memory: 5243, top1_acc: 0.9053, top5_acc: 0.9922, loss_cls: 0.3114, loss: 0.3114
2026-09-02 23:06:07,923 - pyskl - INFO - Epoch [15][1400/5537]	lr: 8.867e-03, eta: 2 days, 1:53:21, time: 3.467, data_time: 0.000, memory: 5243, top1_acc: 0.8931, top5_acc: 0.9919, loss_cls: 0.3376, loss: 0.3376
2026-09-02 23:11:55,003 - pyskl - INFO - Epoch [15][1500/5537]	lr: 8.839e-03, eta: 2 days, 1:47:58, time: 3.471, data_time: 0.000, memory: 5243, top1_acc: 0.9144, top5_acc: 0.9931, loss_cls: 0.2896, loss: 0.2896
2026-09-02 23:17:42,425 - pyskl - INFO - Epoch [15][1600/5537]	lr: 8.811e-03, eta: 2 days, 1:42:35, time: 3.474, data_time: 0.000, memory: 5243, top1_acc: 0.9019, top5_acc: 0.9934, loss_cls: 0.3037, loss: 0.3037
2026-09-02 23:23:29,765 - pyskl - INFO - Epoch [15][1700/5537]	lr: 8.783e-03, eta: 2 days, 1:37:12, time: 3.473, data_time: 0.000, memory: 5243, top1_acc: 0.9094, top5_acc: 0.9894, loss_cls: 0.3010, loss: 0.3010
2026-09-02 23:29:17,268 - pyskl - INFO - Epoch [15][1800/5537]	lr: 8.754e-03, eta: 2 days, 1:31:49, time: 3.475, data_time: 0.000, memory: 5243, top1_acc: 0.9144, top5_acc: 0.9931, loss_cls: 0.2959, loss: 0.2959
2026-09-02 23:35:04,384 - pyskl - INFO - Epoch [15][1900/5537]	lr: 8.726e-03, eta: 2 days, 1:26:26, time: 3.471, data_time: 0.000, memory: 5243, top1_acc: 0.9175, top5_acc: 0.9931, loss_cls: 0.2744, loss: 0.2744
2026-09-02 23:40:51,053 - pyskl - INFO - Epoch [15][2000/5537]	lr: 8.698e-03, eta: 2 days, 1:21:02, time: 3.467, data_time: 0.000, memory: 5243, top1_acc: 0.9072, top5_acc: 0.9919, loss_cls: 0.2977, loss: 0.2977
2026-09-02 23:46:37,583 - pyskl - INFO - Epoch [15][2100/5537]	lr: 8.670e-03, eta: 2 days, 1:15:38, time: 3.465, data_time: 0.000, memory: 5243, top1_acc: 0.9019, top5_acc: 0.9931, loss_cls: 0.3100, loss: 0.3100
2026-09-02 23:52:25,097 - pyskl - INFO - Epoch [15][2200/5537]	lr: 8.642e-03, eta: 2 days, 1:10:15, time: 3.475, data_time: 0.000, memory: 5243, top1_acc: 0.8969, top5_acc: 0.9903, loss_cls: 0.3381, loss: 0.3381
2026-09-02 23:58:12,290 - pyskl - INFO - Epoch [15][2300/5537]	lr: 8.614e-03, eta: 2 days, 1:04:52, time: 3.472, data_time: 0.000, memory: 5243, top1_acc: 0.9031, top5_acc: 0.9909, loss_cls: 0.3186, loss: 0.3186
2026-09-03 00:03:59,462 - pyskl - INFO - Epoch [15][2400/5537]	lr: 8.586e-03, eta: 2 days, 0:59:28, time: 3.472, data_time: 0.000, memory: 5243, top1_acc: 0.9069, top5_acc: 0.9922, loss_cls: 0.3076, loss: 0.3076
2026-09-03 00:09:46,498 - pyskl - INFO - Epoch [15][2500/5537]	lr: 8.558e-03, eta: 2 days, 0:54:04, time: 3.470, data_time: 0.000, memory: 5243, top1_acc: 0.9034, top5_acc: 0.9928, loss_cls: 0.3123, loss: 0.3123
2026-09-03 00:15:33,704 - pyskl - INFO - Epoch [15][2600/5537]	lr: 8.529e-03, eta: 2 days, 0:48:41, time: 3.472, data_time: 0.000, memory: 5243, top1_acc: 0.9072, top5_acc: 0.9916, loss_cls: 0.2940, loss: 0.2940
2026-09-03 00:21:21,136 - pyskl - INFO - Epoch [15][2700/5537]	lr: 8.501e-03, eta: 2 days, 0:43:17, time: 3.474, data_time: 0.000, memory: 5243, top1_acc: 0.8928, top5_acc: 0.9922, loss_cls: 0.3275, loss: 0.3275
2026-09-03 00:27:08,377 - pyskl - INFO - Epoch [15][2800/5537]	lr: 8.473e-03, eta: 2 days, 0:37:54, time: 3.472, data_time: 0.000, memory: 5243, top1_acc: 0.8997, top5_acc: 0.9928, loss_cls: 0.3014, loss: 0.3014
2026-09-03 00:32:56,000 - pyskl - INFO - Epoch [15][2900/5537]	lr: 8.446e-03, eta: 2 days, 0:32:30, time: 3.476, data_time: 0.000, memory: 5243, top1_acc: 0.9113, top5_acc: 0.9941, loss_cls: 0.2914, loss: 0.2914
2026-09-03 00:38:42,939 - pyskl - INFO - Epoch [15][3000/5537]	lr: 8.418e-03, eta: 2 days, 0:27:06, time: 3.469, data_time: 0.000, memory: 5243, top1_acc: 0.9031, top5_acc: 0.9925, loss_cls: 0.3129, loss: 0.3129
2026-09-03 00:44:30,584 - pyskl - INFO - Epoch [15][3100/5537]	lr: 8.390e-03, eta: 2 days, 0:21:42, time: 3.476, data_time: 0.000, memory: 5243, top1_acc: 0.9081, top5_acc: 0.9934, loss_cls: 0.2903, loss: 0.2903
2026-09-03 00:50:18,013 - pyskl - INFO - Epoch [15][3200/5537]	lr: 8.362e-03, eta: 2 days, 0:16:19, time: 3.474, data_time: 0.000, memory: 5243, top1_acc: 0.8950, top5_acc: 0.9903, loss_cls: 0.3328, loss: 0.3328
2026-09-03 00:56:05,448 - pyskl - INFO - Epoch [15][3300/5537]	lr: 8.334e-03, eta: 2 days, 0:10:55, time: 3.474, data_time: 0.000, memory: 5243, top1_acc: 0.9047, top5_acc: 0.9912, loss_cls: 0.2979, loss: 0.2979
2026-09-03 01:01:52,927 - pyskl - INFO - Epoch [15][3400/5537]	lr: 8.306e-03, eta: 2 days, 0:05:31, time: 3.475, data_time: 0.000, memory: 5243, top1_acc: 0.8975, top5_acc: 0.9919, loss_cls: 0.3241, loss: 0.3241
2026-09-03 01:07:40,270 - pyskl - INFO - Epoch [15][3500/5537]	lr: 8.278e-03, eta: 2 days, 0:00:07, time: 3.473, data_time: 0.000, memory: 5243, top1_acc: 0.9081, top5_acc: 0.9941, loss_cls: 0.2916, loss: 0.2916
2026-09-03 01:13:27,569 - pyskl - INFO - Epoch [15][3600/5537]	lr: 8.250e-03, eta: 1 day, 23:54:43, time: 3.473, data_time: 0.000, memory: 5243, top1_acc: 0.9084, top5_acc: 0.9950, loss_cls: 0.2922, loss: 0.2922
2026-09-03 01:19:14,865 - pyskl - INFO - Epoch [15][3700/5537]	lr: 8.223e-03, eta: 1 day, 23:49:19, time: 3.473, data_time: 0.000, memory: 5243, top1_acc: 0.9066, top5_acc: 0.9931, loss_cls: 0.2957, loss: 0.2957
2026-09-03 01:25:01,831 - pyskl - INFO - Epoch [15][3800/5537]	lr: 8.195e-03, eta: 1 day, 23:43:54, time: 3.470, data_time: 0.000, memory: 5243, top1_acc: 0.9031, top5_acc: 0.9919, loss_cls: 0.3146, loss: 0.3146
2026-09-03 01:30:49,201 - pyskl - INFO - Epoch [15][3900/5537]	lr: 8.167e-03, eta: 1 day, 23:38:30, time: 3.474, data_time: 0.000, memory: 5243, top1_acc: 0.9116, top5_acc: 0.9925, loss_cls: 0.2891, loss: 0.2891
2026-09-03 01:36:36,785 - pyskl - INFO - Epoch [15][4000/5537]	lr: 8.139e-03, eta: 1 day, 23:33:06, time: 3.476, data_time: 0.000, memory: 5243, top1_acc: 0.9087, top5_acc: 0.9925, loss_cls: 0.2943, loss: 0.2943
2026-09-03 01:42:24,609 - pyskl - INFO - Epoch [15][4100/5537]	lr: 8.112e-03, eta: 1 day, 23:27:42, time: 3.478, data_time: 0.000, memory: 5243, top1_acc: 0.9081, top5_acc: 0.9928, loss_cls: 0.2932, loss: 0.2932
2026-09-03 01:48:11,786 - pyskl - INFO - Epoch [15][4200/5537]	lr: 8.084e-03, eta: 1 day, 23:22:17, time: 3.472, data_time: 0.000, memory: 5243, top1_acc: 0.8912, top5_acc: 0.9891, loss_cls: 0.3367, loss: 0.3367
2026-09-03 01:53:58,871 - pyskl - INFO - Epoch [15][4300/5537]	lr: 8.056e-03, eta: 1 day, 23:16:52, time: 3.471, data_time: 0.000, memory: 5243, top1_acc: 0.9066, top5_acc: 0.9956, loss_cls: 0.3010, loss: 0.3010
2026-09-03 01:59:46,142 - pyskl - INFO - Epoch [15][4400/5537]	lr: 8.029e-03, eta: 1 day, 23:11:28, time: 3.473, data_time: 0.000, memory: 5243, top1_acc: 0.9169, top5_acc: 0.9944, loss_cls: 0.2796, loss: 0.2796
2026-09-03 02:05:33,223 - pyskl - INFO - Epoch [15][4500/5537]	lr: 8.001e-03, eta: 1 day, 23:06:03, time: 3.471, data_time: 0.000, memory: 5243, top1_acc: 0.9097, top5_acc: 0.9931, loss_cls: 0.2908, loss: 0.2908
2026-09-03 02:11:20,161 - pyskl - INFO - Epoch [15][4600/5537]	lr: 7.974e-03, eta: 1 day, 23:00:38, time: 3.469, data_time: 0.000, memory: 5243, top1_acc: 0.9091, top5_acc: 0.9928, loss_cls: 0.3014, loss: 0.3014
2026-09-03 02:17:07,521 - pyskl - INFO - Epoch [15][4700/5537]	lr: 7.946e-03, eta: 1 day, 22:55:13, time: 3.474, data_time: 0.000, memory: 5243, top1_acc: 0.9056, top5_acc: 0.9900, loss_cls: 0.3141, loss: 0.3141
2026-09-03 02:22:55,008 - pyskl - INFO - Epoch [15][4800/5537]	lr: 7.919e-03, eta: 1 day, 22:49:49, time: 3.475, data_time: 0.000, memory: 5243, top1_acc: 0.9122, top5_acc: 0.9922, loss_cls: 0.2974, loss: 0.2974
2026-09-03 02:28:42,377 - pyskl - INFO - Epoch [15][4900/5537]	lr: 7.891e-03, eta: 1 day, 22:44:24, time: 3.474, data_time: 0.000, memory: 5243, top1_acc: 0.9097, top5_acc: 0.9922, loss_cls: 0.2958, loss: 0.2958
2026-09-03 02:34:29,545 - pyskl - INFO - Epoch [15][5000/5537]	lr: 7.864e-03, eta: 1 day, 22:38:59, time: 3.472, data_time: 0.000, memory: 5243, top1_acc: 0.9038, top5_acc: 0.9925, loss_cls: 0.3135, loss: 0.3135
2026-09-03 02:40:17,245 - pyskl - INFO - Epoch [15][5100/5537]	lr: 7.836e-03, eta: 1 day, 22:33:34, time: 3.477, data_time: 0.000, memory: 5243, top1_acc: 0.9012, top5_acc: 0.9947, loss_cls: 0.2964, loss: 0.2964
2026-09-03 02:46:03,934 - pyskl - INFO - Epoch [15][5200/5537]	lr: 7.809e-03, eta: 1 day, 22:28:09, time: 3.467, data_time: 0.000, memory: 5243, top1_acc: 0.9119, top5_acc: 0.9944, loss_cls: 0.2835, loss: 0.2835
2026-09-03 02:51:51,205 - pyskl - INFO - Epoch [15][5300/5537]	lr: 7.782e-03, eta: 1 day, 22:22:44, time: 3.473, data_time: 0.000, memory: 5243, top1_acc: 0.9087, top5_acc: 0.9931, loss_cls: 0.2985, loss: 0.2985
2026-09-03 02:57:38,545 - pyskl - INFO - Epoch [15][5400/5537]	lr: 7.754e-03, eta: 1 day, 22:17:19, time: 3.473, data_time: 0.000, memory: 5243, top1_acc: 0.9097, top5_acc: 0.9959, loss_cls: 0.2868, loss: 0.2868
2026-09-03 03:03:25,567 - pyskl - INFO - Epoch [15][5500/5537]	lr: 7.727e-03, eta: 1 day, 22:11:53, time: 3.470, data_time: 0.000, memory: 5243, top1_acc: 0.9081, top5_acc: 0.9938, loss_cls: 0.2899, loss: 0.2899
2026-09-03 03:05:33,793 - pyskl - INFO - Saving checkpoint at 15 epochs
2026-09-03 03:14:25,834 - pyskl - INFO - Evaluating top_k_accuracy ...
2026-09-03 03:14:25,850 - pyskl - INFO - 
top1_acc	0.8155
top5_acc	0.9641
2026-09-03 03:14:25,852 - pyskl - INFO - The previous best checkpoint D:\YXJProject\pythonProject\pyskl\work_dirs\aug_baseline\stgcnpp_j\train\A3_coord_noise_e24\best_top1_acc_epoch_11.pth was removed
2026-09-03 03:14:25,983 - pyskl - INFO - Now best checkpoint is saved as best_top1_acc_epoch_15.pth.
2026-09-03 03:14:25,984 - pyskl - INFO - Best top1_acc is 0.8155 at 15 epoch.
2026-09-03 03:14:25,985 - pyskl - INFO - Epoch(val) [15][146]	top1_acc: 0.8155, top5_acc: 0.9641
2026-09-03 03:20:24,477 - pyskl - INFO - Epoch [16][100/5537]	lr: 7.689e-03, eta: 1 day, 22:03:18, time: 3.585, data_time: 0.110, memory: 5243, top1_acc: 0.9103, top5_acc: 0.9938, loss_cls: 0.2903, loss: 0.2903
2026-09-03 03:26:10,350 - pyskl - INFO - Epoch [16][200/5537]	lr: 7.662e-03, eta: 1 day, 21:57:52, time: 3.459, data_time: 0.000, memory: 5243, top1_acc: 0.9109, top5_acc: 0.9934, loss_cls: 0.2857, loss: 0.2857
2026-09-03 03:31:55,225 - pyskl - INFO - Epoch [16][300/5537]	lr: 7.635e-03, eta: 1 day, 21:52:25, time: 3.449, data_time: 0.000, memory: 5243, top1_acc: 0.9131, top5_acc: 0.9941, loss_cls: 0.2731, loss: 0.2731
2026-09-03 03:37:40,346 - pyskl - INFO - Epoch [16][400/5537]	lr: 7.608e-03, eta: 1 day, 21:46:59, time: 3.451, data_time: 0.000, memory: 5243, top1_acc: 0.9147, top5_acc: 0.9956, loss_cls: 0.2597, loss: 0.2597
2026-09-03 03:43:25,643 - pyskl - INFO - Epoch [16][500/5537]	lr: 7.581e-03, eta: 1 day, 21:41:32, time: 3.453, data_time: 0.000, memory: 5243, top1_acc: 0.9291, top5_acc: 0.9956, loss_cls: 0.2501, loss: 0.2501
2026-09-03 03:49:13,218 - pyskl - INFO - Epoch [16][600/5537]	lr: 7.553e-03, eta: 1 day, 21:36:07, time: 3.476, data_time: 0.000, memory: 5243, top1_acc: 0.9150, top5_acc: 0.9950, loss_cls: 0.2689, loss: 0.2689
2026-09-03 03:55:00,781 - pyskl - INFO - Epoch [16][700/5537]	lr: 7.526e-03, eta: 1 day, 21:30:42, time: 3.476, data_time: 0.000, memory: 5243, top1_acc: 0.9191, top5_acc: 0.9950, loss_cls: 0.2532, loss: 0.2532
2026-09-03 04:00:48,522 - pyskl - INFO - Epoch [16][800/5537]	lr: 7.499e-03, eta: 1 day, 21:25:17, time: 3.477, data_time: 0.000, memory: 5243, top1_acc: 0.9247, top5_acc: 0.9953, loss_cls: 0.2476, loss: 0.2476
2026-09-03 04:06:36,546 - pyskl - INFO - Epoch [16][900/5537]	lr: 7.472e-03, eta: 1 day, 21:19:52, time: 3.480, data_time: 0.000, memory: 5243, top1_acc: 0.9200, top5_acc: 0.9938, loss_cls: 0.2596, loss: 0.2596
2026-09-03 04:12:24,251 - pyskl - INFO - Epoch [16][1000/5537]	lr: 7.445e-03, eta: 1 day, 21:14:26, time: 3.477, data_time: 0.000, memory: 5243, top1_acc: 0.9191, top5_acc: 0.9966, loss_cls: 0.2618, loss: 0.2618
2026-09-03 04:18:11,608 - pyskl - INFO - Epoch [16][1100/5537]	lr: 7.418e-03, eta: 1 day, 21:09:01, time: 3.474, data_time: 0.000, memory: 5243, top1_acc: 0.9137, top5_acc: 0.9934, loss_cls: 0.2828, loss: 0.2828
2026-09-03 04:23:58,985 - pyskl - INFO - Epoch [16][1200/5537]	lr: 7.391e-03, eta: 1 day, 21:03:35, time: 3.474, data_time: 0.000, memory: 5243, top1_acc: 0.9169, top5_acc: 0.9950, loss_cls: 0.2708, loss: 0.2708
2026-09-03 04:29:46,750 - pyskl - INFO - Epoch [16][1300/5537]	lr: 7.364e-03, eta: 1 day, 20:58:10, time: 3.478, data_time: 0.000, memory: 5243, top1_acc: 0.9097, top5_acc: 0.9944, loss_cls: 0.2838, loss: 0.2838
2026-09-03 04:35:34,558 - pyskl - INFO - Epoch [16][1400/5537]	lr: 7.337e-03, eta: 1 day, 20:52:45, time: 3.478, data_time: 0.000, memory: 5243, top1_acc: 0.9234, top5_acc: 0.9956, loss_cls: 0.2555, loss: 0.2555
2026-09-03 04:41:22,905 - pyskl - INFO - Epoch [16][1500/5537]	lr: 7.310e-03, eta: 1 day, 20:47:20, time: 3.483, data_time: 0.000, memory: 5243, top1_acc: 0.9191, top5_acc: 0.9928, loss_cls: 0.2678, loss: 0.2678
2026-09-03 04:47:10,424 - pyskl - INFO - Epoch [16][1600/5537]	lr: 7.283e-03, eta: 1 day, 20:41:54, time: 3.475, data_time: 0.000, memory: 5243, top1_acc: 0.9216, top5_acc: 0.9938, loss_cls: 0.2711, loss: 0.2711
2026-09-03 04:52:57,785 - pyskl - INFO - Epoch [16][1700/5537]	lr: 7.257e-03, eta: 1 day, 20:36:28, time: 3.474, data_time: 0.000, memory: 5243, top1_acc: 0.9266, top5_acc: 0.9956, loss_cls: 0.2412, loss: 0.2412
2026-09-03 04:58:45,170 - pyskl - INFO - Epoch [16][1800/5537]	lr: 7.230e-03, eta: 1 day, 20:31:02, time: 3.474, data_time: 0.000, memory: 5243, top1_acc: 0.9213, top5_acc: 0.9950, loss_cls: 0.2647, loss: 0.2647
2026-09-03 05:04:32,620 - pyskl - INFO - Epoch [16][1900/5537]	lr: 7.203e-03, eta: 1 day, 20:25:36, time: 3.474, data_time: 0.000, memory: 5243, top1_acc: 0.9206, top5_acc: 0.9947, loss_cls: 0.2691, loss: 0.2691
2026-09-03 05:10:19,771 - pyskl - INFO - Epoch [16][2000/5537]	lr: 7.176e-03, eta: 1 day, 20:20:10, time: 3.472, data_time: 0.000, memory: 5243, top1_acc: 0.9269, top5_acc: 0.9947, loss_cls: 0.2447, loss: 0.2447
2026-09-03 05:16:07,330 - pyskl - INFO - Epoch [16][2100/5537]	lr: 7.150e-03, eta: 1 day, 20:14:44, time: 3.476, data_time: 0.000, memory: 5243, top1_acc: 0.9237, top5_acc: 0.9947, loss_cls: 0.2612, loss: 0.2612
2026-09-03 05:21:54,770 - pyskl - INFO - Epoch [16][2200/5537]	lr: 7.123e-03, eta: 1 day, 20:09:18, time: 3.474, data_time: 0.000, memory: 5243, top1_acc: 0.9150, top5_acc: 0.9941, loss_cls: 0.2693, loss: 0.2693
2026-09-03 05:27:41,859 - pyskl - INFO - Epoch [16][2300/5537]	lr: 7.096e-03, eta: 1 day, 20:03:52, time: 3.471, data_time: 0.000, memory: 5243, top1_acc: 0.9197, top5_acc: 0.9956, loss_cls: 0.2538, loss: 0.2538
2026-09-03 05:33:29,543 - pyskl - INFO - Epoch [16][2400/5537]	lr: 7.070e-03, eta: 1 day, 19:58:26, time: 3.477, data_time: 0.000, memory: 5243, top1_acc: 0.9219, top5_acc: 0.9944, loss_cls: 0.2563, loss: 0.2563
2026-09-03 05:39:17,119 - pyskl - INFO - Epoch [16][2500/5537]	lr: 7.043e-03, eta: 1 day, 19:53:00, time: 3.476, data_time: 0.000, memory: 5243, top1_acc: 0.9216, top5_acc: 0.9953, loss_cls: 0.2666, loss: 0.2666
2026-09-03 05:45:05,052 - pyskl - INFO - Epoch [16][2600/5537]	lr: 7.016e-03, eta: 1 day, 19:47:34, time: 3.479, data_time: 0.000, memory: 5243, top1_acc: 0.9250, top5_acc: 0.9953, loss_cls: 0.2545, loss: 0.2545
2026-09-03 05:50:52,595 - pyskl - INFO - Epoch [16][2700/5537]	lr: 6.990e-03, eta: 1 day, 19:42:08, time: 3.475, data_time: 0.000, memory: 5243, top1_acc: 0.9184, top5_acc: 0.9938, loss_cls: 0.2620, loss: 0.2620
2026-09-03 05:56:40,410 - pyskl - INFO - Epoch [16][2800/5537]	lr: 6.963e-03, eta: 1 day, 19:36:42, time: 3.478, data_time: 0.000, memory: 5243, top1_acc: 0.9144, top5_acc: 0.9934, loss_cls: 0.2714, loss: 0.2714
2026-09-03 06:02:28,248 - pyskl - INFO - Epoch [16][2900/5537]	lr: 6.937e-03, eta: 1 day, 19:31:16, time: 3.478, data_time: 0.000, memory: 5243, top1_acc: 0.9181, top5_acc: 0.9956, loss_cls: 0.2760, loss: 0.2760
2026-09-03 06:08:16,117 - pyskl - INFO - Epoch [16][3000/5537]	lr: 6.910e-03, eta: 1 day, 19:25:49, time: 3.479, data_time: 0.000, memory: 5243, top1_acc: 0.9144, top5_acc: 0.9950, loss_cls: 0.2731, loss: 0.2731
2026-09-03 06:14:03,654 - pyskl - INFO - Epoch [16][3100/5537]	lr: 6.884e-03, eta: 1 day, 19:20:23, time: 3.475, data_time: 0.000, memory: 5243, top1_acc: 0.9300, top5_acc: 0.9950, loss_cls: 0.2303, loss: 0.2303
2026-09-03 06:19:51,280 - pyskl - INFO - Epoch [16][3200/5537]	lr: 6.858e-03, eta: 1 day, 19:14:56, time: 3.476, data_time: 0.000, memory: 5243, top1_acc: 0.9219, top5_acc: 0.9953, loss_cls: 0.2471, loss: 0.2471
2026-09-03 06:25:38,889 - pyskl - INFO - Epoch [16][3300/5537]	lr: 6.831e-03, eta: 1 day, 19:09:30, time: 3.476, data_time: 0.000, memory: 5243, top1_acc: 0.9269, top5_acc: 0.9959, loss_cls: 0.2443, loss: 0.2443
2026-09-03 06:31:26,205 - pyskl - INFO - Epoch [16][3400/5537]	lr: 6.805e-03, eta: 1 day, 19:04:03, time: 3.473, data_time: 0.000, memory: 5243, top1_acc: 0.9231, top5_acc: 0.9941, loss_cls: 0.2705, loss: 0.2705
2026-09-03 06:37:13,766 - pyskl - INFO - Epoch [16][3500/5537]	lr: 6.779e-03, eta: 1 day, 18:58:37, time: 3.476, data_time: 0.000, memory: 5243, top1_acc: 0.9316, top5_acc: 0.9956, loss_cls: 0.2347, loss: 0.2347
2026-09-03 06:43:01,589 - pyskl - INFO - Epoch [16][3600/5537]	lr: 6.752e-03, eta: 1 day, 18:53:10, time: 3.478, data_time: 0.000, memory: 5243, top1_acc: 0.9156, top5_acc: 0.9953, loss_cls: 0.2609, loss: 0.2609
2026-09-03 06:48:48,679 - pyskl - INFO - Epoch [16][3700/5537]	lr: 6.726e-03, eta: 1 day, 18:47:43, time: 3.471, data_time: 0.000, memory: 5243, top1_acc: 0.9231, top5_acc: 0.9950, loss_cls: 0.2627, loss: 0.2627
2026-09-03 06:54:36,535 - pyskl - INFO - Epoch [16][3800/5537]	lr: 6.700e-03, eta: 1 day, 18:42:17, time: 3.479, data_time: 0.000, memory: 5243, top1_acc: 0.9297, top5_acc: 0.9959, loss_cls: 0.2435, loss: 0.2435
2026-09-03 07:00:24,145 - pyskl - INFO - Epoch [16][3900/5537]	lr: 6.674e-03, eta: 1 day, 18:36:50, time: 3.476, data_time: 0.000, memory: 5243, top1_acc: 0.9250, top5_acc: 0.9959, loss_cls: 0.2434, loss: 0.2434
2026-09-03 07:06:11,815 - pyskl - INFO - Epoch [16][4000/5537]	lr: 6.648e-03, eta: 1 day, 18:31:23, time: 3.477, data_time: 0.000, memory: 5243, top1_acc: 0.9172, top5_acc: 0.9938, loss_cls: 0.2704, loss: 0.2704
2026-09-03 07:11:59,543 - pyskl - INFO - Epoch [16][4100/5537]	lr: 6.622e-03, eta: 1 day, 18:25:56, time: 3.477, data_time: 0.000, memory: 5243, top1_acc: 0.9300, top5_acc: 0.9966, loss_cls: 0.2395, loss: 0.2395
2026-09-03 07:17:47,487 - pyskl - INFO - Epoch [16][4200/5537]	lr: 6.595e-03, eta: 1 day, 18:20:30, time: 3.479, data_time: 0.000, memory: 5243, top1_acc: 0.9244, top5_acc: 0.9962, loss_cls: 0.2532, loss: 0.2532
2026-09-03 07:23:34,343 - pyskl - INFO - Epoch [16][4300/5537]	lr: 6.569e-03, eta: 1 day, 18:15:02, time: 3.469, data_time: 0.000, memory: 5243, top1_acc: 0.9334, top5_acc: 0.9972, loss_cls: 0.2190, loss: 0.2190
2026-09-03 07:29:21,594 - pyskl - INFO - Epoch [16][4400/5537]	lr: 6.543e-03, eta: 1 day, 18:09:35, time: 3.472, data_time: 0.000, memory: 5243, top1_acc: 0.9244, top5_acc: 0.9969, loss_cls: 0.2404, loss: 0.2404
2026-09-03 07:35:09,252 - pyskl - INFO - Epoch [16][4500/5537]	lr: 6.518e-03, eta: 1 day, 18:04:08, time: 3.477, data_time: 0.000, memory: 5243, top1_acc: 0.9137, top5_acc: 0.9959, loss_cls: 0.2705, loss: 0.2705
2026-09-03 07:40:57,151 - pyskl - INFO - Epoch [16][4600/5537]	lr: 6.492e-03, eta: 1 day, 17:58:41, time: 3.479, data_time: 0.000, memory: 5243, top1_acc: 0.9225, top5_acc: 0.9969, loss_cls: 0.2447, loss: 0.2447
2026-09-03 07:46:44,873 - pyskl - INFO - Epoch [16][4700/5537]	lr: 6.466e-03, eta: 1 day, 17:53:14, time: 3.477, data_time: 0.000, memory: 5243, top1_acc: 0.9266, top5_acc: 0.9975, loss_cls: 0.2404, loss: 0.2404
2026-09-03 07:52:32,648 - pyskl - INFO - Epoch [16][4800/5537]	lr: 6.440e-03, eta: 1 day, 17:47:47, time: 3.478, data_time: 0.000, memory: 5243, top1_acc: 0.9334, top5_acc: 0.9962, loss_cls: 0.2322, loss: 0.2322
2026-09-03 07:58:20,299 - pyskl - INFO - Epoch [16][4900/5537]	lr: 6.414e-03, eta: 1 day, 17:42:20, time: 3.476, data_time: 0.000, memory: 5243, top1_acc: 0.9275, top5_acc: 0.9934, loss_cls: 0.2394, loss: 0.2394
2026-09-03 08:04:08,034 - pyskl - INFO - Epoch [16][5000/5537]	lr: 6.388e-03, eta: 1 day, 17:36:52, time: 3.477, data_time: 0.000, memory: 5243, top1_acc: 0.9297, top5_acc: 0.9938, loss_cls: 0.2396, loss: 0.2396
2026-09-03 08:09:55,619 - pyskl - INFO - Epoch [16][5100/5537]	lr: 6.362e-03, eta: 1 day, 17:31:25, time: 3.476, data_time: 0.000, memory: 5243, top1_acc: 0.9319, top5_acc: 0.9972, loss_cls: 0.2341, loss: 0.2341
2026-09-03 08:15:42,953 - pyskl - INFO - Epoch [16][5200/5537]	lr: 6.337e-03, eta: 1 day, 17:25:58, time: 3.473, data_time: 0.000, memory: 5243, top1_acc: 0.9287, top5_acc: 0.9947, loss_cls: 0.2406, loss: 0.2406
2026-09-03 08:21:30,265 - pyskl - INFO - Epoch [16][5300/5537]	lr: 6.311e-03, eta: 1 day, 17:20:30, time: 3.473, data_time: 0.000, memory: 5243, top1_acc: 0.9203, top5_acc: 0.9941, loss_cls: 0.2566, loss: 0.2566
2026-09-03 08:27:17,907 - pyskl - INFO - Epoch [16][5400/5537]	lr: 6.285e-03, eta: 1 day, 17:15:03, time: 3.476, data_time: 0.000, memory: 5243, top1_acc: 0.9316, top5_acc: 0.9956, loss_cls: 0.2321, loss: 0.2321
2026-09-03 08:33:05,735 - pyskl - INFO - Epoch [16][5500/5537]	lr: 6.260e-03, eta: 1 day, 17:09:35, time: 3.478, data_time: 0.000, memory: 5243, top1_acc: 0.9359, top5_acc: 0.9966, loss_cls: 0.2291, loss: 0.2291
2026-09-03 08:35:14,254 - pyskl - INFO - Saving checkpoint at 16 epochs
2026-09-03 08:44:11,110 - pyskl - INFO - Evaluating top_k_accuracy ...
2026-09-03 08:44:11,128 - pyskl - INFO - 
top1_acc	0.8316
top5_acc	0.9676
2026-09-03 08:44:11,130 - pyskl - INFO - The previous best checkpoint D:\YXJProject\pythonProject\pyskl\work_dirs\aug_baseline\stgcnpp_j\train\A3_coord_noise_e24\best_top1_acc_epoch_15.pth was removed
2026-09-03 08:44:11,279 - pyskl - INFO - Now best checkpoint is saved as best_top1_acc_epoch_16.pth.
2026-09-03 08:44:11,280 - pyskl - INFO - Best top1_acc is 0.8316 at 16 epoch.
2026-09-03 08:44:11,281 - pyskl - INFO - Epoch(val) [16][146]	top1_acc: 0.8316, top5_acc: 0.9676
2026-09-03 08:50:19,746 - pyskl - INFO - Epoch [17][100/5537]	lr: 6.225e-03, eta: 1 day, 17:01:13, time: 3.685, data_time: 0.194, memory: 5243, top1_acc: 0.9353, top5_acc: 0.9969, loss_cls: 0.2149, loss: 0.2149
2026-09-03 08:56:08,447 - pyskl - INFO - Epoch [17][200/5537]	lr: 6.199e-03, eta: 1 day, 16:55:46, time: 3.487, data_time: 0.000, memory: 5243, top1_acc: 0.9328, top5_acc: 0.9956, loss_cls: 0.2179, loss: 0.2179
2026-09-03 09:01:56,703 - pyskl - INFO - Epoch [17][300/5537]	lr: 6.174e-03, eta: 1 day, 16:50:19, time: 3.483, data_time: 0.000, memory: 5243, top1_acc: 0.9306, top5_acc: 0.9978, loss_cls: 0.2235, loss: 0.2235
2026-09-03 09:07:45,258 - pyskl - INFO - Epoch [17][400/5537]	lr: 6.148e-03, eta: 1 day, 16:44:52, time: 3.486, data_time: 0.000, memory: 5243, top1_acc: 0.9325, top5_acc: 0.9969, loss_cls: 0.2222, loss: 0.2222
2026-09-03 09:13:32,867 - pyskl - INFO - Epoch [17][500/5537]	lr: 6.123e-03, eta: 1 day, 16:39:24, time: 3.476, data_time: 0.000, memory: 5243, top1_acc: 0.9294, top5_acc: 0.9969, loss_cls: 0.2319, loss: 0.2319
2026-09-03 09:19:20,839 - pyskl - INFO - Epoch [17][600/5537]	lr: 6.097e-03, eta: 1 day, 16:33:57, time: 3.480, data_time: 0.000, memory: 5243, top1_acc: 0.9328, top5_acc: 0.9969, loss_cls: 0.2289, loss: 0.2289
2026-09-03 09:25:08,419 - pyskl - INFO - Epoch [17][700/5537]	lr: 6.072e-03, eta: 1 day, 16:28:29, time: 3.476, data_time: 0.000, memory: 5243, top1_acc: 0.9344, top5_acc: 0.9978, loss_cls: 0.2166, loss: 0.2166
2026-09-03 09:30:56,123 - pyskl - INFO - Epoch [17][800/5537]	lr: 6.047e-03, eta: 1 day, 16:23:01, time: 3.477, data_time: 0.000, memory: 5243, top1_acc: 0.9325, top5_acc: 0.9956, loss_cls: 0.2298, loss: 0.2298
2026-09-03 09:36:44,061 - pyskl - INFO - Epoch [17][900/5537]	lr: 6.021e-03, eta: 1 day, 16:17:34, time: 3.479, data_time: 0.000, memory: 5243, top1_acc: 0.9403, top5_acc: 0.9953, loss_cls: 0.2231, loss: 0.2231
2026-09-03 09:42:31,974 - pyskl - INFO - Epoch [17][1000/5537]	lr: 5.996e-03, eta: 1 day, 16:12:06, time: 3.479, data_time: 0.000, memory: 5243, top1_acc: 0.9319, top5_acc: 0.9978, loss_cls: 0.2236, loss: 0.2236
2026-09-03 09:48:19,252 - pyskl - INFO - Epoch [17][1100/5537]	lr: 5.971e-03, eta: 1 day, 16:06:38, time: 3.473, data_time: 0.000, memory: 5243, top1_acc: 0.9397, top5_acc: 0.9969, loss_cls: 0.2047, loss: 0.2047
2026-09-03 09:54:07,252 - pyskl - INFO - Epoch [17][1200/5537]	lr: 5.946e-03, eta: 1 day, 16:01:10, time: 3.480, data_time: 0.000, memory: 5243, top1_acc: 0.9319, top5_acc: 0.9956, loss_cls: 0.2291, loss: 0.2291
2026-09-03 09:59:55,351 - pyskl - INFO - Epoch [17][1300/5537]	lr: 5.921e-03, eta: 1 day, 15:55:42, time: 3.481, data_time: 0.000, memory: 5243, top1_acc: 0.9328, top5_acc: 0.9981, loss_cls: 0.2158, loss: 0.2158
2026-09-03 10:05:43,297 - pyskl - INFO - Epoch [17][1400/5537]	lr: 5.895e-03, eta: 1 day, 15:50:15, time: 3.479, data_time: 0.000, memory: 5243, top1_acc: 0.9378, top5_acc: 0.9966, loss_cls: 0.2065, loss: 0.2065
2026-09-03 10:11:31,339 - pyskl - INFO - Epoch [17][1500/5537]	lr: 5.870e-03, eta: 1 day, 15:44:47, time: 3.480, data_time: 0.000, memory: 5243, top1_acc: 0.9353, top5_acc: 0.9966, loss_cls: 0.2105, loss: 0.2105
2026-09-03 10:17:18,906 - pyskl - INFO - Epoch [17][1600/5537]	lr: 5.845e-03, eta: 1 day, 15:39:19, time: 3.476, data_time: 0.000, memory: 5243, top1_acc: 0.9341, top5_acc: 0.9978, loss_cls: 0.2147, loss: 0.2147
2026-09-03 10:23:06,535 - pyskl - INFO - Epoch [17][1700/5537]	lr: 5.820e-03, eta: 1 day, 15:33:51, time: 3.476, data_time: 0.000, memory: 5243, top1_acc: 0.9413, top5_acc: 0.9975, loss_cls: 0.2004, loss: 0.2004
2026-09-03 10:28:54,309 - pyskl - INFO - Epoch [17][1800/5537]	lr: 5.795e-03, eta: 1 day, 15:28:23, time: 3.478, data_time: 0.000, memory: 5243, top1_acc: 0.9287, top5_acc: 0.9975, loss_cls: 0.2262, loss: 0.2262
2026-09-03 10:34:42,080 - pyskl - INFO - Epoch [17][1900/5537]	lr: 5.770e-03, eta: 1 day, 15:22:54, time: 3.478, data_time: 0.000, memory: 5243, top1_acc: 0.9397, top5_acc: 0.9972, loss_cls: 0.2053, loss: 0.2053
2026-09-03 10:40:29,949 - pyskl - INFO - Epoch [17][2000/5537]	lr: 5.746e-03, eta: 1 day, 15:17:26, time: 3.479, data_time: 0.000, memory: 5243, top1_acc: 0.9431, top5_acc: 0.9981, loss_cls: 0.1929, loss: 0.1929
2026-09-03 10:46:17,574 - pyskl - INFO - Epoch [17][2100/5537]	lr: 5.721e-03, eta: 1 day, 15:11:58, time: 3.476, data_time: 0.000, memory: 5243, top1_acc: 0.9363, top5_acc: 0.9978, loss_cls: 0.2132, loss: 0.2132
2026-09-03 10:52:04,250 - pyskl - INFO - Epoch [17][2200/5537]	lr: 5.696e-03, eta: 1 day, 15:06:29, time: 3.467, data_time: 0.000, memory: 5243, top1_acc: 0.9331, top5_acc: 0.9962, loss_cls: 0.2167, loss: 0.2167
2026-09-03 10:57:51,596 - pyskl - INFO - Epoch [17][2300/5537]	lr: 5.671e-03, eta: 1 day, 15:01:01, time: 3.473, data_time: 0.000, memory: 5243, top1_acc: 0.9391, top5_acc: 0.9959, loss_cls: 0.2073, loss: 0.2073
2026-09-03 11:03:39,331 - pyskl - INFO - Epoch [17][2400/5537]	lr: 5.646e-03, eta: 1 day, 14:55:32, time: 3.477, data_time: 0.000, memory: 5243, top1_acc: 0.9400, top5_acc: 0.9978, loss_cls: 0.2020, loss: 0.2020
2026-09-03 11:09:27,929 - pyskl - INFO - Epoch [17][2500/5537]	lr: 5.622e-03, eta: 1 day, 14:50:04, time: 3.486, data_time: 0.000, memory: 5243, top1_acc: 0.9384, top5_acc: 0.9978, loss_cls: 0.2035, loss: 0.2035
2026-09-03 11:15:15,521 - pyskl - INFO - Epoch [17][2600/5537]	lr: 5.597e-03, eta: 1 day, 14:44:36, time: 3.476, data_time: 0.000, memory: 5243, top1_acc: 0.9372, top5_acc: 0.9966, loss_cls: 0.2105, loss: 0.2105
2026-09-03 11:21:03,247 - pyskl - INFO - Epoch [17][2700/5537]	lr: 5.572e-03, eta: 1 day, 14:39:07, time: 3.477, data_time: 0.000, memory: 5243, top1_acc: 0.9309, top5_acc: 0.9972, loss_cls: 0.2190, loss: 0.2190
2026-09-03 11:26:51,481 - pyskl - INFO - Epoch [17][2800/5537]	lr: 5.548e-03, eta: 1 day, 14:33:39, time: 3.482, data_time: 0.000, memory: 5243, top1_acc: 0.9341, top5_acc: 0.9959, loss_cls: 0.2127, loss: 0.2127
2026-09-03 11:32:39,445 - pyskl - INFO - Epoch [17][2900/5537]	lr: 5.523e-03, eta: 1 day, 14:28:11, time: 3.480, data_time: 0.000, memory: 5243, top1_acc: 0.9378, top5_acc: 0.9966, loss_cls: 0.2169, loss: 0.2169
2026-09-03 11:38:27,152 - pyskl - INFO - Epoch [17][3000/5537]	lr: 5.499e-03, eta: 1 day, 14:22:42, time: 3.477, data_time: 0.000, memory: 5243, top1_acc: 0.9275, top5_acc: 0.9966, loss_cls: 0.2363, loss: 0.2363
2026-09-03 11:44:15,033 - pyskl - INFO - Epoch [17][3100/5537]	lr: 5.474e-03, eta: 1 day, 14:17:13, time: 3.479, data_time: 0.000, memory: 5243, top1_acc: 0.9341, top5_acc: 0.9966, loss_cls: 0.2145, loss: 0.2145
2026-09-03 11:50:02,501 - pyskl - INFO - Epoch [17][3200/5537]	lr: 5.450e-03, eta: 1 day, 14:11:45, time: 3.475, data_time: 0.000, memory: 5243, top1_acc: 0.9431, top5_acc: 0.9972, loss_cls: 0.1967, loss: 0.1967
2026-09-03 11:55:50,075 - pyskl - INFO - Epoch [17][3300/5537]	lr: 5.426e-03, eta: 1 day, 14:06:16, time: 3.476, data_time: 0.000, memory: 5243, top1_acc: 0.9384, top5_acc: 0.9978, loss_cls: 0.2005, loss: 0.2005
2026-09-03 12:01:37,635 - pyskl - INFO - Epoch [17][3400/5537]	lr: 5.401e-03, eta: 1 day, 14:00:47, time: 3.476, data_time: 0.000, memory: 5243, top1_acc: 0.9387, top5_acc: 0.9981, loss_cls: 0.1984, loss: 0.1984
2026-09-03 12:07:25,263 - pyskl - INFO - Epoch [17][3500/5537]	lr: 5.377e-03, eta: 1 day, 13:55:18, time: 3.476, data_time: 0.000, memory: 5243, top1_acc: 0.9547, top5_acc: 0.9984, loss_cls: 0.1639, loss: 0.1639
2026-09-03 12:13:12,111 - pyskl - INFO - Epoch [17][3600/5537]	lr: 5.353e-03, eta: 1 day, 13:49:49, time: 3.468, data_time: 0.000, memory: 5243, top1_acc: 0.9447, top5_acc: 0.9975, loss_cls: 0.1799, loss: 0.1799
2026-09-03 12:18:59,809 - pyskl - INFO - Epoch [17][3700/5537]	lr: 5.328e-03, eta: 1 day, 13:44:20, time: 3.477, data_time: 0.000, memory: 5243, top1_acc: 0.9316, top5_acc: 0.9962, loss_cls: 0.2205, loss: 0.2205
2026-09-03 12:24:47,585 - pyskl - INFO - Epoch [17][3800/5537]	lr: 5.304e-03, eta: 1 day, 13:38:51, time: 3.478, data_time: 0.000, memory: 5243, top1_acc: 0.9491, top5_acc: 0.9988, loss_cls: 0.1732, loss: 0.1732
2026-09-03 12:30:35,256 - pyskl - INFO - Epoch [17][3900/5537]	lr: 5.280e-03, eta: 1 day, 13:33:22, time: 3.477, data_time: 0.000, memory: 5243, top1_acc: 0.9447, top5_acc: 0.9962, loss_cls: 0.1958, loss: 0.1958
2026-09-03 12:36:23,109 - pyskl - INFO - Epoch [17][4000/5537]	lr: 5.256e-03, eta: 1 day, 13:27:53, time: 3.479, data_time: 0.000, memory: 5243, top1_acc: 0.9366, top5_acc: 0.9972, loss_cls: 0.1990, loss: 0.1990
2026-09-03 12:42:11,038 - pyskl - INFO - Epoch [17][4100/5537]	lr: 5.232e-03, eta: 1 day, 13:22:24, time: 3.479, data_time: 0.000, memory: 5243, top1_acc: 0.9469, top5_acc: 0.9978, loss_cls: 0.1834, loss: 0.1834
2026-09-03 12:47:58,567 - pyskl - INFO - Epoch [17][4200/5537]	lr: 5.208e-03, eta: 1 day, 13:16:55, time: 3.475, data_time: 0.000, memory: 5243, top1_acc: 0.9341, top5_acc: 0.9975, loss_cls: 0.2110, loss: 0.2110
2026-09-03 12:53:46,389 - pyskl - INFO - Epoch [17][4300/5537]	lr: 5.184e-03, eta: 1 day, 13:11:26, time: 3.478, data_time: 0.000, memory: 5243, top1_acc: 0.9422, top5_acc: 0.9975, loss_cls: 0.1879, loss: 0.1879
2026-09-03 12:59:34,555 - pyskl - INFO - Epoch [17][4400/5537]	lr: 5.160e-03, eta: 1 day, 13:05:57, time: 3.482, data_time: 0.000, memory: 5243, top1_acc: 0.9350, top5_acc: 0.9962, loss_cls: 0.2043, loss: 0.2043
2026-09-03 13:05:22,596 - pyskl - INFO - Epoch [17][4500/5537]	lr: 5.136e-03, eta: 1 day, 13:00:28, time: 3.480, data_time: 0.000, memory: 5243, top1_acc: 0.9400, top5_acc: 0.9969, loss_cls: 0.1998, loss: 0.1998
