2026-09-14 09:14:31,988 - pyskl - INFO - Environment info:
------------------------------------------------------------
sys.platform: win32
Python: 3.10.20 | packaged by Anaconda, Inc. | (main, Jun 11 2026, 15:13:20) [MSC v.1942 64 bit (AMD64)]
CUDA available: True
GPU 0: NVIDIA GeForce GTX 1080 Ti
CUDA_HOME: C:\Program Files\NVIDIA GPU Computing Toolkit\CUDA\v12.1
NVCC: Cuda compilation tools, release 12.1, V12.1.66
MSVC: Microsoft (R) C/C++ Optimizing Compiler Version 19.51.36252 for x64
GCC: n/a
PyTorch: 1.12.1
PyTorch compiling details: PyTorch built with:
  - C++ Version: 199711
  - MSVC 192829337
  - Intel(R) Math Kernel Library Version 2020.0.2 Product Build 20200624 for Intel(R) 64 architecture applications
  - Intel(R) MKL-DNN v2.6.0 (Git Hash 52b5f107dd9cf10910aaa19cb47f3abf9b349815)
  - OpenMP 2019
  - LAPACK is enabled (usually provided by MKL)
  - CPU capability usage: AVX2
  - CUDA Runtime 11.3
  - NVCC architecture flags: -gencode;arch=compute_37,code=sm_37;-gencode;arch=compute_50,code=sm_50;-gencode;arch=compute_60,code=sm_60;-gencode;arch=compute_61,code=sm_61;-gencode;arch=compute_70,code=sm_70;-gencode;arch=compute_75,code=sm_75;-gencode;arch=compute_80,code=sm_80;-gencode;arch=compute_86,code=sm_86;-gencode;arch=compute_37,code=compute_37
  - CuDNN 8.3.2  (built against CUDA 11.5)
  - Magma 2.5.4
  - Build settings: BLAS_INFO=mkl, BUILD_TYPE=Release, CUDA_VERSION=11.3, CUDNN_VERSION=8.3.2, CXX_COMPILER=C:/cb/pytorch_1000000000000/work/tmp_bin/sccache-cl.exe, CXX_FLAGS=/DWIN32 /D_WINDOWS /GR /EHsc /w /bigobj -DUSE_PTHREADPOOL -openmp:experimental -IC:/cb/pytorch_1000000000000/work/mkl/include -DNDEBUG -DUSE_KINETO -DLIBKINETO_NOCUPTI -DUSE_FBGEMM -DUSE_XNNPACK -DSYMBOLICATE_MOBILE_DEBUG_HANDLE -DEDGE_PROFILER_USE_KINETO, LAPACK_INFO=mkl, PERF_WITH_AVX=1, PERF_WITH_AVX2=1, PERF_WITH_AVX512=1, TORCH_VERSION=1.12.1, USE_CUDA=ON, USE_CUDNN=ON, USE_EXCEPTION_PTR=1, USE_GFLAGS=OFF, USE_GLOG=OFF, USE_MKL=ON, USE_MKLDNN=OFF, USE_MPI=OFF, USE_NCCL=OFF, USE_NNPACK=OFF, USE_OPENMP=ON, USE_ROCM=OFF, 

TorchVision: 0.13.1
OpenCV: 4.7.0
MMCV: 1.7.0
MMCV Compiler: MSVC 192829924
MMCV CUDA Compiler: 11.3
pyskl: 0.1.0+86375ac
------------------------------------------------------------

2026-09-14 09:14:32,230 - pyskl - INFO - Config: model = dict(
    type='RecognizerGCN',
    backbone=dict(
        type='STGCN',
        gcn_adaptive='init',
        gcn_with_res=True,
        tcn_type='mstcn',
        graph_cfg=dict(layout='nturgb+d', mode='spatial')),
    cls_head=dict(type='GCNHead', num_classes=60, in_channels=256))
dataset_type = 'PoseDataset'
ann_file = 'data/nturgbd/ntu60_3danno.pkl'
train_pipeline = [
    dict(type='PreNormalize3D'),
    dict(
        type='RandomSkeletonDegrade',
        degrade_type='mixed',
        prob=0.3,
        dataset='nturgb+d',
        severity_sampling='S3',
        mixed_apply_prob=0.5),
    dict(type='GenSkeFeat', dataset='nturgb+d', feats=['j']),
    dict(type='UniformSample', clip_len=100),
    dict(type='PoseDecode'),
    dict(type='FormatGCNInput', num_person=2),
    dict(type='Collect', keys=['keypoint', 'label'], meta_keys=[]),
    dict(type='ToTensor', keys=['keypoint'])
]
val_pipeline = [
    dict(type='PreNormalize3D'),
    dict(type='GenSkeFeat', dataset='nturgb+d', feats=['j']),
    dict(type='UniformSample', clip_len=100, num_clips=1),
    dict(type='PoseDecode'),
    dict(type='FormatGCNInput', num_person=2),
    dict(type='Collect', keys=['keypoint', 'label'], meta_keys=[]),
    dict(type='ToTensor', keys=['keypoint'])
]
test_pipeline = [
    dict(type='PreNormalize3D'),
    dict(type='GenSkeFeat', dataset='nturgb+d', feats=['j']),
    dict(type='UniformSample', clip_len=100, num_clips=10, seed=255),
    dict(type='PoseDecode'),
    dict(type='FormatGCNInput', num_person=2),
    dict(type='Collect', keys=['keypoint', 'label'], meta_keys=[]),
    dict(type='ToTensor', keys=['keypoint'])
]
data = dict(
    videos_per_gpu=32,
    workers_per_gpu=2,
    test_dataloader=dict(videos_per_gpu=1),
    train=dict(
        type='RepeatDataset',
        times=5,
        dataset=dict(
            type='PoseDataset',
            ann_file='data/nturgbd/ntu60_3danno.pkl',
            pipeline=[
                dict(type='PreNormalize3D'),
                dict(
                    type='RandomSkeletonDegrade',
                    degrade_type='mixed',
                    prob=0.3,
                    dataset='nturgb+d',
                    severity_sampling='S3',
                    mixed_apply_prob=0.5),
                dict(type='GenSkeFeat', dataset='nturgb+d', feats=['j']),
                dict(type='UniformSample', clip_len=100),
                dict(type='PoseDecode'),
                dict(type='FormatGCNInput', num_person=2),
                dict(type='Collect', keys=['keypoint', 'label'], meta_keys=[]),
                dict(type='ToTensor', keys=['keypoint'])
            ],
            split='xsub_train')),
    val=dict(
        type='PoseDataset',
        ann_file='data/nturgbd/ntu60_3danno.pkl',
        pipeline=[
            dict(type='PreNormalize3D'),
            dict(type='GenSkeFeat', dataset='nturgb+d', feats=['j']),
            dict(type='UniformSample', clip_len=100, num_clips=1),
            dict(type='PoseDecode'),
            dict(type='FormatGCNInput', num_person=2),
            dict(type='Collect', keys=['keypoint', 'label'], meta_keys=[]),
            dict(type='ToTensor', keys=['keypoint'])
        ],
        split='xsub_val'),
    test=dict(
        type='PoseDataset',
        ann_file='data/nturgbd/ntu60_3danno.pkl',
        pipeline=[
            dict(type='PreNormalize3D'),
            dict(type='GenSkeFeat', dataset='nturgb+d', feats=['j']),
            dict(type='UniformSample', clip_len=100, num_clips=10, seed=255),
            dict(type='PoseDecode'),
            dict(type='FormatGCNInput', num_person=2),
            dict(type='Collect', keys=['keypoint', 'label'], meta_keys=[]),
            dict(type='ToTensor', keys=['keypoint'])
        ],
        split='xsub_val'))
optimizer = dict(
    type='SGD', lr=0.025, momentum=0.9, weight_decay=0.0005, nesterov=True)
optimizer_config = dict(grad_clip=None)
lr_config = dict(policy='CosineAnnealing', min_lr=0, by_epoch=False)
total_epochs = 16
checkpoint_config = dict(interval=1)
evaluation = dict(interval=1, metrics=['top_k_accuracy'])
log_config = dict(interval=100, hooks=[dict(type='TextLoggerHook')])
log_level = 'INFO'
work_dir = './work_dirs/aug_baseline/b_aug/stgcnpp_j/seed2026'
dist_params = dict(backend='gloo')
gpu_ids = range(0, 1)
resume_from = './work_dirs/aug_baseline/b_aug/stgcnpp_j/seed2026\latest.pth'

2026-09-14 09:14:32,231 - pyskl - INFO - Set random seed to 2026, deterministic: True
2026-09-14 09:14:45,067 - pyskl - INFO - 40091 videos remain after valid thresholding
2026-09-14 09:15:02,239 - pyskl - INFO - 16487 videos remain after valid thresholding
2026-09-14 09:15:02,240 - pyskl - INFO - load checkpoint from local path: ./work_dirs/aug_baseline/b_aug/stgcnpp_j/seed2026\latest.pth
2026-09-14 09:15:02,641 - pyskl - INFO - resumed epoch 1, iter 6265
2026-09-14 09:15:02,644 - pyskl - INFO - Start running, host: Administrator@SERVER-1080TI, work_dir: D:\YXJProject\pythonProject\pyskl\work_dirs\aug_baseline\b_aug\stgcnpp_j\seed2026
2026-09-14 09:15:02,644 - pyskl - INFO - Hooks will be executed in the following order:
before_run:
(VERY_HIGH   ) CosineAnnealingLrUpdaterHook       
(NORMAL      ) CheckpointHook                     
(NORMAL      ) DistEvalHook                       
(VERY_LOW    ) TextLoggerHook                     
 -------------------- 
before_train_epoch:
(VERY_HIGH   ) CosineAnnealingLrUpdaterHook       
(NORMAL      ) DistSamplerSeedHook                
(NORMAL      ) DistEvalHook                       
(LOW         ) IterTimerHook                      
(VERY_LOW    ) TextLoggerHook                     
 -------------------- 
before_train_iter:
(VERY_HIGH   ) CosineAnnealingLrUpdaterHook       
(NORMAL      ) DistEvalHook                       
(LOW         ) IterTimerHook                      
 -------------------- 
after_train_iter:
(ABOVE_NORMAL) OptimizerHook                      
(NORMAL      ) CheckpointHook                     
(NORMAL      ) DistEvalHook                       
(LOW         ) IterTimerHook                      
(VERY_LOW    ) TextLoggerHook                     
 -------------------- 
after_train_epoch:
(NORMAL      ) CheckpointHook                     
(NORMAL      ) DistEvalHook                       
(VERY_LOW    ) TextLoggerHook                     
 -------------------- 
before_val_epoch:
(NORMAL      ) DistSamplerSeedHook                
(LOW         ) IterTimerHook                      
(VERY_LOW    ) TextLoggerHook                     
 -------------------- 
before_val_iter:
(LOW         ) IterTimerHook                      
 -------------------- 
after_val_iter:
(LOW         ) IterTimerHook                      
 -------------------- 
after_val_epoch:
(VERY_LOW    ) TextLoggerHook                     
 -------------------- 
after_run:
(VERY_LOW    ) TextLoggerHook                     
 -------------------- 
2026-09-14 09:15:02,645 - pyskl - INFO - workflow: [('train', 1)], max: 16 epochs
2026-09-14 09:15:02,645 - pyskl - INFO - Checkpoints will be saved to D:\YXJProject\pythonProject\pyskl\work_dirs\aug_baseline\b_aug\stgcnpp_j\seed2026 by HardDiskBackend.
2026-09-14 09:21:47,930 - pyskl - INFO - Epoch [2][100/6265]	lr: 2.475e-02, eta: 4 days, 9:40:46, time: 4.053, data_time: 0.169, memory: 5247, top1_acc: 0.6981, top5_acc: 0.9178, loss_cls: 1.0036, loss: 1.0036
2026-09-14 09:28:14,420 - pyskl - INFO - Epoch [2][200/6265]	lr: 2.474e-02, eta: 4 days, 7:07:22, time: 3.865, data_time: 0.000, memory: 5247, top1_acc: 0.6937, top5_acc: 0.9187, loss_cls: 0.9924, loss: 0.9924
2026-09-14 09:34:42,297 - pyskl - INFO - Epoch [2][300/6265]	lr: 2.474e-02, eta: 4 days, 6:19:04, time: 3.879, data_time: 0.000, memory: 5247, top1_acc: 0.7050, top5_acc: 0.9181, loss_cls: 0.9661, loss: 0.9661
2026-09-14 09:41:10,551 - pyskl - INFO - Epoch [2][400/6265]	lr: 2.473e-02, eta: 4 days, 5:53:10, time: 3.883, data_time: 0.000, memory: 5247, top1_acc: 0.6959, top5_acc: 0.9178, loss_cls: 0.9986, loss: 0.9986
2026-09-14 09:47:38,669 - pyskl - INFO - Epoch [2][500/6265]	lr: 2.472e-02, eta: 4 days, 5:34:37, time: 3.881, data_time: 0.000, memory: 5247, top1_acc: 0.7175, top5_acc: 0.9281, loss_cls: 0.9549, loss: 0.9549
2026-09-14 09:54:04,455 - pyskl - INFO - Epoch [2][600/6265]	lr: 2.471e-02, eta: 4 days, 5:14:02, time: 3.858, data_time: 0.000, memory: 5247, top1_acc: 0.7066, top5_acc: 0.9191, loss_cls: 0.9881, loss: 0.9881
2026-09-14 10:00:30,011 - pyskl - INFO - Epoch [2][700/6265]	lr: 2.470e-02, eta: 4 days, 4:57:00, time: 3.856, data_time: 0.000, memory: 5247, top1_acc: 0.6981, top5_acc: 0.9206, loss_cls: 0.9887, loss: 0.9887
2026-09-14 10:06:58,215 - pyskl - INFO - Epoch [2][800/6265]	lr: 2.469e-02, eta: 4 days, 4:47:45, time: 3.882, data_time: 0.000, memory: 5247, top1_acc: 0.7209, top5_acc: 0.9237, loss_cls: 0.9401, loss: 0.9401
2026-09-14 10:13:26,892 - pyskl - INFO - Epoch [2][900/6265]	lr: 2.469e-02, eta: 4 days, 4:39:56, time: 3.887, data_time: 0.000, memory: 5247, top1_acc: 0.7081, top5_acc: 0.9175, loss_cls: 0.9717, loss: 0.9717
2026-09-14 10:19:54,963 - pyskl - INFO - Epoch [2][1000/6265]	lr: 2.468e-02, eta: 4 days, 4:31:27, time: 3.881, data_time: 0.000, memory: 5247, top1_acc: 0.7072, top5_acc: 0.9137, loss_cls: 0.9990, loss: 0.9990
2026-09-14 10:26:18,907 - pyskl - INFO - Epoch [2][1100/6265]	lr: 2.467e-02, eta: 4 days, 4:17:31, time: 3.839, data_time: 0.000, memory: 5247, top1_acc: 0.7172, top5_acc: 0.9284, loss_cls: 0.9481, loss: 0.9481
2026-09-14 10:32:42,515 - pyskl - INFO - Epoch [2][1200/6265]	lr: 2.466e-02, eta: 4 days, 4:04:25, time: 3.836, data_time: 0.000, memory: 5247, top1_acc: 0.7128, top5_acc: 0.9247, loss_cls: 0.9492, loss: 0.9492
2026-09-14 10:39:08,276 - pyskl - INFO - Epoch [2][1300/6265]	lr: 2.465e-02, eta: 4 days, 3:54:54, time: 3.858, data_time: 0.000, memory: 5247, top1_acc: 0.7119, top5_acc: 0.9216, loss_cls: 0.9815, loss: 0.9815
2026-09-14 10:45:33,291 - pyskl - INFO - Epoch [2][1400/6265]	lr: 2.464e-02, eta: 4 days, 3:45:00, time: 3.850, data_time: 0.000, memory: 5247, top1_acc: 0.7253, top5_acc: 0.9231, loss_cls: 0.9413, loss: 0.9413
2026-09-14 10:51:58,289 - pyskl - INFO - Epoch [2][1500/6265]	lr: 2.463e-02, eta: 4 days, 3:35:33, time: 3.850, data_time: 0.000, memory: 5247, top1_acc: 0.7175, top5_acc: 0.9247, loss_cls: 0.9430, loss: 0.9430
2026-09-14 10:58:24,577 - pyskl - INFO - Epoch [2][1600/6265]	lr: 2.462e-02, eta: 4 days, 3:27:43, time: 3.863, data_time: 0.000, memory: 5247, top1_acc: 0.7097, top5_acc: 0.9197, loss_cls: 0.9702, loss: 0.9702
2026-09-14 11:04:52,759 - pyskl - INFO - Epoch [2][1700/6265]	lr: 2.461e-02, eta: 4 days, 3:21:46, time: 3.882, data_time: 0.000, memory: 5247, top1_acc: 0.7297, top5_acc: 0.9263, loss_cls: 0.9114, loss: 0.9114
2026-09-14 11:11:21,936 - pyskl - INFO - Epoch [2][1800/6265]	lr: 2.460e-02, eta: 4 days, 3:16:37, time: 3.892, data_time: 0.000, memory: 5247, top1_acc: 0.7291, top5_acc: 0.9344, loss_cls: 0.9091, loss: 0.9091
2026-09-14 11:17:49,580 - pyskl - INFO - Epoch [2][1900/6265]	lr: 2.459e-02, eta: 4 days, 3:10:04, time: 3.876, data_time: 0.000, memory: 5247, top1_acc: 0.7341, top5_acc: 0.9275, loss_cls: 0.9020, loss: 0.9020
2026-09-14 11:24:16,153 - pyskl - INFO - Epoch [2][2000/6265]	lr: 2.458e-02, eta: 4 days, 3:02:43, time: 3.866, data_time: 0.000, memory: 5247, top1_acc: 0.7116, top5_acc: 0.9219, loss_cls: 0.9658, loss: 0.9658
2026-09-14 11:30:42,338 - pyskl - INFO - Epoch [2][2100/6265]	lr: 2.457e-02, eta: 4 days, 2:55:10, time: 3.862, data_time: 0.000, memory: 5247, top1_acc: 0.7206, top5_acc: 0.9303, loss_cls: 0.9299, loss: 0.9299
2026-09-14 11:37:08,136 - pyskl - INFO - Epoch [2][2200/6265]	lr: 2.456e-02, eta: 4 days, 2:47:27, time: 3.858, data_time: 0.000, memory: 5247, top1_acc: 0.7191, top5_acc: 0.9306, loss_cls: 0.9119, loss: 0.9119
2026-09-14 11:43:35,050 - pyskl - INFO - Epoch [2][2300/6265]	lr: 2.455e-02, eta: 4 days, 2:40:35, time: 3.869, data_time: 0.000, memory: 5247, top1_acc: 0.7109, top5_acc: 0.9294, loss_cls: 0.9584, loss: 0.9584
2026-09-14 11:49:59,616 - pyskl - INFO - Epoch [2][2400/6265]	lr: 2.454e-02, eta: 4 days, 2:32:16, time: 3.846, data_time: 0.000, memory: 5247, top1_acc: 0.7181, top5_acc: 0.9181, loss_cls: 0.9340, loss: 0.9340
2026-09-14 11:56:23,662 - pyskl - INFO - Epoch [2][2500/6265]	lr: 2.453e-02, eta: 4 days, 2:23:47, time: 3.840, data_time: 0.000, memory: 5247, top1_acc: 0.7331, top5_acc: 0.9372, loss_cls: 0.8766, loss: 0.8766
2026-09-14 12:02:50,430 - pyskl - INFO - Epoch [2][2600/6265]	lr: 2.452e-02, eta: 4 days, 2:17:03, time: 3.868, data_time: 0.000, memory: 5247, top1_acc: 0.7116, top5_acc: 0.9294, loss_cls: 0.9291, loss: 0.9291
2026-09-14 12:09:16,179 - pyskl - INFO - Epoch [2][2700/6265]	lr: 2.451e-02, eta: 4 days, 2:09:46, time: 3.857, data_time: 0.000, memory: 5247, top1_acc: 0.7225, top5_acc: 0.9278, loss_cls: 0.9090, loss: 0.9090
2026-09-14 12:15:43,172 - pyskl - INFO - Epoch [2][2800/6265]	lr: 2.450e-02, eta: 4 days, 2:03:13, time: 3.870, data_time: 0.000, memory: 5247, top1_acc: 0.7150, top5_acc: 0.9253, loss_cls: 0.8986, loss: 0.8986
2026-09-14 12:22:08,462 - pyskl - INFO - Epoch [2][2900/6265]	lr: 2.449e-02, eta: 4 days, 1:55:47, time: 3.853, data_time: 0.000, memory: 5247, top1_acc: 0.7238, top5_acc: 0.9209, loss_cls: 0.9198, loss: 0.9198
2026-09-14 12:28:33,092 - pyskl - INFO - Epoch [2][3000/6265]	lr: 2.448e-02, eta: 4 days, 1:48:05, time: 3.846, data_time: 0.000, memory: 5247, top1_acc: 0.7244, top5_acc: 0.9319, loss_cls: 0.8989, loss: 0.8989
2026-09-14 12:34:58,091 - pyskl - INFO - Epoch [2][3100/6265]	lr: 2.447e-02, eta: 4 days, 1:40:39, time: 3.850, data_time: 0.000, memory: 5247, top1_acc: 0.7197, top5_acc: 0.9272, loss_cls: 0.9252, loss: 0.9252
2026-09-14 12:41:24,240 - pyskl - INFO - Epoch [2][3200/6265]	lr: 2.445e-02, eta: 4 days, 1:33:50, time: 3.861, data_time: 0.000, memory: 5247, top1_acc: 0.7172, top5_acc: 0.9309, loss_cls: 0.9081, loss: 0.9081
2026-09-14 12:47:48,577 - pyskl - INFO - Epoch [2][3300/6265]	lr: 2.444e-02, eta: 4 days, 1:26:12, time: 3.843, data_time: 0.000, memory: 5247, top1_acc: 0.7409, top5_acc: 0.9328, loss_cls: 0.8702, loss: 0.8702
2026-09-14 12:54:14,494 - pyskl - INFO - Epoch [2][3400/6265]	lr: 2.443e-02, eta: 4 days, 1:19:20, time: 3.859, data_time: 0.000, memory: 5247, top1_acc: 0.7266, top5_acc: 0.9337, loss_cls: 0.8958, loss: 0.8958
2026-09-14 13:00:40,273 - pyskl - INFO - Epoch [2][3500/6265]	lr: 2.442e-02, eta: 4 days, 1:12:26, time: 3.858, data_time: 0.000, memory: 5247, top1_acc: 0.7272, top5_acc: 0.9291, loss_cls: 0.9002, loss: 0.9002
2026-09-14 13:07:05,584 - pyskl - INFO - Epoch [2][3600/6265]	lr: 2.441e-02, eta: 4 days, 1:05:23, time: 3.853, data_time: 0.000, memory: 5247, top1_acc: 0.7394, top5_acc: 0.9322, loss_cls: 0.8745, loss: 0.8745
2026-09-14 13:13:38,473 - pyskl - INFO - Epoch [2][3700/6265]	lr: 2.440e-02, eta: 4 days, 1:01:26, time: 3.929, data_time: 0.000, memory: 5247, top1_acc: 0.7284, top5_acc: 0.9300, loss_cls: 0.8865, loss: 0.8865
2026-09-14 13:20:18,714 - pyskl - INFO - Epoch [2][3800/6265]	lr: 2.438e-02, eta: 4 days, 1:00:15, time: 4.002, data_time: 0.000, memory: 5247, top1_acc: 0.7244, top5_acc: 0.9287, loss_cls: 0.9245, loss: 0.9245
2026-09-14 13:27:04,103 - pyskl - INFO - Epoch [2][3900/6265]	lr: 2.437e-02, eta: 4 days, 1:00:46, time: 4.054, data_time: 0.000, memory: 5247, top1_acc: 0.7394, top5_acc: 0.9256, loss_cls: 0.8734, loss: 0.8734
2026-09-14 13:33:45,220 - pyskl - INFO - Epoch [2][4000/6265]	lr: 2.436e-02, eta: 4 days, 0:59:20, time: 4.011, data_time: 0.000, memory: 5247, top1_acc: 0.7578, top5_acc: 0.9363, loss_cls: 0.8225, loss: 0.8225
2026-09-14 13:40:27,298 - pyskl - INFO - Epoch [2][4100/6265]	lr: 2.435e-02, eta: 4 days, 0:57:59, time: 4.021, data_time: 0.000, memory: 5247, top1_acc: 0.7594, top5_acc: 0.9381, loss_cls: 0.8403, loss: 0.8403
2026-09-14 13:47:09,943 - pyskl - INFO - Epoch [2][4200/6265]	lr: 2.433e-02, eta: 4 days, 0:56:35, time: 4.026, data_time: 0.000, memory: 5247, top1_acc: 0.7469, top5_acc: 0.9378, loss_cls: 0.8448, loss: 0.8448
2026-09-14 13:53:52,621 - pyskl - INFO - Epoch [2][4300/6265]	lr: 2.432e-02, eta: 4 days, 0:54:57, time: 4.027, data_time: 0.000, memory: 5247, top1_acc: 0.7391, top5_acc: 0.9306, loss_cls: 0.8623, loss: 0.8623
2026-09-14 14:00:36,339 - pyskl - INFO - Epoch [2][4400/6265]	lr: 2.431e-02, eta: 4 days, 0:53:26, time: 4.037, data_time: 0.000, memory: 5247, top1_acc: 0.7391, top5_acc: 0.9387, loss_cls: 0.8780, loss: 0.8780
2026-09-14 14:07:18,338 - pyskl - INFO - Epoch [2][4500/6265]	lr: 2.430e-02, eta: 4 days, 0:51:07, time: 4.020, data_time: 0.000, memory: 5247, top1_acc: 0.7391, top5_acc: 0.9356, loss_cls: 0.8851, loss: 0.8851
2026-09-14 14:13:59,885 - pyskl - INFO - Epoch [2][4600/6265]	lr: 2.428e-02, eta: 4 days, 0:48:28, time: 4.015, data_time: 0.000, memory: 5247, top1_acc: 0.7506, top5_acc: 0.9313, loss_cls: 0.8449, loss: 0.8449
2026-09-14 14:20:43,422 - pyskl - INFO - Epoch [2][4700/6265]	lr: 2.427e-02, eta: 4 days, 0:46:16, time: 4.035, data_time: 0.000, memory: 5247, top1_acc: 0.7447, top5_acc: 0.9278, loss_cls: 0.8485, loss: 0.8485
2026-09-14 14:27:24,718 - pyskl - INFO - Epoch [2][4800/6265]	lr: 2.426e-02, eta: 4 days, 0:43:11, time: 4.013, data_time: 0.000, memory: 5247, top1_acc: 0.7456, top5_acc: 0.9344, loss_cls: 0.8789, loss: 0.8789
2026-09-14 14:34:07,178 - pyskl - INFO - Epoch [2][4900/6265]	lr: 2.424e-02, eta: 4 days, 0:40:19, time: 4.025, data_time: 0.000, memory: 5247, top1_acc: 0.7400, top5_acc: 0.9309, loss_cls: 0.8770, loss: 0.8770
2026-09-14 14:40:49,708 - pyskl - INFO - Epoch [2][5000/6265]	lr: 2.423e-02, eta: 4 days, 0:37:19, time: 4.025, data_time: 0.000, memory: 5247, top1_acc: 0.7584, top5_acc: 0.9375, loss_cls: 0.8236, loss: 0.8236
2026-09-14 14:47:30,619 - pyskl - INFO - Epoch [2][5100/6265]	lr: 2.422e-02, eta: 4 days, 0:33:41, time: 4.009, data_time: 0.000, memory: 5247, top1_acc: 0.7331, top5_acc: 0.9331, loss_cls: 0.8622, loss: 0.8622
2026-09-14 14:54:13,806 - pyskl - INFO - Epoch [2][5200/6265]	lr: 2.420e-02, eta: 4 days, 0:30:36, time: 4.032, data_time: 0.000, memory: 5247, top1_acc: 0.7462, top5_acc: 0.9341, loss_cls: 0.8552, loss: 0.8552
2026-09-14 15:00:54,761 - pyskl - INFO - Epoch [2][5300/6265]	lr: 2.419e-02, eta: 4 days, 0:26:45, time: 4.010, data_time: 0.000, memory: 5247, top1_acc: 0.7306, top5_acc: 0.9291, loss_cls: 0.8877, loss: 0.8877
2026-09-14 15:07:35,663 - pyskl - INFO - Epoch [2][5400/6265]	lr: 2.417e-02, eta: 4 days, 0:22:47, time: 4.009, data_time: 0.000, memory: 5247, top1_acc: 0.7328, top5_acc: 0.9291, loss_cls: 0.8741, loss: 0.8741
2026-09-14 15:14:19,518 - pyskl - INFO - Epoch [2][5500/6265]	lr: 2.416e-02, eta: 4 days, 0:19:30, time: 4.039, data_time: 0.000, memory: 5247, top1_acc: 0.7406, top5_acc: 0.9216, loss_cls: 0.8677, loss: 0.8677
2026-09-14 15:21:02,317 - pyskl - INFO - Epoch [2][5600/6265]	lr: 2.415e-02, eta: 4 days, 0:15:50, time: 4.028, data_time: 0.000, memory: 5247, top1_acc: 0.7391, top5_acc: 0.9287, loss_cls: 0.8625, loss: 0.8625
2026-09-14 15:27:42,457 - pyskl - INFO - Epoch [2][5700/6265]	lr: 2.413e-02, eta: 4 days, 0:11:22, time: 4.001, data_time: 0.000, memory: 5247, top1_acc: 0.7541, top5_acc: 0.9394, loss_cls: 0.8290, loss: 0.8290
2026-09-14 15:34:27,055 - pyskl - INFO - Epoch [2][5800/6265]	lr: 2.412e-02, eta: 4 days, 0:07:57, time: 4.046, data_time: 0.000, memory: 5247, top1_acc: 0.7384, top5_acc: 0.9350, loss_cls: 0.8634, loss: 0.8634
2026-09-14 15:41:09,321 - pyskl - INFO - Epoch [2][5900/6265]	lr: 2.410e-02, eta: 4 days, 0:03:50, time: 4.023, data_time: 0.000, memory: 5247, top1_acc: 0.7306, top5_acc: 0.9297, loss_cls: 0.8812, loss: 0.8812
2026-09-14 15:47:53,334 - pyskl - INFO - Epoch [2][6000/6265]	lr: 2.409e-02, eta: 4 days, 0:00:04, time: 4.040, data_time: 0.000, memory: 5247, top1_acc: 0.7538, top5_acc: 0.9400, loss_cls: 0.8249, loss: 0.8249
2026-09-14 15:54:38,061 - pyskl - INFO - Epoch [2][6100/6265]	lr: 2.407e-02, eta: 3 days, 23:56:22, time: 4.047, data_time: 0.000, memory: 5247, top1_acc: 0.7684, top5_acc: 0.9394, loss_cls: 0.7662, loss: 0.7662
2026-09-14 16:01:22,716 - pyskl - INFO - Epoch [2][6200/6265]	lr: 2.406e-02, eta: 3 days, 23:52:34, time: 4.047, data_time: 0.000, memory: 5247, top1_acc: 0.7328, top5_acc: 0.9234, loss_cls: 0.9049, loss: 0.9049
2026-09-14 16:05:41,401 - pyskl - INFO - Saving checkpoint at 2 epochs
2026-09-14 16:41:20,594 - pyskl - INFO - Evaluating top_k_accuracy ...
2026-09-14 16:41:20,655 - pyskl - INFO - 
top1_acc	0.7407
top5_acc	0.9495
2026-09-14 16:41:20,848 - pyskl - INFO - Now best checkpoint is saved as best_top1_acc_epoch_2.pth.
2026-09-14 16:41:20,849 - pyskl - INFO - Best top1_acc is 0.7407 at 2 epoch.
2026-09-14 16:41:20,851 - pyskl - INFO - Epoch(val) [2][516]	top1_acc: 0.7407, top5_acc: 0.9495
2026-09-14 16:48:15,237 - pyskl - INFO - Epoch [3][100/6265]	lr: 2.403e-02, eta: 3 days, 22:47:58, time: 4.144, data_time: 0.126, memory: 5247, top1_acc: 0.7447, top5_acc: 0.9344, loss_cls: 0.8566, loss: 0.8566
2026-09-14 16:54:58,498 - pyskl - INFO - Epoch [3][200/6265]	lr: 2.402e-02, eta: 3 days, 22:44:34, time: 4.033, data_time: 0.000, memory: 5247, top1_acc: 0.7500, top5_acc: 0.9278, loss_cls: 0.8448, loss: 0.8448
2026-09-14 17:01:40,073 - pyskl - INFO - Epoch [3][300/6265]	lr: 2.400e-02, eta: 3 days, 22:40:42, time: 4.016, data_time: 0.000, memory: 5247, top1_acc: 0.7528, top5_acc: 0.9441, loss_cls: 0.8183, loss: 0.8183
2026-09-14 17:08:18,181 - pyskl - INFO - Epoch [3][400/6265]	lr: 2.399e-02, eta: 3 days, 22:35:59, time: 3.981, data_time: 0.000, memory: 5247, top1_acc: 0.7531, top5_acc: 0.9378, loss_cls: 0.8458, loss: 0.8458
2026-09-14 17:15:01,421 - pyskl - INFO - Epoch [3][500/6265]	lr: 2.397e-02, eta: 3 days, 22:32:19, time: 4.032, data_time: 0.000, memory: 5247, top1_acc: 0.7584, top5_acc: 0.9363, loss_cls: 0.8126, loss: 0.8126
2026-09-14 17:21:44,607 - pyskl - INFO - Epoch [3][600/6265]	lr: 2.396e-02, eta: 3 days, 22:28:32, time: 4.032, data_time: 0.000, memory: 5247, top1_acc: 0.7753, top5_acc: 0.9419, loss_cls: 0.7686, loss: 0.7686
2026-09-14 17:28:26,367 - pyskl - INFO - Epoch [3][700/6265]	lr: 2.394e-02, eta: 3 days, 22:24:23, time: 4.018, data_time: 0.000, memory: 5247, top1_acc: 0.7584, top5_acc: 0.9387, loss_cls: 0.8216, loss: 0.8216
2026-09-14 17:35:10,956 - pyskl - INFO - Epoch [3][800/6265]	lr: 2.393e-02, eta: 3 days, 22:20:45, time: 4.046, data_time: 0.000, memory: 5247, top1_acc: 0.7559, top5_acc: 0.9381, loss_cls: 0.7986, loss: 0.7986
2026-09-14 17:41:52,436 - pyskl - INFO - Epoch [3][900/6265]	lr: 2.391e-02, eta: 3 days, 22:16:23, time: 4.015, data_time: 0.000, memory: 5247, top1_acc: 0.7478, top5_acc: 0.9369, loss_cls: 0.8424, loss: 0.8424
2026-09-14 17:48:39,224 - pyskl - INFO - Epoch [3][1000/6265]	lr: 2.389e-02, eta: 3 days, 22:13:02, time: 4.068, data_time: 0.000, memory: 5247, top1_acc: 0.7406, top5_acc: 0.9241, loss_cls: 0.8666, loss: 0.8666
2026-09-14 17:55:24,217 - pyskl - INFO - Epoch [3][1100/6265]	lr: 2.388e-02, eta: 3 days, 22:09:13, time: 4.050, data_time: 0.000, memory: 5247, top1_acc: 0.7500, top5_acc: 0.9397, loss_cls: 0.8225, loss: 0.8225
2026-09-14 18:02:11,263 - pyskl - INFO - Epoch [3][1200/6265]	lr: 2.386e-02, eta: 3 days, 22:05:43, time: 4.070, data_time: 0.000, memory: 5247, top1_acc: 0.7497, top5_acc: 0.9375, loss_cls: 0.8297, loss: 0.8297
2026-09-14 18:08:57,223 - pyskl - INFO - Epoch [3][1300/6265]	lr: 2.384e-02, eta: 3 days, 22:01:56, time: 4.060, data_time: 0.000, memory: 5247, top1_acc: 0.7478, top5_acc: 0.9306, loss_cls: 0.8550, loss: 0.8550
2026-09-14 18:15:43,305 - pyskl - INFO - Epoch [3][1400/6265]	lr: 2.383e-02, eta: 3 days, 21:58:06, time: 4.061, data_time: 0.000, memory: 5247, top1_acc: 0.7591, top5_acc: 0.9384, loss_cls: 0.8128, loss: 0.8128
2026-09-14 18:22:28,097 - pyskl - INFO - Epoch [3][1500/6265]	lr: 2.381e-02, eta: 3 days, 21:53:56, time: 4.048, data_time: 0.000, memory: 5247, top1_acc: 0.7550, top5_acc: 0.9403, loss_cls: 0.7988, loss: 0.7988
2026-09-14 18:29:10,039 - pyskl - INFO - Epoch [3][1600/6265]	lr: 2.379e-02, eta: 3 days, 21:49:12, time: 4.019, data_time: 0.000, memory: 5247, top1_acc: 0.7531, top5_acc: 0.9366, loss_cls: 0.8147, loss: 0.8147
2026-09-14 18:35:55,895 - pyskl - INFO - Epoch [3][1700/6265]	lr: 2.378e-02, eta: 3 days, 21:45:07, time: 4.059, data_time: 0.000, memory: 5247, top1_acc: 0.7575, top5_acc: 0.9406, loss_cls: 0.8191, loss: 0.8191
2026-09-14 18:42:37,993 - pyskl - INFO - Epoch [3][1800/6265]	lr: 2.376e-02, eta: 3 days, 21:40:18, time: 4.021, data_time: 0.000, memory: 5247, top1_acc: 0.7481, top5_acc: 0.9394, loss_cls: 0.8287, loss: 0.8287
2026-09-14 18:49:23,840 - pyskl - INFO - Epoch [3][1900/6265]	lr: 2.374e-02, eta: 3 days, 21:36:05, time: 4.058, data_time: 0.000, memory: 5247, top1_acc: 0.7525, top5_acc: 0.9297, loss_cls: 0.8327, loss: 0.8327
2026-09-14 18:56:09,598 - pyskl - INFO - Epoch [3][2000/6265]	lr: 2.373e-02, eta: 3 days, 21:31:48, time: 4.058, data_time: 0.000, memory: 5247, top1_acc: 0.7531, top5_acc: 0.9381, loss_cls: 0.8212, loss: 0.8212
2026-09-14 19:02:53,042 - pyskl - INFO - Epoch [3][2100/6265]	lr: 2.371e-02, eta: 3 days, 21:27:04, time: 4.034, data_time: 0.000, memory: 5247, top1_acc: 0.7500, top5_acc: 0.9325, loss_cls: 0.8366, loss: 0.8366
2026-09-14 19:09:34,537 - pyskl - INFO - Epoch [3][2200/6265]	lr: 2.369e-02, eta: 3 days, 21:21:57, time: 4.015, data_time: 0.000, memory: 5247, top1_acc: 0.7522, top5_acc: 0.9275, loss_cls: 0.8469, loss: 0.8469
2026-09-14 19:16:18,116 - pyskl - INFO - Epoch [3][2300/6265]	lr: 2.367e-02, eta: 3 days, 21:17:08, time: 4.036, data_time: 0.000, memory: 5247, top1_acc: 0.7534, top5_acc: 0.9372, loss_cls: 0.8214, loss: 0.8214
2026-09-14 19:23:03,611 - pyskl - INFO - Epoch [3][2400/6265]	lr: 2.366e-02, eta: 3 days, 21:12:36, time: 4.055, data_time: 0.000, memory: 5247, top1_acc: 0.7550, top5_acc: 0.9344, loss_cls: 0.8357, loss: 0.8357
2026-09-14 19:29:47,258 - pyskl - INFO - Epoch [3][2500/6265]	lr: 2.364e-02, eta: 3 days, 21:07:43, time: 4.036, data_time: 0.000, memory: 5247, top1_acc: 0.7678, top5_acc: 0.9359, loss_cls: 0.8005, loss: 0.8005
2026-09-14 19:36:29,649 - pyskl - INFO - Epoch [3][2600/6265]	lr: 2.362e-02, eta: 3 days, 21:02:36, time: 4.024, data_time: 0.000, memory: 5247, top1_acc: 0.7594, top5_acc: 0.9416, loss_cls: 0.7999, loss: 0.7999
2026-09-14 19:43:12,145 - pyskl - INFO - Epoch [3][2700/6265]	lr: 2.360e-02, eta: 3 days, 20:57:27, time: 4.025, data_time: 0.000, memory: 5247, top1_acc: 0.7519, top5_acc: 0.9356, loss_cls: 0.8424, loss: 0.8424
2026-09-14 19:49:56,482 - pyskl - INFO - Epoch [3][2800/6265]	lr: 2.359e-02, eta: 3 days, 20:52:33, time: 4.043, data_time: 0.000, memory: 5247, top1_acc: 0.7609, top5_acc: 0.9419, loss_cls: 0.7992, loss: 0.7992
2026-09-14 19:56:40,099 - pyskl - INFO - Epoch [3][2900/6265]	lr: 2.357e-02, eta: 3 days, 20:47:30, time: 4.036, data_time: 0.000, memory: 5247, top1_acc: 0.7650, top5_acc: 0.9528, loss_cls: 0.7701, loss: 0.7701
2026-09-14 20:03:22,731 - pyskl - INFO - Epoch [3][3000/6265]	lr: 2.355e-02, eta: 3 days, 20:42:17, time: 4.026, data_time: 0.000, memory: 5247, top1_acc: 0.7516, top5_acc: 0.9369, loss_cls: 0.8167, loss: 0.8167
2026-09-14 20:10:05,791 - pyskl - INFO - Epoch [3][3100/6265]	lr: 2.353e-02, eta: 3 days, 20:37:05, time: 4.031, data_time: 0.000, memory: 5247, top1_acc: 0.7638, top5_acc: 0.9347, loss_cls: 0.8027, loss: 0.8027
2026-09-14 20:16:49,580 - pyskl - INFO - Epoch [3][3200/6265]	lr: 2.351e-02, eta: 3 days, 20:31:57, time: 4.038, data_time: 0.000, memory: 5247, top1_acc: 0.7675, top5_acc: 0.9447, loss_cls: 0.7836, loss: 0.7836
2026-09-14 20:23:32,611 - pyskl - INFO - Epoch [3][3300/6265]	lr: 2.349e-02, eta: 3 days, 20:26:41, time: 4.030, data_time: 0.000, memory: 5247, top1_acc: 0.7672, top5_acc: 0.9394, loss_cls: 0.7820, loss: 0.7820
2026-09-14 20:30:14,404 - pyskl - INFO - Epoch [3][3400/6265]	lr: 2.347e-02, eta: 3 days, 20:21:13, time: 4.018, data_time: 0.000, memory: 5247, top1_acc: 0.7369, top5_acc: 0.9316, loss_cls: 0.8596, loss: 0.8596
2026-09-14 20:37:02,610 - pyskl - INFO - Epoch [3][3500/6265]	lr: 2.346e-02, eta: 3 days, 20:16:38, time: 4.082, data_time: 0.000, memory: 5247, top1_acc: 0.7709, top5_acc: 0.9375, loss_cls: 0.7643, loss: 0.7643
2026-09-14 20:43:47,240 - pyskl - INFO - Epoch [3][3600/6265]	lr: 2.344e-02, eta: 3 days, 20:11:30, time: 4.046, data_time: 0.000, memory: 5247, top1_acc: 0.7531, top5_acc: 0.9378, loss_cls: 0.8158, loss: 0.8158
2026-09-14 20:50:32,523 - pyskl - INFO - Epoch [3][3700/6265]	lr: 2.342e-02, eta: 3 days, 20:06:25, time: 4.053, data_time: 0.000, memory: 5247, top1_acc: 0.7719, top5_acc: 0.9419, loss_cls: 0.7709, loss: 0.7709
2026-09-14 20:57:17,752 - pyskl - INFO - Epoch [3][3800/6265]	lr: 2.340e-02, eta: 3 days, 20:01:18, time: 4.052, data_time: 0.000, memory: 5247, top1_acc: 0.7788, top5_acc: 0.9347, loss_cls: 0.7607, loss: 0.7607
2026-09-14 21:03:59,446 - pyskl - INFO - Epoch [3][3900/6265]	lr: 2.338e-02, eta: 3 days, 19:55:40, time: 4.017, data_time: 0.000, memory: 5247, top1_acc: 0.7591, top5_acc: 0.9369, loss_cls: 0.7944, loss: 0.7944
2026-09-14 21:10:39,908 - pyskl - INFO - Epoch [3][4000/6265]	lr: 2.336e-02, eta: 3 days, 19:49:51, time: 4.005, data_time: 0.000, memory: 5247, top1_acc: 0.7706, top5_acc: 0.9431, loss_cls: 0.7907, loss: 0.7907
2026-09-14 21:17:24,501 - pyskl - INFO - Epoch [3][4100/6265]	lr: 2.334e-02, eta: 3 days, 19:44:34, time: 4.046, data_time: 0.000, memory: 5247, top1_acc: 0.7631, top5_acc: 0.9384, loss_cls: 0.7875, loss: 0.7875
2026-09-14 21:24:07,906 - pyskl - INFO - Epoch [3][4200/6265]	lr: 2.332e-02, eta: 3 days, 19:39:06, time: 4.034, data_time: 0.000, memory: 5247, top1_acc: 0.7594, top5_acc: 0.9403, loss_cls: 0.7987, loss: 0.7987
2026-09-14 21:30:52,503 - pyskl - INFO - Epoch [3][4300/6265]	lr: 2.330e-02, eta: 3 days, 19:33:46, time: 4.046, data_time: 0.000, memory: 5247, top1_acc: 0.7466, top5_acc: 0.9303, loss_cls: 0.8392, loss: 0.8392
2026-09-14 21:37:35,658 - pyskl - INFO - Epoch [3][4400/6265]	lr: 2.328e-02, eta: 3 days, 19:28:13, time: 4.032, data_time: 0.000, memory: 5247, top1_acc: 0.7741, top5_acc: 0.9437, loss_cls: 0.7548, loss: 0.7548
2026-09-14 21:44:18,065 - pyskl - INFO - Epoch [3][4500/6265]	lr: 2.326e-02, eta: 3 days, 19:22:33, time: 4.024, data_time: 0.000, memory: 5247, top1_acc: 0.7653, top5_acc: 0.9422, loss_cls: 0.7660, loss: 0.7660
2026-09-14 21:51:01,343 - pyskl - INFO - Epoch [3][4600/6265]	lr: 2.324e-02, eta: 3 days, 19:16:58, time: 4.033, data_time: 0.000, memory: 5247, top1_acc: 0.7638, top5_acc: 0.9400, loss_cls: 0.7807, loss: 0.7807
2026-09-14 21:57:45,867 - pyskl - INFO - Epoch [3][4700/6265]	lr: 2.322e-02, eta: 3 days, 19:11:32, time: 4.045, data_time: 0.000, memory: 5247, top1_acc: 0.7666, top5_acc: 0.9416, loss_cls: 0.7787, loss: 0.7787
2026-09-14 22:04:30,550 - pyskl - INFO - Epoch [3][4800/6265]	lr: 2.320e-02, eta: 3 days, 19:06:05, time: 4.047, data_time: 0.000, memory: 5247, top1_acc: 0.7591, top5_acc: 0.9372, loss_cls: 0.8061, loss: 0.8061
2026-09-14 22:11:14,125 - pyskl - INFO - Epoch [3][4900/6265]	lr: 2.318e-02, eta: 3 days, 19:00:29, time: 4.036, data_time: 0.000, memory: 5247, top1_acc: 0.7628, top5_acc: 0.9363, loss_cls: 0.7912, loss: 0.7912
2026-09-14 22:17:56,517 - pyskl - INFO - Epoch [3][5000/6265]	lr: 2.316e-02, eta: 3 days, 18:54:43, time: 4.024, data_time: 0.000, memory: 5247, top1_acc: 0.7644, top5_acc: 0.9384, loss_cls: 0.7871, loss: 0.7871
2026-09-14 22:24:38,561 - pyskl - INFO - Epoch [3][5100/6265]	lr: 2.314e-02, eta: 3 days, 18:48:54, time: 4.020, data_time: 0.000, memory: 5247, top1_acc: 0.7675, top5_acc: 0.9409, loss_cls: 0.7791, loss: 0.7791
2026-09-14 22:31:22,668 - pyskl - INFO - Epoch [3][5200/6265]	lr: 2.312e-02, eta: 3 days, 18:43:18, time: 4.041, data_time: 0.000, memory: 5247, top1_acc: 0.7603, top5_acc: 0.9359, loss_cls: 0.8031, loss: 0.8031
2026-09-14 22:38:04,559 - pyskl - INFO - Epoch [3][5300/6265]	lr: 2.310e-02, eta: 3 days, 18:37:25, time: 4.019, data_time: 0.000, memory: 5247, top1_acc: 0.7703, top5_acc: 0.9406, loss_cls: 0.7747, loss: 0.7747
2026-09-14 22:44:48,509 - pyskl - INFO - Epoch [3][5400/6265]	lr: 2.308e-02, eta: 3 days, 18:31:46, time: 4.039, data_time: 0.000, memory: 5247, top1_acc: 0.7575, top5_acc: 0.9372, loss_cls: 0.8132, loss: 0.8132
2026-09-14 22:51:33,342 - pyskl - INFO - Epoch [3][5500/6265]	lr: 2.306e-02, eta: 3 days, 18:26:13, time: 4.048, data_time: 0.000, memory: 5247, top1_acc: 0.7806, top5_acc: 0.9478, loss_cls: 0.7438, loss: 0.7438
2026-09-14 22:58:16,454 - pyskl - INFO - Epoch [3][5600/6265]	lr: 2.304e-02, eta: 3 days, 18:20:26, time: 4.031, data_time: 0.000, memory: 5247, top1_acc: 0.7659, top5_acc: 0.9413, loss_cls: 0.7829, loss: 0.7829
2026-09-14 23:05:01,914 - pyskl - INFO - Epoch [3][5700/6265]	lr: 2.301e-02, eta: 3 days, 18:14:54, time: 4.055, data_time: 0.000, memory: 5247, top1_acc: 0.7606, top5_acc: 0.9409, loss_cls: 0.8042, loss: 0.8042
2026-09-14 23:11:46,214 - pyskl - INFO - Epoch [3][5800/6265]	lr: 2.299e-02, eta: 3 days, 18:09:13, time: 4.043, data_time: 0.000, memory: 5247, top1_acc: 0.7728, top5_acc: 0.9459, loss_cls: 0.7463, loss: 0.7463
2026-09-14 23:18:32,604 - pyskl - INFO - Epoch [3][5900/6265]	lr: 2.297e-02, eta: 3 days, 18:03:45, time: 4.064, data_time: 0.000, memory: 5247, top1_acc: 0.7619, top5_acc: 0.9447, loss_cls: 0.7800, loss: 0.7800
2026-09-14 23:25:17,033 - pyskl - INFO - Epoch [3][6000/6265]	lr: 2.295e-02, eta: 3 days, 17:58:03, time: 4.044, data_time: 0.000, memory: 5247, top1_acc: 0.7588, top5_acc: 0.9406, loss_cls: 0.7933, loss: 0.7933
2026-09-14 23:32:01,063 - pyskl - INFO - Epoch [3][6100/6265]	lr: 2.293e-02, eta: 3 days, 17:52:17, time: 4.040, data_time: 0.000, memory: 5247, top1_acc: 0.7831, top5_acc: 0.9528, loss_cls: 0.7246, loss: 0.7246
2026-09-14 23:38:46,638 - pyskl - INFO - Epoch [3][6200/6265]	lr: 2.291e-02, eta: 3 days, 17:46:40, time: 4.056, data_time: 0.000, memory: 5247, top1_acc: 0.7709, top5_acc: 0.9459, loss_cls: 0.7475, loss: 0.7475
2026-09-14 23:43:08,330 - pyskl - INFO - Saving checkpoint at 3 epochs
2026-09-15 00:18:58,193 - pyskl - INFO - Evaluating top_k_accuracy ...
2026-09-15 00:18:58,254 - pyskl - INFO - 
top1_acc	0.7790
top5_acc	0.9635
2026-09-15 00:18:58,256 - pyskl - INFO - The previous best checkpoint D:\YXJProject\pythonProject\pyskl\work_dirs\aug_baseline\b_aug\stgcnpp_j\seed2026\best_top1_acc_epoch_2.pth was removed
2026-09-15 00:18:58,450 - pyskl - INFO - Now best checkpoint is saved as best_top1_acc_epoch_3.pth.
2026-09-15 00:18:58,450 - pyskl - INFO - Best top1_acc is 0.7790 at 3 epoch.
2026-09-15 00:18:58,454 - pyskl - INFO - Epoch(val) [3][516]	top1_acc: 0.7790, top5_acc: 0.9635
2026-09-15 00:25:55,480 - pyskl - INFO - Epoch [4][100/6265]	lr: 2.287e-02, eta: 3 days, 17:10:18, time: 4.170, data_time: 0.127, memory: 5247, top1_acc: 0.7581, top5_acc: 0.9369, loss_cls: 0.8041, loss: 0.8041
2026-09-15 00:32:38,784 - pyskl - INFO - Epoch [4][200/6265]	lr: 2.285e-02, eta: 3 days, 17:04:38, time: 4.033, data_time: 0.000, memory: 5247, top1_acc: 0.7809, top5_acc: 0.9419, loss_cls: 0.7669, loss: 0.7669
2026-09-15 00:39:22,690 - pyskl - INFO - Epoch [4][300/6265]	lr: 2.283e-02, eta: 3 days, 16:59:02, time: 4.039, data_time: 0.000, memory: 5247, top1_acc: 0.7803, top5_acc: 0.9428, loss_cls: 0.7280, loss: 0.7280
2026-09-15 00:46:09,016 - pyskl - INFO - Epoch [4][400/6265]	lr: 2.281e-02, eta: 3 days, 16:53:39, time: 4.063, data_time: 0.000, memory: 5247, top1_acc: 0.7575, top5_acc: 0.9341, loss_cls: 0.7999, loss: 0.7999
2026-09-15 00:52:54,905 - pyskl - INFO - Epoch [4][500/6265]	lr: 2.278e-02, eta: 3 days, 16:48:13, time: 4.059, data_time: 0.000, memory: 5247, top1_acc: 0.7722, top5_acc: 0.9350, loss_cls: 0.7624, loss: 0.7624
2026-09-15 00:59:40,962 - pyskl - INFO - Epoch [4][600/6265]	lr: 2.276e-02, eta: 3 days, 16:42:47, time: 4.061, data_time: 0.000, memory: 5247, top1_acc: 0.7744, top5_acc: 0.9459, loss_cls: 0.7373, loss: 0.7373
2026-09-15 01:06:26,498 - pyskl - INFO - Epoch [4][700/6265]	lr: 2.274e-02, eta: 3 days, 16:37:16, time: 4.055, data_time: 0.000, memory: 5247, top1_acc: 0.7784, top5_acc: 0.9394, loss_cls: 0.7579, loss: 0.7579
2026-09-15 01:13:08,982 - pyskl - INFO - Epoch [4][800/6265]	lr: 2.272e-02, eta: 3 days, 16:31:25, time: 4.025, data_time: 0.000, memory: 5247, top1_acc: 0.7766, top5_acc: 0.9466, loss_cls: 0.7360, loss: 0.7360
2026-09-15 01:19:54,149 - pyskl - INFO - Epoch [4][900/6265]	lr: 2.269e-02, eta: 3 days, 16:25:50, time: 4.052, data_time: 0.000, memory: 5247, top1_acc: 0.7722, top5_acc: 0.9447, loss_cls: 0.7548, loss: 0.7548
2026-09-15 01:26:39,031 - pyskl - INFO - Epoch [4][1000/6265]	lr: 2.267e-02, eta: 3 days, 16:20:12, time: 4.049, data_time: 0.000, memory: 5247, top1_acc: 0.7738, top5_acc: 0.9469, loss_cls: 0.7373, loss: 0.7373
2026-09-15 01:33:23,462 - pyskl - INFO - Epoch [4][1100/6265]	lr: 2.265e-02, eta: 3 days, 16:14:30, time: 4.044, data_time: 0.000, memory: 5247, top1_acc: 0.7853, top5_acc: 0.9434, loss_cls: 0.7304, loss: 0.7304
2026-09-15 01:40:08,798 - pyskl - INFO - Epoch [4][1200/6265]	lr: 2.263e-02, eta: 3 days, 16:08:53, time: 4.053, data_time: 0.000, memory: 5247, top1_acc: 0.7841, top5_acc: 0.9359, loss_cls: 0.7437, loss: 0.7437
2026-09-15 01:46:53,852 - pyskl - INFO - Epoch [4][1300/6265]	lr: 2.260e-02, eta: 3 days, 16:03:13, time: 4.051, data_time: 0.000, memory: 5247, top1_acc: 0.7694, top5_acc: 0.9391, loss_cls: 0.7648, loss: 0.7648
2026-09-15 01:53:40,644 - pyskl - INFO - Epoch [4][1400/6265]	lr: 2.258e-02, eta: 3 days, 15:57:42, time: 4.068, data_time: 0.000, memory: 5247, top1_acc: 0.7809, top5_acc: 0.9456, loss_cls: 0.7334, loss: 0.7334
2026-09-15 02:00:24,919 - pyskl - INFO - Epoch [4][1500/6265]	lr: 2.256e-02, eta: 3 days, 15:51:56, time: 4.043, data_time: 0.000, memory: 5247, top1_acc: 0.7847, top5_acc: 0.9453, loss_cls: 0.7213, loss: 0.7213
2026-09-15 02:07:11,563 - pyskl - INFO - Epoch [4][1600/6265]	lr: 2.253e-02, eta: 3 days, 15:46:23, time: 4.066, data_time: 0.000, memory: 5247, top1_acc: 0.7806, top5_acc: 0.9416, loss_cls: 0.7559, loss: 0.7559
2026-09-15 02:13:54,868 - pyskl - INFO - Epoch [4][1700/6265]	lr: 2.251e-02, eta: 3 days, 15:40:29, time: 4.033, data_time: 0.000, memory: 5247, top1_acc: 0.7747, top5_acc: 0.9428, loss_cls: 0.7499, loss: 0.7499
2026-09-15 02:20:38,208 - pyskl - INFO - Epoch [4][1800/6265]	lr: 2.249e-02, eta: 3 days, 15:34:35, time: 4.033, data_time: 0.000, memory: 5247, top1_acc: 0.7688, top5_acc: 0.9413, loss_cls: 0.7632, loss: 0.7632
2026-09-15 02:27:23,957 - pyskl - INFO - Epoch [4][1900/6265]	lr: 2.246e-02, eta: 3 days, 15:28:54, time: 4.058, data_time: 0.000, memory: 5247, top1_acc: 0.7697, top5_acc: 0.9347, loss_cls: 0.7702, loss: 0.7702
2026-09-15 02:34:08,575 - pyskl - INFO - Epoch [4][2000/6265]	lr: 2.244e-02, eta: 3 days, 15:23:05, time: 4.046, data_time: 0.000, memory: 5247, top1_acc: 0.7897, top5_acc: 0.9497, loss_cls: 0.6922, loss: 0.6922
2026-09-15 02:40:51,038 - pyskl - INFO - Epoch [4][2100/6265]	lr: 2.241e-02, eta: 3 days, 15:17:05, time: 4.025, data_time: 0.000, memory: 5247, top1_acc: 0.7691, top5_acc: 0.9409, loss_cls: 0.7843, loss: 0.7843
2026-09-15 02:47:36,976 - pyskl - INFO - Epoch [4][2200/6265]	lr: 2.239e-02, eta: 3 days, 15:11:22, time: 4.059, data_time: 0.000, memory: 5247, top1_acc: 0.7628, top5_acc: 0.9375, loss_cls: 0.7830, loss: 0.7830
2026-09-15 02:54:20,217 - pyskl - INFO - Epoch [4][2300/6265]	lr: 2.237e-02, eta: 3 days, 15:05:24, time: 4.032, data_time: 0.000, memory: 5247, top1_acc: 0.7638, top5_acc: 0.9409, loss_cls: 0.7786, loss: 0.7786
2026-09-15 03:01:01,699 - pyskl - INFO - Epoch [4][2400/6265]	lr: 2.234e-02, eta: 3 days, 14:59:16, time: 4.015, data_time: 0.000, memory: 5247, top1_acc: 0.7788, top5_acc: 0.9394, loss_cls: 0.7383, loss: 0.7383
2026-09-15 03:07:45,075 - pyskl - INFO - Epoch [4][2500/6265]	lr: 2.232e-02, eta: 3 days, 14:53:18, time: 4.034, data_time: 0.000, memory: 5247, top1_acc: 0.7691, top5_acc: 0.9397, loss_cls: 0.7666, loss: 0.7666
2026-09-15 03:14:30,412 - pyskl - INFO - Epoch [4][2600/6265]	lr: 2.229e-02, eta: 3 days, 14:47:29, time: 4.053, data_time: 0.000, memory: 5247, top1_acc: 0.7731, top5_acc: 0.9450, loss_cls: 0.7633, loss: 0.7633
2026-09-15 03:21:15,668 - pyskl - INFO - Epoch [4][2700/6265]	lr: 2.227e-02, eta: 3 days, 14:41:39, time: 4.053, data_time: 0.000, memory: 5247, top1_acc: 0.7800, top5_acc: 0.9437, loss_cls: 0.7256, loss: 0.7256
2026-09-15 03:27:58,323 - pyskl - INFO - Epoch [4][2800/6265]	lr: 2.224e-02, eta: 3 days, 14:35:35, time: 4.027, data_time: 0.000, memory: 5247, top1_acc: 0.7734, top5_acc: 0.9406, loss_cls: 0.7536, loss: 0.7536
2026-09-15 03:34:41,219 - pyskl - INFO - Epoch [4][2900/6265]	lr: 2.222e-02, eta: 3 days, 14:29:32, time: 4.029, data_time: 0.000, memory: 5247, top1_acc: 0.7875, top5_acc: 0.9491, loss_cls: 0.6955, loss: 0.6955
2026-09-15 03:41:22,596 - pyskl - INFO - Epoch [4][3000/6265]	lr: 2.220e-02, eta: 3 days, 14:23:21, time: 4.014, data_time: 0.000, memory: 5247, top1_acc: 0.7725, top5_acc: 0.9450, loss_cls: 0.7444, loss: 0.7444
2026-09-15 03:48:06,362 - pyskl - INFO - Epoch [4][3100/6265]	lr: 2.217e-02, eta: 3 days, 14:17:21, time: 4.038, data_time: 0.000, memory: 5247, top1_acc: 0.7791, top5_acc: 0.9413, loss_cls: 0.7329, loss: 0.7329
2026-09-15 03:54:51,167 - pyskl - INFO - Epoch [4][3200/6265]	lr: 2.215e-02, eta: 3 days, 14:11:26, time: 4.048, data_time: 0.000, memory: 5247, top1_acc: 0.7781, top5_acc: 0.9419, loss_cls: 0.7623, loss: 0.7623
2026-09-15 04:01:33,620 - pyskl - INFO - Epoch [4][3300/6265]	lr: 2.212e-02, eta: 3 days, 14:05:18, time: 4.024, data_time: 0.000, memory: 5247, top1_acc: 0.7684, top5_acc: 0.9459, loss_cls: 0.7551, loss: 0.7551
2026-09-15 04:08:16,716 - pyskl - INFO - Epoch [4][3400/6265]	lr: 2.210e-02, eta: 3 days, 13:59:13, time: 4.031, data_time: 0.000, memory: 5247, top1_acc: 0.7659, top5_acc: 0.9353, loss_cls: 0.7628, loss: 0.7628
2026-09-15 04:15:02,290 - pyskl - INFO - Epoch [4][3500/6265]	lr: 2.207e-02, eta: 3 days, 13:53:20, time: 4.056, data_time: 0.000, memory: 5247, top1_acc: 0.7772, top5_acc: 0.9441, loss_cls: 0.7341, loss: 0.7341
2026-09-15 04:21:42,833 - pyskl - INFO - Epoch [4][3600/6265]	lr: 2.205e-02, eta: 3 days, 13:47:02, time: 4.005, data_time: 0.000, memory: 5247, top1_acc: 0.7834, top5_acc: 0.9469, loss_cls: 0.7259, loss: 0.7259
2026-09-15 04:28:26,959 - pyskl - INFO - Epoch [4][3700/6265]	lr: 2.202e-02, eta: 3 days, 13:41:01, time: 4.041, data_time: 0.000, memory: 5247, top1_acc: 0.7872, top5_acc: 0.9475, loss_cls: 0.7185, loss: 0.7185
2026-09-15 04:35:11,224 - pyskl - INFO - Epoch [4][3800/6265]	lr: 2.199e-02, eta: 3 days, 13:35:00, time: 4.043, data_time: 0.000, memory: 5247, top1_acc: 0.7666, top5_acc: 0.9375, loss_cls: 0.7841, loss: 0.7841
2026-09-15 04:41:56,000 - pyskl - INFO - Epoch [4][3900/6265]	lr: 2.197e-02, eta: 3 days, 13:29:01, time: 4.048, data_time: 0.000, memory: 5247, top1_acc: 0.7875, top5_acc: 0.9525, loss_cls: 0.7046, loss: 0.7046
2026-09-15 04:48:40,279 - pyskl - INFO - Epoch [4][4000/6265]	lr: 2.194e-02, eta: 3 days, 13:22:59, time: 4.043, data_time: 0.000, memory: 5247, top1_acc: 0.7959, top5_acc: 0.9422, loss_cls: 0.7019, loss: 0.7019
2026-09-15 04:55:23,974 - pyskl - INFO - Epoch [4][4100/6265]	lr: 2.192e-02, eta: 3 days, 13:16:53, time: 4.037, data_time: 0.000, memory: 5247, top1_acc: 0.7850, top5_acc: 0.9437, loss_cls: 0.7480, loss: 0.7480
2026-09-15 05:02:07,638 - pyskl - INFO - Epoch [4][4200/6265]	lr: 2.189e-02, eta: 3 days, 13:10:47, time: 4.037, data_time: 0.000, memory: 5247, top1_acc: 0.7788, top5_acc: 0.9475, loss_cls: 0.7366, loss: 0.7366
2026-09-15 05:08:50,591 - pyskl - INFO - Epoch [4][4300/6265]	lr: 2.187e-02, eta: 3 days, 13:04:38, time: 4.030, data_time: 0.000, memory: 5247, top1_acc: 0.7834, top5_acc: 0.9369, loss_cls: 0.7406, loss: 0.7406
2026-09-15 05:15:34,484 - pyskl - INFO - Epoch [4][4400/6265]	lr: 2.184e-02, eta: 3 days, 12:58:32, time: 4.039, data_time: 0.000, memory: 5247, top1_acc: 0.7869, top5_acc: 0.9441, loss_cls: 0.7260, loss: 0.7260
2026-09-15 05:22:19,730 - pyskl - INFO - Epoch [4][4500/6265]	lr: 2.181e-02, eta: 3 days, 12:52:32, time: 4.052, data_time: 0.000, memory: 5247, top1_acc: 0.7797, top5_acc: 0.9381, loss_cls: 0.7240, loss: 0.7240
2026-09-15 05:29:09,336 - pyskl - INFO - Epoch [4][4600/6265]	lr: 2.179e-02, eta: 3 days, 12:46:51, time: 4.096, data_time: 0.000, memory: 5247, top1_acc: 0.7841, top5_acc: 0.9500, loss_cls: 0.7176, loss: 0.7176
2026-09-15 05:35:57,021 - pyskl - INFO - Epoch [4][4700/6265]	lr: 2.176e-02, eta: 3 days, 12:41:01, time: 4.077, data_time: 0.000, memory: 5247, top1_acc: 0.7747, top5_acc: 0.9375, loss_cls: 0.7658, loss: 0.7658
2026-09-15 05:42:41,892 - pyskl - INFO - Epoch [4][4800/6265]	lr: 2.174e-02, eta: 3 days, 12:34:57, time: 4.049, data_time: 0.000, memory: 5247, top1_acc: 0.7903, top5_acc: 0.9497, loss_cls: 0.6952, loss: 0.6952
2026-09-15 05:49:27,754 - pyskl - INFO - Epoch [4][4900/6265]	lr: 2.171e-02, eta: 3 days, 12:28:57, time: 4.059, data_time: 0.000, memory: 5247, top1_acc: 0.7759, top5_acc: 0.9456, loss_cls: 0.7361, loss: 0.7361
2026-09-15 05:56:09,486 - pyskl - INFO - Epoch [4][5000/6265]	lr: 2.168e-02, eta: 3 days, 12:22:39, time: 4.017, data_time: 0.000, memory: 5247, top1_acc: 0.7612, top5_acc: 0.9434, loss_cls: 0.7859, loss: 0.7859
2026-09-15 06:02:53,080 - pyskl - INFO - Epoch [4][5100/6265]	lr: 2.166e-02, eta: 3 days, 12:16:29, time: 4.036, data_time: 0.000, memory: 5247, top1_acc: 0.7725, top5_acc: 0.9472, loss_cls: 0.7546, loss: 0.7546
2026-09-15 06:09:34,924 - pyskl - INFO - Epoch [4][5200/6265]	lr: 2.163e-02, eta: 3 days, 12:10:11, time: 4.018, data_time: 0.000, memory: 5247, top1_acc: 0.7866, top5_acc: 0.9547, loss_cls: 0.6890, loss: 0.6890
2026-09-15 06:16:19,655 - pyskl - INFO - Epoch [4][5300/6265]	lr: 2.160e-02, eta: 3 days, 12:04:05, time: 4.047, data_time: 0.000, memory: 5247, top1_acc: 0.7844, top5_acc: 0.9353, loss_cls: 0.7501, loss: 0.7501
2026-09-15 06:23:03,386 - pyskl - INFO - Epoch [4][5400/6265]	lr: 2.158e-02, eta: 3 days, 11:57:54, time: 4.037, data_time: 0.000, memory: 5247, top1_acc: 0.7819, top5_acc: 0.9441, loss_cls: 0.7055, loss: 0.7055
2026-09-15 06:29:46,584 - pyskl - INFO - Epoch [4][5500/6265]	lr: 2.155e-02, eta: 3 days, 11:51:40, time: 4.032, data_time: 0.000, memory: 5247, top1_acc: 0.7719, top5_acc: 0.9387, loss_cls: 0.7750, loss: 0.7750
2026-09-15 06:36:32,936 - pyskl - INFO - Epoch [4][5600/6265]	lr: 2.152e-02, eta: 3 days, 11:45:40, time: 4.064, data_time: 0.000, memory: 5247, top1_acc: 0.7700, top5_acc: 0.9447, loss_cls: 0.7465, loss: 0.7465
2026-09-15 06:43:18,620 - pyskl - INFO - Epoch [4][5700/6265]	lr: 2.149e-02, eta: 3 days, 11:39:36, time: 4.057, data_time: 0.000, memory: 5247, top1_acc: 0.7794, top5_acc: 0.9487, loss_cls: 0.7133, loss: 0.7133
2026-09-15 06:50:01,945 - pyskl - INFO - Epoch [4][5800/6265]	lr: 2.147e-02, eta: 3 days, 11:33:22, time: 4.033, data_time: 0.000, memory: 5247, top1_acc: 0.7831, top5_acc: 0.9478, loss_cls: 0.7278, loss: 0.7278
2026-09-15 06:56:47,566 - pyskl - INFO - Epoch [4][5900/6265]	lr: 2.144e-02, eta: 3 days, 11:27:17, time: 4.056, data_time: 0.000, memory: 5247, top1_acc: 0.7822, top5_acc: 0.9453, loss_cls: 0.7243, loss: 0.7243
2026-09-15 07:03:32,926 - pyskl - INFO - Epoch [4][6000/6265]	lr: 2.141e-02, eta: 3 days, 11:21:10, time: 4.054, data_time: 0.000, memory: 5247, top1_acc: 0.7766, top5_acc: 0.9434, loss_cls: 0.7154, loss: 0.7154
2026-09-15 07:10:16,589 - pyskl - INFO - Epoch [4][6100/6265]	lr: 2.138e-02, eta: 3 days, 11:14:56, time: 4.037, data_time: 0.000, memory: 5247, top1_acc: 0.7894, top5_acc: 0.9481, loss_cls: 0.6848, loss: 0.6848
2026-09-15 07:17:01,843 - pyskl - INFO - Epoch [4][6200/6265]	lr: 2.136e-02, eta: 3 days, 11:08:49, time: 4.053, data_time: 0.000, memory: 5247, top1_acc: 0.7913, top5_acc: 0.9419, loss_cls: 0.6992, loss: 0.6992
2026-09-15 07:21:21,890 - pyskl - INFO - Saving checkpoint at 4 epochs
2026-09-15 07:57:05,452 - pyskl - INFO - Evaluating top_k_accuracy ...
2026-09-15 07:57:05,516 - pyskl - INFO - 
top1_acc	0.7885
top5_acc	0.9591
2026-09-15 07:57:05,519 - pyskl - INFO - The previous best checkpoint D:\YXJProject\pythonProject\pyskl\work_dirs\aug_baseline\b_aug\stgcnpp_j\seed2026\best_top1_acc_epoch_3.pth was removed
2026-09-15 07:57:05,706 - pyskl - INFO - Now best checkpoint is saved as best_top1_acc_epoch_4.pth.
2026-09-15 07:57:05,707 - pyskl - INFO - Best top1_acc is 0.7885 at 4 epoch.
2026-09-15 07:57:05,711 - pyskl - INFO - Epoch(val) [4][516]	top1_acc: 0.7885, top5_acc: 0.9591
2026-09-15 08:04:02,675 - pyskl - INFO - Epoch [5][100/6265]	lr: 2.131e-02, eta: 3 days, 10:42:01, time: 4.170, data_time: 0.128, memory: 5247, top1_acc: 0.7662, top5_acc: 0.9469, loss_cls: 0.7554, loss: 0.7554
2026-09-15 08:10:45,467 - pyskl - INFO - Epoch [5][200/6265]	lr: 2.128e-02, eta: 3 days, 10:35:49, time: 4.028, data_time: 0.000, memory: 5247, top1_acc: 0.8075, top5_acc: 0.9537, loss_cls: 0.6553, loss: 0.6553
2026-09-15 08:17:29,590 - pyskl - INFO - Epoch [5][300/6265]	lr: 2.126e-02, eta: 3 days, 10:29:42, time: 4.041, data_time: 0.000, memory: 5247, top1_acc: 0.8053, top5_acc: 0.9537, loss_cls: 0.6495, loss: 0.6495
2026-09-15 08:24:10,498 - pyskl - INFO - Epoch [5][400/6265]	lr: 2.123e-02, eta: 3 days, 10:23:22, time: 4.009, data_time: 0.000, memory: 5247, top1_acc: 0.7863, top5_acc: 0.9506, loss_cls: 0.7020, loss: 0.7020
2026-09-15 08:30:51,841 - pyskl - INFO - Epoch [5][500/6265]	lr: 2.120e-02, eta: 3 days, 10:17:04, time: 4.013, data_time: 0.000, memory: 5247, top1_acc: 0.7881, top5_acc: 0.9475, loss_cls: 0.6982, loss: 0.6982
2026-09-15 08:37:37,000 - pyskl - INFO - Epoch [5][600/6265]	lr: 2.117e-02, eta: 3 days, 10:11:00, time: 4.052, data_time: 0.000, memory: 5247, top1_acc: 0.7837, top5_acc: 0.9472, loss_cls: 0.7029, loss: 0.7029
2026-09-15 08:44:21,315 - pyskl - INFO - Epoch [5][700/6265]	lr: 2.114e-02, eta: 3 days, 10:04:52, time: 4.043, data_time: 0.000, memory: 5247, top1_acc: 0.7900, top5_acc: 0.9487, loss_cls: 0.6900, loss: 0.6900
2026-09-15 08:51:05,233 - pyskl - INFO - Epoch [5][800/6265]	lr: 2.111e-02, eta: 3 days, 9:58:43, time: 4.039, data_time: 0.000, memory: 5247, top1_acc: 0.7841, top5_acc: 0.9459, loss_cls: 0.7087, loss: 0.7087
2026-09-15 08:57:50,875 - pyskl - INFO - Epoch [5][900/6265]	lr: 2.109e-02, eta: 3 days, 9:52:39, time: 4.056, data_time: 0.000, memory: 5247, top1_acc: 0.7981, top5_acc: 0.9528, loss_cls: 0.6736, loss: 0.6736
2026-09-15 09:04:34,828 - pyskl - INFO - Epoch [5][1000/6265]	lr: 2.106e-02, eta: 3 days, 9:46:29, time: 4.040, data_time: 0.000, memory: 5247, top1_acc: 0.7756, top5_acc: 0.9481, loss_cls: 0.7283, loss: 0.7283
2026-09-15 09:11:16,495 - pyskl - INFO - Epoch [5][1100/6265]	lr: 2.103e-02, eta: 3 days, 9:40:10, time: 4.017, data_time: 0.000, memory: 5247, top1_acc: 0.7788, top5_acc: 0.9425, loss_cls: 0.7467, loss: 0.7467
2026-09-15 09:18:00,047 - pyskl - INFO - Epoch [5][1200/6265]	lr: 2.100e-02, eta: 3 days, 9:33:58, time: 4.036, data_time: 0.000, memory: 5247, top1_acc: 0.7853, top5_acc: 0.9459, loss_cls: 0.7298, loss: 0.7298
2026-09-15 09:24:45,466 - pyskl - INFO - Epoch [5][1300/6265]	lr: 2.097e-02, eta: 3 days, 9:27:53, time: 4.054, data_time: 0.000, memory: 5247, top1_acc: 0.7931, top5_acc: 0.9487, loss_cls: 0.6883, loss: 0.6883
2026-09-15 09:31:31,911 - pyskl - INFO - Epoch [5][1400/6265]	lr: 2.094e-02, eta: 3 days, 9:21:50, time: 4.064, data_time: 0.000, memory: 5247, top1_acc: 0.7847, top5_acc: 0.9519, loss_cls: 0.7145, loss: 0.7145
2026-09-15 09:38:13,513 - pyskl - INFO - Epoch [5][1500/6265]	lr: 2.091e-02, eta: 3 days, 9:15:30, time: 4.016, data_time: 0.000, memory: 5247, top1_acc: 0.7987, top5_acc: 0.9528, loss_cls: 0.6742, loss: 0.6742
2026-09-15 09:44:56,819 - pyskl - INFO - Epoch [5][1600/6265]	lr: 2.088e-02, eta: 3 days, 9:09:15, time: 4.033, data_time: 0.000, memory: 5247, top1_acc: 0.7869, top5_acc: 0.9453, loss_cls: 0.7494, loss: 0.7494
2026-09-15 09:51:40,105 - pyskl - INFO - Epoch [5][1700/6265]	lr: 2.086e-02, eta: 3 days, 9:03:01, time: 4.033, data_time: 0.000, memory: 5247, top1_acc: 0.7944, top5_acc: 0.9466, loss_cls: 0.6912, loss: 0.6912
2026-09-15 09:58:23,418 - pyskl - INFO - Epoch [5][1800/6265]	lr: 2.083e-02, eta: 3 days, 8:56:46, time: 4.033, data_time: 0.000, memory: 5247, top1_acc: 0.7941, top5_acc: 0.9450, loss_cls: 0.7109, loss: 0.7109
2026-09-15 10:05:06,457 - pyskl - INFO - Epoch [5][1900/6265]	lr: 2.080e-02, eta: 3 days, 8:50:30, time: 4.030, data_time: 0.000, memory: 5247, top1_acc: 0.7966, top5_acc: 0.9500, loss_cls: 0.6796, loss: 0.6796
2026-09-15 10:11:49,112 - pyskl - INFO - Epoch [5][2000/6265]	lr: 2.077e-02, eta: 3 days, 8:44:12, time: 4.027, data_time: 0.000, memory: 5247, top1_acc: 0.7828, top5_acc: 0.9450, loss_cls: 0.7076, loss: 0.7076
2026-09-15 10:18:34,066 - pyskl - INFO - Epoch [5][2100/6265]	lr: 2.074e-02, eta: 3 days, 8:38:02, time: 4.050, data_time: 0.000, memory: 5247, top1_acc: 0.7853, top5_acc: 0.9475, loss_cls: 0.7085, loss: 0.7085
2026-09-15 10:25:17,437 - pyskl - INFO - Epoch [5][2200/6265]	lr: 2.071e-02, eta: 3 days, 8:31:46, time: 4.034, data_time: 0.000, memory: 5247, top1_acc: 0.7731, top5_acc: 0.9497, loss_cls: 0.7305, loss: 0.7305
2026-09-15 10:32:00,184 - pyskl - INFO - Epoch [5][2300/6265]	lr: 2.068e-02, eta: 3 days, 8:25:28, time: 4.027, data_time: 0.000, memory: 5247, top1_acc: 0.7953, top5_acc: 0.9494, loss_cls: 0.6854, loss: 0.6854
2026-09-15 10:38:43,549 - pyskl - INFO - Epoch [5][2400/6265]	lr: 2.065e-02, eta: 3 days, 8:19:12, time: 4.034, data_time: 0.000, memory: 5247, top1_acc: 0.7925, top5_acc: 0.9425, loss_cls: 0.7055, loss: 0.7055
2026-09-15 10:45:25,396 - pyskl - INFO - Epoch [5][2500/6265]	lr: 2.062e-02, eta: 3 days, 8:12:50, time: 4.018, data_time: 0.000, memory: 5247, top1_acc: 0.7919, top5_acc: 0.9450, loss_cls: 0.6893, loss: 0.6893
2026-09-15 10:52:08,219 - pyskl - INFO - Epoch [5][2600/6265]	lr: 2.059e-02, eta: 3 days, 8:06:31, time: 4.028, data_time: 0.000, memory: 5247, top1_acc: 0.7931, top5_acc: 0.9537, loss_cls: 0.6859, loss: 0.6859
2026-09-15 10:58:52,389 - pyskl - INFO - Epoch [5][2700/6265]	lr: 2.056e-02, eta: 3 days, 8:00:17, time: 4.042, data_time: 0.000, memory: 5247, top1_acc: 0.8059, top5_acc: 0.9494, loss_cls: 0.6498, loss: 0.6498
2026-09-15 11:05:39,643 - pyskl - INFO - Epoch [5][2800/6265]	lr: 2.053e-02, eta: 3 days, 7:54:13, time: 4.073, data_time: 0.000, memory: 5247, top1_acc: 0.7809, top5_acc: 0.9391, loss_cls: 0.7346, loss: 0.7346
2026-09-15 11:12:24,749 - pyskl - INFO - Epoch [5][2900/6265]	lr: 2.050e-02, eta: 3 days, 7:48:01, time: 4.051, data_time: 0.000, memory: 5247, top1_acc: 0.7903, top5_acc: 0.9416, loss_cls: 0.6968, loss: 0.6968
2026-09-15 11:19:08,541 - pyskl - INFO - Epoch [5][3000/6265]	lr: 2.047e-02, eta: 3 days, 7:41:44, time: 4.038, data_time: 0.000, memory: 5247, top1_acc: 0.7897, top5_acc: 0.9516, loss_cls: 0.6885, loss: 0.6885
2026-09-15 11:25:50,687 - pyskl - INFO - Epoch [5][3100/6265]	lr: 2.044e-02, eta: 3 days, 7:35:22, time: 4.021, data_time: 0.000, memory: 5247, top1_acc: 0.7878, top5_acc: 0.9481, loss_cls: 0.7090, loss: 0.7090
2026-09-15 11:32:34,336 - pyskl - INFO - Epoch [5][3200/6265]	lr: 2.041e-02, eta: 3 days, 7:29:05, time: 4.036, data_time: 0.000, memory: 5247, top1_acc: 0.7863, top5_acc: 0.9453, loss_cls: 0.7213, loss: 0.7213
2026-09-15 11:39:17,886 - pyskl - INFO - Epoch [5][3300/6265]	lr: 2.038e-02, eta: 3 days, 7:22:47, time: 4.035, data_time: 0.000, memory: 5247, top1_acc: 0.8056, top5_acc: 0.9491, loss_cls: 0.6622, loss: 0.6622
2026-09-15 11:46:01,994 - pyskl - INFO - Epoch [5][3400/6265]	lr: 2.035e-02, eta: 3 days, 7:16:30, time: 4.041, data_time: 0.000, memory: 5247, top1_acc: 0.7963, top5_acc: 0.9487, loss_cls: 0.6875, loss: 0.6875
2026-09-15 11:52:44,824 - pyskl - INFO - Epoch [5][3500/6265]	lr: 2.032e-02, eta: 3 days, 7:10:10, time: 4.028, data_time: 0.000, memory: 5247, top1_acc: 0.7894, top5_acc: 0.9391, loss_cls: 0.7129, loss: 0.7129
2026-09-15 11:59:26,588 - pyskl - INFO - Epoch [5][3600/6265]	lr: 2.029e-02, eta: 3 days, 7:03:45, time: 4.018, data_time: 0.000, memory: 5247, top1_acc: 0.7837, top5_acc: 0.9466, loss_cls: 0.7316, loss: 0.7316
2026-09-15 12:06:08,573 - pyskl - INFO - Epoch [5][3700/6265]	lr: 2.026e-02, eta: 3 days, 6:57:21, time: 4.020, data_time: 0.000, memory: 5247, top1_acc: 0.7987, top5_acc: 0.9525, loss_cls: 0.6797, loss: 0.6797
2026-09-15 12:12:50,035 - pyskl - INFO - Epoch [5][3800/6265]	lr: 2.023e-02, eta: 3 days, 6:50:56, time: 4.015, data_time: 0.000, memory: 5247, top1_acc: 0.8006, top5_acc: 0.9528, loss_cls: 0.6564, loss: 0.6564
2026-09-15 12:19:35,605 - pyskl - INFO - Epoch [5][3900/6265]	lr: 2.020e-02, eta: 3 days, 6:44:43, time: 4.056, data_time: 0.000, memory: 5247, top1_acc: 0.7963, top5_acc: 0.9531, loss_cls: 0.6810, loss: 0.6810
2026-09-15 12:26:15,189 - pyskl - INFO - Epoch [5][4000/6265]	lr: 2.016e-02, eta: 3 days, 6:38:11, time: 3.996, data_time: 0.000, memory: 5247, top1_acc: 0.7872, top5_acc: 0.9444, loss_cls: 0.7140, loss: 0.7140
2026-09-15 12:32:57,358 - pyskl - INFO - Epoch [5][4100/6265]	lr: 2.013e-02, eta: 3 days, 6:31:47, time: 4.022, data_time: 0.000, memory: 5247, top1_acc: 0.7966, top5_acc: 0.9516, loss_cls: 0.6665, loss: 0.6665
2026-09-15 12:39:40,300 - pyskl - INFO - Epoch [5][4200/6265]	lr: 2.010e-02, eta: 3 days, 6:25:26, time: 4.029, data_time: 0.000, memory: 5247, top1_acc: 0.7928, top5_acc: 0.9472, loss_cls: 0.6922, loss: 0.6922
2026-09-15 12:46:24,744 - pyskl - INFO - Epoch [5][4300/6265]	lr: 2.007e-02, eta: 3 days, 6:19:08, time: 4.044, data_time: 0.000, memory: 5247, top1_acc: 0.7994, top5_acc: 0.9566, loss_cls: 0.6590, loss: 0.6590
2026-09-15 12:53:11,316 - pyskl - INFO - Epoch [5][4400/6265]	lr: 2.004e-02, eta: 3 days, 6:12:57, time: 4.066, data_time: 0.000, memory: 5247, top1_acc: 0.7966, top5_acc: 0.9481, loss_cls: 0.6926, loss: 0.6926
2026-09-15 12:59:56,158 - pyskl - INFO - Epoch [5][4500/6265]	lr: 2.001e-02, eta: 3 days, 6:06:41, time: 4.048, data_time: 0.000, memory: 5247, top1_acc: 0.8019, top5_acc: 0.9513, loss_cls: 0.6433, loss: 0.6433
2026-09-15 13:06:39,188 - pyskl - INFO - Epoch [5][4600/6265]	lr: 1.998e-02, eta: 3 days, 6:00:19, time: 4.030, data_time: 0.000, memory: 5247, top1_acc: 0.8050, top5_acc: 0.9456, loss_cls: 0.6883, loss: 0.6883
2026-09-15 13:13:22,829 - pyskl - INFO - Epoch [5][4700/6265]	lr: 1.995e-02, eta: 3 days, 5:53:58, time: 4.037, data_time: 0.000, memory: 5247, top1_acc: 0.7788, top5_acc: 0.9469, loss_cls: 0.7123, loss: 0.7123
2026-09-15 13:20:09,770 - pyskl - INFO - Epoch [5][4800/6265]	lr: 1.991e-02, eta: 3 days, 5:47:47, time: 4.069, data_time: 0.000, memory: 5247, top1_acc: 0.8006, top5_acc: 0.9487, loss_cls: 0.6805, loss: 0.6805
2026-09-15 13:26:57,790 - pyskl - INFO - Epoch [5][4900/6265]	lr: 1.988e-02, eta: 3 days, 5:41:39, time: 4.080, data_time: 0.000, memory: 5247, top1_acc: 0.7869, top5_acc: 0.9506, loss_cls: 0.6988, loss: 0.6988
2026-09-15 13:33:41,094 - pyskl - INFO - Epoch [5][5000/6265]	lr: 1.985e-02, eta: 3 days, 5:35:17, time: 4.033, data_time: 0.000, memory: 5247, top1_acc: 0.7881, top5_acc: 0.9450, loss_cls: 0.7096, loss: 0.7096
2026-09-15 13:40:25,710 - pyskl - INFO - Epoch [5][5100/6265]	lr: 1.982e-02, eta: 3 days, 5:28:58, time: 4.046, data_time: 0.000, memory: 5247, top1_acc: 0.7906, top5_acc: 0.9469, loss_cls: 0.6914, loss: 0.6914
2026-09-15 13:47:18,378 - pyskl - INFO - Epoch [5][5200/6265]	lr: 1.979e-02, eta: 3 days, 5:23:03, time: 4.127, data_time: 0.000, memory: 5247, top1_acc: 0.7978, top5_acc: 0.9453, loss_cls: 0.6918, loss: 0.6918
2026-09-15 13:54:04,741 - pyskl - INFO - Epoch [5][5300/6265]	lr: 1.976e-02, eta: 3 days, 5:16:49, time: 4.064, data_time: 0.000, memory: 5247, top1_acc: 0.7906, top5_acc: 0.9519, loss_cls: 0.6886, loss: 0.6886
2026-09-15 14:00:46,240 - pyskl - INFO - Epoch [5][5400/6265]	lr: 1.972e-02, eta: 3 days, 5:10:20, time: 4.015, data_time: 0.000, memory: 5247, top1_acc: 0.7916, top5_acc: 0.9478, loss_cls: 0.6809, loss: 0.6809
2026-09-15 14:07:30,839 - pyskl - INFO - Epoch [5][5500/6265]	lr: 1.969e-02, eta: 3 days, 5:04:01, time: 4.046, data_time: 0.000, memory: 5247, top1_acc: 0.7925, top5_acc: 0.9463, loss_cls: 0.6848, loss: 0.6848
2026-09-15 14:14:17,802 - pyskl - INFO - Epoch [5][5600/6265]	lr: 1.966e-02, eta: 3 days, 4:57:48, time: 4.070, data_time: 0.000, memory: 5247, top1_acc: 0.7903, top5_acc: 0.9422, loss_cls: 0.7083, loss: 0.7083
2026-09-15 14:21:05,540 - pyskl - INFO - Epoch [5][5700/6265]	lr: 1.963e-02, eta: 3 days, 4:51:37, time: 4.077, data_time: 0.000, memory: 5247, top1_acc: 0.8006, top5_acc: 0.9497, loss_cls: 0.6620, loss: 0.6620
2026-09-15 14:27:51,592 - pyskl - INFO - Epoch [5][5800/6265]	lr: 1.960e-02, eta: 3 days, 4:45:20, time: 4.061, data_time: 0.000, memory: 5247, top1_acc: 0.8022, top5_acc: 0.9559, loss_cls: 0.6517, loss: 0.6517
2026-09-15 14:34:40,093 - pyskl - INFO - Epoch [5][5900/6265]	lr: 1.956e-02, eta: 3 days, 4:39:11, time: 4.085, data_time: 0.000, memory: 5247, top1_acc: 0.7959, top5_acc: 0.9494, loss_cls: 0.6752, loss: 0.6752
2026-09-15 14:41:25,424 - pyskl - INFO - Epoch [5][6000/6265]	lr: 1.953e-02, eta: 3 days, 4:32:52, time: 4.053, data_time: 0.000, memory: 5247, top1_acc: 0.7931, top5_acc: 0.9497, loss_cls: 0.6898, loss: 0.6898
2026-09-15 14:48:11,290 - pyskl - INFO - Epoch [5][6100/6265]	lr: 1.950e-02, eta: 3 days, 4:26:35, time: 4.059, data_time: 0.000, memory: 5247, top1_acc: 0.8041, top5_acc: 0.9522, loss_cls: 0.6638, loss: 0.6638
2026-09-15 14:54:59,717 - pyskl - INFO - Epoch [5][6200/6265]	lr: 1.947e-02, eta: 3 days, 4:20:24, time: 4.084, data_time: 0.000, memory: 5247, top1_acc: 0.8119, top5_acc: 0.9534, loss_cls: 0.6316, loss: 0.6316
2026-09-15 14:59:19,482 - pyskl - INFO - Saving checkpoint at 5 epochs
2026-09-15 15:35:06,872 - pyskl - INFO - Evaluating top_k_accuracy ...
2026-09-15 15:35:06,937 - pyskl - INFO - 
top1_acc	0.8217
top5_acc	0.9693
2026-09-15 15:35:06,940 - pyskl - INFO - The previous best checkpoint D:\YXJProject\pythonProject\pyskl\work_dirs\aug_baseline\b_aug\stgcnpp_j\seed2026\best_top1_acc_epoch_4.pth was removed
2026-09-15 15:35:07,143 - pyskl - INFO - Now best checkpoint is saved as best_top1_acc_epoch_5.pth.
2026-09-15 15:35:07,143 - pyskl - INFO - Best top1_acc is 0.8217 at 5 epoch.
2026-09-15 15:35:07,147 - pyskl - INFO - Epoch(val) [5][516]	top1_acc: 0.8217, top5_acc: 0.9693
2026-09-15 15:42:11,038 - pyskl - INFO - Epoch [6][100/6265]	lr: 1.941e-02, eta: 3 days, 3:58:48, time: 4.239, data_time: 0.210, memory: 5247, top1_acc: 0.8081, top5_acc: 0.9581, loss_cls: 0.6318, loss: 0.6318
2026-09-15 15:48:54,961 - pyskl - INFO - Epoch [6][200/6265]	lr: 1.938e-02, eta: 3 days, 3:52:28, time: 4.039, data_time: 0.000, memory: 5247, top1_acc: 0.8134, top5_acc: 0.9556, loss_cls: 0.6152, loss: 0.6152
2026-09-15 15:55:39,688 - pyskl - INFO - Epoch [6][300/6265]	lr: 1.935e-02, eta: 3 days, 3:46:10, time: 4.047, data_time: 0.000, memory: 5247, top1_acc: 0.7953, top5_acc: 0.9553, loss_cls: 0.6501, loss: 0.6501
2026-09-15 16:02:24,454 - pyskl - INFO - Epoch [6][400/6265]	lr: 1.931e-02, eta: 3 days, 3:39:52, time: 4.048, data_time: 0.000, memory: 5247, top1_acc: 0.8066, top5_acc: 0.9513, loss_cls: 0.6623, loss: 0.6623
2026-09-15 16:09:10,491 - pyskl - INFO - Epoch [6][500/6265]	lr: 1.928e-02, eta: 3 days, 3:33:37, time: 4.060, data_time: 0.000, memory: 5247, top1_acc: 0.8116, top5_acc: 0.9494, loss_cls: 0.6448, loss: 0.6448
2026-09-15 16:15:57,572 - pyskl - INFO - Epoch [6][600/6265]	lr: 1.925e-02, eta: 3 days, 3:27:25, time: 4.071, data_time: 0.000, memory: 5247, top1_acc: 0.8047, top5_acc: 0.9641, loss_cls: 0.6377, loss: 0.6377
2026-09-15 16:22:39,298 - pyskl - INFO - Epoch [6][700/6265]	lr: 1.922e-02, eta: 3 days, 3:20:58, time: 4.017, data_time: 0.000, memory: 5247, top1_acc: 0.8044, top5_acc: 0.9491, loss_cls: 0.6621, loss: 0.6621
2026-09-15 16:29:23,759 - pyskl - INFO - Epoch [6][800/6265]	lr: 1.918e-02, eta: 3 days, 3:14:38, time: 4.045, data_time: 0.000, memory: 5247, top1_acc: 0.7963, top5_acc: 0.9503, loss_cls: 0.6748, loss: 0.6748
2026-09-15 16:36:04,730 - pyskl - INFO - Epoch [6][900/6265]	lr: 1.915e-02, eta: 3 days, 3:08:09, time: 4.010, data_time: 0.000, memory: 5247, top1_acc: 0.7994, top5_acc: 0.9437, loss_cls: 0.6848, loss: 0.6848
2026-09-15 16:42:45,804 - pyskl - INFO - Epoch [6][1000/6265]	lr: 1.912e-02, eta: 3 days, 3:01:40, time: 4.011, data_time: 0.000, memory: 5247, top1_acc: 0.8041, top5_acc: 0.9541, loss_cls: 0.6511, loss: 0.6511
2026-09-15 16:49:30,450 - pyskl - INFO - Epoch [6][1100/6265]	lr: 1.908e-02, eta: 3 days, 2:55:21, time: 4.046, data_time: 0.000, memory: 5247, top1_acc: 0.8025, top5_acc: 0.9478, loss_cls: 0.6497, loss: 0.6497
2026-09-15 16:56:14,706 - pyskl - INFO - Epoch [6][1200/6265]	lr: 1.905e-02, eta: 3 days, 2:49:00, time: 4.043, data_time: 0.000, memory: 5247, top1_acc: 0.8013, top5_acc: 0.9506, loss_cls: 0.6698, loss: 0.6698
2026-09-15 17:02:59,778 - pyskl - INFO - Epoch [6][1300/6265]	lr: 1.902e-02, eta: 3 days, 2:42:41, time: 4.051, data_time: 0.000, memory: 5247, top1_acc: 0.8000, top5_acc: 0.9525, loss_cls: 0.6641, loss: 0.6641
2026-09-15 17:09:43,005 - pyskl - INFO - Epoch [6][1400/6265]	lr: 1.898e-02, eta: 3 days, 2:36:17, time: 4.032, data_time: 0.000, memory: 5247, top1_acc: 0.7978, top5_acc: 0.9494, loss_cls: 0.6821, loss: 0.6821
2026-09-15 17:16:26,653 - pyskl - INFO - Epoch [6][1500/6265]	lr: 1.895e-02, eta: 3 days, 2:29:54, time: 4.036, data_time: 0.000, memory: 5247, top1_acc: 0.7897, top5_acc: 0.9478, loss_cls: 0.7116, loss: 0.7116
2026-09-15 17:23:11,211 - pyskl - INFO - Epoch [6][1600/6265]	lr: 1.892e-02, eta: 3 days, 2:23:33, time: 4.046, data_time: 0.000, memory: 5247, top1_acc: 0.8019, top5_acc: 0.9525, loss_cls: 0.6554, loss: 0.6554
2026-09-15 17:29:54,271 - pyskl - INFO - Epoch [6][1700/6265]	lr: 1.888e-02, eta: 3 days, 2:17:08, time: 4.031, data_time: 0.000, memory: 5247, top1_acc: 0.8013, top5_acc: 0.9475, loss_cls: 0.6638, loss: 0.6638
2026-09-15 17:36:39,377 - pyskl - INFO - Epoch [6][1800/6265]	lr: 1.885e-02, eta: 3 days, 2:10:48, time: 4.051, data_time: 0.000, memory: 5247, top1_acc: 0.8037, top5_acc: 0.9487, loss_cls: 0.6546, loss: 0.6546
2026-09-15 17:43:25,551 - pyskl - INFO - Epoch [6][1900/6265]	lr: 1.881e-02, eta: 3 days, 2:04:31, time: 4.062, data_time: 0.000, memory: 5247, top1_acc: 0.8078, top5_acc: 0.9522, loss_cls: 0.6239, loss: 0.6239
2026-09-15 17:50:08,284 - pyskl - INFO - Epoch [6][2000/6265]	lr: 1.878e-02, eta: 3 days, 1:58:05, time: 4.027, data_time: 0.000, memory: 5247, top1_acc: 0.8094, top5_acc: 0.9513, loss_cls: 0.6300, loss: 0.6300
2026-09-15 17:56:51,853 - pyskl - INFO - Epoch [6][2100/6265]	lr: 1.875e-02, eta: 3 days, 1:51:41, time: 4.036, data_time: 0.000, memory: 5247, top1_acc: 0.8044, top5_acc: 0.9463, loss_cls: 0.6526, loss: 0.6526
2026-09-15 18:03:32,577 - pyskl - INFO - Epoch [6][2200/6265]	lr: 1.871e-02, eta: 3 days, 1:45:10, time: 4.007, data_time: 0.000, memory: 5247, top1_acc: 0.7975, top5_acc: 0.9559, loss_cls: 0.6529, loss: 0.6529
2026-09-15 18:10:13,585 - pyskl - INFO - Epoch [6][2300/6265]	lr: 1.868e-02, eta: 3 days, 1:38:39, time: 4.010, data_time: 0.000, memory: 5247, top1_acc: 0.7819, top5_acc: 0.9444, loss_cls: 0.6907, loss: 0.6907
2026-09-15 18:16:58,767 - pyskl - INFO - Epoch [6][2400/6265]	lr: 1.864e-02, eta: 3 days, 1:32:18, time: 4.052, data_time: 0.000, memory: 5247, top1_acc: 0.7975, top5_acc: 0.9513, loss_cls: 0.6593, loss: 0.6593
2026-09-15 18:23:42,795 - pyskl - INFO - Epoch [6][2500/6265]	lr: 1.861e-02, eta: 3 days, 1:25:55, time: 4.040, data_time: 0.000, memory: 5247, top1_acc: 0.8147, top5_acc: 0.9559, loss_cls: 0.6331, loss: 0.6331
2026-09-15 18:30:29,368 - pyskl - INFO - Epoch [6][2600/6265]	lr: 1.858e-02, eta: 3 days, 1:19:37, time: 4.066, data_time: 0.000, memory: 5247, top1_acc: 0.8091, top5_acc: 0.9513, loss_cls: 0.6462, loss: 0.6462
2026-09-15 18:37:14,825 - pyskl - INFO - Epoch [6][2700/6265]	lr: 1.854e-02, eta: 3 days, 1:13:17, time: 4.055, data_time: 0.000, memory: 5247, top1_acc: 0.8006, top5_acc: 0.9541, loss_cls: 0.6558, loss: 0.6558
2026-09-15 18:43:59,020 - pyskl - INFO - Epoch [6][2800/6265]	lr: 1.851e-02, eta: 3 days, 1:06:53, time: 4.042, data_time: 0.000, memory: 5247, top1_acc: 0.8078, top5_acc: 0.9572, loss_cls: 0.6450, loss: 0.6450
2026-09-15 18:50:42,113 - pyskl - INFO - Epoch [6][2900/6265]	lr: 1.847e-02, eta: 3 days, 1:00:27, time: 4.031, data_time: 0.000, memory: 5247, top1_acc: 0.8019, top5_acc: 0.9516, loss_cls: 0.6670, loss: 0.6670
2026-09-15 18:57:23,592 - pyskl - INFO - Epoch [6][3000/6265]	lr: 1.844e-02, eta: 3 days, 0:53:57, time: 4.015, data_time: 0.000, memory: 5247, top1_acc: 0.7937, top5_acc: 0.9428, loss_cls: 0.7062, loss: 0.7062
2026-09-15 19:04:06,656 - pyskl - INFO - Epoch [6][3100/6265]	lr: 1.840e-02, eta: 3 days, 0:47:30, time: 4.031, data_time: 0.000, memory: 5247, top1_acc: 0.8084, top5_acc: 0.9522, loss_cls: 0.6448, loss: 0.6448
2026-09-15 19:10:49,734 - pyskl - INFO - Epoch [6][3200/6265]	lr: 1.837e-02, eta: 3 days, 0:41:03, time: 4.031, data_time: 0.000, memory: 5247, top1_acc: 0.8106, top5_acc: 0.9516, loss_cls: 0.6327, loss: 0.6327
2026-09-15 19:17:31,734 - pyskl - INFO - Epoch [6][3300/6265]	lr: 1.833e-02, eta: 3 days, 0:34:34, time: 4.020, data_time: 0.000, memory: 5247, top1_acc: 0.8006, top5_acc: 0.9475, loss_cls: 0.6546, loss: 0.6546
2026-09-15 19:24:14,501 - pyskl - INFO - Epoch [6][3400/6265]	lr: 1.830e-02, eta: 3 days, 0:28:06, time: 4.028, data_time: 0.000, memory: 5247, top1_acc: 0.8137, top5_acc: 0.9566, loss_cls: 0.6288, loss: 0.6288
2026-09-15 19:30:58,125 - pyskl - INFO - Epoch [6][3500/6265]	lr: 1.827e-02, eta: 3 days, 0:21:41, time: 4.036, data_time: 0.000, memory: 5247, top1_acc: 0.8103, top5_acc: 0.9537, loss_cls: 0.6403, loss: 0.6403
2026-09-15 19:37:41,229 - pyskl - INFO - Epoch [6][3600/6265]	lr: 1.823e-02, eta: 3 days, 0:15:13, time: 4.031, data_time: 0.000, memory: 5247, top1_acc: 0.8191, top5_acc: 0.9591, loss_cls: 0.5886, loss: 0.5886
2026-09-15 19:44:23,092 - pyskl - INFO - Epoch [6][3700/6265]	lr: 1.820e-02, eta: 3 days, 0:08:43, time: 4.019, data_time: 0.000, memory: 5247, top1_acc: 0.8087, top5_acc: 0.9503, loss_cls: 0.6648, loss: 0.6648
2026-09-15 19:51:08,447 - pyskl - INFO - Epoch [6][3800/6265]	lr: 1.816e-02, eta: 3 days, 0:02:21, time: 4.054, data_time: 0.000, memory: 5247, top1_acc: 0.7937, top5_acc: 0.9569, loss_cls: 0.6699, loss: 0.6699
2026-09-15 19:57:55,509 - pyskl - INFO - Epoch [6][3900/6265]	lr: 1.813e-02, eta: 2 days, 23:56:03, time: 4.071, data_time: 0.000, memory: 5247, top1_acc: 0.8134, top5_acc: 0.9575, loss_cls: 0.6133, loss: 0.6133
2026-09-15 20:04:39,683 - pyskl - INFO - Epoch [6][4000/6265]	lr: 1.809e-02, eta: 2 days, 23:49:37, time: 4.042, data_time: 0.000, memory: 5247, top1_acc: 0.7969, top5_acc: 0.9456, loss_cls: 0.6783, loss: 0.6783
2026-09-15 20:11:26,814 - pyskl - INFO - Epoch [6][4100/6265]	lr: 1.806e-02, eta: 2 days, 23:43:19, time: 4.071, data_time: 0.000, memory: 5247, top1_acc: 0.8063, top5_acc: 0.9509, loss_cls: 0.6433, loss: 0.6433
2026-09-15 20:18:15,397 - pyskl - INFO - Epoch [6][4200/6265]	lr: 1.802e-02, eta: 2 days, 23:37:03, time: 4.086, data_time: 0.000, memory: 5247, top1_acc: 0.8128, top5_acc: 0.9553, loss_cls: 0.6195, loss: 0.6195
2026-09-15 20:25:00,733 - pyskl - INFO - Epoch [6][4300/6265]	lr: 1.799e-02, eta: 2 days, 23:30:40, time: 4.053, data_time: 0.000, memory: 5247, top1_acc: 0.8291, top5_acc: 0.9616, loss_cls: 0.5822, loss: 0.5822
2026-09-15 20:31:44,335 - pyskl - INFO - Epoch [6][4400/6265]	lr: 1.795e-02, eta: 2 days, 23:24:13, time: 4.036, data_time: 0.000, memory: 5247, top1_acc: 0.8128, top5_acc: 0.9534, loss_cls: 0.6193, loss: 0.6193
2026-09-15 20:38:30,467 - pyskl - INFO - Epoch [6][4500/6265]	lr: 1.792e-02, eta: 2 days, 23:17:51, time: 4.061, data_time: 0.000, memory: 5247, top1_acc: 0.8100, top5_acc: 0.9506, loss_cls: 0.6407, loss: 0.6407
2026-09-15 20:45:15,533 - pyskl - INFO - Epoch [6][4600/6265]	lr: 1.788e-02, eta: 2 days, 23:11:27, time: 4.051, data_time: 0.000, memory: 5247, top1_acc: 0.8069, top5_acc: 0.9513, loss_cls: 0.6591, loss: 0.6591
2026-09-15 20:51:59,553 - pyskl - INFO - Epoch [6][4700/6265]	lr: 1.784e-02, eta: 2 days, 23:05:00, time: 4.040, data_time: 0.000, memory: 5247, top1_acc: 0.8216, top5_acc: 0.9572, loss_cls: 0.6181, loss: 0.6181
2026-09-15 20:58:43,851 - pyskl - INFO - Epoch [6][4800/6265]	lr: 1.781e-02, eta: 2 days, 22:58:34, time: 4.043, data_time: 0.000, memory: 5247, top1_acc: 0.8297, top5_acc: 0.9522, loss_cls: 0.5976, loss: 0.5976
2026-09-15 21:05:27,550 - pyskl - INFO - Epoch [6][4900/6265]	lr: 1.777e-02, eta: 2 days, 22:52:07, time: 4.037, data_time: 0.000, memory: 5247, top1_acc: 0.8094, top5_acc: 0.9534, loss_cls: 0.6336, loss: 0.6336
2026-09-15 21:12:12,292 - pyskl - INFO - Epoch [6][5000/6265]	lr: 1.774e-02, eta: 2 days, 22:45:41, time: 4.047, data_time: 0.000, memory: 5247, top1_acc: 0.8137, top5_acc: 0.9569, loss_cls: 0.6288, loss: 0.6288
2026-09-15 21:18:59,137 - pyskl - INFO - Epoch [6][5100/6265]	lr: 1.770e-02, eta: 2 days, 22:39:20, time: 4.068, data_time: 0.000, memory: 5247, top1_acc: 0.8053, top5_acc: 0.9553, loss_cls: 0.6320, loss: 0.6320
2026-09-15 21:25:43,800 - pyskl - INFO - Epoch [6][5200/6265]	lr: 1.767e-02, eta: 2 days, 22:32:54, time: 4.047, data_time: 0.000, memory: 5247, top1_acc: 0.8194, top5_acc: 0.9528, loss_cls: 0.6352, loss: 0.6352
2026-09-15 21:32:31,670 - pyskl - INFO - Epoch [6][5300/6265]	lr: 1.763e-02, eta: 2 days, 22:26:35, time: 4.079, data_time: 0.000, memory: 5247, top1_acc: 0.8050, top5_acc: 0.9491, loss_cls: 0.6441, loss: 0.6441
2026-09-15 21:39:17,574 - pyskl - INFO - Epoch [6][5400/6265]	lr: 1.760e-02, eta: 2 days, 22:20:12, time: 4.059, data_time: 0.000, memory: 5247, top1_acc: 0.8156, top5_acc: 0.9559, loss_cls: 0.6187, loss: 0.6187
2026-09-15 21:46:02,292 - pyskl - INFO - Epoch [6][5500/6265]	lr: 1.756e-02, eta: 2 days, 22:13:46, time: 4.047, data_time: 0.000, memory: 5247, top1_acc: 0.8247, top5_acc: 0.9569, loss_cls: 0.6059, loss: 0.6059
2026-09-15 21:52:46,039 - pyskl - INFO - Epoch [6][5600/6265]	lr: 1.752e-02, eta: 2 days, 22:07:17, time: 4.037, data_time: 0.000, memory: 5247, top1_acc: 0.8016, top5_acc: 0.9509, loss_cls: 0.6452, loss: 0.6452
2026-09-15 21:59:30,759 - pyskl - INFO - Epoch [6][5700/6265]	lr: 1.749e-02, eta: 2 days, 22:00:51, time: 4.047, data_time: 0.000, memory: 5247, top1_acc: 0.7978, top5_acc: 0.9531, loss_cls: 0.6592, loss: 0.6592
2026-09-15 22:06:17,815 - pyskl - INFO - Epoch [6][5800/6265]	lr: 1.745e-02, eta: 2 days, 21:54:29, time: 4.071, data_time: 0.000, memory: 5247, top1_acc: 0.8222, top5_acc: 0.9541, loss_cls: 0.6019, loss: 0.6019
2026-09-15 22:13:04,733 - pyskl - INFO - Epoch [6][5900/6265]	lr: 1.742e-02, eta: 2 days, 21:48:07, time: 4.069, data_time: 0.000, memory: 5247, top1_acc: 0.8072, top5_acc: 0.9522, loss_cls: 0.6554, loss: 0.6554
2026-09-15 22:19:48,709 - pyskl - INFO - Epoch [6][6000/6265]	lr: 1.738e-02, eta: 2 days, 21:41:39, time: 4.040, data_time: 0.000, memory: 5247, top1_acc: 0.8147, top5_acc: 0.9525, loss_cls: 0.6286, loss: 0.6286
2026-09-15 22:26:37,555 - pyskl - INFO - Epoch [6][6100/6265]	lr: 1.734e-02, eta: 2 days, 21:35:20, time: 4.088, data_time: 0.000, memory: 5247, top1_acc: 0.8072, top5_acc: 0.9500, loss_cls: 0.6414, loss: 0.6414
2026-09-15 22:33:23,404 - pyskl - INFO - Epoch [6][6200/6265]	lr: 1.731e-02, eta: 2 days, 21:28:56, time: 4.058, data_time: 0.000, memory: 5247, top1_acc: 0.8006, top5_acc: 0.9525, loss_cls: 0.6459, loss: 0.6459
2026-09-15 22:37:44,845 - pyskl - INFO - Saving checkpoint at 6 epochs
2026-09-15 23:13:28,066 - pyskl - INFO - Evaluating top_k_accuracy ...
2026-09-15 23:13:28,132 - pyskl - INFO - 
top1_acc	0.8013
top5_acc	0.9667
2026-09-15 23:13:28,137 - pyskl - INFO - Epoch(val) [6][516]	top1_acc: 0.8013, top5_acc: 0.9667
2026-09-15 23:20:27,554 - pyskl - INFO - Epoch [7][100/6265]	lr: 1.725e-02, eta: 2 days, 21:10:03, time: 4.194, data_time: 0.125, memory: 5247, top1_acc: 0.8091, top5_acc: 0.9569, loss_cls: 0.6367, loss: 0.6367
2026-09-15 23:27:12,992 - pyskl - INFO - Epoch [7][200/6265]	lr: 1.721e-02, eta: 2 days, 21:03:39, time: 4.054, data_time: 0.000, memory: 5247, top1_acc: 0.8144, top5_acc: 0.9537, loss_cls: 0.6097, loss: 0.6097
2026-09-15 23:33:59,531 - pyskl - INFO - Epoch [7][300/6265]	lr: 1.718e-02, eta: 2 days, 20:57:18, time: 4.065, data_time: 0.000, memory: 5247, top1_acc: 0.8247, top5_acc: 0.9603, loss_cls: 0.5707, loss: 0.5707
2026-09-15 23:40:43,817 - pyskl - INFO - Epoch [7][400/6265]	lr: 1.714e-02, eta: 2 days, 20:50:51, time: 4.043, data_time: 0.000, memory: 5247, top1_acc: 0.8331, top5_acc: 0.9563, loss_cls: 0.5754, loss: 0.5754
2026-09-15 23:47:28,818 - pyskl - INFO - Epoch [7][500/6265]	lr: 1.710e-02, eta: 2 days, 20:44:27, time: 4.050, data_time: 0.000, memory: 5247, top1_acc: 0.8119, top5_acc: 0.9519, loss_cls: 0.6392, loss: 0.6392
2026-09-15 23:54:13,930 - pyskl - INFO - Epoch [7][600/6265]	lr: 1.707e-02, eta: 2 days, 20:38:02, time: 4.051, data_time: 0.000, memory: 5247, top1_acc: 0.8075, top5_acc: 0.9559, loss_cls: 0.6457, loss: 0.6457
2026-09-16 00:00:57,883 - pyskl - INFO - Epoch [7][700/6265]	lr: 1.703e-02, eta: 2 days, 20:31:35, time: 4.039, data_time: 0.000, memory: 5247, top1_acc: 0.8147, top5_acc: 0.9584, loss_cls: 0.6034, loss: 0.6034
2026-09-16 00:07:44,170 - pyskl - INFO - Epoch [7][800/6265]	lr: 1.699e-02, eta: 2 days, 20:25:12, time: 4.063, data_time: 0.000, memory: 5247, top1_acc: 0.8275, top5_acc: 0.9563, loss_cls: 0.5781, loss: 0.5781
2026-09-16 00:14:30,803 - pyskl - INFO - Epoch [7][900/6265]	lr: 1.696e-02, eta: 2 days, 20:18:50, time: 4.066, data_time: 0.000, memory: 5247, top1_acc: 0.8209, top5_acc: 0.9553, loss_cls: 0.6053, loss: 0.6053
2026-09-16 00:21:17,718 - pyskl - INFO - Epoch [7][1000/6265]	lr: 1.692e-02, eta: 2 days, 20:12:28, time: 4.069, data_time: 0.000, memory: 5247, top1_acc: 0.8228, top5_acc: 0.9500, loss_cls: 0.6090, loss: 0.6090
2026-09-16 00:28:01,582 - pyskl - INFO - Epoch [7][1100/6265]	lr: 1.688e-02, eta: 2 days, 20:06:01, time: 4.039, data_time: 0.000, memory: 5247, top1_acc: 0.8087, top5_acc: 0.9569, loss_cls: 0.6305, loss: 0.6305
2026-09-16 00:34:45,740 - pyskl - INFO - Epoch [7][1200/6265]	lr: 1.685e-02, eta: 2 days, 19:59:33, time: 4.042, data_time: 0.000, memory: 5247, top1_acc: 0.8178, top5_acc: 0.9587, loss_cls: 0.5959, loss: 0.5959
2026-09-16 00:41:29,518 - pyskl - INFO - Epoch [7][1300/6265]	lr: 1.681e-02, eta: 2 days, 19:53:05, time: 4.038, data_time: 0.000, memory: 5247, top1_acc: 0.8050, top5_acc: 0.9469, loss_cls: 0.6609, loss: 0.6609
2026-09-16 00:48:17,408 - pyskl - INFO - Epoch [7][1400/6265]	lr: 1.677e-02, eta: 2 days, 19:46:45, time: 4.079, data_time: 0.000, memory: 5247, top1_acc: 0.8050, top5_acc: 0.9513, loss_cls: 0.6374, loss: 0.6374
2026-09-16 00:55:06,989 - pyskl - INFO - Epoch [7][1500/6265]	lr: 1.674e-02, eta: 2 days, 19:40:27, time: 4.096, data_time: 0.000, memory: 5247, top1_acc: 0.8275, top5_acc: 0.9603, loss_cls: 0.5764, loss: 0.5764
2026-09-16 01:01:52,820 - pyskl - INFO - Epoch [7][1600/6265]	lr: 1.670e-02, eta: 2 days, 19:34:03, time: 4.058, data_time: 0.000, memory: 5247, top1_acc: 0.8175, top5_acc: 0.9559, loss_cls: 0.5953, loss: 0.5953
2026-09-16 01:08:40,112 - pyskl - INFO - Epoch [7][1700/6265]	lr: 1.666e-02, eta: 2 days, 19:27:40, time: 4.073, data_time: 0.000, memory: 5247, top1_acc: 0.8137, top5_acc: 0.9544, loss_cls: 0.6225, loss: 0.6225
2026-09-16 01:15:29,034 - pyskl - INFO - Epoch [7][1800/6265]	lr: 1.663e-02, eta: 2 days, 19:21:21, time: 4.089, data_time: 0.000, memory: 5247, top1_acc: 0.8156, top5_acc: 0.9497, loss_cls: 0.6117, loss: 0.6117
2026-09-16 01:22:16,440 - pyskl - INFO - Epoch [7][1900/6265]	lr: 1.659e-02, eta: 2 days, 19:14:59, time: 4.074, data_time: 0.000, memory: 5247, top1_acc: 0.8100, top5_acc: 0.9591, loss_cls: 0.6226, loss: 0.6226
2026-09-16 01:29:01,152 - pyskl - INFO - Epoch [7][2000/6265]	lr: 1.655e-02, eta: 2 days, 19:08:32, time: 4.047, data_time: 0.000, memory: 5247, top1_acc: 0.8216, top5_acc: 0.9591, loss_cls: 0.6035, loss: 0.6035
2026-09-16 01:35:50,100 - pyskl - INFO - Epoch [7][2100/6265]	lr: 1.651e-02, eta: 2 days, 19:02:12, time: 4.089, data_time: 0.000, memory: 5247, top1_acc: 0.8353, top5_acc: 0.9537, loss_cls: 0.5765, loss: 0.5765
2026-09-16 01:42:34,783 - pyskl - INFO - Epoch [7][2200/6265]	lr: 1.648e-02, eta: 2 days, 18:55:45, time: 4.047, data_time: 0.000, memory: 5247, top1_acc: 0.8278, top5_acc: 0.9559, loss_cls: 0.5856, loss: 0.5856
2026-09-16 01:49:21,661 - pyskl - INFO - Epoch [7][2300/6265]	lr: 1.644e-02, eta: 2 days, 18:49:21, time: 4.069, data_time: 0.000, memory: 5247, top1_acc: 0.8013, top5_acc: 0.9525, loss_cls: 0.6446, loss: 0.6446
2026-09-16 01:56:09,491 - pyskl - INFO - Epoch [7][2400/6265]	lr: 1.640e-02, eta: 2 days, 18:42:59, time: 4.078, data_time: 0.000, memory: 5247, top1_acc: 0.8213, top5_acc: 0.9522, loss_cls: 0.6182, loss: 0.6182
2026-09-16 02:02:54,953 - pyskl - INFO - Epoch [7][2500/6265]	lr: 1.637e-02, eta: 2 days, 18:36:32, time: 4.055, data_time: 0.000, memory: 5247, top1_acc: 0.8244, top5_acc: 0.9581, loss_cls: 0.5854, loss: 0.5854
2026-09-16 02:09:41,536 - pyskl - INFO - Epoch [7][2600/6265]	lr: 1.633e-02, eta: 2 days, 18:30:08, time: 4.066, data_time: 0.000, memory: 5247, top1_acc: 0.8178, top5_acc: 0.9631, loss_cls: 0.5827, loss: 0.5827
2026-09-16 02:16:30,250 - pyskl - INFO - Epoch [7][2700/6265]	lr: 1.629e-02, eta: 2 days, 18:23:47, time: 4.087, data_time: 0.000, memory: 5247, top1_acc: 0.8166, top5_acc: 0.9609, loss_cls: 0.5861, loss: 0.5861
2026-09-16 02:23:18,294 - pyskl - INFO - Epoch [7][2800/6265]	lr: 1.625e-02, eta: 2 days, 18:17:24, time: 4.080, data_time: 0.000, memory: 5247, top1_acc: 0.8194, top5_acc: 0.9550, loss_cls: 0.6126, loss: 0.6126
2026-09-16 02:30:01,574 - pyskl - INFO - Epoch [7][2900/6265]	lr: 1.622e-02, eta: 2 days, 18:10:53, time: 4.033, data_time: 0.000, memory: 5247, top1_acc: 0.8025, top5_acc: 0.9491, loss_cls: 0.6560, loss: 0.6560
2026-09-16 02:36:46,971 - pyskl - INFO - Epoch [7][3000/6265]	lr: 1.618e-02, eta: 2 days, 18:04:26, time: 4.054, data_time: 0.000, memory: 5247, top1_acc: 0.8216, top5_acc: 0.9581, loss_cls: 0.5879, loss: 0.5879
2026-09-16 02:43:33,184 - pyskl - INFO - Epoch [7][3100/6265]	lr: 1.614e-02, eta: 2 days, 17:58:00, time: 4.062, data_time: 0.000, memory: 5247, top1_acc: 0.8181, top5_acc: 0.9600, loss_cls: 0.6116, loss: 0.6116
2026-09-16 02:50:18,040 - pyskl - INFO - Epoch [7][3200/6265]	lr: 1.610e-02, eta: 2 days, 17:51:32, time: 4.049, data_time: 0.000, memory: 5247, top1_acc: 0.8213, top5_acc: 0.9594, loss_cls: 0.5837, loss: 0.5837
2026-09-16 02:57:05,886 - pyskl - INFO - Epoch [7][3300/6265]	lr: 1.607e-02, eta: 2 days, 17:45:09, time: 4.078, data_time: 0.000, memory: 5247, top1_acc: 0.8222, top5_acc: 0.9600, loss_cls: 0.5892, loss: 0.5892
2026-09-16 03:03:50,231 - pyskl - INFO - Epoch [7][3400/6265]	lr: 1.603e-02, eta: 2 days, 17:38:39, time: 4.043, data_time: 0.000, memory: 5247, top1_acc: 0.8137, top5_acc: 0.9556, loss_cls: 0.6341, loss: 0.6341
2026-09-16 03:10:33,872 - pyskl - INFO - Epoch [7][3500/6265]	lr: 1.599e-02, eta: 2 days, 17:32:08, time: 4.036, data_time: 0.000, memory: 5247, top1_acc: 0.8191, top5_acc: 0.9525, loss_cls: 0.6125, loss: 0.6125
2026-09-16 03:17:21,132 - pyskl - INFO - Epoch [7][3600/6265]	lr: 1.595e-02, eta: 2 days, 17:25:44, time: 4.073, data_time: 0.000, memory: 5247, top1_acc: 0.8313, top5_acc: 0.9594, loss_cls: 0.5718, loss: 0.5718
2026-09-16 03:24:06,955 - pyskl - INFO - Epoch [7][3700/6265]	lr: 1.592e-02, eta: 2 days, 17:19:17, time: 4.058, data_time: 0.000, memory: 5247, top1_acc: 0.8231, top5_acc: 0.9525, loss_cls: 0.6164, loss: 0.6164
2026-09-16 03:30:53,319 - pyskl - INFO - Epoch [7][3800/6265]	lr: 1.588e-02, eta: 2 days, 17:12:50, time: 4.064, data_time: 0.000, memory: 5247, top1_acc: 0.8350, top5_acc: 0.9609, loss_cls: 0.5570, loss: 0.5570
2026-09-16 03:37:40,122 - pyskl - INFO - Epoch [7][3900/6265]	lr: 1.584e-02, eta: 2 days, 17:06:24, time: 4.068, data_time: 0.000, memory: 5247, top1_acc: 0.8116, top5_acc: 0.9503, loss_cls: 0.6348, loss: 0.6348
2026-09-16 03:44:24,474 - pyskl - INFO - Epoch [7][4000/6265]	lr: 1.580e-02, eta: 2 days, 16:59:54, time: 4.044, data_time: 0.000, memory: 5247, top1_acc: 0.8213, top5_acc: 0.9600, loss_cls: 0.5867, loss: 0.5867
2026-09-16 03:51:06,873 - pyskl - INFO - Epoch [7][4100/6265]	lr: 1.576e-02, eta: 2 days, 16:53:21, time: 4.024, data_time: 0.000, memory: 5247, top1_acc: 0.8141, top5_acc: 0.9575, loss_cls: 0.5999, loss: 0.5999
2026-09-16 03:57:53,746 - pyskl - INFO - Epoch [7][4200/6265]	lr: 1.573e-02, eta: 2 days, 16:46:55, time: 4.069, data_time: 0.000, memory: 5247, top1_acc: 0.8141, top5_acc: 0.9556, loss_cls: 0.6055, loss: 0.6055
2026-09-16 04:04:41,071 - pyskl - INFO - Epoch [7][4300/6265]	lr: 1.569e-02, eta: 2 days, 16:40:30, time: 4.073, data_time: 0.000, memory: 5247, top1_acc: 0.8200, top5_acc: 0.9587, loss_cls: 0.5928, loss: 0.5928
2026-09-16 04:11:22,969 - pyskl - INFO - Epoch [7][4400/6265]	lr: 1.565e-02, eta: 2 days, 16:33:55, time: 4.019, data_time: 0.000, memory: 5247, top1_acc: 0.8237, top5_acc: 0.9484, loss_cls: 0.5986, loss: 0.5986
2026-09-16 04:18:07,049 - pyskl - INFO - Epoch [7][4500/6265]	lr: 1.561e-02, eta: 2 days, 16:27:25, time: 4.041, data_time: 0.000, memory: 5247, top1_acc: 0.8128, top5_acc: 0.9584, loss_cls: 0.6042, loss: 0.6042
2026-09-16 04:24:50,181 - pyskl - INFO - Epoch [7][4600/6265]	lr: 1.558e-02, eta: 2 days, 16:20:52, time: 4.031, data_time: 0.000, memory: 5247, top1_acc: 0.8428, top5_acc: 0.9634, loss_cls: 0.5454, loss: 0.5454
2026-09-16 04:31:35,043 - pyskl - INFO - Epoch [7][4700/6265]	lr: 1.554e-02, eta: 2 days, 16:14:22, time: 4.049, data_time: 0.000, memory: 5247, top1_acc: 0.8253, top5_acc: 0.9547, loss_cls: 0.5947, loss: 0.5947
2026-09-16 04:38:21,457 - pyskl - INFO - Epoch [7][4800/6265]	lr: 1.550e-02, eta: 2 days, 16:07:55, time: 4.064, data_time: 0.000, memory: 5247, top1_acc: 0.8222, top5_acc: 0.9613, loss_cls: 0.5878, loss: 0.5878
2026-09-16 04:45:07,362 - pyskl - INFO - Epoch [7][4900/6265]	lr: 1.546e-02, eta: 2 days, 16:01:27, time: 4.059, data_time: 0.000, memory: 5247, top1_acc: 0.8125, top5_acc: 0.9591, loss_cls: 0.5986, loss: 0.5986
2026-09-16 04:51:53,467 - pyskl - INFO - Epoch [7][5000/6265]	lr: 1.542e-02, eta: 2 days, 15:54:59, time: 4.061, data_time: 0.000, memory: 5247, top1_acc: 0.8075, top5_acc: 0.9491, loss_cls: 0.6361, loss: 0.6361
2026-09-16 04:58:37,852 - pyskl - INFO - Epoch [7][5100/6265]	lr: 1.538e-02, eta: 2 days, 15:48:28, time: 4.044, data_time: 0.000, memory: 5247, top1_acc: 0.8141, top5_acc: 0.9572, loss_cls: 0.6156, loss: 0.6156
2026-09-16 05:05:24,231 - pyskl - INFO - Epoch [7][5200/6265]	lr: 1.535e-02, eta: 2 days, 15:42:00, time: 4.064, data_time: 0.000, memory: 5247, top1_acc: 0.8313, top5_acc: 0.9597, loss_cls: 0.5582, loss: 0.5582
2026-09-16 05:12:08,747 - pyskl - INFO - Epoch [7][5300/6265]	lr: 1.531e-02, eta: 2 days, 15:35:29, time: 4.045, data_time: 0.000, memory: 5247, top1_acc: 0.8281, top5_acc: 0.9500, loss_cls: 0.6020, loss: 0.6020
2026-09-16 05:18:56,719 - pyskl - INFO - Epoch [7][5400/6265]	lr: 1.527e-02, eta: 2 days, 15:29:04, time: 4.080, data_time: 0.000, memory: 5247, top1_acc: 0.8269, top5_acc: 0.9587, loss_cls: 0.5766, loss: 0.5766
2026-09-16 05:25:43,874 - pyskl - INFO - Epoch [7][5500/6265]	lr: 1.523e-02, eta: 2 days, 15:22:37, time: 4.072, data_time: 0.000, memory: 5247, top1_acc: 0.8247, top5_acc: 0.9581, loss_cls: 0.5820, loss: 0.5820
2026-09-16 05:32:34,066 - pyskl - INFO - Epoch [7][5600/6265]	lr: 1.519e-02, eta: 2 days, 15:16:15, time: 4.102, data_time: 0.000, memory: 5247, top1_acc: 0.8316, top5_acc: 0.9609, loss_cls: 0.5618, loss: 0.5618
2026-09-16 05:39:24,149 - pyskl - INFO - Epoch [7][5700/6265]	lr: 1.516e-02, eta: 2 days, 15:09:52, time: 4.101, data_time: 0.000, memory: 5247, top1_acc: 0.8269, top5_acc: 0.9572, loss_cls: 0.5929, loss: 0.5929
2026-09-16 05:46:12,219 - pyskl - INFO - Epoch [7][5800/6265]	lr: 1.512e-02, eta: 2 days, 15:03:26, time: 4.081, data_time: 0.000, memory: 5247, top1_acc: 0.8213, top5_acc: 0.9541, loss_cls: 0.6142, loss: 0.6142
2026-09-16 05:53:01,809 - pyskl - INFO - Epoch [7][5900/6265]	lr: 1.508e-02, eta: 2 days, 14:57:03, time: 4.096, data_time: 0.000, memory: 5247, top1_acc: 0.8256, top5_acc: 0.9625, loss_cls: 0.5682, loss: 0.5682
2026-09-16 05:59:47,675 - pyskl - INFO - Epoch [7][6000/6265]	lr: 1.504e-02, eta: 2 days, 14:50:33, time: 4.059, data_time: 0.000, memory: 5247, top1_acc: 0.8259, top5_acc: 0.9559, loss_cls: 0.5810, loss: 0.5810
2026-09-16 06:06:33,156 - pyskl - INFO - Epoch [7][6100/6265]	lr: 1.500e-02, eta: 2 days, 14:44:03, time: 4.055, data_time: 0.000, memory: 5247, top1_acc: 0.8241, top5_acc: 0.9531, loss_cls: 0.6028, loss: 0.6028
2026-09-16 06:13:18,797 - pyskl - INFO - Epoch [7][6200/6265]	lr: 1.496e-02, eta: 2 days, 14:37:33, time: 4.056, data_time: 0.000, memory: 5247, top1_acc: 0.8234, top5_acc: 0.9591, loss_cls: 0.5865, loss: 0.5865
2026-09-16 06:17:41,136 - pyskl - INFO - Saving checkpoint at 7 epochs
2026-09-16 06:53:32,548 - pyskl - INFO - Evaluating top_k_accuracy ...
2026-09-16 06:53:32,613 - pyskl - INFO - 
top1_acc	0.8262
top5_acc	0.9701
2026-09-16 06:53:32,616 - pyskl - INFO - The previous best checkpoint D:\YXJProject\pythonProject\pyskl\work_dirs\aug_baseline\b_aug\stgcnpp_j\seed2026\best_top1_acc_epoch_5.pth was removed
2026-09-16 06:53:32,809 - pyskl - INFO - Now best checkpoint is saved as best_top1_acc_epoch_7.pth.
2026-09-16 06:53:32,810 - pyskl - INFO - Best top1_acc is 0.8262 at 7 epoch.
2026-09-16 06:53:32,813 - pyskl - INFO - Epoch(val) [7][516]	top1_acc: 0.8262, top5_acc: 0.9701
2026-09-16 07:00:42,391 - pyskl - INFO - Epoch [8][100/6265]	lr: 1.490e-02, eta: 2 days, 14:20:52, time: 4.296, data_time: 0.212, memory: 5247, top1_acc: 0.8278, top5_acc: 0.9616, loss_cls: 0.5732, loss: 0.5732
2026-09-16 07:07:28,968 - pyskl - INFO - Epoch [8][200/6265]	lr: 1.486e-02, eta: 2 days, 14:14:24, time: 4.066, data_time: 0.000, memory: 5247, top1_acc: 0.8431, top5_acc: 0.9600, loss_cls: 0.5392, loss: 0.5392
2026-09-16 07:14:17,159 - pyskl - INFO - Epoch [8][300/6265]	lr: 1.482e-02, eta: 2 days, 14:08:00, time: 4.082, data_time: 0.000, memory: 5247, top1_acc: 0.8328, top5_acc: 0.9550, loss_cls: 0.5492, loss: 0.5492
2026-09-16 07:21:02,495 - pyskl - INFO - Epoch [8][400/6265]	lr: 1.479e-02, eta: 2 days, 14:01:30, time: 4.053, data_time: 0.000, memory: 5247, top1_acc: 0.8297, top5_acc: 0.9616, loss_cls: 0.5600, loss: 0.5600
2026-09-16 07:27:46,809 - pyskl - INFO - Epoch [8][500/6265]	lr: 1.475e-02, eta: 2 days, 13:55:00, time: 4.043, data_time: 0.000, memory: 5247, top1_acc: 0.8378, top5_acc: 0.9663, loss_cls: 0.5351, loss: 0.5351
2026-09-16 07:34:34,997 - pyskl - INFO - Epoch [8][600/6265]	lr: 1.471e-02, eta: 2 days, 13:48:34, time: 4.082, data_time: 0.000, memory: 5247, top1_acc: 0.8347, top5_acc: 0.9559, loss_cls: 0.5640, loss: 0.5640
2026-09-16 07:41:20,826 - pyskl - INFO - Epoch [8][700/6265]	lr: 1.467e-02, eta: 2 days, 13:42:06, time: 4.058, data_time: 0.000, memory: 5247, top1_acc: 0.8375, top5_acc: 0.9637, loss_cls: 0.5475, loss: 0.5475
2026-09-16 07:48:08,590 - pyskl - INFO - Epoch [8][800/6265]	lr: 1.463e-02, eta: 2 days, 13:35:40, time: 4.078, data_time: 0.000, memory: 5247, top1_acc: 0.8237, top5_acc: 0.9591, loss_cls: 0.5808, loss: 0.5808
2026-09-16 07:54:58,648 - pyskl - INFO - Epoch [8][900/6265]	lr: 1.459e-02, eta: 2 days, 13:29:17, time: 4.101, data_time: 0.000, memory: 5247, top1_acc: 0.8400, top5_acc: 0.9594, loss_cls: 0.5488, loss: 0.5488
2026-09-16 08:01:40,680 - pyskl - INFO - Epoch [8][1000/6265]	lr: 1.455e-02, eta: 2 days, 13:22:42, time: 4.020, data_time: 0.000, memory: 5247, top1_acc: 0.8284, top5_acc: 0.9566, loss_cls: 0.5777, loss: 0.5777
2026-09-16 08:08:23,726 - pyskl - INFO - Epoch [8][1100/6265]	lr: 1.451e-02, eta: 2 days, 13:16:09, time: 4.030, data_time: 0.000, memory: 5247, top1_acc: 0.8369, top5_acc: 0.9575, loss_cls: 0.5635, loss: 0.5635
2026-09-16 08:15:12,243 - pyskl - INFO - Epoch [8][1200/6265]	lr: 1.448e-02, eta: 2 days, 13:09:44, time: 4.085, data_time: 0.000, memory: 5247, top1_acc: 0.8425, top5_acc: 0.9659, loss_cls: 0.5152, loss: 0.5152
2026-09-16 08:21:55,799 - pyskl - INFO - Epoch [8][1300/6265]	lr: 1.444e-02, eta: 2 days, 13:03:11, time: 4.036, data_time: 0.000, memory: 5247, top1_acc: 0.8259, top5_acc: 0.9591, loss_cls: 0.5825, loss: 0.5825
2026-09-16 08:28:40,266 - pyskl - INFO - Epoch [8][1400/6265]	lr: 1.440e-02, eta: 2 days, 12:56:40, time: 4.045, data_time: 0.000, memory: 5247, top1_acc: 0.8291, top5_acc: 0.9631, loss_cls: 0.5566, loss: 0.5566
2026-09-16 08:35:25,314 - pyskl - INFO - Epoch [8][1500/6265]	lr: 1.436e-02, eta: 2 days, 12:50:09, time: 4.050, data_time: 0.000, memory: 5247, top1_acc: 0.8344, top5_acc: 0.9594, loss_cls: 0.5680, loss: 0.5680
2026-09-16 08:42:11,555 - pyskl - INFO - Epoch [8][1600/6265]	lr: 1.432e-02, eta: 2 days, 12:43:40, time: 4.062, data_time: 0.000, memory: 5247, top1_acc: 0.8409, top5_acc: 0.9625, loss_cls: 0.5292, loss: 0.5292
2026-09-16 08:48:58,660 - pyskl - INFO - Epoch [8][1700/6265]	lr: 1.428e-02, eta: 2 days, 12:37:12, time: 4.071, data_time: 0.000, memory: 5247, top1_acc: 0.8269, top5_acc: 0.9591, loss_cls: 0.5855, loss: 0.5855
2026-09-16 08:55:46,750 - pyskl - INFO - Epoch [8][1800/6265]	lr: 1.424e-02, eta: 2 days, 12:30:46, time: 4.081, data_time: 0.000, memory: 5247, top1_acc: 0.8244, top5_acc: 0.9581, loss_cls: 0.5933, loss: 0.5933
2026-09-16 09:02:32,647 - pyskl - INFO - Epoch [8][1900/6265]	lr: 1.421e-02, eta: 2 days, 12:24:16, time: 4.059, data_time: 0.000, memory: 5247, top1_acc: 0.8334, top5_acc: 0.9575, loss_cls: 0.5810, loss: 0.5810
2026-09-16 09:09:18,648 - pyskl - INFO - Epoch [8][2000/6265]	lr: 1.417e-02, eta: 2 days, 12:17:46, time: 4.060, data_time: 0.000, memory: 5247, top1_acc: 0.8334, top5_acc: 0.9578, loss_cls: 0.5743, loss: 0.5743
2026-09-16 09:16:06,413 - pyskl - INFO - Epoch [8][2100/6265]	lr: 1.413e-02, eta: 2 days, 12:11:19, time: 4.078, data_time: 0.000, memory: 5247, top1_acc: 0.8300, top5_acc: 0.9600, loss_cls: 0.5587, loss: 0.5587
2026-09-16 09:22:52,596 - pyskl - INFO - Epoch [8][2200/6265]	lr: 1.409e-02, eta: 2 days, 12:04:50, time: 4.062, data_time: 0.000, memory: 5247, top1_acc: 0.8300, top5_acc: 0.9581, loss_cls: 0.5901, loss: 0.5901
2026-09-16 09:29:36,619 - pyskl - INFO - Epoch [8][2300/6265]	lr: 1.405e-02, eta: 2 days, 11:58:17, time: 4.040, data_time: 0.000, memory: 5247, top1_acc: 0.8300, top5_acc: 0.9634, loss_cls: 0.5601, loss: 0.5601
2026-09-16 09:36:23,400 - pyskl - INFO - Epoch [8][2400/6265]	lr: 1.401e-02, eta: 2 days, 11:51:48, time: 4.068, data_time: 0.000, memory: 5247, top1_acc: 0.8397, top5_acc: 0.9622, loss_cls: 0.5483, loss: 0.5483
2026-09-16 09:43:06,948 - pyskl - INFO - Epoch [8][2500/6265]	lr: 1.397e-02, eta: 2 days, 11:45:15, time: 4.035, data_time: 0.000, memory: 5247, top1_acc: 0.8322, top5_acc: 0.9578, loss_cls: 0.5639, loss: 0.5639
2026-09-16 09:49:49,418 - pyskl - INFO - Epoch [8][2600/6265]	lr: 1.393e-02, eta: 2 days, 11:38:40, time: 4.025, data_time: 0.000, memory: 5247, top1_acc: 0.8447, top5_acc: 0.9619, loss_cls: 0.5296, loss: 0.5296
2026-09-16 09:56:33,960 - pyskl - INFO - Epoch [8][2700/6265]	lr: 1.389e-02, eta: 2 days, 11:32:08, time: 4.045, data_time: 0.000, memory: 5247, top1_acc: 0.8356, top5_acc: 0.9600, loss_cls: 0.5719, loss: 0.5719
2026-09-16 10:03:16,632 - pyskl - INFO - Epoch [8][2800/6265]	lr: 1.386e-02, eta: 2 days, 11:25:33, time: 4.027, data_time: 0.000, memory: 5247, top1_acc: 0.8350, top5_acc: 0.9584, loss_cls: 0.5664, loss: 0.5664
2026-09-16 10:10:01,389 - pyskl - INFO - Epoch [8][2900/6265]	lr: 1.382e-02, eta: 2 days, 11:19:01, time: 4.048, data_time: 0.000, memory: 5247, top1_acc: 0.8272, top5_acc: 0.9575, loss_cls: 0.5866, loss: 0.5866
2026-09-16 10:16:50,894 - pyskl - INFO - Epoch [8][3000/6265]	lr: 1.378e-02, eta: 2 days, 11:12:35, time: 4.095, data_time: 0.000, memory: 5247, top1_acc: 0.8316, top5_acc: 0.9591, loss_cls: 0.5780, loss: 0.5780
2026-09-16 10:23:38,736 - pyskl - INFO - Epoch [8][3100/6265]	lr: 1.374e-02, eta: 2 days, 11:06:07, time: 4.078, data_time: 0.000, memory: 5247, top1_acc: 0.8413, top5_acc: 0.9663, loss_cls: 0.5277, loss: 0.5277
2026-09-16 10:30:26,269 - pyskl - INFO - Epoch [8][3200/6265]	lr: 1.370e-02, eta: 2 days, 10:59:39, time: 4.075, data_time: 0.000, memory: 5247, top1_acc: 0.8350, top5_acc: 0.9622, loss_cls: 0.5545, loss: 0.5545
2026-09-16 10:37:12,741 - pyskl - INFO - Epoch [8][3300/6265]	lr: 1.366e-02, eta: 2 days, 10:53:09, time: 4.065, data_time: 0.000, memory: 5247, top1_acc: 0.8378, top5_acc: 0.9575, loss_cls: 0.5601, loss: 0.5601
2026-09-16 10:43:57,390 - pyskl - INFO - Epoch [8][3400/6265]	lr: 1.362e-02, eta: 2 days, 10:46:36, time: 4.046, data_time: 0.000, memory: 5247, top1_acc: 0.8397, top5_acc: 0.9603, loss_cls: 0.5424, loss: 0.5424
2026-09-16 10:50:44,794 - pyskl - INFO - Epoch [8][3500/6265]	lr: 1.358e-02, eta: 2 days, 10:40:07, time: 4.074, data_time: 0.000, memory: 5247, top1_acc: 0.8256, top5_acc: 0.9591, loss_cls: 0.5691, loss: 0.5691
2026-09-16 10:57:34,954 - pyskl - INFO - Epoch [8][3600/6265]	lr: 1.354e-02, eta: 2 days, 10:33:42, time: 4.102, data_time: 0.000, memory: 5247, top1_acc: 0.8203, top5_acc: 0.9553, loss_cls: 0.5820, loss: 0.5820
2026-09-16 11:04:21,383 - pyskl - INFO - Epoch [8][3700/6265]	lr: 1.350e-02, eta: 2 days, 10:27:11, time: 4.064, data_time: 0.000, memory: 5247, top1_acc: 0.8313, top5_acc: 0.9584, loss_cls: 0.5614, loss: 0.5614
2026-09-16 11:11:07,715 - pyskl - INFO - Epoch [8][3800/6265]	lr: 1.347e-02, eta: 2 days, 10:20:41, time: 4.063, data_time: 0.000, memory: 5247, top1_acc: 0.8231, top5_acc: 0.9613, loss_cls: 0.5626, loss: 0.5626
2026-09-16 11:17:54,255 - pyskl - INFO - Epoch [8][3900/6265]	lr: 1.343e-02, eta: 2 days, 10:14:10, time: 4.065, data_time: 0.000, memory: 5247, top1_acc: 0.8319, top5_acc: 0.9594, loss_cls: 0.5629, loss: 0.5629
2026-09-16 11:24:38,410 - pyskl - INFO - Epoch [8][4000/6265]	lr: 1.339e-02, eta: 2 days, 10:07:37, time: 4.042, data_time: 0.000, memory: 5247, top1_acc: 0.8359, top5_acc: 0.9678, loss_cls: 0.5374, loss: 0.5374
2026-09-16 11:31:23,981 - pyskl - INFO - Epoch [8][4100/6265]	lr: 1.335e-02, eta: 2 days, 10:01:05, time: 4.056, data_time: 0.000, memory: 5247, top1_acc: 0.8291, top5_acc: 0.9556, loss_cls: 0.5921, loss: 0.5921
2026-09-16 11:38:08,227 - pyskl - INFO - Epoch [8][4200/6265]	lr: 1.331e-02, eta: 2 days, 9:54:31, time: 4.042, data_time: 0.000, memory: 5247, top1_acc: 0.8422, top5_acc: 0.9575, loss_cls: 0.5549, loss: 0.5549
2026-09-16 11:44:50,725 - pyskl - INFO - Epoch [8][4300/6265]	lr: 1.327e-02, eta: 2 days, 9:47:56, time: 4.025, data_time: 0.000, memory: 5247, top1_acc: 0.8541, top5_acc: 0.9622, loss_cls: 0.5037, loss: 0.5037
2026-09-16 11:51:33,862 - pyskl - INFO - Epoch [8][4400/6265]	lr: 1.323e-02, eta: 2 days, 9:41:21, time: 4.031, data_time: 0.000, memory: 5247, top1_acc: 0.8309, top5_acc: 0.9622, loss_cls: 0.5484, loss: 0.5484
2026-09-16 11:58:16,176 - pyskl - INFO - Epoch [8][4500/6265]	lr: 1.319e-02, eta: 2 days, 9:34:45, time: 4.023, data_time: 0.000, memory: 5247, top1_acc: 0.8334, top5_acc: 0.9616, loss_cls: 0.5498, loss: 0.5498
2026-09-16 12:04:56,529 - pyskl - INFO - Epoch [8][4600/6265]	lr: 1.315e-02, eta: 2 days, 9:28:06, time: 4.004, data_time: 0.000, memory: 5247, top1_acc: 0.8459, top5_acc: 0.9647, loss_cls: 0.5107, loss: 0.5107
2026-09-16 12:11:38,078 - pyskl - INFO - Epoch [8][4700/6265]	lr: 1.311e-02, eta: 2 days, 9:21:29, time: 4.015, data_time: 0.000, memory: 5247, top1_acc: 0.8241, top5_acc: 0.9547, loss_cls: 0.5995, loss: 0.5995
2026-09-16 12:18:25,202 - pyskl - INFO - Epoch [8][4800/6265]	lr: 1.307e-02, eta: 2 days, 9:14:59, time: 4.071, data_time: 0.000, memory: 5247, top1_acc: 0.8263, top5_acc: 0.9625, loss_cls: 0.5567, loss: 0.5567
2026-09-16 12:25:07,591 - pyskl - INFO - Epoch [8][4900/6265]	lr: 1.303e-02, eta: 2 days, 9:08:23, time: 4.024, data_time: 0.000, memory: 5247, top1_acc: 0.8438, top5_acc: 0.9631, loss_cls: 0.5338, loss: 0.5338
2026-09-16 12:31:55,293 - pyskl - INFO - Epoch [8][5000/6265]	lr: 1.300e-02, eta: 2 days, 9:01:53, time: 4.077, data_time: 0.000, memory: 5247, top1_acc: 0.8319, top5_acc: 0.9625, loss_cls: 0.5450, loss: 0.5450
2026-09-16 12:38:42,068 - pyskl - INFO - Epoch [8][5100/6265]	lr: 1.296e-02, eta: 2 days, 8:55:22, time: 4.068, data_time: 0.000, memory: 5247, top1_acc: 0.8434, top5_acc: 0.9613, loss_cls: 0.5343, loss: 0.5343
2026-09-16 12:45:29,160 - pyskl - INFO - Epoch [8][5200/6265]	lr: 1.292e-02, eta: 2 days, 8:48:52, time: 4.071, data_time: 0.000, memory: 5247, top1_acc: 0.8341, top5_acc: 0.9625, loss_cls: 0.5501, loss: 0.5501
2026-09-16 12:52:14,106 - pyskl - INFO - Epoch [8][5300/6265]	lr: 1.288e-02, eta: 2 days, 8:42:18, time: 4.049, data_time: 0.000, memory: 5247, top1_acc: 0.8497, top5_acc: 0.9653, loss_cls: 0.5281, loss: 0.5281
2026-09-16 12:58:57,689 - pyskl - INFO - Epoch [8][5400/6265]	lr: 1.284e-02, eta: 2 days, 8:35:43, time: 4.036, data_time: 0.000, memory: 5247, top1_acc: 0.8409, top5_acc: 0.9659, loss_cls: 0.5269, loss: 0.5269
2026-09-16 13:05:42,363 - pyskl - INFO - Epoch [8][5500/6265]	lr: 1.280e-02, eta: 2 days, 8:29:10, time: 4.047, data_time: 0.000, memory: 5247, top1_acc: 0.8400, top5_acc: 0.9606, loss_cls: 0.5398, loss: 0.5398
2026-09-16 13:12:29,864 - pyskl - INFO - Epoch [8][5600/6265]	lr: 1.276e-02, eta: 2 days, 8:22:39, time: 4.075, data_time: 0.000, memory: 5247, top1_acc: 0.8466, top5_acc: 0.9603, loss_cls: 0.5217, loss: 0.5217
2026-09-16 13:19:14,784 - pyskl - INFO - Epoch [8][5700/6265]	lr: 1.272e-02, eta: 2 days, 8:16:06, time: 4.049, data_time: 0.000, memory: 5247, top1_acc: 0.8406, top5_acc: 0.9600, loss_cls: 0.5366, loss: 0.5366
2026-09-16 13:25:59,615 - pyskl - INFO - Epoch [8][5800/6265]	lr: 1.268e-02, eta: 2 days, 8:09:32, time: 4.048, data_time: 0.000, memory: 5247, top1_acc: 0.8387, top5_acc: 0.9616, loss_cls: 0.5532, loss: 0.5532
2026-09-16 13:32:45,442 - pyskl - INFO - Epoch [8][5900/6265]	lr: 1.264e-02, eta: 2 days, 8:03:00, time: 4.058, data_time: 0.000, memory: 5247, top1_acc: 0.8356, top5_acc: 0.9625, loss_cls: 0.5425, loss: 0.5425
2026-09-16 13:39:29,541 - pyskl - INFO - Epoch [8][6000/6265]	lr: 1.260e-02, eta: 2 days, 7:56:25, time: 4.041, data_time: 0.000, memory: 5247, top1_acc: 0.8444, top5_acc: 0.9625, loss_cls: 0.5137, loss: 0.5137
2026-09-16 13:46:14,346 - pyskl - INFO - Epoch [8][6100/6265]	lr: 1.257e-02, eta: 2 days, 7:49:51, time: 4.048, data_time: 0.000, memory: 5247, top1_acc: 0.8344, top5_acc: 0.9544, loss_cls: 0.5511, loss: 0.5511
2026-09-16 13:52:58,665 - pyskl - INFO - Epoch [8][6200/6265]	lr: 1.253e-02, eta: 2 days, 7:43:17, time: 4.043, data_time: 0.000, memory: 5247, top1_acc: 0.8434, top5_acc: 0.9684, loss_cls: 0.5093, loss: 0.5093
2026-09-16 13:57:20,059 - pyskl - INFO - Saving checkpoint at 8 epochs
2026-09-16 14:33:00,661 - pyskl - INFO - Evaluating top_k_accuracy ...
2026-09-16 14:33:00,723 - pyskl - INFO - 
top1_acc	0.8353
top5_acc	0.9716
2026-09-16 14:33:00,725 - pyskl - INFO - The previous best checkpoint D:\YXJProject\pythonProject\pyskl\work_dirs\aug_baseline\b_aug\stgcnpp_j\seed2026\best_top1_acc_epoch_7.pth was removed
2026-09-16 14:33:00,904 - pyskl - INFO - Now best checkpoint is saved as best_top1_acc_epoch_8.pth.
2026-09-16 14:33:00,904 - pyskl - INFO - Best top1_acc is 0.8353 at 8 epoch.
2026-09-16 14:33:00,906 - pyskl - INFO - Epoch(val) [8][516]	top1_acc: 0.8353, top5_acc: 0.9716
2026-09-16 14:40:01,127 - pyskl - INFO - Epoch [9][100/6265]	lr: 1.246e-02, eta: 2 days, 7:27:45, time: 4.202, data_time: 0.126, memory: 5247, top1_acc: 0.8344, top5_acc: 0.9613, loss_cls: 0.5492, loss: 0.5492
2026-09-16 14:46:47,192 - pyskl - INFO - Epoch [9][200/6265]	lr: 1.242e-02, eta: 2 days, 7:21:14, time: 4.061, data_time: 0.000, memory: 5247, top1_acc: 0.8459, top5_acc: 0.9600, loss_cls: 0.5155, loss: 0.5155
2026-09-16 14:53:35,061 - pyskl - INFO - Epoch [9][300/6265]	lr: 1.238e-02, eta: 2 days, 7:14:44, time: 4.079, data_time: 0.000, memory: 5247, top1_acc: 0.8334, top5_acc: 0.9603, loss_cls: 0.5587, loss: 0.5587
2026-09-16 15:00:21,403 - pyskl - INFO - Epoch [9][400/6265]	lr: 1.234e-02, eta: 2 days, 7:08:13, time: 4.063, data_time: 0.000, memory: 5247, top1_acc: 0.8344, top5_acc: 0.9569, loss_cls: 0.5637, loss: 0.5637
2026-09-16 15:07:07,451 - pyskl - INFO - Epoch [9][500/6265]	lr: 1.230e-02, eta: 2 days, 7:01:42, time: 4.060, data_time: 0.000, memory: 5247, top1_acc: 0.8481, top5_acc: 0.9653, loss_cls: 0.5203, loss: 0.5203
2026-09-16 15:13:55,291 - pyskl - INFO - Epoch [9][600/6265]	lr: 1.227e-02, eta: 2 days, 6:55:12, time: 4.078, data_time: 0.000, memory: 5247, top1_acc: 0.8387, top5_acc: 0.9581, loss_cls: 0.5429, loss: 0.5429
2026-09-16 15:20:40,631 - pyskl - INFO - Epoch [9][700/6265]	lr: 1.223e-02, eta: 2 days, 6:48:39, time: 4.053, data_time: 0.000, memory: 5247, top1_acc: 0.8494, top5_acc: 0.9672, loss_cls: 0.4924, loss: 0.4924
2026-09-16 15:27:27,359 - pyskl - INFO - Epoch [9][800/6265]	lr: 1.219e-02, eta: 2 days, 6:42:08, time: 4.067, data_time: 0.000, memory: 5247, top1_acc: 0.8369, top5_acc: 0.9578, loss_cls: 0.5503, loss: 0.5503
2026-09-16 15:34:14,975 - pyskl - INFO - Epoch [9][900/6265]	lr: 1.215e-02, eta: 2 days, 6:35:38, time: 4.076, data_time: 0.000, memory: 5247, top1_acc: 0.8372, top5_acc: 0.9619, loss_cls: 0.5489, loss: 0.5489
2026-09-16 15:40:59,689 - pyskl - INFO - Epoch [9][1000/6265]	lr: 1.211e-02, eta: 2 days, 6:29:05, time: 4.047, data_time: 0.000, memory: 5247, top1_acc: 0.8528, top5_acc: 0.9634, loss_cls: 0.5025, loss: 0.5025
2026-09-16 15:47:47,117 - pyskl - INFO - Epoch [9][1100/6265]	lr: 1.207e-02, eta: 2 days, 6:22:34, time: 4.074, data_time: 0.000, memory: 5247, top1_acc: 0.8659, top5_acc: 0.9728, loss_cls: 0.4491, loss: 0.4491
2026-09-16 15:54:32,254 - pyskl - INFO - Epoch [9][1200/6265]	lr: 1.203e-02, eta: 2 days, 6:16:01, time: 4.051, data_time: 0.000, memory: 5247, top1_acc: 0.8413, top5_acc: 0.9619, loss_cls: 0.5266, loss: 0.5266
2026-09-16 16:01:18,010 - pyskl - INFO - Epoch [9][1300/6265]	lr: 1.199e-02, eta: 2 days, 6:09:29, time: 4.058, data_time: 0.000, memory: 5247, top1_acc: 0.8366, top5_acc: 0.9616, loss_cls: 0.5286, loss: 0.5286
2026-09-16 16:08:03,015 - pyskl - INFO - Epoch [9][1400/6265]	lr: 1.195e-02, eta: 2 days, 6:02:56, time: 4.050, data_time: 0.000, memory: 5247, top1_acc: 0.8494, top5_acc: 0.9653, loss_cls: 0.5080, loss: 0.5080
2026-09-16 16:14:48,420 - pyskl - INFO - Epoch [9][1500/6265]	lr: 1.191e-02, eta: 2 days, 5:56:23, time: 4.054, data_time: 0.000, memory: 5247, top1_acc: 0.8516, top5_acc: 0.9653, loss_cls: 0.5004, loss: 0.5004
2026-09-16 16:21:30,869 - pyskl - INFO - Epoch [9][1600/6265]	lr: 1.187e-02, eta: 2 days, 5:49:47, time: 4.024, data_time: 0.000, memory: 5247, top1_acc: 0.8419, top5_acc: 0.9603, loss_cls: 0.5209, loss: 0.5209
2026-09-16 16:28:12,440 - pyskl - INFO - Epoch [9][1700/6265]	lr: 1.183e-02, eta: 2 days, 5:43:09, time: 4.016, data_time: 0.000, memory: 5247, top1_acc: 0.8434, top5_acc: 0.9644, loss_cls: 0.5250, loss: 0.5250
2026-09-16 16:34:59,912 - pyskl - INFO - Epoch [9][1800/6265]	lr: 1.180e-02, eta: 2 days, 5:36:39, time: 4.075, data_time: 0.000, memory: 5247, top1_acc: 0.8559, top5_acc: 0.9678, loss_cls: 0.4818, loss: 0.4818
2026-09-16 16:41:46,000 - pyskl - INFO - Epoch [9][1900/6265]	lr: 1.176e-02, eta: 2 days, 5:30:06, time: 4.061, data_time: 0.000, memory: 5247, top1_acc: 0.8494, top5_acc: 0.9631, loss_cls: 0.5197, loss: 0.5197
2026-09-16 16:48:31,287 - pyskl - INFO - Epoch [9][2000/6265]	lr: 1.172e-02, eta: 2 days, 5:23:33, time: 4.053, data_time: 0.000, memory: 5247, top1_acc: 0.8369, top5_acc: 0.9644, loss_cls: 0.5494, loss: 0.5494
2026-09-16 16:55:20,451 - pyskl - INFO - Epoch [9][2100/6265]	lr: 1.168e-02, eta: 2 days, 5:17:04, time: 4.092, data_time: 0.000, memory: 5247, top1_acc: 0.8391, top5_acc: 0.9650, loss_cls: 0.5350, loss: 0.5350
2026-09-16 17:02:07,039 - pyskl - INFO - Epoch [9][2200/6265]	lr: 1.164e-02, eta: 2 days, 5:10:32, time: 4.066, data_time: 0.000, memory: 5247, top1_acc: 0.8466, top5_acc: 0.9606, loss_cls: 0.5150, loss: 0.5150
2026-09-16 17:08:52,940 - pyskl - INFO - Epoch [9][2300/6265]	lr: 1.160e-02, eta: 2 days, 5:03:59, time: 4.059, data_time: 0.000, memory: 5247, top1_acc: 0.8525, top5_acc: 0.9684, loss_cls: 0.4892, loss: 0.4892
2026-09-16 17:15:41,766 - pyskl - INFO - Epoch [9][2400/6265]	lr: 1.156e-02, eta: 2 days, 4:57:29, time: 4.088, data_time: 0.000, memory: 5247, top1_acc: 0.8581, top5_acc: 0.9669, loss_cls: 0.4813, loss: 0.4813
2026-09-16 17:22:21,871 - pyskl - INFO - Epoch [9][2500/6265]	lr: 1.152e-02, eta: 2 days, 4:50:50, time: 4.001, data_time: 0.000, memory: 5247, top1_acc: 0.8459, top5_acc: 0.9591, loss_cls: 0.5349, loss: 0.5349
2026-09-16 17:29:00,307 - pyskl - INFO - Epoch [9][2600/6265]	lr: 1.148e-02, eta: 2 days, 4:44:09, time: 3.984, data_time: 0.000, memory: 5247, top1_acc: 0.8566, top5_acc: 0.9666, loss_cls: 0.4786, loss: 0.4786
2026-09-16 17:35:41,583 - pyskl - INFO - Epoch [9][2700/6265]	lr: 1.144e-02, eta: 2 days, 4:37:32, time: 4.013, data_time: 0.000, memory: 5247, top1_acc: 0.8541, top5_acc: 0.9684, loss_cls: 0.4895, loss: 0.4895
2026-09-16 17:42:32,740 - pyskl - INFO - Epoch [9][2800/6265]	lr: 1.140e-02, eta: 2 days, 4:31:04, time: 4.112, data_time: 0.000, memory: 5247, top1_acc: 0.8556, top5_acc: 0.9663, loss_cls: 0.4981, loss: 0.4981
2026-09-16 17:49:15,724 - pyskl - INFO - Epoch [9][2900/6265]	lr: 1.137e-02, eta: 2 days, 4:24:28, time: 4.030, data_time: 0.000, memory: 5247, top1_acc: 0.8409, top5_acc: 0.9597, loss_cls: 0.5401, loss: 0.5401
2026-09-16 17:56:09,195 - pyskl - INFO - Epoch [9][3000/6265]	lr: 1.133e-02, eta: 2 days, 4:18:02, time: 4.135, data_time: 0.000, memory: 5247, top1_acc: 0.8509, top5_acc: 0.9647, loss_cls: 0.5030, loss: 0.5030
2026-09-16 18:02:53,705 - pyskl - INFO - Epoch [9][3100/6265]	lr: 1.129e-02, eta: 2 days, 4:11:28, time: 4.045, data_time: 0.000, memory: 5247, top1_acc: 0.8606, top5_acc: 0.9659, loss_cls: 0.4812, loss: 0.4812
2026-09-16 18:09:35,427 - pyskl - INFO - Epoch [9][3200/6265]	lr: 1.125e-02, eta: 2 days, 4:04:50, time: 4.017, data_time: 0.000, memory: 5247, top1_acc: 0.8472, top5_acc: 0.9622, loss_cls: 0.5296, loss: 0.5296
2026-09-16 18:16:17,874 - pyskl - INFO - Epoch [9][3300/6265]	lr: 1.121e-02, eta: 2 days, 3:58:13, time: 4.024, data_time: 0.000, memory: 5247, top1_acc: 0.8497, top5_acc: 0.9616, loss_cls: 0.5132, loss: 0.5132
2026-09-16 18:23:00,180 - pyskl - INFO - Epoch [9][3400/6265]	lr: 1.117e-02, eta: 2 days, 3:51:36, time: 4.023, data_time: 0.000, memory: 5247, top1_acc: 0.8478, top5_acc: 0.9647, loss_cls: 0.5224, loss: 0.5224
2026-09-16 18:29:44,244 - pyskl - INFO - Epoch [9][3500/6265]	lr: 1.113e-02, eta: 2 days, 3:45:01, time: 4.041, data_time: 0.000, memory: 5247, top1_acc: 0.8553, top5_acc: 0.9691, loss_cls: 0.4972, loss: 0.4972
2026-09-16 18:36:29,212 - pyskl - INFO - Epoch [9][3600/6265]	lr: 1.109e-02, eta: 2 days, 3:38:27, time: 4.050, data_time: 0.000, memory: 5247, top1_acc: 0.8519, top5_acc: 0.9600, loss_cls: 0.5039, loss: 0.5039
2026-09-16 18:43:14,386 - pyskl - INFO - Epoch [9][3700/6265]	lr: 1.105e-02, eta: 2 days, 3:31:53, time: 4.052, data_time: 0.000, memory: 5247, top1_acc: 0.8600, top5_acc: 0.9644, loss_cls: 0.4811, loss: 0.4811
2026-09-16 18:49:57,748 - pyskl - INFO - Epoch [9][3800/6265]	lr: 1.102e-02, eta: 2 days, 3:25:17, time: 4.033, data_time: 0.000, memory: 5247, top1_acc: 0.8525, top5_acc: 0.9678, loss_cls: 0.5064, loss: 0.5064
2026-09-16 18:56:39,864 - pyskl - INFO - Epoch [9][3900/6265]	lr: 1.098e-02, eta: 2 days, 3:18:39, time: 4.021, data_time: 0.000, memory: 5247, top1_acc: 0.8434, top5_acc: 0.9688, loss_cls: 0.5148, loss: 0.5148
2026-09-16 19:03:25,154 - pyskl - INFO - Epoch [9][4000/6265]	lr: 1.094e-02, eta: 2 days, 3:12:05, time: 4.053, data_time: 0.000, memory: 5247, top1_acc: 0.8419, top5_acc: 0.9606, loss_cls: 0.5308, loss: 0.5308
2026-09-16 19:10:08,642 - pyskl - INFO - Epoch [9][4100/6265]	lr: 1.090e-02, eta: 2 days, 3:05:29, time: 4.035, data_time: 0.000, memory: 5247, top1_acc: 0.8503, top5_acc: 0.9631, loss_cls: 0.5151, loss: 0.5151
2026-09-16 19:16:51,712 - pyskl - INFO - Epoch [9][4200/6265]	lr: 1.086e-02, eta: 2 days, 2:58:53, time: 4.031, data_time: 0.000, memory: 5247, top1_acc: 0.8497, top5_acc: 0.9666, loss_cls: 0.5039, loss: 0.5039
2026-09-16 19:23:36,726 - pyskl - INFO - Epoch [9][4300/6265]	lr: 1.082e-02, eta: 2 days, 2:52:18, time: 4.050, data_time: 0.000, memory: 5247, top1_acc: 0.8441, top5_acc: 0.9659, loss_cls: 0.5110, loss: 0.5110
2026-09-16 19:30:21,241 - pyskl - INFO - Epoch [9][4400/6265]	lr: 1.078e-02, eta: 2 days, 2:45:43, time: 4.045, data_time: 0.000, memory: 5247, top1_acc: 0.8453, top5_acc: 0.9575, loss_cls: 0.5322, loss: 0.5322
2026-09-16 19:37:05,509 - pyskl - INFO - Epoch [9][4500/6265]	lr: 1.074e-02, eta: 2 days, 2:39:08, time: 4.043, data_time: 0.000, memory: 5247, top1_acc: 0.8497, top5_acc: 0.9622, loss_cls: 0.5072, loss: 0.5072
2026-09-16 19:43:47,067 - pyskl - INFO - Epoch [9][4600/6265]	lr: 1.070e-02, eta: 2 days, 2:32:30, time: 4.016, data_time: 0.000, memory: 5247, top1_acc: 0.8519, top5_acc: 0.9675, loss_cls: 0.4828, loss: 0.4828
2026-09-16 19:50:29,099 - pyskl - INFO - Epoch [9][4700/6265]	lr: 1.067e-02, eta: 2 days, 2:25:52, time: 4.020, data_time: 0.000, memory: 5247, top1_acc: 0.8456, top5_acc: 0.9631, loss_cls: 0.5087, loss: 0.5087
2026-09-16 19:57:13,111 - pyskl - INFO - Epoch [9][4800/6265]	lr: 1.063e-02, eta: 2 days, 2:19:16, time: 4.040, data_time: 0.000, memory: 5247, top1_acc: 0.8541, top5_acc: 0.9647, loss_cls: 0.4844, loss: 0.4844
2026-09-16 20:03:53,734 - pyskl - INFO - Epoch [9][4900/6265]	lr: 1.059e-02, eta: 2 days, 2:12:37, time: 4.006, data_time: 0.000, memory: 5247, top1_acc: 0.8662, top5_acc: 0.9653, loss_cls: 0.4632, loss: 0.4632
2026-09-16 20:10:33,592 - pyskl - INFO - Epoch [9][5000/6265]	lr: 1.055e-02, eta: 2 days, 2:05:58, time: 3.998, data_time: 0.000, memory: 5247, top1_acc: 0.8634, top5_acc: 0.9675, loss_cls: 0.4686, loss: 0.4686
2026-09-16 20:17:14,145 - pyskl - INFO - Epoch [9][5100/6265]	lr: 1.051e-02, eta: 2 days, 1:59:19, time: 4.006, data_time: 0.000, memory: 5247, top1_acc: 0.8547, top5_acc: 0.9681, loss_cls: 0.4787, loss: 0.4787
2026-09-16 20:23:51,083 - pyskl - INFO - Epoch [9][5200/6265]	lr: 1.047e-02, eta: 2 days, 1:52:37, time: 3.969, data_time: 0.000, memory: 5247, top1_acc: 0.8584, top5_acc: 0.9666, loss_cls: 0.4822, loss: 0.4822
2026-09-16 20:30:26,185 - pyskl - INFO - Epoch [9][5300/6265]	lr: 1.043e-02, eta: 2 days, 1:45:53, time: 3.951, data_time: 0.000, memory: 5247, top1_acc: 0.8612, top5_acc: 0.9688, loss_cls: 0.4604, loss: 0.4604
2026-09-16 20:37:03,633 - pyskl - INFO - Epoch [9][5400/6265]	lr: 1.039e-02, eta: 2 days, 1:39:11, time: 3.974, data_time: 0.000, memory: 5247, top1_acc: 0.8488, top5_acc: 0.9631, loss_cls: 0.5104, loss: 0.5104
2026-09-16 20:43:38,227 - pyskl - INFO - Epoch [9][5500/6265]	lr: 1.036e-02, eta: 2 days, 1:32:27, time: 3.946, data_time: 0.000, memory: 5247, top1_acc: 0.8488, top5_acc: 0.9603, loss_cls: 0.5131, loss: 0.5131
2026-09-16 20:50:14,877 - pyskl - INFO - Epoch [9][5600/6265]	lr: 1.032e-02, eta: 2 days, 1:25:44, time: 3.967, data_time: 0.000, memory: 5247, top1_acc: 0.8559, top5_acc: 0.9628, loss_cls: 0.4825, loss: 0.4825
2026-09-16 20:56:52,889 - pyskl - INFO - Epoch [9][5700/6265]	lr: 1.028e-02, eta: 2 days, 1:19:03, time: 3.980, data_time: 0.000, memory: 5247, top1_acc: 0.8666, top5_acc: 0.9697, loss_cls: 0.4818, loss: 0.4818
2026-09-16 21:03:29,959 - pyskl - INFO - Epoch [9][5800/6265]	lr: 1.024e-02, eta: 2 days, 1:12:21, time: 3.971, data_time: 0.000, memory: 5247, top1_acc: 0.8425, top5_acc: 0.9634, loss_cls: 0.5141, loss: 0.5141
2026-09-16 21:10:08,291 - pyskl - INFO - Epoch [9][5900/6265]	lr: 1.020e-02, eta: 2 days, 1:05:40, time: 3.983, data_time: 0.000, memory: 5247, top1_acc: 0.8541, top5_acc: 0.9584, loss_cls: 0.5016, loss: 0.5016
2026-09-16 21:16:48,868 - pyskl - INFO - Epoch [9][6000/6265]	lr: 1.016e-02, eta: 2 days, 0:59:01, time: 4.006, data_time: 0.000, memory: 5247, top1_acc: 0.8444, top5_acc: 0.9647, loss_cls: 0.5221, loss: 0.5221
2026-09-16 21:23:30,797 - pyskl - INFO - Epoch [9][6100/6265]	lr: 1.013e-02, eta: 2 days, 0:52:23, time: 4.019, data_time: 0.000, memory: 5247, top1_acc: 0.8522, top5_acc: 0.9637, loss_cls: 0.5091, loss: 0.5091
2026-09-16 21:30:12,071 - pyskl - INFO - Epoch [9][6200/6265]	lr: 1.009e-02, eta: 2 days, 0:45:45, time: 4.013, data_time: 0.000, memory: 5247, top1_acc: 0.8522, top5_acc: 0.9631, loss_cls: 0.5081, loss: 0.5081
2026-09-16 21:34:32,264 - pyskl - INFO - Saving checkpoint at 9 epochs
2026-09-16 22:09:50,519 - pyskl - INFO - Evaluating top_k_accuracy ...
2026-09-16 22:09:50,580 - pyskl - INFO - 
top1_acc	0.8465
top5_acc	0.9724
2026-09-16 22:09:50,582 - pyskl - INFO - The previous best checkpoint D:\YXJProject\pythonProject\pyskl\work_dirs\aug_baseline\b_aug\stgcnpp_j\seed2026\best_top1_acc_epoch_8.pth was removed
2026-09-16 22:09:50,741 - pyskl - INFO - Now best checkpoint is saved as best_top1_acc_epoch_9.pth.
2026-09-16 22:09:50,741 - pyskl - INFO - Best top1_acc is 0.8465 at 9 epoch.
2026-09-16 22:09:50,743 - pyskl - INFO - Epoch(val) [9][516]	top1_acc: 0.8465, top5_acc: 0.9724
2026-09-16 22:16:46,107 - pyskl - INFO - Epoch [10][100/6265]	lr: 1.002e-02, eta: 2 days, 0:31:13, time: 4.154, data_time: 0.129, memory: 5247, top1_acc: 0.8584, top5_acc: 0.9697, loss_cls: 0.4657, loss: 0.4657
2026-09-16 22:23:28,345 - pyskl - INFO - Epoch [10][200/6265]	lr: 9.985e-03, eta: 2 days, 0:24:36, time: 4.022, data_time: 0.000, memory: 5247, top1_acc: 0.8794, top5_acc: 0.9728, loss_cls: 0.4280, loss: 0.4280
2026-09-16 22:30:11,998 - pyskl - INFO - Epoch [10][300/6265]	lr: 9.947e-03, eta: 2 days, 0:18:01, time: 4.037, data_time: 0.000, memory: 5247, top1_acc: 0.8588, top5_acc: 0.9656, loss_cls: 0.4862, loss: 0.4862
2026-09-16 22:36:53,315 - pyskl - INFO - Epoch [10][400/6265]	lr: 9.908e-03, eta: 2 days, 0:11:23, time: 4.013, data_time: 0.000, memory: 5247, top1_acc: 0.8578, top5_acc: 0.9641, loss_cls: 0.4829, loss: 0.4829
2026-09-16 22:43:35,987 - pyskl - INFO - Epoch [10][500/6265]	lr: 9.870e-03, eta: 2 days, 0:04:47, time: 4.027, data_time: 0.000, memory: 5247, top1_acc: 0.8691, top5_acc: 0.9684, loss_cls: 0.4453, loss: 0.4453
2026-09-16 22:50:21,801 - pyskl - INFO - Epoch [10][600/6265]	lr: 9.832e-03, eta: 1 day, 23:58:14, time: 4.058, data_time: 0.000, memory: 5247, top1_acc: 0.8653, top5_acc: 0.9706, loss_cls: 0.4616, loss: 0.4616
2026-09-16 22:57:05,378 - pyskl - INFO - Epoch [10][700/6265]	lr: 9.793e-03, eta: 1 day, 23:51:38, time: 4.036, data_time: 0.000, memory: 5247, top1_acc: 0.8612, top5_acc: 0.9666, loss_cls: 0.4717, loss: 0.4717
2026-09-16 23:02:28,634 - pyskl - INFO - Epoch [10][800/6265]	lr: 9.755e-03, eta: 1 day, 23:43:54, time: 3.233, data_time: 0.000, memory: 5247, top1_acc: 0.8588, top5_acc: 0.9634, loss_cls: 0.4852, loss: 0.4852
2026-09-16 23:07:12,372 - pyskl - INFO - Epoch [10][900/6265]	lr: 9.717e-03, eta: 1 day, 23:35:38, time: 2.837, data_time: 0.000, memory: 5247, top1_acc: 0.8612, top5_acc: 0.9719, loss_cls: 0.4608, loss: 0.4608
2026-09-16 23:11:55,130 - pyskl - INFO - Epoch [10][1000/6265]	lr: 9.679e-03, eta: 1 day, 23:27:22, time: 2.828, data_time: 0.000, memory: 5247, top1_acc: 0.8591, top5_acc: 0.9678, loss_cls: 0.4635, loss: 0.4635
2026-09-16 23:16:40,660 - pyskl - INFO - Epoch [10][1100/6265]	lr: 9.641e-03, eta: 1 day, 23:19:09, time: 2.855, data_time: 0.000, memory: 5247, top1_acc: 0.8684, top5_acc: 0.9625, loss_cls: 0.4623, loss: 0.4623
2026-09-16 23:21:26,301 - pyskl - INFO - Epoch [10][1200/6265]	lr: 9.603e-03, eta: 1 day, 23:10:57, time: 2.856, data_time: 0.000, memory: 5247, top1_acc: 0.8591, top5_acc: 0.9666, loss_cls: 0.4642, loss: 0.4642
2026-09-16 23:26:12,780 - pyskl - INFO - Epoch [10][1300/6265]	lr: 9.564e-03, eta: 1 day, 23:02:46, time: 2.865, data_time: 0.000, memory: 5247, top1_acc: 0.8619, top5_acc: 0.9712, loss_cls: 0.4562, loss: 0.4562
2026-09-16 23:30:58,224 - pyskl - INFO - Epoch [10][1400/6265]	lr: 9.526e-03, eta: 1 day, 22:54:35, time: 2.854, data_time: 0.000, memory: 5247, top1_acc: 0.8719, top5_acc: 0.9678, loss_cls: 0.4375, loss: 0.4375
2026-09-16 23:35:42,708 - pyskl - INFO - Epoch [10][1500/6265]	lr: 9.488e-03, eta: 1 day, 22:46:25, time: 2.845, data_time: 0.000, memory: 5247, top1_acc: 0.8566, top5_acc: 0.9663, loss_cls: 0.4857, loss: 0.4857
2026-09-16 23:40:29,096 - pyskl - INFO - Epoch [10][1600/6265]	lr: 9.450e-03, eta: 1 day, 22:38:16, time: 2.864, data_time: 0.000, memory: 5247, top1_acc: 0.8544, top5_acc: 0.9622, loss_cls: 0.5017, loss: 0.5017
2026-09-16 23:45:16,507 - pyskl - INFO - Epoch [10][1700/6265]	lr: 9.412e-03, eta: 1 day, 22:30:09, time: 2.874, data_time: 0.000, memory: 5247, top1_acc: 0.8584, top5_acc: 0.9625, loss_cls: 0.4949, loss: 0.4949
2026-09-16 23:50:02,652 - pyskl - INFO - Epoch [10][1800/6265]	lr: 9.374e-03, eta: 1 day, 22:22:02, time: 2.861, data_time: 0.000, memory: 5247, top1_acc: 0.8759, top5_acc: 0.9684, loss_cls: 0.4397, loss: 0.4397
2026-09-16 23:54:46,234 - pyskl - INFO - Epoch [10][1900/6265]	lr: 9.336e-03, eta: 1 day, 22:13:54, time: 2.836, data_time: 0.000, memory: 5247, top1_acc: 0.8659, top5_acc: 0.9650, loss_cls: 0.4629, loss: 0.4629
2026-09-16 23:59:29,474 - pyskl - INFO - Epoch [10][2000/6265]	lr: 9.299e-03, eta: 1 day, 22:05:46, time: 2.832, data_time: 0.000, memory: 5247, top1_acc: 0.8569, top5_acc: 0.9663, loss_cls: 0.4760, loss: 0.4760
2026-09-17 00:04:15,343 - pyskl - INFO - Epoch [10][2100/6265]	lr: 9.261e-03, eta: 1 day, 21:57:41, time: 2.859, data_time: 0.000, memory: 5247, top1_acc: 0.8722, top5_acc: 0.9738, loss_cls: 0.4402, loss: 0.4402
2026-09-17 00:09:01,903 - pyskl - INFO - Epoch [10][2200/6265]	lr: 9.223e-03, eta: 1 day, 21:49:38, time: 2.866, data_time: 0.000, memory: 5247, top1_acc: 0.8522, top5_acc: 0.9688, loss_cls: 0.4817, loss: 0.4817
2026-09-17 00:13:46,480 - pyskl - INFO - Epoch [10][2300/6265]	lr: 9.185e-03, eta: 1 day, 21:41:33, time: 2.846, data_time: 0.000, memory: 5247, top1_acc: 0.8609, top5_acc: 0.9659, loss_cls: 0.4640, loss: 0.4640
2026-09-17 00:18:31,579 - pyskl - INFO - Epoch [10][2400/6265]	lr: 9.147e-03, eta: 1 day, 21:33:30, time: 2.851, data_time: 0.000, memory: 5247, top1_acc: 0.8584, top5_acc: 0.9653, loss_cls: 0.4783, loss: 0.4783
2026-09-17 00:23:16,026 - pyskl - INFO - Epoch [10][2500/6265]	lr: 9.110e-03, eta: 1 day, 21:25:27, time: 2.845, data_time: 0.000, memory: 5247, top1_acc: 0.8709, top5_acc: 0.9650, loss_cls: 0.4438, loss: 0.4438
2026-09-17 00:28:00,962 - pyskl - INFO - Epoch [10][2600/6265]	lr: 9.072e-03, eta: 1 day, 21:17:25, time: 2.849, data_time: 0.000, memory: 5247, top1_acc: 0.8706, top5_acc: 0.9706, loss_cls: 0.4450, loss: 0.4450
2026-09-17 00:32:43,643 - pyskl - INFO - Epoch [10][2700/6265]	lr: 9.034e-03, eta: 1 day, 21:09:22, time: 2.827, data_time: 0.000, memory: 5247, top1_acc: 0.8588, top5_acc: 0.9669, loss_cls: 0.4746, loss: 0.4746
2026-09-17 00:37:27,400 - pyskl - INFO - Epoch [10][2800/6265]	lr: 8.997e-03, eta: 1 day, 21:01:21, time: 2.838, data_time: 0.000, memory: 5247, top1_acc: 0.8531, top5_acc: 0.9653, loss_cls: 0.4705, loss: 0.4705
2026-09-17 00:42:11,783 - pyskl - INFO - Epoch [10][2900/6265]	lr: 8.959e-03, eta: 1 day, 20:53:21, time: 2.844, data_time: 0.000, memory: 5247, top1_acc: 0.8666, top5_acc: 0.9656, loss_cls: 0.4530, loss: 0.4530
2026-09-17 00:46:57,078 - pyskl - INFO - Epoch [10][3000/6265]	lr: 8.922e-03, eta: 1 day, 20:45:22, time: 2.853, data_time: 0.000, memory: 5247, top1_acc: 0.8697, top5_acc: 0.9741, loss_cls: 0.4363, loss: 0.4363
2026-09-17 00:51:40,384 - pyskl - INFO - Epoch [10][3100/6265]	lr: 8.884e-03, eta: 1 day, 20:37:23, time: 2.833, data_time: 0.000, memory: 5247, top1_acc: 0.8703, top5_acc: 0.9681, loss_cls: 0.4607, loss: 0.4607
2026-09-17 00:56:24,526 - pyskl - INFO - Epoch [10][3200/6265]	lr: 8.847e-03, eta: 1 day, 20:29:25, time: 2.841, data_time: 0.000, memory: 5247, top1_acc: 0.8653, top5_acc: 0.9741, loss_cls: 0.4456, loss: 0.4456
2026-09-17 01:01:10,295 - pyskl - INFO - Epoch [10][3300/6265]	lr: 8.809e-03, eta: 1 day, 20:21:29, time: 2.858, data_time: 0.000, memory: 5247, top1_acc: 0.8606, top5_acc: 0.9578, loss_cls: 0.4823, loss: 0.4823
2026-09-17 01:05:55,302 - pyskl - INFO - Epoch [10][3400/6265]	lr: 8.772e-03, eta: 1 day, 20:13:33, time: 2.850, data_time: 0.000, memory: 5247, top1_acc: 0.8544, top5_acc: 0.9597, loss_cls: 0.4927, loss: 0.4927
2026-09-17 01:10:39,053 - pyskl - INFO - Epoch [10][3500/6265]	lr: 8.734e-03, eta: 1 day, 20:05:36, time: 2.837, data_time: 0.000, memory: 5247, top1_acc: 0.8591, top5_acc: 0.9688, loss_cls: 0.4649, loss: 0.4649
2026-09-17 01:15:23,318 - pyskl - INFO - Epoch [10][3600/6265]	lr: 8.697e-03, eta: 1 day, 19:57:41, time: 2.843, data_time: 0.000, memory: 5247, top1_acc: 0.8669, top5_acc: 0.9688, loss_cls: 0.4610, loss: 0.4610
2026-09-17 01:20:07,784 - pyskl - INFO - Epoch [10][3700/6265]	lr: 8.660e-03, eta: 1 day, 19:49:47, time: 2.845, data_time: 0.000, memory: 5247, top1_acc: 0.8688, top5_acc: 0.9678, loss_cls: 0.4388, loss: 0.4388
2026-09-17 01:24:51,000 - pyskl - INFO - Epoch [10][3800/6265]	lr: 8.622e-03, eta: 1 day, 19:41:53, time: 2.832, data_time: 0.000, memory: 5247, top1_acc: 0.8706, top5_acc: 0.9678, loss_cls: 0.4563, loss: 0.4563
2026-09-17 01:29:33,131 - pyskl - INFO - Epoch [10][3900/6265]	lr: 8.585e-03, eta: 1 day, 19:33:58, time: 2.821, data_time: 0.000, memory: 5247, top1_acc: 0.8647, top5_acc: 0.9684, loss_cls: 0.4577, loss: 0.4577
2026-09-17 01:34:17,102 - pyskl - INFO - Epoch [10][4000/6265]	lr: 8.548e-03, eta: 1 day, 19:26:06, time: 2.840, data_time: 0.000, memory: 5247, top1_acc: 0.8684, top5_acc: 0.9719, loss_cls: 0.4523, loss: 0.4523
2026-09-17 01:39:02,948 - pyskl - INFO - Epoch [10][4100/6265]	lr: 8.511e-03, eta: 1 day, 19:18:15, time: 2.858, data_time: 0.000, memory: 5247, top1_acc: 0.8666, top5_acc: 0.9663, loss_cls: 0.4565, loss: 0.4565
2026-09-17 01:43:47,118 - pyskl - INFO - Epoch [10][4200/6265]	lr: 8.474e-03, eta: 1 day, 19:10:24, time: 2.842, data_time: 0.000, memory: 5247, top1_acc: 0.8588, top5_acc: 0.9637, loss_cls: 0.4935, loss: 0.4935
2026-09-17 01:48:34,810 - pyskl - INFO - Epoch [10][4300/6265]	lr: 8.437e-03, eta: 1 day, 19:02:37, time: 2.877, data_time: 0.000, memory: 5247, top1_acc: 0.8791, top5_acc: 0.9747, loss_cls: 0.4262, loss: 0.4262
2026-09-17 01:53:18,069 - pyskl - INFO - Epoch [10][4400/6265]	lr: 8.400e-03, eta: 1 day, 18:54:46, time: 2.833, data_time: 0.000, memory: 5247, top1_acc: 0.8725, top5_acc: 0.9666, loss_cls: 0.4505, loss: 0.4505
2026-09-17 01:58:02,630 - pyskl - INFO - Epoch [10][4500/6265]	lr: 8.363e-03, eta: 1 day, 18:46:58, time: 2.846, data_time: 0.000, memory: 5247, top1_acc: 0.8622, top5_acc: 0.9666, loss_cls: 0.4678, loss: 0.4678
2026-09-17 02:02:46,736 - pyskl - INFO - Epoch [10][4600/6265]	lr: 8.326e-03, eta: 1 day, 18:39:09, time: 2.841, data_time: 0.000, memory: 5247, top1_acc: 0.8656, top5_acc: 0.9694, loss_cls: 0.4627, loss: 0.4627
2026-09-17 02:07:30,998 - pyskl - INFO - Epoch [10][4700/6265]	lr: 8.289e-03, eta: 1 day, 18:31:22, time: 2.843, data_time: 0.000, memory: 5247, top1_acc: 0.8597, top5_acc: 0.9666, loss_cls: 0.4656, loss: 0.4656
2026-09-17 02:12:17,833 - pyskl - INFO - Epoch [10][4800/6265]	lr: 8.252e-03, eta: 1 day, 18:23:37, time: 2.868, data_time: 0.000, memory: 5247, top1_acc: 0.8681, top5_acc: 0.9703, loss_cls: 0.4400, loss: 0.4400
2026-09-17 02:17:03,869 - pyskl - INFO - Epoch [10][4900/6265]	lr: 8.215e-03, eta: 1 day, 18:15:52, time: 2.860, data_time: 0.000, memory: 5247, top1_acc: 0.8666, top5_acc: 0.9650, loss_cls: 0.4650, loss: 0.4650
2026-09-17 02:21:47,720 - pyskl - INFO - Epoch [10][5000/6265]	lr: 8.178e-03, eta: 1 day, 18:08:06, time: 2.839, data_time: 0.000, memory: 5247, top1_acc: 0.8716, top5_acc: 0.9672, loss_cls: 0.4532, loss: 0.4532
2026-09-17 02:26:33,185 - pyskl - INFO - Epoch [10][5100/6265]	lr: 8.142e-03, eta: 1 day, 18:00:22, time: 2.855, data_time: 0.000, memory: 5247, top1_acc: 0.8669, top5_acc: 0.9634, loss_cls: 0.4574, loss: 0.4574
2026-09-17 02:31:17,958 - pyskl - INFO - Epoch [10][5200/6265]	lr: 8.105e-03, eta: 1 day, 17:52:38, time: 2.848, data_time: 0.000, memory: 5247, top1_acc: 0.8678, top5_acc: 0.9706, loss_cls: 0.4558, loss: 0.4558
2026-09-17 02:36:03,459 - pyskl - INFO - Epoch [10][5300/6265]	lr: 8.068e-03, eta: 1 day, 17:44:55, time: 2.855, data_time: 0.000, memory: 5247, top1_acc: 0.8606, top5_acc: 0.9653, loss_cls: 0.4756, loss: 0.4756
2026-09-17 02:40:47,680 - pyskl - INFO - Epoch [10][5400/6265]	lr: 8.032e-03, eta: 1 day, 17:37:12, time: 2.842, data_time: 0.000, memory: 5247, top1_acc: 0.8647, top5_acc: 0.9688, loss_cls: 0.4530, loss: 0.4530
2026-09-17 02:45:34,045 - pyskl - INFO - Epoch [10][5500/6265]	lr: 7.995e-03, eta: 1 day, 17:29:32, time: 2.864, data_time: 0.000, memory: 5247, top1_acc: 0.8678, top5_acc: 0.9709, loss_cls: 0.4509, loss: 0.4509
2026-09-17 02:50:17,629 - pyskl - INFO - Epoch [10][5600/6265]	lr: 7.959e-03, eta: 1 day, 17:21:49, time: 2.836, data_time: 0.000, memory: 5247, top1_acc: 0.8734, top5_acc: 0.9712, loss_cls: 0.4230, loss: 0.4230
2026-09-17 02:55:01,682 - pyskl - INFO - Epoch [10][5700/6265]	lr: 7.922e-03, eta: 1 day, 17:14:08, time: 2.841, data_time: 0.000, memory: 5247, top1_acc: 0.8834, top5_acc: 0.9722, loss_cls: 0.4116, loss: 0.4116
2026-09-17 02:59:46,925 - pyskl - INFO - Epoch [10][5800/6265]	lr: 7.886e-03, eta: 1 day, 17:06:29, time: 2.852, data_time: 0.000, memory: 5247, top1_acc: 0.8659, top5_acc: 0.9666, loss_cls: 0.4629, loss: 0.4629
2026-09-17 03:04:32,029 - pyskl - INFO - Epoch [10][5900/6265]	lr: 7.849e-03, eta: 1 day, 16:58:49, time: 2.851, data_time: 0.000, memory: 5247, top1_acc: 0.8766, top5_acc: 0.9684, loss_cls: 0.4176, loss: 0.4176
2026-09-17 03:09:18,061 - pyskl - INFO - Epoch [10][6000/6265]	lr: 7.813e-03, eta: 1 day, 16:51:11, time: 2.860, data_time: 0.000, memory: 5247, top1_acc: 0.8634, top5_acc: 0.9659, loss_cls: 0.4594, loss: 0.4594
2026-09-17 03:14:01,904 - pyskl - INFO - Epoch [10][6100/6265]	lr: 7.777e-03, eta: 1 day, 16:43:33, time: 2.838, data_time: 0.000, memory: 5247, top1_acc: 0.8775, top5_acc: 0.9709, loss_cls: 0.4127, loss: 0.4127
2026-09-17 03:18:47,277 - pyskl - INFO - Epoch [10][6200/6265]	lr: 7.740e-03, eta: 1 day, 16:35:55, time: 2.854, data_time: 0.000, memory: 5247, top1_acc: 0.8747, top5_acc: 0.9666, loss_cls: 0.4477, loss: 0.4477
2026-09-17 03:21:51,095 - pyskl - INFO - Saving checkpoint at 10 epochs
2026-09-17 03:43:23,154 - pyskl - INFO - Evaluating top_k_accuracy ...
2026-09-17 03:43:23,215 - pyskl - INFO - 
top1_acc	0.8550
top5_acc	0.9754
2026-09-17 03:43:23,217 - pyskl - INFO - The previous best checkpoint D:\YXJProject\pythonProject\pyskl\work_dirs\aug_baseline\b_aug\stgcnpp_j\seed2026\best_top1_acc_epoch_9.pth was removed
2026-09-17 03:43:23,366 - pyskl - INFO - Now best checkpoint is saved as best_top1_acc_epoch_10.pth.
2026-09-17 03:43:23,366 - pyskl - INFO - Best top1_acc is 0.8550 at 10 epoch.
2026-09-17 03:43:23,369 - pyskl - INFO - Epoch(val) [10][516]	top1_acc: 0.8550, top5_acc: 0.9754
2026-09-17 03:48:26,157 - pyskl - INFO - Epoch [11][100/6265]	lr: 7.681e-03, eta: 1 day, 16:21:31, time: 3.028, data_time: 0.127, memory: 5247, top1_acc: 0.8847, top5_acc: 0.9738, loss_cls: 0.3973, loss: 0.3973
2026-09-17 03:53:12,874 - pyskl - INFO - Epoch [11][200/6265]	lr: 7.645e-03, eta: 1 day, 16:13:57, time: 2.867, data_time: 0.000, memory: 5247, top1_acc: 0.8906, top5_acc: 0.9753, loss_cls: 0.3865, loss: 0.3865
2026-09-17 03:57:59,634 - pyskl - INFO - Epoch [11][300/6265]	lr: 7.608e-03, eta: 1 day, 16:06:23, time: 2.868, data_time: 0.000, memory: 5247, top1_acc: 0.8709, top5_acc: 0.9700, loss_cls: 0.4383, loss: 0.4383
2026-09-17 04:02:47,081 - pyskl - INFO - Epoch [11][400/6265]	lr: 7.572e-03, eta: 1 day, 15:58:51, time: 2.874, data_time: 0.000, memory: 5247, top1_acc: 0.8744, top5_acc: 0.9678, loss_cls: 0.4284, loss: 0.4284
2026-09-17 04:07:33,978 - pyskl - INFO - Epoch [11][500/6265]	lr: 7.536e-03, eta: 1 day, 15:51:18, time: 2.869, data_time: 0.000, memory: 5247, top1_acc: 0.8819, top5_acc: 0.9778, loss_cls: 0.3843, loss: 0.3843
2026-09-17 04:12:19,798 - pyskl - INFO - Epoch [11][600/6265]	lr: 7.501e-03, eta: 1 day, 15:43:46, time: 2.858, data_time: 0.000, memory: 5247, top1_acc: 0.8825, top5_acc: 0.9675, loss_cls: 0.4163, loss: 0.4163
2026-09-17 04:17:02,572 - pyskl - INFO - Epoch [11][700/6265]	lr: 7.465e-03, eta: 1 day, 15:36:12, time: 2.828, data_time: 0.000, memory: 5247, top1_acc: 0.8788, top5_acc: 0.9691, loss_cls: 0.4091, loss: 0.4091
2026-09-17 04:21:45,456 - pyskl - INFO - Epoch [11][800/6265]	lr: 7.429e-03, eta: 1 day, 15:28:39, time: 2.829, data_time: 0.000, memory: 5247, top1_acc: 0.8703, top5_acc: 0.9681, loss_cls: 0.4402, loss: 0.4402
2026-09-17 04:26:29,620 - pyskl - INFO - Epoch [11][900/6265]	lr: 7.393e-03, eta: 1 day, 15:21:07, time: 2.842, data_time: 0.000, memory: 5247, top1_acc: 0.8844, top5_acc: 0.9712, loss_cls: 0.3992, loss: 0.3992
2026-09-17 04:31:13,198 - pyskl - INFO - Epoch [11][1000/6265]	lr: 7.357e-03, eta: 1 day, 15:13:36, time: 2.836, data_time: 0.000, memory: 5247, top1_acc: 0.8794, top5_acc: 0.9694, loss_cls: 0.4186, loss: 0.4186
2026-09-17 04:35:56,552 - pyskl - INFO - Epoch [11][1100/6265]	lr: 7.322e-03, eta: 1 day, 15:06:05, time: 2.834, data_time: 0.000, memory: 5247, top1_acc: 0.8744, top5_acc: 0.9650, loss_cls: 0.4423, loss: 0.4423
2026-09-17 04:40:41,069 - pyskl - INFO - Epoch [11][1200/6265]	lr: 7.286e-03, eta: 1 day, 14:58:35, time: 2.845, data_time: 0.000, memory: 5247, top1_acc: 0.8809, top5_acc: 0.9738, loss_cls: 0.4018, loss: 0.4018
2026-09-17 04:45:27,658 - pyskl - INFO - Epoch [11][1300/6265]	lr: 7.250e-03, eta: 1 day, 14:51:07, time: 2.866, data_time: 0.000, memory: 5247, top1_acc: 0.8691, top5_acc: 0.9678, loss_cls: 0.4368, loss: 0.4368
2026-09-17 04:50:14,398 - pyskl - INFO - Epoch [11][1400/6265]	lr: 7.215e-03, eta: 1 day, 14:43:40, time: 2.867, data_time: 0.000, memory: 5247, top1_acc: 0.8725, top5_acc: 0.9697, loss_cls: 0.4232, loss: 0.4232
2026-09-17 04:54:56,666 - pyskl - INFO - Epoch [11][1500/6265]	lr: 7.179e-03, eta: 1 day, 14:36:10, time: 2.823, data_time: 0.000, memory: 5247, top1_acc: 0.8700, top5_acc: 0.9675, loss_cls: 0.4469, loss: 0.4469
2026-09-17 04:59:39,089 - pyskl - INFO - Epoch [11][1600/6265]	lr: 7.144e-03, eta: 1 day, 14:28:42, time: 2.824, data_time: 0.000, memory: 5247, top1_acc: 0.8647, top5_acc: 0.9716, loss_cls: 0.4357, loss: 0.4357
2026-09-17 05:04:25,377 - pyskl - INFO - Epoch [11][1700/6265]	lr: 7.109e-03, eta: 1 day, 14:21:16, time: 2.863, data_time: 0.000, memory: 5247, top1_acc: 0.8738, top5_acc: 0.9731, loss_cls: 0.4159, loss: 0.4159
2026-09-17 05:09:09,618 - pyskl - INFO - Epoch [11][1800/6265]	lr: 7.073e-03, eta: 1 day, 14:13:49, time: 2.842, data_time: 0.000, memory: 5247, top1_acc: 0.8791, top5_acc: 0.9712, loss_cls: 0.4093, loss: 0.4093
2026-09-17 05:13:54,322 - pyskl - INFO - Epoch [11][1900/6265]	lr: 7.038e-03, eta: 1 day, 14:06:24, time: 2.847, data_time: 0.000, memory: 5247, top1_acc: 0.8800, top5_acc: 0.9691, loss_cls: 0.4196, loss: 0.4196
2026-09-17 05:18:41,073 - pyskl - INFO - Epoch [11][2000/6265]	lr: 7.003e-03, eta: 1 day, 13:59:00, time: 2.868, data_time: 0.000, memory: 5247, top1_acc: 0.8791, top5_acc: 0.9731, loss_cls: 0.4133, loss: 0.4133
2026-09-17 05:23:27,615 - pyskl - INFO - Epoch [11][2100/6265]	lr: 6.968e-03, eta: 1 day, 13:51:36, time: 2.865, data_time: 0.000, memory: 5247, top1_acc: 0.8741, top5_acc: 0.9672, loss_cls: 0.4274, loss: 0.4274
2026-09-17 05:28:15,577 - pyskl - INFO - Epoch [11][2200/6265]	lr: 6.933e-03, eta: 1 day, 13:44:14, time: 2.880, data_time: 0.000, memory: 5247, top1_acc: 0.8762, top5_acc: 0.9719, loss_cls: 0.4212, loss: 0.4212
2026-09-17 05:33:02,128 - pyskl - INFO - Epoch [11][2300/6265]	lr: 6.897e-03, eta: 1 day, 13:36:52, time: 2.866, data_time: 0.000, memory: 5247, top1_acc: 0.8856, top5_acc: 0.9716, loss_cls: 0.3953, loss: 0.3953
2026-09-17 05:37:45,350 - pyskl - INFO - Epoch [11][2400/6265]	lr: 6.862e-03, eta: 1 day, 13:29:28, time: 2.832, data_time: 0.000, memory: 5247, top1_acc: 0.8812, top5_acc: 0.9738, loss_cls: 0.3898, loss: 0.3898
2026-09-17 05:42:27,838 - pyskl - INFO - Epoch [11][2500/6265]	lr: 6.828e-03, eta: 1 day, 13:22:04, time: 2.825, data_time: 0.000, memory: 5247, top1_acc: 0.8747, top5_acc: 0.9672, loss_cls: 0.4256, loss: 0.4256
2026-09-17 05:47:13,649 - pyskl - INFO - Epoch [11][2600/6265]	lr: 6.793e-03, eta: 1 day, 13:14:43, time: 2.858, data_time: 0.000, memory: 5247, top1_acc: 0.8731, top5_acc: 0.9712, loss_cls: 0.4287, loss: 0.4287
2026-09-17 05:51:57,674 - pyskl - INFO - Epoch [11][2700/6265]	lr: 6.758e-03, eta: 1 day, 13:07:21, time: 2.840, data_time: 0.000, memory: 5247, top1_acc: 0.8734, top5_acc: 0.9656, loss_cls: 0.4242, loss: 0.4242
2026-09-17 05:56:40,248 - pyskl - INFO - Epoch [11][2800/6265]	lr: 6.723e-03, eta: 1 day, 12:59:59, time: 2.826, data_time: 0.000, memory: 5247, top1_acc: 0.8869, top5_acc: 0.9716, loss_cls: 0.3862, loss: 0.3862
2026-09-17 06:01:23,566 - pyskl - INFO - Epoch [11][2900/6265]	lr: 6.688e-03, eta: 1 day, 12:52:38, time: 2.833, data_time: 0.000, memory: 5247, top1_acc: 0.8850, top5_acc: 0.9688, loss_cls: 0.3972, loss: 0.3972
2026-09-17 06:06:05,594 - pyskl - INFO - Epoch [11][3000/6265]	lr: 6.654e-03, eta: 1 day, 12:45:17, time: 2.820, data_time: 0.000, memory: 5247, top1_acc: 0.8819, top5_acc: 0.9672, loss_cls: 0.4162, loss: 0.4162
2026-09-17 06:10:47,452 - pyskl - INFO - Epoch [11][3100/6265]	lr: 6.619e-03, eta: 1 day, 12:37:56, time: 2.819, data_time: 0.000, memory: 5247, top1_acc: 0.8878, top5_acc: 0.9728, loss_cls: 0.3946, loss: 0.3946
2026-09-17 06:15:30,704 - pyskl - INFO - Epoch [11][3200/6265]	lr: 6.585e-03, eta: 1 day, 12:30:36, time: 2.832, data_time: 0.000, memory: 5247, top1_acc: 0.8822, top5_acc: 0.9678, loss_cls: 0.4097, loss: 0.4097
2026-09-17 06:20:14,365 - pyskl - INFO - Epoch [11][3300/6265]	lr: 6.550e-03, eta: 1 day, 12:23:17, time: 2.837, data_time: 0.000, memory: 5247, top1_acc: 0.8809, top5_acc: 0.9722, loss_cls: 0.4086, loss: 0.4086
2026-09-17 06:24:56,106 - pyskl - INFO - Epoch [11][3400/6265]	lr: 6.516e-03, eta: 1 day, 12:15:58, time: 2.817, data_time: 0.000, memory: 5247, top1_acc: 0.8838, top5_acc: 0.9706, loss_cls: 0.4037, loss: 0.4037
2026-09-17 06:29:38,539 - pyskl - INFO - Epoch [11][3500/6265]	lr: 6.481e-03, eta: 1 day, 12:08:40, time: 2.824, data_time: 0.000, memory: 5247, top1_acc: 0.8775, top5_acc: 0.9750, loss_cls: 0.3942, loss: 0.3942
2026-09-17 06:34:22,687 - pyskl - INFO - Epoch [11][3600/6265]	lr: 6.447e-03, eta: 1 day, 12:01:23, time: 2.841, data_time: 0.000, memory: 5247, top1_acc: 0.8741, top5_acc: 0.9709, loss_cls: 0.4293, loss: 0.4293
2026-09-17 06:39:06,555 - pyskl - INFO - Epoch [11][3700/6265]	lr: 6.413e-03, eta: 1 day, 11:54:06, time: 2.839, data_time: 0.000, memory: 5247, top1_acc: 0.8750, top5_acc: 0.9731, loss_cls: 0.4168, loss: 0.4168
2026-09-17 06:43:51,785 - pyskl - INFO - Epoch [11][3800/6265]	lr: 6.379e-03, eta: 1 day, 11:46:51, time: 2.852, data_time: 0.000, memory: 5247, top1_acc: 0.8806, top5_acc: 0.9684, loss_cls: 0.4002, loss: 0.4002
2026-09-17 06:48:36,922 - pyskl - INFO - Epoch [11][3900/6265]	lr: 6.344e-03, eta: 1 day, 11:39:36, time: 2.851, data_time: 0.000, memory: 5247, top1_acc: 0.8912, top5_acc: 0.9719, loss_cls: 0.3943, loss: 0.3943
2026-09-17 06:53:17,978 - pyskl - INFO - Epoch [11][4000/6265]	lr: 6.310e-03, eta: 1 day, 11:32:19, time: 2.811, data_time: 0.000, memory: 5247, top1_acc: 0.8875, top5_acc: 0.9716, loss_cls: 0.3936, loss: 0.3936
2026-09-17 06:58:00,228 - pyskl - INFO - Epoch [11][4100/6265]	lr: 6.276e-03, eta: 1 day, 11:25:03, time: 2.823, data_time: 0.000, memory: 5247, top1_acc: 0.8891, top5_acc: 0.9706, loss_cls: 0.3895, loss: 0.3895
2026-09-17 07:02:46,006 - pyskl - INFO - Epoch [11][4200/6265]	lr: 6.242e-03, eta: 1 day, 11:17:50, time: 2.858, data_time: 0.000, memory: 5247, top1_acc: 0.8778, top5_acc: 0.9681, loss_cls: 0.4207, loss: 0.4207
2026-09-17 07:07:30,079 - pyskl - INFO - Epoch [11][4300/6265]	lr: 6.209e-03, eta: 1 day, 11:10:37, time: 2.841, data_time: 0.000, memory: 5247, top1_acc: 0.8797, top5_acc: 0.9728, loss_cls: 0.3919, loss: 0.3919
2026-09-17 07:12:14,186 - pyskl - INFO - Epoch [11][4400/6265]	lr: 6.175e-03, eta: 1 day, 11:03:24, time: 2.841, data_time: 0.000, memory: 5247, top1_acc: 0.8841, top5_acc: 0.9684, loss_cls: 0.3959, loss: 0.3959
2026-09-17 07:17:00,603 - pyskl - INFO - Epoch [11][4500/6265]	lr: 6.141e-03, eta: 1 day, 10:56:13, time: 2.864, data_time: 0.000, memory: 5247, top1_acc: 0.8803, top5_acc: 0.9656, loss_cls: 0.4214, loss: 0.4214
2026-09-17 07:21:45,128 - pyskl - INFO - Epoch [11][4600/6265]	lr: 6.107e-03, eta: 1 day, 10:49:01, time: 2.845, data_time: 0.000, memory: 5247, top1_acc: 0.8888, top5_acc: 0.9759, loss_cls: 0.3836, loss: 0.3836
2026-09-17 07:26:28,732 - pyskl - INFO - Epoch [11][4700/6265]	lr: 6.074e-03, eta: 1 day, 10:41:49, time: 2.836, data_time: 0.000, memory: 5247, top1_acc: 0.8775, top5_acc: 0.9694, loss_cls: 0.4100, loss: 0.4100
2026-09-17 07:31:11,747 - pyskl - INFO - Epoch [11][4800/6265]	lr: 6.040e-03, eta: 1 day, 10:34:37, time: 2.830, data_time: 0.000, memory: 5247, top1_acc: 0.8900, top5_acc: 0.9759, loss_cls: 0.3712, loss: 0.3712
2026-09-17 07:35:54,716 - pyskl - INFO - Epoch [11][4900/6265]	lr: 6.007e-03, eta: 1 day, 10:27:26, time: 2.830, data_time: 0.000, memory: 5247, top1_acc: 0.8853, top5_acc: 0.9734, loss_cls: 0.3898, loss: 0.3898
2026-09-17 07:40:39,110 - pyskl - INFO - Epoch [11][5000/6265]	lr: 5.973e-03, eta: 1 day, 10:20:16, time: 2.844, data_time: 0.000, memory: 5247, top1_acc: 0.8853, top5_acc: 0.9706, loss_cls: 0.4040, loss: 0.4040
2026-09-17 07:45:23,767 - pyskl - INFO - Epoch [11][5100/6265]	lr: 5.940e-03, eta: 1 day, 10:13:07, time: 2.847, data_time: 0.000, memory: 5247, top1_acc: 0.8838, top5_acc: 0.9744, loss_cls: 0.3865, loss: 0.3865
2026-09-17 07:50:08,770 - pyskl - INFO - Epoch [11][5200/6265]	lr: 5.906e-03, eta: 1 day, 10:05:58, time: 2.850, data_time: 0.000, memory: 5247, top1_acc: 0.8903, top5_acc: 0.9753, loss_cls: 0.3751, loss: 0.3751
2026-09-17 07:54:52,499 - pyskl - INFO - Epoch [11][5300/6265]	lr: 5.873e-03, eta: 1 day, 9:58:49, time: 2.837, data_time: 0.000, memory: 5247, top1_acc: 0.8906, top5_acc: 0.9719, loss_cls: 0.3802, loss: 0.3802
2026-09-17 07:59:31,388 - pyskl - INFO - Epoch [11][5400/6265]	lr: 5.840e-03, eta: 1 day, 9:51:39, time: 2.789, data_time: 0.000, memory: 5247, top1_acc: 0.8894, top5_acc: 0.9722, loss_cls: 0.3765, loss: 0.3765
2026-09-17 08:04:12,726 - pyskl - INFO - Epoch [11][5500/6265]	lr: 5.807e-03, eta: 1 day, 9:44:29, time: 2.813, data_time: 0.000, memory: 5247, top1_acc: 0.8894, top5_acc: 0.9706, loss_cls: 0.3888, loss: 0.3888
2026-09-17 08:08:54,600 - pyskl - INFO - Epoch [11][5600/6265]	lr: 5.774e-03, eta: 1 day, 9:37:21, time: 2.819, data_time: 0.000, memory: 5247, top1_acc: 0.8866, top5_acc: 0.9706, loss_cls: 0.3895, loss: 0.3895
2026-09-17 08:13:38,032 - pyskl - INFO - Epoch [11][5700/6265]	lr: 5.741e-03, eta: 1 day, 9:30:14, time: 2.834, data_time: 0.000, memory: 5247, top1_acc: 0.8931, top5_acc: 0.9800, loss_cls: 0.3647, loss: 0.3647
2026-09-17 08:18:24,872 - pyskl - INFO - Epoch [11][5800/6265]	lr: 5.708e-03, eta: 1 day, 9:23:09, time: 2.868, data_time: 0.000, memory: 5247, top1_acc: 0.8831, top5_acc: 0.9709, loss_cls: 0.3891, loss: 0.3891
2026-09-17 08:23:09,247 - pyskl - INFO - Epoch [11][5900/6265]	lr: 5.675e-03, eta: 1 day, 9:16:03, time: 2.844, data_time: 0.000, memory: 5247, top1_acc: 0.8816, top5_acc: 0.9722, loss_cls: 0.4006, loss: 0.4006
2026-09-17 08:27:56,507 - pyskl - INFO - Epoch [11][6000/6265]	lr: 5.642e-03, eta: 1 day, 9:08:59, time: 2.873, data_time: 0.000, memory: 5247, top1_acc: 0.8950, top5_acc: 0.9716, loss_cls: 0.3694, loss: 0.3694
2026-09-17 08:32:41,112 - pyskl - INFO - Epoch [11][6100/6265]	lr: 5.610e-03, eta: 1 day, 9:01:55, time: 2.846, data_time: 0.000, memory: 5247, top1_acc: 0.8953, top5_acc: 0.9731, loss_cls: 0.3530, loss: 0.3530
2026-09-17 08:37:24,965 - pyskl - INFO - Epoch [11][6200/6265]	lr: 5.577e-03, eta: 1 day, 8:54:50, time: 2.838, data_time: 0.000, memory: 5247, top1_acc: 0.8888, top5_acc: 0.9725, loss_cls: 0.3774, loss: 0.3774
2026-09-17 08:40:27,779 - pyskl - INFO - Saving checkpoint at 11 epochs
2026-09-17 09:01:52,167 - pyskl - INFO - Evaluating top_k_accuracy ...
2026-09-17 09:01:52,229 - pyskl - INFO - 
top1_acc	0.8569
top5_acc	0.9756
2026-09-17 09:01:52,231 - pyskl - INFO - The previous best checkpoint D:\YXJProject\pythonProject\pyskl\work_dirs\aug_baseline\b_aug\stgcnpp_j\seed2026\best_top1_acc_epoch_10.pth was removed
2026-09-17 09:01:52,372 - pyskl - INFO - Now best checkpoint is saved as best_top1_acc_epoch_11.pth.
2026-09-17 09:01:52,372 - pyskl - INFO - Best top1_acc is 0.8569 at 11 epoch.
2026-09-17 09:01:52,375 - pyskl - INFO - Epoch(val) [11][516]	top1_acc: 0.8569, top5_acc: 0.9756
2026-09-17 09:06:49,369 - pyskl - INFO - Epoch [12][100/6265]	lr: 5.523e-03, eta: 1 day, 8:41:45, time: 2.970, data_time: 0.128, memory: 5247, top1_acc: 0.8875, top5_acc: 0.9725, loss_cls: 0.3820, loss: 0.3820
2026-09-17 09:11:33,389 - pyskl - INFO - Epoch [12][200/6265]	lr: 5.491e-03, eta: 1 day, 8:34:42, time: 2.840, data_time: 0.000, memory: 5247, top1_acc: 0.9072, top5_acc: 0.9778, loss_cls: 0.3322, loss: 0.3322
2026-09-17 09:16:19,238 - pyskl - INFO - Epoch [12][300/6265]	lr: 5.458e-03, eta: 1 day, 8:27:40, time: 2.858, data_time: 0.000, memory: 5247, top1_acc: 0.8812, top5_acc: 0.9712, loss_cls: 0.3992, loss: 0.3992
2026-09-17 09:21:04,521 - pyskl - INFO - Epoch [12][400/6265]	lr: 5.426e-03, eta: 1 day, 8:20:39, time: 2.853, data_time: 0.000, memory: 5247, top1_acc: 0.8916, top5_acc: 0.9728, loss_cls: 0.3778, loss: 0.3778
2026-09-17 09:25:49,285 - pyskl - INFO - Epoch [12][500/6265]	lr: 5.394e-03, eta: 1 day, 8:13:38, time: 2.848, data_time: 0.000, memory: 5247, top1_acc: 0.8891, top5_acc: 0.9778, loss_cls: 0.3662, loss: 0.3662
2026-09-17 09:30:34,907 - pyskl - INFO - Epoch [12][600/6265]	lr: 5.361e-03, eta: 1 day, 8:06:37, time: 2.856, data_time: 0.000, memory: 5247, top1_acc: 0.8994, top5_acc: 0.9697, loss_cls: 0.3655, loss: 0.3655
2026-09-17 09:35:18,531 - pyskl - INFO - Epoch [12][700/6265]	lr: 5.329e-03, eta: 1 day, 7:59:36, time: 2.836, data_time: 0.000, memory: 5247, top1_acc: 0.8853, top5_acc: 0.9719, loss_cls: 0.3858, loss: 0.3858
2026-09-17 09:40:01,791 - pyskl - INFO - Epoch [12][800/6265]	lr: 5.297e-03, eta: 1 day, 7:52:35, time: 2.833, data_time: 0.000, memory: 5247, top1_acc: 0.8906, top5_acc: 0.9722, loss_cls: 0.3699, loss: 0.3699
2026-09-17 09:44:46,927 - pyskl - INFO - Epoch [12][900/6265]	lr: 5.265e-03, eta: 1 day, 7:45:36, time: 2.851, data_time: 0.000, memory: 5247, top1_acc: 0.8931, top5_acc: 0.9709, loss_cls: 0.3682, loss: 0.3682
2026-09-17 09:49:29,989 - pyskl - INFO - Epoch [12][1000/6265]	lr: 5.233e-03, eta: 1 day, 7:38:36, time: 2.831, data_time: 0.000, memory: 5247, top1_acc: 0.8941, top5_acc: 0.9778, loss_cls: 0.3591, loss: 0.3591
2026-09-17 09:54:13,991 - pyskl - INFO - Epoch [12][1100/6265]	lr: 5.202e-03, eta: 1 day, 7:31:37, time: 2.840, data_time: 0.000, memory: 5247, top1_acc: 0.8897, top5_acc: 0.9728, loss_cls: 0.3862, loss: 0.3862
2026-09-17 09:58:57,442 - pyskl - INFO - Epoch [12][1200/6265]	lr: 5.170e-03, eta: 1 day, 7:24:38, time: 2.834, data_time: 0.000, memory: 5247, top1_acc: 0.9006, top5_acc: 0.9766, loss_cls: 0.3587, loss: 0.3587
2026-09-17 10:03:41,907 - pyskl - INFO - Epoch [12][1300/6265]	lr: 5.138e-03, eta: 1 day, 7:17:40, time: 2.845, data_time: 0.000, memory: 5247, top1_acc: 0.8972, top5_acc: 0.9750, loss_cls: 0.3624, loss: 0.3624
2026-09-17 10:08:25,594 - pyskl - INFO - Epoch [12][1400/6265]	lr: 5.106e-03, eta: 1 day, 7:10:42, time: 2.837, data_time: 0.000, memory: 5247, top1_acc: 0.9012, top5_acc: 0.9766, loss_cls: 0.3377, loss: 0.3377
2026-09-17 10:13:09,844 - pyskl - INFO - Epoch [12][1500/6265]	lr: 5.075e-03, eta: 1 day, 7:03:45, time: 2.843, data_time: 0.000, memory: 5247, top1_acc: 0.8966, top5_acc: 0.9759, loss_cls: 0.3638, loss: 0.3638
2026-09-17 10:17:55,829 - pyskl - INFO - Epoch [12][1600/6265]	lr: 5.043e-03, eta: 1 day, 6:56:48, time: 2.860, data_time: 0.000, memory: 5247, top1_acc: 0.9031, top5_acc: 0.9772, loss_cls: 0.3360, loss: 0.3360
2026-09-17 10:22:42,319 - pyskl - INFO - Epoch [12][1700/6265]	lr: 5.012e-03, eta: 1 day, 6:49:53, time: 2.865, data_time: 0.000, memory: 5247, top1_acc: 0.8944, top5_acc: 0.9719, loss_cls: 0.3524, loss: 0.3524
2026-09-17 10:28:59,205 - pyskl - INFO - Epoch [12][1800/6265]	lr: 4.981e-03, eta: 1 day, 6:43:39, time: 3.769, data_time: 0.000, memory: 5247, top1_acc: 0.8994, top5_acc: 0.9762, loss_cls: 0.3557, loss: 0.3557
2026-09-17 10:35:43,705 - pyskl - INFO - Epoch [12][1900/6265]	lr: 4.949e-03, eta: 1 day, 6:37:38, time: 4.045, data_time: 0.000, memory: 5247, top1_acc: 0.9053, top5_acc: 0.9762, loss_cls: 0.3391, loss: 0.3391
2026-09-17 10:42:24,972 - pyskl - INFO - Epoch [12][2000/6265]	lr: 4.918e-03, eta: 1 day, 6:31:36, time: 4.013, data_time: 0.000, memory: 5247, top1_acc: 0.9038, top5_acc: 0.9759, loss_cls: 0.3331, loss: 0.3331
2026-09-17 10:49:04,965 - pyskl - INFO - Epoch [12][2100/6265]	lr: 4.887e-03, eta: 1 day, 6:25:32, time: 4.000, data_time: 0.000, memory: 5247, top1_acc: 0.8962, top5_acc: 0.9738, loss_cls: 0.3629, loss: 0.3629
2026-09-17 10:55:43,839 - pyskl - INFO - Epoch [12][2200/6265]	lr: 4.856e-03, eta: 1 day, 6:19:28, time: 3.989, data_time: 0.000, memory: 5247, top1_acc: 0.8947, top5_acc: 0.9734, loss_cls: 0.3719, loss: 0.3719
2026-09-17 11:02:22,835 - pyskl - INFO - Epoch [12][2300/6265]	lr: 4.825e-03, eta: 1 day, 6:13:24, time: 3.990, data_time: 0.000, memory: 5247, top1_acc: 0.8966, top5_acc: 0.9738, loss_cls: 0.3568, loss: 0.3568
2026-09-17 11:09:02,653 - pyskl - INFO - Epoch [12][2400/6265]	lr: 4.794e-03, eta: 1 day, 6:07:20, time: 3.998, data_time: 0.000, memory: 5247, top1_acc: 0.8991, top5_acc: 0.9750, loss_cls: 0.3534, loss: 0.3534
2026-09-17 11:15:44,263 - pyskl - INFO - Epoch [12][2500/6265]	lr: 4.763e-03, eta: 1 day, 6:01:17, time: 4.016, data_time: 0.000, memory: 5247, top1_acc: 0.9081, top5_acc: 0.9734, loss_cls: 0.3374, loss: 0.3374
2026-09-17 11:22:23,621 - pyskl - INFO - Epoch [12][2600/6265]	lr: 4.733e-03, eta: 1 day, 5:55:13, time: 3.994, data_time: 0.000, memory: 5247, top1_acc: 0.9016, top5_acc: 0.9725, loss_cls: 0.3475, loss: 0.3475
2026-09-17 11:29:08,014 - pyskl - INFO - Epoch [12][2700/6265]	lr: 4.702e-03, eta: 1 day, 5:49:11, time: 4.044, data_time: 0.000, memory: 5247, top1_acc: 0.8956, top5_acc: 0.9747, loss_cls: 0.3519, loss: 0.3519
2026-09-17 11:35:53,171 - pyskl - INFO - Epoch [12][2800/6265]	lr: 4.672e-03, eta: 1 day, 5:43:09, time: 4.052, data_time: 0.000, memory: 5247, top1_acc: 0.9050, top5_acc: 0.9775, loss_cls: 0.3394, loss: 0.3394
2026-09-17 11:42:35,298 - pyskl - INFO - Epoch [12][2900/6265]	lr: 4.641e-03, eta: 1 day, 5:37:06, time: 4.021, data_time: 0.000, memory: 5247, top1_acc: 0.9044, top5_acc: 0.9772, loss_cls: 0.3443, loss: 0.3443
2026-09-17 11:49:19,028 - pyskl - INFO - Epoch [12][3000/6265]	lr: 4.611e-03, eta: 1 day, 5:31:03, time: 4.037, data_time: 0.000, memory: 5247, top1_acc: 0.9038, top5_acc: 0.9772, loss_cls: 0.3406, loss: 0.3406
2026-09-17 11:56:01,536 - pyskl - INFO - Epoch [12][3100/6265]	lr: 4.580e-03, eta: 1 day, 5:25:00, time: 4.025, data_time: 0.000, memory: 5247, top1_acc: 0.9066, top5_acc: 0.9762, loss_cls: 0.3309, loss: 0.3309
2026-09-17 12:02:42,789 - pyskl - INFO - Epoch [12][3200/6265]	lr: 4.550e-03, eta: 1 day, 5:18:56, time: 4.012, data_time: 0.000, memory: 5247, top1_acc: 0.8956, top5_acc: 0.9747, loss_cls: 0.3618, loss: 0.3618
2026-09-17 12:09:22,470 - pyskl - INFO - Epoch [12][3300/6265]	lr: 4.520e-03, eta: 1 day, 5:12:51, time: 3.997, data_time: 0.000, memory: 5247, top1_acc: 0.8981, top5_acc: 0.9762, loss_cls: 0.3385, loss: 0.3385
2026-09-17 12:16:05,857 - pyskl - INFO - Epoch [12][3400/6265]	lr: 4.490e-03, eta: 1 day, 5:06:47, time: 4.034, data_time: 0.000, memory: 5247, top1_acc: 0.9075, top5_acc: 0.9781, loss_cls: 0.3310, loss: 0.3310
2026-09-17 12:22:49,020 - pyskl - INFO - Epoch [12][3500/6265]	lr: 4.460e-03, eta: 1 day, 5:00:44, time: 4.032, data_time: 0.000, memory: 5247, top1_acc: 0.9003, top5_acc: 0.9756, loss_cls: 0.3402, loss: 0.3402
2026-09-17 12:29:32,152 - pyskl - INFO - Epoch [12][3600/6265]	lr: 4.430e-03, eta: 1 day, 4:54:40, time: 4.031, data_time: 0.000, memory: 5247, top1_acc: 0.9028, top5_acc: 0.9750, loss_cls: 0.3424, loss: 0.3424
2026-09-17 12:36:16,443 - pyskl - INFO - Epoch [12][3700/6265]	lr: 4.400e-03, eta: 1 day, 4:48:37, time: 4.043, data_time: 0.000, memory: 5247, top1_acc: 0.8997, top5_acc: 0.9697, loss_cls: 0.3537, loss: 0.3537
2026-09-17 12:42:58,267 - pyskl - INFO - Epoch [12][3800/6265]	lr: 4.370e-03, eta: 1 day, 4:42:32, time: 4.018, data_time: 0.000, memory: 5247, top1_acc: 0.9009, top5_acc: 0.9775, loss_cls: 0.3360, loss: 0.3360
2026-09-17 12:49:38,268 - pyskl - INFO - Epoch [12][3900/6265]	lr: 4.340e-03, eta: 1 day, 4:36:27, time: 4.000, data_time: 0.000, memory: 5247, top1_acc: 0.9113, top5_acc: 0.9784, loss_cls: 0.3074, loss: 0.3074
2026-09-17 12:56:19,066 - pyskl - INFO - Epoch [12][4000/6265]	lr: 4.311e-03, eta: 1 day, 4:30:22, time: 4.008, data_time: 0.000, memory: 5247, top1_acc: 0.8959, top5_acc: 0.9753, loss_cls: 0.3555, loss: 0.3555
2026-09-17 13:03:00,431 - pyskl - INFO - Epoch [12][4100/6265]	lr: 4.281e-03, eta: 1 day, 4:24:17, time: 4.013, data_time: 0.000, memory: 5247, top1_acc: 0.9028, top5_acc: 0.9778, loss_cls: 0.3338, loss: 0.3338
2026-09-17 13:09:39,095 - pyskl - INFO - Epoch [12][4200/6265]	lr: 4.252e-03, eta: 1 day, 4:18:10, time: 3.987, data_time: 0.000, memory: 5247, top1_acc: 0.8934, top5_acc: 0.9744, loss_cls: 0.3707, loss: 0.3707
2026-09-17 13:16:20,857 - pyskl - INFO - Epoch [12][4300/6265]	lr: 4.222e-03, eta: 1 day, 4:12:05, time: 4.018, data_time: 0.000, memory: 5247, top1_acc: 0.8953, top5_acc: 0.9747, loss_cls: 0.3477, loss: 0.3477
2026-09-17 13:23:04,693 - pyskl - INFO - Epoch [12][4400/6265]	lr: 4.193e-03, eta: 1 day, 4:06:01, time: 4.038, data_time: 0.000, memory: 5247, top1_acc: 0.8984, top5_acc: 0.9738, loss_cls: 0.3442, loss: 0.3442
2026-09-17 13:29:48,815 - pyskl - INFO - Epoch [12][4500/6265]	lr: 4.164e-03, eta: 1 day, 3:59:56, time: 4.041, data_time: 0.000, memory: 5247, top1_acc: 0.9050, top5_acc: 0.9781, loss_cls: 0.3252, loss: 0.3252
2026-09-17 13:36:33,406 - pyskl - INFO - Epoch [12][4600/6265]	lr: 4.135e-03, eta: 1 day, 3:53:52, time: 4.046, data_time: 0.000, memory: 5247, top1_acc: 0.8922, top5_acc: 0.9747, loss_cls: 0.3686, loss: 0.3686
2026-09-17 13:43:16,327 - pyskl - INFO - Epoch [12][4700/6265]	lr: 4.105e-03, eta: 1 day, 3:47:47, time: 4.029, data_time: 0.000, memory: 5247, top1_acc: 0.8988, top5_acc: 0.9734, loss_cls: 0.3508, loss: 0.3508
2026-09-17 13:50:00,838 - pyskl - INFO - Epoch [12][4800/6265]	lr: 4.076e-03, eta: 1 day, 3:41:43, time: 4.045, data_time: 0.000, memory: 5247, top1_acc: 0.9106, top5_acc: 0.9775, loss_cls: 0.3290, loss: 0.3290
2026-09-17 13:56:44,635 - pyskl - INFO - Epoch [12][4900/6265]	lr: 4.048e-03, eta: 1 day, 3:35:38, time: 4.038, data_time: 0.000, memory: 5247, top1_acc: 0.9106, top5_acc: 0.9738, loss_cls: 0.3191, loss: 0.3191
2026-09-17 14:03:27,129 - pyskl - INFO - Epoch [12][5000/6265]	lr: 4.019e-03, eta: 1 day, 3:29:32, time: 4.025, data_time: 0.000, memory: 5247, top1_acc: 0.9047, top5_acc: 0.9759, loss_cls: 0.3308, loss: 0.3308
2026-09-17 14:10:08,167 - pyskl - INFO - Epoch [12][5100/6265]	lr: 3.990e-03, eta: 1 day, 3:23:26, time: 4.010, data_time: 0.000, memory: 5247, top1_acc: 0.9066, top5_acc: 0.9778, loss_cls: 0.3274, loss: 0.3274
2026-09-17 14:16:49,773 - pyskl - INFO - Epoch [12][5200/6265]	lr: 3.961e-03, eta: 1 day, 3:17:20, time: 4.016, data_time: 0.000, memory: 5247, top1_acc: 0.9097, top5_acc: 0.9784, loss_cls: 0.3194, loss: 0.3194
2026-09-17 14:23:31,699 - pyskl - INFO - Epoch [12][5300/6265]	lr: 3.933e-03, eta: 1 day, 3:11:13, time: 4.019, data_time: 0.000, memory: 5247, top1_acc: 0.9006, top5_acc: 0.9772, loss_cls: 0.3460, loss: 0.3460
2026-09-17 14:30:13,801 - pyskl - INFO - Epoch [12][5400/6265]	lr: 3.904e-03, eta: 1 day, 3:05:07, time: 4.021, data_time: 0.000, memory: 5247, top1_acc: 0.9059, top5_acc: 0.9744, loss_cls: 0.3326, loss: 0.3326
2026-09-17 14:36:54,470 - pyskl - INFO - Epoch [12][5500/6265]	lr: 3.876e-03, eta: 1 day, 2:59:00, time: 4.007, data_time: 0.000, memory: 5247, top1_acc: 0.9028, top5_acc: 0.9722, loss_cls: 0.3269, loss: 0.3269
2026-09-17 14:43:34,312 - pyskl - INFO - Epoch [12][5600/6265]	lr: 3.848e-03, eta: 1 day, 2:52:53, time: 3.998, data_time: 0.000, memory: 5247, top1_acc: 0.9097, top5_acc: 0.9791, loss_cls: 0.3170, loss: 0.3170
2026-09-17 14:50:15,013 - pyskl - INFO - Epoch [12][5700/6265]	lr: 3.819e-03, eta: 1 day, 2:46:46, time: 4.007, data_time: 0.000, memory: 5247, top1_acc: 0.9034, top5_acc: 0.9772, loss_cls: 0.3225, loss: 0.3225
2026-09-17 14:56:58,238 - pyskl - INFO - Epoch [12][5800/6265]	lr: 3.791e-03, eta: 1 day, 2:40:40, time: 4.032, data_time: 0.000, memory: 5247, top1_acc: 0.9141, top5_acc: 0.9809, loss_cls: 0.3003, loss: 0.3003
2026-09-17 15:03:40,841 - pyskl - INFO - Epoch [12][5900/6265]	lr: 3.763e-03, eta: 1 day, 2:34:34, time: 4.026, data_time: 0.000, memory: 5247, top1_acc: 0.9200, top5_acc: 0.9819, loss_cls: 0.2886, loss: 0.2886
2026-09-17 15:10:48,669 - pyskl - INFO - Epoch [12][6000/6265]	lr: 3.735e-03, eta: 1 day, 2:28:36, time: 4.278, data_time: 0.000, memory: 5247, top1_acc: 0.9116, top5_acc: 0.9775, loss_cls: 0.3080, loss: 0.3080
2026-09-17 15:18:24,116 - pyskl - INFO - Epoch [12][6100/6265]	lr: 3.707e-03, eta: 1 day, 2:22:49, time: 4.554, data_time: 0.000, memory: 5247, top1_acc: 0.9103, top5_acc: 0.9819, loss_cls: 0.3069, loss: 0.3069
2026-09-17 15:25:48,436 - pyskl - INFO - Epoch [12][6200/6265]	lr: 3.679e-03, eta: 1 day, 2:16:57, time: 4.443, data_time: 0.000, memory: 5247, top1_acc: 0.9062, top5_acc: 0.9741, loss_cls: 0.3351, loss: 0.3351
2026-09-17 15:30:32,811 - pyskl - INFO - Saving checkpoint at 12 epochs
2026-09-17 16:04:51,368 - pyskl - INFO - Evaluating top_k_accuracy ...
2026-09-17 16:04:51,429 - pyskl - INFO - 
top1_acc	0.8746
top5_acc	0.9768
2026-09-17 16:04:51,431 - pyskl - INFO - The previous best checkpoint D:\YXJProject\pythonProject\pyskl\work_dirs\aug_baseline\b_aug\stgcnpp_j\seed2026\best_top1_acc_epoch_11.pth was removed
2026-09-17 16:04:51,602 - pyskl - INFO - Now best checkpoint is saved as best_top1_acc_epoch_12.pth.
2026-09-17 16:04:51,603 - pyskl - INFO - Best top1_acc is 0.8746 at 12 epoch.
2026-09-17 16:04:51,606 - pyskl - INFO - Epoch(val) [12][516]	top1_acc: 0.8746, top5_acc: 0.9768
2026-09-17 16:11:49,102 - pyskl - INFO - Epoch [13][100/6265]	lr: 3.634e-03, eta: 1 day, 2:05:22, time: 4.175, data_time: 0.135, memory: 5247, top1_acc: 0.9116, top5_acc: 0.9772, loss_cls: 0.3164, loss: 0.3164
2026-09-17 16:18:29,356 - pyskl - INFO - Epoch [13][200/6265]	lr: 3.606e-03, eta: 1 day, 1:59:14, time: 4.003, data_time: 0.000, memory: 5247, top1_acc: 0.9150, top5_acc: 0.9744, loss_cls: 0.3106, loss: 0.3106
2026-09-17 16:25:10,111 - pyskl - INFO - Epoch [13][300/6265]	lr: 3.579e-03, eta: 1 day, 1:53:07, time: 4.008, data_time: 0.000, memory: 5247, top1_acc: 0.9159, top5_acc: 0.9784, loss_cls: 0.2985, loss: 0.2985
2026-09-17 16:31:49,594 - pyskl - INFO - Epoch [13][400/6265]	lr: 3.551e-03, eta: 1 day, 1:46:59, time: 3.995, data_time: 0.000, memory: 5247, top1_acc: 0.9081, top5_acc: 0.9769, loss_cls: 0.3277, loss: 0.3277
2026-09-17 16:38:29,307 - pyskl - INFO - Epoch [13][500/6265]	lr: 3.524e-03, eta: 1 day, 1:40:51, time: 3.997, data_time: 0.000, memory: 5247, top1_acc: 0.9172, top5_acc: 0.9766, loss_cls: 0.3050, loss: 0.3050
2026-09-17 16:45:09,359 - pyskl - INFO - Epoch [13][600/6265]	lr: 3.497e-03, eta: 1 day, 1:34:42, time: 4.001, data_time: 0.000, memory: 5247, top1_acc: 0.9197, top5_acc: 0.9822, loss_cls: 0.2785, loss: 0.2785
2026-09-17 16:51:50,556 - pyskl - INFO - Epoch [13][700/6265]	lr: 3.470e-03, eta: 1 day, 1:28:35, time: 4.012, data_time: 0.000, memory: 5247, top1_acc: 0.9131, top5_acc: 0.9803, loss_cls: 0.3043, loss: 0.3043
2026-09-17 16:58:30,351 - pyskl - INFO - Epoch [13][800/6265]	lr: 3.443e-03, eta: 1 day, 1:22:26, time: 3.998, data_time: 0.000, memory: 5247, top1_acc: 0.9275, top5_acc: 0.9806, loss_cls: 0.2604, loss: 0.2604
2026-09-17 17:05:12,214 - pyskl - INFO - Epoch [13][900/6265]	lr: 3.416e-03, eta: 1 day, 1:16:18, time: 4.019, data_time: 0.000, memory: 5247, top1_acc: 0.9113, top5_acc: 0.9762, loss_cls: 0.3203, loss: 0.3203
2026-09-17 17:11:52,842 - pyskl - INFO - Epoch [13][1000/6265]	lr: 3.389e-03, eta: 1 day, 1:10:10, time: 4.006, data_time: 0.000, memory: 5247, top1_acc: 0.9141, top5_acc: 0.9766, loss_cls: 0.3141, loss: 0.3141
2026-09-17 17:18:32,644 - pyskl - INFO - Epoch [13][1100/6265]	lr: 3.362e-03, eta: 1 day, 1:04:02, time: 3.998, data_time: 0.000, memory: 5247, top1_acc: 0.9100, top5_acc: 0.9741, loss_cls: 0.3328, loss: 0.3328
2026-09-17 17:25:06,053 - pyskl - INFO - Epoch [13][1200/6265]	lr: 3.335e-03, eta: 1 day, 0:57:51, time: 3.934, data_time: 0.000, memory: 5247, top1_acc: 0.9194, top5_acc: 0.9844, loss_cls: 0.2719, loss: 0.2719
2026-09-17 17:31:52,647 - pyskl - INFO - Epoch [13][1300/6265]	lr: 3.309e-03, eta: 1 day, 0:51:44, time: 4.066, data_time: 0.000, memory: 5247, top1_acc: 0.9172, top5_acc: 0.9806, loss_cls: 0.2768, loss: 0.2768
2026-09-17 17:38:32,085 - pyskl - INFO - Epoch [13][1400/6265]	lr: 3.282e-03, eta: 1 day, 0:45:35, time: 3.994, data_time: 0.000, memory: 5247, top1_acc: 0.9103, top5_acc: 0.9769, loss_cls: 0.3080, loss: 0.3080
2026-09-17 17:45:10,408 - pyskl - INFO - Epoch [13][1500/6265]	lr: 3.256e-03, eta: 1 day, 0:39:26, time: 3.983, data_time: 0.000, memory: 5247, top1_acc: 0.9169, top5_acc: 0.9816, loss_cls: 0.2974, loss: 0.2974
2026-09-17 17:51:50,088 - pyskl - INFO - Epoch [13][1600/6265]	lr: 3.229e-03, eta: 1 day, 0:33:16, time: 3.997, data_time: 0.000, memory: 5247, top1_acc: 0.9153, top5_acc: 0.9797, loss_cls: 0.2989, loss: 0.2989
2026-09-17 17:58:28,727 - pyskl - INFO - Epoch [13][1700/6265]	lr: 3.203e-03, eta: 1 day, 0:27:07, time: 3.986, data_time: 0.000, memory: 5247, top1_acc: 0.9169, top5_acc: 0.9753, loss_cls: 0.2919, loss: 0.2919
2026-09-17 18:05:07,915 - pyskl - INFO - Epoch [13][1800/6265]	lr: 3.177e-03, eta: 1 day, 0:20:57, time: 3.992, data_time: 0.000, memory: 5247, top1_acc: 0.9131, top5_acc: 0.9719, loss_cls: 0.3028, loss: 0.3028
2026-09-17 18:11:45,410 - pyskl - INFO - Epoch [13][1900/6265]	lr: 3.151e-03, eta: 1 day, 0:14:47, time: 3.975, data_time: 0.000, memory: 5247, top1_acc: 0.9137, top5_acc: 0.9788, loss_cls: 0.2959, loss: 0.2959
2026-09-17 18:18:23,617 - pyskl - INFO - Epoch [13][2000/6265]	lr: 3.125e-03, eta: 1 day, 0:08:37, time: 3.982, data_time: 0.000, memory: 5247, top1_acc: 0.9200, top5_acc: 0.9797, loss_cls: 0.2833, loss: 0.2833
2026-09-17 18:25:02,184 - pyskl - INFO - Epoch [13][2100/6265]	lr: 3.099e-03, eta: 1 day, 0:02:27, time: 3.986, data_time: 0.000, memory: 5247, top1_acc: 0.9166, top5_acc: 0.9762, loss_cls: 0.2935, loss: 0.2935
2026-09-17 18:31:40,914 - pyskl - INFO - Epoch [13][2200/6265]	lr: 3.073e-03, eta: 23:56:17, time: 3.987, data_time: 0.000, memory: 5247, top1_acc: 0.9191, top5_acc: 0.9775, loss_cls: 0.2930, loss: 0.2930
2026-09-17 18:38:18,898 - pyskl - INFO - Epoch [13][2300/6265]	lr: 3.048e-03, eta: 23:50:07, time: 3.980, data_time: 0.000, memory: 5247, top1_acc: 0.9147, top5_acc: 0.9784, loss_cls: 0.3010, loss: 0.3010
2026-09-17 18:44:57,142 - pyskl - INFO - Epoch [13][2400/6265]	lr: 3.022e-03, eta: 23:43:57, time: 3.982, data_time: 0.000, memory: 5247, top1_acc: 0.9091, top5_acc: 0.9756, loss_cls: 0.3249, loss: 0.3249
2026-09-17 18:51:37,371 - pyskl - INFO - Epoch [13][2500/6265]	lr: 2.997e-03, eta: 23:37:47, time: 4.002, data_time: 0.000, memory: 5247, top1_acc: 0.9222, top5_acc: 0.9816, loss_cls: 0.2731, loss: 0.2731
2026-09-17 18:58:17,025 - pyskl - INFO - Epoch [13][2600/6265]	lr: 2.971e-03, eta: 23:31:37, time: 3.997, data_time: 0.000, memory: 5247, top1_acc: 0.9163, top5_acc: 0.9800, loss_cls: 0.2861, loss: 0.2861
2026-09-17 19:04:56,089 - pyskl - INFO - Epoch [13][2700/6265]	lr: 2.946e-03, eta: 23:25:27, time: 3.991, data_time: 0.000, memory: 5247, top1_acc: 0.9231, top5_acc: 0.9834, loss_cls: 0.2791, loss: 0.2791
2026-09-17 19:11:34,865 - pyskl - INFO - Epoch [13][2800/6265]	lr: 2.921e-03, eta: 23:19:16, time: 3.988, data_time: 0.000, memory: 5247, top1_acc: 0.9141, top5_acc: 0.9809, loss_cls: 0.2987, loss: 0.2987
2026-09-17 19:18:18,515 - pyskl - INFO - Epoch [13][2900/6265]	lr: 2.896e-03, eta: 23:13:07, time: 4.036, data_time: 0.000, memory: 5247, top1_acc: 0.9147, top5_acc: 0.9725, loss_cls: 0.3080, loss: 0.3080
2026-09-17 19:24:56,842 - pyskl - INFO - Epoch [13][3000/6265]	lr: 2.871e-03, eta: 23:06:57, time: 3.983, data_time: 0.000, memory: 5247, top1_acc: 0.9159, top5_acc: 0.9778, loss_cls: 0.2930, loss: 0.2930
2026-09-17 19:31:34,478 - pyskl - INFO - Epoch [13][3100/6265]	lr: 2.846e-03, eta: 23:00:46, time: 3.976, data_time: 0.000, memory: 5247, top1_acc: 0.9231, top5_acc: 0.9797, loss_cls: 0.2804, loss: 0.2804
2026-09-17 19:38:16,669 - pyskl - INFO - Epoch [13][3200/6265]	lr: 2.821e-03, eta: 22:54:36, time: 4.022, data_time: 0.000, memory: 5247, top1_acc: 0.9206, top5_acc: 0.9812, loss_cls: 0.2814, loss: 0.2814
2026-09-17 19:44:51,109 - pyskl - INFO - Epoch [13][3300/6265]	lr: 2.796e-03, eta: 22:48:24, time: 3.944, data_time: 0.000, memory: 5247, top1_acc: 0.9222, top5_acc: 0.9834, loss_cls: 0.2696, loss: 0.2696
2026-09-17 19:51:25,248 - pyskl - INFO - Epoch [13][3400/6265]	lr: 2.771e-03, eta: 22:42:12, time: 3.941, data_time: 0.000, memory: 5247, top1_acc: 0.9194, top5_acc: 0.9791, loss_cls: 0.2903, loss: 0.2903
2026-09-17 19:57:58,351 - pyskl - INFO - Epoch [13][3500/6265]	lr: 2.747e-03, eta: 22:35:59, time: 3.931, data_time: 0.000, memory: 5247, top1_acc: 0.9197, top5_acc: 0.9828, loss_cls: 0.2681, loss: 0.2681
2026-09-17 20:04:33,871 - pyskl - INFO - Epoch [13][3600/6265]	lr: 2.722e-03, eta: 22:29:47, time: 3.955, data_time: 0.000, memory: 5247, top1_acc: 0.9228, top5_acc: 0.9766, loss_cls: 0.2976, loss: 0.2976
2026-09-17 20:11:08,867 - pyskl - INFO - Epoch [13][3700/6265]	lr: 2.698e-03, eta: 22:23:35, time: 3.950, data_time: 0.000, memory: 5247, top1_acc: 0.9113, top5_acc: 0.9750, loss_cls: 0.3063, loss: 0.3063
2026-09-17 20:17:44,019 - pyskl - INFO - Epoch [13][3800/6265]	lr: 2.674e-03, eta: 22:17:23, time: 3.952, data_time: 0.000, memory: 5247, top1_acc: 0.9213, top5_acc: 0.9812, loss_cls: 0.2758, loss: 0.2758
2026-09-17 20:24:18,093 - pyskl - INFO - Epoch [13][3900/6265]	lr: 2.650e-03, eta: 22:11:10, time: 3.941, data_time: 0.000, memory: 5247, top1_acc: 0.9219, top5_acc: 0.9797, loss_cls: 0.2843, loss: 0.2843
2026-09-17 20:30:53,737 - pyskl - INFO - Epoch [13][4000/6265]	lr: 2.626e-03, eta: 22:04:58, time: 3.956, data_time: 0.000, memory: 5247, top1_acc: 0.9213, top5_acc: 0.9794, loss_cls: 0.2893, loss: 0.2893
2026-09-17 20:37:27,502 - pyskl - INFO - Epoch [13][4100/6265]	lr: 2.602e-03, eta: 21:58:45, time: 3.938, data_time: 0.000, memory: 5247, top1_acc: 0.9200, top5_acc: 0.9809, loss_cls: 0.2808, loss: 0.2808
2026-09-17 20:43:59,891 - pyskl - INFO - Epoch [13][4200/6265]	lr: 2.578e-03, eta: 21:52:32, time: 3.924, data_time: 0.000, memory: 5247, top1_acc: 0.9259, top5_acc: 0.9766, loss_cls: 0.2702, loss: 0.2702
2026-09-17 20:50:33,597 - pyskl - INFO - Epoch [13][4300/6265]	lr: 2.554e-03, eta: 21:46:19, time: 3.937, data_time: 0.000, memory: 5247, top1_acc: 0.9266, top5_acc: 0.9778, loss_cls: 0.2637, loss: 0.2637
2026-09-17 20:57:06,631 - pyskl - INFO - Epoch [13][4400/6265]	lr: 2.530e-03, eta: 21:40:06, time: 3.930, data_time: 0.000, memory: 5247, top1_acc: 0.9216, top5_acc: 0.9803, loss_cls: 0.2749, loss: 0.2749
2026-09-17 21:03:40,092 - pyskl - INFO - Epoch [13][4500/6265]	lr: 2.507e-03, eta: 21:33:52, time: 3.934, data_time: 0.000, memory: 5247, top1_acc: 0.9275, top5_acc: 0.9800, loss_cls: 0.2645, loss: 0.2645
2026-09-17 21:10:14,013 - pyskl - INFO - Epoch [13][4600/6265]	lr: 2.483e-03, eta: 21:27:39, time: 3.939, data_time: 0.000, memory: 5247, top1_acc: 0.9281, top5_acc: 0.9812, loss_cls: 0.2588, loss: 0.2588
2026-09-17 21:16:48,639 - pyskl - INFO - Epoch [13][4700/6265]	lr: 2.460e-03, eta: 21:21:26, time: 3.946, data_time: 0.000, memory: 5247, top1_acc: 0.9297, top5_acc: 0.9819, loss_cls: 0.2540, loss: 0.2540
2026-09-17 21:23:19,638 - pyskl - INFO - Epoch [13][4800/6265]	lr: 2.437e-03, eta: 21:15:13, time: 3.910, data_time: 0.000, memory: 5247, top1_acc: 0.9222, top5_acc: 0.9806, loss_cls: 0.2746, loss: 0.2746
2026-09-17 21:29:51,901 - pyskl - INFO - Epoch [13][4900/6265]	lr: 2.413e-03, eta: 21:08:59, time: 3.923, data_time: 0.000, memory: 5247, top1_acc: 0.9322, top5_acc: 0.9841, loss_cls: 0.2486, loss: 0.2486
2026-09-17 21:36:33,710 - pyskl - INFO - Epoch [13][5000/6265]	lr: 2.390e-03, eta: 21:02:48, time: 4.018, data_time: 0.000, memory: 5247, top1_acc: 0.9313, top5_acc: 0.9775, loss_cls: 0.2682, loss: 0.2682
2026-09-17 21:42:48,880 - pyskl - INFO - Epoch [13][5100/6265]	lr: 2.367e-03, eta: 20:56:29, time: 3.752, data_time: 0.000, memory: 5247, top1_acc: 0.9259, top5_acc: 0.9806, loss_cls: 0.2709, loss: 0.2709
2026-09-17 21:49:04,944 - pyskl - INFO - Epoch [13][5200/6265]	lr: 2.344e-03, eta: 20:50:11, time: 3.761, data_time: 0.000, memory: 5247, top1_acc: 0.9266, top5_acc: 0.9825, loss_cls: 0.2565, loss: 0.2565
2026-09-17 21:55:20,848 - pyskl - INFO - Epoch [13][5300/6265]	lr: 2.322e-03, eta: 20:43:53, time: 3.759, data_time: 0.000, memory: 5247, top1_acc: 0.9241, top5_acc: 0.9781, loss_cls: 0.2726, loss: 0.2726
2026-09-17 22:01:36,494 - pyskl - INFO - Epoch [13][5400/6265]	lr: 2.299e-03, eta: 20:37:35, time: 3.756, data_time: 0.000, memory: 5247, top1_acc: 0.9159, top5_acc: 0.9762, loss_cls: 0.2853, loss: 0.2853
2026-09-17 22:07:53,182 - pyskl - INFO - Epoch [13][5500/6265]	lr: 2.276e-03, eta: 20:31:17, time: 3.767, data_time: 0.000, memory: 5247, top1_acc: 0.9256, top5_acc: 0.9788, loss_cls: 0.2746, loss: 0.2746
2026-09-17 22:14:11,886 - pyskl - INFO - Epoch [13][5600/6265]	lr: 2.254e-03, eta: 20:24:59, time: 3.787, data_time: 0.000, memory: 5247, top1_acc: 0.9272, top5_acc: 0.9831, loss_cls: 0.2548, loss: 0.2548
2026-09-17 22:20:27,710 - pyskl - INFO - Epoch [13][5700/6265]	lr: 2.231e-03, eta: 20:18:41, time: 3.758, data_time: 0.000, memory: 5247, top1_acc: 0.9353, top5_acc: 0.9850, loss_cls: 0.2405, loss: 0.2405
2026-09-17 22:26:41,984 - pyskl - INFO - Epoch [13][5800/6265]	lr: 2.209e-03, eta: 20:12:23, time: 3.743, data_time: 0.000, memory: 5247, top1_acc: 0.9366, top5_acc: 0.9859, loss_cls: 0.2386, loss: 0.2386
2026-09-17 22:32:59,184 - pyskl - INFO - Epoch [13][5900/6265]	lr: 2.187e-03, eta: 20:06:05, time: 3.772, data_time: 0.000, memory: 5247, top1_acc: 0.9366, top5_acc: 0.9828, loss_cls: 0.2371, loss: 0.2371
2026-09-17 22:39:18,257 - pyskl - INFO - Epoch [13][6000/6265]	lr: 2.165e-03, eta: 19:59:47, time: 3.791, data_time: 0.000, memory: 5247, top1_acc: 0.9309, top5_acc: 0.9822, loss_cls: 0.2504, loss: 0.2504
2026-09-17 22:45:36,967 - pyskl - INFO - Epoch [13][6100/6265]	lr: 2.143e-03, eta: 19:53:30, time: 3.787, data_time: 0.000, memory: 5247, top1_acc: 0.9253, top5_acc: 0.9800, loss_cls: 0.2646, loss: 0.2646
2026-09-17 22:51:52,804 - pyskl - INFO - Epoch [13][6200/6265]	lr: 2.121e-03, eta: 19:47:12, time: 3.758, data_time: 0.000, memory: 5247, top1_acc: 0.9263, top5_acc: 0.9772, loss_cls: 0.2700, loss: 0.2700
2026-09-17 22:55:55,575 - pyskl - INFO - Saving checkpoint at 13 epochs
2026-09-17 23:29:13,178 - pyskl - INFO - Evaluating top_k_accuracy ...
2026-09-17 23:29:13,241 - pyskl - INFO - 
top1_acc	0.8775
top5_acc	0.9781
2026-09-17 23:29:13,244 - pyskl - INFO - The previous best checkpoint D:\YXJProject\pythonProject\pyskl\work_dirs\aug_baseline\b_aug\stgcnpp_j\seed2026\best_top1_acc_epoch_12.pth was removed
2026-09-17 23:29:13,417 - pyskl - INFO - Now best checkpoint is saved as best_top1_acc_epoch_13.pth.
2026-09-17 23:29:13,417 - pyskl - INFO - Best top1_acc is 0.8775 at 13 epoch.
2026-09-17 23:29:13,419 - pyskl - INFO - Epoch(val) [13][516]	top1_acc: 0.8775, top5_acc: 0.9781
2026-09-17 23:35:46,417 - pyskl - INFO - Epoch [14][100/6265]	lr: 2.085e-03, eta: 19:35:52, time: 3.930, data_time: 0.124, memory: 5247, top1_acc: 0.9372, top5_acc: 0.9859, loss_cls: 0.2362, loss: 0.2362
2026-09-17 23:42:05,608 - pyskl - INFO - Epoch [14][200/6265]	lr: 2.064e-03, eta: 19:29:35, time: 3.792, data_time: 0.000, memory: 5247, top1_acc: 0.9356, top5_acc: 0.9831, loss_cls: 0.2343, loss: 0.2343
2026-09-17 23:48:23,284 - pyskl - INFO - Epoch [14][300/6265]	lr: 2.042e-03, eta: 19:23:17, time: 3.777, data_time: 0.000, memory: 5247, top1_acc: 0.9322, top5_acc: 0.9800, loss_cls: 0.2424, loss: 0.2424
2026-09-17 23:54:41,902 - pyskl - INFO - Epoch [14][400/6265]	lr: 2.021e-03, eta: 19:17:00, time: 3.786, data_time: 0.000, memory: 5247, top1_acc: 0.9241, top5_acc: 0.9812, loss_cls: 0.2750, loss: 0.2750
2026-09-18 00:01:00,135 - pyskl - INFO - Epoch [14][500/6265]	lr: 1.999e-03, eta: 19:10:43, time: 3.782, data_time: 0.000, memory: 5247, top1_acc: 0.9300, top5_acc: 0.9803, loss_cls: 0.2568, loss: 0.2568
2026-09-18 00:07:21,334 - pyskl - INFO - Epoch [14][600/6265]	lr: 1.978e-03, eta: 19:04:26, time: 3.812, data_time: 0.000, memory: 5247, top1_acc: 0.9372, top5_acc: 0.9853, loss_cls: 0.2193, loss: 0.2193
2026-09-18 00:13:43,327 - pyskl - INFO - Epoch [14][700/6265]	lr: 1.957e-03, eta: 18:58:10, time: 3.820, data_time: 0.000, memory: 5247, top1_acc: 0.9322, top5_acc: 0.9816, loss_cls: 0.2458, loss: 0.2458
2026-09-18 00:20:03,359 - pyskl - INFO - Epoch [14][800/6265]	lr: 1.936e-03, eta: 18:51:53, time: 3.800, data_time: 0.000, memory: 5247, top1_acc: 0.9350, top5_acc: 0.9819, loss_cls: 0.2428, loss: 0.2428
2026-09-18 00:26:21,896 - pyskl - INFO - Epoch [14][900/6265]	lr: 1.915e-03, eta: 18:45:36, time: 3.785, data_time: 0.000, memory: 5247, top1_acc: 0.9366, top5_acc: 0.9831, loss_cls: 0.2377, loss: 0.2377
2026-09-18 00:32:42,542 - pyskl - INFO - Epoch [14][1000/6265]	lr: 1.894e-03, eta: 18:39:20, time: 3.806, data_time: 0.000, memory: 5247, top1_acc: 0.9275, top5_acc: 0.9828, loss_cls: 0.2520, loss: 0.2520
2026-09-18 00:39:02,190 - pyskl - INFO - Epoch [14][1100/6265]	lr: 1.874e-03, eta: 18:33:03, time: 3.797, data_time: 0.000, memory: 5247, top1_acc: 0.9256, top5_acc: 0.9822, loss_cls: 0.2584, loss: 0.2584
2026-09-18 00:45:22,291 - pyskl - INFO - Epoch [14][1200/6265]	lr: 1.853e-03, eta: 18:26:46, time: 3.801, data_time: 0.000, memory: 5247, top1_acc: 0.9341, top5_acc: 0.9834, loss_cls: 0.2496, loss: 0.2496
2026-09-18 00:51:42,194 - pyskl - INFO - Epoch [14][1300/6265]	lr: 1.833e-03, eta: 18:20:29, time: 3.799, data_time: 0.000, memory: 5247, top1_acc: 0.9175, top5_acc: 0.9775, loss_cls: 0.2788, loss: 0.2788
2026-09-18 00:58:03,844 - pyskl - INFO - Epoch [14][1400/6265]	lr: 1.812e-03, eta: 18:14:13, time: 3.817, data_time: 0.000, memory: 5247, top1_acc: 0.9287, top5_acc: 0.9806, loss_cls: 0.2567, loss: 0.2567
2026-09-18 01:04:19,196 - pyskl - INFO - Epoch [14][1500/6265]	lr: 1.792e-03, eta: 18:07:55, time: 3.754, data_time: 0.000, memory: 5247, top1_acc: 0.9337, top5_acc: 0.9788, loss_cls: 0.2556, loss: 0.2556
2026-09-18 01:10:37,674 - pyskl - INFO - Epoch [14][1600/6265]	lr: 1.772e-03, eta: 18:01:38, time: 3.785, data_time: 0.000, memory: 5247, top1_acc: 0.9375, top5_acc: 0.9869, loss_cls: 0.2231, loss: 0.2231
2026-09-18 01:17:00,035 - pyskl - INFO - Epoch [14][1700/6265]	lr: 1.752e-03, eta: 17:55:21, time: 3.824, data_time: 0.000, memory: 5247, top1_acc: 0.9259, top5_acc: 0.9794, loss_cls: 0.2596, loss: 0.2596
2026-09-18 01:23:18,998 - pyskl - INFO - Epoch [14][1800/6265]	lr: 1.732e-03, eta: 17:49:04, time: 3.790, data_time: 0.000, memory: 5247, top1_acc: 0.9416, top5_acc: 0.9859, loss_cls: 0.2175, loss: 0.2175
2026-09-18 01:29:38,776 - pyskl - INFO - Epoch [14][1900/6265]	lr: 1.712e-03, eta: 17:42:47, time: 3.798, data_time: 0.000, memory: 5247, top1_acc: 0.9337, top5_acc: 0.9794, loss_cls: 0.2421, loss: 0.2421
2026-09-18 01:35:57,067 - pyskl - INFO - Epoch [14][2000/6265]	lr: 1.692e-03, eta: 17:36:30, time: 3.783, data_time: 0.000, memory: 5247, top1_acc: 0.9347, top5_acc: 0.9809, loss_cls: 0.2440, loss: 0.2440
2026-09-18 01:42:15,542 - pyskl - INFO - Epoch [14][2100/6265]	lr: 1.673e-03, eta: 17:30:13, time: 3.785, data_time: 0.000, memory: 5247, top1_acc: 0.9341, top5_acc: 0.9803, loss_cls: 0.2349, loss: 0.2349
2026-09-18 01:48:33,439 - pyskl - INFO - Epoch [14][2200/6265]	lr: 1.653e-03, eta: 17:23:55, time: 3.779, data_time: 0.000, memory: 5247, top1_acc: 0.9322, top5_acc: 0.9831, loss_cls: 0.2417, loss: 0.2417
2026-09-18 01:54:52,948 - pyskl - INFO - Epoch [14][2300/6265]	lr: 1.634e-03, eta: 17:17:38, time: 3.795, data_time: 0.000, memory: 5247, top1_acc: 0.9272, top5_acc: 0.9784, loss_cls: 0.2651, loss: 0.2651
2026-09-18 02:01:14,446 - pyskl - INFO - Epoch [14][2400/6265]	lr: 1.614e-03, eta: 17:11:22, time: 3.815, data_time: 0.000, memory: 5247, top1_acc: 0.9384, top5_acc: 0.9834, loss_cls: 0.2321, loss: 0.2321
2026-09-18 02:07:33,065 - pyskl - INFO - Epoch [14][2500/6265]	lr: 1.595e-03, eta: 17:05:05, time: 3.786, data_time: 0.000, memory: 5247, top1_acc: 0.9397, top5_acc: 0.9819, loss_cls: 0.2344, loss: 0.2344
2026-09-18 02:13:55,202 - pyskl - INFO - Epoch [14][2600/6265]	lr: 1.576e-03, eta: 16:58:48, time: 3.821, data_time: 0.000, memory: 5247, top1_acc: 0.9356, top5_acc: 0.9819, loss_cls: 0.2371, loss: 0.2371
2026-09-18 02:20:13,772 - pyskl - INFO - Epoch [14][2700/6265]	lr: 1.557e-03, eta: 16:52:31, time: 3.786, data_time: 0.000, memory: 5247, top1_acc: 0.9381, top5_acc: 0.9825, loss_cls: 0.2221, loss: 0.2221
2026-09-18 02:26:31,154 - pyskl - INFO - Epoch [14][2800/6265]	lr: 1.538e-03, eta: 16:46:13, time: 3.774, data_time: 0.000, memory: 5247, top1_acc: 0.9456, top5_acc: 0.9878, loss_cls: 0.2027, loss: 0.2027
2026-09-18 02:32:49,192 - pyskl - INFO - Epoch [14][2900/6265]	lr: 1.519e-03, eta: 16:39:56, time: 3.780, data_time: 0.000, memory: 5247, top1_acc: 0.9387, top5_acc: 0.9838, loss_cls: 0.2271, loss: 0.2271
2026-09-18 02:39:06,446 - pyskl - INFO - Epoch [14][3000/6265]	lr: 1.501e-03, eta: 16:33:39, time: 3.773, data_time: 0.000, memory: 5247, top1_acc: 0.9409, top5_acc: 0.9828, loss_cls: 0.2237, loss: 0.2237
2026-09-18 02:45:25,992 - pyskl - INFO - Epoch [14][3100/6265]	lr: 1.482e-03, eta: 16:27:22, time: 3.795, data_time: 0.000, memory: 5247, top1_acc: 0.9344, top5_acc: 0.9781, loss_cls: 0.2487, loss: 0.2487
2026-09-18 02:51:46,388 - pyskl - INFO - Epoch [14][3200/6265]	lr: 1.464e-03, eta: 16:21:05, time: 3.804, data_time: 0.000, memory: 5247, top1_acc: 0.9353, top5_acc: 0.9841, loss_cls: 0.2251, loss: 0.2251
2026-09-18 02:58:07,067 - pyskl - INFO - Epoch [14][3300/6265]	lr: 1.445e-03, eta: 16:14:48, time: 3.807, data_time: 0.000, memory: 5247, top1_acc: 0.9359, top5_acc: 0.9788, loss_cls: 0.2376, loss: 0.2376
2026-09-18 03:04:26,577 - pyskl - INFO - Epoch [14][3400/6265]	lr: 1.427e-03, eta: 16:08:31, time: 3.795, data_time: 0.000, memory: 5247, top1_acc: 0.9378, top5_acc: 0.9812, loss_cls: 0.2337, loss: 0.2337
2026-09-18 03:10:45,886 - pyskl - INFO - Epoch [14][3500/6265]	lr: 1.409e-03, eta: 16:02:14, time: 3.793, data_time: 0.000, memory: 5247, top1_acc: 0.9306, top5_acc: 0.9809, loss_cls: 0.2466, loss: 0.2466
2026-09-18 03:17:09,363 - pyskl - INFO - Epoch [14][3600/6265]	lr: 1.391e-03, eta: 15:55:57, time: 3.835, data_time: 0.000, memory: 5247, top1_acc: 0.9459, top5_acc: 0.9831, loss_cls: 0.2052, loss: 0.2052
2026-09-18 03:23:29,217 - pyskl - INFO - Epoch [14][3700/6265]	lr: 1.373e-03, eta: 15:49:40, time: 3.799, data_time: 0.000, memory: 5247, top1_acc: 0.9387, top5_acc: 0.9800, loss_cls: 0.2268, loss: 0.2268
2026-09-18 03:29:48,199 - pyskl - INFO - Epoch [14][3800/6265]	lr: 1.355e-03, eta: 15:43:23, time: 3.790, data_time: 0.000, memory: 5247, top1_acc: 0.9416, top5_acc: 0.9834, loss_cls: 0.2208, loss: 0.2208
2026-09-18 03:36:11,472 - pyskl - INFO - Epoch [14][3900/6265]	lr: 1.338e-03, eta: 15:37:07, time: 3.833, data_time: 0.000, memory: 5247, top1_acc: 0.9387, top5_acc: 0.9800, loss_cls: 0.2374, loss: 0.2374
2026-09-18 03:42:31,553 - pyskl - INFO - Epoch [14][4000/6265]	lr: 1.320e-03, eta: 15:30:50, time: 3.801, data_time: 0.000, memory: 5247, top1_acc: 0.9428, top5_acc: 0.9834, loss_cls: 0.2162, loss: 0.2162
2026-09-18 03:48:51,702 - pyskl - INFO - Epoch [14][4100/6265]	lr: 1.303e-03, eta: 15:24:33, time: 3.801, data_time: 0.000, memory: 5247, top1_acc: 0.9359, top5_acc: 0.9791, loss_cls: 0.2422, loss: 0.2422
2026-09-18 03:55:13,730 - pyskl - INFO - Epoch [14][4200/6265]	lr: 1.285e-03, eta: 15:18:16, time: 3.820, data_time: 0.000, memory: 5247, top1_acc: 0.9356, top5_acc: 0.9819, loss_cls: 0.2350, loss: 0.2350
2026-09-18 04:01:31,224 - pyskl - INFO - Epoch [14][4300/6265]	lr: 1.268e-03, eta: 15:11:59, time: 3.775, data_time: 0.000, memory: 5247, top1_acc: 0.9344, top5_acc: 0.9778, loss_cls: 0.2508, loss: 0.2508
2026-09-18 04:07:51,037 - pyskl - INFO - Epoch [14][4400/6265]	lr: 1.251e-03, eta: 15:05:42, time: 3.798, data_time: 0.000, memory: 5247, top1_acc: 0.9387, top5_acc: 0.9825, loss_cls: 0.2434, loss: 0.2434
2026-09-18 04:14:13,394 - pyskl - INFO - Epoch [14][4500/6265]	lr: 1.234e-03, eta: 14:59:25, time: 3.824, data_time: 0.000, memory: 5247, top1_acc: 0.9387, top5_acc: 0.9844, loss_cls: 0.2234, loss: 0.2234
2026-09-18 04:20:32,941 - pyskl - INFO - Epoch [14][4600/6265]	lr: 1.217e-03, eta: 14:53:08, time: 3.795, data_time: 0.000, memory: 5247, top1_acc: 0.9453, top5_acc: 0.9800, loss_cls: 0.2177, loss: 0.2177
2026-09-18 04:26:52,437 - pyskl - INFO - Epoch [14][4700/6265]	lr: 1.200e-03, eta: 14:46:51, time: 3.795, data_time: 0.000, memory: 5247, top1_acc: 0.9303, top5_acc: 0.9806, loss_cls: 0.2452, loss: 0.2452
2026-09-18 04:33:14,592 - pyskl - INFO - Epoch [14][4800/6265]	lr: 1.183e-03, eta: 14:40:34, time: 3.822, data_time: 0.000, memory: 5247, top1_acc: 0.9413, top5_acc: 0.9856, loss_cls: 0.2095, loss: 0.2095
2026-09-18 04:39:36,583 - pyskl - INFO - Epoch [14][4900/6265]	lr: 1.167e-03, eta: 14:34:17, time: 3.820, data_time: 0.000, memory: 5247, top1_acc: 0.9378, top5_acc: 0.9819, loss_cls: 0.2246, loss: 0.2246
2026-09-18 04:45:57,332 - pyskl - INFO - Epoch [14][5000/6265]	lr: 1.150e-03, eta: 14:28:00, time: 3.807, data_time: 0.000, memory: 5247, top1_acc: 0.9413, top5_acc: 0.9853, loss_cls: 0.2133, loss: 0.2133
2026-09-18 04:52:16,376 - pyskl - INFO - Epoch [14][5100/6265]	lr: 1.134e-03, eta: 14:21:43, time: 3.790, data_time: 0.000, memory: 5247, top1_acc: 0.9363, top5_acc: 0.9822, loss_cls: 0.2240, loss: 0.2240
2026-09-18 04:58:37,355 - pyskl - INFO - Epoch [14][5200/6265]	lr: 1.118e-03, eta: 14:15:26, time: 3.810, data_time: 0.000, memory: 5247, top1_acc: 0.9428, top5_acc: 0.9822, loss_cls: 0.2255, loss: 0.2255
2026-09-18 05:04:59,116 - pyskl - INFO - Epoch [14][5300/6265]	lr: 1.102e-03, eta: 14:09:09, time: 3.818, data_time: 0.000, memory: 5247, top1_acc: 0.9459, top5_acc: 0.9838, loss_cls: 0.2049, loss: 0.2049
2026-09-18 05:11:18,020 - pyskl - INFO - Epoch [14][5400/6265]	lr: 1.086e-03, eta: 14:02:52, time: 3.789, data_time: 0.000, memory: 5247, top1_acc: 0.9500, top5_acc: 0.9859, loss_cls: 0.1919, loss: 0.1919
2026-09-18 05:17:40,390 - pyskl - INFO - Epoch [14][5500/6265]	lr: 1.070e-03, eta: 13:56:35, time: 3.824, data_time: 0.000, memory: 5247, top1_acc: 0.9422, top5_acc: 0.9834, loss_cls: 0.2150, loss: 0.2150
2026-09-18 05:23:55,847 - pyskl - INFO - Epoch [14][5600/6265]	lr: 1.054e-03, eta: 13:50:17, time: 3.755, data_time: 0.000, memory: 5247, top1_acc: 0.9419, top5_acc: 0.9856, loss_cls: 0.2074, loss: 0.2074
2026-09-18 05:30:12,440 - pyskl - INFO - Epoch [14][5700/6265]	lr: 1.038e-03, eta: 13:43:59, time: 3.766, data_time: 0.000, memory: 5247, top1_acc: 0.9359, top5_acc: 0.9806, loss_cls: 0.2277, loss: 0.2277
2026-09-18 05:36:32,117 - pyskl - INFO - Epoch [14][5800/6265]	lr: 1.023e-03, eta: 13:37:42, time: 3.797, data_time: 0.000, memory: 5247, top1_acc: 0.9394, top5_acc: 0.9797, loss_cls: 0.2273, loss: 0.2273
2026-09-18 05:42:49,779 - pyskl - INFO - Epoch [14][5900/6265]	lr: 1.007e-03, eta: 13:31:25, time: 3.777, data_time: 0.000, memory: 5247, top1_acc: 0.9453, top5_acc: 0.9819, loss_cls: 0.2085, loss: 0.2085
2026-09-18 05:49:07,367 - pyskl - INFO - Epoch [14][6000/6265]	lr: 9.918e-04, eta: 13:25:07, time: 3.776, data_time: 0.000, memory: 5247, top1_acc: 0.9403, top5_acc: 0.9834, loss_cls: 0.2148, loss: 0.2148
2026-09-18 05:55:28,785 - pyskl - INFO - Epoch [14][6100/6265]	lr: 9.765e-04, eta: 13:18:50, time: 3.814, data_time: 0.000, memory: 5247, top1_acc: 0.9397, top5_acc: 0.9806, loss_cls: 0.2212, loss: 0.2212
2026-09-18 06:01:46,806 - pyskl - INFO - Epoch [14][6200/6265]	lr: 9.614e-04, eta: 13:12:33, time: 3.780, data_time: 0.000, memory: 5247, top1_acc: 0.9400, top5_acc: 0.9800, loss_cls: 0.2213, loss: 0.2213
2026-09-18 06:05:51,106 - pyskl - INFO - Saving checkpoint at 14 epochs
2026-09-18 06:39:12,817 - pyskl - INFO - Evaluating top_k_accuracy ...
2026-09-18 06:39:12,881 - pyskl - INFO - 
top1_acc	0.8839
top5_acc	0.9785
2026-09-18 06:39:12,884 - pyskl - INFO - The previous best checkpoint D:\YXJProject\pythonProject\pyskl\work_dirs\aug_baseline\b_aug\stgcnpp_j\seed2026\best_top1_acc_epoch_13.pth was removed
2026-09-18 06:39:13,060 - pyskl - INFO - Now best checkpoint is saved as best_top1_acc_epoch_14.pth.
2026-09-18 06:39:13,060 - pyskl - INFO - Best top1_acc is 0.8839 at 14 epoch.
2026-09-18 06:39:13,065 - pyskl - INFO - Epoch(val) [14][516]	top1_acc: 0.8839, top5_acc: 0.9785
2026-09-18 06:45:46,832 - pyskl - INFO - Epoch [15][100/6265]	lr: 9.367e-04, eta: 13:01:35, time: 3.938, data_time: 0.124, memory: 5247, top1_acc: 0.9391, top5_acc: 0.9816, loss_cls: 0.2165, loss: 0.2165
2026-09-18 06:52:09,406 - pyskl - INFO - Epoch [15][200/6265]	lr: 9.219e-04, eta: 12:55:18, time: 3.826, data_time: 0.000, memory: 5247, top1_acc: 0.9484, top5_acc: 0.9856, loss_cls: 0.1983, loss: 0.1983
2026-09-18 06:58:27,237 - pyskl - INFO - Epoch [15][300/6265]	lr: 9.072e-04, eta: 12:49:01, time: 3.778, data_time: 0.000, memory: 5247, top1_acc: 0.9375, top5_acc: 0.9847, loss_cls: 0.2157, loss: 0.2157
2026-09-18 07:04:45,007 - pyskl - INFO - Epoch [15][400/6265]	lr: 8.926e-04, eta: 12:42:44, time: 3.778, data_time: 0.000, memory: 5247, top1_acc: 0.9500, top5_acc: 0.9838, loss_cls: 0.1893, loss: 0.1893
2026-09-18 07:11:01,217 - pyskl - INFO - Epoch [15][500/6265]	lr: 8.781e-04, eta: 12:36:26, time: 3.762, data_time: 0.000, memory: 5247, top1_acc: 0.9491, top5_acc: 0.9847, loss_cls: 0.1911, loss: 0.1911
2026-09-18 07:17:21,464 - pyskl - INFO - Epoch [15][600/6265]	lr: 8.637e-04, eta: 12:30:10, time: 3.802, data_time: 0.000, memory: 5247, top1_acc: 0.9413, top5_acc: 0.9831, loss_cls: 0.2156, loss: 0.2156
2026-09-18 07:23:37,921 - pyskl - INFO - Epoch [15][700/6265]	lr: 8.495e-04, eta: 12:23:52, time: 3.764, data_time: 0.000, memory: 5247, top1_acc: 0.9422, top5_acc: 0.9828, loss_cls: 0.2094, loss: 0.2094
2026-09-18 07:29:53,586 - pyskl - INFO - Epoch [15][800/6265]	lr: 8.354e-04, eta: 12:17:35, time: 3.757, data_time: 0.000, memory: 5247, top1_acc: 0.9441, top5_acc: 0.9838, loss_cls: 0.2026, loss: 0.2026
2026-09-18 07:36:15,286 - pyskl - INFO - Epoch [15][900/6265]	lr: 8.213e-04, eta: 12:11:18, time: 3.817, data_time: 0.000, memory: 5247, top1_acc: 0.9416, top5_acc: 0.9838, loss_cls: 0.2063, loss: 0.2063
2026-09-18 07:42:34,463 - pyskl - INFO - Epoch [15][1000/6265]	lr: 8.074e-04, eta: 12:05:01, time: 3.792, data_time: 0.000, memory: 5247, top1_acc: 0.9391, top5_acc: 0.9809, loss_cls: 0.2155, loss: 0.2155
2026-09-18 07:48:53,072 - pyskl - INFO - Epoch [15][1100/6265]	lr: 7.936e-04, eta: 11:58:44, time: 3.786, data_time: 0.000, memory: 5247, top1_acc: 0.9466, top5_acc: 0.9847, loss_cls: 0.2053, loss: 0.2053
2026-09-18 07:55:16,637 - pyskl - INFO - Epoch [15][1200/6265]	lr: 7.799e-04, eta: 11:52:27, time: 3.836, data_time: 0.000, memory: 5247, top1_acc: 0.9366, top5_acc: 0.9822, loss_cls: 0.2298, loss: 0.2298
2026-09-18 08:01:38,823 - pyskl - INFO - Epoch [15][1300/6265]	lr: 7.664e-04, eta: 11:46:11, time: 3.822, data_time: 0.000, memory: 5247, top1_acc: 0.9466, top5_acc: 0.9862, loss_cls: 0.1977, loss: 0.1977
2026-09-18 08:08:02,251 - pyskl - INFO - Epoch [15][1400/6265]	lr: 7.529e-04, eta: 11:39:54, time: 3.834, data_time: 0.000, memory: 5247, top1_acc: 0.9409, top5_acc: 0.9856, loss_cls: 0.2107, loss: 0.2107
2026-09-18 08:14:26,875 - pyskl - INFO - Epoch [15][1500/6265]	lr: 7.396e-04, eta: 11:33:38, time: 3.846, data_time: 0.000, memory: 5247, top1_acc: 0.9400, top5_acc: 0.9812, loss_cls: 0.2136, loss: 0.2136
2026-09-18 08:20:17,720 - pyskl - INFO - Epoch [15][1600/6265]	lr: 7.264e-04, eta: 11:27:17, time: 3.508, data_time: 0.000, memory: 5247, top1_acc: 0.9441, top5_acc: 0.9841, loss_cls: 0.2005, loss: 0.2005
2026-09-18 08:24:55,275 - pyskl - INFO - Epoch [15][1700/6265]	lr: 7.133e-04, eta: 11:20:47, time: 2.776, data_time: 0.000, memory: 5247, top1_acc: 0.9416, top5_acc: 0.9828, loss_cls: 0.2149, loss: 0.2149
2026-09-18 08:29:31,286 - pyskl - INFO - Epoch [15][1800/6265]	lr: 7.003e-04, eta: 11:14:17, time: 2.760, data_time: 0.000, memory: 5247, top1_acc: 0.9459, top5_acc: 0.9803, loss_cls: 0.2111, loss: 0.2111
2026-09-18 08:34:11,678 - pyskl - INFO - Epoch [15][1900/6265]	lr: 6.874e-04, eta: 11:07:47, time: 2.804, data_time: 0.000, memory: 5247, top1_acc: 0.9528, top5_acc: 0.9844, loss_cls: 0.1828, loss: 0.1828
2026-09-18 08:38:52,933 - pyskl - INFO - Epoch [15][2000/6265]	lr: 6.747e-04, eta: 11:01:18, time: 2.813, data_time: 0.000, memory: 5247, top1_acc: 0.9434, top5_acc: 0.9822, loss_cls: 0.2128, loss: 0.2128
2026-09-18 08:43:30,262 - pyskl - INFO - Epoch [15][2100/6265]	lr: 6.620e-04, eta: 10:54:49, time: 2.773, data_time: 0.000, memory: 5247, top1_acc: 0.9466, top5_acc: 0.9812, loss_cls: 0.2111, loss: 0.2111
2026-09-18 08:48:07,404 - pyskl - INFO - Epoch [15][2200/6265]	lr: 6.495e-04, eta: 10:48:20, time: 2.771, data_time: 0.000, memory: 5247, top1_acc: 0.9359, top5_acc: 0.9766, loss_cls: 0.2245, loss: 0.2245
2026-09-18 08:52:44,454 - pyskl - INFO - Epoch [15][2300/6265]	lr: 6.371e-04, eta: 10:41:51, time: 2.771, data_time: 0.000, memory: 5247, top1_acc: 0.9434, top5_acc: 0.9788, loss_cls: 0.2128, loss: 0.2128
2026-09-18 08:57:20,805 - pyskl - INFO - Epoch [15][2400/6265]	lr: 6.248e-04, eta: 10:35:23, time: 2.764, data_time: 0.000, memory: 5247, top1_acc: 0.9481, top5_acc: 0.9853, loss_cls: 0.1913, loss: 0.1913
2026-09-18 09:01:57,496 - pyskl - INFO - Epoch [15][2500/6265]	lr: 6.126e-04, eta: 10:28:55, time: 2.767, data_time: 0.000, memory: 5247, top1_acc: 0.9497, top5_acc: 0.9841, loss_cls: 0.1867, loss: 0.1867
2026-09-18 09:06:33,547 - pyskl - INFO - Epoch [15][2600/6265]	lr: 6.006e-04, eta: 10:22:27, time: 2.760, data_time: 0.000, memory: 5247, top1_acc: 0.9497, top5_acc: 0.9841, loss_cls: 0.1915, loss: 0.1915
2026-09-18 09:11:10,258 - pyskl - INFO - Epoch [15][2700/6265]	lr: 5.886e-04, eta: 10:15:59, time: 2.767, data_time: 0.000, memory: 5247, top1_acc: 0.9397, top5_acc: 0.9822, loss_cls: 0.2069, loss: 0.2069
2026-09-18 09:15:46,941 - pyskl - INFO - Epoch [15][2800/6265]	lr: 5.768e-04, eta: 10:09:31, time: 2.767, data_time: 0.000, memory: 5247, top1_acc: 0.9437, top5_acc: 0.9822, loss_cls: 0.2089, loss: 0.2089
2026-09-18 09:20:23,326 - pyskl - INFO - Epoch [15][2900/6265]	lr: 5.651e-04, eta: 10:03:04, time: 2.764, data_time: 0.000, memory: 5247, top1_acc: 0.9416, top5_acc: 0.9853, loss_cls: 0.2057, loss: 0.2057
2026-09-18 09:25:00,750 - pyskl - INFO - Epoch [15][3000/6265]	lr: 5.535e-04, eta: 9:56:37, time: 2.774, data_time: 0.000, memory: 5247, top1_acc: 0.9475, top5_acc: 0.9834, loss_cls: 0.1995, loss: 0.1995
2026-09-18 09:29:37,256 - pyskl - INFO - Epoch [15][3100/6265]	lr: 5.421e-04, eta: 9:50:11, time: 2.765, data_time: 0.000, memory: 5247, top1_acc: 0.9466, top5_acc: 0.9853, loss_cls: 0.1911, loss: 0.1911
2026-09-18 09:34:14,469 - pyskl - INFO - Epoch [15][3200/6265]	lr: 5.307e-04, eta: 9:43:44, time: 2.772, data_time: 0.000, memory: 5247, top1_acc: 0.9478, top5_acc: 0.9834, loss_cls: 0.2010, loss: 0.2010
2026-09-18 09:38:49,347 - pyskl - INFO - Epoch [15][3300/6265]	lr: 5.195e-04, eta: 9:37:18, time: 2.749, data_time: 0.000, memory: 5247, top1_acc: 0.9500, top5_acc: 0.9838, loss_cls: 0.1893, loss: 0.1893
2026-09-18 09:43:24,988 - pyskl - INFO - Epoch [15][3400/6265]	lr: 5.084e-04, eta: 9:30:52, time: 2.757, data_time: 0.000, memory: 5247, top1_acc: 0.9363, top5_acc: 0.9822, loss_cls: 0.2251, loss: 0.2251
2026-09-18 09:48:01,132 - pyskl - INFO - Epoch [15][3500/6265]	lr: 4.974e-04, eta: 9:24:26, time: 2.761, data_time: 0.000, memory: 5247, top1_acc: 0.9403, top5_acc: 0.9819, loss_cls: 0.2173, loss: 0.2173
2026-09-18 09:52:37,963 - pyskl - INFO - Epoch [15][3600/6265]	lr: 4.865e-04, eta: 9:18:01, time: 2.768, data_time: 0.000, memory: 5247, top1_acc: 0.9447, top5_acc: 0.9816, loss_cls: 0.1998, loss: 0.1998
2026-09-18 09:57:14,041 - pyskl - INFO - Epoch [15][3700/6265]	lr: 4.757e-04, eta: 9:11:36, time: 2.761, data_time: 0.000, memory: 5247, top1_acc: 0.9469, top5_acc: 0.9831, loss_cls: 0.2028, loss: 0.2028
2026-09-18 10:01:49,023 - pyskl - INFO - Epoch [15][3800/6265]	lr: 4.651e-04, eta: 9:05:11, time: 2.750, data_time: 0.000, memory: 5247, top1_acc: 0.9431, top5_acc: 0.9816, loss_cls: 0.2070, loss: 0.2070
2026-09-18 10:06:22,949 - pyskl - INFO - Epoch [15][3900/6265]	lr: 4.545e-04, eta: 8:58:46, time: 2.739, data_time: 0.000, memory: 5247, top1_acc: 0.9478, top5_acc: 0.9831, loss_cls: 0.2005, loss: 0.2005
2026-09-18 10:10:55,691 - pyskl - INFO - Epoch [15][4000/6265]	lr: 4.441e-04, eta: 8:52:21, time: 2.727, data_time: 0.000, memory: 5247, top1_acc: 0.9453, top5_acc: 0.9831, loss_cls: 0.2069, loss: 0.2069
2026-09-18 10:15:28,776 - pyskl - INFO - Epoch [15][4100/6265]	lr: 4.338e-04, eta: 8:45:57, time: 2.731, data_time: 0.000, memory: 5247, top1_acc: 0.9491, top5_acc: 0.9859, loss_cls: 0.1966, loss: 0.1966
2026-09-18 10:20:00,839 - pyskl - INFO - Epoch [15][4200/6265]	lr: 4.237e-04, eta: 8:39:32, time: 2.721, data_time: 0.000, memory: 5247, top1_acc: 0.9406, top5_acc: 0.9834, loss_cls: 0.2122, loss: 0.2122
2026-09-18 10:24:33,422 - pyskl - INFO - Epoch [15][4300/6265]	lr: 4.136e-04, eta: 8:33:08, time: 2.726, data_time: 0.000, memory: 5247, top1_acc: 0.9497, top5_acc: 0.9841, loss_cls: 0.1870, loss: 0.1870
2026-09-18 10:29:05,737 - pyskl - INFO - Epoch [15][4400/6265]	lr: 4.037e-04, eta: 8:26:45, time: 2.723, data_time: 0.000, memory: 5247, top1_acc: 0.9541, top5_acc: 0.9847, loss_cls: 0.1785, loss: 0.1785
2026-09-18 10:33:42,686 - pyskl - INFO - Epoch [15][4500/6265]	lr: 3.939e-04, eta: 8:20:21, time: 2.769, data_time: 0.000, memory: 5247, top1_acc: 0.9444, top5_acc: 0.9838, loss_cls: 0.2066, loss: 0.2066
2026-09-18 10:39:46,659 - pyskl - INFO - Epoch [15][4600/6265]	lr: 3.842e-04, eta: 8:14:07, time: 3.640, data_time: 0.000, memory: 5247, top1_acc: 0.9528, top5_acc: 0.9875, loss_cls: 0.1746, loss: 0.1746
2026-09-18 10:46:07,350 - pyskl - INFO - Epoch [15][4700/6265]	lr: 3.746e-04, eta: 8:07:53, time: 3.807, data_time: 0.000, memory: 5247, top1_acc: 0.9472, top5_acc: 0.9856, loss_cls: 0.1949, loss: 0.1949
2026-09-18 10:52:27,159 - pyskl - INFO - Epoch [15][4800/6265]	lr: 3.651e-04, eta: 8:01:40, time: 3.798, data_time: 0.000, memory: 5247, top1_acc: 0.9478, top5_acc: 0.9838, loss_cls: 0.1915, loss: 0.1915
2026-09-18 10:58:46,753 - pyskl - INFO - Epoch [15][4900/6265]	lr: 3.558e-04, eta: 7:55:27, time: 3.796, data_time: 0.000, memory: 5247, top1_acc: 0.9453, top5_acc: 0.9838, loss_cls: 0.1983, loss: 0.1983
2026-09-18 11:05:05,651 - pyskl - INFO - Epoch [15][5000/6265]	lr: 3.466e-04, eta: 7:49:13, time: 3.789, data_time: 0.000, memory: 5247, top1_acc: 0.9491, top5_acc: 0.9859, loss_cls: 0.1922, loss: 0.1922
2026-09-18 11:11:25,517 - pyskl - INFO - Epoch [15][5100/6265]	lr: 3.375e-04, eta: 7:43:00, time: 3.799, data_time: 0.000, memory: 5247, top1_acc: 0.9516, top5_acc: 0.9862, loss_cls: 0.1800, loss: 0.1800
2026-09-18 11:17:45,205 - pyskl - INFO - Epoch [15][5200/6265]	lr: 3.285e-04, eta: 7:36:47, time: 3.797, data_time: 0.000, memory: 5247, top1_acc: 0.9534, top5_acc: 0.9828, loss_cls: 0.1814, loss: 0.1814
2026-09-18 11:24:04,663 - pyskl - INFO - Epoch [15][5300/6265]	lr: 3.196e-04, eta: 7:30:33, time: 3.795, data_time: 0.000, memory: 5247, top1_acc: 0.9497, top5_acc: 0.9850, loss_cls: 0.1844, loss: 0.1844
2026-09-18 11:30:24,386 - pyskl - INFO - Epoch [15][5400/6265]	lr: 3.109e-04, eta: 7:24:20, time: 3.797, data_time: 0.000, memory: 5247, top1_acc: 0.9475, top5_acc: 0.9856, loss_cls: 0.1870, loss: 0.1870
2026-09-18 11:36:47,905 - pyskl - INFO - Epoch [15][5500/6265]	lr: 3.023e-04, eta: 7:18:07, time: 3.835, data_time: 0.000, memory: 5247, top1_acc: 0.9469, top5_acc: 0.9828, loss_cls: 0.2012, loss: 0.2012
2026-09-18 11:43:09,637 - pyskl - INFO - Epoch [15][5600/6265]	lr: 2.938e-04, eta: 7:11:53, time: 3.817, data_time: 0.000, memory: 5247, top1_acc: 0.9494, top5_acc: 0.9831, loss_cls: 0.1943, loss: 0.1943
2026-09-18 11:49:29,132 - pyskl - INFO - Epoch [15][5700/6265]	lr: 2.854e-04, eta: 7:05:40, time: 3.795, data_time: 0.000, memory: 5247, top1_acc: 0.9516, top5_acc: 0.9856, loss_cls: 0.1857, loss: 0.1857
2026-09-18 11:55:52,981 - pyskl - INFO - Epoch [15][5800/6265]	lr: 2.771e-04, eta: 6:59:27, time: 3.838, data_time: 0.000, memory: 5247, top1_acc: 0.9463, top5_acc: 0.9834, loss_cls: 0.1862, loss: 0.1862
2026-09-18 12:02:13,599 - pyskl - INFO - Epoch [15][5900/6265]	lr: 2.690e-04, eta: 6:53:13, time: 3.806, data_time: 0.000, memory: 5247, top1_acc: 0.9506, top5_acc: 0.9841, loss_cls: 0.1830, loss: 0.1830
2026-09-18 12:08:34,026 - pyskl - INFO - Epoch [15][6000/6265]	lr: 2.609e-04, eta: 6:47:00, time: 3.804, data_time: 0.000, memory: 5247, top1_acc: 0.9450, top5_acc: 0.9784, loss_cls: 0.2100, loss: 0.2100
2026-09-18 12:14:54,199 - pyskl - INFO - Epoch [15][6100/6265]	lr: 2.530e-04, eta: 6:40:46, time: 3.802, data_time: 0.000, memory: 5247, top1_acc: 0.9466, top5_acc: 0.9856, loss_cls: 0.1973, loss: 0.1973
2026-09-18 12:21:13,952 - pyskl - INFO - Epoch [15][6200/6265]	lr: 2.453e-04, eta: 6:34:33, time: 3.798, data_time: 0.000, memory: 5247, top1_acc: 0.9541, top5_acc: 0.9850, loss_cls: 0.1754, loss: 0.1754
2026-09-18 12:25:19,313 - pyskl - INFO - Saving checkpoint at 15 epochs
2026-09-18 12:58:54,500 - pyskl - INFO - Evaluating top_k_accuracy ...
2026-09-18 12:58:54,565 - pyskl - INFO - 
top1_acc	0.8849
top5_acc	0.9790
2026-09-18 12:58:54,567 - pyskl - INFO - The previous best checkpoint D:\YXJProject\pythonProject\pyskl\work_dirs\aug_baseline\b_aug\stgcnpp_j\seed2026\best_top1_acc_epoch_14.pth was removed
2026-09-18 12:58:54,738 - pyskl - INFO - Now best checkpoint is saved as best_top1_acc_epoch_15.pth.
2026-09-18 12:58:54,738 - pyskl - INFO - Best top1_acc is 0.8849 at 15 epoch.
2026-09-18 12:58:54,741 - pyskl - INFO - Epoch(val) [15][516]	top1_acc: 0.8849, top5_acc: 0.9790
2026-09-18 13:05:30,598 - pyskl - INFO - Epoch [16][100/6265]	lr: 2.327e-04, eta: 6:24:00, time: 3.958, data_time: 0.124, memory: 5247, top1_acc: 0.9434, top5_acc: 0.9834, loss_cls: 0.2015, loss: 0.2015
2026-09-18 13:11:54,742 - pyskl - INFO - Epoch [16][200/6265]	lr: 2.252e-04, eta: 6:17:47, time: 3.841, data_time: 0.000, memory: 5247, top1_acc: 0.9575, top5_acc: 0.9862, loss_cls: 0.1682, loss: 0.1682
2026-09-18 13:18:15,191 - pyskl - INFO - Epoch [16][300/6265]	lr: 2.179e-04, eta: 6:11:34, time: 3.804, data_time: 0.000, memory: 5247, top1_acc: 0.9456, top5_acc: 0.9859, loss_cls: 0.1973, loss: 0.1973
2026-09-18 13:24:36,425 - pyskl - INFO - Epoch [16][400/6265]	lr: 2.106e-04, eta: 6:05:20, time: 3.812, data_time: 0.000, memory: 5247, top1_acc: 0.9463, top5_acc: 0.9841, loss_cls: 0.1954, loss: 0.1954
2026-09-18 13:30:58,074 - pyskl - INFO - Epoch [16][500/6265]	lr: 2.035e-04, eta: 5:59:07, time: 3.816, data_time: 0.000, memory: 5247, top1_acc: 0.9444, top5_acc: 0.9866, loss_cls: 0.1984, loss: 0.1984
2026-09-18 13:37:18,635 - pyskl - INFO - Epoch [16][600/6265]	lr: 1.966e-04, eta: 5:52:54, time: 3.806, data_time: 0.000, memory: 5247, top1_acc: 0.9559, top5_acc: 0.9891, loss_cls: 0.1684, loss: 0.1684
2026-09-18 13:43:40,792 - pyskl - INFO - Epoch [16][700/6265]	lr: 1.897e-04, eta: 5:46:41, time: 3.822, data_time: 0.000, memory: 5247, top1_acc: 0.9525, top5_acc: 0.9853, loss_cls: 0.1741, loss: 0.1741
2026-09-18 13:50:01,845 - pyskl - INFO - Epoch [16][800/6265]	lr: 1.830e-04, eta: 5:40:27, time: 3.811, data_time: 0.000, memory: 5247, top1_acc: 0.9478, top5_acc: 0.9847, loss_cls: 0.1906, loss: 0.1906
2026-09-18 13:56:22,536 - pyskl - INFO - Epoch [16][900/6265]	lr: 1.763e-04, eta: 5:34:14, time: 3.807, data_time: 0.000, memory: 5247, top1_acc: 0.9484, top5_acc: 0.9794, loss_cls: 0.2010, loss: 0.2010
2026-09-18 14:02:43,964 - pyskl - INFO - Epoch [16][1000/6265]	lr: 1.699e-04, eta: 5:28:01, time: 3.814, data_time: 0.000, memory: 5247, top1_acc: 0.9425, top5_acc: 0.9822, loss_cls: 0.2045, loss: 0.2045
2026-09-18 14:09:06,283 - pyskl - INFO - Epoch [16][1100/6265]	lr: 1.635e-04, eta: 5:21:47, time: 3.823, data_time: 0.000, memory: 5247, top1_acc: 0.9463, top5_acc: 0.9841, loss_cls: 0.1976, loss: 0.1976
2026-09-18 14:15:26,940 - pyskl - INFO - Epoch [16][1200/6265]	lr: 1.572e-04, eta: 5:15:34, time: 3.807, data_time: 0.000, memory: 5247, top1_acc: 0.9484, top5_acc: 0.9819, loss_cls: 0.1899, loss: 0.1899
2026-09-18 14:21:45,683 - pyskl - INFO - Epoch [16][1300/6265]	lr: 1.511e-04, eta: 5:09:20, time: 3.787, data_time: 0.000, memory: 5247, top1_acc: 0.9566, top5_acc: 0.9875, loss_cls: 0.1664, loss: 0.1664
2026-09-18 14:28:03,867 - pyskl - INFO - Epoch [16][1400/6265]	lr: 1.451e-04, eta: 5:03:07, time: 3.782, data_time: 0.000, memory: 5247, top1_acc: 0.9563, top5_acc: 0.9841, loss_cls: 0.1648, loss: 0.1648
2026-09-18 14:34:30,215 - pyskl - INFO - Epoch [16][1500/6265]	lr: 1.392e-04, eta: 4:56:53, time: 3.863, data_time: 0.000, memory: 5247, top1_acc: 0.9534, top5_acc: 0.9884, loss_cls: 0.1720, loss: 0.1720
2026-09-18 14:40:46,519 - pyskl - INFO - Epoch [16][1600/6265]	lr: 1.334e-04, eta: 4:50:40, time: 3.763, data_time: 0.000, memory: 5247, top1_acc: 0.9500, top5_acc: 0.9847, loss_cls: 0.1860, loss: 0.1860
2026-09-18 14:47:04,952 - pyskl - INFO - Epoch [16][1700/6265]	lr: 1.278e-04, eta: 4:44:26, time: 3.784, data_time: 0.000, memory: 5247, top1_acc: 0.9434, top5_acc: 0.9834, loss_cls: 0.2088, loss: 0.2088
2026-09-18 14:53:28,717 - pyskl - INFO - Epoch [16][1800/6265]	lr: 1.222e-04, eta: 4:38:13, time: 3.838, data_time: 0.000, memory: 5247, top1_acc: 0.9484, top5_acc: 0.9872, loss_cls: 0.1872, loss: 0.1872
2026-09-18 14:59:51,717 - pyskl - INFO - Epoch [16][1900/6265]	lr: 1.168e-04, eta: 4:31:59, time: 3.830, data_time: 0.000, memory: 5247, top1_acc: 0.9497, top5_acc: 0.9822, loss_cls: 0.1938, loss: 0.1938
2026-09-18 15:06:13,145 - pyskl - INFO - Epoch [16][2000/6265]	lr: 1.116e-04, eta: 4:25:46, time: 3.814, data_time: 0.000, memory: 5247, top1_acc: 0.9506, top5_acc: 0.9844, loss_cls: 0.1776, loss: 0.1776
2026-09-18 15:12:34,866 - pyskl - INFO - Epoch [16][2100/6265]	lr: 1.064e-04, eta: 4:19:32, time: 3.817, data_time: 0.000, memory: 5247, top1_acc: 0.9497, top5_acc: 0.9853, loss_cls: 0.1856, loss: 0.1856
2026-09-18 15:18:56,255 - pyskl - INFO - Epoch [16][2200/6265]	lr: 1.014e-04, eta: 4:13:19, time: 3.814, data_time: 0.000, memory: 5247, top1_acc: 0.9544, top5_acc: 0.9859, loss_cls: 0.1747, loss: 0.1747
2026-09-18 15:25:16,867 - pyskl - INFO - Epoch [16][2300/6265]	lr: 9.644e-05, eta: 4:07:05, time: 3.806, data_time: 0.000, memory: 5247, top1_acc: 0.9553, top5_acc: 0.9875, loss_cls: 0.1806, loss: 0.1806
2026-09-18 15:31:37,411 - pyskl - INFO - Epoch [16][2400/6265]	lr: 9.164e-05, eta: 4:00:51, time: 3.805, data_time: 0.000, memory: 5247, top1_acc: 0.9450, top5_acc: 0.9831, loss_cls: 0.2020, loss: 0.2020
2026-09-18 15:38:00,335 - pyskl - INFO - Epoch [16][2500/6265]	lr: 8.697e-05, eta: 3:54:38, time: 3.829, data_time: 0.000, memory: 5247, top1_acc: 0.9494, top5_acc: 0.9841, loss_cls: 0.1863, loss: 0.1863
2026-09-18 15:44:21,407 - pyskl - INFO - Epoch [16][2600/6265]	lr: 8.241e-05, eta: 3:48:24, time: 3.811, data_time: 0.000, memory: 5247, top1_acc: 0.9444, top5_acc: 0.9844, loss_cls: 0.1886, loss: 0.1886
2026-09-18 15:50:44,236 - pyskl - INFO - Epoch [16][2700/6265]	lr: 7.798e-05, eta: 3:42:11, time: 3.828, data_time: 0.000, memory: 5247, top1_acc: 0.9522, top5_acc: 0.9844, loss_cls: 0.1713, loss: 0.1713
2026-09-18 15:57:05,263 - pyskl - INFO - Epoch [16][2800/6265]	lr: 7.368e-05, eta: 3:35:57, time: 3.810, data_time: 0.000, memory: 5247, top1_acc: 0.9497, top5_acc: 0.9856, loss_cls: 0.1811, loss: 0.1811
2026-09-18 16:03:25,060 - pyskl - INFO - Epoch [16][2900/6265]	lr: 6.949e-05, eta: 3:29:43, time: 3.798, data_time: 0.000, memory: 5247, top1_acc: 0.9487, top5_acc: 0.9834, loss_cls: 0.1918, loss: 0.1918
2026-09-18 16:09:43,775 - pyskl - INFO - Epoch [16][3000/6265]	lr: 6.543e-05, eta: 3:23:30, time: 3.787, data_time: 0.000, memory: 5247, top1_acc: 0.9409, top5_acc: 0.9794, loss_cls: 0.2190, loss: 0.2190
2026-09-18 16:16:03,908 - pyskl - INFO - Epoch [16][3100/6265]	lr: 6.148e-05, eta: 3:17:16, time: 3.801, data_time: 0.000, memory: 5247, top1_acc: 0.9466, top5_acc: 0.9838, loss_cls: 0.2015, loss: 0.2015
2026-09-18 16:22:23,543 - pyskl - INFO - Epoch [16][3200/6265]	lr: 5.766e-05, eta: 3:11:02, time: 3.796, data_time: 0.000, memory: 5247, top1_acc: 0.9544, top5_acc: 0.9847, loss_cls: 0.1686, loss: 0.1686
2026-09-18 16:28:43,994 - pyskl - INFO - Epoch [16][3300/6265]	lr: 5.397e-05, eta: 3:04:48, time: 3.804, data_time: 0.000, memory: 5247, top1_acc: 0.9484, top5_acc: 0.9847, loss_cls: 0.1918, loss: 0.1918
2026-09-18 16:35:07,334 - pyskl - INFO - Epoch [16][3400/6265]	lr: 5.039e-05, eta: 2:58:35, time: 3.833, data_time: 0.000, memory: 5247, top1_acc: 0.9441, top5_acc: 0.9847, loss_cls: 0.2052, loss: 0.2052
2026-09-18 16:41:30,618 - pyskl - INFO - Epoch [16][3500/6265]	lr: 4.694e-05, eta: 2:52:21, time: 3.833, data_time: 0.000, memory: 5247, top1_acc: 0.9484, top5_acc: 0.9862, loss_cls: 0.1810, loss: 0.1810
2026-09-18 16:47:54,291 - pyskl - INFO - Epoch [16][3600/6265]	lr: 4.361e-05, eta: 2:46:07, time: 3.837, data_time: 0.000, memory: 5247, top1_acc: 0.9509, top5_acc: 0.9838, loss_cls: 0.1806, loss: 0.1806
2026-09-18 16:54:18,524 - pyskl - INFO - Epoch [16][3700/6265]	lr: 4.040e-05, eta: 2:39:53, time: 3.842, data_time: 0.000, memory: 5247, top1_acc: 0.9531, top5_acc: 0.9850, loss_cls: 0.1750, loss: 0.1750
2026-09-18 17:00:37,536 - pyskl - INFO - Epoch [16][3800/6265]	lr: 3.731e-05, eta: 2:33:39, time: 3.790, data_time: 0.000, memory: 5247, top1_acc: 0.9500, top5_acc: 0.9866, loss_cls: 0.1838, loss: 0.1838
2026-09-18 17:06:58,201 - pyskl - INFO - Epoch [16][3900/6265]	lr: 3.435e-05, eta: 2:27:26, time: 3.807, data_time: 0.000, memory: 5247, top1_acc: 0.9563, top5_acc: 0.9878, loss_cls: 0.1717, loss: 0.1717
2026-09-18 17:13:19,905 - pyskl - INFO - Epoch [16][4000/6265]	lr: 3.151e-05, eta: 2:21:12, time: 3.817, data_time: 0.000, memory: 5247, top1_acc: 0.9556, top5_acc: 0.9888, loss_cls: 0.1679, loss: 0.1679
2026-09-18 17:19:40,779 - pyskl - INFO - Epoch [16][4100/6265]	lr: 2.879e-05, eta: 2:14:58, time: 3.809, data_time: 0.000, memory: 5247, top1_acc: 0.9497, top5_acc: 0.9828, loss_cls: 0.1876, loss: 0.1876
2026-09-18 17:26:00,988 - pyskl - INFO - Epoch [16][4200/6265]	lr: 2.619e-05, eta: 2:08:44, time: 3.802, data_time: 0.000, memory: 5247, top1_acc: 0.9553, top5_acc: 0.9850, loss_cls: 0.1771, loss: 0.1771
2026-09-18 17:32:25,544 - pyskl - INFO - Epoch [16][4300/6265]	lr: 2.372e-05, eta: 2:02:30, time: 3.846, data_time: 0.000, memory: 5247, top1_acc: 0.9472, top5_acc: 0.9872, loss_cls: 0.1908, loss: 0.1908
2026-09-18 17:38:45,324 - pyskl - INFO - Epoch [16][4400/6265]	lr: 2.137e-05, eta: 1:56:16, time: 3.798, data_time: 0.000, memory: 5247, top1_acc: 0.9478, top5_acc: 0.9838, loss_cls: 0.2013, loss: 0.2013
2026-09-18 17:45:01,670 - pyskl - INFO - Epoch [16][4500/6265]	lr: 1.914e-05, eta: 1:50:02, time: 3.763, data_time: 0.000, memory: 5247, top1_acc: 0.9469, top5_acc: 0.9831, loss_cls: 0.1908, loss: 0.1908
2026-09-18 17:51:17,342 - pyskl - INFO - Epoch [16][4600/6265]	lr: 1.704e-05, eta: 1:43:48, time: 3.757, data_time: 0.000, memory: 5247, top1_acc: 0.9503, top5_acc: 0.9859, loss_cls: 0.1765, loss: 0.1765
2026-09-18 17:57:36,329 - pyskl - INFO - Epoch [16][4700/6265]	lr: 1.505e-05, eta: 1:37:34, time: 3.790, data_time: 0.000, memory: 5247, top1_acc: 0.9487, top5_acc: 0.9859, loss_cls: 0.1833, loss: 0.1833
2026-09-18 18:03:51,156 - pyskl - INFO - Epoch [16][4800/6265]	lr: 1.319e-05, eta: 1:31:20, time: 3.748, data_time: 0.000, memory: 5247, top1_acc: 0.9500, top5_acc: 0.9856, loss_cls: 0.1854, loss: 0.1854
2026-09-18 18:10:06,147 - pyskl - INFO - Epoch [16][4900/6265]	lr: 1.145e-05, eta: 1:25:06, time: 3.750, data_time: 0.000, memory: 5247, top1_acc: 0.9544, top5_acc: 0.9875, loss_cls: 0.1625, loss: 0.1625
2026-09-18 18:16:24,323 - pyskl - INFO - Epoch [16][5000/6265]	lr: 9.838e-06, eta: 1:18:52, time: 3.782, data_time: 0.000, memory: 5247, top1_acc: 0.9516, top5_acc: 0.9847, loss_cls: 0.1733, loss: 0.1733
2026-09-18 18:22:41,177 - pyskl - INFO - Epoch [16][5100/6265]	lr: 8.345e-06, eta: 1:12:38, time: 3.769, data_time: 0.000, memory: 5247, top1_acc: 0.9566, top5_acc: 0.9903, loss_cls: 0.1582, loss: 0.1582
2026-09-18 18:28:57,020 - pyskl - INFO - Epoch [16][5200/6265]	lr: 6.975e-06, eta: 1:06:24, time: 3.758, data_time: 0.000, memory: 5247, top1_acc: 0.9544, top5_acc: 0.9841, loss_cls: 0.1771, loss: 0.1771
2026-09-18 18:35:16,551 - pyskl - INFO - Epoch [16][5300/6265]	lr: 5.728e-06, eta: 1:00:10, time: 3.795, data_time: 0.000, memory: 5247, top1_acc: 0.9422, top5_acc: 0.9834, loss_cls: 0.2085, loss: 0.2085
2026-09-18 18:41:36,836 - pyskl - INFO - Epoch [16][5400/6265]	lr: 4.604e-06, eta: 0:53:56, time: 3.803, data_time: 0.000, memory: 5247, top1_acc: 0.9537, top5_acc: 0.9869, loss_cls: 0.1686, loss: 0.1686
2026-09-18 18:47:54,032 - pyskl - INFO - Epoch [16][5500/6265]	lr: 3.602e-06, eta: 0:47:42, time: 3.772, data_time: 0.000, memory: 5247, top1_acc: 0.9559, top5_acc: 0.9888, loss_cls: 0.1713, loss: 0.1713
2026-09-18 18:54:11,044 - pyskl - INFO - Epoch [16][5600/6265]	lr: 2.723e-06, eta: 0:41:27, time: 3.770, data_time: 0.000, memory: 5247, top1_acc: 0.9453, top5_acc: 0.9831, loss_cls: 0.1960, loss: 0.1960
2026-09-18 19:00:25,589 - pyskl - INFO - Epoch [16][5700/6265]	lr: 1.967e-06, eta: 0:35:13, time: 3.745, data_time: 0.000, memory: 5247, top1_acc: 0.9516, top5_acc: 0.9888, loss_cls: 0.1760, loss: 0.1760
2026-09-18 19:06:44,275 - pyskl - INFO - Epoch [16][5800/6265]	lr: 1.333e-06, eta: 0:28:59, time: 3.787, data_time: 0.000, memory: 5247, top1_acc: 0.9503, top5_acc: 0.9825, loss_cls: 0.1815, loss: 0.1815
2026-09-18 19:13:01,325 - pyskl - INFO - Epoch [16][5900/6265]	lr: 8.223e-07, eta: 0:22:45, time: 3.770, data_time: 0.000, memory: 5247, top1_acc: 0.9487, top5_acc: 0.9847, loss_cls: 0.1885, loss: 0.1885
2026-09-18 19:19:21,790 - pyskl - INFO - Epoch [16][6000/6265]	lr: 4.344e-07, eta: 0:16:31, time: 3.805, data_time: 0.000, memory: 5247, top1_acc: 0.9484, top5_acc: 0.9853, loss_cls: 0.1891, loss: 0.1891
2026-09-18 19:25:41,180 - pyskl - INFO - Epoch [16][6100/6265]	lr: 1.692e-07, eta: 0:10:17, time: 3.794, data_time: 0.000, memory: 5247, top1_acc: 0.9506, top5_acc: 0.9856, loss_cls: 0.1846, loss: 0.1846
2026-09-18 19:31:58,535 - pyskl - INFO - Epoch [16][6200/6265]	lr: 2.674e-08, eta: 0:04:03, time: 3.773, data_time: 0.000, memory: 5247, top1_acc: 0.9459, top5_acc: 0.9866, loss_cls: 0.1854, loss: 0.1854
2026-09-18 19:36:03,205 - pyskl - INFO - Saving checkpoint at 16 epochs
2026-09-18 20:09:21,793 - pyskl - INFO - Evaluating top_k_accuracy ...
2026-09-18 20:09:21,856 - pyskl - INFO - 
top1_acc	0.8879
top5_acc	0.9789
2026-09-18 20:09:21,858 - pyskl - INFO - The previous best checkpoint D:\YXJProject\pythonProject\pyskl\work_dirs\aug_baseline\b_aug\stgcnpp_j\seed2026\best_top1_acc_epoch_15.pth was removed
2026-09-18 20:09:22,045 - pyskl - INFO - Now best checkpoint is saved as best_top1_acc_epoch_16.pth.
2026-09-18 20:09:22,045 - pyskl - INFO - Best top1_acc is 0.8879 at 16 epoch.
2026-09-18 20:09:22,049 - pyskl - INFO - Epoch(val) [16][516]	top1_acc: 0.8879, top5_acc: 0.9789
2026-09-18 20:09:37,632 - pyskl - INFO - 16487 videos remain after valid thresholding
2026-09-18 20:09:37,632 - pyskl - INFO - load checkpoint from local path: ./work_dirs/aug_baseline/b_aug/stgcnpp_j/seed2026\best_top1_acc_epoch_16.pth
2026-09-19 03:39:04,356 - pyskl - INFO - Testing results of the best checkpoint
2026-09-19 03:39:04,356 - pyskl - INFO - top1_acc: 0.8920
2026-09-19 03:39:04,356 - pyskl - INFO - top5_acc: 0.9801
