model,condition,class_id,action,support,clean_accuracy,mean_accuracy,std_accuracy,absolute_drop
stgcn,clean,0,drink water,274,0.8759,0.8759,0.0063,0.0
stgcn,clean,1,eat meal/snack,275,0.7394,0.7394,0.0105,0.0
stgcn,clean,2,brushing teeth,273,0.8584,0.8584,0.0092,0.0
stgcn,clean,3,brushing hair,273,0.9048,0.9048,0.0097,0.0
stgcn,clean,4,drop,275,0.8315,0.8315,0.0183,0.0
stgcn,clean,5,pickup,275,0.9527,0.9527,0.0096,0.0
stgcn,clean,6,throw,275,0.9115,0.9115,0.0117,0.0
stgcn,clean,7,sitting down,273,0.9658,0.9658,0.0056,0.0
stgcn,clean,8,standing up (from sitting position),273,0.9805,0.9805,0.0106,0.0
stgcn,clean,9,clapping,273,0.7827,0.7827,0.0153,0.0
stgcn,clean,10,reading,273,0.6032,0.6032,0.0129,0.0
stgcn,clean,11,writing,272,0.5245,0.5245,0.0236,0.0
stgcn,clean,12,tear up paper,271,0.8954,0.8954,0.0093,0.0
stgcn,clean,13,wear jacket,275,0.983,0.983,0.0021,0.0
stgcn,clean,14,take off jacket,276,0.9589,0.9589,0.0055,0.0
stgcn,clean,15,wear a shoe,273,0.6545,0.6545,0.0139,0.0
stgcn,clean,16,take off a shoe,274,0.7798,0.7798,0.0092,0.0
stgcn,clean,17,wear on glasses,273,0.906,0.906,0.0092,0.0
stgcn,clean,18,take off glasses,274,0.9343,0.9343,0.0126,0.0
stgcn,clean,19,put on a hat/cap,272,0.9498,0.9498,0.0056,0.0
stgcn,clean,20,take off a hat/cap,273,0.9731,0.9731,0.0056,0.0
stgcn,clean,21,cheer up,274,0.9234,0.9234,0.0097,0.0
stgcn,clean,22,hand waving,274,0.9063,0.9063,0.0111,0.0
stgcn,clean,23,kicking something,276,0.9372,0.9372,0.0116,0.0
stgcn,clean,24,reach into pocket,274,0.8358,0.8358,0.0132,0.0
stgcn,clean,25,hopping (one foot jumping),275,0.9879,0.9879,0.0021,0.0
stgcn,clean,26,jump up,276,0.9964,0.9964,0.0,0.0
stgcn,clean,27,make a phone call/answer phone,275,0.8679,0.8679,0.0183,0.0
stgcn,clean,28,playing with phone/tablet,275,0.6824,0.6824,0.0219,0.0
stgcn,clean,29,typing on a keyboard,275,0.7515,0.7515,0.0207,0.0
stgcn,clean,30,pointing to something with finger,276,0.7585,0.7585,0.0146,0.0
stgcn,clean,31,taking a selfie,276,0.8925,0.8925,0.0116,0.0
stgcn,clean,32,check time (from watch),276,0.8829,0.8829,0.0137,0.0
stgcn,clean,33,rub two hands together,276,0.8829,0.8829,0.0171,0.0
stgcn,clean,34,nod head/bow,276,0.965,0.965,0.0075,0.0
stgcn,clean,35,shake head,275,0.9418,0.9418,0.0,0.0
stgcn,clean,36,wipe face,276,0.8321,0.8321,0.0459,0.0
stgcn,clean,37,salute,276,0.9179,0.9179,0.0111,0.0
stgcn,clean,38,put the palms together,276,0.9408,0.9408,0.0105,0.0
stgcn,clean,39,cross hands in front (say stop),276,0.8998,0.8998,0.0171,0.0
stgcn,clean,40,sneeze/cough,276,0.7379,0.7379,0.0137,0.0
stgcn,clean,41,staggering,276,0.9915,0.9915,0.0091,0.0
stgcn,clean,42,falling,275,0.9855,0.9855,0.0,0.0
stgcn,clean,43,touch head (headache),276,0.7657,0.7657,0.0247,0.0
stgcn,clean,44,touch chest (stomachache/heart pain),276,0.9058,0.9058,0.0096,0.0
stgcn,clean,45,touch back (backache),276,0.9263,0.9263,0.0021,0.0
stgcn,clean,46,touch neck (neckache),276,0.8816,0.8816,0.0317,0.0
stgcn,clean,47,nausea or vomiting condition,275,0.8509,0.8509,0.0167,0.0
stgcn,clean,48,use a fan (with hand or paper)/feeling warm,275,0.9261,0.9261,0.0056,0.0
stgcn,clean,49,punching/slapping other person,274,0.8662,0.8662,0.0076,0.0
stgcn,clean,50,kicking other person,276,0.9167,0.9167,0.0109,0.0
stgcn,clean,51,pushing other person,276,0.971,0.971,0.0072,0.0
stgcn,clean,52,pat on back of other person,276,0.942,0.942,0.0096,0.0
stgcn,clean,53,point finger at the other person,276,0.907,0.907,0.0075,0.0
stgcn,clean,54,hugging other person,274,0.9757,0.9757,0.0056,0.0
stgcn,clean,55,giving something to other person,276,0.9348,0.9348,0.0096,0.0
stgcn,clean,56,touch other person's pocket,275,0.9285,0.9285,0.0076,0.0
stgcn,clean,57,handshaking,276,0.9517,0.9517,0.0111,0.0
stgcn,clean,58,walking towards each other,273,0.9939,0.9939,0.0021,0.0
stgcn,clean,59,walking apart from each other,276,0.9626,0.9626,0.0042,0.0
stgcn,joint_missing_mild,0,drink water,274,0.8759,0.708,0.0552,0.1679
stgcn,joint_missing_mild,1,eat meal/snack,275,0.7394,0.5236,0.0347,0.2158
stgcn,joint_missing_mild,2,brushing teeth,273,0.8584,0.4396,0.143,0.4188
stgcn,joint_missing_mild,3,brushing hair,273,0.9048,0.6313,0.0403,0.2735
stgcn,joint_missing_mild,4,drop,275,0.8315,0.4533,0.0751,0.3782
stgcn,joint_missing_mild,5,pickup,275,0.9527,0.8606,0.0526,0.0921
stgcn,joint_missing_mild,6,throw,275,0.9115,0.68,0.0073,0.2315
stgcn,joint_missing_mild,7,sitting down,273,0.9658,0.8864,0.0349,0.0794
stgcn,joint_missing_mild,8,standing up (from sitting position),273,0.9805,0.9377,0.0277,0.0427
stgcn,joint_missing_mild,9,clapping,273,0.7827,0.569,0.1081,0.2137
stgcn,joint_missing_mild,10,reading,273,0.6032,0.3516,0.169,0.2515
stgcn,joint_missing_mild,11,writing,272,0.5245,0.3762,0.0877,0.1483
stgcn,joint_missing_mild,12,tear up paper,271,0.8954,0.647,0.0279,0.2485
stgcn,joint_missing_mild,13,wear jacket,275,0.983,0.983,0.0076,0.0
stgcn,joint_missing_mild,14,take off jacket,276,0.9589,0.9118,0.0212,0.0471
stgcn,joint_missing_mild,15,wear a shoe,273,0.6545,0.4835,0.0832,0.1709
stgcn,joint_missing_mild,16,take off a shoe,274,0.7798,0.5268,0.0559,0.253
stgcn,joint_missing_mild,17,wear on glasses,273,0.906,0.7277,0.0461,0.1783
stgcn,joint_missing_mild,18,take off glasses,274,0.9343,0.7457,0.1036,0.1886
stgcn,joint_missing_mild,19,put on a hat/cap,272,0.9498,0.8211,0.0212,0.1287
stgcn,joint_missing_mild,20,take off a hat/cap,273,0.9731,0.8791,0.0422,0.094
stgcn,joint_missing_mild,21,cheer up,274,0.9234,0.7105,0.0329,0.2129
stgcn,joint_missing_mild,22,hand waving,274,0.9063,0.6788,0.0285,0.2275
stgcn,joint_missing_mild,23,kicking something,276,0.9372,0.4553,0.1624,0.4819
stgcn,joint_missing_mild,24,reach into pocket,274,0.8358,0.4623,0.1064,0.3735
stgcn,joint_missing_mild,25,hopping (one foot jumping),275,0.9879,0.8655,0.0347,0.1224
stgcn,joint_missing_mild,26,jump up,276,0.9964,0.9601,0.0096,0.0362
stgcn,joint_missing_mild,27,make a phone call/answer phone,275,0.8679,0.3139,0.0973,0.5539
stgcn,joint_missing_mild,28,playing with phone/tablet,275,0.6824,0.3333,0.1011,0.3491
stgcn,joint_missing_mild,29,typing on a keyboard,275,0.7515,0.7818,0.0536,-0.0303
stgcn,joint_missing_mild,30,pointing to something with finger,276,0.7585,0.4336,0.0732,0.3249
stgcn,joint_missing_mild,31,taking a selfie,276,0.8925,0.6196,0.0254,0.2729
stgcn,joint_missing_mild,32,check time (from watch),276,0.8829,0.6872,0.1031,0.1957
stgcn,joint_missing_mild,33,rub two hands together,276,0.8829,0.6522,0.1045,0.2307
stgcn,joint_missing_mild,34,nod head/bow,276,0.965,0.843,0.0308,0.122
stgcn,joint_missing_mild,35,shake head,275,0.9418,0.5927,0.1892,0.3491
stgcn,joint_missing_mild,36,wipe face,276,0.8321,0.471,0.115,0.3611
stgcn,joint_missing_mild,37,salute,276,0.9179,0.5531,0.0858,0.3647
stgcn,joint_missing_mild,38,put the palms together,276,0.9408,0.4964,0.089,0.4444
stgcn,joint_missing_mild,39,cross hands in front (say stop),276,0.8998,0.9143,0.0435,-0.0145
stgcn,joint_missing_mild,40,sneeze/cough,276,0.7379,0.3792,0.0233,0.3587
stgcn,joint_missing_mild,41,staggering,276,0.9915,0.3261,0.1368,0.6655
stgcn,joint_missing_mild,42,falling,275,0.9855,0.7624,0.1725,0.223
stgcn,joint_missing_mild,43,touch head (headache),276,0.7657,0.3708,0.1174,0.3949
stgcn,joint_missing_mild,44,touch chest (stomachache/heart pain),276,0.9058,0.6957,0.049,0.2101
stgcn,joint_missing_mild,45,touch back (backache),276,0.9263,0.6244,0.0555,0.3019
stgcn,joint_missing_mild,46,touch neck (neckache),276,0.8816,0.4082,0.1559,0.4734
stgcn,joint_missing_mild,47,nausea or vomiting condition,275,0.8509,0.8024,0.0426,0.0485
stgcn,joint_missing_mild,48,use a fan (with hand or paper)/feeling warm,275,0.9261,0.9236,0.0504,0.0024
stgcn,joint_missing_mild,49,punching/slapping other person,274,0.8662,0.5669,0.1372,0.2993
stgcn,joint_missing_mild,50,kicking other person,276,0.9167,0.2512,0.168,0.6655
stgcn,joint_missing_mild,51,pushing other person,276,0.971,0.5616,0.0507,0.4094
stgcn,joint_missing_mild,52,pat on back of other person,276,0.942,0.5688,0.0637,0.3732
stgcn,joint_missing_mild,53,point finger at the other person,276,0.907,0.4662,0.1815,0.4408
stgcn,joint_missing_mild,54,hugging other person,274,0.9757,0.8358,0.0324,0.1399
stgcn,joint_missing_mild,55,giving something to other person,276,0.9348,0.6027,0.1048,0.3321
stgcn,joint_missing_mild,56,touch other person's pocket,275,0.9285,0.5406,0.2564,0.3879
stgcn,joint_missing_mild,57,handshaking,276,0.9517,0.4541,0.253,0.4976
stgcn,joint_missing_mild,58,walking towards each other,273,0.9939,0.3272,0.1616,0.6667
stgcn,joint_missing_mild,59,walking apart from each other,276,0.9626,0.9287,0.0586,0.0338
stgcn,limb_occlusion_mild,0,drink water,274,0.8759,0.7202,0.0138,0.1557
stgcn,limb_occlusion_mild,1,eat meal/snack,275,0.7394,0.5952,0.0357,0.1442
stgcn,limb_occlusion_mild,2,brushing teeth,273,0.8584,0.6593,0.016,0.199
stgcn,limb_occlusion_mild,3,brushing hair,273,0.9048,0.7973,0.0106,0.1074
stgcn,limb_occlusion_mild,4,drop,275,0.8315,0.7394,0.0084,0.0921
stgcn,limb_occlusion_mild,5,pickup,275,0.9527,0.8509,0.0145,0.1018
stgcn,limb_occlusion_mild,6,throw,275,0.9115,0.7903,0.0255,0.1212
stgcn,limb_occlusion_mild,7,sitting down,273,0.9658,0.8596,0.0092,0.1062
stgcn,limb_occlusion_mild,8,standing up (from sitting position),273,0.9805,0.823,0.0076,0.1575
stgcn,limb_occlusion_mild,9,clapping,273,0.7827,0.6654,0.0056,0.1172
stgcn,limb_occlusion_mild,10,reading,273,0.6032,0.514,0.0056,0.0891
stgcn,limb_occlusion_mild,11,writing,272,0.5245,0.4988,0.0439,0.0257
stgcn,limb_occlusion_mild,12,tear up paper,271,0.8954,0.8044,0.0242,0.091
stgcn,limb_occlusion_mild,13,wear jacket,275,0.983,0.9491,0.0145,0.0339
stgcn,limb_occlusion_mild,14,take off jacket,276,0.9589,0.8925,0.0111,0.0664
stgcn,limb_occlusion_mild,15,wear a shoe,273,0.6545,0.5238,0.0063,0.1306
stgcn,limb_occlusion_mild,16,take off a shoe,274,0.7798,0.6825,0.0146,0.0973
stgcn,limb_occlusion_mild,17,wear on glasses,273,0.906,0.8034,0.0118,0.1026
stgcn,limb_occlusion_mild,18,take off glasses,274,0.9343,0.8273,0.0056,0.1071
stgcn,limb_occlusion_mild,19,put on a hat/cap,272,0.9498,0.7917,0.0189,0.1581
stgcn,limb_occlusion_mild,20,take off a hat/cap,273,0.9731,0.8034,0.0238,0.1697
stgcn,limb_occlusion_mild,21,cheer up,274,0.9234,0.8601,0.0076,0.0633
stgcn,limb_occlusion_mild,22,hand waving,274,0.9063,0.764,0.0138,0.1423
stgcn,limb_occlusion_mild,23,kicking something,276,0.9372,0.8514,0.0283,0.0857
stgcn,limb_occlusion_mild,24,reach into pocket,274,0.8358,0.7238,0.0147,0.1119
stgcn,limb_occlusion_mild,25,hopping (one foot jumping),275,0.9879,0.9358,0.0263,0.0521
stgcn,limb_occlusion_mild,26,jump up,276,0.9964,0.9058,0.0583,0.0906
stgcn,limb_occlusion_mild,27,make a phone call/answer phone,275,0.8679,0.7115,0.0151,0.1564
stgcn,limb_occlusion_mild,28,playing with phone/tablet,275,0.6824,0.5915,0.0021,0.0909
stgcn,limb_occlusion_mild,29,typing on a keyboard,275,0.7515,0.5939,0.0258,0.1576
stgcn,limb_occlusion_mild,30,pointing to something with finger,276,0.7585,0.5918,0.0137,0.1667
stgcn,limb_occlusion_mild,31,taking a selfie,276,0.8925,0.7367,0.0055,0.1558
stgcn,limb_occlusion_mild,32,check time (from watch),276,0.8829,0.6836,0.0042,0.1993
stgcn,limb_occlusion_mild,33,rub two hands together,276,0.8829,0.7633,0.0293,0.1196
stgcn,limb_occlusion_mild,34,nod head/bow,276,0.965,0.8007,0.0346,0.1643
stgcn,limb_occlusion_mild,35,shake head,275,0.9418,0.7927,0.0289,0.1491
stgcn,limb_occlusion_mild,36,wipe face,276,0.8321,0.6498,0.0429,0.1824
stgcn,limb_occlusion_mild,37,salute,276,0.9179,0.7319,0.0126,0.186
stgcn,limb_occlusion_mild,38,put the palms together,276,0.9408,0.814,0.0221,0.1268
stgcn,limb_occlusion_mild,39,cross hands in front (say stop),276,0.8998,0.7609,0.0192,0.1389
stgcn,limb_occlusion_mild,40,sneeze/cough,276,0.7379,0.5326,0.0109,0.2053
stgcn,limb_occlusion_mild,41,staggering,276,0.9915,0.942,0.0096,0.0495
stgcn,limb_occlusion_mild,42,falling,275,0.9855,0.9648,0.0105,0.0206
stgcn,limb_occlusion_mild,43,touch head (headache),276,0.7657,0.6232,0.0181,0.1425
stgcn,limb_occlusion_mild,44,touch chest (stomachache/heart pain),276,0.9058,0.7971,0.0036,0.1087
stgcn,limb_occlusion_mild,45,touch back (backache),276,0.9263,0.837,0.0349,0.0894
stgcn,limb_occlusion_mild,46,touch neck (neckache),276,0.8816,0.7802,0.0257,0.1014
stgcn,limb_occlusion_mild,47,nausea or vomiting condition,275,0.8509,0.6861,0.0255,0.1648
stgcn,limb_occlusion_mild,48,use a fan (with hand or paper)/feeling warm,275,0.9261,0.8,0.0063,0.1261
stgcn,limb_occlusion_mild,49,punching/slapping other person,274,0.8662,0.7263,0.0193,0.1399
stgcn,limb_occlusion_mild,50,kicking other person,276,0.9167,0.7935,0.0471,0.1232
stgcn,limb_occlusion_mild,51,pushing other person,276,0.971,0.9094,0.031,0.0616
stgcn,limb_occlusion_mild,52,pat on back of other person,276,0.942,0.8623,0.031,0.0797
stgcn,limb_occlusion_mild,53,point finger at the other person,276,0.907,0.6848,0.0261,0.2222
stgcn,limb_occlusion_mild,54,hugging other person,274,0.9757,0.9124,0.0203,0.0633
stgcn,limb_occlusion_mild,55,giving something to other person,276,0.9348,0.843,0.0241,0.0918
stgcn,limb_occlusion_mild,56,touch other person's pocket,275,0.9285,0.8618,0.0167,0.0667
stgcn,limb_occlusion_mild,57,handshaking,276,0.9517,0.7983,0.0206,0.1534
stgcn,limb_occlusion_mild,58,walking towards each other,273,0.9939,0.9634,0.0168,0.0305
stgcn,limb_occlusion_mild,59,walking apart from each other,276,0.9626,0.9662,0.0055,-0.0036
stgcn,coord_noise_mild,0,drink water,274,0.8759,0.545,0.031,0.3309
stgcn,coord_noise_mild,1,eat meal/snack,275,0.7394,0.5079,0.0564,0.2315
stgcn,coord_noise_mild,2,brushing teeth,273,0.8584,0.4957,0.1162,0.3626
stgcn,coord_noise_mild,3,brushing hair,273,0.9048,0.4591,0.0716,0.4457
stgcn,coord_noise_mild,4,drop,275,0.8315,0.5358,0.0516,0.2958
stgcn,coord_noise_mild,5,pickup,275,0.9527,0.9321,0.0128,0.0206
stgcn,coord_noise_mild,6,throw,275,0.9115,0.743,0.0187,0.1685
stgcn,coord_noise_mild,7,sitting down,273,0.9658,0.9316,0.0215,0.0342
stgcn,coord_noise_mild,8,standing up (from sitting position),273,0.9805,0.9621,0.0076,0.0183
stgcn,coord_noise_mild,9,clapping,273,0.7827,0.674,0.0666,0.1087
stgcn,coord_noise_mild,10,reading,273,0.6032,0.1832,0.0858,0.42
stgcn,coord_noise_mild,11,writing,272,0.5245,0.5086,0.1454,0.0159
stgcn,coord_noise_mild,12,tear up paper,271,0.8954,0.4834,0.0931,0.4121
stgcn,coord_noise_mild,13,wear jacket,275,0.983,0.9782,0.0096,0.0048
stgcn,coord_noise_mild,14,take off jacket,276,0.9589,0.9287,0.0091,0.0302
stgcn,coord_noise_mild,15,wear a shoe,273,0.6545,0.5458,0.03,0.1087
stgcn,coord_noise_mild,16,take off a shoe,274,0.7798,0.5535,0.0663,0.2263
stgcn,coord_noise_mild,17,wear on glasses,273,0.906,0.7631,0.0707,0.1429
stgcn,coord_noise_mild,18,take off glasses,274,0.9343,0.7238,0.1354,0.2105
stgcn,coord_noise_mild,19,put on a hat/cap,272,0.9498,0.7488,0.0403,0.201
stgcn,coord_noise_mild,20,take off a hat/cap,273,0.9731,0.7265,0.1309,0.2466
stgcn,coord_noise_mild,21,cheer up,274,0.9234,0.7993,0.0132,0.1241
stgcn,coord_noise_mild,22,hand waving,274,0.9063,0.7275,0.0423,0.1788
stgcn,coord_noise_mild,23,kicking something,276,0.9372,0.7053,0.2008,0.2319
stgcn,coord_noise_mild,24,reach into pocket,274,0.8358,0.5195,0.1281,0.3163
stgcn,coord_noise_mild,25,hopping (one foot jumping),275,0.9879,0.8909,0.0109,0.097
stgcn,coord_noise_mild,26,jump up,276,0.9964,0.9831,0.0042,0.0133
stgcn,coord_noise_mild,27,make a phone call/answer phone,275,0.8679,0.3273,0.0846,0.5406
stgcn,coord_noise_mild,28,playing with phone/tablet,275,0.6824,0.1806,0.123,0.5018
stgcn,coord_noise_mild,29,typing on a keyboard,275,0.7515,0.7261,0.0923,0.0255
stgcn,coord_noise_mild,30,pointing to something with finger,276,0.7585,0.6582,0.0524,0.1002
stgcn,coord_noise_mild,31,taking a selfie,276,0.8925,0.6848,0.0471,0.2077
stgcn,coord_noise_mild,32,check time (from watch),276,0.8829,0.6643,0.0372,0.2186
stgcn,coord_noise_mild,33,rub two hands together,276,0.8829,0.378,0.1478,0.5048
stgcn,coord_noise_mild,34,nod head/bow,276,0.965,0.8406,0.0543,0.1244
stgcn,coord_noise_mild,35,shake head,275,0.9418,0.217,0.1729,0.7248
stgcn,coord_noise_mild,36,wipe face,276,0.8321,0.1413,0.113,0.6908
stgcn,coord_noise_mild,37,salute,276,0.9179,0.6727,0.0838,0.2452
stgcn,coord_noise_mild,38,put the palms together,276,0.9408,0.4457,0.1685,0.4952
stgcn,coord_noise_mild,39,cross hands in front (say stop),276,0.8998,0.8418,0.0807,0.058
stgcn,coord_noise_mild,40,sneeze/cough,276,0.7379,0.4143,0.0693,0.3237
stgcn,coord_noise_mild,41,staggering,276,0.9915,0.8104,0.0241,0.1812
stgcn,coord_noise_mild,42,falling,275,0.9855,0.9733,0.0021,0.0121
stgcn,coord_noise_mild,43,touch head (headache),276,0.7657,0.3514,0.2122,0.4143
stgcn,coord_noise_mild,44,touch chest (stomachache/heart pain),276,0.9058,0.6377,0.0188,0.2681
stgcn,coord_noise_mild,45,touch back (backache),276,0.9263,0.5411,0.1234,0.3853
stgcn,coord_noise_mild,46,touch neck (neckache),276,0.8816,0.3454,0.1329,0.5362
stgcn,coord_noise_mild,47,nausea or vomiting condition,275,0.8509,0.8,0.0788,0.0509
stgcn,coord_noise_mild,48,use a fan (with hand or paper)/feeling warm,275,0.9261,0.9309,0.0189,-0.0048
stgcn,coord_noise_mild,49,punching/slapping other person,274,0.8662,0.6788,0.0442,0.1873
stgcn,coord_noise_mild,50,kicking other person,276,0.9167,0.5157,0.1166,0.401
stgcn,coord_noise_mild,51,pushing other person,276,0.971,0.6365,0.0397,0.3345
stgcn,coord_noise_mild,52,pat on back of other person,276,0.942,0.7198,0.1937,0.2222
stgcn,coord_noise_mild,53,point finger at the other person,276,0.907,0.8345,0.0638,0.0725
stgcn,coord_noise_mild,54,hugging other person,274,0.9757,0.8564,0.0187,0.1192
stgcn,coord_noise_mild,55,giving something to other person,276,0.9348,0.7017,0.1376,0.2331
stgcn,coord_noise_mild,56,touch other person's pocket,275,0.9285,0.7115,0.1422,0.217
stgcn,coord_noise_mild,57,handshaking,276,0.9517,0.6981,0.1455,0.2536
stgcn,coord_noise_mild,58,walking towards each other,273,0.9939,0.956,0.0168,0.0379
stgcn,coord_noise_mild,59,walking apart from each other,276,0.9626,0.9481,0.0075,0.0145
stgcn,frame_missing_mild,0,drink water,274,0.8759,0.8431,0.0193,0.0328
stgcn,frame_missing_mild,1,eat meal/snack,275,0.7394,0.6776,0.0242,0.0618
stgcn,frame_missing_mild,2,brushing teeth,273,0.8584,0.7643,0.0042,0.094
stgcn,frame_missing_mild,3,brushing hair,273,0.9048,0.8559,0.0021,0.0488
stgcn,frame_missing_mild,4,drop,275,0.8315,0.8364,0.0145,-0.0048
stgcn,frame_missing_mild,5,pickup,275,0.9527,0.9261,0.0056,0.0267
stgcn,frame_missing_mild,6,throw,275,0.9115,0.9018,0.0073,0.0097
stgcn,frame_missing_mild,7,sitting down,273,0.9658,0.9548,0.0056,0.011
stgcn,frame_missing_mild,8,standing up (from sitting position),273,0.9805,0.9756,0.0056,0.0049
stgcn,frame_missing_mild,9,clapping,273,0.7827,0.7241,0.0139,0.0586
stgcn,frame_missing_mild,10,reading,273,0.6032,0.5495,0.0493,0.0537
stgcn,frame_missing_mild,11,writing,272,0.5245,0.3762,0.0202,0.1483
stgcn,frame_missing_mild,12,tear up paper,271,0.8954,0.8672,0.0074,0.0283
stgcn,frame_missing_mild,13,wear jacket,275,0.983,0.9782,0.0036,0.0048
stgcn,frame_missing_mild,14,take off jacket,276,0.9589,0.9505,0.0091,0.0085
stgcn,frame_missing_mild,15,wear a shoe,273,0.6545,0.5128,0.0204,0.1416
stgcn,frame_missing_mild,16,take off a shoe,274,0.7798,0.6922,0.0295,0.0876
stgcn,frame_missing_mild,17,wear on glasses,273,0.906,0.7875,0.019,0.1184
stgcn,frame_missing_mild,18,take off glasses,274,0.9343,0.8114,0.0553,0.1229
stgcn,frame_missing_mild,19,put on a hat/cap,272,0.9498,0.9277,0.0021,0.0221
stgcn,frame_missing_mild,20,take off a hat/cap,273,0.9731,0.956,0.0037,0.0171
stgcn,frame_missing_mild,21,cheer up,274,0.9234,0.9307,0.0132,-0.0073
stgcn,frame_missing_mild,22,hand waving,274,0.9063,0.8978,0.0036,0.0085
stgcn,frame_missing_mild,23,kicking something,276,0.9372,0.8925,0.0218,0.0447
stgcn,frame_missing_mild,24,reach into pocket,274,0.8358,0.708,0.0276,0.1277
stgcn,frame_missing_mild,25,hopping (one foot jumping),275,0.9879,0.9794,0.0021,0.0085
stgcn,frame_missing_mild,26,jump up,276,0.9964,0.9746,0.0063,0.0217
stgcn,frame_missing_mild,27,make a phone call/answer phone,275,0.8679,0.7661,0.0588,0.1018
stgcn,frame_missing_mild,28,playing with phone/tablet,275,0.6824,0.5758,0.0871,0.1067
stgcn,frame_missing_mild,29,typing on a keyboard,275,0.7515,0.6958,0.0571,0.0558
stgcn,frame_missing_mild,30,pointing to something with finger,276,0.7585,0.7476,0.0487,0.0109
stgcn,frame_missing_mild,31,taking a selfie,276,0.8925,0.8357,0.0247,0.0568
stgcn,frame_missing_mild,32,check time (from watch),276,0.8829,0.808,0.0288,0.0749
stgcn,frame_missing_mild,33,rub two hands together,276,0.8829,0.8261,0.0202,0.0568
stgcn,frame_missing_mild,34,nod head/bow,276,0.965,0.9565,0.0072,0.0085
stgcn,frame_missing_mild,35,shake head,275,0.9418,0.8727,0.0221,0.0691
stgcn,frame_missing_mild,36,wipe face,276,0.8321,0.7572,0.0382,0.0749
stgcn,frame_missing_mild,37,salute,276,0.9179,0.8768,0.0238,0.0411
stgcn,frame_missing_mild,38,put the palms together,276,0.9408,0.8961,0.0167,0.0447
stgcn,frame_missing_mild,39,cross hands in front (say stop),276,0.8998,0.8925,0.0186,0.0072
stgcn,frame_missing_mild,40,sneeze/cough,276,0.7379,0.6703,0.0274,0.0676
stgcn,frame_missing_mild,41,staggering,276,0.9915,0.9034,0.02,0.0882
stgcn,frame_missing_mild,42,falling,275,0.9855,0.9855,0.0,0.0
stgcn,frame_missing_mild,43,touch head (headache),276,0.7657,0.6932,0.0443,0.0725
stgcn,frame_missing_mild,44,touch chest (stomachache/heart pain),276,0.9058,0.913,0.0096,-0.0072
stgcn,frame_missing_mild,45,touch back (backache),276,0.9263,0.8756,0.0317,0.0507
stgcn,frame_missing_mild,46,touch neck (neckache),276,0.8816,0.8092,0.0335,0.0725
stgcn,frame_missing_mild,47,nausea or vomiting condition,275,0.8509,0.7745,0.0218,0.0764
stgcn,frame_missing_mild,48,use a fan (with hand or paper)/feeling warm,275,0.9261,0.8982,0.0063,0.0279
stgcn,frame_missing_mild,49,punching/slapping other person,274,0.8662,0.7908,0.0076,0.0754
stgcn,frame_missing_mild,50,kicking other person,276,0.9167,0.8563,0.0487,0.0604
stgcn,frame_missing_mild,51,pushing other person,276,0.971,0.9082,0.02,0.0628
stgcn,frame_missing_mild,52,pat on back of other person,276,0.942,0.9312,0.0158,0.0109
stgcn,frame_missing_mild,53,point finger at the other person,276,0.907,0.7077,0.0462,0.1993
stgcn,frame_missing_mild,54,hugging other person,274,0.9757,0.9684,0.0092,0.0073
stgcn,frame_missing_mild,55,giving something to other person,276,0.9348,0.8925,0.0042,0.0423
stgcn,frame_missing_mild,56,touch other person's pocket,275,0.9285,0.8145,0.0145,0.1139
stgcn,frame_missing_mild,57,handshaking,276,0.9517,0.8587,0.0166,0.093
stgcn,frame_missing_mild,58,walking towards each other,273,0.9939,0.9805,0.0056,0.0134
stgcn,frame_missing_mild,59,walking apart from each other,276,0.9626,0.9626,0.0105,0.0
stgcn,mixed_mild,0,drink water,274,0.8759,0.4878,0.0147,0.3881
stgcn,mixed_mild,1,eat meal/snack,275,0.7394,0.4303,0.0373,0.3091
stgcn,mixed_mild,2,brushing teeth,273,0.8584,0.3468,0.0883,0.5116
stgcn,mixed_mild,3,brushing hair,273,0.9048,0.4274,0.0208,0.4774
stgcn,mixed_mild,4,drop,275,0.8315,0.44,0.0549,0.3915
stgcn,mixed_mild,5,pickup,275,0.9527,0.76,0.0323,0.1927
stgcn,mixed_mild,6,throw,275,0.9115,0.6303,0.0111,0.2812
stgcn,mixed_mild,7,sitting down,273,0.9658,0.7534,0.0584,0.2125
stgcn,mixed_mild,8,standing up (from sitting position),273,0.9805,0.8437,0.0076,0.1368
stgcn,mixed_mild,9,clapping,273,0.7827,0.5177,0.0777,0.265
stgcn,mixed_mild,10,reading,273,0.6032,0.2833,0.1077,0.3199
stgcn,mixed_mild,11,writing,272,0.5245,0.3873,0.0785,0.1373
stgcn,mixed_mild,12,tear up paper,271,0.8954,0.5449,0.053,0.3506
stgcn,mixed_mild,13,wear jacket,275,0.983,0.9248,0.0237,0.0582
stgcn,mixed_mild,14,take off jacket,276,0.9589,0.8188,0.0036,0.1401
stgcn,mixed_mild,15,wear a shoe,273,0.6545,0.3626,0.0,0.2918
stgcn,mixed_mild,16,take off a shoe,274,0.7798,0.5109,0.0379,0.2689
stgcn,mixed_mild,17,wear on glasses,273,0.906,0.5824,0.0854,0.3236
stgcn,mixed_mild,18,take off glasses,274,0.9343,0.6192,0.0986,0.3151
stgcn,mixed_mild,19,put on a hat/cap,272,0.9498,0.6225,0.0363,0.3272
stgcn,mixed_mild,20,take off a hat/cap,273,0.9731,0.7082,0.0819,0.265
stgcn,mixed_mild,21,cheer up,274,0.9234,0.6703,0.0459,0.253
stgcn,mixed_mild,22,hand waving,274,0.9063,0.6302,0.045,0.2762
stgcn,mixed_mild,23,kicking something,276,0.9372,0.4251,0.1052,0.5121
stgcn,mixed_mild,24,reach into pocket,274,0.8358,0.3333,0.0746,0.5024
stgcn,mixed_mild,25,hopping (one foot jumping),275,0.9879,0.7152,0.0373,0.2727
stgcn,mixed_mild,26,jump up,276,0.9964,0.8104,0.0432,0.186
stgcn,mixed_mild,27,make a phone call/answer phone,275,0.8679,0.2885,0.053,0.5794
stgcn,mixed_mild,28,playing with phone/tablet,275,0.6824,0.2909,0.0441,0.3915
stgcn,mixed_mild,29,typing on a keyboard,275,0.7515,0.6667,0.044,0.0848
stgcn,mixed_mild,30,pointing to something with finger,276,0.7585,0.5024,0.0538,0.256
stgcn,mixed_mild,31,taking a selfie,276,0.8925,0.5616,0.0131,0.3309
stgcn,mixed_mild,32,check time (from watch),276,0.8829,0.5857,0.0513,0.2971
stgcn,mixed_mild,33,rub two hands together,276,0.8829,0.3901,0.1126,0.4928
stgcn,mixed_mild,34,nod head/bow,276,0.965,0.7077,0.0182,0.2572
stgcn,mixed_mild,35,shake head,275,0.9418,0.3588,0.0929,0.583
stgcn,mixed_mild,36,wipe face,276,0.8321,0.3007,0.0659,0.5314
stgcn,mixed_mild,37,salute,276,0.9179,0.4638,0.0412,0.4541
stgcn,mixed_mild,38,put the palms together,276,0.9408,0.4155,0.0774,0.5254
stgcn,mixed_mild,39,cross hands in front (say stop),276,0.8998,0.7234,0.0587,0.1763
stgcn,mixed_mild,40,sneeze/cough,276,0.7379,0.3442,0.0254,0.3937
stgcn,mixed_mild,41,staggering,276,0.9915,0.4263,0.0729,0.5652
stgcn,mixed_mild,42,falling,275,0.9855,0.7855,0.0932,0.2
stgcn,mixed_mild,43,touch head (headache),276,0.7657,0.3333,0.0914,0.4324
stgcn,mixed_mild,44,touch chest (stomachache/heart pain),276,0.9058,0.5592,0.0566,0.3466
stgcn,mixed_mild,45,touch back (backache),276,0.9263,0.5024,0.0443,0.4239
stgcn,mixed_mild,46,touch neck (neckache),276,0.8816,0.3454,0.064,0.5362
stgcn,mixed_mild,47,nausea or vomiting condition,275,0.8509,0.6279,0.0641,0.223
stgcn,mixed_mild,48,use a fan (with hand or paper)/feeling warm,275,0.9261,0.7891,0.0599,0.137
stgcn,mixed_mild,49,punching/slapping other person,274,0.8662,0.4611,0.0497,0.4051
stgcn,mixed_mild,50,kicking other person,276,0.9167,0.2923,0.0648,0.6244
stgcn,mixed_mild,51,pushing other person,276,0.971,0.4746,0.0349,0.4964
stgcn,mixed_mild,52,pat on back of other person,276,0.942,0.6051,0.0785,0.337
stgcn,mixed_mild,53,point finger at the other person,276,0.907,0.4094,0.0761,0.4976
stgcn,mixed_mild,54,hugging other person,274,0.9757,0.7105,0.0056,0.2652
stgcn,mixed_mild,55,giving something to other person,276,0.9348,0.5,0.0854,0.4348
stgcn,mixed_mild,56,touch other person's pocket,275,0.9285,0.457,0.1496,0.4715
stgcn,mixed_mild,57,handshaking,276,0.9517,0.4481,0.1194,0.5036
stgcn,mixed_mild,58,walking towards each other,273,0.9939,0.5458,0.0911,0.4481
stgcn,mixed_mild,59,walking apart from each other,276,0.9626,0.7886,0.0703,0.1739
stgcn,joint_missing_moderate,0,drink water,274,0.8759,0.0316,0.0269,0.8443
stgcn,joint_missing_moderate,1,eat meal/snack,275,0.7394,0.0606,0.0338,0.6788
stgcn,joint_missing_moderate,2,brushing teeth,273,0.8584,0.0049,0.0056,0.8535
stgcn,joint_missing_moderate,3,brushing hair,273,0.9048,0.0159,0.0112,0.8889
stgcn,joint_missing_moderate,4,drop,275,0.8315,0.0061,0.0076,0.8255
stgcn,joint_missing_moderate,5,pickup,275,0.9527,0.3345,0.2488,0.6182
stgcn,joint_missing_moderate,6,throw,275,0.9115,0.1358,0.021,0.7758
stgcn,joint_missing_moderate,7,sitting down,273,0.9658,0.0537,0.0582,0.9121
stgcn,joint_missing_moderate,8,standing up (from sitting position),273,0.9805,0.4994,0.0486,0.4811
stgcn,joint_missing_moderate,9,clapping,273,0.7827,0.1807,0.1783,0.602
stgcn,joint_missing_moderate,10,reading,273,0.6032,0.0672,0.1163,0.536
stgcn,joint_missing_moderate,11,writing,272,0.5245,0.364,0.2137,0.1605
stgcn,joint_missing_moderate,12,tear up paper,271,0.8954,0.1205,0.0464,0.7749
stgcn,joint_missing_moderate,13,wear jacket,275,0.983,0.7733,0.196,0.2097
stgcn,joint_missing_moderate,14,take off jacket,276,0.9589,0.6232,0.1186,0.3357
stgcn,joint_missing_moderate,15,wear a shoe,273,0.6545,0.1465,0.0542,0.5079
stgcn,joint_missing_moderate,16,take off a shoe,274,0.7798,0.1363,0.1432,0.6436
stgcn,joint_missing_moderate,17,wear on glasses,273,0.906,0.1697,0.1343,0.7363
stgcn,joint_missing_moderate,18,take off glasses,274,0.9343,0.1776,0.21,0.7567
stgcn,joint_missing_moderate,19,put on a hat/cap,272,0.9498,0.0539,0.0363,0.8958
stgcn,joint_missing_moderate,20,take off a hat/cap,273,0.9731,0.3516,0.0793,0.6215
stgcn,joint_missing_moderate,21,cheer up,274,0.9234,0.0706,0.0387,0.8528
stgcn,joint_missing_moderate,22,hand waving,274,0.9063,0.0292,0.0159,0.8771
stgcn,joint_missing_moderate,23,kicking something,276,0.9372,0.029,0.0471,0.9082
stgcn,joint_missing_moderate,24,reach into pocket,274,0.8358,0.0097,0.0169,0.826
stgcn,joint_missing_moderate,25,hopping (one foot jumping),275,0.9879,0.097,0.0976,0.8909
stgcn,joint_missing_moderate,26,jump up,276,0.9964,0.2331,0.2883,0.7633
stgcn,joint_missing_moderate,27,make a phone call/answer phone,275,0.8679,0.0012,0.0021,0.8667
stgcn,joint_missing_moderate,28,playing with phone/tablet,275,0.6824,0.1648,0.1506,0.5176
stgcn,joint_missing_moderate,29,typing on a keyboard,275,0.7515,0.7115,0.1665,0.04
stgcn,joint_missing_moderate,30,pointing to something with finger,276,0.7585,0.2548,0.2096,0.5036
stgcn,joint_missing_moderate,31,taking a selfie,276,0.8925,0.3092,0.1492,0.5833
stgcn,joint_missing_moderate,32,check time (from watch),276,0.8829,0.1932,0.1555,0.6896
stgcn,joint_missing_moderate,33,rub two hands together,276,0.8829,0.0821,0.1109,0.8007
stgcn,joint_missing_moderate,34,nod head/bow,276,0.965,0.2077,0.131,0.7572
stgcn,joint_missing_moderate,35,shake head,275,0.9418,0.0133,0.0105,0.9285
stgcn,joint_missing_moderate,36,wipe face,276,0.8321,0.058,0.0973,0.7742
stgcn,joint_missing_moderate,37,salute,276,0.9179,0.035,0.0459,0.8829
stgcn,joint_missing_moderate,38,put the palms together,276,0.9408,0.0459,0.0262,0.8949
stgcn,joint_missing_moderate,39,cross hands in front (say stop),276,0.8998,0.3998,0.207,0.5
stgcn,joint_missing_moderate,40,sneeze/cough,276,0.7379,0.0085,0.0055,0.7295
stgcn,joint_missing_moderate,41,staggering,276,0.9915,0.0036,0.0063,0.9879
stgcn,joint_missing_moderate,42,falling,275,0.9855,0.0352,0.033,0.9503
stgcn,joint_missing_moderate,43,touch head (headache),276,0.7657,0.0217,0.0072,0.744
stgcn,joint_missing_moderate,44,touch chest (stomachache/heart pain),276,0.9058,0.1643,0.0435,0.7415
stgcn,joint_missing_moderate,45,touch back (backache),276,0.9263,0.0459,0.02,0.8804
stgcn,joint_missing_moderate,46,touch neck (neckache),276,0.8816,0.0097,0.0111,0.872
stgcn,joint_missing_moderate,47,nausea or vomiting condition,275,0.8509,0.4533,0.2517,0.3976
stgcn,joint_missing_moderate,48,use a fan (with hand or paper)/feeling warm,275,0.9261,0.297,0.3022,0.6291
stgcn,joint_missing_moderate,49,punching/slapping other person,274,0.8662,0.0049,0.0056,0.8613
stgcn,joint_missing_moderate,50,kicking other person,276,0.9167,0.0,0.0,0.9167
stgcn,joint_missing_moderate,51,pushing other person,276,0.971,0.0121,0.0127,0.9589
stgcn,joint_missing_moderate,52,pat on back of other person,276,0.942,0.0145,0.0192,0.9275
stgcn,joint_missing_moderate,53,point finger at the other person,276,0.907,0.0097,0.0111,0.8973
stgcn,joint_missing_moderate,54,hugging other person,274,0.9757,0.1156,0.0821,0.8601
stgcn,joint_missing_moderate,55,giving something to other person,276,0.9348,0.0097,0.0167,0.9251
stgcn,joint_missing_moderate,56,touch other person's pocket,275,0.9285,0.0558,0.0934,0.8727
stgcn,joint_missing_moderate,57,handshaking,276,0.9517,0.0097,0.0167,0.942
stgcn,joint_missing_moderate,58,walking towards each other,273,0.9939,0.0879,0.0706,0.906
stgcn,joint_missing_moderate,59,walking apart from each other,276,0.9626,0.2536,0.203,0.7089
stgcn,limb_occlusion_moderate,0,drink water,274,0.8759,0.5109,0.0239,0.365
stgcn,limb_occlusion_moderate,1,eat meal/snack,275,0.7394,0.4642,0.0389,0.2752
stgcn,limb_occlusion_moderate,2,brushing teeth,273,0.8584,0.4969,0.0202,0.3614
stgcn,limb_occlusion_moderate,3,brushing hair,273,0.9048,0.6545,0.0238,0.2503
stgcn,limb_occlusion_moderate,4,drop,275,0.8315,0.6145,0.0159,0.217
stgcn,limb_occlusion_moderate,5,pickup,275,0.9527,0.6291,0.0701,0.3236
stgcn,limb_occlusion_moderate,6,throw,275,0.9115,0.6085,0.0138,0.303
stgcn,limb_occlusion_moderate,7,sitting down,273,0.9658,0.6874,0.0392,0.2784
stgcn,limb_occlusion_moderate,8,standing up (from sitting position),273,0.9805,0.6374,0.0097,0.3431
stgcn,limb_occlusion_moderate,9,clapping,273,0.7827,0.5287,0.0275,0.254
stgcn,limb_occlusion_moderate,10,reading,273,0.6032,0.431,0.0244,0.1722
stgcn,limb_occlusion_moderate,11,writing,272,0.5245,0.4547,0.0881,0.0699
stgcn,limb_occlusion_moderate,12,tear up paper,271,0.8954,0.647,0.0341,0.2485
stgcn,limb_occlusion_moderate,13,wear jacket,275,0.983,0.7503,0.0318,0.2327
stgcn,limb_occlusion_moderate,14,take off jacket,276,0.9589,0.7488,0.0146,0.2101
stgcn,limb_occlusion_moderate,15,wear a shoe,273,0.6545,0.37,0.0194,0.2845
stgcn,limb_occlusion_moderate,16,take off a shoe,274,0.7798,0.5645,0.0662,0.2153
stgcn,limb_occlusion_moderate,17,wear on glasses,273,0.906,0.6886,0.022,0.2173
stgcn,limb_occlusion_moderate,18,take off glasses,274,0.9343,0.7056,0.0259,0.2287
stgcn,limb_occlusion_moderate,19,put on a hat/cap,272,0.9498,0.6164,0.0393,0.3333
stgcn,limb_occlusion_moderate,20,take off a hat/cap,273,0.9731,0.6044,0.0147,0.3687
stgcn,limb_occlusion_moderate,21,cheer up,274,0.9234,0.6813,0.0056,0.2421
stgcn,limb_occlusion_moderate,22,hand waving,274,0.9063,0.5925,0.0138,0.3139
stgcn,limb_occlusion_moderate,23,kicking something,276,0.9372,0.7657,0.0638,0.1715
stgcn,limb_occlusion_moderate,24,reach into pocket,274,0.8358,0.6144,0.0092,0.2214
stgcn,limb_occlusion_moderate,25,hopping (one foot jumping),275,0.9879,0.863,0.0811,0.1248
stgcn,limb_occlusion_moderate,26,jump up,276,0.9964,0.7548,0.1164,0.2415
stgcn,limb_occlusion_moderate,27,make a phone call/answer phone,275,0.8679,0.5842,0.0147,0.2836
stgcn,limb_occlusion_moderate,28,playing with phone/tablet,275,0.6824,0.48,0.0364,0.2024
stgcn,limb_occlusion_moderate,29,typing on a keyboard,275,0.7515,0.4848,0.051,0.2667
stgcn,limb_occlusion_moderate,30,pointing to something with finger,276,0.7585,0.4928,0.0226,0.2657
stgcn,limb_occlusion_moderate,31,taking a selfie,276,0.8925,0.5556,0.0021,0.337
stgcn,limb_occlusion_moderate,32,check time (from watch),276,0.8829,0.4807,0.0267,0.4022
stgcn,limb_occlusion_moderate,33,rub two hands together,276,0.8829,0.628,0.0209,0.2548
stgcn,limb_occlusion_moderate,34,nod head/bow,276,0.965,0.5676,0.037,0.3973
stgcn,limb_occlusion_moderate,35,shake head,275,0.9418,0.6291,0.0454,0.3127
stgcn,limb_occlusion_moderate,36,wipe face,276,0.8321,0.4553,0.0327,0.3768
stgcn,limb_occlusion_moderate,37,salute,276,0.9179,0.529,0.0036,0.3889
stgcn,limb_occlusion_moderate,38,put the palms together,276,0.9408,0.657,0.0312,0.2838
stgcn,limb_occlusion_moderate,39,cross hands in front (say stop),276,0.8998,0.5495,0.0544,0.3502
stgcn,limb_occlusion_moderate,40,sneeze/cough,276,0.7379,0.3889,0.0105,0.349
stgcn,limb_occlusion_moderate,41,staggering,276,0.9915,0.8611,0.0544,0.1304
stgcn,limb_occlusion_moderate,42,falling,275,0.9855,0.8824,0.0546,0.103
stgcn,limb_occlusion_moderate,43,touch head (headache),276,0.7657,0.4783,0.0332,0.2874
stgcn,limb_occlusion_moderate,44,touch chest (stomachache/heart pain),276,0.9058,0.6872,0.0151,0.2186
stgcn,limb_occlusion_moderate,45,touch back (backache),276,0.9263,0.7186,0.052,0.2077
stgcn,limb_occlusion_moderate,46,touch neck (neckache),276,0.8816,0.6196,0.031,0.2621
stgcn,limb_occlusion_moderate,47,nausea or vomiting condition,275,0.8509,0.5127,0.0489,0.3382
stgcn,limb_occlusion_moderate,48,use a fan (with hand or paper)/feeling warm,275,0.9261,0.6012,0.0138,0.3248
stgcn,limb_occlusion_moderate,49,punching/slapping other person,274,0.8662,0.5328,0.0448,0.3333
stgcn,limb_occlusion_moderate,50,kicking other person,276,0.9167,0.5314,0.0492,0.3853
stgcn,limb_occlusion_moderate,51,pushing other person,276,0.971,0.75,0.0441,0.221
stgcn,limb_occlusion_moderate,52,pat on back of other person,276,0.942,0.6461,0.0699,0.2959
stgcn,limb_occlusion_moderate,53,point finger at the other person,276,0.907,0.3792,0.0495,0.5278
stgcn,limb_occlusion_moderate,54,hugging other person,274,0.9757,0.7348,0.0256,0.2409
stgcn,limb_occlusion_moderate,55,giving something to other person,276,0.9348,0.6836,0.02,0.2512
stgcn,limb_occlusion_moderate,56,touch other person's pocket,275,0.9285,0.7345,0.0333,0.1939
stgcn,limb_occlusion_moderate,57,handshaking,276,0.9517,0.6341,0.0158,0.3176
stgcn,limb_occlusion_moderate,58,walking towards each other,273,0.9939,0.9304,0.0204,0.0635
stgcn,limb_occlusion_moderate,59,walking apart from each other,276,0.9626,0.9372,0.0055,0.0254
stgcn,coord_noise_moderate,0,drink water,274,0.8759,0.0061,0.0076,0.8698
stgcn,coord_noise_moderate,1,eat meal/snack,275,0.7394,0.097,0.1001,0.6424
stgcn,coord_noise_moderate,2,brushing teeth,273,0.8584,0.0073,0.0037,0.851
stgcn,coord_noise_moderate,3,brushing hair,273,0.9048,0.0147,0.0223,0.8901
stgcn,coord_noise_moderate,4,drop,275,0.8315,0.023,0.0258,0.8085
stgcn,coord_noise_moderate,5,pickup,275,0.9527,0.8424,0.0547,0.1103
stgcn,coord_noise_moderate,6,throw,275,0.9115,0.1879,0.0401,0.7236
stgcn,coord_noise_moderate,7,sitting down,273,0.9658,0.5275,0.2133,0.4383
stgcn,coord_noise_moderate,8,standing up (from sitting position),273,0.9805,0.7961,0.1412,0.1844
stgcn,coord_noise_moderate,9,clapping,273,0.7827,0.2625,0.1652,0.5201
stgcn,coord_noise_moderate,10,reading,273,0.6032,0.0672,0.0893,0.536
stgcn,coord_noise_moderate,11,writing,272,0.5245,0.4473,0.2692,0.0772
stgcn,coord_noise_moderate,12,tear up paper,271,0.8954,0.1169,0.0548,0.7786
stgcn,coord_noise_moderate,13,wear jacket,275,0.983,0.8764,0.1494,0.1067
stgcn,coord_noise_moderate,14,take off jacket,276,0.9589,0.5749,0.0965,0.3841
stgcn,coord_noise_moderate,15,wear a shoe,273,0.6545,0.3541,0.0188,0.3004
stgcn,coord_noise_moderate,16,take off a shoe,274,0.7798,0.2737,0.0762,0.5061
stgcn,coord_noise_moderate,17,wear on glasses,273,0.906,0.16,0.1235,0.746
stgcn,coord_noise_moderate,18,take off glasses,274,0.9343,0.0998,0.1254,0.8345
stgcn,coord_noise_moderate,19,put on a hat/cap,272,0.9498,0.0931,0.0258,0.8566
stgcn,coord_noise_moderate,20,take off a hat/cap,273,0.9731,0.2063,0.1261,0.7668
stgcn,coord_noise_moderate,21,cheer up,274,0.9234,0.2336,0.0733,0.6898
stgcn,coord_noise_moderate,22,hand waving,274,0.9063,0.1484,0.0945,0.7579
stgcn,coord_noise_moderate,23,kicking something,276,0.9372,0.1498,0.2078,0.7874
stgcn,coord_noise_moderate,24,reach into pocket,274,0.8358,0.0122,0.0117,0.8236
stgcn,coord_noise_moderate,25,hopping (one foot jumping),275,0.9879,0.103,0.0999,0.8848
stgcn,coord_noise_moderate,26,jump up,276,0.9964,0.4746,0.1992,0.5217
stgcn,coord_noise_moderate,27,make a phone call/answer phone,275,0.8679,0.0,0.0,0.8679
stgcn,coord_noise_moderate,28,playing with phone/tablet,275,0.6824,0.0727,0.0262,0.6097
stgcn,coord_noise_moderate,29,typing on a keyboard,275,0.7515,0.7345,0.1503,0.017
stgcn,coord_noise_moderate,30,pointing to something with finger,276,0.7585,0.3659,0.1538,0.3925
stgcn,coord_noise_moderate,31,taking a selfie,276,0.8925,0.1643,0.1071,0.7283
stgcn,coord_noise_moderate,32,check time (from watch),276,0.8829,0.1775,0.0474,0.7053
stgcn,coord_noise_moderate,33,rub two hands together,276,0.8829,0.0266,0.0257,0.8563
stgcn,coord_noise_moderate,34,nod head/bow,276,0.965,0.4517,0.0674,0.5133
stgcn,coord_noise_moderate,35,shake head,275,0.9418,0.0267,0.0021,0.9152
stgcn,coord_noise_moderate,36,wipe face,276,0.8321,0.0012,0.0021,0.8309
stgcn,coord_noise_moderate,37,salute,276,0.9179,0.0483,0.02,0.8696
stgcn,coord_noise_moderate,38,put the palms together,276,0.9408,0.0254,0.0261,0.9155
stgcn,coord_noise_moderate,39,cross hands in front (say stop),276,0.8998,0.5894,0.2469,0.3104
stgcn,coord_noise_moderate,40,sneeze/cough,276,0.7379,0.0169,0.0167,0.721
stgcn,coord_noise_moderate,41,staggering,276,0.9915,0.0833,0.0735,0.9082
stgcn,coord_noise_moderate,42,falling,275,0.9855,0.8364,0.0516,0.1491
stgcn,coord_noise_moderate,43,touch head (headache),276,0.7657,0.0725,0.0924,0.6932
stgcn,coord_noise_moderate,44,touch chest (stomachache/heart pain),276,0.9058,0.1715,0.0564,0.7343
stgcn,coord_noise_moderate,45,touch back (backache),276,0.9263,0.0652,0.0158,0.8611
stgcn,coord_noise_moderate,46,touch neck (neckache),276,0.8816,0.0036,0.0036,0.878
stgcn,coord_noise_moderate,47,nausea or vomiting condition,275,0.8509,0.5806,0.1864,0.2703
stgcn,coord_noise_moderate,48,use a fan (with hand or paper)/feeling warm,275,0.9261,0.6303,0.3161,0.2958
stgcn,coord_noise_moderate,49,punching/slapping other person,274,0.8662,0.1022,0.1302,0.764
stgcn,coord_noise_moderate,50,kicking other person,276,0.9167,0.0266,0.046,0.8901
stgcn,coord_noise_moderate,51,pushing other person,276,0.971,0.0048,0.0055,0.9662
stgcn,coord_noise_moderate,52,pat on back of other person,276,0.942,0.2307,0.2963,0.7114
stgcn,coord_noise_moderate,53,point finger at the other person,276,0.907,0.3973,0.3229,0.5097
stgcn,coord_noise_moderate,54,hugging other person,274,0.9757,0.2105,0.0869,0.7652
stgcn,coord_noise_moderate,55,giving something to other person,276,0.9348,0.0242,0.0418,0.9106
stgcn,coord_noise_moderate,56,touch other person's pocket,275,0.9285,0.1479,0.1296,0.7806
stgcn,coord_noise_moderate,57,handshaking,276,0.9517,0.1196,0.1651,0.8321
stgcn,coord_noise_moderate,58,walking towards each other,273,0.9939,0.5885,0.2496,0.4054
stgcn,coord_noise_moderate,59,walking apart from each other,276,0.9626,0.3865,0.4772,0.5761
stgcn,frame_missing_moderate,0,drink water,274,0.8759,0.7336,0.0312,0.1423
stgcn,frame_missing_moderate,1,eat meal/snack,275,0.7394,0.5406,0.0314,0.1988
stgcn,frame_missing_moderate,2,brushing teeth,273,0.8584,0.6923,0.016,0.1661
stgcn,frame_missing_moderate,3,brushing hair,273,0.9048,0.7668,0.0184,0.138
stgcn,frame_missing_moderate,4,drop,275,0.8315,0.7927,0.0568,0.0388
stgcn,frame_missing_moderate,5,pickup,275,0.9527,0.8521,0.02,0.1006
stgcn,frame_missing_moderate,6,throw,275,0.9115,0.84,0.0441,0.0715
stgcn,frame_missing_moderate,7,sitting down,273,0.9658,0.9121,0.0127,0.0537
stgcn,frame_missing_moderate,8,standing up (from sitting position),273,0.9805,0.9512,0.0092,0.0293
stgcn,frame_missing_moderate,9,clapping,273,0.7827,0.5971,0.0097,0.1856
stgcn,frame_missing_moderate,10,reading,273,0.6032,0.4298,0.0688,0.1734
stgcn,frame_missing_moderate,11,writing,272,0.5245,0.2145,0.0599,0.31
stgcn,frame_missing_moderate,12,tear up paper,271,0.8954,0.7823,0.0363,0.1132
stgcn,frame_missing_moderate,13,wear jacket,275,0.983,0.937,0.0076,0.0461
stgcn,frame_missing_moderate,14,take off jacket,276,0.9589,0.9227,0.02,0.0362
stgcn,frame_missing_moderate,15,wear a shoe,273,0.6545,0.3919,0.0581,0.2625
stgcn,frame_missing_moderate,16,take off a shoe,274,0.7798,0.5243,0.049,0.2555
stgcn,frame_missing_moderate,17,wear on glasses,273,0.906,0.5873,0.0495,0.3187
stgcn,frame_missing_moderate,18,take off glasses,274,0.9343,0.6861,0.0483,0.2482
stgcn,frame_missing_moderate,19,put on a hat/cap,272,0.9498,0.875,0.0265,0.0748
stgcn,frame_missing_moderate,20,take off a hat/cap,273,0.9731,0.7839,0.019,0.1893
stgcn,frame_missing_moderate,21,cheer up,274,0.9234,0.9258,0.0147,-0.0024
stgcn,frame_missing_moderate,22,hand waving,274,0.9063,0.8856,0.0076,0.0207
stgcn,frame_missing_moderate,23,kicking something,276,0.9372,0.8406,0.0641,0.0966
stgcn,frame_missing_moderate,24,reach into pocket,274,0.8358,0.6107,0.0694,0.2251
stgcn,frame_missing_moderate,25,hopping (one foot jumping),275,0.9879,0.9236,0.0131,0.0642
stgcn,frame_missing_moderate,26,jump up,276,0.9964,0.9143,0.0127,0.0821
stgcn,frame_missing_moderate,27,make a phone call/answer phone,275,0.8679,0.6436,0.0664,0.2242
stgcn,frame_missing_moderate,28,playing with phone/tablet,275,0.6824,0.3624,0.0694,0.32
stgcn,frame_missing_moderate,29,typing on a keyboard,275,0.7515,0.6982,0.0643,0.0533
stgcn,frame_missing_moderate,30,pointing to something with finger,276,0.7585,0.7923,0.0377,-0.0338
stgcn,frame_missing_moderate,31,taking a selfie,276,0.8925,0.6969,0.0797,0.1957
stgcn,frame_missing_moderate,32,check time (from watch),276,0.8829,0.7669,0.0649,0.1159
stgcn,frame_missing_moderate,33,rub two hands together,276,0.8829,0.6727,0.02,0.2101
stgcn,frame_missing_moderate,34,nod head/bow,276,0.965,0.9469,0.0055,0.0181
stgcn,frame_missing_moderate,35,shake head,275,0.9418,0.743,0.0338,0.1988
stgcn,frame_missing_moderate,36,wipe face,276,0.8321,0.628,0.0308,0.2041
stgcn,frame_missing_moderate,37,salute,276,0.9179,0.8804,0.0349,0.0374
stgcn,frame_missing_moderate,38,put the palms together,276,0.9408,0.779,0.0392,0.1618
stgcn,frame_missing_moderate,39,cross hands in front (say stop),276,0.8998,0.7355,0.0202,0.1643
stgcn,frame_missing_moderate,40,sneeze/cough,276,0.7379,0.535,0.0325,0.2029
stgcn,frame_missing_moderate,41,staggering,276,0.9915,0.7005,0.0739,0.2911
stgcn,frame_missing_moderate,42,falling,275,0.9855,0.9648,0.0207,0.0206
stgcn,frame_missing_moderate,43,touch head (headache),276,0.7657,0.6208,0.0179,0.1449
stgcn,frame_missing_moderate,44,touch chest (stomachache/heart pain),276,0.9058,0.872,0.0272,0.0338
stgcn,frame_missing_moderate,45,touch back (backache),276,0.9263,0.8502,0.0523,0.0761
stgcn,frame_missing_moderate,46,touch neck (neckache),276,0.8816,0.6558,0.0145,0.2258
stgcn,frame_missing_moderate,47,nausea or vomiting condition,275,0.8509,0.6788,0.0326,0.1721
stgcn,frame_missing_moderate,48,use a fan (with hand or paper)/feeling warm,275,0.9261,0.8679,0.0273,0.0582
stgcn,frame_missing_moderate,49,punching/slapping other person,274,0.8662,0.6788,0.0448,0.1873
stgcn,frame_missing_moderate,50,kicking other person,276,0.9167,0.7657,0.0381,0.151
stgcn,frame_missing_moderate,51,pushing other person,276,0.971,0.7585,0.0075,0.2126
stgcn,frame_missing_moderate,52,pat on back of other person,276,0.942,0.8756,0.023,0.0664
stgcn,frame_missing_moderate,53,point finger at the other person,276,0.907,0.6606,0.1313,0.2464
stgcn,frame_missing_moderate,54,hugging other person,274,0.9757,0.9161,0.0109,0.0596
stgcn,frame_missing_moderate,55,giving something to other person,276,0.9348,0.8297,0.0412,0.1051
stgcn,frame_missing_moderate,56,touch other person's pocket,275,0.9285,0.7261,0.0494,0.2024
stgcn,frame_missing_moderate,57,handshaking,276,0.9517,0.6715,0.0487,0.2802
stgcn,frame_missing_moderate,58,walking towards each other,273,0.9939,0.9365,0.0374,0.0574
stgcn,frame_missing_moderate,59,walking apart from each other,276,0.9626,0.9626,0.0042,0.0
stgcn,mixed_moderate,0,drink water,274,0.8759,0.1557,0.0147,0.7202
stgcn,mixed_moderate,1,eat meal/snack,275,0.7394,0.1309,0.0073,0.6085
stgcn,mixed_moderate,2,brushing teeth,273,0.8584,0.0977,0.0056,0.7607
stgcn,mixed_moderate,3,brushing hair,273,0.9048,0.1551,0.0021,0.7497
stgcn,mixed_moderate,4,drop,275,0.8315,0.1927,0.0369,0.6388
stgcn,mixed_moderate,5,pickup,275,0.9527,0.3685,0.1031,0.5842
stgcn,mixed_moderate,6,throw,275,0.9115,0.2485,0.0213,0.663
stgcn,mixed_moderate,7,sitting down,273,0.9658,0.2503,0.0458,0.7155
stgcn,mixed_moderate,8,standing up (from sitting position),273,0.9805,0.4286,0.0576,0.5519
stgcn,mixed_moderate,9,clapping,273,0.7827,0.1856,0.0526,0.5971
stgcn,mixed_moderate,10,reading,273,0.6032,0.149,0.0421,0.4542
stgcn,mixed_moderate,11,writing,272,0.5245,0.3713,0.1122,0.1532
stgcn,mixed_moderate,12,tear up paper,271,0.8954,0.2103,0.0266,0.6851
stgcn,mixed_moderate,13,wear jacket,275,0.983,0.5188,0.1434,0.4642
stgcn,mixed_moderate,14,take off jacket,276,0.9589,0.372,0.0151,0.587
stgcn,mixed_moderate,15,wear a shoe,273,0.6545,0.1221,0.0112,0.5324
stgcn,mixed_moderate,16,take off a shoe,274,0.7798,0.2628,0.0897,0.517
stgcn,mixed_moderate,17,wear on glasses,273,0.906,0.1636,0.0534,0.7424
stgcn,mixed_moderate,18,take off glasses,274,0.9343,0.2129,0.0748,0.7214
stgcn,mixed_moderate,19,put on a hat/cap,272,0.9498,0.2096,0.0265,0.7402
stgcn,mixed_moderate,20,take off a hat/cap,273,0.9731,0.3114,0.0361,0.6618
stgcn,mixed_moderate,21,cheer up,274,0.9234,0.2932,0.018,0.6302
stgcn,mixed_moderate,22,hand waving,274,0.9063,0.2786,0.042,0.6277
stgcn,mixed_moderate,23,kicking something,276,0.9372,0.18,0.0545,0.7572
stgcn,mixed_moderate,24,reach into pocket,274,0.8358,0.1302,0.0147,0.7056
stgcn,mixed_moderate,25,hopping (one foot jumping),275,0.9879,0.2545,0.0255,0.7333
stgcn,mixed_moderate,26,jump up,276,0.9964,0.3043,0.0722,0.692
stgcn,mixed_moderate,27,make a phone call/answer phone,275,0.8679,0.1212,0.0111,0.7467
stgcn,mixed_moderate,28,playing with phone/tablet,275,0.6824,0.1491,0.0447,0.5333
stgcn,mixed_moderate,29,typing on a keyboard,275,0.7515,0.6109,0.081,0.1406
stgcn,mixed_moderate,30,pointing to something with finger,276,0.7585,0.2826,0.1056,0.4758
stgcn,mixed_moderate,31,taking a selfie,276,0.8925,0.2476,0.0257,0.6449
stgcn,mixed_moderate,32,check time (from watch),276,0.8829,0.2403,0.0471,0.6425
stgcn,mixed_moderate,33,rub two hands together,276,0.8829,0.1377,0.0471,0.7452
stgcn,mixed_moderate,34,nod head/bow,276,0.965,0.3019,0.0459,0.663
stgcn,mixed_moderate,35,shake head,275,0.9418,0.1382,0.0109,0.8036
stgcn,mixed_moderate,36,wipe face,276,0.8321,0.1268,0.0288,0.7053
stgcn,mixed_moderate,37,salute,276,0.9179,0.163,0.0158,0.7548
stgcn,mixed_moderate,38,put the palms together,276,0.9408,0.1461,0.0146,0.7947
stgcn,mixed_moderate,39,cross hands in front (say stop),276,0.8998,0.3031,0.0815,0.5966
stgcn,mixed_moderate,40,sneeze/cough,276,0.7379,0.0688,0.0072,0.6691
stgcn,mixed_moderate,41,staggering,276,0.9915,0.1667,0.0072,0.8249
stgcn,mixed_moderate,42,falling,275,0.9855,0.3418,0.0378,0.6436
stgcn,mixed_moderate,43,touch head (headache),276,0.7657,0.1449,0.0408,0.6208
stgcn,mixed_moderate,44,touch chest (stomachache/heart pain),276,0.9058,0.2246,0.0399,0.6812
stgcn,mixed_moderate,45,touch back (backache),276,0.9263,0.1944,0.0179,0.7319
stgcn,mixed_moderate,46,touch neck (neckache),276,0.8816,0.122,0.0091,0.7597
stgcn,mixed_moderate,47,nausea or vomiting condition,275,0.8509,0.3261,0.1113,0.5248
stgcn,mixed_moderate,48,use a fan (with hand or paper)/feeling warm,275,0.9261,0.3903,0.1113,0.5358
stgcn,mixed_moderate,49,punching/slapping other person,274,0.8662,0.1496,0.0348,0.7165
stgcn,mixed_moderate,50,kicking other person,276,0.9167,0.1377,0.0238,0.779
stgcn,mixed_moderate,51,pushing other person,276,0.971,0.1727,0.0111,0.7983
stgcn,mixed_moderate,52,pat on back of other person,276,0.942,0.2862,0.1318,0.6558
stgcn,mixed_moderate,53,point finger at the other person,276,0.907,0.1655,0.0492,0.7415
stgcn,mixed_moderate,54,hugging other person,274,0.9757,0.326,0.0453,0.6496
stgcn,mixed_moderate,55,giving something to other person,276,0.9348,0.1824,0.0127,0.7524
stgcn,mixed_moderate,56,touch other person's pocket,275,0.9285,0.2145,0.0509,0.7139
stgcn,mixed_moderate,57,handshaking,276,0.9517,0.1751,0.0437,0.7766
stgcn,mixed_moderate,58,walking towards each other,273,0.9939,0.293,0.073,0.7009
stgcn,mixed_moderate,59,walking apart from each other,276,0.9626,0.343,0.1315,0.6196
stgcn,joint_missing_severe,0,drink water,274,0.8759,0.0012,0.0021,0.8747
stgcn,joint_missing_severe,1,eat meal/snack,275,0.7394,0.0012,0.0021,0.7382
stgcn,joint_missing_severe,2,brushing teeth,273,0.8584,0.0,0.0,0.8584
stgcn,joint_missing_severe,3,brushing hair,273,0.9048,0.0,0.0,0.9048
stgcn,joint_missing_severe,4,drop,275,0.8315,0.0,0.0,0.8315
stgcn,joint_missing_severe,5,pickup,275,0.9527,0.0315,0.0373,0.9212
stgcn,joint_missing_severe,6,throw,275,0.9115,0.0109,0.0073,0.9006
stgcn,joint_missing_severe,7,sitting down,273,0.9658,0.0,0.0,0.9658
stgcn,joint_missing_severe,8,standing up (from sitting position),273,0.9805,0.0195,0.0118,0.9609
stgcn,joint_missing_severe,9,clapping,273,0.7827,0.0244,0.0392,0.7582
stgcn,joint_missing_severe,10,reading,273,0.6032,0.0073,0.0127,0.5958
stgcn,joint_missing_severe,11,writing,272,0.5245,0.4743,0.2066,0.0502
stgcn,joint_missing_severe,12,tear up paper,271,0.8954,0.0074,0.0064,0.8881
stgcn,joint_missing_severe,13,wear jacket,275,0.983,0.1273,0.1657,0.8558
stgcn,joint_missing_severe,14,take off jacket,276,0.9589,0.0507,0.0575,0.9082
stgcn,joint_missing_severe,15,wear a shoe,273,0.6545,0.0232,0.0338,0.6313
stgcn,joint_missing_severe,16,take off a shoe,274,0.7798,0.0316,0.0517,0.7482
stgcn,joint_missing_severe,17,wear on glasses,273,0.906,0.0232,0.0208,0.8828
stgcn,joint_missing_severe,18,take off glasses,274,0.9343,0.0401,0.0695,0.8942
stgcn,joint_missing_severe,19,put on a hat/cap,272,0.9498,0.0,0.0,0.9498
stgcn,joint_missing_severe,20,take off a hat/cap,273,0.9731,0.0391,0.0388,0.9341
stgcn,joint_missing_severe,21,cheer up,274,0.9234,0.0012,0.0021,0.9221
stgcn,joint_missing_severe,22,hand waving,274,0.9063,0.0,0.0,0.9063
stgcn,joint_missing_severe,23,kicking something,276,0.9372,0.0,0.0,0.9372
stgcn,joint_missing_severe,24,reach into pocket,274,0.8358,0.0,0.0,0.8358
stgcn,joint_missing_severe,25,hopping (one foot jumping),275,0.9879,0.0,0.0,0.9879
stgcn,joint_missing_severe,26,jump up,276,0.9964,0.0085,0.0146,0.9879
stgcn,joint_missing_severe,27,make a phone call/answer phone,275,0.8679,0.0,0.0,0.8679
stgcn,joint_missing_severe,28,playing with phone/tablet,275,0.6824,0.1636,0.1601,0.5188
stgcn,joint_missing_severe,29,typing on a keyboard,275,0.7515,0.4788,0.2756,0.2727
stgcn,joint_missing_severe,30,pointing to something with finger,276,0.7585,0.1546,0.1402,0.6039
stgcn,joint_missing_severe,31,taking a selfie,276,0.8925,0.2705,0.2061,0.622
stgcn,joint_missing_severe,32,check time (from watch),276,0.8829,0.0254,0.022,0.8575
stgcn,joint_missing_severe,33,rub two hands together,276,0.8829,0.0072,0.0126,0.8756
stgcn,joint_missing_severe,34,nod head/bow,276,0.965,0.0036,0.0063,0.9614
stgcn,joint_missing_severe,35,shake head,275,0.9418,0.0,0.0,0.9418
stgcn,joint_missing_severe,36,wipe face,276,0.8321,0.0193,0.0335,0.8128
stgcn,joint_missing_severe,37,salute,276,0.9179,0.0,0.0,0.9179
stgcn,joint_missing_severe,38,put the palms together,276,0.9408,0.0,0.0,0.9408
stgcn,joint_missing_severe,39,cross hands in front (say stop),276,0.8998,0.0519,0.0453,0.8478
stgcn,joint_missing_severe,40,sneeze/cough,276,0.7379,0.0,0.0,0.7379
stgcn,joint_missing_severe,41,staggering,276,0.9915,0.0012,0.0021,0.9903
stgcn,joint_missing_severe,42,falling,275,0.9855,0.0,0.0,0.9855
stgcn,joint_missing_severe,43,touch head (headache),276,0.7657,0.0085,0.0021,0.7572
stgcn,joint_missing_severe,44,touch chest (stomachache/heart pain),276,0.9058,0.0169,0.0127,0.8889
stgcn,joint_missing_severe,45,touch back (backache),276,0.9263,0.0,0.0,0.9263
stgcn,joint_missing_severe,46,touch neck (neckache),276,0.8816,0.0,0.0,0.8816
stgcn,joint_missing_severe,47,nausea or vomiting condition,275,0.8509,0.0764,0.0691,0.7745
stgcn,joint_missing_severe,48,use a fan (with hand or paper)/feeling warm,275,0.9261,0.0291,0.0504,0.897
stgcn,joint_missing_severe,49,punching/slapping other person,274,0.8662,0.0,0.0,0.8662
stgcn,joint_missing_severe,50,kicking other person,276,0.9167,0.0,0.0,0.9167
stgcn,joint_missing_severe,51,pushing other person,276,0.971,0.0024,0.0042,0.9686
stgcn,joint_missing_severe,52,pat on back of other person,276,0.942,0.0012,0.0021,0.9408
stgcn,joint_missing_severe,53,point finger at the other person,276,0.907,0.0,0.0,0.907
stgcn,joint_missing_severe,54,hugging other person,274,0.9757,0.0146,0.0159,0.9611
stgcn,joint_missing_severe,55,giving something to other person,276,0.9348,0.0,0.0,0.9348
stgcn,joint_missing_severe,56,touch other person's pocket,275,0.9285,0.017,0.0294,0.9115
stgcn,joint_missing_severe,57,handshaking,276,0.9517,0.0,0.0,0.9517
stgcn,joint_missing_severe,58,walking towards each other,273,0.9939,0.0403,0.0291,0.9536
stgcn,joint_missing_severe,59,walking apart from each other,276,0.9626,0.0906,0.0816,0.872
stgcn,limb_occlusion_severe,0,drink water,274,0.8759,0.337,0.0264,0.5389
stgcn,limb_occlusion_severe,1,eat meal/snack,275,0.7394,0.3079,0.0504,0.4315
stgcn,limb_occlusion_severe,2,brushing teeth,273,0.8584,0.337,0.016,0.5214
stgcn,limb_occlusion_severe,3,brushing hair,273,0.9048,0.4469,0.0256,0.4579
stgcn,limb_occlusion_severe,4,drop,275,0.8315,0.4739,0.0559,0.3576
stgcn,limb_occlusion_severe,5,pickup,275,0.9527,0.4218,0.0668,0.5309
stgcn,limb_occlusion_severe,6,throw,275,0.9115,0.3467,0.0147,0.5648
stgcn,limb_occlusion_severe,7,sitting down,273,0.9658,0.4322,0.0097,0.5336
stgcn,limb_occlusion_severe,8,standing up (from sitting position),273,0.9805,0.3993,0.0132,0.5812
stgcn,limb_occlusion_severe,9,clapping,273,0.7827,0.3455,0.0285,0.4371
stgcn,limb_occlusion_severe,10,reading,273,0.6032,0.3089,0.034,0.2943
stgcn,limb_occlusion_severe,11,writing,272,0.5245,0.4105,0.1148,0.114
stgcn,limb_occlusion_severe,12,tear up paper,271,0.8954,0.4711,0.0458,0.4244
stgcn,limb_occlusion_severe,13,wear jacket,275,0.983,0.4497,0.051,0.5333
stgcn,limb_occlusion_severe,14,take off jacket,276,0.9589,0.5314,0.0105,0.4275
stgcn,limb_occlusion_severe,15,wear a shoe,273,0.6545,0.199,0.0244,0.4554
stgcn,limb_occlusion_severe,16,take off a shoe,274,0.7798,0.399,0.0568,0.3808
stgcn,limb_occlusion_severe,17,wear on glasses,273,0.906,0.4811,0.0112,0.4249
stgcn,limb_occlusion_severe,18,take off glasses,274,0.9343,0.5195,0.0243,0.4148
stgcn,limb_occlusion_severe,19,put on a hat/cap,272,0.9498,0.4179,0.0342,0.5319
stgcn,limb_occlusion_severe,20,take off a hat/cap,273,0.9731,0.3773,0.0194,0.5958
stgcn,limb_occlusion_severe,21,cheer up,274,0.9234,0.4781,0.0073,0.4453
stgcn,limb_occlusion_severe,22,hand waving,274,0.9063,0.4015,0.0063,0.5049
stgcn,limb_occlusion_severe,23,kicking something,276,0.9372,0.5749,0.059,0.3623
stgcn,limb_occlusion_severe,24,reach into pocket,274,0.8358,0.4404,0.0274,0.3954
stgcn,limb_occlusion_severe,25,hopping (one foot jumping),275,0.9879,0.6667,0.0892,0.3212
stgcn,limb_occlusion_severe,26,jump up,276,0.9964,0.5012,0.096,0.4952
stgcn,limb_occlusion_severe,27,make a phone call/answer phone,275,0.8679,0.3794,0.0056,0.4885
stgcn,limb_occlusion_severe,28,playing with phone/tablet,275,0.6824,0.383,0.1303,0.2994
stgcn,limb_occlusion_severe,29,typing on a keyboard,275,0.7515,0.4861,0.0728,0.2655
stgcn,limb_occlusion_severe,30,pointing to something with finger,276,0.7585,0.3309,0.0267,0.4275
stgcn,limb_occlusion_severe,31,taking a selfie,276,0.8925,0.3237,0.0042,0.5688
stgcn,limb_occlusion_severe,32,check time (from watch),276,0.8829,0.3309,0.0151,0.5519
stgcn,limb_occlusion_severe,33,rub two hands together,276,0.8829,0.4891,0.0288,0.3937
stgcn,limb_occlusion_severe,34,nod head/bow,276,0.965,0.3635,0.0482,0.6014
stgcn,limb_occlusion_severe,35,shake head,275,0.9418,0.4133,0.0405,0.5285
stgcn,limb_occlusion_severe,36,wipe face,276,0.8321,0.2947,0.0327,0.5374
stgcn,limb_occlusion_severe,37,salute,276,0.9179,0.3587,0.0036,0.5592
stgcn,limb_occlusion_severe,38,put the palms together,276,0.9408,0.4553,0.0308,0.4855
stgcn,limb_occlusion_severe,39,cross hands in front (say stop),276,0.8998,0.3309,0.0617,0.5688
stgcn,limb_occlusion_severe,40,sneeze/cough,276,0.7379,0.2367,0.0146,0.5012
stgcn,limb_occlusion_severe,41,staggering,276,0.9915,0.6679,0.0822,0.3237
stgcn,limb_occlusion_severe,42,falling,275,0.9855,0.7006,0.0584,0.2848
stgcn,limb_occlusion_severe,43,touch head (headache),276,0.7657,0.3454,0.0295,0.4203
stgcn,limb_occlusion_severe,44,touch chest (stomachache/heart pain),276,0.9058,0.4952,0.0363,0.4106
stgcn,limb_occlusion_severe,45,touch back (backache),276,0.9263,0.5326,0.0629,0.3937
stgcn,limb_occlusion_severe,46,touch neck (neckache),276,0.8816,0.4251,0.0391,0.4565
stgcn,limb_occlusion_severe,47,nausea or vomiting condition,275,0.8509,0.3358,0.0473,0.5152
stgcn,limb_occlusion_severe,48,use a fan (with hand or paper)/feeling warm,275,0.9261,0.4024,0.0222,0.5236
stgcn,limb_occlusion_severe,49,punching/slapping other person,274,0.8662,0.3066,0.0385,0.5596
stgcn,limb_occlusion_severe,50,kicking other person,276,0.9167,0.1763,0.0163,0.7403
stgcn,limb_occlusion_severe,51,pushing other person,276,0.971,0.5,0.0474,0.471
stgcn,limb_occlusion_severe,52,pat on back of other person,276,0.942,0.3031,0.087,0.6389
stgcn,limb_occlusion_severe,53,point finger at the other person,276,0.907,0.1087,0.0316,0.7983
stgcn,limb_occlusion_severe,54,hugging other person,274,0.9757,0.3796,0.0312,0.5961
stgcn,limb_occlusion_severe,55,giving something to other person,276,0.9348,0.4529,0.0145,0.4819
stgcn,limb_occlusion_severe,56,touch other person's pocket,275,0.9285,0.4279,0.0455,0.5006
stgcn,limb_occlusion_severe,57,handshaking,276,0.9517,0.4203,0.0181,0.5314
stgcn,limb_occlusion_severe,58,walking towards each other,273,0.9939,0.8449,0.0786,0.149
stgcn,limb_occlusion_severe,59,walking apart from each other,276,0.9626,0.82,0.0525,0.1425
stgcn,coord_noise_severe,0,drink water,274,0.8759,0.0012,0.0021,0.8747
stgcn,coord_noise_severe,1,eat meal/snack,275,0.7394,0.0,0.0,0.7394
stgcn,coord_noise_severe,2,brushing teeth,273,0.8584,0.0,0.0,0.8584
stgcn,coord_noise_severe,3,brushing hair,273,0.9048,0.0012,0.0021,0.9035
stgcn,coord_noise_severe,4,drop,275,0.8315,0.0,0.0,0.8315
stgcn,coord_noise_severe,5,pickup,275,0.9527,0.177,0.1829,0.7758
stgcn,coord_noise_severe,6,throw,275,0.9115,0.0012,0.0021,0.9103
stgcn,coord_noise_severe,7,sitting down,273,0.9658,0.0562,0.079,0.9096
stgcn,coord_noise_severe,8,standing up (from sitting position),273,0.9805,0.1612,0.1373,0.8193
stgcn,coord_noise_severe,9,clapping,273,0.7827,0.0244,0.0202,0.7582
stgcn,coord_noise_severe,10,reading,273,0.6032,0.0073,0.0127,0.5958
stgcn,coord_noise_severe,11,writing,272,0.5245,0.7034,0.2212,-0.1789
stgcn,coord_noise_severe,12,tear up paper,271,0.8954,0.0025,0.0021,0.893
stgcn,coord_noise_severe,13,wear jacket,275,0.983,0.3976,0.474,0.5855
stgcn,coord_noise_severe,14,take off jacket,276,0.9589,0.006,0.0075,0.9529
stgcn,coord_noise_severe,15,wear a shoe,273,0.6545,0.083,0.0346,0.5714
stgcn,coord_noise_severe,16,take off a shoe,274,0.7798,0.0706,0.0528,0.7092
stgcn,coord_noise_severe,17,wear on glasses,273,0.906,0.0024,0.0021,0.9035
stgcn,coord_noise_severe,18,take off glasses,274,0.9343,0.0024,0.0042,0.9319
stgcn,coord_noise_severe,19,put on a hat/cap,272,0.9498,0.0,0.0,0.9498
stgcn,coord_noise_severe,20,take off a hat/cap,273,0.9731,0.0085,0.0118,0.9646
stgcn,coord_noise_severe,21,cheer up,274,0.9234,0.0024,0.0021,0.9209
stgcn,coord_noise_severe,22,hand waving,274,0.9063,0.0012,0.0021,0.9051
stgcn,coord_noise_severe,23,kicking something,276,0.9372,0.0048,0.0084,0.9324
stgcn,coord_noise_severe,24,reach into pocket,274,0.8358,0.0,0.0,0.8358
stgcn,coord_noise_severe,25,hopping (one foot jumping),275,0.9879,0.0,0.0,0.9879
stgcn,coord_noise_severe,26,jump up,276,0.9964,0.0,0.0,0.9964
stgcn,coord_noise_severe,27,make a phone call/answer phone,275,0.8679,0.0,0.0,0.8679
stgcn,coord_noise_severe,28,playing with phone/tablet,275,0.6824,0.0727,0.1228,0.6097
stgcn,coord_noise_severe,29,typing on a keyboard,275,0.7515,0.28,0.2116,0.4715
stgcn,coord_noise_severe,30,pointing to something with finger,276,0.7585,0.0495,0.0678,0.7089
stgcn,coord_noise_severe,31,taking a selfie,276,0.8925,0.0423,0.0576,0.8502
stgcn,coord_noise_severe,32,check time (from watch),276,0.8829,0.0036,0.0036,0.8792
stgcn,coord_noise_severe,33,rub two hands together,276,0.8829,0.0,0.0,0.8829
stgcn,coord_noise_severe,34,nod head/bow,276,0.965,0.0024,0.0042,0.9626
stgcn,coord_noise_severe,35,shake head,275,0.9418,0.0024,0.0042,0.9394
stgcn,coord_noise_severe,36,wipe face,276,0.8321,0.0,0.0,0.8321
stgcn,coord_noise_severe,37,salute,276,0.9179,0.0,0.0,0.9179
stgcn,coord_noise_severe,38,put the palms together,276,0.9408,0.0,0.0,0.9408
stgcn,coord_noise_severe,39,cross hands in front (say stop),276,0.8998,0.0374,0.0293,0.8623
stgcn,coord_noise_severe,40,sneeze/cough,276,0.7379,0.0,0.0,0.7379
stgcn,coord_noise_severe,41,staggering,276,0.9915,0.0,0.0,0.9915
stgcn,coord_noise_severe,42,falling,275,0.9855,0.0582,0.0492,0.9273
stgcn,coord_noise_severe,43,touch head (headache),276,0.7657,0.0012,0.0021,0.7645
stgcn,coord_noise_severe,44,touch chest (stomachache/heart pain),276,0.9058,0.0,0.0,0.9058
stgcn,coord_noise_severe,45,touch back (backache),276,0.9263,0.0374,0.0401,0.8889
stgcn,coord_noise_severe,46,touch neck (neckache),276,0.8816,0.0,0.0,0.8816
stgcn,coord_noise_severe,47,nausea or vomiting condition,275,0.8509,0.0473,0.0585,0.8036
stgcn,coord_noise_severe,48,use a fan (with hand or paper)/feeling warm,275,0.9261,0.0921,0.108,0.8339
stgcn,coord_noise_severe,49,punching/slapping other person,274,0.8662,0.0012,0.0021,0.865
stgcn,coord_noise_severe,50,kicking other person,276,0.9167,0.0,0.0,0.9167
stgcn,coord_noise_severe,51,pushing other person,276,0.971,0.0,0.0,0.971
stgcn,coord_noise_severe,52,pat on back of other person,276,0.942,0.0157,0.0163,0.9263
stgcn,coord_noise_severe,53,point finger at the other person,276,0.907,0.0157,0.0272,0.8913
stgcn,coord_noise_severe,54,hugging other person,274,0.9757,0.062,0.1075,0.9136
stgcn,coord_noise_severe,55,giving something to other person,276,0.9348,0.0,0.0,0.9348
stgcn,coord_noise_severe,56,touch other person's pocket,275,0.9285,0.0012,0.0021,0.9273
stgcn,coord_noise_severe,57,handshaking,276,0.9517,0.0,0.0,0.9517
stgcn,coord_noise_severe,58,walking towards each other,273,0.9939,0.4408,0.2047,0.5531
stgcn,coord_noise_severe,59,walking apart from each other,276,0.9626,0.3176,0.5408,0.6449
stgcn,frame_missing_severe,0,drink water,274,0.8759,0.562,0.0825,0.3139
stgcn,frame_missing_severe,1,eat meal/snack,275,0.7394,0.3709,0.0679,0.3685
stgcn,frame_missing_severe,2,brushing teeth,273,0.8584,0.5824,0.0564,0.2759
stgcn,frame_missing_severe,3,brushing hair,273,0.9048,0.6178,0.0464,0.2869
stgcn,frame_missing_severe,4,drop,275,0.8315,0.8085,0.0437,0.023
stgcn,frame_missing_severe,5,pickup,275,0.9527,0.6958,0.0294,0.257
stgcn,frame_missing_severe,6,throw,275,0.9115,0.6848,0.0187,0.2267
stgcn,frame_missing_severe,7,sitting down,273,0.9658,0.779,0.0148,0.1868
stgcn,frame_missing_severe,8,standing up (from sitting position),273,0.9805,0.8132,0.0818,0.1673
stgcn,frame_missing_severe,9,clapping,273,0.7827,0.4591,0.0312,0.3236
stgcn,frame_missing_severe,10,reading,273,0.6032,0.3565,0.0551,0.2466
stgcn,frame_missing_severe,11,writing,272,0.5245,0.1275,0.0478,0.3971
stgcn,frame_missing_severe,12,tear up paper,271,0.8954,0.6716,0.061,0.2239
stgcn,frame_missing_severe,13,wear jacket,275,0.983,0.8558,0.0414,0.1273
stgcn,frame_missing_severe,14,take off jacket,276,0.9589,0.8647,0.02,0.0942
stgcn,frame_missing_severe,15,wear a shoe,273,0.6545,0.4237,0.0508,0.2308
stgcn,frame_missing_severe,16,take off a shoe,274,0.7798,0.3869,0.0895,0.3929
stgcn,frame_missing_severe,17,wear on glasses,273,0.906,0.4505,0.0772,0.4554
stgcn,frame_missing_severe,18,take off glasses,274,0.9343,0.4221,0.0643,0.5122
stgcn,frame_missing_severe,19,put on a hat/cap,272,0.9498,0.7953,0.0139,0.1544
stgcn,frame_missing_severe,20,take off a hat/cap,273,0.9731,0.5751,0.0319,0.398
stgcn,frame_missing_severe,21,cheer up,274,0.9234,0.8418,0.0117,0.0815
stgcn,frame_missing_severe,22,hand waving,274,0.9063,0.7725,0.0534,0.1338
stgcn,frame_missing_severe,23,kicking something,276,0.9372,0.5954,0.1251,0.3418
stgcn,frame_missing_severe,24,reach into pocket,274,0.8358,0.4818,0.0239,0.354
stgcn,frame_missing_severe,25,hopping (one foot jumping),275,0.9879,0.8024,0.0172,0.1855
stgcn,frame_missing_severe,26,jump up,276,0.9964,0.6498,0.0456,0.3466
stgcn,frame_missing_severe,27,make a phone call/answer phone,275,0.8679,0.5527,0.1202,0.3152
stgcn,frame_missing_severe,28,playing with phone/tablet,275,0.6824,0.2364,0.0473,0.4461
stgcn,frame_missing_severe,29,typing on a keyboard,275,0.7515,0.6667,0.0661,0.0848
stgcn,frame_missing_severe,30,pointing to something with finger,276,0.7585,0.6667,0.0749,0.0918
stgcn,frame_missing_severe,31,taking a selfie,276,0.8925,0.5374,0.1357,0.3551
stgcn,frame_missing_severe,32,check time (from watch),276,0.8829,0.5109,0.0816,0.372
stgcn,frame_missing_severe,33,rub two hands together,276,0.8829,0.494,0.0384,0.3889
stgcn,frame_missing_severe,34,nod head/bow,276,0.965,0.8829,0.0055,0.0821
stgcn,frame_missing_severe,35,shake head,275,0.9418,0.4267,0.0296,0.5152
stgcn,frame_missing_severe,36,wipe face,276,0.8321,0.5133,0.0696,0.3188
stgcn,frame_missing_severe,37,salute,276,0.9179,0.7572,0.0523,0.1606
stgcn,frame_missing_severe,38,put the palms together,276,0.9408,0.4094,0.0498,0.5314
stgcn,frame_missing_severe,39,cross hands in front (say stop),276,0.8998,0.4614,0.0302,0.4384
stgcn,frame_missing_severe,40,sneeze/cough,276,0.7379,0.3708,0.0804,0.3671
stgcn,frame_missing_severe,41,staggering,276,0.9915,0.5386,0.1349,0.4529
stgcn,frame_missing_severe,42,falling,275,0.9855,0.8327,0.0621,0.1527
stgcn,frame_missing_severe,43,touch head (headache),276,0.7657,0.4843,0.0787,0.2814
stgcn,frame_missing_severe,44,touch chest (stomachache/heart pain),276,0.9058,0.7681,0.0383,0.1377
stgcn,frame_missing_severe,45,touch back (backache),276,0.9263,0.7838,0.1079,0.1425
stgcn,frame_missing_severe,46,touch neck (neckache),276,0.8816,0.4517,0.0438,0.43
stgcn,frame_missing_severe,47,nausea or vomiting condition,275,0.8509,0.4752,0.0736,0.3758
stgcn,frame_missing_severe,48,use a fan (with hand or paper)/feeling warm,275,0.9261,0.7988,0.0818,0.1273
stgcn,frame_missing_severe,49,punching/slapping other person,274,0.8662,0.4282,0.0337,0.438
stgcn,frame_missing_severe,50,kicking other person,276,0.9167,0.6171,0.1006,0.2995
stgcn,frame_missing_severe,51,pushing other person,276,0.971,0.5085,0.0846,0.4626
stgcn,frame_missing_severe,52,pat on back of other person,276,0.942,0.7295,0.0736,0.2126
stgcn,frame_missing_severe,53,point finger at the other person,276,0.907,0.4251,0.2096,0.4819
stgcn,frame_missing_severe,54,hugging other person,274,0.9757,0.8625,0.0423,0.1131
stgcn,frame_missing_severe,55,giving something to other person,276,0.9348,0.6486,0.0439,0.2862
stgcn,frame_missing_severe,56,touch other person's pocket,275,0.9285,0.6073,0.0441,0.3212
stgcn,frame_missing_severe,57,handshaking,276,0.9517,0.506,0.0459,0.4457
stgcn,frame_missing_severe,58,walking towards each other,273,0.9939,0.9096,0.0257,0.0842
stgcn,frame_missing_severe,59,walking apart from each other,276,0.9626,0.9263,0.0163,0.0362
stgcn,mixed_severe,0,drink water,274,0.8759,0.1131,0.0036,0.7628
stgcn,mixed_severe,1,eat meal/snack,275,0.7394,0.0739,0.0056,0.6655
stgcn,mixed_severe,2,brushing teeth,273,0.8584,0.0574,0.0042,0.801
stgcn,mixed_severe,3,brushing hair,273,0.9048,0.1172,0.0097,0.7875
stgcn,mixed_severe,4,drop,275,0.8315,0.1479,0.02,0.6836
stgcn,mixed_severe,5,pickup,275,0.9527,0.1612,0.0502,0.7915
stgcn,mixed_severe,6,throw,275,0.9115,0.1576,0.0056,0.7539
stgcn,mixed_severe,7,sitting down,273,0.9658,0.1294,0.0153,0.8364
stgcn,mixed_severe,8,standing up (from sitting position),273,0.9805,0.1575,0.0319,0.823
stgcn,mixed_severe,9,clapping,273,0.7827,0.072,0.0224,0.7106
stgcn,mixed_severe,10,reading,273,0.6032,0.0928,0.0184,0.5104
stgcn,mixed_severe,11,writing,272,0.5245,0.3885,0.1135,0.136
stgcn,mixed_severe,12,tear up paper,271,0.8954,0.1242,0.0351,0.7712
stgcn,mixed_severe,13,wear jacket,275,0.983,0.2327,0.1407,0.7503
stgcn,mixed_severe,14,take off jacket,276,0.9589,0.1667,0.0036,0.7923
stgcn,mixed_severe,15,wear a shoe,273,0.6545,0.0781,0.0312,0.5763
stgcn,mixed_severe,16,take off a shoe,274,0.7798,0.1399,0.0704,0.6399
stgcn,mixed_severe,17,wear on glasses,273,0.906,0.0867,0.0139,0.8193
stgcn,mixed_severe,18,take off glasses,274,0.9343,0.0937,0.0147,0.8406
stgcn,mixed_severe,19,put on a hat/cap,272,0.9498,0.163,0.0212,0.7868
stgcn,mixed_severe,20,take off a hat/cap,273,0.9731,0.149,0.0238,0.8242
stgcn,mixed_severe,21,cheer up,274,0.9234,0.1703,0.0446,0.753
stgcn,mixed_severe,22,hand waving,274,0.9063,0.1959,0.018,0.7105
stgcn,mixed_severe,23,kicking something,276,0.9372,0.1051,0.0261,0.8321
stgcn,mixed_severe,24,reach into pocket,274,0.8358,0.0937,0.0056,0.7421
stgcn,mixed_severe,25,hopping (one foot jumping),275,0.9879,0.1576,0.0042,0.8303
stgcn,mixed_severe,26,jump up,276,0.9964,0.1643,0.0171,0.8321
stgcn,mixed_severe,27,make a phone call/answer phone,275,0.8679,0.0836,0.0192,0.7842
stgcn,mixed_severe,28,playing with phone/tablet,275,0.6824,0.1467,0.0794,0.5358
stgcn,mixed_severe,29,typing on a keyboard,275,0.7515,0.4267,0.1055,0.3248
stgcn,mixed_severe,30,pointing to something with finger,276,0.7585,0.1606,0.0613,0.5978
stgcn,mixed_severe,31,taking a selfie,276,0.8925,0.1715,0.0726,0.721
stgcn,mixed_severe,32,check time (from watch),276,0.8829,0.099,0.02,0.7838
stgcn,mixed_severe,33,rub two hands together,276,0.8829,0.0725,0.0158,0.8104
stgcn,mixed_severe,34,nod head/bow,276,0.965,0.1437,0.0042,0.8213
stgcn,mixed_severe,35,shake head,275,0.9418,0.0812,0.0092,0.8606
stgcn,mixed_severe,36,wipe face,276,0.8321,0.087,0.0036,0.7452
stgcn,mixed_severe,37,salute,276,0.9179,0.122,0.0021,0.7959
stgcn,mixed_severe,38,put the palms together,276,0.9408,0.0688,0.0036,0.872
stgcn,mixed_severe,39,cross hands in front (say stop),276,0.8998,0.0773,0.0182,0.8225
stgcn,mixed_severe,40,sneeze/cough,276,0.7379,0.0386,0.0111,0.6993
stgcn,mixed_severe,41,staggering,276,0.9915,0.1075,0.0312,0.8841
stgcn,mixed_severe,42,falling,275,0.9855,0.1418,0.0238,0.8436
stgcn,mixed_severe,43,touch head (headache),276,0.7657,0.087,0.0188,0.6787
stgcn,mixed_severe,44,touch chest (stomachache/heart pain),276,0.9058,0.1316,0.0084,0.7742
stgcn,mixed_severe,45,touch back (backache),276,0.9263,0.1618,0.0435,0.7645
stgcn,mixed_severe,46,touch neck (neckache),276,0.8816,0.0797,0.0063,0.8019
stgcn,mixed_severe,47,nausea or vomiting condition,275,0.8509,0.0836,0.0252,0.7673
stgcn,mixed_severe,48,use a fan (with hand or paper)/feeling warm,275,0.9261,0.1745,0.0528,0.7515
stgcn,mixed_severe,49,punching/slapping other person,274,0.8662,0.0669,0.0056,0.7993
stgcn,mixed_severe,50,kicking other person,276,0.9167,0.0749,0.0206,0.8418
stgcn,mixed_severe,51,pushing other person,276,0.971,0.0882,0.0212,0.8829
stgcn,mixed_severe,52,pat on back of other person,276,0.942,0.1377,0.0507,0.8043
stgcn,mixed_severe,53,point finger at the other person,276,0.907,0.058,0.0326,0.849
stgcn,mixed_severe,54,hugging other person,274,0.9757,0.2032,0.0532,0.7725
stgcn,mixed_severe,55,giving something to other person,276,0.9348,0.1159,0.0096,0.8188
stgcn,mixed_severe,56,touch other person's pocket,275,0.9285,0.1297,0.0385,0.7988
stgcn,mixed_severe,57,handshaking,276,0.9517,0.1292,0.0116,0.8225
stgcn,mixed_severe,58,walking towards each other,273,0.9939,0.2308,0.0319,0.7631
stgcn,mixed_severe,59,walking apart from each other,276,0.9626,0.2246,0.094,0.7379
stgcnpp,clean,0,drink water,274,0.8637,0.8637,0.0208,0.0
stgcnpp,clean,1,eat meal/snack,275,0.7382,0.7382,0.0109,0.0
stgcnpp,clean,2,brushing teeth,273,0.8694,0.8694,0.0076,0.0
stgcnpp,clean,3,brushing hair,273,0.9267,0.9267,0.0132,0.0
stgcnpp,clean,4,drop,275,0.8848,0.8848,0.0117,0.0
stgcnpp,clean,5,pickup,275,0.9576,0.9576,0.0138,0.0
stgcnpp,clean,6,throw,275,0.9115,0.9115,0.0084,0.0
stgcnpp,clean,7,sitting down,273,0.9707,0.9707,0.0063,0.0
stgcnpp,clean,8,standing up (from sitting position),273,0.9792,0.9792,0.0042,0.0
stgcnpp,clean,9,clapping,273,0.812,0.812,0.0442,0.0
stgcnpp,clean,10,reading,273,0.5873,0.5873,0.0265,0.0
stgcnpp,clean,11,writing,272,0.5907,0.5907,0.0502,0.0
stgcnpp,clean,12,tear up paper,271,0.9139,0.9139,0.0119,0.0
stgcnpp,clean,13,wear jacket,275,0.983,0.983,0.0021,0.0
stgcnpp,clean,14,take off jacket,276,0.9734,0.9734,0.0084,0.0
stgcnpp,clean,15,wear a shoe,273,0.7131,0.7131,0.0513,0.0
stgcnpp,clean,16,take off a shoe,274,0.7798,0.7798,0.0339,0.0
stgcnpp,clean,17,wear on glasses,273,0.9206,0.9206,0.0112,0.0
stgcnpp,clean,18,take off glasses,274,0.9526,0.9526,0.0109,0.0
stgcnpp,clean,19,put on a hat/cap,272,0.9681,0.9681,0.0056,0.0
stgcnpp,clean,20,take off a hat/cap,273,0.9744,0.9744,0.0037,0.0
stgcnpp,clean,21,cheer up,274,0.9367,0.9367,0.0111,0.0
stgcnpp,clean,22,hand waving,274,0.9221,0.9221,0.0056,0.0
stgcnpp,clean,23,kicking something,276,0.9432,0.9432,0.0267,0.0
stgcnpp,clean,24,reach into pocket,274,0.8285,0.8285,0.0159,0.0
stgcnpp,clean,25,hopping (one foot jumping),275,0.9879,0.9879,0.0021,0.0
stgcnpp,clean,26,jump up,276,0.9988,0.9988,0.0021,0.0
stgcnpp,clean,27,make a phone call/answer phone,275,0.8933,0.8933,0.0084,0.0
stgcnpp,clean,28,playing with phone/tablet,275,0.7321,0.7321,0.02,0.0
stgcnpp,clean,29,typing on a keyboard,275,0.7309,0.7309,0.0063,0.0
stgcnpp,clean,30,pointing to something with finger,276,0.7766,0.7766,0.0084,0.0
stgcnpp,clean,31,taking a selfie,276,0.8925,0.8925,0.0241,0.0
stgcnpp,clean,32,check time (from watch),276,0.8973,0.8973,0.0137,0.0
stgcnpp,clean,33,rub two hands together,276,0.8913,0.8913,0.0181,0.0
stgcnpp,clean,34,nod head/bow,276,0.9674,0.9674,0.0063,0.0
stgcnpp,clean,35,shake head,275,0.9467,0.9467,0.0021,0.0
stgcnpp,clean,36,wipe face,276,0.8829,0.8829,0.0105,0.0
stgcnpp,clean,37,salute,276,0.9275,0.9275,0.0096,0.0
stgcnpp,clean,38,put the palms together,276,0.9348,0.9348,0.0158,0.0
stgcnpp,clean,39,cross hands in front (say stop),276,0.936,0.936,0.0137,0.0
stgcnpp,clean,40,sneeze/cough,276,0.7633,0.7633,0.0091,0.0
stgcnpp,clean,41,staggering,276,0.9952,0.9952,0.0055,0.0
stgcnpp,clean,42,falling,275,0.9891,0.9891,0.0036,0.0
stgcnpp,clean,43,touch head (headache),276,0.8164,0.8164,0.0387,0.0
stgcnpp,clean,44,touch chest (stomachache/heart pain),276,0.9312,0.9312,0.0226,0.0
stgcnpp,clean,45,touch back (backache),276,0.9312,0.9312,0.0036,0.0
stgcnpp,clean,46,touch neck (neckache),276,0.843,0.843,0.0182,0.0
stgcnpp,clean,47,nausea or vomiting condition,275,0.8448,0.8448,0.0147,0.0
stgcnpp,clean,48,use a fan (with hand or paper)/feeling warm,275,0.9224,0.9224,0.0168,0.0
stgcnpp,clean,49,punching/slapping other person,274,0.9027,0.9027,0.0021,0.0
stgcnpp,clean,50,kicking other person,276,0.936,0.936,0.0055,0.0
stgcnpp,clean,51,pushing other person,276,0.9601,0.9601,0.0063,0.0
stgcnpp,clean,52,pat on back of other person,276,0.9239,0.9239,0.0096,0.0
stgcnpp,clean,53,point finger at the other person,276,0.9058,0.9058,0.0192,0.0
stgcnpp,clean,54,hugging other person,274,0.983,0.983,0.0076,0.0
stgcnpp,clean,55,giving something to other person,276,0.9312,0.9312,0.0126,0.0
stgcnpp,clean,56,touch other person's pocket,275,0.9394,0.9394,0.0021,0.0
stgcnpp,clean,57,handshaking,276,0.9577,0.9577,0.0075,0.0
stgcnpp,clean,58,walking towards each other,273,0.9951,0.9951,0.0021,0.0
stgcnpp,clean,59,walking apart from each other,276,0.9686,0.9686,0.0021,0.0
stgcnpp,joint_missing_mild,0,drink water,274,0.8637,0.8662,0.0105,-0.0024
stgcnpp,joint_missing_mild,1,eat meal/snack,275,0.7382,0.5939,0.0426,0.1442
stgcnpp,joint_missing_mild,2,brushing teeth,273,0.8694,0.6178,0.1385,0.2515
stgcnpp,joint_missing_mild,3,brushing hair,273,0.9267,0.768,0.0488,0.1587
stgcnpp,joint_missing_mild,4,drop,275,0.8848,0.6473,0.0192,0.2376
stgcnpp,joint_missing_mild,5,pickup,275,0.9576,0.8327,0.0812,0.1248
stgcnpp,joint_missing_mild,6,throw,275,0.9115,0.6873,0.0262,0.2242
stgcnpp,joint_missing_mild,7,sitting down,273,0.9707,0.9133,0.0555,0.0574
stgcnpp,joint_missing_mild,8,standing up (from sitting position),273,0.9792,0.9548,0.0085,0.0244
stgcnpp,joint_missing_mild,9,clapping,273,0.812,0.6252,0.0385,0.1868
stgcnpp,joint_missing_mild,10,reading,273,0.5873,0.4689,0.0902,0.1184
stgcnpp,joint_missing_mild,11,writing,272,0.5907,0.5404,0.1613,0.0502
stgcnpp,joint_missing_mild,12,tear up paper,271,0.9139,0.7097,0.0693,0.2042
stgcnpp,joint_missing_mild,13,wear jacket,275,0.983,0.9879,0.0042,-0.0048
stgcnpp,joint_missing_mild,14,take off jacket,276,0.9734,0.936,0.0277,0.0374
stgcnpp,joint_missing_mild,15,wear a shoe,273,0.7131,0.7302,0.0885,-0.0171
stgcnpp,joint_missing_mild,16,take off a shoe,274,0.7798,0.5596,0.0699,0.2202
stgcnpp,joint_missing_mild,17,wear on glasses,273,0.9206,0.8217,0.0478,0.0989
stgcnpp,joint_missing_mild,18,take off glasses,274,0.9526,0.854,0.0276,0.0985
stgcnpp,joint_missing_mild,19,put on a hat/cap,272,0.9681,0.875,0.0351,0.0931
stgcnpp,joint_missing_mild,20,take off a hat/cap,273,0.9744,0.9194,0.011,0.0549
stgcnpp,joint_missing_mild,21,cheer up,274,0.9367,0.8333,0.0184,0.1034
stgcnpp,joint_missing_mild,22,hand waving,274,0.9221,0.7482,0.0395,0.174
stgcnpp,joint_missing_mild,23,kicking something,276,0.9432,0.6836,0.0966,0.2597
stgcnpp,joint_missing_mild,24,reach into pocket,274,0.8285,0.5669,0.1518,0.2616
stgcnpp,joint_missing_mild,25,hopping (one foot jumping),275,0.9879,0.9539,0.0056,0.0339
stgcnpp,joint_missing_mild,26,jump up,276,0.9988,0.9771,0.0091,0.0217
stgcnpp,joint_missing_mild,27,make a phone call/answer phone,275,0.8933,0.5709,0.0393,0.3224
stgcnpp,joint_missing_mild,28,playing with phone/tablet,275,0.7321,0.5309,0.171,0.2012
stgcnpp,joint_missing_mild,29,typing on a keyboard,275,0.7309,0.6,0.12,0.1309
stgcnpp,joint_missing_mild,30,pointing to something with finger,276,0.7766,0.4722,0.0674,0.3043
stgcnpp,joint_missing_mild,31,taking a selfie,276,0.8925,0.7971,0.0453,0.0954
stgcnpp,joint_missing_mild,32,check time (from watch),276,0.8973,0.6981,0.0447,0.1993
stgcnpp,joint_missing_mild,33,rub two hands together,276,0.8913,0.6232,0.1217,0.2681
stgcnpp,joint_missing_mild,34,nod head/bow,276,0.9674,0.901,0.0325,0.0664
stgcnpp,joint_missing_mild,35,shake head,275,0.9467,0.3552,0.08,0.5915
stgcnpp,joint_missing_mild,36,wipe face,276,0.8829,0.5725,0.1214,0.3104
stgcnpp,joint_missing_mild,37,salute,276,0.9275,0.8031,0.1075,0.1244
stgcnpp,joint_missing_mild,38,put the palms together,276,0.9348,0.7657,0.0613,0.1691
stgcnpp,joint_missing_mild,39,cross hands in front (say stop),276,0.936,0.9106,0.0111,0.0254
stgcnpp,joint_missing_mild,40,sneeze/cough,276,0.7633,0.5519,0.0487,0.2114
stgcnpp,joint_missing_mild,41,staggering,276,0.9952,0.5833,0.069,0.4118
stgcnpp,joint_missing_mild,42,falling,275,0.9891,0.8739,0.0873,0.1152
stgcnpp,joint_missing_mild,43,touch head (headache),276,0.8164,0.4928,0.0454,0.3237
stgcnpp,joint_missing_mild,44,touch chest (stomachache/heart pain),276,0.9312,0.8188,0.0322,0.1123
stgcnpp,joint_missing_mild,45,touch back (backache),276,0.9312,0.593,0.2415,0.3382
stgcnpp,joint_missing_mild,46,touch neck (neckache),276,0.843,0.4457,0.0807,0.3973
stgcnpp,joint_missing_mild,47,nausea or vomiting condition,275,0.8448,0.823,0.0092,0.0218
stgcnpp,joint_missing_mild,48,use a fan (with hand or paper)/feeling warm,275,0.9224,0.9394,0.0179,-0.017
stgcnpp,joint_missing_mild,49,punching/slapping other person,274,0.9027,0.4392,0.1035,0.4635
stgcnpp,joint_missing_mild,50,kicking other person,276,0.936,0.3877,0.1854,0.5483
stgcnpp,joint_missing_mild,51,pushing other person,276,0.9601,0.5157,0.1048,0.4444
stgcnpp,joint_missing_mild,52,pat on back of other person,276,0.9239,0.6763,0.1746,0.2476
stgcnpp,joint_missing_mild,53,point finger at the other person,276,0.9058,0.4457,0.1098,0.4601
stgcnpp,joint_missing_mild,54,hugging other person,274,0.983,0.955,0.0248,0.028
stgcnpp,joint_missing_mild,55,giving something to other person,276,0.9312,0.7017,0.0799,0.2295
stgcnpp,joint_missing_mild,56,touch other person's pocket,275,0.9394,0.7564,0.0802,0.183
stgcnpp,joint_missing_mild,57,handshaking,276,0.9577,0.6304,0.0929,0.3273
stgcnpp,joint_missing_mild,58,walking towards each other,273,0.9951,0.3773,0.0458,0.6178
stgcnpp,joint_missing_mild,59,walking apart from each other,276,0.9686,0.9686,0.0186,0.0
stgcnpp,limb_occlusion_mild,0,drink water,274,0.8637,0.7311,0.0264,0.1326
stgcnpp,limb_occlusion_mild,1,eat meal/snack,275,0.7382,0.5685,0.0296,0.1697
stgcnpp,limb_occlusion_mild,2,brushing teeth,273,0.8694,0.6728,0.0139,0.1966
stgcnpp,limb_occlusion_mild,3,brushing hair,273,0.9267,0.7949,0.0073,0.1319
stgcnpp,limb_occlusion_mild,4,drop,275,0.8848,0.7782,0.0227,0.1067
stgcnpp,limb_occlusion_mild,5,pickup,275,0.9576,0.8109,0.04,0.1467
stgcnpp,limb_occlusion_mild,6,throw,275,0.9115,0.783,0.0111,0.1285
stgcnpp,limb_occlusion_mild,7,sitting down,273,0.9707,0.8816,0.0645,0.0891
stgcnpp,limb_occlusion_mild,8,standing up (from sitting position),273,0.9792,0.9512,0.0188,0.0281
stgcnpp,limb_occlusion_mild,9,clapping,273,0.812,0.6447,0.0432,0.1673
stgcnpp,limb_occlusion_mild,10,reading,273,0.5873,0.5678,0.044,0.0195
stgcnpp,limb_occlusion_mild,11,writing,272,0.5907,0.5343,0.0466,0.0564
stgcnpp,limb_occlusion_mild,12,tear up paper,271,0.9139,0.7466,0.0234,0.1673
stgcnpp,limb_occlusion_mild,13,wear jacket,275,0.983,0.9394,0.0111,0.0436
stgcnpp,limb_occlusion_mild,14,take off jacket,276,0.9734,0.901,0.0267,0.0725
stgcnpp,limb_occlusion_mild,15,wear a shoe,273,0.7131,0.5263,0.0967,0.1868
stgcnpp,limb_occlusion_mild,16,take off a shoe,274,0.7798,0.6922,0.036,0.0876
stgcnpp,limb_occlusion_mild,17,wear on glasses,273,0.9206,0.8132,0.0127,0.1074
stgcnpp,limb_occlusion_mild,18,take off glasses,274,0.9526,0.8418,0.0111,0.1107
stgcnpp,limb_occlusion_mild,19,put on a hat/cap,272,0.9681,0.799,0.0386,0.1691
stgcnpp,limb_occlusion_mild,20,take off a hat/cap,273,0.9744,0.8339,0.0148,0.1404
stgcnpp,limb_occlusion_mild,21,cheer up,274,0.9367,0.8029,0.0132,0.1338
stgcnpp,limb_occlusion_mild,22,hand waving,274,0.9221,0.7786,0.0056,0.1436
stgcnpp,limb_occlusion_mild,23,kicking something,276,0.9432,0.8792,0.0236,0.064
stgcnpp,limb_occlusion_mild,24,reach into pocket,274,0.8285,0.7311,0.0117,0.0973
stgcnpp,limb_occlusion_mild,25,hopping (one foot jumping),275,0.9879,0.9648,0.0278,0.023
stgcnpp,limb_occlusion_mild,26,jump up,276,0.9988,0.9432,0.0293,0.0556
stgcnpp,limb_occlusion_mild,27,make a phone call/answer phone,275,0.8933,0.7261,0.0117,0.1673
stgcnpp,limb_occlusion_mild,28,playing with phone/tablet,275,0.7321,0.6036,0.0691,0.1285
stgcnpp,limb_occlusion_mild,29,typing on a keyboard,275,0.7309,0.6133,0.0172,0.1176
stgcnpp,limb_occlusion_mild,30,pointing to something with finger,276,0.7766,0.5978,0.0126,0.1787
stgcnpp,limb_occlusion_mild,31,taking a selfie,276,0.8925,0.7524,0.023,0.1401
stgcnpp,limb_occlusion_mild,32,check time (from watch),276,0.8973,0.7065,0.0096,0.1908
stgcnpp,limb_occlusion_mild,33,rub two hands together,276,0.8913,0.7428,0.0475,0.1486
stgcnpp,limb_occlusion_mild,34,nod head/bow,276,0.9674,0.7742,0.0084,0.1932
stgcnpp,limb_occlusion_mild,35,shake head,275,0.9467,0.7745,0.0036,0.1721
stgcnpp,limb_occlusion_mild,36,wipe face,276,0.8829,0.6872,0.0209,0.1957
stgcnpp,limb_occlusion_mild,37,salute,276,0.9275,0.7295,0.0091,0.1981
stgcnpp,limb_occlusion_mild,38,put the palms together,276,0.9348,0.7512,0.0459,0.1836
stgcnpp,limb_occlusion_mild,39,cross hands in front (say stop),276,0.936,0.663,0.0109,0.2729
stgcnpp,limb_occlusion_mild,40,sneeze/cough,276,0.7633,0.5483,0.02,0.215
stgcnpp,limb_occlusion_mild,41,staggering,276,0.9952,0.8744,0.0042,0.1208
stgcnpp,limb_occlusion_mild,42,falling,275,0.9891,0.9406,0.0234,0.0485
stgcnpp,limb_occlusion_mild,43,touch head (headache),276,0.8164,0.6196,0.0036,0.1969
stgcnpp,limb_occlusion_mild,44,touch chest (stomachache/heart pain),276,0.9312,0.8104,0.0163,0.1208
stgcnpp,limb_occlusion_mild,45,touch back (backache),276,0.9312,0.8925,0.0146,0.0386
stgcnpp,limb_occlusion_mild,46,touch neck (neckache),276,0.843,0.7017,0.0075,0.1413
stgcnpp,limb_occlusion_mild,47,nausea or vomiting condition,275,0.8448,0.5879,0.0164,0.257
stgcnpp,limb_occlusion_mild,48,use a fan (with hand or paper)/feeling warm,275,0.9224,0.8109,0.0131,0.1115
stgcnpp,limb_occlusion_mild,49,punching/slapping other person,274,0.9027,0.7238,0.0691,0.1788
stgcnpp,limb_occlusion_mild,50,kicking other person,276,0.936,0.8104,0.0254,0.1256
stgcnpp,limb_occlusion_mild,51,pushing other person,276,0.9601,0.8635,0.0447,0.0966
stgcnpp,limb_occlusion_mild,52,pat on back of other person,276,0.9239,0.8551,0.0181,0.0688
stgcnpp,limb_occlusion_mild,53,point finger at the other person,276,0.9058,0.6135,0.0904,0.2923
stgcnpp,limb_occlusion_mild,54,hugging other person,274,0.983,0.944,0.0111,0.0389
stgcnpp,limb_occlusion_mild,55,giving something to other person,276,0.9312,0.7874,0.0116,0.1437
stgcnpp,limb_occlusion_mild,56,touch other person's pocket,275,0.9394,0.8667,0.0294,0.0727
stgcnpp,limb_occlusion_mild,57,handshaking,276,0.9577,0.8019,0.0055,0.1558
stgcnpp,limb_occlusion_mild,58,walking towards each other,273,0.9951,0.7888,0.0868,0.2063
stgcnpp,limb_occlusion_mild,59,walking apart from each other,276,0.9686,0.9541,0.0137,0.0145
stgcnpp,coord_noise_mild,0,drink water,274,0.8637,0.4489,0.2877,0.4148
stgcnpp,coord_noise_mild,1,eat meal/snack,275,0.7382,0.4824,0.0686,0.2558
stgcnpp,coord_noise_mild,2,brushing teeth,273,0.8694,0.4799,0.176,0.3895
stgcnpp,coord_noise_mild,3,brushing hair,273,0.9267,0.5189,0.2084,0.4078
stgcnpp,coord_noise_mild,4,drop,275,0.8848,0.5139,0.1306,0.3709
stgcnpp,coord_noise_mild,5,pickup,275,0.9576,0.9285,0.0183,0.0291
stgcnpp,coord_noise_mild,6,throw,275,0.9115,0.5988,0.1113,0.3127
stgcnpp,coord_noise_mild,7,sitting down,273,0.9707,0.9389,0.0244,0.0317
stgcnpp,coord_noise_mild,8,standing up (from sitting position),273,0.9792,0.9609,0.0092,0.0183
stgcnpp,coord_noise_mild,9,clapping,273,0.812,0.5104,0.1175,0.3016
stgcnpp,coord_noise_mild,10,reading,273,0.5873,0.138,0.0582,0.4493
stgcnpp,coord_noise_mild,11,writing,272,0.5907,0.2659,0.2446,0.3248
stgcnpp,coord_noise_mild,12,tear up paper,271,0.9139,0.4982,0.0224,0.4157
stgcnpp,coord_noise_mild,13,wear jacket,275,0.983,0.9867,0.0056,-0.0036
stgcnpp,coord_noise_mild,14,take off jacket,276,0.9734,0.8696,0.0158,0.1039
stgcnpp,coord_noise_mild,15,wear a shoe,273,0.7131,0.6606,0.0249,0.0525
stgcnpp,coord_noise_mild,16,take off a shoe,274,0.7798,0.5572,0.0679,0.2226
stgcnpp,coord_noise_mild,17,wear on glasses,273,0.9206,0.8242,0.0286,0.0965
stgcnpp,coord_noise_mild,18,take off glasses,274,0.9526,0.7701,0.0842,0.1825
stgcnpp,coord_noise_mild,19,put on a hat/cap,272,0.9681,0.5637,0.0473,0.4044
stgcnpp,coord_noise_mild,20,take off a hat/cap,273,0.9744,0.5739,0.1661,0.4005
stgcnpp,coord_noise_mild,21,cheer up,274,0.9367,0.8273,0.0232,0.1095
stgcnpp,coord_noise_mild,22,hand waving,274,0.9221,0.7397,0.0128,0.1825
stgcnpp,coord_noise_mild,23,kicking something,276,0.9432,0.7899,0.1036,0.1534
stgcnpp,coord_noise_mild,24,reach into pocket,274,0.8285,0.5693,0.0474,0.2591
stgcnpp,coord_noise_mild,25,hopping (one foot jumping),275,0.9879,0.8158,0.0353,0.1721
stgcnpp,coord_noise_mild,26,jump up,276,0.9988,0.9227,0.046,0.0761
stgcnpp,coord_noise_mild,27,make a phone call/answer phone,275,0.8933,0.5467,0.1055,0.3467
stgcnpp,coord_noise_mild,28,playing with phone/tablet,275,0.7321,0.2424,0.275,0.4897
stgcnpp,coord_noise_mild,29,typing on a keyboard,275,0.7309,0.5673,0.0096,0.1636
stgcnpp,coord_noise_mild,30,pointing to something with finger,276,0.7766,0.6268,0.0445,0.1498
stgcnpp,coord_noise_mild,31,taking a selfie,276,0.8925,0.7935,0.0771,0.099
stgcnpp,coord_noise_mild,32,check time (from watch),276,0.8973,0.663,0.0691,0.2343
stgcnpp,coord_noise_mild,33,rub two hands together,276,0.8913,0.4155,0.064,0.4758
stgcnpp,coord_noise_mild,34,nod head/bow,276,0.9674,0.8599,0.052,0.1075
stgcnpp,coord_noise_mild,35,shake head,275,0.9467,0.1018,0.0464,0.8448
stgcnpp,coord_noise_mild,36,wipe face,276,0.8829,0.1425,0.0528,0.7403
stgcnpp,coord_noise_mild,37,salute,276,0.9275,0.814,0.0946,0.1135
stgcnpp,coord_noise_mild,38,put the palms together,276,0.9348,0.6075,0.2108,0.3273
stgcnpp,coord_noise_mild,39,cross hands in front (say stop),276,0.936,0.7742,0.0569,0.1618
stgcnpp,coord_noise_mild,40,sneeze/cough,276,0.7633,0.3949,0.0254,0.3684
stgcnpp,coord_noise_mild,41,staggering,276,0.9952,0.8575,0.0598,0.1377
stgcnpp,coord_noise_mild,42,falling,275,0.9891,0.977,0.0172,0.0121
stgcnpp,coord_noise_mild,43,touch head (headache),276,0.8164,0.3599,0.2306,0.4565
stgcnpp,coord_noise_mild,44,touch chest (stomachache/heart pain),276,0.9312,0.6365,0.0685,0.2947
stgcnpp,coord_noise_mild,45,touch back (backache),276,0.9312,0.3792,0.1684,0.5519
stgcnpp,coord_noise_mild,46,touch neck (neckache),276,0.843,0.401,0.1318,0.442
stgcnpp,coord_noise_mild,47,nausea or vomiting condition,275,0.8448,0.8448,0.0564,0.0
stgcnpp,coord_noise_mild,48,use a fan (with hand or paper)/feeling warm,275,0.9224,0.9321,0.0076,-0.0097
stgcnpp,coord_noise_mild,49,punching/slapping other person,274,0.9027,0.5499,0.0725,0.3528
stgcnpp,coord_noise_mild,50,kicking other person,276,0.936,0.5652,0.2513,0.3708
stgcnpp,coord_noise_mild,51,pushing other person,276,0.9601,0.337,0.1016,0.6232
stgcnpp,coord_noise_mild,52,pat on back of other person,276,0.9239,0.6908,0.1597,0.2331
stgcnpp,coord_noise_mild,53,point finger at the other person,276,0.9058,0.7258,0.1,0.18
stgcnpp,coord_noise_mild,54,hugging other person,274,0.983,0.8808,0.0952,0.1022
stgcnpp,coord_noise_mild,55,giving something to other person,276,0.9312,0.686,0.0524,0.2452
stgcnpp,coord_noise_mild,56,touch other person's pocket,275,0.9394,0.8048,0.0536,0.1345
stgcnpp,coord_noise_mild,57,handshaking,276,0.9577,0.6208,0.1088,0.337
stgcnpp,coord_noise_mild,58,walking towards each other,273,0.9951,0.7973,0.0692,0.1978
stgcnpp,coord_noise_mild,59,walking apart from each other,276,0.9686,0.9638,0.0158,0.0048
stgcnpp,frame_missing_mild,0,drink water,274,0.8637,0.8212,0.0239,0.0426
stgcnpp,frame_missing_mild,1,eat meal/snack,275,0.7382,0.6739,0.0389,0.0642
stgcnpp,frame_missing_mild,2,brushing teeth,273,0.8694,0.8156,0.0402,0.0537
stgcnpp,frame_missing_mild,3,brushing hair,273,0.9267,0.8987,0.0042,0.0281
stgcnpp,frame_missing_mild,4,drop,275,0.8848,0.8739,0.0273,0.0109
stgcnpp,frame_missing_mild,5,pickup,275,0.9576,0.9467,0.0056,0.0109
stgcnpp,frame_missing_mild,6,throw,275,0.9115,0.8933,0.0151,0.0182
stgcnpp,frame_missing_mild,7,sitting down,273,0.9707,0.9683,0.0056,0.0024
stgcnpp,frame_missing_mild,8,standing up (from sitting position),273,0.9792,0.9817,0.0037,-0.0024
stgcnpp,frame_missing_mild,9,clapping,273,0.812,0.7741,0.0425,0.0379
stgcnpp,frame_missing_mild,10,reading,273,0.5873,0.5495,0.0422,0.0379
stgcnpp,frame_missing_mild,11,writing,272,0.5907,0.5172,0.0546,0.0735
stgcnpp,frame_missing_mild,12,tear up paper,271,0.9139,0.8991,0.0335,0.0148
stgcnpp,frame_missing_mild,13,wear jacket,275,0.983,0.9733,0.0056,0.0097
stgcnpp,frame_missing_mild,14,take off jacket,276,0.9734,0.9601,0.0036,0.0133
stgcnpp,frame_missing_mild,15,wear a shoe,273,0.7131,0.5287,0.0879,0.1844
stgcnpp,frame_missing_mild,16,take off a shoe,274,0.7798,0.6983,0.0459,0.0815
stgcnpp,frame_missing_mild,17,wear on glasses,273,0.9206,0.8596,0.0381,0.0611
stgcnpp,frame_missing_mild,18,take off glasses,274,0.9526,0.8759,0.0097,0.0766
stgcnpp,frame_missing_mild,19,put on a hat/cap,272,0.9681,0.9252,0.0233,0.0429
stgcnpp,frame_missing_mild,20,take off a hat/cap,273,0.9744,0.9475,0.0118,0.0269
stgcnpp,frame_missing_mild,21,cheer up,274,0.9367,0.9489,0.0036,-0.0122
stgcnpp,frame_missing_mild,22,hand waving,274,0.9221,0.8881,0.0208,0.0341
stgcnpp,frame_missing_mild,23,kicking something,276,0.9432,0.942,0.0166,0.0012
stgcnpp,frame_missing_mild,24,reach into pocket,274,0.8285,0.719,0.0203,0.1095
stgcnpp,frame_missing_mild,25,hopping (one foot jumping),275,0.9879,0.9782,0.0063,0.0097
stgcnpp,frame_missing_mild,26,jump up,276,0.9988,0.9891,0.0063,0.0097
stgcnpp,frame_missing_mild,27,make a phone call/answer phone,275,0.8933,0.7176,0.0294,0.1758
stgcnpp,frame_missing_mild,28,playing with phone/tablet,275,0.7321,0.697,0.0275,0.0352
stgcnpp,frame_missing_mild,29,typing on a keyboard,275,0.7309,0.6752,0.0179,0.0558
stgcnpp,frame_missing_mild,30,pointing to something with finger,276,0.7766,0.7754,0.0378,0.0012
stgcnpp,frame_missing_mild,31,taking a selfie,276,0.8925,0.8551,0.0403,0.0374
stgcnpp,frame_missing_mild,32,check time (from watch),276,0.8973,0.8514,0.031,0.0459
stgcnpp,frame_missing_mild,33,rub two hands together,276,0.8913,0.8478,0.0383,0.0435
stgcnpp,frame_missing_mild,34,nod head/bow,276,0.9674,0.9469,0.0105,0.0205
stgcnpp,frame_missing_mild,35,shake head,275,0.9467,0.9042,0.0378,0.0424
stgcnpp,frame_missing_mild,36,wipe face,276,0.8829,0.8068,0.0186,0.0761
stgcnpp,frame_missing_mild,37,salute,276,0.9275,0.9227,0.0091,0.0048
stgcnpp,frame_missing_mild,38,put the palms together,276,0.9348,0.9336,0.0257,0.0012
stgcnpp,frame_missing_mild,39,cross hands in front (say stop),276,0.936,0.9215,0.0146,0.0145
stgcnpp,frame_missing_mild,40,sneeze/cough,276,0.7633,0.6932,0.0401,0.07
stgcnpp,frame_missing_mild,41,staggering,276,0.9952,0.9396,0.0312,0.0556
stgcnpp,frame_missing_mild,42,falling,275,0.9891,0.9927,0.0063,-0.0036
stgcnpp,frame_missing_mild,43,touch head (headache),276,0.8164,0.744,0.0241,0.0725
stgcnpp,frame_missing_mild,44,touch chest (stomachache/heart pain),276,0.9312,0.9312,0.0158,0.0
stgcnpp,frame_missing_mild,45,touch back (backache),276,0.9312,0.8829,0.0447,0.0483
stgcnpp,frame_missing_mild,46,touch neck (neckache),276,0.843,0.7379,0.0372,0.1051
stgcnpp,frame_missing_mild,47,nausea or vomiting condition,275,0.8448,0.7842,0.0263,0.0606
stgcnpp,frame_missing_mild,48,use a fan (with hand or paper)/feeling warm,275,0.9224,0.9212,0.0117,0.0012
stgcnpp,frame_missing_mild,49,punching/slapping other person,274,0.9027,0.8187,0.0056,0.0839
stgcnpp,frame_missing_mild,50,kicking other person,276,0.936,0.9348,0.0109,0.0012
stgcnpp,frame_missing_mild,51,pushing other person,276,0.9601,0.8877,0.0427,0.0725
stgcnpp,frame_missing_mild,52,pat on back of other person,276,0.9239,0.8901,0.0206,0.0338
stgcnpp,frame_missing_mild,53,point finger at the other person,276,0.9058,0.8213,0.0692,0.0845
stgcnpp,frame_missing_mild,54,hugging other person,274,0.983,0.9866,0.0042,-0.0036
stgcnpp,frame_missing_mild,55,giving something to other person,276,0.9312,0.9046,0.0182,0.0266
stgcnpp,frame_missing_mild,56,touch other person's pocket,275,0.9394,0.9042,0.02,0.0352
stgcnpp,frame_missing_mild,57,handshaking,276,0.9577,0.9034,0.0116,0.0543
stgcnpp,frame_missing_mild,58,walking towards each other,273,0.9951,0.9817,0.0097,0.0134
stgcnpp,frame_missing_mild,59,walking apart from each other,276,0.9686,0.9771,0.0055,-0.0085
stgcnpp,mixed_mild,0,drink water,274,0.8637,0.5316,0.1072,0.3321
stgcnpp,mixed_mild,1,eat meal/snack,275,0.7382,0.4218,0.0167,0.3164
stgcnpp,mixed_mild,2,brushing teeth,273,0.8694,0.4249,0.0861,0.4444
stgcnpp,mixed_mild,3,brushing hair,273,0.9267,0.5116,0.0827,0.4151
stgcnpp,mixed_mild,4,drop,275,0.8848,0.4764,0.0227,0.4085
stgcnpp,mixed_mild,5,pickup,275,0.9576,0.697,0.079,0.2606
stgcnpp,mixed_mild,6,throw,275,0.9115,0.5612,0.02,0.3503
stgcnpp,mixed_mild,7,sitting down,273,0.9707,0.8095,0.03,0.1612
stgcnpp,mixed_mild,8,standing up (from sitting position),273,0.9792,0.8498,0.054,0.1294
stgcnpp,mixed_mild,9,clapping,273,0.812,0.4322,0.0772,0.3797
stgcnpp,mixed_mild,10,reading,273,0.5873,0.2955,0.0112,0.2918
stgcnpp,mixed_mild,11,writing,272,0.5907,0.3689,0.1231,0.2218
stgcnpp,mixed_mild,12,tear up paper,271,0.9139,0.5055,0.0521,0.4084
stgcnpp,mixed_mild,13,wear jacket,275,0.983,0.8861,0.0399,0.097
stgcnpp,mixed_mild,14,take off jacket,276,0.9734,0.7041,0.0562,0.2693
stgcnpp,mixed_mild,15,wear a shoe,273,0.7131,0.4444,0.0741,0.2686
stgcnpp,mixed_mild,16,take off a shoe,274,0.7798,0.4818,0.0318,0.2981
stgcnpp,mixed_mild,17,wear on glasses,273,0.9206,0.663,0.0686,0.2576
stgcnpp,mixed_mild,18,take off glasses,274,0.9526,0.618,0.0345,0.3345
stgcnpp,mixed_mild,19,put on a hat/cap,272,0.9681,0.5919,0.0037,0.3762
stgcnpp,mixed_mild,20,take off a hat/cap,273,0.9744,0.6557,0.0532,0.3187
stgcnpp,mixed_mild,21,cheer up,274,0.9367,0.7457,0.041,0.191
stgcnpp,mixed_mild,22,hand waving,274,0.9221,0.6411,0.0232,0.281
stgcnpp,mixed_mild,23,kicking something,276,0.9432,0.5447,0.1058,0.3986
stgcnpp,mixed_mild,24,reach into pocket,274,0.8285,0.3832,0.0705,0.4453
stgcnpp,mixed_mild,25,hopping (one foot jumping),275,0.9879,0.7018,0.0798,0.2861
stgcnpp,mixed_mild,26,jump up,276,0.9988,0.7572,0.0679,0.2415
stgcnpp,mixed_mild,27,make a phone call/answer phone,275,0.8933,0.4218,0.0,0.4715
stgcnpp,mixed_mild,28,playing with phone/tablet,275,0.7321,0.3721,0.2009,0.36
stgcnpp,mixed_mild,29,typing on a keyboard,275,0.7309,0.5552,0.0602,0.1758
stgcnpp,mixed_mild,30,pointing to something with finger,276,0.7766,0.436,0.0236,0.3406
stgcnpp,mixed_mild,31,taking a selfie,276,0.8925,0.692,0.0445,0.2005
stgcnpp,mixed_mild,32,check time (from watch),276,0.8973,0.5326,0.0202,0.3647
stgcnpp,mixed_mild,33,rub two hands together,276,0.8913,0.4034,0.0562,0.4879
stgcnpp,mixed_mild,34,nod head/bow,276,0.9674,0.6872,0.0566,0.2802
stgcnpp,mixed_mild,35,shake head,275,0.9467,0.2776,0.0273,0.6691
stgcnpp,mixed_mild,36,wipe face,276,0.8829,0.337,0.0399,0.5459
stgcnpp,mixed_mild,37,salute,276,0.9275,0.6244,0.059,0.3031
stgcnpp,mixed_mild,38,put the palms together,276,0.9348,0.4879,0.0745,0.4469
stgcnpp,mixed_mild,39,cross hands in front (say stop),276,0.936,0.651,0.0387,0.285
stgcnpp,mixed_mild,40,sneeze/cough,276,0.7633,0.3623,0.0192,0.401
stgcnpp,mixed_mild,41,staggering,276,0.9952,0.413,0.0403,0.5821
stgcnpp,mixed_mild,42,falling,275,0.9891,0.7685,0.053,0.2206
stgcnpp,mixed_mild,43,touch head (headache),276,0.8164,0.3575,0.0753,0.4589
stgcnpp,mixed_mild,44,touch chest (stomachache/heart pain),276,0.9312,0.6159,0.0843,0.3152
stgcnpp,mixed_mild,45,touch back (backache),276,0.9312,0.471,0.098,0.4601
stgcnpp,mixed_mild,46,touch neck (neckache),276,0.843,0.3394,0.0363,0.5036
stgcnpp,mixed_mild,47,nausea or vomiting condition,275,0.8448,0.6109,0.0189,0.2339
stgcnpp,mixed_mild,48,use a fan (with hand or paper)/feeling warm,275,0.9224,0.8545,0.0192,0.0679
stgcnpp,mixed_mild,49,punching/slapping other person,274,0.9027,0.3467,0.0411,0.556
stgcnpp,mixed_mild,50,kicking other person,276,0.936,0.3623,0.0599,0.5737
stgcnpp,mixed_mild,51,pushing other person,276,0.9601,0.337,0.0362,0.6232
stgcnpp,mixed_mild,52,pat on back of other person,276,0.9239,0.5556,0.0998,0.3684
stgcnpp,mixed_mild,53,point finger at the other person,276,0.9058,0.3382,0.0337,0.5676
stgcnpp,mixed_mild,54,hugging other person,274,0.983,0.82,0.081,0.163
stgcnpp,mixed_mild,55,giving something to other person,276,0.9312,0.4614,0.0352,0.4698
stgcnpp,mixed_mild,56,touch other person's pocket,275,0.9394,0.5309,0.1548,0.4085
stgcnpp,mixed_mild,57,handshaking,276,0.9577,0.4432,0.053,0.5145
stgcnpp,mixed_mild,58,walking towards each other,273,0.9951,0.4139,0.0361,0.5812
stgcnpp,mixed_mild,59,walking apart from each other,276,0.9686,0.744,0.0877,0.2246
stgcnpp,joint_missing_moderate,0,drink water,274,0.8637,0.2895,0.0701,0.5742
stgcnpp,joint_missing_moderate,1,eat meal/snack,275,0.7382,0.1867,0.0643,0.5515
stgcnpp,joint_missing_moderate,2,brushing teeth,273,0.8694,0.1709,0.1651,0.6984
stgcnpp,joint_missing_moderate,3,brushing hair,273,0.9267,0.304,0.1829,0.6227
stgcnpp,joint_missing_moderate,4,drop,275,0.8848,0.0158,0.021,0.8691
stgcnpp,joint_missing_moderate,5,pickup,275,0.9576,0.1358,0.1698,0.8218
stgcnpp,joint_missing_moderate,6,throw,275,0.9115,0.0812,0.0475,0.8303
stgcnpp,joint_missing_moderate,7,sitting down,273,0.9707,0.1709,0.1861,0.7998
stgcnpp,joint_missing_moderate,8,standing up (from sitting position),273,0.9792,0.4664,0.1968,0.5128
stgcnpp,joint_missing_moderate,9,clapping,273,0.812,0.1429,0.1112,0.6691
stgcnpp,joint_missing_moderate,10,reading,273,0.5873,0.0879,0.0063,0.4994
stgcnpp,joint_missing_moderate,11,writing,272,0.5907,0.2635,0.248,0.3272
stgcnpp,joint_missing_moderate,12,tear up paper,271,0.9139,0.0935,0.0805,0.8204
stgcnpp,joint_missing_moderate,13,wear jacket,275,0.983,0.9006,0.0296,0.0824
stgcnpp,joint_missing_moderate,14,take off jacket,276,0.9734,0.3502,0.3211,0.6232
stgcnpp,joint_missing_moderate,15,wear a shoe,273,0.7131,0.3333,0.1656,0.3797
stgcnpp,joint_missing_moderate,16,take off a shoe,274,0.7798,0.0584,0.0466,0.7214
stgcnpp,joint_missing_moderate,17,wear on glasses,273,0.9206,0.293,0.1016,0.6276
stgcnpp,joint_missing_moderate,18,take off glasses,274,0.9526,0.2044,0.1108,0.7482
stgcnpp,joint_missing_moderate,19,put on a hat/cap,272,0.9681,0.2978,0.1345,0.6703
stgcnpp,joint_missing_moderate,20,take off a hat/cap,273,0.9744,0.2625,0.1138,0.7118
stgcnpp,joint_missing_moderate,21,cheer up,274,0.9367,0.2263,0.1378,0.7105
stgcnpp,joint_missing_moderate,22,hand waving,274,0.9221,0.3236,0.2141,0.5985
stgcnpp,joint_missing_moderate,23,kicking something,276,0.9432,0.0157,0.0241,0.9275
stgcnpp,joint_missing_moderate,24,reach into pocket,274,0.8285,0.09,0.0861,0.7384
stgcnpp,joint_missing_moderate,25,hopping (one foot jumping),275,0.9879,0.0679,0.0735,0.92
stgcnpp,joint_missing_moderate,26,jump up,276,0.9988,0.1473,0.2276,0.8514
stgcnpp,joint_missing_moderate,27,make a phone call/answer phone,275,0.8933,0.0873,0.0419,0.8061
stgcnpp,joint_missing_moderate,28,playing with phone/tablet,275,0.7321,0.3345,0.3438,0.3976
stgcnpp,joint_missing_moderate,29,typing on a keyboard,275,0.7309,0.4994,0.1803,0.2315
stgcnpp,joint_missing_moderate,30,pointing to something with finger,276,0.7766,0.1087,0.1001,0.6679
stgcnpp,joint_missing_moderate,31,taking a selfie,276,0.8925,0.4891,0.1695,0.4034
stgcnpp,joint_missing_moderate,32,check time (from watch),276,0.8973,0.0362,0.0261,0.8611
stgcnpp,joint_missing_moderate,33,rub two hands together,276,0.8913,0.2283,0.0619,0.663
stgcnpp,joint_missing_moderate,34,nod head/bow,276,0.9674,0.3502,0.2133,0.6171
stgcnpp,joint_missing_moderate,35,shake head,275,0.9467,0.0158,0.0242,0.9309
stgcnpp,joint_missing_moderate,36,wipe face,276,0.8829,0.4215,0.2623,0.4614
stgcnpp,joint_missing_moderate,37,salute,276,0.9275,0.1365,0.1028,0.7911
stgcnpp,joint_missing_moderate,38,put the palms together,276,0.9348,0.1051,0.0583,0.8297
stgcnpp,joint_missing_moderate,39,cross hands in front (say stop),276,0.936,0.401,0.0834,0.535
stgcnpp,joint_missing_moderate,40,sneeze/cough,276,0.7633,0.0845,0.0746,0.6787
stgcnpp,joint_missing_moderate,41,staggering,276,0.9952,0.0,0.0,0.9952
stgcnpp,joint_missing_moderate,42,falling,275,0.9891,0.1164,0.1827,0.8727
stgcnpp,joint_missing_moderate,43,touch head (headache),276,0.8164,0.0374,0.0116,0.779
stgcnpp,joint_missing_moderate,44,touch chest (stomachache/heart pain),276,0.9312,0.3998,0.168,0.5314
stgcnpp,joint_missing_moderate,45,touch back (backache),276,0.9312,0.0857,0.1152,0.8454
stgcnpp,joint_missing_moderate,46,touch neck (neckache),276,0.843,0.0616,0.0641,0.7814
stgcnpp,joint_missing_moderate,47,nausea or vomiting condition,275,0.8448,0.6388,0.046,0.2061
stgcnpp,joint_missing_moderate,48,use a fan (with hand or paper)/feeling warm,275,0.9224,0.823,0.0821,0.0994
stgcnpp,joint_missing_moderate,49,punching/slapping other person,274,0.9027,0.0012,0.0021,0.9015
stgcnpp,joint_missing_moderate,50,kicking other person,276,0.936,0.0012,0.0021,0.9348
stgcnpp,joint_missing_moderate,51,pushing other person,276,0.9601,0.0012,0.0021,0.9589
stgcnpp,joint_missing_moderate,52,pat on back of other person,276,0.9239,0.1099,0.0852,0.814
stgcnpp,joint_missing_moderate,53,point finger at the other person,276,0.9058,0.0217,0.0288,0.8841
stgcnpp,joint_missing_moderate,54,hugging other person,274,0.983,0.6107,0.3237,0.3723
stgcnpp,joint_missing_moderate,55,giving something to other person,276,0.9312,0.0157,0.0179,0.9155
stgcnpp,joint_missing_moderate,56,touch other person's pocket,275,0.9394,0.2339,0.3582,0.7055
stgcnpp,joint_missing_moderate,57,handshaking,276,0.9577,0.1449,0.2228,0.8128
stgcnpp,joint_missing_moderate,58,walking towards each other,273,0.9951,0.0391,0.0277,0.956
stgcnpp,joint_missing_moderate,59,walking apart from each other,276,0.9686,0.2585,0.3823,0.7101
stgcnpp,limb_occlusion_moderate,0,drink water,274,0.8637,0.562,0.0228,0.3017
stgcnpp,limb_occlusion_moderate,1,eat meal/snack,275,0.7382,0.4473,0.0096,0.2909
stgcnpp,limb_occlusion_moderate,2,brushing teeth,273,0.8694,0.4847,0.0021,0.3846
stgcnpp,limb_occlusion_moderate,3,brushing hair,273,0.9267,0.6447,0.011,0.2821
stgcnpp,limb_occlusion_moderate,4,drop,275,0.8848,0.5745,0.0477,0.3103
stgcnpp,limb_occlusion_moderate,5,pickup,275,0.9576,0.4873,0.0725,0.4703
stgcnpp,limb_occlusion_moderate,6,throw,275,0.9115,0.5976,0.0213,0.3139
stgcnpp,limb_occlusion_moderate,7,sitting down,273,0.9707,0.6825,0.0681,0.2882
stgcnpp,limb_occlusion_moderate,8,standing up (from sitting position),273,0.9792,0.7949,0.1374,0.1844
stgcnpp,limb_occlusion_moderate,9,clapping,273,0.812,0.4664,0.0208,0.3455
stgcnpp,limb_occlusion_moderate,10,reading,273,0.5873,0.4884,0.0486,0.0989
stgcnpp,limb_occlusion_moderate,11,writing,272,0.5907,0.4706,0.0355,0.1201
stgcnpp,limb_occlusion_moderate,12,tear up paper,271,0.9139,0.5277,0.0258,0.3862
stgcnpp,limb_occlusion_moderate,13,wear jacket,275,0.983,0.7127,0.0595,0.2703
stgcnpp,limb_occlusion_moderate,14,take off jacket,276,0.9734,0.7464,0.0297,0.2271
stgcnpp,limb_occlusion_moderate,15,wear a shoe,273,0.7131,0.3553,0.1094,0.3578
stgcnpp,limb_occlusion_moderate,16,take off a shoe,274,0.7798,0.5487,0.0366,0.2311
stgcnpp,limb_occlusion_moderate,17,wear on glasses,273,0.9206,0.685,0.0194,0.2357
stgcnpp,limb_occlusion_moderate,18,take off glasses,274,0.9526,0.7324,0.0042,0.2202
stgcnpp,limb_occlusion_moderate,19,put on a hat/cap,272,0.9681,0.6127,0.0754,0.3554
stgcnpp,limb_occlusion_moderate,20,take off a hat/cap,273,0.9744,0.6654,0.0153,0.3089
stgcnpp,limb_occlusion_moderate,21,cheer up,274,0.9367,0.5912,0.0456,0.3455
stgcnpp,limb_occlusion_moderate,22,hand waving,274,0.9221,0.6338,0.0152,0.2883
stgcnpp,limb_occlusion_moderate,23,kicking something,276,0.9432,0.7585,0.0171,0.1848
stgcnpp,limb_occlusion_moderate,24,reach into pocket,274,0.8285,0.5973,0.0297,0.2311
stgcnpp,limb_occlusion_moderate,25,hopping (one foot jumping),275,0.9879,0.8679,0.0934,0.12
stgcnpp,limb_occlusion_moderate,26,jump up,276,0.9988,0.7246,0.0986,0.2742
stgcnpp,limb_occlusion_moderate,27,make a phone call/answer phone,275,0.8933,0.5818,0.0063,0.3115
stgcnpp,limb_occlusion_moderate,28,playing with phone/tablet,275,0.7321,0.4655,0.041,0.2667
stgcnpp,limb_occlusion_moderate,29,typing on a keyboard,275,0.7309,0.5261,0.0294,0.2048
stgcnpp,limb_occlusion_moderate,30,pointing to something with finger,276,0.7766,0.494,0.0021,0.2826
stgcnpp,limb_occlusion_moderate,31,taking a selfie,276,0.8925,0.5942,0.0283,0.2983
stgcnpp,limb_occlusion_moderate,32,check time (from watch),276,0.8973,0.5048,0.0146,0.3925
stgcnpp,limb_occlusion_moderate,33,rub two hands together,276,0.8913,0.5507,0.0523,0.3406
stgcnpp,limb_occlusion_moderate,34,nod head/bow,276,0.9674,0.5688,0.0036,0.3986
stgcnpp,limb_occlusion_moderate,35,shake head,275,0.9467,0.5818,0.0063,0.3648
stgcnpp,limb_occlusion_moderate,36,wipe face,276,0.8829,0.4577,0.0254,0.4251
stgcnpp,limb_occlusion_moderate,37,salute,276,0.9275,0.5242,0.0182,0.4034
stgcnpp,limb_occlusion_moderate,38,put the palms together,276,0.9348,0.5157,0.0562,0.4191
stgcnpp,limb_occlusion_moderate,39,cross hands in front (say stop),276,0.936,0.3261,0.0357,0.6099
stgcnpp,limb_occlusion_moderate,40,sneeze/cough,276,0.7633,0.3659,0.0427,0.3973
stgcnpp,limb_occlusion_moderate,41,staggering,276,0.9952,0.4952,0.0267,0.5
stgcnpp,limb_occlusion_moderate,42,falling,275,0.9891,0.6909,0.062,0.2982
stgcnpp,limb_occlusion_moderate,43,touch head (headache),276,0.8164,0.4493,0.0251,0.3671
stgcnpp,limb_occlusion_moderate,44,touch chest (stomachache/heart pain),276,0.9312,0.6824,0.0146,0.2488
stgcnpp,limb_occlusion_moderate,45,touch back (backache),276,0.9312,0.7548,0.0317,0.1763
stgcnpp,limb_occlusion_moderate,46,touch neck (neckache),276,0.843,0.5435,0.0126,0.2995
stgcnpp,limb_occlusion_moderate,47,nausea or vomiting condition,275,0.8448,0.3745,0.0192,0.4703
stgcnpp,limb_occlusion_moderate,48,use a fan (with hand or paper)/feeling warm,275,0.9224,0.623,0.0076,0.2994
stgcnpp,limb_occlusion_moderate,49,punching/slapping other person,274,0.9027,0.5036,0.0587,0.399
stgcnpp,limb_occlusion_moderate,50,kicking other person,276,0.936,0.622,0.0712,0.314
stgcnpp,limb_occlusion_moderate,51,pushing other person,276,0.9601,0.6461,0.0545,0.314
stgcnpp,limb_occlusion_moderate,52,pat on back of other person,276,0.9239,0.7089,0.0407,0.215
stgcnpp,limb_occlusion_moderate,53,point finger at the other person,276,0.9058,0.3333,0.089,0.5725
stgcnpp,limb_occlusion_moderate,54,hugging other person,274,0.983,0.8054,0.0152,0.1776
stgcnpp,limb_occlusion_moderate,55,giving something to other person,276,0.9312,0.6111,0.0151,0.32
stgcnpp,limb_occlusion_moderate,56,touch other person's pocket,275,0.9394,0.7248,0.0455,0.2145
stgcnpp,limb_occlusion_moderate,57,handshaking,276,0.9577,0.6208,0.0209,0.337
stgcnpp,limb_occlusion_moderate,58,walking towards each other,273,0.9951,0.4969,0.0859,0.4982
stgcnpp,limb_occlusion_moderate,59,walking apart from each other,276,0.9686,0.8261,0.1037,0.1425
stgcnpp,coord_noise_moderate,0,drink water,274,0.8637,0.0,0.0,0.8637
stgcnpp,coord_noise_moderate,1,eat meal/snack,275,0.7382,0.0291,0.0284,0.7091
stgcnpp,coord_noise_moderate,2,brushing teeth,273,0.8694,0.0061,0.0106,0.8632
stgcnpp,coord_noise_moderate,3,brushing hair,273,0.9267,0.0806,0.1174,0.8462
stgcnpp,coord_noise_moderate,4,drop,275,0.8848,0.023,0.0219,0.8618
stgcnpp,coord_noise_moderate,5,pickup,275,0.9576,0.6958,0.171,0.2618
stgcnpp,coord_noise_moderate,6,throw,275,0.9115,0.0376,0.0462,0.8739
stgcnpp,coord_noise_moderate,7,sitting down,273,0.9707,0.674,0.2309,0.2967
stgcnpp,coord_noise_moderate,8,standing up (from sitting position),273,0.9792,0.2784,0.1267,0.7009
stgcnpp,coord_noise_moderate,9,clapping,273,0.812,0.0269,0.0249,0.7851
stgcnpp,coord_noise_moderate,10,reading,273,0.5873,0.0342,0.0346,0.5531
stgcnpp,coord_noise_moderate,11,writing,272,0.5907,0.1863,0.2116,0.4044
stgcnpp,coord_noise_moderate,12,tear up paper,271,0.9139,0.0049,0.0056,0.909
stgcnpp,coord_noise_moderate,13,wear jacket,275,0.983,0.9018,0.1177,0.0812
stgcnpp,coord_noise_moderate,14,take off jacket,276,0.9734,0.1316,0.103,0.8418
stgcnpp,coord_noise_moderate,15,wear a shoe,273,0.7131,0.3785,0.1321,0.3346
stgcnpp,coord_noise_moderate,16,take off a shoe,274,0.7798,0.2689,0.0152,0.5109
stgcnpp,coord_noise_moderate,17,wear on glasses,273,0.9206,0.0452,0.0428,0.8755
stgcnpp,coord_noise_moderate,18,take off glasses,274,0.9526,0.0195,0.0165,0.9331
stgcnpp,coord_noise_moderate,19,put on a hat/cap,272,0.9681,0.0233,0.0093,0.9449
stgcnpp,coord_noise_moderate,20,take off a hat/cap,273,0.9744,0.0024,0.0042,0.9719
stgcnpp,coord_noise_moderate,21,cheer up,274,0.9367,0.1277,0.0222,0.809
stgcnpp,coord_noise_moderate,22,hand waving,274,0.9221,0.2044,0.0219,0.7178
stgcnpp,coord_noise_moderate,23,kicking something,276,0.9432,0.1643,0.1425,0.779
stgcnpp,coord_noise_moderate,24,reach into pocket,274,0.8285,0.0024,0.0021,0.826
stgcnpp,coord_noise_moderate,25,hopping (one foot jumping),275,0.9879,0.0255,0.0289,0.9624
stgcnpp,coord_noise_moderate,26,jump up,276,0.9988,0.0592,0.0566,0.9396
stgcnpp,coord_noise_moderate,27,make a phone call/answer phone,275,0.8933,0.0,0.0,0.8933
stgcnpp,coord_noise_moderate,28,playing with phone/tablet,275,0.7321,0.0133,0.0231,0.7188
stgcnpp,coord_noise_moderate,29,typing on a keyboard,275,0.7309,0.3406,0.1407,0.3903
stgcnpp,coord_noise_moderate,30,pointing to something with finger,276,0.7766,0.0978,0.0096,0.6787
stgcnpp,coord_noise_moderate,31,taking a selfie,276,0.8925,0.3925,0.0798,0.5
stgcnpp,coord_noise_moderate,32,check time (from watch),276,0.8973,0.0266,0.0116,0.8708
stgcnpp,coord_noise_moderate,33,rub two hands together,276,0.8913,0.0121,0.0116,0.8792
stgcnpp,coord_noise_moderate,34,nod head/bow,276,0.9674,0.5326,0.3263,0.4348
stgcnpp,coord_noise_moderate,35,shake head,275,0.9467,0.1491,0.189,0.7976
stgcnpp,coord_noise_moderate,36,wipe face,276,0.8829,0.0097,0.0137,0.8732
stgcnpp,coord_noise_moderate,37,salute,276,0.9275,0.0471,0.0548,0.8804
stgcnpp,coord_noise_moderate,38,put the palms together,276,0.9348,0.0242,0.0212,0.9106
stgcnpp,coord_noise_moderate,39,cross hands in front (say stop),276,0.936,0.1147,0.1028,0.8213
stgcnpp,coord_noise_moderate,40,sneeze/cough,276,0.7633,0.0024,0.0042,0.7609
stgcnpp,coord_noise_moderate,41,staggering,276,0.9952,0.0737,0.0404,0.9215
stgcnpp,coord_noise_moderate,42,falling,275,0.9891,0.6873,0.1626,0.3018
stgcnpp,coord_noise_moderate,43,touch head (headache),276,0.8164,0.006,0.0105,0.8104
stgcnpp,coord_noise_moderate,44,touch chest (stomachache/heart pain),276,0.9312,0.0918,0.069,0.8394
stgcnpp,coord_noise_moderate,45,touch back (backache),276,0.9312,0.1413,0.2141,0.7899
stgcnpp,coord_noise_moderate,46,touch neck (neckache),276,0.843,0.029,0.0188,0.814
stgcnpp,coord_noise_moderate,47,nausea or vomiting condition,275,0.8448,0.5576,0.099,0.2873
stgcnpp,coord_noise_moderate,48,use a fan (with hand or paper)/feeling warm,275,0.9224,0.9394,0.0418,-0.017
stgcnpp,coord_noise_moderate,49,punching/slapping other person,274,0.9027,0.0146,0.0222,0.8881
stgcnpp,coord_noise_moderate,50,kicking other person,276,0.936,0.006,0.0105,0.93
stgcnpp,coord_noise_moderate,51,pushing other person,276,0.9601,0.0,0.0,0.9601
stgcnpp,coord_noise_moderate,52,pat on back of other person,276,0.9239,0.1039,0.0467,0.82
stgcnpp,coord_noise_moderate,53,point finger at the other person,276,0.9058,0.0882,0.0703,0.8176
stgcnpp,coord_noise_moderate,54,hugging other person,274,0.983,0.2774,0.3679,0.7056
stgcnpp,coord_noise_moderate,55,giving something to other person,276,0.9312,0.0097,0.0137,0.9215
stgcnpp,coord_noise_moderate,56,touch other person's pocket,275,0.9394,0.1648,0.2398,0.7745
stgcnpp,coord_noise_moderate,57,handshaking,276,0.9577,0.0181,0.0226,0.9396
stgcnpp,coord_noise_moderate,58,walking towards each other,273,0.9951,0.4005,0.0575,0.5946
stgcnpp,coord_noise_moderate,59,walking apart from each other,276,0.9686,0.2295,0.2562,0.7391
stgcnpp,frame_missing_moderate,0,drink water,274,0.8637,0.7372,0.0203,0.1265
stgcnpp,frame_missing_moderate,1,eat meal/snack,275,0.7382,0.5733,0.0305,0.1648
stgcnpp,frame_missing_moderate,2,brushing teeth,273,0.8694,0.7631,0.0405,0.1062
stgcnpp,frame_missing_moderate,3,brushing hair,273,0.9267,0.7937,0.0202,0.1331
stgcnpp,frame_missing_moderate,4,drop,275,0.8848,0.8327,0.0673,0.0521
stgcnpp,frame_missing_moderate,5,pickup,275,0.9576,0.8521,0.0183,0.1055
stgcnpp,frame_missing_moderate,6,throw,275,0.9115,0.817,0.033,0.0945
stgcnpp,frame_missing_moderate,7,sitting down,273,0.9707,0.9365,0.0184,0.0342
stgcnpp,frame_missing_moderate,8,standing up (from sitting position),273,0.9792,0.9524,0.0037,0.0269
stgcnpp,frame_missing_moderate,9,clapping,273,0.812,0.696,0.0073,0.116
stgcnpp,frame_missing_moderate,10,reading,273,0.5873,0.453,0.0569,0.1343
stgcnpp,frame_missing_moderate,11,writing,272,0.5907,0.44,0.0642,0.1507
stgcnpp,frame_missing_moderate,12,tear up paper,271,0.9139,0.8118,0.0616,0.1021
stgcnpp,frame_missing_moderate,13,wear jacket,275,0.983,0.92,0.0131,0.063
stgcnpp,frame_missing_moderate,14,take off jacket,276,0.9734,0.9275,0.0254,0.0459
stgcnpp,frame_missing_moderate,15,wear a shoe,273,0.7131,0.4286,0.0845,0.2845
stgcnpp,frame_missing_moderate,16,take off a shoe,274,0.7798,0.5998,0.0471,0.18
stgcnpp,frame_missing_moderate,17,wear on glasses,273,0.9206,0.6935,0.0772,0.2271
stgcnpp,frame_missing_moderate,18,take off glasses,274,0.9526,0.7056,0.0435,0.247
stgcnpp,frame_missing_moderate,19,put on a hat/cap,272,0.9681,0.8088,0.0327,0.1593
stgcnpp,frame_missing_moderate,20,take off a hat/cap,273,0.9744,0.7888,0.0112,0.1856
stgcnpp,frame_missing_moderate,21,cheer up,274,0.9367,0.9282,0.0138,0.0085
stgcnpp,frame_missing_moderate,22,hand waving,274,0.9221,0.8601,0.0056,0.062
stgcnpp,frame_missing_moderate,23,kicking something,276,0.9432,0.9118,0.0272,0.0314
stgcnpp,frame_missing_moderate,24,reach into pocket,274,0.8285,0.5791,0.0673,0.2494
stgcnpp,frame_missing_moderate,25,hopping (one foot jumping),275,0.9879,0.9442,0.021,0.0436
stgcnpp,frame_missing_moderate,26,jump up,276,0.9988,0.9626,0.0105,0.0362
stgcnpp,frame_missing_moderate,27,make a phone call/answer phone,275,0.8933,0.5745,0.0167,0.3188
stgcnpp,frame_missing_moderate,28,playing with phone/tablet,275,0.7321,0.6315,0.0389,0.1006
stgcnpp,frame_missing_moderate,29,typing on a keyboard,275,0.7309,0.6752,0.0434,0.0558
stgcnpp,frame_missing_moderate,30,pointing to something with finger,276,0.7766,0.8128,0.0274,-0.0362
stgcnpp,frame_missing_moderate,31,taking a selfie,276,0.8925,0.7319,0.0836,0.1606
stgcnpp,frame_missing_moderate,32,check time (from watch),276,0.8973,0.7802,0.0137,0.1171
stgcnpp,frame_missing_moderate,33,rub two hands together,276,0.8913,0.7476,0.0365,0.1437
stgcnpp,frame_missing_moderate,34,nod head/bow,276,0.9674,0.9481,0.0146,0.0193
stgcnpp,frame_missing_moderate,35,shake head,275,0.9467,0.84,0.0637,0.1067
stgcnpp,frame_missing_moderate,36,wipe face,276,0.8829,0.686,0.02,0.1969
stgcnpp,frame_missing_moderate,37,salute,276,0.9275,0.9046,0.0342,0.0229
stgcnpp,frame_missing_moderate,38,put the palms together,276,0.9348,0.8792,0.0281,0.0556
stgcnpp,frame_missing_moderate,39,cross hands in front (say stop),276,0.936,0.814,0.0179,0.122
stgcnpp,frame_missing_moderate,40,sneeze/cough,276,0.7633,0.5954,0.0241,0.1679
stgcnpp,frame_missing_moderate,41,staggering,276,0.9952,0.8297,0.0619,0.1655
stgcnpp,frame_missing_moderate,42,falling,275,0.9891,0.9782,0.0096,0.0109
stgcnpp,frame_missing_moderate,43,touch head (headache),276,0.8164,0.6498,0.0518,0.1667
stgcnpp,frame_missing_moderate,44,touch chest (stomachache/heart pain),276,0.9312,0.8889,0.0186,0.0423
stgcnpp,frame_missing_moderate,45,touch back (backache),276,0.9312,0.8394,0.0489,0.0918
stgcnpp,frame_missing_moderate,46,touch neck (neckache),276,0.843,0.5543,0.0261,0.2886
stgcnpp,frame_missing_moderate,47,nausea or vomiting condition,275,0.8448,0.6521,0.0273,0.1927
stgcnpp,frame_missing_moderate,48,use a fan (with hand or paper)/feeling warm,275,0.9224,0.88,0.0327,0.0424
stgcnpp,frame_missing_moderate,49,punching/slapping other person,274,0.9027,0.6484,0.0117,0.2543
stgcnpp,frame_missing_moderate,50,kicking other person,276,0.936,0.8889,0.0055,0.0471
stgcnpp,frame_missing_moderate,51,pushing other person,276,0.9601,0.7053,0.0528,0.2548
stgcnpp,frame_missing_moderate,52,pat on back of other person,276,0.9239,0.7995,0.0586,0.1244
stgcnpp,frame_missing_moderate,53,point finger at the other person,276,0.9058,0.7379,0.0871,0.1679
stgcnpp,frame_missing_moderate,54,hugging other person,274,0.983,0.9611,0.0111,0.0219
stgcnpp,frame_missing_moderate,55,giving something to other person,276,0.9312,0.8418,0.0221,0.0894
stgcnpp,frame_missing_moderate,56,touch other person's pocket,275,0.9394,0.7988,0.0346,0.1406
stgcnpp,frame_missing_moderate,57,handshaking,276,0.9577,0.8297,0.0382,0.128
stgcnpp,frame_missing_moderate,58,walking towards each other,273,0.9951,0.9438,0.0181,0.0513
stgcnpp,frame_missing_moderate,59,walking apart from each other,276,0.9686,0.9746,0.0063,-0.006
stgcnpp,mixed_moderate,0,drink water,274,0.8637,0.1788,0.0146,0.6849
stgcnpp,mixed_moderate,1,eat meal/snack,275,0.7382,0.1418,0.0167,0.5964
stgcnpp,mixed_moderate,2,brushing teeth,273,0.8694,0.1477,0.0471,0.7216
stgcnpp,mixed_moderate,3,brushing hair,273,0.9267,0.2186,0.0796,0.7082
stgcnpp,mixed_moderate,4,drop,275,0.8848,0.1745,0.0323,0.7103
stgcnpp,mixed_moderate,5,pickup,275,0.9576,0.2352,0.0338,0.7224
stgcnpp,mixed_moderate,6,throw,275,0.9115,0.1842,0.0111,0.7273
stgcnpp,mixed_moderate,7,sitting down,273,0.9707,0.293,0.0581,0.6777
stgcnpp,mixed_moderate,8,standing up (from sitting position),273,0.9792,0.2882,0.033,0.6911
stgcnpp,mixed_moderate,9,clapping,273,0.812,0.177,0.0181,0.6349
stgcnpp,mixed_moderate,10,reading,273,0.5873,0.116,0.0238,0.4713
stgcnpp,mixed_moderate,11,writing,272,0.5907,0.2598,0.0785,0.3309
stgcnpp,mixed_moderate,12,tear up paper,271,0.9139,0.155,0.0258,0.7589
stgcnpp,mixed_moderate,13,wear jacket,275,0.983,0.5248,0.0778,0.4582
stgcnpp,mixed_moderate,14,take off jacket,276,0.9734,0.2536,0.0454,0.7198
stgcnpp,mixed_moderate,15,wear a shoe,273,0.7131,0.1685,0.0446,0.5446
stgcnpp,mixed_moderate,16,take off a shoe,274,0.7798,0.2165,0.0117,0.5633
stgcnpp,mixed_moderate,17,wear on glasses,273,0.9206,0.1575,0.0485,0.7631
stgcnpp,mixed_moderate,18,take off glasses,274,0.9526,0.1995,0.0264,0.753
stgcnpp,mixed_moderate,19,put on a hat/cap,272,0.9681,0.2206,0.0205,0.7475
stgcnpp,mixed_moderate,20,take off a hat/cap,273,0.9744,0.2637,0.024,0.7106
stgcnpp,mixed_moderate,21,cheer up,274,0.9367,0.3418,0.0896,0.5949
stgcnpp,mixed_moderate,22,hand waving,274,0.9221,0.3674,0.041,0.5547
stgcnpp,mixed_moderate,23,kicking something,276,0.9432,0.1703,0.0202,0.7729
stgcnpp,mixed_moderate,24,reach into pocket,274,0.8285,0.135,0.0193,0.6934
stgcnpp,mixed_moderate,25,hopping (one foot jumping),275,0.9879,0.2255,0.0311,0.7624
stgcnpp,mixed_moderate,26,jump up,276,0.9988,0.2633,0.0482,0.7355
stgcnpp,mixed_moderate,27,make a phone call/answer phone,275,0.8933,0.1358,0.0021,0.7576
stgcnpp,mixed_moderate,28,playing with phone/tablet,275,0.7321,0.1939,0.0808,0.5382
stgcnpp,mixed_moderate,29,typing on a keyboard,275,0.7309,0.3418,0.041,0.3891
stgcnpp,mixed_moderate,30,pointing to something with finger,276,0.7766,0.1558,0.0274,0.6208
stgcnpp,mixed_moderate,31,taking a selfie,276,0.8925,0.2899,0.0786,0.6027
stgcnpp,mixed_moderate,32,check time (from watch),276,0.8973,0.1703,0.0096,0.7271
stgcnpp,mixed_moderate,33,rub two hands together,276,0.8913,0.1377,0.0322,0.7536
stgcnpp,mixed_moderate,34,nod head/bow,276,0.9674,0.308,0.0866,0.6594
stgcnpp,mixed_moderate,35,shake head,275,0.9467,0.1636,0.0504,0.783
stgcnpp,mixed_moderate,36,wipe face,276,0.8829,0.2114,0.0822,0.6715
stgcnpp,mixed_moderate,37,salute,276,0.9275,0.1775,0.0036,0.75
stgcnpp,mixed_moderate,38,put the palms together,276,0.9348,0.1401,0.0146,0.7947
stgcnpp,mixed_moderate,39,cross hands in front (say stop),276,0.936,0.2126,0.0167,0.7234
stgcnpp,mixed_moderate,40,sneeze/cough,276,0.7633,0.0918,0.0055,0.6715
stgcnpp,mixed_moderate,41,staggering,276,0.9952,0.1389,0.0111,0.8563
stgcnpp,mixed_moderate,42,falling,275,0.9891,0.2824,0.0117,0.7067
stgcnpp,mixed_moderate,43,touch head (headache),276,0.8164,0.1449,0.0418,0.6715
stgcnpp,mixed_moderate,44,touch chest (stomachache/heart pain),276,0.9312,0.3164,0.1239,0.6147
stgcnpp,mixed_moderate,45,touch back (backache),276,0.9312,0.2295,0.0932,0.7017
stgcnpp,mixed_moderate,46,touch neck (neckache),276,0.843,0.1147,0.0127,0.7283
stgcnpp,mixed_moderate,47,nausea or vomiting condition,275,0.8448,0.3188,0.0292,0.5261
stgcnpp,mixed_moderate,48,use a fan (with hand or paper)/feeling warm,275,0.9224,0.6691,0.0681,0.2533
stgcnpp,mixed_moderate,49,punching/slapping other person,274,0.9027,0.1022,0.0132,0.8005
stgcnpp,mixed_moderate,50,kicking other person,276,0.936,0.1558,0.0126,0.7802
stgcnpp,mixed_moderate,51,pushing other person,276,0.9601,0.1184,0.0091,0.8418
stgcnpp,mixed_moderate,52,pat on back of other person,276,0.9239,0.2488,0.0377,0.6751
stgcnpp,mixed_moderate,53,point finger at the other person,276,0.9058,0.122,0.0042,0.7838
stgcnpp,mixed_moderate,54,hugging other person,274,0.983,0.4246,0.1636,0.5584
stgcnpp,mixed_moderate,55,giving something to other person,276,0.9312,0.1558,0.0072,0.7754
stgcnpp,mixed_moderate,56,touch other person's pocket,275,0.9394,0.2061,0.0935,0.7333
stgcnpp,mixed_moderate,57,handshaking,276,0.9577,0.2089,0.0707,0.7488
stgcnpp,mixed_moderate,58,walking towards each other,273,0.9951,0.1905,0.0277,0.8046
stgcnpp,mixed_moderate,59,walking apart from each other,276,0.9686,0.256,0.0482,0.7126
stgcnpp,joint_missing_severe,0,drink water,274,0.8637,0.0049,0.0084,0.8589
stgcnpp,joint_missing_severe,1,eat meal/snack,275,0.7382,0.0012,0.0021,0.737
stgcnpp,joint_missing_severe,2,brushing teeth,273,0.8694,0.0195,0.0338,0.8498
stgcnpp,joint_missing_severe,3,brushing hair,273,0.9267,0.0867,0.1286,0.84
stgcnpp,joint_missing_severe,4,drop,275,0.8848,0.0,0.0,0.8848
stgcnpp,joint_missing_severe,5,pickup,275,0.9576,0.0,0.0,0.9576
stgcnpp,joint_missing_severe,6,throw,275,0.9115,0.0024,0.0021,0.9091
stgcnpp,joint_missing_severe,7,sitting down,273,0.9707,0.0012,0.0021,0.9695
stgcnpp,joint_missing_severe,8,standing up (from sitting position),273,0.9792,0.0012,0.0021,0.978
stgcnpp,joint_missing_severe,9,clapping,273,0.812,0.0159,0.0129,0.7961
stgcnpp,joint_missing_severe,10,reading,273,0.5873,0.0244,0.0173,0.5629
stgcnpp,joint_missing_severe,11,writing,272,0.5907,0.201,0.1781,0.3897
stgcnpp,joint_missing_severe,12,tear up paper,271,0.9139,0.0025,0.0043,0.9114
stgcnpp,joint_missing_severe,13,wear jacket,275,0.983,0.3333,0.2048,0.6497
stgcnpp,joint_missing_severe,14,take off jacket,276,0.9734,0.0072,0.0126,0.9662
stgcnpp,joint_missing_severe,15,wear a shoe,273,0.7131,0.0745,0.0707,0.6386
stgcnpp,joint_missing_severe,16,take off a shoe,274,0.7798,0.0,0.0,0.7798
stgcnpp,joint_missing_severe,17,wear on glasses,273,0.9206,0.0061,0.0056,0.9145
stgcnpp,joint_missing_severe,18,take off glasses,274,0.9526,0.0073,0.0097,0.9453
stgcnpp,joint_missing_severe,19,put on a hat/cap,272,0.9681,0.0025,0.0042,0.9657
stgcnpp,joint_missing_severe,20,take off a hat/cap,273,0.9744,0.0061,0.0056,0.9683
stgcnpp,joint_missing_severe,21,cheer up,274,0.9367,0.0328,0.0285,0.9039
stgcnpp,joint_missing_severe,22,hand waving,274,0.9221,0.146,0.1625,0.7762
stgcnpp,joint_missing_severe,23,kicking something,276,0.9432,0.0,0.0,0.9432
stgcnpp,joint_missing_severe,24,reach into pocket,274,0.8285,0.0024,0.0042,0.826
stgcnpp,joint_missing_severe,25,hopping (one foot jumping),275,0.9879,0.0012,0.0021,0.9867
stgcnpp,joint_missing_severe,26,jump up,276,0.9988,0.0,0.0,0.9988
stgcnpp,joint_missing_severe,27,make a phone call/answer phone,275,0.8933,0.0,0.0,0.8933
stgcnpp,joint_missing_severe,28,playing with phone/tablet,275,0.7321,0.2667,0.377,0.4655
stgcnpp,joint_missing_severe,29,typing on a keyboard,275,0.7309,0.4061,0.1683,0.3248
stgcnpp,joint_missing_severe,30,pointing to something with finger,276,0.7766,0.029,0.0439,0.7476
stgcnpp,joint_missing_severe,31,taking a selfie,276,0.8925,0.2415,0.1341,0.651
stgcnpp,joint_missing_severe,32,check time (from watch),276,0.8973,0.0,0.0,0.8973
stgcnpp,joint_missing_severe,33,rub two hands together,276,0.8913,0.0314,0.0281,0.8599
stgcnpp,joint_missing_severe,34,nod head/bow,276,0.9674,0.0097,0.0137,0.9577
stgcnpp,joint_missing_severe,35,shake head,275,0.9467,0.0012,0.0021,0.9455
stgcnpp,joint_missing_severe,36,wipe face,276,0.8829,0.2572,0.3192,0.6256
stgcnpp,joint_missing_severe,37,salute,276,0.9275,0.0,0.0,0.9275
stgcnpp,joint_missing_severe,38,put the palms together,276,0.9348,0.0036,0.0036,0.9312
stgcnpp,joint_missing_severe,39,cross hands in front (say stop),276,0.936,0.0121,0.0116,0.9239
stgcnpp,joint_missing_severe,40,sneeze/cough,276,0.7633,0.0036,0.0036,0.7597
stgcnpp,joint_missing_severe,41,staggering,276,0.9952,0.0,0.0,0.9952
stgcnpp,joint_missing_severe,42,falling,275,0.9891,0.0012,0.0021,0.9879
stgcnpp,joint_missing_severe,43,touch head (headache),276,0.8164,0.0109,0.0063,0.8056
stgcnpp,joint_missing_severe,44,touch chest (stomachache/heart pain),276,0.9312,0.1256,0.1616,0.8056
stgcnpp,joint_missing_severe,45,touch back (backache),276,0.9312,0.0169,0.0293,0.9143
stgcnpp,joint_missing_severe,46,touch neck (neckache),276,0.843,0.0012,0.0021,0.8418
stgcnpp,joint_missing_severe,47,nausea or vomiting condition,275,0.8448,0.3636,0.0419,0.4812
stgcnpp,joint_missing_severe,48,use a fan (with hand or paper)/feeling warm,275,0.9224,0.5661,0.2818,0.3564
stgcnpp,joint_missing_severe,49,punching/slapping other person,274,0.9027,0.0,0.0,0.9027
stgcnpp,joint_missing_severe,50,kicking other person,276,0.936,0.0,0.0,0.936
stgcnpp,joint_missing_severe,51,pushing other person,276,0.9601,0.0,0.0,0.9601
stgcnpp,joint_missing_severe,52,pat on back of other person,276,0.9239,0.0809,0.1309,0.843
stgcnpp,joint_missing_severe,53,point finger at the other person,276,0.9058,0.0,0.0,0.9058
stgcnpp,joint_missing_severe,54,hugging other person,274,0.983,0.3248,0.4497,0.6582
stgcnpp,joint_missing_severe,55,giving something to other person,276,0.9312,0.0,0.0,0.9312
stgcnpp,joint_missing_severe,56,touch other person's pocket,275,0.9394,0.0703,0.1218,0.8691
stgcnpp,joint_missing_severe,57,handshaking,276,0.9577,0.0906,0.1569,0.8671
stgcnpp,joint_missing_severe,58,walking towards each other,273,0.9951,0.0049,0.0021,0.9902
stgcnpp,joint_missing_severe,59,walking apart from each other,276,0.9686,0.0181,0.0181,0.9505
stgcnpp,limb_occlusion_severe,0,drink water,274,0.8637,0.3674,0.0111,0.4964
stgcnpp,limb_occlusion_severe,1,eat meal/snack,275,0.7382,0.2848,0.0111,0.4533
stgcnpp,limb_occlusion_severe,2,brushing teeth,273,0.8694,0.3321,0.0085,0.5372
stgcnpp,limb_occlusion_severe,3,brushing hair,273,0.9267,0.4249,0.0132,0.5018
stgcnpp,limb_occlusion_severe,4,drop,275,0.8848,0.3224,0.0128,0.5624
stgcnpp,limb_occlusion_severe,5,pickup,275,0.9576,0.2133,0.0414,0.7442
stgcnpp,limb_occlusion_severe,6,throw,275,0.9115,0.3273,0.0096,0.5842
stgcnpp,limb_occlusion_severe,7,sitting down,273,0.9707,0.3797,0.0275,0.591
stgcnpp,limb_occlusion_severe,8,standing up (from sitting position),273,0.9792,0.5397,0.229,0.4396
stgcnpp,limb_occlusion_severe,9,clapping,273,0.812,0.265,0.0118,0.547
stgcnpp,limb_occlusion_severe,10,reading,273,0.5873,0.3846,0.0519,0.2027
stgcnpp,limb_occlusion_severe,11,writing,272,0.5907,0.3909,0.0278,0.1998
stgcnpp,limb_occlusion_severe,12,tear up paper,271,0.9139,0.3112,0.0174,0.6027
stgcnpp,limb_occlusion_severe,13,wear jacket,275,0.983,0.3127,0.0766,0.6703
stgcnpp,limb_occlusion_severe,14,take off jacket,276,0.9734,0.5048,0.0179,0.4686
stgcnpp,limb_occlusion_severe,15,wear a shoe,273,0.7131,0.1978,0.117,0.5153
stgcnpp,limb_occlusion_severe,16,take off a shoe,274,0.7798,0.3467,0.1097,0.4331
stgcnpp,limb_occlusion_severe,17,wear on glasses,273,0.9206,0.4689,0.0168,0.4518
stgcnpp,limb_occlusion_severe,18,take off glasses,274,0.9526,0.5304,0.0147,0.4221
stgcnpp,limb_occlusion_severe,19,put on a hat/cap,272,0.9681,0.3971,0.1122,0.5711
stgcnpp,limb_occlusion_severe,20,take off a hat/cap,273,0.9744,0.4371,0.0056,0.5372
stgcnpp,limb_occlusion_severe,21,cheer up,274,0.9367,0.3443,0.0769,0.5925
stgcnpp,limb_occlusion_severe,22,hand waving,274,0.9221,0.4586,0.0428,0.4635
stgcnpp,limb_occlusion_severe,23,kicking something,276,0.9432,0.4481,0.0352,0.4952
stgcnpp,limb_occlusion_severe,24,reach into pocket,274,0.8285,0.427,0.0442,0.4015
stgcnpp,limb_occlusion_severe,25,hopping (one foot jumping),275,0.9879,0.617,0.1473,0.3709
stgcnpp,limb_occlusion_severe,26,jump up,276,0.9988,0.3708,0.0967,0.628
stgcnpp,limb_occlusion_severe,27,make a phone call/answer phone,275,0.8933,0.3576,0.0147,0.5358
stgcnpp,limb_occlusion_severe,28,playing with phone/tablet,275,0.7321,0.3818,0.038,0.3503
stgcnpp,limb_occlusion_severe,29,typing on a keyboard,275,0.7309,0.4994,0.0675,0.2315
stgcnpp,limb_occlusion_severe,30,pointing to something with finger,276,0.7766,0.3285,0.0021,0.4481
stgcnpp,limb_occlusion_severe,31,taking a selfie,276,0.8925,0.3527,0.0218,0.5399
stgcnpp,limb_occlusion_severe,32,check time (from watch),276,0.8973,0.337,0.0036,0.5604
stgcnpp,limb_occlusion_severe,33,rub two hands together,276,0.8913,0.3623,0.0548,0.529
stgcnpp,limb_occlusion_severe,34,nod head/bow,276,0.9674,0.3684,0.0163,0.599
stgcnpp,limb_occlusion_severe,35,shake head,275,0.9467,0.3733,0.0056,0.5733
stgcnpp,limb_occlusion_severe,36,wipe face,276,0.8829,0.2258,0.0212,0.657
stgcnpp,limb_occlusion_severe,37,salute,276,0.9275,0.3478,0.0072,0.5797
stgcnpp,limb_occlusion_severe,38,put the palms together,276,0.9348,0.2874,0.0555,0.6473
stgcnpp,limb_occlusion_severe,39,cross hands in front (say stop),276,0.936,0.1111,0.0146,0.8249
stgcnpp,limb_occlusion_severe,40,sneeze/cough,276,0.7633,0.1884,0.0487,0.5749
stgcnpp,limb_occlusion_severe,41,staggering,276,0.9952,0.1316,0.045,0.8635
stgcnpp,limb_occlusion_severe,42,falling,275,0.9891,0.2206,0.0939,0.7685
stgcnpp,limb_occlusion_severe,43,touch head (headache),276,0.8164,0.2645,0.0261,0.5519
stgcnpp,limb_occlusion_severe,44,touch chest (stomachache/heart pain),276,0.9312,0.4976,0.0308,0.4336
stgcnpp,limb_occlusion_severe,45,touch back (backache),276,0.9312,0.5435,0.0507,0.3877
stgcnpp,limb_occlusion_severe,46,touch neck (neckache),276,0.843,0.3563,0.0111,0.4867
stgcnpp,limb_occlusion_severe,47,nausea or vomiting condition,275,0.8448,0.1673,0.0096,0.6776
stgcnpp,limb_occlusion_severe,48,use a fan (with hand or paper)/feeling warm,275,0.9224,0.4242,0.0187,0.4982
stgcnpp,limb_occlusion_severe,49,punching/slapping other person,274,0.9027,0.2616,0.0741,0.6411
stgcnpp,limb_occlusion_severe,50,kicking other person,276,0.936,0.3551,0.0978,0.5809
stgcnpp,limb_occlusion_severe,51,pushing other person,276,0.9601,0.3587,0.0297,0.6014
stgcnpp,limb_occlusion_severe,52,pat on back of other person,276,0.9239,0.4529,0.0471,0.471
stgcnpp,limb_occlusion_severe,53,point finger at the other person,276,0.9058,0.1522,0.0283,0.7536
stgcnpp,limb_occlusion_severe,54,hugging other person,274,0.983,0.5109,0.0411,0.472
stgcnpp,limb_occlusion_severe,55,giving something to other person,276,0.9312,0.3357,0.0638,0.5954
stgcnpp,limb_occlusion_severe,56,touch other person's pocket,275,0.9394,0.4921,0.053,0.4473
stgcnpp,limb_occlusion_severe,57,handshaking,276,0.9577,0.3696,0.0632,0.5882
stgcnpp,limb_occlusion_severe,58,walking towards each other,273,0.9951,0.21,0.0112,0.7851
stgcnpp,limb_occlusion_severe,59,walking apart from each other,276,0.9686,0.4601,0.1188,0.5085
stgcnpp,coord_noise_severe,0,drink water,274,0.8637,0.0,0.0,0.8637
stgcnpp,coord_noise_severe,1,eat meal/snack,275,0.7382,0.0,0.0,0.7382
stgcnpp,coord_noise_severe,2,brushing teeth,273,0.8694,0.0,0.0,0.8694
stgcnpp,coord_noise_severe,3,brushing hair,273,0.9267,0.0549,0.0952,0.8718
stgcnpp,coord_noise_severe,4,drop,275,0.8848,0.0,0.0,0.8848
stgcnpp,coord_noise_severe,5,pickup,275,0.9576,0.0885,0.1533,0.8691
stgcnpp,coord_noise_severe,6,throw,275,0.9115,0.0012,0.0021,0.9103
stgcnpp,coord_noise_severe,7,sitting down,273,0.9707,0.1941,0.3237,0.7766
stgcnpp,coord_noise_severe,8,standing up (from sitting position),273,0.9792,0.0,0.0,0.9792
stgcnpp,coord_noise_severe,9,clapping,273,0.812,0.0147,0.0254,0.7973
stgcnpp,coord_noise_severe,10,reading,273,0.5873,0.0012,0.0021,0.5861
stgcnpp,coord_noise_severe,11,writing,272,0.5907,0.2757,0.1325,0.315
stgcnpp,coord_noise_severe,12,tear up paper,271,0.9139,0.0,0.0,0.9139
stgcnpp,coord_noise_severe,13,wear jacket,275,0.983,0.4012,0.4614,0.5818
stgcnpp,coord_noise_severe,14,take off jacket,276,0.9734,0.0012,0.0021,0.9722
stgcnpp,coord_noise_severe,15,wear a shoe,273,0.7131,0.2222,0.2475,0.4908
stgcnpp,coord_noise_severe,16,take off a shoe,274,0.7798,0.0645,0.0699,0.7153
stgcnpp,coord_noise_severe,17,wear on glasses,273,0.9206,0.0,0.0,0.9206
stgcnpp,coord_noise_severe,18,take off glasses,274,0.9526,0.0,0.0,0.9526
stgcnpp,coord_noise_severe,19,put on a hat/cap,272,0.9681,0.0,0.0,0.9681
stgcnpp,coord_noise_severe,20,take off a hat/cap,273,0.9744,0.0,0.0,0.9744
stgcnpp,coord_noise_severe,21,cheer up,274,0.9367,0.0,0.0,0.9367
stgcnpp,coord_noise_severe,22,hand waving,274,0.9221,0.0049,0.0084,0.9173
stgcnpp,coord_noise_severe,23,kicking something,276,0.9432,0.0012,0.0021,0.942
stgcnpp,coord_noise_severe,24,reach into pocket,274,0.8285,0.0,0.0,0.8285
stgcnpp,coord_noise_severe,25,hopping (one foot jumping),275,0.9879,0.0,0.0,0.9879
stgcnpp,coord_noise_severe,26,jump up,276,0.9988,0.0,0.0,0.9988
stgcnpp,coord_noise_severe,27,make a phone call/answer phone,275,0.8933,0.0,0.0,0.8933
stgcnpp,coord_noise_severe,28,playing with phone/tablet,275,0.7321,0.0048,0.0084,0.7273
stgcnpp,coord_noise_severe,29,typing on a keyboard,275,0.7309,0.0182,0.0315,0.7127
stgcnpp,coord_noise_severe,30,pointing to something with finger,276,0.7766,0.0,0.0,0.7766
stgcnpp,coord_noise_severe,31,taking a selfie,276,0.8925,0.0266,0.0304,0.8659
stgcnpp,coord_noise_severe,32,check time (from watch),276,0.8973,0.0,0.0,0.8973
stgcnpp,coord_noise_severe,33,rub two hands together,276,0.8913,0.0012,0.0021,0.8901
stgcnpp,coord_noise_severe,34,nod head/bow,276,0.9674,0.1739,0.2857,0.7935
stgcnpp,coord_noise_severe,35,shake head,275,0.9467,0.0,0.0,0.9467
stgcnpp,coord_noise_severe,36,wipe face,276,0.8829,0.0072,0.0126,0.8756
stgcnpp,coord_noise_severe,37,salute,276,0.9275,0.0,0.0,0.9275
stgcnpp,coord_noise_severe,38,put the palms together,276,0.9348,0.0,0.0,0.9348
stgcnpp,coord_noise_severe,39,cross hands in front (say stop),276,0.936,0.006,0.0105,0.93
stgcnpp,coord_noise_severe,40,sneeze/cough,276,0.7633,0.0,0.0,0.7633
stgcnpp,coord_noise_severe,41,staggering,276,0.9952,0.0,0.0,0.9952
stgcnpp,coord_noise_severe,42,falling,275,0.9891,0.0642,0.0421,0.9248
stgcnpp,coord_noise_severe,43,touch head (headache),276,0.8164,0.0,0.0,0.8164
stgcnpp,coord_noise_severe,44,touch chest (stomachache/heart pain),276,0.9312,0.0,0.0,0.9312
stgcnpp,coord_noise_severe,45,touch back (backache),276,0.9312,0.1763,0.2776,0.7548
stgcnpp,coord_noise_severe,46,touch neck (neckache),276,0.843,0.0012,0.0021,0.8418
stgcnpp,coord_noise_severe,47,nausea or vomiting condition,275,0.8448,0.1624,0.0151,0.6824
stgcnpp,coord_noise_severe,48,use a fan (with hand or paper)/feeling warm,275,0.9224,0.8291,0.1266,0.0933
stgcnpp,coord_noise_severe,49,punching/slapping other person,274,0.9027,0.0024,0.0042,0.9002
stgcnpp,coord_noise_severe,50,kicking other person,276,0.936,0.0,0.0,0.936
stgcnpp,coord_noise_severe,51,pushing other person,276,0.9601,0.0,0.0,0.9601
stgcnpp,coord_noise_severe,52,pat on back of other person,276,0.9239,0.0,0.0,0.9239
stgcnpp,coord_noise_severe,53,point finger at the other person,276,0.9058,0.0048,0.0084,0.901
stgcnpp,coord_noise_severe,54,hugging other person,274,0.983,0.2689,0.2328,0.7141
stgcnpp,coord_noise_severe,55,giving something to other person,276,0.9312,0.0,0.0,0.9312
stgcnpp,coord_noise_severe,56,touch other person's pocket,275,0.9394,0.0339,0.0468,0.9055
stgcnpp,coord_noise_severe,57,handshaking,276,0.9577,0.0181,0.0314,0.9396
stgcnpp,coord_noise_severe,58,walking towards each other,273,0.9951,0.2674,0.1704,0.7277
stgcnpp,coord_noise_severe,59,walking apart from each other,276,0.9686,0.1123,0.1945,0.8563
stgcnpp,frame_missing_severe,0,drink water,274,0.8637,0.6436,0.0628,0.2202
stgcnpp,frame_missing_severe,1,eat meal/snack,275,0.7382,0.4218,0.0513,0.3164
stgcnpp,frame_missing_severe,2,brushing teeth,273,0.8694,0.6239,0.0827,0.2454
stgcnpp,frame_missing_severe,3,brushing hair,273,0.9267,0.6471,0.0056,0.2796
stgcnpp,frame_missing_severe,4,drop,275,0.8848,0.7321,0.106,0.1527
stgcnpp,frame_missing_severe,5,pickup,275,0.9576,0.72,0.0855,0.2376
stgcnpp,frame_missing_severe,6,throw,275,0.9115,0.6582,0.0824,0.2533
stgcnpp,frame_missing_severe,7,sitting down,273,0.9707,0.8632,0.0332,0.1074
stgcnpp,frame_missing_severe,8,standing up (from sitting position),273,0.9792,0.9035,0.0112,0.0757
stgcnpp,frame_missing_severe,9,clapping,273,0.812,0.5714,0.0168,0.2405
stgcnpp,frame_missing_severe,10,reading,273,0.5873,0.3761,0.0563,0.2112
stgcnpp,frame_missing_severe,11,writing,272,0.5907,0.4032,0.0317,0.1875
stgcnpp,frame_missing_severe,12,tear up paper,271,0.9139,0.6802,0.0769,0.2337
stgcnpp,frame_missing_severe,13,wear jacket,275,0.983,0.8182,0.0378,0.1648
stgcnpp,frame_missing_severe,14,take off jacket,276,0.9734,0.8043,0.022,0.1691
stgcnpp,frame_missing_severe,15,wear a shoe,273,0.7131,0.4469,0.0699,0.2662
stgcnpp,frame_missing_severe,16,take off a shoe,274,0.7798,0.5182,0.0109,0.2616
stgcnpp,frame_missing_severe,17,wear on glasses,273,0.9206,0.5495,0.0839,0.3712
stgcnpp,frame_missing_severe,18,take off glasses,274,0.9526,0.4708,0.066,0.4818
stgcnpp,frame_missing_severe,19,put on a hat/cap,272,0.9681,0.6471,0.0578,0.3211
stgcnpp,frame_missing_severe,20,take off a hat/cap,273,0.9744,0.5861,0.0603,0.3883
stgcnpp,frame_missing_severe,21,cheer up,274,0.9367,0.8735,0.0201,0.0633
stgcnpp,frame_missing_severe,22,hand waving,274,0.9221,0.7384,0.0259,0.1837
stgcnpp,frame_missing_severe,23,kicking something,276,0.9432,0.8225,0.0435,0.1208
stgcnpp,frame_missing_severe,24,reach into pocket,274,0.8285,0.4246,0.1311,0.4039
stgcnpp,frame_missing_severe,25,hopping (one foot jumping),275,0.9879,0.8776,0.02,0.1103
stgcnpp,frame_missing_severe,26,jump up,276,0.9988,0.7911,0.0241,0.2077
stgcnpp,frame_missing_severe,27,make a phone call/answer phone,275,0.8933,0.4897,0.0651,0.4036
stgcnpp,frame_missing_severe,28,playing with phone/tablet,275,0.7321,0.5709,0.0492,0.1612
stgcnpp,frame_missing_severe,29,typing on a keyboard,275,0.7309,0.6255,0.0978,0.1055
stgcnpp,frame_missing_severe,30,pointing to something with finger,276,0.7766,0.7512,0.0437,0.0254
stgcnpp,frame_missing_severe,31,taking a selfie,276,0.8925,0.5543,0.1419,0.3382
stgcnpp,frame_missing_severe,32,check time (from watch),276,0.8973,0.6316,0.0171,0.2657
stgcnpp,frame_missing_severe,33,rub two hands together,276,0.8913,0.5894,0.0998,0.3019
stgcnpp,frame_missing_severe,34,nod head/bow,276,0.9674,0.8841,0.0322,0.0833
stgcnpp,frame_missing_severe,35,shake head,275,0.9467,0.6861,0.126,0.2606
stgcnpp,frame_missing_severe,36,wipe face,276,0.8829,0.4952,0.0509,0.3877
stgcnpp,frame_missing_severe,37,salute,276,0.9275,0.814,0.097,0.1135
stgcnpp,frame_missing_severe,38,put the palms together,276,0.9348,0.7536,0.0474,0.1812
stgcnpp,frame_missing_severe,39,cross hands in front (say stop),276,0.936,0.628,0.0733,0.308
stgcnpp,frame_missing_severe,40,sneeze/cough,276,0.7633,0.471,0.0131,0.2923
stgcnpp,frame_missing_severe,41,staggering,276,0.9952,0.6449,0.0661,0.3502
stgcnpp,frame_missing_severe,42,falling,275,0.9891,0.9067,0.0219,0.0824
stgcnpp,frame_missing_severe,43,touch head (headache),276,0.8164,0.5302,0.0815,0.2862
stgcnpp,frame_missing_severe,44,touch chest (stomachache/heart pain),276,0.9312,0.785,0.0664,0.1461
stgcnpp,frame_missing_severe,45,touch back (backache),276,0.9312,0.8116,0.0368,0.1196
stgcnpp,frame_missing_severe,46,touch neck (neckache),276,0.843,0.378,0.0137,0.465
stgcnpp,frame_missing_severe,47,nausea or vomiting condition,275,0.8448,0.497,0.0418,0.3479
stgcnpp,frame_missing_severe,48,use a fan (with hand or paper)/feeling warm,275,0.9224,0.8048,0.0559,0.1176
stgcnpp,frame_missing_severe,49,punching/slapping other person,274,0.9027,0.4185,0.0486,0.4842
stgcnpp,frame_missing_severe,50,kicking other person,276,0.936,0.7403,0.0432,0.1957
stgcnpp,frame_missing_severe,51,pushing other person,276,0.9601,0.4855,0.0412,0.4746
stgcnpp,frame_missing_severe,52,pat on back of other person,276,0.9239,0.5097,0.0779,0.4143
stgcnpp,frame_missing_severe,53,point finger at the other person,276,0.9058,0.4034,0.2216,0.5024
stgcnpp,frame_missing_severe,54,hugging other person,274,0.983,0.8954,0.0259,0.0876
stgcnpp,frame_missing_severe,55,giving something to other person,276,0.9312,0.6836,0.0877,0.2476
stgcnpp,frame_missing_severe,56,touch other person's pocket,275,0.9394,0.7067,0.1245,0.2327
stgcnpp,frame_missing_severe,57,handshaking,276,0.9577,0.6679,0.0589,0.2899
stgcnpp,frame_missing_severe,58,walking towards each other,273,0.9951,0.9365,0.0056,0.0586
stgcnpp,frame_missing_severe,59,walking apart from each other,276,0.9686,0.9324,0.0042,0.0362
stgcnpp,mixed_severe,0,drink water,274,0.8637,0.1204,0.0255,0.7433
stgcnpp,mixed_severe,1,eat meal/snack,275,0.7382,0.0727,0.0145,0.6655
stgcnpp,mixed_severe,2,brushing teeth,273,0.8694,0.0745,0.0244,0.7949
stgcnpp,mixed_severe,3,brushing hair,273,0.9267,0.1392,0.054,0.7875
stgcnpp,mixed_severe,4,drop,275,0.8848,0.103,0.02,0.7818
stgcnpp,mixed_severe,5,pickup,275,0.9576,0.0897,0.0258,0.8679
stgcnpp,mixed_severe,6,throw,275,0.9115,0.1261,0.0138,0.7855
stgcnpp,mixed_severe,7,sitting down,273,0.9707,0.1465,0.0476,0.8242
stgcnpp,mixed_severe,8,standing up (from sitting position),273,0.9792,0.1306,0.0238,0.8486
stgcnpp,mixed_severe,9,clapping,273,0.812,0.0855,0.0056,0.7265
stgcnpp,mixed_severe,10,reading,273,0.5873,0.0696,0.0204,0.5177
stgcnpp,mixed_severe,11,writing,272,0.5907,0.2512,0.0423,0.3395
stgcnpp,mixed_severe,12,tear up paper,271,0.9139,0.0886,0.0128,0.8253
stgcnpp,mixed_severe,13,wear jacket,275,0.983,0.2618,0.0855,0.7212
stgcnpp,mixed_severe,14,take off jacket,276,0.9734,0.1292,0.0042,0.8442
stgcnpp,mixed_severe,15,wear a shoe,273,0.7131,0.0952,0.0432,0.6178
stgcnpp,mixed_severe,16,take off a shoe,274,0.7798,0.1107,0.0187,0.6691
stgcnpp,mixed_severe,17,wear on glasses,273,0.9206,0.072,0.0165,0.8486
stgcnpp,mixed_severe,18,take off glasses,274,0.9526,0.09,0.0056,0.8625
stgcnpp,mixed_severe,19,put on a hat/cap,272,0.9681,0.1189,0.0056,0.8493
stgcnpp,mixed_severe,20,take off a hat/cap,273,0.9744,0.1416,0.0076,0.8327
stgcnpp,mixed_severe,21,cheer up,274,0.9367,0.1934,0.0792,0.7433
stgcnpp,mixed_severe,22,hand waving,274,0.9221,0.2129,0.0423,0.7092
stgcnpp,mixed_severe,23,kicking something,276,0.9432,0.1111,0.0055,0.8321
stgcnpp,mixed_severe,24,reach into pocket,274,0.8285,0.0998,0.0117,0.7287
stgcnpp,mixed_severe,25,hopping (one foot jumping),275,0.9879,0.1612,0.0294,0.8267
stgcnpp,mixed_severe,26,jump up,276,0.9988,0.1643,0.0091,0.8345
stgcnpp,mixed_severe,27,make a phone call/answer phone,275,0.8933,0.0667,0.0084,0.8267
stgcnpp,mixed_severe,28,playing with phone/tablet,275,0.7321,0.1552,0.0385,0.577
stgcnpp,mixed_severe,29,typing on a keyboard,275,0.7309,0.2448,0.0455,0.4861
stgcnpp,mixed_severe,30,pointing to something with finger,276,0.7766,0.1208,0.0146,0.6558
stgcnpp,mixed_severe,31,taking a selfie,276,0.8925,0.151,0.0617,0.7415
stgcnpp,mixed_severe,32,check time (from watch),276,0.8973,0.1184,0.0055,0.779
stgcnpp,mixed_severe,33,rub two hands together,276,0.8913,0.0749,0.0182,0.8164
stgcnpp,mixed_severe,34,nod head/bow,276,0.9674,0.1534,0.0367,0.814
stgcnpp,mixed_severe,35,shake head,275,0.9467,0.0861,0.0242,0.8606
stgcnpp,mixed_severe,36,wipe face,276,0.8829,0.1244,0.0711,0.7585
stgcnpp,mixed_severe,37,salute,276,0.9275,0.1244,0.0179,0.8031
stgcnpp,mixed_severe,38,put the palms together,276,0.9348,0.0809,0.0055,0.8539
stgcnpp,mixed_severe,39,cross hands in front (say stop),276,0.936,0.0628,0.0111,0.8732
stgcnpp,mixed_severe,40,sneeze/cough,276,0.7633,0.0374,0.0075,0.7258
stgcnpp,mixed_severe,41,staggering,276,0.9952,0.0616,0.0,0.9336
stgcnpp,mixed_severe,42,falling,275,0.9891,0.1067,0.0042,0.8824
stgcnpp,mixed_severe,43,touch head (headache),276,0.8164,0.0833,0.0131,0.7331
stgcnpp,mixed_severe,44,touch chest (stomachache/heart pain),276,0.9312,0.1703,0.0418,0.7609
stgcnpp,mixed_severe,45,touch back (backache),276,0.9312,0.1473,0.0372,0.7838
stgcnpp,mixed_severe,46,touch neck (neckache),276,0.843,0.0688,0.0096,0.7742
stgcnpp,mixed_severe,47,nausea or vomiting condition,275,0.8448,0.1236,0.0036,0.7212
stgcnpp,mixed_severe,48,use a fan (with hand or paper)/feeling warm,275,0.9224,0.4109,0.0743,0.5115
stgcnpp,mixed_severe,49,punching/slapping other person,274,0.9027,0.0633,0.0223,0.8394
stgcnpp,mixed_severe,50,kicking other person,276,0.936,0.1123,0.0109,0.8237
stgcnpp,mixed_severe,51,pushing other person,276,0.9601,0.0773,0.0091,0.8829
stgcnpp,mixed_severe,52,pat on back of other person,276,0.9239,0.1691,0.0387,0.7548
stgcnpp,mixed_severe,53,point finger at the other person,276,0.9058,0.0483,0.02,0.8575
stgcnpp,mixed_severe,54,hugging other person,274,0.983,0.281,0.1041,0.7019
stgcnpp,mixed_severe,55,giving something to other person,276,0.9312,0.1063,0.0055,0.8249
stgcnpp,mixed_severe,56,touch other person's pocket,275,0.9394,0.1527,0.0787,0.7867
stgcnpp,mixed_severe,57,handshaking,276,0.9577,0.1425,0.0555,0.8152
stgcnpp,mixed_severe,58,walking towards each other,273,0.9951,0.1441,0.0169,0.851
stgcnpp,mixed_severe,59,walking apart from each other,276,0.9686,0.1341,0.0166,0.8345
ctrgcn,clean,0,drink water,274,0.8601,0.8601,0.0269,0.0
ctrgcn,clean,1,eat meal/snack,275,0.7261,0.7261,0.0151,0.0
ctrgcn,clean,2,brushing teeth,273,0.873,0.873,0.0056,0.0
ctrgcn,clean,3,brushing hair,273,0.917,0.917,0.0148,0.0
ctrgcn,clean,4,drop,275,0.8873,0.8873,0.0096,0.0
ctrgcn,clean,5,pickup,275,0.9697,0.9697,0.0021,0.0
ctrgcn,clean,6,throw,275,0.9321,0.9321,0.0111,0.0
ctrgcn,clean,7,sitting down,273,0.9683,0.9683,0.0042,0.0
ctrgcn,clean,8,standing up (from sitting position),273,0.9792,0.9792,0.0021,0.0
ctrgcn,clean,9,clapping,273,0.7741,0.7741,0.034,0.0
ctrgcn,clean,10,reading,273,0.6496,0.6496,0.0056,0.0
ctrgcn,clean,11,writing,272,0.6201,0.6201,0.0189,0.0
ctrgcn,clean,12,tear up paper,271,0.9213,0.9213,0.013,0.0
ctrgcn,clean,13,wear jacket,275,0.9782,0.9782,0.0036,0.0
ctrgcn,clean,14,take off jacket,276,0.9843,0.9843,0.0055,0.0
ctrgcn,clean,15,wear a shoe,273,0.8083,0.8083,0.0448,0.0
ctrgcn,clean,16,take off a shoe,274,0.8382,0.8382,0.0235,0.0
ctrgcn,clean,17,wear on glasses,273,0.9084,0.9084,0.0097,0.0
ctrgcn,clean,18,take off glasses,274,0.944,0.944,0.0076,0.0
ctrgcn,clean,19,put on a hat/cap,272,0.9596,0.9596,0.0064,0.0
ctrgcn,clean,20,take off a hat/cap,273,0.9744,0.9744,0.0037,0.0
ctrgcn,clean,21,cheer up,274,0.9258,0.9258,0.0105,0.0
ctrgcn,clean,22,hand waving,274,0.9173,0.9173,0.0111,0.0
ctrgcn,clean,23,kicking something,276,0.9529,0.9529,0.0181,0.0
ctrgcn,clean,24,reach into pocket,274,0.8358,0.8358,0.0063,0.0
ctrgcn,clean,25,hopping (one foot jumping),275,0.9891,0.9891,0.0,0.0
ctrgcn,clean,26,jump up,276,1.0,1.0,0.0,0.0
ctrgcn,clean,27,make a phone call/answer phone,275,0.9079,0.9079,0.0076,0.0
ctrgcn,clean,28,playing with phone/tablet,275,0.6958,0.6958,0.058,0.0
ctrgcn,clean,29,typing on a keyboard,275,0.737,0.737,0.0349,0.0
ctrgcn,clean,30,pointing to something with finger,276,0.7862,0.7862,0.0288,0.0
ctrgcn,clean,31,taking a selfie,276,0.8889,0.8889,0.0105,0.0
ctrgcn,clean,32,check time (from watch),276,0.901,0.901,0.0146,0.0
ctrgcn,clean,33,rub two hands together,276,0.9034,0.9034,0.0075,0.0
ctrgcn,clean,34,nod head/bow,276,0.971,0.971,0.0063,0.0
ctrgcn,clean,35,shake head,275,0.9503,0.9503,0.0056,0.0
ctrgcn,clean,36,wipe face,276,0.8551,0.8551,0.0096,0.0
ctrgcn,clean,37,salute,276,0.93,0.93,0.0091,0.0
ctrgcn,clean,38,put the palms together,276,0.9239,0.9239,0.0063,0.0
ctrgcn,clean,39,cross hands in front (say stop),276,0.936,0.936,0.0055,0.0
ctrgcn,clean,40,sneeze/cough,276,0.7403,0.7403,0.0167,0.0
ctrgcn,clean,41,staggering,276,0.9867,0.9867,0.0055,0.0
ctrgcn,clean,42,falling,275,0.9939,0.9939,0.0021,0.0
ctrgcn,clean,43,touch head (headache),276,0.8345,0.8345,0.0116,0.0
ctrgcn,clean,44,touch chest (stomachache/heart pain),276,0.9215,0.9215,0.0163,0.0
ctrgcn,clean,45,touch back (backache),276,0.9444,0.9444,0.0137,0.0
ctrgcn,clean,46,touch neck (neckache),276,0.8502,0.8502,0.0075,0.0
ctrgcn,clean,47,nausea or vomiting condition,275,0.8497,0.8497,0.0263,0.0
ctrgcn,clean,48,use a fan (with hand or paper)/feeling warm,275,0.9309,0.9309,0.0063,0.0
ctrgcn,clean,49,punching/slapping other person,274,0.9112,0.9112,0.0169,0.0
ctrgcn,clean,50,kicking other person,276,0.9541,0.9541,0.0116,0.0
ctrgcn,clean,51,pushing other person,276,0.9722,0.9722,0.0163,0.0
ctrgcn,clean,52,pat on back of other person,276,0.9143,0.9143,0.0127,0.0
ctrgcn,clean,53,point finger at the other person,276,0.913,0.913,0.0063,0.0
ctrgcn,clean,54,hugging other person,274,0.9878,0.9878,0.0056,0.0
ctrgcn,clean,55,giving something to other person,276,0.9372,0.9372,0.0182,0.0
ctrgcn,clean,56,touch other person's pocket,275,0.9382,0.9382,0.0145,0.0
ctrgcn,clean,57,handshaking,276,0.9589,0.9589,0.0091,0.0
ctrgcn,clean,58,walking towards each other,273,0.9963,0.9963,0.0037,0.0
ctrgcn,clean,59,walking apart from each other,276,0.9638,0.9638,0.0096,0.0
ctrgcn,joint_missing_mild,0,drink water,274,0.8601,0.7591,0.0711,0.101
ctrgcn,joint_missing_mild,1,eat meal/snack,275,0.7261,0.6509,0.0662,0.0752
ctrgcn,joint_missing_mild,2,brushing teeth,273,0.873,0.5263,0.0727,0.3468
ctrgcn,joint_missing_mild,3,brushing hair,273,0.917,0.6984,0.0941,0.2186
ctrgcn,joint_missing_mild,4,drop,275,0.8873,0.8812,0.0731,0.0061
ctrgcn,joint_missing_mild,5,pickup,275,0.9697,0.8085,0.1312,0.1612
ctrgcn,joint_missing_mild,6,throw,275,0.9321,0.8024,0.0559,0.1297
ctrgcn,joint_missing_mild,7,sitting down,273,0.9683,0.8938,0.0553,0.0745
ctrgcn,joint_missing_mild,8,standing up (from sitting position),273,0.9792,0.9609,0.0056,0.0183
ctrgcn,joint_missing_mild,9,clapping,273,0.7741,0.6142,0.11,0.16
ctrgcn,joint_missing_mild,10,reading,273,0.6496,0.6044,0.0852,0.0452
ctrgcn,joint_missing_mild,11,writing,272,0.6201,0.473,0.0466,0.1471
ctrgcn,joint_missing_mild,12,tear up paper,271,0.9213,0.8167,0.0476,0.1046
ctrgcn,joint_missing_mild,13,wear jacket,275,0.9782,0.9636,0.0,0.0145
ctrgcn,joint_missing_mild,14,take off jacket,276,0.9843,0.8901,0.042,0.0942
ctrgcn,joint_missing_mild,15,wear a shoe,273,0.8083,0.5482,0.0184,0.2601
ctrgcn,joint_missing_mild,16,take off a shoe,274,0.8382,0.6375,0.0883,0.2007
ctrgcn,joint_missing_mild,17,wear on glasses,273,0.9084,0.7802,0.0554,0.1282
ctrgcn,joint_missing_mild,18,take off glasses,274,0.944,0.871,0.0568,0.073
ctrgcn,joint_missing_mild,19,put on a hat/cap,272,0.9596,0.8272,0.0973,0.1324
ctrgcn,joint_missing_mild,20,take off a hat/cap,273,0.9744,0.8547,0.0744,0.1197
ctrgcn,joint_missing_mild,21,cheer up,274,0.9258,0.7835,0.0283,0.1423
ctrgcn,joint_missing_mild,22,hand waving,274,0.9173,0.7798,0.0456,0.1375
ctrgcn,joint_missing_mild,23,kicking something,276,0.9529,0.5918,0.1096,0.3611
ctrgcn,joint_missing_mild,24,reach into pocket,274,0.8358,0.4659,0.0591,0.3698
ctrgcn,joint_missing_mild,25,hopping (one foot jumping),275,0.9891,0.9055,0.0571,0.0836
ctrgcn,joint_missing_mild,26,jump up,276,1.0,0.9831,0.0146,0.0169
ctrgcn,joint_missing_mild,27,make a phone call/answer phone,275,0.9079,0.52,0.0928,0.3879
ctrgcn,joint_missing_mild,28,playing with phone/tablet,275,0.6958,0.2861,0.0399,0.4097
ctrgcn,joint_missing_mild,29,typing on a keyboard,275,0.737,0.5976,0.1606,0.1394
ctrgcn,joint_missing_mild,30,pointing to something with finger,276,0.7862,0.6594,0.0635,0.1268
ctrgcn,joint_missing_mild,31,taking a selfie,276,0.8889,0.6377,0.0809,0.2512
ctrgcn,joint_missing_mild,32,check time (from watch),276,0.901,0.7536,0.0288,0.1473
ctrgcn,joint_missing_mild,33,rub two hands together,276,0.9034,0.7114,0.0055,0.192
ctrgcn,joint_missing_mild,34,nod head/bow,276,0.971,0.9408,0.0105,0.0302
ctrgcn,joint_missing_mild,35,shake head,275,0.9503,0.4085,0.1029,0.5418
ctrgcn,joint_missing_mild,36,wipe face,276,0.8551,0.4819,0.1821,0.3732
ctrgcn,joint_missing_mild,37,salute,276,0.93,0.8478,0.0439,0.0821
ctrgcn,joint_missing_mild,38,put the palms together,276,0.9239,0.8635,0.0502,0.0604
ctrgcn,joint_missing_mild,39,cross hands in front (say stop),276,0.936,0.9094,0.0072,0.0266
ctrgcn,joint_missing_mild,40,sneeze/cough,276,0.7403,0.4203,0.0543,0.32
ctrgcn,joint_missing_mild,41,staggering,276,0.9867,0.349,0.1686,0.6377
ctrgcn,joint_missing_mild,42,falling,275,0.9939,0.9079,0.053,0.0861
ctrgcn,joint_missing_mild,43,touch head (headache),276,0.8345,0.4626,0.1326,0.372
ctrgcn,joint_missing_mild,44,touch chest (stomachache/heart pain),276,0.9215,0.8514,0.0332,0.07
ctrgcn,joint_missing_mild,45,touch back (backache),276,0.9444,0.564,0.1474,0.3804
ctrgcn,joint_missing_mild,46,touch neck (neckache),276,0.8502,0.4094,0.0158,0.4408
ctrgcn,joint_missing_mild,47,nausea or vomiting condition,275,0.8497,0.6667,0.0364,0.183
ctrgcn,joint_missing_mild,48,use a fan (with hand or paper)/feeling warm,275,0.9309,0.92,0.0227,0.0109
ctrgcn,joint_missing_mild,49,punching/slapping other person,274,0.9112,0.6655,0.137,0.2457
ctrgcn,joint_missing_mild,50,kicking other person,276,0.9541,0.5737,0.1243,0.3804
ctrgcn,joint_missing_mild,51,pushing other person,276,0.9722,0.6691,0.042,0.3031
ctrgcn,joint_missing_mild,52,pat on back of other person,276,0.9143,0.4867,0.1039,0.4275
ctrgcn,joint_missing_mild,53,point finger at the other person,276,0.913,0.8152,0.0368,0.0978
ctrgcn,joint_missing_mild,54,hugging other person,274,0.9878,0.8929,0.1009,0.0949
ctrgcn,joint_missing_mild,55,giving something to other person,276,0.9372,0.7693,0.1555,0.1679
ctrgcn,joint_missing_mild,56,touch other person's pocket,275,0.9382,0.8327,0.0405,0.1055
ctrgcn,joint_missing_mild,57,handshaking,276,0.9589,0.6051,0.1246,0.3539
ctrgcn,joint_missing_mild,58,walking towards each other,273,0.9963,0.7949,0.2036,0.2015
ctrgcn,joint_missing_mild,59,walking apart from each other,276,0.9638,0.9686,0.0262,-0.0048
ctrgcn,limb_occlusion_mild,0,drink water,274,0.8601,0.7153,0.0253,0.1448
ctrgcn,limb_occlusion_mild,1,eat meal/snack,275,0.7261,0.5709,0.0192,0.1552
ctrgcn,limb_occlusion_mild,2,brushing teeth,273,0.873,0.6862,0.0139,0.1868
ctrgcn,limb_occlusion_mild,3,brushing hair,273,0.917,0.7937,0.0173,0.1233
ctrgcn,limb_occlusion_mild,4,drop,275,0.8873,0.7648,0.0042,0.1224
ctrgcn,limb_occlusion_mild,5,pickup,275,0.9697,0.8473,0.0145,0.1224
ctrgcn,limb_occlusion_mild,6,throw,275,0.9321,0.7952,0.0147,0.137
ctrgcn,limb_occlusion_mild,7,sitting down,273,0.9683,0.9206,0.0316,0.0476
ctrgcn,limb_occlusion_mild,8,standing up (from sitting position),273,0.9792,0.9292,0.0188,0.0501
ctrgcn,limb_occlusion_mild,9,clapping,273,0.7741,0.6276,0.05,0.1465
ctrgcn,limb_occlusion_mild,10,reading,273,0.6496,0.5018,0.0313,0.1477
ctrgcn,limb_occlusion_mild,11,writing,272,0.6201,0.5613,0.025,0.0588
ctrgcn,limb_occlusion_mild,12,tear up paper,271,0.9213,0.7737,0.013,0.1476
ctrgcn,limb_occlusion_mild,13,wear jacket,275,0.9782,0.8691,0.0385,0.1091
ctrgcn,limb_occlusion_mild,14,take off jacket,276,0.9843,0.9191,0.0212,0.0652
ctrgcn,limb_occlusion_mild,15,wear a shoe,273,0.8083,0.6679,0.0148,0.1404
ctrgcn,limb_occlusion_mild,16,take off a shoe,274,0.8382,0.7251,0.044,0.1131
ctrgcn,limb_occlusion_mild,17,wear on glasses,273,0.9084,0.7753,0.0584,0.1331
ctrgcn,limb_occlusion_mild,18,take off glasses,274,0.944,0.8601,0.0184,0.0839
ctrgcn,limb_occlusion_mild,19,put on a hat/cap,272,0.9596,0.7917,0.0149,0.1679
ctrgcn,limb_occlusion_mild,20,take off a hat/cap,273,0.9744,0.823,0.0173,0.1514
ctrgcn,limb_occlusion_mild,21,cheer up,274,0.9258,0.7835,0.0092,0.1423
ctrgcn,limb_occlusion_mild,22,hand waving,274,0.9173,0.764,0.0105,0.1533
ctrgcn,limb_occlusion_mild,23,kicking something,276,0.9529,0.8768,0.0349,0.0761
ctrgcn,limb_occlusion_mild,24,reach into pocket,274,0.8358,0.7543,0.0056,0.0815
ctrgcn,limb_occlusion_mild,25,hopping (one foot jumping),275,0.9891,0.9806,0.0076,0.0085
ctrgcn,limb_occlusion_mild,26,jump up,276,1.0,0.9867,0.0084,0.0133
ctrgcn,limb_occlusion_mild,27,make a phone call/answer phone,275,0.9079,0.7418,0.0202,0.1661
ctrgcn,limb_occlusion_mild,28,playing with phone/tablet,275,0.6958,0.5927,0.0577,0.103
ctrgcn,limb_occlusion_mild,29,typing on a keyboard,275,0.737,0.6618,0.0347,0.0752
ctrgcn,limb_occlusion_mild,30,pointing to something with finger,276,0.7862,0.6329,0.0212,0.1534
ctrgcn,limb_occlusion_mild,31,taking a selfie,276,0.8889,0.7307,0.0221,0.1582
ctrgcn,limb_occlusion_mild,32,check time (from watch),276,0.901,0.7053,0.0137,0.1957
ctrgcn,limb_occlusion_mild,33,rub two hands together,276,0.9034,0.7391,0.0202,0.1643
ctrgcn,limb_occlusion_mild,34,nod head/bow,276,0.971,0.8188,0.0096,0.1522
ctrgcn,limb_occlusion_mild,35,shake head,275,0.9503,0.8327,0.0145,0.1176
ctrgcn,limb_occlusion_mild,36,wipe face,276,0.8551,0.6896,0.0236,0.1655
ctrgcn,limb_occlusion_mild,37,salute,276,0.93,0.7367,0.0163,0.1932
ctrgcn,limb_occlusion_mild,38,put the palms together,276,0.9239,0.7379,0.0267,0.186
ctrgcn,limb_occlusion_mild,39,cross hands in front (say stop),276,0.936,0.7029,0.0408,0.2331
ctrgcn,limb_occlusion_mild,40,sneeze/cough,276,0.7403,0.5326,0.0346,0.2077
ctrgcn,limb_occlusion_mild,41,staggering,276,0.9867,0.9046,0.0302,0.0821
ctrgcn,limb_occlusion_mild,42,falling,275,0.9939,0.9673,0.0063,0.0267
ctrgcn,limb_occlusion_mild,43,touch head (headache),276,0.8345,0.651,0.0241,0.1836
ctrgcn,limb_occlusion_mild,44,touch chest (stomachache/heart pain),276,0.9215,0.785,0.0091,0.1365
ctrgcn,limb_occlusion_mild,45,touch back (backache),276,0.9444,0.8877,0.0288,0.0568
ctrgcn,limb_occlusion_mild,46,touch neck (neckache),276,0.8502,0.7403,0.0218,0.1099
ctrgcn,limb_occlusion_mild,47,nausea or vomiting condition,275,0.8497,0.5964,0.055,0.2533
ctrgcn,limb_occlusion_mild,48,use a fan (with hand or paper)/feeling warm,275,0.9309,0.8182,0.0131,0.1127
ctrgcn,limb_occlusion_mild,49,punching/slapping other person,274,0.9112,0.8224,0.031,0.0888
ctrgcn,limb_occlusion_mild,50,kicking other person,276,0.9541,0.8237,0.0337,0.1304
ctrgcn,limb_occlusion_mild,51,pushing other person,276,0.9722,0.8829,0.0367,0.0894
ctrgcn,limb_occlusion_mild,52,pat on back of other person,276,0.9143,0.872,0.0127,0.0423
ctrgcn,limb_occlusion_mild,53,point finger at the other person,276,0.913,0.721,0.0596,0.192
ctrgcn,limb_occlusion_mild,54,hugging other person,274,0.9878,0.9051,0.0159,0.0827
ctrgcn,limb_occlusion_mild,55,giving something to other person,276,0.9372,0.8297,0.0192,0.1075
ctrgcn,limb_occlusion_mild,56,touch other person's pocket,275,0.9382,0.8909,0.0358,0.0473
ctrgcn,limb_occlusion_mild,57,handshaking,276,0.9589,0.8225,0.0072,0.1365
ctrgcn,limb_occlusion_mild,58,walking towards each other,273,0.9963,0.9316,0.0221,0.0647
ctrgcn,limb_occlusion_mild,59,walking apart from each other,276,0.9638,0.9662,0.0163,-0.0024
ctrgcn,coord_noise_mild,0,drink water,274,0.8601,0.6764,0.1001,0.1837
ctrgcn,coord_noise_mild,1,eat meal/snack,275,0.7261,0.503,0.0405,0.223
ctrgcn,coord_noise_mild,2,brushing teeth,273,0.873,0.5556,0.1227,0.3175
ctrgcn,coord_noise_mild,3,brushing hair,273,0.917,0.619,0.0636,0.2979
ctrgcn,coord_noise_mild,4,drop,275,0.8873,0.5927,0.1478,0.2945
ctrgcn,coord_noise_mild,5,pickup,275,0.9697,0.9103,0.0344,0.0594
ctrgcn,coord_noise_mild,6,throw,275,0.9321,0.8315,0.0294,0.1006
ctrgcn,coord_noise_mild,7,sitting down,273,0.9683,0.9524,0.024,0.0159
ctrgcn,coord_noise_mild,8,standing up (from sitting position),273,0.9792,0.9536,0.0076,0.0256
ctrgcn,coord_noise_mild,9,clapping,273,0.7741,0.707,0.0942,0.0672
ctrgcn,coord_noise_mild,10,reading,273,0.6496,0.1734,0.0931,0.4762
ctrgcn,coord_noise_mild,11,writing,272,0.6201,0.3199,0.2314,0.3002
ctrgcn,coord_noise_mild,12,tear up paper,271,0.9213,0.6408,0.0021,0.2804
ctrgcn,coord_noise_mild,13,wear jacket,275,0.9782,0.9733,0.0117,0.0048
ctrgcn,coord_noise_mild,14,take off jacket,276,0.9843,0.8937,0.0365,0.0906
ctrgcn,coord_noise_mild,15,wear a shoe,273,0.8083,0.7485,0.0597,0.0598
ctrgcn,coord_noise_mild,16,take off a shoe,274,0.8382,0.7238,0.0223,0.1144
ctrgcn,coord_noise_mild,17,wear on glasses,273,0.9084,0.8535,0.0194,0.0549
ctrgcn,coord_noise_mild,18,take off glasses,274,0.944,0.8297,0.0675,0.1144
ctrgcn,coord_noise_mild,19,put on a hat/cap,272,0.9596,0.6005,0.131,0.3591
ctrgcn,coord_noise_mild,20,take off a hat/cap,273,0.9744,0.7216,0.1346,0.2527
ctrgcn,coord_noise_mild,21,cheer up,274,0.9258,0.8491,0.0496,0.0766
ctrgcn,coord_noise_mild,22,hand waving,274,0.9173,0.8589,0.0717,0.0584
ctrgcn,coord_noise_mild,23,kicking something,276,0.9529,0.8889,0.0206,0.064
ctrgcn,coord_noise_mild,24,reach into pocket,274,0.8358,0.6144,0.0739,0.2214
ctrgcn,coord_noise_mild,25,hopping (one foot jumping),275,0.9891,0.8764,0.0364,0.1127
ctrgcn,coord_noise_mild,26,jump up,276,1.0,0.9686,0.0325,0.0314
ctrgcn,coord_noise_mild,27,make a phone call/answer phone,275,0.9079,0.6036,0.0441,0.3042
ctrgcn,coord_noise_mild,28,playing with phone/tablet,275,0.6958,0.4242,0.1696,0.2715
ctrgcn,coord_noise_mild,29,typing on a keyboard,275,0.737,0.5188,0.1279,0.2182
ctrgcn,coord_noise_mild,30,pointing to something with finger,276,0.7862,0.7464,0.0316,0.0399
ctrgcn,coord_noise_mild,31,taking a selfie,276,0.8889,0.7983,0.0151,0.0906
ctrgcn,coord_noise_mild,32,check time (from watch),276,0.901,0.7138,0.0872,0.1872
ctrgcn,coord_noise_mild,33,rub two hands together,276,0.9034,0.4928,0.2145,0.4106
ctrgcn,coord_noise_mild,34,nod head/bow,276,0.971,0.907,0.0397,0.064
ctrgcn,coord_noise_mild,35,shake head,275,0.9503,0.0315,0.0128,0.9188
ctrgcn,coord_noise_mild,36,wipe face,276,0.8551,0.0737,0.0218,0.7814
ctrgcn,coord_noise_mild,37,salute,276,0.93,0.8841,0.0063,0.0459
ctrgcn,coord_noise_mild,38,put the palms together,276,0.9239,0.5942,0.0145,0.3297
ctrgcn,coord_noise_mild,39,cross hands in front (say stop),276,0.936,0.7995,0.0739,0.1365
ctrgcn,coord_noise_mild,40,sneeze/cough,276,0.7403,0.3575,0.0965,0.3829
ctrgcn,coord_noise_mild,41,staggering,276,0.9867,0.9155,0.0514,0.0713
ctrgcn,coord_noise_mild,42,falling,275,0.9939,0.9818,0.0073,0.0121
ctrgcn,coord_noise_mild,43,touch head (headache),276,0.8345,0.6486,0.1349,0.186
ctrgcn,coord_noise_mild,44,touch chest (stomachache/heart pain),276,0.9215,0.8068,0.0127,0.1147
ctrgcn,coord_noise_mild,45,touch back (backache),276,0.9444,0.5797,0.1232,0.3647
ctrgcn,coord_noise_mild,46,touch neck (neckache),276,0.8502,0.3647,0.0765,0.4855
ctrgcn,coord_noise_mild,47,nausea or vomiting condition,275,0.8497,0.8,0.0262,0.0497
ctrgcn,coord_noise_mild,48,use a fan (with hand or paper)/feeling warm,275,0.9309,0.8885,0.0778,0.0424
ctrgcn,coord_noise_mild,49,punching/slapping other person,274,0.9112,0.6156,0.0804,0.2956
ctrgcn,coord_noise_mild,50,kicking other person,276,0.9541,0.6389,0.1596,0.3152
ctrgcn,coord_noise_mild,51,pushing other person,276,0.9722,0.7609,0.0857,0.2114
ctrgcn,coord_noise_mild,52,pat on back of other person,276,0.9143,0.3599,0.159,0.5543
ctrgcn,coord_noise_mild,53,point finger at the other person,276,0.913,0.8382,0.0116,0.0749
ctrgcn,coord_noise_mild,54,hugging other person,274,0.9878,0.9039,0.0462,0.0839
ctrgcn,coord_noise_mild,55,giving something to other person,276,0.9372,0.5845,0.1865,0.3527
ctrgcn,coord_noise_mild,56,touch other person's pocket,275,0.9382,0.7006,0.1164,0.2376
ctrgcn,coord_noise_mild,57,handshaking,276,0.9589,0.7186,0.1332,0.2403
ctrgcn,coord_noise_mild,58,walking towards each other,273,0.9963,0.8999,0.0928,0.0965
ctrgcn,coord_noise_mild,59,walking apart from each other,276,0.9638,0.9541,0.0272,0.0097
ctrgcn,frame_missing_mild,0,drink water,274,0.8601,0.7689,0.0243,0.0912
ctrgcn,frame_missing_mild,1,eat meal/snack,275,0.7261,0.6909,0.0221,0.0352
ctrgcn,frame_missing_mild,2,brushing teeth,273,0.873,0.8278,0.0572,0.0452
ctrgcn,frame_missing_mild,3,brushing hair,273,0.917,0.8242,0.0372,0.0928
ctrgcn,frame_missing_mild,4,drop,275,0.8873,0.9042,0.0255,-0.017
ctrgcn,frame_missing_mild,5,pickup,275,0.9697,0.9406,0.0084,0.0291
ctrgcn,frame_missing_mild,6,throw,275,0.9321,0.9042,0.0084,0.0279
ctrgcn,frame_missing_mild,7,sitting down,273,0.9683,0.9536,0.0056,0.0147
ctrgcn,frame_missing_mild,8,standing up (from sitting position),273,0.9792,0.9731,0.0042,0.0061
ctrgcn,frame_missing_mild,9,clapping,273,0.7741,0.7705,0.0681,0.0037
ctrgcn,frame_missing_mild,10,reading,273,0.6496,0.5897,0.1066,0.0598
ctrgcn,frame_missing_mild,11,writing,272,0.6201,0.4069,0.0589,0.2132
ctrgcn,frame_missing_mild,12,tear up paper,271,0.9213,0.9213,0.0119,0.0
ctrgcn,frame_missing_mild,13,wear jacket,275,0.9782,0.9455,0.0347,0.0327
ctrgcn,frame_missing_mild,14,take off jacket,276,0.9843,0.9614,0.0084,0.0229
ctrgcn,frame_missing_mild,15,wear a shoe,273,0.8083,0.547,0.0181,0.2613
ctrgcn,frame_missing_mild,16,take off a shoe,274,0.8382,0.7238,0.0295,0.1144
ctrgcn,frame_missing_mild,17,wear on glasses,273,0.9084,0.8486,0.0376,0.0598
ctrgcn,frame_missing_mild,18,take off glasses,274,0.944,0.8601,0.0237,0.0839
ctrgcn,frame_missing_mild,19,put on a hat/cap,272,0.9596,0.8958,0.0308,0.0637
ctrgcn,frame_missing_mild,20,take off a hat/cap,273,0.9744,0.9145,0.0188,0.0598
ctrgcn,frame_missing_mild,21,cheer up,274,0.9258,0.9404,0.0021,-0.0146
ctrgcn,frame_missing_mild,22,hand waving,274,0.9173,0.8929,0.0211,0.0243
ctrgcn,frame_missing_mild,23,kicking something,276,0.9529,0.9143,0.0116,0.0386
ctrgcn,frame_missing_mild,24,reach into pocket,274,0.8358,0.6582,0.0366,0.1776
ctrgcn,frame_missing_mild,25,hopping (one foot jumping),275,0.9891,0.9806,0.0042,0.0085
ctrgcn,frame_missing_mild,26,jump up,276,1.0,0.9952,0.0055,0.0048
ctrgcn,frame_missing_mild,27,make a phone call/answer phone,275,0.9079,0.7721,0.0494,0.1358
ctrgcn,frame_missing_mild,28,playing with phone/tablet,275,0.6958,0.4945,0.0477,0.2012
ctrgcn,frame_missing_mild,29,typing on a keyboard,275,0.737,0.6461,0.0111,0.0909
ctrgcn,frame_missing_mild,30,pointing to something with finger,276,0.7862,0.8019,0.0233,-0.0157
ctrgcn,frame_missing_mild,31,taking a selfie,276,0.8889,0.8418,0.023,0.0471
ctrgcn,frame_missing_mild,32,check time (from watch),276,0.901,0.7729,0.0075,0.128
ctrgcn,frame_missing_mild,33,rub two hands together,276,0.9034,0.8732,0.0072,0.0302
ctrgcn,frame_missing_mild,34,nod head/bow,276,0.971,0.9662,0.0055,0.0048
ctrgcn,frame_missing_mild,35,shake head,275,0.9503,0.863,0.046,0.0873
ctrgcn,frame_missing_mild,36,wipe face,276,0.8551,0.7645,0.0238,0.0906
ctrgcn,frame_missing_mild,37,salute,276,0.93,0.9179,0.0281,0.0121
ctrgcn,frame_missing_mild,38,put the palms together,276,0.9239,0.9324,0.0075,-0.0085
ctrgcn,frame_missing_mild,39,cross hands in front (say stop),276,0.936,0.9094,0.0261,0.0266
ctrgcn,frame_missing_mild,40,sneeze/cough,276,0.7403,0.6437,0.0704,0.0966
ctrgcn,frame_missing_mild,41,staggering,276,0.9867,0.9384,0.0346,0.0483
ctrgcn,frame_missing_mild,42,falling,275,0.9939,0.983,0.0042,0.0109
ctrgcn,frame_missing_mild,43,touch head (headache),276,0.8345,0.7005,0.0277,0.1341
ctrgcn,frame_missing_mild,44,touch chest (stomachache/heart pain),276,0.9215,0.913,0.0036,0.0085
ctrgcn,frame_missing_mild,45,touch back (backache),276,0.9444,0.8865,0.0473,0.058
ctrgcn,frame_missing_mild,46,touch neck (neckache),276,0.8502,0.6981,0.0602,0.1522
ctrgcn,frame_missing_mild,47,nausea or vomiting condition,275,0.8497,0.7903,0.0042,0.0594
ctrgcn,frame_missing_mild,48,use a fan (with hand or paper)/feeling warm,275,0.9309,0.9248,0.0222,0.0061
ctrgcn,frame_missing_mild,49,punching/slapping other person,274,0.9112,0.8382,0.0498,0.073
ctrgcn,frame_missing_mild,50,kicking other person,276,0.9541,0.942,0.0072,0.0121
ctrgcn,frame_missing_mild,51,pushing other person,276,0.9722,0.9251,0.0171,0.0471
ctrgcn,frame_missing_mild,52,pat on back of other person,276,0.9143,0.8466,0.0075,0.0676
ctrgcn,frame_missing_mild,53,point finger at the other person,276,0.913,0.8696,0.0274,0.0435
ctrgcn,frame_missing_mild,54,hugging other person,274,0.9878,0.9781,0.0097,0.0097
ctrgcn,frame_missing_mild,55,giving something to other person,276,0.9372,0.9118,0.0236,0.0254
ctrgcn,frame_missing_mild,56,touch other person's pocket,275,0.9382,0.8703,0.0349,0.0679
ctrgcn,frame_missing_mild,57,handshaking,276,0.9589,0.8599,0.02,0.099
ctrgcn,frame_missing_mild,58,walking towards each other,273,0.9963,0.9939,0.0056,0.0024
ctrgcn,frame_missing_mild,59,walking apart from each other,276,0.9638,0.9601,0.0063,0.0036
ctrgcn,mixed_mild,0,drink water,274,0.8601,0.5754,0.0557,0.2847
ctrgcn,mixed_mild,1,eat meal/snack,275,0.7261,0.463,0.0242,0.263
ctrgcn,mixed_mild,2,brushing teeth,273,0.873,0.409,0.0782,0.464
ctrgcn,mixed_mild,3,brushing hair,273,0.917,0.4615,0.0542,0.4554
ctrgcn,mixed_mild,4,drop,275,0.8873,0.7042,0.1402,0.183
ctrgcn,mixed_mild,5,pickup,275,0.9697,0.6897,0.0496,0.28
ctrgcn,mixed_mild,6,throw,275,0.9321,0.7091,0.0189,0.223
ctrgcn,mixed_mild,7,sitting down,273,0.9683,0.7546,0.0636,0.2137
ctrgcn,mixed_mild,8,standing up (from sitting position),273,0.9792,0.8254,0.0112,0.1538
ctrgcn,mixed_mild,9,clapping,273,0.7741,0.558,0.09,0.2161
ctrgcn,mixed_mild,10,reading,273,0.6496,0.265,0.0551,0.3846
ctrgcn,mixed_mild,11,writing,272,0.6201,0.3039,0.0439,0.3162
ctrgcn,mixed_mild,12,tear up paper,271,0.9213,0.6162,0.0356,0.305
ctrgcn,mixed_mild,13,wear jacket,275,0.9782,0.7467,0.0399,0.2315
ctrgcn,mixed_mild,14,take off jacket,276,0.9843,0.6618,0.0391,0.3225
ctrgcn,mixed_mild,15,wear a shoe,273,0.8083,0.3687,0.0129,0.4396
ctrgcn,mixed_mild,16,take off a shoe,274,0.8382,0.4951,0.0486,0.3431
ctrgcn,mixed_mild,17,wear on glasses,273,0.9084,0.6288,0.0443,0.2796
ctrgcn,mixed_mild,18,take off glasses,274,0.944,0.6983,0.0846,0.2457
ctrgcn,mixed_mild,19,put on a hat/cap,272,0.9596,0.6029,0.1088,0.3566
ctrgcn,mixed_mild,20,take off a hat/cap,273,0.9744,0.6911,0.0092,0.2833
ctrgcn,mixed_mild,21,cheer up,274,0.9258,0.663,0.0306,0.2628
ctrgcn,mixed_mild,22,hand waving,274,0.9173,0.6934,0.066,0.2238
ctrgcn,mixed_mild,23,kicking something,276,0.9529,0.5181,0.0502,0.4348
ctrgcn,mixed_mild,24,reach into pocket,274,0.8358,0.3771,0.0628,0.4586
ctrgcn,mixed_mild,25,hopping (one foot jumping),275,0.9891,0.6642,0.0434,0.3248
ctrgcn,mixed_mild,26,jump up,276,1.0,0.8273,0.087,0.1727
ctrgcn,mixed_mild,27,make a phone call/answer phone,275,0.9079,0.3867,0.0292,0.5212
ctrgcn,mixed_mild,28,playing with phone/tablet,275,0.6958,0.2982,0.0473,0.3976
ctrgcn,mixed_mild,29,typing on a keyboard,275,0.737,0.4291,0.0369,0.3079
ctrgcn,mixed_mild,30,pointing to something with finger,276,0.7862,0.5845,0.0091,0.2017
ctrgcn,mixed_mild,31,taking a selfie,276,0.8889,0.5423,0.0534,0.3466
ctrgcn,mixed_mild,32,check time (from watch),276,0.901,0.5471,0.0498,0.3539
ctrgcn,mixed_mild,33,rub two hands together,276,0.9034,0.4517,0.0911,0.4517
ctrgcn,mixed_mild,34,nod head/bow,276,0.971,0.7428,0.049,0.2283
ctrgcn,mixed_mild,35,shake head,275,0.9503,0.3285,0.0242,0.6218
ctrgcn,mixed_mild,36,wipe face,276,0.8551,0.2669,0.0367,0.5882
ctrgcn,mixed_mild,37,salute,276,0.93,0.7114,0.0453,0.2186
ctrgcn,mixed_mild,38,put the palms together,276,0.9239,0.5507,0.0382,0.3732
ctrgcn,mixed_mild,39,cross hands in front (say stop),276,0.936,0.7234,0.0146,0.2126
ctrgcn,mixed_mild,40,sneeze/cough,276,0.7403,0.3297,0.0368,0.4106
ctrgcn,mixed_mild,41,staggering,276,0.9867,0.4408,0.1046,0.5459
ctrgcn,mixed_mild,42,falling,275,0.9939,0.8461,0.0437,0.1479
ctrgcn,mixed_mild,43,touch head (headache),276,0.8345,0.3647,0.0518,0.4698
ctrgcn,mixed_mild,44,touch chest (stomachache/heart pain),276,0.9215,0.6159,0.0192,0.3056
ctrgcn,mixed_mild,45,touch back (backache),276,0.9444,0.5374,0.1076,0.407
ctrgcn,mixed_mild,46,touch neck (neckache),276,0.8502,0.3104,0.02,0.5399
ctrgcn,mixed_mild,47,nausea or vomiting condition,275,0.8497,0.4812,0.0258,0.3685
ctrgcn,mixed_mild,48,use a fan (with hand or paper)/feeling warm,275,0.9309,0.8339,0.0469,0.097
ctrgcn,mixed_mild,49,punching/slapping other person,274,0.9112,0.4854,0.0624,0.4258
ctrgcn,mixed_mild,50,kicking other person,276,0.9541,0.4191,0.0295,0.535
ctrgcn,mixed_mild,51,pushing other person,276,0.9722,0.4819,0.0691,0.4903
ctrgcn,mixed_mild,52,pat on back of other person,276,0.9143,0.4928,0.078,0.4215
ctrgcn,mixed_mild,53,point finger at the other person,276,0.913,0.6304,0.031,0.2826
ctrgcn,mixed_mild,54,hugging other person,274,0.9878,0.7409,0.0849,0.247
ctrgcn,mixed_mild,55,giving something to other person,276,0.9372,0.5217,0.089,0.4155
ctrgcn,mixed_mild,56,touch other person's pocket,275,0.9382,0.5612,0.0641,0.377
ctrgcn,mixed_mild,57,handshaking,276,0.9589,0.4903,0.0553,0.4686
ctrgcn,mixed_mild,58,walking towards each other,273,0.9963,0.6813,0.1442,0.315
ctrgcn,mixed_mild,59,walking apart from each other,276,0.9638,0.8478,0.0743,0.1159
ctrgcn,joint_missing_moderate,0,drink water,274,0.8601,0.18,0.144,0.68
ctrgcn,joint_missing_moderate,1,eat meal/snack,275,0.7261,0.1964,0.1292,0.5297
ctrgcn,joint_missing_moderate,2,brushing teeth,273,0.873,0.0769,0.0826,0.7961
ctrgcn,joint_missing_moderate,3,brushing hair,273,0.917,0.0379,0.0277,0.8791
ctrgcn,joint_missing_moderate,4,drop,275,0.8873,0.5091,0.4371,0.3782
ctrgcn,joint_missing_moderate,5,pickup,275,0.9697,0.1539,0.2227,0.8158
ctrgcn,joint_missing_moderate,6,throw,275,0.9321,0.3903,0.1353,0.5418
ctrgcn,joint_missing_moderate,7,sitting down,273,0.9683,0.127,0.174,0.8413
ctrgcn,joint_missing_moderate,8,standing up (from sitting position),273,0.9792,0.3101,0.2237,0.6691
ctrgcn,joint_missing_moderate,9,clapping,273,0.7741,0.2112,0.148,0.5629
ctrgcn,joint_missing_moderate,10,reading,273,0.6496,0.0904,0.0693,0.5592
ctrgcn,joint_missing_moderate,11,writing,272,0.6201,0.3186,0.1258,0.3015
ctrgcn,joint_missing_moderate,12,tear up paper,271,0.9213,0.2681,0.0469,0.6531
ctrgcn,joint_missing_moderate,13,wear jacket,275,0.9782,0.337,0.1773,0.6412
ctrgcn,joint_missing_moderate,14,take off jacket,276,0.9843,0.0713,0.0151,0.913
ctrgcn,joint_missing_moderate,15,wear a shoe,273,0.8083,0.0867,0.0697,0.7216
ctrgcn,joint_missing_moderate,16,take off a shoe,274,0.8382,0.045,0.0685,0.7932
ctrgcn,joint_missing_moderate,17,wear on glasses,273,0.9084,0.3578,0.3268,0.5507
ctrgcn,joint_missing_moderate,18,take off glasses,274,0.944,0.3808,0.1372,0.5633
ctrgcn,joint_missing_moderate,19,put on a hat/cap,272,0.9596,0.315,0.2168,0.6446
ctrgcn,joint_missing_moderate,20,take off a hat/cap,273,0.9744,0.3175,0.1068,0.6569
ctrgcn,joint_missing_moderate,21,cheer up,274,0.9258,0.0779,0.0243,0.8479
ctrgcn,joint_missing_moderate,22,hand waving,274,0.9173,0.129,0.0852,0.7883
ctrgcn,joint_missing_moderate,23,kicking something,276,0.9529,0.0097,0.0042,0.9432
ctrgcn,joint_missing_moderate,24,reach into pocket,274,0.8358,0.0316,0.0269,0.8041
ctrgcn,joint_missing_moderate,25,hopping (one foot jumping),275,0.9891,0.0436,0.0284,0.9455
ctrgcn,joint_missing_moderate,26,jump up,276,1.0,0.2947,0.199,0.7053
ctrgcn,joint_missing_moderate,27,make a phone call/answer phone,275,0.9079,0.1212,0.154,0.7867
ctrgcn,joint_missing_moderate,28,playing with phone/tablet,275,0.6958,0.4218,0.2964,0.2739
ctrgcn,joint_missing_moderate,29,typing on a keyboard,275,0.737,0.303,0.3429,0.4339
ctrgcn,joint_missing_moderate,30,pointing to something with finger,276,0.7862,0.2367,0.1747,0.5495
ctrgcn,joint_missing_moderate,31,taking a selfie,276,0.8889,0.2053,0.1334,0.6836
ctrgcn,joint_missing_moderate,32,check time (from watch),276,0.901,0.1087,0.0548,0.7923
ctrgcn,joint_missing_moderate,33,rub two hands together,276,0.9034,0.25,0.0226,0.6534
ctrgcn,joint_missing_moderate,34,nod head/bow,276,0.971,0.7222,0.2037,0.2488
ctrgcn,joint_missing_moderate,35,shake head,275,0.9503,0.0848,0.0522,0.8655
ctrgcn,joint_missing_moderate,36,wipe face,276,0.8551,0.2126,0.2997,0.6425
ctrgcn,joint_missing_moderate,37,salute,276,0.93,0.3659,0.2145,0.564
ctrgcn,joint_missing_moderate,38,put the palms together,276,0.9239,0.4867,0.331,0.4372
ctrgcn,joint_missing_moderate,39,cross hands in front (say stop),276,0.936,0.5314,0.1654,0.4046
ctrgcn,joint_missing_moderate,40,sneeze/cough,276,0.7403,0.0628,0.0489,0.6775
ctrgcn,joint_missing_moderate,41,staggering,276,0.9867,0.0,0.0,0.9867
ctrgcn,joint_missing_moderate,42,falling,275,0.9939,0.3212,0.2846,0.6727
ctrgcn,joint_missing_moderate,43,touch head (headache),276,0.8345,0.0399,0.0362,0.7947
ctrgcn,joint_missing_moderate,44,touch chest (stomachache/heart pain),276,0.9215,0.3768,0.0418,0.5447
ctrgcn,joint_missing_moderate,45,touch back (backache),276,0.9444,0.0386,0.0459,0.9058
ctrgcn,joint_missing_moderate,46,touch neck (neckache),276,0.8502,0.0012,0.0021,0.849
ctrgcn,joint_missing_moderate,47,nausea or vomiting condition,275,0.8497,0.1952,0.1182,0.6545
ctrgcn,joint_missing_moderate,48,use a fan (with hand or paper)/feeling warm,275,0.9309,0.7382,0.1416,0.1927
ctrgcn,joint_missing_moderate,49,punching/slapping other person,274,0.9112,0.0742,0.0845,0.837
ctrgcn,joint_missing_moderate,50,kicking other person,276,0.9541,0.0012,0.0021,0.9529
ctrgcn,joint_missing_moderate,51,pushing other person,276,0.9722,0.0374,0.0335,0.9348
ctrgcn,joint_missing_moderate,52,pat on back of other person,276,0.9143,0.2017,0.2889,0.7126
ctrgcn,joint_missing_moderate,53,point finger at the other person,276,0.913,0.2283,0.1915,0.6848
ctrgcn,joint_missing_moderate,54,hugging other person,274,0.9878,0.2701,0.2248,0.7178
ctrgcn,joint_missing_moderate,55,giving something to other person,276,0.9372,0.0676,0.1047,0.8696
ctrgcn,joint_missing_moderate,56,touch other person's pocket,275,0.9382,0.3382,0.099,0.6
ctrgcn,joint_missing_moderate,57,handshaking,276,0.9589,0.163,0.2604,0.7959
ctrgcn,joint_missing_moderate,58,walking towards each other,273,0.9963,0.2442,0.1944,0.7521
ctrgcn,joint_missing_moderate,59,walking apart from each other,276,0.9638,0.4928,0.372,0.471
ctrgcn,limb_occlusion_moderate,0,drink water,274,0.8601,0.5304,0.0354,0.3297
ctrgcn,limb_occlusion_moderate,1,eat meal/snack,275,0.7261,0.4303,0.0172,0.2958
ctrgcn,limb_occlusion_moderate,2,brushing teeth,273,0.873,0.5153,0.0112,0.3578
ctrgcn,limb_occlusion_moderate,3,brushing hair,273,0.917,0.6288,0.0244,0.2882
ctrgcn,limb_occlusion_moderate,4,drop,275,0.8873,0.5709,0.0275,0.3164
ctrgcn,limb_occlusion_moderate,5,pickup,275,0.9697,0.5176,0.0273,0.4521
ctrgcn,limb_occlusion_moderate,6,throw,275,0.9321,0.5927,0.0192,0.3394
ctrgcn,limb_occlusion_moderate,7,sitting down,273,0.9683,0.6581,0.0428,0.3101
ctrgcn,limb_occlusion_moderate,8,standing up (from sitting position),273,0.9792,0.7497,0.0582,0.2295
ctrgcn,limb_occlusion_moderate,9,clapping,273,0.7741,0.4396,0.03,0.3346
ctrgcn,limb_occlusion_moderate,10,reading,273,0.6496,0.3846,0.0073,0.265
ctrgcn,limb_occlusion_moderate,11,writing,272,0.6201,0.4865,0.0266,0.1336
ctrgcn,limb_occlusion_moderate,12,tear up paper,271,0.9213,0.5437,0.0154,0.3776
ctrgcn,limb_occlusion_moderate,13,wear jacket,275,0.9782,0.5527,0.0888,0.4255
ctrgcn,limb_occlusion_moderate,14,take off jacket,276,0.9843,0.7778,0.0116,0.2065
ctrgcn,limb_occlusion_moderate,15,wear a shoe,273,0.8083,0.3919,0.0899,0.4164
ctrgcn,limb_occlusion_moderate,16,take off a shoe,274,0.8382,0.5109,0.0603,0.3273
ctrgcn,limb_occlusion_moderate,17,wear on glasses,273,0.9084,0.6471,0.0531,0.2613
ctrgcn,limb_occlusion_moderate,18,take off glasses,274,0.944,0.7555,0.0073,0.1886
ctrgcn,limb_occlusion_moderate,19,put on a hat/cap,272,0.9596,0.6005,0.0667,0.3591
ctrgcn,limb_occlusion_moderate,20,take off a hat/cap,273,0.9744,0.5958,0.0425,0.3785
ctrgcn,limb_occlusion_moderate,21,cheer up,274,0.9258,0.5049,0.0138,0.4209
ctrgcn,limb_occlusion_moderate,22,hand waving,274,0.9173,0.6119,0.0117,0.3054
ctrgcn,limb_occlusion_moderate,23,kicking something,276,0.9529,0.6751,0.0653,0.2778
ctrgcn,limb_occlusion_moderate,24,reach into pocket,274,0.8358,0.6241,0.043,0.2117
ctrgcn,limb_occlusion_moderate,25,hopping (one foot jumping),275,0.9891,0.8594,0.0328,0.1297
ctrgcn,limb_occlusion_moderate,26,jump up,276,1.0,0.8237,0.0931,0.1763
ctrgcn,limb_occlusion_moderate,27,make a phone call/answer phone,275,0.9079,0.5648,0.033,0.343
ctrgcn,limb_occlusion_moderate,28,playing with phone/tablet,275,0.6958,0.4485,0.0862,0.2473
ctrgcn,limb_occlusion_moderate,29,typing on a keyboard,275,0.737,0.5515,0.0684,0.1855
ctrgcn,limb_occlusion_moderate,30,pointing to something with finger,276,0.7862,0.529,0.0188,0.2572
ctrgcn,limb_occlusion_moderate,31,taking a selfie,276,0.8889,0.529,0.0192,0.3599
ctrgcn,limb_occlusion_moderate,32,check time (from watch),276,0.901,0.5072,0.0158,0.3937
ctrgcn,limb_occlusion_moderate,33,rub two hands together,276,0.9034,0.5362,0.0383,0.3671
ctrgcn,limb_occlusion_moderate,34,nod head/bow,276,0.971,0.5821,0.0453,0.3889
ctrgcn,limb_occlusion_moderate,35,shake head,275,0.9503,0.7006,0.0401,0.2497
ctrgcn,limb_occlusion_moderate,36,wipe face,276,0.8551,0.5205,0.0352,0.3345
ctrgcn,limb_occlusion_moderate,37,salute,276,0.93,0.529,0.0063,0.401
ctrgcn,limb_occlusion_moderate,38,put the palms together,276,0.9239,0.5205,0.0212,0.4034
ctrgcn,limb_occlusion_moderate,39,cross hands in front (say stop),276,0.936,0.3937,0.0302,0.5423
ctrgcn,limb_occlusion_moderate,40,sneeze/cough,276,0.7403,0.3768,0.0217,0.3635
ctrgcn,limb_occlusion_moderate,41,staggering,276,0.9867,0.4457,0.0879,0.5411
ctrgcn,limb_occlusion_moderate,42,falling,275,0.9939,0.7539,0.0164,0.24
ctrgcn,limb_occlusion_moderate,43,touch head (headache),276,0.8345,0.4601,0.0283,0.3744
ctrgcn,limb_occlusion_moderate,44,touch chest (stomachache/heart pain),276,0.9215,0.6461,0.0272,0.2754
ctrgcn,limb_occlusion_moderate,45,touch back (backache),276,0.9444,0.7512,0.0241,0.1932
ctrgcn,limb_occlusion_moderate,46,touch neck (neckache),276,0.8502,0.5483,0.0357,0.3019
ctrgcn,limb_occlusion_moderate,47,nausea or vomiting condition,275,0.8497,0.2764,0.0454,0.5733
ctrgcn,limb_occlusion_moderate,48,use a fan (with hand or paper)/feeling warm,275,0.9309,0.6097,0.0282,0.3212
ctrgcn,limb_occlusion_moderate,49,punching/slapping other person,274,0.9112,0.6509,0.0568,0.2603
ctrgcn,limb_occlusion_moderate,50,kicking other person,276,0.9541,0.5773,0.0921,0.3768
ctrgcn,limb_occlusion_moderate,51,pushing other person,276,0.9722,0.663,0.0854,0.3092
ctrgcn,limb_occlusion_moderate,52,pat on back of other person,276,0.9143,0.7778,0.02,0.1365
ctrgcn,limb_occlusion_moderate,53,point finger at the other person,276,0.913,0.506,0.0861,0.407
ctrgcn,limb_occlusion_moderate,54,hugging other person,274,0.9878,0.7506,0.0771,0.2372
ctrgcn,limb_occlusion_moderate,55,giving something to other person,276,0.9372,0.6993,0.0166,0.2379
ctrgcn,limb_occlusion_moderate,56,touch other person's pocket,275,0.9382,0.8303,0.061,0.1079
ctrgcn,limb_occlusion_moderate,57,handshaking,276,0.9589,0.6389,0.0105,0.32
ctrgcn,limb_occlusion_moderate,58,walking towards each other,273,0.9963,0.823,0.0443,0.1734
ctrgcn,limb_occlusion_moderate,59,walking apart from each other,276,0.9638,0.9457,0.0288,0.0181
ctrgcn,coord_noise_moderate,0,drink water,274,0.8601,0.0122,0.0111,0.8479
ctrgcn,coord_noise_moderate,1,eat meal/snack,275,0.7261,0.1115,0.0147,0.6145
ctrgcn,coord_noise_moderate,2,brushing teeth,273,0.873,0.0647,0.0604,0.8083
ctrgcn,coord_noise_moderate,3,brushing hair,273,0.917,0.0342,0.0408,0.8828
ctrgcn,coord_noise_moderate,4,drop,275,0.8873,0.12,0.101,0.7673
ctrgcn,coord_noise_moderate,5,pickup,275,0.9697,0.6982,0.2123,0.2715
ctrgcn,coord_noise_moderate,6,throw,275,0.9321,0.5091,0.0284,0.423
ctrgcn,coord_noise_moderate,7,sitting down,273,0.9683,0.5299,0.2637,0.4383
ctrgcn,coord_noise_moderate,8,standing up (from sitting position),273,0.9792,0.5665,0.2771,0.4127
ctrgcn,coord_noise_moderate,9,clapping,273,0.7741,0.3834,0.2466,0.3907
ctrgcn,coord_noise_moderate,10,reading,273,0.6496,0.0024,0.0021,0.6471
ctrgcn,coord_noise_moderate,11,writing,272,0.6201,0.1838,0.265,0.4363
ctrgcn,coord_noise_moderate,12,tear up paper,271,0.9213,0.1279,0.024,0.7934
ctrgcn,coord_noise_moderate,13,wear jacket,275,0.9782,0.8242,0.0868,0.1539
ctrgcn,coord_noise_moderate,14,take off jacket,276,0.9843,0.1425,0.2249,0.8418
ctrgcn,coord_noise_moderate,15,wear a shoe,273,0.8083,0.3773,0.0721,0.431
ctrgcn,coord_noise_moderate,16,take off a shoe,274,0.8382,0.2299,0.0908,0.6083
ctrgcn,coord_noise_moderate,17,wear on glasses,273,0.9084,0.2063,0.0307,0.7021
ctrgcn,coord_noise_moderate,18,take off glasses,274,0.944,0.2749,0.1908,0.6691
ctrgcn,coord_noise_moderate,19,put on a hat/cap,272,0.9596,0.1838,0.0857,0.7757
ctrgcn,coord_noise_moderate,20,take off a hat/cap,273,0.9744,0.2234,0.1726,0.7509
ctrgcn,coord_noise_moderate,21,cheer up,274,0.9258,0.427,0.2352,0.4988
ctrgcn,coord_noise_moderate,22,hand waving,274,0.9173,0.4745,0.3303,0.4428
ctrgcn,coord_noise_moderate,23,kicking something,276,0.9529,0.3442,0.0942,0.6087
ctrgcn,coord_noise_moderate,24,reach into pocket,274,0.8358,0.0219,0.0219,0.8139
ctrgcn,coord_noise_moderate,25,hopping (one foot jumping),275,0.9891,0.1685,0.1975,0.8206
ctrgcn,coord_noise_moderate,26,jump up,276,1.0,0.3345,0.2429,0.6655
ctrgcn,coord_noise_moderate,27,make a phone call/answer phone,275,0.9079,0.0182,0.0202,0.8897
ctrgcn,coord_noise_moderate,28,playing with phone/tablet,275,0.6958,0.1879,0.2453,0.5079
ctrgcn,coord_noise_moderate,29,typing on a keyboard,275,0.737,0.3612,0.4027,0.3758
ctrgcn,coord_noise_moderate,30,pointing to something with finger,276,0.7862,0.5471,0.127,0.2391
ctrgcn,coord_noise_moderate,31,taking a selfie,276,0.8889,0.43,0.3112,0.4589
ctrgcn,coord_noise_moderate,32,check time (from watch),276,0.901,0.2959,0.2593,0.6051
ctrgcn,coord_noise_moderate,33,rub two hands together,276,0.9034,0.1703,0.1005,0.7331
ctrgcn,coord_noise_moderate,34,nod head/bow,276,0.971,0.7077,0.1042,0.2633
ctrgcn,coord_noise_moderate,35,shake head,275,0.9503,0.1455,0.0891,0.8048
ctrgcn,coord_noise_moderate,36,wipe face,276,0.8551,0.0314,0.0482,0.8237
ctrgcn,coord_noise_moderate,37,salute,276,0.93,0.4758,0.1394,0.4541
ctrgcn,coord_noise_moderate,38,put the palms together,276,0.9239,0.0664,0.0806,0.8575
ctrgcn,coord_noise_moderate,39,cross hands in front (say stop),276,0.936,0.4988,0.2226,0.4372
ctrgcn,coord_noise_moderate,40,sneeze/cough,276,0.7403,0.0749,0.0658,0.6655
ctrgcn,coord_noise_moderate,41,staggering,276,0.9867,0.2717,0.2373,0.715
ctrgcn,coord_noise_moderate,42,falling,275,0.9939,0.897,0.051,0.097
ctrgcn,coord_noise_moderate,43,touch head (headache),276,0.8345,0.2657,0.3333,0.5688
ctrgcn,coord_noise_moderate,44,touch chest (stomachache/heart pain),276,0.9215,0.25,0.1257,0.6715
ctrgcn,coord_noise_moderate,45,touch back (backache),276,0.9444,0.0833,0.0784,0.8611
ctrgcn,coord_noise_moderate,46,touch neck (neckache),276,0.8502,0.0676,0.0492,0.7826
ctrgcn,coord_noise_moderate,47,nausea or vomiting condition,275,0.8497,0.3806,0.0715,0.4691
ctrgcn,coord_noise_moderate,48,use a fan (with hand or paper)/feeling warm,275,0.9309,0.7515,0.3062,0.1794
ctrgcn,coord_noise_moderate,49,punching/slapping other person,274,0.9112,0.1107,0.1353,0.8005
ctrgcn,coord_noise_moderate,50,kicking other person,276,0.9541,0.0531,0.0673,0.901
ctrgcn,coord_noise_moderate,51,pushing other person,276,0.9722,0.0664,0.1028,0.9058
ctrgcn,coord_noise_moderate,52,pat on back of other person,276,0.9143,0.1606,0.139,0.7536
ctrgcn,coord_noise_moderate,53,point finger at the other person,276,0.913,0.2536,0.154,0.6594
ctrgcn,coord_noise_moderate,54,hugging other person,274,0.9878,0.3516,0.2911,0.6363
ctrgcn,coord_noise_moderate,55,giving something to other person,276,0.9372,0.0,0.0,0.9372
ctrgcn,coord_noise_moderate,56,touch other person's pocket,275,0.9382,0.0545,0.0852,0.8836
ctrgcn,coord_noise_moderate,57,handshaking,276,0.9589,0.1655,0.268,0.7935
ctrgcn,coord_noise_moderate,58,walking towards each other,273,0.9963,0.3187,0.2949,0.6777
ctrgcn,coord_noise_moderate,59,walking apart from each other,276,0.9638,0.2802,0.2172,0.6836
ctrgcn,frame_missing_moderate,0,drink water,274,0.8601,0.646,0.0182,0.2141
ctrgcn,frame_missing_moderate,1,eat meal/snack,275,0.7261,0.5903,0.062,0.1358
ctrgcn,frame_missing_moderate,2,brushing teeth,273,0.873,0.7534,0.1139,0.1197
ctrgcn,frame_missing_moderate,3,brushing hair,273,0.917,0.6496,0.1126,0.2674
ctrgcn,frame_missing_moderate,4,drop,275,0.8873,0.8327,0.0393,0.0545
ctrgcn,frame_missing_moderate,5,pickup,275,0.9697,0.7758,0.0837,0.1939
ctrgcn,frame_missing_moderate,6,throw,275,0.9321,0.8085,0.0111,0.1236
ctrgcn,frame_missing_moderate,7,sitting down,273,0.9683,0.8339,0.0448,0.1343
ctrgcn,frame_missing_moderate,8,standing up (from sitting position),273,0.9792,0.9475,0.0112,0.0317
ctrgcn,frame_missing_moderate,9,clapping,273,0.7741,0.7289,0.1033,0.0452
ctrgcn,frame_missing_moderate,10,reading,273,0.6496,0.3516,0.1403,0.2979
ctrgcn,frame_missing_moderate,11,writing,272,0.6201,0.2145,0.0571,0.4056
ctrgcn,frame_missing_moderate,12,tear up paper,271,0.9213,0.8081,0.0221,0.1132
ctrgcn,frame_missing_moderate,13,wear jacket,275,0.9782,0.8836,0.0145,0.0945
ctrgcn,frame_missing_moderate,14,take off jacket,276,0.9843,0.8394,0.0401,0.1449
ctrgcn,frame_missing_moderate,15,wear a shoe,273,0.8083,0.3333,0.054,0.475
ctrgcn,frame_missing_moderate,16,take off a shoe,274,0.8382,0.556,0.0327,0.2822
ctrgcn,frame_missing_moderate,17,wear on glasses,273,0.9084,0.7302,0.0208,0.1783
ctrgcn,frame_missing_moderate,18,take off glasses,274,0.944,0.6849,0.0471,0.2591
ctrgcn,frame_missing_moderate,19,put on a hat/cap,272,0.9596,0.7267,0.0334,0.2328
ctrgcn,frame_missing_moderate,20,take off a hat/cap,273,0.9744,0.6276,0.0933,0.3468
ctrgcn,frame_missing_moderate,21,cheer up,274,0.9258,0.9526,0.0132,-0.0268
ctrgcn,frame_missing_moderate,22,hand waving,274,0.9173,0.8783,0.0235,0.0389
ctrgcn,frame_missing_moderate,23,kicking something,276,0.9529,0.8382,0.0137,0.1147
ctrgcn,frame_missing_moderate,24,reach into pocket,274,0.8358,0.4562,0.0632,0.3796
ctrgcn,frame_missing_moderate,25,hopping (one foot jumping),275,0.9891,0.9285,0.0111,0.0606
ctrgcn,frame_missing_moderate,26,jump up,276,1.0,0.9686,0.0042,0.0314
ctrgcn,frame_missing_moderate,27,make a phone call/answer phone,275,0.9079,0.583,0.0782,0.3248
ctrgcn,frame_missing_moderate,28,playing with phone/tablet,275,0.6958,0.4036,0.0096,0.2921
ctrgcn,frame_missing_moderate,29,typing on a keyboard,275,0.737,0.4752,0.1622,0.2618
ctrgcn,frame_missing_moderate,30,pointing to something with finger,276,0.7862,0.7669,0.0456,0.0193
ctrgcn,frame_missing_moderate,31,taking a selfie,276,0.8889,0.7258,0.074,0.163
ctrgcn,frame_missing_moderate,32,check time (from watch),276,0.901,0.5797,0.0439,0.3213
ctrgcn,frame_missing_moderate,33,rub two hands together,276,0.9034,0.7114,0.0127,0.192
ctrgcn,frame_missing_moderate,34,nod head/bow,276,0.971,0.9444,0.0171,0.0266
ctrgcn,frame_missing_moderate,35,shake head,275,0.9503,0.7297,0.1231,0.2206
ctrgcn,frame_missing_moderate,36,wipe face,276,0.8551,0.6184,0.0513,0.2367
ctrgcn,frame_missing_moderate,37,salute,276,0.93,0.8889,0.0363,0.0411
ctrgcn,frame_missing_moderate,38,put the palms together,276,0.9239,0.8853,0.0021,0.0386
ctrgcn,frame_missing_moderate,39,cross hands in front (say stop),276,0.936,0.7319,0.0925,0.2041
ctrgcn,frame_missing_moderate,40,sneeze/cough,276,0.7403,0.494,0.0965,0.2464
ctrgcn,frame_missing_moderate,41,staggering,276,0.9867,0.7862,0.1447,0.2005
ctrgcn,frame_missing_moderate,42,falling,275,0.9939,0.9055,0.0275,0.0885
ctrgcn,frame_missing_moderate,43,touch head (headache),276,0.8345,0.5785,0.0218,0.256
ctrgcn,frame_missing_moderate,44,touch chest (stomachache/heart pain),276,0.9215,0.8273,0.0241,0.0942
ctrgcn,frame_missing_moderate,45,touch back (backache),276,0.9444,0.8237,0.0327,0.1208
ctrgcn,frame_missing_moderate,46,touch neck (neckache),276,0.8502,0.4879,0.0826,0.3623
ctrgcn,frame_missing_moderate,47,nausea or vomiting condition,275,0.8497,0.6509,0.0419,0.1988
ctrgcn,frame_missing_moderate,48,use a fan (with hand or paper)/feeling warm,275,0.9309,0.8255,0.0565,0.1055
ctrgcn,frame_missing_moderate,49,punching/slapping other person,274,0.9112,0.6898,0.0669,0.2214
ctrgcn,frame_missing_moderate,50,kicking other person,276,0.9541,0.8647,0.0387,0.0894
ctrgcn,frame_missing_moderate,51,pushing other person,276,0.9722,0.75,0.0453,0.2222
ctrgcn,frame_missing_moderate,52,pat on back of other person,276,0.9143,0.7669,0.0911,0.1473
ctrgcn,frame_missing_moderate,53,point finger at the other person,276,0.913,0.7657,0.0729,0.1473
ctrgcn,frame_missing_moderate,54,hugging other person,274,0.9878,0.899,0.0147,0.0888
ctrgcn,frame_missing_moderate,55,giving something to other person,276,0.9372,0.8092,0.0042,0.128
ctrgcn,frame_missing_moderate,56,touch other person's pocket,275,0.9382,0.6218,0.1512,0.3164
ctrgcn,frame_missing_moderate,57,handshaking,276,0.9589,0.6932,0.0163,0.2657
ctrgcn,frame_missing_moderate,58,walking towards each other,273,0.9963,0.9817,0.019,0.0147
ctrgcn,frame_missing_moderate,59,walking apart from each other,276,0.9638,0.9432,0.02,0.0205
ctrgcn,mixed_moderate,0,drink water,274,0.8601,0.1557,0.0208,0.7044
ctrgcn,mixed_moderate,1,eat meal/snack,275,0.7261,0.16,0.0317,0.5661
ctrgcn,mixed_moderate,2,brushing teeth,273,0.873,0.1233,0.0249,0.7497
ctrgcn,mixed_moderate,3,brushing hair,273,0.917,0.1477,0.0139,0.7692
ctrgcn,mixed_moderate,4,drop,275,0.8873,0.297,0.1055,0.5903
ctrgcn,mixed_moderate,5,pickup,275,0.9697,0.2097,0.0207,0.76
ctrgcn,mixed_moderate,6,throw,275,0.9321,0.2885,0.0545,0.6436
ctrgcn,mixed_moderate,7,sitting down,273,0.9683,0.2332,0.0678,0.735
ctrgcn,mixed_moderate,8,standing up (from sitting position),273,0.9792,0.2637,0.0532,0.7155
ctrgcn,mixed_moderate,9,clapping,273,0.7741,0.2405,0.09,0.5336
ctrgcn,mixed_moderate,10,reading,273,0.6496,0.0842,0.0097,0.5653
ctrgcn,mixed_moderate,11,writing,272,0.6201,0.1667,0.0598,0.4534
ctrgcn,mixed_moderate,12,tear up paper,271,0.9213,0.1907,0.0107,0.7306
ctrgcn,mixed_moderate,13,wear jacket,275,0.9782,0.2861,0.0056,0.6921
ctrgcn,mixed_moderate,14,take off jacket,276,0.9843,0.2041,0.0335,0.7802
ctrgcn,mixed_moderate,15,wear a shoe,273,0.8083,0.0879,0.0183,0.7204
ctrgcn,mixed_moderate,16,take off a shoe,274,0.8382,0.146,0.0167,0.6922
ctrgcn,mixed_moderate,17,wear on glasses,273,0.9084,0.2002,0.0602,0.7082
ctrgcn,mixed_moderate,18,take off glasses,274,0.944,0.2981,0.0635,0.646
ctrgcn,mixed_moderate,19,put on a hat/cap,272,0.9596,0.239,0.076,0.7206
ctrgcn,mixed_moderate,20,take off a hat/cap,273,0.9744,0.2747,0.0319,0.6996
ctrgcn,mixed_moderate,21,cheer up,274,0.9258,0.2725,0.0548,0.6533
ctrgcn,mixed_moderate,22,hand waving,274,0.9173,0.3212,0.1138,0.5961
ctrgcn,mixed_moderate,23,kicking something,276,0.9529,0.1594,0.0126,0.7935
ctrgcn,mixed_moderate,24,reach into pocket,274,0.8358,0.1399,0.0092,0.6959
ctrgcn,mixed_moderate,25,hopping (one foot jumping),275,0.9891,0.2448,0.0242,0.7442
ctrgcn,mixed_moderate,26,jump up,276,1.0,0.3128,0.0508,0.6872
ctrgcn,mixed_moderate,27,make a phone call/answer phone,275,0.9079,0.1418,0.0577,0.7661
ctrgcn,mixed_moderate,28,playing with phone/tablet,275,0.6958,0.183,0.0344,0.5127
ctrgcn,mixed_moderate,29,typing on a keyboard,275,0.737,0.2861,0.0555,0.4509
ctrgcn,mixed_moderate,30,pointing to something with finger,276,0.7862,0.2234,0.0302,0.5628
ctrgcn,mixed_moderate,31,taking a selfie,276,0.8889,0.192,0.0474,0.6969
ctrgcn,mixed_moderate,32,check time (from watch),276,0.901,0.1667,0.0427,0.7343
ctrgcn,mixed_moderate,33,rub two hands together,276,0.9034,0.1679,0.0363,0.7355
ctrgcn,mixed_moderate,34,nod head/bow,276,0.971,0.3575,0.06,0.6135
ctrgcn,mixed_moderate,35,shake head,275,0.9503,0.2594,0.0636,0.6909
ctrgcn,mixed_moderate,36,wipe face,276,0.8551,0.1534,0.0257,0.7017
ctrgcn,mixed_moderate,37,salute,276,0.93,0.2548,0.0381,0.6751
ctrgcn,mixed_moderate,38,put the palms together,276,0.9239,0.221,0.0368,0.7029
ctrgcn,mixed_moderate,39,cross hands in front (say stop),276,0.936,0.3043,0.0691,0.6316
ctrgcn,mixed_moderate,40,sneeze/cough,276,0.7403,0.0918,0.0021,0.6486
ctrgcn,mixed_moderate,41,staggering,276,0.9867,0.1449,0.0346,0.8418
ctrgcn,mixed_moderate,42,falling,275,0.9939,0.3139,0.0401,0.68
ctrgcn,mixed_moderate,43,touch head (headache),276,0.8345,0.1377,0.0349,0.6969
ctrgcn,mixed_moderate,44,touch chest (stomachache/heart pain),276,0.9215,0.2403,0.0291,0.6812
ctrgcn,mixed_moderate,45,touch back (backache),276,0.9444,0.2029,0.0635,0.7415
ctrgcn,mixed_moderate,46,touch neck (neckache),276,0.8502,0.1111,0.0151,0.7391
ctrgcn,mixed_moderate,47,nausea or vomiting condition,275,0.8497,0.1624,0.0111,0.6873
ctrgcn,mixed_moderate,48,use a fan (with hand or paper)/feeling warm,275,0.9309,0.6327,0.2048,0.2982
ctrgcn,mixed_moderate,49,punching/slapping other person,274,0.9112,0.146,0.0483,0.7652
ctrgcn,mixed_moderate,50,kicking other person,276,0.9541,0.1534,0.0116,0.8007
ctrgcn,mixed_moderate,51,pushing other person,276,0.9722,0.1401,0.0267,0.8321
ctrgcn,mixed_moderate,52,pat on back of other person,276,0.9143,0.2742,0.099,0.6401
ctrgcn,mixed_moderate,53,point finger at the other person,276,0.913,0.1932,0.0055,0.7198
ctrgcn,mixed_moderate,54,hugging other person,274,0.9878,0.2676,0.0432,0.7202
ctrgcn,mixed_moderate,55,giving something to other person,276,0.9372,0.1715,0.0171,0.7657
ctrgcn,mixed_moderate,56,touch other person's pocket,275,0.9382,0.2133,0.0551,0.7248
ctrgcn,mixed_moderate,57,handshaking,276,0.9589,0.2597,0.1209,0.6993
ctrgcn,mixed_moderate,58,walking towards each other,273,0.9963,0.2967,0.1101,0.6996
ctrgcn,mixed_moderate,59,walking apart from each other,276,0.9638,0.3611,0.1377,0.6027
ctrgcn,joint_missing_severe,0,drink water,274,0.8601,0.0073,0.0097,0.8528
ctrgcn,joint_missing_severe,1,eat meal/snack,275,0.7261,0.017,0.0294,0.7091
ctrgcn,joint_missing_severe,2,brushing teeth,273,0.873,0.0012,0.0021,0.8718
ctrgcn,joint_missing_severe,3,brushing hair,273,0.917,0.0,0.0,0.917
ctrgcn,joint_missing_severe,4,drop,275,0.8873,0.2448,0.3689,0.6424
ctrgcn,joint_missing_severe,5,pickup,275,0.9697,0.0024,0.0042,0.9673
ctrgcn,joint_missing_severe,6,throw,275,0.9321,0.1055,0.1764,0.8267
ctrgcn,joint_missing_severe,7,sitting down,273,0.9683,0.0024,0.0021,0.9658
ctrgcn,joint_missing_severe,8,standing up (from sitting position),273,0.9792,0.0,0.0,0.9792
ctrgcn,joint_missing_severe,9,clapping,273,0.7741,0.0122,0.0181,0.7619
ctrgcn,joint_missing_severe,10,reading,273,0.6496,0.0024,0.0042,0.6471
ctrgcn,joint_missing_severe,11,writing,272,0.6201,0.3199,0.207,0.3002
ctrgcn,joint_missing_severe,12,tear up paper,271,0.9213,0.0246,0.0154,0.8967
ctrgcn,joint_missing_severe,13,wear jacket,275,0.9782,0.0012,0.0021,0.977
ctrgcn,joint_missing_severe,14,take off jacket,276,0.9843,0.0,0.0,0.9843
ctrgcn,joint_missing_severe,15,wear a shoe,273,0.8083,0.0,0.0,0.8083
ctrgcn,joint_missing_severe,16,take off a shoe,274,0.8382,0.0024,0.0042,0.8358
ctrgcn,joint_missing_severe,17,wear on glasses,273,0.9084,0.0464,0.0804,0.862
ctrgcn,joint_missing_severe,18,take off glasses,274,0.944,0.0085,0.0076,0.9355
ctrgcn,joint_missing_severe,19,put on a hat/cap,272,0.9596,0.0355,0.0349,0.924
ctrgcn,joint_missing_severe,20,take off a hat/cap,273,0.9744,0.0269,0.0224,0.9475
ctrgcn,joint_missing_severe,21,cheer up,274,0.9258,0.0012,0.0021,0.9246
ctrgcn,joint_missing_severe,22,hand waving,274,0.9173,0.0061,0.0056,0.9112
ctrgcn,joint_missing_severe,23,kicking something,276,0.9529,0.0,0.0,0.9529
ctrgcn,joint_missing_severe,24,reach into pocket,274,0.8358,0.0024,0.0042,0.8333
ctrgcn,joint_missing_severe,25,hopping (one foot jumping),275,0.9891,0.0,0.0,0.9891
ctrgcn,joint_missing_severe,26,jump up,276,1.0,0.0036,0.0036,0.9964
ctrgcn,joint_missing_severe,27,make a phone call/answer phone,275,0.9079,0.0109,0.0189,0.897
ctrgcn,joint_missing_severe,28,playing with phone/tablet,275,0.6958,0.5224,0.3741,0.1733
ctrgcn,joint_missing_severe,29,typing on a keyboard,275,0.737,0.1164,0.167,0.6206
ctrgcn,joint_missing_severe,30,pointing to something with finger,276,0.7862,0.0713,0.1141,0.715
ctrgcn,joint_missing_severe,31,taking a selfie,276,0.8889,0.0773,0.0562,0.8116
ctrgcn,joint_missing_severe,32,check time (from watch),276,0.901,0.0,0.0,0.901
ctrgcn,joint_missing_severe,33,rub two hands together,276,0.9034,0.006,0.0021,0.8973
ctrgcn,joint_missing_severe,34,nod head/bow,276,0.971,0.3575,0.4137,0.6135
ctrgcn,joint_missing_severe,35,shake head,275,0.9503,0.063,0.0686,0.8873
ctrgcn,joint_missing_severe,36,wipe face,276,0.8551,0.1787,0.3033,0.6763
ctrgcn,joint_missing_severe,37,salute,276,0.93,0.0181,0.0181,0.9118
ctrgcn,joint_missing_severe,38,put the palms together,276,0.9239,0.2174,0.3609,0.7065
ctrgcn,joint_missing_severe,39,cross hands in front (say stop),276,0.936,0.0821,0.1236,0.8539
ctrgcn,joint_missing_severe,40,sneeze/cough,276,0.7403,0.0036,0.0036,0.7367
ctrgcn,joint_missing_severe,41,staggering,276,0.9867,0.0,0.0,0.9867
ctrgcn,joint_missing_severe,42,falling,275,0.9939,0.0218,0.0202,0.9721
ctrgcn,joint_missing_severe,43,touch head (headache),276,0.8345,0.0012,0.0021,0.8333
ctrgcn,joint_missing_severe,44,touch chest (stomachache/heart pain),276,0.9215,0.0507,0.0217,0.8708
ctrgcn,joint_missing_severe,45,touch back (backache),276,0.9444,0.006,0.0055,0.9384
ctrgcn,joint_missing_severe,46,touch neck (neckache),276,0.8502,0.0,0.0,0.8502
ctrgcn,joint_missing_severe,47,nausea or vomiting condition,275,0.8497,0.0255,0.0378,0.8242
ctrgcn,joint_missing_severe,48,use a fan (with hand or paper)/feeling warm,275,0.9309,0.4267,0.4045,0.5042
ctrgcn,joint_missing_severe,49,punching/slapping other person,274,0.9112,0.0024,0.0042,0.9088
ctrgcn,joint_missing_severe,50,kicking other person,276,0.9541,0.0,0.0,0.9541
ctrgcn,joint_missing_severe,51,pushing other person,276,0.9722,0.0,0.0,0.9722
ctrgcn,joint_missing_severe,52,pat on back of other person,276,0.9143,0.0399,0.069,0.8744
ctrgcn,joint_missing_severe,53,point finger at the other person,276,0.913,0.0109,0.0126,0.9022
ctrgcn,joint_missing_severe,54,hugging other person,274,0.9878,0.0036,0.0036,0.9842
ctrgcn,joint_missing_severe,55,giving something to other person,276,0.9372,0.0,0.0,0.9372
ctrgcn,joint_missing_severe,56,touch other person's pocket,275,0.9382,0.0642,0.051,0.8739
ctrgcn,joint_missing_severe,57,handshaking,276,0.9589,0.0193,0.0335,0.9396
ctrgcn,joint_missing_severe,58,walking towards each other,273,0.9963,0.0891,0.1298,0.9072
ctrgcn,joint_missing_severe,59,walking apart from each other,276,0.9638,0.1667,0.1584,0.7971
ctrgcn,limb_occlusion_severe,0,drink water,274,0.8601,0.3491,0.0208,0.5109
ctrgcn,limb_occlusion_severe,1,eat meal/snack,275,0.7261,0.263,0.0402,0.463
ctrgcn,limb_occlusion_severe,2,brushing teeth,273,0.873,0.3468,0.0215,0.5263
ctrgcn,limb_occlusion_severe,3,brushing hair,273,0.917,0.4115,0.0352,0.5055
ctrgcn,limb_occlusion_severe,4,drop,275,0.8873,0.3527,0.0464,0.5345
ctrgcn,limb_occlusion_severe,5,pickup,275,0.9697,0.1636,0.0442,0.8061
ctrgcn,limb_occlusion_severe,6,throw,275,0.9321,0.3188,0.0042,0.6133
ctrgcn,limb_occlusion_severe,7,sitting down,273,0.9683,0.2015,0.0542,0.7668
ctrgcn,limb_occlusion_severe,8,standing up (from sitting position),273,0.9792,0.3822,0.0747,0.5971
ctrgcn,limb_occlusion_severe,9,clapping,273,0.7741,0.2271,0.0479,0.547
ctrgcn,limb_occlusion_severe,10,reading,273,0.6496,0.2601,0.0422,0.3895
ctrgcn,limb_occlusion_severe,11,writing,272,0.6201,0.4179,0.0363,0.2022
ctrgcn,limb_occlusion_severe,12,tear up paper,271,0.9213,0.3186,0.037,0.6027
ctrgcn,limb_occlusion_severe,13,wear jacket,275,0.9782,0.1673,0.063,0.8109
ctrgcn,limb_occlusion_severe,14,take off jacket,276,0.9843,0.4722,0.0146,0.5121
ctrgcn,limb_occlusion_severe,15,wear a shoe,273,0.8083,0.1319,0.0757,0.6764
ctrgcn,limb_occlusion_severe,16,take off a shoe,274,0.8382,0.2141,0.0383,0.6241
ctrgcn,limb_occlusion_severe,17,wear on glasses,273,0.9084,0.4799,0.022,0.4286
ctrgcn,limb_occlusion_severe,18,take off glasses,274,0.944,0.5766,0.0063,0.3674
ctrgcn,limb_occlusion_severe,19,put on a hat/cap,272,0.9596,0.3971,0.0772,0.5625
ctrgcn,limb_occlusion_severe,20,take off a hat/cap,273,0.9744,0.3602,0.0275,0.6142
ctrgcn,limb_occlusion_severe,21,cheer up,274,0.9258,0.2165,0.0482,0.7092
ctrgcn,limb_occlusion_severe,22,hand waving,274,0.9173,0.4124,0.0159,0.5049
ctrgcn,limb_occlusion_severe,23,kicking something,276,0.9529,0.3671,0.0482,0.5857
ctrgcn,limb_occlusion_severe,24,reach into pocket,274,0.8358,0.4392,0.0607,0.3966
ctrgcn,limb_occlusion_severe,25,hopping (one foot jumping),275,0.9891,0.5042,0.1064,0.4848
ctrgcn,limb_occlusion_severe,26,jump up,276,1.0,0.3829,0.176,0.6171
ctrgcn,limb_occlusion_severe,27,make a phone call/answer phone,275,0.9079,0.3321,0.0468,0.5758
ctrgcn,limb_occlusion_severe,28,playing with phone/tablet,275,0.6958,0.3903,0.088,0.3055
ctrgcn,limb_occlusion_severe,29,typing on a keyboard,275,0.737,0.4727,0.0655,0.2642
ctrgcn,limb_occlusion_severe,30,pointing to something with finger,276,0.7862,0.3551,0.0166,0.4312
ctrgcn,limb_occlusion_severe,31,taking a selfie,276,0.8889,0.2621,0.0206,0.6268
ctrgcn,limb_occlusion_severe,32,check time (from watch),276,0.901,0.3406,0.0072,0.5604
ctrgcn,limb_occlusion_severe,33,rub two hands together,276,0.9034,0.3418,0.0682,0.5616
ctrgcn,limb_occlusion_severe,34,nod head/bow,276,0.971,0.3539,0.0573,0.6171
ctrgcn,limb_occlusion_severe,35,shake head,275,0.9503,0.543,0.0711,0.4073
ctrgcn,limb_occlusion_severe,36,wipe face,276,0.8551,0.3394,0.0337,0.5157
ctrgcn,limb_occlusion_severe,37,salute,276,0.93,0.3394,0.0055,0.5906
ctrgcn,limb_occlusion_severe,38,put the palms together,276,0.9239,0.3188,0.0441,0.6051
ctrgcn,limb_occlusion_severe,39,cross hands in front (say stop),276,0.936,0.1739,0.0188,0.7621
ctrgcn,limb_occlusion_severe,40,sneeze/cough,276,0.7403,0.1703,0.0403,0.57
ctrgcn,limb_occlusion_severe,41,staggering,276,0.9867,0.0531,0.0127,0.9336
ctrgcn,limb_occlusion_severe,42,falling,275,0.9939,0.1394,0.046,0.8545
ctrgcn,limb_occlusion_severe,43,touch head (headache),276,0.8345,0.2874,0.0091,0.5471
ctrgcn,limb_occlusion_severe,44,touch chest (stomachache/heart pain),276,0.9215,0.4167,0.0357,0.5048
ctrgcn,limb_occlusion_severe,45,touch back (backache),276,0.9444,0.5688,0.0346,0.3756
ctrgcn,limb_occlusion_severe,46,touch neck (neckache),276,0.8502,0.3949,0.0383,0.4553
ctrgcn,limb_occlusion_severe,47,nausea or vomiting condition,275,0.8497,0.0812,0.0147,0.7685
ctrgcn,limb_occlusion_severe,48,use a fan (with hand or paper)/feeling warm,275,0.9309,0.4036,0.0126,0.5273
ctrgcn,limb_occlusion_severe,49,punching/slapping other person,274,0.9112,0.4161,0.0968,0.4951
ctrgcn,limb_occlusion_severe,50,kicking other person,276,0.9541,0.2657,0.0826,0.6884
ctrgcn,limb_occlusion_severe,51,pushing other person,276,0.9722,0.3623,0.1162,0.6099
ctrgcn,limb_occlusion_severe,52,pat on back of other person,276,0.9143,0.5857,0.0357,0.3285
ctrgcn,limb_occlusion_severe,53,point finger at the other person,276,0.913,0.2742,0.0838,0.6389
ctrgcn,limb_occlusion_severe,54,hugging other person,274,0.9878,0.382,0.0934,0.6058
ctrgcn,limb_occlusion_severe,55,giving something to other person,276,0.9372,0.4855,0.0181,0.4517
ctrgcn,limb_occlusion_severe,56,touch other person's pocket,275,0.9382,0.6327,0.0347,0.3055
ctrgcn,limb_occlusion_severe,57,handshaking,276,0.9589,0.4336,0.0233,0.5254
ctrgcn,limb_occlusion_severe,58,walking towards each other,273,0.9963,0.5067,0.0442,0.4896
ctrgcn,limb_occlusion_severe,59,walking apart from each other,276,0.9638,0.7415,0.0342,0.2222
ctrgcn,coord_noise_severe,0,drink water,274,0.8601,0.0,0.0,0.8601
ctrgcn,coord_noise_severe,1,eat meal/snack,275,0.7261,0.0,0.0,0.7261
ctrgcn,coord_noise_severe,2,brushing teeth,273,0.873,0.0,0.0,0.873
ctrgcn,coord_noise_severe,3,brushing hair,273,0.917,0.0,0.0,0.917
ctrgcn,coord_noise_severe,4,drop,275,0.8873,0.0,0.0,0.8873
ctrgcn,coord_noise_severe,5,pickup,275,0.9697,0.0606,0.105,0.9091
ctrgcn,coord_noise_severe,6,throw,275,0.9321,0.0012,0.0021,0.9309
ctrgcn,coord_noise_severe,7,sitting down,273,0.9683,0.0317,0.055,0.9365
ctrgcn,coord_noise_severe,8,standing up (from sitting position),273,0.9792,0.0049,0.0085,0.9744
ctrgcn,coord_noise_severe,9,clapping,273,0.7741,0.0488,0.0783,0.7253
ctrgcn,coord_noise_severe,10,reading,273,0.6496,0.0,0.0,0.6496
ctrgcn,coord_noise_severe,11,writing,272,0.6201,0.1262,0.1159,0.4939
ctrgcn,coord_noise_severe,12,tear up paper,271,0.9213,0.0,0.0,0.9213
ctrgcn,coord_noise_severe,13,wear jacket,275,0.9782,0.0024,0.0021,0.9758
ctrgcn,coord_noise_severe,14,take off jacket,276,0.9843,0.0,0.0,0.9843
ctrgcn,coord_noise_severe,15,wear a shoe,273,0.8083,0.0073,0.0073,0.801
ctrgcn,coord_noise_severe,16,take off a shoe,274,0.8382,0.0012,0.0021,0.837
ctrgcn,coord_noise_severe,17,wear on glasses,273,0.9084,0.0,0.0,0.9084
ctrgcn,coord_noise_severe,18,take off glasses,274,0.944,0.0,0.0,0.944
ctrgcn,coord_noise_severe,19,put on a hat/cap,272,0.9596,0.0,0.0,0.9596
ctrgcn,coord_noise_severe,20,take off a hat/cap,273,0.9744,0.0012,0.0021,0.9731
ctrgcn,coord_noise_severe,21,cheer up,274,0.9258,0.0049,0.0042,0.9209
ctrgcn,coord_noise_severe,22,hand waving,274,0.9173,0.028,0.0315,0.8893
ctrgcn,coord_noise_severe,23,kicking something,276,0.9529,0.0,0.0,0.9529
ctrgcn,coord_noise_severe,24,reach into pocket,274,0.8358,0.0,0.0,0.8358
ctrgcn,coord_noise_severe,25,hopping (one foot jumping),275,0.9891,0.0,0.0,0.9891
ctrgcn,coord_noise_severe,26,jump up,276,1.0,0.0,0.0,1.0
ctrgcn,coord_noise_severe,27,make a phone call/answer phone,275,0.9079,0.0,0.0,0.9079
ctrgcn,coord_noise_severe,28,playing with phone/tablet,275,0.6958,0.3527,0.4598,0.343
ctrgcn,coord_noise_severe,29,typing on a keyboard,275,0.737,0.2994,0.4133,0.4376
ctrgcn,coord_noise_severe,30,pointing to something with finger,276,0.7862,0.0471,0.0392,0.7391
ctrgcn,coord_noise_severe,31,taking a selfie,276,0.8889,0.035,0.0513,0.8539
ctrgcn,coord_noise_severe,32,check time (from watch),276,0.901,0.0012,0.0021,0.8998
ctrgcn,coord_noise_severe,33,rub two hands together,276,0.9034,0.0109,0.0131,0.8925
ctrgcn,coord_noise_severe,34,nod head/bow,276,0.971,0.0072,0.0096,0.9638
ctrgcn,coord_noise_severe,35,shake head,275,0.9503,0.0424,0.0704,0.9079
ctrgcn,coord_noise_severe,36,wipe face,276,0.8551,0.122,0.1805,0.7331
ctrgcn,coord_noise_severe,37,salute,276,0.93,0.006,0.0021,0.9239
ctrgcn,coord_noise_severe,38,put the palms together,276,0.9239,0.0,0.0,0.9239
ctrgcn,coord_noise_severe,39,cross hands in front (say stop),276,0.936,0.0568,0.0562,0.8792
ctrgcn,coord_noise_severe,40,sneeze/cough,276,0.7403,0.0012,0.0021,0.7391
ctrgcn,coord_noise_severe,41,staggering,276,0.9867,0.0,0.0,0.9867
ctrgcn,coord_noise_severe,42,falling,275,0.9939,0.3115,0.3374,0.6824
ctrgcn,coord_noise_severe,43,touch head (headache),276,0.8345,0.0785,0.136,0.756
ctrgcn,coord_noise_severe,44,touch chest (stomachache/heart pain),276,0.9215,0.0,0.0,0.9215
ctrgcn,coord_noise_severe,45,touch back (backache),276,0.9444,0.0,0.0,0.9444
ctrgcn,coord_noise_severe,46,touch neck (neckache),276,0.8502,0.0024,0.0042,0.8478
ctrgcn,coord_noise_severe,47,nausea or vomiting condition,275,0.8497,0.0085,0.0076,0.8412
ctrgcn,coord_noise_severe,48,use a fan (with hand or paper)/feeling warm,275,0.9309,0.4873,0.4855,0.4436
ctrgcn,coord_noise_severe,49,punching/slapping other person,274,0.9112,0.0,0.0,0.9112
ctrgcn,coord_noise_severe,50,kicking other person,276,0.9541,0.0,0.0,0.9541
ctrgcn,coord_noise_severe,51,pushing other person,276,0.9722,0.0,0.0,0.9722
ctrgcn,coord_noise_severe,52,pat on back of other person,276,0.9143,0.029,0.0502,0.8853
ctrgcn,coord_noise_severe,53,point finger at the other person,276,0.913,0.0,0.0,0.913
ctrgcn,coord_noise_severe,54,hugging other person,274,0.9878,0.0073,0.0126,0.9805
ctrgcn,coord_noise_severe,55,giving something to other person,276,0.9372,0.0,0.0,0.9372
ctrgcn,coord_noise_severe,56,touch other person's pocket,275,0.9382,0.0,0.0,0.9382
ctrgcn,coord_noise_severe,57,handshaking,276,0.9589,0.0012,0.0021,0.9577
ctrgcn,coord_noise_severe,58,walking towards each other,273,0.9963,0.0647,0.087,0.9316
ctrgcn,coord_noise_severe,59,walking apart from each other,276,0.9638,0.0556,0.0624,0.9082
ctrgcn,frame_missing_severe,0,drink water,274,0.8601,0.4392,0.0542,0.4209
ctrgcn,frame_missing_severe,1,eat meal/snack,275,0.7261,0.3939,0.1113,0.3321
ctrgcn,frame_missing_severe,2,brushing teeth,273,0.873,0.7253,0.1863,0.1477
ctrgcn,frame_missing_severe,3,brushing hair,273,0.917,0.5592,0.2444,0.3578
ctrgcn,frame_missing_severe,4,drop,275,0.8873,0.6812,0.1018,0.2061
ctrgcn,frame_missing_severe,5,pickup,275,0.9697,0.5164,0.1629,0.4533
ctrgcn,frame_missing_severe,6,throw,275,0.9321,0.5539,0.0536,0.3782
ctrgcn,frame_missing_severe,7,sitting down,273,0.9683,0.6203,0.0893,0.348
ctrgcn,frame_missing_severe,8,standing up (from sitting position),273,0.9792,0.7228,0.0294,0.2564
ctrgcn,frame_missing_severe,9,clapping,273,0.7741,0.6252,0.1761,0.149
ctrgcn,frame_missing_severe,10,reading,273,0.6496,0.2149,0.1509,0.4347
ctrgcn,frame_missing_severe,11,writing,272,0.6201,0.1164,0.0639,0.5037
ctrgcn,frame_missing_severe,12,tear up paper,271,0.9213,0.6187,0.0553,0.3026
ctrgcn,frame_missing_severe,13,wear jacket,275,0.9782,0.7673,0.0528,0.2109
ctrgcn,frame_missing_severe,14,take off jacket,276,0.9843,0.6546,0.0891,0.3297
ctrgcn,frame_missing_severe,15,wear a shoe,273,0.8083,0.2735,0.0499,0.5348
ctrgcn,frame_missing_severe,16,take off a shoe,274,0.8382,0.3273,0.0858,0.5109
ctrgcn,frame_missing_severe,17,wear on glasses,273,0.9084,0.6007,0.0408,0.3077
ctrgcn,frame_missing_severe,18,take off glasses,274,0.944,0.4586,0.0771,0.4854
ctrgcn,frame_missing_severe,19,put on a hat/cap,272,0.9596,0.5306,0.0286,0.4289
ctrgcn,frame_missing_severe,20,take off a hat/cap,273,0.9744,0.3516,0.0605,0.6227
ctrgcn,frame_missing_severe,21,cheer up,274,0.9258,0.9209,0.0147,0.0049
ctrgcn,frame_missing_severe,22,hand waving,274,0.9173,0.7652,0.0745,0.1521
ctrgcn,frame_missing_severe,23,kicking something,276,0.9529,0.57,0.064,0.3829
ctrgcn,frame_missing_severe,24,reach into pocket,274,0.8358,0.3041,0.0952,0.5316
ctrgcn,frame_missing_severe,25,hopping (one foot jumping),275,0.9891,0.8279,0.0763,0.1612
ctrgcn,frame_missing_severe,26,jump up,276,1.0,0.7524,0.0127,0.2476
ctrgcn,frame_missing_severe,27,make a phone call/answer phone,275,0.9079,0.4436,0.1335,0.4642
ctrgcn,frame_missing_severe,28,playing with phone/tablet,275,0.6958,0.1455,0.073,0.5503
ctrgcn,frame_missing_severe,29,typing on a keyboard,275,0.737,0.3952,0.2312,0.3418
ctrgcn,frame_missing_severe,30,pointing to something with finger,276,0.7862,0.6256,0.0578,0.1606
ctrgcn,frame_missing_severe,31,taking a selfie,276,0.8889,0.5616,0.1538,0.3273
ctrgcn,frame_missing_severe,32,check time (from watch),276,0.901,0.3092,0.0293,0.5918
ctrgcn,frame_missing_severe,33,rub two hands together,276,0.9034,0.5157,0.0502,0.3877
ctrgcn,frame_missing_severe,34,nod head/bow,276,0.971,0.8647,0.0432,0.1063
ctrgcn,frame_missing_severe,35,shake head,275,0.9503,0.5139,0.2248,0.4364
ctrgcn,frame_missing_severe,36,wipe face,276,0.8551,0.4758,0.0797,0.3792
ctrgcn,frame_missing_severe,37,salute,276,0.93,0.7693,0.0274,0.1606
ctrgcn,frame_missing_severe,38,put the palms together,276,0.9239,0.7428,0.0507,0.1812
ctrgcn,frame_missing_severe,39,cross hands in front (say stop),276,0.936,0.43,0.11,0.506
ctrgcn,frame_missing_severe,40,sneeze/cough,276,0.7403,0.3333,0.0866,0.407
ctrgcn,frame_missing_severe,41,staggering,276,0.9867,0.6039,0.2174,0.3829
ctrgcn,frame_missing_severe,42,falling,275,0.9939,0.577,0.1176,0.417
ctrgcn,frame_missing_severe,43,touch head (headache),276,0.8345,0.4251,0.0492,0.4094
ctrgcn,frame_missing_severe,44,touch chest (stomachache/heart pain),276,0.9215,0.7053,0.0955,0.2162
ctrgcn,frame_missing_severe,45,touch back (backache),276,0.9444,0.7548,0.0798,0.1896
ctrgcn,frame_missing_severe,46,touch neck (neckache),276,0.8502,0.2923,0.0689,0.558
ctrgcn,frame_missing_severe,47,nausea or vomiting condition,275,0.8497,0.4206,0.0371,0.4291
ctrgcn,frame_missing_severe,48,use a fan (with hand or paper)/feeling warm,275,0.9309,0.6921,0.0728,0.2388
ctrgcn,frame_missing_severe,49,punching/slapping other person,274,0.9112,0.444,0.0952,0.4672
ctrgcn,frame_missing_severe,50,kicking other person,276,0.9541,0.6944,0.1518,0.2597
ctrgcn,frame_missing_severe,51,pushing other person,276,0.9722,0.5338,0.0658,0.4384
ctrgcn,frame_missing_severe,52,pat on back of other person,276,0.9143,0.5894,0.177,0.3249
ctrgcn,frame_missing_severe,53,point finger at the other person,276,0.913,0.4746,0.0753,0.4384
ctrgcn,frame_missing_severe,54,hugging other person,274,0.9878,0.6837,0.0524,0.3041
ctrgcn,frame_missing_severe,55,giving something to other person,276,0.9372,0.564,0.0754,0.3732
ctrgcn,frame_missing_severe,56,touch other person's pocket,275,0.9382,0.4642,0.2438,0.4739
ctrgcn,frame_missing_severe,57,handshaking,276,0.9589,0.3913,0.0036,0.5676
ctrgcn,frame_missing_severe,58,walking towards each other,273,0.9963,0.9499,0.0184,0.0464
ctrgcn,frame_missing_severe,59,walking apart from each other,276,0.9638,0.9034,0.0384,0.0604
ctrgcn,mixed_severe,0,drink water,274,0.8601,0.0949,0.0132,0.7652
ctrgcn,mixed_severe,1,eat meal/snack,275,0.7261,0.0788,0.02,0.6473
ctrgcn,mixed_severe,2,brushing teeth,273,0.873,0.0794,0.0244,0.7937
ctrgcn,mixed_severe,3,brushing hair,273,0.917,0.0879,0.0254,0.8291
ctrgcn,mixed_severe,4,drop,275,0.8873,0.1503,0.0582,0.737
ctrgcn,mixed_severe,5,pickup,275,0.9697,0.0642,0.0128,0.9055
ctrgcn,mixed_severe,6,throw,275,0.9321,0.1091,0.0284,0.823
ctrgcn,mixed_severe,7,sitting down,273,0.9683,0.0757,0.0056,0.8926
ctrgcn,mixed_severe,8,standing up (from sitting position),273,0.9792,0.0965,0.0056,0.8828
ctrgcn,mixed_severe,9,clapping,273,0.7741,0.0769,0.0204,0.6972
ctrgcn,mixed_severe,10,reading,273,0.6496,0.044,0.019,0.6056
ctrgcn,mixed_severe,11,writing,272,0.6201,0.1373,0.0413,0.4828
ctrgcn,mixed_severe,12,tear up paper,271,0.9213,0.0923,0.0098,0.829
ctrgcn,mixed_severe,13,wear jacket,275,0.9782,0.103,0.0151,0.8752
ctrgcn,mixed_severe,14,take off jacket,276,0.9843,0.1171,0.0055,0.8671
ctrgcn,mixed_severe,15,wear a shoe,273,0.8083,0.0256,0.011,0.7827
ctrgcn,mixed_severe,16,take off a shoe,274,0.8382,0.0535,0.0092,0.7847
ctrgcn,mixed_severe,17,wear on glasses,273,0.9084,0.1038,0.0294,0.8046
ctrgcn,mixed_severe,18,take off glasses,274,0.944,0.1192,0.0237,0.8248
ctrgcn,mixed_severe,19,put on a hat/cap,272,0.9596,0.1189,0.0313,0.8407
ctrgcn,mixed_severe,20,take off a hat/cap,273,0.9744,0.1136,0.019,0.8608
ctrgcn,mixed_severe,21,cheer up,274,0.9258,0.1046,0.0076,0.8212
ctrgcn,mixed_severe,22,hand waving,274,0.9173,0.2397,0.1091,0.6776
ctrgcn,mixed_severe,23,kicking something,276,0.9529,0.0821,0.0021,0.8708
ctrgcn,mixed_severe,24,reach into pocket,274,0.8358,0.0815,0.0169,0.7543
ctrgcn,mixed_severe,25,hopping (one foot jumping),275,0.9891,0.1115,0.0076,0.8776
ctrgcn,mixed_severe,26,jump up,276,1.0,0.1618,0.0236,0.8382
ctrgcn,mixed_severe,27,make a phone call/answer phone,275,0.9079,0.0764,0.0289,0.8315
ctrgcn,mixed_severe,28,playing with phone/tablet,275,0.6958,0.1564,0.0509,0.5394
ctrgcn,mixed_severe,29,typing on a keyboard,275,0.737,0.2521,0.1208,0.4848
ctrgcn,mixed_severe,30,pointing to something with finger,276,0.7862,0.1171,0.0186,0.6691
ctrgcn,mixed_severe,31,taking a selfie,276,0.8889,0.0809,0.0267,0.808
ctrgcn,mixed_severe,32,check time (from watch),276,0.901,0.0604,0.0042,0.8406
ctrgcn,mixed_severe,33,rub two hands together,276,0.9034,0.0773,0.0182,0.8261
ctrgcn,mixed_severe,34,nod head/bow,276,0.971,0.1594,0.0297,0.8116
ctrgcn,mixed_severe,35,shake head,275,0.9503,0.2218,0.0883,0.7285
ctrgcn,mixed_severe,36,wipe face,276,0.8551,0.1147,0.0459,0.7403
ctrgcn,mixed_severe,37,salute,276,0.93,0.122,0.0116,0.808
ctrgcn,mixed_severe,38,put the palms together,276,0.9239,0.1002,0.0293,0.8237
ctrgcn,mixed_severe,39,cross hands in front (say stop),276,0.936,0.0833,0.031,0.8527
ctrgcn,mixed_severe,40,sneeze/cough,276,0.7403,0.0435,0.0096,0.6969
ctrgcn,mixed_severe,41,staggering,276,0.9867,0.0543,0.0131,0.9324
ctrgcn,mixed_severe,42,falling,275,0.9939,0.1103,0.0242,0.8836
ctrgcn,mixed_severe,43,touch head (headache),276,0.8345,0.07,0.0186,0.7645
ctrgcn,mixed_severe,44,touch chest (stomachache/heart pain),276,0.9215,0.1099,0.0055,0.8116
ctrgcn,mixed_severe,45,touch back (backache),276,0.9444,0.1147,0.0218,0.8297
ctrgcn,mixed_severe,46,touch neck (neckache),276,0.8502,0.0592,0.0075,0.7911
ctrgcn,mixed_severe,47,nausea or vomiting condition,275,0.8497,0.0448,0.0021,0.8048
ctrgcn,mixed_severe,48,use a fan (with hand or paper)/feeling warm,275,0.9309,0.3818,0.2595,0.5491
ctrgcn,mixed_severe,49,punching/slapping other person,274,0.9112,0.0864,0.0243,0.8248
ctrgcn,mixed_severe,50,kicking other person,276,0.9541,0.0978,0.0072,0.8563
ctrgcn,mixed_severe,51,pushing other person,276,0.9722,0.0821,0.0091,0.8901
ctrgcn,mixed_severe,52,pat on back of other person,276,0.9143,0.18,0.0482,0.7343
ctrgcn,mixed_severe,53,point finger at the other person,276,0.913,0.0749,0.0075,0.8382
ctrgcn,mixed_severe,54,hugging other person,274,0.9878,0.1241,0.0063,0.8637
ctrgcn,mixed_severe,55,giving something to other person,276,0.9372,0.0966,0.0146,0.8406
ctrgcn,mixed_severe,56,touch other person's pocket,275,0.9382,0.1067,0.0632,0.8315
ctrgcn,mixed_severe,57,handshaking,276,0.9589,0.1582,0.0678,0.8007
ctrgcn,mixed_severe,58,walking towards each other,273,0.9963,0.1893,0.087,0.8071
ctrgcn,mixed_severe,59,walking apart from each other,276,0.9638,0.221,0.0603,0.7428
