model,condition,seed,class_id,action,support,clean_accuracy,accuracy
stgcn,clean,255,0,drink water,274,0.8759,0.8723
stgcn,clean,255,1,eat meal/snack,275,0.7394,0.7455
stgcn,clean,255,2,brushing teeth,273,0.8584,0.8571
stgcn,clean,255,3,brushing hair,273,0.9048,0.8974
stgcn,clean,255,4,drop,275,0.8315,0.8145
stgcn,clean,255,5,pickup,275,0.9527,0.9418
stgcn,clean,255,6,throw,275,0.9115,0.8982
stgcn,clean,255,7,sitting down,273,0.9658,0.9597
stgcn,clean,255,8,standing up (from sitting position),273,0.9805,0.9744
stgcn,clean,255,9,clapping,273,0.7827,0.7875
stgcn,clean,255,10,reading,273,0.6032,0.6044
stgcn,clean,255,11,writing,272,0.5245,0.5074
stgcn,clean,255,12,tear up paper,271,0.8954,0.9041
stgcn,clean,255,13,wear jacket,275,0.983,0.9855
stgcn,clean,255,14,take off jacket,276,0.9589,0.9638
stgcn,clean,255,15,wear a shoe,273,0.6545,0.6447
stgcn,clean,255,16,take off a shoe,274,0.7798,0.781
stgcn,clean,255,17,wear on glasses,273,0.906,0.9048
stgcn,clean,255,18,take off glasses,274,0.9343,0.9416
stgcn,clean,255,19,put on a hat/cap,272,0.9498,0.9485
stgcn,clean,255,20,take off a hat/cap,273,0.9731,0.9744
stgcn,clean,255,21,cheer up,274,0.9234,0.927
stgcn,clean,255,22,hand waving,274,0.9063,0.9161
stgcn,clean,255,23,kicking something,276,0.9372,0.942
stgcn,clean,255,24,reach into pocket,274,0.8358,0.8504
stgcn,clean,255,25,hopping (one foot jumping),275,0.9879,0.9891
stgcn,clean,255,26,jump up,276,0.9964,0.9964
stgcn,clean,255,27,make a phone call/answer phone,275,0.8679,0.8873
stgcn,clean,255,28,playing with phone/tablet,275,0.6824,0.68
stgcn,clean,255,29,typing on a keyboard,275,0.7515,0.7345
stgcn,clean,255,30,pointing to something with finger,276,0.7585,0.7717
stgcn,clean,255,31,taking a selfie,276,0.8925,0.9058
stgcn,clean,255,32,check time (from watch),276,0.8829,0.8986
stgcn,clean,255,33,rub two hands together,276,0.8829,0.9022
stgcn,clean,255,34,nod head/bow,276,0.965,0.971
stgcn,clean,255,35,shake head,275,0.9418,0.9418
stgcn,clean,255,36,wipe face,276,0.8321,0.8152
stgcn,clean,255,37,salute,276,0.9179,0.9275
stgcn,clean,255,38,put the palms together,276,0.9408,0.9348
stgcn,clean,255,39,cross hands in front (say stop),276,0.8998,0.913
stgcn,clean,255,40,sneeze/cough,276,0.7379,0.7536
stgcn,clean,255,41,staggering,276,0.9915,0.9928
stgcn,clean,255,42,falling,275,0.9855,0.9855
stgcn,clean,255,43,touch head (headache),276,0.7657,0.7464
stgcn,clean,255,44,touch chest (stomachache/heart pain),276,0.9058,0.8986
stgcn,clean,255,45,touch back (backache),276,0.9263,0.9275
stgcn,clean,255,46,touch neck (neckache),276,0.8816,0.9167
stgcn,clean,255,47,nausea or vomiting condition,275,0.8509,0.8545
stgcn,clean,255,48,use a fan (with hand or paper)/feeling warm,275,0.9261,0.9309
stgcn,clean,255,49,punching/slapping other person,274,0.8662,0.8723
stgcn,clean,255,50,kicking other person,276,0.9167,0.9167
stgcn,clean,255,51,pushing other person,276,0.971,0.9783
stgcn,clean,255,52,pat on back of other person,276,0.942,0.9493
stgcn,clean,255,53,point finger at the other person,276,0.907,0.913
stgcn,clean,255,54,hugging other person,274,0.9757,0.9745
stgcn,clean,255,55,giving something to other person,276,0.9348,0.9312
stgcn,clean,255,56,touch other person's pocket,275,0.9285,0.9345
stgcn,clean,255,57,handshaking,276,0.9517,0.9493
stgcn,clean,255,58,walking towards each other,273,0.9939,0.9927
stgcn,clean,255,59,walking apart from each other,276,0.9626,0.9674
stgcn,clean,2026,0,drink water,274,0.8759,0.8832
stgcn,clean,2026,1,eat meal/snack,275,0.7394,0.7273
stgcn,clean,2026,2,brushing teeth,273,0.8584,0.8498
stgcn,clean,2026,3,brushing hair,273,0.9048,0.9158
stgcn,clean,2026,4,drop,275,0.8315,0.8291
stgcn,clean,2026,5,pickup,275,0.9527,0.96
stgcn,clean,2026,6,throw,275,0.9115,0.92
stgcn,clean,2026,7,sitting down,273,0.9658,0.967
stgcn,clean,2026,8,standing up (from sitting position),273,0.9805,0.9744
stgcn,clean,2026,9,clapping,273,0.7827,0.7656
stgcn,clean,2026,10,reading,273,0.6032,0.6154
stgcn,clean,2026,11,writing,272,0.5245,0.5147
stgcn,clean,2026,12,tear up paper,271,0.8954,0.8967
stgcn,clean,2026,13,wear jacket,275,0.983,0.9818
stgcn,clean,2026,14,take off jacket,276,0.9589,0.9529
stgcn,clean,2026,15,wear a shoe,273,0.6545,0.6703
stgcn,clean,2026,16,take off a shoe,274,0.7798,0.7701
stgcn,clean,2026,17,wear on glasses,273,0.906,0.8974
stgcn,clean,2026,18,take off glasses,274,0.9343,0.9416
stgcn,clean,2026,19,put on a hat/cap,272,0.9498,0.9559
stgcn,clean,2026,20,take off a hat/cap,273,0.9731,0.967
stgcn,clean,2026,21,cheer up,274,0.9234,0.9307
stgcn,clean,2026,22,hand waving,274,0.9063,0.8942
stgcn,clean,2026,23,kicking something,276,0.9372,0.9239
stgcn,clean,2026,24,reach into pocket,274,0.8358,0.8248
stgcn,clean,2026,25,hopping (one foot jumping),275,0.9879,0.9855
stgcn,clean,2026,26,jump up,276,0.9964,0.9964
stgcn,clean,2026,27,make a phone call/answer phone,275,0.8679,0.8655
stgcn,clean,2026,28,playing with phone/tablet,275,0.6824,0.7055
stgcn,clean,2026,29,typing on a keyboard,275,0.7515,0.7455
stgcn,clean,2026,30,pointing to something with finger,276,0.7585,0.7428
stgcn,clean,2026,31,taking a selfie,276,0.8925,0.8877
stgcn,clean,2026,32,check time (from watch),276,0.8829,0.8732
stgcn,clean,2026,33,rub two hands together,276,0.8829,0.8696
stgcn,clean,2026,34,nod head/bow,276,0.965,0.9565
stgcn,clean,2026,35,shake head,275,0.9418,0.9418
stgcn,clean,2026,36,wipe face,276,0.8321,0.7971
stgcn,clean,2026,37,salute,276,0.9179,0.9203
stgcn,clean,2026,38,put the palms together,276,0.9408,0.9348
stgcn,clean,2026,39,cross hands in front (say stop),276,0.8998,0.9058
stgcn,clean,2026,40,sneeze/cough,276,0.7379,0.7319
stgcn,clean,2026,41,staggering,276,0.9915,0.9819
stgcn,clean,2026,42,falling,275,0.9855,0.9855
stgcn,clean,2026,43,touch head (headache),276,0.7657,0.7935
stgcn,clean,2026,44,touch chest (stomachache/heart pain),276,0.9058,0.9022
stgcn,clean,2026,45,touch back (backache),276,0.9263,0.9275
stgcn,clean,2026,46,touch neck (neckache),276,0.8816,0.8551
stgcn,clean,2026,47,nausea or vomiting condition,275,0.8509,0.8655
stgcn,clean,2026,48,use a fan (with hand or paper)/feeling warm,275,0.9261,0.9273
stgcn,clean,2026,49,punching/slapping other person,274,0.8662,0.8577
stgcn,clean,2026,50,kicking other person,276,0.9167,0.9058
stgcn,clean,2026,51,pushing other person,276,0.971,0.9638
stgcn,clean,2026,52,pat on back of other person,276,0.942,0.9312
stgcn,clean,2026,53,point finger at the other person,276,0.907,0.9094
stgcn,clean,2026,54,hugging other person,274,0.9757,0.9708
stgcn,clean,2026,55,giving something to other person,276,0.9348,0.9275
stgcn,clean,2026,56,touch other person's pocket,275,0.9285,0.92
stgcn,clean,2026,57,handshaking,276,0.9517,0.942
stgcn,clean,2026,58,walking towards each other,273,0.9939,0.9927
stgcn,clean,2026,59,walking apart from each other,276,0.9626,0.9601
stgcn,clean,3407,0,drink water,274,0.8759,0.8723
stgcn,clean,3407,1,eat meal/snack,275,0.7394,0.7455
stgcn,clean,3407,2,brushing teeth,273,0.8584,0.8681
stgcn,clean,3407,3,brushing hair,273,0.9048,0.9011
stgcn,clean,3407,4,drop,275,0.8315,0.8509
stgcn,clean,3407,5,pickup,275,0.9527,0.9564
stgcn,clean,3407,6,throw,275,0.9115,0.9164
stgcn,clean,3407,7,sitting down,273,0.9658,0.9707
stgcn,clean,3407,8,standing up (from sitting position),273,0.9805,0.9927
stgcn,clean,3407,9,clapping,273,0.7827,0.7949
stgcn,clean,3407,10,reading,273,0.6032,0.5897
stgcn,clean,3407,11,writing,272,0.5245,0.5515
stgcn,clean,3407,12,tear up paper,271,0.8954,0.8856
stgcn,clean,3407,13,wear jacket,275,0.983,0.9818
stgcn,clean,3407,14,take off jacket,276,0.9589,0.9601
stgcn,clean,3407,15,wear a shoe,273,0.6545,0.6484
stgcn,clean,3407,16,take off a shoe,274,0.7798,0.7883
stgcn,clean,3407,17,wear on glasses,273,0.906,0.9158
stgcn,clean,3407,18,take off glasses,274,0.9343,0.9197
stgcn,clean,3407,19,put on a hat/cap,272,0.9498,0.9449
stgcn,clean,3407,20,take off a hat/cap,273,0.9731,0.978
stgcn,clean,3407,21,cheer up,274,0.9234,0.9124
stgcn,clean,3407,22,hand waving,274,0.9063,0.9088
stgcn,clean,3407,23,kicking something,276,0.9372,0.9457
stgcn,clean,3407,24,reach into pocket,274,0.8358,0.8321
stgcn,clean,3407,25,hopping (one foot jumping),275,0.9879,0.9891
stgcn,clean,3407,26,jump up,276,0.9964,0.9964
stgcn,clean,3407,27,make a phone call/answer phone,275,0.8679,0.8509
stgcn,clean,3407,28,playing with phone/tablet,275,0.6824,0.6618
stgcn,clean,3407,29,typing on a keyboard,275,0.7515,0.7745
stgcn,clean,3407,30,pointing to something with finger,276,0.7585,0.7609
stgcn,clean,3407,31,taking a selfie,276,0.8925,0.8841
stgcn,clean,3407,32,check time (from watch),276,0.8829,0.8768
stgcn,clean,3407,33,rub two hands together,276,0.8829,0.8768
stgcn,clean,3407,34,nod head/bow,276,0.965,0.9674
stgcn,clean,3407,35,shake head,275,0.9418,0.9418
stgcn,clean,3407,36,wipe face,276,0.8321,0.8841
stgcn,clean,3407,37,salute,276,0.9179,0.9058
stgcn,clean,3407,38,put the palms together,276,0.9408,0.9529
stgcn,clean,3407,39,cross hands in front (say stop),276,0.8998,0.8804
stgcn,clean,3407,40,sneeze/cough,276,0.7379,0.7283
stgcn,clean,3407,41,staggering,276,0.9915,1.0
stgcn,clean,3407,42,falling,275,0.9855,0.9855
stgcn,clean,3407,43,touch head (headache),276,0.7657,0.7572
stgcn,clean,3407,44,touch chest (stomachache/heart pain),276,0.9058,0.9167
stgcn,clean,3407,45,touch back (backache),276,0.9263,0.9239
stgcn,clean,3407,46,touch neck (neckache),276,0.8816,0.8732
stgcn,clean,3407,47,nausea or vomiting condition,275,0.8509,0.8327
stgcn,clean,3407,48,use a fan (with hand or paper)/feeling warm,275,0.9261,0.92
stgcn,clean,3407,49,punching/slapping other person,274,0.8662,0.8686
stgcn,clean,3407,50,kicking other person,276,0.9167,0.9275
stgcn,clean,3407,51,pushing other person,276,0.971,0.971
stgcn,clean,3407,52,pat on back of other person,276,0.942,0.9457
stgcn,clean,3407,53,point finger at the other person,276,0.907,0.8986
stgcn,clean,3407,54,hugging other person,274,0.9757,0.9818
stgcn,clean,3407,55,giving something to other person,276,0.9348,0.9457
stgcn,clean,3407,56,touch other person's pocket,275,0.9285,0.9309
stgcn,clean,3407,57,handshaking,276,0.9517,0.9638
stgcn,clean,3407,58,walking towards each other,273,0.9939,0.9963
stgcn,clean,3407,59,walking apart from each other,276,0.9626,0.9601
stgcn,joint_missing_mild,255,0,drink water,274,0.8759,0.6642
stgcn,joint_missing_mild,255,1,eat meal/snack,275,0.7394,0.5055
stgcn,joint_missing_mild,255,2,brushing teeth,273,0.8584,0.5788
stgcn,joint_missing_mild,255,3,brushing hair,273,0.9048,0.5897
stgcn,joint_missing_mild,255,4,drop,275,0.8315,0.4873
stgcn,joint_missing_mild,255,5,pickup,275,0.9527,0.8945
stgcn,joint_missing_mild,255,6,throw,275,0.9115,0.6873
stgcn,joint_missing_mild,255,7,sitting down,273,0.9658,0.8645
stgcn,joint_missing_mild,255,8,standing up (from sitting position),273,0.9805,0.9414
stgcn,joint_missing_mild,255,9,clapping,273,0.7827,0.5678
stgcn,joint_missing_mild,255,10,reading,273,0.6032,0.5421
stgcn,joint_missing_mild,255,11,writing,272,0.5245,0.4743
stgcn,joint_missing_mild,255,12,tear up paper,271,0.8954,0.679
stgcn,joint_missing_mild,255,13,wear jacket,275,0.983,0.9891
stgcn,joint_missing_mild,255,14,take off jacket,276,0.9589,0.9203
stgcn,joint_missing_mild,255,15,wear a shoe,273,0.6545,0.3883
stgcn,joint_missing_mild,255,16,take off a shoe,274,0.7798,0.5693
stgcn,joint_missing_mild,255,17,wear on glasses,273,0.906,0.7766
stgcn,joint_missing_mild,255,18,take off glasses,274,0.9343,0.8577
stgcn,joint_missing_mild,255,19,put on a hat/cap,272,0.9498,0.8456
stgcn,joint_missing_mild,255,20,take off a hat/cap,273,0.9731,0.9194
stgcn,joint_missing_mild,255,21,cheer up,274,0.9234,0.7445
stgcn,joint_missing_mild,255,22,hand waving,274,0.9063,0.6934
stgcn,joint_missing_mild,255,23,kicking something,276,0.9372,0.5399
stgcn,joint_missing_mild,255,24,reach into pocket,274,0.8358,0.5219
stgcn,joint_missing_mild,255,25,hopping (one foot jumping),275,0.9879,0.8836
stgcn,joint_missing_mild,255,26,jump up,276,0.9964,0.9529
stgcn,joint_missing_mild,255,27,make a phone call/answer phone,275,0.8679,0.4182
stgcn,joint_missing_mild,255,28,playing with phone/tablet,275,0.6824,0.2545
stgcn,joint_missing_mild,255,29,typing on a keyboard,275,0.7515,0.7491
stgcn,joint_missing_mild,255,30,pointing to something with finger,276,0.7585,0.3913
stgcn,joint_missing_mild,255,31,taking a selfie,276,0.8925,0.5942
stgcn,joint_missing_mild,255,32,check time (from watch),276,0.8829,0.5688
stgcn,joint_missing_mild,255,33,rub two hands together,276,0.8829,0.7681
stgcn,joint_missing_mild,255,34,nod head/bow,276,0.965,0.8659
stgcn,joint_missing_mild,255,35,shake head,275,0.9418,0.5855
stgcn,joint_missing_mild,255,36,wipe face,276,0.8321,0.558
stgcn,joint_missing_mild,255,37,salute,276,0.9179,0.6522
stgcn,joint_missing_mild,255,38,put the palms together,276,0.9408,0.4601
stgcn,joint_missing_mild,255,39,cross hands in front (say stop),276,0.8998,0.9565
stgcn,joint_missing_mild,255,40,sneeze/cough,276,0.7379,0.3623
stgcn,joint_missing_mild,255,41,staggering,276,0.9915,0.4529
stgcn,joint_missing_mild,255,42,falling,275,0.9855,0.92
stgcn,joint_missing_mild,255,43,touch head (headache),276,0.7657,0.4312
stgcn,joint_missing_mild,255,44,touch chest (stomachache/heart pain),276,0.9058,0.7464
stgcn,joint_missing_mild,255,45,touch back (backache),276,0.9263,0.6884
stgcn,joint_missing_mild,255,46,touch neck (neckache),276,0.8816,0.4964
stgcn,joint_missing_mild,255,47,nausea or vomiting condition,275,0.8509,0.7855
stgcn,joint_missing_mild,255,48,use a fan (with hand or paper)/feeling warm,275,0.9261,0.9527
stgcn,joint_missing_mild,255,49,punching/slapping other person,274,0.8662,0.5292
stgcn,joint_missing_mild,255,50,kicking other person,276,0.9167,0.3333
stgcn,joint_missing_mild,255,51,pushing other person,276,0.971,0.6196
stgcn,joint_missing_mild,255,52,pat on back of other person,276,0.942,0.4964
stgcn,joint_missing_mild,255,53,point finger at the other person,276,0.907,0.5326
stgcn,joint_missing_mild,255,54,hugging other person,274,0.9757,0.8467
stgcn,joint_missing_mild,255,55,giving something to other person,276,0.9348,0.721
stgcn,joint_missing_mild,255,56,touch other person's pocket,275,0.9285,0.7382
stgcn,joint_missing_mild,255,57,handshaking,276,0.9517,0.6739
stgcn,joint_missing_mild,255,58,walking towards each other,273,0.9939,0.1905
stgcn,joint_missing_mild,255,59,walking apart from each other,276,0.9626,0.9384
stgcn,joint_missing_mild,2026,0,drink water,274,0.8759,0.7701
stgcn,joint_missing_mild,2026,1,eat meal/snack,275,0.7394,0.5018
stgcn,joint_missing_mild,2026,2,brushing teeth,273,0.8584,0.293
stgcn,joint_missing_mild,2026,3,brushing hair,273,0.9048,0.6703
stgcn,joint_missing_mild,2026,4,drop,275,0.8315,0.5055
stgcn,joint_missing_mild,2026,5,pickup,275,0.9527,0.8873
stgcn,joint_missing_mild,2026,6,throw,275,0.9115,0.68
stgcn,joint_missing_mild,2026,7,sitting down,273,0.9658,0.9267
stgcn,joint_missing_mild,2026,8,standing up (from sitting position),273,0.9805,0.9084
stgcn,joint_missing_mild,2026,9,clapping,273,0.7827,0.6777
stgcn,joint_missing_mild,2026,10,reading,273,0.6032,0.293
stgcn,joint_missing_mild,2026,11,writing,272,0.5245,0.3493
stgcn,joint_missing_mild,2026,12,tear up paper,271,0.8954,0.6273
stgcn,joint_missing_mild,2026,13,wear jacket,275,0.983,0.9745
stgcn,joint_missing_mild,2026,14,take off jacket,276,0.9589,0.9275
stgcn,joint_missing_mild,2026,15,wear a shoe,273,0.6545,0.5201
stgcn,joint_missing_mild,2026,16,take off a shoe,274,0.7798,0.5474
stgcn,joint_missing_mild,2026,17,wear on glasses,273,0.906,0.685
stgcn,joint_missing_mild,2026,18,take off glasses,274,0.9343,0.7263
stgcn,joint_missing_mild,2026,19,put on a hat/cap,272,0.9498,0.8088
stgcn,joint_missing_mild,2026,20,take off a hat/cap,273,0.9731,0.8828
stgcn,joint_missing_mild,2026,21,cheer up,274,0.9234,0.6788
stgcn,joint_missing_mild,2026,22,hand waving,274,0.9063,0.646
stgcn,joint_missing_mild,2026,23,kicking something,276,0.9372,0.2681
stgcn,joint_missing_mild,2026,24,reach into pocket,274,0.8358,0.3394
stgcn,joint_missing_mild,2026,25,hopping (one foot jumping),275,0.9879,0.8873
stgcn,joint_missing_mild,2026,26,jump up,276,0.9964,0.9565
stgcn,joint_missing_mild,2026,27,make a phone call/answer phone,275,0.8679,0.2255
stgcn,joint_missing_mild,2026,28,playing with phone/tablet,275,0.6824,0.4473
stgcn,joint_missing_mild,2026,29,typing on a keyboard,275,0.7515,0.7527
stgcn,joint_missing_mild,2026,30,pointing to something with finger,276,0.7585,0.3913
stgcn,joint_missing_mild,2026,31,taking a selfie,276,0.8925,0.6449
stgcn,joint_missing_mild,2026,32,check time (from watch),276,0.8829,0.7355
stgcn,joint_missing_mild,2026,33,rub two hands together,276,0.8829,0.5652
stgcn,joint_missing_mild,2026,34,nod head/bow,276,0.965,0.808
stgcn,joint_missing_mild,2026,35,shake head,275,0.9418,0.4073
stgcn,joint_missing_mild,2026,36,wipe face,276,0.8321,0.5145
stgcn,joint_missing_mild,2026,37,salute,276,0.9179,0.5036
stgcn,joint_missing_mild,2026,38,put the palms together,276,0.9408,0.4312
stgcn,joint_missing_mild,2026,39,cross hands in front (say stop),276,0.8998,0.8696
stgcn,joint_missing_mild,2026,40,sneeze/cough,276,0.7379,0.4058
stgcn,joint_missing_mild,2026,41,staggering,276,0.9915,0.1812
stgcn,joint_missing_mild,2026,42,falling,275,0.9855,0.5782
stgcn,joint_missing_mild,2026,43,touch head (headache),276,0.7657,0.4457
stgcn,joint_missing_mild,2026,44,touch chest (stomachache/heart pain),276,0.9058,0.6486
stgcn,joint_missing_mild,2026,45,touch back (backache),276,0.9263,0.5942
stgcn,joint_missing_mild,2026,46,touch neck (neckache),276,0.8816,0.2283
stgcn,joint_missing_mild,2026,47,nausea or vomiting condition,275,0.8509,0.8509
stgcn,joint_missing_mild,2026,48,use a fan (with hand or paper)/feeling warm,275,0.9261,0.8655
stgcn,joint_missing_mild,2026,49,punching/slapping other person,274,0.8662,0.4526
stgcn,joint_missing_mild,2026,50,kicking other person,276,0.9167,0.058
stgcn,joint_missing_mild,2026,51,pushing other person,276,0.971,0.5399
stgcn,joint_missing_mild,2026,52,pat on back of other person,276,0.942,0.5942
stgcn,joint_missing_mild,2026,53,point finger at the other person,276,0.907,0.2609
stgcn,joint_missing_mild,2026,54,hugging other person,274,0.9757,0.7993
stgcn,joint_missing_mild,2026,55,giving something to other person,276,0.9348,0.5217
stgcn,joint_missing_mild,2026,56,touch other person's pocket,275,0.9285,0.2509
stgcn,joint_missing_mild,2026,57,handshaking,276,0.9517,0.1775
stgcn,joint_missing_mild,2026,58,walking towards each other,273,0.9939,0.2857
stgcn,joint_missing_mild,2026,59,walking apart from each other,276,0.9626,0.8659
stgcn,joint_missing_mild,3407,0,drink water,274,0.8759,0.6898
stgcn,joint_missing_mild,3407,1,eat meal/snack,275,0.7394,0.5636
stgcn,joint_missing_mild,3407,2,brushing teeth,273,0.8584,0.4469
stgcn,joint_missing_mild,3407,3,brushing hair,273,0.9048,0.6337
stgcn,joint_missing_mild,3407,4,drop,275,0.8315,0.3673
stgcn,joint_missing_mild,3407,5,pickup,275,0.9527,0.8
stgcn,joint_missing_mild,3407,6,throw,275,0.9115,0.6727
stgcn,joint_missing_mild,3407,7,sitting down,273,0.9658,0.8681
stgcn,joint_missing_mild,3407,8,standing up (from sitting position),273,0.9805,0.9634
stgcn,joint_missing_mild,3407,9,clapping,273,0.7827,0.4615
stgcn,joint_missing_mild,3407,10,reading,273,0.6032,0.2198
stgcn,joint_missing_mild,3407,11,writing,272,0.5245,0.3051
stgcn,joint_missing_mild,3407,12,tear up paper,271,0.8954,0.6347
stgcn,joint_missing_mild,3407,13,wear jacket,275,0.983,0.9855
stgcn,joint_missing_mild,3407,14,take off jacket,276,0.9589,0.8877
stgcn,joint_missing_mild,3407,15,wear a shoe,273,0.6545,0.5421
stgcn,joint_missing_mild,3407,16,take off a shoe,274,0.7798,0.4635
stgcn,joint_missing_mild,3407,17,wear on glasses,273,0.906,0.7216
stgcn,joint_missing_mild,3407,18,take off glasses,274,0.9343,0.6533
stgcn,joint_missing_mild,3407,19,put on a hat/cap,272,0.9498,0.8088
stgcn,joint_missing_mild,3407,20,take off a hat/cap,273,0.9731,0.8352
stgcn,joint_missing_mild,3407,21,cheer up,274,0.9234,0.708
stgcn,joint_missing_mild,3407,22,hand waving,274,0.9063,0.6971
stgcn,joint_missing_mild,3407,23,kicking something,276,0.9372,0.558
stgcn,joint_missing_mild,3407,24,reach into pocket,274,0.8358,0.5255
stgcn,joint_missing_mild,3407,25,hopping (one foot jumping),275,0.9879,0.8255
stgcn,joint_missing_mild,3407,26,jump up,276,0.9964,0.971
stgcn,joint_missing_mild,3407,27,make a phone call/answer phone,275,0.8679,0.2982
stgcn,joint_missing_mild,3407,28,playing with phone/tablet,275,0.6824,0.2982
stgcn,joint_missing_mild,3407,29,typing on a keyboard,275,0.7515,0.8436
stgcn,joint_missing_mild,3407,30,pointing to something with finger,276,0.7585,0.5181
stgcn,joint_missing_mild,3407,31,taking a selfie,276,0.8925,0.6196
stgcn,joint_missing_mild,3407,32,check time (from watch),276,0.8829,0.7572
stgcn,joint_missing_mild,3407,33,rub two hands together,276,0.8829,0.6232
stgcn,joint_missing_mild,3407,34,nod head/bow,276,0.965,0.8551
stgcn,joint_missing_mild,3407,35,shake head,275,0.9418,0.7855
stgcn,joint_missing_mild,3407,36,wipe face,276,0.8321,0.3406
stgcn,joint_missing_mild,3407,37,salute,276,0.9179,0.5036
stgcn,joint_missing_mild,3407,38,put the palms together,276,0.9408,0.5978
stgcn,joint_missing_mild,3407,39,cross hands in front (say stop),276,0.8998,0.9167
stgcn,joint_missing_mild,3407,40,sneeze/cough,276,0.7379,0.3696
stgcn,joint_missing_mild,3407,41,staggering,276,0.9915,0.3442
stgcn,joint_missing_mild,3407,42,falling,275,0.9855,0.7891
stgcn,joint_missing_mild,3407,43,touch head (headache),276,0.7657,0.2355
stgcn,joint_missing_mild,3407,44,touch chest (stomachache/heart pain),276,0.9058,0.692
stgcn,joint_missing_mild,3407,45,touch back (backache),276,0.9263,0.5906
stgcn,joint_missing_mild,3407,46,touch neck (neckache),276,0.8816,0.5
stgcn,joint_missing_mild,3407,47,nausea or vomiting condition,275,0.8509,0.7709
stgcn,joint_missing_mild,3407,48,use a fan (with hand or paper)/feeling warm,275,0.9261,0.9527
stgcn,joint_missing_mild,3407,49,punching/slapping other person,274,0.8662,0.719
stgcn,joint_missing_mild,3407,50,kicking other person,276,0.9167,0.3623
stgcn,joint_missing_mild,3407,51,pushing other person,276,0.971,0.5254
stgcn,joint_missing_mild,3407,52,pat on back of other person,276,0.942,0.6159
stgcn,joint_missing_mild,3407,53,point finger at the other person,276,0.907,0.6051
stgcn,joint_missing_mild,3407,54,hugging other person,274,0.9757,0.8613
stgcn,joint_missing_mild,3407,55,giving something to other person,276,0.9348,0.5652
stgcn,joint_missing_mild,3407,56,touch other person's pocket,275,0.9285,0.6327
stgcn,joint_missing_mild,3407,57,handshaking,276,0.9517,0.5109
stgcn,joint_missing_mild,3407,58,walking towards each other,273,0.9939,0.5055
stgcn,joint_missing_mild,3407,59,walking apart from each other,276,0.9626,0.9819
stgcn,limb_occlusion_mild,255,0,drink water,274,0.8759,0.7299
stgcn,limb_occlusion_mild,255,1,eat meal/snack,275,0.7394,0.6364
stgcn,limb_occlusion_mild,255,2,brushing teeth,273,0.8584,0.652
stgcn,limb_occlusion_mild,255,3,brushing hair,273,0.9048,0.8095
stgcn,limb_occlusion_mild,255,4,drop,275,0.8315,0.7345
stgcn,limb_occlusion_mild,255,5,pickup,275,0.9527,0.8655
stgcn,limb_occlusion_mild,255,6,throw,275,0.9115,0.7636
stgcn,limb_occlusion_mild,255,7,sitting down,273,0.9658,0.8608
stgcn,limb_occlusion_mild,255,8,standing up (from sitting position),273,0.9805,0.8205
stgcn,limb_occlusion_mild,255,9,clapping,273,0.7827,0.6667
stgcn,limb_occlusion_mild,255,10,reading,273,0.6032,0.5128
stgcn,limb_occlusion_mild,255,11,writing,272,0.5245,0.4485
stgcn,limb_occlusion_mild,255,12,tear up paper,271,0.8954,0.8266
stgcn,limb_occlusion_mild,255,13,wear jacket,275,0.983,0.9636
stgcn,limb_occlusion_mild,255,14,take off jacket,276,0.9589,0.8804
stgcn,limb_occlusion_mild,255,15,wear a shoe,273,0.6545,0.5201
stgcn,limb_occlusion_mild,255,16,take off a shoe,274,0.7798,0.6825
stgcn,limb_occlusion_mild,255,17,wear on glasses,273,0.906,0.8168
stgcn,limb_occlusion_mild,255,18,take off glasses,274,0.9343,0.8321
stgcn,limb_occlusion_mild,255,19,put on a hat/cap,272,0.9498,0.7757
stgcn,limb_occlusion_mild,255,20,take off a hat/cap,273,0.9731,0.7802
stgcn,limb_occlusion_mild,255,21,cheer up,274,0.9234,0.854
stgcn,limb_occlusion_mild,255,22,hand waving,274,0.9063,0.7701
stgcn,limb_occlusion_mild,255,23,kicking something,276,0.9372,0.8659
stgcn,limb_occlusion_mild,255,24,reach into pocket,274,0.8358,0.7409
stgcn,limb_occlusion_mild,255,25,hopping (one foot jumping),275,0.9879,0.9527
stgcn,limb_occlusion_mild,255,26,jump up,276,0.9964,0.9601
stgcn,limb_occlusion_mild,255,27,make a phone call/answer phone,275,0.8679,0.7236
stgcn,limb_occlusion_mild,255,28,playing with phone/tablet,275,0.6824,0.5927
stgcn,limb_occlusion_mild,255,29,typing on a keyboard,275,0.7515,0.6218
stgcn,limb_occlusion_mild,255,30,pointing to something with finger,276,0.7585,0.6014
stgcn,limb_occlusion_mild,255,31,taking a selfie,276,0.8925,0.7355
stgcn,limb_occlusion_mild,255,32,check time (from watch),276,0.8829,0.6884
stgcn,limb_occlusion_mild,255,33,rub two hands together,276,0.8829,0.7971
stgcn,limb_occlusion_mild,255,34,nod head/bow,276,0.965,0.8406
stgcn,limb_occlusion_mild,255,35,shake head,275,0.9418,0.8255
stgcn,limb_occlusion_mild,255,36,wipe face,276,0.8321,0.6232
stgcn,limb_occlusion_mild,255,37,salute,276,0.9179,0.7246
stgcn,limb_occlusion_mild,255,38,put the palms together,276,0.9408,0.7899
stgcn,limb_occlusion_mild,255,39,cross hands in front (say stop),276,0.8998,0.7681
stgcn,limb_occlusion_mild,255,40,sneeze/cough,276,0.7379,0.5435
stgcn,limb_occlusion_mild,255,41,staggering,276,0.9915,0.9529
stgcn,limb_occlusion_mild,255,42,falling,275,0.9855,0.9709
stgcn,limb_occlusion_mild,255,43,touch head (headache),276,0.7657,0.6051
stgcn,limb_occlusion_mild,255,44,touch chest (stomachache/heart pain),276,0.9058,0.8007
stgcn,limb_occlusion_mild,255,45,touch back (backache),276,0.9263,0.8623
stgcn,limb_occlusion_mild,255,46,touch neck (neckache),276,0.8816,0.808
stgcn,limb_occlusion_mild,255,47,nausea or vomiting condition,275,0.8509,0.6836
stgcn,limb_occlusion_mild,255,48,use a fan (with hand or paper)/feeling warm,275,0.9261,0.7927
stgcn,limb_occlusion_mild,255,49,punching/slapping other person,274,0.8662,0.7336
stgcn,limb_occlusion_mild,255,50,kicking other person,276,0.9167,0.7935
stgcn,limb_occlusion_mild,255,51,pushing other person,276,0.971,0.9384
stgcn,limb_occlusion_mild,255,52,pat on back of other person,276,0.942,0.8659
stgcn,limb_occlusion_mild,255,53,point finger at the other person,276,0.907,0.663
stgcn,limb_occlusion_mild,255,54,hugging other person,274,0.9757,0.8942
stgcn,limb_occlusion_mild,255,55,giving something to other person,276,0.9348,0.8225
stgcn,limb_occlusion_mild,255,56,touch other person's pocket,275,0.9285,0.8655
stgcn,limb_occlusion_mild,255,57,handshaking,276,0.9517,0.8043
stgcn,limb_occlusion_mild,255,58,walking towards each other,273,0.9939,0.9487
stgcn,limb_occlusion_mild,255,59,walking apart from each other,276,0.9626,0.971
stgcn,limb_occlusion_mild,2026,0,drink water,274,0.8759,0.7044
stgcn,limb_occlusion_mild,2026,1,eat meal/snack,275,0.7394,0.5745
stgcn,limb_occlusion_mild,2026,2,brushing teeth,273,0.8584,0.6777
stgcn,limb_occlusion_mild,2026,3,brushing hair,273,0.9048,0.7912
stgcn,limb_occlusion_mild,2026,4,drop,275,0.8315,0.7491
stgcn,limb_occlusion_mild,2026,5,pickup,275,0.9527,0.8364
stgcn,limb_occlusion_mild,2026,6,throw,275,0.9115,0.8145
stgcn,limb_occlusion_mild,2026,7,sitting down,273,0.9658,0.8681
stgcn,limb_occlusion_mild,2026,8,standing up (from sitting position),273,0.9805,0.8315
stgcn,limb_occlusion_mild,2026,9,clapping,273,0.7827,0.6703
stgcn,limb_occlusion_mild,2026,10,reading,273,0.6032,0.5092
stgcn,limb_occlusion_mild,2026,11,writing,272,0.5245,0.5184
stgcn,limb_occlusion_mild,2026,12,tear up paper,271,0.8954,0.8081
stgcn,limb_occlusion_mild,2026,13,wear jacket,275,0.983,0.9491
stgcn,limb_occlusion_mild,2026,14,take off jacket,276,0.9589,0.9022
stgcn,limb_occlusion_mild,2026,15,wear a shoe,273,0.6545,0.5311
stgcn,limb_occlusion_mild,2026,16,take off a shoe,274,0.7798,0.6679
stgcn,limb_occlusion_mild,2026,17,wear on glasses,273,0.906,0.7985
stgcn,limb_occlusion_mild,2026,18,take off glasses,274,0.9343,0.8285
stgcn,limb_occlusion_mild,2026,19,put on a hat/cap,272,0.9498,0.7868
stgcn,limb_occlusion_mild,2026,20,take off a hat/cap,273,0.9731,0.8022
stgcn,limb_occlusion_mild,2026,21,cheer up,274,0.9234,0.8686
stgcn,limb_occlusion_mild,2026,22,hand waving,274,0.9063,0.7482
stgcn,limb_occlusion_mild,2026,23,kicking something,276,0.9372,0.8188
stgcn,limb_occlusion_mild,2026,24,reach into pocket,274,0.8358,0.7153
stgcn,limb_occlusion_mild,2026,25,hopping (one foot jumping),275,0.9879,0.9491
stgcn,limb_occlusion_mild,2026,26,jump up,276,0.9964,0.913
stgcn,limb_occlusion_mild,2026,27,make a phone call/answer phone,275,0.8679,0.7164
stgcn,limb_occlusion_mild,2026,28,playing with phone/tablet,275,0.6824,0.5927
stgcn,limb_occlusion_mild,2026,29,typing on a keyboard,275,0.7515,0.5891
stgcn,limb_occlusion_mild,2026,30,pointing to something with finger,276,0.7585,0.5761
stgcn,limb_occlusion_mild,2026,31,taking a selfie,276,0.8925,0.7428
stgcn,limb_occlusion_mild,2026,32,check time (from watch),276,0.8829,0.6812
stgcn,limb_occlusion_mild,2026,33,rub two hands together,276,0.8829,0.7464
stgcn,limb_occlusion_mild,2026,34,nod head/bow,276,0.965,0.7826
stgcn,limb_occlusion_mild,2026,35,shake head,275,0.9418,0.7709
stgcn,limb_occlusion_mild,2026,36,wipe face,276,0.8321,0.6268
stgcn,limb_occlusion_mild,2026,37,salute,276,0.9179,0.7246
stgcn,limb_occlusion_mild,2026,38,put the palms together,276,0.9408,0.8188
stgcn,limb_occlusion_mild,2026,39,cross hands in front (say stop),276,0.8998,0.7754
stgcn,limb_occlusion_mild,2026,40,sneeze/cough,276,0.7379,0.5326
stgcn,limb_occlusion_mild,2026,41,staggering,276,0.9915,0.9348
stgcn,limb_occlusion_mild,2026,42,falling,275,0.9855,0.9709
stgcn,limb_occlusion_mild,2026,43,touch head (headache),276,0.7657,0.6413
stgcn,limb_occlusion_mild,2026,44,touch chest (stomachache/heart pain),276,0.9058,0.7935
stgcn,limb_occlusion_mild,2026,45,touch back (backache),276,0.9263,0.7971
stgcn,limb_occlusion_mild,2026,46,touch neck (neckache),276,0.8816,0.7572
stgcn,limb_occlusion_mild,2026,47,nausea or vomiting condition,275,0.8509,0.7127
stgcn,limb_occlusion_mild,2026,48,use a fan (with hand or paper)/feeling warm,275,0.9261,0.8036
stgcn,limb_occlusion_mild,2026,49,punching/slapping other person,274,0.8662,0.7409
stgcn,limb_occlusion_mild,2026,50,kicking other person,276,0.9167,0.7464
stgcn,limb_occlusion_mild,2026,51,pushing other person,276,0.971,0.8768
stgcn,limb_occlusion_mild,2026,52,pat on back of other person,276,0.942,0.8913
stgcn,limb_occlusion_mild,2026,53,point finger at the other person,276,0.907,0.6775
stgcn,limb_occlusion_mild,2026,54,hugging other person,274,0.9757,0.9088
stgcn,limb_occlusion_mild,2026,55,giving something to other person,276,0.9348,0.837
stgcn,limb_occlusion_mild,2026,56,touch other person's pocket,275,0.9285,0.8436
stgcn,limb_occlusion_mild,2026,57,handshaking,276,0.9517,0.7754
stgcn,limb_occlusion_mild,2026,58,walking towards each other,273,0.9939,0.9597
stgcn,limb_occlusion_mild,2026,59,walking apart from each other,276,0.9626,0.9601
stgcn,limb_occlusion_mild,3407,0,drink water,274,0.8759,0.7263
stgcn,limb_occlusion_mild,3407,1,eat meal/snack,275,0.7394,0.5745
stgcn,limb_occlusion_mild,3407,2,brushing teeth,273,0.8584,0.6484
stgcn,limb_occlusion_mild,3407,3,brushing hair,273,0.9048,0.7912
stgcn,limb_occlusion_mild,3407,4,drop,275,0.8315,0.7345
stgcn,limb_occlusion_mild,3407,5,pickup,275,0.9527,0.8509
stgcn,limb_occlusion_mild,3407,6,throw,275,0.9115,0.7927
stgcn,limb_occlusion_mild,3407,7,sitting down,273,0.9658,0.8498
stgcn,limb_occlusion_mild,3407,8,standing up (from sitting position),273,0.9805,0.8168
stgcn,limb_occlusion_mild,3407,9,clapping,273,0.7827,0.6593
stgcn,limb_occlusion_mild,3407,10,reading,273,0.6032,0.5201
stgcn,limb_occlusion_mild,3407,11,writing,272,0.5245,0.5294
stgcn,limb_occlusion_mild,3407,12,tear up paper,271,0.8954,0.7786
stgcn,limb_occlusion_mild,3407,13,wear jacket,275,0.983,0.9345
stgcn,limb_occlusion_mild,3407,14,take off jacket,276,0.9589,0.8949
stgcn,limb_occlusion_mild,3407,15,wear a shoe,273,0.6545,0.5201
stgcn,limb_occlusion_mild,3407,16,take off a shoe,274,0.7798,0.6971
stgcn,limb_occlusion_mild,3407,17,wear on glasses,273,0.906,0.7949
stgcn,limb_occlusion_mild,3407,18,take off glasses,274,0.9343,0.8212
stgcn,limb_occlusion_mild,3407,19,put on a hat/cap,272,0.9498,0.8125
stgcn,limb_occlusion_mild,3407,20,take off a hat/cap,273,0.9731,0.8278
stgcn,limb_occlusion_mild,3407,21,cheer up,274,0.9234,0.8577
stgcn,limb_occlusion_mild,3407,22,hand waving,274,0.9063,0.7737
stgcn,limb_occlusion_mild,3407,23,kicking something,276,0.9372,0.8696
stgcn,limb_occlusion_mild,3407,24,reach into pocket,274,0.8358,0.7153
stgcn,limb_occlusion_mild,3407,25,hopping (one foot jumping),275,0.9879,0.9055
stgcn,limb_occlusion_mild,3407,26,jump up,276,0.9964,0.8442
stgcn,limb_occlusion_mild,3407,27,make a phone call/answer phone,275,0.8679,0.6945
stgcn,limb_occlusion_mild,3407,28,playing with phone/tablet,275,0.6824,0.5891
stgcn,limb_occlusion_mild,3407,29,typing on a keyboard,275,0.7515,0.5709
stgcn,limb_occlusion_mild,3407,30,pointing to something with finger,276,0.7585,0.5978
stgcn,limb_occlusion_mild,3407,31,taking a selfie,276,0.8925,0.7319
stgcn,limb_occlusion_mild,3407,32,check time (from watch),276,0.8829,0.6812
stgcn,limb_occlusion_mild,3407,33,rub two hands together,276,0.8829,0.7464
stgcn,limb_occlusion_mild,3407,34,nod head/bow,276,0.965,0.779
stgcn,limb_occlusion_mild,3407,35,shake head,275,0.9418,0.7818
stgcn,limb_occlusion_mild,3407,36,wipe face,276,0.8321,0.6993
stgcn,limb_occlusion_mild,3407,37,salute,276,0.9179,0.7464
stgcn,limb_occlusion_mild,3407,38,put the palms together,276,0.9408,0.8333
stgcn,limb_occlusion_mild,3407,39,cross hands in front (say stop),276,0.8998,0.7391
stgcn,limb_occlusion_mild,3407,40,sneeze/cough,276,0.7379,0.5217
stgcn,limb_occlusion_mild,3407,41,staggering,276,0.9915,0.9384
stgcn,limb_occlusion_mild,3407,42,falling,275,0.9855,0.9527
stgcn,limb_occlusion_mild,3407,43,touch head (headache),276,0.7657,0.6232
stgcn,limb_occlusion_mild,3407,44,touch chest (stomachache/heart pain),276,0.9058,0.7971
stgcn,limb_occlusion_mild,3407,45,touch back (backache),276,0.9263,0.8514
stgcn,limb_occlusion_mild,3407,46,touch neck (neckache),276,0.8816,0.7754
stgcn,limb_occlusion_mild,3407,47,nausea or vomiting condition,275,0.8509,0.6618
stgcn,limb_occlusion_mild,3407,48,use a fan (with hand or paper)/feeling warm,275,0.9261,0.8036
stgcn,limb_occlusion_mild,3407,49,punching/slapping other person,274,0.8662,0.7044
stgcn,limb_occlusion_mild,3407,50,kicking other person,276,0.9167,0.8406
stgcn,limb_occlusion_mild,3407,51,pushing other person,276,0.971,0.913
stgcn,limb_occlusion_mild,3407,52,pat on back of other person,276,0.942,0.8297
stgcn,limb_occlusion_mild,3407,53,point finger at the other person,276,0.907,0.7138
stgcn,limb_occlusion_mild,3407,54,hugging other person,274,0.9757,0.9343
stgcn,limb_occlusion_mild,3407,55,giving something to other person,276,0.9348,0.8696
stgcn,limb_occlusion_mild,3407,56,touch other person's pocket,275,0.9285,0.8764
stgcn,limb_occlusion_mild,3407,57,handshaking,276,0.9517,0.8152
stgcn,limb_occlusion_mild,3407,58,walking towards each other,273,0.9939,0.9817
stgcn,limb_occlusion_mild,3407,59,walking apart from each other,276,0.9626,0.9674
stgcn,coord_noise_mild,255,0,drink water,274,0.8759,0.5803
stgcn,coord_noise_mild,255,1,eat meal/snack,275,0.7394,0.5091
stgcn,coord_noise_mild,255,2,brushing teeth,273,0.8584,0.619
stgcn,coord_noise_mild,255,3,brushing hair,273,0.9048,0.5275
stgcn,coord_noise_mild,255,4,drop,275,0.8315,0.5455
stgcn,coord_noise_mild,255,5,pickup,275,0.9527,0.92
stgcn,coord_noise_mild,255,6,throw,275,0.9115,0.7382
stgcn,coord_noise_mild,255,7,sitting down,273,0.9658,0.9231
stgcn,coord_noise_mild,255,8,standing up (from sitting position),273,0.9805,0.956
stgcn,coord_noise_mild,255,9,clapping,273,0.7827,0.7143
stgcn,coord_noise_mild,255,10,reading,273,0.6032,0.2821
stgcn,coord_noise_mild,255,11,writing,272,0.5245,0.6581
stgcn,coord_noise_mild,255,12,tear up paper,271,0.8954,0.5904
stgcn,coord_noise_mild,255,13,wear jacket,275,0.983,0.9855
stgcn,coord_noise_mild,255,14,take off jacket,276,0.9589,0.9203
stgcn,coord_noise_mild,255,15,wear a shoe,273,0.6545,0.5385
stgcn,coord_noise_mild,255,16,take off a shoe,274,0.7798,0.6277
stgcn,coord_noise_mild,255,17,wear on glasses,273,0.906,0.8425
stgcn,coord_noise_mild,255,18,take off glasses,274,0.9343,0.8431
stgcn,coord_noise_mild,255,19,put on a hat/cap,272,0.9498,0.7353
stgcn,coord_noise_mild,255,20,take off a hat/cap,273,0.9731,0.7729
stgcn,coord_noise_mild,255,21,cheer up,274,0.9234,0.7883
stgcn,coord_noise_mild,255,22,hand waving,274,0.9063,0.7664
stgcn,coord_noise_mild,255,23,kicking something,276,0.9372,0.8007
stgcn,coord_noise_mild,255,24,reach into pocket,274,0.8358,0.6058
stgcn,coord_noise_mild,255,25,hopping (one foot jumping),275,0.9879,0.88
stgcn,coord_noise_mild,255,26,jump up,276,0.9964,0.9855
stgcn,coord_noise_mild,255,27,make a phone call/answer phone,275,0.8679,0.4036
stgcn,coord_noise_mild,255,28,playing with phone/tablet,275,0.6824,0.0873
stgcn,coord_noise_mild,255,29,typing on a keyboard,275,0.7515,0.6509
stgcn,coord_noise_mild,255,30,pointing to something with finger,276,0.7585,0.5978
stgcn,coord_noise_mild,255,31,taking a selfie,276,0.8925,0.7319
stgcn,coord_noise_mild,255,32,check time (from watch),276,0.8829,0.6739
stgcn,coord_noise_mild,255,33,rub two hands together,276,0.8829,0.5145
stgcn,coord_noise_mild,255,34,nod head/bow,276,0.965,0.8949
stgcn,coord_noise_mild,255,35,shake head,275,0.9418,0.3855
stgcn,coord_noise_mild,255,36,wipe face,276,0.8321,0.1558
stgcn,coord_noise_mild,255,37,salute,276,0.9179,0.7174
stgcn,coord_noise_mild,255,38,put the palms together,276,0.9408,0.279
stgcn,coord_noise_mild,255,39,cross hands in front (say stop),276,0.8998,0.9348
stgcn,coord_noise_mild,255,40,sneeze/cough,276,0.7379,0.471
stgcn,coord_noise_mild,255,41,staggering,276,0.9915,0.8225
stgcn,coord_noise_mild,255,42,falling,275,0.9855,0.9745
stgcn,coord_noise_mild,255,43,touch head (headache),276,0.7657,0.3406
stgcn,coord_noise_mild,255,44,touch chest (stomachache/heart pain),276,0.9058,0.6268
stgcn,coord_noise_mild,255,45,touch back (backache),276,0.9263,0.6123
stgcn,coord_noise_mild,255,46,touch neck (neckache),276,0.8816,0.4855
stgcn,coord_noise_mild,255,47,nausea or vomiting condition,275,0.8509,0.8109
stgcn,coord_noise_mild,255,48,use a fan (with hand or paper)/feeling warm,275,0.9261,0.9418
stgcn,coord_noise_mild,255,49,punching/slapping other person,274,0.8662,0.6861
stgcn,coord_noise_mild,255,50,kicking other person,276,0.9167,0.5435
stgcn,coord_noise_mild,255,51,pushing other person,276,0.971,0.6594
stgcn,coord_noise_mild,255,52,pat on back of other person,276,0.942,0.6775
stgcn,coord_noise_mild,255,53,point finger at the other person,276,0.907,0.9058
stgcn,coord_noise_mild,255,54,hugging other person,274,0.9757,0.8613
stgcn,coord_noise_mild,255,55,giving something to other person,276,0.9348,0.7935
stgcn,coord_noise_mild,255,56,touch other person's pocket,275,0.9285,0.8473
stgcn,coord_noise_mild,255,57,handshaking,276,0.9517,0.8261
stgcn,coord_noise_mild,255,58,walking towards each other,273,0.9939,0.9414
stgcn,coord_noise_mild,255,59,walking apart from each other,276,0.9626,0.942
stgcn,coord_noise_mild,2026,0,drink water,274,0.8759,0.5219
stgcn,coord_noise_mild,2026,1,eat meal/snack,275,0.7394,0.4509
stgcn,coord_noise_mild,2026,2,brushing teeth,273,0.8584,0.4799
stgcn,coord_noise_mild,2026,3,brushing hair,273,0.9048,0.4652
stgcn,coord_noise_mild,2026,4,drop,275,0.8315,0.5818
stgcn,coord_noise_mild,2026,5,pickup,275,0.9527,0.9455
stgcn,coord_noise_mild,2026,6,throw,275,0.9115,0.7636
stgcn,coord_noise_mild,2026,7,sitting down,273,0.9658,0.956
stgcn,coord_noise_mild,2026,8,standing up (from sitting position),273,0.9805,0.9597
stgcn,coord_noise_mild,2026,9,clapping,273,0.7827,0.7106
stgcn,coord_noise_mild,2026,10,reading,273,0.6032,0.1282
stgcn,coord_noise_mild,2026,11,writing,272,0.5245,0.5
stgcn,coord_noise_mild,2026,12,tear up paper,271,0.8954,0.4207
stgcn,coord_noise_mild,2026,13,wear jacket,275,0.983,0.9673
stgcn,coord_noise_mild,2026,14,take off jacket,276,0.9589,0.9384
stgcn,coord_noise_mild,2026,15,wear a shoe,273,0.6545,0.5201
stgcn,coord_noise_mild,2026,16,take off a shoe,274,0.7798,0.5328
stgcn,coord_noise_mild,2026,17,wear on glasses,273,0.906,0.707
stgcn,coord_noise_mild,2026,18,take off glasses,274,0.9343,0.7518
stgcn,coord_noise_mild,2026,19,put on a hat/cap,272,0.9498,0.7941
stgcn,coord_noise_mild,2026,20,take off a hat/cap,273,0.9731,0.8278
stgcn,coord_noise_mild,2026,21,cheer up,274,0.9234,0.7956
stgcn,coord_noise_mild,2026,22,hand waving,274,0.9063,0.6825
stgcn,coord_noise_mild,2026,23,kicking something,276,0.9372,0.4746
stgcn,coord_noise_mild,2026,24,reach into pocket,274,0.8358,0.3723
stgcn,coord_noise_mild,2026,25,hopping (one foot jumping),275,0.9879,0.9018
stgcn,coord_noise_mild,2026,26,jump up,276,0.9964,0.9855
stgcn,coord_noise_mild,2026,27,make a phone call/answer phone,275,0.8679,0.3418
stgcn,coord_noise_mild,2026,28,playing with phone/tablet,275,0.6824,0.32
stgcn,coord_noise_mild,2026,29,typing on a keyboard,275,0.7515,0.6982
stgcn,coord_noise_mild,2026,30,pointing to something with finger,276,0.7585,0.692
stgcn,coord_noise_mild,2026,31,taking a selfie,276,0.8925,0.6377
stgcn,coord_noise_mild,2026,32,check time (from watch),276,0.8829,0.6232
stgcn,coord_noise_mild,2026,33,rub two hands together,276,0.8829,0.221
stgcn,coord_noise_mild,2026,34,nod head/bow,276,0.965,0.8406
stgcn,coord_noise_mild,2026,35,shake head,275,0.9418,0.04
stgcn,coord_noise_mild,2026,36,wipe face,276,0.8321,0.2464
stgcn,coord_noise_mild,2026,37,salute,276,0.9179,0.7246
stgcn,coord_noise_mild,2026,38,put the palms together,276,0.9408,0.442
stgcn,coord_noise_mild,2026,39,cross hands in front (say stop),276,0.8998,0.7899
stgcn,coord_noise_mild,2026,40,sneeze/cough,276,0.7379,0.4348
stgcn,coord_noise_mild,2026,41,staggering,276,0.9915,0.7826
stgcn,coord_noise_mild,2026,42,falling,275,0.9855,0.9745
stgcn,coord_noise_mild,2026,43,touch head (headache),276,0.7657,0.5688
stgcn,coord_noise_mild,2026,44,touch chest (stomachache/heart pain),276,0.9058,0.6594
stgcn,coord_noise_mild,2026,45,touch back (backache),276,0.9263,0.6123
stgcn,coord_noise_mild,2026,46,touch neck (neckache),276,0.8816,0.221
stgcn,coord_noise_mild,2026,47,nausea or vomiting condition,275,0.8509,0.8727
stgcn,coord_noise_mild,2026,48,use a fan (with hand or paper)/feeling warm,275,0.9261,0.9091
stgcn,coord_noise_mild,2026,49,punching/slapping other person,274,0.8662,0.6314
stgcn,coord_noise_mild,2026,50,kicking other person,276,0.9167,0.3877
stgcn,coord_noise_mild,2026,51,pushing other person,276,0.971,0.6594
stgcn,coord_noise_mild,2026,52,pat on back of other person,276,0.942,0.9312
stgcn,coord_noise_mild,2026,53,point finger at the other person,276,0.907,0.7826
stgcn,coord_noise_mild,2026,54,hugging other person,274,0.9757,0.8358
stgcn,coord_noise_mild,2026,55,giving something to other person,276,0.9348,0.5435
stgcn,coord_noise_mild,2026,56,touch other person's pocket,275,0.9285,0.5636
stgcn,coord_noise_mild,2026,57,handshaking,276,0.9517,0.5399
stgcn,coord_noise_mild,2026,58,walking towards each other,273,0.9939,0.9524
stgcn,coord_noise_mild,2026,59,walking apart from each other,276,0.9626,0.9457
stgcn,coord_noise_mild,3407,0,drink water,274,0.8759,0.5328
stgcn,coord_noise_mild,3407,1,eat meal/snack,275,0.7394,0.5636
stgcn,coord_noise_mild,3407,2,brushing teeth,273,0.8584,0.3883
stgcn,coord_noise_mild,3407,3,brushing hair,273,0.9048,0.3846
stgcn,coord_noise_mild,3407,4,drop,275,0.8315,0.48
stgcn,coord_noise_mild,3407,5,pickup,275,0.9527,0.9309
stgcn,coord_noise_mild,3407,6,throw,275,0.9115,0.7273
stgcn,coord_noise_mild,3407,7,sitting down,273,0.9658,0.9158
stgcn,coord_noise_mild,3407,8,standing up (from sitting position),273,0.9805,0.9707
stgcn,coord_noise_mild,3407,9,clapping,273,0.7827,0.5971
stgcn,coord_noise_mild,3407,10,reading,273,0.6032,0.1392
stgcn,coord_noise_mild,3407,11,writing,272,0.5245,0.3676
stgcn,coord_noise_mild,3407,12,tear up paper,271,0.8954,0.4391
stgcn,coord_noise_mild,3407,13,wear jacket,275,0.983,0.9818
stgcn,coord_noise_mild,3407,14,take off jacket,276,0.9589,0.9275
stgcn,coord_noise_mild,3407,15,wear a shoe,273,0.6545,0.5788
stgcn,coord_noise_mild,3407,16,take off a shoe,274,0.7798,0.5
stgcn,coord_noise_mild,3407,17,wear on glasses,273,0.906,0.7399
stgcn,coord_noise_mild,3407,18,take off glasses,274,0.9343,0.5766
stgcn,coord_noise_mild,3407,19,put on a hat/cap,272,0.9498,0.7169
stgcn,coord_noise_mild,3407,20,take off a hat/cap,273,0.9731,0.5788
stgcn,coord_noise_mild,3407,21,cheer up,274,0.9234,0.8139
stgcn,coord_noise_mild,3407,22,hand waving,274,0.9063,0.7336
stgcn,coord_noise_mild,3407,23,kicking something,276,0.9372,0.8406
stgcn,coord_noise_mild,3407,24,reach into pocket,274,0.8358,0.5803
stgcn,coord_noise_mild,3407,25,hopping (one foot jumping),275,0.9879,0.8909
stgcn,coord_noise_mild,3407,26,jump up,276,0.9964,0.9783
stgcn,coord_noise_mild,3407,27,make a phone call/answer phone,275,0.8679,0.2364
stgcn,coord_noise_mild,3407,28,playing with phone/tablet,275,0.6824,0.1345
stgcn,coord_noise_mild,3407,29,typing on a keyboard,275,0.7515,0.8291
stgcn,coord_noise_mild,3407,30,pointing to something with finger,276,0.7585,0.6848
stgcn,coord_noise_mild,3407,31,taking a selfie,276,0.8925,0.6848
stgcn,coord_noise_mild,3407,32,check time (from watch),276,0.8829,0.6957
stgcn,coord_noise_mild,3407,33,rub two hands together,276,0.8829,0.3986
stgcn,coord_noise_mild,3407,34,nod head/bow,276,0.965,0.7862
stgcn,coord_noise_mild,3407,35,shake head,275,0.9418,0.2255
stgcn,coord_noise_mild,3407,36,wipe face,276,0.8321,0.0217
stgcn,coord_noise_mild,3407,37,salute,276,0.9179,0.5761
stgcn,coord_noise_mild,3407,38,put the palms together,276,0.9408,0.6159
stgcn,coord_noise_mild,3407,39,cross hands in front (say stop),276,0.8998,0.8007
stgcn,coord_noise_mild,3407,40,sneeze/cough,276,0.7379,0.337
stgcn,coord_noise_mild,3407,41,staggering,276,0.9915,0.8261
stgcn,coord_noise_mild,3407,42,falling,275,0.9855,0.9709
stgcn,coord_noise_mild,3407,43,touch head (headache),276,0.7657,0.1449
stgcn,coord_noise_mild,3407,44,touch chest (stomachache/heart pain),276,0.9058,0.6268
stgcn,coord_noise_mild,3407,45,touch back (backache),276,0.9263,0.3986
stgcn,coord_noise_mild,3407,46,touch neck (neckache),276,0.8816,0.3297
stgcn,coord_noise_mild,3407,47,nausea or vomiting condition,275,0.8509,0.7164
stgcn,coord_noise_mild,3407,48,use a fan (with hand or paper)/feeling warm,275,0.9261,0.9418
stgcn,coord_noise_mild,3407,49,punching/slapping other person,274,0.8662,0.719
stgcn,coord_noise_mild,3407,50,kicking other person,276,0.9167,0.6159
stgcn,coord_noise_mild,3407,51,pushing other person,276,0.971,0.5906
stgcn,coord_noise_mild,3407,52,pat on back of other person,276,0.942,0.5507
stgcn,coord_noise_mild,3407,53,point finger at the other person,276,0.907,0.8152
stgcn,coord_noise_mild,3407,54,hugging other person,274,0.9757,0.8723
stgcn,coord_noise_mild,3407,55,giving something to other person,276,0.9348,0.7681
stgcn,coord_noise_mild,3407,56,touch other person's pocket,275,0.9285,0.7236
stgcn,coord_noise_mild,3407,57,handshaking,276,0.9517,0.7283
stgcn,coord_noise_mild,3407,58,walking towards each other,273,0.9939,0.9744
stgcn,coord_noise_mild,3407,59,walking apart from each other,276,0.9626,0.9565
stgcn,frame_missing_mild,255,0,drink water,274,0.8759,0.8285
stgcn,frame_missing_mild,255,1,eat meal/snack,275,0.7394,0.6836
stgcn,frame_missing_mild,255,2,brushing teeth,273,0.8584,0.7692
stgcn,frame_missing_mild,255,3,brushing hair,273,0.9048,0.8535
stgcn,frame_missing_mild,255,4,drop,275,0.8315,0.8218
stgcn,frame_missing_mild,255,5,pickup,275,0.9527,0.9309
stgcn,frame_missing_mild,255,6,throw,275,0.9115,0.8945
stgcn,frame_missing_mild,255,7,sitting down,273,0.9658,0.9487
stgcn,frame_missing_mild,255,8,standing up (from sitting position),273,0.9805,0.9744
stgcn,frame_missing_mild,255,9,clapping,273,0.7827,0.7179
stgcn,frame_missing_mild,255,10,reading,273,0.6032,0.6044
stgcn,frame_missing_mild,255,11,writing,272,0.5245,0.3529
stgcn,frame_missing_mild,255,12,tear up paper,271,0.8954,0.8745
stgcn,frame_missing_mild,255,13,wear jacket,275,0.983,0.9782
stgcn,frame_missing_mild,255,14,take off jacket,276,0.9589,0.9601
stgcn,frame_missing_mild,255,15,wear a shoe,273,0.6545,0.4945
stgcn,frame_missing_mild,255,16,take off a shoe,274,0.7798,0.7263
stgcn,frame_missing_mild,255,17,wear on glasses,273,0.906,0.7985
stgcn,frame_missing_mild,255,18,take off glasses,274,0.9343,0.8504
stgcn,frame_missing_mild,255,19,put on a hat/cap,272,0.9498,0.9265
stgcn,frame_missing_mild,255,20,take off a hat/cap,273,0.9731,0.956
stgcn,frame_missing_mild,255,21,cheer up,274,0.9234,0.9343
stgcn,frame_missing_mild,255,22,hand waving,274,0.9063,0.8978
stgcn,frame_missing_mild,255,23,kicking something,276,0.9372,0.8949
stgcn,frame_missing_mild,255,24,reach into pocket,274,0.8358,0.7044
stgcn,frame_missing_mild,255,25,hopping (one foot jumping),275,0.9879,0.9782
stgcn,frame_missing_mild,255,26,jump up,276,0.9964,0.9783
stgcn,frame_missing_mild,255,27,make a phone call/answer phone,275,0.8679,0.8291
stgcn,frame_missing_mild,255,28,playing with phone/tablet,275,0.6824,0.5236
stgcn,frame_missing_mild,255,29,typing on a keyboard,275,0.7515,0.6509
stgcn,frame_missing_mild,255,30,pointing to something with finger,276,0.7585,0.7681
stgcn,frame_missing_mild,255,31,taking a selfie,276,0.8925,0.8442
stgcn,frame_missing_mild,255,32,check time (from watch),276,0.8829,0.8406
stgcn,frame_missing_mild,255,33,rub two hands together,276,0.8829,0.8478
stgcn,frame_missing_mild,255,34,nod head/bow,276,0.965,0.9638
stgcn,frame_missing_mild,255,35,shake head,275,0.9418,0.8473
stgcn,frame_missing_mild,255,36,wipe face,276,0.8321,0.721
stgcn,frame_missing_mild,255,37,salute,276,0.9179,0.8514
stgcn,frame_missing_mild,255,38,put the palms together,276,0.9408,0.9058
stgcn,frame_missing_mild,255,39,cross hands in front (say stop),276,0.8998,0.8768
stgcn,frame_missing_mild,255,40,sneeze/cough,276,0.7379,0.6993
stgcn,frame_missing_mild,255,41,staggering,276,0.9915,0.9167
stgcn,frame_missing_mild,255,42,falling,275,0.9855,0.9855
stgcn,frame_missing_mild,255,43,touch head (headache),276,0.7657,0.7029
stgcn,frame_missing_mild,255,44,touch chest (stomachache/heart pain),276,0.9058,0.9203
stgcn,frame_missing_mild,255,45,touch back (backache),276,0.9263,0.8406
stgcn,frame_missing_mild,255,46,touch neck (neckache),276,0.8816,0.8478
stgcn,frame_missing_mild,255,47,nausea or vomiting condition,275,0.8509,0.7745
stgcn,frame_missing_mild,255,48,use a fan (with hand or paper)/feeling warm,275,0.9261,0.8945
stgcn,frame_missing_mild,255,49,punching/slapping other person,274,0.8662,0.7993
stgcn,frame_missing_mild,255,50,kicking other person,276,0.9167,0.8768
stgcn,frame_missing_mild,255,51,pushing other person,276,0.971,0.9312
stgcn,frame_missing_mild,255,52,pat on back of other person,276,0.942,0.9203
stgcn,frame_missing_mild,255,53,point finger at the other person,276,0.907,0.6775
stgcn,frame_missing_mild,255,54,hugging other person,274,0.9757,0.9781
stgcn,frame_missing_mild,255,55,giving something to other person,276,0.9348,0.8877
stgcn,frame_missing_mild,255,56,touch other person's pocket,275,0.9285,0.8291
stgcn,frame_missing_mild,255,57,handshaking,276,0.9517,0.8551
stgcn,frame_missing_mild,255,58,walking towards each other,273,0.9939,0.9817
stgcn,frame_missing_mild,255,59,walking apart from each other,276,0.9626,0.9565
stgcn,frame_missing_mild,2026,0,drink water,274,0.8759,0.865
stgcn,frame_missing_mild,2026,1,eat meal/snack,275,0.7394,0.6982
stgcn,frame_missing_mild,2026,2,brushing teeth,273,0.8584,0.7619
stgcn,frame_missing_mild,2026,3,brushing hair,273,0.9048,0.8571
stgcn,frame_missing_mild,2026,4,drop,275,0.8315,0.8509
stgcn,frame_missing_mild,2026,5,pickup,275,0.9527,0.92
stgcn,frame_missing_mild,2026,6,throw,275,0.9115,0.9091
stgcn,frame_missing_mild,2026,7,sitting down,273,0.9658,0.9597
stgcn,frame_missing_mild,2026,8,standing up (from sitting position),273,0.9805,0.9707
stgcn,frame_missing_mild,2026,9,clapping,273,0.7827,0.7399
stgcn,frame_missing_mild,2026,10,reading,273,0.6032,0.5092
stgcn,frame_missing_mild,2026,11,writing,272,0.5245,0.386
stgcn,frame_missing_mild,2026,12,tear up paper,271,0.8954,0.8672
stgcn,frame_missing_mild,2026,13,wear jacket,275,0.983,0.9745
stgcn,frame_missing_mild,2026,14,take off jacket,276,0.9589,0.9493
stgcn,frame_missing_mild,2026,15,wear a shoe,273,0.6545,0.5348
stgcn,frame_missing_mild,2026,16,take off a shoe,274,0.7798,0.6752
stgcn,frame_missing_mild,2026,17,wear on glasses,273,0.906,0.7656
stgcn,frame_missing_mild,2026,18,take off glasses,274,0.9343,0.8358
stgcn,frame_missing_mild,2026,19,put on a hat/cap,272,0.9498,0.9301
stgcn,frame_missing_mild,2026,20,take off a hat/cap,273,0.9731,0.9597
stgcn,frame_missing_mild,2026,21,cheer up,274,0.9234,0.9416
stgcn,frame_missing_mild,2026,22,hand waving,274,0.9063,0.8942
stgcn,frame_missing_mild,2026,23,kicking something,276,0.9372,0.8696
stgcn,frame_missing_mild,2026,24,reach into pocket,274,0.8358,0.6825
stgcn,frame_missing_mild,2026,25,hopping (one foot jumping),275,0.9879,0.9782
stgcn,frame_missing_mild,2026,26,jump up,276,0.9964,0.9674
stgcn,frame_missing_mild,2026,27,make a phone call/answer phone,275,0.8679,0.7564
stgcn,frame_missing_mild,2026,28,playing with phone/tablet,275,0.6824,0.5273
stgcn,frame_missing_mild,2026,29,typing on a keyboard,275,0.7515,0.76
stgcn,frame_missing_mild,2026,30,pointing to something with finger,276,0.7585,0.692
stgcn,frame_missing_mild,2026,31,taking a selfie,276,0.8925,0.8551
stgcn,frame_missing_mild,2026,32,check time (from watch),276,0.8829,0.7862
stgcn,frame_missing_mild,2026,33,rub two hands together,276,0.8829,0.8225
stgcn,frame_missing_mild,2026,34,nod head/bow,276,0.965,0.9565
stgcn,frame_missing_mild,2026,35,shake head,275,0.9418,0.8873
stgcn,frame_missing_mild,2026,36,wipe face,276,0.8321,0.7536
stgcn,frame_missing_mild,2026,37,salute,276,0.9179,0.8986
stgcn,frame_missing_mild,2026,38,put the palms together,276,0.9408,0.8768
stgcn,frame_missing_mild,2026,39,cross hands in front (say stop),276,0.8998,0.913
stgcn,frame_missing_mild,2026,40,sneeze/cough,276,0.7379,0.6667
stgcn,frame_missing_mild,2026,41,staggering,276,0.9915,0.913
stgcn,frame_missing_mild,2026,42,falling,275,0.9855,0.9855
stgcn,frame_missing_mild,2026,43,touch head (headache),276,0.7657,0.7319
stgcn,frame_missing_mild,2026,44,touch chest (stomachache/heart pain),276,0.9058,0.9167
stgcn,frame_missing_mild,2026,45,touch back (backache),276,0.9263,0.8841
stgcn,frame_missing_mild,2026,46,touch neck (neckache),276,0.8816,0.7899
stgcn,frame_missing_mild,2026,47,nausea or vomiting condition,275,0.8509,0.7964
stgcn,frame_missing_mild,2026,48,use a fan (with hand or paper)/feeling warm,275,0.9261,0.8945
stgcn,frame_missing_mild,2026,49,punching/slapping other person,274,0.8662,0.7883
stgcn,frame_missing_mild,2026,50,kicking other person,276,0.9167,0.8007
stgcn,frame_missing_mild,2026,51,pushing other person,276,0.971,0.8949
stgcn,frame_missing_mild,2026,52,pat on back of other person,276,0.942,0.9239
stgcn,frame_missing_mild,2026,53,point finger at the other person,276,0.907,0.6848
stgcn,frame_missing_mild,2026,54,hugging other person,274,0.9757,0.9672
stgcn,frame_missing_mild,2026,55,giving something to other person,276,0.9348,0.8949
stgcn,frame_missing_mild,2026,56,touch other person's pocket,275,0.9285,0.8
stgcn,frame_missing_mild,2026,57,handshaking,276,0.9517,0.8442
stgcn,frame_missing_mild,2026,58,walking towards each other,273,0.9939,0.9744
stgcn,frame_missing_mild,2026,59,walking apart from each other,276,0.9626,0.9746
stgcn,frame_missing_mild,3407,0,drink water,274,0.8759,0.8358
stgcn,frame_missing_mild,3407,1,eat meal/snack,275,0.7394,0.6509
stgcn,frame_missing_mild,3407,2,brushing teeth,273,0.8584,0.7619
stgcn,frame_missing_mild,3407,3,brushing hair,273,0.9048,0.8571
stgcn,frame_missing_mild,3407,4,drop,275,0.8315,0.8364
stgcn,frame_missing_mild,3407,5,pickup,275,0.9527,0.9273
stgcn,frame_missing_mild,3407,6,throw,275,0.9115,0.9018
stgcn,frame_missing_mild,3407,7,sitting down,273,0.9658,0.956
stgcn,frame_missing_mild,3407,8,standing up (from sitting position),273,0.9805,0.9817
stgcn,frame_missing_mild,3407,9,clapping,273,0.7827,0.7143
stgcn,frame_missing_mild,3407,10,reading,273,0.6032,0.5348
stgcn,frame_missing_mild,3407,11,writing,272,0.5245,0.3897
stgcn,frame_missing_mild,3407,12,tear up paper,271,0.8954,0.8598
stgcn,frame_missing_mild,3407,13,wear jacket,275,0.983,0.9818
stgcn,frame_missing_mild,3407,14,take off jacket,276,0.9589,0.942
stgcn,frame_missing_mild,3407,15,wear a shoe,273,0.6545,0.5092
stgcn,frame_missing_mild,3407,16,take off a shoe,274,0.7798,0.6752
stgcn,frame_missing_mild,3407,17,wear on glasses,273,0.906,0.7985
stgcn,frame_missing_mild,3407,18,take off glasses,274,0.9343,0.7482
stgcn,frame_missing_mild,3407,19,put on a hat/cap,272,0.9498,0.9265
stgcn,frame_missing_mild,3407,20,take off a hat/cap,273,0.9731,0.9524
stgcn,frame_missing_mild,3407,21,cheer up,274,0.9234,0.9161
stgcn,frame_missing_mild,3407,22,hand waving,274,0.9063,0.9015
stgcn,frame_missing_mild,3407,23,kicking something,276,0.9372,0.913
stgcn,frame_missing_mild,3407,24,reach into pocket,274,0.8358,0.7372
stgcn,frame_missing_mild,3407,25,hopping (one foot jumping),275,0.9879,0.9818
stgcn,frame_missing_mild,3407,26,jump up,276,0.9964,0.9783
stgcn,frame_missing_mild,3407,27,make a phone call/answer phone,275,0.8679,0.7127
stgcn,frame_missing_mild,3407,28,playing with phone/tablet,275,0.6824,0.6764
stgcn,frame_missing_mild,3407,29,typing on a keyboard,275,0.7515,0.6764
stgcn,frame_missing_mild,3407,30,pointing to something with finger,276,0.7585,0.7826
stgcn,frame_missing_mild,3407,31,taking a selfie,276,0.8925,0.808
stgcn,frame_missing_mild,3407,32,check time (from watch),276,0.8829,0.7971
stgcn,frame_missing_mild,3407,33,rub two hands together,276,0.8829,0.808
stgcn,frame_missing_mild,3407,34,nod head/bow,276,0.965,0.9493
stgcn,frame_missing_mild,3407,35,shake head,275,0.9418,0.8836
stgcn,frame_missing_mild,3407,36,wipe face,276,0.8321,0.7971
stgcn,frame_missing_mild,3407,37,salute,276,0.9179,0.8804
stgcn,frame_missing_mild,3407,38,put the palms together,276,0.9408,0.9058
stgcn,frame_missing_mild,3407,39,cross hands in front (say stop),276,0.8998,0.8877
stgcn,frame_missing_mild,3407,40,sneeze/cough,276,0.7379,0.6449
stgcn,frame_missing_mild,3407,41,staggering,276,0.9915,0.8804
stgcn,frame_missing_mild,3407,42,falling,275,0.9855,0.9855
stgcn,frame_missing_mild,3407,43,touch head (headache),276,0.7657,0.6449
stgcn,frame_missing_mild,3407,44,touch chest (stomachache/heart pain),276,0.9058,0.9022
stgcn,frame_missing_mild,3407,45,touch back (backache),276,0.9263,0.9022
stgcn,frame_missing_mild,3407,46,touch neck (neckache),276,0.8816,0.7899
stgcn,frame_missing_mild,3407,47,nausea or vomiting condition,275,0.8509,0.7527
stgcn,frame_missing_mild,3407,48,use a fan (with hand or paper)/feeling warm,275,0.9261,0.9055
stgcn,frame_missing_mild,3407,49,punching/slapping other person,274,0.8662,0.7847
stgcn,frame_missing_mild,3407,50,kicking other person,276,0.9167,0.8913
stgcn,frame_missing_mild,3407,51,pushing other person,276,0.971,0.8986
stgcn,frame_missing_mild,3407,52,pat on back of other person,276,0.942,0.9493
stgcn,frame_missing_mild,3407,53,point finger at the other person,276,0.907,0.7609
stgcn,frame_missing_mild,3407,54,hugging other person,274,0.9757,0.9599
stgcn,frame_missing_mild,3407,55,giving something to other person,276,0.9348,0.8949
stgcn,frame_missing_mild,3407,56,touch other person's pocket,275,0.9285,0.8145
stgcn,frame_missing_mild,3407,57,handshaking,276,0.9517,0.8768
stgcn,frame_missing_mild,3407,58,walking towards each other,273,0.9939,0.9853
stgcn,frame_missing_mild,3407,59,walking apart from each other,276,0.9626,0.9565
stgcn,mixed_mild,255,0,drink water,274,0.8759,0.4854
stgcn,mixed_mild,255,1,eat meal/snack,275,0.7394,0.44
stgcn,mixed_mild,255,2,brushing teeth,273,0.8584,0.4396
stgcn,mixed_mild,255,3,brushing hair,273,0.9048,0.4212
stgcn,mixed_mild,255,4,drop,275,0.8315,0.4327
stgcn,mixed_mild,255,5,pickup,275,0.9527,0.7964
stgcn,mixed_mild,255,6,throw,275,0.9115,0.64
stgcn,mixed_mild,255,7,sitting down,273,0.9658,0.7143
stgcn,mixed_mild,255,8,standing up (from sitting position),273,0.9805,0.8462
stgcn,mixed_mild,255,9,clapping,273,0.7827,0.4945
stgcn,mixed_mild,255,10,reading,273,0.6032,0.4029
stgcn,mixed_mild,255,11,writing,272,0.5245,0.4449
stgcn,mixed_mild,255,12,tear up paper,271,0.8954,0.6052
stgcn,mixed_mild,255,13,wear jacket,275,0.983,0.9491
stgcn,mixed_mild,255,14,take off jacket,276,0.9589,0.8188
stgcn,mixed_mild,255,15,wear a shoe,273,0.6545,0.3626
stgcn,mixed_mild,255,16,take off a shoe,274,0.7798,0.5547
stgcn,mixed_mild,255,17,wear on glasses,273,0.906,0.6777
stgcn,mixed_mild,255,18,take off glasses,274,0.9343,0.719
stgcn,mixed_mild,255,19,put on a hat/cap,272,0.9498,0.6397
stgcn,mixed_mild,255,20,take off a hat/cap,273,0.9731,0.7253
stgcn,mixed_mild,255,21,cheer up,274,0.9234,0.6277
stgcn,mixed_mild,255,22,hand waving,274,0.9063,0.6679
stgcn,mixed_mild,255,23,kicking something,276,0.9372,0.4746
stgcn,mixed_mild,255,24,reach into pocket,274,0.8358,0.3869
stgcn,mixed_mild,255,25,hopping (one foot jumping),275,0.9879,0.7055
stgcn,mixed_mild,255,26,jump up,276,0.9964,0.7971
stgcn,mixed_mild,255,27,make a phone call/answer phone,275,0.8679,0.3491
stgcn,mixed_mild,255,28,playing with phone/tablet,275,0.6824,0.2982
stgcn,mixed_mild,255,29,typing on a keyboard,275,0.7515,0.6327
stgcn,mixed_mild,255,30,pointing to something with finger,276,0.7585,0.4565
stgcn,mixed_mild,255,31,taking a selfie,276,0.8925,0.5471
stgcn,mixed_mild,255,32,check time (from watch),276,0.8829,0.5543
stgcn,mixed_mild,255,33,rub two hands together,276,0.8829,0.5072
stgcn,mixed_mild,255,34,nod head/bow,276,0.965,0.7246
stgcn,mixed_mild,255,35,shake head,275,0.9418,0.3891
stgcn,mixed_mild,255,36,wipe face,276,0.8321,0.3406
stgcn,mixed_mild,255,37,salute,276,0.9179,0.5109
stgcn,mixed_mild,255,38,put the palms together,276,0.9408,0.3587
stgcn,mixed_mild,255,39,cross hands in front (say stop),276,0.8998,0.7609
stgcn,mixed_mild,255,40,sneeze/cough,276,0.7379,0.3623
stgcn,mixed_mild,255,41,staggering,276,0.9915,0.5072
stgcn,mixed_mild,255,42,falling,275,0.9855,0.8836
stgcn,mixed_mild,255,43,touch head (headache),276,0.7657,0.3587
stgcn,mixed_mild,255,44,touch chest (stomachache/heart pain),276,0.9058,0.6196
stgcn,mixed_mild,255,45,touch back (backache),276,0.9263,0.5507
stgcn,mixed_mild,255,46,touch neck (neckache),276,0.8816,0.3877
stgcn,mixed_mild,255,47,nausea or vomiting condition,275,0.8509,0.6364
stgcn,mixed_mild,255,48,use a fan (with hand or paper)/feeling warm,275,0.9261,0.8255
stgcn,mixed_mild,255,49,punching/slapping other person,274,0.8662,0.4781
stgcn,mixed_mild,255,50,kicking other person,276,0.9167,0.3297
stgcn,mixed_mild,255,51,pushing other person,276,0.971,0.5145
stgcn,mixed_mild,255,52,pat on back of other person,276,0.942,0.5616
stgcn,mixed_mild,255,53,point finger at the other person,276,0.907,0.4094
stgcn,mixed_mild,255,54,hugging other person,274,0.9757,0.7117
stgcn,mixed_mild,255,55,giving something to other person,276,0.9348,0.5942
stgcn,mixed_mild,255,56,touch other person's pocket,275,0.9285,0.5891
stgcn,mixed_mild,255,57,handshaking,276,0.9517,0.5543
stgcn,mixed_mild,255,58,walking towards each other,273,0.9939,0.4652
stgcn,mixed_mild,255,59,walking apart from each other,276,0.9626,0.7536
stgcn,mixed_mild,2026,0,drink water,274,0.8759,0.5036
stgcn,mixed_mild,2026,1,eat meal/snack,275,0.7394,0.3891
stgcn,mixed_mild,2026,2,brushing teeth,273,0.8584,0.2637
stgcn,mixed_mild,2026,3,brushing hair,273,0.9048,0.4505
stgcn,mixed_mild,2026,4,drop,275,0.8315,0.4982
stgcn,mixed_mild,2026,5,pickup,275,0.9527,0.7345
stgcn,mixed_mild,2026,6,throw,275,0.9115,0.6182
stgcn,mixed_mild,2026,7,sitting down,273,0.9658,0.8205
stgcn,mixed_mild,2026,8,standing up (from sitting position),273,0.9805,0.8352
stgcn,mixed_mild,2026,9,clapping,273,0.7827,0.6044
stgcn,mixed_mild,2026,10,reading,273,0.6032,0.2527
stgcn,mixed_mild,2026,11,writing,272,0.5245,0.4191
stgcn,mixed_mild,2026,12,tear up paper,271,0.8954,0.524
stgcn,mixed_mild,2026,13,wear jacket,275,0.983,0.9018
stgcn,mixed_mild,2026,14,take off jacket,276,0.9589,0.8152
stgcn,mixed_mild,2026,15,wear a shoe,273,0.6545,0.3626
stgcn,mixed_mild,2026,16,take off a shoe,274,0.7798,0.4891
stgcn,mixed_mild,2026,17,wear on glasses,273,0.906,0.5128
stgcn,mixed_mild,2026,18,take off glasses,274,0.9343,0.6168
stgcn,mixed_mild,2026,19,put on a hat/cap,272,0.9498,0.6471
stgcn,mixed_mild,2026,20,take off a hat/cap,273,0.9731,0.7802
stgcn,mixed_mild,2026,21,cheer up,274,0.9234,0.719
stgcn,mixed_mild,2026,22,hand waving,274,0.9063,0.5803
stgcn,mixed_mild,2026,23,kicking something,276,0.9372,0.3043
stgcn,mixed_mild,2026,24,reach into pocket,274,0.8358,0.2482
stgcn,mixed_mild,2026,25,hopping (one foot jumping),275,0.9879,0.7564
stgcn,mixed_mild,2026,26,jump up,276,0.9964,0.8587
stgcn,mixed_mild,2026,27,make a phone call/answer phone,275,0.8679,0.2655
stgcn,mixed_mild,2026,28,playing with phone/tablet,275,0.6824,0.3309
stgcn,mixed_mild,2026,29,typing on a keyboard,275,0.7515,0.6509
stgcn,mixed_mild,2026,30,pointing to something with finger,276,0.7585,0.4891
stgcn,mixed_mild,2026,31,taking a selfie,276,0.8925,0.5652
stgcn,mixed_mild,2026,32,check time (from watch),276,0.8829,0.558
stgcn,mixed_mild,2026,33,rub two hands together,276,0.8829,0.2826
stgcn,mixed_mild,2026,34,nod head/bow,276,0.965,0.7101
stgcn,mixed_mild,2026,35,shake head,275,0.9418,0.2545
stgcn,mixed_mild,2026,36,wipe face,276,0.8321,0.337
stgcn,mixed_mild,2026,37,salute,276,0.9179,0.4457
stgcn,mixed_mild,2026,38,put the palms together,276,0.9408,0.3841
stgcn,mixed_mild,2026,39,cross hands in front (say stop),276,0.8998,0.6558
stgcn,mixed_mild,2026,40,sneeze/cough,276,0.7379,0.3551
stgcn,mixed_mild,2026,41,staggering,276,0.9915,0.3659
stgcn,mixed_mild,2026,42,falling,275,0.9855,0.6982
stgcn,mixed_mild,2026,43,touch head (headache),276,0.7657,0.4094
stgcn,mixed_mild,2026,44,touch chest (stomachache/heart pain),276,0.9058,0.5507
stgcn,mixed_mild,2026,45,touch back (backache),276,0.9263,0.4928
stgcn,mixed_mild,2026,46,touch neck (neckache),276,0.8816,0.2717
stgcn,mixed_mild,2026,47,nausea or vomiting condition,275,0.8509,0.6873
stgcn,mixed_mild,2026,48,use a fan (with hand or paper)/feeling warm,275,0.9261,0.72
stgcn,mixed_mild,2026,49,punching/slapping other person,274,0.8662,0.4051
stgcn,mixed_mild,2026,50,kicking other person,276,0.9167,0.2174
stgcn,mixed_mild,2026,51,pushing other person,276,0.971,0.4601
stgcn,mixed_mild,2026,52,pat on back of other person,276,0.942,0.6957
stgcn,mixed_mild,2026,53,point finger at the other person,276,0.907,0.3333
stgcn,mixed_mild,2026,54,hugging other person,274,0.9757,0.7044
stgcn,mixed_mild,2026,55,giving something to other person,276,0.9348,0.4275
stgcn,mixed_mild,2026,56,touch other person's pocket,275,0.9285,0.2945
stgcn,mixed_mild,2026,57,handshaking,276,0.9517,0.3188
stgcn,mixed_mild,2026,58,walking towards each other,273,0.9939,0.5275
stgcn,mixed_mild,2026,59,walking apart from each other,276,0.9626,0.7428
stgcn,mixed_mild,3407,0,drink water,274,0.8759,0.4745
stgcn,mixed_mild,3407,1,eat meal/snack,275,0.7394,0.4618
stgcn,mixed_mild,3407,2,brushing teeth,273,0.8584,0.337
stgcn,mixed_mild,3407,3,brushing hair,273,0.9048,0.4103
stgcn,mixed_mild,3407,4,drop,275,0.8315,0.3891
stgcn,mixed_mild,3407,5,pickup,275,0.9527,0.7491
stgcn,mixed_mild,3407,6,throw,275,0.9115,0.6327
stgcn,mixed_mild,3407,7,sitting down,273,0.9658,0.7253
stgcn,mixed_mild,3407,8,standing up (from sitting position),273,0.9805,0.8498
stgcn,mixed_mild,3407,9,clapping,273,0.7827,0.4542
stgcn,mixed_mild,3407,10,reading,273,0.6032,0.1941
stgcn,mixed_mild,3407,11,writing,272,0.5245,0.2978
stgcn,mixed_mild,3407,12,tear up paper,271,0.8954,0.5055
stgcn,mixed_mild,3407,13,wear jacket,275,0.983,0.9236
stgcn,mixed_mild,3407,14,take off jacket,276,0.9589,0.8225
stgcn,mixed_mild,3407,15,wear a shoe,273,0.6545,0.3626
stgcn,mixed_mild,3407,16,take off a shoe,274,0.7798,0.4891
stgcn,mixed_mild,3407,17,wear on glasses,273,0.906,0.5568
stgcn,mixed_mild,3407,18,take off glasses,274,0.9343,0.5219
stgcn,mixed_mild,3407,19,put on a hat/cap,272,0.9498,0.5809
stgcn,mixed_mild,3407,20,take off a hat/cap,273,0.9731,0.619
stgcn,mixed_mild,3407,21,cheer up,274,0.9234,0.6642
stgcn,mixed_mild,3407,22,hand waving,274,0.9063,0.6423
stgcn,mixed_mild,3407,23,kicking something,276,0.9372,0.4964
stgcn,mixed_mild,3407,24,reach into pocket,274,0.8358,0.365
stgcn,mixed_mild,3407,25,hopping (one foot jumping),275,0.9879,0.6836
stgcn,mixed_mild,3407,26,jump up,276,0.9964,0.7754
stgcn,mixed_mild,3407,27,make a phone call/answer phone,275,0.8679,0.2509
stgcn,mixed_mild,3407,28,playing with phone/tablet,275,0.6824,0.2436
stgcn,mixed_mild,3407,29,typing on a keyboard,275,0.7515,0.7164
stgcn,mixed_mild,3407,30,pointing to something with finger,276,0.7585,0.5616
stgcn,mixed_mild,3407,31,taking a selfie,276,0.8925,0.5725
stgcn,mixed_mild,3407,32,check time (from watch),276,0.8829,0.6449
stgcn,mixed_mild,3407,33,rub two hands together,276,0.8829,0.3804
stgcn,mixed_mild,3407,34,nod head/bow,276,0.965,0.6884
stgcn,mixed_mild,3407,35,shake head,275,0.9418,0.4327
stgcn,mixed_mild,3407,36,wipe face,276,0.8321,0.2246
stgcn,mixed_mild,3407,37,salute,276,0.9179,0.4348
stgcn,mixed_mild,3407,38,put the palms together,276,0.9408,0.5036
stgcn,mixed_mild,3407,39,cross hands in front (say stop),276,0.8998,0.7536
stgcn,mixed_mild,3407,40,sneeze/cough,276,0.7379,0.3152
stgcn,mixed_mild,3407,41,staggering,276,0.9915,0.4058
stgcn,mixed_mild,3407,42,falling,275,0.9855,0.7745
stgcn,mixed_mild,3407,43,touch head (headache),276,0.7657,0.2319
stgcn,mixed_mild,3407,44,touch chest (stomachache/heart pain),276,0.9058,0.5072
stgcn,mixed_mild,3407,45,touch back (backache),276,0.9263,0.4638
stgcn,mixed_mild,3407,46,touch neck (neckache),276,0.8816,0.3768
stgcn,mixed_mild,3407,47,nausea or vomiting condition,275,0.8509,0.56
stgcn,mixed_mild,3407,48,use a fan (with hand or paper)/feeling warm,275,0.9261,0.8218
stgcn,mixed_mild,3407,49,punching/slapping other person,274,0.8662,0.5
stgcn,mixed_mild,3407,50,kicking other person,276,0.9167,0.3297
stgcn,mixed_mild,3407,51,pushing other person,276,0.971,0.4493
stgcn,mixed_mild,3407,52,pat on back of other person,276,0.942,0.558
stgcn,mixed_mild,3407,53,point finger at the other person,276,0.907,0.4855
stgcn,mixed_mild,3407,54,hugging other person,274,0.9757,0.7153
stgcn,mixed_mild,3407,55,giving something to other person,276,0.9348,0.4783
stgcn,mixed_mild,3407,56,touch other person's pocket,275,0.9285,0.4873
stgcn,mixed_mild,3407,57,handshaking,276,0.9517,0.471
stgcn,mixed_mild,3407,58,walking towards each other,273,0.9939,0.6447
stgcn,mixed_mild,3407,59,walking apart from each other,276,0.9626,0.8696
stgcn,joint_missing_moderate,255,0,drink water,274,0.8759,0.0219
stgcn,joint_missing_moderate,255,1,eat meal/snack,275,0.7394,0.0836
stgcn,joint_missing_moderate,255,2,brushing teeth,273,0.8584,0.0037
stgcn,joint_missing_moderate,255,3,brushing hair,273,0.9048,0.0183
stgcn,joint_missing_moderate,255,4,drop,275,0.8315,0.0036
stgcn,joint_missing_moderate,255,5,pickup,275,0.9527,0.5564
stgcn,joint_missing_moderate,255,6,throw,275,0.9115,0.16
stgcn,joint_missing_moderate,255,7,sitting down,273,0.9658,0.0183
stgcn,joint_missing_moderate,255,8,standing up (from sitting position),273,0.9805,0.5275
stgcn,joint_missing_moderate,255,9,clapping,273,0.7827,0.1465
stgcn,joint_missing_moderate,255,10,reading,273,0.6032,0.2015
stgcn,joint_missing_moderate,255,11,writing,272,0.5245,0.5368
stgcn,joint_missing_moderate,255,12,tear up paper,271,0.8954,0.1697
stgcn,joint_missing_moderate,255,13,wear jacket,275,0.983,0.9455
stgcn,joint_missing_moderate,255,14,take off jacket,276,0.9589,0.7536
stgcn,joint_missing_moderate,255,15,wear a shoe,273,0.6545,0.2088
stgcn,joint_missing_moderate,255,16,take off a shoe,274,0.7798,0.2956
stgcn,joint_missing_moderate,255,17,wear on glasses,273,0.906,0.2454
stgcn,joint_missing_moderate,255,18,take off glasses,274,0.9343,0.4197
stgcn,joint_missing_moderate,255,19,put on a hat/cap,272,0.9498,0.0956
stgcn,joint_missing_moderate,255,20,take off a hat/cap,273,0.9731,0.4249
stgcn,joint_missing_moderate,255,21,cheer up,274,0.9234,0.0766
stgcn,joint_missing_moderate,255,22,hand waving,274,0.9063,0.0182
stgcn,joint_missing_moderate,255,23,kicking something,276,0.9372,0.0036
stgcn,joint_missing_moderate,255,24,reach into pocket,274,0.8358,0.0
stgcn,joint_missing_moderate,255,25,hopping (one foot jumping),275,0.9879,0.0218
stgcn,joint_missing_moderate,255,26,jump up,276,0.9964,0.0471
stgcn,joint_missing_moderate,255,27,make a phone call/answer phone,275,0.8679,0.0036
stgcn,joint_missing_moderate,255,28,playing with phone/tablet,275,0.6824,0.1127
stgcn,joint_missing_moderate,255,29,typing on a keyboard,275,0.7515,0.64
stgcn,joint_missing_moderate,255,30,pointing to something with finger,276,0.7585,0.0688
stgcn,joint_missing_moderate,255,31,taking a selfie,276,0.8925,0.1377
stgcn,joint_missing_moderate,255,32,check time (from watch),276,0.8829,0.0181
stgcn,joint_missing_moderate,255,33,rub two hands together,276,0.8829,0.2101
stgcn,joint_missing_moderate,255,34,nod head/bow,276,0.965,0.3007
stgcn,joint_missing_moderate,255,35,shake head,275,0.9418,0.0073
stgcn,joint_missing_moderate,255,36,wipe face,276,0.8321,0.1703
stgcn,joint_missing_moderate,255,37,salute,276,0.9179,0.087
stgcn,joint_missing_moderate,255,38,put the palms together,276,0.9408,0.0326
stgcn,joint_missing_moderate,255,39,cross hands in front (say stop),276,0.8998,0.5725
stgcn,joint_missing_moderate,255,40,sneeze/cough,276,0.7379,0.0072
stgcn,joint_missing_moderate,255,41,staggering,276,0.9915,0.0109
stgcn,joint_missing_moderate,255,42,falling,275,0.9855,0.0727
stgcn,joint_missing_moderate,255,43,touch head (headache),276,0.7657,0.0217
stgcn,joint_missing_moderate,255,44,touch chest (stomachache/heart pain),276,0.9058,0.2065
stgcn,joint_missing_moderate,255,45,touch back (backache),276,0.9263,0.0326
stgcn,joint_missing_moderate,255,46,touch neck (neckache),276,0.8816,0.0072
stgcn,joint_missing_moderate,255,47,nausea or vomiting condition,275,0.8509,0.6182
stgcn,joint_missing_moderate,255,48,use a fan (with hand or paper)/feeling warm,275,0.9261,0.6073
stgcn,joint_missing_moderate,255,49,punching/slapping other person,274,0.8662,0.0109
stgcn,joint_missing_moderate,255,50,kicking other person,276,0.9167,0.0
stgcn,joint_missing_moderate,255,51,pushing other person,276,0.971,0.0109
stgcn,joint_missing_moderate,255,52,pat on back of other person,276,0.942,0.0072
stgcn,joint_missing_moderate,255,53,point finger at the other person,276,0.907,0.0072
stgcn,joint_missing_moderate,255,54,hugging other person,274,0.9757,0.0511
stgcn,joint_missing_moderate,255,55,giving something to other person,276,0.9348,0.029
stgcn,joint_missing_moderate,255,56,touch other person's pocket,275,0.9285,0.1636
stgcn,joint_missing_moderate,255,57,handshaking,276,0.9517,0.029
stgcn,joint_missing_moderate,255,58,walking towards each other,273,0.9939,0.0366
stgcn,joint_missing_moderate,255,59,walking apart from each other,276,0.9626,0.2609
stgcn,joint_missing_moderate,2026,0,drink water,274,0.8759,0.0109
stgcn,joint_missing_moderate,2026,1,eat meal/snack,275,0.7394,0.0218
stgcn,joint_missing_moderate,2026,2,brushing teeth,273,0.8584,0.0
stgcn,joint_missing_moderate,2026,3,brushing hair,273,0.9048,0.0037
stgcn,joint_missing_moderate,2026,4,drop,275,0.8315,0.0145
stgcn,joint_missing_moderate,2026,5,pickup,275,0.9527,0.3818
stgcn,joint_missing_moderate,2026,6,throw,275,0.9115,0.1236
stgcn,joint_missing_moderate,2026,7,sitting down,273,0.9658,0.1209
stgcn,joint_missing_moderate,2026,8,standing up (from sitting position),273,0.9805,0.4432
stgcn,joint_missing_moderate,2026,9,clapping,273,0.7827,0.3736
stgcn,joint_missing_moderate,2026,10,reading,273,0.6032,0.0
stgcn,joint_missing_moderate,2026,11,writing,272,0.5245,0.4301
stgcn,joint_missing_moderate,2026,12,tear up paper,271,0.8954,0.1144
stgcn,joint_missing_moderate,2026,13,wear jacket,275,0.983,0.56
stgcn,joint_missing_moderate,2026,14,take off jacket,276,0.9589,0.5942
stgcn,joint_missing_moderate,2026,15,wear a shoe,273,0.6545,0.1209
stgcn,joint_missing_moderate,2026,16,take off a shoe,274,0.7798,0.0949
stgcn,joint_missing_moderate,2026,17,wear on glasses,273,0.906,0.0147
stgcn,joint_missing_moderate,2026,18,take off glasses,274,0.9343,0.0438
stgcn,joint_missing_moderate,2026,19,put on a hat/cap,272,0.9498,0.0368
stgcn,joint_missing_moderate,2026,20,take off a hat/cap,273,0.9731,0.3626
stgcn,joint_missing_moderate,2026,21,cheer up,274,0.9234,0.0292
stgcn,joint_missing_moderate,2026,22,hand waving,274,0.9063,0.0219
stgcn,joint_missing_moderate,2026,23,kicking something,276,0.9372,0.0
stgcn,joint_missing_moderate,2026,24,reach into pocket,274,0.8358,0.0
stgcn,joint_missing_moderate,2026,25,hopping (one foot jumping),275,0.9879,0.2073
stgcn,joint_missing_moderate,2026,26,jump up,276,0.9964,0.5652
stgcn,joint_missing_moderate,2026,27,make a phone call/answer phone,275,0.8679,0.0
stgcn,joint_missing_moderate,2026,28,playing with phone/tablet,275,0.6824,0.3345
stgcn,joint_missing_moderate,2026,29,typing on a keyboard,275,0.7515,0.5927
stgcn,joint_missing_moderate,2026,30,pointing to something with finger,276,0.7585,0.2138
stgcn,joint_missing_moderate,2026,31,taking a selfie,276,0.8925,0.4094
stgcn,joint_missing_moderate,2026,32,check time (from watch),276,0.8829,0.2464
stgcn,joint_missing_moderate,2026,33,rub two hands together,276,0.8829,0.0181
stgcn,joint_missing_moderate,2026,34,nod head/bow,276,0.965,0.2645
stgcn,joint_missing_moderate,2026,35,shake head,275,0.9418,0.0073
stgcn,joint_missing_moderate,2026,36,wipe face,276,0.8321,0.0
stgcn,joint_missing_moderate,2026,37,salute,276,0.9179,0.0
stgcn,joint_missing_moderate,2026,38,put the palms together,276,0.9408,0.029
stgcn,joint_missing_moderate,2026,39,cross hands in front (say stop),276,0.8998,0.1703
stgcn,joint_missing_moderate,2026,40,sneeze/cough,276,0.7379,0.0145
stgcn,joint_missing_moderate,2026,41,staggering,276,0.9915,0.0
stgcn,joint_missing_moderate,2026,42,falling,275,0.9855,0.0109
stgcn,joint_missing_moderate,2026,43,touch head (headache),276,0.7657,0.029
stgcn,joint_missing_moderate,2026,44,touch chest (stomachache/heart pain),276,0.9058,0.1667
stgcn,joint_missing_moderate,2026,45,touch back (backache),276,0.9263,0.0362
stgcn,joint_missing_moderate,2026,46,touch neck (neckache),276,0.8816,0.0
stgcn,joint_missing_moderate,2026,47,nausea or vomiting condition,275,0.8509,0.5782
stgcn,joint_missing_moderate,2026,48,use a fan (with hand or paper)/feeling warm,275,0.9261,0.0036
stgcn,joint_missing_moderate,2026,49,punching/slapping other person,274,0.8662,0.0
stgcn,joint_missing_moderate,2026,50,kicking other person,276,0.9167,0.0
stgcn,joint_missing_moderate,2026,51,pushing other person,276,0.971,0.0254
stgcn,joint_missing_moderate,2026,52,pat on back of other person,276,0.942,0.0362
stgcn,joint_missing_moderate,2026,53,point finger at the other person,276,0.907,0.0
stgcn,joint_missing_moderate,2026,54,hugging other person,274,0.9757,0.208
stgcn,joint_missing_moderate,2026,55,giving something to other person,276,0.9348,0.0
stgcn,joint_missing_moderate,2026,56,touch other person's pocket,275,0.9285,0.0
stgcn,joint_missing_moderate,2026,57,handshaking,276,0.9517,0.0
stgcn,joint_missing_moderate,2026,58,walking towards each other,273,0.9939,0.0586
stgcn,joint_missing_moderate,2026,59,walking apart from each other,276,0.9626,0.0471
stgcn,joint_missing_moderate,3407,0,drink water,274,0.8759,0.062
stgcn,joint_missing_moderate,3407,1,eat meal/snack,275,0.7394,0.0764
stgcn,joint_missing_moderate,3407,2,brushing teeth,273,0.8584,0.011
stgcn,joint_missing_moderate,3407,3,brushing hair,273,0.9048,0.0256
stgcn,joint_missing_moderate,3407,4,drop,275,0.8315,0.0
stgcn,joint_missing_moderate,3407,5,pickup,275,0.9527,0.0655
stgcn,joint_missing_moderate,3407,6,throw,275,0.9115,0.1236
stgcn,joint_missing_moderate,3407,7,sitting down,273,0.9658,0.022
stgcn,joint_missing_moderate,3407,8,standing up (from sitting position),273,0.9805,0.5275
stgcn,joint_missing_moderate,3407,9,clapping,273,0.7827,0.022
stgcn,joint_missing_moderate,3407,10,reading,273,0.6032,0.0
stgcn,joint_missing_moderate,3407,11,writing,272,0.5245,0.125
stgcn,joint_missing_moderate,3407,12,tear up paper,271,0.8954,0.0775
stgcn,joint_missing_moderate,3407,13,wear jacket,275,0.983,0.8145
stgcn,joint_missing_moderate,3407,14,take off jacket,276,0.9589,0.5217
stgcn,joint_missing_moderate,3407,15,wear a shoe,273,0.6545,0.1099
stgcn,joint_missing_moderate,3407,16,take off a shoe,274,0.7798,0.0182
stgcn,joint_missing_moderate,3407,17,wear on glasses,273,0.906,0.2491
stgcn,joint_missing_moderate,3407,18,take off glasses,274,0.9343,0.0693
stgcn,joint_missing_moderate,3407,19,put on a hat/cap,272,0.9498,0.0294
stgcn,joint_missing_moderate,3407,20,take off a hat/cap,273,0.9731,0.2674
stgcn,joint_missing_moderate,3407,21,cheer up,274,0.9234,0.1058
stgcn,joint_missing_moderate,3407,22,hand waving,274,0.9063,0.0474
stgcn,joint_missing_moderate,3407,23,kicking something,276,0.9372,0.0833
stgcn,joint_missing_moderate,3407,24,reach into pocket,274,0.8358,0.0292
stgcn,joint_missing_moderate,3407,25,hopping (one foot jumping),275,0.9879,0.0618
stgcn,joint_missing_moderate,3407,26,jump up,276,0.9964,0.087
stgcn,joint_missing_moderate,3407,27,make a phone call/answer phone,275,0.8679,0.0
stgcn,joint_missing_moderate,3407,28,playing with phone/tablet,275,0.6824,0.0473
stgcn,joint_missing_moderate,3407,29,typing on a keyboard,275,0.7515,0.9018
stgcn,joint_missing_moderate,3407,30,pointing to something with finger,276,0.7585,0.4819
stgcn,joint_missing_moderate,3407,31,taking a selfie,276,0.8925,0.3804
stgcn,joint_missing_moderate,3407,32,check time (from watch),276,0.8829,0.3152
stgcn,joint_missing_moderate,3407,33,rub two hands together,276,0.8829,0.0181
stgcn,joint_missing_moderate,3407,34,nod head/bow,276,0.965,0.058
stgcn,joint_missing_moderate,3407,35,shake head,275,0.9418,0.0255
stgcn,joint_missing_moderate,3407,36,wipe face,276,0.8321,0.0036
stgcn,joint_missing_moderate,3407,37,salute,276,0.9179,0.0181
stgcn,joint_missing_moderate,3407,38,put the palms together,276,0.9408,0.0761
stgcn,joint_missing_moderate,3407,39,cross hands in front (say stop),276,0.8998,0.4565
stgcn,joint_missing_moderate,3407,40,sneeze/cough,276,0.7379,0.0036
stgcn,joint_missing_moderate,3407,41,staggering,276,0.9915,0.0
stgcn,joint_missing_moderate,3407,42,falling,275,0.9855,0.0218
stgcn,joint_missing_moderate,3407,43,touch head (headache),276,0.7657,0.0145
stgcn,joint_missing_moderate,3407,44,touch chest (stomachache/heart pain),276,0.9058,0.1196
stgcn,joint_missing_moderate,3407,45,touch back (backache),276,0.9263,0.0688
stgcn,joint_missing_moderate,3407,46,touch neck (neckache),276,0.8816,0.0217
stgcn,joint_missing_moderate,3407,47,nausea or vomiting condition,275,0.8509,0.1636
stgcn,joint_missing_moderate,3407,48,use a fan (with hand or paper)/feeling warm,275,0.9261,0.28
stgcn,joint_missing_moderate,3407,49,punching/slapping other person,274,0.8662,0.0036
stgcn,joint_missing_moderate,3407,50,kicking other person,276,0.9167,0.0
stgcn,joint_missing_moderate,3407,51,pushing other person,276,0.971,0.0
stgcn,joint_missing_moderate,3407,52,pat on back of other person,276,0.942,0.0
stgcn,joint_missing_moderate,3407,53,point finger at the other person,276,0.907,0.0217
stgcn,joint_missing_moderate,3407,54,hugging other person,274,0.9757,0.0876
stgcn,joint_missing_moderate,3407,55,giving something to other person,276,0.9348,0.0
stgcn,joint_missing_moderate,3407,56,touch other person's pocket,275,0.9285,0.0036
stgcn,joint_missing_moderate,3407,57,handshaking,276,0.9517,0.0
stgcn,joint_missing_moderate,3407,58,walking towards each other,273,0.9939,0.1685
stgcn,joint_missing_moderate,3407,59,walking apart from each other,276,0.9626,0.4529
stgcn,limb_occlusion_moderate,255,0,drink water,274,0.8759,0.5328
stgcn,limb_occlusion_moderate,255,1,eat meal/snack,275,0.7394,0.5091
stgcn,limb_occlusion_moderate,255,2,brushing teeth,273,0.8584,0.4872
stgcn,limb_occlusion_moderate,255,3,brushing hair,273,0.9048,0.6777
stgcn,limb_occlusion_moderate,255,4,drop,275,0.8315,0.6073
stgcn,limb_occlusion_moderate,255,5,pickup,275,0.9527,0.7091
stgcn,limb_occlusion_moderate,255,6,throw,275,0.9115,0.5927
stgcn,limb_occlusion_moderate,255,7,sitting down,273,0.9658,0.696
stgcn,limb_occlusion_moderate,255,8,standing up (from sitting position),273,0.9805,0.6484
stgcn,limb_occlusion_moderate,255,9,clapping,273,0.7827,0.5128
stgcn,limb_occlusion_moderate,255,10,reading,273,0.6032,0.4469
stgcn,limb_occlusion_moderate,255,11,writing,272,0.5245,0.3529
stgcn,limb_occlusion_moderate,255,12,tear up paper,271,0.8954,0.6863
stgcn,limb_occlusion_moderate,255,13,wear jacket,275,0.983,0.7855
stgcn,limb_occlusion_moderate,255,14,take off jacket,276,0.9589,0.7319
stgcn,limb_occlusion_moderate,255,15,wear a shoe,273,0.6545,0.3773
stgcn,limb_occlusion_moderate,255,16,take off a shoe,274,0.7798,0.5547
stgcn,limb_occlusion_moderate,255,17,wear on glasses,273,0.906,0.7106
stgcn,limb_occlusion_moderate,255,18,take off glasses,274,0.9343,0.7007
stgcn,limb_occlusion_moderate,255,19,put on a hat/cap,272,0.9498,0.5919
stgcn,limb_occlusion_moderate,255,20,take off a hat/cap,273,0.9731,0.5897
stgcn,limb_occlusion_moderate,255,21,cheer up,274,0.9234,0.6825
stgcn,limb_occlusion_moderate,255,22,hand waving,274,0.9063,0.5985
stgcn,limb_occlusion_moderate,255,23,kicking something,276,0.9372,0.8007
stgcn,limb_occlusion_moderate,255,24,reach into pocket,274,0.8358,0.6241
stgcn,limb_occlusion_moderate,255,25,hopping (one foot jumping),275,0.9879,0.9236
stgcn,limb_occlusion_moderate,255,26,jump up,276,0.9964,0.8768
stgcn,limb_occlusion_moderate,255,27,make a phone call/answer phone,275,0.8679,0.5927
stgcn,limb_occlusion_moderate,255,28,playing with phone/tablet,275,0.6824,0.5164
stgcn,limb_occlusion_moderate,255,29,typing on a keyboard,275,0.7515,0.5418
stgcn,limb_occlusion_moderate,255,30,pointing to something with finger,276,0.7585,0.5109
stgcn,limb_occlusion_moderate,255,31,taking a selfie,276,0.8925,0.5543
stgcn,limb_occlusion_moderate,255,32,check time (from watch),276,0.8829,0.5109
stgcn,limb_occlusion_moderate,255,33,rub two hands together,276,0.8829,0.6522
stgcn,limb_occlusion_moderate,255,34,nod head/bow,276,0.965,0.5942
stgcn,limb_occlusion_moderate,255,35,shake head,275,0.9418,0.68
stgcn,limb_occlusion_moderate,255,36,wipe face,276,0.8321,0.4239
stgcn,limb_occlusion_moderate,255,37,salute,276,0.9179,0.529
stgcn,limb_occlusion_moderate,255,38,put the palms together,276,0.9408,0.6232
stgcn,limb_occlusion_moderate,255,39,cross hands in front (say stop),276,0.8998,0.6123
stgcn,limb_occlusion_moderate,255,40,sneeze/cough,276,0.7379,0.3949
stgcn,limb_occlusion_moderate,255,41,staggering,276,0.9915,0.9167
stgcn,limb_occlusion_moderate,255,42,falling,275,0.9855,0.9382
stgcn,limb_occlusion_moderate,255,43,touch head (headache),276,0.7657,0.4493
stgcn,limb_occlusion_moderate,255,44,touch chest (stomachache/heart pain),276,0.9058,0.6993
stgcn,limb_occlusion_moderate,255,45,touch back (backache),276,0.9263,0.7572
stgcn,limb_occlusion_moderate,255,46,touch neck (neckache),276,0.8816,0.6486
stgcn,limb_occlusion_moderate,255,47,nausea or vomiting condition,275,0.8509,0.4982
stgcn,limb_occlusion_moderate,255,48,use a fan (with hand or paper)/feeling warm,275,0.9261,0.5855
stgcn,limb_occlusion_moderate,255,49,punching/slapping other person,274,0.8662,0.5511
stgcn,limb_occlusion_moderate,255,50,kicking other person,276,0.9167,0.5254
stgcn,limb_occlusion_moderate,255,51,pushing other person,276,0.971,0.779
stgcn,limb_occlusion_moderate,255,52,pat on back of other person,276,0.942,0.6232
stgcn,limb_occlusion_moderate,255,53,point finger at the other person,276,0.907,0.3225
stgcn,limb_occlusion_moderate,255,54,hugging other person,274,0.9757,0.708
stgcn,limb_occlusion_moderate,255,55,giving something to other person,276,0.9348,0.663
stgcn,limb_occlusion_moderate,255,56,touch other person's pocket,275,0.9285,0.7418
stgcn,limb_occlusion_moderate,255,57,handshaking,276,0.9517,0.6449
stgcn,limb_occlusion_moderate,255,58,walking towards each other,273,0.9939,0.9341
stgcn,limb_occlusion_moderate,255,59,walking apart from each other,276,0.9626,0.9312
stgcn,limb_occlusion_moderate,2026,0,drink water,274,0.8759,0.4854
stgcn,limb_occlusion_moderate,2026,1,eat meal/snack,275,0.7394,0.4436
stgcn,limb_occlusion_moderate,2026,2,brushing teeth,273,0.8584,0.5201
stgcn,limb_occlusion_moderate,2026,3,brushing hair,273,0.9048,0.63
stgcn,limb_occlusion_moderate,2026,4,drop,275,0.8315,0.6327
stgcn,limb_occlusion_moderate,2026,5,pickup,275,0.9527,0.5782
stgcn,limb_occlusion_moderate,2026,6,throw,275,0.9115,0.6182
stgcn,limb_occlusion_moderate,2026,7,sitting down,273,0.9658,0.7216
stgcn,limb_occlusion_moderate,2026,8,standing up (from sitting position),273,0.9805,0.6337
stgcn,limb_occlusion_moderate,2026,9,clapping,273,0.7827,0.5604
stgcn,limb_occlusion_moderate,2026,10,reading,273,0.6032,0.4029
stgcn,limb_occlusion_moderate,2026,11,writing,272,0.5245,0.5037
stgcn,limb_occlusion_moderate,2026,12,tear up paper,271,0.8954,0.6273
stgcn,limb_occlusion_moderate,2026,13,wear jacket,275,0.983,0.7236
stgcn,limb_occlusion_moderate,2026,14,take off jacket,276,0.9589,0.7572
stgcn,limb_occlusion_moderate,2026,15,wear a shoe,273,0.6545,0.3846
stgcn,limb_occlusion_moderate,2026,16,take off a shoe,274,0.7798,0.5036
stgcn,limb_occlusion_moderate,2026,17,wear on glasses,273,0.906,0.6667
stgcn,limb_occlusion_moderate,2026,18,take off glasses,274,0.9343,0.7336
stgcn,limb_occlusion_moderate,2026,19,put on a hat/cap,272,0.9498,0.5956
stgcn,limb_occlusion_moderate,2026,20,take off a hat/cap,273,0.9731,0.6044
stgcn,limb_occlusion_moderate,2026,21,cheer up,274,0.9234,0.6861
stgcn,limb_occlusion_moderate,2026,22,hand waving,274,0.9063,0.5766
stgcn,limb_occlusion_moderate,2026,23,kicking something,276,0.9372,0.692
stgcn,limb_occlusion_moderate,2026,24,reach into pocket,274,0.8358,0.6131
stgcn,limb_occlusion_moderate,2026,25,hopping (one foot jumping),275,0.9879,0.8945
stgcn,limb_occlusion_moderate,2026,26,jump up,276,0.9964,0.7428
stgcn,limb_occlusion_moderate,2026,27,make a phone call/answer phone,275,0.8679,0.5927
stgcn,limb_occlusion_moderate,2026,28,playing with phone/tablet,275,0.6824,0.4436
stgcn,limb_occlusion_moderate,2026,29,typing on a keyboard,275,0.7515,0.4691
stgcn,limb_occlusion_moderate,2026,30,pointing to something with finger,276,0.7585,0.4674
stgcn,limb_occlusion_moderate,2026,31,taking a selfie,276,0.8925,0.558
stgcn,limb_occlusion_moderate,2026,32,check time (from watch),276,0.8829,0.4601
stgcn,limb_occlusion_moderate,2026,33,rub two hands together,276,0.8829,0.6159
stgcn,limb_occlusion_moderate,2026,34,nod head/bow,276,0.965,0.5833
stgcn,limb_occlusion_moderate,2026,35,shake head,275,0.9418,0.6145
stgcn,limb_occlusion_moderate,2026,36,wipe face,276,0.8321,0.4529
stgcn,limb_occlusion_moderate,2026,37,salute,276,0.9179,0.5254
stgcn,limb_occlusion_moderate,2026,38,put the palms together,276,0.9408,0.663
stgcn,limb_occlusion_moderate,2026,39,cross hands in front (say stop),276,0.8998,0.5181
stgcn,limb_occlusion_moderate,2026,40,sneeze/cough,276,0.7379,0.3949
stgcn,limb_occlusion_moderate,2026,41,staggering,276,0.9915,0.8587
stgcn,limb_occlusion_moderate,2026,42,falling,275,0.9855,0.88
stgcn,limb_occlusion_moderate,2026,43,touch head (headache),276,0.7657,0.5145
stgcn,limb_occlusion_moderate,2026,44,touch chest (stomachache/heart pain),276,0.9058,0.6703
stgcn,limb_occlusion_moderate,2026,45,touch back (backache),276,0.9263,0.6594
stgcn,limb_occlusion_moderate,2026,46,touch neck (neckache),276,0.8816,0.587
stgcn,limb_occlusion_moderate,2026,47,nausea or vomiting condition,275,0.8509,0.5673
stgcn,limb_occlusion_moderate,2026,48,use a fan (with hand or paper)/feeling warm,275,0.9261,0.6073
stgcn,limb_occlusion_moderate,2026,49,punching/slapping other person,274,0.8662,0.5657
stgcn,limb_occlusion_moderate,2026,50,kicking other person,276,0.9167,0.4855
stgcn,limb_occlusion_moderate,2026,51,pushing other person,276,0.971,0.6993
stgcn,limb_occlusion_moderate,2026,52,pat on back of other person,276,0.942,0.7246
stgcn,limb_occlusion_moderate,2026,53,point finger at the other person,276,0.907,0.4022
stgcn,limb_occlusion_moderate,2026,54,hugging other person,274,0.9757,0.7372
stgcn,limb_occlusion_moderate,2026,55,giving something to other person,276,0.9348,0.6848
stgcn,limb_occlusion_moderate,2026,56,touch other person's pocket,275,0.9285,0.6982
stgcn,limb_occlusion_moderate,2026,57,handshaking,276,0.9517,0.6159
stgcn,limb_occlusion_moderate,2026,58,walking towards each other,273,0.9939,0.9084
stgcn,limb_occlusion_moderate,2026,59,walking apart from each other,276,0.9626,0.942
stgcn,limb_occlusion_moderate,3407,0,drink water,274,0.8759,0.5146
stgcn,limb_occlusion_moderate,3407,1,eat meal/snack,275,0.7394,0.44
stgcn,limb_occlusion_moderate,3407,2,brushing teeth,273,0.8584,0.4835
stgcn,limb_occlusion_moderate,3407,3,brushing hair,273,0.9048,0.6557
stgcn,limb_occlusion_moderate,3407,4,drop,275,0.8315,0.6036
stgcn,limb_occlusion_moderate,3407,5,pickup,275,0.9527,0.6
stgcn,limb_occlusion_moderate,3407,6,throw,275,0.9115,0.6145
stgcn,limb_occlusion_moderate,3407,7,sitting down,273,0.9658,0.6447
stgcn,limb_occlusion_moderate,3407,8,standing up (from sitting position),273,0.9805,0.63
stgcn,limb_occlusion_moderate,3407,9,clapping,273,0.7827,0.5128
stgcn,limb_occlusion_moderate,3407,10,reading,273,0.6032,0.4432
stgcn,limb_occlusion_moderate,3407,11,writing,272,0.5245,0.5074
stgcn,limb_occlusion_moderate,3407,12,tear up paper,271,0.8954,0.6273
stgcn,limb_occlusion_moderate,3407,13,wear jacket,275,0.983,0.7418
stgcn,limb_occlusion_moderate,3407,14,take off jacket,276,0.9589,0.7572
stgcn,limb_occlusion_moderate,3407,15,wear a shoe,273,0.6545,0.348
stgcn,limb_occlusion_moderate,3407,16,take off a shoe,274,0.7798,0.635
stgcn,limb_occlusion_moderate,3407,17,wear on glasses,273,0.906,0.6886
stgcn,limb_occlusion_moderate,3407,18,take off glasses,274,0.9343,0.6825
stgcn,limb_occlusion_moderate,3407,19,put on a hat/cap,272,0.9498,0.6618
stgcn,limb_occlusion_moderate,3407,20,take off a hat/cap,273,0.9731,0.619
stgcn,limb_occlusion_moderate,3407,21,cheer up,274,0.9234,0.6752
stgcn,limb_occlusion_moderate,3407,22,hand waving,274,0.9063,0.6022
stgcn,limb_occlusion_moderate,3407,23,kicking something,276,0.9372,0.8043
stgcn,limb_occlusion_moderate,3407,24,reach into pocket,274,0.8358,0.6058
stgcn,limb_occlusion_moderate,3407,25,hopping (one foot jumping),275,0.9879,0.7709
stgcn,limb_occlusion_moderate,3407,26,jump up,276,0.9964,0.6449
stgcn,limb_occlusion_moderate,3407,27,make a phone call/answer phone,275,0.8679,0.5673
stgcn,limb_occlusion_moderate,3407,28,playing with phone/tablet,275,0.6824,0.48
stgcn,limb_occlusion_moderate,3407,29,typing on a keyboard,275,0.7515,0.4436
stgcn,limb_occlusion_moderate,3407,30,pointing to something with finger,276,0.7585,0.5
stgcn,limb_occlusion_moderate,3407,31,taking a selfie,276,0.8925,0.5543
stgcn,limb_occlusion_moderate,3407,32,check time (from watch),276,0.8829,0.471
stgcn,limb_occlusion_moderate,3407,33,rub two hands together,276,0.8829,0.6159
stgcn,limb_occlusion_moderate,3407,34,nod head/bow,276,0.965,0.5254
stgcn,limb_occlusion_moderate,3407,35,shake head,275,0.9418,0.5927
stgcn,limb_occlusion_moderate,3407,36,wipe face,276,0.8321,0.4891
stgcn,limb_occlusion_moderate,3407,37,salute,276,0.9179,0.5326
stgcn,limb_occlusion_moderate,3407,38,put the palms together,276,0.9408,0.6848
stgcn,limb_occlusion_moderate,3407,39,cross hands in front (say stop),276,0.8998,0.5181
stgcn,limb_occlusion_moderate,3407,40,sneeze/cough,276,0.7379,0.3768
stgcn,limb_occlusion_moderate,3407,41,staggering,276,0.9915,0.808
stgcn,limb_occlusion_moderate,3407,42,falling,275,0.9855,0.8291
stgcn,limb_occlusion_moderate,3407,43,touch head (headache),276,0.7657,0.471
stgcn,limb_occlusion_moderate,3407,44,touch chest (stomachache/heart pain),276,0.9058,0.692
stgcn,limb_occlusion_moderate,3407,45,touch back (backache),276,0.9263,0.7391
stgcn,limb_occlusion_moderate,3407,46,touch neck (neckache),276,0.8816,0.6232
stgcn,limb_occlusion_moderate,3407,47,nausea or vomiting condition,275,0.8509,0.4727
stgcn,limb_occlusion_moderate,3407,48,use a fan (with hand or paper)/feeling warm,275,0.9261,0.6109
stgcn,limb_occlusion_moderate,3407,49,punching/slapping other person,274,0.8662,0.4818
stgcn,limb_occlusion_moderate,3407,50,kicking other person,276,0.9167,0.5833
stgcn,limb_occlusion_moderate,3407,51,pushing other person,276,0.971,0.7717
stgcn,limb_occlusion_moderate,3407,52,pat on back of other person,276,0.942,0.5906
stgcn,limb_occlusion_moderate,3407,53,point finger at the other person,276,0.907,0.413
stgcn,limb_occlusion_moderate,3407,54,hugging other person,274,0.9757,0.7591
stgcn,limb_occlusion_moderate,3407,55,giving something to other person,276,0.9348,0.7029
stgcn,limb_occlusion_moderate,3407,56,touch other person's pocket,275,0.9285,0.7636
stgcn,limb_occlusion_moderate,3407,57,handshaking,276,0.9517,0.6413
stgcn,limb_occlusion_moderate,3407,58,walking towards each other,273,0.9939,0.9487
stgcn,limb_occlusion_moderate,3407,59,walking apart from each other,276,0.9626,0.9384
stgcn,coord_noise_moderate,255,0,drink water,274,0.8759,0.0036
stgcn,coord_noise_moderate,255,1,eat meal/snack,275,0.7394,0.0909
stgcn,coord_noise_moderate,255,2,brushing teeth,273,0.8584,0.0073
stgcn,coord_noise_moderate,255,3,brushing hair,273,0.9048,0.0037
stgcn,coord_noise_moderate,255,4,drop,275,0.8315,0.0182
stgcn,coord_noise_moderate,255,5,pickup,275,0.9527,0.9055
stgcn,coord_noise_moderate,255,6,throw,275,0.9115,0.2291
stgcn,coord_noise_moderate,255,7,sitting down,273,0.9658,0.326
stgcn,coord_noise_moderate,255,8,standing up (from sitting position),273,0.9805,0.8901
stgcn,coord_noise_moderate,255,9,clapping,273,0.7827,0.2747
stgcn,coord_noise_moderate,255,10,reading,273,0.6032,0.1685
stgcn,coord_noise_moderate,255,11,writing,272,0.5245,0.6397
stgcn,coord_noise_moderate,255,12,tear up paper,271,0.8954,0.1771
stgcn,coord_noise_moderate,255,13,wear jacket,275,0.983,0.9964
stgcn,coord_noise_moderate,255,14,take off jacket,276,0.9589,0.4638
stgcn,coord_noise_moderate,255,15,wear a shoe,273,0.6545,0.3333
stgcn,coord_noise_moderate,255,16,take off a shoe,274,0.7798,0.3613
stgcn,coord_noise_moderate,255,17,wear on glasses,273,0.906,0.2454
stgcn,coord_noise_moderate,255,18,take off glasses,274,0.9343,0.2445
stgcn,coord_noise_moderate,255,19,put on a hat/cap,272,0.9498,0.0956
stgcn,coord_noise_moderate,255,20,take off a hat/cap,273,0.9731,0.1648
stgcn,coord_noise_moderate,255,21,cheer up,274,0.9234,0.1569
stgcn,coord_noise_moderate,255,22,hand waving,274,0.9063,0.0766
stgcn,coord_noise_moderate,255,23,kicking something,276,0.9372,0.058
stgcn,coord_noise_moderate,255,24,reach into pocket,274,0.8358,0.0255
stgcn,coord_noise_moderate,255,25,hopping (one foot jumping),275,0.9879,0.0218
stgcn,coord_noise_moderate,255,26,jump up,276,0.9964,0.3007
stgcn,coord_noise_moderate,255,27,make a phone call/answer phone,275,0.8679,0.0
stgcn,coord_noise_moderate,255,28,playing with phone/tablet,275,0.6824,0.0655
stgcn,coord_noise_moderate,255,29,typing on a keyboard,275,0.7515,0.5745
stgcn,coord_noise_moderate,255,30,pointing to something with finger,276,0.7585,0.1884
stgcn,coord_noise_moderate,255,31,taking a selfie,276,0.8925,0.2572
stgcn,coord_noise_moderate,255,32,check time (from watch),276,0.8829,0.1232
stgcn,coord_noise_moderate,255,33,rub two hands together,276,0.8829,0.0543
stgcn,coord_noise_moderate,255,34,nod head/bow,276,0.965,0.5145
stgcn,coord_noise_moderate,255,35,shake head,275,0.9418,0.0255
stgcn,coord_noise_moderate,255,36,wipe face,276,0.8321,0.0
stgcn,coord_noise_moderate,255,37,salute,276,0.9179,0.0471
stgcn,coord_noise_moderate,255,38,put the palms together,276,0.9408,0.0036
stgcn,coord_noise_moderate,255,39,cross hands in front (say stop),276,0.8998,0.7246
stgcn,coord_noise_moderate,255,40,sneeze/cough,276,0.7379,0.0362
stgcn,coord_noise_moderate,255,41,staggering,276,0.9915,0.0688
stgcn,coord_noise_moderate,255,42,falling,275,0.9855,0.7964
stgcn,coord_noise_moderate,255,43,touch head (headache),276,0.7657,0.0362
stgcn,coord_noise_moderate,255,44,touch chest (stomachache/heart pain),276,0.9058,0.1775
stgcn,coord_noise_moderate,255,45,touch back (backache),276,0.9263,0.0761
stgcn,coord_noise_moderate,255,46,touch neck (neckache),276,0.8816,0.0072
stgcn,coord_noise_moderate,255,47,nausea or vomiting condition,275,0.8509,0.6436
stgcn,coord_noise_moderate,255,48,use a fan (with hand or paper)/feeling warm,275,0.9261,0.8036
stgcn,coord_noise_moderate,255,49,punching/slapping other person,274,0.8662,0.0401
stgcn,coord_noise_moderate,255,50,kicking other person,276,0.9167,0.0
stgcn,coord_noise_moderate,255,51,pushing other person,276,0.971,0.0
stgcn,coord_noise_moderate,255,52,pat on back of other person,276,0.942,0.0471
stgcn,coord_noise_moderate,255,53,point finger at the other person,276,0.907,0.4167
stgcn,coord_noise_moderate,255,54,hugging other person,274,0.9757,0.1168
stgcn,coord_noise_moderate,255,55,giving something to other person,276,0.9348,0.0725
stgcn,coord_noise_moderate,255,56,touch other person's pocket,275,0.9285,0.2545
stgcn,coord_noise_moderate,255,57,handshaking,276,0.9517,0.308
stgcn,coord_noise_moderate,255,58,walking towards each other,273,0.9939,0.4689
stgcn,coord_noise_moderate,255,59,walking apart from each other,276,0.9626,0.0652
stgcn,coord_noise_moderate,2026,0,drink water,274,0.8759,0.0
stgcn,coord_noise_moderate,2026,1,eat meal/snack,275,0.7394,0.0
stgcn,coord_noise_moderate,2026,2,brushing teeth,273,0.8584,0.0037
stgcn,coord_noise_moderate,2026,3,brushing hair,273,0.9048,0.0403
stgcn,coord_noise_moderate,2026,4,drop,275,0.8315,0.0509
stgcn,coord_noise_moderate,2026,5,pickup,275,0.9527,0.8073
stgcn,coord_noise_moderate,2026,6,throw,275,0.9115,0.1491
stgcn,coord_noise_moderate,2026,7,sitting down,273,0.9658,0.7509
stgcn,coord_noise_moderate,2026,8,standing up (from sitting position),273,0.9805,0.6337
stgcn,coord_noise_moderate,2026,9,clapping,273,0.7827,0.4212
stgcn,coord_noise_moderate,2026,10,reading,273,0.6032,0.0
stgcn,coord_noise_moderate,2026,11,writing,272,0.5245,0.5625
stgcn,coord_noise_moderate,2026,12,tear up paper,271,0.8954,0.0701
stgcn,coord_noise_moderate,2026,13,wear jacket,275,0.983,0.7091
stgcn,coord_noise_moderate,2026,14,take off jacket,276,0.9589,0.6377
stgcn,coord_noise_moderate,2026,15,wear a shoe,273,0.6545,0.359
stgcn,coord_noise_moderate,2026,16,take off a shoe,274,0.7798,0.2226
stgcn,coord_noise_moderate,2026,17,wear on glasses,273,0.906,0.0183
stgcn,coord_noise_moderate,2026,18,take off glasses,274,0.9343,0.0255
stgcn,coord_noise_moderate,2026,19,put on a hat/cap,272,0.9498,0.1176
stgcn,coord_noise_moderate,2026,20,take off a hat/cap,273,0.9731,0.348
stgcn,coord_noise_moderate,2026,21,cheer up,274,0.9234,0.2409
stgcn,coord_noise_moderate,2026,22,hand waving,274,0.9063,0.1131
stgcn,coord_noise_moderate,2026,23,kicking something,276,0.9372,0.0036
stgcn,coord_noise_moderate,2026,24,reach into pocket,274,0.8358,0.0073
stgcn,coord_noise_moderate,2026,25,hopping (one foot jumping),275,0.9879,0.2145
stgcn,coord_noise_moderate,2026,26,jump up,276,0.9964,0.692
stgcn,coord_noise_moderate,2026,27,make a phone call/answer phone,275,0.8679,0.0
stgcn,coord_noise_moderate,2026,28,playing with phone/tablet,275,0.6824,0.0509
stgcn,coord_noise_moderate,2026,29,typing on a keyboard,275,0.7515,0.7564
stgcn,coord_noise_moderate,2026,30,pointing to something with finger,276,0.7585,0.4601
stgcn,coord_noise_moderate,2026,31,taking a selfie,276,0.8925,0.0471
stgcn,coord_noise_moderate,2026,32,check time (from watch),276,0.8829,0.2101
stgcn,coord_noise_moderate,2026,33,rub two hands together,276,0.8829,0.0036
stgcn,coord_noise_moderate,2026,34,nod head/bow,276,0.965,0.4601
stgcn,coord_noise_moderate,2026,35,shake head,275,0.9418,0.0255
stgcn,coord_noise_moderate,2026,36,wipe face,276,0.8321,0.0036
stgcn,coord_noise_moderate,2026,37,salute,276,0.9179,0.0688
stgcn,coord_noise_moderate,2026,38,put the palms together,276,0.9408,0.0181
stgcn,coord_noise_moderate,2026,39,cross hands in front (say stop),276,0.8998,0.3043
stgcn,coord_noise_moderate,2026,40,sneeze/cough,276,0.7379,0.0072
stgcn,coord_noise_moderate,2026,41,staggering,276,0.9915,0.0181
stgcn,coord_noise_moderate,2026,42,falling,275,0.9855,0.8182
stgcn,coord_noise_moderate,2026,43,touch head (headache),276,0.7657,0.1775
stgcn,coord_noise_moderate,2026,44,touch chest (stomachache/heart pain),276,0.9058,0.2246
stgcn,coord_noise_moderate,2026,45,touch back (backache),276,0.9263,0.0725
stgcn,coord_noise_moderate,2026,46,touch neck (neckache),276,0.8816,0.0
stgcn,coord_noise_moderate,2026,47,nausea or vomiting condition,275,0.8509,0.7273
stgcn,coord_noise_moderate,2026,48,use a fan (with hand or paper)/feeling warm,275,0.9261,0.2655
stgcn,coord_noise_moderate,2026,49,punching/slapping other person,274,0.8662,0.0146
stgcn,coord_noise_moderate,2026,50,kicking other person,276,0.9167,0.0
stgcn,coord_noise_moderate,2026,51,pushing other person,276,0.971,0.0036
stgcn,coord_noise_moderate,2026,52,pat on back of other person,276,0.942,0.5725
stgcn,coord_noise_moderate,2026,53,point finger at the other person,276,0.907,0.0652
stgcn,coord_noise_moderate,2026,54,hugging other person,274,0.9757,0.2883
stgcn,coord_noise_moderate,2026,55,giving something to other person,276,0.9348,0.0
stgcn,coord_noise_moderate,2026,56,touch other person's pocket,275,0.9285,0.0036
stgcn,coord_noise_moderate,2026,57,handshaking,276,0.9517,0.0
stgcn,coord_noise_moderate,2026,58,walking towards each other,273,0.9939,0.4212
stgcn,coord_noise_moderate,2026,59,walking apart from each other,276,0.9626,0.1594
stgcn,coord_noise_moderate,3407,0,drink water,274,0.8759,0.0146
stgcn,coord_noise_moderate,3407,1,eat meal/snack,275,0.7394,0.2
stgcn,coord_noise_moderate,3407,2,brushing teeth,273,0.8584,0.011
stgcn,coord_noise_moderate,3407,3,brushing hair,273,0.9048,0.0
stgcn,coord_noise_moderate,3407,4,drop,275,0.8315,0.0
stgcn,coord_noise_moderate,3407,5,pickup,275,0.9527,0.8145
stgcn,coord_noise_moderate,3407,6,throw,275,0.9115,0.1855
stgcn,coord_noise_moderate,3407,7,sitting down,273,0.9658,0.5055
stgcn,coord_noise_moderate,3407,8,standing up (from sitting position),273,0.9805,0.8645
stgcn,coord_noise_moderate,3407,9,clapping,273,0.7827,0.0916
stgcn,coord_noise_moderate,3407,10,reading,273,0.6032,0.033
stgcn,coord_noise_moderate,3407,11,writing,272,0.5245,0.1397
stgcn,coord_noise_moderate,3407,12,tear up paper,271,0.8954,0.1033
stgcn,coord_noise_moderate,3407,13,wear jacket,275,0.983,0.9236
stgcn,coord_noise_moderate,3407,14,take off jacket,276,0.9589,0.6232
stgcn,coord_noise_moderate,3407,15,wear a shoe,273,0.6545,0.37
stgcn,coord_noise_moderate,3407,16,take off a shoe,274,0.7798,0.2372
stgcn,coord_noise_moderate,3407,17,wear on glasses,273,0.906,0.2161
stgcn,coord_noise_moderate,3407,18,take off glasses,274,0.9343,0.0292
stgcn,coord_noise_moderate,3407,19,put on a hat/cap,272,0.9498,0.0662
stgcn,coord_noise_moderate,3407,20,take off a hat/cap,273,0.9731,0.1062
stgcn,coord_noise_moderate,3407,21,cheer up,274,0.9234,0.3029
stgcn,coord_noise_moderate,3407,22,hand waving,274,0.9063,0.2555
stgcn,coord_noise_moderate,3407,23,kicking something,276,0.9372,0.3877
stgcn,coord_noise_moderate,3407,24,reach into pocket,274,0.8358,0.0036
stgcn,coord_noise_moderate,3407,25,hopping (one foot jumping),275,0.9879,0.0727
stgcn,coord_noise_moderate,3407,26,jump up,276,0.9964,0.4312
stgcn,coord_noise_moderate,3407,27,make a phone call/answer phone,275,0.8679,0.0
stgcn,coord_noise_moderate,3407,28,playing with phone/tablet,275,0.6824,0.1018
stgcn,coord_noise_moderate,3407,29,typing on a keyboard,275,0.7515,0.8727
stgcn,coord_noise_moderate,3407,30,pointing to something with finger,276,0.7585,0.4493
stgcn,coord_noise_moderate,3407,31,taking a selfie,276,0.8925,0.1884
stgcn,coord_noise_moderate,3407,32,check time (from watch),276,0.8829,0.1993
stgcn,coord_noise_moderate,3407,33,rub two hands together,276,0.8829,0.0217
stgcn,coord_noise_moderate,3407,34,nod head/bow,276,0.965,0.3804
stgcn,coord_noise_moderate,3407,35,shake head,275,0.9418,0.0291
stgcn,coord_noise_moderate,3407,36,wipe face,276,0.8321,0.0
stgcn,coord_noise_moderate,3407,37,salute,276,0.9179,0.029
stgcn,coord_noise_moderate,3407,38,put the palms together,276,0.9408,0.0543
stgcn,coord_noise_moderate,3407,39,cross hands in front (say stop),276,0.8998,0.7391
stgcn,coord_noise_moderate,3407,40,sneeze/cough,276,0.7379,0.0072
stgcn,coord_noise_moderate,3407,41,staggering,276,0.9915,0.163
stgcn,coord_noise_moderate,3407,42,falling,275,0.9855,0.8945
stgcn,coord_noise_moderate,3407,43,touch head (headache),276,0.7657,0.0036
stgcn,coord_noise_moderate,3407,44,touch chest (stomachache/heart pain),276,0.9058,0.1123
stgcn,coord_noise_moderate,3407,45,touch back (backache),276,0.9263,0.0471
stgcn,coord_noise_moderate,3407,46,touch neck (neckache),276,0.8816,0.0036
stgcn,coord_noise_moderate,3407,47,nausea or vomiting condition,275,0.8509,0.3709
stgcn,coord_noise_moderate,3407,48,use a fan (with hand or paper)/feeling warm,275,0.9261,0.8218
stgcn,coord_noise_moderate,3407,49,punching/slapping other person,274,0.8662,0.2518
stgcn,coord_noise_moderate,3407,50,kicking other person,276,0.9167,0.0797
stgcn,coord_noise_moderate,3407,51,pushing other person,276,0.971,0.0109
stgcn,coord_noise_moderate,3407,52,pat on back of other person,276,0.942,0.0725
stgcn,coord_noise_moderate,3407,53,point finger at the other person,276,0.907,0.7101
stgcn,coord_noise_moderate,3407,54,hugging other person,274,0.9757,0.2263
stgcn,coord_noise_moderate,3407,55,giving something to other person,276,0.9348,0.0
stgcn,coord_noise_moderate,3407,56,touch other person's pocket,275,0.9285,0.1855
stgcn,coord_noise_moderate,3407,57,handshaking,276,0.9517,0.0507
stgcn,coord_noise_moderate,3407,58,walking towards each other,273,0.9939,0.8755
stgcn,coord_noise_moderate,3407,59,walking apart from each other,276,0.9626,0.9348
stgcn,frame_missing_moderate,255,0,drink water,274,0.8759,0.7044
stgcn,frame_missing_moderate,255,1,eat meal/snack,275,0.7394,0.5345
stgcn,frame_missing_moderate,255,2,brushing teeth,273,0.8584,0.674
stgcn,frame_missing_moderate,255,3,brushing hair,273,0.9048,0.7839
stgcn,frame_missing_moderate,255,4,drop,275,0.8315,0.7273
stgcn,frame_missing_moderate,255,5,pickup,275,0.9527,0.8655
stgcn,frame_missing_moderate,255,6,throw,275,0.9115,0.8
stgcn,frame_missing_moderate,255,7,sitting down,273,0.9658,0.9048
stgcn,frame_missing_moderate,255,8,standing up (from sitting position),273,0.9805,0.9597
stgcn,frame_missing_moderate,255,9,clapping,273,0.7827,0.6007
stgcn,frame_missing_moderate,255,10,reading,273,0.6032,0.4908
stgcn,frame_missing_moderate,255,11,writing,272,0.5245,0.1728
stgcn,frame_missing_moderate,255,12,tear up paper,271,0.8954,0.8229
stgcn,frame_missing_moderate,255,13,wear jacket,275,0.983,0.9455
stgcn,frame_missing_moderate,255,14,take off jacket,276,0.9589,0.9094
stgcn,frame_missing_moderate,255,15,wear a shoe,273,0.6545,0.348
stgcn,frame_missing_moderate,255,16,take off a shoe,274,0.7798,0.5803
stgcn,frame_missing_moderate,255,17,wear on glasses,273,0.906,0.6374
stgcn,frame_missing_moderate,255,18,take off glasses,274,0.9343,0.7226
stgcn,frame_missing_moderate,255,19,put on a hat/cap,272,0.9498,0.8824
stgcn,frame_missing_moderate,255,20,take off a hat/cap,273,0.9731,0.7949
stgcn,frame_missing_moderate,255,21,cheer up,274,0.9234,0.9234
stgcn,frame_missing_moderate,255,22,hand waving,274,0.9063,0.8942
stgcn,frame_missing_moderate,255,23,kicking something,276,0.9372,0.8986
stgcn,frame_missing_moderate,255,24,reach into pocket,274,0.8358,0.6788
stgcn,frame_missing_moderate,255,25,hopping (one foot jumping),275,0.9879,0.9127
stgcn,frame_missing_moderate,255,26,jump up,276,0.9964,0.9275
stgcn,frame_missing_moderate,255,27,make a phone call/answer phone,275,0.8679,0.72
stgcn,frame_missing_moderate,255,28,playing with phone/tablet,275,0.6824,0.3891
stgcn,frame_missing_moderate,255,29,typing on a keyboard,275,0.7515,0.6291
stgcn,frame_missing_moderate,255,30,pointing to something with finger,276,0.7585,0.75
stgcn,frame_missing_moderate,255,31,taking a selfie,276,0.8925,0.7754
stgcn,frame_missing_moderate,255,32,check time (from watch),276,0.8829,0.8007
stgcn,frame_missing_moderate,255,33,rub two hands together,276,0.8829,0.6957
stgcn,frame_missing_moderate,255,34,nod head/bow,276,0.965,0.9529
stgcn,frame_missing_moderate,255,35,shake head,275,0.9418,0.72
stgcn,frame_missing_moderate,255,36,wipe face,276,0.8321,0.5978
stgcn,frame_missing_moderate,255,37,salute,276,0.9179,0.8659
stgcn,frame_missing_moderate,255,38,put the palms together,276,0.9408,0.8116
stgcn,frame_missing_moderate,255,39,cross hands in front (say stop),276,0.8998,0.7174
stgcn,frame_missing_moderate,255,40,sneeze/cough,276,0.7379,0.5181
stgcn,frame_missing_moderate,255,41,staggering,276,0.9915,0.7645
stgcn,frame_missing_moderate,255,42,falling,275,0.9855,0.9818
stgcn,frame_missing_moderate,255,43,touch head (headache),276,0.7657,0.6123
stgcn,frame_missing_moderate,255,44,touch chest (stomachache/heart pain),276,0.9058,0.8986
stgcn,frame_missing_moderate,255,45,touch back (backache),276,0.9263,0.7899
stgcn,frame_missing_moderate,255,46,touch neck (neckache),276,0.8816,0.6703
stgcn,frame_missing_moderate,255,47,nausea or vomiting condition,275,0.8509,0.6582
stgcn,frame_missing_moderate,255,48,use a fan (with hand or paper)/feeling warm,275,0.9261,0.84
stgcn,frame_missing_moderate,255,49,punching/slapping other person,274,0.8662,0.6277
stgcn,frame_missing_moderate,255,50,kicking other person,276,0.9167,0.7645
stgcn,frame_missing_moderate,255,51,pushing other person,276,0.971,0.7645
stgcn,frame_missing_moderate,255,52,pat on back of other person,276,0.942,0.8623
stgcn,frame_missing_moderate,255,53,point finger at the other person,276,0.907,0.6775
stgcn,frame_missing_moderate,255,54,hugging other person,274,0.9757,0.9161
stgcn,frame_missing_moderate,255,55,giving something to other person,276,0.9348,0.8478
stgcn,frame_missing_moderate,255,56,touch other person's pocket,275,0.9285,0.7782
stgcn,frame_missing_moderate,255,57,handshaking,276,0.9517,0.692
stgcn,frame_missing_moderate,255,58,walking towards each other,273,0.9939,0.9524
stgcn,frame_missing_moderate,255,59,walking apart from each other,276,0.9626,0.9601
stgcn,frame_missing_moderate,2026,0,drink water,274,0.8759,0.7664
stgcn,frame_missing_moderate,2026,1,eat meal/snack,275,0.7394,0.5745
stgcn,frame_missing_moderate,2026,2,brushing teeth,273,0.8584,0.6996
stgcn,frame_missing_moderate,2026,3,brushing hair,273,0.9048,0.7473
stgcn,frame_missing_moderate,2026,4,drop,275,0.8315,0.8218
stgcn,frame_missing_moderate,2026,5,pickup,275,0.9527,0.8618
stgcn,frame_missing_moderate,2026,6,throw,275,0.9115,0.8873
stgcn,frame_missing_moderate,2026,7,sitting down,273,0.9658,0.9267
stgcn,frame_missing_moderate,2026,8,standing up (from sitting position),273,0.9805,0.9524
stgcn,frame_missing_moderate,2026,9,clapping,273,0.7827,0.5861
stgcn,frame_missing_moderate,2026,10,reading,273,0.6032,0.3553
stgcn,frame_missing_moderate,2026,11,writing,272,0.5245,0.1875
stgcn,frame_missing_moderate,2026,12,tear up paper,271,0.8954,0.7712
stgcn,frame_missing_moderate,2026,13,wear jacket,275,0.983,0.9345
stgcn,frame_missing_moderate,2026,14,take off jacket,276,0.9589,0.913
stgcn,frame_missing_moderate,2026,15,wear a shoe,273,0.6545,0.4579
stgcn,frame_missing_moderate,2026,16,take off a shoe,274,0.7798,0.5036
stgcn,frame_missing_moderate,2026,17,wear on glasses,273,0.906,0.5385
stgcn,frame_missing_moderate,2026,18,take off glasses,274,0.9343,0.7044
stgcn,frame_missing_moderate,2026,19,put on a hat/cap,272,0.9498,0.8456
stgcn,frame_missing_moderate,2026,20,take off a hat/cap,273,0.9731,0.7619
stgcn,frame_missing_moderate,2026,21,cheer up,274,0.9234,0.9416
stgcn,frame_missing_moderate,2026,22,hand waving,274,0.9063,0.8832
stgcn,frame_missing_moderate,2026,23,kicking something,276,0.9372,0.7717
stgcn,frame_missing_moderate,2026,24,reach into pocket,274,0.8358,0.5401
stgcn,frame_missing_moderate,2026,25,hopping (one foot jumping),275,0.9879,0.9382
stgcn,frame_missing_moderate,2026,26,jump up,276,0.9964,0.9022
stgcn,frame_missing_moderate,2026,27,make a phone call/answer phone,275,0.8679,0.6
stgcn,frame_missing_moderate,2026,28,playing with phone/tablet,275,0.6824,0.2836
stgcn,frame_missing_moderate,2026,29,typing on a keyboard,275,0.7515,0.7091
stgcn,frame_missing_moderate,2026,30,pointing to something with finger,276,0.7585,0.8043
stgcn,frame_missing_moderate,2026,31,taking a selfie,276,0.8925,0.6993
stgcn,frame_missing_moderate,2026,32,check time (from watch),276,0.8829,0.808
stgcn,frame_missing_moderate,2026,33,rub two hands together,276,0.8829,0.6594
stgcn,frame_missing_moderate,2026,34,nod head/bow,276,0.965,0.942
stgcn,frame_missing_moderate,2026,35,shake head,275,0.9418,0.7818
stgcn,frame_missing_moderate,2026,36,wipe face,276,0.8321,0.6268
stgcn,frame_missing_moderate,2026,37,salute,276,0.9179,0.9203
stgcn,frame_missing_moderate,2026,38,put the palms together,276,0.9408,0.7355
stgcn,frame_missing_moderate,2026,39,cross hands in front (say stop),276,0.8998,0.7572
stgcn,frame_missing_moderate,2026,40,sneeze/cough,276,0.7379,0.5725
stgcn,frame_missing_moderate,2026,41,staggering,276,0.9915,0.7174
stgcn,frame_missing_moderate,2026,42,falling,275,0.9855,0.9709
stgcn,frame_missing_moderate,2026,43,touch head (headache),276,0.7657,0.6087
stgcn,frame_missing_moderate,2026,44,touch chest (stomachache/heart pain),276,0.9058,0.8732
stgcn,frame_missing_moderate,2026,45,touch back (backache),276,0.9263,0.8804
stgcn,frame_missing_moderate,2026,46,touch neck (neckache),276,0.8816,0.6413
stgcn,frame_missing_moderate,2026,47,nausea or vomiting condition,275,0.8509,0.7164
stgcn,frame_missing_moderate,2026,48,use a fan (with hand or paper)/feeling warm,275,0.9261,0.8691
stgcn,frame_missing_moderate,2026,49,punching/slapping other person,274,0.8662,0.6971
stgcn,frame_missing_moderate,2026,50,kicking other person,276,0.9167,0.7283
stgcn,frame_missing_moderate,2026,51,pushing other person,276,0.971,0.75
stgcn,frame_missing_moderate,2026,52,pat on back of other person,276,0.942,0.9022
stgcn,frame_missing_moderate,2026,53,point finger at the other person,276,0.907,0.5217
stgcn,frame_missing_moderate,2026,54,hugging other person,274,0.9757,0.927
stgcn,frame_missing_moderate,2026,55,giving something to other person,276,0.9348,0.7826
stgcn,frame_missing_moderate,2026,56,touch other person's pocket,275,0.9285,0.68
stgcn,frame_missing_moderate,2026,57,handshaking,276,0.9517,0.6159
stgcn,frame_missing_moderate,2026,58,walking towards each other,273,0.9939,0.8938
stgcn,frame_missing_moderate,2026,59,walking apart from each other,276,0.9626,0.9674
stgcn,frame_missing_moderate,3407,0,drink water,274,0.8759,0.7299
stgcn,frame_missing_moderate,3407,1,eat meal/snack,275,0.7394,0.5127
stgcn,frame_missing_moderate,3407,2,brushing teeth,273,0.8584,0.7033
stgcn,frame_missing_moderate,3407,3,brushing hair,273,0.9048,0.7692
stgcn,frame_missing_moderate,3407,4,drop,275,0.8315,0.8291
stgcn,frame_missing_moderate,3407,5,pickup,275,0.9527,0.8291
stgcn,frame_missing_moderate,3407,6,throw,275,0.9115,0.8327
stgcn,frame_missing_moderate,3407,7,sitting down,273,0.9658,0.9048
stgcn,frame_missing_moderate,3407,8,standing up (from sitting position),273,0.9805,0.9414
stgcn,frame_missing_moderate,3407,9,clapping,273,0.7827,0.6044
stgcn,frame_missing_moderate,3407,10,reading,273,0.6032,0.4432
stgcn,frame_missing_moderate,3407,11,writing,272,0.5245,0.2831
stgcn,frame_missing_moderate,3407,12,tear up paper,271,0.8954,0.7528
stgcn,frame_missing_moderate,3407,13,wear jacket,275,0.983,0.9309
stgcn,frame_missing_moderate,3407,14,take off jacket,276,0.9589,0.9457
stgcn,frame_missing_moderate,3407,15,wear a shoe,273,0.6545,0.37
stgcn,frame_missing_moderate,3407,16,take off a shoe,274,0.7798,0.4891
stgcn,frame_missing_moderate,3407,17,wear on glasses,273,0.906,0.5861
stgcn,frame_missing_moderate,3407,18,take off glasses,274,0.9343,0.6314
stgcn,frame_missing_moderate,3407,19,put on a hat/cap,272,0.9498,0.8971
stgcn,frame_missing_moderate,3407,20,take off a hat/cap,273,0.9731,0.7949
stgcn,frame_missing_moderate,3407,21,cheer up,274,0.9234,0.9124
stgcn,frame_missing_moderate,3407,22,hand waving,274,0.9063,0.8796
stgcn,frame_missing_moderate,3407,23,kicking something,276,0.9372,0.8514
stgcn,frame_missing_moderate,3407,24,reach into pocket,274,0.8358,0.6131
stgcn,frame_missing_moderate,3407,25,hopping (one foot jumping),275,0.9879,0.92
stgcn,frame_missing_moderate,3407,26,jump up,276,0.9964,0.913
stgcn,frame_missing_moderate,3407,27,make a phone call/answer phone,275,0.8679,0.6109
stgcn,frame_missing_moderate,3407,28,playing with phone/tablet,275,0.6824,0.4145
stgcn,frame_missing_moderate,3407,29,typing on a keyboard,275,0.7515,0.7564
stgcn,frame_missing_moderate,3407,30,pointing to something with finger,276,0.7585,0.8225
stgcn,frame_missing_moderate,3407,31,taking a selfie,276,0.8925,0.6159
stgcn,frame_missing_moderate,3407,32,check time (from watch),276,0.8829,0.692
stgcn,frame_missing_moderate,3407,33,rub two hands together,276,0.8829,0.663
stgcn,frame_missing_moderate,3407,34,nod head/bow,276,0.965,0.9457
stgcn,frame_missing_moderate,3407,35,shake head,275,0.9418,0.7273
stgcn,frame_missing_moderate,3407,36,wipe face,276,0.8321,0.6594
stgcn,frame_missing_moderate,3407,37,salute,276,0.9179,0.8551
stgcn,frame_missing_moderate,3407,38,put the palms together,276,0.9408,0.7899
stgcn,frame_missing_moderate,3407,39,cross hands in front (say stop),276,0.8998,0.7319
stgcn,frame_missing_moderate,3407,40,sneeze/cough,276,0.7379,0.5145
stgcn,frame_missing_moderate,3407,41,staggering,276,0.9915,0.6196
stgcn,frame_missing_moderate,3407,42,falling,275,0.9855,0.9418
stgcn,frame_missing_moderate,3407,43,touch head (headache),276,0.7657,0.6413
stgcn,frame_missing_moderate,3407,44,touch chest (stomachache/heart pain),276,0.9058,0.8442
stgcn,frame_missing_moderate,3407,45,touch back (backache),276,0.9263,0.8804
stgcn,frame_missing_moderate,3407,46,touch neck (neckache),276,0.8816,0.6558
stgcn,frame_missing_moderate,3407,47,nausea or vomiting condition,275,0.8509,0.6618
stgcn,frame_missing_moderate,3407,48,use a fan (with hand or paper)/feeling warm,275,0.9261,0.8945
stgcn,frame_missing_moderate,3407,49,punching/slapping other person,274,0.8662,0.7117
stgcn,frame_missing_moderate,3407,50,kicking other person,276,0.9167,0.8043
stgcn,frame_missing_moderate,3407,51,pushing other person,276,0.971,0.7609
stgcn,frame_missing_moderate,3407,52,pat on back of other person,276,0.942,0.8623
stgcn,frame_missing_moderate,3407,53,point finger at the other person,276,0.907,0.7826
stgcn,frame_missing_moderate,3407,54,hugging other person,274,0.9757,0.9051
stgcn,frame_missing_moderate,3407,55,giving something to other person,276,0.9348,0.8587
stgcn,frame_missing_moderate,3407,56,touch other person's pocket,275,0.9285,0.72
stgcn,frame_missing_moderate,3407,57,handshaking,276,0.9517,0.7065
stgcn,frame_missing_moderate,3407,58,walking towards each other,273,0.9939,0.9634
stgcn,frame_missing_moderate,3407,59,walking apart from each other,276,0.9626,0.9601
stgcn,mixed_moderate,255,0,drink water,274,0.8759,0.1715
stgcn,mixed_moderate,255,1,eat meal/snack,275,0.7394,0.1382
stgcn,mixed_moderate,255,2,brushing teeth,273,0.8584,0.0989
stgcn,mixed_moderate,255,3,brushing hair,273,0.9048,0.1538
stgcn,mixed_moderate,255,4,drop,275,0.8315,0.16
stgcn,mixed_moderate,255,5,pickup,275,0.9527,0.4873
stgcn,mixed_moderate,255,6,throw,275,0.9115,0.2327
stgcn,mixed_moderate,255,7,sitting down,273,0.9658,0.2051
stgcn,mixed_moderate,255,8,standing up (from sitting position),273,0.9805,0.4799
stgcn,mixed_moderate,255,9,clapping,273,0.7827,0.1465
stgcn,mixed_moderate,255,10,reading,273,0.6032,0.1905
stgcn,mixed_moderate,255,11,writing,272,0.5245,0.4044
stgcn,mixed_moderate,255,12,tear up paper,271,0.8954,0.2399
stgcn,mixed_moderate,255,13,wear jacket,275,0.983,0.6727
stgcn,mixed_moderate,255,14,take off jacket,276,0.9589,0.3551
stgcn,mixed_moderate,255,15,wear a shoe,273,0.6545,0.1319
stgcn,mixed_moderate,255,16,take off a shoe,274,0.7798,0.365
stgcn,mixed_moderate,255,17,wear on glasses,273,0.906,0.2198
stgcn,mixed_moderate,255,18,take off glasses,274,0.9343,0.2993
stgcn,mixed_moderate,255,19,put on a hat/cap,272,0.9498,0.239
stgcn,mixed_moderate,255,20,take off a hat/cap,273,0.9731,0.3223
stgcn,mixed_moderate,255,21,cheer up,274,0.9234,0.3139
stgcn,mixed_moderate,255,22,hand waving,274,0.9063,0.2774
stgcn,mixed_moderate,255,23,kicking something,276,0.9372,0.1522
stgcn,mixed_moderate,255,24,reach into pocket,274,0.8358,0.1387
stgcn,mixed_moderate,255,25,hopping (one foot jumping),275,0.9879,0.2436
stgcn,mixed_moderate,255,26,jump up,276,0.9964,0.2645
stgcn,mixed_moderate,255,27,make a phone call/answer phone,275,0.8679,0.1309
stgcn,mixed_moderate,255,28,playing with phone/tablet,275,0.6824,0.1818
stgcn,mixed_moderate,255,29,typing on a keyboard,275,0.7515,0.5964
stgcn,mixed_moderate,255,30,pointing to something with finger,276,0.7585,0.1667
stgcn,mixed_moderate,255,31,taking a selfie,276,0.8925,0.2428
stgcn,mixed_moderate,255,32,check time (from watch),276,0.8829,0.192
stgcn,mixed_moderate,255,33,rub two hands together,276,0.8829,0.192
stgcn,mixed_moderate,255,34,nod head/bow,276,0.965,0.337
stgcn,mixed_moderate,255,35,shake head,275,0.9418,0.1491
stgcn,mixed_moderate,255,36,wipe face,276,0.8321,0.1594
stgcn,mixed_moderate,255,37,salute,276,0.9179,0.1558
stgcn,mixed_moderate,255,38,put the palms together,276,0.9408,0.1486
stgcn,mixed_moderate,255,39,cross hands in front (say stop),276,0.8998,0.3841
stgcn,mixed_moderate,255,40,sneeze/cough,276,0.7379,0.0688
stgcn,mixed_moderate,255,41,staggering,276,0.9915,0.1739
stgcn,mixed_moderate,255,42,falling,275,0.9855,0.3636
stgcn,mixed_moderate,255,43,touch head (headache),276,0.7657,0.1196
stgcn,mixed_moderate,255,44,touch chest (stomachache/heart pain),276,0.9058,0.2645
stgcn,mixed_moderate,255,45,touch back (backache),276,0.9263,0.1739
stgcn,mixed_moderate,255,46,touch neck (neckache),276,0.8816,0.1304
stgcn,mixed_moderate,255,47,nausea or vomiting condition,275,0.8509,0.3673
stgcn,mixed_moderate,255,48,use a fan (with hand or paper)/feeling warm,275,0.9261,0.4545
stgcn,mixed_moderate,255,49,punching/slapping other person,274,0.8662,0.1314
stgcn,mixed_moderate,255,50,kicking other person,276,0.9167,0.1341
stgcn,mixed_moderate,255,51,pushing other person,276,0.971,0.1848
stgcn,mixed_moderate,255,52,pat on back of other person,276,0.942,0.2065
stgcn,mixed_moderate,255,53,point finger at the other person,276,0.907,0.1594
stgcn,mixed_moderate,255,54,hugging other person,274,0.9757,0.3504
stgcn,mixed_moderate,255,55,giving something to other person,276,0.9348,0.1957
stgcn,mixed_moderate,255,56,touch other person's pocket,275,0.9285,0.2509
stgcn,mixed_moderate,255,57,handshaking,276,0.9517,0.221
stgcn,mixed_moderate,255,58,walking towards each other,273,0.9939,0.2491
stgcn,mixed_moderate,255,59,walking apart from each other,276,0.9626,0.2899
stgcn,mixed_moderate,2026,0,drink water,274,0.8759,0.1533
stgcn,mixed_moderate,2026,1,eat meal/snack,275,0.7394,0.1309
stgcn,mixed_moderate,2026,2,brushing teeth,273,0.8584,0.0916
stgcn,mixed_moderate,2026,3,brushing hair,273,0.9048,0.1575
stgcn,mixed_moderate,2026,4,drop,275,0.8315,0.2327
stgcn,mixed_moderate,2026,5,pickup,275,0.9527,0.3164
stgcn,mixed_moderate,2026,6,throw,275,0.9115,0.24
stgcn,mixed_moderate,2026,7,sitting down,273,0.9658,0.2967
stgcn,mixed_moderate,2026,8,standing up (from sitting position),273,0.9805,0.3663
stgcn,mixed_moderate,2026,9,clapping,273,0.7827,0.2454
stgcn,mixed_moderate,2026,10,reading,273,0.6032,0.1502
stgcn,mixed_moderate,2026,11,writing,272,0.5245,0.4632
stgcn,mixed_moderate,2026,12,tear up paper,271,0.8954,0.203
stgcn,mixed_moderate,2026,13,wear jacket,275,0.983,0.3891
stgcn,mixed_moderate,2026,14,take off jacket,276,0.9589,0.3768
stgcn,mixed_moderate,2026,15,wear a shoe,273,0.6545,0.1245
stgcn,mixed_moderate,2026,16,take off a shoe,274,0.7798,0.2263
stgcn,mixed_moderate,2026,17,wear on glasses,273,0.906,0.1136
stgcn,mixed_moderate,2026,18,take off glasses,274,0.9343,0.1715
stgcn,mixed_moderate,2026,19,put on a hat/cap,272,0.9498,0.2022
stgcn,mixed_moderate,2026,20,take off a hat/cap,273,0.9731,0.3407
stgcn,mixed_moderate,2026,21,cheer up,274,0.9234,0.281
stgcn,mixed_moderate,2026,22,hand waving,274,0.9063,0.2372
stgcn,mixed_moderate,2026,23,kicking something,276,0.9372,0.1449
stgcn,mixed_moderate,2026,24,reach into pocket,274,0.8358,0.1131
stgcn,mixed_moderate,2026,25,hopping (one foot jumping),275,0.9879,0.2836
stgcn,mixed_moderate,2026,26,jump up,276,0.9964,0.3877
stgcn,mixed_moderate,2026,27,make a phone call/answer phone,275,0.8679,0.1236
stgcn,mixed_moderate,2026,28,playing with phone/tablet,275,0.6824,0.1673
stgcn,mixed_moderate,2026,29,typing on a keyboard,275,0.7515,0.5382
stgcn,mixed_moderate,2026,30,pointing to something with finger,276,0.7585,0.308
stgcn,mixed_moderate,2026,31,taking a selfie,276,0.8925,0.2246
stgcn,mixed_moderate,2026,32,check time (from watch),276,0.8829,0.2862
stgcn,mixed_moderate,2026,33,rub two hands together,276,0.8829,0.1123
stgcn,mixed_moderate,2026,34,nod head/bow,276,0.965,0.3188
stgcn,mixed_moderate,2026,35,shake head,275,0.9418,0.1273
stgcn,mixed_moderate,2026,36,wipe face,276,0.8321,0.1051
stgcn,mixed_moderate,2026,37,salute,276,0.9179,0.1812
stgcn,mixed_moderate,2026,38,put the palms together,276,0.9408,0.1304
stgcn,mixed_moderate,2026,39,cross hands in front (say stop),276,0.8998,0.221
stgcn,mixed_moderate,2026,40,sneeze/cough,276,0.7379,0.0761
stgcn,mixed_moderate,2026,41,staggering,276,0.9915,0.1594
stgcn,mixed_moderate,2026,42,falling,275,0.9855,0.2982
stgcn,mixed_moderate,2026,43,touch head (headache),276,0.7657,0.192
stgcn,mixed_moderate,2026,44,touch chest (stomachache/heart pain),276,0.9058,0.2246
stgcn,mixed_moderate,2026,45,touch back (backache),276,0.9263,0.2029
stgcn,mixed_moderate,2026,46,touch neck (neckache),276,0.8816,0.1123
stgcn,mixed_moderate,2026,47,nausea or vomiting condition,275,0.8509,0.4109
stgcn,mixed_moderate,2026,48,use a fan (with hand or paper)/feeling warm,275,0.9261,0.2618
stgcn,mixed_moderate,2026,49,punching/slapping other person,274,0.8662,0.1277
stgcn,mixed_moderate,2026,50,kicking other person,276,0.9167,0.1159
stgcn,mixed_moderate,2026,51,pushing other person,276,0.971,0.1703
stgcn,mixed_moderate,2026,52,pat on back of other person,276,0.942,0.4384
stgcn,mixed_moderate,2026,53,point finger at the other person,276,0.907,0.1196
stgcn,mixed_moderate,2026,54,hugging other person,274,0.9757,0.354
stgcn,mixed_moderate,2026,55,giving something to other person,276,0.9348,0.1703
stgcn,mixed_moderate,2026,56,touch other person's pocket,275,0.9285,0.1564
stgcn,mixed_moderate,2026,57,handshaking,276,0.9517,0.1341
stgcn,mixed_moderate,2026,58,walking towards each other,273,0.9939,0.2527
stgcn,mixed_moderate,2026,59,walking apart from each other,276,0.9626,0.2464
stgcn,mixed_moderate,3407,0,drink water,274,0.8759,0.1423
stgcn,mixed_moderate,3407,1,eat meal/snack,275,0.7394,0.1236
stgcn,mixed_moderate,3407,2,brushing teeth,273,0.8584,0.1026
stgcn,mixed_moderate,3407,3,brushing hair,273,0.9048,0.1538
stgcn,mixed_moderate,3407,4,drop,275,0.8315,0.1855
stgcn,mixed_moderate,3407,5,pickup,275,0.9527,0.3018
stgcn,mixed_moderate,3407,6,throw,275,0.9115,0.2727
stgcn,mixed_moderate,3407,7,sitting down,273,0.9658,0.2491
stgcn,mixed_moderate,3407,8,standing up (from sitting position),273,0.9805,0.4396
stgcn,mixed_moderate,3407,9,clapping,273,0.7827,0.1648
stgcn,mixed_moderate,3407,10,reading,273,0.6032,0.1062
stgcn,mixed_moderate,3407,11,writing,272,0.5245,0.2463
stgcn,mixed_moderate,3407,12,tear up paper,271,0.8954,0.1882
stgcn,mixed_moderate,3407,13,wear jacket,275,0.983,0.4945
stgcn,mixed_moderate,3407,14,take off jacket,276,0.9589,0.3841
stgcn,mixed_moderate,3407,15,wear a shoe,273,0.6545,0.1099
stgcn,mixed_moderate,3407,16,take off a shoe,274,0.7798,0.1971
stgcn,mixed_moderate,3407,17,wear on glasses,273,0.906,0.1575
stgcn,mixed_moderate,3407,18,take off glasses,274,0.9343,0.1679
stgcn,mixed_moderate,3407,19,put on a hat/cap,272,0.9498,0.1875
stgcn,mixed_moderate,3407,20,take off a hat/cap,273,0.9731,0.2711
stgcn,mixed_moderate,3407,21,cheer up,274,0.9234,0.2847
stgcn,mixed_moderate,3407,22,hand waving,274,0.9063,0.3212
stgcn,mixed_moderate,3407,23,kicking something,276,0.9372,0.2428
stgcn,mixed_moderate,3407,24,reach into pocket,274,0.8358,0.1387
stgcn,mixed_moderate,3407,25,hopping (one foot jumping),275,0.9879,0.2364
stgcn,mixed_moderate,3407,26,jump up,276,0.9964,0.2609
stgcn,mixed_moderate,3407,27,make a phone call/answer phone,275,0.8679,0.1091
stgcn,mixed_moderate,3407,28,playing with phone/tablet,275,0.6824,0.0982
stgcn,mixed_moderate,3407,29,typing on a keyboard,275,0.7515,0.6982
stgcn,mixed_moderate,3407,30,pointing to something with finger,276,0.7585,0.3732
stgcn,mixed_moderate,3407,31,taking a selfie,276,0.8925,0.2754
stgcn,mixed_moderate,3407,32,check time (from watch),276,0.8829,0.2428
stgcn,mixed_moderate,3407,33,rub two hands together,276,0.8829,0.1087
stgcn,mixed_moderate,3407,34,nod head/bow,276,0.965,0.25
stgcn,mixed_moderate,3407,35,shake head,275,0.9418,0.1382
stgcn,mixed_moderate,3407,36,wipe face,276,0.8321,0.1159
stgcn,mixed_moderate,3407,37,salute,276,0.9179,0.1522
stgcn,mixed_moderate,3407,38,put the palms together,276,0.9408,0.1594
stgcn,mixed_moderate,3407,39,cross hands in front (say stop),276,0.8998,0.3043
stgcn,mixed_moderate,3407,40,sneeze/cough,276,0.7379,0.0616
stgcn,mixed_moderate,3407,41,staggering,276,0.9915,0.1667
stgcn,mixed_moderate,3407,42,falling,275,0.9855,0.3636
stgcn,mixed_moderate,3407,43,touch head (headache),276,0.7657,0.1232
stgcn,mixed_moderate,3407,44,touch chest (stomachache/heart pain),276,0.9058,0.1848
stgcn,mixed_moderate,3407,45,touch back (backache),276,0.9263,0.2065
stgcn,mixed_moderate,3407,46,touch neck (neckache),276,0.8816,0.1232
stgcn,mixed_moderate,3407,47,nausea or vomiting condition,275,0.8509,0.2
stgcn,mixed_moderate,3407,48,use a fan (with hand or paper)/feeling warm,275,0.9261,0.4545
stgcn,mixed_moderate,3407,49,punching/slapping other person,274,0.8662,0.1898
stgcn,mixed_moderate,3407,50,kicking other person,276,0.9167,0.163
stgcn,mixed_moderate,3407,51,pushing other person,276,0.971,0.163
stgcn,mixed_moderate,3407,52,pat on back of other person,276,0.942,0.2138
stgcn,mixed_moderate,3407,53,point finger at the other person,276,0.907,0.2174
stgcn,mixed_moderate,3407,54,hugging other person,274,0.9757,0.2737
stgcn,mixed_moderate,3407,55,giving something to other person,276,0.9348,0.1812
stgcn,mixed_moderate,3407,56,touch other person's pocket,275,0.9285,0.2364
stgcn,mixed_moderate,3407,57,handshaking,276,0.9517,0.1703
stgcn,mixed_moderate,3407,58,walking towards each other,273,0.9939,0.3773
stgcn,mixed_moderate,3407,59,walking apart from each other,276,0.9626,0.4928
stgcn,joint_missing_severe,255,0,drink water,274,0.8759,0.0
stgcn,joint_missing_severe,255,1,eat meal/snack,275,0.7394,0.0036
stgcn,joint_missing_severe,255,2,brushing teeth,273,0.8584,0.0
stgcn,joint_missing_severe,255,3,brushing hair,273,0.9048,0.0
stgcn,joint_missing_severe,255,4,drop,275,0.8315,0.0
stgcn,joint_missing_severe,255,5,pickup,275,0.9527,0.0727
stgcn,joint_missing_severe,255,6,throw,275,0.9115,0.0182
stgcn,joint_missing_severe,255,7,sitting down,273,0.9658,0.0
stgcn,joint_missing_severe,255,8,standing up (from sitting position),273,0.9805,0.033
stgcn,joint_missing_severe,255,9,clapping,273,0.7827,0.0037
stgcn,joint_missing_severe,255,10,reading,273,0.6032,0.022
stgcn,joint_missing_severe,255,11,writing,272,0.5245,0.6397
stgcn,joint_missing_severe,255,12,tear up paper,271,0.8954,0.0148
stgcn,joint_missing_severe,255,13,wear jacket,275,0.983,0.3164
stgcn,joint_missing_severe,255,14,take off jacket,276,0.9589,0.1159
stgcn,joint_missing_severe,255,15,wear a shoe,273,0.6545,0.0623
stgcn,joint_missing_severe,255,16,take off a shoe,274,0.7798,0.0912
stgcn,joint_missing_severe,255,17,wear on glasses,273,0.906,0.0293
stgcn,joint_missing_severe,255,18,take off glasses,274,0.9343,0.1204
stgcn,joint_missing_severe,255,19,put on a hat/cap,272,0.9498,0.0
stgcn,joint_missing_severe,255,20,take off a hat/cap,273,0.9731,0.0806
stgcn,joint_missing_severe,255,21,cheer up,274,0.9234,0.0036
stgcn,joint_missing_severe,255,22,hand waving,274,0.9063,0.0
stgcn,joint_missing_severe,255,23,kicking something,276,0.9372,0.0
stgcn,joint_missing_severe,255,24,reach into pocket,274,0.8358,0.0
stgcn,joint_missing_severe,255,25,hopping (one foot jumping),275,0.9879,0.0
stgcn,joint_missing_severe,255,26,jump up,276,0.9964,0.0
stgcn,joint_missing_severe,255,27,make a phone call/answer phone,275,0.8679,0.0
stgcn,joint_missing_severe,255,28,playing with phone/tablet,275,0.6824,0.1564
stgcn,joint_missing_severe,255,29,typing on a keyboard,275,0.7515,0.3382
stgcn,joint_missing_severe,255,30,pointing to something with finger,276,0.7585,0.0072
stgcn,joint_missing_severe,255,31,taking a selfie,276,0.8925,0.0435
stgcn,joint_missing_severe,255,32,check time (from watch),276,0.8829,0.0
stgcn,joint_missing_severe,255,33,rub two hands together,276,0.8829,0.0217
stgcn,joint_missing_severe,255,34,nod head/bow,276,0.965,0.0
stgcn,joint_missing_severe,255,35,shake head,275,0.9418,0.0
stgcn,joint_missing_severe,255,36,wipe face,276,0.8321,0.058
stgcn,joint_missing_severe,255,37,salute,276,0.9179,0.0
stgcn,joint_missing_severe,255,38,put the palms together,276,0.9408,0.0
stgcn,joint_missing_severe,255,39,cross hands in front (say stop),276,0.8998,0.0833
stgcn,joint_missing_severe,255,40,sneeze/cough,276,0.7379,0.0
stgcn,joint_missing_severe,255,41,staggering,276,0.9915,0.0036
stgcn,joint_missing_severe,255,42,falling,275,0.9855,0.0
stgcn,joint_missing_severe,255,43,touch head (headache),276,0.7657,0.0072
stgcn,joint_missing_severe,255,44,touch chest (stomachache/heart pain),276,0.9058,0.029
stgcn,joint_missing_severe,255,45,touch back (backache),276,0.9263,0.0
stgcn,joint_missing_severe,255,46,touch neck (neckache),276,0.8816,0.0
stgcn,joint_missing_severe,255,47,nausea or vomiting condition,275,0.8509,0.1345
stgcn,joint_missing_severe,255,48,use a fan (with hand or paper)/feeling warm,275,0.9261,0.0873
stgcn,joint_missing_severe,255,49,punching/slapping other person,274,0.8662,0.0
stgcn,joint_missing_severe,255,50,kicking other person,276,0.9167,0.0
stgcn,joint_missing_severe,255,51,pushing other person,276,0.971,0.0
stgcn,joint_missing_severe,255,52,pat on back of other person,276,0.942,0.0
stgcn,joint_missing_severe,255,53,point finger at the other person,276,0.907,0.0
stgcn,joint_missing_severe,255,54,hugging other person,274,0.9757,0.0073
stgcn,joint_missing_severe,255,55,giving something to other person,276,0.9348,0.0
stgcn,joint_missing_severe,255,56,touch other person's pocket,275,0.9285,0.0509
stgcn,joint_missing_severe,255,57,handshaking,276,0.9517,0.0
stgcn,joint_missing_severe,255,58,walking towards each other,273,0.9939,0.0183
stgcn,joint_missing_severe,255,59,walking apart from each other,276,0.9626,0.0942
stgcn,joint_missing_severe,2026,0,drink water,274,0.8759,0.0
stgcn,joint_missing_severe,2026,1,eat meal/snack,275,0.7394,0.0
stgcn,joint_missing_severe,2026,2,brushing teeth,273,0.8584,0.0
stgcn,joint_missing_severe,2026,3,brushing hair,273,0.9048,0.0
stgcn,joint_missing_severe,2026,4,drop,275,0.8315,0.0
stgcn,joint_missing_severe,2026,5,pickup,275,0.9527,0.0218
stgcn,joint_missing_severe,2026,6,throw,275,0.9115,0.0109
stgcn,joint_missing_severe,2026,7,sitting down,273,0.9658,0.0
stgcn,joint_missing_severe,2026,8,standing up (from sitting position),273,0.9805,0.0147
stgcn,joint_missing_severe,2026,9,clapping,273,0.7827,0.0696
stgcn,joint_missing_severe,2026,10,reading,273,0.6032,0.0
stgcn,joint_missing_severe,2026,11,writing,272,0.5245,0.5404
stgcn,joint_missing_severe,2026,12,tear up paper,271,0.8954,0.0037
stgcn,joint_missing_severe,2026,13,wear jacket,275,0.983,0.0073
stgcn,joint_missing_severe,2026,14,take off jacket,276,0.9589,0.029
stgcn,joint_missing_severe,2026,15,wear a shoe,273,0.6545,0.0037
stgcn,joint_missing_severe,2026,16,take off a shoe,274,0.7798,0.0036
stgcn,joint_missing_severe,2026,17,wear on glasses,273,0.906,0.0
stgcn,joint_missing_severe,2026,18,take off glasses,274,0.9343,0.0
stgcn,joint_missing_severe,2026,19,put on a hat/cap,272,0.9498,0.0
stgcn,joint_missing_severe,2026,20,take off a hat/cap,273,0.9731,0.033
stgcn,joint_missing_severe,2026,21,cheer up,274,0.9234,0.0
stgcn,joint_missing_severe,2026,22,hand waving,274,0.9063,0.0
stgcn,joint_missing_severe,2026,23,kicking something,276,0.9372,0.0
stgcn,joint_missing_severe,2026,24,reach into pocket,274,0.8358,0.0
stgcn,joint_missing_severe,2026,25,hopping (one foot jumping),275,0.9879,0.0
stgcn,joint_missing_severe,2026,26,jump up,276,0.9964,0.0254
stgcn,joint_missing_severe,2026,27,make a phone call/answer phone,275,0.8679,0.0
stgcn,joint_missing_severe,2026,28,playing with phone/tablet,275,0.6824,0.3273
stgcn,joint_missing_severe,2026,29,typing on a keyboard,275,0.7515,0.3018
stgcn,joint_missing_severe,2026,30,pointing to something with finger,276,0.7585,0.1703
stgcn,joint_missing_severe,2026,31,taking a selfie,276,0.8925,0.3225
stgcn,joint_missing_severe,2026,32,check time (from watch),276,0.8829,0.0362
stgcn,joint_missing_severe,2026,33,rub two hands together,276,0.8829,0.0
stgcn,joint_missing_severe,2026,34,nod head/bow,276,0.965,0.0109
stgcn,joint_missing_severe,2026,35,shake head,275,0.9418,0.0
stgcn,joint_missing_severe,2026,36,wipe face,276,0.8321,0.0
stgcn,joint_missing_severe,2026,37,salute,276,0.9179,0.0
stgcn,joint_missing_severe,2026,38,put the palms together,276,0.9408,0.0
stgcn,joint_missing_severe,2026,39,cross hands in front (say stop),276,0.8998,0.0
stgcn,joint_missing_severe,2026,40,sneeze/cough,276,0.7379,0.0
stgcn,joint_missing_severe,2026,41,staggering,276,0.9915,0.0
stgcn,joint_missing_severe,2026,42,falling,275,0.9855,0.0
stgcn,joint_missing_severe,2026,43,touch head (headache),276,0.7657,0.0072
stgcn,joint_missing_severe,2026,44,touch chest (stomachache/heart pain),276,0.9058,0.0181
stgcn,joint_missing_severe,2026,45,touch back (backache),276,0.9263,0.0
stgcn,joint_missing_severe,2026,46,touch neck (neckache),276,0.8816,0.0
stgcn,joint_missing_severe,2026,47,nausea or vomiting condition,275,0.8509,0.0945
stgcn,joint_missing_severe,2026,48,use a fan (with hand or paper)/feeling warm,275,0.9261,0.0
stgcn,joint_missing_severe,2026,49,punching/slapping other person,274,0.8662,0.0
stgcn,joint_missing_severe,2026,50,kicking other person,276,0.9167,0.0
stgcn,joint_missing_severe,2026,51,pushing other person,276,0.971,0.0072
stgcn,joint_missing_severe,2026,52,pat on back of other person,276,0.942,0.0036
stgcn,joint_missing_severe,2026,53,point finger at the other person,276,0.907,0.0
stgcn,joint_missing_severe,2026,54,hugging other person,274,0.9757,0.0328
stgcn,joint_missing_severe,2026,55,giving something to other person,276,0.9348,0.0
stgcn,joint_missing_severe,2026,56,touch other person's pocket,275,0.9285,0.0
stgcn,joint_missing_severe,2026,57,handshaking,276,0.9517,0.0
stgcn,joint_missing_severe,2026,58,walking towards each other,273,0.9939,0.0293
stgcn,joint_missing_severe,2026,59,walking apart from each other,276,0.9626,0.0072
stgcn,joint_missing_severe,3407,0,drink water,274,0.8759,0.0036
stgcn,joint_missing_severe,3407,1,eat meal/snack,275,0.7394,0.0
stgcn,joint_missing_severe,3407,2,brushing teeth,273,0.8584,0.0
stgcn,joint_missing_severe,3407,3,brushing hair,273,0.9048,0.0
stgcn,joint_missing_severe,3407,4,drop,275,0.8315,0.0
stgcn,joint_missing_severe,3407,5,pickup,275,0.9527,0.0
stgcn,joint_missing_severe,3407,6,throw,275,0.9115,0.0036
stgcn,joint_missing_severe,3407,7,sitting down,273,0.9658,0.0
stgcn,joint_missing_severe,3407,8,standing up (from sitting position),273,0.9805,0.011
stgcn,joint_missing_severe,3407,9,clapping,273,0.7827,0.0
stgcn,joint_missing_severe,3407,10,reading,273,0.6032,0.0
stgcn,joint_missing_severe,3407,11,writing,272,0.5245,0.2426
stgcn,joint_missing_severe,3407,12,tear up paper,271,0.8954,0.0037
stgcn,joint_missing_severe,3407,13,wear jacket,275,0.983,0.0582
stgcn,joint_missing_severe,3407,14,take off jacket,276,0.9589,0.0072
stgcn,joint_missing_severe,3407,15,wear a shoe,273,0.6545,0.0037
stgcn,joint_missing_severe,3407,16,take off a shoe,274,0.7798,0.0
stgcn,joint_missing_severe,3407,17,wear on glasses,273,0.906,0.0403
stgcn,joint_missing_severe,3407,18,take off glasses,274,0.9343,0.0
stgcn,joint_missing_severe,3407,19,put on a hat/cap,272,0.9498,0.0
stgcn,joint_missing_severe,3407,20,take off a hat/cap,273,0.9731,0.0037
stgcn,joint_missing_severe,3407,21,cheer up,274,0.9234,0.0
stgcn,joint_missing_severe,3407,22,hand waving,274,0.9063,0.0
stgcn,joint_missing_severe,3407,23,kicking something,276,0.9372,0.0
stgcn,joint_missing_severe,3407,24,reach into pocket,274,0.8358,0.0
stgcn,joint_missing_severe,3407,25,hopping (one foot jumping),275,0.9879,0.0
stgcn,joint_missing_severe,3407,26,jump up,276,0.9964,0.0
stgcn,joint_missing_severe,3407,27,make a phone call/answer phone,275,0.8679,0.0
stgcn,joint_missing_severe,3407,28,playing with phone/tablet,275,0.6824,0.0073
stgcn,joint_missing_severe,3407,29,typing on a keyboard,275,0.7515,0.7964
stgcn,joint_missing_severe,3407,30,pointing to something with finger,276,0.7585,0.2862
stgcn,joint_missing_severe,3407,31,taking a selfie,276,0.8925,0.4457
stgcn,joint_missing_severe,3407,32,check time (from watch),276,0.8829,0.0399
stgcn,joint_missing_severe,3407,33,rub two hands together,276,0.8829,0.0
stgcn,joint_missing_severe,3407,34,nod head/bow,276,0.965,0.0
stgcn,joint_missing_severe,3407,35,shake head,275,0.9418,0.0
stgcn,joint_missing_severe,3407,36,wipe face,276,0.8321,0.0
stgcn,joint_missing_severe,3407,37,salute,276,0.9179,0.0
stgcn,joint_missing_severe,3407,38,put the palms together,276,0.9408,0.0
stgcn,joint_missing_severe,3407,39,cross hands in front (say stop),276,0.8998,0.0725
stgcn,joint_missing_severe,3407,40,sneeze/cough,276,0.7379,0.0
stgcn,joint_missing_severe,3407,41,staggering,276,0.9915,0.0
stgcn,joint_missing_severe,3407,42,falling,275,0.9855,0.0
stgcn,joint_missing_severe,3407,43,touch head (headache),276,0.7657,0.0109
stgcn,joint_missing_severe,3407,44,touch chest (stomachache/heart pain),276,0.9058,0.0036
stgcn,joint_missing_severe,3407,45,touch back (backache),276,0.9263,0.0
stgcn,joint_missing_severe,3407,46,touch neck (neckache),276,0.8816,0.0
stgcn,joint_missing_severe,3407,47,nausea or vomiting condition,275,0.8509,0.0
stgcn,joint_missing_severe,3407,48,use a fan (with hand or paper)/feeling warm,275,0.9261,0.0
stgcn,joint_missing_severe,3407,49,punching/slapping other person,274,0.8662,0.0
stgcn,joint_missing_severe,3407,50,kicking other person,276,0.9167,0.0
stgcn,joint_missing_severe,3407,51,pushing other person,276,0.971,0.0
stgcn,joint_missing_severe,3407,52,pat on back of other person,276,0.942,0.0
stgcn,joint_missing_severe,3407,53,point finger at the other person,276,0.907,0.0
stgcn,joint_missing_severe,3407,54,hugging other person,274,0.9757,0.0036
stgcn,joint_missing_severe,3407,55,giving something to other person,276,0.9348,0.0
stgcn,joint_missing_severe,3407,56,touch other person's pocket,275,0.9285,0.0
stgcn,joint_missing_severe,3407,57,handshaking,276,0.9517,0.0
stgcn,joint_missing_severe,3407,58,walking towards each other,273,0.9939,0.0733
stgcn,joint_missing_severe,3407,59,walking apart from each other,276,0.9626,0.1703
stgcn,limb_occlusion_severe,255,0,drink water,274,0.8759,0.3504
stgcn,limb_occlusion_severe,255,1,eat meal/snack,275,0.7394,0.3636
stgcn,limb_occlusion_severe,255,2,brushing teeth,273,0.8584,0.3297
stgcn,limb_occlusion_severe,255,3,brushing hair,273,0.9048,0.4762
stgcn,limb_occlusion_severe,255,4,drop,275,0.8315,0.4473
stgcn,limb_occlusion_severe,255,5,pickup,275,0.9527,0.4982
stgcn,limb_occlusion_severe,255,6,throw,275,0.9115,0.3309
stgcn,limb_occlusion_severe,255,7,sitting down,273,0.9658,0.4396
stgcn,limb_occlusion_severe,255,8,standing up (from sitting position),273,0.9805,0.4029
stgcn,limb_occlusion_severe,255,9,clapping,273,0.7827,0.337
stgcn,limb_occlusion_severe,255,10,reading,273,0.6032,0.337
stgcn,limb_occlusion_severe,255,11,writing,272,0.5245,0.2794
stgcn,limb_occlusion_severe,255,12,tear up paper,271,0.8954,0.524
stgcn,limb_occlusion_severe,255,13,wear jacket,275,0.983,0.5018
stgcn,limb_occlusion_severe,255,14,take off jacket,276,0.9589,0.5254
stgcn,limb_occlusion_severe,255,15,wear a shoe,273,0.6545,0.1868
stgcn,limb_occlusion_severe,255,16,take off a shoe,274,0.7798,0.4051
stgcn,limb_occlusion_severe,255,17,wear on glasses,273,0.906,0.4689
stgcn,limb_occlusion_severe,255,18,take off glasses,274,0.9343,0.5255
stgcn,limb_occlusion_severe,255,19,put on a hat/cap,272,0.9498,0.3897
stgcn,limb_occlusion_severe,255,20,take off a hat/cap,273,0.9731,0.3626
stgcn,limb_occlusion_severe,255,21,cheer up,274,0.9234,0.4781
stgcn,limb_occlusion_severe,255,22,hand waving,274,0.9063,0.4051
stgcn,limb_occlusion_severe,255,23,kicking something,276,0.9372,0.6014
stgcn,limb_occlusion_severe,255,24,reach into pocket,274,0.8358,0.4562
stgcn,limb_occlusion_severe,255,25,hopping (one foot jumping),275,0.9879,0.72
stgcn,limb_occlusion_severe,255,26,jump up,276,0.9964,0.5978
stgcn,limb_occlusion_severe,255,27,make a phone call/answer phone,275,0.8679,0.3855
stgcn,limb_occlusion_severe,255,28,playing with phone/tablet,275,0.6824,0.5018
stgcn,limb_occlusion_severe,255,29,typing on a keyboard,275,0.7515,0.5418
stgcn,limb_occlusion_severe,255,30,pointing to something with finger,276,0.7585,0.3514
stgcn,limb_occlusion_severe,255,31,taking a selfie,276,0.8925,0.3261
stgcn,limb_occlusion_severe,255,32,check time (from watch),276,0.8829,0.3478
stgcn,limb_occlusion_severe,255,33,rub two hands together,276,0.8829,0.5217
stgcn,limb_occlusion_severe,255,34,nod head/bow,276,0.965,0.3877
stgcn,limb_occlusion_severe,255,35,shake head,275,0.9418,0.4436
stgcn,limb_occlusion_severe,255,36,wipe face,276,0.8321,0.2609
stgcn,limb_occlusion_severe,255,37,salute,276,0.9179,0.3551
stgcn,limb_occlusion_severe,255,38,put the palms together,276,0.9408,0.4203
stgcn,limb_occlusion_severe,255,39,cross hands in front (say stop),276,0.8998,0.3949
stgcn,limb_occlusion_severe,255,40,sneeze/cough,276,0.7379,0.2283
stgcn,limb_occlusion_severe,255,41,staggering,276,0.9915,0.7609
stgcn,limb_occlusion_severe,255,42,falling,275,0.9855,0.7673
stgcn,limb_occlusion_severe,255,43,touch head (headache),276,0.7657,0.3116
stgcn,limb_occlusion_severe,255,44,touch chest (stomachache/heart pain),276,0.9058,0.5326
stgcn,limb_occlusion_severe,255,45,touch back (backache),276,0.9263,0.5725
stgcn,limb_occlusion_severe,255,46,touch neck (neckache),276,0.8816,0.4529
stgcn,limb_occlusion_severe,255,47,nausea or vomiting condition,275,0.8509,0.3382
stgcn,limb_occlusion_severe,255,48,use a fan (with hand or paper)/feeling warm,275,0.9261,0.3782
stgcn,limb_occlusion_severe,255,49,punching/slapping other person,274,0.8662,0.3102
stgcn,limb_occlusion_severe,255,50,kicking other person,276,0.9167,0.192
stgcn,limb_occlusion_severe,255,51,pushing other person,276,0.971,0.5543
stgcn,limb_occlusion_severe,255,52,pat on back of other person,276,0.942,0.2681
stgcn,limb_occlusion_severe,255,53,point finger at the other person,276,0.907,0.087
stgcn,limb_occlusion_severe,255,54,hugging other person,274,0.9757,0.3759
stgcn,limb_occlusion_severe,255,55,giving something to other person,276,0.9348,0.4384
stgcn,limb_occlusion_severe,255,56,touch other person's pocket,275,0.9285,0.3818
stgcn,limb_occlusion_severe,255,57,handshaking,276,0.9517,0.4203
stgcn,limb_occlusion_severe,255,58,walking towards each other,273,0.9939,0.8974
stgcn,limb_occlusion_severe,255,59,walking apart from each other,276,0.9626,0.8732
stgcn,limb_occlusion_severe,2026,0,drink water,274,0.8759,0.3066
stgcn,limb_occlusion_severe,2026,1,eat meal/snack,275,0.7394,0.2945
stgcn,limb_occlusion_severe,2026,2,brushing teeth,273,0.8584,0.3553
stgcn,limb_occlusion_severe,2026,3,brushing hair,273,0.9048,0.4286
stgcn,limb_occlusion_severe,2026,4,drop,275,0.8315,0.5382
stgcn,limb_occlusion_severe,2026,5,pickup,275,0.9527,0.3927
stgcn,limb_occlusion_severe,2026,6,throw,275,0.9115,0.36
stgcn,limb_occlusion_severe,2026,7,sitting down,273,0.9658,0.4359
stgcn,limb_occlusion_severe,2026,8,standing up (from sitting position),273,0.9805,0.3846
stgcn,limb_occlusion_severe,2026,9,clapping,273,0.7827,0.3773
stgcn,limb_occlusion_severe,2026,10,reading,273,0.6032,0.2711
stgcn,limb_occlusion_severe,2026,11,writing,272,0.5245,0.4926
stgcn,limb_occlusion_severe,2026,12,tear up paper,271,0.8954,0.4428
stgcn,limb_occlusion_severe,2026,13,wear jacket,275,0.983,0.4
stgcn,limb_occlusion_severe,2026,14,take off jacket,276,0.9589,0.5254
stgcn,limb_occlusion_severe,2026,15,wear a shoe,273,0.6545,0.2271
stgcn,limb_occlusion_severe,2026,16,take off a shoe,274,0.7798,0.3394
stgcn,limb_occlusion_severe,2026,17,wear on glasses,273,0.906,0.4835
stgcn,limb_occlusion_severe,2026,18,take off glasses,274,0.9343,0.5401
stgcn,limb_occlusion_severe,2026,19,put on a hat/cap,272,0.9498,0.4081
stgcn,limb_occlusion_severe,2026,20,take off a hat/cap,273,0.9731,0.37
stgcn,limb_occlusion_severe,2026,21,cheer up,274,0.9234,0.4854
stgcn,limb_occlusion_severe,2026,22,hand waving,274,0.9063,0.3942
stgcn,limb_occlusion_severe,2026,23,kicking something,276,0.9372,0.5072
stgcn,limb_occlusion_severe,2026,24,reach into pocket,274,0.8358,0.4562
stgcn,limb_occlusion_severe,2026,25,hopping (one foot jumping),275,0.9879,0.7164
stgcn,limb_occlusion_severe,2026,26,jump up,276,0.9964,0.5
stgcn,limb_occlusion_severe,2026,27,make a phone call/answer phone,275,0.8679,0.3782
stgcn,limb_occlusion_severe,2026,28,playing with phone/tablet,275,0.6824,0.2436
stgcn,limb_occlusion_severe,2026,29,typing on a keyboard,275,0.7515,0.5127
stgcn,limb_occlusion_severe,2026,30,pointing to something with finger,276,0.7585,0.3007
stgcn,limb_occlusion_severe,2026,31,taking a selfie,276,0.8925,0.3261
stgcn,limb_occlusion_severe,2026,32,check time (from watch),276,0.8829,0.3261
stgcn,limb_occlusion_severe,2026,33,rub two hands together,276,0.8829,0.4674
stgcn,limb_occlusion_severe,2026,34,nod head/bow,276,0.965,0.3949
stgcn,limb_occlusion_severe,2026,35,shake head,275,0.9418,0.4291
stgcn,limb_occlusion_severe,2026,36,wipe face,276,0.8321,0.2971
stgcn,limb_occlusion_severe,2026,37,salute,276,0.9179,0.3587
stgcn,limb_occlusion_severe,2026,38,put the palms together,276,0.9408,0.4674
stgcn,limb_occlusion_severe,2026,39,cross hands in front (say stop),276,0.8998,0.2717
stgcn,limb_occlusion_severe,2026,40,sneeze/cough,276,0.7379,0.2536
stgcn,limb_occlusion_severe,2026,41,staggering,276,0.9915,0.6377
stgcn,limb_occlusion_severe,2026,42,falling,275,0.9855,0.6582
stgcn,limb_occlusion_severe,2026,43,touch head (headache),276,0.7657,0.3659
stgcn,limb_occlusion_severe,2026,44,touch chest (stomachache/heart pain),276,0.9058,0.4601
stgcn,limb_occlusion_severe,2026,45,touch back (backache),276,0.9263,0.4601
stgcn,limb_occlusion_severe,2026,46,touch neck (neckache),276,0.8816,0.3804
stgcn,limb_occlusion_severe,2026,47,nausea or vomiting condition,275,0.8509,0.3818
stgcn,limb_occlusion_severe,2026,48,use a fan (with hand or paper)/feeling warm,275,0.9261,0.4073
stgcn,limb_occlusion_severe,2026,49,punching/slapping other person,274,0.8662,0.3431
stgcn,limb_occlusion_severe,2026,50,kicking other person,276,0.9167,0.1594
stgcn,limb_occlusion_severe,2026,51,pushing other person,276,0.971,0.4674
stgcn,limb_occlusion_severe,2026,52,pat on back of other person,276,0.942,0.4022
stgcn,limb_occlusion_severe,2026,53,point finger at the other person,276,0.907,0.1449
stgcn,limb_occlusion_severe,2026,54,hugging other person,274,0.9757,0.3504
stgcn,limb_occlusion_severe,2026,55,giving something to other person,276,0.9348,0.4674
stgcn,limb_occlusion_severe,2026,56,touch other person's pocket,275,0.9285,0.4291
stgcn,limb_occlusion_severe,2026,57,handshaking,276,0.9517,0.4022
stgcn,limb_occlusion_severe,2026,58,walking towards each other,273,0.9939,0.7546
stgcn,limb_occlusion_severe,2026,59,walking apart from each other,276,0.9626,0.8188
stgcn,limb_occlusion_severe,3407,0,drink water,274,0.8759,0.354
stgcn,limb_occlusion_severe,3407,1,eat meal/snack,275,0.7394,0.2655
stgcn,limb_occlusion_severe,3407,2,brushing teeth,273,0.8584,0.326
stgcn,limb_occlusion_severe,3407,3,brushing hair,273,0.9048,0.4359
stgcn,limb_occlusion_severe,3407,4,drop,275,0.8315,0.4364
stgcn,limb_occlusion_severe,3407,5,pickup,275,0.9527,0.3745
stgcn,limb_occlusion_severe,3407,6,throw,275,0.9115,0.3491
stgcn,limb_occlusion_severe,3407,7,sitting down,273,0.9658,0.4212
stgcn,limb_occlusion_severe,3407,8,standing up (from sitting position),273,0.9805,0.4103
stgcn,limb_occlusion_severe,3407,9,clapping,273,0.7827,0.3223
stgcn,limb_occlusion_severe,3407,10,reading,273,0.6032,0.3187
stgcn,limb_occlusion_severe,3407,11,writing,272,0.5245,0.4596
stgcn,limb_occlusion_severe,3407,12,tear up paper,271,0.8954,0.4465
stgcn,limb_occlusion_severe,3407,13,wear jacket,275,0.983,0.4473
stgcn,limb_occlusion_severe,3407,14,take off jacket,276,0.9589,0.5435
stgcn,limb_occlusion_severe,3407,15,wear a shoe,273,0.6545,0.1832
stgcn,limb_occlusion_severe,3407,16,take off a shoe,274,0.7798,0.4526
stgcn,limb_occlusion_severe,3407,17,wear on glasses,273,0.906,0.4908
stgcn,limb_occlusion_severe,3407,18,take off glasses,274,0.9343,0.4927
stgcn,limb_occlusion_severe,3407,19,put on a hat/cap,272,0.9498,0.4559
stgcn,limb_occlusion_severe,3407,20,take off a hat/cap,273,0.9731,0.3993
stgcn,limb_occlusion_severe,3407,21,cheer up,274,0.9234,0.4708
stgcn,limb_occlusion_severe,3407,22,hand waving,274,0.9063,0.4051
stgcn,limb_occlusion_severe,3407,23,kicking something,276,0.9372,0.6159
stgcn,limb_occlusion_severe,3407,24,reach into pocket,274,0.8358,0.4088
stgcn,limb_occlusion_severe,3407,25,hopping (one foot jumping),275,0.9879,0.5636
stgcn,limb_occlusion_severe,3407,26,jump up,276,0.9964,0.4058
stgcn,limb_occlusion_severe,3407,27,make a phone call/answer phone,275,0.8679,0.3745
stgcn,limb_occlusion_severe,3407,28,playing with phone/tablet,275,0.6824,0.4036
stgcn,limb_occlusion_severe,3407,29,typing on a keyboard,275,0.7515,0.4036
stgcn,limb_occlusion_severe,3407,30,pointing to something with finger,276,0.7585,0.3406
stgcn,limb_occlusion_severe,3407,31,taking a selfie,276,0.8925,0.3188
stgcn,limb_occlusion_severe,3407,32,check time (from watch),276,0.8829,0.3188
stgcn,limb_occlusion_severe,3407,33,rub two hands together,276,0.8829,0.4783
stgcn,limb_occlusion_severe,3407,34,nod head/bow,276,0.965,0.308
stgcn,limb_occlusion_severe,3407,35,shake head,275,0.9418,0.3673
stgcn,limb_occlusion_severe,3407,36,wipe face,276,0.8321,0.3261
stgcn,limb_occlusion_severe,3407,37,salute,276,0.9179,0.3623
stgcn,limb_occlusion_severe,3407,38,put the palms together,276,0.9408,0.4783
stgcn,limb_occlusion_severe,3407,39,cross hands in front (say stop),276,0.8998,0.3261
stgcn,limb_occlusion_severe,3407,40,sneeze/cough,276,0.7379,0.2283
stgcn,limb_occlusion_severe,3407,41,staggering,276,0.9915,0.6051
stgcn,limb_occlusion_severe,3407,42,falling,275,0.9855,0.6764
stgcn,limb_occlusion_severe,3407,43,touch head (headache),276,0.7657,0.3587
stgcn,limb_occlusion_severe,3407,44,touch chest (stomachache/heart pain),276,0.9058,0.4928
stgcn,limb_occlusion_severe,3407,45,touch back (backache),276,0.9263,0.5652
stgcn,limb_occlusion_severe,3407,46,touch neck (neckache),276,0.8816,0.442
stgcn,limb_occlusion_severe,3407,47,nausea or vomiting condition,275,0.8509,0.2873
stgcn,limb_occlusion_severe,3407,48,use a fan (with hand or paper)/feeling warm,275,0.9261,0.4218
stgcn,limb_occlusion_severe,3407,49,punching/slapping other person,274,0.8662,0.2664
stgcn,limb_occlusion_severe,3407,50,kicking other person,276,0.9167,0.1775
stgcn,limb_occlusion_severe,3407,51,pushing other person,276,0.971,0.4783
stgcn,limb_occlusion_severe,3407,52,pat on back of other person,276,0.942,0.2391
stgcn,limb_occlusion_severe,3407,53,point finger at the other person,276,0.907,0.0942
stgcn,limb_occlusion_severe,3407,54,hugging other person,274,0.9757,0.4124
stgcn,limb_occlusion_severe,3407,55,giving something to other person,276,0.9348,0.4529
stgcn,limb_occlusion_severe,3407,56,touch other person's pocket,275,0.9285,0.4727
stgcn,limb_occlusion_severe,3407,57,handshaking,276,0.9517,0.4384
stgcn,limb_occlusion_severe,3407,58,walking towards each other,273,0.9939,0.8828
stgcn,limb_occlusion_severe,3407,59,walking apart from each other,276,0.9626,0.7681
stgcn,coord_noise_severe,255,0,drink water,274,0.8759,0.0
stgcn,coord_noise_severe,255,1,eat meal/snack,275,0.7394,0.0
stgcn,coord_noise_severe,255,2,brushing teeth,273,0.8584,0.0
stgcn,coord_noise_severe,255,3,brushing hair,273,0.9048,0.0
stgcn,coord_noise_severe,255,4,drop,275,0.8315,0.0
stgcn,coord_noise_severe,255,5,pickup,275,0.9527,0.3855
stgcn,coord_noise_severe,255,6,throw,275,0.9115,0.0
stgcn,coord_noise_severe,255,7,sitting down,273,0.9658,0.0
stgcn,coord_noise_severe,255,8,standing up (from sitting position),273,0.9805,0.2051
stgcn,coord_noise_severe,255,9,clapping,273,0.7827,0.0037
stgcn,coord_noise_severe,255,10,reading,273,0.6032,0.022
stgcn,coord_noise_severe,255,11,writing,272,0.5245,0.6838
stgcn,coord_noise_severe,255,12,tear up paper,271,0.8954,0.0037
stgcn,coord_noise_severe,255,13,wear jacket,275,0.983,0.9236
stgcn,coord_noise_severe,255,14,take off jacket,276,0.9589,0.0036
stgcn,coord_noise_severe,255,15,wear a shoe,273,0.6545,0.1099
stgcn,coord_noise_severe,255,16,take off a shoe,274,0.7798,0.1314
stgcn,coord_noise_severe,255,17,wear on glasses,273,0.906,0.0037
stgcn,coord_noise_severe,255,18,take off glasses,274,0.9343,0.0073
stgcn,coord_noise_severe,255,19,put on a hat/cap,272,0.9498,0.0
stgcn,coord_noise_severe,255,20,take off a hat/cap,273,0.9731,0.0037
stgcn,coord_noise_severe,255,21,cheer up,274,0.9234,0.0036
stgcn,coord_noise_severe,255,22,hand waving,274,0.9063,0.0
stgcn,coord_noise_severe,255,23,kicking something,276,0.9372,0.0
stgcn,coord_noise_severe,255,24,reach into pocket,274,0.8358,0.0
stgcn,coord_noise_severe,255,25,hopping (one foot jumping),275,0.9879,0.0
stgcn,coord_noise_severe,255,26,jump up,276,0.9964,0.0
stgcn,coord_noise_severe,255,27,make a phone call/answer phone,275,0.8679,0.0
stgcn,coord_noise_severe,255,28,playing with phone/tablet,275,0.6824,0.2145
stgcn,coord_noise_severe,255,29,typing on a keyboard,275,0.7515,0.1418
stgcn,coord_noise_severe,255,30,pointing to something with finger,276,0.7585,0.0
stgcn,coord_noise_severe,255,31,taking a selfie,276,0.8925,0.0072
stgcn,coord_noise_severe,255,32,check time (from watch),276,0.8829,0.0
stgcn,coord_noise_severe,255,33,rub two hands together,276,0.8829,0.0
stgcn,coord_noise_severe,255,34,nod head/bow,276,0.965,0.0072
stgcn,coord_noise_severe,255,35,shake head,275,0.9418,0.0
stgcn,coord_noise_severe,255,36,wipe face,276,0.8321,0.0
stgcn,coord_noise_severe,255,37,salute,276,0.9179,0.0
stgcn,coord_noise_severe,255,38,put the palms together,276,0.9408,0.0
stgcn,coord_noise_severe,255,39,cross hands in front (say stop),276,0.8998,0.0543
stgcn,coord_noise_severe,255,40,sneeze/cough,276,0.7379,0.0
stgcn,coord_noise_severe,255,41,staggering,276,0.9915,0.0
stgcn,coord_noise_severe,255,42,falling,275,0.9855,0.0109
stgcn,coord_noise_severe,255,43,touch head (headache),276,0.7657,0.0
stgcn,coord_noise_severe,255,44,touch chest (stomachache/heart pain),276,0.9058,0.0
stgcn,coord_noise_severe,255,45,touch back (backache),276,0.9263,0.0
stgcn,coord_noise_severe,255,46,touch neck (neckache),276,0.8816,0.0
stgcn,coord_noise_severe,255,47,nausea or vomiting condition,275,0.8509,0.1127
stgcn,coord_noise_severe,255,48,use a fan (with hand or paper)/feeling warm,275,0.9261,0.0655
stgcn,coord_noise_severe,255,49,punching/slapping other person,274,0.8662,0.0
stgcn,coord_noise_severe,255,50,kicking other person,276,0.9167,0.0
stgcn,coord_noise_severe,255,51,pushing other person,276,0.971,0.0
stgcn,coord_noise_severe,255,52,pat on back of other person,276,0.942,0.0
stgcn,coord_noise_severe,255,53,point finger at the other person,276,0.907,0.0
stgcn,coord_noise_severe,255,54,hugging other person,274,0.9757,0.0
stgcn,coord_noise_severe,255,55,giving something to other person,276,0.9348,0.0
stgcn,coord_noise_severe,255,56,touch other person's pocket,275,0.9285,0.0
stgcn,coord_noise_severe,255,57,handshaking,276,0.9517,0.0
stgcn,coord_noise_severe,255,58,walking towards each other,273,0.9939,0.2051
stgcn,coord_noise_severe,255,59,walking apart from each other,276,0.9626,0.0109
stgcn,coord_noise_severe,2026,0,drink water,274,0.8759,0.0
stgcn,coord_noise_severe,2026,1,eat meal/snack,275,0.7394,0.0
stgcn,coord_noise_severe,2026,2,brushing teeth,273,0.8584,0.0
stgcn,coord_noise_severe,2026,3,brushing hair,273,0.9048,0.0
stgcn,coord_noise_severe,2026,4,drop,275,0.8315,0.0
stgcn,coord_noise_severe,2026,5,pickup,275,0.9527,0.0436
stgcn,coord_noise_severe,2026,6,throw,275,0.9115,0.0
stgcn,coord_noise_severe,2026,7,sitting down,273,0.9658,0.1465
stgcn,coord_noise_severe,2026,8,standing up (from sitting position),273,0.9805,0.0073
stgcn,coord_noise_severe,2026,9,clapping,273,0.7827,0.044
stgcn,coord_noise_severe,2026,10,reading,273,0.6032,0.0
stgcn,coord_noise_severe,2026,11,writing,272,0.5245,0.9338
stgcn,coord_noise_severe,2026,12,tear up paper,271,0.8954,0.0
stgcn,coord_noise_severe,2026,13,wear jacket,275,0.983,0.0036
stgcn,coord_noise_severe,2026,14,take off jacket,276,0.9589,0.0
stgcn,coord_noise_severe,2026,15,wear a shoe,273,0.6545,0.0952
stgcn,coord_noise_severe,2026,16,take off a shoe,274,0.7798,0.0365
stgcn,coord_noise_severe,2026,17,wear on glasses,273,0.906,0.0
stgcn,coord_noise_severe,2026,18,take off glasses,274,0.9343,0.0
stgcn,coord_noise_severe,2026,19,put on a hat/cap,272,0.9498,0.0
stgcn,coord_noise_severe,2026,20,take off a hat/cap,273,0.9731,0.0
stgcn,coord_noise_severe,2026,21,cheer up,274,0.9234,0.0
stgcn,coord_noise_severe,2026,22,hand waving,274,0.9063,0.0
stgcn,coord_noise_severe,2026,23,kicking something,276,0.9372,0.0
stgcn,coord_noise_severe,2026,24,reach into pocket,274,0.8358,0.0
stgcn,coord_noise_severe,2026,25,hopping (one foot jumping),275,0.9879,0.0
stgcn,coord_noise_severe,2026,26,jump up,276,0.9964,0.0
stgcn,coord_noise_severe,2026,27,make a phone call/answer phone,275,0.8679,0.0
stgcn,coord_noise_severe,2026,28,playing with phone/tablet,275,0.6824,0.0036
stgcn,coord_noise_severe,2026,29,typing on a keyboard,275,0.7515,0.1745
stgcn,coord_noise_severe,2026,30,pointing to something with finger,276,0.7585,0.0217
stgcn,coord_noise_severe,2026,31,taking a selfie,276,0.8925,0.0109
stgcn,coord_noise_severe,2026,32,check time (from watch),276,0.8829,0.0072
stgcn,coord_noise_severe,2026,33,rub two hands together,276,0.8829,0.0
stgcn,coord_noise_severe,2026,34,nod head/bow,276,0.965,0.0
stgcn,coord_noise_severe,2026,35,shake head,275,0.9418,0.0
stgcn,coord_noise_severe,2026,36,wipe face,276,0.8321,0.0
stgcn,coord_noise_severe,2026,37,salute,276,0.9179,0.0
stgcn,coord_noise_severe,2026,38,put the palms together,276,0.9408,0.0
stgcn,coord_noise_severe,2026,39,cross hands in front (say stop),276,0.8998,0.0036
stgcn,coord_noise_severe,2026,40,sneeze/cough,276,0.7379,0.0
stgcn,coord_noise_severe,2026,41,staggering,276,0.9915,0.0
stgcn,coord_noise_severe,2026,42,falling,275,0.9855,0.0545
stgcn,coord_noise_severe,2026,43,touch head (headache),276,0.7657,0.0
stgcn,coord_noise_severe,2026,44,touch chest (stomachache/heart pain),276,0.9058,0.0
stgcn,coord_noise_severe,2026,45,touch back (backache),276,0.9263,0.0326
stgcn,coord_noise_severe,2026,46,touch neck (neckache),276,0.8816,0.0
stgcn,coord_noise_severe,2026,47,nausea or vomiting condition,275,0.8509,0.0291
stgcn,coord_noise_severe,2026,48,use a fan (with hand or paper)/feeling warm,275,0.9261,0.0
stgcn,coord_noise_severe,2026,49,punching/slapping other person,274,0.8662,0.0036
stgcn,coord_noise_severe,2026,50,kicking other person,276,0.9167,0.0
stgcn,coord_noise_severe,2026,51,pushing other person,276,0.971,0.0
stgcn,coord_noise_severe,2026,52,pat on back of other person,276,0.942,0.0326
stgcn,coord_noise_severe,2026,53,point finger at the other person,276,0.907,0.0
stgcn,coord_noise_severe,2026,54,hugging other person,274,0.9757,0.1861
stgcn,coord_noise_severe,2026,55,giving something to other person,276,0.9348,0.0
stgcn,coord_noise_severe,2026,56,touch other person's pocket,275,0.9285,0.0
stgcn,coord_noise_severe,2026,57,handshaking,276,0.9517,0.0
stgcn,coord_noise_severe,2026,58,walking towards each other,273,0.9939,0.5421
stgcn,coord_noise_severe,2026,59,walking apart from each other,276,0.9626,0.0
stgcn,coord_noise_severe,3407,0,drink water,274,0.8759,0.0036
stgcn,coord_noise_severe,3407,1,eat meal/snack,275,0.7394,0.0
stgcn,coord_noise_severe,3407,2,brushing teeth,273,0.8584,0.0
stgcn,coord_noise_severe,3407,3,brushing hair,273,0.9048,0.0037
stgcn,coord_noise_severe,3407,4,drop,275,0.8315,0.0
stgcn,coord_noise_severe,3407,5,pickup,275,0.9527,0.1018
stgcn,coord_noise_severe,3407,6,throw,275,0.9115,0.0036
stgcn,coord_noise_severe,3407,7,sitting down,273,0.9658,0.022
stgcn,coord_noise_severe,3407,8,standing up (from sitting position),273,0.9805,0.2711
stgcn,coord_noise_severe,3407,9,clapping,273,0.7827,0.0256
stgcn,coord_noise_severe,3407,10,reading,273,0.6032,0.0
stgcn,coord_noise_severe,3407,11,writing,272,0.5245,0.4926
stgcn,coord_noise_severe,3407,12,tear up paper,271,0.8954,0.0037
stgcn,coord_noise_severe,3407,13,wear jacket,275,0.983,0.2655
stgcn,coord_noise_severe,3407,14,take off jacket,276,0.9589,0.0145
stgcn,coord_noise_severe,3407,15,wear a shoe,273,0.6545,0.044
stgcn,coord_noise_severe,3407,16,take off a shoe,274,0.7798,0.0438
stgcn,coord_noise_severe,3407,17,wear on glasses,273,0.906,0.0037
stgcn,coord_noise_severe,3407,18,take off glasses,274,0.9343,0.0
stgcn,coord_noise_severe,3407,19,put on a hat/cap,272,0.9498,0.0
stgcn,coord_noise_severe,3407,20,take off a hat/cap,273,0.9731,0.022
stgcn,coord_noise_severe,3407,21,cheer up,274,0.9234,0.0036
stgcn,coord_noise_severe,3407,22,hand waving,274,0.9063,0.0036
stgcn,coord_noise_severe,3407,23,kicking something,276,0.9372,0.0145
stgcn,coord_noise_severe,3407,24,reach into pocket,274,0.8358,0.0
stgcn,coord_noise_severe,3407,25,hopping (one foot jumping),275,0.9879,0.0
stgcn,coord_noise_severe,3407,26,jump up,276,0.9964,0.0
stgcn,coord_noise_severe,3407,27,make a phone call/answer phone,275,0.8679,0.0
stgcn,coord_noise_severe,3407,28,playing with phone/tablet,275,0.6824,0.0
stgcn,coord_noise_severe,3407,29,typing on a keyboard,275,0.7515,0.5236
stgcn,coord_noise_severe,3407,30,pointing to something with finger,276,0.7585,0.1268
stgcn,coord_noise_severe,3407,31,taking a selfie,276,0.8925,0.1087
stgcn,coord_noise_severe,3407,32,check time (from watch),276,0.8829,0.0036
stgcn,coord_noise_severe,3407,33,rub two hands together,276,0.8829,0.0
stgcn,coord_noise_severe,3407,34,nod head/bow,276,0.965,0.0
stgcn,coord_noise_severe,3407,35,shake head,275,0.9418,0.0073
stgcn,coord_noise_severe,3407,36,wipe face,276,0.8321,0.0
stgcn,coord_noise_severe,3407,37,salute,276,0.9179,0.0
stgcn,coord_noise_severe,3407,38,put the palms together,276,0.9408,0.0
stgcn,coord_noise_severe,3407,39,cross hands in front (say stop),276,0.8998,0.0543
stgcn,coord_noise_severe,3407,40,sneeze/cough,276,0.7379,0.0
stgcn,coord_noise_severe,3407,41,staggering,276,0.9915,0.0
stgcn,coord_noise_severe,3407,42,falling,275,0.9855,0.1091
stgcn,coord_noise_severe,3407,43,touch head (headache),276,0.7657,0.0036
stgcn,coord_noise_severe,3407,44,touch chest (stomachache/heart pain),276,0.9058,0.0
stgcn,coord_noise_severe,3407,45,touch back (backache),276,0.9263,0.0797
stgcn,coord_noise_severe,3407,46,touch neck (neckache),276,0.8816,0.0
stgcn,coord_noise_severe,3407,47,nausea or vomiting condition,275,0.8509,0.0
stgcn,coord_noise_severe,3407,48,use a fan (with hand or paper)/feeling warm,275,0.9261,0.2109
stgcn,coord_noise_severe,3407,49,punching/slapping other person,274,0.8662,0.0
stgcn,coord_noise_severe,3407,50,kicking other person,276,0.9167,0.0
stgcn,coord_noise_severe,3407,51,pushing other person,276,0.971,0.0
stgcn,coord_noise_severe,3407,52,pat on back of other person,276,0.942,0.0145
stgcn,coord_noise_severe,3407,53,point finger at the other person,276,0.907,0.0471
stgcn,coord_noise_severe,3407,54,hugging other person,274,0.9757,0.0
stgcn,coord_noise_severe,3407,55,giving something to other person,276,0.9348,0.0
stgcn,coord_noise_severe,3407,56,touch other person's pocket,275,0.9285,0.0036
stgcn,coord_noise_severe,3407,57,handshaking,276,0.9517,0.0
stgcn,coord_noise_severe,3407,58,walking towards each other,273,0.9939,0.5751
stgcn,coord_noise_severe,3407,59,walking apart from each other,276,0.9626,0.942
stgcn,frame_missing_severe,255,0,drink water,274,0.8759,0.5401
stgcn,frame_missing_severe,255,1,eat meal/snack,275,0.7394,0.3818
stgcn,frame_missing_severe,255,2,brushing teeth,273,0.8584,0.5348
stgcn,frame_missing_severe,255,3,brushing hair,273,0.9048,0.6264
stgcn,frame_missing_severe,255,4,drop,275,0.8315,0.7636
stgcn,frame_missing_severe,255,5,pickup,275,0.9527,0.7127
stgcn,frame_missing_severe,255,6,throw,275,0.9115,0.7055
stgcn,frame_missing_severe,255,7,sitting down,273,0.9658,0.7656
stgcn,frame_missing_severe,255,8,standing up (from sitting position),273,0.9805,0.9048
stgcn,frame_missing_severe,255,9,clapping,273,0.7827,0.4359
stgcn,frame_missing_severe,255,10,reading,273,0.6032,0.4139
stgcn,frame_missing_severe,255,11,writing,272,0.5245,0.0809
stgcn,frame_missing_severe,255,12,tear up paper,271,0.8954,0.7306
stgcn,frame_missing_severe,255,13,wear jacket,275,0.983,0.9018
stgcn,frame_missing_severe,255,14,take off jacket,276,0.9589,0.8551
stgcn,frame_missing_severe,255,15,wear a shoe,273,0.6545,0.4103
stgcn,frame_missing_severe,255,16,take off a shoe,274,0.7798,0.4745
stgcn,frame_missing_severe,255,17,wear on glasses,273,0.906,0.5311
stgcn,frame_missing_severe,255,18,take off glasses,274,0.9343,0.4416
stgcn,frame_missing_severe,255,19,put on a hat/cap,272,0.9498,0.8015
stgcn,frame_missing_severe,255,20,take off a hat/cap,273,0.9731,0.5897
stgcn,frame_missing_severe,255,21,cheer up,274,0.9234,0.8504
stgcn,frame_missing_severe,255,22,hand waving,274,0.9063,0.8212
stgcn,frame_missing_severe,255,23,kicking something,276,0.9372,0.6993
stgcn,frame_missing_severe,255,24,reach into pocket,274,0.8358,0.5073
stgcn,frame_missing_severe,255,25,hopping (one foot jumping),275,0.9879,0.7964
stgcn,frame_missing_severe,255,26,jump up,276,0.9964,0.692
stgcn,frame_missing_severe,255,27,make a phone call/answer phone,275,0.8679,0.6909
stgcn,frame_missing_severe,255,28,playing with phone/tablet,275,0.6824,0.2364
stgcn,frame_missing_severe,255,29,typing on a keyboard,275,0.7515,0.5927
stgcn,frame_missing_severe,255,30,pointing to something with finger,276,0.7585,0.5833
stgcn,frame_missing_severe,255,31,taking a selfie,276,0.8925,0.6594
stgcn,frame_missing_severe,255,32,check time (from watch),276,0.8829,0.5072
stgcn,frame_missing_severe,255,33,rub two hands together,276,0.8829,0.5
stgcn,frame_missing_severe,255,34,nod head/bow,276,0.965,0.8841
stgcn,frame_missing_severe,255,35,shake head,275,0.9418,0.44
stgcn,frame_missing_severe,255,36,wipe face,276,0.8321,0.4384
stgcn,frame_missing_severe,255,37,salute,276,0.9179,0.7717
stgcn,frame_missing_severe,255,38,put the palms together,276,0.9408,0.4638
stgcn,frame_missing_severe,255,39,cross hands in front (say stop),276,0.8998,0.471
stgcn,frame_missing_severe,255,40,sneeze/cough,276,0.7379,0.3478
stgcn,frame_missing_severe,255,41,staggering,276,0.9915,0.6812
stgcn,frame_missing_severe,255,42,falling,275,0.9855,0.8982
stgcn,frame_missing_severe,255,43,touch head (headache),276,0.7657,0.3949
stgcn,frame_missing_severe,255,44,touch chest (stomachache/heart pain),276,0.9058,0.7971
stgcn,frame_missing_severe,255,45,touch back (backache),276,0.9263,0.6594
stgcn,frame_missing_severe,255,46,touch neck (neckache),276,0.8816,0.4855
stgcn,frame_missing_severe,255,47,nausea or vomiting condition,275,0.8509,0.4364
stgcn,frame_missing_severe,255,48,use a fan (with hand or paper)/feeling warm,275,0.9261,0.7164
stgcn,frame_missing_severe,255,49,punching/slapping other person,274,0.8662,0.4088
stgcn,frame_missing_severe,255,50,kicking other person,276,0.9167,0.6014
stgcn,frame_missing_severe,255,51,pushing other person,276,0.971,0.5833
stgcn,frame_missing_severe,255,52,pat on back of other person,276,0.942,0.6449
stgcn,frame_missing_severe,255,53,point finger at the other person,276,0.907,0.2391
stgcn,frame_missing_severe,255,54,hugging other person,274,0.9757,0.9015
stgcn,frame_missing_severe,255,55,giving something to other person,276,0.9348,0.6993
stgcn,frame_missing_severe,255,56,touch other person's pocket,275,0.9285,0.6545
stgcn,frame_missing_severe,255,57,handshaking,276,0.9517,0.4891
stgcn,frame_missing_severe,255,58,walking towards each other,273,0.9939,0.9121
stgcn,frame_missing_severe,255,59,walking apart from each other,276,0.9626,0.9275
stgcn,frame_missing_severe,2026,0,drink water,274,0.8759,0.6533
stgcn,frame_missing_severe,2026,1,eat meal/snack,275,0.7394,0.4327
stgcn,frame_missing_severe,2026,2,brushing teeth,273,0.8584,0.6447
stgcn,frame_missing_severe,2026,3,brushing hair,273,0.9048,0.6593
stgcn,frame_missing_severe,2026,4,drop,275,0.8315,0.8109
stgcn,frame_missing_severe,2026,5,pickup,275,0.9527,0.7127
stgcn,frame_missing_severe,2026,6,throw,275,0.9115,0.68
stgcn,frame_missing_severe,2026,7,sitting down,273,0.9658,0.7949
stgcn,frame_missing_severe,2026,8,standing up (from sitting position),273,0.9805,0.7473
stgcn,frame_missing_severe,2026,9,clapping,273,0.7827,0.4945
stgcn,frame_missing_severe,2026,10,reading,273,0.6032,0.304
stgcn,frame_missing_severe,2026,11,writing,272,0.5245,0.125
stgcn,frame_missing_severe,2026,12,tear up paper,271,0.8954,0.6753
stgcn,frame_missing_severe,2026,13,wear jacket,275,0.983,0.8218
stgcn,frame_missing_severe,2026,14,take off jacket,276,0.9589,0.8877
stgcn,frame_missing_severe,2026,15,wear a shoe,273,0.6545,0.4799
stgcn,frame_missing_severe,2026,16,take off a shoe,274,0.7798,0.3905
stgcn,frame_missing_severe,2026,17,wear on glasses,273,0.906,0.4432
stgcn,frame_missing_severe,2026,18,take off glasses,274,0.9343,0.4745
stgcn,frame_missing_severe,2026,19,put on a hat/cap,272,0.9498,0.7794
stgcn,frame_missing_severe,2026,20,take off a hat/cap,273,0.9731,0.5971
stgcn,frame_missing_severe,2026,21,cheer up,274,0.9234,0.8467
stgcn,frame_missing_severe,2026,22,hand waving,274,0.9063,0.781
stgcn,frame_missing_severe,2026,23,kicking something,276,0.9372,0.4565
stgcn,frame_missing_severe,2026,24,reach into pocket,274,0.8358,0.4781
stgcn,frame_missing_severe,2026,25,hopping (one foot jumping),275,0.9879,0.8218
stgcn,frame_missing_severe,2026,26,jump up,276,0.9964,0.6558
stgcn,frame_missing_severe,2026,27,make a phone call/answer phone,275,0.8679,0.4945
stgcn,frame_missing_severe,2026,28,playing with phone/tablet,275,0.6824,0.1891
stgcn,frame_missing_severe,2026,29,typing on a keyboard,275,0.7515,0.6873
stgcn,frame_missing_severe,2026,30,pointing to something with finger,276,0.7585,0.7283
stgcn,frame_missing_severe,2026,31,taking a selfie,276,0.8925,0.5616
stgcn,frame_missing_severe,2026,32,check time (from watch),276,0.8829,0.5942
stgcn,frame_missing_severe,2026,33,rub two hands together,276,0.8829,0.529
stgcn,frame_missing_severe,2026,34,nod head/bow,276,0.965,0.8877
stgcn,frame_missing_severe,2026,35,shake head,275,0.9418,0.4473
stgcn,frame_missing_severe,2026,36,wipe face,276,0.8321,0.5254
stgcn,frame_missing_severe,2026,37,salute,276,0.9179,0.8007
stgcn,frame_missing_severe,2026,38,put the palms together,276,0.9408,0.3659
stgcn,frame_missing_severe,2026,39,cross hands in front (say stop),276,0.8998,0.4275
stgcn,frame_missing_severe,2026,40,sneeze/cough,276,0.7379,0.4601
stgcn,frame_missing_severe,2026,41,staggering,276,0.9915,0.5217
stgcn,frame_missing_severe,2026,42,falling,275,0.9855,0.7745
stgcn,frame_missing_severe,2026,43,touch head (headache),276,0.7657,0.5145
stgcn,frame_missing_severe,2026,44,touch chest (stomachache/heart pain),276,0.9058,0.7826
stgcn,frame_missing_severe,2026,45,touch back (backache),276,0.9263,0.8406
stgcn,frame_missing_severe,2026,46,touch neck (neckache),276,0.8816,0.4674
stgcn,frame_missing_severe,2026,47,nausea or vomiting condition,275,0.8509,0.56
stgcn,frame_missing_severe,2026,48,use a fan (with hand or paper)/feeling warm,275,0.9261,0.8
stgcn,frame_missing_severe,2026,49,punching/slapping other person,274,0.8662,0.4088
stgcn,frame_missing_severe,2026,50,kicking other person,276,0.9167,0.5254
stgcn,frame_missing_severe,2026,51,pushing other person,276,0.971,0.5254
stgcn,frame_missing_severe,2026,52,pat on back of other person,276,0.942,0.779
stgcn,frame_missing_severe,2026,53,point finger at the other person,276,0.907,0.3841
stgcn,frame_missing_severe,2026,54,hugging other person,274,0.9757,0.8686
stgcn,frame_missing_severe,2026,55,giving something to other person,276,0.9348,0.6232
stgcn,frame_missing_severe,2026,56,touch other person's pocket,275,0.9285,0.5673
stgcn,frame_missing_severe,2026,57,handshaking,276,0.9517,0.471
stgcn,frame_missing_severe,2026,58,walking towards each other,273,0.9939,0.8828
stgcn,frame_missing_severe,2026,59,walking apart from each other,276,0.9626,0.942
stgcn,frame_missing_severe,3407,0,drink water,274,0.8759,0.4927
stgcn,frame_missing_severe,3407,1,eat meal/snack,275,0.7394,0.2982
stgcn,frame_missing_severe,3407,2,brushing teeth,273,0.8584,0.5678
stgcn,frame_missing_severe,3407,3,brushing hair,273,0.9048,0.5678
stgcn,frame_missing_severe,3407,4,drop,275,0.8315,0.8509
stgcn,frame_missing_severe,3407,5,pickup,275,0.9527,0.6618
stgcn,frame_missing_severe,3407,6,throw,275,0.9115,0.6691
stgcn,frame_missing_severe,3407,7,sitting down,273,0.9658,0.7766
stgcn,frame_missing_severe,3407,8,standing up (from sitting position),273,0.9805,0.7875
stgcn,frame_missing_severe,3407,9,clapping,273,0.7827,0.4469
stgcn,frame_missing_severe,3407,10,reading,273,0.6032,0.3516
stgcn,frame_missing_severe,3407,11,writing,272,0.5245,0.1765
stgcn,frame_missing_severe,3407,12,tear up paper,271,0.8954,0.6089
stgcn,frame_missing_severe,3407,13,wear jacket,275,0.983,0.8436
stgcn,frame_missing_severe,3407,14,take off jacket,276,0.9589,0.8514
stgcn,frame_missing_severe,3407,15,wear a shoe,273,0.6545,0.381
stgcn,frame_missing_severe,3407,16,take off a shoe,274,0.7798,0.2956
stgcn,frame_missing_severe,3407,17,wear on glasses,273,0.906,0.3773
stgcn,frame_missing_severe,3407,18,take off glasses,274,0.9343,0.3504
stgcn,frame_missing_severe,3407,19,put on a hat/cap,272,0.9498,0.8051
stgcn,frame_missing_severe,3407,20,take off a hat/cap,273,0.9731,0.5385
stgcn,frame_missing_severe,3407,21,cheer up,274,0.9234,0.8285
stgcn,frame_missing_severe,3407,22,hand waving,274,0.9063,0.7153
stgcn,frame_missing_severe,3407,23,kicking something,276,0.9372,0.6304
stgcn,frame_missing_severe,3407,24,reach into pocket,274,0.8358,0.4599
stgcn,frame_missing_severe,3407,25,hopping (one foot jumping),275,0.9879,0.7891
stgcn,frame_missing_severe,3407,26,jump up,276,0.9964,0.6014
stgcn,frame_missing_severe,3407,27,make a phone call/answer phone,275,0.8679,0.4727
stgcn,frame_missing_severe,3407,28,playing with phone/tablet,275,0.6824,0.2836
stgcn,frame_missing_severe,3407,29,typing on a keyboard,275,0.7515,0.72
stgcn,frame_missing_severe,3407,30,pointing to something with finger,276,0.7585,0.6884
stgcn,frame_missing_severe,3407,31,taking a selfie,276,0.8925,0.3913
stgcn,frame_missing_severe,3407,32,check time (from watch),276,0.8829,0.4312
stgcn,frame_missing_severe,3407,33,rub two hands together,276,0.8829,0.4529
stgcn,frame_missing_severe,3407,34,nod head/bow,276,0.965,0.8768
stgcn,frame_missing_severe,3407,35,shake head,275,0.9418,0.3927
stgcn,frame_missing_severe,3407,36,wipe face,276,0.8321,0.5761
stgcn,frame_missing_severe,3407,37,salute,276,0.9179,0.6993
stgcn,frame_missing_severe,3407,38,put the palms together,276,0.9408,0.3986
stgcn,frame_missing_severe,3407,39,cross hands in front (say stop),276,0.8998,0.4855
stgcn,frame_missing_severe,3407,40,sneeze/cough,276,0.7379,0.3043
stgcn,frame_missing_severe,3407,41,staggering,276,0.9915,0.413
stgcn,frame_missing_severe,3407,42,falling,275,0.9855,0.8255
stgcn,frame_missing_severe,3407,43,touch head (headache),276,0.7657,0.5435
stgcn,frame_missing_severe,3407,44,touch chest (stomachache/heart pain),276,0.9058,0.7246
stgcn,frame_missing_severe,3407,45,touch back (backache),276,0.9263,0.8514
stgcn,frame_missing_severe,3407,46,touch neck (neckache),276,0.8816,0.4022
stgcn,frame_missing_severe,3407,47,nausea or vomiting condition,275,0.8509,0.4291
stgcn,frame_missing_severe,3407,48,use a fan (with hand or paper)/feeling warm,275,0.9261,0.88
stgcn,frame_missing_severe,3407,49,punching/slapping other person,274,0.8662,0.4672
stgcn,frame_missing_severe,3407,50,kicking other person,276,0.9167,0.7246
stgcn,frame_missing_severe,3407,51,pushing other person,276,0.971,0.4167
stgcn,frame_missing_severe,3407,52,pat on back of other person,276,0.942,0.7645
stgcn,frame_missing_severe,3407,53,point finger at the other person,276,0.907,0.6522
stgcn,frame_missing_severe,3407,54,hugging other person,274,0.9757,0.8175
stgcn,frame_missing_severe,3407,55,giving something to other person,276,0.9348,0.6232
stgcn,frame_missing_severe,3407,56,touch other person's pocket,275,0.9285,0.6
stgcn,frame_missing_severe,3407,57,handshaking,276,0.9517,0.558
stgcn,frame_missing_severe,3407,58,walking towards each other,273,0.9939,0.9341
stgcn,frame_missing_severe,3407,59,walking apart from each other,276,0.9626,0.9094
stgcn,mixed_severe,255,0,drink water,274,0.8759,0.1168
stgcn,mixed_severe,255,1,eat meal/snack,275,0.7394,0.08
stgcn,mixed_severe,255,2,brushing teeth,273,0.8584,0.0549
stgcn,mixed_severe,255,3,brushing hair,273,0.9048,0.1209
stgcn,mixed_severe,255,4,drop,275,0.8315,0.1273
stgcn,mixed_severe,255,5,pickup,275,0.9527,0.2182
stgcn,mixed_severe,255,6,throw,275,0.9115,0.1527
stgcn,mixed_severe,255,7,sitting down,273,0.9658,0.1245
stgcn,mixed_severe,255,8,standing up (from sitting position),273,0.9805,0.1795
stgcn,mixed_severe,255,9,clapping,273,0.7827,0.0476
stgcn,mixed_severe,255,10,reading,273,0.6032,0.1099
stgcn,mixed_severe,255,11,writing,272,0.5245,0.3382
stgcn,mixed_severe,255,12,tear up paper,271,0.8954,0.1255
stgcn,mixed_severe,255,13,wear jacket,275,0.983,0.3891
stgcn,mixed_severe,255,14,take off jacket,276,0.9589,0.163
stgcn,mixed_severe,255,15,wear a shoe,273,0.6545,0.0769
stgcn,mixed_severe,255,16,take off a shoe,274,0.7798,0.219
stgcn,mixed_severe,255,17,wear on glasses,273,0.906,0.1026
stgcn,mixed_severe,255,18,take off glasses,274,0.9343,0.1095
stgcn,mixed_severe,255,19,put on a hat/cap,272,0.9498,0.1507
stgcn,mixed_severe,255,20,take off a hat/cap,273,0.9731,0.1502
stgcn,mixed_severe,255,21,cheer up,274,0.9234,0.219
stgcn,mixed_severe,255,22,hand waving,274,0.9063,0.208
stgcn,mixed_severe,255,23,kicking something,276,0.9372,0.1123
stgcn,mixed_severe,255,24,reach into pocket,274,0.8358,0.0985
stgcn,mixed_severe,255,25,hopping (one foot jumping),275,0.9879,0.16
stgcn,mixed_severe,255,26,jump up,276,0.9964,0.1703
stgcn,mixed_severe,255,27,make a phone call/answer phone,275,0.8679,0.1055
stgcn,mixed_severe,255,28,playing with phone/tablet,275,0.6824,0.2327
stgcn,mixed_severe,255,29,typing on a keyboard,275,0.7515,0.4036
stgcn,mixed_severe,255,30,pointing to something with finger,276,0.7585,0.1087
stgcn,mixed_severe,255,31,taking a selfie,276,0.8925,0.1014
stgcn,mixed_severe,255,32,check time (from watch),276,0.8829,0.0978
stgcn,mixed_severe,255,33,rub two hands together,276,0.8829,0.0906
stgcn,mixed_severe,255,34,nod head/bow,276,0.965,0.1413
stgcn,mixed_severe,255,35,shake head,275,0.9418,0.0909
stgcn,mixed_severe,255,36,wipe face,276,0.8321,0.0906
stgcn,mixed_severe,255,37,salute,276,0.9179,0.1196
stgcn,mixed_severe,255,38,put the palms together,276,0.9408,0.0688
stgcn,mixed_severe,255,39,cross hands in front (say stop),276,0.8998,0.0942
stgcn,mixed_severe,255,40,sneeze/cough,276,0.7379,0.0362
stgcn,mixed_severe,255,41,staggering,276,0.9915,0.1413
stgcn,mixed_severe,255,42,falling,275,0.9855,0.1636
stgcn,mixed_severe,255,43,touch head (headache),276,0.7657,0.0652
stgcn,mixed_severe,255,44,touch chest (stomachache/heart pain),276,0.9058,0.1413
stgcn,mixed_severe,255,45,touch back (backache),276,0.9263,0.1196
stgcn,mixed_severe,255,46,touch neck (neckache),276,0.8816,0.087
stgcn,mixed_severe,255,47,nausea or vomiting condition,275,0.8509,0.0982
stgcn,mixed_severe,255,48,use a fan (with hand or paper)/feeling warm,275,0.9261,0.1782
stgcn,mixed_severe,255,49,punching/slapping other person,274,0.8662,0.0657
stgcn,mixed_severe,255,50,kicking other person,276,0.9167,0.0688
stgcn,mixed_severe,255,51,pushing other person,276,0.971,0.1123
stgcn,mixed_severe,255,52,pat on back of other person,276,0.942,0.1159
stgcn,mixed_severe,255,53,point finger at the other person,276,0.907,0.0254
stgcn,mixed_severe,255,54,hugging other person,274,0.9757,0.1861
stgcn,mixed_severe,255,55,giving something to other person,276,0.9348,0.1123
stgcn,mixed_severe,255,56,touch other person's pocket,275,0.9285,0.1709
stgcn,mixed_severe,255,57,handshaking,276,0.9517,0.1341
stgcn,mixed_severe,255,58,walking towards each other,273,0.9939,0.2161
stgcn,mixed_severe,255,59,walking apart from each other,276,0.9626,0.1957
stgcn,mixed_severe,2026,0,drink water,274,0.8759,0.1131
stgcn,mixed_severe,2026,1,eat meal/snack,275,0.7394,0.0691
stgcn,mixed_severe,2026,2,brushing teeth,273,0.8584,0.0549
stgcn,mixed_severe,2026,3,brushing hair,273,0.9048,0.1062
stgcn,mixed_severe,2026,4,drop,275,0.8315,0.1673
stgcn,mixed_severe,2026,5,pickup,275,0.9527,0.1236
stgcn,mixed_severe,2026,6,throw,275,0.9115,0.1564
stgcn,mixed_severe,2026,7,sitting down,273,0.9658,0.1465
stgcn,mixed_severe,2026,8,standing up (from sitting position),273,0.9805,0.1209
stgcn,mixed_severe,2026,9,clapping,273,0.7827,0.0916
stgcn,mixed_severe,2026,10,reading,273,0.6032,0.0952
stgcn,mixed_severe,2026,11,writing,272,0.5245,0.5184
stgcn,mixed_severe,2026,12,tear up paper,271,0.8954,0.1587
stgcn,mixed_severe,2026,13,wear jacket,275,0.983,0.1164
stgcn,mixed_severe,2026,14,take off jacket,276,0.9589,0.1703
stgcn,mixed_severe,2026,15,wear a shoe,273,0.6545,0.1099
stgcn,mixed_severe,2026,16,take off a shoe,274,0.7798,0.0839
stgcn,mixed_severe,2026,17,wear on glasses,273,0.906,0.0806
stgcn,mixed_severe,2026,18,take off glasses,274,0.9343,0.0912
stgcn,mixed_severe,2026,19,put on a hat/cap,272,0.9498,0.1875
stgcn,mixed_severe,2026,20,take off a hat/cap,273,0.9731,0.1722
stgcn,mixed_severe,2026,21,cheer up,274,0.9234,0.1314
stgcn,mixed_severe,2026,22,hand waving,274,0.9063,0.1752
stgcn,mixed_severe,2026,23,kicking something,276,0.9372,0.0761
stgcn,mixed_severe,2026,24,reach into pocket,274,0.8358,0.0949
stgcn,mixed_severe,2026,25,hopping (one foot jumping),275,0.9879,0.16
stgcn,mixed_severe,2026,26,jump up,276,0.9964,0.1775
stgcn,mixed_severe,2026,27,make a phone call/answer phone,275,0.8679,0.0764
stgcn,mixed_severe,2026,28,playing with phone/tablet,275,0.6824,0.1309
stgcn,mixed_severe,2026,29,typing on a keyboard,275,0.7515,0.3345
stgcn,mixed_severe,2026,30,pointing to something with finger,276,0.7585,0.1449
stgcn,mixed_severe,2026,31,taking a selfie,276,0.8925,0.1667
stgcn,mixed_severe,2026,32,check time (from watch),276,0.8829,0.1196
stgcn,mixed_severe,2026,33,rub two hands together,276,0.8829,0.0652
stgcn,mixed_severe,2026,34,nod head/bow,276,0.965,0.1486
stgcn,mixed_severe,2026,35,shake head,275,0.9418,0.0727
stgcn,mixed_severe,2026,36,wipe face,276,0.8321,0.087
stgcn,mixed_severe,2026,37,salute,276,0.9179,0.1232
stgcn,mixed_severe,2026,38,put the palms together,276,0.9408,0.0652
stgcn,mixed_severe,2026,39,cross hands in front (say stop),276,0.8998,0.058
stgcn,mixed_severe,2026,40,sneeze/cough,276,0.7379,0.0507
stgcn,mixed_severe,2026,41,staggering,276,0.9915,0.1014
stgcn,mixed_severe,2026,42,falling,275,0.9855,0.1164
stgcn,mixed_severe,2026,43,touch head (headache),276,0.7657,0.0978
stgcn,mixed_severe,2026,44,touch chest (stomachache/heart pain),276,0.9058,0.1268
stgcn,mixed_severe,2026,45,touch back (backache),276,0.9263,0.2065
stgcn,mixed_severe,2026,46,touch neck (neckache),276,0.8816,0.0761
stgcn,mixed_severe,2026,47,nausea or vomiting condition,275,0.8509,0.0982
stgcn,mixed_severe,2026,48,use a fan (with hand or paper)/feeling warm,275,0.9261,0.12
stgcn,mixed_severe,2026,49,punching/slapping other person,274,0.8662,0.073
stgcn,mixed_severe,2026,50,kicking other person,276,0.9167,0.058
stgcn,mixed_severe,2026,51,pushing other person,276,0.971,0.0725
stgcn,mixed_severe,2026,52,pat on back of other person,276,0.942,0.1957
stgcn,mixed_severe,2026,53,point finger at the other person,276,0.907,0.058
stgcn,mixed_severe,2026,54,hugging other person,274,0.9757,0.2628
stgcn,mixed_severe,2026,55,giving something to other person,276,0.9348,0.1268
stgcn,mixed_severe,2026,56,touch other person's pocket,275,0.9285,0.0945
stgcn,mixed_severe,2026,57,handshaking,276,0.9517,0.1159
stgcn,mixed_severe,2026,58,walking towards each other,273,0.9939,0.2088
stgcn,mixed_severe,2026,59,walking apart from each other,276,0.9626,0.1486
stgcn,mixed_severe,3407,0,drink water,274,0.8759,0.1095
stgcn,mixed_severe,3407,1,eat meal/snack,275,0.7394,0.0727
stgcn,mixed_severe,3407,2,brushing teeth,273,0.8584,0.0623
stgcn,mixed_severe,3407,3,brushing hair,273,0.9048,0.1245
stgcn,mixed_severe,3407,4,drop,275,0.8315,0.1491
stgcn,mixed_severe,3407,5,pickup,275,0.9527,0.1418
stgcn,mixed_severe,3407,6,throw,275,0.9115,0.1636
stgcn,mixed_severe,3407,7,sitting down,273,0.9658,0.1172
stgcn,mixed_severe,3407,8,standing up (from sitting position),273,0.9805,0.1722
stgcn,mixed_severe,3407,9,clapping,273,0.7827,0.0769
stgcn,mixed_severe,3407,10,reading,273,0.6032,0.0733
stgcn,mixed_severe,3407,11,writing,272,0.5245,0.3088
stgcn,mixed_severe,3407,12,tear up paper,271,0.8954,0.0886
stgcn,mixed_severe,3407,13,wear jacket,275,0.983,0.1927
stgcn,mixed_severe,3407,14,take off jacket,276,0.9589,0.1667
stgcn,mixed_severe,3407,15,wear a shoe,273,0.6545,0.0476
stgcn,mixed_severe,3407,16,take off a shoe,274,0.7798,0.1168
stgcn,mixed_severe,3407,17,wear on glasses,273,0.906,0.0769
stgcn,mixed_severe,3407,18,take off glasses,274,0.9343,0.0803
stgcn,mixed_severe,3407,19,put on a hat/cap,272,0.9498,0.1507
stgcn,mixed_severe,3407,20,take off a hat/cap,273,0.9731,0.1245
stgcn,mixed_severe,3407,21,cheer up,274,0.9234,0.1606
stgcn,mixed_severe,3407,22,hand waving,274,0.9063,0.2044
stgcn,mixed_severe,3407,23,kicking something,276,0.9372,0.1268
stgcn,mixed_severe,3407,24,reach into pocket,274,0.8358,0.0876
stgcn,mixed_severe,3407,25,hopping (one foot jumping),275,0.9879,0.1527
stgcn,mixed_severe,3407,26,jump up,276,0.9964,0.1449
stgcn,mixed_severe,3407,27,make a phone call/answer phone,275,0.8679,0.0691
stgcn,mixed_severe,3407,28,playing with phone/tablet,275,0.6824,0.0764
stgcn,mixed_severe,3407,29,typing on a keyboard,275,0.7515,0.5418
stgcn,mixed_severe,3407,30,pointing to something with finger,276,0.7585,0.2283
stgcn,mixed_severe,3407,31,taking a selfie,276,0.8925,0.2464
stgcn,mixed_severe,3407,32,check time (from watch),276,0.8829,0.0797
stgcn,mixed_severe,3407,33,rub two hands together,276,0.8829,0.0616
stgcn,mixed_severe,3407,34,nod head/bow,276,0.965,0.1413
stgcn,mixed_severe,3407,35,shake head,275,0.9418,0.08
stgcn,mixed_severe,3407,36,wipe face,276,0.8321,0.0833
stgcn,mixed_severe,3407,37,salute,276,0.9179,0.1232
stgcn,mixed_severe,3407,38,put the palms together,276,0.9408,0.0725
stgcn,mixed_severe,3407,39,cross hands in front (say stop),276,0.8998,0.0797
stgcn,mixed_severe,3407,40,sneeze/cough,276,0.7379,0.029
stgcn,mixed_severe,3407,41,staggering,276,0.9915,0.0797
stgcn,mixed_severe,3407,42,falling,275,0.9855,0.1455
stgcn,mixed_severe,3407,43,touch head (headache),276,0.7657,0.0978
stgcn,mixed_severe,3407,44,touch chest (stomachache/heart pain),276,0.9058,0.1268
stgcn,mixed_severe,3407,45,touch back (backache),276,0.9263,0.1594
stgcn,mixed_severe,3407,46,touch neck (neckache),276,0.8816,0.0761
stgcn,mixed_severe,3407,47,nausea or vomiting condition,275,0.8509,0.0545
stgcn,mixed_severe,3407,48,use a fan (with hand or paper)/feeling warm,275,0.9261,0.2255
stgcn,mixed_severe,3407,49,punching/slapping other person,274,0.8662,0.062
stgcn,mixed_severe,3407,50,kicking other person,276,0.9167,0.0978
stgcn,mixed_severe,3407,51,pushing other person,276,0.971,0.0797
stgcn,mixed_severe,3407,52,pat on back of other person,276,0.942,0.1014
stgcn,mixed_severe,3407,53,point finger at the other person,276,0.907,0.0906
stgcn,mixed_severe,3407,54,hugging other person,274,0.9757,0.1606
stgcn,mixed_severe,3407,55,giving something to other person,276,0.9348,0.1087
stgcn,mixed_severe,3407,56,touch other person's pocket,275,0.9285,0.1236
stgcn,mixed_severe,3407,57,handshaking,276,0.9517,0.1377
stgcn,mixed_severe,3407,58,walking towards each other,273,0.9939,0.2674
stgcn,mixed_severe,3407,59,walking apart from each other,276,0.9626,0.3297
stgcnpp,clean,255,0,drink water,274,0.8637,0.8869
stgcnpp,clean,255,1,eat meal/snack,275,0.7382,0.7491
stgcnpp,clean,255,2,brushing teeth,273,0.8694,0.8718
stgcnpp,clean,255,3,brushing hair,273,0.9267,0.9121
stgcnpp,clean,255,4,drop,275,0.8848,0.8764
stgcnpp,clean,255,5,pickup,275,0.9576,0.9636
stgcnpp,clean,255,6,throw,275,0.9115,0.9018
stgcnpp,clean,255,7,sitting down,273,0.9707,0.967
stgcnpp,clean,255,8,standing up (from sitting position),273,0.9792,0.9817
stgcnpp,clean,255,9,clapping,273,0.812,0.7656
stgcnpp,clean,255,10,reading,273,0.5873,0.5568
stgcnpp,clean,255,11,writing,272,0.5907,0.5331
stgcnpp,clean,255,12,tear up paper,271,0.9139,0.9188
stgcnpp,clean,255,13,wear jacket,275,0.983,0.9818
stgcnpp,clean,255,14,take off jacket,276,0.9734,0.9783
stgcnpp,clean,255,15,wear a shoe,273,0.7131,0.663
stgcnpp,clean,255,16,take off a shoe,274,0.7798,0.7956
stgcnpp,clean,255,17,wear on glasses,273,0.9206,0.9084
stgcnpp,clean,255,18,take off glasses,274,0.9526,0.9526
stgcnpp,clean,255,19,put on a hat/cap,272,0.9681,0.9743
stgcnpp,clean,255,20,take off a hat/cap,273,0.9744,0.9744
stgcnpp,clean,255,21,cheer up,274,0.9367,0.927
stgcnpp,clean,255,22,hand waving,274,0.9221,0.9161
stgcnpp,clean,255,23,kicking something,276,0.9432,0.9638
stgcnpp,clean,255,24,reach into pocket,274,0.8285,0.8102
stgcnpp,clean,255,25,hopping (one foot jumping),275,0.9879,0.9891
stgcnpp,clean,255,26,jump up,276,0.9988,1.0
stgcnpp,clean,255,27,make a phone call/answer phone,275,0.8933,0.8836
stgcnpp,clean,255,28,playing with phone/tablet,275,0.7321,0.7418
stgcnpp,clean,255,29,typing on a keyboard,275,0.7309,0.7382
stgcnpp,clean,255,30,pointing to something with finger,276,0.7766,0.7862
stgcnpp,clean,255,31,taking a selfie,276,0.8925,0.8986
stgcnpp,clean,255,32,check time (from watch),276,0.8973,0.913
stgcnpp,clean,255,33,rub two hands together,276,0.8913,0.8913
stgcnpp,clean,255,34,nod head/bow,276,0.9674,0.971
stgcnpp,clean,255,35,shake head,275,0.9467,0.9491
stgcnpp,clean,255,36,wipe face,276,0.8829,0.8768
stgcnpp,clean,255,37,salute,276,0.9275,0.9348
stgcnpp,clean,255,38,put the palms together,276,0.9348,0.9457
stgcnpp,clean,255,39,cross hands in front (say stop),276,0.936,0.942
stgcnpp,clean,255,40,sneeze/cough,276,0.7633,0.7645
stgcnpp,clean,255,41,staggering,276,0.9952,1.0
stgcnpp,clean,255,42,falling,275,0.9891,0.9927
stgcnpp,clean,255,43,touch head (headache),276,0.8164,0.837
stgcnpp,clean,255,44,touch chest (stomachache/heart pain),276,0.9312,0.9493
stgcnpp,clean,255,45,touch back (backache),276,0.9312,0.9275
stgcnpp,clean,255,46,touch neck (neckache),276,0.843,0.8261
stgcnpp,clean,255,47,nausea or vomiting condition,275,0.8448,0.8582
stgcnpp,clean,255,48,use a fan (with hand or paper)/feeling warm,275,0.9224,0.9418
stgcnpp,clean,255,49,punching/slapping other person,274,0.9027,0.9015
stgcnpp,clean,255,50,kicking other person,276,0.936,0.9348
stgcnpp,clean,255,51,pushing other person,276,0.9601,0.9638
stgcnpp,clean,255,52,pat on back of other person,276,0.9239,0.9275
stgcnpp,clean,255,53,point finger at the other person,276,0.9058,0.9275
stgcnpp,clean,255,54,hugging other person,274,0.983,0.9891
stgcnpp,clean,255,55,giving something to other person,276,0.9312,0.9167
stgcnpp,clean,255,56,touch other person's pocket,275,0.9394,0.9382
stgcnpp,clean,255,57,handshaking,276,0.9577,0.9638
stgcnpp,clean,255,58,walking towards each other,273,0.9951,0.9963
stgcnpp,clean,255,59,walking apart from each other,276,0.9686,0.9674
stgcnpp,clean,2026,0,drink water,274,0.8637,0.8577
stgcnpp,clean,2026,1,eat meal/snack,275,0.7382,0.7273
stgcnpp,clean,2026,2,brushing teeth,273,0.8694,0.8608
stgcnpp,clean,2026,3,brushing hair,273,0.9267,0.9304
stgcnpp,clean,2026,4,drop,275,0.8848,0.88
stgcnpp,clean,2026,5,pickup,275,0.9576,0.9673
stgcnpp,clean,2026,6,throw,275,0.9115,0.9164
stgcnpp,clean,2026,7,sitting down,273,0.9707,0.978
stgcnpp,clean,2026,8,standing up (from sitting position),273,0.9792,0.9817
stgcnpp,clean,2026,9,clapping,273,0.812,0.8535
stgcnpp,clean,2026,10,reading,273,0.5873,0.6007
stgcnpp,clean,2026,11,writing,272,0.5907,0.614
stgcnpp,clean,2026,12,tear up paper,271,0.9139,0.9004
stgcnpp,clean,2026,13,wear jacket,275,0.983,0.9818
stgcnpp,clean,2026,14,take off jacket,276,0.9734,0.9783
stgcnpp,clean,2026,15,wear a shoe,273,0.7131,0.7656
stgcnpp,clean,2026,16,take off a shoe,274,0.7798,0.7409
stgcnpp,clean,2026,17,wear on glasses,273,0.9206,0.9304
stgcnpp,clean,2026,18,take off glasses,274,0.9526,0.9416
stgcnpp,clean,2026,19,put on a hat/cap,272,0.9681,0.9669
stgcnpp,clean,2026,20,take off a hat/cap,273,0.9744,0.978
stgcnpp,clean,2026,21,cheer up,274,0.9367,0.9489
stgcnpp,clean,2026,22,hand waving,274,0.9221,0.9234
stgcnpp,clean,2026,23,kicking something,276,0.9432,0.913
stgcnpp,clean,2026,24,reach into pocket,274,0.8285,0.8358
stgcnpp,clean,2026,25,hopping (one foot jumping),275,0.9879,0.9855
stgcnpp,clean,2026,26,jump up,276,0.9988,0.9964
stgcnpp,clean,2026,27,make a phone call/answer phone,275,0.8933,0.8982
stgcnpp,clean,2026,28,playing with phone/tablet,275,0.7321,0.7091
stgcnpp,clean,2026,29,typing on a keyboard,275,0.7309,0.7273
stgcnpp,clean,2026,30,pointing to something with finger,276,0.7766,0.7717
stgcnpp,clean,2026,31,taking a selfie,276,0.8925,0.913
stgcnpp,clean,2026,32,check time (from watch),276,0.8973,0.8877
stgcnpp,clean,2026,33,rub two hands together,276,0.8913,0.8732
stgcnpp,clean,2026,34,nod head/bow,276,0.9674,0.971
stgcnpp,clean,2026,35,shake head,275,0.9467,0.9455
stgcnpp,clean,2026,36,wipe face,276,0.8829,0.8768
stgcnpp,clean,2026,37,salute,276,0.9275,0.9312
stgcnpp,clean,2026,38,put the palms together,276,0.9348,0.9167
stgcnpp,clean,2026,39,cross hands in front (say stop),276,0.936,0.9457
stgcnpp,clean,2026,40,sneeze/cough,276,0.7633,0.7536
stgcnpp,clean,2026,41,staggering,276,0.9952,0.9964
stgcnpp,clean,2026,42,falling,275,0.9891,0.9891
stgcnpp,clean,2026,43,touch head (headache),276,0.8164,0.7717
stgcnpp,clean,2026,44,touch chest (stomachache/heart pain),276,0.9312,0.9058
stgcnpp,clean,2026,45,touch back (backache),276,0.9312,0.9312
stgcnpp,clean,2026,46,touch neck (neckache),276,0.843,0.8623
stgcnpp,clean,2026,47,nausea or vomiting condition,275,0.8448,0.8473
stgcnpp,clean,2026,48,use a fan (with hand or paper)/feeling warm,275,0.9224,0.9127
stgcnpp,clean,2026,49,punching/slapping other person,274,0.9027,0.9015
stgcnpp,clean,2026,50,kicking other person,276,0.936,0.9312
stgcnpp,clean,2026,51,pushing other person,276,0.9601,0.9529
stgcnpp,clean,2026,52,pat on back of other person,276,0.9239,0.9312
stgcnpp,clean,2026,53,point finger at the other person,276,0.9058,0.8913
stgcnpp,clean,2026,54,hugging other person,274,0.983,0.9745
stgcnpp,clean,2026,55,giving something to other person,276,0.9312,0.9384
stgcnpp,clean,2026,56,touch other person's pocket,275,0.9394,0.9418
stgcnpp,clean,2026,57,handshaking,276,0.9577,0.9493
stgcnpp,clean,2026,58,walking towards each other,273,0.9951,0.9927
stgcnpp,clean,2026,59,walking apart from each other,276,0.9686,0.9674
stgcnpp,clean,3407,0,drink water,274,0.8637,0.8467
stgcnpp,clean,3407,1,eat meal/snack,275,0.7382,0.7382
stgcnpp,clean,3407,2,brushing teeth,273,0.8694,0.8755
stgcnpp,clean,3407,3,brushing hair,273,0.9267,0.9377
stgcnpp,clean,3407,4,drop,275,0.8848,0.8982
stgcnpp,clean,3407,5,pickup,275,0.9576,0.9418
stgcnpp,clean,3407,6,throw,275,0.9115,0.9164
stgcnpp,clean,3407,7,sitting down,273,0.9707,0.967
stgcnpp,clean,3407,8,standing up (from sitting position),273,0.9792,0.9744
stgcnpp,clean,3407,9,clapping,273,0.812,0.8168
stgcnpp,clean,3407,10,reading,273,0.5873,0.6044
stgcnpp,clean,3407,11,writing,272,0.5907,0.625
stgcnpp,clean,3407,12,tear up paper,271,0.9139,0.9225
stgcnpp,clean,3407,13,wear jacket,275,0.983,0.9855
stgcnpp,clean,3407,14,take off jacket,276,0.9734,0.9638
stgcnpp,clean,3407,15,wear a shoe,273,0.7131,0.7106
stgcnpp,clean,3407,16,take off a shoe,274,0.7798,0.8029
stgcnpp,clean,3407,17,wear on glasses,273,0.9206,0.9231
stgcnpp,clean,3407,18,take off glasses,274,0.9526,0.9635
stgcnpp,clean,3407,19,put on a hat/cap,272,0.9681,0.9632
stgcnpp,clean,3407,20,take off a hat/cap,273,0.9744,0.9707
stgcnpp,clean,3407,21,cheer up,274,0.9367,0.9343
stgcnpp,clean,3407,22,hand waving,274,0.9221,0.927
stgcnpp,clean,3407,23,kicking something,276,0.9432,0.9529
stgcnpp,clean,3407,24,reach into pocket,274,0.8285,0.8394
stgcnpp,clean,3407,25,hopping (one foot jumping),275,0.9879,0.9891
stgcnpp,clean,3407,26,jump up,276,0.9988,1.0
stgcnpp,clean,3407,27,make a phone call/answer phone,275,0.8933,0.8982
stgcnpp,clean,3407,28,playing with phone/tablet,275,0.7321,0.7455
stgcnpp,clean,3407,29,typing on a keyboard,275,0.7309,0.7273
stgcnpp,clean,3407,30,pointing to something with finger,276,0.7766,0.7717
stgcnpp,clean,3407,31,taking a selfie,276,0.8925,0.8659
stgcnpp,clean,3407,32,check time (from watch),276,0.8973,0.8913
stgcnpp,clean,3407,33,rub two hands together,276,0.8913,0.9094
stgcnpp,clean,3407,34,nod head/bow,276,0.9674,0.9601
stgcnpp,clean,3407,35,shake head,275,0.9467,0.9455
stgcnpp,clean,3407,36,wipe face,276,0.8829,0.8949
stgcnpp,clean,3407,37,salute,276,0.9275,0.9167
stgcnpp,clean,3407,38,put the palms together,276,0.9348,0.942
stgcnpp,clean,3407,39,cross hands in front (say stop),276,0.936,0.9203
stgcnpp,clean,3407,40,sneeze/cough,276,0.7633,0.7717
stgcnpp,clean,3407,41,staggering,276,0.9952,0.9891
stgcnpp,clean,3407,42,falling,275,0.9891,0.9855
stgcnpp,clean,3407,43,touch head (headache),276,0.8164,0.8406
stgcnpp,clean,3407,44,touch chest (stomachache/heart pain),276,0.9312,0.9384
stgcnpp,clean,3407,45,touch back (backache),276,0.9312,0.9348
stgcnpp,clean,3407,46,touch neck (neckache),276,0.843,0.8406
stgcnpp,clean,3407,47,nausea or vomiting condition,275,0.8448,0.8291
stgcnpp,clean,3407,48,use a fan (with hand or paper)/feeling warm,275,0.9224,0.9127
stgcnpp,clean,3407,49,punching/slapping other person,274,0.9027,0.9051
stgcnpp,clean,3407,50,kicking other person,276,0.936,0.942
stgcnpp,clean,3407,51,pushing other person,276,0.9601,0.9638
stgcnpp,clean,3407,52,pat on back of other person,276,0.9239,0.913
stgcnpp,clean,3407,53,point finger at the other person,276,0.9058,0.8986
stgcnpp,clean,3407,54,hugging other person,274,0.983,0.9854
stgcnpp,clean,3407,55,giving something to other person,276,0.9312,0.9384
stgcnpp,clean,3407,56,touch other person's pocket,275,0.9394,0.9382
stgcnpp,clean,3407,57,handshaking,276,0.9577,0.9601
stgcnpp,clean,3407,58,walking towards each other,273,0.9951,0.9963
stgcnpp,clean,3407,59,walking apart from each other,276,0.9686,0.971
stgcnpp,joint_missing_mild,255,0,drink water,274,0.8637,0.8723
stgcnpp,joint_missing_mild,255,1,eat meal/snack,275,0.7382,0.6109
stgcnpp,joint_missing_mild,255,2,brushing teeth,273,0.8694,0.4579
stgcnpp,joint_missing_mild,255,3,brushing hair,273,0.9267,0.8242
stgcnpp,joint_missing_mild,255,4,drop,275,0.8848,0.64
stgcnpp,joint_missing_mild,255,5,pickup,275,0.9576,0.7418
stgcnpp,joint_missing_mild,255,6,throw,275,0.9115,0.6582
stgcnpp,joint_missing_mild,255,7,sitting down,273,0.9707,0.9377
stgcnpp,joint_missing_mild,255,8,standing up (from sitting position),273,0.9792,0.9451
stgcnpp,joint_missing_mild,255,9,clapping,273,0.812,0.5861
stgcnpp,joint_missing_mild,255,10,reading,273,0.5873,0.4579
stgcnpp,joint_missing_mild,255,11,writing,272,0.5907,0.4007
stgcnpp,joint_missing_mild,255,12,tear up paper,271,0.9139,0.6347
stgcnpp,joint_missing_mild,255,13,wear jacket,275,0.983,0.9927
stgcnpp,joint_missing_mild,255,14,take off jacket,276,0.9734,0.9058
stgcnpp,joint_missing_mild,255,15,wear a shoe,273,0.7131,0.6484
stgcnpp,joint_missing_mild,255,16,take off a shoe,274,0.7798,0.5693
stgcnpp,joint_missing_mild,255,17,wear on glasses,273,0.9206,0.7766
stgcnpp,joint_missing_mild,255,18,take off glasses,274,0.9526,0.8504
stgcnpp,joint_missing_mild,255,19,put on a hat/cap,272,0.9681,0.8529
stgcnpp,joint_missing_mild,255,20,take off a hat/cap,273,0.9744,0.9084
stgcnpp,joint_missing_mild,255,21,cheer up,274,0.9367,0.8139
stgcnpp,joint_missing_mild,255,22,hand waving,274,0.9221,0.7153
stgcnpp,joint_missing_mild,255,23,kicking something,276,0.9432,0.6123
stgcnpp,joint_missing_mild,255,24,reach into pocket,274,0.8285,0.3942
stgcnpp,joint_missing_mild,255,25,hopping (one foot jumping),275,0.9879,0.96
stgcnpp,joint_missing_mild,255,26,jump up,276,0.9988,0.9674
stgcnpp,joint_missing_mild,255,27,make a phone call/answer phone,275,0.8933,0.5382
stgcnpp,joint_missing_mild,255,28,playing with phone/tablet,275,0.7321,0.7273
stgcnpp,joint_missing_mild,255,29,typing on a keyboard,275,0.7309,0.6
stgcnpp,joint_missing_mild,255,30,pointing to something with finger,276,0.7766,0.4094
stgcnpp,joint_missing_mild,255,31,taking a selfie,276,0.8925,0.7826
stgcnpp,joint_missing_mild,255,32,check time (from watch),276,0.8973,0.7101
stgcnpp,joint_missing_mild,255,33,rub two hands together,276,0.8913,0.7391
stgcnpp,joint_missing_mild,255,34,nod head/bow,276,0.9674,0.8841
stgcnpp,joint_missing_mild,255,35,shake head,275,0.9467,0.3527
stgcnpp,joint_missing_mild,255,36,wipe face,276,0.8829,0.5688
stgcnpp,joint_missing_mild,255,37,salute,276,0.9275,0.6812
stgcnpp,joint_missing_mild,255,38,put the palms together,276,0.9348,0.7138
stgcnpp,joint_missing_mild,255,39,cross hands in front (say stop),276,0.936,0.913
stgcnpp,joint_missing_mild,255,40,sneeze/cough,276,0.7633,0.4964
stgcnpp,joint_missing_mild,255,41,staggering,276,0.9952,0.6232
stgcnpp,joint_missing_mild,255,42,falling,275,0.9891,0.8945
stgcnpp,joint_missing_mild,255,43,touch head (headache),276,0.8164,0.4891
stgcnpp,joint_missing_mild,255,44,touch chest (stomachache/heart pain),276,0.9312,0.808
stgcnpp,joint_missing_mild,255,45,touch back (backache),276,0.9312,0.3152
stgcnpp,joint_missing_mild,255,46,touch neck (neckache),276,0.843,0.4601
stgcnpp,joint_missing_mild,255,47,nausea or vomiting condition,275,0.8448,0.8327
stgcnpp,joint_missing_mild,255,48,use a fan (with hand or paper)/feeling warm,275,0.9224,0.96
stgcnpp,joint_missing_mild,255,49,punching/slapping other person,274,0.9027,0.3212
stgcnpp,joint_missing_mild,255,50,kicking other person,276,0.936,0.3333
stgcnpp,joint_missing_mild,255,51,pushing other person,276,0.9601,0.5833
stgcnpp,joint_missing_mild,255,52,pat on back of other person,276,0.9239,0.8768
stgcnpp,joint_missing_mild,255,53,point finger at the other person,276,0.9058,0.3841
stgcnpp,joint_missing_mild,255,54,hugging other person,274,0.983,0.9635
stgcnpp,joint_missing_mild,255,55,giving something to other person,276,0.9312,0.7899
stgcnpp,joint_missing_mild,255,56,touch other person's pocket,275,0.9394,0.6727
stgcnpp,joint_missing_mild,255,57,handshaking,276,0.9577,0.5435
stgcnpp,joint_missing_mild,255,58,walking towards each other,273,0.9951,0.3919
stgcnpp,joint_missing_mild,255,59,walking apart from each other,276,0.9686,0.9638
stgcnpp,joint_missing_mild,2026,0,drink water,274,0.8637,0.854
stgcnpp,joint_missing_mild,2026,1,eat meal/snack,275,0.7382,0.6255
stgcnpp,joint_missing_mild,2026,2,brushing teeth,273,0.8694,0.696
stgcnpp,joint_missing_mild,2026,3,brushing hair,273,0.9267,0.7436
stgcnpp,joint_missing_mild,2026,4,drop,275,0.8848,0.6691
stgcnpp,joint_missing_mild,2026,5,pickup,275,0.9576,0.8582
stgcnpp,joint_missing_mild,2026,6,throw,275,0.9115,0.7091
stgcnpp,joint_missing_mild,2026,7,sitting down,273,0.9707,0.8498
stgcnpp,joint_missing_mild,2026,8,standing up (from sitting position),273,0.9792,0.9597
stgcnpp,joint_missing_mild,2026,9,clapping,273,0.812,0.6264
stgcnpp,joint_missing_mild,2026,10,reading,273,0.5873,0.5641
stgcnpp,joint_missing_mild,2026,11,writing,272,0.5907,0.5037
stgcnpp,joint_missing_mild,2026,12,tear up paper,271,0.9139,0.7232
stgcnpp,joint_missing_mild,2026,13,wear jacket,275,0.983,0.9855
stgcnpp,joint_missing_mild,2026,14,take off jacket,276,0.9734,0.942
stgcnpp,joint_missing_mild,2026,15,wear a shoe,273,0.7131,0.8242
stgcnpp,joint_missing_mild,2026,16,take off a shoe,274,0.7798,0.4854
stgcnpp,joint_missing_mild,2026,17,wear on glasses,273,0.9206,0.8168
stgcnpp,joint_missing_mild,2026,18,take off glasses,274,0.9526,0.8285
stgcnpp,joint_missing_mild,2026,19,put on a hat/cap,272,0.9681,0.9154
stgcnpp,joint_missing_mild,2026,20,take off a hat/cap,273,0.9744,0.9304
stgcnpp,joint_missing_mild,2026,21,cheer up,274,0.9367,0.8358
stgcnpp,joint_missing_mild,2026,22,hand waving,274,0.9221,0.7372
stgcnpp,joint_missing_mild,2026,23,kicking something,276,0.9432,0.6449
stgcnpp,joint_missing_mild,2026,24,reach into pocket,274,0.8285,0.6788
stgcnpp,joint_missing_mild,2026,25,hopping (one foot jumping),275,0.9879,0.9527
stgcnpp,joint_missing_mild,2026,26,jump up,276,0.9988,0.9783
stgcnpp,joint_missing_mild,2026,27,make a phone call/answer phone,275,0.8933,0.6145
stgcnpp,joint_missing_mild,2026,28,playing with phone/tablet,275,0.7321,0.4509
stgcnpp,joint_missing_mild,2026,29,typing on a keyboard,275,0.7309,0.72
stgcnpp,joint_missing_mild,2026,30,pointing to something with finger,276,0.7766,0.5435
stgcnpp,joint_missing_mild,2026,31,taking a selfie,276,0.8925,0.8478
stgcnpp,joint_missing_mild,2026,32,check time (from watch),276,0.8973,0.7355
stgcnpp,joint_missing_mild,2026,33,rub two hands together,276,0.8913,0.6341
stgcnpp,joint_missing_mild,2026,34,nod head/bow,276,0.9674,0.9384
stgcnpp,joint_missing_mild,2026,35,shake head,275,0.9467,0.4364
stgcnpp,joint_missing_mild,2026,36,wipe face,276,0.8829,0.6957
stgcnpp,joint_missing_mild,2026,37,salute,276,0.9275,0.8442
stgcnpp,joint_missing_mild,2026,38,put the palms together,276,0.9348,0.75
stgcnpp,joint_missing_mild,2026,39,cross hands in front (say stop),276,0.936,0.8986
stgcnpp,joint_missing_mild,2026,40,sneeze/cough,276,0.7633,0.587
stgcnpp,joint_missing_mild,2026,41,staggering,276,0.9952,0.5036
stgcnpp,joint_missing_mild,2026,42,falling,275,0.9891,0.7782
stgcnpp,joint_missing_mild,2026,43,touch head (headache),276,0.8164,0.4493
stgcnpp,joint_missing_mild,2026,44,touch chest (stomachache/heart pain),276,0.9312,0.7935
stgcnpp,joint_missing_mild,2026,45,touch back (backache),276,0.9312,0.7536
stgcnpp,joint_missing_mild,2026,46,touch neck (neckache),276,0.843,0.3587
stgcnpp,joint_missing_mild,2026,47,nausea or vomiting condition,275,0.8448,0.8145
stgcnpp,joint_missing_mild,2026,48,use a fan (with hand or paper)/feeling warm,275,0.9224,0.9273
stgcnpp,joint_missing_mild,2026,49,punching/slapping other person,274,0.9027,0.5146
stgcnpp,joint_missing_mild,2026,50,kicking other person,276,0.936,0.2355
stgcnpp,joint_missing_mild,2026,51,pushing other person,276,0.9601,0.3949
stgcnpp,joint_missing_mild,2026,52,pat on back of other person,276,0.9239,0.5942
stgcnpp,joint_missing_mild,2026,53,point finger at the other person,276,0.9058,0.3804
stgcnpp,joint_missing_mild,2026,54,hugging other person,274,0.983,0.9745
stgcnpp,joint_missing_mild,2026,55,giving something to other person,276,0.9312,0.6812
stgcnpp,joint_missing_mild,2026,56,touch other person's pocket,275,0.9394,0.8327
stgcnpp,joint_missing_mild,2026,57,handshaking,276,0.9577,0.7283
stgcnpp,joint_missing_mild,2026,58,walking towards each other,273,0.9951,0.4139
stgcnpp,joint_missing_mild,2026,59,walking apart from each other,276,0.9686,0.9529
stgcnpp,joint_missing_mild,3407,0,drink water,274,0.8637,0.8723
stgcnpp,joint_missing_mild,3407,1,eat meal/snack,275,0.7382,0.5455
stgcnpp,joint_missing_mild,3407,2,brushing teeth,273,0.8694,0.6996
stgcnpp,joint_missing_mild,3407,3,brushing hair,273,0.9267,0.7363
stgcnpp,joint_missing_mild,3407,4,drop,275,0.8848,0.6327
stgcnpp,joint_missing_mild,3407,5,pickup,275,0.9576,0.8982
stgcnpp,joint_missing_mild,3407,6,throw,275,0.9115,0.6945
stgcnpp,joint_missing_mild,3407,7,sitting down,273,0.9707,0.9524
stgcnpp,joint_missing_mild,3407,8,standing up (from sitting position),273,0.9792,0.9597
stgcnpp,joint_missing_mild,3407,9,clapping,273,0.812,0.663
stgcnpp,joint_missing_mild,3407,10,reading,273,0.5873,0.3846
stgcnpp,joint_missing_mild,3407,11,writing,272,0.5907,0.7169
stgcnpp,joint_missing_mild,3407,12,tear up paper,271,0.9139,0.7712
stgcnpp,joint_missing_mild,3407,13,wear jacket,275,0.983,0.9855
stgcnpp,joint_missing_mild,3407,14,take off jacket,276,0.9734,0.9601
stgcnpp,joint_missing_mild,3407,15,wear a shoe,273,0.7131,0.7179
stgcnpp,joint_missing_mild,3407,16,take off a shoe,274,0.7798,0.6241
stgcnpp,joint_missing_mild,3407,17,wear on glasses,273,0.9206,0.8718
stgcnpp,joint_missing_mild,3407,18,take off glasses,274,0.9526,0.8832
stgcnpp,joint_missing_mild,3407,19,put on a hat/cap,272,0.9681,0.8566
stgcnpp,joint_missing_mild,3407,20,take off a hat/cap,273,0.9744,0.9194
stgcnpp,joint_missing_mild,3407,21,cheer up,274,0.9367,0.8504
stgcnpp,joint_missing_mild,3407,22,hand waving,274,0.9221,0.792
stgcnpp,joint_missing_mild,3407,23,kicking something,276,0.9432,0.7935
stgcnpp,joint_missing_mild,3407,24,reach into pocket,274,0.8285,0.6277
stgcnpp,joint_missing_mild,3407,25,hopping (one foot jumping),275,0.9879,0.9491
stgcnpp,joint_missing_mild,3407,26,jump up,276,0.9988,0.9855
stgcnpp,joint_missing_mild,3407,27,make a phone call/answer phone,275,0.8933,0.56
stgcnpp,joint_missing_mild,3407,28,playing with phone/tablet,275,0.7321,0.4145
stgcnpp,joint_missing_mild,3407,29,typing on a keyboard,275,0.7309,0.48
stgcnpp,joint_missing_mild,3407,30,pointing to something with finger,276,0.7766,0.4638
stgcnpp,joint_missing_mild,3407,31,taking a selfie,276,0.8925,0.7609
stgcnpp,joint_missing_mild,3407,32,check time (from watch),276,0.8973,0.6486
stgcnpp,joint_missing_mild,3407,33,rub two hands together,276,0.8913,0.4964
stgcnpp,joint_missing_mild,3407,34,nod head/bow,276,0.9674,0.8804
stgcnpp,joint_missing_mild,3407,35,shake head,275,0.9467,0.2764
stgcnpp,joint_missing_mild,3407,36,wipe face,276,0.8829,0.4529
stgcnpp,joint_missing_mild,3407,37,salute,276,0.9275,0.8841
stgcnpp,joint_missing_mild,3407,38,put the palms together,276,0.9348,0.8333
stgcnpp,joint_missing_mild,3407,39,cross hands in front (say stop),276,0.936,0.9203
stgcnpp,joint_missing_mild,3407,40,sneeze/cough,276,0.7633,0.5725
stgcnpp,joint_missing_mild,3407,41,staggering,276,0.9952,0.6232
stgcnpp,joint_missing_mild,3407,42,falling,275,0.9891,0.9491
stgcnpp,joint_missing_mild,3407,43,touch head (headache),276,0.8164,0.5399
stgcnpp,joint_missing_mild,3407,44,touch chest (stomachache/heart pain),276,0.9312,0.8551
stgcnpp,joint_missing_mild,3407,45,touch back (backache),276,0.9312,0.7101
stgcnpp,joint_missing_mild,3407,46,touch neck (neckache),276,0.843,0.5181
stgcnpp,joint_missing_mild,3407,47,nausea or vomiting condition,275,0.8448,0.8218
stgcnpp,joint_missing_mild,3407,48,use a fan (with hand or paper)/feeling warm,275,0.9224,0.9309
stgcnpp,joint_missing_mild,3407,49,punching/slapping other person,274,0.9027,0.4818
stgcnpp,joint_missing_mild,3407,50,kicking other person,276,0.936,0.5942
stgcnpp,joint_missing_mild,3407,51,pushing other person,276,0.9601,0.5688
stgcnpp,joint_missing_mild,3407,52,pat on back of other person,276,0.9239,0.558
stgcnpp,joint_missing_mild,3407,53,point finger at the other person,276,0.9058,0.5725
stgcnpp,joint_missing_mild,3407,54,hugging other person,274,0.983,0.927
stgcnpp,joint_missing_mild,3407,55,giving something to other person,276,0.9312,0.6341
stgcnpp,joint_missing_mild,3407,56,touch other person's pocket,275,0.9394,0.7636
stgcnpp,joint_missing_mild,3407,57,handshaking,276,0.9577,0.6196
stgcnpp,joint_missing_mild,3407,58,walking towards each other,273,0.9951,0.326
stgcnpp,joint_missing_mild,3407,59,walking apart from each other,276,0.9686,0.9891
stgcnpp,limb_occlusion_mild,255,0,drink water,274,0.8637,0.7445
stgcnpp,limb_occlusion_mild,255,1,eat meal/snack,275,0.7382,0.5818
stgcnpp,limb_occlusion_mild,255,2,brushing teeth,273,0.8694,0.6886
stgcnpp,limb_occlusion_mild,255,3,brushing hair,273,0.9267,0.7949
stgcnpp,limb_occlusion_mild,255,4,drop,275,0.8848,0.8036
stgcnpp,limb_occlusion_mild,255,5,pickup,275,0.9576,0.8109
stgcnpp,limb_occlusion_mild,255,6,throw,275,0.9115,0.7927
stgcnpp,limb_occlusion_mild,255,7,sitting down,273,0.9707,0.8901
stgcnpp,limb_occlusion_mild,255,8,standing up (from sitting position),273,0.9792,0.9304
stgcnpp,limb_occlusion_mild,255,9,clapping,273,0.812,0.5971
stgcnpp,limb_occlusion_mild,255,10,reading,273,0.5873,0.5678
stgcnpp,limb_occlusion_mild,255,11,writing,272,0.5907,0.4816
stgcnpp,limb_occlusion_mild,255,12,tear up paper,271,0.9139,0.7196
stgcnpp,limb_occlusion_mild,255,13,wear jacket,275,0.983,0.9418
stgcnpp,limb_occlusion_mild,255,14,take off jacket,276,0.9734,0.8913
stgcnpp,limb_occlusion_mild,255,15,wear a shoe,273,0.7131,0.4212
stgcnpp,limb_occlusion_mild,255,16,take off a shoe,274,0.7798,0.6679
stgcnpp,limb_occlusion_mild,255,17,wear on glasses,273,0.9206,0.8059
stgcnpp,limb_occlusion_mild,255,18,take off glasses,274,0.9526,0.8394
stgcnpp,limb_occlusion_mild,255,19,put on a hat/cap,272,0.9681,0.7978
stgcnpp,limb_occlusion_mild,255,20,take off a hat/cap,273,0.9744,0.8205
stgcnpp,limb_occlusion_mild,255,21,cheer up,274,0.9367,0.8139
stgcnpp,limb_occlusion_mild,255,22,hand waving,274,0.9221,0.7737
stgcnpp,limb_occlusion_mild,255,23,kicking something,276,0.9432,0.9022
stgcnpp,limb_occlusion_mild,255,24,reach into pocket,274,0.8285,0.7226
stgcnpp,limb_occlusion_mild,255,25,hopping (one foot jumping),275,0.9879,0.9345
stgcnpp,limb_occlusion_mild,255,26,jump up,276,0.9988,0.9384
stgcnpp,limb_occlusion_mild,255,27,make a phone call/answer phone,275,0.8933,0.7345
stgcnpp,limb_occlusion_mild,255,28,playing with phone/tablet,275,0.7321,0.6727
stgcnpp,limb_occlusion_mild,255,29,typing on a keyboard,275,0.7309,0.6327
stgcnpp,limb_occlusion_mild,255,30,pointing to something with finger,276,0.7766,0.6051
stgcnpp,limb_occlusion_mild,255,31,taking a selfie,276,0.8925,0.7391
stgcnpp,limb_occlusion_mild,255,32,check time (from watch),276,0.8973,0.7138
stgcnpp,limb_occlusion_mild,255,33,rub two hands together,276,0.8913,0.7862
stgcnpp,limb_occlusion_mild,255,34,nod head/bow,276,0.9674,0.779
stgcnpp,limb_occlusion_mild,255,35,shake head,275,0.9467,0.7709
stgcnpp,limb_occlusion_mild,255,36,wipe face,276,0.8829,0.6993
stgcnpp,limb_occlusion_mild,255,37,salute,276,0.9275,0.721
stgcnpp,limb_occlusion_mild,255,38,put the palms together,276,0.9348,0.8007
stgcnpp,limb_occlusion_mild,255,39,cross hands in front (say stop),276,0.936,0.6739
stgcnpp,limb_occlusion_mild,255,40,sneeze/cough,276,0.7633,0.5688
stgcnpp,limb_occlusion_mild,255,41,staggering,276,0.9952,0.8768
stgcnpp,limb_occlusion_mild,255,42,falling,275,0.9891,0.9309
stgcnpp,limb_occlusion_mild,255,43,touch head (headache),276,0.8164,0.6196
stgcnpp,limb_occlusion_mild,255,44,touch chest (stomachache/heart pain),276,0.9312,0.8261
stgcnpp,limb_occlusion_mild,255,45,touch back (backache),276,0.9312,0.8768
stgcnpp,limb_occlusion_mild,255,46,touch neck (neckache),276,0.843,0.6957
stgcnpp,limb_occlusion_mild,255,47,nausea or vomiting condition,275,0.8448,0.5709
stgcnpp,limb_occlusion_mild,255,48,use a fan (with hand or paper)/feeling warm,275,0.9224,0.8218
stgcnpp,limb_occlusion_mild,255,49,punching/slapping other person,274,0.9027,0.6934
stgcnpp,limb_occlusion_mild,255,50,kicking other person,276,0.936,0.7862
stgcnpp,limb_occlusion_mild,255,51,pushing other person,276,0.9601,0.8514
stgcnpp,limb_occlusion_mild,255,52,pat on back of other person,276,0.9239,0.8732
stgcnpp,limb_occlusion_mild,255,53,point finger at the other person,276,0.9058,0.6486
stgcnpp,limb_occlusion_mild,255,54,hugging other person,274,0.983,0.9343
stgcnpp,limb_occlusion_mild,255,55,giving something to other person,276,0.9312,0.7826
stgcnpp,limb_occlusion_mild,255,56,touch other person's pocket,275,0.9394,0.8836
stgcnpp,limb_occlusion_mild,255,57,handshaking,276,0.9577,0.8007
stgcnpp,limb_occlusion_mild,255,58,walking towards each other,273,0.9951,0.6886
stgcnpp,limb_occlusion_mild,255,59,walking apart from each other,276,0.9686,0.9638
stgcnpp,limb_occlusion_mild,2026,0,drink water,274,0.8637,0.7482
stgcnpp,limb_occlusion_mild,2026,1,eat meal/snack,275,0.7382,0.5891
stgcnpp,limb_occlusion_mild,2026,2,brushing teeth,273,0.8694,0.663
stgcnpp,limb_occlusion_mild,2026,3,brushing hair,273,0.9267,0.8022
stgcnpp,limb_occlusion_mild,2026,4,drop,275,0.8848,0.76
stgcnpp,limb_occlusion_mild,2026,5,pickup,275,0.9576,0.8509
stgcnpp,limb_occlusion_mild,2026,6,throw,275,0.9115,0.7709
stgcnpp,limb_occlusion_mild,2026,7,sitting down,273,0.9707,0.8132
stgcnpp,limb_occlusion_mild,2026,8,standing up (from sitting position),273,0.9792,0.956
stgcnpp,limb_occlusion_mild,2026,9,clapping,273,0.812,0.6557
stgcnpp,limb_occlusion_mild,2026,10,reading,273,0.5873,0.5238
stgcnpp,limb_occlusion_mild,2026,11,writing,272,0.5907,0.5515
stgcnpp,limb_occlusion_mild,2026,12,tear up paper,271,0.9139,0.7601
stgcnpp,limb_occlusion_mild,2026,13,wear jacket,275,0.983,0.9273
stgcnpp,limb_occlusion_mild,2026,14,take off jacket,276,0.9734,0.9312
stgcnpp,limb_occlusion_mild,2026,15,wear a shoe,273,0.7131,0.6117
stgcnpp,limb_occlusion_mild,2026,16,take off a shoe,274,0.7798,0.6752
stgcnpp,limb_occlusion_mild,2026,17,wear on glasses,273,0.9206,0.8278
stgcnpp,limb_occlusion_mild,2026,18,take off glasses,274,0.9526,0.8321
stgcnpp,limb_occlusion_mild,2026,19,put on a hat/cap,272,0.9681,0.761
stgcnpp,limb_occlusion_mild,2026,20,take off a hat/cap,273,0.9744,0.8498
stgcnpp,limb_occlusion_mild,2026,21,cheer up,274,0.9367,0.7883
stgcnpp,limb_occlusion_mild,2026,22,hand waving,274,0.9221,0.7847
stgcnpp,limb_occlusion_mild,2026,23,kicking something,276,0.9432,0.8551
stgcnpp,limb_occlusion_mild,2026,24,reach into pocket,274,0.8285,0.7445
stgcnpp,limb_occlusion_mild,2026,25,hopping (one foot jumping),275,0.9879,0.9709
stgcnpp,limb_occlusion_mild,2026,26,jump up,276,0.9988,0.9167
stgcnpp,limb_occlusion_mild,2026,27,make a phone call/answer phone,275,0.8933,0.7309
stgcnpp,limb_occlusion_mild,2026,28,playing with phone/tablet,275,0.7321,0.5345
stgcnpp,limb_occlusion_mild,2026,29,typing on a keyboard,275,0.7309,0.6073
stgcnpp,limb_occlusion_mild,2026,30,pointing to something with finger,276,0.7766,0.5833
stgcnpp,limb_occlusion_mild,2026,31,taking a selfie,276,0.8925,0.779
stgcnpp,limb_occlusion_mild,2026,32,check time (from watch),276,0.8973,0.6957
stgcnpp,limb_occlusion_mild,2026,33,rub two hands together,276,0.8913,0.692
stgcnpp,limb_occlusion_mild,2026,34,nod head/bow,276,0.9674,0.779
stgcnpp,limb_occlusion_mild,2026,35,shake head,275,0.9467,0.7745
stgcnpp,limb_occlusion_mild,2026,36,wipe face,276,0.8829,0.663
stgcnpp,limb_occlusion_mild,2026,37,salute,276,0.9275,0.7391
stgcnpp,limb_occlusion_mild,2026,38,put the palms together,276,0.9348,0.7101
stgcnpp,limb_occlusion_mild,2026,39,cross hands in front (say stop),276,0.936,0.6522
stgcnpp,limb_occlusion_mild,2026,40,sneeze/cough,276,0.7633,0.529
stgcnpp,limb_occlusion_mild,2026,41,staggering,276,0.9952,0.8696
stgcnpp,limb_occlusion_mild,2026,42,falling,275,0.9891,0.9673
stgcnpp,limb_occlusion_mild,2026,43,touch head (headache),276,0.8164,0.6159
stgcnpp,limb_occlusion_mild,2026,44,touch chest (stomachache/heart pain),276,0.9312,0.7935
stgcnpp,limb_occlusion_mild,2026,45,touch back (backache),276,0.9312,0.9058
stgcnpp,limb_occlusion_mild,2026,46,touch neck (neckache),276,0.843,0.7101
stgcnpp,limb_occlusion_mild,2026,47,nausea or vomiting condition,275,0.8448,0.6036
stgcnpp,limb_occlusion_mild,2026,48,use a fan (with hand or paper)/feeling warm,275,0.9224,0.8145
stgcnpp,limb_occlusion_mild,2026,49,punching/slapping other person,274,0.9027,0.8029
stgcnpp,limb_occlusion_mild,2026,50,kicking other person,276,0.936,0.837
stgcnpp,limb_occlusion_mild,2026,51,pushing other person,276,0.9601,0.8261
stgcnpp,limb_occlusion_mild,2026,52,pat on back of other person,276,0.9239,0.837
stgcnpp,limb_occlusion_mild,2026,53,point finger at the other person,276,0.9058,0.6812
stgcnpp,limb_occlusion_mild,2026,54,hugging other person,274,0.983,0.9416
stgcnpp,limb_occlusion_mild,2026,55,giving something to other person,276,0.9312,0.779
stgcnpp,limb_occlusion_mild,2026,56,touch other person's pocket,275,0.9394,0.8836
stgcnpp,limb_occlusion_mild,2026,57,handshaking,276,0.9577,0.808
stgcnpp,limb_occlusion_mild,2026,58,walking towards each other,273,0.9951,0.8425
stgcnpp,limb_occlusion_mild,2026,59,walking apart from each other,276,0.9686,0.9601
stgcnpp,limb_occlusion_mild,3407,0,drink water,274,0.8637,0.7007
stgcnpp,limb_occlusion_mild,3407,1,eat meal/snack,275,0.7382,0.5345
stgcnpp,limb_occlusion_mild,3407,2,brushing teeth,273,0.8694,0.6667
stgcnpp,limb_occlusion_mild,3407,3,brushing hair,273,0.9267,0.7875
stgcnpp,limb_occlusion_mild,3407,4,drop,275,0.8848,0.7709
stgcnpp,limb_occlusion_mild,3407,5,pickup,275,0.9576,0.7709
stgcnpp,limb_occlusion_mild,3407,6,throw,275,0.9115,0.7855
stgcnpp,limb_occlusion_mild,3407,7,sitting down,273,0.9707,0.9414
stgcnpp,limb_occlusion_mild,3407,8,standing up (from sitting position),273,0.9792,0.967
stgcnpp,limb_occlusion_mild,3407,9,clapping,273,0.812,0.6813
stgcnpp,limb_occlusion_mild,3407,10,reading,273,0.5873,0.6117
stgcnpp,limb_occlusion_mild,3407,11,writing,272,0.5907,0.5699
stgcnpp,limb_occlusion_mild,3407,12,tear up paper,271,0.9139,0.7601
stgcnpp,limb_occlusion_mild,3407,13,wear jacket,275,0.983,0.9491
stgcnpp,limb_occlusion_mild,3407,14,take off jacket,276,0.9734,0.8804
stgcnpp,limb_occlusion_mild,3407,15,wear a shoe,273,0.7131,0.5458
stgcnpp,limb_occlusion_mild,3407,16,take off a shoe,274,0.7798,0.7336
stgcnpp,limb_occlusion_mild,3407,17,wear on glasses,273,0.9206,0.8059
stgcnpp,limb_occlusion_mild,3407,18,take off glasses,274,0.9526,0.854
stgcnpp,limb_occlusion_mild,3407,19,put on a hat/cap,272,0.9681,0.8382
stgcnpp,limb_occlusion_mild,3407,20,take off a hat/cap,273,0.9744,0.8315
stgcnpp,limb_occlusion_mild,3407,21,cheer up,274,0.9367,0.8066
stgcnpp,limb_occlusion_mild,3407,22,hand waving,274,0.9221,0.7774
stgcnpp,limb_occlusion_mild,3407,23,kicking something,276,0.9432,0.8804
stgcnpp,limb_occlusion_mild,3407,24,reach into pocket,274,0.8285,0.7263
stgcnpp,limb_occlusion_mild,3407,25,hopping (one foot jumping),275,0.9879,0.9891
stgcnpp,limb_occlusion_mild,3407,26,jump up,276,0.9988,0.9746
stgcnpp,limb_occlusion_mild,3407,27,make a phone call/answer phone,275,0.8933,0.7127
stgcnpp,limb_occlusion_mild,3407,28,playing with phone/tablet,275,0.7321,0.6036
stgcnpp,limb_occlusion_mild,3407,29,typing on a keyboard,275,0.7309,0.6
stgcnpp,limb_occlusion_mild,3407,30,pointing to something with finger,276,0.7766,0.6051
stgcnpp,limb_occlusion_mild,3407,31,taking a selfie,276,0.8925,0.7391
stgcnpp,limb_occlusion_mild,3407,32,check time (from watch),276,0.8973,0.7101
stgcnpp,limb_occlusion_mild,3407,33,rub two hands together,276,0.8913,0.75
stgcnpp,limb_occlusion_mild,3407,34,nod head/bow,276,0.9674,0.7645
stgcnpp,limb_occlusion_mild,3407,35,shake head,275,0.9467,0.7782
stgcnpp,limb_occlusion_mild,3407,36,wipe face,276,0.8829,0.6993
stgcnpp,limb_occlusion_mild,3407,37,salute,276,0.9275,0.7283
stgcnpp,limb_occlusion_mild,3407,38,put the palms together,276,0.9348,0.7428
stgcnpp,limb_occlusion_mild,3407,39,cross hands in front (say stop),276,0.936,0.663
stgcnpp,limb_occlusion_mild,3407,40,sneeze/cough,276,0.7633,0.5471
stgcnpp,limb_occlusion_mild,3407,41,staggering,276,0.9952,0.8768
stgcnpp,limb_occlusion_mild,3407,42,falling,275,0.9891,0.9236
stgcnpp,limb_occlusion_mild,3407,43,touch head (headache),276,0.8164,0.6232
stgcnpp,limb_occlusion_mild,3407,44,touch chest (stomachache/heart pain),276,0.9312,0.8116
stgcnpp,limb_occlusion_mild,3407,45,touch back (backache),276,0.9312,0.8949
stgcnpp,limb_occlusion_mild,3407,46,touch neck (neckache),276,0.843,0.6993
stgcnpp,limb_occlusion_mild,3407,47,nausea or vomiting condition,275,0.8448,0.5891
stgcnpp,limb_occlusion_mild,3407,48,use a fan (with hand or paper)/feeling warm,275,0.9224,0.7964
stgcnpp,limb_occlusion_mild,3407,49,punching/slapping other person,274,0.9027,0.6752
stgcnpp,limb_occlusion_mild,3407,50,kicking other person,276,0.936,0.808
stgcnpp,limb_occlusion_mild,3407,51,pushing other person,276,0.9601,0.913
stgcnpp,limb_occlusion_mild,3407,52,pat on back of other person,276,0.9239,0.8551
stgcnpp,limb_occlusion_mild,3407,53,point finger at the other person,276,0.9058,0.5109
stgcnpp,limb_occlusion_mild,3407,54,hugging other person,274,0.983,0.9562
stgcnpp,limb_occlusion_mild,3407,55,giving something to other person,276,0.9312,0.8007
stgcnpp,limb_occlusion_mild,3407,56,touch other person's pocket,275,0.9394,0.8327
stgcnpp,limb_occlusion_mild,3407,57,handshaking,276,0.9577,0.7971
stgcnpp,limb_occlusion_mild,3407,58,walking towards each other,273,0.9951,0.8352
stgcnpp,limb_occlusion_mild,3407,59,walking apart from each other,276,0.9686,0.9384
stgcnpp,coord_noise_mild,255,0,drink water,274,0.8637,0.6204
stgcnpp,coord_noise_mild,255,1,eat meal/snack,275,0.7382,0.5418
stgcnpp,coord_noise_mild,255,2,brushing teeth,273,0.8694,0.5385
stgcnpp,coord_noise_mild,255,3,brushing hair,273,0.9267,0.674
stgcnpp,coord_noise_mild,255,4,drop,275,0.8848,0.6545
stgcnpp,coord_noise_mild,255,5,pickup,275,0.9576,0.9309
stgcnpp,coord_noise_mild,255,6,throw,275,0.9115,0.7273
stgcnpp,coord_noise_mild,255,7,sitting down,273,0.9707,0.967
stgcnpp,coord_noise_mild,255,8,standing up (from sitting position),273,0.9792,0.9707
stgcnpp,coord_noise_mild,255,9,clapping,273,0.812,0.5201
stgcnpp,coord_noise_mild,255,10,reading,273,0.5873,0.1062
stgcnpp,coord_noise_mild,255,11,writing,272,0.5907,0.1691
stgcnpp,coord_noise_mild,255,12,tear up paper,271,0.9139,0.4871
stgcnpp,coord_noise_mild,255,13,wear jacket,275,0.983,0.9818
stgcnpp,coord_noise_mild,255,14,take off jacket,276,0.9734,0.8587
stgcnpp,coord_noise_mild,255,15,wear a shoe,273,0.7131,0.641
stgcnpp,coord_noise_mild,255,16,take off a shoe,274,0.7798,0.6204
stgcnpp,coord_noise_mild,255,17,wear on glasses,273,0.9206,0.8059
stgcnpp,coord_noise_mild,255,18,take off glasses,274,0.9526,0.7993
stgcnpp,coord_noise_mild,255,19,put on a hat/cap,272,0.9681,0.6176
stgcnpp,coord_noise_mild,255,20,take off a hat/cap,273,0.9744,0.7619
stgcnpp,coord_noise_mild,255,21,cheer up,274,0.9367,0.8139
stgcnpp,coord_noise_mild,255,22,hand waving,274,0.9221,0.7518
stgcnpp,coord_noise_mild,255,23,kicking something,276,0.9432,0.8732
stgcnpp,coord_noise_mild,255,24,reach into pocket,274,0.8285,0.5219
stgcnpp,coord_noise_mild,255,25,hopping (one foot jumping),275,0.9879,0.8545
stgcnpp,coord_noise_mild,255,26,jump up,276,0.9988,0.9493
stgcnpp,coord_noise_mild,255,27,make a phone call/answer phone,275,0.8933,0.6618
stgcnpp,coord_noise_mild,255,28,playing with phone/tablet,275,0.7321,0.56
stgcnpp,coord_noise_mild,255,29,typing on a keyboard,275,0.7309,0.5709
stgcnpp,coord_noise_mild,255,30,pointing to something with finger,276,0.7766,0.6449
stgcnpp,coord_noise_mild,255,31,taking a selfie,276,0.8925,0.8623
stgcnpp,coord_noise_mild,255,32,check time (from watch),276,0.8973,0.6993
stgcnpp,coord_noise_mild,255,33,rub two hands together,276,0.8913,0.3732
stgcnpp,coord_noise_mild,255,34,nod head/bow,276,0.9674,0.8986
stgcnpp,coord_noise_mild,255,35,shake head,275,0.9467,0.0909
stgcnpp,coord_noise_mild,255,36,wipe face,276,0.8829,0.1196
stgcnpp,coord_noise_mild,255,37,salute,276,0.9275,0.913
stgcnpp,coord_noise_mild,255,38,put the palms together,276,0.9348,0.808
stgcnpp,coord_noise_mild,255,39,cross hands in front (say stop),276,0.936,0.7935
stgcnpp,coord_noise_mild,255,40,sneeze/cough,276,0.7633,0.4058
stgcnpp,coord_noise_mild,255,41,staggering,276,0.9952,0.9239
stgcnpp,coord_noise_mild,255,42,falling,275,0.9891,0.9964
stgcnpp,coord_noise_mild,255,43,touch head (headache),276,0.8164,0.4783
stgcnpp,coord_noise_mild,255,44,touch chest (stomachache/heart pain),276,0.9312,0.7138
stgcnpp,coord_noise_mild,255,45,touch back (backache),276,0.9312,0.4783
stgcnpp,coord_noise_mild,255,46,touch neck (neckache),276,0.843,0.4601
stgcnpp,coord_noise_mild,255,47,nausea or vomiting condition,275,0.8448,0.8218
stgcnpp,coord_noise_mild,255,48,use a fan (with hand or paper)/feeling warm,275,0.9224,0.9345
stgcnpp,coord_noise_mild,255,49,punching/slapping other person,274,0.9027,0.6022
stgcnpp,coord_noise_mild,255,50,kicking other person,276,0.936,0.6993
stgcnpp,coord_noise_mild,255,51,pushing other person,276,0.9601,0.4348
stgcnpp,coord_noise_mild,255,52,pat on back of other person,276,0.9239,0.8732
stgcnpp,coord_noise_mild,255,53,point finger at the other person,276,0.9058,0.6123
stgcnpp,coord_noise_mild,255,54,hugging other person,274,0.983,0.9854
stgcnpp,coord_noise_mild,255,55,giving something to other person,276,0.9312,0.6522
stgcnpp,coord_noise_mild,255,56,touch other person's pocket,275,0.9394,0.7855
stgcnpp,coord_noise_mild,255,57,handshaking,276,0.9577,0.7319
stgcnpp,coord_noise_mild,255,58,walking towards each other,273,0.9951,0.7729
stgcnpp,coord_noise_mild,255,59,walking apart from each other,276,0.9686,0.9746
stgcnpp,coord_noise_mild,2026,0,drink water,274,0.8637,0.1168
stgcnpp,coord_noise_mild,2026,1,eat meal/snack,275,0.7382,0.4073
stgcnpp,coord_noise_mild,2026,2,brushing teeth,273,0.8694,0.2821
stgcnpp,coord_noise_mild,2026,3,brushing hair,273,0.9267,0.2821
stgcnpp,coord_noise_mild,2026,4,drop,275,0.8848,0.3964
stgcnpp,coord_noise_mild,2026,5,pickup,275,0.9576,0.9455
stgcnpp,coord_noise_mild,2026,6,throw,275,0.9115,0.5345
stgcnpp,coord_noise_mild,2026,7,sitting down,273,0.9707,0.9231
stgcnpp,coord_noise_mild,2026,8,standing up (from sitting position),273,0.9792,0.9597
stgcnpp,coord_noise_mild,2026,9,clapping,273,0.812,0.3883
stgcnpp,coord_noise_mild,2026,10,reading,273,0.5873,0.1026
stgcnpp,coord_noise_mild,2026,11,writing,272,0.5907,0.0846
stgcnpp,coord_noise_mild,2026,12,tear up paper,271,0.9139,0.4834
stgcnpp,coord_noise_mild,2026,13,wear jacket,275,0.983,0.9927
stgcnpp,coord_noise_mild,2026,14,take off jacket,276,0.9734,0.8623
stgcnpp,coord_noise_mild,2026,15,wear a shoe,273,0.7131,0.6886
stgcnpp,coord_noise_mild,2026,16,take off a shoe,274,0.7798,0.4854
stgcnpp,coord_noise_mild,2026,17,wear on glasses,273,0.9206,0.8095
stgcnpp,coord_noise_mild,2026,18,take off glasses,274,0.9526,0.6752
stgcnpp,coord_noise_mild,2026,19,put on a hat/cap,272,0.9681,0.5294
stgcnpp,coord_noise_mild,2026,20,take off a hat/cap,273,0.9744,0.4469
stgcnpp,coord_noise_mild,2026,21,cheer up,274,0.9367,0.854
stgcnpp,coord_noise_mild,2026,22,hand waving,274,0.9221,0.7409
stgcnpp,coord_noise_mild,2026,23,kicking something,276,0.9432,0.6739
stgcnpp,coord_noise_mild,2026,24,reach into pocket,274,0.8285,0.5693
stgcnpp,coord_noise_mild,2026,25,hopping (one foot jumping),275,0.9879,0.7855
stgcnpp,coord_noise_mild,2026,26,jump up,276,0.9988,0.8696
stgcnpp,coord_noise_mild,2026,27,make a phone call/answer phone,275,0.8933,0.5236
stgcnpp,coord_noise_mild,2026,28,playing with phone/tablet,275,0.7321,0.0836
stgcnpp,coord_noise_mild,2026,29,typing on a keyboard,275,0.7309,0.5564
stgcnpp,coord_noise_mild,2026,30,pointing to something with finger,276,0.7766,0.6594
stgcnpp,coord_noise_mild,2026,31,taking a selfie,276,0.8925,0.7101
stgcnpp,coord_noise_mild,2026,32,check time (from watch),276,0.8973,0.7065
stgcnpp,coord_noise_mild,2026,33,rub two hands together,276,0.8913,0.4891
stgcnpp,coord_noise_mild,2026,34,nod head/bow,276,0.9674,0.8804
stgcnpp,coord_noise_mild,2026,35,shake head,275,0.9467,0.0618
stgcnpp,coord_noise_mild,2026,36,wipe face,276,0.8829,0.1051
stgcnpp,coord_noise_mild,2026,37,salute,276,0.9275,0.8043
stgcnpp,coord_noise_mild,2026,38,put the palms together,276,0.9348,0.3877
stgcnpp,coord_noise_mild,2026,39,cross hands in front (say stop),276,0.936,0.7101
stgcnpp,coord_noise_mild,2026,40,sneeze/cough,276,0.7633,0.413
stgcnpp,coord_noise_mild,2026,41,staggering,276,0.9952,0.808
stgcnpp,coord_noise_mild,2026,42,falling,275,0.9891,0.9636
stgcnpp,coord_noise_mild,2026,43,touch head (headache),276,0.8164,0.0942
stgcnpp,coord_noise_mild,2026,44,touch chest (stomachache/heart pain),276,0.9312,0.6123
stgcnpp,coord_noise_mild,2026,45,touch back (backache),276,0.9312,0.4746
stgcnpp,coord_noise_mild,2026,46,touch neck (neckache),276,0.843,0.25
stgcnpp,coord_noise_mild,2026,47,nausea or vomiting condition,275,0.8448,0.9091
stgcnpp,coord_noise_mild,2026,48,use a fan (with hand or paper)/feeling warm,275,0.9224,0.9236
stgcnpp,coord_noise_mild,2026,49,punching/slapping other person,274,0.9027,0.5803
stgcnpp,coord_noise_mild,2026,50,kicking other person,276,0.936,0.2754
stgcnpp,coord_noise_mild,2026,51,pushing other person,276,0.9601,0.2319
stgcnpp,coord_noise_mild,2026,52,pat on back of other person,276,0.9239,0.6232
stgcnpp,coord_noise_mild,2026,53,point finger at the other person,276,0.9058,0.7645
stgcnpp,coord_noise_mild,2026,54,hugging other person,274,0.983,0.7993
stgcnpp,coord_noise_mild,2026,55,giving something to other person,276,0.9312,0.7464
stgcnpp,coord_noise_mild,2026,56,touch other person's pocket,275,0.9394,0.8655
stgcnpp,coord_noise_mild,2026,57,handshaking,276,0.9577,0.5145
stgcnpp,coord_noise_mild,2026,58,walking towards each other,273,0.9951,0.7436
stgcnpp,coord_noise_mild,2026,59,walking apart from each other,276,0.9686,0.9457
stgcnpp,coord_noise_mild,3407,0,drink water,274,0.8637,0.6095
stgcnpp,coord_noise_mild,3407,1,eat meal/snack,275,0.7382,0.4982
stgcnpp,coord_noise_mild,3407,2,brushing teeth,273,0.8694,0.619
stgcnpp,coord_noise_mild,3407,3,brushing hair,273,0.9267,0.6007
stgcnpp,coord_noise_mild,3407,4,drop,275,0.8848,0.4909
stgcnpp,coord_noise_mild,3407,5,pickup,275,0.9576,0.9091
stgcnpp,coord_noise_mild,3407,6,throw,275,0.9115,0.5345
stgcnpp,coord_noise_mild,3407,7,sitting down,273,0.9707,0.9267
stgcnpp,coord_noise_mild,3407,8,standing up (from sitting position),273,0.9792,0.9524
stgcnpp,coord_noise_mild,3407,9,clapping,273,0.812,0.6227
stgcnpp,coord_noise_mild,3407,10,reading,273,0.5873,0.2051
stgcnpp,coord_noise_mild,3407,11,writing,272,0.5907,0.5441
stgcnpp,coord_noise_mild,3407,12,tear up paper,271,0.9139,0.524
stgcnpp,coord_noise_mild,3407,13,wear jacket,275,0.983,0.9855
stgcnpp,coord_noise_mild,3407,14,take off jacket,276,0.9734,0.8877
stgcnpp,coord_noise_mild,3407,15,wear a shoe,273,0.7131,0.652
stgcnpp,coord_noise_mild,3407,16,take off a shoe,274,0.7798,0.5657
stgcnpp,coord_noise_mild,3407,17,wear on glasses,273,0.9206,0.8571
stgcnpp,coord_noise_mild,3407,18,take off glasses,274,0.9526,0.8358
stgcnpp,coord_noise_mild,3407,19,put on a hat/cap,272,0.9681,0.5441
stgcnpp,coord_noise_mild,3407,20,take off a hat/cap,273,0.9744,0.5128
stgcnpp,coord_noise_mild,3407,21,cheer up,274,0.9367,0.8139
stgcnpp,coord_noise_mild,3407,22,hand waving,274,0.9221,0.7263
stgcnpp,coord_noise_mild,3407,23,kicking something,276,0.9432,0.8225
stgcnpp,coord_noise_mild,3407,24,reach into pocket,274,0.8285,0.6168
stgcnpp,coord_noise_mild,3407,25,hopping (one foot jumping),275,0.9879,0.8073
stgcnpp,coord_noise_mild,3407,26,jump up,276,0.9988,0.9493
stgcnpp,coord_noise_mild,3407,27,make a phone call/answer phone,275,0.8933,0.4545
stgcnpp,coord_noise_mild,3407,28,playing with phone/tablet,275,0.7321,0.0836
stgcnpp,coord_noise_mild,3407,29,typing on a keyboard,275,0.7309,0.5745
stgcnpp,coord_noise_mild,3407,30,pointing to something with finger,276,0.7766,0.5761
stgcnpp,coord_noise_mild,3407,31,taking a selfie,276,0.8925,0.808
stgcnpp,coord_noise_mild,3407,32,check time (from watch),276,0.8973,0.5833
stgcnpp,coord_noise_mild,3407,33,rub two hands together,276,0.8913,0.3841
stgcnpp,coord_noise_mild,3407,34,nod head/bow,276,0.9674,0.8007
stgcnpp,coord_noise_mild,3407,35,shake head,275,0.9467,0.1527
stgcnpp,coord_noise_mild,3407,36,wipe face,276,0.8829,0.2029
stgcnpp,coord_noise_mild,3407,37,salute,276,0.9275,0.7246
stgcnpp,coord_noise_mild,3407,38,put the palms together,276,0.9348,0.6268
stgcnpp,coord_noise_mild,3407,39,cross hands in front (say stop),276,0.936,0.8188
stgcnpp,coord_noise_mild,3407,40,sneeze/cough,276,0.7633,0.3659
stgcnpp,coord_noise_mild,3407,41,staggering,276,0.9952,0.8406
stgcnpp,coord_noise_mild,3407,42,falling,275,0.9891,0.9709
stgcnpp,coord_noise_mild,3407,43,touch head (headache),276,0.8164,0.5072
stgcnpp,coord_noise_mild,3407,44,touch chest (stomachache/heart pain),276,0.9312,0.5833
stgcnpp,coord_noise_mild,3407,45,touch back (backache),276,0.9312,0.1848
stgcnpp,coord_noise_mild,3407,46,touch neck (neckache),276,0.843,0.4928
stgcnpp,coord_noise_mild,3407,47,nausea or vomiting condition,275,0.8448,0.8036
stgcnpp,coord_noise_mild,3407,48,use a fan (with hand or paper)/feeling warm,275,0.9224,0.9382
stgcnpp,coord_noise_mild,3407,49,punching/slapping other person,274,0.9027,0.4672
stgcnpp,coord_noise_mild,3407,50,kicking other person,276,0.936,0.721
stgcnpp,coord_noise_mild,3407,51,pushing other person,276,0.9601,0.3442
stgcnpp,coord_noise_mild,3407,52,pat on back of other person,276,0.9239,0.5761
stgcnpp,coord_noise_mild,3407,53,point finger at the other person,276,0.9058,0.8007
stgcnpp,coord_noise_mild,3407,54,hugging other person,274,0.983,0.8577
stgcnpp,coord_noise_mild,3407,55,giving something to other person,276,0.9312,0.6594
stgcnpp,coord_noise_mild,3407,56,touch other person's pocket,275,0.9394,0.7636
stgcnpp,coord_noise_mild,3407,57,handshaking,276,0.9577,0.6159
stgcnpp,coord_noise_mild,3407,58,walking towards each other,273,0.9951,0.8755
stgcnpp,coord_noise_mild,3407,59,walking apart from each other,276,0.9686,0.971
stgcnpp,frame_missing_mild,255,0,drink water,274,0.8637,0.8431
stgcnpp,frame_missing_mild,255,1,eat meal/snack,275,0.7382,0.6945
stgcnpp,frame_missing_mild,255,2,brushing teeth,273,0.8694,0.8022
stgcnpp,frame_missing_mild,255,3,brushing hair,273,0.9267,0.8938
stgcnpp,frame_missing_mild,255,4,drop,275,0.8848,0.8727
stgcnpp,frame_missing_mild,255,5,pickup,275,0.9576,0.9527
stgcnpp,frame_missing_mild,255,6,throw,275,0.9115,0.8982
stgcnpp,frame_missing_mild,255,7,sitting down,273,0.9707,0.967
stgcnpp,frame_missing_mild,255,8,standing up (from sitting position),273,0.9792,0.978
stgcnpp,frame_missing_mild,255,9,clapping,273,0.812,0.7253
stgcnpp,frame_missing_mild,255,10,reading,273,0.5873,0.5348
stgcnpp,frame_missing_mild,255,11,writing,272,0.5907,0.4706
stgcnpp,frame_missing_mild,255,12,tear up paper,271,0.9139,0.8856
stgcnpp,frame_missing_mild,255,13,wear jacket,275,0.983,0.9673
stgcnpp,frame_missing_mild,255,14,take off jacket,276,0.9734,0.9638
stgcnpp,frame_missing_mild,255,15,wear a shoe,273,0.7131,0.4725
stgcnpp,frame_missing_mild,255,16,take off a shoe,274,0.7798,0.7409
stgcnpp,frame_missing_mild,255,17,wear on glasses,273,0.9206,0.8168
stgcnpp,frame_missing_mild,255,18,take off glasses,274,0.9526,0.865
stgcnpp,frame_missing_mild,255,19,put on a hat/cap,272,0.9681,0.9118
stgcnpp,frame_missing_mild,255,20,take off a hat/cap,273,0.9744,0.956
stgcnpp,frame_missing_mild,255,21,cheer up,274,0.9367,0.9453
stgcnpp,frame_missing_mild,255,22,hand waving,274,0.9221,0.865
stgcnpp,frame_missing_mild,255,23,kicking something,276,0.9432,0.9565
stgcnpp,frame_missing_mild,255,24,reach into pocket,274,0.8285,0.7153
stgcnpp,frame_missing_mild,255,25,hopping (one foot jumping),275,0.9879,0.9818
stgcnpp,frame_missing_mild,255,26,jump up,276,0.9988,0.9928
stgcnpp,frame_missing_mild,255,27,make a phone call/answer phone,275,0.8933,0.7127
stgcnpp,frame_missing_mild,255,28,playing with phone/tablet,275,0.7321,0.7164
stgcnpp,frame_missing_mild,255,29,typing on a keyboard,275,0.7309,0.6873
stgcnpp,frame_missing_mild,255,30,pointing to something with finger,276,0.7766,0.7935
stgcnpp,frame_missing_mild,255,31,taking a selfie,276,0.8925,0.8623
stgcnpp,frame_missing_mild,255,32,check time (from watch),276,0.8973,0.8841
stgcnpp,frame_missing_mild,255,33,rub two hands together,276,0.8913,0.8768
stgcnpp,frame_missing_mild,255,34,nod head/bow,276,0.9674,0.9529
stgcnpp,frame_missing_mild,255,35,shake head,275,0.9467,0.9164
stgcnpp,frame_missing_mild,255,36,wipe face,276,0.8829,0.7862
stgcnpp,frame_missing_mild,255,37,salute,276,0.9275,0.913
stgcnpp,frame_missing_mild,255,38,put the palms together,276,0.9348,0.9384
stgcnpp,frame_missing_mild,255,39,cross hands in front (say stop),276,0.936,0.9384
stgcnpp,frame_missing_mild,255,40,sneeze/cough,276,0.7633,0.6884
stgcnpp,frame_missing_mild,255,41,staggering,276,0.9952,0.9674
stgcnpp,frame_missing_mild,255,42,falling,275,0.9891,1.0
stgcnpp,frame_missing_mild,255,43,touch head (headache),276,0.8164,0.7319
stgcnpp,frame_missing_mild,255,44,touch chest (stomachache/heart pain),276,0.9312,0.942
stgcnpp,frame_missing_mild,255,45,touch back (backache),276,0.9312,0.8333
stgcnpp,frame_missing_mild,255,46,touch neck (neckache),276,0.843,0.7283
stgcnpp,frame_missing_mild,255,47,nausea or vomiting condition,275,0.8448,0.8145
stgcnpp,frame_missing_mild,255,48,use a fan (with hand or paper)/feeling warm,275,0.9224,0.9345
stgcnpp,frame_missing_mild,255,49,punching/slapping other person,274,0.9027,0.8139
stgcnpp,frame_missing_mild,255,50,kicking other person,276,0.936,0.9239
stgcnpp,frame_missing_mild,255,51,pushing other person,276,0.9601,0.9239
stgcnpp,frame_missing_mild,255,52,pat on back of other person,276,0.9239,0.8732
stgcnpp,frame_missing_mild,255,53,point finger at the other person,276,0.9058,0.8478
stgcnpp,frame_missing_mild,255,54,hugging other person,274,0.983,0.9891
stgcnpp,frame_missing_mild,255,55,giving something to other person,276,0.9312,0.8877
stgcnpp,frame_missing_mild,255,56,touch other person's pocket,275,0.9394,0.9055
stgcnpp,frame_missing_mild,255,57,handshaking,276,0.9577,0.9167
stgcnpp,frame_missing_mild,255,58,walking towards each other,273,0.9951,0.989
stgcnpp,frame_missing_mild,255,59,walking apart from each other,276,0.9686,0.9783
stgcnpp,frame_missing_mild,2026,0,drink water,274,0.8637,0.8248
stgcnpp,frame_missing_mild,2026,1,eat meal/snack,275,0.7382,0.6982
stgcnpp,frame_missing_mild,2026,2,brushing teeth,273,0.8694,0.8608
stgcnpp,frame_missing_mild,2026,3,brushing hair,273,0.9267,0.9011
stgcnpp,frame_missing_mild,2026,4,drop,275,0.8848,0.8473
stgcnpp,frame_missing_mild,2026,5,pickup,275,0.9576,0.9418
stgcnpp,frame_missing_mild,2026,6,throw,275,0.9115,0.8764
stgcnpp,frame_missing_mild,2026,7,sitting down,273,0.9707,0.9744
stgcnpp,frame_missing_mild,2026,8,standing up (from sitting position),273,0.9792,0.9817
stgcnpp,frame_missing_mild,2026,9,clapping,273,0.812,0.8022
stgcnpp,frame_missing_mild,2026,10,reading,273,0.5873,0.5971
stgcnpp,frame_missing_mild,2026,11,writing,272,0.5907,0.5037
stgcnpp,frame_missing_mild,2026,12,tear up paper,271,0.9139,0.8745
stgcnpp,frame_missing_mild,2026,13,wear jacket,275,0.983,0.9745
stgcnpp,frame_missing_mild,2026,14,take off jacket,276,0.9734,0.9601
stgcnpp,frame_missing_mild,2026,15,wear a shoe,273,0.7131,0.63
stgcnpp,frame_missing_mild,2026,16,take off a shoe,274,0.7798,0.6496
stgcnpp,frame_missing_mild,2026,17,wear on glasses,273,0.9206,0.8901
stgcnpp,frame_missing_mild,2026,18,take off glasses,274,0.9526,0.8832
stgcnpp,frame_missing_mild,2026,19,put on a hat/cap,272,0.9681,0.9522
stgcnpp,frame_missing_mild,2026,20,take off a hat/cap,273,0.9744,0.9524
stgcnpp,frame_missing_mild,2026,21,cheer up,274,0.9367,0.9526
stgcnpp,frame_missing_mild,2026,22,hand waving,274,0.9221,0.9051
stgcnpp,frame_missing_mild,2026,23,kicking something,276,0.9432,0.9239
stgcnpp,frame_missing_mild,2026,24,reach into pocket,274,0.8285,0.7409
stgcnpp,frame_missing_mild,2026,25,hopping (one foot jumping),275,0.9879,0.9709
stgcnpp,frame_missing_mild,2026,26,jump up,276,0.9988,0.9819
stgcnpp,frame_missing_mild,2026,27,make a phone call/answer phone,275,0.8933,0.7491
stgcnpp,frame_missing_mild,2026,28,playing with phone/tablet,275,0.7321,0.6655
stgcnpp,frame_missing_mild,2026,29,typing on a keyboard,275,0.7309,0.6836
stgcnpp,frame_missing_mild,2026,30,pointing to something with finger,276,0.7766,0.7319
stgcnpp,frame_missing_mild,2026,31,taking a selfie,276,0.8925,0.8913
stgcnpp,frame_missing_mild,2026,32,check time (from watch),276,0.8973,0.8225
stgcnpp,frame_missing_mild,2026,33,rub two hands together,276,0.8913,0.8043
stgcnpp,frame_missing_mild,2026,34,nod head/bow,276,0.9674,0.9529
stgcnpp,frame_missing_mild,2026,35,shake head,275,0.9467,0.9345
stgcnpp,frame_missing_mild,2026,36,wipe face,276,0.8829,0.8225
stgcnpp,frame_missing_mild,2026,37,salute,276,0.9275,0.9239
stgcnpp,frame_missing_mild,2026,38,put the palms together,276,0.9348,0.9058
stgcnpp,frame_missing_mild,2026,39,cross hands in front (say stop),276,0.936,0.913
stgcnpp,frame_missing_mild,2026,40,sneeze/cough,276,0.7633,0.6558
stgcnpp,frame_missing_mild,2026,41,staggering,276,0.9952,0.9457
stgcnpp,frame_missing_mild,2026,42,falling,275,0.9891,0.9891
stgcnpp,frame_missing_mild,2026,43,touch head (headache),276,0.8164,0.7283
stgcnpp,frame_missing_mild,2026,44,touch chest (stomachache/heart pain),276,0.9312,0.913
stgcnpp,frame_missing_mild,2026,45,touch back (backache),276,0.9312,0.9203
stgcnpp,frame_missing_mild,2026,46,touch neck (neckache),276,0.843,0.779
stgcnpp,frame_missing_mild,2026,47,nausea or vomiting condition,275,0.8448,0.7709
stgcnpp,frame_missing_mild,2026,48,use a fan (with hand or paper)/feeling warm,275,0.9224,0.9164
stgcnpp,frame_missing_mild,2026,49,punching/slapping other person,274,0.9027,0.8248
stgcnpp,frame_missing_mild,2026,50,kicking other person,276,0.936,0.9348
stgcnpp,frame_missing_mild,2026,51,pushing other person,276,0.9601,0.8406
stgcnpp,frame_missing_mild,2026,52,pat on back of other person,276,0.9239,0.913
stgcnpp,frame_missing_mild,2026,53,point finger at the other person,276,0.9058,0.7428
stgcnpp,frame_missing_mild,2026,54,hugging other person,274,0.983,0.9818
stgcnpp,frame_missing_mild,2026,55,giving something to other person,276,0.9312,0.9239
stgcnpp,frame_missing_mild,2026,56,touch other person's pocket,275,0.9394,0.9236
stgcnpp,frame_missing_mild,2026,57,handshaking,276,0.9577,0.8986
stgcnpp,frame_missing_mild,2026,58,walking towards each other,273,0.9951,0.9707
stgcnpp,frame_missing_mild,2026,59,walking apart from each other,276,0.9686,0.971
stgcnpp,frame_missing_mild,3407,0,drink water,274,0.8637,0.7956
stgcnpp,frame_missing_mild,3407,1,eat meal/snack,275,0.7382,0.6291
stgcnpp,frame_missing_mild,3407,2,brushing teeth,273,0.8694,0.7839
stgcnpp,frame_missing_mild,3407,3,brushing hair,273,0.9267,0.9011
stgcnpp,frame_missing_mild,3407,4,drop,275,0.8848,0.9018
stgcnpp,frame_missing_mild,3407,5,pickup,275,0.9576,0.9455
stgcnpp,frame_missing_mild,3407,6,throw,275,0.9115,0.9055
stgcnpp,frame_missing_mild,3407,7,sitting down,273,0.9707,0.9634
stgcnpp,frame_missing_mild,3407,8,standing up (from sitting position),273,0.9792,0.9853
stgcnpp,frame_missing_mild,3407,9,clapping,273,0.812,0.7949
stgcnpp,frame_missing_mild,3407,10,reading,273,0.5873,0.5165
stgcnpp,frame_missing_mild,3407,11,writing,272,0.5907,0.5772
stgcnpp,frame_missing_mild,3407,12,tear up paper,271,0.9139,0.9373
stgcnpp,frame_missing_mild,3407,13,wear jacket,275,0.983,0.9782
stgcnpp,frame_missing_mild,3407,14,take off jacket,276,0.9734,0.9565
stgcnpp,frame_missing_mild,3407,15,wear a shoe,273,0.7131,0.4835
stgcnpp,frame_missing_mild,3407,16,take off a shoe,274,0.7798,0.7044
stgcnpp,frame_missing_mild,3407,17,wear on glasses,273,0.9206,0.8718
stgcnpp,frame_missing_mild,3407,18,take off glasses,274,0.9526,0.8796
stgcnpp,frame_missing_mild,3407,19,put on a hat/cap,272,0.9681,0.9118
stgcnpp,frame_missing_mild,3407,20,take off a hat/cap,273,0.9744,0.9341
stgcnpp,frame_missing_mild,3407,21,cheer up,274,0.9367,0.9489
stgcnpp,frame_missing_mild,3407,22,hand waving,274,0.9221,0.8942
stgcnpp,frame_missing_mild,3407,23,kicking something,276,0.9432,0.9457
stgcnpp,frame_missing_mild,3407,24,reach into pocket,274,0.8285,0.7007
stgcnpp,frame_missing_mild,3407,25,hopping (one foot jumping),275,0.9879,0.9818
stgcnpp,frame_missing_mild,3407,26,jump up,276,0.9988,0.9928
stgcnpp,frame_missing_mild,3407,27,make a phone call/answer phone,275,0.8933,0.6909
stgcnpp,frame_missing_mild,3407,28,playing with phone/tablet,275,0.7321,0.7091
stgcnpp,frame_missing_mild,3407,29,typing on a keyboard,275,0.7309,0.6545
stgcnpp,frame_missing_mild,3407,30,pointing to something with finger,276,0.7766,0.8007
stgcnpp,frame_missing_mild,3407,31,taking a selfie,276,0.8925,0.8116
stgcnpp,frame_missing_mild,3407,32,check time (from watch),276,0.8973,0.8478
stgcnpp,frame_missing_mild,3407,33,rub two hands together,276,0.8913,0.8623
stgcnpp,frame_missing_mild,3407,34,nod head/bow,276,0.9674,0.9348
stgcnpp,frame_missing_mild,3407,35,shake head,275,0.9467,0.8618
stgcnpp,frame_missing_mild,3407,36,wipe face,276,0.8829,0.8116
stgcnpp,frame_missing_mild,3407,37,salute,276,0.9275,0.9312
stgcnpp,frame_missing_mild,3407,38,put the palms together,276,0.9348,0.9565
stgcnpp,frame_missing_mild,3407,39,cross hands in front (say stop),276,0.936,0.913
stgcnpp,frame_missing_mild,3407,40,sneeze/cough,276,0.7633,0.7355
stgcnpp,frame_missing_mild,3407,41,staggering,276,0.9952,0.9058
stgcnpp,frame_missing_mild,3407,42,falling,275,0.9891,0.9891
stgcnpp,frame_missing_mild,3407,43,touch head (headache),276,0.8164,0.7717
stgcnpp,frame_missing_mild,3407,44,touch chest (stomachache/heart pain),276,0.9312,0.9384
stgcnpp,frame_missing_mild,3407,45,touch back (backache),276,0.9312,0.8949
stgcnpp,frame_missing_mild,3407,46,touch neck (neckache),276,0.843,0.7065
stgcnpp,frame_missing_mild,3407,47,nausea or vomiting condition,275,0.8448,0.7673
stgcnpp,frame_missing_mild,3407,48,use a fan (with hand or paper)/feeling warm,275,0.9224,0.9127
stgcnpp,frame_missing_mild,3407,49,punching/slapping other person,274,0.9027,0.8175
stgcnpp,frame_missing_mild,3407,50,kicking other person,276,0.936,0.9457
stgcnpp,frame_missing_mild,3407,51,pushing other person,276,0.9601,0.8986
stgcnpp,frame_missing_mild,3407,52,pat on back of other person,276,0.9239,0.8841
stgcnpp,frame_missing_mild,3407,53,point finger at the other person,276,0.9058,0.8732
stgcnpp,frame_missing_mild,3407,54,hugging other person,274,0.983,0.9891
stgcnpp,frame_missing_mild,3407,55,giving something to other person,276,0.9312,0.9022
stgcnpp,frame_missing_mild,3407,56,touch other person's pocket,275,0.9394,0.8836
stgcnpp,frame_missing_mild,3407,57,handshaking,276,0.9577,0.8949
stgcnpp,frame_missing_mild,3407,58,walking towards each other,273,0.9951,0.9853
stgcnpp,frame_missing_mild,3407,59,walking apart from each other,276,0.9686,0.9819
stgcnpp,mixed_mild,255,0,drink water,274,0.8637,0.6058
stgcnpp,mixed_mild,255,1,eat meal/snack,275,0.7382,0.4364
stgcnpp,mixed_mild,255,2,brushing teeth,273,0.8694,0.3663
stgcnpp,mixed_mild,255,3,brushing hair,273,0.9267,0.5897
stgcnpp,mixed_mild,255,4,drop,275,0.8848,0.4945
stgcnpp,mixed_mild,255,5,pickup,275,0.9576,0.6255
stgcnpp,mixed_mild,255,6,throw,275,0.9115,0.5818
stgcnpp,mixed_mild,255,7,sitting down,273,0.9707,0.8168
stgcnpp,mixed_mild,255,8,standing up (from sitting position),273,0.9792,0.7875
stgcnpp,mixed_mild,255,9,clapping,273,0.812,0.4249
stgcnpp,mixed_mild,255,10,reading,273,0.5873,0.3077
stgcnpp,mixed_mild,255,11,writing,272,0.5907,0.2978
stgcnpp,mixed_mild,255,12,tear up paper,271,0.9139,0.4576
stgcnpp,mixed_mild,255,13,wear jacket,275,0.983,0.84
stgcnpp,mixed_mild,255,14,take off jacket,276,0.9734,0.6486
stgcnpp,mixed_mild,255,15,wear a shoe,273,0.7131,0.359
stgcnpp,mixed_mild,255,16,take off a shoe,274,0.7798,0.4672
stgcnpp,mixed_mild,255,17,wear on glasses,273,0.9206,0.6081
stgcnpp,mixed_mild,255,18,take off glasses,274,0.9526,0.6058
stgcnpp,mixed_mild,255,19,put on a hat/cap,272,0.9681,0.5956
stgcnpp,mixed_mild,255,20,take off a hat/cap,273,0.9744,0.7106
stgcnpp,mixed_mild,255,21,cheer up,274,0.9367,0.7007
stgcnpp,mixed_mild,255,22,hand waving,274,0.9221,0.6277
stgcnpp,mixed_mild,255,23,kicking something,276,0.9432,0.4891
stgcnpp,mixed_mild,255,24,reach into pocket,274,0.8285,0.3066
stgcnpp,mixed_mild,255,25,hopping (one foot jumping),275,0.9879,0.6836
stgcnpp,mixed_mild,255,26,jump up,276,0.9988,0.7029
stgcnpp,mixed_mild,255,27,make a phone call/answer phone,275,0.8933,0.4218
stgcnpp,mixed_mild,255,28,playing with phone/tablet,275,0.7321,0.6036
stgcnpp,mixed_mild,255,29,typing on a keyboard,275,0.7309,0.5491
stgcnpp,mixed_mild,255,30,pointing to something with finger,276,0.7766,0.413
stgcnpp,mixed_mild,255,31,taking a selfie,276,0.8925,0.6739
stgcnpp,mixed_mild,255,32,check time (from watch),276,0.8973,0.5543
stgcnpp,mixed_mild,255,33,rub two hands together,276,0.8913,0.4674
stgcnpp,mixed_mild,255,34,nod head/bow,276,0.9674,0.6957
stgcnpp,mixed_mild,255,35,shake head,275,0.9467,0.2509
stgcnpp,mixed_mild,255,36,wipe face,276,0.8829,0.2971
stgcnpp,mixed_mild,255,37,salute,276,0.9275,0.5833
stgcnpp,mixed_mild,255,38,put the palms together,276,0.9348,0.5652
stgcnpp,mixed_mild,255,39,cross hands in front (say stop),276,0.936,0.6594
stgcnpp,mixed_mild,255,40,sneeze/cough,276,0.7633,0.3478
stgcnpp,mixed_mild,255,41,staggering,276,0.9952,0.4565
stgcnpp,mixed_mild,255,42,falling,275,0.9891,0.7455
stgcnpp,mixed_mild,255,43,touch head (headache),276,0.8164,0.3877
stgcnpp,mixed_mild,255,44,touch chest (stomachache/heart pain),276,0.9312,0.692
stgcnpp,mixed_mild,255,45,touch back (backache),276,0.9312,0.3768
stgcnpp,mixed_mild,255,46,touch neck (neckache),276,0.843,0.3768
stgcnpp,mixed_mild,255,47,nausea or vomiting condition,275,0.8448,0.6218
stgcnpp,mixed_mild,255,48,use a fan (with hand or paper)/feeling warm,275,0.9224,0.8473
stgcnpp,mixed_mild,255,49,punching/slapping other person,274,0.9027,0.3212
stgcnpp,mixed_mild,255,50,kicking other person,276,0.936,0.3659
stgcnpp,mixed_mild,255,51,pushing other person,276,0.9601,0.337
stgcnpp,mixed_mild,255,52,pat on back of other person,276,0.9239,0.6703
stgcnpp,mixed_mild,255,53,point finger at the other person,276,0.9058,0.3225
stgcnpp,mixed_mild,255,54,hugging other person,274,0.983,0.8869
stgcnpp,mixed_mild,255,55,giving something to other person,276,0.9312,0.5
stgcnpp,mixed_mild,255,56,touch other person's pocket,275,0.9394,0.4291
stgcnpp,mixed_mild,255,57,handshaking,276,0.9577,0.4348
stgcnpp,mixed_mild,255,58,walking towards each other,273,0.9951,0.3736
stgcnpp,mixed_mild,255,59,walking apart from each other,276,0.9686,0.7754
stgcnpp,mixed_mild,2026,0,drink water,274,0.8637,0.4088
stgcnpp,mixed_mild,2026,1,eat meal/snack,275,0.7382,0.4255
stgcnpp,mixed_mild,2026,2,brushing teeth,273,0.8694,0.3846
stgcnpp,mixed_mild,2026,3,brushing hair,273,0.9267,0.4249
stgcnpp,mixed_mild,2026,4,drop,275,0.8848,0.4509
stgcnpp,mixed_mild,2026,5,pickup,275,0.9576,0.7818
stgcnpp,mixed_mild,2026,6,throw,275,0.9115,0.56
stgcnpp,mixed_mild,2026,7,sitting down,273,0.9707,0.7766
stgcnpp,mixed_mild,2026,8,standing up (from sitting position),273,0.9792,0.8791
stgcnpp,mixed_mild,2026,9,clapping,273,0.812,0.359
stgcnpp,mixed_mild,2026,10,reading,273,0.5873,0.2857
stgcnpp,mixed_mild,2026,11,writing,272,0.5907,0.2978
stgcnpp,mixed_mild,2026,12,tear up paper,271,0.9139,0.4982
stgcnpp,mixed_mild,2026,13,wear jacket,275,0.983,0.9091
stgcnpp,mixed_mild,2026,14,take off jacket,276,0.9734,0.7029
stgcnpp,mixed_mild,2026,15,wear a shoe,273,0.7131,0.4908
stgcnpp,mixed_mild,2026,16,take off a shoe,274,0.7798,0.4599
stgcnpp,mixed_mild,2026,17,wear on glasses,273,0.9206,0.641
stgcnpp,mixed_mild,2026,18,take off glasses,274,0.9526,0.5912
stgcnpp,mixed_mild,2026,19,put on a hat/cap,272,0.9681,0.5882
stgcnpp,mixed_mild,2026,20,take off a hat/cap,273,0.9744,0.6044
stgcnpp,mixed_mild,2026,21,cheer up,274,0.9367,0.7555
stgcnpp,mixed_mild,2026,22,hand waving,274,0.9221,0.6277
stgcnpp,mixed_mild,2026,23,kicking something,276,0.9432,0.4783
stgcnpp,mixed_mild,2026,24,reach into pocket,274,0.8285,0.4453
stgcnpp,mixed_mild,2026,25,hopping (one foot jumping),275,0.9879,0.6327
stgcnpp,mixed_mild,2026,26,jump up,276,0.9988,0.7355
stgcnpp,mixed_mild,2026,27,make a phone call/answer phone,275,0.8933,0.4218
stgcnpp,mixed_mild,2026,28,playing with phone/tablet,275,0.7321,0.2436
stgcnpp,mixed_mild,2026,29,typing on a keyboard,275,0.7309,0.6182
stgcnpp,mixed_mild,2026,30,pointing to something with finger,276,0.7766,0.4601
stgcnpp,mixed_mild,2026,31,taking a selfie,276,0.8925,0.7428
stgcnpp,mixed_mild,2026,32,check time (from watch),276,0.8973,0.529
stgcnpp,mixed_mild,2026,33,rub two hands together,276,0.8913,0.3623
stgcnpp,mixed_mild,2026,34,nod head/bow,276,0.9674,0.7391
stgcnpp,mixed_mild,2026,35,shake head,275,0.9467,0.3055
stgcnpp,mixed_mild,2026,36,wipe face,276,0.8829,0.3768
stgcnpp,mixed_mild,2026,37,salute,276,0.9275,0.692
stgcnpp,mixed_mild,2026,38,put the palms together,276,0.9348,0.4167
stgcnpp,mixed_mild,2026,39,cross hands in front (say stop),276,0.936,0.6087
stgcnpp,mixed_mild,2026,40,sneeze/cough,276,0.7633,0.3841
stgcnpp,mixed_mild,2026,41,staggering,276,0.9952,0.3768
stgcnpp,mixed_mild,2026,42,falling,275,0.9891,0.7309
stgcnpp,mixed_mild,2026,43,touch head (headache),276,0.8164,0.2717
stgcnpp,mixed_mild,2026,44,touch chest (stomachache/heart pain),276,0.9312,0.5254
stgcnpp,mixed_mild,2026,45,touch back (backache),276,0.9312,0.5725
stgcnpp,mixed_mild,2026,46,touch neck (neckache),276,0.843,0.3043
stgcnpp,mixed_mild,2026,47,nausea or vomiting condition,275,0.8448,0.6218
stgcnpp,mixed_mild,2026,48,use a fan (with hand or paper)/feeling warm,275,0.9224,0.84
stgcnpp,mixed_mild,2026,49,punching/slapping other person,274,0.9027,0.3942
stgcnpp,mixed_mild,2026,50,kicking other person,276,0.936,0.3007
stgcnpp,mixed_mild,2026,51,pushing other person,276,0.9601,0.3007
stgcnpp,mixed_mild,2026,52,pat on back of other person,276,0.9239,0.5072
stgcnpp,mixed_mild,2026,53,point finger at the other person,276,0.9058,0.3152
stgcnpp,mixed_mild,2026,54,hugging other person,274,0.983,0.8431
stgcnpp,mixed_mild,2026,55,giving something to other person,276,0.9312,0.4529
stgcnpp,mixed_mild,2026,56,touch other person's pocket,275,0.9394,0.7091
stgcnpp,mixed_mild,2026,57,handshaking,276,0.9577,0.5
stgcnpp,mixed_mild,2026,58,walking towards each other,273,0.9951,0.4249
stgcnpp,mixed_mild,2026,59,walking apart from each other,276,0.9686,0.6449
stgcnpp,mixed_mild,3407,0,drink water,274,0.8637,0.5803
stgcnpp,mixed_mild,3407,1,eat meal/snack,275,0.7382,0.4036
stgcnpp,mixed_mild,3407,2,brushing teeth,273,0.8694,0.5238
stgcnpp,mixed_mild,3407,3,brushing hair,273,0.9267,0.5201
stgcnpp,mixed_mild,3407,4,drop,275,0.8848,0.4836
stgcnpp,mixed_mild,3407,5,pickup,275,0.9576,0.6836
stgcnpp,mixed_mild,3407,6,throw,275,0.9115,0.5418
stgcnpp,mixed_mild,3407,7,sitting down,273,0.9707,0.8352
stgcnpp,mixed_mild,3407,8,standing up (from sitting position),273,0.9792,0.8828
stgcnpp,mixed_mild,3407,9,clapping,273,0.812,0.5128
stgcnpp,mixed_mild,3407,10,reading,273,0.5873,0.293
stgcnpp,mixed_mild,3407,11,writing,272,0.5907,0.511
stgcnpp,mixed_mild,3407,12,tear up paper,271,0.9139,0.5609
stgcnpp,mixed_mild,3407,13,wear jacket,275,0.983,0.9091
stgcnpp,mixed_mild,3407,14,take off jacket,276,0.9734,0.7609
stgcnpp,mixed_mild,3407,15,wear a shoe,273,0.7131,0.4835
stgcnpp,mixed_mild,3407,16,take off a shoe,274,0.7798,0.5182
stgcnpp,mixed_mild,3407,17,wear on glasses,273,0.9206,0.7399
stgcnpp,mixed_mild,3407,18,take off glasses,274,0.9526,0.6569
stgcnpp,mixed_mild,3407,19,put on a hat/cap,272,0.9681,0.5919
stgcnpp,mixed_mild,3407,20,take off a hat/cap,273,0.9744,0.652
stgcnpp,mixed_mild,3407,21,cheer up,274,0.9367,0.781
stgcnpp,mixed_mild,3407,22,hand waving,274,0.9221,0.6679
stgcnpp,mixed_mild,3407,23,kicking something,276,0.9432,0.6667
stgcnpp,mixed_mild,3407,24,reach into pocket,274,0.8285,0.3978
stgcnpp,mixed_mild,3407,25,hopping (one foot jumping),275,0.9879,0.7891
stgcnpp,mixed_mild,3407,26,jump up,276,0.9988,0.8333
stgcnpp,mixed_mild,3407,27,make a phone call/answer phone,275,0.8933,0.4218
stgcnpp,mixed_mild,3407,28,playing with phone/tablet,275,0.7321,0.2691
stgcnpp,mixed_mild,3407,29,typing on a keyboard,275,0.7309,0.4982
stgcnpp,mixed_mild,3407,30,pointing to something with finger,276,0.7766,0.4348
stgcnpp,mixed_mild,3407,31,taking a selfie,276,0.8925,0.6594
stgcnpp,mixed_mild,3407,32,check time (from watch),276,0.8973,0.5145
stgcnpp,mixed_mild,3407,33,rub two hands together,276,0.8913,0.3804
stgcnpp,mixed_mild,3407,34,nod head/bow,276,0.9674,0.6268
stgcnpp,mixed_mild,3407,35,shake head,275,0.9467,0.2764
stgcnpp,mixed_mild,3407,36,wipe face,276,0.8829,0.337
stgcnpp,mixed_mild,3407,37,salute,276,0.9275,0.5978
stgcnpp,mixed_mild,3407,38,put the palms together,276,0.9348,0.4819
stgcnpp,mixed_mild,3407,39,cross hands in front (say stop),276,0.936,0.6848
stgcnpp,mixed_mild,3407,40,sneeze/cough,276,0.7633,0.3551
stgcnpp,mixed_mild,3407,41,staggering,276,0.9952,0.4058
stgcnpp,mixed_mild,3407,42,falling,275,0.9891,0.8291
stgcnpp,mixed_mild,3407,43,touch head (headache),276,0.8164,0.413
stgcnpp,mixed_mild,3407,44,touch chest (stomachache/heart pain),276,0.9312,0.6304
stgcnpp,mixed_mild,3407,45,touch back (backache),276,0.9312,0.4638
stgcnpp,mixed_mild,3407,46,touch neck (neckache),276,0.843,0.337
stgcnpp,mixed_mild,3407,47,nausea or vomiting condition,275,0.8448,0.5891
stgcnpp,mixed_mild,3407,48,use a fan (with hand or paper)/feeling warm,275,0.9224,0.8764
stgcnpp,mixed_mild,3407,49,punching/slapping other person,274,0.9027,0.3248
stgcnpp,mixed_mild,3407,50,kicking other person,276,0.936,0.4203
stgcnpp,mixed_mild,3407,51,pushing other person,276,0.9601,0.3732
stgcnpp,mixed_mild,3407,52,pat on back of other person,276,0.9239,0.4891
stgcnpp,mixed_mild,3407,53,point finger at the other person,276,0.9058,0.3768
stgcnpp,mixed_mild,3407,54,hugging other person,274,0.983,0.7299
stgcnpp,mixed_mild,3407,55,giving something to other person,276,0.9312,0.4312
stgcnpp,mixed_mild,3407,56,touch other person's pocket,275,0.9394,0.4545
stgcnpp,mixed_mild,3407,57,handshaking,276,0.9577,0.3949
stgcnpp,mixed_mild,3407,58,walking towards each other,273,0.9951,0.4432
stgcnpp,mixed_mild,3407,59,walking apart from each other,276,0.9686,0.8116
stgcnpp,joint_missing_moderate,255,0,drink water,274,0.8637,0.365
stgcnpp,joint_missing_moderate,255,1,eat meal/snack,275,0.7382,0.1127
stgcnpp,joint_missing_moderate,255,2,brushing teeth,273,0.8694,0.011
stgcnpp,joint_missing_moderate,255,3,brushing hair,273,0.9267,0.4359
stgcnpp,joint_missing_moderate,255,4,drop,275,0.8848,0.0036
stgcnpp,joint_missing_moderate,255,5,pickup,275,0.9576,0.0036
stgcnpp,joint_missing_moderate,255,6,throw,275,0.9115,0.0364
stgcnpp,joint_missing_moderate,255,7,sitting down,273,0.9707,0.0842
stgcnpp,joint_missing_moderate,255,8,standing up (from sitting position),273,0.9792,0.2454
stgcnpp,joint_missing_moderate,255,9,clapping,273,0.812,0.0733
stgcnpp,joint_missing_moderate,255,10,reading,273,0.5873,0.0916
stgcnpp,joint_missing_moderate,255,11,writing,272,0.5907,0.0919
stgcnpp,joint_missing_moderate,255,12,tear up paper,271,0.9139,0.0775
stgcnpp,joint_missing_moderate,255,13,wear jacket,275,0.983,0.8873
stgcnpp,joint_missing_moderate,255,14,take off jacket,276,0.9734,0.0833
stgcnpp,joint_missing_moderate,255,15,wear a shoe,273,0.7131,0.1502
stgcnpp,joint_missing_moderate,255,16,take off a shoe,274,0.7798,0.0182
stgcnpp,joint_missing_moderate,255,17,wear on glasses,273,0.9206,0.2381
stgcnpp,joint_missing_moderate,255,18,take off glasses,274,0.9526,0.146
stgcnpp,joint_missing_moderate,255,19,put on a hat/cap,272,0.9681,0.1691
stgcnpp,joint_missing_moderate,255,20,take off a hat/cap,273,0.9744,0.1355
stgcnpp,joint_missing_moderate,255,21,cheer up,274,0.9367,0.0985
stgcnpp,joint_missing_moderate,255,22,hand waving,274,0.9221,0.0766
stgcnpp,joint_missing_moderate,255,23,kicking something,276,0.9432,0.0
stgcnpp,joint_missing_moderate,255,24,reach into pocket,274,0.8285,0.0
stgcnpp,joint_missing_moderate,255,25,hopping (one foot jumping),275,0.9879,0.0255
stgcnpp,joint_missing_moderate,255,26,jump up,276,0.9988,0.0
stgcnpp,joint_missing_moderate,255,27,make a phone call/answer phone,275,0.8933,0.0836
stgcnpp,joint_missing_moderate,255,28,playing with phone/tablet,275,0.7321,0.7309
stgcnpp,joint_missing_moderate,255,29,typing on a keyboard,275,0.7309,0.4218
stgcnpp,joint_missing_moderate,255,30,pointing to something with finger,276,0.7766,0.029
stgcnpp,joint_missing_moderate,255,31,taking a selfie,276,0.8925,0.3877
stgcnpp,joint_missing_moderate,255,32,check time (from watch),276,0.8973,0.029
stgcnpp,joint_missing_moderate,255,33,rub two hands together,276,0.8913,0.2862
stgcnpp,joint_missing_moderate,255,34,nod head/bow,276,0.9674,0.1522
stgcnpp,joint_missing_moderate,255,35,shake head,275,0.9467,0.0
stgcnpp,joint_missing_moderate,255,36,wipe face,276,0.8829,0.2065
stgcnpp,joint_missing_moderate,255,37,salute,276,0.9275,0.0254
stgcnpp,joint_missing_moderate,255,38,put the palms together,276,0.9348,0.0978
stgcnpp,joint_missing_moderate,255,39,cross hands in front (say stop),276,0.936,0.3188
stgcnpp,joint_missing_moderate,255,40,sneeze/cough,276,0.7633,0.0
stgcnpp,joint_missing_moderate,255,41,staggering,276,0.9952,0.0
stgcnpp,joint_missing_moderate,255,42,falling,275,0.9891,0.0145
stgcnpp,joint_missing_moderate,255,43,touch head (headache),276,0.8164,0.0326
stgcnpp,joint_missing_moderate,255,44,touch chest (stomachache/heart pain),276,0.9312,0.5109
stgcnpp,joint_missing_moderate,255,45,touch back (backache),276,0.9312,0.0036
stgcnpp,joint_missing_moderate,255,46,touch neck (neckache),276,0.843,0.1304
stgcnpp,joint_missing_moderate,255,47,nausea or vomiting condition,275,0.8448,0.6218
stgcnpp,joint_missing_moderate,255,48,use a fan (with hand or paper)/feeling warm,275,0.9224,0.7455
stgcnpp,joint_missing_moderate,255,49,punching/slapping other person,274,0.9027,0.0
stgcnpp,joint_missing_moderate,255,50,kicking other person,276,0.936,0.0
stgcnpp,joint_missing_moderate,255,51,pushing other person,276,0.9601,0.0
stgcnpp,joint_missing_moderate,255,52,pat on back of other person,276,0.9239,0.1957
stgcnpp,joint_missing_moderate,255,53,point finger at the other person,276,0.9058,0.0
stgcnpp,joint_missing_moderate,255,54,hugging other person,274,0.983,0.9088
stgcnpp,joint_missing_moderate,255,55,giving something to other person,276,0.9312,0.0362
stgcnpp,joint_missing_moderate,255,56,touch other person's pocket,275,0.9394,0.0145
stgcnpp,joint_missing_moderate,255,57,handshaking,276,0.9577,0.0145
stgcnpp,joint_missing_moderate,255,58,walking towards each other,273,0.9951,0.0073
stgcnpp,joint_missing_moderate,255,59,walking apart from each other,276,0.9686,0.058
stgcnpp,joint_missing_moderate,2026,0,drink water,274,0.8637,0.2263
stgcnpp,joint_missing_moderate,2026,1,eat meal/snack,275,0.7382,0.2291
stgcnpp,joint_missing_moderate,2026,2,brushing teeth,273,0.8694,0.3407
stgcnpp,joint_missing_moderate,2026,3,brushing hair,273,0.9267,0.0952
stgcnpp,joint_missing_moderate,2026,4,drop,275,0.8848,0.0036
stgcnpp,joint_missing_moderate,2026,5,pickup,275,0.9576,0.0764
stgcnpp,joint_missing_moderate,2026,6,throw,275,0.9115,0.1309
stgcnpp,joint_missing_moderate,2026,7,sitting down,273,0.9707,0.044
stgcnpp,joint_missing_moderate,2026,8,standing up (from sitting position),273,0.9792,0.6227
stgcnpp,joint_missing_moderate,2026,9,clapping,273,0.812,0.0842
stgcnpp,joint_missing_moderate,2026,10,reading,273,0.5873,0.0806
stgcnpp,joint_missing_moderate,2026,11,writing,272,0.5907,0.1507
stgcnpp,joint_missing_moderate,2026,12,tear up paper,271,0.9139,0.0221
stgcnpp,joint_missing_moderate,2026,13,wear jacket,275,0.983,0.88
stgcnpp,joint_missing_moderate,2026,14,take off jacket,276,0.9734,0.2609
stgcnpp,joint_missing_moderate,2026,15,wear a shoe,273,0.7131,0.3773
stgcnpp,joint_missing_moderate,2026,16,take off a shoe,274,0.7798,0.0474
stgcnpp,joint_missing_moderate,2026,17,wear on glasses,273,0.9206,0.2308
stgcnpp,joint_missing_moderate,2026,18,take off glasses,274,0.9526,0.135
stgcnpp,joint_missing_moderate,2026,19,put on a hat/cap,272,0.9681,0.4375
stgcnpp,joint_missing_moderate,2026,20,take off a hat/cap,273,0.9744,0.2967
stgcnpp,joint_missing_moderate,2026,21,cheer up,274,0.9367,0.3723
stgcnpp,joint_missing_moderate,2026,22,hand waving,274,0.9221,0.438
stgcnpp,joint_missing_moderate,2026,23,kicking something,276,0.9432,0.0036
stgcnpp,joint_missing_moderate,2026,24,reach into pocket,274,0.8285,0.0985
stgcnpp,joint_missing_moderate,2026,25,hopping (one foot jumping),275,0.9879,0.0255
stgcnpp,joint_missing_moderate,2026,26,jump up,276,0.9988,0.0326
stgcnpp,joint_missing_moderate,2026,27,make a phone call/answer phone,275,0.8933,0.0473
stgcnpp,joint_missing_moderate,2026,28,playing with phone/tablet,275,0.7321,0.1564
stgcnpp,joint_missing_moderate,2026,29,typing on a keyboard,275,0.7309,0.7055
stgcnpp,joint_missing_moderate,2026,30,pointing to something with finger,276,0.7766,0.221
stgcnpp,joint_missing_moderate,2026,31,taking a selfie,276,0.8925,0.6848
stgcnpp,joint_missing_moderate,2026,32,check time (from watch),276,0.8973,0.0145
stgcnpp,joint_missing_moderate,2026,33,rub two hands together,276,0.8913,0.2355
stgcnpp,joint_missing_moderate,2026,34,nod head/bow,276,0.9674,0.5761
stgcnpp,joint_missing_moderate,2026,35,shake head,275,0.9467,0.0436
stgcnpp,joint_missing_moderate,2026,36,wipe face,276,0.8829,0.7138
stgcnpp,joint_missing_moderate,2026,37,salute,276,0.9275,0.1558
stgcnpp,joint_missing_moderate,2026,38,put the palms together,276,0.9348,0.0507
stgcnpp,joint_missing_moderate,2026,39,cross hands in front (say stop),276,0.936,0.3986
stgcnpp,joint_missing_moderate,2026,40,sneeze/cough,276,0.7633,0.1413
stgcnpp,joint_missing_moderate,2026,41,staggering,276,0.9952,0.0
stgcnpp,joint_missing_moderate,2026,42,falling,275,0.9891,0.0073
stgcnpp,joint_missing_moderate,2026,43,touch head (headache),276,0.8164,0.029
stgcnpp,joint_missing_moderate,2026,44,touch chest (stomachache/heart pain),276,0.9312,0.2065
stgcnpp,joint_missing_moderate,2026,45,touch back (backache),276,0.9312,0.2174
stgcnpp,joint_missing_moderate,2026,46,touch neck (neckache),276,0.843,0.0036
stgcnpp,joint_missing_moderate,2026,47,nausea or vomiting condition,275,0.8448,0.6909
stgcnpp,joint_missing_moderate,2026,48,use a fan (with hand or paper)/feeling warm,275,0.9224,0.8145
stgcnpp,joint_missing_moderate,2026,49,punching/slapping other person,274,0.9027,0.0
stgcnpp,joint_missing_moderate,2026,50,kicking other person,276,0.936,0.0
stgcnpp,joint_missing_moderate,2026,51,pushing other person,276,0.9601,0.0036
stgcnpp,joint_missing_moderate,2026,52,pat on back of other person,276,0.9239,0.1087
stgcnpp,joint_missing_moderate,2026,53,point finger at the other person,276,0.9058,0.0109
stgcnpp,joint_missing_moderate,2026,54,hugging other person,274,0.983,0.6569
stgcnpp,joint_missing_moderate,2026,55,giving something to other person,276,0.9312,0.0036
stgcnpp,joint_missing_moderate,2026,56,touch other person's pocket,275,0.9394,0.6473
stgcnpp,joint_missing_moderate,2026,57,handshaking,276,0.9577,0.4022
stgcnpp,joint_missing_moderate,2026,58,walking towards each other,273,0.9951,0.0513
stgcnpp,joint_missing_moderate,2026,59,walking apart from each other,276,0.9686,0.0181
stgcnpp,joint_missing_moderate,3407,0,drink water,274,0.8637,0.2774
stgcnpp,joint_missing_moderate,3407,1,eat meal/snack,275,0.7382,0.2182
stgcnpp,joint_missing_moderate,3407,2,brushing teeth,273,0.8694,0.1612
stgcnpp,joint_missing_moderate,3407,3,brushing hair,273,0.9267,0.381
stgcnpp,joint_missing_moderate,3407,4,drop,275,0.8848,0.04
stgcnpp,joint_missing_moderate,3407,5,pickup,275,0.9576,0.3273
stgcnpp,joint_missing_moderate,3407,6,throw,275,0.9115,0.0764
stgcnpp,joint_missing_moderate,3407,7,sitting down,273,0.9707,0.3846
stgcnpp,joint_missing_moderate,3407,8,standing up (from sitting position),273,0.9792,0.5311
stgcnpp,joint_missing_moderate,3407,9,clapping,273,0.812,0.2711
stgcnpp,joint_missing_moderate,3407,10,reading,273,0.5873,0.0916
stgcnpp,joint_missing_moderate,3407,11,writing,272,0.5907,0.5478
stgcnpp,joint_missing_moderate,3407,12,tear up paper,271,0.9139,0.1808
stgcnpp,joint_missing_moderate,3407,13,wear jacket,275,0.983,0.9345
stgcnpp,joint_missing_moderate,3407,14,take off jacket,276,0.9734,0.7065
stgcnpp,joint_missing_moderate,3407,15,wear a shoe,273,0.7131,0.4725
stgcnpp,joint_missing_moderate,3407,16,take off a shoe,274,0.7798,0.1095
stgcnpp,joint_missing_moderate,3407,17,wear on glasses,273,0.9206,0.4103
stgcnpp,joint_missing_moderate,3407,18,take off glasses,274,0.9526,0.3321
stgcnpp,joint_missing_moderate,3407,19,put on a hat/cap,272,0.9681,0.2868
stgcnpp,joint_missing_moderate,3407,20,take off a hat/cap,273,0.9744,0.3553
stgcnpp,joint_missing_moderate,3407,21,cheer up,274,0.9367,0.208
stgcnpp,joint_missing_moderate,3407,22,hand waving,274,0.9221,0.4562
stgcnpp,joint_missing_moderate,3407,23,kicking something,276,0.9432,0.0435
stgcnpp,joint_missing_moderate,3407,24,reach into pocket,274,0.8285,0.1715
stgcnpp,joint_missing_moderate,3407,25,hopping (one foot jumping),275,0.9879,0.1527
stgcnpp,joint_missing_moderate,3407,26,jump up,276,0.9988,0.4094
stgcnpp,joint_missing_moderate,3407,27,make a phone call/answer phone,275,0.8933,0.1309
stgcnpp,joint_missing_moderate,3407,28,playing with phone/tablet,275,0.7321,0.1164
stgcnpp,joint_missing_moderate,3407,29,typing on a keyboard,275,0.7309,0.3709
stgcnpp,joint_missing_moderate,3407,30,pointing to something with finger,276,0.7766,0.0761
stgcnpp,joint_missing_moderate,3407,31,taking a selfie,276,0.8925,0.3949
stgcnpp,joint_missing_moderate,3407,32,check time (from watch),276,0.8973,0.0652
stgcnpp,joint_missing_moderate,3407,33,rub two hands together,276,0.8913,0.163
stgcnpp,joint_missing_moderate,3407,34,nod head/bow,276,0.9674,0.3225
stgcnpp,joint_missing_moderate,3407,35,shake head,275,0.9467,0.0036
stgcnpp,joint_missing_moderate,3407,36,wipe face,276,0.8829,0.3442
stgcnpp,joint_missing_moderate,3407,37,salute,276,0.9275,0.2283
stgcnpp,joint_missing_moderate,3407,38,put the palms together,276,0.9348,0.1667
stgcnpp,joint_missing_moderate,3407,39,cross hands in front (say stop),276,0.936,0.4855
stgcnpp,joint_missing_moderate,3407,40,sneeze/cough,276,0.7633,0.1123
stgcnpp,joint_missing_moderate,3407,41,staggering,276,0.9952,0.0
stgcnpp,joint_missing_moderate,3407,42,falling,275,0.9891,0.3273
stgcnpp,joint_missing_moderate,3407,43,touch head (headache),276,0.8164,0.0507
stgcnpp,joint_missing_moderate,3407,44,touch chest (stomachache/heart pain),276,0.9312,0.4819
stgcnpp,joint_missing_moderate,3407,45,touch back (backache),276,0.9312,0.0362
stgcnpp,joint_missing_moderate,3407,46,touch neck (neckache),276,0.843,0.0507
stgcnpp,joint_missing_moderate,3407,47,nausea or vomiting condition,275,0.8448,0.6036
stgcnpp,joint_missing_moderate,3407,48,use a fan (with hand or paper)/feeling warm,275,0.9224,0.9091
stgcnpp,joint_missing_moderate,3407,49,punching/slapping other person,274,0.9027,0.0036
stgcnpp,joint_missing_moderate,3407,50,kicking other person,276,0.936,0.0036
stgcnpp,joint_missing_moderate,3407,51,pushing other person,276,0.9601,0.0
stgcnpp,joint_missing_moderate,3407,52,pat on back of other person,276,0.9239,0.0254
stgcnpp,joint_missing_moderate,3407,53,point finger at the other person,276,0.9058,0.0543
stgcnpp,joint_missing_moderate,3407,54,hugging other person,274,0.983,0.2664
stgcnpp,joint_missing_moderate,3407,55,giving something to other person,276,0.9312,0.0072
stgcnpp,joint_missing_moderate,3407,56,touch other person's pocket,275,0.9394,0.04
stgcnpp,joint_missing_moderate,3407,57,handshaking,276,0.9577,0.0181
stgcnpp,joint_missing_moderate,3407,58,walking towards each other,273,0.9951,0.0586
stgcnpp,joint_missing_moderate,3407,59,walking apart from each other,276,0.9686,0.6993
stgcnpp,limb_occlusion_moderate,255,0,drink water,274,0.8637,0.5803
stgcnpp,limb_occlusion_moderate,255,1,eat meal/snack,275,0.7382,0.4545
stgcnpp,limb_occlusion_moderate,255,2,brushing teeth,273,0.8694,0.4872
stgcnpp,limb_occlusion_moderate,255,3,brushing hair,273,0.9267,0.6447
stgcnpp,limb_occlusion_moderate,255,4,drop,275,0.8848,0.6255
stgcnpp,limb_occlusion_moderate,255,5,pickup,275,0.9576,0.4436
stgcnpp,limb_occlusion_moderate,255,6,throw,275,0.9115,0.6218
stgcnpp,limb_occlusion_moderate,255,7,sitting down,273,0.9707,0.663
stgcnpp,limb_occlusion_moderate,255,8,standing up (from sitting position),273,0.9792,0.6593
stgcnpp,limb_occlusion_moderate,255,9,clapping,273,0.812,0.4432
stgcnpp,limb_occlusion_moderate,255,10,reading,273,0.5873,0.5165
stgcnpp,limb_occlusion_moderate,255,11,writing,272,0.5907,0.4301
stgcnpp,limb_occlusion_moderate,255,12,tear up paper,271,0.9139,0.5092
stgcnpp,limb_occlusion_moderate,255,13,wear jacket,275,0.983,0.6618
stgcnpp,limb_occlusion_moderate,255,14,take off jacket,276,0.9734,0.7536
stgcnpp,limb_occlusion_moderate,255,15,wear a shoe,273,0.7131,0.2308
stgcnpp,limb_occlusion_moderate,255,16,take off a shoe,274,0.7798,0.5073
stgcnpp,limb_occlusion_moderate,255,17,wear on glasses,273,0.9206,0.6923
stgcnpp,limb_occlusion_moderate,255,18,take off glasses,274,0.9526,0.7299
stgcnpp,limb_occlusion_moderate,255,19,put on a hat/cap,272,0.9681,0.614
stgcnpp,limb_occlusion_moderate,255,20,take off a hat/cap,273,0.9744,0.6484
stgcnpp,limb_occlusion_moderate,255,21,cheer up,274,0.9367,0.6058
stgcnpp,limb_occlusion_moderate,255,22,hand waving,274,0.9221,0.6387
stgcnpp,limb_occlusion_moderate,255,23,kicking something,276,0.9432,0.7717
stgcnpp,limb_occlusion_moderate,255,24,reach into pocket,274,0.8285,0.5766
stgcnpp,limb_occlusion_moderate,255,25,hopping (one foot jumping),275,0.9879,0.7818
stgcnpp,limb_occlusion_moderate,255,26,jump up,276,0.9988,0.6848
stgcnpp,limb_occlusion_moderate,255,27,make a phone call/answer phone,275,0.8933,0.5782
stgcnpp,limb_occlusion_moderate,255,28,playing with phone/tablet,275,0.7321,0.5127
stgcnpp,limb_occlusion_moderate,255,29,typing on a keyboard,275,0.7309,0.4945
stgcnpp,limb_occlusion_moderate,255,30,pointing to something with finger,276,0.7766,0.4928
stgcnpp,limb_occlusion_moderate,255,31,taking a selfie,276,0.8925,0.5761
stgcnpp,limb_occlusion_moderate,255,32,check time (from watch),276,0.8973,0.5217
stgcnpp,limb_occlusion_moderate,255,33,rub two hands together,276,0.8913,0.5652
stgcnpp,limb_occlusion_moderate,255,34,nod head/bow,276,0.9674,0.5688
stgcnpp,limb_occlusion_moderate,255,35,shake head,275,0.9467,0.5782
stgcnpp,limb_occlusion_moderate,255,36,wipe face,276,0.8829,0.4819
stgcnpp,limb_occlusion_moderate,255,37,salute,276,0.9275,0.5435
stgcnpp,limb_occlusion_moderate,255,38,put the palms together,276,0.9348,0.5797
stgcnpp,limb_occlusion_moderate,255,39,cross hands in front (say stop),276,0.936,0.3551
stgcnpp,limb_occlusion_moderate,255,40,sneeze/cough,276,0.7633,0.413
stgcnpp,limb_occlusion_moderate,255,41,staggering,276,0.9952,0.5254
stgcnpp,limb_occlusion_moderate,255,42,falling,275,0.9891,0.64
stgcnpp,limb_occlusion_moderate,255,43,touch head (headache),276,0.8164,0.4783
stgcnpp,limb_occlusion_moderate,255,44,touch chest (stomachache/heart pain),276,0.9312,0.6667
stgcnpp,limb_occlusion_moderate,255,45,touch back (backache),276,0.9312,0.7283
stgcnpp,limb_occlusion_moderate,255,46,touch neck (neckache),276,0.843,0.5362
stgcnpp,limb_occlusion_moderate,255,47,nausea or vomiting condition,275,0.8448,0.3673
stgcnpp,limb_occlusion_moderate,255,48,use a fan (with hand or paper)/feeling warm,275,0.9224,0.6145
stgcnpp,limb_occlusion_moderate,255,49,punching/slapping other person,274,0.9027,0.5109
stgcnpp,limb_occlusion_moderate,255,50,kicking other person,276,0.936,0.5688
stgcnpp,limb_occlusion_moderate,255,51,pushing other person,276,0.9601,0.6413
stgcnpp,limb_occlusion_moderate,255,52,pat on back of other person,276,0.9239,0.7536
stgcnpp,limb_occlusion_moderate,255,53,point finger at the other person,276,0.9058,0.3986
stgcnpp,limb_occlusion_moderate,255,54,hugging other person,274,0.983,0.7883
stgcnpp,limb_occlusion_moderate,255,55,giving something to other person,276,0.9312,0.5942
stgcnpp,limb_occlusion_moderate,255,56,touch other person's pocket,275,0.9394,0.7236
stgcnpp,limb_occlusion_moderate,255,57,handshaking,276,0.9577,0.6087
stgcnpp,limb_occlusion_moderate,255,58,walking towards each other,273,0.9951,0.4029
stgcnpp,limb_occlusion_moderate,255,59,walking apart from each other,276,0.9686,0.9457
stgcnpp,limb_occlusion_moderate,2026,0,drink water,274,0.8637,0.5693
stgcnpp,limb_occlusion_moderate,2026,1,eat meal/snack,275,0.7382,0.4509
stgcnpp,limb_occlusion_moderate,2026,2,brushing teeth,273,0.8694,0.4835
stgcnpp,limb_occlusion_moderate,2026,3,brushing hair,273,0.9267,0.6337
stgcnpp,limb_occlusion_moderate,2026,4,drop,275,0.8848,0.5673
stgcnpp,limb_occlusion_moderate,2026,5,pickup,275,0.9576,0.5709
stgcnpp,limb_occlusion_moderate,2026,6,throw,275,0.9115,0.5891
stgcnpp,limb_occlusion_moderate,2026,7,sitting down,273,0.9707,0.6264
stgcnpp,limb_occlusion_moderate,2026,8,standing up (from sitting position),273,0.9792,0.7912
stgcnpp,limb_occlusion_moderate,2026,9,clapping,273,0.812,0.4725
stgcnpp,limb_occlusion_moderate,2026,10,reading,273,0.5873,0.4322
stgcnpp,limb_occlusion_moderate,2026,11,writing,272,0.5907,0.4853
stgcnpp,limb_occlusion_moderate,2026,12,tear up paper,271,0.9139,0.5572
stgcnpp,limb_occlusion_moderate,2026,13,wear jacket,275,0.983,0.6982
stgcnpp,limb_occlusion_moderate,2026,14,take off jacket,276,0.9734,0.7717
stgcnpp,limb_occlusion_moderate,2026,15,wear a shoe,273,0.7131,0.4359
stgcnpp,limb_occlusion_moderate,2026,16,take off a shoe,274,0.7798,0.562
stgcnpp,limb_occlusion_moderate,2026,17,wear on glasses,273,0.9206,0.663
stgcnpp,limb_occlusion_moderate,2026,18,take off glasses,274,0.9526,0.7299
stgcnpp,limb_occlusion_moderate,2026,19,put on a hat/cap,272,0.9681,0.5368
stgcnpp,limb_occlusion_moderate,2026,20,take off a hat/cap,273,0.9744,0.6703
stgcnpp,limb_occlusion_moderate,2026,21,cheer up,274,0.9367,0.5401
stgcnpp,limb_occlusion_moderate,2026,22,hand waving,274,0.9221,0.6168
stgcnpp,limb_occlusion_moderate,2026,23,kicking something,276,0.9432,0.7391
stgcnpp,limb_occlusion_moderate,2026,24,reach into pocket,274,0.8285,0.6314
stgcnpp,limb_occlusion_moderate,2026,25,hopping (one foot jumping),275,0.9879,0.8545
stgcnpp,limb_occlusion_moderate,2026,26,jump up,276,0.9988,0.6522
stgcnpp,limb_occlusion_moderate,2026,27,make a phone call/answer phone,275,0.8933,0.5782
stgcnpp,limb_occlusion_moderate,2026,28,playing with phone/tablet,275,0.7321,0.44
stgcnpp,limb_occlusion_moderate,2026,29,typing on a keyboard,275,0.7309,0.5527
stgcnpp,limb_occlusion_moderate,2026,30,pointing to something with finger,276,0.7766,0.4964
stgcnpp,limb_occlusion_moderate,2026,31,taking a selfie,276,0.8925,0.6268
stgcnpp,limb_occlusion_moderate,2026,32,check time (from watch),276,0.8973,0.4964
stgcnpp,limb_occlusion_moderate,2026,33,rub two hands together,276,0.8913,0.4928
stgcnpp,limb_occlusion_moderate,2026,34,nod head/bow,276,0.9674,0.5725
stgcnpp,limb_occlusion_moderate,2026,35,shake head,275,0.9467,0.5891
stgcnpp,limb_occlusion_moderate,2026,36,wipe face,276,0.8829,0.4312
stgcnpp,limb_occlusion_moderate,2026,37,salute,276,0.9275,0.5217
stgcnpp,limb_occlusion_moderate,2026,38,put the palms together,276,0.9348,0.4928
stgcnpp,limb_occlusion_moderate,2026,39,cross hands in front (say stop),276,0.936,0.2862
stgcnpp,limb_occlusion_moderate,2026,40,sneeze/cough,276,0.7633,0.3551
stgcnpp,limb_occlusion_moderate,2026,41,staggering,276,0.9952,0.4746
stgcnpp,limb_occlusion_moderate,2026,42,falling,275,0.9891,0.76
stgcnpp,limb_occlusion_moderate,2026,43,touch head (headache),276,0.8164,0.4348
stgcnpp,limb_occlusion_moderate,2026,44,touch chest (stomachache/heart pain),276,0.9312,0.6957
stgcnpp,limb_occlusion_moderate,2026,45,touch back (backache),276,0.9312,0.7464
stgcnpp,limb_occlusion_moderate,2026,46,touch neck (neckache),276,0.843,0.5362
stgcnpp,limb_occlusion_moderate,2026,47,nausea or vomiting condition,275,0.8448,0.36
stgcnpp,limb_occlusion_moderate,2026,48,use a fan (with hand or paper)/feeling warm,275,0.9224,0.6291
stgcnpp,limb_occlusion_moderate,2026,49,punching/slapping other person,274,0.9027,0.5584
stgcnpp,limb_occlusion_moderate,2026,50,kicking other person,276,0.936,0.7029
stgcnpp,limb_occlusion_moderate,2026,51,pushing other person,276,0.9601,0.5942
stgcnpp,limb_occlusion_moderate,2026,52,pat on back of other person,276,0.9239,0.6739
stgcnpp,limb_occlusion_moderate,2026,53,point finger at the other person,276,0.9058,0.3696
stgcnpp,limb_occlusion_moderate,2026,54,hugging other person,274,0.983,0.8102
stgcnpp,limb_occlusion_moderate,2026,55,giving something to other person,276,0.9312,0.6232
stgcnpp,limb_occlusion_moderate,2026,56,touch other person's pocket,275,0.9394,0.7709
stgcnpp,limb_occlusion_moderate,2026,57,handshaking,276,0.9577,0.6449
stgcnpp,limb_occlusion_moderate,2026,58,walking towards each other,273,0.9951,0.5165
stgcnpp,limb_occlusion_moderate,2026,59,walking apart from each other,276,0.9686,0.7609
stgcnpp,limb_occlusion_moderate,3407,0,drink water,274,0.8637,0.5365
stgcnpp,limb_occlusion_moderate,3407,1,eat meal/snack,275,0.7382,0.4364
stgcnpp,limb_occlusion_moderate,3407,2,brushing teeth,273,0.8694,0.4835
stgcnpp,limb_occlusion_moderate,3407,3,brushing hair,273,0.9267,0.6557
stgcnpp,limb_occlusion_moderate,3407,4,drop,275,0.8848,0.5309
stgcnpp,limb_occlusion_moderate,3407,5,pickup,275,0.9576,0.4473
stgcnpp,limb_occlusion_moderate,3407,6,throw,275,0.9115,0.5818
stgcnpp,limb_occlusion_moderate,3407,7,sitting down,273,0.9707,0.7582
stgcnpp,limb_occlusion_moderate,3407,8,standing up (from sitting position),273,0.9792,0.9341
stgcnpp,limb_occlusion_moderate,3407,9,clapping,273,0.812,0.4835
stgcnpp,limb_occlusion_moderate,3407,10,reading,273,0.5873,0.5165
stgcnpp,limb_occlusion_moderate,3407,11,writing,272,0.5907,0.4963
stgcnpp,limb_occlusion_moderate,3407,12,tear up paper,271,0.9139,0.5166
stgcnpp,limb_occlusion_moderate,3407,13,wear jacket,275,0.983,0.7782
stgcnpp,limb_occlusion_moderate,3407,14,take off jacket,276,0.9734,0.7138
stgcnpp,limb_occlusion_moderate,3407,15,wear a shoe,273,0.7131,0.3993
stgcnpp,limb_occlusion_moderate,3407,16,take off a shoe,274,0.7798,0.5766
stgcnpp,limb_occlusion_moderate,3407,17,wear on glasses,273,0.9206,0.6996
stgcnpp,limb_occlusion_moderate,3407,18,take off glasses,274,0.9526,0.7372
stgcnpp,limb_occlusion_moderate,3407,19,put on a hat/cap,272,0.9681,0.6875
stgcnpp,limb_occlusion_moderate,3407,20,take off a hat/cap,273,0.9744,0.6777
stgcnpp,limb_occlusion_moderate,3407,21,cheer up,274,0.9367,0.6277
stgcnpp,limb_occlusion_moderate,3407,22,hand waving,274,0.9221,0.646
stgcnpp,limb_occlusion_moderate,3407,23,kicking something,276,0.9432,0.7645
stgcnpp,limb_occlusion_moderate,3407,24,reach into pocket,274,0.8285,0.5839
stgcnpp,limb_occlusion_moderate,3407,25,hopping (one foot jumping),275,0.9879,0.9673
stgcnpp,limb_occlusion_moderate,3407,26,jump up,276,0.9988,0.837
stgcnpp,limb_occlusion_moderate,3407,27,make a phone call/answer phone,275,0.8933,0.5891
stgcnpp,limb_occlusion_moderate,3407,28,playing with phone/tablet,275,0.7321,0.4436
stgcnpp,limb_occlusion_moderate,3407,29,typing on a keyboard,275,0.7309,0.5309
stgcnpp,limb_occlusion_moderate,3407,30,pointing to something with finger,276,0.7766,0.4928
stgcnpp,limb_occlusion_moderate,3407,31,taking a selfie,276,0.8925,0.5797
stgcnpp,limb_occlusion_moderate,3407,32,check time (from watch),276,0.8973,0.4964
stgcnpp,limb_occlusion_moderate,3407,33,rub two hands together,276,0.8913,0.5942
stgcnpp,limb_occlusion_moderate,3407,34,nod head/bow,276,0.9674,0.5652
stgcnpp,limb_occlusion_moderate,3407,35,shake head,275,0.9467,0.5782
stgcnpp,limb_occlusion_moderate,3407,36,wipe face,276,0.8829,0.4601
stgcnpp,limb_occlusion_moderate,3407,37,salute,276,0.9275,0.5072
stgcnpp,limb_occlusion_moderate,3407,38,put the palms together,276,0.9348,0.4746
stgcnpp,limb_occlusion_moderate,3407,39,cross hands in front (say stop),276,0.936,0.337
stgcnpp,limb_occlusion_moderate,3407,40,sneeze/cough,276,0.7633,0.3297
stgcnpp,limb_occlusion_moderate,3407,41,staggering,276,0.9952,0.4855
stgcnpp,limb_occlusion_moderate,3407,42,falling,275,0.9891,0.6727
stgcnpp,limb_occlusion_moderate,3407,43,touch head (headache),276,0.8164,0.4348
stgcnpp,limb_occlusion_moderate,3407,44,touch chest (stomachache/heart pain),276,0.9312,0.6848
stgcnpp,limb_occlusion_moderate,3407,45,touch back (backache),276,0.9312,0.7899
stgcnpp,limb_occlusion_moderate,3407,46,touch neck (neckache),276,0.843,0.558
stgcnpp,limb_occlusion_moderate,3407,47,nausea or vomiting condition,275,0.8448,0.3964
stgcnpp,limb_occlusion_moderate,3407,48,use a fan (with hand or paper)/feeling warm,275,0.9224,0.6255
stgcnpp,limb_occlusion_moderate,3407,49,punching/slapping other person,274,0.9027,0.4416
stgcnpp,limb_occlusion_moderate,3407,50,kicking other person,276,0.936,0.5942
stgcnpp,limb_occlusion_moderate,3407,51,pushing other person,276,0.9601,0.7029
stgcnpp,limb_occlusion_moderate,3407,52,pat on back of other person,276,0.9239,0.6993
stgcnpp,limb_occlusion_moderate,3407,53,point finger at the other person,276,0.9058,0.2319
stgcnpp,limb_occlusion_moderate,3407,54,hugging other person,274,0.983,0.8175
stgcnpp,limb_occlusion_moderate,3407,55,giving something to other person,276,0.9312,0.6159
stgcnpp,limb_occlusion_moderate,3407,56,touch other person's pocket,275,0.9394,0.68
stgcnpp,limb_occlusion_moderate,3407,57,handshaking,276,0.9577,0.6087
stgcnpp,limb_occlusion_moderate,3407,58,walking towards each other,273,0.9951,0.5714
stgcnpp,limb_occlusion_moderate,3407,59,walking apart from each other,276,0.9686,0.7717
stgcnpp,coord_noise_moderate,255,0,drink water,274,0.8637,0.0
stgcnpp,coord_noise_moderate,255,1,eat meal/snack,275,0.7382,0.0109
stgcnpp,coord_noise_moderate,255,2,brushing teeth,273,0.8694,0.0
stgcnpp,coord_noise_moderate,255,3,brushing hair,273,0.9267,0.2161
stgcnpp,coord_noise_moderate,255,4,drop,275,0.8848,0.0255
stgcnpp,coord_noise_moderate,255,5,pickup,275,0.9576,0.7455
stgcnpp,coord_noise_moderate,255,6,throw,275,0.9115,0.0909
stgcnpp,coord_noise_moderate,255,7,sitting down,273,0.9707,0.9011
stgcnpp,coord_noise_moderate,255,8,standing up (from sitting position),273,0.9792,0.4212
stgcnpp,coord_noise_moderate,255,9,clapping,273,0.812,0.0073
stgcnpp,coord_noise_moderate,255,10,reading,273,0.5873,0.0073
stgcnpp,coord_noise_moderate,255,11,writing,272,0.5907,0.0515
stgcnpp,coord_noise_moderate,255,12,tear up paper,271,0.9139,0.0
stgcnpp,coord_noise_moderate,255,13,wear jacket,275,0.983,0.7673
stgcnpp,coord_noise_moderate,255,14,take off jacket,276,0.9734,0.0471
stgcnpp,coord_noise_moderate,255,15,wear a shoe,273,0.7131,0.3883
stgcnpp,coord_noise_moderate,255,16,take off a shoe,274,0.7798,0.2737
stgcnpp,coord_noise_moderate,255,17,wear on glasses,273,0.9206,0.0073
stgcnpp,coord_noise_moderate,255,18,take off glasses,274,0.9526,0.0182
stgcnpp,coord_noise_moderate,255,19,put on a hat/cap,272,0.9681,0.0221
stgcnpp,coord_noise_moderate,255,20,take off a hat/cap,273,0.9744,0.0073
stgcnpp,coord_noise_moderate,255,21,cheer up,274,0.9367,0.1131
stgcnpp,coord_noise_moderate,255,22,hand waving,274,0.9221,0.1825
stgcnpp,coord_noise_moderate,255,23,kicking something,276,0.9432,0.2138
stgcnpp,coord_noise_moderate,255,24,reach into pocket,274,0.8285,0.0
stgcnpp,coord_noise_moderate,255,25,hopping (one foot jumping),275,0.9879,0.0036
stgcnpp,coord_noise_moderate,255,26,jump up,276,0.9988,0.0507
stgcnpp,coord_noise_moderate,255,27,make a phone call/answer phone,275,0.8933,0.0
stgcnpp,coord_noise_moderate,255,28,playing with phone/tablet,275,0.7321,0.04
stgcnpp,coord_noise_moderate,255,29,typing on a keyboard,275,0.7309,0.4255
stgcnpp,coord_noise_moderate,255,30,pointing to something with finger,276,0.7766,0.087
stgcnpp,coord_noise_moderate,255,31,taking a selfie,276,0.8925,0.3007
stgcnpp,coord_noise_moderate,255,32,check time (from watch),276,0.8973,0.0217
stgcnpp,coord_noise_moderate,255,33,rub two hands together,276,0.8913,0.0036
stgcnpp,coord_noise_moderate,255,34,nod head/bow,276,0.9674,0.5906
stgcnpp,coord_noise_moderate,255,35,shake head,275,0.9467,0.0073
stgcnpp,coord_noise_moderate,255,36,wipe face,276,0.8829,0.0
stgcnpp,coord_noise_moderate,255,37,salute,276,0.9275,0.1087
stgcnpp,coord_noise_moderate,255,38,put the palms together,276,0.9348,0.0399
stgcnpp,coord_noise_moderate,255,39,cross hands in front (say stop),276,0.936,0.0399
stgcnpp,coord_noise_moderate,255,40,sneeze/cough,276,0.7633,0.0
stgcnpp,coord_noise_moderate,255,41,staggering,276,0.9952,0.1196
stgcnpp,coord_noise_moderate,255,42,falling,275,0.9891,0.8582
stgcnpp,coord_noise_moderate,255,43,touch head (headache),276,0.8164,0.0
stgcnpp,coord_noise_moderate,255,44,touch chest (stomachache/heart pain),276,0.9312,0.163
stgcnpp,coord_noise_moderate,255,45,touch back (backache),276,0.9312,0.0362
stgcnpp,coord_noise_moderate,255,46,touch neck (neckache),276,0.843,0.0181
stgcnpp,coord_noise_moderate,255,47,nausea or vomiting condition,275,0.8448,0.48
stgcnpp,coord_noise_moderate,255,48,use a fan (with hand or paper)/feeling warm,275,0.9224,0.9818
stgcnpp,coord_noise_moderate,255,49,punching/slapping other person,274,0.9027,0.0036
stgcnpp,coord_noise_moderate,255,50,kicking other person,276,0.936,0.0
stgcnpp,coord_noise_moderate,255,51,pushing other person,276,0.9601,0.0
stgcnpp,coord_noise_moderate,255,52,pat on back of other person,276,0.9239,0.0652
stgcnpp,coord_noise_moderate,255,53,point finger at the other person,276,0.9058,0.0072
stgcnpp,coord_noise_moderate,255,54,hugging other person,274,0.983,0.6971
stgcnpp,coord_noise_moderate,255,55,giving something to other person,276,0.9312,0.0
stgcnpp,coord_noise_moderate,255,56,touch other person's pocket,275,0.9394,0.0545
stgcnpp,coord_noise_moderate,255,57,handshaking,276,0.9577,0.0109
stgcnpp,coord_noise_moderate,255,58,walking towards each other,273,0.9951,0.381
stgcnpp,coord_noise_moderate,255,59,walking apart from each other,276,0.9686,0.5217
stgcnpp,coord_noise_moderate,2026,0,drink water,274,0.8637,0.0
stgcnpp,coord_noise_moderate,2026,1,eat meal/snack,275,0.7382,0.0145
stgcnpp,coord_noise_moderate,2026,2,brushing teeth,273,0.8694,0.0
stgcnpp,coord_noise_moderate,2026,3,brushing hair,273,0.9267,0.011
stgcnpp,coord_noise_moderate,2026,4,drop,275,0.8848,0.0
stgcnpp,coord_noise_moderate,2026,5,pickup,275,0.9576,0.8364
stgcnpp,coord_noise_moderate,2026,6,throw,275,0.9115,0.0109
stgcnpp,coord_noise_moderate,2026,7,sitting down,273,0.9707,0.4396
stgcnpp,coord_noise_moderate,2026,8,standing up (from sitting position),273,0.9792,0.2344
stgcnpp,coord_noise_moderate,2026,9,clapping,273,0.812,0.0183
stgcnpp,coord_noise_moderate,2026,10,reading,273,0.5873,0.022
stgcnpp,coord_noise_moderate,2026,11,writing,272,0.5907,0.0772
stgcnpp,coord_noise_moderate,2026,12,tear up paper,271,0.9139,0.0111
stgcnpp,coord_noise_moderate,2026,13,wear jacket,275,0.983,0.9527
stgcnpp,coord_noise_moderate,2026,14,take off jacket,276,0.9734,0.1014
stgcnpp,coord_noise_moderate,2026,15,wear a shoe,273,0.7131,0.2418
stgcnpp,coord_noise_moderate,2026,16,take off a shoe,274,0.7798,0.281
stgcnpp,coord_noise_moderate,2026,17,wear on glasses,273,0.9206,0.0366
stgcnpp,coord_noise_moderate,2026,18,take off glasses,274,0.9526,0.0036
stgcnpp,coord_noise_moderate,2026,19,put on a hat/cap,272,0.9681,0.0147
stgcnpp,coord_noise_moderate,2026,20,take off a hat/cap,273,0.9744,0.0
stgcnpp,coord_noise_moderate,2026,21,cheer up,274,0.9367,0.1533
stgcnpp,coord_noise_moderate,2026,22,hand waving,274,0.9221,0.2044
stgcnpp,coord_noise_moderate,2026,23,kicking something,276,0.9432,0.0036
stgcnpp,coord_noise_moderate,2026,24,reach into pocket,274,0.8285,0.0036
stgcnpp,coord_noise_moderate,2026,25,hopping (one foot jumping),275,0.9879,0.0145
stgcnpp,coord_noise_moderate,2026,26,jump up,276,0.9988,0.0072
stgcnpp,coord_noise_moderate,2026,27,make a phone call/answer phone,275,0.8933,0.0
stgcnpp,coord_noise_moderate,2026,28,playing with phone/tablet,275,0.7321,0.0
stgcnpp,coord_noise_moderate,2026,29,typing on a keyboard,275,0.7309,0.4182
stgcnpp,coord_noise_moderate,2026,30,pointing to something with finger,276,0.7766,0.1014
stgcnpp,coord_noise_moderate,2026,31,taking a selfie,276,0.8925,0.4457
stgcnpp,coord_noise_moderate,2026,32,check time (from watch),276,0.8973,0.0181
stgcnpp,coord_noise_moderate,2026,33,rub two hands together,276,0.8913,0.0254
stgcnpp,coord_noise_moderate,2026,34,nod head/bow,276,0.9674,0.8261
stgcnpp,coord_noise_moderate,2026,35,shake head,275,0.9467,0.3636
stgcnpp,coord_noise_moderate,2026,36,wipe face,276,0.8829,0.0254
stgcnpp,coord_noise_moderate,2026,37,salute,276,0.9275,0.0036
stgcnpp,coord_noise_moderate,2026,38,put the palms together,276,0.9348,0.0
stgcnpp,coord_noise_moderate,2026,39,cross hands in front (say stop),276,0.936,0.0725
stgcnpp,coord_noise_moderate,2026,40,sneeze/cough,276,0.7633,0.0
stgcnpp,coord_noise_moderate,2026,41,staggering,276,0.9952,0.058
stgcnpp,coord_noise_moderate,2026,42,falling,275,0.9891,0.5345
stgcnpp,coord_noise_moderate,2026,43,touch head (headache),276,0.8164,0.0
stgcnpp,coord_noise_moderate,2026,44,touch chest (stomachache/heart pain),276,0.9312,0.087
stgcnpp,coord_noise_moderate,2026,45,touch back (backache),276,0.9312,0.3877
stgcnpp,coord_noise_moderate,2026,46,touch neck (neckache),276,0.843,0.0181
stgcnpp,coord_noise_moderate,2026,47,nausea or vomiting condition,275,0.8448,0.6691
stgcnpp,coord_noise_moderate,2026,48,use a fan (with hand or paper)/feeling warm,275,0.9224,0.8982
stgcnpp,coord_noise_moderate,2026,49,punching/slapping other person,274,0.9027,0.0401
stgcnpp,coord_noise_moderate,2026,50,kicking other person,276,0.936,0.0
stgcnpp,coord_noise_moderate,2026,51,pushing other person,276,0.9601,0.0
stgcnpp,coord_noise_moderate,2026,52,pat on back of other person,276,0.9239,0.1558
stgcnpp,coord_noise_moderate,2026,53,point finger at the other person,276,0.9058,0.1341
stgcnpp,coord_noise_moderate,2026,54,hugging other person,274,0.983,0.1241
stgcnpp,coord_noise_moderate,2026,55,giving something to other person,276,0.9312,0.0254
stgcnpp,coord_noise_moderate,2026,56,touch other person's pocket,275,0.9394,0.44
stgcnpp,coord_noise_moderate,2026,57,handshaking,276,0.9577,0.0435
stgcnpp,coord_noise_moderate,2026,58,walking towards each other,273,0.9951,0.4652
stgcnpp,coord_noise_moderate,2026,59,walking apart from each other,276,0.9686,0.0435
stgcnpp,coord_noise_moderate,3407,0,drink water,274,0.8637,0.0
stgcnpp,coord_noise_moderate,3407,1,eat meal/snack,275,0.7382,0.0618
stgcnpp,coord_noise_moderate,3407,2,brushing teeth,273,0.8694,0.0183
stgcnpp,coord_noise_moderate,3407,3,brushing hair,273,0.9267,0.0147
stgcnpp,coord_noise_moderate,3407,4,drop,275,0.8848,0.0436
stgcnpp,coord_noise_moderate,3407,5,pickup,275,0.9576,0.5055
stgcnpp,coord_noise_moderate,3407,6,throw,275,0.9115,0.0109
stgcnpp,coord_noise_moderate,3407,7,sitting down,273,0.9707,0.6813
stgcnpp,coord_noise_moderate,3407,8,standing up (from sitting position),273,0.9792,0.1795
stgcnpp,coord_noise_moderate,3407,9,clapping,273,0.812,0.0549
stgcnpp,coord_noise_moderate,3407,10,reading,273,0.5873,0.0733
stgcnpp,coord_noise_moderate,3407,11,writing,272,0.5907,0.4301
stgcnpp,coord_noise_moderate,3407,12,tear up paper,271,0.9139,0.0037
stgcnpp,coord_noise_moderate,3407,13,wear jacket,275,0.983,0.9855
stgcnpp,coord_noise_moderate,3407,14,take off jacket,276,0.9734,0.2464
stgcnpp,coord_noise_moderate,3407,15,wear a shoe,273,0.7131,0.5055
stgcnpp,coord_noise_moderate,3407,16,take off a shoe,274,0.7798,0.2518
stgcnpp,coord_noise_moderate,3407,17,wear on glasses,273,0.9206,0.0916
stgcnpp,coord_noise_moderate,3407,18,take off glasses,274,0.9526,0.0365
stgcnpp,coord_noise_moderate,3407,19,put on a hat/cap,272,0.9681,0.0331
stgcnpp,coord_noise_moderate,3407,20,take off a hat/cap,273,0.9744,0.0
stgcnpp,coord_noise_moderate,3407,21,cheer up,274,0.9367,0.1168
stgcnpp,coord_noise_moderate,3407,22,hand waving,274,0.9221,0.2263
stgcnpp,coord_noise_moderate,3407,23,kicking something,276,0.9432,0.2754
stgcnpp,coord_noise_moderate,3407,24,reach into pocket,274,0.8285,0.0036
stgcnpp,coord_noise_moderate,3407,25,hopping (one foot jumping),275,0.9879,0.0582
stgcnpp,coord_noise_moderate,3407,26,jump up,276,0.9988,0.1196
stgcnpp,coord_noise_moderate,3407,27,make a phone call/answer phone,275,0.8933,0.0
stgcnpp,coord_noise_moderate,3407,28,playing with phone/tablet,275,0.7321,0.0
stgcnpp,coord_noise_moderate,3407,29,typing on a keyboard,275,0.7309,0.1782
stgcnpp,coord_noise_moderate,3407,30,pointing to something with finger,276,0.7766,0.1051
stgcnpp,coord_noise_moderate,3407,31,taking a selfie,276,0.8925,0.4312
stgcnpp,coord_noise_moderate,3407,32,check time (from watch),276,0.8973,0.0399
stgcnpp,coord_noise_moderate,3407,33,rub two hands together,276,0.8913,0.0072
stgcnpp,coord_noise_moderate,3407,34,nod head/bow,276,0.9674,0.1812
stgcnpp,coord_noise_moderate,3407,35,shake head,275,0.9467,0.0764
stgcnpp,coord_noise_moderate,3407,36,wipe face,276,0.8829,0.0036
stgcnpp,coord_noise_moderate,3407,37,salute,276,0.9275,0.029
stgcnpp,coord_noise_moderate,3407,38,put the palms together,276,0.9348,0.0326
stgcnpp,coord_noise_moderate,3407,39,cross hands in front (say stop),276,0.936,0.2319
stgcnpp,coord_noise_moderate,3407,40,sneeze/cough,276,0.7633,0.0072
stgcnpp,coord_noise_moderate,3407,41,staggering,276,0.9952,0.0435
stgcnpp,coord_noise_moderate,3407,42,falling,275,0.9891,0.6691
stgcnpp,coord_noise_moderate,3407,43,touch head (headache),276,0.8164,0.0181
stgcnpp,coord_noise_moderate,3407,44,touch chest (stomachache/heart pain),276,0.9312,0.0254
stgcnpp,coord_noise_moderate,3407,45,touch back (backache),276,0.9312,0.0
stgcnpp,coord_noise_moderate,3407,46,touch neck (neckache),276,0.843,0.0507
stgcnpp,coord_noise_moderate,3407,47,nausea or vomiting condition,275,0.8448,0.5236
stgcnpp,coord_noise_moderate,3407,48,use a fan (with hand or paper)/feeling warm,275,0.9224,0.9382
stgcnpp,coord_noise_moderate,3407,49,punching/slapping other person,274,0.9027,0.0
stgcnpp,coord_noise_moderate,3407,50,kicking other person,276,0.936,0.0181
stgcnpp,coord_noise_moderate,3407,51,pushing other person,276,0.9601,0.0
stgcnpp,coord_noise_moderate,3407,52,pat on back of other person,276,0.9239,0.0906
stgcnpp,coord_noise_moderate,3407,53,point finger at the other person,276,0.9058,0.1232
stgcnpp,coord_noise_moderate,3407,54,hugging other person,274,0.983,0.0109
stgcnpp,coord_noise_moderate,3407,55,giving something to other person,276,0.9312,0.0036
stgcnpp,coord_noise_moderate,3407,56,touch other person's pocket,275,0.9394,0.0
stgcnpp,coord_noise_moderate,3407,57,handshaking,276,0.9577,0.0
stgcnpp,coord_noise_moderate,3407,58,walking towards each other,273,0.9951,0.3553
stgcnpp,coord_noise_moderate,3407,59,walking apart from each other,276,0.9686,0.1232
stgcnpp,frame_missing_moderate,255,0,drink water,274,0.8637,0.7591
stgcnpp,frame_missing_moderate,255,1,eat meal/snack,275,0.7382,0.5891
stgcnpp,frame_missing_moderate,255,2,brushing teeth,273,0.8694,0.7582
stgcnpp,frame_missing_moderate,255,3,brushing hair,273,0.9267,0.7839
stgcnpp,frame_missing_moderate,255,4,drop,275,0.8848,0.8291
stgcnpp,frame_missing_moderate,255,5,pickup,275,0.9576,0.8327
stgcnpp,frame_missing_moderate,255,6,throw,275,0.9115,0.8545
stgcnpp,frame_missing_moderate,255,7,sitting down,273,0.9707,0.956
stgcnpp,frame_missing_moderate,255,8,standing up (from sitting position),273,0.9792,0.9524
stgcnpp,frame_missing_moderate,255,9,clapping,273,0.812,0.6886
stgcnpp,frame_missing_moderate,255,10,reading,273,0.5873,0.4359
stgcnpp,frame_missing_moderate,255,11,writing,272,0.5907,0.4228
stgcnpp,frame_missing_moderate,255,12,tear up paper,271,0.9139,0.8007
stgcnpp,frame_missing_moderate,255,13,wear jacket,275,0.983,0.9055
stgcnpp,frame_missing_moderate,255,14,take off jacket,276,0.9734,0.9167
stgcnpp,frame_missing_moderate,255,15,wear a shoe,273,0.7131,0.3993
stgcnpp,frame_missing_moderate,255,16,take off a shoe,274,0.7798,0.6131
stgcnpp,frame_missing_moderate,255,17,wear on glasses,273,0.9206,0.6081
stgcnpp,frame_missing_moderate,255,18,take off glasses,274,0.9526,0.6569
stgcnpp,frame_missing_moderate,255,19,put on a hat/cap,272,0.9681,0.7831
stgcnpp,frame_missing_moderate,255,20,take off a hat/cap,273,0.9744,0.7985
stgcnpp,frame_missing_moderate,255,21,cheer up,274,0.9367,0.9124
stgcnpp,frame_missing_moderate,255,22,hand waving,274,0.9221,0.8613
stgcnpp,frame_missing_moderate,255,23,kicking something,276,0.9432,0.9275
stgcnpp,frame_missing_moderate,255,24,reach into pocket,274,0.8285,0.562
stgcnpp,frame_missing_moderate,255,25,hopping (one foot jumping),275,0.9879,0.9564
stgcnpp,frame_missing_moderate,255,26,jump up,276,0.9988,0.9565
stgcnpp,frame_missing_moderate,255,27,make a phone call/answer phone,275,0.8933,0.56
stgcnpp,frame_missing_moderate,255,28,playing with phone/tablet,275,0.7321,0.6073
stgcnpp,frame_missing_moderate,255,29,typing on a keyboard,275,0.7309,0.7055
stgcnpp,frame_missing_moderate,255,30,pointing to something with finger,276,0.7766,0.8007
stgcnpp,frame_missing_moderate,255,31,taking a selfie,276,0.8925,0.7391
stgcnpp,frame_missing_moderate,255,32,check time (from watch),276,0.8973,0.7899
stgcnpp,frame_missing_moderate,255,33,rub two hands together,276,0.8913,0.7862
stgcnpp,frame_missing_moderate,255,34,nod head/bow,276,0.9674,0.9565
stgcnpp,frame_missing_moderate,255,35,shake head,275,0.9467,0.8436
stgcnpp,frame_missing_moderate,255,36,wipe face,276,0.8829,0.6993
stgcnpp,frame_missing_moderate,255,37,salute,276,0.9275,0.8659
stgcnpp,frame_missing_moderate,255,38,put the palms together,276,0.9348,0.8877
stgcnpp,frame_missing_moderate,255,39,cross hands in front (say stop),276,0.936,0.8261
stgcnpp,frame_missing_moderate,255,40,sneeze/cough,276,0.7633,0.5833
stgcnpp,frame_missing_moderate,255,41,staggering,276,0.9952,0.8877
stgcnpp,frame_missing_moderate,255,42,falling,275,0.9891,0.9891
stgcnpp,frame_missing_moderate,255,43,touch head (headache),276,0.8164,0.6377
stgcnpp,frame_missing_moderate,255,44,touch chest (stomachache/heart pain),276,0.9312,0.9094
stgcnpp,frame_missing_moderate,255,45,touch back (backache),276,0.9312,0.8406
stgcnpp,frame_missing_moderate,255,46,touch neck (neckache),276,0.843,0.5471
stgcnpp,frame_missing_moderate,255,47,nausea or vomiting condition,275,0.8448,0.6836
stgcnpp,frame_missing_moderate,255,48,use a fan (with hand or paper)/feeling warm,275,0.9224,0.9127
stgcnpp,frame_missing_moderate,255,49,punching/slapping other person,274,0.9027,0.6569
stgcnpp,frame_missing_moderate,255,50,kicking other person,276,0.936,0.8949
stgcnpp,frame_missing_moderate,255,51,pushing other person,276,0.9601,0.7428
stgcnpp,frame_missing_moderate,255,52,pat on back of other person,276,0.9239,0.7899
stgcnpp,frame_missing_moderate,255,53,point finger at the other person,276,0.9058,0.7428
stgcnpp,frame_missing_moderate,255,54,hugging other person,274,0.983,0.9489
stgcnpp,frame_missing_moderate,255,55,giving something to other person,276,0.9312,0.8225
stgcnpp,frame_missing_moderate,255,56,touch other person's pocket,275,0.9394,0.7636
stgcnpp,frame_missing_moderate,255,57,handshaking,276,0.9577,0.8659
stgcnpp,frame_missing_moderate,255,58,walking towards each other,273,0.9951,0.9524
stgcnpp,frame_missing_moderate,255,59,walking apart from each other,276,0.9686,0.971
stgcnpp,frame_missing_moderate,2026,0,drink water,274,0.8637,0.7336
stgcnpp,frame_missing_moderate,2026,1,eat meal/snack,275,0.7382,0.5927
stgcnpp,frame_missing_moderate,2026,2,brushing teeth,273,0.8694,0.8059
stgcnpp,frame_missing_moderate,2026,3,brushing hair,273,0.9267,0.7802
stgcnpp,frame_missing_moderate,2026,4,drop,275,0.8848,0.7673
stgcnpp,frame_missing_moderate,2026,5,pickup,275,0.9576,0.8545
stgcnpp,frame_missing_moderate,2026,6,throw,275,0.9115,0.8036
stgcnpp,frame_missing_moderate,2026,7,sitting down,273,0.9707,0.9194
stgcnpp,frame_missing_moderate,2026,8,standing up (from sitting position),273,0.9792,0.9487
stgcnpp,frame_missing_moderate,2026,9,clapping,273,0.812,0.696
stgcnpp,frame_missing_moderate,2026,10,reading,273,0.5873,0.5165
stgcnpp,frame_missing_moderate,2026,11,writing,272,0.5907,0.386
stgcnpp,frame_missing_moderate,2026,12,tear up paper,271,0.9139,0.7565
stgcnpp,frame_missing_moderate,2026,13,wear jacket,275,0.983,0.9309
stgcnpp,frame_missing_moderate,2026,14,take off jacket,276,0.9734,0.9094
stgcnpp,frame_missing_moderate,2026,15,wear a shoe,273,0.7131,0.5238
stgcnpp,frame_missing_moderate,2026,16,take off a shoe,274,0.7798,0.5474
stgcnpp,frame_missing_moderate,2026,17,wear on glasses,273,0.9206,0.7582
stgcnpp,frame_missing_moderate,2026,18,take off glasses,274,0.9526,0.7409
stgcnpp,frame_missing_moderate,2026,19,put on a hat/cap,272,0.9681,0.8456
stgcnpp,frame_missing_moderate,2026,20,take off a hat/cap,273,0.9744,0.7912
stgcnpp,frame_missing_moderate,2026,21,cheer up,274,0.9367,0.9343
stgcnpp,frame_missing_moderate,2026,22,hand waving,274,0.9221,0.865
stgcnpp,frame_missing_moderate,2026,23,kicking something,276,0.9432,0.8804
stgcnpp,frame_missing_moderate,2026,24,reach into pocket,274,0.8285,0.6533
stgcnpp,frame_missing_moderate,2026,25,hopping (one foot jumping),275,0.9879,0.92
stgcnpp,frame_missing_moderate,2026,26,jump up,276,0.9988,0.9565
stgcnpp,frame_missing_moderate,2026,27,make a phone call/answer phone,275,0.8933,0.5927
stgcnpp,frame_missing_moderate,2026,28,playing with phone/tablet,275,0.7321,0.6109
stgcnpp,frame_missing_moderate,2026,29,typing on a keyboard,275,0.7309,0.6945
stgcnpp,frame_missing_moderate,2026,30,pointing to something with finger,276,0.7766,0.7935
stgcnpp,frame_missing_moderate,2026,31,taking a selfie,276,0.8925,0.8116
stgcnpp,frame_missing_moderate,2026,32,check time (from watch),276,0.8973,0.7645
stgcnpp,frame_missing_moderate,2026,33,rub two hands together,276,0.8913,0.7138
stgcnpp,frame_missing_moderate,2026,34,nod head/bow,276,0.9674,0.9565
stgcnpp,frame_missing_moderate,2026,35,shake head,275,0.9467,0.9018
stgcnpp,frame_missing_moderate,2026,36,wipe face,276,0.8829,0.6957
stgcnpp,frame_missing_moderate,2026,37,salute,276,0.9275,0.9312
stgcnpp,frame_missing_moderate,2026,38,put the palms together,276,0.9348,0.8478
stgcnpp,frame_missing_moderate,2026,39,cross hands in front (say stop),276,0.936,0.8225
stgcnpp,frame_missing_moderate,2026,40,sneeze/cough,276,0.7633,0.5797
stgcnpp,frame_missing_moderate,2026,41,staggering,276,0.9952,0.837
stgcnpp,frame_missing_moderate,2026,42,falling,275,0.9891,0.9709
stgcnpp,frame_missing_moderate,2026,43,touch head (headache),276,0.8164,0.6051
stgcnpp,frame_missing_moderate,2026,44,touch chest (stomachache/heart pain),276,0.9312,0.8841
stgcnpp,frame_missing_moderate,2026,45,touch back (backache),276,0.9312,0.8877
stgcnpp,frame_missing_moderate,2026,46,touch neck (neckache),276,0.843,0.5833
stgcnpp,frame_missing_moderate,2026,47,nausea or vomiting condition,275,0.8448,0.6364
stgcnpp,frame_missing_moderate,2026,48,use a fan (with hand or paper)/feeling warm,275,0.9224,0.8473
stgcnpp,frame_missing_moderate,2026,49,punching/slapping other person,274,0.9027,0.6533
stgcnpp,frame_missing_moderate,2026,50,kicking other person,276,0.936,0.8877
stgcnpp,frame_missing_moderate,2026,51,pushing other person,276,0.9601,0.6449
stgcnpp,frame_missing_moderate,2026,52,pat on back of other person,276,0.9239,0.8623
stgcnpp,frame_missing_moderate,2026,53,point finger at the other person,276,0.9058,0.6486
stgcnpp,frame_missing_moderate,2026,54,hugging other person,274,0.983,0.9708
stgcnpp,frame_missing_moderate,2026,55,giving something to other person,276,0.9312,0.837
stgcnpp,frame_missing_moderate,2026,56,touch other person's pocket,275,0.9394,0.8327
stgcnpp,frame_missing_moderate,2026,57,handshaking,276,0.9577,0.8333
stgcnpp,frame_missing_moderate,2026,58,walking towards each other,273,0.9951,0.9231
stgcnpp,frame_missing_moderate,2026,59,walking apart from each other,276,0.9686,0.971
stgcnpp,frame_missing_moderate,3407,0,drink water,274,0.8637,0.719
stgcnpp,frame_missing_moderate,3407,1,eat meal/snack,275,0.7382,0.5382
stgcnpp,frame_missing_moderate,3407,2,brushing teeth,273,0.8694,0.7253
stgcnpp,frame_missing_moderate,3407,3,brushing hair,273,0.9267,0.8168
stgcnpp,frame_missing_moderate,3407,4,drop,275,0.8848,0.9018
stgcnpp,frame_missing_moderate,3407,5,pickup,275,0.9576,0.8691
stgcnpp,frame_missing_moderate,3407,6,throw,275,0.9115,0.7927
stgcnpp,frame_missing_moderate,3407,7,sitting down,273,0.9707,0.9341
stgcnpp,frame_missing_moderate,3407,8,standing up (from sitting position),273,0.9792,0.956
stgcnpp,frame_missing_moderate,3407,9,clapping,273,0.812,0.7033
stgcnpp,frame_missing_moderate,3407,10,reading,273,0.5873,0.4066
stgcnpp,frame_missing_moderate,3407,11,writing,272,0.5907,0.511
stgcnpp,frame_missing_moderate,3407,12,tear up paper,271,0.9139,0.8782
stgcnpp,frame_missing_moderate,3407,13,wear jacket,275,0.983,0.9236
stgcnpp,frame_missing_moderate,3407,14,take off jacket,276,0.9734,0.9565
stgcnpp,frame_missing_moderate,3407,15,wear a shoe,273,0.7131,0.3626
stgcnpp,frame_missing_moderate,3407,16,take off a shoe,274,0.7798,0.6387
stgcnpp,frame_missing_moderate,3407,17,wear on glasses,273,0.9206,0.7143
stgcnpp,frame_missing_moderate,3407,18,take off glasses,274,0.9526,0.719
stgcnpp,frame_missing_moderate,3407,19,put on a hat/cap,272,0.9681,0.7978
stgcnpp,frame_missing_moderate,3407,20,take off a hat/cap,273,0.9744,0.7766
stgcnpp,frame_missing_moderate,3407,21,cheer up,274,0.9367,0.938
stgcnpp,frame_missing_moderate,3407,22,hand waving,274,0.9221,0.854
stgcnpp,frame_missing_moderate,3407,23,kicking something,276,0.9432,0.9275
stgcnpp,frame_missing_moderate,3407,24,reach into pocket,274,0.8285,0.5219
stgcnpp,frame_missing_moderate,3407,25,hopping (one foot jumping),275,0.9879,0.9564
stgcnpp,frame_missing_moderate,3407,26,jump up,276,0.9988,0.9746
stgcnpp,frame_missing_moderate,3407,27,make a phone call/answer phone,275,0.8933,0.5709
stgcnpp,frame_missing_moderate,3407,28,playing with phone/tablet,275,0.7321,0.6764
stgcnpp,frame_missing_moderate,3407,29,typing on a keyboard,275,0.7309,0.6255
stgcnpp,frame_missing_moderate,3407,30,pointing to something with finger,276,0.7766,0.8442
stgcnpp,frame_missing_moderate,3407,31,taking a selfie,276,0.8925,0.6449
stgcnpp,frame_missing_moderate,3407,32,check time (from watch),276,0.8973,0.7862
stgcnpp,frame_missing_moderate,3407,33,rub two hands together,276,0.8913,0.7428
stgcnpp,frame_missing_moderate,3407,34,nod head/bow,276,0.9674,0.9312
stgcnpp,frame_missing_moderate,3407,35,shake head,275,0.9467,0.7745
stgcnpp,frame_missing_moderate,3407,36,wipe face,276,0.8829,0.663
stgcnpp,frame_missing_moderate,3407,37,salute,276,0.9275,0.9167
stgcnpp,frame_missing_moderate,3407,38,put the palms together,276,0.9348,0.9022
stgcnpp,frame_missing_moderate,3407,39,cross hands in front (say stop),276,0.936,0.7935
stgcnpp,frame_missing_moderate,3407,40,sneeze/cough,276,0.7633,0.6232
stgcnpp,frame_missing_moderate,3407,41,staggering,276,0.9952,0.7645
stgcnpp,frame_missing_moderate,3407,42,falling,275,0.9891,0.9745
stgcnpp,frame_missing_moderate,3407,43,touch head (headache),276,0.8164,0.7065
stgcnpp,frame_missing_moderate,3407,44,touch chest (stomachache/heart pain),276,0.9312,0.8732
stgcnpp,frame_missing_moderate,3407,45,touch back (backache),276,0.9312,0.7899
stgcnpp,frame_missing_moderate,3407,46,touch neck (neckache),276,0.843,0.5326
stgcnpp,frame_missing_moderate,3407,47,nausea or vomiting condition,275,0.8448,0.6364
stgcnpp,frame_missing_moderate,3407,48,use a fan (with hand or paper)/feeling warm,275,0.9224,0.88
stgcnpp,frame_missing_moderate,3407,49,punching/slapping other person,274,0.9027,0.635
stgcnpp,frame_missing_moderate,3407,50,kicking other person,276,0.936,0.8841
stgcnpp,frame_missing_moderate,3407,51,pushing other person,276,0.9601,0.7283
stgcnpp,frame_missing_moderate,3407,52,pat on back of other person,276,0.9239,0.7464
stgcnpp,frame_missing_moderate,3407,53,point finger at the other person,276,0.9058,0.8225
stgcnpp,frame_missing_moderate,3407,54,hugging other person,274,0.983,0.9635
stgcnpp,frame_missing_moderate,3407,55,giving something to other person,276,0.9312,0.8659
stgcnpp,frame_missing_moderate,3407,56,touch other person's pocket,275,0.9394,0.8
stgcnpp,frame_missing_moderate,3407,57,handshaking,276,0.9577,0.7899
stgcnpp,frame_missing_moderate,3407,58,walking towards each other,273,0.9951,0.956
stgcnpp,frame_missing_moderate,3407,59,walking apart from each other,276,0.9686,0.9819
stgcnpp,mixed_moderate,255,0,drink water,274,0.8637,0.1934
stgcnpp,mixed_moderate,255,1,eat meal/snack,275,0.7382,0.1236
stgcnpp,mixed_moderate,255,2,brushing teeth,273,0.8694,0.1136
stgcnpp,mixed_moderate,255,3,brushing hair,273,0.9267,0.304
stgcnpp,mixed_moderate,255,4,drop,275,0.8848,0.1636
stgcnpp,mixed_moderate,255,5,pickup,275,0.9576,0.2073
stgcnpp,mixed_moderate,255,6,throw,275,0.9115,0.1818
stgcnpp,mixed_moderate,255,7,sitting down,273,0.9707,0.337
stgcnpp,mixed_moderate,255,8,standing up (from sitting position),273,0.9792,0.2564
stgcnpp,mixed_moderate,255,9,clapping,273,0.812,0.1685
stgcnpp,mixed_moderate,255,10,reading,273,0.5873,0.1392
stgcnpp,mixed_moderate,255,11,writing,272,0.5907,0.2279
stgcnpp,mixed_moderate,255,12,tear up paper,271,0.9139,0.1439
stgcnpp,mixed_moderate,255,13,wear jacket,275,0.983,0.4764
stgcnpp,mixed_moderate,255,14,take off jacket,276,0.9734,0.2065
stgcnpp,mixed_moderate,255,15,wear a shoe,273,0.7131,0.1392
stgcnpp,mixed_moderate,255,16,take off a shoe,274,0.7798,0.208
stgcnpp,mixed_moderate,255,17,wear on glasses,273,0.9206,0.1392
stgcnpp,mixed_moderate,255,18,take off glasses,274,0.9526,0.1825
stgcnpp,mixed_moderate,255,19,put on a hat/cap,272,0.9681,0.1985
stgcnpp,mixed_moderate,255,20,take off a hat/cap,273,0.9744,0.2381
stgcnpp,mixed_moderate,255,21,cheer up,274,0.9367,0.2555
stgcnpp,mixed_moderate,255,22,hand waving,274,0.9221,0.3321
stgcnpp,mixed_moderate,255,23,kicking something,276,0.9432,0.1667
stgcnpp,mixed_moderate,255,24,reach into pocket,274,0.8285,0.1204
stgcnpp,mixed_moderate,255,25,hopping (one foot jumping),275,0.9879,0.1964
stgcnpp,mixed_moderate,255,26,jump up,276,0.9988,0.2391
stgcnpp,mixed_moderate,255,27,make a phone call/answer phone,275,0.8933,0.1345
stgcnpp,mixed_moderate,255,28,playing with phone/tablet,275,0.7321,0.2873
stgcnpp,mixed_moderate,255,29,typing on a keyboard,275,0.7309,0.32
stgcnpp,mixed_moderate,255,30,pointing to something with finger,276,0.7766,0.1522
stgcnpp,mixed_moderate,255,31,taking a selfie,276,0.8925,0.25
stgcnpp,mixed_moderate,255,32,check time (from watch),276,0.8973,0.1739
stgcnpp,mixed_moderate,255,33,rub two hands together,276,0.8913,0.1739
stgcnpp,mixed_moderate,255,34,nod head/bow,276,0.9674,0.2899
stgcnpp,mixed_moderate,255,35,shake head,275,0.9467,0.1345
stgcnpp,mixed_moderate,255,36,wipe face,276,0.8829,0.1486
stgcnpp,mixed_moderate,255,37,salute,276,0.9275,0.1775
stgcnpp,mixed_moderate,255,38,put the palms together,276,0.9348,0.1486
stgcnpp,mixed_moderate,255,39,cross hands in front (say stop),276,0.936,0.2029
stgcnpp,mixed_moderate,255,40,sneeze/cough,276,0.7633,0.087
stgcnpp,mixed_moderate,255,41,staggering,276,0.9952,0.1486
stgcnpp,mixed_moderate,255,42,falling,275,0.9891,0.2909
stgcnpp,mixed_moderate,255,43,touch head (headache),276,0.8164,0.192
stgcnpp,mixed_moderate,255,44,touch chest (stomachache/heart pain),276,0.9312,0.4565
stgcnpp,mixed_moderate,255,45,touch back (backache),276,0.9312,0.1812
stgcnpp,mixed_moderate,255,46,touch neck (neckache),276,0.843,0.1159
stgcnpp,mixed_moderate,255,47,nausea or vomiting condition,275,0.8448,0.2909
stgcnpp,mixed_moderate,255,48,use a fan (with hand or paper)/feeling warm,275,0.9224,0.6909
stgcnpp,mixed_moderate,255,49,punching/slapping other person,274,0.9027,0.0876
stgcnpp,mixed_moderate,255,50,kicking other person,276,0.936,0.163
stgcnpp,mixed_moderate,255,51,pushing other person,276,0.9601,0.1196
stgcnpp,mixed_moderate,255,52,pat on back of other person,276,0.9239,0.279
stgcnpp,mixed_moderate,255,53,point finger at the other person,276,0.9058,0.1268
stgcnpp,mixed_moderate,255,54,hugging other person,274,0.983,0.5985
stgcnpp,mixed_moderate,255,55,giving something to other person,276,0.9312,0.1558
stgcnpp,mixed_moderate,255,56,touch other person's pocket,275,0.9394,0.1382
stgcnpp,mixed_moderate,255,57,handshaking,276,0.9577,0.1775
stgcnpp,mixed_moderate,255,58,walking towards each other,273,0.9951,0.1612
stgcnpp,mixed_moderate,255,59,walking apart from each other,276,0.9686,0.2681
stgcnpp,mixed_moderate,2026,0,drink water,274,0.8637,0.1642
stgcnpp,mixed_moderate,2026,1,eat meal/snack,275,0.7382,0.1564
stgcnpp,mixed_moderate,2026,2,brushing teeth,273,0.8694,0.2015
stgcnpp,mixed_moderate,2026,3,brushing hair,273,0.9267,0.1465
stgcnpp,mixed_moderate,2026,4,drop,275,0.8848,0.1491
stgcnpp,mixed_moderate,2026,5,pickup,275,0.9576,0.2727
stgcnpp,mixed_moderate,2026,6,throw,275,0.9115,0.1964
stgcnpp,mixed_moderate,2026,7,sitting down,273,0.9707,0.2271
stgcnpp,mixed_moderate,2026,8,standing up (from sitting position),273,0.9792,0.3223
stgcnpp,mixed_moderate,2026,9,clapping,273,0.812,0.1648
stgcnpp,mixed_moderate,2026,10,reading,273,0.5873,0.0916
stgcnpp,mixed_moderate,2026,11,writing,272,0.5907,0.2022
stgcnpp,mixed_moderate,2026,12,tear up paper,271,0.9139,0.1365
stgcnpp,mixed_moderate,2026,13,wear jacket,275,0.983,0.4836
stgcnpp,mixed_moderate,2026,14,take off jacket,276,0.9734,0.2572
stgcnpp,mixed_moderate,2026,15,wear a shoe,273,0.7131,0.1465
stgcnpp,mixed_moderate,2026,16,take off a shoe,274,0.7798,0.2299
stgcnpp,mixed_moderate,2026,17,wear on glasses,273,0.9206,0.1209
stgcnpp,mixed_moderate,2026,18,take off glasses,274,0.9526,0.1861
stgcnpp,mixed_moderate,2026,19,put on a hat/cap,272,0.9681,0.2243
stgcnpp,mixed_moderate,2026,20,take off a hat/cap,273,0.9744,0.2857
stgcnpp,mixed_moderate,2026,21,cheer up,274,0.9367,0.3358
stgcnpp,mixed_moderate,2026,22,hand waving,274,0.9221,0.4124
stgcnpp,mixed_moderate,2026,23,kicking something,276,0.9432,0.1522
stgcnpp,mixed_moderate,2026,24,reach into pocket,274,0.8285,0.1277
stgcnpp,mixed_moderate,2026,25,hopping (one foot jumping),275,0.9879,0.2218
stgcnpp,mixed_moderate,2026,26,jump up,276,0.9988,0.2319
stgcnpp,mixed_moderate,2026,27,make a phone call/answer phone,275,0.8933,0.1382
stgcnpp,mixed_moderate,2026,28,playing with phone/tablet,275,0.7321,0.1491
stgcnpp,mixed_moderate,2026,29,typing on a keyboard,275,0.7309,0.3891
stgcnpp,mixed_moderate,2026,30,pointing to something with finger,276,0.7766,0.1848
stgcnpp,mixed_moderate,2026,31,taking a selfie,276,0.8925,0.3804
stgcnpp,mixed_moderate,2026,32,check time (from watch),276,0.8973,0.1594
stgcnpp,mixed_moderate,2026,33,rub two hands together,276,0.8913,0.1268
stgcnpp,mixed_moderate,2026,34,nod head/bow,276,0.9674,0.4022
stgcnpp,mixed_moderate,2026,35,shake head,275,0.9467,0.2218
stgcnpp,mixed_moderate,2026,36,wipe face,276,0.8829,0.3043
stgcnpp,mixed_moderate,2026,37,salute,276,0.9275,0.1739
stgcnpp,mixed_moderate,2026,38,put the palms together,276,0.9348,0.1232
stgcnpp,mixed_moderate,2026,39,cross hands in front (say stop),276,0.936,0.2029
stgcnpp,mixed_moderate,2026,40,sneeze/cough,276,0.7633,0.0978
stgcnpp,mixed_moderate,2026,41,staggering,276,0.9952,0.1268
stgcnpp,mixed_moderate,2026,42,falling,275,0.9891,0.2691
stgcnpp,mixed_moderate,2026,43,touch head (headache),276,0.8164,0.1123
stgcnpp,mixed_moderate,2026,44,touch chest (stomachache/heart pain),276,0.9312,0.221
stgcnpp,mixed_moderate,2026,45,touch back (backache),276,0.9312,0.337
stgcnpp,mixed_moderate,2026,46,touch neck (neckache),276,0.843,0.1268
stgcnpp,mixed_moderate,2026,47,nausea or vomiting condition,275,0.8448,0.3164
stgcnpp,mixed_moderate,2026,48,use a fan (with hand or paper)/feeling warm,275,0.9224,0.5927
stgcnpp,mixed_moderate,2026,49,punching/slapping other person,274,0.9027,0.1131
stgcnpp,mixed_moderate,2026,50,kicking other person,276,0.936,0.163
stgcnpp,mixed_moderate,2026,51,pushing other person,276,0.9601,0.1087
stgcnpp,mixed_moderate,2026,52,pat on back of other person,276,0.9239,0.2609
stgcnpp,mixed_moderate,2026,53,point finger at the other person,276,0.9058,0.1196
stgcnpp,mixed_moderate,2026,54,hugging other person,274,0.983,0.4015
stgcnpp,mixed_moderate,2026,55,giving something to other person,276,0.9312,0.1486
stgcnpp,mixed_moderate,2026,56,touch other person's pocket,275,0.9394,0.3127
stgcnpp,mixed_moderate,2026,57,handshaking,276,0.9577,0.2899
stgcnpp,mixed_moderate,2026,58,walking towards each other,273,0.9951,0.2161
stgcnpp,mixed_moderate,2026,59,walking apart from each other,276,0.9686,0.2029
stgcnpp,mixed_moderate,3407,0,drink water,274,0.8637,0.1788
stgcnpp,mixed_moderate,3407,1,eat meal/snack,275,0.7382,0.1455
stgcnpp,mixed_moderate,3407,2,brushing teeth,273,0.8694,0.1282
stgcnpp,mixed_moderate,3407,3,brushing hair,273,0.9267,0.2051
stgcnpp,mixed_moderate,3407,4,drop,275,0.8848,0.2109
stgcnpp,mixed_moderate,3407,5,pickup,275,0.9576,0.2255
stgcnpp,mixed_moderate,3407,6,throw,275,0.9115,0.1745
stgcnpp,mixed_moderate,3407,7,sitting down,273,0.9707,0.315
stgcnpp,mixed_moderate,3407,8,standing up (from sitting position),273,0.9792,0.2857
stgcnpp,mixed_moderate,3407,9,clapping,273,0.812,0.1978
stgcnpp,mixed_moderate,3407,10,reading,273,0.5873,0.1172
stgcnpp,mixed_moderate,3407,11,writing,272,0.5907,0.3493
stgcnpp,mixed_moderate,3407,12,tear up paper,271,0.9139,0.1845
stgcnpp,mixed_moderate,3407,13,wear jacket,275,0.983,0.6145
stgcnpp,mixed_moderate,3407,14,take off jacket,276,0.9734,0.2971
stgcnpp,mixed_moderate,3407,15,wear a shoe,273,0.7131,0.2198
stgcnpp,mixed_moderate,3407,16,take off a shoe,274,0.7798,0.2117
stgcnpp,mixed_moderate,3407,17,wear on glasses,273,0.9206,0.2125
stgcnpp,mixed_moderate,3407,18,take off glasses,274,0.9526,0.2299
stgcnpp,mixed_moderate,3407,19,put on a hat/cap,272,0.9681,0.239
stgcnpp,mixed_moderate,3407,20,take off a hat/cap,273,0.9744,0.2674
stgcnpp,mixed_moderate,3407,21,cheer up,274,0.9367,0.4343
stgcnpp,mixed_moderate,3407,22,hand waving,274,0.9221,0.3577
stgcnpp,mixed_moderate,3407,23,kicking something,276,0.9432,0.192
stgcnpp,mixed_moderate,3407,24,reach into pocket,274,0.8285,0.1569
stgcnpp,mixed_moderate,3407,25,hopping (one foot jumping),275,0.9879,0.2582
stgcnpp,mixed_moderate,3407,26,jump up,276,0.9988,0.3188
stgcnpp,mixed_moderate,3407,27,make a phone call/answer phone,275,0.8933,0.1345
stgcnpp,mixed_moderate,3407,28,playing with phone/tablet,275,0.7321,0.1455
stgcnpp,mixed_moderate,3407,29,typing on a keyboard,275,0.7309,0.3164
stgcnpp,mixed_moderate,3407,30,pointing to something with finger,276,0.7766,0.1304
stgcnpp,mixed_moderate,3407,31,taking a selfie,276,0.8925,0.2391
stgcnpp,mixed_moderate,3407,32,check time (from watch),276,0.8973,0.1775
stgcnpp,mixed_moderate,3407,33,rub two hands together,276,0.8913,0.1123
stgcnpp,mixed_moderate,3407,34,nod head/bow,276,0.9674,0.2319
stgcnpp,mixed_moderate,3407,35,shake head,275,0.9467,0.1345
stgcnpp,mixed_moderate,3407,36,wipe face,276,0.8829,0.1812
stgcnpp,mixed_moderate,3407,37,salute,276,0.9275,0.1812
stgcnpp,mixed_moderate,3407,38,put the palms together,276,0.9348,0.1486
stgcnpp,mixed_moderate,3407,39,cross hands in front (say stop),276,0.936,0.2319
stgcnpp,mixed_moderate,3407,40,sneeze/cough,276,0.7633,0.0906
stgcnpp,mixed_moderate,3407,41,staggering,276,0.9952,0.1413
stgcnpp,mixed_moderate,3407,42,falling,275,0.9891,0.2873
stgcnpp,mixed_moderate,3407,43,touch head (headache),276,0.8164,0.1304
stgcnpp,mixed_moderate,3407,44,touch chest (stomachache/heart pain),276,0.9312,0.2717
stgcnpp,mixed_moderate,3407,45,touch back (backache),276,0.9312,0.1703
stgcnpp,mixed_moderate,3407,46,touch neck (neckache),276,0.843,0.1014
stgcnpp,mixed_moderate,3407,47,nausea or vomiting condition,275,0.8448,0.3491
stgcnpp,mixed_moderate,3407,48,use a fan (with hand or paper)/feeling warm,275,0.9224,0.7236
stgcnpp,mixed_moderate,3407,49,punching/slapping other person,274,0.9027,0.1058
stgcnpp,mixed_moderate,3407,50,kicking other person,276,0.936,0.1413
stgcnpp,mixed_moderate,3407,51,pushing other person,276,0.9601,0.1268
stgcnpp,mixed_moderate,3407,52,pat on back of other person,276,0.9239,0.2065
stgcnpp,mixed_moderate,3407,53,point finger at the other person,276,0.9058,0.1196
stgcnpp,mixed_moderate,3407,54,hugging other person,274,0.983,0.2737
stgcnpp,mixed_moderate,3407,55,giving something to other person,276,0.9312,0.163
stgcnpp,mixed_moderate,3407,56,touch other person's pocket,275,0.9394,0.1673
stgcnpp,mixed_moderate,3407,57,handshaking,276,0.9577,0.1594
stgcnpp,mixed_moderate,3407,58,walking towards each other,273,0.9951,0.1941
stgcnpp,mixed_moderate,3407,59,walking apart from each other,276,0.9686,0.2971
stgcnpp,joint_missing_severe,255,0,drink water,274,0.8637,0.0146
stgcnpp,joint_missing_severe,255,1,eat meal/snack,275,0.7382,0.0
stgcnpp,joint_missing_severe,255,2,brushing teeth,273,0.8694,0.0
stgcnpp,joint_missing_severe,255,3,brushing hair,273,0.9267,0.2344
stgcnpp,joint_missing_severe,255,4,drop,275,0.8848,0.0
stgcnpp,joint_missing_severe,255,5,pickup,275,0.9576,0.0
stgcnpp,joint_missing_severe,255,6,throw,275,0.9115,0.0036
stgcnpp,joint_missing_severe,255,7,sitting down,273,0.9707,0.0037
stgcnpp,joint_missing_severe,255,8,standing up (from sitting position),273,0.9792,0.0
stgcnpp,joint_missing_severe,255,9,clapping,273,0.812,0.0037
stgcnpp,joint_missing_severe,255,10,reading,273,0.5873,0.044
stgcnpp,joint_missing_severe,255,11,writing,272,0.5907,0.0588
stgcnpp,joint_missing_severe,255,12,tear up paper,271,0.9139,0.0
stgcnpp,joint_missing_severe,255,13,wear jacket,275,0.983,0.4909
stgcnpp,joint_missing_severe,255,14,take off jacket,276,0.9734,0.0
stgcnpp,joint_missing_severe,255,15,wear a shoe,273,0.7131,0.0183
stgcnpp,joint_missing_severe,255,16,take off a shoe,274,0.7798,0.0
stgcnpp,joint_missing_severe,255,17,wear on glasses,273,0.9206,0.011
stgcnpp,joint_missing_severe,255,18,take off glasses,274,0.9526,0.0036
stgcnpp,joint_missing_severe,255,19,put on a hat/cap,272,0.9681,0.0
stgcnpp,joint_missing_severe,255,20,take off a hat/cap,273,0.9744,0.0
stgcnpp,joint_missing_severe,255,21,cheer up,274,0.9367,0.0182
stgcnpp,joint_missing_severe,255,22,hand waving,274,0.9221,0.0073
stgcnpp,joint_missing_severe,255,23,kicking something,276,0.9432,0.0
stgcnpp,joint_missing_severe,255,24,reach into pocket,274,0.8285,0.0
stgcnpp,joint_missing_severe,255,25,hopping (one foot jumping),275,0.9879,0.0
stgcnpp,joint_missing_severe,255,26,jump up,276,0.9988,0.0
stgcnpp,joint_missing_severe,255,27,make a phone call/answer phone,275,0.8933,0.0
stgcnpp,joint_missing_severe,255,28,playing with phone/tablet,275,0.7321,0.7018
stgcnpp,joint_missing_severe,255,29,typing on a keyboard,275,0.7309,0.32
stgcnpp,joint_missing_severe,255,30,pointing to something with finger,276,0.7766,0.0036
stgcnpp,joint_missing_severe,255,31,taking a selfie,276,0.8925,0.2391
stgcnpp,joint_missing_severe,255,32,check time (from watch),276,0.8973,0.0
stgcnpp,joint_missing_severe,255,33,rub two hands together,276,0.8913,0.0543
stgcnpp,joint_missing_severe,255,34,nod head/bow,276,0.9674,0.0
stgcnpp,joint_missing_severe,255,35,shake head,275,0.9467,0.0
stgcnpp,joint_missing_severe,255,36,wipe face,276,0.8829,0.0362
stgcnpp,joint_missing_severe,255,37,salute,276,0.9275,0.0
stgcnpp,joint_missing_severe,255,38,put the palms together,276,0.9348,0.0072
stgcnpp,joint_missing_severe,255,39,cross hands in front (say stop),276,0.936,0.0072
stgcnpp,joint_missing_severe,255,40,sneeze/cough,276,0.7633,0.0
stgcnpp,joint_missing_severe,255,41,staggering,276,0.9952,0.0
stgcnpp,joint_missing_severe,255,42,falling,275,0.9891,0.0
stgcnpp,joint_missing_severe,255,43,touch head (headache),276,0.8164,0.0145
stgcnpp,joint_missing_severe,255,44,touch chest (stomachache/heart pain),276,0.9312,0.308
stgcnpp,joint_missing_severe,255,45,touch back (backache),276,0.9312,0.0
stgcnpp,joint_missing_severe,255,46,touch neck (neckache),276,0.843,0.0036
stgcnpp,joint_missing_severe,255,47,nausea or vomiting condition,275,0.8448,0.32
stgcnpp,joint_missing_severe,255,48,use a fan (with hand or paper)/feeling warm,275,0.9224,0.2836
stgcnpp,joint_missing_severe,255,49,punching/slapping other person,274,0.9027,0.0
stgcnpp,joint_missing_severe,255,50,kicking other person,276,0.936,0.0
stgcnpp,joint_missing_severe,255,51,pushing other person,276,0.9601,0.0
stgcnpp,joint_missing_severe,255,52,pat on back of other person,276,0.9239,0.0109
stgcnpp,joint_missing_severe,255,53,point finger at the other person,276,0.9058,0.0
stgcnpp,joint_missing_severe,255,54,hugging other person,274,0.983,0.8394
stgcnpp,joint_missing_severe,255,55,giving something to other person,276,0.9312,0.0
stgcnpp,joint_missing_severe,255,56,touch other person's pocket,275,0.9394,0.0
stgcnpp,joint_missing_severe,255,57,handshaking,276,0.9577,0.0
stgcnpp,joint_missing_severe,255,58,walking towards each other,273,0.9951,0.0037
stgcnpp,joint_missing_severe,255,59,walking apart from each other,276,0.9686,0.0181
stgcnpp,joint_missing_severe,2026,0,drink water,274,0.8637,0.0
stgcnpp,joint_missing_severe,2026,1,eat meal/snack,275,0.7382,0.0
stgcnpp,joint_missing_severe,2026,2,brushing teeth,273,0.8694,0.0586
stgcnpp,joint_missing_severe,2026,3,brushing hair,273,0.9267,0.0
stgcnpp,joint_missing_severe,2026,4,drop,275,0.8848,0.0
stgcnpp,joint_missing_severe,2026,5,pickup,275,0.9576,0.0
stgcnpp,joint_missing_severe,2026,6,throw,275,0.9115,0.0036
stgcnpp,joint_missing_severe,2026,7,sitting down,273,0.9707,0.0
stgcnpp,joint_missing_severe,2026,8,standing up (from sitting position),273,0.9792,0.0037
stgcnpp,joint_missing_severe,2026,9,clapping,273,0.812,0.0147
stgcnpp,joint_missing_severe,2026,10,reading,273,0.5873,0.011
stgcnpp,joint_missing_severe,2026,11,writing,272,0.5907,0.1434
stgcnpp,joint_missing_severe,2026,12,tear up paper,271,0.9139,0.0
stgcnpp,joint_missing_severe,2026,13,wear jacket,275,0.983,0.1018
stgcnpp,joint_missing_severe,2026,14,take off jacket,276,0.9734,0.0
stgcnpp,joint_missing_severe,2026,15,wear a shoe,273,0.7131,0.0513
stgcnpp,joint_missing_severe,2026,16,take off a shoe,274,0.7798,0.0
stgcnpp,joint_missing_severe,2026,17,wear on glasses,273,0.9206,0.0
stgcnpp,joint_missing_severe,2026,18,take off glasses,274,0.9526,0.0
stgcnpp,joint_missing_severe,2026,19,put on a hat/cap,272,0.9681,0.0
stgcnpp,joint_missing_severe,2026,20,take off a hat/cap,273,0.9744,0.0073
stgcnpp,joint_missing_severe,2026,21,cheer up,274,0.9367,0.0657
stgcnpp,joint_missing_severe,2026,22,hand waving,274,0.9221,0.3248
stgcnpp,joint_missing_severe,2026,23,kicking something,276,0.9432,0.0
stgcnpp,joint_missing_severe,2026,24,reach into pocket,274,0.8285,0.0
stgcnpp,joint_missing_severe,2026,25,hopping (one foot jumping),275,0.9879,0.0
stgcnpp,joint_missing_severe,2026,26,jump up,276,0.9988,0.0
stgcnpp,joint_missing_severe,2026,27,make a phone call/answer phone,275,0.8933,0.0
stgcnpp,joint_missing_severe,2026,28,playing with phone/tablet,275,0.7321,0.0582
stgcnpp,joint_missing_severe,2026,29,typing on a keyboard,275,0.7309,0.6
stgcnpp,joint_missing_severe,2026,30,pointing to something with finger,276,0.7766,0.0797
stgcnpp,joint_missing_severe,2026,31,taking a selfie,276,0.8925,0.3768
stgcnpp,joint_missing_severe,2026,32,check time (from watch),276,0.8973,0.0
stgcnpp,joint_missing_severe,2026,33,rub two hands together,276,0.8913,0.0399
stgcnpp,joint_missing_severe,2026,34,nod head/bow,276,0.9674,0.0254
stgcnpp,joint_missing_severe,2026,35,shake head,275,0.9467,0.0036
stgcnpp,joint_missing_severe,2026,36,wipe face,276,0.8829,0.6232
stgcnpp,joint_missing_severe,2026,37,salute,276,0.9275,0.0
stgcnpp,joint_missing_severe,2026,38,put the palms together,276,0.9348,0.0
stgcnpp,joint_missing_severe,2026,39,cross hands in front (say stop),276,0.936,0.0254
stgcnpp,joint_missing_severe,2026,40,sneeze/cough,276,0.7633,0.0072
stgcnpp,joint_missing_severe,2026,41,staggering,276,0.9952,0.0
stgcnpp,joint_missing_severe,2026,42,falling,275,0.9891,0.0
stgcnpp,joint_missing_severe,2026,43,touch head (headache),276,0.8164,0.0145
stgcnpp,joint_missing_severe,2026,44,touch chest (stomachache/heart pain),276,0.9312,0.0
stgcnpp,joint_missing_severe,2026,45,touch back (backache),276,0.9312,0.0507
stgcnpp,joint_missing_severe,2026,46,touch neck (neckache),276,0.843,0.0
stgcnpp,joint_missing_severe,2026,47,nausea or vomiting condition,275,0.8448,0.4036
stgcnpp,joint_missing_severe,2026,48,use a fan (with hand or paper)/feeling warm,275,0.9224,0.5673
stgcnpp,joint_missing_severe,2026,49,punching/slapping other person,274,0.9027,0.0
stgcnpp,joint_missing_severe,2026,50,kicking other person,276,0.936,0.0
stgcnpp,joint_missing_severe,2026,51,pushing other person,276,0.9601,0.0
stgcnpp,joint_missing_severe,2026,52,pat on back of other person,276,0.9239,0.2319
stgcnpp,joint_missing_severe,2026,53,point finger at the other person,276,0.9058,0.0
stgcnpp,joint_missing_severe,2026,54,hugging other person,274,0.983,0.1277
stgcnpp,joint_missing_severe,2026,55,giving something to other person,276,0.9312,0.0
stgcnpp,joint_missing_severe,2026,56,touch other person's pocket,275,0.9394,0.2109
stgcnpp,joint_missing_severe,2026,57,handshaking,276,0.9577,0.2717
stgcnpp,joint_missing_severe,2026,58,walking towards each other,273,0.9951,0.0073
stgcnpp,joint_missing_severe,2026,59,walking apart from each other,276,0.9686,0.0
stgcnpp,joint_missing_severe,3407,0,drink water,274,0.8637,0.0
stgcnpp,joint_missing_severe,3407,1,eat meal/snack,275,0.7382,0.0036
stgcnpp,joint_missing_severe,3407,2,brushing teeth,273,0.8694,0.0
stgcnpp,joint_missing_severe,3407,3,brushing hair,273,0.9267,0.0256
stgcnpp,joint_missing_severe,3407,4,drop,275,0.8848,0.0
stgcnpp,joint_missing_severe,3407,5,pickup,275,0.9576,0.0
stgcnpp,joint_missing_severe,3407,6,throw,275,0.9115,0.0
stgcnpp,joint_missing_severe,3407,7,sitting down,273,0.9707,0.0
stgcnpp,joint_missing_severe,3407,8,standing up (from sitting position),273,0.9792,0.0
stgcnpp,joint_missing_severe,3407,9,clapping,273,0.812,0.0293
stgcnpp,joint_missing_severe,3407,10,reading,273,0.5873,0.0183
stgcnpp,joint_missing_severe,3407,11,writing,272,0.5907,0.4007
stgcnpp,joint_missing_severe,3407,12,tear up paper,271,0.9139,0.0074
stgcnpp,joint_missing_severe,3407,13,wear jacket,275,0.983,0.4073
stgcnpp,joint_missing_severe,3407,14,take off jacket,276,0.9734,0.0217
stgcnpp,joint_missing_severe,3407,15,wear a shoe,273,0.7131,0.1538
stgcnpp,joint_missing_severe,3407,16,take off a shoe,274,0.7798,0.0
stgcnpp,joint_missing_severe,3407,17,wear on glasses,273,0.9206,0.0073
stgcnpp,joint_missing_severe,3407,18,take off glasses,274,0.9526,0.0182
stgcnpp,joint_missing_severe,3407,19,put on a hat/cap,272,0.9681,0.0074
stgcnpp,joint_missing_severe,3407,20,take off a hat/cap,273,0.9744,0.011
stgcnpp,joint_missing_severe,3407,21,cheer up,274,0.9367,0.0146
stgcnpp,joint_missing_severe,3407,22,hand waving,274,0.9221,0.1058
stgcnpp,joint_missing_severe,3407,23,kicking something,276,0.9432,0.0
stgcnpp,joint_missing_severe,3407,24,reach into pocket,274,0.8285,0.0073
stgcnpp,joint_missing_severe,3407,25,hopping (one foot jumping),275,0.9879,0.0036
stgcnpp,joint_missing_severe,3407,26,jump up,276,0.9988,0.0
stgcnpp,joint_missing_severe,3407,27,make a phone call/answer phone,275,0.8933,0.0
stgcnpp,joint_missing_severe,3407,28,playing with phone/tablet,275,0.7321,0.04
stgcnpp,joint_missing_severe,3407,29,typing on a keyboard,275,0.7309,0.2982
stgcnpp,joint_missing_severe,3407,30,pointing to something with finger,276,0.7766,0.0036
stgcnpp,joint_missing_severe,3407,31,taking a selfie,276,0.8925,0.1087
stgcnpp,joint_missing_severe,3407,32,check time (from watch),276,0.8973,0.0
stgcnpp,joint_missing_severe,3407,33,rub two hands together,276,0.8913,0.0
stgcnpp,joint_missing_severe,3407,34,nod head/bow,276,0.9674,0.0036
stgcnpp,joint_missing_severe,3407,35,shake head,275,0.9467,0.0
stgcnpp,joint_missing_severe,3407,36,wipe face,276,0.8829,0.1123
stgcnpp,joint_missing_severe,3407,37,salute,276,0.9275,0.0
stgcnpp,joint_missing_severe,3407,38,put the palms together,276,0.9348,0.0036
stgcnpp,joint_missing_severe,3407,39,cross hands in front (say stop),276,0.936,0.0036
stgcnpp,joint_missing_severe,3407,40,sneeze/cough,276,0.7633,0.0036
stgcnpp,joint_missing_severe,3407,41,staggering,276,0.9952,0.0
stgcnpp,joint_missing_severe,3407,42,falling,275,0.9891,0.0036
stgcnpp,joint_missing_severe,3407,43,touch head (headache),276,0.8164,0.0036
stgcnpp,joint_missing_severe,3407,44,touch chest (stomachache/heart pain),276,0.9312,0.0688
stgcnpp,joint_missing_severe,3407,45,touch back (backache),276,0.9312,0.0
stgcnpp,joint_missing_severe,3407,46,touch neck (neckache),276,0.843,0.0
stgcnpp,joint_missing_severe,3407,47,nausea or vomiting condition,275,0.8448,0.3673
stgcnpp,joint_missing_severe,3407,48,use a fan (with hand or paper)/feeling warm,275,0.9224,0.8473
stgcnpp,joint_missing_severe,3407,49,punching/slapping other person,274,0.9027,0.0
stgcnpp,joint_missing_severe,3407,50,kicking other person,276,0.936,0.0
stgcnpp,joint_missing_severe,3407,51,pushing other person,276,0.9601,0.0
stgcnpp,joint_missing_severe,3407,52,pat on back of other person,276,0.9239,0.0
stgcnpp,joint_missing_severe,3407,53,point finger at the other person,276,0.9058,0.0
stgcnpp,joint_missing_severe,3407,54,hugging other person,274,0.983,0.0073
stgcnpp,joint_missing_severe,3407,55,giving something to other person,276,0.9312,0.0
stgcnpp,joint_missing_severe,3407,56,touch other person's pocket,275,0.9394,0.0
stgcnpp,joint_missing_severe,3407,57,handshaking,276,0.9577,0.0
stgcnpp,joint_missing_severe,3407,58,walking towards each other,273,0.9951,0.0037
stgcnpp,joint_missing_severe,3407,59,walking apart from each other,276,0.9686,0.0362
stgcnpp,limb_occlusion_severe,255,0,drink water,274,0.8637,0.3796
stgcnpp,limb_occlusion_severe,255,1,eat meal/snack,275,0.7382,0.2945
stgcnpp,limb_occlusion_severe,255,2,brushing teeth,273,0.8694,0.3223
stgcnpp,limb_occlusion_severe,255,3,brushing hair,273,0.9267,0.4396
stgcnpp,limb_occlusion_severe,255,4,drop,275,0.8848,0.3236
stgcnpp,limb_occlusion_severe,255,5,pickup,275,0.9576,0.1673
stgcnpp,limb_occlusion_severe,255,6,throw,275,0.9115,0.3382
stgcnpp,limb_occlusion_severe,255,7,sitting down,273,0.9707,0.3516
stgcnpp,limb_occlusion_severe,255,8,standing up (from sitting position),273,0.9792,0.381
stgcnpp,limb_occlusion_severe,255,9,clapping,273,0.812,0.2564
stgcnpp,limb_occlusion_severe,255,10,reading,273,0.5873,0.4029
stgcnpp,limb_occlusion_severe,255,11,writing,272,0.5907,0.4228
stgcnpp,limb_occlusion_severe,255,12,tear up paper,271,0.9139,0.3247
stgcnpp,limb_occlusion_severe,255,13,wear jacket,275,0.983,0.2327
stgcnpp,limb_occlusion_severe,255,14,take off jacket,276,0.9734,0.4964
stgcnpp,limb_occlusion_severe,255,15,wear a shoe,273,0.7131,0.0659
stgcnpp,limb_occlusion_severe,255,16,take off a shoe,274,0.7798,0.2226
stgcnpp,limb_occlusion_severe,255,17,wear on glasses,273,0.9206,0.4725
stgcnpp,limb_occlusion_severe,255,18,take off glasses,274,0.9526,0.5219
stgcnpp,limb_occlusion_severe,255,19,put on a hat/cap,272,0.9681,0.4007
stgcnpp,limb_occlusion_severe,255,20,take off a hat/cap,273,0.9744,0.4432
stgcnpp,limb_occlusion_severe,255,21,cheer up,274,0.9367,0.3869
stgcnpp,limb_occlusion_severe,255,22,hand waving,274,0.9221,0.5073
stgcnpp,limb_occlusion_severe,255,23,kicking something,276,0.9432,0.4094
stgcnpp,limb_occlusion_severe,255,24,reach into pocket,274,0.8285,0.4015
stgcnpp,limb_occlusion_severe,255,25,hopping (one foot jumping),275,0.9879,0.5127
stgcnpp,limb_occlusion_severe,255,26,jump up,276,0.9988,0.2681
stgcnpp,limb_occlusion_severe,255,27,make a phone call/answer phone,275,0.8933,0.3491
stgcnpp,limb_occlusion_severe,255,28,playing with phone/tablet,275,0.7321,0.4255
stgcnpp,limb_occlusion_severe,255,29,typing on a keyboard,275,0.7309,0.4291
stgcnpp,limb_occlusion_severe,255,30,pointing to something with finger,276,0.7766,0.3261
stgcnpp,limb_occlusion_severe,255,31,taking a selfie,276,0.8925,0.3297
stgcnpp,limb_occlusion_severe,255,32,check time (from watch),276,0.8973,0.3406
stgcnpp,limb_occlusion_severe,255,33,rub two hands together,276,0.8913,0.4058
stgcnpp,limb_occlusion_severe,255,34,nod head/bow,276,0.9674,0.3696
stgcnpp,limb_occlusion_severe,255,35,shake head,275,0.9467,0.3673
stgcnpp,limb_occlusion_severe,255,36,wipe face,276,0.8829,0.25
stgcnpp,limb_occlusion_severe,255,37,salute,276,0.9275,0.3478
stgcnpp,limb_occlusion_severe,255,38,put the palms together,276,0.9348,0.3297
stgcnpp,limb_occlusion_severe,255,39,cross hands in front (say stop),276,0.936,0.1196
stgcnpp,limb_occlusion_severe,255,40,sneeze/cough,276,0.7633,0.2428
stgcnpp,limb_occlusion_severe,255,41,staggering,276,0.9952,0.0797
stgcnpp,limb_occlusion_severe,255,42,falling,275,0.9891,0.1127
stgcnpp,limb_occlusion_severe,255,43,touch head (headache),276,0.8164,0.2717
stgcnpp,limb_occlusion_severe,255,44,touch chest (stomachache/heart pain),276,0.9312,0.4746
stgcnpp,limb_occlusion_severe,255,45,touch back (backache),276,0.9312,0.5072
stgcnpp,limb_occlusion_severe,255,46,touch neck (neckache),276,0.843,0.3587
stgcnpp,limb_occlusion_severe,255,47,nausea or vomiting condition,275,0.8448,0.16
stgcnpp,limb_occlusion_severe,255,48,use a fan (with hand or paper)/feeling warm,275,0.9224,0.4036
stgcnpp,limb_occlusion_severe,255,49,punching/slapping other person,274,0.9027,0.2117
stgcnpp,limb_occlusion_severe,255,50,kicking other person,276,0.936,0.2572
stgcnpp,limb_occlusion_severe,255,51,pushing other person,276,0.9601,0.3659
stgcnpp,limb_occlusion_severe,255,52,pat on back of other person,276,0.9239,0.4819
stgcnpp,limb_occlusion_severe,255,53,point finger at the other person,276,0.9058,0.1341
stgcnpp,limb_occlusion_severe,255,54,hugging other person,274,0.983,0.4891
stgcnpp,limb_occlusion_severe,255,55,giving something to other person,276,0.9312,0.2645
stgcnpp,limb_occlusion_severe,255,56,touch other person's pocket,275,0.9394,0.4545
stgcnpp,limb_occlusion_severe,255,57,handshaking,276,0.9577,0.3406
stgcnpp,limb_occlusion_severe,255,58,walking towards each other,273,0.9951,0.1978
stgcnpp,limb_occlusion_severe,255,59,walking apart from each other,276,0.9686,0.5688
stgcnpp,limb_occlusion_severe,2026,0,drink water,274,0.8637,0.3577
stgcnpp,limb_occlusion_severe,2026,1,eat meal/snack,275,0.7382,0.2873
stgcnpp,limb_occlusion_severe,2026,2,brushing teeth,273,0.8694,0.337
stgcnpp,limb_occlusion_severe,2026,3,brushing hair,273,0.9267,0.4212
stgcnpp,limb_occlusion_severe,2026,4,drop,275,0.8848,0.3345
stgcnpp,limb_occlusion_severe,2026,5,pickup,275,0.9576,0.2473
stgcnpp,limb_occlusion_severe,2026,6,throw,275,0.9115,0.32
stgcnpp,limb_occlusion_severe,2026,7,sitting down,273,0.9707,0.4066
stgcnpp,limb_occlusion_severe,2026,8,standing up (from sitting position),273,0.9792,0.4359
stgcnpp,limb_occlusion_severe,2026,9,clapping,273,0.812,0.2601
stgcnpp,limb_occlusion_severe,2026,10,reading,273,0.5873,0.326
stgcnpp,limb_occlusion_severe,2026,11,writing,272,0.5907,0.3713
stgcnpp,limb_occlusion_severe,2026,12,tear up paper,271,0.9139,0.3173
stgcnpp,limb_occlusion_severe,2026,13,wear jacket,275,0.983,0.32
stgcnpp,limb_occlusion_severe,2026,14,take off jacket,276,0.9734,0.5254
stgcnpp,limb_occlusion_severe,2026,15,wear a shoe,273,0.7131,0.2381
stgcnpp,limb_occlusion_severe,2026,16,take off a shoe,274,0.7798,0.3869
stgcnpp,limb_occlusion_severe,2026,17,wear on glasses,273,0.9206,0.4505
stgcnpp,limb_occlusion_severe,2026,18,take off glasses,274,0.9526,0.5219
stgcnpp,limb_occlusion_severe,2026,19,put on a hat/cap,272,0.9681,0.2831
stgcnpp,limb_occlusion_severe,2026,20,take off a hat/cap,273,0.9744,0.4322
stgcnpp,limb_occlusion_severe,2026,21,cheer up,274,0.9367,0.2555
stgcnpp,limb_occlusion_severe,2026,22,hand waving,274,0.9221,0.4416
stgcnpp,limb_occlusion_severe,2026,23,kicking something,276,0.9432,0.4565
stgcnpp,limb_occlusion_severe,2026,24,reach into pocket,274,0.8285,0.4781
stgcnpp,limb_occlusion_severe,2026,25,hopping (one foot jumping),275,0.9879,0.5527
stgcnpp,limb_occlusion_severe,2026,26,jump up,276,0.9988,0.3841
stgcnpp,limb_occlusion_severe,2026,27,make a phone call/answer phone,275,0.8933,0.3491
stgcnpp,limb_occlusion_severe,2026,28,playing with phone/tablet,275,0.7321,0.3636
stgcnpp,limb_occlusion_severe,2026,29,typing on a keyboard,275,0.7309,0.5636
stgcnpp,limb_occlusion_severe,2026,30,pointing to something with finger,276,0.7766,0.3297
stgcnpp,limb_occlusion_severe,2026,31,taking a selfie,276,0.8925,0.3732
stgcnpp,limb_occlusion_severe,2026,32,check time (from watch),276,0.8973,0.3333
stgcnpp,limb_occlusion_severe,2026,33,rub two hands together,276,0.8913,0.3007
stgcnpp,limb_occlusion_severe,2026,34,nod head/bow,276,0.9674,0.3514
stgcnpp,limb_occlusion_severe,2026,35,shake head,275,0.9467,0.3782
stgcnpp,limb_occlusion_severe,2026,36,wipe face,276,0.8829,0.2101
stgcnpp,limb_occlusion_severe,2026,37,salute,276,0.9275,0.3551
stgcnpp,limb_occlusion_severe,2026,38,put the palms together,276,0.9348,0.308
stgcnpp,limb_occlusion_severe,2026,39,cross hands in front (say stop),276,0.936,0.0942
stgcnpp,limb_occlusion_severe,2026,40,sneeze/cough,276,0.7633,0.1739
stgcnpp,limb_occlusion_severe,2026,41,staggering,276,0.9952,0.1594
stgcnpp,limb_occlusion_severe,2026,42,falling,275,0.9891,0.2655
stgcnpp,limb_occlusion_severe,2026,43,touch head (headache),276,0.8164,0.2355
stgcnpp,limb_occlusion_severe,2026,44,touch chest (stomachache/heart pain),276,0.9312,0.5326
stgcnpp,limb_occlusion_severe,2026,45,touch back (backache),276,0.9312,0.5217
stgcnpp,limb_occlusion_severe,2026,46,touch neck (neckache),276,0.843,0.3442
stgcnpp,limb_occlusion_severe,2026,47,nausea or vomiting condition,275,0.8448,0.1782
stgcnpp,limb_occlusion_severe,2026,48,use a fan (with hand or paper)/feeling warm,275,0.9224,0.44
stgcnpp,limb_occlusion_severe,2026,49,punching/slapping other person,274,0.9027,0.3467
stgcnpp,limb_occlusion_severe,2026,50,kicking other person,276,0.936,0.4529
stgcnpp,limb_occlusion_severe,2026,51,pushing other person,276,0.9601,0.3261
stgcnpp,limb_occlusion_severe,2026,52,pat on back of other person,276,0.9239,0.4783
stgcnpp,limb_occlusion_severe,2026,53,point finger at the other person,276,0.9058,0.1848
stgcnpp,limb_occlusion_severe,2026,54,hugging other person,274,0.983,0.4854
stgcnpp,limb_occlusion_severe,2026,55,giving something to other person,276,0.9312,0.3551
stgcnpp,limb_occlusion_severe,2026,56,touch other person's pocket,275,0.9394,0.5527
stgcnpp,limb_occlusion_severe,2026,57,handshaking,276,0.9577,0.442
stgcnpp,limb_occlusion_severe,2026,58,walking towards each other,273,0.9951,0.2125
stgcnpp,limb_occlusion_severe,2026,59,walking apart from each other,276,0.9686,0.3333
stgcnpp,limb_occlusion_severe,3407,0,drink water,274,0.8637,0.365
stgcnpp,limb_occlusion_severe,3407,1,eat meal/snack,275,0.7382,0.2727
stgcnpp,limb_occlusion_severe,3407,2,brushing teeth,273,0.8694,0.337
stgcnpp,limb_occlusion_severe,3407,3,brushing hair,273,0.9267,0.4139
stgcnpp,limb_occlusion_severe,3407,4,drop,275,0.8848,0.3091
stgcnpp,limb_occlusion_severe,3407,5,pickup,275,0.9576,0.2255
stgcnpp,limb_occlusion_severe,3407,6,throw,275,0.9115,0.3236
stgcnpp,limb_occlusion_severe,3407,7,sitting down,273,0.9707,0.381
stgcnpp,limb_occlusion_severe,3407,8,standing up (from sitting position),273,0.9792,0.8022
stgcnpp,limb_occlusion_severe,3407,9,clapping,273,0.812,0.2784
stgcnpp,limb_occlusion_severe,3407,10,reading,273,0.5873,0.4249
stgcnpp,limb_occlusion_severe,3407,11,writing,272,0.5907,0.3787
stgcnpp,limb_occlusion_severe,3407,12,tear up paper,271,0.9139,0.2915
stgcnpp,limb_occlusion_severe,3407,13,wear jacket,275,0.983,0.3855
stgcnpp,limb_occlusion_severe,3407,14,take off jacket,276,0.9734,0.4928
stgcnpp,limb_occlusion_severe,3407,15,wear a shoe,273,0.7131,0.2894
stgcnpp,limb_occlusion_severe,3407,16,take off a shoe,274,0.7798,0.4307
stgcnpp,limb_occlusion_severe,3407,17,wear on glasses,273,0.9206,0.4835
stgcnpp,limb_occlusion_severe,3407,18,take off glasses,274,0.9526,0.5474
stgcnpp,limb_occlusion_severe,3407,19,put on a hat/cap,272,0.9681,0.5074
stgcnpp,limb_occlusion_severe,3407,20,take off a hat/cap,273,0.9744,0.4359
stgcnpp,limb_occlusion_severe,3407,21,cheer up,274,0.9367,0.3905
stgcnpp,limb_occlusion_severe,3407,22,hand waving,274,0.9221,0.427
stgcnpp,limb_occlusion_severe,3407,23,kicking something,276,0.9432,0.4783
stgcnpp,limb_occlusion_severe,3407,24,reach into pocket,274,0.8285,0.4015
stgcnpp,limb_occlusion_severe,3407,25,hopping (one foot jumping),275,0.9879,0.7855
stgcnpp,limb_occlusion_severe,3407,26,jump up,276,0.9988,0.4601
stgcnpp,limb_occlusion_severe,3407,27,make a phone call/answer phone,275,0.8933,0.3745
stgcnpp,limb_occlusion_severe,3407,28,playing with phone/tablet,275,0.7321,0.3564
stgcnpp,limb_occlusion_severe,3407,29,typing on a keyboard,275,0.7309,0.5055
stgcnpp,limb_occlusion_severe,3407,30,pointing to something with finger,276,0.7766,0.3297
stgcnpp,limb_occlusion_severe,3407,31,taking a selfie,276,0.8925,0.3551
stgcnpp,limb_occlusion_severe,3407,32,check time (from watch),276,0.8973,0.337
stgcnpp,limb_occlusion_severe,3407,33,rub two hands together,276,0.8913,0.3804
stgcnpp,limb_occlusion_severe,3407,34,nod head/bow,276,0.9674,0.3841
stgcnpp,limb_occlusion_severe,3407,35,shake head,275,0.9467,0.3745
stgcnpp,limb_occlusion_severe,3407,36,wipe face,276,0.8829,0.2174
stgcnpp,limb_occlusion_severe,3407,37,salute,276,0.9275,0.3406
stgcnpp,limb_occlusion_severe,3407,38,put the palms together,276,0.9348,0.2246
stgcnpp,limb_occlusion_severe,3407,39,cross hands in front (say stop),276,0.936,0.1196
stgcnpp,limb_occlusion_severe,3407,40,sneeze/cough,276,0.7633,0.1486
stgcnpp,limb_occlusion_severe,3407,41,staggering,276,0.9952,0.1558
stgcnpp,limb_occlusion_severe,3407,42,falling,275,0.9891,0.2836
stgcnpp,limb_occlusion_severe,3407,43,touch head (headache),276,0.8164,0.2862
stgcnpp,limb_occlusion_severe,3407,44,touch chest (stomachache/heart pain),276,0.9312,0.4855
stgcnpp,limb_occlusion_severe,3407,45,touch back (backache),276,0.9312,0.6014
stgcnpp,limb_occlusion_severe,3407,46,touch neck (neckache),276,0.843,0.3659
stgcnpp,limb_occlusion_severe,3407,47,nausea or vomiting condition,275,0.8448,0.1636
stgcnpp,limb_occlusion_severe,3407,48,use a fan (with hand or paper)/feeling warm,275,0.9224,0.4291
stgcnpp,limb_occlusion_severe,3407,49,punching/slapping other person,274,0.9027,0.2263
stgcnpp,limb_occlusion_severe,3407,50,kicking other person,276,0.936,0.3551
stgcnpp,limb_occlusion_severe,3407,51,pushing other person,276,0.9601,0.3841
stgcnpp,limb_occlusion_severe,3407,52,pat on back of other person,276,0.9239,0.3986
stgcnpp,limb_occlusion_severe,3407,53,point finger at the other person,276,0.9058,0.1377
stgcnpp,limb_occlusion_severe,3407,54,hugging other person,274,0.983,0.5584
stgcnpp,limb_occlusion_severe,3407,55,giving something to other person,276,0.9312,0.3877
stgcnpp,limb_occlusion_severe,3407,56,touch other person's pocket,275,0.9394,0.4691
stgcnpp,limb_occlusion_severe,3407,57,handshaking,276,0.9577,0.3261
stgcnpp,limb_occlusion_severe,3407,58,walking towards each other,273,0.9951,0.2198
stgcnpp,limb_occlusion_severe,3407,59,walking apart from each other,276,0.9686,0.4783
stgcnpp,coord_noise_severe,255,0,drink water,274,0.8637,0.0
stgcnpp,coord_noise_severe,255,1,eat meal/snack,275,0.7382,0.0
stgcnpp,coord_noise_severe,255,2,brushing teeth,273,0.8694,0.0
stgcnpp,coord_noise_severe,255,3,brushing hair,273,0.9267,0.1648
stgcnpp,coord_noise_severe,255,4,drop,275,0.8848,0.0
stgcnpp,coord_noise_severe,255,5,pickup,275,0.9576,0.0
stgcnpp,coord_noise_severe,255,6,throw,275,0.9115,0.0036
stgcnpp,coord_noise_severe,255,7,sitting down,273,0.9707,0.5678
stgcnpp,coord_noise_severe,255,8,standing up (from sitting position),273,0.9792,0.0
stgcnpp,coord_noise_severe,255,9,clapping,273,0.812,0.0
stgcnpp,coord_noise_severe,255,10,reading,273,0.5873,0.0037
stgcnpp,coord_noise_severe,255,11,writing,272,0.5907,0.1471
stgcnpp,coord_noise_severe,255,12,tear up paper,271,0.9139,0.0
stgcnpp,coord_noise_severe,255,13,wear jacket,275,0.983,0.0873
stgcnpp,coord_noise_severe,255,14,take off jacket,276,0.9734,0.0
stgcnpp,coord_noise_severe,255,15,wear a shoe,273,0.7131,0.1612
stgcnpp,coord_noise_severe,255,16,take off a shoe,274,0.7798,0.1387
stgcnpp,coord_noise_severe,255,17,wear on glasses,273,0.9206,0.0
stgcnpp,coord_noise_severe,255,18,take off glasses,274,0.9526,0.0
stgcnpp,coord_noise_severe,255,19,put on a hat/cap,272,0.9681,0.0
stgcnpp,coord_noise_severe,255,20,take off a hat/cap,273,0.9744,0.0
stgcnpp,coord_noise_severe,255,21,cheer up,274,0.9367,0.0
stgcnpp,coord_noise_severe,255,22,hand waving,274,0.9221,0.0
stgcnpp,coord_noise_severe,255,23,kicking something,276,0.9432,0.0
stgcnpp,coord_noise_severe,255,24,reach into pocket,274,0.8285,0.0
stgcnpp,coord_noise_severe,255,25,hopping (one foot jumping),275,0.9879,0.0
stgcnpp,coord_noise_severe,255,26,jump up,276,0.9988,0.0
stgcnpp,coord_noise_severe,255,27,make a phone call/answer phone,275,0.8933,0.0
stgcnpp,coord_noise_severe,255,28,playing with phone/tablet,275,0.7321,0.0145
stgcnpp,coord_noise_severe,255,29,typing on a keyboard,275,0.7309,0.0
stgcnpp,coord_noise_severe,255,30,pointing to something with finger,276,0.7766,0.0
stgcnpp,coord_noise_severe,255,31,taking a selfie,276,0.8925,0.0072
stgcnpp,coord_noise_severe,255,32,check time (from watch),276,0.8973,0.0
stgcnpp,coord_noise_severe,255,33,rub two hands together,276,0.8913,0.0036
stgcnpp,coord_noise_severe,255,34,nod head/bow,276,0.9674,0.0181
stgcnpp,coord_noise_severe,255,35,shake head,275,0.9467,0.0
stgcnpp,coord_noise_severe,255,36,wipe face,276,0.8829,0.0
stgcnpp,coord_noise_severe,255,37,salute,276,0.9275,0.0
stgcnpp,coord_noise_severe,255,38,put the palms together,276,0.9348,0.0
stgcnpp,coord_noise_severe,255,39,cross hands in front (say stop),276,0.936,0.0
stgcnpp,coord_noise_severe,255,40,sneeze/cough,276,0.7633,0.0
stgcnpp,coord_noise_severe,255,41,staggering,276,0.9952,0.0
stgcnpp,coord_noise_severe,255,42,falling,275,0.9891,0.0582
stgcnpp,coord_noise_severe,255,43,touch head (headache),276,0.8164,0.0
stgcnpp,coord_noise_severe,255,44,touch chest (stomachache/heart pain),276,0.9312,0.0
stgcnpp,coord_noise_severe,255,45,touch back (backache),276,0.9312,0.0326
stgcnpp,coord_noise_severe,255,46,touch neck (neckache),276,0.843,0.0036
stgcnpp,coord_noise_severe,255,47,nausea or vomiting condition,275,0.8448,0.1673
stgcnpp,coord_noise_severe,255,48,use a fan (with hand or paper)/feeling warm,275,0.9224,0.9709
stgcnpp,coord_noise_severe,255,49,punching/slapping other person,274,0.9027,0.0
stgcnpp,coord_noise_severe,255,50,kicking other person,276,0.936,0.0
stgcnpp,coord_noise_severe,255,51,pushing other person,276,0.9601,0.0
stgcnpp,coord_noise_severe,255,52,pat on back of other person,276,0.9239,0.0
stgcnpp,coord_noise_severe,255,53,point finger at the other person,276,0.9058,0.0
stgcnpp,coord_noise_severe,255,54,hugging other person,274,0.983,0.4015
stgcnpp,coord_noise_severe,255,55,giving something to other person,276,0.9312,0.0
stgcnpp,coord_noise_severe,255,56,touch other person's pocket,275,0.9394,0.0145
stgcnpp,coord_noise_severe,255,57,handshaking,276,0.9577,0.0
stgcnpp,coord_noise_severe,255,58,walking towards each other,273,0.9951,0.4359
stgcnpp,coord_noise_severe,255,59,walking apart from each other,276,0.9686,0.337
stgcnpp,coord_noise_severe,2026,0,drink water,274,0.8637,0.0
stgcnpp,coord_noise_severe,2026,1,eat meal/snack,275,0.7382,0.0
stgcnpp,coord_noise_severe,2026,2,brushing teeth,273,0.8694,0.0
stgcnpp,coord_noise_severe,2026,3,brushing hair,273,0.9267,0.0
stgcnpp,coord_noise_severe,2026,4,drop,275,0.8848,0.0
stgcnpp,coord_noise_severe,2026,5,pickup,275,0.9576,0.2655
stgcnpp,coord_noise_severe,2026,6,throw,275,0.9115,0.0
stgcnpp,coord_noise_severe,2026,7,sitting down,273,0.9707,0.0
stgcnpp,coord_noise_severe,2026,8,standing up (from sitting position),273,0.9792,0.0
stgcnpp,coord_noise_severe,2026,9,clapping,273,0.812,0.044
stgcnpp,coord_noise_severe,2026,10,reading,273,0.5873,0.0
stgcnpp,coord_noise_severe,2026,11,writing,272,0.5907,0.2684
stgcnpp,coord_noise_severe,2026,12,tear up paper,271,0.9139,0.0
stgcnpp,coord_noise_severe,2026,13,wear jacket,275,0.983,0.1855
stgcnpp,coord_noise_severe,2026,14,take off jacket,276,0.9734,0.0
stgcnpp,coord_noise_severe,2026,15,wear a shoe,273,0.7131,0.011
stgcnpp,coord_noise_severe,2026,16,take off a shoe,274,0.7798,0.0547
stgcnpp,coord_noise_severe,2026,17,wear on glasses,273,0.9206,0.0
stgcnpp,coord_noise_severe,2026,18,take off glasses,274,0.9526,0.0
stgcnpp,coord_noise_severe,2026,19,put on a hat/cap,272,0.9681,0.0
stgcnpp,coord_noise_severe,2026,20,take off a hat/cap,273,0.9744,0.0
stgcnpp,coord_noise_severe,2026,21,cheer up,274,0.9367,0.0
stgcnpp,coord_noise_severe,2026,22,hand waving,274,0.9221,0.0146
stgcnpp,coord_noise_severe,2026,23,kicking something,276,0.9432,0.0
stgcnpp,coord_noise_severe,2026,24,reach into pocket,274,0.8285,0.0
stgcnpp,coord_noise_severe,2026,25,hopping (one foot jumping),275,0.9879,0.0
stgcnpp,coord_noise_severe,2026,26,jump up,276,0.9988,0.0
stgcnpp,coord_noise_severe,2026,27,make a phone call/answer phone,275,0.8933,0.0
stgcnpp,coord_noise_severe,2026,28,playing with phone/tablet,275,0.7321,0.0
stgcnpp,coord_noise_severe,2026,29,typing on a keyboard,275,0.7309,0.0545
stgcnpp,coord_noise_severe,2026,30,pointing to something with finger,276,0.7766,0.0
stgcnpp,coord_noise_severe,2026,31,taking a selfie,276,0.8925,0.0616
stgcnpp,coord_noise_severe,2026,32,check time (from watch),276,0.8973,0.0
stgcnpp,coord_noise_severe,2026,33,rub two hands together,276,0.8913,0.0
stgcnpp,coord_noise_severe,2026,34,nod head/bow,276,0.9674,0.5036
stgcnpp,coord_noise_severe,2026,35,shake head,275,0.9467,0.0
stgcnpp,coord_noise_severe,2026,36,wipe face,276,0.8829,0.0217
stgcnpp,coord_noise_severe,2026,37,salute,276,0.9275,0.0
stgcnpp,coord_noise_severe,2026,38,put the palms together,276,0.9348,0.0
stgcnpp,coord_noise_severe,2026,39,cross hands in front (say stop),276,0.936,0.0181
stgcnpp,coord_noise_severe,2026,40,sneeze/cough,276,0.7633,0.0
stgcnpp,coord_noise_severe,2026,41,staggering,276,0.9952,0.0
stgcnpp,coord_noise_severe,2026,42,falling,275,0.9891,0.1091
stgcnpp,coord_noise_severe,2026,43,touch head (headache),276,0.8164,0.0
stgcnpp,coord_noise_severe,2026,44,touch chest (stomachache/heart pain),276,0.9312,0.0
stgcnpp,coord_noise_severe,2026,45,touch back (backache),276,0.9312,0.4964
stgcnpp,coord_noise_severe,2026,46,touch neck (neckache),276,0.843,0.0
stgcnpp,coord_noise_severe,2026,47,nausea or vomiting condition,275,0.8448,0.1455
stgcnpp,coord_noise_severe,2026,48,use a fan (with hand or paper)/feeling warm,275,0.9224,0.7273
stgcnpp,coord_noise_severe,2026,49,punching/slapping other person,274,0.9027,0.0073
stgcnpp,coord_noise_severe,2026,50,kicking other person,276,0.936,0.0
stgcnpp,coord_noise_severe,2026,51,pushing other person,276,0.9601,0.0
stgcnpp,coord_noise_severe,2026,52,pat on back of other person,276,0.9239,0.0
stgcnpp,coord_noise_severe,2026,53,point finger at the other person,276,0.9058,0.0145
stgcnpp,coord_noise_severe,2026,54,hugging other person,274,0.983,0.4051
stgcnpp,coord_noise_severe,2026,55,giving something to other person,276,0.9312,0.0
stgcnpp,coord_noise_severe,2026,56,touch other person's pocket,275,0.9394,0.0873
stgcnpp,coord_noise_severe,2026,57,handshaking,276,0.9577,0.0543
stgcnpp,coord_noise_severe,2026,58,walking towards each other,273,0.9951,0.0952
stgcnpp,coord_noise_severe,2026,59,walking apart from each other,276,0.9686,0.0
stgcnpp,coord_noise_severe,3407,0,drink water,274,0.8637,0.0
stgcnpp,coord_noise_severe,3407,1,eat meal/snack,275,0.7382,0.0
stgcnpp,coord_noise_severe,3407,2,brushing teeth,273,0.8694,0.0
stgcnpp,coord_noise_severe,3407,3,brushing hair,273,0.9267,0.0
stgcnpp,coord_noise_severe,3407,4,drop,275,0.8848,0.0
stgcnpp,coord_noise_severe,3407,5,pickup,275,0.9576,0.0
stgcnpp,coord_noise_severe,3407,6,throw,275,0.9115,0.0
stgcnpp,coord_noise_severe,3407,7,sitting down,273,0.9707,0.0147
stgcnpp,coord_noise_severe,3407,8,standing up (from sitting position),273,0.9792,0.0
stgcnpp,coord_noise_severe,3407,9,clapping,273,0.812,0.0
stgcnpp,coord_noise_severe,3407,10,reading,273,0.5873,0.0
stgcnpp,coord_noise_severe,3407,11,writing,272,0.5907,0.4118
stgcnpp,coord_noise_severe,3407,12,tear up paper,271,0.9139,0.0
stgcnpp,coord_noise_severe,3407,13,wear jacket,275,0.983,0.9309
stgcnpp,coord_noise_severe,3407,14,take off jacket,276,0.9734,0.0036
stgcnpp,coord_noise_severe,3407,15,wear a shoe,273,0.7131,0.4945
stgcnpp,coord_noise_severe,3407,16,take off a shoe,274,0.7798,0.0
stgcnpp,coord_noise_severe,3407,17,wear on glasses,273,0.9206,0.0
stgcnpp,coord_noise_severe,3407,18,take off glasses,274,0.9526,0.0
stgcnpp,coord_noise_severe,3407,19,put on a hat/cap,272,0.9681,0.0
stgcnpp,coord_noise_severe,3407,20,take off a hat/cap,273,0.9744,0.0
stgcnpp,coord_noise_severe,3407,21,cheer up,274,0.9367,0.0
stgcnpp,coord_noise_severe,3407,22,hand waving,274,0.9221,0.0
stgcnpp,coord_noise_severe,3407,23,kicking something,276,0.9432,0.0036
stgcnpp,coord_noise_severe,3407,24,reach into pocket,274,0.8285,0.0
stgcnpp,coord_noise_severe,3407,25,hopping (one foot jumping),275,0.9879,0.0
stgcnpp,coord_noise_severe,3407,26,jump up,276,0.9988,0.0
stgcnpp,coord_noise_severe,3407,27,make a phone call/answer phone,275,0.8933,0.0
stgcnpp,coord_noise_severe,3407,28,playing with phone/tablet,275,0.7321,0.0
stgcnpp,coord_noise_severe,3407,29,typing on a keyboard,275,0.7309,0.0
stgcnpp,coord_noise_severe,3407,30,pointing to something with finger,276,0.7766,0.0
stgcnpp,coord_noise_severe,3407,31,taking a selfie,276,0.8925,0.0109
stgcnpp,coord_noise_severe,3407,32,check time (from watch),276,0.8973,0.0
stgcnpp,coord_noise_severe,3407,33,rub two hands together,276,0.8913,0.0
stgcnpp,coord_noise_severe,3407,34,nod head/bow,276,0.9674,0.0
stgcnpp,coord_noise_severe,3407,35,shake head,275,0.9467,0.0
stgcnpp,coord_noise_severe,3407,36,wipe face,276,0.8829,0.0
stgcnpp,coord_noise_severe,3407,37,salute,276,0.9275,0.0
stgcnpp,coord_noise_severe,3407,38,put the palms together,276,0.9348,0.0
stgcnpp,coord_noise_severe,3407,39,cross hands in front (say stop),276,0.936,0.0
stgcnpp,coord_noise_severe,3407,40,sneeze/cough,276,0.7633,0.0
stgcnpp,coord_noise_severe,3407,41,staggering,276,0.9952,0.0
stgcnpp,coord_noise_severe,3407,42,falling,275,0.9891,0.0255
stgcnpp,coord_noise_severe,3407,43,touch head (headache),276,0.8164,0.0
stgcnpp,coord_noise_severe,3407,44,touch chest (stomachache/heart pain),276,0.9312,0.0
stgcnpp,coord_noise_severe,3407,45,touch back (backache),276,0.9312,0.0
stgcnpp,coord_noise_severe,3407,46,touch neck (neckache),276,0.843,0.0
stgcnpp,coord_noise_severe,3407,47,nausea or vomiting condition,275,0.8448,0.1745
stgcnpp,coord_noise_severe,3407,48,use a fan (with hand or paper)/feeling warm,275,0.9224,0.7891
stgcnpp,coord_noise_severe,3407,49,punching/slapping other person,274,0.9027,0.0
stgcnpp,coord_noise_severe,3407,50,kicking other person,276,0.936,0.0
stgcnpp,coord_noise_severe,3407,51,pushing other person,276,0.9601,0.0
stgcnpp,coord_noise_severe,3407,52,pat on back of other person,276,0.9239,0.0
stgcnpp,coord_noise_severe,3407,53,point finger at the other person,276,0.9058,0.0
stgcnpp,coord_noise_severe,3407,54,hugging other person,274,0.983,0.0
stgcnpp,coord_noise_severe,3407,55,giving something to other person,276,0.9312,0.0
stgcnpp,coord_noise_severe,3407,56,touch other person's pocket,275,0.9394,0.0
stgcnpp,coord_noise_severe,3407,57,handshaking,276,0.9577,0.0
stgcnpp,coord_noise_severe,3407,58,walking towards each other,273,0.9951,0.2711
stgcnpp,coord_noise_severe,3407,59,walking apart from each other,276,0.9686,0.0
stgcnpp,frame_missing_severe,255,0,drink water,274,0.8637,0.7153
stgcnpp,frame_missing_severe,255,1,eat meal/snack,275,0.7382,0.4291
stgcnpp,frame_missing_severe,255,2,brushing teeth,273,0.8694,0.5458
stgcnpp,frame_missing_severe,255,3,brushing hair,273,0.9267,0.6484
stgcnpp,frame_missing_severe,255,4,drop,275,0.8848,0.72
stgcnpp,frame_missing_severe,255,5,pickup,275,0.9576,0.6218
stgcnpp,frame_missing_severe,255,6,throw,275,0.9115,0.7345
stgcnpp,frame_missing_severe,255,7,sitting down,273,0.9707,0.8681
stgcnpp,frame_missing_severe,255,8,standing up (from sitting position),273,0.9792,0.9011
stgcnpp,frame_missing_severe,255,9,clapping,273,0.812,0.5751
stgcnpp,frame_missing_severe,255,10,reading,273,0.5873,0.4029
stgcnpp,frame_missing_severe,255,11,writing,272,0.5907,0.375
stgcnpp,frame_missing_severe,255,12,tear up paper,271,0.9139,0.6642
stgcnpp,frame_missing_severe,255,13,wear jacket,275,0.983,0.7745
stgcnpp,frame_missing_severe,255,14,take off jacket,276,0.9734,0.779
stgcnpp,frame_missing_severe,255,15,wear a shoe,273,0.7131,0.4029
stgcnpp,frame_missing_severe,255,16,take off a shoe,274,0.7798,0.5182
stgcnpp,frame_missing_severe,255,17,wear on glasses,273,0.9206,0.4762
stgcnpp,frame_missing_severe,255,18,take off glasses,274,0.9526,0.4088
stgcnpp,frame_missing_severe,255,19,put on a hat/cap,272,0.9681,0.636
stgcnpp,frame_missing_severe,255,20,take off a hat/cap,273,0.9744,0.6557
stgcnpp,frame_missing_severe,255,21,cheer up,274,0.9367,0.854
stgcnpp,frame_missing_severe,255,22,hand waving,274,0.9221,0.7664
stgcnpp,frame_missing_severe,255,23,kicking something,276,0.9432,0.8225
stgcnpp,frame_missing_severe,255,24,reach into pocket,274,0.8285,0.4015
stgcnpp,frame_missing_severe,255,25,hopping (one foot jumping),275,0.9879,0.8909
stgcnpp,frame_missing_severe,255,26,jump up,276,0.9988,0.8188
stgcnpp,frame_missing_severe,255,27,make a phone call/answer phone,275,0.8933,0.5273
stgcnpp,frame_missing_severe,255,28,playing with phone/tablet,275,0.7321,0.5745
stgcnpp,frame_missing_severe,255,29,typing on a keyboard,275,0.7309,0.6873
stgcnpp,frame_missing_severe,255,30,pointing to something with finger,276,0.7766,0.7101
stgcnpp,frame_missing_severe,255,31,taking a selfie,276,0.8925,0.5399
stgcnpp,frame_missing_severe,255,32,check time (from watch),276,0.8973,0.6123
stgcnpp,frame_missing_severe,255,33,rub two hands together,276,0.8913,0.692
stgcnpp,frame_missing_severe,255,34,nod head/bow,276,0.9674,0.9094
stgcnpp,frame_missing_severe,255,35,shake head,275,0.9467,0.6727
stgcnpp,frame_missing_severe,255,36,wipe face,276,0.8829,0.5435
stgcnpp,frame_missing_severe,255,37,salute,276,0.9275,0.7065
stgcnpp,frame_missing_severe,255,38,put the palms together,276,0.9348,0.808
stgcnpp,frame_missing_severe,255,39,cross hands in front (say stop),276,0.936,0.6667
stgcnpp,frame_missing_severe,255,40,sneeze/cough,276,0.7633,0.4601
stgcnpp,frame_missing_severe,255,41,staggering,276,0.9952,0.6884
stgcnpp,frame_missing_severe,255,42,falling,275,0.9891,0.9091
stgcnpp,frame_missing_severe,255,43,touch head (headache),276,0.8164,0.558
stgcnpp,frame_missing_severe,255,44,touch chest (stomachache/heart pain),276,0.9312,0.837
stgcnpp,frame_missing_severe,255,45,touch back (backache),276,0.9312,0.8442
stgcnpp,frame_missing_severe,255,46,touch neck (neckache),276,0.843,0.3877
stgcnpp,frame_missing_severe,255,47,nausea or vomiting condition,275,0.8448,0.5382
stgcnpp,frame_missing_severe,255,48,use a fan (with hand or paper)/feeling warm,275,0.9224,0.8691
stgcnpp,frame_missing_severe,255,49,punching/slapping other person,274,0.9027,0.4307
stgcnpp,frame_missing_severe,255,50,kicking other person,276,0.936,0.7754
stgcnpp,frame_missing_severe,255,51,pushing other person,276,0.9601,0.5145
stgcnpp,frame_missing_severe,255,52,pat on back of other person,276,0.9239,0.5109
stgcnpp,frame_missing_severe,255,53,point finger at the other person,276,0.9058,0.3841
stgcnpp,frame_missing_severe,255,54,hugging other person,274,0.983,0.8905
stgcnpp,frame_missing_severe,255,55,giving something to other person,276,0.9312,0.6522
stgcnpp,frame_missing_severe,255,56,touch other person's pocket,275,0.9394,0.5745
stgcnpp,frame_missing_severe,255,57,handshaking,276,0.9577,0.7319
stgcnpp,frame_missing_severe,255,58,walking towards each other,273,0.9951,0.9304
stgcnpp,frame_missing_severe,255,59,walking apart from each other,276,0.9686,0.9348
stgcnpp,frame_missing_severe,2026,0,drink water,274,0.8637,0.5985
stgcnpp,frame_missing_severe,2026,1,eat meal/snack,275,0.7382,0.4691
stgcnpp,frame_missing_severe,2026,2,brushing teeth,273,0.8694,0.7106
stgcnpp,frame_missing_severe,2026,3,brushing hair,273,0.9267,0.652
stgcnpp,frame_missing_severe,2026,4,drop,275,0.8848,0.6327
stgcnpp,frame_missing_severe,2026,5,pickup,275,0.9576,0.7782
stgcnpp,frame_missing_severe,2026,6,throw,275,0.9115,0.6691
stgcnpp,frame_missing_severe,2026,7,sitting down,273,0.9707,0.8278
stgcnpp,frame_missing_severe,2026,8,standing up (from sitting position),273,0.9792,0.8938
stgcnpp,frame_missing_severe,2026,9,clapping,273,0.812,0.5861
stgcnpp,frame_missing_severe,2026,10,reading,273,0.5873,0.4139
stgcnpp,frame_missing_severe,2026,11,writing,272,0.5907,0.3971
stgcnpp,frame_missing_severe,2026,12,tear up paper,271,0.9139,0.6125
stgcnpp,frame_missing_severe,2026,13,wear jacket,275,0.983,0.84
stgcnpp,frame_missing_severe,2026,14,take off jacket,276,0.9734,0.8152
stgcnpp,frame_missing_severe,2026,15,wear a shoe,273,0.7131,0.5275
stgcnpp,frame_missing_severe,2026,16,take off a shoe,274,0.7798,0.5073
stgcnpp,frame_missing_severe,2026,17,wear on glasses,273,0.9206,0.641
stgcnpp,frame_missing_severe,2026,18,take off glasses,274,0.9526,0.5401
stgcnpp,frame_missing_severe,2026,19,put on a hat/cap,272,0.9681,0.7096
stgcnpp,frame_missing_severe,2026,20,take off a hat/cap,273,0.9744,0.5495
stgcnpp,frame_missing_severe,2026,21,cheer up,274,0.9367,0.8723
stgcnpp,frame_missing_severe,2026,22,hand waving,274,0.9221,0.7336
stgcnpp,frame_missing_severe,2026,23,kicking something,276,0.9432,0.779
stgcnpp,frame_missing_severe,2026,24,reach into pocket,274,0.8285,0.5657
stgcnpp,frame_missing_severe,2026,25,hopping (one foot jumping),275,0.9879,0.8545
stgcnpp,frame_missing_severe,2026,26,jump up,276,0.9988,0.7754
stgcnpp,frame_missing_severe,2026,27,make a phone call/answer phone,275,0.8933,0.5273
stgcnpp,frame_missing_severe,2026,28,playing with phone/tablet,275,0.7321,0.52
stgcnpp,frame_missing_severe,2026,29,typing on a keyboard,275,0.7309,0.6764
stgcnpp,frame_missing_severe,2026,30,pointing to something with finger,276,0.7766,0.7464
stgcnpp,frame_missing_severe,2026,31,taking a selfie,276,0.8925,0.7029
stgcnpp,frame_missing_severe,2026,32,check time (from watch),276,0.8973,0.6449
stgcnpp,frame_missing_severe,2026,33,rub two hands together,276,0.8913,0.4928
stgcnpp,frame_missing_severe,2026,34,nod head/bow,276,0.9674,0.8949
stgcnpp,frame_missing_severe,2026,35,shake head,275,0.9467,0.8182
stgcnpp,frame_missing_severe,2026,36,wipe face,276,0.8829,0.5
stgcnpp,frame_missing_severe,2026,37,salute,276,0.9275,0.8949
stgcnpp,frame_missing_severe,2026,38,put the palms together,276,0.9348,0.721
stgcnpp,frame_missing_severe,2026,39,cross hands in front (say stop),276,0.936,0.6739
stgcnpp,frame_missing_severe,2026,40,sneeze/cough,276,0.7633,0.4674
stgcnpp,frame_missing_severe,2026,41,staggering,276,0.9952,0.6775
stgcnpp,frame_missing_severe,2026,42,falling,275,0.9891,0.8836
stgcnpp,frame_missing_severe,2026,43,touch head (headache),276,0.8164,0.4384
stgcnpp,frame_missing_severe,2026,44,touch chest (stomachache/heart pain),276,0.9312,0.7101
stgcnpp,frame_missing_severe,2026,45,touch back (backache),276,0.9312,0.8188
stgcnpp,frame_missing_severe,2026,46,touch neck (neckache),276,0.843,0.3841
stgcnpp,frame_missing_severe,2026,47,nausea or vomiting condition,275,0.8448,0.4982
stgcnpp,frame_missing_severe,2026,48,use a fan (with hand or paper)/feeling warm,275,0.9224,0.7673
stgcnpp,frame_missing_severe,2026,49,punching/slapping other person,274,0.9027,0.4599
stgcnpp,frame_missing_severe,2026,50,kicking other person,276,0.936,0.692
stgcnpp,frame_missing_severe,2026,51,pushing other person,276,0.9601,0.4384
stgcnpp,frame_missing_severe,2026,52,pat on back of other person,276,0.9239,0.587
stgcnpp,frame_missing_severe,2026,53,point finger at the other person,276,0.9058,0.192
stgcnpp,frame_missing_severe,2026,54,hugging other person,274,0.983,0.8723
stgcnpp,frame_missing_severe,2026,55,giving something to other person,276,0.9312,0.6159
stgcnpp,frame_missing_severe,2026,56,touch other person's pocket,275,0.9394,0.8218
stgcnpp,frame_missing_severe,2026,57,handshaking,276,0.9577,0.6558
stgcnpp,frame_missing_severe,2026,58,walking towards each other,273,0.9951,0.9377
stgcnpp,frame_missing_severe,2026,59,walking apart from each other,276,0.9686,0.9275
stgcnpp,frame_missing_severe,3407,0,drink water,274,0.8637,0.6168
stgcnpp,frame_missing_severe,3407,1,eat meal/snack,275,0.7382,0.3673
stgcnpp,frame_missing_severe,3407,2,brushing teeth,273,0.8694,0.6154
stgcnpp,frame_missing_severe,3407,3,brushing hair,273,0.9267,0.641
stgcnpp,frame_missing_severe,3407,4,drop,275,0.8848,0.8436
stgcnpp,frame_missing_severe,3407,5,pickup,275,0.9576,0.76
stgcnpp,frame_missing_severe,3407,6,throw,275,0.9115,0.5709
stgcnpp,frame_missing_severe,3407,7,sitting down,273,0.9707,0.8938
stgcnpp,frame_missing_severe,3407,8,standing up (from sitting position),273,0.9792,0.9158
stgcnpp,frame_missing_severe,3407,9,clapping,273,0.812,0.5531
stgcnpp,frame_missing_severe,3407,10,reading,273,0.5873,0.3114
stgcnpp,frame_missing_severe,3407,11,writing,272,0.5907,0.4375
stgcnpp,frame_missing_severe,3407,12,tear up paper,271,0.9139,0.7638
stgcnpp,frame_missing_severe,3407,13,wear jacket,275,0.983,0.84
stgcnpp,frame_missing_severe,3407,14,take off jacket,276,0.9734,0.8188
stgcnpp,frame_missing_severe,3407,15,wear a shoe,273,0.7131,0.4103
stgcnpp,frame_missing_severe,3407,16,take off a shoe,274,0.7798,0.5292
stgcnpp,frame_missing_severe,3407,17,wear on glasses,273,0.9206,0.5311
stgcnpp,frame_missing_severe,3407,18,take off glasses,274,0.9526,0.4635
stgcnpp,frame_missing_severe,3407,19,put on a hat/cap,272,0.9681,0.5956
stgcnpp,frame_missing_severe,3407,20,take off a hat/cap,273,0.9744,0.5531
stgcnpp,frame_missing_severe,3407,21,cheer up,274,0.9367,0.8942
stgcnpp,frame_missing_severe,3407,22,hand waving,274,0.9221,0.7153
stgcnpp,frame_missing_severe,3407,23,kicking something,276,0.9432,0.8659
stgcnpp,frame_missing_severe,3407,24,reach into pocket,274,0.8285,0.3066
stgcnpp,frame_missing_severe,3407,25,hopping (one foot jumping),275,0.9879,0.8873
stgcnpp,frame_missing_severe,3407,26,jump up,276,0.9988,0.779
stgcnpp,frame_missing_severe,3407,27,make a phone call/answer phone,275,0.8933,0.4145
stgcnpp,frame_missing_severe,3407,28,playing with phone/tablet,275,0.7321,0.6182
stgcnpp,frame_missing_severe,3407,29,typing on a keyboard,275,0.7309,0.5127
stgcnpp,frame_missing_severe,3407,30,pointing to something with finger,276,0.7766,0.7971
stgcnpp,frame_missing_severe,3407,31,taking a selfie,276,0.8925,0.4203
stgcnpp,frame_missing_severe,3407,32,check time (from watch),276,0.8973,0.6377
stgcnpp,frame_missing_severe,3407,33,rub two hands together,276,0.8913,0.5833
stgcnpp,frame_missing_severe,3407,34,nod head/bow,276,0.9674,0.8478
stgcnpp,frame_missing_severe,3407,35,shake head,275,0.9467,0.5673
stgcnpp,frame_missing_severe,3407,36,wipe face,276,0.8829,0.442
stgcnpp,frame_missing_severe,3407,37,salute,276,0.9275,0.8406
stgcnpp,frame_missing_severe,3407,38,put the palms together,276,0.9348,0.7319
stgcnpp,frame_missing_severe,3407,39,cross hands in front (say stop),276,0.936,0.5435
stgcnpp,frame_missing_severe,3407,40,sneeze/cough,276,0.7633,0.4855
stgcnpp,frame_missing_severe,3407,41,staggering,276,0.9952,0.5688
stgcnpp,frame_missing_severe,3407,42,falling,275,0.9891,0.9273
stgcnpp,frame_missing_severe,3407,43,touch head (headache),276,0.8164,0.5942
stgcnpp,frame_missing_severe,3407,44,touch chest (stomachache/heart pain),276,0.9312,0.808
stgcnpp,frame_missing_severe,3407,45,touch back (backache),276,0.9312,0.7717
stgcnpp,frame_missing_severe,3407,46,touch neck (neckache),276,0.843,0.3623
stgcnpp,frame_missing_severe,3407,47,nausea or vomiting condition,275,0.8448,0.4545
stgcnpp,frame_missing_severe,3407,48,use a fan (with hand or paper)/feeling warm,275,0.9224,0.7782
stgcnpp,frame_missing_severe,3407,49,punching/slapping other person,274,0.9027,0.365
stgcnpp,frame_missing_severe,3407,50,kicking other person,276,0.936,0.7536
stgcnpp,frame_missing_severe,3407,51,pushing other person,276,0.9601,0.5036
stgcnpp,frame_missing_severe,3407,52,pat on back of other person,276,0.9239,0.4312
stgcnpp,frame_missing_severe,3407,53,point finger at the other person,276,0.9058,0.6341
stgcnpp,frame_missing_severe,3407,54,hugging other person,274,0.983,0.9234
stgcnpp,frame_missing_severe,3407,55,giving something to other person,276,0.9312,0.7826
stgcnpp,frame_missing_severe,3407,56,touch other person's pocket,275,0.9394,0.7236
stgcnpp,frame_missing_severe,3407,57,handshaking,276,0.9577,0.6159
stgcnpp,frame_missing_severe,3407,58,walking towards each other,273,0.9951,0.9414
stgcnpp,frame_missing_severe,3407,59,walking apart from each other,276,0.9686,0.9348
stgcnpp,mixed_severe,255,0,drink water,274,0.8637,0.146
stgcnpp,mixed_severe,255,1,eat meal/snack,275,0.7382,0.0873
stgcnpp,mixed_severe,255,2,brushing teeth,273,0.8694,0.0623
stgcnpp,mixed_severe,255,3,brushing hair,273,0.9267,0.2015
stgcnpp,mixed_severe,255,4,drop,275,0.8848,0.1018
stgcnpp,mixed_severe,255,5,pickup,275,0.9576,0.0618
stgcnpp,mixed_severe,255,6,throw,275,0.9115,0.1418
stgcnpp,mixed_severe,255,7,sitting down,273,0.9707,0.2015
stgcnpp,mixed_severe,255,8,standing up (from sitting position),273,0.9792,0.1062
stgcnpp,mixed_severe,255,9,clapping,273,0.812,0.0842
stgcnpp,mixed_severe,255,10,reading,273,0.5873,0.0879
stgcnpp,mixed_severe,255,11,writing,272,0.5907,0.2096
stgcnpp,mixed_severe,255,12,tear up paper,271,0.9139,0.0812
stgcnpp,mixed_severe,255,13,wear jacket,275,0.983,0.2582
stgcnpp,mixed_severe,255,14,take off jacket,276,0.9734,0.1268
stgcnpp,mixed_severe,255,15,wear a shoe,273,0.7131,0.0586
stgcnpp,mixed_severe,255,16,take off a shoe,274,0.7798,0.0949
stgcnpp,mixed_severe,255,17,wear on glasses,273,0.9206,0.0549
stgcnpp,mixed_severe,255,18,take off glasses,274,0.9526,0.0839
stgcnpp,mixed_severe,255,19,put on a hat/cap,272,0.9681,0.1176
stgcnpp,mixed_severe,255,20,take off a hat/cap,273,0.9744,0.1502
stgcnpp,mixed_severe,255,21,cheer up,274,0.9367,0.1423
stgcnpp,mixed_severe,255,22,hand waving,274,0.9221,0.219
stgcnpp,mixed_severe,255,23,kicking something,276,0.9432,0.1051
stgcnpp,mixed_severe,255,24,reach into pocket,274,0.8285,0.0949
stgcnpp,mixed_severe,255,25,hopping (one foot jumping),275,0.9879,0.1345
stgcnpp,mixed_severe,255,26,jump up,276,0.9988,0.1558
stgcnpp,mixed_severe,255,27,make a phone call/answer phone,275,0.8933,0.0764
stgcnpp,mixed_severe,255,28,playing with phone/tablet,275,0.7321,0.1964
stgcnpp,mixed_severe,255,29,typing on a keyboard,275,0.7309,0.1927
stgcnpp,mixed_severe,255,30,pointing to something with finger,276,0.7766,0.1232
stgcnpp,mixed_severe,255,31,taking a selfie,276,0.8925,0.1558
stgcnpp,mixed_severe,255,32,check time (from watch),276,0.8973,0.1232
stgcnpp,mixed_severe,255,33,rub two hands together,276,0.8913,0.0942
stgcnpp,mixed_severe,255,34,nod head/bow,276,0.9674,0.1341
stgcnpp,mixed_severe,255,35,shake head,275,0.9467,0.08
stgcnpp,mixed_severe,255,36,wipe face,276,0.8829,0.0833
stgcnpp,mixed_severe,255,37,salute,276,0.9275,0.1123
stgcnpp,mixed_severe,255,38,put the palms together,276,0.9348,0.087
stgcnpp,mixed_severe,255,39,cross hands in front (say stop),276,0.936,0.0652
stgcnpp,mixed_severe,255,40,sneeze/cough,276,0.7633,0.0435
stgcnpp,mixed_severe,255,41,staggering,276,0.9952,0.0616
stgcnpp,mixed_severe,255,42,falling,275,0.9891,0.1091
stgcnpp,mixed_severe,255,43,touch head (headache),276,0.8164,0.0978
stgcnpp,mixed_severe,255,44,touch chest (stomachache/heart pain),276,0.9312,0.2174
stgcnpp,mixed_severe,255,45,touch back (backache),276,0.9312,0.1159
stgcnpp,mixed_severe,255,46,touch neck (neckache),276,0.843,0.0725
stgcnpp,mixed_severe,255,47,nausea or vomiting condition,275,0.8448,0.1273
stgcnpp,mixed_severe,255,48,use a fan (with hand or paper)/feeling warm,275,0.9224,0.3855
stgcnpp,mixed_severe,255,49,punching/slapping other person,274,0.9027,0.0584
stgcnpp,mixed_severe,255,50,kicking other person,276,0.936,0.1014
stgcnpp,mixed_severe,255,51,pushing other person,276,0.9601,0.0688
stgcnpp,mixed_severe,255,52,pat on back of other person,276,0.9239,0.1775
stgcnpp,mixed_severe,255,53,point finger at the other person,276,0.9058,0.0471
stgcnpp,mixed_severe,255,54,hugging other person,274,0.983,0.3869
stgcnpp,mixed_severe,255,55,giving something to other person,276,0.9312,0.1014
stgcnpp,mixed_severe,255,56,touch other person's pocket,275,0.9394,0.0873
stgcnpp,mixed_severe,255,57,handshaking,276,0.9577,0.1123
stgcnpp,mixed_severe,255,58,walking towards each other,273,0.9951,0.1538
stgcnpp,mixed_severe,255,59,walking apart from each other,276,0.9686,0.1522
stgcnpp,mixed_severe,2026,0,drink water,274,0.8637,0.0949
stgcnpp,mixed_severe,2026,1,eat meal/snack,275,0.7382,0.0727
stgcnpp,mixed_severe,2026,2,brushing teeth,273,0.8694,0.1026
stgcnpp,mixed_severe,2026,3,brushing hair,273,0.9267,0.1099
stgcnpp,mixed_severe,2026,4,drop,275,0.8848,0.0836
stgcnpp,mixed_severe,2026,5,pickup,275,0.9576,0.1127
stgcnpp,mixed_severe,2026,6,throw,275,0.9115,0.12
stgcnpp,mixed_severe,2026,7,sitting down,273,0.9707,0.1209
stgcnpp,mixed_severe,2026,8,standing up (from sitting position),273,0.9792,0.1319
stgcnpp,mixed_severe,2026,9,clapping,273,0.812,0.0806
stgcnpp,mixed_severe,2026,10,reading,273,0.5873,0.0733
stgcnpp,mixed_severe,2026,11,writing,272,0.5907,0.25
stgcnpp,mixed_severe,2026,12,tear up paper,271,0.9139,0.0812
stgcnpp,mixed_severe,2026,13,wear jacket,275,0.983,0.1782
stgcnpp,mixed_severe,2026,14,take off jacket,276,0.9734,0.1268
stgcnpp,mixed_severe,2026,15,wear a shoe,273,0.7131,0.0842
stgcnpp,mixed_severe,2026,16,take off a shoe,274,0.7798,0.1314
stgcnpp,mixed_severe,2026,17,wear on glasses,273,0.9206,0.0733
stgcnpp,mixed_severe,2026,18,take off glasses,274,0.9526,0.0912
stgcnpp,mixed_severe,2026,19,put on a hat/cap,272,0.9681,0.125
stgcnpp,mixed_severe,2026,20,take off a hat/cap,273,0.9744,0.1392
stgcnpp,mixed_severe,2026,21,cheer up,274,0.9367,0.1533
stgcnpp,mixed_severe,2026,22,hand waving,274,0.9221,0.2518
stgcnpp,mixed_severe,2026,23,kicking something,276,0.9432,0.1123
stgcnpp,mixed_severe,2026,24,reach into pocket,274,0.8285,0.1131
stgcnpp,mixed_severe,2026,25,hopping (one foot jumping),275,0.9879,0.1564
stgcnpp,mixed_severe,2026,26,jump up,276,0.9988,0.1739
stgcnpp,mixed_severe,2026,27,make a phone call/answer phone,275,0.8933,0.0618
stgcnpp,mixed_severe,2026,28,playing with phone/tablet,275,0.7321,0.1491
stgcnpp,mixed_severe,2026,29,typing on a keyboard,275,0.7309,0.2655
stgcnpp,mixed_severe,2026,30,pointing to something with finger,276,0.7766,0.1341
stgcnpp,mixed_severe,2026,31,taking a selfie,276,0.8925,0.2101
stgcnpp,mixed_severe,2026,32,check time (from watch),276,0.8973,0.1196
stgcnpp,mixed_severe,2026,33,rub two hands together,276,0.8913,0.058
stgcnpp,mixed_severe,2026,34,nod head/bow,276,0.9674,0.1957
stgcnpp,mixed_severe,2026,35,shake head,275,0.9467,0.1127
stgcnpp,mixed_severe,2026,36,wipe face,276,0.8829,0.2065
stgcnpp,mixed_severe,2026,37,salute,276,0.9275,0.1449
stgcnpp,mixed_severe,2026,38,put the palms together,276,0.9348,0.0761
stgcnpp,mixed_severe,2026,39,cross hands in front (say stop),276,0.936,0.0725
stgcnpp,mixed_severe,2026,40,sneeze/cough,276,0.7633,0.029
stgcnpp,mixed_severe,2026,41,staggering,276,0.9952,0.0616
stgcnpp,mixed_severe,2026,42,falling,275,0.9891,0.1091
stgcnpp,mixed_severe,2026,43,touch head (headache),276,0.8164,0.0725
stgcnpp,mixed_severe,2026,44,touch chest (stomachache/heart pain),276,0.9312,0.1558
stgcnpp,mixed_severe,2026,45,touch back (backache),276,0.9312,0.1884
stgcnpp,mixed_severe,2026,46,touch neck (neckache),276,0.843,0.0761
stgcnpp,mixed_severe,2026,47,nausea or vomiting condition,275,0.8448,0.1236
stgcnpp,mixed_severe,2026,48,use a fan (with hand or paper)/feeling warm,275,0.9224,0.3527
stgcnpp,mixed_severe,2026,49,punching/slapping other person,274,0.9027,0.0876
stgcnpp,mixed_severe,2026,50,kicking other person,276,0.936,0.1232
stgcnpp,mixed_severe,2026,51,pushing other person,276,0.9601,0.0761
stgcnpp,mixed_severe,2026,52,pat on back of other person,276,0.9239,0.2029
stgcnpp,mixed_severe,2026,53,point finger at the other person,276,0.9058,0.029
stgcnpp,mixed_severe,2026,54,hugging other person,274,0.983,0.2774
stgcnpp,mixed_severe,2026,55,giving something to other person,276,0.9312,0.1123
stgcnpp,mixed_severe,2026,56,touch other person's pocket,275,0.9394,0.24
stgcnpp,mixed_severe,2026,57,handshaking,276,0.9577,0.2065
stgcnpp,mixed_severe,2026,58,walking towards each other,273,0.9951,0.1245
stgcnpp,mixed_severe,2026,59,walking apart from each other,276,0.9686,0.1196
stgcnpp,mixed_severe,3407,0,drink water,274,0.8637,0.1204
stgcnpp,mixed_severe,3407,1,eat meal/snack,275,0.7382,0.0582
stgcnpp,mixed_severe,3407,2,brushing teeth,273,0.8694,0.0586
stgcnpp,mixed_severe,3407,3,brushing hair,273,0.9267,0.1062
stgcnpp,mixed_severe,3407,4,drop,275,0.8848,0.1236
stgcnpp,mixed_severe,3407,5,pickup,275,0.9576,0.0945
stgcnpp,mixed_severe,3407,6,throw,275,0.9115,0.1164
stgcnpp,mixed_severe,3407,7,sitting down,273,0.9707,0.1172
stgcnpp,mixed_severe,3407,8,standing up (from sitting position),273,0.9792,0.1538
stgcnpp,mixed_severe,3407,9,clapping,273,0.812,0.0916
stgcnpp,mixed_severe,3407,10,reading,273,0.5873,0.0476
stgcnpp,mixed_severe,3407,11,writing,272,0.5907,0.2941
stgcnpp,mixed_severe,3407,12,tear up paper,271,0.9139,0.1033
stgcnpp,mixed_severe,3407,13,wear jacket,275,0.983,0.3491
stgcnpp,mixed_severe,3407,14,take off jacket,276,0.9734,0.1341
stgcnpp,mixed_severe,3407,15,wear a shoe,273,0.7131,0.1429
stgcnpp,mixed_severe,3407,16,take off a shoe,274,0.7798,0.1058
stgcnpp,mixed_severe,3407,17,wear on glasses,273,0.9206,0.0879
stgcnpp,mixed_severe,3407,18,take off glasses,274,0.9526,0.0949
stgcnpp,mixed_severe,3407,19,put on a hat/cap,272,0.9681,0.114
stgcnpp,mixed_severe,3407,20,take off a hat/cap,273,0.9744,0.1355
stgcnpp,mixed_severe,3407,21,cheer up,274,0.9367,0.2847
stgcnpp,mixed_severe,3407,22,hand waving,274,0.9221,0.1679
stgcnpp,mixed_severe,3407,23,kicking something,276,0.9432,0.1159
stgcnpp,mixed_severe,3407,24,reach into pocket,274,0.8285,0.0912
stgcnpp,mixed_severe,3407,25,hopping (one foot jumping),275,0.9879,0.1927
stgcnpp,mixed_severe,3407,26,jump up,276,0.9988,0.163
stgcnpp,mixed_severe,3407,27,make a phone call/answer phone,275,0.8933,0.0618
stgcnpp,mixed_severe,3407,28,playing with phone/tablet,275,0.7321,0.12
stgcnpp,mixed_severe,3407,29,typing on a keyboard,275,0.7309,0.2764
stgcnpp,mixed_severe,3407,30,pointing to something with finger,276,0.7766,0.1051
stgcnpp,mixed_severe,3407,31,taking a selfie,276,0.8925,0.087
stgcnpp,mixed_severe,3407,32,check time (from watch),276,0.8973,0.1123
stgcnpp,mixed_severe,3407,33,rub two hands together,276,0.8913,0.0725
stgcnpp,mixed_severe,3407,34,nod head/bow,276,0.9674,0.1304
stgcnpp,mixed_severe,3407,35,shake head,275,0.9467,0.0655
stgcnpp,mixed_severe,3407,36,wipe face,276,0.8829,0.0833
stgcnpp,mixed_severe,3407,37,salute,276,0.9275,0.1159
stgcnpp,mixed_severe,3407,38,put the palms together,276,0.9348,0.0797
stgcnpp,mixed_severe,3407,39,cross hands in front (say stop),276,0.936,0.0507
stgcnpp,mixed_severe,3407,40,sneeze/cough,276,0.7633,0.0399
stgcnpp,mixed_severe,3407,41,staggering,276,0.9952,0.0616
stgcnpp,mixed_severe,3407,42,falling,275,0.9891,0.1018
stgcnpp,mixed_severe,3407,43,touch head (headache),276,0.8164,0.0797
stgcnpp,mixed_severe,3407,44,touch chest (stomachache/heart pain),276,0.9312,0.1377
stgcnpp,mixed_severe,3407,45,touch back (backache),276,0.9312,0.1377
stgcnpp,mixed_severe,3407,46,touch neck (neckache),276,0.843,0.058
stgcnpp,mixed_severe,3407,47,nausea or vomiting condition,275,0.8448,0.12
stgcnpp,mixed_severe,3407,48,use a fan (with hand or paper)/feeling warm,275,0.9224,0.4945
stgcnpp,mixed_severe,3407,49,punching/slapping other person,274,0.9027,0.0438
stgcnpp,mixed_severe,3407,50,kicking other person,276,0.936,0.1123
stgcnpp,mixed_severe,3407,51,pushing other person,276,0.9601,0.087
stgcnpp,mixed_severe,3407,52,pat on back of other person,276,0.9239,0.1268
stgcnpp,mixed_severe,3407,53,point finger at the other person,276,0.9058,0.0688
stgcnpp,mixed_severe,3407,54,hugging other person,274,0.983,0.1788
stgcnpp,mixed_severe,3407,55,giving something to other person,276,0.9312,0.1051
stgcnpp,mixed_severe,3407,56,touch other person's pocket,275,0.9394,0.1309
stgcnpp,mixed_severe,3407,57,handshaking,276,0.9577,0.1087
stgcnpp,mixed_severe,3407,58,walking towards each other,273,0.9951,0.1538
stgcnpp,mixed_severe,3407,59,walking apart from each other,276,0.9686,0.1304
ctrgcn,clean,255,0,drink water,274,0.8601,0.8394
ctrgcn,clean,255,1,eat meal/snack,275,0.7261,0.7382
ctrgcn,clean,255,2,brushing teeth,273,0.873,0.8791
ctrgcn,clean,255,3,brushing hair,273,0.917,0.9341
ctrgcn,clean,255,4,drop,275,0.8873,0.8836
ctrgcn,clean,255,5,pickup,275,0.9697,0.9709
ctrgcn,clean,255,6,throw,275,0.9321,0.9418
ctrgcn,clean,255,7,sitting down,273,0.9683,0.9707
ctrgcn,clean,255,8,standing up (from sitting position),273,0.9792,0.9817
ctrgcn,clean,255,9,clapping,273,0.7741,0.8022
ctrgcn,clean,255,10,reading,273,0.6496,0.6484
ctrgcn,clean,255,11,writing,272,0.6201,0.636
ctrgcn,clean,255,12,tear up paper,271,0.9213,0.9336
ctrgcn,clean,255,13,wear jacket,275,0.9782,0.9782
ctrgcn,clean,255,14,take off jacket,276,0.9843,0.9891
ctrgcn,clean,255,15,wear a shoe,273,0.8083,0.7692
ctrgcn,clean,255,16,take off a shoe,274,0.8382,0.865
ctrgcn,clean,255,17,wear on glasses,273,0.9084,0.9048
ctrgcn,clean,255,18,take off glasses,274,0.944,0.938
ctrgcn,clean,255,19,put on a hat/cap,272,0.9596,0.9559
ctrgcn,clean,255,20,take off a hat/cap,273,0.9744,0.9744
ctrgcn,clean,255,21,cheer up,274,0.9258,0.9197
ctrgcn,clean,255,22,hand waving,274,0.9173,0.927
ctrgcn,clean,255,23,kicking something,276,0.9529,0.9529
ctrgcn,clean,255,24,reach into pocket,274,0.8358,0.8431
ctrgcn,clean,255,25,hopping (one foot jumping),275,0.9891,0.9891
ctrgcn,clean,255,26,jump up,276,1.0,1.0
ctrgcn,clean,255,27,make a phone call/answer phone,275,0.9079,0.9164
ctrgcn,clean,255,28,playing with phone/tablet,275,0.6958,0.68
ctrgcn,clean,255,29,typing on a keyboard,275,0.737,0.7745
ctrgcn,clean,255,30,pointing to something with finger,276,0.7862,0.7971
ctrgcn,clean,255,31,taking a selfie,276,0.8889,0.8949
ctrgcn,clean,255,32,check time (from watch),276,0.901,0.9167
ctrgcn,clean,255,33,rub two hands together,276,0.9034,0.9094
ctrgcn,clean,255,34,nod head/bow,276,0.971,0.9783
ctrgcn,clean,255,35,shake head,275,0.9503,0.9564
ctrgcn,clean,255,36,wipe face,276,0.8551,0.8442
ctrgcn,clean,255,37,salute,276,0.93,0.9312
ctrgcn,clean,255,38,put the palms together,276,0.9239,0.9275
ctrgcn,clean,255,39,cross hands in front (say stop),276,0.936,0.942
ctrgcn,clean,255,40,sneeze/cough,276,0.7403,0.75
ctrgcn,clean,255,41,staggering,276,0.9867,0.9819
ctrgcn,clean,255,42,falling,275,0.9939,0.9927
ctrgcn,clean,255,43,touch head (headache),276,0.8345,0.8297
ctrgcn,clean,255,44,touch chest (stomachache/heart pain),276,0.9215,0.9058
ctrgcn,clean,255,45,touch back (backache),276,0.9444,0.9384
ctrgcn,clean,255,46,touch neck (neckache),276,0.8502,0.8442
ctrgcn,clean,255,47,nausea or vomiting condition,275,0.8497,0.8364
ctrgcn,clean,255,48,use a fan (with hand or paper)/feeling warm,275,0.9309,0.9382
ctrgcn,clean,255,49,punching/slapping other person,274,0.9112,0.9307
ctrgcn,clean,255,50,kicking other person,276,0.9541,0.9674
ctrgcn,clean,255,51,pushing other person,276,0.9722,0.9565
ctrgcn,clean,255,52,pat on back of other person,276,0.9143,0.9022
ctrgcn,clean,255,53,point finger at the other person,276,0.913,0.9058
ctrgcn,clean,255,54,hugging other person,274,0.9878,0.9927
ctrgcn,clean,255,55,giving something to other person,276,0.9372,0.9565
ctrgcn,clean,255,56,touch other person's pocket,275,0.9382,0.9527
ctrgcn,clean,255,57,handshaking,276,0.9589,0.9674
ctrgcn,clean,255,58,walking towards each other,273,0.9963,0.9963
ctrgcn,clean,255,59,walking apart from each other,276,0.9638,0.971
ctrgcn,clean,2026,0,drink water,274,0.8601,0.8504
ctrgcn,clean,2026,1,eat meal/snack,275,0.7261,0.7309
ctrgcn,clean,2026,2,brushing teeth,273,0.873,0.8718
ctrgcn,clean,2026,3,brushing hair,273,0.917,0.9084
ctrgcn,clean,2026,4,drop,275,0.8873,0.8982
ctrgcn,clean,2026,5,pickup,275,0.9697,0.9709
ctrgcn,clean,2026,6,throw,275,0.9321,0.92
ctrgcn,clean,2026,7,sitting down,273,0.9683,0.9707
ctrgcn,clean,2026,8,standing up (from sitting position),273,0.9792,0.978
ctrgcn,clean,2026,9,clapping,273,0.7741,0.7839
ctrgcn,clean,2026,10,reading,273,0.6496,0.6557
ctrgcn,clean,2026,11,writing,272,0.6201,0.625
ctrgcn,clean,2026,12,tear up paper,271,0.9213,0.9225
ctrgcn,clean,2026,13,wear jacket,275,0.9782,0.9818
ctrgcn,clean,2026,14,take off jacket,276,0.9843,0.9855
ctrgcn,clean,2026,15,wear a shoe,273,0.8083,0.7985
ctrgcn,clean,2026,16,take off a shoe,274,0.8382,0.8285
ctrgcn,clean,2026,17,wear on glasses,273,0.9084,0.9194
ctrgcn,clean,2026,18,take off glasses,274,0.944,0.9526
ctrgcn,clean,2026,19,put on a hat/cap,272,0.9596,0.9559
ctrgcn,clean,2026,20,take off a hat/cap,273,0.9744,0.9707
ctrgcn,clean,2026,21,cheer up,274,0.9258,0.938
ctrgcn,clean,2026,22,hand waving,274,0.9173,0.9051
ctrgcn,clean,2026,23,kicking something,276,0.9529,0.9348
ctrgcn,clean,2026,24,reach into pocket,274,0.8358,0.8321
ctrgcn,clean,2026,25,hopping (one foot jumping),275,0.9891,0.9891
ctrgcn,clean,2026,26,jump up,276,1.0,1.0
ctrgcn,clean,2026,27,make a phone call/answer phone,275,0.9079,0.9018
ctrgcn,clean,2026,28,playing with phone/tablet,275,0.6958,0.6473
ctrgcn,clean,2026,29,typing on a keyboard,275,0.737,0.7309
ctrgcn,clean,2026,30,pointing to something with finger,276,0.7862,0.808
ctrgcn,clean,2026,31,taking a selfie,276,0.8889,0.8768
ctrgcn,clean,2026,32,check time (from watch),276,0.901,0.8877
ctrgcn,clean,2026,33,rub two hands together,276,0.9034,0.9058
ctrgcn,clean,2026,34,nod head/bow,276,0.971,0.9674
ctrgcn,clean,2026,35,shake head,275,0.9503,0.9455
ctrgcn,clean,2026,36,wipe face,276,0.8551,0.8587
ctrgcn,clean,2026,37,salute,276,0.93,0.9384
ctrgcn,clean,2026,38,put the palms together,276,0.9239,0.9167
ctrgcn,clean,2026,39,cross hands in front (say stop),276,0.936,0.9312
ctrgcn,clean,2026,40,sneeze/cough,276,0.7403,0.75
ctrgcn,clean,2026,41,staggering,276,0.9867,0.9928
ctrgcn,clean,2026,42,falling,275,0.9939,0.9927
ctrgcn,clean,2026,43,touch head (headache),276,0.8345,0.8478
ctrgcn,clean,2026,44,touch chest (stomachache/heart pain),276,0.9215,0.9203
ctrgcn,clean,2026,45,touch back (backache),276,0.9444,0.9601
ctrgcn,clean,2026,46,touch neck (neckache),276,0.8502,0.8587
ctrgcn,clean,2026,47,nausea or vomiting condition,275,0.8497,0.88
ctrgcn,clean,2026,48,use a fan (with hand or paper)/feeling warm,275,0.9309,0.9273
ctrgcn,clean,2026,49,punching/slapping other person,274,0.9112,0.9015
ctrgcn,clean,2026,50,kicking other person,276,0.9541,0.9457
ctrgcn,clean,2026,51,pushing other person,276,0.9722,0.9891
ctrgcn,clean,2026,52,pat on back of other person,276,0.9143,0.9275
ctrgcn,clean,2026,53,point finger at the other person,276,0.913,0.9167
ctrgcn,clean,2026,54,hugging other person,274,0.9878,0.9818
ctrgcn,clean,2026,55,giving something to other person,276,0.9372,0.9203
ctrgcn,clean,2026,56,touch other person's pocket,275,0.9382,0.9382
ctrgcn,clean,2026,57,handshaking,276,0.9589,0.9601
ctrgcn,clean,2026,58,walking towards each other,273,0.9963,0.9927
ctrgcn,clean,2026,59,walking apart from each other,276,0.9638,0.9674
ctrgcn,clean,3407,0,drink water,274,0.8601,0.8905
ctrgcn,clean,3407,1,eat meal/snack,275,0.7261,0.7091
ctrgcn,clean,3407,2,brushing teeth,273,0.873,0.8681
ctrgcn,clean,3407,3,brushing hair,273,0.917,0.9084
ctrgcn,clean,3407,4,drop,275,0.8873,0.88
ctrgcn,clean,3407,5,pickup,275,0.9697,0.9673
ctrgcn,clean,3407,6,throw,275,0.9321,0.9345
ctrgcn,clean,3407,7,sitting down,273,0.9683,0.9634
ctrgcn,clean,3407,8,standing up (from sitting position),273,0.9792,0.978
ctrgcn,clean,3407,9,clapping,273,0.7741,0.7363
ctrgcn,clean,3407,10,reading,273,0.6496,0.6447
ctrgcn,clean,3407,11,writing,272,0.6201,0.5993
ctrgcn,clean,3407,12,tear up paper,271,0.9213,0.9077
ctrgcn,clean,3407,13,wear jacket,275,0.9782,0.9745
ctrgcn,clean,3407,14,take off jacket,276,0.9843,0.9783
ctrgcn,clean,3407,15,wear a shoe,273,0.8083,0.8571
ctrgcn,clean,3407,16,take off a shoe,274,0.8382,0.8212
ctrgcn,clean,3407,17,wear on glasses,273,0.9084,0.9011
ctrgcn,clean,3407,18,take off glasses,274,0.944,0.9416
ctrgcn,clean,3407,19,put on a hat/cap,272,0.9596,0.9669
ctrgcn,clean,3407,20,take off a hat/cap,273,0.9744,0.978
ctrgcn,clean,3407,21,cheer up,274,0.9258,0.9197
ctrgcn,clean,3407,22,hand waving,274,0.9173,0.9197
ctrgcn,clean,3407,23,kicking something,276,0.9529,0.971
ctrgcn,clean,3407,24,reach into pocket,274,0.8358,0.8321
ctrgcn,clean,3407,25,hopping (one foot jumping),275,0.9891,0.9891
ctrgcn,clean,3407,26,jump up,276,1.0,1.0
ctrgcn,clean,3407,27,make a phone call/answer phone,275,0.9079,0.9055
ctrgcn,clean,3407,28,playing with phone/tablet,275,0.6958,0.76
ctrgcn,clean,3407,29,typing on a keyboard,275,0.737,0.7055
ctrgcn,clean,3407,30,pointing to something with finger,276,0.7862,0.7536
ctrgcn,clean,3407,31,taking a selfie,276,0.8889,0.8949
ctrgcn,clean,3407,32,check time (from watch),276,0.901,0.8986
ctrgcn,clean,3407,33,rub two hands together,276,0.9034,0.8949
ctrgcn,clean,3407,34,nod head/bow,276,0.971,0.9674
ctrgcn,clean,3407,35,shake head,275,0.9503,0.9491
ctrgcn,clean,3407,36,wipe face,276,0.8551,0.8623
ctrgcn,clean,3407,37,salute,276,0.93,0.9203
ctrgcn,clean,3407,38,put the palms together,276,0.9239,0.9275
ctrgcn,clean,3407,39,cross hands in front (say stop),276,0.936,0.9348
ctrgcn,clean,3407,40,sneeze/cough,276,0.7403,0.721
ctrgcn,clean,3407,41,staggering,276,0.9867,0.9855
ctrgcn,clean,3407,42,falling,275,0.9939,0.9964
ctrgcn,clean,3407,43,touch head (headache),276,0.8345,0.8261
ctrgcn,clean,3407,44,touch chest (stomachache/heart pain),276,0.9215,0.9384
ctrgcn,clean,3407,45,touch back (backache),276,0.9444,0.9348
ctrgcn,clean,3407,46,touch neck (neckache),276,0.8502,0.8478
ctrgcn,clean,3407,47,nausea or vomiting condition,275,0.8497,0.8327
ctrgcn,clean,3407,48,use a fan (with hand or paper)/feeling warm,275,0.9309,0.9273
ctrgcn,clean,3407,49,punching/slapping other person,274,0.9112,0.9015
ctrgcn,clean,3407,50,kicking other person,276,0.9541,0.9493
ctrgcn,clean,3407,51,pushing other person,276,0.9722,0.971
ctrgcn,clean,3407,52,pat on back of other person,276,0.9143,0.913
ctrgcn,clean,3407,53,point finger at the other person,276,0.913,0.9167
ctrgcn,clean,3407,54,hugging other person,274,0.9878,0.9891
ctrgcn,clean,3407,55,giving something to other person,276,0.9372,0.9348
ctrgcn,clean,3407,56,touch other person's pocket,275,0.9382,0.9236
ctrgcn,clean,3407,57,handshaking,276,0.9589,0.9493
ctrgcn,clean,3407,58,walking towards each other,273,0.9963,1.0
ctrgcn,clean,3407,59,walking apart from each other,276,0.9638,0.9529
ctrgcn,joint_missing_mild,255,0,drink water,274,0.8601,0.6788
ctrgcn,joint_missing_mild,255,1,eat meal/snack,275,0.7261,0.6873
ctrgcn,joint_missing_mild,255,2,brushing teeth,273,0.873,0.5421
ctrgcn,joint_missing_mild,255,3,brushing hair,273,0.917,0.7509
ctrgcn,joint_missing_mild,255,4,drop,275,0.8873,0.8
ctrgcn,joint_missing_mild,255,5,pickup,275,0.9697,0.6727
ctrgcn,joint_missing_mild,255,6,throw,275,0.9321,0.8291
ctrgcn,joint_missing_mild,255,7,sitting down,273,0.9683,0.8864
ctrgcn,joint_missing_mild,255,8,standing up (from sitting position),273,0.9792,0.9597
ctrgcn,joint_missing_mild,255,9,clapping,273,0.7741,0.7216
ctrgcn,joint_missing_mild,255,10,reading,273,0.6496,0.5275
ctrgcn,joint_missing_mild,255,11,writing,272,0.6201,0.4559
ctrgcn,joint_missing_mild,255,12,tear up paper,271,0.9213,0.8561
ctrgcn,joint_missing_mild,255,13,wear jacket,275,0.9782,0.9636
ctrgcn,joint_missing_mild,255,14,take off jacket,276,0.9843,0.8696
ctrgcn,joint_missing_mild,255,15,wear a shoe,273,0.8083,0.5458
ctrgcn,joint_missing_mild,255,16,take off a shoe,274,0.8382,0.6058
ctrgcn,joint_missing_mild,255,17,wear on glasses,273,0.9084,0.7179
ctrgcn,joint_missing_mild,255,18,take off glasses,274,0.944,0.865
ctrgcn,joint_missing_mild,255,19,put on a hat/cap,272,0.9596,0.864
ctrgcn,joint_missing_mild,255,20,take off a hat/cap,273,0.9744,0.7692
ctrgcn,joint_missing_mild,255,21,cheer up,274,0.9258,0.8066
ctrgcn,joint_missing_mild,255,22,hand waving,274,0.9173,0.8321
ctrgcn,joint_missing_mild,255,23,kicking something,276,0.9529,0.6196
ctrgcn,joint_missing_mild,255,24,reach into pocket,274,0.8358,0.4964
ctrgcn,joint_missing_mild,255,25,hopping (one foot jumping),275,0.9891,0.9564
ctrgcn,joint_missing_mild,255,26,jump up,276,1.0,0.9674
ctrgcn,joint_missing_mild,255,27,make a phone call/answer phone,275,0.9079,0.4255
ctrgcn,joint_missing_mild,255,28,playing with phone/tablet,275,0.6958,0.2545
ctrgcn,joint_missing_mild,255,29,typing on a keyboard,275,0.737,0.7818
ctrgcn,joint_missing_mild,255,30,pointing to something with finger,276,0.7862,0.6558
ctrgcn,joint_missing_mild,255,31,taking a selfie,276,0.8889,0.663
ctrgcn,joint_missing_mild,255,32,check time (from watch),276,0.901,0.7645
ctrgcn,joint_missing_mild,255,33,rub two hands together,276,0.9034,0.7065
ctrgcn,joint_missing_mild,255,34,nod head/bow,276,0.971,0.9529
ctrgcn,joint_missing_mild,255,35,shake head,275,0.9503,0.5018
ctrgcn,joint_missing_mild,255,36,wipe face,276,0.8551,0.6522
ctrgcn,joint_missing_mild,255,37,salute,276,0.93,0.8877
ctrgcn,joint_missing_mild,255,38,put the palms together,276,0.9239,0.808
ctrgcn,joint_missing_mild,255,39,cross hands in front (say stop),276,0.936,0.9094
ctrgcn,joint_missing_mild,255,40,sneeze/cough,276,0.7403,0.4203
ctrgcn,joint_missing_mild,255,41,staggering,276,0.9867,0.5217
ctrgcn,joint_missing_mild,255,42,falling,275,0.9939,0.9018
ctrgcn,joint_missing_mild,255,43,touch head (headache),276,0.8345,0.5
ctrgcn,joint_missing_mild,255,44,touch chest (stomachache/heart pain),276,0.9215,0.8877
ctrgcn,joint_missing_mild,255,45,touch back (backache),276,0.9444,0.4094
ctrgcn,joint_missing_mild,255,46,touch neck (neckache),276,0.8502,0.4167
ctrgcn,joint_missing_mild,255,47,nausea or vomiting condition,275,0.8497,0.6945
ctrgcn,joint_missing_mild,255,48,use a fan (with hand or paper)/feeling warm,275,0.9309,0.8945
ctrgcn,joint_missing_mild,255,49,punching/slapping other person,274,0.9112,0.7409
ctrgcn,joint_missing_mild,255,50,kicking other person,276,0.9541,0.6304
ctrgcn,joint_missing_mild,255,51,pushing other person,276,0.9722,0.6486
ctrgcn,joint_missing_mild,255,52,pat on back of other person,276,0.9143,0.5833
ctrgcn,joint_missing_mild,255,53,point finger at the other person,276,0.913,0.7754
ctrgcn,joint_missing_mild,255,54,hugging other person,274,0.9878,0.938
ctrgcn,joint_missing_mild,255,55,giving something to other person,276,0.9372,0.8442
ctrgcn,joint_missing_mild,255,56,touch other person's pocket,275,0.9382,0.84
ctrgcn,joint_missing_mild,255,57,handshaking,276,0.9589,0.7464
ctrgcn,joint_missing_mild,255,58,walking towards each other,273,0.9963,0.9267
ctrgcn,joint_missing_mild,255,59,walking apart from each other,276,0.9638,0.9384
ctrgcn,joint_missing_mild,2026,0,drink water,274,0.8601,0.7847
ctrgcn,joint_missing_mild,2026,1,eat meal/snack,275,0.7261,0.5745
ctrgcn,joint_missing_mild,2026,2,brushing teeth,273,0.873,0.5897
ctrgcn,joint_missing_mild,2026,3,brushing hair,273,0.917,0.5897
ctrgcn,joint_missing_mild,2026,4,drop,275,0.8873,0.9418
ctrgcn,joint_missing_mild,2026,5,pickup,275,0.9697,0.8182
ctrgcn,joint_missing_mild,2026,6,throw,275,0.9321,0.7382
ctrgcn,joint_missing_mild,2026,7,sitting down,273,0.9683,0.8425
ctrgcn,joint_missing_mild,2026,8,standing up (from sitting position),273,0.9792,0.956
ctrgcn,joint_missing_mild,2026,9,clapping,273,0.7741,0.619
ctrgcn,joint_missing_mild,2026,10,reading,273,0.6496,0.5897
ctrgcn,joint_missing_mild,2026,11,writing,272,0.6201,0.5257
ctrgcn,joint_missing_mild,2026,12,tear up paper,271,0.9213,0.8303
ctrgcn,joint_missing_mild,2026,13,wear jacket,275,0.9782,0.9636
ctrgcn,joint_missing_mild,2026,14,take off jacket,276,0.9843,0.8623
ctrgcn,joint_missing_mild,2026,15,wear a shoe,273,0.8083,0.5678
ctrgcn,joint_missing_mild,2026,16,take off a shoe,274,0.8382,0.5693
ctrgcn,joint_missing_mild,2026,17,wear on glasses,273,0.9084,0.7985
ctrgcn,joint_missing_mild,2026,18,take off glasses,274,0.944,0.9307
ctrgcn,joint_missing_mild,2026,19,put on a hat/cap,272,0.9596,0.7169
ctrgcn,joint_missing_mild,2026,20,take off a hat/cap,273,0.9744,0.8901
ctrgcn,joint_missing_mild,2026,21,cheer up,274,0.9258,0.7518
ctrgcn,joint_missing_mild,2026,22,hand waving,274,0.9173,0.7482
ctrgcn,joint_missing_mild,2026,23,kicking something,276,0.9529,0.471
ctrgcn,joint_missing_mild,2026,24,reach into pocket,274,0.8358,0.3978
ctrgcn,joint_missing_mild,2026,25,hopping (one foot jumping),275,0.9891,0.8436
ctrgcn,joint_missing_mild,2026,26,jump up,276,1.0,0.9964
ctrgcn,joint_missing_mild,2026,27,make a phone call/answer phone,275,0.9079,0.5236
ctrgcn,joint_missing_mild,2026,28,playing with phone/tablet,275,0.6958,0.3309
ctrgcn,joint_missing_mild,2026,29,typing on a keyboard,275,0.737,0.4873
ctrgcn,joint_missing_mild,2026,30,pointing to something with finger,276,0.7862,0.7246
ctrgcn,joint_missing_mild,2026,31,taking a selfie,276,0.8889,0.5471
ctrgcn,joint_missing_mild,2026,32,check time (from watch),276,0.901,0.721
ctrgcn,joint_missing_mild,2026,33,rub two hands together,276,0.9034,0.7101
ctrgcn,joint_missing_mild,2026,34,nod head/bow,276,0.971,0.9348
ctrgcn,joint_missing_mild,2026,35,shake head,275,0.9503,0.2982
ctrgcn,joint_missing_mild,2026,36,wipe face,276,0.8551,0.2899
ctrgcn,joint_missing_mild,2026,37,salute,276,0.93,0.8551
ctrgcn,joint_missing_mild,2026,38,put the palms together,276,0.9239,0.9058
ctrgcn,joint_missing_mild,2026,39,cross hands in front (say stop),276,0.936,0.9167
ctrgcn,joint_missing_mild,2026,40,sneeze/cough,276,0.7403,0.4746
ctrgcn,joint_missing_mild,2026,41,staggering,276,0.9867,0.1848
ctrgcn,joint_missing_mild,2026,42,falling,275,0.9939,0.8582
ctrgcn,joint_missing_mild,2026,43,touch head (headache),276,0.8345,0.5725
ctrgcn,joint_missing_mild,2026,44,touch chest (stomachache/heart pain),276,0.9215,0.8442
ctrgcn,joint_missing_mild,2026,45,touch back (backache),276,0.9444,0.5797
ctrgcn,joint_missing_mild,2026,46,touch neck (neckache),276,0.8502,0.4203
ctrgcn,joint_missing_mild,2026,47,nausea or vomiting condition,275,0.8497,0.68
ctrgcn,joint_missing_mild,2026,48,use a fan (with hand or paper)/feeling warm,275,0.9309,0.9382
ctrgcn,joint_missing_mild,2026,49,punching/slapping other person,274,0.9112,0.5073
ctrgcn,joint_missing_mild,2026,50,kicking other person,276,0.9541,0.4312
ctrgcn,joint_missing_mild,2026,51,pushing other person,276,0.9722,0.6413
ctrgcn,joint_missing_mild,2026,52,pat on back of other person,276,0.9143,0.5
ctrgcn,joint_missing_mild,2026,53,point finger at the other person,276,0.913,0.8478
ctrgcn,joint_missing_mild,2026,54,hugging other person,274,0.9878,0.7774
ctrgcn,joint_missing_mild,2026,55,giving something to other person,276,0.9372,0.5906
ctrgcn,joint_missing_mild,2026,56,touch other person's pocket,275,0.9382,0.7891
ctrgcn,joint_missing_mild,2026,57,handshaking,276,0.9589,0.5109
ctrgcn,joint_missing_mild,2026,58,walking towards each other,273,0.9963,0.5604
ctrgcn,joint_missing_mild,2026,59,walking apart from each other,276,0.9638,0.9855
ctrgcn,joint_missing_mild,3407,0,drink water,274,0.8601,0.8139
ctrgcn,joint_missing_mild,3407,1,eat meal/snack,275,0.7261,0.6909
ctrgcn,joint_missing_mild,3407,2,brushing teeth,273,0.873,0.4469
ctrgcn,joint_missing_mild,3407,3,brushing hair,273,0.917,0.7546
ctrgcn,joint_missing_mild,3407,4,drop,275,0.8873,0.9018
ctrgcn,joint_missing_mild,3407,5,pickup,275,0.9697,0.9345
ctrgcn,joint_missing_mild,3407,6,throw,275,0.9321,0.84
ctrgcn,joint_missing_mild,3407,7,sitting down,273,0.9683,0.9524
ctrgcn,joint_missing_mild,3407,8,standing up (from sitting position),273,0.9792,0.967
ctrgcn,joint_missing_mild,3407,9,clapping,273,0.7741,0.5018
ctrgcn,joint_missing_mild,3407,10,reading,273,0.6496,0.696
ctrgcn,joint_missing_mild,3407,11,writing,272,0.6201,0.4375
ctrgcn,joint_missing_mild,3407,12,tear up paper,271,0.9213,0.7638
ctrgcn,joint_missing_mild,3407,13,wear jacket,275,0.9782,0.9636
ctrgcn,joint_missing_mild,3407,14,take off jacket,276,0.9843,0.9384
ctrgcn,joint_missing_mild,3407,15,wear a shoe,273,0.8083,0.5311
ctrgcn,joint_missing_mild,3407,16,take off a shoe,274,0.8382,0.7372
ctrgcn,joint_missing_mild,3407,17,wear on glasses,273,0.9084,0.8242
ctrgcn,joint_missing_mild,3407,18,take off glasses,274,0.944,0.8175
ctrgcn,joint_missing_mild,3407,19,put on a hat/cap,272,0.9596,0.9007
ctrgcn,joint_missing_mild,3407,20,take off a hat/cap,273,0.9744,0.9048
ctrgcn,joint_missing_mild,3407,21,cheer up,274,0.9258,0.792
ctrgcn,joint_missing_mild,3407,22,hand waving,274,0.9173,0.7591
ctrgcn,joint_missing_mild,3407,23,kicking something,276,0.9529,0.6848
ctrgcn,joint_missing_mild,3407,24,reach into pocket,274,0.8358,0.5036
ctrgcn,joint_missing_mild,3407,25,hopping (one foot jumping),275,0.9891,0.9164
ctrgcn,joint_missing_mild,3407,26,jump up,276,1.0,0.9855
ctrgcn,joint_missing_mild,3407,27,make a phone call/answer phone,275,0.9079,0.6109
ctrgcn,joint_missing_mild,3407,28,playing with phone/tablet,275,0.6958,0.2727
ctrgcn,joint_missing_mild,3407,29,typing on a keyboard,275,0.737,0.5236
ctrgcn,joint_missing_mild,3407,30,pointing to something with finger,276,0.7862,0.5978
ctrgcn,joint_missing_mild,3407,31,taking a selfie,276,0.8889,0.7029
ctrgcn,joint_missing_mild,3407,32,check time (from watch),276,0.901,0.7754
ctrgcn,joint_missing_mild,3407,33,rub two hands together,276,0.9034,0.7174
ctrgcn,joint_missing_mild,3407,34,nod head/bow,276,0.971,0.9348
ctrgcn,joint_missing_mild,3407,35,shake head,275,0.9503,0.4255
ctrgcn,joint_missing_mild,3407,36,wipe face,276,0.8551,0.5036
ctrgcn,joint_missing_mild,3407,37,salute,276,0.93,0.8007
ctrgcn,joint_missing_mild,3407,38,put the palms together,276,0.9239,0.8768
ctrgcn,joint_missing_mild,3407,39,cross hands in front (say stop),276,0.936,0.9022
ctrgcn,joint_missing_mild,3407,40,sneeze/cough,276,0.7403,0.3659
ctrgcn,joint_missing_mild,3407,41,staggering,276,0.9867,0.3406
ctrgcn,joint_missing_mild,3407,42,falling,275,0.9939,0.9636
ctrgcn,joint_missing_mild,3407,43,touch head (headache),276,0.8345,0.3152
ctrgcn,joint_missing_mild,3407,44,touch chest (stomachache/heart pain),276,0.9215,0.8225
ctrgcn,joint_missing_mild,3407,45,touch back (backache),276,0.9444,0.7029
ctrgcn,joint_missing_mild,3407,46,touch neck (neckache),276,0.8502,0.3913
ctrgcn,joint_missing_mild,3407,47,nausea or vomiting condition,275,0.8497,0.6255
ctrgcn,joint_missing_mild,3407,48,use a fan (with hand or paper)/feeling warm,275,0.9309,0.9273
ctrgcn,joint_missing_mild,3407,49,punching/slapping other person,274,0.9112,0.7482
ctrgcn,joint_missing_mild,3407,50,kicking other person,276,0.9541,0.6594
ctrgcn,joint_missing_mild,3407,51,pushing other person,276,0.9722,0.7174
ctrgcn,joint_missing_mild,3407,52,pat on back of other person,276,0.9143,0.3768
ctrgcn,joint_missing_mild,3407,53,point finger at the other person,276,0.913,0.8225
ctrgcn,joint_missing_mild,3407,54,hugging other person,274,0.9878,0.9635
ctrgcn,joint_missing_mild,3407,55,giving something to other person,276,0.9372,0.8732
ctrgcn,joint_missing_mild,3407,56,touch other person's pocket,275,0.9382,0.8691
ctrgcn,joint_missing_mild,3407,57,handshaking,276,0.9589,0.558
ctrgcn,joint_missing_mild,3407,58,walking towards each other,273,0.9963,0.8974
ctrgcn,joint_missing_mild,3407,59,walking apart from each other,276,0.9638,0.9819
ctrgcn,limb_occlusion_mild,255,0,drink water,274,0.8601,0.7007
ctrgcn,limb_occlusion_mild,255,1,eat meal/snack,275,0.7261,0.5782
ctrgcn,limb_occlusion_mild,255,2,brushing teeth,273,0.873,0.6923
ctrgcn,limb_occlusion_mild,255,3,brushing hair,273,0.917,0.8132
ctrgcn,limb_occlusion_mild,255,4,drop,275,0.8873,0.76
ctrgcn,limb_occlusion_mild,255,5,pickup,275,0.9697,0.8473
ctrgcn,limb_occlusion_mild,255,6,throw,275,0.9321,0.8109
ctrgcn,limb_occlusion_mild,255,7,sitting down,273,0.9683,0.8864
ctrgcn,limb_occlusion_mild,255,8,standing up (from sitting position),273,0.9792,0.9084
ctrgcn,limb_occlusion_mild,255,9,clapping,273,0.7741,0.6813
ctrgcn,limb_occlusion_mild,255,10,reading,273,0.6496,0.5311
ctrgcn,limb_occlusion_mild,255,11,writing,272,0.6201,0.5699
ctrgcn,limb_occlusion_mild,255,12,tear up paper,271,0.9213,0.7749
ctrgcn,limb_occlusion_mild,255,13,wear jacket,275,0.9782,0.8836
ctrgcn,limb_occlusion_mild,255,14,take off jacket,276,0.9843,0.8949
ctrgcn,limb_occlusion_mild,255,15,wear a shoe,273,0.8083,0.652
ctrgcn,limb_occlusion_mild,255,16,take off a shoe,274,0.8382,0.7664
ctrgcn,limb_occlusion_mild,255,17,wear on glasses,273,0.9084,0.7106
ctrgcn,limb_occlusion_mild,255,18,take off glasses,274,0.944,0.8431
ctrgcn,limb_occlusion_mild,255,19,put on a hat/cap,272,0.9596,0.8051
ctrgcn,limb_occlusion_mild,255,20,take off a hat/cap,273,0.9744,0.8425
ctrgcn,limb_occlusion_mild,255,21,cheer up,274,0.9258,0.7847
ctrgcn,limb_occlusion_mild,255,22,hand waving,274,0.9173,0.7701
ctrgcn,limb_occlusion_mild,255,23,kicking something,276,0.9529,0.9022
ctrgcn,limb_occlusion_mild,255,24,reach into pocket,274,0.8358,0.7482
ctrgcn,limb_occlusion_mild,255,25,hopping (one foot jumping),275,0.9891,0.9782
ctrgcn,limb_occlusion_mild,255,26,jump up,276,1.0,0.9819
ctrgcn,limb_occlusion_mild,255,27,make a phone call/answer phone,275,0.9079,0.7455
ctrgcn,limb_occlusion_mild,255,28,playing with phone/tablet,275,0.6958,0.5709
ctrgcn,limb_occlusion_mild,255,29,typing on a keyboard,275,0.737,0.6945
ctrgcn,limb_occlusion_mild,255,30,pointing to something with finger,276,0.7862,0.6486
ctrgcn,limb_occlusion_mild,255,31,taking a selfie,276,0.8889,0.75
ctrgcn,limb_occlusion_mild,255,32,check time (from watch),276,0.901,0.721
ctrgcn,limb_occlusion_mild,255,33,rub two hands together,276,0.9034,0.7609
ctrgcn,limb_occlusion_mild,255,34,nod head/bow,276,0.971,0.808
ctrgcn,limb_occlusion_mild,255,35,shake head,275,0.9503,0.8473
ctrgcn,limb_occlusion_mild,255,36,wipe face,276,0.8551,0.6884
ctrgcn,limb_occlusion_mild,255,37,salute,276,0.93,0.7355
ctrgcn,limb_occlusion_mild,255,38,put the palms together,276,0.9239,0.7283
ctrgcn,limb_occlusion_mild,255,39,cross hands in front (say stop),276,0.936,0.75
ctrgcn,limb_occlusion_mild,255,40,sneeze/cough,276,0.7403,0.5688
ctrgcn,limb_occlusion_mild,255,41,staggering,276,0.9867,0.9384
ctrgcn,limb_occlusion_mild,255,42,falling,275,0.9939,0.9745
ctrgcn,limb_occlusion_mild,255,43,touch head (headache),276,0.8345,0.6232
ctrgcn,limb_occlusion_mild,255,44,touch chest (stomachache/heart pain),276,0.9215,0.7862
ctrgcn,limb_occlusion_mild,255,45,touch back (backache),276,0.9444,0.8659
ctrgcn,limb_occlusion_mild,255,46,touch neck (neckache),276,0.8502,0.7609
ctrgcn,limb_occlusion_mild,255,47,nausea or vomiting condition,275,0.8497,0.64
ctrgcn,limb_occlusion_mild,255,48,use a fan (with hand or paper)/feeling warm,275,0.9309,0.8036
ctrgcn,limb_occlusion_mild,255,49,punching/slapping other person,274,0.9112,0.854
ctrgcn,limb_occlusion_mild,255,50,kicking other person,276,0.9541,0.8623
ctrgcn,limb_occlusion_mild,255,51,pushing other person,276,0.9722,0.8406
ctrgcn,limb_occlusion_mild,255,52,pat on back of other person,276,0.9143,0.8587
ctrgcn,limb_occlusion_mild,255,53,point finger at the other person,276,0.913,0.6884
ctrgcn,limb_occlusion_mild,255,54,hugging other person,274,0.9878,0.9234
ctrgcn,limb_occlusion_mild,255,55,giving something to other person,276,0.9372,0.837
ctrgcn,limb_occlusion_mild,255,56,touch other person's pocket,275,0.9382,0.92
ctrgcn,limb_occlusion_mild,255,57,handshaking,276,0.9589,0.8297
ctrgcn,limb_occlusion_mild,255,58,walking towards each other,273,0.9963,0.9524
ctrgcn,limb_occlusion_mild,255,59,walking apart from each other,276,0.9638,0.9819
ctrgcn,limb_occlusion_mild,2026,0,drink water,274,0.8601,0.7007
ctrgcn,limb_occlusion_mild,2026,1,eat meal/snack,275,0.7261,0.5855
ctrgcn,limb_occlusion_mild,2026,2,brushing teeth,273,0.873,0.696
ctrgcn,limb_occlusion_mild,2026,3,brushing hair,273,0.917,0.7875
ctrgcn,limb_occlusion_mild,2026,4,drop,275,0.8873,0.7673
ctrgcn,limb_occlusion_mild,2026,5,pickup,275,0.9697,0.8618
ctrgcn,limb_occlusion_mild,2026,6,throw,275,0.9321,0.7818
ctrgcn,limb_occlusion_mild,2026,7,sitting down,273,0.9683,0.9487
ctrgcn,limb_occlusion_mild,2026,8,standing up (from sitting position),273,0.9792,0.9451
ctrgcn,limb_occlusion_mild,2026,9,clapping,273,0.7741,0.619
ctrgcn,limb_occlusion_mild,2026,10,reading,273,0.6496,0.4689
ctrgcn,limb_occlusion_mild,2026,11,writing,272,0.6201,0.5809
ctrgcn,limb_occlusion_mild,2026,12,tear up paper,271,0.9213,0.7601
ctrgcn,limb_occlusion_mild,2026,13,wear jacket,275,0.9782,0.8982
ctrgcn,limb_occlusion_mild,2026,14,take off jacket,276,0.9843,0.9275
ctrgcn,limb_occlusion_mild,2026,15,wear a shoe,273,0.8083,0.6703
ctrgcn,limb_occlusion_mild,2026,16,take off a shoe,274,0.8382,0.7299
ctrgcn,limb_occlusion_mild,2026,17,wear on glasses,273,0.9084,0.7912
ctrgcn,limb_occlusion_mild,2026,18,take off glasses,274,0.944,0.8796
ctrgcn,limb_occlusion_mild,2026,19,put on a hat/cap,272,0.9596,0.7757
ctrgcn,limb_occlusion_mild,2026,20,take off a hat/cap,273,0.9744,0.8095
ctrgcn,limb_occlusion_mild,2026,21,cheer up,274,0.9258,0.792
ctrgcn,limb_occlusion_mild,2026,22,hand waving,274,0.9173,0.7701
ctrgcn,limb_occlusion_mild,2026,23,kicking something,276,0.9529,0.8913
ctrgcn,limb_occlusion_mild,2026,24,reach into pocket,274,0.8358,0.7591
ctrgcn,limb_occlusion_mild,2026,25,hopping (one foot jumping),275,0.9891,0.9891
ctrgcn,limb_occlusion_mild,2026,26,jump up,276,1.0,0.9964
ctrgcn,limb_occlusion_mild,2026,27,make a phone call/answer phone,275,0.9079,0.72
ctrgcn,limb_occlusion_mild,2026,28,playing with phone/tablet,275,0.6958,0.5491
ctrgcn,limb_occlusion_mild,2026,29,typing on a keyboard,275,0.737,0.6655
ctrgcn,limb_occlusion_mild,2026,30,pointing to something with finger,276,0.7862,0.6413
ctrgcn,limb_occlusion_mild,2026,31,taking a selfie,276,0.8889,0.7065
ctrgcn,limb_occlusion_mild,2026,32,check time (from watch),276,0.901,0.6957
ctrgcn,limb_occlusion_mild,2026,33,rub two hands together,276,0.9034,0.7355
ctrgcn,limb_occlusion_mild,2026,34,nod head/bow,276,0.971,0.8225
ctrgcn,limb_occlusion_mild,2026,35,shake head,275,0.9503,0.8327
ctrgcn,limb_occlusion_mild,2026,36,wipe face,276,0.8551,0.7138
ctrgcn,limb_occlusion_mild,2026,37,salute,276,0.93,0.7536
ctrgcn,limb_occlusion_mild,2026,38,put the palms together,276,0.9239,0.7174
ctrgcn,limb_occlusion_mild,2026,39,cross hands in front (say stop),276,0.936,0.6775
ctrgcn,limb_occlusion_mild,2026,40,sneeze/cough,276,0.7403,0.529
ctrgcn,limb_occlusion_mild,2026,41,staggering,276,0.9867,0.8949
ctrgcn,limb_occlusion_mild,2026,42,falling,275,0.9939,0.9636
ctrgcn,limb_occlusion_mild,2026,43,touch head (headache),276,0.8345,0.663
ctrgcn,limb_occlusion_mild,2026,44,touch chest (stomachache/heart pain),276,0.9215,0.7935
ctrgcn,limb_occlusion_mild,2026,45,touch back (backache),276,0.9444,0.9203
ctrgcn,limb_occlusion_mild,2026,46,touch neck (neckache),276,0.8502,0.7174
ctrgcn,limb_occlusion_mild,2026,47,nausea or vomiting condition,275,0.8497,0.6145
ctrgcn,limb_occlusion_mild,2026,48,use a fan (with hand or paper)/feeling warm,275,0.9309,0.8291
ctrgcn,limb_occlusion_mild,2026,49,punching/slapping other person,274,0.9112,0.8212
ctrgcn,limb_occlusion_mild,2026,50,kicking other person,276,0.9541,0.808
ctrgcn,limb_occlusion_mild,2026,51,pushing other person,276,0.9722,0.9058
ctrgcn,limb_occlusion_mild,2026,52,pat on back of other person,276,0.9143,0.8732
ctrgcn,limb_occlusion_mild,2026,53,point finger at the other person,276,0.913,0.6848
ctrgcn,limb_occlusion_mild,2026,54,hugging other person,274,0.9878,0.8978
ctrgcn,limb_occlusion_mild,2026,55,giving something to other person,276,0.9372,0.808
ctrgcn,limb_occlusion_mild,2026,56,touch other person's pocket,275,0.9382,0.9018
ctrgcn,limb_occlusion_mild,2026,57,handshaking,276,0.9589,0.8152
ctrgcn,limb_occlusion_mild,2026,58,walking towards each other,273,0.9963,0.9084
ctrgcn,limb_occlusion_mild,2026,59,walking apart from each other,276,0.9638,0.9674
ctrgcn,limb_occlusion_mild,3407,0,drink water,274,0.8601,0.7445
ctrgcn,limb_occlusion_mild,3407,1,eat meal/snack,275,0.7261,0.5491
ctrgcn,limb_occlusion_mild,3407,2,brushing teeth,273,0.873,0.6703
ctrgcn,limb_occlusion_mild,3407,3,brushing hair,273,0.917,0.7802
ctrgcn,limb_occlusion_mild,3407,4,drop,275,0.8873,0.7673
ctrgcn,limb_occlusion_mild,3407,5,pickup,275,0.9697,0.8327
ctrgcn,limb_occlusion_mild,3407,6,throw,275,0.9321,0.7927
ctrgcn,limb_occlusion_mild,3407,7,sitting down,273,0.9683,0.9267
ctrgcn,limb_occlusion_mild,3407,8,standing up (from sitting position),273,0.9792,0.9341
ctrgcn,limb_occlusion_mild,3407,9,clapping,273,0.7741,0.5824
ctrgcn,limb_occlusion_mild,3407,10,reading,273,0.6496,0.5055
ctrgcn,limb_occlusion_mild,3407,11,writing,272,0.6201,0.5331
ctrgcn,limb_occlusion_mild,3407,12,tear up paper,271,0.9213,0.786
ctrgcn,limb_occlusion_mild,3407,13,wear jacket,275,0.9782,0.8255
ctrgcn,limb_occlusion_mild,3407,14,take off jacket,276,0.9843,0.9348
ctrgcn,limb_occlusion_mild,3407,15,wear a shoe,273,0.8083,0.6813
ctrgcn,limb_occlusion_mild,3407,16,take off a shoe,274,0.8382,0.6788
ctrgcn,limb_occlusion_mild,3407,17,wear on glasses,273,0.9084,0.8242
ctrgcn,limb_occlusion_mild,3407,18,take off glasses,274,0.944,0.8577
ctrgcn,limb_occlusion_mild,3407,19,put on a hat/cap,272,0.9596,0.7941
ctrgcn,limb_occlusion_mild,3407,20,take off a hat/cap,273,0.9744,0.8168
ctrgcn,limb_occlusion_mild,3407,21,cheer up,274,0.9258,0.7737
ctrgcn,limb_occlusion_mild,3407,22,hand waving,274,0.9173,0.7518
ctrgcn,limb_occlusion_mild,3407,23,kicking something,276,0.9529,0.837
ctrgcn,limb_occlusion_mild,3407,24,reach into pocket,274,0.8358,0.7555
ctrgcn,limb_occlusion_mild,3407,25,hopping (one foot jumping),275,0.9891,0.9745
ctrgcn,limb_occlusion_mild,3407,26,jump up,276,1.0,0.9819
ctrgcn,limb_occlusion_mild,3407,27,make a phone call/answer phone,275,0.9079,0.76
ctrgcn,limb_occlusion_mild,3407,28,playing with phone/tablet,275,0.6958,0.6582
ctrgcn,limb_occlusion_mild,3407,29,typing on a keyboard,275,0.737,0.6255
ctrgcn,limb_occlusion_mild,3407,30,pointing to something with finger,276,0.7862,0.6087
ctrgcn,limb_occlusion_mild,3407,31,taking a selfie,276,0.8889,0.7355
ctrgcn,limb_occlusion_mild,3407,32,check time (from watch),276,0.901,0.6993
ctrgcn,limb_occlusion_mild,3407,33,rub two hands together,276,0.9034,0.721
ctrgcn,limb_occlusion_mild,3407,34,nod head/bow,276,0.971,0.8261
ctrgcn,limb_occlusion_mild,3407,35,shake head,275,0.9503,0.8182
ctrgcn,limb_occlusion_mild,3407,36,wipe face,276,0.8551,0.6667
ctrgcn,limb_occlusion_mild,3407,37,salute,276,0.93,0.721
ctrgcn,limb_occlusion_mild,3407,38,put the palms together,276,0.9239,0.7681
ctrgcn,limb_occlusion_mild,3407,39,cross hands in front (say stop),276,0.936,0.6812
ctrgcn,limb_occlusion_mild,3407,40,sneeze/cough,276,0.7403,0.5
ctrgcn,limb_occlusion_mild,3407,41,staggering,276,0.9867,0.8804
ctrgcn,limb_occlusion_mild,3407,42,falling,275,0.9939,0.9636
ctrgcn,limb_occlusion_mild,3407,43,touch head (headache),276,0.8345,0.6667
ctrgcn,limb_occlusion_mild,3407,44,touch chest (stomachache/heart pain),276,0.9215,0.7754
ctrgcn,limb_occlusion_mild,3407,45,touch back (backache),276,0.9444,0.8768
ctrgcn,limb_occlusion_mild,3407,46,touch neck (neckache),276,0.8502,0.7428
ctrgcn,limb_occlusion_mild,3407,47,nausea or vomiting condition,275,0.8497,0.5345
ctrgcn,limb_occlusion_mild,3407,48,use a fan (with hand or paper)/feeling warm,275,0.9309,0.8218
ctrgcn,limb_occlusion_mild,3407,49,punching/slapping other person,274,0.9112,0.792
ctrgcn,limb_occlusion_mild,3407,50,kicking other person,276,0.9541,0.8007
ctrgcn,limb_occlusion_mild,3407,51,pushing other person,276,0.9722,0.9022
ctrgcn,limb_occlusion_mild,3407,52,pat on back of other person,276,0.9143,0.8841
ctrgcn,limb_occlusion_mild,3407,53,point finger at the other person,276,0.913,0.7899
ctrgcn,limb_occlusion_mild,3407,54,hugging other person,274,0.9878,0.8942
ctrgcn,limb_occlusion_mild,3407,55,giving something to other person,276,0.9372,0.8442
ctrgcn,limb_occlusion_mild,3407,56,touch other person's pocket,275,0.9382,0.8509
ctrgcn,limb_occlusion_mild,3407,57,handshaking,276,0.9589,0.8225
ctrgcn,limb_occlusion_mild,3407,58,walking towards each other,273,0.9963,0.9341
ctrgcn,limb_occlusion_mild,3407,59,walking apart from each other,276,0.9638,0.9493
ctrgcn,coord_noise_mild,255,0,drink water,274,0.8601,0.6204
ctrgcn,coord_noise_mild,255,1,eat meal/snack,275,0.7261,0.4727
ctrgcn,coord_noise_mild,255,2,brushing teeth,273,0.873,0.4469
ctrgcn,coord_noise_mild,255,3,brushing hair,273,0.917,0.6886
ctrgcn,coord_noise_mild,255,4,drop,275,0.8873,0.4255
ctrgcn,coord_noise_mild,255,5,pickup,275,0.9697,0.8836
ctrgcn,coord_noise_mild,255,6,throw,275,0.9321,0.8582
ctrgcn,coord_noise_mild,255,7,sitting down,273,0.9683,0.9267
ctrgcn,coord_noise_mild,255,8,standing up (from sitting position),273,0.9792,0.956
ctrgcn,coord_noise_mild,255,9,clapping,273,0.7741,0.7399
ctrgcn,coord_noise_mild,255,10,reading,273,0.6496,0.0659
ctrgcn,coord_noise_mild,255,11,writing,272,0.6201,0.1397
ctrgcn,coord_noise_mild,255,12,tear up paper,271,0.9213,0.6384
ctrgcn,coord_noise_mild,255,13,wear jacket,275,0.9782,0.9782
ctrgcn,coord_noise_mild,255,14,take off jacket,276,0.9843,0.8551
ctrgcn,coord_noise_mild,255,15,wear a shoe,273,0.8083,0.7216
ctrgcn,coord_noise_mild,255,16,take off a shoe,274,0.8382,0.7482
ctrgcn,coord_noise_mild,255,17,wear on glasses,273,0.9084,0.8608
ctrgcn,coord_noise_mild,255,18,take off glasses,274,0.944,0.8723
ctrgcn,coord_noise_mild,255,19,put on a hat/cap,272,0.9596,0.614
ctrgcn,coord_noise_mild,255,20,take off a hat/cap,273,0.9744,0.7399
ctrgcn,coord_noise_mild,255,21,cheer up,274,0.9258,0.8796
ctrgcn,coord_noise_mild,255,22,hand waving,274,0.9173,0.9124
ctrgcn,coord_noise_mild,255,23,kicking something,276,0.9529,0.8949
ctrgcn,coord_noise_mild,255,24,reach into pocket,274,0.8358,0.6971
ctrgcn,coord_noise_mild,255,25,hopping (one foot jumping),275,0.9891,0.8764
ctrgcn,coord_noise_mild,255,26,jump up,276,1.0,0.9312
ctrgcn,coord_noise_mild,255,27,make a phone call/answer phone,275,0.9079,0.5636
ctrgcn,coord_noise_mild,255,28,playing with phone/tablet,275,0.6958,0.2473
ctrgcn,coord_noise_mild,255,29,typing on a keyboard,275,0.737,0.6182
ctrgcn,coord_noise_mild,255,30,pointing to something with finger,276,0.7862,0.7681
ctrgcn,coord_noise_mild,255,31,taking a selfie,276,0.8889,0.7935
ctrgcn,coord_noise_mild,255,32,check time (from watch),276,0.901,0.7971
ctrgcn,coord_noise_mild,255,33,rub two hands together,276,0.9034,0.3913
ctrgcn,coord_noise_mild,255,34,nod head/bow,276,0.971,0.9203
ctrgcn,coord_noise_mild,255,35,shake head,275,0.9503,0.0327
ctrgcn,coord_noise_mild,255,36,wipe face,276,0.8551,0.0507
ctrgcn,coord_noise_mild,255,37,salute,276,0.93,0.8804
ctrgcn,coord_noise_mild,255,38,put the palms together,276,0.9239,0.6087
ctrgcn,coord_noise_mild,255,39,cross hands in front (say stop),276,0.936,0.7826
ctrgcn,coord_noise_mild,255,40,sneeze/cough,276,0.7403,0.2754
ctrgcn,coord_noise_mild,255,41,staggering,276,0.9867,0.971
ctrgcn,coord_noise_mild,255,42,falling,275,0.9939,0.9818
ctrgcn,coord_noise_mild,255,43,touch head (headache),276,0.8345,0.7246
ctrgcn,coord_noise_mild,255,44,touch chest (stomachache/heart pain),276,0.9215,0.8188
ctrgcn,coord_noise_mild,255,45,touch back (backache),276,0.9444,0.4565
ctrgcn,coord_noise_mild,255,46,touch neck (neckache),276,0.8502,0.4529
ctrgcn,coord_noise_mild,255,47,nausea or vomiting condition,275,0.8497,0.7927
ctrgcn,coord_noise_mild,255,48,use a fan (with hand or paper)/feeling warm,275,0.9309,0.8036
ctrgcn,coord_noise_mild,255,49,punching/slapping other person,274,0.9112,0.708
ctrgcn,coord_noise_mild,255,50,kicking other person,276,0.9541,0.8188
ctrgcn,coord_noise_mild,255,51,pushing other person,276,0.9722,0.7246
ctrgcn,coord_noise_mild,255,52,pat on back of other person,276,0.9143,0.2645
ctrgcn,coord_noise_mild,255,53,point finger at the other person,276,0.913,0.8297
ctrgcn,coord_noise_mild,255,54,hugging other person,274,0.9878,0.9124
ctrgcn,coord_noise_mild,255,55,giving something to other person,276,0.9372,0.3696
ctrgcn,coord_noise_mild,255,56,touch other person's pocket,275,0.9382,0.5855
ctrgcn,coord_noise_mild,255,57,handshaking,276,0.9589,0.8333
ctrgcn,coord_noise_mild,255,58,walking towards each other,273,0.9963,0.9341
ctrgcn,coord_noise_mild,255,59,walking apart from each other,276,0.9638,0.9275
ctrgcn,coord_noise_mild,2026,0,drink water,274,0.8601,0.6168
ctrgcn,coord_noise_mild,2026,1,eat meal/snack,275,0.7261,0.5491
ctrgcn,coord_noise_mild,2026,2,brushing teeth,273,0.873,0.6886
ctrgcn,coord_noise_mild,2026,3,brushing hair,273,0.917,0.5641
ctrgcn,coord_noise_mild,2026,4,drop,275,0.8873,0.6473
ctrgcn,coord_noise_mild,2026,5,pickup,275,0.9697,0.8982
ctrgcn,coord_noise_mild,2026,6,throw,275,0.9321,0.8
ctrgcn,coord_noise_mild,2026,7,sitting down,273,0.9683,0.956
ctrgcn,coord_noise_mild,2026,8,standing up (from sitting position),273,0.9792,0.9451
ctrgcn,coord_noise_mild,2026,9,clapping,273,0.7741,0.7802
ctrgcn,coord_noise_mild,2026,10,reading,273,0.6496,0.2271
ctrgcn,coord_noise_mild,2026,11,writing,272,0.6201,0.239
ctrgcn,coord_noise_mild,2026,12,tear up paper,271,0.9213,0.6421
ctrgcn,coord_noise_mild,2026,13,wear jacket,275,0.9782,0.9818
ctrgcn,coord_noise_mild,2026,14,take off jacket,276,0.9843,0.9275
ctrgcn,coord_noise_mild,2026,15,wear a shoe,273,0.8083,0.8168
ctrgcn,coord_noise_mild,2026,16,take off a shoe,274,0.8382,0.7044
ctrgcn,coord_noise_mild,2026,17,wear on glasses,273,0.9084,0.8315
ctrgcn,coord_noise_mild,2026,18,take off glasses,274,0.944,0.865
ctrgcn,coord_noise_mild,2026,19,put on a hat/cap,272,0.9596,0.4632
ctrgcn,coord_noise_mild,2026,20,take off a hat/cap,273,0.9744,0.5788
ctrgcn,coord_noise_mild,2026,21,cheer up,274,0.9258,0.792
ctrgcn,coord_noise_mild,2026,22,hand waving,274,0.9173,0.8869
ctrgcn,coord_noise_mild,2026,23,kicking something,276,0.9529,0.8659
ctrgcn,coord_noise_mild,2026,24,reach into pocket,274,0.8358,0.5912
ctrgcn,coord_noise_mild,2026,25,hopping (one foot jumping),275,0.9891,0.84
ctrgcn,coord_noise_mild,2026,26,jump up,276,1.0,0.9891
ctrgcn,coord_noise_mild,2026,27,make a phone call/answer phone,275,0.9079,0.6509
ctrgcn,coord_noise_mild,2026,28,playing with phone/tablet,275,0.6958,0.5855
ctrgcn,coord_noise_mild,2026,29,typing on a keyboard,275,0.737,0.5636
ctrgcn,coord_noise_mild,2026,30,pointing to something with finger,276,0.7862,0.7609
ctrgcn,coord_noise_mild,2026,31,taking a selfie,276,0.8889,0.8152
ctrgcn,coord_noise_mild,2026,32,check time (from watch),276,0.901,0.721
ctrgcn,coord_noise_mild,2026,33,rub two hands together,276,0.9034,0.3478
ctrgcn,coord_noise_mild,2026,34,nod head/bow,276,0.971,0.9384
ctrgcn,coord_noise_mild,2026,35,shake head,275,0.9503,0.0182
ctrgcn,coord_noise_mild,2026,36,wipe face,276,0.8551,0.0761
ctrgcn,coord_noise_mild,2026,37,salute,276,0.93,0.8804
ctrgcn,coord_noise_mild,2026,38,put the palms together,276,0.9239,0.5942
ctrgcn,coord_noise_mild,2026,39,cross hands in front (say stop),276,0.936,0.7355
ctrgcn,coord_noise_mild,2026,40,sneeze/cough,276,0.7403,0.3333
ctrgcn,coord_noise_mild,2026,41,staggering,276,0.9867,0.9058
ctrgcn,coord_noise_mild,2026,42,falling,275,0.9939,0.9745
ctrgcn,coord_noise_mild,2026,43,touch head (headache),276,0.8345,0.7283
ctrgcn,coord_noise_mild,2026,44,touch chest (stomachache/heart pain),276,0.9215,0.7935
ctrgcn,coord_noise_mild,2026,45,touch back (backache),276,0.9444,0.7029
ctrgcn,coord_noise_mild,2026,46,touch neck (neckache),276,0.8502,0.3152
ctrgcn,coord_noise_mild,2026,47,nausea or vomiting condition,275,0.8497,0.8291
ctrgcn,coord_noise_mild,2026,48,use a fan (with hand or paper)/feeling warm,275,0.9309,0.9055
ctrgcn,coord_noise_mild,2026,49,punching/slapping other person,274,0.9112,0.562
ctrgcn,coord_noise_mild,2026,50,kicking other person,276,0.9541,0.5145
ctrgcn,coord_noise_mild,2026,51,pushing other person,276,0.9722,0.6993
ctrgcn,coord_noise_mild,2026,52,pat on back of other person,276,0.9143,0.5435
ctrgcn,coord_noise_mild,2026,53,point finger at the other person,276,0.913,0.8333
ctrgcn,coord_noise_mild,2026,54,hugging other person,274,0.9878,0.854
ctrgcn,coord_noise_mild,2026,55,giving something to other person,276,0.9372,0.6812
ctrgcn,coord_noise_mild,2026,56,touch other person's pocket,275,0.9382,0.6982
ctrgcn,coord_noise_mild,2026,57,handshaking,276,0.9589,0.5725
ctrgcn,coord_noise_mild,2026,58,walking towards each other,273,0.9963,0.7949
ctrgcn,coord_noise_mild,2026,59,walking apart from each other,276,0.9638,0.9819
ctrgcn,coord_noise_mild,3407,0,drink water,274,0.8601,0.792
ctrgcn,coord_noise_mild,3407,1,eat meal/snack,275,0.7261,0.4873
ctrgcn,coord_noise_mild,3407,2,brushing teeth,273,0.873,0.5311
ctrgcn,coord_noise_mild,3407,3,brushing hair,273,0.917,0.6044
ctrgcn,coord_noise_mild,3407,4,drop,275,0.8873,0.7055
ctrgcn,coord_noise_mild,3407,5,pickup,275,0.9697,0.9491
ctrgcn,coord_noise_mild,3407,6,throw,275,0.9321,0.8364
ctrgcn,coord_noise_mild,3407,7,sitting down,273,0.9683,0.9744
ctrgcn,coord_noise_mild,3407,8,standing up (from sitting position),273,0.9792,0.9597
ctrgcn,coord_noise_mild,3407,9,clapping,273,0.7741,0.6007
ctrgcn,coord_noise_mild,3407,10,reading,273,0.6496,0.2271
ctrgcn,coord_noise_mild,3407,11,writing,272,0.6201,0.5809
ctrgcn,coord_noise_mild,3407,12,tear up paper,271,0.9213,0.6421
ctrgcn,coord_noise_mild,3407,13,wear jacket,275,0.9782,0.96
ctrgcn,coord_noise_mild,3407,14,take off jacket,276,0.9843,0.8986
ctrgcn,coord_noise_mild,3407,15,wear a shoe,273,0.8083,0.707
ctrgcn,coord_noise_mild,3407,16,take off a shoe,274,0.8382,0.719
ctrgcn,coord_noise_mild,3407,17,wear on glasses,273,0.9084,0.8681
ctrgcn,coord_noise_mild,3407,18,take off glasses,274,0.944,0.7518
ctrgcn,coord_noise_mild,3407,19,put on a hat/cap,272,0.9596,0.7243
ctrgcn,coord_noise_mild,3407,20,take off a hat/cap,273,0.9744,0.8462
ctrgcn,coord_noise_mild,3407,21,cheer up,274,0.9258,0.8759
ctrgcn,coord_noise_mild,3407,22,hand waving,274,0.9173,0.7774
ctrgcn,coord_noise_mild,3407,23,kicking something,276,0.9529,0.9058
ctrgcn,coord_noise_mild,3407,24,reach into pocket,274,0.8358,0.5547
ctrgcn,coord_noise_mild,3407,25,hopping (one foot jumping),275,0.9891,0.9127
ctrgcn,coord_noise_mild,3407,26,jump up,276,1.0,0.9855
ctrgcn,coord_noise_mild,3407,27,make a phone call/answer phone,275,0.9079,0.5964
ctrgcn,coord_noise_mild,3407,28,playing with phone/tablet,275,0.6958,0.44
ctrgcn,coord_noise_mild,3407,29,typing on a keyboard,275,0.737,0.3745
ctrgcn,coord_noise_mild,3407,30,pointing to something with finger,276,0.7862,0.7101
ctrgcn,coord_noise_mild,3407,31,taking a selfie,276,0.8889,0.7862
ctrgcn,coord_noise_mild,3407,32,check time (from watch),276,0.901,0.6232
ctrgcn,coord_noise_mild,3407,33,rub two hands together,276,0.9034,0.7391
ctrgcn,coord_noise_mild,3407,34,nod head/bow,276,0.971,0.8623
ctrgcn,coord_noise_mild,3407,35,shake head,275,0.9503,0.0436
ctrgcn,coord_noise_mild,3407,36,wipe face,276,0.8551,0.0942
ctrgcn,coord_noise_mild,3407,37,salute,276,0.93,0.8913
ctrgcn,coord_noise_mild,3407,38,put the palms together,276,0.9239,0.5797
ctrgcn,coord_noise_mild,3407,39,cross hands in front (say stop),276,0.936,0.8804
ctrgcn,coord_noise_mild,3407,40,sneeze/cough,276,0.7403,0.4638
ctrgcn,coord_noise_mild,3407,41,staggering,276,0.9867,0.8696
ctrgcn,coord_noise_mild,3407,42,falling,275,0.9939,0.9891
ctrgcn,coord_noise_mild,3407,43,touch head (headache),276,0.8345,0.4928
ctrgcn,coord_noise_mild,3407,44,touch chest (stomachache/heart pain),276,0.9215,0.808
ctrgcn,coord_noise_mild,3407,45,touch back (backache),276,0.9444,0.5797
ctrgcn,coord_noise_mild,3407,46,touch neck (neckache),276,0.8502,0.3261
ctrgcn,coord_noise_mild,3407,47,nausea or vomiting condition,275,0.8497,0.7782
ctrgcn,coord_noise_mild,3407,48,use a fan (with hand or paper)/feeling warm,275,0.9309,0.9564
ctrgcn,coord_noise_mild,3407,49,punching/slapping other person,274,0.9112,0.5766
ctrgcn,coord_noise_mild,3407,50,kicking other person,276,0.9541,0.5833
ctrgcn,coord_noise_mild,3407,51,pushing other person,276,0.9722,0.8587
ctrgcn,coord_noise_mild,3407,52,pat on back of other person,276,0.9143,0.2717
ctrgcn,coord_noise_mild,3407,53,point finger at the other person,276,0.913,0.8514
ctrgcn,coord_noise_mild,3407,54,hugging other person,274,0.9878,0.9453
ctrgcn,coord_noise_mild,3407,55,giving something to other person,276,0.9372,0.7029
ctrgcn,coord_noise_mild,3407,56,touch other person's pocket,275,0.9382,0.8182
ctrgcn,coord_noise_mild,3407,57,handshaking,276,0.9589,0.75
ctrgcn,coord_noise_mild,3407,58,walking towards each other,273,0.9963,0.9707
ctrgcn,coord_noise_mild,3407,59,walking apart from each other,276,0.9638,0.9529
ctrgcn,frame_missing_mild,255,0,drink water,274,0.8601,0.7482
ctrgcn,frame_missing_mild,255,1,eat meal/snack,275,0.7261,0.6764
ctrgcn,frame_missing_mild,255,2,brushing teeth,273,0.873,0.8645
ctrgcn,frame_missing_mild,255,3,brushing hair,273,0.917,0.8315
ctrgcn,frame_missing_mild,255,4,drop,275,0.8873,0.88
ctrgcn,frame_missing_mild,255,5,pickup,275,0.9697,0.9455
ctrgcn,frame_missing_mild,255,6,throw,275,0.9321,0.9091
ctrgcn,frame_missing_mild,255,7,sitting down,273,0.9683,0.9487
ctrgcn,frame_missing_mild,255,8,standing up (from sitting position),273,0.9792,0.978
ctrgcn,frame_missing_mild,255,9,clapping,273,0.7741,0.8462
ctrgcn,frame_missing_mild,255,10,reading,273,0.6496,0.5495
ctrgcn,frame_missing_mild,255,11,writing,272,0.6201,0.4669
ctrgcn,frame_missing_mild,255,12,tear up paper,271,0.9213,0.9262
ctrgcn,frame_missing_mild,255,13,wear jacket,275,0.9782,0.9673
ctrgcn,frame_missing_mild,255,14,take off jacket,276,0.9843,0.971
ctrgcn,frame_missing_mild,255,15,wear a shoe,273,0.8083,0.5348
ctrgcn,frame_missing_mild,255,16,take off a shoe,274,0.8382,0.7555
ctrgcn,frame_missing_mild,255,17,wear on glasses,273,0.9084,0.8388
ctrgcn,frame_missing_mild,255,18,take off glasses,274,0.944,0.8613
ctrgcn,frame_missing_mild,255,19,put on a hat/cap,272,0.9596,0.9118
ctrgcn,frame_missing_mild,255,20,take off a hat/cap,273,0.9744,0.9194
ctrgcn,frame_missing_mild,255,21,cheer up,274,0.9258,0.9416
ctrgcn,frame_missing_mild,255,22,hand waving,274,0.9173,0.9051
ctrgcn,frame_missing_mild,255,23,kicking something,276,0.9529,0.9094
ctrgcn,frame_missing_mild,255,24,reach into pocket,274,0.8358,0.6934
ctrgcn,frame_missing_mild,255,25,hopping (one foot jumping),275,0.9891,0.9782
ctrgcn,frame_missing_mild,255,26,jump up,276,1.0,1.0
ctrgcn,frame_missing_mild,255,27,make a phone call/answer phone,275,0.9079,0.72
ctrgcn,frame_missing_mild,255,28,playing with phone/tablet,275,0.6958,0.5455
ctrgcn,frame_missing_mild,255,29,typing on a keyboard,275,0.737,0.6436
ctrgcn,frame_missing_mild,255,30,pointing to something with finger,276,0.7862,0.8188
ctrgcn,frame_missing_mild,255,31,taking a selfie,276,0.8889,0.8152
ctrgcn,frame_missing_mild,255,32,check time (from watch),276,0.901,0.779
ctrgcn,frame_missing_mild,255,33,rub two hands together,276,0.9034,0.8804
ctrgcn,frame_missing_mild,255,34,nod head/bow,276,0.971,0.9674
ctrgcn,frame_missing_mild,255,35,shake head,275,0.9503,0.8109
ctrgcn,frame_missing_mild,255,36,wipe face,276,0.8551,0.7428
ctrgcn,frame_missing_mild,255,37,salute,276,0.93,0.9493
ctrgcn,frame_missing_mild,255,38,put the palms together,276,0.9239,0.9348
ctrgcn,frame_missing_mild,255,39,cross hands in front (say stop),276,0.936,0.9384
ctrgcn,frame_missing_mild,255,40,sneeze/cough,276,0.7403,0.721
ctrgcn,frame_missing_mild,255,41,staggering,276,0.9867,0.9746
ctrgcn,frame_missing_mild,255,42,falling,275,0.9939,0.9782
ctrgcn,frame_missing_mild,255,43,touch head (headache),276,0.8345,0.6703
ctrgcn,frame_missing_mild,255,44,touch chest (stomachache/heart pain),276,0.9215,0.9094
ctrgcn,frame_missing_mild,255,45,touch back (backache),276,0.9444,0.8333
ctrgcn,frame_missing_mild,255,46,touch neck (neckache),276,0.8502,0.6341
ctrgcn,frame_missing_mild,255,47,nausea or vomiting condition,275,0.8497,0.7855
ctrgcn,frame_missing_mild,255,48,use a fan (with hand or paper)/feeling warm,275,0.9309,0.9055
ctrgcn,frame_missing_mild,255,49,punching/slapping other person,274,0.9112,0.8723
ctrgcn,frame_missing_mild,255,50,kicking other person,276,0.9541,0.9493
ctrgcn,frame_missing_mild,255,51,pushing other person,276,0.9722,0.9312
ctrgcn,frame_missing_mild,255,52,pat on back of other person,276,0.9143,0.8406
ctrgcn,frame_missing_mild,255,53,point finger at the other person,276,0.913,0.8986
ctrgcn,frame_missing_mild,255,54,hugging other person,274,0.9878,0.9854
ctrgcn,frame_missing_mild,255,55,giving something to other person,276,0.9372,0.913
ctrgcn,frame_missing_mild,255,56,touch other person's pocket,275,0.9382,0.8764
ctrgcn,frame_missing_mild,255,57,handshaking,276,0.9589,0.8587
ctrgcn,frame_missing_mild,255,58,walking towards each other,273,0.9963,0.9927
ctrgcn,frame_missing_mild,255,59,walking apart from each other,276,0.9638,0.9638
ctrgcn,frame_missing_mild,2026,0,drink water,274,0.8601,0.7628
ctrgcn,frame_missing_mild,2026,1,eat meal/snack,275,0.7261,0.68
ctrgcn,frame_missing_mild,2026,2,brushing teeth,273,0.873,0.8571
ctrgcn,frame_missing_mild,2026,3,brushing hair,273,0.917,0.8571
ctrgcn,frame_missing_mild,2026,4,drop,275,0.8873,0.9309
ctrgcn,frame_missing_mild,2026,5,pickup,275,0.9697,0.9455
ctrgcn,frame_missing_mild,2026,6,throw,275,0.9321,0.9091
ctrgcn,frame_missing_mild,2026,7,sitting down,273,0.9683,0.9597
ctrgcn,frame_missing_mild,2026,8,standing up (from sitting position),273,0.9792,0.9707
ctrgcn,frame_missing_mild,2026,9,clapping,273,0.7741,0.7509
ctrgcn,frame_missing_mild,2026,10,reading,273,0.6496,0.7106
ctrgcn,frame_missing_mild,2026,11,writing,272,0.6201,0.4044
ctrgcn,frame_missing_mild,2026,12,tear up paper,271,0.9213,0.9299
ctrgcn,frame_missing_mild,2026,13,wear jacket,275,0.9782,0.9636
ctrgcn,frame_missing_mild,2026,14,take off jacket,276,0.9843,0.9565
ctrgcn,frame_missing_mild,2026,15,wear a shoe,273,0.8083,0.5678
ctrgcn,frame_missing_mild,2026,16,take off a shoe,274,0.8382,0.6971
ctrgcn,frame_missing_mild,2026,17,wear on glasses,273,0.9084,0.8901
ctrgcn,frame_missing_mild,2026,18,take off glasses,274,0.944,0.8832
ctrgcn,frame_missing_mild,2026,19,put on a hat/cap,272,0.9596,0.8603
ctrgcn,frame_missing_mild,2026,20,take off a hat/cap,273,0.9744,0.9304
ctrgcn,frame_missing_mild,2026,21,cheer up,274,0.9258,0.938
ctrgcn,frame_missing_mild,2026,22,hand waving,274,0.9173,0.9051
ctrgcn,frame_missing_mild,2026,23,kicking something,276,0.9529,0.9275
ctrgcn,frame_missing_mild,2026,24,reach into pocket,274,0.8358,0.6204
ctrgcn,frame_missing_mild,2026,25,hopping (one foot jumping),275,0.9891,0.9855
ctrgcn,frame_missing_mild,2026,26,jump up,276,1.0,0.9891
ctrgcn,frame_missing_mild,2026,27,make a phone call/answer phone,275,0.9079,0.7782
ctrgcn,frame_missing_mild,2026,28,playing with phone/tablet,275,0.6958,0.4509
ctrgcn,frame_missing_mild,2026,29,typing on a keyboard,275,0.737,0.6364
ctrgcn,frame_missing_mild,2026,30,pointing to something with finger,276,0.7862,0.8116
ctrgcn,frame_missing_mild,2026,31,taking a selfie,276,0.8889,0.8551
ctrgcn,frame_missing_mild,2026,32,check time (from watch),276,0.901,0.7645
ctrgcn,frame_missing_mild,2026,33,rub two hands together,276,0.9034,0.8732
ctrgcn,frame_missing_mild,2026,34,nod head/bow,276,0.971,0.9601
ctrgcn,frame_missing_mild,2026,35,shake head,275,0.9503,0.8982
ctrgcn,frame_missing_mild,2026,36,wipe face,276,0.8551,0.7609
ctrgcn,frame_missing_mild,2026,37,salute,276,0.93,0.9094
ctrgcn,frame_missing_mild,2026,38,put the palms together,276,0.9239,0.9239
ctrgcn,frame_missing_mild,2026,39,cross hands in front (say stop),276,0.936,0.8877
ctrgcn,frame_missing_mild,2026,40,sneeze/cough,276,0.7403,0.6268
ctrgcn,frame_missing_mild,2026,41,staggering,276,0.9867,0.9348
ctrgcn,frame_missing_mild,2026,42,falling,275,0.9939,0.9855
ctrgcn,frame_missing_mild,2026,43,touch head (headache),276,0.8345,0.7065
ctrgcn,frame_missing_mild,2026,44,touch chest (stomachache/heart pain),276,0.9215,0.913
ctrgcn,frame_missing_mild,2026,45,touch back (backache),276,0.9444,0.9022
ctrgcn,frame_missing_mild,2026,46,touch neck (neckache),276,0.8502,0.7065
ctrgcn,frame_missing_mild,2026,47,nausea or vomiting condition,275,0.8497,0.7927
ctrgcn,frame_missing_mild,2026,48,use a fan (with hand or paper)/feeling warm,275,0.9309,0.9491
ctrgcn,frame_missing_mild,2026,49,punching/slapping other person,274,0.9112,0.781
ctrgcn,frame_missing_mild,2026,50,kicking other person,276,0.9541,0.942
ctrgcn,frame_missing_mild,2026,51,pushing other person,276,0.9722,0.9384
ctrgcn,frame_missing_mild,2026,52,pat on back of other person,276,0.9143,0.8442
ctrgcn,frame_missing_mild,2026,53,point finger at the other person,276,0.913,0.8442
ctrgcn,frame_missing_mild,2026,54,hugging other person,274,0.9878,0.9672
ctrgcn,frame_missing_mild,2026,55,giving something to other person,276,0.9372,0.8877
ctrgcn,frame_missing_mild,2026,56,touch other person's pocket,275,0.9382,0.9018
ctrgcn,frame_missing_mild,2026,57,handshaking,276,0.9589,0.8804
ctrgcn,frame_missing_mild,2026,58,walking towards each other,273,0.9963,0.989
ctrgcn,frame_missing_mild,2026,59,walking apart from each other,276,0.9638,0.9638
ctrgcn,frame_missing_mild,3407,0,drink water,274,0.8601,0.7956
ctrgcn,frame_missing_mild,3407,1,eat meal/snack,275,0.7261,0.7164
ctrgcn,frame_missing_mild,3407,2,brushing teeth,273,0.873,0.7619
ctrgcn,frame_missing_mild,3407,3,brushing hair,273,0.917,0.7839
ctrgcn,frame_missing_mild,3407,4,drop,275,0.8873,0.9018
ctrgcn,frame_missing_mild,3407,5,pickup,275,0.9697,0.9309
ctrgcn,frame_missing_mild,3407,6,throw,275,0.9321,0.8945
ctrgcn,frame_missing_mild,3407,7,sitting down,273,0.9683,0.9524
ctrgcn,frame_missing_mild,3407,8,standing up (from sitting position),273,0.9792,0.9707
ctrgcn,frame_missing_mild,3407,9,clapping,273,0.7741,0.7143
ctrgcn,frame_missing_mild,3407,10,reading,273,0.6496,0.5092
ctrgcn,frame_missing_mild,3407,11,writing,272,0.6201,0.3493
ctrgcn,frame_missing_mild,3407,12,tear up paper,271,0.9213,0.9077
ctrgcn,frame_missing_mild,3407,13,wear jacket,275,0.9782,0.9055
ctrgcn,frame_missing_mild,3407,14,take off jacket,276,0.9843,0.9565
ctrgcn,frame_missing_mild,3407,15,wear a shoe,273,0.8083,0.5385
ctrgcn,frame_missing_mild,3407,16,take off a shoe,274,0.8382,0.719
ctrgcn,frame_missing_mild,3407,17,wear on glasses,273,0.9084,0.8168
ctrgcn,frame_missing_mild,3407,18,take off glasses,274,0.944,0.8358
ctrgcn,frame_missing_mild,3407,19,put on a hat/cap,272,0.9596,0.9154
ctrgcn,frame_missing_mild,3407,20,take off a hat/cap,273,0.9744,0.8938
ctrgcn,frame_missing_mild,3407,21,cheer up,274,0.9258,0.9416
ctrgcn,frame_missing_mild,3407,22,hand waving,274,0.9173,0.8686
ctrgcn,frame_missing_mild,3407,23,kicking something,276,0.9529,0.9058
ctrgcn,frame_missing_mild,3407,24,reach into pocket,274,0.8358,0.6606
ctrgcn,frame_missing_mild,3407,25,hopping (one foot jumping),275,0.9891,0.9782
ctrgcn,frame_missing_mild,3407,26,jump up,276,1.0,0.9964
ctrgcn,frame_missing_mild,3407,27,make a phone call/answer phone,275,0.9079,0.8182
ctrgcn,frame_missing_mild,3407,28,playing with phone/tablet,275,0.6958,0.4873
ctrgcn,frame_missing_mild,3407,29,typing on a keyboard,275,0.737,0.6582
ctrgcn,frame_missing_mild,3407,30,pointing to something with finger,276,0.7862,0.7754
ctrgcn,frame_missing_mild,3407,31,taking a selfie,276,0.8889,0.8551
ctrgcn,frame_missing_mild,3407,32,check time (from watch),276,0.901,0.7754
ctrgcn,frame_missing_mild,3407,33,rub two hands together,276,0.9034,0.8659
ctrgcn,frame_missing_mild,3407,34,nod head/bow,276,0.971,0.971
ctrgcn,frame_missing_mild,3407,35,shake head,275,0.9503,0.88
ctrgcn,frame_missing_mild,3407,36,wipe face,276,0.8551,0.7899
ctrgcn,frame_missing_mild,3407,37,salute,276,0.93,0.8949
ctrgcn,frame_missing_mild,3407,38,put the palms together,276,0.9239,0.9384
ctrgcn,frame_missing_mild,3407,39,cross hands in front (say stop),276,0.936,0.9022
ctrgcn,frame_missing_mild,3407,40,sneeze/cough,276,0.7403,0.5833
ctrgcn,frame_missing_mild,3407,41,staggering,276,0.9867,0.9058
ctrgcn,frame_missing_mild,3407,42,falling,275,0.9939,0.9855
ctrgcn,frame_missing_mild,3407,43,touch head (headache),276,0.8345,0.7246
ctrgcn,frame_missing_mild,3407,44,touch chest (stomachache/heart pain),276,0.9215,0.9167
ctrgcn,frame_missing_mild,3407,45,touch back (backache),276,0.9444,0.9239
ctrgcn,frame_missing_mild,3407,46,touch neck (neckache),276,0.8502,0.7536
ctrgcn,frame_missing_mild,3407,47,nausea or vomiting condition,275,0.8497,0.7927
ctrgcn,frame_missing_mild,3407,48,use a fan (with hand or paper)/feeling warm,275,0.9309,0.92
ctrgcn,frame_missing_mild,3407,49,punching/slapping other person,274,0.9112,0.8613
ctrgcn,frame_missing_mild,3407,50,kicking other person,276,0.9541,0.9348
ctrgcn,frame_missing_mild,3407,51,pushing other person,276,0.9722,0.9058
ctrgcn,frame_missing_mild,3407,52,pat on back of other person,276,0.9143,0.8551
ctrgcn,frame_missing_mild,3407,53,point finger at the other person,276,0.913,0.8659
ctrgcn,frame_missing_mild,3407,54,hugging other person,274,0.9878,0.9818
ctrgcn,frame_missing_mild,3407,55,giving something to other person,276,0.9372,0.9348
ctrgcn,frame_missing_mild,3407,56,touch other person's pocket,275,0.9382,0.8327
ctrgcn,frame_missing_mild,3407,57,handshaking,276,0.9589,0.8406
ctrgcn,frame_missing_mild,3407,58,walking towards each other,273,0.9963,1.0
ctrgcn,frame_missing_mild,3407,59,walking apart from each other,276,0.9638,0.9529
ctrgcn,mixed_mild,255,0,drink water,274,0.8601,0.5146
ctrgcn,mixed_mild,255,1,eat meal/snack,275,0.7261,0.4691
ctrgcn,mixed_mild,255,2,brushing teeth,273,0.873,0.3773
ctrgcn,mixed_mild,255,3,brushing hair,273,0.917,0.5238
ctrgcn,mixed_mild,255,4,drop,275,0.8873,0.5491
ctrgcn,mixed_mild,255,5,pickup,275,0.9697,0.6364
ctrgcn,mixed_mild,255,6,throw,275,0.9321,0.72
ctrgcn,mixed_mild,255,7,sitting down,273,0.9683,0.7399
ctrgcn,mixed_mild,255,8,standing up (from sitting position),273,0.9792,0.8132
ctrgcn,mixed_mild,255,9,clapping,273,0.7741,0.652
ctrgcn,mixed_mild,255,10,reading,273,0.6496,0.2125
ctrgcn,mixed_mild,255,11,writing,272,0.6201,0.2684
ctrgcn,mixed_mild,255,12,tear up paper,271,0.9213,0.6568
ctrgcn,mixed_mild,255,13,wear jacket,275,0.9782,0.7927
ctrgcn,mixed_mild,255,14,take off jacket,276,0.9843,0.6341
ctrgcn,mixed_mild,255,15,wear a shoe,273,0.8083,0.3553
ctrgcn,mixed_mild,255,16,take off a shoe,274,0.8382,0.5073
ctrgcn,mixed_mild,255,17,wear on glasses,273,0.9084,0.5788
ctrgcn,mixed_mild,255,18,take off glasses,274,0.944,0.6861
ctrgcn,mixed_mild,255,19,put on a hat/cap,272,0.9596,0.6544
ctrgcn,mixed_mild,255,20,take off a hat/cap,273,0.9744,0.6923
ctrgcn,mixed_mild,255,21,cheer up,274,0.9258,0.6788
ctrgcn,mixed_mild,255,22,hand waving,274,0.9173,0.7555
ctrgcn,mixed_mild,255,23,kicking something,276,0.9529,0.5471
ctrgcn,mixed_mild,255,24,reach into pocket,274,0.8358,0.4489
ctrgcn,mixed_mild,255,25,hopping (one foot jumping),275,0.9891,0.6509
ctrgcn,mixed_mild,255,26,jump up,276,1.0,0.7319
ctrgcn,mixed_mild,255,27,make a phone call/answer phone,275,0.9079,0.3564
ctrgcn,mixed_mild,255,28,playing with phone/tablet,275,0.6958,0.2436
ctrgcn,mixed_mild,255,29,typing on a keyboard,275,0.737,0.4364
ctrgcn,mixed_mild,255,30,pointing to something with finger,276,0.7862,0.5761
ctrgcn,mixed_mild,255,31,taking a selfie,276,0.8889,0.5616
ctrgcn,mixed_mild,255,32,check time (from watch),276,0.901,0.5906
ctrgcn,mixed_mild,255,33,rub two hands together,276,0.9034,0.3804
ctrgcn,mixed_mild,255,34,nod head/bow,276,0.971,0.7899
ctrgcn,mixed_mild,255,35,shake head,275,0.9503,0.3127
ctrgcn,mixed_mild,255,36,wipe face,276,0.8551,0.2862
ctrgcn,mixed_mild,255,37,salute,276,0.93,0.7428
ctrgcn,mixed_mild,255,38,put the palms together,276,0.9239,0.5109
ctrgcn,mixed_mild,255,39,cross hands in front (say stop),276,0.936,0.721
ctrgcn,mixed_mild,255,40,sneeze/cough,276,0.7403,0.337
ctrgcn,mixed_mild,255,41,staggering,276,0.9867,0.5616
ctrgcn,mixed_mild,255,42,falling,275,0.9939,0.8436
ctrgcn,mixed_mild,255,43,touch head (headache),276,0.8345,0.3768
ctrgcn,mixed_mild,255,44,touch chest (stomachache/heart pain),276,0.9215,0.6087
ctrgcn,mixed_mild,255,45,touch back (backache),276,0.9444,0.4167
ctrgcn,mixed_mild,255,46,touch neck (neckache),276,0.8502,0.3297
ctrgcn,mixed_mild,255,47,nausea or vomiting condition,275,0.8497,0.5091
ctrgcn,mixed_mild,255,48,use a fan (with hand or paper)/feeling warm,275,0.9309,0.7818
ctrgcn,mixed_mild,255,49,punching/slapping other person,274,0.9112,0.5438
ctrgcn,mixed_mild,255,50,kicking other person,276,0.9541,0.4529
ctrgcn,mixed_mild,255,51,pushing other person,276,0.9722,0.4746
ctrgcn,mixed_mild,255,52,pat on back of other person,276,0.9143,0.5688
ctrgcn,mixed_mild,255,53,point finger at the other person,276,0.913,0.6014
ctrgcn,mixed_mild,255,54,hugging other person,274,0.9878,0.7263
ctrgcn,mixed_mild,255,55,giving something to other person,276,0.9372,0.4565
ctrgcn,mixed_mild,255,56,touch other person's pocket,275,0.9382,0.4873
ctrgcn,mixed_mild,255,57,handshaking,276,0.9589,0.5507
ctrgcn,mixed_mild,255,58,walking towards each other,273,0.9963,0.7839
ctrgcn,mixed_mild,255,59,walking apart from each other,276,0.9638,0.7754
ctrgcn,mixed_mild,2026,0,drink water,274,0.8601,0.5876
ctrgcn,mixed_mild,2026,1,eat meal/snack,275,0.7261,0.4364
ctrgcn,mixed_mild,2026,2,brushing teeth,273,0.873,0.4982
ctrgcn,mixed_mild,2026,3,brushing hair,273,0.917,0.4249
ctrgcn,mixed_mild,2026,4,drop,275,0.8873,0.8218
ctrgcn,mixed_mild,2026,5,pickup,275,0.9697,0.6982
ctrgcn,mixed_mild,2026,6,throw,275,0.9321,0.6873
ctrgcn,mixed_mild,2026,7,sitting down,273,0.9683,0.6996
ctrgcn,mixed_mild,2026,8,standing up (from sitting position),273,0.9792,0.8352
ctrgcn,mixed_mild,2026,9,clapping,273,0.7741,0.5495
ctrgcn,mixed_mild,2026,10,reading,273,0.6496,0.3223
ctrgcn,mixed_mild,2026,11,writing,272,0.6201,0.2904
ctrgcn,mixed_mild,2026,12,tear up paper,271,0.9213,0.6015
ctrgcn,mixed_mild,2026,13,wear jacket,275,0.9782,0.7236
ctrgcn,mixed_mild,2026,14,take off jacket,276,0.9843,0.7065
ctrgcn,mixed_mild,2026,15,wear a shoe,273,0.8083,0.381
ctrgcn,mixed_mild,2026,16,take off a shoe,274,0.8382,0.4416
ctrgcn,mixed_mild,2026,17,wear on glasses,273,0.9084,0.6447
ctrgcn,mixed_mild,2026,18,take off glasses,274,0.944,0.7883
ctrgcn,mixed_mild,2026,19,put on a hat/cap,272,0.9596,0.4779
ctrgcn,mixed_mild,2026,20,take off a hat/cap,273,0.9744,0.6996
ctrgcn,mixed_mild,2026,21,cheer up,274,0.9258,0.6277
ctrgcn,mixed_mild,2026,22,hand waving,274,0.9173,0.7007
ctrgcn,mixed_mild,2026,23,kicking something,276,0.9529,0.4601
ctrgcn,mixed_mild,2026,24,reach into pocket,274,0.8358,0.3321
ctrgcn,mixed_mild,2026,25,hopping (one foot jumping),275,0.9891,0.6291
ctrgcn,mixed_mild,2026,26,jump up,276,1.0,0.9022
ctrgcn,mixed_mild,2026,27,make a phone call/answer phone,275,0.9079,0.3891
ctrgcn,mixed_mild,2026,28,playing with phone/tablet,275,0.6958,0.3273
ctrgcn,mixed_mild,2026,29,typing on a keyboard,275,0.737,0.4618
ctrgcn,mixed_mild,2026,30,pointing to something with finger,276,0.7862,0.5942
ctrgcn,mixed_mild,2026,31,taking a selfie,276,0.8889,0.4819
ctrgcn,mixed_mild,2026,32,check time (from watch),276,0.901,0.558
ctrgcn,mixed_mild,2026,33,rub two hands together,276,0.9034,0.4203
ctrgcn,mixed_mild,2026,34,nod head/bow,276,0.971,0.692
ctrgcn,mixed_mild,2026,35,shake head,275,0.9503,0.3164
ctrgcn,mixed_mild,2026,36,wipe face,276,0.8551,0.2246
ctrgcn,mixed_mild,2026,37,salute,276,0.93,0.7319
ctrgcn,mixed_mild,2026,38,put the palms together,276,0.9239,0.5543
ctrgcn,mixed_mild,2026,39,cross hands in front (say stop),276,0.936,0.7101
ctrgcn,mixed_mild,2026,40,sneeze/cough,276,0.7403,0.3623
ctrgcn,mixed_mild,2026,41,staggering,276,0.9867,0.3804
ctrgcn,mixed_mild,2026,42,falling,275,0.9939,0.8036
ctrgcn,mixed_mild,2026,43,touch head (headache),276,0.8345,0.4094
ctrgcn,mixed_mild,2026,44,touch chest (stomachache/heart pain),276,0.9215,0.6377
ctrgcn,mixed_mild,2026,45,touch back (backache),276,0.9444,0.5725
ctrgcn,mixed_mild,2026,46,touch neck (neckache),276,0.8502,0.2899
ctrgcn,mixed_mild,2026,47,nausea or vomiting condition,275,0.8497,0.4764
ctrgcn,mixed_mild,2026,48,use a fan (with hand or paper)/feeling warm,275,0.9309,0.8727
ctrgcn,mixed_mild,2026,49,punching/slapping other person,274,0.9112,0.4197
ctrgcn,mixed_mild,2026,50,kicking other person,276,0.9541,0.3986
ctrgcn,mixed_mild,2026,51,pushing other person,276,0.9722,0.4167
ctrgcn,mixed_mild,2026,52,pat on back of other person,276,0.9143,0.4964
ctrgcn,mixed_mild,2026,53,point finger at the other person,276,0.913,0.663
ctrgcn,mixed_mild,2026,54,hugging other person,274,0.9878,0.6642
ctrgcn,mixed_mild,2026,55,giving something to other person,276,0.9372,0.4855
ctrgcn,mixed_mild,2026,56,touch other person's pocket,275,0.9382,0.6
ctrgcn,mixed_mild,2026,57,handshaking,276,0.9589,0.442
ctrgcn,mixed_mild,2026,58,walking towards each other,273,0.9963,0.5165
ctrgcn,mixed_mild,2026,59,walking apart from each other,276,0.9638,0.9239
ctrgcn,mixed_mild,3407,0,drink water,274,0.8601,0.6241
ctrgcn,mixed_mild,3407,1,eat meal/snack,275,0.7261,0.4836
ctrgcn,mixed_mild,3407,2,brushing teeth,273,0.873,0.3516
ctrgcn,mixed_mild,3407,3,brushing hair,273,0.917,0.4359
ctrgcn,mixed_mild,3407,4,drop,275,0.8873,0.7418
ctrgcn,mixed_mild,3407,5,pickup,275,0.9697,0.7345
ctrgcn,mixed_mild,3407,6,throw,275,0.9321,0.72
ctrgcn,mixed_mild,3407,7,sitting down,273,0.9683,0.8242
ctrgcn,mixed_mild,3407,8,standing up (from sitting position),273,0.9792,0.8278
ctrgcn,mixed_mild,3407,9,clapping,273,0.7741,0.4725
ctrgcn,mixed_mild,3407,10,reading,273,0.6496,0.2601
ctrgcn,mixed_mild,3407,11,writing,272,0.6201,0.3529
ctrgcn,mixed_mild,3407,12,tear up paper,271,0.9213,0.5904
ctrgcn,mixed_mild,3407,13,wear jacket,275,0.9782,0.7236
ctrgcn,mixed_mild,3407,14,take off jacket,276,0.9843,0.6449
ctrgcn,mixed_mild,3407,15,wear a shoe,273,0.8083,0.37
ctrgcn,mixed_mild,3407,16,take off a shoe,274,0.8382,0.5365
ctrgcn,mixed_mild,3407,17,wear on glasses,273,0.9084,0.663
ctrgcn,mixed_mild,3407,18,take off glasses,274,0.944,0.6204
ctrgcn,mixed_mild,3407,19,put on a hat/cap,272,0.9596,0.6765
ctrgcn,mixed_mild,3407,20,take off a hat/cap,273,0.9744,0.6813
ctrgcn,mixed_mild,3407,21,cheer up,274,0.9258,0.6825
ctrgcn,mixed_mild,3407,22,hand waving,274,0.9173,0.6241
ctrgcn,mixed_mild,3407,23,kicking something,276,0.9529,0.5471
ctrgcn,mixed_mild,3407,24,reach into pocket,274,0.8358,0.3504
ctrgcn,mixed_mild,3407,25,hopping (one foot jumping),275,0.9891,0.7127
ctrgcn,mixed_mild,3407,26,jump up,276,1.0,0.8478
ctrgcn,mixed_mild,3407,27,make a phone call/answer phone,275,0.9079,0.4145
ctrgcn,mixed_mild,3407,28,playing with phone/tablet,275,0.6958,0.3236
ctrgcn,mixed_mild,3407,29,typing on a keyboard,275,0.737,0.3891
ctrgcn,mixed_mild,3407,30,pointing to something with finger,276,0.7862,0.5833
ctrgcn,mixed_mild,3407,31,taking a selfie,276,0.8889,0.5833
ctrgcn,mixed_mild,3407,32,check time (from watch),276,0.901,0.4928
ctrgcn,mixed_mild,3407,33,rub two hands together,276,0.9034,0.5543
ctrgcn,mixed_mild,3407,34,nod head/bow,276,0.971,0.7464
ctrgcn,mixed_mild,3407,35,shake head,275,0.9503,0.3564
ctrgcn,mixed_mild,3407,36,wipe face,276,0.8551,0.2899
ctrgcn,mixed_mild,3407,37,salute,276,0.93,0.6594
ctrgcn,mixed_mild,3407,38,put the palms together,276,0.9239,0.587
ctrgcn,mixed_mild,3407,39,cross hands in front (say stop),276,0.936,0.7391
ctrgcn,mixed_mild,3407,40,sneeze/cough,276,0.7403,0.2899
ctrgcn,mixed_mild,3407,41,staggering,276,0.9867,0.3804
ctrgcn,mixed_mild,3407,42,falling,275,0.9939,0.8909
ctrgcn,mixed_mild,3407,43,touch head (headache),276,0.8345,0.308
ctrgcn,mixed_mild,3407,44,touch chest (stomachache/heart pain),276,0.9215,0.6014
ctrgcn,mixed_mild,3407,45,touch back (backache),276,0.9444,0.6232
ctrgcn,mixed_mild,3407,46,touch neck (neckache),276,0.8502,0.3116
ctrgcn,mixed_mild,3407,47,nausea or vomiting condition,275,0.8497,0.4582
ctrgcn,mixed_mild,3407,48,use a fan (with hand or paper)/feeling warm,275,0.9309,0.8473
ctrgcn,mixed_mild,3407,49,punching/slapping other person,274,0.9112,0.4927
ctrgcn,mixed_mild,3407,50,kicking other person,276,0.9541,0.4058
ctrgcn,mixed_mild,3407,51,pushing other person,276,0.9722,0.5543
ctrgcn,mixed_mild,3407,52,pat on back of other person,276,0.9143,0.413
ctrgcn,mixed_mild,3407,53,point finger at the other person,276,0.913,0.6268
ctrgcn,mixed_mild,3407,54,hugging other person,274,0.9878,0.8321
ctrgcn,mixed_mild,3407,55,giving something to other person,276,0.9372,0.6232
ctrgcn,mixed_mild,3407,56,touch other person's pocket,275,0.9382,0.5964
ctrgcn,mixed_mild,3407,57,handshaking,276,0.9589,0.4783
ctrgcn,mixed_mild,3407,58,walking towards each other,273,0.9963,0.7436
ctrgcn,mixed_mild,3407,59,walking apart from each other,276,0.9638,0.8442
ctrgcn,joint_missing_moderate,255,0,drink water,274,0.8601,0.0146
ctrgcn,joint_missing_moderate,255,1,eat meal/snack,275,0.7261,0.1164
ctrgcn,joint_missing_moderate,255,2,brushing teeth,273,0.873,0.033
ctrgcn,joint_missing_moderate,255,3,brushing hair,273,0.917,0.0696
ctrgcn,joint_missing_moderate,255,4,drop,275,0.8873,0.0473
ctrgcn,joint_missing_moderate,255,5,pickup,275,0.9697,0.0327
ctrgcn,joint_missing_moderate,255,6,throw,275,0.9321,0.4073
ctrgcn,joint_missing_moderate,255,7,sitting down,273,0.9683,0.0513
ctrgcn,joint_missing_moderate,255,8,standing up (from sitting position),273,0.9792,0.1978
ctrgcn,joint_missing_moderate,255,9,clapping,273,0.7741,0.1868
ctrgcn,joint_missing_moderate,255,10,reading,273,0.6496,0.011
ctrgcn,joint_missing_moderate,255,11,writing,272,0.6201,0.364
ctrgcn,joint_missing_moderate,255,12,tear up paper,271,0.9213,0.214
ctrgcn,joint_missing_moderate,255,13,wear jacket,275,0.9782,0.5382
ctrgcn,joint_missing_moderate,255,14,take off jacket,276,0.9843,0.0761
ctrgcn,joint_missing_moderate,255,15,wear a shoe,273,0.8083,0.0147
ctrgcn,joint_missing_moderate,255,16,take off a shoe,274,0.8382,0.0073
ctrgcn,joint_missing_moderate,255,17,wear on glasses,273,0.9084,0.0183
ctrgcn,joint_missing_moderate,255,18,take off glasses,274,0.944,0.2664
ctrgcn,joint_missing_moderate,255,19,put on a hat/cap,272,0.9596,0.4154
ctrgcn,joint_missing_moderate,255,20,take off a hat/cap,273,0.9744,0.1941
ctrgcn,joint_missing_moderate,255,21,cheer up,274,0.9258,0.0985
ctrgcn,joint_missing_moderate,255,22,hand waving,274,0.9173,0.2044
ctrgcn,joint_missing_moderate,255,23,kicking something,276,0.9529,0.0145
ctrgcn,joint_missing_moderate,255,24,reach into pocket,274,0.8358,0.0219
ctrgcn,joint_missing_moderate,255,25,hopping (one foot jumping),275,0.9891,0.0582
ctrgcn,joint_missing_moderate,255,26,jump up,276,1.0,0.0725
ctrgcn,joint_missing_moderate,255,27,make a phone call/answer phone,275,0.9079,0.0
ctrgcn,joint_missing_moderate,255,28,playing with phone/tablet,275,0.6958,0.0982
ctrgcn,joint_missing_moderate,255,29,typing on a keyboard,275,0.737,0.6982
ctrgcn,joint_missing_moderate,255,30,pointing to something with finger,276,0.7862,0.0399
ctrgcn,joint_missing_moderate,255,31,taking a selfie,276,0.8889,0.1159
ctrgcn,joint_missing_moderate,255,32,check time (from watch),276,0.901,0.0906
ctrgcn,joint_missing_moderate,255,33,rub two hands together,276,0.9034,0.2681
ctrgcn,joint_missing_moderate,255,34,nod head/bow,276,0.971,0.6232
ctrgcn,joint_missing_moderate,255,35,shake head,275,0.9503,0.0255
ctrgcn,joint_missing_moderate,255,36,wipe face,276,0.8551,0.558
ctrgcn,joint_missing_moderate,255,37,salute,276,0.93,0.1196
ctrgcn,joint_missing_moderate,255,38,put the palms together,276,0.9239,0.2246
ctrgcn,joint_missing_moderate,255,39,cross hands in front (say stop),276,0.936,0.4565
ctrgcn,joint_missing_moderate,255,40,sneeze/cough,276,0.7403,0.0145
ctrgcn,joint_missing_moderate,255,41,staggering,276,0.9867,0.0
ctrgcn,joint_missing_moderate,255,42,falling,275,0.9939,0.2945
ctrgcn,joint_missing_moderate,255,43,touch head (headache),276,0.8345,0.0761
ctrgcn,joint_missing_moderate,255,44,touch chest (stomachache/heart pain),276,0.9215,0.3442
ctrgcn,joint_missing_moderate,255,45,touch back (backache),276,0.9444,0.0036
ctrgcn,joint_missing_moderate,255,46,touch neck (neckache),276,0.8502,0.0036
ctrgcn,joint_missing_moderate,255,47,nausea or vomiting condition,275,0.8497,0.1709
ctrgcn,joint_missing_moderate,255,48,use a fan (with hand or paper)/feeling warm,275,0.9309,0.6873
ctrgcn,joint_missing_moderate,255,49,punching/slapping other person,274,0.9112,0.1679
ctrgcn,joint_missing_moderate,255,50,kicking other person,276,0.9541,0.0
ctrgcn,joint_missing_moderate,255,51,pushing other person,276,0.9722,0.0181
ctrgcn,joint_missing_moderate,255,52,pat on back of other person,276,0.9143,0.5326
ctrgcn,joint_missing_moderate,255,53,point finger at the other person,276,0.913,0.0507
ctrgcn,joint_missing_moderate,255,54,hugging other person,274,0.9878,0.1533
ctrgcn,joint_missing_moderate,255,55,giving something to other person,276,0.9372,0.0036
ctrgcn,joint_missing_moderate,255,56,touch other person's pocket,275,0.9382,0.2255
ctrgcn,joint_missing_moderate,255,57,handshaking,276,0.9589,0.4638
ctrgcn,joint_missing_moderate,255,58,walking towards each other,273,0.9963,0.4322
ctrgcn,joint_missing_moderate,255,59,walking apart from each other,276,0.9638,0.0652
ctrgcn,joint_missing_moderate,2026,0,drink water,274,0.8601,0.2482
ctrgcn,joint_missing_moderate,2026,1,eat meal/snack,275,0.7261,0.1273
ctrgcn,joint_missing_moderate,2026,2,brushing teeth,273,0.873,0.1722
ctrgcn,joint_missing_moderate,2026,3,brushing hair,273,0.917,0.0256
ctrgcn,joint_missing_moderate,2026,4,drop,275,0.8873,0.5636
ctrgcn,joint_missing_moderate,2026,5,pickup,275,0.9697,0.0182
ctrgcn,joint_missing_moderate,2026,6,throw,275,0.9321,0.2473
ctrgcn,joint_missing_moderate,2026,7,sitting down,273,0.9683,0.0037
ctrgcn,joint_missing_moderate,2026,8,standing up (from sitting position),273,0.9792,0.1648
ctrgcn,joint_missing_moderate,2026,9,clapping,273,0.7741,0.37
ctrgcn,joint_missing_moderate,2026,10,reading,273,0.6496,0.1209
ctrgcn,joint_missing_moderate,2026,11,writing,272,0.6201,0.1765
ctrgcn,joint_missing_moderate,2026,12,tear up paper,271,0.9213,0.2952
ctrgcn,joint_missing_moderate,2026,13,wear jacket,275,0.9782,0.2036
ctrgcn,joint_missing_moderate,2026,14,take off jacket,276,0.9843,0.0833
ctrgcn,joint_missing_moderate,2026,15,wear a shoe,273,0.8083,0.0916
ctrgcn,joint_missing_moderate,2026,16,take off a shoe,274,0.8382,0.0036
ctrgcn,joint_missing_moderate,2026,17,wear on glasses,273,0.9084,0.3846
ctrgcn,joint_missing_moderate,2026,18,take off glasses,274,0.944,0.5328
ctrgcn,joint_missing_moderate,2026,19,put on a hat/cap,272,0.9596,0.0662
ctrgcn,joint_missing_moderate,2026,20,take off a hat/cap,273,0.9744,0.3773
ctrgcn,joint_missing_moderate,2026,21,cheer up,274,0.9258,0.0511
ctrgcn,joint_missing_moderate,2026,22,hand waving,274,0.9173,0.146
ctrgcn,joint_missing_moderate,2026,23,kicking something,276,0.9529,0.0072
ctrgcn,joint_missing_moderate,2026,24,reach into pocket,274,0.8358,0.0109
ctrgcn,joint_missing_moderate,2026,25,hopping (one foot jumping),275,0.9891,0.0109
ctrgcn,joint_missing_moderate,2026,26,jump up,276,1.0,0.4565
ctrgcn,joint_missing_moderate,2026,27,make a phone call/answer phone,275,0.9079,0.0691
ctrgcn,joint_missing_moderate,2026,28,playing with phone/tablet,275,0.6958,0.68
ctrgcn,joint_missing_moderate,2026,29,typing on a keyboard,275,0.737,0.1273
ctrgcn,joint_missing_moderate,2026,30,pointing to something with finger,276,0.7862,0.2971
ctrgcn,joint_missing_moderate,2026,31,taking a selfie,276,0.8889,0.1413
ctrgcn,joint_missing_moderate,2026,32,check time (from watch),276,0.901,0.1703
ctrgcn,joint_missing_moderate,2026,33,rub two hands together,276,0.9034,0.2572
ctrgcn,joint_missing_moderate,2026,34,nod head/bow,276,0.971,0.587
ctrgcn,joint_missing_moderate,2026,35,shake head,275,0.9503,0.1055
ctrgcn,joint_missing_moderate,2026,36,wipe face,276,0.8551,0.0217
ctrgcn,joint_missing_moderate,2026,37,salute,276,0.93,0.5109
ctrgcn,joint_missing_moderate,2026,38,put the palms together,276,0.9239,0.3768
ctrgcn,joint_missing_moderate,2026,39,cross hands in front (say stop),276,0.936,0.4167
ctrgcn,joint_missing_moderate,2026,40,sneeze/cough,276,0.7403,0.1123
ctrgcn,joint_missing_moderate,2026,41,staggering,276,0.9867,0.0
ctrgcn,joint_missing_moderate,2026,42,falling,275,0.9939,0.0509
ctrgcn,joint_missing_moderate,2026,43,touch head (headache),276,0.8345,0.0399
ctrgcn,joint_missing_moderate,2026,44,touch chest (stomachache/heart pain),276,0.9215,0.4239
ctrgcn,joint_missing_moderate,2026,45,touch back (backache),276,0.9444,0.0217
ctrgcn,joint_missing_moderate,2026,46,touch neck (neckache),276,0.8502,0.0
ctrgcn,joint_missing_moderate,2026,47,nausea or vomiting condition,275,0.8497,0.3236
ctrgcn,joint_missing_moderate,2026,48,use a fan (with hand or paper)/feeling warm,275,0.9309,0.8982
ctrgcn,joint_missing_moderate,2026,49,punching/slapping other person,274,0.9112,0.0036
ctrgcn,joint_missing_moderate,2026,50,kicking other person,276,0.9541,0.0
ctrgcn,joint_missing_moderate,2026,51,pushing other person,276,0.9722,0.0181
ctrgcn,joint_missing_moderate,2026,52,pat on back of other person,276,0.9143,0.0725
ctrgcn,joint_missing_moderate,2026,53,point finger at the other person,276,0.913,0.2029
ctrgcn,joint_missing_moderate,2026,54,hugging other person,274,0.9878,0.1277
ctrgcn,joint_missing_moderate,2026,55,giving something to other person,276,0.9372,0.0109
ctrgcn,joint_missing_moderate,2026,56,touch other person's pocket,275,0.9382,0.4109
ctrgcn,joint_missing_moderate,2026,57,handshaking,276,0.9589,0.0109
ctrgcn,joint_missing_moderate,2026,58,walking towards each other,273,0.9963,0.044
ctrgcn,joint_missing_moderate,2026,59,walking apart from each other,276,0.9638,0.7428
ctrgcn,joint_missing_moderate,3407,0,drink water,274,0.8601,0.2774
ctrgcn,joint_missing_moderate,3407,1,eat meal/snack,275,0.7261,0.3455
ctrgcn,joint_missing_moderate,3407,2,brushing teeth,273,0.873,0.0256
ctrgcn,joint_missing_moderate,3407,3,brushing hair,273,0.917,0.0183
ctrgcn,joint_missing_moderate,3407,4,drop,275,0.8873,0.9164
ctrgcn,joint_missing_moderate,3407,5,pickup,275,0.9697,0.4109
ctrgcn,joint_missing_moderate,3407,6,throw,275,0.9321,0.5164
ctrgcn,joint_missing_moderate,3407,7,sitting down,273,0.9683,0.326
ctrgcn,joint_missing_moderate,3407,8,standing up (from sitting position),273,0.9792,0.5678
ctrgcn,joint_missing_moderate,3407,9,clapping,273,0.7741,0.0769
ctrgcn,joint_missing_moderate,3407,10,reading,273,0.6496,0.1392
ctrgcn,joint_missing_moderate,3407,11,writing,272,0.6201,0.4154
ctrgcn,joint_missing_moderate,3407,12,tear up paper,271,0.9213,0.2952
ctrgcn,joint_missing_moderate,3407,13,wear jacket,275,0.9782,0.2691
ctrgcn,joint_missing_moderate,3407,14,take off jacket,276,0.9843,0.0543
ctrgcn,joint_missing_moderate,3407,15,wear a shoe,273,0.8083,0.1538
ctrgcn,joint_missing_moderate,3407,16,take off a shoe,274,0.8382,0.1241
ctrgcn,joint_missing_moderate,3407,17,wear on glasses,273,0.9084,0.6703
ctrgcn,joint_missing_moderate,3407,18,take off glasses,274,0.944,0.3431
ctrgcn,joint_missing_moderate,3407,19,put on a hat/cap,272,0.9596,0.4632
ctrgcn,joint_missing_moderate,3407,20,take off a hat/cap,273,0.9744,0.381
ctrgcn,joint_missing_moderate,3407,21,cheer up,274,0.9258,0.0839
ctrgcn,joint_missing_moderate,3407,22,hand waving,274,0.9173,0.0365
ctrgcn,joint_missing_moderate,3407,23,kicking something,276,0.9529,0.0072
ctrgcn,joint_missing_moderate,3407,24,reach into pocket,274,0.8358,0.062
ctrgcn,joint_missing_moderate,3407,25,hopping (one foot jumping),275,0.9891,0.0618
ctrgcn,joint_missing_moderate,3407,26,jump up,276,1.0,0.3551
ctrgcn,joint_missing_moderate,3407,27,make a phone call/answer phone,275,0.9079,0.2945
ctrgcn,joint_missing_moderate,3407,28,playing with phone/tablet,275,0.6958,0.4873
ctrgcn,joint_missing_moderate,3407,29,typing on a keyboard,275,0.737,0.0836
ctrgcn,joint_missing_moderate,3407,30,pointing to something with finger,276,0.7862,0.3732
ctrgcn,joint_missing_moderate,3407,31,taking a selfie,276,0.8889,0.3587
ctrgcn,joint_missing_moderate,3407,32,check time (from watch),276,0.901,0.0652
ctrgcn,joint_missing_moderate,3407,33,rub two hands together,276,0.9034,0.2246
ctrgcn,joint_missing_moderate,3407,34,nod head/bow,276,0.971,0.9565
ctrgcn,joint_missing_moderate,3407,35,shake head,275,0.9503,0.1236
ctrgcn,joint_missing_moderate,3407,36,wipe face,276,0.8551,0.058
ctrgcn,joint_missing_moderate,3407,37,salute,276,0.93,0.4674
ctrgcn,joint_missing_moderate,3407,38,put the palms together,276,0.9239,0.8587
ctrgcn,joint_missing_moderate,3407,39,cross hands in front (say stop),276,0.936,0.721
ctrgcn,joint_missing_moderate,3407,40,sneeze/cough,276,0.7403,0.0616
ctrgcn,joint_missing_moderate,3407,41,staggering,276,0.9867,0.0
ctrgcn,joint_missing_moderate,3407,42,falling,275,0.9939,0.6182
ctrgcn,joint_missing_moderate,3407,43,touch head (headache),276,0.8345,0.0036
ctrgcn,joint_missing_moderate,3407,44,touch chest (stomachache/heart pain),276,0.9215,0.3623
ctrgcn,joint_missing_moderate,3407,45,touch back (backache),276,0.9444,0.0906
ctrgcn,joint_missing_moderate,3407,46,touch neck (neckache),276,0.8502,0.0
ctrgcn,joint_missing_moderate,3407,47,nausea or vomiting condition,275,0.8497,0.0909
ctrgcn,joint_missing_moderate,3407,48,use a fan (with hand or paper)/feeling warm,275,0.9309,0.6291
ctrgcn,joint_missing_moderate,3407,49,punching/slapping other person,274,0.9112,0.0511
ctrgcn,joint_missing_moderate,3407,50,kicking other person,276,0.9541,0.0036
ctrgcn,joint_missing_moderate,3407,51,pushing other person,276,0.9722,0.0761
ctrgcn,joint_missing_moderate,3407,52,pat on back of other person,276,0.9143,0.0
ctrgcn,joint_missing_moderate,3407,53,point finger at the other person,276,0.913,0.4312
ctrgcn,joint_missing_moderate,3407,54,hugging other person,274,0.9878,0.5292
ctrgcn,joint_missing_moderate,3407,55,giving something to other person,276,0.9372,0.1884
ctrgcn,joint_missing_moderate,3407,56,touch other person's pocket,275,0.9382,0.3782
ctrgcn,joint_missing_moderate,3407,57,handshaking,276,0.9589,0.0145
ctrgcn,joint_missing_moderate,3407,58,walking towards each other,273,0.9963,0.2564
ctrgcn,joint_missing_moderate,3407,59,walking apart from each other,276,0.9638,0.6703
ctrgcn,limb_occlusion_moderate,255,0,drink water,274,0.8601,0.5219
ctrgcn,limb_occlusion_moderate,255,1,eat meal/snack,275,0.7261,0.4436
ctrgcn,limb_occlusion_moderate,255,2,brushing teeth,273,0.873,0.5275
ctrgcn,limb_occlusion_moderate,255,3,brushing hair,273,0.917,0.6447
ctrgcn,limb_occlusion_moderate,255,4,drop,275,0.8873,0.5418
ctrgcn,limb_occlusion_moderate,255,5,pickup,275,0.9697,0.5164
ctrgcn,limb_occlusion_moderate,255,6,throw,275,0.9321,0.6
ctrgcn,limb_occlusion_moderate,255,7,sitting down,273,0.9683,0.6667
ctrgcn,limb_occlusion_moderate,255,8,standing up (from sitting position),273,0.9792,0.7179
ctrgcn,limb_occlusion_moderate,255,9,clapping,273,0.7741,0.4652
ctrgcn,limb_occlusion_moderate,255,10,reading,273,0.6496,0.3919
ctrgcn,limb_occlusion_moderate,255,11,writing,272,0.6201,0.5
ctrgcn,limb_occlusion_moderate,255,12,tear up paper,271,0.9213,0.5387
ctrgcn,limb_occlusion_moderate,255,13,wear jacket,275,0.9782,0.6145
ctrgcn,limb_occlusion_moderate,255,14,take off jacket,276,0.9843,0.7645
ctrgcn,limb_occlusion_moderate,255,15,wear a shoe,273,0.8083,0.4689
ctrgcn,limb_occlusion_moderate,255,16,take off a shoe,274,0.8382,0.5511
ctrgcn,limb_occlusion_moderate,255,17,wear on glasses,273,0.9084,0.5934
ctrgcn,limb_occlusion_moderate,255,18,take off glasses,274,0.944,0.7555
ctrgcn,limb_occlusion_moderate,255,19,put on a hat/cap,272,0.9596,0.6618
ctrgcn,limb_occlusion_moderate,255,20,take off a hat/cap,273,0.9744,0.641
ctrgcn,limb_occlusion_moderate,255,21,cheer up,274,0.9258,0.5146
ctrgcn,limb_occlusion_moderate,255,22,hand waving,274,0.9173,0.6168
ctrgcn,limb_occlusion_moderate,255,23,kicking something,276,0.9529,0.7391
ctrgcn,limb_occlusion_moderate,255,24,reach into pocket,274,0.8358,0.6131
ctrgcn,limb_occlusion_moderate,255,25,hopping (one foot jumping),275,0.9891,0.8255
ctrgcn,limb_occlusion_moderate,255,26,jump up,276,1.0,0.7246
ctrgcn,limb_occlusion_moderate,255,27,make a phone call/answer phone,275,0.9079,0.56
ctrgcn,limb_occlusion_moderate,255,28,playing with phone/tablet,275,0.6958,0.4618
ctrgcn,limb_occlusion_moderate,255,29,typing on a keyboard,275,0.737,0.5855
ctrgcn,limb_occlusion_moderate,255,30,pointing to something with finger,276,0.7862,0.5399
ctrgcn,limb_occlusion_moderate,255,31,taking a selfie,276,0.8889,0.5435
ctrgcn,limb_occlusion_moderate,255,32,check time (from watch),276,0.901,0.5254
ctrgcn,limb_occlusion_moderate,255,33,rub two hands together,276,0.9034,0.5072
ctrgcn,limb_occlusion_moderate,255,34,nod head/bow,276,0.971,0.5616
ctrgcn,limb_occlusion_moderate,255,35,shake head,275,0.9503,0.7418
ctrgcn,limb_occlusion_moderate,255,36,wipe face,276,0.8551,0.529
ctrgcn,limb_occlusion_moderate,255,37,salute,276,0.93,0.5254
ctrgcn,limb_occlusion_moderate,255,38,put the palms together,276,0.9239,0.4964
ctrgcn,limb_occlusion_moderate,255,39,cross hands in front (say stop),276,0.936,0.4275
ctrgcn,limb_occlusion_moderate,255,40,sneeze/cough,276,0.7403,0.3986
ctrgcn,limb_occlusion_moderate,255,41,staggering,276,0.9867,0.5181
ctrgcn,limb_occlusion_moderate,255,42,falling,275,0.9939,0.7382
ctrgcn,limb_occlusion_moderate,255,43,touch head (headache),276,0.8345,0.4275
ctrgcn,limb_occlusion_moderate,255,44,touch chest (stomachache/heart pain),276,0.9215,0.6775
ctrgcn,limb_occlusion_moderate,255,45,touch back (backache),276,0.9444,0.7391
ctrgcn,limb_occlusion_moderate,255,46,touch neck (neckache),276,0.8502,0.5725
ctrgcn,limb_occlusion_moderate,255,47,nausea or vomiting condition,275,0.8497,0.3273
ctrgcn,limb_occlusion_moderate,255,48,use a fan (with hand or paper)/feeling warm,275,0.9309,0.5782
ctrgcn,limb_occlusion_moderate,255,49,punching/slapping other person,274,0.9112,0.7044
ctrgcn,limb_occlusion_moderate,255,50,kicking other person,276,0.9541,0.6775
ctrgcn,limb_occlusion_moderate,255,51,pushing other person,276,0.9722,0.5688
ctrgcn,limb_occlusion_moderate,255,52,pat on back of other person,276,0.9143,0.7645
ctrgcn,limb_occlusion_moderate,255,53,point finger at the other person,276,0.913,0.4638
ctrgcn,limb_occlusion_moderate,255,54,hugging other person,274,0.9878,0.8394
ctrgcn,limb_occlusion_moderate,255,55,giving something to other person,276,0.9372,0.7029
ctrgcn,limb_occlusion_moderate,255,56,touch other person's pocket,275,0.9382,0.8691
ctrgcn,limb_occlusion_moderate,255,57,handshaking,276,0.9589,0.6449
ctrgcn,limb_occlusion_moderate,255,58,walking towards each other,273,0.9963,0.8388
ctrgcn,limb_occlusion_moderate,255,59,walking apart from each other,276,0.9638,0.9783
ctrgcn,limb_occlusion_moderate,2026,0,drink water,274,0.8601,0.5
ctrgcn,limb_occlusion_moderate,2026,1,eat meal/snack,275,0.7261,0.4109
ctrgcn,limb_occlusion_moderate,2026,2,brushing teeth,273,0.873,0.5128
ctrgcn,limb_occlusion_moderate,2026,3,brushing hair,273,0.917,0.6007
ctrgcn,limb_occlusion_moderate,2026,4,drop,275,0.8873,0.5964
ctrgcn,limb_occlusion_moderate,2026,5,pickup,275,0.9697,0.4909
ctrgcn,limb_occlusion_moderate,2026,6,throw,275,0.9321,0.5709
ctrgcn,limb_occlusion_moderate,2026,7,sitting down,273,0.9683,0.696
ctrgcn,limb_occlusion_moderate,2026,8,standing up (from sitting position),273,0.9792,0.7143
ctrgcn,limb_occlusion_moderate,2026,9,clapping,273,0.7741,0.4066
ctrgcn,limb_occlusion_moderate,2026,10,reading,273,0.6496,0.3773
ctrgcn,limb_occlusion_moderate,2026,11,writing,272,0.6201,0.5037
ctrgcn,limb_occlusion_moderate,2026,12,tear up paper,271,0.9213,0.5314
ctrgcn,limb_occlusion_moderate,2026,13,wear jacket,275,0.9782,0.5927
ctrgcn,limb_occlusion_moderate,2026,14,take off jacket,276,0.9843,0.7862
ctrgcn,limb_occlusion_moderate,2026,15,wear a shoe,273,0.8083,0.293
ctrgcn,limb_occlusion_moderate,2026,16,take off a shoe,274,0.8382,0.5401
ctrgcn,limb_occlusion_moderate,2026,17,wear on glasses,273,0.9084,0.6484
ctrgcn,limb_occlusion_moderate,2026,18,take off glasses,274,0.944,0.7628
ctrgcn,limb_occlusion_moderate,2026,19,put on a hat/cap,272,0.9596,0.5294
ctrgcn,limb_occlusion_moderate,2026,20,take off a hat/cap,273,0.9744,0.5568
ctrgcn,limb_occlusion_moderate,2026,21,cheer up,274,0.9258,0.5109
ctrgcn,limb_occlusion_moderate,2026,22,hand waving,274,0.9173,0.6204
ctrgcn,limb_occlusion_moderate,2026,23,kicking something,276,0.9529,0.6775
ctrgcn,limb_occlusion_moderate,2026,24,reach into pocket,274,0.8358,0.6715
ctrgcn,limb_occlusion_moderate,2026,25,hopping (one foot jumping),275,0.9891,0.8618
ctrgcn,limb_occlusion_moderate,2026,26,jump up,276,1.0,0.837
ctrgcn,limb_occlusion_moderate,2026,27,make a phone call/answer phone,275,0.9079,0.5345
ctrgcn,limb_occlusion_moderate,2026,28,playing with phone/tablet,275,0.6958,0.3564
ctrgcn,limb_occlusion_moderate,2026,29,typing on a keyboard,275,0.737,0.5964
ctrgcn,limb_occlusion_moderate,2026,30,pointing to something with finger,276,0.7862,0.5399
ctrgcn,limb_occlusion_moderate,2026,31,taking a selfie,276,0.8889,0.5072
ctrgcn,limb_occlusion_moderate,2026,32,check time (from watch),276,0.901,0.5
ctrgcn,limb_occlusion_moderate,2026,33,rub two hands together,276,0.9034,0.5217
ctrgcn,limb_occlusion_moderate,2026,34,nod head/bow,276,0.971,0.5507
ctrgcn,limb_occlusion_moderate,2026,35,shake head,275,0.9503,0.6982
ctrgcn,limb_occlusion_moderate,2026,36,wipe face,276,0.8551,0.5507
ctrgcn,limb_occlusion_moderate,2026,37,salute,276,0.93,0.5362
ctrgcn,limb_occlusion_moderate,2026,38,put the palms together,276,0.9239,0.529
ctrgcn,limb_occlusion_moderate,2026,39,cross hands in front (say stop),276,0.936,0.3696
ctrgcn,limb_occlusion_moderate,2026,40,sneeze/cough,276,0.7403,0.3768
ctrgcn,limb_occlusion_moderate,2026,41,staggering,276,0.9867,0.471
ctrgcn,limb_occlusion_moderate,2026,42,falling,275,0.9939,0.7527
ctrgcn,limb_occlusion_moderate,2026,43,touch head (headache),276,0.8345,0.4746
ctrgcn,limb_occlusion_moderate,2026,44,touch chest (stomachache/heart pain),276,0.9215,0.6304
ctrgcn,limb_occlusion_moderate,2026,45,touch back (backache),276,0.9444,0.779
ctrgcn,limb_occlusion_moderate,2026,46,touch neck (neckache),276,0.8502,0.5072
ctrgcn,limb_occlusion_moderate,2026,47,nausea or vomiting condition,275,0.8497,0.24
ctrgcn,limb_occlusion_moderate,2026,48,use a fan (with hand or paper)/feeling warm,275,0.9309,0.6327
ctrgcn,limb_occlusion_moderate,2026,49,punching/slapping other person,274,0.9112,0.6569
ctrgcn,limb_occlusion_moderate,2026,50,kicking other person,276,0.9541,0.4964
ctrgcn,limb_occlusion_moderate,2026,51,pushing other person,276,0.9722,0.6848
ctrgcn,limb_occlusion_moderate,2026,52,pat on back of other person,276,0.9143,0.8007
ctrgcn,limb_occlusion_moderate,2026,53,point finger at the other person,276,0.913,0.4493
ctrgcn,limb_occlusion_moderate,2026,54,hugging other person,274,0.9878,0.7117
ctrgcn,limb_occlusion_moderate,2026,55,giving something to other person,276,0.9372,0.6812
ctrgcn,limb_occlusion_moderate,2026,56,touch other person's pocket,275,0.9382,0.8618
ctrgcn,limb_occlusion_moderate,2026,57,handshaking,276,0.9589,0.6449
ctrgcn,limb_occlusion_moderate,2026,58,walking towards each other,273,0.9963,0.7729
ctrgcn,limb_occlusion_moderate,2026,59,walking apart from each other,276,0.9638,0.9348
ctrgcn,limb_occlusion_moderate,3407,0,drink water,274,0.8601,0.5693
ctrgcn,limb_occlusion_moderate,3407,1,eat meal/snack,275,0.7261,0.4364
ctrgcn,limb_occlusion_moderate,3407,2,brushing teeth,273,0.873,0.5055
ctrgcn,limb_occlusion_moderate,3407,3,brushing hair,273,0.917,0.641
ctrgcn,limb_occlusion_moderate,3407,4,drop,275,0.8873,0.5745
ctrgcn,limb_occlusion_moderate,3407,5,pickup,275,0.9697,0.5455
ctrgcn,limb_occlusion_moderate,3407,6,throw,275,0.9321,0.6073
ctrgcn,limb_occlusion_moderate,3407,7,sitting down,273,0.9683,0.6117
ctrgcn,limb_occlusion_moderate,3407,8,standing up (from sitting position),273,0.9792,0.8168
ctrgcn,limb_occlusion_moderate,3407,9,clapping,273,0.7741,0.4469
ctrgcn,limb_occlusion_moderate,3407,10,reading,273,0.6496,0.3846
ctrgcn,limb_occlusion_moderate,3407,11,writing,272,0.6201,0.4559
ctrgcn,limb_occlusion_moderate,3407,12,tear up paper,271,0.9213,0.5609
ctrgcn,limb_occlusion_moderate,3407,13,wear jacket,275,0.9782,0.4509
ctrgcn,limb_occlusion_moderate,3407,14,take off jacket,276,0.9843,0.7826
ctrgcn,limb_occlusion_moderate,3407,15,wear a shoe,273,0.8083,0.4139
ctrgcn,limb_occlusion_moderate,3407,16,take off a shoe,274,0.8382,0.4416
ctrgcn,limb_occlusion_moderate,3407,17,wear on glasses,273,0.9084,0.6996
ctrgcn,limb_occlusion_moderate,3407,18,take off glasses,274,0.944,0.7482
ctrgcn,limb_occlusion_moderate,3407,19,put on a hat/cap,272,0.9596,0.6103
ctrgcn,limb_occlusion_moderate,3407,20,take off a hat/cap,273,0.9744,0.5897
ctrgcn,limb_occlusion_moderate,3407,21,cheer up,274,0.9258,0.4891
ctrgcn,limb_occlusion_moderate,3407,22,hand waving,274,0.9173,0.5985
ctrgcn,limb_occlusion_moderate,3407,23,kicking something,276,0.9529,0.6087
ctrgcn,limb_occlusion_moderate,3407,24,reach into pocket,274,0.8358,0.5876
ctrgcn,limb_occlusion_moderate,3407,25,hopping (one foot jumping),275,0.9891,0.8909
ctrgcn,limb_occlusion_moderate,3407,26,jump up,276,1.0,0.9094
ctrgcn,limb_occlusion_moderate,3407,27,make a phone call/answer phone,275,0.9079,0.6
ctrgcn,limb_occlusion_moderate,3407,28,playing with phone/tablet,275,0.6958,0.5273
ctrgcn,limb_occlusion_moderate,3407,29,typing on a keyboard,275,0.737,0.4727
ctrgcn,limb_occlusion_moderate,3407,30,pointing to something with finger,276,0.7862,0.5072
ctrgcn,limb_occlusion_moderate,3407,31,taking a selfie,276,0.8889,0.5362
ctrgcn,limb_occlusion_moderate,3407,32,check time (from watch),276,0.901,0.4964
ctrgcn,limb_occlusion_moderate,3407,33,rub two hands together,276,0.9034,0.5797
ctrgcn,limb_occlusion_moderate,3407,34,nod head/bow,276,0.971,0.6341
ctrgcn,limb_occlusion_moderate,3407,35,shake head,275,0.9503,0.6618
ctrgcn,limb_occlusion_moderate,3407,36,wipe face,276,0.8551,0.4819
ctrgcn,limb_occlusion_moderate,3407,37,salute,276,0.93,0.5254
ctrgcn,limb_occlusion_moderate,3407,38,put the palms together,276,0.9239,0.5362
ctrgcn,limb_occlusion_moderate,3407,39,cross hands in front (say stop),276,0.936,0.3841
ctrgcn,limb_occlusion_moderate,3407,40,sneeze/cough,276,0.7403,0.3551
ctrgcn,limb_occlusion_moderate,3407,41,staggering,276,0.9867,0.3478
ctrgcn,limb_occlusion_moderate,3407,42,falling,275,0.9939,0.7709
ctrgcn,limb_occlusion_moderate,3407,43,touch head (headache),276,0.8345,0.4783
ctrgcn,limb_occlusion_moderate,3407,44,touch chest (stomachache/heart pain),276,0.9215,0.6304
ctrgcn,limb_occlusion_moderate,3407,45,touch back (backache),276,0.9444,0.7355
ctrgcn,limb_occlusion_moderate,3407,46,touch neck (neckache),276,0.8502,0.5652
ctrgcn,limb_occlusion_moderate,3407,47,nausea or vomiting condition,275,0.8497,0.2618
ctrgcn,limb_occlusion_moderate,3407,48,use a fan (with hand or paper)/feeling warm,275,0.9309,0.6182
ctrgcn,limb_occlusion_moderate,3407,49,punching/slapping other person,274,0.9112,0.5912
ctrgcn,limb_occlusion_moderate,3407,50,kicking other person,276,0.9541,0.558
ctrgcn,limb_occlusion_moderate,3407,51,pushing other person,276,0.9722,0.7355
ctrgcn,limb_occlusion_moderate,3407,52,pat on back of other person,276,0.9143,0.7681
ctrgcn,limb_occlusion_moderate,3407,53,point finger at the other person,276,0.913,0.6051
ctrgcn,limb_occlusion_moderate,3407,54,hugging other person,274,0.9878,0.7007
ctrgcn,limb_occlusion_moderate,3407,55,giving something to other person,276,0.9372,0.7138
ctrgcn,limb_occlusion_moderate,3407,56,touch other person's pocket,275,0.9382,0.76
ctrgcn,limb_occlusion_moderate,3407,57,handshaking,276,0.9589,0.6268
ctrgcn,limb_occlusion_moderate,3407,58,walking towards each other,273,0.9963,0.8571
ctrgcn,limb_occlusion_moderate,3407,59,walking apart from each other,276,0.9638,0.9239
ctrgcn,coord_noise_moderate,255,0,drink water,274,0.8601,0.0
ctrgcn,coord_noise_moderate,255,1,eat meal/snack,275,0.7261,0.0982
ctrgcn,coord_noise_moderate,255,2,brushing teeth,273,0.873,0.0659
ctrgcn,coord_noise_moderate,255,3,brushing hair,273,0.917,0.0806
ctrgcn,coord_noise_moderate,255,4,drop,275,0.8873,0.0545
ctrgcn,coord_noise_moderate,255,5,pickup,275,0.9697,0.6364
ctrgcn,coord_noise_moderate,255,6,throw,275,0.9321,0.5236
ctrgcn,coord_noise_moderate,255,7,sitting down,273,0.9683,0.4505
ctrgcn,coord_noise_moderate,255,8,standing up (from sitting position),273,0.9792,0.6081
ctrgcn,coord_noise_moderate,255,9,clapping,273,0.7741,0.4396
ctrgcn,coord_noise_moderate,255,10,reading,273,0.6496,0.0037
ctrgcn,coord_noise_moderate,255,11,writing,272,0.6201,0.011
ctrgcn,coord_noise_moderate,255,12,tear up paper,271,0.9213,0.1033
ctrgcn,coord_noise_moderate,255,13,wear jacket,275,0.9782,0.8509
ctrgcn,coord_noise_moderate,255,14,take off jacket,276,0.9843,0.0181
ctrgcn,coord_noise_moderate,255,15,wear a shoe,273,0.8083,0.3114
ctrgcn,coord_noise_moderate,255,16,take off a shoe,274,0.8382,0.1314
ctrgcn,coord_noise_moderate,255,17,wear on glasses,273,0.9084,0.1868
ctrgcn,coord_noise_moderate,255,18,take off glasses,274,0.944,0.4818
ctrgcn,coord_noise_moderate,255,19,put on a hat/cap,272,0.9596,0.2096
ctrgcn,coord_noise_moderate,255,20,take off a hat/cap,273,0.9744,0.4029
ctrgcn,coord_noise_moderate,255,21,cheer up,274,0.9258,0.6058
ctrgcn,coord_noise_moderate,255,22,hand waving,274,0.9173,0.6971
ctrgcn,coord_noise_moderate,255,23,kicking something,276,0.9529,0.4384
ctrgcn,coord_noise_moderate,255,24,reach into pocket,274,0.8358,0.0438
ctrgcn,coord_noise_moderate,255,25,hopping (one foot jumping),275,0.9891,0.0473
ctrgcn,coord_noise_moderate,255,26,jump up,276,1.0,0.0543
ctrgcn,coord_noise_moderate,255,27,make a phone call/answer phone,275,0.9079,0.0
ctrgcn,coord_noise_moderate,255,28,playing with phone/tablet,275,0.6958,0.0764
ctrgcn,coord_noise_moderate,255,29,typing on a keyboard,275,0.737,0.8182
ctrgcn,coord_noise_moderate,255,30,pointing to something with finger,276,0.7862,0.6775
ctrgcn,coord_noise_moderate,255,31,taking a selfie,276,0.8889,0.163
ctrgcn,coord_noise_moderate,255,32,check time (from watch),276,0.901,0.5616
ctrgcn,coord_noise_moderate,255,33,rub two hands together,276,0.9034,0.2246
ctrgcn,coord_noise_moderate,255,34,nod head/bow,276,0.971,0.5906
ctrgcn,coord_noise_moderate,255,35,shake head,275,0.9503,0.2364
ctrgcn,coord_noise_moderate,255,36,wipe face,276,0.8551,0.087
ctrgcn,coord_noise_moderate,255,37,salute,276,0.93,0.5471
ctrgcn,coord_noise_moderate,255,38,put the palms together,276,0.9239,0.1594
ctrgcn,coord_noise_moderate,255,39,cross hands in front (say stop),276,0.936,0.5435
ctrgcn,coord_noise_moderate,255,40,sneeze/cough,276,0.7403,0.0652
ctrgcn,coord_noise_moderate,255,41,staggering,276,0.9867,0.5435
ctrgcn,coord_noise_moderate,255,42,falling,275,0.9939,0.8945
ctrgcn,coord_noise_moderate,255,43,touch head (headache),276,0.8345,0.6486
ctrgcn,coord_noise_moderate,255,44,touch chest (stomachache/heart pain),276,0.9215,0.1123
ctrgcn,coord_noise_moderate,255,45,touch back (backache),276,0.9444,0.0181
ctrgcn,coord_noise_moderate,255,46,touch neck (neckache),276,0.8502,0.0942
ctrgcn,coord_noise_moderate,255,47,nausea or vomiting condition,275,0.8497,0.2982
ctrgcn,coord_noise_moderate,255,48,use a fan (with hand or paper)/feeling warm,275,0.9309,0.4
ctrgcn,coord_noise_moderate,255,49,punching/slapping other person,274,0.9112,0.2664
ctrgcn,coord_noise_moderate,255,50,kicking other person,276,0.9541,0.1304
ctrgcn,coord_noise_moderate,255,51,pushing other person,276,0.9722,0.0
ctrgcn,coord_noise_moderate,255,52,pat on back of other person,276,0.9143,0.2101
ctrgcn,coord_noise_moderate,255,53,point finger at the other person,276,0.913,0.4058
ctrgcn,coord_noise_moderate,255,54,hugging other person,274,0.9878,0.135
ctrgcn,coord_noise_moderate,255,55,giving something to other person,276,0.9372,0.0
ctrgcn,coord_noise_moderate,255,56,touch other person's pocket,275,0.9382,0.0109
ctrgcn,coord_noise_moderate,255,57,handshaking,276,0.9589,0.4746
ctrgcn,coord_noise_moderate,255,58,walking towards each other,273,0.9963,0.2125
ctrgcn,coord_noise_moderate,255,59,walking apart from each other,276,0.9638,0.0326
ctrgcn,coord_noise_moderate,2026,0,drink water,274,0.8601,0.0146
ctrgcn,coord_noise_moderate,2026,1,eat meal/snack,275,0.7261,0.1091
ctrgcn,coord_noise_moderate,2026,2,brushing teeth,273,0.873,0.1245
ctrgcn,coord_noise_moderate,2026,3,brushing hair,273,0.917,0.0183
ctrgcn,coord_noise_moderate,2026,4,drop,275,0.8873,0.0691
ctrgcn,coord_noise_moderate,2026,5,pickup,275,0.9697,0.5236
ctrgcn,coord_noise_moderate,2026,6,throw,275,0.9321,0.5273
ctrgcn,coord_noise_moderate,2026,7,sitting down,273,0.9683,0.315
ctrgcn,coord_noise_moderate,2026,8,standing up (from sitting position),273,0.9792,0.2711
ctrgcn,coord_noise_moderate,2026,9,clapping,273,0.7741,0.5971
ctrgcn,coord_noise_moderate,2026,10,reading,273,0.6496,0.0037
ctrgcn,coord_noise_moderate,2026,11,writing,272,0.6201,0.0515
ctrgcn,coord_noise_moderate,2026,12,tear up paper,271,0.9213,0.1513
ctrgcn,coord_noise_moderate,2026,13,wear jacket,275,0.9782,0.8945
ctrgcn,coord_noise_moderate,2026,14,take off jacket,276,0.9843,0.4022
ctrgcn,coord_noise_moderate,2026,15,wear a shoe,273,0.8083,0.3663
ctrgcn,coord_noise_moderate,2026,16,take off a shoe,274,0.8382,0.2482
ctrgcn,coord_noise_moderate,2026,17,wear on glasses,273,0.9084,0.1905
ctrgcn,coord_noise_moderate,2026,18,take off glasses,274,0.944,0.2372
ctrgcn,coord_noise_moderate,2026,19,put on a hat/cap,272,0.9596,0.0882
ctrgcn,coord_noise_moderate,2026,20,take off a hat/cap,273,0.9744,0.0586
ctrgcn,coord_noise_moderate,2026,21,cheer up,274,0.9258,0.1606
ctrgcn,coord_noise_moderate,2026,22,hand waving,274,0.9173,0.6314
ctrgcn,coord_noise_moderate,2026,23,kicking something,276,0.9529,0.25
ctrgcn,coord_noise_moderate,2026,24,reach into pocket,274,0.8358,0.0219
ctrgcn,coord_noise_moderate,2026,25,hopping (one foot jumping),275,0.9891,0.0618
ctrgcn,coord_noise_moderate,2026,26,jump up,276,1.0,0.4855
ctrgcn,coord_noise_moderate,2026,27,make a phone call/answer phone,275,0.9079,0.04
ctrgcn,coord_noise_moderate,2026,28,playing with phone/tablet,275,0.6958,0.4691
ctrgcn,coord_noise_moderate,2026,29,typing on a keyboard,275,0.737,0.0582
ctrgcn,coord_noise_moderate,2026,30,pointing to something with finger,276,0.7862,0.4239
ctrgcn,coord_noise_moderate,2026,31,taking a selfie,276,0.8889,0.7717
ctrgcn,coord_noise_moderate,2026,32,check time (from watch),276,0.901,0.2826
ctrgcn,coord_noise_moderate,2026,33,rub two hands together,276,0.9034,0.0543
ctrgcn,coord_noise_moderate,2026,34,nod head/bow,276,0.971,0.7899
ctrgcn,coord_noise_moderate,2026,35,shake head,275,0.9503,0.0582
ctrgcn,coord_noise_moderate,2026,36,wipe face,276,0.8551,0.0
ctrgcn,coord_noise_moderate,2026,37,salute,276,0.93,0.5652
ctrgcn,coord_noise_moderate,2026,38,put the palms together,276,0.9239,0.0217
ctrgcn,coord_noise_moderate,2026,39,cross hands in front (say stop),276,0.936,0.2572
ctrgcn,coord_noise_moderate,2026,40,sneeze/cough,276,0.7403,0.0145
ctrgcn,coord_noise_moderate,2026,41,staggering,276,0.9867,0.1051
ctrgcn,coord_noise_moderate,2026,42,falling,275,0.9939,0.8473
ctrgcn,coord_noise_moderate,2026,43,touch head (headache),276,0.8345,0.1087
ctrgcn,coord_noise_moderate,2026,44,touch chest (stomachache/heart pain),276,0.9215,0.3587
ctrgcn,coord_noise_moderate,2026,45,touch back (backache),276,0.9444,0.1703
ctrgcn,coord_noise_moderate,2026,46,touch neck (neckache),276,0.8502,0.0978
ctrgcn,coord_noise_moderate,2026,47,nausea or vomiting condition,275,0.8497,0.4182
ctrgcn,coord_noise_moderate,2026,48,use a fan (with hand or paper)/feeling warm,275,0.9309,0.8945
ctrgcn,coord_noise_moderate,2026,49,punching/slapping other person,274,0.9112,0.0438
ctrgcn,coord_noise_moderate,2026,50,kicking other person,276,0.9541,0.0072
ctrgcn,coord_noise_moderate,2026,51,pushing other person,276,0.9722,0.0145
ctrgcn,coord_noise_moderate,2026,52,pat on back of other person,276,0.9143,0.2681
ctrgcn,coord_noise_moderate,2026,53,point finger at the other person,276,0.913,0.0978
ctrgcn,coord_noise_moderate,2026,54,hugging other person,274,0.9878,0.2372
ctrgcn,coord_noise_moderate,2026,55,giving something to other person,276,0.9372,0.0
ctrgcn,coord_noise_moderate,2026,56,touch other person's pocket,275,0.9382,0.0
ctrgcn,coord_noise_moderate,2026,57,handshaking,276,0.9589,0.0
ctrgcn,coord_noise_moderate,2026,58,walking towards each other,273,0.9963,0.0916
ctrgcn,coord_noise_moderate,2026,59,walking apart from each other,276,0.9638,0.4384
ctrgcn,coord_noise_moderate,3407,0,drink water,274,0.8601,0.0219
ctrgcn,coord_noise_moderate,3407,1,eat meal/snack,275,0.7261,0.1273
ctrgcn,coord_noise_moderate,3407,2,brushing teeth,273,0.873,0.0037
ctrgcn,coord_noise_moderate,3407,3,brushing hair,273,0.917,0.0037
ctrgcn,coord_noise_moderate,3407,4,drop,275,0.8873,0.2364
ctrgcn,coord_noise_moderate,3407,5,pickup,275,0.9697,0.9345
ctrgcn,coord_noise_moderate,3407,6,throw,275,0.9321,0.4764
ctrgcn,coord_noise_moderate,3407,7,sitting down,273,0.9683,0.8242
ctrgcn,coord_noise_moderate,3407,8,standing up (from sitting position),273,0.9792,0.8205
ctrgcn,coord_noise_moderate,3407,9,clapping,273,0.7741,0.1136
ctrgcn,coord_noise_moderate,3407,10,reading,273,0.6496,0.0
ctrgcn,coord_noise_moderate,3407,11,writing,272,0.6201,0.489
ctrgcn,coord_noise_moderate,3407,12,tear up paper,271,0.9213,0.1292
ctrgcn,coord_noise_moderate,3407,13,wear jacket,275,0.9782,0.7273
ctrgcn,coord_noise_moderate,3407,14,take off jacket,276,0.9843,0.0072
ctrgcn,coord_noise_moderate,3407,15,wear a shoe,273,0.8083,0.4542
ctrgcn,coord_noise_moderate,3407,16,take off a shoe,274,0.8382,0.3102
ctrgcn,coord_noise_moderate,3407,17,wear on glasses,273,0.9084,0.2418
ctrgcn,coord_noise_moderate,3407,18,take off glasses,274,0.944,0.1058
ctrgcn,coord_noise_moderate,3407,19,put on a hat/cap,272,0.9596,0.2537
ctrgcn,coord_noise_moderate,3407,20,take off a hat/cap,273,0.9744,0.2088
ctrgcn,coord_noise_moderate,3407,21,cheer up,274,0.9258,0.5146
ctrgcn,coord_noise_moderate,3407,22,hand waving,274,0.9173,0.0949
ctrgcn,coord_noise_moderate,3407,23,kicking something,276,0.9529,0.3442
ctrgcn,coord_noise_moderate,3407,24,reach into pocket,274,0.8358,0.0
ctrgcn,coord_noise_moderate,3407,25,hopping (one foot jumping),275,0.9891,0.3964
ctrgcn,coord_noise_moderate,3407,26,jump up,276,1.0,0.4638
ctrgcn,coord_noise_moderate,3407,27,make a phone call/answer phone,275,0.9079,0.0145
ctrgcn,coord_noise_moderate,3407,28,playing with phone/tablet,275,0.6958,0.0182
ctrgcn,coord_noise_moderate,3407,29,typing on a keyboard,275,0.737,0.2073
ctrgcn,coord_noise_moderate,3407,30,pointing to something with finger,276,0.7862,0.5399
ctrgcn,coord_noise_moderate,3407,31,taking a selfie,276,0.8889,0.3551
ctrgcn,coord_noise_moderate,3407,32,check time (from watch),276,0.901,0.0435
ctrgcn,coord_noise_moderate,3407,33,rub two hands together,276,0.9034,0.2319
ctrgcn,coord_noise_moderate,3407,34,nod head/bow,276,0.971,0.7428
ctrgcn,coord_noise_moderate,3407,35,shake head,275,0.9503,0.1418
ctrgcn,coord_noise_moderate,3407,36,wipe face,276,0.8551,0.0072
ctrgcn,coord_noise_moderate,3407,37,salute,276,0.93,0.3152
ctrgcn,coord_noise_moderate,3407,38,put the palms together,276,0.9239,0.0181
ctrgcn,coord_noise_moderate,3407,39,cross hands in front (say stop),276,0.936,0.6957
ctrgcn,coord_noise_moderate,3407,40,sneeze/cough,276,0.7403,0.1449
ctrgcn,coord_noise_moderate,3407,41,staggering,276,0.9867,0.1667
ctrgcn,coord_noise_moderate,3407,42,falling,275,0.9939,0.9491
ctrgcn,coord_noise_moderate,3407,43,touch head (headache),276,0.8345,0.0399
ctrgcn,coord_noise_moderate,3407,44,touch chest (stomachache/heart pain),276,0.9215,0.279
ctrgcn,coord_noise_moderate,3407,45,touch back (backache),276,0.9444,0.0616
ctrgcn,coord_noise_moderate,3407,46,touch neck (neckache),276,0.8502,0.0109
ctrgcn,coord_noise_moderate,3407,47,nausea or vomiting condition,275,0.8497,0.4255
ctrgcn,coord_noise_moderate,3407,48,use a fan (with hand or paper)/feeling warm,275,0.9309,0.96
ctrgcn,coord_noise_moderate,3407,49,punching/slapping other person,274,0.9112,0.0219
ctrgcn,coord_noise_moderate,3407,50,kicking other person,276,0.9541,0.0217
ctrgcn,coord_noise_moderate,3407,51,pushing other person,276,0.9722,0.1848
ctrgcn,coord_noise_moderate,3407,52,pat on back of other person,276,0.9143,0.0036
ctrgcn,coord_noise_moderate,3407,53,point finger at the other person,276,0.913,0.2572
ctrgcn,coord_noise_moderate,3407,54,hugging other person,274,0.9878,0.6825
ctrgcn,coord_noise_moderate,3407,55,giving something to other person,276,0.9372,0.0
ctrgcn,coord_noise_moderate,3407,56,touch other person's pocket,275,0.9382,0.1527
ctrgcn,coord_noise_moderate,3407,57,handshaking,276,0.9589,0.0217
ctrgcn,coord_noise_moderate,3407,58,walking towards each other,273,0.9963,0.652
ctrgcn,coord_noise_moderate,3407,59,walking apart from each other,276,0.9638,0.3696
ctrgcn,frame_missing_moderate,255,0,drink water,274,0.8601,0.6277
ctrgcn,frame_missing_moderate,255,1,eat meal/snack,275,0.7261,0.5527
ctrgcn,frame_missing_moderate,255,2,brushing teeth,273,0.873,0.8315
ctrgcn,frame_missing_moderate,255,3,brushing hair,273,0.917,0.7253
ctrgcn,frame_missing_moderate,255,4,drop,275,0.8873,0.7891
ctrgcn,frame_missing_moderate,255,5,pickup,275,0.9697,0.7709
ctrgcn,frame_missing_moderate,255,6,throw,275,0.9321,0.8182
ctrgcn,frame_missing_moderate,255,7,sitting down,273,0.9683,0.8242
ctrgcn,frame_missing_moderate,255,8,standing up (from sitting position),273,0.9792,0.9597
ctrgcn,frame_missing_moderate,255,9,clapping,273,0.7741,0.8242
ctrgcn,frame_missing_moderate,255,10,reading,273,0.6496,0.2564
ctrgcn,frame_missing_moderate,255,11,writing,272,0.6201,0.261
ctrgcn,frame_missing_moderate,255,12,tear up paper,271,0.9213,0.8303
ctrgcn,frame_missing_moderate,255,13,wear jacket,275,0.9782,0.8982
ctrgcn,frame_missing_moderate,255,14,take off jacket,276,0.9843,0.8768
ctrgcn,frame_missing_moderate,255,15,wear a shoe,273,0.8083,0.2747
ctrgcn,frame_missing_moderate,255,16,take off a shoe,274,0.8382,0.573
ctrgcn,frame_missing_moderate,255,17,wear on glasses,273,0.9084,0.7473
ctrgcn,frame_missing_moderate,255,18,take off glasses,274,0.944,0.646
ctrgcn,frame_missing_moderate,255,19,put on a hat/cap,272,0.9596,0.7316
ctrgcn,frame_missing_moderate,255,20,take off a hat/cap,273,0.9744,0.6886
ctrgcn,frame_missing_moderate,255,21,cheer up,274,0.9258,0.9489
ctrgcn,frame_missing_moderate,255,22,hand waving,274,0.9173,0.8686
ctrgcn,frame_missing_moderate,255,23,kicking something,276,0.9529,0.8478
ctrgcn,frame_missing_moderate,255,24,reach into pocket,274,0.8358,0.4197
ctrgcn,frame_missing_moderate,255,25,hopping (one foot jumping),275,0.9891,0.9309
ctrgcn,frame_missing_moderate,255,26,jump up,276,1.0,0.9638
ctrgcn,frame_missing_moderate,255,27,make a phone call/answer phone,275,0.9079,0.5164
ctrgcn,frame_missing_moderate,255,28,playing with phone/tablet,275,0.6958,0.4109
ctrgcn,frame_missing_moderate,255,29,typing on a keyboard,275,0.737,0.4182
ctrgcn,frame_missing_moderate,255,30,pointing to something with finger,276,0.7862,0.8152
ctrgcn,frame_missing_moderate,255,31,taking a selfie,276,0.8889,0.6413
ctrgcn,frame_missing_moderate,255,32,check time (from watch),276,0.901,0.587
ctrgcn,frame_missing_moderate,255,33,rub two hands together,276,0.9034,0.7101
ctrgcn,frame_missing_moderate,255,34,nod head/bow,276,0.971,0.9384
ctrgcn,frame_missing_moderate,255,35,shake head,275,0.9503,0.5891
ctrgcn,frame_missing_moderate,255,36,wipe face,276,0.8551,0.587
ctrgcn,frame_missing_moderate,255,37,salute,276,0.93,0.9239
ctrgcn,frame_missing_moderate,255,38,put the palms together,276,0.9239,0.8877
ctrgcn,frame_missing_moderate,255,39,cross hands in front (say stop),276,0.936,0.8116
ctrgcn,frame_missing_moderate,255,40,sneeze/cough,276,0.7403,0.6051
ctrgcn,frame_missing_moderate,255,41,staggering,276,0.9867,0.9094
ctrgcn,frame_missing_moderate,255,42,falling,275,0.9939,0.8764
ctrgcn,frame_missing_moderate,255,43,touch head (headache),276,0.8345,0.5761
ctrgcn,frame_missing_moderate,255,44,touch chest (stomachache/heart pain),276,0.9215,0.8007
ctrgcn,frame_missing_moderate,255,45,touch back (backache),276,0.9444,0.7899
ctrgcn,frame_missing_moderate,255,46,touch neck (neckache),276,0.8502,0.4384
ctrgcn,frame_missing_moderate,255,47,nausea or vomiting condition,275,0.8497,0.6182
ctrgcn,frame_missing_moderate,255,48,use a fan (with hand or paper)/feeling warm,275,0.9309,0.7673
ctrgcn,frame_missing_moderate,255,49,punching/slapping other person,274,0.9112,0.7482
ctrgcn,frame_missing_moderate,255,50,kicking other person,276,0.9541,0.8225
ctrgcn,frame_missing_moderate,255,51,pushing other person,276,0.9722,0.8007
ctrgcn,frame_missing_moderate,255,52,pat on back of other person,276,0.9143,0.8333
ctrgcn,frame_missing_moderate,255,53,point finger at the other person,276,0.913,0.8333
ctrgcn,frame_missing_moderate,255,54,hugging other person,274,0.9878,0.9124
ctrgcn,frame_missing_moderate,255,55,giving something to other person,276,0.9372,0.8043
ctrgcn,frame_missing_moderate,255,56,touch other person's pocket,275,0.9382,0.5382
ctrgcn,frame_missing_moderate,255,57,handshaking,276,0.9589,0.692
ctrgcn,frame_missing_moderate,255,58,walking towards each other,273,0.9963,0.9927
ctrgcn,frame_missing_moderate,255,59,walking apart from each other,276,0.9638,0.9529
ctrgcn,frame_missing_moderate,2026,0,drink water,274,0.8601,0.646
ctrgcn,frame_missing_moderate,2026,1,eat meal/snack,275,0.7261,0.5564
ctrgcn,frame_missing_moderate,2026,2,brushing teeth,273,0.873,0.8059
ctrgcn,frame_missing_moderate,2026,3,brushing hair,273,0.917,0.7033
ctrgcn,frame_missing_moderate,2026,4,drop,275,0.8873,0.8655
ctrgcn,frame_missing_moderate,2026,5,pickup,275,0.9697,0.8618
ctrgcn,frame_missing_moderate,2026,6,throw,275,0.9321,0.7964
ctrgcn,frame_missing_moderate,2026,7,sitting down,273,0.9683,0.8828
ctrgcn,frame_missing_moderate,2026,8,standing up (from sitting position),273,0.9792,0.9377
ctrgcn,frame_missing_moderate,2026,9,clapping,273,0.7741,0.7436
ctrgcn,frame_missing_moderate,2026,10,reading,273,0.6496,0.5128
ctrgcn,frame_missing_moderate,2026,11,writing,272,0.6201,0.2316
ctrgcn,frame_missing_moderate,2026,12,tear up paper,271,0.9213,0.8081
ctrgcn,frame_missing_moderate,2026,13,wear jacket,275,0.9782,0.8836
ctrgcn,frame_missing_moderate,2026,14,take off jacket,276,0.9843,0.7971
ctrgcn,frame_missing_moderate,2026,15,wear a shoe,273,0.8083,0.3443
ctrgcn,frame_missing_moderate,2026,16,take off a shoe,274,0.8382,0.5182
ctrgcn,frame_missing_moderate,2026,17,wear on glasses,273,0.9084,0.7363
ctrgcn,frame_missing_moderate,2026,18,take off glasses,274,0.944,0.7372
ctrgcn,frame_missing_moderate,2026,19,put on a hat/cap,272,0.9596,0.6912
ctrgcn,frame_missing_moderate,2026,20,take off a hat/cap,273,0.9744,0.674
ctrgcn,frame_missing_moderate,2026,21,cheer up,274,0.9258,0.9416
ctrgcn,frame_missing_moderate,2026,22,hand waving,274,0.9173,0.9051
ctrgcn,frame_missing_moderate,2026,23,kicking something,276,0.9529,0.8225
ctrgcn,frame_missing_moderate,2026,24,reach into pocket,274,0.8358,0.4197
ctrgcn,frame_missing_moderate,2026,25,hopping (one foot jumping),275,0.9891,0.9382
ctrgcn,frame_missing_moderate,2026,26,jump up,276,1.0,0.971
ctrgcn,frame_missing_moderate,2026,27,make a phone call/answer phone,275,0.9079,0.5636
ctrgcn,frame_missing_moderate,2026,28,playing with phone/tablet,275,0.6958,0.3927
ctrgcn,frame_missing_moderate,2026,29,typing on a keyboard,275,0.737,0.6582
ctrgcn,frame_missing_moderate,2026,30,pointing to something with finger,276,0.7862,0.7609
ctrgcn,frame_missing_moderate,2026,31,taking a selfie,276,0.8889,0.7572
ctrgcn,frame_missing_moderate,2026,32,check time (from watch),276,0.901,0.6196
ctrgcn,frame_missing_moderate,2026,33,rub two hands together,276,0.9034,0.6993
ctrgcn,frame_missing_moderate,2026,34,nod head/bow,276,0.971,0.9312
ctrgcn,frame_missing_moderate,2026,35,shake head,275,0.9503,0.8182
ctrgcn,frame_missing_moderate,2026,36,wipe face,276,0.8551,0.5906
ctrgcn,frame_missing_moderate,2026,37,salute,276,0.93,0.8913
ctrgcn,frame_missing_moderate,2026,38,put the palms together,276,0.9239,0.8841
ctrgcn,frame_missing_moderate,2026,39,cross hands in front (say stop),276,0.936,0.7536
ctrgcn,frame_missing_moderate,2026,40,sneeze/cough,276,0.7403,0.4457
ctrgcn,frame_missing_moderate,2026,41,staggering,276,0.9867,0.8225
ctrgcn,frame_missing_moderate,2026,42,falling,275,0.9939,0.9309
ctrgcn,frame_missing_moderate,2026,43,touch head (headache),276,0.8345,0.6014
ctrgcn,frame_missing_moderate,2026,44,touch chest (stomachache/heart pain),276,0.9215,0.8478
ctrgcn,frame_missing_moderate,2026,45,touch back (backache),276,0.9444,0.8261
ctrgcn,frame_missing_moderate,2026,46,touch neck (neckache),276,0.8502,0.442
ctrgcn,frame_missing_moderate,2026,47,nausea or vomiting condition,275,0.8497,0.6364
ctrgcn,frame_missing_moderate,2026,48,use a fan (with hand or paper)/feeling warm,275,0.9309,0.88
ctrgcn,frame_missing_moderate,2026,49,punching/slapping other person,274,0.9112,0.6168
ctrgcn,frame_missing_moderate,2026,50,kicking other person,276,0.9541,0.8986
ctrgcn,frame_missing_moderate,2026,51,pushing other person,276,0.9722,0.7355
ctrgcn,frame_missing_moderate,2026,52,pat on back of other person,276,0.9143,0.663
ctrgcn,frame_missing_moderate,2026,53,point finger at the other person,276,0.913,0.7754
ctrgcn,frame_missing_moderate,2026,54,hugging other person,274,0.9878,0.8832
ctrgcn,frame_missing_moderate,2026,55,giving something to other person,276,0.9372,0.8116
ctrgcn,frame_missing_moderate,2026,56,touch other person's pocket,275,0.9382,0.7964
ctrgcn,frame_missing_moderate,2026,57,handshaking,276,0.9589,0.7101
ctrgcn,frame_missing_moderate,2026,58,walking towards each other,273,0.9963,0.9597
ctrgcn,frame_missing_moderate,2026,59,walking apart from each other,276,0.9638,0.9565
ctrgcn,frame_missing_moderate,3407,0,drink water,274,0.8601,0.6642
ctrgcn,frame_missing_moderate,3407,1,eat meal/snack,275,0.7261,0.6618
ctrgcn,frame_missing_moderate,3407,2,brushing teeth,273,0.873,0.6227
ctrgcn,frame_missing_moderate,3407,3,brushing hair,273,0.917,0.5201
ctrgcn,frame_missing_moderate,3407,4,drop,275,0.8873,0.8436
ctrgcn,frame_missing_moderate,3407,5,pickup,275,0.9697,0.6945
ctrgcn,frame_missing_moderate,3407,6,throw,275,0.9321,0.8109
ctrgcn,frame_missing_moderate,3407,7,sitting down,273,0.9683,0.7949
ctrgcn,frame_missing_moderate,3407,8,standing up (from sitting position),273,0.9792,0.9451
ctrgcn,frame_missing_moderate,3407,9,clapping,273,0.7741,0.619
ctrgcn,frame_missing_moderate,3407,10,reading,273,0.6496,0.2857
ctrgcn,frame_missing_moderate,3407,11,writing,272,0.6201,0.1507
ctrgcn,frame_missing_moderate,3407,12,tear up paper,271,0.9213,0.786
ctrgcn,frame_missing_moderate,3407,13,wear jacket,275,0.9782,0.8691
ctrgcn,frame_missing_moderate,3407,14,take off jacket,276,0.9843,0.8442
ctrgcn,frame_missing_moderate,3407,15,wear a shoe,273,0.8083,0.381
ctrgcn,frame_missing_moderate,3407,16,take off a shoe,274,0.8382,0.5766
ctrgcn,frame_missing_moderate,3407,17,wear on glasses,273,0.9084,0.707
ctrgcn,frame_missing_moderate,3407,18,take off glasses,274,0.944,0.6715
ctrgcn,frame_missing_moderate,3407,19,put on a hat/cap,272,0.9596,0.7574
ctrgcn,frame_missing_moderate,3407,20,take off a hat/cap,273,0.9744,0.5201
ctrgcn,frame_missing_moderate,3407,21,cheer up,274,0.9258,0.9672
ctrgcn,frame_missing_moderate,3407,22,hand waving,274,0.9173,0.8613
ctrgcn,frame_missing_moderate,3407,23,kicking something,276,0.9529,0.8442
ctrgcn,frame_missing_moderate,3407,24,reach into pocket,274,0.8358,0.5292
ctrgcn,frame_missing_moderate,3407,25,hopping (one foot jumping),275,0.9891,0.9164
ctrgcn,frame_missing_moderate,3407,26,jump up,276,1.0,0.971
ctrgcn,frame_missing_moderate,3407,27,make a phone call/answer phone,275,0.9079,0.6691
ctrgcn,frame_missing_moderate,3407,28,playing with phone/tablet,275,0.6958,0.4073
ctrgcn,frame_missing_moderate,3407,29,typing on a keyboard,275,0.737,0.3491
ctrgcn,frame_missing_moderate,3407,30,pointing to something with finger,276,0.7862,0.7246
ctrgcn,frame_missing_moderate,3407,31,taking a selfie,276,0.8889,0.779
ctrgcn,frame_missing_moderate,3407,32,check time (from watch),276,0.901,0.5326
ctrgcn,frame_missing_moderate,3407,33,rub two hands together,276,0.9034,0.7246
ctrgcn,frame_missing_moderate,3407,34,nod head/bow,276,0.971,0.9638
ctrgcn,frame_missing_moderate,3407,35,shake head,275,0.9503,0.7818
ctrgcn,frame_missing_moderate,3407,36,wipe face,276,0.8551,0.6775
ctrgcn,frame_missing_moderate,3407,37,salute,276,0.93,0.8514
ctrgcn,frame_missing_moderate,3407,38,put the palms together,276,0.9239,0.8841
ctrgcn,frame_missing_moderate,3407,39,cross hands in front (say stop),276,0.936,0.6304
ctrgcn,frame_missing_moderate,3407,40,sneeze/cough,276,0.7403,0.4312
ctrgcn,frame_missing_moderate,3407,41,staggering,276,0.9867,0.6268
ctrgcn,frame_missing_moderate,3407,42,falling,275,0.9939,0.9091
ctrgcn,frame_missing_moderate,3407,43,touch head (headache),276,0.8345,0.558
ctrgcn,frame_missing_moderate,3407,44,touch chest (stomachache/heart pain),276,0.9215,0.8333
ctrgcn,frame_missing_moderate,3407,45,touch back (backache),276,0.9444,0.8551
ctrgcn,frame_missing_moderate,3407,46,touch neck (neckache),276,0.8502,0.5833
ctrgcn,frame_missing_moderate,3407,47,nausea or vomiting condition,275,0.8497,0.6982
ctrgcn,frame_missing_moderate,3407,48,use a fan (with hand or paper)/feeling warm,275,0.9309,0.8291
ctrgcn,frame_missing_moderate,3407,49,punching/slapping other person,274,0.9112,0.7044
ctrgcn,frame_missing_moderate,3407,50,kicking other person,276,0.9541,0.8732
ctrgcn,frame_missing_moderate,3407,51,pushing other person,276,0.9722,0.7138
ctrgcn,frame_missing_moderate,3407,52,pat on back of other person,276,0.9143,0.8043
ctrgcn,frame_missing_moderate,3407,53,point finger at the other person,276,0.913,0.6884
ctrgcn,frame_missing_moderate,3407,54,hugging other person,274,0.9878,0.9015
ctrgcn,frame_missing_moderate,3407,55,giving something to other person,276,0.9372,0.8116
ctrgcn,frame_missing_moderate,3407,56,touch other person's pocket,275,0.9382,0.5309
ctrgcn,frame_missing_moderate,3407,57,handshaking,276,0.9589,0.6775
ctrgcn,frame_missing_moderate,3407,58,walking towards each other,273,0.9963,0.9927
ctrgcn,frame_missing_moderate,3407,59,walking apart from each other,276,0.9638,0.9203
ctrgcn,mixed_moderate,255,0,drink water,274,0.8601,0.1387
ctrgcn,mixed_moderate,255,1,eat meal/snack,275,0.7261,0.1455
ctrgcn,mixed_moderate,255,2,brushing teeth,273,0.873,0.1429
ctrgcn,mixed_moderate,255,3,brushing hair,273,0.917,0.1538
ctrgcn,mixed_moderate,255,4,drop,275,0.8873,0.1891
ctrgcn,mixed_moderate,255,5,pickup,275,0.9697,0.2036
ctrgcn,mixed_moderate,255,6,throw,275,0.9321,0.2727
ctrgcn,mixed_moderate,255,7,sitting down,273,0.9683,0.1905
ctrgcn,mixed_moderate,255,8,standing up (from sitting position),273,0.9792,0.2601
ctrgcn,mixed_moderate,255,9,clapping,273,0.7741,0.3114
ctrgcn,mixed_moderate,255,10,reading,273,0.6496,0.0806
ctrgcn,mixed_moderate,255,11,writing,272,0.6201,0.1544
ctrgcn,mixed_moderate,255,12,tear up paper,271,0.9213,0.1845
ctrgcn,mixed_moderate,255,13,wear jacket,275,0.9782,0.2873
ctrgcn,mixed_moderate,255,14,take off jacket,276,0.9843,0.1848
ctrgcn,mixed_moderate,255,15,wear a shoe,273,0.8083,0.0696
ctrgcn,mixed_moderate,255,16,take off a shoe,274,0.8382,0.1423
ctrgcn,mixed_moderate,255,17,wear on glasses,273,0.9084,0.1319
ctrgcn,mixed_moderate,255,18,take off glasses,274,0.944,0.3212
ctrgcn,mixed_moderate,255,19,put on a hat/cap,272,0.9596,0.3088
ctrgcn,mixed_moderate,255,20,take off a hat/cap,273,0.9744,0.3114
ctrgcn,mixed_moderate,255,21,cheer up,274,0.9258,0.3285
ctrgcn,mixed_moderate,255,22,hand waving,274,0.9173,0.427
ctrgcn,mixed_moderate,255,23,kicking something,276,0.9529,0.1739
ctrgcn,mixed_moderate,255,24,reach into pocket,274,0.8358,0.1496
ctrgcn,mixed_moderate,255,25,hopping (one foot jumping),275,0.9891,0.2182
ctrgcn,mixed_moderate,255,26,jump up,276,1.0,0.2609
ctrgcn,mixed_moderate,255,27,make a phone call/answer phone,275,0.9079,0.12
ctrgcn,mixed_moderate,255,28,playing with phone/tablet,275,0.6958,0.1564
ctrgcn,mixed_moderate,255,29,typing on a keyboard,275,0.737,0.3345
ctrgcn,mixed_moderate,255,30,pointing to something with finger,276,0.7862,0.2138
ctrgcn,mixed_moderate,255,31,taking a selfie,276,0.8889,0.1377
ctrgcn,mixed_moderate,255,32,check time (from watch),276,0.901,0.2029
ctrgcn,mixed_moderate,255,33,rub two hands together,276,0.9034,0.1812
ctrgcn,mixed_moderate,255,34,nod head/bow,276,0.971,0.3514
ctrgcn,mixed_moderate,255,35,shake head,275,0.9503,0.1964
ctrgcn,mixed_moderate,255,36,wipe face,276,0.8551,0.1812
ctrgcn,mixed_moderate,255,37,salute,276,0.93,0.2536
ctrgcn,mixed_moderate,255,38,put the palms together,276,0.9239,0.1884
ctrgcn,mixed_moderate,255,39,cross hands in front (say stop),276,0.936,0.3478
ctrgcn,mixed_moderate,255,40,sneeze/cough,276,0.7403,0.0906
ctrgcn,mixed_moderate,255,41,staggering,276,0.9867,0.1812
ctrgcn,mixed_moderate,255,42,falling,275,0.9939,0.3164
ctrgcn,mixed_moderate,255,43,touch head (headache),276,0.8345,0.1775
ctrgcn,mixed_moderate,255,44,touch chest (stomachache/heart pain),276,0.9215,0.2101
ctrgcn,mixed_moderate,255,45,touch back (backache),276,0.9444,0.1377
ctrgcn,mixed_moderate,255,46,touch neck (neckache),276,0.8502,0.1159
ctrgcn,mixed_moderate,255,47,nausea or vomiting condition,275,0.8497,0.1527
ctrgcn,mixed_moderate,255,48,use a fan (with hand or paper)/feeling warm,275,0.9309,0.3964
ctrgcn,mixed_moderate,255,49,punching/slapping other person,274,0.9112,0.2007
ctrgcn,mixed_moderate,255,50,kicking other person,276,0.9541,0.1486
ctrgcn,mixed_moderate,255,51,pushing other person,276,0.9722,0.1304
ctrgcn,mixed_moderate,255,52,pat on back of other person,276,0.9143,0.3841
ctrgcn,mixed_moderate,255,53,point finger at the other person,276,0.913,0.1993
ctrgcn,mixed_moderate,255,54,hugging other person,274,0.9878,0.2409
ctrgcn,mixed_moderate,255,55,giving something to other person,276,0.9372,0.1522
ctrgcn,mixed_moderate,255,56,touch other person's pocket,275,0.9382,0.1745
ctrgcn,mixed_moderate,255,57,handshaking,276,0.9589,0.3986
ctrgcn,mixed_moderate,255,58,walking towards each other,273,0.9963,0.4029
ctrgcn,mixed_moderate,255,59,walking apart from each other,276,0.9638,0.221
ctrgcn,mixed_moderate,2026,0,drink water,274,0.8601,0.1496
ctrgcn,mixed_moderate,2026,1,eat meal/snack,275,0.7261,0.1382
ctrgcn,mixed_moderate,2026,2,brushing teeth,273,0.873,0.1319
ctrgcn,mixed_moderate,2026,3,brushing hair,273,0.917,0.1575
ctrgcn,mixed_moderate,2026,4,drop,275,0.8873,0.3018
ctrgcn,mixed_moderate,2026,5,pickup,275,0.9697,0.1927
ctrgcn,mixed_moderate,2026,6,throw,275,0.9321,0.2436
ctrgcn,mixed_moderate,2026,7,sitting down,273,0.9683,0.1978
ctrgcn,mixed_moderate,2026,8,standing up (from sitting position),273,0.9792,0.2125
ctrgcn,mixed_moderate,2026,9,clapping,273,0.7741,0.2711
ctrgcn,mixed_moderate,2026,10,reading,273,0.6496,0.0952
ctrgcn,mixed_moderate,2026,11,writing,272,0.6201,0.114
ctrgcn,mixed_moderate,2026,12,tear up paper,271,0.9213,0.203
ctrgcn,mixed_moderate,2026,13,wear jacket,275,0.9782,0.2909
ctrgcn,mixed_moderate,2026,14,take off jacket,276,0.9843,0.2428
ctrgcn,mixed_moderate,2026,15,wear a shoe,273,0.8083,0.0879
ctrgcn,mixed_moderate,2026,16,take off a shoe,274,0.8382,0.1314
ctrgcn,mixed_moderate,2026,17,wear on glasses,273,0.9084,0.2234
ctrgcn,mixed_moderate,2026,18,take off glasses,274,0.944,0.3467
ctrgcn,mixed_moderate,2026,19,put on a hat/cap,272,0.9596,0.1581
ctrgcn,mixed_moderate,2026,20,take off a hat/cap,273,0.9744,0.2601
ctrgcn,mixed_moderate,2026,21,cheer up,274,0.9258,0.219
ctrgcn,mixed_moderate,2026,22,hand waving,274,0.9173,0.3358
ctrgcn,mixed_moderate,2026,23,kicking something,276,0.9529,0.1522
ctrgcn,mixed_moderate,2026,24,reach into pocket,274,0.8358,0.1387
ctrgcn,mixed_moderate,2026,25,hopping (one foot jumping),275,0.9891,0.2509
ctrgcn,mixed_moderate,2026,26,jump up,276,1.0,0.3623
ctrgcn,mixed_moderate,2026,27,make a phone call/answer phone,275,0.9079,0.0982
ctrgcn,mixed_moderate,2026,28,playing with phone/tablet,275,0.6958,0.2218
ctrgcn,mixed_moderate,2026,29,typing on a keyboard,275,0.737,0.2982
ctrgcn,mixed_moderate,2026,30,pointing to something with finger,276,0.7862,0.1993
ctrgcn,mixed_moderate,2026,31,taking a selfie,276,0.8889,0.2246
ctrgcn,mixed_moderate,2026,32,check time (from watch),276,0.901,0.1775
ctrgcn,mixed_moderate,2026,33,rub two hands together,276,0.9034,0.1268
ctrgcn,mixed_moderate,2026,34,nod head/bow,276,0.971,0.3007
ctrgcn,mixed_moderate,2026,35,shake head,275,0.9503,0.2582
ctrgcn,mixed_moderate,2026,36,wipe face,276,0.8551,0.1304
ctrgcn,mixed_moderate,2026,37,salute,276,0.93,0.2935
ctrgcn,mixed_moderate,2026,38,put the palms together,276,0.9239,0.2138
ctrgcn,mixed_moderate,2026,39,cross hands in front (say stop),276,0.936,0.2246
ctrgcn,mixed_moderate,2026,40,sneeze/cough,276,0.7403,0.0906
ctrgcn,mixed_moderate,2026,41,staggering,276,0.9867,0.1413
ctrgcn,mixed_moderate,2026,42,falling,275,0.9939,0.2727
ctrgcn,mixed_moderate,2026,43,touch head (headache),276,0.8345,0.1123
ctrgcn,mixed_moderate,2026,44,touch chest (stomachache/heart pain),276,0.9215,0.2681
ctrgcn,mixed_moderate,2026,45,touch back (backache),276,0.9444,0.2065
ctrgcn,mixed_moderate,2026,46,touch neck (neckache),276,0.8502,0.0942
ctrgcn,mixed_moderate,2026,47,nausea or vomiting condition,275,0.8497,0.16
ctrgcn,mixed_moderate,2026,48,use a fan (with hand or paper)/feeling warm,275,0.9309,0.7564
ctrgcn,mixed_moderate,2026,49,punching/slapping other person,274,0.9112,0.1095
ctrgcn,mixed_moderate,2026,50,kicking other person,276,0.9541,0.1667
ctrgcn,mixed_moderate,2026,51,pushing other person,276,0.9722,0.1196
ctrgcn,mixed_moderate,2026,52,pat on back of other person,276,0.9143,0.2464
ctrgcn,mixed_moderate,2026,53,point finger at the other person,276,0.913,0.1884
ctrgcn,mixed_moderate,2026,54,hugging other person,274,0.9878,0.2445
ctrgcn,mixed_moderate,2026,55,giving something to other person,276,0.9372,0.1775
ctrgcn,mixed_moderate,2026,56,touch other person's pocket,275,0.9382,0.2764
ctrgcn,mixed_moderate,2026,57,handshaking,276,0.9589,0.2029
ctrgcn,mixed_moderate,2026,58,walking towards each other,273,0.9963,0.1832
ctrgcn,mixed_moderate,2026,59,walking apart from each other,276,0.9638,0.4964
ctrgcn,mixed_moderate,3407,0,drink water,274,0.8601,0.1788
ctrgcn,mixed_moderate,3407,1,eat meal/snack,275,0.7261,0.1964
ctrgcn,mixed_moderate,3407,2,brushing teeth,273,0.873,0.0952
ctrgcn,mixed_moderate,3407,3,brushing hair,273,0.917,0.1319
ctrgcn,mixed_moderate,3407,4,drop,275,0.8873,0.4
ctrgcn,mixed_moderate,3407,5,pickup,275,0.9697,0.2327
ctrgcn,mixed_moderate,3407,6,throw,275,0.9321,0.3491
ctrgcn,mixed_moderate,3407,7,sitting down,273,0.9683,0.3114
ctrgcn,mixed_moderate,3407,8,standing up (from sitting position),273,0.9792,0.3187
ctrgcn,mixed_moderate,3407,9,clapping,273,0.7741,0.1392
ctrgcn,mixed_moderate,3407,10,reading,273,0.6496,0.0769
ctrgcn,mixed_moderate,3407,11,writing,272,0.6201,0.2316
ctrgcn,mixed_moderate,3407,12,tear up paper,271,0.9213,0.1845
ctrgcn,mixed_moderate,3407,13,wear jacket,275,0.9782,0.28
ctrgcn,mixed_moderate,3407,14,take off jacket,276,0.9843,0.1848
ctrgcn,mixed_moderate,3407,15,wear a shoe,273,0.8083,0.1062
ctrgcn,mixed_moderate,3407,16,take off a shoe,274,0.8382,0.1642
ctrgcn,mixed_moderate,3407,17,wear on glasses,273,0.9084,0.2454
ctrgcn,mixed_moderate,3407,18,take off glasses,274,0.944,0.2263
ctrgcn,mixed_moderate,3407,19,put on a hat/cap,272,0.9596,0.25
ctrgcn,mixed_moderate,3407,20,take off a hat/cap,273,0.9744,0.2527
ctrgcn,mixed_moderate,3407,21,cheer up,274,0.9258,0.2701
ctrgcn,mixed_moderate,3407,22,hand waving,274,0.9173,0.2007
ctrgcn,mixed_moderate,3407,23,kicking something,276,0.9529,0.1522
ctrgcn,mixed_moderate,3407,24,reach into pocket,274,0.8358,0.1314
ctrgcn,mixed_moderate,3407,25,hopping (one foot jumping),275,0.9891,0.2655
ctrgcn,mixed_moderate,3407,26,jump up,276,1.0,0.3152
ctrgcn,mixed_moderate,3407,27,make a phone call/answer phone,275,0.9079,0.2073
ctrgcn,mixed_moderate,3407,28,playing with phone/tablet,275,0.6958,0.1709
ctrgcn,mixed_moderate,3407,29,typing on a keyboard,275,0.737,0.2255
ctrgcn,mixed_moderate,3407,30,pointing to something with finger,276,0.7862,0.2572
ctrgcn,mixed_moderate,3407,31,taking a selfie,276,0.8889,0.2138
ctrgcn,mixed_moderate,3407,32,check time (from watch),276,0.901,0.1196
ctrgcn,mixed_moderate,3407,33,rub two hands together,276,0.9034,0.1957
ctrgcn,mixed_moderate,3407,34,nod head/bow,276,0.971,0.4203
ctrgcn,mixed_moderate,3407,35,shake head,275,0.9503,0.3236
ctrgcn,mixed_moderate,3407,36,wipe face,276,0.8551,0.1486
ctrgcn,mixed_moderate,3407,37,salute,276,0.93,0.2174
ctrgcn,mixed_moderate,3407,38,put the palms together,276,0.9239,0.2609
ctrgcn,mixed_moderate,3407,39,cross hands in front (say stop),276,0.936,0.3406
ctrgcn,mixed_moderate,3407,40,sneeze/cough,276,0.7403,0.0942
ctrgcn,mixed_moderate,3407,41,staggering,276,0.9867,0.1123
ctrgcn,mixed_moderate,3407,42,falling,275,0.9939,0.3527
ctrgcn,mixed_moderate,3407,43,touch head (headache),276,0.8345,0.1232
ctrgcn,mixed_moderate,3407,44,touch chest (stomachache/heart pain),276,0.9215,0.2428
ctrgcn,mixed_moderate,3407,45,touch back (backache),276,0.9444,0.2645
ctrgcn,mixed_moderate,3407,46,touch neck (neckache),276,0.8502,0.1232
ctrgcn,mixed_moderate,3407,47,nausea or vomiting condition,275,0.8497,0.1745
ctrgcn,mixed_moderate,3407,48,use a fan (with hand or paper)/feeling warm,275,0.9309,0.7455
ctrgcn,mixed_moderate,3407,49,punching/slapping other person,274,0.9112,0.1277
ctrgcn,mixed_moderate,3407,50,kicking other person,276,0.9541,0.1449
ctrgcn,mixed_moderate,3407,51,pushing other person,276,0.9722,0.1703
ctrgcn,mixed_moderate,3407,52,pat on back of other person,276,0.9143,0.192
ctrgcn,mixed_moderate,3407,53,point finger at the other person,276,0.913,0.192
ctrgcn,mixed_moderate,3407,54,hugging other person,274,0.9878,0.3175
ctrgcn,mixed_moderate,3407,55,giving something to other person,276,0.9372,0.1848
ctrgcn,mixed_moderate,3407,56,touch other person's pocket,275,0.9382,0.1891
ctrgcn,mixed_moderate,3407,57,handshaking,276,0.9589,0.1775
ctrgcn,mixed_moderate,3407,58,walking towards each other,273,0.9963,0.304
ctrgcn,mixed_moderate,3407,59,walking apart from each other,276,0.9638,0.3659
ctrgcn,joint_missing_severe,255,0,drink water,274,0.8601,0.0
ctrgcn,joint_missing_severe,255,1,eat meal/snack,275,0.7261,0.0
ctrgcn,joint_missing_severe,255,2,brushing teeth,273,0.873,0.0
ctrgcn,joint_missing_severe,255,3,brushing hair,273,0.917,0.0
ctrgcn,joint_missing_severe,255,4,drop,275,0.8873,0.0
ctrgcn,joint_missing_severe,255,5,pickup,275,0.9697,0.0
ctrgcn,joint_missing_severe,255,6,throw,275,0.9321,0.0073
ctrgcn,joint_missing_severe,255,7,sitting down,273,0.9683,0.0037
ctrgcn,joint_missing_severe,255,8,standing up (from sitting position),273,0.9792,0.0
ctrgcn,joint_missing_severe,255,9,clapping,273,0.7741,0.0
ctrgcn,joint_missing_severe,255,10,reading,273,0.6496,0.0
ctrgcn,joint_missing_severe,255,11,writing,272,0.6201,0.4449
ctrgcn,joint_missing_severe,255,12,tear up paper,271,0.9213,0.0074
ctrgcn,joint_missing_severe,255,13,wear jacket,275,0.9782,0.0
ctrgcn,joint_missing_severe,255,14,take off jacket,276,0.9843,0.0
ctrgcn,joint_missing_severe,255,15,wear a shoe,273,0.8083,0.0
ctrgcn,joint_missing_severe,255,16,take off a shoe,274,0.8382,0.0
ctrgcn,joint_missing_severe,255,17,wear on glasses,273,0.9084,0.0
ctrgcn,joint_missing_severe,255,18,take off glasses,274,0.944,0.0
ctrgcn,joint_missing_severe,255,19,put on a hat/cap,272,0.9596,0.0368
ctrgcn,joint_missing_severe,255,20,take off a hat/cap,273,0.9744,0.0073
ctrgcn,joint_missing_severe,255,21,cheer up,274,0.9258,0.0036
ctrgcn,joint_missing_severe,255,22,hand waving,274,0.9173,0.0109
ctrgcn,joint_missing_severe,255,23,kicking something,276,0.9529,0.0
ctrgcn,joint_missing_severe,255,24,reach into pocket,274,0.8358,0.0
ctrgcn,joint_missing_severe,255,25,hopping (one foot jumping),275,0.9891,0.0
ctrgcn,joint_missing_severe,255,26,jump up,276,1.0,0.0
ctrgcn,joint_missing_severe,255,27,make a phone call/answer phone,275,0.9079,0.0
ctrgcn,joint_missing_severe,255,28,playing with phone/tablet,275,0.6958,0.1018
ctrgcn,joint_missing_severe,255,29,typing on a keyboard,275,0.737,0.3091
ctrgcn,joint_missing_severe,255,30,pointing to something with finger,276,0.7862,0.0
ctrgcn,joint_missing_severe,255,31,taking a selfie,276,0.8889,0.0362
ctrgcn,joint_missing_severe,255,32,check time (from watch),276,0.901,0.0
ctrgcn,joint_missing_severe,255,33,rub two hands together,276,0.9034,0.0072
ctrgcn,joint_missing_severe,255,34,nod head/bow,276,0.971,0.1558
ctrgcn,joint_missing_severe,255,35,shake head,275,0.9503,0.0036
ctrgcn,joint_missing_severe,255,36,wipe face,276,0.8551,0.529
ctrgcn,joint_missing_severe,255,37,salute,276,0.93,0.0
ctrgcn,joint_missing_severe,255,38,put the palms together,276,0.9239,0.0036
ctrgcn,joint_missing_severe,255,39,cross hands in front (say stop),276,0.936,0.0181
ctrgcn,joint_missing_severe,255,40,sneeze/cough,276,0.7403,0.0
ctrgcn,joint_missing_severe,255,41,staggering,276,0.9867,0.0
ctrgcn,joint_missing_severe,255,42,falling,275,0.9939,0.0255
ctrgcn,joint_missing_severe,255,43,touch head (headache),276,0.8345,0.0036
ctrgcn,joint_missing_severe,255,44,touch chest (stomachache/heart pain),276,0.9215,0.029
ctrgcn,joint_missing_severe,255,45,touch back (backache),276,0.9444,0.0
ctrgcn,joint_missing_severe,255,46,touch neck (neckache),276,0.8502,0.0
ctrgcn,joint_missing_severe,255,47,nausea or vomiting condition,275,0.8497,0.0036
ctrgcn,joint_missing_severe,255,48,use a fan (with hand or paper)/feeling warm,275,0.9309,0.0836
ctrgcn,joint_missing_severe,255,49,punching/slapping other person,274,0.9112,0.0073
ctrgcn,joint_missing_severe,255,50,kicking other person,276,0.9541,0.0
ctrgcn,joint_missing_severe,255,51,pushing other person,276,0.9722,0.0
ctrgcn,joint_missing_severe,255,52,pat on back of other person,276,0.9143,0.1196
ctrgcn,joint_missing_severe,255,53,point finger at the other person,276,0.913,0.0036
ctrgcn,joint_missing_severe,255,54,hugging other person,274,0.9878,0.0
ctrgcn,joint_missing_severe,255,55,giving something to other person,276,0.9372,0.0
ctrgcn,joint_missing_severe,255,56,touch other person's pocket,275,0.9382,0.08
ctrgcn,joint_missing_severe,255,57,handshaking,276,0.9589,0.058
ctrgcn,joint_missing_severe,255,58,walking towards each other,273,0.9963,0.2381
ctrgcn,joint_missing_severe,255,59,walking apart from each other,276,0.9638,0.0
ctrgcn,joint_missing_severe,2026,0,drink water,274,0.8601,0.0036
ctrgcn,joint_missing_severe,2026,1,eat meal/snack,275,0.7261,0.0
ctrgcn,joint_missing_severe,2026,2,brushing teeth,273,0.873,0.0037
ctrgcn,joint_missing_severe,2026,3,brushing hair,273,0.917,0.0
ctrgcn,joint_missing_severe,2026,4,drop,275,0.8873,0.0655
ctrgcn,joint_missing_severe,2026,5,pickup,275,0.9697,0.0
ctrgcn,joint_missing_severe,2026,6,throw,275,0.9321,0.0
ctrgcn,joint_missing_severe,2026,7,sitting down,273,0.9683,0.0
ctrgcn,joint_missing_severe,2026,8,standing up (from sitting position),273,0.9792,0.0
ctrgcn,joint_missing_severe,2026,9,clapping,273,0.7741,0.033
ctrgcn,joint_missing_severe,2026,10,reading,273,0.6496,0.0073
ctrgcn,joint_missing_severe,2026,11,writing,272,0.6201,0.0809
ctrgcn,joint_missing_severe,2026,12,tear up paper,271,0.9213,0.0295
ctrgcn,joint_missing_severe,2026,13,wear jacket,275,0.9782,0.0036
ctrgcn,joint_missing_severe,2026,14,take off jacket,276,0.9843,0.0
ctrgcn,joint_missing_severe,2026,15,wear a shoe,273,0.8083,0.0
ctrgcn,joint_missing_severe,2026,16,take off a shoe,274,0.8382,0.0
ctrgcn,joint_missing_severe,2026,17,wear on glasses,273,0.9084,0.0
ctrgcn,joint_missing_severe,2026,18,take off glasses,274,0.944,0.0109
ctrgcn,joint_missing_severe,2026,19,put on a hat/cap,272,0.9596,0.0
ctrgcn,joint_missing_severe,2026,20,take off a hat/cap,273,0.9744,0.022
ctrgcn,joint_missing_severe,2026,21,cheer up,274,0.9258,0.0
ctrgcn,joint_missing_severe,2026,22,hand waving,274,0.9173,0.0
ctrgcn,joint_missing_severe,2026,23,kicking something,276,0.9529,0.0
ctrgcn,joint_missing_severe,2026,24,reach into pocket,274,0.8358,0.0073
ctrgcn,joint_missing_severe,2026,25,hopping (one foot jumping),275,0.9891,0.0
ctrgcn,joint_missing_severe,2026,26,jump up,276,1.0,0.0036
ctrgcn,joint_missing_severe,2026,27,make a phone call/answer phone,275,0.9079,0.0
ctrgcn,joint_missing_severe,2026,28,playing with phone/tablet,275,0.6958,0.8182
ctrgcn,joint_missing_severe,2026,29,typing on a keyboard,275,0.737,0.0145
ctrgcn,joint_missing_severe,2026,30,pointing to something with finger,276,0.7862,0.0109
ctrgcn,joint_missing_severe,2026,31,taking a selfie,276,0.8889,0.0543
ctrgcn,joint_missing_severe,2026,32,check time (from watch),276,0.901,0.0
ctrgcn,joint_missing_severe,2026,33,rub two hands together,276,0.9034,0.0036
ctrgcn,joint_missing_severe,2026,34,nod head/bow,276,0.971,0.0833
ctrgcn,joint_missing_severe,2026,35,shake head,275,0.9503,0.0473
ctrgcn,joint_missing_severe,2026,36,wipe face,276,0.8551,0.0
ctrgcn,joint_missing_severe,2026,37,salute,276,0.93,0.0181
ctrgcn,joint_missing_severe,2026,38,put the palms together,276,0.9239,0.0145
ctrgcn,joint_missing_severe,2026,39,cross hands in front (say stop),276,0.936,0.0036
ctrgcn,joint_missing_severe,2026,40,sneeze/cough,276,0.7403,0.0072
ctrgcn,joint_missing_severe,2026,41,staggering,276,0.9867,0.0
ctrgcn,joint_missing_severe,2026,42,falling,275,0.9939,0.0
ctrgcn,joint_missing_severe,2026,43,touch head (headache),276,0.8345,0.0
ctrgcn,joint_missing_severe,2026,44,touch chest (stomachache/heart pain),276,0.9215,0.0725
ctrgcn,joint_missing_severe,2026,45,touch back (backache),276,0.9444,0.0109
ctrgcn,joint_missing_severe,2026,46,touch neck (neckache),276,0.8502,0.0
ctrgcn,joint_missing_severe,2026,47,nausea or vomiting condition,275,0.8497,0.0691
ctrgcn,joint_missing_severe,2026,48,use a fan (with hand or paper)/feeling warm,275,0.9309,0.8727
ctrgcn,joint_missing_severe,2026,49,punching/slapping other person,274,0.9112,0.0
ctrgcn,joint_missing_severe,2026,50,kicking other person,276,0.9541,0.0
ctrgcn,joint_missing_severe,2026,51,pushing other person,276,0.9722,0.0
ctrgcn,joint_missing_severe,2026,52,pat on back of other person,276,0.9143,0.0
ctrgcn,joint_missing_severe,2026,53,point finger at the other person,276,0.913,0.0036
ctrgcn,joint_missing_severe,2026,54,hugging other person,274,0.9878,0.0036
ctrgcn,joint_missing_severe,2026,55,giving something to other person,276,0.9372,0.0
ctrgcn,joint_missing_severe,2026,56,touch other person's pocket,275,0.9382,0.1055
ctrgcn,joint_missing_severe,2026,57,handshaking,276,0.9589,0.0
ctrgcn,joint_missing_severe,2026,58,walking towards each other,273,0.9963,0.0
ctrgcn,joint_missing_severe,2026,59,walking apart from each other,276,0.9638,0.3152
ctrgcn,joint_missing_severe,3407,0,drink water,274,0.8601,0.0182
ctrgcn,joint_missing_severe,3407,1,eat meal/snack,275,0.7261,0.0509
ctrgcn,joint_missing_severe,3407,2,brushing teeth,273,0.873,0.0
ctrgcn,joint_missing_severe,3407,3,brushing hair,273,0.917,0.0
ctrgcn,joint_missing_severe,3407,4,drop,275,0.8873,0.6691
ctrgcn,joint_missing_severe,3407,5,pickup,275,0.9697,0.0073
ctrgcn,joint_missing_severe,3407,6,throw,275,0.9321,0.3091
ctrgcn,joint_missing_severe,3407,7,sitting down,273,0.9683,0.0037
ctrgcn,joint_missing_severe,3407,8,standing up (from sitting position),273,0.9792,0.0
ctrgcn,joint_missing_severe,3407,9,clapping,273,0.7741,0.0037
ctrgcn,joint_missing_severe,3407,10,reading,273,0.6496,0.0
ctrgcn,joint_missing_severe,3407,11,writing,272,0.6201,0.4338
ctrgcn,joint_missing_severe,3407,12,tear up paper,271,0.9213,0.0369
ctrgcn,joint_missing_severe,3407,13,wear jacket,275,0.9782,0.0
ctrgcn,joint_missing_severe,3407,14,take off jacket,276,0.9843,0.0
ctrgcn,joint_missing_severe,3407,15,wear a shoe,273,0.8083,0.0
ctrgcn,joint_missing_severe,3407,16,take off a shoe,274,0.8382,0.0073
ctrgcn,joint_missing_severe,3407,17,wear on glasses,273,0.9084,0.1392
ctrgcn,joint_missing_severe,3407,18,take off glasses,274,0.944,0.0146
ctrgcn,joint_missing_severe,3407,19,put on a hat/cap,272,0.9596,0.0699
ctrgcn,joint_missing_severe,3407,20,take off a hat/cap,273,0.9744,0.0513
ctrgcn,joint_missing_severe,3407,21,cheer up,274,0.9258,0.0
ctrgcn,joint_missing_severe,3407,22,hand waving,274,0.9173,0.0073
ctrgcn,joint_missing_severe,3407,23,kicking something,276,0.9529,0.0
ctrgcn,joint_missing_severe,3407,24,reach into pocket,274,0.8358,0.0
ctrgcn,joint_missing_severe,3407,25,hopping (one foot jumping),275,0.9891,0.0
ctrgcn,joint_missing_severe,3407,26,jump up,276,1.0,0.0072
ctrgcn,joint_missing_severe,3407,27,make a phone call/answer phone,275,0.9079,0.0327
ctrgcn,joint_missing_severe,3407,28,playing with phone/tablet,275,0.6958,0.6473
ctrgcn,joint_missing_severe,3407,29,typing on a keyboard,275,0.737,0.0255
ctrgcn,joint_missing_severe,3407,30,pointing to something with finger,276,0.7862,0.2029
ctrgcn,joint_missing_severe,3407,31,taking a selfie,276,0.8889,0.1413
ctrgcn,joint_missing_severe,3407,32,check time (from watch),276,0.901,0.0
ctrgcn,joint_missing_severe,3407,33,rub two hands together,276,0.9034,0.0072
ctrgcn,joint_missing_severe,3407,34,nod head/bow,276,0.971,0.8333
ctrgcn,joint_missing_severe,3407,35,shake head,275,0.9503,0.1382
ctrgcn,joint_missing_severe,3407,36,wipe face,276,0.8551,0.0072
ctrgcn,joint_missing_severe,3407,37,salute,276,0.93,0.0362
ctrgcn,joint_missing_severe,3407,38,put the palms together,276,0.9239,0.6341
ctrgcn,joint_missing_severe,3407,39,cross hands in front (say stop),276,0.936,0.2246
ctrgcn,joint_missing_severe,3407,40,sneeze/cough,276,0.7403,0.0036
ctrgcn,joint_missing_severe,3407,41,staggering,276,0.9867,0.0
ctrgcn,joint_missing_severe,3407,42,falling,275,0.9939,0.04
ctrgcn,joint_missing_severe,3407,43,touch head (headache),276,0.8345,0.0
ctrgcn,joint_missing_severe,3407,44,touch chest (stomachache/heart pain),276,0.9215,0.0507
ctrgcn,joint_missing_severe,3407,45,touch back (backache),276,0.9444,0.0072
ctrgcn,joint_missing_severe,3407,46,touch neck (neckache),276,0.8502,0.0
ctrgcn,joint_missing_severe,3407,47,nausea or vomiting condition,275,0.8497,0.0036
ctrgcn,joint_missing_severe,3407,48,use a fan (with hand or paper)/feeling warm,275,0.9309,0.3236
ctrgcn,joint_missing_severe,3407,49,punching/slapping other person,274,0.9112,0.0
ctrgcn,joint_missing_severe,3407,50,kicking other person,276,0.9541,0.0
ctrgcn,joint_missing_severe,3407,51,pushing other person,276,0.9722,0.0
ctrgcn,joint_missing_severe,3407,52,pat on back of other person,276,0.9143,0.0
ctrgcn,joint_missing_severe,3407,53,point finger at the other person,276,0.913,0.0254
ctrgcn,joint_missing_severe,3407,54,hugging other person,274,0.9878,0.0073
ctrgcn,joint_missing_severe,3407,55,giving something to other person,276,0.9372,0.0
ctrgcn,joint_missing_severe,3407,56,touch other person's pocket,275,0.9382,0.0073
ctrgcn,joint_missing_severe,3407,57,handshaking,276,0.9589,0.0
ctrgcn,joint_missing_severe,3407,58,walking towards each other,273,0.9963,0.0293
ctrgcn,joint_missing_severe,3407,59,walking apart from each other,276,0.9638,0.1848
ctrgcn,limb_occlusion_severe,255,0,drink water,274,0.8601,0.3431
ctrgcn,limb_occlusion_severe,255,1,eat meal/snack,275,0.7261,0.3055
ctrgcn,limb_occlusion_severe,255,2,brushing teeth,273,0.873,0.3626
ctrgcn,limb_occlusion_severe,255,3,brushing hair,273,0.917,0.4432
ctrgcn,limb_occlusion_severe,255,4,drop,275,0.8873,0.3127
ctrgcn,limb_occlusion_severe,255,5,pickup,275,0.9697,0.1418
ctrgcn,limb_occlusion_severe,255,6,throw,275,0.9321,0.3164
ctrgcn,limb_occlusion_severe,255,7,sitting down,273,0.9683,0.2381
ctrgcn,limb_occlusion_severe,255,8,standing up (from sitting position),273,0.9792,0.3993
ctrgcn,limb_occlusion_severe,255,9,clapping,273,0.7741,0.2491
ctrgcn,limb_occlusion_severe,255,10,reading,273,0.6496,0.2161
ctrgcn,limb_occlusion_severe,255,11,writing,272,0.6201,0.4007
ctrgcn,limb_occlusion_severe,255,12,tear up paper,271,0.9213,0.321
ctrgcn,limb_occlusion_severe,255,13,wear jacket,275,0.9782,0.2036
ctrgcn,limb_occlusion_severe,255,14,take off jacket,276,0.9843,0.4565
ctrgcn,limb_occlusion_severe,255,15,wear a shoe,273,0.8083,0.2125
ctrgcn,limb_occlusion_severe,255,16,take off a shoe,274,0.8382,0.2518
ctrgcn,limb_occlusion_severe,255,17,wear on glasses,273,0.9084,0.4579
ctrgcn,limb_occlusion_severe,255,18,take off glasses,274,0.944,0.5693
ctrgcn,limb_occlusion_severe,255,19,put on a hat/cap,272,0.9596,0.4743
ctrgcn,limb_occlusion_severe,255,20,take off a hat/cap,273,0.9744,0.3919
ctrgcn,limb_occlusion_severe,255,21,cheer up,274,0.9258,0.2263
ctrgcn,limb_occlusion_severe,255,22,hand waving,274,0.9173,0.4197
ctrgcn,limb_occlusion_severe,255,23,kicking something,276,0.9529,0.4203
ctrgcn,limb_occlusion_severe,255,24,reach into pocket,274,0.8358,0.3832
ctrgcn,limb_occlusion_severe,255,25,hopping (one foot jumping),275,0.9891,0.3818
ctrgcn,limb_occlusion_severe,255,26,jump up,276,1.0,0.3116
ctrgcn,limb_occlusion_severe,255,27,make a phone call/answer phone,275,0.9079,0.3127
ctrgcn,limb_occlusion_severe,255,28,playing with phone/tablet,275,0.6958,0.4218
ctrgcn,limb_occlusion_severe,255,29,typing on a keyboard,275,0.737,0.4727
ctrgcn,limb_occlusion_severe,255,30,pointing to something with finger,276,0.7862,0.3587
ctrgcn,limb_occlusion_severe,255,31,taking a selfie,276,0.8889,0.279
ctrgcn,limb_occlusion_severe,255,32,check time (from watch),276,0.901,0.3406
ctrgcn,limb_occlusion_severe,255,33,rub two hands together,276,0.9034,0.2971
ctrgcn,limb_occlusion_severe,255,34,nod head/bow,276,0.971,0.3406
ctrgcn,limb_occlusion_severe,255,35,shake head,275,0.9503,0.6218
ctrgcn,limb_occlusion_severe,255,36,wipe face,276,0.8551,0.3623
ctrgcn,limb_occlusion_severe,255,37,salute,276,0.93,0.3333
ctrgcn,limb_occlusion_severe,255,38,put the palms together,276,0.9239,0.2681
ctrgcn,limb_occlusion_severe,255,39,cross hands in front (say stop),276,0.936,0.1848
ctrgcn,limb_occlusion_severe,255,40,sneeze/cough,276,0.7403,0.2138
ctrgcn,limb_occlusion_severe,255,41,staggering,276,0.9867,0.0652
ctrgcn,limb_occlusion_severe,255,42,falling,275,0.9939,0.1891
ctrgcn,limb_occlusion_severe,255,43,touch head (headache),276,0.8345,0.2971
ctrgcn,limb_occlusion_severe,255,44,touch chest (stomachache/heart pain),276,0.9215,0.4457
ctrgcn,limb_occlusion_severe,255,45,touch back (backache),276,0.9444,0.5471
ctrgcn,limb_occlusion_severe,255,46,touch neck (neckache),276,0.8502,0.4384
ctrgcn,limb_occlusion_severe,255,47,nausea or vomiting condition,275,0.8497,0.0945
ctrgcn,limb_occlusion_severe,255,48,use a fan (with hand or paper)/feeling warm,275,0.9309,0.3891
ctrgcn,limb_occlusion_severe,255,49,punching/slapping other person,274,0.9112,0.5109
ctrgcn,limb_occlusion_severe,255,50,kicking other person,276,0.9541,0.3551
ctrgcn,limb_occlusion_severe,255,51,pushing other person,276,0.9722,0.2283
ctrgcn,limb_occlusion_severe,255,52,pat on back of other person,276,0.9143,0.6268
ctrgcn,limb_occlusion_severe,255,53,point finger at the other person,276,0.913,0.2645
ctrgcn,limb_occlusion_severe,255,54,hugging other person,274,0.9878,0.4891
ctrgcn,limb_occlusion_severe,255,55,giving something to other person,276,0.9372,0.4855
ctrgcn,limb_occlusion_severe,255,56,touch other person's pocket,275,0.9382,0.6727
ctrgcn,limb_occlusion_severe,255,57,handshaking,276,0.9589,0.4167
ctrgcn,limb_occlusion_severe,255,58,walking towards each other,273,0.9963,0.4652
ctrgcn,limb_occlusion_severe,255,59,walking apart from each other,276,0.9638,0.7681
ctrgcn,limb_occlusion_severe,2026,0,drink water,274,0.8601,0.3321
ctrgcn,limb_occlusion_severe,2026,1,eat meal/snack,275,0.7261,0.2255
ctrgcn,limb_occlusion_severe,2026,2,brushing teeth,273,0.873,0.3553
ctrgcn,limb_occlusion_severe,2026,3,brushing hair,273,0.917,0.3736
ctrgcn,limb_occlusion_severe,2026,4,drop,275,0.8873,0.3418
ctrgcn,limb_occlusion_severe,2026,5,pickup,275,0.9697,0.1345
ctrgcn,limb_occlusion_severe,2026,6,throw,275,0.9321,0.3236
ctrgcn,limb_occlusion_severe,2026,7,sitting down,273,0.9683,0.2271
ctrgcn,limb_occlusion_severe,2026,8,standing up (from sitting position),273,0.9792,0.3004
ctrgcn,limb_occlusion_severe,2026,9,clapping,273,0.7741,0.1722
ctrgcn,limb_occlusion_severe,2026,10,reading,273,0.6496,0.2637
ctrgcn,limb_occlusion_severe,2026,11,writing,272,0.6201,0.4596
ctrgcn,limb_occlusion_severe,2026,12,tear up paper,271,0.9213,0.2804
ctrgcn,limb_occlusion_severe,2026,13,wear jacket,275,0.9782,0.2036
ctrgcn,limb_occlusion_severe,2026,14,take off jacket,276,0.9843,0.4855
ctrgcn,limb_occlusion_severe,2026,15,wear a shoe,273,0.8083,0.0623
ctrgcn,limb_occlusion_severe,2026,16,take off a shoe,274,0.8382,0.2153
ctrgcn,limb_occlusion_severe,2026,17,wear on glasses,273,0.9084,0.4799
ctrgcn,limb_occlusion_severe,2026,18,take off glasses,274,0.944,0.5803
ctrgcn,limb_occlusion_severe,2026,19,put on a hat/cap,272,0.9596,0.3199
ctrgcn,limb_occlusion_severe,2026,20,take off a hat/cap,273,0.9744,0.3443
ctrgcn,limb_occlusion_severe,2026,21,cheer up,274,0.9258,0.2591
ctrgcn,limb_occlusion_severe,2026,22,hand waving,274,0.9173,0.4234
ctrgcn,limb_occlusion_severe,2026,23,kicking something,276,0.9529,0.3551
ctrgcn,limb_occlusion_severe,2026,24,reach into pocket,274,0.8358,0.5036
ctrgcn,limb_occlusion_severe,2026,25,hopping (one foot jumping),275,0.9891,0.5564
ctrgcn,limb_occlusion_severe,2026,26,jump up,276,1.0,0.2536
ctrgcn,limb_occlusion_severe,2026,27,make a phone call/answer phone,275,0.9079,0.2982
ctrgcn,limb_occlusion_severe,2026,28,playing with phone/tablet,275,0.6958,0.2909
ctrgcn,limb_occlusion_severe,2026,29,typing on a keyboard,275,0.737,0.5382
ctrgcn,limb_occlusion_severe,2026,30,pointing to something with finger,276,0.7862,0.3696
ctrgcn,limb_occlusion_severe,2026,31,taking a selfie,276,0.8889,0.2391
ctrgcn,limb_occlusion_severe,2026,32,check time (from watch),276,0.901,0.3478
ctrgcn,limb_occlusion_severe,2026,33,rub two hands together,276,0.9034,0.308
ctrgcn,limb_occlusion_severe,2026,34,nod head/bow,276,0.971,0.3043
ctrgcn,limb_occlusion_severe,2026,35,shake head,275,0.9503,0.5236
ctrgcn,limb_occlusion_severe,2026,36,wipe face,276,0.8551,0.3007
ctrgcn,limb_occlusion_severe,2026,37,salute,276,0.93,0.3442
ctrgcn,limb_occlusion_severe,2026,38,put the palms together,276,0.9239,0.3478
ctrgcn,limb_occlusion_severe,2026,39,cross hands in front (say stop),276,0.936,0.1522
ctrgcn,limb_occlusion_severe,2026,40,sneeze/cough,276,0.7403,0.163
ctrgcn,limb_occlusion_severe,2026,41,staggering,276,0.9867,0.0543
ctrgcn,limb_occlusion_severe,2026,42,falling,275,0.9939,0.1309
ctrgcn,limb_occlusion_severe,2026,43,touch head (headache),276,0.8345,0.279
ctrgcn,limb_occlusion_severe,2026,44,touch chest (stomachache/heart pain),276,0.9215,0.4275
ctrgcn,limb_occlusion_severe,2026,45,touch back (backache),276,0.9444,0.6087
ctrgcn,limb_occlusion_severe,2026,46,touch neck (neckache),276,0.8502,0.3659
ctrgcn,limb_occlusion_severe,2026,47,nausea or vomiting condition,275,0.8497,0.0655
ctrgcn,limb_occlusion_severe,2026,48,use a fan (with hand or paper)/feeling warm,275,0.9309,0.4109
ctrgcn,limb_occlusion_severe,2026,49,punching/slapping other person,274,0.9112,0.4197
ctrgcn,limb_occlusion_severe,2026,50,kicking other person,276,0.9541,0.192
ctrgcn,limb_occlusion_severe,2026,51,pushing other person,276,0.9722,0.4239
ctrgcn,limb_occlusion_severe,2026,52,pat on back of other person,276,0.9143,0.5688
ctrgcn,limb_occlusion_severe,2026,53,point finger at the other person,276,0.913,0.1957
ctrgcn,limb_occlusion_severe,2026,54,hugging other person,274,0.9878,0.3175
ctrgcn,limb_occlusion_severe,2026,55,giving something to other person,276,0.9372,0.4674
ctrgcn,limb_occlusion_severe,2026,56,touch other person's pocket,275,0.9382,0.6109
ctrgcn,limb_occlusion_severe,2026,57,handshaking,276,0.9589,0.4239
ctrgcn,limb_occlusion_severe,2026,58,walking towards each other,273,0.9963,0.5018
ctrgcn,limb_occlusion_severe,2026,59,walking apart from each other,276,0.9638,0.7536
ctrgcn,limb_occlusion_severe,3407,0,drink water,274,0.8601,0.3723
ctrgcn,limb_occlusion_severe,3407,1,eat meal/snack,275,0.7261,0.2582
ctrgcn,limb_occlusion_severe,3407,2,brushing teeth,273,0.873,0.3223
ctrgcn,limb_occlusion_severe,3407,3,brushing hair,273,0.917,0.4176
ctrgcn,limb_occlusion_severe,3407,4,drop,275,0.8873,0.4036
ctrgcn,limb_occlusion_severe,3407,5,pickup,275,0.9697,0.2145
ctrgcn,limb_occlusion_severe,3407,6,throw,275,0.9321,0.3164
ctrgcn,limb_occlusion_severe,3407,7,sitting down,273,0.9683,0.1392
ctrgcn,limb_occlusion_severe,3407,8,standing up (from sitting position),273,0.9792,0.4469
ctrgcn,limb_occlusion_severe,3407,9,clapping,273,0.7741,0.2601
ctrgcn,limb_occlusion_severe,3407,10,reading,273,0.6496,0.3004
ctrgcn,limb_occlusion_severe,3407,11,writing,272,0.6201,0.3934
ctrgcn,limb_occlusion_severe,3407,12,tear up paper,271,0.9213,0.3542
ctrgcn,limb_occlusion_severe,3407,13,wear jacket,275,0.9782,0.0945
ctrgcn,limb_occlusion_severe,3407,14,take off jacket,276,0.9843,0.4746
ctrgcn,limb_occlusion_severe,3407,15,wear a shoe,273,0.8083,0.1209
ctrgcn,limb_occlusion_severe,3407,16,take off a shoe,274,0.8382,0.1752
ctrgcn,limb_occlusion_severe,3407,17,wear on glasses,273,0.9084,0.5018
ctrgcn,limb_occlusion_severe,3407,18,take off glasses,274,0.944,0.5803
ctrgcn,limb_occlusion_severe,3407,19,put on a hat/cap,272,0.9596,0.3971
ctrgcn,limb_occlusion_severe,3407,20,take off a hat/cap,273,0.9744,0.3443
ctrgcn,limb_occlusion_severe,3407,21,cheer up,274,0.9258,0.1642
ctrgcn,limb_occlusion_severe,3407,22,hand waving,274,0.9173,0.3942
ctrgcn,limb_occlusion_severe,3407,23,kicking something,276,0.9529,0.3261
ctrgcn,limb_occlusion_severe,3407,24,reach into pocket,274,0.8358,0.4307
ctrgcn,limb_occlusion_severe,3407,25,hopping (one foot jumping),275,0.9891,0.5745
ctrgcn,limb_occlusion_severe,3407,26,jump up,276,1.0,0.5833
ctrgcn,limb_occlusion_severe,3407,27,make a phone call/answer phone,275,0.9079,0.3855
ctrgcn,limb_occlusion_severe,3407,28,playing with phone/tablet,275,0.6958,0.4582
ctrgcn,limb_occlusion_severe,3407,29,typing on a keyboard,275,0.737,0.4073
ctrgcn,limb_occlusion_severe,3407,30,pointing to something with finger,276,0.7862,0.337
ctrgcn,limb_occlusion_severe,3407,31,taking a selfie,276,0.8889,0.2681
ctrgcn,limb_occlusion_severe,3407,32,check time (from watch),276,0.901,0.3333
ctrgcn,limb_occlusion_severe,3407,33,rub two hands together,276,0.9034,0.4203
ctrgcn,limb_occlusion_severe,3407,34,nod head/bow,276,0.971,0.4167
ctrgcn,limb_occlusion_severe,3407,35,shake head,275,0.9503,0.4836
ctrgcn,limb_occlusion_severe,3407,36,wipe face,276,0.8551,0.3551
ctrgcn,limb_occlusion_severe,3407,37,salute,276,0.93,0.3406
ctrgcn,limb_occlusion_severe,3407,38,put the palms together,276,0.9239,0.3406
ctrgcn,limb_occlusion_severe,3407,39,cross hands in front (say stop),276,0.936,0.1848
ctrgcn,limb_occlusion_severe,3407,40,sneeze/cough,276,0.7403,0.1341
ctrgcn,limb_occlusion_severe,3407,41,staggering,276,0.9867,0.0399
ctrgcn,limb_occlusion_severe,3407,42,falling,275,0.9939,0.0982
ctrgcn,limb_occlusion_severe,3407,43,touch head (headache),276,0.8345,0.2862
ctrgcn,limb_occlusion_severe,3407,44,touch chest (stomachache/heart pain),276,0.9215,0.3768
ctrgcn,limb_occlusion_severe,3407,45,touch back (backache),276,0.9444,0.5507
ctrgcn,limb_occlusion_severe,3407,46,touch neck (neckache),276,0.8502,0.3804
ctrgcn,limb_occlusion_severe,3407,47,nausea or vomiting condition,275,0.8497,0.0836
ctrgcn,limb_occlusion_severe,3407,48,use a fan (with hand or paper)/feeling warm,275,0.9309,0.4109
ctrgcn,limb_occlusion_severe,3407,49,punching/slapping other person,274,0.9112,0.3175
ctrgcn,limb_occlusion_severe,3407,50,kicking other person,276,0.9541,0.25
ctrgcn,limb_occlusion_severe,3407,51,pushing other person,276,0.9722,0.4348
ctrgcn,limb_occlusion_severe,3407,52,pat on back of other person,276,0.9143,0.5616
ctrgcn,limb_occlusion_severe,3407,53,point finger at the other person,276,0.913,0.3623
ctrgcn,limb_occlusion_severe,3407,54,hugging other person,274,0.9878,0.3394
ctrgcn,limb_occlusion_severe,3407,55,giving something to other person,276,0.9372,0.5036
ctrgcn,limb_occlusion_severe,3407,56,touch other person's pocket,275,0.9382,0.6145
ctrgcn,limb_occlusion_severe,3407,57,handshaking,276,0.9589,0.4601
ctrgcn,limb_occlusion_severe,3407,58,walking towards each other,273,0.9963,0.5531
ctrgcn,limb_occlusion_severe,3407,59,walking apart from each other,276,0.9638,0.7029
ctrgcn,coord_noise_severe,255,0,drink water,274,0.8601,0.0
ctrgcn,coord_noise_severe,255,1,eat meal/snack,275,0.7261,0.0
ctrgcn,coord_noise_severe,255,2,brushing teeth,273,0.873,0.0
ctrgcn,coord_noise_severe,255,3,brushing hair,273,0.917,0.0
ctrgcn,coord_noise_severe,255,4,drop,275,0.8873,0.0
ctrgcn,coord_noise_severe,255,5,pickup,275,0.9697,0.0
ctrgcn,coord_noise_severe,255,6,throw,275,0.9321,0.0
ctrgcn,coord_noise_severe,255,7,sitting down,273,0.9683,0.0
ctrgcn,coord_noise_severe,255,8,standing up (from sitting position),273,0.9792,0.0
ctrgcn,coord_noise_severe,255,9,clapping,273,0.7741,0.0073
ctrgcn,coord_noise_severe,255,10,reading,273,0.6496,0.0
ctrgcn,coord_noise_severe,255,11,writing,272,0.6201,0.0
ctrgcn,coord_noise_severe,255,12,tear up paper,271,0.9213,0.0
ctrgcn,coord_noise_severe,255,13,wear jacket,275,0.9782,0.0036
ctrgcn,coord_noise_severe,255,14,take off jacket,276,0.9843,0.0
ctrgcn,coord_noise_severe,255,15,wear a shoe,273,0.8083,0.0
ctrgcn,coord_noise_severe,255,16,take off a shoe,274,0.8382,0.0
ctrgcn,coord_noise_severe,255,17,wear on glasses,273,0.9084,0.0
ctrgcn,coord_noise_severe,255,18,take off glasses,274,0.944,0.0
ctrgcn,coord_noise_severe,255,19,put on a hat/cap,272,0.9596,0.0
ctrgcn,coord_noise_severe,255,20,take off a hat/cap,273,0.9744,0.0037
ctrgcn,coord_noise_severe,255,21,cheer up,274,0.9258,0.0073
ctrgcn,coord_noise_severe,255,22,hand waving,274,0.9173,0.0219
ctrgcn,coord_noise_severe,255,23,kicking something,276,0.9529,0.0
ctrgcn,coord_noise_severe,255,24,reach into pocket,274,0.8358,0.0
ctrgcn,coord_noise_severe,255,25,hopping (one foot jumping),275,0.9891,0.0
ctrgcn,coord_noise_severe,255,26,jump up,276,1.0,0.0
ctrgcn,coord_noise_severe,255,27,make a phone call/answer phone,275,0.9079,0.0
ctrgcn,coord_noise_severe,255,28,playing with phone/tablet,275,0.6958,0.1855
ctrgcn,coord_noise_severe,255,29,typing on a keyboard,275,0.737,0.7709
ctrgcn,coord_noise_severe,255,30,pointing to something with finger,276,0.7862,0.058
ctrgcn,coord_noise_severe,255,31,taking a selfie,276,0.8889,0.0036
ctrgcn,coord_noise_severe,255,32,check time (from watch),276,0.901,0.0
ctrgcn,coord_noise_severe,255,33,rub two hands together,276,0.9034,0.0254
ctrgcn,coord_noise_severe,255,34,nod head/bow,276,0.971,0.0
ctrgcn,coord_noise_severe,255,35,shake head,275,0.9503,0.0036
ctrgcn,coord_noise_severe,255,36,wipe face,276,0.8551,0.3297
ctrgcn,coord_noise_severe,255,37,salute,276,0.93,0.0036
ctrgcn,coord_noise_severe,255,38,put the palms together,276,0.9239,0.0
ctrgcn,coord_noise_severe,255,39,cross hands in front (say stop),276,0.936,0.058
ctrgcn,coord_noise_severe,255,40,sneeze/cough,276,0.7403,0.0
ctrgcn,coord_noise_severe,255,41,staggering,276,0.9867,0.0
ctrgcn,coord_noise_severe,255,42,falling,275,0.9939,0.1818
ctrgcn,coord_noise_severe,255,43,touch head (headache),276,0.8345,0.2355
ctrgcn,coord_noise_severe,255,44,touch chest (stomachache/heart pain),276,0.9215,0.0
ctrgcn,coord_noise_severe,255,45,touch back (backache),276,0.9444,0.0
ctrgcn,coord_noise_severe,255,46,touch neck (neckache),276,0.8502,0.0
ctrgcn,coord_noise_severe,255,47,nausea or vomiting condition,275,0.8497,0.0
ctrgcn,coord_noise_severe,255,48,use a fan (with hand or paper)/feeling warm,275,0.9309,0.0
ctrgcn,coord_noise_severe,255,49,punching/slapping other person,274,0.9112,0.0
ctrgcn,coord_noise_severe,255,50,kicking other person,276,0.9541,0.0
ctrgcn,coord_noise_severe,255,51,pushing other person,276,0.9722,0.0
ctrgcn,coord_noise_severe,255,52,pat on back of other person,276,0.9143,0.0
ctrgcn,coord_noise_severe,255,53,point finger at the other person,276,0.913,0.0
ctrgcn,coord_noise_severe,255,54,hugging other person,274,0.9878,0.0
ctrgcn,coord_noise_severe,255,55,giving something to other person,276,0.9372,0.0
ctrgcn,coord_noise_severe,255,56,touch other person's pocket,275,0.9382,0.0
ctrgcn,coord_noise_severe,255,57,handshaking,276,0.9589,0.0036
ctrgcn,coord_noise_severe,255,58,walking towards each other,273,0.9963,0.1648
ctrgcn,coord_noise_severe,255,59,walking apart from each other,276,0.9638,0.0109
ctrgcn,coord_noise_severe,2026,0,drink water,274,0.8601,0.0
ctrgcn,coord_noise_severe,2026,1,eat meal/snack,275,0.7261,0.0
ctrgcn,coord_noise_severe,2026,2,brushing teeth,273,0.873,0.0
ctrgcn,coord_noise_severe,2026,3,brushing hair,273,0.917,0.0
ctrgcn,coord_noise_severe,2026,4,drop,275,0.8873,0.0
ctrgcn,coord_noise_severe,2026,5,pickup,275,0.9697,0.0
ctrgcn,coord_noise_severe,2026,6,throw,275,0.9321,0.0
ctrgcn,coord_noise_severe,2026,7,sitting down,273,0.9683,0.0
ctrgcn,coord_noise_severe,2026,8,standing up (from sitting position),273,0.9792,0.0
ctrgcn,coord_noise_severe,2026,9,clapping,273,0.7741,0.1392
ctrgcn,coord_noise_severe,2026,10,reading,273,0.6496,0.0
ctrgcn,coord_noise_severe,2026,11,writing,272,0.6201,0.1507
ctrgcn,coord_noise_severe,2026,12,tear up paper,271,0.9213,0.0
ctrgcn,coord_noise_severe,2026,13,wear jacket,275,0.9782,0.0036
ctrgcn,coord_noise_severe,2026,14,take off jacket,276,0.9843,0.0
ctrgcn,coord_noise_severe,2026,15,wear a shoe,273,0.8083,0.0147
ctrgcn,coord_noise_severe,2026,16,take off a shoe,274,0.8382,0.0
ctrgcn,coord_noise_severe,2026,17,wear on glasses,273,0.9084,0.0
ctrgcn,coord_noise_severe,2026,18,take off glasses,274,0.944,0.0
ctrgcn,coord_noise_severe,2026,19,put on a hat/cap,272,0.9596,0.0
ctrgcn,coord_noise_severe,2026,20,take off a hat/cap,273,0.9744,0.0
ctrgcn,coord_noise_severe,2026,21,cheer up,274,0.9258,0.0
ctrgcn,coord_noise_severe,2026,22,hand waving,274,0.9173,0.062
ctrgcn,coord_noise_severe,2026,23,kicking something,276,0.9529,0.0
ctrgcn,coord_noise_severe,2026,24,reach into pocket,274,0.8358,0.0
ctrgcn,coord_noise_severe,2026,25,hopping (one foot jumping),275,0.9891,0.0
ctrgcn,coord_noise_severe,2026,26,jump up,276,1.0,0.0
ctrgcn,coord_noise_severe,2026,27,make a phone call/answer phone,275,0.9079,0.0
ctrgcn,coord_noise_severe,2026,28,playing with phone/tablet,275,0.6958,0.8727
ctrgcn,coord_noise_severe,2026,29,typing on a keyboard,275,0.737,0.0
ctrgcn,coord_noise_severe,2026,30,pointing to something with finger,276,0.7862,0.0036
ctrgcn,coord_noise_severe,2026,31,taking a selfie,276,0.8889,0.0942
ctrgcn,coord_noise_severe,2026,32,check time (from watch),276,0.901,0.0036
ctrgcn,coord_noise_severe,2026,33,rub two hands together,276,0.9034,0.0
ctrgcn,coord_noise_severe,2026,34,nod head/bow,276,0.971,0.0181
ctrgcn,coord_noise_severe,2026,35,shake head,275,0.9503,0.1236
ctrgcn,coord_noise_severe,2026,36,wipe face,276,0.8551,0.0326
ctrgcn,coord_noise_severe,2026,37,salute,276,0.93,0.0072
ctrgcn,coord_noise_severe,2026,38,put the palms together,276,0.9239,0.0
ctrgcn,coord_noise_severe,2026,39,cross hands in front (say stop),276,0.936,0.0
ctrgcn,coord_noise_severe,2026,40,sneeze/cough,276,0.7403,0.0
ctrgcn,coord_noise_severe,2026,41,staggering,276,0.9867,0.0
ctrgcn,coord_noise_severe,2026,42,falling,275,0.9939,0.0582
ctrgcn,coord_noise_severe,2026,43,touch head (headache),276,0.8345,0.0
ctrgcn,coord_noise_severe,2026,44,touch chest (stomachache/heart pain),276,0.9215,0.0
ctrgcn,coord_noise_severe,2026,45,touch back (backache),276,0.9444,0.0
ctrgcn,coord_noise_severe,2026,46,touch neck (neckache),276,0.8502,0.0072
ctrgcn,coord_noise_severe,2026,47,nausea or vomiting condition,275,0.8497,0.0109
ctrgcn,coord_noise_severe,2026,48,use a fan (with hand or paper)/feeling warm,275,0.9309,0.4909
ctrgcn,coord_noise_severe,2026,49,punching/slapping other person,274,0.9112,0.0
ctrgcn,coord_noise_severe,2026,50,kicking other person,276,0.9541,0.0
ctrgcn,coord_noise_severe,2026,51,pushing other person,276,0.9722,0.0
ctrgcn,coord_noise_severe,2026,52,pat on back of other person,276,0.9143,0.087
ctrgcn,coord_noise_severe,2026,53,point finger at the other person,276,0.913,0.0
ctrgcn,coord_noise_severe,2026,54,hugging other person,274,0.9878,0.0
ctrgcn,coord_noise_severe,2026,55,giving something to other person,276,0.9372,0.0
ctrgcn,coord_noise_severe,2026,56,touch other person's pocket,275,0.9382,0.0
ctrgcn,coord_noise_severe,2026,57,handshaking,276,0.9589,0.0
ctrgcn,coord_noise_severe,2026,58,walking towards each other,273,0.9963,0.022
ctrgcn,coord_noise_severe,2026,59,walking apart from each other,276,0.9638,0.1268
ctrgcn,coord_noise_severe,3407,0,drink water,274,0.8601,0.0
ctrgcn,coord_noise_severe,3407,1,eat meal/snack,275,0.7261,0.0
ctrgcn,coord_noise_severe,3407,2,brushing teeth,273,0.873,0.0
ctrgcn,coord_noise_severe,3407,3,brushing hair,273,0.917,0.0
ctrgcn,coord_noise_severe,3407,4,drop,275,0.8873,0.0
ctrgcn,coord_noise_severe,3407,5,pickup,275,0.9697,0.1818
ctrgcn,coord_noise_severe,3407,6,throw,275,0.9321,0.0036
ctrgcn,coord_noise_severe,3407,7,sitting down,273,0.9683,0.0952
ctrgcn,coord_noise_severe,3407,8,standing up (from sitting position),273,0.9792,0.0147
ctrgcn,coord_noise_severe,3407,9,clapping,273,0.7741,0.0
ctrgcn,coord_noise_severe,3407,10,reading,273,0.6496,0.0
ctrgcn,coord_noise_severe,3407,11,writing,272,0.6201,0.2279
ctrgcn,coord_noise_severe,3407,12,tear up paper,271,0.9213,0.0
ctrgcn,coord_noise_severe,3407,13,wear jacket,275,0.9782,0.0
ctrgcn,coord_noise_severe,3407,14,take off jacket,276,0.9843,0.0
ctrgcn,coord_noise_severe,3407,15,wear a shoe,273,0.8083,0.0073
ctrgcn,coord_noise_severe,3407,16,take off a shoe,274,0.8382,0.0036
ctrgcn,coord_noise_severe,3407,17,wear on glasses,273,0.9084,0.0
ctrgcn,coord_noise_severe,3407,18,take off glasses,274,0.944,0.0
ctrgcn,coord_noise_severe,3407,19,put on a hat/cap,272,0.9596,0.0
ctrgcn,coord_noise_severe,3407,20,take off a hat/cap,273,0.9744,0.0
ctrgcn,coord_noise_severe,3407,21,cheer up,274,0.9258,0.0073
ctrgcn,coord_noise_severe,3407,22,hand waving,274,0.9173,0.0
ctrgcn,coord_noise_severe,3407,23,kicking something,276,0.9529,0.0
ctrgcn,coord_noise_severe,3407,24,reach into pocket,274,0.8358,0.0
ctrgcn,coord_noise_severe,3407,25,hopping (one foot jumping),275,0.9891,0.0
ctrgcn,coord_noise_severe,3407,26,jump up,276,1.0,0.0
ctrgcn,coord_noise_severe,3407,27,make a phone call/answer phone,275,0.9079,0.0
ctrgcn,coord_noise_severe,3407,28,playing with phone/tablet,275,0.6958,0.0
ctrgcn,coord_noise_severe,3407,29,typing on a keyboard,275,0.737,0.1273
ctrgcn,coord_noise_severe,3407,30,pointing to something with finger,276,0.7862,0.0797
ctrgcn,coord_noise_severe,3407,31,taking a selfie,276,0.8889,0.0072
ctrgcn,coord_noise_severe,3407,32,check time (from watch),276,0.901,0.0
ctrgcn,coord_noise_severe,3407,33,rub two hands together,276,0.9034,0.0072
ctrgcn,coord_noise_severe,3407,34,nod head/bow,276,0.971,0.0036
ctrgcn,coord_noise_severe,3407,35,shake head,275,0.9503,0.0
ctrgcn,coord_noise_severe,3407,36,wipe face,276,0.8551,0.0036
ctrgcn,coord_noise_severe,3407,37,salute,276,0.93,0.0072
ctrgcn,coord_noise_severe,3407,38,put the palms together,276,0.9239,0.0
ctrgcn,coord_noise_severe,3407,39,cross hands in front (say stop),276,0.936,0.1123
ctrgcn,coord_noise_severe,3407,40,sneeze/cough,276,0.7403,0.0036
ctrgcn,coord_noise_severe,3407,41,staggering,276,0.9867,0.0
ctrgcn,coord_noise_severe,3407,42,falling,275,0.9939,0.6945
ctrgcn,coord_noise_severe,3407,43,touch head (headache),276,0.8345,0.0
ctrgcn,coord_noise_severe,3407,44,touch chest (stomachache/heart pain),276,0.9215,0.0
ctrgcn,coord_noise_severe,3407,45,touch back (backache),276,0.9444,0.0
ctrgcn,coord_noise_severe,3407,46,touch neck (neckache),276,0.8502,0.0
ctrgcn,coord_noise_severe,3407,47,nausea or vomiting condition,275,0.8497,0.0145
ctrgcn,coord_noise_severe,3407,48,use a fan (with hand or paper)/feeling warm,275,0.9309,0.9709
ctrgcn,coord_noise_severe,3407,49,punching/slapping other person,274,0.9112,0.0
ctrgcn,coord_noise_severe,3407,50,kicking other person,276,0.9541,0.0
ctrgcn,coord_noise_severe,3407,51,pushing other person,276,0.9722,0.0
ctrgcn,coord_noise_severe,3407,52,pat on back of other person,276,0.9143,0.0
ctrgcn,coord_noise_severe,3407,53,point finger at the other person,276,0.913,0.0
ctrgcn,coord_noise_severe,3407,54,hugging other person,274,0.9878,0.0219
ctrgcn,coord_noise_severe,3407,55,giving something to other person,276,0.9372,0.0
ctrgcn,coord_noise_severe,3407,56,touch other person's pocket,275,0.9382,0.0
ctrgcn,coord_noise_severe,3407,57,handshaking,276,0.9589,0.0
ctrgcn,coord_noise_severe,3407,58,walking towards each other,273,0.9963,0.0073
ctrgcn,coord_noise_severe,3407,59,walking apart from each other,276,0.9638,0.029
ctrgcn,frame_missing_severe,255,0,drink water,274,0.8601,0.3796
ctrgcn,frame_missing_severe,255,1,eat meal/snack,275,0.7261,0.3091
ctrgcn,frame_missing_severe,255,2,brushing teeth,273,0.873,0.8608
ctrgcn,frame_missing_severe,255,3,brushing hair,273,0.917,0.652
ctrgcn,frame_missing_severe,255,4,drop,275,0.8873,0.5636
ctrgcn,frame_missing_severe,255,5,pickup,275,0.9697,0.3964
ctrgcn,frame_missing_severe,255,6,throw,275,0.9321,0.5345
ctrgcn,frame_missing_severe,255,7,sitting down,273,0.9683,0.5861
ctrgcn,frame_missing_severe,255,8,standing up (from sitting position),273,0.9792,0.6923
ctrgcn,frame_missing_severe,255,9,clapping,273,0.7741,0.7949
ctrgcn,frame_missing_severe,255,10,reading,273,0.6496,0.1429
ctrgcn,frame_missing_severe,255,11,writing,272,0.6201,0.1654
ctrgcn,frame_missing_severe,255,12,tear up paper,271,0.9213,0.6347
ctrgcn,frame_missing_severe,255,13,wear jacket,275,0.9782,0.7636
ctrgcn,frame_missing_severe,255,14,take off jacket,276,0.9843,0.7572
ctrgcn,frame_missing_severe,255,15,wear a shoe,273,0.8083,0.2344
ctrgcn,frame_missing_severe,255,16,take off a shoe,274,0.8382,0.2409
ctrgcn,frame_missing_severe,255,17,wear on glasses,273,0.9084,0.6447
ctrgcn,frame_missing_severe,255,18,take off glasses,274,0.944,0.4489
ctrgcn,frame_missing_severe,255,19,put on a hat/cap,272,0.9596,0.5221
ctrgcn,frame_missing_severe,255,20,take off a hat/cap,273,0.9744,0.3919
ctrgcn,frame_missing_severe,255,21,cheer up,274,0.9258,0.9051
ctrgcn,frame_missing_severe,255,22,hand waving,274,0.9173,0.7482
ctrgcn,frame_missing_severe,255,23,kicking something,276,0.9529,0.6123
ctrgcn,frame_missing_severe,255,24,reach into pocket,274,0.8358,0.281
ctrgcn,frame_missing_severe,255,25,hopping (one foot jumping),275,0.9891,0.8545
ctrgcn,frame_missing_severe,255,26,jump up,276,1.0,0.7536
ctrgcn,frame_missing_severe,255,27,make a phone call/answer phone,275,0.9079,0.3491
ctrgcn,frame_missing_severe,255,28,playing with phone/tablet,275,0.6958,0.1782
ctrgcn,frame_missing_severe,255,29,typing on a keyboard,275,0.737,0.3818
ctrgcn,frame_missing_severe,255,30,pointing to something with finger,276,0.7862,0.6739
ctrgcn,frame_missing_severe,255,31,taking a selfie,276,0.8889,0.3841
ctrgcn,frame_missing_severe,255,32,check time (from watch),276,0.901,0.2826
ctrgcn,frame_missing_severe,255,33,rub two hands together,276,0.9034,0.4601
ctrgcn,frame_missing_severe,255,34,nod head/bow,276,0.971,0.8514
ctrgcn,frame_missing_severe,255,35,shake head,275,0.9503,0.2582
ctrgcn,frame_missing_severe,255,36,wipe face,276,0.8551,0.4783
ctrgcn,frame_missing_severe,255,37,salute,276,0.93,0.75
ctrgcn,frame_missing_severe,255,38,put the palms together,276,0.9239,0.692
ctrgcn,frame_missing_severe,255,39,cross hands in front (say stop),276,0.936,0.529
ctrgcn,frame_missing_severe,255,40,sneeze/cough,276,0.7403,0.4275
ctrgcn,frame_missing_severe,255,41,staggering,276,0.9867,0.7572
ctrgcn,frame_missing_severe,255,42,falling,275,0.9939,0.4836
ctrgcn,frame_missing_severe,255,43,touch head (headache),276,0.8345,0.4312
ctrgcn,frame_missing_severe,255,44,touch chest (stomachache/heart pain),276,0.9215,0.6775
ctrgcn,frame_missing_severe,255,45,touch back (backache),276,0.9444,0.6775
ctrgcn,frame_missing_severe,255,46,touch neck (neckache),276,0.8502,0.2246
ctrgcn,frame_missing_severe,255,47,nausea or vomiting condition,275,0.8497,0.3782
ctrgcn,frame_missing_severe,255,48,use a fan (with hand or paper)/feeling warm,275,0.9309,0.6218
ctrgcn,frame_missing_severe,255,49,punching/slapping other person,274,0.9112,0.4672
ctrgcn,frame_missing_severe,255,50,kicking other person,276,0.9541,0.5254
ctrgcn,frame_missing_severe,255,51,pushing other person,276,0.9722,0.6087
ctrgcn,frame_missing_severe,255,52,pat on back of other person,276,0.9143,0.7319
ctrgcn,frame_missing_severe,255,53,point finger at the other person,276,0.913,0.4312
ctrgcn,frame_missing_severe,255,54,hugging other person,274,0.9878,0.7226
ctrgcn,frame_missing_severe,255,55,giving something to other person,276,0.9372,0.5036
ctrgcn,frame_missing_severe,255,56,touch other person's pocket,275,0.9382,0.3127
ctrgcn,frame_missing_severe,255,57,handshaking,276,0.9589,0.3913
ctrgcn,frame_missing_severe,255,58,walking towards each other,273,0.9963,0.9524
ctrgcn,frame_missing_severe,255,59,walking apart from each other,276,0.9638,0.9384
ctrgcn,frame_missing_severe,2026,0,drink water,274,0.8601,0.4526
ctrgcn,frame_missing_severe,2026,1,eat meal/snack,275,0.7261,0.3527
ctrgcn,frame_missing_severe,2026,2,brushing teeth,273,0.873,0.8022
ctrgcn,frame_missing_severe,2026,3,brushing hair,273,0.917,0.7436
ctrgcn,frame_missing_severe,2026,4,drop,275,0.8873,0.7382
ctrgcn,frame_missing_severe,2026,5,pickup,275,0.9697,0.7018
ctrgcn,frame_missing_severe,2026,6,throw,275,0.9321,0.5127
ctrgcn,frame_missing_severe,2026,7,sitting down,273,0.9683,0.7216
ctrgcn,frame_missing_severe,2026,8,standing up (from sitting position),273,0.9792,0.7509
ctrgcn,frame_missing_severe,2026,9,clapping,273,0.7741,0.6374
ctrgcn,frame_missing_severe,2026,10,reading,273,0.6496,0.3883
ctrgcn,frame_missing_severe,2026,11,writing,272,0.6201,0.1397
ctrgcn,frame_missing_severe,2026,12,tear up paper,271,0.9213,0.6642
ctrgcn,frame_missing_severe,2026,13,wear jacket,275,0.9782,0.8218
ctrgcn,frame_missing_severe,2026,14,take off jacket,276,0.9843,0.5978
ctrgcn,frame_missing_severe,2026,15,wear a shoe,273,0.8083,0.2564
ctrgcn,frame_missing_severe,2026,16,take off a shoe,274,0.8382,0.4124
ctrgcn,frame_missing_severe,2026,17,wear on glasses,273,0.9084,0.5641
ctrgcn,frame_missing_severe,2026,18,take off glasses,274,0.944,0.5401
ctrgcn,frame_missing_severe,2026,19,put on a hat/cap,272,0.9596,0.5074
ctrgcn,frame_missing_severe,2026,20,take off a hat/cap,273,0.9744,0.381
ctrgcn,frame_missing_severe,2026,21,cheer up,274,0.9258,0.9234
ctrgcn,frame_missing_severe,2026,22,hand waving,274,0.9173,0.8467
ctrgcn,frame_missing_severe,2026,23,kicking something,276,0.9529,0.4964
ctrgcn,frame_missing_severe,2026,24,reach into pocket,274,0.8358,0.2226
ctrgcn,frame_missing_severe,2026,25,hopping (one foot jumping),275,0.9891,0.8873
ctrgcn,frame_missing_severe,2026,26,jump up,276,1.0,0.7645
ctrgcn,frame_missing_severe,2026,27,make a phone call/answer phone,275,0.9079,0.3855
ctrgcn,frame_missing_severe,2026,28,playing with phone/tablet,275,0.6958,0.1964
ctrgcn,frame_missing_severe,2026,29,typing on a keyboard,275,0.737,0.6327
ctrgcn,frame_missing_severe,2026,30,pointing to something with finger,276,0.7862,0.5616
ctrgcn,frame_missing_severe,2026,31,taking a selfie,276,0.8889,0.6449
ctrgcn,frame_missing_severe,2026,32,check time (from watch),276,0.901,0.3406
ctrgcn,frame_missing_severe,2026,33,rub two hands together,276,0.9034,0.529
ctrgcn,frame_missing_severe,2026,34,nod head/bow,276,0.971,0.8297
ctrgcn,frame_missing_severe,2026,35,shake head,275,0.9503,0.68
ctrgcn,frame_missing_severe,2026,36,wipe face,276,0.8551,0.3949
ctrgcn,frame_missing_severe,2026,37,salute,276,0.93,0.8007
ctrgcn,frame_missing_severe,2026,38,put the palms together,276,0.9239,0.7935
ctrgcn,frame_missing_severe,2026,39,cross hands in front (say stop),276,0.936,0.4493
ctrgcn,frame_missing_severe,2026,40,sneeze/cough,276,0.7403,0.2572
ctrgcn,frame_missing_severe,2026,41,staggering,276,0.9867,0.6993
ctrgcn,frame_missing_severe,2026,42,falling,275,0.9939,0.7091
ctrgcn,frame_missing_severe,2026,43,touch head (headache),276,0.8345,0.471
ctrgcn,frame_missing_severe,2026,44,touch chest (stomachache/heart pain),276,0.9215,0.8116
ctrgcn,frame_missing_severe,2026,45,touch back (backache),276,0.9444,0.75
ctrgcn,frame_missing_severe,2026,46,touch neck (neckache),276,0.8502,0.2899
ctrgcn,frame_missing_severe,2026,47,nausea or vomiting condition,275,0.8497,0.4364
ctrgcn,frame_missing_severe,2026,48,use a fan (with hand or paper)/feeling warm,275,0.9309,0.7673
ctrgcn,frame_missing_severe,2026,49,punching/slapping other person,274,0.9112,0.3394
ctrgcn,frame_missing_severe,2026,50,kicking other person,276,0.9541,0.8188
ctrgcn,frame_missing_severe,2026,51,pushing other person,276,0.9722,0.4855
ctrgcn,frame_missing_severe,2026,52,pat on back of other person,276,0.9143,0.3913
ctrgcn,frame_missing_severe,2026,53,point finger at the other person,276,0.913,0.5616
ctrgcn,frame_missing_severe,2026,54,hugging other person,274,0.9878,0.6241
ctrgcn,frame_missing_severe,2026,55,giving something to other person,276,0.9372,0.6486
ctrgcn,frame_missing_severe,2026,56,touch other person's pocket,275,0.9382,0.7455
ctrgcn,frame_missing_severe,2026,57,handshaking,276,0.9589,0.3877
ctrgcn,frame_missing_severe,2026,58,walking towards each other,273,0.9963,0.9304
ctrgcn,frame_missing_severe,2026,59,walking apart from each other,276,0.9638,0.9094
ctrgcn,frame_missing_severe,3407,0,drink water,274,0.8601,0.4854
ctrgcn,frame_missing_severe,3407,1,eat meal/snack,275,0.7261,0.52
ctrgcn,frame_missing_severe,3407,2,brushing teeth,273,0.873,0.5128
ctrgcn,frame_missing_severe,3407,3,brushing hair,273,0.917,0.2821
ctrgcn,frame_missing_severe,3407,4,drop,275,0.8873,0.7418
ctrgcn,frame_missing_severe,3407,5,pickup,275,0.9697,0.4509
ctrgcn,frame_missing_severe,3407,6,throw,275,0.9321,0.6145
ctrgcn,frame_missing_severe,3407,7,sitting down,273,0.9683,0.5531
ctrgcn,frame_missing_severe,3407,8,standing up (from sitting position),273,0.9792,0.7253
ctrgcn,frame_missing_severe,3407,9,clapping,273,0.7741,0.4432
ctrgcn,frame_missing_severe,3407,10,reading,273,0.6496,0.1136
ctrgcn,frame_missing_severe,3407,11,writing,272,0.6201,0.0441
ctrgcn,frame_missing_severe,3407,12,tear up paper,271,0.9213,0.5572
ctrgcn,frame_missing_severe,3407,13,wear jacket,275,0.9782,0.7164
ctrgcn,frame_missing_severe,3407,14,take off jacket,276,0.9843,0.6087
ctrgcn,frame_missing_severe,3407,15,wear a shoe,273,0.8083,0.3297
ctrgcn,frame_missing_severe,3407,16,take off a shoe,274,0.8382,0.3285
ctrgcn,frame_missing_severe,3407,17,wear on glasses,273,0.9084,0.5934
ctrgcn,frame_missing_severe,3407,18,take off glasses,274,0.944,0.3869
ctrgcn,frame_missing_severe,3407,19,put on a hat/cap,272,0.9596,0.5625
ctrgcn,frame_missing_severe,3407,20,take off a hat/cap,273,0.9744,0.2821
ctrgcn,frame_missing_severe,3407,21,cheer up,274,0.9258,0.9343
ctrgcn,frame_missing_severe,3407,22,hand waving,274,0.9173,0.7007
ctrgcn,frame_missing_severe,3407,23,kicking something,276,0.9529,0.6014
ctrgcn,frame_missing_severe,3407,24,reach into pocket,274,0.8358,0.4088
ctrgcn,frame_missing_severe,3407,25,hopping (one foot jumping),275,0.9891,0.7418
ctrgcn,frame_missing_severe,3407,26,jump up,276,1.0,0.7391
ctrgcn,frame_missing_severe,3407,27,make a phone call/answer phone,275,0.9079,0.5964
ctrgcn,frame_missing_severe,3407,28,playing with phone/tablet,275,0.6958,0.0618
ctrgcn,frame_missing_severe,3407,29,typing on a keyboard,275,0.737,0.1709
ctrgcn,frame_missing_severe,3407,30,pointing to something with finger,276,0.7862,0.6413
ctrgcn,frame_missing_severe,3407,31,taking a selfie,276,0.8889,0.6558
ctrgcn,frame_missing_severe,3407,32,check time (from watch),276,0.901,0.3043
ctrgcn,frame_missing_severe,3407,33,rub two hands together,276,0.9034,0.558
ctrgcn,frame_missing_severe,3407,34,nod head/bow,276,0.971,0.913
ctrgcn,frame_missing_severe,3407,35,shake head,275,0.9503,0.6036
ctrgcn,frame_missing_severe,3407,36,wipe face,276,0.8551,0.5543
ctrgcn,frame_missing_severe,3407,37,salute,276,0.93,0.7572
ctrgcn,frame_missing_severe,3407,38,put the palms together,276,0.9239,0.7428
ctrgcn,frame_missing_severe,3407,39,cross hands in front (say stop),276,0.936,0.3116
ctrgcn,frame_missing_severe,3407,40,sneeze/cough,276,0.7403,0.3152
ctrgcn,frame_missing_severe,3407,41,staggering,276,0.9867,0.3551
ctrgcn,frame_missing_severe,3407,42,falling,275,0.9939,0.5382
ctrgcn,frame_missing_severe,3407,43,touch head (headache),276,0.8345,0.3732
ctrgcn,frame_missing_severe,3407,44,touch chest (stomachache/heart pain),276,0.9215,0.6268
ctrgcn,frame_missing_severe,3407,45,touch back (backache),276,0.9444,0.837
ctrgcn,frame_missing_severe,3407,46,touch neck (neckache),276,0.8502,0.3623
ctrgcn,frame_missing_severe,3407,47,nausea or vomiting condition,275,0.8497,0.4473
ctrgcn,frame_missing_severe,3407,48,use a fan (with hand or paper)/feeling warm,275,0.9309,0.6873
ctrgcn,frame_missing_severe,3407,49,punching/slapping other person,274,0.9112,0.5255
ctrgcn,frame_missing_severe,3407,50,kicking other person,276,0.9541,0.7391
ctrgcn,frame_missing_severe,3407,51,pushing other person,276,0.9722,0.5072
ctrgcn,frame_missing_severe,3407,52,pat on back of other person,276,0.9143,0.6449
ctrgcn,frame_missing_severe,3407,53,point finger at the other person,276,0.913,0.4312
ctrgcn,frame_missing_severe,3407,54,hugging other person,274,0.9878,0.7044
ctrgcn,frame_missing_severe,3407,55,giving something to other person,276,0.9372,0.5399
ctrgcn,frame_missing_severe,3407,56,touch other person's pocket,275,0.9382,0.3345
ctrgcn,frame_missing_severe,3407,57,handshaking,276,0.9589,0.3949
ctrgcn,frame_missing_severe,3407,58,walking towards each other,273,0.9963,0.967
ctrgcn,frame_missing_severe,3407,59,walking apart from each other,276,0.9638,0.8623
ctrgcn,mixed_severe,255,0,drink water,274,0.8601,0.1058
ctrgcn,mixed_severe,255,1,eat meal/snack,275,0.7261,0.0655
ctrgcn,mixed_severe,255,2,brushing teeth,273,0.873,0.1062
ctrgcn,mixed_severe,255,3,brushing hair,273,0.917,0.1026
ctrgcn,mixed_severe,255,4,drop,275,0.8873,0.0909
ctrgcn,mixed_severe,255,5,pickup,275,0.9697,0.0509
ctrgcn,mixed_severe,255,6,throw,275,0.9321,0.0909
ctrgcn,mixed_severe,255,7,sitting down,273,0.9683,0.0696
ctrgcn,mixed_severe,255,8,standing up (from sitting position),273,0.9792,0.0952
ctrgcn,mixed_severe,255,9,clapping,273,0.7741,0.0952
ctrgcn,mixed_severe,255,10,reading,273,0.6496,0.033
ctrgcn,mixed_severe,255,11,writing,272,0.6201,0.1471
ctrgcn,mixed_severe,255,12,tear up paper,271,0.9213,0.0886
ctrgcn,mixed_severe,255,13,wear jacket,275,0.9782,0.12
ctrgcn,mixed_severe,255,14,take off jacket,276,0.9843,0.1232
ctrgcn,mixed_severe,255,15,wear a shoe,273,0.8083,0.0147
ctrgcn,mixed_severe,255,16,take off a shoe,274,0.8382,0.0438
ctrgcn,mixed_severe,255,17,wear on glasses,273,0.9084,0.0733
ctrgcn,mixed_severe,255,18,take off glasses,274,0.944,0.1423
ctrgcn,mixed_severe,255,19,put on a hat/cap,272,0.9596,0.1507
ctrgcn,mixed_severe,255,20,take off a hat/cap,273,0.9744,0.1355
ctrgcn,mixed_severe,255,21,cheer up,274,0.9258,0.0985
ctrgcn,mixed_severe,255,22,hand waving,274,0.9173,0.3577
ctrgcn,mixed_severe,255,23,kicking something,276,0.9529,0.0833
ctrgcn,mixed_severe,255,24,reach into pocket,274,0.8358,0.062
ctrgcn,mixed_severe,255,25,hopping (one foot jumping),275,0.9891,0.1091
ctrgcn,mixed_severe,255,26,jump up,276,1.0,0.163
ctrgcn,mixed_severe,255,27,make a phone call/answer phone,275,0.9079,0.0655
ctrgcn,mixed_severe,255,28,playing with phone/tablet,275,0.6958,0.12
ctrgcn,mixed_severe,255,29,typing on a keyboard,275,0.737,0.3164
ctrgcn,mixed_severe,255,30,pointing to something with finger,276,0.7862,0.1123
ctrgcn,mixed_severe,255,31,taking a selfie,276,0.8889,0.0507
ctrgcn,mixed_severe,255,32,check time (from watch),276,0.901,0.0652
ctrgcn,mixed_severe,255,33,rub two hands together,276,0.9034,0.0797
ctrgcn,mixed_severe,255,34,nod head/bow,276,0.971,0.1522
ctrgcn,mixed_severe,255,35,shake head,275,0.9503,0.12
ctrgcn,mixed_severe,255,36,wipe face,276,0.8551,0.1667
ctrgcn,mixed_severe,255,37,salute,276,0.93,0.1268
ctrgcn,mixed_severe,255,38,put the palms together,276,0.9239,0.0688
ctrgcn,mixed_severe,255,39,cross hands in front (say stop),276,0.936,0.087
ctrgcn,mixed_severe,255,40,sneeze/cough,276,0.7403,0.0543
ctrgcn,mixed_severe,255,41,staggering,276,0.9867,0.058
ctrgcn,mixed_severe,255,42,falling,275,0.9939,0.0982
ctrgcn,mixed_severe,255,43,touch head (headache),276,0.8345,0.0906
ctrgcn,mixed_severe,255,44,touch chest (stomachache/heart pain),276,0.9215,0.1087
ctrgcn,mixed_severe,255,45,touch back (backache),276,0.9444,0.0942
ctrgcn,mixed_severe,255,46,touch neck (neckache),276,0.8502,0.0616
ctrgcn,mixed_severe,255,47,nausea or vomiting condition,275,0.8497,0.0436
ctrgcn,mixed_severe,255,48,use a fan (with hand or paper)/feeling warm,275,0.9309,0.0836
ctrgcn,mixed_severe,255,49,punching/slapping other person,274,0.9112,0.1131
ctrgcn,mixed_severe,255,50,kicking other person,276,0.9541,0.0978
ctrgcn,mixed_severe,255,51,pushing other person,276,0.9722,0.0833
ctrgcn,mixed_severe,255,52,pat on back of other person,276,0.9143,0.2355
ctrgcn,mixed_severe,255,53,point finger at the other person,276,0.913,0.0833
ctrgcn,mixed_severe,255,54,hugging other person,274,0.9878,0.1168
ctrgcn,mixed_severe,255,55,giving something to other person,276,0.9372,0.0833
ctrgcn,mixed_severe,255,56,touch other person's pocket,275,0.9382,0.0836
ctrgcn,mixed_severe,255,57,handshaking,276,0.9589,0.2355
ctrgcn,mixed_severe,255,58,walking towards each other,273,0.9963,0.2894
ctrgcn,mixed_severe,255,59,walking apart from each other,276,0.9638,0.1775
ctrgcn,mixed_severe,2026,0,drink water,274,0.8601,0.0803
ctrgcn,mixed_severe,2026,1,eat meal/snack,275,0.7261,0.0691
ctrgcn,mixed_severe,2026,2,brushing teeth,273,0.873,0.0733
ctrgcn,mixed_severe,2026,3,brushing hair,273,0.917,0.1026
ctrgcn,mixed_severe,2026,4,drop,275,0.8873,0.1527
ctrgcn,mixed_severe,2026,5,pickup,275,0.9697,0.0764
ctrgcn,mixed_severe,2026,6,throw,275,0.9321,0.0945
ctrgcn,mixed_severe,2026,7,sitting down,273,0.9683,0.0806
ctrgcn,mixed_severe,2026,8,standing up (from sitting position),273,0.9792,0.0916
ctrgcn,mixed_severe,2026,9,clapping,273,0.7741,0.0806
ctrgcn,mixed_severe,2026,10,reading,273,0.6496,0.0659
ctrgcn,mixed_severe,2026,11,writing,272,0.6201,0.0919
ctrgcn,mixed_severe,2026,12,tear up paper,271,0.9213,0.1033
ctrgcn,mixed_severe,2026,13,wear jacket,275,0.9782,0.0982
ctrgcn,mixed_severe,2026,14,take off jacket,276,0.9843,0.1123
ctrgcn,mixed_severe,2026,15,wear a shoe,273,0.8083,0.0256
ctrgcn,mixed_severe,2026,16,take off a shoe,274,0.8382,0.0547
ctrgcn,mixed_severe,2026,17,wear on glasses,273,0.9084,0.1062
ctrgcn,mixed_severe,2026,18,take off glasses,274,0.944,0.1204
ctrgcn,mixed_severe,2026,19,put on a hat/cap,272,0.9596,0.0882
ctrgcn,mixed_severe,2026,20,take off a hat/cap,273,0.9744,0.1026
ctrgcn,mixed_severe,2026,21,cheer up,274,0.9258,0.1022
ctrgcn,mixed_severe,2026,22,hand waving,274,0.9173,0.219
ctrgcn,mixed_severe,2026,23,kicking something,276,0.9529,0.0797
ctrgcn,mixed_severe,2026,24,reach into pocket,274,0.8358,0.0912
ctrgcn,mixed_severe,2026,25,hopping (one foot jumping),275,0.9891,0.12
ctrgcn,mixed_severe,2026,26,jump up,276,1.0,0.1377
ctrgcn,mixed_severe,2026,27,make a phone call/answer phone,275,0.9079,0.0545
ctrgcn,mixed_severe,2026,28,playing with phone/tablet,275,0.6958,0.2145
ctrgcn,mixed_severe,2026,29,typing on a keyboard,275,0.737,0.3273
ctrgcn,mixed_severe,2026,30,pointing to something with finger,276,0.7862,0.1014
ctrgcn,mixed_severe,2026,31,taking a selfie,276,0.8889,0.1014
ctrgcn,mixed_severe,2026,32,check time (from watch),276,0.901,0.058
ctrgcn,mixed_severe,2026,33,rub two hands together,276,0.9034,0.058
ctrgcn,mixed_severe,2026,34,nod head/bow,276,0.971,0.1341
ctrgcn,mixed_severe,2026,35,shake head,275,0.9503,0.2764
ctrgcn,mixed_severe,2026,36,wipe face,276,0.8551,0.0797
ctrgcn,mixed_severe,2026,37,salute,276,0.93,0.1087
ctrgcn,mixed_severe,2026,38,put the palms together,276,0.9239,0.1051
ctrgcn,mixed_severe,2026,39,cross hands in front (say stop),276,0.936,0.0507
ctrgcn,mixed_severe,2026,40,sneeze/cough,276,0.7403,0.0362
ctrgcn,mixed_severe,2026,41,staggering,276,0.9867,0.0652
ctrgcn,mixed_severe,2026,42,falling,275,0.9939,0.0945
ctrgcn,mixed_severe,2026,43,touch head (headache),276,0.8345,0.0652
ctrgcn,mixed_severe,2026,44,touch chest (stomachache/heart pain),276,0.9215,0.1159
ctrgcn,mixed_severe,2026,45,touch back (backache),276,0.9444,0.1123
ctrgcn,mixed_severe,2026,46,touch neck (neckache),276,0.8502,0.0507
ctrgcn,mixed_severe,2026,47,nausea or vomiting condition,275,0.8497,0.0436
ctrgcn,mixed_severe,2026,48,use a fan (with hand or paper)/feeling warm,275,0.9309,0.5055
ctrgcn,mixed_severe,2026,49,punching/slapping other person,274,0.9112,0.0657
ctrgcn,mixed_severe,2026,50,kicking other person,276,0.9541,0.0906
ctrgcn,mixed_severe,2026,51,pushing other person,276,0.9722,0.0725
ctrgcn,mixed_severe,2026,52,pat on back of other person,276,0.9143,0.1558
ctrgcn,mixed_severe,2026,53,point finger at the other person,276,0.913,0.0725
ctrgcn,mixed_severe,2026,54,hugging other person,274,0.9878,0.1277
ctrgcn,mixed_severe,2026,55,giving something to other person,276,0.9372,0.0942
ctrgcn,mixed_severe,2026,56,touch other person's pocket,275,0.9382,0.1782
ctrgcn,mixed_severe,2026,57,handshaking,276,0.9589,0.1304
ctrgcn,mixed_severe,2026,58,walking towards each other,273,0.9963,0.1465
ctrgcn,mixed_severe,2026,59,walking apart from each other,276,0.9638,0.2899
ctrgcn,mixed_severe,3407,0,drink water,274,0.8601,0.0985
ctrgcn,mixed_severe,3407,1,eat meal/snack,275,0.7261,0.1018
ctrgcn,mixed_severe,3407,2,brushing teeth,273,0.873,0.0586
ctrgcn,mixed_severe,3407,3,brushing hair,273,0.917,0.0586
ctrgcn,mixed_severe,3407,4,drop,275,0.8873,0.2073
ctrgcn,mixed_severe,3407,5,pickup,275,0.9697,0.0655
ctrgcn,mixed_severe,3407,6,throw,275,0.9321,0.1418
ctrgcn,mixed_severe,3407,7,sitting down,273,0.9683,0.0769
ctrgcn,mixed_severe,3407,8,standing up (from sitting position),273,0.9792,0.1026
ctrgcn,mixed_severe,3407,9,clapping,273,0.7741,0.0549
ctrgcn,mixed_severe,3407,10,reading,273,0.6496,0.033
ctrgcn,mixed_severe,3407,11,writing,272,0.6201,0.1728
ctrgcn,mixed_severe,3407,12,tear up paper,271,0.9213,0.0849
ctrgcn,mixed_severe,3407,13,wear jacket,275,0.9782,0.0909
ctrgcn,mixed_severe,3407,14,take off jacket,276,0.9843,0.1159
ctrgcn,mixed_severe,3407,15,wear a shoe,273,0.8083,0.0366
ctrgcn,mixed_severe,3407,16,take off a shoe,274,0.8382,0.062
ctrgcn,mixed_severe,3407,17,wear on glasses,273,0.9084,0.1319
ctrgcn,mixed_severe,3407,18,take off glasses,274,0.944,0.0949
ctrgcn,mixed_severe,3407,19,put on a hat/cap,272,0.9596,0.1176
ctrgcn,mixed_severe,3407,20,take off a hat/cap,273,0.9744,0.1026
ctrgcn,mixed_severe,3407,21,cheer up,274,0.9258,0.1131
ctrgcn,mixed_severe,3407,22,hand waving,274,0.9173,0.1423
ctrgcn,mixed_severe,3407,23,kicking something,276,0.9529,0.0833
ctrgcn,mixed_severe,3407,24,reach into pocket,274,0.8358,0.0912
ctrgcn,mixed_severe,3407,25,hopping (one foot jumping),275,0.9891,0.1055
ctrgcn,mixed_severe,3407,26,jump up,276,1.0,0.1848
ctrgcn,mixed_severe,3407,27,make a phone call/answer phone,275,0.9079,0.1091
ctrgcn,mixed_severe,3407,28,playing with phone/tablet,275,0.6958,0.1345
ctrgcn,mixed_severe,3407,29,typing on a keyboard,275,0.737,0.1127
ctrgcn,mixed_severe,3407,30,pointing to something with finger,276,0.7862,0.1377
ctrgcn,mixed_severe,3407,31,taking a selfie,276,0.8889,0.0906
ctrgcn,mixed_severe,3407,32,check time (from watch),276,0.901,0.058
ctrgcn,mixed_severe,3407,33,rub two hands together,276,0.9034,0.0942
ctrgcn,mixed_severe,3407,34,nod head/bow,276,0.971,0.192
ctrgcn,mixed_severe,3407,35,shake head,275,0.9503,0.2691
ctrgcn,mixed_severe,3407,36,wipe face,276,0.8551,0.0978
ctrgcn,mixed_severe,3407,37,salute,276,0.93,0.1304
ctrgcn,mixed_severe,3407,38,put the palms together,276,0.9239,0.1268
ctrgcn,mixed_severe,3407,39,cross hands in front (say stop),276,0.936,0.1123
ctrgcn,mixed_severe,3407,40,sneeze/cough,276,0.7403,0.0399
ctrgcn,mixed_severe,3407,41,staggering,276,0.9867,0.0399
ctrgcn,mixed_severe,3407,42,falling,275,0.9939,0.1382
ctrgcn,mixed_severe,3407,43,touch head (headache),276,0.8345,0.0543
ctrgcn,mixed_severe,3407,44,touch chest (stomachache/heart pain),276,0.9215,0.1051
ctrgcn,mixed_severe,3407,45,touch back (backache),276,0.9444,0.1377
ctrgcn,mixed_severe,3407,46,touch neck (neckache),276,0.8502,0.0652
ctrgcn,mixed_severe,3407,47,nausea or vomiting condition,275,0.8497,0.0473
ctrgcn,mixed_severe,3407,48,use a fan (with hand or paper)/feeling warm,275,0.9309,0.5564
ctrgcn,mixed_severe,3407,49,punching/slapping other person,274,0.9112,0.0803
ctrgcn,mixed_severe,3407,50,kicking other person,276,0.9541,0.1051
ctrgcn,mixed_severe,3407,51,pushing other person,276,0.9722,0.0906
ctrgcn,mixed_severe,3407,52,pat on back of other person,276,0.9143,0.1486
ctrgcn,mixed_severe,3407,53,point finger at the other person,276,0.913,0.0688
ctrgcn,mixed_severe,3407,54,hugging other person,274,0.9878,0.1277
ctrgcn,mixed_severe,3407,55,giving something to other person,276,0.9372,0.1123
ctrgcn,mixed_severe,3407,56,touch other person's pocket,275,0.9382,0.0582
ctrgcn,mixed_severe,3407,57,handshaking,276,0.9589,0.1087
ctrgcn,mixed_severe,3407,58,walking towards each other,273,0.9963,0.1319
ctrgcn,mixed_severe,3407,59,walking apart from each other,276,0.9638,0.1957
