2026-08-06 15:56:01,453 - pyskl - INFO - Environment info:
------------------------------------------------------------
sys.platform: win32
Python: 3.10.20 | packaged by Anaconda, Inc. | (main, Jun 11 2026, 15:13:20) [MSC v.1942 64 bit (AMD64)]
CUDA available: True
GPU 0: NVIDIA GeForce GTX 1080 Ti
CUDA_HOME: C:\Program Files\NVIDIA GPU Computing Toolkit\CUDA\v12.1
NVCC: Cuda compilation tools, release 12.1, V12.1.66
MSVC: Microsoft (R) C/C++ Optimizing Compiler Version 19.51.36252 for x64
GCC: n/a
PyTorch: 1.12.1
PyTorch compiling details: PyTorch built with:
  - C++ Version: 199711
  - MSVC 192829337
  - Intel(R) Math Kernel Library Version 2020.0.2 Product Build 20200624 for Intel(R) 64 architecture applications
  - Intel(R) MKL-DNN v2.6.0 (Git Hash 52b5f107dd9cf10910aaa19cb47f3abf9b349815)
  - OpenMP 2019
  - LAPACK is enabled (usually provided by MKL)
  - CPU capability usage: AVX2
  - CUDA Runtime 11.3
  - NVCC architecture flags: -gencode;arch=compute_37,code=sm_37;-gencode;arch=compute_50,code=sm_50;-gencode;arch=compute_60,code=sm_60;-gencode;arch=compute_61,code=sm_61;-gencode;arch=compute_70,code=sm_70;-gencode;arch=compute_75,code=sm_75;-gencode;arch=compute_80,code=sm_80;-gencode;arch=compute_86,code=sm_86;-gencode;arch=compute_37,code=compute_37
  - CuDNN 8.3.2  (built against CUDA 11.5)
  - Magma 2.5.4
  - Build settings: BLAS_INFO=mkl, BUILD_TYPE=Release, CUDA_VERSION=11.3, CUDNN_VERSION=8.3.2, CXX_COMPILER=C:/cb/pytorch_1000000000000/work/tmp_bin/sccache-cl.exe, CXX_FLAGS=/DWIN32 /D_WINDOWS /GR /EHsc /w /bigobj -DUSE_PTHREADPOOL -openmp:experimental -IC:/cb/pytorch_1000000000000/work/mkl/include -DNDEBUG -DUSE_KINETO -DLIBKINETO_NOCUPTI -DUSE_FBGEMM -DUSE_XNNPACK -DSYMBOLICATE_MOBILE_DEBUG_HANDLE -DEDGE_PROFILER_USE_KINETO, LAPACK_INFO=mkl, PERF_WITH_AVX=1, PERF_WITH_AVX2=1, PERF_WITH_AVX512=1, TORCH_VERSION=1.12.1, USE_CUDA=ON, USE_CUDNN=ON, USE_EXCEPTION_PTR=1, USE_GFLAGS=OFF, USE_GLOG=OFF, USE_MKL=ON, USE_MKLDNN=OFF, USE_MPI=OFF, USE_NCCL=OFF, USE_NNPACK=OFF, USE_OPENMP=ON, USE_ROCM=OFF, 

TorchVision: 0.13.1
OpenCV: 4.7.0
MMCV: 1.7.0
MMCV Compiler: MSVC 192829924
MMCV CUDA Compiler: 11.3
pyskl: 0.1.0+f0b7aae
------------------------------------------------------------

2026-08-06 15:56:01,651 - pyskl - INFO - Config: model = dict(
    type='RecognizerGCN',
    backbone=dict(
        type='STGCN', graph_cfg=dict(layout='nturgb+d', mode='stgcn_spatial')),
    cls_head=dict(type='GCNHead', num_classes=60, in_channels=256))
dataset_type = 'PoseDataset'
ann_file = 'data/nturgbd/ntu60_3danno.pkl'
train_pipeline = [
    dict(type='PreNormalize3D'),
    dict(type='GenSkeFeat', dataset='nturgb+d', feats=['j']),
    dict(type='UniformSample', clip_len=100),
    dict(type='PoseDecode'),
    dict(type='FormatGCNInput', num_person=2),
    dict(type='Collect', keys=['keypoint', 'label'], meta_keys=[]),
    dict(type='ToTensor', keys=['keypoint'])
]
val_pipeline = [
    dict(type='PreNormalize3D'),
    dict(type='GenSkeFeat', dataset='nturgb+d', feats=['j']),
    dict(type='UniformSample', clip_len=100, num_clips=1),
    dict(type='PoseDecode'),
    dict(type='FormatGCNInput', num_person=2),
    dict(type='Collect', keys=['keypoint', 'label'], meta_keys=[]),
    dict(type='ToTensor', keys=['keypoint'])
]
test_pipeline = [
    dict(type='PreNormalize3D'),
    dict(type='GenSkeFeat', dataset='nturgb+d', feats=['j']),
    dict(type='UniformSample', clip_len=100, num_clips=10),
    dict(type='PoseDecode'),
    dict(type='FormatGCNInput', num_person=2),
    dict(type='Collect', keys=['keypoint', 'label'], meta_keys=[]),
    dict(type='ToTensor', keys=['keypoint'])
]
data = dict(
    videos_per_gpu=16,
    workers_per_gpu=2,
    test_dataloader=dict(videos_per_gpu=1),
    train=dict(
        type='RepeatDataset',
        times=5,
        dataset=dict(
            type='PoseDataset',
            ann_file='data/nturgbd/ntu60_3danno.pkl',
            pipeline=[
                dict(type='PreNormalize3D'),
                dict(type='GenSkeFeat', dataset='nturgb+d', feats=['j']),
                dict(type='UniformSample', clip_len=100),
                dict(type='PoseDecode'),
                dict(type='FormatGCNInput', num_person=2),
                dict(type='Collect', keys=['keypoint', 'label'], meta_keys=[]),
                dict(type='ToTensor', keys=['keypoint'])
            ],
            split='xsub_train')),
    val=dict(
        type='PoseDataset',
        ann_file='data/nturgbd/ntu60_3danno.pkl',
        pipeline=[
            dict(type='PreNormalize3D'),
            dict(type='GenSkeFeat', dataset='nturgb+d', feats=['j']),
            dict(type='UniformSample', clip_len=100, num_clips=1),
            dict(type='PoseDecode'),
            dict(type='FormatGCNInput', num_person=2),
            dict(type='Collect', keys=['keypoint', 'label'], meta_keys=[]),
            dict(type='ToTensor', keys=['keypoint'])
        ],
        split='xsub_val'),
    test=dict(
        type='PoseDataset',
        ann_file='data/nturgbd/ntu60_3danno.pkl',
        pipeline=[
            dict(type='PreNormalize3D'),
            dict(type='GenSkeFeat', dataset='nturgb+d', feats=['j']),
            dict(type='UniformSample', clip_len=100, num_clips=10),
            dict(type='PoseDecode'),
            dict(type='FormatGCNInput', num_person=2),
            dict(type='Collect', keys=['keypoint', 'label'], meta_keys=[]),
            dict(type='ToTensor', keys=['keypoint'])
        ],
        split='xsub_val'))
optimizer = dict(
    type='SGD', lr=0.0125, momentum=0.9, weight_decay=0.0005, nesterov=True)
optimizer_config = dict(grad_clip=None)
lr_config = dict(policy='CosineAnnealing', min_lr=0, by_epoch=False)
total_epochs = 16
checkpoint_config = dict(interval=1)
evaluation = dict(interval=1, metrics=['top_k_accuracy'])
log_config = dict(interval=100, hooks=[dict(type='TextLoggerHook')])
log_level = 'INFO'
work_dir = './work_dirs/stgcn/stgcn_pyskl_ntu60_xsub_3dkp/j_single_gpu'
dist_params = dict(backend='gloo')
gpu_ids = range(0, 1)

2026-08-06 15:56:01,652 - pyskl - INFO - Set random seed to 0, deterministic: True
2026-08-06 15:56:13,256 - pyskl - INFO - 40091 videos remain after valid thresholding
2026-08-06 15:56:29,327 - pyskl - INFO - 16487 videos remain after valid thresholding
2026-08-06 15:56:29,328 - pyskl - INFO - Start running, host: Administrator@SERVER-1080TI, work_dir: D:\YXJProject\pythonProject\pyskl\work_dirs\stgcn\stgcn_pyskl_ntu60_xsub_3dkp\j_single_gpu
2026-08-06 15:56:29,328 - pyskl - INFO - Hooks will be executed in the following order:
before_run:
(VERY_HIGH   ) CosineAnnealingLrUpdaterHook       
(NORMAL      ) CheckpointHook                     
(NORMAL      ) DistEvalHook                       
(VERY_LOW    ) TextLoggerHook                     
 -------------------- 
before_train_epoch:
(VERY_HIGH   ) CosineAnnealingLrUpdaterHook       
(NORMAL      ) DistSamplerSeedHook                
(NORMAL      ) DistEvalHook                       
(LOW         ) IterTimerHook                      
(VERY_LOW    ) TextLoggerHook                     
 -------------------- 
before_train_iter:
(VERY_HIGH   ) CosineAnnealingLrUpdaterHook       
(NORMAL      ) DistEvalHook                       
(LOW         ) IterTimerHook                      
 -------------------- 
after_train_iter:
(ABOVE_NORMAL) OptimizerHook                      
(NORMAL      ) CheckpointHook                     
(NORMAL      ) DistEvalHook                       
(LOW         ) IterTimerHook                      
(VERY_LOW    ) TextLoggerHook                     
 -------------------- 
after_train_epoch:
(NORMAL      ) CheckpointHook                     
(NORMAL      ) DistEvalHook                       
(VERY_LOW    ) TextLoggerHook                     
 -------------------- 
before_val_epoch:
(NORMAL      ) DistSamplerSeedHook                
(LOW         ) IterTimerHook                      
(VERY_LOW    ) TextLoggerHook                     
 -------------------- 
before_val_iter:
(LOW         ) IterTimerHook                      
 -------------------- 
after_val_iter:
(LOW         ) IterTimerHook                      
 -------------------- 
after_val_epoch:
(VERY_LOW    ) TextLoggerHook                     
 -------------------- 
after_run:
(VERY_LOW    ) TextLoggerHook                     
 -------------------- 
2026-08-06 15:56:29,329 - pyskl - INFO - workflow: [('train', 1)], max: 16 epochs
2026-08-06 15:56:29,329 - pyskl - INFO - Checkpoints will be saved to D:\YXJProject\pythonProject\pyskl\work_dirs\stgcn\stgcn_pyskl_ntu60_xsub_3dkp\j_single_gpu by HardDiskBackend.
2026-08-06 15:57:09,949 - pyskl - INFO - Epoch [1][100/12529]	lr: 1.250e-02, eta: 22:36:23, time: 0.406, data_time: 0.167, memory: 1700, top1_acc: 0.0500, top5_acc: 0.2125, loss_cls: 3.8552, loss: 3.8552
2026-08-06 15:57:31,543 - pyskl - INFO - Epoch [1][200/12529]	lr: 1.250e-02, eta: 17:18:12, time: 0.216, data_time: 0.000, memory: 1700, top1_acc: 0.0988, top5_acc: 0.3412, loss_cls: 3.4371, loss: 3.4371
2026-08-06 15:57:53,380 - pyskl - INFO - Epoch [1][300/12529]	lr: 1.250e-02, eta: 15:34:38, time: 0.218, data_time: 0.000, memory: 1700, top1_acc: 0.1388, top5_acc: 0.4219, loss_cls: 3.1377, loss: 3.1377
2026-08-06 15:58:15,145 - pyskl - INFO - Epoch [1][400/12529]	lr: 1.250e-02, eta: 14:42:03, time: 0.218, data_time: 0.000, memory: 1700, top1_acc: 0.1588, top5_acc: 0.4956, loss_cls: 3.0055, loss: 3.0055
2026-08-06 15:58:36,933 - pyskl - INFO - Epoch [1][500/12529]	lr: 1.250e-02, eta: 14:10:30, time: 0.218, data_time: 0.000, memory: 1700, top1_acc: 0.2175, top5_acc: 0.5737, loss_cls: 2.7833, loss: 2.7833
2026-08-06 15:58:58,687 - pyskl - INFO - Epoch [1][600/12529]	lr: 1.250e-02, eta: 13:49:10, time: 0.218, data_time: 0.000, memory: 1700, top1_acc: 0.2263, top5_acc: 0.5850, loss_cls: 2.7189, loss: 2.7189
2026-08-06 15:59:21,179 - pyskl - INFO - Epoch [1][700/12529]	lr: 1.250e-02, eta: 13:37:20, time: 0.225, data_time: 0.000, memory: 1700, top1_acc: 0.2562, top5_acc: 0.6338, loss_cls: 2.5766, loss: 2.5766
2026-08-06 15:59:43,367 - pyskl - INFO - Epoch [1][800/12529]	lr: 1.250e-02, eta: 13:27:06, time: 0.222, data_time: 0.000, memory: 1700, top1_acc: 0.2863, top5_acc: 0.6456, loss_cls: 2.4976, loss: 2.4976
2026-08-06 16:00:05,252 - pyskl - INFO - Epoch [1][900/12529]	lr: 1.250e-02, eta: 13:17:56, time: 0.219, data_time: 0.000, memory: 1700, top1_acc: 0.3031, top5_acc: 0.7044, loss_cls: 2.3226, loss: 2.3226
2026-08-06 16:00:27,098 - pyskl - INFO - Epoch [1][1000/12529]	lr: 1.250e-02, eta: 13:10:24, time: 0.218, data_time: 0.000, memory: 1700, top1_acc: 0.3162, top5_acc: 0.7394, loss_cls: 2.2786, loss: 2.2786
2026-08-06 16:00:48,950 - pyskl - INFO - Epoch [1][1100/12529]	lr: 1.250e-02, eta: 13:04:11, time: 0.219, data_time: 0.000, memory: 1700, top1_acc: 0.3300, top5_acc: 0.7594, loss_cls: 2.2119, loss: 2.2119
2026-08-06 16:01:10,905 - pyskl - INFO - Epoch [1][1200/12529]	lr: 1.250e-02, eta: 12:59:15, time: 0.220, data_time: 0.000, memory: 1700, top1_acc: 0.3488, top5_acc: 0.7488, loss_cls: 2.1791, loss: 2.1791
2026-08-06 16:01:32,896 - pyskl - INFO - Epoch [1][1300/12529]	lr: 1.250e-02, eta: 12:55:05, time: 0.220, data_time: 0.000, memory: 1700, top1_acc: 0.3600, top5_acc: 0.7569, loss_cls: 2.1559, loss: 2.1559
2026-08-06 16:01:54,787 - pyskl - INFO - Epoch [1][1400/12529]	lr: 1.250e-02, eta: 12:51:15, time: 0.219, data_time: 0.000, memory: 1700, top1_acc: 0.3538, top5_acc: 0.7669, loss_cls: 2.1392, loss: 2.1392
2026-08-06 16:02:16,815 - pyskl - INFO - Epoch [1][1500/12529]	lr: 1.250e-02, eta: 12:48:10, time: 0.220, data_time: 0.000, memory: 1700, top1_acc: 0.3700, top5_acc: 0.7831, loss_cls: 2.0618, loss: 2.0618
2026-08-06 16:02:38,766 - pyskl - INFO - Epoch [1][1600/12529]	lr: 1.250e-02, eta: 12:45:16, time: 0.220, data_time: 0.000, memory: 1700, top1_acc: 0.3837, top5_acc: 0.7719, loss_cls: 2.0892, loss: 2.0892
2026-08-06 16:03:00,826 - pyskl - INFO - Epoch [1][1700/12529]	lr: 1.250e-02, eta: 12:42:52, time: 0.221, data_time: 0.000, memory: 1700, top1_acc: 0.3981, top5_acc: 0.7950, loss_cls: 2.0224, loss: 2.0224
2026-08-06 16:03:22,796 - pyskl - INFO - Epoch [1][1800/12529]	lr: 1.250e-02, eta: 12:40:32, time: 0.220, data_time: 0.000, memory: 1700, top1_acc: 0.4163, top5_acc: 0.7937, loss_cls: 1.9493, loss: 1.9493
2026-08-06 16:03:44,619 - pyskl - INFO - Epoch [1][1900/12529]	lr: 1.250e-02, eta: 12:38:09, time: 0.218, data_time: 0.000, memory: 1700, top1_acc: 0.4575, top5_acc: 0.8013, loss_cls: 1.8377, loss: 1.8377
2026-08-06 16:04:06,807 - pyskl - INFO - Epoch [1][2000/12529]	lr: 1.250e-02, eta: 12:36:35, time: 0.222, data_time: 0.000, memory: 1700, top1_acc: 0.4419, top5_acc: 0.8094, loss_cls: 1.8671, loss: 1.8671
2026-08-06 16:04:28,693 - pyskl - INFO - Epoch [1][2100/12529]	lr: 1.250e-02, eta: 12:34:39, time: 0.219, data_time: 0.000, memory: 1700, top1_acc: 0.4519, top5_acc: 0.8100, loss_cls: 1.8474, loss: 1.8474
2026-08-06 16:04:50,720 - pyskl - INFO - Epoch [1][2200/12529]	lr: 1.250e-02, eta: 12:33:04, time: 0.220, data_time: 0.000, memory: 1700, top1_acc: 0.4713, top5_acc: 0.8356, loss_cls: 1.7747, loss: 1.7747
2026-08-06 16:05:12,590 - pyskl - INFO - Epoch [1][2300/12529]	lr: 1.250e-02, eta: 12:31:22, time: 0.219, data_time: 0.000, memory: 1700, top1_acc: 0.4581, top5_acc: 0.8294, loss_cls: 1.8030, loss: 1.8030
2026-08-06 16:05:34,538 - pyskl - INFO - Epoch [1][2400/12529]	lr: 1.250e-02, eta: 12:29:53, time: 0.219, data_time: 0.000, memory: 1700, top1_acc: 0.4631, top5_acc: 0.8331, loss_cls: 1.8056, loss: 1.8056
2026-08-06 16:05:56,380 - pyskl - INFO - Epoch [1][2500/12529]	lr: 1.250e-02, eta: 12:28:21, time: 0.218, data_time: 0.000, memory: 1700, top1_acc: 0.4975, top5_acc: 0.8481, loss_cls: 1.7067, loss: 1.7067
2026-08-06 16:06:18,275 - pyskl - INFO - Epoch [1][2600/12529]	lr: 1.249e-02, eta: 12:26:58, time: 0.219, data_time: 0.000, memory: 1700, top1_acc: 0.4919, top5_acc: 0.8550, loss_cls: 1.7129, loss: 1.7129
2026-08-06 16:06:40,212 - pyskl - INFO - Epoch [1][2700/12529]	lr: 1.249e-02, eta: 12:25:43, time: 0.219, data_time: 0.000, memory: 1700, top1_acc: 0.5100, top5_acc: 0.8594, loss_cls: 1.6460, loss: 1.6460
2026-08-06 16:07:02,039 - pyskl - INFO - Epoch [1][2800/12529]	lr: 1.249e-02, eta: 12:24:24, time: 0.218, data_time: 0.000, memory: 1700, top1_acc: 0.5100, top5_acc: 0.8631, loss_cls: 1.6470, loss: 1.6470
2026-08-06 16:07:24,038 - pyskl - INFO - Epoch [1][2900/12529]	lr: 1.249e-02, eta: 12:23:21, time: 0.220, data_time: 0.000, memory: 1700, top1_acc: 0.5025, top5_acc: 0.8606, loss_cls: 1.6241, loss: 1.6241
2026-08-06 16:07:45,857 - pyskl - INFO - Epoch [1][3000/12529]	lr: 1.249e-02, eta: 12:22:09, time: 0.218, data_time: 0.000, memory: 1700, top1_acc: 0.5219, top5_acc: 0.8838, loss_cls: 1.5509, loss: 1.5509
2026-08-06 16:08:07,756 - pyskl - INFO - Epoch [1][3100/12529]	lr: 1.249e-02, eta: 12:21:04, time: 0.219, data_time: 0.000, memory: 1700, top1_acc: 0.5225, top5_acc: 0.8731, loss_cls: 1.5538, loss: 1.5538
2026-08-06 16:08:29,627 - pyskl - INFO - Epoch [1][3200/12529]	lr: 1.249e-02, eta: 12:20:01, time: 0.219, data_time: 0.000, memory: 1700, top1_acc: 0.5288, top5_acc: 0.8756, loss_cls: 1.5356, loss: 1.5356
2026-08-06 16:08:51,574 - pyskl - INFO - Epoch [1][3300/12529]	lr: 1.249e-02, eta: 12:19:05, time: 0.219, data_time: 0.000, memory: 1700, top1_acc: 0.5300, top5_acc: 0.8744, loss_cls: 1.5459, loss: 1.5459
2026-08-06 16:09:13,332 - pyskl - INFO - Epoch [1][3400/12529]	lr: 1.249e-02, eta: 12:18:00, time: 0.218, data_time: 0.000, memory: 1700, top1_acc: 0.5437, top5_acc: 0.8694, loss_cls: 1.5149, loss: 1.5149
2026-08-06 16:09:35,302 - pyskl - INFO - Epoch [1][3500/12529]	lr: 1.249e-02, eta: 12:17:09, time: 0.220, data_time: 0.000, memory: 1700, top1_acc: 0.5106, top5_acc: 0.8888, loss_cls: 1.5687, loss: 1.5687
2026-08-06 16:09:57,178 - pyskl - INFO - Epoch [1][3600/12529]	lr: 1.249e-02, eta: 12:16:15, time: 0.219, data_time: 0.000, memory: 1700, top1_acc: 0.5687, top5_acc: 0.8912, loss_cls: 1.4224, loss: 1.4224
2026-08-06 16:10:19,079 - pyskl - INFO - Epoch [1][3700/12529]	lr: 1.249e-02, eta: 12:15:24, time: 0.219, data_time: 0.000, memory: 1700, top1_acc: 0.5444, top5_acc: 0.8788, loss_cls: 1.5009, loss: 1.5009
2026-08-06 16:10:41,359 - pyskl - INFO - Epoch [1][3800/12529]	lr: 1.249e-02, eta: 12:14:54, time: 0.223, data_time: 0.000, memory: 1700, top1_acc: 0.5713, top5_acc: 0.8906, loss_cls: 1.4252, loss: 1.4252
2026-08-06 16:11:03,183 - pyskl - INFO - Epoch [1][3900/12529]	lr: 1.249e-02, eta: 12:14:02, time: 0.218, data_time: 0.000, memory: 1700, top1_acc: 0.5531, top5_acc: 0.8794, loss_cls: 1.4659, loss: 1.4659
2026-08-06 16:11:25,147 - pyskl - INFO - Epoch [1][4000/12529]	lr: 1.249e-02, eta: 12:13:17, time: 0.220, data_time: 0.000, memory: 1700, top1_acc: 0.5500, top5_acc: 0.8894, loss_cls: 1.4588, loss: 1.4588
2026-08-06 16:11:47,135 - pyskl - INFO - Epoch [1][4100/12529]	lr: 1.249e-02, eta: 12:12:35, time: 0.220, data_time: 0.000, memory: 1700, top1_acc: 0.5650, top5_acc: 0.8888, loss_cls: 1.4134, loss: 1.4134
2026-08-06 16:12:09,130 - pyskl - INFO - Epoch [1][4200/12529]	lr: 1.249e-02, eta: 12:11:55, time: 0.220, data_time: 0.000, memory: 1700, top1_acc: 0.5763, top5_acc: 0.8838, loss_cls: 1.4151, loss: 1.4151
2026-08-06 16:12:31,152 - pyskl - INFO - Epoch [1][4300/12529]	lr: 1.249e-02, eta: 12:11:16, time: 0.220, data_time: 0.000, memory: 1700, top1_acc: 0.5675, top5_acc: 0.8981, loss_cls: 1.4056, loss: 1.4056
2026-08-06 16:12:52,955 - pyskl - INFO - Epoch [1][4400/12529]	lr: 1.249e-02, eta: 12:10:29, time: 0.218, data_time: 0.000, memory: 1700, top1_acc: 0.6094, top5_acc: 0.9019, loss_cls: 1.3480, loss: 1.3480
2026-08-06 16:13:14,918 - pyskl - INFO - Epoch [1][4500/12529]	lr: 1.248e-02, eta: 12:09:49, time: 0.220, data_time: 0.000, memory: 1700, top1_acc: 0.5875, top5_acc: 0.8938, loss_cls: 1.3852, loss: 1.3852
2026-08-06 16:13:36,955 - pyskl - INFO - Epoch [1][4600/12529]	lr: 1.248e-02, eta: 12:09:14, time: 0.220, data_time: 0.000, memory: 1700, top1_acc: 0.5675, top5_acc: 0.8869, loss_cls: 1.4153, loss: 1.4153
2026-08-06 16:13:58,749 - pyskl - INFO - Epoch [1][4700/12529]	lr: 1.248e-02, eta: 12:08:29, time: 0.218, data_time: 0.000, memory: 1700, top1_acc: 0.5831, top5_acc: 0.9075, loss_cls: 1.3552, loss: 1.3552
2026-08-06 16:14:20,744 - pyskl - INFO - Epoch [1][4800/12529]	lr: 1.248e-02, eta: 12:07:53, time: 0.220, data_time: 0.000, memory: 1700, top1_acc: 0.6075, top5_acc: 0.9031, loss_cls: 1.3435, loss: 1.3435
2026-08-06 16:14:42,705 - pyskl - INFO - Epoch [1][4900/12529]	lr: 1.248e-02, eta: 12:07:16, time: 0.220, data_time: 0.000, memory: 1700, top1_acc: 0.5975, top5_acc: 0.8888, loss_cls: 1.3570, loss: 1.3570
2026-08-06 16:15:04,682 - pyskl - INFO - Epoch [1][5000/12529]	lr: 1.248e-02, eta: 12:06:41, time: 0.220, data_time: 0.000, memory: 1700, top1_acc: 0.5887, top5_acc: 0.8938, loss_cls: 1.3465, loss: 1.3465
2026-08-06 16:15:26,519 - pyskl - INFO - Epoch [1][5100/12529]	lr: 1.248e-02, eta: 12:06:00, time: 0.218, data_time: 0.000, memory: 1700, top1_acc: 0.6119, top5_acc: 0.9100, loss_cls: 1.2825, loss: 1.2825
2026-08-06 16:15:48,353 - pyskl - INFO - Epoch [1][5200/12529]	lr: 1.248e-02, eta: 12:05:21, time: 0.218, data_time: 0.000, memory: 1700, top1_acc: 0.5975, top5_acc: 0.9125, loss_cls: 1.2977, loss: 1.2977
2026-08-06 16:16:10,186 - pyskl - INFO - Epoch [1][5300/12529]	lr: 1.248e-02, eta: 12:04:41, time: 0.218, data_time: 0.000, memory: 1700, top1_acc: 0.6225, top5_acc: 0.9087, loss_cls: 1.2451, loss: 1.2451
2026-08-06 16:16:31,936 - pyskl - INFO - Epoch [1][5400/12529]	lr: 1.248e-02, eta: 12:04:00, time: 0.218, data_time: 0.000, memory: 1700, top1_acc: 0.6281, top5_acc: 0.9038, loss_cls: 1.2505, loss: 1.2505
2026-08-06 16:16:53,806 - pyskl - INFO - Epoch [1][5500/12529]	lr: 1.248e-02, eta: 12:03:24, time: 0.219, data_time: 0.000, memory: 1700, top1_acc: 0.6238, top5_acc: 0.9187, loss_cls: 1.2122, loss: 1.2122
2026-08-06 16:17:15,744 - pyskl - INFO - Epoch [1][5600/12529]	lr: 1.248e-02, eta: 12:02:50, time: 0.219, data_time: 0.000, memory: 1700, top1_acc: 0.6088, top5_acc: 0.9181, loss_cls: 1.2759, loss: 1.2759
2026-08-06 16:17:37,614 - pyskl - INFO - Epoch [1][5700/12529]	lr: 1.248e-02, eta: 12:02:15, time: 0.219, data_time: 0.000, memory: 1700, top1_acc: 0.6162, top5_acc: 0.9062, loss_cls: 1.2615, loss: 1.2615
2026-08-06 16:17:59,388 - pyskl - INFO - Epoch [1][5800/12529]	lr: 1.247e-02, eta: 12:01:36, time: 0.218, data_time: 0.000, memory: 1700, top1_acc: 0.6375, top5_acc: 0.9031, loss_cls: 1.1984, loss: 1.1984
2026-08-06 16:18:21,360 - pyskl - INFO - Epoch [1][5900/12529]	lr: 1.247e-02, eta: 12:01:05, time: 0.220, data_time: 0.000, memory: 1700, top1_acc: 0.6250, top5_acc: 0.9181, loss_cls: 1.2097, loss: 1.2097
2026-08-06 16:18:43,289 - pyskl - INFO - Epoch [1][6000/12529]	lr: 1.247e-02, eta: 12:00:33, time: 0.219, data_time: 0.000, memory: 1700, top1_acc: 0.6331, top5_acc: 0.9137, loss_cls: 1.1962, loss: 1.1962
2026-08-06 16:19:05,153 - pyskl - INFO - Epoch [1][6100/12529]	lr: 1.247e-02, eta: 11:59:59, time: 0.219, data_time: 0.000, memory: 1700, top1_acc: 0.6444, top5_acc: 0.9200, loss_cls: 1.1701, loss: 1.1701
2026-08-06 16:19:27,052 - pyskl - INFO - Epoch [1][6200/12529]	lr: 1.247e-02, eta: 11:59:27, time: 0.219, data_time: 0.000, memory: 1700, top1_acc: 0.6406, top5_acc: 0.9144, loss_cls: 1.2089, loss: 1.2089
2026-08-06 16:19:48,814 - pyskl - INFO - Epoch [1][6300/12529]	lr: 1.247e-02, eta: 11:58:50, time: 0.218, data_time: 0.000, memory: 1700, top1_acc: 0.6687, top5_acc: 0.9206, loss_cls: 1.0897, loss: 1.0897
2026-08-06 16:20:10,697 - pyskl - INFO - Epoch [1][6400/12529]	lr: 1.247e-02, eta: 11:58:18, time: 0.219, data_time: 0.000, memory: 1700, top1_acc: 0.6419, top5_acc: 0.9206, loss_cls: 1.1631, loss: 1.1631
2026-08-06 16:20:32,608 - pyskl - INFO - Epoch [1][6500/12529]	lr: 1.247e-02, eta: 11:57:47, time: 0.219, data_time: 0.000, memory: 1700, top1_acc: 0.6462, top5_acc: 0.9219, loss_cls: 1.1362, loss: 1.1362
2026-08-06 16:20:54,415 - pyskl - INFO - Epoch [1][6600/12529]	lr: 1.247e-02, eta: 11:57:13, time: 0.218, data_time: 0.000, memory: 1700, top1_acc: 0.6550, top5_acc: 0.9225, loss_cls: 1.1243, loss: 1.1243
2026-08-06 16:21:16,232 - pyskl - INFO - Epoch [1][6700/12529]	lr: 1.247e-02, eta: 11:56:40, time: 0.218, data_time: 0.000, memory: 1700, top1_acc: 0.6450, top5_acc: 0.9219, loss_cls: 1.1873, loss: 1.1873
2026-08-06 16:21:38,004 - pyskl - INFO - Epoch [1][6800/12529]	lr: 1.246e-02, eta: 11:56:05, time: 0.218, data_time: 0.000, memory: 1700, top1_acc: 0.6556, top5_acc: 0.9200, loss_cls: 1.1245, loss: 1.1245
2026-08-06 16:21:59,907 - pyskl - INFO - Epoch [1][6900/12529]	lr: 1.246e-02, eta: 11:55:35, time: 0.219, data_time: 0.000, memory: 1700, top1_acc: 0.6562, top5_acc: 0.9313, loss_cls: 1.1106, loss: 1.1106
2026-08-06 16:22:21,899 - pyskl - INFO - Epoch [1][7000/12529]	lr: 1.246e-02, eta: 11:55:08, time: 0.220, data_time: 0.000, memory: 1700, top1_acc: 0.6562, top5_acc: 0.9137, loss_cls: 1.1263, loss: 1.1263
2026-08-06 16:22:43,762 - pyskl - INFO - Epoch [1][7100/12529]	lr: 1.246e-02, eta: 11:54:37, time: 0.219, data_time: 0.000, memory: 1700, top1_acc: 0.6856, top5_acc: 0.9237, loss_cls: 1.0696, loss: 1.0696
2026-08-06 16:23:05,825 - pyskl - INFO - Epoch [1][7200/12529]	lr: 1.246e-02, eta: 11:54:12, time: 0.221, data_time: 0.000, memory: 1700, top1_acc: 0.6631, top5_acc: 0.9181, loss_cls: 1.1377, loss: 1.1377
2026-08-06 16:23:27,728 - pyskl - INFO - Epoch [1][7300/12529]	lr: 1.246e-02, eta: 11:53:43, time: 0.219, data_time: 0.000, memory: 1700, top1_acc: 0.6519, top5_acc: 0.9319, loss_cls: 1.1104, loss: 1.1104
2026-08-06 16:23:49,630 - pyskl - INFO - Epoch [1][7400/12529]	lr: 1.246e-02, eta: 11:53:13, time: 0.219, data_time: 0.000, memory: 1700, top1_acc: 0.6644, top5_acc: 0.9269, loss_cls: 1.0627, loss: 1.0627
2026-08-06 16:24:11,661 - pyskl - INFO - Epoch [1][7500/12529]	lr: 1.246e-02, eta: 11:52:48, time: 0.220, data_time: 0.000, memory: 1700, top1_acc: 0.6850, top5_acc: 0.9213, loss_cls: 1.0772, loss: 1.0772
2026-08-06 16:24:33,537 - pyskl - INFO - Epoch [1][7600/12529]	lr: 1.246e-02, eta: 11:52:18, time: 0.219, data_time: 0.000, memory: 1700, top1_acc: 0.6562, top5_acc: 0.9250, loss_cls: 1.0953, loss: 1.0953
2026-08-06 16:24:55,298 - pyskl - INFO - Epoch [1][7700/12529]	lr: 1.245e-02, eta: 11:51:46, time: 0.218, data_time: 0.000, memory: 1700, top1_acc: 0.6606, top5_acc: 0.9231, loss_cls: 1.1152, loss: 1.1152
2026-08-06 16:25:17,182 - pyskl - INFO - Epoch [1][7800/12529]	lr: 1.245e-02, eta: 11:51:17, time: 0.219, data_time: 0.000, memory: 1700, top1_acc: 0.6569, top5_acc: 0.9306, loss_cls: 1.0888, loss: 1.0888
2026-08-06 16:25:39,045 - pyskl - INFO - Epoch [1][7900/12529]	lr: 1.245e-02, eta: 11:50:48, time: 0.219, data_time: 0.000, memory: 1700, top1_acc: 0.6875, top5_acc: 0.9337, loss_cls: 1.0468, loss: 1.0468
2026-08-06 16:26:00,972 - pyskl - INFO - Epoch [1][8000/12529]	lr: 1.245e-02, eta: 11:50:21, time: 0.219, data_time: 0.000, memory: 1700, top1_acc: 0.6725, top5_acc: 0.9269, loss_cls: 1.1024, loss: 1.1024
2026-08-06 16:26:22,819 - pyskl - INFO - Epoch [1][8100/12529]	lr: 1.245e-02, eta: 11:49:51, time: 0.218, data_time: 0.000, memory: 1700, top1_acc: 0.6694, top5_acc: 0.9319, loss_cls: 1.0445, loss: 1.0445
2026-08-06 16:26:44,732 - pyskl - INFO - Epoch [1][8200/12529]	lr: 1.245e-02, eta: 11:49:24, time: 0.219, data_time: 0.000, memory: 1700, top1_acc: 0.6906, top5_acc: 0.9306, loss_cls: 1.0415, loss: 1.0415
2026-08-06 16:27:06,709 - pyskl - INFO - Epoch [1][8300/12529]	lr: 1.245e-02, eta: 11:48:58, time: 0.220, data_time: 0.000, memory: 1700, top1_acc: 0.6750, top5_acc: 0.9406, loss_cls: 1.0200, loss: 1.0200
2026-08-06 16:27:28,397 - pyskl - INFO - Epoch [1][8400/12529]	lr: 1.245e-02, eta: 11:48:26, time: 0.217, data_time: 0.000, memory: 1700, top1_acc: 0.6519, top5_acc: 0.9287, loss_cls: 1.1092, loss: 1.1092
2026-08-06 16:27:50,239 - pyskl - INFO - Epoch [1][8500/12529]	lr: 1.244e-02, eta: 11:47:57, time: 0.218, data_time: 0.000, memory: 1700, top1_acc: 0.6850, top5_acc: 0.9219, loss_cls: 1.0839, loss: 1.0839
2026-08-06 16:28:12,319 - pyskl - INFO - Epoch [1][8600/12529]	lr: 1.244e-02, eta: 11:47:34, time: 0.221, data_time: 0.000, memory: 1700, top1_acc: 0.7025, top5_acc: 0.9231, loss_cls: 1.0123, loss: 1.0123
2026-08-06 16:28:34,228 - pyskl - INFO - Epoch [1][8700/12529]	lr: 1.244e-02, eta: 11:47:07, time: 0.219, data_time: 0.000, memory: 1700, top1_acc: 0.6813, top5_acc: 0.9369, loss_cls: 1.0074, loss: 1.0074
2026-08-06 16:28:56,066 - pyskl - INFO - Epoch [1][8800/12529]	lr: 1.244e-02, eta: 11:46:38, time: 0.218, data_time: 0.000, memory: 1700, top1_acc: 0.6850, top5_acc: 0.9381, loss_cls: 1.0249, loss: 1.0249
2026-08-06 16:29:17,857 - pyskl - INFO - Epoch [1][8900/12529]	lr: 1.244e-02, eta: 11:46:09, time: 0.218, data_time: 0.000, memory: 1700, top1_acc: 0.6894, top5_acc: 0.9406, loss_cls: 1.0238, loss: 1.0238
2026-08-06 16:29:39,659 - pyskl - INFO - Epoch [1][9000/12529]	lr: 1.244e-02, eta: 11:45:40, time: 0.218, data_time: 0.000, memory: 1700, top1_acc: 0.6794, top5_acc: 0.9281, loss_cls: 1.0470, loss: 1.0470
2026-08-06 16:30:01,508 - pyskl - INFO - Epoch [1][9100/12529]	lr: 1.244e-02, eta: 11:45:12, time: 0.218, data_time: 0.000, memory: 1700, top1_acc: 0.7181, top5_acc: 0.9481, loss_cls: 0.9102, loss: 0.9102
2026-08-06 16:30:23,512 - pyskl - INFO - Epoch [1][9200/12529]	lr: 1.244e-02, eta: 11:44:48, time: 0.220, data_time: 0.000, memory: 1700, top1_acc: 0.6950, top5_acc: 0.9350, loss_cls: 1.0085, loss: 1.0085
2026-08-06 16:30:45,300 - pyskl - INFO - Epoch [1][9300/12529]	lr: 1.243e-02, eta: 11:44:19, time: 0.218, data_time: 0.000, memory: 1700, top1_acc: 0.6969, top5_acc: 0.9369, loss_cls: 0.9923, loss: 0.9923
2026-08-06 16:31:07,233 - pyskl - INFO - Epoch [1][9400/12529]	lr: 1.243e-02, eta: 11:43:54, time: 0.219, data_time: 0.000, memory: 1700, top1_acc: 0.7106, top5_acc: 0.9400, loss_cls: 0.9682, loss: 0.9682
2026-08-06 16:31:29,067 - pyskl - INFO - Epoch [1][9500/12529]	lr: 1.243e-02, eta: 11:43:26, time: 0.218, data_time: 0.000, memory: 1700, top1_acc: 0.7094, top5_acc: 0.9400, loss_cls: 0.9833, loss: 0.9833
2026-08-06 16:31:50,961 - pyskl - INFO - Epoch [1][9600/12529]	lr: 1.243e-02, eta: 11:43:00, time: 0.219, data_time: 0.000, memory: 1700, top1_acc: 0.7119, top5_acc: 0.9437, loss_cls: 0.9521, loss: 0.9521
2026-08-06 16:32:12,847 - pyskl - INFO - Epoch [1][9700/12529]	lr: 1.243e-02, eta: 11:42:34, time: 0.219, data_time: 0.000, memory: 1700, top1_acc: 0.7044, top5_acc: 0.9506, loss_cls: 0.9671, loss: 0.9671
2026-08-06 16:32:34,793 - pyskl - INFO - Epoch [1][9800/12529]	lr: 1.243e-02, eta: 11:42:09, time: 0.219, data_time: 0.000, memory: 1700, top1_acc: 0.7181, top5_acc: 0.9344, loss_cls: 0.9517, loss: 0.9517
2026-08-06 16:32:56,766 - pyskl - INFO - Epoch [1][9900/12529]	lr: 1.242e-02, eta: 11:41:44, time: 0.220, data_time: 0.000, memory: 1700, top1_acc: 0.7231, top5_acc: 0.9431, loss_cls: 0.9017, loss: 0.9017
2026-08-06 16:33:18,573 - pyskl - INFO - Epoch [1][10000/12529]	lr: 1.242e-02, eta: 11:41:17, time: 0.218, data_time: 0.000, memory: 1700, top1_acc: 0.6787, top5_acc: 0.9356, loss_cls: 0.9957, loss: 0.9957
2026-08-06 16:33:40,533 - pyskl - INFO - Epoch [1][10100/12529]	lr: 1.242e-02, eta: 11:40:52, time: 0.220, data_time: 0.000, memory: 1700, top1_acc: 0.6794, top5_acc: 0.9425, loss_cls: 0.9830, loss: 0.9830
2026-08-06 16:34:02,490 - pyskl - INFO - Epoch [1][10200/12529]	lr: 1.242e-02, eta: 11:40:27, time: 0.220, data_time: 0.000, memory: 1700, top1_acc: 0.6881, top5_acc: 0.9419, loss_cls: 1.0171, loss: 1.0171
2026-08-06 16:34:24,298 - pyskl - INFO - Epoch [1][10300/12529]	lr: 1.242e-02, eta: 11:40:00, time: 0.218, data_time: 0.000, memory: 1700, top1_acc: 0.7013, top5_acc: 0.9431, loss_cls: 0.9684, loss: 0.9684
2026-08-06 16:34:46,175 - pyskl - INFO - Epoch [1][10400/12529]	lr: 1.242e-02, eta: 11:39:34, time: 0.219, data_time: 0.000, memory: 1700, top1_acc: 0.7144, top5_acc: 0.9437, loss_cls: 0.9627, loss: 0.9627
2026-08-06 16:35:08,141 - pyskl - INFO - Epoch [1][10500/12529]	lr: 1.242e-02, eta: 11:39:10, time: 0.220, data_time: 0.000, memory: 1700, top1_acc: 0.6981, top5_acc: 0.9350, loss_cls: 0.9703, loss: 0.9703
2026-08-06 16:35:30,161 - pyskl - INFO - Epoch [1][10600/12529]	lr: 1.241e-02, eta: 11:38:47, time: 0.220, data_time: 0.000, memory: 1700, top1_acc: 0.7100, top5_acc: 0.9481, loss_cls: 0.9220, loss: 0.9220
2026-08-06 16:35:52,126 - pyskl - INFO - Epoch [1][10700/12529]	lr: 1.241e-02, eta: 11:38:22, time: 0.220, data_time: 0.000, memory: 1700, top1_acc: 0.7019, top5_acc: 0.9413, loss_cls: 0.9606, loss: 0.9606
2026-08-06 16:36:14,015 - pyskl - INFO - Epoch [1][10800/12529]	lr: 1.241e-02, eta: 11:37:57, time: 0.219, data_time: 0.000, memory: 1700, top1_acc: 0.7250, top5_acc: 0.9500, loss_cls: 0.8698, loss: 0.8698
2026-08-06 16:36:35,833 - pyskl - INFO - Epoch [1][10900/12529]	lr: 1.241e-02, eta: 11:37:30, time: 0.218, data_time: 0.000, memory: 1700, top1_acc: 0.7212, top5_acc: 0.9419, loss_cls: 0.8724, loss: 0.8724
2026-08-06 16:36:57,644 - pyskl - INFO - Epoch [1][11000/12529]	lr: 1.241e-02, eta: 11:37:04, time: 0.218, data_time: 0.000, memory: 1700, top1_acc: 0.7144, top5_acc: 0.9487, loss_cls: 0.9054, loss: 0.9054
2026-08-06 16:37:19,561 - pyskl - INFO - Epoch [1][11100/12529]	lr: 1.241e-02, eta: 11:36:39, time: 0.219, data_time: 0.000, memory: 1700, top1_acc: 0.7150, top5_acc: 0.9475, loss_cls: 0.8832, loss: 0.8832
2026-08-06 16:37:41,430 - pyskl - INFO - Epoch [1][11200/12529]	lr: 1.240e-02, eta: 11:36:13, time: 0.219, data_time: 0.000, memory: 1700, top1_acc: 0.7319, top5_acc: 0.9463, loss_cls: 0.9051, loss: 0.9051
2026-08-06 16:38:03,319 - pyskl - INFO - Epoch [1][11300/12529]	lr: 1.240e-02, eta: 11:35:48, time: 0.219, data_time: 0.000, memory: 1700, top1_acc: 0.6987, top5_acc: 0.9363, loss_cls: 0.9553, loss: 0.9553
2026-08-06 16:38:25,311 - pyskl - INFO - Epoch [1][11400/12529]	lr: 1.240e-02, eta: 11:35:25, time: 0.220, data_time: 0.000, memory: 1700, top1_acc: 0.6900, top5_acc: 0.9319, loss_cls: 0.9873, loss: 0.9873
2026-08-06 16:38:47,112 - pyskl - INFO - Epoch [1][11500/12529]	lr: 1.240e-02, eta: 11:34:58, time: 0.218, data_time: 0.000, memory: 1700, top1_acc: 0.7356, top5_acc: 0.9469, loss_cls: 0.8903, loss: 0.8903
2026-08-06 16:39:09,075 - pyskl - INFO - Epoch [1][11600/12529]	lr: 1.240e-02, eta: 11:34:35, time: 0.220, data_time: 0.000, memory: 1700, top1_acc: 0.7300, top5_acc: 0.9487, loss_cls: 0.8902, loss: 0.8902
2026-08-06 16:39:30,890 - pyskl - INFO - Epoch [1][11700/12529]	lr: 1.240e-02, eta: 11:34:08, time: 0.218, data_time: 0.000, memory: 1700, top1_acc: 0.7000, top5_acc: 0.9381, loss_cls: 0.9591, loss: 0.9591
2026-08-06 16:39:52,779 - pyskl - INFO - Epoch [1][11800/12529]	lr: 1.239e-02, eta: 11:33:44, time: 0.219, data_time: 0.000, memory: 1700, top1_acc: 0.7113, top5_acc: 0.9444, loss_cls: 0.9411, loss: 0.9411
2026-08-06 16:40:14,485 - pyskl - INFO - Epoch [1][11900/12529]	lr: 1.239e-02, eta: 11:33:16, time: 0.217, data_time: 0.000, memory: 1700, top1_acc: 0.7231, top5_acc: 0.9450, loss_cls: 0.8995, loss: 0.8995
2026-08-06 16:40:36,067 - pyskl - INFO - Epoch [1][12000/12529]	lr: 1.239e-02, eta: 11:32:46, time: 0.216, data_time: 0.000, memory: 1700, top1_acc: 0.7256, top5_acc: 0.9437, loss_cls: 0.8866, loss: 0.8866
2026-08-06 16:40:57,696 - pyskl - INFO - Epoch [1][12100/12529]	lr: 1.239e-02, eta: 11:32:18, time: 0.216, data_time: 0.000, memory: 1700, top1_acc: 0.7169, top5_acc: 0.9406, loss_cls: 0.9034, loss: 0.9034
2026-08-06 16:41:19,234 - pyskl - INFO - Epoch [1][12200/12529]	lr: 1.239e-02, eta: 11:31:48, time: 0.215, data_time: 0.000, memory: 1700, top1_acc: 0.7300, top5_acc: 0.9475, loss_cls: 0.8958, loss: 0.8958
2026-08-06 16:41:40,774 - pyskl - INFO - Epoch [1][12300/12529]	lr: 1.238e-02, eta: 11:31:18, time: 0.215, data_time: 0.000, memory: 1700, top1_acc: 0.7275, top5_acc: 0.9437, loss_cls: 0.8978, loss: 0.8978
2026-08-06 16:42:02,346 - pyskl - INFO - Epoch [1][12400/12529]	lr: 1.238e-02, eta: 11:30:49, time: 0.216, data_time: 0.000, memory: 1700, top1_acc: 0.7475, top5_acc: 0.9506, loss_cls: 0.8502, loss: 0.8502
2026-08-06 16:42:24,044 - pyskl - INFO - Epoch [1][12500/12529]	lr: 1.238e-02, eta: 11:30:21, time: 0.217, data_time: 0.000, memory: 1700, top1_acc: 0.7400, top5_acc: 0.9350, loss_cls: 0.8772, loss: 0.8772
2026-08-06 16:42:30,669 - pyskl - INFO - Saving checkpoint at 1 epochs
2026-08-06 16:43:48,215 - pyskl - INFO - Evaluating top_k_accuracy ...
2026-08-06 16:43:48,276 - pyskl - INFO - 
top1_acc	0.7218
top5_acc	0.9395
2026-08-06 16:43:48,400 - pyskl - INFO - Now best checkpoint is saved as best_top1_acc_epoch_1.pth.
2026-08-06 16:43:48,401 - pyskl - INFO - Best top1_acc is 0.7218 at 1 epoch.
2026-08-06 16:43:48,404 - pyskl - INFO - Epoch(val) [1][1031]	top1_acc: 0.7218, top5_acc: 0.9395
2026-08-06 16:44:23,323 - pyskl - INFO - Epoch [2][100/12529]	lr: 1.238e-02, eta: 11:31:29, time: 0.349, data_time: 0.125, memory: 1700, top1_acc: 0.7381, top5_acc: 0.9513, loss_cls: 0.8523, loss: 0.8523
2026-08-06 16:44:48,323 - pyskl - INFO - Epoch [2][200/12529]	lr: 1.238e-02, eta: 11:31:50, time: 0.250, data_time: 0.000, memory: 1700, top1_acc: 0.7475, top5_acc: 0.9419, loss_cls: 0.8393, loss: 0.8393
2026-08-06 16:45:11,079 - pyskl - INFO - Epoch [2][300/12529]	lr: 1.237e-02, eta: 11:31:38, time: 0.228, data_time: 0.000, memory: 1700, top1_acc: 0.7250, top5_acc: 0.9444, loss_cls: 0.8809, loss: 0.8809
2026-08-06 16:45:35,453 - pyskl - INFO - Epoch [2][400/12529]	lr: 1.237e-02, eta: 11:31:48, time: 0.244, data_time: 0.000, memory: 1700, top1_acc: 0.7456, top5_acc: 0.9431, loss_cls: 0.8502, loss: 0.8502
2026-08-06 16:45:58,143 - pyskl - INFO - Epoch [2][500/12529]	lr: 1.237e-02, eta: 11:31:34, time: 0.227, data_time: 0.000, memory: 1700, top1_acc: 0.7550, top5_acc: 0.9575, loss_cls: 0.7988, loss: 0.7988
2026-08-06 16:46:19,841 - pyskl - INFO - Epoch [2][600/12529]	lr: 1.237e-02, eta: 11:31:06, time: 0.217, data_time: 0.000, memory: 1700, top1_acc: 0.7394, top5_acc: 0.9531, loss_cls: 0.8373, loss: 0.8373
2026-08-06 16:46:41,523 - pyskl - INFO - Epoch [2][700/12529]	lr: 1.237e-02, eta: 11:30:37, time: 0.217, data_time: 0.000, memory: 1700, top1_acc: 0.7375, top5_acc: 0.9475, loss_cls: 0.8444, loss: 0.8444
2026-08-06 16:47:03,043 - pyskl - INFO - Epoch [2][800/12529]	lr: 1.236e-02, eta: 11:30:06, time: 0.215, data_time: 0.000, memory: 1700, top1_acc: 0.7562, top5_acc: 0.9481, loss_cls: 0.8355, loss: 0.8355
2026-08-06 16:47:24,680 - pyskl - INFO - Epoch [2][900/12529]	lr: 1.236e-02, eta: 11:29:37, time: 0.216, data_time: 0.000, memory: 1700, top1_acc: 0.7469, top5_acc: 0.9537, loss_cls: 0.8437, loss: 0.8437
2026-08-06 16:47:46,203 - pyskl - INFO - Epoch [2][1000/12529]	lr: 1.236e-02, eta: 11:29:07, time: 0.215, data_time: 0.000, memory: 1700, top1_acc: 0.7644, top5_acc: 0.9563, loss_cls: 0.8004, loss: 0.8004
2026-08-06 16:48:07,842 - pyskl - INFO - Epoch [2][1100/12529]	lr: 1.236e-02, eta: 11:28:38, time: 0.216, data_time: 0.000, memory: 1700, top1_acc: 0.7494, top5_acc: 0.9456, loss_cls: 0.8539, loss: 0.8539
2026-08-06 16:48:29,327 - pyskl - INFO - Epoch [2][1200/12529]	lr: 1.236e-02, eta: 11:28:08, time: 0.215, data_time: 0.000, memory: 1700, top1_acc: 0.7562, top5_acc: 0.9525, loss_cls: 0.8131, loss: 0.8131
2026-08-06 16:48:50,885 - pyskl - INFO - Epoch [2][1300/12529]	lr: 1.235e-02, eta: 11:27:38, time: 0.216, data_time: 0.000, memory: 1700, top1_acc: 0.7381, top5_acc: 0.9525, loss_cls: 0.8406, loss: 0.8406
2026-08-06 16:49:12,493 - pyskl - INFO - Epoch [2][1400/12529]	lr: 1.235e-02, eta: 11:27:09, time: 0.216, data_time: 0.000, memory: 1700, top1_acc: 0.7481, top5_acc: 0.9450, loss_cls: 0.8113, loss: 0.8113
2026-08-06 16:49:33,966 - pyskl - INFO - Epoch [2][1500/12529]	lr: 1.235e-02, eta: 11:26:39, time: 0.215, data_time: 0.000, memory: 1700, top1_acc: 0.7538, top5_acc: 0.9525, loss_cls: 0.8056, loss: 0.8056
2026-08-06 16:49:55,441 - pyskl - INFO - Epoch [2][1600/12529]	lr: 1.235e-02, eta: 11:26:08, time: 0.215, data_time: 0.000, memory: 1700, top1_acc: 0.7350, top5_acc: 0.9513, loss_cls: 0.8496, loss: 0.8496
2026-08-06 16:50:17,001 - pyskl - INFO - Epoch [2][1700/12529]	lr: 1.235e-02, eta: 11:25:39, time: 0.216, data_time: 0.000, memory: 1700, top1_acc: 0.7369, top5_acc: 0.9425, loss_cls: 0.8762, loss: 0.8762
2026-08-06 16:50:38,568 - pyskl - INFO - Epoch [2][1800/12529]	lr: 1.234e-02, eta: 11:25:10, time: 0.216, data_time: 0.000, memory: 1700, top1_acc: 0.7438, top5_acc: 0.9500, loss_cls: 0.8177, loss: 0.8177
2026-08-06 16:51:00,155 - pyskl - INFO - Epoch [2][1900/12529]	lr: 1.234e-02, eta: 11:24:42, time: 0.216, data_time: 0.000, memory: 1700, top1_acc: 0.7300, top5_acc: 0.9519, loss_cls: 0.8820, loss: 0.8820
2026-08-06 16:51:21,635 - pyskl - INFO - Epoch [2][2000/12529]	lr: 1.234e-02, eta: 11:24:12, time: 0.215, data_time: 0.000, memory: 1700, top1_acc: 0.7344, top5_acc: 0.9544, loss_cls: 0.8452, loss: 0.8452
2026-08-06 16:51:43,202 - pyskl - INFO - Epoch [2][2100/12529]	lr: 1.234e-02, eta: 11:23:43, time: 0.216, data_time: 0.000, memory: 1700, top1_acc: 0.7288, top5_acc: 0.9419, loss_cls: 0.8772, loss: 0.8772
2026-08-06 16:52:04,840 - pyskl - INFO - Epoch [2][2200/12529]	lr: 1.233e-02, eta: 11:23:16, time: 0.216, data_time: 0.000, memory: 1700, top1_acc: 0.7469, top5_acc: 0.9569, loss_cls: 0.8057, loss: 0.8057
2026-08-06 16:52:26,463 - pyskl - INFO - Epoch [2][2300/12529]	lr: 1.233e-02, eta: 11:22:48, time: 0.216, data_time: 0.000, memory: 1700, top1_acc: 0.7444, top5_acc: 0.9537, loss_cls: 0.8326, loss: 0.8326
2026-08-06 16:52:47,893 - pyskl - INFO - Epoch [2][2400/12529]	lr: 1.233e-02, eta: 11:22:18, time: 0.214, data_time: 0.000, memory: 1700, top1_acc: 0.7594, top5_acc: 0.9506, loss_cls: 0.8131, loss: 0.8131
2026-08-06 16:53:09,397 - pyskl - INFO - Epoch [2][2500/12529]	lr: 1.233e-02, eta: 11:21:49, time: 0.215, data_time: 0.000, memory: 1700, top1_acc: 0.7562, top5_acc: 0.9525, loss_cls: 0.7806, loss: 0.7806
2026-08-06 16:53:30,985 - pyskl - INFO - Epoch [2][2600/12529]	lr: 1.233e-02, eta: 11:21:21, time: 0.216, data_time: 0.000, memory: 1700, top1_acc: 0.7450, top5_acc: 0.9494, loss_cls: 0.8045, loss: 0.8045
2026-08-06 16:53:52,570 - pyskl - INFO - Epoch [2][2700/12529]	lr: 1.232e-02, eta: 11:20:53, time: 0.216, data_time: 0.000, memory: 1700, top1_acc: 0.7644, top5_acc: 0.9656, loss_cls: 0.7446, loss: 0.7446
2026-08-06 16:54:14,066 - pyskl - INFO - Epoch [2][2800/12529]	lr: 1.232e-02, eta: 11:20:25, time: 0.215, data_time: 0.000, memory: 1700, top1_acc: 0.7475, top5_acc: 0.9494, loss_cls: 0.8147, loss: 0.8147
2026-08-06 16:54:35,658 - pyskl - INFO - Epoch [2][2900/12529]	lr: 1.232e-02, eta: 11:19:57, time: 0.216, data_time: 0.000, memory: 1700, top1_acc: 0.7588, top5_acc: 0.9569, loss_cls: 0.7784, loss: 0.7784
2026-08-06 16:54:57,315 - pyskl - INFO - Epoch [2][3000/12529]	lr: 1.232e-02, eta: 11:19:30, time: 0.217, data_time: 0.000, memory: 1700, top1_acc: 0.7638, top5_acc: 0.9556, loss_cls: 0.7454, loss: 0.7454
2026-08-06 16:55:18,975 - pyskl - INFO - Epoch [2][3100/12529]	lr: 1.231e-02, eta: 11:19:04, time: 0.217, data_time: 0.000, memory: 1700, top1_acc: 0.7544, top5_acc: 0.9600, loss_cls: 0.7670, loss: 0.7670
2026-08-06 16:55:40,525 - pyskl - INFO - Epoch [2][3200/12529]	lr: 1.231e-02, eta: 11:18:36, time: 0.215, data_time: 0.000, memory: 1700, top1_acc: 0.7706, top5_acc: 0.9525, loss_cls: 0.7507, loss: 0.7507
2026-08-06 16:56:02,047 - pyskl - INFO - Epoch [2][3300/12529]	lr: 1.231e-02, eta: 11:18:08, time: 0.215, data_time: 0.000, memory: 1700, top1_acc: 0.7706, top5_acc: 0.9569, loss_cls: 0.7464, loss: 0.7464
2026-08-06 16:56:23,667 - pyskl - INFO - Epoch [2][3400/12529]	lr: 1.231e-02, eta: 11:17:41, time: 0.216, data_time: 0.000, memory: 1700, top1_acc: 0.7556, top5_acc: 0.9600, loss_cls: 0.7701, loss: 0.7701
2026-08-06 16:56:45,119 - pyskl - INFO - Epoch [2][3500/12529]	lr: 1.230e-02, eta: 11:17:12, time: 0.215, data_time: 0.000, memory: 1700, top1_acc: 0.7619, top5_acc: 0.9513, loss_cls: 0.7715, loss: 0.7715
2026-08-06 16:57:06,699 - pyskl - INFO - Epoch [2][3600/12529]	lr: 1.230e-02, eta: 11:16:45, time: 0.216, data_time: 0.000, memory: 1700, top1_acc: 0.7712, top5_acc: 0.9550, loss_cls: 0.7620, loss: 0.7620
2026-08-06 16:57:28,245 - pyskl - INFO - Epoch [2][3700/12529]	lr: 1.230e-02, eta: 11:16:17, time: 0.215, data_time: 0.000, memory: 1700, top1_acc: 0.7656, top5_acc: 0.9494, loss_cls: 0.7718, loss: 0.7718
2026-08-06 16:57:49,730 - pyskl - INFO - Epoch [2][3800/12529]	lr: 1.230e-02, eta: 11:15:49, time: 0.215, data_time: 0.000, memory: 1700, top1_acc: 0.7650, top5_acc: 0.9606, loss_cls: 0.7558, loss: 0.7558
2026-08-06 16:58:11,325 - pyskl - INFO - Epoch [2][3900/12529]	lr: 1.229e-02, eta: 11:15:22, time: 0.216, data_time: 0.000, memory: 1700, top1_acc: 0.7731, top5_acc: 0.9637, loss_cls: 0.7506, loss: 0.7506
2026-08-06 16:58:32,882 - pyskl - INFO - Epoch [2][4000/12529]	lr: 1.229e-02, eta: 11:14:55, time: 0.216, data_time: 0.000, memory: 1700, top1_acc: 0.7656, top5_acc: 0.9606, loss_cls: 0.7445, loss: 0.7445
2026-08-06 16:58:54,417 - pyskl - INFO - Epoch [2][4100/12529]	lr: 1.229e-02, eta: 11:14:28, time: 0.215, data_time: 0.000, memory: 1700, top1_acc: 0.7762, top5_acc: 0.9625, loss_cls: 0.7333, loss: 0.7333
2026-08-06 16:59:15,914 - pyskl - INFO - Epoch [2][4200/12529]	lr: 1.229e-02, eta: 11:14:00, time: 0.215, data_time: 0.000, memory: 1700, top1_acc: 0.7581, top5_acc: 0.9569, loss_cls: 0.7654, loss: 0.7654
2026-08-06 16:59:37,502 - pyskl - INFO - Epoch [2][4300/12529]	lr: 1.228e-02, eta: 11:13:34, time: 0.216, data_time: 0.000, memory: 1700, top1_acc: 0.7913, top5_acc: 0.9644, loss_cls: 0.7072, loss: 0.7072
2026-08-06 16:59:58,991 - pyskl - INFO - Epoch [2][4400/12529]	lr: 1.228e-02, eta: 11:13:06, time: 0.215, data_time: 0.000, memory: 1700, top1_acc: 0.7738, top5_acc: 0.9688, loss_cls: 0.7244, loss: 0.7244
2026-08-06 17:00:20,466 - pyskl - INFO - Epoch [2][4500/12529]	lr: 1.228e-02, eta: 11:12:38, time: 0.215, data_time: 0.000, memory: 1700, top1_acc: 0.7681, top5_acc: 0.9569, loss_cls: 0.7635, loss: 0.7635
2026-08-06 17:00:41,953 - pyskl - INFO - Epoch [2][4600/12529]	lr: 1.228e-02, eta: 11:12:11, time: 0.215, data_time: 0.000, memory: 1700, top1_acc: 0.7625, top5_acc: 0.9569, loss_cls: 0.7610, loss: 0.7610
2026-08-06 17:01:03,439 - pyskl - INFO - Epoch [2][4700/12529]	lr: 1.227e-02, eta: 11:11:43, time: 0.215, data_time: 0.000, memory: 1700, top1_acc: 0.7706, top5_acc: 0.9513, loss_cls: 0.7745, loss: 0.7745
2026-08-06 17:01:24,999 - pyskl - INFO - Epoch [2][4800/12529]	lr: 1.227e-02, eta: 11:11:17, time: 0.216, data_time: 0.000, memory: 1700, top1_acc: 0.7781, top5_acc: 0.9587, loss_cls: 0.7081, loss: 0.7081
2026-08-06 17:01:46,535 - pyskl - INFO - Epoch [2][4900/12529]	lr: 1.227e-02, eta: 11:10:50, time: 0.215, data_time: 0.000, memory: 1700, top1_acc: 0.7612, top5_acc: 0.9531, loss_cls: 0.7658, loss: 0.7658
2026-08-06 17:02:08,088 - pyskl - INFO - Epoch [2][5000/12529]	lr: 1.227e-02, eta: 11:10:23, time: 0.216, data_time: 0.000, memory: 1700, top1_acc: 0.7644, top5_acc: 0.9613, loss_cls: 0.7443, loss: 0.7443
2026-08-06 17:02:29,611 - pyskl - INFO - Epoch [2][5100/12529]	lr: 1.226e-02, eta: 11:09:57, time: 0.215, data_time: 0.000, memory: 1700, top1_acc: 0.7569, top5_acc: 0.9481, loss_cls: 0.7795, loss: 0.7795
2026-08-06 17:02:51,109 - pyskl - INFO - Epoch [2][5200/12529]	lr: 1.226e-02, eta: 11:09:30, time: 0.215, data_time: 0.000, memory: 1700, top1_acc: 0.7906, top5_acc: 0.9694, loss_cls: 0.7036, loss: 0.7036
2026-08-06 17:03:12,621 - pyskl - INFO - Epoch [2][5300/12529]	lr: 1.226e-02, eta: 11:09:03, time: 0.215, data_time: 0.000, memory: 1700, top1_acc: 0.7606, top5_acc: 0.9594, loss_cls: 0.7610, loss: 0.7610
2026-08-06 17:03:34,092 - pyskl - INFO - Epoch [2][5400/12529]	lr: 1.225e-02, eta: 11:08:36, time: 0.215, data_time: 0.000, memory: 1700, top1_acc: 0.7881, top5_acc: 0.9669, loss_cls: 0.6979, loss: 0.6979
2026-08-06 17:03:55,459 - pyskl - INFO - Epoch [2][5500/12529]	lr: 1.225e-02, eta: 11:08:07, time: 0.214, data_time: 0.000, memory: 1700, top1_acc: 0.7538, top5_acc: 0.9550, loss_cls: 0.7862, loss: 0.7862
2026-08-06 17:04:17,002 - pyskl - INFO - Epoch [2][5600/12529]	lr: 1.225e-02, eta: 11:07:41, time: 0.215, data_time: 0.000, memory: 1700, top1_acc: 0.7794, top5_acc: 0.9519, loss_cls: 0.7395, loss: 0.7395
2026-08-06 17:04:38,585 - pyskl - INFO - Epoch [2][5700/12529]	lr: 1.225e-02, eta: 11:07:15, time: 0.216, data_time: 0.000, memory: 1700, top1_acc: 0.7731, top5_acc: 0.9619, loss_cls: 0.7508, loss: 0.7508
2026-08-06 17:05:00,015 - pyskl - INFO - Epoch [2][5800/12529]	lr: 1.224e-02, eta: 11:06:48, time: 0.214, data_time: 0.000, memory: 1700, top1_acc: 0.7825, top5_acc: 0.9613, loss_cls: 0.7171, loss: 0.7171
2026-08-06 17:05:21,559 - pyskl - INFO - Epoch [2][5900/12529]	lr: 1.224e-02, eta: 11:06:22, time: 0.215, data_time: 0.000, memory: 1700, top1_acc: 0.7900, top5_acc: 0.9587, loss_cls: 0.7020, loss: 0.7020
2026-08-06 17:05:42,956 - pyskl - INFO - Epoch [2][6000/12529]	lr: 1.224e-02, eta: 11:05:54, time: 0.214, data_time: 0.000, memory: 1700, top1_acc: 0.7688, top5_acc: 0.9556, loss_cls: 0.7356, loss: 0.7356
2026-08-06 17:06:04,335 - pyskl - INFO - Epoch [2][6100/12529]	lr: 1.224e-02, eta: 11:05:27, time: 0.214, data_time: 0.000, memory: 1700, top1_acc: 0.7819, top5_acc: 0.9556, loss_cls: 0.7192, loss: 0.7192
2026-08-06 17:06:26,042 - pyskl - INFO - Epoch [2][6200/12529]	lr: 1.223e-02, eta: 11:05:02, time: 0.217, data_time: 0.000, memory: 1700, top1_acc: 0.7844, top5_acc: 0.9675, loss_cls: 0.6778, loss: 0.6778
2026-08-06 17:06:47,614 - pyskl - INFO - Epoch [2][6300/12529]	lr: 1.223e-02, eta: 11:04:36, time: 0.216, data_time: 0.000, memory: 1700, top1_acc: 0.7775, top5_acc: 0.9619, loss_cls: 0.7101, loss: 0.7101
2026-08-06 17:07:09,086 - pyskl - INFO - Epoch [2][6400/12529]	lr: 1.223e-02, eta: 11:04:10, time: 0.215, data_time: 0.000, memory: 1700, top1_acc: 0.7638, top5_acc: 0.9613, loss_cls: 0.7501, loss: 0.7501
2026-08-06 17:07:30,687 - pyskl - INFO - Epoch [2][6500/12529]	lr: 1.222e-02, eta: 11:03:45, time: 0.216, data_time: 0.000, memory: 1700, top1_acc: 0.8100, top5_acc: 0.9675, loss_cls: 0.6301, loss: 0.6301
2026-08-06 17:07:52,190 - pyskl - INFO - Epoch [2][6600/12529]	lr: 1.222e-02, eta: 11:03:18, time: 0.215, data_time: 0.000, memory: 1700, top1_acc: 0.7869, top5_acc: 0.9606, loss_cls: 0.6846, loss: 0.6846
2026-08-06 17:08:13,720 - pyskl - INFO - Epoch [2][6700/12529]	lr: 1.222e-02, eta: 11:02:52, time: 0.215, data_time: 0.000, memory: 1700, top1_acc: 0.7906, top5_acc: 0.9637, loss_cls: 0.6715, loss: 0.6715
2026-08-06 17:08:35,256 - pyskl - INFO - Epoch [2][6800/12529]	lr: 1.222e-02, eta: 11:02:27, time: 0.215, data_time: 0.000, memory: 1700, top1_acc: 0.7875, top5_acc: 0.9606, loss_cls: 0.7199, loss: 0.7199
2026-08-06 17:08:56,690 - pyskl - INFO - Epoch [2][6900/12529]	lr: 1.221e-02, eta: 11:02:00, time: 0.214, data_time: 0.000, memory: 1700, top1_acc: 0.7756, top5_acc: 0.9637, loss_cls: 0.7146, loss: 0.7146
2026-08-06 17:09:18,319 - pyskl - INFO - Epoch [2][7000/12529]	lr: 1.221e-02, eta: 11:01:35, time: 0.216, data_time: 0.000, memory: 1700, top1_acc: 0.8131, top5_acc: 0.9606, loss_cls: 0.6436, loss: 0.6436
2026-08-06 17:09:39,823 - pyskl - INFO - Epoch [2][7100/12529]	lr: 1.221e-02, eta: 11:01:09, time: 0.215, data_time: 0.000, memory: 1700, top1_acc: 0.7837, top5_acc: 0.9606, loss_cls: 0.6931, loss: 0.6931
2026-08-06 17:10:01,266 - pyskl - INFO - Epoch [2][7200/12529]	lr: 1.220e-02, eta: 11:00:43, time: 0.214, data_time: 0.000, memory: 1700, top1_acc: 0.7762, top5_acc: 0.9594, loss_cls: 0.6973, loss: 0.6973
2026-08-06 17:10:22,840 - pyskl - INFO - Epoch [2][7300/12529]	lr: 1.220e-02, eta: 11:00:18, time: 0.216, data_time: 0.000, memory: 1700, top1_acc: 0.7719, top5_acc: 0.9575, loss_cls: 0.7608, loss: 0.7608
2026-08-06 17:10:44,399 - pyskl - INFO - Epoch [2][7400/12529]	lr: 1.220e-02, eta: 10:59:52, time: 0.216, data_time: 0.000, memory: 1700, top1_acc: 0.7794, top5_acc: 0.9675, loss_cls: 0.7036, loss: 0.7036
2026-08-06 17:11:06,028 - pyskl - INFO - Epoch [2][7500/12529]	lr: 1.219e-02, eta: 10:59:28, time: 0.216, data_time: 0.000, memory: 1700, top1_acc: 0.7756, top5_acc: 0.9569, loss_cls: 0.7224, loss: 0.7224
2026-08-06 17:11:27,562 - pyskl - INFO - Epoch [2][7600/12529]	lr: 1.219e-02, eta: 10:59:02, time: 0.215, data_time: 0.000, memory: 1700, top1_acc: 0.7656, top5_acc: 0.9569, loss_cls: 0.7602, loss: 0.7602
2026-08-06 17:11:49,069 - pyskl - INFO - Epoch [2][7700/12529]	lr: 1.219e-02, eta: 10:58:36, time: 0.215, data_time: 0.000, memory: 1700, top1_acc: 0.7863, top5_acc: 0.9619, loss_cls: 0.7027, loss: 0.7027
2026-08-06 17:12:10,563 - pyskl - INFO - Epoch [2][7800/12529]	lr: 1.219e-02, eta: 10:58:11, time: 0.215, data_time: 0.000, memory: 1700, top1_acc: 0.7694, top5_acc: 0.9600, loss_cls: 0.7160, loss: 0.7160
2026-08-06 17:12:32,095 - pyskl - INFO - Epoch [2][7900/12529]	lr: 1.218e-02, eta: 10:57:45, time: 0.215, data_time: 0.000, memory: 1700, top1_acc: 0.7900, top5_acc: 0.9569, loss_cls: 0.7022, loss: 0.7022
2026-08-06 17:12:53,525 - pyskl - INFO - Epoch [2][8000/12529]	lr: 1.218e-02, eta: 10:57:19, time: 0.214, data_time: 0.000, memory: 1700, top1_acc: 0.7919, top5_acc: 0.9563, loss_cls: 0.7060, loss: 0.7060
2026-08-06 17:13:14,964 - pyskl - INFO - Epoch [2][8100/12529]	lr: 1.218e-02, eta: 10:56:53, time: 0.214, data_time: 0.000, memory: 1700, top1_acc: 0.7812, top5_acc: 0.9525, loss_cls: 0.7211, loss: 0.7211
2026-08-06 17:13:36,445 - pyskl - INFO - Epoch [2][8200/12529]	lr: 1.217e-02, eta: 10:56:27, time: 0.215, data_time: 0.000, memory: 1700, top1_acc: 0.7800, top5_acc: 0.9575, loss_cls: 0.6960, loss: 0.6960
2026-08-06 17:13:57,994 - pyskl - INFO - Epoch [2][8300/12529]	lr: 1.217e-02, eta: 10:56:02, time: 0.216, data_time: 0.000, memory: 1700, top1_acc: 0.7738, top5_acc: 0.9463, loss_cls: 0.7670, loss: 0.7670
2026-08-06 17:14:19,538 - pyskl - INFO - Epoch [2][8400/12529]	lr: 1.217e-02, eta: 10:55:37, time: 0.215, data_time: 0.000, memory: 1700, top1_acc: 0.7812, top5_acc: 0.9619, loss_cls: 0.7040, loss: 0.7040
2026-08-06 17:14:41,051 - pyskl - INFO - Epoch [2][8500/12529]	lr: 1.216e-02, eta: 10:55:12, time: 0.215, data_time: 0.000, memory: 1700, top1_acc: 0.7712, top5_acc: 0.9587, loss_cls: 0.7526, loss: 0.7526
2026-08-06 17:15:02,472 - pyskl - INFO - Epoch [2][8600/12529]	lr: 1.216e-02, eta: 10:54:46, time: 0.214, data_time: 0.000, memory: 1700, top1_acc: 0.8019, top5_acc: 0.9556, loss_cls: 0.6945, loss: 0.6945
2026-08-06 17:15:24,092 - pyskl - INFO - Epoch [2][8700/12529]	lr: 1.216e-02, eta: 10:54:21, time: 0.216, data_time: 0.000, memory: 1700, top1_acc: 0.7925, top5_acc: 0.9569, loss_cls: 0.6736, loss: 0.6736
2026-08-06 17:15:45,472 - pyskl - INFO - Epoch [2][8800/12529]	lr: 1.215e-02, eta: 10:53:55, time: 0.214, data_time: 0.000, memory: 1700, top1_acc: 0.8056, top5_acc: 0.9619, loss_cls: 0.6479, loss: 0.6479
2026-08-06 17:16:07,039 - pyskl - INFO - Epoch [2][8900/12529]	lr: 1.215e-02, eta: 10:53:30, time: 0.216, data_time: 0.000, memory: 1700, top1_acc: 0.7863, top5_acc: 0.9669, loss_cls: 0.6844, loss: 0.6844
2026-08-06 17:16:28,545 - pyskl - INFO - Epoch [2][9000/12529]	lr: 1.215e-02, eta: 10:53:05, time: 0.215, data_time: 0.000, memory: 1700, top1_acc: 0.7694, top5_acc: 0.9563, loss_cls: 0.7482, loss: 0.7482
2026-08-06 17:16:49,969 - pyskl - INFO - Epoch [2][9100/12529]	lr: 1.214e-02, eta: 10:52:39, time: 0.214, data_time: 0.000, memory: 1700, top1_acc: 0.7913, top5_acc: 0.9719, loss_cls: 0.6357, loss: 0.6357
2026-08-06 17:17:11,461 - pyskl - INFO - Epoch [2][9200/12529]	lr: 1.214e-02, eta: 10:52:14, time: 0.215, data_time: 0.000, memory: 1700, top1_acc: 0.7994, top5_acc: 0.9694, loss_cls: 0.6454, loss: 0.6454
2026-08-06 17:17:32,828 - pyskl - INFO - Epoch [2][9300/12529]	lr: 1.214e-02, eta: 10:51:48, time: 0.214, data_time: 0.000, memory: 1700, top1_acc: 0.7819, top5_acc: 0.9681, loss_cls: 0.6796, loss: 0.6796
2026-08-06 17:17:54,347 - pyskl - INFO - Epoch [2][9400/12529]	lr: 1.213e-02, eta: 10:51:23, time: 0.215, data_time: 0.000, memory: 1700, top1_acc: 0.7819, top5_acc: 0.9625, loss_cls: 0.6917, loss: 0.6917
2026-08-06 17:18:15,905 - pyskl - INFO - Epoch [2][9500/12529]	lr: 1.213e-02, eta: 10:50:58, time: 0.216, data_time: 0.000, memory: 1700, top1_acc: 0.7844, top5_acc: 0.9556, loss_cls: 0.7170, loss: 0.7170
2026-08-06 17:18:37,267 - pyskl - INFO - Epoch [2][9600/12529]	lr: 1.213e-02, eta: 10:50:32, time: 0.214, data_time: 0.000, memory: 1700, top1_acc: 0.7994, top5_acc: 0.9656, loss_cls: 0.6455, loss: 0.6455
2026-08-06 17:18:58,659 - pyskl - INFO - Epoch [2][9700/12529]	lr: 1.212e-02, eta: 10:50:06, time: 0.214, data_time: 0.000, memory: 1700, top1_acc: 0.7875, top5_acc: 0.9644, loss_cls: 0.7073, loss: 0.7073
2026-08-06 17:19:20,174 - pyskl - INFO - Epoch [2][9800/12529]	lr: 1.212e-02, eta: 10:49:42, time: 0.215, data_time: 0.000, memory: 1700, top1_acc: 0.7881, top5_acc: 0.9606, loss_cls: 0.6900, loss: 0.6900
2026-08-06 17:19:41,703 - pyskl - INFO - Epoch [2][9900/12529]	lr: 1.212e-02, eta: 10:49:17, time: 0.215, data_time: 0.000, memory: 1700, top1_acc: 0.7931, top5_acc: 0.9637, loss_cls: 0.6575, loss: 0.6575
2026-08-06 17:20:03,286 - pyskl - INFO - Epoch [2][10000/12529]	lr: 1.211e-02, eta: 10:48:53, time: 0.216, data_time: 0.000, memory: 1700, top1_acc: 0.7719, top5_acc: 0.9563, loss_cls: 0.7270, loss: 0.7270
2026-08-06 17:20:25,040 - pyskl - INFO - Epoch [2][10100/12529]	lr: 1.211e-02, eta: 10:48:30, time: 0.218, data_time: 0.000, memory: 1700, top1_acc: 0.7719, top5_acc: 0.9563, loss_cls: 0.7340, loss: 0.7340
2026-08-06 17:20:46,468 - pyskl - INFO - Epoch [2][10200/12529]	lr: 1.211e-02, eta: 10:48:04, time: 0.214, data_time: 0.000, memory: 1700, top1_acc: 0.7812, top5_acc: 0.9606, loss_cls: 0.7091, loss: 0.7091
2026-08-06 17:21:07,980 - pyskl - INFO - Epoch [2][10300/12529]	lr: 1.210e-02, eta: 10:47:40, time: 0.215, data_time: 0.000, memory: 1700, top1_acc: 0.7900, top5_acc: 0.9712, loss_cls: 0.6647, loss: 0.6647
2026-08-06 17:21:29,532 - pyskl - INFO - Epoch [2][10400/12529]	lr: 1.210e-02, eta: 10:47:15, time: 0.216, data_time: 0.000, memory: 1700, top1_acc: 0.7975, top5_acc: 0.9644, loss_cls: 0.6685, loss: 0.6685
2026-08-06 17:21:50,901 - pyskl - INFO - Epoch [2][10500/12529]	lr: 1.210e-02, eta: 10:46:49, time: 0.214, data_time: 0.000, memory: 1700, top1_acc: 0.7887, top5_acc: 0.9606, loss_cls: 0.6896, loss: 0.6896
2026-08-06 17:22:12,406 - pyskl - INFO - Epoch [2][10600/12529]	lr: 1.209e-02, eta: 10:46:25, time: 0.215, data_time: 0.000, memory: 1700, top1_acc: 0.7931, top5_acc: 0.9700, loss_cls: 0.6564, loss: 0.6564
2026-08-06 17:22:33,812 - pyskl - INFO - Epoch [2][10700/12529]	lr: 1.209e-02, eta: 10:45:59, time: 0.214, data_time: 0.000, memory: 1700, top1_acc: 0.8019, top5_acc: 0.9694, loss_cls: 0.6437, loss: 0.6437
2026-08-06 17:22:55,313 - pyskl - INFO - Epoch [2][10800/12529]	lr: 1.209e-02, eta: 10:45:35, time: 0.215, data_time: 0.000, memory: 1700, top1_acc: 0.7869, top5_acc: 0.9600, loss_cls: 0.6980, loss: 0.6980
2026-08-06 17:23:16,900 - pyskl - INFO - Epoch [2][10900/12529]	lr: 1.208e-02, eta: 10:45:11, time: 0.216, data_time: 0.000, memory: 1700, top1_acc: 0.7744, top5_acc: 0.9700, loss_cls: 0.6874, loss: 0.6874
2026-08-06 17:23:38,355 - pyskl - INFO - Epoch [2][11000/12529]	lr: 1.208e-02, eta: 10:44:46, time: 0.215, data_time: 0.000, memory: 1700, top1_acc: 0.8006, top5_acc: 0.9669, loss_cls: 0.6437, loss: 0.6437
2026-08-06 17:23:59,892 - pyskl - INFO - Epoch [2][11100/12529]	lr: 1.208e-02, eta: 10:44:21, time: 0.215, data_time: 0.000, memory: 1700, top1_acc: 0.7900, top5_acc: 0.9606, loss_cls: 0.6874, loss: 0.6874
2026-08-06 17:24:21,305 - pyskl - INFO - Epoch [2][11200/12529]	lr: 1.207e-02, eta: 10:43:56, time: 0.214, data_time: 0.000, memory: 1700, top1_acc: 0.7744, top5_acc: 0.9563, loss_cls: 0.7349, loss: 0.7349
2026-08-06 17:24:42,816 - pyskl - INFO - Epoch [2][11300/12529]	lr: 1.207e-02, eta: 10:43:32, time: 0.215, data_time: 0.000, memory: 1700, top1_acc: 0.8025, top5_acc: 0.9694, loss_cls: 0.6263, loss: 0.6263
2026-08-06 17:25:04,263 - pyskl - INFO - Epoch [2][11400/12529]	lr: 1.207e-02, eta: 10:43:07, time: 0.214, data_time: 0.000, memory: 1700, top1_acc: 0.8075, top5_acc: 0.9688, loss_cls: 0.6245, loss: 0.6245
2026-08-06 17:25:25,774 - pyskl - INFO - Epoch [2][11500/12529]	lr: 1.206e-02, eta: 10:42:42, time: 0.215, data_time: 0.000, memory: 1700, top1_acc: 0.8169, top5_acc: 0.9738, loss_cls: 0.5907, loss: 0.5907
2026-08-06 17:25:47,390 - pyskl - INFO - Epoch [2][11600/12529]	lr: 1.206e-02, eta: 10:42:19, time: 0.216, data_time: 0.000, memory: 1700, top1_acc: 0.7725, top5_acc: 0.9594, loss_cls: 0.7407, loss: 0.7407
2026-08-06 17:26:09,010 - pyskl - INFO - Epoch [2][11700/12529]	lr: 1.205e-02, eta: 10:41:55, time: 0.216, data_time: 0.000, memory: 1700, top1_acc: 0.7963, top5_acc: 0.9631, loss_cls: 0.6611, loss: 0.6611
2026-08-06 17:26:30,600 - pyskl - INFO - Epoch [2][11800/12529]	lr: 1.205e-02, eta: 10:41:31, time: 0.216, data_time: 0.000, memory: 1700, top1_acc: 0.8044, top5_acc: 0.9625, loss_cls: 0.6374, loss: 0.6374
2026-08-06 17:26:52,180 - pyskl - INFO - Epoch [2][11900/12529]	lr: 1.205e-02, eta: 10:41:08, time: 0.216, data_time: 0.000, memory: 1700, top1_acc: 0.8187, top5_acc: 0.9762, loss_cls: 0.5932, loss: 0.5932
2026-08-06 17:27:13,756 - pyskl - INFO - Epoch [2][12000/12529]	lr: 1.204e-02, eta: 10:40:44, time: 0.216, data_time: 0.000, memory: 1700, top1_acc: 0.7975, top5_acc: 0.9663, loss_cls: 0.6331, loss: 0.6331
2026-08-06 17:27:35,285 - pyskl - INFO - Epoch [2][12100/12529]	lr: 1.204e-02, eta: 10:40:20, time: 0.215, data_time: 0.000, memory: 1700, top1_acc: 0.8075, top5_acc: 0.9769, loss_cls: 0.5886, loss: 0.5886
2026-08-06 17:27:56,740 - pyskl - INFO - Epoch [2][12200/12529]	lr: 1.204e-02, eta: 10:39:55, time: 0.215, data_time: 0.000, memory: 1700, top1_acc: 0.7956, top5_acc: 0.9637, loss_cls: 0.6644, loss: 0.6644
2026-08-06 17:28:18,246 - pyskl - INFO - Epoch [2][12300/12529]	lr: 1.203e-02, eta: 10:39:31, time: 0.215, data_time: 0.000, memory: 1700, top1_acc: 0.7944, top5_acc: 0.9706, loss_cls: 0.6407, loss: 0.6407
2026-08-06 17:28:39,655 - pyskl - INFO - Epoch [2][12400/12529]	lr: 1.203e-02, eta: 10:39:06, time: 0.214, data_time: 0.000, memory: 1700, top1_acc: 0.8106, top5_acc: 0.9619, loss_cls: 0.6546, loss: 0.6546
2026-08-06 17:29:01,146 - pyskl - INFO - Epoch [2][12500/12529]	lr: 1.203e-02, eta: 10:38:41, time: 0.215, data_time: 0.000, memory: 1700, top1_acc: 0.8175, top5_acc: 0.9688, loss_cls: 0.5941, loss: 0.5941
2026-08-06 17:29:07,874 - pyskl - INFO - Saving checkpoint at 2 epochs
2026-08-06 17:30:25,494 - pyskl - INFO - Evaluating top_k_accuracy ...
2026-08-06 17:30:25,563 - pyskl - INFO - 
top1_acc	0.7541
top5_acc	0.9531
2026-08-06 17:30:25,567 - pyskl - INFO - The previous best checkpoint D:\YXJProject\pythonProject\pyskl\work_dirs\stgcn\stgcn_pyskl_ntu60_xsub_3dkp\j_single_gpu\best_top1_acc_epoch_1.pth was removed
2026-08-06 17:30:25,710 - pyskl - INFO - Now best checkpoint is saved as best_top1_acc_epoch_2.pth.
2026-08-06 17:30:25,710 - pyskl - INFO - Best top1_acc is 0.7541 at 2 epoch.
2026-08-06 17:30:25,713 - pyskl - INFO - Epoch(val) [2][1031]	top1_acc: 0.7541, top5_acc: 0.9531
2026-08-06 17:30:59,367 - pyskl - INFO - Epoch [3][100/12529]	lr: 1.202e-02, eta: 10:38:51, time: 0.336, data_time: 0.123, memory: 1700, top1_acc: 0.8100, top5_acc: 0.9681, loss_cls: 0.6161, loss: 0.6161
2026-08-06 17:31:20,922 - pyskl - INFO - Epoch [3][200/12529]	lr: 1.202e-02, eta: 10:38:27, time: 0.216, data_time: 0.000, memory: 1700, top1_acc: 0.8044, top5_acc: 0.9688, loss_cls: 0.6038, loss: 0.6038
2026-08-06 17:31:42,345 - pyskl - INFO - Epoch [3][300/12529]	lr: 1.201e-02, eta: 10:38:02, time: 0.214, data_time: 0.000, memory: 1700, top1_acc: 0.8025, top5_acc: 0.9644, loss_cls: 0.6112, loss: 0.6112
2026-08-06 17:32:03,926 - pyskl - INFO - Epoch [3][400/12529]	lr: 1.201e-02, eta: 10:37:38, time: 0.216, data_time: 0.000, memory: 1700, top1_acc: 0.8013, top5_acc: 0.9619, loss_cls: 0.6364, loss: 0.6364
2026-08-06 17:32:25,370 - pyskl - INFO - Epoch [3][500/12529]	lr: 1.201e-02, eta: 10:37:14, time: 0.214, data_time: 0.000, memory: 1700, top1_acc: 0.8050, top5_acc: 0.9681, loss_cls: 0.6054, loss: 0.6054
2026-08-06 17:32:46,889 - pyskl - INFO - Epoch [3][600/12529]	lr: 1.200e-02, eta: 10:36:50, time: 0.215, data_time: 0.000, memory: 1700, top1_acc: 0.8069, top5_acc: 0.9706, loss_cls: 0.6190, loss: 0.6190
2026-08-06 17:33:08,560 - pyskl - INFO - Epoch [3][700/12529]	lr: 1.200e-02, eta: 10:36:26, time: 0.217, data_time: 0.000, memory: 1700, top1_acc: 0.8163, top5_acc: 0.9706, loss_cls: 0.6022, loss: 0.6022
2026-08-06 17:33:30,204 - pyskl - INFO - Epoch [3][800/12529]	lr: 1.199e-02, eta: 10:36:03, time: 0.216, data_time: 0.000, memory: 1700, top1_acc: 0.8106, top5_acc: 0.9663, loss_cls: 0.6146, loss: 0.6146
2026-08-06 17:33:51,718 - pyskl - INFO - Epoch [3][900/12529]	lr: 1.199e-02, eta: 10:35:39, time: 0.215, data_time: 0.000, memory: 1700, top1_acc: 0.7900, top5_acc: 0.9675, loss_cls: 0.6624, loss: 0.6624
2026-08-06 17:34:13,378 - pyskl - INFO - Epoch [3][1000/12529]	lr: 1.199e-02, eta: 10:35:16, time: 0.217, data_time: 0.000, memory: 1700, top1_acc: 0.7969, top5_acc: 0.9663, loss_cls: 0.6478, loss: 0.6478
2026-08-06 17:34:34,929 - pyskl - INFO - Epoch [3][1100/12529]	lr: 1.198e-02, eta: 10:34:52, time: 0.216, data_time: 0.000, memory: 1700, top1_acc: 0.7963, top5_acc: 0.9637, loss_cls: 0.6727, loss: 0.6727
2026-08-06 17:34:56,482 - pyskl - INFO - Epoch [3][1200/12529]	lr: 1.198e-02, eta: 10:34:28, time: 0.216, data_time: 0.000, memory: 1700, top1_acc: 0.7819, top5_acc: 0.9600, loss_cls: 0.7208, loss: 0.7208
2026-08-06 17:35:17,974 - pyskl - INFO - Epoch [3][1300/12529]	lr: 1.197e-02, eta: 10:34:04, time: 0.215, data_time: 0.000, memory: 1700, top1_acc: 0.7956, top5_acc: 0.9719, loss_cls: 0.6324, loss: 0.6324
2026-08-06 17:35:39,523 - pyskl - INFO - Epoch [3][1400/12529]	lr: 1.197e-02, eta: 10:33:40, time: 0.215, data_time: 0.000, memory: 1700, top1_acc: 0.7981, top5_acc: 0.9750, loss_cls: 0.6282, loss: 0.6282
2026-08-06 17:36:00,982 - pyskl - INFO - Epoch [3][1500/12529]	lr: 1.197e-02, eta: 10:33:16, time: 0.215, data_time: 0.000, memory: 1700, top1_acc: 0.8063, top5_acc: 0.9650, loss_cls: 0.6359, loss: 0.6359
2026-08-06 17:36:22,474 - pyskl - INFO - Epoch [3][1600/12529]	lr: 1.196e-02, eta: 10:32:51, time: 0.215, data_time: 0.000, memory: 1700, top1_acc: 0.8031, top5_acc: 0.9619, loss_cls: 0.6481, loss: 0.6481
2026-08-06 17:36:43,994 - pyskl - INFO - Epoch [3][1700/12529]	lr: 1.196e-02, eta: 10:32:27, time: 0.215, data_time: 0.000, memory: 1700, top1_acc: 0.7969, top5_acc: 0.9663, loss_cls: 0.6727, loss: 0.6727
2026-08-06 17:37:05,524 - pyskl - INFO - Epoch [3][1800/12529]	lr: 1.195e-02, eta: 10:32:04, time: 0.215, data_time: 0.000, memory: 1700, top1_acc: 0.8200, top5_acc: 0.9656, loss_cls: 0.6116, loss: 0.6116
2026-08-06 17:37:27,219 - pyskl - INFO - Epoch [3][1900/12529]	lr: 1.195e-02, eta: 10:31:41, time: 0.217, data_time: 0.000, memory: 1700, top1_acc: 0.8056, top5_acc: 0.9625, loss_cls: 0.6359, loss: 0.6359
2026-08-06 17:37:48,684 - pyskl - INFO - Epoch [3][2000/12529]	lr: 1.195e-02, eta: 10:31:16, time: 0.215, data_time: 0.000, memory: 1700, top1_acc: 0.8006, top5_acc: 0.9719, loss_cls: 0.6233, loss: 0.6233
2026-08-06 17:38:10,279 - pyskl - INFO - Epoch [3][2100/12529]	lr: 1.194e-02, eta: 10:30:53, time: 0.216, data_time: 0.000, memory: 1700, top1_acc: 0.8156, top5_acc: 0.9725, loss_cls: 0.5611, loss: 0.5611
2026-08-06 17:38:31,838 - pyskl - INFO - Epoch [3][2200/12529]	lr: 1.194e-02, eta: 10:30:29, time: 0.216, data_time: 0.000, memory: 1700, top1_acc: 0.8169, top5_acc: 0.9762, loss_cls: 0.5812, loss: 0.5812
2026-08-06 17:38:53,319 - pyskl - INFO - Epoch [3][2300/12529]	lr: 1.193e-02, eta: 10:30:05, time: 0.215, data_time: 0.000, memory: 1700, top1_acc: 0.8281, top5_acc: 0.9688, loss_cls: 0.5738, loss: 0.5738
2026-08-06 17:39:14,863 - pyskl - INFO - Epoch [3][2400/12529]	lr: 1.193e-02, eta: 10:29:42, time: 0.215, data_time: 0.000, memory: 1700, top1_acc: 0.8256, top5_acc: 0.9650, loss_cls: 0.5798, loss: 0.5798
2026-08-06 17:39:36,375 - pyskl - INFO - Epoch [3][2500/12529]	lr: 1.193e-02, eta: 10:29:18, time: 0.215, data_time: 0.000, memory: 1700, top1_acc: 0.8200, top5_acc: 0.9694, loss_cls: 0.5834, loss: 0.5834
2026-08-06 17:39:57,937 - pyskl - INFO - Epoch [3][2600/12529]	lr: 1.192e-02, eta: 10:28:54, time: 0.216, data_time: 0.000, memory: 1700, top1_acc: 0.8150, top5_acc: 0.9762, loss_cls: 0.5673, loss: 0.5673
2026-08-06 17:40:19,534 - pyskl - INFO - Epoch [3][2700/12529]	lr: 1.192e-02, eta: 10:28:31, time: 0.216, data_time: 0.000, memory: 1700, top1_acc: 0.8031, top5_acc: 0.9700, loss_cls: 0.5997, loss: 0.5997
2026-08-06 17:40:40,972 - pyskl - INFO - Epoch [3][2800/12529]	lr: 1.191e-02, eta: 10:28:06, time: 0.214, data_time: 0.000, memory: 1700, top1_acc: 0.8075, top5_acc: 0.9625, loss_cls: 0.6305, loss: 0.6305
2026-08-06 17:41:02,465 - pyskl - INFO - Epoch [3][2900/12529]	lr: 1.191e-02, eta: 10:27:43, time: 0.215, data_time: 0.000, memory: 1700, top1_acc: 0.8106, top5_acc: 0.9725, loss_cls: 0.6174, loss: 0.6174
2026-08-06 17:41:23,963 - pyskl - INFO - Epoch [3][3000/12529]	lr: 1.191e-02, eta: 10:27:19, time: 0.215, data_time: 0.000, memory: 1700, top1_acc: 0.8144, top5_acc: 0.9706, loss_cls: 0.6054, loss: 0.6054
2026-08-06 17:41:45,464 - pyskl - INFO - Epoch [3][3100/12529]	lr: 1.190e-02, eta: 10:26:55, time: 0.215, data_time: 0.000, memory: 1700, top1_acc: 0.8187, top5_acc: 0.9706, loss_cls: 0.5995, loss: 0.5995
2026-08-06 17:42:07,026 - pyskl - INFO - Epoch [3][3200/12529]	lr: 1.190e-02, eta: 10:26:31, time: 0.216, data_time: 0.000, memory: 1700, top1_acc: 0.7894, top5_acc: 0.9675, loss_cls: 0.6416, loss: 0.6416
2026-08-06 17:42:28,498 - pyskl - INFO - Epoch [3][3300/12529]	lr: 1.189e-02, eta: 10:26:07, time: 0.215, data_time: 0.000, memory: 1700, top1_acc: 0.8025, top5_acc: 0.9631, loss_cls: 0.6456, loss: 0.6456
2026-08-06 17:42:49,841 - pyskl - INFO - Epoch [3][3400/12529]	lr: 1.189e-02, eta: 10:25:43, time: 0.213, data_time: 0.000, memory: 1700, top1_acc: 0.8131, top5_acc: 0.9712, loss_cls: 0.5953, loss: 0.5953
2026-08-06 17:43:11,274 - pyskl - INFO - Epoch [3][3500/12529]	lr: 1.188e-02, eta: 10:25:18, time: 0.214, data_time: 0.000, memory: 1700, top1_acc: 0.8113, top5_acc: 0.9725, loss_cls: 0.5954, loss: 0.5954
2026-08-06 17:43:32,705 - pyskl - INFO - Epoch [3][3600/12529]	lr: 1.188e-02, eta: 10:24:54, time: 0.214, data_time: 0.000, memory: 1700, top1_acc: 0.8156, top5_acc: 0.9706, loss_cls: 0.6166, loss: 0.6166
2026-08-06 17:43:54,078 - pyskl - INFO - Epoch [3][3700/12529]	lr: 1.188e-02, eta: 10:24:30, time: 0.214, data_time: 0.000, memory: 1700, top1_acc: 0.8231, top5_acc: 0.9663, loss_cls: 0.6139, loss: 0.6139
2026-08-06 17:44:15,606 - pyskl - INFO - Epoch [3][3800/12529]	lr: 1.187e-02, eta: 10:24:06, time: 0.215, data_time: 0.000, memory: 1700, top1_acc: 0.8031, top5_acc: 0.9625, loss_cls: 0.6446, loss: 0.6446
2026-08-06 17:44:37,063 - pyskl - INFO - Epoch [3][3900/12529]	lr: 1.187e-02, eta: 10:23:42, time: 0.215, data_time: 0.000, memory: 1700, top1_acc: 0.8200, top5_acc: 0.9712, loss_cls: 0.5817, loss: 0.5817
2026-08-06 17:44:58,610 - pyskl - INFO - Epoch [3][4000/12529]	lr: 1.186e-02, eta: 10:23:19, time: 0.215, data_time: 0.000, memory: 1700, top1_acc: 0.8081, top5_acc: 0.9644, loss_cls: 0.6336, loss: 0.6336
2026-08-06 17:45:20,241 - pyskl - INFO - Epoch [3][4100/12529]	lr: 1.186e-02, eta: 10:22:56, time: 0.216, data_time: 0.000, memory: 1700, top1_acc: 0.8050, top5_acc: 0.9706, loss_cls: 0.5995, loss: 0.5995
2026-08-06 17:45:41,654 - pyskl - INFO - Epoch [3][4200/12529]	lr: 1.185e-02, eta: 10:22:31, time: 0.214, data_time: 0.000, memory: 1700, top1_acc: 0.8256, top5_acc: 0.9731, loss_cls: 0.5732, loss: 0.5732
2026-08-06 17:46:03,100 - pyskl - INFO - Epoch [3][4300/12529]	lr: 1.185e-02, eta: 10:22:08, time: 0.214, data_time: 0.000, memory: 1700, top1_acc: 0.8213, top5_acc: 0.9756, loss_cls: 0.5889, loss: 0.5889
2026-08-06 17:46:24,480 - pyskl - INFO - Epoch [3][4400/12529]	lr: 1.185e-02, eta: 10:21:43, time: 0.214, data_time: 0.000, memory: 1700, top1_acc: 0.8275, top5_acc: 0.9756, loss_cls: 0.5713, loss: 0.5713
2026-08-06 17:46:45,925 - pyskl - INFO - Epoch [3][4500/12529]	lr: 1.184e-02, eta: 10:21:19, time: 0.214, data_time: 0.000, memory: 1700, top1_acc: 0.8156, top5_acc: 0.9656, loss_cls: 0.5965, loss: 0.5965
2026-08-06 17:47:07,347 - pyskl - INFO - Epoch [3][4600/12529]	lr: 1.184e-02, eta: 10:20:55, time: 0.214, data_time: 0.000, memory: 1700, top1_acc: 0.8044, top5_acc: 0.9731, loss_cls: 0.6007, loss: 0.6007
2026-08-06 17:47:28,742 - pyskl - INFO - Epoch [3][4700/12529]	lr: 1.183e-02, eta: 10:20:31, time: 0.214, data_time: 0.000, memory: 1700, top1_acc: 0.8000, top5_acc: 0.9663, loss_cls: 0.6240, loss: 0.6240
2026-08-06 17:47:50,097 - pyskl - INFO - Epoch [3][4800/12529]	lr: 1.183e-02, eta: 10:20:07, time: 0.214, data_time: 0.000, memory: 1700, top1_acc: 0.8150, top5_acc: 0.9694, loss_cls: 0.5876, loss: 0.5876
2026-08-06 17:48:11,605 - pyskl - INFO - Epoch [3][4900/12529]	lr: 1.182e-02, eta: 10:19:43, time: 0.215, data_time: 0.000, memory: 1700, top1_acc: 0.8106, top5_acc: 0.9825, loss_cls: 0.5850, loss: 0.5850
2026-08-06 17:48:33,050 - pyskl - INFO - Epoch [3][5000/12529]	lr: 1.182e-02, eta: 10:19:19, time: 0.214, data_time: 0.000, memory: 1700, top1_acc: 0.8125, top5_acc: 0.9681, loss_cls: 0.6087, loss: 0.6087
2026-08-06 17:48:54,514 - pyskl - INFO - Epoch [3][5100/12529]	lr: 1.181e-02, eta: 10:18:55, time: 0.215, data_time: 0.000, memory: 1700, top1_acc: 0.8194, top5_acc: 0.9675, loss_cls: 0.5986, loss: 0.5986
2026-08-06 17:49:16,141 - pyskl - INFO - Epoch [3][5200/12529]	lr: 1.181e-02, eta: 10:18:33, time: 0.216, data_time: 0.000, memory: 1700, top1_acc: 0.8156, top5_acc: 0.9694, loss_cls: 0.6068, loss: 0.6068
2026-08-06 17:49:37,489 - pyskl - INFO - Epoch [3][5300/12529]	lr: 1.181e-02, eta: 10:18:08, time: 0.213, data_time: 0.000, memory: 1700, top1_acc: 0.8219, top5_acc: 0.9738, loss_cls: 0.5838, loss: 0.5838
2026-08-06 17:49:58,894 - pyskl - INFO - Epoch [3][5400/12529]	lr: 1.180e-02, eta: 10:17:44, time: 0.214, data_time: 0.000, memory: 1700, top1_acc: 0.8187, top5_acc: 0.9681, loss_cls: 0.5919, loss: 0.5919
2026-08-06 17:50:20,722 - pyskl - INFO - Epoch [3][5500/12529]	lr: 1.180e-02, eta: 10:17:23, time: 0.218, data_time: 0.000, memory: 1700, top1_acc: 0.8294, top5_acc: 0.9738, loss_cls: 0.5584, loss: 0.5584
2026-08-06 17:50:42,175 - pyskl - INFO - Epoch [3][5600/12529]	lr: 1.179e-02, eta: 10:16:59, time: 0.215, data_time: 0.000, memory: 1700, top1_acc: 0.8363, top5_acc: 0.9744, loss_cls: 0.5602, loss: 0.5602
2026-08-06 17:51:03,513 - pyskl - INFO - Epoch [3][5700/12529]	lr: 1.179e-02, eta: 10:16:34, time: 0.213, data_time: 0.000, memory: 1700, top1_acc: 0.8256, top5_acc: 0.9706, loss_cls: 0.5837, loss: 0.5837
2026-08-06 17:51:24,971 - pyskl - INFO - Epoch [3][5800/12529]	lr: 1.178e-02, eta: 10:16:11, time: 0.215, data_time: 0.000, memory: 1700, top1_acc: 0.8125, top5_acc: 0.9775, loss_cls: 0.5760, loss: 0.5760
2026-08-06 17:51:46,410 - pyskl - INFO - Epoch [3][5900/12529]	lr: 1.178e-02, eta: 10:15:47, time: 0.214, data_time: 0.000, memory: 1700, top1_acc: 0.8350, top5_acc: 0.9750, loss_cls: 0.5392, loss: 0.5392
2026-08-06 17:52:07,921 - pyskl - INFO - Epoch [3][6000/12529]	lr: 1.177e-02, eta: 10:15:24, time: 0.215, data_time: 0.000, memory: 1700, top1_acc: 0.8087, top5_acc: 0.9688, loss_cls: 0.6142, loss: 0.6142
2026-08-06 17:52:29,398 - pyskl - INFO - Epoch [3][6100/12529]	lr: 1.177e-02, eta: 10:15:00, time: 0.215, data_time: 0.000, memory: 1700, top1_acc: 0.8100, top5_acc: 0.9700, loss_cls: 0.5875, loss: 0.5875
2026-08-06 17:52:50,851 - pyskl - INFO - Epoch [3][6200/12529]	lr: 1.177e-02, eta: 10:14:36, time: 0.215, data_time: 0.000, memory: 1700, top1_acc: 0.8325, top5_acc: 0.9712, loss_cls: 0.5695, loss: 0.5695
2026-08-06 17:53:12,512 - pyskl - INFO - Epoch [3][6300/12529]	lr: 1.176e-02, eta: 10:14:14, time: 0.217, data_time: 0.000, memory: 1700, top1_acc: 0.8056, top5_acc: 0.9700, loss_cls: 0.6237, loss: 0.6237
2026-08-06 17:53:33,904 - pyskl - INFO - Epoch [3][6400/12529]	lr: 1.176e-02, eta: 10:13:50, time: 0.214, data_time: 0.000, memory: 1700, top1_acc: 0.8175, top5_acc: 0.9663, loss_cls: 0.5967, loss: 0.5967
2026-08-06 17:53:55,247 - pyskl - INFO - Epoch [3][6500/12529]	lr: 1.175e-02, eta: 10:13:26, time: 0.213, data_time: 0.000, memory: 1700, top1_acc: 0.8131, top5_acc: 0.9731, loss_cls: 0.5658, loss: 0.5658
2026-08-06 17:54:16,725 - pyskl - INFO - Epoch [3][6600/12529]	lr: 1.175e-02, eta: 10:13:02, time: 0.215, data_time: 0.000, memory: 1700, top1_acc: 0.8331, top5_acc: 0.9694, loss_cls: 0.5683, loss: 0.5683
2026-08-06 17:54:38,221 - pyskl - INFO - Epoch [3][6700/12529]	lr: 1.174e-02, eta: 10:12:39, time: 0.215, data_time: 0.000, memory: 1700, top1_acc: 0.8263, top5_acc: 0.9669, loss_cls: 0.5746, loss: 0.5746
2026-08-06 17:54:59,666 - pyskl - INFO - Epoch [3][6800/12529]	lr: 1.174e-02, eta: 10:12:15, time: 0.214, data_time: 0.000, memory: 1700, top1_acc: 0.8081, top5_acc: 0.9669, loss_cls: 0.6105, loss: 0.6105
2026-08-06 17:55:21,277 - pyskl - INFO - Epoch [3][6900/12529]	lr: 1.173e-02, eta: 10:11:53, time: 0.216, data_time: 0.000, memory: 1700, top1_acc: 0.8225, top5_acc: 0.9719, loss_cls: 0.5899, loss: 0.5899
2026-08-06 17:55:42,689 - pyskl - INFO - Epoch [3][7000/12529]	lr: 1.173e-02, eta: 10:11:29, time: 0.214, data_time: 0.000, memory: 1700, top1_acc: 0.8194, top5_acc: 0.9681, loss_cls: 0.6015, loss: 0.6015
2026-08-06 17:56:04,238 - pyskl - INFO - Epoch [3][7100/12529]	lr: 1.172e-02, eta: 10:11:06, time: 0.215, data_time: 0.000, memory: 1700, top1_acc: 0.8300, top5_acc: 0.9688, loss_cls: 0.5612, loss: 0.5612
2026-08-06 17:56:25,648 - pyskl - INFO - Epoch [3][7200/12529]	lr: 1.172e-02, eta: 10:10:42, time: 0.214, data_time: 0.000, memory: 1700, top1_acc: 0.8244, top5_acc: 0.9700, loss_cls: 0.5694, loss: 0.5694
2026-08-06 17:56:46,956 - pyskl - INFO - Epoch [3][7300/12529]	lr: 1.171e-02, eta: 10:10:18, time: 0.213, data_time: 0.000, memory: 1700, top1_acc: 0.8100, top5_acc: 0.9681, loss_cls: 0.5904, loss: 0.5904
2026-08-06 17:57:08,348 - pyskl - INFO - Epoch [3][7400/12529]	lr: 1.171e-02, eta: 10:09:54, time: 0.214, data_time: 0.000, memory: 1700, top1_acc: 0.8281, top5_acc: 0.9731, loss_cls: 0.5478, loss: 0.5478
2026-08-06 17:57:29,646 - pyskl - INFO - Epoch [3][7500/12529]	lr: 1.170e-02, eta: 10:09:30, time: 0.213, data_time: 0.000, memory: 1700, top1_acc: 0.8225, top5_acc: 0.9744, loss_cls: 0.5727, loss: 0.5727
2026-08-06 17:57:51,085 - pyskl - INFO - Epoch [3][7600/12529]	lr: 1.170e-02, eta: 10:09:06, time: 0.214, data_time: 0.000, memory: 1700, top1_acc: 0.8169, top5_acc: 0.9719, loss_cls: 0.5950, loss: 0.5950
2026-08-06 17:58:12,459 - pyskl - INFO - Epoch [3][7700/12529]	lr: 1.169e-02, eta: 10:08:42, time: 0.214, data_time: 0.000, memory: 1700, top1_acc: 0.8287, top5_acc: 0.9663, loss_cls: 0.5629, loss: 0.5629
2026-08-06 17:58:33,866 - pyskl - INFO - Epoch [3][7800/12529]	lr: 1.169e-02, eta: 10:08:19, time: 0.214, data_time: 0.000, memory: 1700, top1_acc: 0.8287, top5_acc: 0.9738, loss_cls: 0.5655, loss: 0.5655
2026-08-06 17:58:55,206 - pyskl - INFO - Epoch [3][7900/12529]	lr: 1.168e-02, eta: 10:07:55, time: 0.213, data_time: 0.000, memory: 1700, top1_acc: 0.8419, top5_acc: 0.9781, loss_cls: 0.5092, loss: 0.5092
2026-08-06 17:59:16,662 - pyskl - INFO - Epoch [3][8000/12529]	lr: 1.168e-02, eta: 10:07:31, time: 0.215, data_time: 0.000, memory: 1700, top1_acc: 0.8150, top5_acc: 0.9619, loss_cls: 0.6034, loss: 0.6034
2026-08-06 17:59:38,054 - pyskl - INFO - Epoch [3][8100/12529]	lr: 1.168e-02, eta: 10:07:08, time: 0.214, data_time: 0.000, memory: 1700, top1_acc: 0.8169, top5_acc: 0.9706, loss_cls: 0.5776, loss: 0.5776
2026-08-06 17:59:59,432 - pyskl - INFO - Epoch [3][8200/12529]	lr: 1.167e-02, eta: 10:06:44, time: 0.214, data_time: 0.000, memory: 1700, top1_acc: 0.8169, top5_acc: 0.9675, loss_cls: 0.5974, loss: 0.5974
2026-08-06 18:00:20,929 - pyskl - INFO - Epoch [3][8300/12529]	lr: 1.167e-02, eta: 10:06:21, time: 0.215, data_time: 0.000, memory: 1700, top1_acc: 0.8319, top5_acc: 0.9756, loss_cls: 0.5459, loss: 0.5459
2026-08-06 18:00:42,334 - pyskl - INFO - Epoch [3][8400/12529]	lr: 1.166e-02, eta: 10:05:57, time: 0.214, data_time: 0.000, memory: 1700, top1_acc: 0.8156, top5_acc: 0.9700, loss_cls: 0.5818, loss: 0.5818
2026-08-06 18:01:03,857 - pyskl - INFO - Epoch [3][8500/12529]	lr: 1.166e-02, eta: 10:05:34, time: 0.215, data_time: 0.000, memory: 1700, top1_acc: 0.8250, top5_acc: 0.9681, loss_cls: 0.5670, loss: 0.5670
2026-08-06 18:01:25,387 - pyskl - INFO - Epoch [3][8600/12529]	lr: 1.165e-02, eta: 10:05:11, time: 0.215, data_time: 0.000, memory: 1700, top1_acc: 0.8281, top5_acc: 0.9750, loss_cls: 0.5475, loss: 0.5475
2026-08-06 18:01:46,754 - pyskl - INFO - Epoch [3][8700/12529]	lr: 1.165e-02, eta: 10:04:47, time: 0.214, data_time: 0.000, memory: 1700, top1_acc: 0.8294, top5_acc: 0.9700, loss_cls: 0.5642, loss: 0.5642
2026-08-06 18:02:08,107 - pyskl - INFO - Epoch [3][8800/12529]	lr: 1.164e-02, eta: 10:04:23, time: 0.214, data_time: 0.000, memory: 1700, top1_acc: 0.8325, top5_acc: 0.9731, loss_cls: 0.5514, loss: 0.5514
2026-08-06 18:02:29,506 - pyskl - INFO - Epoch [3][8900/12529]	lr: 1.164e-02, eta: 10:04:00, time: 0.214, data_time: 0.000, memory: 1700, top1_acc: 0.8281, top5_acc: 0.9744, loss_cls: 0.5483, loss: 0.5483
2026-08-06 18:02:50,962 - pyskl - INFO - Epoch [3][9000/12529]	lr: 1.163e-02, eta: 10:03:37, time: 0.215, data_time: 0.000, memory: 1700, top1_acc: 0.8163, top5_acc: 0.9719, loss_cls: 0.5758, loss: 0.5758
2026-08-06 18:03:12,318 - pyskl - INFO - Epoch [3][9100/12529]	lr: 1.163e-02, eta: 10:03:13, time: 0.214, data_time: 0.000, memory: 1700, top1_acc: 0.8363, top5_acc: 0.9775, loss_cls: 0.5467, loss: 0.5467
2026-08-06 18:03:33,605 - pyskl - INFO - Epoch [3][9200/12529]	lr: 1.162e-02, eta: 10:02:49, time: 0.213, data_time: 0.000, memory: 1700, top1_acc: 0.8219, top5_acc: 0.9744, loss_cls: 0.5824, loss: 0.5824
2026-08-06 18:03:54,880 - pyskl - INFO - Epoch [3][9300/12529]	lr: 1.162e-02, eta: 10:02:25, time: 0.213, data_time: 0.000, memory: 1700, top1_acc: 0.8281, top5_acc: 0.9800, loss_cls: 0.5392, loss: 0.5392
2026-08-06 18:04:16,311 - pyskl - INFO - Epoch [3][9400/12529]	lr: 1.161e-02, eta: 10:02:01, time: 0.214, data_time: 0.000, memory: 1700, top1_acc: 0.8488, top5_acc: 0.9756, loss_cls: 0.4967, loss: 0.4967
2026-08-06 18:04:37,673 - pyskl - INFO - Epoch [3][9500/12529]	lr: 1.161e-02, eta: 10:01:38, time: 0.214, data_time: 0.000, memory: 1700, top1_acc: 0.8250, top5_acc: 0.9738, loss_cls: 0.5454, loss: 0.5454
2026-08-06 18:04:59,022 - pyskl - INFO - Epoch [3][9600/12529]	lr: 1.160e-02, eta: 10:01:14, time: 0.213, data_time: 0.000, memory: 1700, top1_acc: 0.8356, top5_acc: 0.9775, loss_cls: 0.5571, loss: 0.5571
2026-08-06 18:05:20,501 - pyskl - INFO - Epoch [3][9700/12529]	lr: 1.160e-02, eta: 10:00:51, time: 0.215, data_time: 0.000, memory: 1700, top1_acc: 0.8313, top5_acc: 0.9775, loss_cls: 0.5514, loss: 0.5514
2026-08-06 18:05:41,853 - pyskl - INFO - Epoch [3][9800/12529]	lr: 1.159e-02, eta: 10:00:27, time: 0.214, data_time: 0.000, memory: 1700, top1_acc: 0.8356, top5_acc: 0.9794, loss_cls: 0.5391, loss: 0.5391
2026-08-06 18:06:03,100 - pyskl - INFO - Epoch [3][9900/12529]	lr: 1.159e-02, eta: 10:00:03, time: 0.212, data_time: 0.000, memory: 1700, top1_acc: 0.8356, top5_acc: 0.9731, loss_cls: 0.5191, loss: 0.5191
2026-08-06 18:06:24,542 - pyskl - INFO - Epoch [3][10000/12529]	lr: 1.158e-02, eta: 9:59:40, time: 0.214, data_time: 0.000, memory: 1700, top1_acc: 0.8263, top5_acc: 0.9694, loss_cls: 0.5689, loss: 0.5689
2026-08-06 18:06:45,813 - pyskl - INFO - Epoch [3][10100/12529]	lr: 1.158e-02, eta: 9:59:16, time: 0.213, data_time: 0.000, memory: 1700, top1_acc: 0.8231, top5_acc: 0.9681, loss_cls: 0.5839, loss: 0.5839
2026-08-06 18:07:07,185 - pyskl - INFO - Epoch [3][10200/12529]	lr: 1.157e-02, eta: 9:58:52, time: 0.214, data_time: 0.000, memory: 1700, top1_acc: 0.8275, top5_acc: 0.9712, loss_cls: 0.5725, loss: 0.5725
2026-08-06 18:07:28,603 - pyskl - INFO - Epoch [3][10300/12529]	lr: 1.156e-02, eta: 9:58:29, time: 0.214, data_time: 0.000, memory: 1700, top1_acc: 0.8369, top5_acc: 0.9725, loss_cls: 0.5457, loss: 0.5457
2026-08-06 18:07:49,838 - pyskl - INFO - Epoch [3][10400/12529]	lr: 1.156e-02, eta: 9:58:05, time: 0.212, data_time: 0.000, memory: 1700, top1_acc: 0.7994, top5_acc: 0.9631, loss_cls: 0.6435, loss: 0.6435
2026-08-06 18:08:11,291 - pyskl - INFO - Epoch [3][10500/12529]	lr: 1.155e-02, eta: 9:57:42, time: 0.215, data_time: 0.000, memory: 1700, top1_acc: 0.8369, top5_acc: 0.9719, loss_cls: 0.5442, loss: 0.5442
2026-08-06 18:08:32,553 - pyskl - INFO - Epoch [3][10600/12529]	lr: 1.155e-02, eta: 9:57:18, time: 0.213, data_time: 0.000, memory: 1700, top1_acc: 0.8394, top5_acc: 0.9738, loss_cls: 0.5500, loss: 0.5500
2026-08-06 18:08:53,987 - pyskl - INFO - Epoch [3][10700/12529]	lr: 1.154e-02, eta: 9:56:54, time: 0.214, data_time: 0.000, memory: 1700, top1_acc: 0.8250, top5_acc: 0.9681, loss_cls: 0.5799, loss: 0.5799
2026-08-06 18:09:15,390 - pyskl - INFO - Epoch [3][10800/12529]	lr: 1.154e-02, eta: 9:56:31, time: 0.214, data_time: 0.000, memory: 1700, top1_acc: 0.8369, top5_acc: 0.9744, loss_cls: 0.5056, loss: 0.5056
2026-08-06 18:09:36,740 - pyskl - INFO - Epoch [3][10900/12529]	lr: 1.153e-02, eta: 9:56:08, time: 0.213, data_time: 0.000, memory: 1700, top1_acc: 0.8219, top5_acc: 0.9775, loss_cls: 0.5740, loss: 0.5740
2026-08-06 18:09:57,956 - pyskl - INFO - Epoch [3][11000/12529]	lr: 1.153e-02, eta: 9:55:43, time: 0.212, data_time: 0.000, memory: 1700, top1_acc: 0.8369, top5_acc: 0.9738, loss_cls: 0.5200, loss: 0.5200
2026-08-06 18:10:19,311 - pyskl - INFO - Epoch [3][11100/12529]	lr: 1.152e-02, eta: 9:55:20, time: 0.214, data_time: 0.000, memory: 1700, top1_acc: 0.8387, top5_acc: 0.9769, loss_cls: 0.5308, loss: 0.5308
2026-08-06 18:10:40,670 - pyskl - INFO - Epoch [3][11200/12529]	lr: 1.152e-02, eta: 9:54:57, time: 0.214, data_time: 0.000, memory: 1700, top1_acc: 0.8400, top5_acc: 0.9775, loss_cls: 0.5144, loss: 0.5144
2026-08-06 18:11:02,057 - pyskl - INFO - Epoch [3][11300/12529]	lr: 1.151e-02, eta: 9:54:33, time: 0.214, data_time: 0.000, memory: 1700, top1_acc: 0.8531, top5_acc: 0.9769, loss_cls: 0.5056, loss: 0.5056
2026-08-06 18:11:23,474 - pyskl - INFO - Epoch [3][11400/12529]	lr: 1.151e-02, eta: 9:54:10, time: 0.214, data_time: 0.000, memory: 1700, top1_acc: 0.8294, top5_acc: 0.9781, loss_cls: 0.5312, loss: 0.5312
2026-08-06 18:11:44,868 - pyskl - INFO - Epoch [3][11500/12529]	lr: 1.150e-02, eta: 9:53:47, time: 0.214, data_time: 0.000, memory: 1700, top1_acc: 0.8275, top5_acc: 0.9806, loss_cls: 0.5160, loss: 0.5160
2026-08-06 18:12:06,334 - pyskl - INFO - Epoch [3][11600/12529]	lr: 1.150e-02, eta: 9:53:24, time: 0.215, data_time: 0.000, memory: 1700, top1_acc: 0.8287, top5_acc: 0.9700, loss_cls: 0.5450, loss: 0.5450
2026-08-06 18:12:27,774 - pyskl - INFO - Epoch [3][11700/12529]	lr: 1.149e-02, eta: 9:53:01, time: 0.214, data_time: 0.000, memory: 1700, top1_acc: 0.8400, top5_acc: 0.9706, loss_cls: 0.5426, loss: 0.5426
2026-08-06 18:12:49,099 - pyskl - INFO - Epoch [3][11800/12529]	lr: 1.149e-02, eta: 9:52:37, time: 0.213, data_time: 0.000, memory: 1700, top1_acc: 0.8369, top5_acc: 0.9794, loss_cls: 0.5046, loss: 0.5046
2026-08-06 18:13:10,547 - pyskl - INFO - Epoch [3][11900/12529]	lr: 1.148e-02, eta: 9:52:14, time: 0.214, data_time: 0.000, memory: 1700, top1_acc: 0.8150, top5_acc: 0.9744, loss_cls: 0.5820, loss: 0.5820
2026-08-06 18:13:31,858 - pyskl - INFO - Epoch [3][12000/12529]	lr: 1.148e-02, eta: 9:51:51, time: 0.213, data_time: 0.000, memory: 1700, top1_acc: 0.8413, top5_acc: 0.9694, loss_cls: 0.5321, loss: 0.5321
2026-08-06 18:13:53,361 - pyskl - INFO - Epoch [3][12100/12529]	lr: 1.147e-02, eta: 9:51:28, time: 0.215, data_time: 0.000, memory: 1700, top1_acc: 0.8344, top5_acc: 0.9788, loss_cls: 0.5321, loss: 0.5321
2026-08-06 18:14:14,768 - pyskl - INFO - Epoch [3][12200/12529]	lr: 1.146e-02, eta: 9:51:05, time: 0.214, data_time: 0.000, memory: 1700, top1_acc: 0.8250, top5_acc: 0.9700, loss_cls: 0.5889, loss: 0.5889
2026-08-06 18:14:36,137 - pyskl - INFO - Epoch [3][12300/12529]	lr: 1.146e-02, eta: 9:50:41, time: 0.214, data_time: 0.000, memory: 1700, top1_acc: 0.8494, top5_acc: 0.9688, loss_cls: 0.5387, loss: 0.5387
2026-08-06 18:14:57,521 - pyskl - INFO - Epoch [3][12400/12529]	lr: 1.145e-02, eta: 9:50:18, time: 0.214, data_time: 0.000, memory: 1700, top1_acc: 0.8356, top5_acc: 0.9775, loss_cls: 0.5247, loss: 0.5247
2026-08-06 18:15:18,920 - pyskl - INFO - Epoch [3][12500/12529]	lr: 1.145e-02, eta: 9:49:55, time: 0.214, data_time: 0.000, memory: 1700, top1_acc: 0.8300, top5_acc: 0.9756, loss_cls: 0.5510, loss: 0.5510
2026-08-06 18:15:25,531 - pyskl - INFO - Saving checkpoint at 3 epochs
2026-08-06 18:16:42,231 - pyskl - INFO - Evaluating top_k_accuracy ...
2026-08-06 18:16:42,291 - pyskl - INFO - 
top1_acc	0.7890
top5_acc	0.9604
2026-08-06 18:16:42,294 - pyskl - INFO - The previous best checkpoint D:\YXJProject\pythonProject\pyskl\work_dirs\stgcn\stgcn_pyskl_ntu60_xsub_3dkp\j_single_gpu\best_top1_acc_epoch_2.pth was removed
2026-08-06 18:16:42,427 - pyskl - INFO - Now best checkpoint is saved as best_top1_acc_epoch_3.pth.
2026-08-06 18:16:42,427 - pyskl - INFO - Best top1_acc is 0.7890 at 3 epoch.
2026-08-06 18:16:42,430 - pyskl - INFO - Epoch(val) [3][1031]	top1_acc: 0.7890, top5_acc: 0.9604
2026-08-06 18:17:15,819 - pyskl - INFO - Epoch [4][100/12529]	lr: 1.144e-02, eta: 9:49:50, time: 0.334, data_time: 0.121, memory: 1700, top1_acc: 0.8325, top5_acc: 0.9794, loss_cls: 0.5339, loss: 0.5339
2026-08-06 18:17:37,169 - pyskl - INFO - Epoch [4][200/12529]	lr: 1.144e-02, eta: 9:49:27, time: 0.213, data_time: 0.000, memory: 1700, top1_acc: 0.8200, top5_acc: 0.9712, loss_cls: 0.5662, loss: 0.5662
2026-08-06 18:17:58,542 - pyskl - INFO - Epoch [4][300/12529]	lr: 1.143e-02, eta: 9:49:03, time: 0.214, data_time: 0.000, memory: 1700, top1_acc: 0.8350, top5_acc: 0.9750, loss_cls: 0.5416, loss: 0.5416
2026-08-06 18:18:19,912 - pyskl - INFO - Epoch [4][400/12529]	lr: 1.142e-02, eta: 9:48:40, time: 0.214, data_time: 0.000, memory: 1700, top1_acc: 0.8387, top5_acc: 0.9725, loss_cls: 0.5529, loss: 0.5529
2026-08-06 18:18:41,247 - pyskl - INFO - Epoch [4][500/12529]	lr: 1.142e-02, eta: 9:48:17, time: 0.213, data_time: 0.000, memory: 1700, top1_acc: 0.8512, top5_acc: 0.9750, loss_cls: 0.5134, loss: 0.5134
2026-08-06 18:19:02,646 - pyskl - INFO - Epoch [4][600/12529]	lr: 1.141e-02, eta: 9:47:53, time: 0.214, data_time: 0.000, memory: 1700, top1_acc: 0.8544, top5_acc: 0.9800, loss_cls: 0.4889, loss: 0.4889
2026-08-06 18:19:24,096 - pyskl - INFO - Epoch [4][700/12529]	lr: 1.141e-02, eta: 9:47:30, time: 0.214, data_time: 0.000, memory: 1700, top1_acc: 0.8575, top5_acc: 0.9738, loss_cls: 0.5186, loss: 0.5186
2026-08-06 18:19:45,528 - pyskl - INFO - Epoch [4][800/12529]	lr: 1.140e-02, eta: 9:47:07, time: 0.214, data_time: 0.000, memory: 1700, top1_acc: 0.8356, top5_acc: 0.9800, loss_cls: 0.5200, loss: 0.5200
2026-08-06 18:20:06,932 - pyskl - INFO - Epoch [4][900/12529]	lr: 1.140e-02, eta: 9:46:44, time: 0.214, data_time: 0.000, memory: 1700, top1_acc: 0.8350, top5_acc: 0.9756, loss_cls: 0.5542, loss: 0.5542
2026-08-06 18:20:28,360 - pyskl - INFO - Epoch [4][1000/12529]	lr: 1.139e-02, eta: 9:46:21, time: 0.214, data_time: 0.000, memory: 1700, top1_acc: 0.8313, top5_acc: 0.9756, loss_cls: 0.5346, loss: 0.5346
2026-08-06 18:20:49,829 - pyskl - INFO - Epoch [4][1100/12529]	lr: 1.139e-02, eta: 9:45:58, time: 0.215, data_time: 0.000, memory: 1700, top1_acc: 0.8575, top5_acc: 0.9706, loss_cls: 0.4869, loss: 0.4869
2026-08-06 18:21:11,737 - pyskl - INFO - Epoch [4][1200/12529]	lr: 1.138e-02, eta: 9:45:37, time: 0.219, data_time: 0.000, memory: 1700, top1_acc: 0.8419, top5_acc: 0.9706, loss_cls: 0.5233, loss: 0.5233
2026-08-06 18:21:34,012 - pyskl - INFO - Epoch [4][1300/12529]	lr: 1.137e-02, eta: 9:45:18, time: 0.223, data_time: 0.000, memory: 1700, top1_acc: 0.8263, top5_acc: 0.9725, loss_cls: 0.5644, loss: 0.5644
2026-08-06 18:21:55,756 - pyskl - INFO - Epoch [4][1400/12529]	lr: 1.137e-02, eta: 9:44:56, time: 0.217, data_time: 0.000, memory: 1700, top1_acc: 0.8438, top5_acc: 0.9800, loss_cls: 0.4953, loss: 0.4953
2026-08-06 18:22:17,678 - pyskl - INFO - Epoch [4][1500/12529]	lr: 1.136e-02, eta: 9:44:35, time: 0.219, data_time: 0.000, memory: 1700, top1_acc: 0.8500, top5_acc: 0.9725, loss_cls: 0.4931, loss: 0.4931
2026-08-06 18:22:39,583 - pyskl - INFO - Epoch [4][1600/12529]	lr: 1.136e-02, eta: 9:44:14, time: 0.219, data_time: 0.000, memory: 1700, top1_acc: 0.8231, top5_acc: 0.9706, loss_cls: 0.5832, loss: 0.5832
2026-08-06 18:23:01,547 - pyskl - INFO - Epoch [4][1700/12529]	lr: 1.135e-02, eta: 9:43:53, time: 0.220, data_time: 0.000, memory: 1700, top1_acc: 0.8456, top5_acc: 0.9775, loss_cls: 0.5011, loss: 0.5011
2026-08-06 18:23:23,502 - pyskl - INFO - Epoch [4][1800/12529]	lr: 1.135e-02, eta: 9:43:33, time: 0.220, data_time: 0.000, memory: 1700, top1_acc: 0.8450, top5_acc: 0.9825, loss_cls: 0.4977, loss: 0.4977
2026-08-06 18:23:45,291 - pyskl - INFO - Epoch [4][1900/12529]	lr: 1.134e-02, eta: 9:43:11, time: 0.218, data_time: 0.000, memory: 1700, top1_acc: 0.8444, top5_acc: 0.9719, loss_cls: 0.5351, loss: 0.5351
2026-08-06 18:24:07,126 - pyskl - INFO - Epoch [4][2000/12529]	lr: 1.134e-02, eta: 9:42:50, time: 0.218, data_time: 0.000, memory: 1700, top1_acc: 0.8475, top5_acc: 0.9794, loss_cls: 0.5038, loss: 0.5038
2026-08-06 18:24:28,931 - pyskl - INFO - Epoch [4][2100/12529]	lr: 1.133e-02, eta: 9:42:28, time: 0.218, data_time: 0.000, memory: 1700, top1_acc: 0.8469, top5_acc: 0.9744, loss_cls: 0.5056, loss: 0.5056
2026-08-06 18:24:50,584 - pyskl - INFO - Epoch [4][2200/12529]	lr: 1.132e-02, eta: 9:42:06, time: 0.217, data_time: 0.000, memory: 1700, top1_acc: 0.8425, top5_acc: 0.9806, loss_cls: 0.5224, loss: 0.5224
2026-08-06 18:25:11,964 - pyskl - INFO - Epoch [4][2300/12529]	lr: 1.132e-02, eta: 9:41:43, time: 0.214, data_time: 0.000, memory: 1700, top1_acc: 0.8450, top5_acc: 0.9756, loss_cls: 0.4976, loss: 0.4976
2026-08-06 18:25:33,429 - pyskl - INFO - Epoch [4][2400/12529]	lr: 1.131e-02, eta: 9:41:20, time: 0.215, data_time: 0.000, memory: 1700, top1_acc: 0.8300, top5_acc: 0.9719, loss_cls: 0.5556, loss: 0.5556
2026-08-06 18:25:54,945 - pyskl - INFO - Epoch [4][2500/12529]	lr: 1.131e-02, eta: 9:40:57, time: 0.215, data_time: 0.000, memory: 1700, top1_acc: 0.8600, top5_acc: 0.9775, loss_cls: 0.4578, loss: 0.4578
2026-08-06 18:26:16,489 - pyskl - INFO - Epoch [4][2600/12529]	lr: 1.130e-02, eta: 9:40:35, time: 0.215, data_time: 0.000, memory: 1700, top1_acc: 0.8413, top5_acc: 0.9800, loss_cls: 0.5154, loss: 0.5154
2026-08-06 18:26:37,885 - pyskl - INFO - Epoch [4][2700/12529]	lr: 1.130e-02, eta: 9:40:12, time: 0.214, data_time: 0.000, memory: 1700, top1_acc: 0.8406, top5_acc: 0.9800, loss_cls: 0.5234, loss: 0.5234
2026-08-06 18:26:59,324 - pyskl - INFO - Epoch [4][2800/12529]	lr: 1.129e-02, eta: 9:39:49, time: 0.214, data_time: 0.000, memory: 1700, top1_acc: 0.8462, top5_acc: 0.9812, loss_cls: 0.4727, loss: 0.4727
2026-08-06 18:27:20,835 - pyskl - INFO - Epoch [4][2900/12529]	lr: 1.128e-02, eta: 9:39:26, time: 0.215, data_time: 0.000, memory: 1700, top1_acc: 0.8344, top5_acc: 0.9806, loss_cls: 0.5087, loss: 0.5087
2026-08-06 18:27:42,342 - pyskl - INFO - Epoch [4][3000/12529]	lr: 1.128e-02, eta: 9:39:04, time: 0.215, data_time: 0.000, memory: 1700, top1_acc: 0.8344, top5_acc: 0.9669, loss_cls: 0.5652, loss: 0.5652
2026-08-06 18:28:03,809 - pyskl - INFO - Epoch [4][3100/12529]	lr: 1.127e-02, eta: 9:38:41, time: 0.215, data_time: 0.000, memory: 1700, top1_acc: 0.8375, top5_acc: 0.9788, loss_cls: 0.5231, loss: 0.5231
2026-08-06 18:28:25,439 - pyskl - INFO - Epoch [4][3200/12529]	lr: 1.127e-02, eta: 9:38:19, time: 0.216, data_time: 0.000, memory: 1700, top1_acc: 0.8287, top5_acc: 0.9744, loss_cls: 0.5474, loss: 0.5474
2026-08-06 18:28:47,025 - pyskl - INFO - Epoch [4][3300/12529]	lr: 1.126e-02, eta: 9:37:57, time: 0.216, data_time: 0.000, memory: 1700, top1_acc: 0.8456, top5_acc: 0.9794, loss_cls: 0.4965, loss: 0.4965
2026-08-06 18:29:08,488 - pyskl - INFO - Epoch [4][3400/12529]	lr: 1.125e-02, eta: 9:37:34, time: 0.215, data_time: 0.000, memory: 1700, top1_acc: 0.8531, top5_acc: 0.9781, loss_cls: 0.4926, loss: 0.4926
2026-08-06 18:29:29,900 - pyskl - INFO - Epoch [4][3500/12529]	lr: 1.125e-02, eta: 9:37:11, time: 0.214, data_time: 0.000, memory: 1700, top1_acc: 0.8469, top5_acc: 0.9794, loss_cls: 0.4876, loss: 0.4876
2026-08-06 18:29:51,533 - pyskl - INFO - Epoch [4][3600/12529]	lr: 1.124e-02, eta: 9:36:49, time: 0.216, data_time: 0.000, memory: 1700, top1_acc: 0.8319, top5_acc: 0.9725, loss_cls: 0.5355, loss: 0.5355
2026-08-06 18:30:13,022 - pyskl - INFO - Epoch [4][3700/12529]	lr: 1.124e-02, eta: 9:36:26, time: 0.215, data_time: 0.000, memory: 1700, top1_acc: 0.8488, top5_acc: 0.9738, loss_cls: 0.5013, loss: 0.5013
2026-08-06 18:30:34,514 - pyskl - INFO - Epoch [4][3800/12529]	lr: 1.123e-02, eta: 9:36:03, time: 0.215, data_time: 0.000, memory: 1700, top1_acc: 0.8506, top5_acc: 0.9744, loss_cls: 0.5207, loss: 0.5207
2026-08-06 18:30:55,994 - pyskl - INFO - Epoch [4][3900/12529]	lr: 1.122e-02, eta: 9:35:41, time: 0.215, data_time: 0.000, memory: 1700, top1_acc: 0.8462, top5_acc: 0.9756, loss_cls: 0.5069, loss: 0.5069
2026-08-06 18:31:17,503 - pyskl - INFO - Epoch [4][4000/12529]	lr: 1.122e-02, eta: 9:35:18, time: 0.215, data_time: 0.000, memory: 1700, top1_acc: 0.8475, top5_acc: 0.9769, loss_cls: 0.4749, loss: 0.4749
2026-08-06 18:31:38,974 - pyskl - INFO - Epoch [4][4100/12529]	lr: 1.121e-02, eta: 9:34:55, time: 0.215, data_time: 0.000, memory: 1700, top1_acc: 0.8244, top5_acc: 0.9756, loss_cls: 0.5335, loss: 0.5335
2026-08-06 18:32:00,371 - pyskl - INFO - Epoch [4][4200/12529]	lr: 1.121e-02, eta: 9:34:32, time: 0.214, data_time: 0.000, memory: 1700, top1_acc: 0.8425, top5_acc: 0.9825, loss_cls: 0.4930, loss: 0.4930
2026-08-06 18:32:21,793 - pyskl - INFO - Epoch [4][4300/12529]	lr: 1.120e-02, eta: 9:34:10, time: 0.214, data_time: 0.000, memory: 1700, top1_acc: 0.8425, top5_acc: 0.9738, loss_cls: 0.5227, loss: 0.5227
2026-08-06 18:32:43,261 - pyskl - INFO - Epoch [4][4400/12529]	lr: 1.120e-02, eta: 9:33:47, time: 0.215, data_time: 0.000, memory: 1700, top1_acc: 0.8494, top5_acc: 0.9775, loss_cls: 0.5064, loss: 0.5064
2026-08-06 18:33:04,856 - pyskl - INFO - Epoch [4][4500/12529]	lr: 1.119e-02, eta: 9:33:25, time: 0.216, data_time: 0.000, memory: 1700, top1_acc: 0.8300, top5_acc: 0.9725, loss_cls: 0.5468, loss: 0.5468
2026-08-06 18:33:26,227 - pyskl - INFO - Epoch [4][4600/12529]	lr: 1.118e-02, eta: 9:33:02, time: 0.214, data_time: 0.000, memory: 1700, top1_acc: 0.8294, top5_acc: 0.9781, loss_cls: 0.5382, loss: 0.5382
2026-08-06 18:33:47,743 - pyskl - INFO - Epoch [4][4700/12529]	lr: 1.118e-02, eta: 9:32:39, time: 0.215, data_time: 0.000, memory: 1700, top1_acc: 0.8375, top5_acc: 0.9788, loss_cls: 0.5503, loss: 0.5503
2026-08-06 18:34:09,131 - pyskl - INFO - Epoch [4][4800/12529]	lr: 1.117e-02, eta: 9:32:16, time: 0.214, data_time: 0.000, memory: 1700, top1_acc: 0.8231, top5_acc: 0.9712, loss_cls: 0.5555, loss: 0.5555
2026-08-06 18:34:30,681 - pyskl - INFO - Epoch [4][4900/12529]	lr: 1.117e-02, eta: 9:31:54, time: 0.215, data_time: 0.000, memory: 1700, top1_acc: 0.8381, top5_acc: 0.9712, loss_cls: 0.5307, loss: 0.5307
2026-08-06 18:34:52,020 - pyskl - INFO - Epoch [4][5000/12529]	lr: 1.116e-02, eta: 9:31:31, time: 0.213, data_time: 0.000, memory: 1700, top1_acc: 0.8656, top5_acc: 0.9775, loss_cls: 0.4631, loss: 0.4631
2026-08-06 18:35:13,607 - pyskl - INFO - Epoch [4][5100/12529]	lr: 1.115e-02, eta: 9:31:09, time: 0.216, data_time: 0.000, memory: 1700, top1_acc: 0.8481, top5_acc: 0.9744, loss_cls: 0.4969, loss: 0.4969
2026-08-06 18:35:35,140 - pyskl - INFO - Epoch [4][5200/12529]	lr: 1.115e-02, eta: 9:30:46, time: 0.215, data_time: 0.000, memory: 1700, top1_acc: 0.8562, top5_acc: 0.9800, loss_cls: 0.4695, loss: 0.4695
2026-08-06 18:35:56,614 - pyskl - INFO - Epoch [4][5300/12529]	lr: 1.114e-02, eta: 9:30:23, time: 0.215, data_time: 0.000, memory: 1700, top1_acc: 0.8325, top5_acc: 0.9762, loss_cls: 0.5354, loss: 0.5354
2026-08-06 18:36:18,052 - pyskl - INFO - Epoch [4][5400/12529]	lr: 1.113e-02, eta: 9:30:01, time: 0.214, data_time: 0.000, memory: 1700, top1_acc: 0.8425, top5_acc: 0.9775, loss_cls: 0.5354, loss: 0.5354
2026-08-06 18:36:39,525 - pyskl - INFO - Epoch [4][5500/12529]	lr: 1.113e-02, eta: 9:29:38, time: 0.215, data_time: 0.000, memory: 1700, top1_acc: 0.8562, top5_acc: 0.9738, loss_cls: 0.4916, loss: 0.4916
2026-08-06 18:37:00,878 - pyskl - INFO - Epoch [4][5600/12529]	lr: 1.112e-02, eta: 9:29:15, time: 0.214, data_time: 0.000, memory: 1700, top1_acc: 0.8544, top5_acc: 0.9812, loss_cls: 0.4765, loss: 0.4765
2026-08-06 18:37:22,576 - pyskl - INFO - Epoch [4][5700/12529]	lr: 1.112e-02, eta: 9:28:53, time: 0.217, data_time: 0.000, memory: 1700, top1_acc: 0.8331, top5_acc: 0.9775, loss_cls: 0.5121, loss: 0.5121
2026-08-06 18:37:44,122 - pyskl - INFO - Epoch [4][5800/12529]	lr: 1.111e-02, eta: 9:28:31, time: 0.215, data_time: 0.000, memory: 1700, top1_acc: 0.8569, top5_acc: 0.9869, loss_cls: 0.4333, loss: 0.4333
2026-08-06 18:38:05,657 - pyskl - INFO - Epoch [4][5900/12529]	lr: 1.110e-02, eta: 9:28:09, time: 0.215, data_time: 0.000, memory: 1700, top1_acc: 0.8519, top5_acc: 0.9800, loss_cls: 0.4731, loss: 0.4731
2026-08-06 18:38:26,997 - pyskl - INFO - Epoch [4][6000/12529]	lr: 1.110e-02, eta: 9:27:45, time: 0.213, data_time: 0.000, memory: 1700, top1_acc: 0.8650, top5_acc: 0.9781, loss_cls: 0.4766, loss: 0.4766
2026-08-06 18:38:48,479 - pyskl - INFO - Epoch [4][6100/12529]	lr: 1.109e-02, eta: 9:27:23, time: 0.215, data_time: 0.000, memory: 1700, top1_acc: 0.8300, top5_acc: 0.9750, loss_cls: 0.5492, loss: 0.5492
2026-08-06 18:39:10,013 - pyskl - INFO - Epoch [4][6200/12529]	lr: 1.109e-02, eta: 9:27:01, time: 0.215, data_time: 0.000, memory: 1700, top1_acc: 0.8556, top5_acc: 0.9819, loss_cls: 0.4845, loss: 0.4845
2026-08-06 18:39:31,460 - pyskl - INFO - Epoch [4][6300/12529]	lr: 1.108e-02, eta: 9:26:38, time: 0.214, data_time: 0.000, memory: 1700, top1_acc: 0.8438, top5_acc: 0.9756, loss_cls: 0.5071, loss: 0.5071
2026-08-06 18:39:52,929 - pyskl - INFO - Epoch [4][6400/12529]	lr: 1.107e-02, eta: 9:26:15, time: 0.215, data_time: 0.000, memory: 1700, top1_acc: 0.8719, top5_acc: 0.9812, loss_cls: 0.4344, loss: 0.4344
2026-08-06 18:40:14,424 - pyskl - INFO - Epoch [4][6500/12529]	lr: 1.107e-02, eta: 9:25:53, time: 0.215, data_time: 0.000, memory: 1700, top1_acc: 0.8387, top5_acc: 0.9769, loss_cls: 0.5236, loss: 0.5236
2026-08-06 18:40:35,887 - pyskl - INFO - Epoch [4][6600/12529]	lr: 1.106e-02, eta: 9:25:30, time: 0.215, data_time: 0.000, memory: 1700, top1_acc: 0.8544, top5_acc: 0.9781, loss_cls: 0.4709, loss: 0.4709
2026-08-06 18:40:57,352 - pyskl - INFO - Epoch [4][6700/12529]	lr: 1.105e-02, eta: 9:25:08, time: 0.215, data_time: 0.000, memory: 1700, top1_acc: 0.8544, top5_acc: 0.9788, loss_cls: 0.4839, loss: 0.4839
2026-08-06 18:41:18,816 - pyskl - INFO - Epoch [4][6800/12529]	lr: 1.105e-02, eta: 9:24:45, time: 0.215, data_time: 0.000, memory: 1700, top1_acc: 0.8419, top5_acc: 0.9788, loss_cls: 0.5030, loss: 0.5030
2026-08-06 18:41:40,217 - pyskl - INFO - Epoch [4][6900/12529]	lr: 1.104e-02, eta: 9:24:22, time: 0.214, data_time: 0.000, memory: 1700, top1_acc: 0.8381, top5_acc: 0.9738, loss_cls: 0.5374, loss: 0.5374
2026-08-06 18:42:01,690 - pyskl - INFO - Epoch [4][7000/12529]	lr: 1.104e-02, eta: 9:24:00, time: 0.215, data_time: 0.000, memory: 1700, top1_acc: 0.8406, top5_acc: 0.9788, loss_cls: 0.5038, loss: 0.5038
2026-08-06 18:42:23,161 - pyskl - INFO - Epoch [4][7100/12529]	lr: 1.103e-02, eta: 9:23:37, time: 0.215, data_time: 0.000, memory: 1700, top1_acc: 0.8481, top5_acc: 0.9788, loss_cls: 0.4808, loss: 0.4808
2026-08-06 18:42:44,572 - pyskl - INFO - Epoch [4][7200/12529]	lr: 1.102e-02, eta: 9:23:14, time: 0.214, data_time: 0.000, memory: 1700, top1_acc: 0.8600, top5_acc: 0.9819, loss_cls: 0.4653, loss: 0.4653
2026-08-06 18:43:05,939 - pyskl - INFO - Epoch [4][7300/12529]	lr: 1.102e-02, eta: 9:22:52, time: 0.214, data_time: 0.000, memory: 1700, top1_acc: 0.8469, top5_acc: 0.9775, loss_cls: 0.4862, loss: 0.4862
2026-08-06 18:43:27,432 - pyskl - INFO - Epoch [4][7400/12529]	lr: 1.101e-02, eta: 9:22:29, time: 0.215, data_time: 0.000, memory: 1700, top1_acc: 0.8313, top5_acc: 0.9675, loss_cls: 0.5608, loss: 0.5608
2026-08-06 18:43:48,871 - pyskl - INFO - Epoch [4][7500/12529]	lr: 1.100e-02, eta: 9:22:06, time: 0.214, data_time: 0.000, memory: 1700, top1_acc: 0.8406, top5_acc: 0.9806, loss_cls: 0.4934, loss: 0.4934
2026-08-06 18:44:10,471 - pyskl - INFO - Epoch [4][7600/12529]	lr: 1.100e-02, eta: 9:21:44, time: 0.216, data_time: 0.000, memory: 1700, top1_acc: 0.8381, top5_acc: 0.9725, loss_cls: 0.5173, loss: 0.5173
2026-08-06 18:44:31,921 - pyskl - INFO - Epoch [4][7700/12529]	lr: 1.099e-02, eta: 9:21:22, time: 0.214, data_time: 0.000, memory: 1700, top1_acc: 0.8431, top5_acc: 0.9800, loss_cls: 0.5110, loss: 0.5110
2026-08-06 18:44:53,360 - pyskl - INFO - Epoch [4][7800/12529]	lr: 1.098e-02, eta: 9:20:59, time: 0.214, data_time: 0.000, memory: 1700, top1_acc: 0.8381, top5_acc: 0.9656, loss_cls: 0.5460, loss: 0.5460
2026-08-06 18:45:14,996 - pyskl - INFO - Epoch [4][7900/12529]	lr: 1.098e-02, eta: 9:20:37, time: 0.216, data_time: 0.000, memory: 1700, top1_acc: 0.8462, top5_acc: 0.9750, loss_cls: 0.4887, loss: 0.4887
2026-08-06 18:45:36,375 - pyskl - INFO - Epoch [4][8000/12529]	lr: 1.097e-02, eta: 9:20:14, time: 0.214, data_time: 0.000, memory: 1700, top1_acc: 0.8394, top5_acc: 0.9788, loss_cls: 0.4913, loss: 0.4913
2026-08-06 18:45:57,865 - pyskl - INFO - Epoch [4][8100/12529]	lr: 1.097e-02, eta: 9:19:52, time: 0.215, data_time: 0.000, memory: 1700, top1_acc: 0.8462, top5_acc: 0.9756, loss_cls: 0.5045, loss: 0.5045
2026-08-06 18:46:19,215 - pyskl - INFO - Epoch [4][8200/12529]	lr: 1.096e-02, eta: 9:19:29, time: 0.213, data_time: 0.000, memory: 1700, top1_acc: 0.8337, top5_acc: 0.9775, loss_cls: 0.5207, loss: 0.5207
2026-08-06 18:46:40,617 - pyskl - INFO - Epoch [4][8300/12529]	lr: 1.095e-02, eta: 9:19:06, time: 0.214, data_time: 0.000, memory: 1700, top1_acc: 0.8644, top5_acc: 0.9781, loss_cls: 0.4623, loss: 0.4623
2026-08-06 18:47:02,076 - pyskl - INFO - Epoch [4][8400/12529]	lr: 1.095e-02, eta: 9:18:44, time: 0.215, data_time: 0.000, memory: 1700, top1_acc: 0.8444, top5_acc: 0.9769, loss_cls: 0.5118, loss: 0.5118
2026-08-06 18:47:23,501 - pyskl - INFO - Epoch [4][8500/12529]	lr: 1.094e-02, eta: 9:18:21, time: 0.214, data_time: 0.000, memory: 1700, top1_acc: 0.8631, top5_acc: 0.9812, loss_cls: 0.4560, loss: 0.4560
2026-08-06 18:47:45,060 - pyskl - INFO - Epoch [4][8600/12529]	lr: 1.093e-02, eta: 9:17:59, time: 0.216, data_time: 0.000, memory: 1700, top1_acc: 0.8644, top5_acc: 0.9775, loss_cls: 0.4760, loss: 0.4760
2026-08-06 18:48:06,597 - pyskl - INFO - Epoch [4][8700/12529]	lr: 1.093e-02, eta: 9:17:37, time: 0.215, data_time: 0.000, memory: 1700, top1_acc: 0.8656, top5_acc: 0.9812, loss_cls: 0.4519, loss: 0.4519
2026-08-06 18:48:27,919 - pyskl - INFO - Epoch [4][8800/12529]	lr: 1.092e-02, eta: 9:17:14, time: 0.213, data_time: 0.000, memory: 1700, top1_acc: 0.8612, top5_acc: 0.9744, loss_cls: 0.4798, loss: 0.4798
2026-08-06 18:48:49,317 - pyskl - INFO - Epoch [4][8900/12529]	lr: 1.091e-02, eta: 9:16:51, time: 0.214, data_time: 0.000, memory: 1700, top1_acc: 0.8612, top5_acc: 0.9800, loss_cls: 0.4619, loss: 0.4619
2026-08-06 18:49:10,897 - pyskl - INFO - Epoch [4][9000/12529]	lr: 1.091e-02, eta: 9:16:29, time: 0.216, data_time: 0.000, memory: 1700, top1_acc: 0.8588, top5_acc: 0.9819, loss_cls: 0.4407, loss: 0.4407
2026-08-06 18:49:32,467 - pyskl - INFO - Epoch [4][9100/12529]	lr: 1.090e-02, eta: 9:16:07, time: 0.216, data_time: 0.000, memory: 1700, top1_acc: 0.8381, top5_acc: 0.9750, loss_cls: 0.5323, loss: 0.5323
2026-08-06 18:49:53,893 - pyskl - INFO - Epoch [4][9200/12529]	lr: 1.089e-02, eta: 9:15:44, time: 0.214, data_time: 0.000, memory: 1700, top1_acc: 0.8494, top5_acc: 0.9812, loss_cls: 0.4894, loss: 0.4894
2026-08-06 18:50:15,382 - pyskl - INFO - Epoch [4][9300/12529]	lr: 1.089e-02, eta: 9:15:22, time: 0.215, data_time: 0.000, memory: 1700, top1_acc: 0.8562, top5_acc: 0.9794, loss_cls: 0.4778, loss: 0.4778
2026-08-06 18:50:36,821 - pyskl - INFO - Epoch [4][9400/12529]	lr: 1.088e-02, eta: 9:14:59, time: 0.214, data_time: 0.000, memory: 1700, top1_acc: 0.8519, top5_acc: 0.9756, loss_cls: 0.5011, loss: 0.5011
2026-08-06 18:50:58,265 - pyskl - INFO - Epoch [4][9500/12529]	lr: 1.087e-02, eta: 9:14:37, time: 0.214, data_time: 0.000, memory: 1700, top1_acc: 0.8531, top5_acc: 0.9788, loss_cls: 0.4809, loss: 0.4809
2026-08-06 18:51:19,809 - pyskl - INFO - Epoch [4][9600/12529]	lr: 1.087e-02, eta: 9:14:15, time: 0.215, data_time: 0.000, memory: 1700, top1_acc: 0.8425, top5_acc: 0.9744, loss_cls: 0.4890, loss: 0.4890
2026-08-06 18:51:41,312 - pyskl - INFO - Epoch [4][9700/12529]	lr: 1.086e-02, eta: 9:13:52, time: 0.215, data_time: 0.000, memory: 1700, top1_acc: 0.8444, top5_acc: 0.9812, loss_cls: 0.4699, loss: 0.4699
2026-08-06 18:52:02,695 - pyskl - INFO - Epoch [4][9800/12529]	lr: 1.085e-02, eta: 9:13:30, time: 0.214, data_time: 0.000, memory: 1700, top1_acc: 0.8481, top5_acc: 0.9731, loss_cls: 0.4939, loss: 0.4939
2026-08-06 18:52:24,137 - pyskl - INFO - Epoch [4][9900/12529]	lr: 1.085e-02, eta: 9:13:07, time: 0.214, data_time: 0.000, memory: 1700, top1_acc: 0.8562, top5_acc: 0.9838, loss_cls: 0.4731, loss: 0.4731
2026-08-06 18:52:45,511 - pyskl - INFO - Epoch [4][10000/12529]	lr: 1.084e-02, eta: 9:12:44, time: 0.214, data_time: 0.000, memory: 1700, top1_acc: 0.8469, top5_acc: 0.9775, loss_cls: 0.4968, loss: 0.4968
2026-08-06 18:53:07,121 - pyskl - INFO - Epoch [4][10100/12529]	lr: 1.083e-02, eta: 9:12:22, time: 0.216, data_time: 0.000, memory: 1700, top1_acc: 0.8456, top5_acc: 0.9712, loss_cls: 0.5162, loss: 0.5162
2026-08-06 18:53:28,618 - pyskl - INFO - Epoch [4][10200/12529]	lr: 1.083e-02, eta: 9:12:00, time: 0.215, data_time: 0.000, memory: 1700, top1_acc: 0.8625, top5_acc: 0.9819, loss_cls: 0.4456, loss: 0.4456
2026-08-06 18:53:50,061 - pyskl - INFO - Epoch [4][10300/12529]	lr: 1.082e-02, eta: 9:11:38, time: 0.214, data_time: 0.000, memory: 1700, top1_acc: 0.8544, top5_acc: 0.9825, loss_cls: 0.4616, loss: 0.4616
2026-08-06 18:54:11,606 - pyskl - INFO - Epoch [4][10400/12529]	lr: 1.081e-02, eta: 9:11:15, time: 0.215, data_time: 0.000, memory: 1700, top1_acc: 0.8413, top5_acc: 0.9750, loss_cls: 0.5044, loss: 0.5044
2026-08-06 18:54:33,062 - pyskl - INFO - Epoch [4][10500/12529]	lr: 1.081e-02, eta: 9:10:53, time: 0.215, data_time: 0.000, memory: 1700, top1_acc: 0.8462, top5_acc: 0.9775, loss_cls: 0.5030, loss: 0.5030
2026-08-06 18:54:54,633 - pyskl - INFO - Epoch [4][10600/12529]	lr: 1.080e-02, eta: 9:10:31, time: 0.216, data_time: 0.000, memory: 1700, top1_acc: 0.8413, top5_acc: 0.9756, loss_cls: 0.5091, loss: 0.5091
2026-08-06 18:55:16,093 - pyskl - INFO - Epoch [4][10700/12529]	lr: 1.079e-02, eta: 9:10:08, time: 0.215, data_time: 0.000, memory: 1700, top1_acc: 0.8575, top5_acc: 0.9769, loss_cls: 0.4711, loss: 0.4711
2026-08-06 18:55:37,741 - pyskl - INFO - Epoch [4][10800/12529]	lr: 1.079e-02, eta: 9:09:47, time: 0.217, data_time: 0.000, memory: 1700, top1_acc: 0.8394, top5_acc: 0.9800, loss_cls: 0.4877, loss: 0.4877
2026-08-06 18:55:59,187 - pyskl - INFO - Epoch [4][10900/12529]	lr: 1.078e-02, eta: 9:09:24, time: 0.214, data_time: 0.000, memory: 1700, top1_acc: 0.8512, top5_acc: 0.9769, loss_cls: 0.4933, loss: 0.4933
2026-08-06 18:56:20,709 - pyskl - INFO - Epoch [4][11000/12529]	lr: 1.077e-02, eta: 9:09:02, time: 0.215, data_time: 0.000, memory: 1700, top1_acc: 0.8575, top5_acc: 0.9769, loss_cls: 0.4881, loss: 0.4881
2026-08-06 18:56:42,208 - pyskl - INFO - Epoch [4][11100/12529]	lr: 1.077e-02, eta: 9:08:40, time: 0.215, data_time: 0.000, memory: 1700, top1_acc: 0.8550, top5_acc: 0.9738, loss_cls: 0.4771, loss: 0.4771
2026-08-06 18:57:03,712 - pyskl - INFO - Epoch [4][11200/12529]	lr: 1.076e-02, eta: 9:08:17, time: 0.215, data_time: 0.000, memory: 1700, top1_acc: 0.8575, top5_acc: 0.9800, loss_cls: 0.4811, loss: 0.4811
2026-08-06 18:57:25,315 - pyskl - INFO - Epoch [4][11300/12529]	lr: 1.075e-02, eta: 9:07:55, time: 0.216, data_time: 0.000, memory: 1700, top1_acc: 0.8475, top5_acc: 0.9775, loss_cls: 0.5150, loss: 0.5150
2026-08-06 18:57:46,727 - pyskl - INFO - Epoch [4][11400/12529]	lr: 1.075e-02, eta: 9:07:33, time: 0.214, data_time: 0.000, memory: 1700, top1_acc: 0.8556, top5_acc: 0.9694, loss_cls: 0.4989, loss: 0.4989
2026-08-06 18:58:08,181 - pyskl - INFO - Epoch [4][11500/12529]	lr: 1.074e-02, eta: 9:07:10, time: 0.215, data_time: 0.000, memory: 1700, top1_acc: 0.8419, top5_acc: 0.9688, loss_cls: 0.5441, loss: 0.5441
2026-08-06 18:58:29,614 - pyskl - INFO - Epoch [4][11600/12529]	lr: 1.073e-02, eta: 9:06:48, time: 0.214, data_time: 0.000, memory: 1700, top1_acc: 0.8700, top5_acc: 0.9844, loss_cls: 0.4269, loss: 0.4269
2026-08-06 18:58:51,094 - pyskl - INFO - Epoch [4][11700/12529]	lr: 1.073e-02, eta: 9:06:26, time: 0.215, data_time: 0.000, memory: 1700, top1_acc: 0.8581, top5_acc: 0.9800, loss_cls: 0.4489, loss: 0.4489
2026-08-06 18:59:12,634 - pyskl - INFO - Epoch [4][11800/12529]	lr: 1.072e-02, eta: 9:06:04, time: 0.215, data_time: 0.000, memory: 1700, top1_acc: 0.8488, top5_acc: 0.9775, loss_cls: 0.4983, loss: 0.4983
2026-08-06 18:59:34,101 - pyskl - INFO - Epoch [4][11900/12529]	lr: 1.071e-02, eta: 9:05:41, time: 0.215, data_time: 0.000, memory: 1700, top1_acc: 0.8512, top5_acc: 0.9762, loss_cls: 0.4830, loss: 0.4830
2026-08-06 18:59:55,553 - pyskl - INFO - Epoch [4][12000/12529]	lr: 1.071e-02, eta: 9:05:19, time: 0.215, data_time: 0.000, memory: 1700, top1_acc: 0.8725, top5_acc: 0.9875, loss_cls: 0.4131, loss: 0.4131
2026-08-06 19:00:17,119 - pyskl - INFO - Epoch [4][12100/12529]	lr: 1.070e-02, eta: 9:04:57, time: 0.216, data_time: 0.000, memory: 1700, top1_acc: 0.8425, top5_acc: 0.9762, loss_cls: 0.4935, loss: 0.4935
2026-08-06 19:00:38,579 - pyskl - INFO - Epoch [4][12200/12529]	lr: 1.069e-02, eta: 9:04:34, time: 0.215, data_time: 0.000, memory: 1700, top1_acc: 0.8294, top5_acc: 0.9775, loss_cls: 0.5378, loss: 0.5378
2026-08-06 19:01:00,111 - pyskl - INFO - Epoch [4][12300/12529]	lr: 1.069e-02, eta: 9:04:12, time: 0.215, data_time: 0.000, memory: 1700, top1_acc: 0.8481, top5_acc: 0.9756, loss_cls: 0.5062, loss: 0.5062
2026-08-06 19:01:21,584 - pyskl - INFO - Epoch [4][12400/12529]	lr: 1.068e-02, eta: 9:03:50, time: 0.215, data_time: 0.000, memory: 1700, top1_acc: 0.8550, top5_acc: 0.9794, loss_cls: 0.5026, loss: 0.5026
2026-08-06 19:01:42,950 - pyskl - INFO - Epoch [4][12500/12529]	lr: 1.067e-02, eta: 9:03:27, time: 0.214, data_time: 0.000, memory: 1700, top1_acc: 0.8488, top5_acc: 0.9781, loss_cls: 0.4960, loss: 0.4960
2026-08-06 19:01:49,619 - pyskl - INFO - Saving checkpoint at 4 epochs
2026-08-06 19:03:08,561 - pyskl - INFO - Evaluating top_k_accuracy ...
2026-08-06 19:03:08,625 - pyskl - INFO - 
top1_acc	0.8066
top5_acc	0.9645
2026-08-06 19:03:08,629 - pyskl - INFO - The previous best checkpoint D:\YXJProject\pythonProject\pyskl\work_dirs\stgcn\stgcn_pyskl_ntu60_xsub_3dkp\j_single_gpu\best_top1_acc_epoch_3.pth was removed
2026-08-06 19:03:08,772 - pyskl - INFO - Now best checkpoint is saved as best_top1_acc_epoch_4.pth.
2026-08-06 19:03:08,772 - pyskl - INFO - Best top1_acc is 0.8066 at 4 epoch.
2026-08-06 19:03:08,775 - pyskl - INFO - Epoch(val) [4][1031]	top1_acc: 0.8066, top5_acc: 0.9645
2026-08-06 19:03:42,585 - pyskl - INFO - Epoch [5][100/12529]	lr: 1.066e-02, eta: 9:03:17, time: 0.338, data_time: 0.123, memory: 1700, top1_acc: 0.8588, top5_acc: 0.9744, loss_cls: 0.4743, loss: 0.4743
2026-08-06 19:04:04,031 - pyskl - INFO - Epoch [5][200/12529]	lr: 1.066e-02, eta: 9:02:54, time: 0.214, data_time: 0.000, memory: 1700, top1_acc: 0.8488, top5_acc: 0.9700, loss_cls: 0.5167, loss: 0.5167
2026-08-06 19:04:25,528 - pyskl - INFO - Epoch [5][300/12529]	lr: 1.065e-02, eta: 9:02:32, time: 0.215, data_time: 0.000, memory: 1700, top1_acc: 0.8569, top5_acc: 0.9844, loss_cls: 0.4723, loss: 0.4723
2026-08-06 19:04:46,861 - pyskl - INFO - Epoch [5][400/12529]	lr: 1.064e-02, eta: 9:02:09, time: 0.213, data_time: 0.000, memory: 1700, top1_acc: 0.8669, top5_acc: 0.9850, loss_cls: 0.4610, loss: 0.4610
2026-08-06 19:05:08,346 - pyskl - INFO - Epoch [5][500/12529]	lr: 1.063e-02, eta: 9:01:47, time: 0.215, data_time: 0.000, memory: 1700, top1_acc: 0.8625, top5_acc: 0.9794, loss_cls: 0.4698, loss: 0.4698
2026-08-06 19:05:29,946 - pyskl - INFO - Epoch [5][600/12529]	lr: 1.063e-02, eta: 9:01:25, time: 0.216, data_time: 0.000, memory: 1700, top1_acc: 0.8531, top5_acc: 0.9800, loss_cls: 0.4624, loss: 0.4624
2026-08-06 19:05:51,449 - pyskl - INFO - Epoch [5][700/12529]	lr: 1.062e-02, eta: 9:01:03, time: 0.215, data_time: 0.000, memory: 1700, top1_acc: 0.8369, top5_acc: 0.9738, loss_cls: 0.5355, loss: 0.5355
2026-08-06 19:06:12,977 - pyskl - INFO - Epoch [5][800/12529]	lr: 1.061e-02, eta: 9:00:40, time: 0.215, data_time: 0.000, memory: 1700, top1_acc: 0.8675, top5_acc: 0.9850, loss_cls: 0.4230, loss: 0.4230
2026-08-06 19:06:34,539 - pyskl - INFO - Epoch [5][900/12529]	lr: 1.061e-02, eta: 9:00:18, time: 0.216, data_time: 0.000, memory: 1700, top1_acc: 0.8581, top5_acc: 0.9812, loss_cls: 0.4598, loss: 0.4598
2026-08-06 19:06:56,040 - pyskl - INFO - Epoch [5][1000/12529]	lr: 1.060e-02, eta: 8:59:56, time: 0.215, data_time: 0.000, memory: 1700, top1_acc: 0.8406, top5_acc: 0.9769, loss_cls: 0.4899, loss: 0.4899
2026-08-06 19:07:17,689 - pyskl - INFO - Epoch [5][1100/12529]	lr: 1.059e-02, eta: 8:59:34, time: 0.216, data_time: 0.000, memory: 1700, top1_acc: 0.8331, top5_acc: 0.9738, loss_cls: 0.5306, loss: 0.5306
2026-08-06 19:07:39,133 - pyskl - INFO - Epoch [5][1200/12529]	lr: 1.059e-02, eta: 8:59:12, time: 0.214, data_time: 0.000, memory: 1700, top1_acc: 0.8538, top5_acc: 0.9775, loss_cls: 0.4689, loss: 0.4689
2026-08-06 19:08:00,645 - pyskl - INFO - Epoch [5][1300/12529]	lr: 1.058e-02, eta: 8:58:50, time: 0.215, data_time: 0.000, memory: 1700, top1_acc: 0.8706, top5_acc: 0.9775, loss_cls: 0.4336, loss: 0.4336
2026-08-06 19:08:22,298 - pyskl - INFO - Epoch [5][1400/12529]	lr: 1.057e-02, eta: 8:58:28, time: 0.217, data_time: 0.000, memory: 1700, top1_acc: 0.8619, top5_acc: 0.9806, loss_cls: 0.4373, loss: 0.4373
2026-08-06 19:08:43,886 - pyskl - INFO - Epoch [5][1500/12529]	lr: 1.056e-02, eta: 8:58:06, time: 0.216, data_time: 0.000, memory: 1700, top1_acc: 0.8738, top5_acc: 0.9812, loss_cls: 0.4218, loss: 0.4218
2026-08-06 19:09:05,423 - pyskl - INFO - Epoch [5][1600/12529]	lr: 1.056e-02, eta: 8:57:44, time: 0.215, data_time: 0.000, memory: 1700, top1_acc: 0.8662, top5_acc: 0.9812, loss_cls: 0.4376, loss: 0.4376
2026-08-06 19:09:26,729 - pyskl - INFO - Epoch [5][1700/12529]	lr: 1.055e-02, eta: 8:57:21, time: 0.213, data_time: 0.000, memory: 1700, top1_acc: 0.8519, top5_acc: 0.9788, loss_cls: 0.4811, loss: 0.4811
2026-08-06 19:09:48,239 - pyskl - INFO - Epoch [5][1800/12529]	lr: 1.054e-02, eta: 8:56:59, time: 0.215, data_time: 0.000, memory: 1700, top1_acc: 0.8694, top5_acc: 0.9831, loss_cls: 0.4405, loss: 0.4405
2026-08-06 19:10:09,818 - pyskl - INFO - Epoch [5][1900/12529]	lr: 1.054e-02, eta: 8:56:37, time: 0.216, data_time: 0.000, memory: 1700, top1_acc: 0.8500, top5_acc: 0.9769, loss_cls: 0.4619, loss: 0.4619
2026-08-06 19:10:31,330 - pyskl - INFO - Epoch [5][2000/12529]	lr: 1.053e-02, eta: 8:56:15, time: 0.215, data_time: 0.000, memory: 1700, top1_acc: 0.8506, top5_acc: 0.9825, loss_cls: 0.4574, loss: 0.4574
2026-08-06 19:10:52,860 - pyskl - INFO - Epoch [5][2100/12529]	lr: 1.052e-02, eta: 8:55:52, time: 0.215, data_time: 0.000, memory: 1700, top1_acc: 0.8631, top5_acc: 0.9838, loss_cls: 0.4336, loss: 0.4336
2026-08-06 19:11:14,359 - pyskl - INFO - Epoch [5][2200/12529]	lr: 1.051e-02, eta: 8:55:30, time: 0.215, data_time: 0.000, memory: 1700, top1_acc: 0.8700, top5_acc: 0.9856, loss_cls: 0.4174, loss: 0.4174
2026-08-06 19:11:35,819 - pyskl - INFO - Epoch [5][2300/12529]	lr: 1.051e-02, eta: 8:55:08, time: 0.215, data_time: 0.000, memory: 1700, top1_acc: 0.8594, top5_acc: 0.9856, loss_cls: 0.4324, loss: 0.4324
2026-08-06 19:11:57,286 - pyskl - INFO - Epoch [5][2400/12529]	lr: 1.050e-02, eta: 8:54:46, time: 0.215, data_time: 0.000, memory: 1700, top1_acc: 0.8719, top5_acc: 0.9838, loss_cls: 0.4216, loss: 0.4216
2026-08-06 19:12:19,047 - pyskl - INFO - Epoch [5][2500/12529]	lr: 1.049e-02, eta: 8:54:24, time: 0.218, data_time: 0.000, memory: 1700, top1_acc: 0.8706, top5_acc: 0.9775, loss_cls: 0.4393, loss: 0.4393
2026-08-06 19:12:40,588 - pyskl - INFO - Epoch [5][2600/12529]	lr: 1.049e-02, eta: 8:54:02, time: 0.215, data_time: 0.000, memory: 1700, top1_acc: 0.8569, top5_acc: 0.9825, loss_cls: 0.4742, loss: 0.4742
2026-08-06 19:13:02,053 - pyskl - INFO - Epoch [5][2700/12529]	lr: 1.048e-02, eta: 8:53:40, time: 0.215, data_time: 0.000, memory: 1700, top1_acc: 0.8738, top5_acc: 0.9831, loss_cls: 0.4358, loss: 0.4358
2026-08-06 19:13:23,569 - pyskl - INFO - Epoch [5][2800/12529]	lr: 1.047e-02, eta: 8:53:17, time: 0.215, data_time: 0.000, memory: 1700, top1_acc: 0.8631, top5_acc: 0.9831, loss_cls: 0.4386, loss: 0.4386
2026-08-06 19:13:45,138 - pyskl - INFO - Epoch [5][2900/12529]	lr: 1.046e-02, eta: 8:52:55, time: 0.216, data_time: 0.000, memory: 1700, top1_acc: 0.8775, top5_acc: 0.9788, loss_cls: 0.4203, loss: 0.4203
2026-08-06 19:14:06,713 - pyskl - INFO - Epoch [5][3000/12529]	lr: 1.046e-02, eta: 8:52:33, time: 0.216, data_time: 0.000, memory: 1700, top1_acc: 0.8450, top5_acc: 0.9819, loss_cls: 0.4847, loss: 0.4847
2026-08-06 19:14:28,381 - pyskl - INFO - Epoch [5][3100/12529]	lr: 1.045e-02, eta: 8:52:12, time: 0.217, data_time: 0.000, memory: 1700, top1_acc: 0.8538, top5_acc: 0.9838, loss_cls: 0.4765, loss: 0.4765
2026-08-06 19:14:49,882 - pyskl - INFO - Epoch [5][3200/12529]	lr: 1.044e-02, eta: 8:51:50, time: 0.215, data_time: 0.000, memory: 1700, top1_acc: 0.8538, top5_acc: 0.9825, loss_cls: 0.4719, loss: 0.4719
2026-08-06 19:15:11,548 - pyskl - INFO - Epoch [5][3300/12529]	lr: 1.044e-02, eta: 8:51:28, time: 0.217, data_time: 0.000, memory: 1700, top1_acc: 0.8512, top5_acc: 0.9850, loss_cls: 0.4852, loss: 0.4852
2026-08-06 19:15:33,043 - pyskl - INFO - Epoch [5][3400/12529]	lr: 1.043e-02, eta: 8:51:06, time: 0.215, data_time: 0.000, memory: 1700, top1_acc: 0.8700, top5_acc: 0.9788, loss_cls: 0.4604, loss: 0.4604
2026-08-06 19:15:54,642 - pyskl - INFO - Epoch [5][3500/12529]	lr: 1.042e-02, eta: 8:50:44, time: 0.216, data_time: 0.000, memory: 1700, top1_acc: 0.8681, top5_acc: 0.9800, loss_cls: 0.4402, loss: 0.4402
2026-08-06 19:16:16,152 - pyskl - INFO - Epoch [5][3600/12529]	lr: 1.041e-02, eta: 8:50:21, time: 0.215, data_time: 0.000, memory: 1700, top1_acc: 0.8675, top5_acc: 0.9738, loss_cls: 0.4298, loss: 0.4298
2026-08-06 19:16:37,766 - pyskl - INFO - Epoch [5][3700/12529]	lr: 1.041e-02, eta: 8:50:00, time: 0.216, data_time: 0.000, memory: 1700, top1_acc: 0.8500, top5_acc: 0.9775, loss_cls: 0.4813, loss: 0.4813
2026-08-06 19:16:59,319 - pyskl - INFO - Epoch [5][3800/12529]	lr: 1.040e-02, eta: 8:49:38, time: 0.216, data_time: 0.000, memory: 1700, top1_acc: 0.8694, top5_acc: 0.9844, loss_cls: 0.4385, loss: 0.4385
2026-08-06 19:17:20,899 - pyskl - INFO - Epoch [5][3900/12529]	lr: 1.039e-02, eta: 8:49:16, time: 0.216, data_time: 0.000, memory: 1700, top1_acc: 0.8775, top5_acc: 0.9788, loss_cls: 0.4334, loss: 0.4334
2026-08-06 19:17:42,384 - pyskl - INFO - Epoch [5][4000/12529]	lr: 1.038e-02, eta: 8:48:53, time: 0.215, data_time: 0.000, memory: 1700, top1_acc: 0.8694, top5_acc: 0.9881, loss_cls: 0.4205, loss: 0.4205
2026-08-06 19:18:03,833 - pyskl - INFO - Epoch [5][4100/12529]	lr: 1.038e-02, eta: 8:48:31, time: 0.214, data_time: 0.000, memory: 1700, top1_acc: 0.8594, top5_acc: 0.9806, loss_cls: 0.4566, loss: 0.4566
2026-08-06 19:18:25,369 - pyskl - INFO - Epoch [5][4200/12529]	lr: 1.037e-02, eta: 8:48:09, time: 0.215, data_time: 0.000, memory: 1700, top1_acc: 0.8488, top5_acc: 0.9831, loss_cls: 0.4627, loss: 0.4627
2026-08-06 19:18:46,807 - pyskl - INFO - Epoch [5][4300/12529]	lr: 1.036e-02, eta: 8:47:47, time: 0.214, data_time: 0.000, memory: 1700, top1_acc: 0.8631, top5_acc: 0.9825, loss_cls: 0.4335, loss: 0.4335
2026-08-06 19:19:08,265 - pyskl - INFO - Epoch [5][4400/12529]	lr: 1.035e-02, eta: 8:47:24, time: 0.215, data_time: 0.000, memory: 1700, top1_acc: 0.8475, top5_acc: 0.9794, loss_cls: 0.4682, loss: 0.4682
2026-08-06 19:19:29,732 - pyskl - INFO - Epoch [5][4500/12529]	lr: 1.035e-02, eta: 8:47:02, time: 0.215, data_time: 0.000, memory: 1700, top1_acc: 0.8688, top5_acc: 0.9812, loss_cls: 0.4202, loss: 0.4202
2026-08-06 19:19:51,329 - pyskl - INFO - Epoch [5][4600/12529]	lr: 1.034e-02, eta: 8:46:40, time: 0.216, data_time: 0.000, memory: 1700, top1_acc: 0.8781, top5_acc: 0.9806, loss_cls: 0.4040, loss: 0.4040
2026-08-06 19:20:12,793 - pyskl - INFO - Epoch [5][4700/12529]	lr: 1.033e-02, eta: 8:46:18, time: 0.215, data_time: 0.000, memory: 1700, top1_acc: 0.8706, top5_acc: 0.9831, loss_cls: 0.4226, loss: 0.4226
2026-08-06 19:20:34,376 - pyskl - INFO - Epoch [5][4800/12529]	lr: 1.032e-02, eta: 8:45:56, time: 0.216, data_time: 0.000, memory: 1700, top1_acc: 0.8594, top5_acc: 0.9775, loss_cls: 0.4649, loss: 0.4649
2026-08-06 19:20:55,840 - pyskl - INFO - Epoch [5][4900/12529]	lr: 1.032e-02, eta: 8:45:34, time: 0.215, data_time: 0.000, memory: 1700, top1_acc: 0.8481, top5_acc: 0.9794, loss_cls: 0.5062, loss: 0.5062
2026-08-06 19:21:17,396 - pyskl - INFO - Epoch [5][5000/12529]	lr: 1.031e-02, eta: 8:45:12, time: 0.216, data_time: 0.000, memory: 1700, top1_acc: 0.8844, top5_acc: 0.9844, loss_cls: 0.3722, loss: 0.3722
2026-08-06 19:21:38,999 - pyskl - INFO - Epoch [5][5100/12529]	lr: 1.030e-02, eta: 8:44:50, time: 0.216, data_time: 0.000, memory: 1700, top1_acc: 0.8644, top5_acc: 0.9812, loss_cls: 0.4392, loss: 0.4392
2026-08-06 19:22:00,376 - pyskl - INFO - Epoch [5][5200/12529]	lr: 1.030e-02, eta: 8:44:27, time: 0.214, data_time: 0.000, memory: 1700, top1_acc: 0.8769, top5_acc: 0.9788, loss_cls: 0.4141, loss: 0.4141
2026-08-06 19:22:21,819 - pyskl - INFO - Epoch [5][5300/12529]	lr: 1.029e-02, eta: 8:44:05, time: 0.214, data_time: 0.000, memory: 1700, top1_acc: 0.8644, top5_acc: 0.9838, loss_cls: 0.4383, loss: 0.4383
2026-08-06 19:22:43,327 - pyskl - INFO - Epoch [5][5400/12529]	lr: 1.028e-02, eta: 8:43:43, time: 0.215, data_time: 0.000, memory: 1700, top1_acc: 0.8469, top5_acc: 0.9831, loss_cls: 0.4643, loss: 0.4643
2026-08-06 19:23:04,841 - pyskl - INFO - Epoch [5][5500/12529]	lr: 1.027e-02, eta: 8:43:21, time: 0.215, data_time: 0.000, memory: 1700, top1_acc: 0.8569, top5_acc: 0.9856, loss_cls: 0.4556, loss: 0.4556
2026-08-06 19:23:26,317 - pyskl - INFO - Epoch [5][5600/12529]	lr: 1.027e-02, eta: 8:42:59, time: 0.215, data_time: 0.000, memory: 1700, top1_acc: 0.8669, top5_acc: 0.9819, loss_cls: 0.4452, loss: 0.4452
2026-08-06 19:23:47,916 - pyskl - INFO - Epoch [5][5700/12529]	lr: 1.026e-02, eta: 8:42:37, time: 0.216, data_time: 0.000, memory: 1700, top1_acc: 0.8694, top5_acc: 0.9875, loss_cls: 0.3971, loss: 0.3971
2026-08-06 19:24:09,401 - pyskl - INFO - Epoch [5][5800/12529]	lr: 1.025e-02, eta: 8:42:15, time: 0.215, data_time: 0.000, memory: 1700, top1_acc: 0.8606, top5_acc: 0.9800, loss_cls: 0.4620, loss: 0.4620
2026-08-06 19:24:30,895 - pyskl - INFO - Epoch [5][5900/12529]	lr: 1.024e-02, eta: 8:41:52, time: 0.215, data_time: 0.000, memory: 1700, top1_acc: 0.8462, top5_acc: 0.9744, loss_cls: 0.5252, loss: 0.5252
2026-08-06 19:24:52,322 - pyskl - INFO - Epoch [5][6000/12529]	lr: 1.024e-02, eta: 8:41:30, time: 0.214, data_time: 0.000, memory: 1700, top1_acc: 0.8669, top5_acc: 0.9762, loss_cls: 0.4417, loss: 0.4417
2026-08-06 19:25:13,870 - pyskl - INFO - Epoch [5][6100/12529]	lr: 1.023e-02, eta: 8:41:08, time: 0.215, data_time: 0.000, memory: 1700, top1_acc: 0.8681, top5_acc: 0.9762, loss_cls: 0.4446, loss: 0.4446
2026-08-06 19:25:35,303 - pyskl - INFO - Epoch [5][6200/12529]	lr: 1.022e-02, eta: 8:40:46, time: 0.214, data_time: 0.000, memory: 1700, top1_acc: 0.8644, top5_acc: 0.9850, loss_cls: 0.4270, loss: 0.4270
2026-08-06 19:25:56,722 - pyskl - INFO - Epoch [5][6300/12529]	lr: 1.021e-02, eta: 8:40:23, time: 0.214, data_time: 0.000, memory: 1700, top1_acc: 0.8788, top5_acc: 0.9806, loss_cls: 0.4109, loss: 0.4109
2026-08-06 19:26:18,178 - pyskl - INFO - Epoch [5][6400/12529]	lr: 1.020e-02, eta: 8:40:01, time: 0.215, data_time: 0.000, memory: 1700, top1_acc: 0.8631, top5_acc: 0.9769, loss_cls: 0.4753, loss: 0.4753
2026-08-06 19:26:39,626 - pyskl - INFO - Epoch [5][6500/12529]	lr: 1.020e-02, eta: 8:39:39, time: 0.214, data_time: 0.000, memory: 1700, top1_acc: 0.8606, top5_acc: 0.9788, loss_cls: 0.4585, loss: 0.4585
2026-08-06 19:27:01,094 - pyskl - INFO - Epoch [5][6600/12529]	lr: 1.019e-02, eta: 8:39:17, time: 0.215, data_time: 0.000, memory: 1700, top1_acc: 0.8856, top5_acc: 0.9838, loss_cls: 0.3950, loss: 0.3950
2026-08-06 19:27:22,522 - pyskl - INFO - Epoch [5][6700/12529]	lr: 1.018e-02, eta: 8:38:54, time: 0.214, data_time: 0.000, memory: 1700, top1_acc: 0.8544, top5_acc: 0.9794, loss_cls: 0.4583, loss: 0.4583
2026-08-06 19:27:43,963 - pyskl - INFO - Epoch [5][6800/12529]	lr: 1.017e-02, eta: 8:38:32, time: 0.214, data_time: 0.000, memory: 1700, top1_acc: 0.8644, top5_acc: 0.9794, loss_cls: 0.4342, loss: 0.4342
2026-08-06 19:28:05,375 - pyskl - INFO - Epoch [5][6900/12529]	lr: 1.017e-02, eta: 8:38:10, time: 0.214, data_time: 0.000, memory: 1700, top1_acc: 0.8750, top5_acc: 0.9831, loss_cls: 0.4126, loss: 0.4126
2026-08-06 19:28:26,706 - pyskl - INFO - Epoch [5][7000/12529]	lr: 1.016e-02, eta: 8:37:47, time: 0.213, data_time: 0.000, memory: 1700, top1_acc: 0.8719, top5_acc: 0.9819, loss_cls: 0.4262, loss: 0.4262
2026-08-06 19:28:48,202 - pyskl - INFO - Epoch [5][7100/12529]	lr: 1.015e-02, eta: 8:37:25, time: 0.215, data_time: 0.000, memory: 1700, top1_acc: 0.8662, top5_acc: 0.9831, loss_cls: 0.4568, loss: 0.4568
2026-08-06 19:29:09,735 - pyskl - INFO - Epoch [5][7200/12529]	lr: 1.014e-02, eta: 8:37:03, time: 0.215, data_time: 0.000, memory: 1700, top1_acc: 0.8719, top5_acc: 0.9844, loss_cls: 0.4241, loss: 0.4241
2026-08-06 19:29:31,104 - pyskl - INFO - Epoch [5][7300/12529]	lr: 1.014e-02, eta: 8:36:41, time: 0.214, data_time: 0.000, memory: 1700, top1_acc: 0.8694, top5_acc: 0.9788, loss_cls: 0.4475, loss: 0.4475
2026-08-06 19:29:52,361 - pyskl - INFO - Epoch [5][7400/12529]	lr: 1.013e-02, eta: 8:36:18, time: 0.213, data_time: 0.000, memory: 1700, top1_acc: 0.8738, top5_acc: 0.9862, loss_cls: 0.4308, loss: 0.4308
2026-08-06 19:30:13,721 - pyskl - INFO - Epoch [5][7500/12529]	lr: 1.012e-02, eta: 8:35:56, time: 0.214, data_time: 0.000, memory: 1700, top1_acc: 0.8819, top5_acc: 0.9844, loss_cls: 0.4099, loss: 0.4099
2026-08-06 19:30:35,175 - pyskl - INFO - Epoch [5][7600/12529]	lr: 1.011e-02, eta: 8:35:33, time: 0.215, data_time: 0.000, memory: 1700, top1_acc: 0.8681, top5_acc: 0.9812, loss_cls: 0.4399, loss: 0.4399
2026-08-06 19:30:56,474 - pyskl - INFO - Epoch [5][7700/12529]	lr: 1.011e-02, eta: 8:35:11, time: 0.213, data_time: 0.000, memory: 1700, top1_acc: 0.8594, top5_acc: 0.9812, loss_cls: 0.4553, loss: 0.4553
2026-08-06 19:31:17,854 - pyskl - INFO - Epoch [5][7800/12529]	lr: 1.010e-02, eta: 8:34:48, time: 0.214, data_time: 0.000, memory: 1700, top1_acc: 0.8662, top5_acc: 0.9831, loss_cls: 0.4288, loss: 0.4288
2026-08-06 19:31:39,300 - pyskl - INFO - Epoch [5][7900/12529]	lr: 1.009e-02, eta: 8:34:26, time: 0.214, data_time: 0.000, memory: 1700, top1_acc: 0.8781, top5_acc: 0.9881, loss_cls: 0.3799, loss: 0.3799
2026-08-06 19:32:00,718 - pyskl - INFO - Epoch [5][8000/12529]	lr: 1.008e-02, eta: 8:34:04, time: 0.214, data_time: 0.000, memory: 1700, top1_acc: 0.8550, top5_acc: 0.9762, loss_cls: 0.4769, loss: 0.4769
2026-08-06 19:32:22,110 - pyskl - INFO - Epoch [5][8100/12529]	lr: 1.007e-02, eta: 8:33:42, time: 0.214, data_time: 0.000, memory: 1700, top1_acc: 0.8694, top5_acc: 0.9825, loss_cls: 0.4379, loss: 0.4379
2026-08-06 19:32:43,581 - pyskl - INFO - Epoch [5][8200/12529]	lr: 1.007e-02, eta: 8:33:19, time: 0.215, data_time: 0.000, memory: 1700, top1_acc: 0.8700, top5_acc: 0.9812, loss_cls: 0.4294, loss: 0.4294
2026-08-06 19:33:05,162 - pyskl - INFO - Epoch [5][8300/12529]	lr: 1.006e-02, eta: 8:32:58, time: 0.216, data_time: 0.000, memory: 1700, top1_acc: 0.8681, top5_acc: 0.9769, loss_cls: 0.4676, loss: 0.4676
2026-08-06 19:33:26,583 - pyskl - INFO - Epoch [5][8400/12529]	lr: 1.005e-02, eta: 8:32:35, time: 0.214, data_time: 0.000, memory: 1700, top1_acc: 0.8675, top5_acc: 0.9850, loss_cls: 0.4358, loss: 0.4358
2026-08-06 19:33:47,939 - pyskl - INFO - Epoch [5][8500/12529]	lr: 1.004e-02, eta: 8:32:13, time: 0.214, data_time: 0.000, memory: 1700, top1_acc: 0.8656, top5_acc: 0.9775, loss_cls: 0.4449, loss: 0.4449
2026-08-06 19:34:09,366 - pyskl - INFO - Epoch [5][8600/12529]	lr: 1.004e-02, eta: 8:31:51, time: 0.214, data_time: 0.000, memory: 1700, top1_acc: 0.8756, top5_acc: 0.9819, loss_cls: 0.4002, loss: 0.4002
2026-08-06 19:34:30,867 - pyskl - INFO - Epoch [5][8700/12529]	lr: 1.003e-02, eta: 8:31:29, time: 0.215, data_time: 0.000, memory: 1700, top1_acc: 0.8738, top5_acc: 0.9862, loss_cls: 0.4308, loss: 0.4308
2026-08-06 19:34:52,277 - pyskl - INFO - Epoch [5][8800/12529]	lr: 1.002e-02, eta: 8:31:06, time: 0.214, data_time: 0.000, memory: 1700, top1_acc: 0.8938, top5_acc: 0.9844, loss_cls: 0.3741, loss: 0.3741
2026-08-06 19:35:13,642 - pyskl - INFO - Epoch [5][8900/12529]	lr: 1.001e-02, eta: 8:30:44, time: 0.214, data_time: 0.000, memory: 1700, top1_acc: 0.8656, top5_acc: 0.9800, loss_cls: 0.4679, loss: 0.4679
2026-08-06 19:35:34,991 - pyskl - INFO - Epoch [5][9000/12529]	lr: 1.000e-02, eta: 8:30:21, time: 0.213, data_time: 0.000, memory: 1700, top1_acc: 0.8662, top5_acc: 0.9788, loss_cls: 0.4444, loss: 0.4444
2026-08-06 19:35:56,367 - pyskl - INFO - Epoch [5][9100/12529]	lr: 9.997e-03, eta: 8:29:59, time: 0.214, data_time: 0.000, memory: 1700, top1_acc: 0.8725, top5_acc: 0.9806, loss_cls: 0.4211, loss: 0.4211
2026-08-06 19:36:17,861 - pyskl - INFO - Epoch [5][9200/12529]	lr: 9.989e-03, eta: 8:29:37, time: 0.215, data_time: 0.000, memory: 1700, top1_acc: 0.8869, top5_acc: 0.9838, loss_cls: 0.3957, loss: 0.3957
2026-08-06 19:36:39,172 - pyskl - INFO - Epoch [5][9300/12529]	lr: 9.981e-03, eta: 8:29:15, time: 0.213, data_time: 0.000, memory: 1700, top1_acc: 0.8762, top5_acc: 0.9800, loss_cls: 0.4317, loss: 0.4317
2026-08-06 19:37:00,621 - pyskl - INFO - Epoch [5][9400/12529]	lr: 9.973e-03, eta: 8:28:52, time: 0.214, data_time: 0.000, memory: 1700, top1_acc: 0.8644, top5_acc: 0.9781, loss_cls: 0.4618, loss: 0.4618
2026-08-06 19:37:22,068 - pyskl - INFO - Epoch [5][9500/12529]	lr: 9.965e-03, eta: 8:28:30, time: 0.214, data_time: 0.000, memory: 1700, top1_acc: 0.8644, top5_acc: 0.9850, loss_cls: 0.4161, loss: 0.4161
2026-08-06 19:37:43,417 - pyskl - INFO - Epoch [5][9600/12529]	lr: 9.957e-03, eta: 8:28:08, time: 0.213, data_time: 0.000, memory: 1700, top1_acc: 0.8662, top5_acc: 0.9831, loss_cls: 0.4392, loss: 0.4392
2026-08-06 19:38:05,119 - pyskl - INFO - Epoch [5][9700/12529]	lr: 9.949e-03, eta: 8:27:46, time: 0.217, data_time: 0.000, memory: 1700, top1_acc: 0.8838, top5_acc: 0.9931, loss_cls: 0.3580, loss: 0.3580
2026-08-06 19:38:26,733 - pyskl - INFO - Epoch [5][9800/12529]	lr: 9.941e-03, eta: 8:27:24, time: 0.216, data_time: 0.000, memory: 1700, top1_acc: 0.8888, top5_acc: 0.9869, loss_cls: 0.4000, loss: 0.4000
2026-08-06 19:38:48,420 - pyskl - INFO - Epoch [5][9900/12529]	lr: 9.933e-03, eta: 8:27:03, time: 0.217, data_time: 0.000, memory: 1700, top1_acc: 0.8725, top5_acc: 0.9838, loss_cls: 0.4210, loss: 0.4210
2026-08-06 19:39:10,114 - pyskl - INFO - Epoch [5][10000/12529]	lr: 9.926e-03, eta: 8:26:41, time: 0.217, data_time: 0.000, memory: 1700, top1_acc: 0.8475, top5_acc: 0.9769, loss_cls: 0.4666, loss: 0.4666
2026-08-06 19:39:31,787 - pyskl - INFO - Epoch [5][10100/12529]	lr: 9.918e-03, eta: 8:26:20, time: 0.217, data_time: 0.000, memory: 1700, top1_acc: 0.8712, top5_acc: 0.9869, loss_cls: 0.3965, loss: 0.3965
2026-08-06 19:39:53,492 - pyskl - INFO - Epoch [5][10200/12529]	lr: 9.910e-03, eta: 8:25:58, time: 0.217, data_time: 0.000, memory: 1700, top1_acc: 0.8769, top5_acc: 0.9856, loss_cls: 0.4102, loss: 0.4102
2026-08-06 19:40:15,189 - pyskl - INFO - Epoch [5][10300/12529]	lr: 9.902e-03, eta: 8:25:36, time: 0.217, data_time: 0.000, memory: 1700, top1_acc: 0.8756, top5_acc: 0.9831, loss_cls: 0.3962, loss: 0.3962
2026-08-06 19:40:36,572 - pyskl - INFO - Epoch [5][10400/12529]	lr: 9.894e-03, eta: 8:25:14, time: 0.214, data_time: 0.000, memory: 1700, top1_acc: 0.8694, top5_acc: 0.9881, loss_cls: 0.4135, loss: 0.4135
2026-08-06 19:40:58,082 - pyskl - INFO - Epoch [5][10500/12529]	lr: 9.886e-03, eta: 8:24:52, time: 0.215, data_time: 0.000, memory: 1700, top1_acc: 0.8769, top5_acc: 0.9819, loss_cls: 0.4219, loss: 0.4219
2026-08-06 19:41:19,505 - pyskl - INFO - Epoch [5][10600/12529]	lr: 9.878e-03, eta: 8:24:30, time: 0.214, data_time: 0.000, memory: 1700, top1_acc: 0.8788, top5_acc: 0.9850, loss_cls: 0.4147, loss: 0.4147
2026-08-06 19:41:40,814 - pyskl - INFO - Epoch [5][10700/12529]	lr: 9.870e-03, eta: 8:24:07, time: 0.213, data_time: 0.000, memory: 1700, top1_acc: 0.8706, top5_acc: 0.9900, loss_cls: 0.4105, loss: 0.4105
2026-08-06 19:42:02,270 - pyskl - INFO - Epoch [5][10800/12529]	lr: 9.862e-03, eta: 8:23:45, time: 0.215, data_time: 0.000, memory: 1700, top1_acc: 0.8625, top5_acc: 0.9806, loss_cls: 0.4428, loss: 0.4428
2026-08-06 19:42:23,789 - pyskl - INFO - Epoch [5][10900/12529]	lr: 9.854e-03, eta: 8:23:23, time: 0.215, data_time: 0.000, memory: 1700, top1_acc: 0.8762, top5_acc: 0.9825, loss_cls: 0.4222, loss: 0.4222
2026-08-06 19:42:45,202 - pyskl - INFO - Epoch [5][11000/12529]	lr: 9.846e-03, eta: 8:23:01, time: 0.214, data_time: 0.000, memory: 1700, top1_acc: 0.8712, top5_acc: 0.9856, loss_cls: 0.3995, loss: 0.3995
2026-08-06 19:43:06,661 - pyskl - INFO - Epoch [5][11100/12529]	lr: 9.838e-03, eta: 8:22:39, time: 0.215, data_time: 0.000, memory: 1700, top1_acc: 0.8812, top5_acc: 0.9812, loss_cls: 0.4111, loss: 0.4111
2026-08-06 19:43:28,127 - pyskl - INFO - Epoch [5][11200/12529]	lr: 9.830e-03, eta: 8:22:17, time: 0.215, data_time: 0.000, memory: 1700, top1_acc: 0.8831, top5_acc: 0.9844, loss_cls: 0.3857, loss: 0.3857
2026-08-06 19:43:49,471 - pyskl - INFO - Epoch [5][11300/12529]	lr: 9.822e-03, eta: 8:21:55, time: 0.213, data_time: 0.000, memory: 1700, top1_acc: 0.8662, top5_acc: 0.9806, loss_cls: 0.4414, loss: 0.4414
2026-08-06 19:44:11,114 - pyskl - INFO - Epoch [5][11400/12529]	lr: 9.814e-03, eta: 8:21:33, time: 0.216, data_time: 0.000, memory: 1700, top1_acc: 0.8944, top5_acc: 0.9900, loss_cls: 0.3646, loss: 0.3646
2026-08-06 19:44:32,648 - pyskl - INFO - Epoch [5][11500/12529]	lr: 9.806e-03, eta: 8:21:11, time: 0.215, data_time: 0.000, memory: 1700, top1_acc: 0.8900, top5_acc: 0.9800, loss_cls: 0.3992, loss: 0.3992
2026-08-06 19:44:54,119 - pyskl - INFO - Epoch [5][11600/12529]	lr: 9.798e-03, eta: 8:20:49, time: 0.215, data_time: 0.000, memory: 1700, top1_acc: 0.8650, top5_acc: 0.9806, loss_cls: 0.4332, loss: 0.4332
2026-08-06 19:45:16,002 - pyskl - INFO - Epoch [5][11700/12529]	lr: 9.790e-03, eta: 8:20:28, time: 0.219, data_time: 0.000, memory: 1700, top1_acc: 0.8712, top5_acc: 0.9850, loss_cls: 0.4089, loss: 0.4089
2026-08-06 19:45:37,812 - pyskl - INFO - Epoch [5][11800/12529]	lr: 9.782e-03, eta: 8:20:06, time: 0.218, data_time: 0.000, memory: 1700, top1_acc: 0.8675, top5_acc: 0.9831, loss_cls: 0.4361, loss: 0.4361
2026-08-06 19:45:59,217 - pyskl - INFO - Epoch [5][11900/12529]	lr: 9.773e-03, eta: 8:19:44, time: 0.214, data_time: 0.000, memory: 1700, top1_acc: 0.8731, top5_acc: 0.9844, loss_cls: 0.4077, loss: 0.4077
2026-08-06 19:46:20,607 - pyskl - INFO - Epoch [5][12000/12529]	lr: 9.765e-03, eta: 8:19:22, time: 0.214, data_time: 0.000, memory: 1700, top1_acc: 0.8719, top5_acc: 0.9775, loss_cls: 0.4317, loss: 0.4317
2026-08-06 19:46:41,979 - pyskl - INFO - Epoch [5][12100/12529]	lr: 9.757e-03, eta: 8:19:00, time: 0.214, data_time: 0.000, memory: 1700, top1_acc: 0.8831, top5_acc: 0.9856, loss_cls: 0.3968, loss: 0.3968
2026-08-06 19:47:03,421 - pyskl - INFO - Epoch [5][12200/12529]	lr: 9.749e-03, eta: 8:18:37, time: 0.214, data_time: 0.000, memory: 1700, top1_acc: 0.8719, top5_acc: 0.9856, loss_cls: 0.4246, loss: 0.4246
2026-08-06 19:47:24,863 - pyskl - INFO - Epoch [5][12300/12529]	lr: 9.741e-03, eta: 8:18:15, time: 0.214, data_time: 0.000, memory: 1700, top1_acc: 0.8819, top5_acc: 0.9862, loss_cls: 0.3723, loss: 0.3723
2026-08-06 19:47:46,254 - pyskl - INFO - Epoch [5][12400/12529]	lr: 9.733e-03, eta: 8:17:53, time: 0.214, data_time: 0.000, memory: 1700, top1_acc: 0.8756, top5_acc: 0.9794, loss_cls: 0.4038, loss: 0.4038
2026-08-06 19:48:07,672 - pyskl - INFO - Epoch [5][12500/12529]	lr: 9.725e-03, eta: 8:17:31, time: 0.214, data_time: 0.000, memory: 1700, top1_acc: 0.8681, top5_acc: 0.9825, loss_cls: 0.4370, loss: 0.4370
2026-08-06 19:48:14,232 - pyskl - INFO - Saving checkpoint at 5 epochs
2026-08-06 19:49:33,069 - pyskl - INFO - Evaluating top_k_accuracy ...
2026-08-06 19:49:33,129 - pyskl - INFO - 
top1_acc	0.7943
top5_acc	0.9629
2026-08-06 19:49:33,132 - pyskl - INFO - Epoch(val) [5][1031]	top1_acc: 0.7943, top5_acc: 0.9629
2026-08-06 19:50:07,503 - pyskl - INFO - Epoch [6][100/12529]	lr: 9.714e-03, eta: 8:17:17, time: 0.344, data_time: 0.127, memory: 1700, top1_acc: 0.8912, top5_acc: 0.9856, loss_cls: 0.3580, loss: 0.3580
2026-08-06 19:50:29,075 - pyskl - INFO - Epoch [6][200/12529]	lr: 9.706e-03, eta: 8:16:55, time: 0.216, data_time: 0.000, memory: 1700, top1_acc: 0.8900, top5_acc: 0.9838, loss_cls: 0.3630, loss: 0.3630
2026-08-06 19:50:50,553 - pyskl - INFO - Epoch [6][300/12529]	lr: 9.698e-03, eta: 8:16:33, time: 0.215, data_time: 0.000, memory: 1700, top1_acc: 0.8869, top5_acc: 0.9856, loss_cls: 0.3758, loss: 0.3758
2026-08-06 19:51:11,882 - pyskl - INFO - Epoch [6][400/12529]	lr: 9.690e-03, eta: 8:16:11, time: 0.213, data_time: 0.000, memory: 1700, top1_acc: 0.8838, top5_acc: 0.9888, loss_cls: 0.4003, loss: 0.4003
2026-08-06 19:51:33,165 - pyskl - INFO - Epoch [6][500/12529]	lr: 9.682e-03, eta: 8:15:48, time: 0.213, data_time: 0.000, memory: 1700, top1_acc: 0.8719, top5_acc: 0.9812, loss_cls: 0.4236, loss: 0.4236
2026-08-06 19:51:54,534 - pyskl - INFO - Epoch [6][600/12529]	lr: 9.673e-03, eta: 8:15:26, time: 0.214, data_time: 0.000, memory: 1700, top1_acc: 0.8675, top5_acc: 0.9806, loss_cls: 0.4088, loss: 0.4088
2026-08-06 19:52:15,961 - pyskl - INFO - Epoch [6][700/12529]	lr: 9.665e-03, eta: 8:15:04, time: 0.214, data_time: 0.000, memory: 1700, top1_acc: 0.8906, top5_acc: 0.9819, loss_cls: 0.3846, loss: 0.3846
2026-08-06 19:52:37,362 - pyskl - INFO - Epoch [6][800/12529]	lr: 9.657e-03, eta: 8:14:41, time: 0.214, data_time: 0.000, memory: 1700, top1_acc: 0.8756, top5_acc: 0.9888, loss_cls: 0.4084, loss: 0.4084
2026-08-06 19:52:58,770 - pyskl - INFO - Epoch [6][900/12529]	lr: 9.649e-03, eta: 8:14:19, time: 0.214, data_time: 0.000, memory: 1700, top1_acc: 0.8875, top5_acc: 0.9838, loss_cls: 0.3877, loss: 0.3877
2026-08-06 19:53:20,308 - pyskl - INFO - Epoch [6][1000/12529]	lr: 9.641e-03, eta: 8:13:57, time: 0.215, data_time: 0.000, memory: 1700, top1_acc: 0.8681, top5_acc: 0.9819, loss_cls: 0.4183, loss: 0.4183
2026-08-06 19:53:41,725 - pyskl - INFO - Epoch [6][1100/12529]	lr: 9.632e-03, eta: 8:13:35, time: 0.214, data_time: 0.000, memory: 1700, top1_acc: 0.8812, top5_acc: 0.9831, loss_cls: 0.3886, loss: 0.3886
2026-08-06 19:54:03,186 - pyskl - INFO - Epoch [6][1200/12529]	lr: 9.624e-03, eta: 8:13:13, time: 0.215, data_time: 0.000, memory: 1700, top1_acc: 0.8750, top5_acc: 0.9781, loss_cls: 0.4194, loss: 0.4194
2026-08-06 19:54:24,753 - pyskl - INFO - Epoch [6][1300/12529]	lr: 9.616e-03, eta: 8:12:51, time: 0.216, data_time: 0.000, memory: 1700, top1_acc: 0.8644, top5_acc: 0.9812, loss_cls: 0.4234, loss: 0.4234
2026-08-06 19:54:46,309 - pyskl - INFO - Epoch [6][1400/12529]	lr: 9.608e-03, eta: 8:12:29, time: 0.216, data_time: 0.000, memory: 1700, top1_acc: 0.8756, top5_acc: 0.9856, loss_cls: 0.3936, loss: 0.3936
2026-08-06 19:55:07,907 - pyskl - INFO - Epoch [6][1500/12529]	lr: 9.599e-03, eta: 8:12:08, time: 0.216, data_time: 0.000, memory: 1700, top1_acc: 0.8894, top5_acc: 0.9838, loss_cls: 0.3681, loss: 0.3681
2026-08-06 19:55:29,448 - pyskl - INFO - Epoch [6][1600/12529]	lr: 9.591e-03, eta: 8:11:46, time: 0.215, data_time: 0.000, memory: 1700, top1_acc: 0.8688, top5_acc: 0.9800, loss_cls: 0.4304, loss: 0.4304
2026-08-06 19:55:50,952 - pyskl - INFO - Epoch [6][1700/12529]	lr: 9.583e-03, eta: 8:11:24, time: 0.215, data_time: 0.000, memory: 1700, top1_acc: 0.8738, top5_acc: 0.9875, loss_cls: 0.4060, loss: 0.4060
2026-08-06 19:56:12,462 - pyskl - INFO - Epoch [6][1800/12529]	lr: 9.574e-03, eta: 8:11:02, time: 0.215, data_time: 0.000, memory: 1700, top1_acc: 0.8912, top5_acc: 0.9862, loss_cls: 0.3810, loss: 0.3810
2026-08-06 19:56:34,018 - pyskl - INFO - Epoch [6][1900/12529]	lr: 9.566e-03, eta: 8:10:40, time: 0.216, data_time: 0.000, memory: 1700, top1_acc: 0.8825, top5_acc: 0.9844, loss_cls: 0.3845, loss: 0.3845
2026-08-06 19:56:55,629 - pyskl - INFO - Epoch [6][2000/12529]	lr: 9.558e-03, eta: 8:10:18, time: 0.216, data_time: 0.000, memory: 1700, top1_acc: 0.8775, top5_acc: 0.9869, loss_cls: 0.3883, loss: 0.3883
2026-08-06 19:57:17,103 - pyskl - INFO - Epoch [6][2100/12529]	lr: 9.550e-03, eta: 8:09:56, time: 0.215, data_time: 0.000, memory: 1700, top1_acc: 0.8869, top5_acc: 0.9881, loss_cls: 0.3653, loss: 0.3653
2026-08-06 19:57:38,561 - pyskl - INFO - Epoch [6][2200/12529]	lr: 9.541e-03, eta: 8:09:34, time: 0.215, data_time: 0.000, memory: 1700, top1_acc: 0.8600, top5_acc: 0.9812, loss_cls: 0.4247, loss: 0.4247
2026-08-06 19:57:59,918 - pyskl - INFO - Epoch [6][2300/12529]	lr: 9.533e-03, eta: 8:09:12, time: 0.214, data_time: 0.000, memory: 1700, top1_acc: 0.8925, top5_acc: 0.9919, loss_cls: 0.3519, loss: 0.3519
2026-08-06 19:58:21,426 - pyskl - INFO - Epoch [6][2400/12529]	lr: 9.525e-03, eta: 8:08:50, time: 0.215, data_time: 0.000, memory: 1700, top1_acc: 0.8769, top5_acc: 0.9800, loss_cls: 0.4141, loss: 0.4141
2026-08-06 19:58:42,803 - pyskl - INFO - Epoch [6][2500/12529]	lr: 9.516e-03, eta: 8:08:27, time: 0.214, data_time: 0.000, memory: 1700, top1_acc: 0.8838, top5_acc: 0.9900, loss_cls: 0.3676, loss: 0.3676
2026-08-06 19:59:04,176 - pyskl - INFO - Epoch [6][2600/12529]	lr: 9.508e-03, eta: 8:08:05, time: 0.214, data_time: 0.000, memory: 1700, top1_acc: 0.8775, top5_acc: 0.9831, loss_cls: 0.3961, loss: 0.3961
2026-08-06 19:59:25,717 - pyskl - INFO - Epoch [6][2700/12529]	lr: 9.499e-03, eta: 8:07:43, time: 0.215, data_time: 0.000, memory: 1700, top1_acc: 0.8694, top5_acc: 0.9844, loss_cls: 0.4193, loss: 0.4193
2026-08-06 19:59:47,063 - pyskl - INFO - Epoch [6][2800/12529]	lr: 9.491e-03, eta: 8:07:21, time: 0.213, data_time: 0.000, memory: 1700, top1_acc: 0.8744, top5_acc: 0.9781, loss_cls: 0.4186, loss: 0.4186
2026-08-06 20:00:08,578 - pyskl - INFO - Epoch [6][2900/12529]	lr: 9.483e-03, eta: 8:06:59, time: 0.215, data_time: 0.000, memory: 1700, top1_acc: 0.8700, top5_acc: 0.9825, loss_cls: 0.4271, loss: 0.4271
2026-08-06 20:00:30,093 - pyskl - INFO - Epoch [6][3000/12529]	lr: 9.474e-03, eta: 8:06:37, time: 0.215, data_time: 0.000, memory: 1700, top1_acc: 0.8825, top5_acc: 0.9869, loss_cls: 0.3836, loss: 0.3836
2026-08-06 20:00:51,627 - pyskl - INFO - Epoch [6][3100/12529]	lr: 9.466e-03, eta: 8:06:15, time: 0.215, data_time: 0.000, memory: 1700, top1_acc: 0.8812, top5_acc: 0.9838, loss_cls: 0.3932, loss: 0.3932
2026-08-06 20:01:13,113 - pyskl - INFO - Epoch [6][3200/12529]	lr: 9.458e-03, eta: 8:05:53, time: 0.215, data_time: 0.000, memory: 1700, top1_acc: 0.8669, top5_acc: 0.9875, loss_cls: 0.4168, loss: 0.4168
2026-08-06 20:01:34,459 - pyskl - INFO - Epoch [6][3300/12529]	lr: 9.449e-03, eta: 8:05:31, time: 0.213, data_time: 0.000, memory: 1700, top1_acc: 0.8806, top5_acc: 0.9888, loss_cls: 0.3852, loss: 0.3852
2026-08-06 20:01:55,918 - pyskl - INFO - Epoch [6][3400/12529]	lr: 9.441e-03, eta: 8:05:09, time: 0.215, data_time: 0.000, memory: 1700, top1_acc: 0.8769, top5_acc: 0.9862, loss_cls: 0.4088, loss: 0.4088
2026-08-06 20:02:17,385 - pyskl - INFO - Epoch [6][3500/12529]	lr: 9.432e-03, eta: 8:04:47, time: 0.215, data_time: 0.000, memory: 1700, top1_acc: 0.8956, top5_acc: 0.9875, loss_cls: 0.3664, loss: 0.3664
2026-08-06 20:02:38,801 - pyskl - INFO - Epoch [6][3600/12529]	lr: 9.424e-03, eta: 8:04:25, time: 0.214, data_time: 0.000, memory: 1700, top1_acc: 0.8712, top5_acc: 0.9844, loss_cls: 0.4157, loss: 0.4157
2026-08-06 20:03:00,299 - pyskl - INFO - Epoch [6][3700/12529]	lr: 9.415e-03, eta: 8:04:03, time: 0.215, data_time: 0.000, memory: 1700, top1_acc: 0.8750, top5_acc: 0.9844, loss_cls: 0.4008, loss: 0.4008
2026-08-06 20:03:21,682 - pyskl - INFO - Epoch [6][3800/12529]	lr: 9.407e-03, eta: 8:03:40, time: 0.214, data_time: 0.000, memory: 1700, top1_acc: 0.8600, top5_acc: 0.9788, loss_cls: 0.4390, loss: 0.4390
2026-08-06 20:03:43,030 - pyskl - INFO - Epoch [6][3900/12529]	lr: 9.398e-03, eta: 8:03:18, time: 0.213, data_time: 0.000, memory: 1700, top1_acc: 0.8838, top5_acc: 0.9888, loss_cls: 0.3898, loss: 0.3898
2026-08-06 20:04:04,627 - pyskl - INFO - Epoch [6][4000/12529]	lr: 9.390e-03, eta: 8:02:56, time: 0.216, data_time: 0.000, memory: 1700, top1_acc: 0.8738, top5_acc: 0.9819, loss_cls: 0.4131, loss: 0.4131
2026-08-06 20:04:25,998 - pyskl - INFO - Epoch [6][4100/12529]	lr: 9.382e-03, eta: 8:02:34, time: 0.214, data_time: 0.000, memory: 1700, top1_acc: 0.8912, top5_acc: 0.9825, loss_cls: 0.3685, loss: 0.3685
2026-08-06 20:04:47,406 - pyskl - INFO - Epoch [6][4200/12529]	lr: 9.373e-03, eta: 8:02:12, time: 0.214, data_time: 0.000, memory: 1700, top1_acc: 0.8862, top5_acc: 0.9894, loss_cls: 0.3624, loss: 0.3624
2026-08-06 20:05:08,873 - pyskl - INFO - Epoch [6][4300/12529]	lr: 9.365e-03, eta: 8:01:50, time: 0.215, data_time: 0.000, memory: 1700, top1_acc: 0.8888, top5_acc: 0.9881, loss_cls: 0.3562, loss: 0.3562
2026-08-06 20:05:30,249 - pyskl - INFO - Epoch [6][4400/12529]	lr: 9.356e-03, eta: 8:01:28, time: 0.214, data_time: 0.000, memory: 1700, top1_acc: 0.8719, top5_acc: 0.9869, loss_cls: 0.4005, loss: 0.4005
2026-08-06 20:05:51,688 - pyskl - INFO - Epoch [6][4500/12529]	lr: 9.348e-03, eta: 8:01:06, time: 0.214, data_time: 0.000, memory: 1700, top1_acc: 0.8869, top5_acc: 0.9856, loss_cls: 0.3753, loss: 0.3753
2026-08-06 20:06:13,186 - pyskl - INFO - Epoch [6][4600/12529]	lr: 9.339e-03, eta: 8:00:44, time: 0.215, data_time: 0.000, memory: 1700, top1_acc: 0.8806, top5_acc: 0.9869, loss_cls: 0.3977, loss: 0.3977
2026-08-06 20:06:34,664 - pyskl - INFO - Epoch [6][4700/12529]	lr: 9.331e-03, eta: 8:00:22, time: 0.215, data_time: 0.000, memory: 1700, top1_acc: 0.8850, top5_acc: 0.9831, loss_cls: 0.4039, loss: 0.4039
2026-08-06 20:06:56,062 - pyskl - INFO - Epoch [6][4800/12529]	lr: 9.322e-03, eta: 8:00:00, time: 0.214, data_time: 0.000, memory: 1700, top1_acc: 0.8919, top5_acc: 0.9825, loss_cls: 0.3602, loss: 0.3602
2026-08-06 20:07:17,614 - pyskl - INFO - Epoch [6][4900/12529]	lr: 9.314e-03, eta: 7:59:38, time: 0.216, data_time: 0.000, memory: 1700, top1_acc: 0.8800, top5_acc: 0.9875, loss_cls: 0.3781, loss: 0.3781
2026-08-06 20:07:39,155 - pyskl - INFO - Epoch [6][5000/12529]	lr: 9.305e-03, eta: 7:59:16, time: 0.215, data_time: 0.000, memory: 1700, top1_acc: 0.8919, top5_acc: 0.9862, loss_cls: 0.3685, loss: 0.3685
2026-08-06 20:08:00,811 - pyskl - INFO - Epoch [6][5100/12529]	lr: 9.296e-03, eta: 7:58:54, time: 0.217, data_time: 0.000, memory: 1700, top1_acc: 0.8725, top5_acc: 0.9844, loss_cls: 0.4286, loss: 0.4286
2026-08-06 20:08:22,395 - pyskl - INFO - Epoch [6][5200/12529]	lr: 9.288e-03, eta: 7:58:32, time: 0.216, data_time: 0.000, memory: 1700, top1_acc: 0.8862, top5_acc: 0.9869, loss_cls: 0.3776, loss: 0.3776
2026-08-06 20:08:43,876 - pyskl - INFO - Epoch [6][5300/12529]	lr: 9.279e-03, eta: 7:58:10, time: 0.215, data_time: 0.000, memory: 1700, top1_acc: 0.8819, top5_acc: 0.9781, loss_cls: 0.4087, loss: 0.4087
2026-08-06 20:09:05,507 - pyskl - INFO - Epoch [6][5400/12529]	lr: 9.271e-03, eta: 7:57:49, time: 0.216, data_time: 0.000, memory: 1700, top1_acc: 0.8781, top5_acc: 0.9794, loss_cls: 0.4127, loss: 0.4127
2026-08-06 20:09:26,872 - pyskl - INFO - Epoch [6][5500/12529]	lr: 9.262e-03, eta: 7:57:27, time: 0.214, data_time: 0.000, memory: 1700, top1_acc: 0.8825, top5_acc: 0.9925, loss_cls: 0.3774, loss: 0.3774
2026-08-06 20:09:48,408 - pyskl - INFO - Epoch [6][5600/12529]	lr: 9.254e-03, eta: 7:57:05, time: 0.215, data_time: 0.000, memory: 1700, top1_acc: 0.8888, top5_acc: 0.9844, loss_cls: 0.3637, loss: 0.3637
2026-08-06 20:10:09,917 - pyskl - INFO - Epoch [6][5700/12529]	lr: 9.245e-03, eta: 7:56:43, time: 0.215, data_time: 0.000, memory: 1700, top1_acc: 0.8694, top5_acc: 0.9850, loss_cls: 0.4096, loss: 0.4096
2026-08-06 20:10:31,417 - pyskl - INFO - Epoch [6][5800/12529]	lr: 9.236e-03, eta: 7:56:21, time: 0.215, data_time: 0.000, memory: 1700, top1_acc: 0.8881, top5_acc: 0.9856, loss_cls: 0.3559, loss: 0.3559
2026-08-06 20:10:53,034 - pyskl - INFO - Epoch [6][5900/12529]	lr: 9.228e-03, eta: 7:55:59, time: 0.216, data_time: 0.000, memory: 1700, top1_acc: 0.8869, top5_acc: 0.9800, loss_cls: 0.3848, loss: 0.3848
2026-08-06 20:11:14,793 - pyskl - INFO - Epoch [6][6000/12529]	lr: 9.219e-03, eta: 7:55:38, time: 0.218, data_time: 0.000, memory: 1700, top1_acc: 0.8906, top5_acc: 0.9875, loss_cls: 0.3495, loss: 0.3495
2026-08-06 20:11:36,394 - pyskl - INFO - Epoch [6][6100/12529]	lr: 9.211e-03, eta: 7:55:16, time: 0.216, data_time: 0.000, memory: 1700, top1_acc: 0.8969, top5_acc: 0.9912, loss_cls: 0.3299, loss: 0.3299
2026-08-06 20:11:58,063 - pyskl - INFO - Epoch [6][6200/12529]	lr: 9.202e-03, eta: 7:54:54, time: 0.217, data_time: 0.000, memory: 1700, top1_acc: 0.8794, top5_acc: 0.9831, loss_cls: 0.3859, loss: 0.3859
2026-08-06 20:12:19,696 - pyskl - INFO - Epoch [6][6300/12529]	lr: 9.193e-03, eta: 7:54:33, time: 0.216, data_time: 0.000, memory: 1700, top1_acc: 0.8850, top5_acc: 0.9850, loss_cls: 0.3792, loss: 0.3792
2026-08-06 20:12:41,039 - pyskl - INFO - Epoch [6][6400/12529]	lr: 9.185e-03, eta: 7:54:10, time: 0.213, data_time: 0.000, memory: 1700, top1_acc: 0.8719, top5_acc: 0.9819, loss_cls: 0.4253, loss: 0.4253
2026-08-06 20:13:02,393 - pyskl - INFO - Epoch [6][6500/12529]	lr: 9.176e-03, eta: 7:53:48, time: 0.214, data_time: 0.000, memory: 1700, top1_acc: 0.8781, top5_acc: 0.9812, loss_cls: 0.4015, loss: 0.4015
2026-08-06 20:13:23,909 - pyskl - INFO - Epoch [6][6600/12529]	lr: 9.167e-03, eta: 7:53:26, time: 0.215, data_time: 0.000, memory: 1700, top1_acc: 0.8694, top5_acc: 0.9819, loss_cls: 0.4234, loss: 0.4234
2026-08-06 20:13:45,514 - pyskl - INFO - Epoch [6][6700/12529]	lr: 9.159e-03, eta: 7:53:05, time: 0.216, data_time: 0.000, memory: 1700, top1_acc: 0.8812, top5_acc: 0.9831, loss_cls: 0.4124, loss: 0.4124
2026-08-06 20:14:07,001 - pyskl - INFO - Epoch [6][6800/12529]	lr: 9.150e-03, eta: 7:52:43, time: 0.215, data_time: 0.000, memory: 1700, top1_acc: 0.9031, top5_acc: 0.9856, loss_cls: 0.3593, loss: 0.3593
2026-08-06 20:14:28,368 - pyskl - INFO - Epoch [6][6900/12529]	lr: 9.141e-03, eta: 7:52:20, time: 0.214, data_time: 0.000, memory: 1700, top1_acc: 0.8781, top5_acc: 0.9869, loss_cls: 0.3979, loss: 0.3979
2026-08-06 20:14:49,674 - pyskl - INFO - Epoch [6][7000/12529]	lr: 9.133e-03, eta: 7:51:58, time: 0.213, data_time: 0.000, memory: 1700, top1_acc: 0.8931, top5_acc: 0.9838, loss_cls: 0.3572, loss: 0.3572
2026-08-06 20:15:11,105 - pyskl - INFO - Epoch [6][7100/12529]	lr: 9.124e-03, eta: 7:51:36, time: 0.214, data_time: 0.000, memory: 1700, top1_acc: 0.8888, top5_acc: 0.9825, loss_cls: 0.3805, loss: 0.3805
2026-08-06 20:15:32,581 - pyskl - INFO - Epoch [6][7200/12529]	lr: 9.115e-03, eta: 7:51:14, time: 0.215, data_time: 0.000, memory: 1700, top1_acc: 0.8812, top5_acc: 0.9831, loss_cls: 0.3915, loss: 0.3915
2026-08-06 20:15:54,018 - pyskl - INFO - Epoch [6][7300/12529]	lr: 9.106e-03, eta: 7:50:52, time: 0.214, data_time: 0.000, memory: 1700, top1_acc: 0.8725, top5_acc: 0.9838, loss_cls: 0.4056, loss: 0.4056
2026-08-06 20:16:15,406 - pyskl - INFO - Epoch [6][7400/12529]	lr: 9.098e-03, eta: 7:50:30, time: 0.214, data_time: 0.000, memory: 1700, top1_acc: 0.8962, top5_acc: 0.9888, loss_cls: 0.3752, loss: 0.3752
2026-08-06 20:16:36,837 - pyskl - INFO - Epoch [6][7500/12529]	lr: 9.089e-03, eta: 7:50:08, time: 0.214, data_time: 0.000, memory: 1700, top1_acc: 0.8862, top5_acc: 0.9850, loss_cls: 0.3731, loss: 0.3731
2026-08-06 20:16:58,288 - pyskl - INFO - Epoch [6][7600/12529]	lr: 9.080e-03, eta: 7:49:46, time: 0.215, data_time: 0.000, memory: 1700, top1_acc: 0.8819, top5_acc: 0.9819, loss_cls: 0.3865, loss: 0.3865
2026-08-06 20:17:19,745 - pyskl - INFO - Epoch [6][7700/12529]	lr: 9.072e-03, eta: 7:49:24, time: 0.215, data_time: 0.000, memory: 1700, top1_acc: 0.8838, top5_acc: 0.9838, loss_cls: 0.3935, loss: 0.3935
2026-08-06 20:17:41,132 - pyskl - INFO - Epoch [6][7800/12529]	lr: 9.063e-03, eta: 7:49:02, time: 0.214, data_time: 0.000, memory: 1700, top1_acc: 0.8838, top5_acc: 0.9850, loss_cls: 0.3830, loss: 0.3830
2026-08-06 20:18:02,575 - pyskl - INFO - Epoch [6][7900/12529]	lr: 9.054e-03, eta: 7:48:40, time: 0.214, data_time: 0.000, memory: 1700, top1_acc: 0.8819, top5_acc: 0.9806, loss_cls: 0.3932, loss: 0.3932
2026-08-06 20:18:24,110 - pyskl - INFO - Epoch [6][8000/12529]	lr: 9.045e-03, eta: 7:48:18, time: 0.215, data_time: 0.000, memory: 1700, top1_acc: 0.8856, top5_acc: 0.9856, loss_cls: 0.3883, loss: 0.3883
2026-08-06 20:18:45,664 - pyskl - INFO - Epoch [6][8100/12529]	lr: 9.037e-03, eta: 7:47:56, time: 0.216, data_time: 0.000, memory: 1700, top1_acc: 0.8706, top5_acc: 0.9819, loss_cls: 0.4236, loss: 0.4236
2026-08-06 20:19:07,051 - pyskl - INFO - Epoch [6][8200/12529]	lr: 9.028e-03, eta: 7:47:34, time: 0.214, data_time: 0.000, memory: 1700, top1_acc: 0.8756, top5_acc: 0.9875, loss_cls: 0.3952, loss: 0.3952
2026-08-06 20:19:28,507 - pyskl - INFO - Epoch [6][8300/12529]	lr: 9.019e-03, eta: 7:47:12, time: 0.215, data_time: 0.000, memory: 1700, top1_acc: 0.8844, top5_acc: 0.9844, loss_cls: 0.3839, loss: 0.3839
2026-08-06 20:19:50,030 - pyskl - INFO - Epoch [6][8400/12529]	lr: 9.010e-03, eta: 7:46:50, time: 0.215, data_time: 0.000, memory: 1700, top1_acc: 0.9056, top5_acc: 0.9869, loss_cls: 0.3253, loss: 0.3253
2026-08-06 20:20:11,593 - pyskl - INFO - Epoch [6][8500/12529]	lr: 9.001e-03, eta: 7:46:28, time: 0.216, data_time: 0.000, memory: 1700, top1_acc: 0.8862, top5_acc: 0.9894, loss_cls: 0.3671, loss: 0.3671
2026-08-06 20:20:33,078 - pyskl - INFO - Epoch [6][8600/12529]	lr: 8.993e-03, eta: 7:46:06, time: 0.215, data_time: 0.000, memory: 1700, top1_acc: 0.8769, top5_acc: 0.9819, loss_cls: 0.4027, loss: 0.4027
2026-08-06 20:20:54,574 - pyskl - INFO - Epoch [6][8700/12529]	lr: 8.984e-03, eta: 7:45:44, time: 0.215, data_time: 0.000, memory: 1700, top1_acc: 0.9031, top5_acc: 0.9881, loss_cls: 0.3163, loss: 0.3163
2026-08-06 20:21:16,019 - pyskl - INFO - Epoch [6][8800/12529]	lr: 8.975e-03, eta: 7:45:22, time: 0.214, data_time: 0.000, memory: 1700, top1_acc: 0.8756, top5_acc: 0.9838, loss_cls: 0.3948, loss: 0.3948
2026-08-06 20:21:37,610 - pyskl - INFO - Epoch [6][8900/12529]	lr: 8.966e-03, eta: 7:45:01, time: 0.216, data_time: 0.000, memory: 1700, top1_acc: 0.8912, top5_acc: 0.9831, loss_cls: 0.3665, loss: 0.3665
2026-08-06 20:21:59,015 - pyskl - INFO - Epoch [6][9000/12529]	lr: 8.957e-03, eta: 7:44:39, time: 0.214, data_time: 0.000, memory: 1700, top1_acc: 0.8725, top5_acc: 0.9825, loss_cls: 0.4066, loss: 0.4066
2026-08-06 20:22:20,639 - pyskl - INFO - Epoch [6][9100/12529]	lr: 8.949e-03, eta: 7:44:17, time: 0.216, data_time: 0.000, memory: 1700, top1_acc: 0.8756, top5_acc: 0.9775, loss_cls: 0.4158, loss: 0.4158
2026-08-06 20:22:42,012 - pyskl - INFO - Epoch [6][9200/12529]	lr: 8.940e-03, eta: 7:43:55, time: 0.214, data_time: 0.000, memory: 1700, top1_acc: 0.8756, top5_acc: 0.9856, loss_cls: 0.4133, loss: 0.4133
2026-08-06 20:23:03,459 - pyskl - INFO - Epoch [6][9300/12529]	lr: 8.931e-03, eta: 7:43:33, time: 0.214, data_time: 0.000, memory: 1700, top1_acc: 0.8944, top5_acc: 0.9844, loss_cls: 0.3800, loss: 0.3800
2026-08-06 20:23:24,924 - pyskl - INFO - Epoch [6][9400/12529]	lr: 8.922e-03, eta: 7:43:11, time: 0.215, data_time: 0.000, memory: 1700, top1_acc: 0.8862, top5_acc: 0.9894, loss_cls: 0.3635, loss: 0.3635
2026-08-06 20:23:46,415 - pyskl - INFO - Epoch [6][9500/12529]	lr: 8.913e-03, eta: 7:42:49, time: 0.215, data_time: 0.000, memory: 1700, top1_acc: 0.8850, top5_acc: 0.9856, loss_cls: 0.3806, loss: 0.3806
2026-08-06 20:24:07,812 - pyskl - INFO - Epoch [6][9600/12529]	lr: 8.904e-03, eta: 7:42:27, time: 0.214, data_time: 0.000, memory: 1700, top1_acc: 0.8844, top5_acc: 0.9838, loss_cls: 0.3936, loss: 0.3936
2026-08-06 20:24:29,238 - pyskl - INFO - Epoch [6][9700/12529]	lr: 8.895e-03, eta: 7:42:05, time: 0.214, data_time: 0.000, memory: 1700, top1_acc: 0.8894, top5_acc: 0.9850, loss_cls: 0.3797, loss: 0.3797
2026-08-06 20:24:50,534 - pyskl - INFO - Epoch [6][9800/12529]	lr: 8.887e-03, eta: 7:41:43, time: 0.213, data_time: 0.000, memory: 1700, top1_acc: 0.8844, top5_acc: 0.9869, loss_cls: 0.3703, loss: 0.3703
2026-08-06 20:25:12,087 - pyskl - INFO - Epoch [6][9900/12529]	lr: 8.878e-03, eta: 7:41:21, time: 0.216, data_time: 0.000, memory: 1700, top1_acc: 0.8788, top5_acc: 0.9819, loss_cls: 0.3963, loss: 0.3963
2026-08-06 20:25:33,503 - pyskl - INFO - Epoch [6][10000/12529]	lr: 8.869e-03, eta: 7:40:59, time: 0.214, data_time: 0.000, memory: 1700, top1_acc: 0.8925, top5_acc: 0.9844, loss_cls: 0.3798, loss: 0.3798
2026-08-06 20:25:54,967 - pyskl - INFO - Epoch [6][10100/12529]	lr: 8.860e-03, eta: 7:40:37, time: 0.215, data_time: 0.000, memory: 1700, top1_acc: 0.8869, top5_acc: 0.9838, loss_cls: 0.3797, loss: 0.3797
2026-08-06 20:26:16,358 - pyskl - INFO - Epoch [6][10200/12529]	lr: 8.851e-03, eta: 7:40:15, time: 0.214, data_time: 0.000, memory: 1700, top1_acc: 0.8738, top5_acc: 0.9856, loss_cls: 0.4018, loss: 0.4018
2026-08-06 20:26:37,860 - pyskl - INFO - Epoch [6][10300/12529]	lr: 8.842e-03, eta: 7:39:53, time: 0.215, data_time: 0.000, memory: 1700, top1_acc: 0.8781, top5_acc: 0.9831, loss_cls: 0.4030, loss: 0.4030
2026-08-06 20:26:59,258 - pyskl - INFO - Epoch [6][10400/12529]	lr: 8.833e-03, eta: 7:39:31, time: 0.214, data_time: 0.000, memory: 1700, top1_acc: 0.8788, top5_acc: 0.9869, loss_cls: 0.3944, loss: 0.3944
2026-08-06 20:27:20,671 - pyskl - INFO - Epoch [6][10500/12529]	lr: 8.824e-03, eta: 7:39:09, time: 0.214, data_time: 0.000, memory: 1700, top1_acc: 0.8938, top5_acc: 0.9812, loss_cls: 0.3798, loss: 0.3798
2026-08-06 20:27:42,072 - pyskl - INFO - Epoch [6][10600/12529]	lr: 8.815e-03, eta: 7:38:47, time: 0.214, data_time: 0.000, memory: 1700, top1_acc: 0.8944, top5_acc: 0.9838, loss_cls: 0.3734, loss: 0.3734
2026-08-06 20:28:03,697 - pyskl - INFO - Epoch [6][10700/12529]	lr: 8.806e-03, eta: 7:38:25, time: 0.216, data_time: 0.000, memory: 1700, top1_acc: 0.8975, top5_acc: 0.9881, loss_cls: 0.3500, loss: 0.3500
2026-08-06 20:28:25,273 - pyskl - INFO - Epoch [6][10800/12529]	lr: 8.797e-03, eta: 7:38:03, time: 0.216, data_time: 0.000, memory: 1700, top1_acc: 0.8825, top5_acc: 0.9831, loss_cls: 0.3856, loss: 0.3856
2026-08-06 20:28:46,741 - pyskl - INFO - Epoch [6][10900/12529]	lr: 8.788e-03, eta: 7:37:41, time: 0.215, data_time: 0.000, memory: 1700, top1_acc: 0.8831, top5_acc: 0.9844, loss_cls: 0.3793, loss: 0.3793
2026-08-06 20:29:08,165 - pyskl - INFO - Epoch [6][11000/12529]	lr: 8.780e-03, eta: 7:37:19, time: 0.214, data_time: 0.000, memory: 1700, top1_acc: 0.8856, top5_acc: 0.9812, loss_cls: 0.3913, loss: 0.3913
2026-08-06 20:29:29,580 - pyskl - INFO - Epoch [6][11100/12529]	lr: 8.771e-03, eta: 7:36:57, time: 0.214, data_time: 0.000, memory: 1700, top1_acc: 0.8950, top5_acc: 0.9838, loss_cls: 0.3725, loss: 0.3725
2026-08-06 20:29:50,839 - pyskl - INFO - Epoch [6][11200/12529]	lr: 8.762e-03, eta: 7:36:35, time: 0.213, data_time: 0.000, memory: 1700, top1_acc: 0.8688, top5_acc: 0.9869, loss_cls: 0.3990, loss: 0.3990
2026-08-06 20:30:12,232 - pyskl - INFO - Epoch [6][11300/12529]	lr: 8.753e-03, eta: 7:36:13, time: 0.214, data_time: 0.000, memory: 1700, top1_acc: 0.8881, top5_acc: 0.9831, loss_cls: 0.3734, loss: 0.3734
2026-08-06 20:30:33,613 - pyskl - INFO - Epoch [6][11400/12529]	lr: 8.744e-03, eta: 7:35:51, time: 0.214, data_time: 0.000, memory: 1700, top1_acc: 0.8800, top5_acc: 0.9862, loss_cls: 0.3771, loss: 0.3771
2026-08-06 20:30:55,050 - pyskl - INFO - Epoch [6][11500/12529]	lr: 8.735e-03, eta: 7:35:29, time: 0.214, data_time: 0.000, memory: 1700, top1_acc: 0.9044, top5_acc: 0.9900, loss_cls: 0.3281, loss: 0.3281
2026-08-06 20:31:16,635 - pyskl - INFO - Epoch [6][11600/12529]	lr: 8.726e-03, eta: 7:35:07, time: 0.216, data_time: 0.000, memory: 1700, top1_acc: 0.8856, top5_acc: 0.9825, loss_cls: 0.3713, loss: 0.3713
2026-08-06 20:31:38,001 - pyskl - INFO - Epoch [6][11700/12529]	lr: 8.717e-03, eta: 7:34:45, time: 0.214, data_time: 0.000, memory: 1700, top1_acc: 0.8781, top5_acc: 0.9812, loss_cls: 0.3921, loss: 0.3921
2026-08-06 20:31:59,401 - pyskl - INFO - Epoch [6][11800/12529]	lr: 8.708e-03, eta: 7:34:23, time: 0.214, data_time: 0.000, memory: 1700, top1_acc: 0.8881, top5_acc: 0.9888, loss_cls: 0.3603, loss: 0.3603
2026-08-06 20:32:20,736 - pyskl - INFO - Epoch [6][11900/12529]	lr: 8.699e-03, eta: 7:34:01, time: 0.213, data_time: 0.000, memory: 1700, top1_acc: 0.8988, top5_acc: 0.9856, loss_cls: 0.3458, loss: 0.3458
2026-08-06 20:32:42,173 - pyskl - INFO - Epoch [6][12000/12529]	lr: 8.690e-03, eta: 7:33:39, time: 0.214, data_time: 0.000, memory: 1700, top1_acc: 0.8988, top5_acc: 0.9856, loss_cls: 0.3386, loss: 0.3386
2026-08-06 20:33:03,747 - pyskl - INFO - Epoch [6][12100/12529]	lr: 8.681e-03, eta: 7:33:17, time: 0.216, data_time: 0.000, memory: 1700, top1_acc: 0.8962, top5_acc: 0.9869, loss_cls: 0.3471, loss: 0.3471
2026-08-06 20:33:25,188 - pyskl - INFO - Epoch [6][12200/12529]	lr: 8.672e-03, eta: 7:32:55, time: 0.214, data_time: 0.000, memory: 1700, top1_acc: 0.8888, top5_acc: 0.9819, loss_cls: 0.3676, loss: 0.3676
2026-08-06 20:33:46,712 - pyskl - INFO - Epoch [6][12300/12529]	lr: 8.663e-03, eta: 7:32:34, time: 0.215, data_time: 0.000, memory: 1700, top1_acc: 0.8969, top5_acc: 0.9819, loss_cls: 0.3578, loss: 0.3578
2026-08-06 20:34:08,127 - pyskl - INFO - Epoch [6][12400/12529]	lr: 8.654e-03, eta: 7:32:12, time: 0.214, data_time: 0.000, memory: 1700, top1_acc: 0.8919, top5_acc: 0.9875, loss_cls: 0.3397, loss: 0.3397
2026-08-06 20:34:29,462 - pyskl - INFO - Epoch [6][12500/12529]	lr: 8.644e-03, eta: 7:31:49, time: 0.213, data_time: 0.000, memory: 1700, top1_acc: 0.8894, top5_acc: 0.9862, loss_cls: 0.3560, loss: 0.3560
2026-08-06 20:34:36,128 - pyskl - INFO - Saving checkpoint at 6 epochs
2026-08-06 20:35:56,577 - pyskl - INFO - Evaluating top_k_accuracy ...
2026-08-06 20:35:56,639 - pyskl - INFO - 
top1_acc	0.8151
top5_acc	0.9679
2026-08-06 20:35:56,642 - pyskl - INFO - The previous best checkpoint D:\YXJProject\pythonProject\pyskl\work_dirs\stgcn\stgcn_pyskl_ntu60_xsub_3dkp\j_single_gpu\best_top1_acc_epoch_4.pth was removed
2026-08-06 20:35:56,792 - pyskl - INFO - Now best checkpoint is saved as best_top1_acc_epoch_6.pth.
2026-08-06 20:35:56,792 - pyskl - INFO - Best top1_acc is 0.8151 at 6 epoch.
2026-08-06 20:35:56,795 - pyskl - INFO - Epoch(val) [6][1031]	top1_acc: 0.8151, top5_acc: 0.9679
2026-08-06 20:36:31,181 - pyskl - INFO - Epoch [7][100/12529]	lr: 8.633e-03, eta: 7:31:32, time: 0.344, data_time: 0.129, memory: 1700, top1_acc: 0.8994, top5_acc: 0.9894, loss_cls: 0.3590, loss: 0.3590
2026-08-06 20:36:52,791 - pyskl - INFO - Epoch [7][200/12529]	lr: 8.624e-03, eta: 7:31:11, time: 0.216, data_time: 0.000, memory: 1700, top1_acc: 0.8969, top5_acc: 0.9881, loss_cls: 0.3449, loss: 0.3449
2026-08-06 20:37:14,618 - pyskl - INFO - Epoch [7][300/12529]	lr: 8.615e-03, eta: 7:30:49, time: 0.218, data_time: 0.000, memory: 1700, top1_acc: 0.8944, top5_acc: 0.9906, loss_cls: 0.3435, loss: 0.3435
2026-08-06 20:37:36,194 - pyskl - INFO - Epoch [7][400/12529]	lr: 8.606e-03, eta: 7:30:28, time: 0.216, data_time: 0.000, memory: 1700, top1_acc: 0.9038, top5_acc: 0.9825, loss_cls: 0.3376, loss: 0.3376
2026-08-06 20:37:57,749 - pyskl - INFO - Epoch [7][500/12529]	lr: 8.597e-03, eta: 7:30:06, time: 0.216, data_time: 0.000, memory: 1700, top1_acc: 0.8988, top5_acc: 0.9850, loss_cls: 0.3350, loss: 0.3350
2026-08-06 20:38:19,206 - pyskl - INFO - Epoch [7][600/12529]	lr: 8.587e-03, eta: 7:29:44, time: 0.215, data_time: 0.000, memory: 1700, top1_acc: 0.8812, top5_acc: 0.9850, loss_cls: 0.3604, loss: 0.3604
2026-08-06 20:38:40,516 - pyskl - INFO - Epoch [7][700/12529]	lr: 8.578e-03, eta: 7:29:22, time: 0.213, data_time: 0.000, memory: 1700, top1_acc: 0.8850, top5_acc: 0.9856, loss_cls: 0.3705, loss: 0.3705
2026-08-06 20:39:01,980 - pyskl - INFO - Epoch [7][800/12529]	lr: 8.569e-03, eta: 7:29:00, time: 0.215, data_time: 0.000, memory: 1700, top1_acc: 0.8906, top5_acc: 0.9869, loss_cls: 0.3552, loss: 0.3552
2026-08-06 20:39:23,416 - pyskl - INFO - Epoch [7][900/12529]	lr: 8.560e-03, eta: 7:28:38, time: 0.214, data_time: 0.000, memory: 1700, top1_acc: 0.9050, top5_acc: 0.9906, loss_cls: 0.3162, loss: 0.3162
2026-08-06 20:39:44,788 - pyskl - INFO - Epoch [7][1000/12529]	lr: 8.551e-03, eta: 7:28:16, time: 0.214, data_time: 0.000, memory: 1700, top1_acc: 0.8900, top5_acc: 0.9888, loss_cls: 0.3521, loss: 0.3521
2026-08-06 20:40:06,220 - pyskl - INFO - Epoch [7][1100/12529]	lr: 8.542e-03, eta: 7:27:54, time: 0.214, data_time: 0.000, memory: 1700, top1_acc: 0.8738, top5_acc: 0.9844, loss_cls: 0.3886, loss: 0.3886
2026-08-06 20:40:27,635 - pyskl - INFO - Epoch [7][1200/12529]	lr: 8.533e-03, eta: 7:27:32, time: 0.214, data_time: 0.000, memory: 1700, top1_acc: 0.8844, top5_acc: 0.9794, loss_cls: 0.3910, loss: 0.3910
2026-08-06 20:40:49,184 - pyskl - INFO - Epoch [7][1300/12529]	lr: 8.524e-03, eta: 7:27:10, time: 0.215, data_time: 0.000, memory: 1700, top1_acc: 0.8831, top5_acc: 0.9869, loss_cls: 0.3799, loss: 0.3799
2026-08-06 20:41:10,696 - pyskl - INFO - Epoch [7][1400/12529]	lr: 8.515e-03, eta: 7:26:48, time: 0.215, data_time: 0.000, memory: 1700, top1_acc: 0.8981, top5_acc: 0.9894, loss_cls: 0.3252, loss: 0.3252
2026-08-06 20:41:31,903 - pyskl - INFO - Epoch [7][1500/12529]	lr: 8.505e-03, eta: 7:26:26, time: 0.212, data_time: 0.000, memory: 1700, top1_acc: 0.8781, top5_acc: 0.9812, loss_cls: 0.3992, loss: 0.3992
2026-08-06 20:41:53,333 - pyskl - INFO - Epoch [7][1600/12529]	lr: 8.496e-03, eta: 7:26:04, time: 0.214, data_time: 0.000, memory: 1700, top1_acc: 0.8875, top5_acc: 0.9919, loss_cls: 0.3506, loss: 0.3506
2026-08-06 20:42:14,678 - pyskl - INFO - Epoch [7][1700/12529]	lr: 8.487e-03, eta: 7:25:42, time: 0.213, data_time: 0.000, memory: 1700, top1_acc: 0.8912, top5_acc: 0.9881, loss_cls: 0.3592, loss: 0.3592
2026-08-06 20:42:35,957 - pyskl - INFO - Epoch [7][1800/12529]	lr: 8.478e-03, eta: 7:25:19, time: 0.213, data_time: 0.000, memory: 1700, top1_acc: 0.8944, top5_acc: 0.9931, loss_cls: 0.3335, loss: 0.3335
2026-08-06 20:42:57,291 - pyskl - INFO - Epoch [7][1900/12529]	lr: 8.469e-03, eta: 7:24:57, time: 0.213, data_time: 0.000, memory: 1700, top1_acc: 0.8894, top5_acc: 0.9869, loss_cls: 0.3508, loss: 0.3508
2026-08-06 20:43:18,736 - pyskl - INFO - Epoch [7][2000/12529]	lr: 8.460e-03, eta: 7:24:35, time: 0.214, data_time: 0.000, memory: 1700, top1_acc: 0.8950, top5_acc: 0.9875, loss_cls: 0.3459, loss: 0.3459
2026-08-06 20:43:40,155 - pyskl - INFO - Epoch [7][2100/12529]	lr: 8.451e-03, eta: 7:24:13, time: 0.214, data_time: 0.000, memory: 1700, top1_acc: 0.8850, top5_acc: 0.9838, loss_cls: 0.3853, loss: 0.3853
2026-08-06 20:44:01,550 - pyskl - INFO - Epoch [7][2200/12529]	lr: 8.441e-03, eta: 7:23:51, time: 0.214, data_time: 0.000, memory: 1700, top1_acc: 0.8919, top5_acc: 0.9919, loss_cls: 0.3541, loss: 0.3541
2026-08-06 20:44:23,067 - pyskl - INFO - Epoch [7][2300/12529]	lr: 8.432e-03, eta: 7:23:29, time: 0.215, data_time: 0.000, memory: 1700, top1_acc: 0.8831, top5_acc: 0.9850, loss_cls: 0.3852, loss: 0.3852
2026-08-06 20:44:44,493 - pyskl - INFO - Epoch [7][2400/12529]	lr: 8.423e-03, eta: 7:23:07, time: 0.214, data_time: 0.000, memory: 1700, top1_acc: 0.8994, top5_acc: 0.9906, loss_cls: 0.3265, loss: 0.3265
2026-08-06 20:45:06,072 - pyskl - INFO - Epoch [7][2500/12529]	lr: 8.414e-03, eta: 7:22:46, time: 0.216, data_time: 0.000, memory: 1700, top1_acc: 0.8938, top5_acc: 0.9881, loss_cls: 0.3472, loss: 0.3472
2026-08-06 20:45:27,608 - pyskl - INFO - Epoch [7][2600/12529]	lr: 8.405e-03, eta: 7:22:24, time: 0.215, data_time: 0.000, memory: 1700, top1_acc: 0.8725, top5_acc: 0.9769, loss_cls: 0.3984, loss: 0.3984
2026-08-06 20:45:49,020 - pyskl - INFO - Epoch [7][2700/12529]	lr: 8.395e-03, eta: 7:22:02, time: 0.214, data_time: 0.000, memory: 1700, top1_acc: 0.9006, top5_acc: 0.9900, loss_cls: 0.3265, loss: 0.3265
2026-08-06 20:46:10,451 - pyskl - INFO - Epoch [7][2800/12529]	lr: 8.386e-03, eta: 7:21:40, time: 0.214, data_time: 0.000, memory: 1700, top1_acc: 0.9050, top5_acc: 0.9900, loss_cls: 0.3220, loss: 0.3220
2026-08-06 20:46:31,811 - pyskl - INFO - Epoch [7][2900/12529]	lr: 8.377e-03, eta: 7:21:18, time: 0.214, data_time: 0.000, memory: 1700, top1_acc: 0.9119, top5_acc: 0.9862, loss_cls: 0.3059, loss: 0.3059
2026-08-06 20:46:53,115 - pyskl - INFO - Epoch [7][3000/12529]	lr: 8.368e-03, eta: 7:20:56, time: 0.213, data_time: 0.000, memory: 1700, top1_acc: 0.9087, top5_acc: 0.9931, loss_cls: 0.3153, loss: 0.3153
2026-08-06 20:47:14,588 - pyskl - INFO - Epoch [7][3100/12529]	lr: 8.359e-03, eta: 7:20:34, time: 0.215, data_time: 0.000, memory: 1700, top1_acc: 0.8806, top5_acc: 0.9894, loss_cls: 0.3641, loss: 0.3641
2026-08-06 20:47:35,933 - pyskl - INFO - Epoch [7][3200/12529]	lr: 8.349e-03, eta: 7:20:12, time: 0.213, data_time: 0.000, memory: 1700, top1_acc: 0.8962, top5_acc: 0.9869, loss_cls: 0.3473, loss: 0.3473
2026-08-06 20:47:57,404 - pyskl - INFO - Epoch [7][3300/12529]	lr: 8.340e-03, eta: 7:19:50, time: 0.215, data_time: 0.000, memory: 1700, top1_acc: 0.9237, top5_acc: 0.9931, loss_cls: 0.2794, loss: 0.2794
2026-08-06 20:48:18,729 - pyskl - INFO - Epoch [7][3400/12529]	lr: 8.331e-03, eta: 7:19:28, time: 0.213, data_time: 0.000, memory: 1700, top1_acc: 0.9062, top5_acc: 0.9881, loss_cls: 0.3140, loss: 0.3140
2026-08-06 20:48:40,237 - pyskl - INFO - Epoch [7][3500/12529]	lr: 8.322e-03, eta: 7:19:06, time: 0.215, data_time: 0.000, memory: 1700, top1_acc: 0.8975, top5_acc: 0.9869, loss_cls: 0.3425, loss: 0.3425
2026-08-06 20:49:01,616 - pyskl - INFO - Epoch [7][3600/12529]	lr: 8.312e-03, eta: 7:18:44, time: 0.214, data_time: 0.000, memory: 1700, top1_acc: 0.8894, top5_acc: 0.9869, loss_cls: 0.3528, loss: 0.3528
2026-08-06 20:49:23,062 - pyskl - INFO - Epoch [7][3700/12529]	lr: 8.303e-03, eta: 7:18:22, time: 0.214, data_time: 0.000, memory: 1700, top1_acc: 0.9012, top5_acc: 0.9844, loss_cls: 0.3341, loss: 0.3341
2026-08-06 20:49:44,438 - pyskl - INFO - Epoch [7][3800/12529]	lr: 8.294e-03, eta: 7:18:00, time: 0.214, data_time: 0.000, memory: 1700, top1_acc: 0.8900, top5_acc: 0.9881, loss_cls: 0.3613, loss: 0.3613
2026-08-06 20:50:05,873 - pyskl - INFO - Epoch [7][3900/12529]	lr: 8.285e-03, eta: 7:17:38, time: 0.214, data_time: 0.000, memory: 1700, top1_acc: 0.9019, top5_acc: 0.9931, loss_cls: 0.3297, loss: 0.3297
2026-08-06 20:50:27,181 - pyskl - INFO - Epoch [7][4000/12529]	lr: 8.275e-03, eta: 7:17:16, time: 0.213, data_time: 0.000, memory: 1700, top1_acc: 0.8950, top5_acc: 0.9906, loss_cls: 0.3305, loss: 0.3305
2026-08-06 20:50:48,545 - pyskl - INFO - Epoch [7][4100/12529]	lr: 8.266e-03, eta: 7:16:54, time: 0.214, data_time: 0.000, memory: 1700, top1_acc: 0.8844, top5_acc: 0.9850, loss_cls: 0.3557, loss: 0.3557
2026-08-06 20:51:09,973 - pyskl - INFO - Epoch [7][4200/12529]	lr: 8.257e-03, eta: 7:16:32, time: 0.214, data_time: 0.000, memory: 1700, top1_acc: 0.9012, top5_acc: 0.9894, loss_cls: 0.3343, loss: 0.3343
2026-08-06 20:51:31,314 - pyskl - INFO - Epoch [7][4300/12529]	lr: 8.248e-03, eta: 7:16:10, time: 0.213, data_time: 0.000, memory: 1700, top1_acc: 0.8869, top5_acc: 0.9862, loss_cls: 0.3700, loss: 0.3700
2026-08-06 20:51:52,699 - pyskl - INFO - Epoch [7][4400/12529]	lr: 8.238e-03, eta: 7:15:48, time: 0.214, data_time: 0.000, memory: 1700, top1_acc: 0.9113, top5_acc: 0.9931, loss_cls: 0.2909, loss: 0.2909
2026-08-06 20:52:14,089 - pyskl - INFO - Epoch [7][4500/12529]	lr: 8.229e-03, eta: 7:15:26, time: 0.214, data_time: 0.000, memory: 1700, top1_acc: 0.8988, top5_acc: 0.9925, loss_cls: 0.3255, loss: 0.3255
2026-08-06 20:52:35,670 - pyskl - INFO - Epoch [7][4600/12529]	lr: 8.220e-03, eta: 7:15:04, time: 0.216, data_time: 0.000, memory: 1700, top1_acc: 0.8812, top5_acc: 0.9856, loss_cls: 0.3689, loss: 0.3689
2026-08-06 20:52:57,068 - pyskl - INFO - Epoch [7][4700/12529]	lr: 8.210e-03, eta: 7:14:42, time: 0.214, data_time: 0.000, memory: 1700, top1_acc: 0.9062, top5_acc: 0.9862, loss_cls: 0.3214, loss: 0.3214
2026-08-06 20:53:18,540 - pyskl - INFO - Epoch [7][4800/12529]	lr: 8.201e-03, eta: 7:14:20, time: 0.215, data_time: 0.000, memory: 1700, top1_acc: 0.8969, top5_acc: 0.9881, loss_cls: 0.3448, loss: 0.3448
2026-08-06 20:53:40,027 - pyskl - INFO - Epoch [7][4900/12529]	lr: 8.192e-03, eta: 7:13:59, time: 0.215, data_time: 0.000, memory: 1700, top1_acc: 0.9056, top5_acc: 0.9844, loss_cls: 0.3281, loss: 0.3281
2026-08-06 20:54:01,392 - pyskl - INFO - Epoch [7][5000/12529]	lr: 8.183e-03, eta: 7:13:36, time: 0.214, data_time: 0.000, memory: 1700, top1_acc: 0.8912, top5_acc: 0.9862, loss_cls: 0.3775, loss: 0.3775
2026-08-06 20:54:22,790 - pyskl - INFO - Epoch [7][5100/12529]	lr: 8.173e-03, eta: 7:13:15, time: 0.214, data_time: 0.000, memory: 1700, top1_acc: 0.8912, top5_acc: 0.9850, loss_cls: 0.3656, loss: 0.3656
2026-08-06 20:54:44,131 - pyskl - INFO - Epoch [7][5200/12529]	lr: 8.164e-03, eta: 7:12:52, time: 0.213, data_time: 0.000, memory: 1700, top1_acc: 0.8988, top5_acc: 0.9900, loss_cls: 0.3381, loss: 0.3381
2026-08-06 20:55:05,685 - pyskl - INFO - Epoch [7][5300/12529]	lr: 8.155e-03, eta: 7:12:31, time: 0.216, data_time: 0.000, memory: 1700, top1_acc: 0.8925, top5_acc: 0.9850, loss_cls: 0.3527, loss: 0.3527
2026-08-06 20:55:27,134 - pyskl - INFO - Epoch [7][5400/12529]	lr: 8.145e-03, eta: 7:12:09, time: 0.214, data_time: 0.000, memory: 1700, top1_acc: 0.8988, top5_acc: 0.9869, loss_cls: 0.3597, loss: 0.3597
2026-08-06 20:55:48,531 - pyskl - INFO - Epoch [7][5500/12529]	lr: 8.136e-03, eta: 7:11:47, time: 0.214, data_time: 0.000, memory: 1700, top1_acc: 0.8950, top5_acc: 0.9850, loss_cls: 0.3490, loss: 0.3490
2026-08-06 20:56:09,973 - pyskl - INFO - Epoch [7][5600/12529]	lr: 8.127e-03, eta: 7:11:25, time: 0.214, data_time: 0.000, memory: 1700, top1_acc: 0.9075, top5_acc: 0.9919, loss_cls: 0.3240, loss: 0.3240
2026-08-06 20:56:31,560 - pyskl - INFO - Epoch [7][5700/12529]	lr: 8.117e-03, eta: 7:11:03, time: 0.216, data_time: 0.000, memory: 1700, top1_acc: 0.9106, top5_acc: 0.9906, loss_cls: 0.3136, loss: 0.3136
2026-08-06 20:56:52,983 - pyskl - INFO - Epoch [7][5800/12529]	lr: 8.108e-03, eta: 7:10:41, time: 0.214, data_time: 0.000, memory: 1700, top1_acc: 0.9038, top5_acc: 0.9869, loss_cls: 0.3277, loss: 0.3277
2026-08-06 20:57:14,414 - pyskl - INFO - Epoch [7][5900/12529]	lr: 8.099e-03, eta: 7:10:19, time: 0.214, data_time: 0.000, memory: 1700, top1_acc: 0.9081, top5_acc: 0.9912, loss_cls: 0.3037, loss: 0.3037
2026-08-06 20:57:35,815 - pyskl - INFO - Epoch [7][6000/12529]	lr: 8.089e-03, eta: 7:09:57, time: 0.214, data_time: 0.000, memory: 1700, top1_acc: 0.9019, top5_acc: 0.9856, loss_cls: 0.3296, loss: 0.3296
2026-08-06 20:57:57,054 - pyskl - INFO - Epoch [7][6100/12529]	lr: 8.080e-03, eta: 7:09:35, time: 0.212, data_time: 0.000, memory: 1700, top1_acc: 0.8988, top5_acc: 0.9881, loss_cls: 0.3430, loss: 0.3430
2026-08-06 20:58:18,531 - pyskl - INFO - Epoch [7][6200/12529]	lr: 8.070e-03, eta: 7:09:13, time: 0.215, data_time: 0.000, memory: 1700, top1_acc: 0.8906, top5_acc: 0.9875, loss_cls: 0.3478, loss: 0.3478
2026-08-06 20:58:39,943 - pyskl - INFO - Epoch [7][6300/12529]	lr: 8.061e-03, eta: 7:08:51, time: 0.214, data_time: 0.000, memory: 1700, top1_acc: 0.8962, top5_acc: 0.9881, loss_cls: 0.3492, loss: 0.3492
2026-08-06 20:59:01,343 - pyskl - INFO - Epoch [7][6400/12529]	lr: 8.052e-03, eta: 7:08:30, time: 0.214, data_time: 0.000, memory: 1700, top1_acc: 0.8962, top5_acc: 0.9894, loss_cls: 0.3407, loss: 0.3407
2026-08-06 20:59:22,805 - pyskl - INFO - Epoch [7][6500/12529]	lr: 8.042e-03, eta: 7:08:08, time: 0.215, data_time: 0.000, memory: 1700, top1_acc: 0.9006, top5_acc: 0.9900, loss_cls: 0.3215, loss: 0.3215
2026-08-06 20:59:44,192 - pyskl - INFO - Epoch [7][6600/12529]	lr: 8.033e-03, eta: 7:07:46, time: 0.214, data_time: 0.000, memory: 1700, top1_acc: 0.8969, top5_acc: 0.9894, loss_cls: 0.3554, loss: 0.3554
2026-08-06 21:00:05,544 - pyskl - INFO - Epoch [7][6700/12529]	lr: 8.024e-03, eta: 7:07:24, time: 0.213, data_time: 0.000, memory: 1700, top1_acc: 0.8912, top5_acc: 0.9881, loss_cls: 0.3505, loss: 0.3505
2026-08-06 21:00:26,988 - pyskl - INFO - Epoch [7][6800/12529]	lr: 8.014e-03, eta: 7:07:02, time: 0.214, data_time: 0.000, memory: 1700, top1_acc: 0.8894, top5_acc: 0.9875, loss_cls: 0.3655, loss: 0.3655
2026-08-06 21:00:48,346 - pyskl - INFO - Epoch [7][6900/12529]	lr: 8.005e-03, eta: 7:06:40, time: 0.214, data_time: 0.000, memory: 1700, top1_acc: 0.8938, top5_acc: 0.9900, loss_cls: 0.3136, loss: 0.3136
2026-08-06 21:01:09,894 - pyskl - INFO - Epoch [7][7000/12529]	lr: 7.995e-03, eta: 7:06:18, time: 0.215, data_time: 0.000, memory: 1700, top1_acc: 0.9012, top5_acc: 0.9925, loss_cls: 0.3227, loss: 0.3227
2026-08-06 21:01:31,287 - pyskl - INFO - Epoch [7][7100/12529]	lr: 7.986e-03, eta: 7:05:56, time: 0.214, data_time: 0.000, memory: 1700, top1_acc: 0.8950, top5_acc: 0.9856, loss_cls: 0.3342, loss: 0.3342
2026-08-06 21:01:52,697 - pyskl - INFO - Epoch [7][7200/12529]	lr: 7.976e-03, eta: 7:05:34, time: 0.214, data_time: 0.000, memory: 1700, top1_acc: 0.8944, top5_acc: 0.9906, loss_cls: 0.3407, loss: 0.3407
2026-08-06 21:02:14,203 - pyskl - INFO - Epoch [7][7300/12529]	lr: 7.967e-03, eta: 7:05:12, time: 0.215, data_time: 0.000, memory: 1700, top1_acc: 0.8975, top5_acc: 0.9862, loss_cls: 0.3260, loss: 0.3260
2026-08-06 21:02:35,657 - pyskl - INFO - Epoch [7][7400/12529]	lr: 7.958e-03, eta: 7:04:51, time: 0.215, data_time: 0.000, memory: 1700, top1_acc: 0.8819, top5_acc: 0.9888, loss_cls: 0.3685, loss: 0.3685
2026-08-06 21:02:57,071 - pyskl - INFO - Epoch [7][7500/12529]	lr: 7.948e-03, eta: 7:04:29, time: 0.214, data_time: 0.000, memory: 1700, top1_acc: 0.9169, top5_acc: 0.9894, loss_cls: 0.3060, loss: 0.3060
2026-08-06 21:03:18,434 - pyskl - INFO - Epoch [7][7600/12529]	lr: 7.939e-03, eta: 7:04:07, time: 0.214, data_time: 0.000, memory: 1700, top1_acc: 0.8944, top5_acc: 0.9925, loss_cls: 0.3365, loss: 0.3365
2026-08-06 21:03:39,799 - pyskl - INFO - Epoch [7][7700/12529]	lr: 7.929e-03, eta: 7:03:45, time: 0.214, data_time: 0.000, memory: 1700, top1_acc: 0.9025, top5_acc: 0.9844, loss_cls: 0.3240, loss: 0.3240
2026-08-06 21:04:01,280 - pyskl - INFO - Epoch [7][7800/12529]	lr: 7.920e-03, eta: 7:03:23, time: 0.215, data_time: 0.000, memory: 1700, top1_acc: 0.8975, top5_acc: 0.9862, loss_cls: 0.3501, loss: 0.3501
2026-08-06 21:04:22,740 - pyskl - INFO - Epoch [7][7900/12529]	lr: 7.910e-03, eta: 7:03:01, time: 0.215, data_time: 0.000, memory: 1700, top1_acc: 0.8950, top5_acc: 0.9931, loss_cls: 0.3290, loss: 0.3290
2026-08-06 21:04:44,125 - pyskl - INFO - Epoch [7][8000/12529]	lr: 7.901e-03, eta: 7:02:39, time: 0.214, data_time: 0.000, memory: 1700, top1_acc: 0.9081, top5_acc: 0.9831, loss_cls: 0.3132, loss: 0.3132
2026-08-06 21:05:05,443 - pyskl - INFO - Epoch [7][8100/12529]	lr: 7.892e-03, eta: 7:02:17, time: 0.213, data_time: 0.000, memory: 1700, top1_acc: 0.9031, top5_acc: 0.9888, loss_cls: 0.3162, loss: 0.3162
2026-08-06 21:05:26,777 - pyskl - INFO - Epoch [7][8200/12529]	lr: 7.882e-03, eta: 7:01:55, time: 0.213, data_time: 0.000, memory: 1700, top1_acc: 0.9025, top5_acc: 0.9925, loss_cls: 0.3217, loss: 0.3217
2026-08-06 21:05:48,137 - pyskl - INFO - Epoch [7][8300/12529]	lr: 7.873e-03, eta: 7:01:33, time: 0.214, data_time: 0.000, memory: 1700, top1_acc: 0.9194, top5_acc: 0.9900, loss_cls: 0.2787, loss: 0.2787
2026-08-06 21:06:09,590 - pyskl - INFO - Epoch [7][8400/12529]	lr: 7.863e-03, eta: 7:01:11, time: 0.214, data_time: 0.000, memory: 1700, top1_acc: 0.9113, top5_acc: 0.9900, loss_cls: 0.3063, loss: 0.3063
2026-08-06 21:06:31,055 - pyskl - INFO - Epoch [7][8500/12529]	lr: 7.854e-03, eta: 7:00:49, time: 0.215, data_time: 0.000, memory: 1700, top1_acc: 0.9069, top5_acc: 0.9894, loss_cls: 0.3190, loss: 0.3190
2026-08-06 21:06:52,503 - pyskl - INFO - Epoch [7][8600/12529]	lr: 7.844e-03, eta: 7:00:27, time: 0.214, data_time: 0.000, memory: 1700, top1_acc: 0.9075, top5_acc: 0.9912, loss_cls: 0.3111, loss: 0.3111
2026-08-06 21:07:14,005 - pyskl - INFO - Epoch [7][8700/12529]	lr: 7.835e-03, eta: 7:00:06, time: 0.215, data_time: 0.000, memory: 1700, top1_acc: 0.9069, top5_acc: 0.9906, loss_cls: 0.3045, loss: 0.3045
2026-08-06 21:07:35,423 - pyskl - INFO - Epoch [7][8800/12529]	lr: 7.825e-03, eta: 6:59:44, time: 0.214, data_time: 0.000, memory: 1700, top1_acc: 0.9056, top5_acc: 0.9900, loss_cls: 0.3211, loss: 0.3211
2026-08-06 21:07:56,790 - pyskl - INFO - Epoch [7][8900/12529]	lr: 7.816e-03, eta: 6:59:22, time: 0.214, data_time: 0.000, memory: 1700, top1_acc: 0.9087, top5_acc: 0.9862, loss_cls: 0.3070, loss: 0.3070
2026-08-06 21:08:18,264 - pyskl - INFO - Epoch [7][9000/12529]	lr: 7.806e-03, eta: 6:59:00, time: 0.215, data_time: 0.000, memory: 1700, top1_acc: 0.9113, top5_acc: 0.9906, loss_cls: 0.2911, loss: 0.2911
2026-08-06 21:08:39,656 - pyskl - INFO - Epoch [7][9100/12529]	lr: 7.797e-03, eta: 6:58:38, time: 0.214, data_time: 0.000, memory: 1700, top1_acc: 0.8962, top5_acc: 0.9862, loss_cls: 0.3361, loss: 0.3361
2026-08-06 21:09:01,085 - pyskl - INFO - Epoch [7][9200/12529]	lr: 7.787e-03, eta: 6:58:16, time: 0.214, data_time: 0.000, memory: 1700, top1_acc: 0.9075, top5_acc: 0.9881, loss_cls: 0.2999, loss: 0.2999
2026-08-06 21:09:22,698 - pyskl - INFO - Epoch [7][9300/12529]	lr: 7.778e-03, eta: 6:57:54, time: 0.216, data_time: 0.000, memory: 1700, top1_acc: 0.9144, top5_acc: 0.9862, loss_cls: 0.3134, loss: 0.3134
2026-08-06 21:09:44,091 - pyskl - INFO - Epoch [7][9400/12529]	lr: 7.768e-03, eta: 6:57:33, time: 0.214, data_time: 0.000, memory: 1700, top1_acc: 0.9050, top5_acc: 0.9919, loss_cls: 0.3096, loss: 0.3096
2026-08-06 21:10:05,578 - pyskl - INFO - Epoch [7][9500/12529]	lr: 7.759e-03, eta: 6:57:11, time: 0.215, data_time: 0.000, memory: 1700, top1_acc: 0.9081, top5_acc: 0.9806, loss_cls: 0.3308, loss: 0.3308
2026-08-06 21:10:26,929 - pyskl - INFO - Epoch [7][9600/12529]	lr: 7.749e-03, eta: 6:56:49, time: 0.214, data_time: 0.000, memory: 1700, top1_acc: 0.8894, top5_acc: 0.9862, loss_cls: 0.3510, loss: 0.3510
2026-08-06 21:10:48,225 - pyskl - INFO - Epoch [7][9700/12529]	lr: 7.740e-03, eta: 6:56:27, time: 0.213, data_time: 0.000, memory: 1700, top1_acc: 0.8975, top5_acc: 0.9825, loss_cls: 0.3563, loss: 0.3563
2026-08-06 21:11:09,726 - pyskl - INFO - Epoch [7][9800/12529]	lr: 7.730e-03, eta: 6:56:05, time: 0.215, data_time: 0.000, memory: 1700, top1_acc: 0.8988, top5_acc: 0.9875, loss_cls: 0.3428, loss: 0.3428
2026-08-06 21:11:31,055 - pyskl - INFO - Epoch [7][9900/12529]	lr: 7.721e-03, eta: 6:55:43, time: 0.213, data_time: 0.000, memory: 1700, top1_acc: 0.8875, top5_acc: 0.9838, loss_cls: 0.3638, loss: 0.3638
2026-08-06 21:11:52,406 - pyskl - INFO - Epoch [7][10000/12529]	lr: 7.711e-03, eta: 6:55:21, time: 0.213, data_time: 0.000, memory: 1700, top1_acc: 0.8788, top5_acc: 0.9862, loss_cls: 0.3761, loss: 0.3761
2026-08-06 21:12:13,969 - pyskl - INFO - Epoch [7][10100/12529]	lr: 7.702e-03, eta: 6:54:59, time: 0.216, data_time: 0.000, memory: 1700, top1_acc: 0.8912, top5_acc: 0.9850, loss_cls: 0.3718, loss: 0.3718
2026-08-06 21:12:35,427 - pyskl - INFO - Epoch [7][10200/12529]	lr: 7.692e-03, eta: 6:54:37, time: 0.215, data_time: 0.000, memory: 1700, top1_acc: 0.9025, top5_acc: 0.9900, loss_cls: 0.3218, loss: 0.3218
2026-08-06 21:12:56,723 - pyskl - INFO - Epoch [7][10300/12529]	lr: 7.683e-03, eta: 6:54:15, time: 0.213, data_time: 0.000, memory: 1700, top1_acc: 0.8925, top5_acc: 0.9881, loss_cls: 0.3402, loss: 0.3402
2026-08-06 21:13:18,108 - pyskl - INFO - Epoch [7][10400/12529]	lr: 7.673e-03, eta: 6:53:53, time: 0.214, data_time: 0.000, memory: 1700, top1_acc: 0.9081, top5_acc: 0.9900, loss_cls: 0.3037, loss: 0.3037
2026-08-06 21:13:39,544 - pyskl - INFO - Epoch [7][10500/12529]	lr: 7.664e-03, eta: 6:53:32, time: 0.214, data_time: 0.000, memory: 1700, top1_acc: 0.9156, top5_acc: 0.9912, loss_cls: 0.2882, loss: 0.2882
2026-08-06 21:14:00,971 - pyskl - INFO - Epoch [7][10600/12529]	lr: 7.654e-03, eta: 6:53:10, time: 0.214, data_time: 0.000, memory: 1700, top1_acc: 0.8919, top5_acc: 0.9875, loss_cls: 0.3332, loss: 0.3332
2026-08-06 21:14:22,367 - pyskl - INFO - Epoch [7][10700/12529]	lr: 7.645e-03, eta: 6:52:48, time: 0.214, data_time: 0.000, memory: 1700, top1_acc: 0.8962, top5_acc: 0.9856, loss_cls: 0.3599, loss: 0.3599
2026-08-06 21:14:43,769 - pyskl - INFO - Epoch [7][10800/12529]	lr: 7.635e-03, eta: 6:52:26, time: 0.214, data_time: 0.000, memory: 1700, top1_acc: 0.9100, top5_acc: 0.9912, loss_cls: 0.3063, loss: 0.3063
2026-08-06 21:15:05,227 - pyskl - INFO - Epoch [7][10900/12529]	lr: 7.625e-03, eta: 6:52:04, time: 0.215, data_time: 0.000, memory: 1700, top1_acc: 0.9050, top5_acc: 0.9875, loss_cls: 0.3143, loss: 0.3143
2026-08-06 21:15:26,731 - pyskl - INFO - Epoch [7][11000/12529]	lr: 7.616e-03, eta: 6:51:42, time: 0.215, data_time: 0.000, memory: 1700, top1_acc: 0.9075, top5_acc: 0.9900, loss_cls: 0.3114, loss: 0.3114
2026-08-06 21:15:48,283 - pyskl - INFO - Epoch [7][11100/12529]	lr: 7.606e-03, eta: 6:51:21, time: 0.216, data_time: 0.000, memory: 1700, top1_acc: 0.8975, top5_acc: 0.9881, loss_cls: 0.3247, loss: 0.3247
2026-08-06 21:16:09,621 - pyskl - INFO - Epoch [7][11200/12529]	lr: 7.597e-03, eta: 6:50:59, time: 0.213, data_time: 0.000, memory: 1700, top1_acc: 0.9100, top5_acc: 0.9912, loss_cls: 0.3042, loss: 0.3042
2026-08-06 21:16:30,908 - pyskl - INFO - Epoch [7][11300/12529]	lr: 7.587e-03, eta: 6:50:37, time: 0.213, data_time: 0.000, memory: 1700, top1_acc: 0.9087, top5_acc: 0.9912, loss_cls: 0.2979, loss: 0.2979
2026-08-06 21:16:52,361 - pyskl - INFO - Epoch [7][11400/12529]	lr: 7.578e-03, eta: 6:50:15, time: 0.215, data_time: 0.000, memory: 1700, top1_acc: 0.9087, top5_acc: 0.9919, loss_cls: 0.3132, loss: 0.3132
2026-08-06 21:17:13,830 - pyskl - INFO - Epoch [7][11500/12529]	lr: 7.568e-03, eta: 6:49:53, time: 0.215, data_time: 0.000, memory: 1700, top1_acc: 0.9131, top5_acc: 0.9912, loss_cls: 0.2789, loss: 0.2789
2026-08-06 21:17:35,279 - pyskl - INFO - Epoch [7][11600/12529]	lr: 7.559e-03, eta: 6:49:31, time: 0.215, data_time: 0.000, memory: 1700, top1_acc: 0.9062, top5_acc: 0.9831, loss_cls: 0.3311, loss: 0.3311
2026-08-06 21:17:56,680 - pyskl - INFO - Epoch [7][11700/12529]	lr: 7.549e-03, eta: 6:49:09, time: 0.214, data_time: 0.000, memory: 1700, top1_acc: 0.9119, top5_acc: 0.9888, loss_cls: 0.3164, loss: 0.3164
2026-08-06 21:18:18,058 - pyskl - INFO - Epoch [7][11800/12529]	lr: 7.539e-03, eta: 6:48:47, time: 0.214, data_time: 0.000, memory: 1700, top1_acc: 0.9131, top5_acc: 0.9925, loss_cls: 0.2971, loss: 0.2971
2026-08-06 21:18:39,438 - pyskl - INFO - Epoch [7][11900/12529]	lr: 7.530e-03, eta: 6:48:25, time: 0.214, data_time: 0.000, memory: 1700, top1_acc: 0.8975, top5_acc: 0.9862, loss_cls: 0.3279, loss: 0.3279
2026-08-06 21:19:00,887 - pyskl - INFO - Epoch [7][12000/12529]	lr: 7.520e-03, eta: 6:48:04, time: 0.214, data_time: 0.000, memory: 1700, top1_acc: 0.9237, top5_acc: 0.9944, loss_cls: 0.2682, loss: 0.2682
2026-08-06 21:19:22,283 - pyskl - INFO - Epoch [7][12100/12529]	lr: 7.511e-03, eta: 6:47:42, time: 0.214, data_time: 0.000, memory: 1700, top1_acc: 0.9056, top5_acc: 0.9881, loss_cls: 0.3214, loss: 0.3214
2026-08-06 21:19:43,732 - pyskl - INFO - Epoch [7][12200/12529]	lr: 7.501e-03, eta: 6:47:20, time: 0.214, data_time: 0.000, memory: 1700, top1_acc: 0.9106, top5_acc: 0.9850, loss_cls: 0.3084, loss: 0.3084
2026-08-06 21:20:05,107 - pyskl - INFO - Epoch [7][12300/12529]	lr: 7.491e-03, eta: 6:46:58, time: 0.214, data_time: 0.000, memory: 1700, top1_acc: 0.9131, top5_acc: 0.9869, loss_cls: 0.2966, loss: 0.2966
2026-08-06 21:20:26,567 - pyskl - INFO - Epoch [7][12400/12529]	lr: 7.482e-03, eta: 6:46:36, time: 0.215, data_time: 0.000, memory: 1700, top1_acc: 0.9187, top5_acc: 0.9888, loss_cls: 0.2872, loss: 0.2872
2026-08-06 21:20:47,857 - pyskl - INFO - Epoch [7][12500/12529]	lr: 7.472e-03, eta: 6:46:14, time: 0.213, data_time: 0.000, memory: 1700, top1_acc: 0.9094, top5_acc: 0.9944, loss_cls: 0.2939, loss: 0.2939
2026-08-06 21:20:54,426 - pyskl - INFO - Saving checkpoint at 7 epochs
2026-08-06 21:22:14,177 - pyskl - INFO - Evaluating top_k_accuracy ...
2026-08-06 21:22:14,237 - pyskl - INFO - 
top1_acc	0.8214
top5_acc	0.9702
2026-08-06 21:22:14,241 - pyskl - INFO - The previous best checkpoint D:\YXJProject\pythonProject\pyskl\work_dirs\stgcn\stgcn_pyskl_ntu60_xsub_3dkp\j_single_gpu\best_top1_acc_epoch_6.pth was removed
2026-08-06 21:22:14,370 - pyskl - INFO - Now best checkpoint is saved as best_top1_acc_epoch_7.pth.
2026-08-06 21:22:14,371 - pyskl - INFO - Best top1_acc is 0.8214 at 7 epoch.
2026-08-06 21:22:14,373 - pyskl - INFO - Epoch(val) [7][1031]	top1_acc: 0.8214, top5_acc: 0.9702
2026-08-06 21:22:48,311 - pyskl - INFO - Epoch [8][100/12529]	lr: 7.460e-03, eta: 6:45:54, time: 0.339, data_time: 0.124, memory: 1700, top1_acc: 0.9131, top5_acc: 0.9888, loss_cls: 0.2907, loss: 0.2907
2026-08-06 21:23:09,755 - pyskl - INFO - Epoch [8][200/12529]	lr: 7.450e-03, eta: 6:45:32, time: 0.214, data_time: 0.000, memory: 1700, top1_acc: 0.9050, top5_acc: 0.9888, loss_cls: 0.3146, loss: 0.3146
2026-08-06 21:23:31,176 - pyskl - INFO - Epoch [8][300/12529]	lr: 7.441e-03, eta: 6:45:10, time: 0.214, data_time: 0.000, memory: 1700, top1_acc: 0.9206, top5_acc: 0.9944, loss_cls: 0.2862, loss: 0.2862
2026-08-06 21:23:52,808 - pyskl - INFO - Epoch [8][400/12529]	lr: 7.431e-03, eta: 6:44:49, time: 0.216, data_time: 0.000, memory: 1700, top1_acc: 0.9237, top5_acc: 0.9962, loss_cls: 0.2652, loss: 0.2652
2026-08-06 21:24:14,364 - pyskl - INFO - Epoch [8][500/12529]	lr: 7.421e-03, eta: 6:44:27, time: 0.216, data_time: 0.000, memory: 1700, top1_acc: 0.9044, top5_acc: 0.9969, loss_cls: 0.2836, loss: 0.2836
2026-08-06 21:24:35,821 - pyskl - INFO - Epoch [8][600/12529]	lr: 7.412e-03, eta: 6:44:05, time: 0.215, data_time: 0.000, memory: 1700, top1_acc: 0.9031, top5_acc: 0.9875, loss_cls: 0.3227, loss: 0.3227
2026-08-06 21:24:57,174 - pyskl - INFO - Epoch [8][700/12529]	lr: 7.402e-03, eta: 6:43:43, time: 0.214, data_time: 0.000, memory: 1700, top1_acc: 0.9256, top5_acc: 0.9938, loss_cls: 0.2599, loss: 0.2599
2026-08-06 21:25:18,716 - pyskl - INFO - Epoch [8][800/12529]	lr: 7.392e-03, eta: 6:43:22, time: 0.215, data_time: 0.000, memory: 1700, top1_acc: 0.9094, top5_acc: 0.9881, loss_cls: 0.3039, loss: 0.3039
2026-08-06 21:25:40,187 - pyskl - INFO - Epoch [8][900/12529]	lr: 7.383e-03, eta: 6:43:00, time: 0.215, data_time: 0.000, memory: 1700, top1_acc: 0.9087, top5_acc: 0.9894, loss_cls: 0.3194, loss: 0.3194
2026-08-06 21:26:01,719 - pyskl - INFO - Epoch [8][1000/12529]	lr: 7.373e-03, eta: 6:42:38, time: 0.215, data_time: 0.000, memory: 1700, top1_acc: 0.9163, top5_acc: 0.9900, loss_cls: 0.2708, loss: 0.2708
2026-08-06 21:26:23,186 - pyskl - INFO - Epoch [8][1100/12529]	lr: 7.364e-03, eta: 6:42:16, time: 0.215, data_time: 0.000, memory: 1700, top1_acc: 0.9200, top5_acc: 0.9900, loss_cls: 0.2807, loss: 0.2807
2026-08-06 21:26:44,633 - pyskl - INFO - Epoch [8][1200/12529]	lr: 7.354e-03, eta: 6:41:54, time: 0.214, data_time: 0.000, memory: 1700, top1_acc: 0.9231, top5_acc: 0.9888, loss_cls: 0.2710, loss: 0.2710
2026-08-06 21:27:06,187 - pyskl - INFO - Epoch [8][1300/12529]	lr: 7.344e-03, eta: 6:41:33, time: 0.216, data_time: 0.000, memory: 1700, top1_acc: 0.9056, top5_acc: 0.9875, loss_cls: 0.3179, loss: 0.3179
2026-08-06 21:27:27,677 - pyskl - INFO - Epoch [8][1400/12529]	lr: 7.335e-03, eta: 6:41:11, time: 0.215, data_time: 0.000, memory: 1700, top1_acc: 0.9137, top5_acc: 0.9912, loss_cls: 0.2916, loss: 0.2916
2026-08-06 21:27:49,054 - pyskl - INFO - Epoch [8][1500/12529]	lr: 7.325e-03, eta: 6:40:49, time: 0.214, data_time: 0.000, memory: 1700, top1_acc: 0.9125, top5_acc: 0.9919, loss_cls: 0.2885, loss: 0.2885
2026-08-06 21:28:10,518 - pyskl - INFO - Epoch [8][1600/12529]	lr: 7.315e-03, eta: 6:40:27, time: 0.215, data_time: 0.000, memory: 1700, top1_acc: 0.9025, top5_acc: 0.9888, loss_cls: 0.3186, loss: 0.3186
2026-08-06 21:28:31,897 - pyskl - INFO - Epoch [8][1700/12529]	lr: 7.306e-03, eta: 6:40:05, time: 0.214, data_time: 0.000, memory: 1700, top1_acc: 0.9163, top5_acc: 0.9912, loss_cls: 0.2844, loss: 0.2844
2026-08-06 21:28:53,428 - pyskl - INFO - Epoch [8][1800/12529]	lr: 7.296e-03, eta: 6:39:44, time: 0.215, data_time: 0.000, memory: 1700, top1_acc: 0.8988, top5_acc: 0.9881, loss_cls: 0.3256, loss: 0.3256
2026-08-06 21:29:14,822 - pyskl - INFO - Epoch [8][1900/12529]	lr: 7.286e-03, eta: 6:39:22, time: 0.214, data_time: 0.000, memory: 1700, top1_acc: 0.8994, top5_acc: 0.9881, loss_cls: 0.3262, loss: 0.3262
2026-08-06 21:29:36,173 - pyskl - INFO - Epoch [8][2000/12529]	lr: 7.277e-03, eta: 6:39:00, time: 0.214, data_time: 0.000, memory: 1700, top1_acc: 0.9012, top5_acc: 0.9838, loss_cls: 0.3340, loss: 0.3340
2026-08-06 21:29:57,463 - pyskl - INFO - Epoch [8][2100/12529]	lr: 7.267e-03, eta: 6:38:38, time: 0.213, data_time: 0.000, memory: 1700, top1_acc: 0.9012, top5_acc: 0.9931, loss_cls: 0.3009, loss: 0.3009
2026-08-06 21:30:18,854 - pyskl - INFO - Epoch [8][2200/12529]	lr: 7.257e-03, eta: 6:38:16, time: 0.214, data_time: 0.000, memory: 1700, top1_acc: 0.8969, top5_acc: 0.9856, loss_cls: 0.3487, loss: 0.3487
2026-08-06 21:30:40,325 - pyskl - INFO - Epoch [8][2300/12529]	lr: 7.248e-03, eta: 6:37:54, time: 0.215, data_time: 0.000, memory: 1700, top1_acc: 0.9087, top5_acc: 0.9894, loss_cls: 0.3004, loss: 0.3004
2026-08-06 21:31:01,720 - pyskl - INFO - Epoch [8][2400/12529]	lr: 7.238e-03, eta: 6:37:32, time: 0.214, data_time: 0.000, memory: 1700, top1_acc: 0.8975, top5_acc: 0.9875, loss_cls: 0.3273, loss: 0.3273
2026-08-06 21:31:23,159 - pyskl - INFO - Epoch [8][2500/12529]	lr: 7.228e-03, eta: 6:37:10, time: 0.214, data_time: 0.000, memory: 1700, top1_acc: 0.9131, top5_acc: 0.9912, loss_cls: 0.2976, loss: 0.2976
2026-08-06 21:31:44,558 - pyskl - INFO - Epoch [8][2600/12529]	lr: 7.219e-03, eta: 6:36:48, time: 0.214, data_time: 0.000, memory: 1700, top1_acc: 0.9100, top5_acc: 0.9900, loss_cls: 0.2842, loss: 0.2842
2026-08-06 21:32:06,063 - pyskl - INFO - Epoch [8][2700/12529]	lr: 7.209e-03, eta: 6:36:27, time: 0.215, data_time: 0.000, memory: 1700, top1_acc: 0.9144, top5_acc: 0.9912, loss_cls: 0.2904, loss: 0.2904
2026-08-06 21:32:27,452 - pyskl - INFO - Epoch [8][2800/12529]	lr: 7.199e-03, eta: 6:36:05, time: 0.214, data_time: 0.000, memory: 1700, top1_acc: 0.9094, top5_acc: 0.9900, loss_cls: 0.3227, loss: 0.3227
2026-08-06 21:32:48,831 - pyskl - INFO - Epoch [8][2900/12529]	lr: 7.190e-03, eta: 6:35:43, time: 0.214, data_time: 0.000, memory: 1700, top1_acc: 0.9125, top5_acc: 0.9931, loss_cls: 0.2970, loss: 0.2970
2026-08-06 21:33:10,439 - pyskl - INFO - Epoch [8][3000/12529]	lr: 7.180e-03, eta: 6:35:21, time: 0.216, data_time: 0.000, memory: 1700, top1_acc: 0.9056, top5_acc: 0.9894, loss_cls: 0.3134, loss: 0.3134
2026-08-06 21:33:32,311 - pyskl - INFO - Epoch [8][3100/12529]	lr: 7.170e-03, eta: 6:35:00, time: 0.219, data_time: 0.000, memory: 1700, top1_acc: 0.9069, top5_acc: 0.9938, loss_cls: 0.3104, loss: 0.3104
2026-08-06 21:33:53,974 - pyskl - INFO - Epoch [8][3200/12529]	lr: 7.161e-03, eta: 6:34:38, time: 0.217, data_time: 0.000, memory: 1700, top1_acc: 0.9175, top5_acc: 0.9925, loss_cls: 0.2661, loss: 0.2661
2026-08-06 21:34:15,440 - pyskl - INFO - Epoch [8][3300/12529]	lr: 7.151e-03, eta: 6:34:17, time: 0.215, data_time: 0.000, memory: 1700, top1_acc: 0.9219, top5_acc: 0.9919, loss_cls: 0.2741, loss: 0.2741
2026-08-06 21:34:37,135 - pyskl - INFO - Epoch [8][3400/12529]	lr: 7.141e-03, eta: 6:33:55, time: 0.217, data_time: 0.000, memory: 1700, top1_acc: 0.8950, top5_acc: 0.9888, loss_cls: 0.3157, loss: 0.3157
2026-08-06 21:34:58,817 - pyskl - INFO - Epoch [8][3500/12529]	lr: 7.132e-03, eta: 6:33:34, time: 0.217, data_time: 0.000, memory: 1700, top1_acc: 0.9269, top5_acc: 0.9931, loss_cls: 0.2516, loss: 0.2516
2026-08-06 21:35:20,502 - pyskl - INFO - Epoch [8][3600/12529]	lr: 7.122e-03, eta: 6:33:12, time: 0.217, data_time: 0.000, memory: 1700, top1_acc: 0.9169, top5_acc: 0.9925, loss_cls: 0.2766, loss: 0.2766
2026-08-06 21:35:42,026 - pyskl - INFO - Epoch [8][3700/12529]	lr: 7.112e-03, eta: 6:32:50, time: 0.215, data_time: 0.000, memory: 1700, top1_acc: 0.9163, top5_acc: 0.9881, loss_cls: 0.2928, loss: 0.2928
2026-08-06 21:36:03,501 - pyskl - INFO - Epoch [8][3800/12529]	lr: 7.102e-03, eta: 6:32:29, time: 0.215, data_time: 0.000, memory: 1700, top1_acc: 0.9275, top5_acc: 0.9931, loss_cls: 0.2396, loss: 0.2396
2026-08-06 21:36:25,066 - pyskl - INFO - Epoch [8][3900/12529]	lr: 7.093e-03, eta: 6:32:07, time: 0.216, data_time: 0.000, memory: 1700, top1_acc: 0.9256, top5_acc: 0.9931, loss_cls: 0.2609, loss: 0.2609
2026-08-06 21:36:46,508 - pyskl - INFO - Epoch [8][4000/12529]	lr: 7.083e-03, eta: 6:31:45, time: 0.214, data_time: 0.000, memory: 1700, top1_acc: 0.9163, top5_acc: 0.9956, loss_cls: 0.2885, loss: 0.2885
2026-08-06 21:37:08,062 - pyskl - INFO - Epoch [8][4100/12529]	lr: 7.073e-03, eta: 6:31:23, time: 0.216, data_time: 0.000, memory: 1700, top1_acc: 0.9169, top5_acc: 0.9894, loss_cls: 0.2869, loss: 0.2869
2026-08-06 21:37:29,494 - pyskl - INFO - Epoch [8][4200/12529]	lr: 7.064e-03, eta: 6:31:02, time: 0.214, data_time: 0.000, memory: 1700, top1_acc: 0.9137, top5_acc: 0.9919, loss_cls: 0.2827, loss: 0.2827
2026-08-06 21:37:50,911 - pyskl - INFO - Epoch [8][4300/12529]	lr: 7.054e-03, eta: 6:30:40, time: 0.214, data_time: 0.000, memory: 1700, top1_acc: 0.9331, top5_acc: 0.9919, loss_cls: 0.2524, loss: 0.2524
2026-08-06 21:38:12,367 - pyskl - INFO - Epoch [8][4400/12529]	lr: 7.044e-03, eta: 6:30:18, time: 0.215, data_time: 0.000, memory: 1700, top1_acc: 0.9225, top5_acc: 0.9888, loss_cls: 0.2761, loss: 0.2761
2026-08-06 21:38:33,760 - pyskl - INFO - Epoch [8][4500/12529]	lr: 7.034e-03, eta: 6:29:56, time: 0.214, data_time: 0.000, memory: 1700, top1_acc: 0.9050, top5_acc: 0.9950, loss_cls: 0.2803, loss: 0.2803
2026-08-06 21:38:55,192 - pyskl - INFO - Epoch [8][4600/12529]	lr: 7.025e-03, eta: 6:29:34, time: 0.214, data_time: 0.000, memory: 1700, top1_acc: 0.9163, top5_acc: 0.9888, loss_cls: 0.2770, loss: 0.2770
2026-08-06 21:39:16,697 - pyskl - INFO - Epoch [8][4700/12529]	lr: 7.015e-03, eta: 6:29:13, time: 0.215, data_time: 0.000, memory: 1700, top1_acc: 0.9062, top5_acc: 0.9900, loss_cls: 0.2919, loss: 0.2919
2026-08-06 21:39:38,189 - pyskl - INFO - Epoch [8][4800/12529]	lr: 7.005e-03, eta: 6:28:51, time: 0.215, data_time: 0.000, memory: 1700, top1_acc: 0.9119, top5_acc: 0.9900, loss_cls: 0.3043, loss: 0.3043
2026-08-06 21:39:59,680 - pyskl - INFO - Epoch [8][4900/12529]	lr: 6.996e-03, eta: 6:28:29, time: 0.215, data_time: 0.000, memory: 1700, top1_acc: 0.9250, top5_acc: 0.9944, loss_cls: 0.2471, loss: 0.2471
2026-08-06 21:40:21,118 - pyskl - INFO - Epoch [8][5000/12529]	lr: 6.986e-03, eta: 6:28:07, time: 0.214, data_time: 0.000, memory: 1700, top1_acc: 0.9113, top5_acc: 0.9956, loss_cls: 0.3020, loss: 0.3020
2026-08-06 21:40:42,624 - pyskl - INFO - Epoch [8][5100/12529]	lr: 6.976e-03, eta: 6:27:45, time: 0.215, data_time: 0.000, memory: 1700, top1_acc: 0.9244, top5_acc: 0.9919, loss_cls: 0.2557, loss: 0.2557
2026-08-06 21:41:04,215 - pyskl - INFO - Epoch [8][5200/12529]	lr: 6.966e-03, eta: 6:27:24, time: 0.216, data_time: 0.000, memory: 1700, top1_acc: 0.9069, top5_acc: 0.9925, loss_cls: 0.3077, loss: 0.3077
2026-08-06 21:41:25,765 - pyskl - INFO - Epoch [8][5300/12529]	lr: 6.957e-03, eta: 6:27:02, time: 0.215, data_time: 0.000, memory: 1700, top1_acc: 0.9231, top5_acc: 0.9906, loss_cls: 0.2820, loss: 0.2820
2026-08-06 21:41:47,220 - pyskl - INFO - Epoch [8][5400/12529]	lr: 6.947e-03, eta: 6:26:40, time: 0.215, data_time: 0.000, memory: 1700, top1_acc: 0.9150, top5_acc: 0.9931, loss_cls: 0.2875, loss: 0.2875
2026-08-06 21:42:08,731 - pyskl - INFO - Epoch [8][5500/12529]	lr: 6.937e-03, eta: 6:26:19, time: 0.215, data_time: 0.000, memory: 1700, top1_acc: 0.9038, top5_acc: 0.9900, loss_cls: 0.3136, loss: 0.3136
2026-08-06 21:42:30,278 - pyskl - INFO - Epoch [8][5600/12529]	lr: 6.927e-03, eta: 6:25:57, time: 0.215, data_time: 0.000, memory: 1700, top1_acc: 0.9125, top5_acc: 0.9925, loss_cls: 0.2796, loss: 0.2796
2026-08-06 21:42:51,689 - pyskl - INFO - Epoch [8][5700/12529]	lr: 6.918e-03, eta: 6:25:35, time: 0.214, data_time: 0.000, memory: 1700, top1_acc: 0.9069, top5_acc: 0.9919, loss_cls: 0.3023, loss: 0.3023
2026-08-06 21:43:13,159 - pyskl - INFO - Epoch [8][5800/12529]	lr: 6.908e-03, eta: 6:25:13, time: 0.215, data_time: 0.000, memory: 1700, top1_acc: 0.9219, top5_acc: 0.9894, loss_cls: 0.2626, loss: 0.2626
2026-08-06 21:43:34,639 - pyskl - INFO - Epoch [8][5900/12529]	lr: 6.898e-03, eta: 6:24:52, time: 0.215, data_time: 0.000, memory: 1700, top1_acc: 0.9163, top5_acc: 0.9900, loss_cls: 0.2779, loss: 0.2779
2026-08-06 21:43:56,065 - pyskl - INFO - Epoch [8][6000/12529]	lr: 6.888e-03, eta: 6:24:30, time: 0.214, data_time: 0.000, memory: 1700, top1_acc: 0.9175, top5_acc: 0.9912, loss_cls: 0.2940, loss: 0.2940
2026-08-06 21:44:17,637 - pyskl - INFO - Epoch [8][6100/12529]	lr: 6.879e-03, eta: 6:24:08, time: 0.216, data_time: 0.000, memory: 1700, top1_acc: 0.9087, top5_acc: 0.9862, loss_cls: 0.3389, loss: 0.3389
2026-08-06 21:44:39,068 - pyskl - INFO - Epoch [8][6200/12529]	lr: 6.869e-03, eta: 6:23:46, time: 0.214, data_time: 0.000, memory: 1700, top1_acc: 0.9194, top5_acc: 0.9912, loss_cls: 0.2724, loss: 0.2724
2026-08-06 21:45:00,609 - pyskl - INFO - Epoch [8][6300/12529]	lr: 6.859e-03, eta: 6:23:25, time: 0.215, data_time: 0.000, memory: 1700, top1_acc: 0.9213, top5_acc: 0.9962, loss_cls: 0.2544, loss: 0.2544
2026-08-06 21:45:22,220 - pyskl - INFO - Epoch [8][6400/12529]	lr: 6.849e-03, eta: 6:23:03, time: 0.216, data_time: 0.000, memory: 1700, top1_acc: 0.9144, top5_acc: 0.9919, loss_cls: 0.2839, loss: 0.2839
2026-08-06 21:45:43,624 - pyskl - INFO - Epoch [8][6500/12529]	lr: 6.840e-03, eta: 6:22:41, time: 0.214, data_time: 0.000, memory: 1700, top1_acc: 0.9125, top5_acc: 0.9894, loss_cls: 0.2900, loss: 0.2900
2026-08-06 21:46:05,079 - pyskl - INFO - Epoch [8][6600/12529]	lr: 6.830e-03, eta: 6:22:19, time: 0.215, data_time: 0.000, memory: 1700, top1_acc: 0.9062, top5_acc: 0.9938, loss_cls: 0.3057, loss: 0.3057
2026-08-06 21:46:26,387 - pyskl - INFO - Epoch [8][6700/12529]	lr: 6.820e-03, eta: 6:21:57, time: 0.213, data_time: 0.000, memory: 1700, top1_acc: 0.9300, top5_acc: 0.9881, loss_cls: 0.2540, loss: 0.2540
2026-08-06 21:46:47,894 - pyskl - INFO - Epoch [8][6800/12529]	lr: 6.810e-03, eta: 6:21:36, time: 0.215, data_time: 0.000, memory: 1700, top1_acc: 0.9031, top5_acc: 0.9894, loss_cls: 0.3085, loss: 0.3085
2026-08-06 21:47:09,361 - pyskl - INFO - Epoch [8][6900/12529]	lr: 6.801e-03, eta: 6:21:14, time: 0.215, data_time: 0.000, memory: 1700, top1_acc: 0.9163, top5_acc: 0.9944, loss_cls: 0.2791, loss: 0.2791
2026-08-06 21:47:30,689 - pyskl - INFO - Epoch [8][7000/12529]	lr: 6.791e-03, eta: 6:20:52, time: 0.213, data_time: 0.000, memory: 1700, top1_acc: 0.9119, top5_acc: 0.9894, loss_cls: 0.3115, loss: 0.3115
2026-08-06 21:47:51,990 - pyskl - INFO - Epoch [8][7100/12529]	lr: 6.781e-03, eta: 6:20:30, time: 0.213, data_time: 0.000, memory: 1700, top1_acc: 0.9119, top5_acc: 0.9900, loss_cls: 0.2864, loss: 0.2864
2026-08-06 21:48:13,483 - pyskl - INFO - Epoch [8][7200/12529]	lr: 6.771e-03, eta: 6:20:08, time: 0.215, data_time: 0.000, memory: 1700, top1_acc: 0.9175, top5_acc: 0.9906, loss_cls: 0.2814, loss: 0.2814
2026-08-06 21:48:34,821 - pyskl - INFO - Epoch [8][7300/12529]	lr: 6.762e-03, eta: 6:19:46, time: 0.213, data_time: 0.000, memory: 1700, top1_acc: 0.9169, top5_acc: 0.9869, loss_cls: 0.2840, loss: 0.2840
2026-08-06 21:48:56,277 - pyskl - INFO - Epoch [8][7400/12529]	lr: 6.752e-03, eta: 6:19:25, time: 0.215, data_time: 0.000, memory: 1700, top1_acc: 0.9025, top5_acc: 0.9875, loss_cls: 0.3111, loss: 0.3111
2026-08-06 21:49:17,652 - pyskl - INFO - Epoch [8][7500/12529]	lr: 6.742e-03, eta: 6:19:03, time: 0.214, data_time: 0.000, memory: 1700, top1_acc: 0.9206, top5_acc: 0.9912, loss_cls: 0.2568, loss: 0.2568
2026-08-06 21:49:39,137 - pyskl - INFO - Epoch [8][7600/12529]	lr: 6.732e-03, eta: 6:18:41, time: 0.215, data_time: 0.000, memory: 1700, top1_acc: 0.9044, top5_acc: 0.9888, loss_cls: 0.3188, loss: 0.3188
2026-08-06 21:50:00,554 - pyskl - INFO - Epoch [8][7700/12529]	lr: 6.723e-03, eta: 6:18:19, time: 0.214, data_time: 0.000, memory: 1700, top1_acc: 0.9150, top5_acc: 0.9900, loss_cls: 0.2905, loss: 0.2905
2026-08-06 21:50:22,016 - pyskl - INFO - Epoch [8][7800/12529]	lr: 6.713e-03, eta: 6:17:58, time: 0.215, data_time: 0.000, memory: 1700, top1_acc: 0.9187, top5_acc: 0.9919, loss_cls: 0.2746, loss: 0.2746
2026-08-06 21:50:43,408 - pyskl - INFO - Epoch [8][7900/12529]	lr: 6.703e-03, eta: 6:17:36, time: 0.214, data_time: 0.000, memory: 1700, top1_acc: 0.9225, top5_acc: 0.9906, loss_cls: 0.2792, loss: 0.2792
2026-08-06 21:51:04,837 - pyskl - INFO - Epoch [8][8000/12529]	lr: 6.693e-03, eta: 6:17:14, time: 0.214, data_time: 0.000, memory: 1700, top1_acc: 0.9369, top5_acc: 0.9956, loss_cls: 0.2201, loss: 0.2201
2026-08-06 21:51:26,294 - pyskl - INFO - Epoch [8][8100/12529]	lr: 6.684e-03, eta: 6:16:52, time: 0.215, data_time: 0.000, memory: 1700, top1_acc: 0.9125, top5_acc: 0.9906, loss_cls: 0.2941, loss: 0.2941
2026-08-06 21:51:47,802 - pyskl - INFO - Epoch [8][8200/12529]	lr: 6.674e-03, eta: 6:16:30, time: 0.215, data_time: 0.000, memory: 1700, top1_acc: 0.9194, top5_acc: 0.9931, loss_cls: 0.2620, loss: 0.2620
2026-08-06 21:52:09,296 - pyskl - INFO - Epoch [8][8300/12529]	lr: 6.664e-03, eta: 6:16:09, time: 0.215, data_time: 0.000, memory: 1700, top1_acc: 0.9200, top5_acc: 0.9912, loss_cls: 0.2800, loss: 0.2800
2026-08-06 21:52:30,773 - pyskl - INFO - Epoch [8][8400/12529]	lr: 6.654e-03, eta: 6:15:47, time: 0.215, data_time: 0.000, memory: 1700, top1_acc: 0.9119, top5_acc: 0.9925, loss_cls: 0.2835, loss: 0.2835
2026-08-06 21:52:52,195 - pyskl - INFO - Epoch [8][8500/12529]	lr: 6.644e-03, eta: 6:15:25, time: 0.214, data_time: 0.000, memory: 1700, top1_acc: 0.9125, top5_acc: 0.9894, loss_cls: 0.2912, loss: 0.2912
2026-08-06 21:53:13,653 - pyskl - INFO - Epoch [8][8600/12529]	lr: 6.635e-03, eta: 6:15:03, time: 0.215, data_time: 0.000, memory: 1700, top1_acc: 0.9113, top5_acc: 0.9956, loss_cls: 0.2841, loss: 0.2841
2026-08-06 21:53:35,197 - pyskl - INFO - Epoch [8][8700/12529]	lr: 6.625e-03, eta: 6:14:42, time: 0.215, data_time: 0.000, memory: 1700, top1_acc: 0.9187, top5_acc: 0.9912, loss_cls: 0.2714, loss: 0.2714
2026-08-06 21:53:56,554 - pyskl - INFO - Epoch [8][8800/12529]	lr: 6.615e-03, eta: 6:14:20, time: 0.214, data_time: 0.000, memory: 1700, top1_acc: 0.9075, top5_acc: 0.9881, loss_cls: 0.3123, loss: 0.3123
2026-08-06 21:54:18,022 - pyskl - INFO - Epoch [8][8900/12529]	lr: 6.605e-03, eta: 6:13:58, time: 0.215, data_time: 0.000, memory: 1700, top1_acc: 0.9213, top5_acc: 0.9906, loss_cls: 0.2626, loss: 0.2626
2026-08-06 21:54:39,450 - pyskl - INFO - Epoch [8][9000/12529]	lr: 6.596e-03, eta: 6:13:36, time: 0.214, data_time: 0.000, memory: 1700, top1_acc: 0.9163, top5_acc: 0.9925, loss_cls: 0.2776, loss: 0.2776
2026-08-06 21:55:00,994 - pyskl - INFO - Epoch [8][9100/12529]	lr: 6.586e-03, eta: 6:13:15, time: 0.215, data_time: 0.000, memory: 1700, top1_acc: 0.9156, top5_acc: 0.9906, loss_cls: 0.2848, loss: 0.2848
2026-08-06 21:55:22,359 - pyskl - INFO - Epoch [8][9200/12529]	lr: 6.576e-03, eta: 6:12:53, time: 0.214, data_time: 0.000, memory: 1700, top1_acc: 0.9075, top5_acc: 0.9912, loss_cls: 0.2844, loss: 0.2844
2026-08-06 21:55:43,770 - pyskl - INFO - Epoch [8][9300/12529]	lr: 6.566e-03, eta: 6:12:31, time: 0.214, data_time: 0.000, memory: 1700, top1_acc: 0.9106, top5_acc: 0.9925, loss_cls: 0.2962, loss: 0.2962
2026-08-06 21:56:05,172 - pyskl - INFO - Epoch [8][9400/12529]	lr: 6.556e-03, eta: 6:12:09, time: 0.214, data_time: 0.000, memory: 1700, top1_acc: 0.9313, top5_acc: 0.9931, loss_cls: 0.2501, loss: 0.2501
2026-08-06 21:56:26,567 - pyskl - INFO - Epoch [8][9500/12529]	lr: 6.547e-03, eta: 6:11:47, time: 0.214, data_time: 0.000, memory: 1700, top1_acc: 0.9075, top5_acc: 0.9894, loss_cls: 0.2987, loss: 0.2987
2026-08-06 21:56:47,987 - pyskl - INFO - Epoch [8][9600/12529]	lr: 6.537e-03, eta: 6:11:25, time: 0.214, data_time: 0.000, memory: 1700, top1_acc: 0.9113, top5_acc: 0.9919, loss_cls: 0.2936, loss: 0.2936
2026-08-06 21:57:09,580 - pyskl - INFO - Epoch [8][9700/12529]	lr: 6.527e-03, eta: 6:11:04, time: 0.216, data_time: 0.000, memory: 1700, top1_acc: 0.9094, top5_acc: 0.9931, loss_cls: 0.2976, loss: 0.2976
2026-08-06 21:57:30,967 - pyskl - INFO - Epoch [8][9800/12529]	lr: 6.517e-03, eta: 6:10:42, time: 0.214, data_time: 0.000, memory: 1700, top1_acc: 0.9250, top5_acc: 0.9950, loss_cls: 0.2520, loss: 0.2520
2026-08-06 21:57:52,376 - pyskl - INFO - Epoch [8][9900/12529]	lr: 6.508e-03, eta: 6:10:20, time: 0.214, data_time: 0.000, memory: 1700, top1_acc: 0.9306, top5_acc: 0.9894, loss_cls: 0.2475, loss: 0.2475
2026-08-06 21:58:13,883 - pyskl - INFO - Epoch [8][10000/12529]	lr: 6.498e-03, eta: 6:09:59, time: 0.215, data_time: 0.000, memory: 1700, top1_acc: 0.9300, top5_acc: 0.9931, loss_cls: 0.2466, loss: 0.2466
2026-08-06 21:58:35,270 - pyskl - INFO - Epoch [8][10100/12529]	lr: 6.488e-03, eta: 6:09:37, time: 0.214, data_time: 0.000, memory: 1700, top1_acc: 0.9094, top5_acc: 0.9888, loss_cls: 0.2890, loss: 0.2890
2026-08-06 21:58:56,606 - pyskl - INFO - Epoch [8][10200/12529]	lr: 6.478e-03, eta: 6:09:15, time: 0.213, data_time: 0.000, memory: 1700, top1_acc: 0.9137, top5_acc: 0.9944, loss_cls: 0.2768, loss: 0.2768
2026-08-06 21:59:18,078 - pyskl - INFO - Epoch [8][10300/12529]	lr: 6.468e-03, eta: 6:08:53, time: 0.215, data_time: 0.000, memory: 1700, top1_acc: 0.9056, top5_acc: 0.9900, loss_cls: 0.3065, loss: 0.3065
2026-08-06 21:59:39,584 - pyskl - INFO - Epoch [8][10400/12529]	lr: 6.459e-03, eta: 6:08:31, time: 0.215, data_time: 0.000, memory: 1700, top1_acc: 0.9287, top5_acc: 0.9950, loss_cls: 0.2541, loss: 0.2541
2026-08-06 22:00:01,085 - pyskl - INFO - Epoch [8][10500/12529]	lr: 6.449e-03, eta: 6:08:10, time: 0.215, data_time: 0.000, memory: 1700, top1_acc: 0.9213, top5_acc: 0.9912, loss_cls: 0.2670, loss: 0.2670
2026-08-06 22:00:22,524 - pyskl - INFO - Epoch [8][10600/12529]	lr: 6.439e-03, eta: 6:07:48, time: 0.214, data_time: 0.000, memory: 1700, top1_acc: 0.9106, top5_acc: 0.9925, loss_cls: 0.2907, loss: 0.2907
2026-08-06 22:00:43,901 - pyskl - INFO - Epoch [8][10700/12529]	lr: 6.429e-03, eta: 6:07:26, time: 0.214, data_time: 0.000, memory: 1700, top1_acc: 0.9150, top5_acc: 0.9950, loss_cls: 0.2777, loss: 0.2777
2026-08-06 22:01:05,428 - pyskl - INFO - Epoch [8][10800/12529]	lr: 6.419e-03, eta: 6:07:04, time: 0.215, data_time: 0.000, memory: 1700, top1_acc: 0.9281, top5_acc: 0.9912, loss_cls: 0.2496, loss: 0.2496
2026-08-06 22:01:26,832 - pyskl - INFO - Epoch [8][10900/12529]	lr: 6.410e-03, eta: 6:06:43, time: 0.214, data_time: 0.000, memory: 1700, top1_acc: 0.9131, top5_acc: 0.9912, loss_cls: 0.2787, loss: 0.2787
2026-08-06 22:01:48,391 - pyskl - INFO - Epoch [8][11000/12529]	lr: 6.400e-03, eta: 6:06:21, time: 0.216, data_time: 0.000, memory: 1700, top1_acc: 0.9256, top5_acc: 0.9900, loss_cls: 0.2723, loss: 0.2723
2026-08-06 22:02:09,800 - pyskl - INFO - Epoch [8][11100/12529]	lr: 6.390e-03, eta: 6:05:59, time: 0.214, data_time: 0.000, memory: 1700, top1_acc: 0.9125, top5_acc: 0.9938, loss_cls: 0.2881, loss: 0.2881
2026-08-06 22:02:31,193 - pyskl - INFO - Epoch [8][11200/12529]	lr: 6.380e-03, eta: 6:05:37, time: 0.214, data_time: 0.000, memory: 1700, top1_acc: 0.9250, top5_acc: 0.9938, loss_cls: 0.2790, loss: 0.2790
2026-08-06 22:02:52,618 - pyskl - INFO - Epoch [8][11300/12529]	lr: 6.370e-03, eta: 6:05:16, time: 0.214, data_time: 0.000, memory: 1700, top1_acc: 0.9187, top5_acc: 0.9938, loss_cls: 0.2738, loss: 0.2738
2026-08-06 22:03:14,061 - pyskl - INFO - Epoch [8][11400/12529]	lr: 6.361e-03, eta: 6:04:54, time: 0.214, data_time: 0.000, memory: 1700, top1_acc: 0.9406, top5_acc: 0.9912, loss_cls: 0.2224, loss: 0.2224
2026-08-06 22:03:35,477 - pyskl - INFO - Epoch [8][11500/12529]	lr: 6.351e-03, eta: 6:04:32, time: 0.214, data_time: 0.000, memory: 1700, top1_acc: 0.9150, top5_acc: 0.9938, loss_cls: 0.2642, loss: 0.2642
2026-08-06 22:03:56,919 - pyskl - INFO - Epoch [8][11600/12529]	lr: 6.341e-03, eta: 6:04:10, time: 0.214, data_time: 0.000, memory: 1700, top1_acc: 0.9306, top5_acc: 0.9938, loss_cls: 0.2467, loss: 0.2467
2026-08-06 22:04:18,441 - pyskl - INFO - Epoch [8][11700/12529]	lr: 6.331e-03, eta: 6:03:49, time: 0.215, data_time: 0.000, memory: 1700, top1_acc: 0.9550, top5_acc: 0.9950, loss_cls: 0.1923, loss: 0.1923
2026-08-06 22:04:40,094 - pyskl - INFO - Epoch [8][11800/12529]	lr: 6.322e-03, eta: 6:03:27, time: 0.217, data_time: 0.000, memory: 1700, top1_acc: 0.9400, top5_acc: 0.9950, loss_cls: 0.2129, loss: 0.2129
2026-08-06 22:05:01,479 - pyskl - INFO - Epoch [8][11900/12529]	lr: 6.312e-03, eta: 6:03:05, time: 0.214, data_time: 0.000, memory: 1700, top1_acc: 0.9225, top5_acc: 0.9919, loss_cls: 0.2509, loss: 0.2509
2026-08-06 22:05:22,970 - pyskl - INFO - Epoch [8][12000/12529]	lr: 6.302e-03, eta: 6:02:43, time: 0.215, data_time: 0.000, memory: 1700, top1_acc: 0.9231, top5_acc: 0.9925, loss_cls: 0.2561, loss: 0.2561
2026-08-06 22:05:44,375 - pyskl - INFO - Epoch [8][12100/12529]	lr: 6.292e-03, eta: 6:02:22, time: 0.214, data_time: 0.000, memory: 1700, top1_acc: 0.9100, top5_acc: 0.9919, loss_cls: 0.2909, loss: 0.2909
2026-08-06 22:06:05,838 - pyskl - INFO - Epoch [8][12200/12529]	lr: 6.282e-03, eta: 6:02:00, time: 0.215, data_time: 0.000, memory: 1700, top1_acc: 0.9263, top5_acc: 0.9944, loss_cls: 0.2526, loss: 0.2526
2026-08-06 22:06:27,221 - pyskl - INFO - Epoch [8][12300/12529]	lr: 6.273e-03, eta: 6:01:38, time: 0.214, data_time: 0.000, memory: 1700, top1_acc: 0.9225, top5_acc: 0.9919, loss_cls: 0.2642, loss: 0.2642
2026-08-06 22:06:48,716 - pyskl - INFO - Epoch [8][12400/12529]	lr: 6.263e-03, eta: 6:01:16, time: 0.215, data_time: 0.000, memory: 1700, top1_acc: 0.9194, top5_acc: 0.9894, loss_cls: 0.2735, loss: 0.2735
2026-08-06 22:07:10,079 - pyskl - INFO - Epoch [8][12500/12529]	lr: 6.253e-03, eta: 6:00:55, time: 0.214, data_time: 0.000, memory: 1700, top1_acc: 0.9344, top5_acc: 0.9938, loss_cls: 0.2142, loss: 0.2142
2026-08-06 22:07:16,809 - pyskl - INFO - Saving checkpoint at 8 epochs
2026-08-06 22:08:35,849 - pyskl - INFO - Evaluating top_k_accuracy ...
2026-08-06 22:08:35,921 - pyskl - INFO - 
top1_acc	0.8291
top5_acc	0.9664
2026-08-06 22:08:35,925 - pyskl - INFO - The previous best checkpoint D:\YXJProject\pythonProject\pyskl\work_dirs\stgcn\stgcn_pyskl_ntu60_xsub_3dkp\j_single_gpu\best_top1_acc_epoch_7.pth was removed
2026-08-06 22:08:36,042 - pyskl - INFO - Now best checkpoint is saved as best_top1_acc_epoch_8.pth.
2026-08-06 22:08:36,042 - pyskl - INFO - Best top1_acc is 0.8291 at 8 epoch.
2026-08-06 22:08:36,045 - pyskl - INFO - Epoch(val) [8][1031]	top1_acc: 0.8291, top5_acc: 0.9664
2026-08-06 22:09:09,783 - pyskl - INFO - Epoch [9][100/12529]	lr: 6.240e-03, eta: 6:00:33, time: 0.337, data_time: 0.123, memory: 1700, top1_acc: 0.9300, top5_acc: 0.9944, loss_cls: 0.2469, loss: 0.2469
2026-08-06 22:09:31,119 - pyskl - INFO - Epoch [9][200/12529]	lr: 6.231e-03, eta: 6:00:11, time: 0.213, data_time: 0.000, memory: 1700, top1_acc: 0.9350, top5_acc: 0.9931, loss_cls: 0.2340, loss: 0.2340
2026-08-06 22:09:52,647 - pyskl - INFO - Epoch [9][300/12529]	lr: 6.221e-03, eta: 5:59:49, time: 0.215, data_time: 0.000, memory: 1700, top1_acc: 0.9269, top5_acc: 0.9956, loss_cls: 0.2346, loss: 0.2346
2026-08-06 22:10:14,107 - pyskl - INFO - Epoch [9][400/12529]	lr: 6.211e-03, eta: 5:59:27, time: 0.215, data_time: 0.000, memory: 1700, top1_acc: 0.9344, top5_acc: 0.9944, loss_cls: 0.2363, loss: 0.2363
2026-08-06 22:10:35,531 - pyskl - INFO - Epoch [9][500/12529]	lr: 6.201e-03, eta: 5:59:05, time: 0.214, data_time: 0.000, memory: 1700, top1_acc: 0.9325, top5_acc: 0.9919, loss_cls: 0.2281, loss: 0.2281
2026-08-06 22:10:57,018 - pyskl - INFO - Epoch [9][600/12529]	lr: 6.191e-03, eta: 5:58:44, time: 0.215, data_time: 0.000, memory: 1700, top1_acc: 0.9344, top5_acc: 0.9950, loss_cls: 0.2328, loss: 0.2328
2026-08-06 22:11:18,503 - pyskl - INFO - Epoch [9][700/12529]	lr: 6.182e-03, eta: 5:58:22, time: 0.215, data_time: 0.000, memory: 1700, top1_acc: 0.9287, top5_acc: 0.9881, loss_cls: 0.2496, loss: 0.2496
2026-08-06 22:11:39,876 - pyskl - INFO - Epoch [9][800/12529]	lr: 6.172e-03, eta: 5:58:00, time: 0.214, data_time: 0.000, memory: 1700, top1_acc: 0.9369, top5_acc: 0.9975, loss_cls: 0.2184, loss: 0.2184
2026-08-06 22:12:01,402 - pyskl - INFO - Epoch [9][900/12529]	lr: 6.162e-03, eta: 5:57:39, time: 0.215, data_time: 0.000, memory: 1700, top1_acc: 0.9281, top5_acc: 0.9950, loss_cls: 0.2344, loss: 0.2344
2026-08-06 22:12:22,924 - pyskl - INFO - Epoch [9][1000/12529]	lr: 6.152e-03, eta: 5:57:17, time: 0.215, data_time: 0.000, memory: 1700, top1_acc: 0.9263, top5_acc: 0.9944, loss_cls: 0.2415, loss: 0.2415
2026-08-06 22:12:44,361 - pyskl - INFO - Epoch [9][1100/12529]	lr: 6.142e-03, eta: 5:56:55, time: 0.214, data_time: 0.000, memory: 1700, top1_acc: 0.9306, top5_acc: 0.9912, loss_cls: 0.2325, loss: 0.2325
2026-08-06 22:13:05,835 - pyskl - INFO - Epoch [9][1200/12529]	lr: 6.133e-03, eta: 5:56:33, time: 0.215, data_time: 0.000, memory: 1700, top1_acc: 0.9306, top5_acc: 0.9969, loss_cls: 0.2336, loss: 0.2336
2026-08-06 22:13:27,347 - pyskl - INFO - Epoch [9][1300/12529]	lr: 6.123e-03, eta: 5:56:12, time: 0.215, data_time: 0.000, memory: 1700, top1_acc: 0.9287, top5_acc: 0.9944, loss_cls: 0.2372, loss: 0.2372
2026-08-06 22:13:48,861 - pyskl - INFO - Epoch [9][1400/12529]	lr: 6.113e-03, eta: 5:55:50, time: 0.215, data_time: 0.000, memory: 1700, top1_acc: 0.9213, top5_acc: 0.9912, loss_cls: 0.2680, loss: 0.2680
2026-08-06 22:14:10,450 - pyskl - INFO - Epoch [9][1500/12529]	lr: 6.103e-03, eta: 5:55:28, time: 0.216, data_time: 0.000, memory: 1700, top1_acc: 0.9281, top5_acc: 0.9931, loss_cls: 0.2477, loss: 0.2477
2026-08-06 22:14:31,924 - pyskl - INFO - Epoch [9][1600/12529]	lr: 6.093e-03, eta: 5:55:07, time: 0.215, data_time: 0.000, memory: 1700, top1_acc: 0.9225, top5_acc: 0.9894, loss_cls: 0.2701, loss: 0.2701
2026-08-06 22:14:53,418 - pyskl - INFO - Epoch [9][1700/12529]	lr: 6.084e-03, eta: 5:54:45, time: 0.215, data_time: 0.000, memory: 1700, top1_acc: 0.9425, top5_acc: 0.9950, loss_cls: 0.2173, loss: 0.2173
2026-08-06 22:15:14,990 - pyskl - INFO - Epoch [9][1800/12529]	lr: 6.074e-03, eta: 5:54:23, time: 0.216, data_time: 0.000, memory: 1700, top1_acc: 0.9294, top5_acc: 0.9944, loss_cls: 0.2190, loss: 0.2190
2026-08-06 22:15:36,400 - pyskl - INFO - Epoch [9][1900/12529]	lr: 6.064e-03, eta: 5:54:01, time: 0.214, data_time: 0.000, memory: 1700, top1_acc: 0.9356, top5_acc: 0.9962, loss_cls: 0.2242, loss: 0.2242
2026-08-06 22:15:57,807 - pyskl - INFO - Epoch [9][2000/12529]	lr: 6.054e-03, eta: 5:53:40, time: 0.214, data_time: 0.000, memory: 1700, top1_acc: 0.9225, top5_acc: 0.9962, loss_cls: 0.2671, loss: 0.2671
2026-08-06 22:16:19,311 - pyskl - INFO - Epoch [9][2100/12529]	lr: 6.044e-03, eta: 5:53:18, time: 0.215, data_time: 0.000, memory: 1700, top1_acc: 0.9313, top5_acc: 0.9938, loss_cls: 0.2411, loss: 0.2411
2026-08-06 22:16:40,815 - pyskl - INFO - Epoch [9][2200/12529]	lr: 6.035e-03, eta: 5:52:56, time: 0.215, data_time: 0.000, memory: 1700, top1_acc: 0.9344, top5_acc: 0.9975, loss_cls: 0.2192, loss: 0.2192
2026-08-06 22:17:02,223 - pyskl - INFO - Epoch [9][2300/12529]	lr: 6.025e-03, eta: 5:52:35, time: 0.214, data_time: 0.000, memory: 1700, top1_acc: 0.9281, top5_acc: 0.9938, loss_cls: 0.2489, loss: 0.2489
2026-08-06 22:17:23,729 - pyskl - INFO - Epoch [9][2400/12529]	lr: 6.015e-03, eta: 5:52:13, time: 0.215, data_time: 0.000, memory: 1700, top1_acc: 0.9381, top5_acc: 0.9938, loss_cls: 0.2284, loss: 0.2284
2026-08-06 22:17:45,162 - pyskl - INFO - Epoch [9][2500/12529]	lr: 6.005e-03, eta: 5:51:51, time: 0.214, data_time: 0.000, memory: 1700, top1_acc: 0.9337, top5_acc: 0.9919, loss_cls: 0.2306, loss: 0.2306
2026-08-06 22:18:06,535 - pyskl - INFO - Epoch [9][2600/12529]	lr: 5.996e-03, eta: 5:51:29, time: 0.214, data_time: 0.000, memory: 1700, top1_acc: 0.9363, top5_acc: 0.9931, loss_cls: 0.2383, loss: 0.2383
2026-08-06 22:18:27,991 - pyskl - INFO - Epoch [9][2700/12529]	lr: 5.986e-03, eta: 5:51:07, time: 0.215, data_time: 0.000, memory: 1700, top1_acc: 0.9319, top5_acc: 0.9919, loss_cls: 0.2384, loss: 0.2384
2026-08-06 22:18:49,369 - pyskl - INFO - Epoch [9][2800/12529]	lr: 5.976e-03, eta: 5:50:46, time: 0.214, data_time: 0.000, memory: 1700, top1_acc: 0.9225, top5_acc: 0.9912, loss_cls: 0.2651, loss: 0.2651
2026-08-06 22:19:10,902 - pyskl - INFO - Epoch [9][2900/12529]	lr: 5.966e-03, eta: 5:50:24, time: 0.215, data_time: 0.000, memory: 1700, top1_acc: 0.9131, top5_acc: 0.9931, loss_cls: 0.3058, loss: 0.3058
2026-08-06 22:19:32,197 - pyskl - INFO - Epoch [9][3000/12529]	lr: 5.956e-03, eta: 5:50:02, time: 0.213, data_time: 0.000, memory: 1700, top1_acc: 0.9356, top5_acc: 0.9950, loss_cls: 0.2405, loss: 0.2405
2026-08-06 22:19:53,635 - pyskl - INFO - Epoch [9][3100/12529]	lr: 5.947e-03, eta: 5:49:40, time: 0.214, data_time: 0.000, memory: 1700, top1_acc: 0.9419, top5_acc: 0.9950, loss_cls: 0.2093, loss: 0.2093
2026-08-06 22:20:15,130 - pyskl - INFO - Epoch [9][3200/12529]	lr: 5.937e-03, eta: 5:49:19, time: 0.215, data_time: 0.000, memory: 1700, top1_acc: 0.9256, top5_acc: 0.9938, loss_cls: 0.2452, loss: 0.2452
2026-08-06 22:20:36,659 - pyskl - INFO - Epoch [9][3300/12529]	lr: 5.927e-03, eta: 5:48:57, time: 0.215, data_time: 0.000, memory: 1700, top1_acc: 0.9287, top5_acc: 0.9931, loss_cls: 0.2420, loss: 0.2420
2026-08-06 22:20:58,078 - pyskl - INFO - Epoch [9][3400/12529]	lr: 5.917e-03, eta: 5:48:35, time: 0.214, data_time: 0.000, memory: 1700, top1_acc: 0.9331, top5_acc: 0.9938, loss_cls: 0.2297, loss: 0.2297
2026-08-06 22:21:19,492 - pyskl - INFO - Epoch [9][3500/12529]	lr: 5.907e-03, eta: 5:48:13, time: 0.214, data_time: 0.000, memory: 1700, top1_acc: 0.9306, top5_acc: 0.9931, loss_cls: 0.2331, loss: 0.2331
2026-08-06 22:21:40,765 - pyskl - INFO - Epoch [9][3600/12529]	lr: 5.898e-03, eta: 5:47:52, time: 0.213, data_time: 0.000, memory: 1700, top1_acc: 0.9406, top5_acc: 0.9950, loss_cls: 0.2090, loss: 0.2090
2026-08-06 22:22:02,354 - pyskl - INFO - Epoch [9][3700/12529]	lr: 5.888e-03, eta: 5:47:30, time: 0.216, data_time: 0.000, memory: 1700, top1_acc: 0.9369, top5_acc: 0.9956, loss_cls: 0.2055, loss: 0.2055
2026-08-06 22:22:23,846 - pyskl - INFO - Epoch [9][3800/12529]	lr: 5.878e-03, eta: 5:47:08, time: 0.215, data_time: 0.000, memory: 1700, top1_acc: 0.9356, top5_acc: 0.9938, loss_cls: 0.2101, loss: 0.2101
2026-08-06 22:22:45,262 - pyskl - INFO - Epoch [9][3900/12529]	lr: 5.868e-03, eta: 5:46:46, time: 0.214, data_time: 0.000, memory: 1700, top1_acc: 0.9319, top5_acc: 0.9938, loss_cls: 0.2179, loss: 0.2179
2026-08-06 22:23:06,805 - pyskl - INFO - Epoch [9][4000/12529]	lr: 5.859e-03, eta: 5:46:25, time: 0.215, data_time: 0.000, memory: 1700, top1_acc: 0.9313, top5_acc: 0.9950, loss_cls: 0.2435, loss: 0.2435
2026-08-06 22:23:28,276 - pyskl - INFO - Epoch [9][4100/12529]	lr: 5.849e-03, eta: 5:46:03, time: 0.215, data_time: 0.000, memory: 1700, top1_acc: 0.9281, top5_acc: 0.9956, loss_cls: 0.2255, loss: 0.2255
2026-08-06 22:23:49,691 - pyskl - INFO - Epoch [9][4200/12529]	lr: 5.839e-03, eta: 5:45:41, time: 0.214, data_time: 0.000, memory: 1700, top1_acc: 0.9419, top5_acc: 0.9938, loss_cls: 0.2117, loss: 0.2117
2026-08-06 22:24:11,222 - pyskl - INFO - Epoch [9][4300/12529]	lr: 5.829e-03, eta: 5:45:20, time: 0.215, data_time: 0.000, memory: 1700, top1_acc: 0.9306, top5_acc: 0.9919, loss_cls: 0.2375, loss: 0.2375
2026-08-06 22:24:32,817 - pyskl - INFO - Epoch [9][4400/12529]	lr: 5.819e-03, eta: 5:44:58, time: 0.216, data_time: 0.000, memory: 1700, top1_acc: 0.9263, top5_acc: 0.9950, loss_cls: 0.2458, loss: 0.2458
2026-08-06 22:24:54,331 - pyskl - INFO - Epoch [9][4500/12529]	lr: 5.810e-03, eta: 5:44:36, time: 0.215, data_time: 0.000, memory: 1700, top1_acc: 0.9256, top5_acc: 0.9919, loss_cls: 0.2544, loss: 0.2544
2026-08-06 22:25:15,884 - pyskl - INFO - Epoch [9][4600/12529]	lr: 5.800e-03, eta: 5:44:15, time: 0.215, data_time: 0.000, memory: 1700, top1_acc: 0.9313, top5_acc: 0.9944, loss_cls: 0.2414, loss: 0.2414
2026-08-06 22:25:37,356 - pyskl - INFO - Epoch [9][4700/12529]	lr: 5.790e-03, eta: 5:43:53, time: 0.215, data_time: 0.000, memory: 1700, top1_acc: 0.9444, top5_acc: 0.9950, loss_cls: 0.2146, loss: 0.2146
2026-08-06 22:25:58,755 - pyskl - INFO - Epoch [9][4800/12529]	lr: 5.780e-03, eta: 5:43:31, time: 0.214, data_time: 0.000, memory: 1700, top1_acc: 0.9263, top5_acc: 0.9919, loss_cls: 0.2567, loss: 0.2567
2026-08-06 22:26:20,207 - pyskl - INFO - Epoch [9][4900/12529]	lr: 5.771e-03, eta: 5:43:10, time: 0.215, data_time: 0.000, memory: 1700, top1_acc: 0.9325, top5_acc: 0.9950, loss_cls: 0.2187, loss: 0.2187
2026-08-06 22:26:41,629 - pyskl - INFO - Epoch [9][5000/12529]	lr: 5.761e-03, eta: 5:42:48, time: 0.214, data_time: 0.000, memory: 1700, top1_acc: 0.9363, top5_acc: 0.9962, loss_cls: 0.2176, loss: 0.2176
2026-08-06 22:27:03,050 - pyskl - INFO - Epoch [9][5100/12529]	lr: 5.751e-03, eta: 5:42:26, time: 0.214, data_time: 0.000, memory: 1700, top1_acc: 0.9275, top5_acc: 0.9944, loss_cls: 0.2523, loss: 0.2523
2026-08-06 22:27:24,502 - pyskl - INFO - Epoch [9][5200/12529]	lr: 5.741e-03, eta: 5:42:04, time: 0.215, data_time: 0.000, memory: 1700, top1_acc: 0.9350, top5_acc: 0.9956, loss_cls: 0.2364, loss: 0.2364
2026-08-06 22:27:45,899 - pyskl - INFO - Epoch [9][5300/12529]	lr: 5.732e-03, eta: 5:41:42, time: 0.214, data_time: 0.000, memory: 1700, top1_acc: 0.9287, top5_acc: 0.9950, loss_cls: 0.2328, loss: 0.2328
2026-08-06 22:28:07,410 - pyskl - INFO - Epoch [9][5400/12529]	lr: 5.722e-03, eta: 5:41:21, time: 0.215, data_time: 0.000, memory: 1700, top1_acc: 0.9381, top5_acc: 0.9969, loss_cls: 0.2137, loss: 0.2137
2026-08-06 22:28:28,969 - pyskl - INFO - Epoch [9][5500/12529]	lr: 5.712e-03, eta: 5:40:59, time: 0.216, data_time: 0.000, memory: 1700, top1_acc: 0.9313, top5_acc: 0.9944, loss_cls: 0.2202, loss: 0.2202
2026-08-06 22:28:50,337 - pyskl - INFO - Epoch [9][5600/12529]	lr: 5.702e-03, eta: 5:40:37, time: 0.214, data_time: 0.000, memory: 1700, top1_acc: 0.9300, top5_acc: 0.9938, loss_cls: 0.2256, loss: 0.2256
2026-08-06 22:29:11,801 - pyskl - INFO - Epoch [9][5700/12529]	lr: 5.693e-03, eta: 5:40:16, time: 0.215, data_time: 0.000, memory: 1700, top1_acc: 0.9244, top5_acc: 0.9931, loss_cls: 0.2500, loss: 0.2500
2026-08-06 22:29:33,238 - pyskl - INFO - Epoch [9][5800/12529]	lr: 5.683e-03, eta: 5:39:54, time: 0.214, data_time: 0.000, memory: 1700, top1_acc: 0.9306, top5_acc: 0.9906, loss_cls: 0.2516, loss: 0.2516
2026-08-06 22:29:54,592 - pyskl - INFO - Epoch [9][5900/12529]	lr: 5.673e-03, eta: 5:39:32, time: 0.214, data_time: 0.000, memory: 1700, top1_acc: 0.9406, top5_acc: 0.9956, loss_cls: 0.2028, loss: 0.2028
2026-08-06 22:30:16,062 - pyskl - INFO - Epoch [9][6000/12529]	lr: 5.663e-03, eta: 5:39:10, time: 0.215, data_time: 0.000, memory: 1700, top1_acc: 0.9206, top5_acc: 0.9931, loss_cls: 0.2713, loss: 0.2713
2026-08-06 22:30:37,500 - pyskl - INFO - Epoch [9][6100/12529]	lr: 5.654e-03, eta: 5:38:49, time: 0.214, data_time: 0.000, memory: 1700, top1_acc: 0.9300, top5_acc: 0.9962, loss_cls: 0.2477, loss: 0.2477
2026-08-06 22:30:58,968 - pyskl - INFO - Epoch [9][6200/12529]	lr: 5.644e-03, eta: 5:38:27, time: 0.215, data_time: 0.000, memory: 1700, top1_acc: 0.9306, top5_acc: 0.9944, loss_cls: 0.2401, loss: 0.2401
2026-08-06 22:31:20,481 - pyskl - INFO - Epoch [9][6300/12529]	lr: 5.634e-03, eta: 5:38:05, time: 0.215, data_time: 0.000, memory: 1700, top1_acc: 0.9356, top5_acc: 0.9938, loss_cls: 0.2185, loss: 0.2185
2026-08-06 22:31:41,889 - pyskl - INFO - Epoch [9][6400/12529]	lr: 5.624e-03, eta: 5:37:44, time: 0.214, data_time: 0.000, memory: 1700, top1_acc: 0.9287, top5_acc: 0.9962, loss_cls: 0.2226, loss: 0.2226
2026-08-06 22:32:03,318 - pyskl - INFO - Epoch [9][6500/12529]	lr: 5.615e-03, eta: 5:37:22, time: 0.214, data_time: 0.000, memory: 1700, top1_acc: 0.9337, top5_acc: 0.9925, loss_cls: 0.2343, loss: 0.2343
2026-08-06 22:32:24,800 - pyskl - INFO - Epoch [9][6600/12529]	lr: 5.605e-03, eta: 5:37:00, time: 0.215, data_time: 0.000, memory: 1700, top1_acc: 0.9319, top5_acc: 0.9912, loss_cls: 0.2329, loss: 0.2329
2026-08-06 22:32:46,217 - pyskl - INFO - Epoch [9][6700/12529]	lr: 5.595e-03, eta: 5:36:38, time: 0.214, data_time: 0.000, memory: 1700, top1_acc: 0.9387, top5_acc: 0.9925, loss_cls: 0.2160, loss: 0.2160
2026-08-06 22:33:07,749 - pyskl - INFO - Epoch [9][6800/12529]	lr: 5.585e-03, eta: 5:36:17, time: 0.215, data_time: 0.000, memory: 1700, top1_acc: 0.9306, top5_acc: 0.9950, loss_cls: 0.2202, loss: 0.2202
2026-08-06 22:33:29,225 - pyskl - INFO - Epoch [9][6900/12529]	lr: 5.576e-03, eta: 5:35:55, time: 0.215, data_time: 0.000, memory: 1700, top1_acc: 0.9269, top5_acc: 0.9894, loss_cls: 0.2606, loss: 0.2606
2026-08-06 22:33:50,769 - pyskl - INFO - Epoch [9][7000/12529]	lr: 5.566e-03, eta: 5:35:33, time: 0.215, data_time: 0.000, memory: 1700, top1_acc: 0.9306, top5_acc: 0.9950, loss_cls: 0.2348, loss: 0.2348
2026-08-06 22:34:12,241 - pyskl - INFO - Epoch [9][7100/12529]	lr: 5.556e-03, eta: 5:35:12, time: 0.215, data_time: 0.000, memory: 1700, top1_acc: 0.9325, top5_acc: 0.9925, loss_cls: 0.2354, loss: 0.2354
2026-08-06 22:34:33,586 - pyskl - INFO - Epoch [9][7200/12529]	lr: 5.546e-03, eta: 5:34:50, time: 0.213, data_time: 0.000, memory: 1700, top1_acc: 0.9356, top5_acc: 0.9938, loss_cls: 0.2250, loss: 0.2250
2026-08-06 22:34:54,993 - pyskl - INFO - Epoch [9][7300/12529]	lr: 5.537e-03, eta: 5:34:28, time: 0.214, data_time: 0.000, memory: 1700, top1_acc: 0.9156, top5_acc: 0.9931, loss_cls: 0.2637, loss: 0.2637
2026-08-06 22:35:16,611 - pyskl - INFO - Epoch [9][7400/12529]	lr: 5.527e-03, eta: 5:34:06, time: 0.216, data_time: 0.000, memory: 1700, top1_acc: 0.9275, top5_acc: 0.9919, loss_cls: 0.2572, loss: 0.2572
2026-08-06 22:35:38,042 - pyskl - INFO - Epoch [9][7500/12529]	lr: 5.517e-03, eta: 5:33:45, time: 0.214, data_time: 0.000, memory: 1700, top1_acc: 0.9325, top5_acc: 0.9944, loss_cls: 0.2413, loss: 0.2413
2026-08-06 22:35:59,352 - pyskl - INFO - Epoch [9][7600/12529]	lr: 5.507e-03, eta: 5:33:23, time: 0.213, data_time: 0.000, memory: 1700, top1_acc: 0.9550, top5_acc: 0.9981, loss_cls: 0.1803, loss: 0.1803
2026-08-06 22:36:20,912 - pyskl - INFO - Epoch [9][7700/12529]	lr: 5.498e-03, eta: 5:33:01, time: 0.216, data_time: 0.000, memory: 1700, top1_acc: 0.9325, top5_acc: 0.9956, loss_cls: 0.2294, loss: 0.2294
2026-08-06 22:36:42,517 - pyskl - INFO - Epoch [9][7800/12529]	lr: 5.488e-03, eta: 5:32:40, time: 0.216, data_time: 0.000, memory: 1700, top1_acc: 0.9331, top5_acc: 0.9900, loss_cls: 0.2381, loss: 0.2381
2026-08-06 22:37:04,166 - pyskl - INFO - Epoch [9][7900/12529]	lr: 5.478e-03, eta: 5:32:18, time: 0.216, data_time: 0.000, memory: 1700, top1_acc: 0.9313, top5_acc: 0.9944, loss_cls: 0.2395, loss: 0.2395
2026-08-06 22:37:25,942 - pyskl - INFO - Epoch [9][8000/12529]	lr: 5.469e-03, eta: 5:31:57, time: 0.218, data_time: 0.000, memory: 1700, top1_acc: 0.9294, top5_acc: 0.9950, loss_cls: 0.2319, loss: 0.2319
2026-08-06 22:37:47,604 - pyskl - INFO - Epoch [9][8100/12529]	lr: 5.459e-03, eta: 5:31:35, time: 0.217, data_time: 0.000, memory: 1700, top1_acc: 0.9319, top5_acc: 0.9925, loss_cls: 0.2289, loss: 0.2289
2026-08-06 22:38:09,110 - pyskl - INFO - Epoch [9][8200/12529]	lr: 5.449e-03, eta: 5:31:14, time: 0.215, data_time: 0.000, memory: 1700, top1_acc: 0.9337, top5_acc: 0.9969, loss_cls: 0.2264, loss: 0.2264
2026-08-06 22:38:30,439 - pyskl - INFO - Epoch [9][8300/12529]	lr: 5.439e-03, eta: 5:30:52, time: 0.213, data_time: 0.000, memory: 1700, top1_acc: 0.9350, top5_acc: 0.9931, loss_cls: 0.2270, loss: 0.2270
2026-08-06 22:38:51,893 - pyskl - INFO - Epoch [9][8400/12529]	lr: 5.430e-03, eta: 5:30:30, time: 0.214, data_time: 0.000, memory: 1700, top1_acc: 0.9363, top5_acc: 0.9962, loss_cls: 0.2116, loss: 0.2116
2026-08-06 22:39:13,333 - pyskl - INFO - Epoch [9][8500/12529]	lr: 5.420e-03, eta: 5:30:08, time: 0.214, data_time: 0.000, memory: 1700, top1_acc: 0.9313, top5_acc: 0.9956, loss_cls: 0.2238, loss: 0.2238
2026-08-06 22:39:34,844 - pyskl - INFO - Epoch [9][8600/12529]	lr: 5.410e-03, eta: 5:29:47, time: 0.215, data_time: 0.000, memory: 1700, top1_acc: 0.9350, top5_acc: 0.9956, loss_cls: 0.2279, loss: 0.2279
2026-08-06 22:39:56,303 - pyskl - INFO - Epoch [9][8700/12529]	lr: 5.401e-03, eta: 5:29:25, time: 0.215, data_time: 0.000, memory: 1700, top1_acc: 0.9413, top5_acc: 0.9962, loss_cls: 0.2090, loss: 0.2090
2026-08-06 22:40:17,743 - pyskl - INFO - Epoch [9][8800/12529]	lr: 5.391e-03, eta: 5:29:03, time: 0.214, data_time: 0.000, memory: 1700, top1_acc: 0.9419, top5_acc: 0.9925, loss_cls: 0.2205, loss: 0.2205
2026-08-06 22:40:39,178 - pyskl - INFO - Epoch [9][8900/12529]	lr: 5.381e-03, eta: 5:28:41, time: 0.214, data_time: 0.000, memory: 1700, top1_acc: 0.9413, top5_acc: 0.9950, loss_cls: 0.2031, loss: 0.2031
2026-08-06 22:41:00,678 - pyskl - INFO - Epoch [9][9000/12529]	lr: 5.371e-03, eta: 5:28:20, time: 0.215, data_time: 0.000, memory: 1700, top1_acc: 0.9369, top5_acc: 0.9956, loss_cls: 0.2265, loss: 0.2265
2026-08-06 22:41:22,162 - pyskl - INFO - Epoch [9][9100/12529]	lr: 5.362e-03, eta: 5:27:58, time: 0.215, data_time: 0.000, memory: 1700, top1_acc: 0.9375, top5_acc: 0.9962, loss_cls: 0.2101, loss: 0.2101
2026-08-06 22:41:43,471 - pyskl - INFO - Epoch [9][9200/12529]	lr: 5.352e-03, eta: 5:27:36, time: 0.213, data_time: 0.000, memory: 1700, top1_acc: 0.9394, top5_acc: 0.9962, loss_cls: 0.2130, loss: 0.2130
2026-08-06 22:42:04,947 - pyskl - INFO - Epoch [9][9300/12529]	lr: 5.342e-03, eta: 5:27:15, time: 0.215, data_time: 0.000, memory: 1700, top1_acc: 0.9237, top5_acc: 0.9919, loss_cls: 0.2594, loss: 0.2594
2026-08-06 22:42:26,294 - pyskl - INFO - Epoch [9][9400/12529]	lr: 5.333e-03, eta: 5:26:53, time: 0.213, data_time: 0.000, memory: 1700, top1_acc: 0.9369, top5_acc: 0.9919, loss_cls: 0.2212, loss: 0.2212
2026-08-06 22:42:47,773 - pyskl - INFO - Epoch [9][9500/12529]	lr: 5.323e-03, eta: 5:26:31, time: 0.215, data_time: 0.000, memory: 1700, top1_acc: 0.9319, top5_acc: 0.9944, loss_cls: 0.2230, loss: 0.2230
2026-08-06 22:43:09,247 - pyskl - INFO - Epoch [9][9600/12529]	lr: 5.313e-03, eta: 5:26:09, time: 0.215, data_time: 0.000, memory: 1700, top1_acc: 0.9337, top5_acc: 0.9962, loss_cls: 0.2204, loss: 0.2204
2026-08-06 22:43:30,647 - pyskl - INFO - Epoch [9][9700/12529]	lr: 5.304e-03, eta: 5:25:48, time: 0.214, data_time: 0.000, memory: 1700, top1_acc: 0.9337, top5_acc: 0.9938, loss_cls: 0.2122, loss: 0.2122
2026-08-06 22:43:52,040 - pyskl - INFO - Epoch [9][9800/12529]	lr: 5.294e-03, eta: 5:25:26, time: 0.214, data_time: 0.000, memory: 1700, top1_acc: 0.9444, top5_acc: 0.9956, loss_cls: 0.2128, loss: 0.2128
2026-08-06 22:44:13,572 - pyskl - INFO - Epoch [9][9900/12529]	lr: 5.284e-03, eta: 5:25:04, time: 0.215, data_time: 0.000, memory: 1700, top1_acc: 0.9319, top5_acc: 0.9938, loss_cls: 0.2347, loss: 0.2347
2026-08-06 22:44:35,053 - pyskl - INFO - Epoch [9][10000/12529]	lr: 5.275e-03, eta: 5:24:43, time: 0.215, data_time: 0.000, memory: 1700, top1_acc: 0.9413, top5_acc: 0.9938, loss_cls: 0.2132, loss: 0.2132
2026-08-06 22:44:56,504 - pyskl - INFO - Epoch [9][10100/12529]	lr: 5.265e-03, eta: 5:24:21, time: 0.214, data_time: 0.000, memory: 1700, top1_acc: 0.9325, top5_acc: 0.9950, loss_cls: 0.2196, loss: 0.2196
2026-08-06 22:45:18,180 - pyskl - INFO - Epoch [9][10200/12529]	lr: 5.255e-03, eta: 5:23:59, time: 0.217, data_time: 0.000, memory: 1700, top1_acc: 0.9450, top5_acc: 0.9969, loss_cls: 0.2091, loss: 0.2091
2026-08-06 22:45:39,675 - pyskl - INFO - Epoch [9][10300/12529]	lr: 5.246e-03, eta: 5:23:38, time: 0.215, data_time: 0.000, memory: 1700, top1_acc: 0.9313, top5_acc: 0.9950, loss_cls: 0.2237, loss: 0.2237
2026-08-06 22:46:01,219 - pyskl - INFO - Epoch [9][10400/12529]	lr: 5.236e-03, eta: 5:23:16, time: 0.215, data_time: 0.000, memory: 1700, top1_acc: 0.9344, top5_acc: 0.9962, loss_cls: 0.2231, loss: 0.2231
2026-08-06 22:46:22,580 - pyskl - INFO - Epoch [9][10500/12529]	lr: 5.226e-03, eta: 5:22:54, time: 0.214, data_time: 0.000, memory: 1700, top1_acc: 0.9463, top5_acc: 0.9925, loss_cls: 0.2090, loss: 0.2090
2026-08-06 22:46:43,921 - pyskl - INFO - Epoch [9][10600/12529]	lr: 5.217e-03, eta: 5:22:32, time: 0.213, data_time: 0.000, memory: 1700, top1_acc: 0.9369, top5_acc: 0.9956, loss_cls: 0.2102, loss: 0.2102
2026-08-06 22:47:05,438 - pyskl - INFO - Epoch [9][10700/12529]	lr: 5.207e-03, eta: 5:22:11, time: 0.215, data_time: 0.000, memory: 1700, top1_acc: 0.9313, top5_acc: 0.9931, loss_cls: 0.2211, loss: 0.2211
2026-08-06 22:47:26,818 - pyskl - INFO - Epoch [9][10800/12529]	lr: 5.197e-03, eta: 5:21:49, time: 0.214, data_time: 0.000, memory: 1700, top1_acc: 0.9400, top5_acc: 0.9988, loss_cls: 0.2080, loss: 0.2080
2026-08-06 22:47:48,145 - pyskl - INFO - Epoch [9][10900/12529]	lr: 5.188e-03, eta: 5:21:27, time: 0.213, data_time: 0.000, memory: 1700, top1_acc: 0.9456, top5_acc: 0.9931, loss_cls: 0.2096, loss: 0.2096
2026-08-06 22:48:09,688 - pyskl - INFO - Epoch [9][11000/12529]	lr: 5.178e-03, eta: 5:21:06, time: 0.215, data_time: 0.000, memory: 1700, top1_acc: 0.9381, top5_acc: 0.9962, loss_cls: 0.1924, loss: 0.1924
2026-08-06 22:48:31,165 - pyskl - INFO - Epoch [9][11100/12529]	lr: 5.168e-03, eta: 5:20:44, time: 0.215, data_time: 0.000, memory: 1700, top1_acc: 0.9425, top5_acc: 0.9956, loss_cls: 0.1913, loss: 0.1913
2026-08-06 22:48:52,524 - pyskl - INFO - Epoch [9][11200/12529]	lr: 5.159e-03, eta: 5:20:22, time: 0.214, data_time: 0.000, memory: 1700, top1_acc: 0.9337, top5_acc: 0.9950, loss_cls: 0.2299, loss: 0.2299
2026-08-06 22:49:13,922 - pyskl - INFO - Epoch [9][11300/12529]	lr: 5.149e-03, eta: 5:20:00, time: 0.214, data_time: 0.000, memory: 1700, top1_acc: 0.9463, top5_acc: 0.9975, loss_cls: 0.1906, loss: 0.1906
2026-08-06 22:49:35,207 - pyskl - INFO - Epoch [9][11400/12529]	lr: 5.139e-03, eta: 5:19:39, time: 0.213, data_time: 0.000, memory: 1700, top1_acc: 0.9406, top5_acc: 0.9944, loss_cls: 0.2063, loss: 0.2063
2026-08-06 22:49:56,654 - pyskl - INFO - Epoch [9][11500/12529]	lr: 5.130e-03, eta: 5:19:17, time: 0.214, data_time: 0.000, memory: 1700, top1_acc: 0.9331, top5_acc: 0.9956, loss_cls: 0.2269, loss: 0.2269
2026-08-06 22:50:18,136 - pyskl - INFO - Epoch [9][11600/12529]	lr: 5.120e-03, eta: 5:18:55, time: 0.215, data_time: 0.000, memory: 1700, top1_acc: 0.9294, top5_acc: 0.9956, loss_cls: 0.2202, loss: 0.2202
2026-08-06 22:50:39,459 - pyskl - INFO - Epoch [9][11700/12529]	lr: 5.111e-03, eta: 5:18:33, time: 0.213, data_time: 0.000, memory: 1700, top1_acc: 0.9419, top5_acc: 0.9969, loss_cls: 0.2028, loss: 0.2028
2026-08-06 22:51:00,956 - pyskl - INFO - Epoch [9][11800/12529]	lr: 5.101e-03, eta: 5:18:12, time: 0.215, data_time: 0.000, memory: 1700, top1_acc: 0.9413, top5_acc: 0.9969, loss_cls: 0.2154, loss: 0.2154
2026-08-06 22:51:22,406 - pyskl - INFO - Epoch [9][11900/12529]	lr: 5.091e-03, eta: 5:17:50, time: 0.214, data_time: 0.000, memory: 1700, top1_acc: 0.9363, top5_acc: 0.9950, loss_cls: 0.2144, loss: 0.2144
2026-08-06 22:51:43,909 - pyskl - INFO - Epoch [9][12000/12529]	lr: 5.082e-03, eta: 5:17:28, time: 0.215, data_time: 0.000, memory: 1700, top1_acc: 0.9413, top5_acc: 0.9956, loss_cls: 0.2069, loss: 0.2069
2026-08-06 22:52:05,346 - pyskl - INFO - Epoch [9][12100/12529]	lr: 5.072e-03, eta: 5:17:07, time: 0.214, data_time: 0.000, memory: 1700, top1_acc: 0.9425, top5_acc: 0.9912, loss_cls: 0.2146, loss: 0.2146
2026-08-06 22:52:26,732 - pyskl - INFO - Epoch [9][12200/12529]	lr: 5.062e-03, eta: 5:16:45, time: 0.214, data_time: 0.000, memory: 1700, top1_acc: 0.9437, top5_acc: 0.9969, loss_cls: 0.1971, loss: 0.1971
2026-08-06 22:52:48,079 - pyskl - INFO - Epoch [9][12300/12529]	lr: 5.053e-03, eta: 5:16:23, time: 0.213, data_time: 0.000, memory: 1700, top1_acc: 0.9500, top5_acc: 0.9950, loss_cls: 0.1886, loss: 0.1886
2026-08-06 22:53:09,606 - pyskl - INFO - Epoch [9][12400/12529]	lr: 5.043e-03, eta: 5:16:01, time: 0.215, data_time: 0.000, memory: 1700, top1_acc: 0.9500, top5_acc: 0.9975, loss_cls: 0.1853, loss: 0.1853
2026-08-06 22:53:30,958 - pyskl - INFO - Epoch [9][12500/12529]	lr: 5.034e-03, eta: 5:15:40, time: 0.214, data_time: 0.000, memory: 1700, top1_acc: 0.9475, top5_acc: 0.9956, loss_cls: 0.1940, loss: 0.1940
2026-08-06 22:53:37,683 - pyskl - INFO - Saving checkpoint at 9 epochs
2026-08-06 22:54:56,920 - pyskl - INFO - Evaluating top_k_accuracy ...
2026-08-06 22:54:56,983 - pyskl - INFO - 
top1_acc	0.8438
top5_acc	0.9731
2026-08-06 22:54:56,989 - pyskl - INFO - The previous best checkpoint D:\YXJProject\pythonProject\pyskl\work_dirs\stgcn\stgcn_pyskl_ntu60_xsub_3dkp\j_single_gpu\best_top1_acc_epoch_8.pth was removed
2026-08-06 22:54:57,112 - pyskl - INFO - Now best checkpoint is saved as best_top1_acc_epoch_9.pth.
2026-08-06 22:54:57,113 - pyskl - INFO - Best top1_acc is 0.8438 at 9 epoch.
2026-08-06 22:54:57,115 - pyskl - INFO - Epoch(val) [9][1031]	top1_acc: 0.8438, top5_acc: 0.9731
2026-08-06 22:55:31,449 - pyskl - INFO - Epoch [10][100/12529]	lr: 5.021e-03, eta: 5:15:17, time: 0.343, data_time: 0.128, memory: 1700, top1_acc: 0.9475, top5_acc: 0.9944, loss_cls: 0.1859, loss: 0.1859
2026-08-06 22:55:53,085 - pyskl - INFO - Epoch [10][200/12529]	lr: 5.012e-03, eta: 5:14:55, time: 0.216, data_time: 0.000, memory: 1700, top1_acc: 0.9587, top5_acc: 0.9975, loss_cls: 0.1705, loss: 0.1705
2026-08-06 22:56:14,843 - pyskl - INFO - Epoch [10][300/12529]	lr: 5.002e-03, eta: 5:14:34, time: 0.218, data_time: 0.000, memory: 1700, top1_acc: 0.9650, top5_acc: 0.9994, loss_cls: 0.1451, loss: 0.1451
2026-08-06 22:56:36,141 - pyskl - INFO - Epoch [10][400/12529]	lr: 4.992e-03, eta: 5:14:12, time: 0.213, data_time: 0.000, memory: 1700, top1_acc: 0.9487, top5_acc: 0.9975, loss_cls: 0.1818, loss: 0.1818
2026-08-06 22:56:57,476 - pyskl - INFO - Epoch [10][500/12529]	lr: 4.983e-03, eta: 5:13:50, time: 0.213, data_time: 0.000, memory: 1700, top1_acc: 0.9444, top5_acc: 0.9969, loss_cls: 0.1933, loss: 0.1933
2026-08-06 22:57:19,028 - pyskl - INFO - Epoch [10][600/12529]	lr: 4.973e-03, eta: 5:13:29, time: 0.216, data_time: 0.000, memory: 1700, top1_acc: 0.9437, top5_acc: 0.9969, loss_cls: 0.1923, loss: 0.1923
2026-08-06 22:57:40,483 - pyskl - INFO - Epoch [10][700/12529]	lr: 4.964e-03, eta: 5:13:07, time: 0.215, data_time: 0.000, memory: 1700, top1_acc: 0.9563, top5_acc: 0.9956, loss_cls: 0.1683, loss: 0.1683
2026-08-06 22:58:01,957 - pyskl - INFO - Epoch [10][800/12529]	lr: 4.954e-03, eta: 5:12:45, time: 0.215, data_time: 0.000, memory: 1700, top1_acc: 0.9469, top5_acc: 0.9950, loss_cls: 0.1816, loss: 0.1816
2026-08-06 22:58:23,556 - pyskl - INFO - Epoch [10][900/12529]	lr: 4.944e-03, eta: 5:12:24, time: 0.216, data_time: 0.000, memory: 1700, top1_acc: 0.9425, top5_acc: 0.9956, loss_cls: 0.2040, loss: 0.2040
2026-08-06 22:58:44,910 - pyskl - INFO - Epoch [10][1000/12529]	lr: 4.935e-03, eta: 5:12:02, time: 0.214, data_time: 0.000, memory: 1700, top1_acc: 0.9419, top5_acc: 0.9956, loss_cls: 0.2027, loss: 0.2027
2026-08-06 22:59:06,550 - pyskl - INFO - Epoch [10][1100/12529]	lr: 4.925e-03, eta: 5:11:40, time: 0.216, data_time: 0.000, memory: 1700, top1_acc: 0.9450, top5_acc: 0.9962, loss_cls: 0.1937, loss: 0.1937
2026-08-06 22:59:28,149 - pyskl - INFO - Epoch [10][1200/12529]	lr: 4.916e-03, eta: 5:11:19, time: 0.216, data_time: 0.000, memory: 1700, top1_acc: 0.9400, top5_acc: 0.9988, loss_cls: 0.1795, loss: 0.1795
2026-08-06 22:59:49,588 - pyskl - INFO - Epoch [10][1300/12529]	lr: 4.906e-03, eta: 5:10:57, time: 0.214, data_time: 0.000, memory: 1700, top1_acc: 0.9394, top5_acc: 0.9994, loss_cls: 0.1929, loss: 0.1929
2026-08-06 23:00:11,043 - pyskl - INFO - Epoch [10][1400/12529]	lr: 4.897e-03, eta: 5:10:35, time: 0.215, data_time: 0.000, memory: 1700, top1_acc: 0.9525, top5_acc: 0.9944, loss_cls: 0.1720, loss: 0.1720
2026-08-06 23:00:32,445 - pyskl - INFO - Epoch [10][1500/12529]	lr: 4.887e-03, eta: 5:10:14, time: 0.214, data_time: 0.000, memory: 1700, top1_acc: 0.9456, top5_acc: 0.9975, loss_cls: 0.1720, loss: 0.1720
2026-08-06 23:00:53,828 - pyskl - INFO - Epoch [10][1600/12529]	lr: 4.877e-03, eta: 5:09:52, time: 0.214, data_time: 0.000, memory: 1700, top1_acc: 0.9394, top5_acc: 0.9969, loss_cls: 0.1959, loss: 0.1959
2026-08-06 23:01:15,288 - pyskl - INFO - Epoch [10][1700/12529]	lr: 4.868e-03, eta: 5:09:30, time: 0.215, data_time: 0.000, memory: 1700, top1_acc: 0.9475, top5_acc: 0.9988, loss_cls: 0.1697, loss: 0.1697
2026-08-06 23:01:36,837 - pyskl - INFO - Epoch [10][1800/12529]	lr: 4.858e-03, eta: 5:09:08, time: 0.215, data_time: 0.000, memory: 1700, top1_acc: 0.9525, top5_acc: 0.9969, loss_cls: 0.1899, loss: 0.1899
2026-08-06 23:01:58,268 - pyskl - INFO - Epoch [10][1900/12529]	lr: 4.849e-03, eta: 5:08:47, time: 0.214, data_time: 0.000, memory: 1700, top1_acc: 0.9419, top5_acc: 0.9981, loss_cls: 0.1910, loss: 0.1910
2026-08-06 23:02:19,660 - pyskl - INFO - Epoch [10][2000/12529]	lr: 4.839e-03, eta: 5:08:25, time: 0.214, data_time: 0.000, memory: 1700, top1_acc: 0.9537, top5_acc: 0.9975, loss_cls: 0.1798, loss: 0.1798
2026-08-06 23:02:41,106 - pyskl - INFO - Epoch [10][2100/12529]	lr: 4.830e-03, eta: 5:08:03, time: 0.214, data_time: 0.000, memory: 1700, top1_acc: 0.9337, top5_acc: 0.9969, loss_cls: 0.2212, loss: 0.2212
2026-08-06 23:03:02,606 - pyskl - INFO - Epoch [10][2200/12529]	lr: 4.820e-03, eta: 5:07:42, time: 0.215, data_time: 0.000, memory: 1700, top1_acc: 0.9500, top5_acc: 0.9969, loss_cls: 0.1798, loss: 0.1798
2026-08-06 23:03:24,199 - pyskl - INFO - Epoch [10][2300/12529]	lr: 4.811e-03, eta: 5:07:20, time: 0.216, data_time: 0.000, memory: 1700, top1_acc: 0.9425, top5_acc: 0.9925, loss_cls: 0.2050, loss: 0.2050
2026-08-06 23:03:45,585 - pyskl - INFO - Epoch [10][2400/12529]	lr: 4.801e-03, eta: 5:06:58, time: 0.214, data_time: 0.000, memory: 1700, top1_acc: 0.9619, top5_acc: 0.9962, loss_cls: 0.1659, loss: 0.1659
2026-08-06 23:04:07,040 - pyskl - INFO - Epoch [10][2500/12529]	lr: 4.792e-03, eta: 5:06:37, time: 0.215, data_time: 0.000, memory: 1700, top1_acc: 0.9475, top5_acc: 0.9956, loss_cls: 0.1991, loss: 0.1991
2026-08-06 23:04:28,427 - pyskl - INFO - Epoch [10][2600/12529]	lr: 4.782e-03, eta: 5:06:15, time: 0.214, data_time: 0.000, memory: 1700, top1_acc: 0.9525, top5_acc: 0.9969, loss_cls: 0.1712, loss: 0.1712
2026-08-06 23:04:49,766 - pyskl - INFO - Epoch [10][2700/12529]	lr: 4.773e-03, eta: 5:05:53, time: 0.213, data_time: 0.000, memory: 1700, top1_acc: 0.9556, top5_acc: 0.9962, loss_cls: 0.1725, loss: 0.1725
2026-08-06 23:05:11,203 - pyskl - INFO - Epoch [10][2800/12529]	lr: 4.763e-03, eta: 5:05:31, time: 0.214, data_time: 0.000, memory: 1700, top1_acc: 0.9431, top5_acc: 0.9962, loss_cls: 0.1856, loss: 0.1856
2026-08-06 23:05:32,616 - pyskl - INFO - Epoch [10][2900/12529]	lr: 4.754e-03, eta: 5:05:10, time: 0.214, data_time: 0.000, memory: 1700, top1_acc: 0.9556, top5_acc: 0.9969, loss_cls: 0.1547, loss: 0.1547
2026-08-06 23:05:53,956 - pyskl - INFO - Epoch [10][3000/12529]	lr: 4.744e-03, eta: 5:04:48, time: 0.213, data_time: 0.000, memory: 1700, top1_acc: 0.9450, top5_acc: 0.9944, loss_cls: 0.1981, loss: 0.1981
2026-08-06 23:06:15,429 - pyskl - INFO - Epoch [10][3100/12529]	lr: 4.735e-03, eta: 5:04:26, time: 0.215, data_time: 0.000, memory: 1700, top1_acc: 0.9663, top5_acc: 0.9962, loss_cls: 0.1342, loss: 0.1342
2026-08-06 23:06:36,855 - pyskl - INFO - Epoch [10][3200/12529]	lr: 4.725e-03, eta: 5:04:04, time: 0.214, data_time: 0.000, memory: 1700, top1_acc: 0.9469, top5_acc: 0.9931, loss_cls: 0.1974, loss: 0.1974
2026-08-06 23:06:58,266 - pyskl - INFO - Epoch [10][3300/12529]	lr: 4.716e-03, eta: 5:03:43, time: 0.214, data_time: 0.000, memory: 1700, top1_acc: 0.9419, top5_acc: 0.9969, loss_cls: 0.1933, loss: 0.1933
2026-08-06 23:07:19,691 - pyskl - INFO - Epoch [10][3400/12529]	lr: 4.706e-03, eta: 5:03:21, time: 0.214, data_time: 0.000, memory: 1700, top1_acc: 0.9419, top5_acc: 0.9925, loss_cls: 0.2069, loss: 0.2069
2026-08-06 23:07:41,167 - pyskl - INFO - Epoch [10][3500/12529]	lr: 4.697e-03, eta: 5:02:59, time: 0.215, data_time: 0.000, memory: 1700, top1_acc: 0.9500, top5_acc: 0.9962, loss_cls: 0.1861, loss: 0.1861
2026-08-06 23:08:02,610 - pyskl - INFO - Epoch [10][3600/12529]	lr: 4.687e-03, eta: 5:02:38, time: 0.214, data_time: 0.000, memory: 1700, top1_acc: 0.9419, top5_acc: 0.9975, loss_cls: 0.1924, loss: 0.1924
2026-08-06 23:08:24,152 - pyskl - INFO - Epoch [10][3700/12529]	lr: 4.678e-03, eta: 5:02:16, time: 0.215, data_time: 0.000, memory: 1700, top1_acc: 0.9394, top5_acc: 0.9962, loss_cls: 0.2039, loss: 0.2039
2026-08-06 23:08:45,500 - pyskl - INFO - Epoch [10][3800/12529]	lr: 4.668e-03, eta: 5:01:54, time: 0.213, data_time: 0.000, memory: 1700, top1_acc: 0.9369, top5_acc: 0.9950, loss_cls: 0.2249, loss: 0.2249
2026-08-06 23:09:06,962 - pyskl - INFO - Epoch [10][3900/12529]	lr: 4.659e-03, eta: 5:01:33, time: 0.215, data_time: 0.000, memory: 1700, top1_acc: 0.9500, top5_acc: 0.9969, loss_cls: 0.1787, loss: 0.1787
2026-08-06 23:09:28,344 - pyskl - INFO - Epoch [10][4000/12529]	lr: 4.649e-03, eta: 5:01:11, time: 0.214, data_time: 0.000, memory: 1700, top1_acc: 0.9487, top5_acc: 0.9956, loss_cls: 0.1837, loss: 0.1837
2026-08-06 23:09:49,748 - pyskl - INFO - Epoch [10][4100/12529]	lr: 4.640e-03, eta: 5:00:49, time: 0.214, data_time: 0.000, memory: 1700, top1_acc: 0.9444, top5_acc: 0.9962, loss_cls: 0.2071, loss: 0.2071
2026-08-06 23:10:11,118 - pyskl - INFO - Epoch [10][4200/12529]	lr: 4.630e-03, eta: 5:00:27, time: 0.214, data_time: 0.000, memory: 1700, top1_acc: 0.9631, top5_acc: 0.9981, loss_cls: 0.1415, loss: 0.1415
2026-08-06 23:10:32,535 - pyskl - INFO - Epoch [10][4300/12529]	lr: 4.621e-03, eta: 5:00:06, time: 0.214, data_time: 0.000, memory: 1700, top1_acc: 0.9469, top5_acc: 0.9962, loss_cls: 0.1871, loss: 0.1871
2026-08-06 23:10:54,092 - pyskl - INFO - Epoch [10][4400/12529]	lr: 4.611e-03, eta: 4:59:44, time: 0.216, data_time: 0.000, memory: 1700, top1_acc: 0.9475, top5_acc: 0.9981, loss_cls: 0.1876, loss: 0.1876
2026-08-06 23:11:15,666 - pyskl - INFO - Epoch [10][4500/12529]	lr: 4.602e-03, eta: 4:59:22, time: 0.216, data_time: 0.000, memory: 1700, top1_acc: 0.9500, top5_acc: 0.9981, loss_cls: 0.1925, loss: 0.1925
2026-08-06 23:11:37,256 - pyskl - INFO - Epoch [10][4600/12529]	lr: 4.592e-03, eta: 4:59:01, time: 0.216, data_time: 0.000, memory: 1700, top1_acc: 0.9419, top5_acc: 0.9962, loss_cls: 0.1905, loss: 0.1905
2026-08-06 23:11:58,557 - pyskl - INFO - Epoch [10][4700/12529]	lr: 4.583e-03, eta: 4:58:39, time: 0.213, data_time: 0.000, memory: 1700, top1_acc: 0.9431, top5_acc: 0.9950, loss_cls: 0.1982, loss: 0.1982
2026-08-06 23:12:19,980 - pyskl - INFO - Epoch [10][4800/12529]	lr: 4.574e-03, eta: 4:58:17, time: 0.214, data_time: 0.000, memory: 1700, top1_acc: 0.9519, top5_acc: 0.9956, loss_cls: 0.1782, loss: 0.1782
2026-08-06 23:12:41,270 - pyskl - INFO - Epoch [10][4900/12529]	lr: 4.564e-03, eta: 4:57:56, time: 0.213, data_time: 0.000, memory: 1700, top1_acc: 0.9387, top5_acc: 0.9962, loss_cls: 0.1952, loss: 0.1952
2026-08-06 23:13:02,633 - pyskl - INFO - Epoch [10][5000/12529]	lr: 4.555e-03, eta: 4:57:34, time: 0.214, data_time: 0.000, memory: 1700, top1_acc: 0.9519, top5_acc: 0.9975, loss_cls: 0.1730, loss: 0.1730
2026-08-06 23:13:24,047 - pyskl - INFO - Epoch [10][5100/12529]	lr: 4.545e-03, eta: 4:57:12, time: 0.214, data_time: 0.000, memory: 1700, top1_acc: 0.9563, top5_acc: 0.9969, loss_cls: 0.1680, loss: 0.1680
2026-08-06 23:13:45,604 - pyskl - INFO - Epoch [10][5200/12529]	lr: 4.536e-03, eta: 4:56:51, time: 0.216, data_time: 0.000, memory: 1700, top1_acc: 0.9463, top5_acc: 0.9956, loss_cls: 0.1817, loss: 0.1817
2026-08-06 23:14:06,961 - pyskl - INFO - Epoch [10][5300/12529]	lr: 4.526e-03, eta: 4:56:29, time: 0.214, data_time: 0.000, memory: 1700, top1_acc: 0.9575, top5_acc: 0.9962, loss_cls: 0.1673, loss: 0.1673
2026-08-06 23:14:28,424 - pyskl - INFO - Epoch [10][5400/12529]	lr: 4.517e-03, eta: 4:56:07, time: 0.215, data_time: 0.000, memory: 1700, top1_acc: 0.9537, top5_acc: 0.9994, loss_cls: 0.1557, loss: 0.1557
2026-08-06 23:14:49,761 - pyskl - INFO - Epoch [10][5500/12529]	lr: 4.508e-03, eta: 4:55:45, time: 0.213, data_time: 0.000, memory: 1700, top1_acc: 0.9456, top5_acc: 0.9962, loss_cls: 0.1905, loss: 0.1905
2026-08-06 23:15:11,189 - pyskl - INFO - Epoch [10][5600/12529]	lr: 4.498e-03, eta: 4:55:24, time: 0.214, data_time: 0.000, memory: 1700, top1_acc: 0.9437, top5_acc: 0.9975, loss_cls: 0.1899, loss: 0.1899
2026-08-06 23:15:32,738 - pyskl - INFO - Epoch [10][5700/12529]	lr: 4.489e-03, eta: 4:55:02, time: 0.215, data_time: 0.000, memory: 1700, top1_acc: 0.9531, top5_acc: 0.9994, loss_cls: 0.1615, loss: 0.1615
2026-08-06 23:15:54,374 - pyskl - INFO - Epoch [10][5800/12529]	lr: 4.479e-03, eta: 4:54:40, time: 0.216, data_time: 0.000, memory: 1700, top1_acc: 0.9531, top5_acc: 0.9988, loss_cls: 0.1683, loss: 0.1683
2026-08-06 23:16:16,237 - pyskl - INFO - Epoch [10][5900/12529]	lr: 4.470e-03, eta: 4:54:19, time: 0.219, data_time: 0.000, memory: 1700, top1_acc: 0.9544, top5_acc: 0.9969, loss_cls: 0.1642, loss: 0.1642
2026-08-06 23:16:37,622 - pyskl - INFO - Epoch [10][6000/12529]	lr: 4.461e-03, eta: 4:53:57, time: 0.214, data_time: 0.000, memory: 1700, top1_acc: 0.9450, top5_acc: 0.9956, loss_cls: 0.1841, loss: 0.1841
2026-08-06 23:16:59,005 - pyskl - INFO - Epoch [10][6100/12529]	lr: 4.451e-03, eta: 4:53:36, time: 0.214, data_time: 0.000, memory: 1700, top1_acc: 0.9444, top5_acc: 0.9956, loss_cls: 0.1995, loss: 0.1995
2026-08-06 23:17:20,446 - pyskl - INFO - Epoch [10][6200/12529]	lr: 4.442e-03, eta: 4:53:14, time: 0.214, data_time: 0.000, memory: 1700, top1_acc: 0.9487, top5_acc: 0.9956, loss_cls: 0.1821, loss: 0.1821
2026-08-06 23:17:41,956 - pyskl - INFO - Epoch [10][6300/12529]	lr: 4.432e-03, eta: 4:52:52, time: 0.215, data_time: 0.000, memory: 1700, top1_acc: 0.9431, top5_acc: 0.9938, loss_cls: 0.2094, loss: 0.2094
2026-08-06 23:18:03,311 - pyskl - INFO - Epoch [10][6400/12529]	lr: 4.423e-03, eta: 4:52:31, time: 0.214, data_time: 0.000, memory: 1700, top1_acc: 0.9550, top5_acc: 0.9969, loss_cls: 0.1770, loss: 0.1770
2026-08-06 23:18:24,731 - pyskl - INFO - Epoch [10][6500/12529]	lr: 4.414e-03, eta: 4:52:09, time: 0.214, data_time: 0.000, memory: 1700, top1_acc: 0.9606, top5_acc: 0.9981, loss_cls: 0.1529, loss: 0.1529
2026-08-06 23:18:46,220 - pyskl - INFO - Epoch [10][6600/12529]	lr: 4.404e-03, eta: 4:51:47, time: 0.215, data_time: 0.000, memory: 1700, top1_acc: 0.9469, top5_acc: 0.9975, loss_cls: 0.1926, loss: 0.1926
2026-08-06 23:19:07,584 - pyskl - INFO - Epoch [10][6700/12529]	lr: 4.395e-03, eta: 4:51:25, time: 0.214, data_time: 0.000, memory: 1700, top1_acc: 0.9475, top5_acc: 0.9950, loss_cls: 0.1846, loss: 0.1846
2026-08-06 23:19:28,967 - pyskl - INFO - Epoch [10][6800/12529]	lr: 4.386e-03, eta: 4:51:04, time: 0.214, data_time: 0.000, memory: 1700, top1_acc: 0.9556, top5_acc: 0.9962, loss_cls: 0.1671, loss: 0.1671
2026-08-06 23:19:50,479 - pyskl - INFO - Epoch [10][6900/12529]	lr: 4.376e-03, eta: 4:50:42, time: 0.215, data_time: 0.000, memory: 1700, top1_acc: 0.9606, top5_acc: 0.9962, loss_cls: 0.1530, loss: 0.1530
2026-08-06 23:20:11,930 - pyskl - INFO - Epoch [10][7000/12529]	lr: 4.367e-03, eta: 4:50:20, time: 0.215, data_time: 0.000, memory: 1700, top1_acc: 0.9563, top5_acc: 0.9969, loss_cls: 0.1639, loss: 0.1639
2026-08-06 23:20:33,363 - pyskl - INFO - Epoch [10][7100/12529]	lr: 4.358e-03, eta: 4:49:59, time: 0.214, data_time: 0.000, memory: 1700, top1_acc: 0.9537, top5_acc: 0.9956, loss_cls: 0.1629, loss: 0.1629
2026-08-06 23:20:54,819 - pyskl - INFO - Epoch [10][7200/12529]	lr: 4.348e-03, eta: 4:49:37, time: 0.215, data_time: 0.000, memory: 1700, top1_acc: 0.9475, top5_acc: 0.9944, loss_cls: 0.1910, loss: 0.1910
2026-08-06 23:21:16,268 - pyskl - INFO - Epoch [10][7300/12529]	lr: 4.339e-03, eta: 4:49:15, time: 0.214, data_time: 0.000, memory: 1700, top1_acc: 0.9494, top5_acc: 0.9931, loss_cls: 0.1827, loss: 0.1827
2026-08-06 23:21:37,641 - pyskl - INFO - Epoch [10][7400/12529]	lr: 4.330e-03, eta: 4:48:54, time: 0.214, data_time: 0.000, memory: 1700, top1_acc: 0.9500, top5_acc: 0.9956, loss_cls: 0.1702, loss: 0.1702
2026-08-06 23:21:59,135 - pyskl - INFO - Epoch [10][7500/12529]	lr: 4.320e-03, eta: 4:48:32, time: 0.215, data_time: 0.000, memory: 1700, top1_acc: 0.9675, top5_acc: 0.9988, loss_cls: 0.1362, loss: 0.1362
2026-08-06 23:22:20,610 - pyskl - INFO - Epoch [10][7600/12529]	lr: 4.311e-03, eta: 4:48:10, time: 0.215, data_time: 0.000, memory: 1700, top1_acc: 0.9550, top5_acc: 0.9981, loss_cls: 0.1693, loss: 0.1693
2026-08-06 23:22:41,956 - pyskl - INFO - Epoch [10][7700/12529]	lr: 4.302e-03, eta: 4:47:49, time: 0.213, data_time: 0.000, memory: 1700, top1_acc: 0.9550, top5_acc: 0.9988, loss_cls: 0.1571, loss: 0.1571
2026-08-06 23:23:03,402 - pyskl - INFO - Epoch [10][7800/12529]	lr: 4.292e-03, eta: 4:47:27, time: 0.214, data_time: 0.000, memory: 1700, top1_acc: 0.9531, top5_acc: 0.9962, loss_cls: 0.1720, loss: 0.1720
2026-08-06 23:23:24,784 - pyskl - INFO - Epoch [10][7900/12529]	lr: 4.283e-03, eta: 4:47:05, time: 0.214, data_time: 0.000, memory: 1700, top1_acc: 0.9606, top5_acc: 0.9988, loss_cls: 0.1398, loss: 0.1398
2026-08-06 23:23:46,214 - pyskl - INFO - Epoch [10][8000/12529]	lr: 4.274e-03, eta: 4:46:43, time: 0.214, data_time: 0.000, memory: 1700, top1_acc: 0.9525, top5_acc: 1.0000, loss_cls: 0.1602, loss: 0.1602
2026-08-06 23:24:07,723 - pyskl - INFO - Epoch [10][8100/12529]	lr: 4.265e-03, eta: 4:46:22, time: 0.215, data_time: 0.000, memory: 1700, top1_acc: 0.9587, top5_acc: 0.9994, loss_cls: 0.1422, loss: 0.1422
2026-08-06 23:24:29,087 - pyskl - INFO - Epoch [10][8200/12529]	lr: 4.255e-03, eta: 4:46:00, time: 0.214, data_time: 0.000, memory: 1700, top1_acc: 0.9550, top5_acc: 0.9988, loss_cls: 0.1633, loss: 0.1633
2026-08-06 23:24:50,452 - pyskl - INFO - Epoch [10][8300/12529]	lr: 4.246e-03, eta: 4:45:38, time: 0.214, data_time: 0.000, memory: 1700, top1_acc: 0.9456, top5_acc: 0.9962, loss_cls: 0.1765, loss: 0.1765
2026-08-06 23:25:11,919 - pyskl - INFO - Epoch [10][8400/12529]	lr: 4.237e-03, eta: 4:45:17, time: 0.215, data_time: 0.000, memory: 1700, top1_acc: 0.9531, top5_acc: 0.9994, loss_cls: 0.1722, loss: 0.1722
2026-08-06 23:25:33,310 - pyskl - INFO - Epoch [10][8500/12529]	lr: 4.227e-03, eta: 4:44:55, time: 0.214, data_time: 0.000, memory: 1700, top1_acc: 0.9594, top5_acc: 0.9981, loss_cls: 0.1646, loss: 0.1646
2026-08-06 23:25:54,767 - pyskl - INFO - Epoch [10][8600/12529]	lr: 4.218e-03, eta: 4:44:33, time: 0.214, data_time: 0.000, memory: 1700, top1_acc: 0.9600, top5_acc: 0.9988, loss_cls: 0.1554, loss: 0.1554
2026-08-06 23:26:16,203 - pyskl - INFO - Epoch [10][8700/12529]	lr: 4.209e-03, eta: 4:44:12, time: 0.214, data_time: 0.000, memory: 1700, top1_acc: 0.9506, top5_acc: 0.9950, loss_cls: 0.1817, loss: 0.1817
2026-08-06 23:26:37,640 - pyskl - INFO - Epoch [10][8800/12529]	lr: 4.200e-03, eta: 4:43:50, time: 0.214, data_time: 0.000, memory: 1700, top1_acc: 0.9563, top5_acc: 0.9975, loss_cls: 0.1642, loss: 0.1642
2026-08-06 23:26:59,023 - pyskl - INFO - Epoch [10][8900/12529]	lr: 4.190e-03, eta: 4:43:28, time: 0.214, data_time: 0.000, memory: 1700, top1_acc: 0.9631, top5_acc: 0.9969, loss_cls: 0.1552, loss: 0.1552
2026-08-06 23:27:20,397 - pyskl - INFO - Epoch [10][9000/12529]	lr: 4.181e-03, eta: 4:43:07, time: 0.214, data_time: 0.000, memory: 1700, top1_acc: 0.9619, top5_acc: 0.9988, loss_cls: 0.1440, loss: 0.1440
2026-08-06 23:27:41,766 - pyskl - INFO - Epoch [10][9100/12529]	lr: 4.172e-03, eta: 4:42:45, time: 0.214, data_time: 0.000, memory: 1700, top1_acc: 0.9537, top5_acc: 0.9981, loss_cls: 0.1583, loss: 0.1583
2026-08-06 23:28:03,219 - pyskl - INFO - Epoch [10][9200/12529]	lr: 4.163e-03, eta: 4:42:23, time: 0.215, data_time: 0.000, memory: 1700, top1_acc: 0.9450, top5_acc: 0.9969, loss_cls: 0.1948, loss: 0.1948
2026-08-06 23:28:24,459 - pyskl - INFO - Epoch [10][9300/12529]	lr: 4.153e-03, eta: 4:42:01, time: 0.212, data_time: 0.000, memory: 1700, top1_acc: 0.9613, top5_acc: 0.9981, loss_cls: 0.1605, loss: 0.1605
2026-08-06 23:28:45,785 - pyskl - INFO - Epoch [10][9400/12529]	lr: 4.144e-03, eta: 4:41:40, time: 0.213, data_time: 0.000, memory: 1700, top1_acc: 0.9600, top5_acc: 0.9988, loss_cls: 0.1582, loss: 0.1582
2026-08-06 23:29:07,248 - pyskl - INFO - Epoch [10][9500/12529]	lr: 4.135e-03, eta: 4:41:18, time: 0.215, data_time: 0.000, memory: 1700, top1_acc: 0.9475, top5_acc: 0.9962, loss_cls: 0.1746, loss: 0.1746
2026-08-06 23:29:28,677 - pyskl - INFO - Epoch [10][9600/12529]	lr: 4.126e-03, eta: 4:40:56, time: 0.214, data_time: 0.000, memory: 1700, top1_acc: 0.9387, top5_acc: 0.9981, loss_cls: 0.1961, loss: 0.1961
2026-08-06 23:29:50,084 - pyskl - INFO - Epoch [10][9700/12529]	lr: 4.117e-03, eta: 4:40:35, time: 0.214, data_time: 0.000, memory: 1700, top1_acc: 0.9531, top5_acc: 0.9994, loss_cls: 0.1589, loss: 0.1589
2026-08-06 23:30:11,656 - pyskl - INFO - Epoch [10][9800/12529]	lr: 4.107e-03, eta: 4:40:13, time: 0.216, data_time: 0.000, memory: 1700, top1_acc: 0.9531, top5_acc: 0.9969, loss_cls: 0.1682, loss: 0.1682
2026-08-06 23:30:33,080 - pyskl - INFO - Epoch [10][9900/12529]	lr: 4.098e-03, eta: 4:39:51, time: 0.214, data_time: 0.000, memory: 1700, top1_acc: 0.9644, top5_acc: 0.9975, loss_cls: 0.1447, loss: 0.1447
2026-08-06 23:30:54,480 - pyskl - INFO - Epoch [10][10000/12529]	lr: 4.089e-03, eta: 4:39:30, time: 0.214, data_time: 0.000, memory: 1700, top1_acc: 0.9437, top5_acc: 0.9962, loss_cls: 0.1974, loss: 0.1974
2026-08-06 23:31:15,914 - pyskl - INFO - Epoch [10][10100/12529]	lr: 4.080e-03, eta: 4:39:08, time: 0.214, data_time: 0.000, memory: 1700, top1_acc: 0.9575, top5_acc: 0.9988, loss_cls: 0.1595, loss: 0.1595
2026-08-06 23:31:37,305 - pyskl - INFO - Epoch [10][10200/12529]	lr: 4.071e-03, eta: 4:38:46, time: 0.214, data_time: 0.000, memory: 1700, top1_acc: 0.9556, top5_acc: 0.9988, loss_cls: 0.1594, loss: 0.1594
2026-08-06 23:31:58,710 - pyskl - INFO - Epoch [10][10300/12529]	lr: 4.061e-03, eta: 4:38:25, time: 0.214, data_time: 0.000, memory: 1700, top1_acc: 0.9619, top5_acc: 0.9969, loss_cls: 0.1375, loss: 0.1375
2026-08-06 23:32:20,184 - pyskl - INFO - Epoch [10][10400/12529]	lr: 4.052e-03, eta: 4:38:03, time: 0.215, data_time: 0.000, memory: 1700, top1_acc: 0.9513, top5_acc: 0.9994, loss_cls: 0.1643, loss: 0.1643
2026-08-06 23:32:41,600 - pyskl - INFO - Epoch [10][10500/12529]	lr: 4.043e-03, eta: 4:37:41, time: 0.214, data_time: 0.000, memory: 1700, top1_acc: 0.9594, top5_acc: 0.9969, loss_cls: 0.1434, loss: 0.1434
2026-08-06 23:33:03,114 - pyskl - INFO - Epoch [10][10600/12529]	lr: 4.034e-03, eta: 4:37:20, time: 0.215, data_time: 0.000, memory: 1700, top1_acc: 0.9587, top5_acc: 0.9975, loss_cls: 0.1505, loss: 0.1505
2026-08-06 23:33:24,544 - pyskl - INFO - Epoch [10][10700/12529]	lr: 4.025e-03, eta: 4:36:58, time: 0.214, data_time: 0.000, memory: 1700, top1_acc: 0.9625, top5_acc: 0.9969, loss_cls: 0.1452, loss: 0.1452
2026-08-06 23:33:45,912 - pyskl - INFO - Epoch [10][10800/12529]	lr: 4.016e-03, eta: 4:36:36, time: 0.214, data_time: 0.000, memory: 1700, top1_acc: 0.9569, top5_acc: 0.9981, loss_cls: 0.1535, loss: 0.1535
2026-08-06 23:34:07,292 - pyskl - INFO - Epoch [10][10900/12529]	lr: 4.006e-03, eta: 4:36:14, time: 0.214, data_time: 0.000, memory: 1700, top1_acc: 0.9656, top5_acc: 0.9981, loss_cls: 0.1276, loss: 0.1276
2026-08-06 23:34:28,681 - pyskl - INFO - Epoch [10][11000/12529]	lr: 3.997e-03, eta: 4:35:53, time: 0.214, data_time: 0.000, memory: 1700, top1_acc: 0.9587, top5_acc: 0.9981, loss_cls: 0.1579, loss: 0.1579
2026-08-06 23:34:50,055 - pyskl - INFO - Epoch [10][11100/12529]	lr: 3.988e-03, eta: 4:35:31, time: 0.214, data_time: 0.000, memory: 1700, top1_acc: 0.9644, top5_acc: 0.9988, loss_cls: 0.1364, loss: 0.1364
2026-08-06 23:35:11,411 - pyskl - INFO - Epoch [10][11200/12529]	lr: 3.979e-03, eta: 4:35:09, time: 0.214, data_time: 0.000, memory: 1700, top1_acc: 0.9563, top5_acc: 0.9975, loss_cls: 0.1518, loss: 0.1518
2026-08-06 23:35:32,696 - pyskl - INFO - Epoch [10][11300/12529]	lr: 3.970e-03, eta: 4:34:48, time: 0.213, data_time: 0.000, memory: 1700, top1_acc: 0.9487, top5_acc: 0.9969, loss_cls: 0.1714, loss: 0.1714
2026-08-06 23:35:54,135 - pyskl - INFO - Epoch [10][11400/12529]	lr: 3.961e-03, eta: 4:34:26, time: 0.214, data_time: 0.000, memory: 1700, top1_acc: 0.9550, top5_acc: 0.9981, loss_cls: 0.1565, loss: 0.1565
2026-08-06 23:36:15,662 - pyskl - INFO - Epoch [10][11500/12529]	lr: 3.952e-03, eta: 4:34:04, time: 0.215, data_time: 0.000, memory: 1700, top1_acc: 0.9587, top5_acc: 0.9988, loss_cls: 0.1557, loss: 0.1557
2026-08-06 23:36:37,127 - pyskl - INFO - Epoch [10][11600/12529]	lr: 3.943e-03, eta: 4:33:43, time: 0.215, data_time: 0.000, memory: 1700, top1_acc: 0.9463, top5_acc: 0.9981, loss_cls: 0.1681, loss: 0.1681
2026-08-06 23:36:58,528 - pyskl - INFO - Epoch [10][11700/12529]	lr: 3.934e-03, eta: 4:33:21, time: 0.214, data_time: 0.000, memory: 1700, top1_acc: 0.9581, top5_acc: 0.9969, loss_cls: 0.1652, loss: 0.1652
2026-08-06 23:37:19,873 - pyskl - INFO - Epoch [10][11800/12529]	lr: 3.924e-03, eta: 4:32:59, time: 0.213, data_time: 0.000, memory: 1700, top1_acc: 0.9656, top5_acc: 0.9981, loss_cls: 0.1433, loss: 0.1433
2026-08-06 23:37:41,278 - pyskl - INFO - Epoch [10][11900/12529]	lr: 3.915e-03, eta: 4:32:38, time: 0.214, data_time: 0.000, memory: 1700, top1_acc: 0.9531, top5_acc: 0.9975, loss_cls: 0.1548, loss: 0.1548
2026-08-06 23:38:02,681 - pyskl - INFO - Epoch [10][12000/12529]	lr: 3.906e-03, eta: 4:32:16, time: 0.214, data_time: 0.000, memory: 1700, top1_acc: 0.9650, top5_acc: 0.9975, loss_cls: 0.1339, loss: 0.1339
2026-08-06 23:38:24,236 - pyskl - INFO - Epoch [10][12100/12529]	lr: 3.897e-03, eta: 4:31:54, time: 0.216, data_time: 0.000, memory: 1700, top1_acc: 0.9600, top5_acc: 0.9975, loss_cls: 0.1534, loss: 0.1534
2026-08-06 23:38:45,639 - pyskl - INFO - Epoch [10][12200/12529]	lr: 3.888e-03, eta: 4:31:33, time: 0.214, data_time: 0.000, memory: 1700, top1_acc: 0.9663, top5_acc: 0.9969, loss_cls: 0.1344, loss: 0.1344
2026-08-06 23:39:07,251 - pyskl - INFO - Epoch [10][12300/12529]	lr: 3.879e-03, eta: 4:31:11, time: 0.216, data_time: 0.000, memory: 1700, top1_acc: 0.9581, top5_acc: 0.9969, loss_cls: 0.1508, loss: 0.1508
2026-08-06 23:39:28,665 - pyskl - INFO - Epoch [10][12400/12529]	lr: 3.870e-03, eta: 4:30:49, time: 0.214, data_time: 0.000, memory: 1700, top1_acc: 0.9656, top5_acc: 0.9988, loss_cls: 0.1411, loss: 0.1411
2026-08-06 23:39:50,100 - pyskl - INFO - Epoch [10][12500/12529]	lr: 3.861e-03, eta: 4:30:28, time: 0.214, data_time: 0.000, memory: 1700, top1_acc: 0.9637, top5_acc: 0.9975, loss_cls: 0.1561, loss: 0.1561
2026-08-06 23:39:56,730 - pyskl - INFO - Saving checkpoint at 10 epochs
2026-08-06 23:41:17,300 - pyskl - INFO - Evaluating top_k_accuracy ...
2026-08-06 23:41:17,376 - pyskl - INFO - 
top1_acc	0.8615
top5_acc	0.9735
2026-08-06 23:41:17,381 - pyskl - INFO - The previous best checkpoint D:\YXJProject\pythonProject\pyskl\work_dirs\stgcn\stgcn_pyskl_ntu60_xsub_3dkp\j_single_gpu\best_top1_acc_epoch_9.pth was removed
2026-08-06 23:41:17,518 - pyskl - INFO - Now best checkpoint is saved as best_top1_acc_epoch_10.pth.
2026-08-06 23:41:17,518 - pyskl - INFO - Best top1_acc is 0.8615 at 10 epoch.
2026-08-06 23:41:17,520 - pyskl - INFO - Epoch(val) [10][1031]	top1_acc: 0.8615, top5_acc: 0.9735
2026-08-06 23:41:51,909 - pyskl - INFO - Epoch [11][100/12529]	lr: 3.849e-03, eta: 4:30:04, time: 0.344, data_time: 0.129, memory: 1700, top1_acc: 0.9731, top5_acc: 0.9988, loss_cls: 0.1180, loss: 0.1180
2026-08-06 23:42:13,438 - pyskl - INFO - Epoch [11][200/12529]	lr: 3.840e-03, eta: 4:29:42, time: 0.215, data_time: 0.000, memory: 1700, top1_acc: 0.9756, top5_acc: 0.9988, loss_cls: 0.1165, loss: 0.1165
2026-08-06 23:42:34,985 - pyskl - INFO - Epoch [11][300/12529]	lr: 3.831e-03, eta: 4:29:21, time: 0.215, data_time: 0.000, memory: 1700, top1_acc: 0.9706, top5_acc: 0.9988, loss_cls: 0.1212, loss: 0.1212
2026-08-06 23:42:56,448 - pyskl - INFO - Epoch [11][400/12529]	lr: 3.822e-03, eta: 4:28:59, time: 0.215, data_time: 0.000, memory: 1700, top1_acc: 0.9663, top5_acc: 0.9981, loss_cls: 0.1308, loss: 0.1308
2026-08-06 23:43:17,845 - pyskl - INFO - Epoch [11][500/12529]	lr: 3.813e-03, eta: 4:28:37, time: 0.214, data_time: 0.000, memory: 1700, top1_acc: 0.9644, top5_acc: 0.9981, loss_cls: 0.1247, loss: 0.1247
2026-08-06 23:43:39,271 - pyskl - INFO - Epoch [11][600/12529]	lr: 3.804e-03, eta: 4:28:15, time: 0.214, data_time: 0.000, memory: 1700, top1_acc: 0.9619, top5_acc: 0.9988, loss_cls: 0.1390, loss: 0.1390
2026-08-06 23:44:00,811 - pyskl - INFO - Epoch [11][700/12529]	lr: 3.795e-03, eta: 4:27:54, time: 0.215, data_time: 0.000, memory: 1700, top1_acc: 0.9663, top5_acc: 1.0000, loss_cls: 0.1133, loss: 0.1133
2026-08-06 23:44:22,092 - pyskl - INFO - Epoch [11][800/12529]	lr: 3.786e-03, eta: 4:27:32, time: 0.213, data_time: 0.000, memory: 1700, top1_acc: 0.9650, top5_acc: 0.9988, loss_cls: 0.1263, loss: 0.1263
2026-08-06 23:44:43,490 - pyskl - INFO - Epoch [11][900/12529]	lr: 3.777e-03, eta: 4:27:10, time: 0.214, data_time: 0.000, memory: 1700, top1_acc: 0.9637, top5_acc: 0.9988, loss_cls: 0.1414, loss: 0.1414
2026-08-06 23:45:04,936 - pyskl - INFO - Epoch [11][1000/12529]	lr: 3.768e-03, eta: 4:26:49, time: 0.214, data_time: 0.000, memory: 1700, top1_acc: 0.9706, top5_acc: 1.0000, loss_cls: 0.1168, loss: 0.1168
2026-08-06 23:45:26,324 - pyskl - INFO - Epoch [11][1100/12529]	lr: 3.759e-03, eta: 4:26:27, time: 0.214, data_time: 0.000, memory: 1700, top1_acc: 0.9719, top5_acc: 0.9988, loss_cls: 0.1262, loss: 0.1262
2026-08-06 23:45:47,792 - pyskl - INFO - Epoch [11][1200/12529]	lr: 3.750e-03, eta: 4:26:05, time: 0.215, data_time: 0.000, memory: 1700, top1_acc: 0.9712, top5_acc: 0.9975, loss_cls: 0.1215, loss: 0.1215
2026-08-06 23:46:09,251 - pyskl - INFO - Epoch [11][1300/12529]	lr: 3.741e-03, eta: 4:25:44, time: 0.215, data_time: 0.000, memory: 1700, top1_acc: 0.9712, top5_acc: 0.9988, loss_cls: 0.1151, loss: 0.1151
2026-08-06 23:46:30,735 - pyskl - INFO - Epoch [11][1400/12529]	lr: 3.732e-03, eta: 4:25:22, time: 0.215, data_time: 0.000, memory: 1700, top1_acc: 0.9631, top5_acc: 0.9994, loss_cls: 0.1305, loss: 0.1305
2026-08-06 23:46:52,230 - pyskl - INFO - Epoch [11][1500/12529]	lr: 3.723e-03, eta: 4:25:00, time: 0.215, data_time: 0.000, memory: 1700, top1_acc: 0.9725, top5_acc: 0.9988, loss_cls: 0.1259, loss: 0.1259
2026-08-06 23:47:13,693 - pyskl - INFO - Epoch [11][1600/12529]	lr: 3.714e-03, eta: 4:24:39, time: 0.215, data_time: 0.000, memory: 1700, top1_acc: 0.9675, top5_acc: 0.9981, loss_cls: 0.1203, loss: 0.1203
2026-08-06 23:47:35,140 - pyskl - INFO - Epoch [11][1700/12529]	lr: 3.705e-03, eta: 4:24:17, time: 0.214, data_time: 0.000, memory: 1700, top1_acc: 0.9719, top5_acc: 0.9975, loss_cls: 0.1259, loss: 0.1259
2026-08-06 23:47:56,687 - pyskl - INFO - Epoch [11][1800/12529]	lr: 3.696e-03, eta: 4:23:56, time: 0.215, data_time: 0.000, memory: 1700, top1_acc: 0.9606, top5_acc: 0.9988, loss_cls: 0.1475, loss: 0.1475
2026-08-06 23:48:18,291 - pyskl - INFO - Epoch [11][1900/12529]	lr: 3.687e-03, eta: 4:23:34, time: 0.216, data_time: 0.000, memory: 1700, top1_acc: 0.9725, top5_acc: 0.9981, loss_cls: 0.1121, loss: 0.1121
2026-08-06 23:48:39,736 - pyskl - INFO - Epoch [11][2000/12529]	lr: 3.679e-03, eta: 4:23:12, time: 0.214, data_time: 0.000, memory: 1700, top1_acc: 0.9663, top5_acc: 0.9981, loss_cls: 0.1258, loss: 0.1258
2026-08-06 23:49:01,217 - pyskl - INFO - Epoch [11][2100/12529]	lr: 3.670e-03, eta: 4:22:51, time: 0.215, data_time: 0.000, memory: 1700, top1_acc: 0.9669, top5_acc: 0.9988, loss_cls: 0.1269, loss: 0.1269
2026-08-06 23:49:22,673 - pyskl - INFO - Epoch [11][2200/12529]	lr: 3.661e-03, eta: 4:22:29, time: 0.215, data_time: 0.000, memory: 1700, top1_acc: 0.9594, top5_acc: 0.9969, loss_cls: 0.1532, loss: 0.1532
2026-08-06 23:49:44,082 - pyskl - INFO - Epoch [11][2300/12529]	lr: 3.652e-03, eta: 4:22:07, time: 0.214, data_time: 0.000, memory: 1700, top1_acc: 0.9606, top5_acc: 1.0000, loss_cls: 0.1445, loss: 0.1445
2026-08-06 23:50:05,493 - pyskl - INFO - Epoch [11][2400/12529]	lr: 3.643e-03, eta: 4:21:46, time: 0.214, data_time: 0.000, memory: 1700, top1_acc: 0.9694, top5_acc: 0.9994, loss_cls: 0.1358, loss: 0.1358
2026-08-06 23:50:27,004 - pyskl - INFO - Epoch [11][2500/12529]	lr: 3.634e-03, eta: 4:21:24, time: 0.215, data_time: 0.000, memory: 1700, top1_acc: 0.9788, top5_acc: 0.9994, loss_cls: 0.1081, loss: 0.1081
2026-08-06 23:50:48,363 - pyskl - INFO - Epoch [11][2600/12529]	lr: 3.625e-03, eta: 4:21:02, time: 0.214, data_time: 0.000, memory: 1700, top1_acc: 0.9688, top5_acc: 0.9994, loss_cls: 0.1178, loss: 0.1178
2026-08-06 23:51:09,837 - pyskl - INFO - Epoch [11][2700/12529]	lr: 3.616e-03, eta: 4:20:41, time: 0.215, data_time: 0.000, memory: 1700, top1_acc: 0.9706, top5_acc: 0.9981, loss_cls: 0.1225, loss: 0.1225
2026-08-06 23:51:31,254 - pyskl - INFO - Epoch [11][2800/12529]	lr: 3.607e-03, eta: 4:20:19, time: 0.214, data_time: 0.000, memory: 1700, top1_acc: 0.9681, top5_acc: 0.9994, loss_cls: 0.1316, loss: 0.1316
2026-08-06 23:51:52,670 - pyskl - INFO - Epoch [11][2900/12529]	lr: 3.598e-03, eta: 4:19:57, time: 0.214, data_time: 0.000, memory: 1700, top1_acc: 0.9644, top5_acc: 0.9975, loss_cls: 0.1271, loss: 0.1271
2026-08-06 23:52:14,052 - pyskl - INFO - Epoch [11][3000/12529]	lr: 3.590e-03, eta: 4:19:36, time: 0.214, data_time: 0.000, memory: 1700, top1_acc: 0.9656, top5_acc: 0.9994, loss_cls: 0.1225, loss: 0.1225
2026-08-06 23:52:35,524 - pyskl - INFO - Epoch [11][3100/12529]	lr: 3.581e-03, eta: 4:19:14, time: 0.215, data_time: 0.000, memory: 1700, top1_acc: 0.9575, top5_acc: 0.9988, loss_cls: 0.1554, loss: 0.1554
2026-08-06 23:52:56,841 - pyskl - INFO - Epoch [11][3200/12529]	lr: 3.572e-03, eta: 4:18:52, time: 0.213, data_time: 0.000, memory: 1700, top1_acc: 0.9700, top5_acc: 0.9988, loss_cls: 0.1249, loss: 0.1249
2026-08-06 23:53:18,293 - pyskl - INFO - Epoch [11][3300/12529]	lr: 3.563e-03, eta: 4:18:31, time: 0.215, data_time: 0.000, memory: 1700, top1_acc: 0.9681, top5_acc: 0.9994, loss_cls: 0.1225, loss: 0.1225
2026-08-06 23:53:39,683 - pyskl - INFO - Epoch [11][3400/12529]	lr: 3.554e-03, eta: 4:18:09, time: 0.214, data_time: 0.000, memory: 1700, top1_acc: 0.9656, top5_acc: 0.9981, loss_cls: 0.1303, loss: 0.1303
2026-08-06 23:54:01,102 - pyskl - INFO - Epoch [11][3500/12529]	lr: 3.545e-03, eta: 4:17:47, time: 0.214, data_time: 0.000, memory: 1700, top1_acc: 0.9738, top5_acc: 0.9994, loss_cls: 0.1114, loss: 0.1114
2026-08-06 23:54:22,502 - pyskl - INFO - Epoch [11][3600/12529]	lr: 3.537e-03, eta: 4:17:26, time: 0.214, data_time: 0.000, memory: 1700, top1_acc: 0.9756, top5_acc: 0.9994, loss_cls: 0.1019, loss: 0.1019
2026-08-06 23:54:43,877 - pyskl - INFO - Epoch [11][3700/12529]	lr: 3.528e-03, eta: 4:17:04, time: 0.214, data_time: 0.000, memory: 1700, top1_acc: 0.9675, top5_acc: 0.9988, loss_cls: 0.1218, loss: 0.1218
2026-08-06 23:55:05,281 - pyskl - INFO - Epoch [11][3800/12529]	lr: 3.519e-03, eta: 4:16:42, time: 0.214, data_time: 0.000, memory: 1700, top1_acc: 0.9738, top5_acc: 0.9994, loss_cls: 0.1099, loss: 0.1099
2026-08-06 23:55:26,660 - pyskl - INFO - Epoch [11][3900/12529]	lr: 3.510e-03, eta: 4:16:21, time: 0.214, data_time: 0.000, memory: 1700, top1_acc: 0.9706, top5_acc: 1.0000, loss_cls: 0.1089, loss: 0.1089
2026-08-06 23:55:48,097 - pyskl - INFO - Epoch [11][4000/12529]	lr: 3.501e-03, eta: 4:15:59, time: 0.214, data_time: 0.000, memory: 1700, top1_acc: 0.9731, top5_acc: 0.9988, loss_cls: 0.1062, loss: 0.1062
2026-08-06 23:56:09,674 - pyskl - INFO - Epoch [11][4100/12529]	lr: 3.492e-03, eta: 4:15:37, time: 0.216, data_time: 0.000, memory: 1700, top1_acc: 0.9781, top5_acc: 0.9994, loss_cls: 0.1029, loss: 0.1029
2026-08-06 23:56:31,091 - pyskl - INFO - Epoch [11][4200/12529]	lr: 3.484e-03, eta: 4:15:16, time: 0.214, data_time: 0.000, memory: 1700, top1_acc: 0.9775, top5_acc: 0.9981, loss_cls: 0.1017, loss: 0.1017
2026-08-06 23:56:52,434 - pyskl - INFO - Epoch [11][4300/12529]	lr: 3.475e-03, eta: 4:14:54, time: 0.213, data_time: 0.000, memory: 1700, top1_acc: 0.9625, top5_acc: 0.9975, loss_cls: 0.1256, loss: 0.1256
2026-08-06 23:57:13,999 - pyskl - INFO - Epoch [11][4400/12529]	lr: 3.466e-03, eta: 4:14:32, time: 0.216, data_time: 0.000, memory: 1700, top1_acc: 0.9700, top5_acc: 0.9981, loss_cls: 0.1186, loss: 0.1186
2026-08-06 23:57:35,305 - pyskl - INFO - Epoch [11][4500/12529]	lr: 3.457e-03, eta: 4:14:11, time: 0.213, data_time: 0.000, memory: 1700, top1_acc: 0.9625, top5_acc: 0.9988, loss_cls: 0.1361, loss: 0.1361
2026-08-06 23:57:56,764 - pyskl - INFO - Epoch [11][4600/12529]	lr: 3.449e-03, eta: 4:13:49, time: 0.215, data_time: 0.000, memory: 1700, top1_acc: 0.9719, top5_acc: 0.9988, loss_cls: 0.1104, loss: 0.1104
2026-08-06 23:58:18,288 - pyskl - INFO - Epoch [11][4700/12529]	lr: 3.440e-03, eta: 4:13:27, time: 0.215, data_time: 0.000, memory: 1700, top1_acc: 0.9706, top5_acc: 0.9994, loss_cls: 0.1098, loss: 0.1098
2026-08-06 23:58:39,603 - pyskl - INFO - Epoch [11][4800/12529]	lr: 3.431e-03, eta: 4:13:06, time: 0.213, data_time: 0.000, memory: 1700, top1_acc: 0.9694, top5_acc: 0.9981, loss_cls: 0.1204, loss: 0.1204
2026-08-06 23:59:01,000 - pyskl - INFO - Epoch [11][4900/12529]	lr: 3.422e-03, eta: 4:12:44, time: 0.214, data_time: 0.000, memory: 1700, top1_acc: 0.9731, top5_acc: 0.9994, loss_cls: 0.0964, loss: 0.0964
2026-08-06 23:59:22,408 - pyskl - INFO - Epoch [11][5000/12529]	lr: 3.414e-03, eta: 4:12:22, time: 0.214, data_time: 0.000, memory: 1700, top1_acc: 0.9819, top5_acc: 0.9988, loss_cls: 0.0850, loss: 0.0850
2026-08-06 23:59:43,840 - pyskl - INFO - Epoch [11][5100/12529]	lr: 3.405e-03, eta: 4:12:01, time: 0.214, data_time: 0.000, memory: 1700, top1_acc: 0.9712, top5_acc: 0.9988, loss_cls: 0.1073, loss: 0.1073
2026-08-07 00:00:05,309 - pyskl - INFO - Epoch [11][5200/12529]	lr: 3.396e-03, eta: 4:11:39, time: 0.215, data_time: 0.000, memory: 1700, top1_acc: 0.9681, top5_acc: 0.9969, loss_cls: 0.1286, loss: 0.1286
2026-08-07 00:00:26,596 - pyskl - INFO - Epoch [11][5300/12529]	lr: 3.388e-03, eta: 4:11:17, time: 0.213, data_time: 0.000, memory: 1700, top1_acc: 0.9762, top5_acc: 1.0000, loss_cls: 0.0986, loss: 0.0986
2026-08-07 00:00:47,985 - pyskl - INFO - Epoch [11][5400/12529]	lr: 3.379e-03, eta: 4:10:56, time: 0.214, data_time: 0.000, memory: 1700, top1_acc: 0.9719, top5_acc: 0.9981, loss_cls: 0.1110, loss: 0.1110
2026-08-07 00:01:09,538 - pyskl - INFO - Epoch [11][5500/12529]	lr: 3.370e-03, eta: 4:10:34, time: 0.216, data_time: 0.000, memory: 1700, top1_acc: 0.9775, top5_acc: 0.9988, loss_cls: 0.0930, loss: 0.0930
2026-08-07 00:01:30,930 - pyskl - INFO - Epoch [11][5600/12529]	lr: 3.361e-03, eta: 4:10:12, time: 0.214, data_time: 0.000, memory: 1700, top1_acc: 0.9775, top5_acc: 0.9975, loss_cls: 0.1026, loss: 0.1026
2026-08-07 00:01:52,293 - pyskl - INFO - Epoch [11][5700/12529]	lr: 3.353e-03, eta: 4:09:51, time: 0.214, data_time: 0.000, memory: 1700, top1_acc: 0.9819, top5_acc: 0.9981, loss_cls: 0.0864, loss: 0.0864
2026-08-07 00:02:13,808 - pyskl - INFO - Epoch [11][5800/12529]	lr: 3.344e-03, eta: 4:09:29, time: 0.215, data_time: 0.000, memory: 1700, top1_acc: 0.9844, top5_acc: 0.9994, loss_cls: 0.0816, loss: 0.0816
2026-08-07 00:02:35,279 - pyskl - INFO - Epoch [11][5900/12529]	lr: 3.335e-03, eta: 4:09:07, time: 0.215, data_time: 0.000, memory: 1700, top1_acc: 0.9712, top5_acc: 0.9994, loss_cls: 0.0981, loss: 0.0981
2026-08-07 00:02:56,715 - pyskl - INFO - Epoch [11][6000/12529]	lr: 3.327e-03, eta: 4:08:46, time: 0.214, data_time: 0.000, memory: 1700, top1_acc: 0.9669, top5_acc: 1.0000, loss_cls: 0.1188, loss: 0.1188
2026-08-07 00:03:18,155 - pyskl - INFO - Epoch [11][6100/12529]	lr: 3.318e-03, eta: 4:08:24, time: 0.214, data_time: 0.000, memory: 1700, top1_acc: 0.9675, top5_acc: 0.9975, loss_cls: 0.1284, loss: 0.1284
2026-08-07 00:03:39,604 - pyskl - INFO - Epoch [11][6200/12529]	lr: 3.309e-03, eta: 4:08:02, time: 0.214, data_time: 0.000, memory: 1700, top1_acc: 0.9806, top5_acc: 0.9988, loss_cls: 0.0914, loss: 0.0914
2026-08-07 00:04:01,055 - pyskl - INFO - Epoch [11][6300/12529]	lr: 3.301e-03, eta: 4:07:41, time: 0.215, data_time: 0.000, memory: 1700, top1_acc: 0.9825, top5_acc: 0.9994, loss_cls: 0.0869, loss: 0.0869
2026-08-07 00:04:22,737 - pyskl - INFO - Epoch [11][6400/12529]	lr: 3.292e-03, eta: 4:07:19, time: 0.217, data_time: 0.000, memory: 1700, top1_acc: 0.9750, top5_acc: 0.9988, loss_cls: 0.1043, loss: 0.1043
2026-08-07 00:04:44,496 - pyskl - INFO - Epoch [11][6500/12529]	lr: 3.284e-03, eta: 4:06:58, time: 0.218, data_time: 0.000, memory: 1700, top1_acc: 0.9694, top5_acc: 0.9988, loss_cls: 0.1111, loss: 0.1111
2026-08-07 00:05:06,192 - pyskl - INFO - Epoch [11][6600/12529]	lr: 3.275e-03, eta: 4:06:36, time: 0.217, data_time: 0.000, memory: 1700, top1_acc: 0.9725, top5_acc: 0.9988, loss_cls: 0.1095, loss: 0.1095
2026-08-07 00:05:27,913 - pyskl - INFO - Epoch [11][6700/12529]	lr: 3.266e-03, eta: 4:06:15, time: 0.217, data_time: 0.000, memory: 1700, top1_acc: 0.9706, top5_acc: 0.9981, loss_cls: 0.1188, loss: 0.1188
2026-08-07 00:05:49,611 - pyskl - INFO - Epoch [11][6800/12529]	lr: 3.258e-03, eta: 4:05:53, time: 0.217, data_time: 0.000, memory: 1700, top1_acc: 0.9738, top5_acc: 0.9988, loss_cls: 0.0996, loss: 0.0996
2026-08-07 00:06:11,321 - pyskl - INFO - Epoch [11][6900/12529]	lr: 3.249e-03, eta: 4:05:32, time: 0.217, data_time: 0.000, memory: 1700, top1_acc: 0.9744, top5_acc: 0.9988, loss_cls: 0.0988, loss: 0.0988
2026-08-07 00:06:32,816 - pyskl - INFO - Epoch [11][7000/12529]	lr: 3.241e-03, eta: 4:05:10, time: 0.215, data_time: 0.000, memory: 1700, top1_acc: 0.9719, top5_acc: 0.9988, loss_cls: 0.1126, loss: 0.1126
2026-08-07 00:06:54,164 - pyskl - INFO - Epoch [11][7100/12529]	lr: 3.232e-03, eta: 4:04:48, time: 0.213, data_time: 0.000, memory: 1700, top1_acc: 0.9750, top5_acc: 0.9994, loss_cls: 0.0962, loss: 0.0962
2026-08-07 00:07:15,577 - pyskl - INFO - Epoch [11][7200/12529]	lr: 3.223e-03, eta: 4:04:27, time: 0.214, data_time: 0.000, memory: 1700, top1_acc: 0.9762, top5_acc: 0.9994, loss_cls: 0.1059, loss: 0.1059
2026-08-07 00:07:37,125 - pyskl - INFO - Epoch [11][7300/12529]	lr: 3.215e-03, eta: 4:04:05, time: 0.215, data_time: 0.000, memory: 1700, top1_acc: 0.9738, top5_acc: 0.9988, loss_cls: 0.0963, loss: 0.0963
2026-08-07 00:07:58,477 - pyskl - INFO - Epoch [11][7400/12529]	lr: 3.206e-03, eta: 4:03:43, time: 0.214, data_time: 0.000, memory: 1700, top1_acc: 0.9744, top5_acc: 1.0000, loss_cls: 0.0988, loss: 0.0988
2026-08-07 00:08:19,942 - pyskl - INFO - Epoch [11][7500/12529]	lr: 3.198e-03, eta: 4:03:22, time: 0.215, data_time: 0.000, memory: 1700, top1_acc: 0.9756, top5_acc: 0.9988, loss_cls: 0.1019, loss: 0.1019
2026-08-07 00:08:41,320 - pyskl - INFO - Epoch [11][7600/12529]	lr: 3.189e-03, eta: 4:03:00, time: 0.214, data_time: 0.000, memory: 1700, top1_acc: 0.9781, top5_acc: 0.9988, loss_cls: 0.1029, loss: 0.1029
2026-08-07 00:09:02,888 - pyskl - INFO - Epoch [11][7700/12529]	lr: 3.181e-03, eta: 4:02:39, time: 0.216, data_time: 0.000, memory: 1700, top1_acc: 0.9762, top5_acc: 0.9988, loss_cls: 0.1051, loss: 0.1051
2026-08-07 00:09:24,462 - pyskl - INFO - Epoch [11][7800/12529]	lr: 3.172e-03, eta: 4:02:17, time: 0.216, data_time: 0.000, memory: 1700, top1_acc: 0.9700, top5_acc: 0.9975, loss_cls: 0.1296, loss: 0.1296
2026-08-07 00:09:45,976 - pyskl - INFO - Epoch [11][7900/12529]	lr: 3.164e-03, eta: 4:01:55, time: 0.215, data_time: 0.000, memory: 1700, top1_acc: 0.9775, top5_acc: 0.9988, loss_cls: 0.0894, loss: 0.0894
2026-08-07 00:10:07,340 - pyskl - INFO - Epoch [11][8000/12529]	lr: 3.155e-03, eta: 4:01:34, time: 0.214, data_time: 0.000, memory: 1700, top1_acc: 0.9725, top5_acc: 0.9969, loss_cls: 0.1119, loss: 0.1119
2026-08-07 00:10:28,984 - pyskl - INFO - Epoch [11][8100/12529]	lr: 3.147e-03, eta: 4:01:12, time: 0.216, data_time: 0.000, memory: 1700, top1_acc: 0.9775, top5_acc: 0.9981, loss_cls: 0.1056, loss: 0.1056
2026-08-07 00:10:50,525 - pyskl - INFO - Epoch [11][8200/12529]	lr: 3.138e-03, eta: 4:00:51, time: 0.215, data_time: 0.000, memory: 1700, top1_acc: 0.9663, top5_acc: 0.9988, loss_cls: 0.1197, loss: 0.1197
2026-08-07 00:11:12,059 - pyskl - INFO - Epoch [11][8300/12529]	lr: 3.130e-03, eta: 4:00:29, time: 0.215, data_time: 0.000, memory: 1700, top1_acc: 0.9719, top5_acc: 0.9988, loss_cls: 0.1117, loss: 0.1117
2026-08-07 00:11:33,504 - pyskl - INFO - Epoch [11][8400/12529]	lr: 3.121e-03, eta: 4:00:07, time: 0.214, data_time: 0.000, memory: 1700, top1_acc: 0.9744, top5_acc: 0.9994, loss_cls: 0.1007, loss: 0.1007
2026-08-07 00:11:54,928 - pyskl - INFO - Epoch [11][8500/12529]	lr: 3.113e-03, eta: 3:59:46, time: 0.214, data_time: 0.000, memory: 1700, top1_acc: 0.9819, top5_acc: 0.9988, loss_cls: 0.0924, loss: 0.0924
2026-08-07 00:12:16,389 - pyskl - INFO - Epoch [11][8600/12529]	lr: 3.104e-03, eta: 3:59:24, time: 0.215, data_time: 0.000, memory: 1700, top1_acc: 0.9750, top5_acc: 0.9994, loss_cls: 0.1037, loss: 0.1037
2026-08-07 00:12:38,018 - pyskl - INFO - Epoch [11][8700/12529]	lr: 3.096e-03, eta: 3:59:02, time: 0.216, data_time: 0.000, memory: 1700, top1_acc: 0.9762, top5_acc: 0.9994, loss_cls: 0.1004, loss: 0.1004
2026-08-07 00:12:59,494 - pyskl - INFO - Epoch [11][8800/12529]	lr: 3.087e-03, eta: 3:58:41, time: 0.215, data_time: 0.000, memory: 1700, top1_acc: 0.9838, top5_acc: 1.0000, loss_cls: 0.0852, loss: 0.0852
2026-08-07 00:13:21,005 - pyskl - INFO - Epoch [11][8900/12529]	lr: 3.079e-03, eta: 3:58:19, time: 0.215, data_time: 0.000, memory: 1700, top1_acc: 0.9775, top5_acc: 0.9981, loss_cls: 0.0921, loss: 0.0921
2026-08-07 00:13:42,563 - pyskl - INFO - Epoch [11][9000/12529]	lr: 3.070e-03, eta: 3:57:58, time: 0.216, data_time: 0.000, memory: 1700, top1_acc: 0.9838, top5_acc: 0.9988, loss_cls: 0.0800, loss: 0.0800
2026-08-07 00:14:03,891 - pyskl - INFO - Epoch [11][9100/12529]	lr: 3.062e-03, eta: 3:57:36, time: 0.213, data_time: 0.000, memory: 1700, top1_acc: 0.9769, top5_acc: 0.9981, loss_cls: 0.1021, loss: 0.1021
2026-08-07 00:14:25,351 - pyskl - INFO - Epoch [11][9200/12529]	lr: 3.053e-03, eta: 3:57:14, time: 0.215, data_time: 0.000, memory: 1700, top1_acc: 0.9706, top5_acc: 1.0000, loss_cls: 0.1077, loss: 0.1077
2026-08-07 00:14:46,744 - pyskl - INFO - Epoch [11][9300/12529]	lr: 3.045e-03, eta: 3:56:53, time: 0.214, data_time: 0.000, memory: 1700, top1_acc: 0.9725, top5_acc: 0.9981, loss_cls: 0.1125, loss: 0.1125
2026-08-07 00:15:08,103 - pyskl - INFO - Epoch [11][9400/12529]	lr: 3.037e-03, eta: 3:56:31, time: 0.214, data_time: 0.000, memory: 1700, top1_acc: 0.9769, top5_acc: 0.9988, loss_cls: 0.1043, loss: 0.1043
2026-08-07 00:15:29,467 - pyskl - INFO - Epoch [11][9500/12529]	lr: 3.028e-03, eta: 3:56:09, time: 0.214, data_time: 0.000, memory: 1700, top1_acc: 0.9738, top5_acc: 0.9994, loss_cls: 0.0949, loss: 0.0949
2026-08-07 00:15:50,802 - pyskl - INFO - Epoch [11][9600/12529]	lr: 3.020e-03, eta: 3:55:48, time: 0.213, data_time: 0.000, memory: 1700, top1_acc: 0.9681, top5_acc: 1.0000, loss_cls: 0.1253, loss: 0.1253
2026-08-07 00:16:12,185 - pyskl - INFO - Epoch [11][9700/12529]	lr: 3.012e-03, eta: 3:55:26, time: 0.214, data_time: 0.000, memory: 1700, top1_acc: 0.9663, top5_acc: 0.9988, loss_cls: 0.1291, loss: 0.1291
2026-08-07 00:16:33,678 - pyskl - INFO - Epoch [11][9800/12529]	lr: 3.003e-03, eta: 3:55:04, time: 0.215, data_time: 0.000, memory: 1700, top1_acc: 0.9806, top5_acc: 0.9981, loss_cls: 0.0981, loss: 0.0981
2026-08-07 00:16:55,052 - pyskl - INFO - Epoch [11][9900/12529]	lr: 2.995e-03, eta: 3:54:43, time: 0.214, data_time: 0.000, memory: 1700, top1_acc: 0.9756, top5_acc: 0.9994, loss_cls: 0.1127, loss: 0.1127
2026-08-07 00:17:16,529 - pyskl - INFO - Epoch [11][10000/12529]	lr: 2.986e-03, eta: 3:54:21, time: 0.215, data_time: 0.000, memory: 1700, top1_acc: 0.9719, top5_acc: 0.9975, loss_cls: 0.1191, loss: 0.1191
2026-08-07 00:17:37,975 - pyskl - INFO - Epoch [11][10100/12529]	lr: 2.978e-03, eta: 3:53:59, time: 0.214, data_time: 0.000, memory: 1700, top1_acc: 0.9769, top5_acc: 0.9981, loss_cls: 0.0987, loss: 0.0987
2026-08-07 00:17:59,357 - pyskl - INFO - Epoch [11][10200/12529]	lr: 2.970e-03, eta: 3:53:38, time: 0.214, data_time: 0.000, memory: 1700, top1_acc: 0.9775, top5_acc: 0.9988, loss_cls: 0.1014, loss: 0.1014
2026-08-07 00:18:20,833 - pyskl - INFO - Epoch [11][10300/12529]	lr: 2.961e-03, eta: 3:53:16, time: 0.215, data_time: 0.000, memory: 1700, top1_acc: 0.9719, top5_acc: 1.0000, loss_cls: 0.1058, loss: 0.1058
2026-08-07 00:18:42,206 - pyskl - INFO - Epoch [11][10400/12529]	lr: 2.953e-03, eta: 3:52:54, time: 0.214, data_time: 0.000, memory: 1700, top1_acc: 0.9812, top5_acc: 0.9988, loss_cls: 0.0913, loss: 0.0913
2026-08-07 00:19:03,670 - pyskl - INFO - Epoch [11][10500/12529]	lr: 2.945e-03, eta: 3:52:33, time: 0.215, data_time: 0.000, memory: 1700, top1_acc: 0.9794, top5_acc: 0.9988, loss_cls: 0.0946, loss: 0.0946
2026-08-07 00:19:25,154 - pyskl - INFO - Epoch [11][10600/12529]	lr: 2.936e-03, eta: 3:52:11, time: 0.215, data_time: 0.000, memory: 1700, top1_acc: 0.9762, top5_acc: 0.9981, loss_cls: 0.1101, loss: 0.1101
2026-08-07 00:19:46,572 - pyskl - INFO - Epoch [11][10700/12529]	lr: 2.928e-03, eta: 3:51:49, time: 0.214, data_time: 0.000, memory: 1700, top1_acc: 0.9731, top5_acc: 0.9994, loss_cls: 0.1079, loss: 0.1079
2026-08-07 00:20:08,162 - pyskl - INFO - Epoch [11][10800/12529]	lr: 2.920e-03, eta: 3:51:28, time: 0.216, data_time: 0.000, memory: 1700, top1_acc: 0.9788, top5_acc: 1.0000, loss_cls: 0.0942, loss: 0.0942
2026-08-07 00:20:29,546 - pyskl - INFO - Epoch [11][10900/12529]	lr: 2.912e-03, eta: 3:51:06, time: 0.214, data_time: 0.000, memory: 1700, top1_acc: 0.9769, top5_acc: 1.0000, loss_cls: 0.0943, loss: 0.0943
2026-08-07 00:20:50,961 - pyskl - INFO - Epoch [11][11000/12529]	lr: 2.903e-03, eta: 3:50:45, time: 0.214, data_time: 0.000, memory: 1700, top1_acc: 0.9831, top5_acc: 0.9994, loss_cls: 0.0836, loss: 0.0836
2026-08-07 00:21:12,301 - pyskl - INFO - Epoch [11][11100/12529]	lr: 2.895e-03, eta: 3:50:23, time: 0.213, data_time: 0.000, memory: 1700, top1_acc: 0.9850, top5_acc: 1.0000, loss_cls: 0.0776, loss: 0.0776
2026-08-07 00:21:33,649 - pyskl - INFO - Epoch [11][11200/12529]	lr: 2.887e-03, eta: 3:50:01, time: 0.213, data_time: 0.000, memory: 1700, top1_acc: 0.9812, top5_acc: 1.0000, loss_cls: 0.0872, loss: 0.0872
2026-08-07 00:21:54,941 - pyskl - INFO - Epoch [11][11300/12529]	lr: 2.878e-03, eta: 3:49:40, time: 0.213, data_time: 0.000, memory: 1700, top1_acc: 0.9831, top5_acc: 1.0000, loss_cls: 0.0822, loss: 0.0822
2026-08-07 00:22:16,373 - pyskl - INFO - Epoch [11][11400/12529]	lr: 2.870e-03, eta: 3:49:18, time: 0.214, data_time: 0.000, memory: 1700, top1_acc: 0.9731, top5_acc: 0.9988, loss_cls: 0.1065, loss: 0.1065
2026-08-07 00:22:37,776 - pyskl - INFO - Epoch [11][11500/12529]	lr: 2.862e-03, eta: 3:48:56, time: 0.214, data_time: 0.000, memory: 1700, top1_acc: 0.9788, top5_acc: 1.0000, loss_cls: 0.0902, loss: 0.0902
2026-08-07 00:22:59,072 - pyskl - INFO - Epoch [11][11600/12529]	lr: 2.854e-03, eta: 3:48:35, time: 0.213, data_time: 0.000, memory: 1700, top1_acc: 0.9838, top5_acc: 0.9994, loss_cls: 0.0768, loss: 0.0768
2026-08-07 00:23:20,614 - pyskl - INFO - Epoch [11][11700/12529]	lr: 2.846e-03, eta: 3:48:13, time: 0.215, data_time: 0.000, memory: 1700, top1_acc: 0.9788, top5_acc: 0.9994, loss_cls: 0.0875, loss: 0.0875
2026-08-07 00:23:42,063 - pyskl - INFO - Epoch [11][11800/12529]	lr: 2.837e-03, eta: 3:47:51, time: 0.214, data_time: 0.000, memory: 1700, top1_acc: 0.9769, top5_acc: 0.9994, loss_cls: 0.0926, loss: 0.0926
2026-08-07 00:24:03,574 - pyskl - INFO - Epoch [11][11900/12529]	lr: 2.829e-03, eta: 3:47:30, time: 0.215, data_time: 0.000, memory: 1700, top1_acc: 0.9856, top5_acc: 1.0000, loss_cls: 0.0787, loss: 0.0787
2026-08-07 00:24:24,832 - pyskl - INFO - Epoch [11][12000/12529]	lr: 2.821e-03, eta: 3:47:08, time: 0.213, data_time: 0.000, memory: 1700, top1_acc: 0.9762, top5_acc: 0.9994, loss_cls: 0.0995, loss: 0.0995
2026-08-07 00:24:46,242 - pyskl - INFO - Epoch [11][12100/12529]	lr: 2.813e-03, eta: 3:46:46, time: 0.214, data_time: 0.000, memory: 1700, top1_acc: 0.9756, top5_acc: 0.9994, loss_cls: 0.1017, loss: 0.1017
2026-08-07 00:25:07,702 - pyskl - INFO - Epoch [11][12200/12529]	lr: 2.805e-03, eta: 3:46:25, time: 0.215, data_time: 0.000, memory: 1700, top1_acc: 0.9794, top5_acc: 1.0000, loss_cls: 0.0983, loss: 0.0983
2026-08-07 00:25:29,127 - pyskl - INFO - Epoch [11][12300/12529]	lr: 2.796e-03, eta: 3:46:03, time: 0.214, data_time: 0.000, memory: 1700, top1_acc: 0.9831, top5_acc: 0.9981, loss_cls: 0.0894, loss: 0.0894
2026-08-07 00:25:50,365 - pyskl - INFO - Epoch [11][12400/12529]	lr: 2.788e-03, eta: 3:45:41, time: 0.212, data_time: 0.000, memory: 1700, top1_acc: 0.9831, top5_acc: 0.9981, loss_cls: 0.0878, loss: 0.0878
2026-08-07 00:26:11,810 - pyskl - INFO - Epoch [11][12500/12529]	lr: 2.780e-03, eta: 3:45:20, time: 0.214, data_time: 0.000, memory: 1700, top1_acc: 0.9744, top5_acc: 1.0000, loss_cls: 0.1083, loss: 0.1083
2026-08-07 00:26:18,409 - pyskl - INFO - Saving checkpoint at 11 epochs
2026-08-07 00:27:39,343 - pyskl - INFO - Evaluating top_k_accuracy ...
2026-08-07 00:27:39,404 - pyskl - INFO - 
top1_acc	0.8459
top5_acc	0.9714
2026-08-07 00:27:39,407 - pyskl - INFO - Epoch(val) [11][1031]	top1_acc: 0.8459, top5_acc: 0.9714
2026-08-07 00:28:13,480 - pyskl - INFO - Epoch [12][100/12529]	lr: 2.770e-03, eta: 3:44:55, time: 0.341, data_time: 0.125, memory: 1700, top1_acc: 0.9850, top5_acc: 0.9994, loss_cls: 0.0793, loss: 0.0793
2026-08-07 00:28:35,027 - pyskl - INFO - Epoch [12][200/12529]	lr: 2.761e-03, eta: 3:44:33, time: 0.215, data_time: 0.000, memory: 1700, top1_acc: 0.9788, top5_acc: 0.9988, loss_cls: 0.0831, loss: 0.0831
2026-08-07 00:28:56,573 - pyskl - INFO - Epoch [12][300/12529]	lr: 2.753e-03, eta: 3:44:12, time: 0.215, data_time: 0.000, memory: 1700, top1_acc: 0.9838, top5_acc: 0.9994, loss_cls: 0.0849, loss: 0.0849
2026-08-07 00:29:18,219 - pyskl - INFO - Epoch [12][400/12529]	lr: 2.745e-03, eta: 3:43:50, time: 0.217, data_time: 0.000, memory: 1700, top1_acc: 0.9775, top5_acc: 1.0000, loss_cls: 0.0848, loss: 0.0848
2026-08-07 00:29:39,836 - pyskl - INFO - Epoch [12][500/12529]	lr: 2.737e-03, eta: 3:43:28, time: 0.216, data_time: 0.000, memory: 1700, top1_acc: 0.9862, top5_acc: 0.9981, loss_cls: 0.0717, loss: 0.0717
2026-08-07 00:30:01,444 - pyskl - INFO - Epoch [12][600/12529]	lr: 2.729e-03, eta: 3:43:07, time: 0.216, data_time: 0.000, memory: 1700, top1_acc: 0.9875, top5_acc: 1.0000, loss_cls: 0.0612, loss: 0.0612
2026-08-07 00:30:22,815 - pyskl - INFO - Epoch [12][700/12529]	lr: 2.721e-03, eta: 3:42:45, time: 0.214, data_time: 0.000, memory: 1700, top1_acc: 0.9838, top5_acc: 0.9994, loss_cls: 0.0734, loss: 0.0734
2026-08-07 00:30:44,267 - pyskl - INFO - Epoch [12][800/12529]	lr: 2.713e-03, eta: 3:42:24, time: 0.215, data_time: 0.000, memory: 1700, top1_acc: 0.9900, top5_acc: 1.0000, loss_cls: 0.0669, loss: 0.0669
2026-08-07 00:31:05,543 - pyskl - INFO - Epoch [12][900/12529]	lr: 2.705e-03, eta: 3:42:02, time: 0.213, data_time: 0.000, memory: 1700, top1_acc: 0.9869, top5_acc: 1.0000, loss_cls: 0.0689, loss: 0.0689
2026-08-07 00:31:26,893 - pyskl - INFO - Epoch [12][1000/12529]	lr: 2.697e-03, eta: 3:41:40, time: 0.213, data_time: 0.000, memory: 1700, top1_acc: 0.9825, top5_acc: 0.9994, loss_cls: 0.0720, loss: 0.0720
2026-08-07 00:31:48,170 - pyskl - INFO - Epoch [12][1100/12529]	lr: 2.689e-03, eta: 3:41:18, time: 0.213, data_time: 0.000, memory: 1700, top1_acc: 0.9856, top5_acc: 1.0000, loss_cls: 0.0662, loss: 0.0662
2026-08-07 00:32:09,666 - pyskl - INFO - Epoch [12][1200/12529]	lr: 2.681e-03, eta: 3:40:57, time: 0.215, data_time: 0.000, memory: 1700, top1_acc: 0.9838, top5_acc: 0.9994, loss_cls: 0.0699, loss: 0.0699
2026-08-07 00:32:31,110 - pyskl - INFO - Epoch [12][1300/12529]	lr: 2.673e-03, eta: 3:40:35, time: 0.214, data_time: 0.000, memory: 1700, top1_acc: 0.9794, top5_acc: 0.9994, loss_cls: 0.0826, loss: 0.0826
2026-08-07 00:32:52,398 - pyskl - INFO - Epoch [12][1400/12529]	lr: 2.665e-03, eta: 3:40:14, time: 0.213, data_time: 0.000, memory: 1700, top1_acc: 0.9819, top5_acc: 0.9994, loss_cls: 0.0820, loss: 0.0820
2026-08-07 00:33:13,890 - pyskl - INFO - Epoch [12][1500/12529]	lr: 2.657e-03, eta: 3:39:52, time: 0.215, data_time: 0.000, memory: 1700, top1_acc: 0.9806, top5_acc: 0.9994, loss_cls: 0.0837, loss: 0.0837
2026-08-07 00:33:35,227 - pyskl - INFO - Epoch [12][1600/12529]	lr: 2.649e-03, eta: 3:39:30, time: 0.213, data_time: 0.000, memory: 1700, top1_acc: 0.9869, top5_acc: 1.0000, loss_cls: 0.0669, loss: 0.0669
2026-08-07 00:33:56,684 - pyskl - INFO - Epoch [12][1700/12529]	lr: 2.641e-03, eta: 3:39:09, time: 0.215, data_time: 0.000, memory: 1700, top1_acc: 0.9831, top5_acc: 1.0000, loss_cls: 0.0718, loss: 0.0718
2026-08-07 00:34:18,103 - pyskl - INFO - Epoch [12][1800/12529]	lr: 2.633e-03, eta: 3:38:47, time: 0.214, data_time: 0.000, memory: 1700, top1_acc: 0.9844, top5_acc: 1.0000, loss_cls: 0.0734, loss: 0.0734
2026-08-07 00:34:39,459 - pyskl - INFO - Epoch [12][1900/12529]	lr: 2.625e-03, eta: 3:38:25, time: 0.214, data_time: 0.000, memory: 1700, top1_acc: 0.9869, top5_acc: 0.9994, loss_cls: 0.0654, loss: 0.0654
2026-08-07 00:35:00,944 - pyskl - INFO - Epoch [12][2000/12529]	lr: 2.617e-03, eta: 3:38:04, time: 0.215, data_time: 0.000, memory: 1700, top1_acc: 0.9875, top5_acc: 0.9994, loss_cls: 0.0676, loss: 0.0676
2026-08-07 00:35:22,431 - pyskl - INFO - Epoch [12][2100/12529]	lr: 2.609e-03, eta: 3:37:42, time: 0.215, data_time: 0.000, memory: 1700, top1_acc: 0.9806, top5_acc: 0.9988, loss_cls: 0.0790, loss: 0.0790
2026-08-07 00:35:43,796 - pyskl - INFO - Epoch [12][2200/12529]	lr: 2.601e-03, eta: 3:37:20, time: 0.214, data_time: 0.000, memory: 1700, top1_acc: 0.9856, top5_acc: 1.0000, loss_cls: 0.0742, loss: 0.0742
2026-08-07 00:36:05,108 - pyskl - INFO - Epoch [12][2300/12529]	lr: 2.593e-03, eta: 3:36:59, time: 0.213, data_time: 0.000, memory: 1700, top1_acc: 0.9825, top5_acc: 0.9994, loss_cls: 0.0734, loss: 0.0734
2026-08-07 00:36:26,362 - pyskl - INFO - Epoch [12][2400/12529]	lr: 2.585e-03, eta: 3:36:37, time: 0.213, data_time: 0.000, memory: 1700, top1_acc: 0.9862, top5_acc: 1.0000, loss_cls: 0.0699, loss: 0.0699
2026-08-07 00:36:47,774 - pyskl - INFO - Epoch [12][2500/12529]	lr: 2.577e-03, eta: 3:36:15, time: 0.214, data_time: 0.000, memory: 1700, top1_acc: 0.9794, top5_acc: 0.9994, loss_cls: 0.0849, loss: 0.0849
2026-08-07 00:37:09,203 - pyskl - INFO - Epoch [12][2600/12529]	lr: 2.569e-03, eta: 3:35:54, time: 0.214, data_time: 0.000, memory: 1700, top1_acc: 0.9875, top5_acc: 0.9988, loss_cls: 0.0702, loss: 0.0702
2026-08-07 00:37:30,604 - pyskl - INFO - Epoch [12][2700/12529]	lr: 2.561e-03, eta: 3:35:32, time: 0.214, data_time: 0.000, memory: 1700, top1_acc: 0.9888, top5_acc: 1.0000, loss_cls: 0.0625, loss: 0.0625
2026-08-07 00:37:52,152 - pyskl - INFO - Epoch [12][2800/12529]	lr: 2.553e-03, eta: 3:35:10, time: 0.215, data_time: 0.000, memory: 1700, top1_acc: 0.9831, top5_acc: 1.0000, loss_cls: 0.0792, loss: 0.0792
2026-08-07 00:38:13,725 - pyskl - INFO - Epoch [12][2900/12529]	lr: 2.545e-03, eta: 3:34:49, time: 0.216, data_time: 0.000, memory: 1700, top1_acc: 0.9856, top5_acc: 0.9981, loss_cls: 0.0812, loss: 0.0812
2026-08-07 00:38:35,102 - pyskl - INFO - Epoch [12][3000/12529]	lr: 2.537e-03, eta: 3:34:27, time: 0.214, data_time: 0.000, memory: 1700, top1_acc: 0.9844, top5_acc: 0.9994, loss_cls: 0.0732, loss: 0.0732
2026-08-07 00:38:56,556 - pyskl - INFO - Epoch [12][3100/12529]	lr: 2.529e-03, eta: 3:34:06, time: 0.215, data_time: 0.000, memory: 1700, top1_acc: 0.9862, top5_acc: 1.0000, loss_cls: 0.0692, loss: 0.0692
2026-08-07 00:39:17,935 - pyskl - INFO - Epoch [12][3200/12529]	lr: 2.522e-03, eta: 3:33:44, time: 0.214, data_time: 0.000, memory: 1700, top1_acc: 0.9806, top5_acc: 1.0000, loss_cls: 0.0727, loss: 0.0727
2026-08-07 00:39:39,232 - pyskl - INFO - Epoch [12][3300/12529]	lr: 2.514e-03, eta: 3:33:22, time: 0.213, data_time: 0.000, memory: 1700, top1_acc: 0.9831, top5_acc: 0.9994, loss_cls: 0.0695, loss: 0.0695
2026-08-07 00:40:00,578 - pyskl - INFO - Epoch [12][3400/12529]	lr: 2.506e-03, eta: 3:33:01, time: 0.213, data_time: 0.000, memory: 1700, top1_acc: 0.9850, top5_acc: 1.0000, loss_cls: 0.0722, loss: 0.0722
2026-08-07 00:40:21,955 - pyskl - INFO - Epoch [12][3500/12529]	lr: 2.498e-03, eta: 3:32:39, time: 0.214, data_time: 0.000, memory: 1700, top1_acc: 0.9850, top5_acc: 0.9994, loss_cls: 0.0640, loss: 0.0640
2026-08-07 00:40:43,376 - pyskl - INFO - Epoch [12][3600/12529]	lr: 2.490e-03, eta: 3:32:17, time: 0.214, data_time: 0.000, memory: 1700, top1_acc: 0.9825, top5_acc: 0.9994, loss_cls: 0.0774, loss: 0.0774
2026-08-07 00:41:04,780 - pyskl - INFO - Epoch [12][3700/12529]	lr: 2.482e-03, eta: 3:31:56, time: 0.214, data_time: 0.000, memory: 1700, top1_acc: 0.9806, top5_acc: 1.0000, loss_cls: 0.0834, loss: 0.0834
2026-08-07 00:41:26,337 - pyskl - INFO - Epoch [12][3800/12529]	lr: 2.475e-03, eta: 3:31:34, time: 0.216, data_time: 0.000, memory: 1700, top1_acc: 0.9894, top5_acc: 1.0000, loss_cls: 0.0612, loss: 0.0612
2026-08-07 00:41:47,751 - pyskl - INFO - Epoch [12][3900/12529]	lr: 2.467e-03, eta: 3:31:12, time: 0.214, data_time: 0.000, memory: 1700, top1_acc: 0.9875, top5_acc: 0.9994, loss_cls: 0.0592, loss: 0.0592
2026-08-07 00:42:09,206 - pyskl - INFO - Epoch [12][4000/12529]	lr: 2.459e-03, eta: 3:30:51, time: 0.215, data_time: 0.000, memory: 1700, top1_acc: 0.9869, top5_acc: 0.9994, loss_cls: 0.0600, loss: 0.0600
2026-08-07 00:42:30,627 - pyskl - INFO - Epoch [12][4100/12529]	lr: 2.451e-03, eta: 3:30:29, time: 0.214, data_time: 0.000, memory: 1700, top1_acc: 0.9862, top5_acc: 1.0000, loss_cls: 0.0745, loss: 0.0745
2026-08-07 00:42:52,042 - pyskl - INFO - Epoch [12][4200/12529]	lr: 2.443e-03, eta: 3:30:08, time: 0.214, data_time: 0.000, memory: 1700, top1_acc: 0.9862, top5_acc: 1.0000, loss_cls: 0.0697, loss: 0.0697
2026-08-07 00:43:13,483 - pyskl - INFO - Epoch [12][4300/12529]	lr: 2.436e-03, eta: 3:29:46, time: 0.214, data_time: 0.000, memory: 1700, top1_acc: 0.9894, top5_acc: 1.0000, loss_cls: 0.0573, loss: 0.0573
2026-08-07 00:43:34,845 - pyskl - INFO - Epoch [12][4400/12529]	lr: 2.428e-03, eta: 3:29:24, time: 0.214, data_time: 0.000, memory: 1700, top1_acc: 0.9900, top5_acc: 1.0000, loss_cls: 0.0585, loss: 0.0585
2026-08-07 00:43:56,334 - pyskl - INFO - Epoch [12][4500/12529]	lr: 2.420e-03, eta: 3:29:03, time: 0.215, data_time: 0.000, memory: 1700, top1_acc: 0.9894, top5_acc: 1.0000, loss_cls: 0.0558, loss: 0.0558
2026-08-07 00:44:17,779 - pyskl - INFO - Epoch [12][4600/12529]	lr: 2.412e-03, eta: 3:28:41, time: 0.214, data_time: 0.000, memory: 1700, top1_acc: 0.9881, top5_acc: 0.9994, loss_cls: 0.0628, loss: 0.0628
2026-08-07 00:44:39,167 - pyskl - INFO - Epoch [12][4700/12529]	lr: 2.405e-03, eta: 3:28:19, time: 0.214, data_time: 0.000, memory: 1700, top1_acc: 0.9931, top5_acc: 1.0000, loss_cls: 0.0443, loss: 0.0443
2026-08-07 00:45:00,599 - pyskl - INFO - Epoch [12][4800/12529]	lr: 2.397e-03, eta: 3:27:58, time: 0.214, data_time: 0.000, memory: 1700, top1_acc: 0.9894, top5_acc: 1.0000, loss_cls: 0.0561, loss: 0.0561
2026-08-07 00:45:22,266 - pyskl - INFO - Epoch [12][4900/12529]	lr: 2.389e-03, eta: 3:27:36, time: 0.217, data_time: 0.000, memory: 1700, top1_acc: 0.9769, top5_acc: 0.9994, loss_cls: 0.0734, loss: 0.0734
2026-08-07 00:45:43,670 - pyskl - INFO - Epoch [12][5000/12529]	lr: 2.382e-03, eta: 3:27:15, time: 0.214, data_time: 0.000, memory: 1700, top1_acc: 0.9888, top5_acc: 1.0000, loss_cls: 0.0694, loss: 0.0694
2026-08-07 00:46:04,995 - pyskl - INFO - Epoch [12][5100/12529]	lr: 2.374e-03, eta: 3:26:53, time: 0.213, data_time: 0.000, memory: 1700, top1_acc: 0.9862, top5_acc: 1.0000, loss_cls: 0.0619, loss: 0.0619
2026-08-07 00:46:26,477 - pyskl - INFO - Epoch [12][5200/12529]	lr: 2.366e-03, eta: 3:26:31, time: 0.215, data_time: 0.000, memory: 1700, top1_acc: 0.9838, top5_acc: 1.0000, loss_cls: 0.0709, loss: 0.0709
2026-08-07 00:46:47,811 - pyskl - INFO - Epoch [12][5300/12529]	lr: 2.359e-03, eta: 3:26:10, time: 0.213, data_time: 0.000, memory: 1700, top1_acc: 0.9838, top5_acc: 1.0000, loss_cls: 0.0735, loss: 0.0735
2026-08-07 00:47:09,146 - pyskl - INFO - Epoch [12][5400/12529]	lr: 2.351e-03, eta: 3:25:48, time: 0.213, data_time: 0.000, memory: 1700, top1_acc: 0.9856, top5_acc: 1.0000, loss_cls: 0.0663, loss: 0.0663
2026-08-07 00:47:30,615 - pyskl - INFO - Epoch [12][5500/12529]	lr: 2.343e-03, eta: 3:25:26, time: 0.215, data_time: 0.000, memory: 1700, top1_acc: 0.9875, top5_acc: 1.0000, loss_cls: 0.0610, loss: 0.0610
2026-08-07 00:47:51,927 - pyskl - INFO - Epoch [12][5600/12529]	lr: 2.336e-03, eta: 3:25:05, time: 0.213, data_time: 0.000, memory: 1700, top1_acc: 0.9962, top5_acc: 1.0000, loss_cls: 0.0414, loss: 0.0414
2026-08-07 00:48:13,258 - pyskl - INFO - Epoch [12][5700/12529]	lr: 2.328e-03, eta: 3:24:43, time: 0.213, data_time: 0.000, memory: 1700, top1_acc: 0.9888, top5_acc: 1.0000, loss_cls: 0.0542, loss: 0.0542
2026-08-07 00:48:34,574 - pyskl - INFO - Epoch [12][5800/12529]	lr: 2.320e-03, eta: 3:24:21, time: 0.213, data_time: 0.000, memory: 1700, top1_acc: 0.9906, top5_acc: 1.0000, loss_cls: 0.0549, loss: 0.0549
2026-08-07 00:48:55,865 - pyskl - INFO - Epoch [12][5900/12529]	lr: 2.313e-03, eta: 3:24:00, time: 0.213, data_time: 0.000, memory: 1700, top1_acc: 0.9894, top5_acc: 0.9994, loss_cls: 0.0618, loss: 0.0618
2026-08-07 00:49:17,317 - pyskl - INFO - Epoch [12][6000/12529]	lr: 2.305e-03, eta: 3:23:38, time: 0.215, data_time: 0.000, memory: 1700, top1_acc: 0.9881, top5_acc: 0.9994, loss_cls: 0.0677, loss: 0.0677
2026-08-07 00:49:38,762 - pyskl - INFO - Epoch [12][6100/12529]	lr: 2.298e-03, eta: 3:23:16, time: 0.214, data_time: 0.000, memory: 1700, top1_acc: 0.9912, top5_acc: 0.9994, loss_cls: 0.0580, loss: 0.0580
2026-08-07 00:50:00,139 - pyskl - INFO - Epoch [12][6200/12529]	lr: 2.290e-03, eta: 3:22:55, time: 0.214, data_time: 0.000, memory: 1700, top1_acc: 0.9919, top5_acc: 1.0000, loss_cls: 0.0542, loss: 0.0542
2026-08-07 00:50:21,496 - pyskl - INFO - Epoch [12][6300/12529]	lr: 2.282e-03, eta: 3:22:33, time: 0.214, data_time: 0.000, memory: 1700, top1_acc: 0.9912, top5_acc: 1.0000, loss_cls: 0.0551, loss: 0.0551
2026-08-07 00:50:42,807 - pyskl - INFO - Epoch [12][6400/12529]	lr: 2.275e-03, eta: 3:22:11, time: 0.213, data_time: 0.000, memory: 1700, top1_acc: 0.9931, top5_acc: 1.0000, loss_cls: 0.0510, loss: 0.0510
2026-08-07 00:51:04,104 - pyskl - INFO - Epoch [12][6500/12529]	lr: 2.267e-03, eta: 3:21:50, time: 0.213, data_time: 0.000, memory: 1700, top1_acc: 0.9888, top5_acc: 1.0000, loss_cls: 0.0520, loss: 0.0520
2026-08-07 00:51:25,483 - pyskl - INFO - Epoch [12][6600/12529]	lr: 2.260e-03, eta: 3:21:28, time: 0.214, data_time: 0.000, memory: 1700, top1_acc: 0.9925, top5_acc: 1.0000, loss_cls: 0.0467, loss: 0.0467
2026-08-07 00:51:46,818 - pyskl - INFO - Epoch [12][6700/12529]	lr: 2.252e-03, eta: 3:21:06, time: 0.213, data_time: 0.000, memory: 1700, top1_acc: 0.9975, top5_acc: 1.0000, loss_cls: 0.0363, loss: 0.0363
2026-08-07 00:52:08,241 - pyskl - INFO - Epoch [12][6800/12529]	lr: 2.245e-03, eta: 3:20:45, time: 0.214, data_time: 0.000, memory: 1700, top1_acc: 0.9925, top5_acc: 1.0000, loss_cls: 0.0532, loss: 0.0532
2026-08-07 00:52:29,694 - pyskl - INFO - Epoch [12][6900/12529]	lr: 2.237e-03, eta: 3:20:23, time: 0.215, data_time: 0.000, memory: 1700, top1_acc: 0.9919, top5_acc: 0.9994, loss_cls: 0.0433, loss: 0.0433
2026-08-07 00:52:51,045 - pyskl - INFO - Epoch [12][7000/12529]	lr: 2.230e-03, eta: 3:20:02, time: 0.214, data_time: 0.000, memory: 1700, top1_acc: 0.9856, top5_acc: 1.0000, loss_cls: 0.0592, loss: 0.0592
2026-08-07 00:53:12,318 - pyskl - INFO - Epoch [12][7100/12529]	lr: 2.222e-03, eta: 3:19:40, time: 0.213, data_time: 0.000, memory: 1700, top1_acc: 0.9850, top5_acc: 0.9988, loss_cls: 0.0624, loss: 0.0624
2026-08-07 00:53:33,757 - pyskl - INFO - Epoch [12][7200/12529]	lr: 2.215e-03, eta: 3:19:18, time: 0.214, data_time: 0.000, memory: 1700, top1_acc: 0.9894, top5_acc: 0.9988, loss_cls: 0.0597, loss: 0.0597
2026-08-07 00:53:55,115 - pyskl - INFO - Epoch [12][7300/12529]	lr: 2.207e-03, eta: 3:18:57, time: 0.214, data_time: 0.000, memory: 1700, top1_acc: 0.9875, top5_acc: 0.9994, loss_cls: 0.0551, loss: 0.0551
2026-08-07 00:54:16,500 - pyskl - INFO - Epoch [12][7400/12529]	lr: 2.200e-03, eta: 3:18:35, time: 0.214, data_time: 0.000, memory: 1700, top1_acc: 0.9912, top5_acc: 1.0000, loss_cls: 0.0547, loss: 0.0547
2026-08-07 00:54:37,833 - pyskl - INFO - Epoch [12][7500/12529]	lr: 2.192e-03, eta: 3:18:13, time: 0.213, data_time: 0.000, memory: 1700, top1_acc: 0.9931, top5_acc: 1.0000, loss_cls: 0.0533, loss: 0.0533
2026-08-07 00:54:59,216 - pyskl - INFO - Epoch [12][7600/12529]	lr: 2.185e-03, eta: 3:17:52, time: 0.214, data_time: 0.000, memory: 1700, top1_acc: 0.9900, top5_acc: 1.0000, loss_cls: 0.0580, loss: 0.0580
2026-08-07 00:55:20,602 - pyskl - INFO - Epoch [12][7700/12529]	lr: 2.177e-03, eta: 3:17:30, time: 0.214, data_time: 0.000, memory: 1700, top1_acc: 0.9925, top5_acc: 1.0000, loss_cls: 0.0520, loss: 0.0520
2026-08-07 00:55:41,995 - pyskl - INFO - Epoch [12][7800/12529]	lr: 2.170e-03, eta: 3:17:08, time: 0.214, data_time: 0.000, memory: 1700, top1_acc: 0.9919, top5_acc: 1.0000, loss_cls: 0.0535, loss: 0.0535
2026-08-07 00:56:03,433 - pyskl - INFO - Epoch [12][7900/12529]	lr: 2.163e-03, eta: 3:16:47, time: 0.214, data_time: 0.000, memory: 1700, top1_acc: 0.9956, top5_acc: 0.9994, loss_cls: 0.0429, loss: 0.0429
2026-08-07 00:56:24,864 - pyskl - INFO - Epoch [12][8000/12529]	lr: 2.155e-03, eta: 3:16:25, time: 0.214, data_time: 0.000, memory: 1700, top1_acc: 0.9869, top5_acc: 1.0000, loss_cls: 0.0673, loss: 0.0673
2026-08-07 00:56:46,192 - pyskl - INFO - Epoch [12][8100/12529]	lr: 2.148e-03, eta: 3:16:04, time: 0.213, data_time: 0.000, memory: 1700, top1_acc: 0.9900, top5_acc: 1.0000, loss_cls: 0.0600, loss: 0.0600
2026-08-07 00:57:07,786 - pyskl - INFO - Epoch [12][8200/12529]	lr: 2.140e-03, eta: 3:15:42, time: 0.216, data_time: 0.000, memory: 1700, top1_acc: 0.9862, top5_acc: 0.9994, loss_cls: 0.0606, loss: 0.0606
2026-08-07 00:57:29,231 - pyskl - INFO - Epoch [12][8300/12529]	lr: 2.133e-03, eta: 3:15:20, time: 0.214, data_time: 0.000, memory: 1700, top1_acc: 0.9938, top5_acc: 1.0000, loss_cls: 0.0464, loss: 0.0464
2026-08-07 00:57:50,537 - pyskl - INFO - Epoch [12][8400/12529]	lr: 2.126e-03, eta: 3:14:59, time: 0.213, data_time: 0.000, memory: 1700, top1_acc: 0.9919, top5_acc: 1.0000, loss_cls: 0.0504, loss: 0.0504
2026-08-07 00:58:12,028 - pyskl - INFO - Epoch [12][8500/12529]	lr: 2.118e-03, eta: 3:14:37, time: 0.215, data_time: 0.000, memory: 1700, top1_acc: 0.9888, top5_acc: 1.0000, loss_cls: 0.0537, loss: 0.0537
2026-08-07 00:58:33,439 - pyskl - INFO - Epoch [12][8600/12529]	lr: 2.111e-03, eta: 3:14:15, time: 0.214, data_time: 0.000, memory: 1700, top1_acc: 0.9912, top5_acc: 1.0000, loss_cls: 0.0469, loss: 0.0469
2026-08-07 00:58:54,900 - pyskl - INFO - Epoch [12][8700/12529]	lr: 2.104e-03, eta: 3:13:54, time: 0.215, data_time: 0.000, memory: 1700, top1_acc: 0.9919, top5_acc: 1.0000, loss_cls: 0.0451, loss: 0.0451
2026-08-07 00:59:16,295 - pyskl - INFO - Epoch [12][8800/12529]	lr: 2.096e-03, eta: 3:13:32, time: 0.214, data_time: 0.000, memory: 1700, top1_acc: 0.9925, top5_acc: 1.0000, loss_cls: 0.0471, loss: 0.0471
2026-08-07 00:59:37,617 - pyskl - INFO - Epoch [12][8900/12529]	lr: 2.089e-03, eta: 3:13:11, time: 0.213, data_time: 0.000, memory: 1700, top1_acc: 0.9881, top5_acc: 1.0000, loss_cls: 0.0552, loss: 0.0552
2026-08-07 00:59:58,974 - pyskl - INFO - Epoch [12][9000/12529]	lr: 2.082e-03, eta: 3:12:49, time: 0.214, data_time: 0.000, memory: 1700, top1_acc: 0.9894, top5_acc: 0.9988, loss_cls: 0.0634, loss: 0.0634
2026-08-07 01:00:20,437 - pyskl - INFO - Epoch [12][9100/12529]	lr: 2.074e-03, eta: 3:12:27, time: 0.215, data_time: 0.000, memory: 1700, top1_acc: 0.9931, top5_acc: 1.0000, loss_cls: 0.0497, loss: 0.0497
2026-08-07 01:00:41,801 - pyskl - INFO - Epoch [12][9200/12529]	lr: 2.067e-03, eta: 3:12:06, time: 0.214, data_time: 0.000, memory: 1700, top1_acc: 0.9894, top5_acc: 1.0000, loss_cls: 0.0531, loss: 0.0531
2026-08-07 01:01:03,308 - pyskl - INFO - Epoch [12][9300/12529]	lr: 2.060e-03, eta: 3:11:44, time: 0.215, data_time: 0.000, memory: 1700, top1_acc: 0.9919, top5_acc: 1.0000, loss_cls: 0.0445, loss: 0.0445
2026-08-07 01:01:24,831 - pyskl - INFO - Epoch [12][9400/12529]	lr: 2.053e-03, eta: 3:11:23, time: 0.215, data_time: 0.000, memory: 1700, top1_acc: 0.9931, top5_acc: 1.0000, loss_cls: 0.0436, loss: 0.0436
2026-08-07 01:01:46,297 - pyskl - INFO - Epoch [12][9500/12529]	lr: 2.045e-03, eta: 3:11:01, time: 0.215, data_time: 0.000, memory: 1700, top1_acc: 0.9944, top5_acc: 1.0000, loss_cls: 0.0424, loss: 0.0424
2026-08-07 01:02:07,800 - pyskl - INFO - Epoch [12][9600/12529]	lr: 2.038e-03, eta: 3:10:39, time: 0.215, data_time: 0.000, memory: 1700, top1_acc: 0.9875, top5_acc: 0.9994, loss_cls: 0.0588, loss: 0.0588
2026-08-07 01:02:29,137 - pyskl - INFO - Epoch [12][9700/12529]	lr: 2.031e-03, eta: 3:10:18, time: 0.213, data_time: 0.000, memory: 1700, top1_acc: 0.9938, top5_acc: 0.9994, loss_cls: 0.0478, loss: 0.0478
2026-08-07 01:02:50,441 - pyskl - INFO - Epoch [12][9800/12529]	lr: 2.024e-03, eta: 3:09:56, time: 0.213, data_time: 0.000, memory: 1700, top1_acc: 0.9975, top5_acc: 1.0000, loss_cls: 0.0360, loss: 0.0360
2026-08-07 01:03:11,871 - pyskl - INFO - Epoch [12][9900/12529]	lr: 2.016e-03, eta: 3:09:34, time: 0.214, data_time: 0.000, memory: 1700, top1_acc: 0.9969, top5_acc: 1.0000, loss_cls: 0.0332, loss: 0.0332
2026-08-07 01:03:33,313 - pyskl - INFO - Epoch [12][10000/12529]	lr: 2.009e-03, eta: 3:09:13, time: 0.214, data_time: 0.000, memory: 1700, top1_acc: 0.9906, top5_acc: 1.0000, loss_cls: 0.0462, loss: 0.0462
2026-08-07 01:03:54,780 - pyskl - INFO - Epoch [12][10100/12529]	lr: 2.002e-03, eta: 3:08:51, time: 0.215, data_time: 0.000, memory: 1700, top1_acc: 0.9938, top5_acc: 1.0000, loss_cls: 0.0464, loss: 0.0464
2026-08-07 01:04:16,211 - pyskl - INFO - Epoch [12][10200/12529]	lr: 1.995e-03, eta: 3:08:30, time: 0.214, data_time: 0.000, memory: 1700, top1_acc: 0.9962, top5_acc: 1.0000, loss_cls: 0.0327, loss: 0.0327
2026-08-07 01:04:37,675 - pyskl - INFO - Epoch [12][10300/12529]	lr: 1.988e-03, eta: 3:08:08, time: 0.215, data_time: 0.000, memory: 1700, top1_acc: 0.9956, top5_acc: 1.0000, loss_cls: 0.0300, loss: 0.0300
2026-08-07 01:04:59,075 - pyskl - INFO - Epoch [12][10400/12529]	lr: 1.981e-03, eta: 3:07:46, time: 0.214, data_time: 0.000, memory: 1700, top1_acc: 0.9944, top5_acc: 1.0000, loss_cls: 0.0401, loss: 0.0401
2026-08-07 01:05:20,580 - pyskl - INFO - Epoch [12][10500/12529]	lr: 1.973e-03, eta: 3:07:25, time: 0.215, data_time: 0.000, memory: 1700, top1_acc: 0.9919, top5_acc: 0.9994, loss_cls: 0.0477, loss: 0.0477
2026-08-07 01:05:42,117 - pyskl - INFO - Epoch [12][10600/12529]	lr: 1.966e-03, eta: 3:07:03, time: 0.215, data_time: 0.000, memory: 1700, top1_acc: 0.9931, top5_acc: 0.9994, loss_cls: 0.0476, loss: 0.0476
2026-08-07 01:06:03,565 - pyskl - INFO - Epoch [12][10700/12529]	lr: 1.959e-03, eta: 3:06:42, time: 0.214, data_time: 0.000, memory: 1700, top1_acc: 0.9881, top5_acc: 1.0000, loss_cls: 0.0458, loss: 0.0458
2026-08-07 01:06:24,967 - pyskl - INFO - Epoch [12][10800/12529]	lr: 1.952e-03, eta: 3:06:20, time: 0.214, data_time: 0.000, memory: 1700, top1_acc: 0.9944, top5_acc: 1.0000, loss_cls: 0.0418, loss: 0.0418
2026-08-07 01:06:46,321 - pyskl - INFO - Epoch [12][10900/12529]	lr: 1.945e-03, eta: 3:05:58, time: 0.214, data_time: 0.000, memory: 1700, top1_acc: 0.9900, top5_acc: 1.0000, loss_cls: 0.0495, loss: 0.0495
2026-08-07 01:07:07,778 - pyskl - INFO - Epoch [12][11000/12529]	lr: 1.938e-03, eta: 3:05:37, time: 0.215, data_time: 0.000, memory: 1700, top1_acc: 0.9950, top5_acc: 1.0000, loss_cls: 0.0417, loss: 0.0417
2026-08-07 01:07:29,418 - pyskl - INFO - Epoch [12][11100/12529]	lr: 1.931e-03, eta: 3:05:15, time: 0.216, data_time: 0.000, memory: 1700, top1_acc: 0.9919, top5_acc: 1.0000, loss_cls: 0.0441, loss: 0.0441
2026-08-07 01:07:50,997 - pyskl - INFO - Epoch [12][11200/12529]	lr: 1.924e-03, eta: 3:04:54, time: 0.216, data_time: 0.000, memory: 1700, top1_acc: 0.9906, top5_acc: 0.9994, loss_cls: 0.0545, loss: 0.0545
2026-08-07 01:08:12,739 - pyskl - INFO - Epoch [12][11300/12529]	lr: 1.917e-03, eta: 3:04:32, time: 0.217, data_time: 0.000, memory: 1700, top1_acc: 0.9938, top5_acc: 1.0000, loss_cls: 0.0494, loss: 0.0494
2026-08-07 01:08:34,190 - pyskl - INFO - Epoch [12][11400/12529]	lr: 1.910e-03, eta: 3:04:11, time: 0.214, data_time: 0.000, memory: 1700, top1_acc: 0.9962, top5_acc: 1.0000, loss_cls: 0.0389, loss: 0.0389
2026-08-07 01:08:55,560 - pyskl - INFO - Epoch [12][11500/12529]	lr: 1.902e-03, eta: 3:03:49, time: 0.214, data_time: 0.000, memory: 1700, top1_acc: 0.9962, top5_acc: 1.0000, loss_cls: 0.0341, loss: 0.0341
2026-08-07 01:09:16,931 - pyskl - INFO - Epoch [12][11600/12529]	lr: 1.895e-03, eta: 3:03:27, time: 0.214, data_time: 0.000, memory: 1700, top1_acc: 0.9956, top5_acc: 1.0000, loss_cls: 0.0361, loss: 0.0361
2026-08-07 01:09:38,545 - pyskl - INFO - Epoch [12][11700/12529]	lr: 1.888e-03, eta: 3:03:06, time: 0.216, data_time: 0.000, memory: 1700, top1_acc: 0.9938, top5_acc: 1.0000, loss_cls: 0.0408, loss: 0.0408
2026-08-07 01:09:59,981 - pyskl - INFO - Epoch [12][11800/12529]	lr: 1.881e-03, eta: 3:02:44, time: 0.214, data_time: 0.000, memory: 1700, top1_acc: 0.9925, top5_acc: 1.0000, loss_cls: 0.0421, loss: 0.0421
2026-08-07 01:10:21,504 - pyskl - INFO - Epoch [12][11900/12529]	lr: 1.874e-03, eta: 3:02:23, time: 0.215, data_time: 0.000, memory: 1700, top1_acc: 0.9931, top5_acc: 0.9994, loss_cls: 0.0487, loss: 0.0487
2026-08-07 01:10:42,839 - pyskl - INFO - Epoch [12][12000/12529]	lr: 1.867e-03, eta: 3:02:01, time: 0.213, data_time: 0.000, memory: 1700, top1_acc: 0.9931, top5_acc: 1.0000, loss_cls: 0.0419, loss: 0.0419
2026-08-07 01:11:04,176 - pyskl - INFO - Epoch [12][12100/12529]	lr: 1.860e-03, eta: 3:01:39, time: 0.213, data_time: 0.000, memory: 1700, top1_acc: 0.9931, top5_acc: 0.9994, loss_cls: 0.0406, loss: 0.0406
2026-08-07 01:11:25,673 - pyskl - INFO - Epoch [12][12200/12529]	lr: 1.853e-03, eta: 3:01:18, time: 0.215, data_time: 0.000, memory: 1700, top1_acc: 0.9956, top5_acc: 0.9994, loss_cls: 0.0428, loss: 0.0428
2026-08-07 01:11:47,086 - pyskl - INFO - Epoch [12][12300/12529]	lr: 1.847e-03, eta: 3:00:56, time: 0.214, data_time: 0.000, memory: 1700, top1_acc: 0.9938, top5_acc: 1.0000, loss_cls: 0.0381, loss: 0.0381
2026-08-07 01:12:08,578 - pyskl - INFO - Epoch [12][12400/12529]	lr: 1.840e-03, eta: 3:00:34, time: 0.215, data_time: 0.000, memory: 1700, top1_acc: 0.9950, top5_acc: 0.9988, loss_cls: 0.0438, loss: 0.0438
2026-08-07 01:12:29,976 - pyskl - INFO - Epoch [12][12500/12529]	lr: 1.833e-03, eta: 3:00:13, time: 0.214, data_time: 0.000, memory: 1700, top1_acc: 0.9925, top5_acc: 1.0000, loss_cls: 0.0463, loss: 0.0463
2026-08-07 01:12:36,595 - pyskl - INFO - Saving checkpoint at 12 epochs
2026-08-07 01:13:55,535 - pyskl - INFO - Evaluating top_k_accuracy ...
2026-08-07 01:13:55,597 - pyskl - INFO - 
top1_acc	0.8710
top5_acc	0.9745
2026-08-07 01:13:55,601 - pyskl - INFO - The previous best checkpoint D:\YXJProject\pythonProject\pyskl\work_dirs\stgcn\stgcn_pyskl_ntu60_xsub_3dkp\j_single_gpu\best_top1_acc_epoch_10.pth was removed
2026-08-07 01:13:55,740 - pyskl - INFO - Now best checkpoint is saved as best_top1_acc_epoch_12.pth.
2026-08-07 01:13:55,741 - pyskl - INFO - Best top1_acc is 0.8710 at 12 epoch.
2026-08-07 01:13:55,743 - pyskl - INFO - Epoch(val) [12][1031]	top1_acc: 0.8710, top5_acc: 0.9745
2026-08-07 01:14:29,899 - pyskl - INFO - Epoch [13][100/12529]	lr: 1.824e-03, eta: 2:59:47, time: 0.341, data_time: 0.127, memory: 1700, top1_acc: 0.9969, top5_acc: 1.0000, loss_cls: 0.0303, loss: 0.0303
2026-08-07 01:14:51,358 - pyskl - INFO - Epoch [13][200/12529]	lr: 1.817e-03, eta: 2:59:25, time: 0.215, data_time: 0.000, memory: 1700, top1_acc: 0.9975, top5_acc: 1.0000, loss_cls: 0.0309, loss: 0.0309
2026-08-07 01:15:12,725 - pyskl - INFO - Epoch [13][300/12529]	lr: 1.810e-03, eta: 2:59:04, time: 0.214, data_time: 0.000, memory: 1700, top1_acc: 0.9956, top5_acc: 1.0000, loss_cls: 0.0366, loss: 0.0366
2026-08-07 01:15:34,172 - pyskl - INFO - Epoch [13][400/12529]	lr: 1.803e-03, eta: 2:58:42, time: 0.214, data_time: 0.000, memory: 1700, top1_acc: 0.9938, top5_acc: 1.0000, loss_cls: 0.0315, loss: 0.0315
2026-08-07 01:15:55,585 - pyskl - INFO - Epoch [13][500/12529]	lr: 1.796e-03, eta: 2:58:21, time: 0.214, data_time: 0.000, memory: 1700, top1_acc: 0.9981, top5_acc: 1.0000, loss_cls: 0.0256, loss: 0.0256
2026-08-07 01:16:17,151 - pyskl - INFO - Epoch [13][600/12529]	lr: 1.789e-03, eta: 2:57:59, time: 0.216, data_time: 0.000, memory: 1700, top1_acc: 0.9962, top5_acc: 1.0000, loss_cls: 0.0277, loss: 0.0277
2026-08-07 01:16:38,599 - pyskl - INFO - Epoch [13][700/12529]	lr: 1.782e-03, eta: 2:57:37, time: 0.214, data_time: 0.000, memory: 1700, top1_acc: 0.9950, top5_acc: 1.0000, loss_cls: 0.0346, loss: 0.0346
2026-08-07 01:16:59,886 - pyskl - INFO - Epoch [13][800/12529]	lr: 1.776e-03, eta: 2:57:16, time: 0.213, data_time: 0.000, memory: 1700, top1_acc: 0.9981, top5_acc: 1.0000, loss_cls: 0.0276, loss: 0.0276
2026-08-07 01:17:21,351 - pyskl - INFO - Epoch [13][900/12529]	lr: 1.769e-03, eta: 2:56:54, time: 0.215, data_time: 0.000, memory: 1700, top1_acc: 0.9956, top5_acc: 1.0000, loss_cls: 0.0335, loss: 0.0335
2026-08-07 01:17:42,852 - pyskl - INFO - Epoch [13][1000/12529]	lr: 1.762e-03, eta: 2:56:33, time: 0.215, data_time: 0.000, memory: 1700, top1_acc: 0.9975, top5_acc: 1.0000, loss_cls: 0.0305, loss: 0.0305
2026-08-07 01:18:04,225 - pyskl - INFO - Epoch [13][1100/12529]	lr: 1.755e-03, eta: 2:56:11, time: 0.214, data_time: 0.000, memory: 1700, top1_acc: 0.9944, top5_acc: 1.0000, loss_cls: 0.0356, loss: 0.0356
2026-08-07 01:18:25,614 - pyskl - INFO - Epoch [13][1200/12529]	lr: 1.748e-03, eta: 2:55:49, time: 0.214, data_time: 0.000, memory: 1700, top1_acc: 0.9981, top5_acc: 1.0000, loss_cls: 0.0271, loss: 0.0271
2026-08-07 01:18:47,109 - pyskl - INFO - Epoch [13][1300/12529]	lr: 1.742e-03, eta: 2:55:28, time: 0.215, data_time: 0.000, memory: 1700, top1_acc: 0.9956, top5_acc: 1.0000, loss_cls: 0.0339, loss: 0.0339
2026-08-07 01:19:08,595 - pyskl - INFO - Epoch [13][1400/12529]	lr: 1.735e-03, eta: 2:55:06, time: 0.215, data_time: 0.000, memory: 1700, top1_acc: 0.9969, top5_acc: 1.0000, loss_cls: 0.0303, loss: 0.0303
2026-08-07 01:19:29,941 - pyskl - INFO - Epoch [13][1500/12529]	lr: 1.728e-03, eta: 2:54:45, time: 0.213, data_time: 0.000, memory: 1700, top1_acc: 0.9969, top5_acc: 1.0000, loss_cls: 0.0291, loss: 0.0291
2026-08-07 01:19:51,341 - pyskl - INFO - Epoch [13][1600/12529]	lr: 1.721e-03, eta: 2:54:23, time: 0.214, data_time: 0.000, memory: 1700, top1_acc: 0.9975, top5_acc: 1.0000, loss_cls: 0.0293, loss: 0.0293
2026-08-07 01:20:12,683 - pyskl - INFO - Epoch [13][1700/12529]	lr: 1.714e-03, eta: 2:54:01, time: 0.213, data_time: 0.000, memory: 1700, top1_acc: 0.9994, top5_acc: 1.0000, loss_cls: 0.0238, loss: 0.0238
2026-08-07 01:20:34,071 - pyskl - INFO - Epoch [13][1800/12529]	lr: 1.708e-03, eta: 2:53:40, time: 0.214, data_time: 0.000, memory: 1700, top1_acc: 0.9975, top5_acc: 1.0000, loss_cls: 0.0236, loss: 0.0236
2026-08-07 01:20:55,451 - pyskl - INFO - Epoch [13][1900/12529]	lr: 1.701e-03, eta: 2:53:18, time: 0.214, data_time: 0.000, memory: 1700, top1_acc: 0.9975, top5_acc: 1.0000, loss_cls: 0.0274, loss: 0.0274
2026-08-07 01:21:16,950 - pyskl - INFO - Epoch [13][2000/12529]	lr: 1.694e-03, eta: 2:52:56, time: 0.215, data_time: 0.000, memory: 1700, top1_acc: 0.9981, top5_acc: 1.0000, loss_cls: 0.0269, loss: 0.0269
2026-08-07 01:21:38,411 - pyskl - INFO - Epoch [13][2100/12529]	lr: 1.688e-03, eta: 2:52:35, time: 0.215, data_time: 0.000, memory: 1700, top1_acc: 0.9994, top5_acc: 1.0000, loss_cls: 0.0226, loss: 0.0226
2026-08-07 01:21:59,840 - pyskl - INFO - Epoch [13][2200/12529]	lr: 1.681e-03, eta: 2:52:13, time: 0.214, data_time: 0.000, memory: 1700, top1_acc: 0.9962, top5_acc: 1.0000, loss_cls: 0.0325, loss: 0.0325
2026-08-07 01:22:21,414 - pyskl - INFO - Epoch [13][2300/12529]	lr: 1.674e-03, eta: 2:51:52, time: 0.216, data_time: 0.000, memory: 1700, top1_acc: 0.9950, top5_acc: 1.0000, loss_cls: 0.0294, loss: 0.0294
2026-08-07 01:22:42,916 - pyskl - INFO - Epoch [13][2400/12529]	lr: 1.668e-03, eta: 2:51:30, time: 0.215, data_time: 0.000, memory: 1700, top1_acc: 0.9975, top5_acc: 1.0000, loss_cls: 0.0271, loss: 0.0271
2026-08-07 01:23:04,321 - pyskl - INFO - Epoch [13][2500/12529]	lr: 1.661e-03, eta: 2:51:08, time: 0.214, data_time: 0.000, memory: 1700, top1_acc: 0.9962, top5_acc: 1.0000, loss_cls: 0.0305, loss: 0.0305
2026-08-07 01:23:25,857 - pyskl - INFO - Epoch [13][2600/12529]	lr: 1.654e-03, eta: 2:50:47, time: 0.215, data_time: 0.000, memory: 1700, top1_acc: 0.9981, top5_acc: 1.0000, loss_cls: 0.0251, loss: 0.0251
2026-08-07 01:23:47,333 - pyskl - INFO - Epoch [13][2700/12529]	lr: 1.648e-03, eta: 2:50:25, time: 0.215, data_time: 0.000, memory: 1700, top1_acc: 0.9981, top5_acc: 1.0000, loss_cls: 0.0254, loss: 0.0254
2026-08-07 01:24:08,866 - pyskl - INFO - Epoch [13][2800/12529]	lr: 1.641e-03, eta: 2:50:04, time: 0.215, data_time: 0.000, memory: 1700, top1_acc: 0.9956, top5_acc: 1.0000, loss_cls: 0.0298, loss: 0.0298
2026-08-07 01:24:30,415 - pyskl - INFO - Epoch [13][2900/12529]	lr: 1.634e-03, eta: 2:49:42, time: 0.215, data_time: 0.000, memory: 1700, top1_acc: 0.9988, top5_acc: 1.0000, loss_cls: 0.0255, loss: 0.0255
2026-08-07 01:24:51,912 - pyskl - INFO - Epoch [13][3000/12529]	lr: 1.628e-03, eta: 2:49:21, time: 0.215, data_time: 0.000, memory: 1700, top1_acc: 0.9981, top5_acc: 1.0000, loss_cls: 0.0276, loss: 0.0276
2026-08-07 01:25:13,465 - pyskl - INFO - Epoch [13][3100/12529]	lr: 1.621e-03, eta: 2:48:59, time: 0.216, data_time: 0.000, memory: 1700, top1_acc: 0.9988, top5_acc: 1.0000, loss_cls: 0.0245, loss: 0.0245
2026-08-07 01:25:35,025 - pyskl - INFO - Epoch [13][3200/12529]	lr: 1.615e-03, eta: 2:48:37, time: 0.216, data_time: 0.000, memory: 1700, top1_acc: 0.9956, top5_acc: 1.0000, loss_cls: 0.0307, loss: 0.0307
2026-08-07 01:25:56,406 - pyskl - INFO - Epoch [13][3300/12529]	lr: 1.608e-03, eta: 2:48:16, time: 0.214, data_time: 0.000, memory: 1700, top1_acc: 0.9981, top5_acc: 1.0000, loss_cls: 0.0234, loss: 0.0234
2026-08-07 01:26:17,910 - pyskl - INFO - Epoch [13][3400/12529]	lr: 1.602e-03, eta: 2:47:54, time: 0.215, data_time: 0.000, memory: 1700, top1_acc: 0.9988, top5_acc: 1.0000, loss_cls: 0.0241, loss: 0.0241
2026-08-07 01:26:39,316 - pyskl - INFO - Epoch [13][3500/12529]	lr: 1.595e-03, eta: 2:47:33, time: 0.214, data_time: 0.000, memory: 1700, top1_acc: 0.9975, top5_acc: 1.0000, loss_cls: 0.0259, loss: 0.0259
2026-08-07 01:27:00,865 - pyskl - INFO - Epoch [13][3600/12529]	lr: 1.588e-03, eta: 2:47:11, time: 0.215, data_time: 0.000, memory: 1700, top1_acc: 0.9944, top5_acc: 1.0000, loss_cls: 0.0336, loss: 0.0336
2026-08-07 01:27:22,577 - pyskl - INFO - Epoch [13][3700/12529]	lr: 1.582e-03, eta: 2:46:49, time: 0.217, data_time: 0.000, memory: 1700, top1_acc: 0.9988, top5_acc: 1.0000, loss_cls: 0.0243, loss: 0.0243
2026-08-07 01:27:44,065 - pyskl - INFO - Epoch [13][3800/12529]	lr: 1.575e-03, eta: 2:46:28, time: 0.215, data_time: 0.000, memory: 1700, top1_acc: 0.9969, top5_acc: 1.0000, loss_cls: 0.0275, loss: 0.0275
2026-08-07 01:28:05,485 - pyskl - INFO - Epoch [13][3900/12529]	lr: 1.569e-03, eta: 2:46:06, time: 0.214, data_time: 0.000, memory: 1700, top1_acc: 0.9994, top5_acc: 1.0000, loss_cls: 0.0206, loss: 0.0206
2026-08-07 01:28:26,928 - pyskl - INFO - Epoch [13][4000/12529]	lr: 1.562e-03, eta: 2:45:45, time: 0.214, data_time: 0.000, memory: 1700, top1_acc: 0.9981, top5_acc: 1.0000, loss_cls: 0.0267, loss: 0.0267
2026-08-07 01:28:48,323 - pyskl - INFO - Epoch [13][4100/12529]	lr: 1.556e-03, eta: 2:45:23, time: 0.214, data_time: 0.000, memory: 1700, top1_acc: 0.9994, top5_acc: 1.0000, loss_cls: 0.0255, loss: 0.0255
2026-08-07 01:29:09,756 - pyskl - INFO - Epoch [13][4200/12529]	lr: 1.550e-03, eta: 2:45:01, time: 0.214, data_time: 0.000, memory: 1700, top1_acc: 0.9988, top5_acc: 1.0000, loss_cls: 0.0238, loss: 0.0238
2026-08-07 01:29:31,226 - pyskl - INFO - Epoch [13][4300/12529]	lr: 1.543e-03, eta: 2:44:40, time: 0.215, data_time: 0.000, memory: 1700, top1_acc: 0.9975, top5_acc: 1.0000, loss_cls: 0.0236, loss: 0.0236
2026-08-07 01:29:52,649 - pyskl - INFO - Epoch [13][4400/12529]	lr: 1.537e-03, eta: 2:44:18, time: 0.214, data_time: 0.000, memory: 1700, top1_acc: 0.9981, top5_acc: 1.0000, loss_cls: 0.0235, loss: 0.0235
2026-08-07 01:30:14,171 - pyskl - INFO - Epoch [13][4500/12529]	lr: 1.530e-03, eta: 2:43:57, time: 0.215, data_time: 0.000, memory: 1700, top1_acc: 0.9975, top5_acc: 1.0000, loss_cls: 0.0246, loss: 0.0246
2026-08-07 01:30:35,551 - pyskl - INFO - Epoch [13][4600/12529]	lr: 1.524e-03, eta: 2:43:35, time: 0.214, data_time: 0.000, memory: 1700, top1_acc: 0.9981, top5_acc: 1.0000, loss_cls: 0.0253, loss: 0.0253
2026-08-07 01:30:56,967 - pyskl - INFO - Epoch [13][4700/12529]	lr: 1.517e-03, eta: 2:43:13, time: 0.214, data_time: 0.000, memory: 1700, top1_acc: 0.9988, top5_acc: 1.0000, loss_cls: 0.0245, loss: 0.0245
2026-08-07 01:31:18,511 - pyskl - INFO - Epoch [13][4800/12529]	lr: 1.511e-03, eta: 2:42:52, time: 0.215, data_time: 0.000, memory: 1700, top1_acc: 0.9981, top5_acc: 1.0000, loss_cls: 0.0275, loss: 0.0275
2026-08-07 01:31:40,003 - pyskl - INFO - Epoch [13][4900/12529]	lr: 1.505e-03, eta: 2:42:30, time: 0.215, data_time: 0.000, memory: 1700, top1_acc: 0.9988, top5_acc: 1.0000, loss_cls: 0.0238, loss: 0.0238
2026-08-07 01:32:01,494 - pyskl - INFO - Epoch [13][5000/12529]	lr: 1.498e-03, eta: 2:42:09, time: 0.215, data_time: 0.000, memory: 1700, top1_acc: 0.9969, top5_acc: 1.0000, loss_cls: 0.0272, loss: 0.0272
2026-08-07 01:32:23,021 - pyskl - INFO - Epoch [13][5100/12529]	lr: 1.492e-03, eta: 2:41:47, time: 0.215, data_time: 0.000, memory: 1700, top1_acc: 0.9969, top5_acc: 1.0000, loss_cls: 0.0258, loss: 0.0258
2026-08-07 01:32:44,511 - pyskl - INFO - Epoch [13][5200/12529]	lr: 1.486e-03, eta: 2:41:26, time: 0.215, data_time: 0.000, memory: 1700, top1_acc: 0.9962, top5_acc: 1.0000, loss_cls: 0.0313, loss: 0.0313
2026-08-07 01:33:05,862 - pyskl - INFO - Epoch [13][5300/12529]	lr: 1.479e-03, eta: 2:41:04, time: 0.214, data_time: 0.000, memory: 1700, top1_acc: 0.9938, top5_acc: 1.0000, loss_cls: 0.0355, loss: 0.0355
2026-08-07 01:33:27,266 - pyskl - INFO - Epoch [13][5400/12529]	lr: 1.473e-03, eta: 2:40:42, time: 0.214, data_time: 0.000, memory: 1700, top1_acc: 0.9975, top5_acc: 1.0000, loss_cls: 0.0254, loss: 0.0254
2026-08-07 01:33:48,666 - pyskl - INFO - Epoch [13][5500/12529]	lr: 1.467e-03, eta: 2:40:21, time: 0.214, data_time: 0.000, memory: 1700, top1_acc: 0.9975, top5_acc: 1.0000, loss_cls: 0.0254, loss: 0.0254
2026-08-07 01:34:10,138 - pyskl - INFO - Epoch [13][5600/12529]	lr: 1.460e-03, eta: 2:39:59, time: 0.215, data_time: 0.000, memory: 1700, top1_acc: 0.9981, top5_acc: 1.0000, loss_cls: 0.0267, loss: 0.0267
2026-08-07 01:34:31,629 - pyskl - INFO - Epoch [13][5700/12529]	lr: 1.454e-03, eta: 2:39:38, time: 0.215, data_time: 0.000, memory: 1700, top1_acc: 0.9962, top5_acc: 1.0000, loss_cls: 0.0269, loss: 0.0269
2026-08-07 01:34:53,136 - pyskl - INFO - Epoch [13][5800/12529]	lr: 1.448e-03, eta: 2:39:16, time: 0.215, data_time: 0.000, memory: 1700, top1_acc: 0.9994, top5_acc: 1.0000, loss_cls: 0.0207, loss: 0.0207
2026-08-07 01:35:14,627 - pyskl - INFO - Epoch [13][5900/12529]	lr: 1.441e-03, eta: 2:38:54, time: 0.215, data_time: 0.000, memory: 1700, top1_acc: 0.9988, top5_acc: 1.0000, loss_cls: 0.0206, loss: 0.0206
2026-08-07 01:35:36,018 - pyskl - INFO - Epoch [13][6000/12529]	lr: 1.435e-03, eta: 2:38:33, time: 0.214, data_time: 0.000, memory: 1700, top1_acc: 0.9950, top5_acc: 1.0000, loss_cls: 0.0317, loss: 0.0317
2026-08-07 01:35:57,359 - pyskl - INFO - Epoch [13][6100/12529]	lr: 1.429e-03, eta: 2:38:11, time: 0.213, data_time: 0.000, memory: 1700, top1_acc: 0.9975, top5_acc: 1.0000, loss_cls: 0.0237, loss: 0.0237
2026-08-07 01:36:18,859 - pyskl - INFO - Epoch [13][6200/12529]	lr: 1.423e-03, eta: 2:37:50, time: 0.215, data_time: 0.000, memory: 1700, top1_acc: 0.9981, top5_acc: 1.0000, loss_cls: 0.0240, loss: 0.0240
2026-08-07 01:36:40,238 - pyskl - INFO - Epoch [13][6300/12529]	lr: 1.417e-03, eta: 2:37:28, time: 0.214, data_time: 0.000, memory: 1700, top1_acc: 0.9981, top5_acc: 1.0000, loss_cls: 0.0219, loss: 0.0219
2026-08-07 01:37:01,581 - pyskl - INFO - Epoch [13][6400/12529]	lr: 1.410e-03, eta: 2:37:06, time: 0.213, data_time: 0.000, memory: 1700, top1_acc: 0.9981, top5_acc: 1.0000, loss_cls: 0.0268, loss: 0.0268
2026-08-07 01:37:23,108 - pyskl - INFO - Epoch [13][6500/12529]	lr: 1.404e-03, eta: 2:36:45, time: 0.215, data_time: 0.000, memory: 1700, top1_acc: 0.9988, top5_acc: 1.0000, loss_cls: 0.0215, loss: 0.0215
2026-08-07 01:37:44,555 - pyskl - INFO - Epoch [13][6600/12529]	lr: 1.398e-03, eta: 2:36:23, time: 0.214, data_time: 0.000, memory: 1700, top1_acc: 0.9994, top5_acc: 1.0000, loss_cls: 0.0213, loss: 0.0213
2026-08-07 01:38:05,886 - pyskl - INFO - Epoch [13][6700/12529]	lr: 1.392e-03, eta: 2:36:02, time: 0.213, data_time: 0.000, memory: 1700, top1_acc: 0.9994, top5_acc: 1.0000, loss_cls: 0.0221, loss: 0.0221
2026-08-07 01:38:27,286 - pyskl - INFO - Epoch [13][6800/12529]	lr: 1.386e-03, eta: 2:35:40, time: 0.214, data_time: 0.000, memory: 1700, top1_acc: 0.9981, top5_acc: 1.0000, loss_cls: 0.0222, loss: 0.0222
2026-08-07 01:38:48,781 - pyskl - INFO - Epoch [13][6900/12529]	lr: 1.379e-03, eta: 2:35:18, time: 0.215, data_time: 0.000, memory: 1700, top1_acc: 0.9988, top5_acc: 1.0000, loss_cls: 0.0222, loss: 0.0222
2026-08-07 01:39:10,183 - pyskl - INFO - Epoch [13][7000/12529]	lr: 1.373e-03, eta: 2:34:57, time: 0.214, data_time: 0.000, memory: 1700, top1_acc: 1.0000, top5_acc: 1.0000, loss_cls: 0.0166, loss: 0.0166
2026-08-07 01:39:31,430 - pyskl - INFO - Epoch [13][7100/12529]	lr: 1.367e-03, eta: 2:34:35, time: 0.213, data_time: 0.000, memory: 1700, top1_acc: 0.9975, top5_acc: 1.0000, loss_cls: 0.0247, loss: 0.0247
2026-08-07 01:39:52,758 - pyskl - INFO - Epoch [13][7200/12529]	lr: 1.361e-03, eta: 2:34:13, time: 0.213, data_time: 0.000, memory: 1700, top1_acc: 0.9969, top5_acc: 1.0000, loss_cls: 0.0269, loss: 0.0269
2026-08-07 01:40:14,194 - pyskl - INFO - Epoch [13][7300/12529]	lr: 1.355e-03, eta: 2:33:52, time: 0.214, data_time: 0.000, memory: 1700, top1_acc: 1.0000, top5_acc: 1.0000, loss_cls: 0.0187, loss: 0.0187
2026-08-07 01:40:35,662 - pyskl - INFO - Epoch [13][7400/12529]	lr: 1.349e-03, eta: 2:33:30, time: 0.215, data_time: 0.000, memory: 1700, top1_acc: 1.0000, top5_acc: 1.0000, loss_cls: 0.0196, loss: 0.0196
2026-08-07 01:40:57,125 - pyskl - INFO - Epoch [13][7500/12529]	lr: 1.343e-03, eta: 2:33:09, time: 0.215, data_time: 0.000, memory: 1700, top1_acc: 0.9962, top5_acc: 1.0000, loss_cls: 0.0271, loss: 0.0271
2026-08-07 01:41:18,638 - pyskl - INFO - Epoch [13][7600/12529]	lr: 1.337e-03, eta: 2:32:47, time: 0.215, data_time: 0.000, memory: 1700, top1_acc: 0.9981, top5_acc: 1.0000, loss_cls: 0.0210, loss: 0.0210
2026-08-07 01:41:40,049 - pyskl - INFO - Epoch [13][7700/12529]	lr: 1.331e-03, eta: 2:32:25, time: 0.214, data_time: 0.000, memory: 1700, top1_acc: 1.0000, top5_acc: 1.0000, loss_cls: 0.0224, loss: 0.0224
2026-08-07 01:42:01,581 - pyskl - INFO - Epoch [13][7800/12529]	lr: 1.325e-03, eta: 2:32:04, time: 0.215, data_time: 0.000, memory: 1700, top1_acc: 0.9988, top5_acc: 1.0000, loss_cls: 0.0244, loss: 0.0244
2026-08-07 01:42:22,987 - pyskl - INFO - Epoch [13][7900/12529]	lr: 1.319e-03, eta: 2:31:42, time: 0.214, data_time: 0.000, memory: 1700, top1_acc: 0.9981, top5_acc: 1.0000, loss_cls: 0.0209, loss: 0.0209
2026-08-07 01:42:44,435 - pyskl - INFO - Epoch [13][8000/12529]	lr: 1.313e-03, eta: 2:31:21, time: 0.214, data_time: 0.000, memory: 1700, top1_acc: 0.9969, top5_acc: 1.0000, loss_cls: 0.0221, loss: 0.0221
2026-08-07 01:43:05,804 - pyskl - INFO - Epoch [13][8100/12529]	lr: 1.307e-03, eta: 2:30:59, time: 0.214, data_time: 0.000, memory: 1700, top1_acc: 0.9994, top5_acc: 1.0000, loss_cls: 0.0181, loss: 0.0181
2026-08-07 01:43:27,278 - pyskl - INFO - Epoch [13][8200/12529]	lr: 1.301e-03, eta: 2:30:38, time: 0.215, data_time: 0.000, memory: 1700, top1_acc: 0.9988, top5_acc: 1.0000, loss_cls: 0.0193, loss: 0.0193
2026-08-07 01:43:48,695 - pyskl - INFO - Epoch [13][8300/12529]	lr: 1.295e-03, eta: 2:30:16, time: 0.214, data_time: 0.000, memory: 1700, top1_acc: 0.9981, top5_acc: 0.9994, loss_cls: 0.0237, loss: 0.0237
2026-08-07 01:44:10,223 - pyskl - INFO - Epoch [13][8400/12529]	lr: 1.289e-03, eta: 2:29:54, time: 0.215, data_time: 0.000, memory: 1700, top1_acc: 1.0000, top5_acc: 1.0000, loss_cls: 0.0197, loss: 0.0197
2026-08-07 01:44:31,556 - pyskl - INFO - Epoch [13][8500/12529]	lr: 1.283e-03, eta: 2:29:33, time: 0.213, data_time: 0.000, memory: 1700, top1_acc: 0.9988, top5_acc: 1.0000, loss_cls: 0.0213, loss: 0.0213
2026-08-07 01:44:52,999 - pyskl - INFO - Epoch [13][8600/12529]	lr: 1.277e-03, eta: 2:29:11, time: 0.214, data_time: 0.000, memory: 1700, top1_acc: 0.9975, top5_acc: 1.0000, loss_cls: 0.0249, loss: 0.0249
2026-08-07 01:45:14,499 - pyskl - INFO - Epoch [13][8700/12529]	lr: 1.271e-03, eta: 2:28:50, time: 0.215, data_time: 0.000, memory: 1700, top1_acc: 0.9969, top5_acc: 1.0000, loss_cls: 0.0254, loss: 0.0254
2026-08-07 01:45:35,990 - pyskl - INFO - Epoch [13][8800/12529]	lr: 1.265e-03, eta: 2:28:28, time: 0.215, data_time: 0.000, memory: 1700, top1_acc: 0.9981, top5_acc: 1.0000, loss_cls: 0.0243, loss: 0.0243
2026-08-07 01:45:57,410 - pyskl - INFO - Epoch [13][8900/12529]	lr: 1.259e-03, eta: 2:28:06, time: 0.214, data_time: 0.000, memory: 1700, top1_acc: 0.9969, top5_acc: 1.0000, loss_cls: 0.0230, loss: 0.0230
2026-08-07 01:46:18,874 - pyskl - INFO - Epoch [13][9000/12529]	lr: 1.253e-03, eta: 2:27:45, time: 0.215, data_time: 0.000, memory: 1700, top1_acc: 0.9988, top5_acc: 1.0000, loss_cls: 0.0228, loss: 0.0228
2026-08-07 01:46:40,291 - pyskl - INFO - Epoch [13][9100/12529]	lr: 1.247e-03, eta: 2:27:23, time: 0.214, data_time: 0.000, memory: 1700, top1_acc: 0.9969, top5_acc: 1.0000, loss_cls: 0.0252, loss: 0.0252
2026-08-07 01:47:01,691 - pyskl - INFO - Epoch [13][9200/12529]	lr: 1.242e-03, eta: 2:27:02, time: 0.214, data_time: 0.000, memory: 1700, top1_acc: 0.9956, top5_acc: 1.0000, loss_cls: 0.0288, loss: 0.0288
2026-08-07 01:47:23,067 - pyskl - INFO - Epoch [13][9300/12529]	lr: 1.236e-03, eta: 2:26:40, time: 0.214, data_time: 0.000, memory: 1700, top1_acc: 0.9994, top5_acc: 1.0000, loss_cls: 0.0214, loss: 0.0214
2026-08-07 01:47:44,455 - pyskl - INFO - Epoch [13][9400/12529]	lr: 1.230e-03, eta: 2:26:18, time: 0.214, data_time: 0.000, memory: 1700, top1_acc: 0.9988, top5_acc: 1.0000, loss_cls: 0.0197, loss: 0.0197
2026-08-07 01:48:06,035 - pyskl - INFO - Epoch [13][9500/12529]	lr: 1.224e-03, eta: 2:25:57, time: 0.216, data_time: 0.000, memory: 1700, top1_acc: 0.9994, top5_acc: 1.0000, loss_cls: 0.0228, loss: 0.0228
2026-08-07 01:48:27,558 - pyskl - INFO - Epoch [13][9600/12529]	lr: 1.218e-03, eta: 2:25:35, time: 0.215, data_time: 0.000, memory: 1700, top1_acc: 0.9950, top5_acc: 1.0000, loss_cls: 0.0260, loss: 0.0260
2026-08-07 01:48:48,904 - pyskl - INFO - Epoch [13][9700/12529]	lr: 1.212e-03, eta: 2:25:14, time: 0.213, data_time: 0.000, memory: 1700, top1_acc: 0.9988, top5_acc: 1.0000, loss_cls: 0.0208, loss: 0.0208
2026-08-07 01:49:10,441 - pyskl - INFO - Epoch [13][9800/12529]	lr: 1.207e-03, eta: 2:24:52, time: 0.215, data_time: 0.000, memory: 1700, top1_acc: 0.9988, top5_acc: 1.0000, loss_cls: 0.0205, loss: 0.0205
2026-08-07 01:49:31,817 - pyskl - INFO - Epoch [13][9900/12529]	lr: 1.201e-03, eta: 2:24:30, time: 0.214, data_time: 0.000, memory: 1700, top1_acc: 0.9994, top5_acc: 1.0000, loss_cls: 0.0167, loss: 0.0167
2026-08-07 01:49:53,287 - pyskl - INFO - Epoch [13][10000/12529]	lr: 1.195e-03, eta: 2:24:09, time: 0.215, data_time: 0.000, memory: 1700, top1_acc: 0.9994, top5_acc: 1.0000, loss_cls: 0.0184, loss: 0.0184
2026-08-07 01:50:14,918 - pyskl - INFO - Epoch [13][10100/12529]	lr: 1.189e-03, eta: 2:23:47, time: 0.216, data_time: 0.000, memory: 1700, top1_acc: 0.9994, top5_acc: 1.0000, loss_cls: 0.0181, loss: 0.0181
2026-08-07 01:50:36,320 - pyskl - INFO - Epoch [13][10200/12529]	lr: 1.184e-03, eta: 2:23:26, time: 0.214, data_time: 0.000, memory: 1700, top1_acc: 0.9988, top5_acc: 1.0000, loss_cls: 0.0215, loss: 0.0215
2026-08-07 01:50:57,836 - pyskl - INFO - Epoch [13][10300/12529]	lr: 1.178e-03, eta: 2:23:04, time: 0.215, data_time: 0.000, memory: 1700, top1_acc: 0.9981, top5_acc: 1.0000, loss_cls: 0.0234, loss: 0.0234
2026-08-07 01:51:19,342 - pyskl - INFO - Epoch [13][10400/12529]	lr: 1.172e-03, eta: 2:22:43, time: 0.215, data_time: 0.000, memory: 1700, top1_acc: 0.9981, top5_acc: 1.0000, loss_cls: 0.0230, loss: 0.0230
2026-08-07 01:51:40,814 - pyskl - INFO - Epoch [13][10500/12529]	lr: 1.166e-03, eta: 2:22:21, time: 0.215, data_time: 0.000, memory: 1700, top1_acc: 0.9988, top5_acc: 1.0000, loss_cls: 0.0175, loss: 0.0175
2026-08-07 01:52:02,348 - pyskl - INFO - Epoch [13][10600/12529]	lr: 1.161e-03, eta: 2:21:59, time: 0.215, data_time: 0.000, memory: 1700, top1_acc: 0.9988, top5_acc: 1.0000, loss_cls: 0.0193, loss: 0.0193
2026-08-07 01:52:23,805 - pyskl - INFO - Epoch [13][10700/12529]	lr: 1.155e-03, eta: 2:21:38, time: 0.215, data_time: 0.000, memory: 1700, top1_acc: 0.9994, top5_acc: 1.0000, loss_cls: 0.0210, loss: 0.0210
2026-08-07 01:52:45,200 - pyskl - INFO - Epoch [13][10800/12529]	lr: 1.149e-03, eta: 2:21:16, time: 0.214, data_time: 0.000, memory: 1700, top1_acc: 1.0000, top5_acc: 1.0000, loss_cls: 0.0145, loss: 0.0145
2026-08-07 01:53:06,693 - pyskl - INFO - Epoch [13][10900/12529]	lr: 1.144e-03, eta: 2:20:55, time: 0.215, data_time: 0.000, memory: 1700, top1_acc: 0.9988, top5_acc: 1.0000, loss_cls: 0.0191, loss: 0.0191
2026-08-07 01:53:28,233 - pyskl - INFO - Epoch [13][11000/12529]	lr: 1.138e-03, eta: 2:20:33, time: 0.215, data_time: 0.000, memory: 1700, top1_acc: 0.9988, top5_acc: 1.0000, loss_cls: 0.0210, loss: 0.0210
2026-08-07 01:53:49,690 - pyskl - INFO - Epoch [13][11100/12529]	lr: 1.132e-03, eta: 2:20:11, time: 0.215, data_time: 0.000, memory: 1700, top1_acc: 1.0000, top5_acc: 1.0000, loss_cls: 0.0178, loss: 0.0178
2026-08-07 01:54:11,098 - pyskl - INFO - Epoch [13][11200/12529]	lr: 1.127e-03, eta: 2:19:50, time: 0.214, data_time: 0.000, memory: 1700, top1_acc: 0.9988, top5_acc: 1.0000, loss_cls: 0.0174, loss: 0.0174
2026-08-07 01:54:32,479 - pyskl - INFO - Epoch [13][11300/12529]	lr: 1.121e-03, eta: 2:19:28, time: 0.214, data_time: 0.000, memory: 1700, top1_acc: 0.9994, top5_acc: 1.0000, loss_cls: 0.0189, loss: 0.0189
2026-08-07 01:54:53,893 - pyskl - INFO - Epoch [13][11400/12529]	lr: 1.116e-03, eta: 2:19:07, time: 0.214, data_time: 0.000, memory: 1700, top1_acc: 0.9994, top5_acc: 1.0000, loss_cls: 0.0182, loss: 0.0182
2026-08-07 01:55:15,383 - pyskl - INFO - Epoch [13][11500/12529]	lr: 1.110e-03, eta: 2:18:45, time: 0.215, data_time: 0.000, memory: 1700, top1_acc: 0.9988, top5_acc: 1.0000, loss_cls: 0.0194, loss: 0.0194
2026-08-07 01:55:36,816 - pyskl - INFO - Epoch [13][11600/12529]	lr: 1.104e-03, eta: 2:18:24, time: 0.214, data_time: 0.000, memory: 1700, top1_acc: 0.9988, top5_acc: 1.0000, loss_cls: 0.0201, loss: 0.0201
2026-08-07 01:55:58,272 - pyskl - INFO - Epoch [13][11700/12529]	lr: 1.099e-03, eta: 2:18:02, time: 0.215, data_time: 0.000, memory: 1700, top1_acc: 1.0000, top5_acc: 1.0000, loss_cls: 0.0167, loss: 0.0167
2026-08-07 01:56:19,772 - pyskl - INFO - Epoch [13][11800/12529]	lr: 1.093e-03, eta: 2:17:40, time: 0.215, data_time: 0.000, memory: 1700, top1_acc: 0.9988, top5_acc: 1.0000, loss_cls: 0.0191, loss: 0.0191
2026-08-07 01:56:41,219 - pyskl - INFO - Epoch [13][11900/12529]	lr: 1.088e-03, eta: 2:17:19, time: 0.214, data_time: 0.000, memory: 1700, top1_acc: 0.9994, top5_acc: 1.0000, loss_cls: 0.0172, loss: 0.0172
2026-08-07 01:57:02,687 - pyskl - INFO - Epoch [13][12000/12529]	lr: 1.082e-03, eta: 2:16:57, time: 0.215, data_time: 0.000, memory: 1700, top1_acc: 0.9988, top5_acc: 1.0000, loss_cls: 0.0170, loss: 0.0170
2026-08-07 01:57:24,137 - pyskl - INFO - Epoch [13][12100/12529]	lr: 1.077e-03, eta: 2:16:36, time: 0.214, data_time: 0.000, memory: 1700, top1_acc: 0.9988, top5_acc: 1.0000, loss_cls: 0.0223, loss: 0.0223
2026-08-07 01:57:45,632 - pyskl - INFO - Epoch [13][12200/12529]	lr: 1.071e-03, eta: 2:16:14, time: 0.215, data_time: 0.000, memory: 1700, top1_acc: 1.0000, top5_acc: 1.0000, loss_cls: 0.0180, loss: 0.0180
2026-08-07 01:58:07,036 - pyskl - INFO - Epoch [13][12300/12529]	lr: 1.066e-03, eta: 2:15:52, time: 0.214, data_time: 0.000, memory: 1700, top1_acc: 0.9988, top5_acc: 1.0000, loss_cls: 0.0226, loss: 0.0226
2026-08-07 01:58:28,449 - pyskl - INFO - Epoch [13][12400/12529]	lr: 1.060e-03, eta: 2:15:31, time: 0.214, data_time: 0.000, memory: 1700, top1_acc: 0.9994, top5_acc: 1.0000, loss_cls: 0.0160, loss: 0.0160
2026-08-07 01:58:49,821 - pyskl - INFO - Epoch [13][12500/12529]	lr: 1.055e-03, eta: 2:15:09, time: 0.214, data_time: 0.000, memory: 1700, top1_acc: 1.0000, top5_acc: 1.0000, loss_cls: 0.0176, loss: 0.0176
2026-08-07 01:58:56,395 - pyskl - INFO - Saving checkpoint at 13 epochs
2026-08-07 02:00:16,273 - pyskl - INFO - Evaluating top_k_accuracy ...
2026-08-07 02:00:16,337 - pyskl - INFO - 
top1_acc	0.8766
top5_acc	0.9766
2026-08-07 02:00:16,340 - pyskl - INFO - The previous best checkpoint D:\YXJProject\pythonProject\pyskl\work_dirs\stgcn\stgcn_pyskl_ntu60_xsub_3dkp\j_single_gpu\best_top1_acc_epoch_12.pth was removed
2026-08-07 02:00:16,464 - pyskl - INFO - Now best checkpoint is saved as best_top1_acc_epoch_13.pth.
2026-08-07 02:00:16,465 - pyskl - INFO - Best top1_acc is 0.8766 at 13 epoch.
2026-08-07 02:00:16,467 - pyskl - INFO - Epoch(val) [13][1031]	top1_acc: 0.8766, top5_acc: 0.9766
2026-08-07 02:00:50,280 - pyskl - INFO - Epoch [14][100/12529]	lr: 1.048e-03, eta: 2:14:43, time: 0.338, data_time: 0.124, memory: 1700, top1_acc: 0.9994, top5_acc: 1.0000, loss_cls: 0.0184, loss: 0.0184
2026-08-07 02:01:11,841 - pyskl - INFO - Epoch [14][200/12529]	lr: 1.043e-03, eta: 2:14:21, time: 0.216, data_time: 0.000, memory: 1700, top1_acc: 1.0000, top5_acc: 1.0000, loss_cls: 0.0161, loss: 0.0161
2026-08-07 02:01:33,237 - pyskl - INFO - Epoch [14][300/12529]	lr: 1.037e-03, eta: 2:14:00, time: 0.214, data_time: 0.000, memory: 1700, top1_acc: 0.9988, top5_acc: 1.0000, loss_cls: 0.0162, loss: 0.0162
2026-08-07 02:01:54,628 - pyskl - INFO - Epoch [14][400/12529]	lr: 1.032e-03, eta: 2:13:38, time: 0.214, data_time: 0.000, memory: 1700, top1_acc: 0.9981, top5_acc: 1.0000, loss_cls: 0.0209, loss: 0.0209
2026-08-07 02:02:16,128 - pyskl - INFO - Epoch [14][500/12529]	lr: 1.026e-03, eta: 2:13:16, time: 0.215, data_time: 0.000, memory: 1700, top1_acc: 0.9994, top5_acc: 1.0000, loss_cls: 0.0189, loss: 0.0189
2026-08-07 02:02:37,531 - pyskl - INFO - Epoch [14][600/12529]	lr: 1.021e-03, eta: 2:12:55, time: 0.214, data_time: 0.000, memory: 1700, top1_acc: 0.9994, top5_acc: 1.0000, loss_cls: 0.0151, loss: 0.0151
2026-08-07 02:02:59,061 - pyskl - INFO - Epoch [14][700/12529]	lr: 1.016e-03, eta: 2:12:33, time: 0.215, data_time: 0.000, memory: 1700, top1_acc: 1.0000, top5_acc: 1.0000, loss_cls: 0.0144, loss: 0.0144
2026-08-07 02:03:20,566 - pyskl - INFO - Epoch [14][800/12529]	lr: 1.010e-03, eta: 2:12:12, time: 0.215, data_time: 0.000, memory: 1700, top1_acc: 0.9988, top5_acc: 1.0000, loss_cls: 0.0148, loss: 0.0148
2026-08-07 02:03:41,922 - pyskl - INFO - Epoch [14][900/12529]	lr: 1.005e-03, eta: 2:11:50, time: 0.214, data_time: 0.000, memory: 1700, top1_acc: 1.0000, top5_acc: 1.0000, loss_cls: 0.0139, loss: 0.0139
2026-08-07 02:04:03,379 - pyskl - INFO - Epoch [14][1000/12529]	lr: 9.996e-04, eta: 2:11:29, time: 0.215, data_time: 0.000, memory: 1700, top1_acc: 0.9988, top5_acc: 1.0000, loss_cls: 0.0149, loss: 0.0149
2026-08-07 02:04:24,758 - pyskl - INFO - Epoch [14][1100/12529]	lr: 9.943e-04, eta: 2:11:07, time: 0.214, data_time: 0.000, memory: 1700, top1_acc: 1.0000, top5_acc: 1.0000, loss_cls: 0.0158, loss: 0.0158
2026-08-07 02:04:46,170 - pyskl - INFO - Epoch [14][1200/12529]	lr: 9.890e-04, eta: 2:10:45, time: 0.214, data_time: 0.000, memory: 1700, top1_acc: 1.0000, top5_acc: 1.0000, loss_cls: 0.0138, loss: 0.0138
2026-08-07 02:05:07,564 - pyskl - INFO - Epoch [14][1300/12529]	lr: 9.837e-04, eta: 2:10:24, time: 0.214, data_time: 0.000, memory: 1700, top1_acc: 1.0000, top5_acc: 1.0000, loss_cls: 0.0161, loss: 0.0161
2026-08-07 02:05:29,133 - pyskl - INFO - Epoch [14][1400/12529]	lr: 9.784e-04, eta: 2:10:02, time: 0.216, data_time: 0.000, memory: 1700, top1_acc: 1.0000, top5_acc: 1.0000, loss_cls: 0.0180, loss: 0.0180
2026-08-07 02:05:50,628 - pyskl - INFO - Epoch [14][1500/12529]	lr: 9.732e-04, eta: 2:09:41, time: 0.215, data_time: 0.000, memory: 1700, top1_acc: 0.9994, top5_acc: 1.0000, loss_cls: 0.0172, loss: 0.0172
2026-08-07 02:06:12,070 - pyskl - INFO - Epoch [14][1600/12529]	lr: 9.679e-04, eta: 2:09:19, time: 0.214, data_time: 0.000, memory: 1700, top1_acc: 1.0000, top5_acc: 1.0000, loss_cls: 0.0158, loss: 0.0158
2026-08-07 02:06:33,556 - pyskl - INFO - Epoch [14][1700/12529]	lr: 9.627e-04, eta: 2:08:57, time: 0.215, data_time: 0.000, memory: 1700, top1_acc: 0.9988, top5_acc: 1.0000, loss_cls: 0.0163, loss: 0.0163
2026-08-07 02:06:54,942 - pyskl - INFO - Epoch [14][1800/12529]	lr: 9.575e-04, eta: 2:08:36, time: 0.214, data_time: 0.000, memory: 1700, top1_acc: 1.0000, top5_acc: 1.0000, loss_cls: 0.0148, loss: 0.0148
2026-08-07 02:07:16,491 - pyskl - INFO - Epoch [14][1900/12529]	lr: 9.523e-04, eta: 2:08:14, time: 0.215, data_time: 0.000, memory: 1700, top1_acc: 0.9994, top5_acc: 1.0000, loss_cls: 0.0134, loss: 0.0134
2026-08-07 02:07:37,964 - pyskl - INFO - Epoch [14][2000/12529]	lr: 9.471e-04, eta: 2:07:53, time: 0.215, data_time: 0.000, memory: 1700, top1_acc: 0.9994, top5_acc: 1.0000, loss_cls: 0.0147, loss: 0.0147
2026-08-07 02:07:59,506 - pyskl - INFO - Epoch [14][2100/12529]	lr: 9.419e-04, eta: 2:07:31, time: 0.215, data_time: 0.000, memory: 1700, top1_acc: 0.9994, top5_acc: 1.0000, loss_cls: 0.0174, loss: 0.0174
2026-08-07 02:08:21,022 - pyskl - INFO - Epoch [14][2200/12529]	lr: 9.368e-04, eta: 2:07:10, time: 0.215, data_time: 0.000, memory: 1700, top1_acc: 0.9994, top5_acc: 1.0000, loss_cls: 0.0182, loss: 0.0182
2026-08-07 02:08:42,377 - pyskl - INFO - Epoch [14][2300/12529]	lr: 9.316e-04, eta: 2:06:48, time: 0.214, data_time: 0.000, memory: 1700, top1_acc: 0.9994, top5_acc: 1.0000, loss_cls: 0.0169, loss: 0.0169
2026-08-07 02:09:03,746 - pyskl - INFO - Epoch [14][2400/12529]	lr: 9.265e-04, eta: 2:06:26, time: 0.214, data_time: 0.000, memory: 1700, top1_acc: 1.0000, top5_acc: 1.0000, loss_cls: 0.0177, loss: 0.0177
2026-08-07 02:09:25,223 - pyskl - INFO - Epoch [14][2500/12529]	lr: 9.213e-04, eta: 2:06:05, time: 0.215, data_time: 0.000, memory: 1700, top1_acc: 1.0000, top5_acc: 1.0000, loss_cls: 0.0141, loss: 0.0141
2026-08-07 02:09:46,594 - pyskl - INFO - Epoch [14][2600/12529]	lr: 9.162e-04, eta: 2:05:43, time: 0.214, data_time: 0.000, memory: 1700, top1_acc: 0.9988, top5_acc: 1.0000, loss_cls: 0.0157, loss: 0.0157
2026-08-07 02:10:08,029 - pyskl - INFO - Epoch [14][2700/12529]	lr: 9.111e-04, eta: 2:05:22, time: 0.214, data_time: 0.000, memory: 1700, top1_acc: 0.9994, top5_acc: 1.0000, loss_cls: 0.0173, loss: 0.0173
2026-08-07 02:10:29,519 - pyskl - INFO - Epoch [14][2800/12529]	lr: 9.061e-04, eta: 2:05:00, time: 0.215, data_time: 0.000, memory: 1700, top1_acc: 0.9994, top5_acc: 1.0000, loss_cls: 0.0167, loss: 0.0167
2026-08-07 02:10:50,865 - pyskl - INFO - Epoch [14][2900/12529]	lr: 9.010e-04, eta: 2:04:38, time: 0.213, data_time: 0.000, memory: 1700, top1_acc: 1.0000, top5_acc: 1.0000, loss_cls: 0.0179, loss: 0.0179
2026-08-07 02:11:12,353 - pyskl - INFO - Epoch [14][3000/12529]	lr: 8.959e-04, eta: 2:04:17, time: 0.215, data_time: 0.000, memory: 1700, top1_acc: 0.9988, top5_acc: 1.0000, loss_cls: 0.0179, loss: 0.0179
2026-08-07 02:11:33,713 - pyskl - INFO - Epoch [14][3100/12529]	lr: 8.909e-04, eta: 2:03:55, time: 0.214, data_time: 0.000, memory: 1700, top1_acc: 0.9994, top5_acc: 1.0000, loss_cls: 0.0148, loss: 0.0148
2026-08-07 02:11:55,044 - pyskl - INFO - Epoch [14][3200/12529]	lr: 8.858e-04, eta: 2:03:34, time: 0.213, data_time: 0.000, memory: 1700, top1_acc: 0.9988, top5_acc: 1.0000, loss_cls: 0.0167, loss: 0.0167
2026-08-07 02:12:16,558 - pyskl - INFO - Epoch [14][3300/12529]	lr: 8.808e-04, eta: 2:03:12, time: 0.215, data_time: 0.000, memory: 1700, top1_acc: 1.0000, top5_acc: 1.0000, loss_cls: 0.0166, loss: 0.0166
2026-08-07 02:12:38,030 - pyskl - INFO - Epoch [14][3400/12529]	lr: 8.758e-04, eta: 2:02:50, time: 0.215, data_time: 0.000, memory: 1700, top1_acc: 0.9988, top5_acc: 1.0000, loss_cls: 0.0194, loss: 0.0194
2026-08-07 02:12:59,479 - pyskl - INFO - Epoch [14][3500/12529]	lr: 8.708e-04, eta: 2:02:29, time: 0.214, data_time: 0.000, memory: 1700, top1_acc: 0.9994, top5_acc: 1.0000, loss_cls: 0.0158, loss: 0.0158
2026-08-07 02:13:21,000 - pyskl - INFO - Epoch [14][3600/12529]	lr: 8.658e-04, eta: 2:02:07, time: 0.215, data_time: 0.000, memory: 1700, top1_acc: 0.9994, top5_acc: 1.0000, loss_cls: 0.0157, loss: 0.0157
2026-08-07 02:13:42,464 - pyskl - INFO - Epoch [14][3700/12529]	lr: 8.609e-04, eta: 2:01:46, time: 0.215, data_time: 0.000, memory: 1700, top1_acc: 0.9994, top5_acc: 1.0000, loss_cls: 0.0156, loss: 0.0156
2026-08-07 02:14:03,852 - pyskl - INFO - Epoch [14][3800/12529]	lr: 8.559e-04, eta: 2:01:24, time: 0.214, data_time: 0.000, memory: 1700, top1_acc: 0.9994, top5_acc: 1.0000, loss_cls: 0.0163, loss: 0.0163
2026-08-07 02:14:25,378 - pyskl - INFO - Epoch [14][3900/12529]	lr: 8.510e-04, eta: 2:01:03, time: 0.215, data_time: 0.000, memory: 1700, top1_acc: 1.0000, top5_acc: 1.0000, loss_cls: 0.0144, loss: 0.0144
2026-08-07 02:14:46,895 - pyskl - INFO - Epoch [14][4000/12529]	lr: 8.460e-04, eta: 2:00:41, time: 0.215, data_time: 0.000, memory: 1700, top1_acc: 0.9988, top5_acc: 1.0000, loss_cls: 0.0181, loss: 0.0181
2026-08-07 02:15:08,418 - pyskl - INFO - Epoch [14][4100/12529]	lr: 8.411e-04, eta: 2:00:19, time: 0.215, data_time: 0.000, memory: 1700, top1_acc: 0.9994, top5_acc: 1.0000, loss_cls: 0.0146, loss: 0.0146
2026-08-07 02:15:29,912 - pyskl - INFO - Epoch [14][4200/12529]	lr: 8.362e-04, eta: 1:59:58, time: 0.215, data_time: 0.000, memory: 1700, top1_acc: 1.0000, top5_acc: 1.0000, loss_cls: 0.0147, loss: 0.0147
2026-08-07 02:15:51,218 - pyskl - INFO - Epoch [14][4300/12529]	lr: 8.313e-04, eta: 1:59:36, time: 0.213, data_time: 0.000, memory: 1700, top1_acc: 1.0000, top5_acc: 1.0000, loss_cls: 0.0165, loss: 0.0165
2026-08-07 02:16:12,655 - pyskl - INFO - Epoch [14][4400/12529]	lr: 8.265e-04, eta: 1:59:15, time: 0.214, data_time: 0.000, memory: 1700, top1_acc: 1.0000, top5_acc: 1.0000, loss_cls: 0.0168, loss: 0.0168
2026-08-07 02:16:34,115 - pyskl - INFO - Epoch [14][4500/12529]	lr: 8.216e-04, eta: 1:58:53, time: 0.215, data_time: 0.000, memory: 1700, top1_acc: 0.9994, top5_acc: 1.0000, loss_cls: 0.0150, loss: 0.0150
2026-08-07 02:16:55,569 - pyskl - INFO - Epoch [14][4600/12529]	lr: 8.168e-04, eta: 1:58:31, time: 0.215, data_time: 0.000, memory: 1700, top1_acc: 0.9994, top5_acc: 1.0000, loss_cls: 0.0166, loss: 0.0166
2026-08-07 02:17:17,071 - pyskl - INFO - Epoch [14][4700/12529]	lr: 8.119e-04, eta: 1:58:10, time: 0.215, data_time: 0.000, memory: 1700, top1_acc: 0.9994, top5_acc: 1.0000, loss_cls: 0.0136, loss: 0.0136
2026-08-07 02:17:38,623 - pyskl - INFO - Epoch [14][4800/12529]	lr: 8.071e-04, eta: 1:57:48, time: 0.215, data_time: 0.000, memory: 1700, top1_acc: 0.9994, top5_acc: 1.0000, loss_cls: 0.0143, loss: 0.0143
2026-08-07 02:18:00,008 - pyskl - INFO - Epoch [14][4900/12529]	lr: 8.023e-04, eta: 1:57:27, time: 0.214, data_time: 0.000, memory: 1700, top1_acc: 1.0000, top5_acc: 1.0000, loss_cls: 0.0143, loss: 0.0143
2026-08-07 02:18:21,571 - pyskl - INFO - Epoch [14][5000/12529]	lr: 7.975e-04, eta: 1:57:05, time: 0.216, data_time: 0.000, memory: 1700, top1_acc: 1.0000, top5_acc: 1.0000, loss_cls: 0.0145, loss: 0.0145
2026-08-07 02:18:43,119 - pyskl - INFO - Epoch [14][5100/12529]	lr: 7.927e-04, eta: 1:56:44, time: 0.215, data_time: 0.000, memory: 1700, top1_acc: 0.9994, top5_acc: 1.0000, loss_cls: 0.0143, loss: 0.0143
2026-08-07 02:19:04,576 - pyskl - INFO - Epoch [14][5200/12529]	lr: 7.880e-04, eta: 1:56:22, time: 0.215, data_time: 0.000, memory: 1700, top1_acc: 1.0000, top5_acc: 1.0000, loss_cls: 0.0142, loss: 0.0142
2026-08-07 02:19:25,939 - pyskl - INFO - Epoch [14][5300/12529]	lr: 7.832e-04, eta: 1:56:00, time: 0.214, data_time: 0.000, memory: 1700, top1_acc: 1.0000, top5_acc: 1.0000, loss_cls: 0.0143, loss: 0.0143
2026-08-07 02:19:47,284 - pyskl - INFO - Epoch [14][5400/12529]	lr: 7.785e-04, eta: 1:55:39, time: 0.213, data_time: 0.000, memory: 1700, top1_acc: 0.9994, top5_acc: 1.0000, loss_cls: 0.0155, loss: 0.0155
2026-08-07 02:20:08,677 - pyskl - INFO - Epoch [14][5500/12529]	lr: 7.737e-04, eta: 1:55:17, time: 0.214, data_time: 0.000, memory: 1700, top1_acc: 1.0000, top5_acc: 1.0000, loss_cls: 0.0136, loss: 0.0136
2026-08-07 02:20:30,097 - pyskl - INFO - Epoch [14][5600/12529]	lr: 7.690e-04, eta: 1:54:56, time: 0.214, data_time: 0.000, memory: 1700, top1_acc: 0.9994, top5_acc: 1.0000, loss_cls: 0.0173, loss: 0.0173
2026-08-07 02:20:51,550 - pyskl - INFO - Epoch [14][5700/12529]	lr: 7.643e-04, eta: 1:54:34, time: 0.215, data_time: 0.000, memory: 1700, top1_acc: 0.9994, top5_acc: 1.0000, loss_cls: 0.0167, loss: 0.0167
2026-08-07 02:21:13,046 - pyskl - INFO - Epoch [14][5800/12529]	lr: 7.596e-04, eta: 1:54:13, time: 0.215, data_time: 0.000, memory: 1700, top1_acc: 1.0000, top5_acc: 1.0000, loss_cls: 0.0136, loss: 0.0136
2026-08-07 02:21:34,563 - pyskl - INFO - Epoch [14][5900/12529]	lr: 7.550e-04, eta: 1:53:51, time: 0.215, data_time: 0.000, memory: 1700, top1_acc: 0.9994, top5_acc: 1.0000, loss_cls: 0.0146, loss: 0.0146
2026-08-07 02:21:56,083 - pyskl - INFO - Epoch [14][6000/12529]	lr: 7.503e-04, eta: 1:53:29, time: 0.215, data_time: 0.000, memory: 1700, top1_acc: 1.0000, top5_acc: 1.0000, loss_cls: 0.0130, loss: 0.0130
2026-08-07 02:22:17,509 - pyskl - INFO - Epoch [14][6100/12529]	lr: 7.457e-04, eta: 1:53:08, time: 0.214, data_time: 0.000, memory: 1700, top1_acc: 0.9988, top5_acc: 1.0000, loss_cls: 0.0161, loss: 0.0161
2026-08-07 02:22:39,059 - pyskl - INFO - Epoch [14][6200/12529]	lr: 7.410e-04, eta: 1:52:46, time: 0.215, data_time: 0.000, memory: 1700, top1_acc: 1.0000, top5_acc: 1.0000, loss_cls: 0.0134, loss: 0.0134
2026-08-07 02:23:00,423 - pyskl - INFO - Epoch [14][6300/12529]	lr: 7.364e-04, eta: 1:52:25, time: 0.214, data_time: 0.000, memory: 1700, top1_acc: 1.0000, top5_acc: 1.0000, loss_cls: 0.0130, loss: 0.0130
2026-08-07 02:23:21,917 - pyskl - INFO - Epoch [14][6400/12529]	lr: 7.318e-04, eta: 1:52:03, time: 0.215, data_time: 0.000, memory: 1700, top1_acc: 1.0000, top5_acc: 1.0000, loss_cls: 0.0147, loss: 0.0147
2026-08-07 02:23:43,339 - pyskl - INFO - Epoch [14][6500/12529]	lr: 7.272e-04, eta: 1:51:42, time: 0.214, data_time: 0.000, memory: 1700, top1_acc: 0.9981, top5_acc: 1.0000, loss_cls: 0.0171, loss: 0.0171
2026-08-07 02:24:04,818 - pyskl - INFO - Epoch [14][6600/12529]	lr: 7.226e-04, eta: 1:51:20, time: 0.215, data_time: 0.000, memory: 1700, top1_acc: 0.9994, top5_acc: 1.0000, loss_cls: 0.0142, loss: 0.0142
2026-08-07 02:24:26,344 - pyskl - INFO - Epoch [14][6700/12529]	lr: 7.181e-04, eta: 1:50:58, time: 0.215, data_time: 0.000, memory: 1700, top1_acc: 1.0000, top5_acc: 1.0000, loss_cls: 0.0139, loss: 0.0139
2026-08-07 02:24:47,864 - pyskl - INFO - Epoch [14][6800/12529]	lr: 7.135e-04, eta: 1:50:37, time: 0.215, data_time: 0.000, memory: 1700, top1_acc: 1.0000, top5_acc: 1.0000, loss_cls: 0.0140, loss: 0.0140
2026-08-07 02:25:09,298 - pyskl - INFO - Epoch [14][6900/12529]	lr: 7.090e-04, eta: 1:50:15, time: 0.214, data_time: 0.000, memory: 1700, top1_acc: 1.0000, top5_acc: 1.0000, loss_cls: 0.0135, loss: 0.0135
2026-08-07 02:25:30,743 - pyskl - INFO - Epoch [14][7000/12529]	lr: 7.044e-04, eta: 1:49:54, time: 0.214, data_time: 0.000, memory: 1700, top1_acc: 1.0000, top5_acc: 1.0000, loss_cls: 0.0128, loss: 0.0128
2026-08-07 02:25:52,072 - pyskl - INFO - Epoch [14][7100/12529]	lr: 6.999e-04, eta: 1:49:32, time: 0.213, data_time: 0.000, memory: 1700, top1_acc: 1.0000, top5_acc: 1.0000, loss_cls: 0.0141, loss: 0.0141
2026-08-07 02:26:13,686 - pyskl - INFO - Epoch [14][7200/12529]	lr: 6.954e-04, eta: 1:49:10, time: 0.216, data_time: 0.000, memory: 1700, top1_acc: 0.9994, top5_acc: 1.0000, loss_cls: 0.0143, loss: 0.0143
2026-08-07 02:26:35,141 - pyskl - INFO - Epoch [14][7300/12529]	lr: 6.910e-04, eta: 1:48:49, time: 0.215, data_time: 0.000, memory: 1700, top1_acc: 0.9994, top5_acc: 1.0000, loss_cls: 0.0148, loss: 0.0148
2026-08-07 02:26:56,494 - pyskl - INFO - Epoch [14][7400/12529]	lr: 6.865e-04, eta: 1:48:27, time: 0.214, data_time: 0.000, memory: 1700, top1_acc: 1.0000, top5_acc: 1.0000, loss_cls: 0.0147, loss: 0.0147
2026-08-07 02:27:18,088 - pyskl - INFO - Epoch [14][7500/12529]	lr: 6.820e-04, eta: 1:48:06, time: 0.216, data_time: 0.000, memory: 1700, top1_acc: 1.0000, top5_acc: 1.0000, loss_cls: 0.0135, loss: 0.0135
2026-08-07 02:27:39,476 - pyskl - INFO - Epoch [14][7600/12529]	lr: 6.776e-04, eta: 1:47:44, time: 0.214, data_time: 0.000, memory: 1700, top1_acc: 1.0000, top5_acc: 1.0000, loss_cls: 0.0119, loss: 0.0119
2026-08-07 02:28:00,946 - pyskl - INFO - Epoch [14][7700/12529]	lr: 6.732e-04, eta: 1:47:23, time: 0.215, data_time: 0.000, memory: 1700, top1_acc: 1.0000, top5_acc: 1.0000, loss_cls: 0.0149, loss: 0.0149
2026-08-07 02:28:22,490 - pyskl - INFO - Epoch [14][7800/12529]	lr: 6.687e-04, eta: 1:47:01, time: 0.215, data_time: 0.000, memory: 1700, top1_acc: 0.9994, top5_acc: 1.0000, loss_cls: 0.0134, loss: 0.0134
2026-08-07 02:28:43,967 - pyskl - INFO - Epoch [14][7900/12529]	lr: 6.643e-04, eta: 1:46:39, time: 0.215, data_time: 0.000, memory: 1700, top1_acc: 1.0000, top5_acc: 1.0000, loss_cls: 0.0126, loss: 0.0126
2026-08-07 02:29:05,487 - pyskl - INFO - Epoch [14][8000/12529]	lr: 6.600e-04, eta: 1:46:18, time: 0.215, data_time: 0.000, memory: 1700, top1_acc: 0.9988, top5_acc: 1.0000, loss_cls: 0.0180, loss: 0.0180
2026-08-07 02:29:26,947 - pyskl - INFO - Epoch [14][8100/12529]	lr: 6.556e-04, eta: 1:45:56, time: 0.215, data_time: 0.000, memory: 1700, top1_acc: 1.0000, top5_acc: 1.0000, loss_cls: 0.0144, loss: 0.0144
2026-08-07 02:29:48,352 - pyskl - INFO - Epoch [14][8200/12529]	lr: 6.512e-04, eta: 1:45:35, time: 0.214, data_time: 0.000, memory: 1700, top1_acc: 0.9994, top5_acc: 1.0000, loss_cls: 0.0142, loss: 0.0142
2026-08-07 02:30:09,835 - pyskl - INFO - Epoch [14][8300/12529]	lr: 6.469e-04, eta: 1:45:13, time: 0.215, data_time: 0.000, memory: 1700, top1_acc: 1.0000, top5_acc: 1.0000, loss_cls: 0.0121, loss: 0.0121
2026-08-07 02:30:31,352 - pyskl - INFO - Epoch [14][8400/12529]	lr: 6.425e-04, eta: 1:44:52, time: 0.215, data_time: 0.000, memory: 1700, top1_acc: 1.0000, top5_acc: 1.0000, loss_cls: 0.0141, loss: 0.0141
2026-08-07 02:30:52,862 - pyskl - INFO - Epoch [14][8500/12529]	lr: 6.382e-04, eta: 1:44:30, time: 0.215, data_time: 0.000, memory: 1700, top1_acc: 0.9994, top5_acc: 1.0000, loss_cls: 0.0126, loss: 0.0126
2026-08-07 02:31:14,159 - pyskl - INFO - Epoch [14][8600/12529]	lr: 6.339e-04, eta: 1:44:08, time: 0.213, data_time: 0.000, memory: 1700, top1_acc: 0.9994, top5_acc: 1.0000, loss_cls: 0.0156, loss: 0.0156
2026-08-07 02:31:35,709 - pyskl - INFO - Epoch [14][8700/12529]	lr: 6.296e-04, eta: 1:43:47, time: 0.215, data_time: 0.000, memory: 1700, top1_acc: 1.0000, top5_acc: 1.0000, loss_cls: 0.0140, loss: 0.0140
2026-08-07 02:31:57,223 - pyskl - INFO - Epoch [14][8800/12529]	lr: 6.253e-04, eta: 1:43:25, time: 0.215, data_time: 0.000, memory: 1700, top1_acc: 1.0000, top5_acc: 1.0000, loss_cls: 0.0137, loss: 0.0137
2026-08-07 02:32:18,782 - pyskl - INFO - Epoch [14][8900/12529]	lr: 6.211e-04, eta: 1:43:04, time: 0.216, data_time: 0.000, memory: 1700, top1_acc: 0.9988, top5_acc: 1.0000, loss_cls: 0.0159, loss: 0.0159
2026-08-07 02:32:40,172 - pyskl - INFO - Epoch [14][9000/12529]	lr: 6.168e-04, eta: 1:42:42, time: 0.214, data_time: 0.000, memory: 1700, top1_acc: 1.0000, top5_acc: 1.0000, loss_cls: 0.0144, loss: 0.0144
2026-08-07 02:33:01,917 - pyskl - INFO - Epoch [14][9100/12529]	lr: 6.126e-04, eta: 1:42:21, time: 0.217, data_time: 0.000, memory: 1700, top1_acc: 1.0000, top5_acc: 1.0000, loss_cls: 0.0112, loss: 0.0112
2026-08-07 02:33:23,892 - pyskl - INFO - Epoch [14][9200/12529]	lr: 6.084e-04, eta: 1:41:59, time: 0.220, data_time: 0.000, memory: 1700, top1_acc: 1.0000, top5_acc: 1.0000, loss_cls: 0.0133, loss: 0.0133
2026-08-07 02:33:45,425 - pyskl - INFO - Epoch [14][9300/12529]	lr: 6.042e-04, eta: 1:41:38, time: 0.215, data_time: 0.000, memory: 1700, top1_acc: 1.0000, top5_acc: 1.0000, loss_cls: 0.0148, loss: 0.0148
2026-08-07 02:34:06,889 - pyskl - INFO - Epoch [14][9400/12529]	lr: 6.000e-04, eta: 1:41:16, time: 0.215, data_time: 0.000, memory: 1700, top1_acc: 1.0000, top5_acc: 1.0000, loss_cls: 0.0139, loss: 0.0139
2026-08-07 02:34:28,383 - pyskl - INFO - Epoch [14][9500/12529]	lr: 5.958e-04, eta: 1:40:54, time: 0.215, data_time: 0.000, memory: 1700, top1_acc: 0.9994, top5_acc: 1.0000, loss_cls: 0.0138, loss: 0.0138
2026-08-07 02:34:49,869 - pyskl - INFO - Epoch [14][9600/12529]	lr: 5.916e-04, eta: 1:40:33, time: 0.215, data_time: 0.000, memory: 1700, top1_acc: 1.0000, top5_acc: 1.0000, loss_cls: 0.0131, loss: 0.0131
2026-08-07 02:35:11,353 - pyskl - INFO - Epoch [14][9700/12529]	lr: 5.875e-04, eta: 1:40:11, time: 0.215, data_time: 0.000, memory: 1700, top1_acc: 1.0000, top5_acc: 1.0000, loss_cls: 0.0160, loss: 0.0160
2026-08-07 02:35:32,863 - pyskl - INFO - Epoch [14][9800/12529]	lr: 5.833e-04, eta: 1:39:50, time: 0.215, data_time: 0.000, memory: 1700, top1_acc: 0.9981, top5_acc: 1.0000, loss_cls: 0.0179, loss: 0.0179
2026-08-07 02:35:54,223 - pyskl - INFO - Epoch [14][9900/12529]	lr: 5.792e-04, eta: 1:39:28, time: 0.214, data_time: 0.000, memory: 1700, top1_acc: 0.9994, top5_acc: 1.0000, loss_cls: 0.0140, loss: 0.0140
2026-08-07 02:36:15,640 - pyskl - INFO - Epoch [14][10000/12529]	lr: 5.751e-04, eta: 1:39:07, time: 0.214, data_time: 0.000, memory: 1700, top1_acc: 1.0000, top5_acc: 1.0000, loss_cls: 0.0136, loss: 0.0136
2026-08-07 02:36:36,979 - pyskl - INFO - Epoch [14][10100/12529]	lr: 5.710e-04, eta: 1:38:45, time: 0.213, data_time: 0.000, memory: 1700, top1_acc: 0.9988, top5_acc: 1.0000, loss_cls: 0.0159, loss: 0.0159
2026-08-07 02:36:58,455 - pyskl - INFO - Epoch [14][10200/12529]	lr: 5.669e-04, eta: 1:38:23, time: 0.215, data_time: 0.000, memory: 1700, top1_acc: 1.0000, top5_acc: 1.0000, loss_cls: 0.0130, loss: 0.0130
2026-08-07 02:37:20,051 - pyskl - INFO - Epoch [14][10300/12529]	lr: 5.628e-04, eta: 1:38:02, time: 0.216, data_time: 0.000, memory: 1700, top1_acc: 1.0000, top5_acc: 1.0000, loss_cls: 0.0139, loss: 0.0139
2026-08-07 02:37:41,489 - pyskl - INFO - Epoch [14][10400/12529]	lr: 5.588e-04, eta: 1:37:40, time: 0.214, data_time: 0.000, memory: 1700, top1_acc: 0.9994, top5_acc: 1.0000, loss_cls: 0.0142, loss: 0.0142
2026-08-07 02:38:02,898 - pyskl - INFO - Epoch [14][10500/12529]	lr: 5.548e-04, eta: 1:37:19, time: 0.214, data_time: 0.000, memory: 1700, top1_acc: 0.9994, top5_acc: 1.0000, loss_cls: 0.0128, loss: 0.0128
2026-08-07 02:38:24,353 - pyskl - INFO - Epoch [14][10600/12529]	lr: 5.507e-04, eta: 1:36:57, time: 0.215, data_time: 0.000, memory: 1700, top1_acc: 1.0000, top5_acc: 1.0000, loss_cls: 0.0147, loss: 0.0147
2026-08-07 02:38:45,882 - pyskl - INFO - Epoch [14][10700/12529]	lr: 5.467e-04, eta: 1:36:36, time: 0.215, data_time: 0.000, memory: 1700, top1_acc: 0.9988, top5_acc: 1.0000, loss_cls: 0.0144, loss: 0.0144
2026-08-07 02:39:07,456 - pyskl - INFO - Epoch [14][10800/12529]	lr: 5.427e-04, eta: 1:36:14, time: 0.216, data_time: 0.000, memory: 1700, top1_acc: 1.0000, top5_acc: 1.0000, loss_cls: 0.0130, loss: 0.0130
2026-08-07 02:39:28,904 - pyskl - INFO - Epoch [14][10900/12529]	lr: 5.387e-04, eta: 1:35:52, time: 0.214, data_time: 0.000, memory: 1700, top1_acc: 1.0000, top5_acc: 1.0000, loss_cls: 0.0128, loss: 0.0128
2026-08-07 02:39:50,370 - pyskl - INFO - Epoch [14][11000/12529]	lr: 5.348e-04, eta: 1:35:31, time: 0.215, data_time: 0.000, memory: 1700, top1_acc: 1.0000, top5_acc: 1.0000, loss_cls: 0.0145, loss: 0.0145
2026-08-07 02:40:11,855 - pyskl - INFO - Epoch [14][11100/12529]	lr: 5.308e-04, eta: 1:35:09, time: 0.215, data_time: 0.000, memory: 1700, top1_acc: 0.9994, top5_acc: 1.0000, loss_cls: 0.0135, loss: 0.0135
2026-08-07 02:40:33,328 - pyskl - INFO - Epoch [14][11200/12529]	lr: 5.269e-04, eta: 1:34:48, time: 0.215, data_time: 0.000, memory: 1700, top1_acc: 0.9988, top5_acc: 1.0000, loss_cls: 0.0147, loss: 0.0147
2026-08-07 02:40:54,831 - pyskl - INFO - Epoch [14][11300/12529]	lr: 5.229e-04, eta: 1:34:26, time: 0.215, data_time: 0.000, memory: 1700, top1_acc: 1.0000, top5_acc: 1.0000, loss_cls: 0.0124, loss: 0.0124
2026-08-07 02:41:16,340 - pyskl - INFO - Epoch [14][11400/12529]	lr: 5.190e-04, eta: 1:34:05, time: 0.215, data_time: 0.000, memory: 1700, top1_acc: 1.0000, top5_acc: 1.0000, loss_cls: 0.0132, loss: 0.0132
2026-08-07 02:41:37,721 - pyskl - INFO - Epoch [14][11500/12529]	lr: 5.151e-04, eta: 1:33:43, time: 0.214, data_time: 0.000, memory: 1700, top1_acc: 1.0000, top5_acc: 1.0000, loss_cls: 0.0132, loss: 0.0132
2026-08-07 02:41:59,126 - pyskl - INFO - Epoch [14][11600/12529]	lr: 5.112e-04, eta: 1:33:21, time: 0.214, data_time: 0.000, memory: 1700, top1_acc: 1.0000, top5_acc: 1.0000, loss_cls: 0.0134, loss: 0.0134
2026-08-07 02:42:20,715 - pyskl - INFO - Epoch [14][11700/12529]	lr: 5.074e-04, eta: 1:33:00, time: 0.216, data_time: 0.000, memory: 1700, top1_acc: 1.0000, top5_acc: 1.0000, loss_cls: 0.0147, loss: 0.0147
2026-08-07 02:42:42,131 - pyskl - INFO - Epoch [14][11800/12529]	lr: 5.035e-04, eta: 1:32:38, time: 0.214, data_time: 0.000, memory: 1700, top1_acc: 1.0000, top5_acc: 1.0000, loss_cls: 0.0131, loss: 0.0131
2026-08-07 02:43:03,625 - pyskl - INFO - Epoch [14][11900/12529]	lr: 4.996e-04, eta: 1:32:17, time: 0.215, data_time: 0.000, memory: 1700, top1_acc: 1.0000, top5_acc: 1.0000, loss_cls: 0.0147, loss: 0.0147
2026-08-07 02:43:25,009 - pyskl - INFO - Epoch [14][12000/12529]	lr: 4.958e-04, eta: 1:31:55, time: 0.214, data_time: 0.000, memory: 1700, top1_acc: 0.9994, top5_acc: 1.0000, loss_cls: 0.0146, loss: 0.0146
2026-08-07 02:43:46,543 - pyskl - INFO - Epoch [14][12100/12529]	lr: 4.920e-04, eta: 1:31:34, time: 0.215, data_time: 0.000, memory: 1700, top1_acc: 1.0000, top5_acc: 1.0000, loss_cls: 0.0144, loss: 0.0144
2026-08-07 02:44:07,995 - pyskl - INFO - Epoch [14][12200/12529]	lr: 4.882e-04, eta: 1:31:12, time: 0.215, data_time: 0.000, memory: 1700, top1_acc: 0.9988, top5_acc: 1.0000, loss_cls: 0.0157, loss: 0.0157
2026-08-07 02:44:29,434 - pyskl - INFO - Epoch [14][12300/12529]	lr: 4.844e-04, eta: 1:30:50, time: 0.214, data_time: 0.000, memory: 1700, top1_acc: 1.0000, top5_acc: 1.0000, loss_cls: 0.0136, loss: 0.0136
2026-08-07 02:44:50,790 - pyskl - INFO - Epoch [14][12400/12529]	lr: 4.806e-04, eta: 1:30:29, time: 0.214, data_time: 0.000, memory: 1700, top1_acc: 1.0000, top5_acc: 1.0000, loss_cls: 0.0133, loss: 0.0133
2026-08-07 02:45:12,463 - pyskl - INFO - Epoch [14][12500/12529]	lr: 4.769e-04, eta: 1:30:07, time: 0.217, data_time: 0.000, memory: 1700, top1_acc: 0.9988, top5_acc: 1.0000, loss_cls: 0.0147, loss: 0.0147
2026-08-07 02:45:19,072 - pyskl - INFO - Saving checkpoint at 14 epochs
2026-08-07 02:46:38,517 - pyskl - INFO - Evaluating top_k_accuracy ...
2026-08-07 02:46:38,581 - pyskl - INFO - 
top1_acc	0.8779
top5_acc	0.9772
2026-08-07 02:46:38,584 - pyskl - INFO - The previous best checkpoint D:\YXJProject\pythonProject\pyskl\work_dirs\stgcn\stgcn_pyskl_ntu60_xsub_3dkp\j_single_gpu\best_top1_acc_epoch_13.pth was removed
2026-08-07 02:46:38,713 - pyskl - INFO - Now best checkpoint is saved as best_top1_acc_epoch_14.pth.
2026-08-07 02:46:38,714 - pyskl - INFO - Best top1_acc is 0.8779 at 14 epoch.
2026-08-07 02:46:38,716 - pyskl - INFO - Epoch(val) [14][1031]	top1_acc: 0.8779, top5_acc: 0.9772
2026-08-07 02:47:13,038 - pyskl - INFO - Epoch [15][100/12529]	lr: 4.720e-04, eta: 1:29:40, time: 0.343, data_time: 0.128, memory: 1700, top1_acc: 1.0000, top5_acc: 1.0000, loss_cls: 0.0123, loss: 0.0123
2026-08-07 02:47:34,479 - pyskl - INFO - Epoch [15][200/12529]	lr: 4.683e-04, eta: 1:29:19, time: 0.214, data_time: 0.000, memory: 1700, top1_acc: 0.9994, top5_acc: 1.0000, loss_cls: 0.0121, loss: 0.0121
2026-08-07 02:47:55,948 - pyskl - INFO - Epoch [15][300/12529]	lr: 4.646e-04, eta: 1:28:57, time: 0.215, data_time: 0.000, memory: 1700, top1_acc: 1.0000, top5_acc: 1.0000, loss_cls: 0.0124, loss: 0.0124
2026-08-07 02:48:17,527 - pyskl - INFO - Epoch [15][400/12529]	lr: 4.609e-04, eta: 1:28:36, time: 0.216, data_time: 0.000, memory: 1700, top1_acc: 1.0000, top5_acc: 1.0000, loss_cls: 0.0139, loss: 0.0139
2026-08-07 02:48:38,975 - pyskl - INFO - Epoch [15][500/12529]	lr: 4.572e-04, eta: 1:28:14, time: 0.214, data_time: 0.000, memory: 1700, top1_acc: 0.9994, top5_acc: 1.0000, loss_cls: 0.0124, loss: 0.0124
2026-08-07 02:49:00,380 - pyskl - INFO - Epoch [15][600/12529]	lr: 4.536e-04, eta: 1:27:53, time: 0.214, data_time: 0.000, memory: 1700, top1_acc: 0.9994, top5_acc: 1.0000, loss_cls: 0.0135, loss: 0.0135
2026-08-07 02:49:22,012 - pyskl - INFO - Epoch [15][700/12529]	lr: 4.499e-04, eta: 1:27:31, time: 0.216, data_time: 0.000, memory: 1700, top1_acc: 1.0000, top5_acc: 1.0000, loss_cls: 0.0141, loss: 0.0141
2026-08-07 02:49:43,463 - pyskl - INFO - Epoch [15][800/12529]	lr: 4.463e-04, eta: 1:27:09, time: 0.215, data_time: 0.000, memory: 1700, top1_acc: 1.0000, top5_acc: 1.0000, loss_cls: 0.0128, loss: 0.0128
2026-08-07 02:50:04,856 - pyskl - INFO - Epoch [15][900/12529]	lr: 4.426e-04, eta: 1:26:48, time: 0.214, data_time: 0.000, memory: 1700, top1_acc: 1.0000, top5_acc: 1.0000, loss_cls: 0.0126, loss: 0.0126
2026-08-07 02:50:26,266 - pyskl - INFO - Epoch [15][1000/12529]	lr: 4.390e-04, eta: 1:26:26, time: 0.214, data_time: 0.000, memory: 1700, top1_acc: 1.0000, top5_acc: 1.0000, loss_cls: 0.0118, loss: 0.0118
2026-08-07 02:50:47,844 - pyskl - INFO - Epoch [15][1100/12529]	lr: 4.354e-04, eta: 1:26:05, time: 0.216, data_time: 0.000, memory: 1700, top1_acc: 0.9994, top5_acc: 1.0000, loss_cls: 0.0122, loss: 0.0122
2026-08-07 02:51:09,310 - pyskl - INFO - Epoch [15][1200/12529]	lr: 4.318e-04, eta: 1:25:43, time: 0.215, data_time: 0.000, memory: 1700, top1_acc: 1.0000, top5_acc: 1.0000, loss_cls: 0.0119, loss: 0.0119
2026-08-07 02:51:30,687 - pyskl - INFO - Epoch [15][1300/12529]	lr: 4.283e-04, eta: 1:25:22, time: 0.214, data_time: 0.000, memory: 1700, top1_acc: 1.0000, top5_acc: 1.0000, loss_cls: 0.0128, loss: 0.0128
2026-08-07 02:51:52,244 - pyskl - INFO - Epoch [15][1400/12529]	lr: 4.247e-04, eta: 1:25:00, time: 0.216, data_time: 0.000, memory: 1700, top1_acc: 1.0000, top5_acc: 1.0000, loss_cls: 0.0119, loss: 0.0119
2026-08-07 02:52:13,674 - pyskl - INFO - Epoch [15][1500/12529]	lr: 4.212e-04, eta: 1:24:38, time: 0.214, data_time: 0.000, memory: 1700, top1_acc: 1.0000, top5_acc: 1.0000, loss_cls: 0.0126, loss: 0.0126
2026-08-07 02:52:35,001 - pyskl - INFO - Epoch [15][1600/12529]	lr: 4.176e-04, eta: 1:24:17, time: 0.213, data_time: 0.000, memory: 1700, top1_acc: 0.9994, top5_acc: 1.0000, loss_cls: 0.0135, loss: 0.0135
2026-08-07 02:52:56,476 - pyskl - INFO - Epoch [15][1700/12529]	lr: 4.141e-04, eta: 1:23:55, time: 0.215, data_time: 0.000, memory: 1700, top1_acc: 1.0000, top5_acc: 1.0000, loss_cls: 0.0129, loss: 0.0129
2026-08-07 02:53:17,944 - pyskl - INFO - Epoch [15][1800/12529]	lr: 4.106e-04, eta: 1:23:34, time: 0.215, data_time: 0.000, memory: 1700, top1_acc: 1.0000, top5_acc: 1.0000, loss_cls: 0.0146, loss: 0.0146
2026-08-07 02:53:39,378 - pyskl - INFO - Epoch [15][1900/12529]	lr: 4.071e-04, eta: 1:23:12, time: 0.214, data_time: 0.000, memory: 1700, top1_acc: 1.0000, top5_acc: 1.0000, loss_cls: 0.0114, loss: 0.0114
2026-08-07 02:54:00,793 - pyskl - INFO - Epoch [15][2000/12529]	lr: 4.037e-04, eta: 1:22:51, time: 0.214, data_time: 0.000, memory: 1700, top1_acc: 0.9988, top5_acc: 1.0000, loss_cls: 0.0146, loss: 0.0146
2026-08-07 02:54:22,347 - pyskl - INFO - Epoch [15][2100/12529]	lr: 4.002e-04, eta: 1:22:29, time: 0.216, data_time: 0.000, memory: 1700, top1_acc: 1.0000, top5_acc: 1.0000, loss_cls: 0.0145, loss: 0.0145
2026-08-07 02:54:43,758 - pyskl - INFO - Epoch [15][2200/12529]	lr: 3.968e-04, eta: 1:22:07, time: 0.214, data_time: 0.000, memory: 1700, top1_acc: 1.0000, top5_acc: 1.0000, loss_cls: 0.0130, loss: 0.0130
2026-08-07 02:55:05,221 - pyskl - INFO - Epoch [15][2300/12529]	lr: 3.933e-04, eta: 1:21:46, time: 0.215, data_time: 0.000, memory: 1700, top1_acc: 1.0000, top5_acc: 1.0000, loss_cls: 0.0119, loss: 0.0119
2026-08-07 02:55:26,662 - pyskl - INFO - Epoch [15][2400/12529]	lr: 3.899e-04, eta: 1:21:24, time: 0.214, data_time: 0.000, memory: 1700, top1_acc: 1.0000, top5_acc: 1.0000, loss_cls: 0.0134, loss: 0.0134
2026-08-07 02:55:48,051 - pyskl - INFO - Epoch [15][2500/12529]	lr: 3.865e-04, eta: 1:21:03, time: 0.214, data_time: 0.000, memory: 1700, top1_acc: 1.0000, top5_acc: 1.0000, loss_cls: 0.0124, loss: 0.0124
2026-08-07 02:56:09,455 - pyskl - INFO - Epoch [15][2600/12529]	lr: 3.832e-04, eta: 1:20:41, time: 0.214, data_time: 0.000, memory: 1700, top1_acc: 0.9994, top5_acc: 1.0000, loss_cls: 0.0131, loss: 0.0131
2026-08-07 02:56:30,845 - pyskl - INFO - Epoch [15][2700/12529]	lr: 3.798e-04, eta: 1:20:20, time: 0.214, data_time: 0.000, memory: 1700, top1_acc: 1.0000, top5_acc: 1.0000, loss_cls: 0.0118, loss: 0.0118
2026-08-07 02:56:52,301 - pyskl - INFO - Epoch [15][2800/12529]	lr: 3.764e-04, eta: 1:19:58, time: 0.215, data_time: 0.000, memory: 1700, top1_acc: 1.0000, top5_acc: 1.0000, loss_cls: 0.0123, loss: 0.0123
2026-08-07 02:57:13,737 - pyskl - INFO - Epoch [15][2900/12529]	lr: 3.731e-04, eta: 1:19:36, time: 0.214, data_time: 0.000, memory: 1700, top1_acc: 0.9994, top5_acc: 1.0000, loss_cls: 0.0117, loss: 0.0117
2026-08-07 02:57:35,109 - pyskl - INFO - Epoch [15][3000/12529]	lr: 3.698e-04, eta: 1:19:15, time: 0.214, data_time: 0.000, memory: 1700, top1_acc: 1.0000, top5_acc: 1.0000, loss_cls: 0.0127, loss: 0.0127
2026-08-07 02:57:56,463 - pyskl - INFO - Epoch [15][3100/12529]	lr: 3.664e-04, eta: 1:18:53, time: 0.214, data_time: 0.000, memory: 1700, top1_acc: 0.9994, top5_acc: 1.0000, loss_cls: 0.0134, loss: 0.0134
2026-08-07 02:58:17,995 - pyskl - INFO - Epoch [15][3200/12529]	lr: 3.632e-04, eta: 1:18:32, time: 0.215, data_time: 0.000, memory: 1700, top1_acc: 1.0000, top5_acc: 1.0000, loss_cls: 0.0138, loss: 0.0138
2026-08-07 02:58:39,316 - pyskl - INFO - Epoch [15][3300/12529]	lr: 3.599e-04, eta: 1:18:10, time: 0.213, data_time: 0.000, memory: 1700, top1_acc: 0.9988, top5_acc: 1.0000, loss_cls: 0.0157, loss: 0.0157
2026-08-07 02:59:00,721 - pyskl - INFO - Epoch [15][3400/12529]	lr: 3.566e-04, eta: 1:17:49, time: 0.214, data_time: 0.000, memory: 1700, top1_acc: 1.0000, top5_acc: 1.0000, loss_cls: 0.0130, loss: 0.0130
2026-08-07 02:59:22,288 - pyskl - INFO - Epoch [15][3500/12529]	lr: 3.533e-04, eta: 1:17:27, time: 0.216, data_time: 0.000, memory: 1700, top1_acc: 1.0000, top5_acc: 1.0000, loss_cls: 0.0114, loss: 0.0114
2026-08-07 02:59:43,796 - pyskl - INFO - Epoch [15][3600/12529]	lr: 3.501e-04, eta: 1:17:05, time: 0.215, data_time: 0.000, memory: 1700, top1_acc: 1.0000, top5_acc: 1.0000, loss_cls: 0.0130, loss: 0.0130
2026-08-07 03:00:05,318 - pyskl - INFO - Epoch [15][3700/12529]	lr: 3.469e-04, eta: 1:16:44, time: 0.215, data_time: 0.000, memory: 1700, top1_acc: 0.9994, top5_acc: 1.0000, loss_cls: 0.0131, loss: 0.0131
2026-08-07 03:00:26,805 - pyskl - INFO - Epoch [15][3800/12529]	lr: 3.437e-04, eta: 1:16:22, time: 0.215, data_time: 0.000, memory: 1700, top1_acc: 1.0000, top5_acc: 1.0000, loss_cls: 0.0123, loss: 0.0123
2026-08-07 03:00:48,318 - pyskl - INFO - Epoch [15][3900/12529]	lr: 3.405e-04, eta: 1:16:01, time: 0.215, data_time: 0.000, memory: 1700, top1_acc: 0.9994, top5_acc: 1.0000, loss_cls: 0.0128, loss: 0.0128
2026-08-07 03:01:09,929 - pyskl - INFO - Epoch [15][4000/12529]	lr: 3.373e-04, eta: 1:15:39, time: 0.216, data_time: 0.000, memory: 1700, top1_acc: 1.0000, top5_acc: 1.0000, loss_cls: 0.0129, loss: 0.0129
2026-08-07 03:01:31,352 - pyskl - INFO - Epoch [15][4100/12529]	lr: 3.341e-04, eta: 1:15:18, time: 0.214, data_time: 0.000, memory: 1700, top1_acc: 1.0000, top5_acc: 1.0000, loss_cls: 0.0140, loss: 0.0140
2026-08-07 03:01:52,745 - pyskl - INFO - Epoch [15][4200/12529]	lr: 3.310e-04, eta: 1:14:56, time: 0.214, data_time: 0.000, memory: 1700, top1_acc: 1.0000, top5_acc: 1.0000, loss_cls: 0.0122, loss: 0.0122
2026-08-07 03:02:14,065 - pyskl - INFO - Epoch [15][4300/12529]	lr: 3.278e-04, eta: 1:14:34, time: 0.213, data_time: 0.000, memory: 1700, top1_acc: 1.0000, top5_acc: 1.0000, loss_cls: 0.0145, loss: 0.0145
2026-08-07 03:02:35,413 - pyskl - INFO - Epoch [15][4400/12529]	lr: 3.247e-04, eta: 1:14:13, time: 0.213, data_time: 0.000, memory: 1700, top1_acc: 1.0000, top5_acc: 1.0000, loss_cls: 0.0127, loss: 0.0127
2026-08-07 03:02:56,721 - pyskl - INFO - Epoch [15][4500/12529]	lr: 3.216e-04, eta: 1:13:51, time: 0.213, data_time: 0.000, memory: 1700, top1_acc: 1.0000, top5_acc: 1.0000, loss_cls: 0.0132, loss: 0.0132
2026-08-07 03:03:18,478 - pyskl - INFO - Epoch [15][4600/12529]	lr: 3.185e-04, eta: 1:13:30, time: 0.218, data_time: 0.000, memory: 1700, top1_acc: 0.9994, top5_acc: 1.0000, loss_cls: 0.0136, loss: 0.0136
2026-08-07 03:03:40,969 - pyskl - INFO - Epoch [15][4700/12529]	lr: 3.154e-04, eta: 1:13:08, time: 0.225, data_time: 0.000, memory: 1700, top1_acc: 1.0000, top5_acc: 1.0000, loss_cls: 0.0104, loss: 0.0104
2026-08-07 03:04:02,425 - pyskl - INFO - Epoch [15][4800/12529]	lr: 3.124e-04, eta: 1:12:47, time: 0.215, data_time: 0.000, memory: 1700, top1_acc: 1.0000, top5_acc: 1.0000, loss_cls: 0.0132, loss: 0.0132
2026-08-07 03:04:23,997 - pyskl - INFO - Epoch [15][4900/12529]	lr: 3.093e-04, eta: 1:12:25, time: 0.216, data_time: 0.000, memory: 1700, top1_acc: 1.0000, top5_acc: 1.0000, loss_cls: 0.0128, loss: 0.0128
2026-08-07 03:04:45,381 - pyskl - INFO - Epoch [15][5000/12529]	lr: 3.063e-04, eta: 1:12:04, time: 0.214, data_time: 0.000, memory: 1700, top1_acc: 0.9994, top5_acc: 1.0000, loss_cls: 0.0121, loss: 0.0121
2026-08-07 03:05:06,920 - pyskl - INFO - Epoch [15][5100/12529]	lr: 3.033e-04, eta: 1:11:42, time: 0.215, data_time: 0.000, memory: 1700, top1_acc: 1.0000, top5_acc: 1.0000, loss_cls: 0.0135, loss: 0.0135
2026-08-07 03:05:28,228 - pyskl - INFO - Epoch [15][5200/12529]	lr: 3.003e-04, eta: 1:11:20, time: 0.213, data_time: 0.000, memory: 1700, top1_acc: 1.0000, top5_acc: 1.0000, loss_cls: 0.0119, loss: 0.0119
2026-08-07 03:05:49,742 - pyskl - INFO - Epoch [15][5300/12529]	lr: 2.973e-04, eta: 1:10:59, time: 0.215, data_time: 0.000, memory: 1700, top1_acc: 0.9994, top5_acc: 1.0000, loss_cls: 0.0135, loss: 0.0135
2026-08-07 03:06:11,357 - pyskl - INFO - Epoch [15][5400/12529]	lr: 2.943e-04, eta: 1:10:37, time: 0.216, data_time: 0.000, memory: 1700, top1_acc: 1.0000, top5_acc: 1.0000, loss_cls: 0.0110, loss: 0.0110
2026-08-07 03:06:32,780 - pyskl - INFO - Epoch [15][5500/12529]	lr: 2.913e-04, eta: 1:10:16, time: 0.214, data_time: 0.000, memory: 1700, top1_acc: 1.0000, top5_acc: 1.0000, loss_cls: 0.0128, loss: 0.0128
2026-08-07 03:06:54,233 - pyskl - INFO - Epoch [15][5600/12529]	lr: 2.884e-04, eta: 1:09:54, time: 0.214, data_time: 0.000, memory: 1700, top1_acc: 1.0000, top5_acc: 1.0000, loss_cls: 0.0134, loss: 0.0134
2026-08-07 03:07:15,607 - pyskl - INFO - Epoch [15][5700/12529]	lr: 2.854e-04, eta: 1:09:33, time: 0.214, data_time: 0.000, memory: 1700, top1_acc: 0.9994, top5_acc: 1.0000, loss_cls: 0.0133, loss: 0.0133
2026-08-07 03:07:37,163 - pyskl - INFO - Epoch [15][5800/12529]	lr: 2.825e-04, eta: 1:09:11, time: 0.216, data_time: 0.000, memory: 1700, top1_acc: 0.9994, top5_acc: 1.0000, loss_cls: 0.0130, loss: 0.0130
2026-08-07 03:07:58,656 - pyskl - INFO - Epoch [15][5900/12529]	lr: 2.796e-04, eta: 1:08:49, time: 0.215, data_time: 0.000, memory: 1700, top1_acc: 1.0000, top5_acc: 1.0000, loss_cls: 0.0139, loss: 0.0139
2026-08-07 03:08:20,208 - pyskl - INFO - Epoch [15][6000/12529]	lr: 2.767e-04, eta: 1:08:28, time: 0.216, data_time: 0.000, memory: 1700, top1_acc: 1.0000, top5_acc: 1.0000, loss_cls: 0.0126, loss: 0.0126
2026-08-07 03:08:41,791 - pyskl - INFO - Epoch [15][6100/12529]	lr: 2.738e-04, eta: 1:08:06, time: 0.216, data_time: 0.000, memory: 1700, top1_acc: 1.0000, top5_acc: 1.0000, loss_cls: 0.0124, loss: 0.0124
2026-08-07 03:09:03,297 - pyskl - INFO - Epoch [15][6200/12529]	lr: 2.710e-04, eta: 1:07:45, time: 0.215, data_time: 0.000, memory: 1700, top1_acc: 0.9994, top5_acc: 1.0000, loss_cls: 0.0126, loss: 0.0126
2026-08-07 03:09:24,715 - pyskl - INFO - Epoch [15][6300/12529]	lr: 2.681e-04, eta: 1:07:23, time: 0.214, data_time: 0.000, memory: 1700, top1_acc: 1.0000, top5_acc: 1.0000, loss_cls: 0.0112, loss: 0.0112
2026-08-07 03:09:46,115 - pyskl - INFO - Epoch [15][6400/12529]	lr: 2.653e-04, eta: 1:07:02, time: 0.214, data_time: 0.000, memory: 1700, top1_acc: 0.9994, top5_acc: 1.0000, loss_cls: 0.0157, loss: 0.0157
2026-08-07 03:10:07,617 - pyskl - INFO - Epoch [15][6500/12529]	lr: 2.625e-04, eta: 1:06:40, time: 0.215, data_time: 0.000, memory: 1700, top1_acc: 0.9988, top5_acc: 1.0000, loss_cls: 0.0136, loss: 0.0136
2026-08-07 03:10:29,164 - pyskl - INFO - Epoch [15][6600/12529]	lr: 2.597e-04, eta: 1:06:19, time: 0.215, data_time: 0.000, memory: 1700, top1_acc: 1.0000, top5_acc: 1.0000, loss_cls: 0.0133, loss: 0.0133
2026-08-07 03:10:50,748 - pyskl - INFO - Epoch [15][6700/12529]	lr: 2.569e-04, eta: 1:05:57, time: 0.216, data_time: 0.000, memory: 1700, top1_acc: 0.9994, top5_acc: 1.0000, loss_cls: 0.0118, loss: 0.0118
2026-08-07 03:11:12,263 - pyskl - INFO - Epoch [15][6800/12529]	lr: 2.541e-04, eta: 1:05:35, time: 0.215, data_time: 0.000, memory: 1700, top1_acc: 1.0000, top5_acc: 1.0000, loss_cls: 0.0133, loss: 0.0133
2026-08-07 03:11:33,771 - pyskl - INFO - Epoch [15][6900/12529]	lr: 2.514e-04, eta: 1:05:14, time: 0.215, data_time: 0.000, memory: 1700, top1_acc: 1.0000, top5_acc: 1.0000, loss_cls: 0.0144, loss: 0.0144
2026-08-07 03:11:55,249 - pyskl - INFO - Epoch [15][7000/12529]	lr: 2.486e-04, eta: 1:04:52, time: 0.215, data_time: 0.000, memory: 1700, top1_acc: 1.0000, top5_acc: 1.0000, loss_cls: 0.0134, loss: 0.0134
2026-08-07 03:12:16,780 - pyskl - INFO - Epoch [15][7100/12529]	lr: 2.459e-04, eta: 1:04:31, time: 0.215, data_time: 0.000, memory: 1700, top1_acc: 1.0000, top5_acc: 1.0000, loss_cls: 0.0124, loss: 0.0124
2026-08-07 03:12:38,203 - pyskl - INFO - Epoch [15][7200/12529]	lr: 2.432e-04, eta: 1:04:09, time: 0.214, data_time: 0.000, memory: 1700, top1_acc: 1.0000, top5_acc: 1.0000, loss_cls: 0.0130, loss: 0.0130
2026-08-07 03:12:59,562 - pyskl - INFO - Epoch [15][7300/12529]	lr: 2.405e-04, eta: 1:03:48, time: 0.214, data_time: 0.000, memory: 1700, top1_acc: 1.0000, top5_acc: 1.0000, loss_cls: 0.0143, loss: 0.0143
2026-08-07 03:13:21,067 - pyskl - INFO - Epoch [15][7400/12529]	lr: 2.378e-04, eta: 1:03:26, time: 0.215, data_time: 0.000, memory: 1700, top1_acc: 1.0000, top5_acc: 1.0000, loss_cls: 0.0125, loss: 0.0125
2026-08-07 03:13:42,560 - pyskl - INFO - Epoch [15][7500/12529]	lr: 2.351e-04, eta: 1:03:04, time: 0.215, data_time: 0.000, memory: 1700, top1_acc: 1.0000, top5_acc: 1.0000, loss_cls: 0.0117, loss: 0.0117
2026-08-07 03:14:03,971 - pyskl - INFO - Epoch [15][7600/12529]	lr: 2.325e-04, eta: 1:02:43, time: 0.214, data_time: 0.000, memory: 1700, top1_acc: 1.0000, top5_acc: 1.0000, loss_cls: 0.0127, loss: 0.0127
2026-08-07 03:14:25,517 - pyskl - INFO - Epoch [15][7700/12529]	lr: 2.299e-04, eta: 1:02:21, time: 0.215, data_time: 0.000, memory: 1700, top1_acc: 1.0000, top5_acc: 1.0000, loss_cls: 0.0123, loss: 0.0123
2026-08-07 03:14:47,030 - pyskl - INFO - Epoch [15][7800/12529]	lr: 2.272e-04, eta: 1:02:00, time: 0.215, data_time: 0.000, memory: 1700, top1_acc: 1.0000, top5_acc: 1.0000, loss_cls: 0.0141, loss: 0.0141
2026-08-07 03:15:08,580 - pyskl - INFO - Epoch [15][7900/12529]	lr: 2.246e-04, eta: 1:01:38, time: 0.215, data_time: 0.000, memory: 1700, top1_acc: 1.0000, top5_acc: 1.0000, loss_cls: 0.0121, loss: 0.0121
2026-08-07 03:15:30,014 - pyskl - INFO - Epoch [15][8000/12529]	lr: 2.220e-04, eta: 1:01:17, time: 0.214, data_time: 0.000, memory: 1700, top1_acc: 1.0000, top5_acc: 1.0000, loss_cls: 0.0124, loss: 0.0124
2026-08-07 03:15:51,511 - pyskl - INFO - Epoch [15][8100/12529]	lr: 2.194e-04, eta: 1:00:55, time: 0.215, data_time: 0.000, memory: 1700, top1_acc: 1.0000, top5_acc: 1.0000, loss_cls: 0.0121, loss: 0.0121
2026-08-07 03:16:13,015 - pyskl - INFO - Epoch [15][8200/12529]	lr: 2.169e-04, eta: 1:00:33, time: 0.215, data_time: 0.000, memory: 1700, top1_acc: 1.0000, top5_acc: 1.0000, loss_cls: 0.0121, loss: 0.0121
2026-08-07 03:16:34,462 - pyskl - INFO - Epoch [15][8300/12529]	lr: 2.143e-04, eta: 1:00:12, time: 0.214, data_time: 0.000, memory: 1700, top1_acc: 0.9994, top5_acc: 1.0000, loss_cls: 0.0156, loss: 0.0156
2026-08-07 03:16:55,856 - pyskl - INFO - Epoch [15][8400/12529]	lr: 2.118e-04, eta: 0:59:50, time: 0.214, data_time: 0.000, memory: 1700, top1_acc: 1.0000, top5_acc: 1.0000, loss_cls: 0.0140, loss: 0.0140
2026-08-07 03:17:17,349 - pyskl - INFO - Epoch [15][8500/12529]	lr: 2.093e-04, eta: 0:59:29, time: 0.215, data_time: 0.000, memory: 1700, top1_acc: 1.0000, top5_acc: 1.0000, loss_cls: 0.0132, loss: 0.0132
2026-08-07 03:17:38,726 - pyskl - INFO - Epoch [15][8600/12529]	lr: 2.068e-04, eta: 0:59:07, time: 0.214, data_time: 0.000, memory: 1700, top1_acc: 1.0000, top5_acc: 1.0000, loss_cls: 0.0112, loss: 0.0112
2026-08-07 03:18:00,172 - pyskl - INFO - Epoch [15][8700/12529]	lr: 2.043e-04, eta: 0:58:46, time: 0.215, data_time: 0.000, memory: 1700, top1_acc: 1.0000, top5_acc: 1.0000, loss_cls: 0.0126, loss: 0.0126
2026-08-07 03:18:21,657 - pyskl - INFO - Epoch [15][8800/12529]	lr: 2.018e-04, eta: 0:58:24, time: 0.215, data_time: 0.000, memory: 1700, top1_acc: 0.9994, top5_acc: 1.0000, loss_cls: 0.0125, loss: 0.0125
2026-08-07 03:18:43,044 - pyskl - INFO - Epoch [15][8900/12529]	lr: 1.993e-04, eta: 0:58:03, time: 0.214, data_time: 0.000, memory: 1700, top1_acc: 1.0000, top5_acc: 1.0000, loss_cls: 0.0116, loss: 0.0116
2026-08-07 03:19:04,555 - pyskl - INFO - Epoch [15][9000/12529]	lr: 1.969e-04, eta: 0:57:41, time: 0.215, data_time: 0.000, memory: 1700, top1_acc: 1.0000, top5_acc: 1.0000, loss_cls: 0.0116, loss: 0.0116
2026-08-07 03:19:26,001 - pyskl - INFO - Epoch [15][9100/12529]	lr: 1.945e-04, eta: 0:57:19, time: 0.214, data_time: 0.000, memory: 1700, top1_acc: 1.0000, top5_acc: 1.0000, loss_cls: 0.0146, loss: 0.0146
2026-08-07 03:19:47,536 - pyskl - INFO - Epoch [15][9200/12529]	lr: 1.920e-04, eta: 0:56:58, time: 0.215, data_time: 0.000, memory: 1700, top1_acc: 0.9994, top5_acc: 1.0000, loss_cls: 0.0138, loss: 0.0138
2026-08-07 03:20:09,069 - pyskl - INFO - Epoch [15][9300/12529]	lr: 1.896e-04, eta: 0:56:36, time: 0.215, data_time: 0.000, memory: 1700, top1_acc: 1.0000, top5_acc: 1.0000, loss_cls: 0.0124, loss: 0.0124
2026-08-07 03:20:30,554 - pyskl - INFO - Epoch [15][9400/12529]	lr: 1.873e-04, eta: 0:56:15, time: 0.215, data_time: 0.000, memory: 1700, top1_acc: 1.0000, top5_acc: 1.0000, loss_cls: 0.0122, loss: 0.0122
2026-08-07 03:20:52,049 - pyskl - INFO - Epoch [15][9500/12529]	lr: 1.849e-04, eta: 0:55:53, time: 0.215, data_time: 0.000, memory: 1700, top1_acc: 1.0000, top5_acc: 1.0000, loss_cls: 0.0114, loss: 0.0114
2026-08-07 03:21:13,469 - pyskl - INFO - Epoch [15][9600/12529]	lr: 1.825e-04, eta: 0:55:32, time: 0.214, data_time: 0.000, memory: 1700, top1_acc: 1.0000, top5_acc: 1.0000, loss_cls: 0.0117, loss: 0.0117
2026-08-07 03:21:34,860 - pyskl - INFO - Epoch [15][9700/12529]	lr: 1.802e-04, eta: 0:55:10, time: 0.214, data_time: 0.000, memory: 1700, top1_acc: 1.0000, top5_acc: 1.0000, loss_cls: 0.0122, loss: 0.0122
2026-08-07 03:21:56,282 - pyskl - INFO - Epoch [15][9800/12529]	lr: 1.779e-04, eta: 0:54:48, time: 0.214, data_time: 0.000, memory: 1700, top1_acc: 1.0000, top5_acc: 1.0000, loss_cls: 0.0119, loss: 0.0119
2026-08-07 03:22:17,704 - pyskl - INFO - Epoch [15][9900/12529]	lr: 1.755e-04, eta: 0:54:27, time: 0.214, data_time: 0.000, memory: 1700, top1_acc: 1.0000, top5_acc: 1.0000, loss_cls: 0.0118, loss: 0.0118
2026-08-07 03:22:39,305 - pyskl - INFO - Epoch [15][10000/12529]	lr: 1.732e-04, eta: 0:54:05, time: 0.216, data_time: 0.000, memory: 1700, top1_acc: 1.0000, top5_acc: 1.0000, loss_cls: 0.0121, loss: 0.0121
2026-08-07 03:23:00,990 - pyskl - INFO - Epoch [15][10100/12529]	lr: 1.710e-04, eta: 0:53:44, time: 0.217, data_time: 0.000, memory: 1700, top1_acc: 1.0000, top5_acc: 1.0000, loss_cls: 0.0119, loss: 0.0119
2026-08-07 03:23:22,474 - pyskl - INFO - Epoch [15][10200/12529]	lr: 1.687e-04, eta: 0:53:22, time: 0.215, data_time: 0.000, memory: 1700, top1_acc: 1.0000, top5_acc: 1.0000, loss_cls: 0.0125, loss: 0.0125
2026-08-07 03:23:44,025 - pyskl - INFO - Epoch [15][10300/12529]	lr: 1.664e-04, eta: 0:53:01, time: 0.216, data_time: 0.000, memory: 1700, top1_acc: 1.0000, top5_acc: 1.0000, loss_cls: 0.0118, loss: 0.0118
2026-08-07 03:24:05,462 - pyskl - INFO - Epoch [15][10400/12529]	lr: 1.642e-04, eta: 0:52:39, time: 0.214, data_time: 0.000, memory: 1700, top1_acc: 1.0000, top5_acc: 1.0000, loss_cls: 0.0140, loss: 0.0140
2026-08-07 03:24:26,872 - pyskl - INFO - Epoch [15][10500/12529]	lr: 1.620e-04, eta: 0:52:18, time: 0.214, data_time: 0.000, memory: 1700, top1_acc: 1.0000, top5_acc: 1.0000, loss_cls: 0.0147, loss: 0.0147
2026-08-07 03:24:48,340 - pyskl - INFO - Epoch [15][10600/12529]	lr: 1.598e-04, eta: 0:51:56, time: 0.215, data_time: 0.000, memory: 1700, top1_acc: 1.0000, top5_acc: 1.0000, loss_cls: 0.0112, loss: 0.0112
2026-08-07 03:25:09,838 - pyskl - INFO - Epoch [15][10700/12529]	lr: 1.576e-04, eta: 0:51:34, time: 0.215, data_time: 0.000, memory: 1700, top1_acc: 1.0000, top5_acc: 1.0000, loss_cls: 0.0119, loss: 0.0119
2026-08-07 03:25:31,216 - pyskl - INFO - Epoch [15][10800/12529]	lr: 1.554e-04, eta: 0:51:13, time: 0.214, data_time: 0.000, memory: 1700, top1_acc: 0.9994, top5_acc: 1.0000, loss_cls: 0.0133, loss: 0.0133
2026-08-07 03:25:52,712 - pyskl - INFO - Epoch [15][10900/12529]	lr: 1.532e-04, eta: 0:50:51, time: 0.215, data_time: 0.000, memory: 1700, top1_acc: 1.0000, top5_acc: 1.0000, loss_cls: 0.0140, loss: 0.0140
2026-08-07 03:26:14,225 - pyskl - INFO - Epoch [15][11000/12529]	lr: 1.511e-04, eta: 0:50:30, time: 0.215, data_time: 0.000, memory: 1700, top1_acc: 1.0000, top5_acc: 1.0000, loss_cls: 0.0119, loss: 0.0119
2026-08-07 03:26:35,717 - pyskl - INFO - Epoch [15][11100/12529]	lr: 1.490e-04, eta: 0:50:08, time: 0.215, data_time: 0.000, memory: 1700, top1_acc: 1.0000, top5_acc: 1.0000, loss_cls: 0.0120, loss: 0.0120
2026-08-07 03:26:57,144 - pyskl - INFO - Epoch [15][11200/12529]	lr: 1.468e-04, eta: 0:49:47, time: 0.214, data_time: 0.000, memory: 1700, top1_acc: 1.0000, top5_acc: 1.0000, loss_cls: 0.0137, loss: 0.0137
2026-08-07 03:27:18,516 - pyskl - INFO - Epoch [15][11300/12529]	lr: 1.447e-04, eta: 0:49:25, time: 0.214, data_time: 0.000, memory: 1700, top1_acc: 1.0000, top5_acc: 1.0000, loss_cls: 0.0125, loss: 0.0125
2026-08-07 03:27:39,936 - pyskl - INFO - Epoch [15][11400/12529]	lr: 1.426e-04, eta: 0:49:03, time: 0.214, data_time: 0.000, memory: 1700, top1_acc: 1.0000, top5_acc: 1.0000, loss_cls: 0.0133, loss: 0.0133
2026-08-07 03:28:01,351 - pyskl - INFO - Epoch [15][11500/12529]	lr: 1.406e-04, eta: 0:48:42, time: 0.214, data_time: 0.000, memory: 1700, top1_acc: 1.0000, top5_acc: 1.0000, loss_cls: 0.0117, loss: 0.0117
2026-08-07 03:28:22,941 - pyskl - INFO - Epoch [15][11600/12529]	lr: 1.385e-04, eta: 0:48:20, time: 0.216, data_time: 0.000, memory: 1700, top1_acc: 1.0000, top5_acc: 1.0000, loss_cls: 0.0128, loss: 0.0128
2026-08-07 03:28:44,395 - pyskl - INFO - Epoch [15][11700/12529]	lr: 1.365e-04, eta: 0:47:59, time: 0.215, data_time: 0.000, memory: 1700, top1_acc: 1.0000, top5_acc: 1.0000, loss_cls: 0.0145, loss: 0.0145
2026-08-07 03:29:05,950 - pyskl - INFO - Epoch [15][11800/12529]	lr: 1.344e-04, eta: 0:47:37, time: 0.216, data_time: 0.000, memory: 1700, top1_acc: 1.0000, top5_acc: 1.0000, loss_cls: 0.0122, loss: 0.0122
2026-08-07 03:29:27,382 - pyskl - INFO - Epoch [15][11900/12529]	lr: 1.324e-04, eta: 0:47:16, time: 0.214, data_time: 0.000, memory: 1700, top1_acc: 1.0000, top5_acc: 1.0000, loss_cls: 0.0129, loss: 0.0129
2026-08-07 03:29:48,866 - pyskl - INFO - Epoch [15][12000/12529]	lr: 1.304e-04, eta: 0:46:54, time: 0.215, data_time: 0.000, memory: 1700, top1_acc: 1.0000, top5_acc: 1.0000, loss_cls: 0.0135, loss: 0.0135
2026-08-07 03:30:10,503 - pyskl - INFO - Epoch [15][12100/12529]	lr: 1.284e-04, eta: 0:46:33, time: 0.216, data_time: 0.000, memory: 1700, top1_acc: 0.9994, top5_acc: 1.0000, loss_cls: 0.0125, loss: 0.0125
2026-08-07 03:30:32,000 - pyskl - INFO - Epoch [15][12200/12529]	lr: 1.265e-04, eta: 0:46:11, time: 0.215, data_time: 0.000, memory: 1700, top1_acc: 1.0000, top5_acc: 1.0000, loss_cls: 0.0114, loss: 0.0114
2026-08-07 03:30:53,426 - pyskl - INFO - Epoch [15][12300/12529]	lr: 1.245e-04, eta: 0:45:49, time: 0.214, data_time: 0.000, memory: 1700, top1_acc: 1.0000, top5_acc: 1.0000, loss_cls: 0.0130, loss: 0.0130
2026-08-07 03:31:14,810 - pyskl - INFO - Epoch [15][12400/12529]	lr: 1.226e-04, eta: 0:45:28, time: 0.214, data_time: 0.000, memory: 1700, top1_acc: 1.0000, top5_acc: 1.0000, loss_cls: 0.0133, loss: 0.0133
2026-08-07 03:31:36,226 - pyskl - INFO - Epoch [15][12500/12529]	lr: 1.207e-04, eta: 0:45:06, time: 0.214, data_time: 0.000, memory: 1700, top1_acc: 1.0000, top5_acc: 1.0000, loss_cls: 0.0139, loss: 0.0139
2026-08-07 03:31:42,836 - pyskl - INFO - Saving checkpoint at 15 epochs
2026-08-07 03:33:04,730 - pyskl - INFO - Evaluating top_k_accuracy ...
2026-08-07 03:33:04,799 - pyskl - INFO - 
top1_acc	0.8798
top5_acc	0.9774
2026-08-07 03:33:04,803 - pyskl - INFO - The previous best checkpoint D:\YXJProject\pythonProject\pyskl\work_dirs\stgcn\stgcn_pyskl_ntu60_xsub_3dkp\j_single_gpu\best_top1_acc_epoch_14.pth was removed
2026-08-07 03:33:04,955 - pyskl - INFO - Now best checkpoint is saved as best_top1_acc_epoch_15.pth.
2026-08-07 03:33:04,955 - pyskl - INFO - Best top1_acc is 0.8798 at 15 epoch.
2026-08-07 03:33:04,958 - pyskl - INFO - Epoch(val) [15][1031]	top1_acc: 0.8798, top5_acc: 0.9774
2026-08-07 03:33:39,436 - pyskl - INFO - Epoch [16][100/12529]	lr: 1.182e-04, eta: 0:44:39, time: 0.345, data_time: 0.125, memory: 1700, top1_acc: 1.0000, top5_acc: 1.0000, loss_cls: 0.0129, loss: 0.0129
2026-08-07 03:34:01,000 - pyskl - INFO - Epoch [16][200/12529]	lr: 1.163e-04, eta: 0:44:17, time: 0.216, data_time: 0.000, memory: 1700, top1_acc: 1.0000, top5_acc: 1.0000, loss_cls: 0.0131, loss: 0.0131
2026-08-07 03:34:22,430 - pyskl - INFO - Epoch [16][300/12529]	lr: 1.144e-04, eta: 0:43:56, time: 0.214, data_time: 0.000, memory: 1700, top1_acc: 1.0000, top5_acc: 1.0000, loss_cls: 0.0127, loss: 0.0127
2026-08-07 03:34:44,060 - pyskl - INFO - Epoch [16][400/12529]	lr: 1.126e-04, eta: 0:43:34, time: 0.216, data_time: 0.000, memory: 1700, top1_acc: 1.0000, top5_acc: 1.0000, loss_cls: 0.0119, loss: 0.0119
2026-08-07 03:35:05,850 - pyskl - INFO - Epoch [16][500/12529]	lr: 1.107e-04, eta: 0:43:13, time: 0.218, data_time: 0.000, memory: 1700, top1_acc: 0.9994, top5_acc: 1.0000, loss_cls: 0.0142, loss: 0.0142
2026-08-07 03:35:27,519 - pyskl - INFO - Epoch [16][600/12529]	lr: 1.089e-04, eta: 0:42:51, time: 0.217, data_time: 0.000, memory: 1700, top1_acc: 1.0000, top5_acc: 1.0000, loss_cls: 0.0114, loss: 0.0114
2026-08-07 03:35:49,319 - pyskl - INFO - Epoch [16][700/12529]	lr: 1.071e-04, eta: 0:42:30, time: 0.218, data_time: 0.000, memory: 1700, top1_acc: 1.0000, top5_acc: 1.0000, loss_cls: 0.0121, loss: 0.0121
2026-08-07 03:36:11,193 - pyskl - INFO - Epoch [16][800/12529]	lr: 1.053e-04, eta: 0:42:08, time: 0.219, data_time: 0.000, memory: 1700, top1_acc: 1.0000, top5_acc: 1.0000, loss_cls: 0.0121, loss: 0.0121
2026-08-07 03:36:33,000 - pyskl - INFO - Epoch [16][900/12529]	lr: 1.035e-04, eta: 0:41:47, time: 0.218, data_time: 0.000, memory: 1700, top1_acc: 1.0000, top5_acc: 1.0000, loss_cls: 0.0126, loss: 0.0126
2026-08-07 03:36:54,612 - pyskl - INFO - Epoch [16][1000/12529]	lr: 1.018e-04, eta: 0:41:25, time: 0.216, data_time: 0.000, memory: 1700, top1_acc: 1.0000, top5_acc: 1.0000, loss_cls: 0.0108, loss: 0.0108
2026-08-07 03:37:16,435 - pyskl - INFO - Epoch [16][1100/12529]	lr: 1.000e-04, eta: 0:41:03, time: 0.218, data_time: 0.000, memory: 1700, top1_acc: 1.0000, top5_acc: 1.0000, loss_cls: 0.0131, loss: 0.0131
2026-08-07 03:37:37,878 - pyskl - INFO - Epoch [16][1200/12529]	lr: 9.826e-05, eta: 0:40:42, time: 0.214, data_time: 0.000, memory: 1700, top1_acc: 0.9994, top5_acc: 1.0000, loss_cls: 0.0147, loss: 0.0147
2026-08-07 03:37:59,529 - pyskl - INFO - Epoch [16][1300/12529]	lr: 9.654e-05, eta: 0:40:20, time: 0.217, data_time: 0.000, memory: 1700, top1_acc: 1.0000, top5_acc: 1.0000, loss_cls: 0.0114, loss: 0.0114
2026-08-07 03:38:21,289 - pyskl - INFO - Epoch [16][1400/12529]	lr: 9.483e-05, eta: 0:39:59, time: 0.218, data_time: 0.000, memory: 1700, top1_acc: 1.0000, top5_acc: 1.0000, loss_cls: 0.0108, loss: 0.0108
2026-08-07 03:38:43,072 - pyskl - INFO - Epoch [16][1500/12529]	lr: 9.314e-05, eta: 0:39:37, time: 0.218, data_time: 0.000, memory: 1700, top1_acc: 0.9994, top5_acc: 1.0000, loss_cls: 0.0151, loss: 0.0151
2026-08-07 03:39:04,804 - pyskl - INFO - Epoch [16][1600/12529]	lr: 9.147e-05, eta: 0:39:16, time: 0.217, data_time: 0.000, memory: 1700, top1_acc: 1.0000, top5_acc: 1.0000, loss_cls: 0.0117, loss: 0.0117
2026-08-07 03:39:26,208 - pyskl - INFO - Epoch [16][1700/12529]	lr: 8.980e-05, eta: 0:38:54, time: 0.214, data_time: 0.000, memory: 1700, top1_acc: 1.0000, top5_acc: 1.0000, loss_cls: 0.0128, loss: 0.0128
2026-08-07 03:39:47,801 - pyskl - INFO - Epoch [16][1800/12529]	lr: 8.816e-05, eta: 0:38:33, time: 0.216, data_time: 0.000, memory: 1700, top1_acc: 1.0000, top5_acc: 1.0000, loss_cls: 0.0119, loss: 0.0119
2026-08-07 03:40:09,296 - pyskl - INFO - Epoch [16][1900/12529]	lr: 8.652e-05, eta: 0:38:11, time: 0.215, data_time: 0.000, memory: 1700, top1_acc: 1.0000, top5_acc: 1.0000, loss_cls: 0.0143, loss: 0.0143
2026-08-07 03:40:30,637 - pyskl - INFO - Epoch [16][2000/12529]	lr: 8.491e-05, eta: 0:37:49, time: 0.213, data_time: 0.000, memory: 1700, top1_acc: 1.0000, top5_acc: 1.0000, loss_cls: 0.0126, loss: 0.0126
2026-08-07 03:40:52,025 - pyskl - INFO - Epoch [16][2100/12529]	lr: 8.331e-05, eta: 0:37:28, time: 0.214, data_time: 0.000, memory: 1700, top1_acc: 1.0000, top5_acc: 1.0000, loss_cls: 0.0114, loss: 0.0114
2026-08-07 03:41:13,445 - pyskl - INFO - Epoch [16][2200/12529]	lr: 8.172e-05, eta: 0:37:06, time: 0.214, data_time: 0.000, memory: 1700, top1_acc: 1.0000, top5_acc: 1.0000, loss_cls: 0.0117, loss: 0.0117
2026-08-07 03:41:35,128 - pyskl - INFO - Epoch [16][2300/12529]	lr: 8.015e-05, eta: 0:36:45, time: 0.217, data_time: 0.000, memory: 1700, top1_acc: 0.9994, top5_acc: 1.0000, loss_cls: 0.0144, loss: 0.0144
2026-08-07 03:41:56,867 - pyskl - INFO - Epoch [16][2400/12529]	lr: 7.859e-05, eta: 0:36:23, time: 0.217, data_time: 0.000, memory: 1700, top1_acc: 1.0000, top5_acc: 1.0000, loss_cls: 0.0127, loss: 0.0127
2026-08-07 03:42:18,619 - pyskl - INFO - Epoch [16][2500/12529]	lr: 7.705e-05, eta: 0:36:02, time: 0.218, data_time: 0.000, memory: 1700, top1_acc: 1.0000, top5_acc: 1.0000, loss_cls: 0.0133, loss: 0.0133
2026-08-07 03:42:40,196 - pyskl - INFO - Epoch [16][2600/12529]	lr: 7.553e-05, eta: 0:35:40, time: 0.216, data_time: 0.000, memory: 1700, top1_acc: 1.0000, top5_acc: 1.0000, loss_cls: 0.0117, loss: 0.0117
2026-08-07 03:43:01,876 - pyskl - INFO - Epoch [16][2700/12529]	lr: 7.402e-05, eta: 0:35:19, time: 0.217, data_time: 0.000, memory: 1700, top1_acc: 1.0000, top5_acc: 1.0000, loss_cls: 0.0141, loss: 0.0141
2026-08-07 03:43:23,723 - pyskl - INFO - Epoch [16][2800/12529]	lr: 7.252e-05, eta: 0:34:57, time: 0.218, data_time: 0.000, memory: 1700, top1_acc: 0.9994, top5_acc: 1.0000, loss_cls: 0.0144, loss: 0.0144
2026-08-07 03:43:45,307 - pyskl - INFO - Epoch [16][2900/12529]	lr: 7.104e-05, eta: 0:34:35, time: 0.216, data_time: 0.000, memory: 1700, top1_acc: 0.9994, top5_acc: 1.0000, loss_cls: 0.0135, loss: 0.0135
2026-08-07 03:44:06,955 - pyskl - INFO - Epoch [16][3000/12529]	lr: 6.958e-05, eta: 0:34:14, time: 0.216, data_time: 0.000, memory: 1700, top1_acc: 1.0000, top5_acc: 1.0000, loss_cls: 0.0134, loss: 0.0134
2026-08-07 03:44:28,359 - pyskl - INFO - Epoch [16][3100/12529]	lr: 6.813e-05, eta: 0:33:52, time: 0.214, data_time: 0.000, memory: 1700, top1_acc: 1.0000, top5_acc: 1.0000, loss_cls: 0.0120, loss: 0.0120
2026-08-07 03:44:49,830 - pyskl - INFO - Epoch [16][3200/12529]	lr: 6.669e-05, eta: 0:33:31, time: 0.215, data_time: 0.000, memory: 1700, top1_acc: 1.0000, top5_acc: 1.0000, loss_cls: 0.0116, loss: 0.0116
2026-08-07 03:45:11,446 - pyskl - INFO - Epoch [16][3300/12529]	lr: 6.527e-05, eta: 0:33:09, time: 0.216, data_time: 0.000, memory: 1700, top1_acc: 1.0000, top5_acc: 1.0000, loss_cls: 0.0133, loss: 0.0133
2026-08-07 03:45:33,065 - pyskl - INFO - Epoch [16][3400/12529]	lr: 6.387e-05, eta: 0:32:48, time: 0.216, data_time: 0.000, memory: 1700, top1_acc: 1.0000, top5_acc: 1.0000, loss_cls: 0.0132, loss: 0.0132
2026-08-07 03:45:54,357 - pyskl - INFO - Epoch [16][3500/12529]	lr: 6.248e-05, eta: 0:32:26, time: 0.213, data_time: 0.000, memory: 1700, top1_acc: 0.9988, top5_acc: 1.0000, loss_cls: 0.0132, loss: 0.0132
2026-08-07 03:46:15,788 - pyskl - INFO - Epoch [16][3600/12529]	lr: 6.110e-05, eta: 0:32:05, time: 0.214, data_time: 0.000, memory: 1700, top1_acc: 0.9994, top5_acc: 1.0000, loss_cls: 0.0121, loss: 0.0121
2026-08-07 03:46:37,216 - pyskl - INFO - Epoch [16][3700/12529]	lr: 5.975e-05, eta: 0:31:43, time: 0.214, data_time: 0.000, memory: 1700, top1_acc: 1.0000, top5_acc: 1.0000, loss_cls: 0.0119, loss: 0.0119
2026-08-07 03:46:58,625 - pyskl - INFO - Epoch [16][3800/12529]	lr: 5.840e-05, eta: 0:31:21, time: 0.214, data_time: 0.000, memory: 1700, top1_acc: 0.9994, top5_acc: 1.0000, loss_cls: 0.0109, loss: 0.0109
2026-08-07 03:47:20,114 - pyskl - INFO - Epoch [16][3900/12529]	lr: 5.707e-05, eta: 0:31:00, time: 0.215, data_time: 0.000, memory: 1700, top1_acc: 1.0000, top5_acc: 1.0000, loss_cls: 0.0119, loss: 0.0119
2026-08-07 03:47:41,590 - pyskl - INFO - Epoch [16][4000/12529]	lr: 5.576e-05, eta: 0:30:38, time: 0.215, data_time: 0.000, memory: 1700, top1_acc: 1.0000, top5_acc: 1.0000, loss_cls: 0.0131, loss: 0.0131
2026-08-07 03:48:02,903 - pyskl - INFO - Epoch [16][4100/12529]	lr: 5.446e-05, eta: 0:30:17, time: 0.213, data_time: 0.000, memory: 1700, top1_acc: 0.9994, top5_acc: 1.0000, loss_cls: 0.0125, loss: 0.0125
2026-08-07 03:48:24,452 - pyskl - INFO - Epoch [16][4200/12529]	lr: 5.318e-05, eta: 0:29:55, time: 0.215, data_time: 0.000, memory: 1700, top1_acc: 0.9994, top5_acc: 1.0000, loss_cls: 0.0120, loss: 0.0120
2026-08-07 03:48:45,951 - pyskl - INFO - Epoch [16][4300/12529]	lr: 5.191e-05, eta: 0:29:34, time: 0.215, data_time: 0.000, memory: 1700, top1_acc: 1.0000, top5_acc: 1.0000, loss_cls: 0.0114, loss: 0.0114
2026-08-07 03:49:07,435 - pyskl - INFO - Epoch [16][4400/12529]	lr: 5.066e-05, eta: 0:29:12, time: 0.215, data_time: 0.000, memory: 1700, top1_acc: 0.9994, top5_acc: 1.0000, loss_cls: 0.0132, loss: 0.0132
2026-08-07 03:49:28,853 - pyskl - INFO - Epoch [16][4500/12529]	lr: 4.942e-05, eta: 0:28:50, time: 0.214, data_time: 0.000, memory: 1700, top1_acc: 0.9994, top5_acc: 1.0000, loss_cls: 0.0109, loss: 0.0109
2026-08-07 03:49:50,273 - pyskl - INFO - Epoch [16][4600/12529]	lr: 4.820e-05, eta: 0:28:29, time: 0.214, data_time: 0.000, memory: 1700, top1_acc: 1.0000, top5_acc: 1.0000, loss_cls: 0.0117, loss: 0.0117
2026-08-07 03:50:11,786 - pyskl - INFO - Epoch [16][4700/12529]	lr: 4.700e-05, eta: 0:28:07, time: 0.215, data_time: 0.000, memory: 1700, top1_acc: 1.0000, top5_acc: 1.0000, loss_cls: 0.0109, loss: 0.0109
2026-08-07 03:50:33,290 - pyskl - INFO - Epoch [16][4800/12529]	lr: 4.580e-05, eta: 0:27:46, time: 0.215, data_time: 0.000, memory: 1700, top1_acc: 1.0000, top5_acc: 1.0000, loss_cls: 0.0107, loss: 0.0107
2026-08-07 03:50:54,708 - pyskl - INFO - Epoch [16][4900/12529]	lr: 4.463e-05, eta: 0:27:24, time: 0.214, data_time: 0.000, memory: 1700, top1_acc: 1.0000, top5_acc: 1.0000, loss_cls: 0.0136, loss: 0.0136
2026-08-07 03:51:16,143 - pyskl - INFO - Epoch [16][5000/12529]	lr: 4.347e-05, eta: 0:27:03, time: 0.214, data_time: 0.000, memory: 1700, top1_acc: 1.0000, top5_acc: 1.0000, loss_cls: 0.0124, loss: 0.0124
2026-08-07 03:51:37,483 - pyskl - INFO - Epoch [16][5100/12529]	lr: 4.232e-05, eta: 0:26:41, time: 0.213, data_time: 0.000, memory: 1700, top1_acc: 1.0000, top5_acc: 1.0000, loss_cls: 0.0136, loss: 0.0136
2026-08-07 03:51:58,819 - pyskl - INFO - Epoch [16][5200/12529]	lr: 4.119e-05, eta: 0:26:19, time: 0.213, data_time: 0.000, memory: 1700, top1_acc: 1.0000, top5_acc: 1.0000, loss_cls: 0.0131, loss: 0.0131
2026-08-07 03:52:20,216 - pyskl - INFO - Epoch [16][5300/12529]	lr: 4.008e-05, eta: 0:25:58, time: 0.214, data_time: 0.000, memory: 1700, top1_acc: 1.0000, top5_acc: 1.0000, loss_cls: 0.0117, loss: 0.0117
2026-08-07 03:52:41,568 - pyskl - INFO - Epoch [16][5400/12529]	lr: 3.898e-05, eta: 0:25:36, time: 0.214, data_time: 0.000, memory: 1700, top1_acc: 1.0000, top5_acc: 1.0000, loss_cls: 0.0120, loss: 0.0120
2026-08-07 03:53:02,906 - pyskl - INFO - Epoch [16][5500/12529]	lr: 3.789e-05, eta: 0:25:15, time: 0.213, data_time: 0.000, memory: 1700, top1_acc: 1.0000, top5_acc: 1.0000, loss_cls: 0.0127, loss: 0.0127
2026-08-07 03:53:24,375 - pyskl - INFO - Epoch [16][5600/12529]	lr: 3.682e-05, eta: 0:24:53, time: 0.215, data_time: 0.000, memory: 1700, top1_acc: 0.9988, top5_acc: 1.0000, loss_cls: 0.0145, loss: 0.0145
2026-08-07 03:53:45,700 - pyskl - INFO - Epoch [16][5700/12529]	lr: 3.577e-05, eta: 0:24:32, time: 0.213, data_time: 0.000, memory: 1700, top1_acc: 1.0000, top5_acc: 1.0000, loss_cls: 0.0123, loss: 0.0123
2026-08-07 03:54:07,132 - pyskl - INFO - Epoch [16][5800/12529]	lr: 3.473e-05, eta: 0:24:10, time: 0.214, data_time: 0.000, memory: 1700, top1_acc: 0.9994, top5_acc: 1.0000, loss_cls: 0.0126, loss: 0.0126
2026-08-07 03:54:28,628 - pyskl - INFO - Epoch [16][5900/12529]	lr: 3.371e-05, eta: 0:23:49, time: 0.215, data_time: 0.000, memory: 1700, top1_acc: 1.0000, top5_acc: 1.0000, loss_cls: 0.0106, loss: 0.0106
2026-08-07 03:54:50,186 - pyskl - INFO - Epoch [16][6000/12529]	lr: 3.270e-05, eta: 0:23:27, time: 0.216, data_time: 0.000, memory: 1700, top1_acc: 1.0000, top5_acc: 1.0000, loss_cls: 0.0137, loss: 0.0137
2026-08-07 03:55:11,573 - pyskl - INFO - Epoch [16][6100/12529]	lr: 3.171e-05, eta: 0:23:05, time: 0.214, data_time: 0.000, memory: 1700, top1_acc: 0.9988, top5_acc: 1.0000, loss_cls: 0.0133, loss: 0.0133
2026-08-07 03:55:32,874 - pyskl - INFO - Epoch [16][6200/12529]	lr: 3.073e-05, eta: 0:22:44, time: 0.213, data_time: 0.000, memory: 1700, top1_acc: 1.0000, top5_acc: 1.0000, loss_cls: 0.0128, loss: 0.0128
2026-08-07 03:55:54,332 - pyskl - INFO - Epoch [16][6300/12529]	lr: 2.977e-05, eta: 0:22:22, time: 0.215, data_time: 0.000, memory: 1700, top1_acc: 1.0000, top5_acc: 1.0000, loss_cls: 0.0120, loss: 0.0120
2026-08-07 03:56:15,854 - pyskl - INFO - Epoch [16][6400/12529]	lr: 2.882e-05, eta: 0:22:01, time: 0.215, data_time: 0.000, memory: 1700, top1_acc: 1.0000, top5_acc: 1.0000, loss_cls: 0.0117, loss: 0.0117
2026-08-07 03:56:37,291 - pyskl - INFO - Epoch [16][6500/12529]	lr: 2.789e-05, eta: 0:21:39, time: 0.214, data_time: 0.000, memory: 1700, top1_acc: 1.0000, top5_acc: 1.0000, loss_cls: 0.0121, loss: 0.0121
2026-08-07 03:56:58,796 - pyskl - INFO - Epoch [16][6600/12529]	lr: 2.697e-05, eta: 0:21:18, time: 0.215, data_time: 0.000, memory: 1700, top1_acc: 1.0000, top5_acc: 1.0000, loss_cls: 0.0132, loss: 0.0132
2026-08-07 03:57:20,365 - pyskl - INFO - Epoch [16][6700/12529]	lr: 2.607e-05, eta: 0:20:56, time: 0.216, data_time: 0.000, memory: 1700, top1_acc: 1.0000, top5_acc: 1.0000, loss_cls: 0.0134, loss: 0.0134
2026-08-07 03:57:41,813 - pyskl - INFO - Epoch [16][6800/12529]	lr: 2.518e-05, eta: 0:20:35, time: 0.214, data_time: 0.000, memory: 1700, top1_acc: 0.9988, top5_acc: 1.0000, loss_cls: 0.0118, loss: 0.0118
2026-08-07 03:58:03,356 - pyskl - INFO - Epoch [16][6900/12529]	lr: 2.431e-05, eta: 0:20:13, time: 0.215, data_time: 0.000, memory: 1700, top1_acc: 1.0000, top5_acc: 1.0000, loss_cls: 0.0111, loss: 0.0111
2026-08-07 03:58:24,784 - pyskl - INFO - Epoch [16][7000/12529]	lr: 2.346e-05, eta: 0:19:51, time: 0.214, data_time: 0.000, memory: 1700, top1_acc: 0.9988, top5_acc: 1.0000, loss_cls: 0.0147, loss: 0.0147
2026-08-07 03:58:46,229 - pyskl - INFO - Epoch [16][7100/12529]	lr: 2.262e-05, eta: 0:19:30, time: 0.214, data_time: 0.000, memory: 1700, top1_acc: 1.0000, top5_acc: 1.0000, loss_cls: 0.0125, loss: 0.0125
2026-08-07 03:59:07,810 - pyskl - INFO - Epoch [16][7200/12529]	lr: 2.179e-05, eta: 0:19:08, time: 0.216, data_time: 0.000, memory: 1700, top1_acc: 1.0000, top5_acc: 1.0000, loss_cls: 0.0126, loss: 0.0126
2026-08-07 03:59:29,210 - pyskl - INFO - Epoch [16][7300/12529]	lr: 2.098e-05, eta: 0:18:47, time: 0.214, data_time: 0.000, memory: 1700, top1_acc: 1.0000, top5_acc: 1.0000, loss_cls: 0.0111, loss: 0.0111
2026-08-07 03:59:50,688 - pyskl - INFO - Epoch [16][7400/12529]	lr: 2.019e-05, eta: 0:18:25, time: 0.215, data_time: 0.000, memory: 1700, top1_acc: 0.9994, top5_acc: 1.0000, loss_cls: 0.0129, loss: 0.0129
2026-08-07 04:00:12,357 - pyskl - INFO - Epoch [16][7500/12529]	lr: 1.941e-05, eta: 0:18:04, time: 0.217, data_time: 0.000, memory: 1700, top1_acc: 1.0000, top5_acc: 1.0000, loss_cls: 0.0116, loss: 0.0116
2026-08-07 04:00:33,804 - pyskl - INFO - Epoch [16][7600/12529]	lr: 1.864e-05, eta: 0:17:42, time: 0.214, data_time: 0.000, memory: 1700, top1_acc: 1.0000, top5_acc: 1.0000, loss_cls: 0.0126, loss: 0.0126
2026-08-07 04:00:55,326 - pyskl - INFO - Epoch [16][7700/12529]	lr: 1.790e-05, eta: 0:17:20, time: 0.215, data_time: 0.000, memory: 1700, top1_acc: 0.9994, top5_acc: 1.0000, loss_cls: 0.0131, loss: 0.0131
2026-08-07 04:01:16,827 - pyskl - INFO - Epoch [16][7800/12529]	lr: 1.716e-05, eta: 0:16:59, time: 0.215, data_time: 0.000, memory: 1700, top1_acc: 1.0000, top5_acc: 1.0000, loss_cls: 0.0116, loss: 0.0116
2026-08-07 04:01:38,257 - pyskl - INFO - Epoch [16][7900/12529]	lr: 1.645e-05, eta: 0:16:37, time: 0.214, data_time: 0.000, memory: 1700, top1_acc: 1.0000, top5_acc: 1.0000, loss_cls: 0.0113, loss: 0.0113
2026-08-07 04:01:59,809 - pyskl - INFO - Epoch [16][8000/12529]	lr: 1.574e-05, eta: 0:16:16, time: 0.216, data_time: 0.000, memory: 1700, top1_acc: 0.9994, top5_acc: 1.0000, loss_cls: 0.0128, loss: 0.0128
2026-08-07 04:02:21,276 - pyskl - INFO - Epoch [16][8100/12529]	lr: 1.506e-05, eta: 0:15:54, time: 0.215, data_time: 0.000, memory: 1700, top1_acc: 1.0000, top5_acc: 1.0000, loss_cls: 0.0110, loss: 0.0110
2026-08-07 04:02:42,634 - pyskl - INFO - Epoch [16][8200/12529]	lr: 1.438e-05, eta: 0:15:33, time: 0.214, data_time: 0.000, memory: 1700, top1_acc: 1.0000, top5_acc: 1.0000, loss_cls: 0.0114, loss: 0.0114
2026-08-07 04:03:04,048 - pyskl - INFO - Epoch [16][8300/12529]	lr: 1.373e-05, eta: 0:15:11, time: 0.214, data_time: 0.000, memory: 1700, top1_acc: 1.0000, top5_acc: 1.0000, loss_cls: 0.0119, loss: 0.0119
2026-08-07 04:03:25,550 - pyskl - INFO - Epoch [16][8400/12529]	lr: 1.309e-05, eta: 0:14:50, time: 0.215, data_time: 0.000, memory: 1700, top1_acc: 1.0000, top5_acc: 1.0000, loss_cls: 0.0119, loss: 0.0119
2026-08-07 04:03:46,976 - pyskl - INFO - Epoch [16][8500/12529]	lr: 1.246e-05, eta: 0:14:28, time: 0.214, data_time: 0.000, memory: 1700, top1_acc: 1.0000, top5_acc: 1.0000, loss_cls: 0.0123, loss: 0.0123
2026-08-07 04:04:08,541 - pyskl - INFO - Epoch [16][8600/12529]	lr: 1.185e-05, eta: 0:14:06, time: 0.216, data_time: 0.000, memory: 1700, top1_acc: 1.0000, top5_acc: 1.0000, loss_cls: 0.0116, loss: 0.0116
2026-08-07 04:04:29,952 - pyskl - INFO - Epoch [16][8700/12529]	lr: 1.125e-05, eta: 0:13:45, time: 0.214, data_time: 0.000, memory: 1700, top1_acc: 0.9994, top5_acc: 1.0000, loss_cls: 0.0123, loss: 0.0123
2026-08-07 04:04:51,328 - pyskl - INFO - Epoch [16][8800/12529]	lr: 1.068e-05, eta: 0:13:23, time: 0.214, data_time: 0.000, memory: 1700, top1_acc: 1.0000, top5_acc: 1.0000, loss_cls: 0.0116, loss: 0.0116
2026-08-07 04:05:12,801 - pyskl - INFO - Epoch [16][8900/12529]	lr: 1.011e-05, eta: 0:13:02, time: 0.215, data_time: 0.000, memory: 1700, top1_acc: 1.0000, top5_acc: 1.0000, loss_cls: 0.0108, loss: 0.0108
2026-08-07 04:05:34,356 - pyskl - INFO - Epoch [16][9000/12529]	lr: 9.561e-06, eta: 0:12:40, time: 0.216, data_time: 0.000, memory: 1700, top1_acc: 1.0000, top5_acc: 1.0000, loss_cls: 0.0108, loss: 0.0108
2026-08-07 04:05:55,809 - pyskl - INFO - Epoch [16][9100/12529]	lr: 9.027e-06, eta: 0:12:19, time: 0.215, data_time: 0.000, memory: 1700, top1_acc: 1.0000, top5_acc: 1.0000, loss_cls: 0.0117, loss: 0.0117
2026-08-07 04:06:17,334 - pyskl - INFO - Epoch [16][9200/12529]	lr: 8.509e-06, eta: 0:11:57, time: 0.215, data_time: 0.000, memory: 1700, top1_acc: 1.0000, top5_acc: 1.0000, loss_cls: 0.0116, loss: 0.0116
2026-08-07 04:06:38,756 - pyskl - INFO - Epoch [16][9300/12529]	lr: 8.006e-06, eta: 0:11:36, time: 0.214, data_time: 0.000, memory: 1700, top1_acc: 1.0000, top5_acc: 1.0000, loss_cls: 0.0111, loss: 0.0111
2026-08-07 04:07:00,104 - pyskl - INFO - Epoch [16][9400/12529]	lr: 7.518e-06, eta: 0:11:14, time: 0.213, data_time: 0.000, memory: 1700, top1_acc: 1.0000, top5_acc: 1.0000, loss_cls: 0.0133, loss: 0.0133
2026-08-07 04:07:21,537 - pyskl - INFO - Epoch [16][9500/12529]	lr: 7.045e-06, eta: 0:10:52, time: 0.214, data_time: 0.000, memory: 1700, top1_acc: 1.0000, top5_acc: 1.0000, loss_cls: 0.0116, loss: 0.0116
2026-08-07 04:07:42,956 - pyskl - INFO - Epoch [16][9600/12529]	lr: 6.588e-06, eta: 0:10:31, time: 0.214, data_time: 0.000, memory: 1700, top1_acc: 1.0000, top5_acc: 1.0000, loss_cls: 0.0112, loss: 0.0112
2026-08-07 04:08:04,412 - pyskl - INFO - Epoch [16][9700/12529]	lr: 6.146e-06, eta: 0:10:09, time: 0.215, data_time: 0.000, memory: 1700, top1_acc: 1.0000, top5_acc: 1.0000, loss_cls: 0.0101, loss: 0.0101
2026-08-07 04:08:25,918 - pyskl - INFO - Epoch [16][9800/12529]	lr: 5.719e-06, eta: 0:09:48, time: 0.215, data_time: 0.000, memory: 1700, top1_acc: 1.0000, top5_acc: 1.0000, loss_cls: 0.0113, loss: 0.0113
2026-08-07 04:08:47,370 - pyskl - INFO - Epoch [16][9900/12529]	lr: 5.308e-06, eta: 0:09:26, time: 0.214, data_time: 0.000, memory: 1700, top1_acc: 1.0000, top5_acc: 1.0000, loss_cls: 0.0108, loss: 0.0108
2026-08-07 04:09:08,767 - pyskl - INFO - Epoch [16][10000/12529]	lr: 4.912e-06, eta: 0:09:05, time: 0.214, data_time: 0.000, memory: 1700, top1_acc: 0.9994, top5_acc: 1.0000, loss_cls: 0.0107, loss: 0.0107
2026-08-07 04:09:30,145 - pyskl - INFO - Epoch [16][10100/12529]	lr: 4.531e-06, eta: 0:08:43, time: 0.214, data_time: 0.000, memory: 1700, top1_acc: 1.0000, top5_acc: 1.0000, loss_cls: 0.0106, loss: 0.0106
2026-08-07 04:09:51,626 - pyskl - INFO - Epoch [16][10200/12529]	lr: 4.166e-06, eta: 0:08:22, time: 0.215, data_time: 0.000, memory: 1700, top1_acc: 1.0000, top5_acc: 1.0000, loss_cls: 0.0115, loss: 0.0115
2026-08-07 04:10:12,926 - pyskl - INFO - Epoch [16][10300/12529]	lr: 3.816e-06, eta: 0:08:00, time: 0.213, data_time: 0.000, memory: 1700, top1_acc: 0.9994, top5_acc: 1.0000, loss_cls: 0.0136, loss: 0.0136
2026-08-07 04:10:34,587 - pyskl - INFO - Epoch [16][10400/12529]	lr: 3.482e-06, eta: 0:07:38, time: 0.217, data_time: 0.000, memory: 1700, top1_acc: 0.9994, top5_acc: 1.0000, loss_cls: 0.0119, loss: 0.0119
2026-08-07 04:10:55,927 - pyskl - INFO - Epoch [16][10500/12529]	lr: 3.163e-06, eta: 0:07:17, time: 0.213, data_time: 0.000, memory: 1700, top1_acc: 1.0000, top5_acc: 1.0000, loss_cls: 0.0124, loss: 0.0124
2026-08-07 04:11:17,399 - pyskl - INFO - Epoch [16][10600/12529]	lr: 2.859e-06, eta: 0:06:55, time: 0.215, data_time: 0.000, memory: 1700, top1_acc: 1.0000, top5_acc: 1.0000, loss_cls: 0.0115, loss: 0.0115
2026-08-07 04:11:38,906 - pyskl - INFO - Epoch [16][10700/12529]	lr: 2.570e-06, eta: 0:06:34, time: 0.215, data_time: 0.000, memory: 1700, top1_acc: 1.0000, top5_acc: 1.0000, loss_cls: 0.0117, loss: 0.0117
2026-08-07 04:12:00,423 - pyskl - INFO - Epoch [16][10800/12529]	lr: 2.297e-06, eta: 0:06:12, time: 0.215, data_time: 0.000, memory: 1700, top1_acc: 0.9994, top5_acc: 1.0000, loss_cls: 0.0153, loss: 0.0153
2026-08-07 04:12:22,013 - pyskl - INFO - Epoch [16][10900/12529]	lr: 2.039e-06, eta: 0:05:51, time: 0.216, data_time: 0.000, memory: 1700, top1_acc: 1.0000, top5_acc: 1.0000, loss_cls: 0.0142, loss: 0.0142
2026-08-07 04:12:43,465 - pyskl - INFO - Epoch [16][11000/12529]	lr: 1.797e-06, eta: 0:05:29, time: 0.215, data_time: 0.000, memory: 1700, top1_acc: 1.0000, top5_acc: 1.0000, loss_cls: 0.0121, loss: 0.0121
2026-08-07 04:13:05,410 - pyskl - INFO - Epoch [16][11100/12529]	lr: 1.569e-06, eta: 0:05:08, time: 0.219, data_time: 0.000, memory: 1700, top1_acc: 1.0000, top5_acc: 1.0000, loss_cls: 0.0119, loss: 0.0119
2026-08-07 04:13:27,051 - pyskl - INFO - Epoch [16][11200/12529]	lr: 1.358e-06, eta: 0:04:46, time: 0.216, data_time: 0.000, memory: 1700, top1_acc: 1.0000, top5_acc: 1.0000, loss_cls: 0.0111, loss: 0.0111
2026-08-07 04:13:48,744 - pyskl - INFO - Epoch [16][11300/12529]	lr: 1.161e-06, eta: 0:04:24, time: 0.217, data_time: 0.000, memory: 1700, top1_acc: 1.0000, top5_acc: 1.0000, loss_cls: 0.0124, loss: 0.0124
2026-08-07 04:14:10,434 - pyskl - INFO - Epoch [16][11400/12529]	lr: 9.800e-07, eta: 0:04:03, time: 0.217, data_time: 0.000, memory: 1700, top1_acc: 1.0000, top5_acc: 1.0000, loss_cls: 0.0116, loss: 0.0116
2026-08-07 04:14:31,817 - pyskl - INFO - Epoch [16][11500/12529]	lr: 8.142e-07, eta: 0:03:41, time: 0.214, data_time: 0.000, memory: 1700, top1_acc: 1.0000, top5_acc: 1.0000, loss_cls: 0.0129, loss: 0.0129
2026-08-07 04:14:53,383 - pyskl - INFO - Epoch [16][11600/12529]	lr: 6.638e-07, eta: 0:03:20, time: 0.216, data_time: 0.000, memory: 1700, top1_acc: 1.0000, top5_acc: 1.0000, loss_cls: 0.0152, loss: 0.0152
2026-08-07 04:15:15,042 - pyskl - INFO - Epoch [16][11700/12529]	lr: 5.287e-07, eta: 0:02:58, time: 0.217, data_time: 0.000, memory: 1700, top1_acc: 1.0000, top5_acc: 1.0000, loss_cls: 0.0119, loss: 0.0119
2026-08-07 04:15:36,692 - pyskl - INFO - Epoch [16][11800/12529]	lr: 4.090e-07, eta: 0:02:37, time: 0.216, data_time: 0.000, memory: 1700, top1_acc: 0.9994, top5_acc: 1.0000, loss_cls: 0.0140, loss: 0.0140
2026-08-07 04:15:58,192 - pyskl - INFO - Epoch [16][11900/12529]	lr: 3.046e-07, eta: 0:02:15, time: 0.215, data_time: 0.000, memory: 1700, top1_acc: 1.0000, top5_acc: 1.0000, loss_cls: 0.0145, loss: 0.0145
2026-08-07 04:16:19,927 - pyskl - INFO - Epoch [16][12000/12529]	lr: 2.156e-07, eta: 0:01:54, time: 0.217, data_time: 0.000, memory: 1700, top1_acc: 0.9994, top5_acc: 1.0000, loss_cls: 0.0125, loss: 0.0125
2026-08-07 04:16:41,557 - pyskl - INFO - Epoch [16][12100/12529]	lr: 1.419e-07, eta: 0:01:32, time: 0.216, data_time: 0.000, memory: 1700, top1_acc: 1.0000, top5_acc: 1.0000, loss_cls: 0.0118, loss: 0.0118
2026-08-07 04:17:03,253 - pyskl - INFO - Epoch [16][12200/12529]	lr: 8.358e-08, eta: 0:01:10, time: 0.217, data_time: 0.000, memory: 1700, top1_acc: 1.0000, top5_acc: 1.0000, loss_cls: 0.0131, loss: 0.0131
2026-08-07 04:17:24,858 - pyskl - INFO - Epoch [16][12300/12529]	lr: 4.060e-08, eta: 0:00:49, time: 0.216, data_time: 0.000, memory: 1700, top1_acc: 1.0000, top5_acc: 1.0000, loss_cls: 0.0116, loss: 0.0116
2026-08-07 04:17:46,094 - pyskl - INFO - Epoch [16][12400/12529]	lr: 1.297e-08, eta: 0:00:27, time: 0.212, data_time: 0.000, memory: 1700, top1_acc: 1.0000, top5_acc: 1.0000, loss_cls: 0.0114, loss: 0.0114
2026-08-07 04:18:07,512 - pyskl - INFO - Epoch [16][12500/12529]	lr: 6.907e-10, eta: 0:00:06, time: 0.214, data_time: 0.000, memory: 1700, top1_acc: 1.0000, top5_acc: 1.0000, loss_cls: 0.0116, loss: 0.0116
2026-08-07 04:18:14,195 - pyskl - INFO - Saving checkpoint at 16 epochs
2026-08-07 04:20:41,296 - pyskl - INFO - Evaluating top_k_accuracy ...
2026-08-07 04:20:41,371 - pyskl - INFO - 
top1_acc	0.8798
top5_acc	0.9779
2026-08-07 04:20:41,376 - pyskl - INFO - Epoch(val) [16][1031]	top1_acc: 0.8798, top5_acc: 0.9779
2026-08-07 04:21:00,128 - pyskl - INFO - 16487 videos remain after valid thresholding
2026-08-07 04:54:53,033 - pyskl - INFO - Testing results of the last checkpoint
2026-08-07 04:54:53,033 - pyskl - INFO - top1_acc: 0.8840
2026-08-07 04:54:53,033 - pyskl - INFO - top5_acc: 0.9787
2026-08-07 04:54:53,033 - pyskl - INFO - load checkpoint from local path: ./work_dirs/stgcn/stgcn_pyskl_ntu60_xsub_3dkp/j_single_gpu\best_top1_acc_epoch_15.pth
2026-08-07 05:23:38,418 - pyskl - INFO - Testing results of the best checkpoint
2026-08-07 05:23:38,418 - pyskl - INFO - top1_acc: 0.8851
2026-08-07 05:23:38,420 - pyskl - INFO - top5_acc: 0.9790
