2026-08-21 17:46:51,920 - pyskl - INFO - Environment info:
------------------------------------------------------------
sys.platform: win32
Python: 3.10.20 | packaged by conda-forge | (main, Jun 11 2026, 03:28:51) [MSC v.1944 64 bit (AMD64)]
CUDA available: True
GPU 0: NVIDIA GeForce GTX 1080 Ti
CUDA_HOME: C:\Program Files\NVIDIA GPU Computing Toolkit\CUDA\v11.6
NVCC: Cuda compilation tools, release 11.6, V11.6.55
MSVC: Microsoft (R) C/C++ Optimizing Compiler Version 19.51.36252 for x64
GCC: n/a
PyTorch: 1.12.1+cu113
PyTorch compiling details: PyTorch built with:
  - C++ Version: 199711
  - MSVC 192829337
  - Intel(R) Math Kernel Library Version 2020.0.2 Product Build 20200624 for Intel(R) 64 architecture applications
  - Intel(R) MKL-DNN v2.6.0 (Git Hash 52b5f107dd9cf10910aaa19cb47f3abf9b349815)
  - OpenMP 2019
  - LAPACK is enabled (usually provided by MKL)
  - CPU capability usage: AVX2
  - CUDA Runtime 11.3
  - NVCC architecture flags: -gencode;arch=compute_37,code=sm_37;-gencode;arch=compute_50,code=sm_50;-gencode;arch=compute_60,code=sm_60;-gencode;arch=compute_61,code=sm_61;-gencode;arch=compute_70,code=sm_70;-gencode;arch=compute_75,code=sm_75;-gencode;arch=compute_80,code=sm_80;-gencode;arch=compute_86,code=sm_86;-gencode;arch=compute_37,code=compute_37
  - CuDNN 8.3.2  (built against CUDA 11.5)
  - Magma 2.5.4
  - Build settings: BLAS_INFO=mkl, BUILD_TYPE=Release, CUDA_VERSION=11.3, CUDNN_VERSION=8.3.2, CXX_COMPILER=C:/actions-runner/_work/pytorch/pytorch/builder/windows/tmp_bin/sccache-cl.exe, CXX_FLAGS=/DWIN32 /D_WINDOWS /GR /EHsc /w /bigobj -DUSE_PTHREADPOOL -openmp:experimental -IC:/actions-runner/_work/pytorch/pytorch/builder/windows/mkl/include -DNDEBUG -DUSE_KINETO -DLIBKINETO_NOCUPTI -DUSE_FBGEMM -DUSE_XNNPACK -DSYMBOLICATE_MOBILE_DEBUG_HANDLE -DEDGE_PROFILER_USE_KINETO, LAPACK_INFO=mkl, PERF_WITH_AVX=1, PERF_WITH_AVX2=1, PERF_WITH_AVX512=1, TORCH_VERSION=1.12.1, USE_CUDA=ON, USE_CUDNN=ON, USE_EXCEPTION_PTR=1, USE_GFLAGS=OFF, USE_GLOG=OFF, USE_MKL=ON, USE_MKLDNN=OFF, USE_MPI=OFF, USE_NCCL=OFF, USE_NNPACK=OFF, USE_OPENMP=ON, USE_ROCM=OFF, 

TorchVision: 0.13.1+cu113
OpenCV: 4.7.0
MMCV: 1.7.0
MMCV Compiler: MSVC 192829924
MMCV CUDA Compiler: 11.3
pyskl: 0.1.0+096e392
------------------------------------------------------------

2026-08-21 17:46:52,041 - pyskl - INFO - Config: model = dict(
    type='RecognizerGCN',
    backbone=dict(
        type='STGCN',
        gcn_adaptive='init',
        gcn_with_res=True,
        tcn_type='mstcn',
        graph_cfg=dict(layout='nturgb+d', mode='spatial')),
    cls_head=dict(type='GCNHead', num_classes=60, in_channels=256))
dataset_type = 'PoseDataset'
ann_file = 'data/nturgbd/ntu60_inner_split.pkl'
train_pipeline = [
    dict(type='PreNormalize3D'),
    dict(
        type='RandomSkeletonDegrade',
        degrade_type='joint_missing',
        prob=1.0,
        dataset='nturgb+d',
        severity_sampling='S3'),
    dict(type='GenSkeFeat', dataset='nturgb+d', feats=['j']),
    dict(type='UniformSample', clip_len=100),
    dict(type='PoseDecode'),
    dict(type='FormatGCNInput', num_person=2),
    dict(type='Collect', keys=['keypoint', 'label'], meta_keys=[]),
    dict(type='ToTensor', keys=['keypoint'])
]
val_pipeline = [
    dict(type='PreNormalize3D'),
    dict(type='GenSkeFeat', dataset='nturgb+d', feats=['j']),
    dict(type='UniformSample', clip_len=100, num_clips=1),
    dict(type='PoseDecode'),
    dict(type='FormatGCNInput', num_person=2),
    dict(type='Collect', keys=['keypoint', 'label'], meta_keys=[]),
    dict(type='ToTensor', keys=['keypoint'])
]
test_pipeline = [
    dict(type='PreNormalize3D'),
    dict(type='GenSkeFeat', dataset='nturgb+d', feats=['j']),
    dict(type='UniformSample', clip_len=100, num_clips=10, seed=255),
    dict(type='PoseDecode'),
    dict(type='FormatGCNInput', num_person=2),
    dict(type='Collect', keys=['keypoint', 'label'], meta_keys=[]),
    dict(type='ToTensor', keys=['keypoint'])
]
data = dict(
    videos_per_gpu=32,
    workers_per_gpu=2,
    test_dataloader=dict(videos_per_gpu=1),
    train=dict(
        type='RepeatDataset',
        times=5,
        dataset=dict(
            type='PoseDataset',
            ann_file='data/nturgbd/ntu60_inner_split.pkl',
            pipeline=[
                dict(type='PreNormalize3D'),
                dict(
                    type='RandomSkeletonDegrade',
                    degrade_type='joint_missing',
                    prob=1.0,
                    dataset='nturgb+d',
                    severity_sampling='S3'),
                dict(type='GenSkeFeat', dataset='nturgb+d', feats=['j']),
                dict(type='UniformSample', clip_len=100),
                dict(type='PoseDecode'),
                dict(type='FormatGCNInput', num_person=2),
                dict(type='Collect', keys=['keypoint', 'label'], meta_keys=[]),
                dict(type='ToTensor', keys=['keypoint'])
            ],
            split='inner_train')),
    val=dict(
        type='PoseDataset',
        ann_file='data/nturgbd/ntu60_inner_split.pkl',
        pipeline=[
            dict(type='PreNormalize3D'),
            dict(type='GenSkeFeat', dataset='nturgb+d', feats=['j']),
            dict(type='UniformSample', clip_len=100, num_clips=1),
            dict(type='PoseDecode'),
            dict(type='FormatGCNInput', num_person=2),
            dict(type='Collect', keys=['keypoint', 'label'], meta_keys=[]),
            dict(type='ToTensor', keys=['keypoint'])
        ],
        split='inner_val'),
    test=dict(
        type='PoseDataset',
        ann_file='data/nturgbd/ntu60_inner_split.pkl',
        pipeline=[
            dict(type='PreNormalize3D'),
            dict(type='GenSkeFeat', dataset='nturgb+d', feats=['j']),
            dict(type='UniformSample', clip_len=100, num_clips=10, seed=255),
            dict(type='PoseDecode'),
            dict(type='FormatGCNInput', num_person=2),
            dict(type='Collect', keys=['keypoint', 'label'], meta_keys=[]),
            dict(type='ToTensor', keys=['keypoint'])
        ],
        split='inner_val'))
optimizer = dict(
    type='SGD', lr=0.025, momentum=0.9, weight_decay=0.0005, nesterov=True)
optimizer_config = dict(grad_clip=None)
lr_config = dict(policy='CosineAnnealing', min_lr=0, by_epoch=False)
total_epochs = 16
checkpoint_config = dict(interval=1)
evaluation = dict(interval=1, metrics=['top_k_accuracy'])
log_config = dict(interval=100, hooks=[dict(type='TextLoggerHook')])
log_level = 'INFO'
work_dir = './work_dirs/aug_baseline/stgcnpp_j/train/A1_joint_missing'
dist_params = dict(backend='gloo')
gpu_ids = range(0, 1)

2026-08-21 17:46:52,046 - pyskl - INFO - Set random seed to 255, deterministic: True
2026-08-21 17:46:59,922 - pyskl - INFO - 35436 videos remain after valid thresholding
2026-08-21 17:47:10,035 - pyskl - INFO - 4655 videos remain after valid thresholding
2026-08-21 17:47:10,036 - pyskl - INFO - Start running, host: iot@SERVER-ASUS1080Ti, work_dir: D:\YxjProject\pythonProject\pyskl\work_dirs\aug_baseline\stgcnpp_j\train\A1_joint_missing
2026-08-21 17:47:10,036 - pyskl - INFO - Hooks will be executed in the following order:
before_run:
(VERY_HIGH   ) CosineAnnealingLrUpdaterHook       
(NORMAL      ) CheckpointHook                     
(NORMAL      ) DistEvalHook                       
(VERY_LOW    ) TextLoggerHook                     
 -------------------- 
before_train_epoch:
(VERY_HIGH   ) CosineAnnealingLrUpdaterHook       
(NORMAL      ) DistSamplerSeedHook                
(NORMAL      ) DistEvalHook                       
(LOW         ) IterTimerHook                      
(VERY_LOW    ) TextLoggerHook                     
 -------------------- 
before_train_iter:
(VERY_HIGH   ) CosineAnnealingLrUpdaterHook       
(NORMAL      ) DistEvalHook                       
(LOW         ) IterTimerHook                      
 -------------------- 
after_train_iter:
(ABOVE_NORMAL) OptimizerHook                      
(NORMAL      ) CheckpointHook                     
(NORMAL      ) DistEvalHook                       
(LOW         ) IterTimerHook                      
(VERY_LOW    ) TextLoggerHook                     
 -------------------- 
after_train_epoch:
(NORMAL      ) CheckpointHook                     
(NORMAL      ) DistEvalHook                       
(VERY_LOW    ) TextLoggerHook                     
 -------------------- 
before_val_epoch:
(NORMAL      ) DistSamplerSeedHook                
(LOW         ) IterTimerHook                      
(VERY_LOW    ) TextLoggerHook                     
 -------------------- 
before_val_iter:
(LOW         ) IterTimerHook                      
 -------------------- 
after_val_iter:
(LOW         ) IterTimerHook                      
 -------------------- 
after_val_epoch:
(VERY_LOW    ) TextLoggerHook                     
 -------------------- 
after_run:
(VERY_LOW    ) TextLoggerHook                     
 -------------------- 
2026-08-21 17:47:10,038 - pyskl - INFO - workflow: [('train', 1)], max: 16 epochs
2026-08-21 17:47:10,038 - pyskl - INFO - Checkpoints will be saved to D:\YxjProject\pythonProject\pyskl\work_dirs\aug_baseline\stgcnpp_j\train\A1_joint_missing by HardDiskBackend.
2026-08-21 17:52:07,009 - pyskl - INFO - Epoch [1][100/5537]	lr: 2.500e-02, eta: 3 days, 0:59:52, time: 2.970, data_time: 0.090, memory: 5243, top1_acc: 0.0488, top5_acc: 0.2050, loss_cls: 3.7749, loss: 3.7749
2026-08-21 17:56:53,289 - pyskl - INFO - Epoch [1][200/5537]	lr: 2.500e-02, eta: 2 days, 23:36:11, time: 2.863, data_time: 0.000, memory: 5243, top1_acc: 0.1184, top5_acc: 0.3628, loss_cls: 3.3111, loss: 3.3111
2026-08-21 18:01:39,457 - pyskl - INFO - Epoch [1][300/5537]	lr: 2.500e-02, eta: 2 days, 23:04:34, time: 2.862, data_time: 0.000, memory: 5243, top1_acc: 0.1859, top5_acc: 0.4928, loss_cls: 2.9137, loss: 2.9137
2026-08-21 18:06:19,372 - pyskl - INFO - Epoch [1][400/5537]	lr: 2.500e-02, eta: 2 days, 22:23:24, time: 2.799, data_time: 0.000, memory: 5243, top1_acc: 0.2225, top5_acc: 0.5794, loss_cls: 2.6684, loss: 2.6684
2026-08-21 18:10:58,699 - pyskl - INFO - Epoch [1][500/5537]	lr: 2.500e-02, eta: 2 days, 21:55:06, time: 2.793, data_time: 0.000, memory: 5243, top1_acc: 0.2734, top5_acc: 0.6562, loss_cls: 2.4468, loss: 2.4468
2026-08-21 18:15:37,786 - pyskl - INFO - Epoch [1][600/5537]	lr: 2.500e-02, eta: 2 days, 21:34:06, time: 2.791, data_time: 0.000, memory: 5243, top1_acc: 0.3116, top5_acc: 0.7116, loss_cls: 2.2828, loss: 2.2828
2026-08-21 18:20:16,803 - pyskl - INFO - Epoch [1][700/5537]	lr: 2.500e-02, eta: 2 days, 21:17:37, time: 2.790, data_time: 0.000, memory: 5243, top1_acc: 0.3638, top5_acc: 0.7656, loss_cls: 2.0901, loss: 2.0901
2026-08-21 18:24:56,008 - pyskl - INFO - Epoch [1][800/5537]	lr: 2.499e-02, eta: 2 days, 21:04:27, time: 2.792, data_time: 0.000, memory: 5243, top1_acc: 0.3822, top5_acc: 0.7863, loss_cls: 2.0238, loss: 2.0238
2026-08-21 18:29:34,655 - pyskl - INFO - Epoch [1][900/5537]	lr: 2.499e-02, eta: 2 days, 20:52:15, time: 2.786, data_time: 0.000, memory: 5243, top1_acc: 0.4113, top5_acc: 0.8041, loss_cls: 1.9233, loss: 1.9233
2026-08-21 18:34:12,730 - pyskl - INFO - Epoch [1][1000/5537]	lr: 2.499e-02, eta: 2 days, 20:40:44, time: 2.781, data_time: 0.000, memory: 5243, top1_acc: 0.4338, top5_acc: 0.8269, loss_cls: 1.8280, loss: 1.8280
2026-08-21 18:38:51,297 - pyskl - INFO - Epoch [1][1100/5537]	lr: 2.499e-02, eta: 2 days, 20:31:08, time: 2.786, data_time: 0.000, memory: 5243, top1_acc: 0.4728, top5_acc: 0.8422, loss_cls: 1.6884, loss: 1.6884
2026-08-21 18:43:29,119 - pyskl - INFO - Epoch [1][1200/5537]	lr: 2.499e-02, eta: 2 days, 20:21:26, time: 2.778, data_time: 0.000, memory: 5243, top1_acc: 0.4747, top5_acc: 0.8569, loss_cls: 1.6755, loss: 1.6755
2026-08-21 18:48:06,678 - pyskl - INFO - Epoch [1][1300/5537]	lr: 2.499e-02, eta: 2 days, 20:12:14, time: 2.776, data_time: 0.000, memory: 5243, top1_acc: 0.5031, top5_acc: 0.8672, loss_cls: 1.5868, loss: 1.5868
2026-08-21 18:52:43,989 - pyskl - INFO - Epoch [1][1400/5537]	lr: 2.498e-02, eta: 2 days, 20:03:26, time: 2.773, data_time: 0.000, memory: 5243, top1_acc: 0.5256, top5_acc: 0.8662, loss_cls: 1.5432, loss: 1.5432
2026-08-21 18:57:20,936 - pyskl - INFO - Epoch [1][1500/5537]	lr: 2.498e-02, eta: 2 days, 19:54:49, time: 2.769, data_time: 0.000, memory: 5243, top1_acc: 0.5288, top5_acc: 0.8794, loss_cls: 1.5164, loss: 1.5164
2026-08-21 19:01:57,677 - pyskl - INFO - Epoch [1][1600/5537]	lr: 2.498e-02, eta: 2 days, 19:46:32, time: 2.767, data_time: 0.000, memory: 5243, top1_acc: 0.5509, top5_acc: 0.8853, loss_cls: 1.4616, loss: 1.4616
2026-08-21 19:06:33,965 - pyskl - INFO - Epoch [1][1700/5537]	lr: 2.498e-02, eta: 2 days, 19:38:17, time: 2.763, data_time: 0.000, memory: 5243, top1_acc: 0.5791, top5_acc: 0.8909, loss_cls: 1.3711, loss: 1.3711
2026-08-21 19:11:10,259 - pyskl - INFO - Epoch [1][1800/5537]	lr: 2.497e-02, eta: 2 days, 19:30:27, time: 2.763, data_time: 0.000, memory: 5243, top1_acc: 0.5794, top5_acc: 0.8903, loss_cls: 1.3950, loss: 1.3950
2026-08-21 19:15:47,274 - pyskl - INFO - Epoch [1][1900/5537]	lr: 2.497e-02, eta: 2 days, 19:23:31, time: 2.770, data_time: 0.000, memory: 5243, top1_acc: 0.5897, top5_acc: 0.9041, loss_cls: 1.3435, loss: 1.3435
2026-08-21 19:20:23,761 - pyskl - INFO - Epoch [1][2000/5537]	lr: 2.497e-02, eta: 2 days, 19:16:25, time: 2.765, data_time: 0.000, memory: 5243, top1_acc: 0.6009, top5_acc: 0.8944, loss_cls: 1.2998, loss: 1.2998
2026-08-21 19:25:09,612 - pyskl - INFO - Epoch [1][2100/5537]	lr: 2.497e-02, eta: 2 days, 19:15:59, time: 2.858, data_time: 0.000, memory: 5243, top1_acc: 0.6072, top5_acc: 0.9103, loss_cls: 1.2447, loss: 1.2447
2026-08-21 19:29:46,401 - pyskl - INFO - Epoch [1][2200/5537]	lr: 2.496e-02, eta: 2 days, 19:09:14, time: 2.768, data_time: 0.000, memory: 5243, top1_acc: 0.6116, top5_acc: 0.9025, loss_cls: 1.2516, loss: 1.2516
2026-08-21 19:34:23,674 - pyskl - INFO - Epoch [1][2300/5537]	lr: 2.496e-02, eta: 2 days, 19:02:58, time: 2.773, data_time: 0.000, memory: 5243, top1_acc: 0.6200, top5_acc: 0.9128, loss_cls: 1.2283, loss: 1.2283
2026-08-21 19:39:00,807 - pyskl - INFO - Epoch [1][2400/5537]	lr: 2.495e-02, eta: 2 days, 18:56:45, time: 2.771, data_time: 0.000, memory: 5243, top1_acc: 0.6303, top5_acc: 0.9097, loss_cls: 1.1921, loss: 1.1921
2026-08-21 19:43:38,257 - pyskl - INFO - Epoch [1][2500/5537]	lr: 2.495e-02, eta: 2 days, 18:50:51, time: 2.774, data_time: 0.000, memory: 5243, top1_acc: 0.6444, top5_acc: 0.9231, loss_cls: 1.1489, loss: 1.1489
2026-08-21 19:48:18,148 - pyskl - INFO - Epoch [1][2600/5537]	lr: 2.495e-02, eta: 2 days, 18:46:23, time: 2.799, data_time: 0.000, memory: 5243, top1_acc: 0.6578, top5_acc: 0.9200, loss_cls: 1.1217, loss: 1.1217
2026-08-21 19:52:57,159 - pyskl - INFO - Epoch [1][2700/5537]	lr: 2.494e-02, eta: 2 days, 18:41:27, time: 2.790, data_time: 0.000, memory: 5243, top1_acc: 0.6562, top5_acc: 0.9256, loss_cls: 1.1278, loss: 1.1278
2026-08-21 19:57:34,814 - pyskl - INFO - Epoch [1][2800/5537]	lr: 2.494e-02, eta: 2 days, 18:35:50, time: 2.777, data_time: 0.000, memory: 5243, top1_acc: 0.6659, top5_acc: 0.9263, loss_cls: 1.0908, loss: 1.0908
2026-08-21 20:02:12,828 - pyskl - INFO - Epoch [1][2900/5537]	lr: 2.493e-02, eta: 2 days, 18:30:28, time: 2.780, data_time: 0.000, memory: 5243, top1_acc: 0.6716, top5_acc: 0.9306, loss_cls: 1.0746, loss: 1.0746
2026-08-21 20:06:50,944 - pyskl - INFO - Epoch [1][3000/5537]	lr: 2.493e-02, eta: 2 days, 18:25:12, time: 2.781, data_time: 0.000, memory: 5243, top1_acc: 0.6672, top5_acc: 0.9306, loss_cls: 1.0873, loss: 1.0873
2026-08-21 20:11:28,419 - pyskl - INFO - Epoch [1][3100/5537]	lr: 2.492e-02, eta: 2 days, 18:19:40, time: 2.775, data_time: 0.000, memory: 5243, top1_acc: 0.6663, top5_acc: 0.9275, loss_cls: 1.0868, loss: 1.0868
2026-08-21 20:16:05,875 - pyskl - INFO - Epoch [1][3200/5537]	lr: 2.492e-02, eta: 2 days, 18:14:12, time: 2.775, data_time: 0.000, memory: 5243, top1_acc: 0.6878, top5_acc: 0.9325, loss_cls: 1.0416, loss: 1.0416
2026-08-21 20:20:42,776 - pyskl - INFO - Epoch [1][3300/5537]	lr: 2.491e-02, eta: 2 days, 18:08:32, time: 2.769, data_time: 0.000, memory: 5243, top1_acc: 0.6800, top5_acc: 0.9322, loss_cls: 1.0474, loss: 1.0474
2026-08-21 20:25:20,384 - pyskl - INFO - Epoch [1][3400/5537]	lr: 2.491e-02, eta: 2 days, 18:03:14, time: 2.776, data_time: 0.000, memory: 5243, top1_acc: 0.6934, top5_acc: 0.9375, loss_cls: 0.9726, loss: 0.9726
2026-08-21 20:29:57,824 - pyskl - INFO - Epoch [1][3500/5537]	lr: 2.490e-02, eta: 2 days, 17:57:53, time: 2.774, data_time: 0.000, memory: 5243, top1_acc: 0.6825, top5_acc: 0.9309, loss_cls: 1.0206, loss: 1.0206
2026-08-21 20:34:34,472 - pyskl - INFO - Epoch [1][3600/5537]	lr: 2.490e-02, eta: 2 days, 17:52:17, time: 2.766, data_time: 0.000, memory: 5243, top1_acc: 0.6919, top5_acc: 0.9434, loss_cls: 0.9909, loss: 0.9909
2026-08-21 20:39:11,379 - pyskl - INFO - Epoch [1][3700/5537]	lr: 2.489e-02, eta: 2 days, 17:46:50, time: 2.769, data_time: 0.000, memory: 5243, top1_acc: 0.7106, top5_acc: 0.9422, loss_cls: 0.9342, loss: 0.9342
2026-08-21 20:43:48,520 - pyskl - INFO - Epoch [1][3800/5537]	lr: 2.489e-02, eta: 2 days, 17:41:30, time: 2.771, data_time: 0.000, memory: 5243, top1_acc: 0.7125, top5_acc: 0.9437, loss_cls: 0.9314, loss: 0.9314
2026-08-21 20:48:25,645 - pyskl - INFO - Epoch [1][3900/5537]	lr: 2.488e-02, eta: 2 days, 17:36:13, time: 2.771, data_time: 0.000, memory: 5243, top1_acc: 0.7066, top5_acc: 0.9387, loss_cls: 0.9617, loss: 0.9617
2026-08-21 20:53:02,686 - pyskl - INFO - Epoch [1][4000/5537]	lr: 2.487e-02, eta: 2 days, 17:30:55, time: 2.770, data_time: 0.000, memory: 5243, top1_acc: 0.7028, top5_acc: 0.9406, loss_cls: 0.9490, loss: 0.9490
2026-08-21 20:57:40,343 - pyskl - INFO - Epoch [1][4100/5537]	lr: 2.487e-02, eta: 2 days, 17:25:53, time: 2.777, data_time: 0.000, memory: 5243, top1_acc: 0.7125, top5_acc: 0.9403, loss_cls: 0.9374, loss: 0.9374
2026-08-21 21:02:17,214 - pyskl - INFO - Epoch [1][4200/5537]	lr: 2.486e-02, eta: 2 days, 17:20:35, time: 2.769, data_time: 0.000, memory: 5243, top1_acc: 0.7091, top5_acc: 0.9428, loss_cls: 0.9158, loss: 0.9158
2026-08-21 21:06:53,427 - pyskl - INFO - Epoch [1][4300/5537]	lr: 2.486e-02, eta: 2 days, 17:15:07, time: 2.762, data_time: 0.000, memory: 5243, top1_acc: 0.7144, top5_acc: 0.9516, loss_cls: 0.8722, loss: 0.8722
2026-08-21 21:11:29,066 - pyskl - INFO - Epoch [1][4400/5537]	lr: 2.485e-02, eta: 2 days, 17:09:30, time: 2.756, data_time: 0.000, memory: 5243, top1_acc: 0.7216, top5_acc: 0.9503, loss_cls: 0.8507, loss: 0.8507
2026-08-21 21:16:05,423 - pyskl - INFO - Epoch [1][4500/5537]	lr: 2.484e-02, eta: 2 days, 17:04:09, time: 2.764, data_time: 0.000, memory: 5243, top1_acc: 0.7097, top5_acc: 0.9434, loss_cls: 0.9226, loss: 0.9226
2026-08-21 21:20:41,290 - pyskl - INFO - Epoch [1][4600/5537]	lr: 2.483e-02, eta: 2 days, 16:58:41, time: 2.759, data_time: 0.000, memory: 5243, top1_acc: 0.7206, top5_acc: 0.9447, loss_cls: 0.9163, loss: 0.9163
2026-08-21 21:25:16,982 - pyskl - INFO - Epoch [1][4700/5537]	lr: 2.483e-02, eta: 2 days, 16:53:13, time: 2.757, data_time: 0.000, memory: 5243, top1_acc: 0.7288, top5_acc: 0.9425, loss_cls: 0.9000, loss: 0.9000
2026-08-21 21:29:53,232 - pyskl - INFO - Epoch [1][4800/5537]	lr: 2.482e-02, eta: 2 days, 16:47:56, time: 2.762, data_time: 0.000, memory: 5243, top1_acc: 0.7334, top5_acc: 0.9516, loss_cls: 0.8565, loss: 0.8565
2026-08-21 21:34:30,363 - pyskl - INFO - Epoch [1][4900/5537]	lr: 2.481e-02, eta: 2 days, 16:42:56, time: 2.771, data_time: 0.000, memory: 5243, top1_acc: 0.7369, top5_acc: 0.9459, loss_cls: 0.8502, loss: 0.8502
2026-08-21 21:39:07,560 - pyskl - INFO - Epoch [1][5000/5537]	lr: 2.480e-02, eta: 2 days, 16:37:58, time: 2.772, data_time: 0.000, memory: 5243, top1_acc: 0.7500, top5_acc: 0.9531, loss_cls: 0.8306, loss: 0.8306
2026-08-21 21:43:44,497 - pyskl - INFO - Epoch [1][5100/5537]	lr: 2.480e-02, eta: 2 days, 16:32:56, time: 2.769, data_time: 0.000, memory: 5243, top1_acc: 0.7325, top5_acc: 0.9466, loss_cls: 0.8658, loss: 0.8658
2026-08-21 21:48:21,414 - pyskl - INFO - Epoch [1][5200/5537]	lr: 2.479e-02, eta: 2 days, 16:27:56, time: 2.769, data_time: 0.000, memory: 5243, top1_acc: 0.7497, top5_acc: 0.9534, loss_cls: 0.8055, loss: 0.8055
2026-08-21 21:52:58,183 - pyskl - INFO - Epoch [1][5300/5537]	lr: 2.478e-02, eta: 2 days, 16:22:53, time: 2.768, data_time: 0.000, memory: 5243, top1_acc: 0.7531, top5_acc: 0.9463, loss_cls: 0.8119, loss: 0.8119
2026-08-21 21:57:35,177 - pyskl - INFO - Epoch [1][5400/5537]	lr: 2.477e-02, eta: 2 days, 16:17:55, time: 2.770, data_time: 0.000, memory: 5243, top1_acc: 0.7366, top5_acc: 0.9487, loss_cls: 0.8717, loss: 0.8717
2026-08-21 22:02:12,028 - pyskl - INFO - Epoch [1][5500/5537]	lr: 2.476e-02, eta: 2 days, 16:12:56, time: 2.769, data_time: 0.000, memory: 5243, top1_acc: 0.7550, top5_acc: 0.9534, loss_cls: 0.8111, loss: 0.8111
2026-08-21 22:03:54,406 - pyskl - INFO - Saving checkpoint at 1 epochs
2026-08-21 22:09:37,329 - pyskl - INFO - Evaluating top_k_accuracy ...
2026-08-21 22:09:37,340 - pyskl - INFO - 
top1_acc	0.7356
top5_acc	0.9525
2026-08-21 22:09:37,415 - pyskl - INFO - Now best checkpoint is saved as best_top1_acc_epoch_1.pth.
2026-08-21 22:09:37,416 - pyskl - INFO - Best top1_acc is 0.7356 at 1 epoch.
2026-08-21 22:09:37,416 - pyskl - INFO - Epoch(val) [1][146]	top1_acc: 0.7356, top5_acc: 0.9525
2026-08-21 22:14:22,824 - pyskl - INFO - Epoch [2][100/5537]	lr: 2.475e-02, eta: 2 days, 15:43:06, time: 2.854, data_time: 0.077, memory: 5243, top1_acc: 0.7575, top5_acc: 0.9556, loss_cls: 0.7874, loss: 0.7874
2026-08-21 22:18:59,852 - pyskl - INFO - Epoch [2][200/5537]	lr: 2.474e-02, eta: 2 days, 15:38:37, time: 2.770, data_time: 0.000, memory: 5243, top1_acc: 0.7644, top5_acc: 0.9578, loss_cls: 0.7810, loss: 0.7810
2026-08-21 22:23:37,307 - pyskl - INFO - Epoch [2][300/5537]	lr: 2.473e-02, eta: 2 days, 15:34:13, time: 2.775, data_time: 0.000, memory: 5243, top1_acc: 0.7600, top5_acc: 0.9553, loss_cls: 0.7687, loss: 0.7687
2026-08-21 22:28:14,362 - pyskl - INFO - Epoch [2][400/5537]	lr: 2.472e-02, eta: 2 days, 15:29:44, time: 2.771, data_time: 0.000, memory: 5243, top1_acc: 0.7481, top5_acc: 0.9550, loss_cls: 0.7811, loss: 0.7811
2026-08-21 22:32:51,434 - pyskl - INFO - Epoch [2][500/5537]	lr: 2.471e-02, eta: 2 days, 15:25:14, time: 2.771, data_time: 0.000, memory: 5243, top1_acc: 0.7500, top5_acc: 0.9550, loss_cls: 0.7876, loss: 0.7876
2026-08-21 22:37:27,981 - pyskl - INFO - Epoch [2][600/5537]	lr: 2.471e-02, eta: 2 days, 15:20:38, time: 2.765, data_time: 0.000, memory: 5243, top1_acc: 0.7575, top5_acc: 0.9509, loss_cls: 0.7783, loss: 0.7783
2026-08-21 22:42:04,637 - pyskl - INFO - Epoch [2][700/5537]	lr: 2.470e-02, eta: 2 days, 15:16:02, time: 2.767, data_time: 0.000, memory: 5243, top1_acc: 0.7678, top5_acc: 0.9625, loss_cls: 0.7237, loss: 0.7237
2026-08-21 22:46:41,580 - pyskl - INFO - Epoch [2][800/5537]	lr: 2.469e-02, eta: 2 days, 15:11:31, time: 2.769, data_time: 0.000, memory: 5243, top1_acc: 0.7600, top5_acc: 0.9569, loss_cls: 0.7759, loss: 0.7759
2026-08-21 22:51:23,725 - pyskl - INFO - Epoch [2][900/5537]	lr: 2.468e-02, eta: 2 days, 15:08:05, time: 2.821, data_time: 0.000, memory: 5243, top1_acc: 0.7662, top5_acc: 0.9591, loss_cls: 0.7407, loss: 0.7407
2026-08-21 22:56:02,198 - pyskl - INFO - Epoch [2][1000/5537]	lr: 2.467e-02, eta: 2 days, 15:03:51, time: 2.785, data_time: 0.000, memory: 5243, top1_acc: 0.7634, top5_acc: 0.9503, loss_cls: 0.7648, loss: 0.7648
2026-08-21 23:00:39,935 - pyskl - INFO - Epoch [2][1100/5537]	lr: 2.466e-02, eta: 2 days, 14:59:28, time: 2.777, data_time: 0.000, memory: 5243, top1_acc: 0.7794, top5_acc: 0.9609, loss_cls: 0.7295, loss: 0.7295
2026-08-21 23:05:18,221 - pyskl - INFO - Epoch [2][1200/5537]	lr: 2.465e-02, eta: 2 days, 14:55:10, time: 2.783, data_time: 0.000, memory: 5243, top1_acc: 0.7725, top5_acc: 0.9572, loss_cls: 0.7378, loss: 0.7378
2026-08-21 23:09:54,006 - pyskl - INFO - Epoch [2][1300/5537]	lr: 2.463e-02, eta: 2 days, 14:50:22, time: 2.758, data_time: 0.000, memory: 5243, top1_acc: 0.7856, top5_acc: 0.9616, loss_cls: 0.6984, loss: 0.6984
2026-08-21 23:14:29,785 - pyskl - INFO - Epoch [2][1400/5537]	lr: 2.462e-02, eta: 2 days, 14:45:35, time: 2.758, data_time: 0.000, memory: 5243, top1_acc: 0.7822, top5_acc: 0.9625, loss_cls: 0.7101, loss: 0.7101
2026-08-21 23:19:05,562 - pyskl - INFO - Epoch [2][1500/5537]	lr: 2.461e-02, eta: 2 days, 14:40:47, time: 2.758, data_time: 0.000, memory: 5243, top1_acc: 0.7778, top5_acc: 0.9603, loss_cls: 0.7143, loss: 0.7143
2026-08-21 23:23:42,039 - pyskl - INFO - Epoch [2][1600/5537]	lr: 2.460e-02, eta: 2 days, 14:36:08, time: 2.765, data_time: 0.000, memory: 5243, top1_acc: 0.7766, top5_acc: 0.9609, loss_cls: 0.7114, loss: 0.7114
2026-08-21 23:28:17,922 - pyskl - INFO - Epoch [2][1700/5537]	lr: 2.459e-02, eta: 2 days, 14:31:23, time: 2.759, data_time: 0.000, memory: 5243, top1_acc: 0.7719, top5_acc: 0.9556, loss_cls: 0.7500, loss: 0.7500
2026-08-21 23:32:54,822 - pyskl - INFO - Epoch [2][1800/5537]	lr: 2.458e-02, eta: 2 days, 14:26:49, time: 2.769, data_time: 0.000, memory: 5243, top1_acc: 0.7872, top5_acc: 0.9644, loss_cls: 0.7008, loss: 0.7008
2026-08-21 23:37:31,506 - pyskl - INFO - Epoch [2][1900/5537]	lr: 2.457e-02, eta: 2 days, 14:22:12, time: 2.767, data_time: 0.000, memory: 5243, top1_acc: 0.8056, top5_acc: 0.9675, loss_cls: 0.6561, loss: 0.6561
2026-08-21 23:42:07,919 - pyskl - INFO - Epoch [2][2000/5537]	lr: 2.456e-02, eta: 2 days, 14:17:33, time: 2.764, data_time: 0.000, memory: 5243, top1_acc: 0.7791, top5_acc: 0.9631, loss_cls: 0.7044, loss: 0.7044
2026-08-21 23:46:44,457 - pyskl - INFO - Epoch [2][2100/5537]	lr: 2.454e-02, eta: 2 days, 14:12:55, time: 2.765, data_time: 0.000, memory: 5243, top1_acc: 0.7856, top5_acc: 0.9587, loss_cls: 0.6872, loss: 0.6872
2026-08-21 23:51:21,113 - pyskl - INFO - Epoch [2][2200/5537]	lr: 2.453e-02, eta: 2 days, 14:08:18, time: 2.767, data_time: 0.000, memory: 5243, top1_acc: 0.7869, top5_acc: 0.9653, loss_cls: 0.6653, loss: 0.6653
2026-08-21 23:55:57,438 - pyskl - INFO - Epoch [2][2300/5537]	lr: 2.452e-02, eta: 2 days, 14:03:38, time: 2.763, data_time: 0.000, memory: 5243, top1_acc: 0.8037, top5_acc: 0.9703, loss_cls: 0.6458, loss: 0.6458
2026-08-22 00:00:33,322 - pyskl - INFO - Epoch [2][2400/5537]	lr: 2.451e-02, eta: 2 days, 13:58:53, time: 2.759, data_time: 0.000, memory: 5243, top1_acc: 0.7903, top5_acc: 0.9666, loss_cls: 0.6741, loss: 0.6741
2026-08-22 00:05:07,254 - pyskl - INFO - Epoch [2][2500/5537]	lr: 2.450e-02, eta: 2 days, 13:53:49, time: 2.739, data_time: 0.000, memory: 5243, top1_acc: 0.7975, top5_acc: 0.9644, loss_cls: 0.6696, loss: 0.6696
2026-08-22 00:09:41,010 - pyskl - INFO - Epoch [2][2600/5537]	lr: 2.448e-02, eta: 2 days, 13:48:44, time: 2.738, data_time: 0.000, memory: 5243, top1_acc: 0.7916, top5_acc: 0.9691, loss_cls: 0.6728, loss: 0.6728
2026-08-22 00:14:14,548 - pyskl - INFO - Epoch [2][2700/5537]	lr: 2.447e-02, eta: 2 days, 13:43:38, time: 2.735, data_time: 0.000, memory: 5243, top1_acc: 0.7869, top5_acc: 0.9606, loss_cls: 0.6733, loss: 0.6733
2026-08-22 00:18:48,273 - pyskl - INFO - Epoch [2][2800/5537]	lr: 2.446e-02, eta: 2 days, 13:38:34, time: 2.737, data_time: 0.000, memory: 5243, top1_acc: 0.7881, top5_acc: 0.9641, loss_cls: 0.6791, loss: 0.6791
2026-08-22 00:23:21,583 - pyskl - INFO - Epoch [2][2900/5537]	lr: 2.444e-02, eta: 2 days, 13:33:27, time: 2.733, data_time: 0.000, memory: 5243, top1_acc: 0.7903, top5_acc: 0.9650, loss_cls: 0.6658, loss: 0.6658
2026-08-22 00:27:55,729 - pyskl - INFO - Epoch [2][3000/5537]	lr: 2.443e-02, eta: 2 days, 13:28:29, time: 2.741, data_time: 0.000, memory: 5243, top1_acc: 0.7956, top5_acc: 0.9672, loss_cls: 0.6528, loss: 0.6528
2026-08-22 00:32:31,094 - pyskl - INFO - Epoch [2][3100/5537]	lr: 2.442e-02, eta: 2 days, 13:23:43, time: 2.754, data_time: 0.000, memory: 5243, top1_acc: 0.8034, top5_acc: 0.9644, loss_cls: 0.6570, loss: 0.6570
2026-08-22 00:37:06,210 - pyskl - INFO - Epoch [2][3200/5537]	lr: 2.440e-02, eta: 2 days, 13:18:54, time: 2.751, data_time: 0.000, memory: 5243, top1_acc: 0.7909, top5_acc: 0.9637, loss_cls: 0.6715, loss: 0.6715
2026-08-22 00:41:41,611 - pyskl - INFO - Epoch [2][3300/5537]	lr: 2.439e-02, eta: 2 days, 13:14:08, time: 2.754, data_time: 0.000, memory: 5243, top1_acc: 0.7991, top5_acc: 0.9700, loss_cls: 0.6557, loss: 0.6557
2026-08-22 00:46:17,367 - pyskl - INFO - Epoch [2][3400/5537]	lr: 2.438e-02, eta: 2 days, 13:09:26, time: 2.758, data_time: 0.000, memory: 5243, top1_acc: 0.8134, top5_acc: 0.9666, loss_cls: 0.6225, loss: 0.6225
2026-08-22 00:50:51,957 - pyskl - INFO - Epoch [2][3500/5537]	lr: 2.436e-02, eta: 2 days, 13:04:34, time: 2.746, data_time: 0.000, memory: 5243, top1_acc: 0.7972, top5_acc: 0.9669, loss_cls: 0.6419, loss: 0.6419
2026-08-22 00:55:26,525 - pyskl - INFO - Epoch [2][3600/5537]	lr: 2.435e-02, eta: 2 days, 12:59:42, time: 2.746, data_time: 0.000, memory: 5243, top1_acc: 0.7978, top5_acc: 0.9659, loss_cls: 0.6404, loss: 0.6404
2026-08-22 01:00:01,093 - pyskl - INFO - Epoch [2][3700/5537]	lr: 2.434e-02, eta: 2 days, 12:54:50, time: 2.746, data_time: 0.000, memory: 5243, top1_acc: 0.8025, top5_acc: 0.9591, loss_cls: 0.6507, loss: 0.6507
2026-08-22 01:04:35,556 - pyskl - INFO - Epoch [2][3800/5537]	lr: 2.432e-02, eta: 2 days, 12:49:58, time: 2.745, data_time: 0.000, memory: 5243, top1_acc: 0.7994, top5_acc: 0.9688, loss_cls: 0.6397, loss: 0.6397
2026-08-22 01:09:10,408 - pyskl - INFO - Epoch [2][3900/5537]	lr: 2.431e-02, eta: 2 days, 12:45:09, time: 2.749, data_time: 0.000, memory: 5243, top1_acc: 0.8072, top5_acc: 0.9675, loss_cls: 0.6256, loss: 0.6256
2026-08-22 01:13:45,188 - pyskl - INFO - Epoch [2][4000/5537]	lr: 2.429e-02, eta: 2 days, 12:40:20, time: 2.748, data_time: 0.000, memory: 5243, top1_acc: 0.7966, top5_acc: 0.9622, loss_cls: 0.6516, loss: 0.6516
2026-08-22 01:18:20,045 - pyskl - INFO - Epoch [2][4100/5537]	lr: 2.428e-02, eta: 2 days, 12:35:32, time: 2.749, data_time: 0.000, memory: 5243, top1_acc: 0.8103, top5_acc: 0.9719, loss_cls: 0.6102, loss: 0.6102
2026-08-22 01:22:54,956 - pyskl - INFO - Epoch [2][4200/5537]	lr: 2.426e-02, eta: 2 days, 12:30:45, time: 2.749, data_time: 0.000, memory: 5243, top1_acc: 0.8097, top5_acc: 0.9688, loss_cls: 0.6397, loss: 0.6397
2026-08-22 01:27:29,795 - pyskl - INFO - Epoch [2][4300/5537]	lr: 2.425e-02, eta: 2 days, 12:25:57, time: 2.748, data_time: 0.000, memory: 5243, top1_acc: 0.8009, top5_acc: 0.9650, loss_cls: 0.6399, loss: 0.6399
2026-08-22 01:32:04,216 - pyskl - INFO - Epoch [2][4400/5537]	lr: 2.423e-02, eta: 2 days, 12:21:06, time: 2.744, data_time: 0.000, memory: 5243, top1_acc: 0.8053, top5_acc: 0.9688, loss_cls: 0.6249, loss: 0.6249
2026-08-22 01:36:38,719 - pyskl - INFO - Epoch [2][4500/5537]	lr: 2.422e-02, eta: 2 days, 12:16:17, time: 2.745, data_time: 0.000, memory: 5243, top1_acc: 0.7984, top5_acc: 0.9653, loss_cls: 0.6481, loss: 0.6481
2026-08-22 01:41:12,953 - pyskl - INFO - Epoch [2][4600/5537]	lr: 2.420e-02, eta: 2 days, 12:11:25, time: 2.742, data_time: 0.000, memory: 5243, top1_acc: 0.8025, top5_acc: 0.9712, loss_cls: 0.6257, loss: 0.6257
2026-08-22 01:45:46,827 - pyskl - INFO - Epoch [2][4700/5537]	lr: 2.419e-02, eta: 2 days, 12:06:31, time: 2.739, data_time: 0.000, memory: 5243, top1_acc: 0.8181, top5_acc: 0.9666, loss_cls: 0.6151, loss: 0.6151
2026-08-22 01:50:27,769 - pyskl - INFO - Epoch [2][4800/5537]	lr: 2.417e-02, eta: 2 days, 12:02:31, time: 2.809, data_time: 0.000, memory: 5243, top1_acc: 0.8063, top5_acc: 0.9641, loss_cls: 0.6276, loss: 0.6276
2026-08-22 01:55:01,519 - pyskl - INFO - Epoch [2][4900/5537]	lr: 2.415e-02, eta: 2 days, 11:57:37, time: 2.738, data_time: 0.000, memory: 5243, top1_acc: 0.8181, top5_acc: 0.9700, loss_cls: 0.6068, loss: 0.6068
2026-08-22 01:59:35,547 - pyskl - INFO - Epoch [2][5000/5537]	lr: 2.414e-02, eta: 2 days, 11:52:44, time: 2.740, data_time: 0.000, memory: 5243, top1_acc: 0.8163, top5_acc: 0.9700, loss_cls: 0.6017, loss: 0.6017
2026-08-22 02:04:09,105 - pyskl - INFO - Epoch [2][5100/5537]	lr: 2.412e-02, eta: 2 days, 11:47:49, time: 2.736, data_time: 0.000, memory: 5243, top1_acc: 0.8063, top5_acc: 0.9659, loss_cls: 0.6325, loss: 0.6325
2026-08-22 02:08:42,632 - pyskl - INFO - Epoch [2][5200/5537]	lr: 2.410e-02, eta: 2 days, 11:42:54, time: 2.735, data_time: 0.000, memory: 5243, top1_acc: 0.8134, top5_acc: 0.9725, loss_cls: 0.6032, loss: 0.6032
2026-08-22 02:13:16,372 - pyskl - INFO - Epoch [2][5300/5537]	lr: 2.409e-02, eta: 2 days, 11:38:01, time: 2.737, data_time: 0.000, memory: 5243, top1_acc: 0.8056, top5_acc: 0.9675, loss_cls: 0.6257, loss: 0.6257
2026-08-22 02:17:50,020 - pyskl - INFO - Epoch [2][5400/5537]	lr: 2.407e-02, eta: 2 days, 11:33:07, time: 2.736, data_time: 0.000, memory: 5243, top1_acc: 0.8103, top5_acc: 0.9650, loss_cls: 0.6196, loss: 0.6196
2026-08-22 02:22:24,233 - pyskl - INFO - Epoch [2][5500/5537]	lr: 2.405e-02, eta: 2 days, 11:28:18, time: 2.742, data_time: 0.000, memory: 5243, top1_acc: 0.7987, top5_acc: 0.9731, loss_cls: 0.6259, loss: 0.6259
2026-08-22 02:24:05,527 - pyskl - INFO - Saving checkpoint at 2 epochs
2026-08-22 02:29:55,538 - pyskl - INFO - Evaluating top_k_accuracy ...
2026-08-22 02:29:55,550 - pyskl - INFO - 
top1_acc	0.7893
top5_acc	0.9665
2026-08-22 02:29:55,551 - pyskl - INFO - The previous best checkpoint D:\YxjProject\pythonProject\pyskl\work_dirs\aug_baseline\stgcnpp_j\train\A1_joint_missing\best_top1_acc_epoch_1.pth was removed
2026-08-22 02:29:55,624 - pyskl - INFO - Now best checkpoint is saved as best_top1_acc_epoch_2.pth.
2026-08-22 02:29:55,625 - pyskl - INFO - Best top1_acc is 0.7893 at 2 epoch.
2026-08-22 02:29:55,625 - pyskl - INFO - Epoch(val) [2][146]	top1_acc: 0.7893, top5_acc: 0.9665
2026-08-22 02:34:39,155 - pyskl - INFO - Epoch [3][100/5537]	lr: 2.403e-02, eta: 2 days, 11:11:04, time: 2.835, data_time: 0.078, memory: 5243, top1_acc: 0.8091, top5_acc: 0.9675, loss_cls: 0.6258, loss: 0.6258
2026-08-22 02:39:13,793 - pyskl - INFO - Epoch [3][200/5537]	lr: 2.401e-02, eta: 2 days, 11:06:25, time: 2.746, data_time: 0.000, memory: 5243, top1_acc: 0.8169, top5_acc: 0.9716, loss_cls: 0.6006, loss: 0.6006
2026-08-22 02:43:48,096 - pyskl - INFO - Epoch [3][300/5537]	lr: 2.400e-02, eta: 2 days, 11:01:43, time: 2.743, data_time: 0.000, memory: 5243, top1_acc: 0.8216, top5_acc: 0.9666, loss_cls: 0.5796, loss: 0.5796
2026-08-22 02:48:22,288 - pyskl - INFO - Epoch [3][400/5537]	lr: 2.398e-02, eta: 2 days, 10:57:01, time: 2.742, data_time: 0.000, memory: 5243, top1_acc: 0.8269, top5_acc: 0.9703, loss_cls: 0.5680, loss: 0.5680
2026-08-22 02:52:56,859 - pyskl - INFO - Epoch [3][500/5537]	lr: 2.396e-02, eta: 2 days, 10:52:22, time: 2.746, data_time: 0.000, memory: 5243, top1_acc: 0.8163, top5_acc: 0.9728, loss_cls: 0.5727, loss: 0.5727
2026-08-22 02:57:30,900 - pyskl - INFO - Epoch [3][600/5537]	lr: 2.394e-02, eta: 2 days, 10:47:39, time: 2.740, data_time: 0.000, memory: 5243, top1_acc: 0.8300, top5_acc: 0.9716, loss_cls: 0.5657, loss: 0.5657
2026-08-22 03:02:04,614 - pyskl - INFO - Epoch [3][700/5537]	lr: 2.393e-02, eta: 2 days, 10:42:55, time: 2.737, data_time: 0.000, memory: 5243, top1_acc: 0.8231, top5_acc: 0.9694, loss_cls: 0.5803, loss: 0.5803
2026-08-22 03:06:39,130 - pyskl - INFO - Epoch [3][800/5537]	lr: 2.391e-02, eta: 2 days, 10:38:15, time: 2.745, data_time: 0.000, memory: 5243, top1_acc: 0.8081, top5_acc: 0.9716, loss_cls: 0.6047, loss: 0.6047
2026-08-22 03:11:13,616 - pyskl - INFO - Epoch [3][900/5537]	lr: 2.389e-02, eta: 2 days, 10:33:36, time: 2.745, data_time: 0.000, memory: 5243, top1_acc: 0.8263, top5_acc: 0.9716, loss_cls: 0.5708, loss: 0.5708
2026-08-22 03:15:47,544 - pyskl - INFO - Epoch [3][1000/5537]	lr: 2.387e-02, eta: 2 days, 10:28:53, time: 2.739, data_time: 0.000, memory: 5243, top1_acc: 0.8300, top5_acc: 0.9681, loss_cls: 0.5711, loss: 0.5711
2026-08-22 03:20:22,235 - pyskl - INFO - Epoch [3][1100/5537]	lr: 2.385e-02, eta: 2 days, 10:24:15, time: 2.747, data_time: 0.000, memory: 5243, top1_acc: 0.8125, top5_acc: 0.9672, loss_cls: 0.5954, loss: 0.5954
2026-08-22 03:24:56,452 - pyskl - INFO - Epoch [3][1200/5537]	lr: 2.383e-02, eta: 2 days, 10:19:34, time: 2.742, data_time: 0.000, memory: 5243, top1_acc: 0.8234, top5_acc: 0.9725, loss_cls: 0.5694, loss: 0.5694
2026-08-22 03:29:31,439 - pyskl - INFO - Epoch [3][1300/5537]	lr: 2.382e-02, eta: 2 days, 10:14:58, time: 2.750, data_time: 0.000, memory: 5243, top1_acc: 0.8163, top5_acc: 0.9703, loss_cls: 0.6016, loss: 0.6016
2026-08-22 03:34:05,301 - pyskl - INFO - Epoch [3][1400/5537]	lr: 2.380e-02, eta: 2 days, 10:10:15, time: 2.739, data_time: 0.000, memory: 5243, top1_acc: 0.8269, top5_acc: 0.9709, loss_cls: 0.5604, loss: 0.5604
2026-08-22 03:38:38,848 - pyskl - INFO - Epoch [3][1500/5537]	lr: 2.378e-02, eta: 2 days, 10:05:31, time: 2.735, data_time: 0.000, memory: 5243, top1_acc: 0.8116, top5_acc: 0.9684, loss_cls: 0.5972, loss: 0.5972
2026-08-22 03:43:12,506 - pyskl - INFO - Epoch [3][1600/5537]	lr: 2.376e-02, eta: 2 days, 10:00:47, time: 2.737, data_time: 0.000, memory: 5243, top1_acc: 0.8075, top5_acc: 0.9738, loss_cls: 0.6022, loss: 0.6022
2026-08-22 03:47:46,637 - pyskl - INFO - Epoch [3][1700/5537]	lr: 2.374e-02, eta: 2 days, 9:56:06, time: 2.741, data_time: 0.000, memory: 5243, top1_acc: 0.8178, top5_acc: 0.9697, loss_cls: 0.5840, loss: 0.5840
2026-08-22 03:52:20,354 - pyskl - INFO - Epoch [3][1800/5537]	lr: 2.372e-02, eta: 2 days, 9:51:23, time: 2.737, data_time: 0.000, memory: 5243, top1_acc: 0.8337, top5_acc: 0.9722, loss_cls: 0.5480, loss: 0.5480
2026-08-22 03:56:54,001 - pyskl - INFO - Epoch [3][1900/5537]	lr: 2.370e-02, eta: 2 days, 9:46:39, time: 2.736, data_time: 0.000, memory: 5243, top1_acc: 0.8253, top5_acc: 0.9691, loss_cls: 0.5801, loss: 0.5801
2026-08-22 04:01:27,686 - pyskl - INFO - Epoch [3][2000/5537]	lr: 2.368e-02, eta: 2 days, 9:41:56, time: 2.737, data_time: 0.000, memory: 5243, top1_acc: 0.8197, top5_acc: 0.9712, loss_cls: 0.5852, loss: 0.5852
2026-08-22 04:06:00,949 - pyskl - INFO - Epoch [3][2100/5537]	lr: 2.366e-02, eta: 2 days, 9:37:11, time: 2.733, data_time: 0.000, memory: 5243, top1_acc: 0.8316, top5_acc: 0.9706, loss_cls: 0.5583, loss: 0.5583
2026-08-22 04:10:34,259 - pyskl - INFO - Epoch [3][2200/5537]	lr: 2.364e-02, eta: 2 days, 9:32:26, time: 2.733, data_time: 0.000, memory: 5243, top1_acc: 0.8194, top5_acc: 0.9700, loss_cls: 0.5745, loss: 0.5745
2026-08-22 04:15:08,184 - pyskl - INFO - Epoch [3][2300/5537]	lr: 2.362e-02, eta: 2 days, 9:27:45, time: 2.739, data_time: 0.000, memory: 5243, top1_acc: 0.8300, top5_acc: 0.9769, loss_cls: 0.5439, loss: 0.5439
2026-08-22 04:19:43,813 - pyskl - INFO - Epoch [3][2400/5537]	lr: 2.360e-02, eta: 2 days, 9:23:13, time: 2.756, data_time: 0.000, memory: 5243, top1_acc: 0.8134, top5_acc: 0.9659, loss_cls: 0.5965, loss: 0.5965
2026-08-22 04:24:17,116 - pyskl - INFO - Epoch [3][2500/5537]	lr: 2.358e-02, eta: 2 days, 9:18:29, time: 2.733, data_time: 0.000, memory: 5243, top1_acc: 0.8250, top5_acc: 0.9716, loss_cls: 0.5577, loss: 0.5577
2026-08-22 04:28:51,299 - pyskl - INFO - Epoch [3][2600/5537]	lr: 2.356e-02, eta: 2 days, 9:13:49, time: 2.742, data_time: 0.000, memory: 5243, top1_acc: 0.8231, top5_acc: 0.9769, loss_cls: 0.5494, loss: 0.5494
2026-08-22 04:33:26,330 - pyskl - INFO - Epoch [3][2700/5537]	lr: 2.354e-02, eta: 2 days, 9:09:14, time: 2.750, data_time: 0.000, memory: 5243, top1_acc: 0.8222, top5_acc: 0.9772, loss_cls: 0.5678, loss: 0.5678
2026-08-22 04:38:01,067 - pyskl - INFO - Epoch [3][2800/5537]	lr: 2.352e-02, eta: 2 days, 9:04:38, time: 2.747, data_time: 0.000, memory: 5243, top1_acc: 0.8394, top5_acc: 0.9772, loss_cls: 0.5189, loss: 0.5189
2026-08-22 04:42:35,543 - pyskl - INFO - Epoch [3][2900/5537]	lr: 2.350e-02, eta: 2 days, 9:00:00, time: 2.745, data_time: 0.000, memory: 5243, top1_acc: 0.8309, top5_acc: 0.9734, loss_cls: 0.5566, loss: 0.5566
2026-08-22 04:47:10,434 - pyskl - INFO - Epoch [3][3000/5537]	lr: 2.348e-02, eta: 2 days, 8:55:24, time: 2.749, data_time: 0.000, memory: 5243, top1_acc: 0.8184, top5_acc: 0.9700, loss_cls: 0.5669, loss: 0.5669
2026-08-22 04:51:53,763 - pyskl - INFO - Epoch [3][3100/5537]	lr: 2.345e-02, eta: 2 days, 8:51:33, time: 2.833, data_time: 0.000, memory: 5243, top1_acc: 0.8263, top5_acc: 0.9712, loss_cls: 0.5619, loss: 0.5619
2026-08-22 04:56:27,742 - pyskl - INFO - Epoch [3][3200/5537]	lr: 2.343e-02, eta: 2 days, 8:46:52, time: 2.740, data_time: 0.000, memory: 5243, top1_acc: 0.8278, top5_acc: 0.9688, loss_cls: 0.5607, loss: 0.5607
2026-08-22 05:01:01,563 - pyskl - INFO - Epoch [3][3300/5537]	lr: 2.341e-02, eta: 2 days, 8:42:11, time: 2.738, data_time: 0.000, memory: 5243, top1_acc: 0.8263, top5_acc: 0.9725, loss_cls: 0.5504, loss: 0.5504
2026-08-22 05:05:36,173 - pyskl - INFO - Epoch [3][3400/5537]	lr: 2.339e-02, eta: 2 days, 8:37:34, time: 2.746, data_time: 0.000, memory: 5243, top1_acc: 0.8256, top5_acc: 0.9734, loss_cls: 0.5687, loss: 0.5687
2026-08-22 05:10:10,904 - pyskl - INFO - Epoch [3][3500/5537]	lr: 2.337e-02, eta: 2 days, 8:32:57, time: 2.747, data_time: 0.000, memory: 5243, top1_acc: 0.8206, top5_acc: 0.9722, loss_cls: 0.5643, loss: 0.5643
2026-08-22 05:14:45,193 - pyskl - INFO - Epoch [3][3600/5537]	lr: 2.335e-02, eta: 2 days, 8:28:18, time: 2.743, data_time: 0.000, memory: 5243, top1_acc: 0.8334, top5_acc: 0.9772, loss_cls: 0.5298, loss: 0.5298
2026-08-22 05:19:20,109 - pyskl - INFO - Epoch [3][3700/5537]	lr: 2.332e-02, eta: 2 days, 8:23:43, time: 2.749, data_time: 0.000, memory: 5243, top1_acc: 0.8234, top5_acc: 0.9734, loss_cls: 0.5590, loss: 0.5590
2026-08-22 05:23:55,983 - pyskl - INFO - Epoch [3][3800/5537]	lr: 2.330e-02, eta: 2 days, 8:19:12, time: 2.759, data_time: 0.000, memory: 5243, top1_acc: 0.8400, top5_acc: 0.9731, loss_cls: 0.5358, loss: 0.5358
2026-08-22 05:28:31,225 - pyskl - INFO - Epoch [3][3900/5537]	lr: 2.328e-02, eta: 2 days, 8:14:38, time: 2.752, data_time: 0.000, memory: 5243, top1_acc: 0.8213, top5_acc: 0.9691, loss_cls: 0.5730, loss: 0.5730
2026-08-22 05:33:06,185 - pyskl - INFO - Epoch [3][4000/5537]	lr: 2.326e-02, eta: 2 days, 8:10:02, time: 2.750, data_time: 0.000, memory: 5243, top1_acc: 0.8122, top5_acc: 0.9725, loss_cls: 0.5894, loss: 0.5894
2026-08-22 05:37:41,311 - pyskl - INFO - Epoch [3][4100/5537]	lr: 2.323e-02, eta: 2 days, 8:05:28, time: 2.751, data_time: 0.000, memory: 5243, top1_acc: 0.8122, top5_acc: 0.9700, loss_cls: 0.5977, loss: 0.5977
2026-08-22 05:42:15,830 - pyskl - INFO - Epoch [3][4200/5537]	lr: 2.321e-02, eta: 2 days, 8:00:50, time: 2.745, data_time: 0.000, memory: 5243, top1_acc: 0.8287, top5_acc: 0.9709, loss_cls: 0.5593, loss: 0.5593
2026-08-22 05:46:49,412 - pyskl - INFO - Epoch [3][4300/5537]	lr: 2.319e-02, eta: 2 days, 7:56:08, time: 2.736, data_time: 0.000, memory: 5243, top1_acc: 0.8359, top5_acc: 0.9825, loss_cls: 0.5279, loss: 0.5279
2026-08-22 05:51:23,348 - pyskl - INFO - Epoch [3][4400/5537]	lr: 2.317e-02, eta: 2 days, 7:51:28, time: 2.739, data_time: 0.000, memory: 5243, top1_acc: 0.8422, top5_acc: 0.9756, loss_cls: 0.5121, loss: 0.5121
2026-08-22 05:55:57,130 - pyskl - INFO - Epoch [3][4500/5537]	lr: 2.314e-02, eta: 2 days, 7:46:47, time: 2.738, data_time: 0.000, memory: 5243, top1_acc: 0.8341, top5_acc: 0.9762, loss_cls: 0.5507, loss: 0.5507
2026-08-22 06:00:31,367 - pyskl - INFO - Epoch [3][4600/5537]	lr: 2.312e-02, eta: 2 days, 7:42:09, time: 2.742, data_time: 0.000, memory: 5243, top1_acc: 0.8163, top5_acc: 0.9722, loss_cls: 0.5764, loss: 0.5764
2026-08-22 06:05:05,167 - pyskl - INFO - Epoch [3][4700/5537]	lr: 2.310e-02, eta: 2 days, 7:37:28, time: 2.738, data_time: 0.000, memory: 5243, top1_acc: 0.8228, top5_acc: 0.9756, loss_cls: 0.5383, loss: 0.5383
2026-08-22 06:09:38,589 - pyskl - INFO - Epoch [3][4800/5537]	lr: 2.307e-02, eta: 2 days, 7:32:46, time: 2.734, data_time: 0.000, memory: 5243, top1_acc: 0.8416, top5_acc: 0.9734, loss_cls: 0.5062, loss: 0.5062
2026-08-22 06:14:13,134 - pyskl - INFO - Epoch [3][4900/5537]	lr: 2.305e-02, eta: 2 days, 7:28:09, time: 2.745, data_time: 0.000, memory: 5243, top1_acc: 0.8222, top5_acc: 0.9712, loss_cls: 0.5783, loss: 0.5783
2026-08-22 06:18:46,891 - pyskl - INFO - Epoch [3][5000/5537]	lr: 2.302e-02, eta: 2 days, 7:23:28, time: 2.738, data_time: 0.000, memory: 5243, top1_acc: 0.8328, top5_acc: 0.9744, loss_cls: 0.5311, loss: 0.5311
2026-08-22 06:23:20,545 - pyskl - INFO - Epoch [3][5100/5537]	lr: 2.300e-02, eta: 2 days, 7:18:47, time: 2.737, data_time: 0.000, memory: 5243, top1_acc: 0.8372, top5_acc: 0.9697, loss_cls: 0.5549, loss: 0.5549
2026-08-22 06:27:54,764 - pyskl - INFO - Epoch [3][5200/5537]	lr: 2.298e-02, eta: 2 days, 7:14:09, time: 2.742, data_time: 0.000, memory: 5243, top1_acc: 0.8269, top5_acc: 0.9709, loss_cls: 0.5573, loss: 0.5573
2026-08-22 06:32:28,741 - pyskl - INFO - Epoch [3][5300/5537]	lr: 2.295e-02, eta: 2 days, 7:09:30, time: 2.740, data_time: 0.000, memory: 5243, top1_acc: 0.8381, top5_acc: 0.9772, loss_cls: 0.5251, loss: 0.5251
2026-08-22 06:37:02,551 - pyskl - INFO - Epoch [3][5400/5537]	lr: 2.293e-02, eta: 2 days, 7:04:50, time: 2.738, data_time: 0.000, memory: 5243, top1_acc: 0.8328, top5_acc: 0.9706, loss_cls: 0.5456, loss: 0.5456
2026-08-22 06:41:37,185 - pyskl - INFO - Epoch [3][5500/5537]	lr: 2.290e-02, eta: 2 days, 7:00:13, time: 2.746, data_time: 0.000, memory: 5243, top1_acc: 0.8419, top5_acc: 0.9734, loss_cls: 0.5270, loss: 0.5270
2026-08-22 06:43:18,617 - pyskl - INFO - Saving checkpoint at 3 epochs
2026-08-22 06:48:58,278 - pyskl - INFO - Evaluating top_k_accuracy ...
2026-08-22 06:48:58,289 - pyskl - INFO - 
top1_acc	0.8052
top5_acc	0.9710
2026-08-22 06:48:58,291 - pyskl - INFO - The previous best checkpoint D:\YxjProject\pythonProject\pyskl\work_dirs\aug_baseline\stgcnpp_j\train\A1_joint_missing\best_top1_acc_epoch_2.pth was removed
2026-08-22 06:48:58,365 - pyskl - INFO - Now best checkpoint is saved as best_top1_acc_epoch_3.pth.
2026-08-22 06:48:58,365 - pyskl - INFO - Best top1_acc is 0.8052 at 3 epoch.
2026-08-22 06:48:58,366 - pyskl - INFO - Epoch(val) [3][146]	top1_acc: 0.8052, top5_acc: 0.9710
2026-08-22 06:53:41,731 - pyskl - INFO - Epoch [4][100/5537]	lr: 2.287e-02, eta: 2 days, 6:47:15, time: 2.834, data_time: 0.078, memory: 5243, top1_acc: 0.8394, top5_acc: 0.9744, loss_cls: 0.5211, loss: 0.5211
2026-08-22 06:58:15,321 - pyskl - INFO - Epoch [4][200/5537]	lr: 2.284e-02, eta: 2 days, 6:42:37, time: 2.736, data_time: 0.000, memory: 5243, top1_acc: 0.8369, top5_acc: 0.9775, loss_cls: 0.5082, loss: 0.5082
2026-08-22 07:02:48,812 - pyskl - INFO - Epoch [4][300/5537]	lr: 2.282e-02, eta: 2 days, 6:37:59, time: 2.735, data_time: 0.000, memory: 5243, top1_acc: 0.8322, top5_acc: 0.9728, loss_cls: 0.5415, loss: 0.5415
2026-08-22 07:07:22,837 - pyskl - INFO - Epoch [4][400/5537]	lr: 2.279e-02, eta: 2 days, 6:33:23, time: 2.740, data_time: 0.000, memory: 5243, top1_acc: 0.8428, top5_acc: 0.9806, loss_cls: 0.5105, loss: 0.5105
2026-08-22 07:11:57,619 - pyskl - INFO - Epoch [4][500/5537]	lr: 2.277e-02, eta: 2 days, 6:28:51, time: 2.748, data_time: 0.000, memory: 5243, top1_acc: 0.8419, top5_acc: 0.9750, loss_cls: 0.4952, loss: 0.4952
2026-08-22 07:16:32,080 - pyskl - INFO - Epoch [4][600/5537]	lr: 2.274e-02, eta: 2 days, 6:24:17, time: 2.745, data_time: 0.000, memory: 5243, top1_acc: 0.8378, top5_acc: 0.9719, loss_cls: 0.5246, loss: 0.5246
2026-08-22 07:21:06,310 - pyskl - INFO - Epoch [4][700/5537]	lr: 2.272e-02, eta: 2 days, 6:19:42, time: 2.742, data_time: 0.000, memory: 5243, top1_acc: 0.8291, top5_acc: 0.9738, loss_cls: 0.5416, loss: 0.5416
2026-08-22 07:25:40,964 - pyskl - INFO - Epoch [4][800/5537]	lr: 2.269e-02, eta: 2 days, 6:15:08, time: 2.747, data_time: 0.000, memory: 5243, top1_acc: 0.8325, top5_acc: 0.9756, loss_cls: 0.5362, loss: 0.5362
2026-08-22 07:30:16,170 - pyskl - INFO - Epoch [4][900/5537]	lr: 2.267e-02, eta: 2 days, 6:10:37, time: 2.752, data_time: 0.000, memory: 5243, top1_acc: 0.8363, top5_acc: 0.9688, loss_cls: 0.5373, loss: 0.5373
2026-08-22 07:34:50,620 - pyskl - INFO - Epoch [4][1000/5537]	lr: 2.264e-02, eta: 2 days, 6:06:03, time: 2.744, data_time: 0.000, memory: 5243, top1_acc: 0.8413, top5_acc: 0.9791, loss_cls: 0.5160, loss: 0.5160
2026-08-22 07:39:23,660 - pyskl - INFO - Epoch [4][1100/5537]	lr: 2.261e-02, eta: 2 days, 6:01:23, time: 2.730, data_time: 0.000, memory: 5243, top1_acc: 0.8462, top5_acc: 0.9734, loss_cls: 0.5247, loss: 0.5247
2026-08-22 07:43:57,499 - pyskl - INFO - Epoch [4][1200/5537]	lr: 2.259e-02, eta: 2 days, 5:56:47, time: 2.738, data_time: 0.000, memory: 5243, top1_acc: 0.8531, top5_acc: 0.9784, loss_cls: 0.4856, loss: 0.4856
2026-08-22 07:48:33,733 - pyskl - INFO - Epoch [4][1300/5537]	lr: 2.256e-02, eta: 2 days, 5:52:20, time: 2.762, data_time: 0.000, memory: 5243, top1_acc: 0.8494, top5_acc: 0.9756, loss_cls: 0.4959, loss: 0.4959
2026-08-22 07:53:07,229 - pyskl - INFO - Epoch [4][1400/5537]	lr: 2.254e-02, eta: 2 days, 5:47:42, time: 2.735, data_time: 0.000, memory: 5243, top1_acc: 0.8422, top5_acc: 0.9788, loss_cls: 0.5020, loss: 0.5020
2026-08-22 07:57:40,488 - pyskl - INFO - Epoch [4][1500/5537]	lr: 2.251e-02, eta: 2 days, 5:43:03, time: 2.733, data_time: 0.000, memory: 5243, top1_acc: 0.8263, top5_acc: 0.9788, loss_cls: 0.5335, loss: 0.5335
2026-08-22 08:02:13,497 - pyskl - INFO - Epoch [4][1600/5537]	lr: 2.248e-02, eta: 2 days, 5:38:24, time: 2.730, data_time: 0.000, memory: 5243, top1_acc: 0.8397, top5_acc: 0.9734, loss_cls: 0.5218, loss: 0.5218
2026-08-22 08:06:46,394 - pyskl - INFO - Epoch [4][1700/5537]	lr: 2.246e-02, eta: 2 days, 5:33:43, time: 2.729, data_time: 0.000, memory: 5243, top1_acc: 0.8428, top5_acc: 0.9781, loss_cls: 0.5146, loss: 0.5146
2026-08-22 08:11:20,172 - pyskl - INFO - Epoch [4][1800/5537]	lr: 2.243e-02, eta: 2 days, 5:29:07, time: 2.738, data_time: 0.000, memory: 5243, top1_acc: 0.8441, top5_acc: 0.9747, loss_cls: 0.5090, loss: 0.5090
2026-08-22 08:15:53,191 - pyskl - INFO - Epoch [4][1900/5537]	lr: 2.240e-02, eta: 2 days, 5:24:27, time: 2.730, data_time: 0.000, memory: 5243, top1_acc: 0.8413, top5_acc: 0.9753, loss_cls: 0.5141, loss: 0.5141
2026-08-22 08:20:26,778 - pyskl - INFO - Epoch [4][2000/5537]	lr: 2.238e-02, eta: 2 days, 5:19:50, time: 2.736, data_time: 0.000, memory: 5243, top1_acc: 0.8469, top5_acc: 0.9703, loss_cls: 0.5179, loss: 0.5179
2026-08-22 08:24:59,603 - pyskl - INFO - Epoch [4][2100/5537]	lr: 2.235e-02, eta: 2 days, 5:15:10, time: 2.728, data_time: 0.000, memory: 5243, top1_acc: 0.8547, top5_acc: 0.9781, loss_cls: 0.4838, loss: 0.4838
2026-08-22 08:29:32,316 - pyskl - INFO - Epoch [4][2200/5537]	lr: 2.232e-02, eta: 2 days, 5:10:30, time: 2.727, data_time: 0.000, memory: 5243, top1_acc: 0.8313, top5_acc: 0.9762, loss_cls: 0.5408, loss: 0.5408
2026-08-22 08:34:05,421 - pyskl - INFO - Epoch [4][2300/5537]	lr: 2.229e-02, eta: 2 days, 5:05:51, time: 2.731, data_time: 0.000, memory: 5243, top1_acc: 0.8481, top5_acc: 0.9784, loss_cls: 0.4959, loss: 0.4959
2026-08-22 08:38:38,521 - pyskl - INFO - Epoch [4][2400/5537]	lr: 2.227e-02, eta: 2 days, 5:01:12, time: 2.731, data_time: 0.000, memory: 5243, top1_acc: 0.8344, top5_acc: 0.9722, loss_cls: 0.5323, loss: 0.5323
2026-08-22 08:43:13,119 - pyskl - INFO - Epoch [4][2500/5537]	lr: 2.224e-02, eta: 2 days, 4:56:39, time: 2.746, data_time: 0.000, memory: 5243, top1_acc: 0.8466, top5_acc: 0.9791, loss_cls: 0.4846, loss: 0.4846
2026-08-22 08:47:49,775 - pyskl - INFO - Epoch [4][2600/5537]	lr: 2.221e-02, eta: 2 days, 4:52:13, time: 2.767, data_time: 0.000, memory: 5243, top1_acc: 0.8512, top5_acc: 0.9728, loss_cls: 0.5151, loss: 0.5151
2026-08-22 08:52:38,177 - pyskl - INFO - Epoch [4][2700/5537]	lr: 2.218e-02, eta: 2 days, 4:48:29, time: 2.884, data_time: 0.000, memory: 5243, top1_acc: 0.8409, top5_acc: 0.9753, loss_cls: 0.5268, loss: 0.5268
2026-08-22 08:57:26,584 - pyskl - INFO - Epoch [4][2800/5537]	lr: 2.215e-02, eta: 2 days, 4:44:45, time: 2.884, data_time: 0.000, memory: 5243, top1_acc: 0.8541, top5_acc: 0.9803, loss_cls: 0.4764, loss: 0.4764
2026-08-22 09:02:15,149 - pyskl - INFO - Epoch [4][2900/5537]	lr: 2.213e-02, eta: 2 days, 4:41:00, time: 2.886, data_time: 0.000, memory: 5243, top1_acc: 0.8550, top5_acc: 0.9759, loss_cls: 0.4739, loss: 0.4739
2026-08-22 09:07:03,588 - pyskl - INFO - Epoch [4][3000/5537]	lr: 2.210e-02, eta: 2 days, 4:37:14, time: 2.884, data_time: 0.000, memory: 5243, top1_acc: 0.8556, top5_acc: 0.9775, loss_cls: 0.4705, loss: 0.4705
2026-08-22 09:11:52,166 - pyskl - INFO - Epoch [4][3100/5537]	lr: 2.207e-02, eta: 2 days, 4:33:29, time: 2.886, data_time: 0.000, memory: 5243, top1_acc: 0.8381, top5_acc: 0.9706, loss_cls: 0.5113, loss: 0.5113
2026-08-22 09:16:39,237 - pyskl - INFO - Epoch [4][3200/5537]	lr: 2.204e-02, eta: 2 days, 4:29:37, time: 2.871, data_time: 0.000, memory: 5243, top1_acc: 0.8619, top5_acc: 0.9847, loss_cls: 0.4391, loss: 0.4391
2026-08-22 09:21:26,309 - pyskl - INFO - Epoch [4][3300/5537]	lr: 2.201e-02, eta: 2 days, 4:25:45, time: 2.871, data_time: 0.000, memory: 5243, top1_acc: 0.8344, top5_acc: 0.9781, loss_cls: 0.5139, loss: 0.5139
2026-08-22 09:26:12,396 - pyskl - INFO - Epoch [4][3400/5537]	lr: 2.198e-02, eta: 2 days, 4:21:48, time: 2.861, data_time: 0.000, memory: 5243, top1_acc: 0.8413, top5_acc: 0.9762, loss_cls: 0.5093, loss: 0.5093
2026-08-22 09:30:54,915 - pyskl - INFO - Epoch [4][3500/5537]	lr: 2.195e-02, eta: 2 days, 4:17:40, time: 2.825, data_time: 0.000, memory: 5243, top1_acc: 0.8447, top5_acc: 0.9750, loss_cls: 0.5197, loss: 0.5197
2026-08-22 09:35:28,470 - pyskl - INFO - Epoch [4][3600/5537]	lr: 2.192e-02, eta: 2 days, 4:13:00, time: 2.736, data_time: 0.000, memory: 5243, top1_acc: 0.8394, top5_acc: 0.9728, loss_cls: 0.5205, loss: 0.5205
2026-08-22 09:40:02,726 - pyskl - INFO - Epoch [4][3700/5537]	lr: 2.190e-02, eta: 2 days, 4:08:23, time: 2.743, data_time: 0.000, memory: 5243, top1_acc: 0.8384, top5_acc: 0.9772, loss_cls: 0.5130, loss: 0.5130
2026-08-22 09:44:37,385 - pyskl - INFO - Epoch [4][3800/5537]	lr: 2.187e-02, eta: 2 days, 4:03:47, time: 2.747, data_time: 0.000, memory: 5243, top1_acc: 0.8528, top5_acc: 0.9775, loss_cls: 0.4756, loss: 0.4756
2026-08-22 09:49:13,702 - pyskl - INFO - Epoch [4][3900/5537]	lr: 2.184e-02, eta: 2 days, 3:59:17, time: 2.763, data_time: 0.000, memory: 5243, top1_acc: 0.8497, top5_acc: 0.9719, loss_cls: 0.4968, loss: 0.4968
2026-08-22 09:53:48,785 - pyskl - INFO - Epoch [4][4000/5537]	lr: 2.181e-02, eta: 2 days, 3:54:43, time: 2.751, data_time: 0.000, memory: 5243, top1_acc: 0.8375, top5_acc: 0.9772, loss_cls: 0.5172, loss: 0.5172
2026-08-22 09:58:24,044 - pyskl - INFO - Epoch [4][4100/5537]	lr: 2.178e-02, eta: 2 days, 3:50:09, time: 2.753, data_time: 0.000, memory: 5243, top1_acc: 0.8525, top5_acc: 0.9778, loss_cls: 0.4814, loss: 0.4814
2026-08-22 10:02:58,584 - pyskl - INFO - Epoch [4][4200/5537]	lr: 2.175e-02, eta: 2 days, 3:45:33, time: 2.745, data_time: 0.000, memory: 5243, top1_acc: 0.8584, top5_acc: 0.9750, loss_cls: 0.4651, loss: 0.4651
2026-08-22 10:07:31,827 - pyskl - INFO - Epoch [4][4300/5537]	lr: 2.172e-02, eta: 2 days, 3:40:53, time: 2.732, data_time: 0.000, memory: 5243, top1_acc: 0.8309, top5_acc: 0.9731, loss_cls: 0.5436, loss: 0.5436
2026-08-22 10:12:05,687 - pyskl - INFO - Epoch [4][4400/5537]	lr: 2.169e-02, eta: 2 days, 3:36:14, time: 2.739, data_time: 0.000, memory: 5243, top1_acc: 0.8553, top5_acc: 0.9778, loss_cls: 0.4718, loss: 0.4718
2026-08-22 10:16:39,495 - pyskl - INFO - Epoch [4][4500/5537]	lr: 2.166e-02, eta: 2 days, 3:31:36, time: 2.738, data_time: 0.000, memory: 5243, top1_acc: 0.8556, top5_acc: 0.9769, loss_cls: 0.4794, loss: 0.4794
2026-08-22 10:21:12,757 - pyskl - INFO - Epoch [4][4600/5537]	lr: 2.163e-02, eta: 2 days, 3:26:56, time: 2.733, data_time: 0.000, memory: 5243, top1_acc: 0.8459, top5_acc: 0.9791, loss_cls: 0.4929, loss: 0.4929
2026-08-22 10:25:46,237 - pyskl - INFO - Epoch [4][4700/5537]	lr: 2.160e-02, eta: 2 days, 3:22:17, time: 2.735, data_time: 0.000, memory: 5243, top1_acc: 0.8431, top5_acc: 0.9781, loss_cls: 0.4984, loss: 0.4984
2026-08-22 10:30:19,984 - pyskl - INFO - Epoch [4][4800/5537]	lr: 2.157e-02, eta: 2 days, 3:17:38, time: 2.737, data_time: 0.000, memory: 5243, top1_acc: 0.8566, top5_acc: 0.9778, loss_cls: 0.4840, loss: 0.4840
2026-08-22 10:34:53,759 - pyskl - INFO - Epoch [4][4900/5537]	lr: 2.154e-02, eta: 2 days, 3:13:00, time: 2.738, data_time: 0.000, memory: 5243, top1_acc: 0.8456, top5_acc: 0.9784, loss_cls: 0.4963, loss: 0.4963
2026-08-22 10:39:27,674 - pyskl - INFO - Epoch [4][5000/5537]	lr: 2.151e-02, eta: 2 days, 3:08:22, time: 2.739, data_time: 0.000, memory: 5243, top1_acc: 0.8497, top5_acc: 0.9778, loss_cls: 0.4819, loss: 0.4819
2026-08-22 10:44:01,999 - pyskl - INFO - Epoch [4][5100/5537]	lr: 2.148e-02, eta: 2 days, 3:03:46, time: 2.743, data_time: 0.000, memory: 5243, top1_acc: 0.8484, top5_acc: 0.9781, loss_cls: 0.4927, loss: 0.4927
2026-08-22 10:48:37,689 - pyskl - INFO - Epoch [4][5200/5537]	lr: 2.144e-02, eta: 2 days, 2:59:13, time: 2.757, data_time: 0.000, memory: 5243, top1_acc: 0.8438, top5_acc: 0.9753, loss_cls: 0.5031, loss: 0.5031
2026-08-22 10:53:14,121 - pyskl - INFO - Epoch [4][5300/5537]	lr: 2.141e-02, eta: 2 days, 2:54:43, time: 2.764, data_time: 0.000, memory: 5243, top1_acc: 0.8581, top5_acc: 0.9769, loss_cls: 0.4698, loss: 0.4698
2026-08-22 10:57:49,305 - pyskl - INFO - Epoch [4][5400/5537]	lr: 2.138e-02, eta: 2 days, 2:50:09, time: 2.752, data_time: 0.000, memory: 5243, top1_acc: 0.8509, top5_acc: 0.9784, loss_cls: 0.4840, loss: 0.4840
2026-08-22 11:02:24,919 - pyskl - INFO - Epoch [4][5500/5537]	lr: 2.135e-02, eta: 2 days, 2:45:37, time: 2.756, data_time: 0.000, memory: 5243, top1_acc: 0.8700, top5_acc: 0.9847, loss_cls: 0.4253, loss: 0.4253
2026-08-22 11:04:07,120 - pyskl - INFO - Saving checkpoint at 4 epochs
2026-08-22 11:09:48,656 - pyskl - INFO - Evaluating top_k_accuracy ...
2026-08-22 11:09:48,668 - pyskl - INFO - 
top1_acc	0.8137
top5_acc	0.9697
2026-08-22 11:09:48,670 - pyskl - INFO - The previous best checkpoint D:\YxjProject\pythonProject\pyskl\work_dirs\aug_baseline\stgcnpp_j\train\A1_joint_missing\best_top1_acc_epoch_3.pth was removed
2026-08-22 11:09:48,744 - pyskl - INFO - Now best checkpoint is saved as best_top1_acc_epoch_4.pth.
2026-08-22 11:09:48,745 - pyskl - INFO - Best top1_acc is 0.8137 at 4 epoch.
2026-08-22 11:09:48,745 - pyskl - INFO - Epoch(val) [4][146]	top1_acc: 0.8137, top5_acc: 0.9697
2026-08-22 11:14:33,585 - pyskl - INFO - Epoch [5][100/5537]	lr: 2.131e-02, eta: 2 days, 2:34:47, time: 2.848, data_time: 0.079, memory: 5243, top1_acc: 0.8538, top5_acc: 0.9766, loss_cls: 0.4886, loss: 0.4886
2026-08-22 11:19:09,561 - pyskl - INFO - Epoch [5][200/5537]	lr: 2.128e-02, eta: 2 days, 2:30:17, time: 2.760, data_time: 0.000, memory: 5243, top1_acc: 0.8553, top5_acc: 0.9769, loss_cls: 0.4736, loss: 0.4736
2026-08-22 11:23:45,438 - pyskl - INFO - Epoch [5][300/5537]	lr: 2.124e-02, eta: 2 days, 2:25:46, time: 2.759, data_time: 0.000, memory: 5243, top1_acc: 0.8447, top5_acc: 0.9766, loss_cls: 0.4899, loss: 0.4899
2026-08-22 11:28:21,289 - pyskl - INFO - Epoch [5][400/5537]	lr: 2.121e-02, eta: 2 days, 2:21:16, time: 2.759, data_time: 0.000, memory: 5243, top1_acc: 0.8666, top5_acc: 0.9791, loss_cls: 0.4363, loss: 0.4363
2026-08-22 11:32:56,468 - pyskl - INFO - Epoch [5][500/5537]	lr: 2.118e-02, eta: 2 days, 2:16:44, time: 2.752, data_time: 0.000, memory: 5243, top1_acc: 0.8606, top5_acc: 0.9791, loss_cls: 0.4541, loss: 0.4541
2026-08-22 11:37:31,991 - pyskl - INFO - Epoch [5][600/5537]	lr: 2.115e-02, eta: 2 days, 2:12:12, time: 2.755, data_time: 0.000, memory: 5243, top1_acc: 0.8569, top5_acc: 0.9788, loss_cls: 0.4712, loss: 0.4712
2026-08-22 11:42:07,230 - pyskl - INFO - Epoch [5][700/5537]	lr: 2.112e-02, eta: 2 days, 2:07:40, time: 2.752, data_time: 0.000, memory: 5243, top1_acc: 0.8581, top5_acc: 0.9788, loss_cls: 0.4470, loss: 0.4470
2026-08-22 11:46:42,532 - pyskl - INFO - Epoch [5][800/5537]	lr: 2.108e-02, eta: 2 days, 2:03:08, time: 2.753, data_time: 0.000, memory: 5243, top1_acc: 0.8600, top5_acc: 0.9781, loss_cls: 0.4553, loss: 0.4553
2026-08-22 11:51:18,022 - pyskl - INFO - Epoch [5][900/5537]	lr: 2.105e-02, eta: 2 days, 1:58:36, time: 2.755, data_time: 0.000, memory: 5243, top1_acc: 0.8553, top5_acc: 0.9825, loss_cls: 0.4489, loss: 0.4489
2026-08-22 11:55:53,503 - pyskl - INFO - Epoch [5][1000/5537]	lr: 2.102e-02, eta: 2 days, 1:54:04, time: 2.755, data_time: 0.000, memory: 5243, top1_acc: 0.8622, top5_acc: 0.9778, loss_cls: 0.4557, loss: 0.4557
2026-08-22 12:00:28,239 - pyskl - INFO - Epoch [5][1100/5537]	lr: 2.099e-02, eta: 2 days, 1:49:30, time: 2.747, data_time: 0.000, memory: 5243, top1_acc: 0.8700, top5_acc: 0.9841, loss_cls: 0.4315, loss: 0.4315
2026-08-22 12:05:03,109 - pyskl - INFO - Epoch [5][1200/5537]	lr: 2.096e-02, eta: 2 days, 1:44:57, time: 2.749, data_time: 0.000, memory: 5243, top1_acc: 0.8672, top5_acc: 0.9806, loss_cls: 0.4353, loss: 0.4353
2026-08-22 12:09:38,531 - pyskl - INFO - Epoch [5][1300/5537]	lr: 2.092e-02, eta: 2 days, 1:40:25, time: 2.754, data_time: 0.000, memory: 5243, top1_acc: 0.8497, top5_acc: 0.9775, loss_cls: 0.4805, loss: 0.4805
2026-08-22 12:14:13,361 - pyskl - INFO - Epoch [5][1400/5537]	lr: 2.089e-02, eta: 2 days, 1:35:51, time: 2.748, data_time: 0.000, memory: 5243, top1_acc: 0.8475, top5_acc: 0.9794, loss_cls: 0.4888, loss: 0.4888
2026-08-22 12:18:47,953 - pyskl - INFO - Epoch [5][1500/5537]	lr: 2.086e-02, eta: 2 days, 1:31:17, time: 2.746, data_time: 0.000, memory: 5243, top1_acc: 0.8681, top5_acc: 0.9831, loss_cls: 0.4177, loss: 0.4177
2026-08-22 12:23:23,149 - pyskl - INFO - Epoch [5][1600/5537]	lr: 2.082e-02, eta: 2 days, 1:26:44, time: 2.752, data_time: 0.000, memory: 5243, top1_acc: 0.8650, top5_acc: 0.9794, loss_cls: 0.4558, loss: 0.4558
2026-08-22 12:27:58,733 - pyskl - INFO - Epoch [5][1700/5537]	lr: 2.079e-02, eta: 2 days, 1:22:13, time: 2.756, data_time: 0.000, memory: 5243, top1_acc: 0.8678, top5_acc: 0.9825, loss_cls: 0.4405, loss: 0.4405
2026-08-22 12:32:34,981 - pyskl - INFO - Epoch [5][1800/5537]	lr: 2.076e-02, eta: 2 days, 1:17:43, time: 2.762, data_time: 0.000, memory: 5243, top1_acc: 0.8612, top5_acc: 0.9806, loss_cls: 0.4438, loss: 0.4438
2026-08-22 12:37:11,035 - pyskl - INFO - Epoch [5][1900/5537]	lr: 2.072e-02, eta: 2 days, 1:13:13, time: 2.761, data_time: 0.000, memory: 5243, top1_acc: 0.8559, top5_acc: 0.9775, loss_cls: 0.4790, loss: 0.4790
2026-08-22 12:41:47,372 - pyskl - INFO - Epoch [5][2000/5537]	lr: 2.069e-02, eta: 2 days, 1:08:43, time: 2.763, data_time: 0.000, memory: 5243, top1_acc: 0.8600, top5_acc: 0.9797, loss_cls: 0.4659, loss: 0.4659
2026-08-22 12:46:23,788 - pyskl - INFO - Epoch [5][2100/5537]	lr: 2.066e-02, eta: 2 days, 1:04:13, time: 2.764, data_time: 0.000, memory: 5243, top1_acc: 0.8500, top5_acc: 0.9800, loss_cls: 0.4588, loss: 0.4588
2026-08-22 12:51:00,016 - pyskl - INFO - Epoch [5][2200/5537]	lr: 2.062e-02, eta: 2 days, 0:59:43, time: 2.762, data_time: 0.000, memory: 5243, top1_acc: 0.8575, top5_acc: 0.9806, loss_cls: 0.4595, loss: 0.4595
2026-08-22 12:55:36,356 - pyskl - INFO - Epoch [5][2300/5537]	lr: 2.059e-02, eta: 2 days, 0:55:13, time: 2.763, data_time: 0.000, memory: 5243, top1_acc: 0.8578, top5_acc: 0.9797, loss_cls: 0.4634, loss: 0.4634
2026-08-22 13:00:12,625 - pyskl - INFO - Epoch [5][2400/5537]	lr: 2.056e-02, eta: 2 days, 0:50:43, time: 2.763, data_time: 0.000, memory: 5243, top1_acc: 0.8647, top5_acc: 0.9800, loss_cls: 0.4478, loss: 0.4478
2026-08-22 13:04:48,272 - pyskl - INFO - Epoch [5][2500/5537]	lr: 2.052e-02, eta: 2 days, 0:46:11, time: 2.756, data_time: 0.000, memory: 5243, top1_acc: 0.8525, top5_acc: 0.9759, loss_cls: 0.4838, loss: 0.4838
2026-08-22 13:09:24,815 - pyskl - INFO - Epoch [5][2600/5537]	lr: 2.049e-02, eta: 2 days, 0:41:42, time: 2.765, data_time: 0.000, memory: 5243, top1_acc: 0.8678, top5_acc: 0.9819, loss_cls: 0.4427, loss: 0.4427
2026-08-22 13:14:01,182 - pyskl - INFO - Epoch [5][2700/5537]	lr: 2.045e-02, eta: 2 days, 0:37:12, time: 2.764, data_time: 0.000, memory: 5243, top1_acc: 0.8662, top5_acc: 0.9803, loss_cls: 0.4313, loss: 0.4313
2026-08-22 13:18:37,280 - pyskl - INFO - Epoch [5][2800/5537]	lr: 2.042e-02, eta: 2 days, 0:32:41, time: 2.761, data_time: 0.000, memory: 5243, top1_acc: 0.8544, top5_acc: 0.9828, loss_cls: 0.4517, loss: 0.4517
2026-08-22 13:23:12,726 - pyskl - INFO - Epoch [5][2900/5537]	lr: 2.039e-02, eta: 2 days, 0:28:09, time: 2.754, data_time: 0.000, memory: 5243, top1_acc: 0.8728, top5_acc: 0.9781, loss_cls: 0.4199, loss: 0.4199
2026-08-22 13:27:47,845 - pyskl - INFO - Epoch [5][3000/5537]	lr: 2.035e-02, eta: 2 days, 0:23:35, time: 2.751, data_time: 0.000, memory: 5243, top1_acc: 0.8606, top5_acc: 0.9778, loss_cls: 0.4473, loss: 0.4473
2026-08-22 13:32:35,034 - pyskl - INFO - Epoch [5][3100/5537]	lr: 2.032e-02, eta: 2 days, 0:19:32, time: 2.872, data_time: 0.000, memory: 5243, top1_acc: 0.8694, top5_acc: 0.9806, loss_cls: 0.4149, loss: 0.4149
2026-08-22 13:37:24,354 - pyskl - INFO - Epoch [5][3200/5537]	lr: 2.028e-02, eta: 2 days, 0:15:34, time: 2.893, data_time: 0.000, memory: 5243, top1_acc: 0.8581, top5_acc: 0.9744, loss_cls: 0.4747, loss: 0.4747
2026-08-22 13:42:01,243 - pyskl - INFO - Epoch [5][3300/5537]	lr: 2.025e-02, eta: 2 days, 0:11:05, time: 2.769, data_time: 0.000, memory: 5243, top1_acc: 0.8553, top5_acc: 0.9772, loss_cls: 0.4619, loss: 0.4619
2026-08-22 13:46:37,006 - pyskl - INFO - Epoch [5][3400/5537]	lr: 2.021e-02, eta: 2 days, 0:06:33, time: 2.758, data_time: 0.000, memory: 5243, top1_acc: 0.8675, top5_acc: 0.9809, loss_cls: 0.4342, loss: 0.4342
2026-08-22 13:51:15,695 - pyskl - INFO - Epoch [5][3500/5537]	lr: 2.018e-02, eta: 2 days, 0:02:08, time: 2.787, data_time: 0.000, memory: 5243, top1_acc: 0.8784, top5_acc: 0.9834, loss_cls: 0.4227, loss: 0.4227
2026-08-22 13:55:52,039 - pyskl - INFO - Epoch [5][3600/5537]	lr: 2.014e-02, eta: 1 day, 23:57:37, time: 2.763, data_time: 0.000, memory: 5243, top1_acc: 0.8606, top5_acc: 0.9759, loss_cls: 0.4577, loss: 0.4577
2026-08-22 14:00:27,562 - pyskl - INFO - Epoch [5][3700/5537]	lr: 2.011e-02, eta: 1 day, 23:53:04, time: 2.755, data_time: 0.000, memory: 5243, top1_acc: 0.8581, top5_acc: 0.9762, loss_cls: 0.4619, loss: 0.4619
2026-08-22 14:05:02,596 - pyskl - INFO - Epoch [5][3800/5537]	lr: 2.007e-02, eta: 1 day, 23:48:30, time: 2.750, data_time: 0.000, memory: 5243, top1_acc: 0.8656, top5_acc: 0.9812, loss_cls: 0.4506, loss: 0.4506
2026-08-22 14:09:37,715 - pyskl - INFO - Epoch [5][3900/5537]	lr: 2.004e-02, eta: 1 day, 23:43:57, time: 2.751, data_time: 0.000, memory: 5243, top1_acc: 0.8631, top5_acc: 0.9778, loss_cls: 0.4435, loss: 0.4435
2026-08-22 14:14:12,981 - pyskl - INFO - Epoch [5][4000/5537]	lr: 2.000e-02, eta: 1 day, 23:39:23, time: 2.753, data_time: 0.000, memory: 5243, top1_acc: 0.8594, top5_acc: 0.9788, loss_cls: 0.4583, loss: 0.4583
2026-08-22 14:18:48,574 - pyskl - INFO - Epoch [5][4100/5537]	lr: 1.997e-02, eta: 1 day, 23:34:50, time: 2.756, data_time: 0.000, memory: 5243, top1_acc: 0.8706, top5_acc: 0.9809, loss_cls: 0.4195, loss: 0.4195
2026-08-22 14:23:26,751 - pyskl - INFO - Epoch [5][4200/5537]	lr: 1.993e-02, eta: 1 day, 23:30:24, time: 2.782, data_time: 0.000, memory: 5243, top1_acc: 0.8644, top5_acc: 0.9819, loss_cls: 0.4413, loss: 0.4413
2026-08-22 14:28:03,298 - pyskl - INFO - Epoch [5][4300/5537]	lr: 1.989e-02, eta: 1 day, 23:25:53, time: 2.765, data_time: 0.000, memory: 5243, top1_acc: 0.8509, top5_acc: 0.9688, loss_cls: 0.4994, loss: 0.4994
2026-08-22 14:32:40,924 - pyskl - INFO - Epoch [5][4400/5537]	lr: 1.986e-02, eta: 1 day, 23:21:25, time: 2.776, data_time: 0.000, memory: 5243, top1_acc: 0.8512, top5_acc: 0.9803, loss_cls: 0.4641, loss: 0.4641
2026-08-22 14:37:18,777 - pyskl - INFO - Epoch [5][4500/5537]	lr: 1.982e-02, eta: 1 day, 23:16:57, time: 2.779, data_time: 0.000, memory: 5243, top1_acc: 0.8619, top5_acc: 0.9756, loss_cls: 0.4603, loss: 0.4603
2026-08-22 14:41:56,771 - pyskl - INFO - Epoch [5][4600/5537]	lr: 1.979e-02, eta: 1 day, 23:12:30, time: 2.780, data_time: 0.000, memory: 5243, top1_acc: 0.8694, top5_acc: 0.9831, loss_cls: 0.4177, loss: 0.4177
2026-08-22 14:46:33,910 - pyskl - INFO - Epoch [5][4700/5537]	lr: 1.975e-02, eta: 1 day, 23:08:00, time: 2.771, data_time: 0.000, memory: 5243, top1_acc: 0.8612, top5_acc: 0.9794, loss_cls: 0.4527, loss: 0.4527
2026-08-22 14:51:11,657 - pyskl - INFO - Epoch [5][4800/5537]	lr: 1.971e-02, eta: 1 day, 23:03:32, time: 2.777, data_time: 0.000, memory: 5243, top1_acc: 0.8606, top5_acc: 0.9797, loss_cls: 0.4506, loss: 0.4506
2026-08-22 14:55:49,985 - pyskl - INFO - Epoch [5][4900/5537]	lr: 1.968e-02, eta: 1 day, 22:59:05, time: 2.783, data_time: 0.000, memory: 5243, top1_acc: 0.8691, top5_acc: 0.9788, loss_cls: 0.4335, loss: 0.4335
2026-08-22 15:00:28,301 - pyskl - INFO - Epoch [5][5000/5537]	lr: 1.964e-02, eta: 1 day, 22:54:39, time: 2.783, data_time: 0.000, memory: 5243, top1_acc: 0.8725, top5_acc: 0.9862, loss_cls: 0.4055, loss: 0.4055
2026-08-22 15:05:05,612 - pyskl - INFO - Epoch [5][5100/5537]	lr: 1.961e-02, eta: 1 day, 22:50:09, time: 2.773, data_time: 0.000, memory: 5243, top1_acc: 0.8541, top5_acc: 0.9841, loss_cls: 0.4549, loss: 0.4549
2026-08-22 15:09:43,503 - pyskl - INFO - Epoch [5][5200/5537]	lr: 1.957e-02, eta: 1 day, 22:45:41, time: 2.779, data_time: 0.000, memory: 5243, top1_acc: 0.8434, top5_acc: 0.9803, loss_cls: 0.4795, loss: 0.4795
2026-08-22 15:14:20,848 - pyskl - INFO - Epoch [5][5300/5537]	lr: 1.953e-02, eta: 1 day, 22:41:12, time: 2.773, data_time: 0.000, memory: 5243, top1_acc: 0.8616, top5_acc: 0.9791, loss_cls: 0.4455, loss: 0.4455
2026-08-22 15:18:58,220 - pyskl - INFO - Epoch [5][5400/5537]	lr: 1.950e-02, eta: 1 day, 22:36:42, time: 2.774, data_time: 0.000, memory: 5243, top1_acc: 0.8734, top5_acc: 0.9831, loss_cls: 0.4212, loss: 0.4212
2026-08-22 15:23:35,922 - pyskl - INFO - Epoch [5][5500/5537]	lr: 1.946e-02, eta: 1 day, 22:32:14, time: 2.777, data_time: 0.000, memory: 5243, top1_acc: 0.8553, top5_acc: 0.9812, loss_cls: 0.4680, loss: 0.4680
2026-08-22 15:25:18,511 - pyskl - INFO - Saving checkpoint at 5 epochs
2026-08-22 15:30:59,819 - pyskl - INFO - Evaluating top_k_accuracy ...
2026-08-22 15:30:59,831 - pyskl - INFO - 
top1_acc	0.8032
top5_acc	0.9701
2026-08-22 15:30:59,831 - pyskl - INFO - Epoch(val) [5][146]	top1_acc: 0.8032, top5_acc: 0.9701
2026-08-22 15:35:43,923 - pyskl - INFO - Epoch [6][100/5537]	lr: 1.941e-02, eta: 1 day, 22:22:35, time: 2.841, data_time: 0.077, memory: 5243, top1_acc: 0.8641, top5_acc: 0.9838, loss_cls: 0.4242, loss: 0.4242
2026-08-22 15:40:20,097 - pyskl - INFO - Epoch [6][200/5537]	lr: 1.937e-02, eta: 1 day, 22:18:04, time: 2.762, data_time: 0.000, memory: 5243, top1_acc: 0.8806, top5_acc: 0.9881, loss_cls: 0.3699, loss: 0.3699
2026-08-22 15:44:56,453 - pyskl - INFO - Epoch [6][300/5537]	lr: 1.933e-02, eta: 1 day, 22:13:33, time: 2.764, data_time: 0.000, memory: 5243, top1_acc: 0.8634, top5_acc: 0.9866, loss_cls: 0.4063, loss: 0.4063
2026-08-22 15:49:33,295 - pyskl - INFO - Epoch [6][400/5537]	lr: 1.930e-02, eta: 1 day, 22:09:03, time: 2.768, data_time: 0.000, memory: 5243, top1_acc: 0.8809, top5_acc: 0.9838, loss_cls: 0.3990, loss: 0.3990
2026-08-22 15:54:10,242 - pyskl - INFO - Epoch [6][500/5537]	lr: 1.926e-02, eta: 1 day, 22:04:34, time: 2.769, data_time: 0.000, memory: 5243, top1_acc: 0.8744, top5_acc: 0.9831, loss_cls: 0.4127, loss: 0.4127
2026-08-22 15:58:47,774 - pyskl - INFO - Epoch [6][600/5537]	lr: 1.922e-02, eta: 1 day, 22:00:05, time: 2.775, data_time: 0.000, memory: 5243, top1_acc: 0.8756, top5_acc: 0.9822, loss_cls: 0.4049, loss: 0.4049
2026-08-22 16:03:23,481 - pyskl - INFO - Epoch [6][700/5537]	lr: 1.918e-02, eta: 1 day, 21:55:33, time: 2.757, data_time: 0.000, memory: 5243, top1_acc: 0.8644, top5_acc: 0.9816, loss_cls: 0.4579, loss: 0.4579
2026-08-22 16:07:59,174 - pyskl - INFO - Epoch [6][800/5537]	lr: 1.915e-02, eta: 1 day, 21:51:01, time: 2.757, data_time: 0.000, memory: 5243, top1_acc: 0.8694, top5_acc: 0.9816, loss_cls: 0.4257, loss: 0.4257
2026-08-22 16:12:35,647 - pyskl - INFO - Epoch [6][900/5537]	lr: 1.911e-02, eta: 1 day, 21:46:30, time: 2.765, data_time: 0.000, memory: 5243, top1_acc: 0.8769, top5_acc: 0.9831, loss_cls: 0.4057, loss: 0.4057
2026-08-22 16:17:10,665 - pyskl - INFO - Epoch [6][1000/5537]	lr: 1.907e-02, eta: 1 day, 21:41:56, time: 2.750, data_time: 0.000, memory: 5243, top1_acc: 0.8691, top5_acc: 0.9844, loss_cls: 0.4280, loss: 0.4280
2026-08-22 16:21:45,360 - pyskl - INFO - Epoch [6][1100/5537]	lr: 1.903e-02, eta: 1 day, 21:37:22, time: 2.747, data_time: 0.000, memory: 5243, top1_acc: 0.8684, top5_acc: 0.9788, loss_cls: 0.4386, loss: 0.4386
2026-08-22 16:26:19,799 - pyskl - INFO - Epoch [6][1200/5537]	lr: 1.900e-02, eta: 1 day, 21:32:47, time: 2.744, data_time: 0.000, memory: 5243, top1_acc: 0.8725, top5_acc: 0.9844, loss_cls: 0.4042, loss: 0.4042
2026-08-22 16:30:55,744 - pyskl - INFO - Epoch [6][1300/5537]	lr: 1.896e-02, eta: 1 day, 21:28:15, time: 2.759, data_time: 0.000, memory: 5243, top1_acc: 0.8606, top5_acc: 0.9791, loss_cls: 0.4483, loss: 0.4483
2026-08-22 16:35:32,576 - pyskl - INFO - Epoch [6][1400/5537]	lr: 1.892e-02, eta: 1 day, 21:23:45, time: 2.768, data_time: 0.000, memory: 5243, top1_acc: 0.8688, top5_acc: 0.9828, loss_cls: 0.4190, loss: 0.4190
2026-08-22 16:40:08,827 - pyskl - INFO - Epoch [6][1500/5537]	lr: 1.888e-02, eta: 1 day, 21:19:13, time: 2.763, data_time: 0.000, memory: 5243, top1_acc: 0.8778, top5_acc: 0.9838, loss_cls: 0.4025, loss: 0.4025
2026-08-22 16:44:45,453 - pyskl - INFO - Epoch [6][1600/5537]	lr: 1.884e-02, eta: 1 day, 21:14:43, time: 2.766, data_time: 0.000, memory: 5243, top1_acc: 0.8734, top5_acc: 0.9834, loss_cls: 0.4084, loss: 0.4084
2026-08-22 16:49:24,684 - pyskl - INFO - Epoch [6][1700/5537]	lr: 1.881e-02, eta: 1 day, 21:10:17, time: 2.792, data_time: 0.000, memory: 5243, top1_acc: 0.8806, top5_acc: 0.9838, loss_cls: 0.3868, loss: 0.3868
2026-08-22 16:54:01,343 - pyskl - INFO - Epoch [6][1800/5537]	lr: 1.877e-02, eta: 1 day, 21:05:47, time: 2.767, data_time: 0.000, memory: 5243, top1_acc: 0.8688, top5_acc: 0.9834, loss_cls: 0.4256, loss: 0.4256
2026-08-22 16:58:37,979 - pyskl - INFO - Epoch [6][1900/5537]	lr: 1.873e-02, eta: 1 day, 21:01:16, time: 2.766, data_time: 0.000, memory: 5243, top1_acc: 0.8719, top5_acc: 0.9784, loss_cls: 0.4149, loss: 0.4149
2026-08-22 17:03:14,544 - pyskl - INFO - Epoch [6][2000/5537]	lr: 1.869e-02, eta: 1 day, 20:56:45, time: 2.766, data_time: 0.000, memory: 5243, top1_acc: 0.8797, top5_acc: 0.9866, loss_cls: 0.3882, loss: 0.3882
2026-08-22 17:07:50,794 - pyskl - INFO - Epoch [6][2100/5537]	lr: 1.865e-02, eta: 1 day, 20:52:14, time: 2.763, data_time: 0.000, memory: 5243, top1_acc: 0.8638, top5_acc: 0.9791, loss_cls: 0.4296, loss: 0.4296
2026-08-22 17:12:27,076 - pyskl - INFO - Epoch [6][2200/5537]	lr: 1.861e-02, eta: 1 day, 20:47:42, time: 2.763, data_time: 0.000, memory: 5243, top1_acc: 0.8822, top5_acc: 0.9828, loss_cls: 0.4006, loss: 0.4006
2026-08-22 17:17:03,159 - pyskl - INFO - Epoch [6][2300/5537]	lr: 1.858e-02, eta: 1 day, 20:43:10, time: 2.761, data_time: 0.000, memory: 5243, top1_acc: 0.8772, top5_acc: 0.9828, loss_cls: 0.3927, loss: 0.3927
2026-08-22 17:21:39,290 - pyskl - INFO - Epoch [6][2400/5537]	lr: 1.854e-02, eta: 1 day, 20:38:38, time: 2.761, data_time: 0.000, memory: 5243, top1_acc: 0.8869, top5_acc: 0.9872, loss_cls: 0.3612, loss: 0.3612
2026-08-22 17:26:15,815 - pyskl - INFO - Epoch [6][2500/5537]	lr: 1.850e-02, eta: 1 day, 20:34:07, time: 2.765, data_time: 0.000, memory: 5243, top1_acc: 0.8738, top5_acc: 0.9800, loss_cls: 0.4121, loss: 0.4121
2026-08-22 17:30:52,123 - pyskl - INFO - Epoch [6][2600/5537]	lr: 1.846e-02, eta: 1 day, 20:29:35, time: 2.763, data_time: 0.000, memory: 5243, top1_acc: 0.8762, top5_acc: 0.9825, loss_cls: 0.4032, loss: 0.4032
2026-08-22 17:35:28,543 - pyskl - INFO - Epoch [6][2700/5537]	lr: 1.842e-02, eta: 1 day, 20:25:04, time: 2.764, data_time: 0.000, memory: 5243, top1_acc: 0.8741, top5_acc: 0.9844, loss_cls: 0.4192, loss: 0.4192
2026-08-22 17:40:04,905 - pyskl - INFO - Epoch [6][2800/5537]	lr: 1.838e-02, eta: 1 day, 20:20:32, time: 2.764, data_time: 0.000, memory: 5243, top1_acc: 0.8734, top5_acc: 0.9809, loss_cls: 0.4151, loss: 0.4151
2026-08-22 17:44:41,005 - pyskl - INFO - Epoch [6][2900/5537]	lr: 1.834e-02, eta: 1 day, 20:16:00, time: 2.761, data_time: 0.000, memory: 5243, top1_acc: 0.8681, top5_acc: 0.9819, loss_cls: 0.4266, loss: 0.4266
2026-08-22 17:49:16,946 - pyskl - INFO - Epoch [6][3000/5537]	lr: 1.830e-02, eta: 1 day, 20:11:28, time: 2.759, data_time: 0.000, memory: 5243, top1_acc: 0.8691, top5_acc: 0.9847, loss_cls: 0.4155, loss: 0.4155
2026-08-22 17:53:53,231 - pyskl - INFO - Epoch [6][3100/5537]	lr: 1.826e-02, eta: 1 day, 20:06:56, time: 2.763, data_time: 0.000, memory: 5243, top1_acc: 0.8781, top5_acc: 0.9800, loss_cls: 0.4036, loss: 0.4036
2026-08-22 17:58:29,496 - pyskl - INFO - Epoch [6][3200/5537]	lr: 1.822e-02, eta: 1 day, 20:02:24, time: 2.763, data_time: 0.000, memory: 5243, top1_acc: 0.8697, top5_acc: 0.9816, loss_cls: 0.4166, loss: 0.4166
2026-08-22 18:03:05,004 - pyskl - INFO - Epoch [6][3300/5537]	lr: 1.818e-02, eta: 1 day, 19:57:51, time: 2.755, data_time: 0.000, memory: 5243, top1_acc: 0.8812, top5_acc: 0.9825, loss_cls: 0.4014, loss: 0.4014
2026-08-22 18:07:40,516 - pyskl - INFO - Epoch [6][3400/5537]	lr: 1.814e-02, eta: 1 day, 19:53:17, time: 2.755, data_time: 0.000, memory: 5243, top1_acc: 0.8819, top5_acc: 0.9834, loss_cls: 0.3853, loss: 0.3853
2026-08-22 18:12:16,439 - pyskl - INFO - Epoch [6][3500/5537]	lr: 1.810e-02, eta: 1 day, 19:48:45, time: 2.759, data_time: 0.000, memory: 5243, top1_acc: 0.8600, top5_acc: 0.9828, loss_cls: 0.4316, loss: 0.4316
2026-08-22 18:16:52,591 - pyskl - INFO - Epoch [6][3600/5537]	lr: 1.807e-02, eta: 1 day, 19:44:13, time: 2.762, data_time: 0.000, memory: 5243, top1_acc: 0.8806, top5_acc: 0.9838, loss_cls: 0.4007, loss: 0.4007
2026-08-22 18:21:27,792 - pyskl - INFO - Epoch [6][3700/5537]	lr: 1.803e-02, eta: 1 day, 19:39:39, time: 2.752, data_time: 0.000, memory: 5243, top1_acc: 0.8772, top5_acc: 0.9831, loss_cls: 0.4052, loss: 0.4052
2026-08-22 18:26:03,239 - pyskl - INFO - Epoch [6][3800/5537]	lr: 1.799e-02, eta: 1 day, 19:35:05, time: 2.754, data_time: 0.000, memory: 5243, top1_acc: 0.8766, top5_acc: 0.9791, loss_cls: 0.3936, loss: 0.3936
2026-08-22 18:30:39,019 - pyskl - INFO - Epoch [6][3900/5537]	lr: 1.795e-02, eta: 1 day, 19:30:32, time: 2.758, data_time: 0.000, memory: 5243, top1_acc: 0.8809, top5_acc: 0.9831, loss_cls: 0.3787, loss: 0.3787
2026-08-22 18:35:14,925 - pyskl - INFO - Epoch [6][4000/5537]	lr: 1.791e-02, eta: 1 day, 19:26:00, time: 2.759, data_time: 0.000, memory: 5243, top1_acc: 0.8788, top5_acc: 0.9834, loss_cls: 0.3873, loss: 0.3873
2026-08-22 18:39:50,742 - pyskl - INFO - Epoch [6][4100/5537]	lr: 1.787e-02, eta: 1 day, 19:21:27, time: 2.758, data_time: 0.000, memory: 5243, top1_acc: 0.8753, top5_acc: 0.9806, loss_cls: 0.4108, loss: 0.4108
2026-08-22 18:44:26,245 - pyskl - INFO - Epoch [6][4200/5537]	lr: 1.783e-02, eta: 1 day, 19:16:53, time: 2.755, data_time: 0.000, memory: 5243, top1_acc: 0.8838, top5_acc: 0.9844, loss_cls: 0.3791, loss: 0.3791
2026-08-22 18:49:01,887 - pyskl - INFO - Epoch [6][4300/5537]	lr: 1.779e-02, eta: 1 day, 19:12:20, time: 2.756, data_time: 0.000, memory: 5243, top1_acc: 0.8719, top5_acc: 0.9881, loss_cls: 0.4009, loss: 0.4009
2026-08-22 18:53:37,629 - pyskl - INFO - Epoch [6][4400/5537]	lr: 1.775e-02, eta: 1 day, 19:07:47, time: 2.757, data_time: 0.000, memory: 5243, top1_acc: 0.8809, top5_acc: 0.9844, loss_cls: 0.3932, loss: 0.3932
2026-08-22 18:58:13,240 - pyskl - INFO - Epoch [6][4500/5537]	lr: 1.771e-02, eta: 1 day, 19:03:14, time: 2.756, data_time: 0.000, memory: 5243, top1_acc: 0.8803, top5_acc: 0.9872, loss_cls: 0.3884, loss: 0.3884
2026-08-22 19:02:49,045 - pyskl - INFO - Epoch [6][4600/5537]	lr: 1.766e-02, eta: 1 day, 18:58:41, time: 2.758, data_time: 0.000, memory: 5243, top1_acc: 0.8903, top5_acc: 0.9888, loss_cls: 0.3647, loss: 0.3647
2026-08-22 19:07:24,943 - pyskl - INFO - Epoch [6][4700/5537]	lr: 1.762e-02, eta: 1 day, 18:54:08, time: 2.759, data_time: 0.000, memory: 5243, top1_acc: 0.8644, top5_acc: 0.9803, loss_cls: 0.4256, loss: 0.4256
2026-08-22 19:12:00,668 - pyskl - INFO - Epoch [6][4800/5537]	lr: 1.758e-02, eta: 1 day, 18:49:35, time: 2.757, data_time: 0.000, memory: 5243, top1_acc: 0.8778, top5_acc: 0.9841, loss_cls: 0.3988, loss: 0.3988
2026-08-22 19:16:36,452 - pyskl - INFO - Epoch [6][4900/5537]	lr: 1.754e-02, eta: 1 day, 18:45:02, time: 2.758, data_time: 0.000, memory: 5243, top1_acc: 0.8719, top5_acc: 0.9822, loss_cls: 0.4098, loss: 0.4098
2026-08-22 19:21:11,792 - pyskl - INFO - Epoch [6][5000/5537]	lr: 1.750e-02, eta: 1 day, 18:40:28, time: 2.753, data_time: 0.000, memory: 5243, top1_acc: 0.8853, top5_acc: 0.9844, loss_cls: 0.3807, loss: 0.3807
2026-08-22 19:25:55,706 - pyskl - INFO - Epoch [6][5100/5537]	lr: 1.746e-02, eta: 1 day, 18:36:08, time: 2.839, data_time: 0.000, memory: 5243, top1_acc: 0.8919, top5_acc: 0.9875, loss_cls: 0.3674, loss: 0.3674
2026-08-22 19:30:31,210 - pyskl - INFO - Epoch [6][5200/5537]	lr: 1.742e-02, eta: 1 day, 18:31:35, time: 2.755, data_time: 0.000, memory: 5243, top1_acc: 0.8753, top5_acc: 0.9850, loss_cls: 0.3898, loss: 0.3898
2026-08-22 19:35:07,131 - pyskl - INFO - Epoch [6][5300/5537]	lr: 1.738e-02, eta: 1 day, 18:27:02, time: 2.759, data_time: 0.000, memory: 5243, top1_acc: 0.8856, top5_acc: 0.9841, loss_cls: 0.3793, loss: 0.3793
2026-08-22 19:39:42,935 - pyskl - INFO - Epoch [6][5400/5537]	lr: 1.734e-02, eta: 1 day, 18:22:29, time: 2.758, data_time: 0.000, memory: 5243, top1_acc: 0.8719, top5_acc: 0.9872, loss_cls: 0.3934, loss: 0.3934
2026-08-22 19:44:19,076 - pyskl - INFO - Epoch [6][5500/5537]	lr: 1.730e-02, eta: 1 day, 18:17:56, time: 2.761, data_time: 0.000, memory: 5243, top1_acc: 0.8788, top5_acc: 0.9828, loss_cls: 0.3881, loss: 0.3881
2026-08-22 19:46:01,075 - pyskl - INFO - Saving checkpoint at 6 epochs
2026-08-22 19:51:45,025 - pyskl - INFO - Evaluating top_k_accuracy ...
2026-08-22 19:51:45,037 - pyskl - INFO - 
top1_acc	0.8387
top5_acc	0.9727
2026-08-22 19:51:45,038 - pyskl - INFO - The previous best checkpoint D:\YxjProject\pythonProject\pyskl\work_dirs\aug_baseline\stgcnpp_j\train\A1_joint_missing\best_top1_acc_epoch_4.pth was removed
2026-08-22 19:51:45,112 - pyskl - INFO - Now best checkpoint is saved as best_top1_acc_epoch_6.pth.
2026-08-22 19:51:45,113 - pyskl - INFO - Best top1_acc is 0.8387 at 6 epoch.
2026-08-22 19:51:45,113 - pyskl - INFO - Epoch(val) [6][146]	top1_acc: 0.8387, top5_acc: 0.9727
2026-08-22 19:56:29,116 - pyskl - INFO - Epoch [7][100/5537]	lr: 1.724e-02, eta: 1 day, 18:09:06, time: 2.840, data_time: 0.077, memory: 5243, top1_acc: 0.8769, top5_acc: 0.9878, loss_cls: 0.3831, loss: 0.3831
2026-08-22 20:01:05,245 - pyskl - INFO - Epoch [7][200/5537]	lr: 1.720e-02, eta: 1 day, 18:04:34, time: 2.761, data_time: 0.000, memory: 5243, top1_acc: 0.8853, top5_acc: 0.9859, loss_cls: 0.3646, loss: 0.3646
2026-08-22 20:05:40,922 - pyskl - INFO - Epoch [7][300/5537]	lr: 1.716e-02, eta: 1 day, 18:00:01, time: 2.757, data_time: 0.000, memory: 5243, top1_acc: 0.8931, top5_acc: 0.9862, loss_cls: 0.3649, loss: 0.3649
2026-08-22 20:10:16,183 - pyskl - INFO - Epoch [7][400/5537]	lr: 1.712e-02, eta: 1 day, 17:55:28, time: 2.753, data_time: 0.000, memory: 5243, top1_acc: 0.8847, top5_acc: 0.9853, loss_cls: 0.3652, loss: 0.3652
2026-08-22 20:14:52,076 - pyskl - INFO - Epoch [7][500/5537]	lr: 1.708e-02, eta: 1 day, 17:50:56, time: 2.759, data_time: 0.000, memory: 5243, top1_acc: 0.8875, top5_acc: 0.9866, loss_cls: 0.3784, loss: 0.3784
2026-08-22 20:19:27,574 - pyskl - INFO - Epoch [7][600/5537]	lr: 1.704e-02, eta: 1 day, 17:46:22, time: 2.755, data_time: 0.000, memory: 5243, top1_acc: 0.8809, top5_acc: 0.9847, loss_cls: 0.3729, loss: 0.3729
2026-08-22 20:24:03,211 - pyskl - INFO - Epoch [7][700/5537]	lr: 1.700e-02, eta: 1 day, 17:41:50, time: 2.756, data_time: 0.000, memory: 5243, top1_acc: 0.8844, top5_acc: 0.9884, loss_cls: 0.3733, loss: 0.3733
2026-08-22 20:28:38,890 - pyskl - INFO - Epoch [7][800/5537]	lr: 1.695e-02, eta: 1 day, 17:37:17, time: 2.757, data_time: 0.000, memory: 5243, top1_acc: 0.8872, top5_acc: 0.9847, loss_cls: 0.3794, loss: 0.3794
2026-08-22 20:33:15,366 - pyskl - INFO - Epoch [7][900/5537]	lr: 1.691e-02, eta: 1 day, 17:32:45, time: 2.765, data_time: 0.000, memory: 5243, top1_acc: 0.8844, top5_acc: 0.9856, loss_cls: 0.3691, loss: 0.3691
2026-08-22 20:37:51,475 - pyskl - INFO - Epoch [7][1000/5537]	lr: 1.687e-02, eta: 1 day, 17:28:13, time: 2.761, data_time: 0.000, memory: 5243, top1_acc: 0.8856, top5_acc: 0.9881, loss_cls: 0.3774, loss: 0.3774
2026-08-22 20:42:27,860 - pyskl - INFO - Epoch [7][1100/5537]	lr: 1.683e-02, eta: 1 day, 17:23:41, time: 2.764, data_time: 0.000, memory: 5243, top1_acc: 0.8812, top5_acc: 0.9841, loss_cls: 0.3813, loss: 0.3813
2026-08-22 20:47:04,422 - pyskl - INFO - Epoch [7][1200/5537]	lr: 1.679e-02, eta: 1 day, 17:19:10, time: 2.766, data_time: 0.000, memory: 5243, top1_acc: 0.8822, top5_acc: 0.9838, loss_cls: 0.3925, loss: 0.3925
2026-08-22 20:51:41,015 - pyskl - INFO - Epoch [7][1300/5537]	lr: 1.675e-02, eta: 1 day, 17:14:38, time: 2.766, data_time: 0.000, memory: 5243, top1_acc: 0.8872, top5_acc: 0.9825, loss_cls: 0.3795, loss: 0.3795
2026-08-22 20:56:17,499 - pyskl - INFO - Epoch [7][1400/5537]	lr: 1.670e-02, eta: 1 day, 17:10:07, time: 2.765, data_time: 0.000, memory: 5243, top1_acc: 0.8800, top5_acc: 0.9878, loss_cls: 0.3769, loss: 0.3769
2026-08-22 21:00:54,198 - pyskl - INFO - Epoch [7][1500/5537]	lr: 1.666e-02, eta: 1 day, 17:05:35, time: 2.767, data_time: 0.000, memory: 5243, top1_acc: 0.8891, top5_acc: 0.9834, loss_cls: 0.3646, loss: 0.3646
2026-08-22 21:05:30,722 - pyskl - INFO - Epoch [7][1600/5537]	lr: 1.662e-02, eta: 1 day, 17:01:04, time: 2.765, data_time: 0.000, memory: 5243, top1_acc: 0.8806, top5_acc: 0.9847, loss_cls: 0.3729, loss: 0.3729
2026-08-22 21:10:07,431 - pyskl - INFO - Epoch [7][1700/5537]	lr: 1.658e-02, eta: 1 day, 16:56:32, time: 2.767, data_time: 0.000, memory: 5243, top1_acc: 0.8903, top5_acc: 0.9853, loss_cls: 0.3681, loss: 0.3681
2026-08-22 21:14:44,068 - pyskl - INFO - Epoch [7][1800/5537]	lr: 1.654e-02, eta: 1 day, 16:52:01, time: 2.766, data_time: 0.000, memory: 5243, top1_acc: 0.8919, top5_acc: 0.9881, loss_cls: 0.3462, loss: 0.3462
2026-08-22 21:19:20,745 - pyskl - INFO - Epoch [7][1900/5537]	lr: 1.650e-02, eta: 1 day, 16:47:29, time: 2.767, data_time: 0.000, memory: 5243, top1_acc: 0.8966, top5_acc: 0.9881, loss_cls: 0.3488, loss: 0.3488
2026-08-22 21:23:57,235 - pyskl - INFO - Epoch [7][2000/5537]	lr: 1.645e-02, eta: 1 day, 16:42:57, time: 2.765, data_time: 0.000, memory: 5243, top1_acc: 0.8875, top5_acc: 0.9844, loss_cls: 0.3643, loss: 0.3643
2026-08-22 21:28:33,719 - pyskl - INFO - Epoch [7][2100/5537]	lr: 1.641e-02, eta: 1 day, 16:38:25, time: 2.765, data_time: 0.000, memory: 5243, top1_acc: 0.8953, top5_acc: 0.9884, loss_cls: 0.3445, loss: 0.3445
2026-08-22 21:33:10,765 - pyskl - INFO - Epoch [7][2200/5537]	lr: 1.637e-02, eta: 1 day, 16:33:54, time: 2.770, data_time: 0.000, memory: 5243, top1_acc: 0.8953, top5_acc: 0.9875, loss_cls: 0.3474, loss: 0.3474
2026-08-22 21:37:47,871 - pyskl - INFO - Epoch [7][2300/5537]	lr: 1.633e-02, eta: 1 day, 16:29:23, time: 2.771, data_time: 0.000, memory: 5243, top1_acc: 0.8791, top5_acc: 0.9825, loss_cls: 0.4044, loss: 0.4044
2026-08-22 21:42:24,559 - pyskl - INFO - Epoch [7][2400/5537]	lr: 1.628e-02, eta: 1 day, 16:24:52, time: 2.767, data_time: 0.000, memory: 5243, top1_acc: 0.8850, top5_acc: 0.9850, loss_cls: 0.3637, loss: 0.3637
2026-08-22 21:47:01,308 - pyskl - INFO - Epoch [7][2500/5537]	lr: 1.624e-02, eta: 1 day, 16:20:20, time: 2.767, data_time: 0.000, memory: 5243, top1_acc: 0.8903, top5_acc: 0.9888, loss_cls: 0.3405, loss: 0.3405
2026-08-22 21:51:38,022 - pyskl - INFO - Epoch [7][2600/5537]	lr: 1.620e-02, eta: 1 day, 16:15:48, time: 2.767, data_time: 0.000, memory: 5243, top1_acc: 0.8903, top5_acc: 0.9888, loss_cls: 0.3486, loss: 0.3486
2026-08-22 21:56:14,685 - pyskl - INFO - Epoch [7][2700/5537]	lr: 1.616e-02, eta: 1 day, 16:11:17, time: 2.767, data_time: 0.000, memory: 5243, top1_acc: 0.8881, top5_acc: 0.9853, loss_cls: 0.3619, loss: 0.3619
2026-08-22 22:00:50,858 - pyskl - INFO - Epoch [7][2800/5537]	lr: 1.612e-02, eta: 1 day, 16:06:44, time: 2.762, data_time: 0.000, memory: 5243, top1_acc: 0.8856, top5_acc: 0.9894, loss_cls: 0.3476, loss: 0.3476
2026-08-22 22:05:26,193 - pyskl - INFO - Epoch [7][2900/5537]	lr: 1.607e-02, eta: 1 day, 16:02:10, time: 2.753, data_time: 0.000, memory: 5243, top1_acc: 0.8888, top5_acc: 0.9825, loss_cls: 0.3793, loss: 0.3793
2026-08-22 22:10:01,427 - pyskl - INFO - Epoch [7][3000/5537]	lr: 1.603e-02, eta: 1 day, 15:57:37, time: 2.752, data_time: 0.000, memory: 5243, top1_acc: 0.8897, top5_acc: 0.9866, loss_cls: 0.3623, loss: 0.3623
2026-08-22 22:14:37,172 - pyskl - INFO - Epoch [7][3100/5537]	lr: 1.599e-02, eta: 1 day, 15:53:03, time: 2.757, data_time: 0.000, memory: 5243, top1_acc: 0.8909, top5_acc: 0.9894, loss_cls: 0.3537, loss: 0.3537
2026-08-22 22:19:13,184 - pyskl - INFO - Epoch [7][3200/5537]	lr: 1.595e-02, eta: 1 day, 15:48:31, time: 2.760, data_time: 0.000, memory: 5243, top1_acc: 0.8903, top5_acc: 0.9888, loss_cls: 0.3421, loss: 0.3421
2026-08-22 22:23:49,088 - pyskl - INFO - Epoch [7][3300/5537]	lr: 1.590e-02, eta: 1 day, 15:43:58, time: 2.759, data_time: 0.000, memory: 5243, top1_acc: 0.8788, top5_acc: 0.9859, loss_cls: 0.3803, loss: 0.3803
2026-08-22 22:28:24,625 - pyskl - INFO - Epoch [7][3400/5537]	lr: 1.586e-02, eta: 1 day, 15:39:24, time: 2.755, data_time: 0.000, memory: 5243, top1_acc: 0.8894, top5_acc: 0.9869, loss_cls: 0.3604, loss: 0.3604
2026-08-22 22:33:01,513 - pyskl - INFO - Epoch [7][3500/5537]	lr: 1.582e-02, eta: 1 day, 15:34:52, time: 2.769, data_time: 0.000, memory: 5243, top1_acc: 0.8856, top5_acc: 0.9841, loss_cls: 0.3702, loss: 0.3702
2026-08-22 22:37:39,128 - pyskl - INFO - Epoch [7][3600/5537]	lr: 1.577e-02, eta: 1 day, 15:30:22, time: 2.776, data_time: 0.000, memory: 5243, top1_acc: 0.8894, top5_acc: 0.9894, loss_cls: 0.3526, loss: 0.3526
2026-08-22 22:42:15,846 - pyskl - INFO - Epoch [7][3700/5537]	lr: 1.573e-02, eta: 1 day, 15:25:50, time: 2.767, data_time: 0.000, memory: 5243, top1_acc: 0.8909, top5_acc: 0.9875, loss_cls: 0.3542, loss: 0.3542
2026-08-22 22:46:52,290 - pyskl - INFO - Epoch [7][3800/5537]	lr: 1.569e-02, eta: 1 day, 15:21:18, time: 2.764, data_time: 0.000, memory: 5243, top1_acc: 0.8844, top5_acc: 0.9891, loss_cls: 0.3660, loss: 0.3660
2026-08-22 22:51:29,810 - pyskl - INFO - Epoch [7][3900/5537]	lr: 1.565e-02, eta: 1 day, 15:16:47, time: 2.775, data_time: 0.000, memory: 5243, top1_acc: 0.8997, top5_acc: 0.9872, loss_cls: 0.3250, loss: 0.3250
2026-08-22 22:56:06,843 - pyskl - INFO - Epoch [7][4000/5537]	lr: 1.560e-02, eta: 1 day, 15:12:15, time: 2.770, data_time: 0.000, memory: 5243, top1_acc: 0.9003, top5_acc: 0.9878, loss_cls: 0.3356, loss: 0.3356
2026-08-22 23:00:43,657 - pyskl - INFO - Epoch [7][4100/5537]	lr: 1.556e-02, eta: 1 day, 15:07:43, time: 2.768, data_time: 0.000, memory: 5243, top1_acc: 0.8856, top5_acc: 0.9844, loss_cls: 0.3659, loss: 0.3659
2026-08-22 23:05:21,000 - pyskl - INFO - Epoch [7][4200/5537]	lr: 1.552e-02, eta: 1 day, 15:03:12, time: 2.773, data_time: 0.000, memory: 5243, top1_acc: 0.8972, top5_acc: 0.9912, loss_cls: 0.3294, loss: 0.3294
2026-08-22 23:09:57,718 - pyskl - INFO - Epoch [7][4300/5537]	lr: 1.547e-02, eta: 1 day, 14:58:40, time: 2.767, data_time: 0.000, memory: 5243, top1_acc: 0.8894, top5_acc: 0.9878, loss_cls: 0.3415, loss: 0.3415
2026-08-22 23:14:34,331 - pyskl - INFO - Epoch [7][4400/5537]	lr: 1.543e-02, eta: 1 day, 14:54:08, time: 2.766, data_time: 0.000, memory: 5243, top1_acc: 0.8859, top5_acc: 0.9850, loss_cls: 0.3662, loss: 0.3662
2026-08-22 23:19:11,584 - pyskl - INFO - Epoch [7][4500/5537]	lr: 1.539e-02, eta: 1 day, 14:49:36, time: 2.772, data_time: 0.000, memory: 5243, top1_acc: 0.8997, top5_acc: 0.9881, loss_cls: 0.3197, loss: 0.3197
2026-08-22 23:23:48,849 - pyskl - INFO - Epoch [7][4600/5537]	lr: 1.535e-02, eta: 1 day, 14:45:05, time: 2.773, data_time: 0.000, memory: 5243, top1_acc: 0.8897, top5_acc: 0.9900, loss_cls: 0.3436, loss: 0.3436
2026-08-22 23:28:25,519 - pyskl - INFO - Epoch [7][4700/5537]	lr: 1.530e-02, eta: 1 day, 14:40:33, time: 2.767, data_time: 0.000, memory: 5243, top1_acc: 0.8903, top5_acc: 0.9872, loss_cls: 0.3539, loss: 0.3539
2026-08-22 23:33:02,122 - pyskl - INFO - Epoch [7][4800/5537]	lr: 1.526e-02, eta: 1 day, 14:36:00, time: 2.766, data_time: 0.000, memory: 5243, top1_acc: 0.8947, top5_acc: 0.9875, loss_cls: 0.3417, loss: 0.3417
2026-08-22 23:37:38,575 - pyskl - INFO - Epoch [7][4900/5537]	lr: 1.522e-02, eta: 1 day, 14:31:28, time: 2.765, data_time: 0.000, memory: 5243, top1_acc: 0.8884, top5_acc: 0.9888, loss_cls: 0.3428, loss: 0.3428
2026-08-22 23:42:15,073 - pyskl - INFO - Epoch [7][5000/5537]	lr: 1.517e-02, eta: 1 day, 14:26:55, time: 2.765, data_time: 0.000, memory: 5243, top1_acc: 0.8925, top5_acc: 0.9878, loss_cls: 0.3450, loss: 0.3450
2026-08-22 23:46:51,388 - pyskl - INFO - Epoch [7][5100/5537]	lr: 1.513e-02, eta: 1 day, 14:22:22, time: 2.763, data_time: 0.000, memory: 5243, top1_acc: 0.8888, top5_acc: 0.9847, loss_cls: 0.3687, loss: 0.3687
2026-08-22 23:51:27,799 - pyskl - INFO - Epoch [7][5200/5537]	lr: 1.509e-02, eta: 1 day, 14:17:50, time: 2.764, data_time: 0.000, memory: 5243, top1_acc: 0.8934, top5_acc: 0.9884, loss_cls: 0.3380, loss: 0.3380
2026-08-22 23:56:03,917 - pyskl - INFO - Epoch [7][5300/5537]	lr: 1.504e-02, eta: 1 day, 14:13:16, time: 2.761, data_time: 0.000, memory: 5243, top1_acc: 0.9000, top5_acc: 0.9888, loss_cls: 0.3206, loss: 0.3206
2026-08-23 00:00:39,787 - pyskl - INFO - Epoch [7][5400/5537]	lr: 1.500e-02, eta: 1 day, 14:08:43, time: 2.759, data_time: 0.000, memory: 5243, top1_acc: 0.8953, top5_acc: 0.9866, loss_cls: 0.3466, loss: 0.3466
2026-08-23 00:05:14,227 - pyskl - INFO - Epoch [7][5500/5537]	lr: 1.496e-02, eta: 1 day, 14:04:08, time: 2.744, data_time: 0.000, memory: 5243, top1_acc: 0.9109, top5_acc: 0.9888, loss_cls: 0.3023, loss: 0.3023
2026-08-23 00:06:55,470 - pyskl - INFO - Saving checkpoint at 7 epochs
2026-08-23 00:12:37,161 - pyskl - INFO - Evaluating top_k_accuracy ...
2026-08-23 00:12:37,173 - pyskl - INFO - 
top1_acc	0.8369
top5_acc	0.9693
2026-08-23 00:12:37,173 - pyskl - INFO - Epoch(val) [7][146]	top1_acc: 0.8369, top5_acc: 0.9693
2026-08-23 00:17:20,677 - pyskl - INFO - Epoch [8][100/5537]	lr: 1.490e-02, eta: 1 day, 13:55:52, time: 2.835, data_time: 0.077, memory: 5243, top1_acc: 0.9038, top5_acc: 0.9897, loss_cls: 0.3166, loss: 0.3166
2026-08-23 00:21:55,820 - pyskl - INFO - Epoch [8][200/5537]	lr: 1.485e-02, eta: 1 day, 13:51:18, time: 2.751, data_time: 0.000, memory: 5243, top1_acc: 0.9072, top5_acc: 0.9878, loss_cls: 0.3052, loss: 0.3052
2026-08-23 00:26:30,958 - pyskl - INFO - Epoch [8][300/5537]	lr: 1.481e-02, eta: 1 day, 13:46:45, time: 2.751, data_time: 0.000, memory: 5243, top1_acc: 0.9144, top5_acc: 0.9903, loss_cls: 0.2878, loss: 0.2878
2026-08-23 00:31:07,151 - pyskl - INFO - Epoch [8][400/5537]	lr: 1.476e-02, eta: 1 day, 13:42:12, time: 2.762, data_time: 0.000, memory: 5243, top1_acc: 0.8950, top5_acc: 0.9881, loss_cls: 0.3323, loss: 0.3323
2026-08-23 00:35:43,777 - pyskl - INFO - Epoch [8][500/5537]	lr: 1.472e-02, eta: 1 day, 13:37:40, time: 2.766, data_time: 0.000, memory: 5243, top1_acc: 0.9044, top5_acc: 0.9862, loss_cls: 0.3177, loss: 0.3177
2026-08-23 00:40:20,310 - pyskl - INFO - Epoch [8][600/5537]	lr: 1.468e-02, eta: 1 day, 13:33:08, time: 2.765, data_time: 0.000, memory: 5243, top1_acc: 0.9006, top5_acc: 0.9869, loss_cls: 0.3302, loss: 0.3302
2026-08-23 00:44:56,594 - pyskl - INFO - Epoch [8][700/5537]	lr: 1.463e-02, eta: 1 day, 13:28:35, time: 2.763, data_time: 0.000, memory: 5243, top1_acc: 0.9047, top5_acc: 0.9894, loss_cls: 0.3103, loss: 0.3103
2026-08-23 00:49:32,801 - pyskl - INFO - Epoch [8][800/5537]	lr: 1.459e-02, eta: 1 day, 13:24:03, time: 2.762, data_time: 0.000, memory: 5243, top1_acc: 0.8934, top5_acc: 0.9869, loss_cls: 0.3329, loss: 0.3329
2026-08-23 00:54:08,892 - pyskl - INFO - Epoch [8][900/5537]	lr: 1.455e-02, eta: 1 day, 13:19:30, time: 2.761, data_time: 0.000, memory: 5243, top1_acc: 0.9100, top5_acc: 0.9878, loss_cls: 0.3165, loss: 0.3165
2026-08-23 00:58:45,667 - pyskl - INFO - Epoch [8][1000/5537]	lr: 1.450e-02, eta: 1 day, 13:14:58, time: 2.768, data_time: 0.000, memory: 5243, top1_acc: 0.9022, top5_acc: 0.9897, loss_cls: 0.3158, loss: 0.3158
2026-08-23 01:03:20,961 - pyskl - INFO - Epoch [8][1100/5537]	lr: 1.446e-02, eta: 1 day, 13:10:24, time: 2.753, data_time: 0.000, memory: 5243, top1_acc: 0.8962, top5_acc: 0.9894, loss_cls: 0.3239, loss: 0.3239
2026-08-23 01:07:55,998 - pyskl - INFO - Epoch [8][1200/5537]	lr: 1.442e-02, eta: 1 day, 13:05:50, time: 2.750, data_time: 0.000, memory: 5243, top1_acc: 0.8962, top5_acc: 0.9888, loss_cls: 0.3413, loss: 0.3413
2026-08-23 01:12:30,697 - pyskl - INFO - Epoch [8][1300/5537]	lr: 1.437e-02, eta: 1 day, 13:01:16, time: 2.747, data_time: 0.000, memory: 5243, top1_acc: 0.8956, top5_acc: 0.9888, loss_cls: 0.3429, loss: 0.3429
2026-08-23 01:17:06,123 - pyskl - INFO - Epoch [8][1400/5537]	lr: 1.433e-02, eta: 1 day, 12:56:42, time: 2.754, data_time: 0.000, memory: 5243, top1_acc: 0.8966, top5_acc: 0.9872, loss_cls: 0.3346, loss: 0.3346
2026-08-23 01:21:41,253 - pyskl - INFO - Epoch [8][1500/5537]	lr: 1.428e-02, eta: 1 day, 12:52:08, time: 2.751, data_time: 0.000, memory: 5243, top1_acc: 0.9119, top5_acc: 0.9884, loss_cls: 0.2853, loss: 0.2853
2026-08-23 01:26:16,207 - pyskl - INFO - Epoch [8][1600/5537]	lr: 1.424e-02, eta: 1 day, 12:47:34, time: 2.750, data_time: 0.000, memory: 5243, top1_acc: 0.8969, top5_acc: 0.9881, loss_cls: 0.3354, loss: 0.3354
2026-08-23 01:30:51,608 - pyskl - INFO - Epoch [8][1700/5537]	lr: 1.420e-02, eta: 1 day, 12:43:00, time: 2.754, data_time: 0.000, memory: 5243, top1_acc: 0.9031, top5_acc: 0.9906, loss_cls: 0.3036, loss: 0.3036
2026-08-23 01:35:27,572 - pyskl - INFO - Epoch [8][1800/5537]	lr: 1.415e-02, eta: 1 day, 12:38:27, time: 2.760, data_time: 0.000, memory: 5243, top1_acc: 0.9034, top5_acc: 0.9862, loss_cls: 0.3237, loss: 0.3237
2026-08-23 01:40:03,775 - pyskl - INFO - Epoch [8][1900/5537]	lr: 1.411e-02, eta: 1 day, 12:33:54, time: 2.762, data_time: 0.000, memory: 5243, top1_acc: 0.8978, top5_acc: 0.9888, loss_cls: 0.3188, loss: 0.3188
2026-08-23 01:44:39,456 - pyskl - INFO - Epoch [8][2000/5537]	lr: 1.406e-02, eta: 1 day, 12:29:21, time: 2.757, data_time: 0.000, memory: 5243, top1_acc: 0.9047, top5_acc: 0.9872, loss_cls: 0.3177, loss: 0.3177
2026-08-23 01:49:17,606 - pyskl - INFO - Epoch [8][2100/5537]	lr: 1.402e-02, eta: 1 day, 12:24:51, time: 2.781, data_time: 0.000, memory: 5243, top1_acc: 0.9119, top5_acc: 0.9909, loss_cls: 0.2928, loss: 0.2928
2026-08-23 01:53:53,493 - pyskl - INFO - Epoch [8][2200/5537]	lr: 1.398e-02, eta: 1 day, 12:20:17, time: 2.759, data_time: 0.000, memory: 5243, top1_acc: 0.9128, top5_acc: 0.9925, loss_cls: 0.2855, loss: 0.2855
2026-08-23 01:58:28,711 - pyskl - INFO - Epoch [8][2300/5537]	lr: 1.393e-02, eta: 1 day, 12:15:43, time: 2.752, data_time: 0.000, memory: 5243, top1_acc: 0.9047, top5_acc: 0.9916, loss_cls: 0.3113, loss: 0.3113
2026-08-23 02:03:04,014 - pyskl - INFO - Epoch [8][2400/5537]	lr: 1.389e-02, eta: 1 day, 12:11:10, time: 2.753, data_time: 0.000, memory: 5243, top1_acc: 0.9050, top5_acc: 0.9900, loss_cls: 0.3217, loss: 0.3217
2026-08-23 02:07:40,022 - pyskl - INFO - Epoch [8][2500/5537]	lr: 1.384e-02, eta: 1 day, 12:06:36, time: 2.760, data_time: 0.000, memory: 5243, top1_acc: 0.9078, top5_acc: 0.9897, loss_cls: 0.2921, loss: 0.2921
2026-08-23 02:12:15,217 - pyskl - INFO - Epoch [8][2600/5537]	lr: 1.380e-02, eta: 1 day, 12:02:02, time: 2.752, data_time: 0.000, memory: 5243, top1_acc: 0.9009, top5_acc: 0.9872, loss_cls: 0.3311, loss: 0.3311
2026-08-23 02:16:51,141 - pyskl - INFO - Epoch [8][2700/5537]	lr: 1.376e-02, eta: 1 day, 11:57:29, time: 2.759, data_time: 0.000, memory: 5243, top1_acc: 0.8975, top5_acc: 0.9875, loss_cls: 0.3468, loss: 0.3468
2026-08-23 02:21:26,680 - pyskl - INFO - Epoch [8][2800/5537]	lr: 1.371e-02, eta: 1 day, 11:52:56, time: 2.755, data_time: 0.000, memory: 5243, top1_acc: 0.9178, top5_acc: 0.9925, loss_cls: 0.2713, loss: 0.2713
2026-08-23 02:26:01,918 - pyskl - INFO - Epoch [8][2900/5537]	lr: 1.367e-02, eta: 1 day, 11:48:22, time: 2.752, data_time: 0.000, memory: 5243, top1_acc: 0.9041, top5_acc: 0.9906, loss_cls: 0.3037, loss: 0.3037
2026-08-23 02:30:37,539 - pyskl - INFO - Epoch [8][3000/5537]	lr: 1.362e-02, eta: 1 day, 11:43:48, time: 2.756, data_time: 0.000, memory: 5243, top1_acc: 0.9072, top5_acc: 0.9875, loss_cls: 0.3052, loss: 0.3052
2026-08-23 02:35:13,070 - pyskl - INFO - Epoch [8][3100/5537]	lr: 1.358e-02, eta: 1 day, 11:39:14, time: 2.755, data_time: 0.000, memory: 5243, top1_acc: 0.9081, top5_acc: 0.9872, loss_cls: 0.3050, loss: 0.3050
2026-08-23 02:39:48,531 - pyskl - INFO - Epoch [8][3200/5537]	lr: 1.354e-02, eta: 1 day, 11:34:41, time: 2.755, data_time: 0.000, memory: 5243, top1_acc: 0.9022, top5_acc: 0.9912, loss_cls: 0.3088, loss: 0.3088
2026-08-23 02:44:23,323 - pyskl - INFO - Epoch [8][3300/5537]	lr: 1.349e-02, eta: 1 day, 11:30:06, time: 2.748, data_time: 0.000, memory: 5243, top1_acc: 0.9106, top5_acc: 0.9922, loss_cls: 0.2856, loss: 0.2856
2026-08-23 02:48:57,962 - pyskl - INFO - Epoch [8][3400/5537]	lr: 1.345e-02, eta: 1 day, 11:25:31, time: 2.746, data_time: 0.000, memory: 5243, top1_acc: 0.9106, top5_acc: 0.9925, loss_cls: 0.2840, loss: 0.2840
2026-08-23 02:53:32,482 - pyskl - INFO - Epoch [8][3500/5537]	lr: 1.340e-02, eta: 1 day, 11:20:57, time: 2.745, data_time: 0.000, memory: 5243, top1_acc: 0.9078, top5_acc: 0.9872, loss_cls: 0.3195, loss: 0.3195
2026-08-23 02:58:07,540 - pyskl - INFO - Epoch [8][3600/5537]	lr: 1.336e-02, eta: 1 day, 11:16:22, time: 2.751, data_time: 0.000, memory: 5243, top1_acc: 0.9222, top5_acc: 0.9903, loss_cls: 0.2746, loss: 0.2746
2026-08-23 03:02:41,530 - pyskl - INFO - Epoch [8][3700/5537]	lr: 1.331e-02, eta: 1 day, 11:11:47, time: 2.740, data_time: 0.000, memory: 5243, top1_acc: 0.8916, top5_acc: 0.9888, loss_cls: 0.3334, loss: 0.3334
2026-08-23 03:07:15,277 - pyskl - INFO - Epoch [8][3800/5537]	lr: 1.327e-02, eta: 1 day, 11:07:11, time: 2.737, data_time: 0.000, memory: 5243, top1_acc: 0.9153, top5_acc: 0.9919, loss_cls: 0.2733, loss: 0.2733
2026-08-23 03:11:49,045 - pyskl - INFO - Epoch [8][3900/5537]	lr: 1.323e-02, eta: 1 day, 11:02:36, time: 2.738, data_time: 0.000, memory: 5243, top1_acc: 0.9034, top5_acc: 0.9897, loss_cls: 0.3091, loss: 0.3091
2026-08-23 03:16:23,189 - pyskl - INFO - Epoch [8][4000/5537]	lr: 1.318e-02, eta: 1 day, 10:58:01, time: 2.741, data_time: 0.000, memory: 5243, top1_acc: 0.9069, top5_acc: 0.9903, loss_cls: 0.2865, loss: 0.2865
2026-08-23 03:20:57,131 - pyskl - INFO - Epoch [8][4100/5537]	lr: 1.314e-02, eta: 1 day, 10:53:25, time: 2.739, data_time: 0.000, memory: 5243, top1_acc: 0.9041, top5_acc: 0.9928, loss_cls: 0.3145, loss: 0.3145
2026-08-23 03:25:31,894 - pyskl - INFO - Epoch [8][4200/5537]	lr: 1.309e-02, eta: 1 day, 10:48:51, time: 2.748, data_time: 0.000, memory: 5243, top1_acc: 0.9047, top5_acc: 0.9884, loss_cls: 0.3061, loss: 0.3061
2026-08-23 03:30:07,158 - pyskl - INFO - Epoch [8][4300/5537]	lr: 1.305e-02, eta: 1 day, 10:44:17, time: 2.753, data_time: 0.000, memory: 5243, top1_acc: 0.9006, top5_acc: 0.9906, loss_cls: 0.3143, loss: 0.3143
2026-08-23 03:34:42,711 - pyskl - INFO - Epoch [8][4400/5537]	lr: 1.300e-02, eta: 1 day, 10:39:43, time: 2.756, data_time: 0.000, memory: 5243, top1_acc: 0.9119, top5_acc: 0.9897, loss_cls: 0.2987, loss: 0.2987
2026-08-23 03:39:18,290 - pyskl - INFO - Epoch [8][4500/5537]	lr: 1.296e-02, eta: 1 day, 10:35:09, time: 2.756, data_time: 0.000, memory: 5243, top1_acc: 0.9006, top5_acc: 0.9884, loss_cls: 0.3243, loss: 0.3243
2026-08-23 03:43:53,982 - pyskl - INFO - Epoch [8][4600/5537]	lr: 1.292e-02, eta: 1 day, 10:30:36, time: 2.757, data_time: 0.000, memory: 5243, top1_acc: 0.8900, top5_acc: 0.9872, loss_cls: 0.3490, loss: 0.3490
2026-08-23 03:48:29,686 - pyskl - INFO - Epoch [8][4700/5537]	lr: 1.287e-02, eta: 1 day, 10:26:02, time: 2.757, data_time: 0.000, memory: 5243, top1_acc: 0.9078, top5_acc: 0.9919, loss_cls: 0.3034, loss: 0.3034
2026-08-23 03:53:05,394 - pyskl - INFO - Epoch [8][4800/5537]	lr: 1.283e-02, eta: 1 day, 10:21:29, time: 2.757, data_time: 0.000, memory: 5243, top1_acc: 0.9016, top5_acc: 0.9906, loss_cls: 0.3033, loss: 0.3033
2026-08-23 03:57:41,792 - pyskl - INFO - Epoch [8][4900/5537]	lr: 1.278e-02, eta: 1 day, 10:16:56, time: 2.764, data_time: 0.000, memory: 5243, top1_acc: 0.9094, top5_acc: 0.9906, loss_cls: 0.2944, loss: 0.2944
2026-08-23 04:02:16,025 - pyskl - INFO - Epoch [8][5000/5537]	lr: 1.274e-02, eta: 1 day, 10:12:21, time: 2.742, data_time: 0.000, memory: 5243, top1_acc: 0.9153, top5_acc: 0.9931, loss_cls: 0.2726, loss: 0.2726
2026-08-23 04:06:49,899 - pyskl - INFO - Epoch [8][5100/5537]	lr: 1.269e-02, eta: 1 day, 10:07:45, time: 2.739, data_time: 0.000, memory: 5243, top1_acc: 0.9038, top5_acc: 0.9925, loss_cls: 0.2964, loss: 0.2964
2026-08-23 04:11:23,730 - pyskl - INFO - Epoch [8][5200/5537]	lr: 1.265e-02, eta: 1 day, 10:03:10, time: 2.738, data_time: 0.000, memory: 5243, top1_acc: 0.9106, top5_acc: 0.9919, loss_cls: 0.2912, loss: 0.2912
2026-08-23 04:15:58,669 - pyskl - INFO - Epoch [8][5300/5537]	lr: 1.261e-02, eta: 1 day, 9:58:35, time: 2.749, data_time: 0.000, memory: 5243, top1_acc: 0.9069, top5_acc: 0.9881, loss_cls: 0.3107, loss: 0.3107
2026-08-23 04:20:33,435 - pyskl - INFO - Epoch [8][5400/5537]	lr: 1.256e-02, eta: 1 day, 9:54:01, time: 2.748, data_time: 0.000, memory: 5243, top1_acc: 0.9097, top5_acc: 0.9912, loss_cls: 0.2888, loss: 0.2888
2026-08-23 04:25:07,723 - pyskl - INFO - Epoch [8][5500/5537]	lr: 1.252e-02, eta: 1 day, 9:49:26, time: 2.743, data_time: 0.000, memory: 5243, top1_acc: 0.9109, top5_acc: 0.9922, loss_cls: 0.2989, loss: 0.2989
2026-08-23 04:26:49,068 - pyskl - INFO - Saving checkpoint at 8 epochs
2026-08-23 04:32:35,286 - pyskl - INFO - Evaluating top_k_accuracy ...
2026-08-23 04:32:35,298 - pyskl - INFO - 
top1_acc	0.8511
top5_acc	0.9729
2026-08-23 04:32:35,299 - pyskl - INFO - The previous best checkpoint D:\YxjProject\pythonProject\pyskl\work_dirs\aug_baseline\stgcnpp_j\train\A1_joint_missing\best_top1_acc_epoch_6.pth was removed
2026-08-23 04:32:35,374 - pyskl - INFO - Now best checkpoint is saved as best_top1_acc_epoch_8.pth.
2026-08-23 04:32:35,375 - pyskl - INFO - Best top1_acc is 0.8511 at 8 epoch.
2026-08-23 04:32:35,375 - pyskl - INFO - Epoch(val) [8][146]	top1_acc: 0.8511, top5_acc: 0.9729
2026-08-23 04:37:19,524 - pyskl - INFO - Epoch [9][100/5537]	lr: 1.246e-02, eta: 1 day, 9:41:38, time: 2.841, data_time: 0.078, memory: 5243, top1_acc: 0.9181, top5_acc: 0.9919, loss_cls: 0.2595, loss: 0.2595
2026-08-23 04:41:54,297 - pyskl - INFO - Epoch [9][200/5537]	lr: 1.241e-02, eta: 1 day, 9:37:03, time: 2.748, data_time: 0.000, memory: 5243, top1_acc: 0.9153, top5_acc: 0.9947, loss_cls: 0.2727, loss: 0.2727
2026-08-23 04:46:29,147 - pyskl - INFO - Epoch [9][300/5537]	lr: 1.237e-02, eta: 1 day, 9:32:29, time: 2.749, data_time: 0.000, memory: 5243, top1_acc: 0.9006, top5_acc: 0.9900, loss_cls: 0.3066, loss: 0.3066
2026-08-23 04:51:07,223 - pyskl - INFO - Epoch [9][400/5537]	lr: 1.232e-02, eta: 1 day, 9:27:58, time: 2.781, data_time: 0.000, memory: 5243, top1_acc: 0.9219, top5_acc: 0.9919, loss_cls: 0.2600, loss: 0.2600
2026-08-23 04:55:43,307 - pyskl - INFO - Epoch [9][500/5537]	lr: 1.228e-02, eta: 1 day, 9:23:26, time: 2.761, data_time: 0.000, memory: 5243, top1_acc: 0.9200, top5_acc: 0.9919, loss_cls: 0.2718, loss: 0.2718
2026-08-23 05:00:18,763 - pyskl - INFO - Epoch [9][600/5537]	lr: 1.223e-02, eta: 1 day, 9:18:52, time: 2.755, data_time: 0.000, memory: 5243, top1_acc: 0.9244, top5_acc: 0.9919, loss_cls: 0.2603, loss: 0.2603
2026-08-23 05:04:54,687 - pyskl - INFO - Epoch [9][700/5537]	lr: 1.219e-02, eta: 1 day, 9:14:19, time: 2.759, data_time: 0.000, memory: 5243, top1_acc: 0.9197, top5_acc: 0.9941, loss_cls: 0.2754, loss: 0.2754
2026-08-23 05:09:30,323 - pyskl - INFO - Epoch [9][800/5537]	lr: 1.215e-02, eta: 1 day, 9:09:46, time: 2.756, data_time: 0.000, memory: 5243, top1_acc: 0.9266, top5_acc: 0.9922, loss_cls: 0.2520, loss: 0.2520
2026-08-23 05:14:06,056 - pyskl - INFO - Epoch [9][900/5537]	lr: 1.210e-02, eta: 1 day, 9:05:12, time: 2.757, data_time: 0.000, memory: 5243, top1_acc: 0.9272, top5_acc: 0.9925, loss_cls: 0.2465, loss: 0.2465
2026-08-23 05:18:42,523 - pyskl - INFO - Epoch [9][1000/5537]	lr: 1.206e-02, eta: 1 day, 9:00:40, time: 2.765, data_time: 0.000, memory: 5243, top1_acc: 0.9153, top5_acc: 0.9919, loss_cls: 0.2722, loss: 0.2722
2026-08-23 05:23:18,743 - pyskl - INFO - Epoch [9][1100/5537]	lr: 1.201e-02, eta: 1 day, 8:56:07, time: 2.762, data_time: 0.000, memory: 5243, top1_acc: 0.9091, top5_acc: 0.9912, loss_cls: 0.2889, loss: 0.2889
2026-08-23 05:27:53,962 - pyskl - INFO - Epoch [9][1200/5537]	lr: 1.197e-02, eta: 1 day, 8:51:33, time: 2.752, data_time: 0.000, memory: 5243, top1_acc: 0.9269, top5_acc: 0.9934, loss_cls: 0.2462, loss: 0.2462
2026-08-23 05:32:29,451 - pyskl - INFO - Epoch [9][1300/5537]	lr: 1.192e-02, eta: 1 day, 8:47:00, time: 2.755, data_time: 0.000, memory: 5243, top1_acc: 0.9203, top5_acc: 0.9938, loss_cls: 0.2596, loss: 0.2596
2026-08-23 05:37:04,782 - pyskl - INFO - Epoch [9][1400/5537]	lr: 1.188e-02, eta: 1 day, 8:42:26, time: 2.753, data_time: 0.000, memory: 5243, top1_acc: 0.9250, top5_acc: 0.9934, loss_cls: 0.2609, loss: 0.2609
2026-08-23 05:41:40,170 - pyskl - INFO - Epoch [9][1500/5537]	lr: 1.184e-02, eta: 1 day, 8:37:52, time: 2.754, data_time: 0.000, memory: 5243, top1_acc: 0.9234, top5_acc: 0.9922, loss_cls: 0.2701, loss: 0.2701
2026-08-23 05:46:15,476 - pyskl - INFO - Epoch [9][1600/5537]	lr: 1.179e-02, eta: 1 day, 8:33:19, time: 2.753, data_time: 0.000, memory: 5243, top1_acc: 0.9172, top5_acc: 0.9916, loss_cls: 0.2747, loss: 0.2747
2026-08-23 05:50:50,997 - pyskl - INFO - Epoch [9][1700/5537]	lr: 1.175e-02, eta: 1 day, 8:28:45, time: 2.755, data_time: 0.000, memory: 5243, top1_acc: 0.9159, top5_acc: 0.9931, loss_cls: 0.2841, loss: 0.2841
2026-08-23 05:55:26,327 - pyskl - INFO - Epoch [9][1800/5537]	lr: 1.170e-02, eta: 1 day, 8:24:11, time: 2.753, data_time: 0.000, memory: 5243, top1_acc: 0.9225, top5_acc: 0.9944, loss_cls: 0.2556, loss: 0.2556
2026-08-23 06:00:01,879 - pyskl - INFO - Epoch [9][1900/5537]	lr: 1.166e-02, eta: 1 day, 8:19:38, time: 2.756, data_time: 0.000, memory: 5243, top1_acc: 0.9272, top5_acc: 0.9928, loss_cls: 0.2566, loss: 0.2566
2026-08-23 06:04:36,992 - pyskl - INFO - Epoch [9][2000/5537]	lr: 1.161e-02, eta: 1 day, 8:15:04, time: 2.751, data_time: 0.000, memory: 5243, top1_acc: 0.9222, top5_acc: 0.9938, loss_cls: 0.2611, loss: 0.2611
2026-08-23 06:09:11,444 - pyskl - INFO - Epoch [9][2100/5537]	lr: 1.157e-02, eta: 1 day, 8:10:29, time: 2.745, data_time: 0.000, memory: 5243, top1_acc: 0.9219, top5_acc: 0.9947, loss_cls: 0.2551, loss: 0.2551
2026-08-23 06:13:46,188 - pyskl - INFO - Epoch [9][2200/5537]	lr: 1.153e-02, eta: 1 day, 8:05:55, time: 2.747, data_time: 0.000, memory: 5243, top1_acc: 0.9069, top5_acc: 0.9944, loss_cls: 0.2836, loss: 0.2836
2026-08-23 06:18:20,200 - pyskl - INFO - Epoch [9][2300/5537]	lr: 1.148e-02, eta: 1 day, 8:01:20, time: 2.740, data_time: 0.000, memory: 5243, top1_acc: 0.9228, top5_acc: 0.9931, loss_cls: 0.2571, loss: 0.2571
2026-08-23 06:22:53,958 - pyskl - INFO - Epoch [9][2400/5537]	lr: 1.144e-02, eta: 1 day, 7:56:45, time: 2.738, data_time: 0.000, memory: 5243, top1_acc: 0.9209, top5_acc: 0.9912, loss_cls: 0.2714, loss: 0.2714
2026-08-23 06:27:27,700 - pyskl - INFO - Epoch [9][2500/5537]	lr: 1.139e-02, eta: 1 day, 7:52:10, time: 2.737, data_time: 0.000, memory: 5243, top1_acc: 0.9247, top5_acc: 0.9938, loss_cls: 0.2489, loss: 0.2489
2026-08-23 06:32:01,153 - pyskl - INFO - Epoch [9][2600/5537]	lr: 1.135e-02, eta: 1 day, 7:47:34, time: 2.735, data_time: 0.000, memory: 5243, top1_acc: 0.9191, top5_acc: 0.9934, loss_cls: 0.2568, loss: 0.2568
2026-08-23 06:36:35,053 - pyskl - INFO - Epoch [9][2700/5537]	lr: 1.131e-02, eta: 1 day, 7:42:59, time: 2.739, data_time: 0.000, memory: 5243, top1_acc: 0.9153, top5_acc: 0.9912, loss_cls: 0.2682, loss: 0.2682
2026-08-23 06:41:09,069 - pyskl - INFO - Epoch [9][2800/5537]	lr: 1.126e-02, eta: 1 day, 7:38:24, time: 2.740, data_time: 0.000, memory: 5243, top1_acc: 0.9259, top5_acc: 0.9922, loss_cls: 0.2539, loss: 0.2539
2026-08-23 06:45:43,464 - pyskl - INFO - Epoch [9][2900/5537]	lr: 1.122e-02, eta: 1 day, 7:33:50, time: 2.744, data_time: 0.000, memory: 5243, top1_acc: 0.9134, top5_acc: 0.9903, loss_cls: 0.2817, loss: 0.2817
2026-08-23 06:50:17,662 - pyskl - INFO - Epoch [9][3000/5537]	lr: 1.117e-02, eta: 1 day, 7:29:15, time: 2.742, data_time: 0.000, memory: 5243, top1_acc: 0.9163, top5_acc: 0.9922, loss_cls: 0.2666, loss: 0.2666
2026-08-23 06:54:51,310 - pyskl - INFO - Epoch [9][3100/5537]	lr: 1.113e-02, eta: 1 day, 7:24:40, time: 2.736, data_time: 0.000, memory: 5243, top1_acc: 0.9222, top5_acc: 0.9928, loss_cls: 0.2581, loss: 0.2581
2026-08-23 06:59:25,132 - pyskl - INFO - Epoch [9][3200/5537]	lr: 1.109e-02, eta: 1 day, 7:20:05, time: 2.738, data_time: 0.000, memory: 5243, top1_acc: 0.9219, top5_acc: 0.9934, loss_cls: 0.2518, loss: 0.2518
2026-08-23 07:03:59,061 - pyskl - INFO - Epoch [9][3300/5537]	lr: 1.104e-02, eta: 1 day, 7:15:30, time: 2.739, data_time: 0.000, memory: 5243, top1_acc: 0.9284, top5_acc: 0.9916, loss_cls: 0.2438, loss: 0.2438
2026-08-23 07:08:32,182 - pyskl - INFO - Epoch [9][3400/5537]	lr: 1.100e-02, eta: 1 day, 7:10:54, time: 2.731, data_time: 0.000, memory: 5243, top1_acc: 0.9347, top5_acc: 0.9941, loss_cls: 0.2181, loss: 0.2181
2026-08-23 07:13:04,815 - pyskl - INFO - Epoch [9][3500/5537]	lr: 1.095e-02, eta: 1 day, 7:06:18, time: 2.726, data_time: 0.000, memory: 5243, top1_acc: 0.9444, top5_acc: 0.9962, loss_cls: 0.2004, loss: 0.2004
2026-08-23 07:17:38,239 - pyskl - INFO - Epoch [9][3600/5537]	lr: 1.091e-02, eta: 1 day, 7:01:43, time: 2.734, data_time: 0.000, memory: 5243, top1_acc: 0.9250, top5_acc: 0.9919, loss_cls: 0.2507, loss: 0.2507
2026-08-23 07:22:11,635 - pyskl - INFO - Epoch [9][3700/5537]	lr: 1.087e-02, eta: 1 day, 6:57:07, time: 2.734, data_time: 0.000, memory: 5243, top1_acc: 0.9253, top5_acc: 0.9934, loss_cls: 0.2376, loss: 0.2376
2026-08-23 07:26:45,146 - pyskl - INFO - Epoch [9][3800/5537]	lr: 1.082e-02, eta: 1 day, 6:52:32, time: 2.735, data_time: 0.000, memory: 5243, top1_acc: 0.9291, top5_acc: 0.9922, loss_cls: 0.2479, loss: 0.2479
2026-08-23 07:31:19,506 - pyskl - INFO - Epoch [9][3900/5537]	lr: 1.078e-02, eta: 1 day, 6:47:57, time: 2.744, data_time: 0.000, memory: 5243, top1_acc: 0.9216, top5_acc: 0.9941, loss_cls: 0.2675, loss: 0.2675
2026-08-23 07:35:53,067 - pyskl - INFO - Epoch [9][4000/5537]	lr: 1.073e-02, eta: 1 day, 6:43:22, time: 2.736, data_time: 0.000, memory: 5243, top1_acc: 0.9237, top5_acc: 0.9922, loss_cls: 0.2515, loss: 0.2515
2026-08-23 07:40:26,785 - pyskl - INFO - Epoch [9][4100/5537]	lr: 1.069e-02, eta: 1 day, 6:38:47, time: 2.737, data_time: 0.000, memory: 5243, top1_acc: 0.9216, top5_acc: 0.9941, loss_cls: 0.2659, loss: 0.2659
2026-08-23 07:45:01,453 - pyskl - INFO - Epoch [9][4200/5537]	lr: 1.065e-02, eta: 1 day, 6:34:13, time: 2.747, data_time: 0.000, memory: 5243, top1_acc: 0.9294, top5_acc: 0.9919, loss_cls: 0.2388, loss: 0.2388
2026-08-23 07:49:38,055 - pyskl - INFO - Epoch [9][4300/5537]	lr: 1.060e-02, eta: 1 day, 6:29:40, time: 2.766, data_time: 0.000, memory: 5243, top1_acc: 0.9287, top5_acc: 0.9931, loss_cls: 0.2420, loss: 0.2420
2026-08-23 07:54:11,729 - pyskl - INFO - Epoch [9][4400/5537]	lr: 1.056e-02, eta: 1 day, 6:25:05, time: 2.737, data_time: 0.000, memory: 5243, top1_acc: 0.9209, top5_acc: 0.9941, loss_cls: 0.2526, loss: 0.2526
2026-08-23 07:58:45,994 - pyskl - INFO - Epoch [9][4500/5537]	lr: 1.051e-02, eta: 1 day, 6:20:30, time: 2.743, data_time: 0.000, memory: 5243, top1_acc: 0.9291, top5_acc: 0.9938, loss_cls: 0.2404, loss: 0.2404
2026-08-23 08:03:19,820 - pyskl - INFO - Epoch [9][4600/5537]	lr: 1.047e-02, eta: 1 day, 6:15:55, time: 2.738, data_time: 0.000, memory: 5243, top1_acc: 0.9313, top5_acc: 0.9969, loss_cls: 0.2409, loss: 0.2409
2026-08-23 08:07:53,795 - pyskl - INFO - Epoch [9][4700/5537]	lr: 1.043e-02, eta: 1 day, 6:11:20, time: 2.740, data_time: 0.000, memory: 5243, top1_acc: 0.9275, top5_acc: 0.9944, loss_cls: 0.2341, loss: 0.2341
2026-08-23 08:12:27,730 - pyskl - INFO - Epoch [9][4800/5537]	lr: 1.038e-02, eta: 1 day, 6:06:45, time: 2.739, data_time: 0.000, memory: 5243, top1_acc: 0.9300, top5_acc: 0.9925, loss_cls: 0.2355, loss: 0.2355
2026-08-23 08:17:01,698 - pyskl - INFO - Epoch [9][4900/5537]	lr: 1.034e-02, eta: 1 day, 6:02:10, time: 2.740, data_time: 0.000, memory: 5243, top1_acc: 0.9309, top5_acc: 0.9938, loss_cls: 0.2209, loss: 0.2209
2026-08-23 08:21:35,427 - pyskl - INFO - Epoch [9][5000/5537]	lr: 1.030e-02, eta: 1 day, 5:57:35, time: 2.737, data_time: 0.000, memory: 5243, top1_acc: 0.9319, top5_acc: 0.9934, loss_cls: 0.2341, loss: 0.2341
2026-08-23 08:26:08,890 - pyskl - INFO - Epoch [9][5100/5537]	lr: 1.025e-02, eta: 1 day, 5:53:00, time: 2.735, data_time: 0.000, memory: 5243, top1_acc: 0.9300, top5_acc: 0.9934, loss_cls: 0.2314, loss: 0.2314
2026-08-23 08:30:43,163 - pyskl - INFO - Epoch [9][5200/5537]	lr: 1.021e-02, eta: 1 day, 5:48:25, time: 2.743, data_time: 0.000, memory: 5243, top1_acc: 0.9422, top5_acc: 0.9938, loss_cls: 0.2137, loss: 0.2137
2026-08-23 08:35:17,191 - pyskl - INFO - Epoch [9][5300/5537]	lr: 1.016e-02, eta: 1 day, 5:43:51, time: 2.740, data_time: 0.000, memory: 5243, top1_acc: 0.9353, top5_acc: 0.9941, loss_cls: 0.2255, loss: 0.2255
2026-08-23 08:39:51,294 - pyskl - INFO - Epoch [9][5400/5537]	lr: 1.012e-02, eta: 1 day, 5:39:16, time: 2.741, data_time: 0.000, memory: 5243, top1_acc: 0.9347, top5_acc: 0.9950, loss_cls: 0.2242, loss: 0.2242
2026-08-23 08:44:25,716 - pyskl - INFO - Epoch [9][5500/5537]	lr: 1.008e-02, eta: 1 day, 5:34:41, time: 2.744, data_time: 0.000, memory: 5243, top1_acc: 0.9250, top5_acc: 0.9941, loss_cls: 0.2432, loss: 0.2432
2026-08-23 08:46:06,712 - pyskl - INFO - Saving checkpoint at 9 epochs
2026-08-23 08:51:48,715 - pyskl - INFO - Evaluating top_k_accuracy ...
2026-08-23 08:51:48,727 - pyskl - INFO - 
top1_acc	0.8269
top5_acc	0.9738
2026-08-23 08:51:48,727 - pyskl - INFO - Epoch(val) [9][146]	top1_acc: 0.8269, top5_acc: 0.9738
2026-08-23 08:56:32,308 - pyskl - INFO - Epoch [10][100/5537]	lr: 1.002e-02, eta: 1 day, 5:27:14, time: 2.836, data_time: 0.077, memory: 5243, top1_acc: 0.9275, top5_acc: 0.9962, loss_cls: 0.2225, loss: 0.2225
2026-08-23 09:01:06,797 - pyskl - INFO - Epoch [10][200/5537]	lr: 9.975e-03, eta: 1 day, 5:22:40, time: 2.745, data_time: 0.000, memory: 5243, top1_acc: 0.9291, top5_acc: 0.9944, loss_cls: 0.2392, loss: 0.2392
2026-08-23 09:05:40,833 - pyskl - INFO - Epoch [10][300/5537]	lr: 9.932e-03, eta: 1 day, 5:18:05, time: 2.740, data_time: 0.000, memory: 5243, top1_acc: 0.9428, top5_acc: 0.9959, loss_cls: 0.2108, loss: 0.2108
2026-08-23 09:10:14,646 - pyskl - INFO - Epoch [10][400/5537]	lr: 9.888e-03, eta: 1 day, 5:13:31, time: 2.738, data_time: 0.000, memory: 5243, top1_acc: 0.9384, top5_acc: 0.9959, loss_cls: 0.2038, loss: 0.2038
2026-08-23 09:14:48,755 - pyskl - INFO - Epoch [10][500/5537]	lr: 9.845e-03, eta: 1 day, 5:08:56, time: 2.741, data_time: 0.000, memory: 5243, top1_acc: 0.9444, top5_acc: 0.9953, loss_cls: 0.1912, loss: 0.1912
2026-08-23 09:19:23,116 - pyskl - INFO - Epoch [10][600/5537]	lr: 9.802e-03, eta: 1 day, 5:04:22, time: 2.744, data_time: 0.000, memory: 5243, top1_acc: 0.9375, top5_acc: 0.9959, loss_cls: 0.2084, loss: 0.2084
2026-08-23 09:23:58,342 - pyskl - INFO - Epoch [10][700/5537]	lr: 9.758e-03, eta: 1 day, 4:59:48, time: 2.752, data_time: 0.000, memory: 5243, top1_acc: 0.9366, top5_acc: 0.9938, loss_cls: 0.2204, loss: 0.2204
2026-08-23 09:28:32,717 - pyskl - INFO - Epoch [10][800/5537]	lr: 9.715e-03, eta: 1 day, 4:55:14, time: 2.744, data_time: 0.000, memory: 5243, top1_acc: 0.9437, top5_acc: 0.9947, loss_cls: 0.1971, loss: 0.1971
2026-08-23 09:33:07,763 - pyskl - INFO - Epoch [10][900/5537]	lr: 9.672e-03, eta: 1 day, 4:50:40, time: 2.750, data_time: 0.000, memory: 5243, top1_acc: 0.9381, top5_acc: 0.9947, loss_cls: 0.1999, loss: 0.1999
2026-08-23 09:37:43,469 - pyskl - INFO - Epoch [10][1000/5537]	lr: 9.629e-03, eta: 1 day, 4:46:07, time: 2.757, data_time: 0.000, memory: 5243, top1_acc: 0.9316, top5_acc: 0.9925, loss_cls: 0.2395, loss: 0.2395
2026-08-23 09:42:18,590 - pyskl - INFO - Epoch [10][1100/5537]	lr: 9.586e-03, eta: 1 day, 4:41:34, time: 2.751, data_time: 0.000, memory: 5243, top1_acc: 0.9328, top5_acc: 0.9956, loss_cls: 0.2189, loss: 0.2189
2026-08-23 09:46:52,937 - pyskl - INFO - Epoch [10][1200/5537]	lr: 9.542e-03, eta: 1 day, 4:36:59, time: 2.743, data_time: 0.000, memory: 5243, top1_acc: 0.9363, top5_acc: 0.9972, loss_cls: 0.2030, loss: 0.2030
2026-08-23 09:51:27,179 - pyskl - INFO - Epoch [10][1300/5537]	lr: 9.499e-03, eta: 1 day, 4:32:25, time: 2.742, data_time: 0.000, memory: 5243, top1_acc: 0.9456, top5_acc: 0.9966, loss_cls: 0.1958, loss: 0.1958
2026-08-23 09:56:02,790 - pyskl - INFO - Epoch [10][1400/5537]	lr: 9.456e-03, eta: 1 day, 4:27:52, time: 2.756, data_time: 0.000, memory: 5243, top1_acc: 0.9391, top5_acc: 0.9956, loss_cls: 0.2068, loss: 0.2068
2026-08-23 10:00:37,432 - pyskl - INFO - Epoch [10][1500/5537]	lr: 9.413e-03, eta: 1 day, 4:23:18, time: 2.746, data_time: 0.000, memory: 5243, top1_acc: 0.9366, top5_acc: 0.9962, loss_cls: 0.2209, loss: 0.2209
2026-08-23 10:05:14,588 - pyskl - INFO - Epoch [10][1600/5537]	lr: 9.370e-03, eta: 1 day, 4:18:45, time: 2.772, data_time: 0.000, memory: 5243, top1_acc: 0.9319, top5_acc: 0.9972, loss_cls: 0.2210, loss: 0.2210
2026-08-23 10:09:48,321 - pyskl - INFO - Epoch [10][1700/5537]	lr: 9.328e-03, eta: 1 day, 4:14:11, time: 2.737, data_time: 0.000, memory: 5243, top1_acc: 0.9297, top5_acc: 0.9947, loss_cls: 0.2371, loss: 0.2371
2026-08-23 10:14:22,105 - pyskl - INFO - Epoch [10][1800/5537]	lr: 9.285e-03, eta: 1 day, 4:09:36, time: 2.738, data_time: 0.000, memory: 5243, top1_acc: 0.9397, top5_acc: 0.9953, loss_cls: 0.2047, loss: 0.2047
2026-08-23 10:18:56,548 - pyskl - INFO - Epoch [10][1900/5537]	lr: 9.242e-03, eta: 1 day, 4:05:02, time: 2.744, data_time: 0.000, memory: 5243, top1_acc: 0.9416, top5_acc: 0.9972, loss_cls: 0.2012, loss: 0.2012
2026-08-23 10:23:30,803 - pyskl - INFO - Epoch [10][2000/5537]	lr: 9.199e-03, eta: 1 day, 4:00:28, time: 2.743, data_time: 0.000, memory: 5243, top1_acc: 0.9422, top5_acc: 0.9956, loss_cls: 0.1970, loss: 0.1970
2026-08-23 10:28:05,037 - pyskl - INFO - Epoch [10][2100/5537]	lr: 9.156e-03, eta: 1 day, 3:55:53, time: 2.742, data_time: 0.000, memory: 5243, top1_acc: 0.9481, top5_acc: 0.9966, loss_cls: 0.1853, loss: 0.1853
2026-08-23 10:32:39,266 - pyskl - INFO - Epoch [10][2200/5537]	lr: 9.114e-03, eta: 1 day, 3:51:19, time: 2.742, data_time: 0.000, memory: 5243, top1_acc: 0.9375, top5_acc: 0.9947, loss_cls: 0.2180, loss: 0.2180
2026-08-23 10:37:13,780 - pyskl - INFO - Epoch [10][2300/5537]	lr: 9.071e-03, eta: 1 day, 3:46:45, time: 2.745, data_time: 0.000, memory: 5243, top1_acc: 0.9359, top5_acc: 0.9972, loss_cls: 0.2141, loss: 0.2141
2026-08-23 10:41:48,341 - pyskl - INFO - Epoch [10][2400/5537]	lr: 9.028e-03, eta: 1 day, 3:42:11, time: 2.746, data_time: 0.000, memory: 5243, top1_acc: 0.9334, top5_acc: 0.9953, loss_cls: 0.2129, loss: 0.2129
2026-08-23 10:46:23,212 - pyskl - INFO - Epoch [10][2500/5537]	lr: 8.986e-03, eta: 1 day, 3:37:37, time: 2.749, data_time: 0.000, memory: 5243, top1_acc: 0.9381, top5_acc: 0.9928, loss_cls: 0.2058, loss: 0.2058
2026-08-23 10:51:01,265 - pyskl - INFO - Epoch [10][2600/5537]	lr: 8.943e-03, eta: 1 day, 3:33:05, time: 2.781, data_time: 0.000, memory: 5243, top1_acc: 0.9434, top5_acc: 0.9969, loss_cls: 0.1843, loss: 0.1843
2026-08-23 10:55:36,152 - pyskl - INFO - Epoch [10][2700/5537]	lr: 8.901e-03, eta: 1 day, 3:28:31, time: 2.749, data_time: 0.000, memory: 5243, top1_acc: 0.9406, top5_acc: 0.9947, loss_cls: 0.2044, loss: 0.2044
2026-08-23 11:00:11,831 - pyskl - INFO - Epoch [10][2800/5537]	lr: 8.859e-03, eta: 1 day, 3:23:58, time: 2.757, data_time: 0.000, memory: 5243, top1_acc: 0.9547, top5_acc: 0.9969, loss_cls: 0.1700, loss: 0.1700
2026-08-23 11:04:45,630 - pyskl - INFO - Epoch [10][2900/5537]	lr: 8.816e-03, eta: 1 day, 3:19:23, time: 2.738, data_time: 0.000, memory: 5243, top1_acc: 0.9475, top5_acc: 0.9975, loss_cls: 0.1772, loss: 0.1772
2026-08-23 11:09:20,273 - pyskl - INFO - Epoch [10][3000/5537]	lr: 8.774e-03, eta: 1 day, 3:14:49, time: 2.746, data_time: 0.000, memory: 5243, top1_acc: 0.9478, top5_acc: 0.9959, loss_cls: 0.1882, loss: 0.1882
2026-08-23 11:13:55,325 - pyskl - INFO - Epoch [10][3100/5537]	lr: 8.732e-03, eta: 1 day, 3:10:15, time: 2.751, data_time: 0.000, memory: 5243, top1_acc: 0.9425, top5_acc: 0.9972, loss_cls: 0.1956, loss: 0.1956
2026-08-23 11:18:30,426 - pyskl - INFO - Epoch [10][3200/5537]	lr: 8.689e-03, eta: 1 day, 3:05:41, time: 2.751, data_time: 0.000, memory: 5243, top1_acc: 0.9397, top5_acc: 0.9972, loss_cls: 0.1945, loss: 0.1945
2026-08-23 11:23:05,569 - pyskl - INFO - Epoch [10][3300/5537]	lr: 8.647e-03, eta: 1 day, 3:01:08, time: 2.751, data_time: 0.000, memory: 5243, top1_acc: 0.9437, top5_acc: 0.9956, loss_cls: 0.1927, loss: 0.1927
2026-08-23 11:27:40,468 - pyskl - INFO - Epoch [10][3400/5537]	lr: 8.605e-03, eta: 1 day, 2:56:34, time: 2.749, data_time: 0.000, memory: 5243, top1_acc: 0.9375, top5_acc: 0.9981, loss_cls: 0.2004, loss: 0.2004
2026-08-23 11:32:15,920 - pyskl - INFO - Epoch [10][3500/5537]	lr: 8.563e-03, eta: 1 day, 2:52:00, time: 2.755, data_time: 0.000, memory: 5243, top1_acc: 0.9416, top5_acc: 0.9953, loss_cls: 0.1955, loss: 0.1955
2026-08-23 11:36:51,617 - pyskl - INFO - Epoch [10][3600/5537]	lr: 8.521e-03, eta: 1 day, 2:47:27, time: 2.757, data_time: 0.000, memory: 5243, top1_acc: 0.9444, top5_acc: 0.9981, loss_cls: 0.1715, loss: 0.1715
2026-08-23 11:41:27,674 - pyskl - INFO - Epoch [10][3700/5537]	lr: 8.479e-03, eta: 1 day, 2:42:54, time: 2.761, data_time: 0.000, memory: 5243, top1_acc: 0.9441, top5_acc: 0.9947, loss_cls: 0.1944, loss: 0.1944
2026-08-23 11:46:03,441 - pyskl - INFO - Epoch [10][3800/5537]	lr: 8.437e-03, eta: 1 day, 2:38:20, time: 2.758, data_time: 0.000, memory: 5243, top1_acc: 0.9419, top5_acc: 0.9972, loss_cls: 0.1915, loss: 0.1915
2026-08-23 11:50:38,537 - pyskl - INFO - Epoch [10][3900/5537]	lr: 8.395e-03, eta: 1 day, 2:33:46, time: 2.751, data_time: 0.000, memory: 5243, top1_acc: 0.9453, top5_acc: 0.9956, loss_cls: 0.1900, loss: 0.1900
2026-08-23 11:55:14,385 - pyskl - INFO - Epoch [10][4000/5537]	lr: 8.353e-03, eta: 1 day, 2:29:13, time: 2.758, data_time: 0.000, memory: 5243, top1_acc: 0.9547, top5_acc: 0.9972, loss_cls: 0.1655, loss: 0.1655
2026-08-23 11:59:49,813 - pyskl - INFO - Epoch [10][4100/5537]	lr: 8.311e-03, eta: 1 day, 2:24:39, time: 2.754, data_time: 0.000, memory: 5243, top1_acc: 0.9487, top5_acc: 0.9975, loss_cls: 0.1778, loss: 0.1778
2026-08-23 12:04:24,409 - pyskl - INFO - Epoch [10][4200/5537]	lr: 8.270e-03, eta: 1 day, 2:20:05, time: 2.746, data_time: 0.000, memory: 5243, top1_acc: 0.9416, top5_acc: 0.9972, loss_cls: 0.1863, loss: 0.1863
2026-08-23 12:08:58,843 - pyskl - INFO - Epoch [10][4300/5537]	lr: 8.228e-03, eta: 1 day, 2:15:31, time: 2.744, data_time: 0.000, memory: 5243, top1_acc: 0.9419, top5_acc: 0.9962, loss_cls: 0.1869, loss: 0.1869
2026-08-23 12:13:33,868 - pyskl - INFO - Epoch [10][4400/5537]	lr: 8.186e-03, eta: 1 day, 2:10:57, time: 2.750, data_time: 0.000, memory: 5243, top1_acc: 0.9509, top5_acc: 0.9978, loss_cls: 0.1620, loss: 0.1620
2026-08-23 12:18:08,592 - pyskl - INFO - Epoch [10][4500/5537]	lr: 8.145e-03, eta: 1 day, 2:06:23, time: 2.747, data_time: 0.000, memory: 5243, top1_acc: 0.9478, top5_acc: 0.9972, loss_cls: 0.1647, loss: 0.1647
2026-08-23 12:22:44,260 - pyskl - INFO - Epoch [10][4600/5537]	lr: 8.103e-03, eta: 1 day, 2:01:50, time: 2.757, data_time: 0.000, memory: 5243, top1_acc: 0.9450, top5_acc: 0.9947, loss_cls: 0.1817, loss: 0.1817
2026-08-23 12:27:19,471 - pyskl - INFO - Epoch [10][4700/5537]	lr: 8.062e-03, eta: 1 day, 1:57:16, time: 2.752, data_time: 0.000, memory: 5243, top1_acc: 0.9516, top5_acc: 0.9978, loss_cls: 0.1775, loss: 0.1775
2026-08-23 12:31:54,174 - pyskl - INFO - Epoch [10][4800/5537]	lr: 8.020e-03, eta: 1 day, 1:52:42, time: 2.747, data_time: 0.000, memory: 5243, top1_acc: 0.9463, top5_acc: 0.9984, loss_cls: 0.1760, loss: 0.1760
2026-08-23 12:36:28,852 - pyskl - INFO - Epoch [10][4900/5537]	lr: 7.979e-03, eta: 1 day, 1:48:07, time: 2.747, data_time: 0.000, memory: 5243, top1_acc: 0.9406, top5_acc: 0.9950, loss_cls: 0.1913, loss: 0.1913
2026-08-23 12:41:03,788 - pyskl - INFO - Epoch [10][5000/5537]	lr: 7.938e-03, eta: 1 day, 1:43:34, time: 2.749, data_time: 0.000, memory: 5243, top1_acc: 0.9450, top5_acc: 0.9950, loss_cls: 0.1797, loss: 0.1797
2026-08-23 12:45:38,713 - pyskl - INFO - Epoch [10][5100/5537]	lr: 7.896e-03, eta: 1 day, 1:39:00, time: 2.749, data_time: 0.000, memory: 5243, top1_acc: 0.9491, top5_acc: 0.9975, loss_cls: 0.1837, loss: 0.1837
2026-08-23 12:50:13,493 - pyskl - INFO - Epoch [10][5200/5537]	lr: 7.855e-03, eta: 1 day, 1:34:25, time: 2.748, data_time: 0.000, memory: 5243, top1_acc: 0.9506, top5_acc: 0.9959, loss_cls: 0.1679, loss: 0.1679
2026-08-23 12:54:48,684 - pyskl - INFO - Epoch [10][5300/5537]	lr: 7.814e-03, eta: 1 day, 1:29:52, time: 2.752, data_time: 0.000, memory: 5243, top1_acc: 0.9519, top5_acc: 0.9962, loss_cls: 0.1732, loss: 0.1732
2026-08-23 12:59:23,774 - pyskl - INFO - Epoch [10][5400/5537]	lr: 7.773e-03, eta: 1 day, 1:25:18, time: 2.751, data_time: 0.000, memory: 5243, top1_acc: 0.9559, top5_acc: 0.9975, loss_cls: 0.1655, loss: 0.1655
2026-08-23 13:03:58,023 - pyskl - INFO - Epoch [10][5500/5537]	lr: 7.732e-03, eta: 1 day, 1:20:43, time: 2.742, data_time: 0.000, memory: 5243, top1_acc: 0.9597, top5_acc: 0.9966, loss_cls: 0.1583, loss: 0.1583
2026-08-23 13:05:39,333 - pyskl - INFO - Saving checkpoint at 10 epochs
2026-08-23 13:11:31,919 - pyskl - INFO - Evaluating top_k_accuracy ...
2026-08-23 13:11:31,930 - pyskl - INFO - 
top1_acc	0.8578
top5_acc	0.9747
2026-08-23 13:11:31,932 - pyskl - INFO - The previous best checkpoint D:\YxjProject\pythonProject\pyskl\work_dirs\aug_baseline\stgcnpp_j\train\A1_joint_missing\best_top1_acc_epoch_8.pth was removed
2026-08-23 13:11:32,006 - pyskl - INFO - Now best checkpoint is saved as best_top1_acc_epoch_10.pth.
2026-08-23 13:11:32,006 - pyskl - INFO - Best top1_acc is 0.8578 at 10 epoch.
2026-08-23 13:11:32,007 - pyskl - INFO - Epoch(val) [10][146]	top1_acc: 0.8578, top5_acc: 0.9747
2026-08-23 13:16:14,870 - pyskl - INFO - Epoch [11][100/5537]	lr: 7.676e-03, eta: 1 day, 1:13:32, time: 2.829, data_time: 0.077, memory: 5243, top1_acc: 0.9591, top5_acc: 0.9978, loss_cls: 0.1489, loss: 0.1489
2026-08-23 13:20:49,386 - pyskl - INFO - Epoch [11][200/5537]	lr: 7.635e-03, eta: 1 day, 1:08:58, time: 2.745, data_time: 0.000, memory: 5243, top1_acc: 0.9584, top5_acc: 0.9984, loss_cls: 0.1506, loss: 0.1506
2026-08-23 13:25:23,757 - pyskl - INFO - Epoch [11][300/5537]	lr: 7.594e-03, eta: 1 day, 1:04:24, time: 2.744, data_time: 0.000, memory: 5243, top1_acc: 0.9450, top5_acc: 0.9962, loss_cls: 0.1788, loss: 0.1788
2026-08-23 13:29:58,466 - pyskl - INFO - Epoch [11][400/5537]	lr: 7.554e-03, eta: 1 day, 0:59:50, time: 2.747, data_time: 0.000, memory: 5243, top1_acc: 0.9459, top5_acc: 0.9972, loss_cls: 0.1811, loss: 0.1811
2026-08-23 13:34:34,621 - pyskl - INFO - Epoch [11][500/5537]	lr: 7.513e-03, eta: 1 day, 0:55:17, time: 2.762, data_time: 0.000, memory: 5243, top1_acc: 0.9541, top5_acc: 0.9975, loss_cls: 0.1581, loss: 0.1581
2026-08-23 13:39:12,908 - pyskl - INFO - Epoch [11][600/5537]	lr: 7.472e-03, eta: 1 day, 0:50:45, time: 2.783, data_time: 0.000, memory: 5243, top1_acc: 0.9566, top5_acc: 0.9984, loss_cls: 0.1537, loss: 0.1537
2026-08-23 13:43:49,782 - pyskl - INFO - Epoch [11][700/5537]	lr: 7.432e-03, eta: 1 day, 0:46:13, time: 2.769, data_time: 0.000, memory: 5243, top1_acc: 0.9553, top5_acc: 0.9978, loss_cls: 0.1594, loss: 0.1594
2026-08-23 13:48:27,726 - pyskl - INFO - Epoch [11][800/5537]	lr: 7.391e-03, eta: 1 day, 0:41:41, time: 2.779, data_time: 0.000, memory: 5243, top1_acc: 0.9556, top5_acc: 0.9978, loss_cls: 0.1545, loss: 0.1545
2026-08-23 13:53:04,221 - pyskl - INFO - Epoch [11][900/5537]	lr: 7.351e-03, eta: 1 day, 0:37:08, time: 2.765, data_time: 0.000, memory: 5243, top1_acc: 0.9594, top5_acc: 0.9988, loss_cls: 0.1395, loss: 0.1395
2026-08-23 13:57:40,942 - pyskl - INFO - Epoch [11][1000/5537]	lr: 7.310e-03, eta: 1 day, 0:32:35, time: 2.767, data_time: 0.000, memory: 5243, top1_acc: 0.9563, top5_acc: 0.9969, loss_cls: 0.1616, loss: 0.1616
2026-08-23 14:02:17,387 - pyskl - INFO - Epoch [11][1100/5537]	lr: 7.270e-03, eta: 1 day, 0:28:02, time: 2.764, data_time: 0.000, memory: 5243, top1_acc: 0.9550, top5_acc: 0.9975, loss_cls: 0.1598, loss: 0.1598
2026-08-23 14:06:54,171 - pyskl - INFO - Epoch [11][1200/5537]	lr: 7.230e-03, eta: 1 day, 0:23:29, time: 2.768, data_time: 0.000, memory: 5243, top1_acc: 0.9581, top5_acc: 0.9972, loss_cls: 0.1513, loss: 0.1513
2026-08-23 14:11:30,929 - pyskl - INFO - Epoch [11][1300/5537]	lr: 7.190e-03, eta: 1 day, 0:18:56, time: 2.768, data_time: 0.000, memory: 5243, top1_acc: 0.9606, top5_acc: 0.9966, loss_cls: 0.1450, loss: 0.1450
2026-08-23 14:16:08,121 - pyskl - INFO - Epoch [11][1400/5537]	lr: 7.150e-03, eta: 1 day, 0:14:24, time: 2.772, data_time: 0.000, memory: 5243, top1_acc: 0.9513, top5_acc: 0.9981, loss_cls: 0.1557, loss: 0.1557
2026-08-23 14:20:44,963 - pyskl - INFO - Epoch [11][1500/5537]	lr: 7.110e-03, eta: 1 day, 0:09:51, time: 2.768, data_time: 0.000, memory: 5243, top1_acc: 0.9634, top5_acc: 0.9991, loss_cls: 0.1377, loss: 0.1377
2026-08-23 14:25:21,460 - pyskl - INFO - Epoch [11][1600/5537]	lr: 7.070e-03, eta: 1 day, 0:05:18, time: 2.765, data_time: 0.000, memory: 5243, top1_acc: 0.9656, top5_acc: 0.9994, loss_cls: 0.1281, loss: 0.1281
2026-08-23 14:29:57,975 - pyskl - INFO - Epoch [11][1700/5537]	lr: 7.030e-03, eta: 1 day, 0:00:45, time: 2.765, data_time: 0.000, memory: 5243, top1_acc: 0.9584, top5_acc: 0.9988, loss_cls: 0.1414, loss: 0.1414
2026-08-23 14:34:34,204 - pyskl - INFO - Epoch [11][1800/5537]	lr: 6.990e-03, eta: 23:56:12, time: 2.762, data_time: 0.000, memory: 5243, top1_acc: 0.9603, top5_acc: 0.9991, loss_cls: 0.1449, loss: 0.1449
2026-08-23 14:39:10,807 - pyskl - INFO - Epoch [11][1900/5537]	lr: 6.950e-03, eta: 23:51:39, time: 2.766, data_time: 0.000, memory: 5243, top1_acc: 0.9563, top5_acc: 0.9975, loss_cls: 0.1466, loss: 0.1466
2026-08-23 14:43:47,584 - pyskl - INFO - Epoch [11][2000/5537]	lr: 6.911e-03, eta: 23:47:06, time: 2.768, data_time: 0.000, memory: 5243, top1_acc: 0.9547, top5_acc: 0.9991, loss_cls: 0.1595, loss: 0.1595
2026-08-23 14:48:24,065 - pyskl - INFO - Epoch [11][2100/5537]	lr: 6.871e-03, eta: 23:42:33, time: 2.765, data_time: 0.000, memory: 5243, top1_acc: 0.9591, top5_acc: 0.9972, loss_cls: 0.1543, loss: 0.1543
2026-08-23 14:53:00,228 - pyskl - INFO - Epoch [11][2200/5537]	lr: 6.831e-03, eta: 23:38:00, time: 2.762, data_time: 0.000, memory: 5243, top1_acc: 0.9609, top5_acc: 0.9978, loss_cls: 0.1412, loss: 0.1412
2026-08-23 14:57:36,196 - pyskl - INFO - Epoch [11][2300/5537]	lr: 6.792e-03, eta: 23:33:27, time: 2.760, data_time: 0.000, memory: 5243, top1_acc: 0.9669, top5_acc: 0.9994, loss_cls: 0.1274, loss: 0.1274
2026-08-23 15:02:12,271 - pyskl - INFO - Epoch [11][2400/5537]	lr: 6.752e-03, eta: 23:28:53, time: 2.761, data_time: 0.000, memory: 5243, top1_acc: 0.9631, top5_acc: 0.9988, loss_cls: 0.1325, loss: 0.1325
2026-08-23 15:06:47,884 - pyskl - INFO - Epoch [11][2500/5537]	lr: 6.713e-03, eta: 23:24:20, time: 2.756, data_time: 0.000, memory: 5243, top1_acc: 0.9581, top5_acc: 0.9991, loss_cls: 0.1442, loss: 0.1442
2026-08-23 15:11:23,098 - pyskl - INFO - Epoch [11][2600/5537]	lr: 6.674e-03, eta: 23:19:46, time: 2.752, data_time: 0.000, memory: 5243, top1_acc: 0.9603, top5_acc: 0.9984, loss_cls: 0.1405, loss: 0.1405
2026-08-23 15:15:58,905 - pyskl - INFO - Epoch [11][2700/5537]	lr: 6.635e-03, eta: 23:15:13, time: 2.758, data_time: 0.000, memory: 5243, top1_acc: 0.9603, top5_acc: 0.9984, loss_cls: 0.1529, loss: 0.1529
2026-08-23 15:20:34,565 - pyskl - INFO - Epoch [11][2800/5537]	lr: 6.596e-03, eta: 23:10:39, time: 2.757, data_time: 0.000, memory: 5243, top1_acc: 0.9669, top5_acc: 0.9975, loss_cls: 0.1284, loss: 0.1284
2026-08-23 15:25:10,231 - pyskl - INFO - Epoch [11][2900/5537]	lr: 6.557e-03, eta: 23:06:05, time: 2.757, data_time: 0.000, memory: 5243, top1_acc: 0.9647, top5_acc: 0.9988, loss_cls: 0.1320, loss: 0.1320
2026-08-23 15:29:46,367 - pyskl - INFO - Epoch [11][3000/5537]	lr: 6.518e-03, eta: 23:01:32, time: 2.761, data_time: 0.000, memory: 5243, top1_acc: 0.9631, top5_acc: 0.9988, loss_cls: 0.1340, loss: 0.1340
2026-08-23 15:34:23,253 - pyskl - INFO - Epoch [11][3100/5537]	lr: 6.479e-03, eta: 22:56:59, time: 2.769, data_time: 0.000, memory: 5243, top1_acc: 0.9688, top5_acc: 0.9994, loss_cls: 0.1209, loss: 0.1209
2026-08-23 15:39:00,802 - pyskl - INFO - Epoch [11][3200/5537]	lr: 6.440e-03, eta: 22:52:27, time: 2.775, data_time: 0.000, memory: 5243, top1_acc: 0.9634, top5_acc: 0.9994, loss_cls: 0.1289, loss: 0.1289
2026-08-23 15:43:37,989 - pyskl - INFO - Epoch [11][3300/5537]	lr: 6.401e-03, eta: 22:47:54, time: 2.772, data_time: 0.000, memory: 5243, top1_acc: 0.9644, top5_acc: 0.9991, loss_cls: 0.1296, loss: 0.1296
2026-08-23 15:48:14,701 - pyskl - INFO - Epoch [11][3400/5537]	lr: 6.363e-03, eta: 22:43:21, time: 2.767, data_time: 0.000, memory: 5243, top1_acc: 0.9647, top5_acc: 0.9988, loss_cls: 0.1340, loss: 0.1340
2026-08-23 15:52:51,520 - pyskl - INFO - Epoch [11][3500/5537]	lr: 6.324e-03, eta: 22:38:48, time: 2.768, data_time: 0.000, memory: 5243, top1_acc: 0.9697, top5_acc: 0.9994, loss_cls: 0.1230, loss: 0.1230
2026-08-23 15:57:28,858 - pyskl - INFO - Epoch [11][3600/5537]	lr: 6.285e-03, eta: 22:34:15, time: 2.773, data_time: 0.000, memory: 5243, top1_acc: 0.9606, top5_acc: 0.9991, loss_cls: 0.1345, loss: 0.1345
2026-08-23 16:02:06,477 - pyskl - INFO - Epoch [11][3700/5537]	lr: 6.247e-03, eta: 22:29:42, time: 2.776, data_time: 0.000, memory: 5243, top1_acc: 0.9688, top5_acc: 0.9991, loss_cls: 0.1232, loss: 0.1232
2026-08-23 16:06:43,709 - pyskl - INFO - Epoch [11][3800/5537]	lr: 6.209e-03, eta: 22:25:09, time: 2.772, data_time: 0.000, memory: 5243, top1_acc: 0.9681, top5_acc: 0.9991, loss_cls: 0.1178, loss: 0.1178
2026-08-23 16:11:20,230 - pyskl - INFO - Epoch [11][3900/5537]	lr: 6.170e-03, eta: 22:20:36, time: 2.765, data_time: 0.000, memory: 5243, top1_acc: 0.9666, top5_acc: 0.9991, loss_cls: 0.1212, loss: 0.1212
2026-08-23 16:15:57,466 - pyskl - INFO - Epoch [11][4000/5537]	lr: 6.132e-03, eta: 22:16:03, time: 2.772, data_time: 0.000, memory: 5243, top1_acc: 0.9656, top5_acc: 0.9991, loss_cls: 0.1242, loss: 0.1242
2026-08-23 16:20:35,350 - pyskl - INFO - Epoch [11][4100/5537]	lr: 6.094e-03, eta: 22:11:31, time: 2.779, data_time: 0.000, memory: 5243, top1_acc: 0.9634, top5_acc: 0.9984, loss_cls: 0.1240, loss: 0.1240
2026-08-23 16:25:13,105 - pyskl - INFO - Epoch [11][4200/5537]	lr: 6.056e-03, eta: 22:06:58, time: 2.778, data_time: 0.000, memory: 5243, top1_acc: 0.9656, top5_acc: 0.9972, loss_cls: 0.1266, loss: 0.1266
2026-08-23 16:29:50,702 - pyskl - INFO - Epoch [11][4300/5537]	lr: 6.018e-03, eta: 22:02:25, time: 2.776, data_time: 0.000, memory: 5243, top1_acc: 0.9666, top5_acc: 0.9978, loss_cls: 0.1231, loss: 0.1231
2026-08-23 16:34:27,964 - pyskl - INFO - Epoch [11][4400/5537]	lr: 5.980e-03, eta: 21:57:52, time: 2.773, data_time: 0.000, memory: 5243, top1_acc: 0.9637, top5_acc: 0.9978, loss_cls: 0.1237, loss: 0.1237
2026-08-23 16:39:04,671 - pyskl - INFO - Epoch [11][4500/5537]	lr: 5.943e-03, eta: 21:53:19, time: 2.767, data_time: 0.000, memory: 5243, top1_acc: 0.9653, top5_acc: 0.9994, loss_cls: 0.1204, loss: 0.1204
2026-08-23 16:43:41,775 - pyskl - INFO - Epoch [11][4600/5537]	lr: 5.905e-03, eta: 21:48:46, time: 2.771, data_time: 0.000, memory: 5243, top1_acc: 0.9575, top5_acc: 0.9984, loss_cls: 0.1389, loss: 0.1389
2026-08-23 16:48:21,077 - pyskl - INFO - Epoch [11][4700/5537]	lr: 5.867e-03, eta: 21:44:14, time: 2.793, data_time: 0.000, memory: 5243, top1_acc: 0.9631, top5_acc: 0.9988, loss_cls: 0.1283, loss: 0.1283
2026-08-23 16:52:58,364 - pyskl - INFO - Epoch [11][4800/5537]	lr: 5.830e-03, eta: 21:39:41, time: 2.773, data_time: 0.000, memory: 5243, top1_acc: 0.9637, top5_acc: 0.9994, loss_cls: 0.1283, loss: 0.1283
2026-08-23 16:57:35,107 - pyskl - INFO - Epoch [11][4900/5537]	lr: 5.792e-03, eta: 21:35:08, time: 2.767, data_time: 0.000, memory: 5243, top1_acc: 0.9666, top5_acc: 0.9997, loss_cls: 0.1149, loss: 0.1149
2026-08-23 17:02:11,007 - pyskl - INFO - Epoch [11][5000/5537]	lr: 5.755e-03, eta: 21:30:34, time: 2.759, data_time: 0.000, memory: 5243, top1_acc: 0.9706, top5_acc: 0.9994, loss_cls: 0.1058, loss: 0.1058
2026-08-23 17:06:46,483 - pyskl - INFO - Epoch [11][5100/5537]	lr: 5.718e-03, eta: 21:26:00, time: 2.755, data_time: 0.000, memory: 5243, top1_acc: 0.9709, top5_acc: 0.9997, loss_cls: 0.1143, loss: 0.1143
2026-08-23 17:11:22,578 - pyskl - INFO - Epoch [11][5200/5537]	lr: 5.680e-03, eta: 21:21:27, time: 2.761, data_time: 0.000, memory: 5243, top1_acc: 0.9703, top5_acc: 0.9991, loss_cls: 0.1083, loss: 0.1083
2026-08-23 17:15:59,143 - pyskl - INFO - Epoch [11][5300/5537]	lr: 5.643e-03, eta: 21:16:53, time: 2.766, data_time: 0.000, memory: 5243, top1_acc: 0.9719, top5_acc: 0.9994, loss_cls: 0.1054, loss: 0.1054
2026-08-23 17:20:35,156 - pyskl - INFO - Epoch [11][5400/5537]	lr: 5.606e-03, eta: 21:12:20, time: 2.760, data_time: 0.000, memory: 5243, top1_acc: 0.9712, top5_acc: 0.9991, loss_cls: 0.1033, loss: 0.1033
2026-08-23 17:25:11,527 - pyskl - INFO - Epoch [11][5500/5537]	lr: 5.569e-03, eta: 21:07:46, time: 2.764, data_time: 0.000, memory: 5243, top1_acc: 0.9684, top5_acc: 0.9991, loss_cls: 0.1140, loss: 0.1140
2026-08-23 17:26:53,866 - pyskl - INFO - Saving checkpoint at 11 epochs
2026-08-23 17:32:34,356 - pyskl - INFO - Evaluating top_k_accuracy ...
2026-08-23 17:32:34,367 - pyskl - INFO - 
top1_acc	0.8606
top5_acc	0.9740
2026-08-23 17:32:34,368 - pyskl - INFO - The previous best checkpoint D:\YxjProject\pythonProject\pyskl\work_dirs\aug_baseline\stgcnpp_j\train\A1_joint_missing\best_top1_acc_epoch_10.pth was removed
2026-08-23 17:32:34,442 - pyskl - INFO - Now best checkpoint is saved as best_top1_acc_epoch_11.pth.
2026-08-23 17:32:34,442 - pyskl - INFO - Best top1_acc is 0.8606 at 11 epoch.
2026-08-23 17:32:34,443 - pyskl - INFO - Epoch(val) [11][146]	top1_acc: 0.8606, top5_acc: 0.9740
2026-08-23 17:37:19,434 - pyskl - INFO - Epoch [12][100/5537]	lr: 5.519e-03, eta: 21:00:49, time: 2.850, data_time: 0.078, memory: 5243, top1_acc: 0.9844, top5_acc: 0.9994, loss_cls: 0.0778, loss: 0.0778
2026-08-23 17:41:56,475 - pyskl - INFO - Epoch [12][200/5537]	lr: 5.482e-03, eta: 20:56:16, time: 2.770, data_time: 0.000, memory: 5243, top1_acc: 0.9766, top5_acc: 0.9994, loss_cls: 0.0928, loss: 0.0928
2026-08-23 17:46:33,090 - pyskl - INFO - Epoch [12][300/5537]	lr: 5.446e-03, eta: 20:51:43, time: 2.766, data_time: 0.000, memory: 5243, top1_acc: 0.9738, top5_acc: 0.9997, loss_cls: 0.1022, loss: 0.1022
2026-08-23 17:51:09,736 - pyskl - INFO - Epoch [12][400/5537]	lr: 5.409e-03, eta: 20:47:10, time: 2.766, data_time: 0.000, memory: 5243, top1_acc: 0.9775, top5_acc: 0.9988, loss_cls: 0.0899, loss: 0.0899
2026-08-23 17:55:46,716 - pyskl - INFO - Epoch [12][500/5537]	lr: 5.373e-03, eta: 20:42:37, time: 2.770, data_time: 0.000, memory: 5243, top1_acc: 0.9784, top5_acc: 0.9997, loss_cls: 0.0874, loss: 0.0874
2026-08-23 18:00:23,614 - pyskl - INFO - Epoch [12][600/5537]	lr: 5.336e-03, eta: 20:38:04, time: 2.769, data_time: 0.000, memory: 5243, top1_acc: 0.9753, top5_acc: 0.9997, loss_cls: 0.0945, loss: 0.0945
2026-08-23 18:05:00,617 - pyskl - INFO - Epoch [12][700/5537]	lr: 5.300e-03, eta: 20:33:31, time: 2.770, data_time: 0.000, memory: 5243, top1_acc: 0.9766, top5_acc: 0.9997, loss_cls: 0.0881, loss: 0.0881
2026-08-23 18:09:37,155 - pyskl - INFO - Epoch [12][800/5537]	lr: 5.264e-03, eta: 20:28:57, time: 2.765, data_time: 0.000, memory: 5243, top1_acc: 0.9700, top5_acc: 0.9997, loss_cls: 0.1034, loss: 0.1034
2026-08-23 18:14:13,781 - pyskl - INFO - Epoch [12][900/5537]	lr: 5.228e-03, eta: 20:24:24, time: 2.766, data_time: 0.000, memory: 5243, top1_acc: 0.9803, top5_acc: 0.9997, loss_cls: 0.0860, loss: 0.0860
2026-08-23 18:18:50,642 - pyskl - INFO - Epoch [12][1000/5537]	lr: 5.192e-03, eta: 20:19:51, time: 2.769, data_time: 0.000, memory: 5243, top1_acc: 0.9822, top5_acc: 0.9997, loss_cls: 0.0752, loss: 0.0752
2026-08-23 18:23:27,540 - pyskl - INFO - Epoch [12][1100/5537]	lr: 5.156e-03, eta: 20:15:18, time: 2.769, data_time: 0.000, memory: 5243, top1_acc: 0.9816, top5_acc: 0.9988, loss_cls: 0.0871, loss: 0.0871
2026-08-23 18:28:04,006 - pyskl - INFO - Epoch [12][1200/5537]	lr: 5.120e-03, eta: 20:10:44, time: 2.765, data_time: 0.000, memory: 5243, top1_acc: 0.9788, top5_acc: 0.9991, loss_cls: 0.0906, loss: 0.0906
2026-08-23 18:32:40,290 - pyskl - INFO - Epoch [12][1300/5537]	lr: 5.084e-03, eta: 20:06:11, time: 2.763, data_time: 0.000, memory: 5243, top1_acc: 0.9756, top5_acc: 0.9991, loss_cls: 0.0924, loss: 0.0924
2026-08-23 18:37:16,693 - pyskl - INFO - Epoch [12][1400/5537]	lr: 5.049e-03, eta: 20:01:38, time: 2.764, data_time: 0.000, memory: 5243, top1_acc: 0.9784, top5_acc: 0.9994, loss_cls: 0.0846, loss: 0.0846
2026-08-23 18:41:53,125 - pyskl - INFO - Epoch [12][1500/5537]	lr: 5.013e-03, eta: 19:57:04, time: 2.764, data_time: 0.000, memory: 5243, top1_acc: 0.9769, top5_acc: 1.0000, loss_cls: 0.0884, loss: 0.0884
2026-08-23 18:46:30,032 - pyskl - INFO - Epoch [12][1600/5537]	lr: 4.978e-03, eta: 19:52:31, time: 2.769, data_time: 0.000, memory: 5243, top1_acc: 0.9766, top5_acc: 0.9997, loss_cls: 0.0926, loss: 0.0926
2026-08-23 18:51:06,175 - pyskl - INFO - Epoch [12][1700/5537]	lr: 4.942e-03, eta: 19:47:57, time: 2.761, data_time: 0.000, memory: 5243, top1_acc: 0.9722, top5_acc: 0.9994, loss_cls: 0.1037, loss: 0.1037
2026-08-23 18:55:42,676 - pyskl - INFO - Epoch [12][1800/5537]	lr: 4.907e-03, eta: 19:43:24, time: 2.765, data_time: 0.000, memory: 5243, top1_acc: 0.9781, top5_acc: 0.9994, loss_cls: 0.0920, loss: 0.0920
2026-08-23 19:00:19,148 - pyskl - INFO - Epoch [12][1900/5537]	lr: 4.872e-03, eta: 19:38:51, time: 2.765, data_time: 0.000, memory: 5243, top1_acc: 0.9784, top5_acc: 0.9994, loss_cls: 0.0946, loss: 0.0946
2026-08-23 19:04:55,047 - pyskl - INFO - Epoch [12][2000/5537]	lr: 4.837e-03, eta: 19:34:17, time: 2.759, data_time: 0.000, memory: 5243, top1_acc: 0.9762, top5_acc: 0.9997, loss_cls: 0.0969, loss: 0.0969
2026-08-23 19:09:31,024 - pyskl - INFO - Epoch [12][2100/5537]	lr: 4.802e-03, eta: 19:29:43, time: 2.760, data_time: 0.000, memory: 5243, top1_acc: 0.9797, top5_acc: 0.9997, loss_cls: 0.0832, loss: 0.0832
2026-08-23 19:14:07,031 - pyskl - INFO - Epoch [12][2200/5537]	lr: 4.767e-03, eta: 19:25:10, time: 2.760, data_time: 0.000, memory: 5243, top1_acc: 0.9838, top5_acc: 0.9994, loss_cls: 0.0789, loss: 0.0789
2026-08-23 19:18:43,632 - pyskl - INFO - Epoch [12][2300/5537]	lr: 4.732e-03, eta: 19:20:36, time: 2.766, data_time: 0.000, memory: 5243, top1_acc: 0.9819, top5_acc: 0.9991, loss_cls: 0.0760, loss: 0.0760
2026-08-23 19:23:23,204 - pyskl - INFO - Epoch [12][2400/5537]	lr: 4.697e-03, eta: 19:16:04, time: 2.796, data_time: 0.000, memory: 5243, top1_acc: 0.9862, top5_acc: 1.0000, loss_cls: 0.0683, loss: 0.0683
2026-08-23 19:28:04,994 - pyskl - INFO - Epoch [12][2500/5537]	lr: 4.663e-03, eta: 19:11:33, time: 2.818, data_time: 0.000, memory: 5243, top1_acc: 0.9784, top5_acc: 0.9991, loss_cls: 0.0917, loss: 0.0917
2026-08-23 19:32:42,045 - pyskl - INFO - Epoch [12][2600/5537]	lr: 4.628e-03, eta: 19:06:59, time: 2.771, data_time: 0.000, memory: 5243, top1_acc: 0.9809, top5_acc: 0.9984, loss_cls: 0.0801, loss: 0.0801
2026-08-23 19:37:18,917 - pyskl - INFO - Epoch [12][2700/5537]	lr: 4.594e-03, eta: 19:02:26, time: 2.769, data_time: 0.000, memory: 5243, top1_acc: 0.9772, top5_acc: 0.9997, loss_cls: 0.0826, loss: 0.0826
2026-08-23 19:41:55,872 - pyskl - INFO - Epoch [12][2800/5537]	lr: 4.560e-03, eta: 18:57:53, time: 2.770, data_time: 0.000, memory: 5243, top1_acc: 0.9819, top5_acc: 1.0000, loss_cls: 0.0777, loss: 0.0777
2026-08-23 19:46:32,805 - pyskl - INFO - Epoch [12][2900/5537]	lr: 4.525e-03, eta: 18:53:19, time: 2.769, data_time: 0.000, memory: 5243, top1_acc: 0.9822, top5_acc: 1.0000, loss_cls: 0.0737, loss: 0.0737
2026-08-23 19:51:10,128 - pyskl - INFO - Epoch [12][3000/5537]	lr: 4.491e-03, eta: 18:48:46, time: 2.773, data_time: 0.000, memory: 5243, top1_acc: 0.9788, top5_acc: 0.9997, loss_cls: 0.0791, loss: 0.0791
2026-08-23 19:55:46,829 - pyskl - INFO - Epoch [12][3100/5537]	lr: 4.457e-03, eta: 18:44:13, time: 2.767, data_time: 0.000, memory: 5243, top1_acc: 0.9800, top5_acc: 1.0000, loss_cls: 0.0776, loss: 0.0776
2026-08-23 20:00:24,020 - pyskl - INFO - Epoch [12][3200/5537]	lr: 4.424e-03, eta: 18:39:39, time: 2.772, data_time: 0.000, memory: 5243, top1_acc: 0.9828, top5_acc: 1.0000, loss_cls: 0.0705, loss: 0.0705
2026-08-23 20:05:00,864 - pyskl - INFO - Epoch [12][3300/5537]	lr: 4.390e-03, eta: 18:35:06, time: 2.768, data_time: 0.000, memory: 5243, top1_acc: 0.9803, top5_acc: 0.9997, loss_cls: 0.0790, loss: 0.0790
2026-08-23 20:09:38,390 - pyskl - INFO - Epoch [12][3400/5537]	lr: 4.356e-03, eta: 18:30:33, time: 2.775, data_time: 0.000, memory: 5243, top1_acc: 0.9803, top5_acc: 0.9997, loss_cls: 0.0826, loss: 0.0826
2026-08-23 20:14:15,342 - pyskl - INFO - Epoch [12][3500/5537]	lr: 4.322e-03, eta: 18:25:59, time: 2.770, data_time: 0.000, memory: 5243, top1_acc: 0.9844, top5_acc: 1.0000, loss_cls: 0.0710, loss: 0.0710
2026-08-23 20:18:52,249 - pyskl - INFO - Epoch [12][3600/5537]	lr: 4.289e-03, eta: 18:21:26, time: 2.769, data_time: 0.000, memory: 5243, top1_acc: 0.9847, top5_acc: 1.0000, loss_cls: 0.0625, loss: 0.0625
2026-08-23 20:23:29,061 - pyskl - INFO - Epoch [12][3700/5537]	lr: 4.256e-03, eta: 18:16:52, time: 2.768, data_time: 0.000, memory: 5243, top1_acc: 0.9878, top5_acc: 1.0000, loss_cls: 0.0595, loss: 0.0595
2026-08-23 20:28:05,943 - pyskl - INFO - Epoch [12][3800/5537]	lr: 4.222e-03, eta: 18:12:19, time: 2.769, data_time: 0.000, memory: 5243, top1_acc: 0.9822, top5_acc: 1.0000, loss_cls: 0.0700, loss: 0.0700
2026-08-23 20:32:42,461 - pyskl - INFO - Epoch [12][3900/5537]	lr: 4.189e-03, eta: 18:07:45, time: 2.765, data_time: 0.000, memory: 5243, top1_acc: 0.9859, top5_acc: 1.0000, loss_cls: 0.0637, loss: 0.0637
2026-08-23 20:37:19,249 - pyskl - INFO - Epoch [12][4000/5537]	lr: 4.156e-03, eta: 18:03:12, time: 2.768, data_time: 0.000, memory: 5243, top1_acc: 0.9853, top5_acc: 1.0000, loss_cls: 0.0685, loss: 0.0685
2026-08-23 20:41:55,968 - pyskl - INFO - Epoch [12][4100/5537]	lr: 4.123e-03, eta: 17:58:38, time: 2.767, data_time: 0.000, memory: 5243, top1_acc: 0.9878, top5_acc: 1.0000, loss_cls: 0.0575, loss: 0.0575
2026-08-23 20:46:32,591 - pyskl - INFO - Epoch [12][4200/5537]	lr: 4.090e-03, eta: 17:54:05, time: 2.766, data_time: 0.000, memory: 5243, top1_acc: 0.9875, top5_acc: 1.0000, loss_cls: 0.0563, loss: 0.0563
2026-08-23 20:51:08,763 - pyskl - INFO - Epoch [12][4300/5537]	lr: 4.058e-03, eta: 17:49:31, time: 2.762, data_time: 0.000, memory: 5243, top1_acc: 0.9853, top5_acc: 1.0000, loss_cls: 0.0614, loss: 0.0614
2026-08-23 20:55:45,480 - pyskl - INFO - Epoch [12][4400/5537]	lr: 4.025e-03, eta: 17:44:57, time: 2.767, data_time: 0.000, memory: 5243, top1_acc: 0.9884, top5_acc: 1.0000, loss_cls: 0.0601, loss: 0.0601
2026-08-23 21:00:21,655 - pyskl - INFO - Epoch [12][4500/5537]	lr: 3.992e-03, eta: 17:40:23, time: 2.762, data_time: 0.000, memory: 5243, top1_acc: 0.9897, top5_acc: 0.9997, loss_cls: 0.0547, loss: 0.0547
2026-08-23 21:04:56,855 - pyskl - INFO - Epoch [12][4600/5537]	lr: 3.960e-03, eta: 17:35:49, time: 2.752, data_time: 0.000, memory: 5243, top1_acc: 0.9862, top5_acc: 0.9997, loss_cls: 0.0537, loss: 0.0537
2026-08-23 21:09:32,769 - pyskl - INFO - Epoch [12][4700/5537]	lr: 3.928e-03, eta: 17:31:15, time: 2.759, data_time: 0.000, memory: 5243, top1_acc: 0.9919, top5_acc: 1.0000, loss_cls: 0.0495, loss: 0.0495
2026-08-23 21:14:09,106 - pyskl - INFO - Epoch [12][4800/5537]	lr: 3.895e-03, eta: 17:26:42, time: 2.763, data_time: 0.000, memory: 5243, top1_acc: 0.9891, top5_acc: 0.9997, loss_cls: 0.0566, loss: 0.0566
2026-08-23 21:18:44,306 - pyskl - INFO - Epoch [12][4900/5537]	lr: 3.863e-03, eta: 17:22:08, time: 2.752, data_time: 0.000, memory: 5243, top1_acc: 0.9894, top5_acc: 0.9997, loss_cls: 0.0551, loss: 0.0551
2026-08-23 21:23:19,833 - pyskl - INFO - Epoch [12][5000/5537]	lr: 3.831e-03, eta: 17:17:33, time: 2.755, data_time: 0.000, memory: 5243, top1_acc: 0.9878, top5_acc: 1.0000, loss_cls: 0.0552, loss: 0.0552
2026-08-23 21:27:55,301 - pyskl - INFO - Epoch [12][5100/5537]	lr: 3.800e-03, eta: 17:12:59, time: 2.755, data_time: 0.000, memory: 5243, top1_acc: 0.9903, top5_acc: 1.0000, loss_cls: 0.0508, loss: 0.0508
2026-08-23 21:32:31,302 - pyskl - INFO - Epoch [12][5200/5537]	lr: 3.768e-03, eta: 17:08:26, time: 2.760, data_time: 0.000, memory: 5243, top1_acc: 0.9903, top5_acc: 1.0000, loss_cls: 0.0538, loss: 0.0538
2026-08-23 21:37:06,968 - pyskl - INFO - Epoch [12][5300/5537]	lr: 3.736e-03, eta: 17:03:52, time: 2.757, data_time: 0.000, memory: 5243, top1_acc: 0.9884, top5_acc: 1.0000, loss_cls: 0.0544, loss: 0.0544
2026-08-23 21:41:42,690 - pyskl - INFO - Epoch [12][5400/5537]	lr: 3.705e-03, eta: 16:59:18, time: 2.757, data_time: 0.000, memory: 5243, top1_acc: 0.9859, top5_acc: 1.0000, loss_cls: 0.0590, loss: 0.0590
2026-08-23 21:46:18,552 - pyskl - INFO - Epoch [12][5500/5537]	lr: 3.673e-03, eta: 16:54:44, time: 2.759, data_time: 0.000, memory: 5243, top1_acc: 0.9897, top5_acc: 1.0000, loss_cls: 0.0544, loss: 0.0544
2026-08-23 21:48:00,639 - pyskl - INFO - Saving checkpoint at 12 epochs
2026-08-23 21:53:41,625 - pyskl - INFO - Evaluating top_k_accuracy ...
2026-08-23 21:53:41,637 - pyskl - INFO - 
top1_acc	0.8810
top5_acc	0.9770
2026-08-23 21:53:41,638 - pyskl - INFO - The previous best checkpoint D:\YxjProject\pythonProject\pyskl\work_dirs\aug_baseline\stgcnpp_j\train\A1_joint_missing\best_top1_acc_epoch_11.pth was removed
2026-08-23 21:53:41,711 - pyskl - INFO - Now best checkpoint is saved as best_top1_acc_epoch_12.pth.
2026-08-23 21:53:41,712 - pyskl - INFO - Best top1_acc is 0.8810 at 12 epoch.
2026-08-23 21:53:41,712 - pyskl - INFO - Epoch(val) [12][146]	top1_acc: 0.8810, top5_acc: 0.9770
2026-08-23 21:58:25,914 - pyskl - INFO - Epoch [13][100/5537]	lr: 3.630e-03, eta: 16:47:57, time: 2.842, data_time: 0.077, memory: 5243, top1_acc: 0.9894, top5_acc: 0.9997, loss_cls: 0.0517, loss: 0.0517
2026-08-23 22:03:01,744 - pyskl - INFO - Epoch [13][200/5537]	lr: 3.599e-03, eta: 16:43:23, time: 2.758, data_time: 0.000, memory: 5243, top1_acc: 0.9922, top5_acc: 0.9997, loss_cls: 0.0444, loss: 0.0444
2026-08-23 22:07:37,811 - pyskl - INFO - Epoch [13][300/5537]	lr: 3.568e-03, eta: 16:38:50, time: 2.761, data_time: 0.000, memory: 5243, top1_acc: 0.9897, top5_acc: 1.0000, loss_cls: 0.0516, loss: 0.0516
2026-08-23 22:12:13,912 - pyskl - INFO - Epoch [13][400/5537]	lr: 3.537e-03, eta: 16:34:16, time: 2.761, data_time: 0.000, memory: 5243, top1_acc: 0.9909, top5_acc: 0.9997, loss_cls: 0.0436, loss: 0.0436
2026-08-23 22:16:50,576 - pyskl - INFO - Epoch [13][500/5537]	lr: 3.506e-03, eta: 16:29:42, time: 2.767, data_time: 0.000, memory: 5243, top1_acc: 0.9950, top5_acc: 0.9997, loss_cls: 0.0428, loss: 0.0428
2026-08-23 22:21:26,960 - pyskl - INFO - Epoch [13][600/5537]	lr: 3.475e-03, eta: 16:25:09, time: 2.764, data_time: 0.000, memory: 5243, top1_acc: 0.9953, top5_acc: 1.0000, loss_cls: 0.0379, loss: 0.0379
2026-08-23 22:26:03,271 - pyskl - INFO - Epoch [13][700/5537]	lr: 3.445e-03, eta: 16:20:35, time: 2.763, data_time: 0.000, memory: 5243, top1_acc: 0.9928, top5_acc: 1.0000, loss_cls: 0.0378, loss: 0.0378
2026-08-23 22:30:39,365 - pyskl - INFO - Epoch [13][800/5537]	lr: 3.414e-03, eta: 16:16:01, time: 2.761, data_time: 0.000, memory: 5243, top1_acc: 0.9928, top5_acc: 0.9997, loss_cls: 0.0439, loss: 0.0439
2026-08-23 22:35:15,541 - pyskl - INFO - Epoch [13][900/5537]	lr: 3.384e-03, eta: 16:11:28, time: 2.762, data_time: 0.000, memory: 5243, top1_acc: 0.9903, top5_acc: 0.9997, loss_cls: 0.0458, loss: 0.0458
2026-08-23 22:39:50,914 - pyskl - INFO - Epoch [13][1000/5537]	lr: 3.354e-03, eta: 16:06:54, time: 2.754, data_time: 0.000, memory: 5243, top1_acc: 0.9900, top5_acc: 1.0000, loss_cls: 0.0478, loss: 0.0478
2026-08-23 22:44:26,427 - pyskl - INFO - Epoch [13][1100/5537]	lr: 3.323e-03, eta: 16:02:20, time: 2.755, data_time: 0.000, memory: 5243, top1_acc: 0.9919, top5_acc: 1.0000, loss_cls: 0.0422, loss: 0.0422
2026-08-23 22:49:02,687 - pyskl - INFO - Epoch [13][1200/5537]	lr: 3.293e-03, eta: 15:57:46, time: 2.763, data_time: 0.000, memory: 5243, top1_acc: 0.9934, top5_acc: 1.0000, loss_cls: 0.0387, loss: 0.0387
2026-08-23 22:53:38,759 - pyskl - INFO - Epoch [13][1300/5537]	lr: 3.264e-03, eta: 15:53:12, time: 2.761, data_time: 0.000, memory: 5243, top1_acc: 0.9938, top5_acc: 1.0000, loss_cls: 0.0385, loss: 0.0385
2026-08-23 22:58:15,593 - pyskl - INFO - Epoch [13][1400/5537]	lr: 3.234e-03, eta: 15:48:39, time: 2.768, data_time: 0.000, memory: 5243, top1_acc: 0.9931, top5_acc: 1.0000, loss_cls: 0.0376, loss: 0.0376
2026-08-23 23:02:51,532 - pyskl - INFO - Epoch [13][1500/5537]	lr: 3.204e-03, eta: 15:44:05, time: 2.759, data_time: 0.000, memory: 5243, top1_acc: 0.9922, top5_acc: 1.0000, loss_cls: 0.0416, loss: 0.0416
2026-08-23 23:07:26,954 - pyskl - INFO - Epoch [13][1600/5537]	lr: 3.174e-03, eta: 15:39:31, time: 2.754, data_time: 0.000, memory: 5243, top1_acc: 0.9931, top5_acc: 0.9994, loss_cls: 0.0399, loss: 0.0399
2026-08-23 23:12:02,056 - pyskl - INFO - Epoch [13][1700/5537]	lr: 3.145e-03, eta: 15:34:57, time: 2.751, data_time: 0.000, memory: 5243, top1_acc: 0.9959, top5_acc: 1.0000, loss_cls: 0.0370, loss: 0.0370
2026-08-23 23:16:37,339 - pyskl - INFO - Epoch [13][1800/5537]	lr: 3.116e-03, eta: 15:30:23, time: 2.753, data_time: 0.000, memory: 5243, top1_acc: 0.9938, top5_acc: 1.0000, loss_cls: 0.0357, loss: 0.0357
2026-08-23 23:21:12,054 - pyskl - INFO - Epoch [13][1900/5537]	lr: 3.086e-03, eta: 15:25:48, time: 2.747, data_time: 0.000, memory: 5243, top1_acc: 0.9928, top5_acc: 1.0000, loss_cls: 0.0392, loss: 0.0392
2026-08-23 23:25:46,398 - pyskl - INFO - Epoch [13][2000/5537]	lr: 3.057e-03, eta: 15:21:14, time: 2.743, data_time: 0.000, memory: 5243, top1_acc: 0.9938, top5_acc: 1.0000, loss_cls: 0.0322, loss: 0.0322
2026-08-23 23:30:21,868 - pyskl - INFO - Epoch [13][2100/5537]	lr: 3.028e-03, eta: 15:16:40, time: 2.755, data_time: 0.000, memory: 5243, top1_acc: 0.9934, top5_acc: 0.9997, loss_cls: 0.0385, loss: 0.0385
2026-08-23 23:34:58,248 - pyskl - INFO - Epoch [13][2200/5537]	lr: 2.999e-03, eta: 15:12:06, time: 2.764, data_time: 0.000, memory: 5243, top1_acc: 0.9903, top5_acc: 1.0000, loss_cls: 0.0430, loss: 0.0430
2026-08-23 23:39:35,008 - pyskl - INFO - Epoch [13][2300/5537]	lr: 2.971e-03, eta: 15:07:33, time: 2.768, data_time: 0.000, memory: 5243, top1_acc: 0.9959, top5_acc: 0.9997, loss_cls: 0.0361, loss: 0.0361
2026-08-23 23:44:11,636 - pyskl - INFO - Epoch [13][2400/5537]	lr: 2.942e-03, eta: 15:02:59, time: 2.766, data_time: 0.000, memory: 5243, top1_acc: 0.9919, top5_acc: 1.0000, loss_cls: 0.0365, loss: 0.0365
2026-08-23 23:48:47,658 - pyskl - INFO - Epoch [13][2500/5537]	lr: 2.914e-03, eta: 14:58:25, time: 2.760, data_time: 0.000, memory: 5243, top1_acc: 0.9941, top5_acc: 1.0000, loss_cls: 0.0367, loss: 0.0367
2026-08-23 23:53:24,061 - pyskl - INFO - Epoch [13][2600/5537]	lr: 2.885e-03, eta: 14:53:51, time: 2.764, data_time: 0.000, memory: 5243, top1_acc: 0.9925, top5_acc: 1.0000, loss_cls: 0.0381, loss: 0.0381
2026-08-23 23:58:00,609 - pyskl - INFO - Epoch [13][2700/5537]	lr: 2.857e-03, eta: 14:49:17, time: 2.765, data_time: 0.000, memory: 5243, top1_acc: 0.9953, top5_acc: 1.0000, loss_cls: 0.0386, loss: 0.0386
2026-08-24 00:02:36,931 - pyskl - INFO - Epoch [13][2800/5537]	lr: 2.829e-03, eta: 14:44:44, time: 2.763, data_time: 0.000, memory: 5243, top1_acc: 0.9962, top5_acc: 1.0000, loss_cls: 0.0336, loss: 0.0336
2026-08-24 00:07:13,102 - pyskl - INFO - Epoch [13][2900/5537]	lr: 2.801e-03, eta: 14:40:10, time: 2.762, data_time: 0.000, memory: 5243, top1_acc: 0.9931, top5_acc: 1.0000, loss_cls: 0.0363, loss: 0.0363
2026-08-24 00:11:49,647 - pyskl - INFO - Epoch [13][3000/5537]	lr: 2.773e-03, eta: 14:35:36, time: 2.765, data_time: 0.000, memory: 5243, top1_acc: 0.9925, top5_acc: 1.0000, loss_cls: 0.0409, loss: 0.0409
2026-08-24 00:16:25,761 - pyskl - INFO - Epoch [13][3100/5537]	lr: 2.745e-03, eta: 14:31:02, time: 2.761, data_time: 0.000, memory: 5243, top1_acc: 0.9959, top5_acc: 1.0000, loss_cls: 0.0332, loss: 0.0332
2026-08-24 00:21:02,378 - pyskl - INFO - Epoch [13][3200/5537]	lr: 2.717e-03, eta: 14:26:28, time: 2.766, data_time: 0.000, memory: 5243, top1_acc: 0.9956, top5_acc: 1.0000, loss_cls: 0.0284, loss: 0.0284
2026-08-24 00:25:39,168 - pyskl - INFO - Epoch [13][3300/5537]	lr: 2.690e-03, eta: 14:21:55, time: 2.768, data_time: 0.000, memory: 5243, top1_acc: 0.9978, top5_acc: 1.0000, loss_cls: 0.0244, loss: 0.0244
2026-08-24 00:30:16,000 - pyskl - INFO - Epoch [13][3400/5537]	lr: 2.662e-03, eta: 14:17:21, time: 2.768, data_time: 0.000, memory: 5243, top1_acc: 0.9944, top5_acc: 0.9997, loss_cls: 0.0320, loss: 0.0320
2026-08-24 00:34:52,822 - pyskl - INFO - Epoch [13][3500/5537]	lr: 2.635e-03, eta: 14:12:47, time: 2.768, data_time: 0.000, memory: 5243, top1_acc: 0.9959, top5_acc: 1.0000, loss_cls: 0.0319, loss: 0.0319
2026-08-24 00:39:29,420 - pyskl - INFO - Epoch [13][3600/5537]	lr: 2.608e-03, eta: 14:08:13, time: 2.766, data_time: 0.000, memory: 5243, top1_acc: 0.9975, top5_acc: 1.0000, loss_cls: 0.0286, loss: 0.0286
2026-08-24 00:44:06,098 - pyskl - INFO - Epoch [13][3700/5537]	lr: 2.581e-03, eta: 14:03:40, time: 2.767, data_time: 0.000, memory: 5243, top1_acc: 0.9956, top5_acc: 1.0000, loss_cls: 0.0309, loss: 0.0309
2026-08-24 00:48:42,011 - pyskl - INFO - Epoch [13][3800/5537]	lr: 2.554e-03, eta: 13:59:06, time: 2.759, data_time: 0.000, memory: 5243, top1_acc: 0.9931, top5_acc: 1.0000, loss_cls: 0.0379, loss: 0.0379
2026-08-24 00:53:17,434 - pyskl - INFO - Epoch [13][3900/5537]	lr: 2.527e-03, eta: 13:54:31, time: 2.754, data_time: 0.000, memory: 5243, top1_acc: 0.9969, top5_acc: 1.0000, loss_cls: 0.0275, loss: 0.0275
2026-08-24 00:57:53,712 - pyskl - INFO - Epoch [13][4000/5537]	lr: 2.501e-03, eta: 13:49:58, time: 2.763, data_time: 0.000, memory: 5243, top1_acc: 0.9944, top5_acc: 1.0000, loss_cls: 0.0300, loss: 0.0300
2026-08-24 01:02:29,142 - pyskl - INFO - Epoch [13][4100/5537]	lr: 2.474e-03, eta: 13:45:23, time: 2.754, data_time: 0.000, memory: 5243, top1_acc: 0.9966, top5_acc: 1.0000, loss_cls: 0.0291, loss: 0.0291
2026-08-24 01:07:04,753 - pyskl - INFO - Epoch [13][4200/5537]	lr: 2.448e-03, eta: 13:40:49, time: 2.756, data_time: 0.000, memory: 5243, top1_acc: 0.9981, top5_acc: 1.0000, loss_cls: 0.0270, loss: 0.0270
2026-08-24 01:11:40,140 - pyskl - INFO - Epoch [13][4300/5537]	lr: 2.421e-03, eta: 13:36:15, time: 2.754, data_time: 0.000, memory: 5243, top1_acc: 0.9981, top5_acc: 1.0000, loss_cls: 0.0214, loss: 0.0214
2026-08-24 01:16:15,708 - pyskl - INFO - Epoch [13][4400/5537]	lr: 2.395e-03, eta: 13:31:41, time: 2.756, data_time: 0.000, memory: 5243, top1_acc: 0.9978, top5_acc: 1.0000, loss_cls: 0.0235, loss: 0.0235
2026-08-24 01:20:50,710 - pyskl - INFO - Epoch [13][4500/5537]	lr: 2.369e-03, eta: 13:27:07, time: 2.750, data_time: 0.000, memory: 5243, top1_acc: 0.9975, top5_acc: 1.0000, loss_cls: 0.0238, loss: 0.0238
2026-08-24 01:25:26,050 - pyskl - INFO - Epoch [13][4600/5537]	lr: 2.343e-03, eta: 13:22:33, time: 2.753, data_time: 0.000, memory: 5243, top1_acc: 0.9962, top5_acc: 1.0000, loss_cls: 0.0281, loss: 0.0281
2026-08-24 01:30:02,083 - pyskl - INFO - Epoch [13][4700/5537]	lr: 2.318e-03, eta: 13:17:59, time: 2.760, data_time: 0.000, memory: 5243, top1_acc: 0.9966, top5_acc: 1.0000, loss_cls: 0.0262, loss: 0.0262
2026-08-24 01:34:38,190 - pyskl - INFO - Epoch [13][4800/5537]	lr: 2.292e-03, eta: 13:13:25, time: 2.761, data_time: 0.000, memory: 5243, top1_acc: 0.9972, top5_acc: 1.0000, loss_cls: 0.0268, loss: 0.0268
2026-08-24 01:39:13,814 - pyskl - INFO - Epoch [13][4900/5537]	lr: 2.266e-03, eta: 13:08:50, time: 2.756, data_time: 0.000, memory: 5243, top1_acc: 0.9966, top5_acc: 1.0000, loss_cls: 0.0265, loss: 0.0265
2026-08-24 01:43:49,767 - pyskl - INFO - Epoch [13][5000/5537]	lr: 2.241e-03, eta: 13:04:16, time: 2.760, data_time: 0.000, memory: 5243, top1_acc: 0.9966, top5_acc: 1.0000, loss_cls: 0.0274, loss: 0.0274
2026-08-24 01:48:26,318 - pyskl - INFO - Epoch [13][5100/5537]	lr: 2.216e-03, eta: 12:59:43, time: 2.766, data_time: 0.000, memory: 5243, top1_acc: 0.9966, top5_acc: 1.0000, loss_cls: 0.0262, loss: 0.0262
2026-08-24 01:53:02,488 - pyskl - INFO - Epoch [13][5200/5537]	lr: 2.191e-03, eta: 12:55:09, time: 2.762, data_time: 0.000, memory: 5243, top1_acc: 0.9975, top5_acc: 1.0000, loss_cls: 0.0248, loss: 0.0248
2026-08-24 01:57:38,701 - pyskl - INFO - Epoch [13][5300/5537]	lr: 2.166e-03, eta: 12:50:35, time: 2.762, data_time: 0.000, memory: 5243, top1_acc: 0.9975, top5_acc: 1.0000, loss_cls: 0.0229, loss: 0.0229
2026-08-24 02:02:15,211 - pyskl - INFO - Epoch [13][5400/5537]	lr: 2.141e-03, eta: 12:46:01, time: 2.765, data_time: 0.000, memory: 5243, top1_acc: 0.9972, top5_acc: 1.0000, loss_cls: 0.0228, loss: 0.0228
2026-08-24 02:06:51,437 - pyskl - INFO - Epoch [13][5500/5537]	lr: 2.116e-03, eta: 12:41:27, time: 2.762, data_time: 0.000, memory: 5243, top1_acc: 0.9975, top5_acc: 1.0000, loss_cls: 0.0244, loss: 0.0244
2026-08-24 02:08:33,290 - pyskl - INFO - Saving checkpoint at 13 epochs
2026-08-24 02:14:16,295 - pyskl - INFO - Evaluating top_k_accuracy ...
2026-08-24 02:14:16,306 - pyskl - INFO - 
top1_acc	0.8810
top5_acc	0.9774
2026-08-24 02:14:16,307 - pyskl - INFO - Epoch(val) [13][146]	top1_acc: 0.8810, top5_acc: 0.9774
2026-08-24 02:19:00,109 - pyskl - INFO - Epoch [14][100/5537]	lr: 2.082e-03, eta: 12:34:49, time: 2.838, data_time: 0.079, memory: 5243, top1_acc: 0.9988, top5_acc: 1.0000, loss_cls: 0.0220, loss: 0.0220
2026-08-24 02:23:36,248 - pyskl - INFO - Epoch [14][200/5537]	lr: 2.058e-03, eta: 12:30:16, time: 2.761, data_time: 0.000, memory: 5243, top1_acc: 0.9972, top5_acc: 1.0000, loss_cls: 0.0258, loss: 0.0258
2026-08-24 02:28:12,187 - pyskl - INFO - Epoch [14][300/5537]	lr: 2.034e-03, eta: 12:25:42, time: 2.759, data_time: 0.000, memory: 5243, top1_acc: 0.9966, top5_acc: 1.0000, loss_cls: 0.0232, loss: 0.0232
2026-08-24 02:32:47,998 - pyskl - INFO - Epoch [14][400/5537]	lr: 2.009e-03, eta: 12:21:08, time: 2.758, data_time: 0.000, memory: 5243, top1_acc: 0.9984, top5_acc: 1.0000, loss_cls: 0.0243, loss: 0.0243
2026-08-24 02:37:24,213 - pyskl - INFO - Epoch [14][500/5537]	lr: 1.985e-03, eta: 12:16:34, time: 2.762, data_time: 0.000, memory: 5243, top1_acc: 0.9981, top5_acc: 1.0000, loss_cls: 0.0195, loss: 0.0195
2026-08-24 02:42:00,096 - pyskl - INFO - Epoch [14][600/5537]	lr: 1.961e-03, eta: 12:12:00, time: 2.759, data_time: 0.000, memory: 5243, top1_acc: 0.9975, top5_acc: 1.0000, loss_cls: 0.0198, loss: 0.0198
2026-08-24 02:46:35,651 - pyskl - INFO - Epoch [14][700/5537]	lr: 1.938e-03, eta: 12:07:26, time: 2.756, data_time: 0.000, memory: 5243, top1_acc: 0.9972, top5_acc: 1.0000, loss_cls: 0.0201, loss: 0.0201
2026-08-24 02:51:11,355 - pyskl - INFO - Epoch [14][800/5537]	lr: 1.914e-03, eta: 12:02:52, time: 2.757, data_time: 0.000, memory: 5243, top1_acc: 0.9978, top5_acc: 1.0000, loss_cls: 0.0204, loss: 0.0204
2026-08-24 02:55:47,516 - pyskl - INFO - Epoch [14][900/5537]	lr: 1.891e-03, eta: 11:58:18, time: 2.762, data_time: 0.000, memory: 5243, top1_acc: 0.9994, top5_acc: 1.0000, loss_cls: 0.0195, loss: 0.0195
2026-08-24 03:00:22,817 - pyskl - INFO - Epoch [14][1000/5537]	lr: 1.867e-03, eta: 11:53:44, time: 2.753, data_time: 0.000, memory: 5243, top1_acc: 0.9981, top5_acc: 1.0000, loss_cls: 0.0194, loss: 0.0194
2026-08-24 03:04:57,374 - pyskl - INFO - Epoch [14][1100/5537]	lr: 1.844e-03, eta: 11:49:09, time: 2.746, data_time: 0.000, memory: 5243, top1_acc: 0.9972, top5_acc: 1.0000, loss_cls: 0.0223, loss: 0.0223
2026-08-24 03:09:32,059 - pyskl - INFO - Epoch [14][1200/5537]	lr: 1.821e-03, eta: 11:44:35, time: 2.747, data_time: 0.000, memory: 5243, top1_acc: 0.9972, top5_acc: 1.0000, loss_cls: 0.0208, loss: 0.0208
2026-08-24 03:14:06,515 - pyskl - INFO - Epoch [14][1300/5537]	lr: 1.798e-03, eta: 11:40:01, time: 2.745, data_time: 0.000, memory: 5243, top1_acc: 0.9991, top5_acc: 1.0000, loss_cls: 0.0183, loss: 0.0183
2026-08-24 03:18:41,289 - pyskl - INFO - Epoch [14][1400/5537]	lr: 1.775e-03, eta: 11:35:27, time: 2.748, data_time: 0.000, memory: 5243, top1_acc: 0.9984, top5_acc: 1.0000, loss_cls: 0.0212, loss: 0.0212
2026-08-24 03:23:15,702 - pyskl - INFO - Epoch [14][1500/5537]	lr: 1.752e-03, eta: 11:30:52, time: 2.744, data_time: 0.000, memory: 5243, top1_acc: 0.9988, top5_acc: 1.0000, loss_cls: 0.0206, loss: 0.0206
2026-08-24 03:27:50,261 - pyskl - INFO - Epoch [14][1600/5537]	lr: 1.730e-03, eta: 11:26:18, time: 2.746, data_time: 0.000, memory: 5243, top1_acc: 0.9984, top5_acc: 1.0000, loss_cls: 0.0206, loss: 0.0206
2026-08-24 03:32:25,167 - pyskl - INFO - Epoch [14][1700/5537]	lr: 1.707e-03, eta: 11:21:44, time: 2.749, data_time: 0.000, memory: 5243, top1_acc: 0.9991, top5_acc: 1.0000, loss_cls: 0.0195, loss: 0.0195
2026-08-24 03:37:00,113 - pyskl - INFO - Epoch [14][1800/5537]	lr: 1.685e-03, eta: 11:17:10, time: 2.749, data_time: 0.000, memory: 5243, top1_acc: 0.9988, top5_acc: 1.0000, loss_cls: 0.0170, loss: 0.0170
2026-08-24 03:41:35,204 - pyskl - INFO - Epoch [14][1900/5537]	lr: 1.663e-03, eta: 11:12:36, time: 2.751, data_time: 0.000, memory: 5243, top1_acc: 0.9975, top5_acc: 1.0000, loss_cls: 0.0215, loss: 0.0215
2026-08-24 03:46:09,702 - pyskl - INFO - Epoch [14][2000/5537]	lr: 1.641e-03, eta: 11:08:01, time: 2.745, data_time: 0.000, memory: 5243, top1_acc: 0.9994, top5_acc: 1.0000, loss_cls: 0.0188, loss: 0.0188
2026-08-24 03:50:44,896 - pyskl - INFO - Epoch [14][2100/5537]	lr: 1.619e-03, eta: 11:03:27, time: 2.752, data_time: 0.000, memory: 5243, top1_acc: 0.9988, top5_acc: 1.0000, loss_cls: 0.0178, loss: 0.0178
2026-08-24 03:55:20,088 - pyskl - INFO - Epoch [14][2200/5537]	lr: 1.597e-03, eta: 10:58:53, time: 2.752, data_time: 0.000, memory: 5243, top1_acc: 0.9988, top5_acc: 1.0000, loss_cls: 0.0190, loss: 0.0190
2026-08-24 03:59:55,301 - pyskl - INFO - Epoch [14][2300/5537]	lr: 1.576e-03, eta: 10:54:19, time: 2.752, data_time: 0.000, memory: 5243, top1_acc: 0.9988, top5_acc: 1.0000, loss_cls: 0.0185, loss: 0.0185
2026-08-24 04:04:31,182 - pyskl - INFO - Epoch [14][2400/5537]	lr: 1.554e-03, eta: 10:49:45, time: 2.759, data_time: 0.000, memory: 5243, top1_acc: 0.9991, top5_acc: 1.0000, loss_cls: 0.0189, loss: 0.0189
2026-08-24 04:09:06,107 - pyskl - INFO - Epoch [14][2500/5537]	lr: 1.533e-03, eta: 10:45:11, time: 2.749, data_time: 0.000, memory: 5243, top1_acc: 0.9991, top5_acc: 1.0000, loss_cls: 0.0166, loss: 0.0166
2026-08-24 04:13:41,514 - pyskl - INFO - Epoch [14][2600/5537]	lr: 1.512e-03, eta: 10:40:36, time: 2.754, data_time: 0.000, memory: 5243, top1_acc: 0.9981, top5_acc: 1.0000, loss_cls: 0.0197, loss: 0.0197
2026-08-24 04:18:16,890 - pyskl - INFO - Epoch [14][2700/5537]	lr: 1.491e-03, eta: 10:36:02, time: 2.754, data_time: 0.000, memory: 5243, top1_acc: 0.9994, top5_acc: 1.0000, loss_cls: 0.0157, loss: 0.0157
2026-08-24 04:22:52,397 - pyskl - INFO - Epoch [14][2800/5537]	lr: 1.470e-03, eta: 10:31:28, time: 2.755, data_time: 0.000, memory: 5243, top1_acc: 0.9991, top5_acc: 1.0000, loss_cls: 0.0174, loss: 0.0174
2026-08-24 04:27:27,738 - pyskl - INFO - Epoch [14][2900/5537]	lr: 1.449e-03, eta: 10:26:54, time: 2.753, data_time: 0.000, memory: 5243, top1_acc: 0.9984, top5_acc: 1.0000, loss_cls: 0.0147, loss: 0.0147
2026-08-24 04:32:04,167 - pyskl - INFO - Epoch [14][3000/5537]	lr: 1.428e-03, eta: 10:22:20, time: 2.764, data_time: 0.000, memory: 5243, top1_acc: 0.9984, top5_acc: 1.0000, loss_cls: 0.0185, loss: 0.0185
2026-08-24 04:36:39,227 - pyskl - INFO - Epoch [14][3100/5537]	lr: 1.408e-03, eta: 10:17:46, time: 2.751, data_time: 0.000, memory: 5243, top1_acc: 0.9972, top5_acc: 1.0000, loss_cls: 0.0191, loss: 0.0191
2026-08-24 04:41:14,261 - pyskl - INFO - Epoch [14][3200/5537]	lr: 1.387e-03, eta: 10:13:12, time: 2.750, data_time: 0.000, memory: 5243, top1_acc: 0.9994, top5_acc: 1.0000, loss_cls: 0.0158, loss: 0.0158
2026-08-24 04:45:48,680 - pyskl - INFO - Epoch [14][3300/5537]	lr: 1.367e-03, eta: 10:08:37, time: 2.744, data_time: 0.000, memory: 5243, top1_acc: 0.9975, top5_acc: 1.0000, loss_cls: 0.0194, loss: 0.0194
2026-08-24 04:50:26,905 - pyskl - INFO - Epoch [14][3400/5537]	lr: 1.347e-03, eta: 10:04:04, time: 2.782, data_time: 0.000, memory: 5243, top1_acc: 0.9994, top5_acc: 1.0000, loss_cls: 0.0174, loss: 0.0174
2026-08-24 04:55:02,690 - pyskl - INFO - Epoch [14][3500/5537]	lr: 1.327e-03, eta: 9:59:30, time: 2.758, data_time: 0.000, memory: 5243, top1_acc: 0.9991, top5_acc: 1.0000, loss_cls: 0.0170, loss: 0.0170
2026-08-24 04:59:38,149 - pyskl - INFO - Epoch [14][3600/5537]	lr: 1.307e-03, eta: 9:54:55, time: 2.755, data_time: 0.000, memory: 5243, top1_acc: 0.9997, top5_acc: 1.0000, loss_cls: 0.0160, loss: 0.0160
2026-08-24 05:04:13,556 - pyskl - INFO - Epoch [14][3700/5537]	lr: 1.288e-03, eta: 9:50:21, time: 2.754, data_time: 0.000, memory: 5243, top1_acc: 0.9988, top5_acc: 1.0000, loss_cls: 0.0163, loss: 0.0163
2026-08-24 05:08:48,391 - pyskl - INFO - Epoch [14][3800/5537]	lr: 1.268e-03, eta: 9:45:47, time: 2.748, data_time: 0.000, memory: 5243, top1_acc: 0.9988, top5_acc: 1.0000, loss_cls: 0.0171, loss: 0.0171
2026-08-24 05:13:23,080 - pyskl - INFO - Epoch [14][3900/5537]	lr: 1.249e-03, eta: 9:41:13, time: 2.747, data_time: 0.000, memory: 5243, top1_acc: 0.9994, top5_acc: 1.0000, loss_cls: 0.0169, loss: 0.0169
2026-08-24 05:17:57,744 - pyskl - INFO - Epoch [14][4000/5537]	lr: 1.229e-03, eta: 9:36:38, time: 2.747, data_time: 0.000, memory: 5243, top1_acc: 0.9981, top5_acc: 1.0000, loss_cls: 0.0169, loss: 0.0169
2026-08-24 05:22:32,338 - pyskl - INFO - Epoch [14][4100/5537]	lr: 1.210e-03, eta: 9:32:04, time: 2.746, data_time: 0.000, memory: 5243, top1_acc: 0.9978, top5_acc: 1.0000, loss_cls: 0.0189, loss: 0.0189
2026-08-24 05:27:06,913 - pyskl - INFO - Epoch [14][4200/5537]	lr: 1.191e-03, eta: 9:27:30, time: 2.746, data_time: 0.000, memory: 5243, top1_acc: 0.9978, top5_acc: 1.0000, loss_cls: 0.0174, loss: 0.0174
2026-08-24 05:31:42,092 - pyskl - INFO - Epoch [14][4300/5537]	lr: 1.173e-03, eta: 9:22:55, time: 2.752, data_time: 0.000, memory: 5243, top1_acc: 0.9984, top5_acc: 1.0000, loss_cls: 0.0174, loss: 0.0174
2026-08-24 05:36:17,624 - pyskl - INFO - Epoch [14][4400/5537]	lr: 1.154e-03, eta: 9:18:21, time: 2.755, data_time: 0.000, memory: 5243, top1_acc: 0.9978, top5_acc: 1.0000, loss_cls: 0.0174, loss: 0.0174
2026-08-24 05:40:52,803 - pyskl - INFO - Epoch [14][4500/5537]	lr: 1.135e-03, eta: 9:13:47, time: 2.752, data_time: 0.000, memory: 5243, top1_acc: 0.9988, top5_acc: 1.0000, loss_cls: 0.0189, loss: 0.0189
2026-08-24 05:45:27,481 - pyskl - INFO - Epoch [14][4600/5537]	lr: 1.117e-03, eta: 9:09:13, time: 2.747, data_time: 0.000, memory: 5243, top1_acc: 0.9994, top5_acc: 1.0000, loss_cls: 0.0145, loss: 0.0145
2026-08-24 05:50:01,987 - pyskl - INFO - Epoch [14][4700/5537]	lr: 1.099e-03, eta: 9:04:38, time: 2.745, data_time: 0.000, memory: 5243, top1_acc: 0.9991, top5_acc: 1.0000, loss_cls: 0.0169, loss: 0.0169
2026-08-24 05:54:36,710 - pyskl - INFO - Epoch [14][4800/5537]	lr: 1.081e-03, eta: 9:00:04, time: 2.747, data_time: 0.000, memory: 5243, top1_acc: 0.9991, top5_acc: 1.0000, loss_cls: 0.0162, loss: 0.0162
2026-08-24 05:59:11,446 - pyskl - INFO - Epoch [14][4900/5537]	lr: 1.063e-03, eta: 8:55:30, time: 2.747, data_time: 0.000, memory: 5243, top1_acc: 0.9994, top5_acc: 1.0000, loss_cls: 0.0159, loss: 0.0159
2026-08-24 06:03:46,558 - pyskl - INFO - Epoch [14][5000/5537]	lr: 1.045e-03, eta: 8:50:56, time: 2.751, data_time: 0.000, memory: 5243, top1_acc: 0.9988, top5_acc: 1.0000, loss_cls: 0.0159, loss: 0.0159
2026-08-24 06:08:21,075 - pyskl - INFO - Epoch [14][5100/5537]	lr: 1.027e-03, eta: 8:46:21, time: 2.745, data_time: 0.000, memory: 5243, top1_acc: 0.9997, top5_acc: 1.0000, loss_cls: 0.0150, loss: 0.0150
2026-08-24 06:12:55,509 - pyskl - INFO - Epoch [14][5200/5537]	lr: 1.010e-03, eta: 8:41:47, time: 2.744, data_time: 0.000, memory: 5243, top1_acc: 0.9994, top5_acc: 1.0000, loss_cls: 0.0160, loss: 0.0160
2026-08-24 06:17:30,570 - pyskl - INFO - Epoch [14][5300/5537]	lr: 9.923e-04, eta: 8:37:13, time: 2.751, data_time: 0.000, memory: 5243, top1_acc: 0.9984, top5_acc: 1.0000, loss_cls: 0.0150, loss: 0.0150
2026-08-24 06:22:05,208 - pyskl - INFO - Epoch [14][5400/5537]	lr: 9.751e-04, eta: 8:32:38, time: 2.746, data_time: 0.000, memory: 5243, top1_acc: 0.9994, top5_acc: 1.0000, loss_cls: 0.0165, loss: 0.0165
2026-08-24 06:26:39,904 - pyskl - INFO - Epoch [14][5500/5537]	lr: 9.580e-04, eta: 8:28:04, time: 2.747, data_time: 0.000, memory: 5243, top1_acc: 0.9988, top5_acc: 1.0000, loss_cls: 0.0155, loss: 0.0155
2026-08-24 06:28:21,802 - pyskl - INFO - Saving checkpoint at 14 epochs
2026-08-24 06:34:02,241 - pyskl - INFO - Evaluating top_k_accuracy ...
2026-08-24 06:34:02,253 - pyskl - INFO - 
top1_acc	0.8889
top5_acc	0.9785
2026-08-24 06:34:02,254 - pyskl - INFO - The previous best checkpoint D:\YxjProject\pythonProject\pyskl\work_dirs\aug_baseline\stgcnpp_j\train\A1_joint_missing\best_top1_acc_epoch_12.pth was removed
2026-08-24 06:34:02,327 - pyskl - INFO - Now best checkpoint is saved as best_top1_acc_epoch_14.pth.
2026-08-24 06:34:02,327 - pyskl - INFO - Best top1_acc is 0.8889 at 14 epoch.
2026-08-24 06:34:02,328 - pyskl - INFO - Epoch(val) [14][146]	top1_acc: 0.8889, top5_acc: 0.9785
2026-08-24 06:38:45,505 - pyskl - INFO - Epoch [15][100/5537]	lr: 9.348e-04, eta: 8:21:35, time: 2.832, data_time: 0.077, memory: 5243, top1_acc: 0.9991, top5_acc: 1.0000, loss_cls: 0.0150, loss: 0.0150
2026-08-24 06:43:20,477 - pyskl - INFO - Epoch [15][200/5537]	lr: 9.180e-04, eta: 8:17:01, time: 2.750, data_time: 0.000, memory: 5243, top1_acc: 0.9988, top5_acc: 1.0000, loss_cls: 0.0134, loss: 0.0134
2026-08-24 06:47:55,110 - pyskl - INFO - Epoch [15][300/5537]	lr: 9.014e-04, eta: 8:12:27, time: 2.746, data_time: 0.000, memory: 5243, top1_acc: 0.9984, top5_acc: 1.0000, loss_cls: 0.0157, loss: 0.0157
2026-08-24 06:52:29,994 - pyskl - INFO - Epoch [15][400/5537]	lr: 8.850e-04, eta: 8:07:53, time: 2.749, data_time: 0.000, memory: 5243, top1_acc: 0.9994, top5_acc: 1.0000, loss_cls: 0.0149, loss: 0.0149
2026-08-24 06:57:05,384 - pyskl - INFO - Epoch [15][500/5537]	lr: 8.687e-04, eta: 8:03:18, time: 2.754, data_time: 0.000, memory: 5243, top1_acc: 0.9984, top5_acc: 1.0000, loss_cls: 0.0170, loss: 0.0170
2026-08-24 07:01:40,241 - pyskl - INFO - Epoch [15][600/5537]	lr: 8.525e-04, eta: 7:58:44, time: 2.749, data_time: 0.000, memory: 5243, top1_acc: 0.9991, top5_acc: 1.0000, loss_cls: 0.0159, loss: 0.0159
2026-08-24 07:06:14,441 - pyskl - INFO - Epoch [15][700/5537]	lr: 8.365e-04, eta: 7:54:10, time: 2.742, data_time: 0.000, memory: 5243, top1_acc: 0.9997, top5_acc: 1.0000, loss_cls: 0.0155, loss: 0.0155
2026-08-24 07:10:48,004 - pyskl - INFO - Epoch [15][800/5537]	lr: 8.206e-04, eta: 7:49:36, time: 2.736, data_time: 0.000, memory: 5243, top1_acc: 0.9988, top5_acc: 1.0000, loss_cls: 0.0141, loss: 0.0141
2026-08-24 07:15:21,788 - pyskl - INFO - Epoch [15][900/5537]	lr: 8.049e-04, eta: 7:45:01, time: 2.738, data_time: 0.000, memory: 5243, top1_acc: 1.0000, top5_acc: 1.0000, loss_cls: 0.0130, loss: 0.0130
2026-08-24 07:19:55,341 - pyskl - INFO - Epoch [15][1000/5537]	lr: 7.893e-04, eta: 7:40:27, time: 2.736, data_time: 0.000, memory: 5243, top1_acc: 0.9994, top5_acc: 1.0000, loss_cls: 0.0138, loss: 0.0138
2026-08-24 07:24:29,284 - pyskl - INFO - Epoch [15][1100/5537]	lr: 7.739e-04, eta: 7:35:53, time: 2.739, data_time: 0.000, memory: 5243, top1_acc: 0.9991, top5_acc: 1.0000, loss_cls: 0.0165, loss: 0.0165
2026-08-24 07:29:03,556 - pyskl - INFO - Epoch [15][1200/5537]	lr: 7.586e-04, eta: 7:31:18, time: 2.743, data_time: 0.000, memory: 5243, top1_acc: 0.9997, top5_acc: 1.0000, loss_cls: 0.0149, loss: 0.0149
2026-08-24 07:33:37,855 - pyskl - INFO - Epoch [15][1300/5537]	lr: 7.435e-04, eta: 7:26:44, time: 2.743, data_time: 0.000, memory: 5243, top1_acc: 1.0000, top5_acc: 1.0000, loss_cls: 0.0139, loss: 0.0139
2026-08-24 07:38:12,616 - pyskl - INFO - Epoch [15][1400/5537]	lr: 7.285e-04, eta: 7:22:10, time: 2.748, data_time: 0.000, memory: 5243, top1_acc: 0.9994, top5_acc: 1.0000, loss_cls: 0.0134, loss: 0.0134
2026-08-24 07:42:47,041 - pyskl - INFO - Epoch [15][1500/5537]	lr: 7.137e-04, eta: 7:17:36, time: 2.744, data_time: 0.000, memory: 5243, top1_acc: 0.9988, top5_acc: 1.0000, loss_cls: 0.0145, loss: 0.0145
2026-08-24 07:47:23,003 - pyskl - INFO - Epoch [15][1600/5537]	lr: 6.990e-04, eta: 7:13:02, time: 2.760, data_time: 0.000, memory: 5243, top1_acc: 0.9991, top5_acc: 1.0000, loss_cls: 0.0143, loss: 0.0143
2026-08-24 07:51:59,070 - pyskl - INFO - Epoch [15][1700/5537]	lr: 6.844e-04, eta: 7:08:28, time: 2.761, data_time: 0.000, memory: 5243, top1_acc: 0.9994, top5_acc: 1.0000, loss_cls: 0.0127, loss: 0.0127
2026-08-24 07:56:33,125 - pyskl - INFO - Epoch [15][1800/5537]	lr: 6.700e-04, eta: 7:03:53, time: 2.741, data_time: 0.000, memory: 5243, top1_acc: 0.9994, top5_acc: 1.0000, loss_cls: 0.0148, loss: 0.0148
2026-08-24 08:01:07,072 - pyskl - INFO - Epoch [15][1900/5537]	lr: 6.558e-04, eta: 6:59:19, time: 2.739, data_time: 0.000, memory: 5243, top1_acc: 0.9997, top5_acc: 1.0000, loss_cls: 0.0156, loss: 0.0156
2026-08-24 08:05:41,121 - pyskl - INFO - Epoch [15][2000/5537]	lr: 6.417e-04, eta: 6:54:45, time: 2.741, data_time: 0.000, memory: 5243, top1_acc: 0.9994, top5_acc: 1.0000, loss_cls: 0.0139, loss: 0.0139
2026-08-24 08:10:15,465 - pyskl - INFO - Epoch [15][2100/5537]	lr: 6.278e-04, eta: 6:50:11, time: 2.743, data_time: 0.000, memory: 5243, top1_acc: 0.9991, top5_acc: 1.0000, loss_cls: 0.0137, loss: 0.0137
2026-08-24 08:14:50,137 - pyskl - INFO - Epoch [15][2200/5537]	lr: 6.140e-04, eta: 6:45:36, time: 2.747, data_time: 0.000, memory: 5243, top1_acc: 1.0000, top5_acc: 1.0000, loss_cls: 0.0126, loss: 0.0126
2026-08-24 08:19:24,538 - pyskl - INFO - Epoch [15][2300/5537]	lr: 6.003e-04, eta: 6:41:02, time: 2.744, data_time: 0.000, memory: 5243, top1_acc: 0.9991, top5_acc: 1.0000, loss_cls: 0.0142, loss: 0.0142
2026-08-24 08:23:59,007 - pyskl - INFO - Epoch [15][2400/5537]	lr: 5.868e-04, eta: 6:36:28, time: 2.745, data_time: 0.000, memory: 5243, top1_acc: 0.9994, top5_acc: 1.0000, loss_cls: 0.0140, loss: 0.0140
2026-08-24 08:28:33,445 - pyskl - INFO - Epoch [15][2500/5537]	lr: 5.735e-04, eta: 6:31:54, time: 2.744, data_time: 0.000, memory: 5243, top1_acc: 0.9991, top5_acc: 1.0000, loss_cls: 0.0147, loss: 0.0147
2026-08-24 08:33:07,107 - pyskl - INFO - Epoch [15][2600/5537]	lr: 5.603e-04, eta: 6:27:19, time: 2.737, data_time: 0.000, memory: 5243, top1_acc: 0.9991, top5_acc: 1.0000, loss_cls: 0.0138, loss: 0.0138
2026-08-24 08:37:40,784 - pyskl - INFO - Epoch [15][2700/5537]	lr: 5.472e-04, eta: 6:22:45, time: 2.737, data_time: 0.000, memory: 5243, top1_acc: 1.0000, top5_acc: 1.0000, loss_cls: 0.0137, loss: 0.0137
2026-08-24 08:42:14,666 - pyskl - INFO - Epoch [15][2800/5537]	lr: 5.343e-04, eta: 6:18:11, time: 2.739, data_time: 0.000, memory: 5243, top1_acc: 0.9994, top5_acc: 1.0000, loss_cls: 0.0150, loss: 0.0150
2026-08-24 08:46:48,743 - pyskl - INFO - Epoch [15][2900/5537]	lr: 5.216e-04, eta: 6:13:37, time: 2.741, data_time: 0.000, memory: 5243, top1_acc: 0.9994, top5_acc: 1.0000, loss_cls: 0.0133, loss: 0.0133
2026-08-24 08:51:22,709 - pyskl - INFO - Epoch [15][3000/5537]	lr: 5.090e-04, eta: 6:09:02, time: 2.740, data_time: 0.000, memory: 5243, top1_acc: 1.0000, top5_acc: 1.0000, loss_cls: 0.0137, loss: 0.0137
2026-08-24 08:55:56,792 - pyskl - INFO - Epoch [15][3100/5537]	lr: 4.965e-04, eta: 6:04:28, time: 2.741, data_time: 0.000, memory: 5243, top1_acc: 0.9991, top5_acc: 1.0000, loss_cls: 0.0146, loss: 0.0146
2026-08-24 09:00:30,610 - pyskl - INFO - Epoch [15][3200/5537]	lr: 4.842e-04, eta: 5:59:54, time: 2.738, data_time: 0.000, memory: 5243, top1_acc: 0.9997, top5_acc: 1.0000, loss_cls: 0.0141, loss: 0.0141
2026-08-24 09:05:04,164 - pyskl - INFO - Epoch [15][3300/5537]	lr: 4.721e-04, eta: 5:55:19, time: 2.736, data_time: 0.000, memory: 5243, top1_acc: 0.9988, top5_acc: 1.0000, loss_cls: 0.0136, loss: 0.0136
2026-08-24 09:09:38,396 - pyskl - INFO - Epoch [15][3400/5537]	lr: 4.601e-04, eta: 5:50:45, time: 2.742, data_time: 0.000, memory: 5243, top1_acc: 0.9997, top5_acc: 1.0000, loss_cls: 0.0134, loss: 0.0134
2026-08-24 09:14:11,911 - pyskl - INFO - Epoch [15][3500/5537]	lr: 4.483e-04, eta: 5:46:11, time: 2.735, data_time: 0.000, memory: 5243, top1_acc: 0.9994, top5_acc: 1.0000, loss_cls: 0.0138, loss: 0.0138
2026-08-24 09:18:45,561 - pyskl - INFO - Epoch [15][3600/5537]	lr: 4.366e-04, eta: 5:41:37, time: 2.737, data_time: 0.000, memory: 5243, top1_acc: 0.9994, top5_acc: 1.0000, loss_cls: 0.0141, loss: 0.0141
2026-08-24 09:23:18,948 - pyskl - INFO - Epoch [15][3700/5537]	lr: 4.250e-04, eta: 5:37:02, time: 2.734, data_time: 0.000, memory: 5243, top1_acc: 0.9994, top5_acc: 1.0000, loss_cls: 0.0136, loss: 0.0136
2026-08-24 09:27:52,733 - pyskl - INFO - Epoch [15][3800/5537]	lr: 4.137e-04, eta: 5:32:28, time: 2.738, data_time: 0.000, memory: 5243, top1_acc: 0.9997, top5_acc: 1.0000, loss_cls: 0.0134, loss: 0.0134
2026-08-24 09:32:26,694 - pyskl - INFO - Epoch [15][3900/5537]	lr: 4.024e-04, eta: 5:27:54, time: 2.740, data_time: 0.000, memory: 5243, top1_acc: 0.9997, top5_acc: 1.0000, loss_cls: 0.0138, loss: 0.0138
2026-08-24 09:37:00,129 - pyskl - INFO - Epoch [15][4000/5537]	lr: 3.913e-04, eta: 5:23:19, time: 2.734, data_time: 0.000, memory: 5243, top1_acc: 0.9994, top5_acc: 1.0000, loss_cls: 0.0129, loss: 0.0129
2026-08-24 09:41:33,693 - pyskl - INFO - Epoch [15][4100/5537]	lr: 3.804e-04, eta: 5:18:45, time: 2.736, data_time: 0.000, memory: 5243, top1_acc: 1.0000, top5_acc: 1.0000, loss_cls: 0.0114, loss: 0.0114
2026-08-24 09:46:07,528 - pyskl - INFO - Epoch [15][4200/5537]	lr: 3.696e-04, eta: 5:14:11, time: 2.738, data_time: 0.000, memory: 5243, top1_acc: 0.9997, top5_acc: 1.0000, loss_cls: 0.0135, loss: 0.0135
2026-08-24 09:50:41,918 - pyskl - INFO - Epoch [15][4300/5537]	lr: 3.590e-04, eta: 5:09:37, time: 2.744, data_time: 0.000, memory: 5243, top1_acc: 0.9997, top5_acc: 1.0000, loss_cls: 0.0129, loss: 0.0129
2026-08-24 09:55:16,193 - pyskl - INFO - Epoch [15][4400/5537]	lr: 3.485e-04, eta: 5:05:02, time: 2.743, data_time: 0.000, memory: 5243, top1_acc: 0.9994, top5_acc: 1.0000, loss_cls: 0.0142, loss: 0.0142
2026-08-24 09:59:50,952 - pyskl - INFO - Epoch [15][4500/5537]	lr: 3.382e-04, eta: 5:00:28, time: 2.748, data_time: 0.000, memory: 5243, top1_acc: 1.0000, top5_acc: 1.0000, loss_cls: 0.0124, loss: 0.0124
2026-08-24 10:04:26,792 - pyskl - INFO - Epoch [15][4600/5537]	lr: 3.281e-04, eta: 4:55:54, time: 2.758, data_time: 0.000, memory: 5243, top1_acc: 1.0000, top5_acc: 1.0000, loss_cls: 0.0137, loss: 0.0137
2026-08-24 10:09:01,232 - pyskl - INFO - Epoch [15][4700/5537]	lr: 3.181e-04, eta: 4:51:20, time: 2.744, data_time: 0.000, memory: 5243, top1_acc: 0.9994, top5_acc: 1.0000, loss_cls: 0.0141, loss: 0.0141
2026-08-24 10:13:34,229 - pyskl - INFO - Epoch [15][4800/5537]	lr: 3.082e-04, eta: 4:46:45, time: 2.730, data_time: 0.000, memory: 5243, top1_acc: 0.9994, top5_acc: 1.0000, loss_cls: 0.0129, loss: 0.0129
2026-08-24 10:18:08,757 - pyskl - INFO - Epoch [15][4900/5537]	lr: 2.985e-04, eta: 4:42:11, time: 2.745, data_time: 0.000, memory: 5243, top1_acc: 0.9997, top5_acc: 1.0000, loss_cls: 0.0137, loss: 0.0137
2026-08-24 10:22:43,004 - pyskl - INFO - Epoch [15][5000/5537]	lr: 2.889e-04, eta: 4:37:37, time: 2.742, data_time: 0.000, memory: 5243, top1_acc: 0.9994, top5_acc: 1.0000, loss_cls: 0.0136, loss: 0.0136
2026-08-24 10:27:22,256 - pyskl - INFO - Epoch [15][5100/5537]	lr: 2.795e-04, eta: 4:33:03, time: 2.793, data_time: 0.000, memory: 5243, top1_acc: 0.9997, top5_acc: 1.0000, loss_cls: 0.0122, loss: 0.0122
2026-08-24 10:31:54,476 - pyskl - INFO - Epoch [15][5200/5537]	lr: 2.703e-04, eta: 4:28:29, time: 2.722, data_time: 0.000, memory: 5243, top1_acc: 0.9991, top5_acc: 1.0000, loss_cls: 0.0140, loss: 0.0140
2026-08-24 10:36:27,377 - pyskl - INFO - Epoch [15][5300/5537]	lr: 2.612e-04, eta: 4:23:54, time: 2.729, data_time: 0.000, memory: 5243, top1_acc: 0.9997, top5_acc: 1.0000, loss_cls: 0.0123, loss: 0.0123
2026-08-24 10:41:00,387 - pyskl - INFO - Epoch [15][5400/5537]	lr: 2.523e-04, eta: 4:19:20, time: 2.730, data_time: 0.000, memory: 5243, top1_acc: 0.9994, top5_acc: 1.0000, loss_cls: 0.0128, loss: 0.0128
2026-08-24 10:45:33,444 - pyskl - INFO - Epoch [15][5500/5537]	lr: 2.435e-04, eta: 4:14:46, time: 2.731, data_time: 0.000, memory: 5243, top1_acc: 0.9997, top5_acc: 1.0000, loss_cls: 0.0132, loss: 0.0132
2026-08-24 10:47:14,426 - pyskl - INFO - Saving checkpoint at 15 epochs
2026-08-24 10:53:07,607 - pyskl - INFO - Evaluating top_k_accuracy ...
2026-08-24 10:53:07,619 - pyskl - INFO - 
top1_acc	0.8866
top5_acc	0.9798
2026-08-24 10:53:07,619 - pyskl - INFO - Epoch(val) [15][146]	top1_acc: 0.8866, top5_acc: 0.9798
2026-08-24 10:57:50,446 - pyskl - INFO - Epoch [16][100/5537]	lr: 2.317e-04, eta: 4:08:24, time: 2.828, data_time: 0.077, memory: 5243, top1_acc: 0.9994, top5_acc: 1.0000, loss_cls: 0.0133, loss: 0.0133
2026-08-24 11:02:24,286 - pyskl - INFO - Epoch [16][200/5537]	lr: 2.233e-04, eta: 4:03:50, time: 2.738, data_time: 0.000, memory: 5243, top1_acc: 0.9994, top5_acc: 1.0000, loss_cls: 0.0132, loss: 0.0132
2026-08-24 11:06:56,197 - pyskl - INFO - Epoch [16][300/5537]	lr: 2.150e-04, eta: 3:59:16, time: 2.719, data_time: 0.000, memory: 5243, top1_acc: 0.9991, top5_acc: 1.0000, loss_cls: 0.0132, loss: 0.0132
2026-08-24 11:11:29,080 - pyskl - INFO - Epoch [16][400/5537]	lr: 2.069e-04, eta: 3:54:41, time: 2.729, data_time: 0.000, memory: 5243, top1_acc: 0.9997, top5_acc: 1.0000, loss_cls: 0.0138, loss: 0.0138
2026-08-24 11:16:01,414 - pyskl - INFO - Epoch [16][500/5537]	lr: 1.990e-04, eta: 3:50:07, time: 2.723, data_time: 0.000, memory: 5243, top1_acc: 0.9997, top5_acc: 1.0000, loss_cls: 0.0138, loss: 0.0138
2026-08-24 11:20:33,868 - pyskl - INFO - Epoch [16][600/5537]	lr: 1.912e-04, eta: 3:45:33, time: 2.725, data_time: 0.000, memory: 5243, top1_acc: 0.9991, top5_acc: 1.0000, loss_cls: 0.0137, loss: 0.0137
2026-08-24 11:25:06,935 - pyskl - INFO - Epoch [16][700/5537]	lr: 1.835e-04, eta: 3:40:59, time: 2.731, data_time: 0.000, memory: 5243, top1_acc: 0.9997, top5_acc: 1.0000, loss_cls: 0.0113, loss: 0.0113
2026-08-24 11:29:40,953 - pyskl - INFO - Epoch [16][800/5537]	lr: 1.760e-04, eta: 3:36:25, time: 2.740, data_time: 0.000, memory: 5243, top1_acc: 0.9997, top5_acc: 1.0000, loss_cls: 0.0113, loss: 0.0113
2026-08-24 11:34:15,860 - pyskl - INFO - Epoch [16][900/5537]	lr: 1.687e-04, eta: 3:31:51, time: 2.749, data_time: 0.000, memory: 5243, top1_acc: 0.9991, top5_acc: 1.0000, loss_cls: 0.0132, loss: 0.0132
2026-08-24 11:38:50,866 - pyskl - INFO - Epoch [16][1000/5537]	lr: 1.615e-04, eta: 3:27:16, time: 2.750, data_time: 0.000, memory: 5243, top1_acc: 0.9994, top5_acc: 1.0000, loss_cls: 0.0132, loss: 0.0132
2026-08-24 11:43:26,314 - pyskl - INFO - Epoch [16][1100/5537]	lr: 1.545e-04, eta: 3:22:42, time: 2.754, data_time: 0.000, memory: 5243, top1_acc: 0.9994, top5_acc: 1.0000, loss_cls: 0.0126, loss: 0.0126
2026-08-24 11:48:02,128 - pyskl - INFO - Epoch [16][1200/5537]	lr: 1.476e-04, eta: 3:18:08, time: 2.758, data_time: 0.000, memory: 5243, top1_acc: 1.0000, top5_acc: 1.0000, loss_cls: 0.0127, loss: 0.0127
2026-08-24 11:52:37,856 - pyskl - INFO - Epoch [16][1300/5537]	lr: 1.409e-04, eta: 3:13:34, time: 2.757, data_time: 0.000, memory: 5243, top1_acc: 0.9997, top5_acc: 1.0000, loss_cls: 0.0132, loss: 0.0132
2026-08-24 11:57:13,670 - pyskl - INFO - Epoch [16][1400/5537]	lr: 1.343e-04, eta: 3:09:00, time: 2.758, data_time: 0.000, memory: 5243, top1_acc: 0.9994, top5_acc: 1.0000, loss_cls: 0.0134, loss: 0.0134
2026-08-24 12:01:49,144 - pyskl - INFO - Epoch [16][1500/5537]	lr: 1.279e-04, eta: 3:04:26, time: 2.755, data_time: 0.000, memory: 5243, top1_acc: 0.9997, top5_acc: 1.0000, loss_cls: 0.0127, loss: 0.0127
2026-08-24 12:06:24,474 - pyskl - INFO - Epoch [16][1600/5537]	lr: 1.217e-04, eta: 2:59:52, time: 2.753, data_time: 0.000, memory: 5243, top1_acc: 0.9991, top5_acc: 1.0000, loss_cls: 0.0135, loss: 0.0135
2026-08-24 12:11:00,258 - pyskl - INFO - Epoch [16][1700/5537]	lr: 1.156e-04, eta: 2:55:18, time: 2.758, data_time: 0.000, memory: 5243, top1_acc: 0.9997, top5_acc: 1.0000, loss_cls: 0.0126, loss: 0.0126
2026-08-24 12:15:35,724 - pyskl - INFO - Epoch [16][1800/5537]	lr: 1.097e-04, eta: 2:50:44, time: 2.755, data_time: 0.000, memory: 5243, top1_acc: 1.0000, top5_acc: 1.0000, loss_cls: 0.0119, loss: 0.0119
2026-08-24 12:20:11,773 - pyskl - INFO - Epoch [16][1900/5537]	lr: 1.039e-04, eta: 2:46:10, time: 2.760, data_time: 0.000, memory: 5243, top1_acc: 0.9981, top5_acc: 1.0000, loss_cls: 0.0144, loss: 0.0144
2026-08-24 12:24:47,999 - pyskl - INFO - Epoch [16][2000/5537]	lr: 9.825e-05, eta: 2:41:36, time: 2.762, data_time: 0.000, memory: 5243, top1_acc: 1.0000, top5_acc: 1.0000, loss_cls: 0.0132, loss: 0.0132
2026-08-24 12:29:24,529 - pyskl - INFO - Epoch [16][2100/5537]	lr: 9.278e-05, eta: 2:37:02, time: 2.765, data_time: 0.000, memory: 5243, top1_acc: 0.9988, top5_acc: 1.0000, loss_cls: 0.0139, loss: 0.0139
2026-08-24 12:34:00,729 - pyskl - INFO - Epoch [16][2200/5537]	lr: 8.747e-05, eta: 2:32:28, time: 2.762, data_time: 0.000, memory: 5243, top1_acc: 0.9997, top5_acc: 1.0000, loss_cls: 0.0133, loss: 0.0133
2026-08-24 12:38:36,695 - pyskl - INFO - Epoch [16][2300/5537]	lr: 8.231e-05, eta: 2:27:54, time: 2.760, data_time: 0.000, memory: 5243, top1_acc: 0.9994, top5_acc: 1.0000, loss_cls: 0.0127, loss: 0.0127
2026-08-24 12:43:12,948 - pyskl - INFO - Epoch [16][2400/5537]	lr: 7.731e-05, eta: 2:23:20, time: 2.763, data_time: 0.000, memory: 5243, top1_acc: 0.9994, top5_acc: 1.0000, loss_cls: 0.0130, loss: 0.0130
2026-08-24 12:47:49,177 - pyskl - INFO - Epoch [16][2500/5537]	lr: 7.247e-05, eta: 2:18:46, time: 2.762, data_time: 0.000, memory: 5243, top1_acc: 0.9991, top5_acc: 1.0000, loss_cls: 0.0121, loss: 0.0121
2026-08-24 12:52:25,879 - pyskl - INFO - Epoch [16][2600/5537]	lr: 6.778e-05, eta: 2:14:11, time: 2.767, data_time: 0.000, memory: 5243, top1_acc: 1.0000, top5_acc: 1.0000, loss_cls: 0.0132, loss: 0.0132
2026-08-24 12:57:02,888 - pyskl - INFO - Epoch [16][2700/5537]	lr: 6.325e-05, eta: 2:09:37, time: 2.770, data_time: 0.000, memory: 5243, top1_acc: 1.0000, top5_acc: 1.0000, loss_cls: 0.0118, loss: 0.0118
2026-08-24 13:01:38,832 - pyskl - INFO - Epoch [16][2800/5537]	lr: 5.887e-05, eta: 2:05:03, time: 2.759, data_time: 0.000, memory: 5243, top1_acc: 0.9991, top5_acc: 1.0000, loss_cls: 0.0145, loss: 0.0145
2026-08-24 13:06:14,561 - pyskl - INFO - Epoch [16][2900/5537]	lr: 5.465e-05, eta: 2:00:29, time: 2.757, data_time: 0.000, memory: 5243, top1_acc: 0.9991, top5_acc: 1.0000, loss_cls: 0.0133, loss: 0.0133
2026-08-24 13:10:49,956 - pyskl - INFO - Epoch [16][3000/5537]	lr: 5.059e-05, eta: 1:55:55, time: 2.754, data_time: 0.000, memory: 5243, top1_acc: 0.9997, top5_acc: 1.0000, loss_cls: 0.0128, loss: 0.0128
2026-08-24 13:15:25,399 - pyskl - INFO - Epoch [16][3100/5537]	lr: 4.669e-05, eta: 1:51:21, time: 2.754, data_time: 0.000, memory: 5243, top1_acc: 0.9991, top5_acc: 1.0000, loss_cls: 0.0145, loss: 0.0145
2026-08-24 13:20:00,826 - pyskl - INFO - Epoch [16][3200/5537]	lr: 4.294e-05, eta: 1:46:47, time: 2.754, data_time: 0.000, memory: 5243, top1_acc: 0.9997, top5_acc: 1.0000, loss_cls: 0.0118, loss: 0.0118
2026-08-24 13:24:36,769 - pyskl - INFO - Epoch [16][3300/5537]	lr: 3.934e-05, eta: 1:42:13, time: 2.759, data_time: 0.000, memory: 5243, top1_acc: 1.0000, top5_acc: 1.0000, loss_cls: 0.0111, loss: 0.0111
2026-08-24 13:29:12,692 - pyskl - INFO - Epoch [16][3400/5537]	lr: 3.591e-05, eta: 1:37:39, time: 2.759, data_time: 0.000, memory: 5243, top1_acc: 1.0000, top5_acc: 1.0000, loss_cls: 0.0133, loss: 0.0133
2026-08-24 13:33:48,283 - pyskl - INFO - Epoch [16][3500/5537]	lr: 3.263e-05, eta: 1:33:04, time: 2.756, data_time: 0.000, memory: 5243, top1_acc: 1.0000, top5_acc: 1.0000, loss_cls: 0.0110, loss: 0.0110
2026-08-24 13:38:24,083 - pyskl - INFO - Epoch [16][3600/5537]	lr: 2.951e-05, eta: 1:28:30, time: 2.758, data_time: 0.000, memory: 5243, top1_acc: 1.0000, top5_acc: 1.0000, loss_cls: 0.0127, loss: 0.0127
2026-08-24 13:43:00,156 - pyskl - INFO - Epoch [16][3700/5537]	lr: 2.654e-05, eta: 1:23:56, time: 2.761, data_time: 0.000, memory: 5243, top1_acc: 0.9994, top5_acc: 1.0000, loss_cls: 0.0124, loss: 0.0124
2026-08-24 13:47:36,036 - pyskl - INFO - Epoch [16][3800/5537]	lr: 2.373e-05, eta: 1:19:22, time: 2.759, data_time: 0.000, memory: 5243, top1_acc: 0.9997, top5_acc: 1.0000, loss_cls: 0.0137, loss: 0.0137
2026-08-24 13:52:13,489 - pyskl - INFO - Epoch [16][3900/5537]	lr: 2.108e-05, eta: 1:14:48, time: 2.775, data_time: 0.000, memory: 5243, top1_acc: 0.9994, top5_acc: 1.0000, loss_cls: 0.0120, loss: 0.0120
2026-08-24 13:56:48,937 - pyskl - INFO - Epoch [16][4000/5537]	lr: 1.859e-05, eta: 1:10:14, time: 2.754, data_time: 0.000, memory: 5243, top1_acc: 1.0000, top5_acc: 1.0000, loss_cls: 0.0123, loss: 0.0123
2026-08-24 14:01:24,354 - pyskl - INFO - Epoch [16][4100/5537]	lr: 1.625e-05, eta: 1:05:40, time: 2.754, data_time: 0.000, memory: 5243, top1_acc: 0.9997, top5_acc: 1.0000, loss_cls: 0.0117, loss: 0.0117
2026-08-24 14:06:01,125 - pyskl - INFO - Epoch [16][4200/5537]	lr: 1.407e-05, eta: 1:01:05, time: 2.768, data_time: 0.000, memory: 5243, top1_acc: 0.9997, top5_acc: 1.0000, loss_cls: 0.0132, loss: 0.0132
2026-08-24 14:10:38,178 - pyskl - INFO - Epoch [16][4300/5537]	lr: 1.204e-05, eta: 0:56:31, time: 2.771, data_time: 0.000, memory: 5243, top1_acc: 1.0000, top5_acc: 1.0000, loss_cls: 0.0126, loss: 0.0126
2026-08-24 14:15:15,326 - pyskl - INFO - Epoch [16][4400/5537]	lr: 1.018e-05, eta: 0:51:57, time: 2.771, data_time: 0.000, memory: 5243, top1_acc: 0.9991, top5_acc: 1.0000, loss_cls: 0.0125, loss: 0.0125
2026-08-24 14:19:52,644 - pyskl - INFO - Epoch [16][4500/5537]	lr: 8.467e-06, eta: 0:47:23, time: 2.773, data_time: 0.000, memory: 5243, top1_acc: 0.9991, top5_acc: 1.0000, loss_cls: 0.0135, loss: 0.0135
2026-08-24 14:24:29,720 - pyskl - INFO - Epoch [16][4600/5537]	lr: 6.914e-06, eta: 0:42:49, time: 2.771, data_time: 0.000, memory: 5243, top1_acc: 1.0000, top5_acc: 1.0000, loss_cls: 0.0113, loss: 0.0113
2026-08-24 14:29:06,729 - pyskl - INFO - Epoch [16][4700/5537]	lr: 5.519e-06, eta: 0:38:15, time: 2.770, data_time: 0.000, memory: 5243, top1_acc: 0.9988, top5_acc: 1.0000, loss_cls: 0.0133, loss: 0.0133
2026-08-24 14:33:43,705 - pyskl - INFO - Epoch [16][4800/5537]	lr: 4.280e-06, eta: 0:33:40, time: 2.770, data_time: 0.000, memory: 5243, top1_acc: 0.9994, top5_acc: 1.0000, loss_cls: 0.0135, loss: 0.0135
2026-08-24 14:38:19,984 - pyskl - INFO - Epoch [16][4900/5537]	lr: 3.199e-06, eta: 0:29:06, time: 2.763, data_time: 0.000, memory: 5243, top1_acc: 0.9988, top5_acc: 1.0000, loss_cls: 0.0129, loss: 0.0129
2026-08-24 14:42:56,718 - pyskl - INFO - Epoch [16][5000/5537]	lr: 2.275e-06, eta: 0:24:32, time: 2.767, data_time: 0.000, memory: 5243, top1_acc: 1.0000, top5_acc: 1.0000, loss_cls: 0.0140, loss: 0.0140
2026-08-24 14:47:33,460 - pyskl - INFO - Epoch [16][5100/5537]	lr: 1.508e-06, eta: 0:19:58, time: 2.767, data_time: 0.000, memory: 5243, top1_acc: 0.9997, top5_acc: 1.0000, loss_cls: 0.0127, loss: 0.0127
2026-08-24 14:52:10,128 - pyskl - INFO - Epoch [16][5200/5537]	lr: 8.979e-07, eta: 0:15:24, time: 2.767, data_time: 0.000, memory: 5243, top1_acc: 1.0000, top5_acc: 1.0000, loss_cls: 0.0124, loss: 0.0124
2026-08-24 14:56:47,128 - pyskl - INFO - Epoch [16][5300/5537]	lr: 4.452e-07, eta: 0:10:49, time: 2.770, data_time: 0.000, memory: 5243, top1_acc: 0.9997, top5_acc: 1.0000, loss_cls: 0.0125, loss: 0.0125
2026-08-24 15:01:23,404 - pyskl - INFO - Epoch [16][5400/5537]	lr: 1.497e-07, eta: 0:06:15, time: 2.763, data_time: 0.000, memory: 5243, top1_acc: 1.0000, top5_acc: 1.0000, loss_cls: 0.0119, loss: 0.0119
2026-08-24 15:05:59,399 - pyskl - INFO - Epoch [16][5500/5537]	lr: 1.135e-08, eta: 0:01:41, time: 2.760, data_time: 0.000, memory: 5243, top1_acc: 1.0000, top5_acc: 1.0000, loss_cls: 0.0121, loss: 0.0121
2026-08-24 15:07:41,252 - pyskl - INFO - Saving checkpoint at 16 epochs
2026-08-24 15:13:24,879 - pyskl - INFO - Evaluating top_k_accuracy ...
2026-08-24 15:13:24,890 - pyskl - INFO - 
top1_acc	0.8874
top5_acc	0.9805
2026-08-24 15:13:24,891 - pyskl - INFO - Epoch(val) [16][146]	top1_acc: 0.8874, top5_acc: 0.9805
2026-08-24 15:13:35,552 - pyskl - INFO - 4655 videos remain after valid thresholding
2026-08-24 15:13:35,553 - pyskl - INFO - load checkpoint from local path: ./work_dirs/aug_baseline/stgcnpp_j/train/A1_joint_missing\best_top1_acc_epoch_14.pth
2026-08-24 16:13:22,200 - pyskl - INFO - Testing results of the best checkpoint
2026-08-24 16:13:22,200 - pyskl - INFO - top1_acc: 0.8922
2026-08-24 16:13:22,200 - pyskl - INFO - top5_acc: 0.9811
